This is pdfTeX, Version 3.141592653-2.6-1.40.29 (MiKTeX 26.5) (preloaded format=pdflatex 2026.9.20)  26 SEP 2026 16:49
entering extended mode
 restricted \write18 enabled.
 %&-line parsing enabled.
**./main.tex
(main.tex
LaTeX2e <2026-06-01>
L3 programming layer <2026-08-10>
(psutex.cls
Document Class: psutex 2022/09/20 v1.2 PSUTeX: Portland State thesis class
(D:\MiKTeX\tex/latex/setspace\setspace.sty
Package: setspace 2022/12/04 v6.7b set line spacing
)
(D:\MiKTeX\tex/latex/base\ifthen.sty
Package: ifthen 2024/03/16 v1.1e Standard LaTeX ifthen package (DPC)
) (D:\MiKTeX\tex/latex/ulem\ulem.sty
\UL@box=\box53
\UL@hyphenbox=\box54
\UL@skip=\skip49
\UL@hook=\toks17
\UL@height=\dimen150
\UL@pe=\count276
\UL@pixel=\dimen151
\ULC@box=\box55
Package: ulem 2019/11/18
\ULdepth=\dimen152
)
(D:\MiKTeX\tex/latex/base\book.cls
Document Class: book 2025/01/22 v1.4n Standard LaTeX document class
(D:\MiKTeX\tex/latex/base\bk12.clo
File: bk12.clo 2025/01/22 v1.4n Standard LaTeX file (size option)
)
\c@part=\count277
\c@chapter=\count278
\c@section=\count279
\c@subsection=\count280
\c@subsubsection=\count281
\c@paragraph=\count282
\c@subparagraph=\count283
\c@figure=\count284
\c@table=\count285
\abovecaptionskip=\skip50
\belowcaptionskip=\skip51
\bibindent=\dimen153
))
(D:\MiKTeX\tex/latex/graphics\graphicx.sty
Package: graphicx 2026-05-17 v1.2e Enhanced LaTeX Graphics (DPC,SPQR)

(D:\MiKTeX\tex/latex/graphics\keyval.sty
Package: keyval 2026-05-17 v1.15 key=value parser (DPC)
\KV@toks@=\toks18
)
(D:\MiKTeX\tex/latex/graphics\graphics.sty
Package: graphics 2026-05-17 v1.4h Standard LaTeX Graphics (DPC,SPQR)

(D:\MiKTeX\tex/latex/graphics\trig.sty
Package: trig 2023/12/02 v1.11 sin cos tan (DPC)
)
(D:\MiKTeX\tex/latex/graphics-cfg\graphics.cfg
File: graphics.cfg 2016/06/04 v1.11 sample graphics configuration
)
Package graphics Info: Driver file: pdftex.def on input line 106.

(D:\MiKTeX\tex/latex/graphics-def\pdftex.def
File: pdftex.def 2025/09/29 v1.2d Graphics/color driver for pdftex
))
\Gin@req@height=\dimen154
\Gin@req@width=\dimen155
)
(D:\MiKTeX\tex/latex/graphics\rotating.sty
Package: rotating 2026-05-17 v2.16e rotated objects in LaTeX
\c@r@tfl@t=\count286
\rotFPtop=\skip52
\rotFPbot=\skip53
\rot@float@box=\box56
\rot@mess@toks=\toks19
)
(D:\MiKTeX\tex/latex/tablefootnote\tablefootnote.sty
Package: tablefootnote 2014/01/26 v1.1c Table foot notes (HMM)

(D:\MiKTeX\tex/generic/ltxcmds\ltxcmds.sty
Package: ltxcmds 2023-12-04 v1.26 LaTeX kernel commands for general use (HO)
)
(D:\MiKTeX\tex/latex/letltxmacro\letltxmacro.sty
Package: letltxmacro 2019/12/03 v1.6 Let assignment for LaTeX macros (HO)
)
(D:\MiKTeX\tex/latex/xifthen\xifthen.sty
Package: xifthen 2015/11/05 v1.4.0 Extended ifthen features
 (D:\MiKTeX\tex/latex/tools\calc.sty
Package: calc 2025/03/01 v4.3b Infix arithmetic (KKT,FJ)
\calc@Acount=\count287
\calc@Bcount=\count288
\calc@Adimen=\dimen156
\calc@Bdimen=\dimen157
\calc@Askip=\skip54
\calc@Bskip=\skip55
LaTeX Info: Redefining \setlength on input line 86.
LaTeX Info: Redefining \addtolength on input line 87.
\calc@Ccount=\count289
\calc@Cskip=\skip56
)
(D:\MiKTeX\tex/latex/ifmtarg\ifmtarg.sty
Package: ifmtarg 2018/04/16 v1.2b check for an empty argument
))
(D:\MiKTeX\tex/latex/etoolbox\etoolbox.sty
Package: etoolbox 2025/10/02 v2.5m e-TeX tools for LaTeX (JAW)
\etb@tempcnta=\count290
)) (D:\MiKTeX\tex/latex/url\url.sty
\Urlmuskip=\muskip17
Package: url 2013/09/16  ver 3.4  Verb mode for urls, etc.
)
(D:\MiKTeX\tex/latex/hyperref\hyperref.sty
Package: hyperref 2026-06-17 v7.01r Hypertext links for LaTeX

(D:\MiKTeX\tex/generic/iftex\iftex.sty
Package: iftex 2024/12/12 v1.0g TeX engine tests
)
(D:\MiKTeX\tex/latex/kvsetkeys\kvsetkeys.sty
Package: kvsetkeys 2022-10-05 v1.19 Key value parser (HO)
)
(D:\MiKTeX\tex/generic/kvdefinekeys\kvdefinekeys.sty
Package: kvdefinekeys 2019-12-19 v1.6 Define keys (HO)
)
(D:\MiKTeX\tex/generic/pdfescape\pdfescape.sty
Package: pdfescape 2019/12/09 v1.15 Implements pdfTeX's escape features (HO)

(D:\MiKTeX\tex/generic/pdftexcmds\pdftexcmds.sty
Package: pdftexcmds 2020-06-27 v0.33 Utility functions of pdfTeX for LuaTeX (HO
)

(D:\MiKTeX\tex/generic/infwarerr\infwarerr.sty
Package: infwarerr 2019/12/03 v1.5 Providing info/warning/error messages (HO)
)
Package pdftexcmds Info: \pdf@primitive is available.
Package pdftexcmds Info: \pdf@ifprimitive is available.
Package pdftexcmds Info: \pdfdraftmode found.
))
(D:\MiKTeX\tex/latex/hycolor\hycolor.sty
Package: hycolor 2020-01-27 v1.10 Color options for hyperref/bookmark (HO)
)
(D:\MiKTeX\tex/latex/hyperref\nameref.sty
Package: nameref 2026-01-29 v2.58 Cross-referencing by name of section

(D:\MiKTeX\tex/latex/refcount\refcount.sty
Package: refcount 2019/12/15 v3.6 Data extraction from label references (HO)
)
(D:\MiKTeX\tex/generic/gettitlestring\gettitlestring.sty
Package: gettitlestring 2019/12/15 v1.6 Cleanup title references (HO)

(D:\MiKTeX\tex/latex/kvoptions\kvoptions.sty
Package: kvoptions 2022-06-15 v3.15 Key value format for package options (HO)
))
\c@section@level=\count291
)
(D:\MiKTeX\tex/generic/stringenc\stringenc.sty
Package: stringenc 2019/11/29 v1.12 Convert strings between diff. encodings (HO
)
)
\@linkdim=\dimen158
\Hy@linkcounter=\count292
\Hy@pagecounter=\count293

(D:\MiKTeX\tex/latex/hyperref\pd1enc.def
File: pd1enc.def 2026-06-17 v7.01r Hyperref: PDFDocEncoding definition (HO)
Now handling font encoding PD1 ...
... no UTF-8 mapping file for font encoding PD1
)
(D:\MiKTeX\tex/generic/intcalc\intcalc.sty
Package: intcalc 2019/12/15 v1.3 Expandable calculations with integers (HO)
)
\Hy@SavedSpaceFactor=\count294

(D:\MiKTeX\tex/latex/hyperref\puenc.def
File: puenc.def 2026-06-17 v7.01r Hyperref: PDF Unicode definition (HO)
Now handling font encoding PU ...
... no UTF-8 mapping file for font encoding PU
)
Package hyperref Info: Hyper figures OFF on input line 4199.
Package hyperref Info: Link nesting OFF on input line 4204.
Package hyperref Info: Hyper index ON on input line 4207.
Package hyperref Info: Plain pages OFF on input line 4214.
Package hyperref Info: Backreferencing OFF on input line 4219.
Package hyperref Info: Implicit mode ON; LaTeX internals redefined.
Package hyperref Info: Bookmarks ON on input line 4466.
\c@Hy@tempcnt=\count295
LaTeX Info: Redefining \url on input line 4805.
\XeTeXLinkMargin=\dimen159

(D:\MiKTeX\tex/generic/bitset\bitset.sty
Package: bitset 2019/12/09 v1.3 Handle bit-vector datatype (HO)

(D:\MiKTeX\tex/generic/bigintcalc\bigintcalc.sty
Package: bigintcalc 2019/12/15 v1.5 Expandable calculations on big integers (HO
)
))
\Fld@menulength=\count296
\Field@Width=\dimen160
\Fld@charsize=\dimen161
Package hyperref Info: Hyper figures OFF on input line 6091.
Package hyperref Info: Link nesting OFF on input line 6096.
Package hyperref Info: Hyper index ON on input line 6099.
Package hyperref Info: backreferencing OFF on input line 6106.
Package hyperref Info: Link coloring OFF on input line 6111.
Package hyperref Info: Link coloring with OCG OFF on input line 6116.
Package hyperref Info: PDF/A mode OFF on input line 6121.
\Hy@abspage=\count297
\c@Item=\count298
\c@Hfootnote=\count299
)
Package hyperref Info: Driver (autodetected): hpdftex.

(D:\MiKTeX\tex/latex/hyperref\hpdftex.def
File: hpdftex.def 2026-06-17 v7.01r Hyperref driver for pdfTeX
\Fld@listcount=\count300
\c@bookmark@seq@number=\count301

(D:\MiKTeX\tex/latex/rerunfilecheck\rerunfilecheck.sty
Package: rerunfilecheck 2025-06-21 v1.11 Rerun checks for auxiliary files (HO)

(D:\MiKTeX\tex/generic/uniquecounter\uniquecounter.sty
Package: uniquecounter 2019/12/15 v1.4 Provide unlimited unique counter (HO)
)
Package uniquecounter Info: New unique counter `rerunfilecheck' on input line 2
84.
)
\Hy@SectionHShift=\skip57
)
(D:\MiKTeX\tex/latex/microtype\microtype.sty
Package: microtype 2026/03/01 v3.2d Micro-typographical refinements (RS)
\MT@toks=\toks20
\MT@tempbox=\box57
\MT@count=\count302
LaTeX Info: Redefining \noprotrusionifhmode on input line 1084.
LaTeX Info: Redefining \leftprotrusion on input line 1085.
\MT@prot@toks=\toks21
LaTeX Info: Redefining \rightprotrusion on input line 1104.
LaTeX Info: Redefining \textls on input line 1449.
\MT@outer@kern=\dimen162
LaTeX Info: Redefining \microtypecontext on input line 2053.
LaTeX Info: Redefining \textmicrotypecontext on input line 2070.
\MT@listname@count=\count303

(D:\MiKTeX\tex/latex/microtype\microtype-pdftex.def
File: microtype-pdftex.def 2026/03/01 v3.2d Definitions specific to pdftex (RS)

LaTeX Info: Redefining \lsstyle on input line 944.
LaTeX Info: Redefining \lslig on input line 944.
\MT@outer@space=\skip58
)
Package microtype Info: Loading configuration file microtype.cfg.

(D:\MiKTeX\tex/latex/microtype\microtype.cfg
File: microtype.cfg 2026/03/01 v3.2d microtype main configuration file (RS)
)
LaTeX Info: Redefining \microtypesetup on input line 3065.
)
(D:\MiKTeX\tex/latex/changepage\changepage.sty
Package: changepage 2009/10/20 v1.0c check page and change page layout
\c@cp@cntr=\count304
\cp@tempcnt=\count305
)
(D:\MiKTeX\tex/latex/placeins\placeins.sty
Package: placeins 2005/04/18  v 2.2
)
(D:\MiKTeX\tex/latex/epstopdf-pkg\epstopdf.sty
Package: epstopdf 2020-01-24 v2.11 Conversion with epstopdf on the fly (HO)

(D:\MiKTeX\tex/latex/grfext\grfext.sty
Package: grfext 2019/12/03 v1.3 Manage graphics extensions (HO)
)
(D:\MiKTeX\tex/latex/epstopdf-pkg\epstopdf-base.sty
Package: epstopdf-base 2020-01-24 v2.11 Base part for package epstopdf
Package epstopdf-base Info: Redefining graphics rule for `.eps' on input line 4
85.
Package grfext Info: Graphics extension search list:
(grfext)             [.pdf,.png,.jpg,.mps,.jpeg,.jbig2,.jb2,.PDF,.PNG,.JPG,.JPE
G,.JBIG2,.JB2,.eps]
(grfext)             \AppendGraphicsExtensions on input line 504.

(D:\MiKTeX\tex/latex/00miktex\epstopdf-sys.cfg
File: epstopdf-sys.cfg 2021/03/18 v2.0 Configuration of epstopdf for MiKTeX
)))
(D:\MiKTeX\tex/latex/lastpage\lastpage.sty
Package: lastpage 2025/08/14 v2.1h lastpage: 2.09 or 2e? (HMM)

(D:\MiKTeX\tex/latex/lastpage\lastpage2e.sty
Package: lastpage2e 2025/08/14 v2.1h Decide which 2e lastpage version to use (H
MM)

(D:\MiKTeX\tex/latex/lastpage\lastpagemodern.sty
Package: lastpagemodern 2025-08-14 v2.1h Refers to last page's name (HMM; JPG)
\c@lastpagecount=\count306
) 
)) (D:\MiKTeX\tex/latex/float\float.sty
Package: float 2001/11/08 v1.3d Float enhancements (AL)
\c@float@type=\count307
\float@exts=\toks22
\float@box=\box58
\@float@everytoks=\toks23
\@floatcapt=\box59
)
(D:\MiKTeX\tex/latex/amsmath\amsmath.sty
Package: amsmath 2026/05/19 v2.18d AMS math features
\@mathmargin=\skip59

For additional information on amsmath, use the `?' option.
(D:\MiKTeX\tex/latex/amsmath\amstext.sty
Package: amstext 2024/11/17 v2.01 AMS text

(D:\MiKTeX\tex/latex/amsmath\amsgen.sty
File: amsgen.sty 1999/11/30 v2.0 generic functions
\@emptytoks=\toks24
\ex@=\dimen163
))
(D:\MiKTeX\tex/latex/amsmath\amsbsy.sty
Package: amsbsy 1999/11/29 v1.2d Bold Symbols
\pmbraise@=\dimen164
)
(D:\MiKTeX\tex/latex/amsmath\amsopn.sty
Package: amsopn 2022/04/08 v2.04 operator names
)
\inf@bad=\count308
LaTeX Info: Redefining \frac on input line 233.
\uproot@=\count309
\leftroot@=\count310
LaTeX Info: Redefining \overline on input line 398.
LaTeX Info: Redefining \colon on input line 409.
\classnum@=\count311
\DOTSCASE@=\count312
LaTeX Info: Redefining \ldots on input line 495.
LaTeX Info: Redefining \dots on input line 498.
LaTeX Info: Redefining \cdots on input line 619.
\Mathstrutbox@=\box60
\strutbox@=\box61
LaTeX Info: Redefining \big on input line 721.
LaTeX Info: Redefining \Big on input line 722.
LaTeX Info: Redefining \bigg on input line 723.
LaTeX Info: Redefining \Bigg on input line 724.
\big@size=\dimen165
LaTeX Font Info:    Redeclaring font encoding OML on input line 742.
LaTeX Font Info:    Redeclaring font encoding OMS on input line 743.
\macc@depth=\count313
LaTeX Info: Redefining \bmod on input line 904.
LaTeX Info: Redefining \pmod on input line 909.
LaTeX Info: Redefining \smash on input line 939.
LaTeX Info: Redefining \relbar on input line 969.
LaTeX Info: Redefining \Relbar on input line 970.
\c@MaxMatrixCols=\count314
\dotsspace@=\muskip18
\c@parentequation=\count315
\dspbrk@lvl=\count316
\tag@help=\toks25
\row@=\count317
\column@=\count318
\maxfields@=\count319
\andhelp@=\toks26
\eqnshift@=\dimen166
\alignsep@=\dimen167
\tagshift@=\dimen168
\tagwidth@=\dimen169
\totwidth@=\dimen170
\lineht@=\dimen171
\@envbody=\toks27
\multlinegap=\skip60
\multlinetaggap=\skip61
\mathdisplay@stack=\toks28
LaTeX Info: Redefining \[ on input line 2965.
LaTeX Info: Redefining \] on input line 2966.
) (D:\MiKTeX\tex/latex/tools\bm.sty
Package: bm 2025/10/21 v1.2g Bold Symbol Support (DPC/FMi)
\symboldoperators=\mathgroup4
\symboldletters=\mathgroup5
\symboldsymbols=\mathgroup6
Package bm Info: No bold for \OMX/cmex/m/n, using \pmb.
LaTeX Font Info:    Redeclaring math alphabet \mathbf on input line 149.
)
(D:\MiKTeX\tex/latex/amsfonts\amssymb.sty
Package: amssymb 2013/01/14 v3.01 AMS font symbols

(D:\MiKTeX\tex/latex/amsfonts\amsfonts.sty
Package: amsfonts 2013/01/14 v3.01 Basic AMSFonts support
\symAMSa=\mathgroup7
\symAMSb=\mathgroup8
LaTeX Font Info:    Redeclaring math symbol \hbar on input line 98.
LaTeX Font Info:    Overwriting math alphabet `\mathfrak' in version `bold'
(Font)                  U/euf/m/n --> U/euf/b/n on input line 106.
))
(D:\MiKTeX\tex/latex/mathabx\mathabx.sty
Package: mathabx 2003/07/29 v0.0 Non-standard LaTeX package mathabx
\symmatha=\mathgroup9
\symmathb=\mathgroup10
\symmathx=\mathgroup11

(D:\MiKTeX\tex/generic/mathabx\mathabx.dcl
LaTeX Font Info:    Redeclaring math symbol \cdotp on input line 25.
LaTeX Font Info:    Redeclaring math symbol \times on input line 33.
LaTeX Font Info:    Redeclaring math symbol \div on input line 34.
LaTeX Font Info:    Redeclaring math symbol \cdot on input line 35.
LaTeX Font Info:    Redeclaring math symbol \circ on input line 36.
LaTeX Font Info:    Redeclaring math symbol \ast on input line 38.
LaTeX Font Info:    Redeclaring math symbol \pm on input line 41.
LaTeX Font Info:    Redeclaring math symbol \mp on input line 42.
LaTeX Font Info:    Redeclaring math symbol \ltimes on input line 43.
LaTeX Font Info:    Redeclaring math symbol \rtimes on input line 44.
LaTeX Font Info:    Redeclaring math symbol \diamond on input line 45.
LaTeX Font Info:    Redeclaring math symbol \bullet on input line 46.
LaTeX Font Info:    Redeclaring math symbol \star on input line 47.
LaTeX Font Info:    Redeclaring math symbol \amalg on input line 51.
LaTeX Font Info:    Redeclaring math symbol \dotplus on input line 58.
LaTeX Font Info:    Redeclaring math symbol \square on input line 63.
LaTeX Font Info:    Redeclaring math symbol \divideontimes on input line 71.
LaTeX Font Info:    Redeclaring math symbol \bigstar on input line 75.
LaTeX Font Info:    Redeclaring math symbol \equiv on input line 83.
LaTeX Font Info:    Redeclaring math symbol \sim on input line 84.
LaTeX Font Info:    Redeclaring math symbol \approx on input line 85.
LaTeX Font Info:    Redeclaring math symbol \simeq on input line 86.
LaTeX Font Info:    Redeclaring math symbol \asymp on input line 89.
LaTeX Font Info:    Redeclaring math symbol \nsim on input line 97.
LaTeX Font Info:    Redeclaring math symbol \ncong on input line 100.
LaTeX Font Info:    Redeclaring math symbol \risingdotseq on input line 118.
LaTeX Font Info:    Redeclaring math symbol \fallingdotseq on input line 119.
LaTeX Font Info:    Redeclaring math symbol \circeq on input line 125.
LaTeX Font Info:    Redeclaring math symbol \eqcirc on input line 126.
LaTeX Font Info:    Redeclaring math symbol \triangleq on input line 127.
LaTeX Font Info:    Redeclaring math symbol \neg on input line 134.
LaTeX Font Info:    Redeclaring math symbol \ll on input line 136.
LaTeX Font Info:    Redeclaring math symbol \gg on input line 137.
LaTeX Font Info:    Redeclaring math symbol \vdash on input line 139.
LaTeX Font Info:    Redeclaring math symbol \dashv on input line 140.
LaTeX Font Info:    Redeclaring math symbol \nvdash on input line 141.
LaTeX Font Info:    Redeclaring math symbol \vDash on input line 143.
LaTeX Font Info:    Redeclaring math symbol \nvDash on input line 145.
LaTeX Font Info:    Redeclaring math symbol \Vdash on input line 147.
LaTeX Font Info:    Redeclaring math symbol \nVdash on input line 149.
LaTeX Font Info:    Redeclaring math symbol \flat on input line 158.
LaTeX Font Info:    Redeclaring math symbol \natural on input line 159.
LaTeX Font Info:    Redeclaring math symbol \sharp on input line 160.
LaTeX Font Info:    Redeclaring math symbol \infty on input line 161.
LaTeX Font Info:    Redeclaring math symbol \propto on input line 162.
LaTeX Font Info:    Redeclaring math symbol \dagger on input line 163.
LaTeX Font Info:    Redeclaring math symbol \ddagger on input line 164.
LaTeX Font Info:    Redeclaring math symbol \between on input line 170.
LaTeX Font Info:    Redeclaring math symbol \smile on input line 171.
LaTeX Font Info:    Redeclaring math symbol \frown on input line 172.
LaTeX Font Info:    Redeclaring math symbol \leftthreetimes on input line 174.
LaTeX Font Info:    Redeclaring math symbol \rightthreetimes on input line 175.

LaTeX Font Info:    Redeclaring math symbol \pitchfork on input line 176.
LaTeX Font Info:    Redeclaring math symbol \nVDash on input line 182.
LaTeX Font Info:    Redeclaring math symbol \Vvdash on input line 184.
LaTeX Font Info:    Redeclaring math symbol \therefore on input line 189.
LaTeX Font Info:    Redeclaring math symbol \because on input line 190.
LaTeX Font Info:    Redeclaring math accent \dot on input line 193.
LaTeX Font Info:    Redeclaring math accent \ddot on input line 195.
LaTeX Font Info:    Redeclaring math symbol \measuredangle on input line 202.
LaTeX Font Info:    Redeclaring math symbol \sphericalangle on input line 203.
LaTeX Font Info:    Redeclaring math symbol \setminus on input line 218.
LaTeX Font Info:    Redeclaring math symbol \mid on input line 222.
LaTeX Font Info:    Redeclaring math symbol \forall on input line 279.
LaTeX Font Info:    Redeclaring math symbol \complement on input line 280.
LaTeX Font Info:    Redeclaring math symbol \partial on input line 281.
LaTeX Font Info:    Redeclaring math symbol \exists on input line 284.
LaTeX Font Info:    Redeclaring math symbol \nexists on input line 285.
LaTeX Font Info:    Redeclaring math symbol \Finv on input line 286.
LaTeX Font Info:    Redeclaring math symbol \Game on input line 287.
LaTeX Font Info:    Redeclaring math symbol \emptyset on input line 288.
LaTeX Font Info:    Redeclaring math symbol \top on input line 290.
LaTeX Font Info:    Redeclaring math symbol \bot on input line 291.
LaTeX Font Info:    Redeclaring math symbol \perp on input line 292.
LaTeX Font Info:    Redeclaring math symbol \curlywedge on input line 296.
LaTeX Font Info:    Redeclaring math symbol \curlyvee on input line 297.
LaTeX Font Info:    Redeclaring math symbol \in on input line 299.
LaTeX Font Info:    Redeclaring math symbol \owns on input line 300.
LaTeX Font Info:    Redeclaring math symbol \cap on input line 312.
LaTeX Font Info:    Redeclaring math symbol \cup on input line 313.
LaTeX Font Info:    Redeclaring math symbol \uplus on input line 314.
LaTeX Font Info:    Redeclaring math symbol \sqcap on input line 315.
LaTeX Font Info:    Redeclaring math symbol \sqcup on input line 316.
LaTeX Font Info:    Redeclaring math symbol \wedge on input line 318.
LaTeX Font Info:    Redeclaring math symbol \vee on input line 320.
LaTeX Font Info:    Redeclaring math symbol \barwedge on input line 327.
LaTeX Font Info:    Redeclaring math symbol \veebar on input line 328.
LaTeX Font Info:    Redeclaring math symbol \doublebarwedge on input line 329.
LaTeX Font Info:    Redeclaring math symbol \doublecap on input line 331.
LaTeX Font Info:    Redeclaring math symbol \doublecup on input line 333.
LaTeX Font Info:    Redeclaring math symbol \subset on input line 344.
LaTeX Font Info:    Redeclaring math symbol \supset on input line 345.
LaTeX Font Info:    Redeclaring math symbol \subseteq on input line 348.
LaTeX Font Info:    Redeclaring math symbol \supseteq on input line 349.
LaTeX Font Info:    Redeclaring math symbol \nsubseteq on input line 350.
LaTeX Font Info:    Redeclaring math symbol \nsupseteq on input line 351.
LaTeX Font Info:    Redeclaring math symbol \subsetneq on input line 352.
LaTeX Font Info:    Redeclaring math symbol \supsetneq on input line 353.
LaTeX Font Info:    Redeclaring math symbol \varsubsetneq on input line 354.
LaTeX Font Info:    Redeclaring math symbol \varsupsetneq on input line 355.
LaTeX Font Info:    Redeclaring math symbol \subseteqq on input line 357.
LaTeX Font Info:    Redeclaring math symbol \supseteqq on input line 358.
LaTeX Font Info:    Redeclaring math symbol \nsubseteqq on input line 359.
LaTeX Font Info:    Redeclaring math symbol \nsupseteqq on input line 360.
LaTeX Font Info:    Redeclaring math symbol \subsetneqq on input line 361.
LaTeX Font Info:    Redeclaring math symbol \supsetneqq on input line 362.
LaTeX Font Info:    Redeclaring math symbol \varsubsetneqq on input line 363.
LaTeX Font Info:    Redeclaring math symbol \varsupsetneqq on input line 364.
LaTeX Font Info:    Redeclaring math symbol \Subset on input line 366.
LaTeX Font Info:    Redeclaring math symbol \Supset on input line 367.
LaTeX Font Info:    Redeclaring math symbol \sqsubseteq on input line 380.
LaTeX Font Info:    Redeclaring math symbol \sqsupseteq on input line 381.
LaTeX Font Info:    Redeclaring math symbol \triangleleft on input line 407.
LaTeX Font Info:    Redeclaring math symbol \vartriangleleft on input line 408.

LaTeX Font Info:    Redeclaring math symbol \triangleright on input line 409.
LaTeX Font Info:    Redeclaring math symbol \vartriangleright on input line 410
.
LaTeX Font Info:    Redeclaring math symbol \ntriangleleft on input line 411.
LaTeX Font Info:    Redeclaring math symbol \ntriangleright on input line 412.
LaTeX Font Info:    Redeclaring math symbol \trianglelefteq on input line 413.
LaTeX Font Info:    Redeclaring math symbol \trianglerighteq on input line 414.

LaTeX Font Info:    Redeclaring math symbol \ntrianglelefteq on input line 415.

LaTeX Font Info:    Redeclaring math symbol \ntrianglerighteq on input line 416
.
LaTeX Font Info:    Redeclaring math symbol \blacktriangledown on input line 42
7.
LaTeX Font Info:    Redeclaring math symbol \blacktriangleleft on input line 42
8.
LaTeX Font Info:    Redeclaring math symbol \blacktriangleright on input line 4
29.
LaTeX Font Info:    Redeclaring math symbol \nless on input line 437.
LaTeX Font Info:    Redeclaring math symbol \ngtr on input line 438.
LaTeX Font Info:    Redeclaring math symbol \leq on input line 439.
LaTeX Font Info:    Redeclaring math symbol \geq on input line 441.
LaTeX Font Info:    Redeclaring math symbol \nleq on input line 443.
LaTeX Font Info:    Redeclaring math symbol \ngeq on input line 445.
LaTeX Font Info:    Redeclaring math symbol \lneq on input line 451.
LaTeX Font Info:    Redeclaring math symbol \gneq on input line 452.
LaTeX Font Info:    Redeclaring math symbol \leqq on input line 453.
LaTeX Font Info:    Redeclaring math symbol \geqq on input line 454.
LaTeX Font Info:    Redeclaring math symbol \nleqq on input line 455.
LaTeX Font Info:    Redeclaring math symbol \ngeqq on input line 456.
LaTeX Font Info:    Redeclaring math symbol \lneqq on input line 457.
LaTeX Font Info:    Redeclaring math symbol \gneqq on input line 458.
LaTeX Font Info:    Redeclaring math symbol \lvertneqq on input line 459.
LaTeX Font Info:    Redeclaring math symbol \gvertneqq on input line 460.
LaTeX Font Info:    Redeclaring math symbol \eqslantless on input line 461.
LaTeX Font Info:    Redeclaring math symbol \eqslantgtr on input line 462.
LaTeX Font Info:    Redeclaring math symbol \lessgtr on input line 465.
LaTeX Font Info:    Redeclaring math symbol \gtrless on input line 466.
LaTeX Font Info:    Redeclaring math symbol \lesseqgtr on input line 467.
LaTeX Font Info:    Redeclaring math symbol \gtreqless on input line 468.
LaTeX Font Info:    Redeclaring math symbol \lesseqqgtr on input line 469.
LaTeX Font Info:    Redeclaring math symbol \gtreqqless on input line 470.
LaTeX Font Info:    Redeclaring math symbol \lesssim on input line 472.
LaTeX Font Info:    Redeclaring math symbol \gtrsim on input line 473.
LaTeX Font Info:    Redeclaring math symbol \lnsim on input line 476.
LaTeX Font Info:    Redeclaring math symbol \gnsim on input line 477.
LaTeX Font Info:    Redeclaring math symbol \lessapprox on input line 478.
LaTeX Font Info:    Redeclaring math symbol \gtrapprox on input line 479.
LaTeX Font Info:    Redeclaring math symbol \lnapprox on input line 482.
LaTeX Font Info:    Redeclaring math symbol \gnapprox on input line 483.
LaTeX Font Info:    Redeclaring math symbol \lessdot on input line 485.
LaTeX Font Info:    Redeclaring math symbol \gtrdot on input line 486.
LaTeX Font Info:    Redeclaring math symbol \lll on input line 488.
LaTeX Font Info:    Redeclaring math symbol \ggg on input line 489.
LaTeX Font Info:    Redeclaring math symbol \prec on input line 498.
LaTeX Font Info:    Redeclaring math symbol \succ on input line 499.
LaTeX Font Info:    Redeclaring math symbol \nprec on input line 500.
LaTeX Font Info:    Redeclaring math symbol \nsucc on input line 501.
LaTeX Font Info:    Redeclaring math symbol \preccurlyeq on input line 502.
LaTeX Font Info:    Redeclaring math symbol \succcurlyeq on input line 503.
LaTeX Font Info:    Redeclaring math symbol \preceq on input line 506.
LaTeX Font Info:    Redeclaring math symbol \succeq on input line 507.
LaTeX Font Info:    Redeclaring math symbol \npreceq on input line 508.
LaTeX Font Info:    Redeclaring math symbol \nsucceq on input line 509.
LaTeX Font Info:    Redeclaring math symbol \curlyeqprec on input line 512.
LaTeX Font Info:    Redeclaring math symbol \curlyeqsucc on input line 513.
LaTeX Font Info:    Redeclaring math symbol \precsim on input line 517.
LaTeX Font Info:    Redeclaring math symbol \succsim on input line 518.
LaTeX Font Info:    Redeclaring math symbol \precnsim on input line 521.
LaTeX Font Info:    Redeclaring math symbol \succnsim on input line 522.
LaTeX Font Info:    Redeclaring math symbol \precapprox on input line 523.
LaTeX Font Info:    Redeclaring math symbol \succapprox on input line 524.
LaTeX Font Info:    Redeclaring math symbol \precnapprox on input line 527.
LaTeX Font Info:    Redeclaring math symbol \succnapprox on input line 528.
LaTeX Font Info:    Redeclaring math symbol \leftarrow on input line 540.
LaTeX Font Info:    Redeclaring math symbol \rightarrow on input line 542.
LaTeX Font Info:    Redeclaring math symbol \nwarrow on input line 546.
LaTeX Font Info:    Redeclaring math symbol \nearrow on input line 547.
LaTeX Font Info:    Redeclaring math symbol \swarrow on input line 548.
LaTeX Font Info:    Redeclaring math symbol \searrow on input line 549.
LaTeX Font Info:    Redeclaring math symbol \leftrightarrow on input line 550.
LaTeX Font Info:    Redeclaring math symbol \nleftarrow on input line 552.
LaTeX Font Info:    Redeclaring math symbol \nrightarrow on input line 553.
LaTeX Font Info:    Redeclaring math symbol \nleftrightarrow on input line 554.

LaTeX Font Info:    Redeclaring math symbol \mapstochar on input line 557.
LaTeX Font Info:    Redeclaring math symbol \leftharpoonup on input line 560.
LaTeX Font Info:    Redeclaring math symbol \rightharpoonup on input line 561.
LaTeX Font Info:    Redeclaring math symbol \leftharpoondown on input line 562.

LaTeX Font Info:    Redeclaring math symbol \rightharpoondown on input line 563
.
LaTeX Font Info:    Redeclaring math symbol \upharpoonleft on input line 564.
LaTeX Font Info:    Redeclaring math symbol \downharpoonleft on input line 565.

LaTeX Font Info:    Redeclaring math symbol \upharpoonright on input line 566.
LaTeX Font Info:    Redeclaring math symbol \restriction on input line 567.
LaTeX Font Info:    Redeclaring math symbol \downharpoonright on input line 568
.
LaTeX Font Info:    Redeclaring math symbol \leftrightharpoons on input line 56
9.
LaTeX Font Info:    Redeclaring math symbol \Leftarrow on input line 575.
LaTeX Font Info:    Redeclaring math symbol \Rightarrow on input line 576.
LaTeX Font Info:    Redeclaring math symbol \Leftrightarrow on input line 579.
LaTeX Font Info:    Redeclaring math symbol \nLeftarrow on input line 581.
LaTeX Font Info:    Redeclaring math symbol \nRightarrow on input line 582.
LaTeX Font Info:    Redeclaring math symbol \nLeftrightarrow on input line 583.

LaTeX Font Info:    Redeclaring math symbol \leftleftarrows on input line 593.
LaTeX Font Info:    Redeclaring math symbol \rightrightarrows on input line 594
.
LaTeX Font Info:    Redeclaring math symbol \upuparrows on input line 595.
LaTeX Font Info:    Redeclaring math symbol \downdownarrows on input line 596.
LaTeX Font Info:    Redeclaring math symbol \leftrightarrows on input line 597.

LaTeX Font Info:    Redeclaring math symbol \rightleftarrows on input line 598.

LaTeX Font Info:    Redeclaring math symbol \rhook on input line 612.
LaTeX Font Info:    Redeclaring math symbol \lhook on input line 613.
LaTeX Font Info:    Redeclaring math symbol \diagup on input line 614.
LaTeX Font Info:    Redeclaring math symbol \diagdown on input line 615.
LaTeX Font Info:    Redeclaring math symbol \Lsh on input line 617.
LaTeX Font Info:    Redeclaring math symbol \Rsh on input line 619.
LaTeX Font Info:    Redeclaring math symbol \looparrowleft on input line 624.
LaTeX Font Info:    Redeclaring math symbol \looparrowright on input line 626.
LaTeX Font Info:    Redeclaring math symbol \curvearrowleft on input line 631.
LaTeX Font Info:    Redeclaring math symbol \curvearrowright on input line 633.

LaTeX Font Info:    Redeclaring math symbol \circlearrowleft on input line 641.

LaTeX Font Info:    Redeclaring math symbol \circlearrowright on input line 642
.
LaTeX Font Info:    Redeclaring math symbol \rightsquigarrow on input line 645.

LaTeX Font Info:    Redeclaring math symbol \leftrightsquigarrow on input line 
646.
LaTeX Font Info:    Redeclaring math symbol \oplus on input line 658.
LaTeX Font Info:    Redeclaring math symbol \ominus on input line 659.
LaTeX Font Info:    Redeclaring math symbol \otimes on input line 661.
LaTeX Font Info:    Redeclaring math symbol \odot on input line 663.
LaTeX Font Info:    Redeclaring math symbol \oslash on input line 675.
LaTeX Font Info:    Redeclaring math symbol \boxplus on input line 683.
LaTeX Font Info:    Redeclaring math symbol \boxminus on input line 684.
LaTeX Font Info:    Redeclaring math symbol \boxtimes on input line 686.
LaTeX Font Info:    Redeclaring math symbol \boxdot on input line 688.
\mayacnter=\count320
\mayacnta=\count321
\mayacntb=\count322
\mayacntc=\count323
\mayawidth=\dimen172
LaTeX Font Info:    Redeclaring math symbol \intop on input line 753.
LaTeX Font Info:    Redeclaring math symbol \ointop on input line 760.
LaTeX Font Info:    Redeclaring math delimiter \lbrace on input line 842.
LaTeX Info: Redefining \{ on input line 846.
LaTeX Font Info:    Redeclaring math delimiter \rbrace on input line 848.
LaTeX Info: Redefining \} on input line 852.
LaTeX Font Info:    Redeclaring math delimiter \langle on input line 858.
LaTeX Font Info:    Redeclaring math delimiter \rangle on input line 859.
LaTeX Font Info:    Redeclaring math delimiter \vert on input line 863.
LaTeX Font Info:    Redeclaring math delimiter \Vert on input line 865.
LaTeX Font Info:    Redeclaring math delimiter \uparrow on input line 868.
LaTeX Font Info:    Redeclaring math delimiter \downarrow on input line 869.
LaTeX Font Info:    Redeclaring math delimiter \updownarrow on input line 870.
LaTeX Font Info:    Redeclaring math delimiter \Uparrow on input line 871.
LaTeX Font Info:    Redeclaring math delimiter \Downarrow on input line 872.
LaTeX Font Info:    Redeclaring math delimiter \Updownarrow on input line 873.
LaTeX Font Info:    Redeclaring math delimiter \lgroup on input line 880.
LaTeX Font Info:    Redeclaring math delimiter \rgroup on input line 881.
LaTeX Font Info:    Redeclaring math delimiter \lceil on input line 882.
LaTeX Font Info:    Redeclaring math delimiter \rceil on input line 883.
LaTeX Font Info:    Redeclaring math delimiter \lfloor on input line 884.
LaTeX Font Info:    Redeclaring math delimiter \rfloor on input line 885.
LaTeX Font Info:    Redeclaring math symbol \braceld on input line 903.
LaTeX Font Info:    Redeclaring math symbol \bracerd on input line 905.
LaTeX Font Info:    Redeclaring math symbol \bracelu on input line 907.
LaTeX Font Info:    Redeclaring math symbol \braceru on input line 909.
LaTeX Font Info:    Redeclaring math accent \widehat on input line 944.
LaTeX Font Info:    Redeclaring math accent \widetilde on input line 946.
))
(D:\MiKTeX\tex/latex/lineno\lineno.sty
Package: lineno 2026/03/08 line numbers on paragraphs v5.9
\linenopenalty=\count324
\output=\toks29
\linenoprevgraf=\count325
\linenumbersep=\dimen173
\linenumberwidth=\dimen174
\c@linenumber=\count326
\c@pagewiselinenumber=\count327
\c@LN@truepage=\count328
\c@internallinenumber=\count329
\c@internallinenumbers=\count330
\quotelinenumbersep=\dimen175
\bframerule=\dimen176
\bframesep=\dimen177
\bframebox=\box62
\@LN@amsmath@ams@eqpen=\count331
)
(D:\MiKTeX\tex/latex/enumitem\enumitem.sty
Package: enumitem 2025/02/06 v3.11 Customized lists
\labelindent=\skip62
\enit@outerparindent=\dimen178
\enit@toks=\toks30
\enit@inbox=\box63
\enit@count@id=\count332
\enitdp@description=\count333
)
(D:\MiKTeX\tex/latex/psnfss\mathpazo.sty
Package: mathpazo 2020/03/25 PSNFSS-v9.3 Palatino w/ Pazo Math (D.Puga, WaS) 
\symupright=\mathgroup12
)
(D:\MiKTeX\tex/latex/booktabs\booktabs.sty
Package: booktabs 2020/01/12 v1.61803398 Publication quality tables
\heavyrulewidth=\dimen179
\lightrulewidth=\dimen180
\cmidrulewidth=\dimen181
\belowrulesep=\dimen182
\belowbottomsep=\dimen183
\aboverulesep=\dimen184
\abovetopsep=\dimen185
\cmidrulesep=\dimen186
\cmidrulekern=\dimen187
\defaultaddspace=\dimen188
\@cmidla=\count334
\@cmidlb=\count335
\@aboverulesep=\dimen189
\@belowrulesep=\dimen190
\@thisruleclass=\count336
\@lastruleclass=\count337
\@thisrulewidth=\dimen191
)
(D:\MiKTeX\tex/latex/titlesec\titlesec.sty
Package: titlesec 2025/01/04 v2.17 Sectioning titles
\ttl@box=\box64
\beforetitleunit=\skip63
\aftertitleunit=\skip64
\ttl@plus=\dimen192
\ttl@minus=\dimen193
\ttl@toksa=\toks31
\titlewidth=\dimen194
\titlewidthlast=\dimen195
\titlewidthfirst=\dimen196
)
(D:\MiKTeX\tex/latex/xcolor\xcolor.sty
Package: xcolor 2024/09/29 v3.02 LaTeX color extensions (UK)

(D:\MiKTeX\tex/latex/graphics-cfg\color.cfg
File: color.cfg 2016/01/02 v1.6 sample color configuration
)
Package xcolor Info: Driver file: pdftex.def on input line 274.

(D:\MiKTeX\tex/latex/graphics\mathcolor.ltx)
Package xcolor Info: Model `cmy' substituted by `cmy0' on input line 1349.
Package xcolor Info: Model `hsb' substituted by `rgb' on input line 1353.
Package xcolor Info: Model `RGB' extended on input line 1365.
Package xcolor Info: Model `HTML' substituted by `rgb' on input line 1367.
Package xcolor Info: Model `Hsb' substituted by `hsb' on input line 1368.
Package xcolor Info: Model `tHsb' substituted by `hsb' on input line 1369.
Package xcolor Info: Model `HSB' substituted by `hsb' on input line 1370.
Package xcolor Info: Model `Gray' substituted by `gray' on input line 1371.
Package xcolor Info: Model `wave' substituted by `hsb' on input line 1372.
)
(D:\MiKTeX\tex/latex/colortbl\colortbl.sty
Package: colortbl 2026/05/01 v1.0l Color table columns (DPC)
 (D:\MiKTeX\tex/latex/tools\array.sty
Package: array 2026/02/24 v2.7b Tabular extension package (FMi)
\col@sep=\dimen197
\ar@mcellbox=\box65
\extrarowheight=\dimen198
\NC@list=\toks32
\extratabsurround=\skip65
\backup@length=\skip66
\ar@cellbox=\box66
)
new hooks used!!
\minrowclearance=\skip67
\rownum=\count338
) (D:\MiKTeX\tex/generic/soul\soul.sty
Package: soul 2026-03-06 v3.2 Permit use of UTF-8 characters in soul (HO)
 (D:\MiKTeX\tex/generic/soul\soul-ori.sty
Package: soul-ori 2026-03-06 v3.2 letterspacing/underlining (mf)
\SOUL@word=\toks33
\SOUL@lasttoken=\toks34
\SOUL@syllable=\toks35
\SOUL@cmds=\toks36
\SOUL@buffer=\toks37
\SOUL@token=\toks38
\SOUL@syllgoal=\dimen199
\SOUL@syllwidth=\dimen256
\SOUL@charkern=\dimen257
\SOUL@hyphkern=\dimen258
\SOUL@dimen=\dimen259
\SOUL@dimeni=\dimen260
\SOUL@minus=\count339
\SOUL@comma=\count340
\SOUL@apo=\count341
\SOUL@grave=\count342
\SOUL@spaceskip=\skip68
\SOUL@ttwidth=\dimen261
\SOUL@uldp=\dimen262
\SOUL@ulht=\dimen263
) (D:\MiKTeX\tex/generic/etexcmds\etexcmds.sty
Package: etexcmds 2019/12/15 v1.7 Avoid name clashes with e-TeX commands (HO)
))
(D:\MiKTeX\tex/latex/mdframed\mdframed.sty
Package: mdframed 2013/07/01 1.9b: mdframed

(D:\MiKTeX\tex/latex/l3packages/xparse\xparse.sty
(D:\MiKTeX\tex/latex/l3kernel\expl3.sty
Package: expl3 2026-08-10 L3 programming layer (loader) 

(D:\MiKTeX\tex/latex/l3kernel\l3backend-pdftex.def
File: l3backend-pdftex.def 2026-08-10 L3 backend support: PDF output (pdfTeX)
\l__color_backend_stack_int=\count343
))
Package: xparse 2025-10-09 L3 Experimental document command parser
)
(D:\MiKTeX\tex/latex/zref\zref-abspage.sty
Package: zref-abspage 2026-03-07 v2.37 Module abspage for zref (HO)

(D:\MiKTeX\tex/latex/zref\zref-base.sty
Package: zref-base 2026-03-07 v2.37 Module base for zref (HO)

(D:\MiKTeX\tex/latex/auxhook\auxhook.sty
Package: auxhook 2019-12-17 v1.6 Hooks for auxiliary files (HO)
)
Package zref Info: New property list: main on input line 767.
Package zref Info: New property: default on input line 768.
Package zref Info: New property: page on input line 769.
)
\c@abspage=\count344
Package zref Info: New property: abspage on input line 67.
)
(D:\MiKTeX\tex/latex/needspace\needspace.sty
Package: needspace 2025/03/13 v1.3e reserve vertical space
)
\mdf@templength=\skip69
\c@mdf@globalstyle@cnt=\count345
\mdf@skipabove@length=\skip70
\mdf@skipbelow@length=\skip71
\mdf@leftmargin@length=\skip72
\mdf@rightmargin@length=\skip73
\mdf@innerleftmargin@length=\skip74
\mdf@innerrightmargin@length=\skip75
\mdf@innertopmargin@length=\skip76
\mdf@innerbottommargin@length=\skip77
\mdf@splittopskip@length=\skip78
\mdf@splitbottomskip@length=\skip79
\mdf@outermargin@length=\skip80
\mdf@innermargin@length=\skip81
\mdf@linewidth@length=\skip82
\mdf@innerlinewidth@length=\skip83
\mdf@middlelinewidth@length=\skip84
\mdf@outerlinewidth@length=\skip85
\mdf@roundcorner@length=\skip86
\mdf@footenotedistance@length=\skip87
\mdf@userdefinedwidth@length=\skip88
\mdf@needspace@length=\skip89
\mdf@frametitleaboveskip@length=\skip90
\mdf@frametitlebelowskip@length=\skip91
\mdf@frametitlerulewidth@length=\skip92
\mdf@frametitleleftmargin@length=\skip93
\mdf@frametitlerightmargin@length=\skip94
\mdf@shadowsize@length=\skip95
\mdf@extratopheight@length=\skip96
\mdf@subtitleabovelinewidth@length=\skip97
\mdf@subtitlebelowlinewidth@length=\skip98
\mdf@subtitleaboveskip@length=\skip99
\mdf@subtitlebelowskip@length=\skip100
\mdf@subtitleinneraboveskip@length=\skip101
\mdf@subtitleinnerbelowskip@length=\skip102
\mdf@subsubtitleabovelinewidth@length=\skip103
\mdf@subsubtitlebelowlinewidth@length=\skip104
\mdf@subsubtitleaboveskip@length=\skip105
\mdf@subsubtitlebelowskip@length=\skip106
\mdf@subsubtitleinneraboveskip@length=\skip107
\mdf@subsubtitleinnerbelowskip@length=\skip108

(D:\MiKTeX\tex/latex/mdframed\md-frame-0.mdf
File: md-frame-0.mdf 2013/07/01\ 1.9b: md-frame-0
)
\mdf@frametitlebox=\box67
\mdf@footnotebox=\box68
\mdf@splitbox@one=\box69
\mdf@splitbox@two=\box70
\mdf@splitbox@save=\box71
\mdfsplitboxwidth=\skip109
\mdfsplitboxtotalwidth=\skip110
\mdfsplitboxheight=\skip111
\mdfsplitboxdepth=\skip112
\mdfsplitboxtotalheight=\skip113
\mdfframetitleboxwidth=\skip114
\mdfframetitleboxtotalwidth=\skip115
\mdfframetitleboxheight=\skip116
\mdfframetitleboxdepth=\skip117
\mdfframetitleboxtotalheight=\skip118
\mdffootnoteboxwidth=\skip119
\mdffootnoteboxtotalwidth=\skip120
\mdffootnoteboxheight=\skip121
\mdffootnoteboxdepth=\skip122
\mdffootnoteboxtotalheight=\skip123
\mdftotallinewidth=\skip124
\mdfboundingboxwidth=\skip125
\mdfboundingboxtotalwidth=\skip126
\mdfboundingboxheight=\skip127
\mdfboundingboxdepth=\skip128
\mdfboundingboxtotalheight=\skip129
\mdf@freevspace@length=\skip130
\mdf@horizontalwidthofbox@length=\skip131
\mdf@verticalmarginwhole@length=\skip132
\mdf@horizontalspaceofbox=\skip133
\mdfsubtitleheight=\skip134
\mdfsubsubtitleheight=\skip135
\c@mdfcountframes=\count346

****** mdframed patching \endmdf@trivlist

****** -- success******

\mdf@envdepth=\count347
\c@mdf@env@i=\count348
\c@mdf@env@ii=\count349
\c@mdf@zref@counter=\count350
Package zref Info: New property: mdf@pagevalue on input line 895.
)
(D:\MiKTeX\tex/latex/multirow\multirow.sty
Package: multirow 2024/11/12 v2.9 Span multiple rows of a table
\multirow@colwidth=\skip136
\multirow@cntb=\count351
\multirow@dima=\skip137
\bigstrutjot=\dimen264
)
(D:\MiKTeX\tex/latex/tools\multicol.sty
Package: multicol 2025/10/21 v2.0b multicolumn formatting (FMi)
\c@tracingmulticols=\count352
\mult@box=\box72
\multicol@leftmargin=\dimen265
\c@unbalance=\count353
\c@collectmore=\count354
\doublecol@number=\count355
\multicoltolerance=\count356
\multicolpretolerance=\count357
\full@width=\dimen266
\page@free=\dimen267
\premulticols=\dimen268
\postmulticols=\dimen269
\multicolsep=\skip138
\multicolbaselineskip=\skip139
\partial@page=\box73
\last@line=\box74
\mc@boxedresult=\box75
\maxbalancingoverflow=\dimen270
\mult@rightbox=\box76
\mult@grightbox=\box77
\mult@firstbox=\box78
\mult@gfirstbox=\box79
\@tempa=\box80
\@tempa=\box81
\@tempa=\box82
\@tempa=\box83
\@tempa=\box84
\@tempa=\box85
\@tempa=\box86
\@tempa=\box87
\@tempa=\box88
\@tempa=\box89
\@tempa=\box90
\@tempa=\box91
\@tempa=\box92
\@tempa=\box93
\@tempa=\box94
\@tempa=\box95
\@tempa=\box96
\@tempa=\box97
\@tempa=\box98
\@tempa=\box99
\@tempa=\box100
\@tempa=\box101
\@tempa=\box102
\@tempa=\box103
\@tempa=\box104
\@tempa=\box105
\@tempa=\box106
\@tempa=\box107
\@tempa=\box108
\@tempa=\box109
\@tempa=\box110
\@tempa=\box111
\@tempa=\box112
\@tempa=\box113
\@tempa=\box114
\@tempa=\box115
\c@minrows=\count358
\c@columnbadness=\count359
\c@finalcolumnbadness=\count360
\last@try=\dimen271
\multicolovershoot=\dimen272
\multicolundershoot=\dimen273
\mult@nat@firstbox=\box116
\colbreak@box=\box117
\mc@col@check@num=\count361
\g__mc_curr_col_int=\count362
)
(D:\MiKTeX\tex/latex/pgf/frontendlayer\tikz.sty
(D:\MiKTeX\tex/latex/pgf/basiclayer\pgf.sty
(D:\MiKTeX\tex/latex/pgf/utilities\pgfrcs.sty
(D:\MiKTeX\tex/generic/pgf/utilities\pgfutil-common.tex
\pgfutil@everybye=\toks39
\pgfutil@tempdima=\dimen274
\pgfutil@tempdimb=\dimen275
)
(D:\MiKTeX\tex/generic/pgf/utilities\pgfutil-latex.def
\pgfutil@abb=\box118
)
(D:\MiKTeX\tex/generic/pgf/utilities\pgfrcs.code.tex
(D:\MiKTeX\tex/generic/pgf\pgf.revision.tex)
Package: pgfrcs 2026-08-01 v3.1.12 (3.1.12)
))
Package: pgf 2026-08-01 v3.1.12 (3.1.12)

(D:\MiKTeX\tex/latex/pgf/basiclayer\pgfcore.sty
(D:\MiKTeX\tex/latex/pgf/systemlayer\pgfsys.sty
(D:\MiKTeX\tex/generic/pgf/systemlayer\pgfsys.code.tex
Package: pgfsys 2026-08-01 v3.1.12 (3.1.12)

(D:\MiKTeX\tex/generic/pgf/utilities\pgfkeys.code.tex
\pgfkeys@pathtoks=\toks40
\pgfkeys@temptoks=\toks41

(D:\MiKTeX\tex/generic/pgf/utilities\pgfkeyslibraryfiltered.code.tex
\pgfkeys@tmptoks=\toks42
))
\pgf@x=\dimen276
\pgf@y=\dimen277
\pgf@xa=\dimen278
\pgf@ya=\dimen279
\pgf@xb=\dimen280
\pgf@yb=\dimen281
\pgf@xc=\dimen282
\pgf@yc=\dimen283
\pgf@xd=\dimen284
\pgf@yd=\dimen285
\w@pgf@writea=\write3
\r@pgf@reada=\read2
\c@pgf@counta=\count363
\c@pgf@countb=\count364
\c@pgf@countc=\count365
\c@pgf@countd=\count366
\t@pgf@toka=\toks43
\t@pgf@tokb=\toks44
\t@pgf@tokc=\toks45
\pgf@sys@id@count=\count367

(D:\MiKTeX\tex/generic/pgf/systemlayer\pgf.cfg
File: pgf.cfg 2026-08-01 v3.1.12 (3.1.12)
)
Driver file for pgf: pgfsys-pdftex.def

(D:\MiKTeX\tex/generic/pgf/systemlayer\pgfsys-pdftex.def
File: pgfsys-pdftex.def 2026-08-01 v3.1.12 (3.1.12)

(D:\MiKTeX\tex/generic/pgf/systemlayer\pgfsys-common-pdf.def
File: pgfsys-common-pdf.def 2026-08-01 v3.1.12 (3.1.12)
)))
(D:\MiKTeX\tex/generic/pgf/systemlayer\pgfsyssoftpath.code.tex
File: pgfsyssoftpath.code.tex 2026-08-01 v3.1.12 (3.1.12)
\pgfsyssoftpath@smallbuffer@items=\count368
\pgfsyssoftpath@bigbuffer@items=\count369
)
(D:\MiKTeX\tex/generic/pgf/systemlayer\pgfsysprotocol.code.tex
File: pgfsysprotocol.code.tex 2026-08-01 v3.1.12 (3.1.12)
))
(D:\MiKTeX\tex/generic/pgf/basiclayer\pgfcore.code.tex
Package: pgfcore 2026-08-01 v3.1.12 (3.1.12)

(D:\MiKTeX\tex/generic/pgf/math\pgfmath.code.tex
(D:\MiKTeX\tex/generic/pgf/math\pgfmathutil.code.tex)
(D:\MiKTeX\tex/generic/pgf/math\pgfmathparser.code.tex
\pgfmath@dimen=\dimen286
\pgfmath@count=\count370
\pgfmath@box=\box119
\pgfmath@toks=\toks46
\pgfmath@stack@operand=\toks47
\pgfmath@stack@operation=\toks48
)
(D:\MiKTeX\tex/generic/pgf/math\pgfmathfunctions.code.tex)
(D:\MiKTeX\tex/generic/pgf/math\pgfmathfunctions.basic.code.tex)
(D:\MiKTeX\tex/generic/pgf/math\pgfmathfunctions.trigonometric.code.tex)
(D:\MiKTeX\tex/generic/pgf/math\pgfmathfunctions.random.code.tex)
(D:\MiKTeX\tex/generic/pgf/math\pgfmathfunctions.comparison.code.tex)
(D:\MiKTeX\tex/generic/pgf/math\pgfmathfunctions.base.code.tex)
(D:\MiKTeX\tex/generic/pgf/math\pgfmathfunctions.round.code.tex)
(D:\MiKTeX\tex/generic/pgf/math\pgfmathfunctions.misc.code.tex)
(D:\MiKTeX\tex/generic/pgf/math\pgfmathfunctions.integerarithmetics.code.tex)
(D:\MiKTeX\tex/generic/pgf/math\pgfmathcalc.code.tex)
(D:\MiKTeX\tex/generic/pgf/math\pgfmathfloat.code.tex
\c@pgfmathroundto@lastzeros=\count371
))
(D:\MiKTeX\tex/generic/pgf/math\pgfint.code.tex)
(D:\MiKTeX\tex/generic/pgf/basiclayer\pgfcorepoints.code.tex
File: pgfcorepoints.code.tex 2026-08-01 v3.1.12 (3.1.12)
\pgf@picminx=\dimen287
\pgf@picmaxx=\dimen288
\pgf@picminy=\dimen289
\pgf@picmaxy=\dimen290
\pgf@pathminx=\dimen291
\pgf@pathmaxx=\dimen292
\pgf@pathminy=\dimen293
\pgf@pathmaxy=\dimen294
\pgf@xx=\dimen295
\pgf@xy=\dimen296
\pgf@yx=\dimen297
\pgf@yy=\dimen298
\pgf@zx=\dimen299
\pgf@zy=\dimen300
)
(D:\MiKTeX\tex/generic/pgf/basiclayer\pgfcorepathconstruct.code.tex
File: pgfcorepathconstruct.code.tex 2026-08-01 v3.1.12 (3.1.12)
\pgf@path@lastx=\dimen301
\pgf@path@lasty=\dimen302
)
(D:\MiKTeX\tex/generic/pgf/basiclayer\pgfcorepathusage.code.tex
File: pgfcorepathusage.code.tex 2026-08-01 v3.1.12 (3.1.12)
\pgf@shorten@end@additional=\dimen303
\pgf@shorten@start@additional=\dimen304
)
(D:\MiKTeX\tex/generic/pgf/basiclayer\pgfcorescopes.code.tex
File: pgfcorescopes.code.tex 2026-08-01 v3.1.12 (3.1.12)
\pgfpic=\box120
\pgf@hbox=\box121
\pgf@layerbox@main=\box122
\pgf@picture@serial@count=\count372
)
(D:\MiKTeX\tex/generic/pgf/basiclayer\pgfcoregraphicstate.code.tex
File: pgfcoregraphicstate.code.tex 2026-08-01 v3.1.12 (3.1.12)
\pgflinewidth=\dimen305
)
(D:\MiKTeX\tex/generic/pgf/basiclayer\pgfcoretransformations.code.tex
File: pgfcoretransformations.code.tex 2026-08-01 v3.1.12 (3.1.12)
\pgf@pt@x=\dimen306
\pgf@pt@y=\dimen307
\pgf@pt@temp=\dimen308
)
(D:\MiKTeX\tex/generic/pgf/basiclayer\pgfcorequick.code.tex
File: pgfcorequick.code.tex 2026-08-01 v3.1.12 (3.1.12)
)
(D:\MiKTeX\tex/generic/pgf/basiclayer\pgfcoreobjects.code.tex
File: pgfcoreobjects.code.tex 2026-08-01 v3.1.12 (3.1.12)
)
(D:\MiKTeX\tex/generic/pgf/basiclayer\pgfcorepathprocessing.code.tex
File: pgfcorepathprocessing.code.tex 2026-08-01 v3.1.12 (3.1.12)
)
(D:\MiKTeX\tex/generic/pgf/basiclayer\pgfcorearrows.code.tex
File: pgfcorearrows.code.tex 2026-08-01 v3.1.12 (3.1.12)
\pgfarrowsep=\dimen309
)
(D:\MiKTeX\tex/generic/pgf/basiclayer\pgfcoreshade.code.tex
File: pgfcoreshade.code.tex 2026-08-01 v3.1.12 (3.1.12)
\pgf@max=\dimen310
\pgf@sys@shading@range@num=\count373
\pgf@shadingcount=\count374
)
(D:\MiKTeX\tex/generic/pgf/basiclayer\pgfcoreimage.code.tex
File: pgfcoreimage.code.tex 2026-08-01 v3.1.12 (3.1.12)
)
(D:\MiKTeX\tex/generic/pgf/basiclayer\pgfcoreexternal.code.tex
File: pgfcoreexternal.code.tex 2026-08-01 v3.1.12 (3.1.12)
\pgfexternal@startupbox=\box123
)
(D:\MiKTeX\tex/generic/pgf/basiclayer\pgfcorelayers.code.tex
File: pgfcorelayers.code.tex 2026-08-01 v3.1.12 (3.1.12)
)
(D:\MiKTeX\tex/generic/pgf/basiclayer\pgfcoretransparency.code.tex
File: pgfcoretransparency.code.tex 2026-08-01 v3.1.12 (3.1.12)
)
(D:\MiKTeX\tex/generic/pgf/basiclayer\pgfcorepatterns.code.tex
File: pgfcorepatterns.code.tex 2026-08-01 v3.1.12 (3.1.12)
)
(D:\MiKTeX\tex/generic/pgf/basiclayer\pgfcorerdf.code.tex
File: pgfcorerdf.code.tex 2026-08-01 v3.1.12 (3.1.12)
)))
(D:\MiKTeX\tex/generic/pgf/modules\pgfmoduleshapes.code.tex
File: pgfmoduleshapes.code.tex 2026-08-01 v3.1.12 (3.1.12)
\pgfnodeparttextbox=\box124
)
(D:\MiKTeX\tex/generic/pgf/modules\pgfmoduleplot.code.tex
File: pgfmoduleplot.code.tex 2026-08-01 v3.1.12 (3.1.12)
)
(D:\MiKTeX\tex/latex/pgf/compatibility\pgfcomp-version-0-65.sty
Package: pgfcomp-version-0-65 2026-08-01 v3.1.12 (3.1.12)
\pgf@nodesepstart=\dimen311
\pgf@nodesepend=\dimen312
)
(D:\MiKTeX\tex/latex/pgf/compatibility\pgfcomp-version-1-18.sty
Package: pgfcomp-version-1-18 2026-08-01 v3.1.12 (3.1.12)
))
(D:\MiKTeX\tex/latex/pgf/utilities\pgffor.sty
(D:\MiKTeX\tex/latex/pgf/utilities\pgfkeys.sty
(D:\MiKTeX\tex/generic/pgf/utilities\pgfkeys.code.tex))
(D:\MiKTeX\tex/latex/pgf/math\pgfmath.sty
(D:\MiKTeX\tex/generic/pgf/math\pgfmath.code.tex))
(D:\MiKTeX\tex/generic/pgf/utilities\pgffor.code.tex
Package: pgffor 2026-08-01 v3.1.12 (3.1.12)
\pgffor@iter=\dimen313
\pgffor@skip=\dimen314
\pgffor@stack=\toks49
\pgffor@toks=\toks50
))
(D:\MiKTeX\tex/generic/pgf/frontendlayer/tikz\tikz.code.tex
Package: tikz 2026-08-01 v3.1.12 (3.1.12)

(D:\MiKTeX\tex/generic/pgf/libraries\pgflibraryplothandlers.code.tex
File: pgflibraryplothandlers.code.tex 2026-08-01 v3.1.12 (3.1.12)
\pgf@plot@mark@count=\count375
\pgfplotmarksize=\dimen315
)
\tikz@lastx=\dimen316
\tikz@lasty=\dimen317
\tikz@lastxsaved=\dimen318
\tikz@lastysaved=\dimen319
\tikz@lastmovetox=\dimen320
\tikz@lastmovetoy=\dimen321
\tikzleveldistance=\dimen322
\tikzsiblingdistance=\dimen323
\tikz@figbox=\box125
\tikz@figbox@bg=\box126
\tikz@tempbox=\box127
\tikz@tempbox@bg=\box128
\tikztreelevel=\count376
\tikznumberofchildren=\count377
\tikznumberofcurrentchild=\count378
\tikz@fig@count=\count379

(D:\MiKTeX\tex/generic/pgf/modules\pgfmodulematrix.code.tex
File: pgfmodulematrix.code.tex 2026-08-01 v3.1.12 (3.1.12)
\pgfmatrixcurrentrow=\count380
\pgfmatrixcurrentcolumn=\count381
\pgf@matrix@numberofcolumns=\count382
)
\tikz@expandcount=\count383

(D:\MiKTeX\tex/generic/pgf/frontendlayer/tikz/libraries\tikzlibrarytopaths.code
.tex
File: tikzlibrarytopaths.code.tex 2026-08-01 v3.1.12 (3.1.12)
))) (D:\MiKTeX\tex/latex/frankenstein\attrib.sty
Package: attrib 2001/08/31 v1.3 attribution of block elements (Frankenstein's h
at)

(D:\MiKTeX\tex/latex/frankenstein\moredefs.sty
Package: moredefs 2001/08/31 v1.8 more defining commands (Frankenstein's brain)

\sc@toks@a=\toks51
\sc@toks@b=\toks52
)
\AttribMinSkip=\skip140
)
(D:\MiKTeX\tex/latex/was\upgreek.sty
Package: upgreek 2003/02/12 v2.0 (WaS)
Package upgreek Info: Using Euler Roman for upright Greek on input line 31.
\symugrf@m=\mathgroup13
LaTeX Font Info:    Overwriting symbol font `ugrf@m' in version `bold'
(Font)                  U/eur/m/n --> U/eur/b/n on input line 38.
) (D:\MiKTeX\tex/latex/tools\tabularx.sty
Package: tabularx 2023/12/11 v2.12a `tabularx' package (DPC)
\TX@col@width=\dimen324
\TX@old@table=\dimen325
\TX@old@col=\dimen326
\TX@target=\dimen327
\TX@delta=\dimen328
\TX@cols=\count384
\TX@ftn=\toks53
)
(D:\MiKTeX\tex/latex/pbox\pbox.sty
Package: pbox 2011/12/07 v1.2 Dynamic parboxes
\pb@xlen=\skip141
) (D:\MiKTeX\tex/latex/ragged2e\ragged2e.sty
Package: ragged2e 2023/06/22 v3.6 ragged2e Package
\CenteringLeftskip=\skip142
\RaggedLeftLeftskip=\skip143
\RaggedRightLeftskip=\skip144
\CenteringRightskip=\skip145
\RaggedLeftRightskip=\skip146
\RaggedRightRightskip=\skip147
\CenteringParfillskip=\skip148
\RaggedLeftParfillskip=\skip149
\RaggedRightParfillskip=\skip150
\JustifyingParfillskip=\skip151
\CenteringParindent=\skip152
\RaggedLeftParindent=\skip153
\RaggedRightParindent=\skip154
\JustifyingParindent=\skip155
) (D:\MiKTeX\tex/latex/tocloft\tocloft.sty
Package: tocloft 2026-08-21 v3.0b parameterised ToC, etc., typesetting
Package tocloft Info: The document has chapter divisions on input line 64.
\cftparskip=\skip156
\cftbeforetoctitleskip=\skip157
\cftaftertoctitleskip=\skip158
\cftbeforepartskip=\skip159
\cftpartnumwidth=\skip160
\cftpartindent=\skip161
\cftbeforechapskip=\skip162
\cftchapindent=\skip163
\cftchapnumwidth=\skip164
\cftbeforesecskip=\skip165
\cftsecindent=\skip166
\cftsecnumwidth=\skip167
\cftbeforesubsecskip=\skip168
\cftsubsecindent=\skip169
\cftsubsecnumwidth=\skip170
\cftbeforesubsubsecskip=\skip171
\cftsubsubsecindent=\skip172
\cftsubsubsecnumwidth=\skip173
\cftbeforeparaskip=\skip174
\cftparaindent=\skip175
\cftparanumwidth=\skip176
\cftbeforesubparaskip=\skip177
\cftsubparaindent=\skip178
\cftsubparanumwidth=\skip179
\cftbeforeloftitleskip=\skip180
\cftafterloftitleskip=\skip181
\cftbeforefigskip=\skip182
\cftfigindent=\skip183
\cftfignumwidth=\skip184
\cftbeforelottitleskip=\skip185
\cftafterlottitleskip=\skip186
\cftbeforetabskip=\skip187
\cfttabindent=\skip188
\cfttabnumwidth=\skip189
\cftbeforesubfigskip=\skip190
\cftsubfigindent=\skip191
\cftsubfignumwidth=\skip192
\cftbeforesubtabskip=\skip193
\cftsubtabindent=\skip194
\cftsubtabnumwidth=\skip195
)
(D:\MiKTeX\tex/latex/marginnote\marginnote.sty
Package: marginnote 2026-06-15 1.5 non floating margin notes for LaTeX 
\c@mn@abspage=\count385
)
(D:\MiKTeX\tex/latex/marginfix\marginfix.sty
Package: marginfix 2020/05/06 v1.2 Fix Margin Paragraphs
\Mfx@inject@insert=\insert252
\Mfx@marginbox=\box129
\Mfx@marginpos@min=\dimen329
\Mfx@marginpos@max=\dimen330
\Mfx@marginspace=\dimen331
\Mfx@marginheight=\dimen332
\Mfx@piece@content=\box130
\Mfx@piece@count=\count386
\Mfx@mparshift=\dimen333
\marginheightadjustment=\dimen334
\marginposadjustment=\dimen335
\Mfx@strutheight=\dimen336
)
==> First Aid for marginfix.sty applied!
(D:\MiKTeX\tex/latex/enotez\enotez.sty
(D:\MiKTeX\tex/latex/l3packages/l3keys2e\l3keys2e.sty
Package: l3keys2e 2025-10-09 LaTeX2e option processing using LaTeX3 keys
)
(D:\MiKTeX\tex/latex/l3packages/xtemplate\xtemplate.sty
Package: xtemplate 2025-10-09 L3 Experimental prototype document functions
)
Package: enotez 2022/01/04 v0.10d Endnotes for LaTeX2e
\l__enotez_list_preamble_skip=\skip196
\l__enotez_list_postamble_skip=\skip197
\g__enotez_endnote_id_int=\count387
\g__enotez_endnote_mark_int=\count388
\c@endnote=\count389
\g__enotez_list_printed_int=\count390
\l__enotez_tmpa_int=\count391

LaTeX template Info: Declaring template type 'enotez-list' taking 1
(template)           argument(s) on line 473.

\l__enotez_list_notes_sep_dim=\dimen337

(D:\MiKTeX\tex/latex/translations\translations.sty
Package: translations 2022/02/05 v1.12 internationalization of LaTeX2e packages
 (CN)
))
(D:\MiKTeX\tex/latex/xstring\xstring.sty
(D:\MiKTeX\tex/generic/xstring\xstring.tex
\xs_counta=\count392
\xs_countb=\count393
)
Package: xstring 2023/08/22 v1.86 String manipulations (CT)
)
(D:\MiKTeX\tex/latex/subfig\subfig.sty
Package: subfig 2005/06/28 ver: 1.3 subfig package
 (D:\MiKTeX\tex/latex/caption\caption.sty
Package: caption 2023/08/05 v3.6o Customizing captions (AR)
(D:\MiKTeX\tex/latex/caption\caption3.sty
Package: caption3 2023/07/31 v2.4d caption3 kernel (AR)
\caption@tempdima=\dimen338
\captionmargin=\dimen339
\caption@leftmargin=\dimen340
\caption@rightmargin=\dimen341
\caption@width=\dimen342
\caption@indent=\dimen343
\caption@parindent=\dimen344
\caption@hangindent=\dimen345
Package caption Info: Standard document class detected.
)
\c@caption@flags=\count394
\c@continuedfloat=\count395
Package caption Info: changepage package is loaded.
\caption@adjustwidth@hsize=\dimen346
\caption@adjustwidth@linewidth=\dimen347
Package caption Info: float package is loaded.
Package caption Info: hyperref package is loaded.
Package caption Info: rotating package is loaded.
)
\c@KVtest=\count396
\sf@farskip=\skip198
\sf@captopadj=\dimen348
\sf@capskip=\skip199
\sf@nearskip=\skip256
\c@subfigure=\count397
\c@subfigure@save=\count398
\c@lofdepth=\count399
\c@subtable=\count400
\c@subtable@save=\count401
\c@lotdepth=\count402
\sf@top=\skip257
\sf@bottom=\skip258
)
(D:\MiKTeX\tex/latex/natbib\natbib.sty
Package: natbib 2010/09/13 8.31b (PWD, AO)
\bibhang=\skip259
\bibsep=\skip260
LaTeX Info: Redefining \cite on input line 694.
\c@NAT@ctr=\count403
)
(D:\MiKTeX\tex/latex/siunitx\siunitx.sty
Package: siunitx 2026-09-08 v3.5.12 A comprehensive (SI) units package
\l__siunitx_number_uncert_offset_int=\count404
\l__siunitx_number_exponent_fixed_int=\count405
\l__siunitx_number_min_decimal_int=\count406
\l__siunitx_number_min_integer_int=\count407
\l__siunitx_number_round_precision_int=\count408
\l__siunitx_number_lower_threshold_int=\count409
\l__siunitx_number_upper_threshold_int=\count410
\l__siunitx_number_group_first_int=\count411
\l__siunitx_number_group_size_int=\count412
\l__siunitx_number_group_min_int=\count413
\l__siunitx_number_group_minimum_int=\count414
\l__siunitx_compound_count_int=\count415
\l__siunitx_table_tmp_box=\box131
\l__siunitx_table_tmp_dim=\dimen349
\l__siunitx_table_column_width_dim=\dimen350
\l__siunitx_table_integer_box=\box132
\l__siunitx_table_decimal_box=\box133
\l__siunitx_table_uncert_box=\box134
\l__siunitx_table_before_box=\box135
\l__siunitx_table_after_box=\box136
\l__siunitx_table_before_dim=\dimen351
\l__siunitx_table_carry_dim=\dimen352
\l__siunitx_unit_tmp_int=\count416
\l__siunitx_unit_position_int=\count417
\l__siunitx_unit_total_int=\count418
\l__siunitx_sexagesimal_tmp_dim=\dimen353
\l__siunitx_sexagesimal_marker_box=\box137
\l__siunitx_sexagesimal_unit_box=\box138
)
(D:\MiKTeX\tex/latex/threeparttable\threeparttable.sty
Package: threeparttable 2003/06/13  v 3.0
\@tempboxb=\box139
)
(D:\MiKTeX\tex/latex/tools\dcolumn.sty
Package: dcolumn 2025/10/21 v1.06 decimal alignment package (DPC)
)
(D:\MiKTeX\tex/latex/tools\longtable.sty
Package: longtable 2026-01-28 v4.27 Multi-page Table package (DPC)
\LTleft=\skip261
\LTright=\skip262
\LTpre=\skip263
\LTpost=\skip264
\LTchunksize=\count419
\LTcapwidth=\dimen354
\LT@head=\box140
\LT@firsthead=\box141
\LT@foot=\box142
\LT@lastfoot=\box143
\LT@gbox=\box144
\LT@cols=\count420
\LT@rows=\count421
\c@LT@tables=\count422
\c@LT@chunks=\count423
\LT@p@ftn=\toks54
)
Package translations Info: No language package found. I am going to use `englis
h' as default language. on input line 146.
LaTeX Font Info:    Trying to load font information for OT1+ppl on input line 1
46.
 (D:\MiKTeX\tex/latex/psnfss\ot1ppl.fd
File: ot1ppl.fd 2001/06/04 font definitions for OT1/ppl.
)
(D:\Github\Bipedal_Robot\Documentation\Reports and Papers\Dissertation\Overleaf
_review_20260926_yellow\build\main.aux
(D:\Github\Bipedal_Robot\Documentation\Reports and Papers\Dissertation\Overleaf
_review_20260926_yellow\build\chapters/01-copyright.aux)
(D:\Github\Bipedal_Robot\Documentation\Reports and Papers\Dissertation\Overleaf
_review_20260926_yellow\build\chapters/02-abstract.aux)
(D:\Github\Bipedal_Robot\Documentation\Reports and Papers\Dissertation\Overleaf
_review_20260926_yellow\build\chapters/04-dedication.aux)
(D:\Github\Bipedal_Robot\Documentation\Reports and Papers\Dissertation\Overleaf
_review_20260926_yellow\build\chapters/06-ack.aux)
(D:\Github\Bipedal_Robot\Documentation\Reports and Papers\Dissertation\Overleaf
_review_20260926_yellow\build\chapters/10-introduction.aux)
(D:\Github\Bipedal_Robot\Documentation\Reports and Papers\Dissertation\Overleaf
_review_20260926_yellow\build\chapters/15-background.aux)
(D:\Github\Bipedal_Robot\Documentation\Reports and Papers\Dissertation\Overleaf
_review_20260926_yellow\build\chapters/20-methods.aux)
(D:\Github\Bipedal_Robot\Documentation\Reports and Papers\Dissertation\Overleaf
_review_20260926_yellow\build\chapters/30-results.aux)
(D:\Github\Bipedal_Robot\Documentation\Reports and Papers\Dissertation\Overleaf
_review_20260926_yellow\build\chapters/40-discussion.aux)
(D:\Github\Bipedal_Robot\Documentation\Reports and Papers\Dissertation\Overleaf
_review_20260926_yellow\build\chapters/50-futurework.aux)
(D:\Github\Bipedal_Robot\Documentation\Reports and Papers\Dissertation\Overleaf
_review_20260926_yellow\build\chapters/60-conclusion.aux)
(D:\Github\Bipedal_Robot\Documentation\Reports and Papers\Dissertation\Overleaf
_review_20260926_yellow\build\chapters/90-bib.aux)
(D:\Github\Bipedal_Robot\Documentation\Reports and Papers\Dissertation\Overleaf
_review_20260926_yellow\build\chapters/92-AppendixA.aux)
(D:\Github\Bipedal_Robot\Documentation\Reports and Papers\Dissertation\Overleaf
_review_20260926_yellow\build\chapters/93-AppendixB.aux)
(D:\Github\Bipedal_Robot\Documentation\Reports and Papers\Dissertation\Overleaf
_review_20260926_yellow\build\chapters/94-AppendixC.aux))
\openout1 = `main.aux'.

LaTeX Font Info:    Checking defaults for OML/cmm/m/it on input line 146.
LaTeX Font Info:    ... okay on input line 146.
LaTeX Font Info:    Checking defaults for OMS/cmsy/m/n on input line 146.
LaTeX Font Info:    ... okay on input line 146.
LaTeX Font Info:    Checking defaults for OT1/cmr/m/n on input line 146.
LaTeX Font Info:    ... okay on input line 146.
LaTeX Font Info:    Checking defaults for T1/cmr/m/n on input line 146.
LaTeX Font Info:    ... okay on input line 146.
LaTeX Font Info:    Checking defaults for TS1/cmr/m/n on input line 146.
LaTeX Font Info:    ... okay on input line 146.
LaTeX Font Info:    Checking defaults for OMX/cmex/m/n on input line 146.
LaTeX Font Info:    ... okay on input line 146.
LaTeX Font Info:    Checking defaults for U/mathx/m/n on input line 146.
LaTeX Font Info:    ... okay on input line 146.
LaTeX Font Info:    Checking defaults for PD1/pdf/m/n on input line 146.
LaTeX Font Info:    ... okay on input line 146.
LaTeX Font Info:    Checking defaults for PU/pdf/m/n on input line 146.
LaTeX Font Info:    ... okay on input line 146.

(D:\MiKTeX\tex/context/base/mkii\supp-pdf.mkii
[Loading MPS to PDF converter (version 2006.09.02).]
\scratchcounter=\count424
\scratchdimen=\dimen355
\scratchbox=\box145
\nofMPsegments=\count425
\nofMParguments=\count426
\everyMPshowfont=\toks55
\MPscratchCnt=\count427
\MPscratchDim=\dimen356
\MPnumerator=\count428
\makeMPintoPDFobject=\count429
\everyMPtoPDFconversion=\toks56
)
Package hyperref Info: Link coloring OFF on input line 146.

(D:\Github\Bipedal_Robot\Documentation\Reports and Papers\Dissertation\Overleaf
_review_20260926_yellow\build\main.out)
(D:\Github\Bipedal_Robot\Documentation\Reports and Papers\Dissertation\Overleaf
_review_20260926_yellow\build\main.out)
\@outlinefile=\write4
\openout4 = `main.out'.

LaTeX Info: Redefining \microtypecontext on input line 146.
Package microtype Info: Applying patch `item' on input line 146.
Package microtype Info: Applying patch `toc' on input line 146.
Package microtype Info: Applying patch `eqnum' on input line 146.
Package microtype Info: Applying patch `footnote' on input line 146.
Package microtype Info: Applying patch `verbatim' on input line 146.
LaTeX Info: Redefining \microtypesetup on input line 146.
Package microtype Info: Generating PDF output.
Package microtype Info: Character protrusion enabled (level 2).
Package microtype Info: Using default protrusion set `alltext'.
Package microtype Info: Automatic font expansion enabled (level 2),
(microtype)             stretch: 20, shrink: 20, step: 1, non-selected.
Package microtype Info: Using default expansion set `alltext-nott'.
Package microtype Info: Patching command `\showhyphens'.
Package microtype Info: No adjustment of tracking.
Package microtype Info: No adjustment of interword spacing.
Package microtype Info: No adjustment of character kerning.

(D:\MiKTeX\tex/latex/microtype\mt-ppl.cfg
File: mt-ppl.cfg 2005/11/16 v1.6 microtype config. file: Palatino (RS)
)
LaTeX Info: Command `\dddot' is already robust on input line 146.
LaTeX Info: Command `\ddddot' is already robust on input line 146.

(D:\MiKTeX\tex/latex/translations/dicts\translations-basic-dictionary-english.t
rsl
File: translations-basic-dictionary-english.trsl (english translation file `tra
nslations-basic-dictionary')
)
Package translations Info: loading dictionary `translations-basic-dictionary' f
or `english'. on input line 146.
Package caption Info: Begin \AtBeginDocument code.
Package caption Info: subfig package v1.3 is loaded.
Package caption Info: longtable package is loaded.
 (D:\MiKTeX\tex/latex/caption\ltcaption.sty
Package: ltcaption 2021/01/08 v1.4c longtable captions (AR)
)
Package caption Info: threeparttable package is loaded.
Package caption Info: End \AtBeginDocument code.
 [1

{C:/Users/Ben Bolen/AppData/Local/MiKTeX/fonts/map/pdftex/pdftex.map}{D:/MiKTeX
/fonts/enc/dvips/base/8r.enc}]
\openout2 = `chapters/01-copyright.aux'.

 (chapters/01-copyright.tex
LaTeX Font Info:    Trying to load font information for OML+zplm on input line 
4.
 (D:\MiKTeX\tex/latex/psnfss\omlzplm.fd
File: omlzplm.fd 2002/09/08 Fontinst v1.914 font definitions for OML/zplm.
)
LaTeX Font Info:    Trying to load font information for OMS+zplm on input line 
4.

(D:\MiKTeX\tex/latex/psnfss\omszplm.fd
File: omszplm.fd 2002/09/08 Fontinst v1.914 font definitions for OMS/zplm.
)
LaTeX Font Info:    Trying to load font information for OMX+zplm on input line 
4.
 (D:\MiKTeX\tex/latex/psnfss\omxzplm.fd
File: omxzplm.fd 2002/09/08 Fontinst v1.914 font definitions for OMX/zplm.
) (D:\MiKTeX\tex/latex/microtype\mt-cmr.cfg
File: mt-cmr.cfg 2013/05/19 v2.2 microtype config. file: Computer Modern Roman 
(RS)
)
LaTeX Font Info:    Font shape `U/msa/m/n' will be
(Font)              scaled to size 12.50409pt on input line 4.

(D:\MiKTeX\tex/latex/microtype\mt-msa.cfg
File: mt-msa.cfg 2006/02/04 v1.1 microtype config. file: AMS symbols (a) (RS)
)
LaTeX Font Info:    Font shape `U/msa/m/n' will be
(Font)              scaled to size 9.37807pt on input line 4.
LaTeX Font Info:    Font shape `U/msa/m/n' will be
(Font)              scaled to size 7.29405pt on input line 4.
LaTeX Font Info:    Font shape `U/msb/m/n' will be
(Font)              scaled to size 12.50409pt on input line 4.

(D:\MiKTeX\tex/latex/microtype\mt-msb.cfg
File: mt-msb.cfg 2005/06/01 v1.0 microtype config. file: AMS symbols (b) (RS)
)
LaTeX Font Info:    Font shape `U/msb/m/n' will be
(Font)              scaled to size 9.37807pt on input line 4.
LaTeX Font Info:    Font shape `U/msb/m/n' will be
(Font)              scaled to size 7.29405pt on input line 4.
LaTeX Font Info:    Trying to load font information for OT1+zplm on input line 
4.

(D:\MiKTeX\tex/latex/psnfss\ot1zplm.fd
File: ot1zplm.fd 2002/09/08 Fontinst v1.914 font definitions for OT1/zplm.
)
Package microtype Info: Loading generic protrusion settings for font family
(microtype)             `zplm' (encoding: OT1).
(microtype)             For optimal results, create family-specific settings.
(microtype)             See the microtype manual for details.

(D:\MiKTeX\tex/latex/microtype\mt-eur.cfg
File: mt-eur.cfg 2006/07/31 v1.1 microtype config. file: AMS Euler Roman (RS)
)
LaTeX Font Info:    Trying to load font information for TS1+ppl on input line 4
.

(D:\MiKTeX\tex/latex/psnfss\ts1ppl.fd
File: ts1ppl.fd 2001/06/04 font definitions for TS1/ppl.
) [1


]
Package marginnote Info: Using workaround for absolute page number on input lin
e 4.
)
\openout2 = `chapters/02-abstract.aux'.

 (chapters/02-abstract.tex [2





])
[3]
\openout2 = `chapters/04-dedication.aux'.

 (chapters/04-dedication.tex [4




])
\openout2 = `chapters/06-ack.aux'.

 (chapters/06-ack.tex) [5





]
(D:\Github\Bipedal_Robot\Documentation\Reports and Papers\Dissertation\Overleaf
_review_20260926_yellow\build\main.toc [6


] [7] [8] [9])
\tf@toc=\write5
\openout5 = `main.toc'.


(D:\Github\Bipedal_Robot\Documentation\Reports and Papers\Dissertation\Overleaf
_review_20260926_yellow\build\main.lot [10])
\tf@lot=\write6
\openout6 = `main.lot'.


(D:\Github\Bipedal_Robot\Documentation\Reports and Papers\Dissertation\Overleaf
_review_20260926_yellow\build\main.lof [11] [12] [13] [14])
\tf@lof=\write7
\openout7 = `main.lof'.

 [15]
\openout2 = `chapters/10-introduction.aux'.


(chapters/10-introduction.tex
Chapter 1.

pdfTeX warning (ext4): destination with the same identifier (name{page.1}) has 
been already used, duplicate ignored
<to be read again> 
                   \relax 
l.8 A
     rtificial muscles are a key enabling technology for this class of robot...
[1



]
Package marginnote Info: Using workaround for absolute page number on input lin
e 8.
 [2] [3] [4] [5] [6] [7]) [8]
\openout2 = `chapters/15-background.aux'.

 (chapters/15-background.tex
Chapter 2.
[9




] [10] [11] [12] [13] [14]
Package mdframed Info: Not enough space on this page on input line 58.
<./figs/Background/steeleknee.pdf, id=1081, 520.34402pt x 199.37262pt>
File: ./figs/Background/steeleknee.pdf Graphic file (type pdf)
<use ./figs/Background/steeleknee.pdf>
Package pdftex.def Info: ./figs/Background/steeleknee.pdf  used on input line 6
3.
(pdftex.def)             Requested size: 446.2658pt x 170.99773pt.

Overfull \hbox (15.95396pt too wide) in paragraph at lines 67--67
[]\OT1/ppl/m/n/12 (-20) Figure 2.1: |[][][][][][]| 
 []

[15] [16 <./figs/Background/steeleknee.pdf>] [17] [18] [19] [20] [21] [22]
[23]) [24]
\openout2 = `chapters/20-methods.aux'.

 (chapters/20-methods.tex
Chapter 3.
[25




] [26]
Overfull \hbox (4.03934pt too wide) in paragraph at lines 62--63
\OT1/ppl/m/n/12 (-20) Chap-ter []4[] (Ta-ble []4.1[]). When max-i-mum sys-tem p
res-sure is set to $\OML/zplm/m/it/12 P \OT1/zplm/m/n/12 = \OT1/ppl/m/n/12 (-20
) 620 []$, $\OML/zplm/m/it/12 F[]\OT1/zplm/m/n/12 (\OML/zplm/m/it/12 l[]\OT1/pp
l/m/n/12 (-20) , 620\OT1/zplm/m/n/12 ) =
 []

[27] [28]

pdfTeX warning: pdflatex.exe (file ./figs/Aim1/01_testJigs1.pdf): PDF inclusion
: found PDF version <1.7>, but at most version <1.5> allowed
<./figs/Aim1/01_testJigs1.pdf, id=1384, 216.81pt x 252.945pt>
File: ./figs/Aim1/01_testJigs1.pdf Graphic file (type pdf)
<use ./figs/Aim1/01_testJigs1.pdf>
Package pdftex.def Info: ./figs/Aim1/01_testJigs1.pdf  used on input line 84.
(pdftex.def)             Requested size: 352.31624pt x 411.08865pt.
[29] [30 <./figs/Aim1/01_testJigs1.pdf>]

pdfTeX warning: pdflatex.exe (file ./figs/Aim2/testJigs.pdf): PDF inclusion: fo
und PDF version <1.7>, but at most version <1.5> allowed
<./figs/Aim2/testJigs.pdf, id=1405, 216.81pt x 252.945pt>
File: ./figs/Aim2/testJigs.pdf Graphic file (type pdf)
<use ./figs/Aim2/testJigs.pdf>
Package pdftex.def Info: ./figs/Aim2/testJigs.pdf  used on input line 99.
(pdftex.def)             Requested size: 352.31624pt x 411.08865pt.
Package epstopdf Info: Source file: <./figs/Aim2/KneeICR.eps>
(epstopdf)                    date: 2026-09-26 23:30:28
(epstopdf)                    size: 1308002 bytes
(epstopdf)             Output file: <./figs/Aim2/KneeICR-eps-converted-to.pdf>
(epstopdf)                    date: 2026-09-26 16:48:31
(epstopdf)                    size: 46930 bytes
(epstopdf)             Command: <miktex-epstopdf --outfile=./figs/Aim2/KneeICR-
eps-converted-to.pdf ./figs/Aim2/KneeICR.eps>
(epstopdf)             \includegraphics on input line 110.
runsystem(miktex-epstopdf --outfile=./figs/Aim2/KneeICR-eps-converted-to.pdf ./
figs/Aim2/KneeICR.eps)...executed safely (allowed).

Package epstopdf Info: Result file: <./figs/Aim2/KneeICR-eps-converted-to.pdf>
(epstopdf)                    date: 2026-09-26 16:49:04
(epstopdf)                    size: 46930 bytes.
<./figs/Aim2/KneeICR-eps-converted-to.pdf, id=1432, 460.72125pt x 511.9125pt>
File: ./figs/Aim2/KneeICR-eps-converted-to.pdf Graphic file (type pdf)
<use ./figs/Aim2/KneeICR-eps-converted-to.pdf>
Package pdftex.def Info: ./figs/Aim2/KneeICR-eps-converted-to.pdf  used on inpu
t line 110.
(pdftex.def)             Requested size: 375.80542pt x 417.56041pt.
[31] [32 <./figs/Aim2/testJigs.pdf>] [33 <./figs/Aim2/KneeICR-eps-converted-to.
pdf>] [34] [35] [36] [37]
LaTeX Font Info:    Freeze math alphabet allocation in version normal.
(Font)              Allocated math groups: 14 (local: 2) on input line 177.
LaTeX Font Info:    Undo math alphabet allocation in version normal on input li
ne 177.
LaTeX Font Info:    Undo math alphabet allocation in version normal on input li
ne 177.
LaTeX Font Info:    No math alphabet change to frozen version normal on input l
ine 177.
LaTeX Font Info:    No math alphabet change to frozen version normal on input l
ine 177.
LaTeX Font Info:    No math alphabet change to frozen version normal on input l
ine 177.
LaTeX Font Info:    Undo math alphabet allocation in version normal on input li
ne 177.
LaTeX Font Info:    No math alphabet change to frozen version normal on input l
ine 177.
LaTeX Font Info:    No math alphabet change to frozen version normal on input l
ine 177.
LaTeX Font Info:    No math alphabet change to frozen version normal on input l
ine 177.
LaTeX Font Info:    Nested math: keeping math alphabet allocation in version no
rmal on input line 179.
LaTeX Font Info:    Nested math: keeping math alphabet allocation in version no
rmal on input line 179.
LaTeX Font Info:    Nested math: keeping math alphabet allocation in version no
rmal on input line 179.
LaTeX Font Info:    Nested math: keeping math alphabet allocation in version no
rmal on input line 179.
LaTeX Font Info:    Nested math: keeping math alphabet allocation in version no
rmal on input line 184.
LaTeX Font Info:    Nested math: keeping math alphabet allocation in version no
rmal on input line 184.
LaTeX Font Info:    Nested math: keeping math alphabet allocation in version no
rmal on input line 185.
LaTeX Font Info:    Nested math: keeping math alphabet allocation in version no
rmal on input line 186.
LaTeX Font Info:    Nested math: keeping math alphabet allocation in version no
rmal on input line 186.
LaTeX Font Info:    Undo math alphabet allocation in version normal on input li
ne 188.
LaTeX Font Info:    No math alphabet change to frozen version normal on input l
ine 188.
<./figs/Methods/xiFrameTransform.pdf, id=1501, 411.48698pt x 543.32588pt>
File: ./figs/Methods/xiFrameTransform.pdf Graphic file (type pdf)
<use ./figs/Methods/xiFrameTransform.pdf>
Package pdftex.def Info: ./figs/Methods/xiFrameTransform.pdf  used on input lin
e 194.
(pdftex.def)             Requested size: 299.09584pt x 394.92067pt.
LaTeX Font Info:    Undo math alphabet allocation in version normal on input li
ne 200.
LaTeX Font Info:    Undo math alphabet allocation in version normal on input li
ne 200.
LaTeX Font Info:    No math alphabet change to frozen version normal on input l
ine 200.
LaTeX Font Info:    No math alphabet change to frozen version normal on input l
ine 200.
LaTeX Font Info:    No math alphabet change to frozen version normal on input l
ine 200.
LaTeX Font Info:    No math alphabet change to frozen version normal on input l
ine 200.
LaTeX Font Info:    No math alphabet change to frozen version normal on input l
ine 200.
LaTeX Font Info:    No math alphabet change to frozen version normal on input l
ine 200.
LaTeX Font Info:    No math alphabet change to frozen version normal on input l
ine 200.
LaTeX Font Info:    Undo math alphabet allocation in version normal on input li
ne 200.
LaTeX Font Info:    Undo math alphabet allocation in version normal on input li
ne 200.
LaTeX Font Info:    No math alphabet change to frozen version normal on input l
ine 200.
LaTeX Font Info:    No math alphabet change to frozen version normal on input l
ine 200.
LaTeX Font Info:    No math alphabet change to frozen version normal on input l
ine 200.
LaTeX Font Info:    No math alphabet change to frozen version normal on input l
ine 200.
LaTeX Font Info:    No math alphabet change to frozen version normal on input l
ine 200.
LaTeX Font Info:    No math alphabet change to frozen version normal on input l
ine 200.
LaTeX Font Info:    No math alphabet change to frozen version normal on input l
ine 200.

Overfull \hbox (15.95396pt too wide) in paragraph at lines 200--200
[]\OT1/ppl/m/n/12 (-20) Figure 3.4: |[][][][][][]| 
 []

LaTeX Font Info:    Nested math: keeping math alphabet allocation in version no
rmal on input line 204.
LaTeX Font Info:    Nested math: keeping math alphabet allocation in version no
rmal on input line 204.
LaTeX Font Info:    Nested math: keeping math alphabet allocation in version no
rmal on input line 204.
LaTeX Font Info:    Nested math: keeping math alphabet allocation in version no
rmal on input line 204.
LaTeX Font Info:    Nested math: keeping math alphabet allocation in version no
rmal on input line 207.
LaTeX Font Info:    Nested math: keeping math alphabet allocation in version no
rmal on input line 207.
LaTeX Font Info:    Nested math: keeping math alphabet allocation in version no
rmal on input line 207.
LaTeX Font Info:    Nested math: keeping math alphabet allocation in version no
rmal on input line 208.
LaTeX Font Info:    Nested math: keeping math alphabet allocation in version no
rmal on input line 208.
LaTeX Font Info:    Nested math: keeping math alphabet allocation in version no
rmal on input line 208.
LaTeX Font Info:    Nested math: keeping math alphabet allocation in version no
rmal on input line 209.
LaTeX Font Info:    Nested math: keeping math alphabet allocation in version no
rmal on input line 209.
LaTeX Font Info:    Nested math: keeping math alphabet allocation in version no
rmal on input line 209.
LaTeX Font Info:    Nested math: keeping math alphabet allocation in version no
rmal on input line 210.
LaTeX Font Info:    Undo math alphabet allocation in version normal on input li
ne 212.
LaTeX Font Info:    No math alphabet change to frozen version normal on input l
ine 212.
LaTeX Font Info:    Nested math: keeping math alphabet allocation in version no
rmal on input line 216.
LaTeX Font Info:    Nested math: keeping math alphabet allocation in version no
rmal on input line 216.
LaTeX Font Info:    Nested math: keeping math alphabet allocation in version no
rmal on input line 216.
LaTeX Font Info:    Nested math: keeping math alphabet allocation in version no
rmal on input line 216.
[38] [39 <./figs/Methods/xiFrameTransform.pdf>]
LaTeX Font Info:    Undo math alphabet allocation in version normal on input li
ne 219.
LaTeX Font Info:    No math alphabet change to frozen version normal on input l
ine 219.
LaTeX Font Info:    Undo math alphabet allocation in version normal on input li
ne 221.
LaTeX Font Info:    Undo math alphabet allocation in version normal on input li
ne 221.
LaTeX Font Info:    Nested math: keeping math alphabet allocation in version no
rmal on input line 223.
LaTeX Font Info:    Nested math: keeping math alphabet allocation in version no
rmal on input line 223.
LaTeX Font Info:    Nested math: keeping math alphabet allocation in version no
rmal on input line 223.
LaTeX Font Info:    Nested math: keeping math alphabet allocation in version no
rmal on input line 223.
LaTeX Font Info:    Undo math alphabet allocation in version normal on input li
ne 226.
LaTeX Font Info:    No math alphabet change to frozen version normal on input l
ine 226.
LaTeX Font Info:    Undo math alphabet allocation in version normal on input li
ne 228.
LaTeX Font Info:    No math alphabet change to frozen version normal on input l
ine 228.
LaTeX Font Info:    Nested math: keeping math alphabet allocation in version no
rmal on input line 230.
LaTeX Font Info:    Nested math: keeping math alphabet allocation in version no
rmal on input line 230.
LaTeX Font Info:    Nested math: keeping math alphabet allocation in version no
rmal on input line 230.
LaTeX Font Info:    Nested math: keeping math alphabet allocation in version no
rmal on input line 230.
LaTeX Font Info:    Undo math alphabet allocation in version normal on input li
ne 232.
LaTeX Font Info:    No math alphabet change to frozen version normal on input l
ine 232.
LaTeX Font Info:    Nested math: keeping math alphabet allocation in version no
rmal on input line 236.
LaTeX Font Info:    Nested math: keeping math alphabet allocation in version no
rmal on input line 236.
LaTeX Font Info:    Nested math: keeping math alphabet allocation in version no
rmal on input line 236.
LaTeX Font Info:    Nested math: keeping math alphabet allocation in version no
rmal on input line 236.
LaTeX Font Info:    Undo math alphabet allocation in version normal on input li
ne 239.
LaTeX Font Info:    No math alphabet change to frozen version normal on input l
ine 239.
LaTeX Font Info:    Nested math: keeping math alphabet allocation in version no
rmal on input line 243.
LaTeX Font Info:    Nested math: keeping math alphabet allocation in version no
rmal on input line 243.
LaTeX Font Info:    Nested math: keeping math alphabet allocation in version no
rmal on input line 243.
LaTeX Font Info:    Nested math: keeping math alphabet allocation in version no
rmal on input line 243.
LaTeX Font Info:    Undo math alphabet allocation in version normal on input li
ne 246.
LaTeX Font Info:    No math alphabet change to frozen version normal on input l
ine 246.
LaTeX Font Info:    Nested math: keeping math alphabet allocation in version no
rmal on input line 250.
LaTeX Font Info:    Nested math: keeping math alphabet allocation in version no
rmal on input line 250.
LaTeX Font Info:    Nested math: keeping math alphabet allocation in version no
rmal on input line 250.
LaTeX Font Info:    Nested math: keeping math alphabet allocation in version no
rmal on input line 250.
LaTeX Font Info:    Nested math: keeping math alphabet allocation in version no
rmal on input line 251.
LaTeX Font Info:    Nested math: keeping math alphabet allocation in version no
rmal on input line 251.
LaTeX Font Info:    Nested math: keeping math alphabet allocation in version no
rmal on input line 251.
LaTeX Font Info:    Nested math: keeping math alphabet allocation in version no
rmal on input line 251.
 [40]
LaTeX Font Info:    No math alphabet change to frozen version normal on input l
ine 253.
LaTeX Font Info:    No math alphabet change to frozen version normal on input l
ine 253.
LaTeX Font Info:    No math alphabet change to frozen version normal on input l
ine 256.
LaTeX Font Info:    No math alphabet change to frozen version normal on input l
ine 256.
LaTeX Font Info:    No math alphabet change to frozen version normal on input l
ine 256.
LaTeX Font Info:    No math alphabet change to frozen version normal on input l
ine 256.
LaTeX Font Info:    No math alphabet change to frozen version normal on input l
ine 256.
LaTeX Font Info:    Undo math alphabet allocation in version normal on input li
ne 256.
LaTeX Font Info:    No math alphabet change to frozen version normal on input l
ine 256.
LaTeX Font Info:    Nested math: keeping math alphabet allocation in version no
rmal on input line 258.
LaTeX Font Info:    Nested math: keeping math alphabet allocation in version no
rmal on input line 258.
LaTeX Font Info:    Nested math: keeping math alphabet allocation in version no
rmal on input line 258.
LaTeX Font Info:    Nested math: keeping math alphabet allocation in version no
rmal on input line 258.
LaTeX Font Info:    Nested math: keeping math alphabet allocation in version no
rmal on input line 260.
LaTeX Font Info:    Nested math: keeping math alphabet allocation in version no
rmal on input line 260.
LaTeX Font Info:    Nested math: keeping math alphabet allocation in version no
rmal on input line 260.
LaTeX Font Info:    Nested math: keeping math alphabet allocation in version no
rmal on input line 261.
LaTeX Font Info:    Nested math: keeping math alphabet allocation in version no
rmal on input line 261.
LaTeX Font Info:    Nested math: keeping math alphabet allocation in version no
rmal on input line 261.
LaTeX Font Info:    Nested math: keeping math alphabet allocation in version no
rmal on input line 262.
LaTeX Font Info:    Nested math: keeping math alphabet allocation in version no
rmal on input line 263.
LaTeX Font Info:    Nested math: keeping math alphabet allocation in version no
rmal on input line 263.
LaTeX Font Info:    Undo math alphabet allocation in version normal on input li
ne 265.
LaTeX Font Info:    No math alphabet change to frozen version normal on input l
ine 265.
<./figs/Methods/xiProjection.pdf, id=1565, 418.15424pt x 502.27649pt>
File: ./figs/Methods/xiProjection.pdf Graphic file (type pdf)
<use ./figs/Methods/xiProjection.pdf>
Package pdftex.def Info: ./figs/Methods/xiProjection.pdf  used on input line 27
1.
(pdftex.def)             Requested size: 328.79414pt x 394.92067pt.
LaTeX Font Info:    No math alphabet change to frozen version normal on input l
ine 277.
LaTeX Font Info:    No math alphabet change to frozen version normal on input l
ine 277.
LaTeX Font Info:    Undo math alphabet allocation in version normal on input li
ne 277.
LaTeX Font Info:    No math alphabet change to frozen version normal on input l
ine 277.
LaTeX Font Info:    No math alphabet change to frozen version normal on input l
ine 277.
LaTeX Font Info:    No math alphabet change to frozen version normal on input l
ine 277.
LaTeX Font Info:    No math alphabet change to frozen version normal on input l
ine 277.
LaTeX Font Info:    No math alphabet change to frozen version normal on input l
ine 277.
LaTeX Font Info:    No math alphabet change to frozen version normal on input l
ine 277.
LaTeX Font Info:    No math alphabet change to frozen version normal on input l
ine 277.
LaTeX Font Info:    Undo math alphabet allocation in version normal on input li
ne 277.
LaTeX Font Info:    No math alphabet change to frozen version normal on input l
ine 277.
LaTeX Font Info:    No math alphabet change to frozen version normal on input l
ine 277.
LaTeX Font Info:    No math alphabet change to frozen version normal on input l
ine 277.
LaTeX Font Info:    No math alphabet change to frozen version normal on input l
ine 277.
LaTeX Font Info:    No math alphabet change to frozen version normal on input l
ine 277.

Overfull \hbox (15.95396pt too wide) in paragraph at lines 277--277
[]\OT1/ppl/m/n/12 (-20) Figure 3.5: |[][][][][][]| 
 []

LaTeX Font Info:    No math alphabet change to frozen version normal on input l
ine 281.
LaTeX Font Info:    No math alphabet change to frozen version normal on input l
ine 281.
LaTeX Font Info:    No math alphabet change to frozen version normal on input l
ine 281.
LaTeX Font Info:    No math alphabet change to frozen version normal on input l
ine 281.
LaTeX Font Info:    Undo math alphabet allocation in version normal on input li
ne 281.
LaTeX Font Info:    Nested math: keeping math alphabet allocation in version no
rmal on input line 283.
LaTeX Font Info:    Nested math: keeping math alphabet allocation in version no
rmal on input line 283.
LaTeX Font Info:    Nested math: keeping math alphabet allocation in version no
rmal on input line 283.
LaTeX Font Info:    Nested math: keeping math alphabet allocation in version no
rmal on input line 283.
LaTeX Font Info:    Undo math alphabet allocation in version normal on input li
ne 286.
LaTeX Font Info:    No math alphabet change to frozen version normal on input l
ine 286.
[41] [42 <./figs/Methods/xiProjection.pdf>]
LaTeX Font Info:    Nested math: keeping math alphabet allocation in version no
rmal on input line 290.
LaTeX Font Info:    Nested math: keeping math alphabet allocation in version no
rmal on input line 290.
LaTeX Font Info:    Nested math: keeping math alphabet allocation in version no
rmal on input line 290.
LaTeX Font Info:    Nested math: keeping math alphabet allocation in version no
rmal on input line 290.
LaTeX Font Info:    Undo math alphabet allocation in version normal on input li
ne 293.
LaTeX Font Info:    No math alphabet change to frozen version normal on input l
ine 293.
LaTeX Font Info:    Nested math: keeping math alphabet allocation in version no
rmal on input line 297.
LaTeX Font Info:    Nested math: keeping math alphabet allocation in version no
rmal on input line 297.
LaTeX Font Info:    Nested math: keeping math alphabet allocation in version no
rmal on input line 297.
LaTeX Font Info:    Nested math: keeping math alphabet allocation in version no
rmal on input line 297.
LaTeX Font Info:    Undo math alphabet allocation in version normal on input li
ne 300.
LaTeX Font Info:    No math alphabet change to frozen version normal on input l
ine 300.
LaTeX Font Info:    Nested math: keeping math alphabet allocation in version no
rmal on input line 304.
LaTeX Font Info:    Nested math: keeping math alphabet allocation in version no
rmal on input line 304.
LaTeX Font Info:    Nested math: keeping math alphabet allocation in version no
rmal on input line 304.
LaTeX Font Info:    Nested math: keeping math alphabet allocation in version no
rmal on input line 304.
LaTeX Font Info:    Undo math alphabet allocation in version normal on input li
ne 307.
LaTeX Font Info:    No math alphabet change to frozen version normal on input l
ine 307.
LaTeX Font Info:    Undo math alphabet allocation in version normal on input li
ne 309.
LaTeX Font Info:    No math alphabet change to frozen version normal on input l
ine 309.
LaTeX Font Info:    No math alphabet change to frozen version normal on input l
ine 309.
LaTeX Font Info:    No math alphabet change to frozen version normal on input l
ine 309.
LaTeX Font Info:    Nested math: keeping math alphabet allocation in version no
rmal on input line 311.
LaTeX Font Info:    Nested math: keeping math alphabet allocation in version no
rmal on input line 311.
LaTeX Font Info:    Nested math: keeping math alphabet allocation in version no
rmal on input line 311.
LaTeX Font Info:    Nested math: keeping math alphabet allocation in version no
rmal on input line 311.
LaTeX Font Info:    Undo math alphabet allocation in version normal on input li
ne 313.
LaTeX Font Info:    No math alphabet change to frozen version normal on input l
ine 313.
LaTeX Font Info:    No math alphabet change to frozen version normal on input l
ine 315.
LaTeX Font Info:    No math alphabet change to frozen version normal on input l
ine 315.
LaTeX Font Info:    Nested math: keeping math alphabet allocation in version no
rmal on input line 317.
LaTeX Font Info:    Nested math: keeping math alphabet allocation in version no
rmal on input line 317.
LaTeX Font Info:    Nested math: keeping math alphabet allocation in version no
rmal on input line 317.
LaTeX Font Info:    Nested math: keeping math alphabet allocation in version no
rmal on input line 317.
 [43]
LaTeX Font Info:    No math alphabet change to frozen version normal on input l
ine 319.
LaTeX Font Info:    No math alphabet change to frozen version normal on input l
ine 319.
LaTeX Font Info:    No math alphabet change to frozen version normal on input l
ine 321.
LaTeX Font Info:    Nested math: keeping math alphabet allocation in version no
rmal on input line 323.
LaTeX Font Info:    Nested math: keeping math alphabet allocation in version no
rmal on input line 323.
LaTeX Font Info:    Nested math: keeping math alphabet allocation in version no
rmal on input line 323.
LaTeX Font Info:    Nested math: keeping math alphabet allocation in version no
rmal on input line 323.
LaTeX Font Info:    No math alphabet change to frozen version normal on input l
ine 325.
LaTeX Font Info:    No math alphabet change to frozen version normal on input l
ine 325.
LaTeX Font Info:    No math alphabet change to frozen version normal on input l
ine 327.
LaTeX Font Info:    No math alphabet change to frozen version normal on input l
ine 329.
LaTeX Font Info:    No math alphabet change to frozen version normal on input l
ine 329.
LaTeX Font Info:    Nested math: keeping math alphabet allocation in version no
rmal on input line 331.
LaTeX Font Info:    Nested math: keeping math alphabet allocation in version no
rmal on input line 331.
LaTeX Font Info:    Nested math: keeping math alphabet allocation in version no
rmal on input line 331.
LaTeX Font Info:    Nested math: keeping math alphabet allocation in version no
rmal on input line 331.
LaTeX Font Info:    No math alphabet change to frozen version normal on input l
ine 333.
LaTeX Font Info:    No math alphabet change to frozen version normal on input l
ine 333.
LaTeX Font Info:    No math alphabet change to frozen version normal on input l
ine 335.
LaTeX Font Info:    No math alphabet change to frozen version normal on input l
ine 335.


pdfTeX warning: pdflatex.exe (file ./figs/Aim2/bktFrame.pdf): PDF inclusion: fo
und PDF version <1.7>, but at most version <1.5> allowed
<./figs/Aim2/bktFrame.pdf, id=1622, 963.6pt x 542.025pt>
File: ./figs/Aim2/bktFrame.pdf Graphic file (type pdf)
<use ./figs/Aim2/bktFrame.pdf>
Package pdftex.def Info: ./figs/Aim2/bktFrame.pdf  used on input line 341.
(pdftex.def)             Requested size: 469.75499pt x 264.23819pt.
LaTeX Font Info:    No math alphabet change to frozen version normal on input l
ine 343.
LaTeX Font Info:    No math alphabet change to frozen version normal on input l
ine 343.
LaTeX Font Info:    No math alphabet change to frozen version normal on input l
ine 343.
LaTeX Font Info:    No math alphabet change to frozen version normal on input l
ine 343.
LaTeX Font Info:    No math alphabet change to frozen version normal on input l
ine 343.
LaTeX Font Info:    No math alphabet change to frozen version normal on input l
ine 343.
LaTeX Font Info:    No math alphabet change to frozen version normal on input l
ine 343.
LaTeX Font Info:    No math alphabet change to frozen version normal on input l
ine 343.
LaTeX Font Info:    No math alphabet change to frozen version normal on input l
ine 343.
LaTeX Font Info:    No math alphabet change to frozen version normal on input l
ine 343.
LaTeX Font Info:    No math alphabet change to frozen version normal on input l
ine 343.
LaTeX Font Info:    No math alphabet change to frozen version normal on input l
ine 343.
LaTeX Font Info:    No math alphabet change to frozen version normal on input l
ine 347.
LaTeX Font Info:    No math alphabet change to frozen version normal on input l
ine 347.
LaTeX Font Info:    No math alphabet change to frozen version normal on input l
ine 347.
LaTeX Font Info:    No math alphabet change to frozen version normal on input l
ine 347.
LaTeX Font Info:    No math alphabet change to frozen version normal on input l
ine 347.
LaTeX Font Info:    No math alphabet change to frozen version normal on input l
ine 347.
LaTeX Font Info:    No math alphabet change to frozen version normal on input l
ine 347.
LaTeX Font Info:    No math alphabet change to frozen version normal on input l
ine 347.
[44] [45 <./figs/Aim2/bktFrame.pdf>]
LaTeX Font Info:    Nested math: keeping math alphabet allocation in version no
rmal on input line 348.
LaTeX Font Info:    Nested math: keeping math alphabet allocation in version no
rmal on input line 348.
LaTeX Font Info:    Nested math: keeping math alphabet allocation in version no
rmal on input line 348.
LaTeX Font Info:    Nested math: keeping math alphabet allocation in version no
rmal on input line 348.
LaTeX Font Info:    Nested math: keeping math alphabet allocation in version no
rmal on input line 350.
LaTeX Font Info:    Nested math: keeping math alphabet allocation in version no
rmal on input line 350.
LaTeX Font Info:    Nested math: keeping math alphabet allocation in version no
rmal on input line 350.
LaTeX Font Info:    Nested math: keeping math alphabet allocation in version no
rmal on input line 350.
LaTeX Font Info:    Nested math: keeping math alphabet allocation in version no
rmal on input line 350.
LaTeX Font Info:    Nested math: keeping math alphabet allocation in version no
rmal on input line 350.
LaTeX Font Info:    Nested math: keeping math alphabet allocation in version no
rmal on input line 350.
LaTeX Font Info:    Nested math: keeping math alphabet allocation in version no
rmal on input line 350.
LaTeX Font Info:    Nested math: keeping math alphabet allocation in version no
rmal on input line 350.
LaTeX Font Info:    Nested math: keeping math alphabet allocation in version no
rmal on input line 351.
LaTeX Font Info:    Nested math: keeping math alphabet allocation in version no
rmal on input line 351.
LaTeX Font Info:    Nested math: keeping math alphabet allocation in version no
rmal on input line 351.
LaTeX Font Info:    Nested math: keeping math alphabet allocation in version no
rmal on input line 351.
LaTeX Font Info:    Nested math: keeping math alphabet allocation in version no
rmal on input line 351.
LaTeX Font Info:    Nested math: keeping math alphabet allocation in version no
rmal on input line 352.
LaTeX Font Info:    Nested math: keeping math alphabet allocation in version no
rmal on input line 352.
LaTeX Font Info:    Nested math: keeping math alphabet allocation in version no
rmal on input line 352.
LaTeX Font Info:    No math alphabet change to frozen version normal on input l
ine 353.
LaTeX Font Info:    No math alphabet change to frozen version normal on input l
ine 353.
LaTeX Font Info:    No math alphabet change to frozen version normal on input l
ine 355.
LaTeX Font Info:    No math alphabet change to frozen version normal on input l
ine 355.
LaTeX Font Info:    Nested math: keeping math alphabet allocation in version no
rmal on input line 355.
LaTeX Font Info:    No math alphabet change to frozen version normal on input l
ine 355.
LaTeX Font Info:    No math alphabet change to frozen version normal on input l
ine 355.
LaTeX Font Info:    Nested math: keeping math alphabet allocation in version no
rmal on input line 357.
LaTeX Font Info:    Nested math: keeping math alphabet allocation in version no
rmal on input line 357.
LaTeX Font Info:    Nested math: keeping math alphabet allocation in version no
rmal on input line 357.
LaTeX Font Info:    Nested math: keeping math alphabet allocation in version no
rmal on input line 357.
LaTeX Font Info:    No math alphabet change to frozen version normal on input l
ine 360.
LaTeX Font Info:    No math alphabet change to frozen version normal on input l
ine 360.
LaTeX Font Info:    No math alphabet change to frozen version normal on input l
ine 362.
LaTeX Font Info:    Nested math: keeping math alphabet allocation in version no
rmal on input line 364.
LaTeX Font Info:    Nested math: keeping math alphabet allocation in version no
rmal on input line 364.
LaTeX Font Info:    Nested math: keeping math alphabet allocation in version no
rmal on input line 364.
LaTeX Font Info:    Nested math: keeping math alphabet allocation in version no
rmal on input line 364.
LaTeX Font Info:    Nested math: keeping math alphabet allocation in version no
rmal on input line 365.
LaTeX Font Info:    No math alphabet change to frozen version normal on input l
ine 366.
LaTeX Font Info:    No math alphabet change to frozen version normal on input l
ine 366.
LaTeX Font Info:    No math alphabet change to frozen version normal on input l
ine 368.
LaTeX Font Info:    No math alphabet change to frozen version normal on input l
ine 368.
LaTeX Font Info:    No math alphabet change to frozen version normal on input l
ine 368.
LaTeX Font Info:    No math alphabet change to frozen version normal on input l
ine 368.
LaTeX Font Info:    No math alphabet change to frozen version normal on input l
ine 368.
LaTeX Font Info:    No math alphabet change to frozen version normal on input l
ine 368.
LaTeX Font Info:    No math alphabet change to frozen version normal on input l
ine 368.
LaTeX Font Info:    No math alphabet change to frozen version normal on input l
ine 368.
LaTeX Font Info:    No math alphabet change to frozen version normal on input l
ine 368.
 [46]
LaTeX Font Info:    No math alphabet change to frozen version normal on input l
ine 370.
LaTeX Font Info:    No math alphabet change to frozen version normal on input l
ine 370.
LaTeX Font Info:    No math alphabet change to frozen version normal on input l
ine 370.
LaTeX Font Info:    No math alphabet change to frozen version normal on input l
ine 370.
LaTeX Font Info:    No math alphabet change to frozen version normal on input l
ine 370.
LaTeX Font Info:    No math alphabet change to frozen version normal on input l
ine 370.
LaTeX Font Info:    No math alphabet change to frozen version normal on input l
ine 376.
LaTeX Font Info:    No math alphabet change to frozen version normal on input l
ine 376.
LaTeX Font Info:    No math alphabet change to frozen version normal on input l
ine 376.
LaTeX Font Info:    No math alphabet change to frozen version normal on input l
ine 376.
LaTeX Font Info:    Undo math alphabet allocation in version normal on input li
ne 376.
LaTeX Font Info:    Nested math: keeping math alphabet allocation in version no
rmal on input line 376.
LaTeX Font Info:    Undo math alphabet allocation in version normal on input li
ne 376.
 [47]
LaTeX Font Info:    Nested math: keeping math alphabet allocation in version no
rmal on input line 381.
LaTeX Font Info:    Nested math: keeping math alphabet allocation in version no
rmal on input line 381.
LaTeX Font Info:    Nested math: keeping math alphabet allocation in version no
rmal on input line 381.
LaTeX Font Info:    Nested math: keeping math alphabet allocation in version no
rmal on input line 381.
LaTeX Font Info:    Nested math: keeping math alphabet allocation in version no
rmal on input line 382.
LaTeX Font Info:    Nested math: keeping math alphabet allocation in version no
rmal on input line 382.
LaTeX Font Info:    Nested math: keeping math alphabet allocation in version no
rmal on input line 382.
LaTeX Font Info:    Nested math: keeping math alphabet allocation in version no
rmal on input line 382.
LaTeX Font Info:    No math alphabet change to frozen version normal on input l
ine 384.
LaTeX Font Info:    No math alphabet change to frozen version normal on input l
ine 384.
LaTeX Font Info:    Nested math: keeping math alphabet allocation in version no
rmal on input line 385.
LaTeX Font Info:    No math alphabet change to frozen version normal on input l
ine 385.
LaTeX Font Info:    No math alphabet change to frozen version normal on input l
ine 385.
LaTeX Font Info:    Nested math: keeping math alphabet allocation in version no
rmal on input line 385.
LaTeX Font Info:    No math alphabet change to frozen version normal on input l
ine 385.
LaTeX Font Info:    No math alphabet change to frozen version normal on input l
ine 385.
LaTeX Font Info:    No math alphabet change to frozen version normal on input l
ine 385.
LaTeX Font Info:    Nested math: keeping math alphabet allocation in version no
rmal on input line 385.
LaTeX Font Info:    No math alphabet change to frozen version normal on input l
ine 385.
LaTeX Font Info:    Nested math: keeping math alphabet allocation in version no
rmal on input line 385.
LaTeX Font Info:    No math alphabet change to frozen version normal on input l
ine 385.
 [48] [49] [50] [51]
LaTeX Font Info:    No math alphabet change to frozen version normal on input l
ine 405.
LaTeX Font Info:    No math alphabet change to frozen version normal on input l
ine 405.
 [52]
<figs/Preliminary/AnimatLab_reference/OurWalker.png, id=1732, 346.29375pt x 307
.1475pt>
File: figs/Preliminary/AnimatLab_reference/OurWalker.png Graphic file (type png
)
<use figs/Preliminary/AnimatLab_reference/OurWalker.png>
Package pdftex.def Info: figs/Preliminary/AnimatLab_reference/OurWalker.png  us
ed on input line 413.
(pdftex.def)             Requested size: 185.52687pt x 164.55428pt.
<figs/Preliminary/AnimatLab_reference/2layerImprove.png, id=1734, 891.33pt x 37
9.4175pt>
File: figs/Preliminary/AnimatLab_reference/2layerImprove.png Graphic file (type
 png)
<use figs/Preliminary/AnimatLab_reference/2layerImprove.png>
Package pdftex.def Info: figs/Preliminary/AnimatLab_reference/2layerImprove.png
  used on input line 415.
(pdftex.def)             Requested size: 399.44913pt x 170.03577pt.
<figs/Preliminary/AnimatLab_reference/RGnetwork.PNG, id=1735, 374.90062pt x 356
.0803pt>
File: figs/Preliminary/AnimatLab_reference/RGnetwork.PNG Graphic file (type png
)
<use figs/Preliminary/AnimatLab_reference/RGnetwork.PNG>
Package pdftex.def Info: figs/Preliminary/AnimatLab_reference/RGnetwork.PNG  us
ed on input line 424.
(pdftex.def)             Requested size: 115.49149pt x 109.69371pt.
<figs/Preliminary/AnimatLab_reference/PFnetwork.PNG, id=1736, 397.485pt x 339.5
1843pt>
File: figs/Preliminary/AnimatLab_reference/PFnetwork.PNG Graphic file (type png
)
<use figs/Preliminary/AnimatLab_reference/PFnetwork.PNG>
Package pdftex.def Info: figs/Preliminary/AnimatLab_reference/PFnetwork.PNG  us
ed on input line 428.
(pdftex.def)             Requested size: 128.42294pt x 109.6946pt.
<figs/Preliminary/AnimatLab_reference/sensoryMotor_Network.PNG, id=1737, 571.38
469pt x 597.73312pt>
File: figs/Preliminary/AnimatLab_reference/sensoryMotor_Network.PNG Graphic fil
e (type png)
<use figs/Preliminary/AnimatLab_reference/sensoryMotor_Network.PNG>
Package pdftex.def Info: figs/Preliminary/AnimatLab_reference/sensoryMotor_Netw
ork.PNG  used on input line 432.
(pdftex.def)             Requested size: 204.48643pt x 213.91599pt.
<figs/Preliminary/animatlab_body_gui.png, id=1738, 1445.4pt x 775.39688pt>
File: figs/Preliminary/animatlab_body_gui.png Graphic file (type png)
<use figs/Preliminary/animatlab_body_gui.png>
Package pdftex.def Info: figs/Preliminary/animatlab_body_gui.png  used on input
 line 439.
(pdftex.def)             Requested size: 316.9524pt x 170.03175pt.
<figs/Preliminary/animatlab_network_gui.png, id=1739, 1445.4pt x 775.39688pt>
File: figs/Preliminary/animatlab_network_gui.png Graphic file (type png)
<use figs/Preliminary/animatlab_network_gui.png>
Package pdftex.def Info: figs/Preliminary/animatlab_network_gui.png  used on in
put line 441.
(pdftex.def)             Requested size: 316.9524pt x 170.03175pt.
LaTeX Font Info:    No math alphabet change to frozen version normal on input l
ine 451.
LaTeX Font Info:    No math alphabet change to frozen version normal on input l
ine 451.
LaTeX Font Info:    No math alphabet change to frozen version normal on input l
ine 451.
LaTeX Font Info:    No math alphabet change to frozen version normal on input l
ine 451.

[53] [54 <./figs/Preliminary/AnimatLab_reference/OurWalker.png> <./figs/Prelimi
nary/AnimatLab_reference/2layerImprove.png>] [55 <./figs/Preliminary/AnimatLab_
reference/RGnetwork.PNG> <./figs/Preliminary/AnimatLab_reference/PFnetwork.PNG>
 <./figs/Preliminary/AnimatLab_reference/sensoryMotor_Network.PNG>] [56 <./figs
/Preliminary/animatlab_body_gui.png> <./figs/Preliminary/animatlab_network_gui.
png>]
<figs/Preliminary/mujoco_converted_robot.png, id=1762, 1003.75pt x 1505.625pt>
File: figs/Preliminary/mujoco_converted_robot.png Graphic file (type png)
<use figs/Preliminary/mujoco_converted_robot.png>
Package pdftex.def Info: figs/Preliminary/mujoco_converted_robot.png  used on i
nput line 458.
(pdftex.def)             Requested size: 193.79298pt x 290.68948pt.
<figs/Preliminary/mujoco_synthetic_knee.png, id=1763, 1003.75pt x 1505.625pt>
File: figs/Preliminary/mujoco_synthetic_knee.png Graphic file (type png)
<use figs/Preliminary/mujoco_synthetic_knee.png>
Package pdftex.def Info: figs/Preliminary/mujoco_synthetic_knee.png  used on in
put line 462.
(pdftex.def)             Requested size: 193.79298pt x 290.68948pt.
LaTeX Font Info:    No math alphabet change to frozen version normal on input l
ine 464.
LaTeX Font Info:    No math alphabet change to frozen version normal on input l
ine 464.
LaTeX Font Info:    No math alphabet change to frozen version normal on input l
ine 464.
LaTeX Font Info:    No math alphabet change to frozen version normal on input l
ine 464.
 [57] [58 <./figs/Preliminary/mujoco_converted_robot.png (PNG copy)> <./figs/Pr
eliminary/mujoco_synthetic_knee.png (PNG copy)>]
<figs/Preliminary/simulink_sns_library_grid.png, id=1775, 660.5478pt x 447.5922
pt>
File: figs/Preliminary/simulink_sns_library_grid.png Graphic file (type png)
<use figs/Preliminary/simulink_sns_library_grid.png>
Package pdftex.def Info: figs/Preliminary/simulink_sns_library_grid.png  used o
n input line 474.
(pdftex.def)             Requested size: 339.9793pt x 230.37254pt.
<figs/Preliminary/simulink_neuron_detail.png, id=1776, 648.2619pt x 215.8464pt>

File: figs/Preliminary/simulink_neuron_detail.png Graphic file (type png)
<use figs/Preliminary/simulink_neuron_detail.png>
Package pdftex.def Info: figs/Preliminary/simulink_neuron_detail.png  used on i
nput line 476.
(pdftex.def)             Requested size: 345.95117pt x 115.18849pt.
<figs/Preliminary/simulink_knee_reflex_arranged.png, id=1777, 1967.4303pt x 151
6.7064pt>
File: figs/Preliminary/simulink_knee_reflex_arranged.png Graphic file (type png
)
<use figs/Preliminary/simulink_knee_reflex_arranged.png>
Package pdftex.def Info: figs/Preliminary/simulink_knee_reflex_arranged.png  us
ed on input line 483.
(pdftex.def)             Requested size: 548.50511pt x 422.8466pt.
LaTeX Font Info:    No math alphabet change to frozen version normal on input l
ine 486.
) [59] [60 <./figs/Preliminary/simulink_sns_library_grid.png> <./figs/Prelimina
ry/simulink_neuron_detail.png>] [61 <./figs/Preliminary/simulink_knee_reflex_ar
ranged.png>]
\openout2 = `chapters/30-results.aux'.


(chapters/30-results.tex
Chapter 4.
LaTeX Font Info:    No math alphabet change to frozen version normal on input l
ine 11.
LaTeX Font Info:    No math alphabet change to frozen version normal on input l
ine 11.
[62




]
LaTeX Font Info:    No math alphabet change to frozen version normal on input l
ine 16.
LaTeX Font Info:    No math alphabet change to frozen version normal on input l
ine 16.
LaTeX Font Info:    No math alphabet change to frozen version normal on input l
ine 16.
LaTeX Font Info:    No math alphabet change to frozen version normal on input l
ine 16.
LaTeX Font Info:    No math alphabet change to frozen version normal on input l
ine 16.
LaTeX Font Info:    No math alphabet change to frozen version normal on input l
ine 16.
LaTeX Font Info:    No math alphabet change to frozen version normal on input l
ine 16.
LaTeX Font Info:    No math alphabet change to frozen version normal on input l
ine 16.
LaTeX Font Info:    No math alphabet change to frozen version normal on input l
ine 16.
LaTeX Font Info:    No math alphabet change to frozen version normal on input l
ine 16.
LaTeX Font Info:    Nested math: keeping math alphabet allocation in version no
rmal on input line 20.
LaTeX Font Info:    Nested math: keeping math alphabet allocation in version no
rmal on input line 20.
LaTeX Font Info:    Nested math: keeping math alphabet allocation in version no
rmal on input line 20.
LaTeX Font Info:    Nested math: keeping math alphabet allocation in version no
rmal on input line 20.
LaTeX Font Info:    Nested math: keeping math alphabet allocation in version no
rmal on input line 20.
LaTeX Font Info:    Nested math: keeping math alphabet allocation in version no
rmal on input line 20.
LaTeX Font Info:    Nested math: keeping math alphabet allocation in version no
rmal on input line 20.
LaTeX Font Info:    Nested math: keeping math alphabet allocation in version no
rmal on input line 20.
LaTeX Font Info:    Nested math: keeping math alphabet allocation in version no
rmal on input line 20.
LaTeX Font Info:    Nested math: keeping math alphabet allocation in version no
rmal on input line 20.
LaTeX Font Info:    Nested math: keeping math alphabet allocation in version no
rmal on input line 20.
LaTeX Font Info:    No math alphabet change to frozen version normal on input l
ine 20.
LaTeX Font Info:    No math alphabet change to frozen version normal on input l
ine 23.
LaTeX Font Info:    No math alphabet change to frozen version normal on input l
ine 23.
LaTeX Font Info:    No math alphabet change to frozen version normal on input l
ine 23.
LaTeX Font Info:    No math alphabet change to frozen version normal on input l
ine 23.
 [63]
Package epstopdf Info: Source file: <./figs/Aim1/02a_MaxForce10.eps>
(epstopdf)                    date: 2026-09-26 23:30:28
(epstopdf)                    size: 39995 bytes
(epstopdf)             Output file: <./figs/Aim1/02a_MaxForce10-eps-converted-t
o.pdf>
(epstopdf)                    date: 2026-09-26 23:30:28
(epstopdf)                    size: 13910 bytes
(epstopdf)             Command: <miktex-epstopdf --outfile=./figs/Aim1/02a_MaxF
orce10-eps-converted-to.pdf ./figs/Aim1/02a_MaxForce10.eps>
(epstopdf)             \includegraphics on input line 29.
Package epstopdf Info: Output file is already uptodate.
<./figs/Aim1/02a_MaxForce10-eps-converted-to.pdf, id=1827, 398.48875pt x 323.20
75pt>
File: ./figs/Aim1/02a_MaxForce10-eps-converted-to.pdf Graphic file (type pdf)
<use ./figs/Aim1/02a_MaxForce10-eps-converted-to.pdf>
Package pdftex.def Info: ./figs/Aim1/02a_MaxForce10-eps-converted-to.pdf  used 
on input line 29.
(pdftex.def)             Requested size: 392.64812pt x 318.48209pt.
Package epstopdf Info: Source file: <./figs/Aim1/02b_MaxForce20.eps>
(epstopdf)                    date: 2026-09-26 23:30:28
(epstopdf)                    size: 42676 bytes
(epstopdf)             Output file: <./figs/Aim1/02b_MaxForce20-eps-converted-t
o.pdf>
(epstopdf)                    date: 2026-09-26 23:30:28
(epstopdf)                    size: 19406 bytes
(epstopdf)             Command: <miktex-epstopdf --outfile=./figs/Aim1/02b_MaxF
orce20-eps-converted-to.pdf ./figs/Aim1/02b_MaxForce20.eps>
(epstopdf)             \includegraphics on input line 30.
Package epstopdf Info: Output file is already uptodate.
<./figs/Aim1/02b_MaxForce20-eps-converted-to.pdf, id=1828, 398.48875pt x 301.12
5pt>
File: ./figs/Aim1/02b_MaxForce20-eps-converted-to.pdf Graphic file (type pdf)
<use ./figs/Aim1/02b_MaxForce20-eps-converted-to.pdf>
Package pdftex.def Info: ./figs/Aim1/02b_MaxForce20-eps-converted-to.pdf  used 
on input line 30.
(pdftex.def)             Requested size: 392.64812pt x 296.72243pt.
LaTeX Font Info:    No math alphabet change to frozen version normal on input l
ine 33.
LaTeX Font Info:    No math alphabet change to frozen version normal on input l
ine 33.
LaTeX Font Info:    No math alphabet change to frozen version normal on input l
ine 33.
LaTeX Font Info:    No math alphabet change to frozen version normal on input l
ine 33.
LaTeX Font Info:    No math alphabet change to frozen version normal on input l
ine 33.
LaTeX Font Info:    No math alphabet change to frozen version normal on input l
ine 33.
LaTeX Font Info:    No math alphabet change to frozen version normal on input l
ine 33.
LaTeX Font Info:    No math alphabet change to frozen version normal on input l
ine 33.
LaTeX Font Info:    No math alphabet change to frozen version normal on input l
ine 33.
LaTeX Font Info:    No math alphabet change to frozen version normal on input l
ine 33.
LaTeX Font Info:    No math alphabet change to frozen version normal on input l
ine 33.
LaTeX Font Info:    No math alphabet change to frozen version normal on input l
ine 33.
LaTeX Font Info:    No math alphabet change to frozen version normal on input l
ine 33.
LaTeX Font Info:    No math alphabet change to frozen version normal on input l
ine 33.
LaTeX Font Info:    No math alphabet change to frozen version normal on input l
ine 33.
LaTeX Font Info:    No math alphabet change to frozen version normal on input l
ine 33.
LaTeX Font Info:    No math alphabet change to frozen version normal on input l
ine 33.
LaTeX Font Info:    No math alphabet change to frozen version normal on input l
ine 33.
LaTeX Font Info:    No math alphabet change to frozen version normal on input l
ine 33.
LaTeX Font Info:    No math alphabet change to frozen version normal on input l
ine 33.
 [64]
Overfull \vbox (193.42444pt too high) has occurred while \output is active []


Overfull \vbox (193.42444pt too high) has occurred while \output is active []


[65 <./figs/Aim1/02a_MaxForce10-eps-converted-to.pdf> <./figs/Aim1/02b_MaxForce
20-eps-converted-to.pdf>]
LaTeX Font Info:    No math alphabet change to frozen version normal on input l
ine 41.
LaTeX Font Info:    No math alphabet change to frozen version normal on input l
ine 41.
LaTeX Font Info:    No math alphabet change to frozen version normal on input l
ine 41.
LaTeX Font Info:    No math alphabet change to frozen version normal on input l
ine 41.
LaTeX Font Info:    No math alphabet change to frozen version normal on input l
ine 41.
LaTeX Font Info:    No math alphabet change to frozen version normal on input l
ine 42.
LaTeX Font Info:    No math alphabet change to frozen version normal on input l
ine 42.
LaTeX Font Info:    No math alphabet change to frozen version normal on input l
ine 42.
LaTeX Font Info:    No math alphabet change to frozen version normal on input l
ine 42.
LaTeX Font Info:    No math alphabet change to frozen version normal on input l
ine 42.
LaTeX Font Info:    No math alphabet change to frozen version normal on input l
ine 42.
LaTeX Font Info:    No math alphabet change to frozen version normal on input l
ine 42.
LaTeX Font Info:    No math alphabet change to frozen version normal on input l
ine 42.
LaTeX Font Info:    No math alphabet change to frozen version normal on input l
ine 47.
LaTeX Font Info:    No math alphabet change to frozen version normal on input l
ine 47.
LaTeX Font Info:    Nested math: keeping math alphabet allocation in version no
rmal on input line 47.
LaTeX Font Info:    No math alphabet change to frozen version normal on input l
ine 47.
LaTeX Font Info:    No math alphabet change to frozen version normal on input l
ine 47.
LaTeX Font Info:    No math alphabet change to frozen version normal on input l
ine 47.
LaTeX Font Info:    Nested math: keeping math alphabet allocation in version no
rmal on input line 47.
LaTeX Font Info:    No math alphabet change to frozen version normal on input l
ine 47.
LaTeX Font Info:    Nested math: keeping math alphabet allocation in version no
rmal on input line 122.
LaTeX Font Info:    No math alphabet change to frozen version normal on input l
ine 122.
LaTeX Font Info:    Nested math: keeping math alphabet allocation in version no
rmal on input line 122.
LaTeX Font Info:    No math alphabet change to frozen version normal on input l
ine 122.
LaTeX Font Info:    No math alphabet change to frozen version normal on input l
ine 122.
LaTeX Font Info:    No math alphabet change to frozen version normal on input l
ine 122.
LaTeX Font Info:    No math alphabet change to frozen version normal on input l
ine 122.
LaTeX Font Info:    No math alphabet change to frozen version normal on input l
ine 122.
LaTeX Font Info:    No math alphabet change to frozen version normal on input l
ine 122.
LaTeX Font Info:    No math alphabet change to frozen version normal on input l
ine 122.

Underfull \hbox (badness 10000) in alignment at lines 122--122
[][][][][][][][][] 
 []

LaTeX Font Info:    No math alphabet change to frozen version normal on input l
ine 122.
LaTeX Font Info:    No math alphabet change to frozen version normal on input l
ine 128.
LaTeX Font Info:    No math alphabet change to frozen version normal on input l
ine 128.
LaTeX Font Info:    No math alphabet change to frozen version normal on input l
ine 130.
LaTeX Font Info:    No math alphabet change to frozen version normal on input l
ine 130.
LaTeX Font Info:    No math alphabet change to frozen version normal on input l
ine 130.
LaTeX Font Info:    No math alphabet change to frozen version normal on input l
ine 130.
LaTeX Font Info:    No math alphabet change to frozen version normal on input l
ine 130.
LaTeX Font Info:    No math alphabet change to frozen version normal on input l
ine 130.
LaTeX Font Info:    No math alphabet change to frozen version normal on input l
ine 130.
LaTeX Font Info:    No math alphabet change to frozen version normal on input l
ine 130.
LaTeX Font Info:    No math alphabet change to frozen version normal on input l
ine 130.
LaTeX Font Info:    Nested math: keeping math alphabet allocation in version no
rmal on input line 130.
LaTeX Font Info:    No math alphabet change to frozen version normal on input l
ine 130.
LaTeX Font Info:    Nested math: keeping math alphabet allocation in version no
rmal on input line 130.
LaTeX Font Info:    No math alphabet change to frozen version normal on input l
ine 130.
LaTeX Font Info:    No math alphabet change to frozen version normal on input l
ine 130.
[66]
LaTeX Font Info:    No math alphabet change to frozen version normal on input l
ine 136.
LaTeX Font Info:    No math alphabet change to frozen version normal on input l
ine 136.
LaTeX Font Info:    No math alphabet change to frozen version normal on input l
ine 136.
Package epstopdf Info: Source file: <./figs/Aim1/03a_MaxForce10_all.eps>
(epstopdf)                    date: 2026-09-26 23:30:28
(epstopdf)                    size: 12954 bytes
(epstopdf)             Output file: <./figs/Aim1/03a_MaxForce10_all-eps-convert
ed-to.pdf>
(epstopdf)                    date: 2026-09-26 23:30:28
(epstopdf)                    size: 17842 bytes
(epstopdf)             Command: <miktex-epstopdf --outfile=./figs/Aim1/03a_MaxF
orce10_all-eps-converted-to.pdf ./figs/Aim1/03a_MaxForce10_all.eps>
(epstopdf)             \includegraphics on input line 146.
Package epstopdf Info: Output file is already uptodate.
<./figs/Aim1/03a_MaxForce10_all-eps-converted-to.pdf, id=1881, 398.48875pt x 30
7.1475pt>
File: ./figs/Aim1/03a_MaxForce10_all-eps-converted-to.pdf Graphic file (type pd
f)
<use ./figs/Aim1/03a_MaxForce10_all-eps-converted-to.pdf>
Package pdftex.def Info: ./figs/Aim1/03a_MaxForce10_all-eps-converted-to.pdf  u
sed on input line 146.
(pdftex.def)             Requested size: 378.42174pt x 291.69005pt.
Package epstopdf Info: Source file: <./figs/Aim1/03b_kmax10.eps>
(epstopdf)                    date: 2026-09-26 23:30:28
(epstopdf)                    size: 12281 bytes
(epstopdf)             Output file: <./figs/Aim1/03b_kmax10-eps-converted-to.pd
f>
(epstopdf)                    date: 2026-09-26 23:30:28
(epstopdf)                    size: 12633 bytes
(epstopdf)             Command: <miktex-epstopdf --outfile=./figs/Aim1/03b_kmax
10-eps-converted-to.pdf ./figs/Aim1/03b_kmax10.eps>
(epstopdf)             \includegraphics on input line 147.
Package epstopdf Info: Output file is already uptodate.
<./figs/Aim1/03b_kmax10-eps-converted-to.pdf, id=1882, 398.48875pt x 299.1175pt
>
File: ./figs/Aim1/03b_kmax10-eps-converted-to.pdf Graphic file (type pdf)
<use ./figs/Aim1/03b_kmax10-eps-converted-to.pdf>
Package pdftex.def Info: ./figs/Aim1/03b_kmax10-eps-converted-to.pdf  used on i
nput line 147.
(pdftex.def)             Requested size: 392.64812pt x 294.7443pt.
LaTeX Font Info:    No math alphabet change to frozen version normal on input l
ine 149.
LaTeX Font Info:    No math alphabet change to frozen version normal on input l
ine 149.
LaTeX Font Info:    No math alphabet change to frozen version normal on input l
ine 149.
LaTeX Font Info:    No math alphabet change to frozen version normal on input l
ine 149.
LaTeX Font Info:    No math alphabet change to frozen version normal on input l
ine 149.
LaTeX Font Info:    No math alphabet change to frozen version normal on input l
ine 149.
LaTeX Font Info:    No math alphabet change to frozen version normal on input l
ine 149.
LaTeX Font Info:    No math alphabet change to frozen version normal on input l
ine 149.
LaTeX Font Info:    No math alphabet change to frozen version normal on input l
ine 149.
LaTeX Font Info:    No math alphabet change to frozen version normal on input l
ine 149.
LaTeX Font Info:    No math alphabet change to frozen version normal on input l
ine 149.
LaTeX Font Info:    No math alphabet change to frozen version normal on input l
ine 149.
LaTeX Font Info:    No math alphabet change to frozen version normal on input l
ine 149.
LaTeX Font Info:    No math alphabet change to frozen version normal on input l
ine 149.
LaTeX Font Info:    No math alphabet change to frozen version normal on input l
ine 149.
LaTeX Font Info:    No math alphabet change to frozen version normal on input l
ine 149.
LaTeX Font Info:    No math alphabet change to frozen version normal on input l
ine 149.
LaTeX Font Info:    No math alphabet change to frozen version normal on input l
ine 149.
LaTeX Font Info:    No math alphabet change to frozen version normal on input l
ine 149.
LaTeX Font Info:    No math alphabet change to frozen version normal on input l
ine 149.
LaTeX Font Info:    No math alphabet change to frozen version normal on input l
ine 149.
LaTeX Font Info:    No math alphabet change to frozen version normal on input l
ine 149.
LaTeX Font Info:    No math alphabet change to frozen version normal on input l
ine 149.
LaTeX Font Info:    No math alphabet change to frozen version normal on input l
ine 149.
LaTeX Font Info:    No math alphabet change to frozen version normal on input l
ine 149.
LaTeX Font Info:    No math alphabet change to frozen version normal on input l
ine 149.
LaTeX Font Info:    No math alphabet change to frozen version normal on input l
ine 149.
LaTeX Font Info:    No math alphabet change to frozen version normal on input l
ine 149.
LaTeX Font Info:    No math alphabet change to frozen version normal on input l
ine 149.
LaTeX Font Info:    No math alphabet change to frozen version normal on input l
ine 149.
 [67]
Overfull \vbox (179.15427pt too high) has occurred while \output is active []


Overfull \vbox (179.15427pt too high) has occurred while \output is active []


[68 <./figs/Aim1/03a_MaxForce10_all-eps-converted-to.pdf> <./figs/Aim1/03b_kmax
10-eps-converted-to.pdf>]
Package epstopdf Info: Source file: <./figs/Aim1/04a_FStar10.eps>
(epstopdf)                    date: 2026-09-26 23:30:28
(epstopdf)                    size: 992546 bytes
(epstopdf)             Output file: <./figs/Aim1/04a_FStar10-eps-converted-to.p
df>
(epstopdf)                    date: 2026-09-26 23:30:28
(epstopdf)                    size: 105367 bytes
(epstopdf)             Command: <miktex-epstopdf --outfile=./figs/Aim1/04a_FSta
r10-eps-converted-to.pdf ./figs/Aim1/04a_FStar10.eps>
(epstopdf)             \includegraphics on input line 159.
Package epstopdf Info: Output file is already uptodate.
<./figs/Aim1/04a_FStar10-eps-converted-to.pdf, id=1901, 349.305pt x 322.20375pt
>
File: ./figs/Aim1/04a_FStar10-eps-converted-to.pdf Graphic file (type pdf)
<use ./figs/Aim1/04a_FStar10-eps-converted-to.pdf>
Package pdftex.def Info: ./figs/Aim1/04a_FStar10-eps-converted-to.pdf  used on 
input line 159.
(pdftex.def)             Requested size: 309.56612pt x 285.56573pt.
Package epstopdf Info: Source file: <./figs/Aim1/04b_FStar20.eps>
(epstopdf)                    date: 2026-09-26 23:30:28
(epstopdf)                    size: 39006 bytes
(epstopdf)             Output file: <./figs/Aim1/04b_FStar20-eps-converted-to.p
df>
(epstopdf)                    date: 2026-09-26 23:30:28
(epstopdf)                    size: 15300 bytes
(epstopdf)             Command: <miktex-epstopdf --outfile=./figs/Aim1/04b_FSta
r20-eps-converted-to.pdf ./figs/Aim1/04b_FStar20.eps>
(epstopdf)             \includegraphics on input line 160.
Package epstopdf Info: Output file is already uptodate.
<./figs/Aim1/04b_FStar20-eps-converted-to.pdf, id=1902, 339.2675pt x 322.20375p
t>
File: ./figs/Aim1/04b_FStar20-eps-converted-to.pdf Graphic file (type pdf)
<use ./figs/Aim1/04b_FStar20-eps-converted-to.pdf>
Package pdftex.def Info: ./figs/Aim1/04b_FStar20-eps-converted-to.pdf  used on 
input line 160.
(pdftex.def)             Requested size: 309.56612pt x 294.00725pt.
LaTeX Font Info:    No math alphabet change to frozen version normal on input l
ine 162.
LaTeX Font Info:    No math alphabet change to frozen version normal on input l
ine 162.
LaTeX Font Info:    No math alphabet change to frozen version normal on input l
ine 162.
LaTeX Font Info:    No math alphabet change to frozen version normal on input l
ine 162.
LaTeX Font Info:    No math alphabet change to frozen version normal on input l
ine 162.
LaTeX Font Info:    No math alphabet change to frozen version normal on input l
ine 162.
LaTeX Font Info:    No math alphabet change to frozen version normal on input l
ine 162.
LaTeX Font Info:    No math alphabet change to frozen version normal on input l
ine 162.
LaTeX Font Info:    No math alphabet change to frozen version normal on input l
ine 162.
LaTeX Font Info:    No math alphabet change to frozen version normal on input l
ine 162.
LaTeX Font Info:    No math alphabet change to frozen version normal on input l
ine 162.
LaTeX Font Info:    No math alphabet change to frozen version normal on input l
ine 162.
LaTeX Font Info:    No math alphabet change to frozen version normal on input l
ine 162.
LaTeX Font Info:    No math alphabet change to frozen version normal on input l
ine 162.
LaTeX Font Info:    No math alphabet change to frozen version normal on input l
ine 162.
LaTeX Font Info:    No math alphabet change to frozen version normal on input l
ine 162.
LaTeX Font Info:    No math alphabet change to frozen version normal on input l
ine 162.
LaTeX Font Info:    No math alphabet change to frozen version normal on input l
ine 162.
LaTeX Font Info:    No math alphabet change to frozen version normal on input l
ine 162.
LaTeX Font Info:    No math alphabet change to frozen version normal on input l
ine 162.
LaTeX Font Info:    No math alphabet change to frozen version normal on input l
ine 162.
LaTeX Font Info:    No math alphabet change to frozen version normal on input l
ine 162.
LaTeX Font Info:    No math alphabet change to frozen version normal on input l
ine 162.
LaTeX Font Info:    No math alphabet change to frozen version normal on input l
ine 162.
LaTeX Font Info:    No math alphabet change to frozen version normal on input l
ine 162.
LaTeX Font Info:    No math alphabet change to frozen version normal on input l
ine 162.
LaTeX Font Info:    No math alphabet change to frozen version normal on input l
ine 162.
LaTeX Font Info:    No math alphabet change to frozen version normal on input l
ine 162.

Overfull \vbox (186.79291pt too high) has occurred while \output is active []


Overfull \vbox (186.79291pt too high) has occurred while \output is active []


[69 <./figs/Aim1/04a_FStar10-eps-converted-to.pdf> <./figs/Aim1/04b_FStar20-eps
-converted-to.pdf>]
LaTeX Font Info:    No math alphabet change to frozen version normal on input l
ine 165.
LaTeX Font Info:    No math alphabet change to frozen version normal on input l
ine 165.
LaTeX Font Info:    No math alphabet change to frozen version normal on input l
ine 165.
LaTeX Font Info:    No math alphabet change to frozen version normal on input l
ine 165.
LaTeX Font Info:    No math alphabet change to frozen version normal on input l
ine 167.
LaTeX Font Info:    No math alphabet change to frozen version normal on input l
ine 167.
LaTeX Font Info:    No math alphabet change to frozen version normal on input l
ine 167.
LaTeX Font Info:    Nested math: keeping math alphabet allocation in version no
rmal on input line 167.
LaTeX Font Info:    No math alphabet change to frozen version normal on input l
ine 167.
LaTeX Font Info:    Nested math: keeping math alphabet allocation in version no
rmal on input line 167.
LaTeX Font Info:    No math alphabet change to frozen version normal on input l
ine 167.
LaTeX Font Info:    No math alphabet change to frozen version normal on input l
ine 167.
LaTeX Font Info:    No math alphabet change to frozen version normal on input l
ine 167.
LaTeX Font Info:    No math alphabet change to frozen version normal on input l
ine 167.
LaTeX Font Info:    No math alphabet change to frozen version normal on input l
ine 167.
LaTeX Font Info:    Nested math: keeping math alphabet allocation in version no
rmal on input line 221.
LaTeX Font Info:    No math alphabet change to frozen version normal on input l
ine 221.
LaTeX Font Info:    Nested math: keeping math alphabet allocation in version no
rmal on input line 221.
LaTeX Font Info:    No math alphabet change to frozen version normal on input l
ine 221.
LaTeX Font Info:    No math alphabet change to frozen version normal on input l
ine 221.
LaTeX Font Info:    No math alphabet change to frozen version normal on input l
ine 221.
LaTeX Font Info:    No math alphabet change to frozen version normal on input l
ine 221.
LaTeX Font Info:    No math alphabet change to frozen version normal on input l
ine 221.
LaTeX Font Info:    No math alphabet change to frozen version normal on input l
ine 221.
LaTeX Font Info:    No math alphabet change to frozen version normal on input l
ine 221.
LaTeX Font Info:    No math alphabet change to frozen version normal on input l
ine 221.
LaTeX Font Info:    No math alphabet change to frozen version normal on input l
ine 221.
LaTeX Font Info:    No math alphabet change to frozen version normal on input l
ine 221.
LaTeX Font Info:    No math alphabet change to frozen version normal on input l
ine 221.
LaTeX Font Info:    No math alphabet change to frozen version normal on input l
ine 221.
LaTeX Font Info:    No math alphabet change to frozen version normal on input l
ine 221.
LaTeX Font Info:    No math alphabet change to frozen version normal on input l
ine 221.
 [70]
LaTeX Font Info:    Nested math: keeping math alphabet allocation in version no
rmal on input line 236.
LaTeX Font Info:    No math alphabet change to frozen version normal on input l
ine 236.
LaTeX Font Info:    No math alphabet change to frozen version normal on input l
ine 236.
LaTeX Font Info:    Nested math: keeping math alphabet allocation in version no
rmal on input line 236.
LaTeX Font Info:    No math alphabet change to frozen version normal on input l
ine 236.
LaTeX Font Info:    No math alphabet change to frozen version normal on input l
ine 236.
Package epstopdf Info: Source file: <./figs/Aim2/FlxPin_group.eps>
(epstopdf)                    date: 2026-09-26 23:30:28
(epstopdf)                    size: 95673 bytes
(epstopdf)             Output file: <./figs/Aim2/FlxPin_group-eps-converted-to.
pdf>
(epstopdf)                    date: 2026-09-26 16:48:36
(epstopdf)                    size: 99078 bytes
(epstopdf)             Command: <miktex-epstopdf --outfile=./figs/Aim2/FlxPin_g
roup-eps-converted-to.pdf ./figs/Aim2/FlxPin_group.eps>
(epstopdf)             \includegraphics on input line 242.
runsystem(miktex-epstopdf --outfile=./figs/Aim2/FlxPin_group-eps-converted-to.p
df ./figs/Aim2/FlxPin_group.eps)...executed safely (allowed).

Package epstopdf Info: Result file: <./figs/Aim2/FlxPin_group-eps-converted-to.
pdf>
(epstopdf)                    date: 2026-09-26 16:49:10
(epstopdf)                    size: 99078 bytes.
<./figs/Aim2/FlxPin_group-eps-converted-to.pdf, id=1946, 715.67375pt x 526.9687
5pt>
File: ./figs/Aim2/FlxPin_group-eps-converted-to.pdf Graphic file (type pdf)
<use ./figs/Aim2/FlxPin_group-eps-converted-to.pdf>
Package pdftex.def Info: ./figs/Aim2/FlxPin_group-eps-converted-to.pdf  used on
 input line 242.
(pdftex.def)             Requested size: 469.75499pt x 345.89474pt.
LaTeX Font Info:    No math alphabet change to frozen version normal on input l
ine 244.
LaTeX Font Info:    No math alphabet change to frozen version normal on input l
ine 244.
LaTeX Font Info:    No math alphabet change to frozen version normal on input l
ine 244.
LaTeX Font Info:    No math alphabet change to frozen version normal on input l
ine 244.
LaTeX Font Info:    No math alphabet change to frozen version normal on input l
ine 244.
LaTeX Font Info:    No math alphabet change to frozen version normal on input l
ine 244.
LaTeX Font Info:    No math alphabet change to frozen version normal on input l
ine 244.
LaTeX Font Info:    No math alphabet change to frozen version normal on input l
ine 244.
LaTeX Font Info:    No math alphabet change to frozen version normal on input l
ine 246.
LaTeX Font Info:    No math alphabet change to frozen version normal on input l
ine 246.
LaTeX Font Info:    No math alphabet change to frozen version normal on input l
ine 246.
LaTeX Font Info:    No math alphabet change to frozen version normal on input l
ine 246.
LaTeX Font Info:    No math alphabet change to frozen version normal on input l
ine 246.
LaTeX Font Info:    Nested math: keeping math alphabet allocation in version no
rmal on input line 246.
LaTeX Font Info:    No math alphabet change to frozen version normal on input l
ine 246.
LaTeX Font Info:    Nested math: keeping math alphabet allocation in version no
rmal on input line 246.
LaTeX Font Info:    No math alphabet change to frozen version normal on input l
ine 246.
LaTeX Font Info:    No math alphabet change to frozen version normal on input l
ine 246.
LaTeX Font Info:    No math alphabet change to frozen version normal on input l
ine 246.
LaTeX Font Info:    Nested math: keeping math alphabet allocation in version no
rmal on input line 246.
LaTeX Font Info:    No math alphabet change to frozen version normal on input l
ine 246.
LaTeX Font Info:    Nested math: keeping math alphabet allocation in version no
rmal on input line 246.
LaTeX Font Info:    No math alphabet change to frozen version normal on input l
ine 246.
LaTeX Font Info:    No math alphabet change to frozen version normal on input l
ine 246.
LaTeX Font Info:    Nested math: keeping math alphabet allocation in version no
rmal on input line 249.
LaTeX Font Info:    No math alphabet change to frozen version normal on input l
ine 249.
LaTeX Font Info:    Nested math: keeping math alphabet allocation in version no
rmal on input line 249.
LaTeX Font Info:    No math alphabet change to frozen version normal on input l
ine 249.
LaTeX Font Info:    Nested math: keeping math alphabet allocation in version no
rmal on input line 249.
LaTeX Font Info:    No math alphabet change to frozen version normal on input l
ine 249.
LaTeX Font Info:    Nested math: keeping math alphabet allocation in version no
rmal on input line 249.
LaTeX Font Info:    No math alphabet change to frozen version normal on input l
ine 249.
LaTeX Font Info:    Nested math: keeping math alphabet allocation in version no
rmal on input line 249.
LaTeX Font Info:    No math alphabet change to frozen version normal on input l
ine 249.
LaTeX Font Info:    Nested math: keeping math alphabet allocation in version no
rmal on input line 249.
LaTeX Font Info:    No math alphabet change to frozen version normal on input l
ine 249.
LaTeX Font Info:    Nested math: keeping math alphabet allocation in version no
rmal on input line 249.
LaTeX Font Info:    No math alphabet change to frozen version normal on input l
ine 249.
LaTeX Font Info:    Nested math: keeping math alphabet allocation in version no
rmal on input line 249.
LaTeX Font Info:    No math alphabet change to frozen version normal on input l
ine 249.
LaTeX Font Info:    Font shape `U/msa/m/n' will be
(Font)              scaled to size 10.42007pt on input line 252.
LaTeX Font Info:    Font shape `U/msa/m/n' will be
(Font)              scaled to size 7.91925pt on input line 252.
LaTeX Font Info:    Font shape `U/msb/m/n' will be
(Font)              scaled to size 10.42007pt on input line 252.
LaTeX Font Info:    Font shape `U/msb/m/n' will be
(Font)              scaled to size 7.91925pt on input line 252.
LaTeX Font Info:    Undo math alphabet allocation in version normal on input li
ne 254.
LaTeX Font Info:    Undo math alphabet allocation in version normal on input li
ne 254.
LaTeX Font Info:    Undo math alphabet allocation in version normal on input li
ne 254.
LaTeX Font Info:    Undo math alphabet allocation in version normal on input li
ne 254.
LaTeX Font Info:    No math alphabet change to frozen version normal on input l
ine 257.
LaTeX Font Info:    No math alphabet change to frozen version normal on input l
ine 262.
LaTeX Font Info:    No math alphabet change to frozen version normal on input l
ine 262.
LaTeX Font Info:    No math alphabet change to frozen version normal on input l
ine 262.
LaTeX Font Info:    No math alphabet change to frozen version normal on input l
ine 262.
LaTeX Font Info:    No math alphabet change to frozen version normal on input l
ine 262.
LaTeX Font Info:    No math alphabet change to frozen version normal on input l
ine 262.
LaTeX Font Info:    No math alphabet change to frozen version normal on input l
ine 262.
LaTeX Font Info:    No math alphabet change to frozen version normal on input l
ine 262.
LaTeX Font Info:    No math alphabet change to frozen version normal on input l
ine 262.
LaTeX Font Info:    No math alphabet change to frozen version normal on input l
ine 262.
 [71] [72 <./figs/Aim2/FlxPin_group-eps-converted-to.pdf>]
Package epstopdf Info: Source file: <./figs/Aim2/ExtPin_group.eps>
(epstopdf)                    date: 2026-09-26 23:30:28
(epstopdf)                    size: 89914 bytes
(epstopdf)             Output file: <./figs/Aim2/ExtPin_group-eps-converted-to.
pdf>
(epstopdf)                    date: 2026-09-26 16:48:38
(epstopdf)                    size: 92447 bytes
(epstopdf)             Command: <miktex-epstopdf --outfile=./figs/Aim2/ExtPin_g
roup-eps-converted-to.pdf ./figs/Aim2/ExtPin_group.eps>
(epstopdf)             \includegraphics on input line 266.
runsystem(miktex-epstopdf --outfile=./figs/Aim2/ExtPin_group-eps-converted-to.p
df ./figs/Aim2/ExtPin_group.eps)...executed safely (allowed).

Package epstopdf Info: Result file: <./figs/Aim2/ExtPin_group-eps-converted-to.
pdf>
(epstopdf)                    date: 2026-09-26 16:49:12
(epstopdf)                    size: 92445 bytes.
<./figs/Aim2/ExtPin_group-eps-converted-to.pdf, id=1964, 715.67375pt x 526.9687
5pt>
File: ./figs/Aim2/ExtPin_group-eps-converted-to.pdf Graphic file (type pdf)
<use ./figs/Aim2/ExtPin_group-eps-converted-to.pdf>
Package pdftex.def Info: ./figs/Aim2/ExtPin_group-eps-converted-to.pdf  used on
 input line 266.
(pdftex.def)             Requested size: 469.75499pt x 345.89474pt.
LaTeX Font Info:    No math alphabet change to frozen version normal on input l
ine 268.
LaTeX Font Info:    No math alphabet change to frozen version normal on input l
ine 268.
LaTeX Font Info:    No math alphabet change to frozen version normal on input l
ine 268.
LaTeX Font Info:    No math alphabet change to frozen version normal on input l
ine 268.
LaTeX Font Info:    No math alphabet change to frozen version normal on input l
ine 268.
LaTeX Font Info:    No math alphabet change to frozen version normal on input l
ine 268.
LaTeX Font Info:    No math alphabet change to frozen version normal on input l
ine 268.
LaTeX Font Info:    No math alphabet change to frozen version normal on input l
ine 268.
LaTeX Font Info:    No math alphabet change to frozen version normal on input l
ine 268.
LaTeX Font Info:    No math alphabet change to frozen version normal on input l
ine 268.
LaTeX Font Info:    No math alphabet change to frozen version normal on input l
ine 268.
LaTeX Font Info:    No math alphabet change to frozen version normal on input l
ine 268.
LaTeX Font Info:    No math alphabet change to frozen version normal on input l
ine 271.
LaTeX Font Info:    No math alphabet change to frozen version normal on input l
ine 271.
LaTeX Font Info:    No math alphabet change to frozen version normal on input l
ine 271.
LaTeX Font Info:    No math alphabet change to frozen version normal on input l
ine 271.
LaTeX Font Info:    No math alphabet change to frozen version normal on input l
ine 277.
LaTeX Font Info:    No math alphabet change to frozen version normal on input l
ine 277.
LaTeX Font Info:    No math alphabet change to frozen version normal on input l
ine 277.
 [73] [74 <./figs/Aim2/ExtPin_group-eps-converted-to.pdf>]
LaTeX Font Info:    No math alphabet change to frozen version normal on input l
ine 281.
LaTeX Font Info:    No math alphabet change to frozen version normal on input l
ine 281.
LaTeX Font Info:    Nested math: keeping math alphabet allocation in version no
rmal on input line 281.
LaTeX Font Info:    No math alphabet change to frozen version normal on input l
ine 281.
LaTeX Font Info:    Nested math: keeping math alphabet allocation in version no
rmal on input line 281.
LaTeX Font Info:    No math alphabet change to frozen version normal on input l
ine 281.
LaTeX Font Info:    No math alphabet change to frozen version normal on input l
ine 281.
Package epstopdf Info: Source file: <./figs/Aim2/Ext10mm_52cm.eps>
(epstopdf)                    date: 2026-09-26 23:30:28
(epstopdf)                    size: 41795 bytes
(epstopdf)             Output file: <./figs/Aim2/Ext10mm_52cm-eps-converted-to.
pdf>
(epstopdf)                    date: 2026-09-26 16:48:39
(epstopdf)                    size: 41958 bytes
(epstopdf)             Command: <miktex-epstopdf --outfile=./figs/Aim2/Ext10mm_
52cm-eps-converted-to.pdf ./figs/Aim2/Ext10mm_52cm.eps>
(epstopdf)             \includegraphics on input line 285.
runsystem(miktex-epstopdf --outfile=./figs/Aim2/Ext10mm_52cm-eps-converted-to.p
df ./figs/Aim2/Ext10mm_52cm.eps)...executed safely (allowed).

Package epstopdf Info: Result file: <./figs/Aim2/Ext10mm_52cm-eps-converted-to.
pdf>
(epstopdf)                    date: 2026-09-26 16:49:13
(epstopdf)                    size: 41958 bytes.
<./figs/Aim2/Ext10mm_52cm-eps-converted-to.pdf, id=1985, 714.67pt x 301.125pt>
File: ./figs/Aim2/Ext10mm_52cm-eps-converted-to.pdf Graphic file (type pdf)
<use ./figs/Aim2/Ext10mm_52cm-eps-converted-to.pdf>
Package pdftex.def Info: ./figs/Aim2/Ext10mm_52cm-eps-converted-to.pdf  used on
 input line 285.
(pdftex.def)             Requested size: 469.75499pt x 197.92982pt.
LaTeX Font Info:    No math alphabet change to frozen version normal on input l
ine 287.
LaTeX Font Info:    No math alphabet change to frozen version normal on input l
ine 287.
LaTeX Font Info:    No math alphabet change to frozen version normal on input l
ine 287.
LaTeX Font Info:    No math alphabet change to frozen version normal on input l
ine 287.
LaTeX Font Info:    No math alphabet change to frozen version normal on input l
ine 287.
LaTeX Font Info:    No math alphabet change to frozen version normal on input l
ine 287.
LaTeX Font Info:    No math alphabet change to frozen version normal on input l
ine 287.
LaTeX Font Info:    No math alphabet change to frozen version normal on input l
ine 287.
<./figs/Aim2/KneeExt_10mm_passthru.png, id=1986, 238.64156pt x 289.08pt>
File: ./figs/Aim2/KneeExt_10mm_passthru.png Graphic file (type png)
<use ./figs/Aim2/KneeExt_10mm_passthru.png>
Package pdftex.def Info: ./figs/Aim2/KneeExt_10mm_passthru.png  used on input l
ine 292.
(pdftex.def)             Requested size: 305.33788pt x 369.89761pt.
LaTeX Font Info:    No math alphabet change to frozen version normal on input l
ine 302.
LaTeX Font Info:    No math alphabet change to frozen version normal on input l
ine 302.
LaTeX Font Info:    No math alphabet change to frozen version normal on input l
ine 302.
LaTeX Font Info:    No math alphabet change to frozen version normal on input l
ine 302.
LaTeX Font Info:    No math alphabet change to frozen version normal on input l
ine 302.
LaTeX Font Info:    No math alphabet change to frozen version normal on input l
ine 302.
LaTeX Font Info:    No math alphabet change to frozen version normal on input l
ine 302.
LaTeX Font Info:    No math alphabet change to frozen version normal on input l
ine 302.
LaTeX Font Info:    No math alphabet change to frozen version normal on input l
ine 302.
LaTeX Font Info:    No math alphabet change to frozen version normal on input l
ine 302.
LaTeX Font Info:    No math alphabet change to frozen version normal on input l
ine 302.
LaTeX Font Info:    No math alphabet change to frozen version normal on input l
ine 302.
LaTeX Font Info:    No math alphabet change to frozen version normal on input l
ine 302.
LaTeX Font Info:    No math alphabet change to frozen version normal on input l
ine 302.
LaTeX Font Info:    No math alphabet change to frozen version normal on input l
ine 302.
LaTeX Font Info:    No math alphabet change to frozen version normal on input l
ine 302.
LaTeX Font Info:    No math alphabet change to frozen version normal on input l
ine 302.
LaTeX Font Info:    No math alphabet change to frozen version normal on input l
ine 302.
LaTeX Font Info:    Nested math: keeping math alphabet allocation in version no
rmal on input line 302.
LaTeX Font Info:    No math alphabet change to frozen version normal on input l
ine 302.
LaTeX Font Info:    Nested math: keeping math alphabet allocation in version no
rmal on input line 302.
LaTeX Font Info:    No math alphabet change to frozen version normal on input l
ine 302.
LaTeX Font Info:    No math alphabet change to frozen version normal on input l
ine 302.
LaTeX Font Info:    No math alphabet change to frozen version normal on input l
ine 302.
LaTeX Font Info:    No math alphabet change to frozen version normal on input l
ine 302.
LaTeX Font Info:    No math alphabet change to frozen version normal on input l
ine 302.
LaTeX Font Info:    No math alphabet change to frozen version normal on input l
ine 302.
LaTeX Font Info:    No math alphabet change to frozen version normal on input l
ine 302.
LaTeX Font Info:    No math alphabet change to frozen version normal on input l
ine 302.
LaTeX Font Info:    No math alphabet change to frozen version normal on input l
ine 302.
LaTeX Font Info:    No math alphabet change to frozen version normal on input l
ine 302.
LaTeX Font Info:    No math alphabet change to frozen version normal on input l
ine 302.
LaTeX Font Info:    No math alphabet change to frozen version normal on input l
ine 302.
LaTeX Font Info:    No math alphabet change to frozen version normal on input l
ine 302.
LaTeX Font Info:    No math alphabet change to frozen version normal on input l
ine 302.
LaTeX Font Info:    No math alphabet change to frozen version normal on input l
ine 302.
LaTeX Font Info:    Nested math: keeping math alphabet allocation in version no
rmal on input line 302.
LaTeX Font Info:    No math alphabet change to frozen version normal on input l
ine 302.
LaTeX Font Info:    Nested math: keeping math alphabet allocation in version no
rmal on input line 302.
LaTeX Font Info:    No math alphabet change to frozen version normal on input l
ine 302.
LaTeX Font Info:    No math alphabet change to frozen version normal on input l
ine 302.
LaTeX Font Info:    No math alphabet change to frozen version normal on input l
ine 302.
LaTeX Font Info:    No math alphabet change to frozen version normal on input l
ine 302.
 [75] [76 <./figs/Aim2/Ext10mm_52cm-eps-converted-to.pdf>] [77 <./figs/Aim2/Kne
eExt_10mm_passthru.png>]
Package epstopdf Info: Source file: <./figs/Aim2/FlxGrp.eps>
(epstopdf)                    date: 2026-09-26 23:30:28
(epstopdf)                    size: 53339 bytes
(epstopdf)             Output file: <./figs/Aim2/FlxGrp-eps-converted-to.pdf>
(epstopdf)                    date: 2026-09-26 16:48:41
(epstopdf)                    size: 18292 bytes
(epstopdf)             Command: <miktex-epstopdf --outfile=./figs/Aim2/FlxGrp-e
ps-converted-to.pdf ./figs/Aim2/FlxGrp.eps>
(epstopdf)             \includegraphics on input line 306.
runsystem(miktex-epstopdf --outfile=./figs/Aim2/FlxGrp-eps-converted-to.pdf ./f
igs/Aim2/FlxGrp.eps)...executed safely (allowed).

Package epstopdf Info: Result file: <./figs/Aim2/FlxGrp-eps-converted-to.pdf>
(epstopdf)                    date: 2026-09-26 16:49:14
(epstopdf)                    size: 18292 bytes.
<./figs/Aim2/FlxGrp-eps-converted-to.pdf, id=2013, 715.67375pt x 339.2675pt>
File: ./figs/Aim2/FlxGrp-eps-converted-to.pdf Graphic file (type pdf)
<use ./figs/Aim2/FlxGrp-eps-converted-to.pdf>
Package pdftex.def Info: ./figs/Aim2/FlxGrp-eps-converted-to.pdf  used on input
 line 306.
(pdftex.def)             Requested size: 469.75499pt x 222.69034pt.
LaTeX Font Info:    No math alphabet change to frozen version normal on input l
ine 308.
LaTeX Font Info:    No math alphabet change to frozen version normal on input l
ine 308.
LaTeX Font Info:    No math alphabet change to frozen version normal on input l
ine 308.
LaTeX Font Info:    No math alphabet change to frozen version normal on input l
ine 308.
LaTeX Font Info:    No math alphabet change to frozen version normal on input l
ine 308.
LaTeX Font Info:    No math alphabet change to frozen version normal on input l
ine 308.
LaTeX Font Info:    No math alphabet change to frozen version normal on input l
ine 308.
LaTeX Font Info:    No math alphabet change to frozen version normal on input l
ine 308.
LaTeX Font Info:    No math alphabet change to frozen version normal on input l
ine 308.
LaTeX Font Info:    No math alphabet change to frozen version normal on input l
ine 308.
LaTeX Font Info:    No math alphabet change to frozen version normal on input l
ine 308.
LaTeX Font Info:    No math alphabet change to frozen version normal on input l
ine 308.
LaTeX Font Info:    No math alphabet change to frozen version normal on input l
ine 308.
LaTeX Font Info:    No math alphabet change to frozen version normal on input l
ine 308.
LaTeX Font Info:    No math alphabet change to frozen version normal on input l
ine 308.
LaTeX Font Info:    No math alphabet change to frozen version normal on input l
ine 308.
LaTeX Font Info:    No math alphabet change to frozen version normal on input l
ine 308.
LaTeX Font Info:    No math alphabet change to frozen version normal on input l
ine 308.
LaTeX Font Info:    No math alphabet change to frozen version normal on input l
ine 308.
LaTeX Font Info:    No math alphabet change to frozen version normal on input l
ine 308.
LaTeX Font Info:    No math alphabet change to frozen version normal on input l
ine 308.
LaTeX Font Info:    No math alphabet change to frozen version normal on input l
ine 308.
LaTeX Font Info:    No math alphabet change to frozen version normal on input l
ine 308.
LaTeX Font Info:    No math alphabet change to frozen version normal on input l
ine 308.
LaTeX Font Info:    No math alphabet change to frozen version normal on input l
ine 308.
LaTeX Font Info:    No math alphabet change to frozen version normal on input l
ine 308.
LaTeX Font Info:    No math alphabet change to frozen version normal on input l
ine 308.
LaTeX Font Info:    No math alphabet change to frozen version normal on input l
ine 308.
LaTeX Font Info:    No math alphabet change to frozen version normal on input l
ine 308.
LaTeX Font Info:    No math alphabet change to frozen version normal on input l
ine 308.
LaTeX Font Info:    No math alphabet change to frozen version normal on input l
ine 308.
LaTeX Font Info:    No math alphabet change to frozen version normal on input l
ine 308.
LaTeX Font Info:    No math alphabet change to frozen version normal on input l
ine 308.
LaTeX Font Info:    No math alphabet change to frozen version normal on input l
ine 308.
LaTeX Font Info:    No math alphabet change to frozen version normal on input l
ine 308.
LaTeX Font Info:    No math alphabet change to frozen version normal on input l
ine 308.
LaTeX Font Info:    No math alphabet change to frozen version normal on input l
ine 308.
LaTeX Font Info:    No math alphabet change to frozen version normal on input l
ine 308.
LaTeX Font Info:    No math alphabet change to frozen version normal on input l
ine 308.
LaTeX Font Info:    No math alphabet change to frozen version normal on input l
ine 308.
LaTeX Font Info:    No math alphabet change to frozen version normal on input l
ine 308.
LaTeX Font Info:    No math alphabet change to frozen version normal on input l
ine 308.
LaTeX Font Info:    No math alphabet change to frozen version normal on input l
ine 308.
LaTeX Font Info:    No math alphabet change to frozen version normal on input l
ine 308.
LaTeX Font Info:    No math alphabet change to frozen version normal on input l
ine 308.
LaTeX Font Info:    No math alphabet change to frozen version normal on input l
ine 308.
LaTeX Font Info:    Nested math: keeping math alphabet allocation in version no
rmal on input line 314.
LaTeX Font Info:    Nested math: keeping math alphabet allocation in version no
rmal on input line 314.
LaTeX Font Info:    No math alphabet change to frozen version normal on input l
ine 314.
LaTeX Font Info:    Nested math: keeping math alphabet allocation in version no
rmal on input line 314.
LaTeX Font Info:    Nested math: keeping math alphabet allocation in version no
rmal on input line 314.
LaTeX Font Info:    No math alphabet change to frozen version normal on input l
ine 314.
LaTeX Font Info:    No math alphabet change to frozen version normal on input l
ine 320.
LaTeX Font Info:    No math alphabet change to frozen version normal on input l
ine 321.
LaTeX Font Info:    No math alphabet change to frozen version normal on input l
ine 322.
LaTeX Font Info:    No math alphabet change to frozen version normal on input l
ine 323.
LaTeX Font Info:    No math alphabet change to frozen version normal on input l
ine 323.
LaTeX Font Info:    No math alphabet change to frozen version normal on input l
ine 323.
LaTeX Font Info:    No math alphabet change to frozen version normal on input l
ine 323.
LaTeX Font Info:    No math alphabet change to frozen version normal on input l
ine 324.
LaTeX Font Info:    No math alphabet change to frozen version normal on input l
ine 324.
LaTeX Font Info:    No math alphabet change to frozen version normal on input l
ine 324.
LaTeX Font Info:    No math alphabet change to frozen version normal on input l
ine 324.
LaTeX Font Info:    No math alphabet change to frozen version normal on input l
ine 324.
LaTeX Font Info:    No math alphabet change to frozen version normal on input l
ine 324.
LaTeX Font Info:    No math alphabet change to frozen version normal on input l
ine 326.

Overfull \hbox (5.38533pt too wide) in paragraph at lines 316--327
[][] 
 []

LaTeX Font Info:    No math alphabet change to frozen version normal on input l
ine 331.
LaTeX Font Info:    No math alphabet change to frozen version normal on input l
ine 331.
LaTeX Font Info:    No math alphabet change to frozen version normal on input l
ine 331.
LaTeX Font Info:    No math alphabet change to frozen version normal on input l
ine 331.
LaTeX Font Info:    No math alphabet change to frozen version normal on input l
ine 331.
LaTeX Font Info:    No math alphabet change to frozen version normal on input l
ine 331.
[78] [79 <./figs/Aim2/FlxGrp-eps-converted-to.pdf>]
<figs/Preliminary/animatlab_phase1_joint_angles.pdf, id=2032, 469.755pt x 404.7
12pt>
File: figs/Preliminary/animatlab_phase1_joint_angles.pdf Graphic file (type pdf
)
<use figs/Preliminary/animatlab_phase1_joint_angles.pdf>
Package pdftex.def Info: figs/Preliminary/animatlab_phase1_joint_angles.pdf  us
ed on input line 335.
(pdftex.def)             Requested size: 382.01189pt x 329.11794pt.
LaTeX Font Info:    No math alphabet change to frozen version normal on input l
ine 336.
LaTeX Font Info:    No math alphabet change to frozen version normal on input l
ine 336.
LaTeX Font Info:    No math alphabet change to frozen version normal on input l
ine 336.
LaTeX Font Info:    No math alphabet change to frozen version normal on input l
ine 336.
LaTeX Font Info:    No math alphabet change to frozen version normal on input l
ine 346.
LaTeX Font Info:    No math alphabet change to frozen version normal on input l
ine 346.
LaTeX Font Info:    No math alphabet change to frozen version normal on input l
ine 346.
LaTeX Font Info:    No math alphabet change to frozen version normal on input l
ine 346.
LaTeX Font Info:    No math alphabet change to frozen version normal on input l
ine 346.
LaTeX Font Info:    No math alphabet change to frozen version normal on input l
ine 346.
LaTeX Font Info:    No math alphabet change to frozen version normal on input l
ine 346.
LaTeX Font Info:    No math alphabet change to frozen version normal on input l
ine 346.
LaTeX Font Info:    No math alphabet change to frozen version normal on input l
ine 346.
LaTeX Font Info:    No math alphabet change to frozen version normal on input l
ine 346.
LaTeX Font Info:    No math alphabet change to frozen version normal on input l
ine 346.
LaTeX Font Info:    No math alphabet change to frozen version normal on input l
ine 346.
 [80] [81 <./figs/Preliminary/animatlab_phase1_joint_angles.pdf>]
LaTeX Font Info:    No math alphabet change to frozen version normal on input l
ine 348.
 [82]) [83]
\openout2 = `chapters/40-discussion.aux'.

 (chapters/40-discussion.tex
Chapter 5.
LaTeX Font Info:    No math alphabet change to frozen version normal on input l
ine 9.
LaTeX Font Info:    No math alphabet change to frozen version normal on input l
ine 9.
LaTeX Font Info:    No math alphabet change to frozen version normal on input l
ine 9.
LaTeX Font Info:    No math alphabet change to frozen version normal on input l
ine 9.
LaTeX Font Info:    No math alphabet change to frozen version normal on input l
ine 9.
LaTeX Font Info:    No math alphabet change to frozen version normal on input l
ine 9.
LaTeX Font Info:    No math alphabet change to frozen version normal on input l
ine 9.
LaTeX Font Info:    No math alphabet change to frozen version normal on input l
ine 9.
LaTeX Font Info:    No math alphabet change to frozen version normal on input l
ine 9.
LaTeX Font Info:    No math alphabet change to frozen version normal on input l
ine 9.
LaTeX Font Info:    No math alphabet change to frozen version normal on input l
ine 9.
LaTeX Font Info:    No math alphabet change to frozen version normal on input l
ine 9.
LaTeX Font Info:    No math alphabet change to frozen version normal on input l
ine 9.
LaTeX Font Info:    No math alphabet change to frozen version normal on input l
ine 9.
LaTeX Font Info:    No math alphabet change to frozen version normal on input l
ine 9.
LaTeX Font Info:    No math alphabet change to frozen version normal on input l
ine 9.
LaTeX Font Info:    No math alphabet change to frozen version normal on input l
ine 9.
LaTeX Font Info:    No math alphabet change to frozen version normal on input l
ine 9.
LaTeX Font Info:    No math alphabet change to frozen version normal on input l
ine 9.
LaTeX Font Info:    No math alphabet change to frozen version normal on input l
ine 9.
LaTeX Font Info:    No math alphabet change to frozen version normal on input l
ine 9.
LaTeX Font Info:    No math alphabet change to frozen version normal on input l
ine 9.
LaTeX Font Info:    No math alphabet change to frozen version normal on input l
ine 9.
LaTeX Font Info:    No math alphabet change to frozen version normal on input l
ine 9.
LaTeX Font Info:    No math alphabet change to frozen version normal on input l
ine 9.
LaTeX Font Info:    No math alphabet change to frozen version normal on input l
ine 11.
LaTeX Font Info:    No math alphabet change to frozen version normal on input l
ine 11.
LaTeX Font Info:    No math alphabet change to frozen version normal on input l
ine 11.
LaTeX Font Info:    No math alphabet change to frozen version normal on input l
ine 11.
LaTeX Font Info:    No math alphabet change to frozen version normal on input l
ine 11.
LaTeX Font Info:    No math alphabet change to frozen version normal on input l
ine 11.
LaTeX Font Info:    No math alphabet change to frozen version normal on input l
ine 11.
LaTeX Font Info:    No math alphabet change to frozen version normal on input l
ine 11.
LaTeX Font Info:    No math alphabet change to frozen version normal on input l
ine 11.
LaTeX Font Info:    No math alphabet change to frozen version normal on input l
ine 11.
LaTeX Font Info:    No math alphabet change to frozen version normal on input l
ine 11.
LaTeX Font Info:    No math alphabet change to frozen version normal on input l
ine 11.
LaTeX Font Info:    No math alphabet change to frozen version normal on input l
ine 11.
LaTeX Font Info:    No math alphabet change to frozen version normal on input l
ine 11.
LaTeX Font Info:    No math alphabet change to frozen version normal on input l
ine 11.
LaTeX Font Info:    No math alphabet change to frozen version normal on input l
ine 11.
LaTeX Font Info:    No math alphabet change to frozen version normal on input l
ine 11.
LaTeX Font Info:    No math alphabet change to frozen version normal on input l
ine 11.
LaTeX Font Info:    No math alphabet change to frozen version normal on input l
ine 11.
LaTeX Font Info:    No math alphabet change to frozen version normal on input l
ine 11.
LaTeX Font Info:    No math alphabet change to frozen version normal on input l
ine 11.
[84




]
LaTeX Font Info:    No math alphabet change to frozen version normal on input l
ine 13.
LaTeX Font Info:    No math alphabet change to frozen version normal on input l
ine 13.
LaTeX Font Info:    No math alphabet change to frozen version normal on input l
ine 13.
LaTeX Font Info:    No math alphabet change to frozen version normal on input l
ine 13.
LaTeX Font Info:    No math alphabet change to frozen version normal on input l
ine 13.
LaTeX Font Info:    No math alphabet change to frozen version normal on input l
ine 13.
LaTeX Font Info:    No math alphabet change to frozen version normal on input l
ine 15.
 [85]
LaTeX Font Info:    No math alphabet change to frozen version normal on input l
ine 17.
LaTeX Font Info:    No math alphabet change to frozen version normal on input l
ine 17.
LaTeX Font Info:    No math alphabet change to frozen version normal on input l
ine 17.
LaTeX Font Info:    No math alphabet change to frozen version normal on input l
ine 17.
LaTeX Font Info:    No math alphabet change to frozen version normal on input l
ine 17.
LaTeX Font Info:    No math alphabet change to frozen version normal on input l
ine 17.
LaTeX Font Info:    No math alphabet change to frozen version normal on input l
ine 17.
LaTeX Font Info:    No math alphabet change to frozen version normal on input l
ine 17.
LaTeX Font Info:    No math alphabet change to frozen version normal on input l
ine 24.
 [86]
LaTeX Font Info:    No math alphabet change to frozen version normal on input l
ine 26.
LaTeX Font Info:    No math alphabet change to frozen version normal on input l
ine 26.
LaTeX Font Info:    No math alphabet change to frozen version normal on input l
ine 26.
LaTeX Font Info:    No math alphabet change to frozen version normal on input l
ine 26.
LaTeX Font Info:    No math alphabet change to frozen version normal on input l
ine 26.
LaTeX Font Info:    No math alphabet change to frozen version normal on input l
ine 26.
LaTeX Font Info:    No math alphabet change to frozen version normal on input l
ine 26.

Overfull \hbox (3.85944pt too wide) in paragraph at lines 26--27
[]\OT1/ppl/m/n/12 (-20) For ex-am-ple, given $\OML/zplm/m/it/12 l[] \OT1/zplm/m
/n/12 = \OT1/ppl/m/n/12 (-20) 54 []$ and $\OML/zplm/m/it/12 P \OT1/zplm/m/n/12 
= \OT1/ppl/m/n/12 (-20) 300 []$, the mea-sured force was []
 []

LaTeX Font Info:    No math alphabet change to frozen version normal on input l
ine 28.
LaTeX Font Info:    No math alphabet change to frozen version normal on input l
ine 28.
LaTeX Font Info:    No math alphabet change to frozen version normal on input l
ine 28.
LaTeX Font Info:    No math alphabet change to frozen version normal on input l
ine 28.
[87]
LaTeX Font Info:    No math alphabet change to frozen version normal on input l
ine 30.
LaTeX Font Info:    No math alphabet change to frozen version normal on input l
ine 30.
LaTeX Font Info:    No math alphabet change to frozen version normal on input l
ine 30.
LaTeX Font Info:    No math alphabet change to frozen version normal on input l
ine 30.
LaTeX Font Info:    No math alphabet change to frozen version normal on input l
ine 30.
LaTeX Font Info:    No math alphabet change to frozen version normal on input l
ine 30.
LaTeX Font Info:    No math alphabet change to frozen version normal on input l
ine 30.
LaTeX Font Info:    No math alphabet change to frozen version normal on input l
ine 30.
LaTeX Font Info:    No math alphabet change to frozen version normal on input l
ine 35.
LaTeX Font Info:    No math alphabet change to frozen version normal on input l
ine 35.
LaTeX Font Info:    No math alphabet change to frozen version normal on input l
ine 35.
LaTeX Font Info:    No math alphabet change to frozen version normal on input l
ine 35.
LaTeX Font Info:    No math alphabet change to frozen version normal on input l
ine 35.
LaTeX Font Info:    No math alphabet change to frozen version normal on input l
ine 35.
LaTeX Font Info:    No math alphabet change to frozen version normal on input l
ine 35.
LaTeX Font Info:    No math alphabet change to frozen version normal on input l
ine 35.
LaTeX Font Info:    No math alphabet change to frozen version normal on input l
ine 35.
LaTeX Font Info:    No math alphabet change to frozen version normal on input l
ine 35.
LaTeX Font Info:    No math alphabet change to frozen version normal on input l
ine 35.
LaTeX Font Info:    No math alphabet change to frozen version normal on input l
ine 35.
LaTeX Font Info:    No math alphabet change to frozen version normal on input l
ine 35.
LaTeX Font Info:    No math alphabet change to frozen version normal on input l
ine 35.
LaTeX Font Info:    No math alphabet change to frozen version normal on input l
ine 35.
LaTeX Font Info:    No math alphabet change to frozen version normal on input l
ine 35.
LaTeX Font Info:    No math alphabet change to frozen version normal on input l
ine 35.
LaTeX Font Info:    No math alphabet change to frozen version normal on input l
ine 35.
LaTeX Font Info:    No math alphabet change to frozen version normal on input l
ine 41.
LaTeX Font Info:    No math alphabet change to frozen version normal on input l
ine 41.
LaTeX Font Info:    No math alphabet change to frozen version normal on input l
ine 41.
LaTeX Font Info:    No math alphabet change to frozen version normal on input l
ine 41.
LaTeX Font Info:    No math alphabet change to frozen version normal on input l
ine 41.
LaTeX Font Info:    No math alphabet change to frozen version normal on input l
ine 41.
LaTeX Font Info:    No math alphabet change to frozen version normal on input l
ine 41.
LaTeX Font Info:    No math alphabet change to frozen version normal on input l
ine 41.

Underfull \hbox (badness 10000) in alignment at lines 73--73
[][][][][][][][][][][] 
 []

LaTeX Font Info:    No math alphabet change to frozen version normal on input l
ine 73.
[88]
Package epstopdf Info: Source file: <./figs/Aim1/05_Comparison.eps>
(epstopdf)                    date: 2026-09-26 23:30:28
(epstopdf)                    size: 64577 bytes
(epstopdf)             Output file: <./figs/Aim1/05_Comparison-eps-converted-to
.pdf>
(epstopdf)                    date: 2026-09-26 23:30:30
(epstopdf)                    size: 39261 bytes
(epstopdf)             Command: <miktex-epstopdf --outfile=./figs/Aim1/05_Compa
rison-eps-converted-to.pdf ./figs/Aim1/05_Comparison.eps>
(epstopdf)             \includegraphics on input line 85.
Package epstopdf Info: Output file is already uptodate.


pdfTeX warning: pdflatex.exe (file ./figs/Aim1/05_Comparison-eps-converted-to.p
df): PDF inclusion: found PDF version <1.6>, but at most version <1.5> allowed
<./figs/Aim1/05_Comparison-eps-converted-to.pdf, id=2161, 642.4pt x 554.07pt>
File: ./figs/Aim1/05_Comparison-eps-converted-to.pdf Graphic file (type pdf)
<use ./figs/Aim1/05_Comparison-eps-converted-to.pdf>
Package pdftex.def Info: ./figs/Aim1/05_Comparison-eps-converted-to.pdf  used o
n input line 85.
(pdftex.def)             Requested size: 465.06001pt x 401.12825pt.
LaTeX Font Info:    No math alphabet change to frozen version normal on input l
ine 88.
LaTeX Font Info:    No math alphabet change to frozen version normal on input l
ine 88.
LaTeX Font Info:    No math alphabet change to frozen version normal on input l
ine 88.
LaTeX Font Info:    No math alphabet change to frozen version normal on input l
ine 88.
LaTeX Font Info:    No math alphabet change to frozen version normal on input l
ine 88.
LaTeX Font Info:    No math alphabet change to frozen version normal on input l
ine 88.
LaTeX Font Info:    No math alphabet change to frozen version normal on input l
ine 88.
LaTeX Font Info:    No math alphabet change to frozen version normal on input l
ine 88.
LaTeX Font Info:    No math alphabet change to frozen version normal on input l
ine 88.
LaTeX Font Info:    No math alphabet change to frozen version normal on input l
ine 88.
LaTeX Font Info:    No math alphabet change to frozen version normal on input l
ine 88.
LaTeX Font Info:    No math alphabet change to frozen version normal on input l
ine 88.
LaTeX Font Info:    No math alphabet change to frozen version normal on input l
ine 88.
LaTeX Font Info:    No math alphabet change to frozen version normal on input l
ine 88.
LaTeX Font Info:    No math alphabet change to frozen version normal on input l
ine 88.
LaTeX Font Info:    No math alphabet change to frozen version normal on input l
ine 88.
LaTeX Font Info:    No math alphabet change to frozen version normal on input l
ine 88.
LaTeX Font Info:    No math alphabet change to frozen version normal on input l
ine 88.
LaTeX Font Info:    No math alphabet change to frozen version normal on input l
ine 88.
LaTeX Font Info:    No math alphabet change to frozen version normal on input l
ine 88.
LaTeX Font Info:    No math alphabet change to frozen version normal on input l
ine 88.
LaTeX Font Info:    No math alphabet change to frozen version normal on input l
ine 88.
LaTeX Font Info:    No math alphabet change to frozen version normal on input l
ine 88.
LaTeX Font Info:    No math alphabet change to frozen version normal on input l
ine 88.
LaTeX Font Info:    No math alphabet change to frozen version normal on input l
ine 88.
LaTeX Font Info:    No math alphabet change to frozen version normal on input l
ine 88.
LaTeX Font Info:    No math alphabet change to frozen version normal on input l
ine 88.
LaTeX Font Info:    No math alphabet change to frozen version normal on input l
ine 88.
LaTeX Font Info:    No math alphabet change to frozen version normal on input l
ine 88.
LaTeX Font Info:    No math alphabet change to frozen version normal on input l
ine 88.
LaTeX Font Info:    No math alphabet change to frozen version normal on input l
ine 88.
LaTeX Font Info:    No math alphabet change to frozen version normal on input l
ine 88.
LaTeX Font Info:    No math alphabet change to frozen version normal on input l
ine 88.
LaTeX Font Info:    No math alphabet change to frozen version normal on input l
ine 88.
[89]
LaTeX Font Info:    No math alphabet change to frozen version normal on input l
ine 91.
LaTeX Font Info:    No math alphabet change to frozen version normal on input l
ine 91.
LaTeX Font Info:    No math alphabet change to frozen version normal on input l
ine 91.
LaTeX Font Info:    No math alphabet change to frozen version normal on input l
ine 91.
LaTeX Font Info:    No math alphabet change to frozen version normal on input l
ine 91.
LaTeX Font Info:    No math alphabet change to frozen version normal on input l
ine 91.
LaTeX Font Info:    No math alphabet change to frozen version normal on input l
ine 91.
LaTeX Font Info:    No math alphabet change to frozen version normal on input l
ine 91.
LaTeX Font Info:    No math alphabet change to frozen version normal on input l
ine 91.
LaTeX Font Info:    No math alphabet change to frozen version normal on input l
ine 91.
LaTeX Font Info:    No math alphabet change to frozen version normal on input l
ine 91.
LaTeX Font Info:    No math alphabet change to frozen version normal on input l
ine 91.
LaTeX Font Info:    No math alphabet change to frozen version normal on input l
ine 91.
LaTeX Font Info:    No math alphabet change to frozen version normal on input l
ine 91.
LaTeX Font Info:    No math alphabet change to frozen version normal on input l
ine 91.
LaTeX Font Info:    No math alphabet change to frozen version normal on input l
ine 91.
LaTeX Font Info:    No math alphabet change to frozen version normal on input l
ine 91.
LaTeX Font Info:    No math alphabet change to frozen version normal on input l
ine 91.
LaTeX Font Info:    No math alphabet change to frozen version normal on input l
ine 91.
LaTeX Font Info:    No math alphabet change to frozen version normal on input l
ine 91.
LaTeX Font Info:    No math alphabet change to frozen version normal on input l
ine 91.
LaTeX Font Info:    No math alphabet change to frozen version normal on input l
ine 91.
LaTeX Font Info:    No math alphabet change to frozen version normal on input l
ine 91.
LaTeX Font Info:    No math alphabet change to frozen version normal on input l
ine 91.
LaTeX Font Info:    No math alphabet change to frozen version normal on input l
ine 91.
LaTeX Font Info:    No math alphabet change to frozen version normal on input l
ine 91.
 [90 <./figs/Aim1/05_Comparison-eps-converted-to.pdf>]
LaTeX Font Info:    No math alphabet change to frozen version normal on input l
ine 93.
LaTeX Font Info:    No math alphabet change to frozen version normal on input l
ine 93.
 [91]
LaTeX Font Info:    No math alphabet change to frozen version normal on input l
ine 100.
LaTeX Font Info:    No math alphabet change to frozen version normal on input l
ine 100.
 [92]
LaTeX Font Info:    No math alphabet change to frozen version normal on input l
ine 107.
LaTeX Font Info:    No math alphabet change to frozen version normal on input l
ine 110.
LaTeX Font Info:    No math alphabet change to frozen version normal on input l
ine 110.
 [93]
LaTeX Font Info:    No math alphabet change to frozen version normal on input l
ine 121.
LaTeX Font Info:    No math alphabet change to frozen version normal on input l
ine 121.
LaTeX Font Info:    No math alphabet change to frozen version normal on input l
ine 121.
LaTeX Font Info:    No math alphabet change to frozen version normal on input l
ine 121.
LaTeX Font Info:    No math alphabet change to frozen version normal on input l
ine 121.
LaTeX Font Info:    No math alphabet change to frozen version normal on input l
ine 121.
LaTeX Font Info:    No math alphabet change to frozen version normal on input l
ine 121.
LaTeX Font Info:    No math alphabet change to frozen version normal on input l
ine 121.
LaTeX Font Info:    No math alphabet change to frozen version normal on input l
ine 121.
LaTeX Font Info:    No math alphabet change to frozen version normal on input l
ine 121.
LaTeX Font Info:    No math alphabet change to frozen version normal on input l
ine 121.
LaTeX Font Info:    No math alphabet change to frozen version normal on input l
ine 121.

[94]
LaTeX Font Info:    No math alphabet change to frozen version normal on input l
ine 123.
LaTeX Font Info:    Nested math: keeping math alphabet allocation in version no
rmal on input line 123.
LaTeX Font Info:    No math alphabet change to frozen version normal on input l
ine 123.
LaTeX Font Info:    No math alphabet change to frozen version normal on input l
ine 123.
LaTeX Font Info:    No math alphabet change to frozen version normal on input l
ine 123.
LaTeX Font Info:    No math alphabet change to frozen version normal on input l
ine 123.
LaTeX Font Info:    No math alphabet change to frozen version normal on input l
ine 123.
 [95]
LaTeX Font Info:    No math alphabet change to frozen version normal on input l
ine 130.
LaTeX Font Info:    No math alphabet change to frozen version normal on input l
ine 133.
LaTeX Font Info:    No math alphabet change to frozen version normal on input l
ine 135.

Overfull \hbox (7.2891pt too wide) in paragraph at lines 130--136
\OT1/ppl/m/n/12 (-20) 2\OML/zplm/m/it/12 c[]"[]P[]e[]$ \OT1/ppl/m/n/12 (-20) th
en if we set mass m and ex-ter-nal force F to zero we get $\OML/zplm/m/it/12 c\
OT1/zplm/m/n/12 ([]) = (\OML/zplm/m/it/12 k\OT1/zplm/m/n/12 (\OML/zplm/m/it/12 
"[]\OT1/zplm/m/n/12 )\OML/zplm/m/it/12 "[]\OT1/zplm/m/n/12 )/[]$ 
 []

[96]) [97]
\openout2 = `chapters/50-futurework.aux'.

 (chapters/50-futurework.tex
Chapter 6.
[98




] [99] [100]
Package mdframed Info: Not enough space on this page on input line 38.
 [101]
Package mdframed Info: Not enough space on this page on input line 52.
 [102]) [103]
\openout2 = `chapters/60-conclusion.aux'.

 (chapters/60-conclusion.tex
Chapter 7.
LaTeX Font Info:    No math alphabet change to frozen version normal on input l
ine 6.
LaTeX Font Info:    No math alphabet change to frozen version normal on input l
ine 6.
LaTeX Font Info:    No math alphabet change to frozen version normal on input l
ine 6.
LaTeX Font Info:    No math alphabet change to frozen version normal on input l
ine 6.
LaTeX Font Info:    No math alphabet change to frozen version normal on input l
ine 6.
LaTeX Font Info:    No math alphabet change to frozen version normal on input l
ine 6.
LaTeX Font Info:    No math alphabet change to frozen version normal on input l
ine 6.
LaTeX Font Info:    No math alphabet change to frozen version normal on input l
ine 6.
[104




]) [105]
\openout2 = `chapters/90-bib.aux'.

 (chapters/90-bib.tex
(D:\Github\Bipedal_Robot\Documentation\Reports and Papers\Dissertation\Overleaf
_review_20260926_yellow\build\main.bbl
LaTeX Font Info:    No math alphabet change to frozen version normal on input l
ine 13.
LaTeX Font Info:    No math alphabet change to frozen version normal on input l
ine 21.
LaTeX Font Info:    No math alphabet change to frozen version normal on input l
ine 30.
LaTeX Font Info:    No math alphabet change to frozen version normal on input l
ine 38.
LaTeX Font Info:    No math alphabet change to frozen version normal on input l
ine 47.
LaTeX Font Info:    No math alphabet change to frozen version normal on input l
ine 48.
LaTeX Font Info:    Nested math: keeping math alphabet allocation in version no
rmal on input line 56.
LaTeX Font Info:    No math alphabet change to frozen version normal on input l
ine 56.
LaTeX Font Info:    No math alphabet change to frozen version normal on input l
ine 64.
LaTeX Font Info:    No math alphabet change to frozen version normal on input l
ine 65.
LaTeX Font Info:    No math alphabet change to frozen version normal on input l
ine 73.
LaTeX Font Info:    No math alphabet change to frozen version normal on input l
ine 74.
LaTeX Font Info:    No math alphabet change to frozen version normal on input l
ine 83.
LaTeX Font Info:    No math alphabet change to frozen version normal on input l
ine 85.
 [106




]
LaTeX Font Info:    No math alphabet change to frozen version normal on input l
ine 94.
LaTeX Font Info:    No math alphabet change to frozen version normal on input l
ine 95.
LaTeX Font Info:    No math alphabet change to frozen version normal on input l
ine 102.
LaTeX Font Info:    No math alphabet change to frozen version normal on input l
ine 109.
LaTeX Font Info:    No math alphabet change to frozen version normal on input l
ine 117.

Underfull \hbox (badness 1264) in paragraph at lines 114--120
[]\OT1/ppl/m/n/12 (+20) B. P. Bolen and A. J. Hunt.  Us-ing AI Tools to En-hanc
e the Sen-sory Af-fer-ent
 []

LaTeX Font Info:    No math alphabet change to frozen version normal on input l
ine 125.
LaTeX Font Info:    No math alphabet change to frozen version normal on input l
ine 139.
[107]
LaTeX Font Info:    No math alphabet change to frozen version normal on input l
ine 157.
LaTeX Font Info:    Nested math: keeping math alphabet allocation in version no
rmal on input line 168.
LaTeX Font Info:    No math alphabet change to frozen version normal on input l
ine 168.
LaTeX Font Info:    No math alphabet change to frozen version normal on input l
ine 169.
LaTeX Font Info:    No math alphabet change to frozen version normal on input l
ine 176.
LaTeX Font Info:    No math alphabet change to frozen version normal on input l
ine 185.
LaTeX Font Info:    No math alphabet change to frozen version normal on input l
ine 197.
LaTeX Font Info:    No math alphabet change to frozen version normal on input l
ine 199.
LaTeX Font Info:    No math alphabet change to frozen version normal on input l
ine 206.
LaTeX Font Info:    No math alphabet change to frozen version normal on input l
ine 224.
LaTeX Font Info:    No math alphabet change to frozen version normal on input l
ine 226.
 [108]
LaTeX Font Info:    No math alphabet change to frozen version normal on input l
ine 234.
LaTeX Font Info:    No math alphabet change to frozen version normal on input l
ine 235.
LaTeX Font Info:    No math alphabet change to frozen version normal on input l
ine 245.
LaTeX Font Info:    No math alphabet change to frozen version normal on input l
ine 254.
LaTeX Font Info:    No math alphabet change to frozen version normal on input l
ine 262.
LaTeX Font Info:    No math alphabet change to frozen version normal on input l
ine 269.
LaTeX Font Info:    No math alphabet change to frozen version normal on input l
ine 280.
LaTeX Font Info:    No math alphabet change to frozen version normal on input l
ine 281.
LaTeX Font Info:    No math alphabet change to frozen version normal on input l
ine 291.
LaTeX Font Info:    No math alphabet change to frozen version normal on input l
ine 292.
LaTeX Font Info:    No math alphabet change to frozen version normal on input l
ine 300.
 [109]
LaTeX Font Info:    No math alphabet change to frozen version normal on input l
ine 307.
LaTeX Font Info:    No math alphabet change to frozen version normal on input l
ine 317.
LaTeX Font Info:    No math alphabet change to frozen version normal on input l
ine 319.
LaTeX Font Info:    No math alphabet change to frozen version normal on input l
ine 328.
LaTeX Font Info:    No math alphabet change to frozen version normal on input l
ine 334.
LaTeX Font Info:    No math alphabet change to frozen version normal on input l
ine 342.
LaTeX Font Info:    Nested math: keeping math alphabet allocation in version no
rmal on input line 352.
LaTeX Font Info:    No math alphabet change to frozen version normal on input l
ine 352.
LaTeX Font Info:    No math alphabet change to frozen version normal on input l
ine 359.
LaTeX Font Info:    No math alphabet change to frozen version normal on input l
ine 366.
LaTeX Font Info:    No math alphabet change to frozen version normal on input l
ine 373.
LaTeX Font Info:    No math alphabet change to frozen version normal on input l
ine 381.
 [110]
LaTeX Font Info:    No math alphabet change to frozen version normal on input l
ine 388.
LaTeX Font Info:    No math alphabet change to frozen version normal on input l
ine 396.
LaTeX Font Info:    No math alphabet change to frozen version normal on input l
ine 406.
LaTeX Font Info:    No math alphabet change to frozen version normal on input l
ine 407.
LaTeX Font Info:    No math alphabet change to frozen version normal on input l
ine 414.
LaTeX Font Info:    No math alphabet change to frozen version normal on input l
ine 424.
LaTeX Font Info:    No math alphabet change to frozen version normal on input l
ine 433.
LaTeX Font Info:    No math alphabet change to frozen version normal on input l
ine 434.
LaTeX Font Info:    No math alphabet change to frozen version normal on input l
ine 444.
LaTeX Font Info:    No math alphabet change to frozen version normal on input l
ine 454.
LaTeX Font Info:    No math alphabet change to frozen version normal on input l
ine 456.

Underfull \hbox (badness 5711) in paragraph at lines 448--457
\OT1/ppl/m/n/12 (+20) 2018 . 1494040$.  URL []$\OT1/cmtt/m/n/12 http : / / stat
s . lib . pdx . edu / proxy . php ? url = http : / / search .
 []

[111]
LaTeX Font Info:    No math alphabet change to frozen version normal on input l
ine 474.
LaTeX Font Info:    No math alphabet change to frozen version normal on input l
ine 476.
LaTeX Font Info:    No math alphabet change to frozen version normal on input l
ine 486.
LaTeX Font Info:    No math alphabet change to frozen version normal on input l
ine 488.
LaTeX Font Info:    No math alphabet change to frozen version normal on input l
ine 495.
LaTeX Font Info:    No math alphabet change to frozen version normal on input l
ine 503.
LaTeX Font Info:    No math alphabet change to frozen version normal on input l
ine 504.
LaTeX Font Info:    No math alphabet change to frozen version normal on input l
ine 513.
LaTeX Font Info:    No math alphabet change to frozen version normal on input l
ine 515.
LaTeX Font Info:    Nested math: keeping math alphabet allocation in version no
rmal on input line 523.
LaTeX Font Info:    No math alphabet change to frozen version normal on input l
ine 523.
LaTeX Font Info:    No math alphabet change to frozen version normal on input l
ine 536.
 [112]
LaTeX Font Info:    No math alphabet change to frozen version normal on input l
ine 548.
LaTeX Font Info:    No math alphabet change to frozen version normal on input l
ine 549.
LaTeX Font Info:    No math alphabet change to frozen version normal on input l
ine 557.
LaTeX Font Info:    No math alphabet change to frozen version normal on input l
ine 567.
LaTeX Font Info:    No math alphabet change to frozen version normal on input l
ine 568.
LaTeX Font Info:    No math alphabet change to frozen version normal on input l
ine 578.
LaTeX Font Info:    No math alphabet change to frozen version normal on input l
ine 590.
LaTeX Font Info:    No math alphabet change to frozen version normal on input l
ine 601.
LaTeX Font Info:    No math alphabet change to frozen version normal on input l
ine 609.
LaTeX Font Info:    No math alphabet change to frozen version normal on input l
ine 616.
LaTeX Font Info:    No math alphabet change to frozen version normal on input l
ine 617.
 [113]
LaTeX Font Info:    No math alphabet change to frozen version normal on input l
ine 624.
LaTeX Font Info:    No math alphabet change to frozen version normal on input l
ine 634.
LaTeX Font Info:    No math alphabet change to frozen version normal on input l
ine 636.
LaTeX Font Info:    No math alphabet change to frozen version normal on input l
ine 646.
LaTeX Font Info:    No math alphabet change to frozen version normal on input l
ine 648.
LaTeX Font Info:    No math alphabet change to frozen version normal on input l
ine 659.
LaTeX Font Info:    Nested math: keeping math alphabet allocation in version no
rmal on input line 669.
LaTeX Font Info:    No math alphabet change to frozen version normal on input l
ine 669.
LaTeX Font Info:    No math alphabet change to frozen version normal on input l
ine 670.
LaTeX Font Info:    No math alphabet change to frozen version normal on input l
ine 678.
LaTeX Font Info:    Nested math: keeping math alphabet allocation in version no
rmal on input line 689.
LaTeX Font Info:    No math alphabet change to frozen version normal on input l
ine 689.
LaTeX Font Info:    No math alphabet change to frozen version normal on input l
ine 699.
 [114]
LaTeX Font Info:    No math alphabet change to frozen version normal on input l
ine 707.
LaTeX Font Info:    No math alphabet change to frozen version normal on input l
ine 715.
LaTeX Font Info:    No math alphabet change to frozen version normal on input l
ine 740.
LaTeX Font Info:    No math alphabet change to frozen version normal on input l
ine 749.
LaTeX Font Info:    No math alphabet change to frozen version normal on input l
ine 764.
LaTeX Font Info:    No math alphabet change to frozen version normal on input l
ine 774.
LaTeX Font Info:    No math alphabet change to frozen version normal on input l
ine 784.
 [115]
LaTeX Font Info:    No math alphabet change to frozen version normal on input l
ine 804.
LaTeX Font Info:    No math alphabet change to frozen version normal on input l
ine 805.
LaTeX Font Info:    No math alphabet change to frozen version normal on input l
ine 815.
LaTeX Font Info:    No math alphabet change to frozen version normal on input l
ine 817.
LaTeX Font Info:    Nested math: keeping math alphabet allocation in version no
rmal on input line 830.
LaTeX Font Info:    No math alphabet change to frozen version normal on input l
ine 830.
LaTeX Font Info:    No math alphabet change to frozen version normal on input l
ine 831.
LaTeX Font Info:    No math alphabet change to frozen version normal on input l
ine 840.
LaTeX Font Info:    No math alphabet change to frozen version normal on input l
ine 842.
LaTeX Font Info:    No math alphabet change to frozen version normal on input l
ine 849.
 [116]
LaTeX Font Info:    No math alphabet change to frozen version normal on input l
ine 859.
LaTeX Font Info:    Nested math: keeping math alphabet allocation in version no
rmal on input line 868.
LaTeX Font Info:    No math alphabet change to frozen version normal on input l
ine 868.
LaTeX Font Info:    No math alphabet change to frozen version normal on input l
ine 870.
LaTeX Font Info:    No math alphabet change to frozen version normal on input l
ine 889.
LaTeX Font Info:    No math alphabet change to frozen version normal on input l
ine 904.
LaTeX Font Info:    No math alphabet change to frozen version normal on input l
ine 906.
LaTeX Font Info:    No math alphabet change to frozen version normal on input l
ine 915.
LaTeX Font Info:    No math alphabet change to frozen version normal on input l
ine 916.
LaTeX Font Info:    No math alphabet change to frozen version normal on input l
ine 927.
LaTeX Font Info:    No math alphabet change to frozen version normal on input l
ine 936.
 [117]
LaTeX Font Info:    No math alphabet change to frozen version normal on input l
ine 948.

Overfull \hbox (295.93526pt too wide) in paragraph at lines 940--949
\OT1/cmtt/m/n/12 60-[]investigation-[]of-[]accuracy-[]of-[]the-[]newest-[]funct
ion-[]approximation-[]for-[]the-[]force-[]generated-[]by-[]pneumatic-[]artifici
al-[]muscle /
 []

LaTeX Font Info:    No math alphabet change to frozen version normal on input l
ine 959.
LaTeX Font Info:    No math alphabet change to frozen version normal on input l
ine 960.
LaTeX Font Info:    No math alphabet change to frozen version normal on input l
ine 972.
LaTeX Font Info:    No math alphabet change to frozen version normal on input l
ine 981.
LaTeX Font Info:    No math alphabet change to frozen version normal on input l
ine 991.
LaTeX Font Info:    No math alphabet change to frozen version normal on input l
ine 999.
LaTeX Font Info:    No math alphabet change to frozen version normal on input l
ine 1008.
LaTeX Font Info:    No math alphabet change to frozen version normal on input l
ine 1010.
[118]
LaTeX Font Info:    No math alphabet change to frozen version normal on input l
ine 1020.
LaTeX Font Info:    No math alphabet change to frozen version normal on input l
ine 1027.
LaTeX Font Info:    No math alphabet change to frozen version normal on input l
ine 1033.
LaTeX Font Info:    No math alphabet change to frozen version normal on input l
ine 1040.
LaTeX Font Info:    No math alphabet change to frozen version normal on input l
ine 1046.
LaTeX Font Info:    Nested math: keeping math alphabet allocation in version no
rmal on input line 1055.
LaTeX Font Info:    No math alphabet change to frozen version normal on input l
ine 1055.
LaTeX Font Info:    No math alphabet change to frozen version normal on input l
ine 1063.
LaTeX Font Info:    No math alphabet change to frozen version normal on input l
ine 1076.
LaTeX Font Info:    No math alphabet change to frozen version normal on input l
ine 1078.
LaTeX Font Info:    No math alphabet change to frozen version normal on input l
ine 1091.
LaTeX Font Info:    No math alphabet change to frozen version normal on input l
ine 1093.
 [119]
LaTeX Font Info:    No math alphabet change to frozen version normal on input l
ine 1102.
LaTeX Font Info:    No math alphabet change to frozen version normal on input l
ine 1104.
LaTeX Font Info:    No math alphabet change to frozen version normal on input l
ine 1111.
LaTeX Font Info:    No math alphabet change to frozen version normal on input l
ine 1112.
LaTeX Font Info:    No math alphabet change to frozen version normal on input l
ine 1122.
LaTeX Font Info:    No math alphabet change to frozen version normal on input l
ine 1129.
)) [120] [121



]
\openout2 = `chapters/92-AppendixA.aux'.

 (chapters/92-AppendixA.tex
Appendix A.
Package hyperref Info: bookmark level for unknown app defaults to 0 on input li
ne 1.
LaTeX Font Info:    Nested math: keeping math alphabet allocation in version no
rmal on input line 24.
LaTeX Font Info:    Nested math: keeping math alphabet allocation in version no
rmal on input line 24.
LaTeX Font Info:    Nested math: keeping math alphabet allocation in version no
rmal on input line 24.
LaTeX Font Info:    Nested math: keeping math alphabet allocation in version no
rmal on input line 25.
LaTeX Font Info:    Nested math: keeping math alphabet allocation in version no
rmal on input line 25.
LaTeX Font Info:    Nested math: keeping math alphabet allocation in version no
rmal on input line 25.
LaTeX Font Info:    No math alphabet change to frozen version normal on input l
ine 25.
LaTeX Font Info:    No math alphabet change to frozen version normal on input l
ine 28.
LaTeX Font Info:    Nested math: keeping math alphabet allocation in version no
rmal on input line 28.
LaTeX Font Info:    No math alphabet change to frozen version normal on input l
ine 28.
LaTeX Font Info:    No math alphabet change to frozen version normal on input l
ine 29.
LaTeX Font Info:    No math alphabet change to frozen version normal on input l
ine 47.
[122



]
LaTeX Font Info:    Nested math: keeping math alphabet allocation in version no
rmal on input line 49.
LaTeX Font Info:    Nested math: keeping math alphabet allocation in version no
rmal on input line 49.
LaTeX Font Info:    Nested math: keeping math alphabet allocation in version no
rmal on input line 49.
LaTeX Font Info:    Nested math: keeping math alphabet allocation in version no
rmal on input line 49.
LaTeX Font Info:    Nested math: keeping math alphabet allocation in version no
rmal on input line 50.
LaTeX Font Info:    Nested math: keeping math alphabet allocation in version no
rmal on input line 50.
LaTeX Font Info:    No math alphabet change to frozen version normal on input l
ine 52.
LaTeX Font Info:    No math alphabet change to frozen version normal on input l
ine 52.
LaTeX Font Info:    No math alphabet change to frozen version normal on input l
ine 53.
LaTeX Font Info:    No math alphabet change to frozen version normal on input l
ine 53.
LaTeX Font Info:    No math alphabet change to frozen version normal on input l
ine 54.
LaTeX Font Info:    No math alphabet change to frozen version normal on input l
ine 55.
LaTeX Font Info:    No math alphabet change to frozen version normal on input l
ine 55.
LaTeX Font Info:    No math alphabet change to frozen version normal on input l
ine 59.
LaTeX Font Info:    No math alphabet change to frozen version normal on input l
ine 75.
 [123]
LaTeX Font Info:    No math alphabet change to frozen version normal on input l
ine 81.
LaTeX Font Info:    No math alphabet change to frozen version normal on input l
ine 81.
LaTeX Font Info:    Font shape `U/msa/m/n' will be
(Font)              scaled to size 11.40997pt on input line 84.
LaTeX Font Info:    Font shape `U/msa/m/n' will be
(Font)              scaled to size 8.33606pt on input line 84.
LaTeX Font Info:    Font shape `U/msb/m/n' will be
(Font)              scaled to size 11.40997pt on input line 84.
LaTeX Font Info:    Font shape `U/msb/m/n' will be
(Font)              scaled to size 8.33606pt on input line 84.
LaTeX Font Info:    No math alphabet change to frozen version normal on input l
ine 86.
LaTeX Font Info:    No math alphabet change to frozen version normal on input l
ine 86.
LaTeX Font Info:    No math alphabet change to frozen version normal on input l
ine 93.
LaTeX Font Info:    No math alphabet change to frozen version normal on input l
ine 95.
LaTeX Font Info:    No math alphabet change to frozen version normal on input l
ine 101.
LaTeX Font Info:    No math alphabet change to frozen version normal on input l
ine 105.
LaTeX Font Info:    No math alphabet change to frozen version normal on input l
ine 105.
LaTeX Font Info:    No math alphabet change to frozen version normal on input l
ine 105.
LaTeX Font Info:    No math alphabet change to frozen version normal on input l
ine 107.
LaTeX Font Info:    No math alphabet change to frozen version normal on input l
ine 119.
 [124]
LaTeX Font Info:    No math alphabet change to frozen version normal on input l
ine 145.
LaTeX Font Info:    Nested math: keeping math alphabet allocation in version no
rmal on input line 146.
LaTeX Font Info:    Nested math: keeping math alphabet allocation in version no
rmal on input line 146.
LaTeX Font Info:    Nested math: keeping math alphabet allocation in version no
rmal on input line 146.
LaTeX Font Info:    Nested math: keeping math alphabet allocation in version no
rmal on input line 146.
LaTeX Font Info:    No math alphabet change to frozen version normal on input l
ine 149.
LaTeX Font Info:    No math alphabet change to frozen version normal on input l
ine 149.
LaTeX Font Info:    No math alphabet change to frozen version normal on input l
ine 150.
LaTeX Font Info:    No math alphabet change to frozen version normal on input l
ine 150.

Overfull \hbox (38.23952pt too wide) in paragraph at lines 149--151
\OT1/ppl/m/n/12 (-20) 150--164. End-cap fit-ting length $\OML/zplm/m/it/12 l[] 
\OT1/zplm/m/n/12 = \OT1/ppl/m/n/12 (-20) 25.4 []$ is a con-struc-tor de-fault, 
\OT1/cmtt/m/n/12 MonoPamDataExplicit.m
 []

LaTeX Font Info:    No math alphabet change to frozen version normal on input l
ine 152.
LaTeX Font Info:    No math alphabet change to frozen version normal on input l
ine 152.
LaTeX Font Info:    No math alphabet change to frozen version normal on input l
ine 152.
LaTeX Font Info:    No math alphabet change to frozen version normal on input l
ine 152.
LaTeX Font Info:    No math alphabet change to frozen version normal on input l
ine 152.
LaTeX Font Info:    No math alphabet change to frozen version normal on input l
ine 152.
LaTeX Font Info:    No math alphabet change to frozen version normal on input l
ine 152.
[125]
LaTeX Font Info:    Nested math: keeping math alphabet allocation in version no
rmal on input line 156.
LaTeX Font Info:    Nested math: keeping math alphabet allocation in version no
rmal on input line 156.
LaTeX Font Info:    Nested math: keeping math alphabet allocation in version no
rmal on input line 156.
LaTeX Font Info:    Nested math: keeping math alphabet allocation in version no
rmal on input line 156.
LaTeX Font Info:    No math alphabet change to frozen version normal on input l
ine 161.
LaTeX Font Info:    No math alphabet change to frozen version normal on input l
ine 161.
LaTeX Font Info:    No math alphabet change to frozen version normal on input l
ine 162.
LaTeX Font Info:    No math alphabet change to frozen version normal on input l
ine 162.
LaTeX Font Info:    No math alphabet change to frozen version normal on input l
ine 162.
LaTeX Font Info:    No math alphabet change to frozen version normal on input l
ine 162.
LaTeX Font Info:    No math alphabet change to frozen version normal on input l
ine 162.
LaTeX Font Info:    No math alphabet change to frozen version normal on input l
ine 162.

Overfull \hbox (35.2388pt too wide) in paragraph at lines 161--163
\OT1/cmtt/m/n/12 fittype \OT1/ppl/m/n/12 (-20) non-lin-ear least squares and le
ast-absolute-residual ro-bust-ness (\OT1/cmtt/m/n/12 Testing[]Data/bpaFits.m\OT
1/ppl/m/n/12 (-20) ,
 []

LaTeX Font Info:    No math alphabet change to frozen version normal on input l
ine 164.
LaTeX Font Info:    No math alphabet change to frozen version normal on input l
ine 164.
LaTeX Font Info:    No math alphabet change to frozen version normal on input l
ine 167.
LaTeX Font Info:    No math alphabet change to frozen version normal on input l
ine 167.
LaTeX Font Info:    No math alphabet change to frozen version normal on input l
ine 167.
LaTeX Font Info:    No math alphabet change to frozen version normal on input l
ine 167.
LaTeX Font Info:    No math alphabet change to frozen version normal on input l
ine 167.
LaTeX Font Info:    No math alphabet change to frozen version normal on input l
ine 167.
LaTeX Font Info:    No math alphabet change to frozen version normal on input l
ine 167.

Overfull \hbox (94.36024pt too wide) in paragraph at lines 167--168
\OT1/ppl/m/n/12 (-20) The resting-length-dependent max-i-mum force of Equa-tion
 ([]3.5[]) is im-ple-mented in \OT1/cmtt/m/n/12 Functions/maxBPAforce.m
 []

[126]
LaTeX Font Info:    Nested math: keeping math alphabet allocation in version no
rmal on input line 174.
LaTeX Font Info:    Nested math: keeping math alphabet allocation in version no
rmal on input line 174.
LaTeX Font Info:    Nested math: keeping math alphabet allocation in version no
rmal on input line 174.
LaTeX Font Info:    Nested math: keeping math alphabet allocation in version no
rmal on input line 174.
LaTeX Font Info:    No math alphabet change to frozen version normal on input l
ine 177.
LaTeX Font Info:    No math alphabet change to frozen version normal on input l
ine 177.
LaTeX Font Info:    No math alphabet change to frozen version normal on input l
ine 178.
LaTeX Font Info:    No math alphabet change to frozen version normal on input l
ine 178.
LaTeX Font Info:    No math alphabet change to frozen version normal on input l
ine 178.
LaTeX Font Info:    No math alphabet change to frozen version normal on input l
ine 178.
LaTeX Font Info:    No math alphabet change to frozen version normal on input l
ine 178.
 [127]
LaTeX Font Info:    No math alphabet change to frozen version normal on input l
ine 182.
LaTeX Font Info:    Nested math: keeping math alphabet allocation in version no
rmal on input line 183.
LaTeX Font Info:    Nested math: keeping math alphabet allocation in version no
rmal on input line 183.
LaTeX Font Info:    Nested math: keeping math alphabet allocation in version no
rmal on input line 183.
LaTeX Font Info:    Nested math: keeping math alphabet allocation in version no
rmal on input line 183.
LaTeX Font Info:    Undo math alphabet allocation in version normal on input li
ne 188.
LaTeX Font Info:    No math alphabet change to frozen version normal on input l
ine 188.
LaTeX Font Info:    No math alphabet change to frozen version normal on input l
ine 189.
LaTeX Font Info:    No math alphabet change to frozen version normal on input l
ine 189.

Overfull \hbox (2.14108pt too wide) in paragraph at lines 188--190
\OT1/ppl/m/n/12 (-20) scalar com-pli-ance $\OML/zplm/m/it/12 c[]$ \OT1/ppl/m/n/
12 (-20) in se-ries (Ap-pendix []C[], Ta-ble []C6[]) [Prove-nance: \OT1/cmtt/m/
n/12 minimizeFlxPin2brk.m
 []

LaTeX Font Info:    Nested math: keeping math alphabet allocation in version no
rmal on input line 192.
LaTeX Font Info:    Nested math: keeping math alphabet allocation in version no
rmal on input line 192.
LaTeX Font Info:    Nested math: keeping math alphabet allocation in version no
rmal on input line 192.
LaTeX Font Info:    Nested math: keeping math alphabet allocation in version no
rmal on input line 192.
LaTeX Font Info:    No math alphabet change to frozen version normal on input l
ine 195.
LaTeX Font Info:    No math alphabet change to frozen version normal on input l
ine 195.
LaTeX Font Info:    No math alphabet change to frozen version normal on input l
ine 196.
LaTeX Font Info:    No math alphabet change to frozen version normal on input l
ine 196.
LaTeX Font Info:    No math alphabet change to frozen version normal on input l
ine 196.
LaTeX Font Info:    No math alphabet change to frozen version normal on input l
ine 196.
LaTeX Font Info:    No math alphabet change to frozen version normal on input l
ine 196.
LaTeX Font Info:    No math alphabet change to frozen version normal on input l
ine 198.
LaTeX Font Info:    No math alphabet change to frozen version normal on input l
ine 198.
[128]
LaTeX Font Info:    Nested math: keeping math alphabet allocation in version no
rmal on input line 199.
LaTeX Font Info:    Nested math: keeping math alphabet allocation in version no
rmal on input line 199.
LaTeX Font Info:    Nested math: keeping math alphabet allocation in version no
rmal on input line 199.
LaTeX Font Info:    Nested math: keeping math alphabet allocation in version no
rmal on input line 199.
LaTeX Font Info:    No math alphabet change to frozen version normal on input l
ine 202.
LaTeX Font Info:    No math alphabet change to frozen version normal on input l
ine 202.
LaTeX Font Info:    No math alphabet change to frozen version normal on input l
ine 203.
LaTeX Font Info:    Undo math alphabet allocation in version normal on input li
ne 203.
LaTeX Font Info:    No math alphabet change to frozen version normal on input l
ine 203.
LaTeX Font Info:    No math alphabet change to frozen version normal on input l
ine 203.
LaTeX Font Info:    No math alphabet change to frozen version normal on input l
ine 207.
LaTeX Font Info:    No math alphabet change to frozen version normal on input l
ine 207.
LaTeX Font Info:    No math alphabet change to frozen version normal on input l
ine 207.
LaTeX Font Info:    No math alphabet change to frozen version normal on input l
ine 207.
LaTeX Font Info:    No math alphabet change to frozen version normal on input l
ine 207.
LaTeX Font Info:    No math alphabet change to frozen version normal on input l
ine 207.
) [129]
\openout2 = `chapters/93-AppendixB.aux'.

 (chapters/93-AppendixB.tex
Appendix B.

Overfull \hbox (70.91875pt too wide) in paragraph at lines 4--5
\OT1/ppl/m/n/12 (-20) charts, and the ear-lier phase-1 in-stru-mented ex-port (
\OT1/cmtt/m/n/12 walk new new tester added 2 axis[]phase1.asim\OT1/ppl/m/n/12 (
-20) )
 []

LaTeX Font Info:    Nested math: keeping math alphabet allocation in version no
rmal on input line 9.
LaTeX Font Info:    Nested math: keeping math alphabet allocation in version no
rmal on input line 9.
LaTeX Font Info:    Nested math: keeping math alphabet allocation in version no
rmal on input line 9.
LaTeX Font Info:    Nested math: keeping math alphabet allocation in version no
rmal on input line 9.
LaTeX Font Info:    Nested math: keeping math alphabet allocation in version no
rmal on input line 10.
LaTeX Font Info:    Nested math: keeping math alphabet allocation in version no
rmal on input line 10.
LaTeX Font Info:    Nested math: keeping math alphabet allocation in version no
rmal on input line 11.
LaTeX Font Info:    Nested math: keeping math alphabet allocation in version no
rmal on input line 11.
LaTeX Font Info:    No math alphabet change to frozen version normal on input l
ine 13.
LaTeX Font Info:    No math alphabet change to frozen version normal on input l
ine 13.
LaTeX Font Info:    No math alphabet change to frozen version normal on input l
ine 14.
LaTeX Font Info:    No math alphabet change to frozen version normal on input l
ine 14.
LaTeX Font Info:    Nested math: keeping math alphabet allocation in version no
rmal on input line 14.
LaTeX Font Info:    No math alphabet change to frozen version normal on input l
ine 14.
LaTeX Font Info:    No math alphabet change to frozen version normal on input l
ine 14.
LaTeX Font Info:    Nested math: keeping math alphabet allocation in version no
rmal on input line 14.
LaTeX Font Info:    No math alphabet change to frozen version normal on input l
ine 14.
LaTeX Font Info:    Nested math: keeping math alphabet allocation in version no
rmal on input line 14.
LaTeX Font Info:    No math alphabet change to frozen version normal on input l
ine 14.
LaTeX Font Info:    Nested math: keeping math alphabet allocation in version no
rmal on input line 14.
LaTeX Font Info:    No math alphabet change to frozen version normal on input l
ine 14.
LaTeX Font Info:    No math alphabet change to frozen version normal on input l
ine 14.
LaTeX Font Info:    No math alphabet change to frozen version normal on input l
ine 14.
LaTeX Font Info:    Nested math: keeping math alphabet allocation in version no
rmal on input line 14.
LaTeX Font Info:    No math alphabet change to frozen version normal on input l
ine 14.
LaTeX Font Info:    Nested math: keeping math alphabet allocation in version no
rmal on input line 14.
LaTeX Font Info:    No math alphabet change to frozen version normal on input l
ine 14.
LaTeX Font Info:    Nested math: keeping math alphabet allocation in version no
rmal on input line 14.
LaTeX Font Info:    No math alphabet change to frozen version normal on input l
ine 14.
LaTeX Font Info:    Nested math: keeping math alphabet allocation in version no
rmal on input line 14.
LaTeX Font Info:    No math alphabet change to frozen version normal on input l
ine 14.
LaTeX Font Info:    Nested math: keeping math alphabet allocation in version no
rmal on input line 14.
LaTeX Font Info:    No math alphabet change to frozen version normal on input l
ine 14.
[130




]
Underfull \hbox (badness 1701) in paragraph at lines 21--21
[]\OT1/ppl/m/n/12 (+20) Table B1: |Spik-ing neu-ron pa-ram-e-ters in the An-i-m
at-Lab bipedal walker model
 []

LaTeX Font Info:    Nested math: keeping math alphabet allocation in version no
rmal on input line 27.
LaTeX Font Info:    No math alphabet change to frozen version normal on input l
ine 27.
LaTeX Font Info:    No math alphabet change to frozen version normal on input l
ine 27.
LaTeX Font Info:    No math alphabet change to frozen version normal on input l
ine 27.
LaTeX Font Info:    No math alphabet change to frozen version normal on input l
ine 28.
LaTeX Font Info:    No math alphabet change to frozen version normal on input l
ine 28.
LaTeX Font Info:    No math alphabet change to frozen version normal on input l
ine 28.
LaTeX Font Info:    Nested math: keeping math alphabet allocation in version no
rmal on input line 29.
LaTeX Font Info:    No math alphabet change to frozen version normal on input l
ine 29.
LaTeX Font Info:    No math alphabet change to frozen version normal on input l
ine 29.
LaTeX Font Info:    No math alphabet change to frozen version normal on input l
ine 29.
LaTeX Font Info:    No math alphabet change to frozen version normal on input l
ine 29.
LaTeX Font Info:    No math alphabet change to frozen version normal on input l
ine 29.
LaTeX Font Info:    Nested math: keeping math alphabet allocation in version no
rmal on input line 30.
LaTeX Font Info:    No math alphabet change to frozen version normal on input l
ine 30.
LaTeX Font Info:    Nested math: keeping math alphabet allocation in version no
rmal on input line 31.
LaTeX Font Info:    No math alphabet change to frozen version normal on input l
ine 31.
LaTeX Font Info:    No math alphabet change to frozen version normal on input l
ine 31.
LaTeX Font Info:    No math alphabet change to frozen version normal on input l
ine 31.
LaTeX Font Info:    Nested math: keeping math alphabet allocation in version no
rmal on input line 32.
LaTeX Font Info:    No math alphabet change to frozen version normal on input l
ine 32.
LaTeX Font Info:    No math alphabet change to frozen version normal on input l
ine 32.
LaTeX Font Info:    No math alphabet change to frozen version normal on input l
ine 32.
LaTeX Font Info:    Nested math: keeping math alphabet allocation in version no
rmal on input line 33.
LaTeX Font Info:    No math alphabet change to frozen version normal on input l
ine 33.
LaTeX Font Info:    No math alphabet change to frozen version normal on input l
ine 33.
LaTeX Font Info:    No math alphabet change to frozen version normal on input l
ine 33.
LaTeX Font Info:    No math alphabet change to frozen version normal on input l
ine 35.
LaTeX Font Info:    Nested math: keeping math alphabet allocation in version no
rmal on input line 41.
LaTeX Font Info:    Nested math: keeping math alphabet allocation in version no
rmal on input line 41.
LaTeX Font Info:    Nested math: keeping math alphabet allocation in version no
rmal on input line 41.
LaTeX Font Info:    Nested math: keeping math alphabet allocation in version no
rmal on input line 41.
LaTeX Font Info:    Nested math: keeping math alphabet allocation in version no
rmal on input line 42.
LaTeX Font Info:    Nested math: keeping math alphabet allocation in version no
rmal on input line 42.
LaTeX Font Info:    Nested math: keeping math alphabet allocation in version no
rmal on input line 43.
LaTeX Font Info:    Nested math: keeping math alphabet allocation in version no
rmal on input line 45.
LaTeX Font Info:    Nested math: keeping math alphabet allocation in version no
rmal on input line 45.
LaTeX Font Info:    Nested math: keeping math alphabet allocation in version no
rmal on input line 45.
LaTeX Font Info:    Nested math: keeping math alphabet allocation in version no
rmal on input line 45.
LaTeX Font Info:    Nested math: keeping math alphabet allocation in version no
rmal on input line 48.
LaTeX Font Info:    Nested math: keeping math alphabet allocation in version no
rmal on input line 48.
LaTeX Font Info:    Nested math: keeping math alphabet allocation in version no
rmal on input line 48.
LaTeX Font Info:    Nested math: keeping math alphabet allocation in version no
rmal on input line 48.
LaTeX Font Info:    No math alphabet change to frozen version normal on input l
ine 50.
LaTeX Font Info:    No math alphabet change to frozen version normal on input l
ine 50.
LaTeX Font Info:    Nested math: keeping math alphabet allocation in version no
rmal on input line 51.
LaTeX Font Info:    No math alphabet change to frozen version normal on input l
ine 51.
LaTeX Font Info:    Nested math: keeping math alphabet allocation in version no
rmal on input line 51.
LaTeX Font Info:    No math alphabet change to frozen version normal on input l
ine 51.
LaTeX Font Info:    Nested math: keeping math alphabet allocation in version no
rmal on input line 51.
LaTeX Font Info:    No math alphabet change to frozen version normal on input l
ine 51.
LaTeX Font Info:    Nested math: keeping math alphabet allocation in version no
rmal on input line 55.
LaTeX Font Info:    No math alphabet change to frozen version normal on input l
ine 55.
LaTeX Font Info:    Nested math: keeping math alphabet allocation in version no
rmal on input line 56.
LaTeX Font Info:    Nested math: keeping math alphabet allocation in version no
rmal on input line 56.
LaTeX Font Info:    No math alphabet change to frozen version normal on input l
ine 56.
LaTeX Font Info:    Nested math: keeping math alphabet allocation in version no
rmal on input line 57.
LaTeX Font Info:    Nested math: keeping math alphabet allocation in version no
rmal on input line 57.
LaTeX Font Info:    No math alphabet change to frozen version normal on input l
ine 57.
LaTeX Font Info:    Nested math: keeping math alphabet allocation in version no
rmal on input line 59.
LaTeX Font Info:    No math alphabet change to frozen version normal on input l
ine 59.
LaTeX Font Info:    Nested math: keeping math alphabet allocation in version no
rmal on input line 60.
LaTeX Font Info:    Nested math: keeping math alphabet allocation in version no
rmal on input line 60.
LaTeX Font Info:    No math alphabet change to frozen version normal on input l
ine 60.
[131]
LaTeX Font Info:    Nested math: keeping math alphabet allocation in version no
rmal on input line 62.
LaTeX Font Info:    No math alphabet change to frozen version normal on input l
ine 62.
LaTeX Font Info:    Nested math: keeping math alphabet allocation in version no
rmal on input line 63.
LaTeX Font Info:    Nested math: keeping math alphabet allocation in version no
rmal on input line 63.
LaTeX Font Info:    No math alphabet change to frozen version normal on input l
ine 63.
LaTeX Font Info:    Nested math: keeping math alphabet allocation in version no
rmal on input line 70.
LaTeX Font Info:    No math alphabet change to frozen version normal on input l
ine 70.
) [132] [133]
\openout2 = `chapters/94-AppendixC.aux'.

 (chapters/94-AppendixC.tex
Appendix C.
LaTeX Font Info:    No math alphabet change to frozen version normal on input l
ine 8.
LaTeX Font Info:    No math alphabet change to frozen version normal on input l
ine 8.
LaTeX Font Info:    No math alphabet change to frozen version normal on input l
ine 8.
LaTeX Font Info:    Nested math: keeping math alphabet allocation in version no
rmal on input line 9.
LaTeX Font Info:    Nested math: keeping math alphabet allocation in version no
rmal on input line 9.
LaTeX Font Info:    Nested math: keeping math alphabet allocation in version no
rmal on input line 9.
LaTeX Font Info:    Nested math: keeping math alphabet allocation in version no
rmal on input line 9.
LaTeX Font Info:    Undo math alphabet allocation in version normal on input li
ne 12.
LaTeX Font Info:    No math alphabet change to frozen version normal on input l
ine 12.
LaTeX Font Info:    Undo math alphabet allocation in version normal on input li
ne 13.
LaTeX Font Info:    Undo math alphabet allocation in version normal on input li
ne 13.
LaTeX Font Info:    Undo math alphabet allocation in version normal on input li
ne 13.
LaTeX Font Info:    No math alphabet change to frozen version normal on input l
ine 13.
LaTeX Font Info:    No math alphabet change to frozen version normal on input l
ine 13.
LaTeX Font Info:    No math alphabet change to frozen version normal on input l
ine 13.
LaTeX Font Info:    No math alphabet change to frozen version normal on input l
ine 13.
LaTeX Font Info:    No math alphabet change to frozen version normal on input l
ine 13.
LaTeX Font Info:    No math alphabet change to frozen version normal on input l
ine 13.

Overfull \hbox (61.55878pt too wide) in paragraph at lines 12--14
\OT1/cmtt/m/n/12 minimizeFlxPin.m \OT1/ppl/m/n/12 (-20) lines 381--394; \OT1/cm
tt/m/n/12 minimizeExtX3.m \OT1/ppl/m/n/12 (-20) lines 687--700; BPA struct fiel
ds, \OT1/cmtt/m/n/12 minimizeFlxPin.m
 []

[134




]
LaTeX Font Info:    Undo math alphabet allocation in version normal on input li
ne 15.
LaTeX Font Info:    Undo math alphabet allocation in version normal on input li
ne 15.
LaTeX Font Info:    No math alphabet change to frozen version normal on input l
ine 15.
LaTeX Font Info:    Undo math alphabet allocation in version normal on input li
ne 15.
LaTeX Font Info:    No math alphabet change to frozen version normal on input l
ine 15.
LaTeX Font Info:    Trying to load font information for OMS+ppl on input line 1
5.
 (D:\MiKTeX\tex/latex/psnfss\omsppl.fd
File: omsppl.fd 
)
LaTeX Font Info:    Font shape `OMS/ppl/m/n' in size <12> not available
(Font)              Font shape `OMS/cmsy/m/n' tried instead on input line 15.

Overfull \hbox (0.66867pt too wide) in paragraph at lines 15--16
\OT1/ppl/m/n/12 (-20) ori-gin $\OT1/zplm/b/n/12 p[] \OT1/zplm/m/n/12 = [\U/math
a/m/n/12 ^^A\OT1/ppl/m/n/12 (-20) 75.0,  100.0,  32.8\OT1/zplm/m/n/12 ]$ \OT1/p
pl/m/n/12 (-20) mm and tibia-frame in-ser-tion $\OT1/zplm/b/n/12 p[] \OT1/zplm/
m/n/12 = [\U/matha/m/n/12 ^^A\OT1/ppl/m/n/12 (-20) 50.1,  \U/matha/m/n/12 ^^A\O
T1/ppl/m/n/12 (-20) 45.0,  32.3\OT1/zplm/m/n/12 ]$ \OT1/ppl/m/n/12 (-20) mm
 []

LaTeX Font Info:    No math alphabet change to frozen version normal on input l
ine 18.
LaTeX Font Info:    No math alphabet change to frozen version normal on input l
ine 18.
LaTeX Font Info:    No math alphabet change to frozen version normal on input l
ine 18.
LaTeX Font Info:    No math alphabet change to frozen version normal on input l
ine 18.
LaTeX Font Info:    No math alphabet change to frozen version normal on input l
ine 18.
LaTeX Font Info:    No math alphabet change to frozen version normal on input l
ine 18.
LaTeX Font Info:    No math alphabet change to frozen version normal on input l
ine 18.
LaTeX Font Info:    No math alphabet change to frozen version normal on input l
ine 18.
LaTeX Font Info:    No math alphabet change to frozen version normal on input l
ine 18.
LaTeX Font Info:    No math alphabet change to frozen version normal on input l
ine 18.

Underfull \hbox (badness 5563) in paragraph at lines 18--18
\OT1/ppl/m/n/12 (+20) (kf(1)--kf(5)). La-bels are the lab-o-ra-tory short-hand 
used in the fit-ting logs
 []

LaTeX Font Info:    Nested math: keeping math alphabet allocation in version no
rmal on input line 22.
LaTeX Font Info:    Nested math: keeping math alphabet allocation in version no
rmal on input line 22.
LaTeX Font Info:    Nested math: keeping math alphabet allocation in version no
rmal on input line 22.
LaTeX Font Info:    Nested math: keeping math alphabet allocation in version no
rmal on input line 22.
LaTeX Font Info:    No math alphabet change to frozen version normal on input l
ine 22.
LaTeX Font Info:    No math alphabet change to frozen version normal on input l
ine 22.
LaTeX Font Info:    No math alphabet change to frozen version normal on input l
ine 22.
LaTeX Font Info:    No math alphabet change to frozen version normal on input l
ine 30.
LaTeX Font Info:    No math alphabet change to frozen version normal on input l
ine 34.
LaTeX Font Info:    No math alphabet change to frozen version normal on input l
ine 34.
LaTeX Font Info:    No math alphabet change to frozen version normal on input l
ine 34.
LaTeX Font Info:    No math alphabet change to frozen version normal on input l
ine 34.
LaTeX Font Info:    No math alphabet change to frozen version normal on input l
ine 34.
LaTeX Font Info:    No math alphabet change to frozen version normal on input l
ine 34.
LaTeX Font Info:    No math alphabet change to frozen version normal on input l
ine 34.
LaTeX Font Info:    No math alphabet change to frozen version normal on input l
ine 34.
LaTeX Font Info:    No math alphabet change to frozen version normal on input l
ine 34.
LaTeX Font Info:    No math alphabet change to frozen version normal on input l
ine 34.
LaTeX Font Info:    No math alphabet change to frozen version normal on input l
ine 38.
LaTeX Font Info:    No math alphabet change to frozen version normal on input l
ine 38.
LaTeX Font Info:    No math alphabet change to frozen version normal on input l
ine 38.
LaTeX Font Info:    No math alphabet change to frozen version normal on input l
ine 41.
LaTeX Font Info:    No math alphabet change to frozen version normal on input l
ine 42.
LaTeX Font Info:    No math alphabet change to frozen version normal on input l
ine 43.
LaTeX Font Info:    No math alphabet change to frozen version normal on input l
ine 44.
LaTeX Font Info:    No math alphabet change to frozen version normal on input l
ine 47.
LaTeX Font Info:    No math alphabet change to frozen version normal on input l
ine 48.
LaTeX Font Info:    No math alphabet change to frozen version normal on input l
ine 50.
LaTeX Font Info:    No math alphabet change to frozen version normal on input l
ine 51.
LaTeX Font Info:    No math alphabet change to frozen version normal on input l
ine 54.
LaTeX Font Info:    No math alphabet change to frozen version normal on input l
ine 54.
LaTeX Font Info:    No math alphabet change to frozen version normal on input l
ine 58.
LaTeX Font Info:    No math alphabet change to frozen version normal on input l
ine 58.
LaTeX Font Info:    No math alphabet change to frozen version normal on input l
ine 58.
LaTeX Font Info:    No math alphabet change to frozen version normal on input l
ine 60.
LaTeX Font Info:    No math alphabet change to frozen version normal on input l
ine 61.
LaTeX Font Info:    No math alphabet change to frozen version normal on input l
ine 62.
LaTeX Font Info:    No math alphabet change to frozen version normal on input l
ine 63.
LaTeX Font Info:    No math alphabet change to frozen version normal on input l
ine 64.
LaTeX Font Info:    No math alphabet change to frozen version normal on input l
ine 65.
LaTeX Font Info:    No math alphabet change to frozen version normal on input l
ine 65.
LaTeX Font Info:    No math alphabet change to frozen version normal on input l
ine 66.
LaTeX Font Info:    No math alphabet change to frozen version normal on input l
ine 68.
LaTeX Font Info:    No math alphabet change to frozen version normal on input l
ine 72.
LaTeX Font Info:    No math alphabet change to frozen version normal on input l
ine 72.
LaTeX Font Info:    No math alphabet change to frozen version normal on input l
ine 72.
LaTeX Font Info:    No math alphabet change to frozen version normal on input l
ine 72.
LaTeX Font Info:    No math alphabet change to frozen version normal on input l
ine 72.
LaTeX Font Info:    No math alphabet change to frozen version normal on input l
ine 72.
LaTeX Font Info:    No math alphabet change to frozen version normal on input l
ine 72.
LaTeX Font Info:    No math alphabet change to frozen version normal on input l
ine 72.
LaTeX Font Info:    No math alphabet change to frozen version normal on input l
ine 72.
LaTeX Font Info:    No math alphabet change to frozen version normal on input l
ine 72.
LaTeX Font Info:    No math alphabet change to frozen version normal on input l
ine 72.
LaTeX Font Info:    No math alphabet change to frozen version normal on input l
ine 72.

Underfull \hbox (badness 4859) in paragraph at lines 72--72
\OT1/ppl/m/n/12 (+20) (ke(1)--ke(9)). La-bels are the lab-o-ra-tory short-hand 
used in the fit-ting logs
 []

LaTeX Font Info:    Nested math: keeping math alphabet allocation in version no
rmal on input line 76.
LaTeX Font Info:    Nested math: keeping math alphabet allocation in version no
rmal on input line 76.
LaTeX Font Info:    Nested math: keeping math alphabet allocation in version no
rmal on input line 76.
LaTeX Font Info:    Nested math: keeping math alphabet allocation in version no
rmal on input line 76.
LaTeX Font Info:    No math alphabet change to frozen version normal on input l
ine 76.
LaTeX Font Info:    No math alphabet change to frozen version normal on input l
ine 76.
LaTeX Font Info:    No math alphabet change to frozen version normal on input l
ine 76.
LaTeX Font Info:    No math alphabet change to frozen version normal on input l
ine 88.
LaTeX Font Info:    Undo math alphabet allocation in version normal on input li
ne 91.
LaTeX Font Info:    Nested math: keeping math alphabet allocation in version no
rmal on input line 91.
LaTeX Font Info:    Undo math alphabet allocation in version normal on input li
ne 91.
LaTeX Font Info:    Nested math: keeping math alphabet allocation in version no
rmal on input line 91.
LaTeX Font Info:    Undo math alphabet allocation in version normal on input li
ne 91.
LaTeX Font Info:    No math alphabet change to frozen version normal on input l
ine 91.
LaTeX Font Info:    Undo math alphabet allocation in version normal on input li
ne 91.
LaTeX Font Info:    Nested math: keeping math alphabet allocation in version no
rmal on input line 91.
LaTeX Font Info:    Undo math alphabet allocation in version normal on input li
ne 91.
LaTeX Font Info:    Undo math alphabet allocation in version normal on input li
ne 91.
LaTeX Font Info:    Undo math alphabet allocation in version normal on input li
ne 91.
LaTeX Font Info:    No math alphabet change to frozen version normal on input l
ine 91.
[135] [136] [137]
LaTeX Font Info:    No math alphabet change to frozen version normal on input l
ine 95.
LaTeX Font Info:    No math alphabet change to frozen version normal on input l
ine 95.
LaTeX Font Info:    Undo math alphabet allocation in version normal on input li
ne 95.
LaTeX Font Info:    No math alphabet change to frozen version normal on input l
ine 95.
LaTeX Font Info:    Nested math: keeping math alphabet allocation in version no
rmal on input line 95.
LaTeX Font Info:    Undo math alphabet allocation in version normal on input li
ne 95.
LaTeX Font Info:    No math alphabet change to frozen version normal on input l
ine 95.
LaTeX Font Info:    No math alphabet change to frozen version normal on input l
ine 95.
LaTeX Font Info:    No math alphabet change to frozen version normal on input l
ine 95.
LaTeX Font Info:    No math alphabet change to frozen version normal on input l
ine 95.
LaTeX Font Info:    No math alphabet change to frozen version normal on input l
ine 95.
LaTeX Font Info:    No math alphabet change to frozen version normal on input l
ine 95.
LaTeX Font Info:    No math alphabet change to frozen version normal on input l
ine 95.
LaTeX Font Info:    No math alphabet change to frozen version normal on input l
ine 95.
LaTeX Font Info:    No math alphabet change to frozen version normal on input l
ine 95.
LaTeX Font Info:    No math alphabet change to frozen version normal on input l
ine 95.
LaTeX Font Info:    No math alphabet change to frozen version normal on input l
ine 95.
LaTeX Font Info:    No math alphabet change to frozen version normal on input l
ine 95.
LaTeX Font Info:    Nested math: keeping math alphabet allocation in version no
rmal on input line 95.
LaTeX Font Info:    Nested math: keeping math alphabet allocation in version no
rmal on input line 95.
LaTeX Font Info:    Undo math alphabet allocation in version normal on input li
ne 95.
LaTeX Font Info:    No math alphabet change to frozen version normal on input l
ine 95.
LaTeX Font Info:    No math alphabet change to frozen version normal on input l
ine 95.
LaTeX Font Info:    Nested math: keeping math alphabet allocation in version no
rmal on input line 96.
LaTeX Font Info:    Nested math: keeping math alphabet allocation in version no
rmal on input line 96.
LaTeX Font Info:    Nested math: keeping math alphabet allocation in version no
rmal on input line 96.
LaTeX Font Info:    Nested math: keeping math alphabet allocation in version no
rmal on input line 96.
LaTeX Font Info:    Nested math: keeping math alphabet allocation in version no
rmal on input line 99.
LaTeX Font Info:    Nested math: keeping math alphabet allocation in version no
rmal on input line 99.
LaTeX Font Info:    Nested math: keeping math alphabet allocation in version no
rmal on input line 99.
LaTeX Font Info:    Nested math: keeping math alphabet allocation in version no
rmal on input line 99.
LaTeX Font Info:    Nested math: keeping math alphabet allocation in version no
rmal on input line 100.
LaTeX Font Info:    Nested math: keeping math alphabet allocation in version no
rmal on input line 100.
LaTeX Font Info:    Nested math: keeping math alphabet allocation in version no
rmal on input line 100.
LaTeX Font Info:    Nested math: keeping math alphabet allocation in version no
rmal on input line 100.
LaTeX Font Info:    Nested math: keeping math alphabet allocation in version no
rmal on input line 101.
LaTeX Font Info:    Nested math: keeping math alphabet allocation in version no
rmal on input line 101.
LaTeX Font Info:    Nested math: keeping math alphabet allocation in version no
rmal on input line 101.
LaTeX Font Info:    Nested math: keeping math alphabet allocation in version no
rmal on input line 101.
LaTeX Font Info:    Nested math: keeping math alphabet allocation in version no
rmal on input line 102.
LaTeX Font Info:    Nested math: keeping math alphabet allocation in version no
rmal on input line 102.
LaTeX Font Info:    Nested math: keeping math alphabet allocation in version no
rmal on input line 102.
LaTeX Font Info:    Nested math: keeping math alphabet allocation in version no
rmal on input line 103.
LaTeX Font Info:    Nested math: keeping math alphabet allocation in version no
rmal on input line 103.
 [138]
LaTeX Font Info:    Undo math alphabet allocation in version normal on input li
ne 105.
LaTeX Font Info:    No math alphabet change to frozen version normal on input l
ine 105.
LaTeX Font Info:    Undo math alphabet allocation in version normal on input li
ne 106.
LaTeX Font Info:    No math alphabet change to frozen version normal on input l
ine 106.
LaTeX Font Info:    Undo math alphabet allocation in version normal on input li
ne 106.
LaTeX Font Info:    No math alphabet change to frozen version normal on input l
ine 110.
LaTeX Font Info:    No math alphabet change to frozen version normal on input l
ine 110.
LaTeX Font Info:    Undo math alphabet allocation in version normal on input li
ne 110.
LaTeX Font Info:    Nested math: keeping math alphabet allocation in version no
rmal on input line 111.
LaTeX Font Info:    Nested math: keeping math alphabet allocation in version no
rmal on input line 111.
LaTeX Font Info:    Nested math: keeping math alphabet allocation in version no
rmal on input line 111.
LaTeX Font Info:    Nested math: keeping math alphabet allocation in version no
rmal on input line 111.
LaTeX Font Info:    Nested math: keeping math alphabet allocation in version no
rmal on input line 115.
LaTeX Font Info:    Undo math alphabet allocation in version normal on input li
ne 118.
LaTeX Font Info:    No math alphabet change to frozen version normal on input l
ine 118.
LaTeX Font Info:    Nested math: keeping math alphabet allocation in version no
rmal on input line 120.
LaTeX Font Info:    Nested math: keeping math alphabet allocation in version no
rmal on input line 120.
LaTeX Font Info:    Nested math: keeping math alphabet allocation in version no
rmal on input line 120.
LaTeX Font Info:    Nested math: keeping math alphabet allocation in version no
rmal on input line 120.
LaTeX Font Info:    Undo math alphabet allocation in version normal on input li
ne 125.
LaTeX Font Info:    No math alphabet change to frozen version normal on input l
ine 125.
LaTeX Font Info:    No math alphabet change to frozen version normal on input l
ine 126.
LaTeX Font Info:    Undo math alphabet allocation in version normal on input li
ne 126.
LaTeX Font Info:    Undo math alphabet allocation in version normal on input li
ne 126.
 [139]
LaTeX Font Info:    No math alphabet change to frozen version normal on input l
ine 133.
LaTeX Font Info:    No math alphabet change to frozen version normal on input l
ine 133.
LaTeX Font Info:    No math alphabet change to frozen version normal on input l
ine 133.
LaTeX Font Info:    No math alphabet change to frozen version normal on input l
ine 135.
LaTeX Font Info:    No math alphabet change to frozen version normal on input l
ine 135.
LaTeX Font Info:    No math alphabet change to frozen version normal on input l
ine 135.
LaTeX Font Info:    No math alphabet change to frozen version normal on input l
ine 136.
LaTeX Font Info:    No math alphabet change to frozen version normal on input l
ine 137.
LaTeX Font Info:    No math alphabet change to frozen version normal on input l
ine 137.
LaTeX Font Info:    No math alphabet change to frozen version normal on input l
ine 139.
LaTeX Font Info:    No math alphabet change to frozen version normal on input l
ine 140.
LaTeX Font Info:    No math alphabet change to frozen version normal on input l
ine 142.

Overfull \hbox (33.47495pt too wide) in paragraph at lines 131--143
[][] 
 []

LaTeX Font Info:    Undo math alphabet allocation in version normal on input li
ne 147.
LaTeX Font Info:    Nested math: keeping math alphabet allocation in version no
rmal on input line 148.
LaTeX Font Info:    Nested math: keeping math alphabet allocation in version no
rmal on input line 148.
LaTeX Font Info:    Nested math: keeping math alphabet allocation in version no
rmal on input line 148.
LaTeX Font Info:    Nested math: keeping math alphabet allocation in version no
rmal on input line 148.
LaTeX Font Info:    Nested math: keeping math alphabet allocation in version no
rmal on input line 151.
LaTeX Font Info:    Nested math: keeping math alphabet allocation in version no
rmal on input line 151.
LaTeX Font Info:    Nested math: keeping math alphabet allocation in version no
rmal on input line 151.
LaTeX Font Info:    Undo math alphabet allocation in version normal on input li
ne 153.
LaTeX Font Info:    No math alphabet change to frozen version normal on input l
ine 153.
LaTeX Font Info:    No math alphabet change to frozen version normal on input l
ine 154.
LaTeX Font Info:    No math alphabet change to frozen version normal on input l
ine 154.
LaTeX Font Info:    No math alphabet change to frozen version normal on input l
ine 154.
LaTeX Font Info:    No math alphabet change to frozen version normal on input l
ine 154.
LaTeX Font Info:    Nested math: keeping math alphabet allocation in version no
rmal on input line 154.
LaTeX Font Info:    No math alphabet change to frozen version normal on input l
ine 154.
[140]
LaTeX Font Info:    No math alphabet change to frozen version normal on input l
ine 157.
LaTeX Font Info:    No math alphabet change to frozen version normal on input l
ine 157.
LaTeX Font Info:    No math alphabet change to frozen version normal on input l
ine 157.
LaTeX Font Info:    No math alphabet change to frozen version normal on input l
ine 157.
LaTeX Font Info:    No math alphabet change to frozen version normal on input l
ine 161.
LaTeX Font Info:    No math alphabet change to frozen version normal on input l
ine 163.
LaTeX Font Info:    No math alphabet change to frozen version normal on input l
ine 164.
LaTeX Font Info:    No math alphabet change to frozen version normal on input l
ine 165.
LaTeX Font Info:    No math alphabet change to frozen version normal on input l
ine 165.
LaTeX Font Info:    No math alphabet change to frozen version normal on input l
ine 166.
LaTeX Font Info:    No math alphabet change to frozen version normal on input l
ine 166.
LaTeX Font Info:    No math alphabet change to frozen version normal on input l
ine 167.
LaTeX Font Info:    No math alphabet change to frozen version normal on input l
ine 168.
LaTeX Font Info:    No math alphabet change to frozen version normal on input l
ine 170.

Overfull \hbox (123.1417pt too wide) in paragraph at lines 159--171
[][] 
 []

LaTeX Font Info:    No math alphabet change to frozen version normal on input l
ine 173.
LaTeX Font Info:    No math alphabet change to frozen version normal on input l
ine 173.
LaTeX Font Info:    No math alphabet change to frozen version normal on input l
ine 173.
LaTeX Font Info:    No math alphabet change to frozen version normal on input l
ine 173.
LaTeX Font Info:    No math alphabet change to frozen version normal on input l
ine 173.
LaTeX Font Info:    No math alphabet change to frozen version normal on input l
ine 173.
LaTeX Font Info:    No math alphabet change to frozen version normal on input l
ine 173.
LaTeX Font Info:    No math alphabet change to frozen version normal on input l
ine 173.
LaTeX Font Info:    Nested math: keeping math alphabet allocation in version no
rmal on input line 173.
LaTeX Font Info:    Nested math: keeping math alphabet allocation in version no
rmal on input line 173.
LaTeX Font Info:    No math alphabet change to frozen version normal on input l
ine 173.
LaTeX Font Info:    Nested math: keeping math alphabet allocation in version no
rmal on input line 173.
LaTeX Font Info:    No math alphabet change to frozen version normal on input l
ine 173.
LaTeX Font Info:    No math alphabet change to frozen version normal on input l
ine 173.
LaTeX Font Info:    No math alphabet change to frozen version normal on input l
ine 173.
LaTeX Font Info:    No math alphabet change to frozen version normal on input l
ine 176.
LaTeX Font Info:    No math alphabet change to frozen version normal on input l
ine 176.
LaTeX Font Info:    No math alphabet change to frozen version normal on input l
ine 176.
LaTeX Font Info:    No math alphabet change to frozen version normal on input l
ine 176.
LaTeX Font Info:    No math alphabet change to frozen version normal on input l
ine 176.
LaTeX Font Info:    No math alphabet change to frozen version normal on input l
ine 176.
LaTeX Font Info:    No math alphabet change to frozen version normal on input l
ine 182.
LaTeX Font Info:    No math alphabet change to frozen version normal on input l
ine 182.
LaTeX Font Info:    No math alphabet change to frozen version normal on input l
ine 182.
LaTeX Font Info:    No math alphabet change to frozen version normal on input l
ine 182.
LaTeX Font Info:    No math alphabet change to frozen version normal on input l
ine 183.
LaTeX Font Info:    No math alphabet change to frozen version normal on input l
ine 183.
LaTeX Font Info:    No math alphabet change to frozen version normal on input l
ine 183.
LaTeX Font Info:    No math alphabet change to frozen version normal on input l
ine 183.
LaTeX Font Info:    No math alphabet change to frozen version normal on input l
ine 185.

Overfull \hbox (220.59038pt too wide) in paragraph at lines 178--186
[][] 
 []


Overfull \hbox (75.14642pt too wide) in paragraph at lines 188--189
\OT1/ppl/m/n/12 (-20) ter-i-za-tion); \OT1/cmtt/m/n/12 minimizeExt10mmX3.m \OT1
/ppl/m/n/12 (-20) lines 23--26 (lock load) and 67--68 (bounds); \OT1/cmtt/m/n/1
2 Collect[]ExtPinX3[]sweep.m
 []

[141]
LaTeX Font Info:    No math alphabet change to frozen version normal on input l
ine 192.
LaTeX Font Info:    No math alphabet change to frozen version normal on input l
ine 192.
LaTeX Font Info:    No math alphabet change to frozen version normal on input l
ine 192.
LaTeX Font Info:    No math alphabet change to frozen version normal on input l
ine 195.
LaTeX Font Info:    No math alphabet change to frozen version normal on input l
ine 195.

Underfull \hbox (badness 10000) in paragraph at lines 195--195
[]\OT1/ppl/m/n/12 (+20) Table C8: |Adopted correction-term val-ues of record. F
lexor
 []


Underfull \hbox (badness 10000) in paragraph at lines 195--195
\OT1/ppl/m/n/12 (+20) source: \OT1/cmtt/m/n/12 minimizeFlxPin10[]results[]20260
908[]2brkt[]2trans[]noT3.mat\OT1/ppl/m/n/12 (+20) ,
 []


Underfull \hbox (badness 10000) in paragraph at lines 195--195
\OT1/ppl/m/n/12 (+20) pooled two-bracket Pareto front (212 mem-bers). Ex-ten-so
r source:
 []


Underfull \hbox (badness 1152) in paragraph at lines 195--195
\OT1/cmtt/m/n/12 minimizeExt10mmX3[]results[]20260910[]noT3.mat\OT1/ppl/m/n/12 
(+20) , driver pick 1. The ex-ten-sor re-fit
 []

LaTeX Font Info:    No math alphabet change to frozen version normal on input l
ine 201.
LaTeX Font Info:    No math alphabet change to frozen version normal on input l
ine 201.
LaTeX Font Info:    No math alphabet change to frozen version normal on input l
ine 201.
LaTeX Font Info:    No math alphabet change to frozen version normal on input l
ine 202.
LaTeX Font Info:    No math alphabet change to frozen version normal on input l
ine 202.
LaTeX Font Info:    No math alphabet change to frozen version normal on input l
ine 203.
LaTeX Font Info:    No math alphabet change to frozen version normal on input l
ine 203.
LaTeX Font Info:    No math alphabet change to frozen version normal on input l
ine 204.
LaTeX Font Info:    No math alphabet change to frozen version normal on input l
ine 204.
LaTeX Font Info:    No math alphabet change to frozen version normal on input l
ine 204.
LaTeX Font Info:    No math alphabet change to frozen version normal on input l
ine 205.
LaTeX Font Info:    No math alphabet change to frozen version normal on input l
ine 205.
LaTeX Font Info:    No math alphabet change to frozen version normal on input l
ine 206.
LaTeX Font Info:    No math alphabet change to frozen version normal on input l
ine 206.
LaTeX Font Info:    No math alphabet change to frozen version normal on input l
ine 207.
LaTeX Font Info:    No math alphabet change to frozen version normal on input l
ine 209.
LaTeX Font Info:    No math alphabet change to frozen version normal on input l
ine 212.
LaTeX Font Info:    No math alphabet change to frozen version normal on input l
ine 212.
LaTeX Font Info:    No math alphabet change to frozen version normal on input l
ine 212.
)
Overfull \hbox (67.9413pt too wide) in paragraph at lines 212--205
\OT1/ppl/m/n/12 (-20) flexor tests is 1.94/1.51/2.29/1.63/1.21 Nm (48, 46, 47, 
40-tendon, 41cm; FVU 0.14/0.06/0.17/0.04/0.03),
 []


Overfull \hbox (43.50229pt too wide) in paragraph at lines 212--205
\OT1/cmtt/m/n/12 minimizeExtPin10[]results[]20260819[]2transforms[]Z2.mat \OT1/
ppl/m/n/12 (-20) fit), and \OT1/cmtt/m/n/12 buildKneeExtContext20mm.m
 []

[142] [143] [144]

enddocument/afterlastpage (AED): lastpage setting LastPage.

(D:\Github\Bipedal_Robot\Documentation\Reports and Papers\Dissertation\Overleaf
_review_20260926_yellow\build\main.aux
(D:\Github\Bipedal_Robot\Documentation\Reports and Papers\Dissertation\Overleaf
_review_20260926_yellow\build\chapters/01-copyright.aux)
(D:\Github\Bipedal_Robot\Documentation\Reports and Papers\Dissertation\Overleaf
_review_20260926_yellow\build\chapters/02-abstract.aux)
(D:\Github\Bipedal_Robot\Documentation\Reports and Papers\Dissertation\Overleaf
_review_20260926_yellow\build\chapters/04-dedication.aux)
(D:\Github\Bipedal_Robot\Documentation\Reports and Papers\Dissertation\Overleaf
_review_20260926_yellow\build\chapters/06-ack.aux)
(D:\Github\Bipedal_Robot\Documentation\Reports and Papers\Dissertation\Overleaf
_review_20260926_yellow\build\chapters/10-introduction.aux)
(D:\Github\Bipedal_Robot\Documentation\Reports and Papers\Dissertation\Overleaf
_review_20260926_yellow\build\chapters/15-background.aux)
(D:\Github\Bipedal_Robot\Documentation\Reports and Papers\Dissertation\Overleaf
_review_20260926_yellow\build\chapters/20-methods.aux)
(D:\Github\Bipedal_Robot\Documentation\Reports and Papers\Dissertation\Overleaf
_review_20260926_yellow\build\chapters/30-results.aux)
(D:\Github\Bipedal_Robot\Documentation\Reports and Papers\Dissertation\Overleaf
_review_20260926_yellow\build\chapters/40-discussion.aux)
(D:\Github\Bipedal_Robot\Documentation\Reports and Papers\Dissertation\Overleaf
_review_20260926_yellow\build\chapters/50-futurework.aux)
(D:\Github\Bipedal_Robot\Documentation\Reports and Papers\Dissertation\Overleaf
_review_20260926_yellow\build\chapters/60-conclusion.aux)
(D:\Github\Bipedal_Robot\Documentation\Reports and Papers\Dissertation\Overleaf
_review_20260926_yellow\build\chapters/90-bib.aux)
(D:\Github\Bipedal_Robot\Documentation\Reports and Papers\Dissertation\Overleaf
_review_20260926_yellow\build\chapters/92-AppendixA.aux)
(D:\Github\Bipedal_Robot\Documentation\Reports and Papers\Dissertation\Overleaf
_review_20260926_yellow\build\chapters/93-AppendixB.aux)
(D:\Github\Bipedal_Robot\Documentation\Reports and Papers\Dissertation\Overleaf
_review_20260926_yellow\build\chapters/94-AppendixC.aux))
 ***********
LaTeX2e <2026-06-01>
L3 programming layer <2026-08-10>
 ***********
Package rerunfilecheck Info: File `main.out' has not changed.
(rerunfilecheck)             Checksum: 514D9A1F1DA1B65643BFA1330A03D665;20886.
 ) 
Here is how much of TeX's memory you used:
 36778 strings out of 467403
 734987 string characters out of 5423341
 1158280 words of memory out of 5000000
 64395 multiletter control sequences out of 15000+600000
 713976 words of font info for 503 fonts, out of 8000000 for 9000
 1144 hyphenation exceptions out of 8191
 92i,18n,94p,2131b,1463s stack positions out of 10000i,1000n,20000p,200000b,200000s

pdfTeX warning (dest): name{subfigure.3.2} has been referenced but does not exi
st, replaced by a fixed one


pdfTeX warning (dest): name{subfigure.3.1} has been referenced but does not exi
st, replaced by a fixed one


pdfTeX warning (dest): name{subfigure.2.2} has been referenced but does not exi
st, replaced by a fixed one


pdfTeX warning (dest): name{subfigure.2.1} has been referenced but does not exi
st, replaced by a fixed one


pdfTeX warning (dest): name{subfigure.1.2} has been referenced but does not exi
st, replaced by a fixed one


pdfTeX warning (dest): name{subfigure.1.1} has been referenced but does not exi
st, replaced by a fixed one

<D:/MiKTeX/fonts/type1/public/amsfonts/cm/cmex10.pfb><D:/MiKTeX/fonts/type1/pub
lic/amsfonts/cm/cmmi10.pfb><D:/MiKTeX/fonts/type1/public/amsfonts/cm/cmmib10.pf
b><D:/MiKTeX/fonts/type1/public/amsfonts/cm/cmr10.pfb><D:/MiKTeX/fonts/type1/pu
blic/amsfonts/cm/cmsy10.pfb><D:/MiKTeX/fonts/type1/public/amsfonts/cm/cmtt12.pf
b><D:/MiKTeX/fonts/type1/public/mathpazo/fplmr.pfb><D:/MiKTeX/fonts/type1/publi
c/mathpazo/fplmri.pfb><D:/MiKTeX/fonts/type1/public/mathabx-type1/matha10.pfb><
D:/MiKTeX/fonts/type1/public/mathabx-type1/matha12.pfb><D:/MiKTeX/fonts/type1/p
ublic/mathabx-type1/matha5.pfb><D:/MiKTeX/fonts/type1/public/mathabx-type1/math
a7.pfb><D:/MiKTeX/fonts/type1/public/mathabx-type1/matha9.pfb><D:/MiKTeX/fonts/
type1/public/mathabx-type1/mathx10.pfb><D:/MiKTeX/fonts/type1/public/urw-base35
/uplb8a.pfb><D:/MiKTeX/fonts/type1/public/urw-base35/uplr8a.pfb><D:/MiKTeX/font
s/type1/public/urw-base35/uplr8a.pfb><D:/MiKTeX/fonts/type1/public/urw-base35/u
plri8a.pfb>
Output written on "D:\Github\Bipedal_Robot\Documentation\Reports and Papers\Dis
sertation\Overleaf_review_20260926_yellow\build\main.pdf" (160 pages, 4519627 b
ytes).
PDF statistics:
 2796 PDF objects out of 2984 (max. 8388607)
 473 named destinations out of 1000 (max. 500000)
 95101 words of extra memory for PDF output out of 106986 (max. 10000000)

