"key","type","title","DOI","date","pub"
"XG2ZHUUU","journalArticle","Evaluation of thermal and mechanical properties of continuous fiberglass reinforced thermoplastic composite fabricated by fused deposition modeling","10.1002/app.53989","2023","Journal of Applied Polymer Science"
"EYS9LIW4","journalArticle","V1 spinal neurons regulate the speed of vertebrate locomotor outputs.","10.1038/nature04545","2006-03-09","Nature"
"EN6F3PHP","journalArticle","Editorial: Biological and Robotic Inter-Limb Coordination",,"2022","Frontiers in Robotics and AI"
"JSXF58NV","journalArticle","Afferent control of locomotor CPG: insights from a simple neuromechanical model","10.1111/j.1749-6632.2010.05435.x","2010-06-01","Annals of the New York Academy of Sciences"
"JHA4K38H","journalArticle","Adaptive hindlimb split-belt treadmill walking in rats by controlling basic muscle activation patterns via phase resetting","10.1038/s41598-018-35714-8","2018-11-26","Scientific Reports"
"34YHKUFB","journalArticle","Robotics Application of a Method for Analytically Computing Infinitesimal Phase Response Curves","10.1007/978-3-030-64313-3_12","2020",
"WXR5PMWT","journalArticle","On the Role of Sensory Feedbacks in RowatΓÇôSelverston CPG to Improve Robot Legged Locomotion","10.3389/fnbot.2010.00113","2010 Dec 29","Frontiers in Neurorobotics"
"JB7EJB46","journalArticle","Towards a comprehensive model of Self-regulationΓïå",,,
"5922NXLN","journalArticle","Ankleextensor groupIafferents excite extensors throughout thehindlimb during fictive locomotion inthecat",,"2011-01-01",
"MTS9MS5Z","journalArticle","Control of position and movement is simplified by combined muscle spindle and Golgi tendon organ feedback","10.1152/jn.00751.2012","2013-02-15","Journal of Neurophysiology"
"53CI4WCB","blogPost","Component Reclaim",,,
"PJB6NEA5","journalArticle","Real-Time Computing Without Stable States: A New Framework for Neural Computation Based on Perturbations","10.1162/089976602760407955","2002-11-01","Neural Computation"
"352UDMZ7","journalArticle","Modelling spinal circuitry involved in locomotor pattern generation: insights from deletions during fictive locomotion","10.1113/jphysiol.2006.118703","2006-12-01","The Journal of Physiology"
"4QUD65QH","journalArticle","Recurrent Braiding of Thin McKibben Muscles to Overcome Their Limitation of Contraction","10.1089/soro.2019.0022","November 7, 2019","Soft Robotics"
"DSGTZ897","conferencePaper","Tuning of neural oscillators for the design of rhythmic motions","10.1109/ROBOT.2000.844870","2000",
"JRRZFK7E","journalArticle","Sensory Feedback Induced by Front-Leg Stepping Entrains the Activity of Central Pattern Generators in Caudal Segments of the Stick Insect Walking System","10.1523/JNEUROSCI.3155-08.2009","2009-03-04","Journal of Neuroscience"
"SD372GKE","journalArticle","Stable task information from an unstable neural population","10.7554/eLife.51121","2020-07-14","eLife"
"B2JHYYG3","book","Macromolecular physics",,"1973",
"M8IHF2RQ","journalArticle","The grand challenges of Science Robotics","10.1126/scirobotics.aar7650","2018-01-31","Science Robotics"
"KRW5LIXD","journalArticle","Ankle and hip postural strategies defined by joint torques","10.1016/S0966-6362(99)00032-6","October 1999","Gait & Posture"
"9ID7ASV7","journalArticle","Organization of mammalian locomotor rhythm and pattern generation","10.1016/j.brainresrev.2007.08.006","2008-01-01","Brain Research Reviews"
"P77MGTHY","journalArticle","Improving reservoirs using intrinsic plasticity","10.1016/j.neucom.2007.12.020","3/2008","Neurocomputing"
"IIN8MQSM","journalArticle","Hip geometry and femoral neck fractures: A meta-analysis","10.1016/j.jot.2017.12.002","January 2018","Journal of Orthopaedic Translation"
"WKN7J9EI","bookSection","The Anatomy of the Hip Joint",,"1984",
"GDKE9S3M","journalArticle","The use of state-dependent modulation of spinal reflexes as a tool to investigate the organization of spinal interneurons.","10.1007/s002210050847","1999-09-17","Experimental Brain Research"
"N3DFZEXB","journalArticle","Computational modeling of spinal circuits controlling limb coordination and gaits in quadrupeds","10.7554/eLife.31050","2017/11/22","eLife"
"U3H52BTN","journalArticle","Optic flow regulation: the key to aircraft automatic guidance","10.1016/j.robot.2004.09.016","March 31, 2005","Robotics and Autonomous Systems"
"CALXWEUJ","standard","Markforged MDS: Onyx Filament Rev 5.3",,,
"GDPGDWCG","webpage","ResearchGate",,,
"ZT3GPGK6","journalArticle","Paleoinspired robotics as an experimental approach to the history of life","10.1126/scirobotics.adn1125","2024-10-23","Science Robotics"
"MKJHC4AD","book","Gray's Anatomy",,"25 Sep 2015",
"J8ICEH85","journalArticle","Implementation of an RBF neural network on embedded systems: real-time face tracking and identity verification","10.1109/TNN.2003.816035","Sept 2003","IEEE Transactions on Neural Networks"
"9W5PDGU7","journalArticle","An Assessment of Six Muscle Spindle Models for Predicting Sensory Information during Human Wrist Movements","10.3389/fncom.2015.00154","2016-01-14","Frontiers in Computational Neuroscience"
"89A2WTCX","webpage","3D printed fiber reinforced polymer composites - Structural analysis | Elsevier Enhanced Reader","10.1016/j.compositesb.2019.107112",,
"PXRBX6MP","journalArticle","fPINNs: Fractional Physics-Informed Neural Networks","10.1137/18M1229845","01/2019","SIAM Journal on Scientific Computing"
"V7SUAUEQ","journalArticle","Studies of microstructural and mechanical properties of nylon/glass composite Part I The effect of thermal processing on crystallinity, transcrystallinity and crystal phases","10.1023/A:1004713200894","10/1999","Journal of Materials Science"
"RMBFG35N","journalArticle","A soft robot that navigates its environment through growth","10.1126/scirobotics.aan3028","2017-07-19","Science Robotics"
"WYMJF3XP","book","Polymer science and technology",,"2014",
"H2CWETMG","journalArticle","Spiking Neural Network Learning, Benchmarking, Programming and Executing View all 16 Articles Articles",,,
"55ICCI38","journalArticle","Effect of joint stiffness on standing stability",,"2007","Gait & posture"
"6LKA6H8S","journalArticle","Integrate-and-fire neurons with threshold noise: A tractable model of how interspike interval correlations affect neuronal signal transmission","10.1103/PhysRevE.72.021911","2005-8","Physical review. E, Statistical, nonlinear, and soft matter physics"
"L6SSXEE2","journalArticle","Maximizing the Strength of Fused-Deposition ABS Plastic Parts",,,
"F9VGJALV","journalArticle","Gradient Descent for Spiking Neural Networks",,"2017-06-19","arXiv:1706.04698 [cs, q-bio, stat]"
"9XQ3RUI3","journalArticle","Learning CPG Sensory Feedback with Policy Gradient for Biped Locomotion for a Full-Body Humanoid",,"2005",
"R4DX3I8Z","journalArticle","Sensory Feedback in the Control of Posture and Locomotion","10.1002/9781118873397.ch9","2017-06-23",
"NJQKPXSF","attachment","1-s2.0-S0021929096001650-main.pdf",,,
"8B3JHIED","journalArticle","Ratio of Shear to Load Ground-Reaction Force May Underlie the Directional Tuning of the Automatic Postural Response to Rotation and Translation","10.1152/jn.00773.2003","2004-08","Journal of Neurophysiology"
"P6PFRBJV","journalArticle","Contribution of sensory feedback to the generation of extensor activity during walking in the decerebrate Cat","10.1152/jn.1999.81.2.758","Feb 1999","Journal of Neurophysiology"
"M7VUR3TT","journalArticle","Nucleation and Crystallization of PA6 Composites Prepared by T-RTM: Effects of Carbon and Glass Fiber Loading","10.3390/polym11101680","2019-10-14","Polymers"
"6BE7ALV5","journalArticle","A metalearning approach for Physics-Informed Neural Networks (PINNs): Application to parameterized PDEs","10.1016/j.jcp.2023.111912","03/2023","Journal of Computational Physics"
"QLYVWBC5","journalArticle","A Dynamic Neural Network Designed Using Analytical Methods Produces Dynamic Control Properties Similar to an Analogous Classical Controller","10.1109/LCSYS.2018.2871126","April 2019","IEEE Control Systems Letters"
"7MV3W6VX","bookSection","Learning Trajectory Preferences for Manipulators via Iterative Improvement",,"2013",
"IG4RHJX9","journalArticle","Investigating the role of low level reinforcement reflex loops in insect locomotion","10.1088/1748-3190/ac28ea","2021-10","Bioinspiration &amp$\mathsemicolon$ Biomimetics"
"EKZAQERB","journalArticle","The capsular ligaments provide more hip rotational restraint than the acetabular labrum and the ligamentum teres: an experimental study","10.1302/0301-620X.97B4.34638","04/2015","The Bone & Joint Journal"
"D3P5QCWF","journalArticle","Separation of polymerization and crystallization processes for nylon-6","10.1016/0032-3861(92)90377-9","9/1992","Polymer"
"7MZ83V8R","conferencePaper","Design and Experimental Study of Parallel Hip Joint","10.1109/ICMA65362.2025.11120665","2025-08",
"EQZSNW6E","journalArticle","Operation regimes of spinal circuits controlling locomotion and the role of supraspinal drives and sensory feedback","10.7554/eLife.98841","2024-10-14","eLife"
"5K3N7CVL","journalArticle","Mechanical properties of structures produced by 3D printing from composite materials","10.1051/matecconf/201925401018","2019","MATEC Web of Conferences"
"58SETK3T","journalArticle","Achievement of Twist Squat by Musculoskeletal Humanoid with Screw-Home Mechanism","10.1109/IROS.2013.6697025","November 2013","IEEE/RSJ International Conference on Intelligent Robots and Systems"
"MUUVCR63","journalArticle","Is coordination of two-joint leg muscles during load lifting consistent with the strategy of minimum fatigue?","10.1016/S0021-9290(98)00116-X","1998-11-01","Journal of Biomechanics"
"BXRNZU8D","document","An Interactive Graphics-Based Model of the Lower Extremity to Study Orthopaedic Surgical Procedures",,,
"YUUY7Z2K","journalArticle","Influence of Layer Thickness and Raster Angle on the Mechanical Properties of 3D-Printed PEEK and a Comparative Mechanical Study between PEEK and ABS","10.3390/ma8095271","2015-09-01","Materials"
"8BTFJLJW","journalArticle","Flow field sensing with bio-inspired artificial hair cell arrays","10.1016/j.snb.2016.05.091","November 29, 2016","Sensors and Actuators B: Chemical"
"EUV4ILUK","book","Neuromechanical Modeling of Posture and Locomotion",,"2015-12-30",
"6X2TGXAU","journalArticle","Origami-based earthworm-like locomotion robots","10.1088/1748-3190/aa8448","2017-10","Bioinspiration & Biomimetics"
"WEGVWW5Z","journalArticle","Effects of Idealized Joint Geometry on Finite Element Predictions of Cartilage Contact Stresses in the Hip","10.1016/j.jbiomech.2010.01.010","2010-5-7","Journal of biomechanics"
"WUTW7V92","journalArticle","The contribution of a central pattern generator in a reflex-based neuromuscular model","10.3389/fnhum.2014.00371","2014-06-26","Frontiers in Human Neuroscience"
"9NL8NBZL","journalArticle","Soft Inflatable Sensing Modules for Safe and Interactive Robots","10.1109/LRA.2018.2850971","10/2018","IEEE Robotics and Automation Letters"
"WPBSW5DG","journalArticle","The Biomechanical Function of the Anterolateral Ligament of the Knee","10.1177/0363546514562751","March 2015","The American Journal of Sports Medicine"
"DE5IR4ZL","journalArticle","Physics Informed Deep Learning (Part I): Data-driven Solutions of Nonlinear Partial Differential Equations",,"2017-11-28","arXiv:1711.10561 [cs, math, stat]"
"DZPSWJ2K","journalArticle","Mechanosensation and Adaptive Motor Control in Insects","10.1016/j.cub.2016.06.070","2016-10-24","Current Biology"
"39YMEFVV","journalArticle","Micro Hardness Analysis of 3D-Printed Specimens Using Vickers Apparatus",,,
"GTAGV9L5","journalArticle","Phasic gain control of the transmission in cutaneous reflex pathways to motoneurones during 'fictive' locomotion.","10.1016/0006-8993(78)90493-6","1978-06-30","Brain Research"
"KVUMSD5Q","webpage","Full article: Investigation of arm stabilization with proprioceptive sensory reflex pathways on a 2-DoF musculoskeletal robot actuated by pneumatic artificial muscles",,,
"V7CR5RHT","webpage","Worm-Like Soft Robot for Complicated Tubular Environments | Soft Robotics",,,
"T9E9CYUF","book","The Analysis of Directional Time Series: Applications to Wind Speed and Direction",,"1989",
"G4YNHB5V","journalArticle","Control for multifunctionality: bioinspired control based on feeding in Aplysia californica","10.1007/s00422-020-00851-9","2020","Biological Cybernetics"
"8FS7YFVM","journalArticle","Transient Response in a Dendritic Neuron Model for Current Injected at One Branch",,,
"JTCC6357","journalArticle","Stumbling corrective reaction during fictive locomotion in the cat.","10.1152/jn.00175.2005","2005-05-25","Journal of Neurophysiology"
"GU2J8TZ2","journalArticle","From Bipedal to Quadrupedal Locomotion, Experimental Realization of Lyapunov Approaches",,,
"MYPXKF6E","journalArticle","Cutaneous Reflexes During Human Gait: Electromyographic and Kinematic Responses to Electrical Stimulation","10.1152/jn.1997.77.6.3311","1997-06-01","Journal of Neurophysiology"
"2MT6WQ89","journalArticle","Drawing and annealing of nylon-6 fibres: studies of crystal growth, orientation of amorphous and crystalline domains and their influence on properties","10.1016/0032-3861(95)99780-X","1995","Polymer"
"C242M3IN","journalArticle","Adaptive control for backward quadrupedal walking. II. Hindlimb muscle synergies","10.1152/jn.1990.64.3.756","1990-09-01","Journal of Neurophysiology"
"DPDHLQY3","journalArticle","Sensorimotor aspects of flight control in birds: specializations in the spinal cord",,"Aug 1994","European Journal of Morphology"
"IE4ZE8KV","journalArticle","Adam: A Method for Stochastic Optimization",,"2017-01-29","arXiv:1412.6980 [cs]"
"A2KLZPMG","journalArticle","Vestibular and somatosensory contributions to responses to head and body displacements in stance","10.1007/BF00227282","1994","Experimental Brain Research"
"X5V7DDGT","journalArticle","Neuronal Control of Locomotion 'From Mollusc to Man '",,"1999-11-18",
"AWDACIVT","journalArticle","Role of forelimb morphology in muscle sensorimotor functions during locomotion in the cat","10.1113/JP287448","2025","The Journal of Physiology"
"TCIP7NYF","webpage","Standard Fiberglass",,,
"HTQJUUW8","journalArticle","COMPARATIVE SURVEY OF VARIOUS STATIC AND DYNAMIC MODELS OF PNEUMATIC ARTIFICIAL MUSCLES","10.1139/tcsme-2017-514","12/2017","Transactions of the Canadian Society for Mechanical Engineering"
"9PFUHHG6","journalArticle","ATRIAS: Design and validation of a tether-free 3D-capable spring-mass bipedal robot","10.1177/0278364916648388","October 1, 2016","The International Journal of Robotics Research"
"QX5TVJKT","journalArticle","Loihi: A Neuromorphic Manycore Processor with On-Chip Learning","10.1109/MM.2018.112130359","1/2018","IEEE Micro"
"VUSL23JI","journalArticle","Mechanical Improvements and Control Implementation on a Biomimetic Quadruped Model",,"2025-12-28","Dissertations and Theses"
"IDPB2YBH","journalArticle","A Visible Light Initiating System for Free Radical Promoted Cationic Polymerization","10.1021/ma00092a001","07/1994","Macromolecules"
"RX2XQHJN","journalArticle","Initializing the Particle Swarm Optimizer Using the Nonlinear Simplex Method",,"2002","Advances in intelligent systems, fuzzy systems, evolutionary computation"
"DS7YD29W","journalArticle","A knowledge based method for estimating the material content value of end of life PCBs","10.1016/j.resconrec.2025.108561","2026-01-01","Resources, Conservation and Recycling"
"5SD4D6FX","journalArticle","Controlling legs for locomotionΓÇöinsights from robotics and neurobiology","10.1088/1748-3190/10/4/041001","June 2015","Bioinspiration & Biomimetics"
"RU2SE846","note",,,,
"DKSCMHYJ","journalArticle","Computational principles of movement neuroscience","10.1038/81497","2000-11","Nature Neuroscience"
"JNMHW9C2","journalArticle","Mechanical Property Optimization of FDM PLA in Shear with Multiple Objectives","10.1007/s11837-015-1367-y","2015-05-01","JOM"
"H4MMCUGK","manuscript","Isometric Force Characterization of Braided Pneumatic Actuators",,"2026",
"78PHLMAD","journalArticle","Effective Viscous Damping Enables Morphological Computation in Legged Locomotion",,"2020","Frontiers in Robotics and AI"
"ZQ2YLZKM","journalArticle","Organization of left-right coordination of neuronal activity in the mammalian spinal cord: Insights from computational modelling","10.1113/JP270121","2015-06-01","The Journal of Physiology"
"JIX7Q9VP","webpage","Matlab_Overview_Exercises",,,
"HCRQ3XGX","journalArticle","Peripheral control of the cat's step cycle I. Phase dependent effects of ramp-movements of the hip during ΓÇ£fictive locomotionΓÇ¥","10.1111/j.1748-1716.1981.tb06867.x","1981-09-01","Acta Physiologica Scandinavica"
"MBVW5H9P","conferencePaper","Flexible Strain Gauge Sensors as┬áReal-Time Stretch Receptors for┬áUse in┬áBiomimetic BPA Muscle Applications","10.1007/978-3-031-72597-5_7","2024",
"E3RYDH4D","journalArticle","Deep Reinforcement Learning that Matters",,,
"X6WHYDNF","journalArticle","AnimatLab: A 3D graphics environment for neuromechanical simulations","10.1016/j.jneumeth.2010.01.005","2010-03-30","Journal of Neuroscience Methods"
"INKW4BSA","journalArticle","Analyzing Moment Arm Profiles in a Full-Muscle Rat Hindlimb Model","10.3390/biomimetics4010010","2019/3","Biomimetics"
"MMJLWEK4","journalArticle","The significance of dynamical architecture for adaptive responses to mechanical loads during rhythmic behavior","10.1007/s10827-014-0519-3","2015-02-01","Journal of Computational Neuroscience"
"J8DXV8CM","journalArticle","Raw dataset of tensile tests in a 3D-printed nylon reinforced with oriented short carbon fibers","10.1016/j.dib.2024.111149","12/2024","Data in Brief"
"NJG3ZNV3","journalArticle","Analytical CPG model driven by limb velocity input generates accurate temporal locomotor dynamics.","10.7287/peerj.preprints.26734v1","2018-03-19","PeerJ"
"EQ6UMSWY","journalArticle","Snake Robot Obstacle-Aided Locomotion: Modeling, Simulations, and Experiments","10.1109/TRO.2007.914849","2008-02","IEEE Transactions on Robotics"
"QBR3GVU3","journalArticle","Locally adaptive activation functions with slope recovery for deep and physics-informed neural networks","10.1098/rspa.2020.0334","07/2020","Proceedings of the Royal Society A: Mathematical, Physical and Engineering Sciences"
"RP6FMWFN","report","Flexible multitask computation in recurrent networks utilizes shared dynamical motifs","10.1101/2022.08.15.503870","2022-08-15",
"XAVMN2L9","webpage","DICOM Library - Anonymize, Share, View DICOM files ONLINE",,,
"T8EMRP8H","conferencePaper","Phase Characterization of Hyperpolarizing and Depolarizing Currents on a Four Neuron CPG Model",,"2015",
"TC5SD2DJ","journalArticle","Philosophy of the Spike: Rate-Based vs. Spike-Based Theories of the Brain","10.3389/fnsys.2015.00151","2015-11-10","Frontiers in Systems Neuroscience"
"G9MJ8943","bookSection","Central Pattern Generators","10.1038/npg.els.0000032","2001-04-19",
"Q23JVBRQ","journalArticle","RHex: A Simple and Highly Mobile Hexapod Robot","10.1177/02783640122067570","2001","The International Journal of Robotics Research"
"67P4QDG8","journalArticle","A Soft Robotic Gripper With Gecko-Inspired Adhesive","10.1109/LRA.2018.2792688","April 2018","IEEE Robotics and Automation Letters"
"SJHGXGDB","journalArticle","Printed circuit board recycling: a state-of-the-art survey","10.1109/TEPM.2004.830501","2004-01","IEEE Transactions on Electronics Packaging Manufacturing"
"VHRIWJBY","journalArticle","Vestibular-mediated synaptic inputs and pathways to sympathetic preganglionic neurons in the neonatal mouse.","10.1113/jphysiol.2012.234609","2012-11-15","The Journal of Physiology"
"VDF8CJ2E","journalArticle","Processing and characterization of a carbon black-filled electrically conductive Nylon-12 nanocomposite produced by selective laser sintering","10.1016/j.msea.2009.12.028","2010-04-25","Materials Science and Engineering: A"
"5RH9CNKV","report","Fluidic Muscle DMSP/MAS",,"04-2013",
"IDVF6Z88","journalArticle","Design and Control of a Flexible Exoskeleton to Generate a Natural Full Gait for Lower-Limb Rehabilitation","10.1115/1.4054248","2022-04-25","Journal of Mechanisms and Robotics"
"VZNBWEBT","journalArticle","Design of a Novel Total Knee Prosthesis Using TRIZ",,"6 Nov 2006","Journal of Medical and Biological Engineering"
"E5WNGE26","journalArticle","Optimal sensorimotor transformations for balance","10.1038/nn1986","October 2007","Nature Neuroscience"
"UQPWXKRT","conferencePaper","Bat Bot (B2), a biologically inspired flying machine","10.1109/ICRA.2016.7487491","May 2016",
"PBFYA8FH","journalArticle","Torque patterns of the limbs of small therian mammals during locomotion on flat ground","10.1242/jeb.205.9.1339","2002-05-01","Journal of Experimental Biology"
"QC4IBXM8","journalArticle","ATRIAS: Design and validation of a tether-free 3D-capable spring-mass bipedal robot","10.1177/0278364916648388","2016-10-01","The International Journal of Robotics Research"
"JDFZXXJM","journalArticle","Evaluation of Q angle in differents static postures","10.1590/1413-78522014220600451","2014","Acta Ortop Bras"
"HAYSGZI2","webpage","Neuromotor Dynamics of Human Locomotion in Challenging Settings - ScienceDirect",,,
"U5QI4IB2","preprint","A Survey of Neuromorphic Computing and Neural Networks in Hardware","10.48550/arXiv.1705.06963","2017-05-19",
"29E2T396","conferencePaper","Whole body adhesion: hierarchical, directional and distributed control of adhesive forces for a climbing robot","10.1109/ROBOT.2007.363159","2007-04",
"GHY9AGV7","journalArticle","Forms of forward quadrupedal locomotion. II. A comparison of posture, hindlimb kinematics, and motor patterns for upslope and level walking.","10.1152/jn.1998.79.4.1687","1998-04-01","Journal of Neurophysiology"
"QT4Y3IRV","journalArticle","V3 spinal neurons establish a robust and balanced locomotor rhythm during walking.","10.1016/j.neuron.2008.09.027","2008-10-09","Neuron"
"ZXYWYGXG","journalArticle","Bifurcations in MorrisΓÇôLecar neuron model","10.1016/j.neucom.2005.03.006","1/2006","Neurocomputing"
"4XQG7QPN","journalArticle","Positive Force Feedback Control of Muscles","10.1152/jn.1997.77.6.3226","1997-06","Journal of Neurophysiology"
"3BY2A6F9","journalArticle","Design Synthesis of a 4D-Printed Self-Tying Knot With Programmable Morphology","10.1115/1.4063970","2024-06-01","Journal of Mechanical Design"
"8T8FTIJE","journalArticle","The spinal cord facilitates cerebellar upper limb motor learning and control; inputs from neuromusculoskeletal simulation","10.1371/journal.pcbi.1011008","Jan 2, 2024","PLOS Computational Biology"
"BTITHQM9","document","Link to Jovoni's AARL Notebook",,,
"487Z4V9R","journalArticle","Modulation of ipsi- and contralateral reflex responses in unrestrained walking cats","10.1152/jn.1980.44.5.1024","1980-11-01","Journal of Neurophysiology"
"3SDAQQLV","patent","Quadrature Modulation Circuit",,,
"WGLI7WH7","journalArticle","A comprehensive and fair comparison of two neural operators (with practical extensions) based on FAIR data","10.1016/j.cma.2022.114778","04/2022","Computer Methods in Applied Mechanics and Engineering"
"5PAM2GM7","journalArticle","Optimizing <span style=""font-variant:small-caps;"">3D</span> ΓÇÉPrinting Parameters for Enhanced Mechanical Properties in Liquid Crystalline Polymer Components","10.1002/pat.70037","12/2024","Polymers for Advanced Technologies"
"BKBQEBDU","journalArticle","Modular organization of the multipartite central pattern generator for turtle rostral scratch: knee-related interneurons during deletions","10.1152/jn.00871.2015","2016-06-01","Journal of Neurophysiology"
"LQL9N649","webpage","Carbon Fiber",,,
"TC9VID2V","preprint","ScaFi: Length-Scalable, Compliant, Parametric Robotic Fish Design for Operation in Multiple Environmental Niches","10.21203/rs.3.rs-7577054/v1","2025-10-10",
"QVQZF96W","journalArticle","Length and moment arm of human leg muscles as a function of knee and hip-joint angles","10.1007/BF00236067","1990","European Journal of Applied Physiology and Occupational Physiology"
"E87KHQYE","journalArticle","Control of Mammalian Locomotion by Somatosensory Feedback - Frigon - 2022 - Comprehensive Physiology - Wiley Online Library",,,
"GU3P6ZR3","book","Polymer Microscopy",,"1987, 1996",
"GC4F7JKI","journalArticle","A Survey of Convolutional Neural Networks: Analysis, Applications, and Prospects","10.1109/TNNLS.2021.3084827","12/2022","IEEE Transactions on Neural Networks and Learning Systems"
"Z2Q2YYVS","journalArticle","A Novel Elbow-Inspired Cable-Driven Tensegrity Joint: Bionic Design, Coupled Kinematics, and Load Performance","10.1115/1.4064462","2024-02-05","Journal of Mechanisms and Robotics"
"6AICW6TR","journalArticle","Fibre bridging and nozzle clogging in 3D printing of discontinuous carbon fibre-reinforced polymer composites: coupled CFD-DEM modelling","10.1007/s00170-021-07913-7","12/2021","The International Journal of Advanced Manufacturing Technology"
"4W847RW9","journalArticle","A Functional Subnetwork Approach to Designing Synthetic Nervous Systems That Control Legged Robot Locomotion","10.3389/fnbot.2017.00037","2017","Frontiers in Neurorobotics"
"CQQTVI6Y","conferencePaper","Thermoplastic Composites for Fused Deposition Modeling Filament: Challenges and Applications","10.1016/B978-0-12-803581-8.11409-2","2018",
"F8YZLDDF","journalArticle","Design Approach of Biologically-Inspired Musculoskeletal Humanoids","10.5772/55443","April 2013","International Journal of Advanced Robotic Systems"
"JARFNYXE","journalArticle","Central pattern generators in the turtle spinal cord: selection among the forms of motor behaviors.","10.1152/jn.00602.2017","2018-02-01","Journal of Neurophysiology"
"TZTM35QC","journalArticle","Experimental Verification of Kinematics and Kinetics in a Biomimetic Bipedal Robot","10.1115/1.4054441","2022-06-06","Journal of Mechanisms and Robotics"
"AKKBWQR2","journalArticle","How fish power predation fast-starts","10.1242/jeb.198.9.1851","1995","The Journal of Experimental Biology"
"DW9PZKVQ","bookSection","Modeling the Organization of Spinal Cord Neural Circuits Controlling Two-Joint Muscles","10.1007/978-1-4939-3267-2_5","2016",
"5TLH4X9Z","journalArticle","Robust Trajectory Generation for Robotic Control on the Neuromorphic Research Chip Loihi","10.3389/fnbot.2020.589532","2020-11-26","Frontiers in Neurorobotics"
"NEJ7WLAV","journalArticle","Methods for integrating postural control into biomechanical human simulations: a systematic review","10.1186/s12984-023-01235-3","2023-08-21","Journal of NeuroEngineering and Rehabilitation"
"8KZ5SCMN","report","Fluidic Muscle DMSP",,"01-2026",
"RH7ZNQKQ","journalArticle","Automated Muscle Path Calibration With Gradient-Specified Optimization Based on Moment Arm","10.1109/TBME.2025.3620626","2026-05","IEEE Transactions on Biomedical Engineering"
"QT6Z6XA9","journalArticle","Flexor reflex afferents reset the step cycle during fictive locomotion in the cat","10.1007/s002210050522","1998-05-30","Experimental Brain Research"
"T467JGS8","presentation","Portland Neuroscience Outreach with the Portland State University Neuroscience Club, NW Noggin, and the Agile and Adaptive Robotics Lab",,"2022, November 12",
"D46PD2VZ","journalArticle","Dynamic stabilization of rapid hexapedal locomotion","10.1242/jeb.205.18.2803","2002-09","The Journal of Experimental Biology"
"8KFSXPUY","journalArticle","Implementation of a Real-Time Human Movement Classifier Using a Triaxial Accelerometer for Ambulatory Monitoring","10.1109/TITB.2005.856864","01/2006","IEEE Transactions on Information Technology in Biomedicine"
"F3D2UMRX","journalArticle","Learning CPG-based Biped Locomotion with a Policy Gradient Method: Application to a Humanoid Robot","10.1177/0278364907084980","02/2008","The International Journal of Robotics Research"
"3P3J88HN","journalArticle","The encapsulation of hydrophobic drugs in Pluronic F127 micelles: the effects of drug hydrophobicity, solution temperature and pH","10.1021/la304836e","2013-04-02","Langmuir"
"YXVHURQM","journalArticle","Inter-leg coordination in the control of walking speed in Drosophila","10.1242/jeb.078139","2013-02-01","Journal of Experimental Biology"
"7277YSGN","journalArticle","Clinical evaluation of hip joint rotation range of motion in adults","10.1016/j.otsr.2011.08.015","February 2012","Orthopaedics & Traumatology: Surgery & Research"
"DP3JYZBH","journalArticle","A Simple Introduction to the Method of Lines","10.7227/IJEEE.37.3.8","07/2000","The International Journal of Electrical Engineering & Education"
"FECIWUVH","journalArticle","The effects of voids on structural properties of fused deposition modelled parts: a probabilistic approach","10.1007/s00170-018-2148-x","8/2018","The International Journal of Advanced Manufacturing Technology"
"J63GISPH","journalArticle","Compliant actuation of rehabilitation robots","10.1109/MRA.2008.927689","2008-09","IEEE Robotics & Automation Magazine"
"DBZHLM4F","journalArticle","Telemetry Channel Coding",,"1999","Blue Book"
"CV2HVC3W","journalArticle","Postural control and adaptation are influenced by preceding postural challenges","10.1007/s00221-010-2166-x","2010/01/26","Experimental Brain Research"
"ZPRUN7S6","journalArticle","Assessment of stress distribution in ankle joint: simultaneous application of experimental and finite element methods","10.1504/IJECB.2015.067681","2015","International Journal of Experimental and Computational Biomechanics"
"MFMGEHTL","presentation","Torque Values About Artificial Knee Using Braided Pneumatic Actuators",,"2021 July 15-16",
"D2N9Z673","journalArticle","Functionally complex muscles of the cat hindlimb. I. Patterns of activation across sartorius.","10.1007/bf00229406","1991-01-01","Experimental Brain Research"
"WIHT7HH7","journalArticle","Bio-inspired design of a self-aligning, lightweight, and highly-compliant cable-driven knee exoskeleton","10.3389/fnhum.2022.1018160","2022-11-07","Frontiers in Human Neuroscience"
"UDWN2QLV","journalArticle","Synchronization and desynchronization of neural oscillators","10.1016/S0893-6080(99)00068-4","11/1999","Neural Networks"
"UPM689S4","journalArticle","Mechanosensation and adaptive motor control in insects","10.1016/j.cub.2016.06.070","2016-10-24","Current biology : CB"
"SYUP5R2X","journalArticle","Rate Coding and the Control of Muscle Force","10.1101/cshperspect.a029702","2017-10","Cold Spring Harbor Perspectives in Medicine"
"IW43CN7E","journalArticle","Further studies of static and dynamic fusimotor fibres","10.1113/jphysiol.1964.sp007477","1964","The Journal of Physiology"
"HMQWPZ2Z","journalArticle","The design and mathematical modelling of novel extensor bending pneumatic artificial muscles (EBPAMs) for soft exoskeletons","10.1016/j.robot.2017.10.010","January 1, 2018","Robotics and Autonomous Systems"
"SA4W6L37","webpage","Sci-Hub | Worm-Like Soft Robot for Complicated Tubular Environments. Soft Robotics, 6(3), 399ΓÇô413 | 10.1089/soro.2018.0088",,,
"9ZCTL85S","journalArticle","Soft Tensegrity Robot Driven by Thin Artificial Muscles for the Exploration of Unknown Spatial Configurations","10.1109/LRA.2022.3153700","2022-04","IEEE Robotics and Automation Letters"
"HC4T2LVM","journalArticle","Functional muscle synergies constrain force production during postural tasks.","10.1016/j.jbiomech.2007.09.012","January 2008","Journal of biomechanics"
"6L73NFDX","conferencePaper","An energy perturbation approach to limit cycle analysis in legged locomotion systems","10.1109/CDC.1990.203973","1990",
"X84JYERV","journalArticle","Effect of build-up orientations and process parameters on the tensile strength of 3D printed short carbon fiber/PA-6 composites.","10.1080/09243046.2021.1930497","2022-04-01","Advanced Composite Materials"
"FV4KA88W","document","Markforged Material Datasheet Composites",,"10 May 2019",
"ZJU3MLAV","journalArticle","Spiking neural network reinforcement learning method based on temporal coding and STDP","10.1016/j.procs.2018.11.107","2018","Procedia Computer Science"
"4R3BMDTE","journalArticle","LOCOMOTOR CIRCUITS IN THE MAMMALIAN SPINAL CORD","10.1146/annurev.neuro.29.051605.112910","2006-06-15","Annual Review of Neuroscience"
"A58W6FYR","journalArticle","Development and Flight Testing of a Turbulence Mitigation System for Micro Air Vehicles","10.1002/rob.21626","August 1, 2016","Journal of Field Robotics"
"VUUQAD3Q","webpage","NeuroMechFly, a neuromechanical model of adult Drosophila melanogaster - ProQuest",,,
"DELDJ6I6","journalArticle","Principles of robot locomotion",,,
"T8JVQEAJ","journalArticle","Additively manufactured carbon fiber-reinforced composites: State of the art and perspective","10.1016/j.addma.2019.100962","2020-01-01","Additive Manufacturing"
"SS4M6FIA","journalArticle","Anatomy and Physiology of Knee Stability","10.3390/jfmk2040034","24 September 2017","Journal of Functional Morphology and Kinesiology"
"A83Q6QM4","journalArticle","Short fiber reinforced composites for fused deposition modeling","https://doi.org/10.1016/S0921-5093(00)01810-4","2001","Materials Science and Engineering: A"
"LVQ3W94U","journalArticle","Common interneurones in reflex pathways from group 1a and 1b afferents of ankle extensors in the cat.","10.1113/jphysiol.1981.sp013556","1981-01-01","The Journal of Physiology"
"LNEX7FXM","journalArticle","Concerted Control of Stance and Balance Locomotor SubfunctionsΓÇöLeg Force as a Conductor","10.1109/TMRB.2019.2895891","2019-02","IEEE Transactions on Medical Robotics and Bionics"
"INV98B7B","journalArticle","Tunable stiffness in fish robotics: mechanisms and advantages","10.1088/1748-3190/ac3ca5","2022-01-01","Bioinspiration & Biomimetics"
"5JNBVJTZ","journalArticle","Patterns of locomotor drive to motoneurons and last-order interneurons: clues to the structure of the CPG.","10.1152/jn.2001.86.1.447","2001-07-01","Journal of Neurophysiology"
"3SVV9EFN","bookSection","Hill-Based Muscle Models: A Systems Engineering Perspective","10.1007/978-1-4613-9030-5_5","1990",
"3YX8SLFP","journalArticle","Highly sensitive airflow sensors with an ultrathin reduced graphene oxide film inspired by gas exfoliation of graphite oxide","10.1039/C6MH00587J","2017","Materials Horizons"
"J7VNHZDM","journalArticle","The comparative investigation of the stick insect and cockroach models in the study of insect locomotion","10.1016/j.cois.2015.07.004","2015-12-01","Current Opinion in Insect Science"
"84P4Q7EW","journalArticle","Reinforcement Learning for a CPG-driven Biped Robot",,,
"5ZIBY5KE","journalArticle","Intrinsic function of a neuronal network ΓÇö a vertebrate central pattern generator","10.1016/S0165-0173(98)00002-2","05/1998","Brain Research Reviews"
"6JZ4DMCH","webpage","PCB Component Detection Consolidated Dataset",,,
"PD8VTCT5","journalArticle","Designing responsive pattern generators: stable heteroclinic channel cycles for modeling and control","10.1088/1748-3190/10/2/026001","2015-02-25","Bioinspiration & Biomimetics"
"4HQ98MD9","journalArticle","Influence of interfacial adhesion on the mechanical properties and fracture behaviour of short sisal fibre reinforced polymer composites","10.1016/S0014-3057(96)00051-1","10/1996","European Polymer Journal"
"YUU6ET4C","journalArticle","Neural control of locomotion: sensory control of the central pattern generator and its relation to treadmill training","10.1016/S0966-6362(98)00010-1","5/1998","Gait & Posture"
"Q4HA7YVC","journalArticle","A Model of Lower Extremity Muscular Anatomy","10.1115/1.3138363","1982-11-01","Journal of Biomechanical Engineering"
"FKXIQQMW","journalArticle","On the possibility (or lack thereof) of agreement between experiment and computation of flows over wings at moderate Reynolds number","10.1098/rsfs.2016.0076","February 6, 2017","Interface Focus"
"XH4D647M","attachment","Young_Scientist_Seminar.pptx",,,
"KVVVQZAC","journalArticle","Enhancement and Resetting of Locomotor Activity by Muscle Afferentsa","10.1111/j.1749-6632.1998.tb09050.x","1998-11-01","Annals of the New York Academy of Sciences"
"HPSCE4EC","journalArticle","Temporal contiguity requirements for long-term associative potentiation/depression in the hippocampus","10.1016/0306-4522(83)90010-6","1983-04","Neuroscience"
"SUATCRI2","journalArticle","VarNet: Variational Neural Networks for the Solution of Partial Differential Equations",,,
"CMTBZ7XY","journalArticle","Red muscle activity in bluegill sunfish Lepomis macrochirus during forward accelerations","10.1038/s41598-019-44409-7","2019-05-30","Scientific Reports"
"XECA7KR8","journalArticle","Organization of flexorΓÇôextensor interactions in the mammalian spinal cord: insights from computational modelling","10.1113/JP272437","2016","The Journal of Physiology"
"IWSXCVRK","journalArticle","Musculoskeletal design, control, and application of human mimetic humanoid Kenshiro","10.1088/1748-3190/ab03fc","April 2019","Bioinspiration & Biomimetics"
"JCDZ6WNX","journalArticle","Skeletal Structure with Artificial Perspiration for Cooling by Latent Heat for Musculoskeletal Humanoid Kengoro","10.1109/IROS.2016.7759335","October 2016","2016 IEEE/RSJ International Conference on Intelligent Robots and Systems (IROS)"
"48FEM3CD","journalArticle","Intra-muscle Synergies Stabilizing Reflex-mediated Force Changes","10.1016/j.neuroscience.2022.10.009","2022-11-21","Neuroscience"
"H8UT6ZVQ","journalArticle","The initiation of the swing phase in human infant stepping: importance of hip position and leg loading","10.1111/j.1469-7793.2000.00389.x","2000-10-15","The Journal of Physiology"
"5HGVFS2G","journalArticle","Extended Physics-Informed Neural Networks (XPINNs): A Generalized Space-Time Domain Decomposition Based Deep Learning Framework for Nonlinear Partial Differential Equations","10.4208/cicp.OA-2020-0164","6/2020","Communications in Computational Physics"
"L9A22Q96","journalArticle","The machining process and multi-sensor measurements of the friction components of total hip joint prosthesis",,"2018","Measurement"
"6GDJ43VK","journalArticle","Integrate-and-fire neurons with threshold noise: A tractable model of how interspike interval correlations affect neuronal signal transmission","10.1103/PhysRevE.72.021911","2005-8","Physical review. E, Statistical, nonlinear, and soft matter physics"
"D8MIPKJF","journalArticle","Dependence of human ankle compliance on joint angle","10.1016/0021-9290(78)90010-6","1/1978","Journal of Biomechanics"
"EPRDAWPW","bookSection","Biomimetic Knee Design to Improve Joint Torque and Life for Bipedal Robotics","10.1007/978-3-319-96728-8_8","2018",
"6PUBUN7N","journalArticle","Efficient worm-like locomotion: slip and control of soft-bodied peristaltic robots","10.1088/1748-3182/8/3/035003","2013-08","Bioinspiration &amp$\mathsemicolon$ Biomimetics"
"RAAKR7NJ","book","Internet Tomography",,"May 2002",
"T9C6398E","webpage","GeckskinΓäó is a new super-adhesive based on the mechanics of gecko feet",,,
"688LSA5J","journalArticle","Instability of synchronized motion in nonlocally coupled neural oscillators","10.1103/PhysRevE.73.031907","2006-3-9","Physical Review E"
"UJ5ECYKN","journalArticle","Stimulation pattern that maximizes force in paralyzed and control whole thenar muscles","10.1152/jn.2002.87.5.2271","2002-05","Journal of Neurophysiology"
"2N9BWRA4","journalArticle","Anthropomorphic musculoskeletal 10 degrees-of-freedom robot arm driven by pneumatic artificial muscles","10.1080/01691864.2018.1494040","August 2018","Advanced Robotics"
"NC2VRI6G","bookSection","Theory Principles and Design of Magnetic Circuits",,"1964",
"X5XXF662","journalArticle","Sensory Feedback Reduces Individuality by Increasing Variability within Subjects","10.1016/j.cub.2015.08.044","October 19, 2015","Current Biology"
"FXIQ6AU2","preprint","MultiAdam: Parameter-wise Scale-invariant Optimizer for Multiscale Training of Physics-informed Neural Networks",,"2023-06-05",
"KPG7S47C","journalArticle","Organization of flexor-extensor interactions in the mammalian spinal cord: insights from computational modelling: Flexor-extensor interactions in the spinal cord","10.1113/JP272437","2016-11-01","The Journal of Physiology"
"C75WTZAI","journalArticle","Motor circuits in action: specification, connectivity, and function","10.1016/j.neuron.2012.05.011","2012-06-21","Neuron"
"Y3JCTVVT","journalArticle","Segmental patterns of vestibular-mediated synaptic inputs to axial and limb motoneurons in the neonatal mouse assessed by optical recording","10.1113/jphysiol.2010.195644","2010-12-15","The Journal of Physiology"
"SHAIK626","journalArticle","Markforged Composite Materials Data Sheet Rev 5.2. https://www-objects.markforged.com/craft/materials/CompositesV5.2.pdf",,,
"V3FFRWF9","journalArticle","Mechanical properties of CF-reinforced PLA parts manufactured by fused deposition modeling","10.1177/0892705719847244","2021-05-01","Journal of Thermoplastic Composite Materials"
"UVNWCLP4","journalArticle","A theory of healing at a polymer-polymer interface","10.1021/ma00241a013","07/1983","Macromolecules"
"WGDX8WSZ","journalArticle","Structural and mechanical behavior of nylon 6 films part I. Identification and stability of the crystalline phases","https://doi.org/10.1002/1099-0488(20010301)39:5<484::AID-POLB1022>3.0.CO;2-R","2001","Journal of Polymer Science Part B: Polymer Physics"
"ZD75FZDA","document","Reinforcement Learning of Targeted Movement in a Spiking Neuronal Model of Motor Cortex",,,
"UXQL655X","journalArticle","Machine learning: Trends, perspectives, and prospects","10.1126/science.aaa8415","2015-07-17","Science"
"J2MCIARS","journalArticle","Review article (Part 2) Neural control of locomotion: sensory control of the central pattern generator and its relation to treadmill training",,"1998-01-01",
"2HAJHQNF","journalArticle","A Discussion on Solving Partial Differential Equations using Neural Networks",,"2019-04-15","arXiv:1904.07200 [cs, math, stat]"
"UASGT35R","journalArticle","A neural circuitry that emphasizes spinal feedback generates diverse behaviours of human locomotion: A spinal feedback circuitry generating human locomotion behaviors","10.1113/JP270228","2015-08-15","The Journal of Physiology"
"DL376TV2","conferencePaper","An Empirical Comparison of Particle Swarm and Predator Prey Optimisation","10.1007/3-540-45750-X_13","2002",
"TELH98PM","journalArticle","A 3D-printed, functionally graded soft robot powered by combustion","10.1126/science.aab0129","2015-07-10","Science"
"D6W5PWIV","webpage","Variable stiffness Mckibben muscles with hydraulic and pneumatic operating modes",,,
"N6KF4IPH","journalArticle","Activities of daily living in non-Western cultures: range of motion requirements for hip and knee joint implants:","10.1097/00004356-200109000-00004","09/2001","International Journal of Rehabilitation Research"
"2VNQ55GC","journalArticle","Design Principles for Energy-Efficient Legged Locomotion and Implementation on the MIT Cheetah Robot","10.1109/TMECH.2014.2339013","June 2015","IEEE/ASME Transactions on Mechatronics"
"YDFMUQYA","journalArticle","Role of Proprioceptive Signals From an Insect Femur-Tibia Joint in Patterning Motoneuronal Activity of an Adjacent Leg Joint","10.1152/jn.1999.81.4.1856","1999-04-01","Journal of Neurophysiology"
"87BYYNPG","journalArticle","A musculoskeletal model of the human lower extremity: the effect of muscle, tendon, and moment arm on the moment-angle relationship of musculotendon actuators at the hip, knee, and ankle",,"1990","Journal of Biomechanics"
"I8E4LB6K","conferencePaper","A bio-inspired condylar hinge joint for mobile robots","10.1109/IROS.2011.6094924","2011-09",
"KGA2KI9R","conferencePaper","Solving a steady-state PDE using spiking networks and neuromorphic hardware","10.1145/3407197.3407202","2020-07-28",
"B5ZACTFX","journalArticle","Effect of processing conditions on the bonding quality of FDM polymer filaments","10.1108/13552540810862028","2008-03-28","Rapid Prototyping Journal"
"WM3UE5B5","journalArticle","CNT-Based Artificial Hair Sensors for Predictable Boundary Layer Air Flow Sensing","10.1002/admt.201600176","December 1, 2016","Advanced Materials Technologies"
"CSAVUDPG","journalArticle","Proprioceptive Feedback and Movement Regulation","10.1002/cphy.cp120103","2011-01-01","Comprehensive Physiology"
"TNGQ3SCW","journalArticle","Measurement of lower extremity kinematics during level walking","10.1002/jor.1100080310","05/1990","Journal of Orthopaedic Research"
"KRE8AAPY","conferencePaper","Learning-Based Model Predictive Control for Safe Exploration","10.1109/CDC.2018.8619572","12/2018",
"IK49AIUS","journalArticle","On the Silent Period and Golgi Tendon Organs of the Soleus Muscle of the Cat","10.1111/j.1748-1716.1964.tb10435.x","1964","Acta Physiologica Scandinavica"
"NKPSJD6L","journalArticle","The carbon fiber surface treatment and addition of PA6 on tensile properties of ABS composites","10.1016/j.cap.2010.06.017","2011-01-01","Current Applied Physics"
"T9HFXX2N","journalArticle","Lessons from the History of Quarantine, from Plague to Influenza A","10.3201/eid1902.120312","2013-2","Emerging Infectious Diseases"
"MT8NGSSQ","journalArticle","Dopamine modulation of transient potassium current evokes phase shifts in a central pattern generator network","10.1523/JNEUROSCI.15-01-00342.1995","1995-01-01","The Journal of Neuroscience"
"PVSZFNIN","journalArticle","Towards compliant and wearable robotic orthoses: A review of current and emerging actuator technologies","10.1016/j.medengphy.2016.01.010","2016-04-01","Medical Engineering & Physics"
"JH2KQ8AX","journalArticle","Influence of mixed isotropic fiber angles and hot press on the mechanical properties of 3D printed composites","10.1016/j.addma.2019.03.008","05/2019","Additive Manufacturing"
"62E5WD98","journalArticle","The Effect of Humidity and UV Light Exposure on the Mechanical Properties of PA6 Matrix Reinforced with Short Carbon Fibers and Built by Additive Manufacturing","10.3390/polym18020164","2026-01-07","Polymers"
"HBYF3AYK","journalArticle","Tactile Sensing in Insects",,"2014-01-01",
"JVJH62L4","journalArticle","Formation of the central pattern generator for locomotion in the rat and mouse","10.1016/S0361-9230(00)00399-3","11/2000","Brain Research Bulletin"
"SDYPF2ZR","journalArticle","Behaviour-based modelling of hexapod locomotion: linking biology and technical application","10.1016/j.asd.2004.05.004","2004-07-01","Arthropod Structure & Development"
"GLZHJCFX","journalArticle","Bio-Inspired Tensegrity Robotic Wrist With Tendon Sheath Functionality","10.1109/TMECH.2026.3664932","2026","IEEE/ASME Transactions on Mechatronics"
"ABBAC3I9","journalArticle","The cerebellar microcircuit as an adaptive filter: experimental and computational evidence","10.1038/nrn2756","Jan 2010","Nature Reviews. Neuroscience"
"TKBRHJUH","journalArticle","Biomechanics of fast-start swimming in fish","10.1016/s1095-6433(01)00461-5","2001-12","Comparative Biochemistry and Physiology. Part A, Molecular & Integrative Physiology"
"URSR2W27","journalArticle","Sway-dependent changes in standing ankle stiffness caused by muscle thixotropy: Sway history and intrinsic ankle stiffness","10.1113/JP271137","2016-02-01","The Journal of Physiology"
"V7Q8IYXS","journalArticle","Tensile properties and failure behavior of chopped and continuous carbon fiber composites produced by additive manufacturing","10.1016/j.addma.2018.12.020","2019-03","Additive Manufacturing"
"CHA399VC","journalArticle","A walking robot called human: lessons to be learned from neural control of locomotion.","10.1016/s0021-9290(01)00187-7","2002-04-01","Journal of Biomechanics"
"CZ4NCJBM","webpage","Effect of fused deposition modelling (FDM) process parameters on tensile strength of carbon fibre PLA | Elsevier Enhanced Reader","10.1016/j.matpr.2019.06.009",,
"Y3AQ3474","book","Advanced QoS Services for the Intelligent Internet",,"May 1997",
"TIL5FV5L","journalArticle","NeuroNex Grant",,,
"T5XR35IX","journalArticle","Distinguishing subtypes of spinal locomotor neurons to inform circuit function and dysfunction","10.1016/j.conb.2023.102763","2023-10-01",
"99X43P59","note",,,,
"9ZIZPSWI","webpage","Alternative to Hand-Tuning Conductance-Based Models: Construction and Analysis of Databases of Model Neurons","10.1152/jn.00641.2003",,
"GKRGGDAP","journalArticle","Additive manufacturing of carbon fiber-reinforced plastic composites using fused deposition modeling: Effects of process parameters on tensile properties","10.1177/0021998316646169","2017-02-01","Journal of Composite Materials"
"AYC29G6S","webpage","Laser additive manufacturing of metallic components: materials, processes and mechanisms - D D Gu, W Meiners, K Wissenbach, R Poprawe, 2012",,,
"RGS79R9N","journalArticle","General implementation of quantum physics-informed neural networks","10.1016/j.array.2023.100287","07/2023","Array"
"87ZC4S6X","journalArticle","Evolution and Development of a Central Pattern Generator for the Swimming of a Lamprey","10.1162/106454699568773","07/1999","Artificial Life"
"R8TAV5L7","journalArticle","Incidence and Cost of Serious Fall-Related Injuries in Nursing Homes","10.1177/1054773811414180","February 1, 2012","Clinical Nursing Research"
"RWCAK32Z","journalArticle","Electrophysiology of a Dendritic Neuron Model","10.1016/S0006-3495(62)86953-7","03/1962","Biophysical Journal"
"X47EU3MF","journalArticle","Multisensory control of human upright stance","10.1007/s00221-005-0256-y","2006","Experimental Brain Research"
"XI8YBGAT","conferencePaper","Using Two IMU Sensors to Simulate Lower Body Stance",,"July 2019",
"XDA3LUST","journalArticle","Development and Training of a Neural Controller for Hind Leg Walking in a Dog Robot","10.3389/fnbot.2017.00018","2017-04-04","Frontiers in Neurorobotics"
"JF52M3R3","journalArticle","Fused filament fabrication of polymer materials: A review of interlayer bond","https://doi.org/10.1016/j.addma.2020.101658","2021","Additive Manufacturing"
"GKN9S4JZ","journalArticle","Locomotor activity in spinal cord-injured persons","10.1152/japplphysiol.00942.2003","2004-05","Journal of Applied Physiology"
"7WGWALXK","book","Additive Manufacturing Technologies: 3D Printing, Rapid Prototyping, and Direct Digital Manufacturing","10.1007/978-1-4939-2113-3","2015",
"EXSVZM3E","journalArticle","Physics Informed Deep Learning (Part II): Data-driven Discovery of Nonlinear Partial Differential Equations",,"2017-11-28","arXiv:1711.10566 [cs, math, stat]"
"XM67JSWP","journalArticle","Initiation of locomotion in lampreys.","10.1016/j.brainresrev.2007.07.016","2008-01-01","Brain Research Reviews"
"DVJB6MZW","journalArticle","Effect of layer thickness on irreversible thermal expansion and interlayer strength in fused deposition modeling","10.1108/RPJ-05-2016-0077","2017-08-22","Rapid Prototyping Journal"
"FNQBDDTR","webpage","FW: Search plan and scorecard - ajh26@pdx.edu - Portland State University Mail",,,
"PEEN274S","journalArticle","Reinforcement learning: The Good, The Bad and The Ugly","10.1016/j.conb.2008.08.003","4/2008","Current Opinion in Neurobiology"
"975ZBHLW","conferencePaper","A modified particle swarm optimizer","10.1109/ICEC.1998.699146","1998-05",
"C48WIAU9","journalArticle","Quantifying Generalization in Reinforcement Learning",,,
"TM5X2YHN","journalArticle","Effects of ankle and hip muscle afferent inputs on rhythm generation during fictive locomotion.","10.1152/jn.01028.2009","2010-01-20","Journal of Neurophysiology"
"7PFGB9HM","journalArticle","Vestibular System: The Many Facets of a Multimodal Sense","10.1146/annurev.neuro.31.060407.125555","07/2008","Annual Review of Neuroscience"
"9F9ZL6JQ","journalArticle","Central Pattern Generators of the Mammalian Spinal Cord","10.1177/1073858410396101","2012-02-01","The Neuroscientist"
"IFFJPIEC","journalArticle","Safe Reinforcement Learning via Curriculum Induction",,"2021-01-21","arXiv:2006.12136 [cs]"
"95CNM5M8","journalArticle","Design and Analysis of a Soft Pneumatic Actuator with Origami Shell Reinforcement","10.1089/soro.2016.0023","September 1, 2016","Soft Robotics"
"D6RKXAS7","journalArticle","Variable impedance actuators: A review","10.1016/j.robot.2013.06.009","2013-12-01","Robotics and Autonomous Systems"
"WW4LK5QF","journalArticle","Central pattern generators in the brainstem and spinal cord: an overview of basic principles, similarities and differences.","10.1515/revneuro-2017-0102","2019-01-28","Reviews in The Neurosciences"
"S5ZZYEG8","conferencePaper","Soft Tubular Strain Sensors for Contact Detection","10.1007/978-3-031-38857-6_16","2023",
"JDG5TCXN","journalArticle","Distributed force feedback in the spinal cord and the regulation of limb mechanics","10.1152/jn.00216.2017","2018-03-01","Journal of Neurophysiology"
"W52TJC4Z","journalArticle","Functional organization within the medullary reticular formation of the intact unanesthetized cat. III. Microstimulation during locomotion.","10.1152/jn.1991.66.3.919","1991-09-01","Journal of Neurophysiology"
"J3B8MICM","webpage","Modular Custom Robotic Solutions",,,
"KHAAZNCC","journalArticle","Modeling the Human Tibiofemoral Joint Using Ex Vivo Determined Compliance Matrices","10.1115/1.4033480","May 2016","Journal of Biomechanical Engineering"
"JA7MEXI6","journalArticle","Relative Contribution of Proprioceptive and Vestibular Sensory Systems to Locomotion: Opportunities for Discovery in the Age of Molecular Science.","10.3390/ijms22031467","2021","International Journal of Molecular Sciences"
"9UTCYN93","journalArticle","A Cockroach Inspired Robot With Artificial Muscles","10.1109/IROS.2006.282229","October 2006","2006 IEEE/RSJ International Conference on Intelligent Robots and Systems"
"TLJNPAI7","journalArticle","A New Approach to Modeling Hysteresis in a Pneumatic Artificial Muscle Using The Maxwell-Slip Model","10.1109/TMECH.2009.2038373","02/2011","IEEE/ASME Transactions on Mechatronics"
"ENPXICUA","journalArticle","Unsupervised Reservoir Computing for Solving Ordinary Differential Equations",,"2021-08-25","arXiv:2108.11417 [physics]"
"IKJ4TEP9","journalArticle","Musculoskeletal design, control, and application of human mimetic humanoid Kenshiro","10.1088/1748-3190/ab03fc","April 2019","Bioinspiration & Biomimetics"
"G955M6PE","journalArticle","On Computing the Points and Weights for Gauss--Legendre Quadrature","10.1137/S1064827500379690","01/2003","SIAM Journal on Scientific Computing"
"2AHKQG9A","journalArticle","A Novel Framework for a Systematic Integration of Pneumatic-Muscle-Actuator-Driven Joints into Robotic Systems Via a Torque Control Interface","10.3390/act7040082","2018/12","Actuators"
"63MH8V4H","bookSection","General Principles of Rhythmogenesis in Central Pattern Generator Networks","10.1016/B978-0-444-53613-6.00014-9","2010",
"2YFUE3N9","webpage","Object Discrimination With an Artificial Hand Using Electrical Stimulation of Peripheral Tactile and Proprioceptive Pathways With Intrafascicular Electrodes",,,
"EUNR3L3S","journalArticle","Flexural performance of 3D-printed OnyxΓÇôKevlar hybrid laminates: influence of fibre orientation and laminate thickness","10.1590/1517-7076-rmat-2026-0083","2026","Mat├⌐ria (Rio de Janeiro)"
"6TZGI66D","conferencePaper","A Simple Diversity Guided Particle Swarm Optimization","10.1109/CEC.2007.4424896","2007-09",
"LKX2ES65","journalArticle","End-to-End Safe Reinforcement Learning through Barrier Functions for Safety-Critical Continuous Control Tasks","10.1609/aaai.v33i01.33013387","2019-07-17","Proceedings of the AAAI Conference on Artificial Intelligence"
"24MVJSRZ","preprint","Neural PDE Solvers for Irregular Domains",,"2022-11-06",
"A4URRRK9","presentation","A Functional Subnetwork Approach to Coordinating Central Pattern Generators for Quadrupedal Locomotion",,"05/05/2023",
"T2LK3IM5","bookSection","The neuromechanical tuning hypothesis","10.1016/S0079-6123(06)65016-4","2007-01-01",
"LBUJILA5","journalArticle","How the three arches of the foot intercorrelate","10.5603/FM.a2017.0049","May 2017","Folia Morphologica"
"PE2LDGKT","journalArticle","Progressive damage for 3D printed composites with variable fiber volume content and ply location","10.1177/26349833241301803","02/2024","Composites and Advanced Materials"
"HRZYW3KT","blogPost","qbmove - VSA modular robotic actuator for educational robotics",,,
"BANB96QR","journalArticle","A Central Pattern Generator based Nonlinear Controller to Simulate Biped Locomotion with a Stable Human Gait Oscillation",,"2011","International Journal of Robotics and Automation"
"S4XR54RM","videoRecording","AirStickΓäó Microsuction Tape",,,
"WDCXHI6L","journalArticle","Binder jet 3D printingΓÇöProcess parameters, materials, properties, modeling, and challenges","10.1016/j.pmatsci.2020.100707","2021-06-01","Progress in Materials Science"
"U5AEKFQY","journalArticle","catsof ankle extensor muscle activity in walking",,"2015-01-01",
"Z8747G24","journalArticle","Solving inverse-PDE problems with physics-aware neural networks","10.1016/j.jcp.2021.110414","09/2021","Journal of Computational Physics"
"29RANPQV","journalArticle","Novel Locomotion via Biological Inspiration","10.1117/12.886413","2011-05-13","Proceedings of SPIE"
"XAXQB6MB","journalArticle","Biomechanical energetics of terrestrial locomotion California sea lion vs northern elephant seal","10.1093/icb/icab001","2021-03-01","Integrative and Comparative Biology"
"R2Q2L4TB","journalArticle","Thermal conductivity enhancement of PLA/TPU/BN composites by controlling BN distribution and annealing treatment","10.1080/14658011.2020.1729657","2020","Plastics, rubber & composites"
"X3W7K9L3","presentation","Learning to Estimate Stability Margins in Dynamical Systems",,"03/24/2021",
"W2UTA2QD","journalArticle","Crystal Structures and Properties of Nylon Polymers from Theory","10.1021/ja944125d","1996-01-01","Journal of the American Chemical Society"
"KIHPNJPQ","conferencePaper","Pseudo-proprioceptive motion feedback by electric stimulation","10.1109/MHS.2012.6492480","04/2012",
"YD6A8VWX","journalArticle","Motor control of an insect leg during level and incline walking","10.1242/jeb.188748","2019-04-03","Journal of Experimental Biology"
"244HN35M","bookSection","Kinesthetic Senses","10.1002/cphy.c170036","2018-07-01",
"L8MLKUKM","attachment","plcb-02-07-13 794..804 _ Enhanced Reader.pdf",,,
"TNQSVWA4","journalArticle","RAPID MANUFACTURING AND RAPID TOOLING WITH LAYER MANUFACTURING (LM) TECHNOLOGIES, STATE OF THE ART AND FUTURE PERSPECTIVES","https://doi.org/10.1016/S0007-8506(07)60206-6","2003","CIRP Annals"
"PGQDMMGY","journalArticle","Elementary motion detectors","10.1016/j.cub.2015.01.013","2015-03-16","Current Biology"
"KKD59AVC","journalArticle","A symmetry group based supervised learning method for solving partial differential equations","10.1016/j.cma.2023.116181","09/2023","Computer Methods in Applied Mechanics and Engineering"
"3FIW2UH7","journalArticle","SLAYER: Spike Layer Error Reassignment in Time",,"2018-09-05","arXiv:1810.08646 [cs, stat]"
"R627IKU8","journalArticle","Artificial neural networks in hardware: A survey of two decades of progress","10.1016/j.neucom.2010.03.021","December 1, 2010","Neurocomputing"
"D492UAPM","journalArticle","Optimal sensorimotor transformations for balance","10.1038/nn1986","2007-10","Nature Neuroscience"
"PNERR92Y","conferencePaper","Autonomous Spot: Long-Range Autonomous Exploration of Extreme Environments with Legged Locomotion","10.1109/IROS45743.2020.9341361","2020-10",
"A2AHE9IA","webpage","Applied Sciences | Free Full-Text | A Novel Type of Wall-Climbing Robot with a Gear Transmission System Arm and Adhere Mechanism Inspired by Cicada and Gecko | HTML",,,
"NSWCV3PZ","journalArticle","A connectionist central pattern generator for the aquatic and terrestrial gaits of a simulated salamander","10.1007/s004220000211","2001-4-12","Biological Cybernetics"
"YR8533YK","journalArticle","Physiologically based controller for generating overground locomotion using functional electrical stimulation.","10.1152/jn.01177.2006","2007-03-01","Journal of Neurophysiology"
"7YILTMQG","presentation","Real-time Flexible Strain Sensors as Arti∩¼ücial Muscle Afferents for Biomimetic Robotics",,"2026",
"SPM6IQ25","journalArticle","Flexor and Extensor Ankle Afferents Broadly Innervate Locomotor Spinal Shox2 Neurons and Induce Similar Effects in Neonatal Mice.","10.3389/fncel.2019.00452","2019-10-09","Frontiers in Cellular Neuroscience"
"TDE4ZH7L","journalArticle","A robotic device for understanding neuromechanical interactions during standing balance control.","10.1088/1748-3182/3/2/026002","June 2008","Bioinspiration & biomimetics"
"Y4RQ7KPU","book","Surface-Initiated Polymerization I",,"2006",
"6XMT37PB","preprint","How to Avoid Trivial Solutions in Physics-Informed Neural Networks",,"2021-12-10",
"NRHHZY5J","journalArticle","Locomotor Primitives in Newborn Babies and Their Development","10.1126/science.1210617","2011-11-18","Science"
"V6FW29J9","journalArticle","Investigation of the Internal Stress Relaxation in FDM 3D Printing : Annealing Conditions","10.14775/ksmpe.2018.17.4.130","2018-08-30","The Korean Society of Manufacturing Process Engineers"
"9PY3EFVG","journalArticle","Neuromuscular Model-Based Sensing And Control Paradigm For A Robotic Leg",,"2013-04-18",
"R2AAC3NS","journalArticle","Design of Low-Cost Modular Bio-Inspired ElectricΓÇôPneumatic Actuator (EPA)-Driven Legged Robots","10.3390/biomimetics9030164","2024/3","Biomimetics"
"MCDTZT87","journalArticle","General solutions for nonlinear differential equations: a rule-based self-learning approach using deep reinforcement learning","10.1007/s00466-019-01715-1","11/2019","Computational Mechanics"
"LG4DQVHM","attachment","PhysRevLett.120.024102.pdf",,,
"QC6JSTNA","journalArticle","A bioinspired hybrid robotic joint for safer physical humanΓÇôrobot interaction","10.1088/1748-3190/ae72db","2026-08-31","Bioinspiration & Biomimetics"
"BAERCQIX","journalArticle","Balancing of humanoid robot using contact force/moment control by task-oriented whole body control framework","10.1007/s10514-015-9509-1","2015/10/17","Autonomous Robots"
"WD3U8G3T","journalArticle","Modelling and Realization of Pneumatics based Wall Climbing Robot for Inspection Applications","10.21817/ijet/2016/v8i5/160805418","2016-10-31","International Journal of Engineering and Technology"
"V4CT4IPB","journalArticle","A feedback model explains the differential scaling of human postural responses to perturbation acceleration and velocity","10.1152/jn.90775.2008","2009-06","Journal of Neurophysiology"
"2SCC9MZI","journalArticle","Multistate network model for the pathfinding problem with a self-recovery property","10.1016/j.neunet.2014.08.008","02/2015","Neural Networks"
"HFLEC82Z","journalArticle","Keep RollinΓÇÖΓÇöWhole-Body Motion Control and Planning for Wheeled Quadrupedal Robots","10.1109/LRA.2019.2899750","2019-04","IEEE Robotics and Automation Letters"
"UXIPZ8TG","journalArticle","Stimulation Pattern That Maximizes Force in Paralyzed and Control Whole Thenar Muscles | Journal of Neurophysiology",,,
"3RHFE8KI","journalArticle","Current Principles of Motor Control, with Special Reference to Vertebrate Locomotion","10.1152/physrev.00015.2019","2020-01","Physiological Reviews"
"BHLKABX5","presentation","Design of a Canine Inspired Quadruped Robot as a Platform for Synthetic Neural Network Control",,"5/10/2019",
"JQHXG7YZ","journalArticle","Common Principles of Motor Control in Vertebrates and Invertebrates","10.1146/annurev.ne.16.030193.001405","1993-01-01","Annual Review of Neuroscience"
"RYCQ64WV","journalArticle","3D printing from MRI Data: Harnessing strengths and minimizing weaknesses","10.1002/jmri.25526","2017-03-01","Journal of Magnetic Resonance Imaging"
"7QC9B44M","journalArticle","Anthropomorphic musculoskeletal 10 degrees-of-freedom robot arm driven by pneumatic artificial muscles","10.1080/01691864.2018.1494040","August 3, 2018","Advanced Robotics"
"7KVIU7AG","journalArticle","Comparative study of the flexural properties of ABS, PLA and a PLAΓÇôwood composite manufactured through fused filament fabrication","10.1108/RPJ-01-2020-0022","2021-01-08","Rapid Prototyping Journal"
"HH6FBPNY","journalArticle","Worm-Like Soft Robot for Complicated Tubular Environments","10.1089/soro.2018.0088","2019-06","Soft Robotics"
"EKIZFLW8","journalArticle","Increasing opportunities for component reuse on printed circuit boards using deep learning","10.1007/s13762-024-06242-y","2025-05-01","International Journal of Environmental Science and Technology"
"4U2EL8GI","journalArticle","Dynamics and stability of legged locomotion in the horizontal plane: a test case using insects","10.1007/s00422-001-0300-3","2002-5-1","Biological Cybernetics"
"ZBW2XTCV","webpage","Use of 3D Printing by Museums: Educational Exhibits, Artifact Education, and Artifact Restoration | 3D Printing and Additive Manufacturing",,,
"CUUVJQFC","journalArticle","Thermoforming Characteristics of PLA/TPU Multi-Material Specimens Fabricated with Fused Deposition Modelling under Different Temperatures","10.3390/polym14204304","2022-10-13","Polymers"
"VDQ96GP3","journalArticle","One Rhodopsin per Photoreceptor: Iro-C Genes Break the Rule","10.1371/journal.pbio.0060115","Apr 29, 2008","PLOS Biology"
"36VYCHQW","journalArticle","Additive manufacturing in fighting against novel coronavirus COVID-19","10.1007/s00170-020-06077-0","10/2020","The International Journal of Advanced Manufacturing Technology"
"76XDTN7S","journalArticle","Decoding the organization of spinal circuits that control locomotion","10.1038/nrn.2016.9","2016-03-03","Nature Reviews Neuroscience"
"VDAW98CY","book","Structure of crystalline polymers",,"1979",
"FUZPNBI4","journalArticle","A dynamical systems analysis of afferent control in a neuromechanical model of locomotion: I. Rhythm generation","10.1088/1741-2560/8/6/065003","2011-10-01","Journal of Neural Engineering"
"IQJ3CPKF","journalArticle","Contribution of Sensory Feedback to the Generation of Extensor Activity During Walking in the Decerebrate Cat","10.1152/jn.1999.81.2.758","1999-02-01","Journal of Neurophysiology"
"DNRJF4TQ","journalArticle","Study of Thermal Properties of Mixed (PP/EPR)/ABS with Five Model Compatibilizers","10.1155/2016/8539694","2016","Journal of Engineering"
"UBRCDS5F","conferencePaper","Safe learning of regions of attraction for uncertain, nonlinear systems with Gaussian processes","10.1109/CDC.2016.7798979","12/2016",
"NLTJEVGV","webpage","Design and Fabrication of Gecko-Inspired Adhesives | Langmuir",,,
"RAB4GHVX","thesis","Kinetics and Kinematics of the Human Knee Joint under Standard and Non-Standard Squat Movement",,"2013",
"JWVJHKT9","journalArticle","The Effect of DOPA on the Spinal Cord 6. HalfΓÇÉcentre organization of interneurones transmitting effects from the flexor reflex afferents","10.1111/j.1748-1716.1967.tb03637.x","1967-07-01","Acta Physiologica Scandinavica"
"57SYE99Y","journalArticle","Applied Optimal Control for Dynamically Stable Legged Locomotion",,,
"5RF9X88W","journalArticle","Ankle function during gait in patients with chronic ankle instability compared to controls","10.1016/j.clinbiomech.2005.09.004","2/2006","Clinical Biomechanics"
"7QRVPJ4J","journalArticle","A biologically based neural system coordinates the joints and legs of a tetrapod","10.1088/1748-3190/10/5/055004","2015","Bioinspiration & Biomimetics"
"GCLWV2QE","journalArticle","Sensory Modulation of Locomotor-Like Membrane Oscillations in Hb9-Expressing Interneurons","10.1152/jn.00996.2009","2010-06-01","Journal of Neurophysiology"
"ERQMF4UN","attachment","Hunt-ASME_Final.pdf",,,
"ZD56IMT7","journalArticle","Major role for sensory feedback in soleus EMG activity in the stance phase of walking in man.","10.1111/j.1469-7793.2000.00817.x","2000-03-01","The Journal of Physiology"
"4RQA7N3S","bookSection","Pulse Modulation in Braided Pneumatic Actuators Mimics Contractile Behavior of Biological Muscles","10.1007/978-3-031-72597-5_16","2025",
"D3QQYDEC","journalArticle","A Distributional Perspective on Reinforcement Learning",,,
"3KVK3EBA","journalArticle","Thermal postΓÇÉprocessing effects on the polycarbonate acrylonitrile butadiene styrene composites manufactured by fused filament fabrication","10.1002/pen.26274","04/2023","Polymer Engineering & Science"
"SWTUL7VT","journalArticle","Signals From Load Sensors Underlie Interjoint Coordination During Stepping Movements of the Stick Insect Leg","10.1152/jn.01271.2003","07/2004","Journal of Neurophysiology"
"WX9XFMA4","journalArticle","Biomechanics of knee joint ΓÇö A review","10.1007/s11465-014-0306-x","July 2015","Frontiers of Mechanical Engineering"
"6P4VRPQP","conferencePaper","Lyapunov-based versus Poincar&#x00E9; map analysis of the rimless wheel","10.1109/CDC.2014.7039614","12/2014",
"UEPGQTSZ","journalArticle","The mechanical testing and performance analysis of polymer-fibre composites prepared through the additive manufacturing","https://doi.org/10.1016/j.polymertesting.2020.106925","2021","Polymer Testing"
"9QST32E3","conferencePaper","Development of a Bio-inspired Knee Joint Mechanism for a Bipedal Robot","10.1007/978-3-319-63537-8_35","2017/07/26",
"9FT9K7A2","journalArticle","Controlling swimming and crawling in a fish robot using a central pattern generator","10.1007/s10514-007-9071-6","8/2008","Autonomous Robots"
"L2CQ932T","journalArticle","Which model to use for cortical spiking neurons?","10.1109/TNN.2004.832719","September 2004","IEEE transactions on neural networks / a publication of the IEEE Neural Networks Council"
"X833I5E6","journalArticle","Biologically based distributed control and local reflexes improve rough terrain locomotion in a hexapod robot","10.1016/0921-8890(96)00003-6","1996-07-01","Robotics and Autonomous Systems"
"294C8B6I","journalArticle","Activity of bifunctional motoneurons during fictive locomotion: a computational modeling study",,"2010-01-01",
"2AL8SKEY","journalArticle","Central Pattern Generator for Locomotion: Anatomical, Physiological, and Pathophysiological Considerations","10.3389/fneur.2012.00183","2013-02-08","Frontiers in Neurology"
"TVQKRX4Y","journalArticle","The mammalian spinal commissural system: properties and functions.","10.1152/jn.00347.2019","2020-01-01","Journal of Neurophysiology"
"YFGAPDFF","journalArticle","A Comparison of Absolute & Relative Neural Encoding Schemes in Addition & Subtraction Functional Subnetworks",,"07/11/2023","Biomimetic and Biohybrid Systems"
"TQIV2N3H","journalArticle","Spinal Interneurons: Diversity and Connectivity in Motor Control","10.1146/annurev-neuro-083122-025325","2023-07-10",
"MP4ZXD2C","webpage","Development of sustainable 3D printing filaments using recycled/virgin ABS blends: Processing and characterization - Mishra - 2023 - Polymer Engineering & Science - Wiley Online Library",,,
"CQEBYSPV","journalArticle","animating rotation with quaternion curves.pdf",,"1985","ACM SIGGRAPH"
"ENAAR95Z","conferencePaper","Implementation of an adaptive, model free, learning controller on the Atlas robot","10.1109/ACC.2014.6859431","2014-06",
"2NLBYXL9","journalArticle","The variation in the orientations and moment arms of the knee extensor and flexor muscle tendons with increasing muscle force: A mathematical analysis","10.1243/0954411001535778","2000-03-01","Proceedings of the Institution of Mechanical Engineers, Part H: Journal of Engineering in Medicine"
"W3R49D73","journalArticle","Cutaneous inputs from perineal region facilitates and modulates spinal locomotor activity and reduces cutaneous reflexes from the foot in spinal cats","10.1101/2020.07.29.226530","2020-07-30","bioRxiv"
"4UBYAVFF","journalArticle","Experimental Verification of Kinematics and Kinetics in a Biomimetic Bipedal Robot","10.1115/1.4054441","2022-06-06","Journal of Mechanisms and Robotics"
"PJG4UKEP","journalArticle","Deep Reinforcement Learning",,"2018-10-15","arXiv:1810.06339 [cs, stat]"
"UL9TCRB6","journalArticle","Formal Synthesis of Lyapunov Neural Networks","10.1109/LCSYS.2020.3005328","7/2021","IEEE Control Systems Letters"
"5Q5MCZWP","journalArticle","Salamandra Robotica II: An amphibious robot to study salamander-like swimming and walking gaits","10.1109/TRO.2012.2234311","2013","IEEE Transactions on Robotics"
"ALRMD9WA","journalArticle","Reynolds averaged turbulence modelling using deep neural networks with embedded invariance","10.1017/jfm.2016.615","2016/11","Journal of Fluid Mechanics"
"RRC9FCX6","journalArticle","A reconsideration of the central pattern generator concept for locust flight","10.1007/BF00609460","1987","Journal of Comparative Physiology A"
"XRAAY2DS","webpage","keremberke/pcb-defect-segmentation ┬╖ Datasets at Hugging Face",,"2023-02-22",
"GSH4HPZR","conferencePaper","MEMS based IMU for tilting measurement: Comparison of complementary and kalman filter based data fusion","10.1109/ICIEA.2015.7334442","6/2015",
"7GSAJM69","presentation","Design of a Canine Inspired Quadruped Robot as a Platform for Synthetic Neural Network Control",,"05/07/2019",
"6WDEDDV3","journalArticle","Evidence in Support of the Independent Channel Model Describing the Sensorimotor Control of Human Stance Using a Humanoid Robot",,"2018","Frontiers in Computational Neuroscience"
"TXILFHQJ","journalArticle","Large-format additive manufacturing of polymers: a review of fabrication processes, materials, and design","10.1080/17452759.2024.2336160","2024-12-31","Virtual and Physical Prototyping"
"KCU258VQ","journalArticle","Automated neuron model optimization techniques: a review","10.1007/s00422-008-0257-6","11/2008","Biological Cybernetics"
"RRQA4VYH","journalArticle","The design and mathematical modelling of novel extensor bending pneumatic artificial muscles (EBPAMs) for soft exoskeletons","10.1016/j.robot.2017.10.010","01/2018","Robotics and Autonomous Systems"
"3446JADN","journalArticle","The force resulting from the action of mono- and biarticular muscles in a limb","10.1016/S0021-9290(01)00056-2","2001-08-01","Journal of Biomechanics"
"WU8CHPJV","journalArticle","On the definition of central pattern generator and its sensory control","10.1007/BF00337116","05/1986","Biological Cybernetics"
"8GDNWRVW","journalArticle","Corona Detection and Power Equipment Classification Based on GoogleNet-AlexNet: An Accurate and Intelligent Defect Detection Model Based on Deep Learning for Power Distribution Lines","10.1109/TPWRD.2021.3116489","2022-08","IEEE Transactions on Power Delivery"
"G6SNWK8N","document","Bio-Plausible Digital Implementation of a reward modulated STDP synapse",,,
"A7ZXCJHA","journalArticle","Solving Partial DiΓå╡erential Equations Using Arti∩¼ücial Neural Networks",,"2013",
"I3LTNHZL","journalArticle","Isometric Torque Values About Robotic Knee Using Braided Pneumatic Actuators",,"2025",
"YDPKC4NA","conferencePaper","Supersizing self-supervision: Learning to grasp from 50K tries and 700 robot hours","10.1109/ICRA.2016.7487517","May 2016",
"VK3V88ZU","conferencePaper","MuJoCo: A physics engine for model-based control","10.1109/IROS.2012.6386109","2012-10",
"ERSNLM6W","journalArticle","The influence of porosity, crystallinity and interlayer adhesion on the tensile strength of 3D printed polylactic acid (PLA)","10.1108/RPJ-08-2020-0205","2021-08-03","Rapid Prototyping Journal"
"LU7H5KXP","journalArticle","Control of ankle extensor muscle activity in walking cats","10.1152/jn.00944.2011","2012-11-15","Journal of Neurophysiology"
"83PE4KEE","journalArticle","Fixed-wing MAV attitude stability in atmospheric turbulenceΓÇöPart 2: Investigating biologically-inspired sensors","10.1016/j.paerosci.2014.06.002","November 1, 2014","Progress in Aerospace Sciences"
"3WCQY2KY","journalArticle","Learning To Estimate Regions Of Attraction Of Autonomous Dynamical Systems Using Physics-Informed Neural Networks",,"2021-11-18","arXiv:2111.09930 [cs]"
"INEC8ZQU","journalArticle","Biorobotic approaches to the study of motor systems","10.1016/s0959-4388(98)80121-9","1998-12-01","Current Opinion in Neurobiology"
"FJ2DZM32","journalArticle","A theory crack healing in polymers","10.1063/1.328526","10/1981","Journal of Applied Physics"
"T28TL9IH","journalArticle","An investigation into 3D printing of fibre reinforced thermoplastic composites","10.1016/j.addma.2018.04.039","08/2018","Additive Manufacturing"
"T8JLLLU2","journalArticle","On neuromechanical approaches for the study of biological and robotic grasp and manipulation","10.1186/s12984-017-0305-3","12/2017","Journal of NeuroEngineering and Rehabilitation"
"3CMMZR3Q","journalArticle","Fabric Pneumatic Artificial Muscle-Based Head-Neck Exosuit: Design, Modeling, and Evaluation",,,
"M4G2QF2D","journalArticle","Dynamically Stable Legged Locomotion",,,
"ZNPXUN5W","journalArticle","Anatomy and Physiology of Knee Stability","10.3390/jfmk2040034","September 2017","Journal of Functional Morphology and Kinesiology"
"ZD79BMKA","webpage","3D Slicer",,,
"DVB6ZDVV","journalArticle","Biodegradable, Sustainable Hydrogel Actuators with Shape and Stiffness Morphing Capabilities via Embedded 3D Printing","10.1002/adfm.202303659","09/2023","Advanced Functional Materials"
"MHP946ZJ","journalArticle","3D printing of soft robotic systems","10.1038/s41578-018-0002-2","2018-06","Nature Reviews Materials"
"L2SJR55M","journalArticle","Spiking neural networks, an introduction",,,
"PXQWVVWZ","journalArticle","Evaluation of Q angle in differents static postures","10.1590/1413-78522014220600451","2014","Acta Ortop Bras"
"I4GMN75S","thesis","Safe Reinforcement Learning","10.7275/7529913.0",,
"N2G8P5GP","journalArticle","A neuromechanical model exploring the role of the common inhibitor motor neuron in insect locomotion.","10.1007/s00422-019-00811-y","2020-02-01","Biological Cybernetics"
"MGHZSZ62","journalArticle","Deep Learning in Spiking Neural Networks","10.1016/j.neunet.2018.12.002","03/2019","Neural Networks"
"CTPG9WA9","journalArticle","Neural activity in the central complex of the cockroach brain is linked to turning behaviors","10.1242/jeb.080473","2013-03-15","Journal of Experimental Biology"
"8DHAF6LN","book","Carbon Fiber",,,
"NCGBHPYH","journalArticle","Overview and critical survey of polyamide6 structural habits: Misconceptions and controversies","10.1002/pol.20200454","11/2020","Journal of Polymer Science"
"NCGMHK6T","journalArticle","Instantaneous centre of rotation in human motion: measurement and computational issues","10.1088/1742-6596/772/1/012027","2016","Journal of Physics"
"XDJSTRBP","journalArticle","Neural networks that co-ordinate locomotion and body orientation in lamprey","10.1016/0166-2236(95)80008-p","1995-01-01","Trends in Neurosciences"
"DTAEXW5V","journalArticle","The role of proprioceptive feedback in the regulation and adaptation of locomotor activity.","10.1007/978-1-4615-0713-0_40","2002-01-01","Advances in Experimental Medicine and Biology"
"S8HD3BZD","conferencePaper","A biologically inspired robot for lunar In-Situ Resource Utilization","10.1109/IROS.2009.5354202","October 2009",
"M8ZGUUAW","preprint","Learning To Estimate Regions Of Attraction Of Autonomous Dynamical Systems Using Physics-Informed Neural Networks",,"2021-11-18",
"FQXTFN94","book","Structural biomaterials",,"1982",
"EFI559B5","journalArticle","V1 and V2b Interneurons Secure the Alternating Flexor-Extensor Motor Activity Mice Require for Limbed Locomotion","10.1016/j.neuron.2014.02.013","2014-04-02","Neuron"
"LGPI8TMU","journalArticle","The stiffness tensor for composites with curved discontinuous fibers","10.1016/j.compositesa.2014.05.018","2015-05-01","Composites Part A: Applied Science and Manufacturing"
"X7XNX2HJ","journalArticle","What functions do reflexes serve during human locomotion","10.1016/s0301-0082(98)00081-1","1999-06-01","Progress in Neurobiology"
"UGZU8T5Q","journalArticle","3D printed elastomers with superior stretchability and mechanical integrity by parametric optimization of extrusion process using Taguchi Method","10.1088/2053-1591/ada1a6","2025-01-01","Materials Research Express"
"YYNEMM47","journalArticle","The Effect of DOPA on the Spinal Cord 5. Reciprocal organization of pathways transmitting excitatory action to alpha motoneurones of flexors and extensors","10.1111/j.1748-1716.1967.tb03636.x","1967-07-01","Acta Physiologica Scandinavica"
"WREDTJZY","journalArticle","Sensorimotor control of gait: a novel approach for the study of the interplay of visual and proprioceptive feedback","10.3389/fnhum.2015.00014","2015-02-09","Frontiers in Human Neuroscience"
"HFGC2XH3","journalArticle","Evaluation of thermal and mechanical behavior of some anionic polyesteramide copolymers","10.1007/s10965-013-0308-0","11/2013","Journal of Polymer Research"
"YMZW2QPF","journalArticle","An algorithm for modifying neurotransmitter release probability based on pre- and postsynaptic spike timing","10.1162/089976601300014628","2001-01","Neural Computation"
"Y3NMGBMA","journalArticle","Force and motion management in legged locomotion","10.1109/JRA.1986.1087060","12/1986","IEEE Journal on Robotics and Automation"
"4339QKKV","journalArticle","Reservoir Transfer on Analog Neuromorphic Hardware",,,
"PD56SP3I","conferencePaper","3D printing of variable stiffness hyper-redundant robotic arm","10.1109/ICRA.2016.7487575","2016-05",
"3H2R8WTL","attachment","S0021999121003090.htm",,,
"J49V6D37","document","An Investigation on Spiking Neural Networks Based on the Neuronal Izhikevich Neuronal Model",,,
"E8A72TA8","conferencePaper","A biologically inspired robot for lunar In-Situ Resource Utilization","10.1109/IROS.2009.5354202","10-15 Oct. 2009",
"Z48XZ28R","attachment","5179-learning-trajectory-preferences-for-manipulators-via-iterative-improvement.pdf",,,
"9MV95ZX4","journalArticle","Aliphatic polyamides (nylons): Interplay between hydrogen bonds and crystalline structures, polymorphic transitions and crystallization","10.1002/pcr2.10199","08/2021","POLYMER CRYSTALLIZATION"
"KU6IMVY2","journalArticle","Multiple modes of electrical activities in a new neuron model under electromagnetic radiation","10.1016/j.neucom.2016.05.004","09/2016","Neurocomputing"
"5X2RBEQ4","book","Materials for biomedical engineering: thermoset and thermoplastic polymers",,"2019",
"4QA8TVZM","journalArticle","Influence of Brain Stem on Axial and Hindlimb Spinal Locomotor Rhythm Generating Circuits of the Neonatal Mouse.","10.3389/fnins.2018.00053","2018-02-09","Frontiers in Neuroscience"
"ZWE4FJGE","conferencePaper","Central pattern generator and its learning via simultaneous perturbation method","10.1109/IJCNN.2012.6252803","06/2012",
"2L6JRW7W","journalArticle","Enhancing the interlayer tensile strength of 3D printed short carbon fiber reinforced PETG and PLA composites via annealing","https://doi.org/10.1016/j.addma.2019.100922","2019","Additive Manufacturing"
"LYID5QBH","conferencePaper","Development of a Bio-inspired Knee Joint Mechanism for a Bipedal Robot","10.1007/978-3-319-63537-8_35","2017/07/26",
"YB3UHSM3","journalArticle","Load-regulating mechanisms in gait and posture: comparative aspects.","10.1152/physrev.2000.80.1.83","2000-01-01","Physiological Reviews"
"6U6KFZ3U","journalArticle","Biomimetic Design of Musculoskeletal Humanoid Knee Joint with Patella and Screw-Home Mechanism","10.1109/ROBIO.2011.6181553","7-11 Dec. 2011","Robotics and Biomimetics (ROBIO), 2011 IEEE International Conference on Robotics and Biomimetics"
"CYWB935K","journalArticle","Weld formation during material extrusion additive manufacturing","10.1039/C7SM00950J","2017","Soft Matter"
"7QRJD27N","journalArticle","A Functional Subnetwork Approach to Designing Synthetic Nervous Systems That Control Legged Robot Locomotion","10.3389/fnbot.2017.00037","2017","Frontiers in Neurorobotics"
"R8N8HLD6","journalArticle","The crystal structure of polycaproamide: Nylon 6","10.1002/pol.1955.120178401","06/1955","Journal of Polymer Science"
"K5UDNXTE","journalArticle","Tonic Central and Sensory Stimuli Facilitate Involuntary Air-Stepping in Humans","10.1152/jn.90895.2008","2009-04-01","Journal of Neurophysiology"
"NBMPZ98L","book","Telemetry Channel Coding",,"1999",
"P7KJ5CIK","journalArticle","Mechanical characterization of 3D-printed polymers","10.1016/j.addma.2017.12.002","03/2018","Additive Manufacturing"
"KQGC4FUK","journalArticle","Work analysis of compliant leg mechanisms for bipedal walking robots","10.5772/56926","2013","International Journal of Advanced Robotics Systems"
"9VS8WQU3","journalArticle","Segmental organization of vestibulospinal inputs to spinal interneurons mediating crossed activation of thoracolumbar motoneurons in the neonatal mouse.","10.1523/jneurosci.5188-14.2015","2015-05-27","The Journal of Neuroscience"
"PRH7NTIG","journalArticle","Interfacial Stereocomplexation To Strengthen Fused Deposition Modeled Poly(lactide) Welds","10.1021/acsapm.9b00421","2019-08-09","ACS Applied Polymer Materials"
"V5TFLQBV","journalArticle","Descending and Local Network Interactions Control Adaptive Locomotion",,"2014-12-04",
"YKVBPLHA","journalArticle","Initiation of locomotion in mammals.","10.1111/j.1749-6632.1998.tb09040.x","1998-11-01","Annals of the New York Academy of Sciences"
"HK6VAUKM","journalArticle","Dactyls and inward gripping stance for amphibious crab-like robots on sand","10.1088/1748-3190/abdd94","2021-03","Bioinspiration &amp$\mathsemicolon$ Biomimetics"
"7HXZWUVH","journalArticle","A mechanism for sensory re-weighting in postural control","10.1007/s11517-009-0477-5","2009/03/27","Medical & Biological Engineering & Computing"
"DZYEQPPP","journalArticle","The importance of carbon fiber to polymer additive manufacturing","10.1557/jmr.2014.212","2014-09-14","Journal of Materials Research"
"QJD8K5YQ","journalArticle","Kinematic gait synthesis for snake robots","10.1177/0278364915593793","2016-01-01","The International Journal of Robotics Research"
"359QZ848","journalArticle","Experimental Study of Reinforcement Learning in Mobile Robots Through Spiking Architecture of Thalamo-Cortico-Thalamic Circuitry of Mammalian Brain","10.1017/S0263574719001632","09/2020","Robotica"
"VEU554WZ","conferencePaper","Biologically-Inspired Hexapod Robot Project: Robot II",,"1995",
"PJT6GPBK","journalArticle","Neural Lyapunov Model Predictive Control: Learning Safe Global Controllers from Sub-optimal Examples",,"2021-06-03","arXiv:2002.10451 [cs, eess]"
"YKWJLUHP","journalArticle","Emergent synchrony in locally coupled neural oscillators","10.1109/72.392256","7/1995","IEEE Transactions on Neural Networks"
"KA5H99DU","journalArticle","Robotic investigation on effect of stretch reflex and crossed inhibitory response on bipedal hopping","10.1098/rsif.2018.0024","MAR 2018","Journal of the Royal Society Interface"
"F88CKBA8","journalArticle","Autonomous gait transition and galloping over unperceived obstacles of a quadruped robot with CPG modulated by vestibular feedback","10.1016/j.robot.2018.10.002","01/2019","Robotics and Autonomous Systems"
"2V6BH6EL","journalArticle","3D printing of glass fiber reinforced acrylonitrile butadiene styrene and investigation of tensile, flexural, warpage and roughness properties","10.1002/pc.26937","09/2022","Polymer Composites"
"WNTBWC33","journalArticle","Multisensory Feedback Can Enhance Embodiment Within an Enriched Virtual Walking Scenario","10.1162/PRES_a_00190","2014-10-01","Presence: Teleoperators and Virtual Environments"
"753KL7RM","journalArticle","Nonlinear Modulation of Cutaneous Reflexes with Increasing Speed of Locomotion in Spinal Cats","10.1523/JNEUROSCI.3042-16.2017","2017-03-14","The Journal of Neuroscience"
"7TLC7VSP","journalArticle","Biologically based distributed control and local reflexes improve rough terrain locomotion in a hexapod robot","10.1016/0921-8890(96)00003-6","1996-07-01","Robotics and Autonomous Systems"
"FEP9IALK","journalArticle","Microstructure and mechanical properties of filament and fused deposition modelling printed polylactic-acid and carbon-fiber reinforced polylactic-acid","10.1177/07316844231167551","2023-03-30","Journal of Reinforced Plastics and Composites"
"GDSBPQRR","webpage","From standing balance to walking: A single control structure for a continuum of gaits - Hamed Razavi, Salman Faraji, Auke Ijspeert,",,,
"AE6NU9GY","journalArticle","Contact pressures in the human hip joint measured in vivo",,"May 1986","Proceedings of the National Academy of Sciences"
"TTFXWDLP","conferencePaper","Pressure and Force Dynamics in Artificial Muscle Actuators: A State-Space and Optimization-Based Approach","10.1007/978-3-032-07448-5_49","2025",
"52ZTNZ7Y","journalArticle","Additive manufacturing of carbon fiber reinforced thermoplastic composites using fused deposition modeling","10.1016/j.compositesb.2015.06.013","10/2015","Composites Part B: Engineering"
"WYIHNUCT","journalArticle","Optimization of Annealing effect of 3D printed PLA samples for Rehabilitation Using FDM based 3D Printing","10.21288/resko.2020.14.1.50","2020","Journal of Rehabilitation Welfare Engineering & Assistive Technology"
"35PPYDB9","journalArticle","Study of the Mechanical Properties of 3D-printed Onyx Parts: Investigation on Printing Parameters and Effect of Humidity","10.1016/j.cjmeam.2023.100075","06/2023","Chinese Journal of Mechanical Engineering: Additive Manufacturing Frontiers"
"HVRX633D","journalArticle","Development of a Bio-inspired Knee Joint Mechanism for a Bipedal Robot",,,"Living Machines 2017"
"75MBHB7Y","attachment","x1og_fVFQT6Oqv3guD_bCA.pdf",,,
"DM5F38IE","journalArticle","Sophisticated spinal contributions to motor control","10.1016/S0166-2236(03)00073-0","5/2003","Trends in Neurosciences"
"CRJ2EIM3","journalArticle","Studies on crystalline forms of Nylon 6. III. Crystallization from the glassy state","10.1080/00222347508219421","1975","Journal of Macromolecular Science, Part B"
"QHMBCXKN","journalArticle","The brain has a body: adaptive behavior emerges from interactions of nervous system, body and environment","10.1016/S0166-2236(97)01149-1","December 1, 1997","Trends in Neurosciences"
"ZN3KKW8R","journalArticle","Math Modeling of Interlimb Coordination in Cat Locomotion",,"2020-01-01",
"CM5TNZMV","journalArticle","Three-dimensional inverse dynamics of the forelimb of Beagles at a walk and trot","10.2460/ajvr.78.7.804","June 26, 2017","American Journal of Veterinary Research"
"9KCPFMXA","journalArticle","Emergence of FRESH 3D printing as a platform for advanced tissue biofabrication","10.1063/5.0032777","2021-03-01","APL Bioengineering"
"VPTKMLDB","journalArticle","Biomechanics of fast-start swimming in fish","10.1016/S1095-6433(01)00461-5","12/2001","Comparative Biochemistry and Physiology Part A: Molecular & Integrative Physiology"
"5QDHQ64W","journalArticle","Analyzing Moment Arm Profiles in a Full-Muscle Rat Hindlimb Model","10.3390/biomimetics4010010","2019-01-25","Biomimetics"
"DAAGGSM6","journalArticle","The costs of fatal and non-fatal falls among older adults","10.1136/ip.2005.011015","2006/10/01","Injury Prevention"
"BK55DCM3","journalArticle","Controlling swimming and crawling in a fish robot using a central pattern generator","10.1007/s10514-007-9071-6","8/2008","Autonomous Robots"
"RRQGVSZV","webpage","Controlling Underwater Robots with Electronic Nervous Systems","10.1080/11762320903244843","2010",
"BD64GDM5","journalArticle","The Role of Vision and Spatial Orientation in the Maintenance of Posture",,"1997/06/01","Physical Therapy"
"HEYTBVSF","journalArticle","A Tensegrity Joint for LowΓÇÉInertia, Compact, and Compliant Soft Manipulators","10.1002/aisy.202300079","2024/02/01","Advanced Intelligent Systems"
"FY96LZLK","book","Pelvis and Hip - CT scan",,,
"G8J9IJX3","journalArticle","Numerical multiscale analysis of 3D printed short fiber composites parts: Filament anisotropy and toolpath effects","10.1002/eng2.12799","2024","Engineering Reports"
"4YJLUPMY","journalArticle","Insect-inspired AI for autonomous robots","10.1126/scirobotics.abl6334","2022-06-15","Science Robotics"
"96VFGCRV","book",,,"1998",
"BHSY4423","journalArticle","Annealing-induced crystalline structure and mechanical property changes of polypropylene random copolymer","10.1557/jmr.2013.332","2013/11","Journal of Materials Research"
"T3422LAW","conferencePaper","Safe adjustment regions for legged locomotion paths","10.1109/ICHR.2010.5686829","12/2010",
"ZEB6IMUZ","journalArticle","Fast production of customized three-dimensional-printed hand splints","10.1108/RPJ-01-2019-0009","2020-01-06","Rapid Prototyping Journal"
"59M8A7BF","journalArticle","Control Policies for a Large Region of Attraction for Dynamically Balancing Legged Robots: A Sampling-Based Approach","10.1017/S0263574720000211","01/2021","Robotica"
"XQINMZYQ","journalArticle","Design Synthesis of a 4D-Printed Self-Tying Knot With Programmable Morphology","10.1115/1.4063970","2024-06-01","Journal of Mechanical Design"
"5L4CNPWS","attachment","S0021999123000074.htm",,,
"UKPNJ8RI","journalArticle","In vivo patellar kinematics during total knee arthroplasty","10.3109/10929080802594563","January 2008","Computer Aided Surgery"
"DCBIXV7N","journalArticle","EC-YOLO: Improved YOLOv7 Model for PCB Electronic Component Detection","10.3390/s24134363","2024-7-05","Sensors (Basel, Switzerland)"
"QP7JKDVB","document","Neural Oscillators are Universal",,,
"KCC2QRCW","bookSection","A Neuromechanical Model of Spinal Control of Locomotion","10.1007/978-1-4939-3267-2_2","2016",
"6V789P2Z","document","ISO 178: Plastics - Determination of flexural properties",,,
"TBZ3RSLF","conferencePaper","Visual Guidance Of A Mobile Robot Equipped With A Network Of Self-Motion Sensors","10.1117/12.969868","1990/03/01",
"Q4YHAPEF","book","Sarrafian's Anatomy of the Foot and Ankle: Descriptive, Topographic, Functional",,"2011",
"46Y87E2J","conferencePaper","BoxyBot: a swimming and crawling fish robot controlled by a central pattern generator","10.1109/BIOROB.2006.1639162","2006",
"JHGPUC6X","thesis","Spike Timing Depended Plasticity Produces Unsupervised Learning of Synergistic Muscle Feedback in a Synthetical Neural Network","10.15760/etd.4072","2025-12-08",
"PBI5YMYZ","journalArticle","The particle swarm optimization algorithm: convergence analysis and parameter selection","10.1016/S0020-0190(02)00447-7","2003-03-31","Information Processing Letters"
"UMYCYVBX","journalArticle","Experimental Investigation of Additive Manufacturing of Continuous Carbon Fiber Composites with Multifunctional Electro-Tensile Properties","10.3390/ma14216574","2021-11-01","Materials"
"56Q67V6T","journalArticle","Challenging human locomotion: stability and modular organisation in unsteady conditions","10.1038/s41598-018-21018-4","2018-02-09","Scientific Reports"
"WYBBXJH9","journalArticle","Histological and electrophysiological investigations on the vibration-sensitive receptors (Herbst corpuscles) in the wing of the pigeon (<Emphasis Type=""Italic"">Columba livia</Emphasis>)","10.1007/BF00240016","1990/03/01","Journal of Comparative Physiology A"
"F39TXRTU","journalArticle","Investigation of mechanical anisotropy of the fused filament fabrication process via customized tool path generation","https://doi.org/10.1016/j.addma.2017.06.003","2017","Additive Manufacturing"
"B8IIR2CU","journalArticle","Microstimulation of the medullary reticular formation during fictive locomotion.","10.1152/jn.1994.71.1.229","1994-01-01","Journal of Neurophysiology"
"9F8AFG4T","journalArticle","Mechanisms of Left-Right Coordination in Mammalian Locomotor Pattern Generation Circuits: A Mathematical Modeling View",,"2015-05-01",
"TKDPKVYG","journalArticle","State-dependent rhythmogenesis and frequency control in a half-center locomotor CPG","10.1152/jn.00550.2017","2018-01-01","Journal of Neurophysiology"
"EPQERFGT","conferencePaper","A Functional Subnetwork Approach to Coordinating Central Pattern Generators for Quadrupedal Locomotion",,"05/05/2023",
"TU9LHG5M","journalArticle","Bioinspired multimodal robotics",,"2026","Science RoboticS"
"9ZC22GED","journalArticle","Activity of vestibulospinal neurons during locomotion.","10.1016/0006-8993(72)90007-8","1972-11-13","Brain Research"
"3AKZ6794","journalArticle","Design Principles for Energy-Efficient Legged Locomotion and Implementation on the MIT Cheetah Robot",,"2015-06","Prof. Lang via Phoebe Ayers"
"7N25LCWZ","presentation","Sensory Afferent Database: Advancing towards a comprehensive understanding of sensory afferents and motor control",,"2023, November 15-16",
"694YPFDU","journalArticle","Multifrequency Hebbian plasticity in coupled neural oscillators","10.1007/s00422-020-00854-6","02/2021","Biological Cybernetics"
"GNFK49JJ","webpage","IJERPH | Free Full-Text | Review of the Upright Balance Assessment Based on the Force Plate",,,
"MULAHM2N","conferencePaper","Spiking Neural Algorithms for Markov Process Random Walk","10.1109/IJCNN.2018.8489628","7/2018",
"A7VFD2TL","conferencePaper","Modeling length effects of braided pneumatic actuators","10.1115/detc2017-67458","Aug 6 2017",
"NZ4WMJFH","journalArticle","Annealing of Fused Filament Fabricated Nylon 6 with Elevated Isostatic Pressure",,,
"ZINHUU7M","journalArticle","Annealing effect on mechanical properties of 3D printed composites","10.1016/j.prostr.2022.02.004","2022","Procedia Structural Integrity"
"UY2H52RX","journalArticle","Research on the mechanical properties prediction of carbon/epoxy composite laminates with different void contents","10.1002/pc.23149","2016","Polymer Composites"
"TRQ6UMYH","journalArticle","An Overview of Soft Robotics","10.1146/annurev-control-062322-100607","2023-05-03","Annual Review of Control, Robotics, and Autonomous Systems"
"Z4TF8CPT","conferencePaper","Provable Advantages for Graph Algorithms in Spiking Neural Networks","10.1145/3409964.3461813","2021-07-06",
"T4FX7L4M","journalArticle","Adaptation after vastus lateralis denervation in rats demonstrates neural regulation of joint stresses and strains","10.7554/eLife.38215","September 3, 2018","eLife"
"QXQKFR8R","book","Thermoforming: Processing and Technology","10.1002/9781119555889","2025-07-07",
"F98ZPVYZ","journalArticle","Improving mechanical properties of continuous fiber-reinforced thermoplastic composites produced by FDM 3D printer","10.1177/0731684418807300","02/2019","Journal of Reinforced Plastics and Composites"
"Z4CZM9QU","journalArticle","Artificial Neural Networks for Solving Ordinary and Partial Differential Equations","10.1109/72.712178","Sept./1998","IEEE Transactions on Neural Networks"
"Q2B2INDC","attachment","Development_of_sustainable_3D.PDF",,,
"W4HD7SD5","journalArticle","Inspiration for wing design: how forelimb specialization enables active flight in modern vertebrates","10.1098/rsif.2017.0240","2017/06/01","Journal of The Royal Society Interface"
"PYDQZSSE","presentation","Characterization of Chopped Carbon Fiber Reinforced Composites Produced Using Fused Deposition Modeling",,"2024",
"Y8K84VNE","webpage","(PDF) An Overview on Materials and Techniques in 3D Bioprinting Toward Biomedical Application",,,
"2EQ9BDXJ","journalArticle","Metal FDM, a new extrusion-based additive manufacturing technology for manufacturing of metallic parts: a review","10.1007/s40964-021-00250-x","08/2022","Progress in Additive Manufacturing"
"JBMJZXS2","journalArticle","An investigation into 3D printing of fibre reinforced thermoplastic composites","10.1016/j.addma.2018.04.039","08/2018","Additive Manufacturing"
"QGLMHPZF","journalArticle","A Comparison of Absolute & Relative Neural Encoding Schemes in Addition & Subtraction Functional SubnetworksΓïå",,,
"R8S5Y6Q7","journalArticle","Tests of Useful Field of View of Laser Sensors Used in Autonomous Nano Sumo Robots","10.18178/ijmerr.10.8.414-421","2021","International Journal of Mechanical Engineering and Robotics Research"
"MQU4FFQ3","journalArticle","Improving the Interfacial Adhesion of Long Carbon Fiber-Reinforced Polyamide 6 Composites by Electrochemical Oxidation and Polyethylenimine-Carboxymethyl Cellulose Grafting","10.1021/acsomega.4c01284","2024-07-18","ACS Omega"
"KNIFBWJP","journalArticle","Physics-Informed Neural Networks for Heat Transfer Problems","10.1115/1.4050542","2021-06-01","Journal of Heat Transfer"
"XMEHIVIJ","journalArticle","Improved robustness of reinforcement learning policies upon conversion to spiking neuronal network platforms applied to Atari Breakout game","10.1016/j.neunet.2019.08.009","12/2019","Neural Networks"
"8M54HEI2","journalArticle","Biologically inspired approaches to robotics: what can we learn from insects?","10.1145/245108.245118","1997-03-01","Communications of The ACM"
"EHCSES99","journalArticle","Locomotor control: from spring-like reactions of muscles to neural prediction",,"2001","The somatosensory system: deciphering the brain's own body image"
"KXRNX2UK","conferencePaper","Tension Feedback Control for Musculoskeletal Quadrupedal Locomotion over Uneven Terrain","10.1109/IROS58592.2024.10801663","2024-10",
"25R3TP7L","journalArticle","Measurements of the mechanical response of unidirectional 3D-printed PLA","https://doi.org/10.1016/j.matdes.2017.03.051","2017","Materials & Design"
"LY2Q2H8S","journalArticle","A Comprehensive Survey on Safe Reinforcement Learning",,,
"MBLMQNCI","journalArticle","Stretchable Suction Cup with Electroadhesion","10.1002/admt.201800304","01/2019","Advanced Materials Technologies"
"2PRCV6T9","journalArticle","Classification of distribution power grid structures using inception v3 deep neural network","10.1007/s00202-022-01641-1","2022-12-01","Electrical Engineering"
"6A7TDBWN","webpage","Biomimetic Knee Design to Improve Joint Torque and Life for Bipedal Robotics | SpringerLink",,,
"VGUH43SM","conferencePaper","Event-based image processing using a neuromorphic vision sensor","10.1109/ROPEC.2013.6702715","November 2013",
"LUSTZPY6","computerProgram","aryan-programmer/pcb-fault-detection",,"2025-10-23T12:29:33Z",
"CI5V3BGW","conferencePaper","A Bipedal Walking Robot with Efficient and Human-Like Gait","10.1109/ROBOT.2005.1570404","2005",
"C24YHAJY","journalArticle","The Basic Science of the Patella: Structure, Composition, and Function",,"May 2012","The journal of knee surgery"
"NTJLB8Q7","journalArticle","Balance Control Mediated by Vestibular Circuits Directing Limb Extension or Antagonist Muscle Co-activation","10.1016/j.celrep.2018.01.009","2018-01-30","Cell Reports"
"4IEP7EAD","journalArticle","A Biarticulated Robotic Leg for Jumping Movements: Theory and Experiments","10.1115/1.2963028","2008-08-05","Journal of Mechanisms and Robotics"
"IB6AKSZ5","journalArticle","Estimating the Region of Attraction for Power Systems Using Gaussian Process and Converse Lyapunov Function","10.1109/TCST.2021.3098167","5/2022","IEEE Transactions on Control Systems Technology"
"BDG3MVQV","journalArticle","Strategies to modulate zebrafish collective dynamics with a closed-loop biomimetic robotic system","10.1088/1748-3190/ab8706","2020-05","Bioinspiration &amp$\mathsemicolon$ Biomimetics"
"RVRZ97HM","journalArticle","Experimental study of effect of infill density on tensile and flexural strength of 3D printed parts","10.1186/s44147-023-00273-x","12/2023","Journal of Engineering and Applied Science"
"8TEZP2FX","journalArticle","Edge of Chaos in Memristor Cellular Nonlinear Networks",,"2022","Mathematics"
"USTKX6EK","journalArticle","Learning a Contact-Adaptive Controller for Robust, Efficient Legged Locomotion",,"2020-11-23","arXiv:2009.10019 [cs]"
"8FPJE2PQ","journalArticle","Multidirectional 3D-printed functionally graded modular joint actuated by TCPFL muscles for soft robots","10.1007/s42242-019-00055-6","12/2019","Bio-Design and Manufacturing"
"QLP6S4B9","conferencePaper","The cat is out of the bag: cortical simulations with 109 neurons, 1013 synapses","10.1145/1654059.1654124","November 14, 2009",
"QE3ETZCL","journalArticle","Muscle spindle discharge in normal and obstructed movements.","10.1113/jphysiol.1979.sp012645","02/1979","The Journal of Physiology"
"VBKGINUY","webpage","Moving muscle points provide accurate curved muscle paths in a model of the cervical spine | Elsevier Enhanced Reader","10.1016/j.jbiomech.2011.10.014",,
"BIGCVISD","attachment","00481753.pdf",,,
"R2KP6JP8","journalArticle","Legged locomotion: Balance, control and tools ΓÇö from equation to action",,,
"QQUH29J2","journalArticle","Activity of medullary reticulospinal neurons during fictive locomotion.","10.1152/jn.1993.69.6.2232","1993-06-01","Journal of Neurophysiology"
"RYDNCE7T","journalArticle","In Vivo Neuromechanics: Decoding Causal Motor Neuron Behavior with Resulting Musculoskeletal Function","10.1038/s41598-017-13766-6","2017-10-18","Scientific Reports"
"U6H6TN9F","journalArticle","Development of a Bio-inspired Knee Joint Mechanism for a Bipedal Robot",,,"Living Machines 2017"
"UVI7Z6CT","book","A Neural Primitive model with Sensorimotor Coordination for Dynamic Quadruped Locomotion with Malfunction Compensation",,"October 25, 2020",
"ZE92KPYH","conferencePaper","Implementing Stretch Reflex in Musculoskeletal Robots Driven by Pneumatic Artificial Muscles Using Nonlinear Spring Model*","10.1109/SII59315.2025.10870582","2025-01",
"L6H3AEVU","conferencePaper","Braided artificial muscles: modeling and experimental validation","10.1117/12.823672","2009-1-5",
"4TVSVKHH","journalArticle","Biomechanics of the ankle","10.1016/j.mporth.2016.04.015","2016-6","Orthopaedics and Trauma"
"C3VMNH82","journalArticle","An open source lower limb model: Hip joint validation","10.1016/j.jbiomech.2011.06.019","08/2011","Journal of Biomechanics"
"DMNVAQ3S","webpage","Comparative study of robotic artificial actuators and biological muscle","10.1177/1687814020933409",,
"PW7XTG4G","journalArticle","Sensorimotor integration in human postural control",,"2002","Journal of neurophysiology"
"D2DKJCJH","journalArticle","Human lumbar cord circuitries can be activated by extrinsic tonic input to generate locomotor-like activity","10.1016/j.humov.2007.01.005","2007","Human Movement Science"
"94XII4L4","journalArticle","Enhanced thermal stability and flame resistance of rigid polyurethane-imide foams by varying copolymer composition","10.1016/j.polymertesting.2018.02.020","2018-05-01","Polymer Testing"
"KF2ZKA4H","journalArticle","On Neural Differential Equations",,"2022-02-04","arXiv:2202.02435 [cs, math, stat]"
"WMELY63X","webpage","DICOMServer @ Medical Connections Ltd - My ASP.NET Application",,,
"NKH8X876","conferencePaper","Tetraspine: Robust terrain handling on a tensegrity robot using central pattern generators","10.1109/AIM.2013.6584102","July 2013",
"9I3T34F7","journalArticle","Three-dimensional printing of complex biological structures by freeform reversible embedding of suspended hydrogels","10.1126/sciadv.1500758","2015-10-02","Science Advances"
"DPHUJBQK","journalArticle","The distal hindlimb musculature of the cat. Cutaneous reflexes during locomotion.","10.1007/bf00235875","1985-01-01","Experimental Brain Research"
"56M5UP3A","journalArticle","Proprioception from a neurally controlled lower-extremity prosthesis","10.1126/scitranslmed.aap8373","2018-05-30","Science Translational Medicine"
"PIJIM4N9","journalArticle","Variants of RMSProp and Adagrad with Logarithmic Regret Bounds",,"2017",
"CLGVNCYA","journalArticle","A mathematical model of motorneuron dynamics in the heartbeat of the leech","10.1016/j.physd.2003.08.003","2/2004","Physica D: Nonlinear Phenomena"
"HQFYAQIS","journalArticle","Simultaneous perturbation learning rule for recurrent neural networks and its FPGA implementation","10.1109/TNN.2005.852237","November 2005","IEEE Transactions on Neural Networks"
"ZDX2GTTW","journalArticle","Ontogeny of the cutaneous sensory organs","10.1002/(SICI)1097-0029(19960701)34:4<313::AID-JEMT4>3.0.CO;2-P","July 1, 1996","Microscopy Research and Technique"
"Y4DY9VRF","journalArticle","Neuromuscular Models for Locomotion","10.1016/b978-0-12-803766-9.00008-7","2017-01-01",
"N4SS7723","conferencePaper","Gecko Inspired Surface Climbing Robots","10.1109/ROBIO.2004.1521817","August 2004",
"GUA4ERZ7","journalArticle","In Vivo Healthy Knee Kinematics during Dynamic Full Flexion","10.1155/2013/717546","2013","BioMed Research International"
"XJNS5DKH","journalArticle","Tensile Properties of Additively Manufactured Thermoplastic Composites Reinforced with Chopped Carbon Fibre","10.3390/ma15124224","2022-06-14","Materials"
"JKIGC7Z8","journalArticle","Accuracy of Postural Human-motion Tracking Using Miniature Inertial Sensors","10.1016/j.proeng.2016.06.266","2016","Procedia Engineering"
"HJL7MSAF","journalArticle","Coordination of fore and hind leg stepping in cats on a transversely-split treadmill","10.1007/s00221-006-0542-3","2006-11-01","Experimental Brain Research"
"YYTDVHTG","preprint","Multiscale Neural Operator: Learning Fast and Grid-independent PDE Solvers",,"2022-07-23",
"LUMD2GWG","webpage","Stable Orbits for a Simple Passive walker Experiencing Foot Slip | IEEE Conference Publication | IEEE Xplore",,,
"ICCJRRMU","conferencePaper","A Novel Approach to Automatic Protection Switching Using Trees",,"1997",
"PWJTTFUN","journalArticle","Parameterized and Scripted Gaits for Modular Snake Robots","10.1163/156855309X452566","2009-01-01","Advanced Robotics"
"TPSINLCW","presentation","Spike Timing Dependent Plasticity Organizes Type Ia Muscle Afferents in a Synthetic Nervous System",,"2025",
"LMEEK5I5","journalArticle","Mechanical properties of structures produced by 3D printing from composite materials","10.1051/matecconf/201925401018","2019","MATEC Web of Conferences"
"9VTP2DMP","journalArticle","Moment Arms of the Ankle Throughout the Range of Motion in Three Planes","10.3113/FAI.2011.0300","03/2011","Foot & Ankle International"
"XZGQH9N9","attachment","Terman-Wang95.pdf",,,
"RRSAAW8N","bookSection","Using Animal Data and Neural Dynamics to Reverse Engineer a Neuromechanical Rat Model","10.1007/978-3-319-22979-9_21","2015",
"ULEGTR8P","journalArticle","Synchronization of coupled neural oscillators with heterogeneous delays","10.1142/S0218127413300395","12/2013","International Journal of Bifurcation and Chaos"
"X8SQMLEV","journalArticle","Multi-expert learning of adaptive legged locomotion","10.1126/scirobotics.abb2174","2020-12-16","Science Robotics"
"WFCBT67M","conferencePaper","A comparison study on Pneumatic Muscles and electrical motors","10.1109/ROBIO.2009.4913238","2009-02",
"UJMSNY5L","journalArticle","Regional material properties of the human hip joint capsule ligaments","10.1016/S0736-0266(00)00035-8","05/2001","Journal of Orthopaedic Research"
"ASEBG8N3","journalArticle","Spinal cords: Symphonies of interneurons across species","10.3389/fncir.2023.1146449","2023-04-26",
"8TNLZ37E","conferencePaper","A piezoresistive flexible sensor to detect soft actuator deformation","10.1109/ROBOSOFT.2019.8722776","2019-04",
"NE8SR95C","journalArticle","Rhythmic patterns in the thoracic nerve cord of the stick insect induced by pilocarpine",,"1995-02-01","The Journal of Experimental Biology"
"WJ4Y4G75","journalArticle","Editorial: Assessing Bipedal Locomotion: Towards Replicable Benchmarks for Robotic and Robot-Assisted Locomotion","10.3389/fnbot.2019.00086","2019-10-25","Frontiers in Neurorobotics"
"2SMSGKNJ","thesis","Development of a Tunable Compliance Energy Return Actuator",,"2020",
"GBBD3RMN","journalArticle","Optimization of Muscle Activity for Task-Level Goals Predicts Complex Changes in Limb Forces across Biomechanical Contexts","10.1371/journal.pcbi.1002465","Apr 12, 2012","PLOS Comput Biol"
"U7DFICWY","journalArticle","ISB recommendation on definitions of joint coordinate systems of various joints for the reporting of human joint motionΓÇöPart II: shoulder, elbow, wrist and hand","10.1016/j.jbiomech.2004.05.042","2005-05-01","Journal of Biomechanics"
"UW4NFXI2","journalArticle","3D printed fiber reinforced polymer composites - Structural analysis","10.1016/j.compositesb.2019.107112","2019-10","Composites Part B: Engineering"
"3J5MGW2S","journalArticle","Optimization of Printing Parameters to Maximize the Mechanical Properties of 3D-Printed PETG-Based Parts","10.3390/polym14132564","2022-06-24","Polymers"
"JGQCTYTL","journalArticle","Learning Neural PDE Solvers with Convergence Guarantees",,"2019-06-04","arXiv:1906.01200 [cs, stat]"
"NQCMD6S5","journalArticle","Leveraging Random Walks to Solve IPDEs on Spiking Neuromorphic Hardware",,,
"XLQJTJ4L","conferencePaper","Biomimetic Knee Design to Improve Joint Torque and Life for Bipedal Robotics","10.1007/978-3-319-96728-8_8","July 2018",
"HL2CRV8F","webpage","Neuroscience - Dale Purves; George J. Augustine; David Fitzpatrick; William C. Hall; Anthony-Samuel LaMantia; Richard D. Mooney; Michael L. Platt; Leonard E. White - Oxford University Press",,,
"C3KRCMSJ","journalArticle","Crystal structure of the ╬│ΓÇÉform of nylon 6","10.1002/pol.1965.100030132","01/1965","Journal of Polymer Science Part A: General Papers"
"MM3BUE8R","attachment","NeurIPS-2020-organizing-recurrent-network-dynamics-by-task-computation-to-enable-continual-learning-Paper.pdf",,,
"D348LDKE","journalArticle","Distribution of Heterogenic Reflexes Among the Quadriceps and Triceps Surae Muscles of the Cat Hind Limb","10.1152/jn.00833.2002","10/2003","Journal of Neurophysiology"
"BT7CT3HH","journalArticle","Internal Structure of the Fly Elementary Motion Detector","10.1016/j.neuron.2011.03.028","2011-06-23","Neuron"
"8MTACBIX","journalArticle","Learning CPG-based Biped Locomotion with a Policy Gradient Method: Application to a Humanoid Robot","10.1177/0278364907084980","02/2008","The International Journal of Robotics Research"
"9B92JJX4","journalArticle","Implicit Neural Solver for Time-dependent Linear PDEs with Convergence Guarantee",,"2019-11-27","arXiv:1910.03452 [cs, math]"
"EBT68WMP","journalArticle","Variable-stiffness tensegrity spine","10.1088/1361-665X/ab87e0","2020-06","Smart Materials and Structures"
"WXDA5BFL","journalArticle","Neural control of locomotion","10.1007/978-1-4757-0964-3","1976-01-01",
"FQXK8RY2","journalArticle","Neuromechanical Model of Rat Hindlimb Walking with Two-Layer CPGs","10.3390/biomimetics4010021","2019-3-01","Biomimetics"
"VH5XP5ZS","conferencePaper","MPC-based Controller with Terrain Insight for Dynamic Legged Locomotion","10.1109/ICRA40945.2020.9197312","5/2020",
"UTZUDLMA","journalArticle","Discovering governing equations from data by sparse identification of nonlinear dynamical systems","10.1073/pnas.1517384113","2016-04-12","Proceedings of the National Academy of Sciences"
"F83UXCB2","journalArticle","Two-Directional 1-g Visual Motion Sensor Inspired by the Fly's Eye","10.1109/JSEN.2012.2230622","March 2013","IEEE Sensors Journal"
"HXV28CJW","journalArticle","The Central Pattern Generator: a paradigm for artificial locomotion","10.1007/s005000000051","12/2000","Soft Computing"
"333A2FVX","webpage","Frontiers | Bio-inspired design of a self-aligning, lightweight, and highly-compliant cable-driven knee exoskeleton",,,
"5QFKGIIF","journalArticle","Model-based neuromechanical controller for a robotic leg",,"2010-02-01",
"QA2HRPWN","journalArticle","Sensorimotor Recalibration Depends on Attribution of Sensory Prediction Errors to Internal Causes","10.1371/journal.pone.0054925","Jan 24, 2013","PLOS ONE"
"73Q3FQMB","journalArticle","Influence of perimeter layers on tension mechanical properties of 3D printed Onyx","10.3389/fmech.2025.1528516","2025-1-23","Frontiers in Mechanical Engineering"
"PUAAX5US","journalArticle","Gait Adaptation in a Quadruped Robot",,,
"CSA8JEZM","attachment","HIGH-DOF MOTION PLANNING IN DYNAMIC ENVIRONMENTS USING TRAJECTORY OPTIMIZATION.pdf",,,
"KVRHQUSG","journalArticle","StructureΓÇôProperties Relations for Polyamide 6, Part 1: Influence of the Thermal History during Compression Moulding on Deformation and Failure Kinetics","10.3390/polym10070710","2018-06-27","Polymers"
"78ZRSHGK","conferencePaper","Biarticular legged robot: Design and experiments","10.1109/ROBIO.2009.4912996","2009-02",
"3ZICJCZC","journalArticle","Organization of pontine reticulospinal inputs to motoneurons controlling axial and limb muscles in the neonatal mouse.","10.1152/jn.00820.2013","2014-10-01","Journal of Neurophysiology"
"NVYTBHXY","journalArticle","The capsule's contribution to total hip construct stability - A finite element analysis","10.1002/jor.21435","11/2011","Journal of Orthopaedic Research"
"XCNM6ACG","journalArticle","(PDF) Design process and tools for dynamic neuromechanical models and robot controllers","10.1007/s00422-017-0711-4","2024-10-22","ResearchGate"
"DSHMBK7R","journalArticle","Quantifying proprioception",,"1999","Progress in Brain Research"
"VQGAWMM8","journalArticle","Conserved mammalian muscle mechanics during eccentric contractions","10.1113/JP285549","2024","The Journal of Physiology"
"2WAGJ948","journalArticle","Structural Model of the Muscle Spindle","10.1114/1.1433488","2002-01-01","Annals of Biomedical Engineering"
"6ZTHKYPP","journalArticle","A critical review on 3D printed continuous fiber-reinforced composites: History, mechanism, materials and properties","10.1016/j.compstruct.2019.111476","2020-01","Composite Structures"
"SRFNYWM7","journalArticle","Muscle, Biomechanics, and Implications for Neural Control","10.1002/9781118873397.ch12","2017-06-23",
"AZ8AND24","journalArticle","Neural Lyapunov Control",,"2020-12-19","arXiv:2005.00611 [cs, eess, stat]"
"DNHLJE34","preprint","Model-Parallel Fourier Neural Operators as Learned Surrogates for Large-Scale Parametric PDEs",,"2023-02-01",
"PC5ETGHE","journalArticle","Functional properties of human muscle spindles","10.1152/jn.00071.2018","2018-08","Journal of Neurophysiology"
"J55UGS99","journalArticle","Effect of FDM infill patterns on mechanical properties","10.1016/j.polymertesting.2022.107654","2022-09-01","Polymer Testing"
"XIIC7AQY","journalArticle","Central Pattern Generator Inspired Control for Adaptive Walking of Biped Robots","10.1109/TSMC.2012.2235426","09/2013","IEEE Transactions on Systems, Man, and Cybernetics: Systems"
"6WVX5NJ9","journalArticle","An adaptive model of sensory integration in a dynamic environment applied to human stance control","10.1007/s004220000196","June 2000","Biological Cybernetics"
"XW6Y78FX","journalArticle","An interneuronal relay for group I and II muscle afferents in the midlumbar segments of the cat spinal cord.","10.1113/jphysiol.1987.sp016676","1987-08-01","The Journal of Physiology"
"5TS93S66","journalArticle","(PDF) Jankowska, E. Interneuronal relay in pathways from proprioceptors. Prog. Neurobiol. 38, 335-378",,"2024-10-22","ResearchGate"
"EVIFJM5V","journalArticle","Central pattern generators for locomotion control in animals and robots: A review","10.1016/j.neunet.2008.03.014","5/2008","Neural Networks"
"4YFDKQZ4","journalArticle","Proprioception","10.1016/S1047-9651(18)30132-3","2000-05-01","Physical Medicine and Rehabilitation Clinics of North America"
"JFPP93Z6","journalArticle","Dynamic Sensitivity to Atmospheric Turbulence of Unmanned Air Vehicles with Varying Configuration","10.2514/1.46860","2010","Journal of Aircraft"
"SXMGNRIA","note",,,,
"6B9PLEVB","journalArticle","Model-Based Estimation of Ankle Joint Stiffness","10.3390/s17040713","March 2017",
"VPQCURZ9","journalArticle","The brain has a body: adaptive behavior emerges from interactions of nervous system, body and environment.","10.1016/s0166-2236(97)01149-1","1997-12-01","Trends in Neurosciences"
"FEVNMQ6X","book","PDCA12-70 data sheet",,,
"5D9JLUFK","journalArticle","Highly mobile robots that run and jump",,"2004-05-13",
"C8EVAA72","attachment","ResearchGate Link",,,
"XQPXB3CX","journalArticle","Information dynamics based self-adaptive reservoir for delay temporal memory tasks","10.1007/s12530-013-9080-y","12/2013","Evolving Systems"
"UT27R2EU","journalArticle","Afferent control of locomotor CPG: insights from a simple neuromechanical model","10.1111/j.1749-6632.2010.05435.x","2010","Annals of the New York Academy of Sciences"
"ICGS566P","patent","Fluid Actuated Motor System and Stroking Device",,,
"ICKHCPVW","journalArticle","Robust Tracking Control of a Prosthesis Test Robot","10.1115/1.4026342",,"Journal of Dynamic Systems, Measurement, and Control"
"U67PKTDU","journalArticle","Meta-analysis of environmental effects of beaver in relation to artificial dams","10.1088/1748-9326/aa8979","2017-11","Environmental Research Letters"
"WM7KD9VS","thesis","Design and control of a robotic leg with braided pneumatic actuators (Master's Thesis)",,"2000",
"D8ZEBNYK","journalArticle","CONTROL OF LOCOMOTION IN THE DECEREBRATE CAT","10.1016/0301-0082(96)00028-7","1996-08-01","Progress in Neurobiology"
"HRB95CFE","journalArticle","Muscle Synergies Characterizing Human Postural Responses","10.1152/jn.01360.2006.","2007","Journal of Neurophysiology"
"HBS4ZPQ6","journalArticle","Advancing the Capability of Additively Manufactured Continuous Fibre-Reinforced Polymers for Structural Applications: The Effect of Nitrogen-Purging and Post-Annealing on the Tensile Performance","10.3390/polym17172314","2025-08-27","Polymers"
"BDVC6JF3","attachment","Passive knee muscle moment arms measure in vivo with MRI.pdf",,,
"IPAI9N4D","journalArticle","PPINN: Parareal physics-informed neural network for time-dependent PDEs","10.1016/j.cma.2020.113250","10/2020","Computer Methods in Applied Mechanics and Engineering"
"ASML4B89","journalArticle","Physics-Informed Neural Networks with Hard Constraints for Inverse Design","10.1137/21M1397908","01/2021","SIAM Journal on Scientific Computing"
"GCDNE3UV","bookSection","The Astrocytic Microdomain as a Generative Mechanism for Local Plasticity","10.1007/978-3-030-05587-5_15","2018",
"ELHNYWYH","journalArticle","Experimental Analysis on 3d Printed Onyx Specimens with Honeycomb Infill Structure","10.33425/2771-666X.1003","2021-12-30","Journal of Advanced Materials Science and Engineering"
"RKNVIVD6","journalArticle","Diversified physiological sensory input connectivity questions the existence of distinct classes of spinal interneurons","10.1016/j.isci.2022.104083","04/2022","iScience"
"XGZ8PSBJ","journalArticle","A Solution to the Dynamics of the Prescribed Error Sensitivity Learning Rule",,,
"JHABZ8P7","conferencePaper","Modeling of Braided Pneumatic Actuators for Robotic Control",,"2001",
"LU8DD7ZE","conferencePaper","Electroadhesive robotsΓÇöwall climbing robots enabled by a novel, robust, and electrically controllable adhesion technology","10.1109/ROBOT.2008.4543670","May 2008",
"LKGT578Y","journalArticle","Formation of the central pattern generator for locomotion in the rat and mouse","10.1016/S0361-9230(00)00399-3","11/2000","Brain Research Bulletin"
"I2CYV8HV","journalArticle","Firing frequency of leaky intergrate-and-fire neurons with synaptic current dynamics","10.1006/jtbi.1998.0782","1998-11-07","Journal of Theoretical Biology"
"9AUC3IFT","journalArticle","Experiments and models of sensorimotor interactions during locomotion","10.1007/s00422-006-0129-x","2006-12-13","Biological Cybernetics"
"NPT82BTC","report","Fluidic Muscle DMSP/MAS",,"01-2016",
"VJEYZVBS","journalArticle","Achievement of Twist Squat by Musculoskeletal Humanoid with Screw-Home Mechanism","10.1109/IROS.2013.6697025","November 3-7, 2013","IEEE/RSJ International Conference on Intelligent Robots and Systems"
"NFEHIKP9","journalArticle","How fish power swimming","10.1126/science.8332898","1993-07-16","Science (New York, N.Y.)"
"TTHRA6FT","journalArticle","Poly(lactic acid) stereocomplex formation: Application to PLA rheological property modification","10.1002/app.41073","2014-11-15","Journal of Applied Polymer Science"
"RFP6CRHC","journalArticle","Biomechanics of the knee joint","10.1016/j.mporth.2010.03.005","April 2010","ORTHOPAEDICS AND TRAUMA"
"XXXNAFUG","webpage","NXP Semiconductors :: Secure Connections for a Smarter World",,,
"MGXKY5PW","journalArticle","Depression of group Ia monosynaptic EPSPs in cat hindlimb motoneurones during fictive locomotion.","10.1111/j.1469-7793.2000.00639.x","2000-08-01","The Journal of Physiology"
"LD3KFYPZ","journalArticle","On the Improvement of Multi-Legged Locomotion over Difficult Terrains Using a Balance Stabilization Method","10.5772/7789","2012-03-06","International Journal of Advanced Robotic Systems"
"Q54J3EH7","journalArticle","Fiber Bragg grating based investigation of residual strains in ABS parts fabricated by fused deposition modeling process","10.1016/j.matdes.2013.02.067","09/2013","Materials & Design"
"FS3L56P5","journalArticle","Characterization of Human Balance through a Reinforcement Learning-based Muscle Controller","10.1371/journal.pone.0320211","Apr 1, 2025","PLOS ONE"
"7PVNSW3Z","attachment","Nelder1965.pdf",,,
"UPDLQG98","journalArticle","Fundamental contributions of the cat model to the neural control of locomotion","10.1016/b978-0-12-816477-8.00013-2","2020-01-01",
"QC9JNT3X","journalArticle","Electrophysiological Characterization of V2a Interneurons and Their Locomotor-Related Activity in the Neonatal Mouse Spinal Cord","10.1523/jneurosci.4849-09.2010","2010-01-06","The Journal of Neuroscience"
"53MMADKJ","journalArticle","Pace Running of a Quadruped Robot Driven by Pneumatic Muscle Actuators: An Experimental Study","10.3390/app12094146","2022-04-20","Applied Sciences"
"NSCDLB4S","journalArticle","Deep Convolutional Neural Networks for Image Classification: A Comprehensive Review","10.1162/neco_a_00990","09/2017","Neural Computation"
"N89NW27U","journalArticle","Planar Bipedal Jumping Gaits With Stable Landing",,"October 5 2009","IEEE TRANSACTIONS ON ROBOTICS"
"KA3ILD7U","journalArticle","(iv) Basic biomechanics of human joints: Hips, knees and the spine","10.1016/j.cuor.2005.12.004","2/2006","Current Orthopaedics"
"SITG9N5W","journalArticle","Dephasing and Bursting in Coupled Neural Oscillators","10.1103/PhysRevLett.75.3190","1995-10-23","Physical Review Letters"
"LBJAXPB3","preprint","Learning Neural PDE Solvers with Parameter-Guided Channel Attention",,"2023-04-27",
"TNJTPJ4Y","journalArticle","Deep Relaxation: partial differential equations for optimizing deep neural networks",,"2017-06-01","arXiv:1704.04932 [cs, math]"
"N4DECCQD","attachment","Full Text",,,
"IZV4684T","journalArticle","Back-Stretchable McKibben Muscles: Expanding the Range of Antagonistic Muscle Driven Joints","10.1109/LRA.2023.3293316","2023-09","IEEE Robotics and Automation Letters"
"RYKRVXEQ","journalArticle","Modular organization of motor behavior in the frog's spinal cord","10.1016/0166-2236(95)94494-p","1995-10","Trends in Neurosciences"
"2NEN3ZWA","journalArticle","The orientation of the distal part of the quadriceps femoris muscle as a function of the knee flexion-extension angle",,"1985","Journal of biomechanics."
"M2CD5Y4N","webpage","Browser Extension Getting Started",,,
"U7R97UMB","journalArticle","How deletions in a model could help explain deletions in the laboratory.","10.1152/jn.00888.2005","2006-01-01","Journal of Neurophysiology"
"URE9WMJD","journalArticle","How the three arches of the foot intercorrelate","10.5603/FM.a2017.0049","May 29, 2017","Folia Morphologica"
"RZVAF53P","journalArticle","Quantifying Dynamic Stability and Maneuverability in Legged Locomotion","10.1093/icb/42.1.149","2002-02-01","Integrative and Comparative Biology"
"Q2T5ETAQ","journalArticle","Neuromechanical Principles Underlying Movement Modularity and Their Implications for Rehabilitation","10.1016/j.neuron.2015.02.042","04/2015","Neuron"
"TCEWW3FT","preprint","Large-scale Neural Solvers for Partial Differential Equations",,"2020-09-08",
"XUX6SGVW","webpage","Ecosia - the search engine that plants trees",,,
"CI2XKQIY","journalArticle","Exploring the Contribution of Proprioceptive Reflexes to Balance Control in Perturbed Standing",,"2020","Frontiers in Bioengineering and Biotechnology"
"VMKVJTQ8","journalArticle","Experimental characterization and micrography of 3D printed PLA and PLA reinforced with short carbon fibers","10.1016/j.compositesb.2017.05.013","09/2017","Composites Part B: Engineering"
"9Z3A4BTY","preprint","Spiking neural networks for nonlinear regression",,"2022-10-26",
"7BLVS69G","book","Reinforcement learning: an introduction",,"1998",
"HQZAC8XN","journalArticle","Five basic muscle activation patterns account for muscle activity during human locomotion: Basic muscle activation patterns","10.1113/jphysiol.2003.057174","04/2004","The Journal of Physiology"
"886A8TD8","attachment","Impact and tensile properties of PLA.pdf",,,
"DZCV3L8R","journalArticle","Shining light into the black box of spinal locomotor networks","10.1098/rstb.2009.0322","2010-08-12","Philosophical Transactions of the Royal Society B"
"BQ8BTG6E","journalArticle","Temporal contiguity requirements for long-term associative potentiation/depression in the hippocampus","10.1016/0306-4522(83)90010-6","1983-04-01","Neuroscience"
"9XTK2QNC","conferencePaper","Design and development of a cheetah robot under the neural mechanism controlling the leg's muscles","10.1109/IROS.2012.6385462","October 2012",
"42I9V54P","note",,,,
"9PKKQTRI","journalArticle","Capturability-based analysis and control of legged locomotion, Part 1: Theory and application to three simple gait models","10.1177/0278364912452673","08/2012","The International Journal of Robotics Research"
"WTTERTJ6","journalArticle","Preference Distributions of Primary Motor Cortex Neurons Reflect Control Solutions Optimized for Limb Biomechanics","10.1016/j.neuron.2012.10.041","01/2013","Neuron"
"9T55YC75","journalArticle","Change-in-support reactions for balance recovery",,"2003","IEEE Engineering in Medicine and Biology Magazine"
"3T2SDGSC","bookSection","Tendons and Ligaments: Structure, Mechanical Behavior and Biological Function",,,
"7TCNNPS5","journalArticle","Kinematic and behavioral evidence for a distinction between trotting and ambling gaits in the cockroach Blaberus discoidalis","10.1242/jeb.056481","2011-06-15","The Journal of Experimental Biology"
"WE3WHXDV","journalArticle","Dopamine modulation of transient potassium current evokes phase shifts in a central pattern generator network","10.1523/JNEUROSCI.15-01-00342.1995","1995-01-01","The Journal of Neuroscience"
"IBU22D6H","journalArticle","Enhancement of Mechanical Properties of FDM-PLA Parts via Thermal Annealing","10.1002/mame.201800169","2018","Macromolecular Materials and Engineering"
"QWP55RL8","book","CPG Computational model Spinal cord",,"2007",
"XRDVWNMK","journalArticle","Additive manufacturing (3D printing): A review of materials, methods, applications and challenges","https://doi.org/10.1016/j.compositesb.2018.02.012","2018","Composites Part B: Engineering"
"D4EWYL76","journalArticle","Design and Optimization of 3D-Printed Variable Cross-Section I-Beams Reinforced with Continuous and Short Fibers","10.3390/polym16050684","2024-03-02","Polymers"
"86KEVC3M","journalArticle","Sensorless angle and stiffness control of antagonistic PAM actuator using reference set","10.1080/01691864.2022.2046502","2022-05-03","Advanced Robotics"
"MA6XGICC","journalArticle","Fish swimming: patterns in muscle function","10.1242/jeb.202.23.3397","1999-12-01","Journal of Experimental Biology"
"TN6X6P64","journalArticle","Recent Advances in Bipedal Walking Robots: Review of Gait, Drive, Sensors and Control Systems","10.3390/s22124440","2022-06-12","Sensors"
"Q4NF6ZVU","journalArticle","An analysis of the sources of musculoskeletal system impedance","10.1016/0021-9290(88)90248-5","January 1, 1988","Journal of Biomechanics"
"SCJ8CU2A","book","System Identification",,"1989",
"JDM3KXPE","journalArticle","A postural control model incorporating multisensory inputs for maintaining a musculoskeletal model in a stance posture","10.1080/01691864.2016.1266095","January 2017","Advanced Robotics"
"SUNBRTVF","journalArticle","Modulation of the gait pattern during split-belt locomotion after lateral spinal cord hemisection in adult cats","10.1152/jn.00230.2022","2022-12-01","Journal of Neurophysiology"
"NQW3MF8C","journalArticle","Design of a Variable Stiffness Soft Dexterous Gripper","10.1089/soro.2016.0044","2017-9-01","Soft Robotics"
"55BY3REJ","journalArticle","A 'wait and learn' strategy of postural control learning in children?",,"2006/01/01","Journal of Vestibular Research"
"65MBLICI","journalArticle","Polymer additive manufacturing of ABS structure: Influence of printing direction on mechanical properties","https://doi.org/10.1016/j.jmapro.2019.06.015","2019","Journal of Manufacturing Processes"
"99A6RCPE","journalArticle","Control engineering applications of V. I. Zubov's construction procedure for Lyapunov functions","10.1109/TAC.1963.1105553","04/1963","IEEE Transactions on Automatic Control"
"DSFAFKQ9","journalArticle","Carbon Fibers: From PAN to Asphaltene Precursors; A State-of-Art Review","10.3390/c9010019","2023-02-04","C"
"2DIKDUEC","journalArticle","Stability Radius as a Method for Comparing the Dynamics of Neuromechanical Systems","10.1109/TNSRE.2013.2264920","9/2013","IEEE Transactions on Neural Systems and Rehabilitation Engineering"
"YHYDYTFT","journalArticle","Weld formation during material extrusion additive manufacturing","10.1039/C7SM00950J","2017","Soft Matter"
"332DXEYR","webpage","Fundamentals of Computational Neuroscience | PDF",,,
"F927NGEV","attachment","Young et al. - 2020 - Using Animatlab for Neuromechanical Analysis Line.pdf",,,
"NN3SPDJ8","conferencePaper","Realizing dynamic and efficient bipedal locomotion on the humanoid robot DURUS","10.1109/ICRA.2016.7487325","5/2016",
"C6K36CY6","journalArticle","Trends in hydraulic actuators and components in legged and tough robots: a review","10.1080/01691864.2018.1455606","2018-05-03","Advanced Robotics"
"3TTSBNL6","conferencePaper","Design and control of compliantly actuated bipedal running robots: Concepts to exploit natural system dynamics","10.1109/HUMANOIDS.2014.7041475","2014-11",
"PYLBM875","journalArticle","Compressive characterisation of 3D printed composite materials using continuous fibre fabrication","10.1016/j.ijlmm.2023.05.002","12/2023","International Journal of Lightweight Materials and Manufacture"
"XHBBIWFC","journalArticle","Characterization of the secondary structure, renaturation and physical ageing of gelatine adhesives","10.1038/s41598-025-04910-8","2025-07-02","Scientific Reports"
"ZQS5FK75","attachment","Measurement and Modeling of Mckibben Pneumatic Artificial Muscles",,,
"ADHHF7ZV","bookSection","Comparative and Functional Aspects of the Histological Organization of Cutaneous Receptors in Vertebrates","10.1007/978-1-4613-0579-8_1","1990",
"AFTK8MPV","attachment","Masters_Thesis_Defense_Presentation.pptx",,,
"P87ZUNA5","journalArticle","Dynamic Regulation of Sensorimotor Integration in Human Postural Control","10.1152/jn.00516.2003","2004/01/01","Journal of Neurophysiology"
"QYTPGTEE","journalArticle","Effect of annealing on the mechanical properties of PLA/PCL and PLA/PCL/LTI polymer blends","https://doi.org/10.1016/j.jmbbm.2010.10.003","2011","Journal of the Mechanical Behavior of Biomedical Materials"
"3NZGW97G","journalArticle","Segmental, Synaptic Actions of Commissural Interneurons in the Mouse Spinal Cord","10.1523/jneurosci.1618-07.2007","2007-06-13","The Journal of Neuroscience"
"VJ2RJ22I","book","Knee - MRIs - embodi3D.com",,,
"ITW7GWDY","journalArticle","The phase transition of polyamide 6 with pre-stretching process at different temperatures","10.1088/1402-4896/ac437e","2021-12-01","Physica Scripta"
"6HEESEKI","journalArticle","Mechanical Recycling of a Short Carbon Fiber Reinforced Polyamide 6 in 3D Printing: Effects on Mechanical Properties","10.3390/polym18010027","2025-12-22","Polymers"
"F7VZSNDU","document","Wall-Climbing Robots",,,
"8MVBCK9X","attachment","Thermal Robotic Arm Controlled Spraying.pdf",,,
"69HPWYYI","webpage","SYSC651_HW4",,,
"XPYQAZFR","journalArticle","Investigating the role of low level reinforcement reflex loops in insect locomotion.","10.1088/1748-3190/ac28ea","2021-09-21","Bioinspiration & Biomimetics"
"LFTS3DG4","journalArticle","Brainstem Circuits for Locomotion","10.1146/annurev-neuro-082321-025137","2022","Annual Review of Neuroscience"
"6I9PNMFV","conferencePaper","Numerical and Experimental Analysis of McKibben Actuators and Dielectric Elastomer Sensors","10.1115/IMECE2007-42495","2007-11-11",
"MHUYGKUL","journalArticle","Mono- versus biarticular muscle function in relation to speed and gait changes: in vivo analysis of the goat triceps brachii","10.1242/jeb.033639","2009-10-15","Journal of Experimental Biology"
"8MPWKZH6","webpage","Biohybrid robot powered by an antagonistic pair of skeletal muscle tissues",,,
"IW4HIRZ6","journalArticle","Artificial Hip Joint Round Ligament with High Fidelity to Human Structures and Mechanics via Bioinspired 3D Braided Fibers","10.1007/s42235-025-00783-9","2026-03-01","Journal of Bionic Engineering"
"LQTA4XR8","journalArticle","The functional diversity of spinal interneurons and locomotor control","10.1016/j.cophys.2019.01.005","2019-04-01","Current Opinion in Physiology"
"6NT4MQDG","journalArticle","Effects of layer thickness and binder saturation level parameters on 3D printing process","10.1007/s00170-010-2821-1","2011-03-01","The International Journal of Advanced Manufacturing Technology"
"DSVAM2MA","journalArticle","Neurobiological Bases of Rhythmic Motor Acts in Vertebrates","10.1126/science.3975635","1985-04-12","Science"
"3YFSDBQZ","attachment","Elzein - Pressure and Force Dynamics in Braided  Pneumatic Actuators(final).pdf",,,
"GQQLMYRW","journalArticle","Modeling of Soft Fiber-Reinforced Bending Actuators","10.1109/TRO.2015.2428504","June 2015","IEEE Transactions on Robotics"
"S64I2Q2N","journalArticle","Common and distinct muscle synergies during level and slope locomotion in the cat.","10.1152/jn.00310.2020","2021-06-30","Journal of Neurophysiology"
"ZNPZ9F89","journalArticle","Post-treatment to enhance the mechanical performance of printed Onyx","10.3389/fmech.2025.1710902","2025-11-10","Frontiers in Mechanical Engineering"
"CKEURLRF","journalArticle","3D printed elastomers with superior stretchability and mechanical integrity by parametric optimization of extrusion process using Taguchi Method","10.1088/2053-1591/ada1a6","2025-01-01","Materials Research Express"
"Q2WEVWV5","document","Machining recommendations for semi-finished engineering plastics",,,
"QRD48I99","journalArticle","A new biarticular actuator design facilitates control of leg function in BioBiped3","10.1088/1748-3190/11/4/046003","2016-07","Bioinspiration & Biomimetics"
"U2C29QKN","journalArticle","Mechanical properties of components fabricated with open-source 3-D printers under realistic environmental conditions","10.1016/j.matdes.2014.02.038","2014-06-01","Materials & Design"
"TRD9PA54","journalArticle","Biomimetic Design of Musculoskeletal Humanoid Knee Joint with Patella and Screw-Home Mechanism","10.1109/ROBIO.2011.6181553","December 2011","Robotics and Biomimetics (ROBIO), 2011 IEEE International Conference on Robotics and Biomimetics"
"ZTNEAD3A","journalArticle","Spinal stretch reflexes support efficient hand control","10.1038/s41593-019-0336-0","4/2019","Nature Neuroscience"
"6AR59FNL","journalArticle","Proceedings of the 20th European Conference on Composite Materials - Composites Meet Sustainability (Vol 1-6)","10.5075/EPFL-298799_978-2-9701614-0-0","2022-12-12T12:59:02",
"YXRUXIZE","journalArticle","Mechanical Properties of Continuous Kevlar Fiber Reinforced Composites Fabricated by Fused Deposition Modeling Process","10.1016/j.promfg.2018.07.090","2018-01-01","Procedia Manufacturing"
"FFT3HN48","document","A musculoskeletal model of the human lower extremity: the effect of muscle, tendon, and moment arm on the moment-angle relationship of musculotendon actuators at the hip, knee, and ankle",,"1990",
"DJMPPZCA","journalArticle","Spatiotemporal activation of lumbosacral motoneurons in the locomotor step cycle","10.1152/jn.00479.2001","2002-03-01","Journal of Neurophysiology"
"D5KXKZF2","journalArticle","In Vivo Kinematics of the Extensor Mechanism of the Knee During Deep Flexion",,"June 12, 2013","Journal of Biomechanical Engineering"
"6N2J3QZY","journalArticle","A General Method for Determining the Functional Role of a Muscle","10.1115/1.3138568","November 1, 1985","Journal of Biomechanical Engineering"
"RR6GQQQF","journalArticle","(iv) Basic biomechanics of human joints: Hips, knees and the spine","10.1016/j.cuor.2005.12.004","2/2006","Current Orthopaedics"
"SBGJSQ4E","journalArticle","Lack of adaptation during prolonged split-belt locomotion in the intact and spinal cat.","10.1113/jp274518","2017-09-01","The Journal of Physiology"
"5AHWH5BY","journalArticle","Effect of Porosity and Crystallinity on 3D Printed PLA Properties","10.3390/polym11091487","2019-09-12","Polymers"
"SE24ZAZI","journalArticle","Central pattern generators for locomotion control in animals and robots: A review","10.1016/j.neunet.2008.03.014","2008-05-01","Neural Networks"
"9RC5CNHH","journalArticle","MORPHOMETRIC STUDY OF FEMORAL NECK SHAFT ANGLE AND ITS CLINICAL SIGNIFICANCE","10.16965/ijar.2017.301","2017-08-31","International Journal of Anatomy and Research"
"YCIZQXMR","standard","ASTM International, 2015. Standard test method for flexural properties of polymer matrix composite materials. ASTM International.",,,
"3TJLZEL6","journalArticle","Lyapunov Theory for Zeno Stability","10.1109/TAC.2012.2208292","01/2013","IEEE Transactions on Automatic Control"
"7ERSDKDH","journalArticle","Three-Dimensional Human Gait Pattern: Reference Data for Young, Active Women Walking with Low, Preferred, and High Speeds","10.1155/2019/9232430","2019-01-03","BioMed Research International"
"KCS2Z266","journalArticle","A Dynamic Neural Network Designed Using Analytical Methods Produces Dynamic Control Properties Similar to an Analogous Classical Controller",,"2018",
"5GWAMVAP","journalArticle","Generation of human bipedal locomotion by a bio-mimetic neuro-musculo-skeletal model.","10.1007/pl00007977","2001-01-01","Biological Cybernetics"
"IKEJ63HM","conferencePaper","Measurement and Modeling of the Temporal Dependence in Packet Loss",,"March 1999",
"S6QBKVMP","journalArticle","Influence of Layer Thickness and Raster Angle on the Mechanical Properties of 3D-Printed PEEK and a Comparative Mechanical Study between PEEK and ABS","10.3390/ma8095271","2015-09-01","Materials"
"SHR9CWIM","attachment","markforged_composites_datasheet.pdf",,,
"PH4T6688","journalArticle","Short latency, non-reciprocal group I inhibition is reduced during the stance phase of walking in humans.","10.1016/s0006-8993(96)00977-8","1996-12-16","Brain Research"
"M39V2PPC","journalArticle","Nanostructured magnetic alginate composites for biomedical applications","10.1590/0104-1428.2267","12/2017","Pol├¡meros"
"XJEZA2AL","journalArticle","Characterization of the strength of support structures used in powder bed fusion additive manufacturing of Ti-6Al-4V","10.1016/j.addma.2017.01.002","2017-03-01","Additive Manufacturing"
"4YINZAZM","journalArticle","Design Approach of Biologically-Inspired Musculoskeletal Humanoids","10.5772/55443","April 1, 2013","International Journal of Advanced Robotic Systems"
"WMXYNSEK","journalArticle","A comprehensive review on fused deposition modelling of polylactic acid","10.1007/s40964-022-00356-w","10/2023","Progress in Additive Manufacturing"
"ICC7Y3Y3","journalArticle","Stealth walking with reduced double-limb support phase and its extension to careful legged locomotion","10.1007/s11044-018-09645-1","12/2018","Multibody System Dynamics"
"JN98AX6I","journalArticle","Investigation of Accuracy of the Newest Function Approximation for the Force Generated by Pneumatic Artificial Muscle",,"2013","Analecta Technica Szegedinensia, Review of Faculty of Engineering"
"BQ64GJGT","journalArticle","Motor module activation sequence and topography in the spinal cord during air-stepping in human: Insights into the traveling wave in spinal locomotor circuits.","10.14814/phy2.13504","2017-11-01","Physiological Reports"
"LRNFNTU7","attachment","TUNING A DISCRETE LINEAR QUADRATIC REGULATOR CONTROLLER USING THE REGION OF ATTRACTION FOR THE SIMPLEST WALKER MODEL _ Enhanced Reader.pdf",,,
"8VFIJEPM","journalArticle","Capsular Properties of the Shoulder.","10.1620/tjem.171.203","1993","The Tohoku Journal of Experimental Medicine"
"B2GI5D6X","journalArticle","Modeling the Static Force of a Festo Pneumatic Muscle Actuator: A New Approach and a Comparison to Existing Models","10.3390/act6040033","2017-11-02","Actuators"
"K85XUW36","journalArticle","using IR Time-of-Flight Sensor",,,
"6ZKRYHU3","journalArticle","Sense Organs of Insect Legs and the Selection of Sensors for Agile Walking Robots","10.1177/027836499601500201","April 1, 1996","The International Journal of Robotics Research"
"8CAZL5AS","webpage","Walk, Run, Crawl, RL Fun | Boston Dynamics",,,
"FG6W5C57","journalArticle","Design of a Four-Bar Latch Mechanism and a Shear-Based Rotary Viscous Damper for Single-Axis Prosthetic Knees","10.1115/1.4052804","2021-11-18","Journal of Mechanisms and Robotics"
"6BWTA995","journalArticle","The Function of the Hip Capsular Ligaments: A Quantitative Report","10.1016/j.arthro.2007.08.024","2/2008","Arthroscopy: The Journal of Arthroscopic & Related Surgery"
"R6Y7W2YX","attachment","1-s2.0-S1367578810000404-main.pdf",,,
"N8CNZY9X","conferencePaper","Worm-Like Robotic Locomotion with a Compliant Modular Mesh","10.1007/978-3-319-22979-9_3","2015",
"EYNYX5UB","journalArticle","Soft robotics for human health","10.1016/j.device.2024.100432","2024-07-19","Device"
"5DPNWZ8L","conferencePaper","Estimation of the Domain of Attraction for Nonlinear Autonomous Systems using a Bezoutian Approach.",,"January 1, 2016",
"ARW3HCCT","journalArticle","Legged Robots That Balance","10.1109/MEX.1986.4307016","1986-11","IEEE Expert"
"EY9IP9CA","journalArticle","Electrophysiological and Pharmacological Properties of Locomotor Activity-Related Neurons in cfos-EGFP Mice","10.1152/jn.00265.2009","2009-12","Journal of Neurophysiology"
"ZDRUMWQQ","journalArticle","Parameterized neural ordinary differential equations: applications to computational physics problems",,,
"MVRTJMTD","journalArticle","Speed-dependent modulation of phase variations on a step-by-step basis and its impact on the consistency of interlimb coordination during quadrupedal locomotion in intact adult cats","10.1152/jn.00524.2013","2014-05-01","Journal of Neurophysiology"
"NZ7GS2G2","attachment","Muscle agonistΓÇôantagonist interactions in an experimental joint.pdf",,,
"E2PASSQG","journalArticle","The particle swarm - explosion, stability, and convergence in a multidimensional complex space","10.1109/4235.985692","2002-02","IEEE Transactions on Evolutionary Computation"
"FXN2J5HC","webpage","Recent advances in 3D printing of biomaterials | Journal of Biological Engineering | Full Text",,,
"BJP7GQYC","journalArticle","Vestibular, visual, and somatosensory contributions to human control of upright stance",,"Mar 10, 2000","Neuroscience Letters"
"BC6P27Z8","preprint","Power to the springs: Passive elements are sufficient to drive push-off in human walking",,"2022-04-29",
"5CSXQKCP","journalArticle","Network of Neural Oscillators for Retrieving Phase Information","10.1103/PhysRevLett.74.4075","1995-5-15","Physical Review Letters"
"48IBUZGA","journalArticle","Learning to expect the unexpected: rapid updating in primate cerebellum during voluntary self-motion","10.1038/nn.4077","2015-09","Nature Neuroscience"
"FSHP8VVE","journalArticle","Butt-jointed DBR Laser With 15 nm Tunability Grown in Three MOVPE Steps",,"1995","Electron. Lett."
"WTL8ZV7M","journalArticle","Asynchronous Methods for Deep Reinforcement Learning",,,
"UQ4NJSTE","journalArticle","SpikePropamine: Differentiable Plasticity in Spiking Neural Networks","10.3389/fnbot.2021.629210","2021-9-22","Frontiers in Neurorobotics"
"KIESXDSR","journalArticle","Review and perspective: neuromechanical considerations for predicting muscle activation patterns for movement","10.1002/cnm.2485","October 1, 2012","International Journal for Numerical Methods in Biomedical Engineering"
"SIMP4URQ","journalArticle","Using mouse genetics to study the developing spinal locomotor circuit","10.1016/b978-0-12-816477-8.00011-9","2020-01-01",
"KXJZWQ4D","journalArticle","Flexing Computational Muscle: Modeling and Simulation of Musculotendon Dynamics","10.1115/1.4023390","2013-02-01","Journal of Biomechanical Engineering"
"IXGZ4RV5","journalArticle","Position dependence of ankle joint dynamicsΓÇöI. Passive mechanics","10.1016/0021-9290(86)90196-X","January 1, 1986","Journal of Biomechanics"
"5AU3FPPY","journalArticle","Studies of microstructural and mechanical properties of nylon/glass composite Part I The effect of thermal processing on crystallinity, transcrystallinity and crystal phases",,,
"6BQ7N29I","journalArticle","Meta-SpikePropamine: learning to learn with synaptic plasticity in spiking neural networks","10.3389/fnins.2023.1183321","2023-05-12","Frontiers in Neuroscience"
"UPNR3K6B","journalArticle","The spinal control of locomotion and step-to-step variability in left-right symmetry from slow to moderate speeds","10.1152/jn.00419.2015","2015-06-17","Journal of neurophysiology"
"MHPM4JNZ","journalArticle","Neural control of locomotion: sensory control of the central pattern generator and its relation to treadmill training","10.1016/s0966-6362(98)00010-1","1998-05-01","Gait & Posture"
"XJLS7P5G","bookSection","Combining Modeling and Measurements To Predict Crystal Morphology in Material Extrusion","10.1021/bk-2019-1315.ch006","01/2019",
"BW5UJTU6","webpage","(PDF) FICS-PCB: A Multi-Modal Image Dataset for Automated Printed Circuit Board Visual Inspection",,,
"B3URAPQR","journalArticle","Position Control of McKibben-Type Pneumatic Artificial Muscle via Port-Hamiltonian Approach","10.1109/LRA.2025.3567164","2025-06","IEEE Robotics and Automation Letters"
"84FB74PT","conferencePaper","Neuromechanical Simulation of an Inter-leg Controller for Tetrapod Coordination",,"2014",
"ISJQLI4T","journalArticle","Range of motion measurements: reference values and a database for comparison studies.","10.1111/j.1365-2516.2010.02399.x","2011","Haemophilia"
"PHFEDE33","journalArticle","Investigating the role of low level reinforcement reflex loops in insect locomotion","10.1088/1748-3190/ac28ea","2021-10","Bioinspiration & Biomimetics"
"AA35QZQC","journalArticle","A Tour of Reinforcement Learning: The View from Continuous Control","10.1146/annurev-control-053018-023825","2019-05-03","Annual Review of Control, Robotics, and Autonomous Systems"
"EZNK3NQR","journalArticle","The influence of slip velocity on wear of total knee arthroplasty",,"10 May 2005","Wear"
"R26CYJXK","conferencePaper","BoxyBot: a swimming and crawling fish robot controlled by a central pattern generator","10.1109/BIOROB.2006.1639162","2006",
"893TQWRC","journalArticle","Proprioceptors in extraocular muscles","10.1113/EP090765","2024","Experimental Physiology"
"DXNQ8BHT","journalArticle","Phase-Resetting Curves Determine Synchronization, Phase Locking, and Clustering in Networks of Neural Oscillators","10.1523/JNEUROSCI.0426-09.2009","2009-04-22","Journal of Neuroscience"
"WJHKQVU4","journalArticle","Flexing Computational Muscle: Modeling and Simulation of Musculotendon Dynamics","10.1115/1.4023390","2013-02-1","Journal of Biomechanical Engineering"
"CDVVCXUV","journalArticle","Part Quality Prediction Tools for Fused Deposition Processing",,,
"RGLAUKF3","journalArticle","Adaptive activation functions accelerate convergence in deep and physics-informed neural networks","10.1016/j.jcp.2019.109136","03/2020","Journal of Computational Physics"
"DBMJHHCD","journalArticle","Neural Networks Trained via Reinforcement Learning Stabilize Walking of a Three-Dimensional Biped Model With Exoskeleton Applications","10.3389/frobt.2021.710999","2021-08-06","Frontiers in Robotics and AI"
"GLJ9NUER","journalArticle","Biomechanics of the ankle","10.1016/j.mporth.2016.04.015","June 2016","Orthopaedics and Trauma"
"JHZ7AFBY","journalArticle","Mechanical modeling of mechanosensitive insect strain sensors as a tool to investigate exoskeletal interfaces","10.1088/1748-3190/ad1db9","2024-02","Bioinspiration & Biomimetics"
"CRPNTJEL","journalArticle","A bioinspired robotic knee with controlled joint surfaces and adjustable ligaments","10.1088/1748-3190/ac8711","2022-11-01","Bioinspiration & Biomimetics"
"DPGYPXRN","journalArticle","Stronger, Smarter, Softer: Next-Generation Wearable Robots","10.1109/MRA.2014.2360283","12/2014","IEEE Robotics & Automation Magazine"
"TFXPPTE4","journalArticle","Preventing Falls in Elderly Persons",,"2003","The New England Journal of Medicine"
"DND2XE3D","journalArticle","Organizing recurrent network dynamics by task-computation to enable continual learning",,,
"2E8RV33H","journalArticle","Red muscle activity in bluegill sunfish Lepomis macrochirus during forward accelerations","10.1038/s41598-019-44409-7","2019-05-30","Scientific Reports"
"T2NE3ZDU","journalArticle","Lynn Landmesser (1943ΓÇô2024): A pioneer in developmental neurobiology","10.1073/pnas.2509313122","2025-06-03","Proceedings of the National Academy of Sciences"
"IUK6NXVI","attachment","Springer+Handbook+of+Robotics.pdf",,,
"UGLQFZDR","journalArticle","Wheel Transformer: A Wheel-Leg Hybrid Robot With Passive Transformable Wheels","10.1109/TRO.2014.2365651","2014-12","IEEE Transactions on Robotics"
"XST9AKLZ","journalArticle","Biarticular muscles in light of template models, experiments and robotics: a review","10.1098/rsif.2018.0413","2020-02-26","Journal of The Royal Society Interface"
"WS3NUTJL","thesis","Applying Biomimetic Passive Dynamics to a Quadruped Robot Leg",,"2022",
"39QX3HJM","journalArticle","Additive Manufacturing of Wood Flour/PHA Composites Using Micro-Screw Extrusion: Effect of Device and Process Parameters on Performance","10.3390/polym13071107","2021-03-31","Polymers"
"GH6B3V7E","journalArticle","Joint Receptor Contributions to Reflexive and Kinesthetic Responses",,"1982/01/01","Physical Therapy"
"8QSE928I","journalArticle","Effect of void content on the strength of composite laminates","https://doi.org/10.1016/0263-8223(94)90044-2","1994","Composite Structures"
"QPRKSXIW","journalArticle","Sideways crab-walking is faster and more efficient than forward walking for a hexapod robot","10.1088/1748-3190/ac6847","2022-05","Bioinspiration &amp$\mathsemicolon$ Biomimetics"
"M96DCDI2","journalArticle","Drawing and annealing of nylon-6 fibres: studies of crystal growth, orientation of amorphous and crystalline domains and their influence on properties","https://doi.org/10.1016/0032-3861(95)99780-X","1995","Polymer"
"VGPQXSH3","journalArticle","3D printing of polymer matrix composites: A review and prospective","10.1016/j.compositesb.2016.11.034","2017-02-01","Composites Part B: Engineering"
"4RFSZCB2","journalArticle","Whisker Deafferentation and Rodent Whisking Patterns: Behavioral Evidence for a Central Pattern Generator","10.1523/JNEUROSCI.21-14-05374.2001","2001-07-15","The Journal of Neuroscience"
"GLKDUT6D","journalArticle","Firing Properties of Identified Interneuron Populations in the Mammalian Hindlimb Central Pattern Generator","10.1523/JNEUROSCI.22-22-09961.2002","2002-11-15","The Journal of Neuroscience"
"MZQ6VI97","journalArticle","McKibben Muscle With Elastic Thread Embedded in Parallel Extending Range of Motion of Muscle-Driven Robots","10.1109/LRA.2025.3528662","2025-03","IEEE Robotics and Automation Letters"
"B2RU5PCV","journalArticle","Estimation of region of attraction for polynomial nonlinear systems: A numerical method","10.1016/j.isatra.2013.08.005","01/2014","ISA Transactions"
"S9EHVGVK","journalArticle","Investigation of the structure of solution grown crystals of lactide copolymers by means of chemical reactions",,,
"BWI48JP3","journalArticle","Human motion tracking for rehabilitationΓÇöA survey","10.1016/j.bspc.2007.09.001","1/2008","Biomedical Signal Processing and Control"
"IDBBQIBG","conferencePaper","A versatile and efficient pattern generator for generalized legged locomotion","10.1109/ICRA.2016.7487538","5/2016",
"M9E6VA9Q","bookSection","Termite Mound Architecture, from Function to Construction","10.1007/978-90-481-3977-4_13","2011",
"ZLMKSRDN","webpage","Wayback Machine",,"2018-07-25",
"IG5DZ4DK","journalArticle","Modeling the Static Force of a Festo Pneumatic Muscle Actuator: A New Approach and a Comparison to Existing Models","10.3390/act6040033","2017-11-02","Actuators"
"8YRZHXYB","journalArticle","Lynn Landmesser (1943ΓÇô2024): A pioneer in developmental neurobiology","10.1073/pnas.2509313122","2025-06-03","Proceedings of the National Academy of Sciences"
"QEBPTMYZ","journalArticle","Locomotor primitives in newborn babies and their development.","10.1126/science.1210617","2011-11-18","Science"
"3T3V5WYC","journalArticle","Supraspinal contributions to the initiation and control of locomotion in the cat.","10.1016/0301-0082(86)90021-3","1986-01-01","Progress in Neurobiology"
"WWTDXBXV","thesis","Learning Dynamical Systems Using Dynamical Systems",,"January 2022",
"6RIZUQ4W","journalArticle","The mammalian central pattern generator for locomotion","10.1016/j.brainresrev.2009.08.002","12/2009","Brain Research Reviews"
"AYA4LUG9","journalArticle","Leg-local neural mechanisms for searching and learning enhance robotic locomotion","10.1007/s00422-017-0726-x","2018-04-01","Biological Cybernetics"
"GUAG8TNV","conferencePaper","A study of function of foot's medial longitudinal arch using biped humanoid robot","10.1109/IROS.2010.5650414","October 2010",
"4W89VMB3","conferencePaper","Particle swarm optimisation for evolving artificial neural network","10.1109/ICSMC.2000.884366","2000-10",
"UULZ2UMB","bookSection","Stochastic Gradient Descent Tricks","10.1007/978-3-642-35289-8_25","2012",
"KI2VU3HQ","journalArticle","Understanding and mitigating gradient pathologies in physics-informed neural networks",,"2020-01-13","arXiv:2001.04536 [cs, math, stat]"
"3DY7VGL2","conferencePaper","Controlling articulated robots in task-space with spiking silicon neurons","10.1109/BIOROB.2014.6913773","August 2014",
"WUZ9ZRLJ","journalArticle","Unveiling the role of plasticity rules in reservoir computing","10.1016/j.neucom.2020.05.127","10/2021","Neurocomputing"
"NFRDVLCY","journalArticle","Performance Study of 3D Printed Continuous Fiber-Reinforced Polymer Composites Using Taguchi Method","10.1007/s11665-022-07715-2","11/2023","Journal of Materials Engineering and Performance"
"878XMY53","journalArticle","Dynamic modelling of one degree of freedom pneumatic muscle-based actuator for industrial applications",,"2012","Tehni─ìki vjesnik"
"HNTEY3GQ","conferencePaper","A Functional Subnetwork Approach to┬áMultistate Central Pattern Generator Phase Difference Control","10.1007/978-3-031-20470-8_37","2022",
"YQDQPP63","presentation","PSU Neuroscience Club - The Quest for a Neuroscience Major: Navigating Neuroscience Education via Creation of an Interdisciplinary Neuroscience Minor",,"2022, November 12-16",
"7VDNWEJV","conferencePaper","What is a Moment Arm? Calculating Muscle Effectiveness in Biomechanical Models Using Generalized Coordinates","10.1115/DETC2013-13633","2013-08-04",
"RJ6YTN7Q","journalArticle","Designing Compliant Spine Mechanisms for Climbing","10.1115/1.40066591","2012-06-08","Journal of Mechanisms and Robotics"
"WCS9G7XB","journalArticle","Video capture of the circumstances of falls in elderly people residing in long-term care: an observational study","10.1016/S0140-6736(12)61263-X","01/2013","The Lancet"
"IZ4949GX","journalArticle","Effects of Annealing for Strength Enhancement of FDM 3D-Printed ABS Reinforced with Recycled Carbon Fiber","10.3390/polym15143110","2023-07-21","Polymers"
"BUFS9CSP","journalArticle","How to compute muscle moment arm using generalized coordinates",,,
"VCG4TEQJ","journalArticle","Dynamic 3D scanning as a markerless method to calculate multi-segment foot kinematics during stance phase: Methodology and first application","10.1016/j.jbiomech.2014.06.010","08/2014","Journal of Biomechanics"
"I5AS8CBA","journalArticle","Three-dimensionally printed designable joint for carbon fibre reinforced plastics","10.1080/09243046.2018.1470894","2019-03-04","Advanced Composite Materials"
"XXIATGXX","journalArticle","Insect Walking and Biorobotics: A Relationship with Mutual Benefits","10.1641/0006-3568(2000)050[0023:IWABAR]2.3.CO;2","2000/01","BioScience"
"XMZZCRLD","report","Fluidic Muscle DMSP/MAS",,"01-2018",
"YZSP4ZPD","journalArticle","Relative Contribution of Proprioceptive and Vestibular Sensory Systems to Locomotion: Opportunities for Discovery in the Age of Molecular Science","10.3390/ijms22031467","February 2, 2021","International Journal of Molecular Sciences"
"SSJAZSV5","webpage","The Action Potential | Anatomy and Physiology I",,,
"TQG6JYGT","journalArticle","Experimental investigation and statistical analysis of additively manufactured onyxΓÇÉcarbon fiber reinforced composites","10.1002/app.50338","2021-05-10","Journal of Applied Polymer Science"
"GS86UE5L","journalArticle","The influence of a polymeric nucleating additive on the crystallisation in glass fibre reinforced polyamide 6 composites","https://doi.org/10.1016/j.compscitech.2006.12.005","2007","Composites Science and Technology"
"SF22L356","journalArticle","Self-Adaptive Physics-Informed Neural Networks using a Soft Attention Mechanism",,"2020-09-15","arXiv:2009.04544 [cs, stat]"
"WTMBMAEU","journalArticle","Multiple chaotic central pattern generators with learning for legged locomotion and malfunction compensation","10.1016/j.ins.2014.05.001","02/2015","Information Sciences"
"HLX89K4L","webpage","Special issue on adaptive motion of animals and machines",,,
"CRE5W5E2","conferencePaper","Determination of Artificial Muscle Placement for Biomimetic Humanoid Robot Legs",,"July 2019",
"XKPI5M7S","journalArticle","Model-Agnostic Meta-Learning for Fast Adaptation of Deep Networks",,,
"GZZZZBQA","attachment","Gossard - Transmission in a locomotor-related group Ib pathway from hindlimb extensor muscles in the cat.pdf",,,
"IWSR7NYL","journalArticle","A Force-Sensing System on Legs for Biomimetic Hexapod Robots Interacting with Unstructured Terrain","10.3390/s17071514","2017/7","Sensors"
"UBNGALD4","journalArticle","Modeling the mammalian locomotor CPG: insights from mistakes and perturbations","10.1016/S0079-6123(06)65015-2","2007","Progress in brain research"
"FEZ76HD7","conferencePaper","Safe learning of regions of attraction for uncertain, nonlinear systems with Gaussian processes","10.1109/CDC.2016.7798979","12/2016",
"JZYVBEMP","journalArticle","A systematic review on design technology and application of polycentric prosthetic knee in amputee rehabilitation",,"2020","Physical and Engineering Sciences in Medicine"
"37NUNM8N","journalArticle","Postural feedback responses scale with biomechanical constraints in human standing","10.1007/s00221-003-1674-3","2003/11/14","Experimental Brain Research"
"K5DBPG5Z","journalArticle","A review of compliant transmission mechanisms for bio-inspired flapping-wing micro air vehicles","10.1088/1748-3190/aa58d3","2017","Bioinspiration & Biomimetics"
"7QVL7Y9H","journalArticle","Recent Insights into the Rhythmogenic Core of the Locomotor CPG.","10.3390/ijms22031394","2021","International Journal of Molecular Sciences"
"5RGQFPWN","journalArticle","Age and sex differences in human balance performance from 6-18 years of age: A systematic review and meta-analysis","10.1371/journal.pone.0214434","Apr 9, 2019","PLOS ONE"
"ZXDCXIBI","journalArticle","On the Organization of the Locomotor CPG: Insights From Split-Belt Locomotion and Mathematical Modeling","10.3389/fnins.2020.598888","2020-10-16","Frontiers in Neuroscience"
"5TDBQBXX","journalArticle","Impact strength of polymers. 3: The effect of annealing on cold worked polycarbonates","https://doi.org/10.1002/pen.760210308","1981","Polymer Engineering & Science"
"HPVWF2M2","journalArticle","Creep and Recovery Behavior of Continuous Fiber-Reinforced 3DP Composites","10.3390/polym13101644","2021-05-19","Polymers"
"2IZKF493","journalArticle","A Review of Deep Learning Models for Time Series Prediction",,,"IEEE Sensors"
"CHLCUX3K","journalArticle","SNS-Toolbox: An Open Source Tool for Designing Synthetic Nervous Systems and Interfacing Them with CyberΓÇôPhysical Systems","10.3390/biomimetics8020247","2023/6","Biomimetics"
"T3TVLE8T","journalArticle","The Human Central Pattern Generator for Locomotion: Does It Exist and Contribute to Walking?","10.1177/1073858417699790","12/2017","The Neuroscientist"
"4BLTSNXM","journalArticle","Distributed Central Pattern Generator Control for a Serpentine Robot",,,
"FFVJ24C2","journalArticle","A neuromechanical model for the neuronal basis of curve walking in the stick insect","10.1152/jn.00648.2012","November 7, 2012","Journal of Neurophysiology"
"7SILI7PL","journalArticle","Quasi optimal sagittal gait of a biped robot with a new structure of knee joint","10.1016/j.robot.2013.12.001","April 2014","Robotics and Autonomous Systems"
"IF5N7PEA","journalArticle","An interactive graphics-based model of the lower extremity to study orthopaedic surgical procedures","10.1109/10.102791","Aug./1990","IEEE Transactions on Biomedical Engineering"
"TSQCC34X","journalArticle","Age-related changes in the neuromuscular control of forward and backward locomotion",,"February 18, 2021","PLoS ONE"
"YDK48ER5","journalArticle","Spinal motor outputs during step-to-step transitions of diverse human gaits","10.3389/fnhum.2014.00305","2014","Frontiers in Human Neuroscience"
"VTQSGATZ","journalArticle","A three-dimensional musculoskeletal model of the dog.","10.1038/s41598-021-90058-0","2021-05-31","Scientific Reports"
"XJAEERIV","journalArticle","Development and Training of a Neural Controller for Hind Leg Walking in a Dog Robot","10.3389/fnbot.2017.00018","2017-04-04","Frontiers in Neurorobotics"
"I72Q4JQD","journalArticle","Observations on the function of a slowly-adapting mechanoreceptor associated with filoplumes in the feathered skin of pigeons","10.1007/BF00610731","1985/05/01","Journal of Comparative Physiology A"
"5RHEIAZQ","journalArticle","The Gaits of Bipedal and Quadrupedal Animals","10.1177/027836498400300205","June 1, 1984","The International Journal of Robotics Research"
"F6K7B3NX","journalArticle","Implications of Positive Feedback in the Control of Movement","10.1152/jn.1997.77.6.3237","1997-06-01","Journal of Neurophysiology"
"E6G65ZAN","journalArticle","Robust passive dynamics of the musculoskeletal system compensate for unexpected surface changes during human hopping","10.1152/japplphysiol.91189.2008","2009-9","Journal of Applied Physiology"
"H9UGBJ4B","webpage","IEEE Xplore Full-Text PDF:",,,
"DWKX2C3D","journalArticle","A neural network with central pattern generators entrained by sensory feedback controls walking of a bipedal model.","10.1088/1748-3190/aa8290","2017-10-06","Bioinspiration & Biomimetics"
"VH3H7MGV","conferencePaper","Self-adapting humanoid locomotion using a neural oscillator network","10.1109/IROS.2007.4399498","10/2007",
"IYDQ8HB5","journalArticle","A Simplex Method for Function Minimization","10.1093/comjnl/7.4.308","1965-01-01","The Computer Journal"
"LNCRB4PQ","journalArticle","Reinforcement Learning, Fast and Slow","10.1016/j.tics.2019.02.006","05/2019","Trends in Cognitive Sciences"
"WEWNE5MB","journalArticle","Survey of gain-scheduling analysis and design","10.1080/002071700411304","01/2000","International Journal of Control"
"UETSUGQ3","journalArticle","Fabrication and mechanical characterization of continuous carbon fiber-reinforced thermoplastic using a preform by three-dimensional printing and via hot-press molding","10.1080/09243046.2017.1368840","2018","Advanced Composite Materials"
"H3HM2DH7","journalArticle","Biomechanics and muscle coordination of human walking Part I: Introduction to concepts, power transfer, dynamics and simulations",,,
"TRMFQ645","journalArticle","Neural Control of Walking in People with Parkinsonism","10.1152/physiol.00034.2015","2016/03/01","Physiology"
"3ZWHC2N7","journalArticle","Proprioceptive input resets central locomotor rhythm in the spinal cat.","10.1007/bf00249807","1987-01-01","Experimental Brain Research"
"3N8G2LVH","conferencePaper","A neurorobotic model of bipedal locomotion based on principles of human neuromuscular architecture","10.1109/ICRA.2012.6225149","May 2012",
"CZF3SFPV","journalArticle","Human upright posture control models based on multisensory inputs; in fast and slow dynamics","10.1016/j.neures.2015.12.002","March 2016","Neuroscience Research"
"2RTDPJA2","journalArticle","On mimicking human balance with brain-inspired modeling and control",,"2020",
"66KVYB3J","journalArticle","A neuromechanical simulation of insect walking and transition to turning of the cockroach Blaberus discoidalis","10.1007/s00422-013-0573-3","2013-11-01","Biological cybernetics"
"SJBHSUQ7","book","Fluid Actuated Motor System and Stroking Device",,"1958",
"SDZI2AT6","journalArticle","Volume 3: Learning, Motivation, and Emotion",,"2002",
"REVLLAR7","journalArticle","On the static deformation of a bow","10.1007/BF00042863","1/1980","Journal of Engineering Mathematics"
"SNWA477S","conferencePaper","Hysteresis Modeling and Compensation of Pneumatic Artificial Muscles using the Generalized Prandtl-Ishlinskii Model","10.5545/sv-jme.2017.4491","2017",
"YYZU8GIT","journalArticle","Bio-Based Polymer Composites and Nanocomposites: A Sustainable Approach","10.3390/macromol6020024","2026-04-10","Macromol"
"SFCZ9AJF","journalArticle","The processing, properties, and structure of carbon fibers","10.1007/s11837-005-0217-8","02/2005","JOM"
"VQSTZ6W9","conferencePaper","Design of high torque and high speed leg module for high power humanoid","10.1109/IROS.2010.5649683","October 2010",
"GPG6BBL8","journalArticle","Effect of processing conditions on the bonding quality of FDM polymer filaments","10.1108/13552540810862028","2008-03-28","Rapid Prototyping Journal"
"DHXZ4DF3","bookSection","State Estimation by Multi-Sensor Fusion for Autonomous Mini and Micro Aerial Vehicles","10.2514/6.2005-5840",,
"4IBIPTWA","journalArticle","A Bio-Inspired Condylar Hinge for Robotic Limbs","10.1115/1.4024471","August 2013","Journal of Mechanisms and Robotics"
"UFJSQM84","attachment","Wolpert and Ghahramani - 2000 - Computational principles of movement neuroscience.pdf",,,
"WYARSXXY","journalArticle","Synaptic organizations and dynamical properties of weakly connected neural oscillators",,,
"IAD47LNA","journalArticle","Gasping activity in vitro: a rhythm dependent on 5-HT2A receptors","10.1523/JNEUROSCI.4186-05.2006","2006-03-08","The Journal of Neuroscience: The Official Journal of the Society for Neuroscience"
"VK3NG4D7","videoRecording","Kestrel Hovering Super Slow Motion",,,
"U8ZKDZJI","journalArticle","Postnatal Phenotype and Localization of Spinal Cord V1 Derived Interneurons","10.1002/cne.20711","2005-12-12","The Journal of Comparative Neurology"
"CHB7H5X2","bookSection","Anisotropic Mechanical Properties of ABS Parts Fabricated by Fused Deposition Modelling","10.5772/34233","2012",
"TV4WQU3X","journalArticle","New Moves in Motor Control","10.1016/j.cub.2011.05.029","2011-07-12","Current Biology"
"QGMXZ66Q","journalArticle","Parallel compliance design for increasing robustness and efficiency in legged locomotion - theoretical background and applications","10.1109/TMECH.2020.3019686","2020","IEEE/ASME Transactions on Mechatronics"
"NQ4G6RAQ","journalArticle","Modeling red muscle power output during steady and unsteady swimming in largemouth bass","10.1152/ajpregu.1994.267.2.R481","1994-08","The American Journal of Physiology"
"KR9F2GDF","journalArticle","A physical model of sensorimotor interactions during locomotion","10.1088/1741-2560/9/4/046011","2012","Journal of Neural Engineering"
"JCIMLI7J","journalArticle","Degradation of mouse locomotor pattern in the absence of proprioceptive sensory feedback","10.1073/pnas.1419045111","2014","Proceedings of the National Academy of Sciences"
"9N33SQ7P","journalArticle","Implementation of Deep Deterministic Policy Gradients for Controlling Dynamic Bipedal Walking","10.3390/biomimetics4010028","2019/3","Biomimetics"
"EC8PMPGW","journalArticle","Hip joint geometry effects on cartilage contact stresses during a gait cycle","10.1109/EMBC.2016.7592105","2016","Conference proceedings: ... Annual International Conference of the IEEE Engineering in Medicine and Biology Society. IEEE Engineering in Medicine and Biology Society. Annual Conference"
"ILVBXMKL","journalArticle","Challenges for large-scale implementations of spiking neural networks on FPGAs","10.1016/j.neucom.2006.11.029","December 1, 2007","Neurocomputing"
"MDZNW5ZH","journalArticle","Muscle moment-arms: a key element in muscle-force estimation","10.1080/10255842.2013.818666","2015-04-04","Computer Methods in Biomechanics and Biomedical Engineering"
"GLESR266","journalArticle","FDM 3D Printing of Polymers Containing Natural Fillers: A Review of their Mechanical Properties","10.3390/polym11071094","2019-06-28","Polymers"
"KUM8QZUQ","conferencePaper","A De-risked Bio-inspired Condylar Prosthetic Knee Joint for a Robotic Leg Test Rig","10.23919/ICCAS50221.2020.9268259","2020-10",
"4F3QPGPW","journalArticle","Development and Training of a Neural Controller for Hind Leg Walking in a Dog Robot","10.3389/fnbot.2017.00018","2017","Frontiers in Neurorobotics"
"55LLU3GR","conferencePaper","A new locally convergent particle swarm optimiser","10.1109/ICSMC.2002.1176018","2002-10",
"3DA22HHC","journalArticle","The gust-mitigating potential of flapping wings","10.1088/1748-3190/11/4/046010","August 2016","Bioinspiration & Biomimetics"
"7R8BBC7F","journalArticle","Self-assembly in aqueous block copolymer solutions","10.1021/ma00046a049","1992-09-01","Macromolecules"
"XDYEGUSU","webpage","Compliant actuation of rehabilitation robots | IEEE Journals & Magazine | IEEE Xplore",,,
"UUFQZRKZ","journalArticle","2008 Special Issue: Central pattern generators for locomotion control in animals and robots: A review","10.1016/j.neunet.2008.03.014","2008-05-01","Neural Networks"
"FCULJ6UL","journalArticle","Towards a Central Pattern Generator Exosuit Controller for People after Stroke",,,
"BABDRHYD","attachment","Macro Materials   Eng - 2018 - Wach - Enhancement of Mechanical Properties of FDMΓÇÉPLA Parts via Thermal Annealing.pdf",,,
"HFA7FYH8","journalArticle","Localization and organization of the central pattern generator for hindlimb locomotion in newborn rat","10.1523/JNEUROSCI.15-07-04943.1995","1995-07-01","The Journal of Neuroscience"
"E376F3ZS","journalArticle","The Human Central Pattern Generator for Locomotion: Does It Exist and Contribute to Walking?","10.1177/1073858417699790","12/2017","The Neuroscientist"
"GU5NK6I8","journalArticle","Integration of posture and locomotion in acute decerebrate cats and in awake, freely moving cats","10.1016/0301-0082(87)90010-4","1987-01-01","Progress in Neurobiology"
"R44UUP3U","journalArticle","Biomechanical Analysis of the Three-Dimensional Foot Structure During Gait: A Basic Tool for Clinical Applications","10.1115/1.1318904","July 9, 2000","Journal of Biomechanical Engineering"
"UIUWTJ4K","journalArticle","Sensorimotor Integration in Human Postural Control","10.1152/jn.2002.88.3.1097","09/2002","Journal of Neurophysiology"
"4FA783MK","journalArticle","Hip geometry and femoral neck fractures: A┬ámeta-analysis","10.1016/j.jot.2017.12.002","2018-1-05","Journal of Orthopaedic Translation"
"LWZ38UPV","journalArticle","Symbiotic electroneural and musculoskeletal framework to encode proprioception via neurostimulation: ProprioStim","10.1016/j.isci.2023.106248","2023-03-17","iScience"
"NP9BTZEC","journalArticle","Neural control of locomotion; Part 1: The central pattern generator from cats to humans","10.1016/S0966-6362(97)00042-8","3/1998","Gait & Posture"
"TUKPVAP7","journalArticle","Polylactic Acid (PLA) Biocomposite: Processing, Additive Manufacturing and Advanced Applications","10.3390/polym13081326","2021-04-18","Polymers"
"RP4TBZ4D","journalArticle","Moment arms and musculotendon lengths estimation for a three-dimensional lower-limb model","10.1016/j.jbiomech.2003.12.017","September 1, 2004","Journal of Biomechanics"
"9WELWJLD","webpage","Downloads available",,,
"DMJ8RB4N","journalArticle","Deletions of Rhythmic Motoneuron Activity During Fictive Locomotion and Scratch Provide Clues to the Organization of the Mammalian Central Pattern Generator","10.1152/jn.00216.2005","08/2005","Journal of Neurophysiology"
"EFZ3KYFH","book","Introduction to Magnetic Materials",,"1972",
"FK339EI2","journalArticle","Keeping a Good Attitude: A Quaternion-Based Orientation Filter for IMUs and MARGs","10.3390/s150819302","2015-08-06","Sensors"
"VK7WPD4U","webpage","Knee - MRIs - embodi3D.com",,,
"APYHNNSB","preprint","Backpropagation Algorithms and Reservoir Computing in Recurrent Neural Networks for the Forecasting of Complex Spatiotemporal Dynamics",,"2020-02-17",
"NQQRTJJA","conferencePaper","The evolution of neural network controllers for the targeted swing of a cockroach-like robot",,"2002",
"N9QQHMZV","journalArticle","Center of Mass Velocity Position Prediction for Balance Control.pdf",,"1997","Journal of Biomechanics"
"LN497H9J","conferencePaper","Arti∩¼ücial compound eye and synthetic neural network for recognition of motion",,"July 2018",
"MKQD2WDW","webpage","NBIA at CBIIT Image Collections - Imaging - Cancer Imaging Program - National Cancer Institute - Confluence Wiki",,,
"AVWBKXNP","webpage","Multipurpose Neoprene Rubber (Used for Intside)",,,
"2NVGQLSZ","journalArticle","A toolbox for neuromorphic sensing in robotics",,"2021-10-05","arXiv:2103.02751 [cs]"
"7AFEX7K2","attachment","main.pdf",,,
"NU5TIIXN","journalArticle","An Automatic and Simplified Approach to Muscle Path Modeling","10.1115/1.4051870","2021-09-01","Journal of Biomechanical Engineering"
"KRVGGCI2","presentation","Strong by Design - Rethinking the DNA of 3D Prints",,"2026",
"CZ29B3R8","journalArticle","From Bipedal to Quadrupedal Locomotion, Experimental Realization of Lyapunov Approaches",,,
"5E9WS74A","journalArticle","An adaptive locomotion controller for a hexapod robot: CPG, kinematics and force feedback","10.1007/s11432-014-5148-y","11/2014","Science China Information Sciences"
"NCPB4GN4","journalArticle","Bio-inspired controller achieving forward speed modulation with a 3D bipedal walker","10.1177/0278364917743320","01/2018","The International Journal of Robotics Research"
"SMHU75DV","journalArticle","Stable Control of Force, Position, and Stiffness for a Pneumatic Muscle Actuator Joint","10.1109/TII.2018.2849330","2019","Transactions on Industrial Informatics"
"R94M4NHE","journalArticle","CPG-based Sensory Feedback Control for Bio-inspired Multimodal Swimming","10.5772/59186","2014-10-01","International Journal of Advanced Robotic Systems"
"8XTEBT9Z","conferencePaper","Trajectory tracking control of a 6-degree-of-freedom robot arm using nonlinear optimization","10.1109/AMC.2008.4516144","March 2008",
"NUHWFZ2P","conferencePaper","Estimating the Region of Attraction via collocation for autonomous nonlinear systems","10.12989/sem.2012.41.2.263","2012",
"YEM4XZX8","conferencePaper","3D printed soft actuators for a legged robot capable of navigating unstructured terrain","10.1109/ICRA.2017.7989652","5/2017",
"2XTN5YJI","journalArticle","An exploration of binder jetting of copper","10.1108/RPJ-12-2014-0180","2015-03-16Z",
"HS6SN3J6","journalArticle","Automated Disassembly of Waste Printed Circuit Boards: The Role of Edge Computing and IoT","10.3390/computers14020062","2025/2","Computers"
"B8ARTK7U","book","Synthetic Nervous Systems and Design Tools for Legged Locomotion",,"2017",
"8Y8SAKSG","webpage","A New Artificial Neural Network Approach in Solving Inverse Kinematics of Robotic Arm (Denso VP6242)","10.1155/2016/5720163","2016",
"SC3G6LMF","attachment","Neuroscience 6th Edition by Dale Purves.pdf",,,
"YBF4CLC8","journalArticle","Lie Point Symmetry Data Augmentation for Neural PDE Solvers",,"2022","Proceedings of Machine Learning Research"
"GS62Z86F","journalArticle","Influence of infill properties on flexural rigidity of 3D-printed structural members","10.1080/17452759.2018.1537064","2019-04-03","Virtual and Physical Prototyping"
"JVEFVSDQ","journalArticle","Human-level control through deep reinforcement learning","10.1038/nature14236","2015-02-26","Nature"
"289LBPAK","journalArticle","Extending the Functional Subnetwork Approach to a Generalized Linear Integrate-and-Fire Neuron Model.","10.3389/fnbot.2020.577804","2020","Frontiers in Neurorobotics"
"4MU55EWW","conferencePaper","Stabilization of an Inverted Pendulum via Human Brain Inspired Controller Design","10.1109/Humanoids43949.2019.9035019","2019-10",
"PFKT5DSW","bookSection","Using Animal Data and Neural Dynamics to Reverse Engineer a Neuromechanical Rat Model","10.1007/978-3-319-22979-9_21","2015",
"NRTN3NGY","journalArticle","Modelling of intersegmental coordination in the lamprey central pattern generator for locomotion","10.1016/0166-2236(92)90006-T","11/1992","Trends in Neurosciences"
"HWT5HSNM","conferencePaper","Human mimetic musculoskeletal humanoid Kengoro toward real world physically interactive actions","10.1109/HUMANOIDS.2016.7803376","11/2016",
"I726DE7B","journalArticle","Neural Coding in Spiking Neural Networks: A Comparative Study for Robust Neuromorphic Systems","10.3389/fnins.2021.638474","2021-3-4","Frontiers in Neuroscience"
"S9PL6VHT","conferencePaper","LEMUR 3: A limbed climbing robot for extreme terrain mobility in space","10.1109/ICRA.2017.7989643","2017-05",
"3MYHDC8K","webpage","IEEE Xplore Full-Text PDF:",,,
"YZ8QLIQJ","journalArticle","Evolving swimming controllers for a simulated lamprey with inspiration from neurobiology",,"1999","Adaptive Behavior"
"XTLSGDEA","journalArticle","On the limited memory BFGS method for large scale optimization","10.1007/BF01589116","8/1989","Mathematical Programming"
"GYP7XXQA","webpage","An algorithm for enlarging the region of attraction using trajectory reversing | IEEE Conference Publication | IEEE Xplore",,,
"E82TY5EZ","journalArticle","Sensory reweighting dynamics in human postural control","10.1152/jn.00669.2013","2014/05/01","Journal of Neurophysiology"
"AIZH5XUF","journalArticle","Robotic investigation on effect of stretch reflex and crossed inhibitory response on bipedal hopping","10.1098/rsif.2018.0024","2018-03-31","Journal of The Royal Society Interface"
"JKCEHD4L","journalArticle","Effects of Hip Geometry on Fracture Patterns of Proximal Femur",,"June 2016","Archives of Bone and Joint Surgery"
"47FBNJRM","webpage","Gecko inspired adhesive can attach and detach using UV light",,,
"TZWZK9EF","journalArticle","Variational Physics-Informed Neural Networks For Solving Partial Differential Equations",,"2019-11-27","arXiv:1912.00873 [physics, stat]"
"WWK5392J","journalArticle","Reconstructing the knee joint mechanism from kinematic data","10.1080/13873954.2010.507094","October 2010","Mathematical and Computer Modelling of Dynamical Systems"
"RHLKNMBS","journalArticle","Safe Reinforcement Learning Using Robust MPC","10.1109/TAC.2020.3024161","8/2021","IEEE Transactions on Automatic Control"
"RUFTVIMG","journalArticle","Improved postural control through repetition and consolidation",,"2005/01/01","Journal of Vestibular Research"
"58ZZ67QE","journalArticle","Strength analysis of 3D printed carbon fibre reinforced thermoplastic using experimental and numerical methods","10.1088/1757-899X/700/1/012024","2019-11-01","IOP Conference Series: Materials Science and Engineering"
"BW2B2RGZ","journalArticle","Transmission in a locomotor-related group Ib pathway from hindlimb extensor muscles in the cat.","10.1007/bf00228410","1994-01-01","Experimental Brain Research"
"P9NSY73Z","journalArticle","Influence of Large-Scale Freestream Turbulence on the Performance of a Thin Airfoil","10.2514/1.J051640","2012","AIAA Journal"
"WK7ZNCPI","journalArticle","Identification of the human postural control system through stochastic trajectory optimization","10.1016/j.jneumeth.2020.108580","2020-03-15","Journal of Neuroscience Methods"
"JASYZUI6","webpage","McMaster-Carr",,,
"RCW6G6VT","preprint","Isaac Gym: High Performance GPU-Based Physics Simulation For Robot Learning",,"2021-08-25",
"AZ9DR8RU","bookSection","Neuroanatomy, Motor Neuron",,"2025",
"UCYLQUPG","journalArticle","Neurodynamic modeling of the fruit fly Drosophila melanogaster","10.1088/1748-3190/ab9e52","2020-09","Bioinspiration & Biomimetics"
"62XRER3H","journalArticle","Evidence for a Spinal Central Pattern Generator in Humansa","10.1111/j.1749-6632.1998.tb09062.x","1998-11-01","Annals of the New York Academy of Sciences"
"SVRDRQ9P","journalArticle","Neural control of rhythmic limb motion is shaped by size and speed",,,
"YICYBEAD","journalArticle","Approaches to revealing the neural basis of muscle synergies: a review and a critique","10.1152/jn.00625.2019","2021-05-01","Journal of Neurophysiology"
"DZ2Z5X5D","conferencePaper","A De-risked Bio-inspired Condylar Prosthetic Knee Joint for a Robotic Leg Test Rig","10.23919/ICCAS50221.2020.9268259","October 2020",
"TN4ZKXTJ","journalArticle","Tunable stiffness in fish robotics: mechanisms and advantages","10.1088/1748-3190/ac3ca5","2021-12","Bioinspiration & Biomimetics"
"MYCJ5Z3T","journalArticle","Bionic ankleΓÇôfoot prosthesis normalizes walking gait for persons with leg amputation","10.1098/rspb.2011.1194","2011-07-13","Proceedings of the Royal Society B: Biological Sciences"
"FVG8JHSF","journalArticle","The role of <i>Penicillium brevicompactum</i> in bioprocessing plastic and metals from printed circuit boards","10.1016/j.envpol.2025.127072","2025-11-15","Environmental Pollution"
"ZIRUW2HL","journalArticle","The impact of print orientation and raster pattern on fracture toughness in additively manufactured ABS","https://doi.org/10.1016/j.addma.2017.09.003","2017","Additive Manufacturing"
"YP52DNXK","journalArticle","Pressure and Force Dynamics in Artificial Muscle Actuators: A State-Space and Optimization-Based Approach",,,
"TB48A8F2","journalArticle","Investigating the Effects of Annealing on the Mechanical Properties of FFF-Printed Thermoplastics","10.3390/jmmp4020038","2020-04-28","Journal of Manufacturing and Materials Processing"
"EPSL8KGI","journalArticle","Effects ofstimulation ofhindlimb flexor groupIIafferents during fictive locomotion inthecat",,"2011-01-01",
"V2LH2KUQ","journalArticle","Programmable coupled oscillators for synchronized locomotion","10.1038/s41467-019-11198-6","2019-07-24","Nature Communications"
"F99EURAW","journalArticle","Spatial distribution of hip capsule structural and material properties","10.1016/S0021-9290(02)00091-X","11/2002","Journal of Biomechanics"
"PDUY8ZF6","attachment","MERGNER_et_al-1999-Annals_of_the_New_York_Academy_of_Sciences (1).pdf",,,
"BZEEPNNU","journalArticle","Interlimb communication during human walking: crossed responses in the gastrocnemius muscle",,"2014-12-31",
"EZEA4VMY","journalArticle","Spinal circuitry of sensorimotor control of locomotion","10.1111/j.1469-7793.2001.0041b.x","2001","The Journal of Physiology"
"5DCJXYCG","attachment","Enhanced Reader.pdf",,,
"5F2QSD3C","attachment","Quinn_2022_Bioinspir._Biomim._17_011002.pdf",,,
"QLAW6HRW","journalArticle","PDE-NetGen 1.0: from symbolic partial differential equation (PDE) representations of physical processes to trainable neural network representations","10.5194/gmd-13-3373-2020","2020-07-30","Geoscientific Model Development"
"B2NLLS75","journalArticle","Examining the technology acceptance for dismantling of waste printed circuit boards in light of recycling and environmental concerns","10.1016/j.jenvman.2010.10.057","2011-03-01","Journal of Environmental Management"
"DNQLMAVW","journalArticle","Estimation of the regions of attraction for autonomous nonlinear systems","10.1177/0142331217752799","01/2019","Transactions of the Institute of Measurement and Control"
"WJYKI3V8","journalArticle","Metal substitutions incarbonic anhydrase: a halide ion probe study","10.1016/0006-291x(75)90498-2","1975-10-27","Biochemical and Biophysical Research Communications"
"R5D7MJ7N","journalArticle","Representation of Multiple Kinematic Parameters of the Cat Hindlimb in Spinocerebellar Activity",,"1997/09/01","Journal of Neurophysiology"
"ECE54WM2","conferencePaper","A Bipedal Walking Robot with Efficient and Human-Like Gait","10.1109/ROBOT.2005.1570404","April 2005",
"X7HD3HZR","journalArticle","Fatigue Analysis of Printed Composites of Onyx and Kevlar","10.3390/jcs8010012","2023-12-29","Journal of Composites Science"
"8SWN2QVN","webpage","Experimental - Printed GRIPHOOKΓäó Mechanical Adhesives",,,
"9BLDCBP8","journalArticle","A review of particle swarm optimization. Part I: background and development","10.1007/s11047-007-9049-5","2007-12-01","Natural Computing"
"S2HERDDX","journalArticle","Dual-mode operation of neuronal networks involved in left-right alternation","10.1038/nature12286","2013-08-01","Nature"
"E7GTKDNQ","conferencePaper","Advancements in Control of a Biomimetic Quadruped Robot using Spiking Neurons",,"2026",
"RQUTNXJE","journalArticle","Linear Antisymmetric Recurrent Neural Networks",,,
"RUGT2BV5","conferencePaper","Development of a Bio-inspired Knee Joint Mechanism for a Bipedal Robot","10.1007/978-3-319-63537-8_35","July 2017",
"53HNM857","journalArticle","Spike timing dependent plasticity: a consequence of more fundamental learning rules","10.3389/fncom.2010.00019","2010","Frontiers in Computational Neuroscience"
"ZL6IXDTL","journalArticle","Mechanical behaviour of ABS: An experimental study using FDM and injection moulding techniques","https://doi.org/10.1016/j.jmapro.2015.11.002","2016","Journal of Manufacturing Processes"
"9CZNXTS2","conferencePaper","Soft Robotic Compliant Two-Finger Gripper Mechanism for Adaptive and Gentle Food Handling","10.1109/RoboSoft51838.2021.9479337","2021-04",
"V7XDZ3D3","webpage","component detection > Browse",,,
"IZA7YNCA","journalArticle","On the convergence of physics informed neural networks for linear second-order elliptic and parabolic type PDEs","10.4208/cicp.OA-2020-0193","6/2020","Communications in Computational Physics"
"GY57AGKU","journalArticle","Effect of Material and Process Specific Factors on the Strength of Printed Parts in Fused Filament Fabrication: A Review of Recent Developments","10.3390/ma12101664","2019-05-22","Materials"
"UVF3CP9T","journalArticle","Neuromechanical Simulation of an Inter-leg Controller for Tetrapod Coordination","10.1007/978-3-319-09435-9_13","2014-07-30",
"R29TU2BI","journalArticle","Design and Characterization of Artificial Haircell Sensor for Flow Sensing With Ultrahigh Velocity and Angular Sensitivity","10.1109/JMEMS.2007.902436","October 2007","Journal of Microelectromechanical Systems"
"23YURM8P","webpage","Amazon.com: Suction Cup Hooks Quntis Powerful SuperLock Shower Suction Cups (2 Pack) Heavy Duty Vacuum Suction Home Kitchen Bathroom Wall Hooks Hanger for Towel Loofah Cloth Key Women's Handbag: Home & Kitchen",,,
"BYGIU6FK","journalArticle","Cartilage Stresses in the Human Hip Joint","10.1115/1.2895693","1994-02-01","Journal of Biomechanical Engineering"
"WNJATYTY","conferencePaper","Effect of mold temperature on interfacial welded strength and outer shell laminate strength of CF/PA6 composites manufactured by press and injection hybrid molding","10.2495/HPSM160291","2016-09-19",
"D8738KC6","journalArticle","Elastic energy savings and active energy cost in a simple model of running","10.1371/journal.pcbi.1009608","2021-11-23","PLoS Computational Biology"
"JFI6JJT3","journalArticle","The role of pennation angle and architectural gearing to rate of force development in dynamic and isometric muscle contractions","10.1111/sms.14639","2024","Scandinavian Journal of Medicine & Science in Sports"
"5C9ZRHVK","journalArticle","Determining Muscle's Force and Action in Multi-Articular Movement",,"January 1989","Exercise and Sport Sciences Reviews"
"EDYPXHCE","journalArticle","A Comparative Analysis of the Mechanical Properties of Annealed PLA","10.48084/etasr.5123","2022-08-01","Engineering, Technology & Applied Science Research"
"W3GYH3P9","journalArticle","Dynamic construction of a neural network from multiple pattern generators in the lobster stomatogastric nervous system",,"Feb 1994","The Journal of Neuroscience: The Official Journal of the Society for Neuroscience"
"EW23WAPF","journalArticle","Turbulence Modeling in the Age of Data","10.1146/annurev-fluid-010518-040547","2019","Annual Review of Fluid Mechanics"
"326QBSRR","attachment","Numerical Meth Engineering - 2022 - Abueidda - Enhanced physicsΓÇÉinformed neural networks for hyperelasticity.pdf",,,
"QYKVZ6H9","thesis","Spike Timing Depended Plasticity Produces Unsupervised Learning of Synergistic Muscle Feedback in a Synthetical Neural Network",,,
"WJH8SCUA","journalArticle","Long-Fiber Embedded Hydrogel 3D Printing for Structural Reinforcement","10.1021/acsbiomaterials.1c00908","2022-01-10","ACS Biomaterials Science & Engineering"
"CAJFFN7X","journalArticle","Human Walking Model Predicts Joint Mechanics, Electromyography and Mechanical Economy",,"2009","The 2009 IEEE/RSJ International Conference on Intelligent Robots and Systems"
"GDJTS4AT","journalArticle","High speed trot-running: Implementation of a hierarchical controller using proprioceptive impedance control on the MIT Cheetah","10.1177/0278364914532150","2014-09-01","The International Journal of Robotics Research"
"HNDN98EF","journalArticle","Analyzing the Interplay Between Local CPG Activity and Sensory Signals for Inter-leg Coordination in Drosophila","10.1007/978-3-030-24741-6_34","2019-07-09",
"4YYEWTEF","webpage","Daves Ankle 2 - Extremity, Lower (Leg) CTs - embodi3D.com",,,
"VGH556XM","journalArticle","A Disturbance Rejection Measure for Limit Cycle Walkers: The Gait Sensitivity Norm","10.1109/TRO.2007.904908","2007-12","IEEE Transactions on Robotics"
"W99X2S5V","journalArticle","Controller design and experimental validation of walking for a musculoskeletal bipedal lower limb robot based on the spring-loaded inverted pendulum model","10.3389/frobt.2024.1449721","2024-11-05","Frontiers in Robotics and AI"
"5AQFU5ZE","journalArticle","Deep reservoir computing: A critical experimental analysis","10.1016/j.neucom.2016.12.089","12/2017","Neurocomputing"
"JHBVBDZT","journalArticle","Methods for integrating postural control into biomechanical human simulations: a systematic review","10.1186/s12984-023-01235-3","2023-08-21","Journal of NeuroEngineering and Rehabilitation"
"37BXM2KS","bookSection","Chapter 5 - The Avian Somatosensory System: A Comparative View","10.1016/B978-0-12-407160-5.00005-1","2015",
"SQZFG2R9","presentation","Finding balance (control) reveals innate modeling challenges",,"5/15/2026",
"KFT4H3F8","attachment","Enhanced Reader.pdf",,,
"58D69MV2","journalArticle","A postural control model incorporating multisensory inputs for maintaining a musculoskeletal model in a stance posture","10.1080/01691864.2016.1266095","January 17, 2017","Advanced Robotics"
"NDCRWDTK","journalArticle","Central pattern generating networks in insect locomotion","10.1002/dneu.22738","01/2020","Developmental Neurobiology"
"J347PRR7","journalArticle","Ankle extensor group I afferents excite extensors throughout the hindlimb during fictive locomotion in the cat.","10.1113/jphysiol.1995.sp020871","1995","The Journal of Physiology"
"DGIE8TF3","journalArticle","Neuromuscular Transmission in a Biological Context - Slater - 2024 - Comprehensive Physiology - Wiley Online Library",,,
"RJIB8PIY","journalArticle","Implementation of Kalman Filtering with Spiking Neural Networks","10.3390/s22228845","2022-11-16","Sensors"
"HWV42587","journalArticle","Contribution of Cutaneous Inputs From the Hindpaw to the Control of Locomotion. I. Intact Cats","10.1152/jn.00496.2003","2003-12-01","Journal of Neurophysiology"
"ETG4BV9D","webpage","Modeling - MuJoCo Documentation",,,
"ZWSELKT8","book","Left knee - CT scan - Extremity, Lower (Leg) CTs - embodi3D.com",,,
"SVIM2G9V","conferencePaper","Estimation of IMU and MARG orientation using a gradient descent algorithm","10.1109/ICORR.2011.5975346","06/2011",
"I96HZMFY","bookSection",,,"2015",
"IH7LZ4WB","conferencePaper","McKibben artificial muscles: pneumatic actuators with biomechanical intelligence","10.1109/AIM.1999.803170","1999",
"GVZKEBZY","conferencePaper","Bio-inspired Distributed Strain and Airflow Sensing for Small Unmanned Air Vehicle Flight Control","10.2514/6.2017-1487","2017-01-09",
"A4I7GXHI","journalArticle","Error estimates for DeepONets: a deep learning framework in infinite dimensions","10.1093/imatrm/tnac001","2022-03-08","Transactions of Mathematics and Its Applications"
"Q3XAQA4F","journalArticle","Sensory-evoked perturbations of locomotor activity by sparse sensory input: a computational study","10.1152/jn.00866.2014","2015-04-01","Journal of Neurophysiology"
"M2WKUMPB","journalArticle","Sensory feedback plays a significant role in generating walking gait and in gait transition in salamanders: a simulation study","10.3389/fnbot.2011.00003","2011","Frontiers in Neurorobotics"
"8RKVPUFH","webpage","Mark Two ΓÇô Markforged",,,
"RHJHIN7Q","conferencePaper","Introducing MantisBot: Hexapod robot controlled by a high-fidelity, real-time neural simulation","10.1109/IROS.2015.7353922","9/2015",
"GMR4G3JQ","bookSection","A Course in Number Theory",,"1988",
"7YLA76T8","journalArticle","On the Dynamic Stability of Biped Locomotion","10.1109/TBME.1974.324294","3/1974","IEEE Transactions on Biomedical Engineering"
"SU9QAUQ8","journalArticle","Micromechanical Models for FDM 3D-Printed Polymers: A Review","10.3390/polym15234497","2023-11-23","Polymers"
"TPUHK8I2","journalArticle","Sensory Feedback Control of Locomotor Pattern Generation in Cats and Mice.","10.1016/j.neuroscience.2020.05.008","2020-05-15","Neuroscience"
"GAXI5ZSW","journalArticle","Dynamic simulation of insect walking.","10.1016/j.asd.2004.05.002","2004-07-01","Arthropod Structure & Development"
"CLJSU9A7","attachment","A functional subnetwork Approach to multistate CPG Phase Difference Control.pdf",,,
"QBVFSS4Y","journalArticle","A Comparative Study Between Humans and Humanoid Robots","10.1007/978-94-007-6046-2_7","2018","Humanoid Robotics: A Reference"
"XQYGLSB2","journalArticle","Permittivity of 3D-Printed Nylon Substrates with Different Infill Patterns and Densities for Design of Microwave Components","10.3390/designs4030039","2020-09-18","Designs"
"AU2UKBDN","journalArticle","A three-dimensional musculoskeletal model of the dog","10.1038/s41598-021-90058-0","12/2021","Scientific Reports"
"GIF7P44P","journalArticle","Highly oriented carbon fiberΓÇôpolymer composites via additive manufacturing","10.1016/j.compscitech.2014.10.009","12/2014","Composites Science and Technology"
"CTII93BG","book","A Proposal to Add Explicit Congestion Notification (ECN) to IP",,"January 1999",
"SXDGVFIZ","journalArticle","Controlling legs for locomotionΓÇöinsights from robotics and neurobiology","10.1088/1748-3190/10/4/041001","2015-06-29","Bioinspiration & Biomimetics"
"PGMQMK7X","journalArticle","A connectionist central pattern generator for the aquatic and terrestrial gaits of a simulated salamander","10.1007/s004220000211","2001-4-12","Biological Cybernetics"
"A2PRJ2WM","journalArticle","Load signals assist the generation of movement-dependent reflex reversal in the femur-tibia joint of stick insects","10.1152/jn.00625.2006","2006-12","Journal of Neurophysiology"
"F6KF7U67","conferencePaper","Robot Motion Planning on a Chip","10.15607/RSS.2016.XII.004",,
"YG8FGIRW","journalArticle","The Implications of Force Feedback for the ╬╗ Model","10.1007/978-0-387-77064-2_36","2009-01-01","Advances in Experimental Medicine and Biology"
"8NHJWST5","journalArticle","A review on 3D micro-additive manufacturing technologies","10.1007/s00170-012-4605-2","2012-11-25","The International Journal of Advanced Manufacturing Technology"
"IPDNUQRR","journalArticle","Two-Level Model of Mammalian Locomotor CPG","10.1007/978-1-0716-1006-0_49","2022-01-01",
"L5MKZ82D","conferencePaper","160 Gbit/s Single-channel Transmission Over 300 km Nonzero-dispersion Fiber With Semiconductor Based Transmitter and Demultiplexer",,"1999",
"XGWGX94S","journalArticle","Altered Gravity Highlights Central Pattern Generator Mechanisms","10.1152/jn.90436.2008","11/2008","Journal of Neurophysiology"
"MQ3TNJ6T","journalArticle","A new biological central pattern generator model and its relationship with the motor units","10.1007/s11571-021-09710-0","2022-2","Cognitive Neurodynamics"
"T8UL93VY","bookSection","Research of a Lensless Artificial Compound Eye","10.1007/978-3-319-63537-8_34","2017",
"PLDQS9LZ","bookSection","Closed Loop Control of a Compliant Quadruped with Spiking Neural Networks","10.1007/978-3-030-25719-4_71","2020",
"EEUV7XPG","journalArticle","Hummingbird flight","10.1016/j.cub.2012.04.057","June 19, 2012","Current Biology"
"PZVC87G4","journalArticle","Feedback Gains for Correcting Small Perturbations to Standing Posture",,,
"5A4Y7CLL","conferencePaper","Emulating Balance Control Observed in Human Test Subjects with a Neural Network",,"July 2018",
"SFGR6ZSX","journalArticle","Salamandra Robotica II: An Amphibious Robot to Study Salamander-Like Swimming and Walking Gaits","10.1109/TRO.2012.2234311","04/2013","IEEE Transactions on Robotics"
"IX5ISNZH","conferencePaper","ETHOS: Miniature orientation sensor for wearable human motion analysis","10.1109/ICSENS.2010.5690738","11/2010",
"WJHR9EZU","journalArticle","Learning CPG Sensory Feedback with Policy Gradient for Biped Locomotion for a Full-Body Humanoid",,,
"WPSYG5G4","journalArticle","Anisotropic material properties of fused deposition modeling ABS","10.1108/13552540210441166","2002-10-01","Rapid Prototyping Journal"
"FPHF96QT","journalArticle","On the Role of the Patella, ACL and Joint Contact Forces in the Extension of the Knee","10.1371/ journal.pone.0115670","December 23, 2014","PLoS ONE"
"NGC2EFVW","videoRecording","Wall Climbing Robot Using Electro-Adhesion BVBCET ECE 2011",,,
"JFNBZU79","journalArticle","A new neuron model under electromagnetic field","10.1016/j.amc.2018.10.087","04/2019","Applied Mathematics and Computation"
"B5VPRYTM","journalArticle","Spinal control of locomotion--from cat to man.","10.1111/j.1748-1716.2006.01651.x","2007-02-01","Acta Physiologica"
"TJMXG66E","journalArticle","Connectivity and Regional Distribution of Constituent Cells of the Mammalian Locomotor Central Pattern Generator","10.7939/r3639kg5w","2016-01-01",
"G877MER3","journalArticle","A process-structure-performance modeling for thermoplastic polymers via material extrusion additive manufacturing","10.1016/j.addma.2021.101857","03/2021","Additive Manufacturing"
"FTQG7W85","journalArticle","Voluntary control of wearable robotic exoskeletons by patients with paresis via neuromechanical modeling","10.1186/s12984-019-0559-z","2019-07-17","Journal of neuroengineering and rehabilitation"
"9JFNCZSL","bookSection","Optimization of Artificial Muscle Placements for a Humanoid Bipedal Robot","10.1007/978-3-030-64313-3_25","2020",
"6RHLT22E","journalArticle","Interneuronal relay in spinal pathways from proprioceptors","10.1016/0301-0082(92)90024-9","1992-04-01","Progress in Neurobiology"
"FWMNUMUH","journalArticle","Control of Locomotion in Bipeds, Tetrapods, and Fish","10.1002/cphy.cp010226","2011-01-01","Comprehensive Physiology"
"8PS6IDAU","journalArticle","Effect of Fibre Orientation on Novel Continuous 3D-Printed Fibre-Reinforced Composites","10.3390/polym13152524","2021-07-30","Polymers"
"I85JHDPY","webpage","Design and optimisation of load-adaptive actuator with variable stiffness for compact ankle exoskeleton - ScienceDirect",,,
"KC337YD7","journalArticle","Recovery RL: Safe Reinforcement Learning With Learned Recovery Zones","10.1109/LRA.2021.3070252","7/2021","IEEE Robotics and Automation Letters"
"EJUZIMW9","journalArticle","Optimal feedback control and the neural basis of volitional motor control","10.1038/nrn1427","2004-07","Nature Reviews Neuroscience"
"5EJEVJJ8","conferencePaper","FPGA Implementation of Izhikevich Spiking Neural Networks for Character Recognition","10.1109/ReConFig.2009.77","December 2009",
"PLKICMRK","attachment","Full Text PDF",,,
"ITHGZFQ2","thesis","Design of a Quadruped Robot Driven by Air Muscles (Master's thesis)",,"2006",
"VDDDLY5H","journalArticle","Biomechanical model of knee collateral ligament injury with six degrees of freedom","https://doi.org/10.1007/s11517-015-1373-9","May 2016","Medical & Biological Engineering & Computing"
"SUNEVLPS","webpage","Pelvis and Hip - CT scan",,,
"J2CY4ABV","conferencePaper","Development of life-sized high-power humanoid robot JAXON for real-world use","10.1109/HUMANOIDS.2015.7363459","November 2015",
"LLLZGY23","webpage","How do you size a vacuum cup?",,,
"XG7R5PXX","journalArticle","Capsular Properties of the Shoulder.","10.1620/tjem.171.203","1993","The Tohoku Journal of Experimental Medicine"
"AEUW2TVQ","journalArticle","Quantifying total uncertainty in physics-informed neural networks for solving forward and inverse stochastic problems","10.1016/j.jcp.2019.07.048","11/2019","Journal of Computational Physics"
"MZHMNAND","journalArticle","Stochastic models of compliant spine arrays for rough surface grasping","10.1177/0278364918778350","June 1, 2018","The International Journal of Robotics Research"
"TFWCG94Z","attachment","science.8332898_How Fish power swimming.pdf",,,
"EFXXQ6JT","journalArticle","Gliding flight in the American Kestrel (Falco sparverius): An electromyographic study","10.1002/jmor.1052150304","March 1, 1993","Journal of Morphology"
"3TI43CK4","journalArticle","Origami Wheel Transformer: A Variable-Diameter Wheel Drive Robot Using an Origami Structure","10.1089/soro.2016.0038","2017-06","Soft Robotics"
"W9KITF7J","journalArticle","Quantifying the complexity of bat wing kinematics","10.1016/j.jtbi.2008.06.011","October 7, 2008","Journal of Theoretical Biology"
"VXTUV5AF","journalArticle","Flexural Properties Evaluation of Additively Manufactured Components with Various Infill Patterns",,"2020","International Journal of Advanced Science and Technology"
"BCXH5DZP","book","Biomechanics and Neural Control of Posture and Movement",,"2012-12-06",
"JQK2F65R","journalArticle","Contribution of Afferent Feedback to Adaptive Hindlimb Walking in Cats: A Neuromusculoskeletal Modeling Study","10.3389/fbioe.2022.825149","2022-04-08","Frontiers in Bioengineering and Biotechnology"
"3PA3EATE","journalArticle","On the Influence of Group III/IV Muscle Afferent Feedback on Endurance Exercise Performance","10.1249/JES.0000000000000233","2020-10","Exercise and sport sciences reviews"
"E572QMLS","book","DICOMServer @ Medical Connections Ltd - My ASP.NET Application",,,
"LJJSE3CY","thesis","Simulation Based Optimal Design of Exoskeletons to Reduce Metabolic Cost and Improve Energy Efficiency",,"2021",
"3BRDLB29","journalArticle","Phase dependent reflex reversal during walking in chronic spinal cats","10.1016/0006-8993(75)91013-6","1975-02-21","Brain Research"
"JX6BIJWK","book","Multiple Imputation for Nonresponse in Surveys",,"1987",
"UA4AUD64","journalArticle","The Effects of Combined Infill Patterns on Mechanical Properties in FDM Process","10.3390/polym12122792","2020-11-26","Polymers"
"PWXKISUE","standard","ASTM E384-22: Standard Test Method for Microindentation Hardness of Materials",,,
"4ASZF3DF","journalArticle","Soft robotics","10.1109/MRA.2008.927979","2008-09","IEEE Robotics & Automation Magazine"
"HCIGKHQU","journalArticle","Locomotor pattern generation and descending control: a historical perspective","10.1152/jn.00204.2023","2023-08-01",
"FBDZCSE8","journalArticle","A three-dimensional human walking model",,"2015","Journal of Sound and Vibration"
"X3JQC8GV","journalArticle","Assessing the elastic properties of skeletal muscle and tendon using shearwave ultrasound elastography and MyotonPRO","10.1038/s41598-018-34719-7","November 20, 2018","Scientific Reports"
"I2BX8VL8","journalArticle","Forelimb muscle activity during equine locomotion","10.1242/jeb.065441","2012-09-01","Journal of Experimental Biology"
"TAW3RG2T","attachment","he1991.pdf",,,
"NH9B5SKF","journalArticle","One-Legged Locomotion with a Compliant Passive Joint",,,
"8JFBVR97","journalArticle","Moving muscle points provide accurate curved muscle paths in a model of the cervical spine","10.1016/j.jbiomech.2011.10.014","January 10, 2012","Journal of Biomechanics"
"UQP7VDI7","conferencePaper","Design of high torque and high speed leg module for high power humanoid","10.1109/IROS.2010.5649683","October 2010",
"F69NND6Z","journalArticle","Machine learning methods for turbulence modeling in subsonic flows around airfoils","10.1063/1.5061693","January 1, 2019","Physics of Fluids"
"24MKRUHA","report","Congestion Avoidance in Computer Networks with a Connectionless Network Layer",,"August 1987",
"QSLQEDZL","book","Right knee - CT scan - Extremity, Lower (Leg) CTs - embodi3D.com",,,
"I8Y9BYUP","journalArticle","Distribution of Heterogenic Reflexes Among the Quadriceps and Triceps Surae Muscles of the Cat Hind Limb","10.1152/jn.00833.2002","2003-10","Journal of Neurophysiology"
"DL3ZMQ8V","journalArticle","Hindlimb muscle spindles inform preparatory forelimb coordination prior to landing in toads","10.1242/jeb.244629","2023-1-19","The Journal of Experimental Biology"
"TJZLUEC4","journalArticle","Modeling neural plasticity in echo state networks for classification and regression","10.1016/j.ins.2015.11.017","10/2016","Information Sciences"
"2BVPEVLY","journalArticle","Gender and age related differences in foot morphology","10.1016/j.maturitas.2014.07.019","12/2014","Maturitas"
"33Y24MZN","journalArticle","Carbon Fiber 3D Printing: Technologies and PerformanceΓÇöA Brief Review","10.3390/ma16237311","2023-11-24","Materials"
"RR94NT7Q","journalArticle","Conservative physics-informed neural networks on discrete domains for conservation laws: Applications to forward and inverse problems","10.1016/j.cma.2020.113028","06/2020","Computer Methods in Applied Mechanics and Engineering"
"9UXG6BPL","journalArticle","Locomotor Control: From Spring-like Reactions of Muscles to Neural Prediction","10.1201/9781420038705.ch6","2001-11-13",
"7YWAPNFB","webpage","Release v6.7.251 ┬╖ retorquere/zotero-better-bibtex",,,
"DWLQHE8K","thesis","Optimal exploitation of natural dynamics in legged locomotion","10.3929/ETHZ-A-6665065","2011",
"3U8T5ECT","journalArticle","Neural control of locomotion: sensory control of the central pattern generator and its relation to treadmill training","10.1016/S0966-6362(98)00010-1","5/1998","Gait & Posture"
"6EECNQZI","journalArticle","Stimulation of a Restricted Region in the Midline Cerebellar White Matter Evokes Coordinated Quadrupedal Locomotion in the Decerebrate Cat","10.1152/jn.1999.82.1.290","1999-07-01","Journal of Neurophysiology"
"QYIA9XQY","journalArticle","A computational model of insect campaniform sensilla predicts encoding of forces during walking","10.1088/1748-3190/ac1ced","2021-09","Bioinspiration & Biomimetics"
"ST8VJ6RW","journalArticle","Motor control by precisely timed spike patterns","10.1073/pnas.1611734114","2017-01-31","Proceedings of the National Academy of Sciences"
"WDHGSHD7","journalArticle","The biomechanics of burrowing and boring","10.1242/jeb.086983","2015-01-15","Journal of Experimental Biology"
"ZHHWDM4T","thesis","Mechanical Improvements and Control Implementation on a Biomimetic Quadruped Model","10.15760/etd.4076","2025-12-28",
"DH96DFAA","attachment","10.1.1.126.1499.pdf",,,
"XR9MWG6L","journalArticle","A genetically defined asymmetry underlies the inhibitory control of flexorΓÇôextensor locomotor movements","10.7554/elife.04718","2015-10-14","eLife"
"LLKI5SST","conferencePaper","Finding Resonance: Adaptive Frequency Oscillators for Dynamic Legged Locomotion","10.1109/IROS.2006.281802","10/2006",
"YJ6MM4PM","webpage","Air - Molecular Weight and Composition",,,
"7UT34VUA","journalArticle","Proprioceptive Stimulation Added to a Walking Self-Avatar Enhances the Illusory Perception of Walking in Static Participants","10.3389/frvir.2021.557783","2021-6-2","Frontiers in Virtual Reality"
"YSXM2RX6","journalArticle","Controller design and experimental validation of walking for a musculoskeletal bipedal lower limb robot based on the spring-loaded inverted pendulum model","10.3389/frobt.2024.1449721","2024-11-05","Frontiers in Robotics and AI"
"274G8H7A","journalArticle","Activity of interneurons within the L4 spinal segment of the cat during brainstem-evoked fictive locomotion","10.1007/bf00228156","1990-01-01","Experimental Brain Research"
"KG7EGIU4","patent","Liquid wire",,,
"HXI4YRCC","standard","ASTM D7250M-20: Practice for Determining Sandwich Beam Flexural and Shear Stiffness","10.1520/D7250_D7250M-20",,
"SSSM9QVI","journalArticle","Quaternion-Based Analytical Inverse Dynamics for the Human Body",,,
"T9J5C67J","journalArticle","Neuromechanical Principles Underlying Movement Modularity and Their Implications for Rehabilitation","10.1016/j.neuron.2015.02.042","04/2015","Neuron"
"C8BHM75G","journalArticle","Universal approximation to nonlinear operators by neural networks with arbitrary activation functions and its application to dynamical systems","10.1109/72.392253","7/1995","IEEE Transactions on Neural Networks"
"UG24YCQW","journalArticle","Proprioceptive modulation of hip flexor activity during the swing phase of locomotion in decerebrate cats.","10.1152/jn.2001.86.3.1321","2001-09-01","Journal of Neurophysiology"
"5NUNXI7A","journalArticle","Neural control of locomotion; Part 1: The central pattern generator from cats to humans","10.1016/s0966-6362(97)00042-8","1998-03-01","Gait & Posture"
"GRVMF2DE","journalArticle","Gait parameters of treadmill versus overground locomotion in mouse","10.1016/j.bbr.2007.04.001","2007-08-06","Behavioural Brain Research"
"EP92IEUF","journalArticle","Force related afferent feedback to the triceps surae locomotor activity during human walking",,"2009-01-01",
"YSI6I7DJ","bookSection","Spring Design",,"2004",
"3QDIC7ME","journalArticle","Activation of the central pattern generators for locomotion by serotonin and excitatory amino acids in neonatal rat.","10.1113/jphysiol.1992.sp019296","1992-09-01","The Journal of Physiology"
"8UFUX9L7","preprint","Learning in latent spaces improves the predictive accuracy of deep neural operators",,"2023-04-15",
"9IAEV7R6","journalArticle","Experiments in Balance With a 2D One-Legged Hopping Machine","10.1115/1.3149668","1984-03-01","Journal of Dynamic Systems, Measurement, and Control"
"N8GRED9M","webpage","MX-64T/R/AT/AR | Dynamixel",,,
"D9FPFD55","journalArticle","Propriospinal Neurons: Essential Elements of Locomotor Control in the Intact and Possibly the Injured Spinal Cord","10.3389/fncel.2019.00512","2019-11-12","Frontiers in Cellular Neuroscience"
"9KBYDCNZ","journalArticle","Towards dynamic trot gait locomotion: Design, control, and experiments with Cheetah-cub, a compliant quadruped robot","10.1177/0278364913489205","July 1, 2013","The International Journal of Robotics Research"
"3TLHQP8W","journalArticle","Central control of interlimb coordination and speed-dependent gait expression in quadrupeds","10.1113/JP272787","Dec 01, 2016","The Journal of Physiology"
"QHZPU2M5","journalArticle","Welding Behavior of Semicrystalline Polymers. 2. Effect of Cocrystallization on Autoadhesion","10.1021/ma000754y","2000-09-01","Macromolecules"
"WNXDKRZP","report","A solution to the learning dilemma for recurrent networks of spiking neurons","10.1101/738385","2019-08-19",
"DHTQD26P","journalArticle","ISB recommendations on the reporting of intersegmental forces and moments during human motion analysis","10.1016/j.jbiomech.2019.109533","2020-01-23","Journal of Biomechanics"
"E4NZ36IA","journalArticle","Understanding the dif∩¼üculty of training deep feedforward neural networks",,"2010",
"LSALDZWV","videoRecording","SRI's Wall-Climbing Robot",,,
"HFIH3LDY","journalArticle","Peeling back the layers of locomotor control in the spinal cord","10.1016/j.conb.2015.03.001","2015-08-01","Current Opinion in Neurobiology"
"R2QYQN5F","webpage","Capsular Properties of the Shoulder",,,
"9GCV9UU9","journalArticle","On the central pattern generator for the basic breathing rhythmicity","10.1152/jappl.1983.55.6.1647","1983-12-01","Journal of Applied Physiology"
"ANFPQIHY","conferencePaper","Biologically-inspired dynamical systems for movement generation: Automatic real-time goal adaptation and obstacle avoidance","10.1109/ROBOT.2009.5152423","June 17, 2009",
"MJNV8BKM","journalArticle","3D Printing Disrupts Manufacturing: How Economies of One Create New Rules of Competition","10.5437/08956308X5606193","2013-11-01","Research-Technology Management"
"VF9ILLGD","attachment","Anatomy-Fascia-Layers-StatPearls-NCBI-Bookshelf.pdf",,,
"U6NM6QLG","journalArticle","Contraction Sensing with Smart Braid McKibben Muscles","10.1109/TMECH.2015.2493782","2016-6","IEEE/ASME transactions on mechatronics : a joint publication of the IEEE Industrial Electronics Society and the ASME Dynamic Systems and Control Division"
"J4VBVUN6","conferencePaper","Novel adhesion mechanism and design parameters for concrete wall-climbing robot","10.1109/IntelliSys.2015.7361153","November 2015",
"JNN4UNDY","journalArticle","Modeling Synaptic Plasticity in Conjunction with the Timing of Pre- and Postsynaptic Action Potentials","10.1162/089976600300015844","2000-02-01","Neural Computation"
"RJ3HQXM8","journalArticle","Complete dynamical analysis of a neuron model","10.1007/s11071-011-0046-y","5/2012","Nonlinear Dynamics"
"6LNZC8S4","journalArticle","Dynamic response of human muscle spindle afferents to stretch","10.1152/jn.1990.63.6.1297","1990-06","Journal of Neurophysiology"
"BGPZ5UEV","journalArticle","Experimental characterization of thermallyactivated artificial muscles based on coiled nylon fishing lines",,"June 26, 2015","AIP Advances"
"7UMLCL5Y","journalArticle","Chain Packing and Its Anomalous Effect on Mechanical Toughness for Poly(lactic acid)","10.1021/acs.biomac.5b00293","2015-05-11","Biomacromolecules"
"TZUCY8C5","journalArticle","Ipsilateral and Contralateral Interactions in Spinal Locomotor Circuits Mediated by V1 Neurons: Insights from Computational Modeling","10.3390/ijms23105541","2022-05-16","International Journal of Molecular Sciences"
"Y4ZSR2IN","conferencePaper","The Effects of Voids on the Flexural Properties and Failure Mechanisms of Carbon/Epoxy Composites",,"2014",
"F324NERU","journalArticle","Spinal interneurons providing input to the final common path during locomotion","10.1016/b978-0-444-53613-6.00006-x","2010-01-01","Progress in Brain Research"
"KM2UPR2E","journalArticle","THE NATURE OF THE GLASSY STATE: STRUCTURE AND GLASS TRANSITIONS",,,
"3VS3FR8A","webpage","ArcBotics hexy-open source low cost fully articulating DIY robot kit",,,
"QWZXLTBD","journalArticle","EFFECT OF INFILL PATTERN AND BUILD ORIENTATION ON MECHANICAL PROPERTIES OF FDM PRINTED PARTS: AN EXPERIMENTAL MODAL ANALYSIS APPROACH",,,
"HCFVPH7M","journalArticle","Study of non-linear synergy control laws on the experimental stand of pneumatic actuators","10.1088/1757-899X/1029/1/012018","2021-01-01","IOP Conference Series: Materials Science and Engineering"
"ZKGRKW57","journalArticle","Mechanical behavior of beams with variable stiffness obtained by 3D printing","10.1051/matecconf/202134308014","2021","MATEC Web of Conferences"
"EERR7BCT","journalArticle","JOINT MOBILITY AMONG UNIVERSITY STUDENTS IN IRAQ","10.1093/rheumatology/24.4.326","11/1985","Rheumatology"
"LZKYD3DS","journalArticle","Learning Internal Representations By Error Propagation",,"September 1985","Parallel Distributed Processing: Explorations in the Microstructure of Cognition"
"ZJN2C4YA","webpage","Sensory Feedback Control of Locomotor Pattern Generation in Cats and Mice - ScienceDirect",,,
"5PINM6GN","conferencePaper","Multi-view self-supervised deep learning for 6D pose estimation in the Amazon Picking Challenge","10.1109/ICRA.2017.7989165","May 2017",
"DLXLY2XS","journalArticle","Fabrication of continuous carbon, glass and Kevlar fibre reinforced polymer composites using additive manufacturing","https://doi.org/10.1016/j.addma.2017.06.004","2017","Additive Manufacturing"
"6ZAZN34X","journalArticle","Natural and artificial low-level seeing systems - From insect vision to robot vision","10.1098/rstb.1992.0106","1992/09/29","Phil. Trans. R. Soc. Lond. B"
"IIGG4ZPF","journalArticle","(PDF) Neuronal plasticity: Historical roots and evolution of meaning","10.1007/s00221-008-1611-6","2025-08-10","ResearchGate"
"EZFCC8SF","journalArticle","Controlling legs for locomotionΓÇöinsights from robotics and neurobiology","10.1088/1748-3190/10/4/041001","2015","Bioinspiration & Biomimetics"
"8EPWDJPV","journalArticle","On Automatic Differentiation",,,
"8P45FHEH","bookSection","Using Animal Data and Neural Dynamics to Reverse Engineer a Neuromechanical Rat Model","10.1007/978-3-319-22979-9_21","2015/07/28",
"JWAL5WWD","journalArticle","Doublet Electrical Stimulation Enhances Torque Production in People With Spinal Cord Injury","10.1177/1545968310390224","06/2011","Neurorehabilitation and Neural Repair"
"LV2A8TDJ","journalArticle","Anisotropic material properties of fused deposition modeling ABS","10.1108/13552540210441166","2002-01-01","Rapid Prototyping Journal"
"P9YZYI7V","journalArticle","Binder jetting: A review of process, materials, and methods","10.1016/j.addma.2019.05.031","2019-08-01","Additive Manufacturing"
"RJSBNPHF","webpage","Zotero | Your personal research assistant",,,
"2QDF2TNQ","journalArticle","An Orthogonal-Axis Spherical Parallel Mechanism With Large Workspace for Humanoid Hip Joints: Design, Optimization, and Experimental Validation","10.1109/LRA.2026.3692330","2026-07","IEEE Robotics and Automation Letters"
"DYPFY7RF","attachment","x1og_fVFQT6Oqv3guD_bCA.pdf",,,
"BI64MNHL","conferencePaper","The particle swarm: social adaptation of knowledge","10.1109/ICEC.1997.592326","1997-04",
"C5BG954Q","journalArticle","Modeling synaptic plasticity in conjuction with the timing of pre- and postsynaptic action potentials","10.1162/089976600300015844","2000-02","Neural Computation"
"MDY9GHIZ","journalArticle","Nylon 6 Crystal Structures, Folds, and Lamellae from Theory","10.1021/ma020815n","2002-10-01","Macromolecules"
"U8SSE4RN","journalArticle","A model research for prototype warp deformation in the FDM process","10.1007/s00170-006-0556-9","2007-08-01","The International Journal of Advanced Manufacturing Technology"
"SATPY82G","journalArticle","Towards a Central Pattern Generator Exosuit Controller for People after Stroke",,,
"KL2234Y3","preprint","A Framework Based on Symbolic Regression Coupled with eXtended Physics-Informed Neural Networks for Gray-Box Learning of Equations of Motion from Data",,"2023-05-18",
"H7IAZ6Y7","journalArticle","Integrative pattern of Ia synaptic actions on motoneurones of hip and knee muscles","10.1113/jphysiol.1958.sp006101","1958-12-04","The Journal of Physiology"
"JY8VNXV3","journalArticle","Golgi tendon organs in mammalian skeletal muscle: functional properties and central actions","10.1152/physrev.1992.72.3.623","1992-07-01","Physiological Reviews"
"QHIIYZXA","journalArticle","Region of attraction estimation using invariant sets and rational Lyapunov functions","10.1016/j.automatica.2016.09.003","01/2017","Automatica"
"DRHNCRRI","journalArticle","Mechanical control of swimming speed: stiffness and axial wave form in undulating fish models","10.1242/jeb.198.11.2293","1995","The Journal of Experimental Biology"
"96UST7U8","conferencePaper","An Astrocyte-Modulated Neuromorphic Central Pattern Generator for Hexapod Robot Locomotion on IntelΓÇÖs Loihi","10.1145/3407197.3407205","2020-07-28",
"Z7SRYA2R","journalArticle","Peripheral proprioceptive modulation in crayfish walking leg by serotonin","10.1016/0006-8993(93)91131-B","12/1993","Brain Research"
"8FRLE44R","journalArticle","The CPGs for Limbed Locomotion-Facts and Fiction.","10.3390/ijms22115882","2021-05-30","International Journal of Molecular Sciences"
"X4BG5QMK","conferencePaper","PID, LQR and LQR-PID on a quadcopter platform","10.1109/ICIEV.2013.6572698","May 2013",
"L4PW83RK","webpage","Biomimetic knee design to improve joint torque and life for bipedal robotics",,,
"WGFZ5B6I","journalArticle","Performance of a model for a local neuron population","10.1007/BF00337367","1978","Biological Cybernetics"
"Y45BMN6I","conferencePaper","Revealing the Secrets of Spiking Neural Networks: The Case of Izhikevich Neuron","10.1109/DSD53832.2021.00083","2021-09",
"HN5HWU3R","journalArticle","Constructive understanding and reproduction of functions of gluteus medius by using a musculoskeletal walking robot","10.1080/01691864.2018.1434015","February 16, 2018","Advanced Robotics"
"GVF376T5","book","Principles of polymer engineering",,"1997",
"C8CIGA6L","journalArticle","Neuromodulated Spike-Timing-Dependent Plasticity, and Theory of Three-Factor Learning Rules","10.3389/fncir.2015.00085","2016-01-19","Frontiers in Neural Circuits"
"CU3ZFTDQ","journalArticle","Control of a hexapod robot using a biologically inspired neural network",,"1993-01-02",
"4YB7DLL7","journalArticle","The Ia afferent feedback of a given movement evokes the illusion of the same movement when returned to the subject via muscle tendon vibration","10.1007/s00221-005-0325-2","2006-06-01","Experimental Brain Research"
"HFTDDFQJ","attachment","S0021999121003090.htm",,,
"IH5JNFPX","journalArticle","A Synthetic Nervous System Controls a Simulated Cockroach","10.3390/app8010006","2017-12-22","Applied Sciences"
"SYN88ARV","conferencePaper","Enhancing Performance Prediction Robustness by Combining Analytical Modeling and Machine Learning","10.1145/2668930.2688047","2015-01-31",
"XA5QWTCF","journalArticle","Adaptive Neural Control for Output Feedback Nonlinear Systems Using a Barrier Lyapunov Function","10.1109/TNN.2010.2047115","08/2010","IEEE Transactions on Neural Networks"
"2GASBHYW","journalArticle","Modeling the leech heartbeat elemental oscillator I. Interactions of intrinsic and synaptic currents","10.1007/BF00961435","9/1995","Journal of Computational Neuroscience"
"XIB4DVEW","journalArticle","Populations of spiking neurons for reservoir computing: Closed loop control of a compliant quadruped","10.1016/j.cogsys.2019.08.002","12/2019","Cognitive Systems Research"
"MXEI9VIP","attachment","1991N6MetastablePhases",,,
"KRU85SG6","journalArticle","Proprioceptive feedback contributes to the adaptation toward an economical gait pattern","10.1016/j.jbiomech.2015.04.024","08/2015","Journal of Biomechanics"
"2K9MWG5Z","attachment","2010.08895.pdf",,,
"57ZKY9UE","journalArticle","A Spinal Mechanism Related to LeftΓÇôRight Symmetry Reduces Cutaneous Reflex Modulation Independently of Speed During Split-Belt Locomotion","10.1523/jneurosci.1082-18.2018","2018-11-28","The Journal of Neuroscience"
"IXXZWSUW","webpage","Synthetic Polymers for Organ 3D Printing - PMC",,,
"29CTRI2X","journalArticle","The construction of movement by the spinal cord","10.1038/5721","2/1999","Nature Neuroscience"
"GUG8HUIH","journalArticle","Phase shift between joint rotation and actuation reflects dominant forces and predicts muscle activation patterns","10.1093/pnasnexus/pgad298","2023-10-01","PNAS Nexus"
"Z8J3XAEF","journalArticle","Adaptive Control Strategies for Interlimb Coordination in Legged Robots: A Review","10.3389/fnbot.2017.00039","2017-08-23","Frontiers in Neurorobotics"
"VSW2IRCH","journalArticle","Parametric resonance for vibration energy harvesting with design techniques to passively reduce the initiation threshold amplitude","10.1088/0964-1726/23/6/065011","2014-04","Smart Materials and Structures"
"WM7W3833","journalArticle","Loading the Limb During Rhythmic Leg Movements Lengthens the Duration of Both Flexion and Extension in Human Infants","10.1152/jn.00891.2006","2007-02-01","Journal of Neurophysiology"
"96P5J776","journalArticle","DARPA Robotics Challenge (DRC)",,"June 2015",
"AKYN4E3B","journalArticle","Parametric resonance for vibration energy harvesting with design techniques to passively reduce the initiation threshold amplitude","10.1088/0964-1726/23/6/065011","2014-04","Smart Materials and Structures"
"8IBCE7NH","journalArticle","Effect of layer thickness on irreversible thermal expansion and interlayer strength in fused deposition modeling","10.1108/RPJ-05-2016-0077","2017-08-22","Rapid Prototyping Journal"
"43G7ZRPD","journalArticle","Design of thermoformable three dimensional-printed PLA cast for fractured wrist","10.1088/1757-899X/1217/1/012002","2022-01-01","IOP Conference Series: Materials Science and Engineering"
"IIFPALFS","journalArticle","Reflexes induced by nerve stimulation in walking cats with implanted cuff electrodes.","10.1007/bf00239728","1978-06-19","Experimental Brain Research"
"PN8QMX37","journalArticle","Quadriceps Femoris Muscle Angle: Normal Values and Relationships with Gender and Selected Skeletal Measures","10.1093/ptj/69.11.897","1989/11/01","Physical Therapy"
"BK2GVZI2","journalArticle","Post-Processing and Characterization of Additively Manufactured Carbon Fiber Reinforced Semi-Crystalline Polymers",,,
"FAFTK6UI","journalArticle","Constructive understanding and reproduction of functions of gluteus medius by using a musculoskeletal walking robot","10.1080/01691864.2018.1434015","February 16, 2018","Advanced Robotics"
"MV7LMBKJ","journalArticle","Compliant actuation of rehabilitation robots","10.1109/MRA.2008.927689","2008-09","IEEE Robotics & Automation Magazine"
"MWXV9DRB","journalArticle","Stepping responses to treadmill perturbations vary with severity of motor deficits in human SCI","10.1152/jn.00486.2017","2018-08-01","Journal of Neurophysiology"
"FZKTNU9G","journalArticle","D-Mannitol dehydrogenase from Absidia glauca. Purification, metabolic role, and subunit interactions","10.1021/bi00653a023","1976-04-20","Biochemistry"
"4FZTNX59","journalArticle","A controller perspective on biological gait control: Reflexes and central pattern generators","10.1016/j.arcontrol.2019.04.004","2019-01-01","Annual Reviews in Control"
"7N92C6T7","webpage","3D Printing Disrupts Manufacturing: How Economies of One Create New Rules of Competition: Research-Technology Management: Vol 56, No 6",,,
"8PIGD9HI","journalArticle","Interface reconfiguration in CF/PA6 composite via CNT-incorporated polyurethane sizing agent","https://doi.org/10.1016/j.compositesa.2025.109258","2025","Composites Part A: Applied Science and Manufacturing"
"T8R54GNE","journalArticle","Optogenetic dissection reveals multiple rhythmogenic modules underlying locomotion","10.1073/pnas.1304365110","2013-07-09","Proceedings of the National Academy of Sciences of the United States of America"
"ZVZCQITA","journalArticle","Adaptive back stepping fast terminal sliding mode control of robot manipulators actuated by pneumatic artificial muscles: continuum modelling, dynamic formulation and controller design","10.1007/s11012-019-01012-4","6/2019","Meccanica"
"5PANMAFL","presentation","Formal briefing to both the U.S. Congressional Neuroscience and STEAM caucuses",,"2023, November 13",
"FCXH9RZY","journalArticle","Sensorimotor gain control: a basic strategy of motor systems?","10.1016/0301-0082(89)90004-x","1989-01-01","Progress in Neurobiology"
"FWQLJJC9","attachment","Backpropogation_and_Stochastic_Gradient_Descent.pdf",,,
"226ZE3KJ","journalArticle","Proprioception, gait kinematics, and rate of loading",,,
"372ACYB3","journalArticle","Inhibitory Interneurons Decorrelate Excitatory Cells to Drive Sparse Code Formation in a Spiking Model of V1","10.1523/JNEUROSCI.4188-12.2013","2013-3-27","The Journal of Neuroscience"
"Q8DDFPLP","journalArticle","Proprioceptive Feedback and Preferred Patterns of Human Movement","10.1097/JES.0b013e3182724bb0","01/2013","Exercise and Sport Sciences Reviews"
"VYJP23LM","journalArticle","SLAYER: Spike Layer Error Reassignment in Time",,"2018-09-05","arXiv:1810.08646 [cs, stat]"
"5EVQH8Z2","attachment","DATA00054FU.pdf",,,
"CEI3KP2U","webpage","High-Strength, High-Temperature Fiberglass",,,
"53Y6I8ZF","journalArticle","Braided thin McKibben muscles for musculoskeletal robots","10.1016/j.sna.2023.114381","2023-08-01","Sensors and Actuators A: Physical"
"2PK5QKHQ","journalArticle","Activities of the rescue robots at the World Trade Center from 11-21 september 2001","10.1109/MRA.2004.1337826","09/2004","IEEE Robotics & Automation Magazine"
"YNB3RNU7","journalArticle","Design process and tools for dynamic neuromechanical models and robot controllers","10.1007/s00422-017-0711-4","2/2017","Biological Cybernetics"
"HQHQALMG","journalArticle","Stumbling corrective reaction: a phase-dependent compensatory reaction during locomotion","10.1152/jn.1979.42.4.936","1979-07-01","Journal of Neurophysiology"
"X6DC2RDV","book","Impedance control of redundant manipulators for safe human-robot collaboration","10.12700/APH.13.1.2016.1.15","January 1, 2016",
"P7YSD4WQ","journalArticle","Effects of Annealing for Strength Enhancement of FDM 3D-Printed ABS Reinforced with Recycled Carbon Fiber","10.3390/polym15143110","2023-07-21","Polymers"
"YRDLCMDB","conferencePaper","Gecko inspired micro-fibrillar adhesives for wall climbing robots on micro/nanoscale rough surfaces","10.1109/ROBOT.2008.4543675","05/2008",
"WRGA4WUW","book","Materials science and engineering: an introduction",,"2014",
"RWI5F8TU","conferencePaper","Using Animal Data and Neural Dynamics to Reverse Engineer a Neuromechanical Rat Model",,"2015",
"7IIPEAIV","journalArticle","Physics-Embedded Neural Networks: Graph Neural PDE Solvers with Mixed Boundary Conditions",,"2022","Advances in Neural Information Processing Systems"
"GYDYPMYC","conferencePaper","Biarticular Muscles Improve the Stability of a Neuromechanical Model of the Rat Hindlimb","10.1007/978-3-031-39504-8_2","2023",
"QM7KFL5J","journalArticle","A Technical Overview of the Neural Engineering Framework",,,
"SGZ4HH7Q","journalArticle","The spring-mass model for running and hopping",,"1989","Journal of biomechanics"
"89AGMFK4","journalArticle","Strength to cost ratio analysis of FDM Nylon 12 3D Printed Parts","10.1016/j.promfg.2018.07.086","2018-01-01","Procedia Manufacturing"
"9XQLNHDM","journalArticle","The possibility of phase-dependent monosynaptic and polysynaptic la excitation to homonymous motoneurones during fictive locomotion","10.1016/0006-8993(78)90363-3","1978-03-31","Brain Research"
"S3M5AVRB","webpage","ΓüúRotary Dampers | ACE Controls Inc.",,,
"K4PJXEUH","journalArticle","Learning nonlinear operators via DeepONet based on the universal approximation theorem of operators","10.1038/s42256-021-00302-5","2021-03-18","Nature Machine Intelligence"
"95XY6BZF","journalArticle","Biarticular muscles in light of template models, experiments and robotics: a review","10.1098/rsif.2018.0413","2020-02-26","Journal of The Royal Society Interface"
"SKUDTG58","journalArticle","Approaches to revealing the neural basis of muscle synergies: a review and a critique","10.1152/jn.00625.2019","2021-05","Journal of Neurophysiology"
"V26HQA26","book","Mark Two ΓÇô Markforged",,,
"VNF59T3N","journalArticle","Biomimetic joint actuators",,"2012-03-12",
"XKLQLC2L","journalArticle","Neuromechanical Mantis Model Replicates Animal Postures via Biological Neural Models","10.1007/978-3-319-09435-9_26","2014-07-30",
"S8R4YK45","journalArticle","The Chain-Link Actuator: Exploiting the Bending Stiffness of McKibben Artificial Muscles to Achieve Larger Contraction Ratios","10.1109/LRA.2021.3130627","2022-01","IEEE Robotics and Automation Letters"
"MAUI5ZMH","journalArticle","Study of Mechanical and Crystalline Behavior of Polyamide 6/Hytrel/Carbon Nanotubes (CNT) based Polymer Composites","10.1016/j.mspro.2014.07.907","2014","Procedia Materials Science"
"7ZK94R44","journalArticle","Range of motion measurements - Reference values and a database for comparison studies","10.1111/j.1365-2516.2010.02399.x","May 2011","Haemophilia"
"FPV74DHM","book","Smart Composites and Processing","10.3390/books978-3-0365-6051-9","2022-12-12",
"2A8CCQIM","journalArticle","Analysis of Elastic Properties of Polypropylene Composite Materials with Ultra-High Molecular Weight Polyethylene Spherical Reinforcement","10.3390/ma15165602","2022-08-15","Materials"
"LXR2NEBG","journalArticle","Solving inverse-PDE problems with physics-aware neural networks","10.1016/j.jcp.2021.110414","09/2021","Journal of Computational Physics"
"C35V9FWW","presentation","Self-balancing robot leg with vestibular feedback",,"2024, April 6",
"UWL89ILX","journalArticle","Generating the walking gait: role of sensory feedback.","10.1016/s0079-6123(03)43012-4","2004-01-01","Progress in Brain Research"
"BP9HDCFX","conferencePaper","Modeling of Braided Pneumatic Actuators for Robotic Control",,"2001",
"FR6YCDXE","journalArticle","Biological pattern generation: the cellular and computational logic of networks in motion.","10.1016/j.neuron.2006.11.008","December 2006","Neuron"
"T6PLKB58","journalArticle","GPUs and the Future of Parallel Computing","10.1109/MM.2011.89","09/2011","IEEE Micro"
"EEGGMNRJ","webpage","Ecosia - the search engine that plants trees",,,
"73VI7VPC","journalArticle","THE R├öLE OF THE HYPOTHALAMUS AND MESENCEPHALON IN LOCOMOTION","10.1001/archneurpsyc.1930.02220070004001","1930/01/01","Archives of Neurology & Psychiatry"
"TI4I88KQ","journalArticle","An important role of the biarticular hamstrings is to exert internal/external rotation moments on the tibia during vertical jumping","10.1016/j.jtbi.2018.07.013","2018-10-14","Journal of Theoretical Biology"
"EW3P2QGR","book","Design and manufacture of composite structures",,"1994",
"EYWW8ECY","journalArticle","Measurements of the mechanical response of unidirectional 3D-printed PLA","10.1016/j.matdes.2017.03.051","2017-06-05","Materials & Design"
"4S758CTS","attachment","Full Text PDF",,,
"DJYT8EJ2","webpage","What Are Ligaments?",,,
"HAMETWKG","journalArticle","Muscle proprioceptive feedback and spinal networks","10.1016/j.brainresbull.2007.03.010","7/2007","Brain Research Bulletin"
"PZFL2ARD","conferencePaper","Autonomous Spot: Long-Range Autonomous Exploration of Extreme Environments with Legged Locomotion","10.1109/IROS45743.2020.9341361","2020-10",
"6C4NF383","webpage","Self and Mutual Learning in Robotic Arm, based on Cognitive Systems - Open Access Library",,,
"3RQC8XVC","journalArticle","Anatomy of the ankle ligaments: a pictorial essay","10.1007/s00167-016-4059-4","4/2016","Knee Surgery, Sports Traumatology, Arthroscopy"
"X7JH9NHV","document","Competitive STDP_based Spike Pattern Learning",,,
"T7MR48RS","journalArticle","The human spinal cord interprets velocity-dependent afferent input during stepping","10.1093/brain/awh252","2004-10-01","Brain"
"BXC6RYDK","preprint","Physics-Informed Neural Network Lyapunov Functions: PDE Characterization, Learning, and Verification",,"2023-12-21",
"3WGNLWB7","journalArticle","Line width prediction and mechanical properties of 3D printed continuous fiber reinforced polypropylene composites","10.1016/j.addma.2022.103372","01/2023","Additive Manufacturing"
"YR4KNAFX","journalArticle","Functional subdivision of feline spinal interneurons in reflex pathways from group Ib and II muscle afferents; an update.","10.1111/j.1460-9568.2010.07354.x","2010-08-16","European Journal of Neuroscience"
"SM3FMZUX","journalArticle","S4NN: temporal backpropagation for spiking neural networks with one spike per neuron","10.1142/S0129065720500276","06/2020","International Journal of Neural Systems"
"GT9DFMFK","journalArticle","In vivo patellar kinematics during total knee arthroplasty","10.3109/10929080802594563","January 1, 2008","Computer Aided Surgery"
"SFR9EXZC","journalArticle","Role of muscle spindle feedback in regulating muscle activity strength during walking at different speed in mice","10.1152/jn.00250.2018","2018-11-01","Journal of Neurophysiology"
"VNM365DU","journalArticle","The role of cutaneous afferents from the distal hindlimb in the regulation of the step cycle of thalamic cats","10.1007/bf00235013","1976-01-26","Experimental Brain Research"
"KNAY4XY3","journalArticle","The capsular ligaments provide more hip rotational restraint than the acetabular labrum and the ligamentum teres","10.1302/0301-620X.97B4.34638","2015-4-01","The Bone & Joint Journal"
"RH6VK92E","journalArticle","Long short-term memory and Learning-to-learn in networks of spiking neurons",,,
"BZ96P83A","journalArticle","How Good Are Neuron Models?","10.1126/science.1181936","2009-10-16","Science"
"RKXCUL96","journalArticle","AmphiBot I: An amphibious snake-like robot","10.1016/j.robot.2004.09.015","2005","Robotics and Autonomous Systems"
"ANL3CAYX","webpage","BigDog, the Rough-Terrain Quadruped Robot - ScienceDirect",,,
"AD5FLG3L","journalArticle","Loihi: A Neuromorphic Manycore Processor with On-Chip Learning","10.1109/MM.2018.112130359","1/2018","IEEE Micro"
"KATLKEZN","journalArticle","Neuromodulation and flexibility in Central Pattern Generator networks","10.1016/j.conb.2011.05.011","10/2011","Current Opinion in Neurobiology"
"E48UTNWY","bookSection","A Practical Guide to Applying Echo State Networks","10.1007/978-3-642-35289-8_36","2012",
"ZDEDZB5X","journalArticle","Biomimetic Knee Design to Improve Joint Torque and Life for Bipedal Robotics",,,
"CG7AG3JJ","journalArticle","Locomotor Rhythm Generation Linked to the Output of Spinal Shox2 Excitatory Interneurons","10.1016/j.neuron.2013.08.015","2013-11-20","Neuron"
"2WBH5CPN","journalArticle","A three-dimensional musculoskeletal model of the dog","10.1101/2020.07.16.205856","2020-07-16","bioRxiv"
"3HS4FNBG","journalArticle","Muscle and tendon: properties, models, scaling, and application to biomechanics and motor control",,"1989-12","Critical Reviews in Biomedical Engineering"
"NQJ6V4IG","journalArticle","Adaptive back stepping fast terminal sliding mode control of robot manipulators actuated by pneumatic artificial muscles: continuum modelling, dynamic formulation and controller design","10.1007/s11012-019-01012-4","6/2019","Meccanica"
"MAMFE5NQ","journalArticle","Reinforcement learning, spike-time-dependent plasticity, and the BCM rule","10.1162/neco.2007.19.8.2245","2007-08","Neural Computation"
"ZNJ83Z8U","journalArticle","Physics-informed neural networks: A deep learning framework for solving forward and inverse problems involving nonlinear partial differential equations","10.1016/j.jcp.2018.10.045","02/2019","Journal of Computational Physics"
"BNU2P88N","journalArticle","Proprioception from a spinocerebellar perspective.","10.1152/physrev.2001.81.2.539","2001-04-01","Physiological Reviews"
"DHJMXIV2","journalArticle","PPINN: Parareal physics-informed neural network for time-dependent PDEs","10.1016/j.cma.2020.113250","10/2020","Computer Methods in Applied Mechanics and Engineering"
"FW2V5EY2","journalArticle","Strategies for delineating spinal locomotor rhythm-generating networks and the possible role of Hb9 interneurones in rhythmogenesis","10.1016/j.brainresrev.2007.06.025","2008-01-01","Brain Research Reviews"
"F3FHHJXC","journalArticle","FPGA-based elman neural network control system for linear ultrasonic motor","10.1109/TUFFC.2009.1009","January 2009","IEEE Transactions on Ultrasonics, Ferroelectrics, and Frequency Control"
"DPHJCU6G","journalArticle","Distributed Recurrent Neural Forward Models with Synaptic Adaptation for Complex Behaviors of Walking Robots",,"2015-06-11","arXiv:1506.03599 [cs, q-bio]"
"U8E2NS8V","conferencePaper","The Turbulent Flight Environment Close to the Ground and Its Effects on Fixed and Flapping Wings at Low Reynolds Number",,"July 1, 2013",
"J9WRBRMQ","webpage","Sensing Unsteady Pressure on MAV Wings: A New Method for Turbulence Alleviation","10.4028/www.scientific.net/AMM.629.48","2014",
"WYJQFF9U","journalArticle","A Dynamic Neural Network Designed Using Analytical Methods Produces Dynamic Control Properties Similar to an Analogous Classical Controller","10.1109/LCSYS.2018.2871126","30 October 2018","IEEE Control Systems Letters"
"5QWETDR7","journalArticle","SNS-Toolbox: An Open Source Tool for Designing Synthetic Nervous Systems and Interfacing Them with CyberΓÇôPhysical Systems","10.3390/biomimetics8020247","2023/6","Biomimetics"
"JIUYQWPP","journalArticle","Development of an embedded sensor system for pneumatic artificial muscle proprioceptors",,"2016",
"56ETQ24Y","journalArticle","The Lyapunov Neural Network: Adaptive Stability Certi∩¼ücation for Safe Learning of Dynamical Systems",,"2018","Conference on Robot Learning"
"2UQ4ZMSY","book","Introduction To The Theory Of Neural Computation",,"1991",
"M9K4VS4B","journalArticle","Impact Strength for 3D-Printed PA6 Polymer Composites under Temperature Changes","10.3390/jmmp7050178","2023-10-01","Journal of Manufacturing and Materials Processing"
"A3KAW4NH","presentation","Determination of Artificial Muscle Placement for Biomimetic Humanoid Robot Legs",,"2019, June 7",
"QVS2FRBC","journalArticle","An Introduction to Deep Reinforcement Learning","10.1561/2200000071","2018","Foundations and Trends┬« in Machine Learning"
"Q2ZLUTAS","attachment","x1og_fVFQT6Oqv3guD_bCA.pdf",,,
"VGHIBFBM","journalArticle","Building a Biomechanical Model of a Rat Forelimb","10.15760/etd.7690","2021-09-29","Dissertations and Theses"
"AHVNFZ5V","journalArticle","Contribution of Afferent Feedback to Adaptive Hindlimb Walking in Cats: A Neuromusculoskeletal Modeling Study","10.3389/fbioe.2022.825149","2022-04-08","Frontiers in Bioengineering and Biotechnology"
"72TV3R99","journalArticle","Characterisation of interactions between fish gelatin and gum arabic in aqueous solutions","10.1016/j.foodchem.2012.05.018","11/2012","Food Chemistry"
"YJZZNXRF","journalArticle","Development of a dispersion process for carbon nanotubes in an epoxy matrix and the resulting electrical properties","10.1016/S0032-3861(99)00166-4","1999-10-01","Polymer"
"SYL7HTS4","journalArticle","Locomotor Pattern Generation in the Rodent Spinal Cord","10.1007/978-1-0716-1006-0_48","2022-01-01",
"NNL8B3RF","conferencePaper","Kinematic and Kinetic Analysis of a Biomechanical Model of Rat Hind Limb with Biarticular Muscles",,"July 2020",
"UDJLS7WM","journalArticle","Characterizing short-fiber-reinforced composites produced using additive manufacturing","10.1080/20550340.2017.1341125","2017","Advanced Manufacturing: Polymer & Composites Science"
"4LC9ZCXH","journalArticle","Self-Supervised Learning with Lie Symmetries for Partial Differential Equations",,,
"SFHT4PSS","journalArticle","SEROTONIN MODULATES THE CENTRAL PATTERN GENERATOR FOR LOCOMOTION IN THE ISOLATED LAMPREY SPINAL CORD",,,
"NDAH5DGF","journalArticle","The sacroiliac joint: review of anatomy, mechanics, and function","10.2519/jospt.1991.13.2.71","1991","The Journal of Orthopaedic and Sports Physical Therapy"
"YGZD6YCC","presentation","Using Physics-Informed Neural Networks to Guide Reinforcement Learning Agents on Motor Tasks",,"03/11/2022",
"X4J8KT88","journalArticle","Neural control of locomotion and training-induced plasticity after spinal and cerebral lesions.","10.1016/j.clinph.2010.01.039","2010-10-01","Clinical Neurophysiology"
"IK7NYETV","journalArticle","Cutaneous inputs from perineal region facilitate spinal locomotor activity and modulate cutaneous reflexes from the foot in spinal cats.","10.1002/jnr.24791","2021","Journal of Neuroscience Research"
"F6HHNU3Q","journalArticle","Modelling in Modelica and position control of a 1-DoF set-up powered by pneumatic muscles","10.1016/j.mechatronics.2010.05.002","8/2010","Mechatronics"
"FNJ22HDK","attachment","Paper club 20-05-2026",,,
"6U3DRZW3","journalArticle","The origin of nest complexity in social insects","10.1002/(SICI)1099-0526(199807/08)3:6<15::AID-CPLX3>3.0.CO;2-V","1998","Complexity"
"MIDY3M9C","journalArticle","Control of reflex reversal in stick insect walking: effects of intersegmental signals, changes in direction, and optomotor-induced turning","10.1152/jn.00718.2011","2012-01-01","Journal of Neurophysiology"
"PHUNWT3D","thesis","Design of a Canine Inspired Quadruped Robot as a Platform for Synthetic Neural Network Control",,"5/25/2019",
"29VYEMDX","journalArticle","Intralimb and Interlimb Cutaneous Reflexes during Locomotion in the Intact Cat","10.1523/JNEUROSCI.3288-17.2018","2018-04-25","The Journal of Neuroscience"
"63WPQM3K","attachment","A et al. - 2007 - CPG Computational model Spinal cord.pdf",,,
"2ESUMQSN","journalArticle","Comparative anatomy of quadruped robots and animals: a review","10.1080/01691864.2022.2086018","2022-07-03","Advanced Robotics"
"7GXZS6V6","journalArticle","Model-Free Prediction of Large Spatiotemporally Chaotic Systems from Data: A Reservoir Computing Approach","10.1103/PhysRevLett.120.024102","2018-1-12","Physical Review Letters"
"FMXJ4Q6G","journalArticle","Nonisothermal healing and interlaminar bond strength evolution during thermoplastic matrix composites processing","https://doi.org/10.1002/pc.10027","2003","Polymer Composites"
"4DT5S7CY","journalArticle","The effective neural drive to muscles is the common synaptic input to motor neurons","10.1113/jphysiol.2014.273581","2014-8-15","The Journal of Physiology"
"E2DTQUUK","journalArticle","Safe Model-based Reinforcement Learning with Stability Guarantees",,"2017-11-13","arXiv:1705.08551 [cs, stat]"
"PED8URL7","journalArticle","Determination of Femoral Neck Angle and Torsion Angle Utilizing a Novel Three-Dimensional Modeling and Analytical Technology Based on CT Datasets","10.1371/journal.pone.0149480","March 2016","PLoS ONE"
"NX5QRRA7","journalArticle","Transient Loads Occurring over a Thin Airfoil Subjected to Large-Scale Freestream Turbulence","10.2514/1.J052142","2013","AIAA Journal"
"4997JXFN","bookSection","Neuromechanical Model of Rat Hind Limb Walking with Two Layer CPGs and Muscle Synergies","10.1007/978-3-319-95972-6_15","2018",
"FHE9D8GV","journalArticle","From medical imaging data to 3D printed anatomical models","10.1371/journal.pone.0178540","May 2017","PLOS ONE"
"ZT63E23K","journalArticle","An On-chip Spiking Neural Network for Estimation of the Head Pose of the iCub Robot","10.3389/fnins.2020.00551","2020-6-23","Frontiers in Neuroscience"
"M4CZVZI4","presentation","The Neuroscience Club at Portland State University: Fostering engagement and collaboration in neuroscience education and outreach",,"2023, November 11-15",
"F2939FCL","document","measurement and modeling of mckibben pneumatic artifical muscles.pdf",,"February 1996",
"PFI3CDGZ","journalArticle","Transverse Dynamics and Regions of Stability for Nonlinear Hybrid Limit Cycles",,"2010-10-11","arXiv:1010.2241 [math]"
"FFMHP7S4","journalArticle","Waalbot: An Agile Small-Scale Wall-Climbing Robot Utilizing Dry Elastomer Adhesives","10.1109/TMECH.2007.897277","June 2007","IEEE/ASME Transactions on Mechatronics"
"KMAMBMXU","journalArticle","Determination of Femoral Neck Angle and Torsion Angle Utilizing a Novel Three-Dimensional Modeling and Analytical Technology Based on CT Datasets","10.1371/journal.pone.0149480","2016-3-2","PLoS ONE"
"QEKCSCC6","journalArticle","Polymer crystallization rate challenges: The art of chemistry and processing","10.1002/app.42066","2015-10-10","Journal of Applied Polymer Science"
"2L9EBFSB","bookSection","Vertebrate Pattern Generation: Overview","10.1007/978-1-4614-7320-6_758-1","2014",
"E4VMF6LF","journalArticle","Control strategies of 3-cell Central Pattern Generator via global stimuli","10.1038/srep23622","7/2016","Scientific Reports"
"JQ6F2VBL","journalArticle","A history of spike-timing-dependent plasticity","10.3389/fnsyn.2011.00004","2011","Frontiers in Synaptic Neuroscience"
"6HSHVSQS","journalArticle","NEURAL NETWORK DYNAMICS","10.1146/annurev.neuro.28.061604.135637","2005-07-21","Annual Review of Neuroscience"
"9BU5U3DE","journalArticle","Xsens MVN: Full 6DOF Human Motion Tracking Using Miniature Inertial Sensors",,"2013",
"H8EKHVM5","journalArticle","Modeling the Dynamic Characteristics of Pneumatic Muscle","10.1114/1.1554921","2003/03/01","Annals of Biomedical Engineering"
"W3X6VNXS","journalArticle","Functional subpopulations of V3 interneurons in the mature mouse spinal cord.","10.1523/jneurosci.2005-13.2013","2013-11-20","The Journal of Neuroscience"
"PRCZ9A35","preprint","Spiking Neural Operators for Scientific Machine Learning",,"2022-10-12",
"7GXMDX4Y","journalArticle","Coding Efficiency of Fly Motion Processing Is Set by Firing Rate, Not Firing Precision","10.1371/journal.pcbi.1000860","2010-7-22","PLoS Computational Biology"
"ICAZ6AH4","journalArticle","Review article: Polymer-matrix Nanocomposites, Processing, Manufacturing, and Application: An Overview","10.1177/0021998306067321","2006","Journal of Composite Materials"
"FRCZMPZM","journalArticle","Deep Reinforcement Learning: An Overview",,"2018-11-25","arXiv:1701.07274 [cs]"
"999QMXWH","journalArticle","Interlaminar bonding performance of 3D printed continuous fibre reinforced thermoplastic composites using fused deposition modelling","10.1016/j.polymertesting.2018.04.038","2018-07-01","Polymer Testing"
"G25HA4J2","journalArticle","A neural representation of continuous space using fractional binding",,,
"IUKJNEMS","journalArticle","Significance of load receptor input during locomotion: a review","10.1016/s0966-6362(99)00052-1","2000-04-01","Gait & Posture"
"6H9YK5FA","webpage","Zotero | Your personal research assistant",,,
"DZ8VWALN","conferencePaper","A Neural Primitive model with Sensorimotor Coordination for Dynamic Quadruped Locomotion with Malfunction Compensation","10.1109/IROS45743.2020.9340707","2020-10-24",
"ZFP3VC5M","journalArticle","Locomotion controller for a crab-like robot","10.1109/robot.1998.676345","1998-05-16",
"5NQG2728","journalArticle","C fragment of tetanus toxin hybrid proteins evaluated for muscle-specific transsynaptic mapping of spinal motor circuitry in the newborn mouse","10.1016/j.neuroscience.2006.04.008","2006-08-25","Neuroscience"
"U6P8JYQR","attachment","Full Text PDF",,,
"7V7EA284","journalArticle","ATRIAS: Design and validation of a tether-free 3D-capable spring-mass bipedal robot","10.1177/0278364916648388","2016-10-01","The International Journal of Robotics Research"
"DT42YMAW","journalArticle","Evaluation and Analysis of Push-Pull Cable Actuation System Used for Powered Orthoses","10.3389/frobt.2018.00105","2018","Frontiers in Robotics and AI"
"I48G8GSF","document","Deep Learning in Spiking Neural Networks",,,
"BDV8PJRC","journalArticle","Taking the Human Out of the Loop: A Review of Bayesian Optimization","10.1109/JPROC.2015.2494218","1/2016","Proceedings of the IEEE"
"6UEPWWIP","document","Dynamic Scaling of a Dog Robot",,"August 2021",
"A6S9MFRW","journalArticle","Human-level control through deep reinforcement learning","10.1038/nature14236","February 26, 2015","Nature"
"6CUG8IRB","conferencePaper","A bio-inspired modular system for humanoid posture control",,"2013",
"WEQ6RCVY","journalArticle","Candidate interneurones mediating group I disynaptic EPSPs in extensor motoneurones during fictive locomotion in the cat.","10.1113/jphysiol.2004.076034","2005-03-01","The Journal of Physiology"
"XN3DE77W","journalArticle","A hexapod walker using a heterarchical architecture for action selection","10.3389/fncom.2013.00126","2013","Frontiers in Computational Neuroscience"
"DIMUJIQ3","journalArticle","Effects of Infill Pattern and Infill Density on the Flexural Properties of Markforged Onyx","10.3390/polym18172060","2026/1","Polymers"
"RSG3WNXM","conferencePaper","Flight attitude estimation for MAV based on M-estimation","10.1109/CECNET.2011.5768718","April 2011",
"YGZHDXVG","conferencePaper","Feedback design for multi-contact push recovery via LMI approximation of the Piecewise-Affine Quadratic Regulator","10.1109/HUMANOIDS.2017.8246970","11/2017",
"KDFT7WIN","conferencePaper","Static Modeling of Pneumatic Artificial Muscle Actuator","10.1109/RoboSoft54090.2022.9762146","2022-04",
"NWFMZFT6","journalArticle","Error-driven learning for self-calibration in a neuromorphic path integration system","10.3929/ETHZ-B-000394569","2019",
"Z6YA6PCQ","journalArticle","Spinal Control of Locomotion: Individual Neurons, Their Circuits and Functions.","10.3389/fphys.2018.00784","2018-06-25","Frontiers in Physiology"
"LZM3EU9Z","journalArticle","A Review on Aerodynamics of Non-Flapping Bird Wings","10.5028/jatm.v8i1.564","03/2016","Journal of Aerospace Technology and Management"
"5QPNUAHZ","webpage","NDLI Presents: Toward Gravity-Independent Climbing Using a Biologically Inspired Distributed Inward Gripping Strategy",,,
"Z929HSHW","journalArticle","A Feedback Model Reproduces Muscle Activity During Human Postural Responses to Support-Surface Translations","10.1152/jn.01110.2007.","2008",
"VWU2WB8E","bookSection","SNS-Toolbox: A Tool for Efficient Simulation of Synthetic Nervous Systems","10.1007/978-3-031-20470-8_4","2022",
"XJBZ946R","journalArticle","Design and Control Considerations for High-Performance Series Elastic Actuators","10.1109/TMECH.2013.2270435","2014-06","IEEE/ASME Transactions on Mechatronics"
"L3HH7WGS","journalArticle","A Muscle-Reflex Model That Encodes Principles of Legged Mechanics Produces Human Walking Dynamics and Muscle Activities","10.1109/TNSRE.2010.2047592","June 2010","IEEE Transactions on Neural Systems and Rehabilitation Engineering"
"IGF9P8IQ","journalArticle","Walking with perturbations: a guide for biped humans and robots","10.1088/1748-3190/aada54","2018-09-04","Bioinspiration & Biomimetics"
"VEPP4VEE","webpage","Chia-Wen Kuo - PCB Component Detection",,,
"YP9XXDIH","journalArticle","Experimental and Computational Assessment of Locomotor Coordination and Complexity Following Incomplete Spinal Cord Injury in the Rat",,"2012-01-01",
"KU93FB34","journalArticle","Function of Segmental Reflexes in the Control of Stepping in Cockroaches and Cats","10.1007/978-1-4757-0964-3_21","1976-01-01",
"QCNPI9ZB","journalArticle","Made-to-order spiking neuron model equipped with a multi-timescale adaptive threshold","10.3389/neuro.10.009.2009","2009","Frontiers in Computational Neuroscience"
"YCPEHH97","journalArticle","The special nature of human walking and its neural control","10.1016/S0166-2236(02)02173-2","2002-08-01","Trends in neurosciences"
"RS776MUP","journalArticle","Design principles of a human mimetic humanoid: Humanoid platform to study human intelligence and internal body system","10.1126/scirobotics.aaq0899","2017-12-20","Science Robotics"
"FDINKB9Z","journalArticle","AnimatLab: a 3D graphics environment for neuromechanical simulations","10.1016/j.jneumeth.2010.01.005","2010-03-30","Journal of Neuroscience Methods"
"CAIECEZ6","journalArticle","A fundamental mechanism of legged locomotion with hip torque and leg damping","10.1088/1748-3182/7/4/046010","2012-12-01","Bioinspiration & Biomimetics"
"WCYH7XKZ","journalArticle","Recent advances in 3D printing of biomaterials","10.1186/s13036-015-0001-4","12/2015","Journal of Biological Engineering"
"QJNINEN4","journalArticle","Flight Characteristics of Shaping the Membrane Wing of a Micro Air Vehicle","10.2514/1.4782","2005","Journal of Aircraft"
"P3XGUSCP","attachment","On Robot Compliance_ A Cerebellar Control Approach.pdf",,,
"EL6UYIFW","journalArticle","Tutorial: using NEURON for neuromechanical simulations","10.3389/fncom.2023.1143323","2023-07-31","Frontiers in Computational Neuroscience"
"MCTMN2TJ","journalArticle","Biomechanical model of the human foot: Kinematics and kinetics during the stance phase of walking","10.1016/S0021-9290(05)80008-9","September 1, 1993","Journal of Biomechanics"
"QZ5P4NTQ","journalArticle","Spinal control of muscle synergies for adult mammalian locomotion","10.1113/JP277018","2019-1-01","The Journal of Physiology"
"9E8C7EAI","journalArticle","Spinal reflexes, mechanisms and concepts: from Eccles to Lundberg and beyond.","10.1016/j.pneurobio.2006.04.001","2006-02-01","Progress in Neurobiology"
"IHFUG46Q","journalArticle","Gas and water permeability of concrete","10.1144/SP415.6","2015/01/01","Geological Society, London, Special Publications"
"B2P9UZLE","journalArticle","The Motor Infrastructure: From Ion Channels to Neuronal Networks","10.1038/nrn1137","2003-07-01","Nature Reviews Neuroscience"
"LSLHE8ZS","journalArticle","A New Approach to Assess the Gastrocnemius Muscle Volume in Rodents Using Ultrasound; Comparison with the Gastrocnemius Muscle Index","10.1371/journal.pone.0054041","Jan 10, 2013","PLOS ONE"
"V2RNIZZT","journalArticle","The biophysics of bird flight: functional relationships integrate aerodynamics, morphology, kinematics, muscles, and sensors","10.1139/cjz-2015-0103","October 16, 2015","Canadian Journal of Zoology"
"4NV395JY","journalArticle","Physics-Based Simulations to Predict the Differential Effects of Motor Control and Musculoskeletal Deficits on Gait Dysfunction in Cerebral Palsy: A Retrospective Case Study","10.3389/fnhum.2020.00040","2020","Frontiers in Human Neuroscience"
"KVIJSVGM","journalArticle","Prediction and analysis of flexural stiffness for 3D-printed continuous fiberΓÇôreinforced composites with different matrix fill ratios and layer orders","10.1016/j.polymertesting.2024.108459","06/2024","Polymer Testing"
"8IWJN77X","webpage","Spot┬« - The Agile Mobile Robot",,,
"939JVCCU","journalArticle","Force Sensors in Hexapod Locomotion","10.1177/0278364905055381","2005-07-01","The International Journal of Robotics Research"
"L4MYEPWN","bookSection","Biologically Inspired Robotics","10.1007/978-3-319-32552-1_75","2016",
"XAVF83U8","journalArticle","Simulations of neuromuscular control in lamprey swimming","10.1098/rstb.1999.0441","1999-05-29","Philosophical Transactions of the Royal Society of London. Series B: Biological Sciences"
"GA8YXYMU","journalArticle","Muscles, Elastic Energy, and the Dynamics of Body Stiffness in Swimming Eels","10.1093/icb/38.4.771","09/1998","American Zoologist"
"F8VY9WMT","journalArticle","A model of scale effects in mammalian quadrupedal running",,"2002/04/01","Journal of Experimental Biology"
"KU9CUS6K","journalArticle","Neuronal activity in the isolated mouse spinal cord during spontaneous deletions in fictive locomotion: insights into locomotor central pattern generator organization","10.1113/jphysiol.2012.240895","2012-10-01","The Journal of Physiology"
"JDNLJ2N5","journalArticle","Mechanical actions of heterogenic reflexes linking long toe flexors with ankle and knee extensors of the cat hindlimb","10.1152/jn.1994.71.3.1096","1994 Mar 01","Journal of Neurophysiology"
"VUCH3IPR","journalArticle","Sensorized, Flat, Pneumatic Artificial Muscle Embedded with Biomimetic Microfluidic Sensors for Proprioceptive Feedback","10.1089/soro.2018.0110","2019-12","Soft Robotics"
"VFBMSRFQ","journalArticle","Central Pattern Generator for Locomotion: Anatomical, Physiological, and Pathophysiological Considerations","10.3389/fneur.2012.00183","2013","Frontiers in Neurology"
"GM7KR95Z","blogPost","Biomechanical energetics of terrestrial locomotion California sea lion vs northern elephant seal",,,
"EZSGL28V","thesis","Pressure and Force Dynamics in Artificial Muscle Actuators: A State-Space and Optimization-Based Approach","10.15760/etd.4030","2025-08-28",
"GPUB7AW5","presentation","Real-time, pulse-based actuation of braided pneumatic actuator muscles",,"Oct 5-9, 2024",
"MS4QAHCK","preprint","Physics-Informed Computer Vision: A Review and Perspectives",,"2023-05-31",
"BNGA9TDW","journalArticle","The effect of dorsal root transection on the efferent motor pattern in the cat's hindlimb during locomotion.","10.1111/j.1748-1716.1984.tb07400.x","1984-03-01","Acta Physiologica Scandinavica"
"XYIPI8CK","journalArticle","Restoring walking after spinal cord injury.","10.1016/j.pneurobio.2004.04.003","2004-06-01","Progress in Neurobiology"
"32AZM78G","conferencePaper","Simulation of Human Balance Control Using an Inverted Pendulum Model","10.1007/978-3-319-63537-8_15","2017/07/26",
"4V693TZ4","journalArticle","Hybrid dynamical systems","10.1109/MCS.2008.931718","4/2009","IEEE Control Systems"
"4VKDE9Z6","journalArticle","Kinematic primitives for walking and trotting gaits of a quadruped robot with compliant legs","10.3389/fncom.2014.00027","2014-03-07","Frontiers in Computational Neuroscience"
"I8YCDPIN","journalArticle","Review of alginate-based composites for 3D printing material","10.1177/20412479241227137","05/2024","Polymers from Renewable Resources"
"CKFSC5JE","journalArticle","A mathematical analysis of the force-stiffness characteristics of muscles in control of a single joint system",,"1992","Biological cybernetics"
"PEC3GK7Q","journalArticle","The control of lateral stability during rapid stepping reactions evoked by antero-posterior perturbation: does anticipatory control play a role?","10.1016/S0966-6362(99)00013-2","July 1999","Gait & Posture"
"I4EKWN22","journalArticle","Postural orientation and equilibrium: what do we need to know about neural control of balance to prevent falls?","10.1093/ageing/afl077","2006-09-01","Age and Ageing"
"DSKAFB2R","attachment","ISO-17295-2023.pdf",,,
"2NUU4KH9","journalArticle","Phase-Dependent Response to Afferent Stimulation During Fictive Locomotion: A Computational Modeling Study.","10.3389/fnins.2019.01288","2019-11-29","Frontiers in Neuroscience"
"XGGB4NMI","journalArticle","Influence of perimeter layers on tension mechanical properties of 3D printed Onyx","10.3389/fmech.2025.1528516","2025-1-23","Frontiers in Mechanical Engineering"
"5ZGQNAGT","journalArticle","Effect of melt temperature and skin-core morphology on the mechanical performance of nylon 6","https://doi.org/10.1002/pen.11003","2002","Polymer Engineering & Science"
"38FTX7IH","webpage","ChatGPT",,,
"FK7TU8ZR","journalArticle","A theory of healing at a polymer-polymer interface","10.1021/ma00241a013","1983-07-01","Macromolecules"
"WBQAXDKN","journalArticle","Ocean front detection and tracking using a team of heterogeneous marine vehicles","10.1002/rob.22014","2021","Journal of Field Robotics"
"PQLJF7QU","journalArticle","Neuronal Control of LocomotionFrom Mollusc to Man","10.1093/acprof:oso/9780198524052.001.0001","1999-09-02",
"9UL9P2KN","journalArticle","Excitatory and Inhibitory Interactions in Localized Populations of Model Neurons","10.1016/S0006-3495(72)86068-5","01/1972","Biophysical Journal"
"SPQ9XXDP","journalArticle","Weld formation during material extrusion additive manufacturing","10.1039/C7SM00950J","2017","Soft Matter"
"R2MW3GN8","journalArticle","Robust learning in SpikeProp","10.1016/j.neunet.2016.10.011","02/2017","Neural Networks"
"5G4ICMBF","journalArticle","Estimates on the generalization error of Physics Informed Neural Networks (PINNs) for approximating PDEs",,"2021-09-10","arXiv:2006.16144 [cs, math]"
"NFZGJ9G4","journalArticle","Materials, Actuators, and Sensors for Soft Bioinspired Robots","10.1002/adma.202003139","2021","Advanced Materials"
"F2IWBJNL","journalArticle","Visual proprioceptive control of stance",,"1975","Journal of Human Movement Studies"
"S7QYZGBB","journalArticle","Tapping into spinal circuits to restore motor function.","10.1016/s0165-0173(99)00008-9","1999-07-01","Brain Research Reviews"
"3FZ3EF43","journalArticle","Six-legged walking in insects: how CPGs, peripheral feedback, and descending signals generate coordinated and adaptive motor rhythms","10.1152/jn.00658.2017","2018-02-01","Journal of Neurophysiology"
"2M687THW","journalArticle","An Overview on Materials and Techniques in 3D Bioprinting Toward Biomedical Application","10.1016/j.engreg.2020.12.001","2021","Engineered Regeneration"
"DCXI4BNX","thesis","Statistical-based optimization of process parameters of fused deposition modelling for improved quality",,"2012",
"RP22VKGN","journalArticle","A planar model of the knee joint to characterize the knee extensor mechanism","10.1016/0021-9290(89)90179-6","January 1, 1989","Journal of Biomechanics"
"CKMQRLTB","journalArticle","Influence of a Compatible Design on Physical Human-Robot Interaction Force: a Case Study of a Self-Adapting Lower-Limb Exoskeleton Mechanism","10.1007/s10846-019-01063-5","5/2020","Journal of Intelligent & Robotic Systems"
"63HESN3V","attachment","Ma - From Bipedal to Quadrupedal Locomotion, Experiment.pdf",,,
"P9TJD35D","attachment","MuJoCo.bib",,,
"UZTAJAKS","attachment","Trainability of Muscular Activity Level during Maximal.pdf",,,
"AY7CA699","journalArticle","Identification of Minimal Neuronal Networks Involved in Flexor-Extensor Alternation in the Mammalian Spinal Cord","10.1016/j.neuron.2011.07.011","2011-09-22","Neuron"
"7LWZMMM2","preprint","Amphibious and Sprawling Locomotion: From Biology to Robotics and Back","10.1146/annurev-control-091919-095731","2020-05-01",
"JJJCUGMZ","conferencePaper","Feedback design for multi-contact push recovery via LMI approximation of the Piecewise-Affine Quadratic Regulator","10.1109/HUMANOIDS.2017.8246970","11/2017",
"6XR2UW4Y","journalArticle","Large-scale neuromorphic computing systems","10.1088/1741-2560/13/5/051001","2016","Journal of Neural Engineering"
"37NLALTP","journalArticle","A biomimetic robotic platform to study flight specializations of bats","10.1126/scirobotics.aal2505","2017/02/01","Science Robotics"
"RGVRXXDH","journalArticle","Are muscle synergies useful for neural control?","10.3389/fncom.2013.00019","2013","Frontiers in Computational Neuroscience"
"2VAING3I","journalArticle","Group I extensor afferents evoke disynaptic EPSPs in cat hindlimb extensor motorneurones during fictive locomotion.","10.1113/jphysiol.1996.sp021538","1996-08-01","The Journal of Physiology"
"9I8L38TC","journalArticle","Hybrid terrain-adaptive lower-extremity systems",,"2009-09-01",
"G8VUHZH7","journalArticle","Effect of Fibre Orientation on Novel Continuous 3D-Printed Fibre-Reinforced Composites","10.3390/polym13152524","2021-7-30","Polymers"
"8S6WZPFA","journalArticle","Identification of the Plant for Upright Stance in Humans: Multiple Movement Patterns From a Single Neural Strategy","10.1152/jn.01272.2007","2008/12/01","Journal of Neurophysiology"
"4EDW2E57","journalArticle","A connectionist central pattern generator for the aquatic and terrestrial gaits of a simulated salamander.",,"2001","Biological Cybernetics"
"GVJDIVJ6","journalArticle","Mechanisms of Phase-Locking and Frequency Control in Pairs of coupled Neural Oscillators",,,
"3ZUMUP25","journalArticle","Horses damp the spring in their step","10.1038/414895a","2001-12","Nature"
"Z9AZIGTB","journalArticle","V1 and V2b Interneurons Secure the Alternating Flexor-Extensor Motor Activity Mice Require for Limbed Locomotion","10.1016/j.neuron.2014.02.013","04/2014","Neuron"
"HNJDUZ3T","journalArticle","Model-Based Estimation of Ankle Joint Stiffness","10.3390/s17040713","March 29 2017",
"KADNPPCE","conferencePaper","Development of life-sized high-power humanoid robot JAXON for real-world use","10.1109/HUMANOIDS.2015.7363459","November 2015",
"JZICDG4N","journalArticle","From medical imaging data to 3D printed anatomical models","10.1371/journal.pone.0178540","May 31, 2017","PLOS ONE"
"N4G29CZV","journalArticle","Roles of support materials in 3D bioprinting ΓÇô Present and future","10.18063/IJB.2017.01.006","2017-01-04","International Journal of Bioprinting"
"GNY5E45A","journalArticle","Raw dataset of tensile tests in a 3D-printed nylon reinforced with oriented short carbon fibers","10.1016/j.dib.2024.111149","12/2024","Data in Brief"
"Y7HKKDIQ","webpage","A Robotic System to Automate the Disassembly of PCB Components",,,
"P9INAS5A","journalArticle","comparison study hindlimb control during fictive and real locomotion: a Motoneuronal and muscle synergies involved in cat",,"2012-01-01",
"A8KPP36V","bookSection","Neuromechanical Circuits of the Spinal Motor Apparatus","10.1002/cphy.c240002","2024",
"VGI9RANZ","journalArticle","Particle Swarm Optimization",,"1995","Proceedings of ICNN'95 - International Conference on Neural Networks"
"HBX2KK2G","book","The Organization of Behavior: A Neuropsychological Theory",,"1949",
"LIDW5CMW","journalArticle","Thermoforming Characteristics of PLA/TPU Multi-Material Specimens Fabricated with Fused Deposition Modelling under Different Temperatures","10.3390/polym14204304","2022","Polymers"
"PVCGFNDJ","journalArticle","Biomechanical analysis of the knee extension exercise","10.1016/0003-9993(93)90089-S","12/1993","Archives of Physical Medicine and Rehabilitation"
"84V3X65F","journalArticle","Fictive motor patterns in chronic spinal cats","10.1152/jn.1991.66.6.1874","1991-12-01","Journal of Neurophysiology"
"JVP2TX7X","journalArticle","The Dynamics of A Bow and Arrow","10.1063/1.1710314","06/1937","Journal of Applied Physics"
"ZJT3AJEK","bookSection","Experimental Validation of an Aerodynamic Sensing Scheme for Post-Stall Aerodynamic Moment Characterization","10.2514/6.2013-4979","August 15, 2013",
"82IC2Q5Z","journalArticle","Towards Autonomous MAV Soaring in Cities: CFD Simulation, EFD Measurement and Flight Trials","10.1260/1756-8293.7.4.441","December 1, 2015","International Journal of Micro Air Vehicles"
"IPGQSKBE","thesis","Influence of the Interphase on the Mechanical Properties of Nylon 66 Composites",,"1 August 1996",
"2E7P3P4B","journalArticle","Mechanosensory Feedback in Walking: From Joint Control to Locomotor Patterns","10.1016/s0065-2806(07)34004-6","2007-01-01","Advances in Insect Physiology"
"NIIW5Y39","book","Dogs in Motion",,"2014",
"RWM9IQHU","journalArticle","Proprioception and locomotor disorders","10.1038/nrn939","10/2002","Nature Reviews Neuroscience"
"CFRFIR33","journalArticle","Balance responses to lateral perturbations in human treadmill walking","10.1242/jeb.042572","2010/08/01","Journal of Experimental Biology"
"PWA66WWU","conferencePaper","Ankle intrinsic stiffness is modulated by postural sway","10.1109/EMBC.2017.8036765","7/2017",
"8XD22LIY","webpage","2025 Draft List of Critical Minerals",,"2025-08-26",
"G96FE7FF","journalArticle","Force Regulation of Ankle Extensor Muscle Activity in Freely Walking Cats","10.1152/jn.90918.2008","2009-01-01","Journal of Neurophysiology"
"DWV25RVC","journalArticle","Flexural Strength Optimization as Effect of Infill Pattern Variation in FDM 3D Printing of Multi-layers ABS-PLA",,,
"JIN7V2G4","journalArticle","Emergency Informatics: Using Computing to Improve Disaster Management","10.1109/MC.2016.135","2016-05","Computer"
"42ATQKJ9","journalArticle","The dominant role of the hip in multijoint reflex responses in human spinal cord injury",,"2011-01-01",
"BD9JNN5N","journalArticle","A review on composite materials and process parameters optimisation for the fused deposition modelling process","10.1080/17452759.2016.1274490","2017-01-02","Virtual and Physical Prototyping"
"IK9JB946","journalArticle","A controller for continuous wave peristaltic locomotion","10.1109/iros.2011.6094954","2011-12-05",
"MU5CZAH2","conferencePaper","Reactive posture behaviors for stable legged locomotion over steep inclines and large obstacles","10.1109/IROS.2014.6943257","9/2014",
"2WDWIUBF","journalArticle","(PDF) Long-term depression in the CNS","10.1038/nrn2867","2024-10-22","ResearchGate"
"L58D9JJS","journalArticle","Modulation of phase durations, phase variations, and temporal coordination of the four limbs during quadrupedal split-belt locomotion in intact adult cats","10.1152/jn.00160.2014","2014-10-15","Journal of Neurophysiology"
"UEVMW6YE","journalArticle","Multisensory fusion: simultaneous re-weighting of vision and touch for the control of human posture","10.1016/S0926-6410(02)00071-X","June 2002","Cognitive Brain Research"
"3UKQ3TAR","journalArticle","Pneumatic-driven jumping robot with anthropomorphic muscular skeleton structure","10.1007/s10514-009-9171-6","April 2010","Autonomous Robots"
"DA8M7T3L","journalArticle","TwoΓÇÉstage annealing method for short carbon fiberΓÇÉreinforced nylon 6 in fused filament fabrication","10.1002/pc.29012","2025-01-10","Polymer Composites"
"G6KR8W8I","journalArticle","Do Pacemakers Drive the Central Pattern Generator for Locomotion in Mammals?","10.1177/1073858409346339","04/2010","The Neuroscientist"
"VW9MXGD8","attachment","Locomotor Primitives in newborn Babies and their Development.pdf",,,
"26KZ7UWD","journalArticle","Safe Reinforcement Learning via Shielding",,,
"3NG7KFZ9","journalArticle","In vitro reconstruction of the respiratory central pattern generator of the mollusk Lymnaea","10.1126/science.2218532","1990-10-12","Science"
"N9AHXNSK","journalArticle","OpenSim: Simulating musculoskeletal dynamics and neuromuscular control to study human and animal movement","10.1371/journal.pcbi.1006223","2018-7-26","PLOS Computational Biology"
"D86458W6","presentation","Balance Platform and Inverted Pendulum for Robotic Vestibular and Proprioceptive Control",,"2024, May 17-18",
"AV5S87CQ","journalArticle","Unsupervised learning of digit recognition using spike-timing-dependent plasticity","10.3389/fncom.2015.00099","2015-08-03","Frontiers in Computational Neuroscience"
"T3KSV3GX","journalArticle","The condition for dynamic stability","10.1016/j.jbiomech.2004.03.025","1/2005","Journal of Biomechanics"
"FAEWDMXZ","conferencePaper","Decision making and perceptual bistability in spike-based neuromorphic VLSI systems","10.1109/ISCAS.2015.7169245","May 2015",
"CGW4LT2X","journalArticle","The popliteofibular ligament - An anatomical study of the posterolateral corner of the knee.",,"22 June 1998","The Journal of Bone and Joint Surgery"
"WEGNS7S9","journalArticle","Stiffness estimation of planar spiral spring based on Gaussian process regression","10.1038/s41598-022-15421-1",,"Scientific Reports"
"8WFRBQIS","journalArticle","Measurement and modeling of McKibben pneumatic artificial muscles","10.1109/70.481753","February 1996","IEEE Transactions on Robotics and Automation"
"I4ZZGVD4","journalArticle","Synthetic Polymers for Organ 3D Printing","10.3390/polym12081765","2020-08-07","Polymers"
"TQVQL9W7","journalArticle","Degradation of mouse locomotor pattern in the absence of proprioceptive sensory feedback","10.1073/pnas.1419045111","2014-11-25","Proceedings of the National Academy of Sciences"
"DBDVN5SN","conferencePaper","On the Necessity of Real-Time Principles in GPU-Driven Autonomous Robots",,"March 2025",
"74KM2PKS","journalArticle","Algorithms for Reinforcement Learning","10.2200/S00268ED1V01Y201005AIM009","01/2010","Synthesis Lectures on Artificial Intelligence and Machine Learning"
"NPDG66ZJ","preprint","Hybrid Neural Network PDE Solvers for Reacting Flows",,"2021-11-22",
"D4CQKDR3","journalArticle","Performance Maps for a Bio-Inspired Robotic Condylar Hinge Joint","10.1115/1.4028168","October 8, 2014","Journal of Mechanical Design"
"IJRMHTC9","preprint","SpikeGrad: An ANN-equivalent Computation Model for Implementing Backpropagation with Spikes",,"2019-06-03",
"A24JH824","conferencePaper","Proprioceptive postural control of a musculoskeletal model against horizontal disturbances","10.1109/ROBIO.2017.8324592","December 2017",
"BSB4SLW7","journalArticle","Spinal Interneurons as Gatekeepers to Neuroplasticity after Injury or Disease.","10.1523/jneurosci.1654-20.2020","2021","The Journal of Neuroscience"
"5CA7267C","journalArticle","Simple Muscle Models Regularize Motion in a Robotic Leg with Neurally-Based Step Generation","10.1109/robot.2007.363057","2007-04-10",
"RWBKBM3J","journalArticle","3D-Printed Carbon Fiber Reinforced Polymer Composites: A Systematic Review","10.3390/jcs4030098","2020-07-24","Journal of Composites Science"
"C5WAATZA","journalArticle","Additive manufacturing of short carbon filled fiber nylon: effect of build orientation on surface roughness and viscoelastic behavior.","10.1007/s00170-023-12503-w","2024-01-01","International Journal of Advanced Manufacturing Technology"
"TK74WD3K","journalArticle","Population Dynamics of Spiking Neurons: Fast Transients, Asynchronous States, and Locking","10.1162/089976600300015899","2000-01-01","Neural Computation"
"HSDMYPJC","journalArticle","Reinforcement learning with a network of spiking agents",,"2019-11-10","arXiv:1910.06489 [cs, q-bio, stat]"
"DZTKQ3Z7","journalArticle","Neural Architecture Search: A Survey",,"03/2019","Journal of Machine Learning Research"
"TJTJY7KE","journalArticle","Rapid prototyping of continuous carbon fiber reinforced polylactic acid composites by 3D printing","10.1016/j.jmatprotec.2016.07.025","2016-12-01","Journal of Materials Processing Technology"
"7KH62IFS","journalArticle","Stability Analysis of Legged Locomotion Models by Symmetry-Factored Return Maps","10.1177/0278364904047389","10/2004","The International Journal of Robotics Research"
"XKNEFNK9","journalArticle","The effects of voids on structural properties of fused deposition modelled parts: a probabilistic approach","10.1007/s00170-018-2148-x","8/2018","The International Journal of Advanced Manufacturing Technology"
"YDQF8BCE","journalArticle","Learning to stop: a unifying principle for legged locomotion in varying environments","10.1098/rsos.210223","04/2021","Royal Society Open Science"
"U2LXRDK3","journalArticle","MIONet: Learning Multiple-Input Operators via Tensor Product","10.1137/22M1477751","12/2022","SIAM Journal on Scientific Computing"
"CNTQYPTR","journalArticle","Use of Visual and Proprioceptive Feedback to Improve Gait Speed and Spatiotemporal Symmetry Following Chronic Stroke: A Case Series","10.2522/ptj.20110206","2012-05-01","Physical Therapy"
"SWBBAZ3E","book","Composite materials",,"1997",
"KEKGJDMG","journalArticle","Renshaw cell activity and recurrent effects on motoneurons during fictive locomotion.","10.1152/jn.1980.44.3.475","1980-09-01","Journal of Neurophysiology"
"9AKZF39G","journalArticle","Insights into flexural and impact properties of polymer based materials printed through fused filament fabrication: Progress in the last decade","10.1016/j.ijlmm.2024.05.011","11/2024","International Journal of Lightweight Materials and Manufacture"
"S6SZIRIK","journalArticle","StructureΓÇôproperty relationships in 3D-printed onyx-based composites reinforced with continuous fibers: role of temperature and fiber orientation","10.1016/j.jcomc.2025.100649","10/2025","Composites Part C: Open Access"
"R9ESVMMB","journalArticle","A Tutorial on Bayesian Optimization of Expensive Cost Functions, with Application to Active User Modeling and Hierarchical Reinforcement Learning",,"2010-12-12","arXiv:1012.2599 [cs]"
"TCLUYW3F","journalArticle","Learning the solution operator of parametric partial differential equations with physics-informed DeepONets","10.1126/sciadv.abi8605","09/29/2021","SCIENCE ADVANCES"
"KYZP8XRX","journalArticle","Effects of Fiber Orientation on the Bearing Strength of 3D-Printed Composite Materials Produced by Fused Filament Fabrication","10.3390/polym16243591","2024-12-22","Polymers"
"NPRY3ATJ","journalArticle","Crossed activation of thoracic trunk motoneurons by medullary reticulospinal neurons.","10.1152/jn.00194.2019","2019-10-30","Journal of Neurophysiology"
"M7C6L3QZ","journalArticle","Flexing computational muscle: modeling and simulation of musculotendon dynamics.","10.1115/1.4023390","February 2013","Journal of biomechanical engineering"
"AY532GM7","journalArticle","Deposition direction-dependent failure criteria for fused deposition modeling polycarbonate","10.1108/RPJ-04-2013-0039","2014-04-14Z",
"SFUKLQYX","book","Practical Nonparametric Statistics",,"1971",
"7S36QVQJ","journalArticle","Crystallization, morphology, and dynamic mechanical properties of poly(trimethylene terephthalate)/clay nanocomposites","https://doi.org/10.1016/S0014-3057(03)00166-6","December 2003","European Polymer Journal"
"PH2U5LX8","journalArticle","Patterns of interval correlations in neural oscillators with adaptation","10.3389/fncom.2013.00164","2013-11-29","Frontiers in Computational Neuroscience"
"K6TIGUFT","journalArticle","On the influence of over-parameterization in manifold based surrogates and deep neural operators","10.1016/j.jcp.2023.112008","04/2023","Journal of Computational Physics"
"3QV99KJP","journalArticle","Why do patients with ParkinsonΓÇÖs disease fall? A cross-sectional analysis of possible causes of falls","10.1038/npjparkd.2015.11","2015/06/11","npj Parkinson's Disease"
"S3SVWANY","journalArticle","Vestibulospinal, reticulospinal and descending propriospinal nerve fibres in man","10.1093/brain/119.6.1809","1996","Brain"
"ECNGDXVY","journalArticle","Anatomy of the Collateral Ligaments of the Human Ankle Joint","10.1177/107110079801901109","November 1998","Foot & Ankle International"
"68A67AWI","journalArticle","Additive manufacturing of carbon fiber reinforced thermoplastic composites using fused deposition modeling","10.1016/j.compositesb.2015.06.013","2015-10","Composites Part B: Engineering"
"6ZTIQJDF","journalArticle","Long-term flexural performance and microstructural evolution of 3D-printed carbon, glass, and aramid fibre-reinforced polymer under hygrothermal exposure","10.1016/j.conbuildmat.2025.144991","01/2026","Construction and Building Materials"
"WNE2J7WB","journalArticle","Measured motion: searching for simplicity in spinal locomotor networks.","10.1016/j.conb.2009.10.011","2009-12-01","Current Opinion in Neurobiology"
"FE53FDIS","journalArticle","A Survey on CPG-Inspired Control Models and System Implementation","10.1109/TNNLS.2013.2280596","3/2014","IEEE Transactions on Neural Networks and Learning Systems"
"Y9TBA6BU","journalArticle","Passive properties of the muscle-tendon unit: The influence of muscle cross-sectional area","10.1002/mus.21218","02/2009","Muscle & Nerve"
"Q5TI3TVC","book","Handbook of Composites","10.1007/978-1-4615-6389-1","1998",
"88U2ISJU","journalArticle","Genetic Algorithms",,"March 1996","ACM Computing Surveys"
"4W9S8D6B","journalArticle","TradeΓÇÉOffs Between Viscoelastic and Impact Performance in <span style=""font-variant:small-caps;"">CFF</span> ΓÇÉPrinted Onyx Composites: A Taguchi <span style=""font-variant:small-caps;"">L27</span> Study With <span style=""font-variant:small-caps;"">MARCOS</span> / <span style=""font-variant:small-caps;"">CRITIC</span> / <span style=""font-variant:small-caps;"">FUCOM</span>","10.1002/pls2.70022","10/2025","SPE Polymers"
"F9XH45CN","journalArticle","Posture-induced modulation of lower-limb joint powers in perturbed running","10.1371/journal.pone.0302867","May 14, 2024","PLOS ONE"
"Z4DBEGTR","journalArticle","Stiffness Modulation in a Humanoid Robotic Leg and Knee","10.1109/LRA.2021.3062355","2021-04","IEEE Robotics and Automation Letters"
"64DX84BA","journalArticle","The mammalian central pattern generator for locomotion","10.1016/j.brainresrev.2009.08.002","2009-12-11","Brain Research Reviews"
"GFF6HJZW","journalArticle","What mechanisms coordinate leg movement in walking arthropods?","10.1016/0166-2236(90)90057-H","1/1990","Trends in Neurosciences"
"MCEBN64V","journalArticle","Nature of Motor Control: Perspectives and Issues","10.1007/978-0-387-77064-2_6","2009","Advances in experimental medicine and biology"
"4CGKBQQ4","preprint","A Metalearning Approach for Physics-Informed Neural Networks (PINNs): Application to Parameterized PDEs","10.1016/j.jcp.2023.11191211912","2023-01-19",
"DBSQLFN8","journalArticle","Functionally complex muscles of the cat hindlimb. IV. Intramuscular distribution of movement command signals and cutaneous reflexes in broad, bifunctional thigh muscles","10.1007/bf00229407","1991-01-01","Experimental Brain Research"
"7FG8KDCR","report","A diversity-guided particle swarm optimizer-the ARPSO",,"2002",
"4XZ9EQ2A","journalArticle","A physical model of sensorimotor interactions during locomotion.","10.1088/1741-2560/9/4/046011","2012-08-01","Journal of Neural Engineering"
"CIJX65PH","journalArticle","Role of compliant mechanics and motor control in hopping - from human to robot","10.1038/s41598-024-57149-0","2024-03-21","Scientific Reports"
"ZG2QHGVW","conferencePaper","Time-varying identification of ankle dynamic joint stiffness during movement with constant muscle activation","10.1109/EMBC.2015.7319940","8/2015",
"FTIQNPFP","attachment","scott2004.pdf",,,
"XB9AYBCS","journalArticle","State-dependent rhythmogenesis and frequency control in a half-center locomotor CPG","10.1152/jn.00550.2017","2018-01-01","Journal of Neurophysiology"
"J3VX9LCA","conferencePaper","Development of a Musculoskeletal Humanoid Robot as a Platform for Biomechanical Research on the Underwater Dolphin Kick","10.1109/IROS.2018.8593912","10/2018",
"V6PZK6V3","journalArticle","Task constraints on foot movement and the incidence of compensatory stepping following perturbation of upright stance",,"Jul 9, 1993","Brain Research"
"3MS95HAU","journalArticle","Mechanical aspects of legged locomotion control","10.1016/j.asd.2004.06.003","7/2004","Arthropod Structure & Development"
"H643R2BY","journalArticle","Emulated muscle spindle and spiking afferents validates VLSI neuromorphic hardware as a testbed for sensorimotor function and disease","10.3389/fncom.2014.00141","2014-12-04","Frontiers in Computational Neuroscience"
"JDCVHQ6R","journalArticle","Braided Pneumatic Actuators as a Variable Stiffness Approximation of Synovial Joints",,"2018",
"I8E8S5XT","journalArticle","Concept and design of the BIOBIPED1 Robot for human-like walking and running","10.1142/S0219843611002587","2011","International Journal of Humanoid Robotics"
"LK3R3RR7","conferencePaper","An air flow sensor modeled on wind receptor hairs of insects","10.1109/MEMSYS.2000.838573","January 2000",
"ZLWZFBJG","attachment","HoyEtAl90.pdf",,,
"QIRPWYLN","journalArticle","Lateral bending and buckling aids biological and robotic earthworm anchoring and locomotion","10.1088/1748-3190/ac24bf","2021-11-30","Bioinspiration & Biomimetics"
"YDIS54SS","journalArticle","POST-PROCESSING AND CHARACTERIZATION OF ADDITIVE MANUFACTURED CARBON FIBER REINFORCED SEMI-CRYSTALLINE POLYMERS",,,
"GWGUDE7I","book","Fundamentals of Computational Neuroscience: Third Edition",,"2022-12-08",
"IAVWZAIL","webpage","Doublet Electrical Stimulation Enhances Torque Production in People With Spinal Cord Injury",,,
"ZH8W9IHY","journalArticle","The Effect of Strain Rate on the Compression Behavior of Additively Manufactured Short Carbon Fiber-Reinforced Polyamide Composites with Different Layer Heights, Infill Patterns, and Built Angles","10.1007/s11665-023-07918-1","12/2023","Journal of Materials Engineering and Performance"
"MTC9NJ65","journalArticle","A muscle-driven approach to restore stepping with an exoskeleton for individuals with paraplegia","10.1186/s12984-017-0258-6","2017-05-30","Journal of NeuroEngineering and Rehabilitation"
"3R9E5PK6","journalArticle","Human-mimetic soft robot joint for shock absorption through joint dislocation","10.1088/1748-3190/ab46f7","2019-11","Bioinspiration & Biomimetics"
"8N5DKD5Q","journalArticle","Adaptive Robot Path Planning Using a Spiking Neuron Algorithm With Axonal Delays","10.1109/TCDS.2017.2655539","2018-06","IEEE Transactions on Cognitive and Developmental Systems"
"JPHHF8XP","journalArticle","A Muscle-Reflex Model That Encodes Principles of Legged Mechanics Produces Human Walking Dynamics and Muscle Activities","10.1109/TNSRE.2010.2047592","06/2010","IEEE Transactions on Neural Systems and Rehabilitation Engineering"
"MREGKS3P","book","Analysis of a Simple Particle Swarm Optimization System",,"1998-01-01",
"C8QWSR6F","journalArticle","Annealing-induced crystalline structure and mechanical property changes of polypropylene random copolymer","10.1557/jmr.2013.332","November 2013","Journal of Materials Research"
"HL88MSS2","journalArticle","Evaluation of compressive and flexural properties of continuous fiber fabrication additive manufacturing technology","10.1016/j.addma.2018.05.007","2018-08","Additive Manufacturing"
"DDLD525M","preprint","Multi-Scale Message Passing Neural PDE Solvers",,"2023-02-07",
"7VT9HU5M","journalArticle","Control of walking and running by means of electric stimulation of the midbrain",,"1966-01-01","Biofizika"
"93HPJTDV","journalArticle","The Developing Brain",,"1992","Scientific American"
"N4CUWAFP","webpage","Phenomenological models of the dynamics of muscle during isotonic shortening | Elsevier Enhanced Reader","10.1016/j.jbiomech.2013.07.018",,
"Q4RCXXSQ","attachment","Robust estimations of the Region of Attraction using invariant sets _ Enhanced Reader.pdf",,,
"8ZMWG379","journalArticle","PyTorch: An Imperative Style, High-Performance Deep Learning Library",,,
"3JAXMLSR","presentation","The Neuroscience Club of Portland State University 2024",,"2024, March 8-9",
"Z2ZR9N9B","presentation","Sensory Afferent Database: Advancing towards a comprehensive understanding of sensory afferents and motor control",,"2023, November 11-15",
"9WR6KJZ9","journalArticle","Intra-axonal recordings of cutaneous primary afferents during fictive locomotion in the cat","10.1152/jn.1989.62.5.1177","1989-11-01","Journal of Neurophysiology"
"QG8ZQLXB","journalArticle","Crystallization kinetics of poly(lactic acid)-talc composites","10.3144/expresspolymlett.2011.84","2011","Express Polymer Letters"
"WJAPPLK6","journalArticle","System identification of human joint dynamics",,"1990-01-01","Critical reviews in biomedical engineering"
"GPVXJDCG","journalArticle","A Generalization of Bayesian Inference",,"1968",
"9I4VLAE2","journalArticle","Meta-learning autoencoders for few-shot prediction",,"2018-07-25","arXiv:1807.09912 [cs, stat]"
"5WU2QK2C","book","Dynamical Systems in Neuroscience: The Geometry of Excitability and Bursting","10.7551/mitpress/2526.001.0001","2006",
"2FAUCZAG","journalArticle","Analysis and Comparison of PM Synchronous Motor and Induction Motor Type Magnetic Bearings",,"September 1995","IEEE"
"Z45ZNXH8","journalArticle","Design and control of a pneumatic musculoskeletal biped robot","10.3233/THC-161167","2016-06-13","Technology and Health Care"
"9LJDKTCC","journalArticle","The control of foot placement during compensatory stepping reactions: does speed of response take precedence over stability?","10.1109/86.750556","March 1999","IEEE Transactions on Rehabilitation Engineering"
"5N9K3Y5E","journalArticle","A biologically inspired gripping device",,"2005","Industrial Robot: An International Journal"
"AXTNHGXC","journalArticle","Rapid locomotion via reinforcement learning","10.1177/02783649231224053","2024-04-01","The International Journal of Robotics Research"
"9Q7QFN4L","journalArticle","Main characteristics of the hindlimb locomotor cycle in the decorticate cat with special reference to bifunctional muscles.","10.1016/0006-8993(80)90207-3","1980-04-14","Brain Research"
"K36KW3CC","journalArticle","A neuromechanical simulation of insect walking and transition to turning of the cockroach Blaberus discoidalis","10.1007/s00422-013-0573-3","2/2014","Biological Cybernetics"
"UP9PWXPY","journalArticle","A Discrete Control Lyapunov Function for Exponential Orbital Stabilization of the Simplest Walker","10.1115/1.4037440","2017-10-01","Journal of Mechanisms and Robotics"
"QT4IKD76","journalArticle","Phase-dependent modulation of primary afferent depolarization in single cutaneous primary afferents evoked by peripheral stimulation during fictive locomotion in the cat","10.1016/0006-8993(90)90334-8","1990-12-24","Brain Research"
"MMP6B5GQ","conferencePaper","Data driven models of legged locomotion","10.1117/12.2178007","2015-5-22",
"79B5JSUJ","journalArticle","Ia inhibitory interneurons and Renshaw cells as contributors to the spinal mechanisms of fictive locomotion.","10.1152/jn.1987.57.1.56","1987-01-01","Journal of Neurophysiology"
"MHMYM3QD","journalArticle","Fluoride gels. A laboratory and clinical investigation","10.1038/sj.bdj.4803751","1976-05-04","British Dental Journal"
"UMWJQB69","journalArticle","A musculoskeletal model of the human lower extremity: the effect of muscle, tendon, and moment arm on the moment-angle relationship of musculotendon actuators at the hip, knee, and ankle",,"1990","Journal of Biomechanics"
"AHQI3F2B","journalArticle","An electromyographic analysis of muscular activity in the hindlimb of the cat during unrestrained locomotion.","10.1111/j.1748-1716.1969.tb04415.x","1969-04-01","Acta Physiologica Scandinavica"
"NSRS7PH6","journalArticle","Effect of annealing treatment on mechanical properties of 3D-Printed composites","10.1016/j.jmrt.2023.01.097","03/2023","Journal of Materials Research and Technology"
"ZEAJEQA6","journalArticle","Joint angle synergy-based humanoid robot motion generation with fascia-inspired nonlinear constraints","10.1017/S0263574724000961","2024/08","Robotica"
"VD37HLLF","journalArticle","The influence of stiffener geometry on flexural properties of 3D printed polylactic acid (PLA) beams","10.1007/s40964-020-00146-2","02/2021","Progress in Additive Manufacturing"
"YJX8DTMA","journalArticle","Robust coding of flow-field parameters by axo-axonal gap junctions between fly visual interneurons","10.1073/pnas.0703697104","06/12/2007","Proceedings of the National Academy of Sciences"
"R48DN4FW","journalArticle","Using Animatlab for Neuromechanical Analysis: Linear Hill Parameter Calculation","10.1007/978-3-030-64313-3_38","2020",
"R7HNJBKP","journalArticle","Light Touch Contact as a Balance Aid",,"1997/05/01","Physical Therapy"
"XRRHZSTN","journalArticle","Could Different Directions of Infant Stepping Be Controlled by the Same Locomotor Central Pattern Generator?","10.1152/jn.2000.83.5.2814","2000-05-01","Journal of Neurophysiology"
"YNI53YQD","journalArticle","A model of the neuro-musculo-skeletal system for human locomotion","10.1007/bf00204048","1995-07-01","Biological Cybernetics"
"2HUMJLGY","journalArticle","Rate Models for Conductance-Based Cortical Neuronal Networks","10.1162/08997660360675053","2003-08-01","Neural Computation"
"L5PK67I9","journalArticle","Mantisbot is a robotic model of visually guided motion in the praying mantis","10.1016/j.asd.2017.03.001","2017-09-01","Arthropod Structure & Development"
"4M2UVRE5","journalArticle","Investigating the hot isostatic pressing of an additively manufactured continuous carbon fiber reinforced PEEK composite","https://doi.org/10.1016/j.addma.2020.101634","2021","Additive Manufacturing"
"L8RDXISZ","presentation","Advancing an SNS-driven bipedal balance controller",,"11/15/2023",
"YR8LVPGF","journalArticle","Impact Strength for 3D-Printed PA6 Polymer Composites under Temperature Changes","10.3390/jmmp7050178","2023-10-01","Journal of Manufacturing and Materials Processing"
"W4934WJK","conferencePaper","SNS-Toolbox: A Tool for Efficient Simulation of Synthetic Nervous Systems","10.1007/978-3-031-20470-8_4","2022",
"VBBE95PP","journalArticle","Flexural Fatigue in a Polymer Matrix Composite Material Reinforced with Continuous Kevlar Fibers Fabricated by Additive Manufacturing","10.3390/polym14173586","2022-08-30","Polymers"
"UDK8PJMB","journalArticle","Dynamic modelling of one degree of freedom pneumatic muscle-based actuator for industrial applications",,"2012","Tehni─ìki vjesnik"
"JSQ45GSE","conferencePaper","Dynamic bipedal walking by controlling only the equilibrium of intrinsic elasticities","10.1109/HUMANOIDS.2016.7803435","2016-11",
"TI39ZH7S","journalArticle","Emulating Balance Control Observed in Human Test Subjects with a Neural Network","10.1007/978-3-319-95972-6_21","2000-01-01",
"U496ZFI9","conferencePaper","The FPGA prototyping of iris recognition for biometric identification employing neural network","10.1109/ICM.2004.1434697","December 2004",
"NDIM45C5","journalArticle","A Tutorial on Bayesian Optimization of Expensive Cost Functions, with Application to Active User Modeling and Hierarchical Reinforcement Learning",,"2010-12-12","arXiv:1012.2599 [cs]"
"LG8D78Q7","journalArticle","Fracture resistance measurement of fused deposition modeling 3D printed polymers","https://doi.org/10.1016/j.polymertesting.2017.03.016","2017","Polymer Testing"
"V68Q5JUW","webpage","A comparative review of artificial muscles for microsystem applications | Microsystems & Nanoengineering",,,
"QRT5AT7J","computerProgram","version 7.10.0 (R2010",,,
"C3GU2347","journalArticle","Amphibious and Sprawling Locomotion: From Biology to Robotics and Back","10.1146/annurev-control-091919-095731","2020","Annual Review of Control, Robotics, and Autonomous Systems"
"QWSLYUWS","journalArticle","Finite-time stabilization of periodic orbits for under-actuated biped walking with hybrid zero dynamics","10.1016/j.cnsns.2019.104949","01/2020","Communications in Nonlinear Science and Numerical Simulation"
"FXV3N2Z9","journalArticle","Muscles, Elastic Energy, and the Dynamics of Body Stiffness in Swimming Eels1","10.1093/icb/38.4.771","1998-09-01","American Zoologist"
"QGHZ3HWG","journalArticle","Reflex control of locomotion as revealed by stimulation of cutaneous afferents in spontaneously walking premammillary cats.","10.1152/jn.1977.40.4.737","1977-07-01","Journal of Neurophysiology"
"4RT5XCCU","thesis","Internal structure of the fly elementary motion detector",,"2011",
"9R33WC9E","attachment","IEEE Xplore Full Text PDF",,,
"LPKJAKP5","journalArticle","Goal-Directed CPG-Based Control for Tensegrity Spines with Many Degrees of Freedom Traversing Irregular Terrain","10.1089/soro.2015.0012","12/2015","Soft Robotics"
"W5CKR3XM","journalArticle","Afferent control of locomotor CPG: insights from a simple neuromechanical model: Afferent control of locomotor CPG","10.1111/j.1749-6632.2010.05435.x","06/2010","Annals of the New York Academy of Sciences"
"S5YSDDIY","presentation","Pressure and Force Dynamics in Artificial Muscle Actuators: A State-Space and Optimization-Based Approach",,"2025",
"LMR8W37X","journalArticle","Effect of extrusion and fused filament fabrication processing parameters of recycled poly(ethylene terephthalate) on the crystallinity and mechanical properties","10.1016/j.addma.2021.102518","02/2022","Additive Manufacturing"
"W2XAFK8L","attachment","Morrow et al. - Optimization of Arti∩¼ücial Muscle Placements for a .pdf",,,
"DIYFW4VB","bookSection","Climbing Service Robots for Improving Safety in Building Maintenance Industry","10.5772/5498","2007-09-01",
"8M8LL24G","journalArticle","The Circuitry of the Human Spinal Cord: Its Role in Motor Control and Movement Disorders",,"2005-09-19",
"56CINPDW","attachment","4336490.pdf",,,
"HGQQ2RTQ","journalArticle","Post-treatment to enhance the mechanical performance of printed Onyx","10.3389/fmech.2025.1710902","2025-11-10","Frontiers in Mechanical Engineering"
"NBZSWP6H","journalArticle","Failure mechanics of fused filament fabricated nylon/carbon-reinforced composites","10.1007/s40964-024-00565-5","12/2024","Progress in Additive Manufacturing"
"WHL5PQI4","book","Materials Development by Additive Manufacturing Techniques",,"2021",
"DF9YS6WD","journalArticle","A Simple Experimentally Based Model Using Proprioceptive Regulation of Motor Primitives Captures Adjusted Trajectory Formation in Spinal Frogs","10.1152/jn.01054.2007","01/2010","Journal of Neurophysiology"
"67BFYMS8","journalArticle","A Multiaxial Bionic Ankle Based on Series Elastic Actuation With a Parallel Spring","10.1109/TIE.2023.3310041","2024-07","IEEE Transactions on Industrial Electronics"
"56RI85HH","journalArticle","A neuronal learning rule for sub-millisecond temporal coding","10.1038/383076a0","1996-09-05","Nature"
"YR9SRYTE","journalArticle","Enhancement of Mechanical Properties of FDMΓÇÉPLA Parts via Thermal Annealing","10.1002/mame.201800169","2018","Macromolecular materials and engineering"
"MJBFYXEL","journalArticle","Analysis of planar multibody systems with revolute joint wear","10.1016/j.wear.2009.10.014","February 2010","Wear"
"N85PHIF9","journalArticle","Adjustment of Muscle Mechanics Model Parameters to Simulate Dynamic Contractions in Older Adults","10.1115/1.1531112","2003-02-01","Journal of Biomechanical Engineering"
"7C383CK5","journalArticle","Classification and response characteristics of muscle spindle afferents in the primate","10.1152/jn.1976.39.1.1","1976-01","Journal of Neurophysiology"
"7TWUK65E","journalArticle","Reversal of the influence of group Ib afferents from plantaris on activity in medial gastrocnemius muscle during locomotor activity","10.1152/jn.1993.70.3.1009","1993-09-01","Journal of Neurophysiology"
"QW4UUVWL","journalArticle","Motion planning and control for mobile robot navigation using machine learning: a survey","10.1007/s10514-022-10039-8","2022-06-01","Autonomous Robots"
"4JVI82A4","journalArticle","The Extent of Interlayer Bond Strength during Fused Filament Fabrication of Nylon Copolymers: An Interplay between Thermal History and Crystalline Morphology","10.3390/polym13162677","2021/1","Polymers"
"Q5MP2IAN","journalArticle","Analyzing Moment Arm Profiles in a Full-Muscle Rat Hindlimb Model","10.3390/biomimetics4010010","2019-01-25","Biomimetics"
"MBK9ARWB","journalArticle","Noise in integrate-and-fire neurons: from stochastic input to escape rates","10.1162/089976600300015835","2000-02","Neural Computation"
"KE99MZAR","journalArticle","On the nature of the fundamental activity of the nervous centres; together with an analysis of the conditioning of rhythmic activity in progression, and a theory of the evolution of function in the nervous system","10.1113/jphysiol.1914.sp001646","1914-03-31","The Journal of Physiology"
"WCFHRDHF","book","Handbook of Composites","10.1007/978-1-4615-6389-1","1998",
"XEIL6PBL","book","Materials science and engineering: an introduction",,"2014",
"M49TBF5M","journalArticle","Proprioceptive feedback reinforces centrally generated stepping patterns in the cockroach","10.1242/jeb.067488","2012-06-01","Journal of Experimental Biology"
"AKUJG9QL","journalArticle","Tensile properties and failure behavior of chopped and continuous carbon fiber composites produced by additive manufacturing","10.1016/j.addma.2018.12.020","03/2019","Additive Manufacturing"
"8CDGMGTP","journalArticle","Parallel reflex pathways from flexor muscle afferents evoking resetting and flexion enhancement during fictive locomotion and scratch in the cat.","10.1113/jphysiol.2005.095505","2005-11-01","The Journal of Physiology"
"29VRFWNU","conferencePaper","Design and architecture of a series elastic snake robot","10.1109/IROS.2014.6943219","2014-09",
"QKSV3XEX","journalArticle","Theoretical and Experimental Investigation of 3D-Printed Polylactide Laminate CompositesΓÇÖ Mechanical Properties","10.3390/ma16227229","2023-11-19","Materials"
"IWQ8T2SL","journalArticle","Diverse and complex muscle spindle afferent firing properties emerge from multiscale muscle mechanics","10.7554/eLife.55177","2020-12-28","eLife"
"L45AX4LD","journalArticle","Design and Investigation of a Nonlinear Damper Based on Energy Dissipation through Shock and Dry Friction to Suppress Critical Self-Excited Vibrations in Drilling Systems","10.1155/2021/5089213","2021","Shock and Vibration"
"XHEXHEZE","bookSection","Theory for Transmission of Vector Quantization Data",,"1995",
"MUL7W9RJ","book","Messung von St├╢rfeldern an Anlagen und Leitungen der Telekommunikation im Frequenzbereich 9 kHz bis 3 GHz",,,
"ZKAINVCC","journalArticle","Anatomy of the Collateral Ligaments of the Human Ankle Joint","10.1177/107110079801901109","11/1998","Foot & Ankle International"
"NW3NW5N4","journalArticle","Physics-informed neural networks for high-speed flows","10.1016/j.cma.2019.112789","03/2020","Computer Methods in Applied Mechanics and Engineering"
"4AL2Z28Z","journalArticle","Solving Partial Di∩¼Çerential Equations and variational problems with networks of spiking neurons",,,
"QTD3DN8V","encyclopediaArticle","2009 flu pandemic in the United States",,"2018-01-27T00:23:20Z",
"V96UHU5C","journalArticle","Performance Maps for a Bio-Inspired Robotic Condylar Hinge Joint","10.1115/1.4028168","October 8, 2014","Journal of Mechanical Design"
"RJSDWVDJ","journalArticle","Normal Range of Motion of the Hip, Knee and Ankle Joints in Male Subjects, 30ΓÇô40 Years of Age","10.3109/17453678208992202","01/1982","Acta Orthopaedica Scandinavica"
"NVJBDHGN","journalArticle","Variable stiffness Mckibben muscles with hydraulic and pneumatic operating modes","http://dx.doi.org/10.1080/01691864.2016.1154801","2016","Advanced Robotics"
"5CYLXGUE","journalArticle","A Survey of Neuromorphic Computing and Neural Networks in Hardware",,"2017-05-19","arXiv:1705.06963 [cs]"
"GJ8GMJ3D","webpage","AtlasΓäó",,,
"6V67FMQU","journalArticle","Reconstruction of human swing leg motion with passive biarticular muscle models","10.1016/j.humov.2017.01.008","2017-04-01","Human Movement Science"
"QY48RMC4","journalArticle","Effects of spinal transection and locomotor speed on muscle synergies of the cat hindlimb","10.1113/JP288089","2025","The Journal of Physiology"
"RLBPSXZX","journalArticle","Synchronization and desynchronization of neural oscillators","10.1016/S0893-6080(99)00068-4","11/1999","Neural Networks"
"B55Z5AGR","preprint","Neural Operator Learning for Long-Time Integration in Dynamical Systems with Recurrent Neural Networks",,"2023-05-31",
"49N32BIK","journalArticle","Contribution of Cutaneous Inputs From the Hindpaw to the Control of Locomotion. II. Spinal Cats","10.1152/jn.00497.2003",,"Journal of Neurophysiology"
"WQUDXC7G","journalArticle","Impact Toughness of FRTP Composites Produced by 3D Printing","10.3390/ma13245654","2020-12-11","Materials"
"ZUB8M5VG","journalArticle","Age-Related Changes of Postural Control: Effect of Cognitive Tasks","10.1159/000052797","2001/06/21","Gerontology"
"7E9KKX2Y","presentation","Scientific briefing and public testimony to the Oregon State Legislature",,"2024, February",
"BH7MTLMT","journalArticle","Kinematics of a Generalized Class of Pneumatic Artificial Muscles","10.1115/1.4029705","November 1, 2015","Journal of Mechanisms and Robotics"
"ZWG2647T","journalArticle","Modeling the spinal cord neural circuitry controlling cat hindlimb movement during locomotion","10.1016/S0925-2312(02)00832-9","2003-06-01","Neurocomputing"
"CC8K8DN9","journalArticle","Work analysis of compliant leg mechanisms for bipedal walking robots","10.5772/56926","2013","International Journal of Advanced Robotics Systems"
"FUGFXK8H","thesis","Improving Biomimetic Passive Dynamics of a Quadruped Robot Hind Leg Hip Joint with a 3D Printed Torsion Spring","10.15760/etd.3808","2024-07-28",
"3S2D58HG","journalArticle","What is Varus or Valgus Knee Alignment? A Call for a Uniform Radiographic Classification","10.1007/s11999-010-1334-4","2 April 2010","Clinical Orthopaedics and Related Research"
"4ME7NZ5I","journalArticle","Loss of Wt1 in the murine spinal cord alters interneuron composition and locomotion","10.1101/226316","2017-11-29","bioRxiv"
"EXFYJ75X","journalArticle","The Effect of Layer Orientation on the Mechanical Properties and Microstructure of a Polymer","10.1007/s11665-010-9740-z","2011-08","Journal of Materials Engineering and Performance"
"4KWJDEJH","journalArticle","Model Predictive Control for Gust Load Alleviation","10.3182/20120823-5-NL-3013.00049","January 1, 2012","IFAC Proceedings Volumes"
"MTERN9VC","journalArticle","Mid-Lumbar Segments Are Needed for the Expression of Locomotion in Chronic Spinal Cats","10.1152/jn.00909.2004","2005-05-01","Journal of Neurophysiology"
"9V427BIH","journalArticle","Fdm 3d Printing Technology in Manufacturing Composite Elements","10.2478/amm-2013-0186","2013","Archives of Metallurgy and Materials"
"SXMR4ZG7","journalArticle","Biohybrid robot powered by an antagonistic pair of skeletal muscle tissues","10.1126/scirobotics.aat4440","2018-05-30","Science Robotics"
"NAW9TPDV","journalArticle","Central Pattern Generator Inspired Control for Adaptive Walking of Biped Robots","10.1109/TSMC.2012.2235426","09/2013","IEEE Transactions on Systems, Man, and Cybernetics: Systems"
"4XP9YQ4Q","journalArticle","Midgap Traps Related to Compensation Processes in CdTe Alloys",,"1997","Phys. Rev. B."
"X25D9HYW","conferencePaper","Proposed wall climbing robot with permanent magnetic tracks for inspecting oil tanks","10.1109/ICMA.2005.1626882","July 2005",
"EUJ6IIYP","conferencePaper","Human-like Arm Motion Generation for Humanoid Robots Using Motion Capture Database","10.1109/IROS.2006.282591","October 2006",
"GDEHQTXV","journalArticle","Functional identification of interneurons responsible for left-right coordination of hindlimbs in mammals.","10.1016/s0896-6273(03)00353-2","2003-06-19","Neuron"
"DE3LLH9Q","journalArticle","Capturability-based analysis and control of legged locomotion, Part 1: Theory and application to three simple gait models",,"2012","International Journal of Robotics Research"
"7DYMDUNB","journalArticle","Horses damp the spring in their step","10.1038/414895a","2001-12","Nature"
"3UXQSEC5","conferencePaper","Design of a quasi-passive ankle-foot prosthesis with biomimetic, variable stiffness","10.1109/ICRA.2017.7989788","2017-05",
"GXLYPJ7H","journalArticle","Dynamic bipedal walking of a dinosaur-like robot with an extant vertebrate's nervous system","10.1017/s0263574713001045","09/2014","Robotica"
"QFL39YZT","book","Computational Neuroscience",,,
"X5DG94UB","journalArticle","A Bio-Inspired Condylar Hinge for Robotic Limbs","10.1115/1.4024471","2013-06-27","Journal of Mechanisms and Robotics"
"DBKFLNGA","preprint","NeuFENet: Neural Finite Element Solutions with Theoretical Bounds for Parametric PDEs",,"2021-10-13",
"YP6AC6WS","bookSection","Bio-inspired Robot Locomotion","10.1002/9781118873397.ch14","2017",
"Y5ZC32JP","patent","Estimateur d'un D├⌐faut de Fonctionnement d'un Modulateur en Quadrature et ├ëtage de Modulation l'Utilisant",,,
"IHUHEYGW","journalArticle","Multiple Rhythmic States in a Model of the Respiratory Central Pattern Generator","10.1152/jn.90958.2008","04/2009","Journal of Neurophysiology"
"25Q6YAMZ","journalArticle","Localization and organization of the central pattern generator for hindlimb locomotion in newborn rat","10.1523/JNEUROSCI.15-07-04943.1995","1995-07-01","The Journal of Neuroscience"
"QVN2D9LR","journalArticle","A three-dimensional model of the rat hindlimb: musculoskeletal geometry and muscle moment arms",,"2008","Journal of Biomechanics"
"4H2L388Z","journalArticle","A quasi-linear viscoelastic model for the passive properties of the human hip joint","10.1142/S0219519412004454","March 1, 2012","Journal of Mechanics in Medicine and Biology"
"DU87658Y","webpage","Right Knee - MRIs - embodi3D.com",,,
"76ICA5KC","journalArticle","Hip joint geometry effects on cartilage contact stresses during a gait cycle","10.1109/EMBC.2016.7592105","08 2016","Conference proceedings: ... Annual International Conference of the IEEE Engineering in Medicine and Biology Society. IEEE Engineering in Medicine and Biology Society. Annual Conference"
"PB8UPELL","journalArticle","From Biological Cilia to Artificial Flow Sensors: Biomimetic Soft Polymer Nanosensors with High Sensing Performance","10.1038/srep32955","2016-09-13","Scientific Reports"
"ZXB6Z63M","report","A Tutorial Review of Elements of Weak Signal Detection in Non-Gaussian EMI Environments",,"May 1986",
"QNZKH65P","journalArticle","Tensile Properties of Additively Manufactured Thermoplastic Composites Reinforced with Chopped Carbon Fibre","10.3390/ma15124224","2022-06-14","Materials"
"EM3ZMHWS","journalArticle","Comparative Study of Different Metaheuristics for the Trajectory Planning of a Robotic Arm","10.1109/JSYST.2014.2342292","June 2016","IEEE Systems Journal"
"VS8VGYUP","journalArticle","The Effects of Sex, Joint Angle, and the Gastrocnemius Muscle on Passive Ankle Joint Complex Stiffness",,"Dec 2001","Journal of Athletic Training"
"C4C38IUV","thesis","Tracking Center of Mass with Limited Inertial Measurement Units","10.15760/etd.7146","2019",
"ZQHG9B88","journalArticle","Study on the hot isostatic pressing post-treatment of FDM-3D printed continuous carbon fiber reinforced composites","10.1016/j.jmapro.2023.08.060","10/2023","Journal of Manufacturing Processes"
"ZX6KP7MP","journalArticle","Walknet-a biologically inspired network to control six-legged walking.",,"October 1998","Neural networks : the official journal of the International Neural Network Society"
"KVVCGBPT","conferencePaper","BigDog , the Rough-Terrain Quadruped Robot",,"2008",
"9L8VYQTN","attachment","Transverse contraction criteria for existence, stability, and robustness of a limit cycle _ Enhanced Reader.pdf",,,
"NKNW8YY5","journalArticle","A theory of healing at a polymer-polymer interface","10.1021/ma00241a013","07/1983","Macromolecules"
"5YPT5GRS","journalArticle","Realizing human-like manipulation with a musculoskeletal system and biologically inspired control scheme","10.1016/j.neucom.2018.12.069","April 28, 2019","Neurocomputing"
"WTJP495V","journalArticle","Split-belt walking alters the relationship between locomotor phases and cycle duration across speeds in intact and chronic spinalized adult cats.","10.1523/jneurosci.3931-12.2013","2013-05-08","The Journal of Neuroscience"
"4XXFZH8Y","thesis","Applying Biomimetic Passive Dynamics to a Quadruped Robot Leg",,"11/14/2022",
"3QZ8J7TC","journalArticle","Adaptive control for hindlimb locomotion in a simulated mouse through temporal cerebellar learning","10.1145/3381755","2020-03-17","Proceedings of the Neuro-inspired Computational Elements Workshop"
"MQGQITFD","journalArticle","A biomimicking design for mechanical knee joints","10.1088/1748-3190/aad39d","2018-08-02","Bioinspiration & Biomimetics"
"3E3LAACP","journalArticle","Integration of feedforward and feedback control in the neuromechanics of vertebrate locomotion: a review of experimental, simulation and robotic studies","10.1242/jeb.245784","2023-08-01",
"L2BUVI2U","journalArticle","Increased fracture toughness of additively manufactured amorphous thermoplastics via thermal annealing","10.1016/j.polymer.2018.04.024","2018-05-23","Polymer"
"QWL7XPS3","journalArticle","Ancient worm fossil rolls back origins of animal life","10.1038/d41586-019-02556-x","2019-09-04","Nature"
"RHZFK6L7","journalArticle","Central control of interlimb coordination and speed-dependent gait expression in quadrupeds.","10.1113/jp272787","2016-12-01","The Journal of Physiology"
"RIYHITNL","conferencePaper","Tiny Robot Learning: Challenges and Directions for Machine Learning in Resource-Constrained Robots","10.1109/AICAS54282.2022.9870000","2022-6-13",
"HPSS7WY9","journalArticle","Biped robot design powered by antagonistic pneumatic actuators for multi-modal locomotion","10.1016/j.robot.2007.09.010","January 31, 2008","Robotics and Autonomous Systems"
"Y2FGYQ8M","webpage","Statistical Abstract of the United States: 2009",,,
"VQ37FDTR","thesis","A Biologically Inspired Robot for Assistance in Urban Search and Rescue",,"2010",
"H6EXPMRM","journalArticle","Modelling of intersegmental coordination in the lamprey central pattern generator for locomotion","10.1016/0166-2236(92)90006-T","11/1992","Trends in Neurosciences"
"MWQBCC7L","journalArticle","Afferent control of locomotor CPG: insights from a simple neuromechanical model","10.1111/j.1749-6632.2010.05435.x","2010","Annals of the New York Academy of Sciences"
"VERFUJNA","journalArticle","Non-linear stimulus-response behavior of the human stance control system is predicted by optimization of a system with sensory and motor noise","10.1007/s10827-010-0291-y","2010/12/15","Journal of Computational Neuroscience"
"FWDSZERF","journalArticle","Design of a Quadruped Robot Driven by Air Muscles","10.1109/BIOROB.2006.1639201","2006","The First IEEE/RAS-EMBS International Conference on Biomedical Robotics and Biomechatronics"
"RU3JDMAR","journalArticle","HALF-CENTRES REVISITED","10.1016/b978-0-08-026814-9.50025-9","1981-01-01",
"7KKBX3T3","journalArticle","Neuromechanical Model of Rat Hindlimb Walking with Two-Layer CPGs","10.3390/biomimetics4010021","2019-03-01","Biomimetics"
"SL2QSU9Y","journalArticle","An adaptive locomotion controller for a hexapod robot: CPG, kinematics and force feedback","10.1007/s11432-014-5148-y","11/2014","Science China Information Sciences"
"BMGXTYGL","bookSection","Modeling sensorimotor control of human upright stance","10.1016/S0079-6123(06)65018-8","2007",
"4MVLUQI5","conferencePaper","Biped gait controller for large speed variations, combining reflexes and a central pattern generator in a neuromuscular model","10.1109/ICRA.2015.7140079","May 2015",
"S5JWK949","webpage","Laser additive manufacturing of metallic components: materials, processes and mechanisms","10.1179/1743280411Y.0000000014",,
"978VAMDM","journalArticle","Convergent evolution and locomotion through complex terrain by insects, vertebrates and robots","10.1016/j.asd.2004.05.001","2004-07-01","Arthropod Structure & Development"
"VJBREURJ","journalArticle","Vestibular humanoid postural control","10.1016/j.jphysparis.2009.08.002","5/2009","Journal of Physiology-Paris"
"2MHIVWH4","journalArticle","A survey of bio-inspired compliant legged robot designs","10.1088/1748-3182/7/4/041001","2012-12-01","Bioinspiration & Biomimetics"
"YVML9CEH","journalArticle","Physics Informed Spiking Neural Networks: Application to Digital Predistortion for Power Amplifier Linearization","10.1109/ACCESS.2023.3275434","2023","IEEE Access"
"GQKBASQN","bookSection","A Gradient Rule for the Plasticity of a NeuronΓÇÖs Intrinsic Excitability","10.1007/11550822_11","2005",
"WYDPESU6","conferencePaper","Human mimetic musculoskeletal humanoid Kengoro toward real world physically interactive actions","10.1109/HUMANOIDS.2016.7803376","November 2016",
"DIY5AR2I","preprint","Design, Modeling and Direction Control of a Wire-Driven Robotic Fish Based on a 2-DoF Crank-Slider Mechanism","10.48550/arXiv.2603.02851","2026-03-03",
"XVAEWIKE","conferencePaper","3D-Printed Biohybrid Robots Powered by Neuromuscular Tissue Circuits from Aplysia californica","10.1007/978-3-319-63537-8_40","2017",
"XCZ36REW","journalArticle","ADDITIVE MANUFACTURING OF THERMOPLASTIC COMPOSITES",,"2013",
"CPGI4V4I","document","Revealing the Secrets of Spiking Neural Networks: The Case of Izhikevich Neuron",,,
"WTFA685L","journalArticle","Optimization of Fused Deposition Modelling (FDM) Process Parameters Using Bacterial Foraging Technique","10.4236/iim.2009.12014","2009","Intelligent Information Management"
"87XLEY6N","journalArticle","Organization of common synaptic drive to motoneurones during fictive locomotion in the spinal cat","10.1113/jphysiol.2005.091744","2005-11-01","The Journal of Physiology"
"E3LUEWU9","journalArticle","Simple model of spiking neurons","10.1109/TNN.2003.820440","11/2003","IEEE Transactions on Neural Networks"
"8Q9239F2","conferencePaper","Comparison of particle swarm optimization and backpropagation as training algorithms for neural networks","10.1109/SIS.2003.1202255","2003-04",
"374MUWNL","journalArticle","A model of spindle afferent response to muscle stretch","10.1152/jn.1983.49.4.989","1983-04-01","Journal of Neurophysiology"
"3Z3TTNKQ","journalArticle","Reaction Kinetics and Process Model of the Polyacrylonitrile Fibers Stabilization Process Based on Dielectric Measurements","10.3390/ma15031222","2022-02-06","Materials"
"I5BISQVF","journalArticle","Contribution of load and length related manipulations to muscle responses during force perturbations","10.14288/1.0071394","2010-01-01",
"69VNA8LQ","journalArticle","Grounded running in quails: simulations indicate benefits of observed fixed aperture angle between legs before touch-down.","10.1016/j.jtbi.2013.06.031","October 2013","Journal of theoretical biology"
"IC8M69G3","journalArticle","An interactive graphics-based model of the lower extremity to study orthopaedic surgical procedures","10.1109/10.102791","August 1990","IEEE Transactions on Biomedical Engineering"
"XGAG682N","journalArticle","The Evolution of Thermoplastic Raw Materials in High-Speed FFF/FDM 3D Printing Era: Challenges and Opportunities","10.3390/ma18061220","2025-03-09","Materials"
"UGKLP6FD","journalArticle","3D Printing of Continuous Carbon Fibre Reinforced Thermo-Plastic (CFRTP) Tensile Test Specimens","10.4236/ojcm.2016.61003","2016","Open Journal of Composite Materials"
"4XMN4DS3","journalArticle","Effects of Fiber Orientation on the Coefficient of Thermal Expansion of Fiber-Filled Polymer Systems in Large Format Polymer Extrusion-Based Additive Manufacturing","10.3390/ma15082764","2022-04-09","Materials"
"3FHALTLQ","journalArticle","Learning human arm movements by imitation:: Evaluation of a biologically inspired connectionist architecture","10.1016/S0921-8890(01)00155-5","November 30, 2001","Robotics and Autonomous Systems"
"4FAJE52P","journalArticle","Internal models and neural computation in the vestibular system","10.1007/s00221-009-2054-4","2009/11/24","Experimental Brain Research"
"5EQJINLA","webpage","Onyx 3D Printer Filament and Printing Material | Markforged",,,
"UCXWC7G5","journalArticle","A biologically based neural system coordinates the joints and legs of a tetrapod","10.1088/1748-3190/10/5/055004","2015","Bioinspiration & Biomimetics"
"X8VX7UBG","journalArticle","Automatic differentiation in machine learning: a survey",,"2018-02-05","arXiv:1502.05767 [cs, stat]"
"A8ALFPH4","journalArticle","The orientation of the distal part of the quadriceps femoris muscle as a function of the knee flexion-extension angle","10.1016/0021-9290(85)90055-7","January 1, 1985","Journal of Biomechanics"
"V8RPLPEG","journalArticle","Neuroengineering challenges of fusing robotics and neuroscience","10.1126/scirobotics.abd1911","2020-12-16","Science Robotics"
"LFNMW4Q8","journalArticle","Inhibition of flexor burst generation by loading ankle extensor muscles in walking cats","10.1016/0006-8993(80)90206-1","1980-04-14","Brain Research"
"HRC8KFFW","bookSection","Stiffness isn't everything","10.1007/BFb0035216","1997",
"IPF4LU3K","journalArticle","Design and analysis of biomimetic joints for morphing of micro air vehicles","10.1088/1748-3182/5/4/045007","2010","Bioinspiration & Biomimetics"
"A5HE7L7N","journalArticle","Estimation of the input parameters in the Ornstein-Uhlenbeck neuronal model","10.1103/PhysRevE.71.011907","2005-01-21","Physical Review E"
"VGDIQLS5","journalArticle","Motor neurons and the generation of spinal motor neurons diversity","10.3389/fncel.2014.00293","2014-10-09","Frontiers in Cellular Neuroscience"
"HGX6BMGJ","webpage","Fundamentals of Vacuum",,"2012-01-01T00:00:00-05:00",
"SMEEANZH","journalArticle","Interlimb coordination during fictive locomotion in the thalamic cat.","10.1007/bf00228795","1990-01-01","Experimental Brain Research"
"IIAD54FH","journalArticle","A Functional Subnetwork Approach to Multistate Central Pattern Generator Phase Difference Control (Long)",,,
"RYFBLW3L","journalArticle","Constructive understanding and reproduction of functions of gluteus medius by using a musculoskeletal walking robot","10.1080/01691864.2018.1434015","February 2018","Advanced Robotics"
"LLJVAFXF","journalArticle","A biomimetic fruit fly robot for studying the neuromechanics of legged locomotion","10.1088/1748-3190/ad80ec","2024-10","Bioinspiration & Biomimetics"
"IW2B92JD","journalArticle","Neural control of locomotion; Part 1: The central pattern generator from cats to humans","10.1016/S0966-6362(97)00042-8","3/1998","Gait & Posture"
"C5F575AT","journalArticle","Dynamic Sensorimotor Interactions in Locomotion","10.1152/physrev.00028.2005","2006-01-01","Physiological Reviews"
"4MPTIS4D","journalArticle","Fixed-wing MAV attitude stability in atmospheric turbulence, part 1: Suitability of conventional sensors","10.1016/j.paerosci.2014.06.001","October 1, 2014","Progress in Aerospace Sciences"
"FCVC6W6Y","journalArticle","The Heat of Shortening and the Dynamic Constants of Muscle","10.1098/rspb.1938.0050","1938/10/10","Proceedings of the Royal Society of London B: Biological Sciences"
"DG2N69SU","journalArticle","A reconsideration of the central pattern generator concept for locust flight","10.1007/BF00609460","1987","Journal of Comparative Physiology A"
"AVWYY6IE","journalArticle","On the Minimum Distance of Parallel and Serially Concatenated Codes",,"submitted for publication","IEEE"
"3UNPCDLT","journalArticle","Network of Neural Oscillators for Retrieving Phase Information",,"1995","PHYSICAL REVIEW LETTERS"
"5KV5VZ3F","webpage","Approaches to revealing the neural basis of muscle synergies: a review and a critique","10.1152/jn.00625.2019",,
"ER2I36HH","journalArticle","A reconsideration of the central pattern generator concept for locust flight","10.1007/BF00609460","1987","Journal of Comparative Physiology A"
"W9LHLHQW","journalArticle","Sustained oscillations generated by mutually inhibiting neurons with adaptation","10.1007/BF00449593","10/1985","Biological Cybernetics"
"5FDZT57R","journalArticle","Supervised Learning in Spiking Neural Networks with ReSuMe: Sequence Learning, Classification, and Spike Shifting","10.1162/neco.2009.11-08-901","02/2010","Neural Computation"
"HWZ4MTUN","conferencePaper","Using Animal Data and Neural Dynamics to Reverse Engineer a Neuromechanical Rat Model","10.1007/978-3-319-22979-9_21","2015",
"EXT2G2TI","bookSection","Liquid State Machines: Motivation, Theory, and Applications","10.1142/9781848162778_0008","02/2011",
"Y76C5HR8","journalArticle","Myotomal Muscle Function at Different Locations in the Body of a Swimming Fish","10.1242/jeb.182.1.191","1993-09-01","Journal of Experimental Biology"
"KPHDCR3F","webpage","On the Necessity of Real-Time Principles in GPU-Driven Autonomous Robots",,,
"VQWLCTQM","presentation","A Functional Subnetwork Approach to Coordinating Central Pattern Generators for Quadrupedal Locomotion",,"05/05/2023",
"BBZNRWX6","journalArticle","Technologies in additive manufacturing for fiber reinforced composite materials: a review","https://doi.org/10.1016/j.coche.2020.01.001","2020","Current Opinion in Chemical Engineering"
"N9NMPVXW","journalArticle","Failure of Averaging in the Construction of a Conductance-Based Neuron Model","10.1152/jn.00412.2001","2002-02-01","Journal of Neurophysiology"
"5ESGIHMW","journalArticle","Optimal feedback control and the neural basis of volitional motor control","10.1038/nrn1427","7/2004","Nature Reviews Neuroscience"
"NGQG584B","journalArticle","Provably safe and robust learning-based model predictive control","10.1016/j.automatica.2013.02.003","05/2013","Automatica"
"LLBTW4TD","conferencePaper","Lyapunov Stability of Hybrid System Limit Cycle Application to the Compass Gait Biped","10.1109/ICECS.2007.4511125","12/2007",
"ILB5DIKY","journalArticle","Synaptic connectivity amongst components of the locomotor central pattern generator","10.3389/fncir.2022.1076766","2022-11-24","Frontiers in Neural Circuits"
"L97PZEMJ","journalArticle","An overview of gradient descent optimization algorithms",,"2017-06-15","arXiv:1609.04747 [cs]"
"QS399VSS","journalArticle","Unsupervised Learning and Clustered Connectivity Enhance Reinforcement Learning in Spiking Neural Networks","10.3389/fncom.2021.543872","2021-3-4","Frontiers in Computational Neuroscience"
"5ENJQGDR","journalArticle","Vision can recalibrate the vestibular reafference signal used to re-establish postural equilibrium following a platform perturbation","10.1007/s00221-016-4801-7","2016/10/17","Experimental Brain Research"
"E3SF8WED","journalArticle","Method for controlling a robotic limb joint",,"2014-10-21",
"8CBMCZYH","conferencePaper","Optimization of Arti∩¼ücial Muscle Placements for a Humanoid Bipedal Robot","10.1007/978-3-030-64313-3_25","7/29/2020",
"QHUFYXKH","journalArticle","Sensory adaptation in human balance control: lessons for biomimetic robotic bipeds",,"2008","Neural Networks"
"SS5Z23PD","journalArticle","Kinematic and Kinetic Analysis of a Biomechanical Model of Rat Hind Limb with Biarticular Muscles","10.1007/978-3-030-64313-3_7","2020",
"XM4CT8ZX","journalArticle","A neuro-mechanical model of legged locomotion: single leg control","10.1007/s004220050468","1998-8-15","Biological Cybernetics"
"TEFEE24P","journalArticle","Time series prediction with single multiplicative neuron model","10.1016/j.asoc.2006.01.003","8/2007","Applied Soft Computing"
"4P7C65A5","webpage","New-and-improved gecko-inspired adhesive sticks to more surfaces",,,
"Y999MLY7","journalArticle","Phasic gain control of reflexes from the dorsum of the paw during spinal locomotion.","10.1016/0006-8993(77)90710-7","1977-08-19","Brain Research"
"WZLHLKFH","journalArticle","Data driven approximation of parametrized PDEs by reduced basis and neural networks","10.1016/j.jcp.2020.109550","09/2020","Journal of Computational Physics"
"3XI43KWU","book","Foot - Extremity, Lower (Leg) CTs - embodi3D.com",,,
"JISFPPWE","journalArticle","Motor cortical regulation of sparse synergies provides a framework for the flexible control of precision walking","10.3389/fncom.2013.00083","2013-07-11","Frontiers in Computational Neuroscience"
"KCSC82YR","journalArticle","VarNet: Variational Neural Networks for the Solution of Partial Differential Equations",,"2019-12-16","arXiv:1912.07443 [physics, stat]"
"2QN8L8GY","journalArticle","Finite element analysis of residual stress and warpage in a 3D printed semi-crystalline polymer: Effect of ambient temperature and nozzle speed","10.1016/j.jmapro.2021.08.054","10/2021","Journal of Manufacturing Processes"
"ISXYX3AD","journalArticle","Chapter 2--the spinal generation of phases and cycle duration.","10.1016/b978-0-444-53825-3.00007-3","2011-01-01","Progress in Brain Research"
"93S8LKWQ","webpage","Reinforcement learning for versatile, dynamic, and robust bipedal locomotion control","10.1177/02783649241285161",,
"H8K8IR7N","preprint","A Metalearning Approach for Physics-Informed Neural Networks (PINNs): Application to Parameterized PDEs","10.1016/j.jcp.2023.11191211912","2023-01-19",
"RPG6EVU2","conferencePaper","Predicting the occurance of unstable arc formations in laser hot-wire additive manufacturing","10.1109/ISFA.2016.7790167","August 2016",
"QLZDYN9W","journalArticle","Motor antagonism exposed by spatial segregation and timing of neurogenesis","10.1038/nature10538","2011-11-03","Nature"
"P9E99B7C","journalArticle","Micromechanical modeling of thermo-mechanical properties of high volume fraction particle-reinforced refractory composites using 3D Finite Element analysis","10.1016/j.ceramint.2019.10.162","03/2020","Ceramics International"
"6SJH23HI","bookSection","A Review of Computational Musculoskeletal Analysis of Human Lower Extremities",,,
"372WC2BR","journalArticle","Comparative Study of Different Metaheuristics for the Trajectory Planning of a Robotic Arm","10.1109/JSYST.2014.2342292","August 13, 2014","IEEE Systems Journal"
"UFPPL6ZK","book","Control engineering",,"1998",
"K8DTFV5I","conferencePaper","Human mimetic foot structure with multi-DOFs and multi-sensors for musculoskeletal humanoid Kengoro","10.1109/IROS.2016.7759377","October 2016",
"Z63743HV","journalArticle","Reactive stepping with functional neuromuscular stimulation in response to forward-directed perturbations","10.1186/s12984-017-0266-6","June 10, 2017","Journal of NeuroEngineering and Rehabilitation"
"EZSB429L","journalArticle","Bipedal walking with dynamic balance that involves three-dimensional upper body motion","10.1016/j.robot.2015.12.002","03/2016","Robotics and Autonomous Systems"
"6AGIMWYU","conferencePaper","Safe Reinforcement Learning: Learning with Supervision Using a Constraint-Admissible Set","10.23919/ACC.2018.8430770","6/2018",
"F49ADRAT","bookSection","Improving the Prediction Accuracy of Echo State Neural Networks by Anti-OjaΓÇÖs Learning","10.1007/978-3-540-74690-4_3","2007",
"ZX43HKI4","journalArticle","Effects of combining static and dynamic fusimotor stimulation on the response of the muscle spindle primary ending to sinusoidal stretching.","10.1113/jphysiol.1977.sp011840","1977","The Journal of Physiology"
"BKJ6SBX8","attachment","Full Text PDF",,,
"YEVBMH6F","journalArticle","Biorobotics: Using robots to emulate and investigate agile locomotion","10.1126/science.1254486","2014/10/10","Science"
"B7592WSE","journalArticle","Visual transduction in Drosophila","10.1038/35093002","September 13, 2001","Nature"
"RG2CX87Q","journalArticle","TwoΓÇÉstage annealing method for short carbon fiberΓÇÉreinforced nylon 6 in fused filament fabrication","10.1002/pc.29012","2025-01-10","Polymer Composites"
"VD5QD8D9","thesis","A Cockroach Inspired Robot with Artificial Muscles",,"2005",
"H3476B48","journalArticle","A Review of the Integrate-and-fire Neuron Model: I. Homogeneous Synaptic Input","10.1007/s00422-006-0068-6","7/2006","Biological Cybernetics"
"I8NJ9ZEY","journalArticle","Design Approach of Biologically-Inspired Musculoskeletal Humanoids","10.5772/55443","2013-04-19","International Journal of Advanced Robotic Systems"
"AV68ZYYX","journalArticle","Series elastic actuators for high fidelity force control","10.1108/01439910210425522","2002-01-01","Industrial Robot: An International Journal"
"5Y6JGAVN","journalArticle","Forms of Forward Quadrupedal Locomotion. III. A Comparison of Posture, Hindlimb Kinematics, and Motor Patterns for Downslope and Level Walking","10.1152/jn.1998.79.4.1702",,"Journal of Neurophysiology"
"IM3H8JUZ","journalArticle","Exercise, music, and the brain: Is there a central pattern generator?","10.1080/02640414.2010.507252","10/2010","Journal of Sports Sciences"
"LYDH3ELJ","journalArticle","Self-organized control of bipedal locomotion by neural oscillators in unpredictable environment","10.1007/BF00198086","7/1991","Biological Cybernetics"
"D8Y5QWDC","journalArticle","Embedded 3D bioprinting ΓÇô An emerging strategy to fabricate biomimetic & large vascularized tissue constructs","10.1016/j.bioactmat.2023.10.012","02/2024","Bioactive Materials"
"29EQ8JMW","journalArticle","A hierarchical foundation for models of sensorimotor control","10.1007/s002210050712","1999-05","Experimental Brain Research"
"4GZ26V4X","journalArticle","Improvement in interfacial fracture toughness of multi-material additively manufactured composites through thermal annealing","10.1016/j.finmec.2021.100051","11/2021","Forces in Mechanics"
"DP3W5RIU","journalArticle","Peripheral control of the cat's step cycle. II. Entrainment of the central pattern generators for locomotion by sinusoidal hip movements during ""fictive locomotion."".","10.1111/j.1748-1716.1983.tb07267.x","1983-07-01","Acta Physiologica Scandinavica"
"4YDN9UNR","journalArticle","Effect of Fiber Content on the Preparation and Mechanical Properties of 3D Printed Short Carbon Fiber Reinforced PA Composites","10.3390/polym17050671","2025-03-02","Polymers"
"MTY2IP7Y","journalArticle","Passive joint stiffness in the hip and knee increases the energy efficiency of leg swinging","10.1007/s10514-010-9186-z","7/2010","Autonomous Robots"
"7SVA83T6","journalArticle","Deletions of Rhythmic Motoneuron Activity During Fictive Locomotion and Scratch Provide Clues to the Organization of the Mammalian Central Pattern Generator","10.1152/jn.00216.2005","08/2005","Journal of Neurophysiology"
"LNUVC75L","journalArticle","Phenomenological models of the dynamics of muscle during isotonic shortening","10.1016/j.jbiomech.2013.07.018","September 27, 2013","Journal of Biomechanics"
"I4IIXVQB","bookSection","Air Flow Sensing in Bats","10.1007/978-3-642-41446-6_8","2014",
"U2UXZDEN","attachment","Schwalbe_SciRep2019_red muscle activity in bluegill sunfish during forward accelerations.pdf",,,
"3AEEUASB","journalArticle","Fatigue life and frequency response of braided pneumatic actuators","10.1109/ROBOT.2002.1013661","2002","Proceedings 2002 IEEE International Conference on Robotics and Automation Cat No02CH37292"
"9MJFG84H","journalArticle","Computer simulation of stepping in the hind legs of the cat: an examination of mechanisms regulating the stance-to-swing transition.","10.1152/jn.00065.2005","December 2005","Journal of neurophysiology"
"L9VRER2D","journalArticle","ProcessΓÇôStructureΓÇôProperties in Polymer Additive Manufacturing via Material Extrusion: A Review","10.1080/10408436.2018.1549977","2020-03","Critical Reviews in Solid State and Materials Sciences"
"7T7LX82C","journalArticle","Valkyrie: NASA's First Bipedal Humanoid Robot: Learned Stochastic Mobility Prediction for Planning","10.1002/rob.21560","05/2015","Journal of Field Robotics"
"LJ848CBK","attachment","Infill and type influence on tensile strenght of PLA biodegradable material using FDM technology.pdf",,,
"CWWU9QU2","journalArticle","Design and control of a robotic leg with braided pneumatic actuators",,"2001","Intelligent Robots and Systems"
"WZFK2P52","journalArticle","Firing Properties of Identified Interneuron Populations in the Mammalian Hindlimb Central Pattern Generator","10.1523/jneurosci.22-22-09961.2002","2002-11-15","The Journal of Neuroscience"
"YKBDWSLC","journalArticle","A diversity-guided particle swarm optimizer-the ARPSO",,"2002","Dept. Comput. Sci., Univ. of Aarhus, Aarhus, Denmark, Tech. Rep"
"X32BEPTY","journalArticle","A Tutorial on UAVs for Wireless Networks: Applications, Challenges, and Open Problems","10.1109/COMST.2019.2902862","2019","IEEE Communications Surveys Tutorials"
"SM6LKCJ2","journalArticle","Fly visual course control: behaviour, algorithms and circuits","10.1038/nrn3799","September 2014","Nature Reviews Neuroscience"
"Q83WT8VL","journalArticle","A Review of the Anomalies in Directed Energy Deposition (DED) Processes & Potential Solutions - Part Quality & Defects","10.1016/j.promfg.2021.06.093","2021","Procedia Manufacturing"
"EHQMQ36P","journalArticle","Reconstructing the knee joint mechanism from kinematic data","10.1080/13873954.2010.507094","October 2010","Mathematical and Computer Modelling of Dynamical Systems"
"H6HKF65J","journalArticle","Asymmetric Operation of the Locomotor Central Pattern Generator in the Neonatal Mouse Spinal Cord","10.1152/jn.90729.2008","2008-10-01","Journal of Neurophysiology"
"8MFKLMFC","journalArticle","Is there a central pattern generator in man?","10.1038/sc.1995.54","5/1995","Spinal Cord"
"V99DA7ZP","journalArticle","Tensile properties and failure behavior of chopped and continuous carbon fiber composites produced by additive manufacturing","10.1016/j.addma.2018.12.020","03/2019","Additive Manufacturing"
"99N9IATC","journalArticle","Central Pattern Generator in Bio-inspired Robot: Simulation using MATLAB",,,
"Z3ZYXWNB","standard","ASTM D6110-18: Test Method for Determining the Charpy Impact Resistance of Notched Specimens of Plastics","10.1520/D6110-18",,
"KT933J8M","journalArticle","Predictive Simulation Generates Human Adaptations during Loaded and Inclined Walking","10.1371/journal.pone.0121407","Apr 1, 2015","PLOS ONE"
"W6PSXTK3","journalArticle","(PDF) Positive Force Feedback Control of Muscles","10.1152/jn.1997.77.6.3226","2024-10-22","ResearchGate"
"WTKPID52","journalArticle","Soft robotics: Technologies and systems pushing the boundaries of robot abilities","10.1126/scirobotics.aah3690","2016-12-06","Science Robotics"
"5U3EIKFT","journalArticle","The cat step cycle: Hind limb joint angles and muscle lengths during unrestrained locomotion","10.1002/jmor.1051410102","1973-09-01","Journal of Morphology"
"SREHJXU9","journalArticle","Effects of annealing time and temperature on the crystallinity and heat resistance behavior of injection-molded poly(lactic acid)","10.1002/pen.23304","03/2013","Polymer Engineering & Science"
"5YIDLULC","journalArticle","Central drive and proprioceptive control of antennal movements in the walking stick insect","10.1016/j.jphysparis.2012.06.001","1/2013","Journal of Physiology-Paris"
"BSUE5485","journalArticle","Physical activity and quality of life: A study of a lower-limb amputee population","10.1080/03093640802016514","June 1, 2008","Prosthetics and Orthotics International"
"IEBA5LH9","journalArticle","Biomechanics of smart wings in a bat robot: morphing wings using SMA actuators","10.1088/1748-3182/7/3/036006","2012","Bioinspiration & Biomimetics"
"5C6JKRS6","conferencePaper","Radial Basis Function Decision Feedback Equaliser Assisted Burst-by-burst Adaptive Modulation",,"December 1999",
"8I8VMB5L","thesis","Design of a Canine Inspired Quadruped Robot as a Platform for Synthetic Neural Network Control",,"5/25/2019",
"DL24USDE","journalArticle","Quantification of gait parameters in freely walking wild type and sensory deprived Drosophila melanogaster","10.7554/eLife.00231","2013-01-08","eLife"
"K3CGZ9EJ","journalArticle","Design and Characterization of a Mckibben Pneumatic Muscle Prototype with an Embedded Capacitive Length Transducer","10.3390/machines10121156","2022/12","Machines"
"XB9WAKKX","conferencePaper","Bipedal Walking and Running with Compliant Legs","10.1109/ROBOT.2007.364088","04/2007",
"MFRM386U","bookSection","Biologically Inspired Robotics","10.1007/978-3-319-32552-1_75","2016",
"J489RFPA","journalArticle","A metalearning approach for Physics-Informed Neural Networks (PINNs): Application to parameterized PDEs","10.1016/j.jcp.2023.111912","03/2023","Journal of Computational Physics"
"S6SEZKFW","attachment","Accepted Version",,,
"NGIN8BAH","journalArticle","Automation of carbon fibre preform manufacture for affordable aerospace applications","10.1016/S1359-835X(00)00154-8","2001-07-01","Composites Part A: Applied Science and Manufacturing"
"6MZDWA7J","attachment","Human Motion Analysis A Review.pdf",,,
"LXGWIE3V","journalArticle","Symposia and Oral Abstracts","10.1093/icb/icab001","2021-03-01","Integrative and Comparative Biology"
"ZS37FVBV","journalArticle","Biomechanics of quadrupedal walking: how do four-legged animals achieve inverted pendulum-like movements?",,"2004",
"QH2ZHL9K","journalArticle","Effects of stimulation of hindlimb flexor group II afferents during fictive locomotion in the cat.",,"1995-8-15","The Journal of Physiology"
"XVE6WLIL","journalArticle","Study of hydrogen bond dynamics in Nylon 6 crystals using IR spectroscopy and molecular dynamics focusing on the differences between ╬▒ and ╬│ crystal forms","10.1002/qua.25595","2018-07-15","International Journal of Quantum Chemistry"
"CFTU3ZAG","journalArticle","Error-backpropagation in temporally encoded networks of spiking neurons","10.1016/S0925-2312(01)00658-0","10/2002","Neurocomputing"
"RZ5N7SPP","standard","ASTM D7264/D7264M-21: Test Method for Flexural Properties of Polymer Matrix Composite Materials","10.1520/D7264_D7264M-21",,
"JR2UL3FB","journalArticle","Soft Wrist Exosuit Actuated by Fabric Pneumatic Artificial Muscles","10.1109/TMRB.2024.3385795","2024-05","IEEE Transactions on Medical Robotics and Bionics"
"YE2NHABD","journalArticle","Estimation of the regions of attraction for autonomous nonlinear systems","10.1177/0142331217752799","01/2019","Transactions of the Institute of Measurement and Control"
"RD523SXG","preprint","Message Passing Neural PDE Solvers",,"2023-03-20",
"GQQ3LJW9","book","Attitude and Altitude Controller Design for Quad-Rotor Type MAVs","10.1155/2013/587098","May 9, 2013",
"IJ7YWS95","webpage","Search for Torsion Springs | Lee Spring",,,
"F9XD6JVT","presentation","Noisy Reset Neuron Model Smooths Transition to Saturation Force in BPAs",,"2025",
"668JIQ7X","journalArticle","Characterizing short-fiber-reinforced composites produced using additive manufacturing","10.1080/20550340.2017.1341125","July 3, 2017","Advanced Manufacturing: Polymer & Composites Science"
"KV39X5G4","conferencePaper","Active disturbance rejection control: a paradigm shift in feedback control system design",,"2006",
"L32HLZXB","journalArticle","Analysis of oscillatory weight changes from online learning with filtered spiking feedback","10.13140/RG.2.2.15438.77128","2017",
"H6J6IMX6","conferencePaper","Development of a peristaltic endoscope","10.1109/ROBOT.2002.1013385","2002-05",
"GLWCYZ49","journalArticle","Extending the Functional Subnetwork Approach to a Generalized Linear Integrate-and-Fire Neuron Model",,,
"NTNA2SZP","journalArticle","Toward Gravity-Independent Climbing Using a Biologically Inspired Distributed Inward Gripping Strategy","10.1109/TMECH.2014.2315762","2015-04","IEEE/ASME Transactions on Mechatronics"
"W5UGJNNJ","webpage","Circuit Board Recycling: How to Recycle a PCB Board",,,
"KNC3EUDT","attachment","A Spiking Network Model of Decision Making Employing Rewarded STDP.pdf",,,
"2RYZPR3M","journalArticle","Determination of Polymer Crystallinity by DSC",,,
"EHDQ95JU","journalArticle","A rapidly reconfigurable robot for assistance in urban search and rescue","10.1109/IROS.2011.6095172","September 2011","Intelligent Robots and Systems (IROS)"
"L62XJY33","journalArticle","Crystalline structure of annealed polylactic acid and its relation to processing","10.3144/expresspolymlett.2010.80","2010","Express Polymer Letters"
"H8WUD3R5","blogPost","Electronic PCB Detection using Computer Vision:Revolutionizing Industries with YoloV8",,"2024-04-04T11:22:27.414Z",
"5BWIAWTT","journalArticle","Toward a human-like biped robot with compliant legs","10.1016/j.robot.2007.12.001","2/2009","Robotics and Autonomous Systems"
"WMBFHHS7","conferencePaper","Spiking Neural Algorithms for Markov Process Random Walk","10.1109/IJCNN.2018.8489628","7/2018",
"VF3AUD9I","journalArticle","The reinforcing mechanism of carbon fiber in composite adhesive for bonding carbon/carbon composites","10.1016/j.jmatprotec.2010.08.028","2/2011","Journal of Materials Processing Technology"
"DMAMGADG","journalArticle","A neuromechanical model explaining forward and backward stepping in the stick insect","10.1152/jn.01124.2011","2012-06-15","Journal of Neurophysiology"
"8VBGS43A","journalArticle","Simplifying the complexities of maintaining balance","10.1109/MEMB.2003.1195698","March 2003","IEEE Engineering in Medicine and Biology Magazine"
"S5PDYKPL","journalArticle","Lumbar Spinal Interneuron Activity as it Relates to Rhythmic Motor Output in the Adult, Spinal, Air-Stepping Cat",,"2014-01-01",
"GZCEUUPN","blogPost","Everything you need to know about nylon (PA)",,,
"X76V2YPQ","journalArticle","Contribution of peripheral afferents to the activation of the soleus muscle during walking in humans.","10.1007/bf00227094","1991-01-01","Experimental Brain Research"
"VN9VZWG3","journalArticle","SpikePropamine: Differentiable Plasticity in Spiking Neural Networks","10.3389/fnbot.2021.629210","2021-9-22","Frontiers in Neurorobotics"
"Z4PY4APF","webpage","Mammalian muscle receptors and their central actions by Peter B. C. Matthews | Open Library",,,
"5UW929HD","journalArticle","Effect of Particle Size Distribution on Powder Packing and Sintering in Binder Jetting Additive Manufacturing of Metals","10.1115/1.4036640","2017-06-01","Journal of Manufacturing Science and Engineering"
"UC8ILYCL","journalArticle","Editorial: Neuromechanics and Control of Physical Behavior: From Experimental and Computational Formulations to Bio-inspired Technologies","10.3389/fncom.2019.00013","2019-03-19","Frontiers in Computational Neuroscience"
"22VVYMX8","journalArticle","The effects of self-reinnervation of cat medial and lateral gastrocnemius muscles on hindlimb kinematics in slope walking","10.1007/s00221-007-0938-8","8/2007","Experimental Brain Research"
"CK2NF8VD","journalArticle","Rhythmic Patterns in the Thoracic Nerve Cord of the Stick Insect Induced by Pilocarpine","10.1242/jeb.198.2.435","1995-02-01","Journal of Experimental Biology"
"2UMTR4KE","book","Neuron-Based Control Mechanisms for a Robotic Arm and Hand",,"January 18, 2017",
"Q5F4NAV9","conferencePaper","Bio-inspired knee joint mechanism for a hydraulic quadruped robot","10.1109/ICARA.2015.7081168","February 2015",
"M5TE24I3","journalArticle","Neural Adaptation in the Generation of Rhythmic Behavior","10.1146/annurev.physiol.62.1.723","2000-01-01","Annual Review of Physiology"
"DIUG9D2L","journalArticle","A biologically based neural system coordinates the joints and legs of a tetrapod","10.1088/1748-3190/10/5/055004","2015","Bioinspiration & Biomimetics"
"FJUP5VQ4","conferencePaper","Distributed Pressure Sensing for Enabling Self-Aware Autonomous Aerial Vehicles","10.1109/IROS.2018.8593664","October 2018",
"MEK7ZQXC","presentation","Learning to Estimate Stability Margins in Dynamical Systems Using Spiking Neural Networks",,"3/21/2022",
"PJ2DYUK4","journalArticle","From reaching to reach-to-grasp: the arm posture difference and its implications on human motion control strategy","10.1007/s00221-017-4890-y","2017/05/01","Experimental Brain Research"
"WNZGBKM2","journalArticle","From swimming to walking with a salamander robot driven by a spinal cord model.",,"2007","Science"
"VZ66KQ4C","journalArticle","Sensory feedback by peripheral nerve stimulation improves task performance in individuals with upper limb loss using a myoelectric prosthesis","10.1088/1741-2560/13/1/016001","2016-02-01","Journal of Neural Engineering"
"J352NTSW","journalArticle","Increased amplitude of cutaneous reflexes during human running as compared to standing.","10.1016/0006-8993(93)90903-z","1993-06-11","Brain Research"
"MVCS9E22","journalArticle","A Bio-Inspired Miniature Climbing Robot With Bilayer Dry Adhesives: Design, Modeling, and Experimentation",,"2018",
"74M8XZ4K","journalArticle","Musculoskeletal design, control, and application of human mimetic humanoid Kenshiro","10.1088/1748-3190/ab03fc","2019-04-08","Bioinspiration & Biomimetics"
"SHUH36FQ","journalArticle","Motoneuronal and muscle synergies involved in cat hindlimb control during fictive and real locomotion: a comparison study","10.1152/jn.00865.2011","2012-04-15","Journal of Neurophysiology"
"TMYCZYLZ","journalArticle","Vacuum Cup Selection Guide",,,
"IDW58ZH9","journalArticle","State- and Condition-Dependent Modulation of the Hindlimb Locomotor Pattern in Intact and Spinal Cats Across Speeds","10.3389/fnsys.2022.814028","2022-02-09","Frontiers in Systems Neuroscience"
"RXP97UXG","report","Standard test method for flexural properties of unreinforced.pdf",,"2019",
"2H5FJARF","bookSection","A multisensory posture control model of human upright stance",,"2003",
"SSAKGFQ5","attachment","51121.pdf",,,
"CJRU8WKV","journalArticle","Characterizing short-fiber-reinforced composites produced using additive manufacturing","10.1080/20550340.2017.1341125","2017-07-03","Advanced Manufacturing: Polymer & Composites Science"
"PQGQVFA5","journalArticle","Stratasys FDM Thermoplastic Filament Materials Data Sheet. https://www.stratasys.com/siteassets/materials/materials-catalog/fdm-materials/asa/mds_fdm_asa_0921a.pdf",,,
"7NIV5SQI","journalArticle","Latissimus-dorsi-inspired wire mechanism for improving energy efficiency of quadruped robot locomotion","10.1080/01691864.2024.2441261","2025-01-02","Advanced Robotics"
"A4PMB5Q5","journalArticle","Entrainment of the locomotor rhythm by group Ib afferents from ankle extensor muscles in spinal cats.","10.1007/bf00230939","1992-01-01","Experimental Brain Research"
"P7UKEMAJ","journalArticle","The intrinsic factors in the act of progression in the mammal","10.1098/rspb.1911.0077","1911-12-08","Proceedings of The Royal Society B: Biological Sciences"
"JSBIBHDG","journalArticle","Development and Training of a Neural Controller for Hind Leg Walking in a Dog Robot","10.3389/fnbot.2017.00018","2017","Frontiers in Neurorobotics"
"XDLLN9ZI","journalArticle","Omnidirectional Printing of 3D Microvascular Networks","10.1002/adma.201004625","2011-06-24","Advanced Materials"
"ZEU63R2F","journalArticle","Neuromorphic electronic systems","10.1109/5.58356","October 1990","Proceedings of the IEEE"
"ICMPX662","journalArticle","How swifts control their glide performance with morphing wings","10.1038/nature05733","2007/04","Nature"
"KAQJLCMY","journalArticle","Assessing sensory function in locomotor systems using neuro-mechanical simulations","10.1016/j.tins.2006.08.007","2006-11-01","Trends in neurosciences"
"AVQVDBX8","journalArticle","The application of 3D printing technology in the fashion industry","10.1080/17543266.2016.1223355","2017-05-04","International Journal of Fashion Design, Technology and Education"
"26W69TG7","journalArticle","A Technical Overview of the Neural Engineering Framework",,,
"DKXQAMKB","journalArticle","Feasibility of additively manufacturing synthetic bone for sports personal protective equipment applications","10.1016/j.stlm.2023.100121","11/2023","Annals of 3D Printed Medicine"
"3DUNP3GP","journalArticle","Eliminating voids and reducing mechanical anisotropy in fused filament fabrication parts by adjusting the filament extrusion rate","10.1016/j.jmapro.2022.06.026","08/2022","Journal of Manufacturing Processes"
"UHUMLE7C","journalArticle","Physics-Constrained Deep Learning for High-dimensional Surrogate Modeling and Uncertainty Quantification without Labeled Data","10.1016/j.jcp.2019.05.024","10/2019","Journal of Computational Physics"
"KJSG6IVC","journalArticle","Gust Mitigation of Micro Air Vehicles Using Passive Articulated Wings","10.1155/2014/598523","2014-1-2","The Scientific World Journal"
"45GV93Q9","bookSection","Design and Control of a Tunable Compliance Actuator","10.1007/978-3-319-09435-9_30","2014/07/30",
"ZD9S4PF9","journalArticle","Comparative study of robotic artificial actuators and biological muscle","10.1177/1687814020933409","June 1, 2020","Advances in Mechanical Engineering"
"G96BE9NG","thesis","Disentangling the underlying systems involved in standing balance using system identification techniques | TU Delft Repositories",,"2014-11-21",
"IDWZX38H","journalArticle","Biomechanical and Sensory Feedback Regularize the Behavior of Different Locomotor Central Pattern Generators","10.3390/biomimetics7040226","2022/12","Biomimetics"
"9YTTTMGI","journalArticle","Spiking Neural Networks: Principles and Challenges",,"2014","Computational Intelligence"
"MKE3LHRQ","conferencePaper","Modeling of braided pneumatic actuators for robotic control","10.1109/IROS.2001.976361","2001",
"6PGUPBVU","webpage","Robust Region-of-Attraction Estimation | IEEE Journals & Magazine | IEEE Xplore",,,
"WL3ITEDE","journalArticle","Rare phenomena of central rhythm and pattern generation in a case of complete spinal cord injury","10.1038/s41467-023-39034-y","2023-06-06",
"8RESBWLG","journalArticle","Echo state networks regulated by local intrinsic plasticity rules for regression","10.1016/j.neucom.2019.03.032","07/2019","Neurocomputing"
"EZLLHF59","journalArticle","Timing to be precise? An overview of spike timing-dependent plasticity, brain rhythmicity, and glial cells interplay within neuronal circuits","10.1038/s41380-023-02027-w","2023-06","Molecular Psychiatry"
"5689ZU7J","journalArticle","Further studies of static and dynamic fusimotor fibres","10.1113/jphysiol.1964.sp007477","1964","The Journal of Physiology"
"FBNXEHL4","journalArticle","Effects of Heat-Treatment on Tensile Behavior and Dimension Stability of 3D Printed Carbon Fiber Reinforced Composites","10.3390/polym13244305","2021-12-09","Polymers"
"3UJFCZIM","journalArticle","Additive manufacturing of high density carbon fibre reinforced polymer composites","10.1016/j.addma.2022.103044","10/2022","Additive Manufacturing"
"HZS2884P","journalArticle","Robust estimations of the Region of Attraction using invariant sets","10.1016/j.jfranklin.2019.02.013","05/2019","Journal of the Franklin Institute"
"XEWECXEL","journalArticle","Controlling torque in a prosthesis or orthosis",,"2011-04-04",
"FSRJIPCN","presentation","Using AI Tools to Enhance the Sensory Afferent Database: A Comparative Study",,"2024, October 5-9",
"76R482KP","journalArticle","The Importance of Body Stiffness in Undulatory Propulsion","10.1093/icb/36.6.678","12/1996","American Zoologist"
"RMQTJH8Y","journalArticle","Active gust load alleviation system for flexible aircraft: Mixed feedforward/feedback approach","10.1016/j.ast.2014.12.020","February 1, 2015","Aerospace Science and Technology"
"BC36WKAS","standard","ISO 17295:2023, Additive manufacturing ΓÇö General principles ΓÇö Part positioning, coordinates and orientation",,,
"KDSHQA5Q","conferencePaper","Carl ΓÇö A compliant robotic leg featuring mono- and biarticular actuation","10.1109/HUMANOIDS.2017.8246888","2017-11",
"LBRSID9Y","journalArticle","The spike timing dependence of plasticity","10.1016/j.neuron.2012.08.001","2012-8-23","Neuron"
"YY6DSMTL","journalArticle","Estimation of the regions of attraction for autonomous nonlinear systems","10.1177/0142331217752799","01/2019","Transactions of the Institute of Measurement and Control"
"HTJVPJAT","webpage","NASA JPL Robotic Microspines - YouTube",,,
"BQ3K6NYG","bookSection","Determination of Artificial Muscle Placement for Biomimetic Humanoid Robot Legs","10.1007/978-3-030-24741-6_2","2019",
"9UA8CYPG","journalArticle","Modulation of forelimb and hindlimb muscle activity during quadrupedal tied-belt and split-belt locomotion in intact cats","10.1016/j.neuroscience.2014.12.084","2015-01-30","Neuroscience"
"E2G75RYG","journalArticle","Swing-to-Stance Transition in Walking Cats A Role for Hip Position in Initiating the",,"2015-01-01",
"LVWP9CE8","webpage","An analytical framework for optimizing neural networks - ScienceDirect",,,
"S4KURXR3","journalArticle","Bipedal walk using a Central Pattern Generator","10.1016/j.ics.2004.05.129","8/2004","International Congress Series"
"NJCDCGC6","journalArticle","Design of a Variable Stiffness Soft Dexterous Gripper","10.1089/soro.2016.0044","2017-9-01","Soft Robotics"
"LW9BXP5C","journalArticle","Paradoxical muscle movement in human standing","10.1113/jphysiol.2004.062398","May 1, 2004","The Journal of Physiology"
"WMPPSWKF","book","Materials science and engineering: an introduction",,"2020",
"JFHESDB8","journalArticle","Annealing effect on impact properties of reinforced polymer PA6-GF made by FDM technology","10.69644/ivk-2024-01-0099","2024-05-22","Structural Integrity and Life"
"ECUFML4R","journalArticle","Dynamics and flight control of a flapping-wing robotic insect in the presence of wind gusts","10.1098/rsfs.2016.0080","February 6, 2017","Interface Focus"
"KUZCZPIA","journalArticle","Latissimus-dorsi-inspired trunk torsion mechanism for quadruped robot spine design","10.1080/01691864.2025.2528829","2025-07-03","Advanced Robotics"
"VLGS85PS","journalArticle","Modelling of intersegmental coordination in the lamprey central pattern generator for locomotion","10.1016/0166-2236(92)90006-T","11/1992","Trends in Neurosciences"
"VG37PI9F","journalArticle","Dendritic Neuron Model With Effective Learning Algorithms for Classification, Approximation, and Prediction","10.1109/TNNLS.2018.2846646","2/2019","IEEE Transactions on Neural Networks and Learning Systems"
"BZ3CB77R","journalArticle","Persistent inward currents in spinal motoneurons: important for normal function but potentially harmful after spinal cord injury and in amyotrophic lateral sclerosis","10.1016/j.clinph.2009.12.041","2010-10","Clinical Neurophysiology: Official Journal of the International Federation of Clinical Neurophysiology"
"8H3MECHK","encyclopediaArticle","Particle swarm optimization",,"2025-04-29T12:41:24Z",
"57SCXN29","journalArticle","Additive manufacturing of continuous fibre reinforced thermoplastic composites using fused deposition modelling: Effect of process parameters on mechanical properties","10.1016/j.compscitech.2019.107688","09/2019","Composites Science and Technology"
"2EC9H4FK","preprint","Physics-Informed Deep Neural Operator Networks",,"2022-07-17",
"JNDRFXBW","conferencePaper","Hardware Implementation of a Bio-plausible Neuron Model for Evolution and Growth of Spiking Neural Networks on FPGA","10.1109/AHS.2008.13","June 2008",
"AK6MUF2X","journalArticle","Review of snake robots in constrained environments","10.1016/j.robot.2021.103785","2021-07-01","Robotics and Autonomous Systems"
"AJ4BGVTN","journalArticle","Biped robot design powered by antagonistic pneumatic actuators for multi-modal locomotion","10.1016/j.robot.2007.09.010","January 2008","Robotics and Autonomous Systems"
"HAVH4F6I","journalArticle","Micellisation and gelation of triblock copoly(oxyethylene/oxypropylene/oxyethylene), F127","10.1039/FT9928802537","1992-01-01","Journal of the Chemical Society, Faraday Transactions"
"DFDM3Q9B","attachment","Reinforcement Learning of CPG-Regulated Locomotion Controller for a Soft Snake Robot.pdf",,,
"WDB5LBKX","journalArticle","The flexion synergy, mother of all synergies and father of new models of gait","10.3389/fncom.2013.00014","2013-03-13","Frontiers in Computational Neuroscience"
"NMM2N3FH","journalArticle","NAUTILUS method: An interactive technique in multiobjective optimization based on the nadir point","10.1016/j.ejor.2010.02.041","2010-10-16","European Journal of Operational Research"
"RVPEHWRE","journalArticle","A sensory signal related to left-right symmetry modulates intra- and interlimb cutaneous reflexes during locomotion in intact cats","10.3389/fnsys.2023.1199079","2023-06-09",
"QAEZK5XB","journalArticle","Equal numbers of neuronal and nonneuronal cells make the human brain an isometrically scaled-up primate brain","10.1002/cne.21974","2009","Journal of Comparative Neurology"
"KWVQ9I2J","conferencePaper","What is a Moment Arm? Calculating Muscle Effectiveness in Biomechanical Models Using Generalized Coordinates","10.1115/DETC2013-13633","2013-08-04",
"3CSUBMWL","journalArticle","Experimental Characterization and Modeling of 3D Printed Continuous Carbon Fibers Composites with Different Fiber Orientation Produced by FFF Process","10.3390/polym14030426","2022-01-21","Polymers"
"GJG7QZ85","journalArticle","A review of melt extrusion additive manufacturing processes: II. Materials, dimensional accuracy, and surface roughness","10.1108/RPJ-02-2013-0017","2015-04","Rapid Prototyping Journal"
"5GG5WGME","journalArticle","Representational drift: Emerging theories for continual learning and experimental future directions","10.1016/j.conb.2022.102609","10/2022","Current Opinion in Neurobiology"
"WKBALC94","journalArticle","Strength of Onyx-based composite 3D printing materials according to fiber reinforcement","10.3389/fmats.2023.1183816","2023-4-28","Frontiers in Materials"
"UFDPEX2A","journalArticle","Load Signals Assist the Generation of Movement-Dependent Reflex Reversal in the FemurΓÇôTibia Joint of Stick Insects","10.1152/jn.00625.2006","12/2006","Journal of Neurophysiology"
"8UK2I9NR","journalArticle","Xsens MVN: Full 6DOF Human Motion Tracking Using Miniature Inertial Sensors",,"2013","Xsens Technologies"
"6ERWYLTB","journalArticle","Dependence of human ankle compliance on joint angle","10.1016/0021-9290(78)90010-6","January 1978","Journal of Biomechanics"
"SL7JGFN2","book","Adaptation and learning in postural control",,"2009",
"97RF7925","journalArticle","A Hill type model of rat medial gastrocnemius muscle that accounts for shortening history effects","10.1016/S0021-9290(98)00048-7","1998-06-01","Journal of Biomechanics"
"S7JDWR7U","journalArticle","Gain in sensitivity and loss in temporal contrast of STDP by dopaminergic modulation at hippocampal synapses","10.1073/pnas.0900546106","2009-08-04","Proceedings of the National Academy of Sciences of the United States of America"
"89GWZLI7","journalArticle","Neuromechanical Model of Rat Hind Limb Walking with Two-Layer CPGs",,"2019/3","Biomimetics"
"HA3WX6Y6","journalArticle","Sensor-rich feedback control: a new paradigm for flight control inspired by insect agility","10.1109/MIM.2004.1337909","Sept 2004","IEEE Instrumentation Measurement Magazine"
"VQCLJKRJ","journalArticle","Computed tomography slice thickness and its effects on three-dimensional reconstruction of anatomical structures","10.1016/j.jofri.2015.10.004 2212-4780","17 October 2015","Journal of Forensic Radiology and Imaging"
"FNZWRT8W","journalArticle","Neuromechanical model of praying mantis explores the role of descending commands in pre-strike pivots.","10.1088/1748-3190/10/6/065005","2015-11-18","Bioinspiration & Biomimetics"
"STEN2N2I","conferencePaper","Soft robotics: what Cartesian stiffness can obtain with passively compliant, uncoupled joints?","10.1109/IROS.2004.1389925","2004-09",
"PEK4ELY5","journalArticle","Disynaptic group I excitation of synergist ankle extensor motoneurones during fictive locomotion in the cat.","10.1113/jphysiol.1995.sp020897","1995-09-01","The Journal of Physiology"
"ZZ4U9CGS","journalArticle","A Balance Feedback Human Machine Interface for Humanoid Teleoperation in Dynamic Tasks",,,
"Z36MPTYR","journalArticle","Jumping Locomotion Strategies: From Animals to Bioinspired Robots","10.3390/app10238607","2020/1","Applied Sciences"
"FS6QQANQ","journalArticle","Flexural Behavior of 3D-Printed Carbon Fiber-Reinforced Nylon Lattice Beams","10.3390/polym16212991","2024-10-25","Polymers"
"7388U9W7","book","Neuromechanical Modeling of Posture and Locomotion",,"2015",
"RCVHWSY3","journalArticle","First-passage times in integrate-and-fire neurons with stochastic thresholds","10.1103/PhysRevE.91.052701","2015-05-07","Physical Review E"
"Y868PZ64","note",,,,
"UNDSC36Q","journalArticle","Normal Range of Motion of the Hip, Knee and Ankle Joints in Male Subjects, 30ΓÇô40 Years of Age","10.3109/17453678208992202","January 1982","Acta Orthopaedica Scandinavica"
"HUZTFDQJ","journalArticle","Automatic differentiation in PyTorch",,"10/28/2017","Conference on Neural Information Processing Systems"
"T4IM45QK","preprint","How important are activation functions in regression and classification? A survey, performance comparison, and future directions",,"2022-12-28",
"D6EPXRRL","journalArticle","Artificial tactile and proprioceptive feedback improves performance and confidence on object identification tasks","10.1371/journal.pone.0207659","Dec 5, 2018","PLOS ONE"
"HTLDC3HD","journalArticle","The sacroiliac joint: review of anatomy, mechanics, and function","10.2519/jospt.1991.13.2.71","1991","The Journal of Orthopaedic and Sports Physical Therapy"
"3UR8MYK9","journalArticle","Biological Pattern Generation: The Cellular and Computational Logic of Networks in Motion","10.1016/j.neuron.2006.11.008","2006-12-07","Neuron"
"PMEUN4L9","book","Autodesk Meshmixer",,,
"IGXHQS3V","bookSection","The Motor Circuit","10.1016/S0074-7742(05)69005-8","2005-01-01",
"ZMRK8ZZQ","journalArticle","Understanding Sensorimotor Feedback through Optimal Control","10.1101/SQB.1990.055.01.074","1990-01-01","Cold Spring Harbor Symposia on Quantitative Biology"
"IMTM9UQ3","journalArticle","The Brain in Its Body: Motor Control and Sensing in a Biomechanical Context","10.1523/JNEUROSCI.3338-09.2009","2009/10/14","Journal of Neuroscience"
"CJ92AIUH","journalArticle","Local Loss of Proprioception Results in Disruption of Interjoint Coordination During Locomotion in the Cat","10.1152/jn.2000.84.5.2709","2000-11","Journal of Neurophysiology"
"YSJSVUAS","journalArticle","Ornstein-Uhlenbeck model neuron revisited","10.1007/BF00201415","1995","Biological Cybernetics (Modeling)"
"HFYIUUP3","conferencePaper","Cascaded control concept of a robot with two degrees of freedom driven by four artificial pneumatic muscle actuators","10.1109/ACC.2005.1470036","June 2005",
"IZLJ9SBJ","journalArticle","Necessary conditions for a limit cycle and its basin of attraction","10.1016/j.na.2003.07.020","2/2004","Nonlinear Analysis: Theory, Methods & Applications"
"5SBES8RX","journalArticle","Optimal planar leg geometry in robots and crabs for idealized rocky terrain","10.1088/1748-3190/ac8f04","2022-10","Bioinspiration & Biomimetics"
"ICLV9STQ","journalArticle","Enhancement of the Processability and Properties of Nylon 6 by Blending with Polyketone","10.3390/polym13193403","2021-10-03","Polymers"
"HJUK3CTI","journalArticle","Leg Coordination Mechanisms in the Stick Insect Applied to Hexapod Robot Locomotion","10.1177/105971239300100404","1993-03-01","Adaptive Behavior"
"YUJRDM64","thesis","Safe Exploration in Reinforcement Learning: Theory and Applications in Robotics","10.3929/ETHZ-B-000370833","2019",
"96HL9ZSM","journalArticle","Walknet, a bio-inspired controller for hexapod walking.","10.1007/s00422-013-0563-5","August 2013","Biological cybernetics"
"AFPXDT3S","journalArticle","Cure behaviors and mechanical properties of carbon fiber-reinforced nylon6/epoxy blended matrix composites","https://doi.org/10.1016/j.compositesb.2016.12.009","1 March 2017","Composites Part B: Engineering"
"KGJXYZ8C","journalArticle","The role of V3 neurons in speed-dependent interlimb coordination during locomotion in mice","10.1101/2021.09.01.458603","2021-09-03","bioRxiv"
"VCRUQ82P","journalArticle","Digital hardware realization of a recurrent neural network for solving the assignment problem","10.1016/S0925-2312(02)00627-6","April 1, 2003","Neurocomputing"
"8I3LHFU8","journalArticle","A Complete Electron Microscopy Volume of the Brain of Adult Drosophila melanogaster","10.1016/j.cell.2018.06.019","2018-07-26","Cell"
"KY3XFC6L","journalArticle","CRPO: A New Approach for Safe Reinforcement Learning with Convergence Guarantee",,,
"29WBJNH5","document","An Efficient Spiking Neuron Hardware System Based on teh Hardware-Oriented Modified Izhikevich Neuron (HOMIN)",,,
"HM2IV5S6","journalArticle","Ensemble firing of muscle afferents recorded during normal locomotion in cats","10.1111/j.1469-7793.1998.293bu.x","1998","The Journal of Physiology"
"I8DJTHMR","attachment","Feinberg Patent - 2016.pdf",,,
"4C89374J","journalArticle","Phase-dependent transmission in the excitatory propriospinal reflex pathway from forelimb afferents to lumbar motoneurones during fictive locomotion","10.1016/0304-3940(77)90187-2","1977-04-01","Neuroscience Letters"
"3JWPPTCG","journalArticle","MTi and MTx User Manual and Technical Documentation",,,
"N5GSP4J3","journalArticle","Development of novel symmetrical electrode metal-core piezoelectric fibers for an application as airflow sensors","10.3233/JAE-160081","2017/01/01","International Journal of Applied Electromagnetics and Mechanics"
"6V5DH3U3","journalArticle","Modeling and control of a pneumatic artificial muscle manipulator joint ΓÇô Part I: Modeling of a pneumatic artificial muscle manipulator joint with accounting for creep effect","10.1016/j.mechatronics.2012.06.002","10/2012","Mechatronics"
"KW77GV5W","journalArticle","Harnessing proprioception in aquatic soft wings enables hybrid passive-active disturbance rejection","10.1038/s44182-026-00078-z","2026-02-12","npj Robotics"
"4CY3JGHR","journalArticle","MAgNet: Mesh Agnostic Neural PDE Solver",,"2022","Advances in Neural Information Processing Systems"
"C6ESZ9DV","journalArticle","Data-driven discovery of Koopman eigenfunctions for control",,"2020-05-19","arXiv:1707.01146 [math]"
"MS6FDJNQ","journalArticle","A Framework for Determining the Performance and Requirements of Cable-Driven Mobile Lower Limb Rehabilitation Exoskeletons","10.3389/fbioe.2022.920462","2022-06-20","Frontiers in Bioengineering and Biotechnology"
"5M7XFW68","journalArticle","Design process and tools for dynamic neuromechanical models and robot controllers",,"2017","Biological Cybernetics"
"96REFLMC","journalArticle","Controlling Synchronization in an Ensemble of Globally Coupled Oscillators","10.1103/PhysRevLett.92.114102","2004-3-19","Physical Review Letters"
"KP644TLJ","book","3D Slicer",,,
"6FHXH3TP","journalArticle","A bio-inspired condylar hinge joint for mobile robots","10.1109/IROS.2011.6048561","September 2011","International Conference on Intelligent Robots and Systems"
"2FHGMSUN","book","Modern robotics: mechanics, planning, and control",,"2017",
"9HSMNY5D","journalArticle","Simulating the integration and regulation of human Ia and Ib reflexes on a musculoskeletal robot driven by pneumatic artificial muscles","10.3389/frobt.2026.1741690","2026-02-18","Frontiers in Robotics and AI"
"DQDXAKYZ","conferencePaper","A simplified model for a biomechanical joint with soft cartilage","10.1109/ICSMC.2004.1398393","October 2004",
"W97T8ULF","conferencePaper","Error estimation and correction in a spiking neural network for map formation in neuromorphic hardware","10.1109/ICRA40945.2020.9197498","2020-05",
"TQFFRWVC","journalArticle","Compressive characterisation of 3D printed composite materials using continuous fibre fabrication","10.1016/j.ijlmm.2023.05.002","12/2023","International Journal of Lightweight Materials and Manufacture"
"VBGT49XW","book","version 9.7.0 (R2019b)",,"2019",
"VFZ4LLBF","attachment","Paper club 01-07-26",,,
"UHK5RTCK","journalArticle","Responses of Golgi tendon organs to active contractions of the soleus muscle of the cat.","10.1152/jn.1967.30.3.466","1967-05","Journal of Neurophysiology"
"SEE3BXMX","preprint","Splitting physics-informed neural networks for inferring the dynamics of integer- and fractional-order neuron models",,"2023-04-25",
"KHNYEUZ8","journalArticle","The Effect of Layer Orientation on the Mechanical Properties and Microstructure of a Polymer","10.1007/s11665-010-9740-z","8/2011","Journal of Materials Engineering and Performance"
"VIIAEMK2","conferencePaper","Identification of human balance control in standing","10.1109/ICSMC.2004.1400711","2004-10",
"XM8NL7JU","journalArticle","Simulated Neural Dynamics Produces Adaptive Stepping and Stable Transitions in a Robotic Leg","10.1007/978-3-319-09435-9_15","2014-07-30",
"EMMZXU4C","journalArticle","Reinforcement Learning for a CPG-driven Biped Robot",,"2004",
"VHDW7SNE","journalArticle","Effect of chloroquine on cultured fibroblasts: release of lysosomal hydrolases and inhibition of their uptake","10.1016/0006-291x(75)90506-9","1975-10-27","Biochemical and Biophysical Research Communications"
"27NCM559","journalArticle","Modeling and control of McKibben artificial muscle robot actuators",,"2000","IEEE control systems"
"SXTEZYUU","journalArticle","Salamandra Robotica II: An Amphibious Robot to Study Salamander-Like Swimming and Walking Gaits","10.1109/TRO.2012.2234311","2013-04","IEEE Transactions on Robotics"
"H36WSIMI","journalArticle","AEGIS: A fabric-based exosuit for healthcare workers",,"2026",
"QMFBYN5K","journalArticle","Effect of stimulating the lumbar skin caudal to a complete spinal cord injury on hindlimb locomotion","10.1152/jn.00739.2014","2015-01-15","Journal of Neurophysiology"
"N63HA8YN","journalArticle","Modular organization of murine locomotor pattern in the presence and absence of sensory feedback from muscle spindles","10.1113/jp277515","2019","The Journal of Physiology"
"ZDEBS3TY","conferencePaper","Development of a suction cup with a disc spring","10.1109/ICRA.2013.6630748","May 2013",
"FWZ3BU82","journalArticle","Variable-mechanical-impedance artificial legs",,"2015-07-21",
"Y2YV8JDV","journalArticle","Understanding the evolution of the windlass mechanism of the human foot from comparative anatomy: Insights, obstacles, and future directions","10.1002/ajpa.22636","01/2015","American Journal of Physical Anthropology"
"R5WDXACQ","thesis","The Effect of Infill Parameters and Annealing on Mechanical Properties of Additively Manufactured Thermoplastic Composites",,,
"AMJD8U5L","journalArticle","Effect of infill pattern scaling on mechanical properties of FDM-printed PLA specimens","10.1007/s40964-023-00487-8","08/2024","Progress in Additive Manufacturing"
"8KJEHIIM","journalArticle","A critical review on 3D printed continuous fiber-reinforced composites: History, mechanism, materials and properties","10.1016/j.compstruct.2019.111476","01/2020","Composite Structures"
"J665FNFZ","conferencePaper","Bio-inspired optical flow circuits for the visual guidance of micro air vehicles","10.1109/ISCAS.2003.1205152","May 2003",
"RU2C5LYT","journalArticle","FDM 3D Printing of Polymers Containing Natural Fillers: A Review of their Mechanical Properties","10.3390/polym11071094","2019-06-28","Polymers"
"9JUL2IJC","webpage","Convolutional Neural Networks for Classifying Electronic Components in Industrial Applications",,,
"XU6P4DBP","preprint","Fourier Neural Operator for Parametric Partial Differential Equations",,"2021-05-16",
"HEWNKSEV","journalArticle","Multi-modal locomotion: from animal to application","10.1088/1748-3182/9/1/011001","2013-12","Bioinspiration & Biomimetics"
"2SZUIP68","journalArticle","What Happened at the DARPA Robotics Challenge, and Why?",,"2015",
"2I3WSMPV","conferencePaper","A neuromorphic controller for a robotic vehicle equipped with a dynamic vision sensor","10.15607/RSS.2017.XIII.035","2017-07-12",
"D7L95VYJ","journalArticle","Neural Control of Stereotypic Limb Movements","10.1002/cphy.cp120105","2011-01-01","Comprehensive Physiology"
"X8UMKFUW","attachment","chamr1.pdf",,,
"B8R7YVFX","journalArticle","Muscle Synergy Organization Is Robust Across a Variety of Postural Perturbations","10.1152/jn.00810.2005","2006/09/01","Journal of Neurophysiology"
"UWEWXEGG","journalArticle","Efficient cross-section preparation method for high-resolution imaging of hard polymer composites with a scanning electron microscope","10.1111/jmi.12273","2015","Journal of Microscopy"
"7KH5LDG7","preprint","Tensile Performance of Carbon Fibre-Reinforced 3d-Printed Polymers: Effect of Printing Parameters","10.2139/ssrn.5149615","2025",
"UR38P5VQ","standard","ASTM D638-14: Standard Test Method for Tensile Properties of Plastics.",,,
"Z77GX4ZD","journalArticle","Behavioral Motor Performance - Leib - 2024 - Comprehensive Physiology - Wiley Online Library",,,
"3NT3ITMN","webpage","Implications of Positive Feedback in the Control of Movement","10.1152/jn.1997.77.6.3237",,
"SU7A6DST","journalArticle","Review of mechanical properties of and optimisation methods for continuous fibre-reinforced thermoplastic parts manufactured by fused deposition modelling","10.1007/s40964-021-00187-1","12/2021","Progress in Additive Manufacturing"
"F68TJQQK","journalArticle","Biomechanical model of the human foot: Kinematics and kinetics during the stance phase of walking","10.1016/S0021-9290(05)80008-9","September 1, 1993","Journal of Biomechanics"
"2XVCTL9G","journalArticle","Quantitative Analysis of Feedback During Locomotion",,"2006-11-20",
"26EHYWLF","book","FE Reference Handbook",,"2020",
"2DP4CNRV","conferencePaper","Design and simulation of a cockroach-like hexapod robot","10.1109/ROBOT.1997.614284","1997-04",
"BBW4I5LA","journalArticle","Characterization of WT1-expressing interneurons and investigation of their role in locomotion","10.7939/r3-jt04-kz83","2019-01-01",
"JEZNRVTH","bookSection","Optimization Using Particle Swarms with Near Neighbor Interactions","10.1007/3-540-45105-6_10","2003",
"23G6BBPZ","journalArticle","The Effects of Spike Frequency Adaptation and Negative Feedback on the Synchronization of Neural Oscillators","10.1162/08997660152002861","2001-06-01","Neural Computation"
"4EE3F5D5","journalArticle","Improving the Impact Strength and Heat Resistance of 3D Printed Models: Structure, Property, and Processing Correlationships during Fused Deposition Modeling (FDM) of Poly(Lactic Acid)","10.1021/acsomega.8b00129","2018-04-30","ACS Omega"
"ZXNZ8ESI","journalArticle","Biologically inspired gait transition control for a quadruped walking robot","10.1007/s10514-015-9433-4","22 January 2015","Springer"
"4LQU67DB","preprint","Multi-segmented Adaptive Feet for Versatile Legged Locomotion in Natural Terrain",,"2023-02-08",
"56ZALA9U","bookSection","Using Two IMU Sensors to Simulate Lower Body Stance","10.1007/978-3-030-24741-6_33","2019",
"MAIJXHSE","journalArticle","Secondary endings of muscle spindles: Structure, reflex action, role in motor control and proprioception","10.1113/EP089826","2021","Experimental Physiology"
"Q9IT8SQI","journalArticle","Numerical Investigation of the Infill Rate upon Mechanical Proprieties of 3D-Printed Materials","10.3390/polym14102022","2022-05-16","Polymers"
"T6335A2Y","journalArticle","The stride cycle of the cat: the modelling of locomotion by computerized analysis of automatic recordings.",,"1983-06-30","Acta Physiologica Scandinavica"
"KXARE9B4","journalArticle","Vibration analysis of bio-inspired sandwich composite beam under rotating environment based on the Internet of Things technology","10.1080/15397734.2024.2323151","11/2024","Mechanics Based Design of Structures and Machines"
"XN4UF8EQ","journalArticle","Neural network as a function approximator and its application in solving differential equations","10.1007/s10483-019-2429-8","2/2019","Applied Mathematics and Mechanics"
"LFXMPDPT","journalArticle","Inhibitory interneurons within the deep dorsal horn integrate convergent sensory input to regulate motor performance","10.1101/2022.05.21.492933","2022-05-21",
"6FRVZKSV","journalArticle","Contributions of muscles to mediolateral ground reaction force over a range of walking speeds","10.1016/j.jbiomech.2012.06.037","09/2012","Journal of Biomechanics"
"MA8CHI2A","journalArticle","PSO-based single multiplicative neuron model for time series prediction","10.1016/j.eswa.2008.01.061","3/2009","Expert Systems with Applications"
"DQK3PCUQ","journalArticle","Training spiking neural networks using reinforcement learning",,"2020-05-12","arXiv:2005.05941 [cs, stat]"
"G9FM6W4M","conferencePaper","A rapidly reconfigurable robot for assistance in urban search and rescue","10.1109/IROS.2011.6095172","Sept 2011",
"7PJ2W8YW","journalArticle","Modelling genetic reorganization in the mouse spinal cord affecting leftΓÇôright coordination during locomotion","10.1113/jphysiol.2013.261115","2013-11-15","The Journal of Physiology"
"2GSJXD2P","journalArticle","Hypotheses of legged locomotion on land",,,
"JSVAKAMF","journalArticle","Simplified neuron model as a principal component analyzer",,,
"FL7ILGYA","journalArticle","Towards Bipedal Jogging as a Natural Result of Optimizing Walking Speed for Passively Compliant Three-Segmented Legs","10.1177/0278364908095843","2009-02-01","The International Journal of Robotics Research"
"96IIG3EC","journalArticle","The Importance of Body Stiffness in Undulatory Propulsion",,"1996","American Zoologist"
"68RASXWW","conferencePaper","MAV stability augmentation using weighted outputs from distributed hair sensor arrays","10.1109/ACC.2010.5531002","June 2010",
"LPXKWPKM","journalArticle","Fast Sigmoidal Networks via Spiking Neurons","10.1162/neco.1997.9.2.279","1997-02-01","Neural Computation"
"3MYW2BMF","journalArticle","Estimation of the regions of attraction for autonomous nonlinear systems","10.1177/0142331217752799","01/2019","Transactions of the Institute of Measurement and Control"
"GNDK5W78","journalArticle","Influence of dispersion states of carbon nanotubes on physical properties of epoxy nanocomposites","10.1016/j.carbon.2005.01.007","June 2005","Carbon"
"R9AH6U6G","attachment","Kawato - Internal models for motor control and trajectory planning.pdf",,,
"TBCYMMWD","journalArticle","Spiking Neural Networks: Principles and Challenges",,"2014","Computational Intelligence"
"4R9SXY6J","journalArticle","Vibration-Induced Changes in EMG During Human Locomotion","10.1152/jn.00863.2002","2003-03-01","Journal of Neurophysiology"
"MM8BX9WK","journalArticle","Analysis of polymer parts: buried problems","https://doi.org/10.1002/sia.6332","2017","Surface and Interface Analysis"
"6L544GVI","webpage","Understanding binary cross-entropy / log loss: a visual explanation",,"2022-07-10T20:04:00.723Z",
"WQAA4LSP","journalArticle","Sex comparison of extensibility, passive, and active stiffness of the knee flexors","10.1016/j.clinbiomech.2003.09.003","1/2004","Clinical Biomechanics"
"VSFHRN3X","book","Design and Analysis of Experiments",,"2001",
"3TUP42LM","journalArticle","Sensory Influences on Interlimb Coordination During Gait","10.1007/978-1-4419-9056-3_1","2004-01-01",
"SDHNRV7M","computerProgram","Robot-Control",,,
"34X4264E","journalArticle","Flexion-reflex of the limb, crossed extension-reflex, and reflex stepping and standing.","10.1113/jphysiol.1910.sp001362","1910-04-26","The Journal of Physiology"
"FZESHMHU","journalArticle","4D printing and annealing of PETG composites reinforced with short carbon fibers","10.1088/1402-4896/ad3b40","2024-05-01","Physica Scripta"
"VE2MALY4","conferencePaper","Flush Air Data Sensing for Soaring-Capable UAVs","10.2514/6.2013-1153","2013",
"PHXIFRCK","journalArticle","A Model of the Lower Limb for Analysis of Human Movement","10.1007/s10439-009-9852-5","2/2010","Annals of Biomedical Engineering"
"M87CDFNG","journalArticle","Pharmacological Activation and Modulation of the Central Pattern Generator for Locomotion in the Cat","10.1111/j.1749-6632.1998.tb09061.x","11/1998","Annals of the New York Academy of Sciences"
"76999UV5","conferencePaper","Gecko Inspired Surface Climbing Robots","10.1109/ROBIO.2004.1521817","August 2004",
"HB34VKQU","journalArticle","What Is Normal Femoral Head/Neck Anatomy? An Analysis of Radial CT Reconstructions in Adolescents","10.1007/s11999-013-3166-5","November 2013","Clinical Orthopaedics and Related Research"
"EL6E7HIS","journalArticle","Robust Region-of-Attraction Estimation","10.1109/TAC.2009.2033751","01/2010","IEEE Transactions on Automatic Control"
"ZGW8K2JP","journalArticle","Integrating Non-spiking Interneurons in Spiking Neural Networks","10.3389/fnins.2021.633945","2021-03-05","Frontiers in Neuroscience"
"XFYLXHZA","journalArticle","Flexural strengths of conventional and nanofilled fiber-reinforced composites: a three-point bending test","10.1111/edt.12055","02/2014","Dental Traumatology"
"VM4F52S8","journalArticle","A Simple Model of Vestibular Canal-Otolith Signal Fusion",,"1999","Annals of the New York Academy of Sciences"
"W3N4EZTR","journalArticle","Increasing Liquid State Machine Performance with Edge-of-Chaos Dynamics Organized by Astrocyte-modulated Plasticity",,,
"DIRRR5RI","journalArticle","ConvPDE-UQ: Convolutional neural networks with quantified uncertainty for heterogeneous elliptic partial differential equations on varied domains","10.1016/j.jcp.2019.05.026","10/2019","Journal of Computational Physics"
"T35R37AP","journalArticle","Controller design and experimental validation of walking for a musculoskeletal bipedal lower limb robot based on the spring-loaded inverted pendulum model","10.3389/frobt.2024.1449721","2024-11-05","Frontiers in Robotics and AI"
"MQRSQK4Y","journalArticle","Dynamic Locomotion Gaits of a Compliantly Actuated Quadruped With SLIP-Like Articulated Legs Embodied in the Mechanical Design","10.1109/LRA.2018.2857511","10/2018","IEEE Robotics and Automation Letters"
"3QCDH892","book","Control Engineering","10.1007/978-981-10-8297-9","2019",
"AX8XZ5SJ","journalArticle","Analysis of a Simplified Hopping Robot","10.1177/027836499101000601","DEC 1991","International Journal of Robotics Research"
"9ZMFMBQU","attachment","Ellerby1999_JEB_fish swimming patterns in muscle function.pdf",,,
"YUI7FG9N","journalArticle","B-PINNs: Bayesian physics-informed neural networks for forward and inverse PDE problems with noisy data","10.1016/j.jcp.2020.109913","01/2021","Journal of Computational Physics"
"495JRLTV","journalArticle","A Lyapunov-based Approach to Safe Reinforcement Learning",,"2018-05-20","arXiv:1805.07708 [cs, stat]"
"MY4HUBCR","attachment","tandf_tadr2022_1027.bib",,,
"22UKBU2N","journalArticle","Failure mechanics of fused filament fabricated nylon/carbon-reinforced composites","10.1007/s40964-024-00565-5","12/2024","Progress in Additive Manufacturing"
"TINXNGT9","journalArticle","The Human Central Pattern Generator for Locomotion: Does It Exist and Contribute to Walking?","10.1177/1073858417699790","2017-03-28","The Neuroscientist"
"S79U2Z7Z","thesis","Performance of TCP Congestion Control with Rate Feedback: TCP/ABR and Rate Adaptive TCP/IP",,"January 1999",
"FWFTKNBA","journalArticle","Sensory regulation of stance-to-swing transition in generation of adaptive human walking: A simulation study","10.1016/j.robot.2011.12.005","2012-05-01","Robotics and Autonomous Systems"
"43FIWMFJ","bookSection","Control of Mammalian Locomotion by Somatosensory Feedback","10.1002/cphy.c210020","2021",
"XDVYT5VC","note",,,,
"RN967SMS","note",,,,
"73MBN2HU","journalArticle","Biarticular Rigid Powered Lower Extremity Exoskeleton Robot","10.1109/LRA.2025.3614076","2025-11","IEEE Robotics and Automation Letters"
"KE8AJI2V","journalArticle","ETS gene Er81 controls the formation of functional connections between group Ia sensory afferents and motor neurons","10.1016/s0092-8674(00)80859-4","2000-05-26","Cell"
"HHA6QGY4","conferencePaper","Unstable states in four-legged locomotion","10.1109/IROS.1994.407480","1994",
"W5VZ8BK4","journalArticle","The Dynamics of Legged Locomotion: Models, Analyses, and Challenges","10.1137/S0036144504445133","01/2006","SIAM Review"
"2TK8GLJF","journalArticle","Human Lumbosacral Spinal Cord Interprets Loading During Stepping","10.1152/jn.1997.77.2.797","1997-02-01","Journal of Neurophysiology"
"V52MRAZT","attachment","Wakeling_CBP2001_biomechanics of fast-start swimming in fish.pdf",,,
"2Z4ZTAV6","journalArticle","LowΓÇÉpressure additive manufacturing of continuous fiberΓÇÉreinforced polymer composites","10.1002/pc.25294","11/2019","Polymer Composites"
"X86PZKV4","journalArticle","Deep learning for universal linear embeddings of nonlinear dynamics","10.1038/s41467-018-07210-0","12/2018","Nature Communications"
"E9SNASQL","webpage","The reliability and validity of the Q-angle: a systematic review. - PubMed - NCBI",,,
"TF57Z8T4","journalArticle","Training Deep Spiking Neural Networks Using Backpropagation","10.3389/fnins.2016.00508","2016-11-08","Frontiers in Neuroscience"
"MTYPN8MS","journalArticle","Biomechanical evaluation of human walking assisted by different knee exoskeleton configurations: a predictive simulation","10.1007/s11044-026-10169-2","2026-05-18","Multibody System Dynamics"
"B8MR3BGK","conferencePaper","Improved formulation of the IMU and MARG orientation gradient descent algorithm for motion tracking in human-machine interfaces","10.1109/MFI.2017.8170354","11/2017",
"YBT9NK6B","journalArticle","The effect of cross-section geometry on crushing behaviour of 3D printed continuous carbon fibre reinforced polyamide profiles","10.1016/j.compstruct.2021.114337","10/2021","Composite Structures"
"VI72DFFS","report","Synaptic wiring motifs in posterior parietal cortex support decision-making","10.1101/2022.04.13.488176","2022-04-14",
"673E9GJU","conferencePaper","Regulating speed and generating large speed transitions in a neuromuscular human walking model","10.1109/ICRA.2012.6225307","May 2012",
"KAHZCEFD","journalArticle","Advancing Neuromorphic Computing With Loihi: A Survey of Results and Outlook","10.1109/JPROC.2021.3067593","5/2021","Proceedings of the IEEE"
"5FLU885K","journalArticle","Minimal-calibration multimodal wearable sensing for long-duration three-dimensional shoulder kinematics","10.1038/s44460-026-00059-7","2026-04-06","Nature Sensors"
"U4W8VMTU","conferencePaper","Particle swarm optimization","10.1109/ICNN.1995.488968","1995-11",
"F44PA8YU","journalArticle","Materials Testing Standards for Additive Manufacturing of Polymer Materials","10.6028/NIST.IR.8059","May 2015","national institute of standards and technology"
"DA3KGWTI","journalArticle","Integrative pattern of Ia synaptic actions on motoneurones of hip and knee muscles.","10.1113/jphysiol.1958.sp006101","1958-12-04","The Journal of Physiology"
"EQNWLG9Y","webpage","Fact Sheets: Falls",,"16/1/2018",
"LGXLBXRP","journalArticle","Implementation of a Central Sensorimotor Integration Test for Characterization of Human Balance Control During Stance","10.3389/fneur.2018.01045","2018-12-13","Frontiers in Neurology"
"4PBWRPS2","journalArticle","Impedance Control: An Approach to Manipulation: Part IΓÇöTheory","10.1115/1.3140702","1985-03-01","Journal of Dynamic Systems, Measurement, and Control"
"WHYDAGGU","conferencePaper","Particle swarm optimization for hyper-parameter selection in deep neural networks","10.1145/3071178.3071208","07/2017",
"RIP4975M","journalArticle","Micro Air VehicleΓÇÖs Attitude Control Using Real-Time Pressure and Shear Information","10.2514/1.C032375","February 26, 2014","Journal of Aircraft"
"U2N64BC7","journalArticle","Healing of Thermoplastic Polymers at an Interface under Nonisothermal Conditions","10.1021/ma010858o","2002-04-01","Macromolecules"
"W2PABUBN","journalArticle",,,,
"SCBARYGV","attachment","New_Polymer_Research_Findings_.pdf",,,
"UQ7M6FTR","journalArticle","A Functional Subnetwork Approach to Designing Synthetic Nervous Systems That Control Legged Robot Locomotion.","10.3389/fnbot.2017.00037","2017-08-09","Frontiers in Neurorobotics"
"CDXMG44E","journalArticle","Regression and Classification Using Gaussian Process Priors",,,
"SNYID625","document","Spike Timing Dependent Plasticity Finds the Start of",,,
"NQPJZ9Z9","standard","Markforged MDS: Mark Two Gen 2 Rev 4.6",,,
"WCJUL74Z","journalArticle","Tensile properties, void contents, dispersion and fracture behaviour of 3D printed carbon nanofiber reinforced composites","10.1177/0731684417750477","2018","Journal of Reinforced Plastics and Composites"
"ZTFCJR4R","bookSection","Neuromechanical Circuits of the Spinal Motor Apparatus","10.1002/cphy.c240002","2024",
"5T6U4F3S","journalArticle","Quadrupedal galloping control for a wide range of speed via vertical impulse scaling","10.1088/1748-3190/10/2/025003","2015","Bioinspiration & Biomimetics"
"NHIFKZXY","journalArticle","Pyridoxine Treatment Alters Embryonic Motility in Chicks: Implications for the Role of Proprioception","10.1002/dev.21282","2015-3","Developmental psychobiology"
"U5H7HUP9","bookSection","Neuromechanical Simulation of an Inter-leg Controller for Tetrapod Coordination","10.1007/978-3-319-09435-9_13","2014/07/30",
"KXGGQXLJ","journalArticle","EC-YOLO: Effectual Detection Model for Steel Strip Surface Defects Based on YOLO-V5","10.1109/ACCESS.2024.3391353","2024","IEEE Access"
"A8II7VSV","journalArticle","The reuse of electronic components from waste printed circuit boards: a critical review","10.1039/d2va00266c","2023/02/06","Environmental Science Advances"
"QDY348SC","journalArticle","A Study of Applications of 3D printing technology and potential applications in the plastic thermoforming industry",,,
"KF6E9SYN","webpage","How Analog and Neuromorphic Chips Will Rule the Robotic Age",,"10/17/2016",
"VTLZKUFM","conferencePaper","Pressure Sensor-Controlled Prosthetic Socket for a Bio-Inspired Knee Joint","10.1109/ICARA64554.2025.10977611","2025-02",
"W3NSDVDS","journalArticle","Roll-Over Shapes of Musculoskeletal Biped Walker","10.1524/auto.2013.0001","2013-01-01","at - Automatisierungstechnik"
"75FFPE9X","journalArticle","Mechanics of slope walking in the cat: quantification of muscle load, length change, and ankle extensor EMG patterns.","10.1152/jn.01300.2004","2006-03-01","Journal of Neurophysiology"
"Z9FUEQV3","journalArticle","Fish swimming: patterns in muscle function","10.1242/jeb.202.23.3397","1999-12","The Journal of Experimental Biology"
"QNDR34FH","attachment","Paper club 17-06-26",,,
"2DLYGHBJ","conferencePaper","Integration of an adaptive swing control into a neuromuscular human walking model","10.1109/EMBC.2013.6610650","7/2013",
"9UGY7Z3Q","journalArticle","Playing Atari with Deep Reinforcement Learning",,"2013-12-19","arXiv:1312.5602 [cs]"
"QFLPHKNQ","bookSection","A Functional Subnetwork Approach to Multistate Central Pattern Generator Phase Difference Control","10.1007/978-3-031-20470-8_37","2022",
"8WEZ3WAW","journalArticle","Optimal Trajectory Planning of Manipulators With Collision Detection and Avoidance","10.1177/027836499201100503","October 1, 1992","The International Journal of Robotics Research"
"KBXV8NIB","journalArticle","The ΓÇ£echo stateΓÇ¥ approach to analysing and training recurrent neural networks ΓÇô with an Erratum note",,"2001",
"IHIS9GDK","journalArticle","Different Motor Neuron Spike Patterns Produce Contractions With Very Similar Rises in Graded Slow Muscles","10.1152/jn.01014.2006","2007-02","Journal of Neurophysiology"
"UY8CSTZG","journalArticle","Design of a Canine Inspired Quadruped Robot as a Platform for Synthetic Neural Network Control","10.1007/978-3-030-24741-6_20","07/06/2019","Biomimetic and Biohybrid Systems"
"FXYLIMHP","journalArticle","In mice lacking V2a interneurons, gait depends on speed of locomotion","10.1523/jneurosci.1206-09.2009","2009-05-27","The Journal of Neuroscience"
"XPM7Z3WM","conferencePaper","Gait transition by tuning muscle tones using pneumatic actuators in quadruped locomotion","10.1109/IROS.2008.4651230","09/2008",
"6H8QUQJ6","journalArticle","Artificial muscle technology: physical principles and naval prospects","10.1109/JOE.2004.833135","2004-07","IEEE Journal of Oceanic Engineering"
"2LCG7XS8","webpage","Defunct DOI",,,
"2NVY2YRJ","journalArticle","A Passive-Based Physical Bipedal Robot With a Dynamic and Energy-Efficient Gait on the Flat Ground","10.1109/TMECH.2016.2536757","August 2016","IEEE/ASME Transactions on Mechatronics"
"4Q73TZQZ","journalArticle","Computational modeling of brainstem circuits controlling locomotor frequency and gait","10.7554/eLife.43587","2019-01-21","eLife"
"D6NKQHYY","journalArticle","Effect of printing parameters on the hardness of 3D printed poly-lactic acid parts using DOE approach","10.1088/1757-899X/1248/1/012004","2022-07-01","IOP Conference Series: Materials Science and Engineering"
"PT8MHJC4","journalArticle","ATRIAS: Design and validation of a tether-free 3D-capable spring-mass bipedal robot","10.1177/0278364916648388","October 1, 2016","The International Journal of Robotics Research"
"VIUVNZ9D","journalArticle","Localization and organization of the central pattern generator for hindlimb locomotion in newborn rat","10.1523/jneurosci.15-07-04943.1995","1995-07-01","The Journal of Neuroscience"
"MKF3AHPD","journalArticle","On the organization of the locomotor CPG: insights from split-belt locomotion and mathematical modeling","10.1101/2020.07.17.205351","2020-07-18","bioRxiv"
"S7JBR9XP","journalArticle","Tensile and flexural behaviors of additively manufactured continuous carbon fiber-reinforced polymer composites","https://doi.org/10.1016/j.compstruct.2019.111147","2019","Composite Structures"
"PWG4WZFM","journalArticle","An Origami-Inspired Approach to Worm Robots","10.1109/TMECH.2012.2210239","2013-04","IEEE/ASME Transactions on Mechatronics"
"R4ACGA2Q","journalArticle","Fatigue Analysis of Printed Composites of Onyx and Kevlar","10.3390/jcs8010012","2023-12-29","Journal of Composites Science"
"4FGERWL9","thesis","Biomimetic Design and Construction of a Bipedal Walking Robot",,"2018",
"J5QDKL5K","journalArticle","Prosthetic, orthotic or exoskeleton device",,"2013-06-12",
"LCP5GKM7","conferencePaper","A Musculoskeletal Flexible-Spine Humanoid Kotaro Aiming at the Future in 15 Years Time","10.5772/4684","2006",
"552QD398","journalArticle","Responses to reward in monkey dorsal and ventral striatum","10.1007/BF00231732","1991","Experimental Brain Research"
"2GXF5Y27","journalArticle","Improvement in interfacial fracture toughness of multi-material additively manufactured composites through thermal annealing","10.1016/j.finmec.2021.100051","11/2021","Forces in Mechanics"
"M6YDS9IJ","journalArticle","Going Deeper in Spiking Neural Networks: VGG and Residual Architectures","10.3389/fnins.2019.00095","2019-3-7","Frontiers in Neuroscience"
"PQ5JGPTW","journalArticle","Mechanical effort predicts the selection of ankle over hip strategies in nonstepping postural responses","10.1152/jn.00127.2016","2016/10/01","Journal of Neurophysiology"
"RFHNC3C6","book","Annealing of Fused Filament Fabricated Nylon 6 with Elevated Isostatic Pressure",,"2019",
"M25BEU95","conferencePaper","Dopamine-Modulated Spiking Central Pattern Generators for Gait Selection in Quadruped Robots","10.1109/ICAR65334.2025.11338745","2025-12",
"W6VX9QKX","webpage","Homepage | Liquid Wire",,,
"PXU7K9JT","journalArticle","Modeling the Human Tibiofemoral Joint Using Ex Vivo Determined Compliance Matrices","10.1115/1.4033480","May 11 2016","Journal of Biomechanical Engineering"
"CG3AEUEI","journalArticle","Position-sensing technologies for movement analysis in stroke rehabilitation","10.1007/BF02344720","8/2005","Medical & Biological Engineering & Computing"
"9GDWMSFA","bookSection","A Neural Network with Central Pattern Generators Entrained by Sensory Feedback Controls Walking of a Bipedal Model","10.1007/978-3-319-42417-0_14","2016",
"42V8578E","journalArticle","Estimation of musculoskeletal models from in situ measurements of muscle action in the rat hindlimb","10.1242/jeb.049163","March 1, 2011","Journal of Experimental Biology"
"GF9NM3HX","attachment","2010.08895.pdf",,,
"WWZ3GNSE","journalArticle","Influence of Stance Width on Frontal Plane Postural Dynamics and Coordination in Human Balance Control","10.1152/jn.00916.2009","2010/08/01","Journal of Neurophysiology"
"KPIUT2XI","journalArticle","A neurological view on reactive human stance control","10.1016/j.arcontrol.2010.08.001","December 2010","Annual Reviews in Control"
"VJMD2LVG","journalArticle","Physics-based Deep Learning",,"2021-09-11","arXiv:2109.05237 [physics]"
"ZYREPRZE","journalArticle","3D-Printed Carbon Fiber Reinforced Polymer Composites: A Systematic Review","10.3390/jcs4030098","2020-07","Journal of Composites Science"
"R7CM72K8","journalArticle","On the Organization of the Locomotor CPG: Insights From Split-Belt Locomotion and Mathematical Modeling","10.3389/fnins.2020.598888","2020","Frontiers in Neuroscience"
"PSLZSNLV","journalArticle","Acrylonitrile Butadiene Styrene and Polypropylene Blend with Enhanced Thermal and Mechanical Properties for Fused Filament Fabrication","10.3390/ma12244167","2019-12-11","Materials"
"AKKYQSJN","journalArticle","Diversity of molecularly defined spinal interneurons engaged in mammalian locomotor pattern generation.","10.1152/jn.00322.2017","2017-12-01","Journal of Neurophysiology"
"YVJ2L74X","journalArticle","Wall-climbing robot for non-destructive evaluation using impact-echo and metric learning SVM","10.1007/s41315-017-0028-4","9/2017","International Journal of Intelligent Robotics and Applications"
"NMB4NHBI","journalArticle","Effect of Fibre Orientation on Novel Continuous 3D-Printed Fibre-Reinforced Composites","10.3390/polym13152524","2021-7-30","Polymers"
"8U6RNK8J","book","Neuroscience",,"2018",
"KXUFWA7P","journalArticle","Sub-populations of Spinal V3 Interneurons Form Focal Modules of Layered Pre-motor Microcircuits.","10.1016/j.celrep.2018.08.095","2018-10-02","Cell Reports"
"XZQRRCCQ","journalArticle","Design of silicon brains in the nano-CMOS era: Spiking neurons, learning synapses and neural architecture optimization","10.1016/j.neunet.2013.05.011","September 1, 2013","Neural Networks"
"9CU7DATF","journalArticle","Bat wing sensors support flight control","10.1073/pnas.1018740108","07/05/2011","Proceedings of the National Academy of Sciences"
"QNI7LXSU","journalArticle","Microchiropterans have a diminutive cerebral cortex, not an enlarged cerebellum, compared to megachiropterans and other mammals","10.1002/cne.24985","2020","Journal of Comparative Neurology"
"2RVH2GYH","attachment","eeum_di_dissertacao_pg16225.pdf",,,
"G4NX9VWK","journalArticle","Vibration receptive sensilla on the wing margins of the silkworm moth Bombyx mori","10.1016/j.jinsphys.2009.10.007","March 1, 2010","Journal of Insect Physiology"
"46F52XH7","journalArticle","A Classification Method for Electronic Components Based on Siamese Network","10.3390/s22176478","2022/1","Sensors"
"QIE4M6RL","journalArticle","Biorobotics: Using robots to emulate and investigate agile locomotion","10.1126/science.1254486","October 2014","Science"
"C82FHV3W","journalArticle","SEROTONIN MODULATES THE CENTRAL PATTERN GENERATOR FOR LOCOMOTION IN THE ISOLATED LAMPREY SPINAL CORD",,"1985","Journal of Experimental Biology"
"7V35NNXU","journalArticle","Basic limb kinematics of small therian mammals","10.1242/jeb.205.9.1315","2002-05-01","Journal of Experimental Biology"
"MELVI8WI","attachment","Full Text PDF",,,
"XX7QDWEX","journalArticle","Learning to Optimize Multigrid PDE Solvers",,,
"L8VSXGEL","journalArticle","Central pattern generator for swimming in <i>Melibe</i>","10.1242/jeb.01500","2005-04-01","Journal of Experimental Biology"
"BFNVW3GD","journalArticle","Neuromechanical tuning of nonlinear postural control dynamics","10.1063/1.3142245","06/2009","Chaos: An Interdisciplinary Journal of Nonlinear Science"
"FIN3YLAZ","journalArticle","Contribution of hind limb flexor muscle afferents to the timing of phase transitions in the cat step cycle","10.1152/jn.1996.75.3.1126","1996-03-01","Journal of Neurophysiology"
"I5ZE9U5T","journalArticle","Experimental Characterization and Control of Miniaturized Pneumatic Artificial Muscle","10.1115/1.4028420","2014-10-13","Journal of Medical Devices"
"8IJTBWKB","journalArticle","Stimulation of the Spinal Cord for the Control of Walking","10.1142/9789813207158_0025","2017-05-01",
"UNHHX2BX","bookSection","Biomechanics of Cartilage",,,
"3VZUXPG6","journalArticle","Performance enhancement of <span style=""font-variant:small-caps;"">3D</span> ΓÇÉprinted carbon fiberΓÇÉreinforced nylon 6 composites","10.1002/pc.28161","2024-04-20","Polymer Composites"
"W2K7LZAH","webpage","Journal of Applied Polymer Science | Wiley Online Library",,,
"XQVJS7N5","journalArticle","Effects of Annealing for Strength Enhancement of FDM 3D-Printed ABS Reinforced with Recycled Carbon Fiber","10.3390/polym15143110","2023-07-21","Polymers"
"I2C2EVTM","journalArticle","Capturability-based analysis and control of legged locomotion, Part 2: Application to M2V2, a lower-body humanoid","10.1177/0278364912452762","09/2012","The International Journal of Robotics Research"
"CXLMLQRR","journalArticle","Biarticulating two-dimensional computer model of the human patellofemoral joint","10.1016/0268-0033(95)00021-6","1996-03-01","Clinical Biomechanics"
"B9L3H2DD","journalArticle","Correlating molecular and crystallization dynamics to macroscopic fusion and thermodynamic stability in fused deposition modeling; a┬ámodel study on polylactides","10.1016/j.polymer.2018.03.063","2018-04-25","Polymer"
"8TLV8X6P","journalArticle","Kinematic and kinetic validity of the inverted pendulum model in quiet standing","10.1016/S0966-6362(03)00037-7","2004-04-01","Gait & Posture"
"9QXWRL3G","attachment","A limit-cycle self-organizing map architecture for stable arm control.pdf",,,
"AF7IIUK7","journalArticle","Impact of infill density on morphology and mechanical properties of 3D printed ABS/CF-ABS composites using design of experiments","10.1016/j.heliyon.2024.e29920","05/2024","Heliyon"
"23UT2RHD","journalArticle","Kinetic and temporospatial gait parameters in a heterogeneous group of dogs","10.1186/s12917-015-0631-2","2016-01-04","BMC Veterinary Research"
"59HJFWI3","journalArticle","Multisensory control of spinal reflex pathways.","10.1016/s0079-6123(08)60803-1","1979-01-01","Progress in Brain Research"
"KNKMIYG8","webpage","Foot - Extremity, Lower (Leg) CTs - embodi3D.com",,,
"U2AVMAG8","journalArticle","Spinal and supraspinal postural networks","10.1016/j.brainresrev.2007.06.017","2008-1","Brain research reviews"
"5G3SZVZ6","presentation","Torque Values About Artificial Knee Using Braided Pneumatic Actuators",,"2021, June 15-17",
"WMZEEQY3","journalArticle","Bioinspired 3D braided artificial ligament with human-like mechanical properties and self-healing capability","10.3389/fbioe.2025.1701754","2025-10-23","Frontiers in Bioengineering and Biotechnology"
"5MYEMJG5","webpage","A Brief Introduction to Computational Neuroscience Part 1",,,
"V7XSI9GT","journalArticle","hp-VPINNs: Variational physics-informed neural networks with domain decomposition","10.1016/j.cma.2020.113547","02/2021","Computer Methods in Applied Mechanics and Engineering"
"UB6RRGKN","journalArticle","Solving parametric PDE problems with artificial neural networks","10.1017/S0956792520000182","06/2021","European Journal of Applied Mathematics"
"5NE8AWH4","journalArticle","Strengthening of 3D Printed Fused Deposition Manufactured Parts Using the Fill Compositing Technique","10.1371/journal.pone.0122915","2015-04","PLOS ONE"
"58NRE4DE","conferencePaper","Modeling of Braided Pneumatic Actuators for Robotic Control",,"2001",
"WRR5JN7U","thesis","Emulating Balance Control Observed in Human Test Subjects with a Neural Network",,"July 2018",
"UHQLPGXJ","journalArticle","Three-dimensional walking of a simulated muscle-driven quadruped robot with neuromorphic two-level central pattern generators","10.1177/1729881419885288","2019-11-01","International Journal of Advanced Robotic Systems"
"5NUMF2MG","journalArticle","Intermittent control with ankle, hip, and mixed strategies during quiet standing: A theoretical proposal based on a double inverted pendulum model","10.1016/j.jtbi.2012.06.019","October 7, 2012","Journal of Theoretical Biology"
"9HFMIKJ2","journalArticle","Decentralized control of insect walking: A simple neural network explains a wide range of behavioral and neurophysiological results","10.1371/journal.pcbi.1007804","Apr 27, 2020","PLOS Computational Biology"
"TZTYKBD4","journalArticle","The attitude control of fixed-wing MAVS in turbulent environments","10.1016/j.paerosci.2013.12.003","April 1, 2014","Progress in Aerospace Sciences"
"VJM3EB85","journalArticle","Depression of muscle and cutaneous afferent-evoked monosynaptic field potentials during fictive locomotion in the cat.","10.1111/j.1469-7793.1999.00691.x","1999-12-01","The Journal of Physiology"
"NCVE7LR7","journalArticle","Control of locomotor cycle durations.","10.1152/jn.00991.2004","2005-03-30","Journal of Neurophysiology"
"LBBQLFTD","webpage","Coordination of fore and hind leg stepping in cats on a transversely-split treadmill. - Google Search",,,
"7IIREMY6","journalArticle","Influence of a Compatible Design on Physical Human-Robot Interaction Force: a Case Study of a Self-Adapting Lower-Limb Exoskeleton Mechanism","10.1007/s10846-019-01063-5","2020-05-01","Journal of Intelligent & Robotic Systems"
"KC3KYSE3","journalArticle","Providing a Basin of Attraction to a Target Region of Polynomial Systems by Computation of Lyapunov-Like Functions","10.1137/090749955","01/2010","SIAM Journal on Control and Optimization"
"986TWTY8","journalArticle","A CPG system based on spiking neurons for hexapod robot locomotion","10.1016/j.neucom.2015.03.090","December 25, 2015","Neurocomputing"
"66W9UATC","journalArticle","An overview of reservoir computing: theory, applications and implementations",,,
"M79RGHZV","conferencePaper","New approximation algorithm for the force of fluidic muscles",,"2012",
"IBKTT9TE","journalArticle","Competitive Hebbian learning through spike-timing-dependent synaptic plasticity","10.1038/78829","9/2000","Nature Neuroscience"
"3PAI4TTS","conferencePaper","Survey on Bioinspired Adhesive Methods and Design and Implementation of A Multi-Mode Biomimetic Wall-Climbing Robot","10.1109/AIM.2018.8452318","July 2018",
"QR2NEV49","attachment","1-s2.0-S0021929096001650-main.pdf",,,
"RF2HMNP6","journalArticle","A comprehensive review on fused deposition modelling of polylactic acid","10.1007/s40964-022-00356-w","2022-10-31","Progress in Additive Manufacturing"
"L42QF96A","journalArticle","Temporal information processing and memory guided behaviors with recurrent neural networks",,"2015-02-25",
"Q5S8L6RT","standard","ASTM D3039/3039M-08: Test Method for Tensile Properties of Polymer Matrix Composite Materials","10.1520/D3039_D3039M-08",,
"H2CPQT8Y","journalArticle","Emergent synchrony in locally coupled neural oscillators","10.1109/72.392256","7/1995","IEEE Transactions on Neural Networks"
"9NCVL4IQ","journalArticle","Convergence on Interneurones Mediating the Reciprocal Ia Inhibition of Motoneurones","10.1111/j.1748-1716.1976.tb10205.x","1976","Acta Physiologica Scandinavica"
"9ZL3S7N3","conferencePaper","Motion Control of a Robot Fish Based on CPG","10.1109/ICIT.2005.1600829","2005",
"52HHJWDF","journalArticle","Unsupervised Learning of a Hierarchical Spiking Neural Network for Optical Flow Estimation: From Events to Global Motion Perception","10.1109/TPAMI.2019.2903179","2020-08","IEEE Transactions on Pattern Analysis and Machine Intelligence"
"M4B3SUXH","webpage","Spinybot II: Climbing walls with microspines - YouTube",,,
"MY5G7QAY","journalArticle","Brainstem Circuits for Locomotion","10.1146/annurev-neuro-082321-025137","2022","Annual Review of Neuroscience"
"GET8KMVP","journalArticle","Ethical concerns in rescue robotics: a scoping review","10.1007/s10676-021-09603-0","2021-07-02","Ethics and Information Technology"
"BCWXW2JU","journalArticle","Peripheral and Central Control of Flexor Digitorum Longus and Flexor Hallucis Longus Motoneurons: The Synaptic Basis of Functional Diversity","10.1007/bf00235825","1984-01-01","Experimental Brain Research"
"WRG9JQAV","journalArticle","Additive manufacturing of carbon fiber-reinforced plastic composites using fused deposition modeling: Effects of process parameters on tensile properties","10.1177/0021998316646169","2017-02","Journal of Composite Materials"
"2ZDRU35U","journalArticle","Neuromorphic scaling advantages for energy-efficient random walk computations",,,
"FHNF7RS7","journalArticle","Effects of post-curing conditions on degree of conversion, microhardness, and stainability of 3D printed permanent resins","10.1186/s12903-025-05664-5","2025-02-26","BMC Oral Health"
"UBGJ4JTJ","journalArticle","Radiochemical assay of glutathione S-epoxide transferase and its enhancement by phenobarbital in rat liver in vivo","10.1016/0006-2952(75)90080-5","1975-09-01","Biochemical Pharmacology"
"B29WHTP4","journalArticle","Optimisation of Strength Properties of FDM Printed PartsΓÇöA Critical Review","10.3390/polym13101587","2021-05-14","Polymers"
"J9ATBGZU","attachment","Complete path planning og higher DOF manipulators in human like environments.pdf",,,
"TVWDL5JB","conferencePaper","NimbRo picking: Versatile part handling for warehouse automation","10.1109/ICRA.2017.7989348","2017-05",
"VZSPYBYV","journalArticle","3D printing with polymers: Challenges among expanding options and opportunities","https://doi.org/10.1016/j.dental.2015.09.018","2016","Dental Materials"
"WDIF7A6V","journalArticle","Metalearning: a survey of trends and technologies",,,
"UHP5SV72","conferencePaper","Design and control of a tunable compliance actuator","10.1007/978-3-319-09435-9_30","2014",
"XYHAJ8NL","journalArticle","Contact pressures in the human hip joint measured in vivo",,"May 1, 1986","Proceedings of the National Academy of Sciences"
"LDJ8SVZ4","journalArticle","Fundamental ratios and logarithmic periodicity in human limb bones","10.1111/joa.12041","2013-5","Journal of Anatomy"
"YYJPCRGE","journalArticle","Bio-Inspired Knee Joint: Trends in the Hardware Systems Development","10.3389/frobt.2021.613574","2021-09-01","Frontiers in Robotics and AI"
"WRSBFDPN","videoRecording","Kestrel Hovering and Hunting in Cornwall",,,
"I9KVUWFU","journalArticle","A Meta-learning Approach to Reservoir Computing: Time Series Prediction with Limited Data",,"2021-10-07","arXiv:2110.03722 [cs]"
"I6H99TEL","journalArticle","Online reservoir adaptation by intrinsic plasticity for backpropagationΓÇôdecorrelation and echo state learning","10.1016/j.neunet.2007.04.011","4/2007","Neural Networks"
"6DH3IZKQ","journalArticle","From Adaptive Locomotion to Predictive Action Selection ΓÇô Cognitive Control for a Six-Legged Walker","10.1109/TRO.2021.3106832","2022-04","IEEE Transactions on Robotics"
"E8TWECEU","journalArticle","Contribution of Force Feedback to Ankle Extensor Activity in Decerebrate Walking Cats","10.1152/jn.00325.2004","2004-10-01","Journal of Neurophysiology"
"KZ5EB3IP","journalArticle","Coding Efficiency of Fly Motion Processing Is Set by Firing Rate, Not Firing Precision","10.1371/journal.pcbi.1000860","Jul 22, 2010","PLOS Computational Biology"
"IFRZL7IT","journalArticle","Trust Region Method for Coupled Systems of PDE Solvers and Deep Neural Networks",,"2021-05-16","arXiv:2105.07552 [cs, math]"
"75GBUT75","conferencePaper","Regulating speed and generating large speed transitions in a neuromuscular human walking model","10.1109/ICRA.2012.6225307","May 2012",
"XREDUR5F","journalArticle","Ankle Extensor EMG Patterns Quantification of Muscle Load, Length Change, and Mechanics of Slope Walking in the Cat:",,"2015-01-01",
"CD5A76BT","journalArticle","Neural substrates involved in the control of posture","10.1080/01691864.2016.1252690","January 2017","Advanced Robotics"
"TTYYDHUQ","journalArticle","Stability of electrical properties of carbon black-filled rubbers","https://doi.org/10.1002/app.29828","2009","Journal of Applied Polymer Science"
"UJCGFXJP","journalArticle","Stiffness and Damping in Postural Control Increase with Age","10.1109/TBME.2009.2031874","2010-2","IEEE transactions on bio-medical engineering"
"ZCD2EMHX","conferencePaper","Towards online trajectory generation considering robot dynamics and torque limits","10.1109/IROS.2013.6697174","November 2013",
"B9LI32NQ","webpage","Defect detection in high-resolution imagery using two-stage Amazon Rekognition Custom Labels models | Artificial Intelligence",,"2023-10-19T10:00:36-08:00",
"6W6MGNBW","journalArticle","The tri-segmented limbs of therian mammals: kinematics, dynamics, and self-stabilizationΓÇöa review","10.1002/jez.a","2006","Journal of Experimental Zoology Part A: Comparative Experimental Biology"
"7X5RALF5","webpage","Ratio of Shear to Load Ground-Reaction Force May Underlie the Directional Tuning of the Automatic Postural Response to Rotation and Translation","10.1152/jn.00773.2003",,
"U4KJ4GZW","journalArticle","Parallel Compliance Design for Increasing Robustness and Efficiency in Legged LocomotionΓÇöProof of Concept","10.1109/TMECH.2019.2917416","8/2019","IEEE/ASME Transactions on Mechatronics"
"9UVJ3EZG","conferencePaper","Which model to use for the Liquid State Machine?","10.1109/IJCNN.2009.5178822","06/2009",
"EP9IYVML","journalArticle","Numerical Investigation of the Elastic Properties of Polypropylene/Ultra High Molecular Weight Polyethylene Fiber inside a Composite Material Based on Its Aspect Ratio and Volume Fraction","10.3390/polym14224851","2022-11-10","Polymers"
"Z9U7M3GM","attachment","Convergence_Properties_Of_The_BFGS_Algorithm.pdf",,,
"2PHAGADG","attachment","Micklem_IROS_2026",,,
"6NRA2YRK","journalArticle","Effect of Annealing Time on FFF-Manufactured PA6 Composites","10.3390/app16083791","2026-04-13","Applied Sciences"
"Y4EWUPMI","journalArticle","Meta-Learning with Latent Embedding Optimization",,"2019-03-26","arXiv:1807.05960 [cs, stat]"
"JXU7PRVQ","conferencePaper","Fatigue characteristics of McKibben artificial muscle actuators",,"1998",
"HVQJW5JQ","book","System Identification for Self Adaptive Control Systems",,"January 1, 1970",
"FZPXUUER","journalArticle","Newly discovered early Archean (3.4ΓÇô3.5 Ga Old) microorganisms from the Warrawoona Group of Western Australia","10.1007/BF02422059","1986-09-01","Origins of life and evolution of the biosphere"
"FABKCHXW","thesis","A model of muscle-tendon function in human walking",,"2012",
"4CN74QWC","journalArticle","Models of Postural Control: Shared Variance in Joint and COM Motions","10.1371/journal.pone.0126379","May 14, 2015","PLOS ONE"
"EIX2APDU","journalArticle","Conductive carbon black-filled polymethacrylate composites as gas sensing materials: Effect of glass transition temperature","10.1016/j.tsf.2008.06.003","2008-09-01","Thin Solid Films"
"7XD6Y9PU","journalArticle","A critical window for cooperation and competition among developing retinotectal synapses","10.1038/25665","1998-09","Nature"
"LBPJTTNF","attachment","polymers-13-01644.pdf",,,
"EA4G9YF5","webpage","Review of snake robots in constrained environments - ScienceDirect",,,
"4I7NXP62","journalArticle","4D printing and annealing of PETG composites reinforced with short carbon fibers","10.1088/1402-4896/ad3b40","2024-05-01","Physica Scripta"
"GYSCGJMZ","conferencePaper","Technologies for distributed flight control systems: A review","10.1109/MIPRO.2015.7160432","May 2015",
"NGFE7EVM","attachment","Hebb_1949_The_Organization_of_Behavior.pdf",,,
"3FV423KG","journalArticle","Cockroach Milli-Robot With Improved Load Capacity","10.1115/1.4042626","2019-04-08","Journal of Mechanisms and Robotics"
"66ZRWGCC","webpage","(PDF) A Review of the Integrate-and-fire Neuron Model: I. Homogeneous Synaptic Input",,,
"DZAQH9QU","webpage","Alexandr Mikhailovich Lyapunov, thesis on the stability of motion (1892) - ScienceDirect",,,
"LP2X9TP9","journalArticle","Wing tucks are a response to atmospheric turbulence in the soaring flight of the steppe eagle Aquila nipalensis","10.1098/rsif.2014.0645","December 6, 2014","Journal of the Royal Society, Interface / the Royal Society"
"RHHM377J","journalArticle","Synchronization dynamics of two coupled neural oscillators receiving shared and unshared noisy stimuli","10.1007/s10827-008-0120-8","6/2009","Journal of Computational Neuroscience"
"9S3NLRTQ","journalArticle","Backpropagation through time: what it does and how to do it","10.1109/5.58337","Oct./1990","Proceedings of the IEEE"
"YMIYPPN5","journalArticle","Legged Robot with Tensegrity Feature Bionic Knee Joint","10.1002/advs.202411351","2025","Advanced Science"
"4KTH6LZ2","journalArticle","Afferent control of locomotor CPG: insights from a simple neuromechanical model: Afferent control of locomotor CPG","10.1111/j.1749-6632.2010.05435.x","06/2010","Annals of the New York Academy of Sciences"
"MEQSRNRB","journalArticle","Contribution of printing parameters to the interfacial strength of polylactic acid (PLA) in material extrusion additive manufacturing","10.1007/s40964-018-0041-7","2018","Progress in additive manufacturing"
"SUV9DRY8","bookSection","Starleth: a compliant quadrupedal robot for fast, efficient, and versatile locomotion","10.1142/9789814415958_0062","2012-05-15",
"V7LIECKI","journalArticle","An electronic implementation for MorrisΓÇôLecar neuron model","10.1007/s11071-016-2647-y","6/2016","Nonlinear Dynamics"
"8FX97QLE","journalArticle","Deep learning in spiking neural networks","10.1016/j.neunet.2018.12.002","03/2019","Neural Networks"
"WHM4XIR8","journalArticle","Load sensing and control of posture and locomotion","10.1016/j.asd.2004.05.005","2004-07-01","Arthropod Structure & Development"
"KVQ92AGS","journalArticle","Stimulus-Dependent Changes in the Vestibular Contribution to Human Postural Control","10.1152/jn.00856.2004","2006/05/01","Journal of Neurophysiology"
"84UFP963","journalArticle","Change in fiber properties due to the heat treatment of nylon 6 tire cords","10.10002/app.27941","17 March 2008","Journal of Applied Polymer Science"
"V6LMHPVM","presentation","The Neuroscience Club at Portland State University: Fostering engagement and collaboration in neuroscience education and outreach",,"2023, November 11",
"JZXR65RH","conferencePaper","Safe Reinforcement Learning With Model Uncertainty Estimates","10.1109/ICRA.2019.8793611","5/2019",
"RM5QF955","journalArticle","Electronic waste and their leachates impact on human health and environment: Global ecological threat and management","10.1016/j.eti.2021.102049","2021-11-01","Environmental Technology & Innovation"
"HNBVIKBL","journalArticle","Neural-Network-Based Flush Air Data Sensing System Demonstrated on a Mini Air Vehicle","10.2514/1.44157","2010","Journal of Aircraft"
"U8GLPGHD","journalArticle","Weighted Essentially Non-oscillatory Schemes","10.1006/jcph.1994.1187","11/1994","Journal of Computational Physics"
"S566ZZHP","journalArticle","Central pattern generators for bipedal locomotion","10.1007/s00285-006-0021-2","29 May 2006","Springer"
"QC7A4AFZ","journalArticle","A comparative review of artificial muscles for microsystem applications","10.1038/s41378-021-00323-5","2021-11-23","Microsystems & Nanoengineering"
"E5IQN899","journalArticle","Chapter 10--a hierarchical perspective on rhythm generation for locomotor control.","10.1016/b978-0-444-53825-3.00015-2","2011-01-01","Progress in Brain Research"
"HWSQ7EVS","journalArticle","Robotic investigation on effect of stretch reflex and crossed inhibitory response on bipedal hopping","10.1098/rsif.2018.0024","March 31, 2018","Journal of The Royal Society Interface"
"FUMHKUSX","journalArticle","Computer vision algorithms on reconfigurable logic arrays","10.1109/71.744833","January 1999","IEEE Transactions on Parallel and Distributed Systems"
"X3IAZ2QJ","attachment","How to Read a Paper.pdf",,,
"4H2HWPQU","journalArticle","How Do We Approach the Locomotor Network in the Mammalian Spinal Cord?a","10.1111/j.1749-6632.1998.tb09039.x","1998-11-01","Annals of the New York Academy of Sciences"
"Y4VTSMH4","journalArticle","A quasi-linear viscoelastic model for the passive properties of the human hip joint","10.1142/S0219519412004454","March 2012","Journal of Mechanics in Medicine and Biology"
"LSTWHRKA","journalArticle","Deep learning","10.1038/nature14539","2015-05-28","Nature"
"TQNEH2NM","conferencePaper","Stability and performance of the compliance controller of the quadruped robot HyQ","10.1109/IROS.2013.6696541","November 2013",
"849W9DPZ","journalArticle","Sensory reweighting dynamics following removal and addition of visual and proprioceptive cues","10.1152/jn.01145.2015","2016/08/01","Journal of Neurophysiology"
"QKKUNUL6","conferencePaper","Reinforcement co-Learning of Deep and Spiking Neural Networks for Energy-Efficient Mapless Navigation with Neuromorphic Hardware","10.1109/IROS45743.2020.9340948","2020-10",
"KCN2ER23","conferencePaper","Technologies for distributed flight control systems: A review","10.1109/MIPRO.2015.7160432","May 2015",
"DV3HNYVZ","journalArticle","Range of motion measurements - Reference values and a database for comparison studies","10.1111/j.1365-2516.2010.02399.x","05/2011","Haemophilia"
"NU75BEIA","journalArticle","Delineating the Diversity of Spinal Interneurons in Locomotor Circuits","10.1523/JNEUROSCI.1829-17.2017","2017-11-08","The Journal of Neuroscience"
"83EAB6WS","webpage","Additive Manufacturing Technologies: 3D Printing, Rapid Prototyping, and Direct Digital Manufacturing | SpringerLink",,,
"FKTVJRRD","conferencePaper","Method for Considering the Real Area Moment of Inertia in Bending Tests of Extruded PLA Parts with Different Infill Percentages","10.26678/ABCM.COBEM2019.COB2019-1950","2019",
"85Q54ITP","journalArticle","Human postural sway results from frequent, ballistic bias impulses by soleus and gastrocnemius","10.1113/jphysiol.2004.076307","April 1, 2005","The Journal of Physiology"
"2SD6WD32","journalArticle","Dynamic Reorganization of Neuronal Activity Patterns in Parietal Cortex","10.1016/j.cell.2017.07.021","08/2017","Cell"
"I3DHXG6S","journalArticle","Synthesis of Feedback Controller for Nonlinear Control Systems with Optimal Region of Attraction",,"2020-04-26","arXiv:1911.03870 [cs, eess, math]"
"EFRY6KCZ","journalArticle","Shared reflex pathways from Ib tendon organ afferents and Ia muscle spindle afferents in the cat.","10.1113/jphysiol.1983.sp014663","1983-05-01","The Journal of Physiology"
"Q73X28TW","journalArticle","Geometric Design of Linkages","10.1007/978-1-4419-7892-9_2","2011","Interdisciplinary Applied Mathematics"
"LDC6YLHH","journalArticle","Neuromorphic scaling advantages for energy-efficient random walk computations","https://doi.org/10.1038/s41928-021-00705-7","02/14/2022","Nature Electronics"
"YQMESCW2","webpage","(PDF) Review of alginate-based composites for 3D printing material",,,
"2M7T3EHE","journalArticle","Design of a Quadruped Robot Driven by Air Muscles","10.1109/BIOROB.2006.1639201","2006","The First IEEE/RAS-EMBS International Conference on Biomedical Robotics and Biomechatronics"
"V8IM9FFD","book","Daves Ankle 2 - Extremity, Lower (Leg) CTs - embodi3D.com",,,
"4ZNXTMRP","bookSection","Chapter 51 - Alexandr Mikhailovich Lyapunov, thesis on the stability of motion (1892)",,"2005",
"KHAL9ZUX","conferencePaper","Perching and vertical climbing: Design of a multimodal robot","10.1109/ICRA.2014.6907472","2014-05",
"UH47D5F3","journalArticle","Multistate network model for the pathfinding problem with a self-recovery property","10.1016/j.neunet.2014.08.008","02/2015","Neural Networks"
"UQ998SEV","journalArticle","Low Impedance Walking Robots","10.1093/icb/42.1.174","2002","Oxford Journals"
"8LZN872I","journalArticle","Slack-based tunable damping leads to a trade-off between robustness and efficiency in legged locomotion","10.1038/s41598-023-30318-3","2023-02-25","Scientific Reports"
"INYJVQYV","journalArticle","Positive force feedback in bouncing gaits?","10.1098/rspb.2003.2454","2003-10-22","Proceedings of the Royal Society of London. Series B: Biological Sciences"
"TEDKC7U8","book","Psychology, Fourth Edition",,"1995",
"AJS9GUJJ","journalArticle","Differential origin of reticulospinal drive to motoneurons innervating trunk and hindlimb muscles in the mouse revealed by optical recording","10.1113/jphysiol.2008.158105","2008-11-01","The Journal of Physiology"
"TW6YYI6I","journalArticle","A review on machinability of carbon fiber reinforced polymer (CFRP) and glass fiber reinforced polymer (GFRP) composite materials","10.1016/j.dt.2018.02.001","08/2018","Defence Technology"
"PVVTC9U4","conferencePaper","Active disturbance rejection control for human postural sway",,"2011",
"9QWQ3RTI","journalArticle","Bioinspired morphing wings for extended flight envelope and roll control of small drones","10.1098/rsfs.2016.0092","2017/02/06","Interface Focus"
"SI4EIPMK","journalArticle","Biomechanics of knee joint ΓÇö A review","10.1007/s11465-014-0306-x","July 2015","Frontiers of Mechanical Engineering"
"5H2UIDEI","conferencePaper","On the Necessity of Real-Time Principles in GPU-Driven Autonomous Robots","10.1109/ICRA55743.2025.11128627","2025-09-05",
"VHYJ2V4L","journalArticle","A Dynamic Neural Network Designed Using Analytical Methods Produces Dynamic Control Properties Similar to an Analogous Classical Controller","10.1109/lcsys.2018.2871126","2019-04-01",
"H26BIPVG","journalArticle","Adjustments to McConville et al. and Young et al. body segment inertial parameters","10.1016/j.jbiomech.2006.02.013","1/2007","Journal of Biomechanics"
"KS9QTJNG","journalArticle","A Review on Techniques and Biomaterials Used in 3D Bioprinting","10.7759/cureus.28463","2022-8-27","Cureus"
"MQW47WZ5","journalArticle","Flat Dry Elastomer Adhesives as Attachment Materials for Climbing Robots","10.1109/TRO.2009.2033628","February 2010","IEEE Transactions on Robotics"
"J9L25DZ5","journalArticle","Muscle power production during intermittent swimming in bluegill sunfish","10.1002/jez.2751","12/2023","Journal of Experimental Zoology Part A: Ecological and Integrative Physiology"
"X6WWDU6W","journalArticle","Neural control of rhythmic limb motion is shaped by size and speed","10.21203/rs.3.rs-153297/v1","2021",
"T74ZYLC2","conferencePaper","Microscopic Evaluation of Temperature Effects on Gelatin Support Bath for 3D Bioprinting","10.1093/mam/ozaf048.982","2025-07-01",
"9MZME638","videoRecording","RADHESIVE: X-RAY MARKER WASHABLE ADHESIVE",,,
"RGQ7BMBT","attachment","Prospectus_Defense.pdf",,,
"HFR2RZ9X","webpage","Multipurpose Neoprene Rubber (Used for Outside)",,,
"SUQL4PPP","journalArticle","Normal biomechanics of the foot and ankle",,"1985","The Journal of Orthopaedic and Sports Physical Therapy"
"8AAWSCI3","journalArticle","The StructureΓÇôProperty Correlations in Dry Gelatin Adhesive Films","10.1002/adem.202000716","01/2021","Advanced Engineering Materials"
"UA7H6H7T","journalArticle","Subthreshold dynamics of the neural membrane potential driven by stochastic synaptic input","10.1103/PhysRevE.66.021909","2002-08","Physical Review. E, Statistical, Nonlinear, and Soft Matter Physics"
"6WN8J5VM","book","Swarm Intelligence",,"2001-04-11",
"LFU86QXC","journalArticle","From neuron to behavior: dynamic equation-based prediction of biological processes in motor control.","10.1007/s00422-011-0446-6","July 2011","Biological cybernetics"
"WELKHBP3","journalArticle","Tunable stiffness in fish robotics: mechanisms and advantages","10.1088/1748-3190/ac3ca5","2022-01-01","Bioinspiration & Biomimetics"
"4D6BZF2H","journalArticle","Advancing the Capability of Additively Manufactured Continuous Fibre-Reinforced Polymers for Structural Applications: The Effect of Nitrogen-Purging and Post-Annealing on the Tensile Performance","10.3390/polym17172314","2025-08-27","Polymers"
"SF7LS7GV","journalArticle","Increased fracture toughness of additively manufactured semi-crystalline thermoplastics via thermal annealing",,"2020",
"886NZTIX","journalArticle","Annealing effect on crystalline structure and mechanical properties in long glass fiber reinforced polyamide 66","https://doi.org/10.1002/app.44832","2017","Journal of Applied Polymer Science"
"VYJJ6LZP","journalArticle","Optimized Particle Swarm Optimization (OPSO) and its application to artificial neural network training","10.1186/1471-2105-7-125","2006-03-10","BMC Bioinformatics"
"J99CCAGA","journalArticle","An optimal state estimation model of sensory integration in human postural balance","10.1088/1741-2560/2/3/S07","2005","Journal of Neural Engineering"
"X6AYLUAA","journalArticle","Cat Hindlimb Motoneurons During Locomotion. 11. Normal Activity Patterns",,,
"JB4DFJEU","journalArticle","TWITCH PARAMETERS IN TRANSVERSAL AND LONGITUDINAL BICEPS BRACHII RESPONSE",,"2010","Annales Kinesiologiae"
"MYVXXKDR","journalArticle","Intrinsic function of a neuronal network ΓÇö a vertebrate central pattern generator","10.1016/S0165-0173(98)00002-2","05/1998","Brain Research Reviews"
"7JT2DYJW","conferencePaper","Adding Proprioceptive Feedback to Virtual Reality Experiences Using Galvanic Vestibular Stimulation","10.1145/3290605.3300905","2019-05-02",
"DDGMK8SB","conferencePaper","Virtual model control of a bipedal walking robot","10.1109/ROBOT.1997.620037","April 1997",
"JSZVBY2R","journalArticle","A Passive-Based Physical Bipedal Robot With a Dynamic and Energy-Efficient Gait on the Flat Ground","10.1109/TMECH.2016.2536757","August 2016","IEEE/ASME Transactions on Mechatronics"
"VD77YJ6P","journalArticle","The role of Renshaw cells in locomotion: antagonism of their excitation from motor axon collaterals with intravenous mecamylamine","10.1007/bf00236206","1987-03-01","Experimental Brain Research"
"EJU3NLHG","journalArticle","Long-Duration Surface Anchoring With a Hybrid Electrostatic and Gecko-Inspired Adhesive","10.1109/LRA.2018.2856366","October 2018","IEEE Robotics and Automation Letters"
"UIBVN8EH","presentation","A Functional Subnetwork Approach to Multistate Central Pattern Generator Phase Difference Control",,"06/15/2022",
"UJZQ4LAY","journalArticle","Low-threshold, short-latency cutaneous reflexes during fictive locomotion in the ""semi-chronic"" spinal cat.","10.1007/bf00231657","1992-01-01","Experimental Brain Research"
"U665C35B","journalArticle","The role of the motor cortex in the control of accuracy of locomotor movements in the cat.","10.1113/jphysiol.1993.sp019498","1993-02-01","The Journal of Physiology"
"7LA6HP5W","journalArticle","Dependence of the glass transition temperature on heating and cooling rate","10.1021/j100619a008","12/1974","The Journal of Physical Chemistry"
"SPKNBUTB","journalArticle","Semi-supervised Learning of Partial Differential Operators and Dynamical Flows",,,
"WB3B3QER","journalArticle","DGM: A deep learning algorithm for solving partial differential equations","10.1016/j.jcp.2018.08.029","12/2018","Journal of Computational Physics"
"XRNWLLJZ","journalArticle","Frequency-dependent recruitment of V2a interneurons during fictive locomotion in the mouse spinal cord","10.1038/ncomms1276","2011-04-12","Nature Communications"
"HJUJWYY5","journalArticle","Regions of Attraction Approximation Using Individual Invariance",,"2018-06-11","arXiv:1806.04183 [cs, eess]"
"S8PMSBTA","journalArticle","Evaluation of compressive and flexural properties of continuous fiber fabrication additive manufacturing technology","10.1016/j.addma.2018.05.007","08/2018","Additive Manufacturing"
"Z65RBUPS","attachment","Encoding of Muscle Contractile Tension by golgi tendon organs",,,
"NXW4NR4B","journalArticle","3D bioprinting of collagen to rebuild components of the human heart","10.1126/science.aav9051","2019-08-02","Science"
"75NLNY44","journalArticle","Efficient Structure-Based Models for the McKibben Contraction Pneumatic Muscle Actuator: The Full Description of the Behaviour of the Contraction PMA","10.3390/act6040032","2017-10-27","Actuators"
"KGCFYAIB","journalArticle","A neural network with central pattern generators entrained by sensory feedback controls walking of a bipedal model","10.1088/1748-3190/aa8290","2017-10","Bioinspiration & Biomimetics"
"IZ9UZZ64","journalArticle","Supersizing Self-supervision: Learning to Grasp from 50K Tries and 700 Robot Hours",,"2015-09-22","arXiv:1509.06825 [cs]"
"AS94RW7D","journalArticle","Long-term depression in the CNS","10.1038/nrn2867","2010-07","Nature Reviews. Neuroscience"
"KS5RGQS5","journalArticle","Pneumatic artificial muscles: A switching Model Predictive Control approach","10.1016/j.conengprac.2013.09.003","December 2013","Control Engineering Practice"
"YQ3RGGL3","journalArticle","Hierarchically Structured Meta-learning",,,
"N7GACKGX","journalArticle","Symposia and Oral Abstracts","10.1093/icb/icab001","2021-03-01","Integrative and Comparative Biology"
"X6YZ8CZQ","journalArticle","Effect of dissolution-based recycling on the degradation and the mechanical properties of acrylonitrileΓÇôbutadieneΓÇôstyrene copolymer","10.1016/j.polymdegradstab.2006.03.019","11/2006","Polymer Degradation and Stability"
"U73IYP4I","journalArticle","Nitride-Based Materials for Flexible MEMS Tactile and Flow Sensors in Robotics","10.3390/s17051080","2017-05-10","Sensors"
"RBVQ5K78","conferencePaper","Transforming Insect Electromyograms into Pneumatic Muscle Control",,"9/14/2006",
"PYUA7WK4","book","Laser Assisted Microtechnology",,"1998",
"V4GELJ9X","journalArticle","The Effect of Foot Structure and Range of Motion on Musculoskeletal                     Overuse Injuries","10.1177/03635465990270050701","September 1, 1999","The American Journal of Sports Medicine"
"X8R4I8A7","journalArticle","A Functional Subnetwork Approach to Designing Synthetic Nervous Systems That Control Legged Robot Locomotion","10.3389/fnbot.2017.00037","2017-8-09","Frontiers in Neurorobotics"
"UUIKHQTR","journalArticle","An improved muscle-reflex actuator for use in large-scale neuromusculoskeletal models","10.1007/BF02584437","1995-07-01","Annals of Biomedical Engineering"
"82LQVC5R","standard","International Organization for Standardization. ISO 178:2019 ΓÇö Plastics ΓÇö Determination of flexural properties",,,
"2SB9VCCN","journalArticle","Quantitative aspects of normal locomotion in rats","10.1016/0024-3205(79)90389-8","1979-07-09","Life Sciences"
"XHLCB82N","journalArticle","Hip proprioceptors preferentially modulate reflexes of the leg in human spinal cord injury","10.1152/jn.00261.2012","2013-07-15","Journal of Neurophysiology"
"PMTN2PKG","journalArticle","Uncovering Insect Stickiness: Structure and Properties of Hairy Attachment Devices","10.1093/ae/51.1.31","2005-01-01","American Entomologist"
"6V2D92BV","journalArticle","Real-time Flexible Strain Sensors as Artificial Muscle Afferents for Biomimetic Robotics",,,
"Z9A73NYU","conferencePaper","A study of function of foot's medial longitudinal arch using biped humanoid robot","10.1109/IROS.2010.5650414","October 2010",
"EUUB4I5F","webpage","Atlas Gets a Grip | Boston Dynamics",,,
"TBFUE7P5","journalArticle","The pyloric central pattern generator in Crustacea: a set of conditional neuronal oscillators","10.1007/BF00604049","1988","Journal of Comparative Physiology A"
"BPBJFAII","book","Principles of animal locomotion",,"2006",
"CWLM6K7Q","journalArticle","Investigating the Flexural Properties of 3D-Printed Nylon CF12 with Respect to the Correlation Between Loading and Layering Directions","10.3390/polym17060788","2025-03-16","Polymers"
"DIBA8DE5","webpage","Binder jet 3D printing ΓÇô Process parameters, materials, properties, and challenges | Request PDF",,,
"ELSPSACL","journalArticle","Characterization of Chopped Carbon Fiber Reinforced Composites Produced Using Fused Deposition Modeling","10.1093/mam/ozae044.630","2024-07-24","Microscopy and Microanalysis"
"SZIGW4LW","journalArticle","Optimal energy density piezoelectric bending actuators","10.1016/j.sna.2004.10.024","2005-04-13","Sensors and Actuators A: Physical"
"G444C83F","journalArticle","Pneumatic-driven jumping robot with anthropomorphic muscular skeleton structure","10.1007/s10514-009-9171-6","4/2010","Autonomous Robots"
"7I99G7XC","journalArticle","Effects of Reinnervation of the Triceps Brachii on Joint Kinematics and Electromyographic Patterns of the Feline Forelimb during Level and Upslope Walking","10.1159/000371543","2015-03-25","Cells Tissues Organs"
"AJ34H7IV","journalArticle","A Convertible Spinal Orthosis for Controlled Torso Rigidity",,"2013","Applied Bionics and Biomechanics"
"FBB6T7UT","journalArticle","The Circuitry of the Human Spinal Cord: Spinal and Corticospinal Mechanisms of Movement",,"2012-04-01",
"6CLDF478","journalArticle","Candidate Interneurons Mediating the Resetting of the Locomotor Rhythm by Extensor Group I Afferents in the Cat.","10.1016/j.neuroscience.2020.09.017","2020","Neuroscience"
"NF3C56HN","journalArticle","A Limited Set of Muscle Synergies for Force Control During a Postural Task","10.1152/jn.00681.2004","2005/01/01","Journal of Neurophysiology"
"K8LZSWNX","attachment","Kar─ìnik2004_Article_StabilityInLeggedLocomotion.pdf",,,
"YBE2WTFU","journalArticle","Mechanical models for insect locomotion: dynamics and stability in the horizontal plane - II. Application","10.1007/s004220000180","2000-11-17","Biological Cybernetics"
"N377DXB8","journalArticle","Environmentally mediated synergy between perception and behaviour in mobile robots","10.1038/nature02024","10/2003","Nature"
"LY2H2NZ5","report","ASTM D256-23e1: Standard Test Methods for Determining the Izod Pendulum Impact Resistance of Plastics.",,,
"KQY88YSE","webpage","Feedback motion planning of legged robots by composing orbital Lyapunov functions using rapidly-exploring random trees | IEEE Conference Publication | IEEE Xplore",,,
"6IIP44BI","journalArticle","Regulating Mechanical Behavior of Onyx Hexagonal Honeycombs via Heat Treatment: A ThermoΓÇÉMechanical Study","10.1002/pc.70382","2026-02-20","Polymer Composites"
"E777338D","webpage","(PDF) From Biomechanics Of RatsΓÇÖ Inclined Locomotion To A Climbing Robot",,,
"3S59S2T5","journalArticle","Dynamical system analysis of a data-driven model constructed by reservoir computing","10.1103/PhysRevE.104.044215","2021-10-28","Physical Review E"
"S4CWI4NW","journalArticle","Reliability and stochastic synchronization in type I vs. type II neural oscillators","10.1016/j.neucom.2006.10.075","6/2007","Neurocomputing"
"KFB7LY4N","conferencePaper","Biomimetic Knee Design to Improve Joint Torque and Life for Bipedal Robotics",,"July 2018",
"ZFVU2MVX","journalArticle","Adaptive control for backward quadrupedal walking. III. Stumbling corrective reactions and cutaneous reflex sensitivity.","10.1152/jn.1993.70.3.1102","1993-09-01","Journal of Neurophysiology"
"ETPASI2E","journalArticle","Characterization of 3D printed long fibre reinforced composites","https://doi.org/10.1016/j.compstruct.2017.11.052","2018","Composite Structures"
"IBRTJWVE","journalArticle","Performance Study of 3D Printed Continuous Fiber-Reinforced Polymer Composites Using Taguchi Method","10.1007/s11665-022-07715-2","11/2023","Journal of Materials Engineering and Performance"
"SX6WSKDU","journalArticle","A neuromechanical simulation of insect walking and transition to turning of the cockroach Blaberus discoidalis","10.1007/s00422-013-0573-3","2013/11/01","Biological Cybernetics"
"73AFWK4K","journalArticle","Increased fracture toughness of additively manufactured semi-crystalline thermoplastics via thermal annealing",,"2020",
"PNQFZQJ7","journalArticle","Sliding-Rolling Ratio during Deep Squat with Regard to Different Knee Prostheses",,"2012","Acta Polytechnica Hungarica"
"UNW9S995","webpage","IEEE Xplore Full-Text PDF:",,,
"EU8IINIT","conferencePaper","A perching mechanism for flying robots using a fibre-based adhesive","10.1109/ICRA.2013.6631206","2013-05",
"VRZAWX95","journalArticle","Skeletal Structure with Artificial Perspiration for Cooling by Latent Heat for Musculoskeletal Humanoid Kengoro","10.1109/IROS.2016.7759335","9-14 Oct. 2016","2016 IEEE/RSJ International Conference on Intelligent Robots and Systems (IROS)"
"PB54E64C","journalArticle","A Muscle-First, Electromechanical Hybrid Gait Restoration System in People With Spinal Cord Injury","10.3389/frobt.2021.645588","2021-04-27","Frontiers in Robotics and AI"
"BQEZ9XI3","journalArticle","Ensemble firing of muscle afferents recorded during normal locomotion in cats","10.1111/j.1469-7793.1998.293bu.x","1998-02-15","The Journal of Physiology"
"B8J8ZHNF","conferencePaper","3D Printing of Nonplanar Layers for Smooth Surface Generation","10.1109/COASE.2019.8843116","2019-08",
"W3PT3LVJ","webpage","Calculators",,,
"Q73BNFFI","journalArticle","The central pattern generator for forelimb locomotion in the cat.","10.1016/s0079-6123(03)43011-2","2004-01-01","Progress in Brain Research"
"7PMJS3UK","conferencePaper","A neurorobotic model of bipedal locomotion based on principles of human neuromuscular architecture","10.1109/ICRA.2012.6225149","May 2012",
"V8C6BYPB","book","Nonlinear Dynamical Systems and Control: A Lyapunov-Based Approach",,"2011",
"GMNWLF3B","journalArticle","Automatic body regulation for maintaining stability of a legged vehicle during rough-terrain locomotion","10.1109/JRA.1985.1087012","1985","IEEE Journal on Robotics and Automation"
"PL3LMEX5","journalArticle","Prosthesis and wheelchair use in veterans with lower-limb amputation",,"2009","Journal of Rehabilitation Research and Development"
"ULZ8YRL6","journalArticle","Synaptic actions on motoneurones caused by impulses in Golgi tendon organ afferents.","10.1113/jphysiol.1957.sp005849","1957-09-23","The Journal of Physiology"
"QFG96QN2","journalArticle","An ontogenetic model for the sensorimotor organization of balance control in humans","10.1016/0167-9457(94)00048-J","June 1995","Human Movement Science"
"GRNHKK67","conferencePaper","A low-cost GPS/inertial attitude heading reference system (AHRS) for general aviation applications","10.1109/PLANS.1998.670207","April 1998",
"NSK2FNWF","journalArticle","Muscle and tendon contributions to force, work, and elastic energy savings: a comparative perspective",,"2000-07","Exercise and Sport Sciences Reviews"
"FGHMM2ZC","bookSection","Human Equilibrium Control Principles Implemented into a Biped Humanoid Robot","10.1007/3-211-38927-X_35","2006",
"NZSLHZZU","book","Enhanced Proportional Rate Control Algorithm PRCA",,"August 1994",
"L7LJEGSV","journalArticle","Neural control of a modular multi-legged walking machine: Simulation and hardware","10.1016/j.robot.2011.10.006","November 2011","Robotics and Autonomous Systems"
"4V7T22W8","journalArticle","ProcessΓÇôStructureΓÇôProperties in Polymer Additive Manufacturing via Material Extrusion: A Review","10.1080/10408436.2018.1549977","2020-03-03","Critical Reviews in Solid State and Materials Sciences"
"W2VQX4EC","journalArticle","Gender Differences in Hip Anatomy: Possible Implications for Injury Tolerance in Frontal Collisions",,"September 2004","Association for the Advancement of Automotive Medicine"
"BJC8MM8X","journalArticle","Mechanism, Actuation, Perception, and Control of Highly Dynamic Multilegged Robots: A Review","10.1186/s10033-020-00485-9","2020-11-09","Chinese Journal of Mechanical Engineering"
"MBPFM5Q5","journalArticle","Proprioceptive Control of Extensor Activity during Fictive Scratching and Weight Support Compared to Fictive Locomotion","10.1523/jneurosci.19-24-10966.1999","1999-12-15","The Journal of Neuroscience"
"955GGN4Y","journalArticle","Laser additive manufacturing of metallic components: materials, processes and mechanisms","10.1179/1743280411Y.0000000014","05/2012","International Materials Reviews"
"KK79IVS9","journalArticle","Navigating sensory conflict in dynamic environments using adaptive state estimation","10.1007/s00422-011-0466-2","2011-12-01","Biological Cybernetics"
"4WGJG8YK","conferencePaper","Human mimetic foot structure with multi-DOFs and multi-sensors for musculoskeletal humanoid Kengoro","10.1109/IROS.2016.7759377","October 2016",
"MH8N8QPJ","journalArticle","Hummingbird flight stability and control in freestream turbulent winds","10.1242/jeb.114553","2015/05/01","Journal of Experimental Biology"
"J6HTVAZE","journalArticle","Computation through Cortical Dynamics","10.1016/j.neuron.2018.05.029","06/2018","Neuron"
"TM54EFZ3","journalArticle","AQuRo: A Cat-like Adaptive Quadruped Robot With Novel Bio-Inspired Capabilities","10.3389/frobt.2021.562524","2021-4-12","Frontiers in Robotics and AI"
"3DGU7ML9","journalArticle","A review on nonlinear energy sinks: designs, analysis and applications of impact and rotary types","10.1007/s11071-022-08094-y","2023-01-01","Nonlinear Dynamics"
"HT9BQNHR","webpage","Recent Progress on Polymer Materials for Additive Manufacturing - Tan - 2020 - Advanced Functional Materials - Wiley Online Library",,,
"AJU765RD","journalArticle","Healing simulation for bond strength prediction of FDM","10.1108/RPJ-03-2016-0051","2017-01-01","Rapid Prototyping Journal"
"U55R7HYJ","journalArticle","Enhancing mechanical properties of 3D printed thermoplastic polymers by annealing in moulds","10.1177/16878132221120737","08/2022","Advances in Mechanical Engineering"
"KN4HQ3T8","journalArticle","Hip proprioceptive feedback influences the control of mediolateral stability during human walking","10.1152/jn.00551.2015","10/2015","Journal of Neurophysiology"
"7VBS8BST","journalArticle","Mastering the game of Go with deep neural networks and tree search","10.1038/nature16961","28 JANUARY 2016","NATURE"
"ULZHZPAC","journalArticle","Locomotion as an emergent property of muscle contractile dynamics","10.1242/jeb.123935","2016-01-01","Journal of Experimental Biology"
"U8ADJSQB","attachment","0007001.pdf",,,
"WRV7JBFX","webpage","Build It. Break It. Fix It. | Boston Dynamics",,,
"2HH8IHCT","book","Thermosets: structure, properties, and applications",,"2018",
"7NLIH4JV","journalArticle","A General Framework to Increase Safety of Learning Algorithms for Dynamical Systems Based on Region of Attraction Estimation","10.1109/TRO.2020.2992981","10/2020","IEEE Transactions on Robotics"
"7YGVD6AM","journalArticle","Infill shape effects on bending stiffness of additively manufactured short fibre reinforced polymer sandwich specimens","10.1177/07316844211020115","12/2021","Journal of Reinforced Plastics and Composites"
"TIBESQ6G","preprint","Unsupervised Reservoir Computing for Solving Ordinary Differential Equations",,"2021-08-25",
"3CWTEQVW","conferencePaper","A Framework for Optimal Ankle Design of Humanoid Robots","10.1109/Humanoids65713.2025.11203090","2025-09",
"VHXZMYI6","journalArticle","A Spiking Neuron Model for Binocular Rivalry",,,
"J3WDY2YY","journalArticle","Control of oscillation periods and phase durations in half-center central pattern generators: a comparative mechanistic analysis","10.1007/s10827-008-0124-4","8/2009","Journal of Computational Neuroscience"
"MAQ7EBJW","journalArticle","The effects of stimulation of static and dynamic fusimotor fibres on the response to stretching of the primary endings of muscle spindles","10.1113/jphysiol.1964.sp007476","1964","The Journal of Physiology"
"JFQ8K9ND","journalArticle","Structurally motivated models to explain the muscleΓÇÖs force-length relationship","10.1016/j.bpj.2023.05.026","2023-09-05","Biophysical Journal"
"D3HXXAVX","webpage","American College of Sports Medicine",,,
"KE45YG6J","journalArticle","Powered artificial knee with agonist-antagonist actuation",,"2010-02-01",
"5RFLVZAL","webpage","CDC Novel H1N1 Flu | The 2009 H1N1 Pandemic: Summary Highlights, April 2009-April 2010",,,
"N2QMAIA6","journalArticle","Characterization and Optimization of Mechanical Properties of ABS Parts Manufactured by the Fused Deposition Modelling Process","10.1155/2014/598531","2014","International journal of manufacturing engineering"
"49X6YPS3","journalArticle","Sensory Systems in the Control of Movement","10.1002/cphy.c100086","2012-10-01","Comprehensive Physiology"
"6P77Y6TH","journalArticle","Efficient Embedded Neural-Network-Based License Plate Recognition System","10.1109/TVT.2008.915524","Sept 2008","IEEE Transactions on Vehicular Technology"
"HYI8JM75","webpage","Resources | Boston Dynamics",,,
"5JFWTKNK","journalArticle","Stability Radius as a Method for Comparing the Dynamics of Neuromechanical Systems","10.1109/TNSRE.2013.2264920","Sept 2013","IEEE Transactions on Neural Systems and Rehabilitation Engineering"
"2P59MF84","journalArticle","Multiple Rhythmic States in a Model of the Respiratory Central Pattern Generator","10.1152/jn.90958.2008","04/2009","Journal of Neurophysiology"
"GR7AKVLE","journalArticle","Stiffness estimation of planar spiral spring based on Gaussian process regression",,,"Scientific Reports"
"MM5D2E8R","conferencePaper","Influence of Process Parameters on Sheet Lamination Method-based 3D printing: A Review","10.1051/e3sconf/202343001251","2023",
"KJ8CUBKE","journalArticle","Deep Reinforcement Learning with Double Q-Learning",,,
"LJ7CESMF","journalArticle","Muscle proprioceptors in adult rat: mechanosensory signaling and synapse distribution in spinal cord","10.1152/jn.00497.2017","2017-11-01","Journal of Neurophysiology"
"NM3MIYLE","conferencePaper","Human mimetic musculoskeletal humanoid Kengoro toward real world physically interactive actions","10.1109/HUMANOIDS.2016.7803376","November 2016",
"N68DGVNV","journalArticle","Regions of Attraction for Hybrid Limit Cycles of Walking Robots",,"2010-10-11","arXiv:1010.2247 [cs, math]"
"E8RBQTFJ","journalArticle","Estimation of Quasi-Stiffness of the Human Knee in the Stance Phase of Walking","10.1371/journal.pone.0059993","Mar 22, 2013","PLOS ONE"
"TMA4JZDZ","journalArticle","Capturability-based analysis and control of legged locomotion, Part 2: Application to M2V2, a lower-body humanoid",,"2012","International Journal of Robotics Research"
"PG4RKGMQ","conferencePaper","Using Animatlab for Neuromechanical Analysis: Linear Hill Parameter Calculation","10.1007/978-3-030-64313-3_38","2020",
"6F8A7XPU","journalArticle","Optimisation of PLA Filament Consumption for 3D Printing Using the Annealing Method in Home Environment","10.5545/sv-jme.2021.7426","2022-03-25","Strojni┼íki vestnik - Journal of Mechanical Engineering"
"7LFCL2N8","journalArticle","A Review of Polymer-Based Materials for Fused Filament Fabrication (FFF): Focus on Sustainability and Recycled Materials","10.3390/polym14030465","2022-01-24","Polymers"
"EDYR8GMS","journalArticle","Impact Testing of 3D Printed Kevlar-Reinforced Onyx Material",,,
"DWF3NCGC","journalArticle","Strength analysis of 3D printed carbon fibre reinforced thermoplastic using experimental and numerical methods","10.1088/1757-899X/700/1/012024","2019-11","IOP Conference Series: Materials Science and Engineering"
"498BKM6J","book","Anatomy Trains E-Book: Myofascial Meridians for Manual Therapists and Movement Professionals",,"2020-03-19",
"HX68HEM5","conferencePaper","A Neural Network with Central Pattern Generators Entrained by Sensory Feedback Controls Walking of a Bipedal Model","10.1007/978-3-319-42417-0_14","2016",
"2FZTIELY","attachment","sri_electroadhesion.pdf",,,
"KMCL6PQ5","journalArticle","Cartilage Stresses in the Human Hip Joint","10.1115/1.2895693","February 1994","Journal of Biomechanical Engineering"
"FTXIYKZQ","journalArticle","Additive manufacturing methods and modelling approaches: a critical review","10.1007/s00170-015-7576-2","3/2016","The International Journal of Advanced Manufacturing Technology"
"TN2DVMAX","journalArticle","Role of sensory feedback in the control of stance duration in walking cats.","10.1016/j.brainresrev.2007.06.014","January 2008","Brain research reviews"
"99WF7Q46","journalArticle","Simple robot suggests physical interlimb communication is essential for quadruped walking","10.1098/rsif.2012.0669","2013-01-06","Journal of The Royal Society Interface"
"74VJJJ9B","journalArticle","Central programming of postural movements: adaptation to altered support-surface configurations",,"1986","Journal of neurophysiology"
"LYS8E8LV","conferencePaper","Numerical and Experimental Analysis of McKibben Actuators and Dielectric Elastomer Sensors","10.1115/IMECE2007-42495","2009/05/22",
"ZSPEASJI","journalArticle","The ΓÇÿextrapolated center of massΓÇÖ concept suggests a simple control of balance in walking","10.1016/j.humov.2007.08.003","February 1, 2008","Human Movement Science"
"EP4USB7T","journalArticle","Effect of layer thickness on flexural properties of PLA (PolyLactid Acid) by 3D printing","10.1088/1742-6596/1130/1/012017","11/2018","Journal of Physics: Conference Series"
"BJNMMRAC","journalArticle","The Heidelberg Spiking Data Sets for the Systematic Evaluation of Spiking Neural Networks","10.1109/TNNLS.2020.3044364","2020","IEEE Transactions on Neural Networks and Learning Systems"
"Z59VLA26","journalArticle","The direct costs of fatal and non-fatal falls among older adults ΓÇö United States","10.1016/j.jsr.2016.05.001","09/2016","Journal of Safety Research"
"6SN2WCQK","journalArticle","Trajectory Path Planning of EEG Controlled Robotic Arm Using GA","10.1016/j.procs.2016.04.080","January 1, 2016","Procedia Computer Science"
"P4F5XGN5","journalArticle","Left-right coordination from simple to extreme conditions during split-belt locomotion in the chronic spinal adult cat","10.1113/JP272740","2016-07-01","The Journal of Physiology"
"3QC225PE","webpage","Degradation of mouse locomotor pattern in the absence of proprioceptive sensory feedback | PNAS",,,
"I5W23X4K","journalArticle","Models of ensemble firing of muscle spindle afferents recorded during normal locomotion in cats","10.1111/j.1469-7793.1998.277bu.x","1998-02-15","The Journal of Physiology"
"Q2RK9QUC","journalArticle","The Spinal Control of Backward Locomotion.","10.1523/jneurosci.0816-20.2020","2020","The Journal of Neuroscience"
"2AI7N4KH","journalArticle","On the flexural stiffness of 3D printer thermoplastic","10.1177/0306419016674140","01/2017","International Journal of Mechanical Engineering Education"
"LP8UIZDK","journalArticle","FOUR-BAR MECHANISM'S ROTATION CENTER DETERMINATION USING NATURAL COORDINATES",,"November 1, 2020","Journal of Engineering and Applied Sciences"
"RGG72ZQM","journalArticle","Ionic conductances underlying the activity of interneurons that control heartbeat in the medicinal leech","10.1523/JNEUROSCI.07-12-03945.1987","1987-12","The Journal of Neuroscience: The Official Journal of the Society for Neuroscience"
"IFIABDK6","bookSection","The Effect of Print Parameters on the (Micro)structure of 3D Printed Cementitious Materials","10.1007/978-3-319-99519-9_22","2019",
"7IST2C2C","conferencePaper","Benchmarking Energy-Conserving Neural Networks for Learning Dynamics from Data",,"2021-05-29",
"YJXU7BTC","journalArticle","Complex coacervates formation between gelatin and gum Arabic with different arabinogalactan protein fraction content and their characterization","10.1016/j.foodhyd.2019.06.009","11/2019","Food Hydrocolloids"
"7QQUBZVX","journalArticle","Propriospinal Neurons: Essential Elements of Locomotor Control in the Intact and Possibly the Injured Spinal Cord.","10.3389/fncel.2019.00512","2019-11-12","Frontiers in Cellular Neuroscience"
"SQW3NEV6","journalArticle","Changes in leg movements and muscle activity with speed of locomotion and mode of progression in humans","10.1111/j.1748-1716.1985.tb07612.x","1985-04-01","Acta Physiologica Scandinavica"
"GJ5ZGFWL","journalArticle","Influence of a cooling rate on a structure of PA6","https://doi.org/10.1016/j.eurpolymj.2004.12.009","2005","European Polymer Journal"
"8J7CHBXN","journalArticle","Benchmarking Deep Reinforcement Learning for Continuous Control",,,
"888R7S6Y","journalArticle","Terminal Sliding Mode Control ΓÇô An Overview","10.1109/OJIES.2020.3040412","2021","IEEE Open Journal of the Industrial Electronics Society"
"CCV4MBWZ","journalArticle","Regulation of Arm and Leg Movement during Human Locomotion","10.1177/1073858404264680","2004-08-01","The Neuroscientist"
"TPBNYL26","journalArticle","Effect of processing parameters on flexural properties of 3D-printed polyetherketoneketone using fused deposition modeling","10.1002/pen.25590","2021","Polymer Engineering & Science"
"MK65RRFS","journalArticle","Long-fibre reinforced polymer composites by 3D printing: influence of nature of reinforcement and processing parameters on mechanical performance","10.1186/s42252-020-00010-0","12/2020","Functional Composite Materials"
"BFJD4I75","conferencePaper","Spike Activations: A Method to┬áProduce a┬áContinuum of┬áMean Forces in┬áBPAs","10.1007/978-3-032-07448-5_11","2025",
"MRKRGRMP","journalArticle","Learning to Optimize Multigrid PDE Solvers",,"2019","Proceedings of Machine Learning Research"
"SXMIM2EV","journalArticle","Walking with perturbations: a guide for biped humans and robots","10.1088/1748-3190/aada54","September 2018","Bioinspiration & Biomimetics"
"SKCQIVY7","journalArticle","The mammalian central pattern generator for locomotion","10.1016/j.brainresrev.2009.08.002","12/2009","Brain Research Reviews"
"LIVLIX4J","webpage","2. Epidemiology: some basic concepts and definitions",,,
"E7A36JMJ","journalArticle","Central pattern generators for locomotion control in animals and robots: a review","10.1016/j.neunet.2008.03.014","2008-05","Neural Networks: The Official Journal of the International Neural Network Society"
"7BLTG6P8","journalArticle","Multilayer feedforward networks are universal approximators","10.1016/0893-6080(89)90020-8","1/1989","Neural Networks"
"6XMDRM8E","journalArticle","Initiating or Blocking Locomotion in Spinal Cats by Applying Noradrenergic Drugs to Restricted Lumbar Spinal Segments","10.1523/jneurosci.20-22-08577.2000","2000-11-15","The Journal of Neuroscience"
"9IK8QKPC","journalArticle","Robust Region-of-Attraction Estimation","10.1109/TAC.2009.2033751","01/2010","IEEE Transactions on Automatic Control"
"76MIBSN2","attachment","A State-Space and Optimiza-tion-Based Approach .pdf",,,
"Y39LSN3R","journalArticle","Coordination of fore and hind leg stepping in cats on a transversely-split treadmill","10.1007/s00221-006-0542-3","11/2006","Experimental Brain Research"
"Q8ZPVFVG","journalArticle","Tension and Compression Properties of 3D-Printed Composites: Print Orientation and Strain Rate Effects","10.3390/polym15071708","2023-03-29","Polymers"
"2XVXZJ7S","journalArticle","Mechanical models for insect locomotion: dynamics and stability in the horizontal plane I. Theory","10.1007/s004220000181","2000-11-17","Biological Cybernetics"
"8XPVJXQJ","journalArticle","Effects of muscle dynamics and proprioceptive feedback on the kinematics and CPG activity of salamander stepping","10.1186/1471-2202-12-S1-P158","12/2011","BMC Neuroscience"
"TJB58NEM","journalArticle","Leg-local neural mechanisms for searching and learning enhance robotic locomotion","10.1007/s00422-017-0726-x","2017/08/07","Biological Cybernetics"
"Q7MLESIR","journalArticle","A mobile robotic chemist","10.1038/s41586-020-2442-2","2020-07","Nature"
"MNFISTGM","journalArticle","Evaluation of a Neuromechanical Walking Control Model Using Disturbance Experiments","10.3389/fncom.2017.00015","2017-03-14","Frontiers in Computational Neuroscience"
"233KQKM8","journalArticle","Human balance and posture control during standing and walking","10.1016/0966-6362(96)82849-9","1995-12-01","Gait & Posture"
"ENJNJTHL","journalArticle","Increasing Liquid State Machine Performance with Edge-of-Chaos Dynamics Organized by Astrocyte-modulated Plasticity",,"2021","Conference on Neural Information Processing Systems"
"3RP38T8B","journalArticle","The influence of slip ratios in contemporary TKR on the wear of ultra-high molecular weight polyethylene (UHMWPE): An experimental view","dx.doi.org/10.1016/S0021-9290(98)80015-8","July 1998","Journal of Biomechanics"
"K759M4SF","journalArticle","In Vivo Healthy Knee Kinematics during Dynamic Full Flexion","10.1155/2013/717546","2013","BioMed Research International"
"FBJ99IK5","attachment","v2.1Analytical-Rev-MechProperties-FDMComposites",,,
"8MRIQXFY","attachment","Reinforcement_Learning-with-cover-page-v2.pdf",,,
"W4I43VNA","conferencePaper","A Biologically-Inspired Dynamic Legged Locomotion With a Modular Reconfigurable Robot","10.1115/DSCC2008-2402","2008-01-01",
"4LKBGV2A","preprint","Fourier Neural Operator with Learned Deformations for PDEs on General Geometries",,"2022-07-11",
"I963C3M5","journalArticle","Mechanical behavior of 3D printed polymers under tensile and bending loads","10.12913/22998624/207989","2025-10-1","Advances in Science and Technology Research Journal"
"2KVA6WU9","bookSection","Bio-inspired Robot Locomotion","10.1002/9781118873397.ch14","2017",
"FIGZ9MSX","webpage","Right knee - CT scan - Extremity, Lower (Leg) CTs - embodi3D.com",,,
"RNGD7B9U","blogPost","How we streamlined a manufacturing inspection process using an Amazon Rekognition solution",,,
"HTW3YDAN","conferencePaper","Modeling of Braided Pneumatic Actuators for Robotic Control",,"2001",
"XLJWQJT3","journalArticle","LOCOMOTION CHARACTERIZATION OF DCC AND NCK2 MUTANT MICE",,"2019-01-15",
"IGYT6CAL","journalArticle","PDE-based Group Equivariant Convolutional Neural Networks",,"2021-07-24","arXiv:2001.09046 [cs, math, stat]"
"X5ICCC29","journalArticle","Variable gearing in a biologically inspired pneumatic actuator array","10.1088/1748-3182/8/2/026002","2013-03-06","Bioinspiration & Biomimetics"
"BEIJBGN9","journalArticle","Annealing of chopped and continuous fibre reinforced polyamide 6 produced by fused filament fabrication","https://doi.org/10.1016/j.compositesb.2021.109119","2021","Composites Part B: Engineering"
"994JZYYF","journalArticle","How Fish Power Swimming","10.1126/science.8332898","1993-07-16","Science"
"NYZZAY9J","journalArticle","Enhancing mechanical properties of 3D printed thermoplastic polymers by annealing in moulds","10.1177/16878132221120737","08/2022","Advances in Mechanical Engineering"
"ZLYDHF4N","journalArticle","Polymers for 3D Printing and Customized Additive Manufacturing","10.1021/acs.chemrev.7b00074","2017-08-09","Chemical Reviews"
"ZC9RPH8G","journalArticle","Interactions at the PAΓÇÉ6/PAΓÇÉ66 interface","10.1002/app.1992.070460507","1992-10-15","Journal of Applied Polymer Science"
"34KX9UVP","bookSection","Highly-Integrated Muscle-Spindles for Pneumatic Artificial Muscles Made from Conductive Fabrics","10.1007/978-3-030-24741-6_15","2019",
"HWCLM4YA","journalArticle","Ensemble firing of muscle afferents recorded during normal locomotion in cats","10.1111/j.1469-7793.1998.293bu.x","1998-02-01","The Journal of Physiology"
"2CI6K7UB","journalArticle","The Dynamics of Legged Locomotion: Models, Analyses, and Challenges","10.1137/S0036144504445133","2006-01","SIAM Review"
"64GJUCSU","book","Sarrafian's Anatomy of the Foot and Ankle: Descriptive, Topographic, Functional",,"2011",
"KNNE67GN","journalArticle","On the stability properties of quadruped creeping gaits","10.1016/0025-5564(68)90090-4","August 1, 1968","Mathematical Biosciences"
"3RS4YNKW","journalArticle","Neuronal specification in the spinal cord: inductive signals and transcriptional codes","10.1038/35049541","2000-10-01","Nature Reviews Genetics"
"ZNMYIGPL","conferencePaper","MuJoCo: A physics engine for model-based control","10.1109/IROS.2012.6386109","10/2012",
"G5QTVT5I","thesis","Neurologically Based Control for Quadruped Walking",,"2016",
"QWIZV5R8","journalArticle","Neural Coding in Spiking Neural Networks: A Comparative Study for Robust Neuromorphic Systems","10.3389/fnins.2021.638474","2021-3-4","Frontiers in Neuroscience"
"WM89FNFS","journalArticle","Integration of posture and rhythmic motion controls in quadrupedal dynamic walking using phase modulations based on leg loading/unloading","10.1007/s10514-009-9172-5","2010/04/01","Autonomous Robots"
"NAPM53MP","journalArticle","Embryonic assembly of a central pattern generator without sensory input","10.1038/416174a","3/2002","Nature"
"MGYWT5TP","journalArticle","Operation of spinal sensorimotor circuits controlling phase durations during tied-belt and split-belt locomotion after a lateral thoracic hemisection","10.7554/eLife.103504","2025-01-27","eLife"
"QWQVM45R","journalArticle","Application of a neural network to the generation of a robot arm trajectory","10.1007/s10015-004-0334-4","2005/07/01","Artificial Life and Robotics"
"LL27JDCN","journalArticle","Anisotropic properties of oriented short carbon fibre filled polypropylene parts fabricated by extrusion-based additive manufacturing","https://doi.org/10.1016/j.compositesa.2018.06.018","2018","Composites Part A: Applied Science and Manufacturing"
"3UD56BP8","journalArticle","Effects of training on the recovery of full-weight-bearing stepping in the adult spinal cat.","10.1016/0014-4886(86)90094-4","1986-05-01","Experimental Neurology"
"VVTR3PPU","journalArticle","Recent Developments in Pneumatic Artificial Muscle Actuators","10.3390/act14120582","2025/12","Actuators"
"LPDSGMIL","journalArticle","No Need for a Body Model: Positive Velocity Feedback for the Control of an 18-DOF Robot Walker","10.1080/11762320802221074","2008","Applied Bionics and Biomechanics"
"BB5WM3L3","journalArticle","Design principles of a human mimetic humanoid: Humanoid platform to study human intelligence and internal body system","10.1126/scirobotics.aaq0899","2017/12/20","Science Robotics"
"GAA7NT22","journalArticle","Neuromechanics of muscle synergies for posture and movement","10.1016/j.conb.2008.01.002","2007-12-01","Current Opinion in Neurobiology"
"INGKGY3A","journalArticle","3D printing of smart materials: A review on recent progresses in 4D printing","10.1080/17452759.2015.1097054","2015-07-03","Virtual and Physical Prototyping"
"MHSKB7A5","journalArticle","Trial without Error: Towards Safe Reinforcement Learning via Human Intervention",,"2017-07-17","arXiv:1707.05173 [cs]"
"75ED66JV","journalArticle","Mechanical Recycling of a Short Carbon Fiber Reinforced Polyamide 6 in 3D Printing: Effects on Mechanical Properties","10.3390/polym18010027","2025-12-22","Polymers"
"CTI69VEJ","journalArticle","Neanderthals, Bears and Hyenas, oh my! Competition for exclusive use of space",,"2013-01-01","Journal of Taphonomy"
"9T2LK3IP","journalArticle","Snake-like robots [Tutorial]","10.1109/MRA.2009.932130","2009-03","IEEE Robotics & Automation Magazine"
"B54E9TNV","journalArticle","Evolution and field performance of a rescue robot: Evolution and Field Performance of a Rescue Robot","10.1002/rob.20218","01/2008","Journal of Field Robotics"
"GCPV7ZQD","webpage","ISO/ASTM 52900:2021, Additive manufacturing ΓÇö General principles ΓÇö Fundamentals and vocabulary",,,
"J7ZNRA45","journalArticle","Synthesis and Swelling Behavior of Sodium Alginate/Poly(vinyl alcohol) Hydrogels","10.4274/tjps.galenos.2018.92408","2019-7-11","Turkish Journal of Pharmaceutical Sciences"
"FSUBX5I6","journalArticle","Length and moment arm of human leg muscles as a function of knee and hip-joint angles","10.1007/BF00236067","1990-12-01","European Journal of Applied Physiology and Occupational Physiology"
"G6KIG2SZ","journalArticle","Vertebrate Pattern Generation: Overview.",,"2014-01-01",
"QYG6Y33U","webpage","The Global E-waste Monitor 2024",,,
"BGU8UZJE","journalArticle","Bio-inspired controller achieving forward speed modulation with a 3D bipedal walker","10.1177/0278364917743320","January 1, 2018","The International Journal of Robotics Research"
"CW288W2C","journalArticle","In Vitro Reconstruction of the Respiratory Central Pattern Generator of the Mollusk <i>Lymnaea</i>","10.1126/science.2218532","1990-10-12","Science"
"BJLUM9PR","conferencePaper","Safe and robust learning control with Gaussian processes","10.1109/ECC.2015.7330913","7/2015",
"8W3XWCB4","journalArticle","Stimulation of the group I extensor afferents prolongs the stance phase in walking cats.","10.1007/bf00241961","1995-01-01","Experimental Brain Research"
"8DQZKDTD","journalArticle","Spinal maps of motoneuron activity during human locomotion: neuromechanical considerations","10.3389/fphys.2024.1389436","2024-07-23","Frontiers in Physiology"
"MVHZXDCX","journalArticle","Tailoring strength and modulus by 3D printing different continuous fibers and filled structures into composites","10.1007/s42114-019-00087-7","2019-06-01","Advanced Composites and Hybrid Materials"
"TD3UMYKA","journalArticle","A Neuromechanical Rat Model with a Complete Set of Hind Limb Muscles","10.1007/978-3-319-95972-6_57","2018-07-17",
"4NJFY349","conferencePaper","MyoSim: Fast and physiologically realistic MuJoCo models for musculoskeletal and exoskeletal studies","10.1109/ICRA46639.2022.9811684","2022-05",
"7HPD4U83","conferencePaper","Safe controller optimization for quadrotors with Gaussian processes","10.1109/ICRA.2016.7487170","5/2016",
"S7K5VJC2","webpage","The cerebellar microcircuit as an adaptive filter: experimental and computational evidence | Nature Reviews Neuroscience",,,
"KHLGKN9Q","journalArticle","Dopamine receptor activation is required for corticostriatal spike-timing-dependent plasticity","10.1523/JNEUROSCI.4402-07.2008","2008-03-05","The Journal of Neuroscience: The Official Journal of the Society for Neuroscience"
"L6SUPTJD","bookSection","Properties of the Tailbiting BCJR Decoder",,"2000",
"SA4AWMJ9","journalArticle","Synaptic modifications in cultured hippocampal neurons: dependence on spike timing, synaptic strength, and postsynaptic cell type","10.1523/JNEUROSCI.18-24-10464.1998","1998-12-15","The Journal of Neuroscience: The Official Journal of the Society for Neuroscience"
"XDEQMVKH","journalArticle","The thermal effects on electrospinning of polylactic acid melts","10.1016/j.polymer.2006.08.042","2006","Polymer (Guilford)"
"FZD59HCB","journalArticle","Variational and phase response analysis for limit cycles with hard boundaries, with applications to neuromechanical control problems","10.1007/s00422-022-00951-8","2022-11-18","Biological Cybernetics"
"IZHQJXWN","journalArticle","Variable Stiffness Actuators: Review on Design and Components","10.1109/TMECH.2015.2501019","2016-10","IEEE/ASME Transactions on Mechatronics"
"QWICNHLH","bookSection","Function of the spindle dynamic response in stiffness regulationΓÇöa predictive mechanism provided by non-linear feedback","10.1007/978-1-349-06022-1_33","1981",
"CMYRIFVM","journalArticle","ISB recommendation on definitions of joint coordinate system of various joints for the reporting of human joint motionΓÇöpart I: ankle, hip, and spine","10.1016/S0021-9290(01)00222-6","2002-04-01","Journal of Biomechanics"
"A9YY5WHN","conferencePaper","Learning coupling terms for obstacle avoidance","10.1109/HUMANOIDS.2014.7041410","November 2014",
"N6CQCNRL","webpage","Frontiers | Extending the Functional Subnetwork Approach to a Generalized Linear Integrate-and-Fire Neuron Model | Frontiers in Neurorobotics",,,
"WP5FBPY8","journalArticle","Amplitude modulation of the soleus H-reflex in the human during walking and standing","10.1523/jneurosci.06-05-01308.1986","1986-05-01","The Journal of Neuroscience"
"926QU9YD","journalArticle","Additive manufacturing of PLA structures using fused deposition modelling: Effect of process parameters on mechanical properties and their optimal selection","10.1016/j.matdes.2017.03.065","2017-06","Materials & Design"
"GFZXJZ2I","journalArticle","Neuromodulatory transmitter systems in the cortex and their role in cortical plasticity","10.1016/s0306-4522(02)00026-x","2002","Neuroscience"
"ZCC759KQ","journalArticle","Probabilistic Policy Reuse for Safe Reinforcement Learning","10.1145/3310090","2019-03-28","ACM Transactions on Autonomous and Adaptive Systems"
"TGZNDLYX","journalArticle","Group I disynaptic excitation of cat hindlimb flexor and bifunctional motoneurones during fictive locomotion.","10.1111/j.1469-7793.2000.t01-1-00549.x","2000-06-01","The Journal of Physiology"
"SMTD5XB5","journalArticle","Regulation of Synaptic Efficacy by Coincidence of Postsynaptic APs and EPSPs","10.1126/science.275.5297.213","1997-1-10","Science"
"B9H7K6VP","journalArticle","Extending the Functional Subnetwork Approach to a Generalized Linear Integrate-and-Fire Neuron Model","10.3389/fnbot.2020.577804","2020-11-13","Frontiers in Neurorobotics"
"87RGN5YA","encyclopediaArticle","Suction cup",,"2018-08-20T12:21:17Z",
"QN2QRMB9","dataset","Standing Balance Experiment with Long Duration Random Pulses Perturbation","10.5281/zenodo.3631958","2020-02-02",
"PUMF39FN","journalArticle","Bioinspired microrobots","10.1038/s41578-018-0016-9","2018-06","Nature Reviews Materials"
"5PDN9YAL","journalArticle","Acoustic Length Sensor for Soft Extensible Pneumatic Actuators With a Frequency Characteristics Model","10.1109/LRA.2019.2931273","10/2019","IEEE Robotics and Automation Letters"
"6CW9NQ63","journalArticle","Neural-Mechanical Feedback Control Scheme Generates Physiological Ankle Torque Fluctuation During Quiet Stance","10.1109/TNSRE.2009.2037891","2010-02","IEEE Transactions on Neural Systems and Rehabilitation Engineering"
"YTUMUVE5","webpage","Control of soft robots with inertial dynamics","10.1126/scirobotics.add6864",,
"9A6M2W3D","journalArticle","TWrist: An agile compliant 3-DoF tensegrity joint","10.1016/j.birob.2024.100170","2024-09-01","Biomimetic Intelligence and Robotics"
"AS4WGKBZ","thesis","Bipedal Robot Legs Project",,"2019",
"DYPU62B7","conferencePaper","Provable Advantages for Graph Algorithms in Spiking Neural Networks","10.1145/3409964.3461813","2021-07-06",
"PZITARN4","journalArticle","Smooth Vertical Surface Climbing With Directional Adhesion","10.1109/TRO.2007.909786","2008-02","IEEE Transactions on Robotics"
"L7R8G24M","journalArticle","Vertebrate Pattern Generation: Overview","10.1007/978-1-0716-1006-0_758","2022-01-01",
"MY4S2WRE","journalArticle","ATRIAS: Design and validation of a tether-free 3D-capable spring-mass bipedal robot","10.1177/0278364916648388","10/2016","The International Journal of Robotics Research"
"QTVCARDG","journalArticle","Frictional adhesion: a new angle on gecko attachment","10.1242/jeb.02486","2006-09-15","Journal of Experimental Biology"
"VCQIADJP","journalArticle","Strength and stiffness of a reinforced flexible hose","10.1007/BF00384690","1988","Applied Scientific Research"
"K7NY9EVC","journalArticle","Central Pattern Generators of the Mammalian Spinal Cord","10.1177/1073858410396101","02/2012","The Neuroscientist"
"VW3PRNVJ","conferencePaper","Comparison of complementary and Kalman filter based data fusion for attitude heading reference system","10.1063/1.5018520","2017",
"9ELC57CT","journalArticle","Control and Estimation of Posture During Quiet Stance Depends on Multijoint Coordination","10.1152/jn.01142.2006","2007/04/01","Journal of Neurophysiology"
"MGKZZQS3","attachment","Transverse contraction criteria for existence, stability, and robustness of a limit cycle _ Enhanced Reader.pdf",,,
"K2NT85E3","journalArticle","(PDF) Muscle and tendon contributions to force, work, and elastic energy savings: A comparative perspective",,,"ResearchGate"
"G8RLF33X","journalArticle","Design and testing of the JPL-Nautilus Gripper for deep-ocean geological sampling","10.1002/rob.21934","2020","Journal of Field Robotics"
"IEWR2ZHS","journalArticle","A Neural Network with Central Pattern Generators Entrained by Sensory Feedback Controls Walking of a Bipedal Model","10.1007/978-3-319-42417-0_14","2016-07-19",
"HQTI5YDQ","journalArticle","On a response characteristic of a mathematical neuron model","10.1007/BF00290514","3/1972","Kybernetik"
"NCGDINJ5","journalArticle","The Effective Mechanical Advantage of A.L. 129-1a for Knee Extension","10.1002/ar.21458","1 August 2011","THE ANATOMICAL RECORD"
"BS768TQ2","journalArticle","(PDF) A Hill type model of rat medial gastrocnemius muscle that accounts for shortening history effects","10.1016/S0021-9290(98)00048-7","2024-10-22","ResearchGate"
"C8HLAZFA","journalArticle","Overview of transition phenomenon in nylon 6","10.1021/ma00038a043","1992-06-01","Macromolecules"
"PEHE6UQ3","journalArticle","Financial Nonlinear Time-Series Analysis and Prediction with Reservoir Computing",,"2019",
"KBX5YT4K","conferencePaper","Deadbeat control with (almost) no sensing in a hybrid model of legged locomotion","10.1109/ICAMechS.2014.6911592","8/2014",
"8MUFYU3A","journalArticle","Reptation of a Polymer Chain in the Presence of Fixed Obstacles","10.1063/1.1675789","1971-07","The Journal of Chemical Physics"
"GJLDANTN","journalArticle","Mechanosensory encoding of forces in walking uphill and downhill: force feedback can stabilize leg movements in stick insects","10.1152/jn.00414.2023","2024-02","Journal of Neurophysiology"
"JGA3ZDX6","journalArticle","Effect of processing conditions on the bonding quality of FDM polymer filaments","10.1108/13552540810862028","2008-01-01","Rapid Prototyping Journal"
"AINCR67S","journalArticle","Smart Actuators and Adhesives for Reconfigurable Matter","10.1021/acs.accounts.6b00612","APR 2017","Accounts of Chemical Research"
"67EIXRQV","journalArticle","What Can Bidirectional Walking Tell Us about Central Pattern Generators?","10.1007/s11055-023-01357-0","2022-10-01",
"L898X62I","journalArticle","Strength of Onyx-based composite 3D printing materials according to fiber reinforcement","10.3389/fmats.2023.1183816","2023-4-28","Frontiers in Materials"
"T82NPGYR","conferencePaper","3D limit cycle walking of musculoskeletal humanoid robot with flat feet","10.1109/IROS.2009.5354388","October 2009",
"XK4WNJB2","journalArticle","Quantitative Description and Classification of Growing Media Particle Morphology through Dynamic Image Analysis","10.3390/agriculture13020396","2023-02-08","Agriculture"
"VKC5THEJ","journalArticle","Swing-to-Stance Transition in Walking Cats A Role for Hip Position in Initiating the",,"2005-01-01",
"8KHPVUB6","journalArticle","A Study on Stability of Limit Cycle Walking Model with Feet: Parameter Study","10.5772/55162","2013-01-01","International Journal of Advanced Robotic Systems"
"HCRQPHCM","journalArticle","On the initiation of the swing phase of locomotion in chronic spinal cats.","10.1016/0006-8993(78)90973-3","1978-05-12","Brain Research"
"NHYIGRP3","journalArticle","Positioning of pivot points in quadrupedal locomotion: limbs global dynamics in four different dog breeds","10.3389/fbioe.2023.1193177","2023-7-7","Frontiers in Bioengineering and Biotechnology"
"GLBE5LS5","journalArticle","Neural Control of Parametric Solutions for High-Dimensional Evolution PDEs","10.1137/23M1549870","2024-04-30","SIAM Journal on Scientific Computing"
"IPEEYM2D","book","Computational Neuroscience",,"2019-12-01",
"4CMME7BT","journalArticle","Plasticity of connections underlying locomotor recovery after central and/or peripheral lesions in the adult mammals","10.1098/rstb.2006.1889","2006-09-29","Philosophical Transactions of the Royal Society B"
"5UAAKQF5","journalArticle","Effects of reinnervation of the biarticular shoulder-elbow muscles on joint kinematics and electromyographic patterns of the feline forelimb during downslope walking","10.1159/000371542","2014","Cells, Tissues, Organs"
"JAIQXPQN","thesis","Applying Biomimetic Passive Dynamics to a Quadruped Robot Leg",,"November, 2022",
"9RCGR6L2","conferencePaper","The effect of employing different raster orientations on the mechanical properties and microstructure of Fused Deposition Modeling parts","10.1109/ISBEIA.2011.6088811","2011",
"F7WQW9X3","journalArticle","Mechanism Simulation and Optimal Design of Five-Link Bionic Joint Driven by Two Antagonistic Pneumatic Muscles","10.1155/2013/824085","2015-01-30","Advances in Mechanical Engineering"
"Z9REWSBB","journalArticle","Activation of groups of excitatory neurons in the mammalian spinal cord or hindbrain evokes locomotion","10.1038/nn.2482","2010-02-01","Nature Neuroscience"
"6VPR2DQK","journalArticle","Afferent-mediated modulation of the soleus muscle activity during the stance phase of human walking","10.1007/s00221-006-0451-5","9/2006","Experimental Brain Research"
"WRPHX4BZ","conferencePaper","Parallel cartesian planning in dynamic environments using constrained trajectory planning","10.1109/HUMANOIDS.2015.7363489","November 2015",
"C4753WW9","journalArticle","Three-Dimensional Printable Ball Joints with Variable Stiffness for Robotic Applications Based on Soft Pneumatic Elastomer Actuators","10.3390/polym14173542","2022/1","Polymers"
"NNJVRFJE","journalArticle","The Structure and Role of Intramuscular Connective Tissue in Muscle Function","10.3389/fphys.2020.00495","2020-5-19","Frontiers in Physiology"
"ZTDW3WCC","journalArticle","The importance of carbon fiber to polymer additive manufacturing","10.1557/jmr.2014.212","2014-09-14","Journal of Materials Research"
"UKRQJ3ZH","conferencePaper","A Functional Subnetwork Approach to Multistate Central Pattern Generator Phase Difference Control","10.1007/978-3-031-20470-8_37","12/02/2022",
"MV7EMVGC","journalArticle","Warpage: Causes, manufacturing processes and future challenges: A review","10.1177/14644207241285399","06/2025","Proceedings of the Institution of Mechanical Engineers, Part L: Journal of Materials: Design and Applications"
"GWGJPKDE","journalArticle","Mathematical analysis of the function approximation for the force generated by pneumatic artificial muscle",,"2012","Scientific Bulletin of the Politehnica University of Timi╚Öoara, Transactions on Mechanics"
"BPYXFSI3","journalArticle","On flexural properties of additive manufactured composites: Experimental, and numerical study","10.1016/j.compscitech.2021.109182","02/2022","Composites Science and Technology"
"XPNDJRVV","journalArticle","Effects of particle size, particle/matrix interface adhesion and particle loading on mechanical properties of particulateΓÇôpolymer composites","10.1016/j.compositesb.2008.01.002","September 2008","Elsevier"
"9VGR92WN","journalArticle","Estimating Three-Dimensional Body Orientation Based on an Improved Complementary Filter for Human Motion Tracking","10.3390/s18113765","2018-11-04","Sensors"
"WQ2NV7UX","journalArticle","Evaluation of intracellular labeling with micron-sized particles of iron oxide (MPIOs) as a general tool for in vitro and in vivo tracking of human stem and progenitor cells.","10.3727/096368911x627598","2012-08-01","Cell Transplantation"
"25Z45LIN","journalArticle","Activity of interneurons mediating reciprocal 1a inhibition during locomotion","10.1016/0006-8993(75)90974-9","1975-02-07","Brain Research"
"3G39Z4IG","journalArticle","Virtual pivot point: Always experimentally observed in human walking?","10.1371/journal.pone.0292874","2023-10-13","PLOS ONE"
"38Q5G82H","journalArticle","The convergence of monosynaptic excitatory afferents on to many different species of alpha motoneurones","10.1113/jphysiol.1957.sp005794","1957-06-18","The Journal of Physiology"
"BANB4GV9","journalArticle","Investigating surface finish, burr formation, and tool wear during machining of 3D printed carbon fiber reinforced polymer composite","10.1016/j.jmapro.2020.04.025","08/2020","Journal of Manufacturing Processes"
"L7AN5PSJ","journalArticle","Systematic generation of biophysically detailed models with generalization capability for non-spiking neurons","10.1371/journal.pone.0268380","2022-5-13","PLoS ONE"
"8PDPYH9F","journalArticle","Design and Control of a Pneumatic Muscle Servo Drive Containing Its Own Pneumatic Muscles","10.3390/app122111024","2022-10-31","Applied Sciences"
"3XDGMQ68","conferencePaper","Softworm: A soft, biologically inspired worm-like robot",,"2009",
"IJ5WJLAX","bookSection","Methods of Spiking Neural Networks","10.1007/978-3-662-57715-8_4","2019",
"84RJT5F6","conferencePaper","McKibben artificial muscles: pneumatic actuators with biomechanical intelligence",,"1999",
"THRQP9NI","conferencePaper","Modeling Length Effects of Braided Pneumatic Actuators","10.1115/detc2017-67458","2017",
"3IBDR6LB","journalArticle","Age-related differences in walking stability",,"Mar 2003","Age and Ageing"
"TEEFXWJD","journalArticle","Gradient-free optimization of chaotic acoustics with reservoir computing","10.1103/PhysRevFluids.7.014402","2022-1-31","Physical Review Fluids"
"XSDRGM5L","journalArticle","Planar Inverse Statics and Path Planning for a Tendon-Driven Discrete Continuum Robot","10.3390/robotics14070091","2025/7","Robotics"
"GXYDHJNV","journalArticle","Recent advances in physical reservoir computing: A review","10.1016/j.neunet.2019.03.005","07/2019","Neural Networks"
"4QFTQ6CG","journalArticle","Subject-Specific Finite Element Modeling of the Tibiofemoral Joint Based on CT, Magnetic Resonance Imaging and Dynamic Stereo-Radiography Data in Vivo","10.1115/1.4026228","March 24, 2014","Journal of Biomechanical Engineering"
"CVKGN5SJ","journalArticle","Motor Systems","10.1007/978-3-030-41878-6_9","2020-01-01",
"6GYUQC66","journalArticle","Ankle dorsi- and plantar-flexion torques measured by dynamometry in healthy subjects from 5 to 80 years","10.1186/1471-2474-14-104","2013/12","BMC Musculoskeletal Disorders"
"NDA8BFXJ","webpage","MAV Attitude Estimation Using Low-Cost MEMS Inertial Sensors and GPS,",,,
"B6HV344V","journalArticle","Toward the Fully Physics-Informed Echo State Network - an ODE Approximator Based on Recurrent Artificial Neurons",,"November 2020","arXiv"
"PPBAKDKY","attachment","2179838_publikacio.pdf",,,
"LTFQNRNP","webpage","Recent advances in 3D printing of biomaterials | Journal of Biological Engineering | Full Text",,,
"TFX2YU7X","journalArticle","3D printing of composite sandwich structures using continuous carbon fiber and fiber tension","10.1016/j.compositesa.2018.07.029","2018-10-01","Composites Part A: Applied Science and Manufacturing"
"DMFQPBNQ","journalArticle","Design and control of a pneumatic-driven biomimetic knee joint for biped robot","10.1109/AIM.2017.8013997","July 3-7, 2017","2017 IEEE International Conference on Advanced Intelligent Mechatronics"
"XAE86YWZ","conferencePaper","Resource Management with Deep Reinforcement Learning","10.1145/3005745.3005750","2016-11-09",
"7QKVJ72Y","journalArticle","Improvement of performance of a ductile/brittle polymer system by graphite nanoplatelets: effect of component coupling","10.1039/C7RA06611B","2017","RSC Advances"
"FJJMIM4R","journalArticle","Mini-Whegs TM Climbs Steep Surfaces Using Insect-inspired Attachment Mechanisms","10.1177/0278364908095334","2009-02-01","The International Journal of Robotics Research"
"5RD7M2P6","journalArticle","Symbiotic electroneural and musculoskeletal framework to encode proprioception via neurostimulation: ProprioStim","10.1016/j.isci.2023.106248","2023-03-17","iScience"
"KBVZE2HK","thesis","Delay Characterization and Performance Control of Wide-area Networks",,"May 2000",
"URKPKM47","webpage","(20) 3D PRINTED COMPOSITES - BENCHMARKING THE STATE-OF-THE-ART",,,
"HSZLG8XT","journalArticle","Reliable extrapolation of deep neural operators informed by physics or sparse observations","10.1016/j.cma.2023.116064","07/2023","Computer Methods in Applied Mechanics and Engineering"
"HQZX9CP7","journalArticle","Positive Force Feedback Control of Muscles","10.1152/jn.1997.77.6.3226","1997-06-01","Journal of Neurophysiology"
"AQMPY6Y8","journalArticle","Study of infill print design on production cost-time of 3D printed ABS parts","10.1504/IJRAPIDM.2015.074809","2015","International Journal of Rapid Manufacturing"
"TYZBHRBA","conferencePaper","FPGA Acceleration of Recurrent Neural Network Based Language Model","10.1109/FCCM.2015.50","May 2015",
"PT2VS82K","webpage","Airic's_arm brochure",,"2006-2009",
"8KVHJGVA","conferencePaper","Effects of Infill Patterns on Mechanical Properties of Chopped Carbon Fiber Reinforced Composites Produced by Fused Deposition Modeling","10.1093/mam/ozaf048.977","2025-07-25",
"JV4I555I","journalArticle","Influence of stimulus parameters on human postural responses",,"1988/06/01","Journal of Neurophysiology"
"A7969YC4","journalArticle","Networks of spiking neurons: The third generation of neural network models","10.1016/S0893-6080(97)00011-7","12/1997","Neural Networks"
"ZW7QJCRI","journalArticle","Asymmetric control of cycle period by the spinal locomotor rhythm generator in the adult cat.","10.1113/jphysiol.2009.176669","2009-10-01","The Journal of Physiology"
"63T4YNBZ","conferencePaper","Human-like movements of robotic arms with redundant DOFs: virtual spring-damper hypothesis to tackle the Bernstein problem","10.1109/ROBOT.2006.1641977","May 2006",
"A6DNHI84","journalArticle","Hybrid Parallel Compliance Allows Robots to Operate With Sensorimotor Delays and Low Control Frequencies",,"2021","Frontiers in Robotics and AI"
"8TM3EN2Y","journalArticle","Joint forces in extension of the knee: Analysis of a mechanical model","10.3109/17453678608993213","January 1, 1986","Acta Orthopaedica Scandinavica"
"DZYMDLT9","webpage","Left knee - CT scan - Extremity, Lower (Leg) CTs - embodi3D.com",,,
"WPV3BNCY","journalArticle","Enhancing postural stability in musculoskeletal quadrupedal locomotion through tension feedback for CPG-based controller","10.1088/1748-3190/ad839e","2024-11","Bioinspiration & Biomimetics"
"ED6XZDH8","journalArticle","Dynamic neural fields as a step toward cognitive neuromorphic architectures","10.3389/fnins.2013.00276","2014","Frontiers in Neuroscience"
"2RTXRPEW","journalArticle","Modeling and control of a curved pneumatic muscle actuator for wearable elbow exoskeleton","10.1016/j.mechatronics.2008.02.006","October 1, 2008","Mechatronics"
"VLMSA2TP","journalArticle","Ten Years of Living Machines Conferences: Transformers-based Automated Topic Grouping",,,
"CIGEXD4I","journalArticle","Organization of the Mammalian Locomotor CPG: Review of Computational Model and Circuit Architectures Based on Genetically Identified Spinal Interneurons(1,2,3).","10.1523/eneuro.0069-15.2015","2015-09-01",
"WQLQ5EAH","journalArticle","Unusual Quadrupedal Locomotion in Rat during Recovery from Lumbar Spinal Blockade of 5-HT7 Receptors.","10.3390/ijms22116007","2021-06-01","International Journal of Molecular Sciences"
"I8VV7QDD","journalArticle","Cerebellar encoding of limb position","10.1080/14734220410016735","May 2004","The Cerebellum"
"8PQPF6HQ","journalArticle","Differentiable plasticity: training plastic neural networks with backpropagation",,"2018-07-31","arXiv:1804.02464 [cs, stat]"
"JISEZI2K","journalArticle","Locomotion of snake-like robots using adaptive neural oscillators","10.1007/s11370-009-0049-4","1/2010","Intelligent Service Robotics"
"FD4228EF","conferencePaper","Toward an insect-inspired event-based autopilot combining both visual and control events","10.1109/EBCCSP.2017.8022822","May 2017",
"3VK9MD2A","journalArticle","A biologically inspired, flapping-wing, hybrid aerial-aquatic microrobot","10.1126/scirobotics.aao5619","2017-10-25","Science Robotics"
"K4CAGSMH","attachment","Pressure and Force Dynamics in Artificial Muscle Actuators A State-Space and Optimization-Based Approach.pdf",,,
"YDMN927A","journalArticle","The case for and against muscle synergies","10.1016/j.conb.2009.09.002","December 2009","Current Opinion in Neurobiology"
"T3IM7B7D","journalArticle","Online Learning Control of Hydraulic Excavators Based on Echo-State Networks","10.1109/TASE.2016.2582213","1/2017","IEEE Transactions on Automation Science and Engineering"
"6JTFMAT3","journalArticle","Design and Preliminary Results of a Reaction Force Series Elastic Actuator for Bionic Knee and Ankle Prostheses","10.1109/TMRB.2021.3098921","2021-08","IEEE Transactions on Medical Robotics and Bionics"
"LGDQ4IIM","conferencePaper","Development of intelligent McKibben actuator","10.1109/IROS.2005.1545315","2005-08",
"M7XBI48B","book","Rapid prototyping of biomaterials: techniques in additive manufacturing",,"2020",
"TSETT24Y","conferencePaper","Soft Tubular Strain Sensors for Contact Detection","10.1007/978-3-031-38857-6_16","2023",
"TJ9CGE77","journalArticle","Bioinspired growable humanoid robot with bone-mimetic linkages for versatile mobility","10.1126/sciadv.aea2831","2026-01-23","Science Advances"
"QZPAPALV","journalArticle","Distributed Central Pattern Generator Control for a Serpentine Robot",,,
"I27GLQFQ","journalArticle","Effect of 3D printing process parameters on the impact strength of onyx ΓÇô Glass fiber reinforced composites","10.1016/j.matpr.2020.10.467","2021","Materials Today: Proceedings"
"DUSUXXDR","conferencePaper","Design of a Multi-connection Pneumatic Artificial Muscle","10.1109/CYBER55403.2022.9907615","2022-07",
"ZQS9WHYI","journalArticle","Model Reduction And Neural Networks For Parametric PDEs","10.5802/smai-jcm.74","2021-07-07","The SMAI journal of computational mathematics"
"UGB9TZKD","webpage","3D bioprinting of collagen to rebuild components of the human heart | Science",,,
"597VE355","journalArticle","Neuromechanical Model of Rat Hind Limb Walking with Two Layer CPGs and Muscle Synergies","10.1007/978-3-319-95972-6_15","2018-07-17",
"NVVX3D33","journalArticle","What Is Normal Femoral Head/Neck Anatomy? An Analysis of Radial CT Reconstructions in Adolescents","10.1007/s11999-013-3166-5","2013-11","Clinical Orthopaedics and Related Research"
"YZ8T6G7R","journalArticle","Mode locking and Arnold tongues in integrate-and-fire neural oscillators","10.1103/PhysRevE.60.2086","1999-8-1","Physical Review E"
"HLAXTDDZ","journalArticle","A Tutorial on Bayesian Optimization",,"2018-07-08","arXiv:1807.02811 [cs, math, stat]"
"IXA2DMJ8","presentation","Determination of Artificial Muscle Placement for Biomimetic Humanoid Robot Legs",,"2019, May 17-18",
"RFG9QSAU","journalArticle","Intracellular analysis of reflex pathways underlying the stumbling corrective reaction during fictive locomotion in the cat.","10.1152/jn.00176.2005","2005-09-01","Journal of Neurophysiology"
"6Q73S5A7","journalArticle","Left-right locomotor coordination in human neonates","10.1523/jneurosci.0612-22.2022","2022-07-13","The Journal of Neuroscience"
"KKZ2ALDX","journalArticle","Deriving neural network controllers from neuro-biological data: Implementation of a single-leg stick insect controller","10.1007/s00422-011-0422-1","2024-10-22","ResearchGate"
"BHD3TP2Y","journalArticle","Posture control of a cockroach-like robot","10.1109/robot.1998.676348","1998-05-16",
"N4BLBPRP","journalArticle","Integrate-and-fire neurons with threshold noise: A tractable model of how interspike interval correlations affect neuronal signal transmission","10.1103/PhysRevE.72.021911","2005-8","Physical review. E, Statistical, nonlinear, and soft matter physics"
"KNDKUEKP","journalArticle","Organization of flexor-extensor interactions in the mammalian spinal cord: insights from computational modelling: Flexor-extensor interactions in the spinal cord","10.1113/JP272437","2016-11-01","The Journal of Physiology"
"ZFHJIVGD","journalArticle","Recent Progress on Polymer Materials for Additive Manufacturing","https://doi.org/10.1002/adfm.202003062","2020","Advanced Functional Materials"
"QAKKYGXZ","journalArticle","Adhesion and friction in gecko toe attachment and detachment","10.1073/pnas.0608841103","2006-12-19","Proceedings of the National Academy of Sciences"
"PTQN2CXT","conferencePaper","Feather-Inspired Sensor for Stabilizing Unmanned Aerial Vehicles in Turbulent Conditions","10.1007/978-3-319-63537-8_20","2017/07/26",
"8W6SDQMR","attachment","rc_irds.pdf",,,
"JIRKWEFC","preprint","Leveraging Multi-time Hamilton-Jacobi PDEs for Certain Scientific Machine Learning Problems",,"2023-05-17",
"MNC6TMBW","bookSection","Converting Biomechanical Models from OpenSim to MuJoCo","10.1007/978-3-030-70316-5_45","2022",
"5S3C5H6J","journalArticle","Neuromorphic Hardware System for Visual Pattern Recognition With Memristor Array and CMOS Neuron","10.1109/TIE.2014.2356439","April 2015","IEEE Transactions on Industrial Electronics"
"WJIAL27G","journalArticle","Biorobotic approaches to the study of motor systems",,"1998","Current Opinion in Neurobiology"
"23JAB7MQ","journalArticle","The locomotion of the low spinal cat. II. Interlimb coordination","10.1111/j.1748-1716.1980.tb06534.x","1980-03-01","Acta Physiologica Scandinavica"
"QVEH8E98","journalArticle","Enhancing postural stability in musculoskeletal quadrupedal locomotion through tension feedback for CPG-based controller","10.1088/1748-3190/ad839e","2024-11","Bioinspiration & Biomimetics"
"KPL489JI","note",,,,
"9IL8I37P","journalArticle","The Obstacle-Set Method for Representing Muscle Paths in Musculoskeletal Models","10.1080/10255840008915251","2000-01-01","Computer Methods in Biomechanics and Biomedical Engineering"
"DA2FGWHT","bookSection","Carbon Fiber","10.1007/978-4-431-55203-1_20","2016",
"TS7UMFA8","journalArticle","Two-Level Model of Mammalian Locomotor CPG","10.1007/978-1-4614-7320-6_49-2","2013-01-01",
"H7LDITI9","journalArticle","A distributed neural network architecture for hexapod robot locomotion","10.1162/neco.1992.4.3.356","1992-05-01","Neural Computation"
"NZ2GBL3H","conferencePaper","McKibben artificial muscle can be in accordance with the Hill skeletal muscle model","10.1109/BIOROB.2006.1639174","2006",
"VDAFUWT3","conferencePaper","McKibben artificial muscles: pneumatic actuators with biomechanical intelligence","10.1109/AIM.1999.803170","Sep. 1999",
"WZTJGTRS","journalArticle","Quadriceps Femoris Muscle Angle: Normal Values and Relationships with Gender and Selected Skeletal Measures","10.1093/ptj/69.11.897","November 1989","Physical Therapy"
"VVHPBJU2","conferencePaper","Using Animal Data and Neural Dynamics to Reverse Engineer a Neuromechanical Rat Model","10.1007/978-3-319-22979-9_21","2015",
"AZMXBGDA","journalArticle","Prediction of Elastic Properties Using Micromechanics of Polypropylene Composites Mixed with Ultrahigh-Molecular-Weight Polyethylene Fibers","10.3390/molecules27185752","2022-09-06","Molecules"
"GZJPAB4Q","journalArticle","The Anatomy of the Hip Joint","10.1007/978-1-4612-5224-5_3","1984","Surgery of the Hip Joint"
"LZQZ4VXN","bookSection","Optical Reflectometry for Component Characterization",,"1998",
"J736ITVR","journalArticle","Pneumatic-driven jumping robot with anthropomorphic muscular skeleton structure","10.1007/s10514-009-9171-6","2010-04-01","Autonomous Robots"
"Q4XZPARW","journalArticle","Adaptive Control Responses to Behavioral Perturbation Based Upon the Insect",,"2006-11-01",
"EA6U8SID","journalArticle","Signals from load sensors underlie interjoint coordination during stepping movements of the stick insect leg.","10.1152/jn.01271.2003","2004-07-01","Journal of Neurophysiology"
"AGDZA6HF","journalArticle","An Experimental Investigation and Characterization of <span style=""font-variant:small-caps;"">3D</span> ΓÇÉPrinted Short Carbon FiberΓÇÉReinforced Epoxy Composite Sandwich Structures Featuring Diverse Core Geometries Fabricated Using Customizable Inks","10.1002/pen.70204","11/2025","Polymer Engineering & Science"
"82SMHYIU","webpage","FW: Search plan and scorecard - ajh26@pdx.edu - Portland State University Mail",,,
"WK8SIICM","journalArticle","Compliant actuator designs","10.1109/MRA.2009.933629","2009","IEEE Robotics & Automation Magazine"
"DA52UBUE","journalArticle","Role of annealing and isostatic compaction on mechanical properties of 3D printed short glass fiber nylon composites","10.1016/j.addma.2022.102599","03/2022","Additive Manufacturing"
"CZV68NPZ","conferencePaper","Training a Spiking Neural Network to Control a 4-DoF Robotic Arm based on Spike Timing-Dependent Plasticity","10.1109/IJCNN.2010.5596525","August 23, 2010",
"9NU4562R","conferencePaper","Mechanical Improvements to TCERA, a Tunable Compliant Energy Return Actuator","10.1007/978-3-319-22979-9_41","2015/7/28",
"EXETXBE6","journalArticle","Sensory Feedback Induced by Front-Leg Stepping Entrains the Activity of Central Pattern Generators in Caudal Segments of the Stick Insect Walking System","10.1523/JNEUROSCI.3155-08.2009","2009-03-04","Journal of Neuroscience"
"MPWGVRNJ","journalArticle","Force-sensitive afferents recruited during stance encode sensory depression in the contralateral swinging limb during locomotion.","10.1111/nyas.12055","2013-03-01","Annals of the New York Academy of Sciences"
"9UAZV7KN","journalArticle","FLEXURAL BEHAVIOR OF FDM PARTS: EXPERIMENTAL, ANALYTICAL AND NUMERICAL STUDY",,,
"Z8WI3BW3","journalArticle","SpikePropamine: Differentiable Plasticity in Spiking Neural Networks","10.3389/fnbot.2021.629210","2021-09-22","Frontiers in Neurorobotics"
"AT926EMG","journalArticle","A Silicon Central Pattern Generator Controls Locomotion in Vivo","10.1109/TBCAS.2008.2001867","9/2008","IEEE Transactions on Biomedical Circuits and Systems"
"SWRJ9NBQ","journalArticle","International Journal of Humanoid Robotics",,,"International Journal of Humanoid Robotics"
"FC4AZDFJ","journalArticle","Strategies for dynamic stability during adaptive human locomotion","10.1109/MEMB.2003.1195695","03/2003","IEEE Engineering in Medicine and Biology Magazine"
"WZCYBQ87","journalArticle","Biomechanical model of knee collateral ligament injury with six degrees of freedom","https://doi.org/10.1007/s11517-015-1373-9","May 2016","Medical & Biological Engineering & Computing"
"CIXCAVQN","thesis","Design and control of a robotic leg with braided pneumatic actuators (Master's Thesis)",,"2000",
"8WD52I4I","journalArticle","Identification of passive elastic joint moments in the lower extremities","10.1016/S0021-9290(99)00009-3","May 1999","Journal of Biomechanics"
"V6CPJQZG","conferencePaper","Design and analysis of planar rotary springs","10.1109/IROS.2017.8206352","9/2017",
"7KLRC8VP","journalArticle","Neuronal plasticity: historical roots and evolution of meaning","10.1007/s00221-008-1611-6","2009-01","Experimental Brain Research"
"E5VXBQTY","journalArticle","A Soft-Body Controller with Ubiquitous Sensor Feedback","10.1007/978-3-642-31525-1_4","2012-07-09",
"RWE2AKP6","magazineArticle","Piecewise affine modeling and constrained optimal control for a pneumatic artificial muscle",,"2014","IEEE Transactions on Industrial Electronics"
"CXULGZI9","journalArticle","Postural Compensation for Unilateral Vestibular Loss","10.3389/fneur.2011.00057","2011","Frontiers in Neurology"
"7MEM4AYD","journalArticle","Passive dynamics change leg mechanics for an unexpected surface during human hopping","10.1152/japplphysiol.00393.2004","2004-10","Journal of Applied Physiology"
"5N9DC6CS","journalArticle","Local loss of proprioception results in disruption of interjoint coordination during locomotion in the cat","10.1152/jn.2000.84.5.2709","2000-11","Journal of Neurophysiology"
"JFL785DN","journalArticle","Design and control of a pneumatic musculoskeletal biped robot","10.3233/THC-161167","2016-06-13","Technology and Health Care"
"PHUMZDCQ","journalArticle","Contribution of morphology and membrane resistance to integration of fast synaptic signals in two thalamic cell types","10.1113/jphysiol.2006.113043","2006-11-15","The Journal of Physiology"
"B2ZMQCCW","journalArticle","Recovery of locomotion after chronic spinalization in the adult cat","10.1016/0006-8993(87)91442-9","1987-05-26","Brain Research"
"3WP5P7AM","conferencePaper","Accurate force function approximation for pneumatic artificial muscles",,"2011",
"YLTNZ9NK","journalArticle","Designing McKibben muscles: a critical review for practical implementation","10.1088/1748-3190/ae66c0","2026-05-30","Bioinspiration & Biomimetics"
"I8RERQWK","journalArticle","Evolution and Development of a Central Pattern Generator for the Swimming of a Lamprey","10.1162/106454699568773","07/1999","Artificial Life"
"TQV64KL3","patent","High-Speed Digital-to-RF Converter",,,
"XS5EAHCQ","journalArticle","Perspectives on biologically inspired hybrid and multi-modal locomotion","10.1088/1748-3190/10/2/020301","2015-03","Bioinspiration & Biomimetics"
"9W9YN69A","journalArticle","Effect of processing conditions on crystallization kinetics during materials extrusion additive manufacturing","10.1016/j.polymer.2018.09.018","2018-10-10","Polymer"
"JPDZ6CTR","journalArticle","Factors affecting quality of life in lower limb amputees","10.1177/0309364610397087","March 1, 2011","Prosthetics and Orthotics International"
"ZPWAHGLR","journalArticle","Bio-Inspired Soft Robot for Locomotion and Navigation in Restricted Spaces","10.36959/673/374","2021/05/29","Journal of Robotics and Automation"
"UG64DXCA","journalArticle","Analyzing Modeled Torque Profiles to Understand Scale-Dependent Active Muscle Responses in the Hip Joint","10.3390/biomimetics7010017","2022/3","Biomimetics"
"IUJ5W8C4","journalArticle","How detailed is the central pattern generation for locomotion","10.1016/0006-8993(75)90401-1","1975-05-02","Brain Research"
"W86L3DY3","document","OpenSim: a musculoskeletal modeling and simulation framework for in silico investigations and exchange.",,"2011",
"P44MB69M","journalArticle","Functional role of muscle reflexes for force generation in the decerebrate walking cat",,"2000","Journal of Physiology"
"T6992UUY","journalArticle","The rigid amorphous fraction of cold-crystallized polyamide 6","https://doi.org/10.1016/j.polymer.2012.08.017","2012","Polymer"
"WI4RWMFY","journalArticle","Analysis of Chaotic Resonance in Izhikevich Neuron Model","10.1371/journal.pone.0138919","2015-9-30","PLOS ONE"
"95EJV9GJ","journalArticle","Recent advances in evolutionary and bio-inspired adaptive robotics: Exploiting embodied dynamics","10.1007/s10489-021-02275-9","2021-05-10","Applied Intelligence"
"CEUPHJQ2","journalArticle","A bio-inspired condylar hinge joint for mobile robots","10.1109/IROS.2011.6048561","September 2011","International Conference on Intelligent Robots and Systems"
"PNNGRK23","journalArticle","Proprioceptive regulation of locomotion.","10.1016/0959-4388(95)80107-3","1995-12-01","Current Opinion in Neurobiology"
"IEA2NQW5","journalArticle","Clinical evaluation of hip joint rotation range of motion in adults","10.1016/j.otsr.2011.08.015","02/2012","Orthopaedics & Traumatology: Surgery & Research"
"MK6IER6I","journalArticle","Anisotropy of poly(lactic acid)/carbon fiber composites prepared by fused deposition modeling","10.1002/app.48786","2020-06-15","Journal of Applied Polymer Science"
"394JWXUG","journalArticle","Functional plasticity following spinal cord lesions.","10.1016/s0079-6123(06)57016-5","2006-01-01","Progress in Brain Research"
"7ID949EQ","journalArticle","Development and functional organization of spinal locomotor circuits","10.1016/j.conb.2010.09.004","2/2011","Current Opinion in Neurobiology"
"ARPGJ3QH","journalArticle","Waalbot: An Agile Small-Scale Wall-Climbing Robot Utilizing Dry Elastomer Adhesives","10.1109/TMECH.2007.897277","June 2007","IEEE/ASME Transactions on Mechatronics"
"PN9RR8WN","conferencePaper","Design of a Quadruped Robot Driven by Air Muscles","10.1109/BIOROB.2006.1639201","2006-02",
"DS9NWBP3","book","Composite Materials",,"2021",
"LRYQ34IZ","journalArticle","A theory of healing at a polymer-polymer interface","10.1021/ma00241a013","1983-07","Macromolecules"
"GZXKXTD6","journalArticle","Second order sliding mode output feedback control with switching gainsΓÇöApplication to the control of a pneumatic actuator","10.1016/j.jfranklin.2013.07.011","04/2014","Journal of the Franklin Institute"
"89Z3CY2N","journalArticle","Neural Schr├╢dinger Equation: Physical Law as Deep Neural Network","10.1109/TNNLS.2021.3120472","2021","IEEE Transactions on Neural Networks and Learning Systems"
"GSVQHVD4","journalArticle","Learning input correlations through nonlinear temporally asymmetric Hebbian plasticity","10.1523/JNEUROSCI.23-09-03697.2003","2003-05-01","The Journal of Neuroscience: The Official Journal of the Society for Neuroscience"
"IYMF9ATJ","journalArticle","Modelling spinal circuitry involved in locomotor pattern generation: insights from the effects of afferent stimulation","10.1113/jphysiol.2006.118711","2006","The Journal of Physiology"
"SPJ6RT9J","journalArticle","SuperSpike: Supervised Learning in Multilayer Spiking Neural Networks","10.1162/neco_a_01086","06/2018","Neural Computation"
"WBYYLVLF","journalArticle","Soft robotics: a bioinspired evolution in robotics","10.1016/j.tibtech.2013.03.002","2013-05-01","Trends in Biotechnology"
"MT3GCF4K","journalArticle","Adaptation of postural control to perturbationsΓÇöa process that initiates long-term motor memory","10.1016/S0966-6362(01)00175-8","February 2002","Gait & Posture"
"6UYZPIWQ","journalArticle","Feeding CPG in <i>Aplysia</i> Directly Controls Two Distinct Outputs of a Compartmentalized Interneuron That Functions as a CPG Element","10.1152/jn.00965.2007","12/2007","Journal of Neurophysiology"
"G8URSA5Z","journalArticle","Muscle Tendon Passive Parameter Estimation Using Musculoskeletal Optimal Control","10.1007/s10439-025-03874-0","2026-01-01","Annals of Biomedical Engineering"
"PA422ANI","preprint","SMS: Spiking Marching Scheme for Efficient Long Time Integration of Differential Equations",,"2022-11-17",
"B7T6PNNS","book","Polymeric materials and processing: plastics, elastomers, and composites",,"1991",
"FVYLSIJJ","webpage","Compiling and Simulating Networks ΓÇö SNS-Toolbox 1.5.0 documentation",,,
"J2XUYU4G","journalArticle","the Spontaneously Locomoting Premammillary Cat Heterogenic Feedback Between Hindlimb Extensors in",,"2013-01-01",
"T8M5VWHR","journalArticle","Implementation of Kalman Filtering with Spiking Neural Networks","10.3390/s22228845","2022-11-16","Sensors"
"PB37JHI8","journalArticle","Design of a Novel Bio-Inspired Three Degrees of Freedom (3DOF) Spherical Robotic Manipulator and Its Application in HumanΓÇôRobot Interactions","10.3390/robotics14020008","2025/2","Robotics"
"EAM27VEP","journalArticle","Laser-Directed Energy Deposition Additive Manufacturing of NickelΓÇôTitanium Coatings: Deposition Morphology, Microstructures, and Mechanical Properties","10.1002/adem.202200965","2023","Advanced Engineering Materials"
"RS4KPZBZ","journalArticle","Measurement and modeling of McKibben pneumatic artificial muscles","10.1109/70.481753","1996-02","IEEE Transactions on Robotics and Automation"
"72AX3R88","journalArticle","Solving inverse-PDE problems with physics-aware neural networks","10.1016/j.jcp.2021.110414","09/2021","Journal of Computational Physics"
"Y4QUXHZ6","conferencePaper","Its Got Whegs",,"2002",
"9EJSPRUI","journalArticle","Functional role of airflow-sensing hairs on the bat wing","10.1152/jn.00261.2016","2017/02/01","Journal of Neurophysiology"
"32ANFIID","journalArticle","Optimal feedback control as a theory of motor coordination","10.1038/nn963","2002-11","Nature Neuroscience"
"GF95QC93","journalArticle","Discharges of single hindlimb afferents in the freely moving cat.","10.1152/jn.1976.39.5.1090","1976-09-01","Journal of Neurophysiology"
"5FDJC6H3","journalArticle","Models of ensemble firing of muscle spindle afferents recorded during normal locomotion in cats","10.1111/j.1469-7793.1998.277bu.x","1998","The Journal of Physiology"
"WZQ9ALUW","journalArticle","Predictive and reactive tuning of the locomotor CPG","10.1093/icb/icm065","2007-10-01","Integrative and Comparative Biology"
"WTY2DFKG","journalArticle","A mathematical modeling study of inter-segmental coordination during stick insect walking.","10.1007/s10827-010-0254-3","2010","Journal of computational neuroscience"
"7H4BZDUT","journalArticle","Mechanical entrainment of fictive locomotion in the decerebrate cat.","10.1152/jn.1994.71.6.2074","1994-06-01","Journal of Neurophysiology"
"RQXLXJLR","journalArticle","Insects did it first: a micropatterned adhesive tape for robotic applications","10.1088/1748-3182/2/4/S01","2007-10","Bioinspiration &amp$\mathsemicolon$ Biomimetics"
"V2MTKKU2","attachment","biocaslewis.pdf",,,
"WY5PW42A","journalArticle","Evolutionary algorithms and their applications to engineering problems","10.1007/s00521-020-04832-8","08/2020","Neural Computing and Applications"
"GT2AJFPW","journalArticle","Biomechanics of the natural, arthritic, and replaced human ankle joint","10.1186/1757-1146-7-8","12/2014","Journal of Foot and Ankle Research"
"J386HS4J","journalArticle","Human hipΓÇôankle coordination emerging from multisensory feedback control","10.1016/j.humov.2014.07.004","October 2014","Human Movement Science"
"8SZGUGSY","journalArticle","Dual-mode operation of neuronal networks involved in leftΓÇôright alternation","10.1038/nature12286","2013-08","Nature"
"JSTBWITQ","thesis","Internal Structure of the Fly Elementary Motion Detector",,"9-30-2011",
"EW9CIRNC","journalArticle","Evaluating the effect of variable fiber content on mechanical properties of additively manufactured continuous carbon fiber composites","10.1177/0731684420963217","05/2021","Journal of Reinforced Plastics and Composites"
"XYIDV4QU","document","Biologically relevant Dunamical behaviors Realized in an Ultra-Compact NM",,,
"KA3F9ZUY","journalArticle","Characterization of Fiber Volume Fraction Gradients in Composite Laminates","10.1177/0021998307086206","03/2008","Journal of Composite Materials"
"P4YZ3HHC","journalArticle","A Piecewise-Linear Approximation of the Canonical Spring-Loaded Inverted Pendulum Model of Legged Locomotion","10.1115/1.4029664","2016-01-01","Journal of Computational and Nonlinear Dynamics"
"JVYBTIS4","journalArticle","Mathematical Models of Proprioceptors. I. Control and Transduction in the Muscle Spindle","10.1152/jn.00868.2005","2006-10","Journal of Neurophysiology"
"PPXF84YV","conferencePaper","The DLR C-runner: Concept, design and experiments","10.1109/HUMANOIDS.2016.7803359","2016-11",
"MK9FRYP9","conferencePaper","Disturbance observer based control for gust alleviation of a small fixed-wing UAS","10.1109/ICUAS.2016.7502575","June 2016",
"RN98GFMR","journalArticle","Fourier Neural Operator for Parametric Partial Differential Equations",,"2021-05-16","arXiv:2010.08895 [cs, math]"
"SPVPDZVH","journalArticle","Evaluation of compressive and flexural properties of continuous fiber fabrication additive manufacturing technology","10.1016/j.addma.2018.05.007","08/2018","Additive Manufacturing"
"BVKKWPPE","journalArticle","Screenbot: Walking inverted using distributed inward gripping","10.1109/IROS.2008.4651045","September 2008","2008 IEEE/RSJ International Conference on Intelligent Robots and Systems"
"BMZ6YAAM","journalArticle","A multiscale study of heat treatment effects on the interlayer mechanical properties of <span style=""font-variant:small-caps;"">3D</span> printed continuous carbon fiberΓÇÉreinforced composites","10.1002/pc.28034","2024-04-10","Polymer Composites"
"ZL5YYPLJ","bookSection","Theory of the Backpropagation Neural Network","10.1016/B978-0-12-741252-8.50010-8","1992",
"ZZV2HJSN","thesis","Constructive role of plasticity rules in reservoir computing",,"September 2019",
"4RS97224","bookSection","Bio-inspired Distributed Strain and Airflow Sensing for Small Unmanned Air Vehicle Flight Control","10.2514/6.2017-1487","January 5, 2017",
"S8N48FT6","journalArticle","Carbon Nanotubes Reinforced Nylon-6 Composite Prepared by Simple Melt-Compounding","10.1021/ma035594f","24 December 2003","Macromolecules"
"CWKXN6Q2","journalArticle","OpenSim: Open-Source Software to Create and Analyze Dynamic Simulations of Movement","10.1109/TBME.2007.901024","11/2007","IEEE Transactions on Biomedical Engineering"
"7HJMQEHT","journalArticle","FOR STANDARDIZATION IN THE REPORTING OF KINEMATIC DATA","0021-9290(95)00017-8","1995","Journal Biomechanics"
"JRI574BY","journalArticle","Solving high-dimensional partial differential equations using deep learning","10.1073/pnas.1718942115","2018-08-21","Proceedings of the National Academy of Sciences"
"BZJCZKLC","book","MATE: MPLS Adaptive Traffic Engineering",,"1999",
"N3QJQTY2","journalArticle","Comparative Locomotor Systems","10.1002/9781118133880.hop203007","2012-09-26",
"9K28EYWQ","conferencePaper","Spike Timing Dependent Plasticity Organizes Type Ia Muscle Afferents in a Synthetic Nervous System","10.1007/978-3-032-07448-5_34","2025",
"VAYNPQ2V","journalArticle","An Adaptive Bioinspired Foot Mechanism Based on Tensegrity Structures","10.1089/soro.2018.0168","2019-12-01","Soft Robotics"
"LMJRQDMC","journalArticle","Strength of Onyx-based composite 3D printing materials according to fiber reinforcement","10.3389/fmats.2023.1183816","2023-4-28","Frontiers in Materials"
"EXAFP5SJ","journalArticle","Design process and tools for dynamic neuromechanical models and robot controllers","10.1007/s00422-017-0711-4","2017-02-01","Biological Cybernetics"
"T6LC4L5Z","conferencePaper","Local Asymptotic Stability Analysis and Region of Attraction Estimation with Gaussian Processes","10.1109/CDC40024.2019.9029489","12/2019",
"2JGSSVN9","journalArticle","Simple model of spiking neurons","10.1109/TNN.2003.820440","2003-11","IEEE Transactions on Neural Networks"
"TTJJWBGL","journalArticle","A smart walker based on a hybrid motion model and machine learning method","10.1016/j.mechatronics.2023.103069","2023-12-01","Mechatronics"
"J6N4AETQ","conferencePaper","DIGbot: A robot that climbs with distributed inward gripping",,"2009",
"R35CFLMX","journalArticle","Pipe Network Locomotion with a Snake Robot","10.1002/rob.21549","2016","Journal of Field Robotics"
"FPCB7SPU","conferencePaper","Robust motion control with autonomous consideration algorithm of joint torque saturation","10.1109/IECON.1998.723003","August 1998",
"Y32E8ES5","journalArticle","Chemical ablation of sensory afferents in the walking system of the cat abolishes the capacity for functional recovery after peripheral nerve lesions","10.1007/s00221-003-1445-1","2003-05","Experimental Brain Research"
"9K27QB6V","conferencePaper","Pulse Modulation in Braided Pneumatic Actuators Mimics Contractile Behavior of Biological Muscles","10.1007/978-3-031-72597-5_16","2024",
"LTPKZ64A","webpage","Autodesk Meshmixer",,,
"YP3YWFWY","attachment","The_Effect_of_Infill_Parameter.pdf",,,
"WPJLJZFT","attachment","Design and Implementation of High-Precision Hybrid Robotic Systems.pdf",,,
"NWYHGFR3","journalArticle","Convergent evolution and locomotion through complex terrain by insects, vertebrates and robots","10.1016/j.asd.2004.05.001","2004-07-01","Arthropod Structure & Development"
"HKXA2TBV","journalArticle","Parallel Complementary Strategies for Implementing Biological Principles into Mobile Robots","10.1177/0278364903022003003","2003-03-01","The International Journal of Robotics Research"
"RYH82E4K","journalArticle","Study of the Mechanical Properties of 3D-printed Onyx Parts: Investigation on Printing Parameters and Effect of Humidity","10.1016/j.cjmeam.2023.100075","06/2023","Chinese Journal of Mechanical Engineering: Additive Manufacturing Frontiers"
"EKF4Y7WV","conferencePaper","Investigation of Tip Extrusion as an Additive Manufacturing Strategy for Growing Robots","10.1007/978-3-319-95972-6_30","2018",
"9ZD4QXDK","journalArticle","A discrete-time stable controller for an omni-directional mobile robot based on an approximated model","10.1016/j.conengprac.2010.11.008","2/2011","Control Engineering Practice"
"JVU324HI","journalArticle","A comparative anatomical study of the human knee and six animal species",,"2012","The Knee"
"JM4PLYGN","journalArticle","Role of annealing and isostatic compaction on mechanical properties of 3D printed short glass fiber nylon composites","10.1016/j.addma.2022.102599","03/2022","Additive Manufacturing"
"27XWWFFT","journalArticle","An overview of experiments on the dynamic sensitivity of MAVs to turbulence","10.1017/S0001924000003973","2010/08","The Aeronautical Journal"
"XLWNS24A","conferencePaper","Ankle intrinsic stiffness is modulated by postural sway","10.1109/EMBC.2017.8036765","July 2017",
"766IZ6IZ","journalArticle","Glass transition temperature versus structure of polyamide 6: A flash-DSC study","10.1016/j.tca.2017.09.021","11/2017","Thermochimica Acta"
"FI96FUU5","book","Stochastic methods: a handbook for the natural and social sciences",,"2009",
"TRMRW78S","attachment","J Exp Zool Pt A - 2023 - Coughlin - Muscle power production during intermittent swimming in bluegill sunfish.pdf",,,
"83VWTBIM","journalArticle","A unified view of quiet and perturbed stance: simultaneous co-existing excitable modes","10.1016/j.neulet.2004.11.071","March 29, 2005","Neuroscience Letters"
"LHB4CXHW","journalArticle","Circuits controlling vertebrate locomotion: moving in a new direction","10.1038/nrn2608","2009-07-01","Nature Reviews Neuroscience"
"3YGTGKIN","book","Flight Control Group Lead",,,
"TN5ZR96S","journalArticle","Spinal pattern generation","10.1016/0959-4388(94)90139-2","1994-12-01","Current Opinion in Neurobiology"
"DX7DSGWT","webpage","Pattern formation in the Drosophila retina",,,
"5CNX5HEL","book","An introduction to composite materials","10.1017/9781139050586","2019",
"2UQEDLWN","journalArticle","Identification of passive elastic joint moments in the lower extremities","10.1016/S0021-9290(99)00009-3","May 1, 1999","Journal of Biomechanics"
"2IMENNEQ","thesis","Design of a Quadruped Robot Driven by Air Muscles (Master's thesis)",,"2006",
"UVQB39BN","journalArticle","SLAYER: Spike Layer Error Reassignment in Time",,"2018-09-05","arXiv:1810.08646 [cs, stat]"
"JTXLJPMD","journalArticle","Robust coding of flow-field parameters by axo-axonal gap junctions between fly visual interneurons",,"2007","Proceedings of the National Academy of Sciences"
"JR7NNBK2","journalArticle","Maintenance of Lateral Stability During Standing and Walking in the Cat","10.1152/jn.90934.2008","2009/01/01","Journal of Neurophysiology"
"Z8TF4VDH","journalArticle","Neuromechanics: an integrative approach for understanding motor control.","10.1093/icb/icm024","2007-07-01","Integrative and Comparative Biology"
"ZMZ42A4F","journalArticle","A neural network with central pattern generators entrained by sensory feedback controls walking of a bipedal model","10.1088/1748-3190/aa8290","October 2017","Bioinspiration & Biomimetics"
"QC9DMVTL","journalArticle","Symmetry in legged locomotion: a new method for designing stable periodic gaits","10.1007/s10514-016-9593-x","6/2017","Autonomous Robots"
"UDFVCUK6","journalArticle","Rate Models for Conductance-Based Cortical Neuronal Networks","10.1162/08997660360675053","2003-08","Neural Computation"
"LI7K3CD6","journalArticle","Robotic investigation on effect of stretch reflex and crossed inhibitory response on bipedal hopping","10.1098/rsif.2018.0024","March 2018","Journal of The Royal Society Interface"
"GQNPU75G","journalArticle","The locomotion of the low spinal cat. I. Coordination within a hindlimb.","10.1111/j.1748-1716.1980.tb06533.x","1980-03-01","Acta Physiologica Scandinavica"
"AHW5JSSY","journalArticle","Practice-related improvements in posture control differ between young and older adults exposed to continuous, variable amplitude oscillations of the support surface","10.1007/s00221-009-1995-y","2009-11","Experimental brain research. Experimentelle Hirnforschung. Experimentation cerebrale"
"5XWMARHZ","journalArticle","Muscle spindle discharge in normal and obstructed movements.","10.1113/jphysiol.1979.sp012645","1979","The Journal of Physiology"
"74RR54ME","journalArticle","Miniature curved artificial compound eyes","10.1073/pnas.1219068110","06/04/2013","Proceedings of the National Academy of Sciences"
"AWC7CM43","journalArticle","A method to study and enhance the energy efficiency of soft electrostatic actuators","10.1073/pnas.2527676123","2026-02-10","Proceedings of the National Academy of Sciences"
"9IVLRFRB","attachment","Blickhan89JBiom.pdf",,,
"YPB92LLZ","bookSection","Neuromechanical Model of Rat Hind Limb Walking with Two Layer CPGs and Muscle Synergies","10.1007/978-3-319-95972-6_15","2018",
"KYTGDSNF","presentation","Designing Sensory Feedback Pathways for Stability and Robustness in Quadrupedal Hind Limb Stepping",,"06/15/2021",
"U4D6WWLZ","journalArticle","Alternative to Hand-Tuning Conductance-Based Models: Construction and Analysis of Databases of Model Neurons","10.1152/jn.00641.2003","2003-12","Journal of Neurophysiology"
"FHQIIG2X","journalArticle","Multifunctional polypropylene composites produced by incorporation of exfoliated graphite nanoplatelets","10.1016/j.carbon.2007.03.029","2007-06-01","Carbon"
"5HFW8HKN","standard","ASTM D790-17: Standard Test Methods for Flexural Properties of Unreinforced and Reinforced Plastics and Electrical Insulating Materials.",,,
"YIYX5QSQ","journalArticle","Studies on Mechanical Properties of Banana/E-Glass Fabrics Reinforced Polyester Hybrid Composites",,"2016",
"E8AQY4SZ","journalArticle","Evolution and analysis of model CPGs for walking: II. General principles and individual variability.","10.1023/a:1008920021246","1999-09-01","Journal of Computational Neuroscience"
"WVY8U8ZE","journalArticle","Spinal interneuronal networks in the cat: Elementary components","10.1016/j.brainresrev.2007.06.022","2008-01-01","Brain Research Reviews"
"PT9F32KI","journalArticle","Evaluation of the Mechanical Properties of 3D Printed Carbon Fiber Composites",,,
"RK3JWYKL","conferencePaper","Aerodynamic Sensing for a Fixed Wing UAS Operating at High Angles of Attack","10.2514/6.2012-4416","2012",
"HMVIC782","journalArticle","Biomimetic Knee Design to Improve Joint Torque and Life for Bipedal Robotics",,,
"S8BNSKGN","attachment","IEEE Xplore Full Text PDF",,,
"D3VJLVEK","book","Clinically Oriented Anatomy",,"2013-02-13",
"SYM9UPH7","journalArticle","A simple model for clock-actuated legged locomotion","10.1134/S1560354707050048","10/2007","Regular and Chaotic Dynamics"
"72EAGA7J","book","Oversampling Delta-Sigma Data Converters Theory, Design and Simulation",,"1992",
"S9YC4UYF","journalArticle","Analyzing Moment Arm Profiles in a Full-Muscle Rat Hindlimb Model","10.3390/biomimetics4010010","2019/3","Biomimetics"
"6TXT4QS5","journalArticle","Potential and current practices of recycling waste printed circuit boards: A review of the recent progress in pyrometallurgy","10.1016/j.jenvman.2022.115242","2022-08-15","Journal of Environmental Management"
"WY2DPHTD","journalArticle","A multisensory integration model of human stance control","10.1007/s004220050527","Dec 1998","Biological Cybernetics"
"L5VXT54M","bookSection","Neuromorphic Computing and Sensing in Space","10.1201/9781003366386-4","2023-11-17",
"XVEVS8H7","journalArticle","A Recurrent Neural Network for Modelling Dynamical Systems",,,
"BY42KNQJ","journalArticle","A Bio-Inspired Flying Robot Sheds Light on Insect Piloting Abilities","10.1016/j.cub.2006.12.032","February 20, 2007","Current Biology"
"GDRVERJF","webpage","Medical Connections Activation",,,
"A4UXW6CJ","journalArticle","Muscle modes during shifts of the center of pressure by standing persons: effect of instability and additional support","10.1007/s00221-003-1812-y","2004-07-01","Experimental Brain Research"
"UNBA8DCW","journalArticle","Identified interneurons contributing to locomotion in mammals","10.1016/b978-0-12-819260-3.00009-3","2023-01-01","Elsevier eBooks"
"TNNT3BZY","journalArticle","Effect of annealing treatment on mechanical properties of 3D-Printed composites","10.1016/j.jmrt.2023.01.097","03/2023","Journal of Materials Research and Technology"
"SXPJ725B","journalArticle","Anisotropic material behavior of 3D printed composite structures ΓÇô Material extrusion additive manufacturing","10.1016/j.matdes.2020.108953","2020-10-01","Materials & Design"
"KMKXUJW7","conferencePaper","A robust controller for manipulator driven by artificial muscle actuator","10.1109/CCA.1996.558917","1996-09",
"GBQKJSRT","journalArticle","Event-Based Attention and Tracking on Neuromorphic Hardware",,,
"SQPK2FPY","journalArticle","3D printing for continuous fiber reinforced thermoplastic composites: mechanism and performance","10.1108/RPJ-08-2015-0098","2017-01-01","Rapid Prototyping Journal"
"RMA2S4II","conferencePaper","A simplified model for a biomechanical joint with soft cartilage","10.1109/ICSMC.2004.1398393","October 2004",
"LGWQF2MW","journalArticle","Validation of Thigh Angle Estimation Using Inertial Measurement Unit Data against Optical Motion Capture Systems","10.3390/s19030596","2019-01-31","Sensors"
"7SXSC6XR","journalArticle","Simplified neuron model as a principal component analyzer",,"1982","Journal of Mathematical Biology"
"8DA7RMSA","journalArticle","Role of compliant mechanics and motor control in hopping - from human to robot","10.1038/s41598-024-57149-0","2024-03-21","Scientific Reports"
"5WYHFU4V","journalArticle","Decoding the mechanisms of gait generation in salamanders by combining neurobiology, modeling and robotics","10.1007/s00422-012-0543-1","10/2013","Biological Cybernetics"
"YWWDNG6D","attachment","1-s2.0-S0092867417308280-main.pdf",,,
"XEIVJ7XF","journalArticle","Basin of Attraction and Limit Cycle Oscillation Amplitude of an Ankle-Hip Model of Balance on a Balance Board","10.1115/1.4043563","2019-11-01","Journal of Biomechanical Engineering"
"CRCEXAZT","journalArticle","A method of calculating physiologically relevant joint reaction forces during forward dynamic simulations of movement from an existing knee model","10.1016/j.jbiomech.2007.11.020","2008","Journal of Biomechanics"
"SXBP8YFF","journalArticle","Spikes alone do not behavior make: why neuroscience needs biomechanics.","10.1016/j.conb.2011.05.017","June 2011","Current opinion in neurobiology"
"QNPQBNNG","book","Modern Robotics",,"2017-05-25",
"NQYRNL4U","journalArticle","A Stochastic Approximation Method",,"September 1951","The Annals of Mathematical Statistics"
"LPG6TYBG","journalArticle","A Synthetic Nervous System Controls a Simulated Cockroach","10.3390/app8010006","2017-12-22","Applied Sciences"
"CDHJ5E23","journalArticle","The Cat Model of Spinal Cord Injury","10.1007/978-1-62703-197-4_8","2013-01-01",
"4CWCLLWF","journalArticle","Variable stiffness morphing limb for amphibious legged robots inspired by chelonian environmental adaptations","10.1088/1748-3190/ab68e8","2020-02","Bioinspiration &amp$\mathsemicolon$ Biomimetics"
"UJJYC4H7","journalArticle","Neurons with graded response have collective computational properties like those of two-state neurons.","10.1073/pnas.81.10.3088","1984-05","Proceedings of the National Academy of Sciences"
"DFIDKK6G","journalArticle","Brainless Running: A Quasi-quadruped Robot with Decentralized Spinal Reflexes by Solely Mechanical Devices",,,
"TKXWG8MJ","webpage","Applied Sciences | Free Full-Text | A Novel Type of Wall-Climbing Robot with a Gear Transmission System Arm and Adhere Mechanism Inspired by Cicada and Gecko",,,
"6IQVYGQE","journalArticle","Sensorimotor Integration in the Spinal Cord, from Behaviors to Circuits: New Tools to Close the Loop?","10.1007/978-3-319-12913-6_8","2015-01-01",
"6HH9HS2W","conferencePaper","A Simple Dynamic Controller for Emulating Human Balance Control","10.1007/978-3-031-39504-8_16","2023",
"7LYG3UM8","journalArticle","Load Detectors and Their Reflexes During Gait in Cat and Man","10.1007/978-94-010-0870-9_20","2000-01-01",
"KAN6R536","journalArticle","The effect of polymerization variables on the induction time and morphology of polycaprolactam","https://doi.org/10.1016/0014-3057(72)90014-6","1972","European Polymer Journal"
"AUS6MJHU","journalArticle","Compliant leg behaviour explains basic dynamics of walking and running","10.1098/rspb.2006.3637","2006-11-22","Proceedings of the Royal Society B: Biological Sciences"
"WF3SHMSG","journalArticle","Translating Numerical Concepts for PDEs into Neural Architectures",,"2021-05-17","arXiv:2103.15419 [cs, math]"
"Y4Q2K9Z9","journalArticle","A General Framework to Increase Safety of Learning Algorithms for Dynamical Systems Based on Region of Attraction Estimation","10.1109/TRO.2020.2992981","10/2020","IEEE Transactions on Robotics"
"DGJUE55Z","webpage","Full article: Investigation of arm stabilization with proprioceptive sensory reflex pathways on a 2-DoF musculoskeletal robot actuated by pneumatic artificial muscles",,,
"29AT3ZJE","journalArticle","A Synthetic Nervous System Model of the Insect Optomotor Response","10.1007/978-3-030-64313-3_30","2020",
"ZKXCP2IA","journalArticle","A Neural Basis for Motor Primitives in the Spinal Cord","10.1523/jneurosci.5894-08.2010","2010-01-27","The Journal of Neuroscience"
"6Y86K5KL","journalArticle","Pattern generation for stick insect walking movements-multisensory control of a locomotor program","10.1016/s0165-0173(98)00006-x","1998-06-01","Brain Research Reviews"
"QLDHTM6D","journalArticle","Confluence of Active and Passive Control Mechanisms Enabling Autonomy and Terrain Adaptability for Robots in Variable Environments","10.1109/wcecs.2008.25","2008-10-22",
"ZY79NDZP","journalArticle","Neonatal Rat Spinal Cord Bulbospinal Activation of Locomotion in the In Vitro Contribution of Commissural Projections to",,"2015-01-01",
"N3Z2DVKD","journalArticle","Central pattern generators for locomotion control in animals and robots: a review",,"2008-01-01","Neural Networks"
"ZQBPI958","conferencePaper","Pull-in Time Dynamics as a Measure of Absolute Pressure",,"January 1997",
"4KB6KG33","journalArticle","How Animals Move: An Integrative View","10.1126/science.288.5463.100","2000/04/07","Science"
"3LSVFPQH","journalArticle","Reactive Balance Control in Response to Perturbation in Unilateral Stance: Interaction Effects of Direction, Displacement and Velocity on Compensatory Neuromuscular and Kinematic Responses","10.1371/journal.pone.0144529","Dec 17, 2015","PLOS ONE"
"AF3RBUU9","journalArticle","Tension and Compression Properties of 3D-Printed Composites: Print Orientation and Strain Rate Effects","10.3390/polym15071708","2023-03-29","Polymers"
"6N4G7FKI","journalArticle","Annealing and crystallization kinetics of poly(lactic acid) pieces obtained by additive manufacturing","10.1002/pen.25737","07/2021","Polymer Engineering & Science"
"64HSA2WE","journalArticle","Effects of Reinnervation of the Biarticular Shoulder-Elbow Muscles on Joint Kinematics and Electromyographic Patterns of the Feline Forelimb during Downslope Walking","10.1159/000371542","2015-03-25","Cells Tissues Organs"
"DDD53BT2","journalArticle","Direct Training for Spiking Neural Networks: Faster, Larger, Better","10.1609/aaai.v33i01.33011311","2019-07-17","Proceedings of the AAAI Conference on Artificial Intelligence"
"SZ5KSHWR","journalArticle","Investigating the membrane morphology of water/solvent/nylon 6 systems","10.1002/app.38328","2013-06-05","Journal of Applied Polymer Science"
"UFG8L44B","webpage","Warpage: Causes, manufacturing processes and future challenges: A review","10.1177/14644207241285399",,
"SWRXHPXA","journalArticle","Proprioceptive Actuator Design in the MIT Cheetah: Impact Mitigation and High-Bandwidth Physical Interaction for Dynamic Legged Robots","10.1109/TRO.2016.2640183","2017-06","IEEE Transactions on Robotics"
"KRQX6L7Z","journalArticle","Designing McKibben muscles: a critical review for practical implementation","10.1088/1748-3190/ae66c0","2026-05-30","Bioinspiration & Biomimetics"
"ZDKNWG78","attachment","Numerical Meth Engineering - 2022 - Abueidda - Enhanced physicsΓÇÉinformed neural networks for hyperelasticity.pdf",,,
"KSKFEU3H","journalArticle","Robustness, flexibility, and sensitivity in a multifunctional motor control model","10.1007/s00422-016-0704-8","2017-02-01","Biological Cybernetics"
"9KY9MJZK","journalArticle","Sensory Coupled Action Switching Modules Generate Robust, Adaptive Stepping in Legged Robots",,"2006-09-01",
"U8Q2Z9U5","webpage","LM_SNN_2024",,,
"2YEI687V","journalArticle","Toward Mission Capable Legged Robots through Biological Inspiration","10.1023/a:1012478704769","2001-11-01","Autonomous Robots"
"BP8XPLCY","journalArticle","An analytical method for diseases prediction using machine learning techniques","10.1016/j.compchemeng.2017.06.011","2017-11-02","Computers & Chemical Engineering"
"6B53TJL6","journalArticle","Processing, structure, and properties of carbon fibers","10.1016/j.compositesa.2016.10.018","12/2016","Composites Part A: Applied Science and Manufacturing"
"54ND8YU9","journalArticle","Fracture toughness enhancement of carbon fiberΓÇôreinforced polymer composites utilizing additive manufacturing fabrication","10.1177/0095244318817867","11/2019","Journal of Elastomers & Plastics"
"VJJ4WRVP","conferencePaper","A cockroach inspired robot with artificial muscles",,"2006",
"YTCUQHJS","journalArticle","(Thesis) Reservoir Computing With Dynamical Systems",,"2021-12-24","arXiv:2111.14226 [math]"
"B5A73NJ6","conferencePaper","Simulation of Human Balance Control Using an Inverted Pendulum Model","10.1007/978-3-319-63537-8_15","2017/07/26",
"TD2MS4GA","journalArticle","Ia afferent activity during a variety of voluntary movements in the cat","10.1113/jphysiol.1977.sp011864","1977-06","The Journal of Physiology"
"DLEH3S4D","journalArticle","Spiking Neural Network Learning, Benchmarking, Programming and Executing View all 16 Articles Articles",,,
"36L3SVMK","book","Knee - MRIs - embodi3D.com",,,
"R6P6RFVL","journalArticle","Estimation of the regions of attraction for autonomous nonlinear systems","10.1177/0142331217752799","01/2019","Transactions of the Institute of Measurement and Control"
"2FACJSNT","standard","ASTM D4762-18: Guide for Testing Polymer Matrix Composite Materials","10.1520/D4762-18",,
"KFLNMBEP","journalArticle","Firing Frequency of Leaky Intergrate-and-fire Neurons with Synaptic Current Dynamics","10.1006/jtbi.1998.0782","1998-11-07","Journal of Theoretical Biology"
"5KLRTZKP","journalArticle","Modeling the leech heartbeat elemental oscillator II. Exploring the parameter space","10.1007/BF00961436","9/1995","Journal of Computational Neuroscience"
"TCTVYVAR","journalArticle","The functional role of triceps during human locomotion",,"2013-11-22",
"GB63CNUJ","journalArticle","Aging causes a reorganization of cortical and spinal control of posture","10.3389/fnagi.2014.00028","2014","Frontiers in Aging Neuroscience"
"BHWM7IBL","book","Kevlar",,,
"SVWYRUIU","conferencePaper","SupraPeds: Humanoid contact-supported locomotion for 3D unstructured environments","10.1109/ICRA.2014.6907180","May 2014",
"XPY7L24V","journalArticle","Muscle and tendon: properties, models, scaling, and application to biomechanics and motor control.",,"1989","Critical reviews in biomedical engineering"
"M2TM9TQ9","journalArticle","Fracture failure mechanisms of long single PA6 fibers","10.3390/polym9070243","23 June 2017","Polymers 2017"
"NCGWGGXF","journalArticle","Long-term potentiation and memory","10.1152/physrev.00014.2003","2004-01","Physiological Reviews"
"H2WE2L3R","journalArticle","The Merits of Passive Compliant Joints in Legged Locomotion: Fast Learning, Superior Energy Efficiency and Versatile Sensing in a Quadruped Robot","10.1016/S1672-6529(16)60374-8","3/2017","Journal of Bionic Engineering"
"PDPSSHAU","conferencePaper","Motion Control of a Robot Fish Based on CPG","10.1109/ICIT.2005.1600829","2005",
"RNYD2MHZ","journalArticle","Overview of transition phenomenon in nylon 6","10.1021/ma00038a043","1992-06-01","Macromolecules"
"EKZVWUMG","book","Neuromorphic control for optic-flow-based landings of MAVs using the Loihi processor",,"November 1, 2020",
"QJYJ3LMV","journalArticle","Gait dynamics in Parkinson's disease: relationship to Parkinsonian features, falls and response to levodopa","10.1016/S0022-510X(03)00104-7","2003-08-15","Journal of the Neurological Sciences"
"RSFICUCX","journalArticle","Muscle preflex response to perturbations in locomotion: In vitro experiments and simulations with realistic boundary conditions","10.3389/fbioe.2023.1150170","2023-4-27","Frontiers in Bioengineering and Biotechnology"
"ZHSH5K3Z","journalArticle","A Generalized Linear Integrate-and-Fire Neural Model Produces Diverse Spiking Behaviors","10.1162/neco.2008.12-07-680","2009 Mar","Neural computation"
"ZP4PSAS3","presentation","Self-balancing Robot Leg",,"2024, May 8",
"ZYRLGULD","journalArticle","Neuromechanical Model of Rat Hindlimb Walking with Two-Layer CPGs","10.3390/biomimetics4010021","2019-03-01","Biomimetics"
"6BE8DLIE","note",,,,
"ELTBI9H4","journalArticle","Free Vibrations of Taut Cable with Attached Damper. II: Nonlinear Damper.","10.1061/(ASCE)0733-9399(2002)128:10(1072)","2002-10-01","Journal of Engineering Mechanics"
"APPU86FS","journalArticle","Design of an isokinetic knee dynamometer for evaluation of functional electrical stimulation strategies","10.1016/j.medengphy.2019.07.010","August 1, 2019","Medical Engineering & Physics"
"QQG8MJMK","book","Joint Structure and Function: A Comprehensive Analysis Fifth Edition",,"03/09/2011",
"QNST6WVK","conferencePaper","Worms, Waves, and Robots: The Worm Turns and Runs",,"2012",
"6MGP4L4C","journalArticle","Learning Action Representations for Reinforcement Learning",,,
"T6VFDR52","journalArticle","Investigation into Thermomechanical Response of Polymer Composite Materials Produced through Additive Manufacturing Technologies","10.3390/ma15145069","2022-07-21","Materials"
"NIB6LXPP","journalArticle","Intralimb and interlimb coordination in the cat during real and fictive rhythmic motor programs","10.1016/s1044-5765(05)80026-0","1993-02-01","Seminars in Neuroscience"
"GE566VQ7","journalArticle","Probing the Human Spinal Locomotor Circuits by Phasic Step-Induced Feedback and by Tonic Electrical and Pharmacological Neuromodulation.","10.2174/1381612822666161214144655","2017-03-31","Current Pharmaceutical Design"
"CVDD9B2Q","preprint","Bi-orthogonal fPINN: A physics-informed neural network method for solving time-dependent stochastic fractional PDEs",,"2023-03-20",
"7QNSKTDI","journalArticle","Circuits for Grasping: Spinal dI3 Interneurons Mediate Cutaneous Control of Motor Behavior","10.1016/j.neuron.2013.02.007","2013-04-10","Neuron"
"PPELXJSW","journalArticle","Organizing network action for locomotion: Insights from studying insect walking","10.1016/j.brainresrev.2007.06.028","2008-01-01","Brain Research Reviews"
"DD44STWL","webpage","WHO | Timeline of influenza A(H1N1) cases",,,
"CJIB6BFN","journalArticle","Dynamic sensorimotor interactions in locomotion","10.1152/physrev.00028.2005.","2006","Physiological reviews"
"ZHB38M64","journalArticle","Machine-learning inference of fluid variables from data using reservoir computing","10.1103/PhysRevE.98.023111","2018-8-31","Physical Review E"
"PK3MLWIU","journalArticle","Enhancing the interlayer tensile strength of 3D printed short carbon fiber reinforced PETG and PLA composites via annealing","10.1016/j.addma.2019.100922","2019-12-01","Additive Manufacturing"
"792YFDT7","journalArticle","Bioinspired microrobots","10.1038/s41578-018-0016-9","2018-06","Nature Reviews Materials"
"IBJGX3D7","journalArticle","Interneuronal relay in spinal pathways from proprioceptors","10.1016/0301-0082(92)90024-9","1992-04-01","Progress in Neurobiology"
"AFWQKSGT","attachment","Young_Scientist_Seminar_Slides.pdf",,,
"DKW4BVRN","journalArticle","Learning Dynamical Systems using Local Stability Priors",,"2020-08-23","arXiv:2008.10053 [cs, eess, stat]"
"XT7KE2RG","journalArticle","Application of a rat hindlimb model: a prediction of force spaces reachable through stimulation of nerve fascicles","10.1109/TBME.2011.2106784.Application","2011","IEEE Trans Biomed Eng."
"R7YGKR68","journalArticle","The Stabilizing Properties of Foot Yaw in Human Walking","10.1016/j.jbiomech.2016.11.059",,"Journal of Biomechanics"
"IKPEWNXG","journalArticle","Uncertainty Quantification in Scientific Machine Learning: Methods, Metrics, and Comparisons","10.1016/j.jcp.2022.111902","03/2023","Journal of Computational Physics"
"Z4BRAW86","journalArticle","Observers for Canonic Models of Neural Oscillators","10.1051/mmnp/20105206","2010","Mathematical Modelling of Natural Phenomena"
"ZRUP6BGG","journalArticle","Grasping Claws of Bionic Climbing Robot for Rough Wall Surface: Modeling and Analysis","10.3390/app8010014","2017-12-22","Applied Sciences"
"2MBT88S4","attachment","Hilts_Inv_Pend_Rev4.pdf",,,
"M8JK43UI","journalArticle","OpenSim: Open-Source Software to Create and Analyze Dynamic Simulations of Movement","10.1109/TBME.2007.901024","11/2007","IEEE Transactions on Biomedical Engineering"
"VNYMZ2SY","journalArticle","Toward a bio-inspired variable-stiffness morphing limb for amphibious robot locomotion","10.1109/ROBOSOFT.2019.8722772","2019","2019 2nd IEEE International Conference on Soft Robotics (RoboSoft)"
"WVCTCNIH","webpage","McMaster-Carr",,,
"U7PCZ27P","journalArticle","A Sensor-Less Torque Control Interface for Pneumatic Muscle Actuators","10.3390/act7040082","2018","Actuators"
"GDZME6MB","journalArticle","Central pattern generators and the control of rhythmic movements","10.1016/s0960-9822(01)00581-4","2001-11-27","Current Biology"
"PRFED9TY","conferencePaper","Balance process during repeated surface perturbation: Adaptation response of joint stiffness and muscle activation",,"2014",
"W3L6G8LS","journalArticle","Gating and reversal of reflexes in ankle muscles during human walking","10.1007/bf00231254","1990-01-01","Experimental Brain Research"
"M5IQQU9C","journalArticle","A miniature Hybrid Robot Propelled by Legs",,"2002","IEEE Robotic & Automation Magazine"
"T9LC97P5","journalArticle","A Theoretical Analysis of Deep Neural Networks and Parametric PDEs","10.1007/s00365-021-09551-4","02/2022","Constructive Approximation"
"4IVBCJKA","journalArticle","Effect of processing conditions on the bonding quality of FDM polymer filaments","10.1108/13552540810862028","2008-01-01","Rapid Prototyping Journal"
"VZ8388FC","attachment","Full Text PDF",,,
"WSVWYJ32","journalArticle","The continuing case for the Renshaw cell: The continuing case for the Renshaw cell","10.1113/jphysiol.2007.136200","2007-10-01","The Journal of Physiology"
"5T5Z3SGI","journalArticle","A review of melt extrusion additive manufacturing processes: II. Materials, dimensional accuracy, and surface roughness","10.1108/RPJ-02-2013-0017","2015-4-20","Rapid Prototyping Journal"
"V86SJ8GW","journalArticle","The role of V3 neurons in speed-dependent interlimb coordination during locomotion in mice.","10.7554/elife.73424","2022-04-27","eLife"
"P65BYMUK","journalArticle","Online Hydraulic Stiffness Modulation of a Soft Robotic Fish Tail for Improved Thrust and Efficiency","10.1089/soro.2024.0030","2025-04-07","Soft Robotics"
"8DVJULUL","webpage","DARPA Robotics Challenge: A Compilation of Robots Falling Down",,"6/6/2015",
"F95DLUEW","journalArticle","On the central generation of locomotion in the low spinal cat","10.1007/BF00235671","1979-01-15","Experimental Brain Research"
"NLY3UHDC","journalArticle","in intact adult cats interlimb coordination during quadrupedal locomotion step-by-step basis and its impact on the consistency of Speed-dependent modulation of phase variations on a",,"2014-01-01",
"S24RECDI","journalArticle","A Distributed Neural Network Architecture for Hexapod Robot Locomotion","10.1162/neco.1992.4.3.356","1992-05-01","Neural Computation"
"D39N7ID3","journalArticle","Contraction Sensing With Smart Braid McKibben Muscles","10.1109/TMECH.2015.2493782","2016-06","IEEE/ASME Transactions on Mechatronics"
"32RFT3YR","journalArticle","Reinforcement Learning With Low-Complexity Liquid State Machines","10.3389/fnins.2019.00883","2019-8-27","Frontiers in Neuroscience"
"9E4W8QVI","book","FLEXChip Signal Processor",,"1996",
"62IHC5XX","journalArticle","Quaternions and matrices of quaternions","10.1016/0024-3795(95)00543-9","01/1997","Linear Algebra and its Applications"
"9YIA6HYF","journalArticle","Spinal interneurons providing input to the final common path during locomotion","10.1016/B978-0-444-53613-6.00006-X","2010","Progress in Brain Research"
"HUFQV8FX","preprint","SLUGBOT, an Aplysia-inspired Robotic Grasper for Studying Control",,"2022-11-21",
"TLRKNDBK","journalArticle","Neuromuscular responses to gait perturbations in freely moving cats.","10.1007/bf00237937","1980-01-01","Experimental Brain Research"
"MDKY6TSE","journalArticle","A comparison of vector symbolic architectures","10.1007/s10462-021-10110-3","2021-12-15","Artificial Intelligence Review"
"C3KYU8UN","journalArticle","Void Content Reduction in 3D Printed Glass Fiber-Reinforced Polymer Composites through Temperature and Pressure Consolidation","10.3390/jcs6050128","2022-04-28","Journal of Composites Science"
"WXXDUDXE","journalArticle","Intrinsic dynamics and total energy-shaping control of the ballbot system","10.1080/00207179.2016.1264630","November 23, 2016","International Journal of Control"
"8FVF39AS","journalArticle","Primacy of Flexor Locomotor Pattern Revealed by Ancestral Reversion of Motor Neuron Identity","10.1016/j.cell.2015.06.036","2015-07-16","Cell"
"X8X5F6UQ","journalArticle","Mathematical Modelling of Fused Deposition Modeling (FDM) 3D Printing of Poly Vinyl Alcohol Parts through Statistical Design of Experiments Approach","10.3390/math11133022","2023-07-07","Mathematics"
"EMUEE3VG","manuscript","TCP over ATM: ABR or UBR",,,
"5ZVI7Y7Z","journalArticle","Heterogenic Feedback Between Hindlimb Extensors in the Spontaneously Locomoting Premammillary Cat","10.1152/jn.90338.2008","01/2009","Journal of Neurophysiology"
"76ZBD6RT","journalArticle","Synaptic control of hindlimb motoneurones during three forms of the fictive scratch reflex in the turtle.","10.1113/jphysiol.1988.sp017281","1988","The Journal of Physiology"
"VT37G82W","bookSection","Braided Pneumatic Actuators as a Variable Stiffness Approximation of Synovial Joints","10.1007/978-3-319-95972-6_48","2018",
"TP6TGPNG","conferencePaper","Towards a factored analysis of legged locomotion models","10.1109/ROBOT.2003.1241570","2003",
"5SCE5YFT","journalArticle","Regulation of Stiffness by Skeletomotor Reflexes","10.1146/annurev.ph.41.030179.000531","1979/03/01","Annual Review of Physiology"
"8Q799PMB","journalArticle","Continuous control with deep reinforcement learning",,"2019-07-05","arXiv:1509.02971 [cs, stat]"
"US9XAQ6F","journalArticle","Effect of the Electrospinning Process on Polymer Crystallization Chain Conformation in Nylon-6 and Nylon-12","10.1021/ma0351569","2004-02-01","Macromolecules"
"3Q4528QX","journalArticle","Enhancing postural stability in a musculoskeletal hopping robot through stretch reflex application on biarticular thigh muscles","10.3389/frobt.2023.1293365","2023-11-23","Frontiers in Robotics and AI"
"CBUA26GL","journalArticle","Braided Pneumatic Actuators as a Variable Stiffness Approximation of Synovial Joints",,"2018",
"92A4LUSL","journalArticle","Nengo: a Python tool for building large-scale functional brain models","10.3389/fninf.2013.00048","2014-1-06","Frontiers in Neuroinformatics"
"9RXRTJTI","journalArticle","Identified proprioceptive afferents and motor rhythm entrainment in the crayfish walking system","10.1152/jn.1992.67.3.530","1992-03-01","Journal of Neurophysiology"
"DRMDCM29","journalArticle","DNA Reservoir Computing: A Novel Molecular Computing Approach",,"2013-06-25","arXiv:1306.5998 [nlin, physics:physics]"
"EB3JG9EL","journalArticle","The Effect of Layer Orientation on the Mechanical Properties and Microstructure of a Polymer","10.1007/s11665-010-9740-z","8/2011","Journal of Materials Engineering and Performance"
"2MLCD34F","journalArticle","DESIGN AND ANALYSIS OF A BIOMECHANICAL MODEL OF THE RAT HINDLIMB WITH A COMPLETE MUSCULATURE",,,
"H4658AGS","journalArticle","Sensory Feedback Mechanism Underlying Entrainment of Central Pattern Generator to Mechanical Resonance","10.1007/s00422-005-0047-3","4/2006","Biological Cybernetics"
"NZF74DH4","attachment","Spinal stretch reflexes support efficient hand control.pdf",,,
"ISXA2VUP","journalArticle","Organization of functional synaptic connections between medullary reticulospinal neurons and lumbar descending commissural interneurons in the neonatal mouse.","10.1523/jneurosci.5486-10.2011","2011-03-23","The Journal of Neuroscience"
"GGJVZ4FZ","journalArticle","Musculoskeletal lower-limb robot driven by multifilament muscles","10.1186/s40648-016-0061-3","12/2016","ROBOMECH Journal"
"WWVUFJKC","journalArticle","What mechanisms coordinate leg movement in walking arthropods?",,"1990","Trends in Neurosciences"
"6V443YWZ","attachment","Enhanced Reader.pdf",,,
"Q53S4VI2","journalArticle","From reaching to reach-to-grasp: the arm posture difference and its implications on human motion control strategy","10.1007/s00221-017-4890-y","May 2017","Experimental Brain Research"
"7MJX3ITZ","journalArticle","Experimental study of polymerization and crystallization kinetics of polyamide 6 obtained by anionic ring opening polymerization of ╬╡-caprolactam","https://doi.org/10.1016/j.polymer.2017.10.039","2017","Polymer"
"GAPPSF7A","journalArticle","Reinforcement Learning in Spiking Neural Networks with Stochastic and Deterministic Synapses","10.1162/neco_a_01238","12/2019","Neural Computation"
"GDCGDD8P","journalArticle","A rough concrete wall-climbing robot based on grasping claws: Mechanical design, analysis and laboratory experiments","10.1177/1729881416666777","2016-09-08","International Journal of Advanced Robotic Systems"
"MX9D6LAS","book","Telemetry Channel Coding",,"1999",
"JWD4A7G5","webpage","Knee - MRIs - embodi3D.com",,,
"XKBDTGIE","journalArticle","Preliminary experience with medical applications of rapid prototyping by selective laser sintering","10.1016/S1350-4533(96)00039-2","1997-01-01","Medical Engineering & Physics"
"YDTB782A","conferencePaper","Feather-Inspired Sensor for Stabilizing Unmanned Aerial Vehicles in Turbulent Conditions","10.1007/978-3-319-63537-8_20","2017/07/26",
"EHH9Z5HZ","journalArticle","On the definition of central pattern generator and its sensory control","10.1007/BF00337116","5/1986","Biological Cybernetics"
"L3MQ8EXT","journalArticle","Soft Robotics","10.1002/anie.201800907","2018","Angewandte Chemie International Edition"
"8TDX9AJ2","journalArticle","Optimal Design of I-PD Controller for DC Motor Speed Control System by Cuckoo Search","10.1016/j.procs.2016.05.021","2016","Procedia computer science"
"FTMWS3MD","journalArticle","Motoneurons have different membrane resistance during fictive scratching and weight support.","10.1523/jneurosci.22-18-08259.2002","2002-09-15","The Journal of Neuroscience"
"42PNUGH4","videoRecording","Making DIY gecko tape - work in progress",,,
"D3HEGBL6","journalArticle","Spinal V3 Interneurons and LeftΓÇôRight Coordination in Mammalian Locomotion","10.3389/fncel.2019.00516","2019-11-20","Frontiers in Cellular Neuroscience"
"G46BBPUQ","journalArticle","Challenges of Real-World Reinforcement Learning",,"2019-04-29","arXiv:1904.12901 [cs, stat]"
"L93SYA87","journalArticle","Characterization of the effect of in-process annealing using a novel print head assembly on the ultimate tensile strength & toughness of Fused Filament Fabrication (FFF) parts","10.1080/17452759.2022.2095288","2022-10-02","Virtual and Physical Prototyping"
"Z8ZQIT9I","bookSection","A Neuromechanical Rat Model with a Complete Set of Hind Limb Muscles","10.1007/978-3-319-95972-6_57","2018",
"3PPLX5EU","journalArticle","Additive manufacturing of PLA structures using fused deposition modelling: Effect of process parameters on mechanical properties and their optimal selection","10.1016/j.matdes.2017.03.065","06/2017","Materials & Design"
"HU4RS8FQ","journalArticle","Hip and ankle responses for reactive balance emerge from varying priorities to reduce effort and kinematic excursion: A simulation study","10.1016/j.jbiomech.2016.08.007","October 3, 2016","Journal of Biomechanics"
"QQLJSJ47","webpage","Onyx 3D Printer Filament and Printing Material | Markforged",,,
"YQBXAJK7","journalArticle","Three-dimensional data-tracking dynamic optimization simulations of human locomotion generated by direct collocation","10.1016/j.jbiomech.2017.04.038","2017-07-05","Journal of Biomechanics"
"YBDWF6AA","journalArticle","Sensorimotor control of gait: a novel approach for the study of the interplay of visual and proprioceptive feedback","10.3389/fnhum.2015.00014","2015-2-09","Frontiers in Human Neuroscience"
"C3EYKDH6","journalArticle","A graphics-based software system to develop and analyze models of musculoskeletal structures","10.1016/0010-4825(95)98882-E","January 1, 1995","Computers in Biology and Medicine"
"KWFW7CZ7","journalArticle","Muscle Spindles and Their Motor Control","10.1152/physrev.1964.44.2.219","1964-04","Physiological Reviews"
"CSYLQPI4","conferencePaper","Stability and performance of the compliance controller of the quadruped robot HyQ","10.1109/IROS.2013.6696541","2013-11",
"2J6IYWQ6","journalArticle","Stabilization of posture by precision touch of the index finger with rigid and flexible filaments","10.1007/s002210100775","2001-8-31","Experimental Brain Research"
"QMLFNGS8","bookSection","Design of an Improved Pixel for a Polysilicon Active-Matrix Organic LED Display",,"1998",
"PZA8Q5Z5","journalArticle","Effects of functionalization and annealing in enhancing the interfacial bonding and mechanical properties of 3D printed fiber-reinforced composites","https://doi.org/10.1016/j.mtcomm.2020.101365","2020","Materials Today Communications"
"YF64EWHS","note",,,,
"AEZHGKGT","journalArticle","Additive Manufacturing of Syntactic Foams: Part 1: Development, Properties, and Recycling Potential of Filaments","10.1007/s11837-017-2734-7","3/2018","JOM"
"USAQXPHU","journalArticle","Bioinspired origami-based soft prosthetic knees","10.1038/s41467-024-55201-1","2024-12-30","Nature Communications"
"5TC6ZYCV","book","FLEXChip Signal Processor (MC68175/D)",,"1996",
"8FJHZVLL","journalArticle","Optimizing Process Parameters to Enhance Mechanical Properties of 3D-Printed Fiberglass-Reinforced ONYX Polymer","10.3390/jmmp9040108","2025-03-26","Journal of Manufacturing and Materials Processing"
"VQKPAVLB","journalArticle","Flexing Computational Muscle: Modeling and Simulation of Musculotendon Dynamics","10.1115/1.4023390","2013-02-07","Journal of Biomechanical Engineering"
"3YFIP6ZQ","journalArticle","Mechanical Property Optimization of FDM PLA in Shear with Multiple Objectives","10.1007/s11837-015-1367-y","5/2015","JOM"
"95JPRYJ7","journalArticle","Spinal interneuronal networks in the cat: Elementary components","10.1016/j.brainresrev.2007.06.022","January 2008","Brain Research Reviews"
"MR2982IV","journalArticle","Effects of reinnervation of the triceps brachii on joint kinematics and electromyographic patterns of the feline forelimb during level and upslope walking","10.1159/000371543","2014","Cells, Tissues, Organs"
"5B7GCVEJ","journalArticle","Effects of Fiber Orientation on the Bearing Strength of 3D-Printed Composite Materials Produced by Fused Filament Fabrication","10.3390/polym16243591","2024-12-22","Polymers"
"S38MLVLR","journalArticle","Dynamic modelling of one degree of freedom pneumatic muscle-based actuator for industrial applications",,"2012","Tehni─ìki vjesnik"
"BDZGJNQ9","webpage","CDC GIS FluView",,,
"NY3TPU9S","journalArticle","Hebbian Synaptic Modifications in Spiking Neurons that Learn",,"2019-11-17","arXiv:1911.07247 [cs, stat]"
"ZI48PXMM","preprint","Fabric Pneumatic Artificial Muscle-Based Head-Neck Exosuit: Design, Modeling, and Evaluation","10.48550/arXiv.2603.13531","2026-03-13",
"LA6AR9CT","journalArticle","Maneuvers during legged locomotion","10.1063/1.3143031","06/2009","Chaos: An Interdisciplinary Journal of Nonlinear Science"
"2BF8QDIK","attachment","Robotic Arm positioning using an SVM classification algorithm .pdf",,,
"G52AXFRE","journalArticle","Improvement of flexural strength and compressive strength by heat treatment of PLA filament for 3D-printing","10.1142/S0217984919400256","2019-05-30","Modern Physics Letters B"
"NWAIVCVK","journalArticle","Muscle power production during intermittent swimming in bluegill sunfish","10.1002/jez.2751","2023-12","Journal of Experimental Zoology. Part A, Ecological and Integrative Physiology"
"IY6YBWUV","journalArticle","Comparing mechanical properties of composites structures on Onyx base with different density and shape of fill","10.1016/j.trpro.2019.07.088","2019","Transportation Research Procedia"
"73M95K95","journalArticle","Cognitive architecture of a mini-brain: the honeybee","10.1016/S1364-6613(00)01601-6","2001-02-01","Trends in Cognitive Sciences"
"4IJAK3US","conferencePaper","Design of a Canine Inspired Quadruped Robot as a Platform for Synthetic Neural Network Control",,"July 2019",
"KUZSDGVJ","journalArticle","Optimization of Freeform Reversible Embedding of Suspended Hydrogel Microspheres for Substantially Improved Three-Dimensional Bioprinting Capabilities","10.1089/ten.tec.2022.0214","2023-03-01","Tissue Engineering Part C: Methods"
"5DSPA7CK","journalArticle","Simulation of Human Balance Control Using an Inverted Pendulum Model","10.1007/978-3-319-63537-8_15","2017-07-26",
"54IGXNA5","journalArticle","Human spinal locomotor control is based on flexibly organized burst generators","10.1093/brain/awu372","03/2015","Brain"
"G7N6VASE","journalArticle","A dynamical model exploring sensory integration in the insect central complex substructures","10.1088/1748-3190/ab57b6","2020-01-13","Bioinspiration & Biomimetics"
"99KBJWIJ","conferencePaper","The particle swarm: social adaptation of knowledge","10.1109/ICEC.1997.592326","1997",
"632ULWPS","journalArticle","Sensory control and organization of neural networks mediating coordination of multisegmental organs for locomotion.","10.1152/jn.00615.2004","2005-03-01","Journal of Neurophysiology"
"NSB99F7Z","journalArticle","The special nature of human walking and its neural control","10.1016/S0166-2236(02)02173-2","7/2002","Trends in Neurosciences"
"SEJHY9D5","journalArticle","BACKPROPAMINE: TRAINING SELF-MODIFYING NEU- RAL NETWORKS WITH DIFFERENTIABLE NEUROMODU- LATED PLASTICITY",,"2019",
"6LHZ3V47","attachment","IROS26_Micklem_IROS_2026",,,
"3GGP88CJ","journalArticle","Subject-Specific Muscle Synergies in Human Balance Control Are Consistent Across Different Biomechanical Contexts","10.1152/jn.00960.2009","2010/06/01","Journal of Neurophysiology"
"ECYZ7X7Z","journalArticle","The neural control of interlimb coordination during mammalian locomotion.","10.1152/jn.00978.2016","2017-03-15","Journal of Neurophysiology"
"5MFBTCBV","conferencePaper","High Resolution Fiber Distributed Measurements With Coherent OFDR",,"2000",
"J3WKFZE8","conferencePaper","SpinybotII: climbing hard walls with compliant microspines","10.1109/ICAR.2005.1507470","July 2005",
"DTFQYG6E","journalArticle","A Deep Learning based Approach to Reduced Order Modeling for Turbulent Flow Control using LSTM Neural Networks",,"2018-04-24","arXiv:1804.09269 [physics]"
"G6T7YF98","journalArticle","Constancy and Variability in the Output of a Central Pattern Generator","10.1523/JNEUROSCI.5072-10.2011","2011-03-23","Journal of Neuroscience"
"7IHFWK2T","computerProgram","MuscleSIM",,"2005",
"NAFCFZ6S","journalArticle","Dynamic response of human muscle spindle afferents to stretch during voluntary contraction","10.1111/j.1469-7793.1998.621bb.x","1998-12-01","The Journal of Physiology"
"XJ28EG4D","journalArticle","Optimization of infill density, fiber angle, carbon fiber layer position in 3D printed continuous carbon-fiber reinforced nylon composite","10.1016/j.rineng.2024.101926","03/2024","Results in Engineering"
"XINAMAQE","journalArticle","Lateral Stepping for Postural Correction in ParkinsonΓÇÖs Disease","10.1016/j.apmr.2007.11.017","2008-3","Archives of physical medicine and rehabilitation"
"GHHITZTG","journalArticle","Q-angle: An Invaluable Parameter for Evaluation of Anterior Knee Pain","07101/AIM.007","January 2007","Archives of Iranian Medicine"
"K992J9SR","journalArticle","FDM-Based 3D Printing of Polymer and Associated Composite: A Review on Mechanical Properties, Defects and Treatments","10.3390/polym12071529","2020/7","Polymers"
"XVPQSHVD","journalArticle","Method for using a model-based controller for a robotic leg",,"2016-11-03",
"WCAU6F5K","journalArticle","Pontine reticulospinal projections in the neonatal mouse: Internal organization and axon trajectories.","10.1002/cne.23904","2016-04-15","The Journal of Comparative Neurology"
"2Y5IBGBZ","journalArticle","Airflow Sensors in the Avian Wing",,"1993/06/01","Journal of Experimental Biology"
"MCTGKL4X","journalArticle","The isometric responses of mammalian muscles",,"1930-06-27","The Journal of Physiology"
"32Y5SWQ2","journalArticle","Spike Timing Dependent Plasticity Finds the Start of Repeating Patterns in Continuous Spike Trains","10.1371/journal.pone.0001377","Jan 2, 2008","PLOS ONE"
"MTYMKNFZ","journalArticle","Computing Motion Dependent Afferent Activity During Cat Locomotion Using a Forward Dynamics Musculoskeletal Model","10.1007/978-1-4939-3267-2_10","2016-01-01",
"PPI7RYV5","journalArticle","Evolved Neuromorphic Control for High Speed Divergence-Based Landings of MAVs","10.1109/LRA.2020.3012129","2020-10","IEEE Robotics and Automation Letters"
"5XZU5QZ9","journalArticle","Self-Sustained Irregular Activity in an Ensemble of Neural Oscillators","10.1103/PhysRevX.6.011015","2016-2-19","Physical Review X"
"QCR7W7LN","journalArticle","Sensory Feedback and Central Neuronal Interactions in Mouse Locomotion","10.1101/2023.10.31.564886","2023-11-02",
"9KTWY69V","journalArticle","Prominent Role of the Spinal Central Pattern Generator in the Recovery of Locomotion after Partial Spinal Cord Injuries","10.1523/JNEUROSCI.5692-07.2008","2008-04-09","Journal of Neuroscience"
"NIYSDNEH","journalArticle","Safe Reinforcement Learning Using Robust Action Governor",,,
"N72MFLS8","journalArticle","Discovering governing equations from data by sparse identification of nonlinear dynamical systems","10.1073/pnas.1517384113","2016-04-12","Proceedings of the National Academy of Sciences"
"GNSMXF89","journalArticle","Nonlinear PID control to improve the control performance of the pneumatic artificial muscle manipulator using neural network",,"2005","Journal of mechanical science and technology"
"AVEMFIZJ","journalArticle","Q-angle: An Invaluable Parameter for Evaluation of Anterior Knee Pain","07101/AIM.007","January 2007","Archives of Iranian Medicine"
"IHJHD7FG","journalArticle","Evolving Dynamical Neural Networks for Adaptive Behavior","10.1177/105971239200100105","1992-06-01","Adaptive Behavior"
"8VCB7RAL","journalArticle","Sensory feedback in cockroach locomotion: current knowledge and open questions","10.1007/s00359-014-0968-1","2015-09-01","Journal of Comparative Physiology A"
"HQ7268YC","journalArticle","Non-Neural Network Applications for Spiking Neuromorphic Hardware",,,
"A9382Z26","conferencePaper","Motor control optimization of compliant one-legged locomotion in rough terrain","10.1109/IROS.2007.4399195","10/2007",
"QEI54YUQ","journalArticle","Neuromechanical tuning of nonlinear postural control dynamics.","10.1063/1.3142245","June 2009","Chaos (Woodbury, N.Y.)"
"I9P4T9PY","bookSection","Multi-Legged RobotsΓÇöA Review","10.1007/978-981-15-2953-5_2","2020",
"9THHBVEJ","journalArticle","A Review of Accelerometry-Based Wearable Motion Detectors for Physical Activity Monitoring","10.3390/s100807772","2010-08-20","Sensors"
"3IECK88K","journalArticle","Model-free control of dynamical systems with deep reservoir computing","10.1088/2632-072X/ac24f3","2021-09-01","Journal of Physics: Complexity"
"KTW7XMWP","journalArticle","Total variation diminishing Runge-Kutta schemes","10.1090/S0025-5718-98-00913-2","1998-1-1","Mathematics of Computation of the American Mathematical Society"
"4TKK3VFS","journalArticle","Using Animal Data and Neural Dynamics to Reverse Engineer a Neuromechanical Rat Model","10.1007/978-3-319-22979-9_21","2015-07-28",
"K8XGG8GM","journalArticle","Chapter 7:  Advanced Composite Material",,,
"XC85H7R7","journalArticle","Intelligent Disassembly of components from printed circuit boards to enable re-use and more efficient recovery of critical metals","10.1016/j.ifacol.2016.11.100","2016-01-01","IFAC-PapersOnLine"
"QQGBLNV8","journalArticle","Neurodynamic modeling of the fruit fly Drosophila melanogaster.","10.1088/1748-3190/ab9e52","2020-09-14","Bioinspiration & Biomimetics"
"3IB5NSM7","journalArticle","Study of the annealing influence on the mechanical performance of PA12 and PA12 fibre reinforced FFF printed specimens","10.1108/RPJ-10-2019-0278","2020-10-15","Rapid Prototyping Journal"
"W5R9CCXG","journalArticle","Adam: A Method for Stochastic Optimization",,"2017-01-29","arXiv:1412.6980 [cs]"
"AWDAXECZ","thesis","High-Resolution Micromachined Interferometric Accelerometer",,"1992",
"5YTZZ2SL","journalArticle","Degradation of mouse locomotor pattern in the absence of proprioceptive sensory feedback","10.1073/pnas.1419045111","2014-11-25","Proceedings of the National Academy of Sciences of the United States of America"
"GSPZEDDZ","conferencePaper","Development of whole-body humanoid ΓÇ£pneumat-BSΓÇ¥ with pneumatic musculoskeletal system","10.1109/IROS.2011.6095091","2011-09",
"AATABEU9","conferencePaper","Estimating the region of attraction via forward reachable sets","10.23919/ACC.2017.7963126","5/2017",
"TWYG57YX","journalArticle","Modelling genetic reorganization in the mouse spinal cord affecting left-right coordination during locomotion","10.1113/jphysiol.2013.261115","2013-11-15","The Journal of Physiology"
"RXX4L3NG","book","The organization of behavior; a neuropsychological theory",,"1949",
"6QAIJK9L","journalArticle","Reliability, synchrony and noise","10.1016/j.tins.2008.06.002","2008-8","Trends in neurosciences"
"XUB2IQQ5","report","A Stochastic Model of TCP Reno Congestion Avoidance and Control",,"1999",
"GM2WZGZS","journalArticle","Locomotory behaviour of the intertidal marble crab ( <i>Pachygrapsus marmoratus</i> ) supports the underwater spring-loaded inverted pendulum as a fundamental model for punting in animals","10.1088/1748-3190/ab968c","2020-07-29","Bioinspiration & Biomimetics"
"HJXF4BCU","journalArticle","Decoding the mechanisms of gait generation in salamanders by combining neurobiology, modeling and robotics","10.1007/s00422-012-0543-1","10/2013","Biological Cybernetics"
"CNQXBJEQ","journalArticle","Effects of Hip Geometry on Fracture Patterns of Proximal Femur",,"2016-6","Archives of Bone and Joint Surgery"
"EKQR9XH8","conferencePaper","Towards neuromorphic control: A spiking neural network based PID controller for UAV","10.15607/RSS.2020.XVI.074","2020-07-12",
"G98D35PF","journalArticle","Analytical study on the kinematic and dynamic behaviors of a knee joint","dx.doi.org/10.1016/S1350-4533(96)00031-8","January 1997","Medical Engineering & Physics"
"6S9UQ4Z3","journalArticle","STDP and STDP variations with memristors for spiking neuromorphic learning systems","10.3389/fnins.2013.00002","2013-02-18","Frontiers in Neuroscience"
"BYJ53U9M","journalArticle","Gust Loads Alleviation Using Special Control Surfaces","10.2514/1.19876","January 1, 2007","Journal of Aircraft"
"6G5HRM3T","journalArticle","A rapid tunable stiffness bistable adaptive tensegrity joint for gripper and swimmer","10.1088/1361-665X/adfea9","2025-09","Smart Materials and Structures"
"QK2NQFQY","journalArticle","Performance Maps for a Bio-Inspired Robotic Condylar Hinge Joint","10.1115/1.4028168","October 2014","Journal of Mechanical Design"
"9WITMHJ6","bookSection","Control of Cat Walking and Paw-Shake by a Multifunctional Central Pattern Generator","10.1007/978-1-4939-3267-2_12","2016",
"J326ZPZA","journalArticle","Human balance and posture control during standing and walking","10.1016/0966-6362(96)82849-9","December 1, 1995","Gait & Posture"
"L2QHCR8N","journalArticle","Analysis of Foot Slippage Effects on an Actuated Spring-Mass Model of Dynamic Legged Locomotion","10.5772/62687","2016-03-01","International Journal of Advanced Robotic Systems"
"B3IPQU7J","journalArticle","HUMAN NEURONAL INTERLIMB COORDINATION DURING SPLIT-BELT LOCOMOTION","10.1007/bf00227344","1994-01-01","Experimental Brain Research"
"E3I45IGR","journalArticle","Development of a 3D Printed Bipedal Robot: Towards Humanoid Research Platform to Study Human Musculoskeletal Biomechanics","10.1007/s42235-021-0010-6","2021-01-01","Journal of Bionic Engineering"
"6KCJ36KX","journalArticle","Load-regulating mechanisms in gait and posture: comparative aspects.",,"January 2000","Physiological reviews"
"EMXMHM5Q","book","Introduction to Autonomous Mobile Robots, Second Edition",,"February 2011",
"B8ZY8L79","journalArticle","An Intersegmental Neuronal Architecture for Spinal Wave Propagation under Deletions","10.1523/jneurosci.1737-09.2009","2009-08-19","The Journal of Neuroscience"
"C2FYLDF9","journalArticle","Neuromorphic scaling advantages for energy-efficient random walk computations",,,
"E9PJQFB8","journalArticle","A Functional Subnetwork Approach to Designing Synthetic Nervous Systems That Control Legged Robot Locomotion","10.3389/fnbot.2017.00037","2017-08-09","Frontiers in Neurorobotics"
"9XEFGCMC","journalArticle","IMPEDANCE AND ADMITTANCE CONTROLLER FOR A MULTI-AXIS POWERED ANKLE-FOOT PROSTHESIS",,"October 22-24, 2014","Proceedings of the ASME 2014 Dynamic Systems and Control Conference"
"MJ2FT5BB","journalArticle","Control of Cat Walking and Paw-Shake by a Multifunctional Central Pattern Generator","10.1007/978-1-4939-3267-2_12","2016-01-01",
"ZSX2JT2U","journalArticle","Safe Reinforcement Learning Using Probabilistic Shields",,,
"22NSVTYG","journalArticle","Genetic Ablation of V2a Ipsilateral Interneurons Disrupts Left-Right Locomotor Coordination in Mammalian Spinal Cord","10.1016/j.neuron.2008.08.009","2008-10-09","Neuron"
"UII99NLM","webpage","Neuroscience / Edition 6|Hardcover",,,
"BX469S6S","conferencePaper","BoxyBot: a swimming and crawling fish robot controlled by a central pattern generator","10.1109/BIOROB.2006.1639162","2006",
"J8ZN49NP","journalArticle","The Effect of Strain Rate on the Compression Behavior of Additively Manufactured Short Carbon Fiber-Reinforced Polyamide Composites with Different Layer Heights, Infill Patterns, and Built Angles","10.1007/s11665-023-07918-1","12/2023","Journal of Materials Engineering and Performance"
"ITRAN2P8","attachment","Long_AmZool1998_muscles elastic energy and the dynamics of body stiffness in swimming eels.pdf",,,
"6WRX3B3B","journalArticle","Thermodynamically consistent physics-informed neural networks for hyperbolic systems","10.1016/j.jcp.2021.110754","01/2022","Journal of Computational Physics"
"9WSVCXQH","journalArticle","Control of fore- and hindlimb movements and their coordination during quadrupedal locomotion across speeds in adult spinal cats","10.1089/neu.2022.0042","2022-03-27","Journal of Neurotrauma"
"SNTGSV7V","attachment","49760-1xn5tc6.pdf",,,
"PTX7TDWE","journalArticle","On the nature of the fundamental activity of the nervous centres; together with an analysis of the conditioning of rhythmic activity in progression, and a theory of the evolution of function in the nervous system",,"1914-03-31","The Journal of Physiology"
"KB6PK6WV","journalArticle","A review of the integrate-and-fire neuron model: II. Inhomogeneous synaptic input and network properties","10.1007/s00422-006-0082-8","8/2006","Biological Cybernetics"
"BHSNFUAM","journalArticle","Effects of functionalization and annealing in enhancing the interfacial bonding and mechanical properties of 3D printed fiber-reinforced composites","10.1016/j.mtcomm.2020.101365","2020-12-01","Materials Today Communications"
"2EQN9Y2M","journalArticle","Finite element and experimental analysis of machinability during machining of high-volume fraction SiCp/Al composites","10.1007/s00170-016-9933-1","7/2017","The International Journal of Advanced Manufacturing Technology"
"RJCB3T63","journalArticle","The avian somatosensory system: The pathway from wing to Wulst in a passerine (Chloris chloris)","10.1016/S0006-8993(97)00253-9","June 6, 1997","Brain Research"
"DWTYWKKU","presentation","A Comparison of Absolute & Relative Neural Encoding Schemes in Arithmetic Functional Subnetworks",,"11/11/2023",
"N5F8R795","journalArticle","Design and Control of a Pneumatic Muscle Servo Drive Containing Its Own Pneumatic Muscles","10.3390/app122111024","2022-10-31","Applied Sciences"
"9C5PKQ7H","journalArticle","Neuromusculoskeletal Modeling for the Adaptive Control of Posture During Locomotion","10.1007/978-1-4939-3267-2_8","2016-01-01",
"4WRZ8QXL","journalArticle","Investigating the roles of reflexes and central pattern generators in the control and modulation of human locomotion using a physiologically plausible neuromechanical model","10.1088/1741-2552/acfdcc","2023-12-01","Journal of Neural Engineering"
"9RYT8VDR","journalArticle","A review on additive manufacturing of polymer-fiber composites","10.1016/j.compstruct.2017.08.088","December 15, 2017","Composite Structures"
"732XNHX5","journalArticle","A novel multi-vision sensor dataset for insect-inspired outdoor autonomous navigation",,,
"CGTRY5PM","webpage","Infill shape effects on bending stiffness of additively manufactured short fibre reinforced polymer sandwich specimens","10.1177/07316844211020115",,
"AA9LW2BD","book","Handbook of stochastic methods: for physics, chemistry and the natural sciences",,"2002",
"GMEFJR84","journalArticle","Stochastic transitions between in-phase and anti-phase synchronization in coupled map-based neural oscillators","10.1016/j.cnsns.2020.105611","04/2021","Communications in Nonlinear Science and Numerical Simulation"
"78MTD6DD","journalArticle","Feedback equilibrium control during human standing","10.1007/s00422-005-0004-1","2005/11/01","Biological Cybernetics"
"JUHHBD7N","journalArticle","Development and Training of a Neural Controller for Hind Leg Walking in a Dog Robot","10.3389/fnbot.2017.00018","2017-04-04","Frontiers in Neurorobotics"
"2A8IHX6X","journalArticle","Which Model to Use for Cortical Spiking Neurons?","10.1109/TNN.2004.832719","09/2004","IEEE Transactions on Neural Networks"
"ZVYG8DYM","journalArticle","Accelerating Simulation of Stiff Nonlinear Systems using Continuous-Time Echo State Networks",,"2021-03-24","arXiv:2010.04004 [cs, math]"
"GT5KNHMV","journalArticle","Evaluating Mechanical Behavior of PLA Under Varied Strain Rates Using Stereolithography 3D Print Method",,"2024",
"Z8FBDXTR","journalArticle","Neuromusculoskeletal Modeling: Estimation of Muscle Forces and Joint Moments and Movements From Measurements of Neural Command",,"2004-11","Journal of applied biomechanics"
"E3G5VVK2","journalArticle","Contribution of stretch reflexes to locomotor control: a modeling study","10.1007/s00422-003-0449-z","2004-02-01","Biological Cybernetics"
"99ZE8A3L","journalArticle","A quantitative description of membrane current and its application to conduction and excitation in nerve","10.1113/jphysiol.1952.sp004764","1952-08-28","The Journal of Physiology"
"ML273A7B","journalArticle","Spinal Cord Circuits: Models and Reality","10.1007/s11062-022-09927-7","2022-09-24","Neurophysiology"
"DWAZMGLM","journalArticle","Approximation of dynamical time-variant systems by continuous-time recurrent neural networks","10.1109/TCSII.2005.852006","10/2005","IEEE Transactions on Circuits and Systems II: Express Briefs"
"CGA3ZL8W","journalArticle","Analysis of planar multibody systems with revolute joint wear","10.1016/j.wear.2009.10.014","2/2010","Wear"
"D8HTLIWD","journalArticle","Contribution of sensory feedback to ongoing ankle extensor activity during the stance phase of walking","10.1139/y04-043","2004-07-01","Canadian Journal of Physiology and Pharmacology"
"BAJMRSPB","journalArticle","Role of muscle spindle feedback in regulating muscle activity strength during walking at different speed in mice.","10.1152/jn.00250.2018","2018-11-01","Journal of Neurophysiology"
"6DWKZYP9","book","Neuroscience",,"2018-07-04",
"SVA92GGV","journalArticle","Inhibition and Facilitation of the Spinal Locomotor Central Pattern Generator and Reflex Circuits by Somatosensory Feedback From the Lumbar and Perineal Regions After Spinal Cord Injury.","10.3389/fnins.2021.720542","2021-07-28","Frontiers in Neuroscience"
"YN844I9J","journalArticle","Adversarial uncertainty quantification in physics-informed neural networks","10.1016/j.jcp.2019.05.027","10/2019","Journal of Computational Physics"
"AN8WE8JI","webpage","How to Size a Vacuum Cup? Cheat Sheet",,,
"XH5XURTA","journalArticle","Learning Operations for Neural PDE Solvers",,"2021",
"T4J7NWSD","journalArticle","A CPG-based sensory feedback control method for robotic fish locomotion",,,
"63CCQ4I9","journalArticle","Coordination of Locomotion with Voluntary Movements in Humans","10.1523/JNEUROSCI.1327-05.2005","2005-08-03","The Journal of Neuroscience"
"7E7I3W87","journalArticle","Functional Neuroanatomy for Posture and Gait Control","10.14802/jmd.16062","2017-1","Journal of Movement Disorders"
"8AD2F2XH","journalArticle","Computational modeling of spinal circuits controlling limb coordination and gaits in quadrupeds","10.7554/eLife.31050","2017-11-22","eLife"
"LHCQR7T2","journalArticle","Positive force feedback in human walking: Positive force feedback in human walking","10.1113/jphysiol.2007.130088","2007-05-15","The Journal of Physiology"
"3GNH6CE3","journalArticle","Making Connections in the Fly Visual System","10.1016/S0896-6273(02)00876-0","August 29, 2002","Neuron"
"HBAEC9DM","journalArticle","A role for hip position in initiating the swing-to-stance transition in walking cats.","10.1152/jn.00511.2005","November 2005","Journal of neurophysiology"
"LKUQ9TJL","conferencePaper","Dynamic balance force control for compliant humanoid robots",,"2010",
"JCX4P5XF","journalArticle","Bounded stability of the quiet standing posture: An intermittent control model","10.1016/j.humov.2007.11.005","June 2008","Human Movement Science"
"KNAS8P9V","journalArticle","Importance of Patella, Quadriceps Forces, and Depthwise Cartilage Structure on Knee Joint Motion and Cartilage Response During Gait",,"June 7, 2016","Journal of Biomechanical Engineering"
"KGTLCTT8","journalArticle","Constructive understanding and reproduction of functions of gluteus medius by using a musculoskeletal walking robot","10.1080/01691864.2018.1434015","February 16, 2018","Advanced Robotics"
"LWU5EYXP","journalArticle","A Novel Ultrathin Elevated Channel Low-temperature Poly-Si TFT",,"November 1999","IEEE"
"JTS6PLCZ","journalArticle","Elastic Asymmetry of PLA Material in FDM-Printed Parts: Considerations Concerning Experimental Characterisation for Use in Numerical Simulations","10.3390/ma13010015","2019-12-18","Materials"
"5PC5PQBR","journalArticle","Resonance tuning in a neuro-musculo-skeletal model of the forearm","10.1007/s00422-006-0112-6","2007-02-01","Biological Cybernetics"
"PUVMGVWH","journalArticle","Speed dependency in ╬▒-motoneuron activity and locomotor modules in human locomotion: Indirect evidence for phylogenetically conserved spinal circuits","10.1098/rspb.2017.0290","2017-03-29","Proceedings of the Royal Society of London B: Biological Sciences"
"KLW72RN7","journalArticle","The Central Pattern Generator: a paradigm for artificial locomotion","10.1007/s005000000051","12/2000","Soft Computing"
"RIE3WDJ8","conferencePaper","A survey on pneumatic muscle actuators modeling",,"2011",
"L8352KHS","bookSection","Function of the Amphibian Central Auditory System","10.1007/978-0-387-47796-1_9","2006",
"ZNLQJ2BA","webpage","Robots",,,
"HVSXXJM4","journalArticle","Evidence for van der Waals adhesion in gecko setae","10.1073/pnas.192252799","2002-9-17","Proceedings of the National Academy of Sciences of the United States of America"
"H2B2VKTU","conferencePaper","Modeling of braided pneumatic actuators for robotic control","10.1109/IROS.2001.976361","2001",
"3ELS7VMI","journalArticle","Deep reservoir computing: A critical experimental analysis","10.1016/j.neucom.2016.12.089","12/2017","Neurocomputing"
"KN7DFBLG","journalArticle","Actions from group II muscle afferents during fictive locomotion are not mediated through the short latency flexion reflex pathways",,"1995-09-24","The Society for Neuroscience Abstracts"
"PENK87C4","journalArticle","Digital Multiplierless Implementation of Biological Adaptive-Exponential Neuron Model","10.1109/TCSI.2013.2286030","04/2014","IEEE Transactions on Circuits and Systems I: Regular Papers"
"TUXHQBJH","journalArticle","Distribution of networks generating and coordinating locomotor activity in the neonatal rat spinal cord in vitro: a lesion study","10.1523/jneurosci.16-18-05777.1996","1996-09-15","The Journal of Neuroscience"
"LSCXIFDD","journalArticle","Biomimetic Design of Musculoskeletal Humanoid Knee Joint with Patella and Screw-Home Mechanism",,,
"UKZAKBST","journalArticle","Attitude Determination for MAVs Using a Kalman Filter","10.1016/S1007-0214(08)70094-4","October 1, 2008","Tsinghua Science & Technology"
"A8WA2EWB","journalArticle","Spinal cord pattern generators for locomotion","10.1016/S1388-2457(03)00120-2","August 2003","Clinical Neurophysiology"
"F5I3GTVW","journalArticle","Central pattern generators for locomotion control in animals and robots: a review.","10.1016/j.neunet.2008.03.014","May 2008","Neural networks : the official journal of the International Neural Network Society"
"H2F9B4FF","journalArticle","Learning excitatory-inhibitory neuronal assemblies in recurrent networks","10.7554/eLife.59715","2021-04-26","eLife"
"E63AFUSB","journalArticle","Isometric Force Characterization of Braided Pneumatic Actuators","10.3390/act15050230","2026/5","Actuators"
"BHJ7SKZI","journalArticle","Modulation of stretch reflexes during locomotion in the mesencephalic cat","10.1113/jphysiol.1982.sp014319","1982-08-01","The Journal of Physiology"
"PZAHQ5QR","encyclopediaArticle","2009 flu pandemic timeline",,"2018-03-02T03:41:14Z",
"MW7AWPSI","journalArticle","Real-time Length Sensing of Braided Pneumatic Actuator using IR Time-of-Flight Sensor","10.15760/etd.3655","2023-08-29","Dissertations and Theses"
"FIS6CH64","journalArticle","Diversity of reticulospinal systems in mammals","10.1016/j.cophys.2019.03.001","2019-04-01","Current Opinion in Physiology"
"6YTWJYJR","report","Test Method for Tensile Properties of Plastics","10.1520/D0638-14",,
"B3XX8T8Z","attachment","Horcholle-Bossavit - Encoding of muscle contractile tension by golgi tendon organs.pdf",,,
"MDT8XJM6","journalArticle","Measurements of the mechanical response of unidirectional 3D-printed PLA","10.1016/j.matdes.2017.03.051","06/2017","Materials & Design"
"BAFCRX4N","journalArticle","Microstructure and Properties of Polypropylene/Carbon Nanotube Nanocomposites","10.3390/ma3042884","2010-04-21","Materials"
"SGGTLQ2A","journalArticle","Multi-sensorized pneumatic artificial muscle yarns","10.1016/j.cej.2022.137241","2022-10-15","Chemical Engineering Journal"
"DFQ5L8PA","journalArticle","Sparse identification of nonlinear dynamics for model predictive control in the low-data limit","10.1098/rspa.2018.0335","11/2018","Proceedings of the Royal Society A: Mathematical, Physical and Engineering Sciences"
"T9VISXND","attachment","J of Applied Polymer Sci - 2009 - Podhradsk├í - Stability of electrical properties of carbon blackΓÇÉfilled rubbers.pdf",,,
"QZNW5DF5","journalArticle","Study on performance characteristics of fused deposition modeling <span style=""font-variant:small-caps;"">3D</span> ΓÇÉprinted composites by blending and lamination","10.1002/app.49926","2021-03-05","Journal of Applied Polymer Science"
"QEVXJF8N","journalArticle","Emulating Balance Control Observed in Human Test Subjects with a Neural Network",,"Under Revision","IEEE Control Systems Letters"
"R7UD8R6I","journalArticle","Influence of thermal processing conditions in 3D printing on the crystallinity and mechanical properties of PEEK material","https://doi.org/10.1016/j.jmatprotec.2017.04.027","2017","Journal of Materials Processing Technology"
"CIIY6ECC","webpage","Ecosia - the search engine that plants trees",,,
"N8ERSESR","journalArticle","The Spike-Timing Dependence of Plasticity","10.1016/j.neuron.2012.08.001","08/2012","Neuron"
"ABRJLS8F","journalArticle","Ankle and hip postural strategies defined by joint torques","10.1016/S0966-6362(99)00032-6","1999-10-01","Gait & Posture"
"K8YYACQ2","bookSection","A Reductionist Approach to Creating and Using Neuromusculoskeletal Models","10.1007/978-1-4612-2104-3_10","2000",
"UUA6X4RX","journalArticle","Deconstructing the modular organization and real-time dynamics of mammalian spinal locomotor networks","10.1038/s41467-023-36587-w","2023-02-16",
"8DH9E9PG","journalArticle","Additive manufacturing of continuous fibre reinforced thermoplastic composites using fused deposition modelling: Effect of process parameters on mechanical properties","10.1016/j.compscitech.2019.107688","2019-09","Composites Science and Technology"
"QF94MHRJ","journalArticle","The Brain in Its Body: Motor Control and Sensing in a Biomechanical Context","10.1523/jneurosci.3338-09.2009","2009-10-14","The Journal of Neuroscience"
"ENGTEQQ6","attachment","Understanding Neural Oscillations in the Human Brain-From Movement to Consciousness and Vice Versa.pdf",,,
"MPPC7UKD","journalArticle","Three-dimensional printing of continuous-fiber composites by in-nozzle impregnation","10.1038/srep23058","2016-03-11","Scientific Reports"
"CVVA5E5J","journalArticle","A Dynamic Neural Network Designed Using Analytical Methods Produces Dynamic Control Properties Similar to an Analogous Classical Controller","10.1109/LCSYS.2018.2871126","April 2019","IEEE Control Systems Letters"
"84R2LHQ6","journalArticle","Universal Simulation of Stable Dynamical Systems by Recurrent Neural Nets",,,
"CULV2KNW","journalArticle","Deep Learning With TensorFlow: A Review","10.3102/1076998619872761","04/2020","Journal of Educational and Behavioral Statistics"
"M57F8YEE","journalArticle","Process evaluation, tensile properties, mathematical models, and fracture behavior of 3D printed continuous fiber reinforced thermoplastic composites","10.1177/07316844211016091","11/2021","Journal of Reinforced Plastics and Composites"
"4SNHU5RN","conferencePaper","Unsteady pressure measurements on a MAV wing for the design of a turbulence mitigation system","10.1109/MetroAeroSpace.2014.6865909","May 2014",
"A2PUQA6G","journalArticle","Regulating Mechanical Behavior of Onyx Hexagonal Honeycombs via Heat Treatment: A ThermoΓÇÉMechanical Study","10.1002/pc.70382","2026-02-20","Polymer Composites"
"4AWW5Y73","journalArticle","BirdBot achieves energy-efficient gait with minimal control using avian-inspired leg clutching","10.1126/scirobotics.abg4055","2022-03-16","Science Robotics"
"DHL5H96G","journalArticle","Experimental characterization and micrography of 3D printed PLA and PLA reinforced with short carbon fibers","10.1016/j.compositesb.2017.05.013","09/2017","Composites Part B: Engineering"
"ZUGP4XYA","journalArticle","A Novel Type of Wall-Climbing Robot with a Gear Transmission System Arm and Adhere Mechanism Inspired by Cicada and Gecko","10.3390/app11094137","2021/1","Applied Sciences"
"Y5SV7BAE","journalArticle","A finite element approach for the prediction of the mechanical behaviour of layered composites produced by Continuous Filament Fabrication (CFF)","10.1016/j.polymertesting.2021.107181","06/2021","Polymer Testing"
"I3W4SF7B","journalArticle","Combining Differentiable PDE Solvers and Graph Neural Networks for Fluid Flow Prediction",,"2020-08-16","arXiv:2007.04439 [physics, stat]"
"26AP5W6T","journalArticle","Autonomous gait transition and galloping over unperceived obstacles of a quadruped robot with CPG modulated by vestibular feedback","10.1016/j.robot.2018.10.002","01/2019","Robotics and Autonomous Systems"
"UPJVW9LD","journalArticle","A computational model of insect campaniform sensilla predicts encoding of forces during walking.","10.1088/1748-3190/ac1ced","2021-08-12","Bioinspiration & Biomimetics"
"7MNS3WDT","journalArticle","Evaluating Mechanical Behavior of PLA Under Varied Strain Rates Using Stereolithography 3D Print Method",,"2024",
"8PPRCUXK","journalArticle","MECHANICAL OUTPUT FROM INDIVIDUAL MUSCLES DURING EXPLOSIVE LEG EXTENSIONS: THE ROLE OF ~IARTICULAR MUSCLES",,,
"HDFSWCRP","journalArticle","Dynamic Stability of Open-Loop Hopping","10.1115/1.2718237","2006-09-21","Journal of Dynamic Systems, Measurement, and Control"
"QM5RPWV5","journalArticle","Populations of spiking neurons for reservoir computing: Closed loop control of a compliant quadruped","10.1016/j.cogsys.2019.08.002","12/2019","Cognitive Systems Research"
"V7ZCDNDM","journalArticle","Built to Die: Bioinspired Locomoting Robot with Programmed End-of-Life Biodegradation",,,
"LL8YXZGU","journalArticle","Combining series elastic actuation and magneto-rheological damping for the control of agile locomotion","10.1016/j.robot.2011.06.006","2011-10-01","Robotics and Autonomous Systems"
"HXVLF6RW","webpage","PCB Oriented Detection",,,
"4ZM44RF2","journalArticle","From neuron to behavior: dynamic equation-based prediction of biological processes in motor control","10.1007/s00422-011-0446-6","2011-07-01","Biological Cybernetics"
"68G7FI44","journalArticle","Taking the next step: cortical contributions to the control of locomotion","10.1016/j.conb.2015.01.011","2015-08-01","Current Opinion in Neurobiology"
"XKU73743","journalArticle","Observing spatio-temporal dynamics of excitable media using reservoir computing","10.1063/1.5022276","04/2018","Chaos: An Interdisciplinary Journal of Nonlinear Science"
"GEA2HD28","journalArticle","Accelerated annealing of fused filament fabricated (FFF) thermoplastics via an improved coreΓÇôshell filament","10.1038/s41598-023-40855-6","2023-08-19","Scientific Reports"
"VUYWEDPE","journalArticle","Muscle Belly Gearing Positively Affects the ForceΓÇôVelocity and PowerΓÇôVelocity Relationships During Explosive Dynamic Contractions","10.3389/fphys.2021.683931","2021-8-12","Frontiers in Physiology"
"VUZQK2D2","journalArticle","Designing Artificial Neural Networks using particle swarm optimization algorithms","10.1155/2015/369298","January 1, 2015","Computational Intelligence and Neuroscience"
"UWLG4ZW3","journalArticle","Monotonic crack propagation in a notched polymer matrix composite reinforced with continuous fiber and printed by material extrusion","10.1007/s40964-023-00423-w","08/2023","Progress in Additive Manufacturing"
"6YRFV5DF","journalArticle","Model-Based Reinforcement Learning for Atari",,"2020-02-19","arXiv:1903.00374 [cs, stat]"
"ZAC64NWC","journalArticle","Design principles of a human mimetic humanoid: Humanoid platform to study human intelligence and internal body system","10.1126/scirobotics.aaq0899","20 December 2017","Science Robotics"
"UFS434UV","journalArticle","Temperature-Dependent Thermal Properties of Nearly Amorphous Polyamide 6","10.3390/polym18080981","2026-04-17","Polymers"
"RE3UY4DN","journalArticle","Head stabilization during various locomotor tasks in humans","10.1007/BF00230842","1990/08/01","Experimental Brain Research"
"FNWW6VRC","journalArticle","Oscillatory network with self-organized dynamical connections for synchronization-based image segmentation","10.1016/j.biosystems.2004.05.005","8/2004","Biosystems"
"PXVEI6VT","journalArticle","Coordination of fore and hind leg stepping in cats on a transversely-split treadmill.","10.1007/s00221-006-0542-3","November 2006","Experimental brain research. Experimentelle Hirnforschung. Exp├⌐rimentation c├⌐r├⌐brale"
"B6I5JR9S","attachment","7238.full.pdf",,,
"F28IXGC4","journalArticle","FiniteNet: A Fully Convolutional LSTM Network Architecture for Time-Dependent Partial Differential Equations",,"2020-02-07","arXiv:2002.03014 [physics, stat]"
"AI9WRJGA","book","System Identification: Theory for the User",,"1999",
"TEYKUQJB","journalArticle","Preliminary experience with medical applications of rapid prototyping by selective laser sintering","https://doi.org/10.1016/S1350-4533(96)00039-2","1997","Medical Engineering & Physics"
"V34E5P3T","journalArticle","Combining Differentiable PDE Solvers and Graph Neural Networks for Fluid Flow Prediction",,,
"B2XQ6FLJ","webpage","Trust-Hub.org",,,
"9ASGVQML","journalArticle","Somatosensory Substrates of Flight Control in Bats","10.1016/j.celrep.2015.04.001","May 12, 2015","Cell Reports"
"897UJGHD","journalArticle","Philosophy of the Spike: Rate-Based vs. Spike-Based Theories of the Brain","10.3389/fnsys.2015.00151","2015-11-10","Frontiers in Systems Neuroscience"
"T56ZBELP","journalArticle","Neuromodulation of the Spinal Cord for Movement Restoration","10.1016/b978-0-12-805353-9.00098-x","2018-01-01",
"IIZHDBAZ","webpage","Kevlar",,,
"JE2XDAZR","journalArticle","Articular human joint modelling",,"December 7, 2009","Robotica"
"UGXGI43U","journalArticle","Epidural spinal cord stimulation as an intervention for motor recovery after motor complete spinal cord injury.","10.1152/jn.00020.2021","2021-10-20","Journal of Neurophysiology"
"UVSMEI6S","conferencePaper","Fatigue life and frequency response of braided pneumatic actuators",,"2002",
"NG4WC86N","journalArticle","Central pattern generating networks in insect locomotion","10.1002/dneu.22738","01/2020","Developmental Neurobiology"
"NIXFVBTQ","journalArticle","Bio-inspired digit recognition using reward-modulated spike-timing-dependent plasticity in deep convolutional networks","10.1016/j.patcog.2019.05.015","10/2019","Pattern Recognition"
"RG5CUUZC","journalArticle","A bio-inspired condylar hinge joint for mobile robots","10.1109/IROS.2011.6048561","September 2011","International Conference on Intelligent Robots and Systems"
"IJLCRF6C","journalArticle","The Persistent Sodium Current Generates Pacemaker Activities in the Central Pattern Generator for Locomotion and Regulates the Locomotor Rhythm","10.1523/JNEUROSCI.1437-08.2008","2008-08-20","Journal of Neuroscience"
"KFWGT6SQ","bookSection","Postural Orientation and Equilibrium",,"1996",
