"key","type","title","DOI","date","pub","collections"
"EYS9LIW4","journalArticle","V1 spinal neurons regulate the speed of vertebrate locomotor outputs.","10.1038/nature04545","2006-03-09","Nature","N9R9QB36"
"JSXF58NV","journalArticle","Afferent control of locomotor CPG: insights from a simple neuromechanical model","10.1111/j.1749-6632.2010.05435.x","2010-06-01","Annals of the New York Academy of Sciences","N9R9QB36"
"JHA4K38H","journalArticle","Adaptive hindlimb split-belt treadmill walking in rats by controlling basic muscle activation patterns via phase resetting","10.1038/s41598-018-35714-8","2018-11-26","Scientific Reports","N9R9QB36"
"34YHKUFB","journalArticle","Robotics Application of a Method for Analytically Computing Infinitesimal Phase Response Curves","10.1007/978-3-030-64313-3_12","2020",,"N9R9QB36"
"5922NXLN","journalArticle","Ankleextensor groupIafferents excite extensors throughout thehindlimb during fictive locomotion inthecat",,"2011-01-01",,"N9R9QB36"
"352UDMZ7","journalArticle","Modelling spinal circuitry involved in locomotor pattern generation: insights from deletions during fictive locomotion","10.1113/jphysiol.2006.118703","2006-12-01","The Journal of Physiology","FJVWT8R9;J9QQKKC3;N9R9QB36"
"DSGTZ897","conferencePaper","Tuning of neural oscillators for the design of rhythmic motions","10.1109/ROBOT.2000.844870","2000",,"QUIZCN5R"
"JRRZFK7E","journalArticle","Sensory Feedback Induced by Front-Leg Stepping Entrains the Activity of Central Pattern Generators in Caudal Segments of the Stick Insect Walking System","10.1523/JNEUROSCI.3155-08.2009","2009-03-04","Journal of Neuroscience","7MUA9TNJ;JHS52VG2;JNXN9AAK;PDND6A7U;TYJX29H8"
"9ID7ASV7","journalArticle","Organization of mammalian locomotor rhythm and pattern generation","10.1016/j.brainresrev.2007.08.006","2008-01-01","Brain Research Reviews","ADI9MVVM;FJVWT8R9;MA3TJQ29;N9R9QB36;RPTFU546;Z2IJ6ASX"
"GDKE9S3M","journalArticle","The use of state-dependent modulation of spinal reflexes as a tool to investigate the organization of spinal interneurons.","10.1007/s002210050847","1999-09-17","Experimental Brain Research","N9R9QB36"
"N3DFZEXB","journalArticle","Computational modeling of spinal circuits controlling limb coordination and gaits in quadrupeds","10.7554/eLife.31050","2017/11/22","eLife","8ZK4JUJB;G7U2YC7Y;XK5E9LE4;Z8JX6KUL"
"U3H52BTN","journalArticle","Optic flow regulation: the key to aircraft automatic guidance","10.1016/j.robot.2004.09.016","March 31, 2005","Robotics and Autonomous Systems","5T5PXLZC"
"J8ICEH85","journalArticle","Implementation of an RBF neural network on embedded systems: real-time face tracking and identity verification","10.1109/TNN.2003.816035","Sept 2003","IEEE Transactions on Neural Networks","5T5PXLZC"
"9W5PDGU7","journalArticle","An Assessment of Six Muscle Spindle Models for Predicting Sensory Information during Human Wrist Movements","10.3389/fncom.2015.00154","2016-01-14","Frontiers in Computational Neuroscience","7N4C29P2;BS9BJMUU;N9R9QB36"
"9XQ3RUI3","journalArticle","Learning CPG Sensory Feedback with Policy Gradient for Biped Locomotion for a Full-Body Humanoid",,"2005",,"7MUA9TNJ;JHS52VG2;TYJX29H8;XQM5FLN5"
"R4DX3I8Z","journalArticle","Sensory Feedback in the Control of Posture and Locomotion","10.1002/9781118873397.ch9","2017-06-23",,"N9R9QB36"
"8BTFJLJW","journalArticle","Flow field sensing with bio-inspired artificial hair cell arrays","10.1016/j.snb.2016.05.091","November 29, 2016","Sensors and Actuators B: Chemical","8KUXKGCX;LB2PA2M3"
"WUTW7V92","journalArticle","The contribution of a central pattern generator in a reflex-based neuromuscular model","10.3389/fnhum.2014.00371","2014-06-26","Frontiers in Human Neuroscience","TYJX29H8"
"DZPSWJ2K","journalArticle","Mechanosensation and Adaptive Motor Control in Insects","10.1016/j.cub.2016.06.070","2016-10-24","Current Biology","XXAXGRUX"
"GTAGV9L5","journalArticle","Phasic gain control of the transmission in cutaneous reflex pathways to motoneurones during 'fictive' locomotion.","10.1016/0006-8993(78)90493-6","1978-06-30","Brain Research","N9R9QB36"
"G4YNHB5V","journalArticle","Control for multifunctionality: bioinspired control based on feeding in Aplysia californica","10.1007/s00422-020-00851-9","2020","Biological Cybernetics","N9R9QB36"
"8FS7YFVM","journalArticle","Transient Response in a Dendritic Neuron Model for Current Injected at One Branch",,,,"YGJ8NW46"
"JTCC6357","journalArticle","Stumbling corrective reaction during fictive locomotion in the cat.","10.1152/jn.00175.2005","2005-05-25","Journal of Neurophysiology","N9R9QB36"
"MYPXKF6E","journalArticle","Cutaneous Reflexes During Human Gait: Electromyographic and Kinematic Responses to Electrical Stimulation","10.1152/jn.1997.77.6.3311","1997-06-01","Journal of Neurophysiology","N9R9QB36"
"C242M3IN","journalArticle","Adaptive control for backward quadrupedal walking. II. Hindlimb muscle synergies","10.1152/jn.1990.64.3.756","1990-09-01","Journal of Neurophysiology","N9R9QB36"
"X5V7DDGT","journalArticle","Neuronal Control of Locomotion 'From Mollusc to Man '",,"1999-11-18",,"N9R9QB36"
"5SD4D6FX","journalArticle","Controlling legs for locomotionΓÇöinsights from robotics and neurobiology","10.1088/1748-3190/10/4/041001","June 2015","Bioinspiration & Biomimetics","C9GHUG33;N9R9QB36;Y5999VDY"
"ZQ2YLZKM","journalArticle","Organization of left-right coordination of neuronal activity in the mammalian spinal cord: Insights from computational modelling","10.1113/JP270121","2015-06-01","The Journal of Physiology","N9R9QB36"
"HCRQ3XGX","journalArticle","Peripheral control of the cat's step cycle I. Phase dependent effects of ramp-movements of the hip during ΓÇ£fictive locomotionΓÇ¥","10.1111/j.1748-1716.1981.tb06867.x","1981-09-01","Acta Physiologica Scandinavica","N9R9QB36"
"X6WHYDNF","journalArticle","AnimatLab: A 3D graphics environment for neuromechanical simulations","10.1016/j.jneumeth.2010.01.005","2010-03-30","Journal of Neuroscience Methods","N9R9QB36"
"MMJLWEK4","journalArticle","The significance of dynamical architecture for adaptive responses to mechanical loads during rhythmic behavior","10.1007/s10827-014-0519-3","2015-02-01","Journal of Computational Neuroscience","N9R9QB36"
"NJG3ZNV3","journalArticle","Analytical CPG model driven by limb velocity input generates accurate temporal locomotor dynamics.","10.7287/peerj.preprints.26734v1","2018-03-19","PeerJ","N9R9QB36"
"VHRIWJBY","journalArticle","Vestibular-mediated synaptic inputs and pathways to sympathetic preganglionic neurons in the neonatal mouse.","10.1113/jphysiol.2012.234609","2012-11-15","The Journal of Physiology","N9R9QB36"
"UQPWXKRT","conferencePaper","Bat Bot (B2), a biologically inspired flying machine","10.1109/ICRA.2016.7487491","May 2016",,"BBE4U5K8;VD7TQ8M3"
"QC4IBXM8","journalArticle","ATRIAS: Design and validation of a tether-free 3D-capable spring-mass bipedal robot","10.1177/0278364916648388","2016-10-01","The International Journal of Robotics Research","A9APUGPQ;NW7YXWPA;Q5A46GCA"
"GHY9AGV7","journalArticle","Forms of forward quadrupedal locomotion. II. A comparison of posture, hindlimb kinematics, and motor patterns for upslope and level walking.","10.1152/jn.1998.79.4.1687","1998-04-01","Journal of Neurophysiology","N9R9QB36"
"QT4Y3IRV","journalArticle","V3 spinal neurons establish a robust and balanced locomotor rhythm during walking.","10.1016/j.neuron.2008.09.027","2008-10-09","Neuron","N9R9QB36"
"ZXYWYGXG","journalArticle","Bifurcations in MorrisΓÇôLecar neuron model","10.1016/j.neucom.2005.03.006","1/2006","Neurocomputing","YGJ8NW46"
"487Z4V9R","journalArticle","Modulation of ipsi- and contralateral reflex responses in unrestrained walking cats","10.1152/jn.1980.44.5.1024","1980-11-01","Journal of Neurophysiology","N9R9QB36"
"BKBQEBDU","journalArticle","Modular organization of the multipartite central pattern generator for turtle rostral scratch: knee-related interneurons during deletions","10.1152/jn.00871.2015","2016-06-01","Journal of Neurophysiology","N9R9QB36"
"TC9VID2V","preprint","ScaFi: Length-Scalable, Compliant, Parametric Robotic Fish Design for Operation in Multiple Environmental Niches","10.21203/rs.3.rs-7577054/v1","2025-10-10",,"VD8SAM7F"
"JARFNYXE","journalArticle","Central pattern generators in the turtle spinal cord: selection among the forms of motor behaviors.","10.1152/jn.00602.2017","2018-02-01","Journal of Neurophysiology","N9R9QB36"
"AKKBWQR2","journalArticle","How fish power predation fast-starts","10.1242/jeb.198.9.1851","1995","The Journal of Experimental Biology","VD8SAM7F"
"DW9PZKVQ","bookSection","Modeling the Organization of Spinal Cord Neural Circuits Controlling Two-Joint Muscles","10.1007/978-1-4939-3267-2_5","2016",,"G7U2YC7Y;N9R9QB36;RPTFU546;Z8JX6KUL"
"QT6Z6XA9","journalArticle","Flexor reflex afferents reset the step cycle during fictive locomotion in the cat","10.1007/s002210050522","1998-05-30","Experimental Brain Research","N9R9QB36"
"D2N9Z673","journalArticle","Functionally complex muscles of the cat hindlimb. I. Patterns of activation across sartorius.","10.1007/bf00229406","1991-01-01","Experimental Brain Research","N9R9QB36"
"UDWN2QLV","journalArticle","Synchronization and desynchronization of neural oscillators","10.1016/S0893-6080(99)00068-4","11/1999","Neural Networks","7MUA9TNJ;G2YJMU83;JHS52VG2;QUIZCN5R"
"UPM689S4","journalArticle","Mechanosensation and adaptive motor control in insects","10.1016/j.cub.2016.06.070","2016-10-24","Current biology : CB","T8DEMIYL"
"4R3BMDTE","journalArticle","LOCOMOTOR CIRCUITS IN THE MAMMALIAN SPINAL CORD","10.1146/annurev.neuro.29.051605.112910","2006-06-15","Annual Review of Neuroscience","N9R9QB36"
"A58W6FYR","journalArticle","Development and Flight Testing of a Turbulence Mitigation System for Micro Air Vehicles","10.1002/rob.21626","August 1, 2016","Journal of Field Robotics","8KUXKGCX;U65AP8TW;VD7TQ8M3"
"LVQ3W94U","journalArticle","Common interneurones in reflex pathways from group 1a and 1b afferents of ankle extensors in the cat.","10.1113/jphysiol.1981.sp013556","1981-01-01","The Journal of Physiology","N9R9QB36"
"5JNBVJTZ","journalArticle","Patterns of locomotor drive to motoneurons and last-order interneurons: clues to the structure of the CPG.","10.1152/jn.2001.86.1.447","2001-07-01","Journal of Neurophysiology","N9R9QB36"
"3YX8SLFP","journalArticle","Highly sensitive airflow sensors with an ultrathin reduced graphene oxide film inspired by gas exfoliation of graphite oxide","10.1039/C6MH00587J","2017","Materials Horizons","8KUXKGCX"
"J7VNHZDM","journalArticle","The comparative investigation of the stick insect and cockroach models in the study of insect locomotion","10.1016/j.cois.2015.07.004","2015-12-01","Current Opinion in Insect Science","XXAXGRUX"
"PD8VTCT5","journalArticle","Designing responsive pattern generators: stable heteroclinic channel cycles for modeling and control","10.1088/1748-3190/10/2/026001","2015-02-25","Bioinspiration & Biomimetics","N9R9QB36"
"YUU6ET4C","journalArticle","Neural control of locomotion: sensory control of the central pattern generator and its relation to treadmill training","10.1016/S0966-6362(98)00010-1","5/1998","Gait & Posture","3JICMNZE;7MUA9TNJ;JHS52VG2;PCKP9AS7;TYJX29H8"
"FKXIQQMW","journalArticle","On the possibility (or lack thereof) of agreement between experiment and computation of flows over wings at moderate Reynolds number","10.1098/rsfs.2016.0076","February 6, 2017","Interface Focus","MMK48V5F;U65AP8TW"
"KVVVQZAC","journalArticle","Enhancement and Resetting of Locomotor Activity by Muscle Afferentsa","10.1111/j.1749-6632.1998.tb09050.x","1998-11-01","Annals of the New York Academy of Sciences","N9R9QB36"
"CMTBZ7XY","journalArticle","Red muscle activity in bluegill sunfish Lepomis macrochirus during forward accelerations","10.1038/s41598-019-44409-7","2019-05-30","Scientific Reports","VD8SAM7F"
"XECA7KR8","journalArticle","Organization of flexorΓÇôextensor interactions in the mammalian spinal cord: insights from computational modelling","10.1113/JP272437","2016","The Journal of Physiology","N9R9QB36"
"48FEM3CD","journalArticle","Intra-muscle Synergies Stabilizing Reflex-mediated Force Changes","10.1016/j.neuroscience.2022.10.009","2022-11-21","Neuroscience","N9R9QB36"
"H8UT6ZVQ","journalArticle","The initiation of the swing phase in human infant stepping: importance of hip position and leg loading","10.1111/j.1469-7793.2000.00389.x","2000-10-15","The Journal of Physiology","N9R9QB36"
"688LSA5J","journalArticle","Instability of synchronized motion in nonlocally coupled neural oscillators","10.1103/PhysRevE.73.031907","2006-3-9","Physical Review E","QUIZCN5R"
"UJ5ECYKN","journalArticle","Stimulation pattern that maximizes force in paralyzed and control whole thenar muscles","10.1152/jn.2002.87.5.2271","2002-05","Journal of Neurophysiology","AJENK7I2;PUS8CILG;SUKCWFGV;V22WMIYJ"
"C75WTZAI","journalArticle","Motor circuits in action: specification, connectivity, and function","10.1016/j.neuron.2012.05.011","2012-06-21","Neuron","N9R9QB36"
"Y3JCTVVT","journalArticle","Segmental patterns of vestibular-mediated synaptic inputs to axial and limb motoneurons in the neonatal mouse assessed by optical recording","10.1113/jphysiol.2010.195644","2010-12-15","The Journal of Physiology","N9R9QB36"
"UVNWCLP4","journalArticle","A theory of healing at a polymer-polymer interface","10.1021/ma00241a013","07/1983","Macromolecules","2C3BBNF5;3AQVM6PB;9I853MAM;U65AP8TW"
"J2MCIARS","journalArticle","Review article (Part 2) Neural control of locomotion: sensory control of the central pattern generator and its relation to treadmill training",,"1998-01-01",,"N9R9QB36"
"YDFMUQYA","journalArticle","Role of Proprioceptive Signals From an Insect Femur-Tibia Joint in Patterning Motoneuronal Activity of an Adjacent Leg Joint","10.1152/jn.1999.81.4.1856","1999-04-01","Journal of Neurophysiology","N9R9QB36"
"WM3UE5B5","journalArticle","CNT-Based Artificial Hair Sensors for Predictable Boundary Layer Air Flow Sensing","10.1002/admt.201600176","December 1, 2016","Advanced Materials Technologies","8KUXKGCX"
"CSAVUDPG","journalArticle","Proprioceptive Feedback and Movement Regulation","10.1002/cphy.cp120103","2011-01-01","Comprehensive Physiology","N9R9QB36"
"HBYF3AYK","journalArticle","Tactile Sensing in Insects",,"2014-01-01",,"N9R9QB36"
"JVJH62L4","journalArticle","Formation of the central pattern generator for locomotion in the rat and mouse","10.1016/S0361-9230(00)00399-3","11/2000","Brain Research Bulletin","7MUA9TNJ;JHS52VG2;JNXN9AAK;RPTFU546;TYJX29H8"
"SDYPF2ZR","journalArticle","Behaviour-based modelling of hexapod locomotion: linking biology and technical application","10.1016/j.asd.2004.05.004","2004-07-01","Arthropod Structure & Development","N9R9QB36"
"ABBAC3I9","journalArticle","The cerebellar microcircuit as an adaptive filter: experimental and computational evidence","10.1038/nrn2756","Jan 2010","Nature Reviews. Neuroscience","MMK48V5F;U65AP8TW"
"TKBRHJUH","journalArticle","Biomechanics of fast-start swimming in fish","10.1016/s1095-6433(01)00461-5","2001-12","Comparative Biochemistry and Physiology. Part A, Molecular & Integrative Physiology","VD8SAM7F"
"CHA399VC","journalArticle","A walking robot called human: lessons to be learned from neural control of locomotion.","10.1016/s0021-9290(01)00187-7","2002-04-01","Journal of Biomechanics","N9R9QB36"
"T5XR35IX","journalArticle","Distinguishing subtypes of spinal locomotor neurons to inform circuit function and dysfunction","10.1016/j.conb.2023.102763","2023-10-01",,"N9R9QB36"
"RWCAK32Z","journalArticle","Electrophysiology of a Dendritic Neuron Model","10.1016/S0006-3495(62)86953-7","03/1962","Biophysical Journal","YGJ8NW46"
"XDA3LUST","journalArticle","Development and Training of a Neural Controller for Hind Leg Walking in a Dog Robot","10.3389/fnbot.2017.00018","2017-04-04","Frontiers in Neurorobotics","N9R9QB36"
"GKN9S4JZ","journalArticle","Locomotor activity in spinal cord-injured persons","10.1152/japplphysiol.00942.2003","2004-05","Journal of Applied Physiology","XK5E9LE4"
"XM67JSWP","journalArticle","Initiation of locomotion in lampreys.","10.1016/j.brainresrev.2007.07.016","2008-01-01","Brain Research Reviews","N9R9QB36"
"TM5X2YHN","journalArticle","Effects of ankle and hip muscle afferent inputs on rhythm generation during fictive locomotion.","10.1152/jn.01028.2009","2010-01-20","Journal of Neurophysiology","N9R9QB36"
"9F9ZL6JQ","journalArticle","Central Pattern Generators of the Mammalian Spinal Cord","10.1177/1073858410396101","2012-02-01","The Neuroscientist","N9R9QB36"
"WW4LK5QF","journalArticle","Central pattern generators in the brainstem and spinal cord: an overview of basic principles, similarities and differences.","10.1515/revneuro-2017-0102","2019-01-28","Reviews in The Neurosciences","N9R9QB36"
"JDG5TCXN","journalArticle","Distributed force feedback in the spinal cord and the regulation of limb mechanics","10.1152/jn.00216.2017","2018-03-01","Journal of Neurophysiology","FXQ6HTLZ;IUHWJX44;KKTCWNPD;M6BJ77DG;XRRT83XE;XXAXGRUX"
"W52TJC4Z","journalArticle","Functional organization within the medullary reticular formation of the intact unanesthetized cat. III. Microstimulation during locomotion.","10.1152/jn.1991.66.3.919","1991-09-01","Journal of Neurophysiology","N9R9QB36"
"JA7MEXI6","journalArticle","Relative Contribution of Proprioceptive and Vestibular Sensory Systems to Locomotion: Opportunities for Discovery in the Age of Molecular Science.","10.3390/ijms22031467","2021","International Journal of Molecular Sciences","N9R9QB36"
"63MH8V4H","bookSection","General Principles of Rhythmogenesis in Central Pattern Generator Networks","10.1016/B978-0-444-53613-6.00014-9","2010",,"TYJX29H8"
"2YFUE3N9","webpage","Object Discrimination With an Artificial Hand Using Electrical Stimulation of Peripheral Tactile and Proprioceptive Pathways With Intrafascicular Electrodes",,,,"7N4C29P2;N9R9QB36"
"T2LK3IM5","bookSection","The neuromechanical tuning hypothesis","10.1016/S0079-6123(06)65016-4","2007-01-01",,"N9R9QB36"
"U5AEKFQY","journalArticle","catsof ankle extensor muscle activity in walking",,"2015-01-01",,"N9R9QB36"
"29RANPQV","journalArticle","Novel Locomotion via Biological Inspiration","10.1117/12.886413","2011-05-13","Proceedings of SPIE","N9R9QB36"
"KIHPNJPQ","conferencePaper","Pseudo-proprioceptive motion feedback by electric stimulation","10.1109/MHS.2012.6492480","04/2012",,"7N4C29P2"
"244HN35M","bookSection","Kinesthetic Senses","10.1002/cphy.c170036","2018-07-01",,"XXAXGRUX"
"L8MLKUKM","attachment","plcb-02-07-13 794..804 _ Enhanced Reader.pdf",,,,"YGJ8NW46"
"PGQDMMGY","journalArticle","Elementary motion detectors","10.1016/j.cub.2015.01.013","2015-03-16","Current Biology","5T5PXLZC"
"R627IKU8","journalArticle","Artificial neural networks in hardware: A survey of two decades of progress","10.1016/j.neucom.2010.03.021","December 1, 2010","Neurocomputing","5T5PXLZC"
"NSWCV3PZ","journalArticle","A connectionist central pattern generator for the aquatic and terrestrial gaits of a simulated salamander","10.1007/s004220000211","2001-4-12","Biological Cybernetics","3JICMNZE;7MUA9TNJ;EZYZVY6T;JHS52VG2;JNXN9AAK;PCKP9AS7;TYJX29H8"
"YR8533YK","journalArticle","Physiologically based controller for generating overground locomotion using functional electrical stimulation.","10.1152/jn.01177.2006","2007-03-01","Journal of Neurophysiology","N9R9QB36"
"SPM6IQ25","journalArticle","Flexor and Extensor Ankle Afferents Broadly Innervate Locomotor Spinal Shox2 Neurons and Induce Similar Effects in Neonatal Mice.","10.3389/fncel.2019.00452","2019-10-09","Frontiers in Cellular Neuroscience","N9R9QB36"
"9PY3EFVG","journalArticle","Neuromuscular Model-Based Sensing And Control Paradigm For A Robotic Leg",,"2013-04-18",,"N9R9QB36"
"2SCC9MZI","journalArticle","Multistate network model for the pathfinding problem with a self-recovery property","10.1016/j.neunet.2014.08.008","02/2015","Neural Networks","QUIZCN5R"
"UXIPZ8TG","journalArticle","Stimulation Pattern That Maximizes Force in Paralyzed and Control Whole Thenar Muscles | Journal of Neurophysiology",,,,"AJENK7I2;PUS8CILG;SUKCWFGV"
"3RHFE8KI","journalArticle","Current Principles of Motor Control, with Special Reference to Vertebrate Locomotion","10.1152/physrev.00015.2019","2020-01","Physiological Reviews","XK5E9LE4"
"JQHXG7YZ","journalArticle","Common Principles of Motor Control in Vertebrates and Invertebrates","10.1146/annurev.ne.16.030193.001405","1993-01-01","Annual Review of Neuroscience","N9R9QB36"
"VDQ96GP3","journalArticle","One Rhodopsin per Photoreceptor: Iro-C Genes Break the Rule","10.1371/journal.pbio.0060115","Apr 29, 2008","PLOS Biology","5T5PXLZC"
"76XDTN7S","journalArticle","Decoding the organization of spinal circuits that control locomotion","10.1038/nrn.2016.9","2016-03-03","Nature Reviews Neuroscience","N9R9QB36"
"IQJ3CPKF","journalArticle","Contribution of Sensory Feedback to the Generation of Extensor Activity During Walking in the Decerebrate Cat","10.1152/jn.1999.81.2.758","1999-02-01","Journal of Neurophysiology","N9R9QB36"
"JWVJHKT9","journalArticle","The Effect of DOPA on the Spinal Cord 6. HalfΓÇÉcentre organization of interneurones transmitting effects from the flexor reflex afferents","10.1111/j.1748-1716.1967.tb03637.x","1967-07-01","Acta Physiologica Scandinavica","N9R9QB36"
"GCLWV2QE","journalArticle","Sensory Modulation of Locomotor-Like Membrane Oscillations in Hb9-Expressing Interneurons","10.1152/jn.00996.2009","2010-06-01","Journal of Neurophysiology","N9R9QB36"
"ERQMF4UN","attachment","Hunt-ASME_Final.pdf",,,,"AJENK7I2"
"ZD56IMT7","journalArticle","Major role for sensory feedback in soleus EMG activity in the stance phase of walking in man.","10.1111/j.1469-7793.2000.00817.x","2000-03-01","The Journal of Physiology","N9R9QB36"
"294C8B6I","journalArticle","Activity of bifunctional motoneurons during fictive locomotion: a computational modeling study",,"2010-01-01",,"N9R9QB36"
"2AL8SKEY","journalArticle","Central Pattern Generator for Locomotion: Anatomical, Physiological, and Pathophysiological Considerations","10.3389/fneur.2012.00183","2013-02-08","Frontiers in Neurology","N9R9QB36"
"TVQKRX4Y","journalArticle","The mammalian spinal commissural system: properties and functions.","10.1152/jn.00347.2019","2020-01-01","Journal of Neurophysiology","N9R9QB36"
"TQIV2N3H","journalArticle","Spinal Interneurons: Diversity and Connectivity in Motor Control","10.1146/annurev-neuro-083122-025325","2023-07-10",,"N9R9QB36"
"W3R49D73","journalArticle","Cutaneous inputs from perineal region facilitates and modulates spinal locomotor activity and reduces cutaneous reflexes from the foot in spinal cats","10.1101/2020.07.29.226530","2020-07-30","bioRxiv","N9R9QB36"
"ALRMD9WA","journalArticle","Reynolds averaged turbulence modelling using deep neural networks with embedded invariance","10.1017/jfm.2016.615","2016/11","Journal of Fluid Mechanics","MMK48V5F;U65AP8TW"
"RRC9FCX6","journalArticle","A reconsideration of the central pattern generator concept for locust flight","10.1007/BF00609460","1987","Journal of Comparative Physiology A","3JICMNZE;7MUA9TNJ;JHS52VG2;JNXN9AAK;PDND6A7U;TYJX29H8;XQ5EJAKY"
"KCU258VQ","journalArticle","Automated neuron model optimization techniques: a review","10.1007/s00422-008-0257-6","11/2008","Biological Cybernetics","YGJ8NW46"
"WU8CHPJV","journalArticle","On the definition of central pattern generator and its sensory control","10.1007/BF00337116","05/1986","Biological Cybernetics","TYJX29H8"
"LU7H5KXP","journalArticle","Control of ankle extensor muscle activity in walking cats","10.1152/jn.00944.2011","2012-11-15","Journal of Neurophysiology","N9R9QB36"
"83PE4KEE","journalArticle","Fixed-wing MAV attitude stability in atmospheric turbulenceΓÇöPart 2: Investigating biologically-inspired sensors","10.1016/j.paerosci.2014.06.002","November 1, 2014","Progress in Aerospace Sciences","8KUXKGCX;U65AP8TW;VD7TQ8M3"
"INEC8ZQU","journalArticle","Biorobotic approaches to the study of motor systems","10.1016/s0959-4388(98)80121-9","1998-12-01","Current Opinion in Neurobiology","N9R9QB36"
"N2G8P5GP","journalArticle","A neuromechanical model exploring the role of the common inhibitor motor neuron in insect locomotion.","10.1007/s00422-019-00811-y","2020-02-01","Biological Cybernetics","N9R9QB36"
"XDJSTRBP","journalArticle","Neural networks that co-ordinate locomotion and body orientation in lamprey","10.1016/0166-2236(95)80008-p","1995-01-01","Trends in Neurosciences","N9R9QB36"
"DTAEXW5V","journalArticle","The role of proprioceptive feedback in the regulation and adaptation of locomotor activity.","10.1007/978-1-4615-0713-0_40","2002-01-01","Advances in Experimental Medicine and Biology","N9R9QB36"
"EFI559B5","journalArticle","V1 and V2b Interneurons Secure the Alternating Flexor-Extensor Motor Activity Mice Require for Limbed Locomotion","10.1016/j.neuron.2014.02.013","2014-04-02","Neuron","N9R9QB36"
"X7XNX2HJ","journalArticle","What functions do reflexes serve during human locomotion","10.1016/s0301-0082(98)00081-1","1999-06-01","Progress in Neurobiology","N9R9QB36"
"YYNEMM47","journalArticle","The Effect of DOPA on the Spinal Cord 5. Reciprocal organization of pathways transmitting excitatory action to alpha motoneurones of flexors and extensors","10.1111/j.1748-1716.1967.tb03636.x","1967-07-01","Acta Physiologica Scandinavica","N9R9QB36"
"WREDTJZY","journalArticle","Sensorimotor control of gait: a novel approach for the study of the interplay of visual and proprioceptive feedback","10.3389/fnhum.2015.00014","2015-02-09","Frontiers in Human Neuroscience","7N4C29P2"
"KU6IMVY2","journalArticle","Multiple modes of electrical activities in a new neuron model under electromagnetic radiation","10.1016/j.neucom.2016.05.004","09/2016","Neurocomputing","YGJ8NW46"
"4QA8TVZM","journalArticle","Influence of Brain Stem on Axial and Hindlimb Spinal Locomotor Rhythm Generating Circuits of the Neonatal Mouse.","10.3389/fnins.2018.00053","2018-02-09","Frontiers in Neuroscience","N9R9QB36"
"ZWE4FJGE","conferencePaper","Central pattern generator and its learning via simultaneous perturbation method","10.1109/IJCNN.2012.6252803","06/2012",,"TYJX29H8"
"YB3UHSM3","journalArticle","Load-regulating mechanisms in gait and posture: comparative aspects.","10.1152/physrev.2000.80.1.83","2000-01-01","Physiological Reviews","N9R9QB36"
"7QRJD27N","journalArticle","A Functional Subnetwork Approach to Designing Synthetic Nervous Systems That Control Legged Robot Locomotion","10.3389/fnbot.2017.00037","2017","Frontiers in Neurorobotics","5CRWN2QL;6TF2M9GP;7E78U3HX;7MUA9TNJ;8A6RE9ZG;BBGSDJ8D;CQ4PSU6E;G2YJMU83;GH5SI7R8;HH56GVGM;JHS52VG2;N6HLE6P7;N9R9QB36;RK95XFHP;RPTFU546;S495ULAK;S7EBCZE4;SEM476TQ;TK8F7HCH;V22WMIYJ;VD7TQ8M3"
"K5UDNXTE","journalArticle","Tonic Central and Sensory Stimuli Facilitate Involuntary Air-Stepping in Humans","10.1152/jn.90895.2008","2009-04-01","Journal of Neurophysiology","N9R9QB36"
"9VS8WQU3","journalArticle","Segmental organization of vestibulospinal inputs to spinal interneurons mediating crossed activation of thoracolumbar motoneurons in the neonatal mouse.","10.1523/jneurosci.5188-14.2015","2015-05-27","The Journal of Neuroscience","N9R9QB36"
"V5TFLQBV","journalArticle","Descending and Local Network Interactions Control Adaptive Locomotion",,"2014-12-04",,"N9R9QB36"
"YKVBPLHA","journalArticle","Initiation of locomotion in mammals.","10.1111/j.1749-6632.1998.tb09040.x","1998-11-01","Annals of the New York Academy of Sciences","N9R9QB36"
"YKWJLUHP","journalArticle","Emergent synchrony in locally coupled neural oscillators","10.1109/72.392256","7/1995","IEEE Transactions on Neural Networks","7MUA9TNJ;G2YJMU83;JHS52VG2;QUIZCN5R"
"WNTBWC33","journalArticle","Multisensory Feedback Can Enhance Embodiment Within an Enriched Virtual Walking Scenario","10.1162/PRES_a_00190","2014-10-01","Presence: Teleoperators and Virtual Environments","7N4C29P2"
"753KL7RM","journalArticle","Nonlinear Modulation of Cutaneous Reflexes with Increasing Speed of Locomotion in Spinal Cats","10.1523/JNEUROSCI.3042-16.2017","2017-03-14","The Journal of Neuroscience","N9R9QB36"
"7TLC7VSP","journalArticle","Biologically based distributed control and local reflexes improve rough terrain locomotion in a hexapod robot","10.1016/0921-8890(96)00003-6","1996-07-01","Robotics and Autonomous Systems","N9R9QB36"
"DM5F38IE","journalArticle","Sophisticated spinal contributions to motor control","10.1016/S0166-2236(03)00073-0","5/2003","Trends in Neurosciences","N9R9QB36"
"ZN3KKW8R","journalArticle","Math Modeling of Interlimb Coordination in Cat Locomotion",,"2020-01-01",,"N9R9QB36"
"VPTKMLDB","journalArticle","Biomechanics of fast-start swimming in fish","10.1016/S1095-6433(01)00461-5","12/2001","Comparative Biochemistry and Physiology Part A: Molecular & Integrative Physiology","VD8SAM7F"
"BK55DCM3","journalArticle","Controlling swimming and crawling in a fish robot using a central pattern generator","10.1007/s10514-007-9071-6","8/2008","Autonomous Robots","7MUA9TNJ;JHS52VG2;T82M4DVB;TYJX29H8"
"KCC2QRCW","bookSection","A Neuromechanical Model of Spinal Control of Locomotion","10.1007/978-1-4939-3267-2_2","2016",,"FJVWT8R9;G7U2YC7Y;J9QQKKC3;N9R9QB36;XK5E9LE4;Z8JX6KUL"
"TBZ3RSLF","conferencePaper","Visual Guidance Of A Mobile Robot Equipped With A Network Of Self-Motion Sensors","10.1117/12.969868","1990/03/01",,"5T5PXLZC"
"46Y87E2J","conferencePaper","BoxyBot: a swimming and crawling fish robot controlled by a central pattern generator","10.1109/BIOROB.2006.1639162","2006",,"7MUA9TNJ;FXQ6HTLZ;JHS52VG2;RPTFU546;T82M4DVB;TYJX29H8"
"B8IIR2CU","journalArticle","Microstimulation of the medullary reticular formation during fictive locomotion.","10.1152/jn.1994.71.1.229","1994-01-01","Journal of Neurophysiology","N9R9QB36"
"9F8AFG4T","journalArticle","Mechanisms of Left-Right Coordination in Mammalian Locomotor Pattern Generation Circuits: A Mathematical Modeling View",,"2015-05-01",,"N9R9QB36"
"TKDPKVYG","journalArticle","State-dependent rhythmogenesis and frequency control in a half-center locomotor CPG","10.1152/jn.00550.2017","2018-01-01","Journal of Neurophysiology","N9R9QB36"
"9ZC22GED","journalArticle","Activity of vestibulospinal neurons during locomotion.","10.1016/0006-8993(72)90007-8","1972-11-13","Brain Research","N9R9QB36"
"694YPFDU","journalArticle","Multifrequency Hebbian plasticity in coupled neural oscillators","10.1007/s00422-020-00854-6","02/2021","Biological Cybernetics","QUIZCN5R"
"T4FX7L4M","journalArticle","Adaptation after vastus lateralis denervation in rats demonstrates neural regulation of joint stresses and strains","10.7554/eLife.38215","September 3, 2018","eLife","XXAXGRUX"
"8M54HEI2","journalArticle","Biologically inspired approaches to robotics: what can we learn from insects?","10.1145/245108.245118","1997-03-01","Communications of The ACM","N9R9QB36"
"QQUH29J2","journalArticle","Activity of medullary reticulospinal neurons during fictive locomotion.","10.1152/jn.1993.69.6.2232","1993-06-01","Journal of Neurophysiology","N9R9QB36"
"D2DKJCJH","journalArticle","Human lumbar cord circuitries can be activated by extrinsic tonic input to generate locomotor-like activity","10.1016/j.humov.2007.01.005","2007","Human Movement Science","N9R9QB36"
"NKH8X876","conferencePaper","Tetraspine: Robust terrain handling on a tensegrity robot using central pattern generators","10.1109/AIM.2013.6584102","July 2013",,"AJENK7I2;DUTVHULR"
"DPHUJBQK","journalArticle","The distal hindlimb musculature of the cat. Cutaneous reflexes during locomotion.","10.1007/bf00235875","1985-01-01","Experimental Brain Research","N9R9QB36"
"56M5UP3A","journalArticle","Proprioception from a neurally controlled lower-extremity prosthesis","10.1126/scitranslmed.aap8373","2018-05-30","Science Translational Medicine","7N4C29P2;N9R9QB36"
"HQFYAQIS","journalArticle","Simultaneous perturbation learning rule for recurrent neural networks and its FPGA implementation","10.1109/TNN.2005.852237","November 2005","IEEE Transactions on Neural Networks","5T5PXLZC"
"Y4DY9VRF","journalArticle","Neuromuscular Models for Locomotion","10.1016/b978-0-12-803766-9.00008-7","2017-01-01",,"N9R9QB36"
"XZGQH9N9","attachment","Terman-Wang95.pdf",,,,"QUIZCN5R"
"ULEGTR8P","journalArticle","Synchronization of coupled neural oscillators with heterogeneous delays","10.1142/S0218127413300395","12/2013","International Journal of Bifurcation and Chaos","QUIZCN5R"
"ASEBG8N3","journalArticle","Spinal cords: Symphonies of interneurons across species","10.3389/fncir.2023.1146449","2023-04-26",,"N9R9QB36"
"NE8SR95C","journalArticle","Rhythmic patterns in the thoracic nerve cord of the stick insect induced by pilocarpine",,"1995-02-01","The Journal of Experimental Biology","N9R9QB36"
"GBBD3RMN","journalArticle","Optimization of Muscle Activity for Task-Level Goals Predicts Complex Changes in Limb Forces across Biomechanical Contexts","10.1371/journal.pcbi.1002465","Apr 12, 2012","PLOS Comput Biol","BHJDGXEG;WGWM9X3A"
"D348LDKE","journalArticle","Distribution of Heterogenic Reflexes Among the Quadriceps and Triceps Surae Muscles of the Cat Hind Limb","10.1152/jn.00833.2002","10/2003","Journal of Neurophysiology","XXAXGRUX"
"BT7CT3HH","journalArticle","Internal Structure of the Fly Elementary Motion Detector","10.1016/j.neuron.2011.03.028","2011-06-23","Neuron","5T5PXLZC"
"8MTACBIX","journalArticle","Learning CPG-based Biped Locomotion with a Policy Gradient Method: Application to a Humanoid Robot","10.1177/0278364907084980","02/2008","The International Journal of Robotics Research","7MUA9TNJ;JHS52VG2;TYJX29H8;XQM5FLN5"
"WXDA5BFL","journalArticle","Neural control of locomotion","10.1007/978-1-4757-0964-3","1976-01-01",,"N9R9QB36"
"F83UXCB2","journalArticle","Two-Directional 1-g Visual Motion Sensor Inspired by the Fly's Eye","10.1109/JSEN.2012.2230622","March 2013","IEEE Sensors Journal","5T5PXLZC"
"5QFKGIIF","journalArticle","Model-based neuromechanical controller for a robotic leg",,"2010-02-01",,"N9R9QB36"
"3ZICJCZC","journalArticle","Organization of pontine reticulospinal inputs to motoneurons controlling axial and limb muscles in the neonatal mouse.","10.1152/jn.00820.2013","2014-10-01","Journal of Neurophysiology","N9R9QB36"
"DSHMBK7R","journalArticle","Quantifying proprioception",,"1999","Progress in Brain Research","BS9BJMUU;C45ZG27Y;DG4K4PN5;DSDYXL2L;XRRT83XE;XXAXGRUX;YVGUHXRC"
"2WAGJ948","journalArticle","Structural Model of the Muscle Spindle","10.1114/1.1433488","2002-01-01","Annals of Biomedical Engineering","7N4C29P2;BS9BJMUU;N9R9QB36"
"SRFNYWM7","journalArticle","Muscle, Biomechanics, and Implications for Neural Control","10.1002/9781118873397.ch12","2017-06-23",,"N9R9QB36"
"PC5ETGHE","journalArticle","Functional properties of human muscle spindles","10.1152/jn.00071.2018","2018-08","Journal of Neurophysiology","N9R9QB36"
"XIIC7AQY","journalArticle","Central Pattern Generator Inspired Control for Adaptive Walking of Biped Robots","10.1109/TSMC.2012.2235426","09/2013","IEEE Transactions on Systems, Man, and Cybernetics: Systems","7MUA9TNJ;JHS52VG2;T82M4DVB;TYJX29H8"
"XW6Y78FX","journalArticle","An interneuronal relay for group I and II muscle afferents in the midlumbar segments of the cat spinal cord.","10.1113/jphysiol.1987.sp016676","1987-08-01","The Journal of Physiology","N9R9QB36"
"4YFDKQZ4","journalArticle","Proprioception","10.1016/S1047-9651(18)30132-3","2000-05-01","Physical Medicine and Rehabilitation Clinics of North America","7N4C29P2;N9R9QB36"
"JFPP93Z6","journalArticle","Dynamic Sensitivity to Atmospheric Turbulence of Unmanned Air Vehicles with Varying Configuration","10.2514/1.46860","2010","Journal of Aircraft","8KUXKGCX;U65AP8TW"
"VPQCURZ9","journalArticle","The brain has a body: adaptive behavior emerges from interactions of nervous system, body and environment.","10.1016/s0166-2236(97)01149-1","1997-12-01","Trends in Neurosciences","N9R9QB36"
"5D9JLUFK","journalArticle","Highly mobile robots that run and jump",,"2004-05-13",,"N9R9QB36"
"D8ZEBNYK","journalArticle","CONTROL OF LOCOMOTION IN THE DECEREBRATE CAT","10.1016/0301-0082(96)00028-7","1996-08-01","Progress in Neurobiology","N9R9QB36"
"RKNVIVD6","journalArticle","Diversified physiological sensory input connectivity questions the existence of distinct classes of spinal interneurons","10.1016/j.isci.2022.104083","04/2022","iScience","N9R9QB36"
"9AUC3IFT","journalArticle","Experiments and models of sensorimotor interactions during locomotion","10.1007/s00422-006-0129-x","2006-12-13","Biological Cybernetics","N9R9QB36"
"NFEHIKP9","journalArticle","How fish power swimming","10.1126/science.8332898","1993-07-16","Science (New York, N.Y.)","VD8SAM7F"
"MGXKY5PW","journalArticle","Depression of group Ia monosynaptic EPSPs in cat hindlimb motoneurones during fictive locomotion.","10.1111/j.1469-7793.2000.00639.x","2000-08-01","The Journal of Physiology","N9R9QB36"
"UPDLQG98","journalArticle","Fundamental contributions of the cat model to the neural control of locomotion","10.1016/b978-0-12-816477-8.00013-2","2020-01-01",,"N9R9QB36"
"QC9JNT3X","journalArticle","Electrophysiological Characterization of V2a Interneurons and Their Locomotor-Related Activity in the Neonatal Mouse Spinal Cord","10.1523/jneurosci.4849-09.2010","2010-01-06","The Journal of Neuroscience","N9R9QB36"
"SITG9N5W","journalArticle","Dephasing and Bursting in Coupled Neural Oscillators","10.1103/PhysRevLett.75.3190","1995-10-23","Physical Review Letters","QUIZCN5R"
"RYKRVXEQ","journalArticle","Modular organization of motor behavior in the frog's spinal cord","10.1016/0166-2236(95)94494-p","1995-10","Trends in Neurosciences","N9R9QB36"
"U7R97UMB","journalArticle","How deletions in a model could help explain deletions in the laboratory.","10.1152/jn.00888.2005","2006-01-01","Journal of Neurophysiology","N9R9QB36"
"Q2T5ETAQ","journalArticle","Neuromechanical Principles Underlying Movement Modularity and Their Implications for Rehabilitation","10.1016/j.neuron.2015.02.042","04/2015","Neuron","N9R9QB36"
"HQZAC8XN","journalArticle","Five basic muscle activation patterns account for muscle activity during human locomotion: Basic muscle activation patterns","10.1113/jphysiol.2003.057174","04/2004","The Journal of Physiology","N9R9QB36"
"DZCV3L8R","journalArticle","Shining light into the black box of spinal locomotor networks","10.1098/rstb.2009.0322","2010-08-12","Philosophical Transactions of the Royal Society B","N9R9QB36"
"3T2SDGSC","bookSection","Tendons and Ligaments: Structure, Mechanical Behavior and Biological Function",,,,"AR82MPS8;Q5A46GCA;SUKCWFGV"
"7TCNNPS5","journalArticle","Kinematic and behavioral evidence for a distinction between trotting and ambling gaits in the cockroach Blaberus discoidalis","10.1242/jeb.056481","2011-06-15","The Journal of Experimental Biology","N9R9QB36"
"WE3WHXDV","journalArticle","Dopamine modulation of transient potassium current evokes phase shifts in a central pattern generator network","10.1523/JNEUROSCI.15-01-00342.1995","1995-01-01","The Journal of Neuroscience","7MUA9TNJ;JHS52VG2;JNXN9AAK;TYJX29H8;YXNK8WUU"
"MA6XGICC","journalArticle","Fish swimming: patterns in muscle function","10.1242/jeb.202.23.3397","1999-12-01","Journal of Experimental Biology","VD8SAM7F"
"Q4NF6ZVU","journalArticle","An analysis of the sources of musculoskeletal system impedance","10.1016/0021-9290(88)90248-5","January 1, 1988","Journal of Biomechanics","Q5A46GCA"
"3NZGW97G","journalArticle","Segmental, Synaptic Actions of Commissural Interneurons in the Mouse Spinal Cord","10.1523/jneurosci.1618-07.2007","2007-06-13","The Journal of Neuroscience","N9R9QB36"
"XPYQAZFR","journalArticle","Investigating the role of low level reinforcement reflex loops in insect locomotion.","10.1088/1748-3190/ac28ea","2021-09-21","Bioinspiration & Biomimetics","N9R9QB36"
"LQTA4XR8","journalArticle","The functional diversity of spinal interneurons and locomotor control","10.1016/j.cophys.2019.01.005","2019-04-01","Current Opinion in Physiology","N9R9QB36"
"DSVAM2MA","journalArticle","Neurobiological Bases of Rhythmic Motor Acts in Vertebrates","10.1126/science.3975635","1985-04-12","Science","N9R9QB36"
"S64I2Q2N","journalArticle","Common and distinct muscle synergies during level and slope locomotion in the cat.","10.1152/jn.00310.2020","2021-06-30","Journal of Neurophysiology","N9R9QB36"
"DJMPPZCA","journalArticle","Spatiotemporal activation of lumbosacral motoneurons in the locomotor step cycle","10.1152/jn.00479.2001","2002-03-01","Journal of Neurophysiology","N9R9QB36"
"SBGJSQ4E","journalArticle","Lack of adaptation during prolonged split-belt locomotion in the intact and spinal cat.","10.1113/jp274518","2017-09-01","The Journal of Physiology","N9R9QB36"
"5GWAMVAP","journalArticle","Generation of human bipedal locomotion by a bio-mimetic neuro-musculo-skeletal model.","10.1007/pl00007977","2001-01-01","Biological Cybernetics","N9R9QB36"
"PH4T6688","journalArticle","Short latency, non-reciprocal group I inhibition is reduced during the stance phase of walking in humans.","10.1016/s0006-8993(96)00977-8","1996-12-16","Brain Research","N9R9QB36"
"BQ64GJGT","journalArticle","Motor module activation sequence and topography in the spinal cord during air-stepping in human: Insights into the traveling wave in spinal locomotor circuits.","10.14814/phy2.13504","2017-11-01","Physiological Reports","N9R9QB36"
"MVRTJMTD","journalArticle","Speed-dependent modulation of phase variations on a step-by-step basis and its impact on the consistency of interlimb coordination during quadrupedal locomotion in intact adult cats","10.1152/jn.00524.2013","2014-05-01","Journal of Neurophysiology","N9R9QB36"
"5CSXQKCP","journalArticle","Network of Neural Oscillators for Retrieving Phase Information","10.1103/PhysRevLett.74.4075","1995-5-15","Physical Review Letters","QUIZCN5R"
"48IBUZGA","journalArticle","Learning to expect the unexpected: rapid updating in primate cerebellum during voluntary self-motion","10.1038/nn.4077","2015-09","Nature Neuroscience","XK5E9LE4;XXAXGRUX"
"SIMP4URQ","journalArticle","Using mouse genetics to study the developing spinal locomotor circuit","10.1016/b978-0-12-816477-8.00011-9","2020-01-01",,"N9R9QB36"
"IXGZ4RV5","journalArticle","Position dependence of ankle joint dynamicsΓÇöI. Passive mechanics","10.1016/0021-9290(86)90196-X","January 1, 1986","Journal of Biomechanics","Q5A46GCA"
"UPNR3K6B","journalArticle","The spinal control of locomotion and step-to-step variability in left-right symmetry from slow to moderate speeds","10.1152/jn.00419.2015","2015-06-17","Journal of neurophysiology","N9R9QB36"
"MHPM4JNZ","journalArticle","Neural control of locomotion: sensory control of the central pattern generator and its relation to treadmill training","10.1016/s0966-6362(98)00010-1","1998-05-01","Gait & Posture","N9R9QB36"
"DXNQ8BHT","journalArticle","Phase-Resetting Curves Determine Synchronization, Phase Locking, and Clustering in Networks of Neural Oscillators","10.1523/JNEUROSCI.0426-09.2009","2009-04-22","Journal of Neuroscience","QUIZCN5R"
"2E8RV33H","journalArticle","Red muscle activity in bluegill sunfish Lepomis macrochirus during forward accelerations","10.1038/s41598-019-44409-7","2019-05-30","Scientific Reports","VD8SAM7F"
"4RFSZCB2","journalArticle","Whisker Deafferentation and Rodent Whisking Patterns: Behavioral Evidence for a Central Pattern Generator","10.1523/JNEUROSCI.21-14-05374.2001","2001-07-15","The Journal of Neuroscience","TYJX29H8"
"GLKDUT6D","journalArticle","Firing Properties of Identified Interneuron Populations in the Mammalian Hindlimb Central Pattern Generator","10.1523/JNEUROSCI.22-22-09961.2002","2002-11-15","The Journal of Neuroscience","TYJX29H8"
"QEBPTMYZ","journalArticle","Locomotor primitives in newborn babies and their development.","10.1126/science.1210617","2011-11-18","Science","N9R9QB36"
"3T3V5WYC","journalArticle","Supraspinal contributions to the initiation and control of locomotion in the cat.","10.1016/0301-0082(86)90021-3","1986-01-01","Progress in Neurobiology","N9R9QB36"
"6RIZUQ4W","journalArticle","The mammalian central pattern generator for locomotion","10.1016/j.brainresrev.2009.08.002","12/2009","Brain Research Reviews","7MUA9TNJ;JHS52VG2;JNXN9AAK;S495ULAK;TSL7SF8X;TYJX29H8"
"AYA4LUG9","journalArticle","Leg-local neural mechanisms for searching and learning enhance robotic locomotion","10.1007/s00422-017-0726-x","2018-04-01","Biological Cybernetics","HH56GVGM;N9R9QB36"
"XXIATGXX","journalArticle","Insect Walking and Biorobotics: A Relationship with Mutual Benefits","10.1641/0006-3568(2000)050[0023:IWABAR]2.3.CO;2","2000/01","BioScience","N9R9QB36"
"YZSP4ZPD","journalArticle","Relative Contribution of Proprioceptive and Vestibular Sensory Systems to Locomotion: Opportunities for Discovery in the Age of Molecular Science","10.3390/ijms22031467","February 2, 2021","International Journal of Molecular Sciences","JTGFU9XU"
"GZZZZBQA","attachment","Gossard - Transmission in a locomotor-related group Ib pathway from hindlimb extensor muscles in the cat.pdf",,,,"XRRT83XE"
"UBNGALD4","journalArticle","Modeling the mammalian locomotor CPG: insights from mistakes and perturbations","10.1016/S0079-6123(06)65015-2","2007","Progress in brain research","N9R9QB36"
"K5DBPG5Z","journalArticle","A review of compliant transmission mechanisms for bio-inspired flapping-wing micro air vehicles","10.1088/1748-3190/aa58d3","2017","Bioinspiration & Biomimetics","BBE4U5K8;LB2PA2M3;U65AP8TW"
"7QVL7Y9H","journalArticle","Recent Insights into the Rhythmogenic Core of the Locomotor CPG.","10.3390/ijms22031394","2021","International Journal of Molecular Sciences","N9R9QB36"
"T3TVLE8T","journalArticle","The Human Central Pattern Generator for Locomotion: Does It Exist and Contribute to Walking?","10.1177/1073858417699790","12/2017","The Neuroscientist","7MUA9TNJ;JHS52VG2;JNXN9AAK;TSL7SF8X;TYJX29H8"
"4BLTSNXM","journalArticle","Distributed Central Pattern Generator Control for a Serpentine Robot",,,,"7MUA9TNJ;JHS52VG2;T82M4DVB;TYJX29H8"
"TSQCC34X","journalArticle","Age-related changes in the neuromuscular control of forward and backward locomotion",,"February 18, 2021","PLoS ONE","Q5A46GCA"
"VTQSGATZ","journalArticle","A three-dimensional musculoskeletal model of the dog.","10.1038/s41598-021-90058-0","2021-05-31","Scientific Reports","N9R9QB36"
"F6K7B3NX","journalArticle","Implications of Positive Feedback in the Control of Movement","10.1152/jn.1997.77.6.3237","1997-06-01","Journal of Neurophysiology","N9R9QB36"
"E6G65ZAN","journalArticle","Robust passive dynamics of the musculoskeletal system compensate for unexpected surface changes during human hopping","10.1152/japplphysiol.91189.2008","2009-9","Journal of Applied Physiology","Q5A46GCA"
"DWKX2C3D","journalArticle","A neural network with central pattern generators entrained by sensory feedback controls walking of a bipedal model.","10.1088/1748-3190/aa8290","2017-10-06","Bioinspiration & Biomimetics","N9R9QB36"
"VH3H7MGV","conferencePaper","Self-adapting humanoid locomotion using a neural oscillator network","10.1109/IROS.2007.4399498","10/2007",,"QIP5VX22"
"3ZWHC2N7","journalArticle","Proprioceptive input resets central locomotor rhythm in the spinal cat.","10.1007/bf00249807","1987-01-01","Experimental Brain Research","N9R9QB36"
"66KVYB3J","journalArticle","A neuromechanical simulation of insect walking and transition to turning of the cockroach Blaberus discoidalis","10.1007/s00422-013-0573-3","2013-11-01","Biological cybernetics","MA3TJQ29;N9R9QB36;S7EBCZE4;V22WMIYJ;Z2IJ6ASX"
"DHXZ4DF3","bookSection","State Estimation by Multi-Sensor Fusion for Autonomous Mini and Micro Aerial Vehicles","10.2514/6.2005-5840",,,"8KUXKGCX;U65AP8TW"
"WYARSXXY","journalArticle","Synaptic organizations and dynamical properties of weakly connected neural oscillators",,,,"QUIZCN5R"
"U8ZKDZJI","journalArticle","Postnatal Phenotype and Localization of Spinal Cord V1 Derived Interneurons","10.1002/cne.20711","2005-12-12","The Journal of Comparative Neurology","N9R9QB36"
"TV4WQU3X","journalArticle","New Moves in Motor Control","10.1016/j.cub.2011.05.029","2011-07-12","Current Biology","XXAXGRUX"
"NQ4G6RAQ","journalArticle","Modeling red muscle power output during steady and unsteady swimming in largemouth bass","10.1152/ajpregu.1994.267.2.R481","1994-08","The American Journal of Physiology","VD8SAM7F"
"ILVBXMKL","journalArticle","Challenges for large-scale implementations of spiking neural networks on FPGAs","10.1016/j.neucom.2006.11.029","December 1, 2007","Neurocomputing","5T5PXLZC"
"3DA22HHC","journalArticle","The gust-mitigating potential of flapping wings","10.1088/1748-3190/11/4/046010","August 2016","Bioinspiration & Biomimetics","MMK48V5F;U65AP8TW"
"UUFQZRKZ","journalArticle","2008 Special Issue: Central pattern generators for locomotion control in animals and robots: A review","10.1016/j.neunet.2008.03.014","2008-05-01","Neural Networks","N9R9QB36"
"E376F3ZS","journalArticle","The Human Central Pattern Generator for Locomotion: Does It Exist and Contribute to Walking?","10.1177/1073858417699790","12/2017","The Neuroscientist","T8DEMIYL"
"GU5NK6I8","journalArticle","Integration of posture and locomotion in acute decerebrate cats and in awake, freely moving cats","10.1016/0301-0082(87)90010-4","1987-01-01","Progress in Neurobiology","N9R9QB36"
"LWZ38UPV","journalArticle","Symbiotic electroneural and musculoskeletal framework to encode proprioception via neurostimulation: ProprioStim","10.1016/j.isci.2023.106248","2023-03-17","iScience","7N4C29P2;N9R9QB36"
"NP9BTZEC","journalArticle","Neural control of locomotion; Part 1: The central pattern generator from cats to humans","10.1016/S0966-6362(97)00042-8","3/1998","Gait & Posture","3JICMNZE;7MUA9TNJ;JHS52VG2;JNXN9AAK;PCKP9AS7;TSL7SF8X;TYJX29H8"
"DMJ8RB4N","journalArticle","Deletions of Rhythmic Motoneuron Activity During Fictive Locomotion and Scratch Provide Clues to the Organization of the Mammalian Central Pattern Generator","10.1152/jn.00216.2005","08/2005","Journal of Neurophysiology","7MUA9TNJ;JHS52VG2;JNXN9AAK;TSL7SF8X;TYJX29H8"
"LN497H9J","conferencePaper","Arti∩¼ücial compound eye and synthetic neural network for recognition of motion",,"July 2018",,"5T5PXLZC;HH56GVGM;LB2PA2M3"
"R94M4NHE","journalArticle","CPG-based Sensory Feedback Control for Bio-inspired Multimodal Swimming","10.5772/59186","2014-10-01","International Journal of Advanced Robotic Systems","TYJX29H8"
"289LBPAK","journalArticle","Extending the Functional Subnetwork Approach to a Generalized Linear Integrate-and-Fire Neuron Model.","10.3389/fnbot.2020.577804","2020","Frontiers in Neurorobotics","N9R9QB36"
"BW2B2RGZ","journalArticle","Transmission in a locomotor-related group Ib pathway from hindlimb extensor muscles in the cat.","10.1007/bf00228410","1994-01-01","Experimental Brain Research","N9R9QB36"
"P9NSY73Z","journalArticle","Influence of Large-Scale Freestream Turbulence on the Performance of a Thin Airfoil","10.2514/1.J051640","2012","AIAA Journal","8KUXKGCX;U65AP8TW;VD7TQ8M3"
"62XRER3H","journalArticle","Evidence for a Spinal Central Pattern Generator in Humansa","10.1111/j.1749-6632.1998.tb09062.x","1998-11-01","Annals of the New York Academy of Sciences","N9R9QB36"
"DZ2Z5X5D","conferencePaper","A De-risked Bio-inspired Condylar Prosthetic Knee Joint for a Robotic Leg Test Rig","10.23919/ICCAS50221.2020.9268259","October 2020",,"JTGFU9XU"
"TN4ZKXTJ","journalArticle","Tunable stiffness in fish robotics: mechanisms and advantages","10.1088/1748-3190/ac3ca5","2021-12","Bioinspiration & Biomimetics","VD8SAM7F"
"EPSL8KGI","journalArticle","Effects ofstimulation ofhindlimb flexor groupIIafferents during fictive locomotion inthecat",,"2011-01-01",,"N9R9QB36"
"BZEEPNNU","journalArticle","Interlimb communication during human walking: crossed responses in the gastrocnemius muscle",,"2014-12-31",,"N9R9QB36"
"EZEA4VMY","journalArticle","Spinal circuitry of sensorimotor control of locomotion","10.1111/j.1469-7793.2001.0041b.x","2001","The Journal of Physiology","N9R9QB36"
"S2HERDDX","journalArticle","Dual-mode operation of neuronal networks involved in left-right alternation","10.1038/nature12286","2013-08-01","Nature","N9R9QB36"
"UVF3CP9T","journalArticle","Neuromechanical Simulation of an Inter-leg Controller for Tetrapod Coordination","10.1007/978-3-319-09435-9_13","2014-07-30",,"N9R9QB36"
"R29TU2BI","journalArticle","Design and Characterization of Artificial Haircell Sensor for Flow Sensing With Ultrahigh Velocity and Angular Sensitivity","10.1109/JMEMS.2007.902436","October 2007","Journal of Microelectromechanical Systems","8KUXKGCX"
"EW23WAPF","journalArticle","Turbulence Modeling in the Age of Data","10.1146/annurev-fluid-010518-040547","2019","Annual Review of Fluid Mechanics","MMK48V5F;U65AP8TW"
"CAJFFN7X","journalArticle","Human Walking Model Predicts Joint Mechanics, Electromyography and Mechanical Economy",,"2009","The 2009 IEEE/RSJ International Conference on Intelligent Robots and Systems","Q5A46GCA"
"HNDN98EF","journalArticle","Analyzing the Interplay Between Local CPG Activity and Sensory Signals for Inter-leg Coordination in Drosophila","10.1007/978-3-030-24741-6_34","2019-07-09",,"N9R9QB36"
"J347PRR7","journalArticle","Ankle extensor group I afferents excite extensors throughout the hindlimb during fictive locomotion in the cat.","10.1113/jphysiol.1995.sp020871","1995","The Journal of Physiology","N9R9QB36"
"HWV42587","journalArticle","Contribution of Cutaneous Inputs From the Hindpaw to the Control of Locomotion. I. Intact Cats","10.1152/jn.00496.2003","2003-12-01","Journal of Neurophysiology","N9R9QB36"
"I96HZMFY","bookSection",,,"2015",,"N9R9QB36"
"GVZKEBZY","conferencePaper","Bio-inspired Distributed Strain and Airflow Sensing for Small Unmanned Air Vehicle Flight Control","10.2514/6.2017-1487","2017-01-09",,"MMK48V5F;U65AP8TW"
"Q3XAQA4F","journalArticle","Sensory-evoked perturbations of locomotor activity by sparse sensory input: a computational study","10.1152/jn.00866.2014","2015-04-01","Journal of Neurophysiology","N9R9QB36"
"M2WKUMPB","journalArticle","Sensory feedback plays a significant role in generating walking gait and in gait transition in salamanders: a simulation study","10.3389/fnbot.2011.00003","2011","Frontiers in Neurorobotics","7N4C29P2"
"TPUHK8I2","journalArticle","Sensory Feedback Control of Locomotor Pattern Generation in Cats and Mice.","10.1016/j.neuroscience.2020.05.008","2020-05-15","Neuroscience","N9R9QB36"
"GAXI5ZSW","journalArticle","Dynamic simulation of insect walking.","10.1016/j.asd.2004.05.002","2004-07-01","Arthropod Structure & Development","N9R9QB36"
"SXDGVFIZ","journalArticle","Controlling legs for locomotionΓÇöinsights from robotics and neurobiology","10.1088/1748-3190/10/4/041001","2015-06-29","Bioinspiration & Biomimetics","N9R9QB36"
"YG8FGIRW","journalArticle","The Implications of Force Feedback for the ╬╗ Model","10.1007/978-0-387-77064-2_36","2009-01-01","Advances in Experimental Medicine and Biology","N9R9QB36"
"IPDNUQRR","journalArticle","Two-Level Model of Mammalian Locomotor CPG","10.1007/978-1-0716-1006-0_49","2022-01-01",,"N9R9QB36"
"XGWGX94S","journalArticle","Altered Gravity Highlights Central Pattern Generator Mechanisms","10.1152/jn.90436.2008","11/2008","Journal of Neurophysiology","TYJX29H8"
"MQ3TNJ6T","journalArticle","A new biological central pattern generator model and its relationship with the motor units","10.1007/s11571-021-09710-0","2022-2","Cognitive Neurodynamics","TYJX29H8"
"T8UL93VY","bookSection","Research of a Lensless Artificial Compound Eye","10.1007/978-3-319-63537-8_34","2017",,"5T5PXLZC"
"EEUV7XPG","journalArticle","Hummingbird flight","10.1016/j.cub.2012.04.057","June 19, 2012","Current Biology","BBE4U5K8;MMK48V5F;U65AP8TW"
"JFNBZU79","journalArticle","A new neuron model under electromagnetic field","10.1016/j.amc.2018.10.087","04/2019","Applied Mathematics and Computation","YGJ8NW46"
"B5VPRYTM","journalArticle","Spinal control of locomotion--from cat to man.","10.1111/j.1748-1716.2006.01651.x","2007-02-01","Acta Physiologica","N9R9QB36"
"TJMXG66E","journalArticle","Connectivity and Regional Distribution of Constituent Cells of the Mammalian Locomotor Central Pattern Generator","10.7939/r3639kg5w","2016-01-01",,"N9R9QB36"
"FWMNUMUH","journalArticle","Control of Locomotion in Bipeds, Tetrapods, and Fish","10.1002/cphy.cp010226","2011-01-01","Comprehensive Physiology","N9R9QB36"
"5EJEVJJ8","conferencePaper","FPGA Implementation of Izhikevich Spiking Neural Networks for Character Recognition","10.1109/ReConFig.2009.77","December 2009",,"5T5PXLZC"
"EFXXQ6JT","journalArticle","Gliding flight in the American Kestrel (Falco sparverius): An electromyographic study","10.1002/jmor.1052150304","March 1, 1993","Journal of Morphology","MMK48V5F;U65AP8TW;VD7TQ8M3"
"JQK2F65R","journalArticle","Contribution of Afferent Feedback to Adaptive Hindlimb Walking in Cats: A Neuromusculoskeletal Modeling Study","10.3389/fbioe.2022.825149","2022-04-08","Frontiers in Bioengineering and Biotechnology","N9R9QB36"
"3PA3EATE","journalArticle","On the Influence of Group III/IV Muscle Afferent Feedback on Endurance Exercise Performance","10.1249/JES.0000000000000233","2020-10","Exercise and sport sciences reviews","XXAXGRUX"
"3BRDLB29","journalArticle","Phase dependent reflex reversal during walking in chronic spinal cats","10.1016/0006-8993(75)91013-6","1975-02-21","Brain Research","N9R9QB36"
"HCIGKHQU","journalArticle","Locomotor pattern generation and descending control: a historical perspective","10.1152/jn.00204.2023","2023-08-01",,"N9R9QB36"
"FBDZCSE8","journalArticle","A three-dimensional human walking model",,"2015","Journal of Sound and Vibration","Q5A46GCA"
"F69NND6Z","journalArticle","Machine learning methods for turbulence modeling in subsonic flows around airfoils","10.1063/1.5061693","January 1, 2019","Physics of Fluids","MMK48V5F;U65AP8TW"
"I8Y9BYUP","journalArticle","Distribution of Heterogenic Reflexes Among the Quadriceps and Triceps Surae Muscles of the Cat Hind Limb","10.1152/jn.00833.2002","2003-10","Journal of Neurophysiology","XXAXGRUX"
"9UXG6BPL","journalArticle","Locomotor Control: From Spring-like Reactions of Muscles to Neural Prediction","10.1201/9781420038705.ch6","2001-11-13",,"N9R9QB36"
"6EECNQZI","journalArticle","Stimulation of a Restricted Region in the Midline Cerebellar White Matter Evokes Coordinated Quadrupedal Locomotion in the Decerebrate Cat","10.1152/jn.1999.82.1.290","1999-07-01","Journal of Neurophysiology","N9R9QB36"
"QYIA9XQY","journalArticle","A computational model of insect campaniform sensilla predicts encoding of forces during walking","10.1088/1748-3190/ac1ced","2021-09","Bioinspiration & Biomimetics","XK5E9LE4"
"DH96DFAA","attachment","10.1.1.126.1499.pdf",,,,"QUIZCN5R"
"XR9MWG6L","journalArticle","A genetically defined asymmetry underlies the inhibitory control of flexorΓÇôextensor locomotor movements","10.7554/elife.04718","2015-10-14","eLife","N9R9QB36"
"7UT34VUA","journalArticle","Proprioceptive Stimulation Added to a Walking Self-Avatar Enhances the Illusory Perception of Walking in Static Participants","10.3389/frvir.2021.557783","2021-6-2","Frontiers in Virtual Reality","7N4C29P2"
"274G8H7A","journalArticle","Activity of interneurons within the L4 spinal segment of the cat during brainstem-evoked fictive locomotion","10.1007/bf00228156","1990-01-01","Experimental Brain Research","N9R9QB36"
"UG24YCQW","journalArticle","Proprioceptive modulation of hip flexor activity during the swing phase of locomotion in decerebrate cats.","10.1152/jn.2001.86.3.1321","2001-09-01","Journal of Neurophysiology","N9R9QB36"
"5NUNXI7A","journalArticle","Neural control of locomotion; Part 1: The central pattern generator from cats to humans","10.1016/s0966-6362(97)00042-8","1998-03-01","Gait & Posture","N9R9QB36"
"EP92IEUF","journalArticle","Force related afferent feedback to the triceps surae locomotor activity during human walking",,"2009-01-01",,"N9R9QB36"
"3QDIC7ME","journalArticle","Activation of the central pattern generators for locomotion by serotonin and excitatory amino acids in neonatal rat.","10.1113/jphysiol.1992.sp019296","1992-09-01","The Journal of Physiology","N9R9QB36"
"HFIH3LDY","journalArticle","Peeling back the layers of locomotor control in the spinal cord","10.1016/j.conb.2015.03.001","2015-08-01","Current Opinion in Neurobiology","N9R9QB36"
"9GCV9UU9","journalArticle","On the central pattern generator for the basic breathing rhythmicity","10.1152/jappl.1983.55.6.1647","1983-12-01","Journal of Applied Physiology","3JICMNZE;7MUA9TNJ;IY7BSXUR;JHS52VG2;RPTFU546;TYJX29H8"
"RJ3HQXM8","journalArticle","Complete dynamical analysis of a neuron model","10.1007/s11071-011-0046-y","5/2012","Nonlinear Dynamics","YGJ8NW46"
"TZUCY8C5","journalArticle","Ipsilateral and Contralateral Interactions in Spinal Locomotor Circuits Mediated by V1 Neurons: Insights from Computational Modeling","10.3390/ijms23105541","2022-05-16","International Journal of Molecular Sciences","8QZLFJ8X;N9R9QB36"
"F324NERU","journalArticle","Spinal interneurons providing input to the final common path during locomotion","10.1016/b978-0-444-53613-6.00006-x","2010-01-01","Progress in Brain Research","N9R9QB36"
"6ZAZN34X","journalArticle","Natural and artificial low-level seeing systems - From insect vision to robot vision","10.1098/rstb.1992.0106","1992/09/29","Phil. Trans. R. Soc. Lond. B","5T5PXLZC"
"JWAL5WWD","journalArticle","Doublet Electrical Stimulation Enhances Torque Production in People With Spinal Cord Injury","10.1177/1545968310390224","06/2011","Neurorehabilitation and Neural Repair","AJENK7I2"
"SATPY82G","journalArticle","Towards a Central Pattern Generator Exosuit Controller for People after Stroke",,,,"TYJX29H8"
"JY8VNXV3","journalArticle","Golgi tendon organs in mammalian skeletal muscle: functional properties and central actions","10.1152/physrev.1992.72.3.623","1992-07-01","Physiological Reviews","XXAXGRUX"
"DRHNCRRI","journalArticle","Mechanical control of swimming speed: stiffness and axial wave form in undulating fish models","10.1242/jeb.198.11.2293","1995","The Journal of Experimental Biology","VD8SAM7F"
"Z7SRYA2R","journalArticle","Peripheral proprioceptive modulation in crayfish walking leg by serotonin","10.1016/0006-8993(93)91131-B","12/1993","Brain Research","7N4C29P2"
"8FRLE44R","journalArticle","The CPGs for Limbed Locomotion-Facts and Fiction.","10.3390/ijms22115882","2021-05-30","International Journal of Molecular Sciences","N9R9QB36"
"X4BG5QMK","conferencePaper","PID, LQR and LQR-PID on a quadcopter platform","10.1109/ICIEV.2013.6572698","May 2013",,"BBE4U5K8;U65AP8TW;VD7TQ8M3"
"WGFZ5B6I","journalArticle","Performance of a model for a local neuron population","10.1007/BF00337367","1978","Biological Cybernetics","YGJ8NW46"
"CU3ZFTDQ","journalArticle","Control of a hexapod robot using a biologically inspired neural network",,"1993-01-02",,"N9R9QB36"
"4YB7DLL7","journalArticle","The Ia afferent feedback of a given movement evokes the illusion of the same movement when returned to the subject via muscle tendon vibration","10.1007/s00221-005-0325-2","2006-06-01","Experimental Brain Research","7N4C29P2;BS9BJMUU;N9R9QB36"
"KRU85SG6","journalArticle","Proprioceptive feedback contributes to the adaptation toward an economical gait pattern","10.1016/j.jbiomech.2015.04.024","08/2015","Journal of Biomechanics","7N4C29P2"
"57ZKY9UE","journalArticle","A Spinal Mechanism Related to LeftΓÇôRight Symmetry Reduces Cutaneous Reflex Modulation Independently of Speed During Split-Belt Locomotion","10.1523/jneurosci.1082-18.2018","2018-11-28","The Journal of Neuroscience","N9R9QB36"
"29CTRI2X","journalArticle","The construction of movement by the spinal cord","10.1038/5721","2/1999","Nature Neuroscience","N9R9QB36"
"Z8J3XAEF","journalArticle","Adaptive Control Strategies for Interlimb Coordination in Legged Robots: A Review","10.3389/fnbot.2017.00039","2017-08-23","Frontiers in Neurorobotics","N9R9QB36"
"WM7W3833","journalArticle","Loading the Limb During Rhythmic Leg Movements Lengthens the Duration of Both Flexion and Extension in Human Infants","10.1152/jn.00891.2006","2007-02-01","Journal of Neurophysiology","N9R9QB36"
"IIFPALFS","journalArticle","Reflexes induced by nerve stimulation in walking cats with implanted cuff electrodes.","10.1007/bf00239728","1978-06-19","Experimental Brain Research","N9R9QB36"
"MWXV9DRB","journalArticle","Stepping responses to treadmill perturbations vary with severity of motor deficits in human SCI","10.1152/jn.00486.2017","2018-08-01","Journal of Neurophysiology","N9R9QB36"
"4FZTNX59","journalArticle","A controller perspective on biological gait control: Reflexes and central pattern generators","10.1016/j.arcontrol.2019.04.004","2019-01-01","Annual Reviews in Control","N9R9QB36"
"T8R54GNE","journalArticle","Optogenetic dissection reveals multiple rhythmogenic modules underlying locomotion","10.1073/pnas.1304365110","2013-07-09","Proceedings of the National Academy of Sciences of the United States of America","N9R9QB36"
"FCXH9RZY","journalArticle","Sensorimotor gain control: a basic strategy of motor systems?","10.1016/0301-0082(89)90004-x","1989-01-01","Progress in Neurobiology","N9R9QB36"
"226ZE3KJ","journalArticle","Proprioception, gait kinematics, and rate of loading",,,,"7N4C29P2"
"Q8DDFPLP","journalArticle","Proprioceptive Feedback and Preferred Patterns of Human Movement","10.1097/JES.0b013e3182724bb0","01/2013","Exercise and Sport Sciences Reviews","7N4C29P2"
"YNB3RNU7","journalArticle","Design process and tools for dynamic neuromechanical models and robot controllers","10.1007/s00422-017-0711-4","2/2017","Biological Cybernetics","7MUA9TNJ;G2YJMU83;J9QQKKC3;JHS52VG2;N9R9QB36;RK95XFHP;RPTFU546;S495ULAK;V22WMIYJ"
"HQHQALMG","journalArticle","Stumbling corrective reaction: a phase-dependent compensatory reaction during locomotion","10.1152/jn.1979.42.4.936","1979-07-01","Journal of Neurophysiology","N9R9QB36"
"9XQLNHDM","journalArticle","The possibility of phase-dependent monosynaptic and polysynaptic la excitation to homonymous motoneurones during fictive locomotion","10.1016/0006-8993(78)90363-3","1978-03-31","Brain Research","N9R9QB36"
"VNF59T3N","journalArticle","Biomimetic joint actuators",,"2012-03-12",,"N9R9QB36"
"XKLQLC2L","journalArticle","Neuromechanical Mantis Model Replicates Animal Postures via Biological Neural Models","10.1007/978-3-319-09435-9_26","2014-07-30",,"N9R9QB36"
"UWL89ILX","journalArticle","Generating the walking gait: role of sensory feedback.","10.1016/s0079-6123(03)43012-4","2004-01-01","Progress in Brain Research","N9R9QB36"
"HAMETWKG","journalArticle","Muscle proprioceptive feedback and spinal networks","10.1016/j.brainresbull.2007.03.010","7/2007","Brain Research Bulletin","7N4C29P2;C45ZG27Y;DG4K4PN5;KKTCWNPD;N9R9QB36;XRRT83XE"
"T7MR48RS","journalArticle","The human spinal cord interprets velocity-dependent afferent input during stepping","10.1093/brain/awh252","2004-10-01","Brain","N9R9QB36"
"YR4KNAFX","journalArticle","Functional subdivision of feline spinal interneurons in reflex pathways from group Ib and II muscle afferents; an update.","10.1111/j.1460-9568.2010.07354.x","2010-08-16","European Journal of Neuroscience","N9R9QB36"
"SFR9EXZC","journalArticle","Role of muscle spindle feedback in regulating muscle activity strength during walking at different speed in mice","10.1152/jn.00250.2018","2018-11-01","Journal of Neurophysiology","7N4C29P2"
"VNM365DU","journalArticle","The role of cutaneous afferents from the distal hindlimb in the regulation of the step cycle of thalamic cats","10.1007/bf00235013","1976-01-26","Experimental Brain Research","N9R9QB36"
"KNAY4XY3","journalArticle","The capsular ligaments provide more hip rotational restraint than the acetabular labrum and the ligamentum teres","10.1302/0301-620X.97B4.34638","2015-4-01","The Bone & Joint Journal","Q5A46GCA"
"BZ96P83A","journalArticle","How Good Are Neuron Models?","10.1126/science.1181936","2009-10-16","Science","YGJ8NW46"
"AD5FLG3L","journalArticle","Loihi: A Neuromorphic Manycore Processor with On-Chip Learning","10.1109/MM.2018.112130359","1/2018","IEEE Micro","LRCMDEWK;LYPSVMQL;RPTFU546"
"KATLKEZN","journalArticle","Neuromodulation and flexibility in Central Pattern Generator networks","10.1016/j.conb.2011.05.011","10/2011","Current Opinion in Neurobiology","TYJX29H8"
"CG7AG3JJ","journalArticle","Locomotor Rhythm Generation Linked to the Output of Spinal Shox2 Excitatory Interneurons","10.1016/j.neuron.2013.08.015","2013-11-20","Neuron","N9R9QB36"
"2WBH5CPN","journalArticle","A three-dimensional musculoskeletal model of the dog","10.1101/2020.07.16.205856","2020-07-16","bioRxiv","N9R9QB36"
"BNU2P88N","journalArticle","Proprioception from a spinocerebellar perspective.","10.1152/physrev.2001.81.2.539","2001-04-01","Physiological Reviews","N9R9QB36"
"FW2V5EY2","journalArticle","Strategies for delineating spinal locomotor rhythm-generating networks and the possible role of Hb9 interneurones in rhythmogenesis","10.1016/j.brainresrev.2007.06.025","2008-01-01","Brain Research Reviews","N9R9QB36"
"F3FHHJXC","journalArticle","FPGA-based elman neural network control system for linear ultrasonic motor","10.1109/TUFFC.2009.1009","January 2009","IEEE Transactions on Ultrasonics, Ferroelectrics, and Frequency Control","5T5PXLZC"
"J9WRBRMQ","webpage","Sensing Unsteady Pressure on MAV Wings: A New Method for Turbulence Alleviation","10.4028/www.scientific.net/AMM.629.48","2014",,"8KUXKGCX;U65AP8TW"
"AHVNFZ5V","journalArticle","Contribution of Afferent Feedback to Adaptive Hindlimb Walking in Cats: A Neuromusculoskeletal Modeling Study","10.3389/fbioe.2022.825149","2022-04-08","Frontiers in Bioengineering and Biotechnology","XXAXGRUX"
"SYL7HTS4","journalArticle","Locomotor Pattern Generation in the Rodent Spinal Cord","10.1007/978-1-0716-1006-0_48","2022-01-01",,"N9R9QB36"
"X4J8KT88","journalArticle","Neural control of locomotion and training-induced plasticity after spinal and cerebral lesions.","10.1016/j.clinph.2010.01.039","2010-10-01","Clinical Neurophysiology","N9R9QB36"
"IK7NYETV","journalArticle","Cutaneous inputs from perineal region facilitate spinal locomotor activity and modulate cutaneous reflexes from the foot in spinal cats.","10.1002/jnr.24791","2021","Journal of Neuroscience Research","N9R9QB36"
"MIDY3M9C","journalArticle","Control of reflex reversal in stick insect walking: effects of intersegmental signals, changes in direction, and optomotor-induced turning","10.1152/jn.00718.2011","2012-01-01","Journal of Neurophysiology","N9R9QB36"
"29VYEMDX","journalArticle","Intralimb and Interlimb Cutaneous Reflexes during Locomotion in the Intact Cat","10.1523/JNEUROSCI.3288-17.2018","2018-04-25","The Journal of Neuroscience","N9R9QB36"
"NX5QRRA7","journalArticle","Transient Loads Occurring over a Thin Airfoil Subjected to Large-Scale Freestream Turbulence","10.2514/1.J052142","2013","AIAA Journal","MMK48V5F;U65AP8TW;VD7TQ8M3"
"E4VMF6LF","journalArticle","Control strategies of 3-cell Central Pattern Generator via global stimuli","10.1038/srep23622","7/2016","Scientific Reports","QIP5VX22"
"6HSHVSQS","journalArticle","NEURAL NETWORK DYNAMICS","10.1146/annurev.neuro.28.061604.135637","2005-07-21","Annual Review of Neuroscience","YGJ8NW46"
"W3X6VNXS","journalArticle","Functional subpopulations of V3 interneurons in the mature mouse spinal cord.","10.1523/jneurosci.2005-13.2013","2013-11-20","The Journal of Neuroscience","N9R9QB36"
"7GXMDX4Y","journalArticle","Coding Efficiency of Fly Motion Processing Is Set by Firing Rate, Not Firing Precision","10.1371/journal.pcbi.1000860","2010-7-22","PLoS Computational Biology","5T5PXLZC"
"IUKJNEMS","journalArticle","Significance of load receptor input during locomotion: a review","10.1016/s0966-6362(99)00052-1","2000-04-01","Gait & Posture","N9R9QB36"
"ZFP3VC5M","journalArticle","Locomotion controller for a crab-like robot","10.1109/robot.1998.676345","1998-05-16",,"N9R9QB36"
"WEQ6RCVY","journalArticle","Candidate interneurones mediating group I disynaptic EPSPs in extensor motoneurones during fictive locomotion in the cat.","10.1113/jphysiol.2004.076034","2005-03-01","The Journal of Physiology","N9R9QB36"
"RSG3WNXM","conferencePaper","Flight attitude estimation for MAV based on M-estimation","10.1109/CECNET.2011.5768718","April 2011",,"8KUXKGCX;U65AP8TW"
"Z6YA6PCQ","journalArticle","Spinal Control of Locomotion: Individual Neurons, Their Circuits and Functions.","10.3389/fphys.2018.00784","2018-06-25","Frontiers in Physiology","N9R9QB36"
"IGF9P8IQ","journalArticle","Walking with perturbations: a guide for biped humans and robots","10.1088/1748-3190/aada54","2018-09-04","Bioinspiration & Biomimetics","N9R9QB36"
"YP9XXDIH","journalArticle","Experimental and Computational Assessment of Locomotor Coordination and Complexity Following Incomplete Spinal Cord Injury in the Rat",,"2012-01-01",,"N9R9QB36"
"KU93FB34","journalArticle","Function of Segmental Reflexes in the Control of Stepping in Cockroaches and Cats","10.1007/978-1-4757-0964-3_21","1976-01-01",,"N9R9QB36"
"QCNPI9ZB","journalArticle","Made-to-order spiking neuron model equipped with a multi-timescale adaptive threshold","10.3389/neuro.10.009.2009","2009","Frontiers in Computational Neuroscience","YGJ8NW46"
"YCPEHH97","journalArticle","The special nature of human walking and its neural control","10.1016/S0166-2236(02)02173-2","2002-08-01","Trends in neurosciences","N9R9QB36"
"FDINKB9Z","journalArticle","AnimatLab: a 3D graphics environment for neuromechanical simulations","10.1016/j.jneumeth.2010.01.005","2010-03-30","Journal of Neuroscience Methods","7E78U3HX;8A6RE9ZG;CQ4PSU6E;D4ADQ5D4;DUTVHULR;G7U2YC7Y;KKTCWNPD;N9R9QB36;RPTFU546;SEM476TQ;TK8F7HCH;VD7TQ8M3;Z8JX6KUL"
"QJNINEN4","journalArticle","Flight Characteristics of Shaping the Membrane Wing of a Micro Air Vehicle","10.2514/1.4782","2005","Journal of Aircraft","MMK48V5F;U65AP8TW;VD7TQ8M3"
"QZ5P4NTQ","journalArticle","Spinal control of muscle synergies for adult mammalian locomotion","10.1113/JP277018","2019-1-01","The Journal of Physiology","N9R9QB36"
"9E8C7EAI","journalArticle","Spinal reflexes, mechanisms and concepts: from Eccles to Lundberg and beyond.","10.1016/j.pneurobio.2006.04.001","2006-02-01","Progress in Neurobiology","N9R9QB36"
"B2P9UZLE","journalArticle","The Motor Infrastructure: From Ion Channels to Neuronal Networks","10.1038/nrn1137","2003-07-01","Nature Reviews Neuroscience","N9R9QB36"
"939JVCCU","journalArticle","Force Sensors in Hexapod Locomotion","10.1177/0278364905055381","2005-07-01","The International Journal of Robotics Research","N9R9QB36"
"XAVF83U8","journalArticle","Simulations of neuromuscular control in lamprey swimming","10.1098/rstb.1999.0441","1999-05-29","Philosophical Transactions of the Royal Society of London. Series B: Biological Sciences","N9R9QB36;NW7YXWPA"
"GA8YXYMU","journalArticle","Muscles, Elastic Energy, and the Dynamics of Body Stiffness in Swimming Eels","10.1093/icb/38.4.771","09/1998","American Zoologist","VD8SAM7F"
"F8VY9WMT","journalArticle","A model of scale effects in mammalian quadrupedal running",,"2002/04/01","Journal of Experimental Biology","XK5E9LE4"
"KU9CUS6K","journalArticle","Neuronal activity in the isolated mouse spinal cord during spontaneous deletions in fictive locomotion: insights into locomotor central pattern generator organization","10.1113/jphysiol.2012.240895","2012-10-01","The Journal of Physiology","ADI9MVVM;N9R9QB36;RPTFU546;V22WMIYJ"
"VFBMSRFQ","journalArticle","Central Pattern Generator for Locomotion: Anatomical, Physiological, and Pathophysiological Considerations","10.3389/fneur.2012.00183","2013","Frontiers in Neurology","TYJX29H8"
"BNGA9TDW","journalArticle","The effect of dorsal root transection on the efferent motor pattern in the cat's hindlimb during locomotion.","10.1111/j.1748-1716.1984.tb07400.x","1984-03-01","Acta Physiologica Scandinavica","N9R9QB36"
"XYIPI8CK","journalArticle","Restoring walking after spinal cord injury.","10.1016/j.pneurobio.2004.04.003","2004-06-01","Progress in Neurobiology","N9R9QB36"
"4VKDE9Z6","journalArticle","Kinematic primitives for walking and trotting gaits of a quadruped robot with compliant legs","10.3389/fncom.2014.00027","2014-03-07","Frontiers in Computational Neuroscience","5TDG33CE;ADI9MVVM;DSDYXL2L;J9QQKKC3;SUKCWFGV;Z2IJ6ASX"
"2NUU4KH9","journalArticle","Phase-Dependent Response to Afferent Stimulation During Fictive Locomotion: A Computational Modeling Study.","10.3389/fnins.2019.01288","2019-11-29","Frontiers in Neuroscience","N9R9QB36"
"PQLJF7QU","journalArticle","Neuronal Control of LocomotionFrom Mollusc to Man","10.1093/acprof:oso/9780198524052.001.0001","1999-09-02",,"N9R9QB36"
"9UL9P2KN","journalArticle","Excitatory and Inhibitory Interactions in Localized Populations of Model Neurons","10.1016/S0006-3495(72)86068-5","01/1972","Biophysical Journal","YGJ8NW46"
"S7QYZGBB","journalArticle","Tapping into spinal circuits to restore motor function.","10.1016/s0165-0173(99)00008-9","1999-07-01","Brain Research Reviews","N9R9QB36"
"3FZ3EF43","journalArticle","Six-legged walking in insects: how CPGs, peripheral feedback, and descending signals generate coordinated and adaptive motor rhythms","10.1152/jn.00658.2017","2018-02-01","Journal of Neurophysiology","N9R9QB36"
"AY7CA699","journalArticle","Identification of Minimal Neuronal Networks Involved in Flexor-Extensor Alternation in the Mammalian Spinal Cord","10.1016/j.neuron.2011.07.011","2011-09-22","Neuron","N9R9QB36"
"37NLALTP","journalArticle","A biomimetic robotic platform to study flight specializations of bats","10.1126/scirobotics.aal2505","2017/02/01","Science Robotics","MMK48V5F;U65AP8TW;VD7TQ8M3"
"2VAING3I","journalArticle","Group I extensor afferents evoke disynaptic EPSPs in cat hindlimb extensor motorneurones during fictive locomotion.","10.1113/jphysiol.1996.sp021538","1996-08-01","The Journal of Physiology","N9R9QB36"
"9I8L38TC","journalArticle","Hybrid terrain-adaptive lower-extremity systems",,"2009-09-01",,"N9R9QB36"
"GVJDIVJ6","journalArticle","Mechanisms of Phase-Locking and Frequency Control in Pairs of coupled Neural Oscillators",,,,"QUIZCN5R"
"P9INAS5A","journalArticle","comparison study hindlimb control during fictive and real locomotion: a Motoneuronal and muscle synergies involved in cat",,"2012-01-01",,"N9R9QB36"
"84V3X65F","journalArticle","Fictive motor patterns in chronic spinal cats","10.1152/jn.1991.66.6.1874","1991-12-01","Journal of Neurophysiology","XXAXGRUX"
"ZJT3AJEK","bookSection","Experimental Validation of an Aerodynamic Sensing Scheme for Post-Stall Aerodynamic Moment Characterization","10.2514/6.2013-4979","August 15, 2013",,"8KUXKGCX;U65AP8TW"
"82IC2Q5Z","journalArticle","Towards Autonomous MAV Soaring in Cities: CFD Simulation, EFD Measurement and Flight Trials","10.1260/1756-8293.7.4.441","December 1, 2015","International Journal of Micro Air Vehicles","MMK48V5F;U65AP8TW;VD7TQ8M3"
"2E7P3P4B","journalArticle","Mechanosensory Feedback in Walking: From Joint Control to Locomotor Patterns","10.1016/s0065-2806(07)34004-6","2007-01-01","Advances in Insect Physiology","N9R9QB36"
"RWM9IQHU","journalArticle","Proprioception and locomotor disorders","10.1038/nrn939","10/2002","Nature Reviews Neuroscience","N9R9QB36"
"G96FE7FF","journalArticle","Force Regulation of Ankle Extensor Muscle Activity in Freely Walking Cats","10.1152/jn.90918.2008","2009-01-01","Journal of Neurophysiology","N9R9QB36"
"42ATQKJ9","journalArticle","The dominant role of the hip in multijoint reflex responses in human spinal cord injury",,"2011-01-01",,"N9R9QB36"
"IK9JB946","journalArticle","A controller for continuous wave peristaltic locomotion","10.1109/iros.2011.6094954","2011-12-05",,"N9R9QB36"
"L58D9JJS","journalArticle","Modulation of phase durations, phase variations, and temporal coordination of the four limbs during quadrupedal split-belt locomotion in intact adult cats","10.1152/jn.00160.2014","2014-10-15","Journal of Neurophysiology","N9R9QB36"
"G6KR8W8I","journalArticle","Do Pacemakers Drive the Central Pattern Generator for Locomotion in Mammals?","10.1177/1073858409346339","04/2010","The Neuroscientist","TYJX29H8"
"TQVQL9W7","journalArticle","Degradation of mouse locomotor pattern in the absence of proprioceptive sensory feedback","10.1073/pnas.1419045111","2014-11-25","Proceedings of the National Academy of Sciences","7N4C29P2;RPTFU546"
"BSB4SLW7","journalArticle","Spinal Interneurons as Gatekeepers to Neuroplasticity after Injury or Disease.","10.1523/jneurosci.1654-20.2020","2021","The Journal of Neuroscience","N9R9QB36"
"5CA7267C","journalArticle","Simple Muscle Models Regularize Motion in a Robotic Leg with Neurally-Based Step Generation","10.1109/robot.2007.363057","2007-04-10",,"N9R9QB36"
"CNTQYPTR","journalArticle","Use of Visual and Proprioceptive Feedback to Improve Gait Speed and Spatiotemporal Symmetry Following Chronic Stroke: A Case Series","10.2522/ptj.20110206","2012-05-01","Physical Therapy","7N4C29P2"
"KEKGJDMG","journalArticle","Renshaw cell activity and recurrent effects on motoneurons during fictive locomotion.","10.1152/jn.1980.44.3.475","1980-09-01","Journal of Neurophysiology","N9R9QB36"
"NPRY3ATJ","journalArticle","Crossed activation of thoracic trunk motoneurons by medullary reticulospinal neurons.","10.1152/jn.00194.2019","2019-10-30","Journal of Neurophysiology","N9R9QB36"
"S3SVWANY","journalArticle","Vestibulospinal, reticulospinal and descending propriospinal nerve fibres in man","10.1093/brain/119.6.1809","1996","Brain","N9R9QB36"
"WNE2J7WB","journalArticle","Measured motion: searching for simplicity in spinal locomotor networks.","10.1016/j.conb.2009.10.011","2009-12-01","Current Opinion in Neurobiology","N9R9QB36"
"FE53FDIS","journalArticle","A Survey on CPG-Inspired Control Models and System Implementation","10.1109/TNNLS.2013.2280596","3/2014","IEEE Transactions on Neural Networks and Learning Systems","TYJX29H8"
"64DX84BA","journalArticle","The mammalian central pattern generator for locomotion","10.1016/j.brainresrev.2009.08.002","2009-12-11","Brain Research Reviews","N9R9QB36"
"GFF6HJZW","journalArticle","What mechanisms coordinate leg movement in walking arthropods?","10.1016/0166-2236(90)90057-H","1/1990","Trends in Neurosciences","N9R9QB36"
"DBSQLFN8","journalArticle","Functionally complex muscles of the cat hindlimb. IV. Intramuscular distribution of movement command signals and cutaneous reflexes in broad, bifunctional thigh muscles","10.1007/bf00229407","1991-01-01","Experimental Brain Research","N9R9QB36"
"4XZ9EQ2A","journalArticle","A physical model of sensorimotor interactions during locomotion.","10.1088/1741-2560/9/4/046011","2012-08-01","Journal of Neural Engineering","N9R9QB36"
"H643R2BY","journalArticle","Emulated muscle spindle and spiking afferents validates VLSI neuromorphic hardware as a testbed for sensorimotor function and disease","10.3389/fncom.2014.00141","2014-12-04","Frontiers in Computational Neuroscience","7N4C29P2;N9R9QB36"
"LK3R3RR7","conferencePaper","An air flow sensor modeled on wind receptor hairs of insects","10.1109/MEMSYS.2000.838573","January 2000",,"8KUXKGCX"
"IAVWZAIL","webpage","Doublet Electrical Stimulation Enhances Torque Production in People With Spinal Cord Injury",,,,"AJENK7I2"
"JPHHF8XP","journalArticle","A Muscle-Reflex Model That Encodes Principles of Legged Mechanics Produces Human Walking Dynamics and Muscle Activities","10.1109/TNSRE.2010.2047592","06/2010","IEEE Transactions on Neural Systems and Rehabilitation Engineering","G7U2YC7Y;XK5E9LE4;Z8JX6KUL"
"7VT9HU5M","journalArticle","Control of walking and running by means of electric stimulation of the midbrain",,"1966-01-01","Biofizika","N9R9QB36"
"N4CUWAFP","webpage","Phenomenological models of the dynamics of muscle during isotonic shortening | Elsevier Enhanced Reader","10.1016/j.jbiomech.2013.07.018",,,"AJENK7I2"
"9WR6KJZ9","journalArticle","Intra-axonal recordings of cutaneous primary afferents during fictive locomotion in the cat","10.1152/jn.1989.62.5.1177","1989-11-01","Journal of Neurophysiology","N9R9QB36"
"5WU2QK2C","book","Dynamical Systems in Neuroscience: The Geometry of Excitability and Bursting","10.7551/mitpress/2526.001.0001","2006",,"YGJ8NW46"
"9Q7QFN4L","journalArticle","Main characteristics of the hindlimb locomotor cycle in the decorticate cat with special reference to bifunctional muscles.","10.1016/0006-8993(80)90207-3","1980-04-14","Brain Research","N9R9QB36"
"QT4IKD76","journalArticle","Phase-dependent modulation of primary afferent depolarization in single cutaneous primary afferents evoked by peripheral stimulation during fictive locomotion in the cat","10.1016/0006-8993(90)90334-8","1990-12-24","Brain Research","N9R9QB36"
"79B5JSUJ","journalArticle","Ia inhibitory interneurons and Renshaw cells as contributors to the spinal mechanisms of fictive locomotion.","10.1152/jn.1987.57.1.56","1987-01-01","Journal of Neurophysiology","N9R9QB36"
"AHQI3F2B","journalArticle","An electromyographic analysis of muscular activity in the hindlimb of the cat during unrestrained locomotion.","10.1111/j.1748-1716.1969.tb04415.x","1969-04-01","Acta Physiologica Scandinavica","N9R9QB36"
"YJX8DTMA","journalArticle","Robust coding of flow-field parameters by axo-axonal gap junctions between fly visual interneurons","10.1073/pnas.0703697104","06/12/2007","Proceedings of the National Academy of Sciences","5T5PXLZC"
"R48DN4FW","journalArticle","Using Animatlab for Neuromechanical Analysis: Linear Hill Parameter Calculation","10.1007/978-3-030-64313-3_38","2020",,"N9R9QB36"
"XRRHZSTN","journalArticle","Could Different Directions of Infant Stepping Be Controlled by the Same Locomotor Central Pattern Generator?","10.1152/jn.2000.83.5.2814","2000-05-01","Journal of Neurophysiology","TYJX29H8"
"YNI53YQD","journalArticle","A model of the neuro-musculo-skeletal system for human locomotion","10.1007/bf00204048","1995-07-01","Biological Cybernetics","N9R9QB36"
"2HUMJLGY","journalArticle","Rate Models for Conductance-Based Cortical Neuronal Networks","10.1162/08997660360675053","2003-08-01","Neural Computation","YGJ8NW46"
"TI39ZH7S","journalArticle","Emulating Balance Control Observed in Human Test Subjects with a Neural Network","10.1007/978-3-319-95972-6_21","2000-01-01",,"N9R9QB36"
"U496ZFI9","conferencePaper","The FPGA prototyping of iris recognition for biometric identification employing neural network","10.1109/ICM.2004.1434697","December 2004",,"5T5PXLZC"
"FXV3N2Z9","journalArticle","Muscles, Elastic Energy, and the Dynamics of Body Stiffness in Swimming Eels1","10.1093/icb/38.4.771","1998-09-01","American Zoologist","VD8SAM7F"
"QGHZ3HWG","journalArticle","Reflex control of locomotion as revealed by stimulation of cutaneous afferents in spontaneously walking premammillary cats.","10.1152/jn.1977.40.4.737","1977-07-01","Journal of Neurophysiology","N9R9QB36"
"4RT5XCCU","thesis","Internal structure of the fly elementary motion detector",,"2011",,"5T5PXLZC"
"LPKJAKP5","journalArticle","Goal-Directed CPG-Based Control for Tensegrity Spines with Many Degrees of Freedom Traversing Irregular Terrain","10.1089/soro.2015.0012","12/2015","Soft Robotics","TYJX29H8"
"8M8LL24G","journalArticle","The Circuitry of the Human Spinal Cord: Its Role in Motor Control and Movement Disorders",,"2005-09-19",,"N9R9QB36"
"DF9YS6WD","journalArticle","A Simple Experimentally Based Model Using Proprioceptive Regulation of Motor Primitives Captures Adjusted Trajectory Formation in Spinal Frogs","10.1152/jn.01054.2007","01/2010","Journal of Neurophysiology","N9R9QB36"
"7TWUK65E","journalArticle","Reversal of the influence of group Ib afferents from plantaris on activity in medial gastrocnemius muscle during locomotor activity","10.1152/jn.1993.70.3.1009","1993-09-01","Journal of Neurophysiology","N9R9QB36"
"Q5MP2IAN","journalArticle","Analyzing Moment Arm Profiles in a Full-Muscle Rat Hindlimb Model","10.3390/biomimetics4010010","2019-01-25","Biomimetics","N9R9QB36"
"M49TBF5M","journalArticle","Proprioceptive feedback reinforces centrally generated stepping patterns in the cockroach","10.1242/jeb.067488","2012-06-01","Journal of Experimental Biology","7N4C29P2"
"8CDGMGTP","journalArticle","Parallel reflex pathways from flexor muscle afferents evoking resetting and flexion enhancement during fictive locomotion and scratch in the cat.","10.1113/jphysiol.2005.095505","2005-11-01","The Journal of Physiology","N9R9QB36"
"49N32BIK","journalArticle","Contribution of Cutaneous Inputs From the Hindpaw to the Control of Locomotion. II. Spinal Cats","10.1152/jn.00497.2003",,"Journal of Neurophysiology","N9R9QB36"
"ZWG2647T","journalArticle","Modeling the spinal cord neural circuitry controlling cat hindlimb movement during locomotion","10.1016/S0925-2312(02)00832-9","2003-06-01","Neurocomputing","N9R9QB36"
"4ME7NZ5I","journalArticle","Loss of Wt1 in the murine spinal cord alters interneuron composition and locomotion","10.1101/226316","2017-11-29","bioRxiv","N9R9QB36"
"4KWJDEJH","journalArticle","Model Predictive Control for Gust Load Alleviation","10.3182/20120823-5-NL-3013.00049","January 1, 2012","IFAC Proceedings Volumes","8KUXKGCX;U65AP8TW"
"MTERN9VC","journalArticle","Mid-Lumbar Segments Are Needed for the Expression of Locomotion in Chronic Spinal Cats","10.1152/jn.00909.2004","2005-05-01","Journal of Neurophysiology","N9R9QB36"
"NAW9TPDV","journalArticle","Central Pattern Generator Inspired Control for Adaptive Walking of Biped Robots","10.1109/TSMC.2012.2235426","09/2013","IEEE Transactions on Systems, Man, and Cybernetics: Systems","XK5E9LE4"
"GDEHQTXV","journalArticle","Functional identification of interneurons responsible for left-right coordination of hindlimbs in mammals.","10.1016/s0896-6273(03)00353-2","2003-06-19","Neuron","N9R9QB36"
"25Q6YAMZ","journalArticle","Localization and organization of the central pattern generator for hindlimb locomotion in newborn rat","10.1523/JNEUROSCI.15-07-04943.1995","1995-07-01","The Journal of Neuroscience","3JICMNZE;7MUA9TNJ;JHS52VG2;JNXN9AAK;PCKP9AS7;TSL7SF8X;TYJX29H8"
"QVN2D9LR","journalArticle","A three-dimensional model of the rat hindlimb: musculoskeletal geometry and muscle moment arms",,"2008","Journal of Biomechanics","5TDG33CE;8ZJVZTWZ"
"PB8UPELL","journalArticle","From Biological Cilia to Artificial Flow Sensors: Biomimetic Soft Polymer Nanosensors with High Sensing Performance","10.1038/srep32955","2016-09-13","Scientific Reports","8KUXKGCX"
"VS8VGYUP","journalArticle","The Effects of Sex, Joint Angle, and the Gastrocnemius Muscle on Passive Ankle Joint Complex Stiffness",,"Dec 2001","Journal of Athletic Training","Q5A46GCA"
"WTJP495V","journalArticle","Split-belt walking alters the relationship between locomotor phases and cycle duration across speeds in intact and chronic spinalized adult cats.","10.1523/jneurosci.3931-12.2013","2013-05-08","The Journal of Neuroscience","N9R9QB36"
"3E3LAACP","journalArticle","Integration of feedforward and feedback control in the neuromechanics of vertebrate locomotion: a review of experimental, simulation and robotic studies","10.1242/jeb.245784","2023-08-01",,"N9R9QB36"
"RHZFK6L7","journalArticle","Central control of interlimb coordination and speed-dependent gait expression in quadrupeds.","10.1113/jp272787","2016-12-01","The Journal of Physiology","N9R9QB36"
"H6EXPMRM","journalArticle","Modelling of intersegmental coordination in the lamprey central pattern generator for locomotion","10.1016/0166-2236(92)90006-T","11/1992","Trends in Neurosciences","7MUA9TNJ;E2FKFDAQ;JHS52VG2;JNXN9AAK;RPTFU546;TYJX29H8"
"FWDSZERF","journalArticle","Design of a Quadruped Robot Driven by Air Muscles","10.1109/BIOROB.2006.1639201","2006","The First IEEE/RAS-EMBS International Conference on Biomedical Robotics and Biomechatronics","5TDG33CE;6TF2M9GP;7BJ8K9CF;DCRCGT9E;NZCI8A3Q"
"RU3JDMAR","journalArticle","HALF-CENTRES REVISITED","10.1016/b978-0-08-026814-9.50025-9","1981-01-01",,"N9R9QB36"
"SL2QSU9Y","journalArticle","An adaptive locomotion controller for a hexapod robot: CPG, kinematics and force feedback","10.1007/s11432-014-5148-y","11/2014","Science China Information Sciences","7MUA9TNJ;JHS52VG2;T82M4DVB;TYJX29H8"
"978VAMDM","journalArticle","Convergent evolution and locomotion through complex terrain by insects, vertebrates and robots","10.1016/j.asd.2004.05.001","2004-07-01","Arthropod Structure & Development","N9R9QB36"
"DIY5AR2I","preprint","Design, Modeling and Direction Control of a Wire-Driven Robotic Fish Based on a 2-DoF Crank-Slider Mechanism","10.48550/arXiv.2603.02851","2026-03-03",,"TYJX29H8;VD8SAM7F"
"87XLEY6N","journalArticle","Organization of common synaptic drive to motoneurones during fictive locomotion in the spinal cat","10.1113/jphysiol.2005.091744","2005-11-01","The Journal of Physiology","N9R9QB36"
"E3LUEWU9","journalArticle","Simple model of spiking neurons","10.1109/TNN.2003.820440","11/2003","IEEE Transactions on Neural Networks","RK95XFHP;YGJ8NW46"
"I5BISQVF","journalArticle","Contribution of load and length related manipulations to muscle responses during force perturbations","10.14288/1.0071394","2010-01-01",,"N9R9QB36"
"IC8M69G3","journalArticle","An interactive graphics-based model of the lower extremity to study orthopaedic surgical procedures","10.1109/10.102791","August 1990","IEEE Transactions on Biomedical Engineering","Q5A46GCA"
"UCXWC7G5","journalArticle","A biologically based neural system coordinates the joints and legs of a tetrapod","10.1088/1748-3190/10/5/055004","2015","Bioinspiration & Biomimetics","5CRWN2QL;9KWWRHPC;C9GHUG33;HH56GVGM;J9QQKKC3;JXDH3WWD;N9R9QB36;RPTFU546;SUKCWFGV;V22WMIYJ;XK5E9LE4;Y5999VDY;Z2IJ6ASX"
"A8ALFPH4","journalArticle","The orientation of the distal part of the quadriceps femoris muscle as a function of the knee flexion-extension angle","10.1016/0021-9290(85)90055-7","January 1, 1985","Journal of Biomechanics","Q5A46GCA"
"LFNMW4Q8","journalArticle","Inhibition of flexor burst generation by loading ankle extensor muscles in walking cats","10.1016/0006-8993(80)90206-1","1980-04-14","Brain Research","N9R9QB36"
"IPF4LU3K","journalArticle","Design and analysis of biomimetic joints for morphing of micro air vehicles","10.1088/1748-3182/5/4/045007","2010","Bioinspiration & Biomimetics","MMK48V5F;U65AP8TW;VD7TQ8M3"
"SMEEANZH","journalArticle","Interlimb coordination during fictive locomotion in the thalamic cat.","10.1007/bf00228795","1990-01-01","Experimental Brain Research","N9R9QB36"
"C5F575AT","journalArticle","Dynamic Sensorimotor Interactions in Locomotion","10.1152/physrev.00028.2005","2006-01-01","Physiological Reviews","N9R9QB36"
"4MPTIS4D","journalArticle","Fixed-wing MAV attitude stability in atmospheric turbulence, part 1: Suitability of conventional sensors","10.1016/j.paerosci.2014.06.001","October 1, 2014","Progress in Aerospace Sciences","8KUXKGCX;U65AP8TW;VD7TQ8M3"
"Y76C5HR8","journalArticle","Myotomal Muscle Function at Different Locations in the Body of a Swimming Fish","10.1242/jeb.182.1.191","1993-09-01","Journal of Experimental Biology","VD8SAM7F"
"N9NMPVXW","journalArticle","Failure of Averaging in the Construction of a Conductance-Based Neuron Model","10.1152/jn.00412.2001","2002-02-01","Journal of Neurophysiology","YGJ8NW46"
"ILB5DIKY","journalArticle","Synaptic connectivity amongst components of the locomotor central pattern generator","10.3389/fncir.2022.1076766","2022-11-24","Frontiers in Neural Circuits","N9R9QB36"
"E3SF8WED","journalArticle","Method for controlling a robotic limb joint",,"2014-10-21",,"N9R9QB36"
"SS5Z23PD","journalArticle","Kinematic and Kinetic Analysis of a Biomechanical Model of Rat Hind Limb with Biarticular Muscles","10.1007/978-3-030-64313-3_7","2020",,"N9R9QB36"
"TEFEE24P","journalArticle","Time series prediction with single multiplicative neuron model","10.1016/j.asoc.2006.01.003","8/2007","Applied Soft Computing","YGJ8NW46"
"Y999MLY7","journalArticle","Phasic gain control of reflexes from the dorsum of the paw during spinal locomotion.","10.1016/0006-8993(77)90710-7","1977-08-19","Brain Research","N9R9QB36"
"JISFPPWE","journalArticle","Motor cortical regulation of sparse synergies provides a framework for the flexible control of precision walking","10.3389/fncom.2013.00083","2013-07-11","Frontiers in Computational Neuroscience","N9R9QB36"
"ISXYX3AD","journalArticle","Chapter 2--the spinal generation of phases and cycle duration.","10.1016/b978-0-444-53825-3.00007-3","2011-01-01","Progress in Brain Research","N9R9QB36"
"QLZDYN9W","journalArticle","Motor antagonism exposed by spatial segregation and timing of neurogenesis","10.1038/nature10538","2011-11-03","Nature","N9R9QB36"
"6SJH23HI","bookSection","A Review of Computational Musculoskeletal Analysis of Human Lower Extremities",,,,"Q5A46GCA"
"ZX43HKI4","journalArticle","Effects of combining static and dynamic fusimotor stimulation on the response of the muscle spindle primary ending to sinusoidal stretching.","10.1113/jphysiol.1977.sp011840","1977","The Journal of Physiology","7N4C29P2;N9R9QB36"
"B7592WSE","journalArticle","Visual transduction in Drosophila","10.1038/35093002","September 13, 2001","Nature","5T5PXLZC"
"H3476B48","journalArticle","A Review of the Integrate-and-fire Neuron Model: I. Homogeneous Synaptic Input","10.1007/s00422-006-0068-6","7/2006","Biological Cybernetics","4SGK9MF3;YGJ8NW46"
"5Y6JGAVN","journalArticle","Forms of Forward Quadrupedal Locomotion. III. A Comparison of Posture, Hindlimb Kinematics, and Motor Patterns for Downslope and Level Walking","10.1152/jn.1998.79.4.1702",,"Journal of Neurophysiology","N9R9QB36"
"IM3H8JUZ","journalArticle","Exercise, music, and the brain: Is there a central pattern generator?","10.1080/02640414.2010.507252","10/2010","Journal of Sports Sciences","TYJX29H8"
"LYDH3ELJ","journalArticle","Self-organized control of bipedal locomotion by neural oscillators in unpredictable environment","10.1007/BF00198086","7/1991","Biological Cybernetics","QUIZCN5R"
"DP3W5RIU","journalArticle","Peripheral control of the cat's step cycle. II. Entrainment of the central pattern generators for locomotion by sinusoidal hip movements during ""fictive locomotion."".","10.1111/j.1748-1716.1983.tb07267.x","1983-07-01","Acta Physiologica Scandinavica","N9R9QB36"
"7SVA83T6","journalArticle","Deletions of Rhythmic Motoneuron Activity During Fictive Locomotion and Scratch Provide Clues to the Organization of the Mammalian Central Pattern Generator","10.1152/jn.00216.2005","08/2005","Journal of Neurophysiology","7MUA9TNJ;JHS52VG2;JNXN9AAK;N9R9QB36;TSL7SF8X;TYJX29H8"
"LNUVC75L","journalArticle","Phenomenological models of the dynamics of muscle during isotonic shortening","10.1016/j.jbiomech.2013.07.018","September 27, 2013","Journal of Biomechanics","AJENK7I2"
"9MJFG84H","journalArticle","Computer simulation of stepping in the hind legs of the cat: an examination of mechanisms regulating the stance-to-swing transition.","10.1152/jn.00065.2005","December 2005","Journal of neurophysiology","DSDYXL2L;XK5E9LE4"
"WZFK2P52","journalArticle","Firing Properties of Identified Interneuron Populations in the Mammalian Hindlimb Central Pattern Generator","10.1523/jneurosci.22-22-09961.2002","2002-11-15","The Journal of Neuroscience","N9R9QB36"
"SM6LKCJ2","journalArticle","Fly visual course control: behaviour, algorithms and circuits","10.1038/nrn3799","September 2014","Nature Reviews Neuroscience","5T5PXLZC"
"H6HKF65J","journalArticle","Asymmetric Operation of the Locomotor Central Pattern Generator in the Neonatal Mouse Spinal Cord","10.1152/jn.90729.2008","2008-10-01","Journal of Neurophysiology","N9R9QB36"
"8MFKLMFC","journalArticle","Is there a central pattern generator in man?","10.1038/sc.1995.54","5/1995","Spinal Cord","TYJX29H8"
"5U3EIKFT","journalArticle","The cat step cycle: Hind limb joint angles and muscle lengths during unrestrained locomotion","10.1002/jmor.1051410102","1973-09-01","Journal of Morphology","N9R9QB36"
"5YIDLULC","journalArticle","Central drive and proprioceptive control of antennal movements in the walking stick insect","10.1016/j.jphysparis.2012.06.001","1/2013","Journal of Physiology-Paris","7N4C29P2"
"IEBA5LH9","journalArticle","Biomechanics of smart wings in a bat robot: morphing wings using SMA actuators","10.1088/1748-3182/7/3/036006","2012","Bioinspiration & Biomimetics","MMK48V5F;U65AP8TW;VD7TQ8M3"
"DL24USDE","journalArticle","Quantification of gait parameters in freely walking wild type and sensory deprived Drosophila melanogaster","10.7554/eLife.00231","2013-01-08","eLife","7N4C29P2"
"ZS37FVBV","journalArticle","Biomechanics of quadrupedal walking: how do four-legged animals achieve inverted pendulum-like movements?",,"2004",,"5TDG33CE"
"QH2ZHL9K","journalArticle","Effects of stimulation of hindlimb flexor group II afferents during fictive locomotion in the cat.",,"1995-8-15","The Journal of Physiology","N9R9QB36"
"GQQ3LJW9","book","Attitude and Altitude Controller Design for Quad-Rotor Type MAVs","10.1155/2013/587098","May 9, 2013",,"8KUXKGCX;U65AP8TW;VD7TQ8M3"
"S5PDYKPL","journalArticle","Lumbar Spinal Interneuron Activity as it Relates to Rhythmic Motor Output in the Adult, Spinal, Air-Stepping Cat",,"2014-01-01",,"N9R9QB36"
"X76V2YPQ","journalArticle","Contribution of peripheral afferents to the activation of the soleus muscle during walking in humans.","10.1007/bf00227094","1991-01-01","Experimental Brain Research","N9R9QB36"
"Z4PY4APF","webpage","Mammalian muscle receptors and their central actions by Peter B. C. Matthews | Open Library",,,,"7N4C29P2"
"22VVYMX8","journalArticle","The effects of self-reinnervation of cat medial and lateral gastrocnemius muscles on hindlimb kinematics in slope walking","10.1007/s00221-007-0938-8","8/2007","Experimental Brain Research","7N4C29P2"
"CK2NF8VD","journalArticle","Rhythmic Patterns in the Thoracic Nerve Cord of the Stick Insect Induced by Pilocarpine","10.1242/jeb.198.2.435","1995-02-01","Journal of Experimental Biology","XK5E9LE4"
"Q5F4NAV9","conferencePaper","Bio-inspired knee joint mechanism for a hydraulic quadruped robot","10.1109/ICARA.2015.7081168","February 2015",,"AR82MPS8;JTGFU9XU"
"M5TE24I3","journalArticle","Neural Adaptation in the Generation of Rhythmic Behavior","10.1146/annurev.physiol.62.1.723","2000-01-01","Annual Review of Physiology","N9R9QB36"
"FJUP5VQ4","conferencePaper","Distributed Pressure Sensing for Enabling Self-Aware Autonomous Aerial Vehicles","10.1109/IROS.2018.8593664","October 2018",,"8KUXKGCX;U65AP8TW"
"WNZGBKM2","journalArticle","From swimming to walking with a salamander robot driven by a spinal cord model.",,"2007","Science","ADI9MVVM;NW7YXWPA;V22WMIYJ;XK5E9LE4;Z2IJ6ASX"
"VZ66KQ4C","journalArticle","Sensory feedback by peripheral nerve stimulation improves task performance in individuals with upper limb loss using a myoelectric prosthesis","10.1088/1741-2560/13/1/016001","2016-02-01","Journal of Neural Engineering","7N4C29P2;N9R9QB36"
"J352NTSW","journalArticle","Increased amplitude of cutaneous reflexes during human running as compared to standing.","10.1016/0006-8993(93)90903-z","1993-06-11","Brain Research","N9R9QB36"
"SHUH36FQ","journalArticle","Motoneuronal and muscle synergies involved in cat hindlimb control during fictive and real locomotion: a comparison study","10.1152/jn.00865.2011","2012-04-15","Journal of Neurophysiology","N9R9QB36;V22WMIYJ"
"IDW58ZH9","journalArticle","State- and Condition-Dependent Modulation of the Hindlimb Locomotor Pattern in Intact and Spinal Cats Across Speeds","10.3389/fnsys.2022.814028","2022-02-09","Frontiers in Systems Neuroscience","N9R9QB36"
"A4PMB5Q5","journalArticle","Entrainment of the locomotor rhythm by group Ib afferents from ankle extensor muscles in spinal cats.","10.1007/bf00230939","1992-01-01","Experimental Brain Research","N9R9QB36"
"P7UKEMAJ","journalArticle","The intrinsic factors in the act of progression in the mammal","10.1098/rspb.1911.0077","1911-12-08","Proceedings of The Royal Society B: Biological Sciences","N9R9QB36"
"ICMPX662","journalArticle","How swifts control their glide performance with morphing wings","10.1038/nature05733","2007/04","Nature","MMK48V5F;U65AP8TW;VD7TQ8M3"
"KAQJLCMY","journalArticle","Assessing sensory function in locomotor systems using neuro-mechanical simulations","10.1016/j.tins.2006.08.007","2006-11-01","Trends in neurosciences","8ZJVZTWZ;DSDYXL2L;N9R9QB36;UQIQANLV;VIKGTZKC"
"KJSG6IVC","journalArticle","Gust Mitigation of Micro Air Vehicles Using Passive Articulated Wings","10.1155/2014/598523","2014-1-2","The Scientific World Journal","MMK48V5F;U65AP8TW"
"IDWZX38H","journalArticle","Biomechanical and Sensory Feedback Regularize the Behavior of Different Locomotor Central Pattern Generators","10.3390/biomimetics7040226","2022/12","Biomimetics","48MI7YWC;5CRWN2QL;6TF2M9GP;9KWWRHPC;FPJSQBTB;HH56GVGM;LB2PA2M3;N9R9QB36;RPTFU546;S7EBCZE4"
"WL3ITEDE","journalArticle","Rare phenomena of central rhythm and pattern generation in a case of complete spinal cord injury","10.1038/s41467-023-39034-y","2023-06-06",,"N9R9QB36"
"5689ZU7J","journalArticle","Further studies of static and dynamic fusimotor fibres","10.1113/jphysiol.1964.sp007477","1964","The Journal of Physiology","7N4C29P2"
"XEWECXEL","journalArticle","Controlling torque in a prosthesis or orthosis",,"2011-04-04",,"N9R9QB36"
"76R482KP","journalArticle","The Importance of Body Stiffness in Undulatory Propulsion","10.1093/icb/36.6.678","12/1996","American Zoologist","VD8SAM7F"
"RMQTJH8Y","journalArticle","Active gust load alleviation system for flexible aircraft: Mixed feedforward/feedback approach","10.1016/j.ast.2014.12.020","February 1, 2015","Aerospace Science and Technology","MMK48V5F;U65AP8TW"
"9UA8CYPG","journalArticle","Modulation of forelimb and hindlimb muscle activity during quadrupedal tied-belt and split-belt locomotion in intact cats","10.1016/j.neuroscience.2014.12.084","2015-01-30","Neuroscience","N9R9QB36"
"E2G75RYG","journalArticle","Swing-to-Stance Transition in Walking Cats A Role for Hip Position in Initiating the",,"2015-01-01",,"N9R9QB36"
"S4KURXR3","journalArticle","Bipedal walk using a Central Pattern Generator","10.1016/j.ics.2004.05.129","8/2004","International Congress Series","TYJX29H8"
"ECUFML4R","journalArticle","Dynamics and flight control of a flapping-wing robotic insect in the presence of wind gusts","10.1098/rsfs.2016.0080","February 6, 2017","Interface Focus","BBE4U5K8;NW7YXWPA;U65AP8TW"
"VG37PI9F","journalArticle","Dendritic Neuron Model With Effective Learning Algorithms for Classification, Approximation, and Prediction","10.1109/TNNLS.2018.2846646","2/2019","IEEE Transactions on Neural Networks and Learning Systems","YGJ8NW46"
"JNDRFXBW","conferencePaper","Hardware Implementation of a Bio-plausible Neuron Model for Evolution and Growth of Spiking Neural Networks on FPGA","10.1109/AHS.2008.13","June 2008",,"5T5PXLZC"
"WDB5LBKX","journalArticle","The flexion synergy, mother of all synergies and father of new models of gait","10.3389/fncom.2013.00014","2013-03-13","Frontiers in Computational Neuroscience","N9R9QB36"
"RVPEHWRE","journalArticle","A sensory signal related to left-right symmetry modulates intra- and interlimb cutaneous reflexes during locomotion in intact cats","10.3389/fnsys.2023.1199079","2023-06-09",,"N9R9QB36"
"89GWZLI7","journalArticle","Neuromechanical Model of Rat Hind Limb Walking with Two-Layer CPGs",,"2019/3","Biomimetics","6TF2M9GP;9KWWRHPC;G7U2YC7Y;HH56GVGM;MA3TJQ29;N9R9QB36;PUDA6G27;RPTFU546;S7EBCZE4;V22WMIYJ;XK5E9LE4;Z2IJ6ASX"
"HA3WX6Y6","journalArticle","Sensor-rich feedback control: a new paradigm for flight control inspired by insect agility","10.1109/MIM.2004.1337909","Sept 2004","IEEE Instrumentation Measurement Magazine","8KUXKGCX;U65AP8TW;VD7TQ8M3"
"FNZWRT8W","journalArticle","Neuromechanical model of praying mantis explores the role of descending commands in pre-strike pivots.","10.1088/1748-3190/10/6/065005","2015-11-18","Bioinspiration & Biomimetics","9KWWRHPC;N9R9QB36;S7EBCZE4"
"PEK4ELY5","journalArticle","Disynaptic group I excitation of synergist ankle extensor motoneurones during fictive locomotion in the cat.","10.1113/jphysiol.1995.sp020897","1995-09-01","The Journal of Physiology","N9R9QB36"
"7388U9W7","book","Neuromechanical Modeling of Posture and Locomotion",,"2015",,"N9R9QB36"
"D6EPXRRL","journalArticle","Artificial tactile and proprioceptive feedback improves performance and confidence on object identification tasks","10.1371/journal.pone.0207659","Dec 5, 2018","PLOS ONE","7N4C29P2;N9R9QB36"
"3UR8MYK9","journalArticle","Biological Pattern Generation: The Cellular and Computational Logic of Networks in Motion","10.1016/j.neuron.2006.11.008","2006-12-07","Neuron","N9R9QB36"
"IGXHQS3V","bookSection","The Motor Circuit","10.1016/S0074-7742(05)69005-8","2005-01-01",,"XXAXGRUX"
"HJUK3CTI","journalArticle","Leg Coordination Mechanisms in the Stick Insect Applied to Hexapod Robot Locomotion","10.1177/105971239300100404","1993-03-01","Adaptive Behavior","N9R9QB36"
"KGJXYZ8C","journalArticle","The role of V3 neurons in speed-dependent interlimb coordination during locomotion in mice","10.1101/2021.09.01.458603","2021-09-03","bioRxiv","N9R9QB36"
"VCRUQ82P","journalArticle","Digital hardware realization of a recurrent neural network for solving the assignment problem","10.1016/S0925-2312(02)00627-6","April 1, 2003","Neurocomputing","5T5PXLZC"
"HM2IV5S6","journalArticle","Ensemble firing of muscle afferents recorded during normal locomotion in cats","10.1111/j.1469-7793.1998.293bu.x","1998","The Journal of Physiology","7N4C29P2"
"4C89374J","journalArticle","Phase-dependent transmission in the excitatory propriospinal reflex pathway from forelimb afferents to lumbar motoneurones during fictive locomotion","10.1016/0304-3940(77)90187-2","1977-04-01","Neuroscience Letters","N9R9QB36"
"N5GSP4J3","journalArticle","Development of novel symmetrical electrode metal-core piezoelectric fibers for an application as airflow sensors","10.3233/JAE-160081","2017/01/01","International Journal of Applied Electromagnetics and Mechanics","8KUXKGCX"
"96REFLMC","journalArticle","Controlling Synchronization in an Ensemble of Globally Coupled Oscillators","10.1103/PhysRevLett.92.114102","2004-3-19","Physical Review Letters","QIP5VX22"
"XM8NL7JU","journalArticle","Simulated Neural Dynamics Produces Adaptive Stepping and Stable Transitions in a Robotic Leg","10.1007/978-3-319-09435-9_15","2014-07-30",,"N9R9QB36"
"EMMZXU4C","journalArticle","Reinforcement Learning for a CPG-driven Biped Robot",,"2004",,"7MUA9TNJ;JHS52VG2;TYJX29H8;XQM5FLN5"
"QMFBYN5K","journalArticle","Effect of stimulating the lumbar skin caudal to a complete spinal cord injury on hindlimb locomotion","10.1152/jn.00739.2014","2015-01-15","Journal of Neurophysiology","N9R9QB36"
"N63HA8YN","journalArticle","Modular organization of murine locomotor pattern in the presence and absence of sensory feedback from muscle spindles","10.1113/jp277515","2019","The Journal of Physiology","XXAXGRUX"
"FWZ3BU82","journalArticle","Variable-mechanical-impedance artificial legs",,"2015-07-21",,"N9R9QB36"
"J665FNFZ","conferencePaper","Bio-inspired optical flow circuits for the visual guidance of micro air vehicles","10.1109/ISCAS.2003.1205152","May 2003",,"5T5PXLZC"
"D7L95VYJ","journalArticle","Neural Control of Stereotypic Limb Movements","10.1002/cphy.cp120105","2011-01-01","Comprehensive Physiology","N9R9QB36"
"B8R7YVFX","journalArticle","Muscle Synergy Organization Is Robust Across a Variety of Postural Perturbations","10.1152/jn.00810.2005","2006/09/01","Journal of Neurophysiology","BHJDGXEG;WGWM9X3A"
"3NT3ITMN","webpage","Implications of Positive Feedback in the Control of Movement","10.1152/jn.1997.77.6.3237",,,"7N4C29P2"
"2XVCTL9G","journalArticle","Quantitative Analysis of Feedback During Locomotion",,"2006-11-20",,"N9R9QB36"
"BBW4I5LA","journalArticle","Characterization of WT1-expressing interneurons and investigation of their role in locomotion","10.7939/r3-jt04-kz83","2019-01-01",,"N9R9QB36"
"23G6BBPZ","journalArticle","The Effects of Spike Frequency Adaptation and Negative Feedback on the Synchronization of Neural Oscillators","10.1162/08997660152002861","2001-06-01","Neural Computation","QUIZCN5R"
"MAIJXHSE","journalArticle","Secondary endings of muscle spindles: Structure, reflex action, role in motor control and proprioception","10.1113/EP089826","2021","Experimental Physiology","N9R9QB36"
"T6335A2Y","journalArticle","The stride cycle of the cat: the modelling of locomotion by computerized analysis of automatic recordings.",,"1983-06-30","Acta Physiologica Scandinavica","N9R9QB36"
"LFXMPDPT","journalArticle","Inhibitory interneurons within the deep dorsal horn integrate convergent sensory input to regulate motor performance","10.1101/2022.05.21.492933","2022-05-21",,"N9R9QB36"
"MA8CHI2A","journalArticle","PSO-based single multiplicative neuron model for time series prediction","10.1016/j.eswa.2008.01.061","3/2009","Expert Systems with Applications","YGJ8NW46"
"7PJ2W8YW","journalArticle","Modelling genetic reorganization in the mouse spinal cord affecting leftΓÇôright coordination during locomotion","10.1113/jphysiol.2013.261115","2013-11-15","The Journal of Physiology","N9R9QB36"
"JSVAKAMF","journalArticle","Simplified neuron model as a principal component analyzer",,,,"YGJ8NW46"
"96IIG3EC","journalArticle","The Importance of Body Stiffness in Undulatory Propulsion",,"1996","American Zoologist","VD8SAM7F"
"68RASXWW","conferencePaper","MAV stability augmentation using weighted outputs from distributed hair sensor arrays","10.1109/ACC.2010.5531002","June 2010",,"8KUXKGCX;U65AP8TW"
"TBCYMMWD","journalArticle","Spiking Neural Networks: Principles and Challenges",,"2014","Computational Intelligence","YGJ8NW46"
"4R9SXY6J","journalArticle","Vibration-Induced Changes in EMG During Human Locomotion","10.1152/jn.00863.2002","2003-03-01","Journal of Neurophysiology","N9R9QB36"
"WQAA4LSP","journalArticle","Sex comparison of extensibility, passive, and active stiffness of the knee flexors","10.1016/j.clinbiomech.2003.09.003","1/2004","Clinical Biomechanics","Q5A46GCA"
"3TUP42LM","journalArticle","Sensory Influences on Interlimb Coordination During Gait","10.1007/978-1-4419-9056-3_1","2004-01-01",,"N9R9QB36"
"34X4264E","journalArticle","Flexion-reflex of the limb, crossed extension-reflex, and reflex stepping and standing.","10.1113/jphysiol.1910.sp001362","1910-04-26","The Journal of Physiology","N9R9QB36"
"VE2MALY4","conferencePaper","Flush Air Data Sensing for Soaring-Capable UAVs","10.2514/6.2013-1153","2013",,"8KUXKGCX;U65AP8TW"
"M87CDFNG","journalArticle","Pharmacological Activation and Modulation of the Central Pattern Generator for Locomotion in the Cat","10.1111/j.1749-6632.1998.tb09061.x","11/1998","Annals of the New York Academy of Sciences","3JICMNZE;7MUA9TNJ;JHS52VG2;JNXN9AAK;PCKP9AS7;RPTFU546;TSL7SF8X;TYJX29H8"
"TINXNGT9","journalArticle","The Human Central Pattern Generator for Locomotion: Does It Exist and Contribute to Walking?","10.1177/1073858417699790","2017-03-28","The Neuroscientist","N9R9QB36"
"FWFTKNBA","journalArticle","Sensory regulation of stance-to-swing transition in generation of adaptive human walking: A simulation study","10.1016/j.robot.2011.12.005","2012-05-01","Robotics and Autonomous Systems","N9R9QB36"
"43FIWMFJ","bookSection","Control of Mammalian Locomotion by Somatosensory Feedback","10.1002/cphy.c210020","2021",,"N9R9QB36"
"2TK8GLJF","journalArticle","Human Lumbosacral Spinal Cord Interprets Loading During Stepping","10.1152/jn.1997.77.2.797","1997-02-01","Journal of Neurophysiology","N9R9QB36"
"DA3KGWTI","journalArticle","Integrative pattern of Ia synaptic actions on motoneurones of hip and knee muscles.","10.1113/jphysiol.1958.sp006101","1958-12-04","The Journal of Physiology","N9R9QB36"
"RIP4975M","journalArticle","Micro Air VehicleΓÇÖs Attitude Control Using Real-Time Pressure and Shear Information","10.2514/1.C032375","February 26, 2014","Journal of Aircraft","8KUXKGCX;U65AP8TW"
"UQ7M6FTR","journalArticle","A Functional Subnetwork Approach to Designing Synthetic Nervous Systems That Control Legged Robot Locomotion.","10.3389/fnbot.2017.00037","2017-08-09","Frontiers in Neurorobotics","N9R9QB36"
"75FFPE9X","journalArticle","Mechanics of slope walking in the cat: quantification of muscle load, length change, and ankle extensor EMG patterns.","10.1152/jn.01300.2004","2006-03-01","Journal of Neurophysiology","N9R9QB36"
"Z9FUEQV3","journalArticle","Fish swimming: patterns in muscle function","10.1242/jeb.202.23.3397","1999-12","The Journal of Experimental Biology","VD8SAM7F"
"FXYLIMHP","journalArticle","In mice lacking V2a interneurons, gait depends on speed of locomotion","10.1523/jneurosci.1206-09.2009","2009-05-27","The Journal of Neuroscience","N9R9QB36"
"VIUVNZ9D","journalArticle","Localization and organization of the central pattern generator for hindlimb locomotion in newborn rat","10.1523/jneurosci.15-07-04943.1995","1995-07-01","The Journal of Neuroscience","N9R9QB36"
"MKF3AHPD","journalArticle","On the organization of the locomotor CPG: insights from split-belt locomotion and mathematical modeling","10.1101/2020.07.17.205351","2020-07-18","bioRxiv","N9R9QB36"
"J5QDKL5K","journalArticle","Prosthetic, orthotic or exoskeleton device",,"2013-06-12",,"N9R9QB36"
"M25BEU95","conferencePaper","Dopamine-Modulated Spiking Central Pattern Generators for Gait Selection in Quadruped Robots","10.1109/ICAR65334.2025.11338745","2025-12",,"5Q8IMQK4"
"42V8578E","journalArticle","Estimation of musculoskeletal models from in situ measurements of muscle action in the rat hindlimb","10.1242/jeb.049163","March 1, 2011","Journal of Experimental Biology","AJENK7I2"
"R7CM72K8","journalArticle","On the Organization of the Locomotor CPG: Insights From Split-Belt Locomotion and Mathematical Modeling","10.3389/fnins.2020.598888","2020","Frontiers in Neuroscience","LB2PA2M3;XK5E9LE4"
"AKKYQSJN","journalArticle","Diversity of molecularly defined spinal interneurons engaged in mammalian locomotor pattern generation.","10.1152/jn.00322.2017","2017-12-01","Journal of Neurophysiology","N9R9QB36"
"KXUFWA7P","journalArticle","Sub-populations of Spinal V3 Interneurons Form Focal Modules of Layered Pre-motor Microcircuits.","10.1016/j.celrep.2018.08.095","2018-10-02","Cell Reports","N9R9QB36"
"XZQRRCCQ","journalArticle","Design of silicon brains in the nano-CMOS era: Spiking neurons, learning synapses and neural architecture optimization","10.1016/j.neunet.2013.05.011","September 1, 2013","Neural Networks","5T5PXLZC"
"G4NX9VWK","journalArticle","Vibration receptive sensilla on the wing margins of the silkworm moth Bombyx mori","10.1016/j.jinsphys.2009.10.007","March 1, 2010","Journal of Insect Physiology","MMK48V5F;U65AP8TW;VD7TQ8M3"
"C82FHV3W","journalArticle","SEROTONIN MODULATES THE CENTRAL PATTERN GENERATOR FOR LOCOMOTION IN THE ISOLATED LAMPREY SPINAL CORD",,"1985","Journal of Experimental Biology","7MUA9TNJ;E2FKFDAQ;JHS52VG2;JNXN9AAK;TYJX29H8"
"L8VSXGEL","journalArticle","Central pattern generator for swimming in <i>Melibe</i>","10.1242/jeb.01500","2005-04-01","Journal of Experimental Biology","3JICMNZE;5UVPAB2Z;7MUA9TNJ;JHS52VG2;JNXN9AAK;RPTFU546;SSZX4B6Z;TYJX29H8"
"FIN3YLAZ","journalArticle","Contribution of hind limb flexor muscle afferents to the timing of phase transitions in the cat step cycle","10.1152/jn.1996.75.3.1126","1996-03-01","Journal of Neurophysiology","N9R9QB36"
"8IJTBWKB","journalArticle","Stimulation of the Spinal Cord for the Control of Walking","10.1142/9789813207158_0025","2017-05-01",,"N9R9QB36"
"UNHHX2BX","bookSection","Biomechanics of Cartilage",,,,"AR82MPS8;Q5A46GCA"
"59HJFWI3","journalArticle","Multisensory control of spinal reflex pathways.","10.1016/s0079-6123(08)60803-1","1979-01-01","Progress in Brain Research","N9R9QB36"
"9HFMIKJ2","journalArticle","Decentralized control of insect walking: A simple neural network explains a wide range of behavioral and neurophysiological results","10.1371/journal.pcbi.1007804","Apr 27, 2020","PLOS Computational Biology","N9R9QB36"
"TZTYKBD4","journalArticle","The attitude control of fixed-wing MAVS in turbulent environments","10.1016/j.paerosci.2013.12.003","April 1, 2014","Progress in Aerospace Sciences","MMK48V5F;U65AP8TW;VD7TQ8M3"
"VJM3EB85","journalArticle","Depression of muscle and cutaneous afferent-evoked monosynaptic field potentials during fictive locomotion in the cat.","10.1111/j.1469-7793.1999.00691.x","1999-12-01","The Journal of Physiology","N9R9QB36"
"NCVE7LR7","journalArticle","Control of locomotor cycle durations.","10.1152/jn.00991.2004","2005-03-30","Journal of Neurophysiology","N9R9QB36"
"66W9UATC","journalArticle","An overview of reservoir computing: theory, applications and implementations",,,,"YGJ8NW46"
"9ZL3S7N3","conferencePaper","Motion Control of a Robot Fish Based on CPG","10.1109/ICIT.2005.1600829","2005",,"7MUA9TNJ;JHS52VG2;T82M4DVB;TYJX29H8"
"MY5G7QAY","journalArticle","Brainstem Circuits for Locomotion","10.1146/annurev-neuro-082321-025137","2022","Annual Review of Neuroscience","N9R9QB36;XXAXGRUX"
"BCWXW2JU","journalArticle","Peripheral and Central Control of Flexor Digitorum Longus and Flexor Hallucis Longus Motoneurons: The Synaptic Basis of Functional Diversity","10.1007/bf00235825","1984-01-01","Experimental Brain Research","N9R9QB36"
"E8TWECEU","journalArticle","Contribution of Force Feedback to Ankle Extensor Activity in Decerebrate Walking Cats","10.1152/jn.00325.2004","2004-10-01","Journal of Neurophysiology","N9R9QB36"
"KZ5EB3IP","journalArticle","Coding Efficiency of Fly Motion Processing Is Set by Firing Rate, Not Firing Precision","10.1371/journal.pcbi.1000860","Jul 22, 2010","PLOS Computational Biology","5T5PXLZC"
"XREDUR5F","journalArticle","Ankle Extensor EMG Patterns Quantification of Muscle Load, Length Change, and Mechanics of Slope Walking in the Cat:",,"2015-01-01",,"N9R9QB36"
"FABKCHXW","thesis","A model of muscle-tendon function in human walking",,"2012",,"Q5A46GCA"
"GYSCGJMZ","conferencePaper","Technologies for distributed flight control systems: A review","10.1109/MIPRO.2015.7160432","May 2015",,"U65AP8TW"
"RHHM377J","journalArticle","Synchronization dynamics of two coupled neural oscillators receiving shared and unshared noisy stimuli","10.1007/s10827-008-0120-8","6/2009","Journal of Computational Neuroscience","QUIZCN5R"
"4KTH6LZ2","journalArticle","Afferent control of locomotor CPG: insights from a simple neuromechanical model: Afferent control of locomotor CPG","10.1111/j.1749-6632.2010.05435.x","06/2010","Annals of the New York Academy of Sciences","TYJX29H8"
"V7LIECKI","journalArticle","An electronic implementation for MorrisΓÇôLecar neuron model","10.1007/s11071-016-2647-y","6/2016","Nonlinear Dynamics","YGJ8NW46"
"HNBVIKBL","journalArticle","Neural-Network-Based Flush Air Data Sensing System Demonstrated on a Mini Air Vehicle","10.2514/1.44157","2010","Journal of Aircraft","BBE4U5K8;U65AP8TW"
"E5IQN899","journalArticle","Chapter 10--a hierarchical perspective on rhythm generation for locomotor control.","10.1016/b978-0-444-53825-3.00015-2","2011-01-01","Progress in Brain Research","N9R9QB36"
"FUMHKUSX","journalArticle","Computer vision algorithms on reconfigurable logic arrays","10.1109/71.744833","January 1999","IEEE Transactions on Parallel and Distributed Systems","5T5PXLZC"
"4H2HWPQU","journalArticle","How Do We Approach the Locomotor Network in the Mammalian Spinal Cord?a","10.1111/j.1749-6632.1998.tb09039.x","1998-11-01","Annals of the New York Academy of Sciences","N9R9QB36"
"KCN2ER23","conferencePaper","Technologies for distributed flight control systems: A review","10.1109/MIPRO.2015.7160432","May 2015",,"MMK48V5F;U65AP8TW"
"EFRY6KCZ","journalArticle","Shared reflex pathways from Ib tendon organ afferents and Ia muscle spindle afferents in the cat.","10.1113/jphysiol.1983.sp014663","1983-05-01","The Journal of Physiology","N9R9QB36"
"2M7T3EHE","journalArticle","Design of a Quadruped Robot Driven by Air Muscles","10.1109/BIOROB.2006.1639201","2006","The First IEEE/RAS-EMBS International Conference on Biomedical Robotics and Biomechatronics","5TDG33CE;6TF2M9GP"
"UH47D5F3","journalArticle","Multistate network model for the pathfinding problem with a self-recovery property","10.1016/j.neunet.2014.08.008","02/2015","Neural Networks","TYJX29H8"
"AJS9GUJJ","journalArticle","Differential origin of reticulospinal drive to motoneurons innervating trunk and hindlimb muscles in the mouse revealed by optical recording","10.1113/jphysiol.2008.158105","2008-11-01","The Journal of Physiology","N9R9QB36"
"9QWQ3RTI","journalArticle","Bioinspired morphing wings for extended flight envelope and roll control of small drones","10.1098/rsfs.2016.0092","2017/02/06","Interface Focus","MMK48V5F;U65AP8TW;VD7TQ8M3"
"VHYJ2V4L","journalArticle","A Dynamic Neural Network Designed Using Analytical Methods Produces Dynamic Control Properties Similar to an Analogous Classical Controller","10.1109/lcsys.2018.2871126","2019-04-01",,"N9R9QB36"
"J9L25DZ5","journalArticle","Muscle power production during intermittent swimming in bluegill sunfish","10.1002/jez.2751","12/2023","Journal of Experimental Zoology Part A: Ecological and Integrative Physiology","VD8SAM7F"
"X6WWDU6W","journalArticle","Neural control of rhythmic limb motion is shaped by size and speed","10.21203/rs.3.rs-153297/v1","2021",,"N9R9QB36"
"WELKHBP3","journalArticle","Tunable stiffness in fish robotics: mechanisms and advantages","10.1088/1748-3190/ac3ca5","2022-01-01","Bioinspiration & Biomimetics","VD8SAM7F"
"MYVXXKDR","journalArticle","Intrinsic function of a neuronal network ΓÇö a vertebrate central pattern generator","10.1016/S0165-0173(98)00002-2","05/1998","Brain Research Reviews","TYJX29H8"
"7JT2DYJW","conferencePaper","Adding Proprioceptive Feedback to Virtual Reality Experiences Using Galvanic Vestibular Stimulation","10.1145/3290605.3300905","2019-05-02",,"7N4C29P2"
"VD77YJ6P","journalArticle","The role of Renshaw cells in locomotion: antagonism of their excitation from motor axon collaterals with intravenous mecamylamine","10.1007/bf00236206","1987-03-01","Experimental Brain Research","N9R9QB36"
"UJZQ4LAY","journalArticle","Low-threshold, short-latency cutaneous reflexes during fictive locomotion in the ""semi-chronic"" spinal cat.","10.1007/bf00231657","1992-01-01","Experimental Brain Research","N9R9QB36"
"U665C35B","journalArticle","The role of the motor cortex in the control of accuracy of locomotor movements in the cat.","10.1113/jphysiol.1993.sp019498","1993-02-01","The Journal of Physiology","N9R9QB36"
"XRNWLLJZ","journalArticle","Frequency-dependent recruitment of V2a interneurons during fictive locomotion in the mouse spinal cord","10.1038/ncomms1276","2011-04-12","Nature Communications","N9R9QB36"
"Z65RBUPS","attachment","Encoding of Muscle Contractile Tension by golgi tendon organs",,,,"XXAXGRUX"
"U73IYP4I","journalArticle","Nitride-Based Materials for Flexible MEMS Tactile and Flow Sensors in Robotics","10.3390/s17051080","2017-05-10","Sensors","8KUXKGCX"
"UUIKHQTR","journalArticle","An improved muscle-reflex actuator for use in large-scale neuromusculoskeletal models","10.1007/BF02584437","1995-07-01","Annals of Biomedical Engineering","7N4C29P2;N9R9QB36"
"XHLCB82N","journalArticle","Hip proprioceptors preferentially modulate reflexes of the leg in human spinal cord injury","10.1152/jn.00261.2012","2013-07-15","Journal of Neurophysiology","N9R9QB36"
"TBFUE7P5","journalArticle","The pyloric central pattern generator in Crustacea: a set of conditional neuronal oscillators","10.1007/BF00604049","1988","Journal of Comparative Physiology A","3JICMNZE;7MUA9TNJ;JHS52VG2;JNXN9AAK;RPTFU546;TYJX29H8;YWBJ6R8Z;YXNK8WUU"
"FBB6T7UT","journalArticle","The Circuitry of the Human Spinal Cord: Spinal and Corticospinal Mechanisms of Movement",,"2012-04-01",,"N9R9QB36"
"6CLDF478","journalArticle","Candidate Interneurons Mediating the Resetting of the Locomotor Rhythm by Extensor Group I Afferents in the Cat.","10.1016/j.neuroscience.2020.09.017","2020","Neuroscience","N9R9QB36"
"NF3C56HN","journalArticle","A Limited Set of Muscle Synergies for Force Control During a Postural Task","10.1152/jn.00681.2004","2005/01/01","Journal of Neurophysiology","BHJDGXEG;SRBJQXRQ;WGWM9X3A"
"S4CWI4NW","journalArticle","Reliability and stochastic synchronization in type I vs. type II neural oscillators","10.1016/j.neucom.2006.10.075","6/2007","Neurocomputing","QUIZCN5R"
"ZFVU2MVX","journalArticle","Adaptive control for backward quadrupedal walking. III. Stumbling corrective reactions and cutaneous reflex sensitivity.","10.1152/jn.1993.70.3.1102","1993-09-01","Journal of Neurophysiology","N9R9QB36"
"SX6WSKDU","journalArticle","A neuromechanical simulation of insect walking and transition to turning of the cockroach Blaberus discoidalis","10.1007/s00422-013-0573-3","2013/11/01","Biological Cybernetics","9KWWRHPC;MA3TJQ29;N9R9QB36;NW7YXWPA;V22WMIYJ;Z2IJ6ASX"
"Q73BNFFI","journalArticle","The central pattern generator for forelimb locomotion in the cat.","10.1016/s0079-6123(03)43011-2","2004-01-01","Progress in Brain Research","N9R9QB36"
"ULZ8YRL6","journalArticle","Synaptic actions on motoneurones caused by impulses in Golgi tendon organ afferents.","10.1113/jphysiol.1957.sp005849","1957-09-23","The Journal of Physiology","N9R9QB36"
"GRNHKK67","conferencePaper","A low-cost GPS/inertial attitude heading reference system (AHRS) for general aviation applications","10.1109/PLANS.1998.670207","April 1998",,"8KUXKGCX;U65AP8TW"
"MBPFM5Q5","journalArticle","Proprioceptive Control of Extensor Activity during Fictive Scratching and Weight Support Compared to Fictive Locomotion","10.1523/jneurosci.19-24-10966.1999","1999-12-15","The Journal of Neuroscience","N9R9QB36"
"MH8N8QPJ","journalArticle","Hummingbird flight stability and control in freestream turbulent winds","10.1242/jeb.114553","2015/05/01","Journal of Experimental Biology","BBE4U5K8;U65AP8TW"
"KN4HQ3T8","journalArticle","Hip proprioceptive feedback influences the control of mediolateral stability during human walking","10.1152/jn.00551.2015","10/2015","Journal of Neurophysiology","7N4C29P2"
"VHXZMYI6","journalArticle","A Spiking Neuron Model for Binocular Rivalry",,,,"YGJ8NW46"
"J3WDY2YY","journalArticle","Control of oscillation periods and phase durations in half-center central pattern generators: a comparative mechanistic analysis","10.1007/s10827-008-0124-4","8/2009","Journal of Computational Neuroscience","ADI9MVVM;N9R9QB36"
"MAQ7EBJW","journalArticle","The effects of stimulation of static and dynamic fusimotor fibres on the response to stretching of the primary endings of muscle spindles","10.1113/jphysiol.1964.sp007476","1964","The Journal of Physiology","7N4C29P2;N9R9QB36"
"KE45YG6J","journalArticle","Powered artificial knee with agonist-antagonist actuation",,"2010-02-01",,"N9R9QB36"
"49X6YPS3","journalArticle","Sensory Systems in the Control of Movement","10.1002/cphy.c100086","2012-10-01","Comprehensive Physiology","N9R9QB36"
"6P77Y6TH","journalArticle","Efficient Embedded Neural-Network-Based License Plate Recognition System","10.1109/TVT.2008.915524","Sept 2008","IEEE Transactions on Vehicular Technology","5T5PXLZC"
"2P59MF84","journalArticle","Multiple Rhythmic States in a Model of the Respiratory Central Pattern Generator","10.1152/jn.90958.2008","04/2009","Journal of Neurophysiology","3JICMNZE;7MUA9TNJ;IY7BSXUR;JHS52VG2;TYJX29H8"
"LJ7CESMF","journalArticle","Muscle proprioceptors in adult rat: mechanosensory signaling and synapse distribution in spinal cord","10.1152/jn.00497.2017","2017-11-01","Journal of Neurophysiology","XXAXGRUX"
"E8RBQTFJ","journalArticle","Estimation of Quasi-Stiffness of the Human Knee in the Stance Phase of Walking","10.1371/journal.pone.0059993","Mar 22, 2013","PLOS ONE","Q5A46GCA"
"TN2DVMAX","journalArticle","Role of sensory feedback in the control of stance duration in walking cats.","10.1016/j.brainresrev.2007.06.014","January 2008","Brain research reviews","DSDYXL2L;N6HLE6P7;P7B3YT3N;RPTFU546;XXAXGRUX"
"99WF7Q46","journalArticle","Simple robot suggests physical interlimb communication is essential for quadruped walking","10.1098/rsif.2012.0669","2013-01-06","Journal of The Royal Society Interface","N9R9QB36"
"P4F5XGN5","journalArticle","Left-right coordination from simple to extreme conditions during split-belt locomotion in the chronic spinal adult cat","10.1113/JP272740","2016-07-01","The Journal of Physiology","N9R9QB36;XK5E9LE4"
"I5W23X4K","journalArticle","Models of ensemble firing of muscle spindle afferents recorded during normal locomotion in cats","10.1111/j.1469-7793.1998.277bu.x","1998-02-15","The Journal of Physiology","N9R9QB36"
"Q2RK9QUC","journalArticle","The Spinal Control of Backward Locomotion.","10.1523/jneurosci.0816-20.2020","2020","The Journal of Neuroscience","N9R9QB36"
"7QQUBZVX","journalArticle","Propriospinal Neurons: Essential Elements of Locomotor Control in the Intact and Possibly the Injured Spinal Cord.","10.3389/fncel.2019.00512","2019-11-12","Frontiers in Cellular Neuroscience","N9R9QB36"
"SQW3NEV6","journalArticle","Changes in leg movements and muscle activity with speed of locomotion and mode of progression in humans","10.1111/j.1748-1716.1985.tb07612.x","1985-04-01","Acta Physiologica Scandinavica","N9R9QB36"
"CCV4MBWZ","journalArticle","Regulation of Arm and Leg Movement during Human Locomotion","10.1177/1073858404264680","2004-08-01","The Neuroscientist","N9R9QB36"
"6XMDRM8E","journalArticle","Initiating or Blocking Locomotion in Spinal Cats by Applying Noradrenergic Drugs to Restricted Lumbar Spinal Segments","10.1523/jneurosci.20-22-08577.2000","2000-11-15","The Journal of Neuroscience","N9R9QB36"
"8XPVJXQJ","journalArticle","Effects of muscle dynamics and proprioceptive feedback on the kinematics and CPG activity of salamander stepping","10.1186/1471-2202-12-S1-P158","12/2011","BMC Neuroscience","7N4C29P2"
"XLJWQJT3","journalArticle","LOCOMOTION CHARACTERIZATION OF DCC AND NCK2 MUTANT MICE",,"2019-01-15",,"N9R9QB36"
"994JZYYF","journalArticle","How Fish Power Swimming","10.1126/science.8332898","1993-07-16","Science","VD8SAM7F"
"HWCLM4YA","journalArticle","Ensemble firing of muscle afferents recorded during normal locomotion in cats","10.1111/j.1469-7793.1998.293bu.x","1998-02-01","The Journal of Physiology","7N4C29P2;N9R9QB36"
"3RS4YNKW","journalArticle","Neuronal specification in the spinal cord: inductive signals and transcriptional codes","10.1038/35049541","2000-10-01","Nature Reviews Genetics","N9R9QB36"
"G5QTVT5I","thesis","Neurologically Based Control for Quadruped Walking",,"2016",,"3BN6JX5Z;7E78U3HX;AJENK7I2;G7U2YC7Y;HH56GVGM;LB2PA2M3;TK8F7HCH"
"NAPM53MP","journalArticle","Embryonic assembly of a central pattern generator without sensory input","10.1038/416174a","3/2002","Nature","TYJX29H8"
"3UD56BP8","journalArticle","Effects of training on the recovery of full-weight-bearing stepping in the adult spinal cat.","10.1016/0014-4886(86)90094-4","1986-05-01","Experimental Neurology","N9R9QB36"
"G6KIG2SZ","journalArticle","Vertebrate Pattern Generation: Overview.",,"2014-01-01",,"N9R9QB36"
"BGU8UZJE","journalArticle","Bio-inspired controller achieving forward speed modulation with a 3D bipedal walker","10.1177/0278364917743320","January 1, 2018","The International Journal of Robotics Research","5ZBAX3UJ;8ZK4JUJB;9KWWRHPC;C9GHUG33;G7U2YC7Y;NW7YXWPA;SUKCWFGV;V22WMIYJ;XK5E9LE4;Z2IJ6ASX;Z8JX6KUL"
"CW288W2C","journalArticle","In Vitro Reconstruction of the Respiratory Central Pattern Generator of the Mollusk <i>Lymnaea</i>","10.1126/science.2218532","1990-10-12","Science","3JICMNZE;7MUA9TNJ;IY7BSXUR;JHS52VG2;JNXN9AAK;RPTFU546;SSZX4B6Z;TYJX29H8"
"8W3XWCB4","journalArticle","Stimulation of the group I extensor afferents prolongs the stance phase in walking cats.","10.1007/bf00241961","1995-01-01","Experimental Brain Research","N9R9QB36"
"TD3UMYKA","journalArticle","A Neuromechanical Rat Model with a Complete Set of Hind Limb Muscles","10.1007/978-3-319-95972-6_57","2018-07-17",,"N9R9QB36"
"S7K5VJC2","webpage","The cerebellar microcircuit as an adaptive filter: experimental and computational evidence | Nature Reviews Neuroscience",,,,"MMK48V5F;U65AP8TW"
"WP5FBPY8","journalArticle","Amplitude modulation of the soleus H-reflex in the human during walking and standing","10.1523/jneurosci.06-05-01308.1986","1986-05-01","The Journal of Neuroscience","N9R9QB36"
"TGZNDLYX","journalArticle","Group I disynaptic excitation of cat hindlimb flexor and bifunctional motoneurones during fictive locomotion.","10.1111/j.1469-7793.2000.t01-1-00549.x","2000-06-01","The Journal of Physiology","N9R9QB36"
"B9H7K6VP","journalArticle","Extending the Functional Subnetwork Approach to a Generalized Linear Integrate-and-Fire Neuron Model","10.3389/fnbot.2020.577804","2020-11-13","Frontiers in Neurorobotics","68IMS87T;7MUA9TNJ;8A6RE9ZG;BBGSDJ8D;CQ4PSU6E;G2YJMU83;GH5SI7R8;HH56GVGM;IUHWJX44;JHS52VG2;N9R9QB36;PUS8CILG;RK95XFHP;RPTFU546;S495ULAK;V22WMIYJ;Z2IJ6ASX"
"L7R8G24M","journalArticle","Vertebrate Pattern Generation: Overview","10.1007/978-1-0716-1006-0_758","2022-01-01",,"N9R9QB36"
"K7NY9EVC","journalArticle","Central Pattern Generators of the Mammalian Spinal Cord","10.1177/1073858410396101","02/2012","The Neuroscientist","7MUA9TNJ;JHS52VG2;JNXN9AAK;TSL7SF8X;TYJX29H8"
"IEWR2ZHS","journalArticle","A Neural Network with Central Pattern Generators Entrained by Sensory Feedback Controls Walking of a Bipedal Model","10.1007/978-3-319-42417-0_14","2016-07-19",,"N9R9QB36"
"HQTI5YDQ","journalArticle","On a response characteristic of a mathematical neuron model","10.1007/BF00290514","3/1972","Kybernetik","YGJ8NW46"
"GJLDANTN","journalArticle","Mechanosensory encoding of forces in walking uphill and downhill: force feedback can stabilize leg movements in stick insects","10.1152/jn.00414.2023","2024-02","Journal of Neurophysiology","XRRT83XE"
"67EIXRQV","journalArticle","What Can Bidirectional Walking Tell Us about Central Pattern Generators?","10.1007/s11055-023-01357-0","2022-10-01",,"N9R9QB36"
"VKC5THEJ","journalArticle","Swing-to-Stance Transition in Walking Cats A Role for Hip Position in Initiating the",,"2005-01-01",,"N9R9QB36"
"HCRQPHCM","journalArticle","On the initiation of the swing phase of locomotion in chronic spinal cats.","10.1016/0006-8993(78)90973-3","1978-05-12","Brain Research","N9R9QB36"
"4CMME7BT","journalArticle","Plasticity of connections underlying locomotor recovery after central and/or peripheral lesions in the adult mammals","10.1098/rstb.2006.1889","2006-09-29","Philosophical Transactions of the Royal Society B","N9R9QB36"
"Z9REWSBB","journalArticle","Activation of groups of excitatory neurons in the mammalian spinal cord or hindbrain evokes locomotion","10.1038/nn.2482","2010-02-01","Nature Neuroscience","N9R9QB36"
"6VPR2DQK","journalArticle","Afferent-mediated modulation of the soleus muscle activity during the stance phase of human walking","10.1007/s00221-006-0451-5","9/2006","Experimental Brain Research","7N4C29P2"
"WQ2NV7UX","journalArticle","Evaluation of intracellular labeling with micron-sized particles of iron oxide (MPIOs) as a general tool for in vitro and in vivo tracking of human stem and progenitor cells.","10.3727/096368911x627598","2012-08-01","Cell Transplantation","N9R9QB36"
"25Z45LIN","journalArticle","Activity of interneurons mediating reciprocal 1a inhibition during locomotion","10.1016/0006-8993(75)90974-9","1975-02-07","Brain Research","N9R9QB36"
"38Q5G82H","journalArticle","The convergence of monosynaptic excitatory afferents on to many different species of alpha motoneurones","10.1113/jphysiol.1957.sp005794","1957-06-18","The Journal of Physiology","N9R9QB36"
"GXYDHJNV","journalArticle","Recent advances in physical reservoir computing: A review","10.1016/j.neunet.2019.03.005","07/2019","Neural Networks","J98IRJME;YGJ8NW46"
"CVKGN5SJ","journalArticle","Motor Systems","10.1007/978-3-030-41878-6_9","2020-01-01",,"N9R9QB36"
"6GYUQC66","journalArticle","Ankle dorsi- and plantar-flexion torques measured by dynamometry in healthy subjects from 5 to 80 years","10.1186/1471-2474-14-104","2013/12","BMC Musculoskeletal Disorders","AJENK7I2"
"NDA8BFXJ","webpage","MAV Attitude Estimation Using Low-Cost MEMS Inertial Sensors and GPS,",,,,"8KUXKGCX;U65AP8TW"
"5RD7M2P6","journalArticle","Symbiotic electroneural and musculoskeletal framework to encode proprioception via neurostimulation: ProprioStim","10.1016/j.isci.2023.106248","2023-03-17","iScience","7N4C29P2;N9R9QB36"
"HQZX9CP7","journalArticle","Positive Force Feedback Control of Muscles","10.1152/jn.1997.77.6.3226","1997-06-01","Journal of Neurophysiology","8ZJVZTWZ;XXAXGRUX"
"TYZBHRBA","conferencePaper","FPGA Acceleration of Recurrent Neural Network Based Language Model","10.1109/FCCM.2015.50","May 2015",,"5T5PXLZC"
"A7969YC4","journalArticle","Networks of spiking neurons: The third generation of neural network models","10.1016/S0893-6080(97)00011-7","12/1997","Neural Networks","9MSB9F4D;YGJ8NW46"
"ZW7QJCRI","journalArticle","Asymmetric control of cycle period by the spinal locomotor rhythm generator in the adult cat.","10.1113/jphysiol.2009.176669","2009-10-01","The Journal of Physiology","N9R9QB36"
"8TM3EN2Y","journalArticle","Joint forces in extension of the knee: Analysis of a mechanical model","10.3109/17453678608993213","January 1, 1986","Acta Orthopaedica Scandinavica","Q5A46GCA"
"CIGEXD4I","journalArticle","Organization of the Mammalian Locomotor CPG: Review of Computational Model and Circuit Architectures Based on Genetically Identified Spinal Interneurons(1,2,3).","10.1523/eneuro.0069-15.2015","2015-09-01",,"N9R9QB36"
"WQLQ5EAH","journalArticle","Unusual Quadrupedal Locomotion in Rat during Recovery from Lumbar Spinal Blockade of 5-HT7 Receptors.","10.3390/ijms22116007","2021-06-01","International Journal of Molecular Sciences","N9R9QB36"
"JISEZI2K","journalArticle","Locomotion of snake-like robots using adaptive neural oscillators","10.1007/s11370-009-0049-4","1/2010","Intelligent Service Robotics","QUIZCN5R"
"FD4228EF","conferencePaper","Toward an insect-inspired event-based autopilot combining both visual and control events","10.1109/EBCCSP.2017.8022822","May 2017",,"5T5PXLZC"
"YDMN927A","journalArticle","The case for and against muscle synergies","10.1016/j.conb.2009.09.002","December 2009","Current Opinion in Neurobiology","BHJDGXEG;G7U2YC7Y;KKTCWNPD;Z8JX6KUL;N9R9QB36"
"597VE355","journalArticle","Neuromechanical Model of Rat Hind Limb Walking with Two Layer CPGs and Muscle Synergies","10.1007/978-3-319-95972-6_15","2018-07-17",,"N9R9QB36"
"YZ8T6G7R","journalArticle","Mode locking and Arnold tongues in integrate-and-fire neural oscillators","10.1103/PhysRevE.60.2086","1999-8-1","Physical Review E","QUIZCN5R"
"RFG9QSAU","journalArticle","Intracellular analysis of reflex pathways underlying the stumbling corrective reaction during fictive locomotion in the cat.","10.1152/jn.00176.2005","2005-09-01","Journal of Neurophysiology","N9R9QB36"
"6Q73S5A7","journalArticle","Left-right locomotor coordination in human neonates","10.1523/jneurosci.0612-22.2022","2022-07-13","The Journal of Neuroscience","N9R9QB36"
"BHD3TP2Y","journalArticle","Posture control of a cockroach-like robot","10.1109/robot.1998.676348","1998-05-16",,"N9R9QB36"
"PTQN2CXT","conferencePaper","Feather-Inspired Sensor for Stabilizing Unmanned Aerial Vehicles in Turbulent Conditions","10.1007/978-3-319-63537-8_20","2017/07/26",,"U65AP8TW"
"23JAB7MQ","journalArticle","The locomotion of the low spinal cat. II. Interlimb coordination","10.1111/j.1748-1716.1980.tb06534.x","1980-03-01","Acta Physiologica Scandinavica","N9R9QB36"
"TS7UMFA8","journalArticle","Two-Level Model of Mammalian Locomotor CPG","10.1007/978-1-4614-7320-6_49-2","2013-01-01",,"N9R9QB36"
"H7LDITI9","journalArticle","A distributed neural network architecture for hexapod robot locomotion","10.1162/neco.1992.4.3.356","1992-05-01","Neural Computation","N9R9QB36"
"Q4XZPARW","journalArticle","Adaptive Control Responses to Behavioral Perturbation Based Upon the Insect",,"2006-11-01",,"N9R9QB36"
"EA6U8SID","journalArticle","Signals from load sensors underlie interjoint coordination during stepping movements of the stick insect leg.","10.1152/jn.01271.2003","2004-07-01","Journal of Neurophysiology","N9R9QB36"
"EXETXBE6","journalArticle","Sensory Feedback Induced by Front-Leg Stepping Entrains the Activity of Central Pattern Generators in Caudal Segments of the Stick Insect Walking System","10.1523/JNEUROSCI.3155-08.2009","2009-03-04","Journal of Neuroscience","7N4C29P2;8A6RE9ZG;CQ4PSU6E"
"MPWGVRNJ","journalArticle","Force-sensitive afferents recruited during stance encode sensory depression in the contralateral swinging limb during locomotion.","10.1111/nyas.12055","2013-03-01","Annals of the New York Academy of Sciences","N9R9QB36"
"AT926EMG","journalArticle","A Silicon Central Pattern Generator Controls Locomotion in Vivo","10.1109/TBCAS.2008.2001867","9/2008","IEEE Transactions on Biomedical Circuits and Systems","TYJX29H8"
"E5VXBQTY","journalArticle","A Soft-Body Controller with Ubiquitous Sensor Feedback","10.1007/978-3-642-31525-1_4","2012-07-09",,"N9R9QB36"
"PHUMZDCQ","journalArticle","Contribution of morphology and membrane resistance to integration of fast synaptic signals in two thalamic cell types","10.1113/jphysiol.2006.113043","2006-11-15","The Journal of Physiology","N9R9QB36"
"B2ZMQCCW","journalArticle","Recovery of locomotion after chronic spinalization in the adult cat","10.1016/0006-8993(87)91442-9","1987-05-26","Brain Research","N9R9QB36"
"I8RERQWK","journalArticle","Evolution and Development of a Central Pattern Generator for the Swimming of a Lamprey","10.1162/106454699568773","07/1999","Artificial Life","3JICMNZE;5UVPAB2Z;7MUA9TNJ;E2FKFDAQ;JHS52VG2;JNXN9AAK;TYJX29H8"
"UG64DXCA","journalArticle","Analyzing Modeled Torque Profiles to Understand Scale-Dependent Active Muscle Responses in the Hip Joint","10.3390/biomimetics7010017","2022/3","Biomimetics","6TF2M9GP;FPJSQBTB;HH56GVGM;MDMQ892R;FXQ6HTLZ;N9R9QB36"
"IUJ5W8C4","journalArticle","How detailed is the central pattern generation for locomotion","10.1016/0006-8993(75)90401-1","1975-05-02","Brain Research","N9R9QB36"
"P44MB69M","journalArticle","Functional role of muscle reflexes for force generation in the decerebrate walking cat",,"2000","Journal of Physiology","NW7YXWPA;XXAXGRUX"
"WI4RWMFY","journalArticle","Analysis of Chaotic Resonance in Izhikevich Neuron Model","10.1371/journal.pone.0138919","2015-9-30","PLOS ONE","YGJ8NW46"
"95EJV9GJ","journalArticle","Recent advances in evolutionary and bio-inspired adaptive robotics: Exploiting embodied dynamics","10.1007/s10489-021-02275-9","2021-05-10","Applied Intelligence","N9R9QB36"
"CEUPHJQ2","journalArticle","A bio-inspired condylar hinge joint for mobile robots","10.1109/IROS.2011.6048561","September 2011","International Conference on Intelligent Robots and Systems","7BJ8K9CF;AR82MPS8;Q5A46GCA"
"PNNGRK23","journalArticle","Proprioceptive regulation of locomotion.","10.1016/0959-4388(95)80107-3","1995-12-01","Current Opinion in Neurobiology","N9R9QB36"
"394JWXUG","journalArticle","Functional plasticity following spinal cord lesions.","10.1016/s0079-6123(06)57016-5","2006-01-01","Progress in Brain Research","N9R9QB36"
"7ID949EQ","journalArticle","Development and functional organization of spinal locomotor circuits","10.1016/j.conb.2010.09.004","2/2011","Current Opinion in Neurobiology","N9R9QB36"
"IYMF9ATJ","journalArticle","Modelling spinal circuitry involved in locomotor pattern generation: insights from the effects of afferent stimulation","10.1113/jphysiol.2006.118711","2006","The Journal of Physiology","N9R9QB36"
"J2XUYU4G","journalArticle","the Spontaneously Locomoting Premammillary Cat Heterogenic Feedback Between Hindlimb Extensors in",,"2013-01-01",,"N9R9QB36"
"GF95QC93","journalArticle","Discharges of single hindlimb afferents in the freely moving cat.","10.1152/jn.1976.39.5.1090","1976-09-01","Journal of Neurophysiology","N9R9QB36;Y9RHVYHT"
"5FDJC6H3","journalArticle","Models of ensemble firing of muscle spindle afferents recorded during normal locomotion in cats","10.1111/j.1469-7793.1998.277bu.x","1998","The Journal of Physiology","7N4C29P2;BS9BJMUU;N9R9QB36"
"WZQ9ALUW","journalArticle","Predictive and reactive tuning of the locomotor CPG","10.1093/icb/icm065","2007-10-01","Integrative and Comparative Biology","N9R9QB36"
"7H4BZDUT","journalArticle","Mechanical entrainment of fictive locomotion in the decerebrate cat.","10.1152/jn.1994.71.6.2074","1994-06-01","Journal of Neurophysiology","N9R9QB36"
"JSTBWITQ","thesis","Internal Structure of the Fly Elementary Motion Detector",,"9-30-2011",,"5T5PXLZC"
"JVYBTIS4","journalArticle","Mathematical Models of Proprioceptors. I. Control and Transduction in the Muscle Spindle","10.1152/jn.00868.2005","2006-10","Journal of Neurophysiology","7N4C29P2;BS9BJMUU;N9R9QB36"
"N3QJQTY2","journalArticle","Comparative Locomotor Systems","10.1002/9781118133880.hop203007","2012-09-26",,"N9R9QB36"
"EXAFP5SJ","journalArticle","Design process and tools for dynamic neuromechanical models and robot controllers","10.1007/s00422-017-0711-4","2017-02-01","Biological Cybernetics","J9QQKKC3;N9R9QB36;S7EBCZE4"
"2JGSSVN9","journalArticle","Simple model of spiking neurons","10.1109/TNN.2003.820440","2003-11","IEEE Transactions on Neural Networks","KKTCWNPD;RK95XFHP;YGJ8NW46"
"HKXA2TBV","journalArticle","Parallel Complementary Strategies for Implementing Biological Principles into Mobile Robots","10.1177/0278364903022003003","2003-03-01","The International Journal of Robotics Research","N9R9QB36"
"LHB4CXHW","journalArticle","Circuits controlling vertebrate locomotion: moving in a new direction","10.1038/nrn2608","2009-07-01","Nature Reviews Neuroscience","N9R9QB36"
"3YGTGKIN","book","Flight Control Group Lead",,,,"8KUXKGCX;MMK48V5F;U65AP8TW"
"TN5ZR96S","journalArticle","Spinal pattern generation","10.1016/0959-4388(94)90139-2","1994-12-01","Current Opinion in Neurobiology","N9R9QB36"
"DX7DSGWT","webpage","Pattern formation in the Drosophila retina",,,,"5T5PXLZC"
"2UQEDLWN","journalArticle","Identification of passive elastic joint moments in the lower extremities","10.1016/S0021-9290(99)00009-3","May 1, 1999","Journal of Biomechanics","Q5A46GCA;VIKGTZKC"
"2IMENNEQ","thesis","Design of a Quadruped Robot Driven by Air Muscles (Master's thesis)",,"2006",,"5TDG33CE;7BJ8K9CF;7E78U3HX;8ZJVZTWZ;NZCI8A3Q;RPTFU546;TK8F7HCH;V22WMIYJ"
"JTXLJPMD","journalArticle","Robust coding of flow-field parameters by axo-axonal gap junctions between fly visual interneurons",,"2007","Proceedings of the National Academy of Sciences","5T5PXLZC"
"Z8TF4VDH","journalArticle","Neuromechanics: an integrative approach for understanding motor control.","10.1093/icb/icm024","2007-07-01","Integrative and Comparative Biology","N9R9QB36"
"GQNPU75G","journalArticle","The locomotion of the low spinal cat. I. Coordination within a hindlimb.","10.1111/j.1748-1716.1980.tb06533.x","1980-03-01","Acta Physiologica Scandinavica","N9R9QB36"
"5XWMARHZ","journalArticle","Muscle spindle discharge in normal and obstructed movements.","10.1113/jphysiol.1979.sp012645","1979","The Journal of Physiology","N9R9QB36"
"74RR54ME","journalArticle","Miniature curved artificial compound eyes","10.1073/pnas.1219068110","06/04/2013","Proceedings of the National Academy of Sciences","5T5PXLZC"
"AWC7CM43","journalArticle","A method to study and enhance the energy efficiency of soft electrostatic actuators","10.1073/pnas.2527676123","2026-02-10","Proceedings of the National Academy of Sciences","56KFHKNU;VD8SAM7F"
"E8AQY4SZ","journalArticle","Evolution and analysis of model CPGs for walking: II. General principles and individual variability.","10.1023/a:1008920021246","1999-09-01","Journal of Computational Neuroscience","N9R9QB36"
"RK3JWYKL","conferencePaper","Aerodynamic Sensing for a Fixed Wing UAS Operating at High Angles of Attack","10.2514/6.2012-4416","2012",,"8KUXKGCX;U65AP8TW"
"BY42KNQJ","journalArticle","A Bio-Inspired Flying Robot Sheds Light on Insect Piloting Abilities","10.1016/j.cub.2006.12.032","February 20, 2007","Current Biology","5T5PXLZC"
"A4UXW6CJ","journalArticle","Muscle modes during shifts of the center of pressure by standing persons: effect of instability and additional support","10.1007/s00221-003-1812-y","2004-07-01","Experimental Brain Research","BHJDGXEG"
"UNBA8DCW","journalArticle","Identified interneurons contributing to locomotion in mammals","10.1016/b978-0-12-819260-3.00009-3","2023-01-01","Elsevier eBooks","N9R9QB36"
"KMKXUJW7","conferencePaper","A robust controller for manipulator driven by artificial muscle actuator","10.1109/CCA.1996.558917","1996-09",,"AJENK7I2;WMJF5UGJ"
"LPG6TYBG","journalArticle","A Synthetic Nervous System Controls a Simulated Cockroach","10.3390/app8010006","2017-12-22","Applied Sciences","N9R9QB36;S7EBCZE4"
"CDHJ5E23","journalArticle","The Cat Model of Spinal Cord Injury","10.1007/978-1-62703-197-4_8","2013-01-01",,"N9R9QB36"
"6IQVYGQE","journalArticle","Sensorimotor Integration in the Spinal Cord, from Behaviors to Circuits: New Tools to Close the Loop?","10.1007/978-3-319-12913-6_8","2015-01-01",,"N9R9QB36"
"7LYG3UM8","journalArticle","Load Detectors and Their Reflexes During Gait in Cat and Man","10.1007/978-94-010-0870-9_20","2000-01-01",,"N9R9QB36"
"29AT3ZJE","journalArticle","A Synthetic Nervous System Model of the Insect Optomotor Response","10.1007/978-3-030-64313-3_30","2020",,"N9R9QB36"
"ZKXCP2IA","journalArticle","A Neural Basis for Motor Primitives in the Spinal Cord","10.1523/jneurosci.5894-08.2010","2010-01-27","The Journal of Neuroscience","N9R9QB36"
"6Y86K5KL","journalArticle","Pattern generation for stick insect walking movements-multisensory control of a locomotor program","10.1016/s0165-0173(98)00006-x","1998-06-01","Brain Research Reviews","N9R9QB36"
"QLDHTM6D","journalArticle","Confluence of Active and Passive Control Mechanisms Enabling Autonomy and Terrain Adaptability for Robots in Variable Environments","10.1109/wcecs.2008.25","2008-10-22",,"N9R9QB36"
"ZY79NDZP","journalArticle","Neonatal Rat Spinal Cord Bulbospinal Activation of Locomotion in the In Vitro Contribution of Commissural Projections to",,"2015-01-01",,"N9R9QB36"
"KSKFEU3H","journalArticle","Robustness, flexibility, and sensitivity in a multifunctional motor control model","10.1007/s00422-016-0704-8","2017-02-01","Biological Cybernetics","N9R9QB36"
"9KY9MJZK","journalArticle","Sensory Coupled Action Switching Modules Generate Robust, Adaptive Stepping in Legged Robots",,"2006-09-01",,"N9R9QB36"
"2YEI687V","journalArticle","Toward Mission Capable Legged Robots through Biological Inspiration","10.1023/a:1012478704769","2001-11-01","Autonomous Robots","N9R9QB36"
"KFLNMBEP","journalArticle","Firing Frequency of Leaky Intergrate-and-fire Neurons with Synaptic Current Dynamics","10.1006/jtbi.1998.0782","1998-11-07","Journal of Theoretical Biology","YGJ8NW46"
"TCTVYVAR","journalArticle","The functional role of triceps during human locomotion",,"2013-11-22",,"N9R9QB36"
"PDPSSHAU","conferencePaper","Motion Control of a Robot Fish Based on CPG","10.1109/ICIT.2005.1600829","2005",,"7MUA9TNJ;JHS52VG2;T82M4DVB;TYJX29H8"
"ZHSH5K3Z","journalArticle","A Generalized Linear Integrate-and-Fire Neural Model Produces Diverse Spiking Behaviors","10.1162/neco.2008.12-07-680","2009 Mar","Neural computation","7N4C29P2;LB2PA2M3;V22WMIYJ"
"NIB6LXPP","journalArticle","Intralimb and interlimb coordination in the cat during real and fictive rhythmic motor programs","10.1016/s1044-5765(05)80026-0","1993-02-01","Seminars in Neuroscience","N9R9QB36"
"GE566VQ7","journalArticle","Probing the Human Spinal Locomotor Circuits by Phasic Step-Induced Feedback and by Tonic Electrical and Pharmacological Neuromodulation.","10.2174/1381612822666161214144655","2017-03-31","Current Pharmaceutical Design","N9R9QB36"
"7QNSKTDI","journalArticle","Circuits for Grasping: Spinal dI3 Interneurons Mediate Cutaneous Control of Motor Behavior","10.1016/j.neuron.2013.02.007","2013-04-10","Neuron","N9R9QB36"
"PPELXJSW","journalArticle","Organizing network action for locomotion: Insights from studying insect walking","10.1016/j.brainresrev.2007.06.028","2008-01-01","Brain Research Reviews","N9R9QB36"
"IBJGX3D7","journalArticle","Interneuronal relay in spinal pathways from proprioceptors","10.1016/0301-0082(92)90024-9","1992-04-01","Progress in Neurobiology","N9R9QB36"
"XT7KE2RG","journalArticle","Application of a rat hindlimb model: a prediction of force spaces reachable through stimulation of nerve fascicles","10.1109/TBME.2011.2106784.Application","2011","IEEE Trans Biomed Eng.","5TDG33CE"
"Z4BRAW86","journalArticle","Observers for Canonic Models of Neural Oscillators","10.1051/mmnp/20105206","2010","Mathematical Modelling of Natural Phenomena","QUIZCN5R"
"GDZME6MB","journalArticle","Central pattern generators and the control of rhythmic movements","10.1016/s0960-9822(01)00581-4","2001-11-27","Current Biology","N9R9QB36"
"W3L6G8LS","journalArticle","Gating and reversal of reflexes in ankle muscles during human walking","10.1007/bf00231254","1990-01-01","Experimental Brain Research","N9R9QB36"
"V86SJ8GW","journalArticle","The role of V3 neurons in speed-dependent interlimb coordination during locomotion in mice.","10.7554/elife.73424","2022-04-27","eLife","N9R9QB36"
"P65BYMUK","journalArticle","Online Hydraulic Stiffness Modulation of a Soft Robotic Fish Tail for Improved Thrust and Efficiency","10.1089/soro.2024.0030","2025-04-07","Soft Robotics","VD8SAM7F"
"F95DLUEW","journalArticle","On the central generation of locomotion in the low spinal cat","10.1007/BF00235671","1979-01-15","Experimental Brain Research","N9R9QB36"
"NLY3UHDC","journalArticle","in intact adult cats interlimb coordination during quadrupedal locomotion step-by-step basis and its impact on the consistency of Speed-dependent modulation of phase variations on a",,"2014-01-01",,"N9R9QB36"
"TLRKNDBK","journalArticle","Neuromuscular responses to gait perturbations in freely moving cats.","10.1007/bf00237937","1980-01-01","Experimental Brain Research","N9R9QB36"
"8FVF39AS","journalArticle","Primacy of Flexor Locomotor Pattern Revealed by Ancestral Reversion of Motor Neuron Identity","10.1016/j.cell.2015.06.036","2015-07-16","Cell","N9R9QB36"
"5ZVI7Y7Z","journalArticle","Heterogenic Feedback Between Hindlimb Extensors in the Spontaneously Locomoting Premammillary Cat","10.1152/jn.90338.2008","01/2009","Journal of Neurophysiology","XXAXGRUX"
"76ZBD6RT","journalArticle","Synaptic control of hindlimb motoneurones during three forms of the fictive scratch reflex in the turtle.","10.1113/jphysiol.1988.sp017281","1988","The Journal of Physiology","8A6RE9ZG;CQ4PSU6E;N9R9QB36"
"9RXRTJTI","journalArticle","Identified proprioceptive afferents and motor rhythm entrainment in the crayfish walking system","10.1152/jn.1992.67.3.530","1992-03-01","Journal of Neurophysiology","7N4C29P2"
"H4658AGS","journalArticle","Sensory Feedback Mechanism Underlying Entrainment of Central Pattern Generator to Mechanical Resonance","10.1007/s00422-005-0047-3","4/2006","Biological Cybernetics","ADI9MVVM;TYJX29H8"
"ISXA2VUP","journalArticle","Organization of functional synaptic connections between medullary reticulospinal neurons and lumbar descending commissural interneurons in the neonatal mouse.","10.1523/jneurosci.5486-10.2011","2011-03-23","The Journal of Neuroscience","N9R9QB36"
"YDTB782A","conferencePaper","Feather-Inspired Sensor for Stabilizing Unmanned Aerial Vehicles in Turbulent Conditions","10.1007/978-3-319-63537-8_20","2017/07/26",,"8KUXKGCX"
"FTMWS3MD","journalArticle","Motoneurons have different membrane resistance during fictive scratching and weight support.","10.1523/jneurosci.22-18-08259.2002","2002-09-15","The Journal of Neuroscience","N9R9QB36"
"C3EYKDH6","journalArticle","A graphics-based software system to develop and analyze models of musculoskeletal structures","10.1016/0010-4825(95)98882-E","January 1, 1995","Computers in Biology and Medicine","Q5A46GCA"
"KWFW7CZ7","journalArticle","Muscle Spindles and Their Motor Control","10.1152/physrev.1964.44.2.219","1964-04","Physiological Reviews","7N4C29P2"
"95JPRYJ7","journalArticle","Spinal interneuronal networks in the cat: Elementary components","10.1016/j.brainresrev.2007.06.022","January 2008","Brain Research Reviews","C45ZG27Y;DG4K4PN5;N9R9QB36;YVGUHXRC"
"NWAIVCVK","journalArticle","Muscle power production during intermittent swimming in bluegill sunfish","10.1002/jez.2751","2023-12","Journal of Experimental Zoology. Part A, Ecological and Integrative Physiology","VD8SAM7F"
"5DSPA7CK","journalArticle","Simulation of Human Balance Control Using an Inverted Pendulum Model","10.1007/978-3-319-63537-8_15","2017-07-26",,"N9R9QB36"
"54IGXNA5","journalArticle","Human spinal locomotor control is based on flexibly organized burst generators","10.1093/brain/awu372","03/2015","Brain","N9R9QB36;XK5E9LE4"
"G7N6VASE","journalArticle","A dynamical model exploring sensory integration in the insect central complex substructures","10.1088/1748-3190/ab57b6","2020-01-13","Bioinspiration & Biomimetics","N9R9QB36"
"632ULWPS","journalArticle","Sensory control and organization of neural networks mediating coordination of multisegmental organs for locomotion.","10.1152/jn.00615.2004","2005-03-01","Journal of Neurophysiology","N9R9QB36"
"NSB99F7Z","journalArticle","The special nature of human walking and its neural control","10.1016/S0166-2236(02)02173-2","7/2002","Trends in Neurosciences","7N4C29P2"
"3GGP88CJ","journalArticle","Subject-Specific Muscle Synergies in Human Balance Control Are Consistent Across Different Biomechanical Contexts","10.1152/jn.00960.2009","2010/06/01","Journal of Neurophysiology","BHJDGXEG;WGWM9X3A"
"ECYZ7X7Z","journalArticle","The neural control of interlimb coordination during mammalian locomotion.","10.1152/jn.00978.2016","2017-03-15","Journal of Neurophysiology","N9R9QB36"
"G6T7YF98","journalArticle","Constancy and Variability in the Output of a Central Pattern Generator","10.1523/JNEUROSCI.5072-10.2011","2011-03-23","Journal of Neuroscience","TYJX29H8"
"XVPQSHVD","journalArticle","Method for using a model-based controller for a robotic leg",,"2016-11-03",,"N9R9QB36"
"WCAU6F5K","journalArticle","Pontine reticulospinal projections in the neonatal mouse: Internal organization and axon trajectories.","10.1002/cne.23904","2016-04-15","The Journal of Comparative Neurology","N9R9QB36"
"MCTGKL4X","journalArticle","The isometric responses of mammalian muscles",,"1930-06-27","The Journal of Physiology","AJENK7I2"
"MTYMKNFZ","journalArticle","Computing Motion Dependent Afferent Activity During Cat Locomotion Using a Forward Dynamics Musculoskeletal Model","10.1007/978-1-4939-3267-2_10","2016-01-01",,"N9R9QB36"
"5XZU5QZ9","journalArticle","Self-Sustained Irregular Activity in an Ensemble of Neural Oscillators","10.1103/PhysRevX.6.011015","2016-2-19","Physical Review X","QUIZCN5R"
"QCR7W7LN","journalArticle","Sensory Feedback and Central Neuronal Interactions in Mouse Locomotion","10.1101/2023.10.31.564886","2023-11-02",,"N9R9QB36"
"9KTWY69V","journalArticle","Prominent Role of the Spinal Central Pattern Generator in the Recovery of Locomotion after Partial Spinal Cord Injuries","10.1523/JNEUROSCI.5692-07.2008","2008-04-09","Journal of Neuroscience","TYJX29H8"
"8VCB7RAL","journalArticle","Sensory feedback in cockroach locomotion: current knowledge and open questions","10.1007/s00359-014-0968-1","2015-09-01","Journal of Comparative Physiology A","8A6RE9ZG;CQ4PSU6E;XXAXGRUX"
"4TKK3VFS","journalArticle","Using Animal Data and Neural Dynamics to Reverse Engineer a Neuromechanical Rat Model","10.1007/978-3-319-22979-9_21","2015-07-28",,"N9R9QB36;S7EBCZE4"
"QQGBLNV8","journalArticle","Neurodynamic modeling of the fruit fly Drosophila melanogaster.","10.1088/1748-3190/ab9e52","2020-09-14","Bioinspiration & Biomimetics","N9R9QB36"
"5YTZZ2SL","journalArticle","Degradation of mouse locomotor pattern in the absence of proprioceptive sensory feedback","10.1073/pnas.1419045111","2014-11-25","Proceedings of the National Academy of Sciences of the United States of America","N9R9QB36"
"HJXF4BCU","journalArticle","Decoding the mechanisms of gait generation in salamanders by combining neurobiology, modeling and robotics","10.1007/s00422-012-0543-1","10/2013","Biological Cybernetics","XK5E9LE4"
"BYJ53U9M","journalArticle","Gust Loads Alleviation Using Special Control Surfaces","10.2514/1.19876","January 1, 2007","Journal of Aircraft","BBE4U5K8;MMK48V5F;U65AP8TW"
"9WITMHJ6","bookSection","Control of Cat Walking and Paw-Shake by a Multifunctional Central Pattern Generator","10.1007/978-1-4939-3267-2_12","2016",,"BHJDGXEG"
"B3IPQU7J","journalArticle","HUMAN NEURONAL INTERLIMB COORDINATION DURING SPLIT-BELT LOCOMOTION","10.1007/bf00227344","1994-01-01","Experimental Brain Research","N9R9QB36"
"B8ZY8L79","journalArticle","An Intersegmental Neuronal Architecture for Spinal Wave Propagation under Deletions","10.1523/jneurosci.1737-09.2009","2009-08-19","The Journal of Neuroscience","N9R9QB36"
"E9PJQFB8","journalArticle","A Functional Subnetwork Approach to Designing Synthetic Nervous Systems That Control Legged Robot Locomotion","10.3389/fnbot.2017.00037","2017-08-09","Frontiers in Neurorobotics","7MUA9TNJ;BBGSDJ8D;G2YJMU83;JHS52VG2;N9R9QB36;S495ULAK;SEM476TQ"
"MJ2FT5BB","journalArticle","Control of Cat Walking and Paw-Shake by a Multifunctional Central Pattern Generator","10.1007/978-1-4939-3267-2_12","2016-01-01",,"N9R9QB36"
"22NSVTYG","journalArticle","Genetic Ablation of V2a Ipsilateral Interneurons Disrupts Left-Right Locomotor Coordination in Mammalian Spinal Cord","10.1016/j.neuron.2008.08.009","2008-10-09","Neuron","N9R9QB36"
"BX469S6S","conferencePaper","BoxyBot: a swimming and crawling fish robot controlled by a central pattern generator","10.1109/BIOROB.2006.1639162","2006",,"7MUA9TNJ;JHS52VG2;RPTFU546;T82M4DVB;TYJX29H8"
"9WSVCXQH","journalArticle","Control of fore- and hindlimb movements and their coordination during quadrupedal locomotion across speeds in adult spinal cats","10.1089/neu.2022.0042","2022-03-27","Journal of Neurotrauma","N9R9QB36"
"PTX7TDWE","journalArticle","On the nature of the fundamental activity of the nervous centres; together with an analysis of the conditioning of rhythmic activity in progression, and a theory of the evolution of function in the nervous system",,"1914-03-31","The Journal of Physiology","XK5E9LE4"
"KB6PK6WV","journalArticle","A review of the integrate-and-fire neuron model: II. Inhomogeneous synaptic input and network properties","10.1007/s00422-006-0082-8","8/2006","Biological Cybernetics","YGJ8NW46"
"9C5PKQ7H","journalArticle","Neuromusculoskeletal Modeling for the Adaptive Control of Posture During Locomotion","10.1007/978-1-4939-3267-2_8","2016-01-01",,"N9R9QB36"
"GMEFJR84","journalArticle","Stochastic transitions between in-phase and anti-phase synchronization in coupled map-based neural oscillators","10.1016/j.cnsns.2020.105611","04/2021","Communications in Nonlinear Science and Numerical Simulation","QUIZCN5R"
"JUHHBD7N","journalArticle","Development and Training of a Neural Controller for Hind Leg Walking in a Dog Robot","10.3389/fnbot.2017.00018","2017-04-04","Frontiers in Neurorobotics","7E78U3HX;7MUA9TNJ;BBGSDJ8D;JHS52VG2;RPTFU546;T82M4DVB;TK8F7HCH;V22WMIYJ"
"2A8IHX6X","journalArticle","Which Model to Use for Cortical Spiking Neurons?","10.1109/TNN.2004.832719","09/2004","IEEE Transactions on Neural Networks","RPTFU546;YGJ8NW46"
"Z8FBDXTR","journalArticle","Neuromusculoskeletal Modeling: Estimation of Muscle Forces and Joint Moments and Movements From Measurements of Neural Command",,"2004-11","Journal of applied biomechanics","AJENK7I2;V22WMIYJ;Z2IJ6ASX"
"E3G5VVK2","journalArticle","Contribution of stretch reflexes to locomotor control: a modeling study","10.1007/s00422-003-0449-z","2004-02-01","Biological Cybernetics","N9R9QB36"
"99ZE8A3L","journalArticle","A quantitative description of membrane current and its application to conduction and excitation in nerve","10.1113/jphysiol.1952.sp004764","1952-08-28","The Journal of Physiology","9MSB9F4D;RPTFU546;V22WMIYJ;YGJ8NW46"
"ML273A7B","journalArticle","Spinal Cord Circuits: Models and Reality","10.1007/s11062-022-09927-7","2022-09-24","Neurophysiology","N9R9QB36"
"D8HTLIWD","journalArticle","Contribution of sensory feedback to ongoing ankle extensor activity during the stance phase of walking","10.1139/y04-043","2004-07-01","Canadian Journal of Physiology and Pharmacology","N9R9QB36"
"BAJMRSPB","journalArticle","Role of muscle spindle feedback in regulating muscle activity strength during walking at different speed in mice.","10.1152/jn.00250.2018","2018-11-01","Journal of Neurophysiology","N9R9QB36"
"SVA92GGV","journalArticle","Inhibition and Facilitation of the Spinal Locomotor Central Pattern Generator and Reflex Circuits by Somatosensory Feedback From the Lumbar and Perineal Regions After Spinal Cord Injury.","10.3389/fnins.2021.720542","2021-07-28","Frontiers in Neuroscience","N9R9QB36"
"T4J7NWSD","journalArticle","A CPG-based sensory feedback control method for robotic fish locomotion",,,,"TYJX29H8"
"LHCQR7T2","journalArticle","Positive force feedback in human walking: Positive force feedback in human walking","10.1113/jphysiol.2007.130088","2007-05-15","The Journal of Physiology","7N4C29P2"
"3GNH6CE3","journalArticle","Making Connections in the Fly Visual System","10.1016/S0896-6273(02)00876-0","August 29, 2002","Neuron","5T5PXLZC"
"HBAEC9DM","journalArticle","A role for hip position in initiating the swing-to-stance transition in walking cats.","10.1152/jn.00511.2005","November 2005","Journal of neurophysiology","XXAXGRUX"
"5PC5PQBR","journalArticle","Resonance tuning in a neuro-musculo-skeletal model of the forearm","10.1007/s00422-006-0112-6","2007-02-01","Biological Cybernetics","N9R9QB36"
"PUVMGVWH","journalArticle","Speed dependency in ╬▒-motoneuron activity and locomotor modules in human locomotion: Indirect evidence for phylogenetically conserved spinal circuits","10.1098/rspb.2017.0290","2017-03-29","Proceedings of the Royal Society of London B: Biological Sciences","N9R9QB36"
"KLW72RN7","journalArticle","The Central Pattern Generator: a paradigm for artificial locomotion","10.1007/s005000000051","12/2000","Soft Computing","TYJX29H8"
"KN7DFBLG","journalArticle","Actions from group II muscle afferents during fictive locomotion are not mediated through the short latency flexion reflex pathways",,"1995-09-24","The Society for Neuroscience Abstracts","N9R9QB36"
"PENK87C4","journalArticle","Digital Multiplierless Implementation of Biological Adaptive-Exponential Neuron Model","10.1109/TCSI.2013.2286030","04/2014","IEEE Transactions on Circuits and Systems I: Regular Papers","YGJ8NW46"
"TUXHQBJH","journalArticle","Distribution of networks generating and coordinating locomotor activity in the neonatal rat spinal cord in vitro: a lesion study","10.1523/jneurosci.16-18-05777.1996","1996-09-15","The Journal of Neuroscience","N9R9QB36"
"UKZAKBST","journalArticle","Attitude Determination for MAVs Using a Kalman Filter","10.1016/S1007-0214(08)70094-4","October 1, 2008","Tsinghua Science & Technology","8KUXKGCX;U65AP8TW"
"A8WA2EWB","journalArticle","Spinal cord pattern generators for locomotion","10.1016/S1388-2457(03)00120-2","August 2003","Clinical Neurophysiology","XXAXGRUX"
"BHJ7SKZI","journalArticle","Modulation of stretch reflexes during locomotion in the mesencephalic cat","10.1113/jphysiol.1982.sp014319","1982-08-01","The Journal of Physiology","N9R9QB36"
"FIS6CH64","journalArticle","Diversity of reticulospinal systems in mammals","10.1016/j.cophys.2019.03.001","2019-04-01","Current Opinion in Physiology","N9R9QB36"
"B3XX8T8Z","attachment","Horcholle-Bossavit - Encoding of muscle contractile tension by golgi tendon organs.pdf",,,,"XXAXGRUX"
"UUA6X4RX","journalArticle","Deconstructing the modular organization and real-time dynamics of mammalian spinal locomotor networks","10.1038/s41467-023-36587-w","2023-02-16",,"N9R9QB36"
"QF94MHRJ","journalArticle","The Brain in Its Body: Motor Control and Sensing in a Biomechanical Context","10.1523/jneurosci.3338-09.2009","2009-10-14","The Journal of Neuroscience","N9R9QB36"
"26AP5W6T","journalArticle","Autonomous gait transition and galloping over unperceived obstacles of a quadruped robot with CPG modulated by vestibular feedback","10.1016/j.robot.2018.10.002","01/2019","Robotics and Autonomous Systems","7MUA9TNJ;JHS52VG2;T82M4DVB;TYJX29H8"
"UPJVW9LD","journalArticle","A computational model of insect campaniform sensilla predicts encoding of forces during walking.","10.1088/1748-3190/ac1ced","2021-08-12","Bioinspiration & Biomimetics","N9R9QB36"
"4ZM44RF2","journalArticle","From neuron to behavior: dynamic equation-based prediction of biological processes in motor control","10.1007/s00422-011-0446-6","2011-07-01","Biological Cybernetics","N9R9QB36"
"68G7FI44","journalArticle","Taking the next step: cortical contributions to the control of locomotion","10.1016/j.conb.2015.01.011","2015-08-01","Current Opinion in Neurobiology","N9R9QB36"
"FNWW6VRC","journalArticle","Oscillatory network with self-organized dynamical connections for synchronization-based image segmentation","10.1016/j.biosystems.2004.05.005","8/2004","Biosystems","QIP5VX22"
"T56ZBELP","journalArticle","Neuromodulation of the Spinal Cord for Movement Restoration","10.1016/b978-0-12-805353-9.00098-x","2018-01-01",,"N9R9QB36"
"UGXGI43U","journalArticle","Epidural spinal cord stimulation as an intervention for motor recovery after motor complete spinal cord injury.","10.1152/jn.00020.2021","2021-10-20","Journal of Neurophysiology","N9R9QB36"
"NG4WC86N","journalArticle","Central pattern generating networks in insect locomotion","10.1002/dneu.22738","01/2020","Developmental Neurobiology","3JICMNZE;7MUA9TNJ;JHS52VG2;JNXN9AAK;PCKP9AS7;PDND6A7U;RPTFU546;TYJX29H8"
"RG5CUUZC","journalArticle","A bio-inspired condylar hinge joint for mobile robots","10.1109/IROS.2011.6048561","September 2011","International Conference on Intelligent Robots and Systems","7BJ8K9CF;AR82MPS8;Q5A46GCA;SUKCWFGV"
"IJLCRF6C","journalArticle","The Persistent Sodium Current Generates Pacemaker Activities in the Central Pattern Generator for Locomotion and Regulates the Locomotor Rhythm","10.1523/JNEUROSCI.1437-08.2008","2008-08-20","Journal of Neuroscience","TYJX29H8"
