"library","zotero_parent","att_key","doi","surname","year","title","file_exists","local_path"
"users/0","DADXAATX","QTFDM9IC","10.1007/978-94-007-7194-9_49-1","Goswami","2017","CPG-Based Control of Humanoid Robot Locomotion","False","C:\Users\Ben Bolen\Zotero\storage\QTFDM9IC\Dzeladini et al. - 2017 - CPG-Based Control of Humanoid Robot Locomotion.pdf"
"users/0","TABLDVVC","6LM33WX6","10.7554/elife.107480","Shevtsova","2026","Linking spinal circuit reorganization to recovery after thoracic spinal cord injury","False","C:\Users\Ben Bolen\Zotero\storage\6LM33WX6\Shevtsova et al. - 2026 - Linking spinal circuit reorganization to recovery after thoracic spinal cord injury.pdf"
"users/0","C5LYIBNK","3BRM8ZL9","10.1101/2025.11.11.687930","Shinohara","2025","Mechanisms of adaptive interlimb coordination to sudden ground loss: a neuromusculoskeletal modeling study","False","C:\Users\Ben Bolen\Zotero\storage\3BRM8ZL9\Shinohara et al. - 2025 - Mechanisms of adaptive interlimb coordination to sudden ground loss a neuromusculoskeletal modeling.pdf"
"users/0","7M7SRMUQ","5JNA8S9B","10.1242/jeb.198.2.435","Büschges","1995","Rhythmic Patterns in the Thoracic Nerve Cord of the Stick Insect Induced by Pilocarpine","True","C:\Users\Ben Bolen\Zotero\storage\5JNA8S9B\buschges1995_pilocarpine.pdf"
"users/0","A924UV2P","HMU7XHUC","10.1016/j.jneumeth.2010.01.005","Cofer","2010","AnimatLab: A 3D graphics environment for neuromechanical simulations","True","C:\Users\Ben Bolen\Zotero\storage\HMU7XHUC\cofer2010_animatlab.pdf"
"users/0","7CKZ7875","25VAKA5Q","10.1007/978-3-319-95972-6_15","Vouloutsi","2018","Neuromechanical Model of Rat Hind Limb Walking with Two Layer CPGs and Muscle Synergies","True","C:\Users\Ben Bolen\Zotero\storage\25VAKA5Q\Deng et al. - 2018 - Neuromechanical Model of Rat Hind Limb Walking wit.pdf"
"users/0","Z7I748W2","MJCK7B49","10.1016/j.jneumeth.2010.01.005","Cofer","2010","AnimatLab: a 3D graphics environment for neuromechanical simulations","False","C:\Users\Ben Bolen\Zotero\storage\MJCK7B49\Cofer et al. - 2010 - AnimatLab a 3D graphics environment for neuromechanical simulations.pdf"
"users/0","Z7I748W2","CG4WENUS","10.1016/j.jneumeth.2010.01.005","Cofer","2010","AnimatLab: a 3D graphics environment for neuromechanical simulations","False","C:\Users\Ben Bolen\Zotero\storage\CG4WENUS\Cofer et al. - 2010 - AnimatLab a 3D graphics environment for neuromechanical simulations.pdf"
"users/0","Z7I748W2","DAN8PN7C","10.1016/j.jneumeth.2010.01.005","Cofer","2010","AnimatLab: a 3D graphics environment for neuromechanical simulations","False","C:\Users\Ben Bolen\Zotero\storage\DAN8PN7C\Cofer et al. - 2010 - AnimatLab a 3D graphics environment for neuromechanical simulations.pdf"
"users/0","Z7I748W2","8L3VMFA8","10.1016/j.jneumeth.2010.01.005","Cofer","2010","AnimatLab: a 3D graphics environment for neuromechanical simulations","False","C:\Users\Ben Bolen\Zotero\storage\8L3VMFA8\Cofer et al. - 2010 - AnimatLab a 3D graphics environment for neuromechanical simulations.pdf"
"users/0","Z7I748W2","AN6TLGJV","10.1016/j.jneumeth.2010.01.005","Cofer","2010","AnimatLab: a 3D graphics environment for neuromechanical simulations","False","C:\Users\Ben Bolen\Zotero\storage\AN6TLGJV\Cofer et al. - 2010 - AnimatLab a 3D graphics environment for neuromechanical simulations.pdf"
"users/0","Z7I748W2","CIKZSVKJ","10.1016/j.jneumeth.2010.01.005","Cofer","2010","AnimatLab: a 3D graphics environment for neuromechanical simulations","False","C:\Users\Ben Bolen\Zotero\storage\CIKZSVKJ\Cofer et al. - 2010 - AnimatLab a 3D graphics environment for neuromechanical simulations.pdf"
"users/0","Z7I748W2","KAUDXTDD","10.1016/j.jneumeth.2010.01.005","Cofer","2010","AnimatLab: a 3D graphics environment for neuromechanical simulations","False","C:\Users\Ben Bolen\Zotero\storage\KAUDXTDD\Cofer et al. - 2010 - AnimatLab A 3D graphics environment for neuromech.pdf"
"users/0","Z7I748W2","RLJQQVUG","10.1016/j.jneumeth.2010.01.005","Cofer","2010","AnimatLab: a 3D graphics environment for neuromechanical simulations","False","C:\Users\Ben Bolen\Zotero\storage\RLJQQVUG\Cofer et al. - 2010 - AnimatLab A 3D graphics environment for neuromech.pdf"
"users/0","Z7I748W2","JMKZ3CNR","10.1016/j.jneumeth.2010.01.005","Cofer","2010","AnimatLab: a 3D graphics environment for neuromechanical simulations","False","C:\Users\Ben Bolen\Zotero\storage\JMKZ3CNR\Cofer et al. - 2010 - AnimatLab a 3D graphics environment for neuromech.pdf"
"users/0","5FZ99ESR","GBCRKKHB","10.1007/978-3-319-22979-9_21","Hunt","2015","Using Animal Data and Neural Dynamics to Reverse Engineer a Neuromechanical Rat Model","False","C:\Users\Ben Bolen\Zotero\storage\GBCRKKHB\Hunt et al. - 2015 - Using Animal Data and Neural Dynamics to Reverse E.pdf"
"users/0","3M8QVHK2","7A4RB4C7","","Du","","Quaternion-Based Analytical Inverse Dynamics for the Human Body","False","C:\Users\Ben Bolen\Zotero\storage\7A4RB4C7\Du - Quaternion-Based Analytical Inverse Dynamics for t.pdf"
"users/0","HWELL4UQ","2DU4BIAZ","10.1063/1.1710314","Hickman","1937","The Dynamics of A Bow and Arrow","False","C:\Users\Ben Bolen\Zotero\storage\2DU4BIAZ\Hickman - 1937 - The Dynamics of A Bow and Arrow.pdf"
"users/0","UQMPMTDM","CDAA9CLJ","10.1016/j.neunet.2008.03.014","Ijspeert","2008","Central pattern generators for locomotion control in animals and robots: A review","False","C:\Users\Ben Bolen\Zotero\storage\CDAA9CLJ\Ijspeert - 2008 - Central pattern generators for locomotion control in animals and robots a review.pdf"
"users/0","TM7Y5PYV","FGSAKF2I","10.1113/jp270228","Song","2015","A neural circuitry that emphasizes spinal feedback generates diverse behaviours of human locomotion: A spinal feedback circuitry generating human locomotion behaviors","False","C:\Users\Ben Bolen\Zotero\storage\FGSAKF2I\Song and Geyer - 2015 - A neural circuitry that emphasizes spinal feedback.pdf"
"users/0","JGWDSTFE","J2EMEGYP","10.1007/bf00449593","Matsuoka","1985","Sustained oscillations generated by mutually inhibiting neurons with adaptation","False","C:\Users\Ben Bolen\Zotero\storage\J2EMEGYP\Matsuoka - 1985 - Sustained oscillations generated by mutually inhib.pdf"
"users/0","D8X2VFUN","MLFKI772","10.3113/fai.2011.0300","McCullough","2011","Moment Arms of the Ankle Throughout the Range of Motion in Three Planes","False","C:\Users\Ben Bolen\Zotero\storage\MLFKI772\McCullough et al. - 2011 - Moment Arms of the Ankle Throughout the Range of M.pdf"
"users/0","AMYH7VWL","GDQDFVE5","10.1016/j.jbiomech.2011.06.019","Modenese","2011","An open source lower limb model: Hip joint validation","False","C:\Users\Ben Bolen\Zotero\storage\GDQDFVE5\Modenese et al. - 2011 - An open source lower limb model Hip joint validat.pdf"
"users/0","YW6RBF42","R6MX3G2X","10.1109/embc.2013.6610650","Song","2013","Integration of an adaptive swing control into a neuromuscular human walking model","False","C:\Users\Ben Bolen\Zotero\storage\R6MX3G2X\Seungmoon Song et al. - 2013 - Integration of an adaptive swing control into a ne.pdf"
"users/0","IGRGYIKD","DDP9HNSV","10.1016/j.conb.2009.09.002","Tresch","2009","The case for and against muscle synergies","False","C:\Users\Ben Bolen\Zotero\storage\DDP9HNSV\Matthew C. Tresch et al. - 2009 - The case for and against muscle synergies..pdf"
"users/0","IGRGYIKD","J4E4JQ6Q","10.1016/j.conb.2009.09.002","Tresch","2009","The case for and against muscle synergies","False","C:\Users\Ben Bolen\Zotero\storage\J4E4JQ6Q\Tresch and Jarc - 2009 - The case for and against muscle synergies.pdf"
"users/0","IGRGYIKD","IP4RBQS5","10.1016/j.conb.2009.09.002","Tresch","2009","The case for and against muscle synergies","False","C:\Users\Ben Bolen\Zotero\storage\IP4RBQS5\Tresch, Jarc - 2009 - The case for and against muscle synergies.pdf"
"users/0","IGRGYIKD","DTBK5QBX","10.1016/j.conb.2009.09.002","Tresch","2009","The case for and against muscle synergies","False","C:\Users\Ben Bolen\Zotero\storage\DTBK5QBX\Tresch and Jarc - 2009 - The case for and against muscle synergies.pdf"
"users/0","JNUHXBLI","5PL42RPZ","","Hunt","2016","Neurologically Based Control for Quadruped Walking","False","C:\Users\Ben Bolen\Zotero\storage\5PL42RPZ\Hunt - 2016 - Neurologically Based Control for Quadruped Walking.pdf"
"users/0","KJ9JQQYT","V83Q8SQH","10.1109/icra.2012.6225149","Klein","2012","A neurorobotic model of bipedal locomotion based on principles of human neuromuscular architecture","False","C:\Users\Ben Bolen\Zotero\storage\V83Q8SQH\Klein and Lewis - 2012 - A neurorobotic model of bipedal locomotion based o.pdf"
"users/0","4SJYKPPA","PG92AUBL","10.1109/icra.2012.6225307","Song","2012","Regulating speed and generating large speed transitions in a neuromuscular human walking model","False","C:\Users\Ben Bolen\Zotero\storage\PG92AUBL\Song and Geyer - 2012 - Regulating speed and generating large speed transi.pdf"
"users/0","GDL24Q3Q","BWZLA9SG","10.1113/jp272437","Shevtsova","2016","Organization of flexor-extensor interactions in the mammalian spinal cord: insights from computational modelling: Flexor-extensor interactions in the spinal cord","False","C:\Users\Ben Bolen\Zotero\storage\BWZLA9SG\Shevtsova and Rybak - 2016 - Organization of flexor-extensor interactions in th.pdf"
"users/0","S46SYNVM","ZMTYDTM3","10.1007/978-3-319-22979-9_21","Wilson","2015","Using Animal Data and Neural Dynamics to Reverse Engineer a Neuromechanical Rat Model","False","C:\Users\Ben Bolen\Zotero\storage\ZMTYDTM3\Hunt et al. - 2015 - Using Animal Data and Neural Dynamics to Reverse E.pdf"
"users/0","GY9MSKNF","3JEIHREV","10.1016/j.neuron.2014.02.013","Zhang","2014","V1 and V2b Interneurons Secure the Alternating Flexor-Extensor Motor Activity Mice Require for Limbed Locomotion","False","C:\Users\Ben Bolen\Zotero\storage\3JEIHREV\Zhang et al. - 2014 - V1 and V2b Interneurons Secure the Alternating Fle.pdf"
"users/0","YYIJCQRS","2LF8WH36","10.1155/2019/9232430","Winiarski","2019","Three-Dimensional Human Gait Pattern: Reference Data for Young, Active Women Walking with Low, Preferred, and High Speeds","False","C:\Users\Ben Bolen\Zotero\storage\2LF8WH36\Winiarski et al. - 2019 - Three-Dimensional Human Gait Pattern Reference Da.pdf"
"users/0","BDD2MAWC","FGLTFVDK","10.1002/jor.1100080310","Kadaba","1990","Measurement of lower extremity kinematics during level walking","False","C:\Users\Ben Bolen\Zotero\storage\FGLTFVDK\Kadaba et al. - 1990 - Measurement of lower extremity kinematics during l.pdf"
"users/0","DN5E7SJX","M5M85P5C","10.1007/978-1-4939-3267-2_2","Markin","2016","A Neuromechanical Model of Spinal Control of Locomotion","False","C:\Users\Ben Bolen\Zotero\storage\M5M85P5C\Markin et al. - 2016 - A Neuromechanical Model of Spinal Control of Locom.pdf"
"users/0","DN5E7SJX","MA6BHY7G","10.1007/978-1-4939-3267-2_2","Markin","2016","A Neuromechanical Model of Spinal Control of Locomotion","False","C:\Users\Ben Bolen\Zotero\storage\MA6BHY7G\Markin et al. - 2016 - A Neuromechanical Model of Spinal Control of Locom.pdf"
"users/0","DN5E7SJX","7IPB9US2","10.1007/978-1-4939-3267-2_2","Markin","2016","A Neuromechanical Model of Spinal Control of Locomotion","False","C:\Users\Ben Bolen\Zotero\storage\7IPB9US2\Markin et al. - 2016 - A Neuromechanical Model of Spinal Control of Locom.pdf"
"users/0","ASUN3QX9","NGNFPF7A","10.1007/978-1-4939-3267-2_5","Shevtsova","2016","Modeling the Organization of Spinal Cord Neural Circuits Controlling Two-Joint Muscles","False","C:\Users\Ben Bolen\Zotero\storage\NGNFPF7A\Shevtsova et al. - 2016 - Modeling the Organization of Spinal Cord Neural Ci.pdf"
"users/0","6WBS8NA5","5UME3J7X","10.1007/978-94-007-6046-2_7","Yamane","2018","A Comparative Study Between Humans and Humanoid Robots","False","C:\Users\Ben Bolen\Zotero\storage\5UME3J7X\Yamane and Murai - 2018 - A Comparative Study Between Humans and Humanoid Robots.pdf"
"users/0","INRZWCMH","CXCKIBRM","10.1038/s41598-017-13766-6","Sartori","2017","In Vivo Neuromechanics: Decoding Causal Motor Neuron Behavior with Resulting Musculoskeletal Function","False","C:\Users\Ben Bolen\Zotero\storage\CXCKIBRM\Sartori et al. - 2017 - In Vivo Neuromechanics Decoding Causal Motor Neuron Behavior with Resulting Musculoskeletal Functio.pdf"
"users/0","IZ7WQGPE","HPTKP4QK","10.1109/tbme.2025.3620626","Chen","2026","Automated Muscle Path Calibration With Gradient-Specified Optimization Based on Moment Arm","False","C:\Users\Ben Bolen\Zotero\storage\HPTKP4QK\Chen et al. - 2026 - Automated Muscle Path Calibration With Gradient-Specified Optimization Based on Moment Arm.pdf"
"users/0","B7XP4V3N","QIC6VMCN","10.3389/fbioe.2022.920462","Prasad","2022","A Framework for Determining the Performance and Requirements of Cable-Driven Mobile Lower Limb Rehabilitation Exoskeletons","False","C:\Users\Ben Bolen\Zotero\storage\QIC6VMCN\Prasad et al. - 2022 - A Framework for Determining the Performance and Requirements of Cable-Driven Mobile Lower Limb Rehab.pdf"
"users/0","S79YCQTR","F5HZ7BFZ","10.1016/j.jbiomech.2007.11.020","Koehle","2008","A method of calculating physiologically relevant joint reaction forces during forward dynamic simulations of movement from an existing knee model","False","C:\Users\Ben Bolen\Zotero\storage\F5HZ7BFZ\Koehle and Hull - 2008 - A method of calculating physiologically relevant joint reaction forces during forward dynamic simula.pdf"
"users/0","V7P9XICM","L5LG6UZR","","Zajac","","Biomechanics and muscle coordination of human walking Part I: Introduction to concepts, power transfer, dynamics and simulations","False","C:\Users\Ben Bolen\Zotero\storage\L5LG6UZR\Zajac et al. - Biomechanics and muscle coordination of human walking Part I Introduction to concepts, power transf.pdf"
"users/0","QVXASC2S","7R6UHA5B","10.1016/0268-0033(95)00021-6","Gill","1996","Biarticulating two-dimensional computer model of the human patellofemoral joint","False","C:\Users\Ben Bolen\Zotero\storage\7R6UHA5B\Gill and O'Connor - 1996 - Biarticulating two-dimensional computer model of the human patellofemoral joint.pdf"
"users/0","WWC5R4QW","IKPQMRG6","10.1243/0954411001535778","Imran","2000","The variation in the orientations and moment arms of the knee extensor and flexor muscle tendons with increasing muscle force: A mathematical analysis","False","C:\Users\Ben Bolen\Zotero\storage\IKPQMRG6\Imran et al. - 2000 - The variation in the orientations and moment arms of the knee extensor and flexor muscle tendons wit.pdf"
"users/0","KEF5J4D8","XIIYB5T8","10.3390/act15050230","Bolen","2026","Isometric Force Characterization of Braided Pneumatic Actuators","False","C:\Users\Ben Bolen\Zotero\storage\XIIYB5T8\Bolen et al. - 2026 - Isometric Force Characterization of Braided Pneumatic Actuators.pdf"
"users/0","KEF5J4D8","IRGCIX2F","10.3390/act15050230","Bolen","2026","Isometric Force Characterization of Braided Pneumatic Actuators","False","C:\Users\Ben Bolen\Zotero\storage\IRGCIX2F\Bolen et al. - 2026 - Isometric Force Characterization of Braided Pneumatic Actuators.pdf"
"users/0","LUUS3PR4","VVUVTATF","10.1016/s0021-9290(01)00222-6","Wu","2002","ISB recommendation on definitions of joint coordinate system of various joints for the reporting of human joint motion—part I: ankle, hip, and spine","False","C:\Users\Ben Bolen\Zotero\storage\VVUVTATF\Wu et al. - 2002 - ISB recommendation on definitions of joint coordin.pdf"
"users/0","YTSVLUJC","5JBCJPJ2","10.1016/j.jbiomech.2004.05.042","Wu","2005","ISB recommendation on definitions of joint coordinate systems of various joints for the reporting of human joint motion—Part II: shoulder, elbow, wrist and hand","False","C:\Users\Ben Bolen\Zotero\storage\5JBCJPJ2\Wu et al. - 2005 - ISB recommendation on definitions of joint coordin.pdf"
"users/0","EBCYNQ8L","94JUL49Z","10.1016/j.jbiomech.2019.109533","Derrick","2020","ISB recommendations on the reporting of intersegmental forces and moments during human motion analysis","False","C:\Users\Ben Bolen\Zotero\storage\94JUL49Z\Derrick et al. - 2020 - ISB recommendations on the reporting of intersegme.pdf"
"users/0","B3L88UM6","DCTB98BB","10.1109/tbme.2007.901024","Delp","2007","OpenSim: Open-Source Software to Create and Analyze Dynamic Simulations of Movement","False","C:\Users\Ben Bolen\Zotero\storage\DCTB98BB\Delp et al. - 2007 - OpenSim Open-Source Software to Create and Analyz.pdf"
"users/0","G83XMKDB","5BBKU5ND","0021-9290(95)00017-8","Wu","1995","FOR STANDARDIZATION IN THE REPORTING OF KINEMATIC DATA","False","C:\Users\Ben Bolen\Zotero\storage\5BBKU5ND\Wu and Cavanagh - FOR STANDARDIZATION IN THE REPORTING OF KINEMATIC .pdf"
"users/0","5RXI4MTV","6EIK7PLZ","10.1007/978-3-030-64313-3_25","Morrow","2020","Optimization of Artiﬁcial Muscle Placements for a Humanoid Bipedal Robot","False","C:\Users\Ben Bolen\Zotero\storage\6EIK7PLZ\LM202_poster.pptx"
"users/0","5RXI4MTV","BPE63S27","10.1007/978-3-030-64313-3_25","Morrow","2020","Optimization of Artiﬁcial Muscle Placements for a Humanoid Bipedal Robot","False","C:\Users\Ben Bolen\Zotero\storage\BPE63S27\Morrow et al. - 2020 - Optimization of Artiﬁcial Muscle Placements for a .pdf"
"users/0","HTR6VJ2N","Y3VRP59U","10.1007/978-3-319-96728-8_8","Steele","2018","Biomimetic Knee Design to Improve Joint Torque and Life for Bipedal Robotics","False","C:\Users\Ben Bolen\Zotero\storage\Y3VRP59U\Steele et al. - 2018 - Biomimetic Knee Design to Improve Joint Torque and.pdf"
"users/0","36CYWD8A","SJYMJ6MY","10.3390/biomimetics4010010","Young","2019","Analyzing Moment Arm Profiles in a Full-Muscle Rat Hindlimb Model","False","C:\Users\Ben Bolen\Zotero\storage\SJYMJ6MY\Young et al. - 2019 - Analyzing Moment Arm Profiles in a Full-Muscle Rat.pdf"
"users/0","36CYWD8A","PD8D3CZJ","10.3390/biomimetics4010010","Young","2019","Analyzing Moment Arm Profiles in a Full-Muscle Rat Hindlimb Model","False","C:\Users\Ben Bolen\Zotero\storage\PD8D3CZJ\Young et al. - 2019 - Analyzing Moment Arm Profiles in a Full-Muscle Rat.pdf"
"users/0","QYAQZR7A","ZGK24JVP","","Steele","2018","Biomimetic Design and Construction of a Bipedal Walking Robot","False","C:\Users\Ben Bolen\Zotero\storage\ZGK24JVP\Steele - Biomimetic Design and Construction of a Bipedal Wa.pdf"
"users/0","TCARFM3I","SJ3VLKGE","10.1088/1748-3190/ac28ea","Goldsmith","2021","Investigating the role of low level reinforcement reflex loops in insect locomotion","False","C:\Users\Ben Bolen\Zotero\storage\SJ3VLKGE\Goldsmith et al. - 2021 - Investigating the role of low level reinforcement .pdf"
"users/0","BFY5B79Z","AP8BKACQ","10.1016/j.medengphy.2019.07.010","Aksöz","2019","Design of an isokinetic knee dynamometer for evaluation of functional electrical stimulation strategies","False","C:\Users\Ben Bolen\Zotero\storage\AP8BKACQ\Aksöz et al. - 2019 - Design of an isokinetic knee dynamometer for evalu.pdf"
"users/0","M5DH4UWN","NZANI6PS","10.1016/j.jbiomech.2011.10.014","Suderman","2012","Moving muscle points provide accurate curved muscle paths in a model of the cervical spine","False","C:\Users\Ben Bolen\Zotero\storage\NZANI6PS\Suderman and Vasavada - 2012 - Moving muscle points provide accurate curved muscl.pdf"
"users/0","REGSEJ9H","YWIVEDSQ","","Romero","2020","FOUR-BAR MECHANISM'S ROTATION CENTER DETERMINATION USING NATURAL COORDINATES","False","C:\Users\Ben Bolen\Zotero\storage\YWIVEDSQ\Romero et al. - 2020 - FOUR-BAR MECHANISM'S ROTATION CENTER DETERMINATION.pdf"
"users/0","PU3EZ34J","3ZECQB39","10.1115/detc2013-13633","Sherman","2013","What is a Moment Arm? Calculating Muscle Effectiveness in Biomechanical Models Using Generalized Coordinates","False","C:\Users\Ben Bolen\Zotero\storage\3ZECQB39\Sherman et al. - 2013 - What is a Moment Arm Calculating Muscle Effective.pdf"
"users/0","PCAQV2VH","GAK4A5US","10.1109/10.102791","Delp","1990","An interactive graphics-based model of the lower extremity to study orthopaedic surgical procedures","False","C:\Users\Ben Bolen\Zotero\storage\GAK4A5US\Delp et al. - 1990 - An interactive graphics-based model of the lower e.pdf"
"users/0","B6YKTXU9","9AB7WWKP","","Seth","2011","OpenSim: a musculoskeletal modeling and simulation framework for in silico investigations and exchange.","False","C:\Users\Ben Bolen\Zotero\storage\9AB7WWKP\Seth et al. - 2011 - OpenSim a musculoskeletal modeling and simulation.pdf"
"users/0","FKNMJZWQ","5U7SJSXZ","10.1016/0021-9290(89)90179-6","Yamaguchi","1989","A planar model of the knee joint to characterize the knee extensor mechanism","False","C:\Users\Ben Bolen\Zotero\storage\5U7SJSXZ\Yamaguchi and Zajac - 1989 - A planar model of the knee joint to characterize t.pdf"
"users/0","KBA7K3H2","W24AIPGJ","10.1007/978-3-319-63537-8_35","Steele","2017","Development of a Bio-inspired Knee Joint Mechanism for a Bipedal Robot","False","C:\Users\Ben Bolen\Zotero\storage\W24AIPGJ\Steele et al. - 2017 - Development of a Bio-inspired Knee Joint Mechanism.pdf"
"users/0","VTHJQFLI","MKC5XHN4","","Scharzenberger","2019","Design of a Canine Inspired Quadruped Robot as a Platform for Synthetic Neural Network Control","False","C:\Users\Ben Bolen\Zotero\storage\MKC5XHN4\Scharzenberger - 2019 - Design of a Canine Inspired Quadruped Robot as a P.pdf"
"users/0","3DU2C6F7","PMPR5TC7","10.1007/978-1-4613-9030-5_5","Winters","1990","Hill-Based Muscle Models: A Systems Engineering Perspective","False","C:\Users\Ben Bolen\Zotero\storage\PMPR5TC7\Winters - Hill-Based Muscle Models A Systems Engineering Perspective.pdf"
"users/0","98KWS5QC","6TTT5JM9","","Zajac","1989","Muscle and tendon: properties, models, scaling, and application to biomechanics and motor control","False","C:\Users\Ben Bolen\Zotero\storage\6TTT5JM9\Zajac - 1989 - Muscle and tendon properties, models, scaling, and application to biomechanics and motor control.pdf"
"users/0","J8WNA3JX","TZPKVWNE","10.1080/01691864.2022.2046502","Shin","2022","Sensorless angle and stiffness control of antagonistic PAM actuator using reference set","False","C:\Users\Ben Bolen\Zotero\storage\TZPKVWNE\Shin and Kogiso - 2022 - Sensorless angle and stiffness control of antagonistic PAM actuator using reference set.pdf"
"users/0","G7GUTFE5","NIEI9TRH","10.3390/act7040082","Martens","2018","A Novel Framework for a Systematic Integration of Pneumatic-Muscle-Actuator-Driven Joints into Robotic Systems Via a Torque Control Interface","False","C:\Users\Ben Bolen\Zotero\storage\NIEI9TRH\Martens et al. - 2018 - A Novel Framework for a Systematic Integration of Pneumatic-Muscle-Actuator-Driven Joints into Robot.pdf"
"users/0","4VLJQ434","YE7PGSKP","","KG","2018","Fluidic Muscle DMSP/MAS","False","C:\Users\Ben Bolen\Zotero\storage\YE7PGSKP\DMSP_MAS_2018-01f_8081496g1.pdf"
"users/0","XT244X5D","8DBBNC39","","KG","2013","Fluidic Muscle DMSP/MAS","False","C:\Users\Ben Bolen\Zotero\storage\8DBBNC39\Festo AG & Co. KG - 2013 - Fluidic Muscle DMSPMAS.pdf"
"users/0","45DIVVBD","DIDRN3HU","","KG","2016","Fluidic Muscle DMSP/MAS","False","C:\Users\Ben Bolen\Zotero\storage\DIDRN3HU\DMSP-MAS_EN.pdf"
"users/0","YPLFPDYI","KPR2S9H2","","Sárosi","2012","Mathematical analysis of the function approximation for the force generated by pneumatic artificial muscle","False","C:\Users\Ben Bolen\Zotero\storage\KPR2S9H2\Sárosi and Fabulya - 2012 - Mathematical analysis of the function approximation for the force generated by pneumatic artificial.pdf"
"users/0","GJIBKFZL","AHTWS9Z4","10.1111/sms.14639","Van Hooren","2024","The role of pennation angle and architectural gearing to rate of force development in dynamic and isometric muscle contractions","False","C:\Users\Ben Bolen\Zotero\storage\AHTWS9Z4\Van Hooren et al. - 2024 - The role of pennation angle and architectural gearing to rate of force development in dynamic and is.pdf"
"users/0","HYSHM97D","3REJWZ2Y","10.3389/fphys.2021.683931","Monte","2021","Muscle Belly Gearing Positively Affects the Force–Velocity and Power–Velocity Relationships During Explosive Dynamic Contractions","False","C:\Users\Ben Bolen\Zotero\storage\3REJWZ2Y\Monte et al. - 2021 - Muscle Belly Gearing Positively Affects the Force–Velocity and Power–Velocity Relationships During E.pdf"
"users/0","3GJSK525","YQEJW6I2","10.1109/70.481753","Chou","1996","Measurement and modeling of McKibben pneumatic artificial muscles","False","C:\Users\Ben Bolen\Zotero\storage\YQEJW6I2\Chou and Hannaford - 1996 - Measurement and modeling of McKibben pneumatic artificial muscles.pdf"
"users/0","H6DZVTI4","W7PEANML","10.1109/biorob.2006.1639201","Aschenbeck","2006","Design of a Quadruped Robot Driven by Air Muscles","False","C:\Users\Ben Bolen\Zotero\storage\W7PEANML\Aschenbeck et al. - 2006 - Design of a Quadruped Robot Driven by Air Muscles.pdf"
"users/0","BNQSNGCP","UWG2KT2E","10.3389/fnbot.2017.00018","Hunt","2017","Development and Training of a Neural Controller for Hind Leg Walking in a Dog Robot","False","C:\Users\Ben Bolen\Zotero\storage\UWG2KT2E\Hunt et al. - 2017 - Development and Training of a Neural Controller fo.pdf"
"users/0","UEIGD62E","ABVMF8R4","10.1109/robosoft54090.2022.9762146","Tondu","2022","Static Modeling of Pneumatic Artificial Muscle Actuator","False","C:\Users\Ben Bolen\Zotero\storage\ABVMF8R4\Tondu - 2022 - Static Modeling of Pneumatic Artificial Muscle Act.pdf"
"users/0","S7CCST89","T3UIWN2M","10.1080/01691864.2018.1455606","Suzumori","2018","Trends in hydraulic actuators and components in legged and tough robots: a review","False","C:\Users\Ben Bolen\Zotero\storage\T3UIWN2M\Suzumori and Faudzi - 2018 - Trends in hydraulic actuators and components in le.pdf"
"users/0","7H7H3BXY","IR7S95US","10.1016/j.medengphy.2016.01.010","Veale","2016","Towards compliant and wearable robotic orthoses: A review of current and emerging actuator technologies","False","C:\Users\Ben Bolen\Zotero\storage\IR7S95US\Veale and Xie - 2016 - Towards compliant and wearable robotic orthoses A.pdf"
"users/0","PMJNAT3T","WWGMLBSM","10.1139/tcsme-2017-514","Sárosi","2017","COMPARATIVE SURVEY OF VARIOUS STATIC AND DYNAMIC MODELS OF PNEUMATIC ARTIFICIAL MUSCLES","False","C:\Users\Ben Bolen\Zotero\storage\WWGMLBSM\Sárosi et al. - 2017 - COMPARATIVE SURVEY OF VARIOUS STATIC AND DYNAMIC M.pdf"
"users/0","QJAMBMZY","5KSBNXWZ","10.1109/tro.2021.3106832","Schilling","2022","From Adaptive Locomotion to Predictive Action Selection – Cognitive Control for a Six-Legged Walker","False","C:\Users\Ben Bolen\Zotero\storage\5KSBNXWZ\Schilling et al. - 2022 - From Adaptive Locomotion to Predictive Action Sele.pdf"
"users/0","SEFTKC6B","FDA8VLQK","","KG","2026","Fluidic Muscle DMSP","False","C:\Users\Ben Bolen\Zotero\storage\FDA8VLQK\Festo Corporation - 2022 - Festo Fluidic Muscle DMSP.pdf"
"users/0","JPBTHDIU","E3E5D7ZN","10.1146/annurev-control-091919-095731","Ijspeert","2020","Amphibious and Sprawling Locomotion: From Biology to Robotics and Back","False","C:\Users\Ben Bolen\Zotero\storage\E3E5D7ZN\Ijspeert - 2020 - Amphibious and Sprawling Locomotion From Biology .pdf"
"users/0","8BQ4UZZC","7XEWJGSY","10.1186/s10033-020-00485-9","He","2020","Mechanism, Actuation, Perception, and Control of Highly Dynamic Multilegged Robots: A Review","False","C:\Users\Ben Bolen\Zotero\storage\7XEWJGSY\He and Gao - 2020 - Mechanism, Actuation, Perception, and Control of H.pdf"
"users/0","A4MSGI5R","7NJYYM3T","10.1371/journal.pcbi.1006223","Seth","2018","OpenSim: Simulating musculoskeletal dynamics and neuromuscular control to study human and animal movement","False","C:\Users\Ben Bolen\Zotero\storage\7NJYYM3T\Seth et al. - 2018 - OpenSim Simulating musculoskeletal dynamics and n.pdf"
"users/0","GK6GS87G","QM6FEMAH","10.1016/j.jbiomech.2012.06.037","John","2012","Contributions of muscles to mediolateral ground reaction force over a range of walking speeds","False","C:\Users\Ben Bolen\Zotero\storage\QM6FEMAH\John et al. - 2012 - Contributions of muscles to mediolateral ground re.pdf"
"users/0","TGQ5MJVA","DJ6Q3DM9","10.1115/1.3138363","Brand","1982","A Model of Lower Extremity Muscular Anatomy","False","C:\Users\Ben Bolen\Zotero\storage\DJ6Q3DM9\Brand et al. - 1982 - A Model of Lower Extremity Muscular Anatomy.pdf"
"users/0","QZL3GNCX","ASHJ5GH6","10.1007/s10439-009-9852-5","Arnold","2010","A Model of the Lower Limb for Analysis of Human Movement","False","C:\Users\Ben Bolen\Zotero\storage\ASHJ5GH6\Arnold et al. - 2010 - A Model of the Lower Limb for Analysis of Human Mo.pdf"
"users/0","R3UGIMEJ","G9VCJ45V","","Zajac","1989","Determining Muscle's Force and Action in Multi-Articular Movement","False","C:\Users\Ben Bolen\Zotero\storage\G9VCJ45V\Determining_Muscles_Force_and_Action_in_Multiarticular_Movement.pdf"
"users/0","LI8ZRIFC","WHEA54KL","10.1115/1.3138568","Andrews","1985","A General Method for Determining the Functional Role of a Muscle","False","C:\Users\Ben Bolen\Zotero\storage\WHEA54KL\Andrews - 1985 - A General Method for Determining the Functional Ro.pdf"
"users/0","M4A73TYB","YXGZ2KJL","10.1088/1748-3190/ab03fc","Asano","2019","Musculoskeletal design, control, and application of human mimetic humanoid Kenshiro","False","C:\Users\Ben Bolen\Zotero\storage\YXGZ2KJL\Asano et al. - 2019 - Musculoskeletal design, control, and application o.pdf"
"users/0","VFL3F6U6","VG8QYDDW","10.1016/j.neucom.2018.12.069","Chen","2019","Realizing human-like manipulation with a musculoskeletal system and biologically inspired control scheme","False","C:\Users\Ben Bolen\Zotero\storage\VG8QYDDW\Chen et al. - 2019 - Realizing human-like manipulation with a musculosk.pdf"
"users/0","F7XEWJKA","SCDS8UBS","10.1177/1687814020933409","Liang","2020","Comparative study of robotic artificial actuators and biological muscle","False","C:\Users\Ben Bolen\Zotero\storage\SCDS8UBS\Liang et al. - 2020 - Comparative study of robotic artificial actuators .pdf"
"users/0","DE8XN8LN","96ZHLTD7","10.1080/01691864.2018.1434015","Shin","2018","Constructive understanding and reproduction of functions of gluteus medius by using a musculoskeletal walking robot","False","C:\Users\Ben Bolen\Zotero\storage\96ZHLTD7\Shin et al. - 2018 - Constructive understanding and reproduction of fun.pdf"
"users/0","VUT42CGL","J6B2E8WZ","10.1126/scirobotics.aaq0899","Asano","2017","Design principles of a human mimetic humanoid: Humanoid platform to study human intelligence and internal body system","False","C:\Users\Ben Bolen\Zotero\storage\J6B2E8WZ\Asano et al. - 2017 - Design principles of a human mimetic humanoid Hum.pdf"
"users/0","W7RF63DQ","VLXI9RV6","10.1098/rsif.2018.0024","Liu","2018","Robotic investigation on effect of stretch reflex and crossed inhibitory response on bipedal hopping","False","C:\Users\Ben Bolen\Zotero\storage\VLXI9RV6\Liu et al. - 2018 - Robotic investigation on effect of stretch reflex and crossed inhibitory response on bipedal hopping.pdf"
"users/0","DF7L4G3B","Z89FQQ99","10.1080/01691864.2018.1494040","Hitzmann","2018","Anthropomorphic musculoskeletal 10 degrees-of-freedom robot arm driven by pneumatic artificial muscles","False","C:\Users\Ben Bolen\Zotero\storage\Z89FQQ99\Hitzmann et al. - 2018 - Anthropomorphic musculoskeletal 10 degrees-of-free.pdf"
"users/0","3DN6QCKC","DYH78BVW","10.1186/s40648-016-0061-3","Kurumaya","2016","Musculoskeletal lower-limb robot driven by multifilament muscles","False","C:\Users\Ben Bolen\Zotero\storage\DYH78BVW\Kurumaya et al. - 2016 - Musculoskeletal lower-limb robot driven by multifi.pdf"
"users/0","2EJQUERI","J66XSAHY","","Leibach","2020","Development of a Tunable Compliance Energy Return Actuator","False","C:\Users\Ben Bolen\Zotero\storage\J66XSAHY\Leibach - 2020 - Development of a Tunable Compliance Energy Return .pdf"
"users/0","NHH67PMB","ALD6VLNG","","Hoy","1990","A musculoskeletal model of the human lower extremity: the effect of muscle, tendon, and moment arm on the moment-angle relationship of musculotendon actuators at the hip, knee, and ankle","False","C:\Users\Ben Bolen\Zotero\storage\ALD6VLNG\Hoy et al. - 1990 - A musculoskeletal model of the human lower extremi.pdf"
"users/0","RWV97DWY","5966Q5LJ","10.1007/978-3-030-24741-6_2","Bolen","2019","Determination of Artificial Muscle Placement for Biomimetic Humanoid Robot Legs","False","C:\Users\Ben Bolen\Zotero\storage\5966Q5LJ\Ben Bolen_LM2019_poster.pdf"
"users/0","RWV97DWY","RYNJF9BL","10.1007/978-3-030-24741-6_2","Bolen","2019","Determination of Artificial Muscle Placement for Biomimetic Humanoid Robot Legs","False","C:\Users\Ben Bolen\Zotero\storage\RYNJF9BL\Bolen and Hunt - 2019 - Determination of Artificial Muscle Placement for B.pdf"
"users/0","B9MRPU35","CXLTKNDC","10.1115/detc2017-67458","Hunt","2017","Modeling length effects of braided pneumatic actuators","False","C:\Users\Ben Bolen\Zotero\storage\CXLTKNDC\Hunt - Modeling length effects of braided pneumatic actuators.pdf"
"users/0","5MAYM6NG","YGAE9HG6","10.1115/1.4023390","Millard","2013","Flexing Computational Muscle: Modeling and Simulation of Musculotendon Dynamics","False","C:\Users\Ben Bolen\Zotero\storage\YGAE9HG6\Millard et al. - 2013 - Flexing Computational Muscle Modeling and Simulat.pdf"
"users/0","GQLIZR66","V7TZV2UB","10.3390/act6040033","Martens","2017","Modeling the Static Force of a Festo Pneumatic Muscle Actuator: A New Approach and a Comparison to Existing Models","False","C:\Users\Ben Bolen\Zotero\storage\V7TZV2UB\Martens and Boblan - 2017 - Modeling the Static Force of a Festo Pneumatic Mus.pdf"
"users/0","38CNQSA6","Q5Y4RSEU","","Sárosi","2013","Investigation of Accuracy of the Newest Function Approximation for the Force Generated by Pneumatic Artificial Muscle","False","C:\Users\Ben Bolen\Zotero\storage\Q5Y4RSEU\Sárosi - 2012 - New model for the force of fluidic muscles.pdf"
"users/0","F4HHXIRU","W355QZ2T","","Sárosi","2012","New approximation algorithm for the force of fluidic muscles","False","C:\Users\Ben Bolen\Zotero\storage\W355QZ2T\Sarosi - 2012 - New approximation algorithm for the force of Fluidic Muscles.pdf"
"users/0","I78MJXN4","J4TCC6IC","10.1115/1.1531112","Thelen","2003","Adjustment of Muscle Mechanics Model Parameters to Simulate Dynamic Contractions in Older Adults","False","C:\Users\Ben Bolen\Zotero\storage\J4TCC6IC\Thelen - 2003 - Adjustment of Muscle Mechanics Model Parameters to.pdf"
"users/0","NM43339R","FNHFV5IT","10.3390/s22124440","Mikolajczyk","2022","Recent Advances in Bipedal Walking Robots: Review of Gait, Drive, Sensors and Control Systems","False","C:\Users\Ben Bolen\Zotero\storage\FNHFV5IT\Mikolajczyk et al. - 2022 - Recent Advances in Bipedal Walking Robots Review .pdf"
"users/0","WLLTG5L2","6Y9BXM95","10.3389/fncom.2019.00013","Sreenivasa","2019","Editorial: Neuromechanics and Control of Physical Behavior: From Experimental and Computational Formulations to Bio-inspired Technologies","False","C:\Users\Ben Bolen\Zotero\storage\6Y9BXM95\Sreenivasa et al. - 2019 - Editorial Neuromechanics and Control of Physical .pdf"
"users/0","646AXSWB","CNHLFXLS","10.3389/fncom.2017.00015","Song","2017","Evaluation of a Neuromechanical Walking Control Model Using Disturbance Experiments","False","C:\Users\Ben Bolen\Zotero\storage\CNHLFXLS\Song and Geyer - 2017 - Evaluation of a Neuromechanical Walking Control Mo.pdf"
"users/0","XHGUIYAN","IQEDGTIF","10.3389/fnbot.2019.00086","Torricelli","2019","Editorial: Assessing Bipedal Locomotion: Towards Replicable Benchmarks for Robotic and Robot-Assisted Locomotion","False","C:\Users\Ben Bolen\Zotero\storage\IQEDGTIF\Torricelli et al. - 2019 - Editorial Assessing Bipedal Locomotion Towards R.pdf"
"users/0","EI4VEZX8","HQNZ4IQM","10.1186/s12984-017-0305-3","Valero-Cuevas","2017","On neuromechanical approaches for the study of biological and robotic grasp and manipulation","False","C:\Users\Ben Bolen\Zotero\storage\HQNZ4IQM\Valero-Cuevas and Santello - 2017 - On neuromechanical approaches for the study of bio.pdf"
"users/0","E94PT5NI","A5ZVHFEU","10.1002/cphy.c240002","Nichols","2024","Neuromechanical Circuits of the Spinal Motor Apparatus","False","C:\Users\Ben Bolen\Zotero\storage\A5ZVHFEU\Nichols - 2024 - Neuromechanical Circuits of the Spinal Motor Appar.pdf"
"users/0","LNH26DBQ","6CNLYXVH","10.1017/s0263574713001045","Fukuoka","2014","Dynamic bipedal walking of a dinosaur-like robot with an extant vertebrate's nervous system","False","C:\Users\Ben Bolen\Zotero\storage\6CNLYXVH\Fukuoka and Akama - 2014 - Dynamic bipedal walking of a dinosaur-like robot w.pdf"
"users/0","CZBM63AQ","P9XKIL78","10.1126/scirobotics.adn1125","Ishida","2024","Paleoinspired robotics as an experimental approach to the history of life","False","C:\Users\Ben Bolen\Zotero\storage\P9XKIL78\Ishida et al. - 2024 - Paleoinspired robotics as an experimental approach.pdf"
"users/0","V69ZZMSL","6BZRQSW9","","Unknown","","Behavioral Motor Performance - Leib - 2024 - Comprehensive Physiology - Wiley Online Library","False","C:\Users\Ben Bolen\Zotero\storage\6BZRQSW9\Behavioral Motor Performance - Leib - 2024 - Compr.pdf"
"users/0","ZDCIX4GR","XG68TXAB","","Unknown","","Neuromuscular Transmission in a Biological Context - Slater - 2024 - Comprehensive Physiology - Wiley Online Library","False","C:\Users\Ben Bolen\Zotero\storage\XG68TXAB\Neuromuscular Transmission in a Biological Context.pdf"
"users/0","NQCCL36Q","IQCUZD4F","10.3389/fncom.2023.1143323","Fietkiewicz","2023","Tutorial: using NEURON for neuromechanical simulations","False","C:\Users\Ben Bolen\Zotero\storage\IQCUZD4F\Fietkiewicz et al. - 2023 - Tutorial using NEURON for neuromechanical simulat.pdf"
"users/0","4MIU46K8","NUS9F5DD","10.1002/cphy.c240002","Nichols","2024","Neuromechanical Circuits of the Spinal Motor Apparatus","False","C:\Users\Ben Bolen\Zotero\storage\NUS9F5DD\Nichols - 2024 - Neuromechanical Circuits of the Spinal Motor Appar.pdf"
"users/0","G2R8FIF8","6XIT9MYM","10.1088/1741-2552/acfdcc","Di Russo","2023","Investigating the roles of reflexes and central pattern generators in the control and modulation of human locomotion using a physiologically plausible neuromechanical model","False","C:\Users\Ben Bolen\Zotero\storage\6XIT9MYM\Di Russo et al. - 2023 - Investigating the roles of reflexes and central pa.pdf"
"users/0","Q3LEFNX2","VMPDDK3T","10.1113/jp288089","Klishko","2025","Effects of spinal transection and locomotor speed on muscle synergies of the cat hindlimb","False","C:\Users\Ben Bolen\Zotero\storage\VMPDDK3T\Klishko et al. - 2025 - Effects of spinal transection and locomotor speed .pdf"
"users/0","XB2QYQI9","8CUS99V2","","Unknown","","NeuroMechFly, a neuromechanical model of adult Drosophila melanogaster - ProQuest","False","C:\Users\Ben Bolen\Zotero\storage\8CUS99V2\NeuroMechFly, a neuromechanical model of adult Dro.pdf"
"users/0","8CS455RV","VW2STK9J","10.1113/jp287448","Rahmati","2025","Role of forelimb morphology in muscle sensorimotor functions during locomotion in the cat","False","C:\Users\Ben Bolen\Zotero\storage\VW2STK9J\Rahmati et al. - 2025 - Role of forelimb morphology in muscle sensorimotor.pdf"
"users/0","M72DGMMA","X7IW437G","10.1152/jn.00230.2022","Lecomte","2022","Modulation of the gait pattern during split-belt locomotion after lateral spinal cord hemisection in adult cats","False","C:\Users\Ben Bolen\Zotero\storage\X7IW437G\Lecomte et al. - 2022 - Modulation of the gait pattern during split-belt l.pdf"
"users/0","7GS9YZCM","2M4B8KRC","10.1007/s00422-022-00951-8","Wang","2022","Variational and phase response analysis for limit cycles with hard boundaries, with applications to neuromechanical control problems","False","C:\Users\Ben Bolen\Zotero\storage\2M4B8KRC\Wang et al. - 2022 - Variational and phase response analysis for limit .pdf"
"users/0","3VMCNQKL","R4U3FD44","10.7554/elife.103504","Rybak","2025","Operation of spinal sensorimotor circuits controlling phase durations during tied-belt and split-belt locomotion after a lateral thoracic hemisection","False","C:\Users\Ben Bolen\Zotero\storage\R4U3FD44\Rybak et al. - 2025 - Operation of spinal sensorimotor circuits controll.pdf"
"users/0","YH72SEUK","H2DEUL3L","10.7554/elife.98841","Rybak","2024","Operation regimes of spinal circuits controlling locomotion and the role of supraspinal drives and sensory feedback","False","C:\Users\Ben Bolen\Zotero\storage\H2DEUL3L\Rybak et al. - 2024 - Operation regimes of spinal circuits controlling l.pdf"
"users/0","RLPE6PEW","WERPCQIX","10.3390/app12094146","Fukuoka","2022","Pace Running of a Quadruped Robot Driven by Pneumatic Muscle Actuators: An Experimental Study","False","C:\Users\Ben Bolen\Zotero\storage\WERPCQIX\Fukuoka et al. - 2022 - Pace Running of a Quadruped Robot Driven by Pneuma.pdf"
"users/0","JFYF4VD3","L9629C2I","","Unknown","","Control of Mammalian Locomotion by Somatosensory Feedback - Frigon - 2022 - Comprehensive Physiology - Wiley Online Library","False","C:\Users\Ben Bolen\Zotero\storage\L9629C2I\Control of Mammalian Locomotion by Somatosensory F.pdf"
"users/0","UWQ7LRWM","VNRKBDHI","","Unknown","","Full article: Investigation of arm stabilization with proprioceptive sensory reflex pathways on a 2-DoF musculoskeletal robot actuated by pneumatic artificial muscles","False","C:\Users\Ben Bolen\Zotero\storage\VNRKBDHI\Full article Investigation of arm stabilization w.pdf"
"users/0","UEKXV532","KZ3CAYQS","10.1109/sii59315.2025.10870582","Yoshida","2025","Implementing Stretch Reflex in Musculoskeletal Robots Driven by Pneumatic Artificial Muscles Using Nonlinear Spring Model*","False","C:\Users\Ben Bolen\Zotero\storage\KZ3CAYQS\Yoshida et al. - 2025 - Implementing Stretch Reflex in Musculoskeletal Rob.pdf"
"users/0","8NUTXTSD","26LQF55W","10.1088/1748-3190/ad839e","Tanaka","2024","Enhancing postural stability in musculoskeletal quadrupedal locomotion through tension feedback for CPG-based controller","False","C:\Users\Ben Bolen\Zotero\storage\26LQF55W\Tanaka et al. - 2024 - Enhancing postural stability in musculoskeletal qu.pdf"
"users/0","GEUDWTDY","FQZNX67B","10.3389/frobt.2024.1449721","Li","2024","Controller design and experimental validation of walking for a musculoskeletal bipedal lower limb robot based on the spring-loaded inverted pendulum model","False","C:\Users\Ben Bolen\Zotero\storage\FQZNX67B\Li et al. - 2024 - Controller design and experimental validation of w.pdf"
"users/0","W79PVLLS","HSXUC7FG","10.1007/978-3-030-70316-5_45","Ikkala","2022","Converting Biomechanical Models from OpenSim to MuJoCo","False","C:\Users\Ben Bolen\Zotero\storage\HSXUC7FG\Ikkala and Hämäläinen - 2022 - Converting Biomechanical Models from OpenSim to Mu.pdf"
"users/0","52GPR6NX","D6W75UDD","10.1109/icra46639.2022.9811684","Wang","2022","MyoSim: Fast and physiologically realistic MuJoCo models for musculoskeletal and exoskeletal studies","False","C:\Users\Ben Bolen\Zotero\storage\D6W75UDD\Wang et al. - 2022 - MyoSim Fast and physiologically realistic MuJoCo .pdf"
"users/0","3LM5KQLY","EEW3346K","10.1186/s12984-019-0559-z","Durandau","2019","Voluntary control of wearable robotic exoskeletons by patients with paresis via neuromechanical modeling","False","C:\Users\Ben Bolen\Zotero\storage\EEW3346K\Durandau et al. - 2019 - Voluntary control of wearable robotic exoskeletons.pdf"
"users/0","XFWK5ITS","TJ8ZM2AA","10.1152/jn.00833.2002","Wilmink","2003","Distribution of Heterogenic Reflexes Among the Quadriceps and Triceps Surae Muscles of the Cat Hind Limb","False","C:\Users\Ben Bolen\Zotero\storage\TJ8ZM2AA\Wilmink and Nichols - 2003 - Distribution of Heterogenic Reflexes Among the Qua.pdf"
"users/0","CF5DRYD6","5MQC7BV9","10.1177/0265407509347936","Zacchilli","2009","The romantic partner conflict scale: A new scale to measure relationship conflict:","True","C:\Users\Ben Bolen\Zotero\storage\5MQC7BV9\Zacchilli et al. - 2009 - The romantic partner conflict scale A new scale t.pdf"
"users/0","UPKDXN9S","UMEGC3TP","10.1038/nn963","Todorov","2002","Optimal feedback control as a theory of motor coordination","True","C:\Users\Ben Bolen\Zotero\storage\UMEGC3TP\Todorov and Jordan - 2002 - Optimal feedback control as a theory of motor coor.pdf"
"users/0","723RUJG9","Y9BRJGF4","10.3389/fnbot.2017.00037","Szczecinski","2017","A Functional Subnetwork Approach to Designing Synthetic Nervous Systems That Control Legged Robot Locomotion","True","C:\Users\Ben Bolen\Zotero\storage\Y9BRJGF4\Szczecinski et al. - 2017 - A Functional Subnetwork Approach to Designing Synt.pdf"
"users/0","8ABGLX9Y","NGLW389X","10.1115/1.4023390","Millard","2013","Flexing Computational Muscle: Modeling and Simulation of Musculotendon Dynamics","True","C:\Users\Ben Bolen\Zotero\storage\NGLW389X\Millard et al. - 2013 - Flexing Computational Muscle Modeling and Simulat.pdf"
"users/0","74BMU59L","J5UI8YQR","10.1177/0093650215626983","Jones","2016","The Impact of Mindfulness on Empathy, Active Listening, and Perceived Provisions of Emotional Support:","True","C:\Users\Ben Bolen\Zotero\storage\J5UI8YQR\Jones et al. - 2019 - The Impact of Mindfulness on Empathy, Active Liste.pdf"
"users/0","WT5T8CJT","TR8LBFMK","10.1038/nn.4077","Brooks","2015","Learning to expect the unexpected: rapid updating in primate cerebellum during voluntary self-motion","False","C:\Users\Ben Bolen\Zotero\storage\TR8LBFMK\Brooks et al. - 2015 - Learning to expect the unexpected rapid updating .pdf"
"users/0","AUGC78MZ","WBNZEJFV","10.3390/biomimetics7010017","Young","2022","Analyzing Modeled Torque Profiles to Understand Scale-Dependent Active Muscle Responses in the Hip Joint","False","C:\Users\Ben Bolen\Zotero\storage\WBNZEJFV\Young et al. - 2022 - Analyzing Modeled Torque Profiles to Understand Sc.pdf"
"users/0","VCJ43VY8","HUMRI5PP","10.3389/fbioe.2022.825149","Kim","2022","Contribution of Afferent Feedback to Adaptive Hindlimb Walking in Cats: A Neuromusculoskeletal Modeling Study","False","C:\Users\Ben Bolen\Zotero\storage\HUMRI5PP\Yongi Kim et al. - 2022 - Contribution of Afferent Feedback to Adaptive Hind.pdf"
"users/0","G7X8E86M","QLY9YJ7F","10.1152/jn.90895.2008","Селионов","2009","Tonic Central and Sensory Stimuli Facilitate Involuntary Air-Stepping in Humans","False","C:\Users\Ben Bolen\Zotero\storage\QLY9YJ7F\В. А. Селионов et al. - 2009 - Tonic Central and Sensory Stimuli Facilitate Invol.pdf"
"users/0","NSEV82VS","TIU6J4R2","10.1016/j.neuron.2008.09.027","Zhang","2008","V3 spinal neurons establish a robust and balanced locomotor rhythm during walking.","False","C:\Users\Ben Bolen\Zotero\storage\TIU6J4R2\Ying Zhang et al. - 2008 - V3 spinal neurons establish a robust and balanced .pdf"
"users/0","XSURUQAR","CPUQW4VI","10.1113/jp274518","Kuczynski","2017","Lack of adaptation during prolonged split-belt locomotion in the intact and spinal cat.","True","C:\Users\Ben Bolen\Zotero\storage\CPUQW4VI\Victoria Kuczynski et al. - 2017 - Lack of adaptation during prolonged split-belt loc.pdf"
"users/0","SSLMSMBY","CGXPIYJZ","10.1113/jp272787","Danner","2016","Central control of interlimb coordination and speed-dependent gait expression in quadrupeds.","True","C:\Users\Ben Bolen\Zotero\storage\CGXPIYJZ\Simon M. Danner et al. - 2016 - Central control of interlimb coordination and spee.pdf"
"users/0","XZ9929ML","AXU8M97Z","10.1152/jn.00658.2017","Bidaye","2018","Six-legged walking in insects: how CPGs, peripheral feedback, and descending signals generate coordinated and adaptive motor rhythms","True","C:\Users\Ben Bolen\Zotero\storage\AXU8M97Z\Salil S. Bidaye et al. - 2018 - Six-legged walking in insects how CPGs, periphera.pdf"
"users/0","7VNAVH32","AGNY8H4E","10.3390/ijms22031394","Rančić","2021","Recent Insights into the Rhythmogenic Core of the Locomotor CPG.","True","C:\Users\Ben Bolen\Zotero\storage\AGNY8H4E\Vladimir Rančić et al. - 2021 - Recent Insights into the Rhythmogenic Core of the .pdf"
"users/0","96WEH7YJ","8TGRY985","10.7287/peerj.preprints.26734v1","Yakovenko","2018","Analytical CPG model driven by limb velocity input generates accurate temporal locomotor dynamics.","True","C:\Users\Ben Bolen\Zotero\storage\8TGRY985\Sergiy Yakovenko et al. - 2018 - Analytical CPG model driven by limb velocity input.pdf"
"users/0","C4TQ558Z","89G9WWQQ","10.1113/jphysiol.1987.sp016676","Edgley","1987","An interneuronal relay for group I and II muscle afferents in the midlumbar segments of the cat spinal cord.","True","C:\Users\Ben Bolen\Zotero\storage\89G9WWQQ\S A Edgley et al. - 1987 - An interneuronal relay for group I and II muscle a.pdf"
"users/0","IM5WCMZI","7LDZRTYS","10.1523/jneurosci.1737-09.2009","Pérez","2009","An Intersegmental Neuronal Architecture for Spinal Wave Propagation under Deletions","True","C:\Users\Ben Bolen\Zotero\storage\7LDZRTYS\Toni Pérez et al. - 2009 - An Intersegmental Neuronal Architecture for Spinal.pdf"
"users/0","H7FU2J6M","47QYMID7","10.1098/rspb.1911.0077","Brown","1911","The intrinsic factors in the act of progression in the mammal","True","C:\Users\Ben Bolen\Zotero\storage\47QYMID7\Thomas Brown et al. - 1911 - The intrinsic factors in the act of progression in.pdf"
"users/0","CBWBJ5BV","3M75PYLM","10.3389/fnsys.2023.1199079","Mari","2023","A sensory signal related to left-right symmetry modulates intra- and interlimb cutaneous reflexes during locomotion in intact cats","True","C:\Users\Ben Bolen\Zotero\storage\3M75PYLM\Stephen Mari et al. - 2023 - A sensory signal related to left-right symmetry mo.pdf"
"users/0","4SBPPWE8","3M6ICAMG","10.1016/j.conb.2009.10.011","Grillner","2009","Measured motion: searching for simplicity in spinal locomotor networks.","True","C:\Users\Ben Bolen\Zotero\storage\3M6ICAMG\Sten Grillner et al. - 2009 - Measured motion searching for simplicity in spina.pdf"
"users/0","FZF879P3","3HM2QQVU","10.1007/bf00227344","Dietz","1994","HUMAN NEURONAL INTERLIMB COORDINATION DURING SPLIT-BELT LOCOMOTION","True","C:\Users\Ben Bolen\Zotero\storage\3HM2QQVU\Volker Dietz et al. - 1994 - HUMAN NEURONAL INTERLIMB COORDINATION DURING SPLIT.pdf"
"users/0","8AUBC3V7","2QWNS6EQ","10.1177/0278364905055381","Kaliyamoorthy","2005","Force Sensors in Hexapod Locomotion","True","C:\Users\Ben Bolen\Zotero\storage\2QWNS6EQ\Sathya Kaliyamoorthy et al. - 2005 - Force Sensors in Hexapod Locomotion.pdf"
"users/0","4WLDLKPD","GQXBBP2T","10.1101/2023.10.31.564886","Molkov","2023","Sensory Feedback and Central Neuronal Interactions in Mouse Locomotion","False","C:\Users\Ben Bolen\Zotero\storage\GQXBBP2T\Yaroslav I. Molkov et al. - 2023 - Sensory Feedback and Central Neuronal Interactions.pdf"
"users/0","SG9IX7YE","ISTFNXMB","10.1152/jn.00250.2018","Mayer","2018","Role of muscle spindle feedback in regulating muscle activity strength during walking at different speed in mice.","False","C:\Users\Ben Bolen\Zotero\storage\ISTFNXMB\William Paganini Mayer et al. - 2018 - Role of muscle spindle feedback in regulating musc.pdf"
"users/0","SCAU9PQ7","NA66A23F","10.1007/978-3-319-95972-6_21","Hilts","2000","Emulating Balance Control Observed in Human Test Subjects with a Neural Network","False","C:\Users\Ben Bolen\Zotero\storage\NA66A23F\Wade Hilts et al. - 2000 - Emulating Balance Control Observed in Human Test S.pdf"
"users/0","IVCJI25F","EDM538U9","10.1109/lcsys.2018.2871126","Hilts","2019","A Dynamic Neural Network Designed Using Analytical Methods Produces Dynamic Control Properties Similar to an Analogous Classical Controller","True","C:\Users\Ben Bolen\Zotero\storage\EDM538U9\Wade Hilts et al. - 2019 - A Dynamic Neural Network Designed Using Analytical.pdf"
"users/0","MKE6485E","WYLEYYTE","10.1152/jn.00486.2017","Chu","2018","Stepping responses to treadmill perturbations vary with severity of motor deficits in human SCI","False","C:\Users\Ben Bolen\Zotero\storage\WYLEYYTE\Virginia Way Tong Chu et al. - 2018 - Stepping responses to treadmill perturbations vary.pdf"
"users/0","6TZ6T98B","W5CWNDLA","10.1007/s00422-020-00851-9","Webster‐Wood","2020","Control for multifunctionality: bioinspired control based on feeding in Aplysia californica","False","C:\Users\Ben Bolen\Zotero\storage\W5CWNDLA\Victoria A. Webster‐Wood et al. - 2020 - Control for multifunctionality bioinspired contro.pdf"
"users/0","MXGXC3FH","KQQ4LZS6","10.3390/ijms22116007","Sławińska","2021","Unusual Quadrupedal Locomotion in Rat during Recovery from Lumbar Spinal Blockade of 5-HT7 Receptors.","False","C:\Users\Ben Bolen\Zotero\storage\KQQ4LZS6\Urszula Sławińska et al. - 2021 - Unusual Quadrupedal Locomotion in Rat during Recov.pdf"
"users/0","P5YZEMX6","IB5AUAXS","10.1073/pnas.1419045111","Akay","2014","Degradation of mouse locomotor pattern in the absence of proprioceptive sensory feedback","False","C:\Users\Ben Bolen\Zotero\storage\IB5AUAXS\Turgay Akay et al. - 2014 - Degradation of mouse locomotor pattern in the abse.pdf"
"users/0","7VYUAIJE","ZLGS2H3K","10.1152/jn.01271.2003","Akay","2004","Signals from load sensors underlie interjoint coordination during stepping movements of the stick insect leg.","False","C:\Users\Ben Bolen\Zotero\storage\ZLGS2H3K\Turgay Akay et al. - 2004 - Signals from load sensors underlie interjoint coor.pdf"
"users/0","PX4QPE2A","M2UUSLMY","10.3390/ijms22031467","Akay","2021","Relative Contribution of Proprioceptive and Vestibular Sensory Systems to Locomotion: Opportunities for Discovery in the Age of Molecular Science.","False","C:\Users\Ben Bolen\Zotero\storage\M2UUSLMY\Turgay Akay et al. - 2021 - Relative Contribution of Proprioceptive and Vestib.pdf"
"users/0","266BY2HT","GCM5KYXP","10.1152/jn.00866.2014","Bui","2015","Sensory-evoked perturbations of locomotor activity by sparse sensory input: a computational study","False","C:\Users\Ben Bolen\Zotero\storage\GCM5KYXP\Tuan V. Bui et al. - 2015 - Sensory-evoked perturbations of locomotor activity.pdf"
"users/0","RZG2ZGFH","GXXKCPBQ","10.1016/j.neuron.2013.02.007","Bui","2013","Circuits for Grasping: Spinal dI3 Interneurons Mediate Cutaneous Control of Motor Behavior","False","C:\Users\Ben Bolen\Zotero\storage\GXXKCPBQ\Tuan V. Bui et al. - 2013 - Circuits for Grasping Spinal dI3 Interneurons Med.pdf"
"users/0","B5SJZXJB","FRXD4KXB","10.1152/jn.90729.2008","Endo","2008","Asymmetric Operation of the Locomotor Central Pattern Generator in the Neonatal Mouse Spinal Cord","True","C:\Users\Ben Bolen\Zotero\storage\FRXD4KXB\Toshiaki Endo et al. - 2008 - Asymmetric Operation of the Locomotor Central Patt.pdf"
"users/0","LT3PEKVL","WPHXZALY","10.1016/j.cell.2015.06.036","Machado","2015","Primacy of Flexor Locomotor Pattern Revealed by Ancestral Reversion of Motor Neuron Identity","False","C:\Users\Ben Bolen\Zotero\storage\WPHXZALY\Timothy A. Machado et al. - 2015 - Primacy of Flexor Locomotor Pattern Revealed by An.pdf"
"users/0","EH4PQ4WE","HDM7M4CE","10.1111/j.1469-7793.2000.00817.x","Sinkjær","2000","Major role for sensory feedback in soleus EMG activity in the stance phase of walking in man.","False","C:\Users\Ben Bolen\Zotero\storage\HDM7M4CE\Thomas Sinkjær et al. - 2000 - Major role for sensory feedback in soleus EMG acti.pdf"
"users/0","N5GQTCCR","LBX66ST6","10.14288/1.0071394","Klarner","2010","Contribution of load and length related manipulations to muscle responses during force perturbations","False","C:\Users\Ben Bolen\Zotero\storage\LBX66ST6\Taryn Klarner and Klarner - 2010 - Contribution of load and length related manipulati.pdf"
"users/0","H3PJ25FK","HW4FJKN4","10.1152/jn.00261.2012","Onushko","2013","Hip proprioceptors preferentially modulate reflexes of the leg in human spinal cord injury","False","C:\Users\Ben Bolen\Zotero\storage\HW4FJKN4\Tanya Onushko et al. - 2013 - Hip proprioceptors preferentially modulate reflexe.pdf"
"users/0","7RMZ97PW","NLTC79EA","10.1152/jn.1997.77.2.797","Harkema","1997","Human Lumbosacral Spinal Cord Interprets Loading During Stepping","False","C:\Users\Ben Bolen\Zotero\storage\NLTC79EA\Susan J. Harkema et al. - 1997 - Human Lumbosacral Spinal Cord Interprets Loading D.pdf"
"users/0","SRJBTWKG","S3M5KJ8M","10.1016/j.neuron.2008.08.009","Crone","2008","Genetic Ablation of V2a Ipsilateral Interneurons Disrupts Left-Right Locomotor Coordination in Mammalian Spinal Cord","False","C:\Users\Ben Bolen\Zotero\storage\S3M5KJ8M\Steven A. Crone et al. - 2008 - Genetic Ablation of V2a Ipsilateral Interneurons D.pdf"
"users/0","EIMLN4ZY","XCNEUBGL","10.1523/jneurosci.1206-09.2009","Crone","2009","In mice lacking V2a interneurons, gait depends on speed of locomotion","False","C:\Users\Ben Bolen\Zotero\storage\XCNEUBGL\Steven A. Crone et al. - 2009 - In mice lacking V2a interneurons, gait depends on .pdf"
"users/0","IRVPFS35","W2DGDE89","10.3390/ijms22115882","Grillner","2021","The CPGs for Limbed Locomotion-Facts and Fiction.","False","C:\Users\Ben Bolen\Zotero\storage\W2DGDE89\Sten Grillner et al. - 2021 - The CPGs for Limbed Locomotion-Facts and Fiction..pdf"
"users/0","UNIGJ9YZ","JSG637UJ","10.1016/j.neuron.2006.11.008","Grillner","2006","Biological Pattern Generation: The Cellular and Computational Logic of Networks in Motion","False","C:\Users\Ben Bolen\Zotero\storage\JSG637UJ\Sten Grillner and Grillner - 2006 - Biological Pattern Generation The Cellular and Co.pdf"
"users/0","8QVW6ZRY","KKPHWB4W","10.1038/s41598-018-35714-8","Fujiki","2018","Adaptive hindlimb split-belt treadmill walking in rats by controlling basic muscle activation patterns via phase resetting","False","C:\Users\Ben Bolen\Zotero\storage\KKPHWB4W\Soichiro Fujiki et al. - 2018 - Adaptive hindlimb split-belt treadmill walking in .pdf"
"users/0","DN6DK44F","PF26U8W8","10.3389/fnins.2019.01288","Fujiki","2019","Phase-Dependent Response to Afferent Stimulation During Fictive Locomotion: A Computational Modeling Study.","False","C:\Users\Ben Bolen\Zotero\storage\PF26U8W8\Soichiro Fujiki et al. - 2019 - Phase-Dependent Response to Afferent Stimulation D.pdf"
"users/0","CS6UC3IE","U3FBK3JK","10.1523/jneurosci.22-22-09961.2002","Butt","2002","Firing Properties of Identified Interneuron Populations in the Mammalian Hindlimb Central Pattern Generator","False","C:\Users\Ben Bolen\Zotero\storage\U3FBK3JK\Simon J. B. Butt et al. - 2002 - Firing Properties of Identified Interneuron Popula.pdf"
"users/0","CR77ZSJL","FAI4RHRI","10.3389/fncir.2022.1076766","Gosgnach","2022","Synaptic connectivity amongst components of the locomotor central pattern generator","True","C:\Users\Ben Bolen\Zotero\storage\FAI4RHRI\Simon Gosgnach and Simon Gosgnach - 2022 - Synaptic connectivity amongst components of the lo.pdf"
"users/0","FXXKJEFZ","SIWBHI87","10.1111/j.1469-7793.2000.00639.x","Gosgnach","2000","Depression of group Ia monosynaptic EPSPs in cat hindlimb motoneurones during fictive locomotion.","False","C:\Users\Ben Bolen\Zotero\storage\SIWBHI87\Simon Gosgnach et al. - 2000 - Depression of group Ia monosynaptic EPSPs in cat h.pdf"
"users/0","XJLADIKX","NTS5B3Z4","10.1038/nature04545","Gosgnach","2006","V1 spinal neurons regulate the speed of vertebrate locomotor outputs.","False","C:\Users\Ben Bolen\Zotero\storage\NTS5B3Z4\Simon Gosgnach et al. - 2006 - V1 spinal neurons regulate the speed of vertebrate.pdf"
"users/0","JEIQTLZJ","PG7CF26T","10.1016/s0896-6273(03)00353-2","Butt","2003","Functional identification of interneurons responsible for left-right coordination of hindlimbs in mammals.","False","C:\Users\Ben Bolen\Zotero\storage\PG7CF26T\Simon J. B. Butt et al. - 2003 - Functional identification of interneurons responsi.pdf"
"users/0","LYCP6X3M","NHS832UF","10.1016/j.robot.2011.12.005","Aoi","2012","Sensory regulation of stance-to-swing transition in generation of adaptive human walking: A simulation study","False","C:\Users\Ben Bolen\Zotero\storage\NHS832UF\Shinya Aoi et al. - 2012 - Sensory regulation of stance-to-swing transition i.pdf"
"users/0","WUNEZFCJ","CR5JB59J","10.1016/j.neuron.2012.05.011","Arber","2012","Motor circuits in action: specification, connectivity, and function","True","C:\Users\Ben Bolen\Zotero\storage\CR5JB59J\Silvia Arber and Arber - 2012 - Motor circuits in action specification, connectiv.pdf"
"users/0","HMWGI36I","IV3KANKS","10.3389/fnbot.2017.00039","Aoi","2017","Adaptive Control Strategies for Interlimb Coordination in Legged Robots: A Review","False","C:\Users\Ben Bolen\Zotero\storage\IV3KANKS\Shinya Aoi et al. - 2017 - Adaptive Control Strategies for Interlimb Coordina.pdf"
"users/0","RLI4I9FX","HIJR2VK2","10.1152/jn.1999.82.1.290","Mori","1999","Stimulation of a Restricted Region in the Midline Cerebellar White Matter Evokes Coordinated Quadrupedal Locomotion in the Decerebrate Cat","False","C:\Users\Ben Bolen\Zotero\storage\HIJR2VK2\Shigemi Mori et al. - 1999 - Stimulation of a Restricted Region in the Midline .pdf"
"users/0","GKEDLR7B","J4ULK6RU","10.1111/nyas.12055","Hochman","2013","Force-sensitive afferents recruited during stance encode sensory depression in the contralateral swinging limb during locomotion.","False","C:\Users\Ben Bolen\Zotero\storage\J4ULK6RU\Shawn Hochman et al. - 2013 - Force-sensitive afferents recruited during stance .pdf"
"users/0","H78RABQM","VH9PQ98S","10.1152/jn.00479.2001","Yakovenko","2002","Spatiotemporal activation of lumbosacral motoneurons in the locomotor step cycle","False","C:\Users\Ben Bolen\Zotero\storage\VH9PQ98S\Sergiy Yakovenko et al. - 2002 - Spatiotemporal activation of lumbosacral motoneuro.pdf"
"users/0","XTDMFMYD","MLX6ERGC","10.1152/physrev.00028.2005","Rossignol","2006","Dynamic Sensorimotor Interactions in Locomotion","False","C:\Users\Ben Bolen\Zotero\storage\MLX6ERGC\Serge Rossignol et al. - 2006 - Dynamic Sensorimotor Interactions in Locomotion.pdf"
"users/0","22NYU47D","QCHTWZQ5","10.1152/jn.00991.2004","Yakovenko","2005","Control of locomotor cycle durations.","False","C:\Users\Ben Bolen\Zotero\storage\QCHTWZQ5\Sergiy Yakovenko et al. - 2005 - Control of locomotor cycle durations..pdf"
"users/0","E2GPABFA","LIJIS5WA","10.1111/j.1749-6632.2010.05435.x","Markin","2010","Afferent control of locomotor CPG: insights from a simple neuromechanical model","False","C:\Users\Ben Bolen\Zotero\storage\LIJIS5WA\Sergey N. Markin et al. - 2010 - Afferent control of locomotor CPG insights from a.pdf"
"users/0","ZUPHNMP7","U7T7894Y","10.1098/rstb.2006.1889","Rossignol","2006","Plasticity of connections underlying locomotor recovery after central and/or peripheral lesions in the adult mammals","False","C:\Users\Ben Bolen\Zotero\storage\U7T7894Y\Serge Rossignol and Rossignol - 2006 - Plasticity of connections underlying locomotor rec.pdf"
"users/0","LYPEYIAI","YT33NN9W","10.3390/app8010006","Rubeo","2017","A Synthetic Nervous System Controls a Simulated Cockroach","False","C:\Users\Ben Bolen\Zotero\storage\YT33NN9W\Scott Rubeo et al. - 2017 - A Synthetic Nervous System Controls a Simulated Co.pdf"
"users/0","MNB7HGR7","X7ZRIQ5W","10.1152/jn.00863.2002","Verschueren","2003","Vibration-Induced Changes in EMG During Human Locomotion","False","C:\Users\Ben Bolen\Zotero\storage\X7ZRIQ5W\Sabine Verschueren et al. - 2003 - Vibration-Induced Changes in EMG During Human Loco.pdf"
"users/0","Y3QP9TZJ","BSMM6LVW","10.1152/jn.00204.2023","Dubuc","2023","Locomotor pattern generation and descending control: a historical perspective","True","C:\Users\Ben Bolen\Zotero\storage\BSMM6LVW\Réjean Dubuc et al. - 2023 - Locomotor pattern generation and descending contro.pdf"
"users/0","L6NSMHC7","BJNJT7IM","10.1146/annurev-neuro-083122-025325","Sengupta","2023","Spinal Interneurons: Diversity and Connectivity in Motor Control","True","C:\Users\Ben Bolen\Zotero\storage\BJNJT7IM\Mohini Sengupta and Martha W. Bagnall - 2023 - Spinal Interneurons Diversity and Connectivity in.pdf"
"users/0","JV5ZJCH9","BBLPKL8G","10.3389/fphys.2018.00784","Côté","2018","Spinal Control of Locomotion: Individual Neurons, Their Circuits and Functions.","True","C:\Users\Ben Bolen\Zotero\storage\BBLPKL8G\Marie-Pascale Côté et al. - 2018 - Spinal Control of Locomotion Individual Neurons, .pdf"
"users/0","XTNLKQQ2","AS875WN2","10.1152/jn.00820.2013","Sivertsen","2014","Organization of pontine reticulospinal inputs to motoneurons controlling axial and limb muscles in the neonatal mouse.","True","C:\Users\Ben Bolen\Zotero\storage\AS875WN2\Magne Sand Sivertsen et al. - 2014 - Organization of pontine reticulospinal inputs to m.pdf"
"users/0","YBSVDD6K","ARL8C6X2","10.1113/jphysiol.2004.076034","Angel","2005","Candidate interneurones mediating group I disynaptic EPSPs in extensor motoneurones during fictive locomotion in the cat.","True","C:\Users\Ben Bolen\Zotero\storage\ARL8C6X2\Michael J. Angel et al. - 2005 - Candidate interneurones mediating group I disynapt.pdf"
"users/0","98PKWYHV","AE2VEALH","10.1002/jnr.24791","Merlet","2021","Cutaneous inputs from perineal region facilitate spinal locomotor activity and modulate cutaneous reflexes from the foot in spinal cats.","True","C:\Users\Ben Bolen\Zotero\storage\AE2VEALH\Merlet et al. - 2021 - Cutaneous inputs from perineal region facilitate s.pdf"
"users/0","HMKDKGKQ","9A3MLZZE","10.1073/pnas.1304365110","Hägglund","2013","Optogenetic dissection reveals multiple rhythmogenic modules underlying locomotion","True","C:\Users\Ben Bolen\Zotero\storage\9A3MLZZE\Martin Hägglund et al. - 2013 - Optogenetic dissection reveals multiple rhythmogen.pdf"
"users/0","49TKJ88S","4HGBEETW","10.1113/jphysiol.2006.113043","Perreault","2006","Contribution of morphology and membrane resistance to integration of fast synaptic signals in two thalamic cell types","True","C:\Users\Ben Bolen\Zotero\storage\4HGBEETW\Marie−Claude Perreault et al. - 2006 - Contribution of morphology and membrane resistance.pdf"
"users/0","LWWSHR63","3IRYTQQV","10.1002/cne.23904","Sivertsen","2016","Pontine reticulospinal projections in the neonatal mouse: Internal organization and axon trajectories.","True","C:\Users\Ben Bolen\Zotero\storage\3IRYTQQV\Magne Sand Sivertsen et al. - 2016 - Pontine reticulospinal projections in the neonatal.pdf"
"users/0","4JE58YY8","2QRUD5B6","10.1152/jn.00739.2014","Hurteau","2015","Effect of stimulating the lumbar skin caudal to a complete spinal cord injury on hindlimb locomotion","True","C:\Users\Ben Bolen\Zotero\storage\2QRUD5B6\Marie-France Hurteau et al. - 2015 - Effect of stimulating the lumbar skin caudal to a .pdf"
"users/0","EG2JR5TQ","2NF5VGMI","10.1111/j.1469-7793.1999.00691.x","Perreault","1999","Depression of muscle and cutaneous afferent-evoked monosynaptic field potentials during fictive locomotion in the cat.","True","C:\Users\Ben Bolen\Zotero\storage\2NF5VGMI\Marie−Claude Perreault et al. - 1999 - Depression of muscle and cutaneous afferent-evoked.pdf"
"users/0","8W7UKZPJ","JHXFUNC5","10.1113/jphysiol.1958.sp006101","Eccles","1958","Integrative pattern of Ia synaptic actions on motoneurones of hip and knee muscles.","False","C:\Users\Ben Bolen\Zotero\storage\JHXFUNC5\Rosamond M. Eccles et al. - 1958 - Integrative pattern of Ia synaptic actions on moto.pdf"
"users/0","5IJUW683","UP82GPFY","10.1016/b978-0-444-53613-6.00006-x","Brownstone","2010","Spinal interneurons providing input to the final common path during locomotion","False","C:\Users\Ben Bolen\Zotero\storage\UP82GPFY\Robert M. Brownstone et al. - 2010 - Spinal interneurons providing input to the final c.pdf"
"users/0","Y5PNF265","MB8TM5BW","10.1152/jn.01300.2004","Gregor","2006","Mechanics of slope walking in the cat: quantification of muscle load, length change, and ankle extensor EMG patterns.","False","C:\Users\Ben Bolen\Zotero\storage\MB8TM5BW\Robert J. Gregor et al. - 2006 - Mechanics of slope walking in the cat quantificat.pdf"
"users/0","8FJL4D66","N954F5L8","10.1152/jn.2001.86.1.447","Burke","2001","Patterns of locomotor drive to motoneurons and last-order interneurons: clues to the structure of the CPG.","False","C:\Users\Ben Bolen\Zotero\storage\N954F5L8\Robert E. Burke et al. - 2001 - Patterns of locomotor drive to motoneurons and las.pdf"
"users/0","UAXREP74","FZ6ZSP2C","10.1145/245108.245118","Beer","1997","Biologically inspired approaches to robotics: what can we learn from insects?","True","C:\Users\Ben Bolen\Zotero\storage\FZ6ZSP2C\Randall D. Beer et al. - 1997 - Biologically inspired approaches to robotics what.pdf"
"users/0","CW7JZ7L4","XKF43XMG","10.3389/fneur.2012.00183","Guertin","2013","Central Pattern Generator for Locomotion: Anatomical, Physiological, and Pathophysiological Considerations","False","C:\Users\Ben Bolen\Zotero\storage\XKF43XMG\Pierre A. Guertin and Guertin - 2013 - Central Pattern Generator for Locomotion Anatomic.pdf"
"users/0","AVY5J95X","RTDC2FX8","10.1098/rstb.2009.0322","Whelan","2010","Shining light into the black box of spinal locomotor networks","False","C:\Users\Ben Bolen\Zotero\storage\RTDC2FX8\Patrick J. Whelan and Whelan - 2010 - Shining light into the black box of spinal locomot.pdf"
"users/0","YAKJ5KY6","J3GFD5CD","10.1152/jn.1998.79.4.1687","Carlson‐Kuhta","1998","Forms of forward quadrupedal locomotion. II. A comparison of posture, hindlimb kinematics, and motor patterns for upslope and level walking.","False","C:\Users\Ben Bolen\Zotero\storage\J3GFD5CD\Patricia Carlson‐Kuhta et al. - 1998 - Forms of forward quadrupedal locomotion. II. A com.pdf"
"users/0","8U825SL4","XAI47NW4","10.1152/jn.00871.2015","Stein","2016","Modular organization of the multipartite central pattern generator for turtle rostral scratch: knee-related interneurons during deletions","False","C:\Users\Ben Bolen\Zotero\storage\XAI47NW4\P. D. Stein et al. - 2016 - Modular organization of the multipartite central p.pdf"
"users/0","XXX6RM4G","F8IXUK6M","10.1152/jn.00602.2017","Stein","2018","Central pattern generators in the turtle spinal cord: selection among the forms of motor behaviors.","True","C:\Users\Ben Bolen\Zotero\storage\F8IXUK6M\P. D. Stein and Stein - 2018 - Central pattern generators in the turtle spinal co.pdf"
"users/0","BU4APFEI","FH28BPV2","10.1523/jneurosci.16-18-05777.1996","Kjærulff","1996","Distribution of networks generating and coordinating locomotor activity in the neonatal rat spinal cord in vitro: a lesion study","True","C:\Users\Ben Bolen\Zotero\storage\FH28BPV2\Ole Kjærulff et al. - 1996 - Distribution of networks generating and coordinati.pdf"
"users/0","A836XRWG","Z4ZHBV95","10.7554/elife.04718","Britz","2015","A genetically defined asymmetry underlies the inhibitory control of flexor–extensor locomotor movements","False","C:\Users\Ben Bolen\Zotero\storage\Z4ZHBV95\Olivier Britz et al. - 2015 - A genetically defined asymmetry underlies the inhi.pdf"
"users/0","QP34AILY","SV2FP2VX","10.1101/2022.05.21.492933","Ozeri-Engelhard","2022","Inhibitory interneurons within the deep dorsal horn integrate convergent sensory input to regulate motor performance","False","C:\Users\Ben Bolen\Zotero\storage\SV2FP2VX\Nofar Ozeri-Engelhard et al. - 2022 - Inhibitory interneurons within the deep dorsal hor.pdf"
"users/0","G6ZM8NXY","Q9M3R36V","10.1113/jphysiol.2010.195644","Kasumacic","2010","Segmental patterns of vestibular-mediated synaptic inputs to axial and limb motoneurons in the neonatal mouse assessed by optical recording","False","C:\Users\Ben Bolen\Zotero\storage\Q9M3R36V\Nedim Kasumacic et al. - 2010 - Segmental patterns of vestibular-mediated synaptic.pdf"
"users/0","QM4E3SLW","QQAWU48V","10.1523/jneurosci.5188-14.2015","Kasumacic","2015","Segmental organization of vestibulospinal inputs to spinal interneurons mediating crossed activation of thoracolumbar motoneurons in the neonatal mouse.","False","C:\Users\Ben Bolen\Zotero\storage\QQAWU48V\Nedim Kasumacic et al. - 2015 - Segmental organization of vestibulospinal inputs t.pdf"
"users/0","3CLITMJV","IVAR36JD","10.3389/fnbot.2020.577804","Szczecinski","2020","Extending the Functional Subnetwork Approach to a Generalized Linear Integrate-and-Fire Neuron Model.","False","C:\Users\Ben Bolen\Zotero\storage\IVAR36JD\Nicholas S. Szczecinski et al. - 2020 - Extending the Functional Subnetwork Approach to a .pdf"
"users/0","93J8LWE3","XA75LZQK","10.1113/jphysiol.2012.234609","Kasumacic","2012","Vestibular-mediated synaptic inputs and pathways to sympathetic preganglionic neurons in the neonatal mouse.","False","C:\Users\Ben Bolen\Zotero\storage\XA75LZQK\Nedim Kasumacic et al. - 2012 - Vestibular-mediated synaptic inputs and pathways t.pdf"
"users/0","SLWW76U4","EQ9FJRGH","10.3389/fncom.2013.00083","Krouchev","2013","Motor cortical regulation of sparse synergies provides a framework for the flexible control of precision walking","True","C:\Users\Ben Bolen\Zotero\storage\EQ9FJRGH\Nedialko I. Krouchev et al. - 2013 - Motor cortical regulation of sparse synergies prov.pdf"
"users/0","G358BIIV","R82ZB32F","10.1152/jn.00216.2005","Lafrenière-Roula","2005","Deletions of Rhythmic Motoneuron Activity During Fictive Locomotion and Scratch Provide Clues to the Organization of the Mammalian Central Pattern Generator","False","C:\Users\Ben Bolen\Zotero\storage\R82ZB32F\Myriam Lafrenière-Roula et al. - 2005 - Deletions of Rhythmic Motoneuron Activity During F.pdf"
"users/0","QBSFRUBB","N2E9AB57","10.3389/fnins.2021.720542","Merlet","2021","Inhibition and Facilitation of the Spinal Locomotor Central Pattern Generator and Reflex Circuits by Somatosensory Feedback From the Lumbar and Perineal Regions After Spinal Cord Injury.","False","C:\Users\Ben Bolen\Zotero\storage\N2E9AB57\Merlet et al. - 2021 - Inhibition and Facilitation of the Spinal Locomoto.pdf"
"users/0","NWD7875S","GIB9XWCY","10.1113/jphysiol.1996.sp021538","Angel","1996","Group I extensor afferents evoke disynaptic EPSPs in cat hindlimb extensor motorneurones during fictive locomotion.","False","C:\Users\Ben Bolen\Zotero\storage\GIB9XWCY\Michael J. Angel et al. - 1996 - Group I extensor afferents evoke disynaptic EPSPs .pdf"
"users/0","VH4NX6CM","HHAMB3JE","10.1101/2020.07.29.226530","Merlet","2020","Cutaneous inputs from perineal region facilitates and modulates spinal locomotor activity and reduces cutaneous reflexes from the foot in spinal cats","False","C:\Users\Ben Bolen\Zotero\storage\HHAMB3JE\Merlet et al. - 2020 - Cutaneous inputs from perineal region facilitates .pdf"
"users/0","YSB9TKJX","I4SGL4NJ","10.1016/j.conb.2009.09.002","Tresch","2009","The case for and against muscle synergies.","False","C:\Users\Ben Bolen\Zotero\storage\I4SGL4NJ\Matthew C. Tresch et al. - 2009 - The case for and against muscle synergies..pdf"
"users/0","UF8ZT5WB","R6E4WUGF","10.1038/nrn2608","Goulding","2009","Circuits controlling vertebrate locomotion: moving in a new direction","False","C:\Users\Ben Bolen\Zotero\storage\R6E4WUGF\Martyn Goulding and Goulding - 2009 - Circuits controlling vertebrate locomotion moving.pdf"
"users/0","9GTNRHKK","U53L9EPS","10.1523/jneurosci.19-24-10966.1999","Perreault","1999","Proprioceptive Control of Extensor Activity during Fictive Scratching and Weight Support Compared to Fictive Locomotion","False","C:\Users\Ben Bolen\Zotero\storage\U53L9EPS\Marie−Claude Perreault et al. - 1999 - Proprioceptive Control of Extensor Activity during.pdf"
"users/0","3SB4QSIF","YTLZ7LCE","10.1523/jneurosci.1082-18.2018","Hurteau","2018","A Spinal Mechanism Related to Left–Right Symmetry Reduces Cutaneous Reflex Modulation Independently of Speed During Split-Belt Locomotion","False","C:\Users\Ben Bolen\Zotero\storage\YTLZ7LCE\Marie-France Hurteau et al. - 2018 - A Spinal Mechanism Related to Left–Right Symmetry .pdf"
"users/0","DVJE3QGP","SJWI9DT6","10.1016/j.cophys.2019.03.001","Perreault","2019","Diversity of reticulospinal systems in mammals","False","C:\Users\Ben Bolen\Zotero\storage\SJWI9DT6\Marie−Claude Perreault et al. - 2019 - Diversity of reticulospinal systems in mammals.pdf"
"users/0","B3M335FJ","SVM2JBR4","10.1523/jneurosci.22-18-08259.2002","Perreault","2002","Motoneurons have different membrane resistance during fictive scratching and weight support.","False","C:\Users\Ben Bolen\Zotero\storage\SVM2JBR4\Marie−Claude Perreault and Perreault - 2002 - Motoneurons have different membrane resistance dur.pdf"
"users/0","K4R3AVWU","UGLNJ35B","10.1111/j.1469-7793.2000.00389.x","Pang","2000","The initiation of the swing phase in human infant stepping: importance of hip position and leg loading","False","C:\Users\Ben Bolen\Zotero\storage\UGLNJ35B\Marco Yiu Chung Pang et al. - 2000 - The initiation of the swing phase in human infant .pdf"
"users/0","Q7VR4INI","R2YXWJFY","10.1523/jneurosci.1654-20.2020","Zholudeva","2021","Spinal Interneurons as Gatekeepers to Neuroplasticity after Injury or Disease.","False","C:\Users\Ben Bolen\Zotero\storage\R2YXWJFY\Lyandysha V. Zholudeva et al. - 2021 - Spinal Interneurons as Gatekeepers to Neuroplastic.pdf"
"users/0","H45PDZF9","JMMG94IF","10.1152/jn.01177.2006","Guevremont","2007","Physiologically based controller for generating overground locomotion using functional electrical stimulation.","False","C:\Users\Ben Bolen\Zotero\storage\JMMG94IF\Lisa Guevremont et al. - 2007 - Physiologically based controller for generating ov.pdf"
"users/0","6J8X9RQC","TSJFAR74","10.1038/s41467-023-36587-w","Hsu","2023","Deconstructing the modular organization and real-time dynamics of mammalian spinal locomotor networks","False","C:\Users\Ben Bolen\Zotero\storage\TSJFAR74\Li-Ju Hsu et al. - 2023 - Deconstructing the modular organization and real-t.pdf"
"users/0","I7WF27CS","WPQFNA9G","10.1152/jn.00322.2017","Ziskind-Conhaim","2017","Diversity of molecularly defined spinal interneurons engaged in mammalian locomotor pattern generation.","False","C:\Users\Ben Bolen\Zotero\storage\WPQFNA9G\Lea Ziskind-Conhaim et al. - 2017 - Diversity of molecularly defined spinal interneuro.pdf"
"users/0","L36CA55S","BYXJAITS","10.1152/jn.00550.2017","Ausborn","2018","State-dependent rhythmogenesis and frequency control in a half-center locomotor CPG","True","C:\Users\Ben Bolen\Zotero\storage\BYXJAITS\Jessica Ausborn et al. - 2018 - State-dependent rhythmogenesis and frequency contr.pdf"
"users/0","2DI74HUG","BN4UZ9HG","10.1016/j.neuron.2013.08.015","Dougherty","2013","Locomotor Rhythm Generation Linked to the Output of Spinal Shox2 Excitatory Interneurons","True","C:\Users\Ben Bolen\Zotero\storage\BN4UZ9HG\Kimberly J. Dougherty et al. - 2013 - Locomotor Rhythm Generation Linked to the Output o.pdf"
"users/0","QNP2X8MJ","9PBB27C5","10.1523/jneurosci.0816-20.2020","Harnie","2020","The Spinal Control of Backward Locomotion.","True","C:\Users\Ben Bolen\Zotero\storage\9PBB27C5\Jonathan Harnie et al. - 2020 - The Spinal Control of Backward Locomotion..pdf"
"users/0","YZ253THP","8ZEDCLY9","10.1523/jneurosci.3338-09.2009","Chiel","2009","The Brain in Its Body: Motor Control and Sensing in a Biomechanical Context","True","C:\Users\Ben Bolen\Zotero\storage\8ZEDCLY9\Hillel J. Chiel et al. - 2009 - The Brain in Its Body Motor Control and Sensing i.pdf"
"users/0","JGVQNJ78","8RJT2FWS","10.1016/s0966-6362(97)00042-8","Duysens","1998","Neural control of locomotion; Part 1: The central pattern generator from cats to humans","True","C:\Users\Ben Bolen\Zotero\storage\8RJT2FWS\Jacques Duysens et al. - 1998 - Neural control of locomotion; Part 1 The central .pdf"
"users/0","TD542N39","8IYQQ86M","10.1038/s41467-023-39034-y","Minassian","2023","Rare phenomena of central rhythm and pattern generation in a case of complete spinal cord injury","True","C:\Users\Ben Bolen\Zotero\storage\8IYQQ86M\Karen Minassian et al. - 2023 - Rare phenomena of central rhythm and pattern gener.pdf"
"users/0","GHN7UVS9","6EEHLQ7T","10.1152/jn.00020.2021","Hachmann","2021","Epidural spinal cord stimulation as an intervention for motor recovery after motor complete spinal cord injury.","True","C:\Users\Ben Bolen\Zotero\storage\6EEHLQ7T\Jan T. Hachmann et al. - 2021 - Epidural spinal cord stimulation as an interventio.pdf"
"users/0","4RQDJHCA","5KVPMN6U","10.1007/s10827-014-0519-3","Shaw","2015","The significance of dynamical architecture for adaptive responses to mechanical loads during rhythmic behavior","True","C:\Users\Ben Bolen\Zotero\storage\5KVPMN6U\Kendrick M. Shaw et al. - 2015 - The significance of dynamical architecture for ada.pdf"
"users/0","UVG6PMDD","5CQ4FFIE","10.1152/jn.00175.2005","Quevedo","2005","Stumbling corrective reaction during fictive locomotion in the cat.","True","C:\Users\Ben Bolen\Zotero\storage\5CQ4FFIE\Jorge Quevedo et al. - 2005 - Stumbling corrective reaction during fictive locom.pdf"
"users/0","6W3YV7QZ","5BZD2LDG","10.1113/jphysiol.2008.158105","Szokol","2008","Differential origin of reticulospinal drive to motoneurons innervating trunk and hindlimb muscles in the mouse revealed by optical recording","True","C:\Users\Ben Bolen\Zotero\storage\5BZD2LDG\Karolina Szokol et al. - 2008 - Differential origin of reticulospinal drive to mot.pdf"
"users/0","9JWDS7G7","3TLJKCNR","10.1152/jn.00176.2005","Quevedo","2005","Intracellular analysis of reflex pathways underlying the stumbling corrective reaction during fictive locomotion in the cat.","True","C:\Users\Ben Bolen\Zotero\storage\3TLJKCNR\Jorge Quevedo et al. - 2005 - Intracellular analysis of reflex pathways underlyi.pdf"
"users/0","98M34WNW","3AD6QFNF","10.1111/j.1469-7793.2000.t01-1-00549.x","Quevedo","2000","Group I disynaptic excitation of cat hindlimb flexor and bifunctional motoneurones during fictive locomotion.","True","C:\Users\Ben Bolen\Zotero\storage\3AD6QFNF\Jorge Quevedo et al. - 2000 - Group I disynaptic excitation of cat hindlimb flex.pdf"
"users/0","CJMYSRWG","2JNQK632","10.1523/eneuro.0069-15.2015","Rybak","2015","Organization of the Mammalian Locomotor CPG: Review of Computational Model and Circuit Architectures Based on Genetically Identified Spinal Interneurons(1,2,3).","True","C:\Users\Ben Bolen\Zotero\storage\2JNQK632\Ilya A. Rybak et al. - 2015 - Organization of the Mammalian Locomotor CPG Revie.pdf"
"users/0","FUJC6G26","2IKESCA2","10.1152/jn.90918.2008","Donelan","2009","Force Regulation of Ankle Extensor Muscle Activity in Freely Walking Cats","True","C:\Users\Ben Bolen\Zotero\storage\2IKESCA2\J. Maxwell Donelan et al. - 2009 - Force Regulation of Ankle Extensor Muscle Activity.pdf"
"users/0","YANK2JE7","269D4I7M","10.1016/j.neuroscience.2020.09.017","Domínguez-Rodríguez","2020","Candidate Interneurons Mediating the Resetting of the Locomotor Rhythm by Extensor Group I Afferents in the Cat.","True","C:\Users\Ben Bolen\Zotero\storage\269D4I7M\L.E. Domínguez-Rodríguez et al. - 2020 - Candidate Interneurons Mediating the Resetting of .pdf"
"users/0","XIJH8N3A","EDC2IELM","10.1152/jn.00497.2003","Bouyer","","Contribution of Cutaneous Inputs From the Hindpaw to the Control of Locomotion. II. Spinal Cats","True","C:\Users\Ben Bolen\Zotero\storage\EDC2IELM\Laurent J. Bouyer et al. - Contribution of Cutaneous Inputs From the Hindpaw .pdf"
"users/0","7GL2LCK7","L9CEAFWN","10.1152/jn.00891.2006","Musselman","2007","Loading the Limb During Rhythmic Leg Movements Lengthens the Duration of Both Flexion and Extension in Human Infants","False","C:\Users\Ben Bolen\Zotero\storage\L9CEAFWN\Kristin E. Musselman et al. - 2007 - Loading the Limb During Rhythmic Leg Movements Len.pdf"
"users/0","TYYHQBKQ","IRNAFPRJ","10.1113/jphysiol.1982.sp014319","Akazawa","1982","Modulation of stretch reflexes during locomotion in the mesencephalic cat","False","C:\Users\Ben Bolen\Zotero\storage\IRNAFPRJ\Kenzo Akazawa et al. - 1982 - Modulation of stretch reflexes during locomotion i.pdf"
"users/0","GGHBEBW4","DNZH94EE","10.1523/jneurosci.1618-07.2007","Quinlan","2007","Segmental, Synaptic Actions of Commissural Interneurons in the Mouse Spinal Cord","True","C:\Users\Ben Bolen\Zotero\storage\DNZH94EE\Katharina A. Quinlan et al. - 2007 - Segmental, Synaptic Actions of Commissural Interne.pdf"
"users/0","86B232MR","X9ZQJKFL","10.1152/jn.00718.2011","Hellekes","2012","Control of reflex reversal in stick insect walking: effects of intersegmental signals, changes in direction, and optomotor-induced turning","False","C:\Users\Ben Bolen\Zotero\storage\X9ZQJKFL\Katja Hellekes et al. - 2012 - Control of reflex reversal in stick insect walking.pdf"
"users/0","HR9H9J8Z","HBXEMWEI","10.1113/jphysiol.2005.095505","Stecina","2005","Parallel reflex pathways from flexor muscle afferents evoking resetting and flexion enhancement during fictive locomotion and scratch in the cat.","False","C:\Users\Ben Bolen\Zotero\storage\HBXEMWEI\Katinka Stecina et al. - 2005 - Parallel reflex pathways from flexor muscle affere.pdf"
"users/0","VMKUQ2IQ","QDCYC4UZ","10.1152/jn.00944.2011","Hatz","2012","Control of ankle extensor muscle activity in walking cats","False","C:\Users\Ben Bolen\Zotero\storage\QDCYC4UZ\Kathrin Hatz et al. - 2012 - Control of ankle extensor muscle activity in walki.pdf"
"users/0","FQ6VDBKH","KUWGNTLE","10.1523/jneurosci.5486-10.2011","Szokol","2011","Organization of functional synaptic connections between medullary reticulospinal neurons and lumbar descending commissural interneurons in the neonatal mouse.","False","C:\Users\Ben Bolen\Zotero\storage\KUWGNTLE\Karolina Szokol et al. - 2011 - Organization of functional synaptic connections be.pdf"
"users/0","UBQD3A3F","X8VYY6I4","10.3390/biomimetics7040226","Deng","2022","Biomechanical and Sensory Feedback Regularize the Behavior of Different Locomotor Central Pattern Generators","False","C:\Users\Ben Bolen\Zotero\storage\X8VYY6I4\Kaiyu Deng et al. - 2022 - Biomechanical and Sensory Feedback Regularize the .pdf"
"users/0","CEKYCAGT","NAMAK52A","10.1523/jneurosci.20-22-08577.2000","Marcoux","2000","Initiating or Blocking Locomotion in Spinal Cats by Applying Noradrenergic Drugs to Restricted Lumbar Spinal Segments","False","C:\Users\Ben Bolen\Zotero\storage\NAMAK52A\Judith Marcoux et al. - 2000 - Initiating or Blocking Locomotion in Spinal Cats b.pdf"
"users/0","WECMUBAX","FKSUFZVT","10.1152/jn.1998.79.4.1702","Smith","","Forms of Forward Quadrupedal Locomotion. III. A Comparison of Posture, Hindlimb Kinematics, and Motor Patterns for Downslope and Level Walking","True","C:\Users\Ben Bolen\Zotero\storage\FKSUFZVT\Judith Lee Smith et al. - Forms of Forward Quadrupedal Locomotion. III. A Co.pdf"
"users/0","CV83DAZY","KDM6LNP8","10.1113/jphysiol.1957.sp005794","Eccles","1957","The convergence of monosynaptic excitatory afferents on to many different species of alpha motoneurones","False","C:\Users\Ben Bolen\Zotero\storage\KDM6LNP8\John C. Eccles et al. - 1957 - The convergence of monosynaptic excitatory afferen.pdf"
"users/0","MULT3QWH","S96NBBZW","10.1113/jphysiol.1957.sp005849","Eccles","1957","Synaptic actions on motoneurones caused by impulses in Golgi tendon organ afferents.","False","C:\Users\Ben Bolen\Zotero\storage\S96NBBZW\John C. Eccles et al. - 1957 - Synaptic actions on motoneurones caused by impulse.pdf"
"users/0","MGUAVHFY","X58PT9M5","10.1242/jeb.056481","Bender","2011","Kinematic and behavioral evidence for a distinction between trotting and ambling gaits in the cockroach Blaberus discoidalis","False","C:\Users\Ben Bolen\Zotero\storage\X58PT9M5\John A. Bender et al. - 2011 - Kinematic and behavioral evidence for a distinctio.pdf"
"users/0","548ZDKKX","KAA8KFWP","10.1089/neu.2022.0042","Audet","2022","Control of fore- and hindlimb movements and their coordination during quadrupedal locomotion across speeds in adult spinal cats","False","C:\Users\Ben Bolen\Zotero\storage\KAA8KFWP\Johannie Audet et al. - 2022 - Control of fore- and hindlimb movements and their .pdf"
"users/0","G4EK7TTD","Q4RFLCD9","10.1523/jneurosci.2005-13.2013","Borowska","2013","Functional subpopulations of V3 interneurons in the mature mouse spinal cord.","False","C:\Users\Ben Bolen\Zotero\storage\Q4RFLCD9\Joanna Borowska et al. - 2013 - Functional subpopulations of V3 interneurons in th.pdf"
"users/0","BI2N2VXZ","CMKCFGXM","10.1016/j.neuron.2014.02.013","Zhang","2014","V1 and V2b Interneurons Secure the Alternating Flexor-Extensor Motor Activity Mice Require for Limbed Locomotion","True","C:\Users\Ben Bolen\Zotero\storage\CMKCFGXM\Jingming Zhang et al. - 2014 - V1 and V2b Interneurons Secure the Alternating Fle.pdf"
"users/0","EZAB553H","JXG86KPX","10.1113/jphysiol.2005.091744","Nielsen","2005","Organization of common synaptic drive to motoneurones during fictive locomotion in the spinal cat","False","C:\Users\Ben Bolen\Zotero\storage\JXG86KPX\Jens Bo Nielsen et al. - 2005 - Organization of common synaptic drive to motoneuro.pdf"
"users/0","U4HBKUSE","Q55J9XY9","10.1113/jphysiol.1992.sp019296","Cazalets","1992","Activation of the central pattern generators for locomotion by serotonin and excitatory amino acids in neonatal rat.","False","C:\Users\Ben Bolen\Zotero\storage\Q55J9XY9\Jean‐René Cazalets et al. - 1992 - Activation of the central pattern generators for l.pdf"
"users/0","KJPZZM6H","LPNS8DA6","10.1523/jneurosci.15-07-04943.1995","Cazalets","1995","Localization and organization of the central pattern generator for hindlimb locomotion in newborn rat","False","C:\Users\Ben Bolen\Zotero\storage\LPNS8DA6\Jean‐René Cazalets et al. - 1995 - Localization and organization of the central patte.pdf"
"users/0","L2RUU8KR","HYIJTICA","10.3727/096368911x627598","Boulland","2012","Evaluation of intracellular labeling with micron-sized particles of iron oxide (MPIOs) as a general tool for in vitro and in vivo tracking of human stem and progenitor cells.","False","C:\Users\Ben Bolen\Zotero\storage\HYIJTICA\Jean‐Luc Boulland et al. - 2012 - Evaluation of intracellular labeling with micron-s.pdf"
"users/0","FZZ5QS3A","RNKRY7A9","10.1152/jn.00888.2005","Duysens","2006","How deletions in a model could help explain deletions in the laboratory.","False","C:\Users\Ben Bolen\Zotero\storage\RNKRY7A9\Jacques Duysens et al. - 2006 - How deletions in a model could help explain deleti.pdf"
"users/0","WA46PM2Y","RRVWAYJN","10.3389/fncom.2013.00014","Duysens","2013","The flexion synergy, mother of all synergies and father of new models of gait","False","C:\Users\Ben Bolen\Zotero\storage\RRVWAYJN\Jacques Duysens et al. - 2013 - The flexion synergy, mother of all synergies and f.pdf"
"users/0","7F8N78A9","I5QEVNE8","10.1016/j.arcontrol.2019.04.004","Duysens","2019","A controller perspective on biological gait control: Reflexes and central pattern generators","False","C:\Users\Ben Bolen\Zotero\storage\I5QEVNE8\Jaak Duysens et al. - 2019 - A controller perspective on biological gait contro.pdf"
"users/0","3URZQV5H","L4GI8L95","10.1088/1748-3190/aada54","Duysens","2018","Walking with perturbations: a guide for biped humans and robots","False","C:\Users\Ben Bolen\Zotero\storage\L4GI8L95\Jaak Duysens et al. - 2018 - Walking with perturbations a guide for biped huma.pdf"
"users/0","IV4TUKTR","XJJLS4RK","10.1152/jn.00325.2004","Donelan","2004","Contribution of Force Feedback to Ankle Extensor Activity in Decerebrate Walking Cats","False","C:\Users\Ben Bolen\Zotero\storage\XJJLS4RK\J. Maxwell Donelan et al. - 2004 - Contribution of Force Feedback to Ankle Extensor A.pdf"
"users/0","WDQ262NK","FS5NATYM","10.1113/jphysiol.1993.sp019498","Beloozerova","1993","The role of the motor cortex in the control of accuracy of locomotor movements in the cat.","True","C:\Users\Ben Bolen\Zotero\storage\FS5NATYM\Irina N. Beloozerova et al. - 1993 - The role of the motor cortex in the control of acc.pdf"
"users/0","DQLYCBH2","D58QGTAB","10.1113/jphysiol.2013.261115","Rybak","2013","Modelling genetic reorganization in the mouse spinal cord affecting left–right coordination during locomotion","True","C:\Users\Ben Bolen\Zotero\storage\D58QGTAB\Ilya A. Rybak et al. - 2013 - Modelling genetic reorganization in the mouse spin.pdf"
"users/0","L5E6WSMY","C768R676","10.1113/jphysiol.1983.sp014663","Jankowska","1983","Shared reflex pathways from Ib tendon organ afferents and Ia muscle spindle afferents in the cat.","True","C:\Users\Ben Bolen\Zotero\storage\C768R676\E. Jankowska et al. - 1983 - Shared reflex pathways from Ib tendon organ affere.pdf"
"users/0","CHLNDG3Y","BVW9QVKY","10.1523/jneurosci.0612-22.2022","Dewolf","2022","Left-right locomotor coordination in human neonates","True","C:\Users\Ben Bolen\Zotero\storage\BVW9QVKY\Dewolf et al. - 2022 - Left-right locomotor coordination in human neonate.pdf"
"users/0","BBF8TBC3","7WU4IIVP","10.1523/jneurosci.5894-08.2010","Hart","2010","A Neural Basis for Motor Primitives in the Spinal Cord","True","C:\Users\Ben Bolen\Zotero\storage\7WU4IIVP\Corey B. Hart et al. - 2010 - A Neural Basis for Motor Primitives in the Spinal .pdf"
"users/0","VFJ5DL9M","7JXDCYCG","10.1152/jn.00347.2019","Maxwell","2020","The mammalian spinal commissural system: properties and functions.","True","C:\Users\Ben Bolen\Zotero\storage\7JXDCYCG\David Maxwell et al. - 2020 - The mammalian spinal commissural system propertie.pdf"
"users/0","KIG9DEKJ","7ACBM44L","10.7554/elife.73424","Zhang","2022","The role of V3 neurons in speed-dependent interlimb coordination during locomotion in mice.","True","C:\Users\Ben Bolen\Zotero\storage\7ACBM44L\Han Zhang et al. - 2022 - The role of V3 neurons in speed-dependent interlim.pdf"
"users/0","X7H6J7XW","6WWPSZ4K","10.1152/physrev.2001.81.2.539","Bosco","2001","Proprioception from a spinocerebellar perspective.","True","C:\Users\Ben Bolen\Zotero\storage\6WWPSZ4K\Gianfranco Bosco et al. - 2001 - Proprioception from a spinocerebellar perspective..pdf"
"users/0","3HGNG5J2","6V66UIQ3","10.3389/fnins.2018.00053","Jean-Xavier","2018","Influence of Brain Stem on Axial and Hindlimb Spinal Locomotor Rhythm Generating Circuits of the Neonatal Mouse.","True","C:\Users\Ben Bolen\Zotero\storage\6V66UIQ3\Céline Jean-Xavier et al. - 2018 - Influence of Brain Stem on Axial and Hindlimb Spin.pdf"
"users/0","WPX6WYWS","5937E9U9","10.1152/jn.1999.81.4.1856","Hess","1999","Role of Proprioceptive Signals From an Insect Femur-Tibia Joint in Patterning Motoneuronal Activity of an Adjacent Leg Joint","True","C:\Users\Ben Bolen\Zotero\storage\5937E9U9\Dietmar Hess et al. - 1999 - Role of Proprioceptive Signals From an Insect Femu.pdf"
"users/0","5AYSTSNZ","43XBWLWJ","10.1101/226316","Schnerwitzki","2017","Loss of Wt1 in the murine spinal cord alters interneuron composition and locomotion","True","C:\Users\Ben Bolen\Zotero\storage\43XBWLWJ\Danny Schnerwitzki et al. - 2017 - Loss of Wt1 in the murine spinal cord alters inter.pdf"
"users/0","V4ZNAPCE","3JKYYN8L","10.1152/jn.00496.2003","Gagnon","2003","Contribution of Cutaneous Inputs From the Hindpaw to the Control of Locomotion. I. Intact Cats","True","C:\Users\Ben Bolen\Zotero\storage\3JKYYN8L\Gagnon et al. - 2003 - Contribution of Cutaneous Inputs From the Hindpaw .pdf"
"users/0","ZNH4Y6RK","3ECIQD32","10.3389/fnsys.2022.814028","Harnie","2022","State- and Condition-Dependent Modulation of the Hindlimb Locomotor Pattern in Intact and Spinal Cats Across Speeds","True","C:\Users\Ben Bolen\Zotero\storage\3ECIQD32\Harnie et al. - 2022 - State- and Condition-Dependent Modulation of the H.pdf"
"users/0","CEQX3Y93","3EA58R8T","10.1152/jn.1997.77.6.3311","Zehr","1997","Cutaneous Reflexes During Human Gait: Electromyographic and Kinematic Responses to Electrical Stimulation","True","C:\Users\Ben Bolen\Zotero\storage\3EA58R8T\E. Paul Zehr et al. - 1997 - Cutaneous Reflexes During Human Gait Electromyogr.pdf"
"users/0","SIZ7EM97","39FILAMJ","10.14814/phy2.13504","Yokoyama","2017","Motor module activation sequence and topography in the spinal cord during air-stepping in human: Insights into the traveling wave in spinal locomotor circuits.","True","C:\Users\Ben Bolen\Zotero\storage\39FILAMJ\Haruki Yokoyama et al. - 2017 - Motor module activation sequence and topography in.pdf"
"users/0","UKRVAS3Q","HKKG8BST","10.1038/s41598-021-90058-0","Stark","2021","A three-dimensional musculoskeletal model of the dog.","False","C:\Users\Ben Bolen\Zotero\storage\HKKG8BST\Heiko Stark et al. - 2021 - A three-dimensional musculoskeletal model of the d.pdf"
"users/0","VDY6Y7L5","XRF7M68G","10.1101/2020.07.16.205856","Stark","2020","A three-dimensional musculoskeletal model of the dog","False","C:\Users\Ben Bolen\Zotero\storage\XRF7M68G\Heiko Stark et al. - 2020 - A three-dimensional musculoskeletal model of the d.pdf"
"users/0","4FP5J2EP","RN257M7P","10.1101/2021.09.01.458603","Zhang","2021","The role of V3 neurons in speed-dependent interlimb coordination during locomotion in mice","False","C:\Users\Ben Bolen\Zotero\storage\RN257M7P\Han Zhang et al. - 2021 - The role of V3 neurons in speed-dependent interlim.pdf"
"users/0","RZHWHV8V","E4YS2UK6","10.1038/ncomms1276","Zhong","2011","Frequency-dependent recruitment of V2a interneurons during fictive locomotion in the mouse spinal cord","True","C:\Users\Ben Bolen\Zotero\storage\E4YS2UK6\Guisheng Zhong et al. - 2011 - Frequency-dependent recruitment of V2a interneuron.pdf"
"users/0","C7ZXYEER","KPUKD5J2","10.21203/rs.3.rs-153297/v1","Sutton","2021","Neural control of rhythmic limb motion is shaped by size and speed","False","C:\Users\Ben Bolen\Zotero\storage\KPUKD5J2\Gregory P. Sutton et al. - 2021 - Neural control of rhythmic limb motion is shaped b.pdf"
"users/0","IYTYN9G5","REM4TNZB","10.1002/cne.20711","Álvarez","2005","Postnatal Phenotype and Localization of Spinal Cord V1 Derived Interneurons","False","C:\Users\Ben Bolen\Zotero\storage\REM4TNZB\Francisco J. Álvarez et al. - 2005 - Postnatal Phenotype and Localization of Spinal Cor.pdf"
"users/0","424NG6WU","LVEX7ZAJ","10.7939/r3-jt04-kz83","Haque","2019","Characterization of WT1-expressing interneurons and investigation of their role in locomotion","False","C:\Users\Ben Bolen\Zotero\storage\LVEX7ZAJ\Farhia Haque and Haque - 2019 - Characterization of WT1-expressing interneurons an.pdf"
"users/0","JZDRPRJK","ZC386V78","10.3390/biomimetics4010010","Young","2019","Analyzing Moment Arm Profiles in a Full-Muscle Rat Hindlimb Model","False","C:\Users\Ben Bolen\Zotero\storage\ZC386V78\Fletcher R. Young et al. - 2019 - Analyzing Moment Arm Profiles in a Full-Muscle Rat.pdf"
"users/0","NUQ2JRWH","ITZKK35Y","10.1016/s0960-9822(01)00581-4","Marder","2001","Central pattern generators and the control of rhythmic movements","False","C:\Users\Ben Bolen\Zotero\storage\ITZKK35Y\Eve Marder et al. - 2001 - Central pattern generators and the control of rhyt.pdf"
"users/0","QD6Q6WVB","RFHCJXUU","10.3389/fncel.2019.00452","Li","2019","Flexor and Extensor Ankle Afferents Broadly Innervate Locomotor Spinal Shox2 Neurons and Induce Similar Effects in Neonatal Mice.","False","C:\Users\Ben Bolen\Zotero\storage\RFHCJXUU\Erik Z. Li et al. - 2019 - Flexor and Extensor Ankle Afferents Broadly Innerv.pdf"
"users/0","MZQZRLAD","DZIAWFUP","10.1113/jphysiol.1981.sp013556","Jankowska","1981","Common interneurones in reflex pathways from group 1a and 1b afferents of ankle extensors in the cat.","True","C:\Users\Ben Bolen\Zotero\storage\DZIAWFUP\E. Jankowska et al. - 1981 - Common interneurones in reflex pathways from group.pdf"
"users/0","8RDG5YUZ","N2XKAUYD","10.1111/j.1460-9568.2010.07354.x","Jankowska","2010","Functional subdivision of feline spinal interneurons in reflex pathways from group Ib and II muscle afferents; an update.","False","C:\Users\Ben Bolen\Zotero\storage\N2XKAUYD\E. Jankowska et al. - 2010 - Functional subdivision of feline spinal interneuro.pdf"
"users/0","8KR32L5I","ESZT2H87","10.1016/j.brainresrev.2007.06.022","Jankowska","2008","Spinal interneuronal networks in the cat: elementary components.","True","C:\Users\Ben Bolen\Zotero\storage\ESZT2H87\E. Jankowska and Jankowska - 2008 - Spinal interneuronal networks in the cat elementa.pdf"
"users/0","S2ACA47F","YKU72TBX","10.1007/s00422-016-0704-8","Lyttle","2017","Robustness, flexibility, and sensitivity in a multifunctional motor control model","False","C:\Users\Ben Bolen\Zotero\storage\YKU72TBX\David Lyttle et al. - 2017 - Robustness, flexibility, and sensitivity in a mult.pdf"
"users/0","P4K9D6C4","NMFMMA6K","10.1016/j.conb.2015.03.001","McLean","2015","Peeling back the layers of locomotor control in the spinal cord","False","C:\Users\Ben Bolen\Zotero\storage\NMFMMA6K\David L. McLean et al. - 2015 - Peeling back the layers of locomotor control in th.pdf"
"users/0","T49RHM58","N3UPAJ6L","10.1113/jphysiol.1995.sp020897","McCrea","1995","Disynaptic group I excitation of synergist ankle extensor motoneurones during fictive locomotion in the cat.","False","C:\Users\Ben Bolen\Zotero\storage\N3UPAJ6L\David A. McCrea et al. - 1995 - Disynaptic group I excitation of synergist ankle e.pdf"
"users/0","69IZK39D","QUYJVJZT","10.1152/jn.00996.2009","Hinckley","2010","Sensory Modulation of Locomotor-Like Membrane Oscillations in Hb9-Expressing Interneurons","False","C:\Users\Ben Bolen\Zotero\storage\QUYJVJZT\Christopher A. Hinckley et al. - 2010 - Sensory Modulation of Locomotor-Like Membrane Osci.pdf"
"users/0","RQ2TPMYJ","EFEIMKTA","10.1016/j.celrep.2018.08.095","Chopek","2018","Sub-populations of Spinal V3 Interneurons Form Focal Modules of Layered Pre-motor Microcircuits.","True","C:\Users\Ben Bolen\Zotero\storage\EFEIMKTA\Chopek et al. - 2018 - Sub-populations of Spinal V3 Interneurons Form Foc.pdf"
"users/0","ZJK8IIDQ","SVW8KQ2S","10.1152/jn.00909.2004","Langlet","2005","Mid-Lumbar Segments Are Needed for the Expression of Locomotion in Chronic Spinal Cats","False","C:\Users\Ben Bolen\Zotero\storage\SVW8KQ2S\Cécile Langlet et al. - 2005 - Mid-Lumbar Segments Are Needed for the Expression .pdf"
"users/0","UKJXVFTT","YPMRGLWE","10.1523/jneurosci.06-05-01308.1986","Capaday","1986","Amplitude modulation of the soleus H-reflex in the human during walking and standing","False","C:\Users\Ben Bolen\Zotero\storage\YPMRGLWE\Charles Capaday et al. - 1986 - Amplitude modulation of the soleus H-reflex in the.pdf"
"users/0","ZMLZC8RV","TT7LSVCK","10.1113/jphysiol.1910.sp001362","Sherrington","1910","Flexion-reflex of the limb, crossed extension-reflex, and reflex stepping and standing.","False","C:\Users\Ben Bolen\Zotero\storage\TT7LSVCK\C. S. Sherrington and Sherrington - 1910 - Flexion-reflex of the limb, crossed extension-refl.pdf"
"users/0","7MN8AABH","BD2MCTWC","10.3389/fncel.2019.00512","Laliberté","2019","Propriospinal Neurons: Essential Elements of Locomotor Control in the Intact and Possibly the Injured Spinal Cord.","True","C:\Users\Ben Bolen\Zotero\storage\BD2MCTWC\Alex M. Laliberté et al. - 2019 - Propriospinal Neurons Essential Elements of Locom.pdf"
"users/0","VIP3GQJV","B24E7NHB","10.1523/jneurosci.3931-12.2013","Frigon","2013","Split-belt walking alters the relationship between locomotor phases and cycle duration across speeds in intact and chronic spinalized adult cats.","True","C:\Users\Ben Bolen\Zotero\storage\B24E7NHB\Alain Frigon et al. - 2013 - Split-belt walking alters the relationship between.pdf"
"users/0","UD2N37J8","ALMGXZZK","10.1111/j.1469-7793.1998.293bu.x","Procházka","1998","Ensemble firing of muscle afferents recorded during normal locomotion in cats","True","C:\Users\Ben Bolen\Zotero\storage\ALMGXZZK\A. Procházka et al. - 1998 - Ensemble firing of muscle afferents recorded durin.pdf"
"users/0","LW34QCSG","AJKJBBXG","10.1111/j.1469-7793.1998.277bu.x","Procházka","1998","Models of ensemble firing of muscle spindle afferents recorded during normal locomotion in cats","True","C:\Users\Ben Bolen\Zotero\storage\AJKJBBXG\A. Procházka et al. - 1998 - Models of ensemble firing of muscle spindle affere.pdf"
"users/0","JU2XYUMF","83RA2CF6","10.1113/jphysiol.2009.176669","Frigon","2009","Asymmetric control of cycle period by the spinal locomotor rhythm generator in the adult cat.","True","C:\Users\Ben Bolen\Zotero\storage\83RA2CF6\Alain Frigon et al. - 2009 - Asymmetric control of cycle period by the spinal l.pdf"
"users/0","58Q9FCBD","64SCAAVE","10.1152/jn.00524.2013","Frigon","2014","Speed-dependent modulation of phase variations on a step-by-step basis and its impact on the consistency of interlimb coordination during quadrupedal locomotion in intact adult cats","True","C:\Users\Ben Bolen\Zotero\storage\64SCAAVE\Alain Frigon et al. - 2014 - Speed-dependent modulation of phase variations on .pdf"
"users/0","XYJD8M3Q","T4L9LF2I","10.1152/jn.00194.2019","LaPallo","2019","Crossed activation of thoracic trunk motoneurons by medullary reticulospinal neurons.","False","C:\Users\Ben Bolen\Zotero\storage\T4L9LF2I\Brandon K. LaPallo et al. - 2019 - Crossed activation of thoracic trunk motoneurons b.pdf"
"users/0","Y2BW66HN","X7L89PYM","10.1152/jn.00615.2004","Büschges","2005","Sensory control and organization of neural networks mediating coordination of multisegmental organs for locomotion.","False","C:\Users\Ben Bolen\Zotero\storage\X7L89PYM\Ansgar Büschges and Büschges - 2005 - Sensory control and organization of neural network.pdf"
"users/0","TYN2GGIQ","JHEZHHDS","10.1242/jeb.245784","Ijspeert","2023","Integration of feedforward and feedback control in the neuromechanics of vertebrate locomotion: a review of experimental, simulation and robotic studies","False","C:\Users\Ben Bolen\Zotero\storage\JHEZHHDS\Auke Jan Ijspeert and Monica A. Daley - 2023 - Integration of feedforward and feedback control in.pdf"
"users/0","K4X7AYCE","FWX4BP6P","10.1152/jn.00310.2020","Klishko","2021","Common and distinct muscle synergies during level and slope locomotion in the cat.","False","C:\Users\Ben Bolen\Zotero\storage\FWX4BP6P\Alexander N. Klishko et al. - 2021 - Common and distinct muscle synergies during level .pdf"
"users/0","9K4DAP7A","JFZ79P7W","10.3389/fncir.2023.1146449","Wilson","2023","Spinal cords: Symphonies of interneurons across species","False","C:\Users\Ben Bolen\Zotero\storage\JFZ79P7W\Alexia C. Wilson and Lora B. Sweeney - 2023 - Spinal cords Symphonies of interneurons across sp.pdf"
"users/0","RJNJ56N2","HIIA6G5Q","10.1152/jn.00978.2016","Frigon","2017","The neural control of interlimb coordination during mammalian locomotion.","False","C:\Users\Ben Bolen\Zotero\storage\HIIA6G5Q\Alain Frigon and Frigon - 2017 - The neural control of interlimb coordination durin.pdf"
"users/0","H37LQZBS","MRYN67BY","10.1152/jn.01028.2009","Frigon","2010","Effects of ankle and hip muscle afferent inputs on rhythm generation during fictive locomotion.","False","C:\Users\Ben Bolen\Zotero\storage\MRYN67BY\Alain Frigon et al. - 2010 - Effects of ankle and hip muscle afferent inputs on.pdf"
"users/0","7WF6KLGD","HYT5D5BK","10.1093/icb/icm065","Procházka","2007","Predictive and reactive tuning of the locomotor CPG","False","C:\Users\Ben Bolen\Zotero\storage\HYT5D5BK\A. Procházka et al. - 2007 - Predictive and reactive tuning of the locomotor CP.pdf"
"users/0","WV2FMHTZ","G3KI3N72","10.1016/j.neuron.2011.07.011","Talpalar","2011","Identification of Minimal Neuronal Networks Involved in Flexor-Extensor Alternation in the Mammalian Spinal Cord","False","C:\Users\Ben Bolen\Zotero\storage\G3KI3N72\Adolfo E. Talpalar et al. - 2011 - Identification of Minimal Neuronal Networks Involv.pdf"
"users/0","KEPJX8DH","NDJXT5KL","10.1152/jn.1997.77.6.3237","Procházka","1997","Implications of Positive Feedback in the Control of Movement","False","C:\Users\Ben Bolen\Zotero\storage\NDJXT5KL\A. Procházka et al. - 1997 - Implications of Positive Feedback in the Control o.pdf"
"users/0","6TG5KE8W","FAEYIIBZ","10.1113/jphysiol.2006.118703","Rybak","2006","Modelling spinal circuitry involved in locomotor pattern generation: insights from deletions during fictive locomotion","True","C:\Users\Ben Bolen\Zotero\storage\FAEYIIBZ\Rybak et al. - 2006 - Modelling spinal circuitry involved in locomotor p.pdf"
"users/0","CZSULL8Q","YRE2K9TJ","10.1098/rsif.2012.0669","Owaki","2013","Simple robot suggests physical interlimb communication is essential for quadruped walking","False","C:\Users\Ben Bolen\Zotero\storage\YRE2K9TJ\Owaki et al. - 2013 - Simple robot suggests physical interlimb communica.pdf"
"users/0","Z4SYMXR9","EWNZK2VU","10.1016/j.brainresrev.2007.08.006","McCrea","2008","Organization of mammalian locomotor rhythm and pattern generation","True","C:\Users\Ben Bolen\Zotero\storage\EWNZK2VU\McCrea and Rybak - 2008 - Organization of mammalian locomotor rhythm and pat.pdf"
"users/0","KBKN2MM5","MXBZHJHL","10.1007/s10489-021-02275-9","Husbands","2021","Recent advances in evolutionary and bio-inspired adaptive robotics: Exploiting embodied dynamics","False","C:\Users\Ben Bolen\Zotero\storage\MXBZHJHL\Husbands et al. - 2021 - Recent advances in evolutionary and bio-inspired a.pdf"
"users/0","DRACVJLN","K2J9YCWX","10.7939/r3639kg5w","Griener","2016","Connectivity and Regional Distribution of Constituent Cells of the Mammalian Locomotor Central Pattern Generator","False","C:\Users\Ben Bolen\Zotero\storage\K2J9YCWX\Anna Griener and Griener - 2016 - Connectivity and Regional Distribution of Constitu.pdf"
"users/0","XU96TQX9","XJUH24BH","10.3389/fnbot.2017.00018","Hunt","2017","Development and Training of a Neural Controller for Hind Leg Walking in a Dog Robot","False","C:\Users\Ben Bolen\Zotero\storage\XJUH24BH\Alexander Hunt et al. - 2017 - Development and Training of a Neural Controller fo.pdf"
"users/0","T22NX5SR","J3L2N3YY","10.1152/jn.00065.2005","Ekeberg","2005","Computer simulation of stepping in the hind legs of the cat: an examination of mechanisms regulating the stance-to-swing transition.","False","C:\Users\Ben Bolen\Zotero\storage\J3L2N3YY\Ekeberg, Pearson - 2005 - Computer simulation of stepping in the hind legs of the cat an examination of mechanisms regulating the stance.pdf"
"users/0","U9LYZZKP","Y6VEI3AK","10.1007/978-1-4939-3267-2_2","Prilutsky","2016","A Neuromechanical Model of Spinal Control of Locomotion","False","C:\Users\Ben Bolen\Zotero\storage\Y6VEI3AK\Markin et al. - 2016 - A Neuromechanical Model of Spinal Control of Locom.pdf"
"users/0","IEP6HWJQ","DY4Z48NQ","10.1109/tnsre.2010.2047592","Geyer","2010","A Muscle-Reflex Model That Encodes Principles of Legged Mechanics Produces Human Walking Dynamics and Muscle Activities","True","C:\Users\Ben Bolen\Zotero\storage\DY4Z48NQ\Geyer and Herr - 2010 - A Muscle-Reflex Model That Encodes Principles of L.pdf"
"users/0","CF4NKJHF","72S2RJ7S","10.1152/physrev.1992.72.3.623","Jami","1992","Golgi tendon organs in mammalian skeletal muscle: functional properties and central actions","True","C:\Users\Ben Bolen\Zotero\storage\72S2RJ7S\Jami - 1992 - Golgi tendon organs in mammalian skeletal muscle .pdf"
"users/0","HJKAP6HX","4P3JCV9C","","Prochazka","1999","Quantifying proprioception","True","C:\Users\Ben Bolen\Zotero\storage\4P3JCV9C\Prochazka - 1999 - Quantifying proprioception.pdf"
"users/0","MKS3BUPU","WB9IPAAQ","10.1152/jn.00497.2017","Vincent","2017","Muscle proprioceptors in adult rat: mechanosensory signaling and synapse distribution in spinal cord","False","C:\Users\Ben Bolen\Zotero\storage\WB9IPAAQ\Vincent et al. - 2017 - Muscle proprioceptors in adult rat mechanosensory.pdf"
"users/0","J7R2GK58","IGDCL9H8","","Stein","2000","Functional role of muscle reflexes for force generation in the decerebrate walking cat","False","C:\Users\Ben Bolen\Zotero\storage\IGDCL9H8\Stein_et_al-2000-The_Journal_of_Physiology.pdf"
"users/0","HJKAP6HX","Z97TV8P7","","Prochazka","1999","Quantifying proprioception","False","C:\Users\Ben Bolen\Zotero\storage\Z97TV8P7\1999 quantifying_proprioception.pdf"
"users/0","W4B3WQQJ","GHSPU4RJ","10.1152/jn.1991.66.6.1874","Pearson","1991","Fictive motor patterns in chronic spinal cats","False","C:\Users\Ben Bolen\Zotero\storage\GHSPU4RJ\Pearson and Rossignol - 1991 - Fictive motor patterns in chronic spinal cats.pdf"
"users/0","7V5HW296","LYX6K5MQ","10.1523/jneurosci.4849-09.2010","Zhong","2010","Electrophysiological Characterization of V2a Interneurons and Their Locomotor-Related Activity in the Neonatal Mouse Spinal Cord","False","C:\Users\Ben Bolen\Zotero\storage\LYX6K5MQ\Guisheng Zhong et al. - 2010 - Electrophysiological Characterization of V2a Inter.pdf"
"users/0","N9S6TS6L","3ZHRZD8R","10.1038/s41467-023-41750-4","Masuda","2023","Ketamine evoked disruption of entorhinal and hippocampal spatial maps","True","C:\Users\Ben Bolen\Zotero\storage\3ZHRZD8R\Masuda et al. - 2023 - Ketamine evoked disruption of entorhinal and hippo.pdf"
"users/0","MFMKBZUY","RIKLNLQK","10.1523/jneurosci.1316-22.2022","Zanos","2023","NMDA Receptor Activation-Dependent Antidepressant-Relevant Behavioral and Synaptic Actions of Ketamine","True","C:\Users\Ben Bolen\Zotero\storage\RIKLNLQK\Zanos et al. - 2023 - NMDA Receptor Activation-Dependent Antidepressant-.pdf"
"users/0","256JNYAY","VPY6CA2N","10.1111/j.1743-6109.2011.02211.x","Tajkarimi","2011","The Role of Genital Nerve Afferents in the Physiology of the Sexual Response and Pelvic Floor Function","True","C:\Users\Ben Bolen\Zotero\storage\VPY6CA2N\Tajkarimi and Burnett - 2011 - The Role of Genital Nerve Afferents in the Physiol.pdf"
"users/0","C7RCVPYL","XVLRIVQB","10.1038/s41598-022-14020-4","Ruesink","2022","A psychophysical and neuroimaging analysis of genital hedonic sensation in men","True","C:\Users\Ben Bolen\Zotero\storage\XVLRIVQB\Ruesink et al. - 2022 - A psychophysical and neuroimaging analysis of geni.pdf"
"users/0","XJU92RF6","Z2VDFV2Y","10.1016/0006-8993(86)90357-4","Halata","1986","The neuroanatomical basis for the protopathic sensibility of the human glans penis","True","C:\Users\Ben Bolen\Zotero\storage\Z2VDFV2Y\Halata and Munger - 1986 - The neuroanatomical basis for the protopathic sens.pdf"
"users/0","Z68VN5PH","6YCQVACH","","Zhao","2010","Full-Featured Pedometer Design Realized with 3-Axis Digital Accelerometer","True","C:\Users\Ben Bolen\Zotero\storage\6YCQVACH\Zhao - 2010 - Full-Featured Pedometer Design Realized with 3-Axi.pdf"
"users/0","MJSAEIYJ","6UK6ULB9","10.1177/2398212818810685","Grant","2018","Synapse molecular complexity and the plasticity-behaviour problem","True","C:\Users\Ben Bolen\Zotero\storage\6UK6ULB9\Grant - 2018 - Synapse molecular complexity and the plasticity-be.pdf"
"users/0","MGTSH4TP","S8L9XIRJ","10.1101/sqb.2018.83.037887","Grant","2019","The Synaptomic Theory of Behavior and Brain Disease","True","C:\Users\Ben Bolen\Zotero\storage\S8L9XIRJ\Grant - 2019 - The Synaptomic Theory of Behavior and Brain Diseas.pdf"
"users/0","T7ZJEPRH","QNAUQZVV","10.1038/nn.3276","Nithianantharajah","2013","Synaptic scaffold evolution generated components of vertebrate cognitive complexity","True","C:\Users\Ben Bolen\Zotero\storage\QNAUQZVV\Nithianantharajah et al. - 2013 - Synaptic scaffold evolution generated components o.pdf"
"users/0","HKTFEPSW","JK7PKMYA","10.1038/nn.3292","Belgard","2013","Retooling spare parts: gene duplication and cognition","True","C:\Users\Ben Bolen\Zotero\storage\JK7PKMYA\Belgard and Geschwind - 2013 - Retooling spare parts gene duplication and cognit.pdf"
"users/0","GEQBFWJJ","S4MMZDEP","10.1038/nn.3277","Ryan","2013","Evolution of GluN2A/B cytoplasmic domains diversified vertebrate synaptic plasticity and behavior","True","C:\Users\Ben Bolen\Zotero\storage\S4MMZDEP\Ryan et al. - 2013 - Evolution of GluN2AB cytoplasmic domains diversif.pdf"
"users/0","E478PSQT","8EWRN9CN","10.1007/s00422-017-0711-4","Szczecinski","2017","Design process and tools for dynamic neuromechanical models and robot controllers","True","C:\Users\Ben Bolen\Zotero\storage\8EWRN9CN\Szczecinski et al. - 2017 - Design process and tools for dynamic neuromechanic.pdf"
"users/0","X2JTGTDF","DNVUUWXF","10.1088/1748-3190/10/4/041001","Buschmann","2015","Controlling legs for locomotion—insights from robotics and neurobiology","True","C:\Users\Ben Bolen\Zotero\storage\DNVUUWXF\Buschmann et al. - 2015 - Controlling legs for locomotion—insights from robo.pdf"
"users/0","AA9JLD3J","FZ43LIHG","10.1007/bf00204111","Shadmehr","1992","A mathematical analysis of the force-stiffness characteristics of muscles in control of a single joint system","True","C:\Users\Ben Bolen\Zotero\storage\FZ43LIHG\Shadmehr and Arbib - 1992 - A mathematical analysis of the force-stiffness cha.pdf"
"users/0","Q6LE772C","CP9EC3VB","10.1109/tnn.2004.832719","Izhikevich","2004","Which Model to Use for Cortical Spiking Neurons?","True","C:\Users\Ben Bolen\Zotero\storage\CP9EC3VB\Izhikevich - 2004 - Which Model to Use for Cortical Spiking Neurons.pdf"
"users/0","A3ELQ6W6","6FZWMDBS","10.1007/978-3-319-22979-9_21","Wilson","2015","Using Animal Data and Neural Dynamics to Reverse Engineer a Neuromechanical Rat Model","True","C:\Users\Ben Bolen\Zotero\storage\6FZWMDBS\Hunt et al. - 2015 - Using Animal Data and Neural Dynamics to Reverse E.pdf"
"users/0","X6NL3I38","V5IVNQVH","10.1007/978-3-319-95972-6_15","Vouloutsi","2018","Neuromechanical Model of Rat Hind Limb Walking with Two Layer CPGs and Muscle Synergies","True","C:\Users\Ben Bolen\Zotero\storage\V5IVNQVH\Deng et al. - 2018 - Neuromechanical Model of Rat Hind Limb Walking wit.pdf"
"users/0","ZP42GEX2","ZAK4FK2K","10.3390/biomimetics4010021","Deng","2019","Neuromechanical Model of Rat Hindlimb Walking with Two-Layer CPGs","True","C:\Users\Ben Bolen\Zotero\storage\ZAK4FK2K\Deng et al. - 2019 - Neuromechanical Model of Rat Hindlimb Walking with.pdf"
"users/0","Y3SF4GJC","KIWKLCZP","10.1088/1748-3190/aa8290","Li","2017","A neural network with central pattern generators entrained by sensory feedback controls walking of a bipedal model","True","C:\Users\Ben Bolen\Zotero\storage\KIWKLCZP\Li et al. - 2017 - A neural network with central pattern generators e.pdf"
"users/0","CA6DAGZ8","SKZLALUY","10.1371/journal.pbio.0050316","Miall","2007","Disruption of State Estimation in the Human Lateral Cerebellum","True","C:\Users\Ben Bolen\Zotero\storage\SKZLALUY\Miall et al. - 2007 - Disruption of State Estimation in the Human Latera.pdf"
"users/0","UV5K7V6K","KWIC97M8","10.1523/jneurosci.3115-09.2009","Xu-Wilson","2009","Cerebellar Contributions to Adaptive Control of Saccades in Humans","True","C:\Users\Ben Bolen\Zotero\storage\KWIC97M8\Xu-Wilson et al. - 2009 - Cerebellar Contributions to Adaptive Control of Sa.pdf"
"users/0","WT5T8CJT","NP5434U3","10.1038/nn.4077","Brooks","2015","Learning to expect the unexpected: rapid updating in primate cerebellum during voluntary self-motion","True","C:\Users\Ben Bolen\Zotero\storage\NP5434U3\Brooks et al. - 2015 - Learning to expect the unexpected rapid updating .pdf"
"users/0","UEBTINTU","Q3YH27MX","10.1523/jneurosci.3988-03.2004","Roy","2004","Dissociating Self-Generated from Passively Applied Head Motion: Neural Mechanisms in the Vestibular Nuclei","True","C:\Users\Ben Bolen\Zotero\storage\Q3YH27MX\Roy - 2004 - Dissociating Self-Generated from Passively Applied.pdf"
"users/0","HZLIY9A6","ZU5EW2P2","10.1152/jn.00833.2004","Zago","2005","Fast Adaptation of the Internal Model of Gravity for Manual Interceptions: Evidence for Event-Dependent Learning","True","C:\Users\Ben Bolen\Zotero\storage\ZU5EW2P2\Zago et al. - 2005 - Fast Adaptation of the Internal Model of Gravity f.pdf"
"users/0","RXGEI9WZ","SAESYNIB","10.1152/jn.00947.2004","Scheidt","2005","Interaction of visual and proprioceptive feedback during adaptation of human reaching movements.","True","C:\Users\Ben Bolen\Zotero\storage\SAESYNIB\Scheidt et al. - 2005 - Interaction of visual and proprioceptive feedback .pdf"
"users/0","PGSBKTAU","NQJQEMGH","10.1016/j.cub.2013.04.029","Brooks","2013","The Primate Cerebellum Selectively Encodes Unexpected Self-Motion","True","C:\Users\Ben Bolen\Zotero\storage\NQJQEMGH\Brooks and Cullen - 2013 - The Primate Cerebellum Selectively Encodes Unexpec.pdf"
"users/0","XHJNPXDR","F4GKATB5","10.1523/jneurosci.1937-09.2009","Brooks","2009","Multimodal Integration in Rostral Fastigial Nucleus Provides an Estimate of Body Movement","True","C:\Users\Ben Bolen\Zotero\storage\F4GKATB5\Brooks and Cullen - 2009 - Multimodal Integration in Rostral Fastigial Nucleu.pdf"
"users/0","ZPQX9BKB","YYW7BNA6","10.1007/s12311-010-0201-x","Taylor","2010","An Explicit Strategy Prevails When the Cerebellum Fails to Compute Movement Errors","True","C:\Users\Ben Bolen\Zotero\storage\YYW7BNA6\Taylor et al. - 2010 - An Explicit Strategy Prevails When the Cerebellum .pdf"
"users/0","2FA2C82D","T5BR2UYP","10.1016/j.conb.2011.06.012","Krakauer","2011","Human sensorimotor learning: adaptation, skill, and beyond","True","C:\Users\Ben Bolen\Zotero\storage\T5BR2UYP\Krakauer and Mazzoni - 2011 - Human sensorimotor learning adaptation, skill, an.pdf"
"users/0","55LF7Q68","S73VAA7P","10.1523/jneurosci.2151-12.2012","Popa","2012","Predictive and feedback performance errors are signaled in the simple spike discharge of individual Purkinje cells.","True","C:\Users\Ben Bolen\Zotero\storage\S73VAA7P\Popa et al. - 2012 - Predictive and feedback performance errors are sig.pdf"
"users/0","D87VGQFC","NWAXZJ4L","10.1152/jn.00394.2010","Wong","2011","Sensorimotor adaptation error signals are derived from realistic predictions of movement outcomes.","True","C:\Users\Ben Bolen\Zotero\storage\NWAXZJ4L\Wong and Shelhamer - 2011 - Sensorimotor adaptation error signals are derived .pdf"
"users/0","33FY572T","8FYG99FA","10.1038/nn.2229","Berniker","2008","Estimating the sources of motor errors for adaptation and generalization","True","C:\Users\Ben Bolen\Zotero\storage\8FYG99FA\Berniker and Kording - 2008 - Estimating the sources of motor errors for adaptat.pdf"
"users/0","L5W5683V","WH7QQYTS","10.1146/annurev-neuro-060909-153135","Shadmehr","2010","Error Correction, Sensory Prediction, and Adaptation in Motor Control","True","C:\Users\Ben Bolen\Zotero\storage\WH7QQYTS\Shadmehr et al. - 2010 - Error Correction, Sensory Prediction, and Adaptati.pdf"
"users/0","EXU58LGN","ASSX2K3G","10.1016/j.conb.2011.05.025","Medina","2011","The multiple roles of Purkinje cells in sensori-motor calibration: to predict, teach and command","True","C:\Users\Ben Bolen\Zotero\storage\ASSX2K3G\Medina - 2011 - The multiple roles of Purkinje cells in sensori-mo.pdf"
"groups/735051","69B9ZVYN","YFGAZUZV","10.1016/0006-8993(75)90401-1","Grillner","1975","How detailed is the central pattern generation for locomotion?","True","C:\Users\Ben Bolen\Zotero\storage\YFGAZUZV\Grillner and Zangger - 1975 - How detailed is the central pattern generation for locomotion.pdf"
"groups/735051","M7VUR3TT","23RQRFSK","10.3390/polym11101680","Zaldua","2019","Nucleation and Crystallization of PA6 Composites Prepared by T-RTM: Effects of Carbon and Glass Fiber Loading","True","C:\Users\Ben Bolen\Zotero\storage\23RQRFSK\Zaldua et al. - 2019 - Nucleation and Crystallization of PA6 Composites Prepared by T-RTM Effects of Carbon and Glass Fibe.pdf"
"groups/735051","MQU4FFQ3","V4BJHZBQ","10.1021/acsomega.4c01284","Gokce","2024","Improving the Interfacial Adhesion of Long Carbon Fiber-Reinforced Polyamide 6 Composites by Electrochemical Oxidation and Polyethylenimine-Carboxymethyl Cellulose Grafting","True","C:\Users\Ben Bolen\Zotero\storage\V4BJHZBQ\Gokce et al. - 2024 - Improving the Interfacial Adhesion of Long Carbon Fiber-Reinforced Polyamide 6 Composites by Electro.pdf"
"groups/735051","WNJATYTY","S3SQSDRB","10.2495/hpsm160291","Tanaka","2016","Effect of mold temperature on interfacial welded strength and outer shell laminate strength of CF/PA6 composites manufactured by press and injection hybrid molding","True","C:\Users\Ben Bolen\Zotero\storage\S3SQSDRB\Tanaka et al. - 2016 - Effect of mold temperature on interfacial welded strength and outer shell laminate strength of CFPA.pdf"
"groups/735051","2QN8L8GY","NSA2N3H2","10.1016/j.jmapro.2021.08.054","Samy","2021","Finite element analysis of residual stress and warpage in a 3D printed semi-crystalline polymer: Effect of ambient temperature and nozzle speed","True","C:\Users\Ben Bolen\Zotero\storage\NSA2N3H2\Samy et al. - 2021 - Finite element analysis of residual stress and warpage in a 3D printed semi-crystalline polymer Eff.pdf"
"groups/735051","GEA2HD28","A87SITLL","10.1038/s41598-023-40855-6","Pugatch","2023","Accelerated annealing of fused filament fabricated (FFF) thermoplastics via an improved core–shell filament","True","C:\Users\Ben Bolen\Zotero\storage\A87SITLL\Pugatch et al. - 2023 - Accelerated annealing of fused filament fabricated (FFF) thermoplastics via an improved core–shell f.pdf"
"groups/735051","4JVI82A4","BFTTK4RX","10.3390/polym13162677","Vaes","2021","The Extent of Interlayer Bond Strength during Fused Filament Fabrication of Nylon Copolymers: An Interplay between Thermal History and Crystalline Morphology","True","C:\Users\Ben Bolen\Zotero\storage\BFTTK4RX\Vaes et al. - 2021 - The Extent of Interlayer Bond Strength during Fused Filament Fabrication of Nylon Copolymers An Int.pdf"
"groups/735051","RZ5N7SPP","JBUQCEKZ","10.1520/d7264_d7264m-21","International","","ASTM D7264/D7264M-21: Test Method for Flexural Properties of Polymer Matrix Composite Materials","True","C:\Users\Ben Bolen\Zotero\storage\JBUQCEKZ\ASTM International - ASTM D7264D7264M-21 Test Method for Flexural Properties of Polymer Matrix Composite Materials.pdf"
"groups/735051","YDIS54SS","BAXEIVY5","","Revolinsky","","POST-PROCESSING AND CHARACTERIZATION OF ADDITIVE MANUFACTURED CARBON FIBER REINFORCED SEMI-CRYSTALLINE POLYMERS","True","C:\Users\Ben Bolen\Zotero\storage\BAXEIVY5\Revolinsky and June - POST-PROCESSING AND CHARACTERIZATION OF ADDITIVE MANUFACTURED CARBON FIBER REINFORCED SEMI-CRYSTALLI.pdf"
"groups/735051","BK2GVZI2","8Y3KKTYW","","Revolinsky","","Post-Processing and Characterization of Additively Manufactured Carbon Fiber Reinforced Semi-Crystalline Polymers","True","C:\Users\Ben Bolen\Zotero\storage\8Y3KKTYW\Post-Processing and Characterization of Additively Manufactured Carbon Fiber Reinforced Semi-Crystalline Polymers.pdf"
"groups/735051","SFCZ9AJF","WLTSB4RR","10.1007/s11837-005-0217-8","Minus","2005","The processing, properties, and structure of carbon fibers","True","C:\Users\Ben Bolen\Zotero\storage\WLTSB4RR\Minus and Kumar - 2005 - The processing, properties, and structure of carbon fibers.pdf"
"groups/735051","DSFAFKQ9","7X9KV24R","10.3390/c9010019","Bisheh","2023","Carbon Fibers: From PAN to Asphaltene Precursors; A State-of-Art Review","True","C:\Users\Ben Bolen\Zotero\storage\7X9KV24R\Bisheh and Abdin - 2023 - Carbon Fibers From PAN to Asphaltene Precursors; A State-of-Art Review.pdf"
"groups/735051","3Z3TTNKQ","ANLHF44A","10.3390/ma15031222","Hofele","2022","Reaction Kinetics and Process Model of the Polyacrylonitrile Fibers Stabilization Process Based on Dielectric Measurements","True","C:\Users\Ben Bolen\Zotero\storage\ANLHF44A\Hofele et al. - 2022 - Reaction Kinetics and Process Model of the Polyacrylonitrile Fibers Stabilization Process Based on D.pdf"
"groups/735051","W2UTA2QD","9RCEUS99","10.1021/ja944125d","Dasgupta","1996","Crystal Structures and Properties of Nylon Polymers from Theory","True","C:\Users\Ben Bolen\Zotero\storage\9RCEUS99\Dasgupta et al. - 1996 - Crystal Structures and Properties of Nylon Polymers from Theory.pdf"
"groups/735051","6V789P2Z","T2XUQDC8","","Standardization","","ISO 178: Plastics - Determination of flexural properties","True","C:\Users\Ben Bolen\Zotero\storage\T2XUQDC8\International Organization for Standardization - ISO 178 Plastics - Determination of flexural properties.pdf"
"groups/735051","EUNR3L3S","2HMFCZFI","10.1590/1517-7076-rmat-2026-0083","Piramanayagam","2026","Flexural performance of 3D-printed Onyx–Kevlar hybrid laminates: influence of fibre orientation and laminate thickness","True","C:\Users\Ben Bolen\Zotero\storage\2HMFCZFI\Piramanayagam and Kalimuthu - 2026 - Flexural performance of 3D-printed Onyx–Kevlar hybrid laminates influence of fibre orientation and.pdf"
"groups/735051","4W9S8D6B","DUN7K84F","10.1002/pls2.70022","Ponnarengan","2025","Trade‐Offs Between Viscoelastic and Impact Performance in <span style=""font-variant:small-caps;"">CFF</span> ‐Printed Onyx Composites: A Taguchi <span style=""font-variant:small-caps;"">L27</span> Study With <span style=""font-variant:small-caps;"">MARCOS</span> / <span style=""font-variant:small-caps;"">CRITIC</span> / <span style=""font-variant:small-caps;"">FUCOM</span>","True","C:\Users\Ben Bolen\Zotero\storage\DUN7K84F\Ponnarengan et al. - 2025 - Trade‐Offs Between Viscoelastic and Impact Performance in CFF.pdf"
"groups/735051","SU7A6DST","3HYTCGYM","10.1007/s40964-021-00187-1","Handwerker","2021","Review of mechanical properties of and optimisation methods for continuous fibre-reinforced thermoplastic parts manufactured by fused deposition modelling","True","C:\Users\Ben Bolen\Zotero\storage\3HYTCGYM\Handwerker et al. - 2021 - Review of mechanical properties of and optimisation methods for continuous fibre-reinforced thermopl.pdf"
"groups/735051","2Z4ZTAV6","9DNBZ2HN","10.1002/pc.25294","O'Connor","2019","Low‐pressure additive manufacturing of continuous fiber‐reinforced polymer composites","True","C:\Users\Ben Bolen\Zotero\storage\9DNBZ2HN\O'Connor and Dowling - 2019 - Low‐pressure additive manufacturing of continuous fiber‐reinforced polymer composites.pdf"
"groups/735051","S6SZIRIK","TENJ4DJV","10.1016/j.jcomc.2025.100649","Kaushik","2025","Structure–property relationships in 3D-printed onyx-based composites reinforced with continuous fibers: role of temperature and fiber orientation","True","C:\Users\Ben Bolen\Zotero\storage\TENJ4DJV\Kaushik et al. - 2025 - Structure–property relationships in 3D-printed onyx-based composites reinforced with continuous fibe.pdf"
"groups/735051","7KH5LDG7","NSR64X7V","10.2139/ssrn.5149615","Burnett","2025","Tensile Performance of Carbon Fibre-Reinforced 3d-Printed Polymers: Effect of Printing Parameters","True","C:\Users\Ben Bolen\Zotero\storage\NSR64X7V\Burnett et al. - 2025 - Tensile Performance of Carbon Fibre-Reinforced 3d-Printed Polymers Effect of Printing Parameters.pdf"
"groups/735051","YYZU8GIT","8DSZ9EJ4","10.3390/macromol6020024","Burelo","2026","Bio-Based Polymer Composites and Nanocomposites: A Sustainable Approach","True","C:\Users\Ben Bolen\Zotero\storage\8DSZ9EJ4\Burelo et al. - 2026 - Bio-Based Polymer Composites and Nanocomposites A Sustainable Approach.pdf"
"groups/735051","UFS434UV","GHUC87NM","10.3390/polym18080981","Klingenbeck","2026","Temperature-Dependent Thermal Properties of Nearly Amorphous Polyamide 6","True","C:\Users\Ben Bolen\Zotero\storage\GHUC87NM\Klingenbeck et al. - 2026 - Temperature-Dependent Thermal Properties of Nearly Amorphous Polyamide 6.pdf"
"groups/735051","XQINMZYQ","2V69IT7G","10.1115/1.4063970","Bhattacharyya","2024","Design Synthesis of a 4D-Printed Self-Tying Knot With Programmable Morphology","True","C:\Users\Ben Bolen\Zotero\storage\2V69IT7G\Bhattacharyya et al. - 2024 - Design Synthesis of a 4D-Printed Self-Tying Knot With Programmable Morphology.pdf"
"groups/735051","QC6JSTNA","D9HEM9AP","10.1088/1748-3190/ae72db","Dimonte","2026","A bioinspired hybrid robotic joint for safer physical human–robot interaction","True","C:\Users\Ben Bolen\Zotero\storage\D9HEM9AP\Dimonte et al. - 2026 - A bioinspired hybrid robotic joint for safer physical human–robot interaction.pdf"
"groups/735051","L5VXT54M","PB3AKTHW","10.1201/9781003366386-4","Madi","2023","Neuromorphic Computing and Sensing in Space","True","C:\Users\Ben Bolen\Zotero\storage\PB3AKTHW\Izzo et al. - 2023 - Neuromorphic Computing and Sensing in Space.pdf"
"groups/735051","V8RPLPEG","YWT73QME","10.1126/scirobotics.abd1911","Cheng","2020","Neuroengineering challenges of fusing robotics and neuroscience","True","C:\Users\Ben Bolen\Zotero\storage\YWT73QME\Cheng et al. - 2020 - Neuroengineering challenges of fusing robotics and neuroscience.pdf"
"groups/735051","TU9LHG5M","MIYM8HQE","","Ren","2026","Bioinspired multimodal robotics","True","C:\Users\Ben Bolen\Zotero\storage\MIYM8HQE\Ren et al. - 2026 - Bioinspired multimodal robotics.pdf"
"groups/735051","RG2CX87Q","T7VS8LK2","10.1002/pc.29012","Liu","2025","Two‐stage annealing method for short carbon fiber‐reinforced nylon 6 in fused filament fabrication","True","C:\Users\Ben Bolen\Zotero\storage\T7VS8LK2\Liu et al. - 2025 - Two‐stage annealing method for short carbon fiber‐reinforced nylon 6 in fused filament fabrication.pdf"
"groups/735051","DA8M7T3L","99UZMJ8L","10.1002/pc.29012","Liu","2025","Two‐stage annealing method for short carbon fiber‐reinforced nylon 6 in fused filament fabrication","True","C:\Users\Ben Bolen\Zotero\storage\99UZMJ8L\Liu et al. - 2025 - Two‐stage annealing method for short carbon fiber‐reinforced nylon 6 in fused filament fabrication.pdf"
"groups/735051","ABRJLS8F","EXZJ9GKV","10.1016/s0966-6362(99)00032-6","Runge","1999","Ankle and hip postural strategies defined by joint torques","True","C:\Users\Ben Bolen\Zotero\storage\EXZJ9GKV\Runge et al. - 1999 - Ankle and hip postural strategies defined by joint torques.pdf"
"groups/735051","8TLV8X6P","RX4HKRSD","10.1016/s0966-6362(03)00037-7","Gage","2004","Kinematic and kinetic validity of the inverted pendulum model in quiet standing","True","C:\Users\Ben Bolen\Zotero\storage\RX4HKRSD\Gage et al. - 2004 - Kinematic and kinetic validity of the inverted pendulum model in quiet standing.pdf"
"groups/735051","6NRA2YRK","HECB5YKM","10.3390/app16083791","Boszorádová","2026","Effect of Annealing Time on FFF-Manufactured PA6 Composites","True","C:\Users\Ben Bolen\Zotero\storage\HECB5YKM\Boszorádová et al. - 2026 - Effect of Annealing Time on FFF-Manufactured PA6 Composites.pdf"
"groups/735051","MV7EMVGC","QKFB6Y9C","10.1177/14644207241285399","Coca-Gonzalez","2025","Warpage: Causes, manufacturing processes and future challenges: A review","True","C:\Users\Ben Bolen\Zotero\storage\QKFB6Y9C\Coca-Gonzalez and Jimenez-Martinez - 2025 - Warpage Causes, manufacturing processes and future challenges A review.pdf"
"groups/735051","UFG8L44B","LJ5YYCVF","10.1177/14644207241285399","Unknown","","Warpage: Causes, manufacturing processes and future challenges: A review","True","C:\Users\Ben Bolen\Zotero\storage\LJ5YYCVF\Warpage Causes, manufacturing processes and future challenges A review.pdf"
"groups/735051","MTS9MS5Z","9KP7SDH4","10.1152/jn.00751.2012","Kistemaker","2013","Control of position and movement is simplified by combined muscle spindle and Golgi tendon organ feedback","True","C:\Users\Ben Bolen\Zotero\storage\9KP7SDH4\Kistemaker et al. - 2013 - Control of position and movement is simplified by combined muscle spindle and Golgi tendon organ fee.pdf"
"groups/735051","6CW9NQ63","QY82B3LJ","10.1109/tnsre.2009.2037891","Vette","2010","Neural-Mechanical Feedback Control Scheme Generates Physiological Ankle Torque Fluctuation During Quiet Stance","True","C:\Users\Ben Bolen\Zotero\storage\QY82B3LJ\Vette et al. - 2010 - Neural-Mechanical Feedback Control Scheme Generates Physiological Ankle Torque Fluctuation During Qu.pdf"
"groups/735051","8FPJE2PQ","T7UPP3XR","10.1007/s42242-019-00055-6","Hamidi","2019","Multidirectional 3D-printed functionally graded modular joint actuated by TCPFL muscles for soft robots","True","C:\Users\Ben Bolen\Zotero\storage\T7UPP3XR\Hamidi et al. - 2019 - Multidirectional 3D-printed functionally graded modular joint actuated by TCPFL muscles for soft rob.pdf"
"groups/735051","PB37JHI8","AHJG2FIJ","10.3390/robotics14020008","Soltanov","2025","Design of a Novel Bio-Inspired Three Degrees of Freedom (3DOF) Spherical Robotic Manipulator and Its Application in Human–Robot Interactions","True","C:\Users\Ben Bolen\Zotero\storage\AHJG2FIJ\Soltanov and Roberts - 2025 - Design of a Novel Bio-Inspired Three Degrees of Freedom (3DOF) Spherical Robotic Manipulator and Its.pdf"
"groups/735051","7MZ83V8R","R8RQMTH2","10.1109/icma65362.2025.11120665","Wang","2025","Design and Experimental Study of Parallel Hip Joint","True","C:\Users\Ben Bolen\Zotero\storage\R8RQMTH2\Wang et al. - 2025 - Design and Experimental Study of Parallel Hip Joint.pdf"
"groups/735051","2QDF2TNQ","3U9D2LME","10.1109/lra.2026.3692330","Liu","2026","An Orthogonal-Axis Spherical Parallel Mechanism With Large Workspace for Humanoid Hip Joints: Design, Optimization, and Experimental Validation","True","C:\Users\Ben Bolen\Zotero\storage\3U9D2LME\Liu et al. - 2026 - An Orthogonal-Axis Spherical Parallel Mechanism With Large Workspace for Humanoid Hip Joints Design.pdf"
"groups/735051","PD56SP3I","DUE34V5B","10.1109/icra.2016.7487575","Yang","2016","3D printing of variable stiffness hyper-redundant robotic arm","True","C:\Users\Ben Bolen\Zotero\storage\DUE34V5B\Yang et al. - 2016 - 3D printing of variable stiffness hyper-redundant robotic arm.pdf"
"groups/735051","C4753WW9","ZYMSENFG","10.3390/polym14173542","Guo","2022","Three-Dimensional Printable Ball Joints with Variable Stiffness for Robotic Applications Based on Soft Pneumatic Elastomer Actuators","True","C:\Users\Ben Bolen\Zotero\storage\ZYMSENFG\Guo et al. - 2022 - Three-Dimensional Printable Ball Joints with Variable Stiffness for Robotic Applications Based on So.pdf"
"groups/735051","XSDRGM5L","3XTYJXVB","10.3390/robotics14070091","Kim","2025","Planar Inverse Statics and Path Planning for a Tendon-Driven Discrete Continuum Robot","True","C:\Users\Ben Bolen\Zotero\storage\3XTYJXVB\Kim and Wi - 2025 - Planar Inverse Statics and Path Planning for a Tendon-Driven Discrete Continuum Robot.pdf"
"groups/735051","TZTM35QC","ARB27ZMC","10.1115/1.4054441","Steele","2022","Experimental Verification of Kinematics and Kinetics in a Biomimetic Bipedal Robot","True","C:\Users\Ben Bolen\Zotero\storage\ARB27ZMC\Steele et al. - 2022 - Experimental Verification of Kinematics and Kinetics in a Biomimetic Bipedal Robot.pdf"
"groups/735051","T74ZYLC2","YBKWME4R","10.1093/mam/ozaf048.982","Shubella","2025","Microscopic Evaluation of Temperature Effects on Gelatin Support Bath for 3D Bioprinting","True","C:\Users\Ben Bolen\Zotero\storage\YBKWME4R\Shubella and Hunt - 2025 - Microscopic Evaluation of Temperature Effects on Gelatin Support Bath for 3D Bioprinting.pdf"
"groups/735051","BD9JNN5N","J7P3FHYV","10.1080/17452759.2016.1274490","Mohan","2017","A review on composite materials and process parameters optimisation for the fused deposition modelling process","True","C:\Users\Ben Bolen\Zotero\storage\J7P3FHYV\Mohan et al. - 2017 - A review on composite materials and process parameters optimisation for the fused deposition modelli.pdf"
"groups/735051","7LFCL2N8","9GPT3MJC","10.3390/polym14030465","Fico","2022","A Review of Polymer-Based Materials for Fused Filament Fabrication (FFF): Focus on Sustainability and Recycled Materials","True","C:\Users\Ben Bolen\Zotero\storage\9GPT3MJC\Fico et al. - 2022 - A Review of Polymer-Based Materials for Fused Filament Fabrication (FFF) Focus on Sustainability an.pdf"
"groups/735051","9ZCTL85S","59Z5L2BU","10.1109/lra.2022.3153700","Kobayashi","2022","Soft Tensegrity Robot Driven by Thin Artificial Muscles for the Exploration of Unknown Spatial Configurations","True","C:\Users\Ben Bolen\Zotero\storage\59Z5L2BU\Kobayashi et al. - 2022 - Soft Tensegrity Robot Driven by Thin Artificial Muscles for the Exploration of Unknown Spatial Confi.pdf"
"groups/735051","EBT68WMP","XRKD7JL5","10.1088/1361-665x/ab87e0","Zappetti","2020","Variable-stiffness tensegrity spine","True","C:\Users\Ben Bolen\Zotero\storage\XRKD7JL5\Zappetti et al. - 2020 - Variable-stiffness tensegrity spine.pdf"
"groups/735051","YMIYPPN5","GJY52LNA","10.1002/advs.202411351","Wen","2025","Legged Robot with Tensegrity Feature Bionic Knee Joint","True","C:\Users\Ben Bolen\Zotero\storage\GJY52LNA\Wen et al. - 2025 - Legged Robot with Tensegrity Feature Bionic Knee Joint.pdf"
"groups/735051","HEYTBVSF","RCMJ22F5","10.1002/aisy.202300079","Hao","2024","A Tensegrity Joint for Low‐Inertia, Compact, and Compliant Soft Manipulators","True","C:\Users\Ben Bolen\Zotero\storage\RCMJ22F5\Hao et al. - 2024 - A Tensegrity Joint for Low-Inertia, Compact, and Compliant Soft Manipulators.pdf"
"groups/735051","9A6M2W3D","ZNGHWGVV","10.1016/j.birob.2024.100170","Wang","2024","TWrist: An agile compliant 3-DoF tensegrity joint","True","C:\Users\Ben Bolen\Zotero\storage\ZNGHWGVV\Wang et al. - 2024 - TWrist An agile compliant 3-DoF tensegrity joint.pdf"
"groups/735051","Z2Q2YYVS","SIAEH7Z3","10.1115/1.4064462","Xie","2024","A Novel Elbow-Inspired Cable-Driven Tensegrity Joint: Bionic Design, Coupled Kinematics, and Load Performance","True","C:\Users\Ben Bolen\Zotero\storage\SIAEH7Z3\Xie et al. - 2024 - A Novel Elbow-Inspired Cable-Driven Tensegrity Joint Bionic Design, Coupled Kinematics, and Load Pe.pdf"
"groups/735051","6G5HRM3T","I4CSKMK6","10.1088/1361-665x/adfea9","Ye","2025","A rapid tunable stiffness bistable adaptive tensegrity joint for gripper and swimmer","True","C:\Users\Ben Bolen\Zotero\storage\I4CSKMK6\Ye et al. - 2025 - A rapid tunable stiffness bistable adaptive tensegrity joint for gripper and swimmer.pdf"
"groups/735051","4FGERWL9","2XJ2JSNS","","Steele","2018","Biomimetic Design and Construction of a Bipedal Walking Robot","True","C:\Users\Ben Bolen\Zotero\storage\2XJ2JSNS\Steele - Biomimetic Design and Construction of a Bipedal Wa.pdf"
"groups/735051","XLQJTJ4L","SNXQVWXW","10.1007/978-3-319-96728-8_8","Steele","2018","Biomimetic Knee Design to Improve Joint Torque and Life for Bipedal Robotics","True","C:\Users\Ben Bolen\Zotero\storage\SNXQVWXW\Steele et al. - 2018 - Biomimetic Knee Design to Improve Joint Torque and.pdf"
"groups/735051","KUM8QZUQ","TJR2SWVG","10.23919/iccas50221.2020.9268259","Agrawal","2020","A De-risked Bio-inspired Condylar Prosthetic Knee Joint for a Robotic Leg Test Rig","True","C:\Users\Ben Bolen\Zotero\storage\TJR2SWVG\Agrawal et al. - 2020 - A De-risked Bio-inspired Condylar Prosthetic Knee Joint for a Robotic Leg Test Rig.pdf"
"groups/735051","I8E4LB6K","KGXK8FCC","10.1109/iros.2011.6094924","Etoundi","2011","A bio-inspired condylar hinge joint for mobile robots","True","C:\Users\Ben Bolen\Zotero\storage\KGXK8FCC\Etoundi et al. - 2011 - A bio-inspired condylar hinge joint for mobile robots.pdf"
"groups/735051","X5DG94UB","XE63V7XW","10.1115/1.4024471","Etoundi","2013","A Bio-Inspired Condylar Hinge for Robotic Limbs","True","C:\Users\Ben Bolen\Zotero\storage\XE63V7XW\Etoundi et al. - 2013 - A Bio-Inspired Condylar Hinge for Robotic Limbs.pdf"
"groups/735051","UG64DXCA","Y73375EY","10.3390/biomimetics7010017","Young","2022","Analyzing Modeled Torque Profiles to Understand Scale-Dependent Active Muscle Responses in the Hip Joint","True","C:\Users\Ben Bolen\Zotero\storage\Y73375EY\Young et al. - 2022 - Analyzing Modeled Torque Profiles to Understand Sc.pdf"
"groups/735051","4RQA7N3S","M2ZQSZH2","10.1007/978-3-031-72597-5_16","Szczecinski","2025","Pulse Modulation in Braided Pneumatic Actuators Mimics Contractile Behavior of Biological Muscles","True","C:\Users\Ben Bolen\Zotero\storage\M2ZQSZH2\Elzein and Hunt - 2025 - Pulse Modulation in Braided Pneumatic Actuators Mi.pdf"
"groups/735051","4RQA7N3S","QDKLJQKM","10.1007/978-3-031-72597-5_16","Szczecinski","2025","Pulse Modulation in Braided Pneumatic Actuators Mimics Contractile Behavior of Biological Muscles","True","C:\Users\Ben Bolen\Zotero\storage\QDKLJQKM\Elzein and Hunt - 2025 - Pulse Modulation in Braided Pneumatic Actuators Mi.pdf"
"groups/735051","YDMN927A","HIEVAMMZ","10.1016/j.conb.2009.09.002","Tresch","2009","The case for and against muscle synergies","True","C:\Users\Ben Bolen\Zotero\storage\HIEVAMMZ\Matthew C. Tresch et al. - 2009 - The case for and against muscle synergies..pdf"
"groups/735051","YDMN927A","88WLZU4R","10.1016/j.conb.2009.09.002","Tresch","2009","The case for and against muscle synergies","True","C:\Users\Ben Bolen\Zotero\storage\88WLZU4R\Tresch and Jarc - 2009 - The case for and against muscle synergies.pdf"
"groups/735051","FKTVJRRD","HISEFNZX","10.26678/abcm.cobem2019.cob2019-1950","De Carlos Rosa","2019","Method for Considering the Real Area Moment of Inertia in Bending Tests of Extruded PLA Parts with Different Infill Percentages","True","C:\Users\Ben Bolen\Zotero\storage\HISEFNZX\De Carlos Rosa et al. - 2019 - METHOD FOR CONSIDERING THE REAL AREA MOMENT OF INE.pdf"
"groups/735051","FKTVJRRD","X93UCS44","10.26678/abcm.cobem2019.cob2019-1950","De Carlos Rosa","2019","Method for Considering the Real Area Moment of Inertia in Bending Tests of Extruded PLA Parts with Different Infill Percentages","True","C:\Users\Ben Bolen\Zotero\storage\X93UCS44\De Carlos Rosa et al. - 2019 - Method for Considering the Real Area Moment of Inertia in Bending Tests of Extruded PLA Parts with D.pdf"
"groups/735051","3CWTEQVW","SE3FBPWD","10.1109/humanoids65713.2025.11203090","Cervettini","2025","A Framework for Optimal Ankle Design of Humanoid Robots","True","C:\Users\Ben Bolen\Zotero\storage\SE3FBPWD\Cervettini et al. - 2025 - A Framework for Optimal Ankle Design of Humanoid Robots.pdf"
"groups/735051","NEJ7WLAV","XEKTQPMZ","10.1186/s12984-023-01235-3","Shanbhag","2023","Methods for integrating postural control into biomechanical human simulations: a systematic review","True","C:\Users\Ben Bolen\Zotero\storage\XEKTQPMZ\Shanbhag et al. - 2023 - Methods for integrating postural control into biomechanical human simulations a systematic review.pdf"
"groups/735051","IW4HIRZ6","R5CDG7EZ","10.1007/s42235-025-00783-9","Teng","2026","Artificial Hip Joint Round Ligament with High Fidelity to Human Structures and Mechanics via Bioinspired 3D Braided Fibers","True","C:\Users\Ben Bolen\Zotero\storage\R5CDG7EZ\Teng et al. - 2026 - Artificial Hip Joint Round Ligament with High Fidelity to Human Structures and Mechanics via Bioinsp.pdf"
"groups/735051","67BFYMS8","LM65XWST","10.1109/tie.2023.3310041","Zhao","2024","A Multiaxial Bionic Ankle Based on Series Elastic Actuation With a Parallel Spring","True","C:\Users\Ben Bolen\Zotero\storage\LM65XWST\Zhao et al. - 2024 - A Multiaxial Bionic Ankle Based on Series Elastic Actuation With a Parallel Spring.pdf"
"groups/735051","GLZHJCFX","AT4MJXWY","10.1109/tmech.2026.3664932","Sun","2026","Bio-Inspired Tensegrity Robotic Wrist With Tendon Sheath Functionality","True","C:\Users\Ben Bolen\Zotero\storage\AT4MJXWY\Sun et al. - 2026 - Bio-Inspired Tensegrity Robotic Wrist With Tendon Sheath Functionality.pdf"
"groups/735051","8DA7RMSA","H38JW2HH","10.1038/s41598-024-57149-0","Mohammadi Nejad Rashty","2024","Role of compliant mechanics and motor control in hopping - from human to robot","True","C:\Users\Ben Bolen\Zotero\storage\H38JW2HH\Mohammadi Nejad Rashty et al. - 2024 - Role of compliant mechanics and motor control in hopping - from human to robot.pdf"
"groups/735051","M25BEU95","VTFH234S","10.1109/icar65334.2025.11338745","Torre","2025","Dopamine-Modulated Spiking Central Pattern Generators for Gait Selection in Quadruped Robots","True","C:\Users\Ben Bolen\Zotero\storage\VTFH234S\Torre et al. - 2025 - Dopamine-Modulated Spiking Central Pattern Generators for Gait Selection in Quadruped Robots.pdf"
"groups/735051","Z4DBEGTR","86BN76KD","10.1109/lra.2021.3062355","Russell","2021","Stiffness Modulation in a Humanoid Robotic Leg and Knee","True","C:\Users\Ben Bolen\Zotero\storage\86BN76KD\Russell et al. - 2021 - Stiffness Modulation in a Humanoid Robotic Leg and Knee.pdf"
"groups/735051","WMZEEQY3","FVUDL3VQ","10.3389/fbioe.2025.1701754","Teng","2025","Bioinspired 3D braided artificial ligament with human-like mechanical properties and self-healing capability","True","C:\Users\Ben Bolen\Zotero\storage\FVUDL3VQ\Teng et al. - 2025 - Bioinspired 3D braided artificial ligament with human-like mechanical properties and self-healing ca.pdf"
"groups/735051","3R9E5PK6","LSLKQZRE","10.1088/1748-3190/ab46f7","Seo","2019","Human-mimetic soft robot joint for shock absorption through joint dislocation","True","C:\Users\Ben Bolen\Zotero\storage\LSLKQZRE\Seo et al. - 2019 - Human-mimetic soft robot joint for shock absorption through joint dislocation.pdf"
"groups/735051","TJ9CGE77","LN5948HJ","10.1126/sciadv.aea2831","Liu","2026","Bioinspired growable humanoid robot with bone-mimetic linkages for versatile mobility","True","C:\Users\Ben Bolen\Zotero\storage\LN5948HJ\Liu et al. - 2026 - Bioinspired growable humanoid robot with bone-mimetic linkages for versatile mobility.pdf"
"groups/735051","CRPNTJEL","Z3PF5JBM","10.1088/1748-3190/ac8711","Liang","2022","A bioinspired robotic knee with controlled joint surfaces and adjustable ligaments","True","C:\Users\Ben Bolen\Zotero\storage\Z3PF5JBM\Liang et al. - 2022 - A bioinspired robotic knee with controlled joint surfaces and adjustable ligaments.pdf"
"groups/735051","WIHT7HH7","KU6S3TNE","10.3389/fnhum.2022.1018160","Yu","2022","Bio-inspired design of a self-aligning, lightweight, and highly-compliant cable-driven knee exoskeleton","True","C:\Users\Ben Bolen\Zotero\storage\KU6S3TNE\Yu et al. - 2022 - Bio-inspired design of a self-aligning, lightweight, and highly-compliant cable-driven knee exoskele.pdf"
"groups/735051","USAQXPHU","9ZDAC489","10.1038/s41467-024-55201-1","Gao","2024","Bioinspired origami-based soft prosthetic knees","True","C:\Users\Ben Bolen\Zotero\storage\9ZDAC489\Gao et al. - 2024 - Bioinspired origami-based soft prosthetic knees.pdf"
"groups/735051","YYJPCRGE","2KVQFXR9","10.3389/frobt.2021.613574","Etoundi","2021","Bio-Inspired Knee Joint: Trends in the Hardware Systems Development","True","C:\Users\Ben Bolen\Zotero\storage\2KVQFXR9\Etoundi et al. - 2021 - Bio-Inspired Knee Joint Trends in the Hardware Systems Development.pdf"
"groups/735051","AXTNHGXC","R4SMDHCD","10.1177/02783649231224053","Margolis","2024","Rapid locomotion via reinforcement learning","True","C:\Users\Ben Bolen\Zotero\storage\R4SMDHCD\Margolis et al. - 2024 - Rapid locomotion via reinforcement learning.pdf"
"groups/735051","QW4UUVWL","4ZHHN9P4","10.1007/s10514-022-10039-8","Xiao","2022","Motion planning and control for mobile robot navigation using machine learning: a survey","True","C:\Users\Ben Bolen\Zotero\storage\4ZHHN9P4\Xiao et al. - 2022 - Motion planning and control for mobile robot navigation using machine learning a survey.pdf"
"groups/735051","VTLZKUFM","FVX4KZYE","10.1109/icara64554.2025.10977611","Rose","2025","Pressure Sensor-Controlled Prosthetic Socket for a Bio-Inspired Knee Joint","True","C:\Users\Ben Bolen\Zotero\storage\FVX4KZYE\Rose et al. - 2025 - Pressure Sensor-Controlled Prosthetic Socket for a Bio-Inspired Knee Joint.pdf"
"groups/735051","SGGTLQ2A","YBQHRYWE","10.1016/j.cej.2022.137241","Fu","2022","Multi-sensorized pneumatic artificial muscle yarns","True","C:\Users\Ben Bolen\Zotero\storage\YBQHRYWE\Fu et al. - 2022 - Multi-sensorized pneumatic artificial muscle yarns.pdf"
"groups/735051","QNPQBNNG","ILEUUMMU","","Lynch","2017","Modern Robotics","True","C:\Users\Ben Bolen\Zotero\storage\ILEUUMMU\Lynch and Park - 2017 - Modern Robotics.pdf"
"groups/735051","2RYZPR3M","XRQRT49M","","Blaine","","Determination of Polymer Crystallinity by DSC","True","C:\Users\Ben Bolen\Zotero\storage\XRQRT49M\Blaine et al. - Determination of Polymer Crystallinity by DSC.pdf"
"groups/735051","PN9RR8WN","QABZ48IG","10.1109/biorob.2006.1639201","Aschenbeck","2006","Design of a Quadruped Robot Driven by Air Muscles","True","C:\Users\Ben Bolen\Zotero\storage\QABZ48IG\Aschenbeck et al. - 2006 - Design of a Quadruped Robot Driven by Air Muscles.pdf"
"groups/735051","ZC9RPH8G","INJD3PFR","10.1002/app.1992.070460507","Rybnikár̆","1992","Interactions at the PA‐6/PA‐66 interface","True","C:\Users\Ben Bolen\Zotero\storage\INJD3PFR\Rybnikár̆ and Geil - 1992 - Interactions at the PA‐6PA‐66 interface.pdf"
"groups/735051","ZP4PSAS3","S4RW2F6X","","Bolen","2024","Self-balancing Robot Leg","True","C:\Users\Ben Bolen\Zotero\storage\S4RW2F6X\Bolen et al. - 2024 - Self-balancing Robot Leg.pdf"
"groups/735051","K8XGG8GM","VRSXVL3P","","Unknown","","Chapter 7: Advanced Composite Material","True","C:\Users\Ben Bolen\Zotero\storage\VRSXVL3P\Chapter 7  Advanced Composite Material.pdf"
"groups/735051","P7KJ5CIK","BVZI2KZC","10.1016/j.addma.2017.12.002","Dizon","2018","Mechanical characterization of 3D-printed polymers","True","C:\Users\Ben Bolen\Zotero\storage\BVZI2KZC\Dizon et al. - 2018 - Mechanical characterization of 3D-printed polymers.pdf"
"groups/735051","VK3V88ZU","ICZ6D3TI","10.1109/iros.2012.6386109","Todorov","2012","MuJoCo: A physics engine for model-based control","True","C:\Users\Ben Bolen\Zotero\storage\ICZ6D3TI\Todorov et al. - 2012 - MuJoCo A physics engine for model-based control.pdf"
"groups/735051","SSJAZSV5","G77CI67Z","","Unknown","","The Action Potential | Anatomy and Physiology I","True","C:\Users\Ben Bolen\Zotero\storage\G77CI67Z\The Action Potential  Anatomy and Physiology I.pdf"
"groups/735051","ST8VJ6RW","7M266Q46","10.1073/pnas.1611734114","Srivastava","2017","Motor control by precisely timed spike patterns","True","C:\Users\Ben Bolen\Zotero\storage\7M266Q46\Srivastava et al. - 2017 - Motor control by precisely timed spike patterns.pdf"
"groups/735051","IPEEYM2D","L3IJYBRS","","Greene","2019","Computational Neuroscience","True","C:\Users\Ben Bolen\Zotero\storage\L3IJYBRS\Greene and Students - 2019 - Computational Neuroscience.pdf"
"groups/735051","N8ERSESR","QMZLFTEJ","10.1016/j.neuron.2012.08.001","Feldman","2012","The Spike-Timing Dependence of Plasticity","True","C:\Users\Ben Bolen\Zotero\storage\QMZLFTEJ\Feldman - 2012 - The Spike-Timing Dependence of Plasticity.pdf"
"groups/735051","JQ6F2VBL","GNJPYPP3","10.3389/fnsyn.2011.00004","Markram","2011","A history of spike-timing-dependent plasticity","True","C:\Users\Ben Bolen\Zotero\storage\GNJPYPP3\Markram - 2011 - A history of spike-timing-dependent plasticity.pdf"
"groups/735051","EL6E7HIS","DSQSRA7K","10.1109/tac.2009.2033751","Topcu","2010","Robust Region-of-Attraction Estimation","True","C:\Users\Ben Bolen\Zotero\storage\DSQSRA7K\Topcu et al. - 2010 - Robust Region-of-Attraction Estimation.pdf"
"groups/735051","AS4WGKBZ","7N4D7WYR","","Bolen","2019","Bipedal Robot Legs Project","True","C:\Users\Ben Bolen\Zotero\storage\7N4D7WYR\Bolen - 2019 - Bipedal Robot Legs Project.pdf"
"groups/735051","D492UAPM","XU7FGY4E","10.1038/nn1986","Lockhart","2007","Optimal sensorimotor transformations for balance","True","C:\Users\Ben Bolen\Zotero\storage\XU7FGY4E\Lockhart and Ting - 2007 - Optimal sensorimotor transformations for balance.pdf"
"groups/735051","2EC9H4FK","6KKR8FDD","","Goswami","2022","Physics-Informed Deep Neural Operator Networks","True","C:\Users\Ben Bolen\Zotero\storage\6KKR8FDD\Goswami et al. - 2022 - Physics-Informed Deep Neural Operator Networks.pdf"
"groups/735051","9Z3A4BTY","H9X2B9R4","","Henkes","2022","Spiking neural networks for nonlinear regression","True","C:\Users\Ben Bolen\Zotero\storage\H9X2B9R4\Henkes et al. - 2022 - Spiking neural networks for nonlinear regression.pdf"
"groups/735051","RD523SXG","GGVS4A3J","","Brandstetter","2023","Message Passing Neural PDE Solvers","True","C:\Users\Ben Bolen\Zotero\storage\GGVS4A3J\Brandstetter et al. - 2023 - Message Passing Neural PDE Solvers.pdf"
"groups/735051","24MVJSRZ","8PMVC2C3","","Khara","2022","Neural PDE Solvers for Irregular Domains","True","C:\Users\Ben Bolen\Zotero\storage\8PMVC2C3\Khara et al. - 2022 - Neural PDE Solvers for Irregular Domains.pdf"
"groups/735051","XX7QDWEX","XAHTK95R","","Greenfeld","","Learning to Optimize Multigrid PDE Solvers","True","C:\Users\Ben Bolen\Zotero\storage\XAHTK95R\Greenfeld et al. - Learning to Optimize Multigrid PDE Solvers.pdf"
"groups/735051","DDLD525M","ATHIG5D5","","Equer","2023","Multi-Scale Message Passing Neural PDE Solvers","True","C:\Users\Ben Bolen\Zotero\storage\ATHIG5D5\Equer et al. - 2023 - Multi-Scale Message Passing Neural PDE Solvers.pdf"
"groups/735051","K85XUW36","7SEPWZXY","","Chung","","using IR Time-of-Flight Sensor","True","C:\Users\Ben Bolen\Zotero\storage\7SEPWZXY\Chung - using IR Time-of-Flight Sensor.pdf"
"groups/735051","JVP2TX7X","CSZU34N8","10.1063/1.1710314","Hickman","1937","The Dynamics of A Bow and Arrow","True","C:\Users\Ben Bolen\Zotero\storage\CSZU34N8\Hickman - 1937 - The Dynamics of A Bow and Arrow.pdf"
"groups/735051","J6HTVAZE","YJBEGF95","10.1016/j.neuron.2018.05.029","Driscoll","2018","Computation through Cortical Dynamics","True","C:\Users\Ben Bolen\Zotero\storage\YJBEGF95\Driscoll et al. - 2018 - Computation through Cortical Dynamics.pdf"
"groups/735051","XCZ36REW","V3RDG2E2","","Cerneels","2013","ADDITIVE MANUFACTURING OF THERMOPLASTIC COMPOSITES","True","C:\Users\Ben Bolen\Zotero\storage\V3RDG2E2\Cerneels - 2013 - ADDITIVE MANUFACTURING OF THERMOPLASTIC COMPOSITES.pdf"
"groups/735051","RWM9IQHU","AWA96443","10.1038/nrn939","Dietz","2002","Proprioception and locomotor disorders","True","C:\Users\Ben Bolen\Zotero\storage\AWA96443\Dietz - 2002 - Proprioception and locomotor disorders.pdf"
"groups/735051","7388U9W7","HFQ6XZBV","","Prilutsky","2015","Neuromechanical Modeling of Posture and Locomotion","True","C:\Users\Ben Bolen\Zotero\storage\HFQ6XZBV\Prilutsky and Edwards - 2015 - Neuromechanical Modeling of Posture and Locomotion.pdf"
"groups/735051","29CTRI2X","TDRAQYQF","10.1038/5721","Tresch","1999","The construction of movement by the spinal cord","True","C:\Users\Ben Bolen\Zotero\storage\TDRAQYQF\Tresch et al. - 1999 - The construction of movement by the spinal cord.pdf"
"groups/735051","T2LK3IM5","DP8H2CZ6","10.1016/s0079-6123(06)65016-4","Prochazka","2007","The neuromechanical tuning hypothesis","True","C:\Users\Ben Bolen\Zotero\storage\DP8H2CZ6\Prochazka and Yakovenko - 2007 - The neuromechanical tuning hypothesis.pdf"
"groups/735051","M8IHF2RQ","Q9K9HU8T","10.1126/scirobotics.aar7650","Yang","2018","The grand challenges of Science Robotics","True","C:\Users\Ben Bolen\Zotero\storage\Q9K9HU8T\Yang et al. - 2018 - The grand challenges of Science Robotics.pdf"
"groups/735051","YP6AC6WS","ZX82CIE6","10.1002/9781118873397.ch14","Buschmann","2017","Bio-inspired Robot Locomotion","True","C:\Users\Ben Bolen\Zotero\storage\ZX82CIE6\Buschmann and Trimmer - 2017 - Bio-inspired Robot Locomotion.pdf"
"groups/735051","W5R9CCXG","LZGCYL37","","Kingma","2017","Adam: A Method for Stochastic Optimization","True","C:\Users\Ben Bolen\Zotero\storage\LZGCYL37\Kingma and Ba - 2017 - Adam A Method for Stochastic Optimization.pdf"
"groups/735051","T6PLKB58","D3H954GX","10.1109/mm.2011.89","Keckler","2011","GPUs and the Future of Parallel Computing","True","C:\Users\Ben Bolen\Zotero\storage\D3H954GX\Keckler et al. - 2011 - GPUs and the Future of Parallel Computing.pdf"
"groups/735051","MY5G7QAY","REWZS8YW","10.1146/annurev-neuro-082321-025137","Leiras","2022","Brainstem Circuits for Locomotion","True","C:\Users\Ben Bolen\Zotero\storage\REWZS8YW\Leiras et al. - 2022 - Brainstem Circuits for Locomotion.pdf"
"groups/735051","LRYQ34IZ","9DQY6D48","10.1021/ma00241a013","Kim","1983","A theory of healing at a polymer-polymer interface","True","C:\Users\Ben Bolen\Zotero\storage\9DQY6D48\Kim and Wool - 1983 - A theory of healing at a polymer-polymer interface.pdf"
"groups/735051","2FHGMSUN","56LQ8Q94","","Lynch","2017","Modern robotics: mechanics, planning, and control","True","C:\Users\Ben Bolen\Zotero\storage\56LQ8Q94\Lynch and Park - 2017 - Modern robotics mechanics, planning, and control.pdf"
"groups/735051","E48UTNWY","492G4TU8","10.1007/978-3-642-35289-8_36","Montavon","2012","A Practical Guide to Applying Echo State Networks","True","C:\Users\Ben Bolen\Zotero\storage\492G4TU8\Lukoševičius - 2012 - A Practical Guide to Applying Echo State Networks.pdf"
"groups/735051","UVNWCLP4","7MPKAPAC","10.1021/ma00241a013","Kim","1983","A theory of healing at a polymer-polymer interface","True","C:\Users\Ben Bolen\Zotero\storage\7MPKAPAC\Kim and Wool - 1983 - A theory of healing at a polymer-polymer interface.pdf"
"groups/735051","FJ2DZM32","K2TSZZ53","10.1063/1.328526","Wool","1981","A theory crack healing in polymers","True","C:\Users\Ben Bolen\Zotero\storage\K2TSZZ53\Wool and O’Connor - 1981 - A theory crack healing in polymers.pdf"
"groups/735051","UL9TCRB6","9IQIMCAG","10.1109/lcsys.2020.3005328","Abate","2021","Formal Synthesis of Lyapunov Neural Networks","True","C:\Users\Ben Bolen\Zotero\storage\9IQIMCAG\Abate et al. - 2021 - Formal Synthesis of Lyapunov Neural Networks.pdf"
"groups/735051","9IK8QKPC","YZL7KJKW","10.1109/tac.2009.2033751","Topcu","2010","Robust Region-of-Attraction Estimation","True","C:\Users\Ben Bolen\Zotero\storage\YZL7KJKW\Topcu et al. - 2010 - Robust Region-of-Attraction Estimation.pdf"
"groups/735051","KTW7XMWP","UURMNDJ2","10.1090/s0025-5718-98-00913-2","Gottlieb","1998","Total variation diminishing Runge-Kutta schemes","True","C:\Users\Ben Bolen\Zotero\storage\UURMNDJ2\Gottlieb and Shu - 1998 - Total variation diminishing Runge-Kutta schemes.pdf"
"groups/735051","U8GLPGHD","NDEKZJMC","10.1006/jcph.1994.1187","Liu","1994","Weighted Essentially Non-oscillatory Schemes","True","C:\Users\Ben Bolen\Zotero\storage\NDEKZJMC\Liu et al. - 1994 - Weighted Essentially Non-oscillatory Schemes.pdf"
"groups/735051","GKN9S4JZ","VWQDE894","10.1152/japplphysiol.00942.2003","Dietz","2004","Locomotor activity in spinal cord-injured persons","True","C:\Users\Ben Bolen\Zotero\storage\VWQDE894\Dietz and Harkema - 2004 - Locomotor activity in spinal cord-injured persons.pdf"
"groups/735051","WEWNE5MB","AANZYHSN","10.1080/002071700411304","Leith","2000","Survey of gain-scheduling analysis and design","True","C:\Users\Ben Bolen\Zotero\storage\AANZYHSN\Leith and Leithead - 2000 - Survey of gain-scheduling analysis and design.pdf"
"groups/735051","888R7S6Y","P9TZQBP9","10.1109/ojies.2020.3040412","Yu","2021","Terminal Sliding Mode Control – An Overview","True","C:\Users\Ben Bolen\Zotero\storage\P9TZQBP9\Yu et al. - 2021 - Terminal Sliding Mode Control – An Overview.pdf"
"groups/735051","ZNMYIGPL","DDFEFAUU","10.1109/iros.2012.6386109","Todorov","2012","MuJoCo: A physics engine for model-based control","True","C:\Users\Ben Bolen\Zotero\storage\DDFEFAUU\Todorov et al. - 2012 - MuJoCo A physics engine for model-based control.pdf"
"groups/735051","UULZ2UMB","A9P55JZV","10.1007/978-3-642-35289-8_25","Montavon","2012","Stochastic Gradient Descent Tricks","True","C:\Users\Ben Bolen\Zotero\storage\A9P55JZV\Bottou - 2012 - Stochastic Gradient Descent Tricks.pdf"
"groups/735051","CULV2KNW","TGWMUFU2","10.3102/1076998619872761","Pang","2020","Deep Learning With TensorFlow: A Review","True","C:\Users\Ben Bolen\Zotero\storage\TGWMUFU2\Pang et al. - 2020 - Deep Learning With TensorFlow A Review.pdf"
"groups/735051","TV4WQU3X","EN8PPRGG","10.1016/j.cub.2011.05.029","Büschges","2011","New Moves in Motor Control","True","C:\Users\Ben Bolen\Zotero\storage\EN8PPRGG\Büschges et al. - 2011 - New Moves in Motor Control.pdf"
"groups/735051","244HN35M","MTX98ELR","10.1002/cphy.c170036","Proske","2018","Kinesthetic Senses","True","C:\Users\Ben Bolen\Zotero\storage\MTX98ELR\Proske and Gandevia - 2018 - Kinesthetic Senses.pdf"
"groups/735051","NKNW8YY5","S4MRBGIK","10.1021/ma00241a013","Kim","1983","A theory of healing at a polymer-polymer interface","True","C:\Users\Ben Bolen\Zotero\storage\S4MRBGIK\Kim and Wool - 1983 - A theory of healing at a polymer-polymer interface.pdf"
"groups/735051","JB7EJB46","NPR8W4N3","","Guerrero-Rosado","","Towards a comprehensive model of Self-regulation⋆","True","C:\Users\Ben Bolen\Zotero\storage\NPR8W4N3\Guerrero-Rosado and Amil - Towards a comprehensive model of Self-regulation⋆.pdf"
"groups/735051","P77MGTHY","4YF65VJJ","10.1016/j.neucom.2007.12.020","Schrauwen","2008","Improving reservoirs using intrinsic plasticity","True","C:\Users\Ben Bolen\Zotero\storage\4YF65VJJ\Schrauwen et al. - 2008 - Improving reservoirs using intrinsic plasticity.pdf"
"groups/735051","9I4VLAE2","9W7ASZI9","","Wu","2018","Meta-learning autoencoders for few-shot prediction","True","C:\Users\Ben Bolen\Zotero\storage\9W7ASZI9\Wu et al. - 2018 - Meta-learning autoencoders for few-shot prediction.pdf"
"groups/735051","WDIF7A6V","7NQTAX5Z","","Lemke","","Metalearning: a survey of trends and technologies","True","C:\Users\Ben Bolen\Zotero\storage\7NQTAX5Z\Lemke - Metalearning a survey of trends and technologies.pdf"
"groups/735051","4339QKKV","J9BEA4B9","","He","","Reservoir Transfer on Analog Neuromorphic Hardware","True","C:\Users\Ben Bolen\Zotero\storage\J9BEA4B9\He et al. - Reservoir Transfer on Analog Neuromorphic Hardware.pdf"
"groups/735051","BPBJFAII","QYCNHN7X","","Alexander","2006","Principles of animal locomotion","True","C:\Users\Ben Bolen\Zotero\storage\QYCNHN7X\Alexander - 2006 - Principles of animal locomotion.pdf"
"groups/735051","UVQB39BN","5WMAA9GX","","Shrestha","2018","SLAYER: Spike Layer Error Reassignment in Time","True","C:\Users\Ben Bolen\Zotero\storage\5WMAA9GX\Shrestha and Orchard - 2018 - SLAYER Spike Layer Error Reassignment in Time.pdf"
"groups/735051","AZ8AND24","THRJK7SU","","Chang","2020","Neural Lyapunov Control","True","C:\Users\Ben Bolen\Zotero\storage\THRJK7SU\Chang et al. - 2020 - Neural Lyapunov Control.pdf"
"groups/735051","IE4ZE8KV","UBWLP82J","","Kingma","2017","Adam: A Method for Stochastic Optimization","True","C:\Users\Ben Bolen\Zotero\storage\UBWLP82J\Kingma and Ba - 2017 - Adam A Method for Stochastic Optimization.pdf"
"groups/735051","MDKY6TSE","HL2YGGRH","10.1007/s10462-021-10110-3","Schlegel","2021","A comparison of vector symbolic architectures","True","C:\Users\Ben Bolen\Zotero\storage\HL2YGGRH\Schlegel et al. - 2021 - A comparison of vector symbolic architectures.pdf"
"groups/735051","HLAXTDDZ","3SXUMIUA","","Frazier","2018","A Tutorial on Bayesian Optimization","True","C:\Users\Ben Bolen\Zotero\storage\3SXUMIUA\Frazier - 2018 - A Tutorial on Bayesian Optimization.pdf"
"groups/735051","3QCDH892","XL7FCAT3","10.1007/978-981-10-8297-9","Keviczky","2019","Control Engineering","True","C:\Users\Ben Bolen\Zotero\storage\XL7FCAT3\Keviczky et al. - 2019 - Control Engineering.pdf"
"groups/735051","YQ3RGGL3","PC7RYSJD","","Yao","","Hierarchically Structured Meta-learning","True","C:\Users\Ben Bolen\Zotero\storage\PC7RYSJD\Yao et al. - Hierarchically Structured Meta-learning.pdf"
"groups/735051","9UVJ3EZG","DWFH9Q5U","10.1109/ijcnn.2009.5178822","Grzyb","2009","Which model to use for the Liquid State Machine?","True","C:\Users\Ben Bolen\Zotero\storage\DWFH9Q5U\Grzyb et al. - 2009 - Which model to use for the Liquid State Machine.pdf"
"groups/735051","KF2ZKA4H","M9S4IFGL","","Kidger","2022","On Neural Differential Equations","True","C:\Users\Ben Bolen\Zotero\storage\M9S4IFGL\Kidger - 2022 - On Neural Differential Equations.pdf"
"groups/735051","PUAAX5US","ST4BYIBG","","Lewis","","Gait Adaptation in a Quadruped Robot","True","C:\Users\Ben Bolen\Zotero\storage\ST4BYIBG\Lewis and Bekey - Gait Adaptation in a Quadruped Robot.pdf"
"groups/735051","LSTWHRKA","FN2PCPCZ","10.1038/nature14539","LeCun","2015","Deep learning","True","C:\Users\Ben Bolen\Zotero\storage\FN2PCPCZ\LeCun et al. - 2015 - Deep learning.pdf"
"groups/735051","TBCYMMWD","8E6W83Z9","","Gruning","2014","Spiking Neural Networks: Principles and Challenges","True","C:\Users\Ben Bolen\Zotero\storage\8E6W83Z9\Gruning and Bohte - 2014 - Spiking Neural Networks Principles and Challenges.pdf"
"groups/735051","S4KURXR3","M9H4BDRP","10.1016/j.ics.2004.05.129","Inada","2004","Bipedal walk using a Central Pattern Generator","False","C:\Users\Ben Bolen\Zotero\storage\M9H4BDRP\Inada and Ishii - 2004 - Bipedal walk using a Central Pattern Generator.pdf"
"groups/735051","9YTTTMGI","HZC3WS5A","","Gruning","2014","Spiking Neural Networks: Principles and Challenges","True","C:\Users\Ben Bolen\Zotero\storage\HZC3WS5A\Gruning and Bohte - 2014 - Spiking Neural Networks Principles and Challenges.pdf"
"groups/735051","DP3JYZBH","EP9PJSHD","10.7227/ijeee.37.3.8","Sadiku","2000","A Simple Introduction to the Method of Lines","True","C:\Users\Ben Bolen\Zotero\storage\EP9PJSHD\Sadiku and Obiozor - 2000 - A Simple Introduction to the Method of Lines.pdf"
"groups/735051","Y4EWUPMI","5KNYNIFW","","Rusu","2019","Meta-Learning with Latent Embedding Optimization","True","C:\Users\Ben Bolen\Zotero\storage\5KNYNIFW\Rusu et al. - 2019 - Meta-Learning with Latent Embedding Optimization.pdf"
"groups/735051","3TJLZEL6","47KYSYYM","10.1109/tac.2012.2208292","Lamperski","2013","Lyapunov Theory for Zeno Stability","True","C:\Users\Ben Bolen\Zotero\storage\47KYSYYM\Lamperski and Ames - 2013 - Lyapunov Theory for Zeno Stability.pdf"
"groups/735051","LPXKWPKM","KLR8QEK3","10.1162/neco.1997.9.2.279","Maass","1997","Fast Sigmoidal Networks via Spiking Neurons","True","C:\Users\Ben Bolen\Zotero\storage\KLR8QEK3\Maass - 1997 - Fast Sigmoidal Networks via Spiking Neurons.pdf"
"groups/735051","R2MW3GN8","NR3L9AXL","10.1016/j.neunet.2016.10.011","Shrestha","2017","Robust learning in SpikeProp","True","C:\Users\Ben Bolen\Zotero\storage\NR3L9AXL\Shrestha and Song - 2017 - Robust learning in SpikeProp.pdf"
"groups/735051","3FIW2UH7","HFTSAKA3","","Shrestha","2018","SLAYER: Spike Layer Error Reassignment in Time","True","C:\Users\Ben Bolen\Zotero\storage\HFTSAKA3\Shrestha and Orchard - 2018 - SLAYER Spike Layer Error Reassignment in Time.pdf"
"groups/735051","VJMD2LVG","4JTUV783","","Thuerey","2021","Physics-based Deep Learning","True","C:\Users\Ben Bolen\Zotero\storage\4JTUV783\Thuerey et al. - 2021 - Physics-based Deep Learning.pdf"
"groups/735051","Z4BRAW86","Q56QN9MJ","10.1051/mmnp/20105206","Fairhurst","2010","Observers for Canonic Models of Neural Oscillators","False","C:\Users\Ben Bolen\Zotero\storage\Q56QN9MJ\Fairhurst et al. - 2010 - Observers for Canonic Models of Neural Oscillators.pdf"
"groups/735051","PDPSSHAU","2KMHTUZ7","10.1109/icit.2005.1600829","Wang","2005","Motion Control of a Robot Fish Based on CPG","False","C:\Users\Ben Bolen\Zotero\storage\2KMHTUZ7\Long Wang et al. - 2005 - Motion Control of a Robot Fish Based on CPG.pdf"
"groups/735051","8MFKLMFC","56DGI4GG","10.1038/sc.1995.54","Illis","1995","Is there a central pattern generator in man?","False","C:\Users\Ben Bolen\Zotero\storage\56DGI4GG\Illis - 1995 - Is there a central pattern generator in man.pdf"
"groups/735051","2GSJXD2P","ZRSJIKYL","","Full","","Hypotheses of legged locomotion on land","False","C:\Users\Ben Bolen\Zotero\storage\ZRSJIKYL\Full and Koditschek - Hypotheses of legged locomotion on land.pdf"
"groups/735051","DELDJ6I6","VLYIZSTX","","Böttcher","","Principles of robot locomotion","False","C:\Users\Ben Bolen\Zotero\storage\VLYIZSTX\Böttcher - Principles of robot locomotion.pdf"
"groups/735051","74KM2PKS","X5G2HX8R","10.2200/s00268ed1v01y201005aim009","Szepesvári","2010","Algorithms for Reinforcement Learning","True","C:\Users\Ben Bolen\Zotero\storage\X5G2HX8R\Szepesvári - 2010 - Algorithms for Reinforcement Learning.pdf"
"groups/735051","E3RYDH4D","N4GDD8WV","","Henderson","","Deep Reinforcement Learning that Matters","True","C:\Users\Ben Bolen\Zotero\storage\N4GDD8WV\Henderson et al. - Deep Reinforcement Learning that Matters.pdf"
"groups/735051","QVS2FRBC","HJU4NFCX","10.1561/2200000071","Francois-Lavet","2018","An Introduction to Deep Reinforcement Learning","True","C:\Users\Ben Bolen\Zotero\storage\HJU4NFCX\Francois-Lavet et al. - 2018 - An Introduction to Deep Reinforcement Learning.pdf"
"groups/735051","FRCZMPZM","HE32Y2UY","","Li","2018","Deep Reinforcement Learning: An Overview","True","C:\Users\Ben Bolen\Zotero\storage\HE32Y2UY\Li - 2018 - Deep Reinforcement Learning An Overview.pdf"
"groups/735051","LNCRB4PQ","7YP99JW2","10.1016/j.tics.2019.02.006","Botvinick","2019","Reinforcement Learning, Fast and Slow","True","C:\Users\Ben Bolen\Zotero\storage\7YP99JW2\Botvinick et al. - 2019 - Reinforcement Learning, Fast and Slow.pdf"
"groups/735051","7BLVS69G","B7TR6RK7","","Sutton","1998","Reinforcement learning: an introduction","True","C:\Users\Ben Bolen\Zotero\storage\B7TR6RK7\Sutton and Barto - 1998 - Reinforcement learning an introduction.pdf"
"groups/735051","F9VGJALV","PRJXC3WA","","Huh","2017","Gradient Descent for Spiking Neural Networks","True","C:\Users\Ben Bolen\Zotero\storage\PRJXC3WA\Huh and Sejnowski - 2017 - Gradient Descent for Spiking Neural Networks.pdf"
"groups/735051","L2SJR55M","MTXQNZ5W","","Vreeken","","Spiking neural networks, an introduction","True","C:\Users\Ben Bolen\Zotero\storage\MTXQNZ5W\Vreeken - Spiking neural networks, an introduction.pdf"
"groups/735051","JFNBZU79","HSYJHKKQ","10.1016/j.amc.2018.10.087","Wu","2019","A new neuron model under electromagnetic field","False","C:\Users\Ben Bolen\Zotero\storage\HSYJHKKQ\Wu et al. - 2019 - A new neuron model under electromagnetic field.pdf"
"groups/735051","4V693TZ4","UE9WWSYB","10.1109/mcs.2008.931718","Goebel","2009","Hybrid dynamical systems","True","C:\Users\Ben Bolen\Zotero\storage\UE9WWSYB\Goebel et al. - 2009 - Hybrid dynamical systems.pdf"
"groups/735051","Q4HA7YVC","6GSHP63J","10.1115/1.3138363","Brand","1982","A Model of Lower Extremity Muscular Anatomy","True","C:\Users\Ben Bolen\Zotero\storage\6GSHP63J\Brand et al. - 1982 - A Model of Lower Extremity Muscular Anatomy.pdf"
"groups/735051","M4G2QF2D","6Z4Z4FH3","","Raibert","","Dynamically Stable Legged Locomotion","False","C:\Users\Ben Bolen\Zotero\storage\6Z4Z4FH3\Raibert et al. - Dynamically Stable Legged Locomotion.pdf"
"groups/735051","MMP6B5GQ","YPEH3Q3L","10.1117/12.2178007","George","2015","Data driven models of legged locomotion","False","C:\Users\Ben Bolen\Zotero\storage\YPEH3Q3L\Revzen and Kvalheim - 2015 - Data driven models of legged locomotion.pdf"
"groups/735051","LA6AR9CT","UYK8SSTD","10.1063/1.3143031","Jindrich","2009","Maneuvers during legged locomotion","False","C:\Users\Ben Bolen\Zotero\storage\UYK8SSTD\Jindrich and Qiao - 2009 - Maneuvers during legged locomotion.pdf"
"groups/735051","3MS95HAU","JZLUN2AE","10.1016/j.asd.2004.06.003","Koditschek","2004","Mechanical aspects of legged locomotion control","False","C:\Users\Ben Bolen\Zotero\storage\JZLUN2AE\Koditschek et al. - 2004 - Mechanical aspects of legged locomotion control.pdf"
"groups/735051","HHA6QGY4","HAL7J2DN","10.1109/iros.1994.407480","Bajd","1994","Unstable states in four-legged locomotion","False","C:\Users\Ben Bolen\Zotero\storage\HAL7J2DN\Bajd et al. - 1994 - Unstable states in four-legged locomotion.pdf"
"groups/735051","Y3NMGBMA","LQNWSYQN","10.1109/jra.1986.1087060","Waldron","1986","Force and motion management in legged locomotion","False","C:\Users\Ben Bolen\Zotero\storage\LQNWSYQN\Waldron - 1986 - Force and motion management in legged locomotion.pdf"
"groups/735051","7YLA76T8","4QGWLIXD","10.1109/tbme.1974.324294","Gubina","1974","On the Dynamic Stability of Biped Locomotion","False","C:\Users\Ben Bolen\Zotero\storage\4QGWLIXD\Gubina et al. - 1974 - On the Dynamic Stability of Biped Locomotion.pdf"
"groups/735051","G46BBPUQ","Y2ESFZ9W","","Dulac-Arnold","2019","Challenges of Real-World Reinforcement Learning","True","C:\Users\Ben Bolen\Zotero\storage\Y2ESFZ9W\Dulac-Arnold et al. - 2019 - Challenges of Real-World Reinforcement Learning.pdf"
"groups/735051","KJ8CUBKE","HZM74DJE","","van Hasselt","","Deep Reinforcement Learning with Double Q-Learning","True","C:\Users\Ben Bolen\Zotero\storage\HZM74DJE\van Hasselt et al. - Deep Reinforcement Learning with Double Q-Learning.pdf"
"groups/735051","9UGY7Z3Q","H9NDI7QC","","Mnih","2013","Playing Atari with Deep Reinforcement Learning","True","C:\Users\Ben Bolen\Zotero\storage\H9NDI7QC\Mnih et al. - 2013 - Playing Atari with Deep Reinforcement Learning.pdf"
"groups/735051","PJG4UKEP","GAMQPA77","","Li","2018","Deep Reinforcement Learning","True","C:\Users\Ben Bolen\Zotero\storage\GAMQPA77\Li - 2018 - Deep Reinforcement Learning.pdf"
"groups/735051","SDZI2AT6","34R63AL3","","Pashler","2002","Volume 3: Learning, Motivation, and Emotion","True","C:\Users\Ben Bolen\Zotero\storage\34R63AL3\Pashler and Gallistel - 2002 - Volume 3 Learning, Motivation, and Emotion.pdf"
"groups/735051","6YRFV5DF","4CWF7K92","","Kaiser","2020","Model-Based Reinforcement Learning for Atari","True","C:\Users\Ben Bolen\Zotero\storage\4CWF7K92\Kaiser et al. - 2020 - Model-Based Reinforcement Learning for Atari.pdf"
"groups/735051","8FX97QLE","ZBVFLK7D","10.1016/j.neunet.2018.12.002","Tavanaei","2019","Deep learning in spiking neural networks","True","C:\Users\Ben Bolen\Zotero\storage\ZBVFLK7D\Tavanaei et al. - 2019 - Deep learning in spiking neural networks.pdf"
"groups/735051","VHXZMYI6","T9S4VQV2","","Laing","","A Spiking Neuron Model for Binocular Rivalry","False","C:\Users\Ben Bolen\Zotero\storage\T9S4VQV2\Laing and Chow - A Spiking Neuron Model for Binocular Rivalry.pdf"
"groups/735051","2A8IHX6X","URCB62WB","10.1109/tnn.2004.832719","Izhikevich","2004","Which Model to Use for Cortical Spiking Neurons?","False","C:\Users\Ben Bolen\Zotero\storage\URCB62WB\Izhikevich - 2004 - Which Model to Use for Cortical Spiking Neurons.pdf"
"groups/735051","BZ96P83A","4J6LJF98","10.1126/science.1181936","Gerstner","2009","How Good Are Neuron Models?","False","C:\Users\Ben Bolen\Zotero\storage\4J6LJF98\Gerstner and Naud - 2009 - How Good Are Neuron Models.pdf"
"groups/735051","RJ3HQXM8","YG38SFFR","10.1007/s11071-011-0046-y","Shilnikov","2012","Complete dynamical analysis of a neuron model","False","C:\Users\Ben Bolen\Zotero\storage\YG38SFFR\Shilnikov - 2012 - Complete dynamical analysis of a neuron model.pdf"
"groups/735051","ZXYWYGXG","8JCJ65C2","10.1016/j.neucom.2005.03.006","Tsumoto","2006","Bifurcations in Morris–Lecar neuron model","False","C:\Users\Ben Bolen\Zotero\storage\8JCJ65C2\Tsumoto et al. - 2006 - Bifurcations in Morris–Lecar neuron model.pdf"
"groups/735051","RWCAK32Z","NRM9Y59C","10.1016/s0006-3495(62)86953-7","Rall","1962","Electrophysiology of a Dendritic Neuron Model","False","C:\Users\Ben Bolen\Zotero\storage\NRM9Y59C\Rall - 1962 - Electrophysiology of a Dendritic Neuron Model.pdf"
"groups/735051","I4GMN75S","VIRDQ9JN","10.7275/7529913.0","Thomas","","Safe Reinforcement Learning","True","C:\Users\Ben Bolen\Zotero\storage\VIRDQ9JN\Thomas - Safe Reinforcement Learning.pdf"
"groups/735051","RHLKNMBS","8WRU58JG","10.1109/tac.2020.3024161","Zanon","2021","Safe Reinforcement Learning Using Robust MPC","True","C:\Users\Ben Bolen\Zotero\storage\8WRU58JG\Zanon and Gros - 2021 - Safe Reinforcement Learning Using Robust MPC.pdf"
"groups/735051","26KZ7UWD","6W2FA4NA","","Alshiekh","","Safe Reinforcement Learning via Shielding","True","C:\Users\Ben Bolen\Zotero\storage\6W2FA4NA\Alshiekh et al. - Safe Reinforcement Learning via Shielding.pdf"
"groups/735051","84V3X65F","K3YWC5ST","10.1152/jn.1991.66.6.1874","Pearson","1991","Fictive motor patterns in chronic spinal cats","True","C:\Users\Ben Bolen\Zotero\storage\K3YWC5ST\Pearson and Rossignol - 1991 - Fictive motor patterns in chronic spinal cats.pdf"
"groups/735051","VYJP23LM","GSFL87ET","","Shrestha","2018","SLAYER: Spike Layer Error Reassignment in Time","True","C:\Users\Ben Bolen\Zotero\storage\GSFL87ET\Shrestha and Orchard - 2018 - SLAYER Spike Layer Error Reassignment in Time.pdf"
"groups/735051","RQUTNXJE","94WUM285","","Moe","","Linear Antisymmetric Recurrent Neural Networks","True","C:\Users\Ben Bolen\Zotero\storage\94WUM285\Moe et al. - Linear Antisymmetric Recurrent Neural Networks.pdf"
"groups/735051","QWP55RL8","3ICVXPYM","","A","2007","CPG Computational model Spinal cord","True","C:\Users\Ben Bolen\Zotero\storage\3ICVXPYM\A et al. - 2007 - CPG Computational model Spinal cord.pdf"
"groups/735051","MQGQITFD","PUYC8LDV","10.1088/1748-3190/aad39d","Russell","2018","A biomimicking design for mechanical knee joints","True","C:\Users\Ben Bolen\Zotero\storage\PUYC8LDV\Russell et al. - 2018 - A biomimicking design for mechanical knee joints.pdf"
"groups/735051","SUQL4PPP","7NSSAPQR","","Donatelli","1985","Normal biomechanics of the foot and ankle","True","C:\Users\Ben Bolen\Zotero\storage\7NSSAPQR\Donatelli - 1985 - Normal biomechanics of the foot and ankle.pdf"
"groups/735051","KFWGT6SQ","9EY9BJNA","","Terjung","1996","Postural Orientation and Equilibrium","True","C:\Users\Ben Bolen\Zotero\storage\9EY9BJNA\Horak and Macpherson - 1996 - Postural Orientation and Equilibrium.pdf"
"groups/735051","G5QTVT5I","F6EJES5T","","Hunt","2016","Neurologically Based Control for Quadruped Walking","True","C:\Users\Ben Bolen\Zotero\storage\F6EJES5T\Hunt - 2016 - Neurologically Based Control for Quadruped Walking.pdf"
"groups/735051","UIUWTJ4K","PF72662Y","10.1152/jn.2002.88.3.1097","Peterka","2002","Sensorimotor Integration in Human Postural Control","True","C:\Users\Ben Bolen\Zotero\storage\PF72662Y\Peterka - 2002 - Sensorimotor Integration in Human Postural Control.pdf"
"groups/735051","62IHC5XX","59D77ZDN","10.1016/0024-3795(95)00543-9","Zhang","1997","Quaternions and matrices of quaternions","True","C:\Users\Ben Bolen\Zotero\storage\59D77ZDN\Zhang - 1997 - Quaternions and matrices of quaternions.pdf"
"groups/735051","T8UL93VY","QVDKV7RS","10.1007/978-3-319-63537-8_34","Mangan","2017","Research of a Lensless Artificial Compound Eye","True","C:\Users\Ben Bolen\Zotero\storage\QVDKV7RS\Škulj and Bračun - 2017 - Research of a Lensless Artificial Compound Eye.pdf"
"groups/735051","T3KSV3GX","QRA8BM3V","10.1016/j.jbiomech.2004.03.025","Hof","2005","The condition for dynamic stability","True","C:\Users\Ben Bolen\Zotero\storage\QRA8BM3V\Hof et al. - 2005 - The condition for dynamic stability.pdf"
"groups/735051","TFXPPTE4","RNCGYUGD","","Tinetti","2003","Preventing Falls in Elderly Persons","True","C:\Users\Ben Bolen\Zotero\storage\RNCGYUGD\Tinetti - 2003 - Preventing Falls in Elderly Persons.pdf"
"groups/735051","BWI48JP3","PR7UIPFL","10.1016/j.bspc.2007.09.001","Zhou","2008","Human motion tracking for rehabilitation—A survey","True","C:\Users\Ben Bolen\Zotero\storage\PR7UIPFL\Zhou and Hu - 2008 - Human motion tracking for rehabilitation—A survey.pdf"
"groups/735051","VJBREURJ","779CAG3X","10.1016/j.jphysparis.2009.08.002","Mergner","2009","Vestibular humanoid postural control","True","C:\Users\Ben Bolen\Zotero\storage\779CAG3X\Mergner et al. - 2009 - Vestibular humanoid postural control.pdf"
"groups/735051","MBLMQNCI","V57WNWVX","10.1002/admt.201800304","Okuno","2019","Stretchable Suction Cup with Electroadhesion","True","C:\Users\Ben Bolen\Zotero\storage\V57WNWVX\Okuno et al. - 2019 - Stretchable Suction Cup with Electroadhesion.pdf"
"groups/735051","TMYCZYLZ","JJF7HP9G","","Unknown","","Vacuum Cup Selection Guide","True","C:\Users\Ben Bolen\Zotero\storage\JJF7HP9G\Vacuum Cup Selection Guide.pdf"
"groups/735051","3WP5P7AM","IBER2TXB","","Szepe","2011","Accurate force function approximation for pneumatic artificial muscles","True","C:\Users\Ben Bolen\Zotero\storage\IBER2TXB\Szepe - 2011 - Accurate force function approximation for pneumatic artificial muscles.pdf"
"groups/735051","F6HHNU3Q","U2XM42Q5","10.1016/j.mechatronics.2010.05.002","Pujana-Arrese","2010","Modelling in Modelica and position control of a 1-DoF set-up powered by pneumatic muscles","True","C:\Users\Ben Bolen\Zotero\storage\U2XM42Q5\Pujana-Arrese et al. - 2010 - Modelling in Modelica and position control of a 1-DoF set-up powered by pneumatic muscles.pdf"
"groups/735051","RIE3WDJ8","ZU37V5P5","","Kelasidi","2011","A survey on pneumatic muscle actuators modeling","True","C:\Users\Ben Bolen\Zotero\storage\ZU37V5P5\Kelasidi et al. - 2011 - A survey on pneumatic muscle actuators modeling.pdf"
"groups/735051","2SB9VCCN","YVYQJGAA","10.1016/0024-3205(79)90389-8","Hruska","1979","Quantitative aspects of normal locomotion in rats","True","C:\Users\Ben Bolen\Zotero\storage\YVYQJGAA\Hruska et al. - 1979 - Quantitative aspects of normal locomotion in rats.pdf"
"groups/735051","DUSUXXDR","2FQ3DH8G","10.1109/cyber55403.2022.9907615","Zhang","2022","Design of a Multi-connection Pneumatic Artificial Muscle","True","C:\Users\Ben Bolen\Zotero\storage\2FQ3DH8G\Zhang et al. - 2022 - Design of a Multi-connection Pneumatic Artificial Muscle.pdf"
"groups/735051","IZV4684T","GPU5JUG2","10.1109/lra.2023.3293316","Tanaka","2023","Back-Stretchable McKibben Muscles: Expanding the Range of Antagonistic Muscle Driven Joints","True","C:\Users\Ben Bolen\Zotero\storage\GPU5JUG2\Tanaka et al. - 2023 - Back-Stretchable McKibben Muscles Expanding the Range of Antagonistic Muscle Driven Joints.pdf"
"groups/735051","VVTR3PPU","CVGFNJ9A","10.3390/act14120582","Zhagiparova","2025","Recent Developments in Pneumatic Artificial Muscle Actuators","True","C:\Users\Ben Bolen\Zotero\storage\CVGFNJ9A\Zhagiparova et al. - 2025 - Recent Developments in Pneumatic Artificial Muscle Actuators.pdf"
"groups/735051","ZEAJEQA6","UNFV27Y6","10.1017/s0263574724000961","Yu","2024","Joint angle synergy-based humanoid robot motion generation with fascia-inspired nonlinear constraints","True","C:\Users\Ben Bolen\Zotero\storage\UNFV27Y6\Yu et al. - 2024 - Joint angle synergy-based humanoid robot motion generation with fascia-inspired nonlinear constraint.pdf"
"groups/735051","4ASZF3DF","RM3AFXD7","10.1109/mra.2008.927979","Albu-Schaffer","2008","Soft robotics","True","C:\Users\Ben Bolen\Zotero\storage\RM3AFXD7\Albu-Schaffer et al. - 2008 - Soft robotics.pdf"
"groups/735051","STEN2N2I","7JBCWGS8","10.1109/iros.2004.1389925","Albu-Schaffer","2004","Soft robotics: what Cartesian stiffness can obtain with passively compliant, uncoupled joints?","True","C:\Users\Ben Bolen\Zotero\storage\7JBCWGS8\Albu-Schaffer et al. - 2004 - Soft robotics what Cartesian stiffness can obtain with passively compliant, uncoupled joints.pdf"
"groups/735051","WTKPID52","7LU49F9G","10.1126/scirobotics.aah3690","Laschi","2016","Soft robotics: Technologies and systems pushing the boundaries of robot abilities","True","C:\Users\Ben Bolen\Zotero\storage\7LU49F9G\Laschi et al. - 2016 - Soft robotics Technologies and systems pushing the boundaries of robot abilities.pdf"
"groups/735051","EYNYX5UB","NDIRGCHP","10.1016/j.device.2024.100432","Raman","2024","Soft robotics for human health","True","C:\Users\Ben Bolen\Zotero\storage\NDIRGCHP\Raman and Laschi - 2024 - Soft robotics for human health.pdf"
"groups/735051","2NLBYXL9","NX2JM9HC","10.1243/0954411001535778","Imran","2000","The variation in the orientations and moment arms of the knee extensor and flexor muscle tendons with increasing muscle force: A mathematical analysis","True","C:\Users\Ben Bolen\Zotero\storage\NX2JM9HC\Imran et al. - 2000 - The variation in the orientations and moment arms of the knee extensor and flexor muscle tendons wit.pdf"
"groups/735051","CXLMLQRR","JR3GLWVZ","10.1016/0268-0033(95)00021-6","Gill","1996","Biarticulating two-dimensional computer model of the human patellofemoral joint","True","C:\Users\Ben Bolen\Zotero\storage\JR3GLWVZ\Gill and O'Connor - 1996 - Biarticulating two-dimensional computer model of the human patellofemoral joint.pdf"
"groups/735051","H3HM2DH7","N8ULGWMF","","Zajac","","Biomechanics and muscle coordination of human walking Part I: Introduction to concepts, power transfer, dynamics and simulations","True","C:\Users\Ben Bolen\Zotero\storage\N8ULGWMF\Zajac et al. - Biomechanics and muscle coordination of human walking Part I Introduction to concepts, power transf.pdf"
"groups/735051","CRCEXAZT","VU3TLBMF","10.1016/j.jbiomech.2007.11.020","Koehle","2008","A method of calculating physiologically relevant joint reaction forces during forward dynamic simulations of movement from an existing knee model","True","C:\Users\Ben Bolen\Zotero\storage\VU3TLBMF\Koehle and Hull - 2008 - A method of calculating physiologically relevant joint reaction forces during forward dynamic simula.pdf"
"groups/735051","MS6FDJNQ","YWLU9P2C","10.3389/fbioe.2022.920462","Prasad","2022","A Framework for Determining the Performance and Requirements of Cable-Driven Mobile Lower Limb Rehabilitation Exoskeletons","True","C:\Users\Ben Bolen\Zotero\storage\YWLU9P2C\Prasad et al. - 2022 - A Framework for Determining the Performance and Requirements of Cable-Driven Mobile Lower Limb Rehab.pdf"
"groups/735051","RH7ZNQKQ","9XH98PLB","10.1109/tbme.2025.3620626","Chen","2026","Automated Muscle Path Calibration With Gradient-Specified Optimization Based on Moment Arm","True","C:\Users\Ben Bolen\Zotero\storage\9XH98PLB\Chen et al. - 2026 - Automated Muscle Path Calibration With Gradient-Specified Optimization Based on Moment Arm.pdf"
"groups/735051","RYDNCE7T","UQ32XTAS","10.1038/s41598-017-13766-6","Sartori","2017","In Vivo Neuromechanics: Decoding Causal Motor Neuron Behavior with Resulting Musculoskeletal Function","True","C:\Users\Ben Bolen\Zotero\storage\UQ32XTAS\Sartori et al. - 2017 - In Vivo Neuromechanics Decoding Causal Motor Neuron Behavior with Resulting Musculoskeletal Functio.pdf"
"groups/735051","QBVFSS4Y","7APDICIX","10.1007/978-94-007-6046-2_7","Yamane","2018","A Comparative Study Between Humans and Humanoid Robots","True","C:\Users\Ben Bolen\Zotero\storage\7APDICIX\Yamane and Murai - 2018 - A Comparative Study Between Humans and Humanoid Robots.pdf"
"groups/735051","FS3L56P5","DJL5W36T","10.1371/journal.pone.0320211","Akbaş","2025","Characterization of Human Balance through a Reinforcement Learning-based Muscle Controller","True","C:\Users\Ben Bolen\Zotero\storage\DJL5W36T\Akbaş et al. - 2025 - Characterization of Human Balance through a Reinforcement Learning-based Muscle Controller.pdf"
"groups/735051","JHBVBDZT","9P88MSZH","10.1186/s12984-023-01235-3","Shanbhag","2023","Methods for integrating postural control into biomechanical human simulations: a systematic review","True","C:\Users\Ben Bolen\Zotero\storage\9P88MSZH\Shanbhag et al. - 2023 - Methods for integrating postural control into biomechanical human simulations a systematic review.pdf"
"groups/735051","9MV95ZX4","BJ5LZUY7","10.1002/pcr2.10199","Puiggalí","2021","Aliphatic polyamides (nylons): Interplay between hydrogen bonds and crystalline structures, polymorphic transitions and crystallization","True","C:\Users\Ben Bolen\Zotero\storage\BJ5LZUY7\Puiggalí - 2021 - Aliphatic polyamides (nylons) Interplay between hydrogen bonds and crystalline structures, polymorp.pdf"
"groups/735051","FPV74DHM","W5H2NXN2","10.3390/books978-3-0365-6051-9","Kim","2022","Smart Composites and Processing","True","C:\Users\Ben Bolen\Zotero\storage\W5H2NXN2\Kim - 2022 - Smart Composites and Processing.pdf"
"groups/735051","S8R4YK45","GT8RSKTD","10.1109/lra.2021.3130627","Bruder","2022","The Chain-Link Actuator: Exploiting the Bending Stiffness of McKibben Artificial Muscles to Achieve Larger Contraction Ratios","True","C:\Users\Ben Bolen\Zotero\storage\GT8RSKTD\Bruder and Wood - 2022 - The Chain-Link Actuator Exploiting the Bending Stiffness of McKibben Artificial Muscles to Achieve.pdf"
"groups/735051","MZQ6VI97","DL2UKT5J","10.1109/lra.2025.3528662","Kobayashi","2025","McKibben Muscle With Elastic Thread Embedded in Parallel Extending Range of Motion of Muscle-Driven Robots","True","C:\Users\Ben Bolen\Zotero\storage\DL2UKT5J\Kobayashi et al. - 2025 - McKibben Muscle With Elastic Thread Embedded in Parallel Extending Range of Motion of Muscle-Driven.pdf"
"groups/735051","YLTNZ9NK","QKYIVLAC","10.1088/1748-3190/ae66c0","Kortman","2026","Designing McKibben muscles: a critical review for practical implementation","True","C:\Users\Ben Bolen\Zotero\storage\QKYIVLAC\Kortman et al. - 2026 - Designing McKibben muscles a critical review for practical implementation.pdf"
"groups/735051","KRQX6L7Z","PFLGGS9N","10.1088/1748-3190/ae66c0","Kortman","2026","Designing McKibben muscles: a critical review for practical implementation","True","C:\Users\Ben Bolen\Zotero\storage\PFLGGS9N\Kortman et al. - 2026 - Designing McKibben muscles a critical review for practical implementation.pdf"
"groups/735051","R2AAC3NS","CNDKWPJU","10.3390/biomimetics9030164","Silva","2024","Design of Low-Cost Modular Bio-Inspired Electric–Pneumatic Actuator (EPA)-Driven Legged Robots","True","C:\Users\Ben Bolen\Zotero\storage\CNDKWPJU\Silva et al. - 2024 - Design of Low-Cost Modular Bio-Inspired Electric–Pneumatic Actuator (EPA)-Driven Legged Robots.pdf"
"groups/735051","KXRNX2UK","X4Q4G9AA","10.1109/iros58592.2024.10801663","Tanaka","2024","Tension Feedback Control for Musculoskeletal Quadrupedal Locomotion over Uneven Terrain","True","C:\Users\Ben Bolen\Zotero\storage\X4Q4G9AA\Tanaka et al. - 2024 - Tension Feedback Control for Musculoskeletal Quadrupedal Locomotion over Uneven Terrain.pdf"
"groups/735051","W99X2S5V","5N5STUFU","10.3389/frobt.2024.1449721","Li","2024","Controller design and experimental validation of walking for a musculoskeletal bipedal lower limb robot based on the spring-loaded inverted pendulum model","True","C:\Users\Ben Bolen\Zotero\storage\5N5STUFU\Li et al. - 2024 - Controller design and experimental validation of walking for a musculoskeletal bipedal lower limb ro.pdf"
"groups/735051","WPV3BNCY","4CEJUACV","10.1088/1748-3190/ad839e","Tanaka","2024","Enhancing postural stability in musculoskeletal quadrupedal locomotion through tension feedback for CPG-based controller","True","C:\Users\Ben Bolen\Zotero\storage\4CEJUACV\Tanaka et al. - 2024 - Enhancing postural stability in musculoskeletal quadrupedal locomotion through tension feedback for.pdf"
"groups/735051","B3URAPQR","8B6LI2ZI","10.1109/lra.2025.3567164","Tanaka","2025","Position Control of McKibben-Type Pneumatic Artificial Muscle via Port-Hamiltonian Approach","True","C:\Users\Ben Bolen\Zotero\storage\8B6LI2ZI\Tanaka et al. - 2025 - Position Control of McKibben-Type Pneumatic Artificial Muscle via Port-Hamiltonian Approach.pdf"
"groups/735051","7NIV5SQI","N8KLQYYL","10.1080/01691864.2024.2441261","Matsumoto","2025","Latissimus-dorsi-inspired wire mechanism for improving energy efficiency of quadruped robot locomotion","True","C:\Users\Ben Bolen\Zotero\storage\N8KLQYYL\Matsumoto et al. - 2025 - Latissimus-dorsi-inspired wire mechanism for improving energy efficiency of quadruped robot locomoti.pdf"
"groups/735051","KUZCZPIA","YVG4GCYE","10.1080/01691864.2025.2528829","Matsumoto","2025","Latissimus-dorsi-inspired trunk torsion mechanism for quadruped robot spine design","True","C:\Users\Ben Bolen\Zotero\storage\YVG4GCYE\Matsumoto et al. - 2025 - Latissimus-dorsi-inspired trunk torsion mechanism for quadruped robot spine design.pdf"
"groups/735051","9HSMNY5D","C9U7KH97","10.3389/frobt.2026.1741690","Wang","2026","Simulating the integration and regulation of human Ia and Ib reflexes on a musculoskeletal robot driven by pneumatic artificial muscles","True","C:\Users\Ben Bolen\Zotero\storage\C9U7KH97\Wang et al. - 2026 - Simulating the integration and regulation of human Ia and Ib reflexes on a musculoskeletal robot dri.pdf"
"groups/735051","H36WSIMI","5VBZW3J8","","Hoh","2026","AEGIS: A fabric-based exosuit for healthcare workers","True","C:\Users\Ben Bolen\Zotero\storage\5VBZW3J8\Hoh et al. - 2026 - AEGIS A fabric-based exosuit for healthcare workers.pdf"
"groups/735051","JR2UL3FB","QTFKPCMN","10.1109/tmrb.2024.3385795","Schäffer","2024","Soft Wrist Exosuit Actuated by Fabric Pneumatic Artificial Muscles","True","C:\Users\Ben Bolen\Zotero\storage\QTFKPCMN\Schäffer et al. - 2024 - Soft Wrist Exosuit Actuated by Fabric Pneumatic Artificial Muscles.pdf"
"groups/735051","3CMMZR3Q","9QZC5S3Z","","Schäffer","","Fabric Pneumatic Artificial Muscle-Based Head-Neck Exosuit: Design, Modeling, and Evaluation","True","C:\Users\Ben Bolen\Zotero\storage\9QZC5S3Z\Schäffer and Ozkan-Aydin - 2024 - Soft Wrist Exosuit Actuated by Fabric Pneumatic Artificial Muscles.pdf"
"groups/735051","ZI48PXMM","R5WG8LBZ","10.48550/arxiv.2603.13531","Schäffer","2026","Fabric Pneumatic Artificial Muscle-Based Head-Neck Exosuit: Design, Modeling, and Evaluation","True","C:\Users\Ben Bolen\Zotero\storage\R5WG8LBZ\Schäffer et al. - 2026 - Fabric Pneumatic Artificial Muscle-Based Head-Neck Exosuit Design, Modeling, and Evaluation.pdf"
"groups/735051","FL7ILGYA","CTEEPN3Z","10.1177/0278364908095843","Seyfarth","2009","Towards Bipedal Jogging as a Natural Result of Optimizing Walking Speed for Passively Compliant Three-Segmented Legs","True","C:\Users\Ben Bolen\Zotero\storage\CTEEPN3Z\Seyfarth et al. - 2009 - Towards Bipedal Jogging as a Natural Result of Optimizing Walking Speed for Passively Compliant Thre.pdf"
"groups/735051","KDSHQA5Q","54M63MWK","10.1109/humanoids.2017.8246888","Schütz","2017","Carl — A compliant robotic leg featuring mono- and biarticular actuation","True","C:\Users\Ben Bolen\Zotero\storage\54M63MWK\Schütz et al. - 2017 - Carl — A compliant robotic leg featuring mono- and biarticular actuation.pdf"
"groups/735051","PPXF84YV","Q58BQ64C","10.1109/humanoids.2016.7803359","Loeffl","2016","The DLR C-runner: Concept, design and experiments","True","C:\Users\Ben Bolen\Zotero\storage\Q58BQ64C\Loeffl et al. - 2016 - The DLR C-runner Concept, design and experiments.pdf"
"groups/735051","JSQ45GSE","P8XJRPIE","10.1109/humanoids.2016.7803435","Lakatos","2016","Dynamic bipedal walking by controlling only the equilibrium of intrinsic elasticities","True","C:\Users\Ben Bolen\Zotero\storage\P8XJRPIE\Lakatos et al. - 2016 - Dynamic bipedal walking by controlling only the equilibrium of intrinsic elasticities.pdf"
"groups/735051","GSPZEDDZ","LQ2AB4LS","10.1109/iros.2011.6095091","Ogawa","2011","Development of whole-body humanoid “pneumat-BS” with pneumatic musculoskeletal system","True","C:\Users\Ben Bolen\Zotero\storage\LQ2AB4LS\Ogawa et al. - 2011 - Development of whole-body humanoid “pneumat-BS” with pneumatic musculoskeletal system.pdf"
"groups/735051","QRD48I99","DMQQUZCM","10.1088/1748-3190/11/4/046003","Sharbafi","2016","A new biarticular actuator design facilitates control of leg function in BioBiped3","True","C:\Users\Ben Bolen\Zotero\storage\DMQQUZCM\Sharbafi et al. - 2016 - A new biarticular actuator design facilitates control of leg function in BioBiped3.pdf"
"groups/735051","4IEP7EAD","BHEJIHZ4","10.1115/1.2963028","Babič","2008","A Biarticulated Robotic Leg for Jumping Movements: Theory and Experiments","True","C:\Users\Ben Bolen\Zotero\storage\BHEJIHZ4\Babič et al. - 2008 - A Biarticulated Robotic Leg for Jumping Movements Theory and Experiments.pdf"
"groups/735051","78ZRSHGK","3WTA8BDR","10.1109/robio.2009.4912996","Babic","2009","Biarticular legged robot: Design and experiments","True","C:\Users\Ben Bolen\Zotero\storage\3WTA8BDR\Babic - 2009 - Biarticular legged robot Design and experiments.pdf"
"groups/735051","S9YC4UYF","FGHR3YLE","10.3390/biomimetics4010010","Young","2019","Analyzing Moment Arm Profiles in a Full-Muscle Rat Hindlimb Model","True","C:\Users\Ben Bolen\Zotero\storage\FGHR3YLE\Young et al. - 2019 - Analyzing Moment Arm Profiles in a Full-Muscle Rat Hindlimb Model.pdf"
"groups/735051","ULZHZPAC","RJ2QJVVM","10.1242/jeb.123935","Biewener","2016","Locomotion as an emergent property of muscle contractile dynamics","True","C:\Users\Ben Bolen\Zotero\storage\RJ2QJVVM\Biewener - 2016 - Locomotion as an emergent property of muscle contractile dynamics.pdf"
"groups/735051","7DYMDUNB","KWTGSY4E","10.1038/414895a","Wilson","2001","Horses damp the spring in their step","True","C:\Users\Ben Bolen\Zotero\storage\KWTGSY4E\Wilson et al. - 2001 - Horses damp the spring in their step.pdf"
"groups/735051","MHUYGKUL","ZK69IC69","10.1242/jeb.033639","Carroll","2009","Mono- versus biarticular muscle function in relation to speed and gait changes: in vivo analysis of the goat triceps brachii","True","C:\Users\Ben Bolen\Zotero\storage\ZK69IC69\Carroll and Biewener - 2009 - Mono- versus biarticular muscle function in relation to speed and gait changes in vivo analysis of.pdf"
"groups/735051","NSK2FNWF","DDGUGPV9","","Biewener","2000","Muscle and tendon contributions to force, work, and elastic energy savings: a comparative perspective","True","C:\Users\Ben Bolen\Zotero\storage\DDGUGPV9\BiewenerRobertsESSRArticle-MuscleTendon-2000.pdf"
"groups/735051","3446JADN","G5K9WBS5","10.1016/s0021-9290(01)00056-2","Hof","2001","The force resulting from the action of mono- and biarticular muscles in a limb","True","C:\Users\Ben Bolen\Zotero\storage\G5K9WBS5\Hof - 2001 - The force resulting from the action of mono- and biarticular muscles in a limb.pdf"
"groups/735051","3TTSBNL6","4URNQ6AX","10.1109/humanoids.2014.7041475","Lakatos","2014","Design and control of compliantly actuated bipedal running robots: Concepts to exploit natural system dynamics","True","C:\Users\Ben Bolen\Zotero\storage\4URNQ6AX\Lakatos et al. - 2014 - Design and control of compliantly actuated bipedal running robots Concepts to exploit natural syste.pdf"
"groups/735051","LNEX7FXM","YNS3CZJJ","10.1109/tmrb.2019.2895891","Sarmadi","2019","Concerted Control of Stance and Balance Locomotor Subfunctions—Leg Force as a Conductor","True","C:\Users\Ben Bolen\Zotero\storage\YNS3CZJJ\Sarmadi et al. - 2019 - Concerted Control of Stance and Balance Locomotor Subfunctions—Leg Force as a Conductor.pdf"
"groups/735051","XST9AKLZ","D7KYNDU9","10.1098/rsif.2018.0413","Schumacher","2020","Biarticular muscles in light of template models, experiments and robotics: a review","True","C:\Users\Ben Bolen\Zotero\storage\D7KYNDU9\Schumacher et al. - 2020 - Biarticular muscles in light of template models, experiments and robotics a review.pdf"
"groups/735051","JFQ8K9ND","V3IYMD85","10.1016/j.bpj.2023.05.026","Rode","2023","Structurally motivated models to explain the muscle’s force-length relationship","True","C:\Users\Ben Bolen\Zotero\storage\V3IYMD85\Rode et al. - 2023 - Structurally motivated models to explain the muscle’s force-length relationship.pdf"
"groups/735051","F9XH45CN","JB6GG37Q","10.1371/journal.pone.0302867","AminiAghdam","2024","Posture-induced modulation of lower-limb joint powers in perturbed running","True","C:\Users\Ben Bolen\Zotero\storage\JB6GG37Q\AminiAghdam and Rode - 2024 - Posture-induced modulation of lower-limb joint powers in perturbed running.pdf"
"groups/735051","95XY6BZF","PQGTXARZ","10.1098/rsif.2018.0413","Schumacher","2020","Biarticular muscles in light of template models, experiments and robotics: a review","True","C:\Users\Ben Bolen\Zotero\storage\PQGTXARZ\Schumacher et al. - 2020 - Biarticular muscles in light of template models, experiments and robotics a review.pdf"
"groups/735051","73MBN2HU","FU3RFP7Z","10.1109/lra.2025.3614076","Chen","2025","Biarticular Rigid Powered Lower Extremity Exoskeleton Robot","True","C:\Users\Ben Bolen\Zotero\storage\FU3RFP7Z\Chen et al. - 2025 - Biarticular Rigid Powered Lower Extremity Exoskeleton Robot.pdf"
"groups/735051","LJJSE3CY","B8LAGRUH","","Khalilian Motamed Bonab","2021","Simulation Based Optimal Design of Exoskeletons to Reduce Metabolic Cost and Improve Energy Efficiency","True","C:\Users\Ben Bolen\Zotero\storage\B8LAGRUH\Khalilian Motamed Bonab - 2021 - Simulation Based Optimal Design of Exoskeletons to Reduce Metabolic Cost and Improve Energy Efficien.pdf"
"groups/735051","WFCBT67M","9A9GPLFS","10.1109/robio.2009.4913238","Tavakoli","2009","A comparison study on Pneumatic Muscles and electrical motors","True","C:\Users\Ben Bolen\Zotero\storage\9A9GPLFS\Tavakoli et al. - 2009 - A comparison study on Pneumatic Muscles and electrical motors.pdf"
"groups/735051","KYTGDSNF","QBHP5GCX","","Scharzenberger","2021","Designing Sensory Feedback Pathways for Stability and Robustness in Quadrupedal Hind Limb Stepping","True","C:\Users\Ben Bolen\Zotero\storage\QBHP5GCX\Scharzenberger and Hunt - 2021 - Designing Sensory Feedback Pathways for Stability .pdf"
"groups/735051","HNTEY3GQ","5WWMUGMH","10.1007/978-3-031-20470-8_37","Scharzenberger","2022","A Functional Subnetwork Approach to Multistate Central Pattern Generator Phase Difference Control","True","C:\Users\Ben Bolen\Zotero\storage\5WWMUGMH\Scharzenberger and Hunt - A Functional Subnetwork Approach to Multistate Cen.pdf"
"groups/735051","NQPJZ9Z9","FGDTH7D9","","Markforged Additive Manufacturing Company","","Markforged MDS: Mark Two Gen 2 Rev 4.6","True","C:\Users\Ben Bolen\Zotero\storage\FGDTH7D9\Markforged Additive Manufacturing Company - Markforged MDS Mark Two Gen 2 Rev 4.6.pdf"
"groups/735051","CALXWEUJ","THJKHBP3","","Markforged Additive Manufacturing Company","","Markforged MDS: Onyx Filament Rev 5.3","True","C:\Users\Ben Bolen\Zotero\storage\THJKHBP3\Markforged Additive Manufacturing Company - Markforged MDS Onyx Filament Rev 5.3.pdf"
"groups/735051","Q5S8L6RT","WSU7CECZ","10.1520/d3039_d3039m-08","International","","ASTM D3039/3039M-08: Test Method for Tensile Properties of Polymer Matrix Composite Materials","True","C:\Users\Ben Bolen\Zotero\storage\WSU7CECZ\ASTM International - ASTM D30393039M-08 Test Method for Tensile Properties of Polymer Matrix Composite Materials.pdf"
"groups/735051","2FACJSNT","6WKEYGD6","10.1520/d4762-18","International","","ASTM D4762-18: Guide for Testing Polymer Matrix Composite Materials","True","C:\Users\Ben Bolen\Zotero\storage\6WKEYGD6\ASTM International - ASTM D4762-18 Guide for Testing Polymer Matrix Composite Materials.pdf"
"groups/735051","ZQHG9B88","2GCDWNQM","10.1016/j.jmapro.2023.08.060","Xu","2023","Study on the hot isostatic pressing post-treatment of FDM-3D printed continuous carbon fiber reinforced composites","True","C:\Users\Ben Bolen\Zotero\storage\2GCDWNQM\Xu et al. - 2023 - Study on the hot isostatic pressing post-treatment of FDM-3D printed continuous carbon fiber reinfor.pdf"
"groups/735051","3BY2A6F9","4J9U6YL9","10.1115/1.4063970","Bhattacharyya","2024","Design Synthesis of a 4D-Printed Self-Tying Knot With Programmable Morphology","True","C:\Users\Ben Bolen\Zotero\storage\4J9U6YL9\Bhattacharyya et al. - 2024 - Design Synthesis of a 4D-Printed Self-Tying Knot With Programmable Morphology.pdf"
"groups/735051","E63AFUSB","F5GKFJ8Q","10.3390/act15050230","Bolen","2026","Isometric Force Characterization of Braided Pneumatic Actuators","True","C:\Users\Ben Bolen\Zotero\storage\F5GKFJ8Q\Bolen et al. - 2026 - Isometric Force Characterization of Braided Pneumatic Actuators.pdf"
"groups/735051","E63AFUSB","6A2Y23WP","10.3390/act15050230","Bolen","2026","Isometric Force Characterization of Braided Pneumatic Actuators","True","C:\Users\Ben Bolen\Zotero\storage\6A2Y23WP\Bolen et al. - 2026 - Isometric Force Characterization of Braided Pneumatic Actuators.pdf"
"groups/735051","S5YSDDIY","U4SIZBVW","","Elzein","2025","Pressure and Force Dynamics in Artificial Muscle Actuators: A State-Space and Optimization-Based Approach","True","C:\Users\Ben Bolen\Zotero\storage\U4SIZBVW\Elzein et al. - Pressure and Force Dynamics in Artificial Muscle Actuators A State-Space and Optimization-Based App.pdf"
"groups/735051","8KVHJGVA","759EUY7K","10.1093/mam/ozaf048.977","Tran","2025","Effects of Infill Patterns on Mechanical Properties of Chopped Carbon Fiber Reinforced Composites Produced by Fused Deposition Modeling","True","C:\Users\Ben Bolen\Zotero\storage\759EUY7K\Tran and Hunt - 2025 - Effects of Infill Patterns on Mechanical Properties of Chopped Carbon Fiber Reinforced Composites Pr.pdf"
"groups/735051","PYDQZSSE","TJ7M84SS","","Tran","2024","Characterization of Chopped Carbon Fiber Reinforced Composites Produced Using Fused Deposition Modeling","True","C:\Users\Ben Bolen\Zotero\storage\TJ7M84SS\Tran - 2024 - Characterization of Chopped Carbon Fiber Reinforced Composites Produced Using Fused Deposition Model.pdf"
"groups/735051","KRVGGCI2","7GFJRV8X","","Tran","2026","Strong by Design - Rethinking the DNA of 3D Prints","True","C:\Users\Ben Bolen\Zotero\storage\7GFJRV8X\3MT - Stronger by Design.pdf"
"groups/735051","KRVGGCI2","UL8DGUYL","","Tran","2026","Strong by Design - Rethinking the DNA of 3D Prints","True","C:\Users\Ben Bolen\Zotero\storage\UL8DGUYL\3MT - Stronger by Design- Rethinking the DNA of 3D Prints.pdf"
"groups/735051","YP52DNXK","47Q2WBP3","","Elzein","","Pressure and Force Dynamics in Artificial Muscle Actuators: A State-Space and Optimization-Based Approach","True","C:\Users\Ben Bolen\Zotero\storage\47Q2WBP3\Elzein et al. - Pressure and Force Dynamics in Artificial Muscle Actuators A State-Space and Optimization-Based App.pdf"
"groups/735051","ZHHWDM4T","7HUS2PLW","10.15760/etd.4076","Lutz","2025","Mechanical Improvements and Control Implementation on a Biomimetic Quadruped Model","True","C:\Users\Ben Bolen\Zotero\storage\7HUS2PLW\Lutz - 2025 - Mechanical Improvements and Control Implementation on a Biomimetic Quadruped Model.pdf"
"groups/735051","EZSGL28V","2UIF7YU7","10.15760/etd.4030","Elzein","2025","Pressure and Force Dynamics in Artificial Muscle Actuators: A State-Space and Optimization-Based Approach","True","C:\Users\Ben Bolen\Zotero\storage\2UIF7YU7\Elzein - 2025 - Pressure and Force Dynamics in Artificial Muscle Actuators A State-Space and Optimization-Based App.pdf"
"groups/735051","JHGPUC6X","8EEDPFH5","10.15760/etd.4072","Pupkiewicz","2025","Spike Timing Depended Plasticity Produces Unsupervised Learning of Synergistic Muscle Feedback in a Synthetical Neural Network","True","C:\Users\Ben Bolen\Zotero\storage\8EEDPFH5\Pupkiewicz - 2025 - Spike Timing Depended Plasticity Produces Unsupervised Learning of Synergistic Muscle Feedback in a.pdf"
"groups/735051","9K27QB6V","B3GXV52J","10.1007/978-3-031-72597-5_16","Elzein","2024","Pulse Modulation in Braided Pneumatic Actuators Mimics Contractile Behavior of Biological Muscles","True","C:\Users\Ben Bolen\Zotero\storage\B3GXV52J\Elzein - 2024 - Pulse Modulation in Braided Pneumatic Actuators Mi.pdf"
"groups/735051","TPSINLCW","ADLYDIIC","","Pupkiewicz","2025","Spike Timing Dependent Plasticity Organizes Type Ia Muscle Afferents in a Synthetic Nervous System","True","C:\Users\Ben Bolen\Zotero\storage\ADLYDIIC\Pupkiewicz et al. - Spike Timing Dependent Plasticity Organizes Type Ia Muscle Afferents in a Synthetic Nervous System.pdf"
"groups/735051","F9XD6JVT","X4AF2YNV","","Lutz","2025","Noisy Reset Neuron Model Smooths Transition to Saturation Force in BPAs","True","C:\Users\Ben Bolen\Zotero\storage\X4AF2YNV\Lutz et al. - Noisy Reset Neuron Model Smooths Transition to Saturation Force in BPAs.pdf"
"groups/735051","7YILTMQG","6YAR6NGH","","Micklem","2026","Real-time Flexible Strain Sensors as Artiﬁcial Muscle Afferents for Biomimetic Robotics","True","C:\Users\Ben Bolen\Zotero\storage\6YAR6NGH\Micklem et al. - 2026 - Real-time Flexible Strain Sensors as Artificial Muscle Afferents for Biomimetic Robotics.pdf"
"groups/735051","3DGU7ML9","G8WSRXP7","10.1007/s11071-022-08094-y","Saeed","2023","A review on nonlinear energy sinks: designs, analysis and applications of impact and rotary types","True","C:\Users\Ben Bolen\Zotero\storage\G8WSRXP7\Saeed et al. - 2023 - A review on nonlinear energy sinks designs, analysis and applications of impact and rotary types.pdf"
"groups/735051","E7GTKDNQ","ITJW6FRB","","Micklem","2026","Advancements in Control of a Biomimetic Quadruped Robot using Spiking Neurons","True","C:\Users\Ben Bolen\Zotero\storage\ITJW6FRB\Micklem et al. - 2026 - Advancements in Control of a Biomimetic Quadruped Robot using Spiking Neurons.pdf"
"groups/735051","7YILTMQG","BBXKTJNF","","Micklem","2026","Real-time Flexible Strain Sensors as Artiﬁcial Muscle Afferents for Biomimetic Robotics","True","C:\Users\Ben Bolen\Zotero\storage\BBXKTJNF\Micklem et al. - 2026 - Real-time Flexible Strain Sensors as Artiﬁcial Muscle Afferents for Biomimetic Robotics.pdf"
"groups/735051","6V2D92BV","SQ565IUI","","Micklem","","Real-time Flexible Strain Sensors as Artificial Muscle Afferents for Biomimetic Robotics","True","C:\Users\Ben Bolen\Zotero\storage\SQ565IUI\Micklem et al. - Real-time Flexible Strain Sensors as Artificial Muscle Afferents for Biomimetic Robotics.pdf"
"groups/735051","L45AX4LD","EFB9B9EV","10.1155/2021/5089213","Kulke","2021","Design and Investigation of a Nonlinear Damper Based on Energy Dissipation through Shock and Dry Friction to Suppress Critical Self-Excited Vibrations in Drilling Systems","True","C:\Users\Ben Bolen\Zotero\storage\EFB9B9EV\Kulke et al. - 2021 - Design and Investigation of a Nonlinear Damper Based on Energy Dissipation through Shock and Dry Fri.pdf"
"groups/735051","ELTBI9H4","29CSI4DI","10.1061/(asce)0733-9399(2002)128:10(1072)","Main","2002","Free Vibrations of Taut Cable with Attached Damper. II: Nonlinear Damper.","True","C:\Users\Ben Bolen\Zotero\storage\29CSI4DI\Main and Jones - 2002 - Free Vibrations of Taut Cable with Attached Damper. II Nonlinear Damper..pdf"
"groups/735051","FCULJ6UL","CFKIC4PH","","Roshan","","Towards a Central Pattern Generator Exosuit Controller for People after Stroke","True","C:\Users\Ben Bolen\Zotero\storage\CFKIC4PH\Roshan et al. - Towards a Central Pattern Generator Exosuit Controller for People after Stroke.pdf"
"groups/735051","5FLU885K","TA5HFJVV","10.1038/s44460-026-00059-7","Jin","2026","Minimal-calibration multimodal wearable sensing for long-duration three-dimensional shoulder kinematics","True","C:\Users\Ben Bolen\Zotero\storage\TA5HFJVV\Jin et al. - 2026 - Minimal-calibration multimodal wearable sensing for long-duration three-dimensional shoulder kinemat.pdf"
"groups/735051","V7ZCDNDM","DJ62C2CD","","Raychaudhuri","","Built to Die: Bioinspired Locomoting Robot with Programmed End-of-Life Biodegradation","True","C:\Users\Ben Bolen\Zotero\storage\DJ62C2CD\Raychaudhuri et al. - Built to Die Bioinspired Locomoting Robot with Programmed End-of-Life Biodegradation.pdf"
"groups/735051","AWC7CM43","DZ45QQ4R","10.1073/pnas.2527676123","Zhang","2026","A method to study and enhance the energy efficiency of soft electrostatic actuators","True","C:\Users\Ben Bolen\Zotero\storage\DZ45QQ4R\Zhang et al. - 2026 - A method to study and enhance the energy efficiency of soft electrostatic actuators.pdf"
"groups/735051","DIY5AR2I","8CZ3SUNC","10.48550/arxiv.2603.02851","Wang","2026","Design, Modeling and Direction Control of a Wire-Driven Robotic Fish Based on a 2-DoF Crank-Slider Mechanism","True","C:\Users\Ben Bolen\Zotero\storage\8CZ3SUNC\Wang et al. - 2026 - Design, Modeling and Direction Control of a Wire-Driven Robotic Fish Based on a 2-DoF Crank-Slider M.pdf"
"groups/735051","SATPY82G","TVEPEFIH","","Roshan","","Towards a Central Pattern Generator Exosuit Controller for People after Stroke","True","C:\Users\Ben Bolen\Zotero\storage\TVEPEFIH\Roshan et al. - Towards a Central Pattern Generator Exosuit Controller for People after Stroke.pdf"
"groups/735051","99KBJWIJ","UXKSSVJQ","10.1109/icec.1997.592326","Kennedy","1997","The particle swarm: social adaptation of knowledge","True","C:\Users\Ben Bolen\Zotero\storage\UXKSSVJQ\Kennedy - 1997 - The particle swarm social adaptation of knowledge.pdf"
"groups/735051","3UJFCZIM","LEFCUNFC","10.1016/j.addma.2022.103044","Karaş","2022","Additive manufacturing of high density carbon fibre reinforced polymer composites","True","C:\Users\Ben Bolen\Zotero\storage\LEFCUNFC\Karaş et al. - 2022 - Additive manufacturing of high density carbon fibre reinforced polymer composites.pdf"
"groups/735051","ZLYDHF4N","3DHSJCJE","10.1021/acs.chemrev.7b00074","Ligon","2017","Polymers for 3D Printing and Customized Additive Manufacturing","True","C:\Users\Ben Bolen\Zotero\storage\3DHSJCJE\Ligon et al. - 2017 - Polymers for 3D Printing and Customized Additive Manufacturing.pdf"
"groups/735051","MM5D2E8R","9AKFWRZ3","10.1051/e3sconf/202343001251","Reddy","2023","Influence of Process Parameters on Sheet Lamination Method-based 3D printing: A Review","True","C:\Users\Ben Bolen\Zotero\storage\9AKFWRZ3\Reddy et al. - 2023 - Influence of Process Parameters on Sheet Lamination Method-based 3D printing A Review.pdf"
"groups/735051","WHL5PQI4","UXDRMYXH","","Fino","2021","Materials Development by Additive Manufacturing Techniques","True","C:\Users\Ben Bolen\Zotero\storage\UXDRMYXH\2021 - Materials Development by Additive Manufacturing Techniques.pdf"
"groups/735051","EAM27VEP","MU8K7XKE","10.1002/adem.202200965","Yuan","2023","Laser-Directed Energy Deposition Additive Manufacturing of Nickel–Titanium Coatings: Deposition Morphology, Microstructures, and Mechanical Properties","True","C:\Users\Ben Bolen\Zotero\storage\MU8K7XKE\Yuan et al. - 2023 - Laser-Directed Energy Deposition Additive Manufacturing of Nickel–Titanium Coatings Deposition Morp.pdf"
"groups/735051","Q83WT8VL","9UHRS52B","10.1016/j.promfg.2021.06.093","Liu","2021","A Review of the Anomalies in Directed Energy Deposition (DED) Processes & Potential Solutions - Part Quality & Defects","True","C:\Users\Ben Bolen\Zotero\storage\9UHRS52B\Liu et al. - 2021 - A Review of the Anomalies in Directed Energy Deposition (DED) Processes & Potential Solutions - Part.pdf"
"groups/735051","XGAG682N","M5KF8KDY","10.3390/ma18061220","Kantaros","2025","The Evolution of Thermoplastic Raw Materials in High-Speed FFF/FDM 3D Printing Era: Challenges and Opportunities","True","C:\Users\Ben Bolen\Zotero\storage\M5KF8KDY\Kantaros et al. - 2025 - The Evolution of Thermoplastic Raw Materials in High-Speed FFFFDM 3D Printing Era Challenges and O.pdf"
"groups/735051","VUYWEDPE","ACR8F5HG","10.3389/fphys.2021.683931","Monte","2021","Muscle Belly Gearing Positively Affects the Force–Velocity and Power–Velocity Relationships During Explosive Dynamic Contractions","True","C:\Users\Ben Bolen\Zotero\storage\ACR8F5HG\Monte et al. - 2021 - Muscle Belly Gearing Positively Affects the Force–Velocity and Power–Velocity Relationships During E.pdf"
"groups/735051","JFI6JJT3","YP7DQPYU","10.1111/sms.14639","Van Hooren","2024","The role of pennation angle and architectural gearing to rate of force development in dynamic and isometric muscle contractions","True","C:\Users\Ben Bolen\Zotero\storage\YP7DQPYU\Van Hooren et al. - 2024 - The role of pennation angle and architectural gearing to rate of force development in dynamic and is.pdf"
"groups/735051","2AHKQG9A","NAEPN595","10.3390/act7040082","Martens","2018","A Novel Framework for a Systematic Integration of Pneumatic-Muscle-Actuator-Driven Joints into Robotic Systems Via a Torque Control Interface","True","C:\Users\Ben Bolen\Zotero\storage\NAEPN595\Martens et al. - 2018 - A Novel Framework for a Systematic Integration of Pneumatic-Muscle-Actuator-Driven Joints into Robot.pdf"
"groups/735051","86KEVC3M","V2MADNHD","10.1080/01691864.2022.2046502","Shin","2022","Sensorless angle and stiffness control of antagonistic PAM actuator using reference set","True","C:\Users\Ben Bolen\Zotero\storage\V2MADNHD\Shin and Kogiso - 2022 - Sensorless angle and stiffness control of antagonistic PAM actuator using reference set.pdf"
"groups/735051","3HS4FNBG","WZEADQGQ","","Zajac","1989","Muscle and tendon: properties, models, scaling, and application to biomechanics and motor control","True","C:\Users\Ben Bolen\Zotero\storage\WZEADQGQ\Zajac - 1989 - Muscle and tendon properties, models, scaling, and application to biomechanics and motor control.pdf"
"groups/735051","GWGJPKDE","43HQETAF","","Sárosi","2012","Mathematical analysis of the function approximation for the force generated by pneumatic artificial muscle","True","C:\Users\Ben Bolen\Zotero\storage\43HQETAF\Sárosi and Fabulya - 2012 - Mathematical analysis of the function approximation for the force generated by pneumatic artificial.pdf"
"groups/735051","XMZZCRLD","J9RVBQHT","","KG","2018","Fluidic Muscle DMSP/MAS","True","C:\Users\Ben Bolen\Zotero\storage\J9RVBQHT\DMSP_MAS_2018-01f_8081496g1.pdf"
"groups/735051","NPT82BTC","5QE45UZY","","KG","2016","Fluidic Muscle DMSP/MAS","True","C:\Users\Ben Bolen\Zotero\storage\5QE45UZY\DMSP-MAS_EN.pdf"
"groups/735051","5RH9CNKV","E4PWZMZC","","KG","2013","Fluidic Muscle DMSP/MAS","True","C:\Users\Ben Bolen\Zotero\storage\E4PWZMZC\Festo AG & Co. KG - 2013 - Fluidic Muscle DMSPMAS.pdf"
"groups/735051","7YGVD6AM","3AK4WWFL","10.1177/07316844211020115","Martulli","2021","Infill shape effects on bending stiffness of additively manufactured short fibre reinforced polymer sandwich specimens","True","C:\Users\Ben Bolen\Zotero\storage\3AK4WWFL\Martulli et al. - 2021 - Infill shape effects on bending stiffness of additively manufactured short fibre reinforced polymer.pdf"
"groups/735051","GNY5E45A","IJ4ZLGSL","10.1016/j.dib.2024.111149","Pires","2024","Raw dataset of tensile tests in a 3D-printed nylon reinforced with oriented short carbon fibers","True","C:\Users\Ben Bolen\Zotero\storage\IJ4ZLGSL\Pires et al. - 2024 - Raw dataset of tensile tests in a 3D-printed nylon reinforced with oriented short carbon fibers.pdf"
"groups/735051","Q8ZPVFVG","SNXASCTM","10.3390/polym15071708","Fisher","2023","Tension and Compression Properties of 3D-Printed Composites: Print Orientation and Strain Rate Effects","True","C:\Users\Ben Bolen\Zotero\storage\SNXASCTM\Fisher et al. - 2023 - Tension and Compression Properties of 3D-Printed Composites Print Orientation and Strain Rate Effec.pdf"
"groups/735051","IBRTJWVE","CKPL3HPI","10.1007/s11665-022-07715-2","Ansari","2023","Performance Study of 3D Printed Continuous Fiber-Reinforced Polymer Composites Using Taguchi Method","True","C:\Users\Ben Bolen\Zotero\storage\CKPL3HPI\Ansari and Kamil - 2023 - Performance Study of 3D Printed Continuous Fiber-Reinforced Polymer Composites Using Taguchi Method.pdf"
"groups/735051","5K3N7CVL","89K5G9SD","10.1051/matecconf/201925401018","Bárnik","2019","Mechanical properties of structures produced by 3D printing from composite materials","True","C:\Users\Ben Bolen\Zotero\storage\89K5G9SD\Bárnik et al. - 2019 - Mechanical properties of structures produced by 3D.pdf"
"groups/735051","J8DXV8CM","C8GDR7X3","10.1016/j.dib.2024.111149","Pires","2024","Raw dataset of tensile tests in a 3D-printed nylon reinforced with oriented short carbon fibers","True","C:\Users\Ben Bolen\Zotero\storage\C8GDR7X3\Pires et al. - 2024 - Raw dataset of tensile tests in a 3D-printed nylon reinforced with oriented short carbon fibers.pdf"
"groups/735051","NFRDVLCY","7Y34JECU","10.1007/s11665-022-07715-2","Ansari","2023","Performance Study of 3D Printed Continuous Fiber-Reinforced Polymer Composites Using Taguchi Method","True","C:\Users\Ben Bolen\Zotero\storage\7Y34JECU\Ansari and Kamil - 2023 - Performance Study of 3D Printed Continuous Fiber-Reinforced Polymer Composites Using Taguchi Method.pdf"
"groups/735051","KYZP8XRX","JL74PHFN","10.3390/polym16243591","Oh","2024","Effects of Fiber Orientation on the Bearing Strength of 3D-Printed Composite Materials Produced by Fused Filament Fabrication","True","C:\Users\Ben Bolen\Zotero\storage\JL74PHFN\Oh et al. - 2024 - Effects of Fiber Orientation on the Bearing Strength of 3D-Printed Composite Materials Produced by F.pdf"
"groups/735051","73Q3FQMB","6HNQFGSL","10.3389/fmech.2025.1528516","Coca-Gonzalez","2025","Influence of perimeter layers on tension mechanical properties of 3D printed Onyx","True","C:\Users\Ben Bolen\Zotero\storage\6HNQFGSL\Coca-Gonzalez et al. - 2025 - Influence of perimeter layers on tension mechanical properties of 3D printed Onyx.pdf"
"groups/735051","6HEESEKI","VRXHQAYV","10.3390/polym18010027","Zanelli","2025","Mechanical Recycling of a Short Carbon Fiber Reinforced Polyamide 6 in 3D Printing: Effects on Mechanical Properties","True","C:\Users\Ben Bolen\Zotero\storage\VRXHQAYV\Zanelli et al. - 2025 - Mechanical Recycling of a Short Carbon Fiber Reinforced Polyamide 6 in 3D Printing Effects on Mecha.pdf"
"groups/735051","22UKBU2N","BKA2JSIT","10.1007/s40964-024-00565-5","Ramachandran","2024","Failure mechanics of fused filament fabricated nylon/carbon-reinforced composites","True","C:\Users\Ben Bolen\Zotero\storage\BKA2JSIT\Ramachandran et al. - 2024 - Failure mechanics of fused filament fabricated nyloncarbon-reinforced composites.pdf"
"groups/735051","XJNS5DKH","6NPB6T6F","10.3390/ma15124224","Majko","2022","Tensile Properties of Additively Manufactured Thermoplastic Composites Reinforced with Chopped Carbon Fibre","True","C:\Users\Ben Bolen\Zotero\storage\6NPB6T6F\Majko et al. - 2022 - Tensile Properties of Additively Manufactured Thermoplastic Composites Reinforced with Chopped Carbo.pdf"
"groups/735051","M9K4VS4B","M6ARFCGG","10.3390/jmmp7050178","Díaz-Rodríguez","2023","Impact Strength for 3D-Printed PA6 Polymer Composites under Temperature Changes","True","C:\Users\Ben Bolen\Zotero\storage\M6ARFCGG\Díaz-Rodríguez et al. - 2023 - Impact Strength for 3D-Printed PA6 Polymer Composites under Temperature Changes.pdf"
"groups/735051","AF3RBUU9","QYZYNNTX","10.3390/polym15071708","Fisher","2023","Tension and Compression Properties of 3D-Printed Composites: Print Orientation and Strain Rate Effects","True","C:\Users\Ben Bolen\Zotero\storage\QYZYNNTX\Fisher et al. - 2023 - Tension and Compression Properties of 3D-Printed Composites Print Orientation and Strain Rate Effec.pdf"
"groups/735051","ZH8W9IHY","C5F67MTC","10.1007/s11665-023-07918-1","Zeybek","2023","The Effect of Strain Rate on the Compression Behavior of Additively Manufactured Short Carbon Fiber-Reinforced Polyamide Composites with Different Layer Heights, Infill Patterns, and Built Angles","True","C:\Users\Ben Bolen\Zotero\storage\C5F67MTC\Zeybek et al. - 2023 - The Effect of Strain Rate on the Compression Behavior of Additively Manufactured Short Carbon Fiber-.pdf"
"groups/735051","5B7GCVEJ","IL23BHPU","10.3390/polym16243591","Oh","2024","Effects of Fiber Orientation on the Bearing Strength of 3D-Printed Composite Materials Produced by Fused Filament Fabrication","True","C:\Users\Ben Bolen\Zotero\storage\IL23BHPU\Oh et al. - 2024 - Effects of Fiber Orientation on the Bearing Strength of 3D-Printed Composite Materials Produced by F.pdf"
"groups/735051","XGGB4NMI","F56VPC7V","10.3389/fmech.2025.1528516","Coca-Gonzalez","2025","Influence of perimeter layers on tension mechanical properties of 3D printed Onyx","True","C:\Users\Ben Bolen\Zotero\storage\F56VPC7V\Coca-Gonzalez et al. - 2025 - Influence of perimeter layers on tension mechanical properties of 3D printed Onyx.pdf"
"groups/735051","75ED66JV","KBZEM5I6","10.3390/polym18010027","Zanelli","2025","Mechanical Recycling of a Short Carbon Fiber Reinforced Polyamide 6 in 3D Printing: Effects on Mechanical Properties","True","C:\Users\Ben Bolen\Zotero\storage\KBZEM5I6\Zanelli et al. - 2025 - Mechanical Recycling of a Short Carbon Fiber Reinforced Polyamide 6 in 3D Printing Effects on Mecha.pdf"
"groups/735051","NBZSWP6H","9YL5T9CC","10.1007/s40964-024-00565-5","Ramachandran","2024","Failure mechanics of fused filament fabricated nylon/carbon-reinforced composites","True","C:\Users\Ben Bolen\Zotero\storage\9YL5T9CC\Ramachandran et al. - 2024 - Failure mechanics of fused filament fabricated nyloncarbon-reinforced composites.pdf"
"groups/735051","QNZKH65P","C58575QI","10.3390/ma15124224","Majko","2022","Tensile Properties of Additively Manufactured Thermoplastic Composites Reinforced with Chopped Carbon Fibre","True","C:\Users\Ben Bolen\Zotero\storage\C58575QI\Majko et al. - 2022 - Tensile Properties of Additively Manufactured Thermoplastic Composites Reinforced with Chopped Carbo.pdf"
"groups/735051","YR8LVPGF","YVAASZ4K","10.3390/jmmp7050178","Díaz-Rodríguez","2023","Impact Strength for 3D-Printed PA6 Polymer Composites under Temperature Changes","True","C:\Users\Ben Bolen\Zotero\storage\YVAASZ4K\Díaz-Rodríguez et al. - 2023 - Impact Strength for 3D-Printed PA6 Polymer Composites under Temperature Changes.pdf"
"groups/735051","J8ZN49NP","MSIEZ3CX","10.1007/s11665-023-07918-1","Zeybek","2023","The Effect of Strain Rate on the Compression Behavior of Additively Manufactured Short Carbon Fiber-Reinforced Polyamide Composites with Different Layer Heights, Infill Patterns, and Built Angles","True","C:\Users\Ben Bolen\Zotero\storage\MSIEZ3CX\Zeybek et al. - 2023 - The Effect of Strain Rate on the Compression Behavior of Additively Manufactured Short Carbon Fiber-.pdf"
"groups/735051","CGTRY5PM","KRNSX85L","10.1177/07316844211020115","Unknown","","Infill shape effects on bending stiffness of additively manufactured short fibre reinforced polymer sandwich specimens","True","C:\Users\Ben Bolen\Zotero\storage\KRNSX85L\Infill shape effects on bending stiffness of additively manufactured short fibre reinforced polymer.pdf"
"groups/735051","G8J9IJX3","8VU7KFXW","10.1002/eng2.12799","Estefani","2024","Numerical multiscale analysis of 3D printed short fiber composites parts: Filament anisotropy and toolpath effects","True","C:\Users\Ben Bolen\Zotero\storage\8VU7KFXW\Estefani and Távara - 2024 - Numerical multiscale analysis of 3D printed short fiber composites parts Filament anisotropy and to.pdf"
"groups/735051","C5WAATZA","PYEGTZ25","10.1007/s00170-023-12503-w","León-Becerra","2024","Additive manufacturing of short carbon filled fiber nylon: effect of build orientation on surface roughness and viscoelastic behavior.","True","C:\Users\Ben Bolen\Zotero\storage\PYEGTZ25\León-Becerra et al. - 2024 - Additive manufacturing of short carbon filled fiber nylon effect of build orientation on surface ro.pdf"
"groups/735051","X84JYERV","GG54QM4I","10.1080/09243046.2021.1930497","Kubota","2022","Effect of build-up orientations and process parameters on the tensile strength of 3D printed short carbon fiber/PA-6 composites.","True","C:\Users\Ben Bolen\Zotero\storage\GG54QM4I\Kubota et al. - 2022 - Effect of build-up orientations and process parameters on the tensile strength of 3D printed short c.pdf"
"groups/735051","XJ28EG4D","BX9WA7VL","10.1016/j.rineng.2024.101926","El Essawi","2024","Optimization of infill density, fiber angle, carbon fiber layer position in 3D printed continuous carbon-fiber reinforced nylon composite","True","C:\Users\Ben Bolen\Zotero\storage\BX9WA7VL\El Essawi et al. - 2024 - Optimization of infill density, fiber angle, carbon fiber layer position in 3D printed continuous ca.pdf"
"groups/735051","DKXQAMKB","5I7T6GRM","10.1016/j.stlm.2023.100121","Leslie","2023","Feasibility of additively manufacturing synthetic bone for sports personal protective equipment applications","True","C:\Users\Ben Bolen\Zotero\storage\5I7T6GRM\Leslie et al. - 2023 - Feasibility of additively manufacturing synthetic bone for sports personal protective equipment appl.pdf"
"groups/735051","XG2ZHUUU","KZZS5RE6","10.1002/app.53989","Naik","2023","Evaluation of thermal and mechanical properties of continuous fiberglass reinforced thermoplastic composite fabricated by fused deposition modeling","True","C:\Users\Ben Bolen\Zotero\storage\KZZS5RE6\Naik et al. - 2023 - Evaluation of thermal and mechanical properties of continuous fiberglass reinforced thermoplastic co.pdf"
"groups/735051","6ZTIQJDF","8U8D2TT3","10.1016/j.conbuildmat.2025.144991","Jafari","2026","Long-term flexural performance and microstructural evolution of 3D-printed carbon, glass, and aramid fibre-reinforced polymer under hygrothermal exposure","True","C:\Users\Ben Bolen\Zotero\storage\8U8D2TT3\Jafari et al. - 2026 - Long-term flexural performance and microstructural evolution of 3D-printed carbon, glass, and aramid.pdf"
"groups/735051","3J5MGW2S","FZM7RKAQ","10.3390/polym14132564","Valvez","2022","Optimization of Printing Parameters to Maximize the Mechanical Properties of 3D-Printed PETG-Based Parts","True","C:\Users\Ben Bolen\Zotero\storage\FZM7RKAQ\Valvez et al. - 2022 - Optimization of Printing Parameters to Maximize the Mechanical Properties of 3D-Printed PETG-Based P.pdf"
"groups/735051","Z3ZYXWNB","W2LPZAU4","10.1520/d6110-18","International","","ASTM D6110-18: Test Method for Determining the Charpy Impact Resistance of Notched Specimens of Plastics","True","C:\Users\Ben Bolen\Zotero\storage\W2LPZAU4\ASTM International - ASTM D6110-18 Test Method for Determining the Charpy Impact Resistance of Notched Specimens of Plas.pdf"
"groups/735051","BMZ6YAAM","QM2LY2LD","10.1002/pc.28034","Zhu","2024","A multiscale study of heat treatment effects on the interlayer mechanical properties of <span style=""font-variant:small-caps;"">3D</span> printed continuous carbon fiber‐reinforced composites","True","C:\Users\Ben Bolen\Zotero\storage\QM2LY2LD\Zhu et al. - 2024 - A multiscale study of heat treatment effects on the interlayer mechanical properties of span style=.pdf"
"groups/735051","UWLG4ZW3","G7HJUHR2","10.1007/s40964-023-00423-w","Díaz-Rodríguez","2023","Monotonic crack propagation in a notched polymer matrix composite reinforced with continuous fiber and printed by material extrusion","True","C:\Users\Ben Bolen\Zotero\storage\G7HJUHR2\Díaz-Rodríguez et al. - 2023 - Monotonic crack propagation in a notched polymer matrix composite reinforced with continuous fiber a.pdf"
"groups/735051","UMYCYVBX","PHVNDHMX","10.3390/ma14216574","Ghimire","2021","Experimental Investigation of Additive Manufacturing of Continuous Carbon Fiber Composites with Multifunctional Electro-Tensile Properties","True","C:\Users\Ben Bolen\Zotero\storage\PHVNDHMX\Ghimire and Liou - 2021 - Experimental Investigation of Additive Manufacturing of Continuous Carbon Fiber Composites with Mult.pdf"
"groups/735051","62E5WD98","HWDD9W59","10.3390/polym18020164","Reyes-Flores","2026","The Effect of Humidity and UV Light Exposure on the Mechanical Properties of PA6 Matrix Reinforced with Short Carbon Fibers and Built by Additive Manufacturing","True","C:\Users\Ben Bolen\Zotero\storage\HWDD9W59\Reyes-Flores et al. - 2026 - The Effect of Humidity and UV Light Exposure on the Mechanical Properties of PA6 Matrix Reinforced w.pdf"
"groups/735051","HBS4ZPQ6","UTFYLI7B","10.3390/polym17172314","Peng","2025","Advancing the Capability of Additively Manufactured Continuous Fibre-Reinforced Polymers for Structural Applications: The Effect of Nitrogen-Purging and Post-Annealing on the Tensile Performance","True","C:\Users\Ben Bolen\Zotero\storage\UTFYLI7B\Peng et al. - 2025 - Advancing the Capability of Additively Manufactured Continuous Fibre-Reinforced Polymers for Structu.pdf"
"groups/735051","4D6BZF2H","F93B4VKD","10.3390/polym17172314","Peng","2025","Advancing the Capability of Additively Manufactured Continuous Fibre-Reinforced Polymers for Structural Applications: The Effect of Nitrogen-Purging and Post-Annealing on the Tensile Performance","True","C:\Users\Ben Bolen\Zotero\storage\F93B4VKD\Peng et al. - 2025 - Advancing the Capability of Additively Manufactured Continuous Fibre-Reinforced Polymers for Structu.pdf"
"groups/735051","Q54J3EH7","VW4PNTZE","10.1016/j.matdes.2013.02.067","Kantaros","2013","Fiber Bragg grating based investigation of residual strains in ABS parts fabricated by fused deposition modeling process","True","C:\Users\Ben Bolen\Zotero\storage\VW4PNTZE\Kantaros and Karalekas - 2013 - Fiber Bragg grating based investigation of residual strains in ABS parts fabricated by fused deposit.pdf"
"groups/735051","V3FFRWF9","FVBTSYWC","10.1177/0892705719847244","Magri","2021","Mechanical properties of CF-reinforced PLA parts manufactured by fused deposition modeling","True","C:\Users\Ben Bolen\Zotero\storage\FVBTSYWC\Magri et al. - 2021 - Mechanical properties of CF-reinforced PLA parts manufactured by fused deposition modeling.pdf"
"groups/735051","3SVV9EFN","N56NC8G4","10.1007/978-1-4613-9030-5_5","Winters","1990","Hill-Based Muscle Models: A Systems Engineering Perspective","True","C:\Users\Ben Bolen\Zotero\storage\N56NC8G4\Winters - Hill-Based Muscle Models A Systems Engineering Perspective.pdf"
"groups/735051","IY6YBWUV","HRPKGJYN","10.1016/j.trpro.2019.07.088","Bárnik","2019","Comparing mechanical properties of composites structures on Onyx base with different density and shape of fill","True","C:\Users\Ben Bolen\Zotero\storage\HRPKGJYN\Bárnik et al. - 2019 - Comparing mechanical properties of composites structures on Onyx base with different density and sha.pdf"
"groups/735051","3Q4528QX","DESZ4UDY","10.3389/frobt.2023.1293365","Takahashi","2023","Enhancing postural stability in a musculoskeletal hopping robot through stretch reflex application on biarticular thigh muscles","True","C:\Users\Ben Bolen\Zotero\storage\DESZ4UDY\Takahashi et al. - 2023 - Enhancing postural stability in a musculoskeletal hopping robot through stretch reflex application o.pdf"
"groups/735051","HAVH4F6I","V5Q2V92V","10.1039/ft9928802537","Yu","1992","Micellisation and gelation of triblock copoly(oxyethylene/oxypropylene/oxyethylene), F127","True","C:\Users\Ben Bolen\Zotero\storage\V5Q2V92V\Yu et al. - 1992 - Micellisation and gelation of triblock copoly(oxyethyleneoxypropyleneoxyethylene), F127.pdf"
"groups/735051","7R8BBC7F","2XBQFYCP","10.1021/ma00046a049","Malmsten","1992","Self-assembly in aqueous block copolymer solutions","True","C:\Users\Ben Bolen\Zotero\storage\2XBQFYCP\Malmsten and Lindman - 1992 - Self-assembly in aqueous block copolymer solutions.pdf"
"groups/735051","XDLLN9ZI","ET4MI8QX","10.1002/adma.201004625","Wu","2011","Omnidirectional Printing of 3D Microvascular Networks","True","C:\Users\Ben Bolen\Zotero\storage\ET4MI8QX\Wu et al. - 2011 - Omnidirectional Printing of 3D Microvascular Networks.pdf"
"groups/735051","WCYH7XKZ","D46282P6","10.1186/s13036-015-0001-4","Chia","2015","Recent advances in 3D printing of biomaterials","True","C:\Users\Ben Bolen\Zotero\storage\D46282P6\Chia and Wu - 2015 - Recent advances in 3D printing of biomaterials.pdf"
"groups/735051","I4ZZGVD4","3TD9A9H5","10.3390/polym12081765","Liu","2020","Synthetic Polymers for Organ 3D Printing","True","C:\Users\Ben Bolen\Zotero\storage\3TD9A9H5\Liu and Wang - 2020 - Synthetic Polymers for Organ 3D Printing.pdf"
"groups/735051","I8YCDPIN","DY7D5HUA","10.1177/20412479241227137","Bukit","2024","Review of alginate-based composites for 3D printing material","True","C:\Users\Ben Bolen\Zotero\storage\DY7D5HUA\Bukit et al. - 2024 - Review of alginate-based composites for 3D printing material.pdf"
"groups/735051","2M687THW","ZTLXHBTX","10.1016/j.engreg.2020.12.001","Vanaei","2021","An Overview on Materials and Techniques in 3D Bioprinting Toward Biomedical Application","True","C:\Users\Ben Bolen\Zotero\storage\ZTLXHBTX\Vanaei et al. - 2021 - An Overview on Materials and Techniques in 3D Bioprinting Toward Biomedical Application.pdf"
"groups/735051","KUZSDGVJ","IMIJ5W8W","10.1089/ten.tec.2022.0214","Wu","2023","Optimization of Freeform Reversible Embedding of Suspended Hydrogel Microspheres for Substantially Improved Three-Dimensional Bioprinting Capabilities","True","C:\Users\Ben Bolen\Zotero\storage\IMIJ5W8W\Wu et al. - 2023 - Optimization of Freeform Reversible Embedding of Suspended Hydrogel Microspheres for Substantially I.pdf"
"groups/735051","3P3J88HN","S4DR7VX9","10.1021/la304836e","Basak","2013","The encapsulation of hydrophobic drugs in Pluronic F127 micelles: the effects of drug hydrophobicity, solution temperature and pH","True","C:\Users\Ben Bolen\Zotero\storage\S4DR7VX9\Basak and Bandyopadhyay - 2013 - The encapsulation of hydrophobic drugs in Pluronic F127 micelles the effects of drug hydrophobicity.pdf"
"groups/735051","M39V2PPC","4XDEPWBB","10.1590/0104-1428.2267","Bedê","2017","Nanostructured magnetic alginate composites for biomedical applications","True","C:\Users\Ben Bolen\Zotero\storage\4XDEPWBB\Bedê et al. - 2017 - Nanostructured magnetic alginate composites for biomedical applications.pdf"
"groups/735051","D8Y5QWDC","VTKUUIPI","10.1016/j.bioactmat.2023.10.012","Budharaju","2024","Embedded 3D bioprinting – An emerging strategy to fabricate biomimetic & large vascularized tissue constructs","True","C:\Users\Ben Bolen\Zotero\storage\VTKUUIPI\Budharaju et al. - 2024 - Embedded 3D bioprinting – An emerging strategy to fabricate biomimetic & large vascularized tissue c.pdf"
"groups/735051","XK4WNJB2","PU8T27W4","10.3390/agriculture13020396","Durand","2023","Quantitative Description and Classification of Growing Media Particle Morphology through Dynamic Image Analysis","True","C:\Users\Ben Bolen\Zotero\storage\PU8T27W4\Durand et al. - 2023 - Quantitative Description and Classification of Growing Media Particle Morphology through Dynamic Ima.pdf"
"groups/735051","TXILFHQJ","6WBSREIR","10.1080/17452759.2024.2336160","Goh","2024","Large-format additive manufacturing of polymers: a review of fabrication processes, materials, and design","True","C:\Users\Ben Bolen\Zotero\storage\6WBSREIR\Goh et al. - 2024 - Large-format additive manufacturing of polymers a review of fabrication processes, materials, and d.pdf"
"groups/735051","9I3T34F7","UXRW7JXH","10.1126/sciadv.1500758","Hinton","2015","Three-dimensional printing of complex biological structures by freeform reversible embedding of suspended hydrogels","True","C:\Users\Ben Bolen\Zotero\storage\UXRW7JXH\Hinton et al. - 2015 - Three-dimensional printing of complex biological structures by freeform reversible embedding of susp.pdf"
"groups/735051","NXW4NR4B","8ZUINZ2X","10.1126/science.aav9051","Lee","2019","3D bioprinting of collagen to rebuild components of the human heart","True","C:\Users\Ben Bolen\Zotero\storage\8ZUINZ2X\Lee et al. - 2019 - 3D bioprinting of collagen to rebuild components of the human heart.pdf"
"groups/735051","8AAWSCI3","HIEZFPMI","10.1002/adem.202000716","Mosleh","2021","The Structure–Property Correlations in Dry Gelatin Adhesive Films","True","C:\Users\Ben Bolen\Zotero\storage\HIEZFPMI\Mosleh et al. - 2021 - The Structure–Property Correlations in Dry Gelatin Adhesive Films.pdf"
"groups/735051","XHBBIWFC","DTVUQ7KZ","10.1038/s41598-025-04910-8","Pulidori","2025","Characterization of the secondary structure, renaturation and physical ageing of gelatine adhesives","True","C:\Users\Ben Bolen\Zotero\storage\DTVUQ7KZ\Pulidori et al. - 2025 - Characterization of the secondary structure, renaturation and physical ageing of gelatine adhesives.pdf"
"groups/735051","YJXU7BTC","F8G4NH3R","10.1016/j.foodhyd.2019.06.009","Rousi","2019","Complex coacervates formation between gelatin and gum Arabic with different arabinogalactan protein fraction content and their characterization","True","C:\Users\Ben Bolen\Zotero\storage\F8G4NH3R\Rousi et al. - 2019 - Complex coacervates formation between gelatin and gum Arabic with different arabinogalactan protein.pdf"
"groups/735051","J7ZNRA45","ZN2RQVWF","10.4274/tjps.galenos.2018.92408","Shivakumara","2019","Synthesis and Swelling Behavior of Sodium Alginate/Poly(vinyl alcohol) Hydrogels","True","C:\Users\Ben Bolen\Zotero\storage\ZN2RQVWF\Shivakumara and Demappa - 2019 - Synthesis and Swelling Behavior of Sodium AlginatePoly(vinyl alcohol) Hydrogels.pdf"
"groups/735051","9KCPFMXA","SXZI4QPB","10.1063/5.0032777","Shiwarski","2021","Emergence of FRESH 3D printing as a platform for advanced tissue biofabrication","True","C:\Users\Ben Bolen\Zotero\storage\SXZI4QPB\Shiwarski et al. - 2021 - Emergence of FRESH 3D printing as a platform for advanced tissue biofabrication.pdf"
"groups/735051","WJH8SCUA","KTHT9ZB7","10.1021/acsbiomaterials.1c00908","Sun","2022","Long-Fiber Embedded Hydrogel 3D Printing for Structural Reinforcement","True","C:\Users\Ben Bolen\Zotero\storage\KTHT9ZB7\Sun et al. - 2022 - Long-Fiber Embedded Hydrogel 3D Printing for Structural Reinforcement.pdf"
"groups/735051","DVB6ZDVV","DMJ3HRWR","10.1002/adfm.202303659","Sun","2023","Biodegradable, Sustainable Hydrogel Actuators with Shape and Stiffness Morphing Capabilities via Embedded 3D Printing","True","C:\Users\Ben Bolen\Zotero\storage\DMJ3HRWR\Sun et al. - 2023 - Biodegradable, Sustainable Hydrogel Actuators with Shape and Stiffness Morphing Capabilities via Emb.pdf"
"groups/735051","N4G29CZV","6SJU4HEG","10.18063/ijb.2017.01.006","Suntornnond","2017","Roles of support materials in 3D bioprinting – Present and future","True","C:\Users\Ben Bolen\Zotero\storage\6SJU4HEG\Suntornnond et al. - 2017 - Roles of support materials in 3D bioprinting – Present and future.pdf"
"groups/735051","72TV3R99","QZHGA3VI","10.1016/j.foodchem.2012.05.018","Yang","2012","Characterisation of interactions between fish gelatin and gum arabic in aqueous solutions","True","C:\Users\Ben Bolen\Zotero\storage\QZHGA3VI\Yang et al. - 2012 - Characterisation of interactions between fish gelatin and gum arabic in aqueous solutions.pdf"
"groups/735051","TRQ6UMYH","ADKV33IA","10.1146/annurev-control-062322-100607","Yasa","2023","An Overview of Soft Robotics","True","C:\Users\Ben Bolen\Zotero\storage\ADKV33IA\Yasa et al. - 2023 - An Overview of Soft Robotics.pdf"
"groups/735051","R4ACGA2Q","NNELXBC3","10.3390/jcs8010012","Jimenez-Martinez","2023","Fatigue Analysis of Printed Composites of Onyx and Kevlar","True","C:\Users\Ben Bolen\Zotero\storage\NNELXBC3\Jimenez-Martinez et al. - 2023 - Fatigue Analysis of Printed Composites of Onyx and Kevlar.pdf"
"groups/735051","X7HD3HZR","Q3XQGE8G","10.3390/jcs8010012","Jimenez-Martinez","2023","Fatigue Analysis of Printed Composites of Onyx and Kevlar","True","C:\Users\Ben Bolen\Zotero\storage\Q3XQGE8G\Jimenez-Martinez et al. - 2023 - Fatigue Analysis of Printed Composites of Onyx and Kevlar.pdf"
"groups/735051","4GZ26V4X","EB3Q8J4J","10.1016/j.finmec.2021.100051","Rabbi","2021","Improvement in interfacial fracture toughness of multi-material additively manufactured composites through thermal annealing","True","C:\Users\Ben Bolen\Zotero\storage\EB3Q8J4J\Rabbi and Chalivendra - 2021 - Improvement in interfacial fracture toughness of multi-material additively manufactured composites t.pdf"
"groups/735051","RYH82E4K","BUF4IMF5","10.1016/j.cjmeam.2023.100075","Nikiema","2023","Study of the Mechanical Properties of 3D-printed Onyx Parts: Investigation on Printing Parameters and Effect of Humidity","True","C:\Users\Ben Bolen\Zotero\storage\BUF4IMF5\Nikiema et al. - 2023 - Study of the Mechanical Properties of 3D-printed Onyx Parts Investigation on Printing Parameters an.pdf"
"groups/735051","U55R7HYJ","TBU8S65Y","10.1177/16878132221120737","Vorkapić","2022","Enhancing mechanical properties of 3D printed thermoplastic polymers by annealing in moulds","True","C:\Users\Ben Bolen\Zotero\storage\TBU8S65Y\Vorkapić et al. - 2022 - Enhancing mechanical properties of 3D printed thermoplastic polymers by annealing in moulds.pdf"
"groups/735051","2GXF5Y27","L6XEPG58","10.1016/j.finmec.2021.100051","Rabbi","2021","Improvement in interfacial fracture toughness of multi-material additively manufactured composites through thermal annealing","True","C:\Users\Ben Bolen\Zotero\storage\L6XEPG58\Rabbi and Chalivendra - 2021 - Improvement in interfacial fracture toughness of multi-material additively manufactured composites t.pdf"
"groups/735051","35PPYDB9","CXG3ALF4","10.1016/j.cjmeam.2023.100075","Nikiema","2023","Study of the Mechanical Properties of 3D-printed Onyx Parts: Investigation on Printing Parameters and Effect of Humidity","True","C:\Users\Ben Bolen\Zotero\storage\CXG3ALF4\Nikiema et al. - 2023 - Study of the Mechanical Properties of 3D-printed Onyx Parts Investigation on Printing Parameters an.pdf"
"groups/735051","NYZZAY9J","AC7EPUQT","10.1177/16878132221120737","Vorkapić","2022","Enhancing mechanical properties of 3D printed thermoplastic polymers by annealing in moulds","True","C:\Users\Ben Bolen\Zotero\storage\AC7EPUQT\Vorkapić et al. - 2022 - Enhancing mechanical properties of 3D printed thermoplastic polymers by annealing in moulds.pdf"
"groups/735051","TQFFRWVC","UKZW5HRM","10.1016/j.ijlmm.2023.05.002","Eren","2023","Compressive characterisation of 3D printed composite materials using continuous fibre fabrication","True","C:\Users\Ben Bolen\Zotero\storage\UKZW5HRM\Eren et al. - 2023 - Compressive characterisation of 3D printed composite materials using continuous fibre fabrication.pdf"
"groups/735051","UGZU8T5Q","3T2SQNXA","10.1088/2053-1591/ada1a6","Bayati","2025","3D printed elastomers with superior stretchability and mechanical integrity by parametric optimization of extrusion process using Taguchi Method","True","C:\Users\Ben Bolen\Zotero\storage\3T2SQNXA\Bayati et al. - 2025 - 3D printed elastomers with superior stretchability and mechanical integrity by parametric optimizati.pdf"
"groups/735051","PYLBM875","BNDFAII6","10.1016/j.ijlmm.2023.05.002","Eren","2023","Compressive characterisation of 3D printed composite materials using continuous fibre fabrication","True","C:\Users\Ben Bolen\Zotero\storage\BNDFAII6\Eren et al. - 2023 - Compressive characterisation of 3D printed composite materials using continuous fibre fabrication.pdf"
"groups/735051","CKEURLRF","NHYNZM55","10.1088/2053-1591/ada1a6","Bayati","2025","3D printed elastomers with superior stretchability and mechanical integrity by parametric optimization of extrusion process using Taguchi Method","True","C:\Users\Ben Bolen\Zotero\storage\NHYNZM55\Bayati et al. - 2025 - 3D printed elastomers with superior stretchability and mechanical integrity by parametric optimizati.pdf"
"groups/735051","FZESHMHU","PG2RI8UY","10.1088/1402-4896/ad3b40","Rahmatabadi","2024","4D printing and annealing of PETG composites reinforced with short carbon fibers","True","C:\Users\Ben Bolen\Zotero\storage\PG2RI8UY\Rahmatabadi et al. - 2024 - 4D printing and annealing of PETG composites reinforced with short carbon fibers.pdf"
"groups/735051","4I7NXP62","CUGPPBN9","10.1088/1402-4896/ad3b40","Rahmatabadi","2024","4D printing and annealing of PETG composites reinforced with short carbon fibers","True","C:\Users\Ben Bolen\Zotero\storage\CUGPPBN9\Rahmatabadi et al. - 2024 - 4D printing and annealing of PETG composites reinforced with short carbon fibers.pdf"
"groups/735051","S6QBKVMP","888L4ENR","10.3390/ma8095271","Wu","2015","Influence of Layer Thickness and Raster Angle on the Mechanical Properties of 3D-Printed PEEK and a Comparative Mechanical Study between PEEK and ABS","True","C:\Users\Ben Bolen\Zotero\storage\888L4ENR\Wu et al. - 2015 - Influence of Layer Thickness and Raster Angle on the Mechanical Properties of 3D-Printed PEEK and a.pdf"
"groups/735051","YUUY7Z2K","XVM8F59P","10.3390/ma8095271","Wu","2015","Influence of Layer Thickness and Raster Angle on the Mechanical Properties of 3D-Printed PEEK and a Comparative Mechanical Study between PEEK and ABS","True","C:\Users\Ben Bolen\Zotero\storage\XVM8F59P\Wu et al. - 2015 - Influence of Layer Thickness and Raster Angle on the Mechanical Properties of 3D-Printed PEEK and a.pdf"
"groups/735051","6IIP44BI","X65M94NT","10.1002/pc.70382","Jie","2026","Regulating Mechanical Behavior of Onyx Hexagonal Honeycombs via Heat Treatment: A Thermo‐Mechanical Study","True","C:\Users\Ben Bolen\Zotero\storage\X65M94NT\Jie et al. - 2026 - Regulating Mechanical Behavior of Onyx Hexagonal Honeycombs via Heat Treatment A Thermo‐Mechanical.pdf"
"groups/735051","A2PUQA6G","V3QFEIZZ","10.1002/pc.70382","Jie","2026","Regulating Mechanical Behavior of Onyx Hexagonal Honeycombs via Heat Treatment: A Thermo‐Mechanical Study","True","C:\Users\Ben Bolen\Zotero\storage\V3QFEIZZ\Jie et al. - 2026 - Regulating Mechanical Behavior of Onyx Hexagonal Honeycombs via Heat Treatment A Thermo‐Mechanical.pdf"
"groups/735051","ZNPZ9F89","6GJD4BFB","10.3389/fmech.2025.1710902","Jimenez-Martinez","2025","Post-treatment to enhance the mechanical performance of printed Onyx","True","C:\Users\Ben Bolen\Zotero\storage\6GJD4BFB\Jimenez-Martinez et al. - 2025 - Post-treatment to enhance the mechanical performance of printed Onyx.pdf"
"groups/735051","HGQQ2RTQ","K3YMTAHD","10.3389/fmech.2025.1710902","Jimenez-Martinez","2025","Post-treatment to enhance the mechanical performance of printed Onyx","True","C:\Users\Ben Bolen\Zotero\storage\K3YMTAHD\Jimenez-Martinez et al. - 2025 - Post-treatment to enhance the mechanical performance of printed Onyx.pdf"
"groups/735051","FECIWUVH","UZ4NT2B3","10.1007/s00170-018-2148-x","Tronvoll","2018","The effects of voids on structural properties of fused deposition modelled parts: a probabilistic approach","True","C:\Users\Ben Bolen\Zotero\storage\UZ4NT2B3\s00170-018-2148-x.pdf"
"groups/735051","2HUMJLGY","SSIQETQ2","10.1162/08997660360675053","Shriki","2003","Rate Models for Conductance-Based Cortical Neuronal Networks","True","C:\Users\Ben Bolen\Zotero\storage\SSIQETQ2\Shriki et al. - 2003 - Rate Models for Conductance-Based Cortical Neuronal Networks.pdf"
"groups/735051","6HSHVSQS","9E5RB6FG","10.1146/annurev.neuro.28.061604.135637","Vogels","2005","NEURAL NETWORK DYNAMICS","True","C:\Users\Ben Bolen\Zotero\storage\9E5RB6FG\Vogels et al. - 2005 - NEURAL NETWORK DYNAMICS.pdf"
"groups/735051","MQ3TNJ6T","WHTPJ7AD","10.1007/s11571-021-09710-0","Lu","2022","A new biological central pattern generator model and its relationship with the motor units","True","C:\Users\Ben Bolen\Zotero\storage\WHTPJ7AD\Lu et al. - 2022 - A new biological central pattern generator model and its relationship with the motor units.pdf"
"groups/735051","ENAAR95Z","V4KWHTZG","10.1109/acc.2014.6859431","Atmeh","2014","Implementation of an adaptive, model free, learning controller on the Atlas robot","True","C:\Users\Ben Bolen\Zotero\storage\V4KWHTZG\Atmeh et al. - 2014 - Implementation of an adaptive, model free, learning controller on the Atlas robot.pdf"
"groups/735051","PZFL2ARD","RJW37DJM","10.1109/iros45743.2020.9341361","Bouman","2020","Autonomous Spot: Long-Range Autonomous Exploration of Extreme Environments with Legged Locomotion","True","C:\Users\Ben Bolen\Zotero\storage\RJW37DJM\Bouman et al. - 2020 - Autonomous Spot Long-Range Autonomous Exploration of Extreme Environments with Legged Locomotion.pdf"
"groups/735051","KW77GV5W","XQPVKSSZ","10.1038/s44182-026-00078-z","Micklem","2026","Harnessing proprioception in aquatic soft wings enables hybrid passive-active disturbance rejection","True","C:\Users\Ben Bolen\Zotero\storage\XQPVKSSZ\Micklem et al. - 2026 - Harnessing proprioception in aquatic soft wings enables hybrid passive-active disturbance rejection.pdf"
"groups/735051","GS62Z86F","RLEG4MJA","10.1080/17452759.2018.1537064","Porter","2019","Influence of infill properties on flexural rigidity of 3D-printed structural members","True","C:\Users\Ben Bolen\Zotero\storage\RLEG4MJA\Influence of infill properties on flexural rigidity of 3D-printed structural members.pdf"
"groups/735051","2AI7N4KH","C7PJV7ER","10.1177/0306419016674140","Virgin","2017","On the flexural stiffness of 3D printer thermoplastic","True","C:\Users\Ben Bolen\Zotero\storage\C7PJV7ER\IJMEE135.pdf"
"groups/735051","AQMPY6Y8","MQDRPFPY","10.1504/ijrapidm.2015.074809","Baich","2015","Study of infill print design on production cost-time of 3D printed ABS parts","True","C:\Users\Ben Bolen\Zotero\storage\MQDRPFPY\IJRapidM50406_Baichetal.pdf"
"groups/735051","EP4USB7T","LTAX7EH9","10.1088/1742-6596/1130/1/012017","Nugroho","2018","Effect of layer thickness on flexural properties of PLA (PolyLactid Acid) by 3D printing","True","C:\Users\Ben Bolen\Zotero\storage\LTAX7EH9\Nugroho_2018_J._Phys.__Conf._Ser._1130_012017.pdf"
"groups/735051","VUSL23JI","6N68PQS2","","Lutz","2025","Mechanical Improvements and Control Implementation on a Biomimetic Quadruped Model","True","C:\Users\Ben Bolen\Zotero\storage\6N68PQS2\Lutz - Mechanical Improvements and Control Implementation.pdf"
"groups/735051","PE2LDGKT","5SJD8YRS","10.1177/26349833241301803","Meng","2024","Progressive damage for 3D printed composites with variable fiber volume content and ply location","True","C:\Users\Ben Bolen\Zotero\storage\5SJD8YRS\Meng et al. - 2024 - Progressive damage for 3D printed composites with variable fiber volume content and ply location.pdf"
"groups/735051","EW9CIRNC","EV69BPN2","10.1177/0731684420963217","Hetrick","2021","Evaluating the effect of variable fiber content on mechanical properties of additively manufactured continuous carbon fiber composites","True","C:\Users\Ben Bolen\Zotero\storage\EV69BPN2\Hetrick et al. - 2021 - Evaluating the effect of variable fiber content on mechanical properties of additively manufactured.pdf"
"groups/735051","4YDN9UNR","DYN552JB","10.3390/polym17050671","Wang","2025","Effect of Fiber Content on the Preparation and Mechanical Properties of 3D Printed Short Carbon Fiber Reinforced PA Composites","True","C:\Users\Ben Bolen\Zotero\storage\DYN552JB\Wang et al. - 2025 - Effect of Fiber Content on the Preparation and Mechanical Properties of 3D Printed Short Carbon Fibe.pdf"
"groups/735051","AGDZA6HF","QVVI5HFS","10.1002/pen.70204","Mondal","2025","An Experimental Investigation and Characterization of <span style=""font-variant:small-caps;"">3D</span> ‐Printed Short Carbon Fiber‐Reinforced Epoxy Composite Sandwich Structures Featuring Diverse Core Geometries Fabricated Using Customizable Inks","True","C:\Users\Ben Bolen\Zotero\storage\QVVI5HFS\Mondal et al. - 2025 - An Experimental Investigation and Characterization of 3Dspa.pdf"
"groups/735051","6AR59FNL","P2RP3SQD","10.5075/epfl-298799_978-2-9701614-0-0","Vassilopoulos","2022","Proceedings of the 20th European Conference on Composite Materials - Composites Meet Sustainability (Vol 1-6)","True","C:\Users\Ben Bolen\Zotero\storage\P2RP3SQD\Vassilopoulos - 2022 - Proceedings of the 20th European Conference on Composite Materials - Composites Meet Sustainability.pdf"
"groups/735051","WKBALC94","D2DYEEDM","10.3389/fmats.2023.1183816","Lee","2023","Strength of Onyx-based composite 3D printing materials according to fiber reinforcement","True","C:\Users\Ben Bolen\Zotero\storage\D2DYEEDM\Lee et al. - 2023 - Strength of Onyx-based composite 3D printing materials according to fiber reinforcement.pdf"
"groups/735051","3CSUBMWL","QMXM9JWY","10.3390/polym14030426","Lupone","2022","Experimental Characterization and Modeling of 3D Printed Continuous Carbon Fibers Composites with Different Fiber Orientation Produced by FFF Process","True","C:\Users\Ben Bolen\Zotero\storage\QMXM9JWY\Lupone et al. - 2022 - Experimental Characterization and Modeling of 3D Printed Continuous Carbon Fibers Composites with Di.pdf"
"groups/735051","VSW2IRCH","52GCFJ5A","10.1088/0964-1726/23/6/065011","Jia","2014","Parametric resonance for vibration energy harvesting with design techniques to passively reduce the initiation threshold amplitude","True","C:\Users\Ben Bolen\Zotero\storage\52GCFJ5A\Jia et al. - 2014 - Parametric resonance for vibration energy harvesting with design techniques to passively reduce the.pdf"
"groups/735051","T28TL9IH","VC33HTUR","10.1016/j.addma.2018.04.039","Blok","2018","An investigation into 3D printing of fibre reinforced thermoplastic composites","True","C:\Users\Ben Bolen\Zotero\storage\VC33HTUR\Blok et al. - 2018 - An investigation into 3D printing of fibre reinforced thermoplastic composites.pdf"
"groups/735051","VBBE95PP","5KLA6VDD","10.3390/polym14173586","Pertuz-Comas","2022","Flexural Fatigue in a Polymer Matrix Composite Material Reinforced with Continuous Kevlar Fibers Fabricated by Additive Manufacturing","True","C:\Users\Ben Bolen\Zotero\storage\5KLA6VDD\Pertuz-Comas et al. - 2022 - Flexural Fatigue in a Polymer Matrix Composite Material Reinforced with Continuous Kevlar Fibers Fab.pdf"
"groups/735051","KA3F9ZUY","5FJVW475","10.1177/0021998307086206","Cann","2008","Characterization of Fiber Volume Fraction Gradients in Composite Laminates","True","C:\Users\Ben Bolen\Zotero\storage\5FJVW475\Cann et al. - 2008 - Characterization of Fiber Volume Fraction Gradients in Composite Laminates.pdf"
"groups/735051","5QWETDR7","9BJD3V9I","10.3390/biomimetics8020247","Nourse","2023","SNS-Toolbox: An Open Source Tool for Designing Synthetic Nervous Systems and Interfacing Them with Cyber–Physical Systems","True","C:\Users\Ben Bolen\Zotero\storage\9BJD3V9I\Nourse et al. - 2023 - SNS-Toolbox An Open Source Tool for Designing Syn.pdf"
"groups/735051","66KVYB3J","H8RHPHL9","10.1007/s00422-013-0573-3","Szczecinski","2013","A neuromechanical simulation of insect walking and transition to turning of the cockroach Blaberus discoidalis","True","C:\Users\Ben Bolen\Zotero\storage\H8RHPHL9\Szczecinski et al. - 2013 - A neuromechanical simulation of insect walking and.pdf"
"groups/735051","5QDHQ64W","KVEHXMB9","10.3390/biomimetics4010010","Young","2019","Analyzing Moment Arm Profiles in a Full-Muscle Rat Hindlimb Model","True","C:\Users\Ben Bolen\Zotero\storage\KVEHXMB9\Young et al. - 2019 - Analyzing Moment Arm Profiles in a Full-Muscle Rat.pdf"
"groups/735051","NCPB4GN4","XZWCA5YW","10.1177/0278364917743320","Van der Noot","2018","Bio-inspired controller achieving forward speed modulation with a 3D bipedal walker","True","C:\Users\Ben Bolen\Zotero\storage\XZWCA5YW\Van der Noot et al. - 2018 - Bio-inspired controller achieving forward speed mo.pdf"
"groups/735051","KA3ILD7U","GK2GD4CX","10.1016/j.cuor.2005.12.004","Stewart","2006","(iv) Basic biomechanics of human joints: Hips, knees and the spine","True","C:\Users\Ben Bolen\Zotero\storage\GK2GD4CX\Stewart and Hall - 2006 - (iv) Basic biomechanics of human joints Hips, kne.pdf"
"groups/735051","X8R4I8A7","PQIKDEEV","10.3389/fnbot.2017.00037","Szczecinski","2017","A Functional Subnetwork Approach to Designing Synthetic Nervous Systems That Control Legged Robot Locomotion","True","C:\Users\Ben Bolen\Zotero\storage\PQIKDEEV\Szczecinski et al. - 2017 - A Functional Subnetwork Approach to Designing Synt.pdf"
"groups/735051","INKW4BSA","JU3LQIYL","10.3390/biomimetics4010010","Young","2019","Analyzing Moment Arm Profiles in a Full-Muscle Rat Hindlimb Model","True","C:\Users\Ben Bolen\Zotero\storage\JU3LQIYL\Young et al. - 2019 - Analyzing Moment Arm Profiles in a Full-Muscle Rat.pdf"
"groups/735051","E9PJQFB8","9JLXEC8X","10.3389/fnbot.2017.00037","Szczecinski","2017","A Functional Subnetwork Approach to Designing Synthetic Nervous Systems That Control Legged Robot Locomotion","True","C:\Users\Ben Bolen\Zotero\storage\9JLXEC8X\Nicholas S. Szczecinski et al. - 2017 - A Functional Subnetwork Approach to Designing Synt.pdf"
"groups/735051","UXIPZ8TG","ZKIVKRV6","","Unknown","","Stimulation Pattern That Maximizes Force in Paralyzed and Control Whole Thenar Muscles | Journal of Neurophysiology","True","C:\Users\Ben Bolen\Zotero\storage\ZKIVKRV6\Stimulation Pattern That Maximizes Force in Paraly.pdf"
"groups/735051","M4CZVZI4","TRUZLGED","","Jang","2023","The Neuroscience Club at Portland State University: Fostering engagement and collaboration in neuroscience education and outreach","True","C:\Users\Ben Bolen\Zotero\storage\TRUZLGED\SfN23_Club_poster.pdf"
"groups/735051","V6LMHPVM","2H5JNYT9","","Jang","2023","The Neuroscience Club at Portland State University: Fostering engagement and collaboration in neuroscience education and outreach","True","C:\Users\Ben Bolen\Zotero\storage\2H5JNYT9\SfN23_Virtual_Presentation.pdf"
"groups/735051","4QUD65QH","Y6I2P67P","10.1089/soro.2019.0022","Koizumi","2019","Recurrent Braiding of Thin McKibben Muscles to Overcome Their Limitation of Contraction","True","C:\Users\Ben Bolen\Zotero\storage\Y6I2P67P\Koizumi et al. - 2019 - Recurrent Braiding of Thin McKibben Muscles to Ove.pdf"
"groups/735051","H3476B48","P7LEPBA8","10.1007/s00422-006-0068-6","Burkitt","2006","A Review of the Integrate-and-fire Neuron Model: I. Homogeneous Synaptic Input","False","C:\Users\Ben Bolen\Zotero\storage\P7LEPBA8\Burkitt - 2006 - A Review of the Integrate-and-fire Neuron Model I.pdf"
"groups/735051","9WITMHJ6","33SMU8LT","10.1007/978-1-4939-3267-2_12","Bondy","2016","Control of Cat Walking and Paw-Shake by a Multifunctional Central Pattern Generator","True","C:\Users\Ben Bolen\Zotero\storage\33SMU8LT\317176159_Control_of_Cat_Walking_and_Paw-Shake_by_a_Multifunctional_Central_Pattern_Generator.pdf"
"groups/735051","7N25LCWZ","6K3BAZGL","","Bolen","2023","Sensory Afferent Database: Advancing towards a comprehensive understanding of sensory afferents and motor control","True","C:\Users\Ben Bolen\Zotero\storage\6K3BAZGL\Bolen et al. - 2023 - Sensory Afferent Database Advancing towards a com.pdf"
"groups/735051","A3KAW4NH","V6AQLGB6","","Bolen","2019","Determination of Artificial Muscle Placement for Biomimetic Humanoid Robot Legs","True","C:\Users\Ben Bolen\Zotero\storage\V6AQLGB6\Bolen and Hunt - 2019 - Determination of Artificial Muscle Placement for B.pdf"
"groups/735051","IXA2DMJ8","2QW68K4Q","","Bolen","2019","Determination of Artificial Muscle Placement for Biomimetic Humanoid Robot Legs","True","C:\Users\Ben Bolen\Zotero\storage\2QW68K4Q\Bolen and Hunt - 2019 - Determination of Artificial Muscle Placement for B.pdf"
"groups/735051","ITHGZFQ2","EKZ67W9T","","Aschenbeck","2006","Design of a Quadruped Robot Driven by Air Muscles (Master's thesis)","True","C:\Users\Ben Bolen\Zotero\storage\EKZ67W9T\Aschenbeck - 2006 - Design of a Quadruped Robot Driven by Air Muscles (Master's thesis).pdf"
"groups/735051","2M7T3EHE","7D2YM3HH","10.1109/biorob.2006.1639201","Aschenbeck","2006","Design of a Quadruped Robot Driven by Air Muscles","True","C:\Users\Ben Bolen\Zotero\storage\7D2YM3HH\Aschenbeck et al. - 2006 - Design of a Quadruped Robot Driven by Air Muscles(2).pdf"
"groups/735051","6SJH23HI","JMKT56S8","","Alamdari","","A Review of Computational Musculoskeletal Analysis of Human Lower Extremities","True","C:\Users\Ben Bolen\Zotero\storage\JMKT56S8\284958840_A_Review_of_Computational_Musculoskeletal_Analysis_of_Human_Lower_Extremities.pdf"
"groups/735051","QYKVZ6H9","UMKFQCGU","","Pupkiewicz","","Spike Timing Depended Plasticity Produces Unsupervised Learning of Synergistic Muscle Feedback in a Synthetical Neural Network","True","C:\Users\Ben Bolen\Zotero\storage\UMKFQCGU\Pupkiewicz - Spike Timing Depended Plasticity Produces Unsupervised Learning of Synergistic Muscle Feedback in a.pdf"
"groups/735051","QKSV3XEX","QMR7DTKJ","10.3390/ma16227229","Krupnin","2023","Theoretical and Experimental Investigation of 3D-Printed Polylactide Laminate Composites’ Mechanical Properties","True","C:\Users\Ben Bolen\Zotero\storage\QMR7DTKJ\Krupnin et al. - 2023 - Theoretical and Experimental Investigation of 3D-Printed Polylactide Laminate Composites’ Mechanical.pdf"
"groups/735051","I963C3M5","5NASKGRG","10.12913/22998624/207989","Saldaña-Robles","2025","Mechanical behavior of 3D printed polymers under tensile and bending loads","True","C:\Users\Ben Bolen\Zotero\storage\5NASKGRG\Saldaña-Robles et al. - 2025 - Mechanical behavior of 3D printed polymers under tensile and bending loads.pdf"
"groups/735051","7MNS3WDT","F9KPYDRX","","Dwinata","2024","Evaluating Mechanical Behavior of PLA Under Varied Strain Rates Using Stereolithography 3D Print Method","True","C:\Users\Ben Bolen\Zotero\storage\F9KPYDRX\Dwinata et al. - 2024 - Evaluating Mechanical Behavior of PLA Under Varied Strain Rates Using Stereolithography 3D Print Met.pdf"
"groups/735051","GT5KNHMV","K8EIPU59","","Dwinata","2024","Evaluating Mechanical Behavior of PLA Under Varied Strain Rates Using Stereolithography 3D Print Method","True","C:\Users\Ben Bolen\Zotero\storage\K8EIPU59\Dwinata et al. - 2024 - Evaluating Mechanical Behavior of PLA Under Varied Strain Rates Using Stereolithography 3D Print Met.pdf"
"groups/735051","9AKZF39G","I2PGVBVM","10.1016/j.ijlmm.2024.05.011","Khan","2024","Insights into flexural and impact properties of polymer based materials printed through fused filament fabrication: Progress in the last decade","True","C:\Users\Ben Bolen\Zotero\storage\I2PGVBVM\Khan et al. - 2024 - Insights into flexural and impact properties of polymer based materials printed through fused filame.pdf"
"groups/735051","CWLM6K7Q","33BLHLUI","10.3390/polym17060788","Monkova","2025","Investigating the Flexural Properties of 3D-Printed Nylon CF12 with Respect to the Correlation Between Loading and Layering Directions","True","C:\Users\Ben Bolen\Zotero\storage\33BLHLUI\Monkova et al. - 2025 - Investigating the Flexural Properties of 3D-Printed Nylon CF12 with Respect to the Correlation Betwe.pdf"
"groups/735051","SU9QAUQ8","6SSBPPZS","10.3390/polym15234497","Bol","2023","Micromechanical Models for FDM 3D-Printed Polymers: A Review","True","C:\Users\Ben Bolen\Zotero\storage\6SSBPPZS\Bol and Šavija - 2023 - Micromechanical Models for FDM 3D-Printed Polymers A Review.pdf"
"groups/735051","9UAZV7KN","VUXTBVMP","","Somireddy","","FLEXURAL BEHAVIOR OF FDM PARTS: EXPERIMENTAL, ANALYTICAL AND NUMERICAL STUDY","True","C:\Users\Ben Bolen\Zotero\storage\VUXTBVMP\Somireddy - FLEXURAL BEHAVIOR OF FDM PARTS EXPERIMENTAL, ANALYTICAL AND NUMERICAL STUDY.pdf"
"groups/735051","RS4KPZBZ","62TDECUG","10.1109/70.481753","Chou","1996","Measurement and modeling of McKibben pneumatic artificial muscles","True","C:\Users\Ben Bolen\Zotero\storage\62TDECUG\Chou and Hannaford - 1996 - Measurement and modeling of McKibben pneumatic artificial muscles.pdf"
"groups/735051","HM2IV5S6","BAEBCLJN","10.1111/j.1469-7793.1998.293bu.x","Prochazka","1998","Ensemble firing of muscle afferents recorded during normal locomotion in cats","True","C:\Users\Ben Bolen\Zotero\storage\BAEBCLJN\Prochazka and Gorassini - 1998 - Ensemble firing of muscle afferents recorded during normal locomotion in cats.pdf"
"groups/735051","A8II7VSV","PWZXM5AU","10.1039/d2va00266c","Unknown","2023","The reuse of electronic components from waste printed circuit boards: a critical review","True","C:\Users\Ben Bolen\Zotero\storage\PWZXM5AU\2023 - The reuse of electronic components from waste printed circuit boards a critical review.pdf"
"groups/735051","46F52XH7","ZBQIQ4YT","10.3390/s22176478","Cheng","2022","A Classification Method for Electronic Components Based on Siamese Network","True","C:\Users\Ben Bolen\Zotero\storage\ZBQIQ4YT\Cheng et al. - 2022 - A Classification Method for Electronic Components Based on Siamese Network.pdf"
"groups/735051","8GDNWRVW","74ZRBTFA","10.1109/tpwrd.2021.3116489","Davari","2022","Corona Detection and Power Equipment Classification Based on GoogleNet-AlexNet: An Accurate and Intelligent Defect Detection Model Based on Deep Learning for Power Distribution Lines","True","C:\Users\Ben Bolen\Zotero\storage\74ZRBTFA\Davari et al. - 2022 - Corona Detection and Power Equipment Classification Based on GoogleNet-AlexNet An Accurate and Inte.pdf"
"groups/735051","8XD22LIY","RL3UXENY","","Unknown","2025","2025 Draft List of Critical Minerals","True","C:\Users\Ben Bolen\Zotero\storage\RL3UXENY\2025-16311.pdf"
"groups/735051","RM5QF955","VPPTWDK9","10.1016/j.eti.2021.102049","Ankit","2021","Electronic waste and their leachates impact on human health and environment: Global ecological threat and management","True","C:\Users\Ben Bolen\Zotero\storage\VPPTWDK9\Ankit et al. - 2021 - Electronic waste and their leachates impact on human health and environment Global ecological threa.pdf"
"groups/735051","QYG6Y33U","ULNEFKVF","","Unknown","","The Global E-waste Monitor 2024","True","C:\Users\Ben Bolen\Zotero\storage\ULNEFKVF\The Global E-waste Monitor 2024.pdf"
"groups/735051","KXGGQXLJ","AU69VG3N","10.1109/access.2024.3391353","Cheng","2024","EC-YOLO: Effectual Detection Model for Steel Strip Surface Defects Based on YOLO-V5","True","C:\Users\Ben Bolen\Zotero\storage\AU69VG3N\Cheng et al. - 2024 - EC-YOLO Effectual Detection Model for Steel Strip Surface Defects Based on YOLO-V5.pdf"
"groups/735051","TC9VID2V","JTELE2LV","10.21203/rs.3.rs-7577054/v1","Obayashi","2025","ScaFi: Length-Scalable, Compliant, Parametric Robotic Fish Design for Operation in Multiple Environmental Niches","True","C:\Users\Ben Bolen\Zotero\storage\JTELE2LV\Obayashi et al. - 2025 - ScaFi Length-Scalable, Compliant, Parametric Robotic Fish Design for Operation in Multiple Environm.pdf"
"groups/735051","76R482KP","T2ZZRH9T","10.1093/icb/36.6.678","Long","1996","The Importance of Body Stiffness in Undulatory Propulsion","True","C:\Users\Ben Bolen\Zotero\storage\T2ZZRH9T\Long and Nipper - 1996 - The Importance of Body Stiffness in Undulatory Propulsion.pdf"
"groups/735051","DRHNCRRI","SJDHIRPL","10.1242/jeb.198.11.2293","McHenry","1995","Mechanical control of swimming speed: stiffness and axial wave form in undulating fish models","True","C:\Users\Ben Bolen\Zotero\storage\SJDHIRPL\McHenry et al. - 1995 - Mechanical control of swimming speed stiffness and axial wave form in undulating fish models.pdf"
"groups/735051","96IIG3EC","744HB6W2","","John H. Long","1996","The Importance of Body Stiffness in Undulatory Propulsion","True","C:\Users\Ben Bolen\Zotero\storage\744HB6W2\John H. Long and Nipper - 1996 - The Importance of Body Stiffness in Undulatory Propulsion.pdf"
"groups/735051","Y76C5HR8","AS3ELGG9","10.1242/jeb.182.1.191","Altringham","1993","Myotomal Muscle Function at Different Locations in the Body of a Swimming Fish","True","C:\Users\Ben Bolen\Zotero\storage\AS3ELGG9\Altringham et al. - 1993 - Myotomal Muscle Function at Different Locations in the Body of a Swimming Fish.pdf"
"groups/735051","VPTKMLDB","4D9KW8GG","10.1016/s1095-6433(01)00461-5","Wakeling","2001","Biomechanics of fast-start swimming in fish","True","C:\Users\Ben Bolen\Zotero\storage\4D9KW8GG\Wakeling - 2001 - Biomechanics of fast-start swimming in fish.pdf"
"groups/735051","WELKHBP3","UQ6Y3VAJ","10.1088/1748-3190/ac3ca5","Quinn","2022","Tunable stiffness in fish robotics: mechanisms and advantages","True","C:\Users\Ben Bolen\Zotero\storage\UQ6Y3VAJ\Quinn and Lauder - 2022 - Tunable stiffness in fish robotics mechanisms and advantages.pdf"
"groups/735051","2E8RV33H","QQI7GZC7","10.1038/s41598-019-44409-7","Schwalbe","2019","Red muscle activity in bluegill sunfish Lepomis macrochirus during forward accelerations","True","C:\Users\Ben Bolen\Zotero\storage\QQI7GZC7\Schwalbe et al. - 2019 - Red muscle activity in bluegill sunfish Lepomis macrochirus during forward accelerations.pdf"
"groups/735051","994JZYYF","N29PPAVQ","10.1126/science.8332898","Rome","1993","How Fish Power Swimming","True","C:\Users\Ben Bolen\Zotero\storage\N29PPAVQ\Rome et al. - 1993 - How Fish Power Swimming.pdf"
"groups/735051","J9L25DZ5","A7YNH94K","10.1002/jez.2751","Coughlin","2023","Muscle power production during intermittent swimming in bluegill sunfish","True","C:\Users\Ben Bolen\Zotero\storage\A7YNH94K\Coughlin et al. - 2023 - Muscle power production during intermittent swimming in bluegill sunfish.pdf"
"groups/735051","GA8YXYMU","IRUBXVLX","10.1093/icb/38.4.771","Long","1998","Muscles, Elastic Energy, and the Dynamics of Body Stiffness in Swimming Eels","True","C:\Users\Ben Bolen\Zotero\storage\IRUBXVLX\Long - 1998 - Muscles, Elastic Energy, and the Dynamics of Body Stiffness in Swimming Eels.pdf"
"groups/735051","MA6XGICC","DFVQG9SP","10.1242/jeb.202.23.3397","Altringham","1999","Fish swimming: patterns in muscle function","True","C:\Users\Ben Bolen\Zotero\storage\DFVQG9SP\Altringham and Ellerby - 1999 - Fish swimming patterns in muscle function.pdf"
"groups/735051","CMTBZ7XY","HFBTXTML","10.1038/s41598-019-44409-7","Schwalbe","2019","Red muscle activity in bluegill sunfish Lepomis macrochirus during forward accelerations","True","C:\Users\Ben Bolen\Zotero\storage\HFBTXTML\Schwalbe et al. - 2019 - Red muscle activity in bluegill sunfish Lepomis macrochirus during forward accelerations.pdf"
"groups/735051","FXV3N2Z9","DQ2HFEBJ","10.1093/icb/38.4.771","LONG","1998","Muscles, Elastic Energy, and the Dynamics of Body Stiffness in Swimming Eels1","True","C:\Users\Ben Bolen\Zotero\storage\DQ2HFEBJ\LONG - 1998 - Muscles, Elastic Energy, and the Dynamics of Body Stiffness in Swimming Eels1.pdf"
"groups/735051","NWAIVCVK","I9ED29AW","10.1002/jez.2751","Coughlin","2023","Muscle power production during intermittent swimming in bluegill sunfish","True","C:\Users\Ben Bolen\Zotero\storage\I9ED29AW\Coughlin et al. - 2023 - Muscle power production during intermittent swimming in bluegill sunfish.pdf"
"groups/735051","TN4ZKXTJ","24V2HTAI","10.1088/1748-3190/ac3ca5","Quinn","2021","Tunable stiffness in fish robotics: mechanisms and advantages","True","C:\Users\Ben Bolen\Zotero\storage\24V2HTAI\Quinn and Lauder - 2021 - Tunable stiffness in fish robotics mechanisms and advantages.pdf"
"groups/735051","DCBIXV7N","7LCI6B7H","10.3390/s24134363","Luo","2024","EC-YOLO: Improved YOLOv7 Model for PCB Electronic Component Detection","True","C:\Users\Ben Bolen\Zotero\storage\7LCI6B7H\Luo et al. - 2024 - EC-YOLO Improved YOLOv7 Model for PCB Electronic Component Detection.pdf"
"groups/735051","6TXT4QS5","JXCWXGLN","10.1016/j.jenvman.2022.115242","Faraji","2022","Potential and current practices of recycling waste printed circuit boards: A review of the recent progress in pyrometallurgy","True","C:\Users\Ben Bolen\Zotero\storage\JXCWXGLN\Faraji et al. - 2022 - Potential and current practices of recycling waste printed circuit boards A review of the recent pr.pdf"
"groups/735051","FVG8JHSF","E3XFN6IM","10.1016/j.envpol.2025.127072","Ferreira-Filipe","2025","The role of <i>Penicillium brevicompactum</i> in bioprocessing plastic and metals from printed circuit boards","True","C:\Users\Ben Bolen\Zotero\storage\E3XFN6IM\Ferreira-Filipe et al. - 2025 - The role of Penicillium brevicompactum in bioprocessing plastic and metals from printed circu.pdf"
"groups/735051","XC85H7R7","J4D4Y8RT","10.1016/j.ifacol.2016.11.100","Kopacek","2016","Intelligent Disassembly of components from printed circuit boards to enable re-use and more efficient recovery of critical metals","True","C:\Users\Ben Bolen\Zotero\storage\J4D4Y8RT\Kopacek - 2016 - Intelligent Disassembly of components from printed circuit boards to enable re-use and more efficien.pdf"
"groups/735051","HS6SN3J6","VCBA4MWC","10.3390/computers14020062","Mohsin","2025","Automated Disassembly of Waste Printed Circuit Boards: The Role of Edge Computing and IoT","True","C:\Users\Ben Bolen\Zotero\storage\VCBA4MWC\Mohsin et al. - 2025 - Automated Disassembly of Waste Printed Circuit Boards The Role of Edge Computing and IoT.pdf"
"groups/735051","DS7YD29W","7CD794TS","10.1016/j.resconrec.2025.108561","Citterio","2026","A knowledge based method for estimating the material content value of end of life PCBs","True","C:\Users\Ben Bolen\Zotero\storage\7CD794TS\Citterio et al. - 2026 - A knowledge based method for estimating the material content value of end of life PCBs.pdf"
"groups/735051","SJHGXGDB","R2Q28ZTE","10.1109/tepm.2004.830501","Li","2004","Printed circuit board recycling: a state-of-the-art survey","True","C:\Users\Ben Bolen\Zotero\storage\R2Q28ZTE\Li et al. - 2004 - Printed circuit board recycling a state-of-the-art survey.pdf"
"groups/735051","Z8WI3BW3","S2AQEX9B","10.3389/fnbot.2021.629210","Schmidgall","2021","SpikePropamine: Differentiable Plasticity in Spiking Neural Networks","True","C:\Users\Ben Bolen\Zotero\storage\S2AQEX9B\Schmidgall et al. - 2021 - SpikePropamine Differentiable Plasticity in Spiking Neural Networks.pdf"
"groups/735051","6BQ7N29I","2GCDVCT8","10.3389/fnins.2023.1183321","Schmidgall","2023","Meta-SpikePropamine: learning to learn with synaptic plasticity in spiking neural networks","True","C:\Users\Ben Bolen\Zotero\storage\2GCDVCT8\Schmidgall and Hays - 2023 - Meta-SpikePropamine learning to learn with synaptic plasticity in spiking neural networks.pdf"
"groups/735051","UXQL655X","SKAJFVW6","10.1126/science.aaa8415","Jordan","2015","Machine learning: Trends, perspectives, and prospects","True","C:\Users\Ben Bolen\Zotero\storage\SKAJFVW6\Jordan and Mitchell - 2015 - Machine learning Trends, perspectives, and prospects.pdf"
"groups/735051","7KLRC8VP","2CR9AMUL","10.1007/s00221-008-1611-6","Berlucchi","2009","Neuronal plasticity: historical roots and evolution of meaning","True","C:\Users\Ben Bolen\Zotero\storage\2CR9AMUL\Berlucchi and Buchtel - 2009 - Neuronal plasticity historical roots and evolution of meaning.pdf"
"groups/735051","H7IAZ6Y7","37HXIKQV","10.1113/jphysiol.1958.sp006101","Eccles","1958","Integrative pattern of Ia synaptic actions on motoneurones of hip and knee muscles","True","C:\Users\Ben Bolen\Zotero\storage\37HXIKQV\Eccles and Lundberg - 1958 - Integrative pattern of Ia synaptic actions on motoneurones of hip and knee muscles.pdf"
"groups/735051","GF95QC93","UGLE9AX7","10.1152/jn.1976.39.5.1090","Procházka","1976","Discharges of single hindlimb afferents in the freely moving cat.","True","C:\Users\Ben Bolen\Zotero\storage\UGLE9AX7\Prochazka et al. - 1976 - Discharges of single hindlimb afferents in the freely moving cat.pdf"
"groups/735051","FZPXUUER","CUARHRLZ","10.1007/bf02422059","Schopf","1986","Newly discovered early Archean (3.4–3.5 Ga Old) microorganisms from the Warrawoona Group of Western Australia","True","C:\Users\Ben Bolen\Zotero\storage\CUARHRLZ\Schopf and Packer - 1986 - Newly discovered early Archean (3.4–3.5 Ga Old) mi.pdf"
"groups/735051","TD2MS4GA","YEW7PZVR","10.1113/jphysiol.1977.sp011864","Prochazka","1977","Ia afferent activity during a variety of voluntary movements in the cat","True","C:\Users\Ben Bolen\Zotero\storage\YEW7PZVR\Prochazka et al. - 1977 - Ia afferent activity during a variety of voluntary.pdf"
"groups/735051","F6KF7U67","RV4P4B6T","10.15607/rss.2016.xii.004","Unknown","","Robot Motion Planning on a Chip","True","C:\Users\Ben Bolen\Zotero\storage\RV4P4B6T\(PDF) Robot Motion Planning on a Chip.pdf"
"groups/735051","RIYHITNL","ZCMKV94A","10.1109/aicas54282.2022.9870000","Neuman","2022","Tiny Robot Learning: Challenges and Directions for Machine Learning in Resource-Constrained Robots","True","C:\Users\Ben Bolen\Zotero\storage\ZCMKV94A\Neuman et al. - 2022 - Tiny Robot Learning Challenges and Directions for.pdf"
"groups/735051","DBDVN5SN","AB2LGKS7","","Ali","2025","On the Necessity of Real-Time Principles in GPU-Driven Autonomous Robots","True","C:\Users\Ben Bolen\Zotero\storage\AB2LGKS7\Ali et al. - On the Necessity of Real-Time Principles in GPU-Dr.pdf"
"groups/735051","PNERR92Y","VYBUYKX3","10.1109/iros45743.2020.9341361","Bouman","2020","Autonomous Spot: Long-Range Autonomous Exploration of Extreme Environments with Legged Locomotion","True","C:\Users\Ben Bolen\Zotero\storage\VYBUYKX3\Bouman et al. - 2020 - Autonomous Spot Long-Range Autonomous Exploration.pdf"
"groups/735051","GPUB7AW5","66J9GKIT","","McNeal","2024","Real-time, pulse-based actuation of braided pneumatic actuator muscles","True","C:\Users\Ben Bolen\Zotero\storage\66J9GKIT\McNeal and Hunt - 2024 - Real-time, pulse-based actuation of braided pneuma.pdf"
"groups/735051","BQ8BTG6E","NXG3IU6T","10.1016/0306-4522(83)90010-6","Levy","1983","Temporal contiguity requirements for long-term associative potentiation/depression in the hippocampus","True","C:\Users\Ben Bolen\Zotero\storage\NXG3IU6T\Levy and Steward - 1983 - Temporal contiguity requirements for long-term ass.pdf"
"groups/735051","SA4AWMJ9","QUHQKK7T","10.1523/jneurosci.18-24-10464.1998","Bi","1998","Synaptic modifications in cultured hippocampal neurons: dependence on spike timing, synaptic strength, and postsynaptic cell type","True","C:\Users\Ben Bolen\Zotero\storage\QUHQKK7T\Bi and Poo - 1998 - Synaptic modifications in cultured hippocampal neu.pdf"
"groups/735051","C8CIGA6L","XARDXK8J","10.3389/fncir.2015.00085","Frémaux","2016","Neuromodulated Spike-Timing-Dependent Plasticity, and Theory of Three-Factor Learning Rules","True","C:\Users\Ben Bolen\Zotero\storage\XARDXK8J\Frémaux and Gerstner - 2016 - Neuromodulated Spike-Timing-Dependent Plasticity, .pdf"
"groups/735051","U5QI4IB2","6QBEXPCP","10.48550/arxiv.1705.06963","Schuman","2017","A Survey of Neuromorphic Computing and Neural Networks in Hardware","True","C:\Users\Ben Bolen\Zotero\storage\6QBEXPCP\Schuman et al. - 2017 - A Survey of Neuromorphic Computing and Neural Netw.pdf"
"groups/735051","VQKPAVLB","MWAAY9LL","10.1115/1.4023390","Millard","2013","Flexing Computational Muscle: Modeling and Simulation of Musculotendon Dynamics","True","C:\Users\Ben Bolen\Zotero\storage\MWAAY9LL\Millard et al. - 2013 - Flexing Computational Muscle Modeling and Simulat.pdf"
"groups/735051","S7JDWR7U","ULKZSJGT","10.1073/pnas.0900546106","Zhang","2009","Gain in sensitivity and loss in temporal contrast of STDP by dopaminergic modulation at hippocampal synapses","True","C:\Users\Ben Bolen\Zotero\storage\ULKZSJGT\Zhang et al. - 2009 - Gain in sensitivity and loss in temporal contrast .pdf"
"groups/735051","KHLGKN9Q","IQNNAEWJ","10.1523/jneurosci.4402-07.2008","Pawlak","2008","Dopamine receptor activation is required for corticostriatal spike-timing-dependent plasticity","True","C:\Users\Ben Bolen\Zotero\storage\IQNNAEWJ\Pawlak and Kerr - 2008 - Dopamine receptor activation is required for corti.pdf"
"groups/735051","GSVQHVD4","XGL2W5B2","10.1523/jneurosci.23-09-03697.2003","Gütig","2003","Learning input correlations through nonlinear temporally asymmetric Hebbian plasticity","True","C:\Users\Ben Bolen\Zotero\storage\XGL2W5B2\Gütig et al. - 2003 - Learning input correlations through nonlinear temp.pdf"
"groups/735051","2UQ4ZMSY","XPIQZ3YF","","Hertz","1991","Introduction To The Theory Of Neural Computation","True","C:\Users\Ben Bolen\Zotero\storage\XPIQZ3YF\2025 - (PDF) Introduction To The Theory Of Neural Computa.pdf"
"groups/735051","7XD6Y9PU","E7M5YCEG","10.1038/25665","Zhang","1998","A critical window for cooperation and competition among developing retinotectal synapses","True","C:\Users\Ben Bolen\Zotero\storage\E7M5YCEG\Zhang et al. - 1998 - A critical window for cooperation and competition .pdf"
"groups/735051","93HPJTDV","UHZZCPC9","","Shatz","1992","The Developing Brain","True","C:\Users\Ben Bolen\Zotero\storage\UHZZCPC9\Shatz - 1992 - The Developing Brain.pdf"
"groups/735051","UHK5RTCK","YVFM8PS9","10.1152/jn.1967.30.3.466","Houk","1967","Responses of Golgi tendon organs to active contractions of the soleus muscle of the cat.","True","C:\Users\Ben Bolen\Zotero\storage\YVFM8PS9\Houk and Henneman - 1967 - Responses of Golgi tendon organs to active contrac.pdf"
"groups/735051","IAD47LNA","UL4APE7B","10.1523/jneurosci.4186-05.2006","Tryba","2006","Gasping activity in vitro: a rhythm dependent on 5-HT2A receptors","True","C:\Users\Ben Bolen\Zotero\storage\UL4APE7B\Tryba et al. - 2006 - Gasping activity in vitro a rhythm dependent on 5.pdf"
"groups/735051","CJ92AIUH","NXH5QEN5","10.1152/jn.2000.84.5.2709","Abelew","2000","Local Loss of Proprioception Results in Disruption of Interjoint Coordination During Locomotion in the Cat","True","C:\Users\Ben Bolen\Zotero\storage\NXH5QEN5\Abelew et al. - 2000 - Local Loss of Proprioception Results in Disruption.pdf"
"groups/735051","NHIFKZXY","69P88RIQ","10.1002/dev.21282","Sharp","2015","Pyridoxine Treatment Alters Embryonic Motility in Chicks: Implications for the Role of Proprioception","True","C:\Users\Ben Bolen\Zotero\storage\69P88RIQ\Sharp and Bekoff - 2015 - Pyridoxine Treatment Alters Embryonic Motility in .pdf"
"groups/735051","7MEM4AYD","4NLZXYHC","10.1152/japplphysiol.00393.2004","Moritz","2004","Passive dynamics change leg mechanics for an unexpected surface during human hopping","True","C:\Users\Ben Bolen\Zotero\storage\4NLZXYHC\Moritz and Farley - 2004 - Passive dynamics change leg mechanics for an unexp.pdf"
"groups/735051","DL3ZMQ8V","4TSCQIWZ","10.1242/jeb.244629","Duman","2023","Hindlimb muscle spindles inform preparatory forelimb coordination prior to landing in toads","True","C:\Users\Ben Bolen\Zotero\storage\4TSCQIWZ\Duman and Azizi - 2023 - Hindlimb muscle spindles inform preparatory foreli.pdf"
"groups/735051","D9FPFD55","KPM9PQE6","10.3389/fncel.2019.00512","Laliberte","2019","Propriospinal Neurons: Essential Elements of Locomotor Control in the Intact and Possibly the Injured Spinal Cord","True","C:\Users\Ben Bolen\Zotero\storage\KPM9PQE6\Laliberte et al. - 2019 - Propriospinal Neurons Essential Elements of Locom.pdf"
"groups/735051","NU75BEIA","DQ8HHCPI","10.1523/jneurosci.1829-17.2017","Gosgnach","2017","Delineating the Diversity of Spinal Interneurons in Locomotor Circuits","True","C:\Users\Ben Bolen\Zotero\storage\DQ8HHCPI\Gosgnach et al. - 2017 - Delineating the Diversity of Spinal Interneurons i.pdf"
"groups/735051","DW9PZKVQ","3W26RRLF","10.1007/978-1-4939-3267-2_5","Shevtsova","2016","Modeling the Organization of Spinal Cord Neural Circuits Controlling Two-Joint Muscles","True","C:\Users\Ben Bolen\Zotero\storage\3W26RRLF\Shevtsova et al. - 2016 - Modeling the Organization of Spinal Cord Neural Ci.pdf"
"groups/735051","FUZPNBI4","W2QC9WS3","10.1088/1741-2560/8/6/065003","Spardy","2011","A dynamical systems analysis of afferent control in a neuromechanical model of locomotion: I. Rhythm generation","True","C:\Users\Ben Bolen\Zotero\storage\W2QC9WS3\Spardy et al. - 2011 - A dynamical systems analysis of afferent control i.pdf"
"groups/735051","FUZPNBI4","2HGNW5LV","10.1088/1741-2560/8/6/065003","Spardy","2011","A dynamical systems analysis of afferent control in a neuromechanical model of locomotion: I. Rhythm generation","True","C:\Users\Ben Bolen\Zotero\storage\2HGNW5LV\Spardy et al. - 2011 - A dynamical systems analysis of afferent control i.pdf"
"groups/735051","KCC2QRCW","GUPC462T","10.1007/978-1-4939-3267-2_2","Markin","2016","A Neuromechanical Model of Spinal Control of Locomotion","True","C:\Users\Ben Bolen\Zotero\storage\GUPC462T\Markin et al. - 2016 - A Neuromechanical Model of Spinal Control of Locom.pdf"
"groups/735051","KCC2QRCW","NY5DZNJ9","10.1007/978-1-4939-3267-2_2","Markin","2016","A Neuromechanical Model of Spinal Control of Locomotion","True","C:\Users\Ben Bolen\Zotero\storage\NY5DZNJ9\Markin et al. - 2016 - A Neuromechanical Model of Spinal Control of Locom.pdf"
"groups/735051","KCC2QRCW","FRDYHH8G","10.1007/978-1-4939-3267-2_2","Markin","2016","A Neuromechanical Model of Spinal Control of Locomotion","False","C:\Users\Ben Bolen\Zotero\storage\FRDYHH8G\Markin et al. - 2016 - A Neuromechanical Model of Spinal Control of Locom.pdf"
"groups/735051","D4EWYL76","SCLPYSAR","10.3390/polym16050684","Zhang","2024","Design and Optimization of 3D-Printed Variable Cross-Section I-Beams Reinforced with Continuous and Short Fibers","True","C:\Users\Ben Bolen\Zotero\storage\SCLPYSAR\Zhang et al. - 2024 - Design and Optimization of 3D-Printed Variable Cro.pdf"
"groups/735051","WMXYNSEK","69JK9UMY","10.1007/s40964-022-00356-w","Sandanamsamy","2023","A comprehensive review on fused deposition modelling of polylactic acid","True","C:\Users\Ben Bolen\Zotero\storage\69JK9UMY\Sandanamsamy et al. - 2023 - A comprehensive review on fused deposition modelli.pdf"
"groups/735051","JTS6PLCZ","JH9EJUJZ","10.3390/ma13010015","Pastor-Artigues","2019","Elastic Asymmetry of PLA Material in FDM-Printed Parts: Considerations Concerning Experimental Characterisation for Use in Numerical Simulations","True","C:\Users\Ben Bolen\Zotero\storage\JH9EJUJZ\Pastor-Artigues et al. - 2019 - Elastic Asymmetry of PLA Material in FDM-Printed P.pdf"
"groups/735051","D3P5QCWF","7SXU8HKX","10.1016/0032-3861(92)90377-9","Wilfong","1992","Separation of polymerization and crystallization processes for nylon-6","True","C:\Users\Ben Bolen\Zotero\storage\7SXU8HKX\Wilfong et al. - 1992 - Separation of polymerization and crystallization p.pdf"
"groups/735051","HFGC2XH3","RWG3WCRQ","10.1007/s10965-013-0308-0","Rusu","2013","Evaluation of thermal and mechanical behavior of some anionic polyesteramide copolymers","True","C:\Users\Ben Bolen\Zotero\storage\RWG3WCRQ\Rusu and Rusu - 2013 - Evaluation of thermal and mechanical behavior of s.pdf"
"groups/735051","MBVW5H9P","EYF9SX5H","10.1007/978-3-031-72597-5_7","Jubert","2024","Flexible Strain Gauge Sensors as Real-Time Stretch Receptors for Use in Biomimetic BPA Muscle Applications","True","C:\Users\Ben Bolen\Zotero\storage\EYF9SX5H\Jubert et al. - 2024 - Flexible Strain Gauge Sensors as Real-time Stretch.pdf"
"groups/735051","FTQG7W85","3UC7FLXD","10.1186/s12984-019-0559-z","Durandau","2019","Voluntary control of wearable robotic exoskeletons by patients with paresis via neuromechanical modeling","True","C:\Users\Ben Bolen\Zotero\storage\3UC7FLXD\Durandau et al. - 2019 - Voluntary control of wearable robotic exoskeletons.pdf"
"groups/735051","4NJFY349","Q5YNHQFW","10.1109/icra46639.2022.9811684","Wang","2022","MyoSim: Fast and physiologically realistic MuJoCo models for musculoskeletal and exoskeletal studies","True","C:\Users\Ben Bolen\Zotero\storage\Q5YNHQFW\Wang et al. - 2022 - MyoSim Fast and physiologically realistic MuJoCo .pdf"
"groups/735051","MNC6TMBW","KUUKAVF3","10.1007/978-3-030-70316-5_45","Ikkala","2022","Converting Biomechanical Models from OpenSim to MuJoCo","True","C:\Users\Ben Bolen\Zotero\storage\KUUKAVF3\Ikkala and Hämäläinen - 2022 - Converting Biomechanical Models from OpenSim to Mu.pdf"
"groups/735051","ITW7GWDY","MB3V5T48","10.1088/1402-4896/ac437e","Cai","2021","The phase transition of polyamide 6 with pre-stretching process at different temperatures","True","C:\Users\Ben Bolen\Zotero\storage\MB3V5T48\Cai et al. - 2021 - The phase transition of polyamide 6 with pre-stret.pdf"
"groups/735051","JM4PLYGN","RBZVRAW3","10.1016/j.addma.2022.102599","Kumar Jain","2022","Role of annealing and isostatic compaction on mechanical properties of 3D printed short glass fiber nylon composites","True","C:\Users\Ben Bolen\Zotero\storage\RBZVRAW3\Kumar Jain et al. - 2022 - Role of annealing and isostatic compaction on mech.pdf"
"groups/735051","766IZ6IZ","N97SMA4T","10.1016/j.tca.2017.09.021","Parodi","2017","Glass transition temperature versus structure of polyamide 6: A flash-DSC study","True","C:\Users\Ben Bolen\Zotero\storage\N97SMA4T\Parodi et al. - 2017 - Glass transition temperature versus structure of p.pdf"
"groups/735051","KVRHQUSG","59CB6WA5","10.3390/polym10070710","Parodi","2018","Structure–Properties Relations for Polyamide 6, Part 1: Influence of the Thermal History during Compression Moulding on Deformation and Failure Kinetics","True","C:\Users\Ben Bolen\Zotero\storage\59CB6WA5\Parodi et al. - 2018 - Structure–Properties Relations for Polyamide 6, Pa.pdf"
"groups/735051","NCGBHPYH","6FDAZUDY","10.1002/pol.20200454","Seguela","2020","Overview and critical survey of polyamide6 structural habits: Misconceptions and controversies","True","C:\Users\Ben Bolen\Zotero\storage\6FDAZUDY\Seguela - 2020 - Overview and critical survey of polyamide6 structu.pdf"
"groups/735051","E87KHQYE","QKCEY5U5","","Unknown","","Control of Mammalian Locomotion by Somatosensory Feedback - Frigon - 2022 - Comprehensive Physiology - Wiley Online Library","True","C:\Users\Ben Bolen\Zotero\storage\QKCEY5U5\Control of Mammalian Locomotion by Somatosensory F.pdf"
"groups/735051","T35R37AP","VH3GN47A","10.3389/frobt.2024.1449721","Li","2024","Controller design and experimental validation of walking for a musculoskeletal bipedal lower limb robot based on the spring-loaded inverted pendulum model","True","C:\Users\Ben Bolen\Zotero\storage\VH3GN47A\Li et al. - 2024 - Controller design and experimental validation of w.pdf"
"groups/735051","QVEH8E98","SJCCWDWK","10.1088/1748-3190/ad839e","Tanaka","2024","Enhancing postural stability in musculoskeletal quadrupedal locomotion through tension feedback for CPG-based controller","True","C:\Users\Ben Bolen\Zotero\storage\SJCCWDWK\Tanaka et al. - 2024 - Enhancing postural stability in musculoskeletal qu.pdf"
"groups/735051","ZE92KPYH","UIIC7AHG","10.1109/sii59315.2025.10870582","Yoshida","2025","Implementing Stretch Reflex in Musculoskeletal Robots Driven by Pneumatic Artificial Muscles Using Nonlinear Spring Model*","True","C:\Users\Ben Bolen\Zotero\storage\UIIC7AHG\Yoshida et al. - 2025 - Implementing Stretch Reflex in Musculoskeletal Rob.pdf"
"groups/735051","KVUMSD5Q","X5PLIH4D","","Unknown","","Full article: Investigation of arm stabilization with proprioceptive sensory reflex pathways on a 2-DoF musculoskeletal robot actuated by pneumatic artificial muscles","True","C:\Users\Ben Bolen\Zotero\storage\X5PLIH4D\Full article Investigation of arm stabilization w.pdf"
"groups/735051","53MMADKJ","85DAWLDW","10.3390/app12094146","Fukuoka","2022","Pace Running of a Quadruped Robot Driven by Pneumatic Muscle Actuators: An Experimental Study","True","C:\Users\Ben Bolen\Zotero\storage\85DAWLDW\Fukuoka et al. - 2022 - Pace Running of a Quadruped Robot Driven by Pneuma.pdf"
"groups/735051","EQZSNW6E","IVA2HNNM","10.7554/elife.98841","Rybak","2024","Operation regimes of spinal circuits controlling locomotion and the role of supraspinal drives and sensory feedback","True","C:\Users\Ben Bolen\Zotero\storage\IVA2HNNM\Rybak et al. - 2024 - Operation regimes of spinal circuits controlling l.pdf"
"groups/735051","MGYWT5TP","WUPIGG6P","10.7554/elife.103504","Rybak","2025","Operation of spinal sensorimotor circuits controlling phase durations during tied-belt and split-belt locomotion after a lateral thoracic hemisection","True","C:\Users\Ben Bolen\Zotero\storage\WUPIGG6P\Rybak et al. - 2025 - Operation of spinal sensorimotor circuits controll.pdf"
"groups/735051","FZD59HCB","KRT2CNWP","10.1007/s00422-022-00951-8","Wang","2022","Variational and phase response analysis for limit cycles with hard boundaries, with applications to neuromechanical control problems","True","C:\Users\Ben Bolen\Zotero\storage\KRT2CNWP\Wang et al. - 2022 - Variational and phase response analysis for limit .pdf"
"groups/735051","SUNBRTVF","XEQP3QJR","10.1152/jn.00230.2022","Lecomte","2022","Modulation of the gait pattern during split-belt locomotion after lateral spinal cord hemisection in adult cats","True","C:\Users\Ben Bolen\Zotero\storage\XEQP3QJR\Lecomte et al. - 2022 - Modulation of the gait pattern during split-belt l.pdf"
"groups/735051","AWDACIVT","TAV7XCRW","10.1113/jp287448","Rahmati","2025","Role of forelimb morphology in muscle sensorimotor functions during locomotion in the cat","True","C:\Users\Ben Bolen\Zotero\storage\TAV7XCRW\Rahmati et al. - 2025 - Role of forelimb morphology in muscle sensorimotor.pdf"
"groups/735051","QY48RMC4","TB6DAISP","10.1113/jp288089","Klishko","2025","Effects of spinal transection and locomotor speed on muscle synergies of the cat hindlimb","True","C:\Users\Ben Bolen\Zotero\storage\TB6DAISP\Klishko et al. - 2025 - Effects of spinal transection and locomotor speed .pdf"
"groups/735051","EL6UYIFW","EDBWUWBT","10.3389/fncom.2023.1143323","Fietkiewicz","2023","Tutorial: using NEURON for neuromechanical simulations","True","C:\Users\Ben Bolen\Zotero\storage\EDBWUWBT\Fietkiewicz et al. - 2023 - Tutorial using NEURON for neuromechanical simulat.pdf"
"groups/735051","VUUQAD3Q","S4II7PC3","","Unknown","","NeuroMechFly, a neuromechanical model of adult Drosophila melanogaster - ProQuest","True","C:\Users\Ben Bolen\Zotero\storage\S4II7PC3\NeuroMechFly, a neuromechanical model of adult Dro.pdf"
"groups/735051","4WRZ8QXL","7E7F6Q7I","10.1088/1741-2552/acfdcc","Di Russo","2023","Investigating the roles of reflexes and central pattern generators in the control and modulation of human locomotion using a physiologically plausible neuromechanical model","True","C:\Users\Ben Bolen\Zotero\storage\7E7F6Q7I\Di Russo et al. - 2023 - Investigating the roles of reflexes and central pa.pdf"
"groups/735051","ZTFCJR4R","FPWVFAWM","10.1002/cphy.c240002","Nichols","2024","Neuromechanical Circuits of the Spinal Motor Apparatus","True","C:\Users\Ben Bolen\Zotero\storage\FPWVFAWM\Nichols - 2024 - Neuromechanical Circuits of the Spinal Motor Appar.pdf"
"groups/735051","A8KPP36V","LWPYY9SB","10.1002/cphy.c240002","Nichols","2024","Neuromechanical Circuits of the Spinal Motor Apparatus","True","C:\Users\Ben Bolen\Zotero\storage\LWPYY9SB\Nichols - 2024 - Neuromechanical Circuits of the Spinal Motor Appar.pdf"
"groups/735051","MNFISTGM","VXFR9VEQ","10.3389/fncom.2017.00015","Song","2017","Evaluation of a Neuromechanical Walking Control Model Using Disturbance Experiments","True","C:\Users\Ben Bolen\Zotero\storage\VXFR9VEQ\Song and Geyer - 2017 - Evaluation of a Neuromechanical Walking Control Mo.pdf"
"groups/735051","WJ4Y4G75","A4J7IS6F","10.3389/fnbot.2019.00086","Torricelli","2019","Editorial: Assessing Bipedal Locomotion: Towards Replicable Benchmarks for Robotic and Robot-Assisted Locomotion","True","C:\Users\Ben Bolen\Zotero\storage\A4J7IS6F\Torricelli et al. - 2019 - Editorial Assessing Bipedal Locomotion Towards R.pdf"
"groups/735051","UC8ILYCL","DVMW4RZZ","10.3389/fncom.2019.00013","Sreenivasa","2019","Editorial: Neuromechanics and Control of Physical Behavior: From Experimental and Computational Formulations to Bio-inspired Technologies","True","C:\Users\Ben Bolen\Zotero\storage\DVMW4RZZ\Sreenivasa et al. - 2019 - Editorial Neuromechanics and Control of Physical .pdf"
"groups/735051","ZT3GPGK6","JIX79MRG","10.1126/scirobotics.adn1125","Ishida","2024","Paleoinspired robotics as an experimental approach to the history of life","True","C:\Users\Ben Bolen\Zotero\storage\JIX79MRG\Ishida et al. - 2024 - Paleoinspired robotics as an experimental approach.pdf"
"groups/735051","DGIE8TF3","ZM2MMLR3","","Unknown","","Neuromuscular Transmission in a Biological Context - Slater - 2024 - Comprehensive Physiology - Wiley Online Library","True","C:\Users\Ben Bolen\Zotero\storage\ZM2MMLR3\Neuromuscular Transmission in a Biological Context.pdf"
"groups/735051","Z77GX4ZD","RFXFK4SP","","Unknown","","Behavioral Motor Performance - Leib - 2024 - Comprehensive Physiology - Wiley Online Library","True","C:\Users\Ben Bolen\Zotero\storage\RFXFK4SP\Behavioral Motor Performance - Leib - 2024 - Compr.pdf"
"groups/735051","GXLYPJ7H","Z8KL3BRH","10.1017/s0263574713001045","Fukuoka","2014","Dynamic bipedal walking of a dinosaur-like robot with an extant vertebrate's nervous system","True","C:\Users\Ben Bolen\Zotero\storage\Z8KL3BRH\Fukuoka and Akama - 2014 - Dynamic bipedal walking of a dinosaur-like robot w.pdf"
"groups/735051","T8JLLLU2","C724MDEY","10.1186/s12984-017-0305-3","Valero-Cuevas","2017","On neuromechanical approaches for the study of biological and robotic grasp and manipulation","True","C:\Users\Ben Bolen\Zotero\storage\C724MDEY\Valero-Cuevas and Santello - 2017 - On neuromechanical approaches for the study of bio.pdf"
"groups/735051","TN6X6P64","L3RRL2HI","10.3390/s22124440","Mikolajczyk","2022","Recent Advances in Bipedal Walking Robots: Review of Gait, Drive, Sensors and Control Systems","True","C:\Users\Ben Bolen\Zotero\storage\L3RRL2HI\Mikolajczyk et al. - 2022 - Recent Advances in Bipedal Walking Robots Review .pdf"
"groups/735051","MK6IER6I","5GHYPG5R","10.1002/app.48786","Ding","2020","Anisotropy of poly(lactic acid)/carbon fiber composites prepared by fused deposition modeling","True","C:\Users\Ben Bolen\Zotero\storage\5GHYPG5R\Ding et al. - 2020 - Anisotropy of poly(lactic acid)carbon fiber compo.pdf"
"groups/735051","5AU3FPPY","56KQMLQE","","Unknown","","Studies of microstructural and mechanical properties of nylon/glass composite Part I The effect of thermal processing on crystallinity, transcrystallinity and crystal phases","True","C:\Users\Ben Bolen\Zotero\storage\56KQMLQE\Studies of microstructural and mechanical properti.pdf"
"groups/735051","GPG6BBL8","JHR5GAQ7","10.1108/13552540810862028","Sun","2008","Effect of processing conditions on the bonding quality of FDM polymer filaments","True","C:\Users\Ben Bolen\Zotero\storage\JHR5GAQ7\Sun et al. - 2008 - Effect of processing conditions on the bonding qua.pdf"
"groups/735051","FHNF7RS7","IHPNQ6TX","10.1186/s12903-025-05664-5","Aktug Karademir","2025","Effects of post-curing conditions on degree of conversion, microhardness, and stainability of 3D printed permanent resins","True","C:\Users\Ben Bolen\Zotero\storage\IHPNQ6TX\Aktug Karademir et al. - 2025 - Effects of post-curing conditions on degree of con.pdf"
"groups/735051","IFIABDK6","DM4ERNJW","10.1007/978-3-319-99519-9_22","Wangler","2019","The Effect of Print Parameters on the (Micro)structure of 3D Printed Cementitious Materials","True","C:\Users\Ben Bolen\Zotero\storage\DM4ERNJW\Van Der Putten et al. - 2019 - The Effect of Print Parameters on the (Micro)struc.pdf"
"groups/735051","D6NKQHYY","S6LPBT2G","10.1088/1757-899x/1248/1/012004","Maguluri","2022","Effect of printing parameters on the hardness of 3D printed poly-lactic acid parts using DOE approach","True","C:\Users\Ben Bolen\Zotero\storage\S6LPBT2G\Maguluri et al. - 2022 - Effect of printing parameters on the hardness of 3.pdf"
"groups/735051","39YMEFVV","MV7FUCVE","","Rajkumar","","Micro Hardness Analysis of 3D-Printed Specimens Using Vickers Apparatus","True","C:\Users\Ben Bolen\Zotero\storage\MV7FUCVE\Rajkumar et al. - Micro Hardness Analysis of 3D-Printed Specimens Us.pdf"
"groups/735051","TNNT3BZY","93MS3FAJ","10.1016/j.jmrt.2023.01.097","Valvez","2023","Effect of annealing treatment on mechanical properties of 3D-Printed composites","True","C:\Users\Ben Bolen\Zotero\storage\93MS3FAJ\Valvez et al. - 2023 - Effect of annealing treatment on mechanical proper.pdf"
"groups/735051","ZINHUU7M","KQ37WEU3","10.1016/j.prostr.2022.02.004","Valvez","2022","Annealing effect on mechanical properties of 3D printed composites","True","C:\Users\Ben Bolen\Zotero\storage\KQ37WEU3\Valvez et al. - 2022 - Annealing effect on mechanical properties of 3D pr.pdf"
"groups/735051","XQVJS7N5","7LDTR2MT","10.3390/polym15143110","Seok","2023","Effects of Annealing for Strength Enhancement of FDM 3D-Printed ABS Reinforced with Recycled Carbon Fiber","True","C:\Users\Ben Bolen\Zotero\storage\7LDTR2MT\Seok et al. - 2023 - Effects of Annealing for Strength Enhancement of F.pdf"
"groups/735051","PT9F32KI","I8ZHDCEC","","Sauer","","Evaluation of the Mechanical Properties of 3D Printed Carbon Fiber Composites","True","C:\Users\Ben Bolen\Zotero\storage\I8ZHDCEC\Sauer - Evaluation of the Mechanical Properties of 3D Prin.pdf"
"groups/735051","YIYX5QSQ","JKNMIGKQ","","Sanjay","2016","Studies on Mechanical Properties of Banana/E-Glass Fabrics Reinforced Polyester Hybrid Composites","True","C:\Users\Ben Bolen\Zotero\storage\JKNMIGKQ\Sanjay et al. - 2016 - Studies on Mechanical Properties of BananaE-Glass.pdf"
"groups/735051","X6AYLUAA","UC8UCTYR","","Hoffer","","Cat Hindlimb Motoneurons During Locomotion. 11. Normal Activity Patterns","True","C:\Users\Ben Bolen\Zotero\storage\UC8UCTYR\Hoffer et al. - Cat Hindlimb Motoneurons During Locomotion. 11. Normal Activity Patterns.pdf"
"groups/735051","IG5DZ4DK","9HCW3YAF","10.3390/act6040033","Martens","2017","Modeling the Static Force of a Festo Pneumatic Muscle Actuator: A New Approach and a Comparison to Existing Models","True","C:\Users\Ben Bolen\Zotero\storage\9HCW3YAF\Martens and Boblan - 2017 - Modeling the Static Force of a Festo Pneumatic Mus.pdf"
"groups/735051","KDFT7WIN","LEQENSWY","10.1109/robosoft54090.2022.9762146","Tondu","2022","Static Modeling of Pneumatic Artificial Muscle Actuator","True","C:\Users\Ben Bolen\Zotero\storage\LEQENSWY\Tondu - 2022 - Static Modeling of Pneumatic Artificial Muscle Act.pdf"
"groups/735051","7LA6HP5W","CWSI8QYC","10.1021/j100619a008","Moynihan","1974","Dependence of the glass transition temperature on heating and cooling rate","True","C:\Users\Ben Bolen\Zotero\storage\CWSI8QYC\Moynihan et al. - 1974 - Dependence of the glass transition temperature on .pdf"
"groups/735051","ELHNYWYH","72HA6VAP","10.33425/2771-666x.1003","Pipalla","2021","Experimental Analysis on 3d Printed Onyx Specimens with Honeycomb Infill Structure","True","C:\Users\Ben Bolen\Zotero\storage\72HA6VAP\Pipalla et al. - 2021 - Experimental Analysis on 3d Printed Onyx Specimens.pdf"
"groups/735051","X8X5F6UQ","9IH2D95P","10.3390/math11133022","Moradi","2023","Mathematical Modelling of Fused Deposition Modeling (FDM) 3D Printing of Poly Vinyl Alcohol Parts through Statistical Design of Experiments Approach","True","C:\Users\Ben Bolen\Zotero\storage\9IH2D95P\Optimizationoffuseddepositionmodelingprocessparameters3Aareviewofcurrentresearchandfutureprospects.pdf"
"groups/735051","X8X5F6UQ","Z4ZZXYZB","10.3390/math11133022","Moradi","2023","Mathematical Modelling of Fused Deposition Modeling (FDM) 3D Printing of Poly Vinyl Alcohol Parts through Statistical Design of Experiments Approach","True","C:\Users\Ben Bolen\Zotero\storage\Z4ZZXYZB\Moradi et al. - 2023 - Mathematical Modelling of Fused Deposition Modelin.pdf"
"groups/735051","XQYGLSB2","UNFSUQZE","10.3390/designs4030039","Hu","2020","Permittivity of 3D-Printed Nylon Substrates with Different Infill Patterns and Densities for Design of Microwave Components","True","C:\Users\Ben Bolen\Zotero\storage\UNFSUQZE\Hu et al. - 2020 - Permittivity of 3D-Printed Nylon Substrates with D.pdf"
"groups/735051","3WGNLWB7","UTMJYKR9","10.1016/j.addma.2022.103372","Zhang","2023","Line width prediction and mechanical properties of 3D printed continuous fiber reinforced polypropylene composites","True","C:\Users\Ben Bolen\Zotero\storage\UTMJYKR9\Zhang et al. - 2023 - Line width prediction and mechanical properties of.pdf"
"groups/735051","H2F9B4FF","V3IAH45D","10.7554/elife.59715","Mackwood","2021","Learning excitatory-inhibitory neuronal assemblies in recurrent networks","True","C:\Users\Ben Bolen\Zotero\storage\V3IAH45D\Mackwood et al. - 2021 - Learning excitatory-inhibitory neuronal assemblies.pdf"
"groups/735051","372ACYB3","ECU3AVZM","10.1523/jneurosci.4188-12.2013","King","2013","Inhibitory Interneurons Decorrelate Excitatory Cells to Drive Sparse Code Formation in a Spiking Model of V1","True","C:\Users\Ben Bolen\Zotero\storage\ECU3AVZM\King et al. - 2013 - Inhibitory Interneurons Decorrelate Excitatory Cel.pdf"
"groups/735051","T2NE3ZDU","NMD82Q3M","10.1073/pnas.2509313122","Landis","2025","Lynn Landmesser (1943–2024): A pioneer in developmental neurobiology","True","C:\Users\Ben Bolen\Zotero\storage\NMD82Q3M\Landis and Sanes - 2025 - Lynn Landmesser (1943–2024) A pioneer in developm.pdf"
"groups/735051","8YRZHXYB","DINYMKIG","10.1073/pnas.2509313122","Landis","2025","Lynn Landmesser (1943–2024): A pioneer in developmental neurobiology","True","C:\Users\Ben Bolen\Zotero\storage\DINYMKIG\Landis and Sanes - 2025 - Lynn Landmesser (1943–2024) A pioneer in developmental neurobiology.pdf"
"groups/735051","Q9IT8SQI","B396VMZZ","10.3390/polym14102022","Racz","2022","Numerical Investigation of the Infill Rate upon Mechanical Proprieties of 3D-Printed Materials","True","C:\Users\Ben Bolen\Zotero\storage\B396VMZZ\Racz and Dudescu - 2022 - Numerical Investigation of the Infill Rate upon Me.pdf"
"groups/735051","JFHESDB8","U58U827Y","10.69644/ivk-2024-01-0099","Samardžić","2024","Annealing effect on impact properties of reinforced polymer PA6-GF made by FDM technology","True","C:\Users\Ben Bolen\Zotero\storage\U58U827Y\Samardžić et al. - 2024 - Annealing effect on impact properties of reinforce.pdf"
"groups/735051","P7YSD4WQ","FEMYASDG","10.3390/polym15143110","Seok","2023","Effects of Annealing for Strength Enhancement of FDM 3D-Printed ABS Reinforced with Recycled Carbon Fiber","True","C:\Users\Ben Bolen\Zotero\storage\FEMYASDG\Seok et al. - 2023 - Effects of Annealing for Strength Enhancement of F.pdf"
"groups/735051","L93SYA87","JB79LV3X","10.1080/17452759.2022.2095288","Patel","2022","Characterization of the effect of in-process annealing using a novel print head assembly on the ultimate tensile strength & toughness of Fused Filament Fabrication (FFF) parts","True","C:\Users\Ben Bolen\Zotero\storage\JB79LV3X\Patel et al. - 2022 - Characterization of the effect of in-process annea.pdf"
"groups/735051","NSRS7PH6","B9VL66BQ","10.1016/j.jmrt.2023.01.097","Valvez","2023","Effect of annealing treatment on mechanical properties of 3D-Printed composites","True","C:\Users\Ben Bolen\Zotero\storage\B9VL66BQ\Valvez et al. - 2023 - Effect of annealing treatment on mechanical proper.pdf"
"groups/735051","8FJHZVLL","HUI6K89F","10.3390/jmmp9040108","Shafique","2025","Optimizing Process Parameters to Enhance Mechanical Properties of 3D-Printed Fiberglass-Reinforced ONYX Polymer","True","C:\Users\Ben Bolen\Zotero\storage\HUI6K89F\Shafique et al. - 2025 - Optimizing Process Parameters to Enhance Mechanica.pdf"
"groups/735051","DA52UBUE","SELIMRP5","10.1016/j.addma.2022.102599","Kumar Jain","2022","Role of annealing and isostatic compaction on mechanical properties of 3D printed short glass fiber nylon composites","True","C:\Users\Ben Bolen\Zotero\storage\SELIMRP5\Kumar Jain et al. - 2022 - Role of annealing and isostatic compaction on mech.pdf"
"groups/735051","APPU86FS","KGMQFGWK","10.1016/j.medengphy.2019.07.010","Aksöz","2019","Design of an isokinetic knee dynamometer for evaluation of functional electrical stimulation strategies","True","C:\Users\Ben Bolen\Zotero\storage\KGMQFGWK\Aksöz et al. - 2019 - Design of an isokinetic knee dynamometer for evalu.pdf"
"groups/735051","CWKXN6Q2","IUZFUA8Z","10.1109/tbme.2007.901024","Delp","2007","OpenSim: Open-Source Software to Create and Analyze Dynamic Simulations of Movement","True","C:\Users\Ben Bolen\Zotero\storage\IUZFUA8Z\Delp et al. - 2007 - OpenSim Open-Source Software to Create and Analyz.pdf"
"groups/735051","IZ4949GX","LTLXJYGA","10.3390/polym15143110","Seok","2023","Effects of Annealing for Strength Enhancement of FDM 3D-Printed ABS Reinforced with Recycled Carbon Fiber","True","C:\Users\Ben Bolen\Zotero\storage\LTLXJYGA\Seok et al. - 2023 - Effects of Annealing for Strength Enhancement of F.pdf"
"groups/735051","U6NM6QLG","SJNLVX4Z","10.1109/tmech.2015.2493782","Felt","2016","Contraction Sensing with Smart Braid McKibben Muscles","True","C:\Users\Ben Bolen\Zotero\storage\SJNLVX4Z\Felt et al. - 2016 - Contraction Sensing with Smart Braid McKibben Musc.pdf"
"groups/735051","FSRJIPCN","J8K862TH","","Bolen","2024","Using AI Tools to Enhance the Sensory Afferent Database: A Comparative Study","True","C:\Users\Ben Bolen\Zotero\storage\J8K862TH\SfN24_Bolen.pdf"
"groups/735051","D86458W6","ATKZCLJN","","Bolen","2024","Balance Platform and Inverted Pendulum for Robotic Vestibular and Proprioceptive Control","True","C:\Users\Ben Bolen\Zotero\storage\ATKZCLJN\Bolen_NWBS2024.pdf"
"groups/735051","D86458W6","777ALFMM","","Bolen","2024","Balance Platform and Inverted Pendulum for Robotic Vestibular and Proprioceptive Control","True","C:\Users\Ben Bolen\Zotero\storage\777ALFMM\Bolen et al. - 2024 - Balance Platform and Inverted Pendulum for Robotic.pdf"
"groups/735051","7HJMQEHT","DWQPYEBA","0021-9290(95)00017-8","Wu","1995","FOR STANDARDIZATION IN THE REPORTING OF KINEMATIC DATA","True","C:\Users\Ben Bolen\Zotero\storage\DWQPYEBA\Wu and Cavanagh - FOR STANDARDIZATION IN THE REPORTING OF KINEMATIC .pdf"
"groups/735051","DHTQD26P","YPWKE3L6","10.1016/j.jbiomech.2019.109533","Derrick","2020","ISB recommendations on the reporting of intersegmental forces and moments during human motion analysis","True","C:\Users\Ben Bolen\Zotero\storage\YPWKE3L6\Derrick et al. - 2020 - ISB recommendations on the reporting of intersegme.pdf"
"groups/735051","U7DFICWY","HSDST2NR","10.1016/j.jbiomech.2004.05.042","Wu","2005","ISB recommendation on definitions of joint coordinate systems of various joints for the reporting of human joint motion—Part II: shoulder, elbow, wrist and hand","True","C:\Users\Ben Bolen\Zotero\storage\HSDST2NR\Wu et al. - 2005 - ISB recommendation on definitions of joint coordin.pdf"
"groups/735051","CMYRIFVM","WUJYVJ7S","10.1016/s0021-9290(01)00222-6","Wu","2002","ISB recommendation on definitions of joint coordinate system of various joints for the reporting of human joint motion—part I: ankle, hip, and spine","True","C:\Users\Ben Bolen\Zotero\storage\WUJYVJ7S\Wu et al. - 2002 - ISB recommendation on definitions of joint coordin.pdf"
"groups/735051","KXARE9B4","T2E5ZD9L","10.1080/15397734.2024.2323151","Daniel R","2024","Vibration analysis of bio-inspired sandwich composite beam under rotating environment based on the Internet of Things technology","True","C:\Users\Ben Bolen\Zotero\storage\T2E5ZD9L\Daniel R and Sudhagar - 2024 - Vibration analysis of bio-inspired sandwich compos.pdf"
"groups/735051","AF7IIUK7","JVE53FHW","10.1016/j.heliyon.2024.e29920","Turaka","2024","Impact of infill density on morphology and mechanical properties of 3D printed ABS/CF-ABS composites using design of experiments","True","C:\Users\Ben Bolen\Zotero\storage\JVE53FHW\Turaka et al. - 2024 - Impact of infill density on morphology and mechani.pdf"
"groups/735051","QWZXLTBD","JHJBJDJE","","Rajkumar","","EFFECT OF INFILL PATTERN AND BUILD ORIENTATION ON MECHANICAL PROPERTIES OF FDM PRINTED PARTS: AN EXPERIMENTAL MODAL ANALYSIS APPROACH","True","C:\Users\Ben Bolen\Zotero\storage\JHJBJDJE\Rajkumar - EFFECT OF INFILL PATTERN AND BUILD ORIENTATION ON .pdf"
"groups/735051","UA4AUD64","WHXBXUM8","10.3390/polym12122792","Lalegani Dezaki","2020","The Effects of Combined Infill Patterns on Mechanical Properties in FDM Process","True","C:\Users\Ben Bolen\Zotero\storage\WHXBXUM8\Lalegani Dezaki and Mohd Ariffin - 2020 - The Effects of Combined Infill Patterns on Mechani.pdf"
"groups/735051","VXTUV5AF","KD9362E4","","Saniman","2020","Flexural Properties Evaluation of Additively Manufactured Components with Various Infill Patterns","True","C:\Users\Ben Bolen\Zotero\storage\KD9362E4\Saniman et al. - 2020 - Flexural Properties Evaluation of Additively Manuf.pdf"
"groups/735051","AMJD8U5L","F9S3UTZU","10.1007/s40964-023-00487-8","Birosz","2024","Effect of infill pattern scaling on mechanical properties of FDM-printed PLA specimens","True","C:\Users\Ben Bolen\Zotero\storage\F9S3UTZU\Birosz and Andó - 2024 - Effect of infill pattern scaling on mechanical pro.pdf"
"groups/735051","KVIJSVGM","JYXU4XJ2","10.1016/j.polymertesting.2024.108459","Tóth","2024","Prediction and analysis of flexural stiffness for 3D-printed continuous fiber–reinforced composites with different matrix fill ratios and layer orders","True","C:\Users\Ben Bolen\Zotero\storage\JYXU4XJ2\Tóth et al. - 2024 - Prediction and analysis of flexural stiffness for .pdf"
"groups/735051","RVRZ97HM","E2LQET48","10.1186/s44147-023-00273-x","Karad","2023","Experimental study of effect of infill density on tensile and flexural strength of 3D printed parts","True","C:\Users\Ben Bolen\Zotero\storage\E2LQET48\Karad et al. - 2023 - Experimental study of effect of infill density on .pdf"
"groups/735051","VD37HLLF","3Y62UH4F","10.1007/s40964-020-00146-2","Gebrehiwot","2021","The influence of stiffener geometry on flexural properties of 3D printed polylactic acid (PLA) beams","True","C:\Users\Ben Bolen\Zotero\storage\3Y62UH4F\Gebrehiwot et al. - 2021 - The influence of stiffener geometry on flexural pr.pdf"
"groups/735051","B29WHTP4","GQXKX2DP","10.3390/polym13101587","Syrlybayev","2021","Optimisation of Strength Properties of FDM Printed Parts—A Critical Review","True","C:\Users\Ben Bolen\Zotero\storage\GQXKX2DP\Syrlybayev et al. - 2021 - Optimisation of Strength Properties of FDM Printed.pdf"
"groups/735051","FS6QQANQ","GGWBLUVY","10.3390/polym16212991","Yalçın","2024","Flexural Behavior of 3D-Printed Carbon Fiber-Reinforced Nylon Lattice Beams","True","C:\Users\Ben Bolen\Zotero\storage\GGWBLUVY\Yalçın - 2024 - Flexural Behavior of 3D-Printed Carbon Fiber-Reinf.pdf"
"groups/735051","BPYXFSI3","HUH7AKAP","10.1016/j.compscitech.2021.109182","Krzikalla","2022","On flexural properties of additive manufactured composites: Experimental, and numerical study","True","C:\Users\Ben Bolen\Zotero\storage\HUH7AKAP\Krzikalla et al. - 2022 - On flexural properties of additive manufactured co.pdf"
"groups/735051","ZKGRKW57","56T7RX74","10.1051/matecconf/202134308014","Racz","2021","Mechanical behavior of beams with variable stiffness obtained by 3D printing","True","C:\Users\Ben Bolen\Zotero\storage\56T7RX74\Racz and Dudescu - 2021 - Mechanical behavior of beams with variable stiffne.pdf"
"groups/735051","DWV25RVC","P5V9MYPT","","Triono","","Flexural Strength Optimization as Effect of Infill Pattern Variation in FDM 3D Printing of Multi-layers ABS-PLA","True","C:\Users\Ben Bolen\Zotero\storage\P5V9MYPT\Triono - Flexural Strength Optimization as Effect of Infill.pdf"
"groups/735051","HWZ4MTUN","PNQU9IVM","10.1007/978-3-319-22979-9_21","Hunt","2015","Using Animal Data and Neural Dynamics to Reverse Engineer a Neuromechanical Rat Model","False","C:\Users\Ben Bolen\Zotero\storage\PNQU9IVM\Hunt et al. - 2015 - Using Animal Data and Neural Dynamics to Reverse E.pdf"
"groups/735051","MPPC7UKD","3HB9XSNF","10.1038/srep23058","Matsuzaki","2016","Three-dimensional printing of continuous-fiber composites by in-nozzle impregnation","True","C:\Users\Ben Bolen\Zotero\storage\3HB9XSNF\Matsuzaki et al. - 2016 - Three-dimensional printing of continuous-fiber com.pdf"
"groups/735051","FTXIYKZQ","QKQXCA34","10.1007/s00170-015-7576-2","Bikas","2016","Additive manufacturing methods and modelling approaches: a critical review","True","C:\Users\Ben Bolen\Zotero\storage\QKQXCA34\Bikas et al. - 2016 - Additive manufacturing methods and modelling appro.pdf"
"groups/735051","955GGN4Y","ZA2B2H9V","10.1179/1743280411y.0000000014","Gu","2012","Laser additive manufacturing of metallic components: materials, processes and mechanisms","True","C:\Users\Ben Bolen\Zotero\storage\ZA2B2H9V\Gu et al. - 2012 - Laser additive manufacturing of metallic component.pdf"
"groups/735051","MJNV8BKM","TAK69PH6","10.5437/08956308x5606193","Petrick","2013","3D Printing Disrupts Manufacturing: How Economies of One Create New Rules of Competition","True","C:\Users\Ben Bolen\Zotero\storage\TAK69PH6\Petrick and and Simpson - 2013 - 3D Printing Disrupts Manufacturing How Economies .pdf"
"groups/735051","5UW929HD","DQIVSBPH","10.1115/1.4036640","Bai","2017","Effect of Particle Size Distribution on Powder Packing and Sintering in Binder Jetting Additive Manufacturing of Metals","True","C:\Users\Ben Bolen\Zotero\storage\DQIVSBPH\Bai et al. - 2017 - Effect of Particle Size Distribution on Powder Pac.pdf"
"groups/735051","7WGWALXK","VLP27WSR","10.1007/978-1-4939-2113-3","Gibson","2015","Additive Manufacturing Technologies: 3D Printing, Rapid Prototyping, and Direct Digital Manufacturing","True","C:\Users\Ben Bolen\Zotero\storage\VLP27WSR\Gibson et al. - 2015 - Additive Manufacturing Technologies 3D Printing, .pdf"
"groups/735051","UHQLPGXJ","H8AKBY7G","10.1177/1729881419885288","Habu","2019","Three-dimensional walking of a simulated muscle-driven quadruped robot with neuromorphic two-level central pattern generators","True","C:\Users\Ben Bolen\Zotero\storage\H8AKBY7G\Habu et al. - 2019 - Three-dimensional walking of a simulated muscle-dr.pdf"
"groups/735051","UHQLPGXJ","I3W79MMT","10.1177/1729881419885288","Habu","2019","Three-dimensional walking of a simulated muscle-driven quadruped robot with neuromorphic two-level central pattern generators","True","C:\Users\Ben Bolen\Zotero\storage\I3W79MMT\supplementary_tables.pdf"
"groups/735051","UT27R2EU","SFJX6GHG","10.1111/j.1749-6632.2010.05435.x","Markin","2010","Afferent control of locomotor CPG: insights from a simple neuromechanical model","True","C:\Users\Ben Bolen\Zotero\storage\SFJX6GHG\Markin et al. - 2010 - Afferent control of locomotor CPG insights from a.pdf"
"groups/735051","352UDMZ7","ZKXFS958","10.1113/jphysiol.2006.118703","Rybak","2006","Modelling spinal circuitry involved in locomotor pattern generation: insights from deletions during fictive locomotion","True","C:\Users\Ben Bolen\Zotero\storage\ZKXFS958\Rybak et al. - 2006 - Modelling spinal circuitry involved in locomotor p.pdf"
"groups/735051","IWQ8T2SL","AL2G3Z7F","10.7554/elife.55177","Blum","2020","Diverse and complex muscle spindle afferent firing properties emerge from multiscale muscle mechanics","True","C:\Users\Ben Bolen\Zotero\storage\AL2G3Z7F\Blum et al. - 2020 - Diverse and complex muscle spindle afferent firing.pdf"
"groups/735051","D8738KC6","9KAKK2ZK","10.1371/journal.pcbi.1009608","Schroeder","2021","Elastic energy savings and active energy cost in a simple model of running","True","C:\Users\Ben Bolen\Zotero\storage\9KAKK2ZK\Schroeder and Kuo - 2021 - Elastic energy savings and active energy cost in a.pdf"
"groups/735051","TW6YYI6I","MSYZ9NPK","10.1016/j.dt.2018.02.001","Altin Karataş","2018","A review on machinability of carbon fiber reinforced polymer (CFRP) and glass fiber reinforced polymer (GFRP) composite materials","True","C:\Users\Ben Bolen\Zotero\storage\MSYZ9NPK\A review on machinability of carbon fiber reinforced polymer (CFRP).pdf"
"groups/735051","FNZWRT8W","TAZUXF69","10.1088/1748-3190/10/6/065005","Szczecinski","2015","Neuromechanical model of praying mantis explores the role of descending commands in pre-strike pivots.","True","C:\Users\Ben Bolen\Zotero\storage\TAZUXF69\szczecinski2015.pdf"
"groups/735051","SX6WSKDU","EE36XRHB","10.1007/s00422-013-0573-3","Szczecinski","2013","A neuromechanical simulation of insect walking and transition to turning of the cockroach Blaberus discoidalis","True","C:\Users\Ben Bolen\Zotero\storage\EE36XRHB\Szczecinski et al. - 2013 - A Neuromechanical Simulation of Insect Walking and Transition to Turning of the Cockroach Blaberus discoidal.pdf"
"groups/735051","89GWZLI7","4R7TP4K3","","Deng","2019","Neuromechanical Model of Rat Hind Limb Walking with Two-Layer CPGs","True","C:\Users\Ben Bolen\Zotero\storage\4R7TP4K3\Deng et al. - 2019 - Neuromechanical Model of Rat Hind Limb Walking wit.pdf"
"groups/735051","IDWZX38H","N3MKG97M","10.3390/biomimetics7040226","Deng","2022","Biomechanical and Sensory Feedback Regularize the Behavior of Different Locomotor Central Pattern Generators","True","C:\Users\Ben Bolen\Zotero\storage\N3MKG97M\Kaiyu Deng et al. - 2022 - Biomechanical and Sensory Feedback Regularize the .pdf"
"groups/735051","JDNLJ2N5","NCYKHTQB","10.1152/jn.1994.71.3.1096","Bonasera","1994","Mechanical actions of heterogenic reflexes linking long toe flexors with ankle and knee extensors of the cat hindlimb","True","C:\Users\Ben Bolen\Zotero\storage\NCYKHTQB\2024 - (PDF) Mechanical actions of heterogenic reflexes l.pdf"
"groups/735051","6RHLT22E","FCKPJHRU","10.1016/0301-0082(92)90024-9","Jankowska","1992","Interneuronal relay in spinal pathways from proprioceptors","True","C:\Users\Ben Bolen\Zotero\storage\FCKPJHRU\Jankowska, E. Interneuronal relay in pathway.pdf"
"groups/735051","IBJGX3D7","Y767GQV6","10.1016/0301-0082(92)90024-9","Jankowska","1992","Interneuronal relay in spinal pathways from proprioceptors","True","C:\Users\Ben Bolen\Zotero\storage\Y767GQV6\E. Jankowska and Jankowska - 1992 - Interneuronal relay in spinal pathways from propri.pdf"
"groups/735051","PH2U5LX8","7YFXZ5RR","10.3389/fncom.2013.00164","Schwalger","2013","Patterns of interval correlations in neural oscillators with adaptation","True","C:\Users\Ben Bolen\Zotero\storage\7YFXZ5RR\Schwalger and Lindner - 2013 - Patterns of interval correlations in neural oscill.pdf"
"groups/735051","NCGWGGXF","R9Z9E65T","10.1152/physrev.00014.2003","Lynch","2004","Long-term potentiation and memory","True","C:\Users\Ben Bolen\Zotero\storage\R9Z9E65T\Lynch - 2004 - Long-Term Potentiation and Memory.pdf"
"groups/735051","BZ3CB77R","R3DL498F","10.1016/j.clinph.2009.12.041","ElBasiouny","2010","Persistent inward currents in spinal motoneurons: important for normal function but potentially harmful after spinal cord injury and in amyotrophic lateral sclerosis","True","C:\Users\Ben Bolen\Zotero\storage\R3DL498F\ElBasiouny et al. - 2010 - Persistent inward currents in spinal motoneurons .pdf"
"groups/735051","6S9UQ4Z3","RWENSYRL","10.3389/fnins.2013.00002","Serrano-Gotarredona","2013","STDP and STDP variations with memristors for spiking neuromorphic learning systems","True","C:\Users\Ben Bolen\Zotero\storage\RWENSYRL\Serrano-Gotarredona et al. - 2013 - STDP and STDP variations with memristors for spiki.pdf"
"groups/735051","RXX4L3NG","7T9PF32I","","Hebb","1949","The organization of behavior; a neuropsychological theory","True","C:\Users\Ben Bolen\Zotero\storage\7T9PF32I\Hebb - 1949 - The organization of behavior; a neuropsychological.pdf"
"groups/735051","QE3ETZCL","BZJQJ6L9","10.1113/jphysiol.1979.sp012645","Prochazka","1979","Muscle spindle discharge in normal and obstructed movements.","True","C:\Users\Ben Bolen\Zotero\storage\BZJQJ6L9\1979 prochazka spindles in norm & obstr.pdf"
"groups/735051","IW43CN7E","FTU2NN7G","10.1113/jphysiol.1964.sp007477","Crowe","1964","Further studies of static and dynamic fusimotor fibres","True","C:\Users\Ben Bolen\Zotero\storage\FTU2NN7G\Crowe and Matthews - 1964 - Further studies of static and dynamic fusimotor fi.pdf"
"groups/735051","6GDJ43VK","2LHQCZCW","10.1103/physreve.72.021911","Lindner","2005","Integrate-and-fire neurons with threshold noise: A tractable model of how interspike interval correlations affect neuronal signal transmission","True","C:\Users\Ben Bolen\Zotero\storage\2LHQCZCW\Lindner et al. - 2005 - Integrate-and-fire neurons with threshold noise A.pdf"
"groups/735051","6LKA6H8S","LYHRJI2L","10.1103/physreve.72.021911","Lindner","2005","Integrate-and-fire neurons with threshold noise: A tractable model of how interspike interval correlations affect neuronal signal transmission","True","C:\Users\Ben Bolen\Zotero\storage\LYHRJI2L\Lindner et al. - 2005 - Integrate-and-fire neurons with threshold noise A.pdf"
"groups/735051","N4BLBPRP","JZ52U5ID","10.1103/physreve.72.021911","Lindner","2005","Integrate-and-fire neurons with threshold noise: A tractable model of how interspike interval correlations affect neuronal signal transmission","True","C:\Users\Ben Bolen\Zotero\storage\JZ52U5ID\Lindner et al. - 2005 - Integrate-and-fire neurons with threshold noise A.pdf"
"groups/735051","DHL5H96G","CSCDTC2T","10.1016/j.compositesb.2017.05.013","Ferreira","2017","Experimental characterization and micrography of 3D printed PLA and PLA reinforced with short carbon fibers","True","C:\Users\Ben Bolen\Zotero\storage\CSCDTC2T\Ferreira et al. - 2017 - Experimental characterization and micrography of 3.pdf"
"groups/735051","LBRSID9Y","A9IC46VI","10.1016/j.neuron.2012.08.001","Feldman","2012","The spike timing dependence of plasticity","True","C:\Users\Ben Bolen\Zotero\storage\A9IC46VI\Feldman - 2012 - The spike timing dependence of plasticity.pdf"
"groups/735051","374MUWNL","7WRZ3IVL","10.1152/jn.1983.49.4.989","Hasan","1983","A model of spindle afferent response to muscle stretch","True","C:\Users\Ben Bolen\Zotero\storage\7WRZ3IVL\Hasan - 1983 - A model of spindle afferent response to muscle str.pdf"
"groups/735051","NAFCFZ6S","F4X2BIGI","10.1111/j.1469-7793.1998.621bb.x","Kakuda","1998","Dynamic response of human muscle spindle afferents to stretch during voluntary contraction","True","C:\Users\Ben Bolen\Zotero\storage\F4X2BIGI\Kakuda and Nagaoka - 1998 - Dynamic response of human muscle spindle afferents.pdf"
"groups/735051","6LNZC8S4","ERMXPZXW","10.1152/jn.1990.63.6.1297","Edin","1990","Dynamic response of human muscle spindle afferents to stretch","True","C:\Users\Ben Bolen\Zotero\storage\ERMXPZXW\Edin and Vallbo - 1990 - Dynamic response of human muscle spindle afferents.pdf"
"groups/735051","FI96FUU5","WMCPTP6B","","Gardiner","2009","Stochastic methods: a handbook for the natural and social sciences","True","C:\Users\Ben Bolen\Zotero\storage\WMCPTP6B\Gardiner - 2002 - Handbook of stochastic methods for physics, chemi.pdf"
"groups/735051","RCVHWSY3","QXMFWJTK","10.1103/physreve.91.052701","Braun","2015","First-passage times in integrate-and-fire neurons with stochastic thresholds","True","C:\Users\Ben Bolen\Zotero\storage\QXMFWJTK\Braun et al. - 2015 - First-passage times in integrate-and-fire neurons .pdf"
"groups/735051","A5HE7L7N","JI7MS6W4","10.1103/physreve.71.011907","Ditlevsen","2005","Estimation of the input parameters in the Ornstein-Uhlenbeck neuronal model","True","C:\Users\Ben Bolen\Zotero\storage\JI7MS6W4\Ditlevsen and Lansky - 2005 - Estimation of the input parameters in the Ornstein.pdf"
"groups/735051","EY9IP9CA","8R2CEBQ5","10.1152/jn.00265.2009","Dai","2009","Electrophysiological and Pharmacological Properties of Locomotor Activity-Related Neurons in cfos-EGFP Mice","True","C:\Users\Ben Bolen\Zotero\storage\8R2CEBQ5\Dai et al. - 2009 - Electrophysiological and Pharmacological Propertie.pdf"
"groups/735051","VGDIQLS5","XBNZUESX","10.3389/fncel.2014.00293","Stifani","2014","Motor neurons and the generation of spinal motor neurons diversity","True","C:\Users\Ben Bolen\Zotero\storage\XBNZUESX\Stifani - 2014 - Motor neurons and the generation of spinal motor n.pdf"
"groups/735051","5PAM2GM7","Q55KDVYH","10.1002/pat.70037","Battistelli","2024","Optimizing <span style=""font-variant:small-caps;"">3D</span> ‐Printing Parameters for Enhanced Mechanical Properties in Liquid Crystalline Polymer Components","True","C:\Users\Ben Bolen\Zotero\storage\Q55KDVYH\Battistelli et al. - 2024 - Optimizing .pdf"
"groups/735051","QZNW5DF5","7BDNIIUL","10.1002/app.49926","Shi","2021","Study on performance characteristics of fused deposition modeling <span style=""font-variant:small-caps;"">3D</span> ‐printed composites by blending and lamination","True","C:\Users\Ben Bolen\Zotero\storage\7BDNIIUL\Shi et al. - 2021 - Study on performance characteristics of fused depo.pdf"
"groups/735051","5SD4D6FX","3B9J3PMS","10.1088/1748-3190/10/4/041001","Buschmann","2015","Controlling legs for locomotion—insights from robotics and neurobiology","False","C:\Users\Ben Bolen\Zotero\storage\3B9J3PMS\Buschmann et al. - 2015 - Controlling legs for locomotion—insights from robo.pdf"
"groups/735051","FDINKB9Z","TCBBDCGR","10.1016/j.jneumeth.2010.01.005","Cofer","2010","AnimatLab: a 3D graphics environment for neuromechanical simulations","True","C:\Users\Ben Bolen\Zotero\storage\TCBBDCGR\Cofer et al. - 2010 - AnimatLab a 3D graphics environment for neuromechanical simulations.pdf"
"groups/735051","FDINKB9Z","XDIV6GIB","10.1016/j.jneumeth.2010.01.005","Cofer","2010","AnimatLab: a 3D graphics environment for neuromechanical simulations","True","C:\Users\Ben Bolen\Zotero\storage\XDIV6GIB\Cofer et al. - 2010 - AnimatLab a 3D graphics environment for neuromechanical simulations.pdf"
"groups/735051","FDINKB9Z","BCTWRRDT","10.1016/j.jneumeth.2010.01.005","Cofer","2010","AnimatLab: a 3D graphics environment for neuromechanical simulations","True","C:\Users\Ben Bolen\Zotero\storage\BCTWRRDT\Cofer et al. - 2010 - AnimatLab A 3D graphics environment for neuromech.pdf"
"groups/735051","FDINKB9Z","8CR3M52S","10.1016/j.jneumeth.2010.01.005","Cofer","2010","AnimatLab: a 3D graphics environment for neuromechanical simulations","True","C:\Users\Ben Bolen\Zotero\storage\8CR3M52S\Cofer et al. - 2010 - AnimatLab A 3D graphics environment for neuromech.pdf"
"groups/735051","FDINKB9Z","23P2XAMP","10.1016/j.jneumeth.2010.01.005","Cofer","2010","AnimatLab: a 3D graphics environment for neuromechanical simulations","True","C:\Users\Ben Bolen\Zotero\storage\23P2XAMP\Cofer et al. - 2010 - AnimatLab a 3D graphics environment for neuromech.pdf"
"groups/735051","FDINKB9Z","NICN9HMW","10.1016/j.jneumeth.2010.01.005","Cofer","2010","AnimatLab: a 3D graphics environment for neuromechanical simulations","True","C:\Users\Ben Bolen\Zotero\storage\NICN9HMW\Cofer et al. - 2010 - AnimatLab a 3D graphics environment for neuromechanical simulations.pdf"
"groups/735051","FDINKB9Z","BZR6CQLC","10.1016/j.jneumeth.2010.01.005","Cofer","2010","AnimatLab: a 3D graphics environment for neuromechanical simulations","True","C:\Users\Ben Bolen\Zotero\storage\BZR6CQLC\Cofer et al. - 2010 - AnimatLab a 3D graphics environment for neuromechanical simulations.pdf"
"groups/735051","FDINKB9Z","I7I7DK58","10.1016/j.jneumeth.2010.01.005","Cofer","2010","AnimatLab: a 3D graphics environment for neuromechanical simulations","True","C:\Users\Ben Bolen\Zotero\storage\I7I7DK58\Cofer et al. - 2010 - AnimatLab a 3D graphics environment for neuromechanical simulations.pdf"
"groups/735051","FDINKB9Z","JTGA26T6","10.1016/j.jneumeth.2010.01.005","Cofer","2010","AnimatLab: a 3D graphics environment for neuromechanical simulations","True","C:\Users\Ben Bolen\Zotero\storage\JTGA26T6\Cofer et al. - 2010 - AnimatLab a 3D graphics environment for neuromechanical simulations.pdf"
"groups/735051","CHLCUX3K","UB3RBSXE","10.3390/biomimetics8020247","Nourse","2023","SNS-Toolbox: An Open Source Tool for Designing Synthetic Nervous Systems and Interfacing Them with Cyber–Physical Systems","True","C:\Users\Ben Bolen\Zotero\storage\UB3RBSXE\Nourse et al. - 2023 - SNS-Toolbox An Open Source Tool for Designing Syn.pdf"
"groups/735051","CHLCUX3K","IVN6LHCJ","10.3390/biomimetics8020247","Nourse","2023","SNS-Toolbox: An Open Source Tool for Designing Synthetic Nervous Systems and Interfacing Them with Cyber–Physical Systems","True","C:\Users\Ben Bolen\Zotero\storage\IVN6LHCJ\Nourse et al. - 2023 - SNS-Toolbox An Open Source Tool for Designing Syn.pdf"
"groups/735051","XAVF83U8","Y62NMEB3","10.1098/rstb.1999.0441","Leeuwen","1999","Simulations of neuromuscular control in lamprey swimming","True","C:\Users\Ben Bolen\Zotero\storage\Y62NMEB3\Leeuwen et al. - 1999 - Simulations of neuromuscular control in lamprey sw.pdf"
"groups/735051","2JGSSVN9","VLJKMHVB","10.1109/tnn.2003.820440","Izhikevich","2003","Simple model of spiking neurons","False","C:\Users\Ben Bolen\Zotero\storage\VLJKMHVB\Izhikevich - 2003 - Simple model of spiking neurons.pdf"
"groups/735051","H3476B48","7F9A7IV5","10.1007/s00422-006-0068-6","Burkitt","2006","A Review of the Integrate-and-fire Neuron Model: I. Homogeneous Synaptic Input","True","C:\Users\Ben Bolen\Zotero\storage\7F9A7IV5\Burkitt - 2006 - A Review of the Integrate-and-fire Neuron Model I.pdf"
"groups/735051","5M7XFW68","USURWU4N","","Szczecinski","2017","Design process and tools for dynamic neuromechanical models and robot controllers","True","C:\Users\Ben Bolen\Zotero\storage\USURWU4N\Szczecinski - 2017 Design process and tools for dynamic neuromechanical models and robot controllers.pdf"
"groups/735051","5M7XFW68","ZCGBWISB","","Szczecinski","2017","Design process and tools for dynamic neuromechanical models and robot controllers","True","C:\Users\Ben Bolen\Zotero\storage\ZCGBWISB\Szczecinski - 2017 Design process and tools for dynamic neuromechanical models and robot controllers.pdf"
"groups/735051","9IL8I37P","8CVQU3FS","10.1080/10255840008915251","GARNER","2000","The Obstacle-Set Method for Representing Muscle Paths in Musculoskeletal Models","True","C:\Users\Ben Bolen\Zotero\storage\8CVQU3FS\GARNER and PANDY - 2000 - The Obstacle-Set Method for Representing Muscle Pa.pdf"
"groups/735051","4XQG7QPN","FKDZC6TF","10.1152/jn.1997.77.6.3226","Prochazka","1997","Positive Force Feedback Control of Muscles","True","C:\Users\Ben Bolen\Zotero\storage\FKDZC6TF\Prochazka et al. - 1997 - Positive Force Feedback Control of Muscles.pdf"
"groups/735051","HJL7MSAF","YP8FMDF6","10.1007/s00221-006-0542-3","Akay","2006","Coordination of fore and hind leg stepping in cats on a transversely-split treadmill","True","C:\Users\Ben Bolen\Zotero\storage\YP8FMDF6\Akay et al. - 2006 - Coordination of fore and hind leg stepping in cats.pdf"
"groups/735051","8SZGUGSY","DBY8SU92","10.1038/nature12286","Talpalar","2013","Dual-mode operation of neuronal networks involved in left–right alternation","True","C:\Users\Ben Bolen\Zotero\storage\DBY8SU92\Talpalar et al. - 2013 - Dual-mode operation of neuronal networks involved .pdf"
"groups/735051","9YIA6HYF","P45UMEI5","10.1016/b978-0-444-53613-6.00006-x","Brownstone","2010","Spinal interneurons providing input to the final common path during locomotion","True","C:\Users\Ben Bolen\Zotero\storage\P45UMEI5\Brownstone and Bui - 2010 - Spinal interneurons providing input to the final c.pdf"
"groups/735051","TWYG57YX","87HEJ7EL","10.1113/jphysiol.2013.261115","Rybak","2013","Modelling genetic reorganization in the mouse spinal cord affecting left-right coordination during locomotion","True","C:\Users\Ben Bolen\Zotero\storage\87HEJ7EL\Rybak et al. - 2013 - Modelling genetic reorganization in the mouse spin.pdf"
"groups/735051","WVY8U8ZE","8AL36IUR","10.1016/j.brainresrev.2007.06.022","Jankowska","2008","Spinal interneuronal networks in the cat: Elementary components","True","C:\Users\Ben Bolen\Zotero\storage\8AL36IUR\Jankowska - 2008 - Spinal interneuronal networks in the cat Elementa.pdf"
"groups/735051","UA7H6H7T","APTHVJKD","10.1103/physreve.66.021909","Hillenbrand","2002","Subthreshold dynamics of the neural membrane potential driven by stochastic synaptic input","True","C:\Users\Ben Bolen\Zotero\storage\APTHVJKD\Hillenbrand - 2002 - Subthreshold dynamics of the neural membrane poten.pdf"
"groups/735051","6QAIJK9L","QM4YHQUS","10.1016/j.tins.2008.06.002","Ermentrout","2008","Reliability, synchrony and noise","True","C:\Users\Ben Bolen\Zotero\storage\QM4YHQUS\Ermentrout et al. - 2008 - Reliability, synchrony and noise.pdf"
"groups/735051","J63GISPH","3Q99HFGG","10.1109/mra.2008.927689","Vallery","2008","Compliant actuation of rehabilitation robots","True","C:\Users\Ben Bolen\Zotero\storage\3Q99HFGG\Vallery et al. - 2008 - Compliant actuation of rehabilitation robots.pdf"
"groups/735051","MV7LMBKJ","F4B5DU9A","10.1109/mra.2008.927689","Vallery","2008","Compliant actuation of rehabilitation robots","True","C:\Users\Ben Bolen\Zotero\storage\F4B5DU9A\Vallery et al. - 2008 - Compliant actuation of rehabilitation robots.pdf"
"groups/735051","AV68ZYYX","A8MUDZ94","10.1108/01439910210425522","Pratt","2002","Series elastic actuators for high fidelity force control","True","C:\Users\Ben Bolen\Zotero\storage\A8MUDZ94\Pratt et al. - 2002 - Series elastic actuators for high fidelity force c.pdf"
"groups/735051","XJBZ946R","3QVHMCQ8","10.1109/tmech.2013.2270435","Paine","2014","Design and Control Considerations for High-Performance Series Elastic Actuators","True","C:\Users\Ben Bolen\Zotero\storage\3QVHMCQ8\Paine et al. - 2014 - Design and Control Considerations for High-Perform.pdf"
"groups/735051","CAIECEZ6","5HGYCXZN","10.1088/1748-3182/7/4/046010","Shen","2012","A fundamental mechanism of legged locomotion with hip torque and leg damping","True","C:\Users\Ben Bolen\Zotero\storage\5HGYCXZN\Shen and Seipel - 2012 - A fundamental mechanism of legged locomotion with .pdf"
"groups/735051","CAIECEZ6","53BNERF4","10.1088/1748-3182/7/4/046010","Shen","2012","A fundamental mechanism of legged locomotion with hip torque and leg damping","True","C:\Users\Ben Bolen\Zotero\storage\53BNERF4\Shen and Seipel - 2012 - A fundamental mechanism of legged locomotion with .pdf"
"groups/735051","8LZN872I","393SCMF3","10.1038/s41598-023-30318-3","Mo","2023","Slack-based tunable damping leads to a trade-off between robustness and efficiency in legged locomotion","True","C:\Users\Ben Bolen\Zotero\storage\393SCMF3\Mo et al. - 2023 - Slack-based tunable damping leads to a trade-off b.pdf"
"groups/735051","J55UGS99","YQNS2STP","10.1016/j.polymertesting.2022.107654","Birosz","2022","Effect of FDM infill patterns on mechanical properties","True","C:\Users\Ben Bolen\Zotero\storage\YQNS2STP\Birosz et al. - 2022 - Effect of FDM infill patterns on mechanical proper.pdf"
"groups/735051","TK74WD3K","EKISBUDT","10.1162/089976600300015899","Gerstner","2000","Population Dynamics of Spiking Neurons: Fast Transients, Asynchronous States, and Locking","True","C:\Users\Ben Bolen\Zotero\storage\EKISBUDT\Gerstner - 2000 - Population Dynamics of Spiking Neurons Fast Trans.pdf"
"groups/735051","B9H7K6VP","NSD6RIA4","10.3389/fnbot.2020.577804","Szczecinski","2020","Extending the Functional Subnetwork Approach to a Generalized Linear Integrate-and-Fire Neuron Model","True","C:\Users\Ben Bolen\Zotero\storage\NSD6RIA4\Szczecinski_Supplementary_Material.pdf"
"groups/735051","UJ5ECYKN","FBV979LQ","10.1152/jn.2002.87.5.2271","Griffin","2002","Stimulation pattern that maximizes force in paralyzed and control whole thenar muscles","True","C:\Users\Ben Bolen\Zotero\storage\FBV979LQ\Griffin et al. - 2002 - Stimulation pattern that maximizes force in paraly.pdf"
"groups/735051","4RQA7N3S","M75KVV8S","10.1007/978-3-031-72597-5_16","Szczecinski","2025","Pulse Modulation in Braided Pneumatic Actuators Mimics Contractile Behavior of Biological Muscles","True","C:\Users\Ben Bolen\Zotero\storage\M75KVV8S\Elzein and Hunt - 2025 - Pulse Modulation in Braided Pneumatic Actuators Mi.pdf"
"groups/735051","4DT5S7CY","QMXFWE93","10.1113/jphysiol.2014.273581","Farina","2014","The effective neural drive to muscles is the common synaptic input to motor neurons","True","C:\Users\Ben Bolen\Zotero\storage\QMXFWE93\Farina et al. - 2014 - The effective neural drive to muscles is the commo.pdf"
"groups/735051","IHIS9GDK","MVHRUMY4","10.1152/jn.01014.2006","Hooper","2007","Different Motor Neuron Spike Patterns Produce Contractions With Very Similar Rises in Graded Slow Muscles","True","C:\Users\Ben Bolen\Zotero\storage\MVHRUMY4\Hooper et al. - 2007 - Different Motor Neuron Spike Patterns Produce Cont.pdf"
"groups/735051","MYCJ5Z3T","JFB3IEX2","10.1098/rspb.2011.1194","Herr","2011","Bionic ankle–foot prosthesis normalizes walking gait for persons with leg amputation","True","C:\Users\Ben Bolen\Zotero\storage\JFB3IEX2\Herr and Grabowski - 2011 - Bionic ankle–foot prosthesis normalizes walking ga.pdf"
"groups/735051","3UXQSEC5","B3RXUPIQ","10.1109/icra.2017.7989788","Shepherd","2017","Design of a quasi-passive ankle-foot prosthesis with biomimetic, variable stiffness","True","C:\Users\Ben Bolen\Zotero\storage\B3RXUPIQ\Shepherd and Rouse - 2017 - Design of a quasi-passive ankle-foot prosthesis wi.pdf"
"groups/735051","6JTFMAT3","K3STPHUL","10.1109/tmrb.2021.3098921","Carney","2021","Design and Preliminary Results of a Reaction Force Series Elastic Actuator for Bionic Knee and Ankle Prostheses","True","C:\Users\Ben Bolen\Zotero\storage\K3STPHUL\Carney et al. - 2021 - Design and Preliminary Results of a Reaction Force.pdf"
"groups/735051","FUGFXK8H","SG2F5AE4","10.15760/etd.3808","Zheng","2024","Improving Biomimetic Passive Dynamics of a Quadruped Robot Hind Leg Hip Joint with a 3D Printed Torsion Spring","True","C:\Users\Ben Bolen\Zotero\storage\SG2F5AE4\Zheng - 2024 - Improving Biomimetic Passive Dynamics of a Quadrup.pdf"
"groups/735051","SYUP5R2X","3FQ22DME","10.1101/cshperspect.a029702","Enoka","2017","Rate Coding and the Control of Muscle Force","True","C:\Users\Ben Bolen\Zotero\storage\3FQ22DME\Enoka and Duchateau - 2017 - Rate Coding and the Control of Muscle Force.pdf"
"groups/735051","VWU2WB8E","HLI96PID","10.1007/978-3-031-20470-8_4","Hunt","2022","SNS-Toolbox: A Tool for Efficient Simulation of Synthetic Nervous Systems","True","C:\Users\Ben Bolen\Zotero\storage\HLI96PID\Nourse et al. - 2022 - SNS-Toolbox A Tool for Efficient Simulation of Sy.pdf"
"groups/735051","RR6GQQQF","NGTSBZZS","10.1016/j.cuor.2005.12.004","Stewart","2006","(iv) Basic biomechanics of human joints: Hips, knees and the spine","True","C:\Users\Ben Bolen\Zotero\storage\NGTSBZZS\Stewart and Hall - 2006 - (iv) Basic biomechanics of human joints Hips, kne.pdf"
"groups/735051","PDPSSHAU","34G8U25I","10.1109/icit.2005.1600829","Wang","2005","Motion Control of a Robot Fish Based on CPG","True","C:\Users\Ben Bolen\Zotero\storage\34G8U25I\Long Wang et al. - 2005 - Motion Control of a Robot Fish Based on CPG.pdf"
"groups/735051","L8VSXGEL","ZGZ55A5X","10.1242/jeb.01500","Thompson","2005","Central pattern generator for swimming in <i>Melibe</i>","True","C:\Users\Ben Bolen\Zotero\storage\ZGZ55A5X\Thompson and Watson - 2005 - Central pattern generator for swimming in Melib.pdf"
"groups/735051","7SVA83T6","IRUE437P","10.1152/jn.00216.2005","Lafreniere-Roula","2005","Deletions of Rhythmic Motoneuron Activity During Fictive Locomotion and Scratch Provide Clues to the Organization of the Mammalian Central Pattern Generator","True","C:\Users\Ben Bolen\Zotero\storage\IRUE437P\Myriam Lafrenière-Roula et al. - 2005 - Deletions of Rhythmic Motoneuron Activity During F.pdf"
"groups/735051","7SVA83T6","P9LXXIBN","10.1152/jn.00216.2005","Lafreniere-Roula","2005","Deletions of Rhythmic Motoneuron Activity During Fictive Locomotion and Scratch Provide Clues to the Organization of the Mammalian Central Pattern Generator","True","C:\Users\Ben Bolen\Zotero\storage\P9LXXIBN\Lafreniere-Roula and McCrea - 2005 - Deletions of Rhythmic Motoneuron Activity During F.pdf"
"groups/735051","WYARSXXY","35P5YW23","","Hoppensteadt","","Synaptic organizations and dynamical properties of weakly connected neural oscillators","False","C:\Users\Ben Bolen\Zotero\storage\35P5YW23\Hoppensteadt and Izhikevich - 1996 - Synaptic organizations and dynamical properties of.pdf"
"groups/735051","HQZX9CP7","HESKIW3X","10.1152/jn.1997.77.6.3226","Prochazka","1997","Positive Force Feedback Control of Muscles","True","C:\Users\Ben Bolen\Zotero\storage\HESKIW3X\2024 - (PDF) Positive Force Feedback Control of Muscles.pdf"
"groups/735051","Z2ZR9N9B","L3MZKYX9","","Bolen","2023","Sensory Afferent Database: Advancing towards a comprehensive understanding of sensory afferents and motor control","True","C:\Users\Ben Bolen\Zotero\storage\L3MZKYX9\SfN23_Bolen_poster_SAD.pdf"
"groups/735051","V6LMHPVM","BL6SK4DJ","","Jang","2023","The Neuroscience Club at Portland State University: Fostering engagement and collaboration in neuroscience education and outreach","True","C:\Users\Ben Bolen\Zotero\storage\BL6SK4DJ\SfN23_Club_poster.pdf"
"groups/735051","V6LMHPVM","T9QDBT8S","","Jang","2023","The Neuroscience Club at Portland State University: Fostering engagement and collaboration in neuroscience education and outreach","True","C:\Users\Ben Bolen\Zotero\storage\T9QDBT8S\SfN23_Virtual_presentation_slides.pdf"
"groups/735051","V6LMHPVM","BBRSHU3U","","Jang","2023","The Neuroscience Club at Portland State University: Fostering engagement and collaboration in neuroscience education and outreach","True","C:\Users\Ben Bolen\Zotero\storage\BBRSHU3U\Jang et al. - 2023 - The Neuroscience Club at Portland State University.pdf"
"groups/735051","B9H7K6VP","VDV2HEMR","10.3389/fnbot.2020.577804","Szczecinski","2020","Extending the Functional Subnetwork Approach to a Generalized Linear Integrate-and-Fire Neuron Model","True","C:\Users\Ben Bolen\Zotero\storage\VDV2HEMR\Szczecinski et al. - 2020 - Extending the Functional Subnetwork Approach to a .pdf"
"groups/735051","GWGUDE7I","2BYU57RE","","Trappenberg","2022","Fundamentals of Computational Neuroscience: Third Edition","True","C:\Users\Ben Bolen\Zotero\storage\2BYU57RE\Trappenberg and Trappenberg - 2022 - Fundamentals of Computational Neuroscience Third .pdf"
"groups/735051","L7AN5PSJ","GGEPXL9X","10.1371/journal.pone.0268380","Naudin","2022","Systematic generation of biophysically detailed models with generalization capability for non-spiking neurons","True","C:\Users\Ben Bolen\Zotero\storage\GGEPXL9X\Naudin et al. - 2022 - Systematic generation of biophysically detailed mo.pdf"
"groups/735051","ZGW8K2JP","7IIJD4NP","10.3389/fnins.2021.633945","Strohmer","2021","Integrating Non-spiking Interneurons in Spiking Neural Networks","True","C:\Users\Ben Bolen\Zotero\storage\7IIJD4NP\Strohmer et al. - 2021 - Integrating Non-spiking Interneurons in Spiking Ne.pdf"
"groups/735051","AV5S87CQ","IWUVQ2SN","10.3389/fncom.2015.00099","Diehl","2015","Unsupervised learning of digit recognition using spike-timing-dependent plasticity","True","C:\Users\Ben Bolen\Zotero\storage\IWUVQ2SN\Diehl and Cook - 2015 - Unsupervised learning of digit recognition using s.pdf"
"groups/735051","8WFRBQIS","WI9W2R3T","10.1109/70.481753","Chou","1996","Measurement and modeling of McKibben pneumatic artificial muscles","True","C:\Users\Ben Bolen\Zotero\storage\WI9W2R3T\Chou and Hannaford - 1996 - Measurement and modeling of McKibben pneumatic art.pdf"
"groups/735051","8WFRBQIS","NBY7546I","10.1109/70.481753","Chou","1996","Measurement and modeling of McKibben pneumatic artificial muscles","True","C:\Users\Ben Bolen\Zotero\storage\NBY7546I\Chou and Hannaford - 1996 - Measurement and modeling of McKibben pneumatic art.pdf"
"groups/735051","97RF7925","7CQXRWUF","10.1016/s0021-9290(98)00048-7","Meijer","1998","A Hill type model of rat medial gastrocnemius muscle that accounts for shortening history effects","True","C:\Users\Ben Bolen\Zotero\storage\7CQXRWUF\Meijer et al. - 1998 - A Hill type model of rat medial gastrocnemius musc.pdf"
"groups/735051","FWDSZERF","X43B3WHG","10.1109/biorob.2006.1639201","Aschenbeck","2006","Design of a Quadruped Robot Driven by Air Muscles","True","C:\Users\Ben Bolen\Zotero\storage\X43B3WHG\Aschenbeck et al. - 2006 - Design of a Quadruped Robot Driven by Air Muscles(2).pdf"
"groups/735051","2IMENNEQ","GIA5TTLY","","Aschenbeck","2006","Design of a Quadruped Robot Driven by Air Muscles (Master's thesis)","True","C:\Users\Ben Bolen\Zotero\storage\GIA5TTLY\Aschenbeck - 2006 - Design of a Quadruped Robot Driven by Air Muscles (Master's thesis).pdf"
"groups/735051","BP9HDCFX","959YR8VU","","Colbrunn","2001","Modeling of Braided Pneumatic Actuators for Robotic Control","True","C:\Users\Ben Bolen\Zotero\storage\959YR8VU\Colbrunn, Nelson, Quinn - 2001 - Modeling of Braided Pneumatic Actuators for Robotic Control.pdf"
"groups/735051","BP9HDCFX","U88TSUCF","","Colbrunn","2001","Modeling of Braided Pneumatic Actuators for Robotic Control","True","C:\Users\Ben Bolen\Zotero\storage\U88TSUCF\Colbrunn et al. - 2001 - Modeling of braided pneumatic actuators for roboti.pdf"
"groups/735051","BP9HDCFX","IRZAX6VQ","","Colbrunn","2001","Modeling of Braided Pneumatic Actuators for Robotic Control","True","C:\Users\Ben Bolen\Zotero\storage\IRZAX6VQ\Colbrunn et al. - 2001 - Modeling of braided pneumatic actuators for roboti.pdf"
"groups/735051","DMAMGADG","PR43D873","10.1152/jn.01124.2011","Tóth","2012","A neuromechanical model explaining forward and backward stepping in the stick insect","True","C:\Users\Ben Bolen\Zotero\storage\PR43D873\Tóth et al. - 2012 - A neuromechanical model explaining forward and bac.pdf"
"groups/735051","KAQJLCMY","JDTZP4WA","10.1016/j.tins.2006.08.007","Pearson","2006","Assessing sensory function in locomotor systems using neuro-mechanical simulations","True","C:\Users\Ben Bolen\Zotero\storage\JDTZP4WA\Pearson et al. - 2006 - Assessing sensory function in locomotor systems us.pdf"
"groups/735051","7V35NNXU","GAPEAID3","10.1242/jeb.205.9.1315","Fischer","2002","Basic limb kinematics of small therian mammals","True","C:\Users\Ben Bolen\Zotero\storage\GAPEAID3\Fischer et al. - 2002 - Basic limb kinematics of small therian mammals.pdf"
"groups/735051","PBFYA8FH","T4YW2582","10.1242/jeb.205.9.1339","Witte","2002","Torque patterns of the limbs of small therian mammals during locomotion on flat ground","True","C:\Users\Ben Bolen\Zotero\storage\T4YW2582\Witte et al. - 2002 - Torque patterns of the limbs of small therian mamm.pdf"
"groups/735051","29EQ8JMW","V8LGTQNK","10.1007/s002210050712","Loeb","1999","A hierarchical foundation for models of sensorimotor control","True","C:\Users\Ben Bolen\Zotero\storage\V8LGTQNK\Loeb et al. - 1999 - A hierarchical foundation for models of sensorimot.pdf"
"groups/735051","NHYIGRP3","RLN7TFVA","10.3389/fbioe.2023.1193177","Andrada","2023","Positioning of pivot points in quadrupedal locomotion: limbs global dynamics in four different dog breeds","True","C:\Users\Ben Bolen\Zotero\storage\RLN7TFVA\Andrada et al. - 2023 - Positioning of pivot points in quadrupedal locomot.pdf"
"groups/735051","RBVQ5K78","IE5PFS9J","","Rutter","2006","Transforming Insect Electromyograms into Pneumatic Muscle Control","True","C:\Users\Ben Bolen\Zotero\storage\IE5PFS9J\Positioning of pivot points in quadrupedal locomotion limbs global dynamics in four different dog breeds.pdf"
"groups/735051","3G39Z4IG","YHU2BF6E","10.1371/journal.pone.0292874","Vielemeyer","2023","Virtual pivot point: Always experimentally observed in human walking?","True","C:\Users\Ben Bolen\Zotero\storage\YHU2BF6E\Vielemeyer et al. - 2023 - Virtual pivot point Always experimentally observe.pdf"
"groups/735051","3AKZ6794","6F57NWKQ","","Seok","2015","Design Principles for Energy-Efficient Legged Locomotion and Implementation on the MIT Cheetah Robot","True","C:\Users\Ben Bolen\Zotero\storage\6F57NWKQ\Seok et al. - 2015 - Design Principles for Energy-Efficient Legged Loco.pdf"
"groups/735051","3AKZ6794","QFJ8YRVD","","Seok","2015","Design Principles for Energy-Efficient Legged Locomotion and Implementation on the MIT Cheetah Robot","True","C:\Users\Ben Bolen\Zotero\storage\QFJ8YRVD\Seok et al. - 2015 - Design Principles for Energy-Efficient Legged Loco.pdf"
"groups/735051","3AKZ6794","26DXUDHJ","","Seok","2015","Design Principles for Energy-Efficient Legged Locomotion and Implementation on the MIT Cheetah Robot","True","C:\Users\Ben Bolen\Zotero\storage\26DXUDHJ\Seok et al. - 2015 - Design Principles for Energy-Efficient Legged Loco.pdf"
"groups/735051","3AKZ6794","J7NMYIFW","","Seok","2015","Design Principles for Energy-Efficient Legged Locomotion and Implementation on the MIT Cheetah Robot","False","C:\Users\Ben Bolen\Zotero\storage\J7NMYIFW\Seok et al. - 2015 - Design Principles for Energy-Efficient Legged Loco.pdf"
"groups/735051","HFLEC82Z","FI77VJ5D","10.1109/lra.2019.2899750","Bjelonic","2019","Keep Rollin’—Whole-Body Motion Control and Planning for Wheeled Quadrupedal Robots","True","C:\Users\Ben Bolen\Zotero\storage\FI77VJ5D\Bjelonic et al. - 2019 - Keep Rollin’—Whole-Body Motion Control and Plannin.pdf"
"groups/735051","3AKZ6794","SV9LWRW6","","Seok","2015","Design Principles for Energy-Efficient Legged Locomotion and Implementation on the MIT Cheetah Robot","True","C:\Users\Ben Bolen\Zotero\storage\SV9LWRW6\Seok et al. - 2015 - Design Principles for Energy-Efficient Legged Loco.pdf"
"groups/735051","HCFVPH7M","9R8SLLHI","10.1088/1757-899x/1029/1/012018","Obukhova","2021","Study of non-linear synergy control laws on the experimental stand of pneumatic actuators","True","C:\Users\Ben Bolen\Zotero\storage\9R8SLLHI\Obukhova - 2021 - Study of non-linear synergy control laws on the ex.pdf"
"groups/735051","MY4S2WRE","6PN7LXFE","10.1177/0278364916648388","Hubicki","2016","ATRIAS: Design and validation of a tether-free 3D-capable spring-mass bipedal robot","True","C:\Users\Ben Bolen\Zotero\storage\6PN7LXFE\Hubicki et al. - 2016 - ATRIAS Design and validation of a tether-free 3D-.pdf"
"groups/735051","KXJZWQ4D","DDDXL7YW","10.1115/1.4023390","Millard","2013","Flexing Computational Muscle: Modeling and Simulation of Musculotendon Dynamics","True","C:\Users\Ben Bolen\Zotero\storage\DDDXL7YW\Millard et al. - 2013 - Flexing Computational Muscle Modeling and Simulat.pdf"
"groups/735051","MQRSQK4Y","VD4N3JF5","10.1109/lra.2018.2857511","Lakatos","2018","Dynamic Locomotion Gaits of a Compliantly Actuated Quadruped With SLIP-Like Articulated Legs Embodied in the Mechanical Design","True","C:\Users\Ben Bolen\Zotero\storage\VD4N3JF5\Lakatos et al. - 2018 - Dynamic Locomotion Gaits of a Compliantly Actuated.pdf"
"groups/735051","GM2WZGZS","U9GCXC7H","10.1088/1748-3190/ab968c","Chellapurath","2020","Locomotory behaviour of the intertidal marble crab ( <i>Pachygrapsus marmoratus</i> ) supports the underwater spring-loaded inverted pendulum as a fundamental model for punting in animals","True","C:\Users\Ben Bolen\Zotero\storage\U9GCXC7H\Chellapurath et al. - 2020 - Locomotory behaviour of the intertidal marble crab.pdf"
"groups/735051","L6H3AEVU","FHMAR2BD","10.1117/12.823672","Schiopu","2009","Braided artificial muscles: modeling and experimental validation","True","C:\Users\Ben Bolen\Zotero\storage\FHMAR2BD\Dragan and Cioban - 2009 - Braided artificial muscles modeling and experimen.pdf"
"groups/735051","NQJ6V4IG","HLR6ND6S","10.1007/s11012-019-01012-4","Khajehsaeid","2019","Adaptive back stepping fast terminal sliding mode control of robot manipulators actuated by pneumatic artificial muscles: continuum modelling, dynamic formulation and controller design","True","C:\Users\Ben Bolen\Zotero\storage\HLR6ND6S\Khajehsaeid et al. - 2019 - Adaptive back stepping fast terminal sliding mode .pdf"
"groups/735051","52HHJWDF","2NS3BBM5","10.1109/tpami.2019.2903179","Paredes-Vallés","2020","Unsupervised Learning of a Hierarchical Spiking Neural Network for Optical Flow Estimation: From Events to Global Motion Perception","True","C:\Users\Ben Bolen\Zotero\storage\2NS3BBM5\Paredes-Vallés et al. - 2020 - Unsupervised Learning of a Hierarchical Spiking Ne.pdf"
"groups/735051","9ID7ASV7","QUIL4RJY","10.1016/j.brainresrev.2007.08.006","McCrea","2008","Organization of mammalian locomotor rhythm and pattern generation","True","C:\Users\Ben Bolen\Zotero\storage\QUIL4RJY\McCrea and Rybak - 2008 - Organization of mammalian locomotor rhythm and pat.pdf"
"groups/735051","KKZ2ALDX","TRUTXKZI","10.1007/s00422-011-0422-1","Unknown","2024","Deriving neural network controllers from neuro-biological data: Implementation of a single-leg stick insect controller","True","C:\Users\Ben Bolen\Zotero\storage\TRUTXKZI\2024 - Deriving neural network controllers from neuro-bio.pdf"
"groups/735051","4VKDE9Z6","SENU454D","10.3389/fncom.2014.00027","Spröwitz","2014","Kinematic primitives for walking and trotting gaits of a quadruped robot with compliant legs","True","C:\Users\Ben Bolen\Zotero\storage\SENU454D\SprÃ¶witz et al. - 2014 - Kinematic primitives for walking and trotting gait.pdf"
"groups/735051","RGG72ZQM","BIXNI6CB","10.1523/jneurosci.07-12-03945.1987","Arbas","1987","Ionic conductances underlying the activity of interneurons that control heartbeat in the medicinal leech","True","C:\Users\Ben Bolen\Zotero\storage\BIXNI6CB\Arbas and Calabrese - 1987 - Ionic conductances underlying the activity of inte.pdf"
"groups/735051","WXR5PMWT","S8LRXNKR","10.3389/fnbot.2010.00113","Amrollah","2010","On the Role of Sensory Feedbacks in Rowat–Selverston CPG to Improve Robot Legged Locomotion","True","C:\Users\Ben Bolen\Zotero\storage\S8LRXNKR\Amrollah and Henaff - 2010 - On the Role of Sensory Feedbacks in Rowat–Selverst.pdf"
"groups/735051","CSYLQPI4","PH9S97VC","10.1109/iros.2013.6696541","Boaventura","2013","Stability and performance of the compliance controller of the quadruped robot HyQ","True","C:\Users\Ben Bolen\Zotero\storage\PH9S97VC\Boaventura et al. - 2013 - Stability and performance of the compliance contro.pdf"
"groups/735051","D46PD2VZ","7MSXGAVI","10.1242/jeb.205.18.2803","Jindrich","2002","Dynamic stabilization of rapid hexapedal locomotion","True","C:\Users\Ben Bolen\Zotero\storage\7MSXGAVI\Jindrich and Full - 2002 - Dynamic stabilization of rapid hexapedal locomotio.pdf"
"groups/735051","5XWMARHZ","PZXY63S8","10.1113/jphysiol.1979.sp012645","Prochazka","1979","Muscle spindle discharge in normal and obstructed movements.","True","C:\Users\Ben Bolen\Zotero\storage\PZXY63S8\Prochazka et al. - 1979 - Muscle spindle discharge in normal and obstructed .pdf"
"groups/735051","MAIJXHSE","ZMS66V28","10.1113/ep089826","Banks","2021","Secondary endings of muscle spindles: Structure, reflex action, role in motor control and proprioception","True","C:\Users\Ben Bolen\Zotero\storage\ZMS66V28\Banks et al. - 2021 - Secondary endings of muscle spindles Structure, r.pdf"
"groups/735051","PC5ETGHE","R7FX5A9C","10.1152/jn.00071.2018","Macefield","2018","Functional properties of human muscle spindles","True","C:\Users\Ben Bolen\Zotero\storage\R7FX5A9C\Macefield and Knellwolf - 2018 - Functional properties of human muscle spindles.pdf"
"groups/735051","CDVVCXUV","KKF554T4","","Yardimci","","Part Quality Prediction Tools for Fused Deposition Processing","True","C:\Users\Ben Bolen\Zotero\storage\KKF554T4\Yardimci et al. - Part Quality Prediction Tools for Fused Deposition.pdf"
"groups/735051","LPDSGMIL","B3QMIYYY","10.1080/11762320802221074","Schmitz","2008","No Need for a Body Model: Positive Velocity Feedback for the Control of an 18-DOF Robot Walker","True","C:\Users\Ben Bolen\Zotero\storage\B3QMIYYY\Schmitz et al. - 2008 - No Need for a Body Model Positive Velocity Feedba.pdf"
"groups/735051","5689ZU7J","UCRCJ6UP","10.1113/jphysiol.1964.sp007477","Crowe","1964","Further studies of static and dynamic fusimotor fibres","True","C:\Users\Ben Bolen\Zotero\storage\UCRCJ6UP\Crowe and Matthews - 1964 - Further studies of static and dynamic fusimotor fi.pdf"
"groups/735051","KWFW7CZ7","D9NYJVGY","10.1152/physrev.1964.44.2.219","Matthews","1964","Muscle Spindles and Their Motor Control","True","C:\Users\Ben Bolen\Zotero\storage\D9NYJVGY\Matthews - 1964 - Muscle Spindles and Their Motor Control.pdf"
"groups/735051","ZHSH5K3Z","CPWAEC5K","10.1162/neco.2008.12-07-680","Mihalaş","2009","A Generalized Linear Integrate-and-Fire Neural Model Produces Diverse Spiking Behaviors","True","C:\Users\Ben Bolen\Zotero\storage\CPWAEC5K\Mihalaş and Niebur - 2009 - A Generalized Linear Integrate-and-Fire Neural Mod.pdf"
"groups/735051","7QRJD27N","DDFU6EVD","10.3389/fnbot.2017.00037","Szczecinski","2017","A Functional Subnetwork Approach to Designing Synthetic Nervous Systems That Control Legged Robot Locomotion","True","C:\Users\Ben Bolen\Zotero\storage\DDFU6EVD\Szczecinski et al. - 2017 - A Functional Subnetwork Approach to Designing Synt.pdf"
"groups/735051","LN497H9J","W3HWKA58","","Bracun","2018","Artiﬁcial compound eye and synthetic neural network for recognition of motion","True","C:\Users\Ben Bolen\Zotero\storage\W3HWKA58\Braˇcun et al. - Artiﬁcial compound eye and synthetic neural networ.pdf"
"groups/735051","9W5PDGU7","WBYEV8SQ","10.3389/fncom.2015.00154","Malik","2016","An Assessment of Six Muscle Spindle Models for Predicting Sensory Information during Human Wrist Movements","True","C:\Users\Ben Bolen\Zotero\storage\WBYEV8SQ\Malik et al. - 2016 - An Assessment of Six Muscle Spindle Models for Pre.pdf"
"groups/735051","5RD7M2P6","RTS4ALPN","10.1016/j.isci.2023.106248","Cimolato","2023","Symbiotic electroneural and musculoskeletal framework to encode proprioception via neurostimulation: ProprioStim","True","C:\Users\Ben Bolen\Zotero\storage\RTS4ALPN\Cimolato et al. - 2023 - Symbiotic electroneural and musculoskeletal framew.pdf"
"groups/735051","4YB7DLL7","8T2ALLAX","10.1007/s00221-005-0325-2","Albert","2006","The Ia afferent feedback of a given movement evokes the illusion of the same movement when returned to the subject via muscle tendon vibration","True","C:\Users\Ben Bolen\Zotero\storage\8T2ALLAX\Albert et al. - 2006 - The Ia afferent feedback of a given movement evoke.pdf"
"groups/735051","MAQ7EBJW","EHZBDQNF","10.1113/jphysiol.1964.sp007476","Crowe","1964","The effects of stimulation of static and dynamic fusimotor fibres on the response to stretching of the primary endings of muscle spindles","True","C:\Users\Ben Bolen\Zotero\storage\EHZBDQNF\Crowe and Matthews - 1964 - The effects of stimulation of static and dynamic f.pdf"
"groups/735051","ZX43HKI4","YZ6QWPSK","10.1113/jphysiol.1977.sp011840","Hulliger","1977","Effects of combining static and dynamic fusimotor stimulation on the response of the muscle spindle primary ending to sinusoidal stretching.","True","C:\Users\Ben Bolen\Zotero\storage\YZ6QWPSK\Hulliger et al. - 1977 - Effects of combining static and dynamic fusimotor .pdf"
"groups/735051","2WAGJ948","KDTPAFGG","10.1114/1.1433488","Lin","2002","Structural Model of the Muscle Spindle","True","C:\Users\Ben Bolen\Zotero\storage\KDTPAFGG\Lin and Crago - 2002 - Structural Model of the Muscle Spindle.pdf"
"groups/735051","H643R2BY","8HPK5T36","10.3389/fncom.2014.00141","Niu","2014","Emulated muscle spindle and spiking afferents validates VLSI neuromorphic hardware as a testbed for sensorimotor function and disease","True","C:\Users\Ben Bolen\Zotero\storage\8HPK5T36\Niu et al. - 2014 - Emulated muscle spindle and spiking afferents vali.pdf"
"groups/735051","VZ66KQ4C","QHQX2U3E","10.1088/1741-2560/13/1/016001","Schiefer","2016","Sensory feedback by peripheral nerve stimulation improves task performance in individuals with upper limb loss using a myoelectric prosthesis","True","C:\Users\Ben Bolen\Zotero\storage\QHQX2U3E\Schiefer et al. - 2016 - Sensory feedback by peripheral nerve stimulation i.pdf"
"groups/735051","D6EPXRRL","P89UG36Y","10.1371/journal.pone.0207659","Schiefer","2018","Artificial tactile and proprioceptive feedback improves performance and confidence on object identification tasks","True","C:\Users\Ben Bolen\Zotero\storage\P89UG36Y\Schiefer et al. - 2018 - Artificial tactile and proprioceptive feedback imp.pdf"
"groups/735051","5FDJC6H3","DN9ZAYEQ","10.1111/j.1469-7793.1998.277bu.x","Prochazka","1998","Models of ensemble firing of muscle spindle afferents recorded during normal locomotion in cats","True","C:\Users\Ben Bolen\Zotero\storage\DN9ZAYEQ\Prochazka and Gorassini - 1998 - Models of ensemble firing of muscle spindle affere.pdf"
"groups/735051","JVYBTIS4","3ANQZVGM","10.1152/jn.00868.2005","Mileusnic","2006","Mathematical Models of Proprioceptors. I. Control and Transduction in the Muscle Spindle","True","C:\Users\Ben Bolen\Zotero\storage\3ANQZVGM\Mileusnic et al. - 2006 - Mathematical Models of Proprioceptors. I. Control .pdf"
"groups/735051","LWZ38UPV","JRHQKMM6","10.1016/j.isci.2023.106248","Cimolato","2023","Symbiotic electroneural and musculoskeletal framework to encode proprioception via neurostimulation: ProprioStim","True","C:\Users\Ben Bolen\Zotero\storage\JRHQKMM6\Cimolato et al. - 2023 - Symbiotic electroneural and musculoskeletal framew.pdf"
"groups/735051","WCS9G7XB","UMEK79UF","10.1016/s0140-6736(12)61263-x","Robinovitch","2013","Video capture of the circumstances of falls in elderly people residing in long-term care: an observational study","True","C:\Users\Ben Bolen\Zotero\storage\UMEK79UF\Robinovitch et al. - 2013 - Video capture of the circumstances of falls in eld.pdf"
"groups/735051","BGU8UZJE","9D6275QN","10.1177/0278364917743320","Van der Noot","2018","Bio-inspired controller achieving forward speed modulation with a 3D bipedal walker","True","C:\Users\Ben Bolen\Zotero\storage\9D6275QN\Van der Noot et al. - 2018 - Bio-inspired controller achieving forward speed mo.pdf"
"groups/735051","K36KW3CC","99AZM2IS","10.1007/s00422-013-0573-3","Szczecinski","2014","A neuromechanical simulation of insect walking and transition to turning of the cockroach Blaberus discoidalis","True","C:\Users\Ben Bolen\Zotero\storage\99AZM2IS\Szczecinski et al. - 2014 - A neuromechanical simulation of insect walking and.pdf"
"groups/735051","IBKTT9TE","Z2ZWJI9U","10.1038/78829","Song","2000","Competitive Hebbian learning through spike-timing-dependent synaptic plasticity","True","C:\Users\Ben Bolen\Zotero\storage\Z2ZWJI9U\Song et al. - 2000 - Competitive Hebbian learning through spike-timing-.pdf"
"groups/735051","AEZHGKGT","TX8SUKQK","10.1007/s11837-017-2734-7","Singh","2018","Additive Manufacturing of Syntactic Foams: Part 1: Development, Properties, and Recycling Potential of Filaments","True","C:\Users\Ben Bolen\Zotero\storage\TX8SUKQK\Singh et al. - 2018 - Additive Manufacturing of Syntactic Foams Part 1.pdf"
"groups/735051","LMR8W37X","WPQTWFIA","10.1016/j.addma.2021.102518","Van De Voorde","2022","Effect of extrusion and fused filament fabrication processing parameters of recycled poly(ethylene terephthalate) on the crystallinity and mechanical properties","True","C:\Users\Ben Bolen\Zotero\storage\WPQTWFIA\Van De Voorde et al. - 2022 - Effect of extrusion and fused filament fabrication.pdf"
"groups/735051","ZVZCQITA","AVCWE3X9","10.1007/s11012-019-01012-4","Khajehsaeid","2019","Adaptive back stepping fast terminal sliding mode control of robot manipulators actuated by pneumatic artificial muscles: continuum modelling, dynamic formulation and controller design","True","C:\Users\Ben Bolen\Zotero\storage\AVCWE3X9\Khajehsaeid et al. - 2019 - Adaptive back stepping fast terminal sliding mode .pdf"
"groups/735051","LSLHE8ZS","22CWRWPV","10.1371/journal.pone.0054041","Nijhuis","2013","A New Approach to Assess the Gastrocnemius Muscle Volume in Rodents Using Ultrasound; Comparison with the Gastrocnemius Muscle Index","True","C:\Users\Ben Bolen\Zotero\storage\22CWRWPV\Nijhuis et al. - 2013 - A New Approach to Assess the Gastrocnemius Muscle .pdf"
"groups/735051","LLJVAFXF","7VXCF9MW","10.1088/1748-3190/ad80ec","Goldsmith","2024","A biomimetic fruit fly robot for studying the neuromechanics of legged locomotion","True","C:\Users\Ben Bolen\Zotero\storage\7VXCF9MW\Goldsmith et al. - 2024 - A biomimetic fruit fly robot for studying the neur.pdf"
"groups/735051","95JPRYJ7","GSL5N8QM","10.1016/j.brainresrev.2007.06.022","Jankowska","2008","Spinal interneuronal networks in the cat: Elementary components","True","C:\Users\Ben Bolen\Zotero\storage\GSL5N8QM\E. Jankowska and Jankowska - 2008 - Spinal interneuronal networks in the cat elementa.pdf"
"groups/735051","KG7EGIU4","J5QAH6KZ","","RONAY","","Liquid wire","True","C:\Users\Ben Bolen\Zotero\storage\J5QAH6KZ\RONAY - 2017 - Liquid wire.pdf"
"groups/735051","I5ZE9U5T","BEPLJKZD","10.1115/1.4028420","Chakravarthy","2014","Experimental Characterization and Control of Miniaturized Pneumatic Artificial Muscle","True","C:\Users\Ben Bolen\Zotero\storage\BEPLJKZD\Chakravarthy et al. - 2014 - Experimental Characterization and Control of Minia.pdf"
"groups/735051","8TNLZ37E","3X55R3LJ","10.1109/robosoft.2019.8722776","Maselli","2019","A piezoresistive flexible sensor to detect soft actuator deformation","True","C:\Users\Ben Bolen\Zotero\storage\3X55R3LJ\Maselli et al. - 2019 - A piezoresistive flexible sensor to detect soft ac.pdf"
"groups/735051","MW7AWPSI","FRHAFNMQ","10.15760/etd.3655","Chung","2023","Real-time Length Sensing of Braided Pneumatic Actuator using IR Time-of-Flight Sensor","True","C:\Users\Ben Bolen\Zotero\storage\FRHAFNMQ\Chung - 2023 - Real-time Length Sensing of Braided Pneumatic Actu.pdf"
"groups/735051","K3CGZ9EJ","YZVXTYTS","10.3390/machines10121156","Antonelli","2022","Design and Characterization of a Mckibben Pneumatic Muscle Prototype with an Embedded Capacitive Length Transducer","True","C:\Users\Ben Bolen\Zotero\storage\YZVXTYTS\Antonelli et al. - 2022 - Design and Characterization of a Mckibben Pneumati.pdf"
"groups/735051","D39N7ID3","ZVMEXH3I","10.1109/tmech.2015.2493782","Felt","2016","Contraction Sensing With Smart Braid McKibben Muscles","True","C:\Users\Ben Bolen\Zotero\storage\ZVMEXH3I\Felt et al. - 2016 - Contraction Sensing With Smart Braid McKibben Musc.pdf"
"groups/735051","VUCH3IPR","D4L3CTCZ","10.1089/soro.2018.0110","Wirekoh","2019","Sensorized, Flat, Pneumatic Artificial Muscle Embedded with Biomimetic Microfluidic Sensors for Proprioceptive Feedback","True","C:\Users\Ben Bolen\Zotero\storage\D4L3CTCZ\Wirekoh et al. - 2019 - Sensorized, Flat, Pneumatic Artificial Muscle Embe.pdf"
"groups/735051","LGDQ4IIM","9HV8PP68","10.1109/iros.2005.1545315","Wakimoto","2005","Development of intelligent McKibben actuator","True","C:\Users\Ben Bolen\Zotero\storage\9HV8PP68\Wakimoto et al. - 2005 - Development of intelligent McKibben actuator.pdf"
"groups/735051","HAMETWKG","WKFPQ4QC","10.1016/j.brainresbull.2007.03.010","Windhorst","2007","Muscle proprioceptive feedback and spinal networks","True","C:\Users\Ben Bolen\Zotero\storage\WKFPQ4QC\Windhorst - 2007 - Muscle proprioceptive feedback and spinal networks.pdf"
"groups/735051","JBMJZXS2","ESUWNYJF","10.1016/j.addma.2018.04.039","Blok","2018","An investigation into 3D printing of fibre reinforced thermoplastic composites","True","C:\Users\Ben Bolen\Zotero\storage\ESUWNYJF\Blok et al. - 2018 - An investigation into 3D printing of fibre reinfor.pdf"
"groups/735051","SYL7HTS4","LWI46WF3","10.1007/978-1-0716-1006-0_48","M.","2022","Locomotor Pattern Generation in the Rodent Spinal Cord","True","C:\Users\Ben Bolen\Zotero\storage\LWI46WF3\Harris‐Warrick, Ronald M. - 2022 - Locomotor Pattern Generation in the Rodent Spinal .pdf"
"groups/735051","33Y24MZN","TU8U2AWS","10.3390/ma16237311","Marabello","2023","Carbon Fiber 3D Printing: Technologies and Performance—A Brief Review","True","C:\Users\Ben Bolen\Zotero\storage\TU8U2AWS\Marabello et al. - 2023 - Carbon Fiber 3D Printing Technologies and Perform.pdf"
"groups/735051","I5W23X4K","D6SMFWNX","10.1111/j.1469-7793.1998.277bu.x","Procházka","1998","Models of ensemble firing of muscle spindle afferents recorded during normal locomotion in cats","True","C:\Users\Ben Bolen\Zotero\storage\D6SMFWNX\A. Procházka et al. - 1998 - Models of ensemble firing of muscle spindle affere.pdf"
"groups/735051","B8ZY8L79","W8QZLHPJ","10.1523/jneurosci.1737-09.2009","Pérez","2009","An Intersegmental Neuronal Architecture for Spinal Wave Propagation under Deletions","True","C:\Users\Ben Bolen\Zotero\storage\W8QZLHPJ\Toni Pérez et al. - 2009 - An Intersegmental Neuronal Architecture for Spinal.pdf"
"groups/735051","TI39ZH7S","UWJWFZDI","10.1007/978-3-319-95972-6_21","Hilts","2000","Emulating Balance Control Observed in Human Test Subjects with a Neural Network","True","C:\Users\Ben Bolen\Zotero\storage\UWJWFZDI\Wade Hilts et al. - 2000 - Emulating Balance Control Observed in Human Test S.pdf"
"groups/735051","I5BISQVF","UA6LQ7EG","10.14288/1.0071394","Klarner","2010","Contribution of load and length related manipulations to muscle responses during force perturbations","True","C:\Users\Ben Bolen\Zotero\storage\UA6LQ7EG\Taryn Klarner and Klarner - 2010 - Contribution of load and length related manipulati.pdf"
"groups/735051","P7UKEMAJ","U3H7U8LW","10.1098/rspb.1911.0077","Brown","1911","The intrinsic factors in the act of progression in the mammal","True","C:\Users\Ben Bolen\Zotero\storage\U3H7U8LW\Thomas Brown et al. - 1911 - The intrinsic factors in the act of progression in.pdf"
"groups/735051","7QNSKTDI","SNP7DVZX","10.1016/j.neuron.2013.02.007","Bui","2013","Circuits for Grasping: Spinal dI3 Interneurons Mediate Cutaneous Control of Motor Behavior","True","C:\Users\Ben Bolen\Zotero\storage\SNP7DVZX\Tuan V. Bui et al. - 2013 - Circuits for Grasping Spinal dI3 Interneurons Med.pdf"
"groups/735051","8FVF39AS","SDRVZYYE","10.1016/j.cell.2015.06.036","Machado","2015","Primacy of Flexor Locomotor Pattern Revealed by Ancestral Reversion of Motor Neuron Identity","True","C:\Users\Ben Bolen\Zotero\storage\SDRVZYYE\Timothy A. Machado et al. - 2015 - Primacy of Flexor Locomotor Pattern Revealed by An.pdf"
"groups/735051","B3IPQU7J","RJXWCUY3","10.1007/bf00227344","Dietz","1994","HUMAN NEURONAL INTERLIMB COORDINATION DURING SPLIT-BELT LOCOMOTION","True","C:\Users\Ben Bolen\Zotero\storage\RJXWCUY3\Volker Dietz et al. - 1994 - HUMAN NEURONAL INTERLIMB COORDINATION DURING SPLIT.pdf"
"groups/735051","WQLQ5EAH","QQ9QEAMV","10.3390/ijms22116007","Sławińska","2021","Unusual Quadrupedal Locomotion in Rat during Recovery from Lumbar Spinal Blockade of 5-HT7 Receptors.","True","C:\Users\Ben Bolen\Zotero\storage\QQ9QEAMV\Urszula Sławińska et al. - 2021 - Unusual Quadrupedal Locomotion in Rat during Recov.pdf"
"groups/735051","G4YNHB5V","PWTVJSQA","10.1007/s00422-020-00851-9","Webster‐Wood","2020","Control for multifunctionality: bioinspired control based on feeding in Aplysia californica","True","C:\Users\Ben Bolen\Zotero\storage\PWTVJSQA\Victoria A. Webster‐Wood et al. - 2020 - Control for multifunctionality bioinspired contro.pdf"
"groups/735051","EA6U8SID","NQ9KHE98","10.1152/jn.01271.2003","Akay","2004","Signals from load sensors underlie interjoint coordination during stepping movements of the stick insect leg.","True","C:\Users\Ben Bolen\Zotero\storage\NQ9KHE98\Turgay Akay et al. - 2004 - Signals from load sensors underlie interjoint coor.pdf"
"groups/735051","H6HKF65J","NPUTMNDB","10.1152/jn.90729.2008","Endo","2008","Asymmetric Operation of the Locomotor Central Pattern Generator in the Neonatal Mouse Spinal Cord","True","C:\Users\Ben Bolen\Zotero\storage\NPUTMNDB\Toshiaki Endo et al. - 2008 - Asymmetric Operation of the Locomotor Central Patt.pdf"
"groups/735051","ZD56IMT7","M4HEQKFW","10.1111/j.1469-7793.2000.00817.x","Sinkjær","2000","Major role for sensory feedback in soleus EMG activity in the stance phase of walking in man.","True","C:\Users\Ben Bolen\Zotero\storage\M4HEQKFW\Thomas Sinkjær et al. - 2000 - Major role for sensory feedback in soleus EMG acti.pdf"
"groups/735051","BAJMRSPB","J697VNZ2","10.1152/jn.00250.2018","Mayer","2018","Role of muscle spindle feedback in regulating muscle activity strength during walking at different speed in mice.","True","C:\Users\Ben Bolen\Zotero\storage\J697VNZ2\William Paganini Mayer et al. - 2018 - Role of muscle spindle feedback in regulating musc.pdf"
"groups/735051","2TK8GLJF","K6VPQPVS","10.1152/jn.1997.77.2.797","Harkema","1997","Human Lumbosacral Spinal Cord Interprets Loading During Stepping","True","C:\Users\Ben Bolen\Zotero\storage\K6VPQPVS\Susan J. Harkema et al. - 1997 - Human Lumbosacral Spinal Cord Interprets Loading D.pdf"
"groups/735051","MWXV9DRB","JYTAHANR","10.1152/jn.00486.2017","Chu","2018","Stepping responses to treadmill perturbations vary with severity of motor deficits in human SCI","True","C:\Users\Ben Bolen\Zotero\storage\JYTAHANR\Virginia Way Tong Chu et al. - 2018 - Stepping responses to treadmill perturbations vary.pdf"
"groups/735051","JA7MEXI6","IHU3VSAC","10.3390/ijms22031467","Akay","2021","Relative Contribution of Proprioceptive and Vestibular Sensory Systems to Locomotion: Opportunities for Discovery in the Age of Molecular Science.","True","C:\Users\Ben Bolen\Zotero\storage\IHU3VSAC\Turgay Akay et al. - 2021 - Relative Contribution of Proprioceptive and Vestib.pdf"
"groups/735051","JQK2F65R","IF2Q4AM6","10.3389/fbioe.2022.825149","Kim","2022","Contribution of Afferent Feedback to Adaptive Hindlimb Walking in Cats: A Neuromusculoskeletal Modeling Study","True","C:\Users\Ben Bolen\Zotero\storage\IF2Q4AM6\Yongi Kim et al. - 2022 - Contribution of Afferent Feedback to Adaptive Hind.pdf"
"groups/735051","QCR7W7LN","G27U8E3J","10.1101/2023.10.31.564886","Molkov","2023","Sensory Feedback and Central Neuronal Interactions in Mouse Locomotion","True","C:\Users\Ben Bolen\Zotero\storage\G27U8E3J\Yaroslav I. Molkov et al. - 2023 - Sensory Feedback and Central Neuronal Interactions.pdf"
"groups/735051","VHYJ2V4L","D7EE5MWE","10.1109/lcsys.2018.2871126","Hilts","2019","A Dynamic Neural Network Designed Using Analytical Methods Produces Dynamic Control Properties Similar to an Analogous Classical Controller","True","C:\Users\Ben Bolen\Zotero\storage\D7EE5MWE\Wade Hilts et al. - 2019 - A Dynamic Neural Network Designed Using Analytical.pdf"
"groups/735051","XHLCB82N","CX9PB3NV","10.1152/jn.00261.2012","Onushko","2013","Hip proprioceptors preferentially modulate reflexes of the leg in human spinal cord injury","True","C:\Users\Ben Bolen\Zotero\storage\CX9PB3NV\Tanya Onushko et al. - 2013 - Hip proprioceptors preferentially modulate reflexe.pdf"
"groups/735051","UG24YCQW","B8NSN6SA","10.1152/jn.2001.86.3.1321","Lam","2001","Proprioceptive modulation of hip flexor activity during the swing phase of locomotion in decerebrate cats.","True","C:\Users\Ben Bolen\Zotero\storage\B8NSN6SA\Tania Lam et al. - 2001 - Proprioceptive modulation of hip flexor activity d.pdf"
"groups/735051","5YTZZ2SL","AEIIMXXV","10.1073/pnas.1419045111","Akay","2014","Degradation of mouse locomotor pattern in the absence of proprioceptive sensory feedback","True","C:\Users\Ben Bolen\Zotero\storage\AEIIMXXV\Turgay Akay et al. - 2014 - Degradation of mouse locomotor pattern in the abse.pdf"
"groups/735051","Q3XAQA4F","75X9BGTA","10.1152/jn.00866.2014","Bui","2015","Sensory-evoked perturbations of locomotor activity by sparse sensory input: a computational study","True","C:\Users\Ben Bolen\Zotero\storage\75X9BGTA\Tuan V. Bui et al. - 2015 - Sensory-evoked perturbations of locomotor activity.pdf"
"groups/735051","K5UDNXTE","68ZZWNI8","10.1152/jn.90895.2008","Селионов","2009","Tonic Central and Sensory Stimuli Facilitate Involuntary Air-Stepping in Humans","True","C:\Users\Ben Bolen\Zotero\storage\68ZZWNI8\В. А. Селионов et al. - 2009 - Tonic Central and Sensory Stimuli Facilitate Invol.pdf"
"groups/735051","QT4Y3IRV","66VKGB47","10.1016/j.neuron.2008.09.027","Zhang","2008","V3 spinal neurons establish a robust and balanced locomotor rhythm during walking.","True","C:\Users\Ben Bolen\Zotero\storage\66VKGB47\Ying Zhang et al. - 2008 - V3 spinal neurons establish a robust and balanced .pdf"
"groups/735051","SBGJSQ4E","5S5B2CVT","10.1113/jp274518","Kuczynski","2017","Lack of adaptation during prolonged split-belt locomotion in the intact and spinal cat.","True","C:\Users\Ben Bolen\Zotero\storage\5S5B2CVT\Victoria Kuczynski et al. - 2017 - Lack of adaptation during prolonged split-belt loc.pdf"
"groups/735051","7QVL7Y9H","5BLAK9UK","10.3390/ijms22031394","Rančić","2021","Recent Insights into the Rhythmogenic Core of the Locomotor CPG.","True","C:\Users\Ben Bolen\Zotero\storage\5BLAK9UK\Vladimir Rančić et al. - 2021 - Recent Insights into the Rhythmogenic Core of the .pdf"
"groups/735051","MGXKY5PW","ZLVU2C7R","10.1111/j.1469-7793.2000.00639.x","Gosgnach","2000","Depression of group Ia monosynaptic EPSPs in cat hindlimb motoneurones during fictive locomotion.","True","C:\Users\Ben Bolen\Zotero\storage\ZLVU2C7R\Simon Gosgnach et al. - 2000 - Depression of group Ia monosynaptic EPSPs in cat h.pdf"
"groups/735051","RVPEHWRE","YME4FFF5","10.3389/fnsys.2023.1199079","Mari","2023","A sensory signal related to left-right symmetry modulates intra- and interlimb cutaneous reflexes during locomotion in intact cats","True","C:\Users\Ben Bolen\Zotero\storage\YME4FFF5\Stephen Mari et al. - 2023 - A sensory signal related to left-right symmetry mo.pdf"
"groups/735051","2NUU4KH9","XBLMKNIN","10.3389/fnins.2019.01288","Fujiki","2019","Phase-Dependent Response to Afferent Stimulation During Fictive Locomotion: A Computational Modeling Study.","True","C:\Users\Ben Bolen\Zotero\storage\XBLMKNIN\Soichiro Fujiki et al. - 2019 - Phase-Dependent Response to Afferent Stimulation D.pdf"
"groups/735051","5JNBVJTZ","VNKHM9DJ","10.1152/jn.2001.86.1.447","Burke","2001","Patterns of locomotor drive to motoneurons and last-order interneurons: clues to the structure of the CPG.","True","C:\Users\Ben Bolen\Zotero\storage\VNKHM9DJ\Robert E. Burke et al. - 2001 - Patterns of locomotor drive to motoneurons and las.pdf"
"groups/735051","FWFTKNBA","TVM67C5H","10.1016/j.robot.2011.12.005","Aoi","2012","Sensory regulation of stance-to-swing transition in generation of adaptive human walking: A simulation study","True","C:\Users\Ben Bolen\Zotero\storage\TVM67C5H\Shinya Aoi et al. - 2012 - Sensory regulation of stance-to-swing transition i.pdf"
"groups/735051","6EECNQZI","TV8V6JSF","10.1152/jn.1999.82.1.290","Mori","1999","Stimulation of a Restricted Region in the Midline Cerebellar White Matter Evokes Coordinated Quadrupedal Locomotion in the Decerebrate Cat","True","C:\Users\Ben Bolen\Zotero\storage\TV8V6JSF\Shigemi Mori et al. - 1999 - Stimulation of a Restricted Region in the Midline .pdf"
"groups/735051","EYS9LIW4","TJGHZQV4","10.1038/nature04545","Gosgnach","2006","V1 spinal neurons regulate the speed of vertebrate locomotor outputs.","True","C:\Users\Ben Bolen\Zotero\storage\TJGHZQV4\Simon Gosgnach et al. - 2006 - V1 spinal neurons regulate the speed of vertebrate.pdf"
"groups/735051","22NSVTYG","TADDEQM4","10.1016/j.neuron.2008.08.009","Crone","2008","Genetic Ablation of V2a Ipsilateral Interneurons Disrupts Left-Right Locomotor Coordination in Mammalian Spinal Cord","True","C:\Users\Ben Bolen\Zotero\storage\TADDEQM4\Steven A. Crone et al. - 2008 - Genetic Ablation of V2a Ipsilateral Interneurons D.pdf"
"groups/735051","DJMPPZCA","SWBFTKG2","10.1152/jn.00479.2001","Yakovenko","2002","Spatiotemporal activation of lumbosacral motoneurons in the locomotor step cycle","True","C:\Users\Ben Bolen\Zotero\storage\SWBFTKG2\Sergiy Yakovenko et al. - 2002 - Spatiotemporal activation of lumbosacral motoneuro.pdf"
"groups/735051","Z8J3XAEF","S9VFIJZR","10.3389/fnbot.2017.00039","Aoi","2017","Adaptive Control Strategies for Interlimb Coordination in Legged Robots: A Review","True","C:\Users\Ben Bolen\Zotero\storage\S9VFIJZR\Shinya Aoi et al. - 2017 - Adaptive Control Strategies for Interlimb Coordina.pdf"
"groups/735051","C5F575AT","PEIYYLLJ","10.1152/physrev.00028.2005","Rossignol","2006","Dynamic Sensorimotor Interactions in Locomotion","True","C:\Users\Ben Bolen\Zotero\storage\PEIYYLLJ\Serge Rossignol et al. - 2006 - Dynamic Sensorimotor Interactions in Locomotion.pdf"
"groups/735051","75FFPE9X","PB88FK52","10.1152/jn.01300.2004","Gregor","2006","Mechanics of slope walking in the cat: quantification of muscle load, length change, and ankle extensor EMG patterns.","True","C:\Users\Ben Bolen\Zotero\storage\PB88FK52\Robert J. Gregor et al. - 2006 - Mechanics of slope walking in the cat quantificat.pdf"
"groups/735051","JARFNYXE","NXZHZWRT","10.1152/jn.00602.2017","Stein","2018","Central pattern generators in the turtle spinal cord: selection among the forms of motor behaviors.","True","C:\Users\Ben Bolen\Zotero\storage\NXZHZWRT\P. D. Stein and Stein - 2018 - Central pattern generators in the turtle spinal co.pdf"
"groups/735051","3UR8MYK9","NVQV5H42","10.1016/j.neuron.2006.11.008","Grillner","2006","Biological Pattern Generation: The Cellular and Computational Logic of Networks in Motion","True","C:\Users\Ben Bolen\Zotero\storage\NVQV5H42\Sten Grillner and Grillner - 2006 - Biological Pattern Generation The Cellular and Co.pdf"
"groups/735051","4R9SXY6J","M58PFY6T","10.1152/jn.00863.2002","Verschueren","2003","Vibration-Induced Changes in EMG During Human Locomotion","True","C:\Users\Ben Bolen\Zotero\storage\M58PFY6T\Sabine Verschueren et al. - 2003 - Vibration-Induced Changes in EMG During Human Loco.pdf"
"groups/735051","GDEHQTXV","KFJY7TCT","10.1016/s0896-6273(03)00353-2","Butt","2003","Functional identification of interneurons responsible for left-right coordination of hindlimbs in mammals.","True","C:\Users\Ben Bolen\Zotero\storage\KFJY7TCT\Simon J. B. Butt et al. - 2003 - Functional identification of interneurons responsi.pdf"
"groups/735051","WNE2J7WB","IWWXSDC6","10.1016/j.conb.2009.10.011","Grillner","2009","Measured motion: searching for simplicity in spinal locomotor networks.","True","C:\Users\Ben Bolen\Zotero\storage\IWWXSDC6\Sten Grillner et al. - 2009 - Measured motion searching for simplicity in spina.pdf"
"groups/735051","RHZFK6L7","I5FD3P3D","10.1113/jp272787","Danner","2016","Central control of interlimb coordination and speed-dependent gait expression in quadrupeds.","True","C:\Users\Ben Bolen\Zotero\storage\I5FD3P3D\Simon M. Danner et al. - 2016 - Central control of interlimb coordination and spee.pdf"
"groups/735051","3FZ3EF43","GFZPJ3E2","10.1152/jn.00658.2017","Bidaye","2018","Six-legged walking in insects: how CPGs, peripheral feedback, and descending signals generate coordinated and adaptive motor rhythms","True","C:\Users\Ben Bolen\Zotero\storage\GFZPJ3E2\Salil S. Bidaye et al. - 2018 - Six-legged walking in insects how CPGs, periphera.pdf"
"groups/735051","GHY9AGV7","GEDNFIMD","10.1152/jn.1998.79.4.1687","Carlson‐Kuhta","1998","Forms of forward quadrupedal locomotion. II. A comparison of posture, hindlimb kinematics, and motor patterns for upslope and level walking.","True","C:\Users\Ben Bolen\Zotero\storage\GEDNFIMD\Patricia Carlson‐Kuhta et al. - 1998 - Forms of forward quadrupedal locomotion. II. A com.pdf"
"groups/735051","JHA4K38H","G9BZUE3A","10.1038/s41598-018-35714-8","Fujiki","2018","Adaptive hindlimb split-belt treadmill walking in rats by controlling basic muscle activation patterns via phase resetting","True","C:\Users\Ben Bolen\Zotero\storage\G9BZUE3A\Soichiro Fujiki et al. - 2018 - Adaptive hindlimb split-belt treadmill walking in .pdf"
"groups/735051","8M54HEI2","FZKPS9GW","10.1145/245108.245118","Beer","1997","Biologically inspired approaches to robotics: what can we learn from insects?","True","C:\Users\Ben Bolen\Zotero\storage\FZKPS9GW\Randall D. Beer et al. - 1997 - Biologically inspired approaches to robotics what.pdf"
"groups/735051","LFXMPDPT","FJJBX5VI","10.1101/2022.05.21.492933","Ozeri-Engelhard","2022","Inhibitory interneurons within the deep dorsal horn integrate convergent sensory input to regulate motor performance","True","C:\Users\Ben Bolen\Zotero\storage\FJJBX5VI\Nofar Ozeri-Engelhard et al. - 2022 - Inhibitory interneurons within the deep dorsal hor.pdf"
"groups/735051","NJG3ZNV3","FGGHRK2M","10.7287/peerj.preprints.26734v1","Yakovenko","2018","Analytical CPG model driven by limb velocity input generates accurate temporal locomotor dynamics.","True","C:\Users\Ben Bolen\Zotero\storage\FGGHRK2M\Sergiy Yakovenko et al. - 2018 - Analytical CPG model driven by limb velocity input.pdf"
"groups/735051","NCVE7LR7","FDCXM6L5","10.1152/jn.00991.2004","Yakovenko","2005","Control of locomotor cycle durations.","True","C:\Users\Ben Bolen\Zotero\storage\FDCXM6L5\Sergiy Yakovenko et al. - 2005 - Control of locomotor cycle durations..pdf"
"groups/735051","XR9MWG6L","EN4K6QKE","10.7554/elife.04718","Britz","2015","A genetically defined asymmetry underlies the inhibitory control of flexor–extensor locomotor movements","True","C:\Users\Ben Bolen\Zotero\storage\EN4K6QKE\Olivier Britz et al. - 2015 - A genetically defined asymmetry underlies the inhi.pdf"
"groups/735051","DZCV3L8R","EM74VYJQ","10.1098/rstb.2009.0322","Whelan","2010","Shining light into the black box of spinal locomotor networks","True","C:\Users\Ben Bolen\Zotero\storage\EM74VYJQ\Patrick J. Whelan and Whelan - 2010 - Shining light into the black box of spinal locomot.pdf"
"groups/735051","BKBQEBDU","E3THWCKZ","10.1152/jn.00871.2015","Stein","2016","Modular organization of the multipartite central pattern generator for turtle rostral scratch: knee-related interneurons during deletions","True","C:\Users\Ben Bolen\Zotero\storage\E3THWCKZ\P. D. Stein et al. - 2016 - Modular organization of the multipartite central p.pdf"
"groups/735051","FXYLIMHP","DP9H7G39","10.1523/jneurosci.1206-09.2009","Crone","2009","In mice lacking V2a interneurons, gait depends on speed of locomotion","True","C:\Users\Ben Bolen\Zotero\storage\DP9H7G39\Steven A. Crone et al. - 2009 - In mice lacking V2a interneurons, gait depends on .pdf"
"groups/735051","DA3KGWTI","DFICPYG7","10.1113/jphysiol.1958.sp006101","Eccles","1958","Integrative pattern of Ia synaptic actions on motoneurones of hip and knee muscles.","True","C:\Users\Ben Bolen\Zotero\storage\DFICPYG7\Rosamond M. Eccles et al. - 1958 - Integrative pattern of Ia synaptic actions on moto.pdf"
"groups/735051","8FRLE44R","DCK7858G","10.3390/ijms22115882","Grillner","2021","The CPGs for Limbed Locomotion-Facts and Fiction.","True","C:\Users\Ben Bolen\Zotero\storage\DCK7858G\Sten Grillner et al. - 2021 - The CPGs for Limbed Locomotion-Facts and Fiction..pdf"
"groups/735051","MPWGVRNJ","3AUEV2Q9","10.1111/nyas.12055","Hochman","2013","Force-sensitive afferents recruited during stance encode sensory depression in the contralateral swinging limb during locomotion.","True","C:\Users\Ben Bolen\Zotero\storage\3AUEV2Q9\Shawn Hochman et al. - 2013 - Force-sensitive afferents recruited during stance .pdf"
"groups/735051","F324NERU","AQ8Z5A57","10.1016/b978-0-444-53613-6.00006-x","Brownstone","2010","Spinal interneurons providing input to the final common path during locomotion","True","C:\Users\Ben Bolen\Zotero\storage\AQ8Z5A57\Robert M. Brownstone et al. - 2010 - Spinal interneurons providing input to the final c.pdf"
"groups/735051","C75WTZAI","944IK68C","10.1016/j.neuron.2012.05.011","Arber","2012","Motor circuits in action: specification, connectivity, and function","True","C:\Users\Ben Bolen\Zotero\storage\944IK68C\Silvia Arber and Arber - 2012 - Motor circuits in action specification, connectiv.pdf"
"groups/735051","JSXF58NV","78KEIIW6","10.1111/j.1749-6632.2010.05435.x","Markin","2010","Afferent control of locomotor CPG: insights from a simple neuromechanical model","True","C:\Users\Ben Bolen\Zotero\storage\78KEIIW6\Sergey N. Markin et al. - 2010 - Afferent control of locomotor CPG insights from a.pdf"
"groups/735051","ILB5DIKY","7598WG5J","10.3389/fncir.2022.1076766","Gosgnach","2022","Synaptic connectivity amongst components of the locomotor central pattern generator","True","C:\Users\Ben Bolen\Zotero\storage\7598WG5J\Simon Gosgnach and Simon Gosgnach - 2022 - Synaptic connectivity amongst components of the lo.pdf"
"groups/735051","XW6Y78FX","6EQM7PQM","10.1113/jphysiol.1987.sp016676","Edgley","1987","An interneuronal relay for group I and II muscle afferents in the midlumbar segments of the cat spinal cord.","True","C:\Users\Ben Bolen\Zotero\storage\6EQM7PQM\S A Edgley et al. - 1987 - An interneuronal relay for group I and II muscle a.pdf"
"groups/735051","LPG6TYBG","6CIDDAI2","10.3390/app8010006","Rubeo","2017","A Synthetic Nervous System Controls a Simulated Cockroach","True","C:\Users\Ben Bolen\Zotero\storage\6CIDDAI2\Scott Rubeo et al. - 2017 - A Synthetic Nervous System Controls a Simulated Co.pdf"
"groups/735051","4CMME7BT","6ANPW9D4","10.1098/rstb.2006.1889","Rossignol","2006","Plasticity of connections underlying locomotor recovery after central and/or peripheral lesions in the adult mammals","True","C:\Users\Ben Bolen\Zotero\storage\6ANPW9D4\Serge Rossignol and Rossignol - 2006 - Plasticity of connections underlying locomotor rec.pdf"
"groups/735051","939JVCCU","5RVZJYUV","10.1177/0278364905055381","Kaliyamoorthy","2005","Force Sensors in Hexapod Locomotion","True","C:\Users\Ben Bolen\Zotero\storage\5RVZJYUV\Sathya Kaliyamoorthy et al. - 2005 - Force Sensors in Hexapod Locomotion.pdf"
"groups/735051","2AL8SKEY","5IHU84FP","10.3389/fneur.2012.00183","Guertin","2013","Central Pattern Generator for Locomotion: Anatomical, Physiological, and Pathophysiological Considerations","True","C:\Users\Ben Bolen\Zotero\storage\5IHU84FP\Pierre A. Guertin and Guertin - 2013 - Central Pattern Generator for Locomotion Anatomic.pdf"
"groups/735051","WZFK2P52","2MRVEPMK","10.1523/jneurosci.22-22-09961.2002","Butt","2002","Firing Properties of Identified Interneuron Populations in the Mammalian Hindlimb Central Pattern Generator","True","C:\Users\Ben Bolen\Zotero\storage\2MRVEPMK\Simon J. B. Butt et al. - 2002 - Firing Properties of Identified Interneuron Popula.pdf"
"groups/735051","TUXHQBJH","2ATPIUZS","10.1523/jneurosci.16-18-05777.1996","Kjærulff","1996","Distribution of networks generating and coordinating locomotor activity in the neonatal rat spinal cord in vitro: a lesion study","True","C:\Users\Ben Bolen\Zotero\storage\2ATPIUZS\Ole Kjærulff et al. - 1996 - Distribution of networks generating and coordinati.pdf"
"groups/735051","9VS8WQU3","ZQ3DSJG8","10.1523/jneurosci.5188-14.2015","Kasumacic","2015","Segmental organization of vestibulospinal inputs to spinal interneurons mediating crossed activation of thoracolumbar motoneurons in the neonatal mouse.","True","C:\Users\Ben Bolen\Zotero\storage\ZQ3DSJG8\Nedim Kasumacic et al. - 2015 - Segmental organization of vestibulospinal inputs t.pdf"
"groups/735051","6XMDRM8E","Y5RN429I","10.1523/jneurosci.20-22-08577.2000","Marcoux","2000","Initiating or Blocking Locomotion in Spinal Cats by Applying Noradrenergic Drugs to Restricted Lumbar Spinal Segments","True","C:\Users\Ben Bolen\Zotero\storage\Y5RN429I\Judith Marcoux et al. - 2000 - Initiating or Blocking Locomotion in Spinal Cats b.pdf"
"groups/735051","W3R49D73","X6EGS2BH","10.1101/2020.07.29.226530","Merlet","2020","Cutaneous inputs from perineal region facilitates and modulates spinal locomotor activity and reduces cutaneous reflexes from the foot in spinal cats","True","C:\Users\Ben Bolen\Zotero\storage\X6EGS2BH\Merlet et al. - 2020 - Cutaneous inputs from perineal region facilitates .pdf"
"groups/735051","MMJLWEK4","VMRDCKP9","10.1007/s10827-014-0519-3","Shaw","2015","The significance of dynamical architecture for adaptive responses to mechanical loads during rhythmic behavior","True","C:\Users\Ben Bolen\Zotero\storage\VMRDCKP9\Kendrick M. Shaw et al. - 2015 - The significance of dynamical architecture for ada.pdf"
"groups/735051","T8R54GNE","VAFW5DG5","10.1073/pnas.1304365110","Hägglund","2013","Optogenetic dissection reveals multiple rhythmogenic modules underlying locomotion","True","C:\Users\Ben Bolen\Zotero\storage\VAFW5DG5\Martin Hägglund et al. - 2013 - Optogenetic dissection reveals multiple rhythmogen.pdf"
"groups/735051","FTMWS3MD","TP4BVFRP","10.1523/jneurosci.22-18-08259.2002","Perreault","2002","Motoneurons have different membrane resistance during fictive scratching and weight support.","True","C:\Users\Ben Bolen\Zotero\storage\TP4BVFRP\Marie−Claude Perreault and Perreault - 2002 - Motoneurons have different membrane resistance dur.pdf"
"groups/735051","Y3JCTVVT","SZYKCE6F","10.1113/jphysiol.2010.195644","Kasumacic","2010","Segmental patterns of vestibular-mediated synaptic inputs to axial and limb motoneurons in the neonatal mouse assessed by optical recording","True","C:\Users\Ben Bolen\Zotero\storage\SZYKCE6F\Nedim Kasumacic et al. - 2010 - Segmental patterns of vestibular-mediated synaptic.pdf"
"groups/735051","ISXA2VUP","SPSHN4HT","10.1523/jneurosci.5486-10.2011","Szokol","2011","Organization of functional synaptic connections between medullary reticulospinal neurons and lumbar descending commissural interneurons in the neonatal mouse.","True","C:\Users\Ben Bolen\Zotero\storage\SPSHN4HT\Karolina Szokol et al. - 2011 - Organization of functional synaptic connections be.pdf"
"groups/735051","CG7AG3JJ","SMG89KZB","10.1016/j.neuron.2013.08.015","Dougherty","2013","Locomotor Rhythm Generation Linked to the Output of Spinal Shox2 Excitatory Interneurons","True","C:\Users\Ben Bolen\Zotero\storage\SMG89KZB\Kimberly J. Dougherty et al. - 2013 - Locomotor Rhythm Generation Linked to the Output o.pdf"
"groups/735051","H8UT6ZVQ","SEC6VAPK","10.1111/j.1469-7793.2000.00389.x","Pang","2000","The initiation of the swing phase in human infant stepping: importance of hip position and leg loading","True","C:\Users\Ben Bolen\Zotero\storage\SEC6VAPK\Marco Yiu Chung Pang et al. - 2000 - The initiation of the swing phase in human infant .pdf"
"groups/735051","UUA6X4RX","SDLWGZKW","10.1038/s41467-023-36587-w","Hsu","2023","Deconstructing the modular organization and real-time dynamics of mammalian spinal locomotor networks","True","C:\Users\Ben Bolen\Zotero\storage\SDLWGZKW\Li-Ju Hsu et al. - 2023 - Deconstructing the modular organization and real-t.pdf"
"groups/735051","3NZGW97G","S3U3H296","10.1523/jneurosci.1618-07.2007","Quinlan","2007","Segmental, Synaptic Actions of Commissural Interneurons in the Mouse Spinal Cord","True","C:\Users\Ben Bolen\Zotero\storage\S3U3H296\Katharina A. Quinlan et al. - 2007 - Segmental, Synaptic Actions of Commissural Interne.pdf"
"groups/735051","57ZKY9UE","RYZ44KUJ","10.1523/jneurosci.1082-18.2018","Hurteau","2018","A Spinal Mechanism Related to Left–Right Symmetry Reduces Cutaneous Reflex Modulation Independently of Speed During Split-Belt Locomotion","True","C:\Users\Ben Bolen\Zotero\storage\RYZ44KUJ\Marie-France Hurteau et al. - 2018 - A Spinal Mechanism Related to Left–Right Symmetry .pdf"
"groups/735051","49N32BIK","RT2NFLR7","10.1152/jn.00497.2003","Bouyer","","Contribution of Cutaneous Inputs From the Hindpaw to the Control of Locomotion. II. Spinal Cats","True","C:\Users\Ben Bolen\Zotero\storage\RT2NFLR7\Laurent J. Bouyer et al. - Contribution of Cutaneous Inputs From the Hindpaw .pdf"
"groups/735051","WCAU6F5K","RAW9HP9B","10.1002/cne.23904","Sivertsen","2016","Pontine reticulospinal projections in the neonatal mouse: Internal organization and axon trajectories.","True","C:\Users\Ben Bolen\Zotero\storage\RAW9HP9B\Magne Sand Sivertsen et al. - 2016 - Pontine reticulospinal projections in the neonatal.pdf"
"groups/735051","3ZICJCZC","QDS24AX3","10.1152/jn.00820.2013","Sivertsen","2014","Organization of pontine reticulospinal inputs to motoneurons controlling axial and limb muscles in the neonatal mouse.","True","C:\Users\Ben Bolen\Zotero\storage\QDS24AX3\Magne Sand Sivertsen et al. - 2014 - Organization of pontine reticulospinal inputs to m.pdf"
"groups/735051","SVA92GGV","NU4P4MZQ","10.3389/fnins.2021.720542","Merlet","2021","Inhibition and Facilitation of the Spinal Locomotor Central Pattern Generator and Reflex Circuits by Somatosensory Feedback From the Lumbar and Perineal Regions After Spinal Cord Injury.","True","C:\Users\Ben Bolen\Zotero\storage\NU4P4MZQ\Merlet et al. - 2021 - Inhibition and Facilitation of the Spinal Locomoto.pdf"
"groups/735051","JTCC6357","MWESJRQ6","10.1152/jn.00175.2005","Quevedo","2005","Stumbling corrective reaction during fictive locomotion in the cat.","True","C:\Users\Ben Bolen\Zotero\storage\MWESJRQ6\Jorge Quevedo et al. - 2005 - Stumbling corrective reaction during fictive locom.pdf"
"groups/735051","Q2RK9QUC","MW4V5A6V","10.1523/jneurosci.0816-20.2020","Harnie","2020","The Spinal Control of Backward Locomotion.","True","C:\Users\Ben Bolen\Zotero\storage\MW4V5A6V\Jonathan Harnie et al. - 2020 - The Spinal Control of Backward Locomotion..pdf"
"groups/735051","3QDIC7ME","LDHNRUTY","10.1113/jphysiol.1992.sp019296","Cazalets","1992","Activation of the central pattern generators for locomotion by serotonin and excitatory amino acids in neonatal rat.","True","C:\Users\Ben Bolen\Zotero\storage\LDHNRUTY\Jean‐René Cazalets et al. - 1992 - Activation of the central pattern generators for l.pdf"
"groups/735051","WEQ6RCVY","L72XUUJ8","10.1113/jphysiol.2004.076034","Angel","2005","Candidate interneurones mediating group I disynaptic EPSPs in extensor motoneurones during fictive locomotion in the cat.","True","C:\Users\Ben Bolen\Zotero\storage\L72XUUJ8\Michael J. Angel et al. - 2005 - Candidate interneurones mediating group I disynapt.pdf"
"groups/735051","VHRIWJBY","L2K5S24H","10.1113/jphysiol.2012.234609","Kasumacic","2012","Vestibular-mediated synaptic inputs and pathways to sympathetic preganglionic neurons in the neonatal mouse.","True","C:\Users\Ben Bolen\Zotero\storage\L2K5S24H\Nedim Kasumacic et al. - 2012 - Vestibular-mediated synaptic inputs and pathways t.pdf"
"groups/735051","BSB4SLW7","KMFZI4NU","10.1523/jneurosci.1654-20.2020","Zholudeva","2021","Spinal Interneurons as Gatekeepers to Neuroplasticity after Injury or Disease.","True","C:\Users\Ben Bolen\Zotero\storage\KMFZI4NU\Lyandysha V. Zholudeva et al. - 2021 - Spinal Interneurons as Gatekeepers to Neuroplastic.pdf"
"groups/735051","LU7H5KXP","KKPKBIBY","10.1152/jn.00944.2011","Hatz","2012","Control of ankle extensor muscle activity in walking cats","True","C:\Users\Ben Bolen\Zotero\storage\KKPKBIBY\Kathrin Hatz et al. - 2012 - Control of ankle extensor muscle activity in walki.pdf"
"groups/735051","ULZ8YRL6","KBJ2K7JT","10.1113/jphysiol.1957.sp005849","Eccles","1957","Synaptic actions on motoneurones caused by impulses in Golgi tendon organ afferents.","True","C:\Users\Ben Bolen\Zotero\storage\KBJ2K7JT\John C. Eccles et al. - 1957 - Synaptic actions on motoneurones caused by impulse.pdf"
"groups/735051","Z6YA6PCQ","JPTNIN7Q","10.3389/fphys.2018.00784","Côté","2018","Spinal Control of Locomotion: Individual Neurons, Their Circuits and Functions.","True","C:\Users\Ben Bolen\Zotero\storage\JPTNIN7Q\Marie-Pascale Côté et al. - 2018 - Spinal Control of Locomotion Individual Neurons, .pdf"
"groups/735051","MIDY3M9C","JJ3JST8W","10.1152/jn.00718.2011","Hellekes","2012","Control of reflex reversal in stick insect walking: effects of intersegmental signals, changes in direction, and optomotor-induced turning","True","C:\Users\Ben Bolen\Zotero\storage\JJ3JST8W\Katja Hellekes et al. - 2012 - Control of reflex reversal in stick insect walking.pdf"
"groups/735051","6CLDF478","HXP3SJV9","10.1016/j.neuroscience.2020.09.017","Domínguez-Rodríguez","2020","Candidate Interneurons Mediating the Resetting of the Locomotor Rhythm by Extensor Group I Afferents in the Cat.","True","C:\Users\Ben Bolen\Zotero\storage\HXP3SJV9\L.E. Domínguez-Rodríguez et al. - 2020 - Candidate Interneurons Mediating the Resetting of .pdf"
"groups/735051","RFG9QSAU","HX37QWMB","10.1152/jn.00176.2005","Quevedo","2005","Intracellular analysis of reflex pathways underlying the stumbling corrective reaction during fictive locomotion in the cat.","True","C:\Users\Ben Bolen\Zotero\storage\HX37QWMB\Jorge Quevedo et al. - 2005 - Intracellular analysis of reflex pathways underlyi.pdf"
"groups/735051","WM7W3833","FAILR6YN","10.1152/jn.00891.2006","Musselman","2007","Loading the Limb During Rhythmic Leg Movements Lengthens the Duration of Both Flexion and Extension in Human Infants","True","C:\Users\Ben Bolen\Zotero\storage\FAILR6YN\Kristin E. Musselman et al. - 2007 - Loading the Limb During Rhythmic Leg Movements Len.pdf"
"groups/735051","YR8533YK","ELEQG8AT","10.1152/jn.01177.2006","Guevremont","2007","Physiologically based controller for generating overground locomotion using functional electrical stimulation.","True","C:\Users\Ben Bolen\Zotero\storage\ELEQG8AT\Lisa Guevremont et al. - 2007 - Physiologically based controller for generating ov.pdf"
"groups/735051","AJS9GUJJ","DI97SX32","10.1113/jphysiol.2008.158105","Szokol","2008","Differential origin of reticulospinal drive to motoneurons innervating trunk and hindlimb muscles in the mouse revealed by optical recording","True","C:\Users\Ben Bolen\Zotero\storage\DI97SX32\Karolina Szokol et al. - 2008 - Differential origin of reticulospinal drive to mot.pdf"
"groups/735051","VJM3EB85","CMV36GP2","10.1111/j.1469-7793.1999.00691.x","Perreault","1999","Depression of muscle and cutaneous afferent-evoked monosynaptic field potentials during fictive locomotion in the cat.","True","C:\Users\Ben Bolen\Zotero\storage\CMV36GP2\Marie−Claude Perreault et al. - 1999 - Depression of muscle and cutaneous afferent-evoked.pdf"
"groups/735051","EFI559B5","C8FIG7VR","10.1016/j.neuron.2014.02.013","Zhang","2014","V1 and V2b Interneurons Secure the Alternating Flexor-Extensor Motor Activity Mice Require for Limbed Locomotion","True","C:\Users\Ben Bolen\Zotero\storage\C8FIG7VR\Jingming Zhang et al. - 2014 - V1 and V2b Interneurons Secure the Alternating Fle.pdf"
"groups/735051","MBPFM5Q5","B86KWK9W","10.1523/jneurosci.19-24-10966.1999","Perreault","1999","Proprioceptive Control of Extensor Activity during Fictive Scratching and Weight Support Compared to Fictive Locomotion","True","C:\Users\Ben Bolen\Zotero\storage\B86KWK9W\Marie−Claude Perreault et al. - 1999 - Proprioceptive Control of Extensor Activity during.pdf"
"groups/735051","9WSVCXQH","AWDGRYKJ","10.1089/neu.2022.0042","Audet","2022","Control of fore- and hindlimb movements and their coordination during quadrupedal locomotion across speeds in adult spinal cats","True","C:\Users\Ben Bolen\Zotero\storage\AWDGRYKJ\Johannie Audet et al. - 2022 - Control of fore- and hindlimb movements and their .pdf"
"groups/735051","AKKYQSJN","ALD2ATTC","10.1152/jn.00322.2017","Ziskind-Conhaim","2017","Diversity of molecularly defined spinal interneurons engaged in mammalian locomotor pattern generation.","True","C:\Users\Ben Bolen\Zotero\storage\ALD2ATTC\Lea Ziskind-Conhaim et al. - 2017 - Diversity of molecularly defined spinal interneuro.pdf"
"groups/735051","WL3ITEDE","9LKHHWJC","10.1038/s41467-023-39034-y","Minassian","2023","Rare phenomena of central rhythm and pattern generation in a case of complete spinal cord injury","True","C:\Users\Ben Bolen\Zotero\storage\9LKHHWJC\Karen Minassian et al. - 2023 - Rare phenomena of central rhythm and pattern gener.pdf"
"groups/735051","IK7NYETV","9HWDJ97I","10.1002/jnr.24791","Merlet","2021","Cutaneous inputs from perineal region facilitate spinal locomotor activity and modulate cutaneous reflexes from the foot in spinal cats.","True","C:\Users\Ben Bolen\Zotero\storage\9HWDJ97I\Merlet et al. - 2021 - Cutaneous inputs from perineal region facilitate s.pdf"
"groups/735051","7TCNNPS5","9EM39XQM","10.1242/jeb.056481","Bender","2011","Kinematic and behavioral evidence for a distinction between trotting and ambling gaits in the cockroach Blaberus discoidalis","True","C:\Users\Ben Bolen\Zotero\storage\9EM39XQM\John A. Bender et al. - 2011 - Kinematic and behavioral evidence for a distinctio.pdf"
"groups/735051","BHJ7SKZI","97SWS6KA","10.1113/jphysiol.1982.sp014319","Akazawa","1982","Modulation of stretch reflexes during locomotion in the mesencephalic cat","True","C:\Users\Ben Bolen\Zotero\storage\97SWS6KA\Kenzo Akazawa et al. - 1982 - Modulation of stretch reflexes during locomotion i.pdf"
"groups/735051","2VAING3I","836MUPUF","10.1113/jphysiol.1996.sp021538","Angel","1996","Group I extensor afferents evoke disynaptic EPSPs in cat hindlimb extensor motorneurones during fictive locomotion.","True","C:\Users\Ben Bolen\Zotero\storage\836MUPUF\Michael J. Angel et al. - 1996 - Group I extensor afferents evoke disynaptic EPSPs .pdf"
"groups/735051","QMFBYN5K","7R6LLRPN","10.1152/jn.00739.2014","Hurteau","2015","Effect of stimulating the lumbar skin caudal to a complete spinal cord injury on hindlimb locomotion","True","C:\Users\Ben Bolen\Zotero\storage\7R6LLRPN\Marie-France Hurteau et al. - 2015 - Effect of stimulating the lumbar skin caudal to a .pdf"
"groups/735051","87XLEY6N","7ARCKL34","10.1113/jphysiol.2005.091744","Nielsen","2005","Organization of common synaptic drive to motoneurones during fictive locomotion in the spinal cat","True","C:\Users\Ben Bolen\Zotero\storage\7ARCKL34\Jens Bo Nielsen et al. - 2005 - Organization of common synaptic drive to motoneuro.pdf"
"groups/735051","8CDGMGTP","72QBRRZS","10.1113/jphysiol.2005.095505","Stecina","2005","Parallel reflex pathways from flexor muscle afferents evoking resetting and flexion enhancement during fictive locomotion and scratch in the cat.","True","C:\Users\Ben Bolen\Zotero\storage\72QBRRZS\Katinka Stecina et al. - 2005 - Parallel reflex pathways from flexor muscle affere.pdf"
"groups/735051","5Y6JGAVN","6WPNDE7W","10.1152/jn.1998.79.4.1702","Smith","","Forms of Forward Quadrupedal Locomotion. III. A Comparison of Posture, Hindlimb Kinematics, and Motor Patterns for Downslope and Level Walking","True","C:\Users\Ben Bolen\Zotero\storage\6WPNDE7W\Judith Lee Smith et al. - Forms of Forward Quadrupedal Locomotion. III. A Co.pdf"
"groups/735051","LHB4CXHW","6PFEZI7B","10.1038/nrn2608","Goulding","2009","Circuits controlling vertebrate locomotion: moving in a new direction","True","C:\Users\Ben Bolen\Zotero\storage\6PFEZI7B\Martyn Goulding and Goulding - 2009 - Circuits controlling vertebrate locomotion moving.pdf"
"groups/735051","38Q5G82H","6I6PIITS","10.1113/jphysiol.1957.sp005794","Eccles","1957","The convergence of monosynaptic excitatory afferents on to many different species of alpha motoneurones","True","C:\Users\Ben Bolen\Zotero\storage\6I6PIITS\John C. Eccles et al. - 1957 - The convergence of monosynaptic excitatory afferen.pdf"
"groups/735051","FIS6CH64","5YGIH3JI","10.1016/j.cophys.2019.03.001","Perreault","2019","Diversity of reticulospinal systems in mammals","True","C:\Users\Ben Bolen\Zotero\storage\5YGIH3JI\Marie−Claude Perreault et al. - 2019 - Diversity of reticulospinal systems in mammals.pdf"
"groups/735051","JISFPPWE","5T43RHVU","10.3389/fncom.2013.00083","Krouchev","2013","Motor cortical regulation of sparse synergies provides a framework for the flexible control of precision walking","True","C:\Users\Ben Bolen\Zotero\storage\5T43RHVU\Nedialko I. Krouchev et al. - 2013 - Motor cortical regulation of sparse synergies prov.pdf"
"groups/735051","TKDPKVYG","5753UKIN","10.1152/jn.00550.2017","Ausborn","2018","State-dependent rhythmogenesis and frequency control in a half-center locomotor CPG","True","C:\Users\Ben Bolen\Zotero\storage\5753UKIN\Jessica Ausborn et al. - 2018 - State-dependent rhythmogenesis and frequency contr.pdf"
"groups/735051","PHUMZDCQ","4WH3SZG4","10.1113/jphysiol.2006.113043","Perreault","2006","Contribution of morphology and membrane resistance to integration of fast synaptic signals in two thalamic cell types","True","C:\Users\Ben Bolen\Zotero\storage\4WH3SZG4\Marie−Claude Perreault et al. - 2006 - Contribution of morphology and membrane resistance.pdf"
"groups/735051","W3X6VNXS","4DYM9CRS","10.1523/jneurosci.2005-13.2013","Borowska","2013","Functional subpopulations of V3 interneurons in the mature mouse spinal cord.","True","C:\Users\Ben Bolen\Zotero\storage\4DYM9CRS\Joanna Borowska et al. - 2013 - Functional subpopulations of V3 interneurons in th.pdf"
"groups/735051","TGZNDLYX","2U75IEJK","10.1111/j.1469-7793.2000.t01-1-00549.x","Quevedo","2000","Group I disynaptic excitation of cat hindlimb flexor and bifunctional motoneurones during fictive locomotion.","True","C:\Users\Ben Bolen\Zotero\storage\2U75IEJK\Jorge Quevedo et al. - 2000 - Group I disynaptic excitation of cat hindlimb flex.pdf"
"groups/735051","Q5MP2IAN","ZKGP9D4W","10.3390/biomimetics4010010","Young","2019","Analyzing Moment Arm Profiles in a Full-Muscle Rat Hindlimb Model","True","C:\Users\Ben Bolen\Zotero\storage\ZKGP9D4W\Fletcher R. Young et al. - 2019 - Analyzing Moment Arm Profiles in a Full-Muscle Rat.pdf"
"groups/735051","BQ64GJGT","YLMTFEIF","10.14814/phy2.13504","Yokoyama","2017","Motor module activation sequence and topography in the spinal cord during air-stepping in human: Insights into the traveling wave in spinal locomotor circuits.","True","C:\Users\Ben Bolen\Zotero\storage\YLMTFEIF\Haruki Yokoyama et al. - 2017 - Motor module activation sequence and topography in.pdf"
"groups/735051","7PJ2W8YW","WAU7DRIS","10.1113/jphysiol.2013.261115","Rybak","2013","Modelling genetic reorganization in the mouse spinal cord affecting left–right coordination during locomotion","True","C:\Users\Ben Bolen\Zotero\storage\WAU7DRIS\Ilya A. Rybak et al. - 2013 - Modelling genetic reorganization in the mouse spin.pdf"
"groups/735051","QC9JNT3X","U3T3LR6D","10.1523/jneurosci.4849-09.2010","Zhong","2010","Electrophysiological Characterization of V2a Interneurons and Their Locomotor-Related Activity in the Neonatal Mouse Spinal Cord","True","C:\Users\Ben Bolen\Zotero\storage\U3T3LR6D\Guisheng Zhong et al. - 2010 - Electrophysiological Characterization of V2a Inter.pdf"
"groups/735051","BBW4I5LA","T54HA5Z2","10.7939/r3-jt04-kz83","Haque","2019","Characterization of WT1-expressing interneurons and investigation of their role in locomotion","True","C:\Users\Ben Bolen\Zotero\storage\T54HA5Z2\Farhia Haque and Haque - 2019 - Characterization of WT1-expressing interneurons an.pdf"
"groups/735051","U665C35B","TIY8SZMQ","10.1113/jphysiol.1993.sp019498","Beloozerova","1993","The role of the motor cortex in the control of accuracy of locomotor movements in the cat.","True","C:\Users\Ben Bolen\Zotero\storage\TIY8SZMQ\Irina N. Beloozerova et al. - 1993 - The role of the motor cortex in the control of acc.pdf"
"groups/735051","GDZME6MB","T7JV83CR","10.1016/s0960-9822(01)00581-4","Marder","2001","Central pattern generators and the control of rhythmic movements","True","C:\Users\Ben Bolen\Zotero\storage\T7JV83CR\Eve Marder et al. - 2001 - Central pattern generators and the control of rhyt.pdf"
"groups/735051","IGF9P8IQ","QYQFFZZ3","10.1088/1748-3190/aada54","Duysens","2018","Walking with perturbations: a guide for biped humans and robots","True","C:\Users\Ben Bolen\Zotero\storage\QYQFFZZ3\Jaak Duysens et al. - 2018 - Walking with perturbations a guide for biped huma.pdf"
"groups/735051","CIGEXD4I","PW7NJ7IF","10.1523/eneuro.0069-15.2015","Rybak","2015","Organization of the Mammalian Locomotor CPG: Review of Computational Model and Circuit Architectures Based on Genetically Identified Spinal Interneurons(1,2,3).","True","C:\Users\Ben Bolen\Zotero\storage\PW7NJ7IF\Ilya A. Rybak et al. - 2015 - Organization of the Mammalian Locomotor CPG Revie.pdf"
"groups/735051","YR4KNAFX","PM2TDRDN","10.1111/j.1460-9568.2010.07354.x","Jankowska","2010","Functional subdivision of feline spinal interneurons in reflex pathways from group Ib and II muscle afferents; an update.","True","C:\Users\Ben Bolen\Zotero\storage\PM2TDRDN\E. Jankowska et al. - 2010 - Functional subdivision of feline spinal interneuro.pdf"
"groups/735051","QF94MHRJ","NFLA6TZ9","10.1523/jneurosci.3338-09.2009","Chiel","2009","The Brain in Its Body: Motor Control and Sensing in a Biomechanical Context","True","C:\Users\Ben Bolen\Zotero\storage\NFLA6TZ9\Hillel J. Chiel et al. - 2009 - The Brain in Its Body Motor Control and Sensing i.pdf"
"groups/735051","4FZTNX59","M64JTJ5S","10.1016/j.arcontrol.2019.04.004","Duysens","2019","A controller perspective on biological gait control: Reflexes and central pattern generators","True","C:\Users\Ben Bolen\Zotero\storage\M64JTJ5S\Jaak Duysens et al. - 2019 - A controller perspective on biological gait contro.pdf"
"groups/735051","IDW58ZH9","LYRNY4PE","10.3389/fnsys.2022.814028","Harnie","2022","State- and Condition-Dependent Modulation of the Hindlimb Locomotor Pattern in Intact and Spinal Cats Across Speeds","True","C:\Users\Ben Bolen\Zotero\storage\LYRNY4PE\Harnie et al. - 2022 - State- and Condition-Dependent Modulation of the H.pdf"
"groups/735051","MYPXKF6E","LI89AQGW","10.1152/jn.1997.77.6.3311","Zehr","1997","Cutaneous Reflexes During Human Gait: Electromyographic and Kinematic Responses to Electrical Stimulation","True","C:\Users\Ben Bolen\Zotero\storage\LI89AQGW\E. Paul Zehr et al. - 1997 - Cutaneous Reflexes During Human Gait Electromyogr.pdf"
"groups/735051","XRNWLLJZ","LHG67PEV","10.1038/ncomms1276","Zhong","2011","Frequency-dependent recruitment of V2a interneurons during fictive locomotion in the mouse spinal cord","True","C:\Users\Ben Bolen\Zotero\storage\LHG67PEV\Guisheng Zhong et al. - 2011 - Frequency-dependent recruitment of V2a interneuron.pdf"
"groups/735051","SPM6IQ25","KTI6QSKD","10.3389/fncel.2019.00452","Li","2019","Flexor and Extensor Ankle Afferents Broadly Innervate Locomotor Spinal Shox2 Neurons and Induce Similar Effects in Neonatal Mice.","True","C:\Users\Ben Bolen\Zotero\storage\KTI6QSKD\Erik Z. Li et al. - 2019 - Flexor and Extensor Ankle Afferents Broadly Innerv.pdf"
"groups/735051","WQ2NV7UX","KHKVK2XU","10.3727/096368911x627598","Boulland","2012","Evaluation of intracellular labeling with micron-sized particles of iron oxide (MPIOs) as a general tool for in vitro and in vivo tracking of human stem and progenitor cells.","True","C:\Users\Ben Bolen\Zotero\storage\KHKVK2XU\Jean‐Luc Boulland et al. - 2012 - Evaluation of intracellular labeling with micron-s.pdf"
"groups/735051","LVQ3W94U","JGRB34M5","10.1113/jphysiol.1981.sp013556","Jankowska","1981","Common interneurones in reflex pathways from group 1a and 1b afferents of ankle extensors in the cat.","True","C:\Users\Ben Bolen\Zotero\storage\JGRB34M5\E. Jankowska et al. - 1981 - Common interneurones in reflex pathways from group.pdf"
"groups/735051","X6WWDU6W","IYPGFJZ9","10.21203/rs.3.rs-153297/v1","Sutton","2021","Neural control of rhythmic limb motion is shaped by size and speed","True","C:\Users\Ben Bolen\Zotero\storage\IYPGFJZ9\Gregory P. Sutton et al. - 2021 - Neural control of rhythmic limb motion is shaped b.pdf"
"groups/735051","VIUVNZ9D","HQSP8NJ9","10.1523/jneurosci.15-07-04943.1995","Cazalets","1995","Localization and organization of the central pattern generator for hindlimb locomotion in newborn rat","True","C:\Users\Ben Bolen\Zotero\storage\HQSP8NJ9\Jean‐René Cazalets et al. - 1995 - Localization and organization of the central patte.pdf"
"groups/735051","E8TWECEU","H6H8A33F","10.1152/jn.00325.2004","Donelan","2004","Contribution of Force Feedback to Ankle Extensor Activity in Decerebrate Walking Cats","True","C:\Users\Ben Bolen\Zotero\storage\H6H8A33F\J. Maxwell Donelan et al. - 2004 - Contribution of Force Feedback to Ankle Extensor A.pdf"
"groups/735051","BNU2P88N","GWF5UTX7","10.1152/physrev.2001.81.2.539","Bosco","2001","Proprioception from a spinocerebellar perspective.","True","C:\Users\Ben Bolen\Zotero\storage\GWF5UTX7\Gianfranco Bosco et al. - 2001 - Proprioception from a spinocerebellar perspective..pdf"
"groups/735051","U7R97UMB","GRUXIVIC","10.1152/jn.00888.2005","Duysens","2006","How deletions in a model could help explain deletions in the laboratory.","True","C:\Users\Ben Bolen\Zotero\storage\GRUXIVIC\Jacques Duysens et al. - 2006 - How deletions in a model could help explain deleti.pdf"
"groups/735051","VTQSGATZ","FVJCENYZ","10.1038/s41598-021-90058-0","Stark","2021","A three-dimensional musculoskeletal model of the dog.","True","C:\Users\Ben Bolen\Zotero\storage\FVJCENYZ\Heiko Stark et al. - 2021 - A three-dimensional musculoskeletal model of the d.pdf"
"groups/735051","V86SJ8GW","EL8TKY6M","10.7554/elife.73424","Zhang","2022","The role of V3 neurons in speed-dependent interlimb coordination during locomotion in mice.","True","C:\Users\Ben Bolen\Zotero\storage\EL8TKY6M\Han Zhang et al. - 2022 - The role of V3 neurons in speed-dependent interlim.pdf"
"groups/735051","G96FE7FF","CUD2RGIF","10.1152/jn.90918.2008","Donelan","2009","Force Regulation of Ankle Extensor Muscle Activity in Freely Walking Cats","True","C:\Users\Ben Bolen\Zotero\storage\CUD2RGIF\J. Maxwell Donelan et al. - 2009 - Force Regulation of Ankle Extensor Muscle Activity.pdf"
"groups/735051","YB3UHSM3","BG6SY4ZA","10.1152/physrev.2000.80.1.83","Duysens","2000","Load-regulating mechanisms in gait and posture: comparative aspects.","True","C:\Users\Ben Bolen\Zotero\storage\BG6SY4ZA\Jaak Duysens et al. - 2000 - Load-regulating mechanisms in gait and posture co.pdf"
"groups/735051","KGJXYZ8C","B9L7KKTL","10.1101/2021.09.01.458603","Zhang","2021","The role of V3 neurons in speed-dependent interlimb coordination during locomotion in mice","True","C:\Users\Ben Bolen\Zotero\storage\B9L7KKTL\Han Zhang et al. - 2021 - The role of V3 neurons in speed-dependent interlim.pdf"
"groups/735051","UGXGI43U","A6QT23WR","10.1152/jn.00020.2021","Hachmann","2021","Epidural spinal cord stimulation as an intervention for motor recovery after motor complete spinal cord injury.","True","C:\Users\Ben Bolen\Zotero\storage\A6QT23WR\Jan T. Hachmann et al. - 2021 - Epidural spinal cord stimulation as an interventio.pdf"
"groups/735051","HWV42587","9EUZD68F","10.1152/jn.00496.2003","Gagnon","2003","Contribution of Cutaneous Inputs From the Hindpaw to the Control of Locomotion. I. Intact Cats","True","C:\Users\Ben Bolen\Zotero\storage\9EUZD68F\Gagnon et al. - 2003 - Contribution of Cutaneous Inputs From the Hindpaw .pdf"
"groups/735051","U8ZKDZJI","7ZVT46ZE","10.1002/cne.20711","Álvarez","2005","Postnatal Phenotype and Localization of Spinal Cord V1 Derived Interneurons","True","C:\Users\Ben Bolen\Zotero\storage\7ZVT46ZE\Francisco J. Álvarez et al. - 2005 - Postnatal Phenotype and Localization of Spinal Cor.pdf"
"groups/735051","WDB5LBKX","6YUNDHJE","10.3389/fncom.2013.00014","Duysens","2013","The flexion synergy, mother of all synergies and father of new models of gait","True","C:\Users\Ben Bolen\Zotero\storage\6YUNDHJE\Jacques Duysens et al. - 2013 - The flexion synergy, mother of all synergies and f.pdf"
"groups/735051","IQJ3CPKF","5VM3HZRD","10.1152/jn.1999.81.2.758","Hiebert","1999","Contribution of Sensory Feedback to the Generation of Extensor Activity During Walking in the Decerebrate Cat","True","C:\Users\Ben Bolen\Zotero\storage\5VM3HZRD\Gordon W. Hiebert et al. - 1999 - Contribution of Sensory Feedback to the Generation.pdf"
"groups/735051","MKF3AHPD","4YL4KI3J","10.1101/2020.07.17.205351","Latash","2020","On the organization of the locomotor CPG: insights from split-belt locomotion and mathematical modeling","True","C:\Users\Ben Bolen\Zotero\storage\4YL4KI3J\Elizaveta M. Latash et al. - 2020 - On the organization of the locomotor CPG insights.pdf"
"groups/735051","5NUNXI7A","4G8A9XJ5","10.1016/s0966-6362(97)00042-8","Duysens","1998","Neural control of locomotion; Part 1: The central pattern generator from cats to humans","True","C:\Users\Ben Bolen\Zotero\storage\4G8A9XJ5\Jacques Duysens et al. - 1998 - Neural control of locomotion; Part 1 The central .pdf"
"groups/735051","2WBH5CPN","46DFAXXW","10.1101/2020.07.16.205856","Stark","2020","A three-dimensional musculoskeletal model of the dog","True","C:\Users\Ben Bolen\Zotero\storage\46DFAXXW\Heiko Stark et al. - 2020 - A three-dimensional musculoskeletal model of the d.pdf"
"groups/735051","4ME7NZ5I","XHKBK4N3","10.1101/226316","Schnerwitzki","2017","Loss of Wt1 in the murine spinal cord alters interneuron composition and locomotion","True","C:\Users\Ben Bolen\Zotero\storage\XHKBK4N3\Danny Schnerwitzki et al. - 2017 - Loss of Wt1 in the murine spinal cord alters inter.pdf"
"groups/735051","TM5X2YHN","XCKUH74E","10.1152/jn.01028.2009","Frigon","2010","Effects of ankle and hip muscle afferent inputs on rhythm generation during fictive locomotion.","True","C:\Users\Ben Bolen\Zotero\storage\XCKUH74E\Alain Frigon et al. - 2010 - Effects of ankle and hip muscle afferent inputs on.pdf"
"groups/735051","ASEBG8N3","WSDN43XC","10.3389/fncir.2023.1146449","Wilson","2023","Spinal cords: Symphonies of interneurons across species","True","C:\Users\Ben Bolen\Zotero\storage\WSDN43XC\Alexia C. Wilson and Lora B. Sweeney - 2023 - Spinal cords Symphonies of interneurons across sp.pdf"
"groups/735051","HCIGKHQU","WKFHHGZW","10.1152/jn.00204.2023","Dubuc","2023","Locomotor pattern generation and descending control: a historical perspective","True","C:\Users\Ben Bolen\Zotero\storage\WKFHHGZW\Réjean Dubuc et al. - 2023 - Locomotor pattern generation and descending contro.pdf"
"groups/735051","TVQKRX4Y","SUT6XHYH","10.1152/jn.00347.2019","Maxwell","2020","The mammalian spinal commissural system: properties and functions.","True","C:\Users\Ben Bolen\Zotero\storage\SUT6XHYH\David Maxwell et al. - 2020 - The mammalian spinal commissural system propertie.pdf"
"groups/735051","S64I2Q2N","RW5DJ48S","10.1152/jn.00310.2020","Klishko","2021","Common and distinct muscle synergies during level and slope locomotion in the cat.","True","C:\Users\Ben Bolen\Zotero\storage\RW5DJ48S\Alexander N. Klishko et al. - 2021 - Common and distinct muscle synergies during level .pdf"
"groups/735051","6Q73S5A7","R6BHSN65","10.1523/jneurosci.0612-22.2022","Dewolf","2022","Left-right locomotor coordination in human neonates","True","C:\Users\Ben Bolen\Zotero\storage\R6BHSN65\Dewolf et al. - 2022 - Left-right locomotor coordination in human neonate.pdf"
"groups/735051","NPRY3ATJ","N2G3I2KH","10.1152/jn.00194.2019","LaPallo","2019","Crossed activation of thoracic trunk motoneurons by medullary reticulospinal neurons.","True","C:\Users\Ben Bolen\Zotero\storage\N2G3I2KH\Brandon K. LaPallo et al. - 2019 - Crossed activation of thoracic trunk motoneurons b.pdf"
"groups/735051","AY7CA699","K4QIEY68","10.1016/j.neuron.2011.07.011","Talpalar","2011","Identification of Minimal Neuronal Networks Involved in Flexor-Extensor Alternation in the Mammalian Spinal Cord","True","C:\Users\Ben Bolen\Zotero\storage\K4QIEY68\Adolfo E. Talpalar et al. - 2011 - Identification of Minimal Neuronal Networks Involv.pdf"
"groups/735051","HWCLM4YA","JNUDIFT8","10.1111/j.1469-7793.1998.293bu.x","Procházka","1998","Ensemble firing of muscle afferents recorded during normal locomotion in cats","True","C:\Users\Ben Bolen\Zotero\storage\JNUDIFT8\A. Procházka et al. - 1998 - Ensemble firing of muscle afferents recorded durin.pdf"
"groups/735051","3E3LAACP","ITXRUXWN","10.1242/jeb.245784","Ijspeert","2023","Integration of feedforward and feedback control in the neuromechanics of vertebrate locomotion: a review of experimental, simulation and robotic studies","True","C:\Users\Ben Bolen\Zotero\storage\ITXRUXWN\Auke Jan Ijspeert and Monica A. Daley - 2023 - Integration of feedforward and feedback control in.pdf"
"groups/735051","ZKXCP2IA","HKLQRRWE","10.1523/jneurosci.5894-08.2010","Hart","2010","A Neural Basis for Motor Primitives in the Spinal Cord","True","C:\Users\Ben Bolen\Zotero\storage\HKLQRRWE\Corey B. Hart et al. - 2010 - A Neural Basis for Motor Primitives in the Spinal .pdf"
"groups/735051","632ULWPS","GTLH6GDM","10.1152/jn.00615.2004","Büschges","2005","Sensory control and organization of neural networks mediating coordination of multisegmental organs for locomotion.","True","C:\Users\Ben Bolen\Zotero\storage\GTLH6GDM\Ansgar Büschges and Büschges - 2005 - Sensory control and organization of neural network.pdf"
"groups/735051","MTERN9VC","FUXM6NC3","10.1152/jn.00909.2004","Langlet","2005","Mid-Lumbar Segments Are Needed for the Expression of Locomotion in Chronic Spinal Cats","True","C:\Users\Ben Bolen\Zotero\storage\FUXM6NC3\Cécile Langlet et al. - 2005 - Mid-Lumbar Segments Are Needed for the Expression .pdf"
"groups/735051","ECYZ7X7Z","FAUPB3W2","10.1152/jn.00978.2016","Frigon","2017","The neural control of interlimb coordination during mammalian locomotion.","True","C:\Users\Ben Bolen\Zotero\storage\FAUPB3W2\Alain Frigon and Frigon - 2017 - The neural control of interlimb coordination durin.pdf"
"groups/735051","4QA8TVZM","FCUUV7XK","10.3389/fnins.2018.00053","Jean-Xavier","2018","Influence of Brain Stem on Axial and Hindlimb Spinal Locomotor Rhythm Generating Circuits of the Neonatal Mouse.","True","C:\Users\Ben Bolen\Zotero\storage\FCUUV7XK\Céline Jean-Xavier et al. - 2018 - Influence of Brain Stem on Axial and Hindlimb Spin.pdf"
"groups/735051","HFIH3LDY","E4CLZKBS","10.1016/j.conb.2015.03.001","McLean","2015","Peeling back the layers of locomotor control in the spinal cord","True","C:\Users\Ben Bolen\Zotero\storage\E4CLZKBS\David L. McLean et al. - 2015 - Peeling back the layers of locomotor control in th.pdf"
"groups/735051","TQIV2N3H","DAIIEG46","10.1146/annurev-neuro-083122-025325","Sengupta","2023","Spinal Interneurons: Diversity and Connectivity in Motor Control","True","C:\Users\Ben Bolen\Zotero\storage\DAIIEG46\Mohini Sengupta and Martha W. Bagnall - 2023 - Spinal Interneurons Diversity and Connectivity in.pdf"
"groups/735051","EFRY6KCZ","D3FHJCHK","10.1113/jphysiol.1983.sp014663","Jankowska","1983","Shared reflex pathways from Ib tendon organ afferents and Ia muscle spindle afferents in the cat.","True","C:\Users\Ben Bolen\Zotero\storage\D3FHJCHK\E. Jankowska et al. - 1983 - Shared reflex pathways from Ib tendon organ affere.pdf"
"groups/735051","TJMXG66E","CK4PM8WI","10.7939/r3639kg5w","Griener","2016","Connectivity and Regional Distribution of Constituent Cells of the Mammalian Locomotor Central Pattern Generator","True","C:\Users\Ben Bolen\Zotero\storage\CK4PM8WI\Anna Griener and Griener - 2016 - Connectivity and Regional Distribution of Constitu.pdf"
"groups/735051","WP5FBPY8","C6D9SLVE","10.1523/jneurosci.06-05-01308.1986","Capaday","1986","Amplitude modulation of the soleus H-reflex in the human during walking and standing","True","C:\Users\Ben Bolen\Zotero\storage\C6D9SLVE\Charles Capaday et al. - 1986 - Amplitude modulation of the soleus H-reflex in the.pdf"
"groups/735051","YDFMUQYA","BSR2ENKS","10.1152/jn.1999.81.4.1856","Hess","1999","Role of Proprioceptive Signals From an Insect Femur-Tibia Joint in Patterning Motoneuronal Activity of an Adjacent Leg Joint","True","C:\Users\Ben Bolen\Zotero\storage\BSR2ENKS\Dietmar Hess et al. - 1999 - Role of Proprioceptive Signals From an Insect Femu.pdf"
"groups/735051","7QQUBZVX","BPMLQY4B","10.3389/fncel.2019.00512","Laliberté","2019","Propriospinal Neurons: Essential Elements of Locomotor Control in the Intact and Possibly the Injured Spinal Cord.","True","C:\Users\Ben Bolen\Zotero\storage\BPMLQY4B\Alex M. Laliberté et al. - 2019 - Propriospinal Neurons Essential Elements of Locom.pdf"
"groups/735051","MVRTJMTD","9Y7V3PTS","10.1152/jn.00524.2013","Frigon","2014","Speed-dependent modulation of phase variations on a step-by-step basis and its impact on the consistency of interlimb coordination during quadrupedal locomotion in intact adult cats","True","C:\Users\Ben Bolen\Zotero\storage\9Y7V3PTS\Alain Frigon et al. - 2014 - Speed-dependent modulation of phase variations on .pdf"
"groups/735051","WTJP495V","97LN7PQM","10.1523/jneurosci.3931-12.2013","Frigon","2013","Split-belt walking alters the relationship between locomotor phases and cycle duration across speeds in intact and chronic spinalized adult cats.","True","C:\Users\Ben Bolen\Zotero\storage\97LN7PQM\Alain Frigon et al. - 2013 - Split-belt walking alters the relationship between.pdf"
"groups/735051","PEK4ELY5","7TBPMM9A","10.1113/jphysiol.1995.sp020897","McCrea","1995","Disynaptic group I excitation of synergist ankle extensor motoneurones during fictive locomotion in the cat.","True","C:\Users\Ben Bolen\Zotero\storage\7TBPMM9A\David A. McCrea et al. - 1995 - Disynaptic group I excitation of synergist ankle e.pdf"
"groups/735051","KXUFWA7P","7GQYFSBM","10.1016/j.celrep.2018.08.095","Chopek","2018","Sub-populations of Spinal V3 Interneurons Form Focal Modules of Layered Pre-motor Microcircuits.","True","C:\Users\Ben Bolen\Zotero\storage\7GQYFSBM\Chopek et al. - 2018 - Sub-populations of Spinal V3 Interneurons Form Foc.pdf"
"groups/735051","XDA3LUST","75GBQJZ4","10.3389/fnbot.2017.00018","Hunt","2017","Development and Training of a Neural Controller for Hind Leg Walking in a Dog Robot","True","C:\Users\Ben Bolen\Zotero\storage\75GBQJZ4\Alexander Hunt et al. - 2017 - Development and Training of a Neural Controller fo.pdf"
"groups/735051","KSKFEU3H","6LI6JDZX","10.1007/s00422-016-0704-8","Lyttle","2017","Robustness, flexibility, and sensitivity in a multifunctional motor control model","True","C:\Users\Ben Bolen\Zotero\storage\6LI6JDZX\David Lyttle et al. - 2017 - Robustness, flexibility, and sensitivity in a mult.pdf"
"groups/735051","34X4264E","6HC4Y9W5","10.1113/jphysiol.1910.sp001362","Sherrington","1910","Flexion-reflex of the limb, crossed extension-reflex, and reflex stepping and standing.","True","C:\Users\Ben Bolen\Zotero\storage\6HC4Y9W5\C. S. Sherrington and Sherrington - 1910 - Flexion-reflex of the limb, crossed extension-refl.pdf"
"groups/735051","F6K7B3NX","66YGTFVA","10.1152/jn.1997.77.6.3237","Procházka","1997","Implications of Positive Feedback in the Control of Movement","True","C:\Users\Ben Bolen\Zotero\storage\66YGTFVA\A. Procházka et al. - 1997 - Implications of Positive Feedback in the Control o.pdf"
"groups/735051","WZQ9ALUW","52I5QGQE","10.1093/icb/icm065","Procházka","2007","Predictive and reactive tuning of the locomotor CPG","True","C:\Users\Ben Bolen\Zotero\storage\52I5QGQE\A. Procházka et al. - 2007 - Predictive and reactive tuning of the locomotor CP.pdf"
"groups/735051","GCLWV2QE","4IB7BGFY","10.1152/jn.00996.2009","Hinckley","2010","Sensory Modulation of Locomotor-Like Membrane Oscillations in Hb9-Expressing Interneurons","True","C:\Users\Ben Bolen\Zotero\storage\4IB7BGFY\Christopher A. Hinckley et al. - 2010 - Sensory Modulation of Locomotor-Like Membrane Osci.pdf"
"groups/735051","ZW7QJCRI","29UKPRB7","10.1113/jphysiol.2009.176669","Frigon","2009","Asymmetric control of cycle period by the spinal locomotor rhythm generator in the adult cat.","True","C:\Users\Ben Bolen\Zotero\storage\29UKPRB7\Alain Frigon et al. - 2009 - Asymmetric control of cycle period by the spinal l.pdf"
"groups/735051","CIJX65PH","8VHHH9ER","10.1038/s41598-024-57149-0","Mohammadi Nejad Rashty","2024","Role of compliant mechanics and motor control in hopping - from human to robot","True","C:\Users\Ben Bolen\Zotero\storage\8VHHH9ER\Mohammadi Nejad Rashty et al. - 2024 - Role of compliant mechanics and motor control in h.pdf"
"groups/735051","QYIA9XQY","3V6B9EHT","10.1088/1748-3190/ac1ced","Szczecinski","2021","A computational model of insect campaniform sensilla predicts encoding of forces during walking","True","C:\Users\Ben Bolen\Zotero\storage\3V6B9EHT\Szczecinski et al. - 2021 - A computational model of insect campaniform sensil.pdf"
"groups/735051","IDWZX38H","ST8G5JNV","10.3390/biomimetics7040226","Deng","2022","Biomechanical and Sensory Feedback Regularize the Behavior of Different Locomotor Central Pattern Generators","True","C:\Users\Ben Bolen\Zotero\storage\ST8G5JNV\Deng et al. - 2022 - Biomechanical and Sensory Feedback Regularize the .pdf"
"groups/735051","GJLDANTN","QT3XSTSW","10.1152/jn.00414.2023","Zill","2024","Mechanosensory encoding of forces in walking uphill and downhill: force feedback can stabilize leg movements in stick insects","True","C:\Users\Ben Bolen\Zotero\storage\QT3XSTSW\Zill et al. - 2024 - Mechanosensory encoding of forces in walking uphil.pdf"
"groups/735051","JHZ7AFBY","YQX85I6M","10.1088/1748-3190/ad1db9","Dinges","2024","Mechanical modeling of mechanosensitive insect strain sensors as a tool to investigate exoskeletal interfaces","True","C:\Users\Ben Bolen\Zotero\storage\YQX85I6M\Dinges et al. - 2024 - Mechanical modeling of mechanosensitive insect str.pdf"
"groups/735051","GUG8HUIH","Q7F352QK","10.1093/pnasnexus/pgad298","Sutton","2023","Phase shift between joint rotation and actuation reflects dominant forces and predicts muscle activation patterns","True","C:\Users\Ben Bolen\Zotero\storage\Q7F352QK\Sutton et al. - 2023 - Phase shift between joint rotation and actuation r.pdf"
"groups/735051","L8RDXISZ","5J3G9TNP","","McNeal","2023","Advancing an SNS-driven bipedal balance controller","True","C:\Users\Ben Bolen\Zotero\storage\5J3G9TNP\McNeal - 2023 - Advancing an SNS-driven bipedal balance controller.pdf"
"groups/735051","IWSR7NYL","R7SPEQXV","10.3390/s17071514","Zhang","2017","A Force-Sensing System on Legs for Biomimetic Hexapod Robots Interacting with Unstructured Terrain","True","C:\Users\Ben Bolen\Zotero\storage\R7SPEQXV\Zhang et al. - 2017 - A Force-Sensing System on Legs for Biomimetic Hexa.pdf"
"groups/735051","893TQWRC","RI4TN3UY","10.1113/ep090765","Blumer","2024","Proprioceptors in extraocular muscles","True","C:\Users\Ben Bolen\Zotero\storage\RI4TN3UY\Blumer et al. - 2024 - Proprioceptors in extraocular muscles.pdf"
"groups/735051","UPM689S4","F3MI78ZF","10.1016/j.cub.2016.06.070","Tuthill","2016","Mechanosensation and adaptive motor control in insects","True","C:\Users\Ben Bolen\Zotero\storage\F3MI78ZF\Tuthill and Wilson - 2016 - Mechanosensation and adaptive motor control in ins.pdf"
"groups/735051","K992J9SR","4MVC9DXS","10.3390/polym12071529","Wickramasinghe","2020","FDM-Based 3D Printing of Polymer and Associated Composite: A Review on Mechanical Properties, Defects and Treatments","True","C:\Users\Ben Bolen\Zotero\storage\4MVC9DXS\Wickramasinghe et al. - 2020 - FDM-Based 3D Printing of Polymer and Associated Co.pdf"
"groups/735051","ZTDW3WCC","3S5NTRW6","10.1557/jmr.2014.212","Love","2014","The importance of carbon fiber to polymer additive manufacturing","True","C:\Users\Ben Bolen\Zotero\storage\3S5NTRW6\Love et al. - 2014 - The importance of carbon fiber to polymer additive.pdf"
"groups/735051","DNRJF4TQ","7KHW6BE5","10.1155/2016/8539694","Noah","2016","Study of Thermal Properties of Mixed (PP/EPR)/ABS with Five Model Compatibilizers","True","C:\Users\Ben Bolen\Zotero\storage\7KHW6BE5\Noah et al. - 2016 - Study of Thermal Properties of Mixed (PPEPR)ABS .pdf"
"groups/735051","YEVBMH6F","8TSMB2EH","10.1126/science.1254486","Ijspeert","2014","Biorobotics: Using robots to emulate and investigate agile locomotion","True","C:\Users\Ben Bolen\Zotero\storage\8TSMB2EH\Ijspeert - 2014 - Biorobotics Using robots to emulate and investiga.pdf"
"groups/735051","FXN2J5HC","RHFYK95U","","Unknown","","Recent advances in 3D printing of biomaterials | Journal of Biological Engineering | Full Text","True","C:\Users\Ben Bolen\Zotero\storage\RHFYK95U\Recent advances in 3D printing of biomaterials  J.pdf"
"groups/735051","KS9QTJNG","DHIQI9YG","10.7759/cureus.28463","Sachdev","2022","A Review on Techniques and Biomaterials Used in 3D Bioprinting","True","C:\Users\Ben Bolen\Zotero\storage\DHIQI9YG\Sachdev et al. - 2022 - A Review on Techniques and Biomaterials Used in 3D.pdf"
"groups/735051","9UTCYN93","THAMLJ7W","10.1109/iros.2006.282229","Kingsley","2006","A Cockroach Inspired Robot With Artificial Muscles","True","C:\Users\Ben Bolen\Zotero\storage\THAMLJ7W\Kingsley, Quinn, Ritzmann - 2006 - A Cockroach Inspired Robot With Artificial Muscles.pdf"
"groups/735051","VGHIBFBM","D8SLAYPD","10.15760/etd.7690","Mak","2021","Building a Biomechanical Model of a Rat Forelimb","True","C:\Users\Ben Bolen\Zotero\storage\D8SLAYPD\Mak - 2021 - Building a Biomechanical Model of a Rat Forelimb.pdf"
"groups/735051","3AEEUASB","HCSUUT4X","10.1109/robot.2002.1013661","Kingsley","2002","Fatigue life and frequency response of braided pneumatic actuators","True","C:\Users\Ben Bolen\Zotero\storage\HCSUUT4X\Kingsley, Quinn - 2002 - Fatigue life and frequency response of braided pneumatic actuators.pdf"
"groups/735051","KGCFYAIB","AQRSE7HZ","10.1088/1748-3190/aa8290","Li","2017","A neural network with central pattern generators entrained by sensory feedback controls walking of a bipedal model","True","C:\Users\Ben Bolen\Zotero\storage\AQRSE7HZ\Li et al. - 2017 - A neural network with central pattern generators e.pdf"
"groups/735051","PB54E64C","WLN8ADKT","10.3389/frobt.2021.645588","Nandor","2021","A Muscle-First, Electromechanical Hybrid Gait Restoration System in People With Spinal Cord Injury","True","C:\Users\Ben Bolen\Zotero\storage\WLN8ADKT\Nandor et al. - 2021 - A Muscle-First, Electromechanical Hybrid Gait Rest.pdf"
"groups/735051","DBMJHHCD","VT6XGVJG","10.3389/frobt.2021.710999","Liu","2021","Neural Networks Trained via Reinforcement Learning Stabilize Walking of a Three-Dimensional Biped Model With Exoskeleton Applications","True","C:\Users\Ben Bolen\Zotero\storage\VT6XGVJG\Liu et al. - 2021 - Neural Networks Trained via Reinforcement Learning.pdf"
"groups/735051","9N33SQ7P","I58ADGEN","10.3390/biomimetics4010028","Liu","2019","Implementation of Deep Deterministic Policy Gradients for Controlling Dynamic Bipedal Walking","True","C:\Users\Ben Bolen\Zotero\storage\I58ADGEN\Liu et al. - 2019 - Implementation of Deep Deterministic Policy Gradie.pdf"
"groups/735051","MTC9NJ65","FDHHEL2F","10.1186/s12984-017-0258-6","Chang","2017","A muscle-driven approach to restore stepping with an exoskeleton for individuals with paraplegia","True","C:\Users\Ben Bolen\Zotero\storage\FDHHEL2F\Chang et al. - 2017 - A muscle-driven approach to restore stepping with .pdf"
"groups/735051","AJU765RD","EMHVCMRU","10.1108/rpj-03-2016-0051","Coogan","2017","Healing simulation for bond strength prediction of FDM","True","C:\Users\Ben Bolen\Zotero\storage\EMHVCMRU\Coogan and Kazmer - 2017 - Healing simulation for bond strength prediction of.pdf"
"groups/735051","QHZPU2M5","VS85BBBF","10.1021/ma000754y","Xue","2000","Welding Behavior of Semicrystalline Polymers. 2. Effect of Cocrystallization on Autoadhesion","True","C:\Users\Ben Bolen\Zotero\storage\VS85BBBF\Xue et al. - 2000 - Welding Behavior of Semicrystalline Polymers. 2. E.pdf"
"groups/735051","9W9YN69A","8C8P8NPE","10.1016/j.polymer.2018.09.018","Northcutt","2018","Effect of processing conditions on crystallization kinetics during materials extrusion additive manufacturing","True","C:\Users\Ben Bolen\Zotero\storage\8C8P8NPE\Northcutt et al. - 2018 - Effect of processing conditions on crystallization.pdf"
"groups/735051","XJLS7P5G","JHN4R7ZT","10.1021/bk-2019-1315.ch006","Seppala","2019","Combining Modeling and Measurements To Predict Crystal Morphology in Material Extrusion","True","C:\Users\Ben Bolen\Zotero\storage\JHN4R7ZT\McIlroy et al. - 2019 - Combining Modeling and Measurements To Predict Cry.pdf"
"groups/735051","XKNEFNK9","M87F8PFJ","10.1007/s00170-018-2148-x","Tronvoll","2018","The effects of voids on structural properties of fused deposition modelled parts: a probabilistic approach","True","C:\Users\Ben Bolen\Zotero\storage\M87F8PFJ\Tronvoll et al. - 2018 - The effects of voids on structural properties of f.pdf"
"groups/735051","S9EHVGVK","94NBGURX","","Fischer","","Investigation of the structure of solution grown crystals of lactide copolymers by means of chemical reactions","True","C:\Users\Ben Bolen\Zotero\storage\94NBGURX\Fischer et al. - Investigation of the structure of solution grown c.pdf"
"groups/735051","CYWB935K","K36ABQZE","10.1039/c7sm00950j","Seppala","2017","Weld formation during material extrusion additive manufacturing","True","C:\Users\Ben Bolen\Zotero\storage\K36ABQZE\Seppala et al. - 2017 - Weld formation during material extrusion additive .pdf"
"groups/735051","8VBGS43A","QI8QIK3K","10.1109/memb.2003.1195698","Peterka","2003","Simplifying the complexities of maintaining balance","True","C:\Users\Ben Bolen\Zotero\storage\QI8QIK3K\Peterka - 2003 - Simplifying the complexities of maintaining balanc.pdf"
"groups/735051","WEGNS7S9","M42D6EUQ","10.1038/s41598-022-15421-1","Liu","","Stiffness estimation of planar spiral spring based on Gaussian process regression","True","C:\Users\Ben Bolen\Zotero\storage\M42D6EUQ\Liu et al. - OPEN Stiffness estimation of planar spiral spring .pdf"
"groups/735051","VQGAWMM8","VT49S65I","10.1113/jp285549","Kissane","2024","Conserved mammalian muscle mechanics during eccentric contractions","True","C:\Users\Ben Bolen\Zotero\storage\VT49S65I\Kissane and Askew - 2024 - Conserved mammalian muscle mechanics during eccent.pdf"
"groups/735051","KKD59AVC","M6PW2SCV","10.1016/j.cma.2023.116181","Zhang","2023","A symmetry group based supervised learning method for solving partial differential equations","True","C:\Users\Ben Bolen\Zotero\storage\M6PW2SCV\Zhang et al. - 2023 - A symmetry group based supervised learning method .pdf"
"groups/735051","SPKNBUTB","R4ZHTT6D","","Rotman","","Semi-supervised Learning of Partial Differential Operators and Dynamical Flows","True","C:\Users\Ben Bolen\Zotero\storage\R4ZHTT6D\Rotman et al. - Semi-supervised Learning of Partial Differential O.pdf"
"groups/735051","N72MFLS8","XDKKMQUL","10.1073/pnas.1517384113","Brunton","2016","Discovering governing equations from data by sparse identification of nonlinear dynamical systems","True","C:\Users\Ben Bolen\Zotero\storage\XDKKMQUL\Brunton et al. - 2016 - Discovering governing equations from data by spars.pdf"
"groups/735051","4LC9ZCXH","LN9A3QGU","","Mialon","","Self-Supervised Learning with Lie Symmetries for Partial Differential Equations","True","C:\Users\Ben Bolen\Zotero\storage\LN9A3QGU\Mialon et al. - Self-Supervised Learning with Lie Symmetries for P.pdf"
"groups/735051","UTZUDLMA","7JHGGFD7","10.1073/pnas.1517384113","Brunton","2016","Discovering governing equations from data by sparse identification of nonlinear dynamical systems","True","C:\Users\Ben Bolen\Zotero\storage\7JHGGFD7\Brunton et al. - 2016 - Discovering governing equations from data by spars.pdf"
"groups/735051","HUZTFDQJ","N5C5VCKD","","Paszke","2017","Automatic differentiation in PyTorch","True","C:\Users\Ben Bolen\Zotero\storage\N5C5VCKD\Paszke et al. - Automatic differentiation in PyTorch.pdf"
"groups/735051","4UBYAVFF","4MQUGRSR","10.1115/1.4054441","Steele","2022","Experimental Verification of Kinematics and Kinetics in a Biomimetic Bipedal Robot","True","C:\Users\Ben Bolen\Zotero\storage\4MQUGRSR\Steele et al. - 2022 - Experimental Verification of Kinematics and Kineti.pdf"
"groups/735051","AS4WGKBZ","5ZUHUUPH","","Bolen","2019","Bipedal Robot Legs Project","True","C:\Users\Ben Bolen\Zotero\storage\5ZUHUUPH\MSME_project_presentation.pdf"
"groups/735051","8CBMCZYH","99XRH9RD","10.1007/978-3-030-64313-3_25","Morrow","2020","Optimization of Artiﬁcial Muscle Placements for a Humanoid Bipedal Robot","True","C:\Users\Ben Bolen\Zotero\storage\99XRH9RD\LM202_poster.pptx"
"groups/735051","BQ3K6NYG","RKV89Z3W","10.1007/978-3-030-24741-6_2","Bolen","2019","Determination of Artificial Muscle Placement for Biomimetic Humanoid Robot Legs","True","C:\Users\Ben Bolen\Zotero\storage\RKV89Z3W\Ben Bolen_LM2019_poster.pdf"
"groups/735051","A3KAW4NH","Z87SZZHW","","Bolen","2019","Determination of Artificial Muscle Placement for Biomimetic Humanoid Robot Legs","True","C:\Users\Ben Bolen\Zotero\storage\Z87SZZHW\UW_Robotics_Symposium.pdf"
"groups/735051","A3KAW4NH","XNHB6W7Y","","Bolen","2019","Determination of Artificial Muscle Placement for Biomimetic Humanoid Robot Legs","True","C:\Users\Ben Bolen\Zotero\storage\XNHB6W7Y\Bolen and Hunt - 2019 - Determination of Artificial Muscle Placement for B.pdf"
"groups/735051","8CBMCZYH","UPBEL3MY","10.1007/978-3-030-64313-3_25","Morrow","2020","Optimization of Artiﬁcial Muscle Placements for a Humanoid Bipedal Robot","True","C:\Users\Ben Bolen\Zotero\storage\UPBEL3MY\Morrow et al. - 2020 - Optimization of Artiﬁcial Muscle Placements for a .pdf"
"groups/735051","IXA2DMJ8","4IP69SBR","","Bolen","2019","Determination of Artificial Muscle Placement for Biomimetic Humanoid Robot Legs","True","C:\Users\Ben Bolen\Zotero\storage\4IP69SBR\Bolen - NWBS 2019 poster.pdf"
"groups/735051","IXA2DMJ8","HPNRCEV7","","Bolen","2019","Determination of Artificial Muscle Placement for Biomimetic Humanoid Robot Legs","True","C:\Users\Ben Bolen\Zotero\storage\HPNRCEV7\Bolen and Hunt - 2019 - Determination of Artificial Muscle Placement for B.pdf"
"groups/735051","5PANMAFL","I4QU6I9T","","Bolen","2023","Formal briefing to both the U.S. Congressional Neuroscience and STEAM caucuses","True","C:\Users\Ben Bolen\Zotero\storage\I4QU6I9T\Bolen - 2023 - Formal briefing to both the U.S. Congressional Neu.pdf"
"groups/735051","V6LMHPVM","HYMR38I4","","Jang","2023","The Neuroscience Club at Portland State University: Fostering engagement and collaboration in neuroscience education and outreach","True","C:\Users\Ben Bolen\Zotero\storage\HYMR38I4\Jang et al. - 2023 - The Neuroscience Club at Portland State University.pdf"
"groups/735051","Z2ZR9N9B","BQMQHJFV","","Bolen","2023","Sensory Afferent Database: Advancing towards a comprehensive understanding of sensory afferents and motor control","True","C:\Users\Ben Bolen\Zotero\storage\BQMQHJFV\Bolen et al. - 2023 - Sensory Afferent Database Advancing towards a com.pdf"
"groups/735051","YQDQPP63","RFJ2423K","","Jardin","2022","PSU Neuroscience Club - The Quest for a Neuroscience Major: Navigating Neuroscience Education via Creation of an Interdisciplinary Neuroscience Minor","True","C:\Users\Ben Bolen\Zotero\storage\RFJ2423K\SfN22_Virtual_presentation_slides.pdf"
"groups/735051","YQDQPP63","DKBBSLBM","","Jardin","2022","PSU Neuroscience Club - The Quest for a Neuroscience Major: Navigating Neuroscience Education via Creation of an Interdisciplinary Neuroscience Minor","True","C:\Users\Ben Bolen\Zotero\storage\DKBBSLBM\Jardin et al. - 2022 - PSU Neuroscience Club - The Quest for a Neuroscien.pdf"
"groups/735051","3JAXMLSR","398P7RIM","","Smith","2024","The Neuroscience Club of Portland State University 2024","True","C:\Users\Ben Bolen\Zotero\storage\398P7RIM\Abstract _Neuro_Club_PSU_local_2024.pdf"
"groups/735051","3JAXMLSR","NESWZKHI","","Smith","2024","The Neuroscience Club of Portland State University 2024","True","C:\Users\Ben Bolen\Zotero\storage\NESWZKHI\local_SfN_2024_poster.pdf"
"groups/735051","T467JGS8","QAYEVZ4K","","Bolen","2022","Portland Neuroscience Outreach with the Portland State University Neuroscience Club, NW Noggin, and the Agile and Adaptive Robotics Lab","True","C:\Users\Ben Bolen\Zotero\storage\QAYEVZ4K\Bolen - 2022 - Portland Neuroscience Outreach with the Portland S.pdf"
"groups/735051","MFMGEHTL","7AK879MR","","Bolen","2021","Torque Values About Artificial Knee Using Braided Pneumatic Actuators","True","C:\Users\Ben Bolen\Zotero\storage\7AK879MR\NWBS_2021_poster.pdf"
"groups/735051","MFMGEHTL","DZJHXDC3","","Bolen","2021","Torque Values About Artificial Knee Using Braided Pneumatic Actuators","True","C:\Users\Ben Bolen\Zotero\storage\DZJHXDC3\Bolen et al. - 2021 - Torque Values About Artificial Knee Using Braided .pdf"
"groups/735051","5G3SZVZ6","36T38DED","","Bolen","2021","Torque Values About Artificial Knee Using Braided Pneumatic Actuators","True","C:\Users\Ben Bolen\Zotero\storage\36T38DED\Bolen and Hunt, - 2021 - Torque Values About Artificial Knee Using Braided .pdf"
"groups/735051","EPQERFGT","56ITTICH","","Scharzenberger","2023","A Functional Subnetwork Approach to Coordinating Central Pattern Generators for Quadrupedal Locomotion","True","C:\Users\Ben Bolen\Zotero\storage\56ITTICH\Scharzenberger - A Functional Subnetwork Approach to Coordinating C.pdf"
"groups/735051","BHLKABX5","4S8P2ZF6","","Scharzenberger","2019","Design of a Canine Inspired Quadruped Robot as a Platform for Synthetic Neural Network Control","True","C:\Users\Ben Bolen\Zotero\storage\4S8P2ZF6\Scharzenberger - DESIGN OF A CANINE INSPIRED QUADRUPED ROBOT AS A P.pdf"
"groups/735051","QGLMHPZF","Q3W3TZII","","Scharzenberger","","A Comparison of Absolute & Relative Neural Encoding Schemes in Addition & Subtraction Functional Subnetworks⋆","True","C:\Users\Ben Bolen\Zotero\storage\Q3W3TZII\Scharzenberger and Hunt - A Comparison of Absolute & Relative Neural Encodin.pdf"
"groups/735051","YDK48ER5","TRIK79US","10.3389/fnhum.2014.00305","La Scaleia","2014","Spinal motor outputs during step-to-step transitions of diverse human gaits","True","C:\Users\Ben Bolen\Zotero\storage\TRIK79US\La Scaleia et al. - 2014 - Spinal motor outputs during step-to-step transitio.pdf"
"groups/735051","Y45BMN6I","YEGSB756","10.1109/dsd53832.2021.00083","Garaffa","2021","Revealing the Secrets of Spiking Neural Networks: The Case of Izhikevich Neuron","True","C:\Users\Ben Bolen\Zotero\storage\YEGSB756\Garaffa et al. - 2021 - Revealing the Secrets of Spiking Neural Networks .pdf"
"groups/735051","2JGSSVN9","CGRPU7NJ","10.1109/tnn.2003.820440","Izhikevich","2003","Simple model of spiking neurons","True","C:\Users\Ben Bolen\Zotero\storage\CGRPU7NJ\Izhikevich - 2003 - Simple model of spiking neurons.pdf"
"groups/735051","NIXFVBTQ","KM9QV64K","10.1016/j.patcog.2019.05.015","Mozafari","2019","Bio-inspired digit recognition using reward-modulated spike-timing-dependent plasticity in deep convolutional networks","True","C:\Users\Ben Bolen\Zotero\storage\KM9QV64K\Mozafari et al. - 2019 - Bio-inspired digit recognition using reward-modula.pdf"
"groups/735051","YBDWF6AA","9NKKUNDU","10.3389/fnhum.2015.00014","Frost","2015","Sensorimotor control of gait: a novel approach for the study of the interplay of visual and proprioceptive feedback","True","C:\Users\Ben Bolen\Zotero\storage\9NKKUNDU\Frost et al. - 2015 - Sensorimotor control of gait a novel approach for.pdf"
"groups/735051","MGHZSZ62","P27WYZBW","10.1016/j.neunet.2018.12.002","Tavanaei","2019","Deep Learning in Spiking Neural Networks","True","C:\Users\Ben Bolen\Zotero\storage\P27WYZBW\Tavanaei et al. - 2019 - Deep Learning in Spiking Neural Networks.pdf"
"groups/735051","32Y5SWQ2","7ZIEUBVN","10.1371/journal.pone.0001377","Masquelier","2008","Spike Timing Dependent Plasticity Finds the Start of Repeating Patterns in Continuous Spike Trains","True","C:\Users\Ben Bolen\Zotero\storage\7ZIEUBVN\Masquelier et al. - 2008 - Spike Timing Dependent Plasticity Finds the Start .pdf"
"groups/735051","EZLLHF59","J9C54LXC","10.1038/s41380-023-02027-w","Andrade-Talavera","2023","Timing to be precise? An overview of spike timing-dependent plasticity, brain rhythmicity, and glial cells interplay within neuronal circuits","True","C:\Users\Ben Bolen\Zotero\storage\J9C54LXC\Andrade-Talavera et al. - 2023 - Timing to be precise An overview of spike timing-.pdf"
"groups/735051","NRHHZY5J","W4XBIHNA","10.1126/science.1210617","Dominici","2011","Locomotor Primitives in Newborn Babies and Their Development","True","C:\Users\Ben Bolen\Zotero\storage\W4XBIHNA\Dominici et al. - 2011 - Locomotor Primitives in Newborn Babies and Their D.pdf"
"groups/735051","5SBES8RX","M7DPFPH5","10.1088/1748-3190/ac8f04","Chen","2022","Optimal planar leg geometry in robots and crabs for idealized rocky terrain","True","C:\Users\Ben Bolen\Zotero\storage\M7DPFPH5\Chen et al. - 2022 - Optimal planar leg geometry in robots and crabs fo.pdf"
"groups/735051","FEZ76HD7","4F4VRBP8","10.1109/cdc.2016.7798979","Berkenkamp","2016","Safe learning of regions of attraction for uncertain, nonlinear systems with Gaussian processes","True","C:\Users\Ben Bolen\Zotero\storage\4F4VRBP8\Berkenkamp et al. - 2016 - Safe learning of regions of attraction for uncerta.pdf"
"groups/735051","BXC6RYDK","85DH9WXJ","","Liu","2023","Physics-Informed Neural Network Lyapunov Functions: PDE Characterization, Learning, and Verification","True","C:\Users\Ben Bolen\Zotero\storage\85DH9WXJ\Liu et al. - 2023 - Physics-Informed Neural Network Lyapunov Functions.pdf"
"groups/735051","HZS2884P","NQNPXJUM","10.1016/j.jfranklin.2019.02.013","Iannelli","2019","Robust estimations of the Region of Attraction using invariant sets","True","C:\Users\Ben Bolen\Zotero\storage\NQNPXJUM\Iannelli et al. - 2019 - Robust estimations of the Region of Attraction usi.pdf"
"groups/735051","QHIIYZXA","5XFV4DAH","10.1016/j.automatica.2016.09.003","Valmorbida","2017","Region of attraction estimation using invariant sets and rational Lyapunov functions","True","C:\Users\Ben Bolen\Zotero\storage\5XFV4DAH\Valmorbida and Anderson - 2017 - Region of attraction estimation using invariant se.pdf"
"groups/735051","B2RU5PCV","U9LIN7KY","10.1016/j.isatra.2013.08.005","Khodadadi","2014","Estimation of region of attraction for polynomial nonlinear systems: A numerical method","True","C:\Users\Ben Bolen\Zotero\storage\U9LIN7KY\Khodadadi et al. - 2014 - Estimation of region of attraction for polynomial .pdf"
"groups/735051","Y4Q2K9Z9","FHCWRKYT","10.1109/tro.2020.2992981","Zhou","2020","A General Framework to Increase Safety of Learning Algorithms for Dynamical Systems Based on Region of Attraction Estimation","True","C:\Users\Ben Bolen\Zotero\storage\FHCWRKYT\Zhou et al. - 2020 - A General Framework to Increase Safety of Learning.pdf"
"groups/735051","IB6AKSZ5","IPS5LV76","10.1109/tcst.2021.3098167","Zhai","2022","Estimating the Region of Attraction for Power Systems Using Gaussian Process and Converse Lyapunov Function","True","C:\Users\Ben Bolen\Zotero\storage\IPS5LV76\Zhai and Nguyen - 2022 - Estimating the Region of Attraction for Power Syst.pdf"
"groups/735051","AATABEU9","349ZY4TY","10.23919/acc.2017.7963126","El-Guindy","2017","Estimating the region of attraction via forward reachable sets","True","C:\Users\Ben Bolen\Zotero\storage\349ZY4TY\El-Guindy et al. - 2017 - Estimating the region of attraction via forward re.pdf"
"groups/735051","T6LC4L5Z","RQGJUV75","10.1109/cdc40024.2019.9029489","Lederer","2019","Local Asymptotic Stability Analysis and Region of Attraction Estimation with Gaussian Processes","True","C:\Users\Ben Bolen\Zotero\storage\RQGJUV75\Lederer and Hirche - 2019 - Local Asymptotic Stability Analysis and Region of .pdf"
"groups/735051","J489RFPA","3Y7X2BGC","10.1016/j.jcp.2023.111912","Penwarden","2023","A metalearning approach for Physics-Informed Neural Networks (PINNs): Application to parameterized PDEs","True","C:\Users\Ben Bolen\Zotero\storage\3Y7X2BGC\Penwarden et al. - 2023 - A metalearning approach for Physics-Informed Neura.pdf"
"groups/735051","6WRX3B3B","SIHGNX2B","10.1016/j.jcp.2021.110754","Patel","2022","Thermodynamically consistent physics-informed neural networks for hyperbolic systems","True","C:\Users\Ben Bolen\Zotero\storage\SIHGNX2B\Patel et al. - 2022 - Thermodynamically consistent physics-informed neur.pdf"
"groups/735051","NW3NW5N4","4P6EB7CB","10.1016/j.cma.2019.112789","Mao","2020","Physics-informed neural networks for high-speed flows","True","C:\Users\Ben Bolen\Zotero\storage\4P6EB7CB\Mao et al. - 2020 - Physics-informed neural networks for high-speed fl.pdf"
"groups/735051","ASML4B89","9J6CBIDD","10.1137/21m1397908","Lu","2021","Physics-Informed Neural Networks with Hard Constraints for Inverse Design","True","C:\Users\Ben Bolen\Zotero\storage\9J6CBIDD\Lu et al. - 2021 - Physics-Informed Neural Networks with Hard Constra.pdf"
"groups/735051","4CGKBQQ4","YRPBRMUV","10.1016/j.jcp.2023.11191211912","Penwarden","2023","A Metalearning Approach for Physics-Informed Neural Networks (PINNs): Application to Parameterized PDEs","True","C:\Users\Ben Bolen\Zotero\storage\YRPBRMUV\Penwarden et al. - 2023 - A Metalearning Approach for Physics-Informed Neura.pdf"
"groups/735051","6BE7ALV5","M4AXD6N4","10.1016/j.jcp.2023.111912","Penwarden","2023","A metalearning approach for Physics-Informed Neural Networks (PINNs): Application to parameterized PDEs","True","C:\Users\Ben Bolen\Zotero\storage\M4AXD6N4\Penwarden et al. - 2023 - A metalearning approach for Physics-Informed Neura.pdf"
"groups/735051","LXR2NEBG","XSFA25SX","10.1016/j.jcp.2021.110414","Pakravan","2021","Solving inverse-PDE problems with physics-aware neural networks","True","C:\Users\Ben Bolen\Zotero\storage\XSFA25SX\Pakravan et al. - 2021 - Solving inverse-PDE problems with physics-aware ne.pdf"
"groups/735051","ZQS9WHYI","225F2NB4","10.5802/smai-jcm.74","Bhattacharya","2021","Model Reduction And Neural Networks For Parametric PDEs","True","C:\Users\Ben Bolen\Zotero\storage\225F2NB4\Bhattacharya et al. - 2021 - Model Reduction And Neural Networks For Parametric.pdf"
"groups/735051","H8K8IR7N","M8X4SHDB","10.1016/j.jcp.2023.11191211912","Penwarden","2023","A Metalearning Approach for Physics-Informed Neural Networks (PINNs): Application to Parameterized PDEs","True","C:\Users\Ben Bolen\Zotero\storage\M8X4SHDB\Penwarden et al. - 2023 - A Metalearning Approach for Physics-Informed Neura.pdf"
"groups/735051","GLBE5LS5","XCU86WJU","10.1137/23m1549870","Gaby","2024","Neural Control of Parametric Solutions for High-Dimensional Evolution PDEs","True","C:\Users\Ben Bolen\Zotero\storage\XCU86WJU\Gaby et al. - 2024 - Neural Control of Parametric Solutions for High-Di.pdf"
"groups/735051","DBKFLNGA","ISC4QNFQ","","Khara","2021","NeuFENet: Neural Finite Element Solutions with Theoretical Bounds for Parametric PDEs","True","C:\Users\Ben Bolen\Zotero\storage\ISC4QNFQ\Khara et al. - 2021 - NeuFENet Neural Finite Element Solutions with The.pdf"
"groups/735051","UB6RRGKN","2L5Q2RDP","10.1017/s0956792520000182","Khoo","2021","Solving parametric PDE problems with artificial neural networks","True","C:\Users\Ben Bolen\Zotero\storage\2L5Q2RDP\Khoo et al. - 2021 - Solving parametric PDE problems with artificial ne.pdf"
"groups/735051","ZDRUMWQQ","RHDSFADY","","Lee","","Parameterized neural ordinary differential equations: applications to computational physics problems","True","C:\Users\Ben Bolen\Zotero\storage\RHDSFADY\Lee and Parish - Parameterized neural ordinary differential equatio.pdf"
"groups/735051","T9LC97P5","GRHILZ2G","10.1007/s00365-021-09551-4","Kutyniok","2022","A Theoretical Analysis of Deep Neural Networks and Parametric PDEs","True","C:\Users\Ben Bolen\Zotero\storage\GRHILZ2G\Kutyniok et al. - 2022 - A Theoretical Analysis of Deep Neural Networks and.pdf"
"groups/735051","AHVNFZ5V","2MSMNL8Y","10.3389/fbioe.2022.825149","Kim","2022","Contribution of Afferent Feedback to Adaptive Hindlimb Walking in Cats: A Neuromusculoskeletal Modeling Study","True","C:\Users\Ben Bolen\Zotero\storage\2MSMNL8Y\Kim et al. - 2022 - Contribution of Afferent Feedback to Adaptive Hind.pdf"
"groups/735051","JSBIBHDG","PXFZVDQI","10.3389/fnbot.2017.00018","Hunt","2017","Development and Training of a Neural Controller for Hind Leg Walking in a Dog Robot","True","C:\Users\Ben Bolen\Zotero\storage\PXFZVDQI\Hunt et al. - 2017 - Development and Training of a Neural Controller fo.pdf"
"groups/735051","HPVWF2M2","CJGN74YK","10.3390/polym13101644","Al Rashid","2021","Creep and Recovery Behavior of Continuous Fiber-Reinforced 3DP Composites","True","C:\Users\Ben Bolen\Zotero\storage\CJGN74YK\Al Rashid and Koҫ - 2021 - Creep and Recovery Behavior of Continuous Fiber-Re.pdf"
"groups/735051","23UT2RHD","UCUS6ITD","10.1186/s12917-015-0631-2","Kano","2016","Kinetic and temporospatial gait parameters in a heterogeneous group of dogs","True","C:\Users\Ben Bolen\Zotero\storage\UCUS6ITD\Kano et al. - 2016 - Kinetic and temporospatial gait parameters in a he.pdf"
"groups/735051","GR7AKVLE","6IC6VBE6","","Liu","","Stiffness estimation of planar spiral spring based on Gaussian process regression","True","C:\Users\Ben Bolen\Zotero\storage\6IC6VBE6\Liu et al. - OPEN Stiffness estimation of planar spiral spring .pdf"
"groups/735051","ZD75FZDA","D68RPRKV","","chadderdon","","Reinforcement Learning of Targeted Movement in a Spiking Neuronal Model of Motor Cortex","True","C:\Users\Ben Bolen\Zotero\storage\D68RPRKV\Reinforcement Learning of Targeted Movement in a spiking neuronal model motor Cortex.pdf"
"groups/735051","CPGI4V4I","F2ACXW7G","","Unknown","","Revealing the Secrets of Spiking Neural Networks: The Case of Izhikevich Neuron","True","C:\Users\Ben Bolen\Zotero\storage\F2ACXW7G\Revealing the Secrets of Spiking Neural Networks_ The Case of Izhikevich Neuron.pdf"
"groups/735051","QP7JKDVB","5SV7HDDW","","Lanthater","","Neural Oscillators are Universal","True","C:\Users\Ben Bolen\Zotero\storage\5SV7HDDW\Neural Oscillators are Universal.pdf"
"groups/735051","G6SNWK8N","GURDIQ96","","Quintana","","Bio-Plausible Digital Implementation of a reward modulated STDP synapse","True","C:\Users\Ben Bolen\Zotero\storage\GURDIQ96\Bio-Plausible Digital Implementation of a reward modulated STDP synapse.pdf"
"groups/735051","SNYID625","WR35V4QL","","Masquelier","","Spike Timing Dependent Plasticity Finds the Start of","True","C:\Users\Ben Bolen\Zotero\storage\WR35V4QL\Spike Timing Dependent Plasticity Finds the Start of.pdf"
"groups/735051","I48G8GSF","B6NSSM5W","","Tavanaei","","Deep Learning in Spiking Neural Networks","True","C:\Users\Ben Bolen\Zotero\storage\B6NSSM5W\Deep Learning in Spiking Neural Networks.pdf"
"groups/735051","X7JH9NHV","PFPNPRTN","","Masquelier","","Competitive STDP_based Spike Pattern Learning","True","C:\Users\Ben Bolen\Zotero\storage\PFPNPRTN\Competitive STDP_based Spike Pattern Learning.pdf"
"groups/735051","XYIDV4QU","DRBEPEIT","","Stoliar","","Biologically relevant Dunamical behaviors Realized in an Ultra-Compact NM","True","C:\Users\Ben Bolen\Zotero\storage\DRBEPEIT\Biologically relevant Dunamical behaviors Realized in an Ultra-Compact NM.pdf"
"groups/735051","J49V6D37","6V29PTW3","","Alkabaa","","An Investigation on Spiking Neural Networks Based on the Neuronal Izhikevich Neuronal Model","True","C:\Users\Ben Bolen\Zotero\storage\6V29PTW3\An Investigation on Spiking Neural Networks Based on the Neuronal Izhikevich Neuronal Model.pdf"
"groups/735051","29WBJNH5","II7CQQJQ","","Leigh","","An Efficient Spiking Neuron Hardware System Based on teh Hardware-Oriented Modified Izhikevich Neuron (HOMIN)","True","C:\Users\Ben Bolen\Zotero\storage\II7CQQJQ\An Efficient Spiking Neuron Hardware System Based on teh Hardware-Oriented Modified Izhikevich Neuron (HOMIN).pdf"
"groups/735051","4LQU67DB","8NWSCBXL","","Chatterjee","2023","Multi-segmented Adaptive Feet for Versatile Legged Locomotion in Natural Terrain","True","C:\Users\Ben Bolen\Zotero\storage\8NWSCBXL\Chatterjee et al. - 2023 - Multi-segmented Adaptive Feet for Versatile Legged.pdf"
"groups/735051","RSFICUCX","F967TVED","10.3389/fbioe.2023.1150170","Araz","2023","Muscle preflex response to perturbations in locomotion: In vitro experiments and simulations with realistic boundary conditions","True","C:\Users\Ben Bolen\Zotero\storage\F967TVED\Araz et al. - 2023 - Muscle preflex response to perturbations in locomo.pdf"
"groups/735051","NNJVRFJE","G55XRPXW","10.3389/fphys.2020.00495","Purslow","2020","The Structure and Role of Intramuscular Connective Tissue in Muscle Function","True","C:\Users\Ben Bolen\Zotero\storage\G55XRPXW\Purslow - 2020 - The Structure and Role of Intramuscular Connective.pdf"
"groups/735051","8T8FTIJE","R634R8FC","10.1371/journal.pcbi.1011008","Bruel","2024","The spinal cord facilitates cerebellar upper limb motor learning and control; inputs from neuromusculoskeletal simulation","True","C:\Users\Ben Bolen\Zotero\storage\R634R8FC\Bruel et al. - 2024 - The spinal cord facilitates cerebellar upper limb .pdf"
"groups/735051","WPSYG5G4","DL7KRDW5","10.1108/13552540210441166","Ahn","2002","Anisotropic material properties of fused deposition modeling ABS","True","C:\Users\Ben Bolen\Zotero\storage\DL7KRDW5\Ahn et al. - 2002 - Anisotropic material properties of fused depositio.pdf"
"groups/735051","26W69TG7","8GTT4M2H","","Stewart","","A Technical Overview of the Neural Engineering Framework","True","C:\Users\Ben Bolen\Zotero\storage\8GTT4M2H\Stewart - A Technical Overview of the Neural Engineering Fra.pdf"
"groups/735051","SYN88ARV","6CAA74PV","10.1145/2668930.2688047","Didona","2015","Enhancing Performance Prediction Robustness by Combining Analytical Modeling and Machine Learning","True","C:\Users\Ben Bolen\Zotero\storage\6CAA74PV\Didona et al. - 2015 - Enhancing Performance Prediction Robustness by Com.pdf"
"groups/735051","B5ZACTFX","9PEGTGE4","10.1108/13552540810862028","Sun","2008","Effect of processing conditions on the bonding quality of FDM polymer filaments","True","C:\Users\Ben Bolen\Zotero\storage\9PEGTGE4\Sun et al. - 2008 - Effect of processing conditions on the bonding qua.pdf"
"groups/735051","BC6P27Z8","5F6B6UWX","","Buchmann","2022","Power to the springs: Passive elements are sufficient to drive push-off in human walking","True","C:\Users\Ben Bolen\Zotero\storage\5F6B6UWX\Buchmann et al. - 2022 - Power to the springs Passive elements are suffici.pdf"
"groups/735051","6DH3IZKQ","VWB85H6T","10.1109/tro.2021.3106832","Schilling","2022","From Adaptive Locomotion to Predictive Action Selection – Cognitive Control for a Six-Legged Walker","True","C:\Users\Ben Bolen\Zotero\storage\VWB85H6T\Schilling et al. - 2022 - From Adaptive Locomotion to Predictive Action Sele.pdf"
"groups/735051","PHFEDE33","9SW8K83P","10.1088/1748-3190/ac28ea","Goldsmith","2021","Investigating the role of low level reinforcement reflex loops in insect locomotion","True","C:\Users\Ben Bolen\Zotero\storage\9SW8K83P\Goldsmith et al. - 2021 - Investigating the role of low level reinforcement .pdf"
"groups/735051","7LWZMMM2","CJXZCLH4","10.1146/annurev-control-091919-095731","Ijspeert","2020","Amphibious and Sprawling Locomotion: From Biology to Robotics and Back","True","C:\Users\Ben Bolen\Zotero\storage\CJXZCLH4\Ijspeert - 2020 - Amphibious and Sprawling Locomotion From Biology .pdf"
"groups/735051","C3GU2347","8KIQGYRN","10.1146/annurev-control-091919-095731","Ijspeert","2020","Amphibious and Sprawling Locomotion: From Biology to Robotics and Back","True","C:\Users\Ben Bolen\Zotero\storage\8KIQGYRN\Ijspeert - 2020 - Amphibious and Sprawling Locomotion From Biology .pdf"
"groups/735051","YD6A8VWX","6PYFGV8I","10.1242/jeb.188748","Dallmann","2019","Motor control of an insect leg during level and incline walking","True","C:\Users\Ben Bolen\Zotero\storage\6PYFGV8I\Dallmann et al. - 2019 - Motor control of an insect leg during level and in.pdf"
"groups/735051","YXVHURQM","VDPMV4D6","10.1242/jeb.078139","Wosnitza","2013","Inter-leg coordination in the control of walking speed in Drosophila","True","C:\Users\Ben Bolen\Zotero\storage\VDPMV4D6\Wosnitza et al. - 2013 - Inter-leg coordination in the control of walking s.pdf"
"groups/735051","I2BX8VL8","Y2JJ6QD7","10.1242/jeb.065441","Harrison","2012","Forelimb muscle activity during equine locomotion","True","C:\Users\Ben Bolen\Zotero\storage\Y2JJ6QD7\Harrison et al. - 2012 - Forelimb muscle activity during equine locomotion.pdf"
"groups/735051","LL8YXZGU","QZU4L775","10.1016/j.robot.2011.06.006","Garcia","2011","Combining series elastic actuation and magneto-rheological damping for the control of agile locomotion","True","C:\Users\Ben Bolen\Zotero\storage\QZU4L775\INVE_MEM_2011_115578.pdf"
"groups/735051","LL8YXZGU","EL4ZPEGD","10.1016/j.robot.2011.06.006","Garcia","2011","Combining series elastic actuation and magneto-rheological damping for the control of agile locomotion","True","C:\Users\Ben Bolen\Zotero\storage\EL4ZPEGD\Garcia et al. - 2011 - Combining series elastic actuation and magneto-rhe.pdf"
"groups/735051","FG6W5C57","VW6JI69R","10.1115/1.4052804","Arelekatti","2021","Design of a Four-Bar Latch Mechanism and a Shear-Based Rotary Viscous Damper for Single-Axis Prosthetic Knees","True","C:\Users\Ben Bolen\Zotero\storage\VW6JI69R\Arelekatti et al. - 2021 - Design of a Four-Bar Latch Mechanism and a Shear-B.pdf"
"groups/735051","3ZUMUP25","U6WZNCL3","10.1038/414895a","Wilson","2001","Horses damp the spring in their step","True","C:\Users\Ben Bolen\Zotero\storage\U6WZNCL3\Wilson et al. - 2001 - Horses damp the spring in their step.pdf"
"groups/735051","HDFSWCRP","SPDA5FTU","10.1115/1.2718237","Cham","2006","Dynamic Stability of Open-Loop Hopping","True","C:\Users\Ben Bolen\Zotero\storage\SPDA5FTU\Cham and Cutkosky - 2006 - Dynamic Stability of Open-Loop Hopping.pdf"
"groups/735051","4AWW5Y73","RAMHHS2D","10.1126/scirobotics.abg4055","Badri-Spröwitz","2022","BirdBot achieves energy-efficient gait with minimal control using avian-inspired leg clutching","True","C:\Users\Ben Bolen\Zotero\storage\RAMHHS2D\Badri-Spröwitz et al. - 2022 - BirdBot achieves energy-efficient gait with minima.pdf"
"groups/735051","EN6F3PHP","QAW47MFZ","","Owaki","2022","Editorial: Biological and Robotic Inter-Limb Coordination","True","C:\Users\Ben Bolen\Zotero\storage\QAW47MFZ\Owaki et al. - 2022 - Editorial Biological and Robotic Inter-Limb Coord.pdf"
"groups/735051","2ESUMQSN","3PZBJHMB","10.1080/01691864.2022.2086018","Fukuhara","2022","Comparative anatomy of quadruped robots and animals: a review","True","C:\Users\Ben Bolen\Zotero\storage\3PZBJHMB\Fukuhara et al. - 2022 - Comparative anatomy of quadruped robots and animal.pdf"
"groups/735051","78PHLMAD","4QHPXY8H","","Mo","2020","Effective Viscous Damping Enables Morphological Computation in Legged Locomotion","True","C:\Users\Ben Bolen\Zotero\storage\4QHPXY8H\Mo et al. - 2020 - Effective Viscous Damping Enables Morphological Co.pdf"
"groups/735051","A6DNHI84","VPMPY2DE","","Ashtiani","2021","Hybrid Parallel Compliance Allows Robots to Operate With Sensorimotor Delays and Low Control Frequencies","True","C:\Users\Ben Bolen\Zotero\storage\VPMPY2DE\Ashtiani et al. - 2021 - Hybrid Parallel Compliance Allows Robots to Operat.pdf"
"groups/735051","GAA7NT22","7F8WIAXL","10.1016/j.conb.2008.01.002","Ting","2007","Neuromechanics of muscle synergies for posture and movement","True","C:\Users\Ben Bolen\Zotero\storage\7F8WIAXL\Ting and McKay - 2007 - Neuromechanics of muscle synergies for posture and.pdf"
"groups/735051","I27GLQFQ","38226MZU","10.1016/j.matpr.2020.10.467","Sethu Ramalingam","2021","Effect of 3D printing process parameters on the impact strength of onyx – Glass fiber reinforced composites","True","C:\Users\Ben Bolen\Zotero\storage\38226MZU\Sethu Ramalingam et al. - 2021 - Effect of 3D printing process parameters on the im.pdf"
"groups/735051","RU2C5LYT","B5N7HN7F","10.3390/polym11071094","Mazzanti","2019","FDM 3D Printing of Polymers Containing Natural Fillers: A Review of their Mechanical Properties","True","C:\Users\Ben Bolen\Zotero\storage\B5N7HN7F\Mazzanti et al. - 2019 - FDM 3D Printing of Polymers Containing Natural Fil.pdf"
"groups/735051","AVQVDBX8","ZD79HK3E","10.1080/17543266.2016.1223355","Vanderploeg","2017","The application of 3D printing technology in the fashion industry","True","C:\Users\Ben Bolen\Zotero\storage\ZD79HK3E\Vanderploeg et al. - 2017 - The application of 3D printing technology in the f.pdf"
"groups/735051","NMB4NHBI","I6ZJRFJW","10.3390/polym13152524","Papa","2021","Effect of Fibre Orientation on Novel Continuous 3D-Printed Fibre-Reinforced Composites","True","C:\Users\Ben Bolen\Zotero\storage\I6ZJRFJW\Papa et al. - 2021 - Effect of Fibre Orientation on Novel Continuous 3D.pdf"
"groups/735051","UY2H52RX","BYQGLLPD","10.1002/pc.23149","Zhang","2016","Research on the mechanical properties prediction of carbon/epoxy composite laminates with different void contents","True","C:\Users\Ben Bolen\Zotero\storage\BYQGLLPD\Zhang et al. - 2016 - Research on the mechanical properties prediction o.pdf"
"groups/735051","GDJTS4AT","SLZ9TSIP","10.1177/0278364914532150","Hyun","2014","High speed trot-running: Implementation of a hierarchical controller using proprioceptive impedance control on the MIT Cheetah","True","C:\Users\Ben Bolen\Zotero\storage\SLZ9TSIP\Hyun et al. - 2014 - High speed trot-running Implementation of a hiera.pdf"
"groups/735051","EHCSES99","MEBLM43R","","Prochazka","2001","Locomotor control: from spring-like reactions of muscles to neural prediction","True","C:\Users\Ben Bolen\Zotero\storage\MEBLM43R\Prochazka and Yakovenko - 2001 - Locomotor control from spring-like reactions of m.pdf"
"groups/735051","MCTGKL4X","NT4XVEY6","","Cooper","1930","The isometric responses of mammalian muscles","True","C:\Users\Ben Bolen\Zotero\storage\NT4XVEY6\Cooper and Eccles - 1930 - The isometric responses of mammalian muscles.pdf"
"groups/735051","3IB5NSM7","9TN3BL8P","10.1108/rpj-10-2019-0278","Ferreira","2020","Study of the annealing influence on the mechanical performance of PA12 and PA12 fibre reinforced FFF printed specimens","True","C:\Users\Ben Bolen\Zotero\storage\9TN3BL8P\Ferreira et al. - 2020 - Study of the annealing influence on the mechanical.pdf"
"groups/735051","FGHMM2ZC","NRPIERJI","10.1007/3-211-38927-x_35","Mergner","2006","Human Equilibrium Control Principles Implemented into a Biped Humanoid Robot","True","C:\Users\Ben Bolen\Zotero\storage\NRPIERJI\Mergner et al. - 2006 - Human Equilibrium Control Principles Implemented i.pdf"
"groups/735051","C3KYU8UN","BTPIGSKV","10.3390/jcs6050128","Hetrick","2022","Void Content Reduction in 3D Printed Glass Fiber-Reinforced Polymer Composites through Temperature and Pressure Consolidation","True","C:\Users\Ben Bolen\Zotero\storage\BTPIGSKV\Hetrick et al. - 2022 - Void Content Reduction in 3D Printed Glass Fiber-R.pdf"
"groups/735051","A4UXW6CJ","5KGRK9HE","10.1007/s00221-003-1812-y","Krishnamoorthy","2004","Muscle modes during shifts of the center of pressure by standing persons: effect of instability and additional support","True","C:\Users\Ben Bolen\Zotero\storage\5KGRK9HE\Krishnamoorthy et al. - 2004 - Muscle modes during shifts of the center of pressu.pdf"
"groups/735051","CI2XKQIY","X7NA3UT5","","Koelewijn","2020","Exploring the Contribution of Proprioceptive Reflexes to Balance Control in Perturbed Standing","True","C:\Users\Ben Bolen\Zotero\storage\X7NA3UT5\Koelewijn and Ijspeert - 2020 - Exploring the Contribution of Proprioceptive Refle.pdf"
"groups/735051","QN2QRMB9","WQFU85XR","10.5281/zenodo.3631958","Wang","2020","Standing Balance Experiment with Long Duration Random Pulses Perturbation","True","C:\Users\Ben Bolen\Zotero\storage\WQFU85XR\Wang and van den Bogert - 2020 - Standing Balance Experiment with Long Duration Ran.pdf"
"groups/735051","VIIAEMK2","N6W3TBPT","10.1109/icsmc.2004.1400711","van der Kooij","2004","Identification of human balance control in standing","True","C:\Users\Ben Bolen\Zotero\storage\N6W3TBPT\van der Kooij et al. - 2004 - Identification of human balance control in standin.pdf"
"groups/735051","7IST2C2C","I4VTPYFN","","Zhong","2021","Benchmarking Energy-Conserving Neural Networks for Learning Dynamics from Data","True","C:\Users\Ben Bolen\Zotero\storage\I4VTPYFN\Zhong et al. - 2021 - Benchmarking Energy-Conserving Neural Networks for.pdf"
"groups/735051","5RGQFPWN","G5GNKL8U","10.1371/journal.pone.0214434","Schedler","2019","Age and sex differences in human balance performance from 6-18 years of age: A systematic review and meta-analysis","True","C:\Users\Ben Bolen\Zotero\storage\G5GNKL8U\Schedler et al. - 2019 - Age and sex differences in human balance performan.pdf"
"groups/735051","WK7ZNCPI","6VRZGCQ3","10.1016/j.jneumeth.2020.108580","Wang","2020","Identification of the human postural control system through stochastic trajectory optimization","True","C:\Users\Ben Bolen\Zotero\storage\6VRZGCQ3\Wang and van den Bogert - 2020 - Identification of the human postural control syste.pdf"
"groups/735051","2RTDPJA2","4BQL4THK","","Jafari","2020","On mimicking human balance with brain-inspired modeling and control","True","C:\Users\Ben Bolen\Zotero\storage\4BQL4THK\Jafari - 2020 - On mimicking human balance with brain-inspired mod.pdf"
"groups/735051","TDE4ZH7L","4JIKK6WN","10.1088/1748-3182/3/2/026002","Scrivens","2008","A robotic device for understanding neuromechanical interactions during standing balance control.","True","C:\Users\Ben Bolen\Zotero\storage\4JIKK6WN\Scrivens, Deweerth, Ting - 2008 - A robotic device for understanding neuromechanical interactions during standing balance control.pdf"
"groups/735051","2V6BH6EL","WIHWIBPP","10.1002/pc.26937","Amiri","2022","3D printing of glass fiber reinforced acrylonitrile butadiene styrene and investigation of tensile, flexural, warpage and roughness properties","True","C:\Users\Ben Bolen\Zotero\storage\WIHWIBPP\Amiri et al. - 2022 - 3D printing of glass fiber reinforced acrylonitril.pdf"
"groups/735051","X6YZ8CZQ","YDFLYFCI","10.1016/j.polymdegradstab.2006.03.019","Arostegui","2006","Effect of dissolution-based recycling on the degradation and the mechanical properties of acrylonitrile–butadiene–styrene copolymer","True","C:\Users\Ben Bolen\Zotero\storage\YDFLYFCI\Arostegui et al. - 2006 - Effect of dissolution-based recycling on the degra.pdf"
"groups/735051","GY57AGKU","F25AYJPM","10.3390/ma12101664","Harris","2019","Effect of Material and Process Specific Factors on the Strength of Printed Parts in Fused Filament Fabrication: A Review of Recent Developments","True","C:\Users\Ben Bolen\Zotero\storage\F25AYJPM\Harris et al. - 2019 - Effect of Material and Process Specific Factors on.pdf"
"groups/735051","PSLZSNLV","JZ9RFIPS","10.3390/ma12244167","Harris","2019","Acrylonitrile Butadiene Styrene and Polypropylene Blend with Enhanced Thermal and Mechanical Properties for Fused Filament Fabrication","True","C:\Users\Ben Bolen\Zotero\storage\JZ9RFIPS\Harris et al. - 2019 - Acrylonitrile Butadiene Styrene and Polypropylene .pdf"
"groups/735051","RXP97UXG","9KSD8ICN","","International","2019","Standard test method for flexural properties of unreinforced.pdf","True","C:\Users\Ben Bolen\Zotero\storage\9KSD8ICN\Standard test method for flexural properties of unreinforced.pdf"
"groups/735051","6YTWJYJR","TDH4VIMV","10.1520/d0638-14","International","","Test Method for Tensile Properties of Plastics","True","C:\Users\Ben Bolen\Zotero\storage\TDH4VIMV\D20 Committee - Test Method for Tensile Properties of Plastics.pdf"
"groups/735051","3KVK3EBA","ZSP4AJR2","10.1002/pen.26274","Pazhamannil","2023","Thermal post‐processing effects on the polycarbonate acrylonitrile butadiene styrene composites manufactured by fused filament fabrication","True","C:\Users\Ben Bolen\Zotero\storage\ZSP4AJR2\Thermal_postprocessing_effects.PDF"
"groups/735051","KT933J8M","M689LBXX","10.1371/journal.pone.0121407","Dorn","2015","Predictive Simulation Generates Human Adaptations during Loaded and Inclined Walking","True","C:\Users\Ben Bolen\Zotero\storage\M689LBXX\Dorn et al. - 2015 - Predictive Simulation Generates Human Adaptations .pdf"
"groups/735051","7KVIU7AG","XJDSW4FT","10.1108/rpj-01-2020-0022","Travieso-Rodriguez","2021","Comparative study of the flexural properties of ABS, PLA and a PLA–wood composite manufactured through fused filament fabrication","True","C:\Users\Ben Bolen\Zotero\storage\XJDSW4FT\Travieso-Rodriguez et al. - 2021 - Comparative study of the flexural properties of AB.pdf"
"groups/735051","RWBKBM3J","DACHJ4A7","10.3390/jcs4030098","Sanei","2020","3D-Printed Carbon Fiber Reinforced Polymer Composites: A Systematic Review","True","C:\Users\Ben Bolen\Zotero\storage\DACHJ4A7\Comparative study of the flexural properties of.pdf"
"groups/735051","ERSNLM6W","I2VKV7XR","10.1108/rpj-08-2020-0205","Von Windheim","2021","The influence of porosity, crystallinity and interlayer adhesion on the tensile strength of 3D printed polylactic acid (PLA)","True","C:\Users\Ben Bolen\Zotero\storage\I2VKV7XR\Von Windheim et al. - 2021 - The influence of porosity, crystallinity and inter.pdf"
"groups/735051","FBNXEHL4","I3BPMZ2Z","10.3390/polym13244305","Nassar","2021","Effects of Heat-Treatment on Tensile Behavior and Dimension Stability of 3D Printed Carbon Fiber Reinforced Composites","True","C:\Users\Ben Bolen\Zotero\storage\I3BPMZ2Z\Nassar et al. - 2021 - Effects of Heat-Treatment on Tensile Behavior and .pdf"
"groups/735051","7UMLCL5Y","6R4D9I5G","10.1021/acs.biomac.5b00293","Huang","2015","Chain Packing and Its Anomalous Effect on Mechanical Toughness for Poly(lactic acid)","True","C:\Users\Ben Bolen\Zotero\storage\6R4D9I5G\Huang et al. - 2015 - Chain Packing and Its Anomalous Effect on Mechanic.pdf"
"groups/735051","CJRU8WKV","6JVM54BV","10.1080/20550340.2017.1341125","Ivey","2017","Characterizing short-fiber-reinforced composites produced using additive manufacturing","True","C:\Users\Ben Bolen\Zotero\storage\6JVM54BV\Ivey et al. - 2017 - Characterizing short-fiber-reinforced composites p.pdf"
"groups/735051","QEKCSCC6","Q5LSZDGB","10.1002/app.42066","Andjelić","2015","Polymer crystallization rate challenges: The art of chemistry and processing","True","C:\Users\Ben Bolen\Zotero\storage\Q5LSZDGB\Andjelić and Scogna - 2015 - Polymer crystallization rate challenges The art o.pdf"
"groups/735051","PRH7NTIG","R7AMEA5W","10.1021/acsapm.9b00421","Srinivas","2019","Interfacial Stereocomplexation To Strengthen Fused Deposition Modeled Poly(lactide) Welds","True","C:\Users\Ben Bolen\Zotero\storage\R7AMEA5W\Srinivas et al. - 2019 - Interfacial Stereocomplexation To Strengthen Fused.pdf"
"groups/735051","BAFCRX4N","8PR289J9","10.3390/ma3042884","Bikiaris","2010","Microstructure and Properties of Polypropylene/Carbon Nanotube Nanocomposites","True","C:\Users\Ben Bolen\Zotero\storage\8PR289J9\Bikiaris - 2010 - Microstructure and Properties of PolypropyleneCar.pdf"
"groups/735051","TTHRA6FT","75S4RD92","10.1002/app.41073","Saeidlou","2014","Poly(lactic acid) stereocomplex formation: Application to PLA rheological property modification","True","C:\Users\Ben Bolen\Zotero\storage\75S4RD92\Saeidlou et al. - 2014 - Poly(lactic acid) stereocomplex formation Applica.pdf"
"groups/735051","5AHWH5BY","6W3F933N","10.3390/polym11091487","Liao","2019","Effect of Porosity and Crystallinity on 3D Printed PLA Properties","True","C:\Users\Ben Bolen\Zotero\storage\6W3F933N\Liao et al. - 2019 - Effect of Porosity and Crystallinity on 3D Printed.pdf"
"groups/735051","V6FW29J9","D3T89IAG","10.14775/ksmpe.2018.17.4.130","Lee","2018","Investigation of the Internal Stress Relaxation in FDM 3D Printing : Annealing Conditions","True","C:\Users\Ben Bolen\Zotero\storage\D3T89IAG\Department of Mechanical Engineering, Inha University et al. - 2018 - Investigation of the Internal Stress Relaxation in.pdf"
"groups/735051","L62XJY33","N2C3A5IM","10.3144/expresspolymlett.2010.80","Tabi","2010","Crystalline structure of annealed polylactic acid and its relation to processing","True","C:\Users\Ben Bolen\Zotero\storage\N2C3A5IM\Tabi et al. - 2010 - Crystalline structure of annealed polylactic acid .pdf"
"groups/735051","DZTKQ3Z7","95FI57V2","","Elsken","2019","Neural Architecture Search: A Survey","True","C:\Users\Ben Bolen\Zotero\storage\95FI57V2\Elsken et al. - Neural Architecture Search A Survey.pdf"
"groups/735051","JRI574BY","H2VGTSCG","10.1073/pnas.1718942115","Han","2018","Solving high-dimensional partial differential equations using deep learning","True","C:\Users\Ben Bolen\Zotero\storage\H2VGTSCG\Han et al. - 2018 - Solving high-dimensional partial differential equa.pdf"
"groups/735051","TCLUYW3F","R3W6I2NZ","10.1126/sciadv.abi8605","Wang","2021","Learning the solution operator of parametric partial differential equations with physics-informed DeepONets","True","C:\Users\Ben Bolen\Zotero\storage\R3W6I2NZ\2021 - Learning the solution operator of parametric parti.pdf"
"groups/735051","U2LXRDK3","XXTDQ66G","10.1137/22m1477751","Jin","2022","MIONet: Learning Multiple-Input Operators via Tensor Product","True","C:\Users\Ben Bolen\Zotero\storage\XXTDQ66G\Jin et al. - 2022 - MIONet Learning Multiple-Input Operators via Tens.pdf"
"groups/735051","K6TIGUFT","JXJQT5DK","10.1016/j.jcp.2023.112008","Kontolati","2023","On the influence of over-parameterization in manifold based surrogates and deep neural operators","True","C:\Users\Ben Bolen\Zotero\storage\JXJQT5DK\Kontolati et al. - 2023 - On the influence of over-parameterization in manif.pdf"
"groups/735051","WGLI7WH7","5RYZNZF6","10.1016/j.cma.2022.114778","Lu","2022","A comprehensive and fair comparison of two neural operators (with practical extensions) based on FAIR data","True","C:\Users\Ben Bolen\Zotero\storage\5RYZNZF6\Lu et al. - 2022 - A comprehensive and fair comparison of two neural .pdf"
"groups/735051","A4I7GXHI","NC9NKTW6","10.1093/imatrm/tnac001","Lanthaler","2022","Error estimates for DeepONets: a deep learning framework in infinite dimensions","True","C:\Users\Ben Bolen\Zotero\storage\NC9NKTW6\Lanthaler et al. - 2022 - Error estimates for DeepONets a deep learning fra.pdf"
"groups/735051","C8BHM75G","TYWPTGQ8","10.1109/72.392253","Chen","1995","Universal approximation to nonlinear operators by neural networks with arbitrary activation functions and its application to dynamical systems","True","C:\Users\Ben Bolen\Zotero\storage\TYWPTGQ8\Tianping Chen and Hong Chen - 1995 - Universal approximation to nonlinear operators by .pdf"
"groups/735051","K4PJXEUH","SPLCATFV","10.1038/s42256-021-00302-5","Lu","2021","Learning nonlinear operators via DeepONet based on the universal approximation theorem of operators","True","C:\Users\Ben Bolen\Zotero\storage\SPLCATFV\Lu et al. - 2021 - Learning nonlinear operators via DeepONet based on.pdf"
"groups/735051","ZNJ83Z8U","TDSGFS4L","10.1016/j.jcp.2018.10.045","Raissi","2019","Physics-informed neural networks: A deep learning framework for solving forward and inverse problems involving nonlinear partial differential equations","True","C:\Users\Ben Bolen\Zotero\storage\TDSGFS4L\Raissi et al. - 2019 - Physics-informed neural networks A deep learning .pdf"
"groups/735051","MULAHM2N","AKM7F7EG","10.1109/ijcnn.2018.8489628","Severa","2018","Spiking Neural Algorithms for Markov Process Random Walk","True","C:\Users\Ben Bolen\Zotero\storage\AKM7F7EG\Severa et al. - 2018 - Spiking Neural Algorithms for Markov Process Rando.pdf"
"groups/735051","MEK7ZQXC","9XGG5PLT","","Scharzenberger","2022","Learning to Estimate Stability Margins in Dynamical Systems Using Spiking Neural Networks","True","C:\Users\Ben Bolen\Zotero\storage\9XGG5PLT\Scharzenberger and Hays - Learning to Estimate Stability Margins in Dynamica.pdf"
"groups/735051","X3W7K9L3","QLR3XT9U","","Scharzenberger","2021","Learning to Estimate Stability Margins in Dynamical Systems","True","C:\Users\Ben Bolen\Zotero\storage\QLR3XT9U\Scharzenberger - 2021 - Learning to Estimate Stability Margins in Dynamica.pdf"
"groups/735051","NQCMD6S5","Z49CWTBI","","Aws","","Leveraging Random Walks to Solve IPDEs on Spiking Neuromorphic Hardware","True","C:\Users\Ben Bolen\Zotero\storage\Z49CWTBI\Aws - Leveraging Random Walks to Solve IPDEs on Spiking .pdf"
"groups/735051","Z4TF8CPT","AVXWMSHW","10.1145/3409964.3461813","Aimone","2021","Provable Advantages for Graph Algorithms in Spiking Neural Networks","True","C:\Users\Ben Bolen\Zotero\storage\AVXWMSHW\Aimone et al. - 2021 - Provable Advantages for Graph Algorithms in Spikin.pdf"
"groups/735051","DYPU62B7","ALNULTK7","10.1145/3409964.3461813","Aimone","2021","Provable Advantages for Graph Algorithms in Spiking Neural Networks","True","C:\Users\Ben Bolen\Zotero\storage\ALNULTK7\Aimone et al. - 2021 - Provable Advantages for Graph Algorithms in Spikin.pdf"
"groups/735051","KGA2KI9R","CXX8D6ZB","10.1145/3407197.3407202","Smith","2020","Solving a steady-state PDE using spiking networks and neuromorphic hardware","True","C:\Users\Ben Bolen\Zotero\storage\CXX8D6ZB\Smith et al. - 2020 - Solving a steady-state PDE using spiking networks .pdf"
"groups/735051","T4IM45QK","ZEGDP8NR","","Jagtap","2022","How important are activation functions in regression and classification? A survey, performance comparison, and future directions","True","C:\Users\Ben Bolen\Zotero\storage\ZEGDP8NR\Jagtap and Karniadakis - 2022 - How important are activation functions in regressi.pdf"
"groups/735051","IKPEWNXG","BT9HDY62","10.1016/j.jcp.2022.111902","Psaros","2023","Uncertainty Quantification in Scientific Machine Learning: Methods, Metrics, and Comparisons","True","C:\Users\Ben Bolen\Zotero\storage\BT9HDY62\Psaros et al. - 2023 - Uncertainty Quantification in Scientific Machine L.pdf"
"groups/735051","B55Z5AGR","FBGXTDC6","","Michałowska","2023","Neural Operator Learning for Long-Time Integration in Dynamical Systems with Recurrent Neural Networks","True","C:\Users\Ben Bolen\Zotero\storage\FBGXTDC6\Michałowska et al. - 2023 - Neural Operator Learning for Long-Time Integration.pdf"
"groups/735051","CVDD9B2Q","2P8PMKIN","","Ma","2023","Bi-orthogonal fPINN: A physics-informed neural network method for solving time-dependent stochastic fractional PDEs","True","C:\Users\Ben Bolen\Zotero\storage\2P8PMKIN\Ma et al. - 2023 - Bi-orthogonal fPINN A physics-informed neural net.pdf"
"groups/735051","JIRKWEFC","UQY2JHDP","","Chen","2023","Leveraging Multi-time Hamilton-Jacobi PDEs for Certain Scientific Machine Learning Problems","True","C:\Users\Ben Bolen\Zotero\storage\UQY2JHDP\Chen et al. - 2023 - Leveraging Multi-time Hamilton-Jacobi PDEs for Cer.pdf"
"groups/735051","KL2234Y3","K8RSMI8C","","Kiyani","2023","A Framework Based on Symbolic Regression Coupled with eXtended Physics-Informed Neural Networks for Gray-Box Learning of Equations of Motion from Data","True","C:\Users\Ben Bolen\Zotero\storage\K8RSMI8C\Kiyani et al. - 2023 - A Framework Based on Symbolic Regression Coupled w.pdf"
"groups/735051","MS4QAHCK","Z7Q83TPI","","Banerjee","2023","Physics-Informed Computer Vision: A Review and Perspectives","True","C:\Users\Ben Bolen\Zotero\storage\Z7Q83TPI\Banerjee et al. - 2023 - Physics-Informed Computer Vision A Review and Per.pdf"
"groups/735051","HSZLG8XT","9NKE6KVC","10.1016/j.cma.2023.116064","Zhu","2023","Reliable extrapolation of deep neural operators informed by physics or sparse observations","True","C:\Users\Ben Bolen\Zotero\storage\9NKE6KVC\Zhu et al. - 2023 - Reliable extrapolation of deep neural operators in.pdf"
"groups/735051","8UFUX9L7","3S3K4YCY","","Kontolati","2023","Learning in latent spaces improves the predictive accuracy of deep neural operators","True","C:\Users\Ben Bolen\Zotero\storage\3S3K4YCY\Kontolati et al. - 2023 - Learning in latent spaces improves the predictive .pdf"
"groups/735051","IJRMHTC9","GWARM8S5","","Thiele","2019","SpikeGrad: An ANN-equivalent Computation Model for Implementing Backpropagation with Spikes","True","C:\Users\Ben Bolen\Zotero\storage\GWARM8S5\Thiele et al. - 2019 - SpikeGrad An ANN-equivalent Computation Model for.pdf"
"groups/735051","PA422ANI","3FA2CKFZ","","Zhang","2022","SMS: Spiking Marching Scheme for Efficient Long Time Integration of Differential Equations","True","C:\Users\Ben Bolen\Zotero\storage\3FA2CKFZ\Zhang et al. - 2022 - SMS Spiking Marching Scheme for Efficient Long Ti.pdf"
"groups/735051","PRCZ9A35","2RLBUW28","","Kahana","2022","Spiking Neural Operators for Scientific Machine Learning","True","C:\Users\Ben Bolen\Zotero\storage\2RLBUW28\Kahana et al. - 2022 - Spiking Neural Operators for Scientific Machine Le.pdf"
"groups/735051","SEE3BXMX","LAWM5LIF","","Shekarpaz","2023","Splitting physics-informed neural networks for inferring the dynamics of integer- and fractional-order neuron models","True","C:\Users\Ben Bolen\Zotero\storage\LAWM5LIF\Shekarpaz et al. - 2023 - Splitting physics-informed neural networks for inf.pdf"
"groups/735051","YVML9CEH","ESGAWQXR","10.1109/access.2023.3275434","Wang","2023","Physics Informed Spiking Neural Networks: Application to Digital Predistortion for Power Amplifier Linearization","True","C:\Users\Ben Bolen\Zotero\storage\ESGAWQXR\Wang et al. - 2023 - Physics Informed Spiking Neural Networks Applicat.pdf"
"groups/735051","APYHNNSB","Y6QYL8TI","","Vlachas","2020","Backpropagation Algorithms and Reservoir Computing in Recurrent Neural Networks for the Forecasting of Complex Spatiotemporal Dynamics","True","C:\Users\Ben Bolen\Zotero\storage\Y6QYL8TI\Vlachas et al. - 2020 - Backpropagation Algorithms and Reservoir Computing.pdf"
"groups/735051","TIBESQ6G","ZAZ645F8","","Mattheakis","2021","Unsupervised Reservoir Computing for Solving Ordinary Differential Equations","True","C:\Users\Ben Bolen\Zotero\storage\ZAZ645F8\Mattheakis et al. - 2021 - Unsupervised Reservoir Computing for Solving Ordin.pdf"
"groups/735051","FXIQ6AU2","KHPI6EG2","","Yao","2023","MultiAdam: Parameter-wise Scale-invariant Optimizer for Multiscale Training of Physics-informed Neural Networks","True","C:\Users\Ben Bolen\Zotero\storage\KHPI6EG2\Yao et al. - 2023 - MultiAdam Parameter-wise Scale-invariant Optimize.pdf"
"groups/735051","RGS79R9N","WIE6WT4S","10.1016/j.array.2023.100287","Vadyala","2023","General implementation of quantum physics-informed neural networks","True","C:\Users\Ben Bolen\Zotero\storage\WIE6WT4S\Vadyala and Betgeri - 2023 - General implementation of quantum physics-informed.pdf"
"groups/735051","6XMT37PB","4K2GWHHI","","Leiteritz","2021","How to Avoid Trivial Solutions in Physics-Informed Neural Networks","True","C:\Users\Ben Bolen\Zotero\storage\4K2GWHHI\Leiteritz and Pflüger - 2021 - How to Avoid Trivial Solutions in Physics-Informed.pdf"
"groups/735051","T8M5VWHR","6EQLHAN8","10.3390/s22228845","Juárez-Lora","2022","Implementation of Kalman Filtering with Spiking Neural Networks","True","C:\Users\Ben Bolen\Zotero\storage\6EQLHAN8\Juárez-Lora et al. - 2022 - Implementation of Kalman Filtering with Spiking Ne.pdf"
"groups/735051","YBF4CLC8","3AXUZXHA","","Brandstetter","2022","Lie Point Symmetry Data Augmentation for Neural PDE Solvers","True","C:\Users\Ben Bolen\Zotero\storage\3AXUZXHA\Brandstetter et al. - Lie Point Symmetry Data Augmentation for Neural PD.pdf"
"groups/735051","V34E5P3T","VCAVKFC6","","Belbute-Peres","","Combining Differentiable PDE Solvers and Graph Neural Networks for Fluid Flow Prediction","True","C:\Users\Ben Bolen\Zotero\storage\VCAVKFC6\Belbute-Peres et al. - Combining Differentiable PDE Solvers and Graph Neu.pdf"
"groups/735051","Z8747G24","M43NSSZX","10.1016/j.jcp.2021.110414","Pakravan","2021","Solving inverse-PDE problems with physics-aware neural networks","True","C:\Users\Ben Bolen\Zotero\storage\M43NSSZX\Pakravan et al. - 2021 - Solving inverse-PDE problems with physics-aware ne.pdf"
"groups/735051","XH5XURTA","WHQW88N4","","Roberts","2021","Learning Operations for Neural PDE Solvers","True","C:\Users\Ben Bolen\Zotero\storage\WHQW88N4\Roberts et al. - 2021 - LEARNING OPERATIONS FOR NEURAL PDE SOLVERS.pdf"
"groups/735051","4LKBGV2A","3RAHGJNL","","Li","2022","Fourier Neural Operator with Learned Deformations for PDEs on General Geometries","True","C:\Users\Ben Bolen\Zotero\storage\3RAHGJNL\Li et al. - 2022 - Fourier Neural Operator with Learned Deformations .pdf"
"groups/735051","LBJAXPB3","P2CPWKAP","","Takamoto","2023","Learning Neural PDE Solvers with Parameter-Guided Channel Attention","True","C:\Users\Ben Bolen\Zotero\storage\P2CPWKAP\Takamoto et al. - 2023 - Learning Neural PDE Solvers with Parameter-Guided .pdf"
"groups/735051","NPDG66ZJ","BXTH57RP","","Tathawadekar","2021","Hybrid Neural Network PDE Solvers for Reacting Flows","True","C:\Users\Ben Bolen\Zotero\storage\BXTH57RP\Tathawadekar et al. - 2021 - Hybrid Neural Network PDE Solvers for Reacting Flo.pdf"
"groups/735051","DNHLJE34","A73N2ZRD","","Grady II","2023","Model-Parallel Fourier Neural Operators as Learned Surrogates for Large-Scale Parametric PDEs","True","C:\Users\Ben Bolen\Zotero\storage\A73N2ZRD\Grady II et al. - 2023 - Model-Parallel Fourier Neural Operators as Learned.pdf"
"groups/735051","IPAI9N4D","4WBLSEZZ","10.1016/j.cma.2020.113250","Meng","2020","PPINN: Parareal physics-informed neural network for time-dependent PDEs","True","C:\Users\Ben Bolen\Zotero\storage\4WBLSEZZ\Meng et al. - 2020 - PPINN Parareal physics-informed neural network fo.pdf"
"groups/735051","TCEWW3FT","AML24ZHJ","","Stiller","2020","Large-scale Neural Solvers for Partial Differential Equations","True","C:\Users\Ben Bolen\Zotero\storage\AML24ZHJ\Stiller et al. - 2020 - Large-scale Neural Solvers for Partial Differentia.pdf"
"groups/735051","YYTDVHTG","MTDYKLHU","","Lütjens","2022","Multiscale Neural Operator: Learning Fast and Grid-independent PDE Solvers","True","C:\Users\Ben Bolen\Zotero\storage\MTDYKLHU\Lütjens et al. - 2022 - Multiscale Neural Operator Learning Fast and Grid.pdf"
"groups/735051","4CY3JGHR","YHV38ERV","","Boussif","2022","MAgNet: Mesh Agnostic Neural PDE Solver","True","C:\Users\Ben Bolen\Zotero\storage\YHV38ERV\Boussif et al. - MAgNet Mesh Agnostic Neural PDE Solver.pdf"
"groups/735051","7IIPEAIV","R8ZTFARK","","Horie","2022","Physics-Embedded Neural Networks: Graph Neural PDE Solvers with Mixed Boundary Conditions","True","C:\Users\Ben Bolen\Zotero\storage\R8ZTFARK\Horie and Mitsume - Physics-Embedded Neural Networks Graph Neural PDE.pdf"
"groups/735051","RJIB8PIY","59XMN6EB","10.3390/s22228845","Juárez-Lora","2022","Implementation of Kalman Filtering with Spiking Neural Networks","True","C:\Users\Ben Bolen\Zotero\storage\59XMN6EB\Juárez-Lora et al. - 2022 - Implementation of Kalman Filtering with Spiking Ne.pdf"
"groups/735051","XU6P4DBP","BJBPJQ8S","","Li","2021","Fourier Neural Operator for Parametric Partial Differential Equations","True","C:\Users\Ben Bolen\Zotero\storage\BJBPJQ8S\Li et al. - 2021 - Fourier Neural Operator for Parametric Partial Dif.pdf"
"groups/735051","YGZD6YCC","SF7N6YKA","","Scharzenberger","2022","Using Physics-Informed Neural Networks to Guide Reinforcement Learning Agents on Motor Tasks","True","C:\Users\Ben Bolen\Zotero\storage\SF7N6YKA\Scharzenberger - 2022 - Using Physics-Informed Neural Networks to Guide Re.pdf"
"groups/735051","A4URRRK9","4C9V3Y72","","Scharzenberger","2023","A Functional Subnetwork Approach to Coordinating Central Pattern Generators for Quadrupedal Locomotion","True","C:\Users\Ben Bolen\Zotero\storage\4C9V3Y72\Scharzenberger - 2023 - A Functional Subnetwork Approach to Coordinating C.pdf"
"groups/735051","UIBVN8EH","DNJ952MW","","Scharzenberger","2022","A Functional Subnetwork Approach to Multistate Central Pattern Generator Phase Difference Control","True","C:\Users\Ben Bolen\Zotero\storage\DNJ952MW\Scharzenberger and Hunt - 2022 - A Functional Subnetwork Approach to Multistate Cen.pdf"
"groups/735051","QFLPHKNQ","LYTN3TS6","10.1007/978-3-031-20470-8_37","Hunt","2022","A Functional Subnetwork Approach to Multistate Central Pattern Generator Phase Difference Control","True","C:\Users\Ben Bolen\Zotero\storage\LYTN3TS6\Scharzenberger and Hunt - 2022 - A Functional Subnetwork Approach to Multistate Cen.pdf"
"groups/735051","M8ZGUUAW","ZLWBXZWF","","Scharzenberger","2021","Learning To Estimate Regions Of Attraction Of Autonomous Dynamical Systems Using Physics-Informed Neural Networks","True","C:\Users\Ben Bolen\Zotero\storage\ZLWBXZWF\Scharzenberger and Hays - 2021 - Learning To Estimate Regions Of Attraction Of Auto.pdf"
"groups/735051","UY8CSTZG","SNCCHUKR","10.1007/978-3-030-24741-6_20","Scharzenberger","2019","Design of a Canine Inspired Quadruped Robot as a Platform for Synthetic Neural Network Control","True","C:\Users\Ben Bolen\Zotero\storage\SNCCHUKR\Scharzenberger et al. - Design of a Canine Inspired Quadruped Robot as a P.pdf"
"groups/735051","HNTEY3GQ","7YYLNTD6","10.1007/978-3-031-20470-8_37","Scharzenberger","2022","A Functional Subnetwork Approach to Multistate Central Pattern Generator Phase Difference Control","True","C:\Users\Ben Bolen\Zotero\storage\7YYLNTD6\Scharzenberger and Hunt - 2022 - A Functional Subnetwork Approach to Multistate Cen.pdf"
"groups/735051","N6CQCNRL","RZZIRQQI","","Unknown","","Frontiers | Extending the Functional Subnetwork Approach to a Generalized Linear Integrate-and-Fire Neuron Model | Frontiers in Neurorobotics","True","C:\Users\Ben Bolen\Zotero\storage\RZZIRQQI\Frontiers  Extending the Functional Subnetwork Ap.pdf"
"groups/735051","PQGQVFA5","V6WUCBST","","Stratasys","","Stratasys FDM Thermoplastic Filament Materials Data Sheet. https://www.stratasys.com/siteassets/materials/materials-catalog/fdm-materials/asa/mds_fdm_asa_0921a.pdf","True","C:\Users\Ben Bolen\Zotero\storage\V6WUCBST\mds_fdm_asa_0921a.pdf"
"groups/735051","SHAIK626","6QTM6GVD","","Markforged Additive Manufacturing Company","","Markforged Composite Materials Data Sheet Rev 5.2. https://www-objects.markforged.com/craft/materials/CompositesV5.2.pdf","True","C:\Users\Ben Bolen\Zotero\storage\6QTM6GVD\CompositesV5.2.pdf"
"groups/735051","EDYPXHCE","4D2UI54T","10.48084/etasr.5123","Zisopol","2022","A Comparative Analysis of the Mechanical Properties of Annealed PLA","True","C:\Users\Ben Bolen\Zotero\storage\4D2UI54T\Zisopol et al. - 2022 - A Comparative Analysis of the Mechanical Propertie.pdf"
"groups/735051","43G7ZRPD","VE3P4WFQ","10.1088/1757-899x/1217/1/012002","Sorimpuk","2022","Design of thermoformable three dimensional-printed PLA cast for fractured wrist","True","C:\Users\Ben Bolen\Zotero\storage\VE3P4WFQ\Sorimpuk et al. - 2022 - Design of thermoformable three dimensional-printed.pdf"
"groups/735051","ZEB6IMUZ","8C7IARDI","10.1108/rpj-01-2019-0009","Popescu","2020","Fast production of customized three-dimensional-printed hand splints","True","C:\Users\Ben Bolen\Zotero\storage\8C7IARDI\Popescu et al. - 2020 - Fast production of customized three-dimensional-pr.pdf"
"groups/735051","KM2UPR2E","B2E8CNMH","","Kalogeras","","THE NATURE OF THE GLASSY STATE: STRUCTURE AND GLASS TRANSITIONS","True","C:\Users\Ben Bolen\Zotero\storage\B2E8CNMH\10-1108_RPJ-01-2019-0009.pdf"
"groups/735051","TUKPVAP7","9LFSWCQH","10.3390/polym13081326","Ilyas","2021","Polylactic Acid (PLA) Biocomposite: Processing, Additive Manufacturing and Advanced Applications","True","C:\Users\Ben Bolen\Zotero\storage\9LFSWCQH\Ilyas et al. - 2021 - Polylactic Acid (PLA) Biocomposite Processing, Ad.pdf"
"groups/735051","QDY348SC","JW5B7W6J","","Nkomo","","A Study of Applications of 3D printing technology and potential applications in the plastic thermoforming industry","True","C:\Users\Ben Bolen\Zotero\storage\JW5B7W6J\Nkomo et al. - A Study of Applications of 3D printing technology .pdf"
"groups/735051","6F8A7XPU","4ID3XY5J","10.5545/sv-jme.2021.7426","Djukanović","2022","Optimisation of PLA Filament Consumption for 3D Printing Using the Annealing Method in Home Environment","True","C:\Users\Ben Bolen\Zotero\storage\4ID3XY5J\Djukanović et al. - 2022 - Optimisation of PLA Filament Consumption for 3D Pr.PDF"
"groups/735051","CUUVJQFC","7V2ZV3MZ","10.3390/polym14204304","Sorimpuk","2022","Thermoforming Characteristics of PLA/TPU Multi-Material Specimens Fabricated with Fused Deposition Modelling under Different Temperatures","True","C:\Users\Ben Bolen\Zotero\storage\7V2ZV3MZ\Sorimpuk et al. - 2022 - Thermoforming Characteristics of PLATPU Multi-Mat.pdf"
"groups/735051","LV2A8TDJ","U5WWN4J5","10.1108/13552540210441166","Ahn","2002","Anisotropic material properties of fused deposition modeling ABS","True","C:\Users\Ben Bolen\Zotero\storage\U5WWN4J5\Ahn et al. - 2002 - Anisotropic material properties of fused depositio.pdf"
"groups/735051","6WDEDDV3","ETDWE35B","","Pasma","2018","Evidence in Support of the Independent Channel Model Describing the Sensorimotor Control of Human Stance Using a Humanoid Robot","True","C:\Users\Ben Bolen\Zotero\storage\ETDWE35B\Pasma et al. - 2018 - Evidence in Support of the Independent Channel Mod.pdf"
"groups/735051","4MU55EWW","IXJA4CEE","10.1109/humanoids43949.2019.9035019","Jafari","2019","Stabilization of an Inverted Pendulum via Human Brain Inspired Controller Design","True","C:\Users\Ben Bolen\Zotero\storage\IXJA4CEE\Jafari et al. - 2019 - Stabilization of an Inverted Pendulum via Human Br.pdf"
"groups/735051","4HQ98MD9","HRSXRJPN","10.1016/s0014-3057(96)00051-1","Joseph","1996","Influence of interfacial adhesion on the mechanical properties and fracture behaviour of short sisal fibre reinforced polymer composites","True","C:\Users\Ben Bolen\Zotero\storage\HRSXRJPN\Joseph et al. - 1996 - Influence of interfacial adhesion on the mechanica.pdf"
"groups/735051","VF3AUD9I","5RUTQGSW","10.1016/j.jmatprotec.2010.08.028","Zhang","2011","The reinforcing mechanism of carbon fiber in composite adhesive for bonding carbon/carbon composites","True","C:\Users\Ben Bolen\Zotero\storage\5RUTQGSW\Zhang et al. - 2011 - The reinforcing mechanism of carbon fiber in compo.pdf"
"groups/735051","2A8CCQIM","E3NRT5BT","10.3390/ma15165602","Yun","2022","Analysis of Elastic Properties of Polypropylene Composite Materials with Ultra-High Molecular Weight Polyethylene Spherical Reinforcement","True","C:\Users\Ben Bolen\Zotero\storage\E3NRT5BT\Yun et al. - 2022 - Analysis of Elastic Properties of Polypropylene Co.pdf"
"groups/735051","AZMXBGDA","A9CW6I44","10.3390/molecules27185752","Yun","2022","Prediction of Elastic Properties Using Micromechanics of Polypropylene Composites Mixed with Ultrahigh-Molecular-Weight Polyethylene Fibers","True","C:\Users\Ben Bolen\Zotero\storage\A9CW6I44\Yun et al. - 2022 - Prediction of Elastic Properties Using Micromechan.pdf"
"groups/735051","EP9IYVML","674S5KY6","10.3390/polym14224851","Yun","2022","Numerical Investigation of the Elastic Properties of Polypropylene/Ultra High Molecular Weight Polyethylene Fiber inside a Composite Material Based on Its Aspect Ratio and Volume Fraction","True","C:\Users\Ben Bolen\Zotero\storage\674S5KY6\Yun et al. - 2022 - Numerical Investigation of the Elastic Properties .pdf"
"groups/735051","P9E99B7C","7XU5JB5I","10.1016/j.ceramint.2019.10.162","Makarian","2020","Micromechanical modeling of thermo-mechanical properties of high volume fraction particle-reinforced refractory composites using 3D Finite Element analysis","True","C:\Users\Ben Bolen\Zotero\storage\7XU5JB5I\Makarian and Santhanam - 2020 - Micromechanical modeling of thermo-mechanical prop.pdf"
"groups/735051","2EQN9Y2M","DQEB2AEF","10.1007/s00170-016-9933-1","Zhou","2017","Finite element and experimental analysis of machinability during machining of high-volume fraction SiCp/Al composites","True","C:\Users\Ben Bolen\Zotero\storage\DQEB2AEF\Zhou et al. - 2017 - Finite element and experimental analysis of machin.pdf"
"groups/735051","39QX3HJM","7TIE6LWV","10.3390/polym13071107","Tian","2021","Additive Manufacturing of Wood Flour/PHA Composites Using Micro-Screw Extrusion: Effect of Device and Process Parameters on Performance","True","C:\Users\Ben Bolen\Zotero\storage\7TIE6LWV\Tian et al. - 2021 - Additive Manufacturing of Wood FlourPHA Composite.pdf"
"groups/735051","6B53TJL6","G6QQ8IPC","10.1016/j.compositesa.2016.10.018","Newcomb","2016","Processing, structure, and properties of carbon fibers","True","C:\Users\Ben Bolen\Zotero\storage\G6QQ8IPC\Newcomb - 2016 - Processing, structure, and properties of carbon fi.pdf"
"groups/735051","Y5SV7BAE","JZH89AHZ","10.1016/j.polymertesting.2021.107181","Galati","2021","A finite element approach for the prediction of the mechanical behaviour of layered composites produced by Continuous Filament Fabrication (CFF)","True","C:\Users\Ben Bolen\Zotero\storage\JZH89AHZ\Galati et al. - 2021 - A finite element approach for the prediction of th.pdf"
"groups/735051","YBT9NK6B","LYGGVPTF","10.1016/j.compstruct.2021.114337","Morales","2021","The effect of cross-section geometry on crushing behaviour of 3D printed continuous carbon fibre reinforced polyamide profiles","True","C:\Users\Ben Bolen\Zotero\storage\LYGGVPTF\Morales et al. - 2021 - The effect of cross-section geometry on crushing b.pdf"
"groups/735051","S8PMSBTA","EMW52B3M","10.1016/j.addma.2018.05.007","Araya-Calvo","2018","Evaluation of compressive and flexural properties of continuous fiber fabrication additive manufacturing technology","True","C:\Users\Ben Bolen\Zotero\storage\EMW52B3M\Araya-Calvo et al. - 2018 - Evaluation of compressive and flexural properties .pdf"
"groups/735051","JH2KQ8AX","Z5YR8GJL","10.1016/j.addma.2019.03.008","Mei","2019","Influence of mixed isotropic fiber angles and hot press on the mechanical properties of 3D printed composites","True","C:\Users\Ben Bolen\Zotero\storage\Z5YR8GJL\Mei et al. - 2019 - Influence of mixed isotropic fiber angles and hot .pdf"
"groups/735051","L898X62I","JZNELXMJ","10.3389/fmats.2023.1183816","Lee","2023","Strength of Onyx-based composite 3D printing materials according to fiber reinforcement","True","C:\Users\Ben Bolen\Zotero\storage\JZNELXMJ\Lee et al. - 2023 - Strength of Onyx-based composite 3D printing mater.pdf"
"groups/735051","ZTNEAD3A","I5SEDFA6","10.1038/s41593-019-0336-0","Weiler","2019","Spinal stretch reflexes support efficient hand control","True","C:\Users\Ben Bolen\Zotero\storage\I5SEDFA6\Weiler et al. - 2019 - Spinal stretch reflexes support efficient hand con.pdf"
"groups/735051","5ESGIHMW","N9MUW8E5","10.1038/nrn1427","Scott","2004","Optimal feedback control and the neural basis of volitional motor control","True","C:\Users\Ben Bolen\Zotero\storage\N9MUW8E5\Scott - 2004 - Optimal feedback control and the neural basis of v.pdf"
"groups/735051","DND2XE3D","C86GRH8L","","Duncker","","Organizing recurrent network dynamics by task-computation to enable continual learning","True","C:\Users\Ben Bolen\Zotero\storage\C86GRH8L\Duncker et al. - Organizing recurrent network dynamics by task-comp.pdf"
"groups/735051","PZVC87G4","2GK7SYZD","","He","","Feedback Gains for Correcting Small Perturbations to Standing Posture","True","C:\Users\Ben Bolen\Zotero\storage\2GK7SYZD\He - Feedback Gains for Correcting Small Perturbations .pdf"
"groups/735051","SD372GKE","BKWW93Q6","10.7554/elife.51121","Rule","2020","Stable task information from an unstable neural population","True","C:\Users\Ben Bolen\Zotero\storage\BKWW93Q6\Rule et al. - 2020 - Stable task information from an unstable neural po.pdf"
"groups/735051","ZMRK8ZZQ","DXC2V59S","10.1101/sqb.1990.055.01.074","Loeb","1990","Understanding Sensorimotor Feedback through Optimal Control","True","C:\Users\Ben Bolen\Zotero\storage\DXC2V59S\Loeb et al. - 1990 - Understanding Sensorimotor Feedback through Optima.pdf"
"groups/735051","63CCQ4I9","PU3CAQZJ","10.1523/jneurosci.1327-05.2005","Ivanenko","2005","Coordination of Locomotion with Voluntary Movements in Humans","True","C:\Users\Ben Bolen\Zotero\storage\PU3CAQZJ\Ivanenko et al. - 2005 - Coordination of Locomotion with Voluntary Movement.pdf"
"groups/735051","RP6FMWFN","PGIF5YQF","10.1101/2022.08.15.503870","Driscoll","2022","Flexible multitask computation in recurrent networks utilizes shared dynamical motifs","True","C:\Users\Ben Bolen\Zotero\storage\PGIF5YQF\Driscoll et al. - 2022 - Flexible multitask computation in recurrent networ.pdf"
"groups/735051","VI72DFFS","WZSLW4KN","10.1101/2022.04.13.488176","Kuan","2022","Synaptic wiring motifs in posterior parietal cortex support decision-making","True","C:\Users\Ben Bolen\Zotero\storage\WZSLW4KN\Kuan et al. - 2022 - Synaptic wiring motifs in posterior parietal corte.pdf"
"groups/735051","5GG5WGME","G2GHTTJC","10.1016/j.conb.2022.102609","Driscoll","2022","Representational drift: Emerging theories for continual learning and experimental future directions","True","C:\Users\Ben Bolen\Zotero\storage\G2GHTTJC\Driscoll et al. - 2022 - Representational drift Emerging theories for cont.pdf"
"groups/735051","WTTERTJ6","FFXH5U8M","10.1016/j.neuron.2012.10.041","Lillicrap","2013","Preference Distributions of Primary Motor Cortex Neurons Reflect Control Solutions Optimized for Limb Biomechanics","True","C:\Users\Ben Bolen\Zotero\storage\FFXH5U8M\Lillicrap and Scott - 2013 - Preference Distributions of Primary Motor Cortex N.pdf"
"groups/735051","2SD6WD32","74HHTXNR","10.1016/j.cell.2017.07.021","Driscoll","2017","Dynamic Reorganization of Neuronal Activity Patterns in Parietal Cortex","True","C:\Users\Ben Bolen\Zotero\storage\74HHTXNR\Driscoll et al. - 2017 - Dynamic Reorganization of Neuronal Activity Patter.pdf"
"groups/735051","5KLRTZKP","XCKTVEHB","10.1007/bf00961436","Olsen","1995","Modeling the leech heartbeat elemental oscillator II. Exploring the parameter space","True","C:\Users\Ben Bolen\Zotero\storage\XCKTVEHB\Olsen et al. - 1995 - Modeling the leech heartbeat elemental oscillator .pdf"
"groups/735051","2GASBHYW","AJUKQFHD","10.1007/bf00961435","Nadim","1995","Modeling the leech heartbeat elemental oscillator I. Interactions of intrinsic and synaptic currents","True","C:\Users\Ben Bolen\Zotero\storage\AJUKQFHD\Nadim et al. - 1995 - Modeling the leech heartbeat elemental oscillator .pdf"
"groups/735051","YFGAPDFF","FMULE3IX","","Scharzenberger","2023","A Comparison of Absolute & Relative Neural Encoding Schemes in Addition & Subtraction Functional Subnetworks","True","C:\Users\Ben Bolen\Zotero\storage\FMULE3IX\Scharzenberger and Hunt - A Comparison of Absolute & Relative Neural Encodin.pdf"
"groups/735051","EJUZIMW9","TPLGLCBT","10.1038/nrn1427","Scott","2004","Optimal feedback control and the neural basis of volitional motor control","True","C:\Users\Ben Bolen\Zotero\storage\TPLGLCBT\Scott - 2004 - Optimal feedback control and the neural basis of v.pdf"
"groups/735051","2MLCD34F","TACX6NPB","","Young","","DESIGN AND ANALYSIS OF A BIOMECHANICAL MODEL OF THE RAT HINDLIMB WITH A COMPLETE MUSCULATURE","True","C:\Users\Ben Bolen\Zotero\storage\TACX6NPB\Young - DESIGN AND ANALYSIS OF A BIOMECHANICAL MODEL OF TH.pdf"
"groups/735051","INKW4BSA","PLDH5QM3","10.3390/biomimetics4010010","Young","2019","Analyzing Moment Arm Profiles in a Full-Muscle Rat Hindlimb Model","True","C:\Users\Ben Bolen\Zotero\storage\PLDH5QM3\Young et al. - 2019 - Analyzing Moment Arm Profiles in a Full-Muscle Rat.pdf"
"groups/735051","7QKVJ72Y","YCPDYIY2","10.1039/c7ra06611b","Kelnar","2017","Improvement of performance of a ductile/brittle polymer system by graphite nanoplatelets: effect of component coupling","True","C:\Users\Ben Bolen\Zotero\storage\YCPDYIY2\Kelnar et al. - 2017 - Improvement of performance of a ductilebrittle po.pdf"
"groups/735051","RF2HMNP6","8DX9R2CP","10.1007/s40964-022-00356-w","Sandanamsamy","2022","A comprehensive review on fused deposition modelling of polylactic acid","True","C:\Users\Ben Bolen\Zotero\storage\8DX9R2CP\Sandanamsamy et al. - 2022 - A comprehensive review on fused deposition modelli.pdf"
"groups/735051","FEP9IALK","ID8PB956","10.1177/07316844231167551","Shah","2023","Microstructure and mechanical properties of filament and fused deposition modelling printed polylactic-acid and carbon-fiber reinforced polylactic-acid","True","C:\Users\Ben Bolen\Zotero\storage\ID8PB956\Shah and Jain - 2023 - Microstructure and mechanical properties of filame.pdf"
"groups/735051","32ANFIID","WYDFVFW5","10.1038/nn963","Todorov","2002","Optimal feedback control as a theory of motor coordination","True","C:\Users\Ben Bolen\Zotero\storage\WYDFVFW5\Todorov and Jordan - 2002 - Optimal feedback control as a theory of motor coor.pdf"
"groups/735051","GIF7P44P","V2J2B9AP","10.1016/j.compscitech.2014.10.009","Tekinalp","2014","Highly oriented carbon fiber–polymer composites via additive manufacturing","True","C:\Users\Ben Bolen\Zotero\storage\V2J2B9AP\Highly Oriented Carbon Fiber in Polymer Composite Structures via Additive Manufacturing.pdf"
"groups/735051","4XMN4DS3","N98R89W9","10.3390/ma15082764","Colón Quintana","2022","Effects of Fiber Orientation on the Coefficient of Thermal Expansion of Fiber-Filled Polymer Systems in Large Format Polymer Extrusion-Based Additive Manufacturing","True","C:\Users\Ben Bolen\Zotero\storage\N98R89W9\Colón Quintana et al. - 2022 - Effects of Fiber Orientation on the Coefficient of.pdf"
"groups/735051","TB48A8F2","S287Q5GM","10.3390/jmmp4020038","Butt","2020","Investigating the Effects of Annealing on the Mechanical Properties of FFF-Printed Thermoplastics","True","C:\Users\Ben Bolen\Zotero\storage\S287Q5GM\Butt and Bhaskar - 2020 - Investigating the Effects of Annealing on the Mech.pdf"
"groups/735051","DZYEQPPP","TI4JGIT8","10.1557/jmr.2014.212","Love","2014","The importance of carbon fiber to polymer additive manufacturing","True","C:\Users\Ben Bolen\Zotero\storage\TI4JGIT8\Love et al. - 2014 - The importance of carbon fiber to polymer additive.pdf"
"groups/735051","T6VFDR52","943H2FR6","10.3390/ma15145069","Maier","2022","Investigation into Thermomechanical Response of Polymer Composite Materials Produced through Additive Manufacturing Technologies","True","C:\Users\Ben Bolen\Zotero\storage\943H2FR6\Maier et al. - 2022 - Investigation into Thermomechanical Response of Po.pdf"
"groups/735051","3DUNP3GP","9UEQJPCQ","10.1016/j.jmapro.2022.06.026","Ghorbani","2022","Eliminating voids and reducing mechanical anisotropy in fused filament fabrication parts by adjusting the filament extrusion rate","True","C:\Users\Ben Bolen\Zotero\storage\9UEQJPCQ\Ghorbani et al. - 2022 - Eliminating voids and reducing mechanical anisotro.pdf"
"groups/735051","36VYCHQW","NG32HD6A","10.1007/s00170-020-06077-0","Tarfaoui","2020","Additive manufacturing in fighting against novel coronavirus COVID-19","True","C:\Users\Ben Bolen\Zotero\storage\NG32HD6A\Tarfaoui et al. - 2020 - Additive manufacturing in fighting against novel c.pdf"
"groups/735051","QG8ZQLXB","8CZPZZDF","10.3144/expresspolymlett.2011.84","Battegazzore","2011","Crystallization kinetics of poly(lactic acid)-talc composites","True","C:\Users\Ben Bolen\Zotero\storage\8CZPZZDF\Battegazzore et al. - 2011 - Crystallization kinetics of poly(lactic acid)-talc.pdf"
"groups/735051","6N4G7FKI","QGAASECP","10.1002/pen.25737","Reis","2021","Annealing and crystallization kinetics of poly(lactic acid) pieces obtained by additive manufacturing","True","C:\Users\Ben Bolen\Zotero\storage\QGAASECP\Reis et al. - 2021 - Annealing and crystallization kinetics of poly(lac.PDF"
"groups/735051","WRGA4WUW","VJE7XY9K","","Callister","2014","Materials science and engineering: an introduction","True","C:\Users\Ben Bolen\Zotero\storage\VJE7XY9K\Callister - Materials Science and Engineering An Introduction 9th c2014 txtbk-1.pdf"
"groups/735051","KM2UPR2E","NCMLFDM9","","Kalogeras","","THE NATURE OF THE GLASSY STATE: STRUCTURE AND GLASS TRANSITIONS","True","C:\Users\Ben Bolen\Zotero\storage\NCMLFDM9\Kalogeras and Lobland - THE NATURE OF THE GLASSY STATE STRUCTURE AND GLAS.pdf"
"groups/735051","R5WDXACQ","ZKUNUF8F","","Rangisetty","","The Effect of Infill Parameters and Annealing on Mechanical Properties of Additively Manufactured Thermoplastic Composites","True","C:\Users\Ben Bolen\Zotero\storage\ZKUNUF8F\Rangisetty - The Effect of Infill Parameters and Annealing on M.pdf"
"groups/735051","L6SSXEE2","KR33UT2N","","Rodriguez","","Maximizing the Strength of Fused-Deposition ABS Plastic Parts","True","C:\Users\Ben Bolen\Zotero\storage\KR33UT2N\Rodriguez and Renaud - Maximizing the Strength of Fused-Deposition ABS Pl.pdf"
"groups/735051","IBU22D6H","WYSI6VZV","10.1002/mame.201800169","Wach","2018","Enhancement of Mechanical Properties of FDM-PLA Parts via Thermal Annealing","True","C:\Users\Ben Bolen\Zotero\storage\WYSI6VZV\Wach et al. - 2018 - Enhancement of Mechanical Properties of FDM-PLA Pa.pdf"
"groups/735051","SREHJXU9","4ME6Q9Q6","10.1002/pen.23304","Srithep","2013","Effects of annealing time and temperature on the crystallinity and heat resistance behavior of injection-molded poly(lactic acid)","True","C:\Users\Ben Bolen\Zotero\storage\4ME6Q9Q6\Srithep et al. - 2013 - Effects of annealing time and temperature on the c.pdf"
"groups/735051","MDT8XJM6","TI6RACW8","10.1016/j.matdes.2017.03.051","Song","2017","Measurements of the mechanical response of unidirectional 3D-printed PLA","True","C:\Users\Ben Bolen\Zotero\storage\TI6RACW8\Song et al. - 2017 - Measurements of the mechanical response of unidire.pdf"
"groups/735051","8KJEHIIM","G8UADU6N","10.1016/j.compstruct.2019.111476","Kabir","2020","A critical review on 3D printed continuous fiber-reinforced composites: History, mechanism, materials and properties","True","C:\Users\Ben Bolen\Zotero\storage\G8UADU6N\Song et al - Materials &  Design - 2017 - accepted.pdf"
"groups/735051","NZ4WMJFH","VMWQGCGL","","Tantillo","","Annealing of Fused Filament Fabricated Nylon 6 with Elevated Isostatic Pressure","True","C:\Users\Ben Bolen\Zotero\storage\VMWQGCGL\Tantillo - Annealing of Fused Filament Fabricated Nylon 6 wit.pdf"
"groups/735051","6AICW6TR","N8MGY7X8","10.1007/s00170-021-07913-7","Zhang","2021","Fibre bridging and nozzle clogging in 3D printing of discontinuous carbon fibre-reinforced polymer composites: coupled CFD-DEM modelling","True","C:\Users\Ben Bolen\Zotero\storage\N8MGY7X8\Zhang et al. - 2021 - Fibre bridging and nozzle clogging in 3D printing .pdf"
"groups/735051","SKUDTG58","DQZQZJTY","10.1152/jn.00625.2019","Cheung","2021","Approaches to revealing the neural basis of muscle synergies: a review and a critique","True","C:\Users\Ben Bolen\Zotero\storage\DQZQZJTY\Cheung and Seki - 2021 - Approaches to revealing the neural basis of muscle.pdf"
"groups/735051","SSSM9QVI","SI868T7Y","","Du","","Quaternion-Based Analytical Inverse Dynamics for the Human Body","True","C:\Users\Ben Bolen\Zotero\storage\SI868T7Y\Du - Quaternion-Based Analytical Inverse Dynamics for t.pdf"
"groups/735051","F98ZPVYZ","Y5NRBF75","10.1177/0731684418807300","Akhoundi","2019","Improving mechanical properties of continuous fiber-reinforced thermoplastic composites produced by FDM 3D printer","True","C:\Users\Ben Bolen\Zotero\storage\Y5NRBF75\Akhoundi et al. - 2019 - Improving mechanical properties of continuous fibe.pdf"
"groups/735051","3YFIP6ZQ","5AJNXD8S","10.1007/s11837-015-1367-y","Torres","2015","Mechanical Property Optimization of FDM PLA in Shear with Multiple Objectives","True","C:\Users\Ben Bolen\Zotero\storage\5AJNXD8S\Torres et al. - 2015 - Mechanical Property Optimization of FDM PLA in She.pdf"
"groups/735051","WTFA685L","BSYUQAZP","10.4236/iim.2009.12014","Panda","2009","Optimization of Fused Deposition Modelling (FDM) Process Parameters Using Bacterial Foraging Technique","True","C:\Users\Ben Bolen\Zotero\storage\BSYUQAZP\Panda et al. - 2009 - Optimization of Fused Deposition Modelling (FDM) P.pdf"
"groups/735051","8B3JHIED","UNVYVNZD","10.1152/jn.00773.2003","Ting","2004","Ratio of Shear to Load Ground-Reaction Force May Underlie the Directional Tuning of the Automatic Postural Response to Rotation and Translation","True","C:\Users\Ben Bolen\Zotero\storage\UNVYVNZD\Ting and Macpherson - 2004 - Ratio of Shear to Load Ground-Reaction Force May U.pdf"
"groups/735051","YCPEHH97","KRSPMY7Y","10.1016/s0166-2236(02)02173-2","Capaday","2002","The special nature of human walking and its neural control","True","C:\Users\Ben Bolen\Zotero\storage\KRSPMY7Y\Capaday - 2002 - The special nature of human walking and its neural.pdf"
"groups/735051","RYKRVXEQ","V8N5VKMV","10.1016/0166-2236(95)94494-p","Bizzi","1995","Modular organization of motor behavior in the frog's spinal cord","True","C:\Users\Ben Bolen\Zotero\storage\V8N5VKMV\Bizzi et al. - 1995 - Modular organization of motor behavior in the frog.pdf"
"groups/735051","S3SVWANY","TSLTQLLP","10.1093/brain/119.6.1809","Nathan","1996","Vestibulospinal, reticulospinal and descending propriospinal nerve fibres in man","True","C:\Users\Ben Bolen\Zotero\storage\TSLTQLLP\Nathan et al. - 1996 - Vestibulospinal, reticulospinal and descending pro.pdf"
"groups/735051","DM5F38IE","SCEK6BY8","10.1016/s0166-2236(03)00073-0","Poppele","2003","Sophisticated spinal contributions to motor control","True","C:\Users\Ben Bolen\Zotero\storage\SCEK6BY8\Poppele and Bosco - 2003 - Sophisticated spinal contributions to motor contro.pdf"
"groups/735051","76XDTN7S","7R3HMCYT","10.1038/nrn.2016.9","Kiehn","2016","Decoding the organization of spinal circuits that control locomotion","True","C:\Users\Ben Bolen\Zotero\storage\7R3HMCYT\Kiehn - 2016 - Decoding the organization of spinal circuits that .pdf"
"groups/735051","7388U9W7","TWVIHLQ6","","Prilutsky","2015","Neuromechanical Modeling of Posture and Locomotion","True","C:\Users\Ben Bolen\Zotero\storage\TWVIHLQ6\(Springer Series in Computational Neuroscience) Boris I. Prilutsky, Donald H. Edwards (eds.) - Neuromechanical Modeling of Posture and Locomotion-Springer-Verlag New York (2016).pdf"
"groups/735051","Q2T5ETAQ","TVGMJ88M","10.1016/j.neuron.2015.02.042","Ting","2015","Neuromechanical Principles Underlying Movement Modularity and Their Implications for Rehabilitation","True","C:\Users\Ben Bolen\Zotero\storage\TVGMJ88M\Ting et al. - 2015 - Neuromechanical Principles Underlying Movement Mod.pdf"
"groups/735051","PUVMGVWH","5FHQ638K","10.1098/rspb.2017.0290","Yokoyama","2017","Speed dependency in α-motoneuron activity and locomotor modules in human locomotion: Indirect evidence for phylogenetically conserved spinal circuits","True","C:\Users\Ben Bolen\Zotero\storage\5FHQ638K\Yokoyama et al. - 2017 - Speed dependency in α-motoneuron activity and loco.pdf"
"groups/735051","RKNVIVD6","UTK3NBGI","10.1016/j.isci.2022.104083","Kohler","2022","Diversified physiological sensory input connectivity questions the existence of distinct classes of spinal interneurons","True","C:\Users\Ben Bolen\Zotero\storage\UTK3NBGI\Kohler et al. - 2022 - Diversified physiological sensory input connectivi.pdf"
"groups/735051","HQZAC8XN","G2YPNTRH","10.1113/jphysiol.2003.057174","Ivanenko","2004","Five basic muscle activation patterns account for muscle activity during human locomotion: Basic muscle activation patterns","True","C:\Users\Ben Bolen\Zotero\storage\G2YPNTRH\Ivanenko et al. - 2004 - Five basic muscle activation patterns account for .pdf"
"groups/735051","29VYEMDX","4R3JHPDS","10.1523/jneurosci.3288-17.2018","Hurteau","2018","Intralimb and Interlimb Cutaneous Reflexes during Locomotion in the Intact Cat","True","C:\Users\Ben Bolen\Zotero\storage\4R3JHPDS\Hurteau et al. - 2018 - Intralimb and Interlimb Cutaneous Reflexes during .pdf"
"groups/735051","753KL7RM","VXJ6W26A","10.1523/jneurosci.3042-16.2017","Hurteau","2017","Nonlinear Modulation of Cutaneous Reflexes with Increasing Speed of Locomotion in Spinal Cats","True","C:\Users\Ben Bolen\Zotero\storage\VXJ6W26A\Hurteau et al. - 2017 - Nonlinear Modulation of Cutaneous Reflexes with In.pdf"
"groups/735051","DF9YS6WD","RSCMM452","10.1152/jn.01054.2007","Kargo","2010","A Simple Experimentally Based Model Using Proprioceptive Regulation of Motor Primitives Captures Adjusted Trajectory Formation in Spinal Frogs","True","C:\Users\Ben Bolen\Zotero\storage\RSCMM452\Kargo et al. - 2010 - A Simple Experimentally Based Model Using Proprioc.pdf"
"groups/735051","7ID949EQ","T2V9CNJB","10.1016/j.conb.2010.09.004","Kiehn","2011","Development and functional organization of spinal locomotor circuits","True","C:\Users\Ben Bolen\Zotero\storage\T2V9CNJB\Kiehn - 2011 - Development and functional organization of spinal .pdf"
"groups/735051","QZ5P4NTQ","4K3974R7","10.1113/jp277018","Desrochers","2019","Spinal control of muscle synergies for adult mammalian locomotion","True","C:\Users\Ben Bolen\Zotero\storage\4K3974R7\Desrochers et al. - 2019 - Spinal control of muscle synergies for adult mamma.pdf"
"groups/735051","9UL9P2KN","I4SJYQVQ","10.1016/s0006-3495(72)86068-5","Wilson","1972","Excitatory and Inhibitory Interactions in Localized Populations of Model Neurons","True","C:\Users\Ben Bolen\Zotero\storage\I4SJYQVQ\Wilson and Cowan - 1972 - Excitatory and Inhibitory Interactions in Localize.pdf"
"groups/735051","9UA8CYPG","2X9ZTXA8","10.1016/j.neuroscience.2014.12.084","Frigon","2015","Modulation of forelimb and hindlimb muscle activity during quadrupedal tied-belt and split-belt locomotion in intact cats","True","C:\Users\Ben Bolen\Zotero\storage\2X9ZTXA8\Frigon et al. - 2015 - Modulation of forelimb and hindlimb muscle activit.pdf"
"groups/735051","L58D9JJS","NR5WX4S9","10.1152/jn.00160.2014","D'Angelo","2014","Modulation of phase durations, phase variations, and temporal coordination of the four limbs during quadrupedal split-belt locomotion in intact adult cats","True","C:\Users\Ben Bolen\Zotero\storage\NR5WX4S9\D'Angelo et al. - 2014 - Modulation of phase durations, phase variations, a.pdf"
"groups/735051","UPNR3K6B","5VHAD6Z9","10.1152/jn.00419.2015","Dambreville","2015","The spinal control of locomotion and step-to-step variability in left-right symmetry from slow to moderate speeds","True","C:\Users\Ben Bolen\Zotero\storage\5VHAD6Z9\Dambreville et al. - 2015 - The spinal control of locomotion and step-to-step .pdf"
"groups/735051","P4F5XGN5","BM559QKA","10.1113/jp272740","Frigon","2016","Left-right coordination from simple to extreme conditions during split-belt locomotion in the chronic spinal adult cat","True","C:\Users\Ben Bolen\Zotero\storage\BM559QKA\Frigon et al. - 2016 - Left-right coordination from simple to extreme con.pdf"
"groups/735051","54IGXNA5","EZ9YXPBH","10.1093/brain/awu372","Danner","2015","Human spinal locomotor control is based on flexibly organized burst generators","True","C:\Users\Ben Bolen\Zotero\storage\EZ9YXPBH\Danner et al. - 2015 - Human spinal locomotor control is based on flexibl.pdf"
"groups/735051","SDYPF2ZR","VMSHV6QN","10.1016/j.asd.2004.05.004","Dürr","2004","Behaviour-based modelling of hexapod locomotion: linking biology and technical application","True","C:\Users\Ben Bolen\Zotero\storage\VMSHV6QN\Dürr et al. - 2004 - Behaviour-based modelling of hexapod locomotion l.pdf"
"groups/735051","9HFMIKJ2","QIRB7P9I","10.1371/journal.pcbi.1007804","Schilling","2020","Decentralized control of insect walking: A simple neural network explains a wide range of behavioral and neurophysiological results","True","C:\Users\Ben Bolen\Zotero\storage\QIRB7P9I\Schilling and Cruse - 2020 - Decentralized control of insect walking A simple .pdf"
"groups/735051","XXIATGXX","CESWNMFK","10.1641/0006-3568(2000)050[0023:iwabar]2.3.co;2","Ritzmann","2000","Insect Walking and Biorobotics: A Relationship with Mutual Benefits","True","C:\Users\Ben Bolen\Zotero\storage\CESWNMFK\Ritzmann et al. - 2000 - Insect Walking and Biorobotics A Relationship wit.pdf"
"groups/735051","HJUK3CTI","6ACG38V6","10.1177/105971239300100404","Espenschied","1993","Leg Coordination Mechanisms in the Stick Insect Applied to Hexapod Robot Locomotion","True","C:\Users\Ben Bolen\Zotero\storage\6ACG38V6\Espenschied et al. - 1993 - Leg Coordination Mechanisms in the Stick Insect Ap.pdf"
"groups/735051","GFF6HJZW","TTN67GPM","10.1016/0166-2236(90)90057-h","Cruse","1990","What mechanisms coordinate leg movement in walking arthropods?","True","C:\Users\Ben Bolen\Zotero\storage\TTN67GPM\Cruse - 1990 - What mechanisms coordinate leg movement in walking.pdf"
"groups/735051","CK2NF8VD","L8HS6C9U","10.1242/jeb.198.2.435","Büschges","1995","Rhythmic Patterns in the Thoracic Nerve Cord of the Stick Insect Induced by Pilocarpine","True","C:\Users\Ben Bolen\Zotero\storage\L8HS6C9U\Büschges et al. - 1995 - Rhythmic Patterns in the Thoracic Nerve Cord of th.pdf"
"groups/735051","HJXF4BCU","5MLUL97T","10.1007/s00422-012-0543-1","Bicanski","2013","Decoding the mechanisms of gait generation in salamanders by combining neurobiology, modeling and robotics","True","C:\Users\Ben Bolen\Zotero\storage\5MLUL97T\Bicanski et al. - 2013 - Decoding the mechanisms of gait generation in sala.pdf"
"groups/735051","9NL8NBZL","KWPG2L6F","10.1109/lra.2018.2850971","Kim","2018","Soft Inflatable Sensing Modules for Safe and Interactive Robots","True","C:\Users\Ben Bolen\Zotero\storage\KWPG2L6F\Kim et al. - 2018 - Soft Inflatable Sensing Modules for Safe and Inter.pdf"
"groups/735051","5PDN9YAL","5XTD7SNJ","10.1109/lra.2019.2931273","Takaki","2019","Acoustic Length Sensor for Soft Extensible Pneumatic Actuators With a Frequency Characteristics Model","True","C:\Users\Ben Bolen\Zotero\storage\5XTD7SNJ\Takaki et al. - 2019 - Acoustic Length Sensor for Soft Extensible Pneumat.pdf"
"groups/735051","J3WDY2YY","QLCZ56SZ","10.1007/s10827-008-0124-4","Daun","2009","Control of oscillation periods and phase durations in half-center central pattern generators: a comparative mechanistic analysis","True","C:\Users\Ben Bolen\Zotero\storage\QLCZ56SZ\Daun et al. - 2009 - Control of oscillation periods and phase durations.pdf"
"groups/735051","ZQ2YLZKM","62Q7HHJY","10.1113/jp270121","Shevtsova","2015","Organization of left-right coordination of neuronal activity in the mammalian spinal cord: Insights from computational modelling","True","C:\Users\Ben Bolen\Zotero\storage\62Q7HHJY\Shevtsova et al. - 2015 - Organization of left-right coordination of neurona.pdf"
"groups/735051","TZUCY8C5","73WC3HJ4","10.3390/ijms23105541","Shevtsova","2022","Ipsilateral and Contralateral Interactions in Spinal Locomotor Circuits Mediated by V1 Neurons: Insights from Computational Modeling","True","C:\Users\Ben Bolen\Zotero\storage\73WC3HJ4\Shevtsova et al. - 2022 - Ipsilateral and Contralateral Interactions in Spin.pdf"
"groups/735051","25Z45LIN","7KFVCPQR","10.1016/0006-8993(75)90974-9","Feldman","1975","Activity of interneurons mediating reciprocal 1a inhibition during locomotion","True","C:\Users\Ben Bolen\Zotero\storage\7KFVCPQR\Feldman and Orlovsky - 1975 - Activity of interneurons mediating reciprocal 1a i.pdf"
"groups/735051","FW2V5EY2","D7VTPMJN","10.1016/j.brainresrev.2007.06.025","Brownstone","2008","Strategies for delineating spinal locomotor rhythm-generating networks and the possible role of Hb9 interneurones in rhythmogenesis","True","C:\Users\Ben Bolen\Zotero\storage\D7VTPMJN\Brownstone and Wilson - 2008 - Strategies for delineating spinal locomotor rhythm.pdf"
"groups/735051","ZWG2647T","NDBKJ53X","10.1016/s0925-2312(02)00832-9","Ivashko","2003","Modeling the spinal cord neural circuitry controlling cat hindlimb movement during locomotion","True","C:\Users\Ben Bolen\Zotero\storage\NDBKJ53X\Ivashko et al. - 2003 - Modeling the spinal cord neural circuitry controll.pdf"
"groups/735051","9ID7ASV7","C3PVUQB5","10.1016/j.brainresrev.2007.08.006","McCrea","2008","Organization of mammalian locomotor rhythm and pattern generation","True","C:\Users\Ben Bolen\Zotero\storage\C3PVUQB5\McCrea and Rybak - 2008 - Organization of mammalian locomotor rhythm and pat.pdf"
"groups/735051","EZEA4VMY","VBMBBHJE","10.1111/j.1469-7793.2001.0041b.x","McCrea","2001","Spinal circuitry of sensorimotor control of locomotion","True","C:\Users\Ben Bolen\Zotero\storage\VBMBBHJE\McCrea - 2001 - Spinal circuitry of sensorimotor control of locomo.pdf"
"groups/735051","5PC5PQBR","5A8XR6YQ","10.1007/s00422-006-0112-6","Verdaasdonk","2007","Resonance tuning in a neuro-musculo-skeletal model of the forearm","True","C:\Users\Ben Bolen\Zotero\storage\5A8XR6YQ\Verdaasdonk et al. - 2007 - Resonance tuning in a neuro-musculo-skeletal model.pdf"
"groups/735051","F95DLUEW","CLVRQIHL","10.1007/bf00235671","Grillner","1979","On the central generation of locomotion in the low spinal cat","True","C:\Users\Ben Bolen\Zotero\storage\CLVRQIHL\Grillner and Zangger - 1979 - On the central generation of locomotion in the low.pdf"
"groups/735051","D2DKJCJH","K7CMAN5H","10.1016/j.humov.2007.01.005","Minassian","2007","Human lumbar cord circuitries can be activated by extrinsic tonic input to generate locomotor-like activity","True","C:\Users\Ben Bolen\Zotero\storage\K7CMAN5H\Minassian et al. - 2007 - Human lumbar cord circuitries can be activated by .pdf"
"groups/735051","PTX7TDWE","2RLUYUNU","","Brown","1914","On the nature of the fundamental activity of the nervous centres; together with an analysis of the conditioning of rhythmic activity in progression, and a theory of the evolution of function in the nervous system","True","C:\Users\Ben Bolen\Zotero\storage\2RLUYUNU\Brown - 1914 - On the nature of the fundamental activity of the n.pdf"
"groups/735051","J347PRR7","VBNLDEBN","10.1113/jphysiol.1995.sp020871","Guertin","1995","Ankle extensor group I afferents excite extensors throughout the hindlimb during fictive locomotion in the cat.","True","C:\Users\Ben Bolen\Zotero\storage\VBNLDEBN\Guertin et al. - 1995 - Ankle extensor group I afferents excite extensors .pdf"
"groups/735051","QH2ZHL9K","N56SJCXT","","Perreault","1995","Effects of stimulation of hindlimb flexor group II afferents during fictive locomotion in the cat.","True","C:\Users\Ben Bolen\Zotero\storage\N56SJCXT\Perreault et al. - 1995 - Effects of stimulation of hindlimb flexor group II.pdf"
"groups/735051","UBNGALD4","7YTEUK8U","10.1016/s0079-6123(06)65015-2","McCrea","2007","Modeling the mammalian locomotor CPG: insights from mistakes and perturbations","True","C:\Users\Ben Bolen\Zotero\storage\7YTEUK8U\McCrea and Rybak - 2007 - Modeling the mammalian locomotor CPG insights fro.pdf"
"groups/735051","2ZDRU35U","4UTD7JIX","","Smith","","Neuromorphic scaling advantages for energy-efficient random walk computations","True","C:\Users\Ben Bolen\Zotero\storage\4UTD7JIX\Smith et al. - Neuromorphic scaling advantages for energy-efficie.pdf"
"groups/735051","HTQJUUW8","5KVGK4TN","10.1139/tcsme-2017-514","Sárosi","2017","COMPARATIVE SURVEY OF VARIOUS STATIC AND DYNAMIC MODELS OF PNEUMATIC ARTIFICIAL MUSCLES","True","C:\Users\Ben Bolen\Zotero\storage\5KVGK4TN\Sárosi et al. - 2017 - COMPARATIVE SURVEY OF VARIOUS STATIC AND DYNAMIC M.pdf"
"groups/735051","HUFQV8FX","IALNW3W8","","Dai","2022","SLUGBOT, an Aplysia-inspired Robotic Grasper for Studying Control","True","C:\Users\Ben Bolen\Zotero\storage\IALNW3W8\Dai et al. - 2022 - SLUGBOT, an Aplysia-inspired Robotic Grasper for S.pdf"
"groups/735051","RHJHIN7Q","NHK2S6CD","10.1109/iros.2015.7353922","Szczecinski","2015","Introducing MantisBot: Hexapod robot controlled by a high-fidelity, real-time neural simulation","True","C:\Users\Ben Bolen\Zotero\storage\NHK2S6CD\Szczecinski et al. - 2015 - Introducing MantisBot Hexapod robot controlled by.pdf"
"groups/735051","L5PK67I9","Z5CVKSXR","10.1016/j.asd.2017.03.001","Szczecinski","2017","Mantisbot is a robotic model of visually guided motion in the praying mantis","True","C:\Users\Ben Bolen\Zotero\storage\Z5CVKSXR\Szczecinski et al. - 2017 - Mantisbot is a robotic model of visually guided mo.pdf"
"groups/735051","M57F8YEE","I9DRC68V","10.1177/07316844211016091","Chen","2021","Process evaluation, tensile properties, mathematical models, and fracture behavior of 3D printed continuous fiber reinforced thermoplastic composites","True","C:\Users\Ben Bolen\Zotero\storage\I9DRC68V\Chen et al. - 2021 - Process evaluation, tensile properties, mathematic.pdf"
"groups/735051","MK65RRFS","G3AUKGJU","10.1186/s42252-020-00010-0","Dantas","2020","Long-fibre reinforced polymer composites by 3D printing: influence of nature of reinforcement and processing parameters on mechanical performance","True","C:\Users\Ben Bolen\Zotero\storage\G3AUKGJU\Dantas et al. - 2020 - Long-fibre reinforced polymer composites by 3D pri.pdf"
"groups/735051","G8VUHZH7","UETP5FAJ","10.3390/polym13152524","Papa","2021","Effect of Fibre Orientation on Novel Continuous 3D-Printed Fibre-Reinforced Composites","True","C:\Users\Ben Bolen\Zotero\storage\UETP5FAJ\Papa et al. - 2021 - Effect of Fibre Orientation on Novel Continuous 3D.pdf"
"groups/735051","WQUDXC7G","X57HRQBF","10.3390/ma13245654","Vaško","2020","Impact Toughness of FRTP Composites Produced by 3D Printing","True","C:\Users\Ben Bolen\Zotero\storage\X57HRQBF\Vaško et al. - 2020 - Impact Toughness of FRTP Composites Produced by 3D.pdf"
"groups/735051","KAHZCEFD","7GK8JR3G","10.1109/jproc.2021.3067593","Davies","2021","Advancing Neuromorphic Computing With Loihi: A Survey of Results and Outlook","True","C:\Users\Ben Bolen\Zotero\storage\7GK8JR3G\Davies et al. - 2021 - Advancing Neuromorphic Computing With Loihi A Sur.pdf"
"groups/735051","RCW6G6VT","2QHM9FEL","","Makoviychuk","2021","Isaac Gym: High Performance GPU-Based Physics Simulation For Robot Learning","True","C:\Users\Ben Bolen\Zotero\storage\2QHM9FEL\Makoviychuk et al. - 2021 - Isaac Gym High Performance GPU-Based Physics Simu.pdf"
"groups/735051","WY5PW42A","ICL8Q6H9","10.1007/s00521-020-04832-8","Slowik","2020","Evolutionary algorithms and their applications to engineering problems","True","C:\Users\Ben Bolen\Zotero\storage\ICL8Q6H9\Slowik and Kwasnicka - 2020 - Evolutionary algorithms and their applications to .pdf"
"groups/735051","PIJIM4N9","VG2KN8C8","","Mukkamala","2017","Variants of RMSProp and Adagrad with Logarithmic Regret Bounds","True","C:\Users\Ben Bolen\Zotero\storage\VG2KN8C8\Mukkamala and Hein - Variants of RMSProp and Adagrad with Logarithmic R.pdf"
"groups/735051","8ZMWG379","7RT63ZRM","","Paszke","","PyTorch: An Imperative Style, High-Performance Deep Learning Library","True","C:\Users\Ben Bolen\Zotero\storage\7RT63ZRM\Paszke et al. - PyTorch An Imperative Style, High-Performance Dee.pdf"
"groups/735051","9S3NLRTQ","62MMJNZ3","10.1109/5.58337","Werbos","1990","Backpropagation through time: what it does and how to do it","True","C:\Users\Ben Bolen\Zotero\storage\62MMJNZ3\Werbos - 1990 - Backpropagation through time what it does and how.pdf"
"groups/735051","ZL5YYPLJ","C2UKCPFH","10.1016/b978-0-12-741252-8.50010-8","Hecht-Nielsen","1992","Theory of the Backpropagation Neural Network","True","C:\Users\Ben Bolen\Zotero\storage\C2UKCPFH\Hecht-Nielsen - 1992 - Theory of the Backpropagation Neural NetworkBase.pdf"
"groups/735051","WSVWYJ32","5AQV2RTJ","10.1113/jphysiol.2007.136200","Alvarez","2007","The continuing case for the Renshaw cell: The continuing case for the Renshaw cell","True","C:\Users\Ben Bolen\Zotero\storage\5AQV2RTJ\Alvarez and Fyffe - 2007 - The continuing case for the Renshaw cell The cont.pdf"
"groups/735051","CLGVNCYA","APEJEAC5","10.1016/j.physd.2003.08.003","Buono","2004","A mathematical model of motorneuron dynamics in the heartbeat of the leech","True","C:\Users\Ben Bolen\Zotero\storage\APEJEAC5\Buono and Palacios - 2004 - A mathematical model of motorneuron dynamics in th.pdf"
"groups/735051","TQVQL9W7","YG92D5U5","10.1073/pnas.1419045111","Akay","2014","Degradation of mouse locomotor pattern in the absence of proprioceptive sensory feedback","True","C:\Users\Ben Bolen\Zotero\storage\YG92D5U5\Akay et al. - 2014 - Degradation of mouse locomotor pattern in the abse.pdf"
"groups/735051","NSCDLB4S","WTLBP2BP","10.1162/neco_a_00990","Rawat","2017","Deep Convolutional Neural Networks for Image Classification: A Comprehensive Review","True","C:\Users\Ben Bolen\Zotero\storage\WTLBP2BP\Rawat and Wang - 2017 - Deep Convolutional Neural Networks for Image Class.pdf"
"groups/735051","GC4F7JKI","UH8KXH7G","10.1109/tnnls.2021.3084827","Li","2022","A Survey of Convolutional Neural Networks: Analysis, Applications, and Prospects","True","C:\Users\Ben Bolen\Zotero\storage\UH8KXH7G\Li et al. - 2022 - A Survey of Convolutional Neural Networks Analysi.pdf"
"groups/735051","DG2N69SU","Z2XF8ALL","10.1007/bf00609460","Stevenson","1987","A reconsideration of the central pattern generator concept for locust flight","True","C:\Users\Ben Bolen\Zotero\storage\Z2XF8ALL\Stevenson and Kutsch - 1987 - A reconsideration of the central pattern generator.pdf"
"groups/735051","NDCRWDTK","RCHJNARN","10.1002/dneu.22738","Mantziaris","2020","Central pattern generating networks in insect locomotion","True","C:\Users\Ben Bolen\Zotero\storage\RCHJNARN\Mantziaris et al. - 2020 - Central pattern generating networks in insect loco.pdf"
"groups/735051","C6K36CY6","PBD3VZ2B","10.1080/01691864.2018.1455606","Suzumori","2018","Trends in hydraulic actuators and components in legged and tough robots: a review","True","C:\Users\Ben Bolen\Zotero\storage\PBD3VZ2B\Suzumori and Faudzi - 2018 - Trends in hydraulic actuators and components in le.pdf"
"groups/735051","PVSZFNIN","C2S3WYKK","10.1016/j.medengphy.2016.01.010","Veale","2016","Towards compliant and wearable robotic orthoses: A review of current and emerging actuator technologies","True","C:\Users\Ben Bolen\Zotero\storage\C2S3WYKK\Veale and Xie - 2016 - Towards compliant and wearable robotic orthoses A.pdf"
"groups/735051","34KX9UVP","J5XQC56J","10.1007/978-3-030-24741-6_15","Martinez-Hernandez","2019","Highly-Integrated Muscle-Spindles for Pneumatic Artificial Muscles Made from Conductive Fabrics","True","C:\Users\Ben Bolen\Zotero\storage\J5XQC56J\Hitzmann et al. - 2019 - Highly-Integrated Muscle-Spindles for Pneumatic Ar.pdf"
"groups/735051","6UYZPIWQ","8DD895PT","10.1152/jn.00965.2007","Sasaki","2007","Feeding CPG in <i>Aplysia</i> Directly Controls Two Distinct Outputs of a Compartmentalized Interneuron That Functions as a CPG Element","True","C:\Users\Ben Bolen\Zotero\storage\8DD895PT\Sasaki et al. - 2007 - Feeding CPG in Aplysia Directly Controls Tw.pdf"
"groups/735051","54ND8YU9","5WRUEJ2I","10.1177/0095244318817867","Akasheh","2019","Fracture toughness enhancement of carbon fiber–reinforced polymer composites utilizing additive manufacturing fabrication","True","C:\Users\Ben Bolen\Zotero\storage\5WRUEJ2I\Akasheh and Aglan - 2019 - Fracture toughness enhancement of carbon fiber–rei.pdf"
"groups/735051","TQG6JYGT","2A6FRZBP","10.1002/app.50338","Piramanayagam","2021","Experimental investigation and statistical analysis of additively manufactured onyx‐carbon fiber reinforced composites","True","C:\Users\Ben Bolen\Zotero\storage\2A6FRZBP\Piramanayagam et al. - 2021 - Experimental investigation and statistical analysi.pdf"
"groups/735051","EDYR8GMS","3MHVAJ2Q","","Scrocco","","Impact Testing of 3D Printed Kevlar-Reinforced Onyx Material","True","C:\Users\Ben Bolen\Zotero\storage\3MHVAJ2Q\Scrocco et al. - Impact Testing of 3D Printed Kevlar-Reinforced Ony.pdf"
"groups/735051","AKUJG9QL","UNQ52YDX","10.1016/j.addma.2018.12.020","Naranjo-Lozada","2019","Tensile properties and failure behavior of chopped and continuous carbon fiber composites produced by additive manufacturing","True","C:\Users\Ben Bolen\Zotero\storage\UNQ52YDX\Naranjo-Lozada et al. - 2019 - Tensile properties and failure behavior of chopped.pdf"
"groups/735051","BJC8MM8X","H87QA9KP","10.1186/s10033-020-00485-9","He","2020","Mechanism, Actuation, Perception, and Control of Highly Dynamic Multilegged Robots: A Review","True","C:\Users\Ben Bolen\Zotero\storage\H87QA9KP\He and Gao - 2020 - Mechanism, Actuation, Perception, and Control of H.pdf"
"groups/735051","6GYUQC66","AVTFKMJC","10.1186/1471-2474-14-104","Moraux","2013","Ankle dorsi- and plantar-flexion torques measured by dynamometry in healthy subjects from 5 to 80 years","True","C:\Users\Ben Bolen\Zotero\storage\AVTFKMJC\Moraux et al. - 2013 - Ankle dorsi- and plantar-flexion torques measured .pdf"
"groups/735051","9ZIZPSWI","PENWY65Q","10.1152/jn.00641.2003","Unknown","","Alternative to Hand-Tuning Conductance-Based Models: Construction and Analysis of Databases of Model Neurons","True","C:\Users\Ben Bolen\Zotero\storage\PENWY65Q\Alternative to Hand-Tuning Conductance-Based Model.pdf"
"groups/735051","U4D6WWLZ","A9QC4P4E","10.1152/jn.00641.2003","Prinz","2003","Alternative to Hand-Tuning Conductance-Based Models: Construction and Analysis of Databases of Model Neurons","True","C:\Users\Ben Bolen\Zotero\storage\A9QC4P4E\Prinz et al. - 2003 - Alternative to Hand-Tuning Conductance-Based Model.pdf"
"groups/735051","WHYDAGGU","LGPHI3FP","10.1145/3071178.3071208","Lorenzo","2017","Particle swarm optimization for hyper-parameter selection in deep neural networks","True","C:\Users\Ben Bolen\Zotero\storage\LGPHI3FP\3071178.pdf"
"groups/735051","76ZBD6RT","YVD7J976","10.1113/jphysiol.1988.sp017281","Robertson","1988","Synaptic control of hindlimb motoneurones during three forms of the fictive scratch reflex in the turtle.","True","C:\Users\Ben Bolen\Zotero\storage\YVD7J976\Robertson and Stein - 1988 - Synaptic control of hindlimb motoneurones during t.pdf"
"groups/735051","KU9CUS6K","QTQU3W5B","10.1113/jphysiol.2012.240895","Zhong","2012","Neuronal activity in the isolated mouse spinal cord during spontaneous deletions in fictive locomotion: insights into locomotor central pattern generator organization","True","C:\Users\Ben Bolen\Zotero\storage\QTQU3W5B\Zhong et al. - 2012 - Neuronal activity in the isolated mouse spinal cor.pdf"
"groups/735051","XECA7KR8","C8D5MRTH","10.1113/jp272437","Shevtsova","2016","Organization of flexor–extensor interactions in the mammalian spinal cord: insights from computational modelling","True","C:\Users\Ben Bolen\Zotero\storage\C8D5MRTH\Shevtsova and Rybak - 2016 - Organization of flexor–extensor interactions in th.pdf"
"groups/735051","IYMF9ATJ","JUS5LJAK","10.1113/jphysiol.2006.118711","Rybak","2006","Modelling spinal circuitry involved in locomotor pattern generation: insights from the effects of afferent stimulation","True","C:\Users\Ben Bolen\Zotero\storage\JUS5LJAK\Rybak et al. - 2006 - Modelling spinal circuitry involved in locomotor p.pdf"
"groups/735051","SHUH36FQ","YNS8WD8X","10.1152/jn.00865.2011","Markin","2012","Motoneuronal and muscle synergies involved in cat hindlimb control during fictive and real locomotion: a comparison study","True","C:\Users\Ben Bolen\Zotero\storage\YNS8WD8X\Markin et al. - 2012 - Motoneuronal and muscle synergies involved in cat .pdf"
"groups/735051","N5F8R795","J6WS447A","10.3390/app122111024","Pietrala","2022","Design and Control of a Pneumatic Muscle Servo Drive Containing Its Own Pneumatic Muscles","True","C:\Users\Ben Bolen\Zotero\storage\J6WS447A\Pietrala and Laski - 2022 - Design and Control of a Pneumatic Muscle Servo Dri.pdf"
"groups/735051","2RTXRPEW","C2YK8BSC","10.1016/j.mechatronics.2008.02.006","Zhang","2008","Modeling and control of a curved pneumatic muscle actuator for wearable elbow exoskeleton","True","C:\Users\Ben Bolen\Zotero\storage\C2YK8BSC\Pietrala and Laski - 2022 - Design and Control of a Pneumatic Muscle Servo Dri.pdf"
"groups/735051","43FIWMFJ","FMTH7X8Y","10.1002/cphy.c210020","Frigon","2021","Control of Mammalian Locomotion by Somatosensory Feedback","True","C:\Users\Ben Bolen\Zotero\storage\FMTH7X8Y\Frigon et al. - 2021 - Control of Mammalian Locomotion by Somatosensory F.pdf"
"groups/735051","N63HA8YN","J6IGJCDM","10.1113/jp277515","Santuz","2019","Modular organization of murine locomotor pattern in the presence and absence of sensory feedback from muscle spindles","True","C:\Users\Ben Bolen\Zotero\storage\J6IGJCDM\Santuz et al. - 2019 - Modular organization of murine locomotor pattern i.pdf"
"groups/735051","J7VNHZDM","MCWDAYF8","10.1016/j.cois.2015.07.004","Ayali","2015","The comparative investigation of the stick insect and cockroach models in the study of insect locomotion","True","C:\Users\Ben Bolen\Zotero\storage\MCWDAYF8\Ayali et al. - 2015 - The comparative investigation of the stick insect .pdf"
"groups/735051","DZPSWJ2K","CHQAIZ2D","10.1016/j.cub.2016.06.070","Tuthill","2016","Mechanosensation and Adaptive Motor Control in Insects","True","C:\Users\Ben Bolen\Zotero\storage\CHQAIZ2D\Tuthill and Wilson - 2016 - Mechanosensation and Adaptive Motor Control in Ins.pdf"
"groups/735051","3RHFE8KI","ERQ9CEUI","10.1152/physrev.00015.2019","Grillner","2020","Current Principles of Motor Control, with Special Reference to Vertebrate Locomotion","True","C:\Users\Ben Bolen\Zotero\storage\ERQ9CEUI\Grillner and El Manira - 2020 - Current Principles of Motor Control, with Special .pdf"
"groups/735051","8VCB7RAL","NFCQQDCR","10.1007/s00359-014-0968-1","Ayali","2015","Sensory feedback in cockroach locomotion: current knowledge and open questions","True","C:\Users\Ben Bolen\Zotero\storage\NFCQQDCR\Ayali et al. - 2015 - Sensory feedback in cockroach locomotion current .pdf"
"groups/735051","3PA3EATE","TI8EX68T","10.1249/jes.0000000000000233","Amann","2020","On the Influence of Group III/IV Muscle Afferent Feedback on Endurance Exercise Performance","True","C:\Users\Ben Bolen\Zotero\storage\TI8EX68T\Amann et al. - 2020 - On the Influence of Group IIIIV Muscle Afferent F.pdf"
"groups/735051","WNZGBKM2","WQAH7HJL","","Ijspeert","2007","From swimming to walking with a salamander robot driven by a spinal cord model.","True","C:\Users\Ben Bolen\Zotero\storage\WQAH7HJL\Ijspeert et al. - 2007 - From swimming to walking with a salamander robot d.pdf"
"groups/735051","F8VY9WMT","LJE2NGJ6","","Herr","2002","A model of scale effects in mammalian quadrupedal running","True","C:\Users\Ben Bolen\Zotero\storage\LJE2NGJ6\Herr et al. - 2002 - A model of scale effects in mammalian quadrupedal .pdf"
"groups/735051","UJJYC4H7","9QPRR8DM","10.1073/pnas.81.10.3088","Hopfield","1984","Neurons with graded response have collective computational properties like those of two-state neurons.","True","C:\Users\Ben Bolen\Zotero\storage\9QPRR8DM\Hopfield - 1984 - Neurons with graded response have collective compu.pdf"
"groups/735051","WS3NUTJL","GXTQUEAL","","Krnacik","2022","Applying Biomimetic Passive Dynamics to a Quadruped Robot Leg","True","C:\Users\Ben Bolen\Zotero\storage\GXTQUEAL\Krnacik - Applying Biomimetic Passive Dynamics to a Quadrupe.pdf"
"groups/735051","JNMHW9C2","HMUGC8BI","10.1007/s11837-015-1367-y","Torres","2015","Mechanical Property Optimization of FDM PLA in Shear with Multiple Objectives","True","C:\Users\Ben Bolen\Zotero\storage\HMUGC8BI\Torres et al. - 2015 - Mechanical Property Optimization of FDM PLA in She.pdf"
"groups/735051","U2C29QKN","P7FQ66EU","10.1016/j.matdes.2014.02.038","Tymrak","2014","Mechanical properties of components fabricated with open-source 3-D printers under realistic environmental conditions","True","C:\Users\Ben Bolen\Zotero\storage\P7FQ66EU\Tymrak et al. - 2014 - Mechanical properties of components fabricated wit.pdf"
"groups/735051","4IVBCJKA","SKBRCLGD","10.1108/13552540810862028","Sun","2008","Effect of processing conditions on the bonding quality of FDM polymer filaments","True","C:\Users\Ben Bolen\Zotero\storage\SKBRCLGD\Sun et al. - 2008 - Effect of processing conditions on the bonding qua.pdf"
"groups/735051","NGIN8BAH","L2YET94V","10.1016/s1359-835x(00)00154-8","Mills","2001","Automation of carbon fibre preform manufacture for affordable aerospace applications","True","C:\Users\Ben Bolen\Zotero\storage\L2YET94V\Mills - 2001 - Automation of carbon fibre preform manufacture for.pdf"
"groups/735051","EXFYJ75X","QGBFPLDN","10.1007/s11665-010-9740-z","Vega","2011","The Effect of Layer Orientation on the Mechanical Properties and Microstructure of a Polymer","True","C:\Users\Ben Bolen\Zotero\storage\QGBFPLDN\Vega et al. - 2011 - The Effect of Layer Orientation on the Mechanical .pdf"
"groups/735051","DWF3NCGC","N55A6F67","10.1088/1757-899x/700/1/012024","Ghebretinsae","2019","Strength analysis of 3D printed carbon fibre reinforced thermoplastic using experimental and numerical methods","True","C:\Users\Ben Bolen\Zotero\storage\N55A6F67\Ghebretinsae et al. - 2019 - Strength analysis of 3D printed carbon fibre reinf.pdf"
"groups/735051","GJG7QZ85","26VH7IE4","10.1108/rpj-02-2013-0017","Turner","2015","A review of melt extrusion additive manufacturing processes: II. Materials, dimensional accuracy, and surface roughness","True","C:\Users\Ben Bolen\Zotero\storage\26VH7IE4\Turner and Gold - 2015 - A review of melt extrusion additive manufacturing .pdf"
"groups/735051","6ZTHKYPP","RYQKRAGS","10.1016/j.compstruct.2019.111476","Kabir","2020","A critical review on 3D printed continuous fiber-reinforced composites: History, mechanism, materials and properties","True","C:\Users\Ben Bolen\Zotero\storage\RYQKRAGS\Kabir et al. - 2020 - A critical review on 3D printed continuous fiber-r.pdf"
"groups/735051","926QU9YD","WU7TEDYQ","10.1016/j.matdes.2017.03.065","Chacón","2017","Additive manufacturing of PLA structures using fused deposition modelling: Effect of process parameters on mechanical properties and their optimal selection","True","C:\Users\Ben Bolen\Zotero\storage\WU7TEDYQ\Chacón et al. - 2017 - Additive manufacturing of PLA structures using fus.pdf"
"groups/735051","WRG9JQAV","23ULIPEK","10.1177/0021998316646169","Ning","2017","Additive manufacturing of carbon fiber-reinforced plastic composites using fused deposition modeling: Effects of process parameters on tensile properties","True","C:\Users\Ben Bolen\Zotero\storage\23ULIPEK\Ning et al. - 2017 - Additive manufacturing of carbon fiber-reinforced .pdf"
"groups/735051","L9VRER2D","CEPV2BDS","10.1080/10408436.2018.1549977","Goh","2020","Process–Structure–Properties in Polymer Additive Manufacturing via Material Extrusion: A Review","True","C:\Users\Ben Bolen\Zotero\storage\CEPV2BDS\Goh et al. - 2020 - Process–Structure–Properties in Polymer Additive M.pdf"
"groups/735051","8DH9E9PG","DJY2QZYW","10.1016/j.compscitech.2019.107688","Chacón","2019","Additive manufacturing of continuous fibre reinforced thermoplastic composites using fused deposition modelling: Effect of process parameters on mechanical properties","True","C:\Users\Ben Bolen\Zotero\storage\DJY2QZYW\Chacón et al. - 2019 - Additive manufacturing of continuous fibre reinfor.pdf"
"groups/735051","V7Q8IYXS","SVGT3XMJ","10.1016/j.addma.2018.12.020","Naranjo-Lozada","2019","Tensile properties and failure behavior of chopped and continuous carbon fiber composites produced by additive manufacturing","True","C:\Users\Ben Bolen\Zotero\storage\SVGT3XMJ\Naranjo-Lozada et al. - 2019 - Tensile properties and failure behavior of chopped.pdf"
"groups/735051","68A67AWI","9BMC6SMP","10.1016/j.compositesb.2015.06.013","Ning","2015","Additive manufacturing of carbon fiber reinforced thermoplastic composites using fused deposition modeling","True","C:\Users\Ben Bolen\Zotero\storage\9BMC6SMP\Ning et al. - 2015 - Additive manufacturing of carbon fiber reinforced .pdf"
"groups/735051","UW4NFXI2","6VER7PTV","10.1016/j.compositesb.2019.107112","Mohammadizadeh","2019","3D printed fiber reinforced polymer composites - Structural analysis","True","C:\Users\Ben Bolen\Zotero\storage\6VER7PTV\Mohammadizadeh et al. - 2019 - 3D printed fiber reinforced polymer composites - S.pdf"
"groups/735051","HL88MSS2","GS2GI464","10.1016/j.addma.2018.05.007","Araya-Calvo","2018","Evaluation of compressive and flexural properties of continuous fiber fabrication additive manufacturing technology","True","C:\Users\Ben Bolen\Zotero\storage\GS2GI464\Araya-Calvo et al. - 2018 - Evaluation of compressive and flexural properties .pdf"
"groups/735051","SPQ9XXDP","GYDH8KSE","10.1039/c7sm00950j","Seppala","2017","Weld formation during material extrusion additive manufacturing","True","C:\Users\Ben Bolen\Zotero\storage\GYDH8KSE\Seppala et al. - 2017 - Weld formation during material extrusion additive .pdf"
"groups/735051","LMEEK5I5","EK2CXQTB","10.1051/matecconf/201925401018","Bárnik","2019","Mechanical properties of structures produced by 3D printing from composite materials","True","C:\Users\Ben Bolen\Zotero\storage\EK2CXQTB\Bárnik et al. - 2019 - Mechanical properties of structures produced by 3D.pdf"
"groups/735051","ZYREPRZE","IPJMGIWT","10.3390/jcs4030098","Sanei","2020","3D-Printed Carbon Fiber Reinforced Polymer Composites: A Systematic Review","True","C:\Users\Ben Bolen\Zotero\storage\IPJMGIWT\Sanei and Popescu - 2020 - 3D-Printed Carbon Fiber Reinforced Polymer Composi.pdf"
"groups/735051","73AFWK4K","DGJGGBYZ","","Hart","2020","Increased fracture toughness of additively manufactured semi-crystalline thermoplastics via thermal annealing","True","C:\Users\Ben Bolen\Zotero\storage\DGJGGBYZ\Hart - 2020 - Increased fracture toughness of additively manufac.pdf"
"groups/735051","TPBNYL26","RA5MMJG7","10.1002/pen.25590","Xu","2021","Effect of processing parameters on flexural properties of 3D-printed polyetherketoneketone using fused deposition modeling","True","C:\Users\Ben Bolen\Zotero\storage\RA5MMJG7\Xu et al. - 2021 - Effect of processing parameters on flexural proper.pdf"
"groups/735051","PBI5YMYZ","IUT42S22","10.1016/s0020-0190(02)00447-7","Trelea","2003","The particle swarm optimization algorithm: convergence analysis and parameter selection","True","C:\Users\Ben Bolen\Zotero\storage\IUT42S22\Trelea - 2003 - The particle swarm optimization algorithm converg.pdf"
"groups/735051","6TZGI66D","G7QGW9QV","10.1109/cec.2007.4424896","Pant","2007","A Simple Diversity Guided Particle Swarm Optimization","True","C:\Users\Ben Bolen\Zotero\storage\G7QGW9QV\Pant et al. - 2007 - A Simple Diversity Guided Particle Swarm Optimizat.pdf"
"groups/735051","55LLU3GR","CQU68385","10.1109/icsmc.2002.1176018","van den Bergh","2002","A new locally convergent particle swarm optimiser","True","C:\Users\Ben Bolen\Zotero\storage\CQU68385\van den Bergh and Engelbrecht - 2002 - A new locally convergent particle swarm optimiser.pdf"
"groups/735051","E2PASSQG","2PBGZTRY","10.1109/4235.985692","Clerc","2002","The particle swarm - explosion, stability, and convergence in a multidimensional complex space","True","C:\Users\Ben Bolen\Zotero\storage\2PBGZTRY\Clerc and Kennedy - 2002 - The particle swarm - explosion, stability, and con.pdf"
"groups/735051","RX2XQHJN","JB55KRQ6","","Parsopoulos","2002","Initializing the Particle Swarm Optimizer Using the Nonlinear Simplex Method","True","C:\Users\Ben Bolen\Zotero\storage\JB55KRQ6\Parsopoulos and Vrahatis - Initializing the Particle Swarm Optimizer Using th.pdf"
"groups/735051","VUZQK2D2","LWUA82DW","10.1155/2015/369298","Garro","2015","Designing Artificial Neural Networks using particle swarm optimization algorithms","True","C:\Users\Ben Bolen\Zotero\storage\LWUA82DW\Garro and Vázquez - 2015 - Designing Artificial Neural Networks using particl.pdf"
"groups/735051","4W89VMB3","ALVSBZPE","10.1109/icsmc.2000.884366","Zhang","2000","Particle swarm optimisation for evolving artificial neural network","True","C:\Users\Ben Bolen\Zotero\storage\ALVSBZPE\Zhang et al. - 2000 - Particle swarm optimisation for evolving artificia.pdf"
"groups/735051","VYJJ6LZP","8C3GXRC8","10.1186/1471-2105-7-125","Meissner","2006","Optimized Particle Swarm Optimization (OPSO) and its application to artificial neural network training","True","C:\Users\Ben Bolen\Zotero\storage\8C3GXRC8\Meissner et al. - 2006 - Optimized Particle Swarm Optimization (OPSO) and i.pdf"
"groups/735051","975ZBHLW","36U3SFQ5","10.1109/icec.1998.699146","Shi","1998","A modified particle swarm optimizer","True","C:\Users\Ben Bolen\Zotero\storage\36U3SFQ5\Shi and Eberhart - 1998 - A modified particle swarm optimizer.pdf"
"groups/735051","8Q9239F2","K6B5EVGV","10.1109/sis.2003.1202255","Gudise","2003","Comparison of particle swarm optimization and backpropagation as training algorithms for neural networks","True","C:\Users\Ben Bolen\Zotero\storage\K6B5EVGV\Gudise and Venayagamoorthy - 2003 - Comparison of particle swarm optimization and back.pdf"
"groups/735051","BI64MNHL","YCID2EA5","10.1109/icec.1997.592326","Kennedy","1997","The particle swarm: social adaptation of knowledge","True","C:\Users\Ben Bolen\Zotero\storage\YCID2EA5\Kennedy - 1997 - The particle swarm social adaptation of knowledge.pdf"
"groups/735051","U4W8VMTU","HRYP46RP","10.1109/icnn.1995.488968","Kennedy","1995","Particle swarm optimization","True","C:\Users\Ben Bolen\Zotero\storage\HRYP46RP\Kennedy and Eberhart - 1995 - Particle swarm optimization.pdf"
"groups/735051","JEZNRVTH","4PP8VGSV","10.1007/3-540-45105-6_10","Goos","2003","Optimization Using Particle Swarms with Near Neighbor Interactions","True","C:\Users\Ben Bolen\Zotero\storage\4PP8VGSV\Veeramachaneni et al. - 2003 - Optimization Using Particle Swarms with Near Neigh.pdf"
"groups/735051","9BLDCBP8","TENVLXRB","10.1007/s11047-007-9049-5","Banks","2007","A review of particle swarm optimization. Part I: background and development","True","C:\Users\Ben Bolen\Zotero\storage\TENVLXRB\Banks et al. - 2007 - A review of particle swarm optimization. Part I b.pdf"
"groups/735051","SXBP8YFF","DIQS2DQY","10.1016/j.conb.2011.05.017","Tytell","2011","Spikes alone do not behavior make: why neuroscience needs biomechanics.","True","C:\Users\Ben Bolen\Zotero\storage\DIQS2DQY\Tytell, Holmes, Cohen - 2011 - Spikes alone do not behavior make why neuroscience needs biomechanics.pdf"
"groups/735051","2CI6K7UB","HP9JNHHP","10.1137/s0036144504445133","Holmes","2006","The Dynamics of Legged Locomotion: Models, Analyses, and Challenges","True","C:\Users\Ben Bolen\Zotero\storage\HP9JNHHP\Holmes et al. - 2006 - The Dynamics of Legged Locomotion Models, Analyse.pdf"
"groups/735051","3FV423KG","WKEMWY2R","10.1115/1.4042626","Yun","2019","Cockroach Milli-Robot With Improved Load Capacity","True","C:\Users\Ben Bolen\Zotero\storage\WKEMWY2R\Yun and Fearing - 2019 - Cockroach Milli-Robot With Improved Load Capacity.pdf"
"groups/735051","SZIGW4LW","G2Q74VV7","10.1016/j.sna.2004.10.024","Wood","2005","Optimal energy density piezoelectric bending actuators","True","C:\Users\Ben Bolen\Zotero\storage\G2Q74VV7\Wood et al. - 2005 - Optimal energy density piezoelectric bending actua.pdf"
"groups/735051","QTVCARDG","IT9JQYF9","10.1242/jeb.02486","Autumn","2006","Frictional adhesion: a new angle on gecko attachment","True","C:\Users\Ben Bolen\Zotero\storage\IT9JQYF9\Autumn et al. - 2006 - Frictional adhesion a new angle on gecko attachme.pdf"
"groups/735051","QAKKYGXZ","RFCXTSP3","10.1073/pnas.0608841103","Tian","2006","Adhesion and friction in gecko toe attachment and detachment","True","C:\Users\Ben Bolen\Zotero\storage\RFCXTSP3\Tian et al. - 2006 - Adhesion and friction in gecko toe attachment and .pdf"
"groups/735051","HVSXXJM4","3LRSCBAB","10.1073/pnas.192252799","Autumn","2002","Evidence for van der Waals adhesion in gecko setae","True","C:\Users\Ben Bolen\Zotero\storage\3LRSCBAB\Autumn et al. - 2002 - Evidence for van der Waals adhesion in gecko setae.pdf"
"groups/735051","NFZGJ9G4","TMQ8KE3Y","10.1002/adma.202003139","Ilami","2021","Materials, Actuators, and Sensors for Soft Bioinspired Robots","True","C:\Users\Ben Bolen\Zotero\storage\TMQ8KE3Y\Ilami et al. - 2021 - Materials, Actuators, and Sensors for Soft Bioinsp.pdf"
"groups/735051","4YJLUPMY","SBKIR97U","10.1126/scirobotics.abl6334","de Croon","2022","Insect-inspired AI for autonomous robots","True","C:\Users\Ben Bolen\Zotero\storage\SBKIR97U\scirobotics.abl6334.pdf"
"groups/735051","3VK9MD2A","44DYD65H","10.1126/scirobotics.aao5619","Chen","2017","A biologically inspired, flapping-wing, hybrid aerial-aquatic microrobot","True","C:\Users\Ben Bolen\Zotero\storage\44DYD65H\Chen et al. - 2017 - A biologically inspired, flapping-wing, hybrid aer.pdf"
"groups/735051","Z36MPTYR","AEIUHI5X","10.3390/app10238607","Mo","2020","Jumping Locomotion Strategies: From Animals to Bioinspired Robots","True","C:\Users\Ben Bolen\Zotero\storage\AEIUHI5X\Mo et al. - 2020 - Jumping Locomotion Strategies From Animals to Bio.pdf"
"groups/735051","HEWNKSEV","6WZPAYEK","10.1088/1748-3182/9/1/011001","Lock","2013","Multi-modal locomotion: from animal to application","True","C:\Users\Ben Bolen\Zotero\storage\6WZPAYEK\Lock et al. - 2013 - Multi-modal locomotion from animal to application.pdf"
"groups/735051","8KZ5SCMN","PEKTDYDC","","KG","2026","Fluidic Muscle DMSP","True","C:\Users\Ben Bolen\Zotero\storage\PEKTDYDC\Festo Corporation - 2022 - Festo Fluidic Muscle DMSP.pdf"
"groups/735051","V2LH2KUQ","NGH9QB49","10.1038/s41467-019-11198-6","Dutta","2019","Programmable coupled oscillators for synchronized locomotion","True","C:\Users\Ben Bolen\Zotero\storage\NGH9QB49\Dutta et al. - 2019 - Programmable coupled oscillators for synchronized .pdf"
"groups/735051","QJD8K5YQ","U3UV3MQC","10.1177/0278364915593793","Gong","2016","Kinematic gait synthesis for snake robots","True","C:\Users\Ben Bolen\Zotero\storage\U3UV3MQC\Gong et al. - 2016 - Kinematic gait synthesis for snake robots.pdf"
"groups/735051","JAIQXPQN","55ZU2768","","Krnacik","2022","Applying Biomimetic Passive Dynamics to a Quadruped Robot Leg","True","C:\Users\Ben Bolen\Zotero\storage\55ZU2768\Krnacik - Applying Biomimetic Passive Dynamics to a Quadrupe.pdf"
"groups/735051","4XXFZH8Y","JK37UESI","","Krnacik","2022","Applying Biomimetic Passive Dynamics to a Quadruped Robot Leg","True","C:\Users\Ben Bolen\Zotero\storage\JK37UESI\Krnacik - Applying Biomimetic Passive Dynamics to a Quadrupe.pdf"
"groups/735051","4YJLUPMY","LZ47QBVM","10.1126/scirobotics.abl6334","de Croon","2022","Insect-inspired AI for autonomous robots","True","C:\Users\Ben Bolen\Zotero\storage\LZ47QBVM\de Croon et al. - 2022 - Insect-inspired AI for autonomous robots.pdf"
"groups/735051","XS5EAHCQ","XJ2R96WE","10.1088/1748-3190/10/2/020301","Low","2015","Perspectives on biologically inspired hybrid and multi-modal locomotion","True","C:\Users\Ben Bolen\Zotero\storage\XJ2R96WE\Low et al. - 2015 - Perspectives on biologically inspired hybrid and m.pdf"
"groups/735051","PWG4WZFM","5J4ELUL8","10.1109/tmech.2012.2210239","Onal","2013","An Origami-Inspired Approach to Worm Robots","True","C:\Users\Ben Bolen\Zotero\storage\5J4ELUL8\Onal et al. - 2013 - An Origami-Inspired Approach to Worm Robots.pdf"
"groups/735051","WBYYLVLF","QTZKQRJJ","10.1016/j.tibtech.2013.03.002","Kim","2013","Soft robotics: a bioinspired evolution in robotics","True","C:\Users\Ben Bolen\Zotero\storage\QTZKQRJJ\Kim et al. - 2013 - Soft robotics a bioinspired evolution in robotics.pdf"
"groups/735051","UGLQFZDR","IRJR7IBJ","10.1109/tro.2014.2365651","Kim","2014","Wheel Transformer: A Wheel-Leg Hybrid Robot With Passive Transformable Wheels","True","C:\Users\Ben Bolen\Zotero\storage\IRJR7IBJ\Kim et al. - 2014 - Wheel Transformer A Wheel-Leg Hybrid Robot With P.pdf"
"groups/735051","RMBFG35N","QGYW53NA","10.1126/scirobotics.aan3028","Hawkes","2017","A soft robot that navigates its environment through growth","True","C:\Users\Ben Bolen\Zotero\storage\QGYW53NA\Hawkes et al. - 2017 - A soft robot that navigates its environment throug.pdf"
"groups/735051","6X2TGXAU","XIABD9DB","10.1088/1748-3190/aa8448","Fang","2017","Origami-based earthworm-like locomotion robots","True","C:\Users\Ben Bolen\Zotero\storage\XIABD9DB\Fang et al. - 2017 - Origami-based earthworm-like locomotion robots.pdf"
"groups/735051","9MJFG84H","X22XJBK5","10.1152/jn.00065.2005","Ekeberg","2005","Computer simulation of stepping in the hind legs of the cat: an examination of mechanisms regulating the stance-to-swing transition.","True","C:\Users\Ben Bolen\Zotero\storage\X22XJBK5\Ekeberg, Pearson - 2005 - Computer simulation of stepping in the hind legs of the cat an examination of mechanisms regulating the stance.pdf"
"groups/735051","I8Y9BYUP","RGDDV42X","10.1152/jn.00833.2002","Wilmink","2003","Distribution of Heterogenic Reflexes Among the Quadriceps and Triceps Surae Muscles of the Cat Hind Limb","True","C:\Users\Ben Bolen\Zotero\storage\RGDDV42X\Wilmink and Nichols - 2003 - Distribution of Heterogenic Reflexes Among the Qua.pdf"
"groups/735051","HQZX9CP7","L99U3CC8","10.1152/jn.1997.77.6.3226","Prochazka","1997","Positive Force Feedback Control of Muscles","False","C:\Users\Ben Bolen\Zotero\storage\L99U3CC8\Prochazka, Gillard, Bennett - 1997 - Positive force feedback control of muscles.pdf"
"groups/735051","INYJVQYV","Z7PQFLZ4","10.1098/rspb.2003.2454","Geyer","2003","Positive force feedback in bouncing gaits?","True","C:\Users\Ben Bolen\Zotero\storage\Z7PQFLZ4\Geyer et al. - 2003 - Positive force feedback in bouncing gaits.pdf"
"groups/735051","UGKLP6FD","MQMKBUN2","10.4236/ojcm.2016.61003","Der Klift","2016","3D Printing of Continuous Carbon Fibre Reinforced Thermo-Plastic (CFRTP) Tensile Test Specimens","True","C:\Users\Ben Bolen\Zotero\storage\MQMKBUN2\Der Klift et al. - 2016 - 3D Printing of Continuous Carbon Fibre Reinforced .pdf"
"groups/735051","EB3JG9EL","9Y3LQSWI","10.1007/s11665-010-9740-z","Vega","2011","The Effect of Layer Orientation on the Mechanical Properties and Microstructure of a Polymer","True","C:\Users\Ben Bolen\Zotero\storage\9Y3LQSWI\Vega et al. - 2011 - The Effect of Layer Orientation on the Mechanical .pdf"
"groups/735051","KHNYEUZ8","JKZCPQQV","10.1007/s11665-010-9740-z","Vega","2011","The Effect of Layer Orientation on the Mechanical Properties and Microstructure of a Polymer","True","C:\Users\Ben Bolen\Zotero\storage\JKZCPQQV\Vega et al. - 2011 - The Effect of Layer Orientation on the Mechanical .pdf"
"groups/735051","58ZZ67QE","89MEF3SQ","10.1088/1757-899x/700/1/012024","Ghebretinsae","2019","Strength analysis of 3D printed carbon fibre reinforced thermoplastic using experimental and numerical methods","True","C:\Users\Ben Bolen\Zotero\storage\89MEF3SQ\Ghebretinsae et al. - 2019 - Strength analysis of 3D printed carbon fibre reinf.pdf"
"groups/735051","5T5Z3SGI","BT4V4ZUX","10.1108/rpj-02-2013-0017","Turner","2015","A review of melt extrusion additive manufacturing processes: II. Materials, dimensional accuracy, and surface roughness","True","C:\Users\Ben Bolen\Zotero\storage\BT4V4ZUX\Turner and Gold - 2015 - A review of melt extrusion additive manufacturing .pdf"
"groups/735051","8KJEHIIM","GS2K9K2Z","10.1016/j.compstruct.2019.111476","Kabir","2020","A critical review on 3D printed continuous fiber-reinforced composites: History, mechanism, materials and properties","True","C:\Users\Ben Bolen\Zotero\storage\GS2K9K2Z\Kabir et al. - 2020 - A critical review on 3D printed continuous fiber-r.pdf"
"groups/735051","N377DXB8","T9SEQGZ3","10.1038/nature02024","Verschure","2003","Environmentally mediated synergy between perception and behaviour in mobile robots","True","C:\Users\Ben Bolen\Zotero\storage\T9SEQGZ3\Verschure et al. - 2003 - Environmentally mediated synergy between perceptio.pdf"
"groups/735051","8I3LHFU8","GSH4YXBC","10.1016/j.cell.2018.06.019","Zheng","2018","A Complete Electron Microscopy Volume of the Brain of Adult Drosophila melanogaster","True","C:\Users\Ben Bolen\Zotero\storage\GSH4YXBC\Zheng et al. - 2018 - A Complete Electron Microscopy Volume of the Brain.pdf"
"groups/735051","73M95K95","6DN6Q8C6","10.1016/s1364-6613(00)01601-6","Menzel","2001","Cognitive architecture of a mini-brain: the honeybee","True","C:\Users\Ben Bolen\Zotero\storage\6DN6Q8C6\Menzel and Giurfa - 2001 - Cognitive architecture of a mini-brain the honeyb.pdf"
"groups/735051","QLP6S4B9","PWNAJX8A","10.1145/1654059.1654124","Ananthanarayanan","2009","The cat is out of the bag: cortical simulations with 109 neurons, 1013 synapses","True","C:\Users\Ben Bolen\Zotero\storage\PWNAJX8A\Ananthanarayanan et al. - 2009 - The cat is out of the bag cortical simulations wi.pdf"
"groups/735051","BDG3MVQV","ECWTGERV","10.1088/1748-3190/ab8706","Chemtob","2020","Strategies to modulate zebrafish collective dynamics with a closed-loop biomimetic robotic system","True","C:\Users\Ben Bolen\Zotero\storage\ECWTGERV\Chemtob et al. - 2020 - Strategies to modulate zebrafish collective dynami.pdf"
"groups/735051","6ZKRYHU3","IPNKWGUR","10.1177/027836499601500201","Delcomyn","1996","Sense Organs of Insect Legs and the Selection of Sensors for Agile Walking Robots","True","C:\Users\Ben Bolen\Zotero\storage\IPNKWGUR\Delcomyn et al. - 1996 - Sense Organs of Insect Legs and the Selection of S.pdf"
"groups/735051","WJIAL27G","EPREWM23","","Beer","1998","Biorobotic approaches to the study of motor systems","True","C:\Users\Ben Bolen\Zotero\storage\EPREWM23\Beer et al. - 1998 - Biorobotic approaches to the study of motor systems.pdf"
"groups/735051","L7LJEGSV","6537WEAV","10.1016/j.robot.2011.10.006","von Twickel","2011","Neural control of a modular multi-legged walking machine: Simulation and hardware","True","C:\Users\Ben Bolen\Zotero\storage\6537WEAV\von Twickel et al. - 2011 - Neural control of a modular multi-legged walking machine Simulation and hardware.pdf"
"groups/735051","FFVJ24C2","L3VRNWRH","10.1152/jn.00648.2012","Knops","2012","A neuromechanical model for the neuronal basis of curve walking in the stick insect","True","C:\Users\Ben Bolen\Zotero\storage\L3VRNWRH\Knops et al. - 2012 - A neuromechanical model for the neuronal basis of .pdf"
"groups/735051","WTY2DFKG","S8IHZBDU","10.1007/s10827-010-0254-3","Daun-Gruhn","2010","A mathematical modeling study of inter-segmental coordination during stick insect walking.","True","C:\Users\Ben Bolen\Zotero\storage\S8IHZBDU\Daun-Gruhn - 2010 - A mathematical modeling study of inter-segmental coordination during stick insect walking.pdf"
"groups/735051","WTY2DFKG","R4U5D9CF","10.1007/s10827-010-0254-3","Daun-Gruhn","2010","A mathematical modeling study of inter-segmental coordination during stick insect walking.","True","C:\Users\Ben Bolen\Zotero\storage\R4U5D9CF\Daun-Gruhn - 2010 - A mathematical modeling study of inter-segmental coordination during stick insect walking.pdf"
"groups/735051","WTY2DFKG","QQTUAM2A","10.1007/s10827-010-0254-3","Daun-Gruhn","2010","A mathematical modeling study of inter-segmental coordination during stick insect walking.","True","C:\Users\Ben Bolen\Zotero\storage\QQTUAM2A\Daun-Gruhn - 2010 - A mathematical modeling study of inter-segmental coordination during stick insect walking.pdf"
"groups/735051","WTY2DFKG","NQSM7ER4","10.1007/s10827-010-0254-3","Daun-Gruhn","2010","A mathematical modeling study of inter-segmental coordination during stick insect walking.","True","C:\Users\Ben Bolen\Zotero\storage\NQSM7ER4\Daun-Gruhn - 2010 - A mathematical modeling study of inter-segmental coordination during stick insect walking.pdf"
"groups/735051","WTY2DFKG","GWNXPJ5Z","10.1007/s10827-010-0254-3","Daun-Gruhn","2010","A mathematical modeling study of inter-segmental coordination during stick insect walking.","True","C:\Users\Ben Bolen\Zotero\storage\GWNXPJ5Z\Daun-Gruhn - 2010 - A mathematical modeling study of inter-segmental coordination during stick insect walking.pdf"
"groups/735051","WTY2DFKG","A9G72NJV","10.1007/s10827-010-0254-3","Daun-Gruhn","2010","A mathematical modeling study of inter-segmental coordination during stick insect walking.","True","C:\Users\Ben Bolen\Zotero\storage\A9G72NJV\Daun-Gruhn - 2010 - A mathematical modeling study of inter-segmental coordination during stick insect walking.pdf"
"groups/735051","IH5JNFPX","GUPUN2BB","10.3390/app8010006","Rubeo","2017","A Synthetic Nervous System Controls a Simulated Cockroach","True","C:\Users\Ben Bolen\Zotero\storage\GUPUN2BB\Rubeo et al. - 2017 - A Synthetic Nervous System Controls a Simulated Co.pdf"
"groups/735051","5Q5MCZWP","5IGA7HLX","10.1109/tro.2012.2234311","Crespi","2013","Salamandra Robotica II: An amphibious robot to study salamander-like swimming and walking gaits","True","C:\Users\Ben Bolen\Zotero\storage\5IGA7HLX\Crespi - Salamandra Robotica II an amphibious robot to study salamander-like swimming and walking gaits.pdf"
"groups/735051","YZ8QLIQJ","RQT7U85E","","Ijspeert","1999","Evolving swimming controllers for a simulated lamprey with inspiration from neurobiology","True","C:\Users\Ben Bolen\Zotero\storage\RQT7U85E\Ijspeert, Hallam, Willshaw - 1999 - Evolving swimming controllers for a simulated lamprey with inspiration from neurobiology.pdf"
"groups/735051","ZX6KP7MP","YDUTEJKD","","Cruse","1998","Walknet-a biologically inspired network to control six-legged walking.","True","C:\Users\Ben Bolen\Zotero\storage\YDUTEJKD\Cruse et al. - 1998 - Walknet-a biologically inspired network to control six-legged walking.pdf"
"groups/735051","ZX6KP7MP","QA7Z8W42","","Cruse","1998","Walknet-a biologically inspired network to control six-legged walking.","True","C:\Users\Ben Bolen\Zotero\storage\QA7Z8W42\Cruse et al. - 1998 - Walknet-a biologically inspired network to control six-legged walking.pdf"
"groups/735051","ZX6KP7MP","KEMT267I","","Cruse","1998","Walknet-a biologically inspired network to control six-legged walking.","True","C:\Users\Ben Bolen\Zotero\storage\KEMT267I\Cruse et al. - 1998 - Walknet-a biologically inspired network to control six-legged walking.pdf"
"groups/735051","ZX6KP7MP","FHJ3NEPD","","Cruse","1998","Walknet-a biologically inspired network to control six-legged walking.","True","C:\Users\Ben Bolen\Zotero\storage\FHJ3NEPD\Cruse et al. - 1998 - Walknet-a biologically inspired network to control six-legged walking.pdf"
"groups/735051","ZX6KP7MP","AAR2BUUX","","Cruse","1998","Walknet-a biologically inspired network to control six-legged walking.","True","C:\Users\Ben Bolen\Zotero\storage\AAR2BUUX\Cruse et al. - 1998 - Walknet-a biologically inspired network to control six-legged walking.pdf"
"groups/735051","ZX6KP7MP","6XQ66UVL","","Cruse","1998","Walknet-a biologically inspired network to control six-legged walking.","True","C:\Users\Ben Bolen\Zotero\storage\6XQ66UVL\Cruse et al. - 1998 - Walknet-a biologically inspired network to control six-legged walking.pdf"
"groups/735051","XAXQB6MB","MD7IUVMV","10.1093/icb/icab001","Kerr","2021","Biomechanical energetics of terrestrial locomotion California sea lion vs northern elephant seal","True","C:\Users\Ben Bolen\Zotero\storage\MD7IUVMV\2021 - Symposia and Oral Abstracts.pdf"
"groups/735051","N7GACKGX","VV9GP3XE","10.1093/icb/icab001","Unknown","2021","Symposia and Oral Abstracts","True","C:\Users\Ben Bolen\Zotero\storage\VV9GP3XE\2021 - Symposia and Oral Abstracts.pdf"
"groups/735051","LXGWIE3V","YIWNEPAK","10.1093/icb/icab001","Unknown","2021","Symposia and Oral Abstracts","True","C:\Users\Ben Bolen\Zotero\storage\YIWNEPAK\2021 - Symposia and Oral Abstracts.pdf"
"groups/735051","NWYHGFR3","TQHGQSFG","10.1016/j.asd.2004.05.001","Ritzmann","2004","Convergent evolution and locomotion through complex terrain by insects, vertebrates and robots","True","C:\Users\Ben Bolen\Zotero\storage\TQHGQSFG\Ritzmann et al. - 2004 - Convergent evolution and locomotion through comple.pdf"
"groups/735051","QPRKSXIW","R94RI97C","10.1088/1748-3190/ac6847","Chen","2022","Sideways crab-walking is faster and more efficient than forward walking for a hexapod robot","True","C:\Users\Ben Bolen\Zotero\storage\R94RI97C\Chen et al. - 2022 - Sideways crab-walking is faster and more efficient.pdf"
"groups/735051","EQ6UMSWY","AJWMN7YM","10.1109/tro.2007.914849","Transeth","2008","Snake Robot Obstacle-Aided Locomotion: Modeling, Simulations, and Experiments","True","C:\Users\Ben Bolen\Zotero\storage\AJWMN7YM\Transeth et al. - 2008 - Snake Robot Obstacle-Aided Locomotion Modeling, S.pdf"
"groups/735051","H6J6IMX6","LRC78CSG","10.1109/robot.2002.1013385","Mangan","2002","Development of a peristaltic endoscope","True","C:\Users\Ben Bolen\Zotero\storage\LRC78CSG\Mangan et al. - 2002 - Development of a peristaltic endoscope.pdf"
"groups/735051","6PUBUN7N","HZPK23QF","10.1088/1748-3182/8/3/035003","Daltorio","2013","Efficient worm-like locomotion: slip and control of soft-bodied peristaltic robots","True","C:\Users\Ben Bolen\Zotero\storage\HZPK23QF\Daltorio et al. - 2013 - Efficient worm-like locomotion slip and control o.pdf"
"groups/735051","9T2LK3IP","SRX7FCW5","10.1109/mra.2009.932130","Hirose","2009","Snake-like robots [Tutorial]","True","C:\Users\Ben Bolen\Zotero\storage\SRX7FCW5\Hirose and Yamada - 2009 - Snake-like robots [Tutorial].pdf"
"groups/735051","CTI69VEJ","W24USJQA","","Enloe","2013","Neanderthals, Bears and Hyenas, oh my! Competition for exclusive use of space","True","C:\Users\Ben Bolen\Zotero\storage\W24USJQA\Enloe - 2013 - Neanderthals, Bears and Hyenas, oh my! Competition.pdf"
"groups/735051","U67PKTDU","PWW27EQT","10.1088/1748-9326/aa8979","Ecke","2017","Meta-analysis of environmental effects of beaver in relation to artificial dams","True","C:\Users\Ben Bolen\Zotero\storage\PWW27EQT\Ecke et al. - 2017 - Meta-analysis of environmental effects of beaver i.pdf"
"groups/735051","WDHGSHD7","NFGMQI58","10.1242/jeb.086983","Dorgan","2015","The biomechanics of burrowing and boring","True","C:\Users\Ben Bolen\Zotero\storage\NFGMQI58\Dorgan - 2015 - The biomechanics of burrowing and boring.pdf"
"groups/735051","QWL7XPS3","5IZ6ESHM","10.1038/d41586-019-02556-x","Barras","2019","Ancient worm fossil rolls back origins of animal life","True","C:\Users\Ben Bolen\Zotero\storage\5IZ6ESHM\Barras - 2019 - Ancient worm fossil rolls back origins of animal l.pdf"
"groups/735051","6U3DRZW3","CJ7X2WP4","10.1002/(sici)1099-0526(199807/08)3:6<15::aid-cplx3>3.0.co;2-v","Theraulaz","1998","The origin of nest complexity in social insects","True","C:\Users\Ben Bolen\Zotero\storage\CJ7X2WP4\Theraulaz et al. - 1998 - The origin of nest complexity in social insects.pdf"
"groups/735051","ZPWAHGLR","2Y8HXLEH","10.36959/673/374","Hu","2021","Bio-Inspired Soft Robot for Locomotion and Navigation in Restricted Spaces","True","C:\Users\Ben Bolen\Zotero\storage\2Y8HXLEH\Hu - 2021 - Bio-Inspired Soft Robot for Locomotion and Navigat.pdf"
"groups/735051","PMTN2PKG","K2WMSITU","10.1093/ae/51.1.31","Gorb","2005","Uncovering Insect Stickiness: Structure and Properties of Hairy Attachment Devices","True","C:\Users\Ben Bolen\Zotero\storage\K2WMSITU\Gorb - 2005 - Uncovering Insect Stickiness Structure and Proper.pdf"
"groups/735051","FJJMIM4R","LSLIQGUN","10.1177/0278364908095334","Daltorio","2009","Mini-Whegs TM Climbs Steep Surfaces Using Insect-inspired Attachment Mechanisms","True","C:\Users\Ben Bolen\Zotero\storage\LSLIQGUN\Daltorio et al. - 2009 - Mini-Whegs TM Climbs Steep Surfaces Using Insect-i.pdf"
"groups/735051","29E2T396","ECZ8I3QV","10.1109/robot.2007.363159","Kim","2007","Whole body adhesion: hierarchical, directional and distributed control of adhesive forces for a climbing robot","True","C:\Users\Ben Bolen\Zotero\storage\ECZ8I3QV\Kim et al. - 2007 - Whole body adhesion hierarchical, directional and.pdf"
"groups/735051","BVKKWPPE","56LGM77F","10.1109/iros.2008.4651045","Wile","2008","Screenbot: Walking inverted using distributed inward gripping","True","C:\Users\Ben Bolen\Zotero\storage\56LGM77F\Wile et al. - 2008 - Screenbot Walking inverted using distributed inward gripping.pdf"
"groups/735051","RJ6YTN7Q","CNYS77QX","10.1115/1.40066591","Asbeck","2012","Designing Compliant Spine Mechanisms for Climbing","True","C:\Users\Ben Bolen\Zotero\storage\CNYS77QX\Asbeck and Cutkosky - 2012 - Designing Compliant Spine Mechanisms for Climbing.pdf"
"groups/735051","ZUGP4XYA","3MCKXJK8","10.3390/app11094137","Bian","2021","A Novel Type of Wall-Climbing Robot with a Gear Transmission System Arm and Adhere Mechanism Inspired by Cicada and Gecko","True","C:\Users\Ben Bolen\Zotero\storage\3MCKXJK8\Bian et al. - 2021 - A Novel Type of Wall-Climbing Robot with a Gear Tr.pdf"
"groups/735051","RQXLXJLR","JILUIMES","10.1088/1748-3182/2/4/s01","Gorb","2007","Insects did it first: a micropatterned adhesive tape for robotic applications","True","C:\Users\Ben Bolen\Zotero\storage\JILUIMES\Gorb et al. - 2007 - Insects did it first a micropatterned adhesive ta.pdf"
"groups/735051","NTNA2SZP","XNBD72L2","10.1109/tmech.2014.2315762","Palmer III","2015","Toward Gravity-Independent Climbing Using a Biologically Inspired Distributed Inward Gripping Strategy","True","C:\Users\Ben Bolen\Zotero\storage\XNBD72L2\Palmer III et al. - 2015 - Toward Gravity-Independent Climbing Using a Biolog.pdf"
"groups/735051","S9PL6VHT","CF96VSS6","10.1109/icra.2017.7989643","Parness","2017","LEMUR 3: A limbed climbing robot for extreme terrain mobility in space","True","C:\Users\Ben Bolen\Zotero\storage\CF96VSS6\Parness et al. - 2017 - LEMUR 3 A limbed climbing robot for extreme terra.pdf"
"groups/735051","KHAL9ZUX","FHFCVNC6","10.1109/icra.2014.6907472","Estrada","2014","Perching and vertical climbing: Design of a multimodal robot","True","C:\Users\Ben Bolen\Zotero\storage\FHFCVNC6\Estrada et al. - 2014 - Perching and vertical climbing Design of a multim.pdf"
"groups/735051","EU8IINIT","8MITU2U3","10.1109/icra.2013.6631206","Daler","2013","A perching mechanism for flying robots using a fibre-based adhesive","True","C:\Users\Ben Bolen\Zotero\storage\8MITU2U3\Daler et al. - 2013 - A perching mechanism for flying robots using a fib.pdf"
"groups/735051","SXTEZYUU","IS8Q44HT","10.1109/tro.2012.2234311","Crespi","2013","Salamandra Robotica II: An Amphibious Robot to Study Salamander-Like Swimming and Walking Gaits","True","C:\Users\Ben Bolen\Zotero\storage\IS8Q44HT\Crespi et al. - 2013 - Salamandra Robotica II An Amphibious Robot to Stu.pdf"
"groups/735051","4CWCLLWF","6BR9MXF8","10.1088/1748-3190/ab68e8","Baines","2020","Variable stiffness morphing limb for amphibious legged robots inspired by chelonian environmental adaptations","True","C:\Users\Ben Bolen\Zotero\storage\6BR9MXF8\Baines et al. - 2020 - Variable stiffness morphing limb for amphibious le.pdf"
"groups/735051","HK6VAUKM","M4GJJ4LQ","10.1088/1748-3190/abdd94","Graf","2021","Dactyls and inward gripping stance for amphibious crab-like robots on sand","True","C:\Users\Ben Bolen\Zotero\storage\M4GJJ4LQ\Graf et al. - 2021 - Dactyls and inward gripping stance for amphibious .pdf"
"groups/735051","QC7A4AFZ","83MPYZWP","10.1038/s41378-021-00323-5","Shi","2021","A comparative review of artificial muscles for microsystem applications","True","C:\Users\Ben Bolen\Zotero\storage\83MPYZWP\Shi and Yeatman - 2021 - A comparative review of artificial muscles for mic.pdf"
"groups/735051","Q7MLESIR","SNSJU83M","10.1038/s41586-020-2442-2","Burger","2020","A mobile robotic chemist","True","C:\Users\Ben Bolen\Zotero\storage\SNSJU83M\Burger et al. - 2020 - A mobile robotic chemist.pdf"
"groups/735051","9CZNXTS2","P6SK2GVQ","10.1109/robosoft51838.2021.9479337","Milojević","2021","Soft Robotic Compliant Two-Finger Gripper Mechanism for Adaptive and Gentle Food Handling","True","C:\Users\Ben Bolen\Zotero\storage\P6SK2GVQ\Milojević et al. - 2021 - Soft Robotic Compliant Two-Finger Gripper Mechanis.pdf"
"groups/735051","TVWDL5JB","57B6E3MH","10.1109/icra.2017.7989348","Schwarz","2017","NimbRo picking: Versatile part handling for warehouse automation","True","C:\Users\Ben Bolen\Zotero\storage\57B6E3MH\Schwarz et al. - 2017 - NimbRo picking Versatile part handling for wareho.pdf"
"groups/735051","IZHQJXWN","I8I759AI","10.1109/tmech.2015.2501019","Wolf","2016","Variable Stiffness Actuators: Review on Design and Components","True","C:\Users\Ben Bolen\Zotero\storage\I8I759AI\Wolf et al. - 2016 - Variable Stiffness Actuators Review on Design and.pdf"
"groups/735051","D6RKXAS7","BCGVSHSA","10.1016/j.robot.2013.06.009","Vanderborght","2013","Variable impedance actuators: A review","True","C:\Users\Ben Bolen\Zotero\storage\BCGVSHSA\Vanderborght et al. - 2013 - Variable impedance actuators A review.pdf"
"groups/735051","SUV9DRY8","P5VYRCPH","10.1142/9789814415958_0062","Hutter","2012","Starleth: a compliant quadrupedal robot for fast, efficient, and versatile locomotion","True","C:\Users\Ben Bolen\Zotero\storage\P5VYRCPH\Hutter et al. - 2012 - Starleth a compliant quadrupedal robot for fast, .pdf"
"groups/735051","PZITARN4","Z8AFK9FK","10.1109/tro.2007.909786","Kim","2008","Smooth Vertical Surface Climbing With Directional Adhesion","True","C:\Users\Ben Bolen\Zotero\storage\Z8AFK9FK\Kim et al. - 2008 - Smooth Vertical Surface Climbing With Directional .pdf"
"groups/735051","SWRXHPXA","XTF7XGTF","10.1109/tro.2016.2640183","Wensing","2017","Proprioceptive Actuator Design in the MIT Cheetah: Impact Mitigation and High-Bandwidth Physical Interaction for Dynamic Legged Robots","True","C:\Users\Ben Bolen\Zotero\storage\XTF7XGTF\Wensing et al. - 2017 - Proprioceptive Actuator Design in the MIT Cheetah.pdf"
"groups/735051","3N8G2LVH","JGD95TAD","10.1109/icra.2012.6225149","Klein","2012","A neurorobotic model of bipedal locomotion based on principles of human neuromuscular architecture","True","C:\Users\Ben Bolen\Zotero\storage\JGD95TAD\Klein and Lewis - 2012 - A neurorobotic model of bipedal locomotion based o.pdf"
"groups/735051","4EDW2E57","IQQNF6AR","","Ijspeert","2001","A connectionist central pattern generator for the aquatic and terrestrial gaits of a simulated salamander.","True","C:\Users\Ben Bolen\Zotero\storage\IQQNF6AR\Ijspeert - 2001 - A connectionist central pattern generator for the aquatic and terrestrial gaits of a simulated salamander.pdf"
"groups/735051","RRQGVSZV","DQHBECY2","10.1080/11762320903244843","Ayers","2010","Controlling Underwater Robots with Electronic Nervous Systems","True","C:\Users\Ben Bolen\Zotero\storage\DQHBECY2\Ayers et al. - 2010 - Controlling Underwater Robots with Electronic Nerv.pdf"
"groups/735051","ARW3HCCT","HDULJC7N","10.1109/mex.1986.4307016","Raibert","1986","Legged Robots That Balance","True","C:\Users\Ben Bolen\Zotero\storage\HDULJC7N\Raibert and Tello - 1986 - Legged Robots That Balance.pdf"
"groups/735051","AX8XZ5SJ","95B3XJ4W","10.1177/027836499101000601","Koditschek","1991","Analysis of a Simplified Hopping Robot","True","C:\Users\Ben Bolen\Zotero\storage\95B3XJ4W\Koditschek and Buhler - 1991 - Analysis of a Simplified Hopping Robot.pdf"
"groups/735051","TQNEH2NM","LGEM74HT","10.1109/iros.2013.6696541","Boaventura","2013","Stability and performance of the compliance controller of the quadruped robot HyQ","True","C:\Users\Ben Bolen\Zotero\storage\LGEM74HT\Boaventura et al. - 2013 - Stability and performance of the compliance contro.pdf"
"groups/735051","KVVCGBPT","NMU8JE8Z","","Raibert","2008","BigDog , the Rough-Terrain Quadruped Robot","True","C:\Users\Ben Bolen\Zotero\storage\NMU8JE8Z\Raibert et al. - 2008 - BigDog , the Rough-Terrain Quadruped Robot.pdf"
"groups/735051","GLESR266","4WTBREHV","10.3390/polym11071094","Mazzanti","2019","FDM 3D Printing of Polymers Containing Natural Fillers: A Review of their Mechanical Properties","True","C:\Users\Ben Bolen\Zotero\storage\4WTBREHV\Mazzanti et al. - 2019 - FDM 3D Printing of Polymers Containing Natural Fil.pdf"
"groups/735051","8PS6IDAU","Z9J5L24F","10.3390/polym13152524","Papa","2021","Effect of Fibre Orientation on Novel Continuous 3D-Printed Fibre-Reinforced Composites","True","C:\Users\Ben Bolen\Zotero\storage\Z9J5L24F\Papa et al. - 2021 - Effect of Fibre Orientation on Novel Continuous 3D.pdf"
"groups/735051","3PPLX5EU","6E365AW8","10.1016/j.matdes.2017.03.065","Chacón","2017","Additive manufacturing of PLA structures using fused deposition modelling: Effect of process parameters on mechanical properties and their optimal selection","True","C:\Users\Ben Bolen\Zotero\storage\6E365AW8\Chacón et al. - 2017 - Additive manufacturing of PLA structures using fus.pdf"
"groups/735051","GKRGGDAP","2E3B5KYI","10.1177/0021998316646169","Ning","2017","Additive manufacturing of carbon fiber-reinforced plastic composites using fused deposition modeling: Effects of process parameters on tensile properties","True","C:\Users\Ben Bolen\Zotero\storage\2E3B5KYI\Ning et al. - 2017 - Additive manufacturing of carbon fiber-reinforced .pdf"
"groups/735051","4V7T22W8","EX974V44","10.1080/10408436.2018.1549977","Goh","2020","Process–Structure–Properties in Polymer Additive Manufacturing via Material Extrusion: A Review","True","C:\Users\Ben Bolen\Zotero\storage\EX974V44\Goh et al. - 2020 - Process–Structure–Properties in Polymer Additive M.pdf"
"groups/735051","G877MER3","N29GA7U4","10.1016/j.addma.2021.101857","Rao","2021","A process-structure-performance modeling for thermoplastic polymers via material extrusion additive manufacturing","True","C:\Users\Ben Bolen\Zotero\storage\N29GA7U4\Rao et al. - 2021 - A process-structure-performance modeling for therm.pdf"
"groups/735051","XFYLXHZA","5D6JQGNV","10.1111/edt.12055","Sfondrini","2014","Flexural strengths of conventional and nanofilled fiber-reinforced composites: a three-point bending test","True","C:\Users\Ben Bolen\Zotero\storage\5D6JQGNV\Sfondrini et al. - 2014 - Flexural strengths of conventional and nanofilled .pdf"
"groups/735051","R8S5Y6Q7","S26NL9X9","10.18178/ijmerr.10.8.414-421","Święcki","2021","Tests of Useful Field of View of Laser Sensors Used in Autonomous Nano Sumo Robots","True","C:\Users\Ben Bolen\Zotero\storage\S26NL9X9\Święcki et al. - 2021 - Tests of Useful Field of View of Laser Sensors Use.pdf"
"groups/735051","TLJNPAI7","WDB9ILKK","10.1109/tmech.2009.2038373","Vo-Minh","2011","A New Approach to Modeling Hysteresis in a Pneumatic Artificial Muscle Using The Maxwell-Slip Model","True","C:\Users\Ben Bolen\Zotero\storage\WDB9ILKK\Vo-Minh et al. - 2011 - A New Approach to Modeling Hysteresis in a Pneumat.pdf"
"groups/735051","VLMSA2TP","VVVAGTW8","","Carniel","","Ten Years of Living Machines Conferences: Transformers-based Automated Topic Grouping","True","C:\Users\Ben Bolen\Zotero\storage\VVVAGTW8\Carniel et al. - Ten Years of Living Machines Conferences Transfor.pdf"
"groups/735051","732XNHX5","ENJNTAE5","","Verheyen","","A novel multi-vision sensor dataset for insect-inspired outdoor autonomous navigation","True","C:\Users\Ben Bolen\Zotero\storage\ENJNTAE5\Verheyen and Dupeyroux - A novel multi-vision sensor dataset for insect-ins.pdf"
"groups/735051","3WCQY2KY","9T2JYK8F","","Scharzenberger","2021","Learning To Estimate Regions Of Attraction Of Autonomous Dynamical Systems Using Physics-Informed Neural Networks","True","C:\Users\Ben Bolen\Zotero\storage\9T2JYK8F\Scharzenberger and Hays - 2021 - Learning To Estimate Regions Of Attraction Of Auto.pdf"
"groups/735051","UQ4NJSTE","H2VEJCQQ","10.3389/fnbot.2021.629210","Schmidgall","2021","SpikePropamine: Differentiable Plasticity in Spiking Neural Networks","True","C:\Users\Ben Bolen\Zotero\storage\H2VEJCQQ\Schmidgall et al. - 2021 - SpikePropamine Differentiable Plasticity in Spiki.pdf"
"groups/735051","VN9VZWG3","KCWVLQZN","10.3389/fnbot.2021.629210","Schmidgall","2021","SpikePropamine: Differentiable Plasticity in Spiking Neural Networks","True","C:\Users\Ben Bolen\Zotero\storage\KCWVLQZN\Schmidgall et al. - 2021 - SpikePropamine Differentiable Plasticity in Spiki.pdf"
"groups/735051","LDC6YLHH","A43MHISY","10.1038/s41928-021-00705-7","Smith","2022","Neuromorphic scaling advantages for energy-efficient random walk computations","True","C:\Users\Ben Bolen\Zotero\storage\A43MHISY\Smith et al. - Neuromorphic scaling advantages for energy-efficie.pdf"
"groups/735051","C2FYLDF9","SL7CYT7Z","","Smith","","Neuromorphic scaling advantages for energy-efficient random walk computations","True","C:\Users\Ben Bolen\Zotero\storage\SL7CYT7Z\Smith et al. - Neuromorphic scaling advantages for energy-efficie.pdf"
"groups/735051","YE2NHABD","WPL9ZNBN","10.1177/0142331217752799","Yuan","2019","Estimation of the regions of attraction for autonomous nonlinear systems","True","C:\Users\Ben Bolen\Zotero\storage\WPL9ZNBN\Yuan and Li - 2019 - Estimation of the regions of attraction for autono.pdf"
"groups/735051","R6P6RFVL","LI6ARW5I","10.1177/0142331217752799","Yuan","2019","Estimation of the regions of attraction for autonomous nonlinear systems","True","C:\Users\Ben Bolen\Zotero\storage\LI6ARW5I\Yuan and Li - 2019 - Estimation of the regions of attraction for autono.pdf"
"groups/735051","YY6DSMTL","6DU4C8FJ","10.1177/0142331217752799","Yuan","2019","Estimation of the regions of attraction for autonomous nonlinear systems","True","C:\Users\Ben Bolen\Zotero\storage\6DU4C8FJ\Yuan and Li - 2019 - Estimation of the regions of attraction for autono.pdf"
"groups/735051","DKW4BVRN","X6EZHVEC","","Mehrjou","2020","Learning Dynamical Systems using Local Stability Priors","True","C:\Users\Ben Bolen\Zotero\storage\X6EZHVEC\Mehrjou et al. - 2020 - Learning Dynamical Systems using Local Stability P.pdf"
"groups/735051","ED6XZDH8","EWMTQIL9","10.3389/fnins.2013.00276","Sandamirskaya","2014","Dynamic neural fields as a step toward cognitive neuromorphic architectures","True","C:\Users\Ben Bolen\Zotero\storage\EWMTQIL9\Sandamirskaya - 2014 - Dynamic neural fields as a step toward cognitive n.pdf"
"groups/735051","IIAD54FH","P2QTN3DD","","Scharzenberger","","A Functional Subnetwork Approach to Multistate Central Pattern Generator Phase Difference Control (Long)","True","C:\Users\Ben Bolen\Zotero\storage\P2QTN3DD\Scharzenberger and Hunt - A Functional Subnetwork Approach to Multistate Cen.pdf"
"groups/735051","L97PZEMJ","XKP8IS3P","","Ruder","2017","An overview of gradient descent optimization algorithms","True","C:\Users\Ben Bolen\Zotero\storage\XKP8IS3P\Ruder - 2017 - An overview of gradient descent optimization algor.pdf"
"groups/735051","R9ESVMMB","M8HZ446U","","Brochu","2010","A Tutorial on Bayesian Optimization of Expensive Cost Functions, with Application to Active User Modeling and Hierarchical Reinforcement Learning","True","C:\Users\Ben Bolen\Zotero\storage\M8HZ446U\Brochu et al. - 2010 - A Tutorial on Bayesian Optimization of Expensive C.pdf"
"groups/735051","BDV8PJRC","2HFKZI8R","10.1109/jproc.2015.2494218","Shahriari","2016","Taking the Human Out of the Loop: A Review of Bayesian Optimization","True","C:\Users\Ben Bolen\Zotero\storage\2HFKZI8R\Shahriari et al. - 2016 - Taking the Human Out of the Loop A Review of Baye.pdf"
"groups/735051","NDIM45C5","NYNP8FWC","","Brochu","2010","A Tutorial on Bayesian Optimization of Expensive Cost Functions, with Application to Active User Modeling and Hierarchical Reinforcement Learning","True","C:\Users\Ben Bolen\Zotero\storage\NYNP8FWC\Brochu et al. - 2010 - A Tutorial on Bayesian Optimization of Expensive C.pdf"
"groups/735051","88U2ISJU","AQG3NCVI","","Forrest","1996","Genetic Algorithms","True","C:\Users\Ben Bolen\Zotero\storage\AQG3NCVI\234313.234350.pdf"
"groups/735051","K7NY9EVC","2KP87X3W","10.1177/1073858410396101","Frigon","2012","Central Pattern Generators of the Mammalian Spinal Cord","True","C:\Users\Ben Bolen\Zotero\storage\2KP87X3W\Frigon - 2012 - Central Pattern Generators of the Mammalian Spinal.pdf"
"groups/735051","JRRZFK7E","8SS4S3BF","10.1523/jneurosci.3155-08.2009","Borgmann","2009","Sensory Feedback Induced by Front-Leg Stepping Entrains the Activity of Central Pattern Generators in Caudal Segments of the Stick Insect Walking System","True","C:\Users\Ben Bolen\Zotero\storage\8SS4S3BF\Borgmann et al. - 2009 - Sensory Feedback Induced by Front-Leg Stepping Ent.pdf"
"groups/735051","NG4WC86N","BVUPZ8JY","10.1002/dneu.22738","Mantziaris","2020","Central pattern generating networks in insect locomotion","True","C:\Users\Ben Bolen\Zotero\storage\BVUPZ8JY\Mantziaris et al. - 2020 - Central pattern generating networks in insect loco.pdf"
"groups/735051","UDWN2QLV","KEXQE7MU","10.1016/s0893-6080(99)00068-4","Tonnelier","1999","Synchronization and desynchronization of neural oscillators","True","C:\Users\Ben Bolen\Zotero\storage\KEXQE7MU\Tonnelier et al. - 1999 - Synchronization and desynchronization of neural os.pdf"
"groups/735051","YKWJLUHP","BWIR3GIX","10.1109/72.392256","Wang","1995","Emergent synchrony in locally coupled neural oscillators","True","C:\Users\Ben Bolen\Zotero\storage\BWIR3GIX\DeLiang Wang - 1995 - Emergent synchrony in locally coupled neural oscil.pdf"
"groups/735051","5CSXQKCP","8DR7WSVT","10.1103/physrevlett.74.4075","Aoyagi","1995","Network of Neural Oscillators for Retrieving Phase Information","True","C:\Users\Ben Bolen\Zotero\storage\8DR7WSVT\PhysRevLett.74.4075.pdf"
"groups/735051","EMMZXU4C","9L352TU2","","Mori","2004","Reinforcement Learning for a CPG-driven Biped Robot","True","C:\Users\Ben Bolen\Zotero\storage\9L352TU2\Mori et al. - Reinforcement Learning for a CPG-driven Biped Robo.pdf"
"groups/735051","9XQ3RUI3","IIS4L9GW","","Endo","2005","Learning CPG Sensory Feedback with Policy Gradient for Biped Locomotion for a Full-Body Humanoid","True","C:\Users\Ben Bolen\Zotero\storage\IIS4L9GW\Endo - Learning CPG Sensory Feedback with Policy Gradient.pdf"
"groups/735051","4BLTSNXM","LADJKW9B","","Conradt","","Distributed Central Pattern Generator Control for a Serpentine Robot","True","C:\Users\Ben Bolen\Zotero\storage\LADJKW9B\Conradt and Varshavskaya - Distributed Central Pattern Generator Control for .pdf"
"groups/735051","C82FHV3W","JHVVWD9F","","Harris-Warrick","1985","SEROTONIN MODULATES THE CENTRAL PATTERN GENERATOR FOR LOCOMOTION IN THE ISOLATED LAMPREY SPINAL CORD","True","C:\Users\Ben Bolen\Zotero\storage\JHVVWD9F\Harris-Warrick and Cohen - SEROTONIN MODULATES THE CENTRAL PATTERN GENERATOR .pdf"
"groups/735051","26AP5W6T","P6WSNGS3","10.1016/j.robot.2018.10.002","Fukui","2019","Autonomous gait transition and galloping over unperceived obstacles of a quadruped robot with CPG modulated by vestibular feedback","True","C:\Users\Ben Bolen\Zotero\storage\P6WSNGS3\Fukui et al. - 2019 - Autonomous gait transition and galloping over unpe.pdf"
"groups/735051","T3TVLE8T","9C49JF8V","10.1177/1073858417699790","Minassian","2017","The Human Central Pattern Generator for Locomotion: Does It Exist and Contribute to Walking?","True","C:\Users\Ben Bolen\Zotero\storage\9C49JF8V\Minassian et al. - 2017 - The Human Central Pattern Generator for Locomotion.pdf"
"groups/735051","SL2QSU9Y","8UFPTFVF","10.1007/s11432-014-5148-y","Chen","2014","An adaptive locomotion controller for a hexapod robot: CPG, kinematics and force feedback","True","C:\Users\Ben Bolen\Zotero\storage\8UFPTFVF\Chen et al. - 2014 - An adaptive locomotion controller for a hexapod ro.pdf"
"groups/735051","XIIC7AQY","66HHKTYQ","10.1109/tsmc.2012.2235426","Liu","2013","Central Pattern Generator Inspired Control for Adaptive Walking of Biped Robots","True","C:\Users\Ben Bolen\Zotero\storage\66HHKTYQ\Chengju Liu et al. - 2013 - Central Pattern Generator Inspired Control for Ada.pdf"
"groups/735051","2P59MF84","EA8S8ISC","10.1152/jn.90958.2008","Rubin","2009","Multiple Rhythmic States in a Model of the Respiratory Central Pattern Generator","True","C:\Users\Ben Bolen\Zotero\storage\EA8S8ISC\Rubin et al. - 2009 - Multiple Rhythmic States in a Model of the Respira.pdf"
"groups/735051","6RIZUQ4W","VCM2D3TS","10.1016/j.brainresrev.2009.08.002","Guertin","2009","The mammalian central pattern generator for locomotion","True","C:\Users\Ben Bolen\Zotero\storage\VCM2D3TS\Guertin - 2009 - The mammalian central pattern generator for locomo.pdf"
"groups/735051","8MTACBIX","W3DHRLXP","10.1177/0278364907084980","Endo","2008","Learning CPG-based Biped Locomotion with a Policy Gradient Method: Application to a Humanoid Robot","True","C:\Users\Ben Bolen\Zotero\storage\W3DHRLXP\Endo et al. - 2008 - Learning CPG-based Biped Locomotion with a Policy .pdf"
"groups/735051","BK55DCM3","REUANMPY","10.1007/s10514-007-9071-6","Crespi","2008","Controlling swimming and crawling in a fish robot using a central pattern generator","True","C:\Users\Ben Bolen\Zotero\storage\REUANMPY\Crespi et al. - 2008 - Controlling swimming and crawling in a fish robot .pdf"
"groups/735051","46Y87E2J","5GKICV46","10.1109/biorob.2006.1639162","Lachat","2006","BoxyBot: a swimming and crawling fish robot controlled by a central pattern generator","True","C:\Users\Ben Bolen\Zotero\storage\5GKICV46\Lachat et al. - 2006 - BoxyBot a swimming and crawling fish robot contro.pdf"
"groups/735051","NSWCV3PZ","KMAWXC3I","10.1007/s004220000211","Ijspeert","2001","A connectionist central pattern generator for the aquatic and terrestrial gaits of a simulated salamander","True","C:\Users\Ben Bolen\Zotero\storage\KMAWXC3I\Ijspeert - 2001 - A connectionist central pattern generator for the .pdf"
"groups/735051","JVJH62L4","J56BZVRF","10.1016/s0361-9230(00)00399-3","Nishimaru","2000","Formation of the central pattern generator for locomotion in the rat and mouse","True","C:\Users\Ben Bolen\Zotero\storage\J56BZVRF\Nishimaru and Kudo - 2000 - Formation of the central pattern generator for loc.pdf"
"groups/735051","KLW72RN7","P5QKAAGI","10.1007/s005000000051","Arena","2000","The Central Pattern Generator: a paradigm for artificial locomotion","True","C:\Users\Ben Bolen\Zotero\storage\P5QKAAGI\Arena - 2000 - The Central Pattern Generator a paradigm for arti.pdf"
"groups/735051","YUU6ET4C","GY7D9L27","10.1016/s0966-6362(98)00010-1","Van de Crommert","1998","Neural control of locomotion: sensory control of the central pattern generator and its relation to treadmill training","True","C:\Users\Ben Bolen\Zotero\storage\GY7D9L27\Van de Crommert et al. - 1998 - Neural control of locomotion sensory control of t.pdf"
"groups/735051","MYVXXKDR","3REA7Y9L","10.1016/s0165-0173(98)00002-2","Grillner","1998","Intrinsic function of a neuronal network — a vertebrate central pattern generator","True","C:\Users\Ben Bolen\Zotero\storage\3REA7Y9L\Grillner et al. - 1998 - Intrinsic function of a neuronal network — a verte.pdf"
"groups/735051","NP9BTZEC","6683DY26","10.1016/s0966-6362(97)00042-8","Duysens","1998","Neural control of locomotion; Part 1: The central pattern generator from cats to humans","True","C:\Users\Ben Bolen\Zotero\storage\6683DY26\Duysens and Van de Crommert - 1998 - Neural control of locomotion; Part 1 The central .pdf"
"groups/735051","M87CDFNG","KMZCFQNC","10.1111/j.1749-6632.1998.tb09061.x","Rossignol","1998","Pharmacological Activation and Modulation of the Central Pattern Generator for Locomotion in the Cat","True","C:\Users\Ben Bolen\Zotero\storage\KMZCFQNC\Rossignol et al. - 1998 - Pharmacological Activation and Modulation of the C.pdf"
"groups/735051","I8RERQWK","VY688PMU","10.1162/106454699568773","Ijspeert","1999","Evolution and Development of a Central Pattern Generator for the Swimming of a Lamprey","True","C:\Users\Ben Bolen\Zotero\storage\VY688PMU\Ijspeert and Kodjabachian - 1999 - Evolution and Development of a Central Pattern Gen.pdf"
"groups/735051","WE3WHXDV","FXY6T8BE","10.1523/jneurosci.15-01-00342.1995","Harris-Warrick","1995","Dopamine modulation of transient potassium current evokes phase shifts in a central pattern generator network","True","C:\Users\Ben Bolen\Zotero\storage\FXY6T8BE\Harris-Warrick et al. - 1995 - Dopamine modulation of transient potassium current.pdf"
"groups/735051","25Q6YAMZ","ZGH2KHPV","10.1523/jneurosci.15-07-04943.1995","Cazalets","1995","Localization and organization of the central pattern generator for hindlimb locomotion in newborn rat","True","C:\Users\Ben Bolen\Zotero\storage\ZGH2KHPV\JNEUROSCI.15-07-04943.1995.pdf"
"groups/735051","CW288W2C","S43XKH65","10.1126/science.2218532","Syed","1990","In Vitro Reconstruction of the Respiratory Central Pattern Generator of the Mollusk <i>Lymnaea</i>","True","C:\Users\Ben Bolen\Zotero\storage\S43XKH65\Syed et al. - 1990 - In Vitro Reconstruction of the Respiratory Central.pdf"
"groups/735051","TBFUE7P5","YZD87FFT","10.1007/bf00604049","Bal","1988","The pyloric central pattern generator in Crustacea: a set of conditional neuronal oscillators","True","C:\Users\Ben Bolen\Zotero\storage\YZD87FFT\Bal et al. - 1988 - The pyloric central pattern generator in Crustacea.pdf"
"groups/735051","RRC9FCX6","E9F9ATL2","10.1007/bf00609460","Stevenson","1987","A reconsideration of the central pattern generator concept for locust flight","True","C:\Users\Ben Bolen\Zotero\storage\E9F9ATL2\Stevenson and Kutsch - 1987 - A reconsideration of the central pattern generator.pdf"
"groups/735051","WU8CHPJV","5ZRICYDP","10.1007/bf00337116","Bässler","1986","On the definition of central pattern generator and its sensory control","True","C:\Users\Ben Bolen\Zotero\storage\5ZRICYDP\Bässler - 1986 - On the definition of central pattern generator and.pdf"
"groups/735051","9GCV9UU9","QDDZGRQE","10.1152/jappl.1983.55.6.1647","von Euler","1983","On the central pattern generator for the basic breathing rhythmicity","True","C:\Users\Ben Bolen\Zotero\storage\QDDZGRQE\von Euler - 1983 - On the central pattern generator for the basic bre.pdf"
"groups/735051","H6EXPMRM","D6ZWXHXW","10.1016/0166-2236(92)90006-t","Cohen","1992","Modelling of intersegmental coordination in the lamprey central pattern generator for locomotion","True","C:\Users\Ben Bolen\Zotero\storage\D6ZWXHXW\Cohen et al. - 1992 - Modelling of intersegmental coordination in the la.pdf"
"groups/735051","NQYRNL4U","93JYPYZS","","Robbins","1951","A Stochastic Approximation Method","True","C:\Users\Ben Bolen\Zotero\storage\93JYPYZS\2022 - A Stochastic Approximation Method.pdf"
"groups/735051","LZKYD3DS","7H2KLLD9","","Rumelhart","1985","Learning Internal Representations By Error Propagation","True","C:\Users\Ben Bolen\Zotero\storage\7H2KLLD9\ADA164453.pdf"
"groups/735051","GQKBASQN","LBFTSLCC","10.1007/11550822_11","Hutchison","2005","A Gradient Rule for the Plasticity of a Neuron’s Intrinsic Excitability","True","C:\Users\Ben Bolen\Zotero\storage\LBFTSLCC\10.1.1.133.3009.pdf"
"groups/735051","7SXSC6XR","EEUEBMXW","","Oja","1982","Simplified neuron model as a principal component analyzer","True","C:\Users\Ben Bolen\Zotero\storage\EEUEBMXW\Oja - Simplified neuron model as a principal component a.pdf"
"groups/735051","HBX2KK2G","NRX6RGE9","","Hebb","1949","The Organization of Behavior: A Neuropsychological Theory","True","C:\Users\Ben Bolen\Zotero\storage\NRX6RGE9\Hebb_1949_The_Organization_of_Behavior.pdf"
"groups/735051","8RESBWLG","26G3FSUY","10.1016/j.neucom.2019.03.032","Wang","2019","Echo state networks regulated by local intrinsic plasticity rules for regression","True","C:\Users\Ben Bolen\Zotero\storage\26G3FSUY\Wang et al. - 2019 - Echo state networks regulated by local intrinsic p.pdf"
"groups/735051","TJZLUEC4","8SKRX7TY","10.1016/j.ins.2015.11.017","Yusoff","2016","Modeling neural plasticity in echo state networks for classification and regression","True","C:\Users\Ben Bolen\Zotero\storage\8SKRX7TY\Yusoff et al. - 2016 - Modeling neural plasticity in echo state networks .pdf"
"groups/735051","I6H99TEL","7GLKY3QZ","10.1016/j.neunet.2007.04.011","Steil","2007","Online reservoir adaptation by intrinsic plasticity for backpropagation–decorrelation and echo state learning","True","C:\Users\Ben Bolen\Zotero\storage\7GLKY3QZ\Steil - 2007 - Online reservoir adaptation by intrinsic plasticit.pdf"
"groups/735051","F49ADRAT","N9QZIJC2","10.1007/978-3-540-74690-4_3","Hutchison","2007","Improving the Prediction Accuracy of Echo State Neural Networks by Anti-Oja’s Learning","True","C:\Users\Ben Bolen\Zotero\storage\N9QZIJC2\Babinec and Pospíchal - 2007 - Improving the Prediction Accuracy of Echo State Ne.pdf"
"groups/735051","PJB6NEA5","8LL6H6LX","10.1162/089976602760407955","Maass","2002","Real-Time Computing Without Stable States: A New Framework for Neural Computation Based on Perturbations","True","C:\Users\Ben Bolen\Zotero\storage\8LL6H6LX\Maass et al. - 2002 - Real-Time Computing Without Stable States A New F.pdf"
"groups/735051","B6HV344V","V49CE9S2","","Keun Oh","2020","Toward the Fully Physics-Informed Echo State Network - an ODE Approximator Based on Recurrent Artificial Neurons","True","C:\Users\Ben Bolen\Zotero\storage\V49CE9S2\2011.06769.pdf"
"groups/735051","ZZV2HJSN","28X8EJ58","","Gabriel Barrios Morales","2019","Constructive role of plasticity rules in reservoir computing","True","C:\Users\Ben Bolen\Zotero\storage\28X8EJ58\x1og_fVFQT6Oqv3guD_bCA.pdf"
"groups/735051","WWTDXBXV","U9S63QRE","","Verzelli","2022","Learning Dynamical Systems Using Dynamical Systems","True","C:\Users\Ben Bolen\Zotero\storage\U9S63QRE\2022INF001.pdf"
"groups/735051","5AQFU5ZE","23SKP9VZ","10.1016/j.neucom.2016.12.089","Gallicchio","2017","Deep reservoir computing: A critical experimental analysis","True","C:\Users\Ben Bolen\Zotero\storage\23SKP9VZ\Gallicchio et al. - 2017 - Deep reservoir computing A critical experimental .pdf"
"groups/735051","3ELS7VMI","Z22YGSVM","10.1016/j.neucom.2016.12.089","Gallicchio","2017","Deep reservoir computing: A critical experimental analysis","False","C:\Users\Ben Bolen\Zotero\storage\Z22YGSVM\1-s2.0-S0925231217307567-main.pdf"
"groups/735051","KBXV8NIB","MFG62ZN7","","Jaeger","2001","The “echo state” approach to analysing and training recurrent neural networks – with an Erratum note","True","C:\Users\Ben Bolen\Zotero\storage\MFG62ZN7\Jaeger - The “echo state” approach to analysing and trainin.pdf"
"groups/735051","3IECK88K","3LHTQ5IR","10.1088/2632-072x/ac24f3","Canaday","2021","Model-free control of dynamical systems with deep reservoir computing","True","C:\Users\Ben Bolen\Zotero\storage\3LHTQ5IR\Canaday et al. - 2021 - Model-free control of dynamical systems with deep .pdf"
"groups/735051","T3IM7B7D","DAZ3644S","10.1109/tase.2016.2582213","Park","2017","Online Learning Control of Hydraulic Excavators Based on Echo-State Networks","True","C:\Users\Ben Bolen\Zotero\storage\DAZ3644S\Park et al. - 2017 - Online Learning Control of Hydraulic Excavators Ba.pdf"
"groups/735051","XKU73743","AKKNLA6F","10.1063/1.5022276","Zimmermann","2018","Observing spatio-temporal dynamics of excitable media using reservoir computing","True","C:\Users\Ben Bolen\Zotero\storage\AKKNLA6F\Zimmermann and Parlitz - 2018 - Observing spatio-temporal dynamics of excitable me.pdf"
"groups/735051","XKPI5M7S","EY4DHJ4X","","Finn","","Model-Agnostic Meta-Learning for Fast Adaptation of Deep Networks","True","C:\Users\Ben Bolen\Zotero\storage\EY4DHJ4X\Finn et al. - Model-Agnostic Meta-Learning for Fast Adaptation o.pdf"
"groups/735051","7VBS8BST","4Y9Y7DVK","10.1038/nature16961","Silver","2016","Mastering the game of Go with deep neural networks and tree search","True","C:\Users\Ben Bolen\Zotero\storage\4Y9Y7DVK\Silver - Mastering the game of Go with deep neural networks.pdf"
"groups/735051","2IZKF493","DHE3K8KI","","Han","","A Review of Deep Learning Models for Time Series Prediction","True","C:\Users\Ben Bolen\Zotero\storage\DHE3K8KI\Han et al. - A Review of Deep Learning Models for Time Series P.pdf"
"groups/735051","6FRVZKSV","HBSA2HTP","10.1016/j.jbiomech.2012.06.037","John","2012","Contributions of muscles to mediolateral ground reaction force over a range of walking speeds","True","C:\Users\Ben Bolen\Zotero\storage\HBSA2HTP\John et al. - 2012 - Contributions of muscles to mediolateral ground re.pdf"
"groups/735051","N9AHXNSK","FBYVUAB3","10.1371/journal.pcbi.1006223","Seth","2018","OpenSim: Simulating musculoskeletal dynamics and neuromuscular control to study human and animal movement","True","C:\Users\Ben Bolen\Zotero\storage\FBYVUAB3\Seth et al. - 2018 - OpenSim Simulating musculoskeletal dynamics and n.pdf"
"groups/735051","PEHE6UQ3","DGNPHAQH","","Tziatzios","2019","Financial Nonlinear Time-Series Analysis and Prediction with Reservoir Computing","True","C:\Users\Ben Bolen\Zotero\storage\DGNPHAQH\Tziatzios - 2019 - Financial Nonlinear Time-Series Analysis and Predi.pdf"
"groups/735051","XIB4DVEW","P29H67QT","10.1016/j.cogsys.2019.08.002","Vandesompele","2019","Populations of spiking neurons for reservoir computing: Closed loop control of a compliant quadruped","True","C:\Users\Ben Bolen\Zotero\storage\P29H67QT\Vandesompele et al. - 2019 - Populations of spiking neurons for reservoir compu.pdf"
"groups/735051","QM5RPWV5","GW7DXT7P","10.1016/j.cogsys.2019.08.002","Vandesompele","2019","Populations of spiking neurons for reservoir computing: Closed loop control of a compliant quadruped","True","C:\Users\Ben Bolen\Zotero\storage\GW7DXT7P\Vandesompele et al. - 2019 - Populations of spiking neurons for reservoir compu.pdf"
"groups/735051","TEEFXWJD","TX3M5QFE","10.1103/physrevfluids.7.014402","Huhn","2022","Gradient-free optimization of chaotic acoustics with reservoir computing","True","C:\Users\Ben Bolen\Zotero\storage\TX3M5QFE\Huhn and Magri - 2022 - Gradient-free optimization of chaotic acoustics wi.pdf"
"groups/735051","3S59S2T5","QTW545JH","10.1103/physreve.104.044215","Kobayashi","2021","Dynamical system analysis of a data-driven model constructed by reservoir computing","True","C:\Users\Ben Bolen\Zotero\storage\QTW545JH\Kobayashi et al. - 2021 - Dynamical system analysis of a data-driven model c.pdf"
"groups/735051","ZHB38M64","RZ8CNN22","10.1103/physreve.98.023111","Nakai","2018","Machine-learning inference of fluid variables from data using reservoir computing","True","C:\Users\Ben Bolen\Zotero\storage\RZ8CNN22\Nakai and Saiki - 2018 - Machine-learning inference of fluid variables from.pdf"
"groups/735051","89Z3CY2N","LT4SU5LZ","10.1109/tnnls.2021.3120472","Nakajima","2021","Neural Schrödinger Equation: Physical Law as Deep Neural Network","True","C:\Users\Ben Bolen\Zotero\storage\LT4SU5LZ\Nakajima et al. - 2021 - Neural Schrödinger Equation Physical Law as Deep .pdf"
"groups/735051","PLDQS9LZ","98A85RHB","10.1007/978-3-030-25719-4_71","Samsonovich","2020","Closed Loop Control of a Compliant Quadruped with Spiking Neural Networks","True","C:\Users\Ben Bolen\Zotero\storage\98A85RHB\Vandesompele et al. - 2020 - Closed Loop Control of a Compliant Quadruped with .pdf"
"groups/735051","YTCUQHJS","NQ44EV5R","","Hart","2021","(Thesis) Reservoir Computing With Dynamical Systems","True","C:\Users\Ben Bolen\Zotero\storage\NQ44EV5R\Hart - 2021 - (Thesis) Reservoir Computing With Dynamical System.pdf"
"groups/735051","ENPXICUA","PH6GS423","","Mattheakis","2021","Unsupervised Reservoir Computing for Solving Ordinary Differential Equations","True","C:\Users\Ben Bolen\Zotero\storage\PH6GS423\Mattheakis et al. - 2021 - Unsupervised Reservoir Computing for Solving Ordin.pdf"
"groups/735051","ZVYG8DYM","N4Z9PTAZ","","Anantharaman","2021","Accelerating Simulation of Stiff Nonlinear Systems using Continuous-Time Echo State Networks","True","C:\Users\Ben Bolen\Zotero\storage\N4Z9PTAZ\Anantharaman et al. - 2021 - Accelerating Simulation of Stiff Nonlinear Systems.pdf"
"groups/735051","DRMDCM29","8MA7ZZIU","","Goudarzi","2013","DNA Reservoir Computing: A Novel Molecular Computing Approach","True","C:\Users\Ben Bolen\Zotero\storage\8MA7ZZIU\Goudarzi et al. - 2013 - DNA Reservoir Computing A Novel Molecular Computi.pdf"
"groups/735051","EXT2G2TI","LLD6CS5Z","10.1142/9781848162778_0008","Cooper","2011","Liquid State Machines: Motivation, Theory, and Applications","True","C:\Users\Ben Bolen\Zotero\storage\LLD6CS5Z\Maass - 2011 - Liquid State Machines Motivation, Theory, and App.pdf"
"groups/735051","ENJNJTHL","WPM6V3S7","","Ivanov","2021","Increasing Liquid State Machine Performance with Edge-of-Chaos Dynamics Organized by Astrocyte-modulated Plasticity","True","C:\Users\Ben Bolen\Zotero\storage\WPM6V3S7\Ivanov and Michmizos - Increasing Liquid State Machine Performance with E.pdf"
"groups/735051","H2CWETMG","MJDTM68U","","Neftci","","Spiking Neural Network Learning, Benchmarking, Programming and Executing View all 16 Articles Articles","True","C:\Users\Ben Bolen\Zotero\storage\MJDTM68U\Neftci and Mostafa - Spiking Neural Network Learning, Benchmarking, Pro.pdf"
"groups/735051","57SCXN29","XD7J5XN6","10.1016/j.compscitech.2019.107688","Chacón","2019","Additive manufacturing of continuous fibre reinforced thermoplastic composites using fused deposition modelling: Effect of process parameters on mechanical properties","True","C:\Users\Ben Bolen\Zotero\storage\XD7J5XN6\Chacón et al. - 2019 - Additive manufacturing of continuous fibre reinfor.pdf"
"groups/735051","V99DA7ZP","I6RWIP2C","10.1016/j.addma.2018.12.020","Naranjo-Lozada","2019","Tensile properties and failure behavior of chopped and continuous carbon fiber composites produced by additive manufacturing","True","C:\Users\Ben Bolen\Zotero\storage\I6RWIP2C\Naranjo-Lozada et al. - 2019 - Tensile properties and failure behavior of chopped.pdf"
"groups/735051","52ZTNZ7Y","MX97A64G","10.1016/j.compositesb.2015.06.013","Ning","2015","Additive manufacturing of carbon fiber reinforced thermoplastic composites using fused deposition modeling","True","C:\Users\Ben Bolen\Zotero\storage\MX97A64G\Ning et al. - 2015 - Additive manufacturing of carbon fiber reinforced .pdf"
"groups/735051","CZ4NCJBM","3WJ43F89","10.1016/j.matpr.2019.06.009","Unknown","","Effect of fused deposition modelling (FDM) process parameters on tensile strength of carbon fibre PLA | Elsevier Enhanced Reader","True","C:\Users\Ben Bolen\Zotero\storage\3WJ43F89\Effect of fused deposition modelling (FDM) process.pdf"
"groups/735051","SPVPDZVH","S8RCUICD","10.1016/j.addma.2018.05.007","Araya-Calvo","2018","Evaluation of compressive and flexural properties of continuous fiber fabrication additive manufacturing technology","True","C:\Users\Ben Bolen\Zotero\storage\S8RCUICD\Araya-Calvo et al. - 2018 - Evaluation of compressive and flexural properties .pdf"
"groups/735051","YHYDYTFT","YSHHCM58","10.1039/c7sm00950j","Seppala","2017","Weld formation during material extrusion additive manufacturing","True","C:\Users\Ben Bolen\Zotero\storage\YSHHCM58\Seppala et al. - 2017 - Weld formation during material extrusion additive .pdf"
"groups/735051","GCDNE3UV","K92DAKLG","10.1007/978-3-030-05587-5_15","Wang","2018","The Astrocytic Microdomain as a Generative Mechanism for Local Plasticity","True","C:\Users\Ben Bolen\Zotero\storage\K92DAKLG\Polykretis et al. - 2018 - The Astrocytic Microdomain as a Generative Mechani.pdf"
"groups/735051","W3N4EZTR","BR6ZT2LD","","Ivanov","","Increasing Liquid State Machine Performance with Edge-of-Chaos Dynamics Organized by Astrocyte-modulated Plasticity","True","C:\Users\Ben Bolen\Zotero\storage\BR6ZT2LD\Ivanov and Michmizos - Increasing Liquid State Machine Performance with E.pdf"
"groups/735051","DLEH3S4D","RFXFEPTI","","Neftci","","Spiking Neural Network Learning, Benchmarking, Programming and Executing View all 16 Articles Articles","True","C:\Users\Ben Bolen\Zotero\storage\RFXFEPTI\Neftci and Mostafa - Spiking Neural Network Learning, Benchmarking, Pro.pdf"
"groups/735051","YGZHDXVG","5XJTXXL9","10.1109/humanoids.2017.8246970","Han","2017","Feedback design for multi-contact push recovery via LMI approximation of the Piecewise-Affine Quadratic Regulator","True","C:\Users\Ben Bolen\Zotero\storage\5XJTXXL9\Han and Tedrake - 2017 - Feedback design for multi-contact push recovery vi.pdf"
"groups/735051","WUZ9ZRLJ","PIYGMVWX","10.1016/j.neucom.2020.05.127","Morales","2021","Unveiling the role of plasticity rules in reservoir computing","True","C:\Users\Ben Bolen\Zotero\storage\PIYGMVWX\Morales et al. - 2021 - Unveiling the role of plasticity rules in reservoi.pdf"
"groups/735051","LNUVC75L","VHPFI6KP","10.1016/j.jbiomech.2013.07.018","Yeo","2013","Phenomenological models of the dynamics of muscle during isotonic shortening","True","C:\Users\Ben Bolen\Zotero\storage\VHPFI6KP\Yeo et al. - 2013 - Phenomenological models of the dynamics of muscle .pdf"
"groups/735051","42V8578E","A3CKML2W","10.1242/jeb.049163","Yeo","2011","Estimation of musculoskeletal models from in situ measurements of muscle action in the rat hindlimb","True","C:\Users\Ben Bolen\Zotero\storage\A3CKML2W\Yeo et al. - 2011 - Estimation of musculoskeletal models from in situ .pdf"
"groups/735051","48IBUZGA","SECHTSQF","10.1038/nn.4077","Brooks","2015","Learning to expect the unexpected: rapid updating in primate cerebellum during voluntary self-motion","True","C:\Users\Ben Bolen\Zotero\storage\SECHTSQF\Brooks et al. - 2015 - Learning to expect the unexpected rapid updating .pdf"
"groups/735051","LJ7CESMF","MFV4QD7R","10.1152/jn.00497.2017","Vincent","2017","Muscle proprioceptors in adult rat: mechanosensory signaling and synapse distribution in spinal cord","True","C:\Users\Ben Bolen\Zotero\storage\MFV4QD7R\Vincent et al. - 2017 - Muscle proprioceptors in adult rat mechanosensory.pdf"
"groups/735051","9RYT8VDR","YEJ3MPBI","10.1016/j.compstruct.2017.08.088","Parandoush","2017","A review on additive manufacturing of polymer-fiber composites","True","C:\Users\Ben Bolen\Zotero\storage\YEJ3MPBI\Parandoush and Lin - 2017 - A review on additive manufacturing of polymer-fibe.pdf"
"groups/735051","668JIQ7X","G7DCFJU9","10.1080/20550340.2017.1341125","Ivey","2017","Characterizing short-fiber-reinforced composites produced using additive manufacturing","True","C:\Users\Ben Bolen\Zotero\storage\G7DCFJU9\Ivey et al. - 2017 - Characterizing short-fiber-reinforced composites p.pdf"
"groups/735051","KMKXUJW7","CQT2P7NS","10.1109/cca.1996.558917","Cai","1996","A robust controller for manipulator driven by artificial muscle actuator","True","C:\Users\Ben Bolen\Zotero\storage\CQT2P7NS\Cai and Yamaura - 1996 - A robust controller for manipulator driven by arti.pdf"
"groups/735051","2NVGQLSZ","D3SYDZ5P","","Dupeyroux","2021","A toolbox for neuromorphic sensing in robotics","True","C:\Users\Ben Bolen\Zotero\storage\D3SYDZ5P\Dupeyroux et al. - 2021 - A toolbox for neuromorphic sensing in robotics.pdf"
"groups/735051","AU2UKBDN","LTHWUN7C","10.1038/s41598-021-90058-0","Stark","2021","A three-dimensional musculoskeletal model of the dog","True","C:\Users\Ben Bolen\Zotero\storage\LTHWUN7C\Stark et al. - 2021 - A three-dimensional musculoskeletal model of the d.pdf"
"groups/735051","59M8A7BF","RE52E3B4","10.1017/s0263574720000211","Bhounsule","2021","Control Policies for a Large Region of Attraction for Dynamically Balancing Legged Robots: A Sampling-Based Approach","True","C:\Users\Ben Bolen\Zotero\storage\RE52E3B4\Bhounsule et al. - 2021 - Control Policies for a Large Region of Attraction .pdf"
"groups/735051","UP9PWXPY","63TC6K52","10.1115/1.4037440","Bhounsule","2017","A Discrete Control Lyapunov Function for Exponential Orbital Stabilization of the Simplest Walker","True","C:\Users\Ben Bolen\Zotero\storage\63TC6K52\Bhounsule and Zamani - 2017 - ADiscrete Control Lyapunov Function for Exponentia.pdf"
"groups/735051","KC3KYSE3","8HWCR2MN","10.1137/090749955","Ratschan","2010","Providing a Basin of Attraction to a Target Region of Polynomial Systems by Computation of Lyapunov-Like Functions","True","C:\Users\Ben Bolen\Zotero\storage\8HWCR2MN\Ratschan and She - 2010 - Providing a Basin of Attraction to a Target Region.pdf"
"groups/735051","8KHPVUB6","H93UJDGM","10.5772/55162","Jeon","2013","A Study on Stability of Limit Cycle Walking Model with Feet: Parameter Study","True","C:\Users\Ben Bolen\Zotero\storage\H93UJDGM\Jeon et al. - 2013 - A Study on Stability of Limit Cycle Walking Model .pdf"
"groups/735051","XEIVJ7XF","YQHQIBDE","10.1115/1.4043563","Chumacero-Polanco","2019","Basin of Attraction and Limit Cycle Oscillation Amplitude of an Ankle-Hip Model of Balance on a Balance Board","True","C:\Users\Ben Bolen\Zotero\storage\YQHQIBDE\Chumacero-Polanco and Yang - 2019 - Basin of Attraction and Limit Cycle Oscillation Am.pdf"
"groups/735051","IZLJ9SBJ","4Z3EI3FT","10.1016/j.na.2003.07.020","Giesl","2004","Necessary conditions for a limit cycle and its basin of attraction","True","C:\Users\Ben Bolen\Zotero\storage\4Z3EI3FT\Giesl - 2004 - Necessary conditions for a limit cycle and its bas.pdf"
"groups/735051","N68DGVNV","ERYRZQNX","","Manchester","2010","Regions of Attraction for Hybrid Limit Cycles of Walking Robots","True","C:\Users\Ben Bolen\Zotero\storage\ERYRZQNX\Manchester et al. - 2010 - Regions of Attraction for Hybrid Limit Cycles of W.pdf"
"groups/735051","PFI3CDGZ","NW229I9E","","Manchester","2010","Transverse Dynamics and Regions of Stability for Nonlinear Hybrid Limit Cycles","True","C:\Users\Ben Bolen\Zotero\storage\NW229I9E\Manchester - 2010 - Transverse Dynamics and Regions of Stability for N.pdf"
"groups/735051","PPI7RYV5","3VWFV5V5","10.1109/lra.2020.3012129","Hagenaars","2020","Evolved Neuromorphic Control for High Speed Divergence-Based Landings of MAVs","True","C:\Users\Ben Bolen\Zotero\storage\3VWFV5V5\Hagenaars et al. - 2020 - Evolved Neuromorphic Control for High Speed Diverg.pdf"
"groups/735051","JY8VNXV3","5FJ84H52","10.1152/physrev.1992.72.3.623","Jami","1992","Golgi tendon organs in mammalian skeletal muscle: functional properties and central actions","True","C:\Users\Ben Bolen\Zotero\storage\5FJ84H52\Jami - 1992 - Golgi tendon organs in mammalian skeletal muscle .pdf"
"groups/735051","2I3WSMPV","3YIBKHKD","10.15607/rss.2017.xiii.035","Blum","2017","A neuromorphic controller for a robotic vehicle equipped with a dynamic vision sensor","True","C:\Users\Ben Bolen\Zotero\storage\3YIBKHKD\Blum et al. - 2017 - A neuromorphic controller for a robotic vehicle eq.pdf"
"groups/735051","GBQKJSRT","WT43NINS","","Renner","","Event-Based Attention and Tracking on Neuromorphic Hardware","True","C:\Users\Ben Bolen\Zotero\storage\WT43NINS\Renner et al. - Event-Based Attention and Tracking on Neuromorphic.pdf"
"groups/735051","96UST7U8","D8L99UU6","10.1145/3407197.3407205","Polykretis","2020","An Astrocyte-Modulated Neuromorphic Central Pattern Generator for Hexapod Robot Locomotion on Intel’s Loihi","True","C:\Users\Ben Bolen\Zotero\storage\D8L99UU6\Polykretis et al. - 2020 - An Astrocyte-Modulated Neuromorphic Central Patter.pdf"
"groups/735051","EKZVWUMG","MBMJ324M","","Dupeyroux","2020","Neuromorphic control for optic-flow-based landings of MAVs using the Loihi processor","True","C:\Users\Ben Bolen\Zotero\storage\MBMJ324M\Dupeyroux et al. - 2020 - Neuromorphic control for optic-flow-based landings.pdf"
"groups/735051","5TLH4X9Z","R48WXIYA","10.3389/fnbot.2020.589532","Michaelis","2020","Robust Trajectory Generation for Robotic Control on the Neuromorphic Research Chip Loihi","True","C:\Users\Ben Bolen\Zotero\storage\R48WXIYA\Michaelis et al. - 2020 - Robust Trajectory Generation for Robotic Control o.pdf"
"groups/735051","NWFMZFT6","4DEKV8DB","10.3929/ethz-b-000394569","Kreiser","2019","Error-driven learning for self-calibration in a neuromorphic path integration system","True","C:\Users\Ben Bolen\Zotero\storage\4DEKV8DB\Kreiser et al. - 2019 - Error-driven learning for self-calibration in a ne.pdf"
"groups/735051","W97T8ULF","QIS647TY","10.1109/icra40945.2020.9197498","Kreiser","2020","Error estimation and correction in a spiking neural network for map formation in neuromorphic hardware","True","C:\Users\Ben Bolen\Zotero\storage\QIS647TY\Kreiser et al. - 2020 - Error estimation and correction in a spiking neura.pdf"
"groups/735051","QKKUNUL6","P97SW4BV","10.1109/iros45743.2020.9340948","Tang","2020","Reinforcement co-Learning of Deep and Spiking Neural Networks for Energy-Efficient Mapless Navigation with Neuromorphic Hardware","True","C:\Users\Ben Bolen\Zotero\storage\P97SW4BV\Tang et al. - 2020 - Reinforcement co-Learning of Deep and Spiking Neur.pdf"
"groups/735051","EKQR9XH8","CSDA9RVE","10.15607/rss.2020.xvi.074","Stagsted","2020","Towards neuromorphic control: A spiking neural network based PID controller for UAV","True","C:\Users\Ben Bolen\Zotero\storage\CSDA9RVE\Stagsted et al. - 2020 - Towards neuromorphic control A spiking neural net.pdf"
"groups/735051","7GXZS6V6","YVM5FGTQ","10.1103/physrevlett.120.024102","Pathak","2018","Model-Free Prediction of Large Spatiotemporally Chaotic Systems from Data: A Reservoir Computing Approach","True","C:\Users\Ben Bolen\Zotero\storage\YVM5FGTQ\Pathak et al. - 2018 - Model-Free Prediction of Large Spatiotemporally Ch.pdf"
"groups/735051","I9KVUWFU","LDV39E5C","","Canaday","2021","A Meta-learning Approach to Reservoir Computing: Time Series Prediction with Limited Data","True","C:\Users\Ben Bolen\Zotero\storage\LDV39E5C\Canaday et al. - 2021 - A Meta-learning Approach to Reservoir Computing T.pdf"
"groups/735051","GU2J8TZ2","EKVKMUHF","","Ma","","From Bipedal to Quadrupedal Locomotion, Experimental Realization of Lyapunov Approaches","True","C:\Users\Ben Bolen\Zotero\storage\EKVKMUHF\Ma - From Bipedal to Quadrupedal Locomotion, Experiment.pdf"
"groups/735051","6P4VRPQP","JBLQ8MWU","10.1109/cdc.2014.7039614","Saglam","2014","Lyapunov-based versus Poincar&#x00E9; map analysis of the rimless wheel","True","C:\Users\Ben Bolen\Zotero\storage\JBLQ8MWU\Saglam et al. - 2014 - Lyapunov-based versus Poincar&#x00E9; map analysis.pdf"
"groups/735051","LLBTW4TD","6882NWB5","10.1109/icecs.2007.4511125","Licer","2007","Lyapunov Stability of Hybrid System Limit Cycle Application to the Compass Gait Biped","True","C:\Users\Ben Bolen\Zotero\storage\6882NWB5\Licer et al. - 2007 - Lyapunov Stability of Hybrid System Limit Cycle Ap.pdf"
"groups/735051","JJJCUGMZ","5Q68SB9X","10.1109/humanoids.2017.8246970","Han","2017","Feedback design for multi-contact push recovery via LMI approximation of the Piecewise-Affine Quadratic Regulator","True","C:\Users\Ben Bolen\Zotero\storage\5Q68SB9X\Han and Tedrake - 2017 - Feedback design for multi-contact push recovery vi.pdf"
"groups/735051","QWSLYUWS","CS2G7EW7","10.1016/j.cnsns.2019.104949","Wang","2020","Finite-time stabilization of periodic orbits for under-actuated biped walking with hybrid zero dynamics","True","C:\Users\Ben Bolen\Zotero\storage\CS2G7EW7\Wang et al. - 2020 - Finite-time stabilization of periodic orbits for u.pdf"
"groups/735051","LP8UIZDK","G2B36SZP","","Romero","2020","FOUR-BAR MECHANISM'S ROTATION CENTER DETERMINATION USING NATURAL COORDINATES","True","C:\Users\Ben Bolen\Zotero\storage\G2B36SZP\Romero et al. - 2020 - FOUR-BAR MECHANISM'S ROTATION CENTER DETERMINATION.pdf"
"groups/735051","6N2J3QZY","B7WZMP77","10.1115/1.3138568","Andrews","1985","A General Method for Determining the Functional Role of a Muscle","True","C:\Users\Ben Bolen\Zotero\storage\B7WZMP77\Andrews - 1985 - A General Method for Determining the Functional Ro.pdf"
"groups/735051","5C9ZRHVK","KPLNCGVM","","Zajac","1989","Determining Muscle's Force and Action in Multi-Articular Movement","True","C:\Users\Ben Bolen\Zotero\storage\KPLNCGVM\Determining_Muscles_Force_and_Action_in_Multiarticular_Movement.pdf"
"groups/735051","L42QF96A","YHL7NWVI","","Dasgupta","2015","Temporal information processing and memory guided behaviors with recurrent neural networks","True","C:\Users\Ben Bolen\Zotero\storage\YHL7NWVI\Dasgupta - 2015 - Temporal information processing and memory guided .pdf"
"groups/735051","XQPXB3CX","HQNQA728","10.1007/s12530-013-9080-y","Dasgupta","2013","Information dynamics based self-adaptive reservoir for delay temporal memory tasks","True","C:\Users\Ben Bolen\Zotero\storage\HQNQA728\Dasgupta et al. - 2013 - Information dynamics based self-adaptive reservoir.pdf"
"groups/735051","DPHJCU6G","5A9E9PEM","","Dasgupta","2015","Distributed Recurrent Neural Forward Models with Synaptic Adaptation for Complex Behaviors of Walking Robots","True","C:\Users\Ben Bolen\Zotero\storage\5A9E9PEM\Dasgupta et al. - 2015 - Distributed Recurrent Neural Forward Models with S.pdf"
"groups/735051","SFGR6ZSX","BGL44A5D","10.1109/tro.2012.2234311","Crespi","2013","Salamandra Robotica II: An Amphibious Robot to Study Salamander-Like Swimming and Walking Gaits","True","C:\Users\Ben Bolen\Zotero\storage\BGL44A5D\Crespi et al. - 2013 - Salamandra Robotica II An Amphibious Robot to Stu.pdf"
"groups/735051","NRTN3NGY","EUZN2LUG","10.1016/0166-2236(92)90006-t","Cohen","1992","Modelling of intersegmental coordination in the lamprey central pattern generator for locomotion","True","C:\Users\Ben Bolen\Zotero\storage\EUZN2LUG\Cohen et al. - 1992 - Modelling of intersegmental coordination in the la.pdf"
"groups/735051","5WYHFU4V","DMMGZXE9","10.1007/s00422-012-0543-1","Bicanski","2013","Decoding the mechanisms of gait generation in salamanders by combining neurobiology, modeling and robotics","True","C:\Users\Ben Bolen\Zotero\storage\DMMGZXE9\Bicanski et al. - 2013 - Decoding the mechanisms of gait generation in sala.pdf"
"groups/735051","Y39LSN3R","5BUAFFA3","10.1007/s00221-006-0542-3","Akay","2006","Coordination of fore and hind leg stepping in cats on a transversely-split treadmill","True","C:\Users\Ben Bolen\Zotero\storage\5BUAFFA3\Akay et al. - 2006 - Coordination of fore and hind leg stepping in cats.pdf"
"groups/735051","BFNVW3GD","K82ALCDN","10.1063/1.3142245","Ting","2009","Neuromechanical tuning of nonlinear postural control dynamics","True","C:\Users\Ben Bolen\Zotero\storage\K82ALCDN\Ting et al. - 2009 - Neuromechanical tuning of nonlinear postural contr.pdf"
"groups/735051","2DIKDUEC","VYJ6D4FT","10.1109/tnsre.2013.2264920","Bingham","2013","Stability Radius as a Method for Comparing the Dynamics of Neuromechanical Systems","True","C:\Users\Ben Bolen\Zotero\storage\VYJ6D4FT\Bingham and Ting - 2013 - Stability Radius as a Method for Comparing the Dyn.pdf"
"groups/735051","XB9AYBCS","ND6PCPFZ","10.1152/jn.00550.2017","Ausborn","2018","State-dependent rhythmogenesis and frequency control in a half-center locomotor CPG","True","C:\Users\Ben Bolen\Zotero\storage\ND6PCPFZ\Ausborn et al. - 2018 - State-dependent rhythmogenesis and frequency contr.pdf"
"groups/735051","4Q73TZQZ","BDAIR6EQ","10.7554/elife.43587","Ausborn","2019","Computational modeling of brainstem circuits controlling locomotor frequency and gait","True","C:\Users\Ben Bolen\Zotero\storage\BDAIR6EQ\Ausborn et al. - 2019 - Computational modeling of brainstem circuits contr.pdf"
"groups/735051","D3HEGBL6","B78NE6J4","10.3389/fncel.2019.00516","Danner","2019","Spinal V3 Interneurons and Left–Right Coordination in Mammalian Locomotion","True","C:\Users\Ben Bolen\Zotero\storage\B78NE6J4\Danner et al. - 2019 - Spinal V3 Interneurons and Left–Right Coordination.pdf"
"groups/735051","KE99MZAR","LNNELSIS","10.1113/jphysiol.1914.sp001646","Brown","1914","On the nature of the fundamental activity of the nervous centres; together with an analysis of the conditioning of rhythmic activity in progression, and a theory of the evolution of function in the nervous system","True","C:\Users\Ben Bolen\Zotero\storage\LNNELSIS\Brown - 1914 - On the nature of the fundamental activity of the n.pdf"
"groups/735051","ZXDCXIBI","9JCA65RA","10.3389/fnins.2020.598888","Latash","2020","On the Organization of the Locomotor CPG: Insights From Split-Belt Locomotion and Mathematical Modeling","True","C:\Users\Ben Bolen\Zotero\storage\9JCA65RA\Latash et al. - 2020 - On the Organization of the Locomotor CPG Insights.pdf"
"groups/735051","8AD2F2XH","XVBVZD9G","10.7554/elife.31050","Danner","2017","Computational modeling of spinal circuits controlling limb coordination and gaits in quadrupeds","True","C:\Users\Ben Bolen\Zotero\storage\XVBVZD9G\Danner et al. - 2017 - Computational modeling of spinal circuits controll.pdf"
"groups/735051","KNDKUEKP","EQZB8ZGH","10.1113/jp272437","Shevtsova","2016","Organization of flexor-extensor interactions in the mammalian spinal cord: insights from computational modelling: Flexor-extensor interactions in the spinal cord","True","C:\Users\Ben Bolen\Zotero\storage\EQZB8ZGH\Shevtsova and Rybak - 2016 - Organization of flexor-extensor interactions in th.pdf"
"groups/735051","W5CKR3XM","L83KUNYX","10.1111/j.1749-6632.2010.05435.x","Markin","2010","Afferent control of locomotor CPG: insights from a simple neuromechanical model: Afferent control of locomotor CPG","True","C:\Users\Ben Bolen\Zotero\storage\L83KUNYX\Markin et al. - 2010 - Afferent control of locomotor CPG insights from a.pdf"
"groups/735051","X32BEPTY","ELT57HWI","10.1109/comst.2019.2902862","Mozaffari","2019","A Tutorial on UAVs for Wireless Networks: Applications, Challenges, and Open Problems","True","C:\Users\Ben Bolen\Zotero\storage\ELT57HWI\Mozaffari et al. - 2019 - A Tutorial on UAVs for Wireless Networks Applicat.pdf"
"groups/735051","YNB3RNU7","IY5M6AFZ","10.1007/s00422-017-0711-4","Szczecinski","2017","Design process and tools for dynamic neuromechanical models and robot controllers","True","C:\Users\Ben Bolen\Zotero\storage\IY5M6AFZ\Szczecinski et al. - 2017 - Design process and tools for dynamic neuromechanic.pdf"
"groups/735051","PHXIFRCK","LB7EXN42","10.1007/s10439-009-9852-5","Arnold","2010","A Model of the Lower Limb for Analysis of Human Movement","True","C:\Users\Ben Bolen\Zotero\storage\LB7EXN42\Arnold et al. - 2010 - A Model of the Lower Limb for Analysis of Human Mo.pdf"
"groups/735051","8JFBVR97","JDD3973R","10.1016/j.jbiomech.2011.10.014","Suderman","2012","Moving muscle points provide accurate curved muscle paths in a model of the cervical spine","True","C:\Users\Ben Bolen\Zotero\storage\JDD3973R\Suderman and Vasavada - 2012 - Moving muscle points provide accurate curved muscl.pdf"
"groups/735051","WBQAXDKN","Y887BU8E","10.1002/rob.22014","McCammon","2021","Ocean front detection and tracking using a team of heterogeneous marine vehicles","True","C:\Users\Ben Bolen\Zotero\storage\Y887BU8E\McCammon et al. - 2021 - Ocean front detection and tracking using a team of.pdf"
"groups/735051","I5AS8CBA","QIR4XIC7","10.1080/09243046.2018.1470894","Koga","2019","Three-dimensionally printed designable joint for carbon fibre reinforced plastics","True","C:\Users\Ben Bolen\Zotero\storage\QIR4XIC7\Koga and Todoroki - 2019 - Three-dimensionally printed designable joint for c.pdf"
"groups/735051","BANB4GV9","ZBFTBD3Q","10.1016/j.jmapro.2020.04.025","Cococcetta","2020","Investigating surface finish, burr formation, and tool wear during machining of 3D printed carbon fiber reinforced polymer composite","True","C:\Users\Ben Bolen\Zotero\storage\ZBFTBD3Q\Cococcetta et al. - 2020 - Investigating surface finish, burr formation, and .pdf"
"groups/735051","RWBKBM3J","RQTEASFW","10.3390/jcs4030098","Sanei","2020","3D-Printed Carbon Fiber Reinforced Polymer Composites: A Systematic Review","True","C:\Users\Ben Bolen\Zotero\storage\RQTEASFW\Sanei and Popescu - 2020 - 3D-Printed Carbon Fiber Reinforced Polymer Composi.pdf"
"groups/735051","B54E9TNV","RGZTLBXT","10.1002/rob.20218","Micire","2008","Evolution and field performance of a rescue robot: Evolution and Field Performance of a Rescue Robot","True","C:\Users\Ben Bolen\Zotero\storage\RGZTLBXT\Micire - 2008 - Evolution and field performance of a rescue robot.pdf"
"groups/735051","2PK5QKHQ","A84LVYKX","10.1109/mra.2004.1337826","Murphy","2004","Activities of the rescue robots at the World Trade Center from 11-21 september 2001","True","C:\Users\Ben Bolen\Zotero\storage\A84LVYKX\Murphy - 2004 - Activities of the rescue robots at the World Trade.pdf"
"groups/735051","HQ7268YC","BMETHL35","","Aimone","","Non-Neural Network Applications for Spiking Neuromorphic Hardware","True","C:\Users\Ben Bolen\Zotero\storage\BMETHL35\Aimone et al. - Non-Neural Network Applications for Spiking Neurom.pdf"
"groups/735051","WMBFHHS7","PIMDPR4U","10.1109/ijcnn.2018.8489628","Severa","2018","Spiking Neural Algorithms for Markov Process Random Walk","True","C:\Users\Ben Bolen\Zotero\storage\PIMDPR4U\Severa et al. - 2018 - Spiking Neural Algorithms for Markov Process Rando.pdf"
"groups/735051","4MVLUQI5","ATJSMGDV","10.1109/icra.2015.7140079","Noot","2015","Biped gait controller for large speed variations, combining reflexes and a central pattern generator in a neuromuscular model","True","C:\Users\Ben Bolen\Zotero\storage\ATJSMGDV\Noot et al. - 2015 - Biped gait controller for large speed variations, .pdf"
"groups/735051","E4VMF6LF","ILUXD8A5","10.1038/srep23622","Lozano","2016","Control strategies of 3-cell Central Pattern Generator via global stimuli","True","C:\Users\Ben Bolen\Zotero\storage\ILUXD8A5\Lozano et al. - 2016 - Control strategies of 3-cell Central Pattern Gener.pdf"
"groups/735051","FNWW6VRC","BD5CT5XF","10.1016/j.biosystems.2004.05.005","Kuzmina","2004","Oscillatory network with self-organized dynamical connections for synchronization-based image segmentation","True","C:\Users\Ben Bolen\Zotero\storage\BD5CT5XF\Kuzmina et al. - 2004 - Oscillatory network with self-organized dynamical .pdf"
"groups/735051","96REFLMC","WMNYDIK4","10.1103/physrevlett.92.114102","Rosenblum","2004","Controlling Synchronization in an Ensemble of Globally Coupled Oscillators","True","C:\Users\Ben Bolen\Zotero\storage\WMNYDIK4\Rosenblum and Pikovsky - 2004 - Controlling Synchronization in an Ensemble of Glob.pdf"
"groups/735051","VH3H7MGV","9NYV4F4I","10.1109/iros.2007.4399498","Yang","2007","Self-adapting humanoid locomotion using a neural oscillator network","True","C:\Users\Ben Bolen\Zotero\storage\9NYV4F4I\Yang et al. - 2007 - Self-adapting humanoid locomotion using a neural o.pdf"
"groups/735051","GET8KMVP","282M77XQ","10.1007/s10676-021-09603-0","Battistuzzi","2021","Ethical concerns in rescue robotics: a scoping review","True","C:\Users\Ben Bolen\Zotero\storage\282M77XQ\Battistuzzi et al. - 2021 - Ethical concerns in rescue robotics a scoping rev.pdf"
"groups/735051","I726DE7B","ZWWT44CB","10.3389/fnins.2021.638474","Guo","2021","Neural Coding in Spiking Neural Networks: A Comparative Study for Robust Neuromorphic Systems","True","C:\Users\Ben Bolen\Zotero\storage\ZWWT44CB\Guo et al. - 2021 - Neural Coding in Spiking Neural Networks A Compar.pdf"
"groups/735051","QWIZV5R8","PKZYWQ7E","10.3389/fnins.2021.638474","Guo","2021","Neural Coding in Spiking Neural Networks: A Comparative Study for Robust Neuromorphic Systems","True","C:\Users\Ben Bolen\Zotero\storage\PKZYWQ7E\Guo et al. - 2021 - Neural Coding in Spiking Neural Networks A Compar.pdf"
"groups/735051","EVIFJM5V","7NMTH7VS","10.1016/j.neunet.2008.03.014","Ijspeert","2008","Central pattern generators for locomotion control in animals and robots: A review","True","C:\Users\Ben Bolen\Zotero\storage\7NMTH7VS\Ijspeert - 2008 - Central pattern generators for locomotion control in animals and robots a review.pdf"
"groups/735051","XJAEERIV","2AH8F3JU","10.3389/fnbot.2017.00018","Hunt","2017","Development and Training of a Neural Controller for Hind Leg Walking in a Dog Robot","True","C:\Users\Ben Bolen\Zotero\storage\2AH8F3JU\Hunt et al. - 2017 - Development and Training of a Neural Controller fo.pdf"
"groups/735051","JIN7V2G4","I25BNBE4","10.1109/mc.2016.135","Murphy","2016","Emergency Informatics: Using Computing to Improve Disaster Management","True","C:\Users\Ben Bolen\Zotero\storage\I25BNBE4\Murphy - 2016 - Emergency Informatics Using Computing to Improve .pdf"
"groups/735051","CFTU3ZAG","PIJF4QTW","10.1016/s0925-2312(01)00658-0","Bohte","2002","Error-backpropagation in temporally encoded networks of spiking neurons","True","C:\Users\Ben Bolen\Zotero\storage\PIJF4QTW\Bohte et al. - 2002 - Error-backpropagation in temporally encoded networ.pdf"
"groups/735051","TC5SD2DJ","VWHDKJUR","10.3389/fnsys.2015.00151","Brette","2015","Philosophy of the Spike: Rate-Based vs. Spike-Based Theories of the Brain","True","C:\Users\Ben Bolen\Zotero\storage\VWHDKJUR\Brette - 2015 - Philosophy of the Spike Rate-Based vs. Spike-Base.pdf"
"groups/735051","897UJGHD","DGFCFEQY","10.3389/fnsys.2015.00151","Brette","2015","Philosophy of the Spike: Rate-Based vs. Spike-Based Theories of the Brain","True","C:\Users\Ben Bolen\Zotero\storage\DGFCFEQY\Brette - 2015 - Philosophy of the Spike Rate-Based vs. Spike-Base.pdf"
"groups/735051","GXYDHJNV","NEX6UV3X","10.1016/j.neunet.2019.03.005","Tanaka","2019","Recent advances in physical reservoir computing: A review","True","C:\Users\Ben Bolen\Zotero\storage\NEX6UV3X\Tanaka et al. - 2019 - Recent advances in physical reservoir computing A.pdf"
"groups/735051","66W9UATC","B4TZ3HEX","","Schrauwen","","An overview of reservoir computing: theory, applications and implementations","True","C:\Users\Ben Bolen\Zotero\storage\B4TZ3HEX\Schrauwen - An overview of reservoir computing theory, applic.pdf"
"groups/735051","5WU2QK2C","FADCLD25","10.7551/mitpress/2526.001.0001","Izhikevich","2006","Dynamical Systems in Neuroscience: The Geometry of Excitability and Bursting","True","C:\Users\Ben Bolen\Zotero\storage\FADCLD25\Izhikevich - 2006 - Dynamical Systems in Neuroscience The Geometry of.pdf"
"groups/735051","99ZE8A3L","2XYKN9L5","10.1113/jphysiol.1952.sp004764","Hodgkin","1952","A quantitative description of membrane current and its application to conduction and excitation in nerve","True","C:\Users\Ben Bolen\Zotero\storage\2XYKN9L5\Hodgkin and Huxley - 1952 - A quantitative description of membrane current and.pdf"
"groups/735051","SMTD5XB5","8UCTYAZL","10.1126/science.275.5297.213","Markram","1997","Regulation of Synaptic Efficacy by Coincidence of Postsynaptic APs and EPSPs","True","C:\Users\Ben Bolen\Zotero\storage\8UCTYAZL\Markram - 1997 - Regulation of Synaptic Efficacy by Coincidence of .pdf"
"groups/735051","JNN4UNDY","TCJ4VS2P","10.1162/089976600300015844","Kistler","2000","Modeling Synaptic Plasticity in Conjunction with the Timing of Pre- and Postsynaptic Action Potentials","True","C:\Users\Ben Bolen\Zotero\storage\TCJ4VS2P\Kistler and Hemmen - 2000 - Modeling Synaptic Plasticity in Conjunction with t.pdf"
"groups/735051","A7969YC4","N4Q9B3HU","10.1016/s0893-6080(97)00011-7","Maass","1997","Networks of spiking neurons: The third generation of neural network models","True","C:\Users\Ben Bolen\Zotero\storage\N4Q9B3HU\Maass - 1997 - Networks of spiking neurons The third generation .pdf"
"groups/735051","7UT34VUA","4EMAIY84","10.3389/frvir.2021.557783","Labbe","2021","Proprioceptive Stimulation Added to a Walking Self-Avatar Enhances the Illusory Perception of Walking in Static Participants","False","C:\Users\Ben Bolen\Zotero\storage\4EMAIY84\Labbe et al. - 2021 - Proprioceptive Stimulation Added to a Walking Self.pdf"
"groups/735051","SFR9EXZC","QYP5YCPP","10.1152/jn.00250.2018","Mayer","2018","Role of muscle spindle feedback in regulating muscle activity strength during walking at different speed in mice","False","C:\Users\Ben Bolen\Zotero\storage\QYP5YCPP\Mayer et al. - 2018 - Role of muscle spindle feedback in regulating musc.pdf"
"groups/735051","KN4HQ3T8","FG6SXTAX","10.1152/jn.00551.2015","Roden-Reynolds","2015","Hip proprioceptive feedback influences the control of mediolateral stability during human walking","False","C:\Users\Ben Bolen\Zotero\storage\FG6SXTAX\Roden-Reynolds et al. - 2015 - Hip proprioceptive feedback influences the control.pdf"
"groups/735051","KRU85SG6","C5ZKWUUK","10.1016/j.jbiomech.2015.04.024","Hubbuch","2015","Proprioceptive feedback contributes to the adaptation toward an economical gait pattern","False","C:\Users\Ben Bolen\Zotero\storage\C5ZKWUUK\Hubbuch et al. - 2015 - Proprioceptive feedback contributes to the adaptat.pdf"
"groups/735051","WREDTJZY","TRLNBR4X","10.3389/fnhum.2015.00014","Frost","2015","Sensorimotor control of gait: a novel approach for the study of the interplay of visual and proprioceptive feedback","False","C:\Users\Ben Bolen\Zotero\storage\TRLNBR4X\Frost et al. - 2015 - Sensorimotor control of gait a novel approach for.pdf"
"groups/735051","DL24USDE","9BRRW9JI","10.7554/elife.00231","Mendes","2013","Quantification of gait parameters in freely walking wild type and sensory deprived Drosophila melanogaster","False","C:\Users\Ben Bolen\Zotero\storage\9BRRW9JI\Mendes et al. - 2013 - Quantification of gait parameters in freely walkin.pdf"
"groups/735051","226ZE3KJ","F3DGJINC","","Riskowski","","Proprioception, gait kinematics, and rate of loading","False","C:\Users\Ben Bolen\Zotero\storage\F3DGJINC\Riskowski et al. - Proprioception, gait kinematics, and rate of loadi.pdf"
"groups/735051","7JT2DYJW","RI68M9LY","10.1145/3290605.3300905","Sra","2019","Adding Proprioceptive Feedback to Virtual Reality Experiences Using Galvanic Vestibular Stimulation","False","C:\Users\Ben Bolen\Zotero\storage\RI68M9LY\Sra et al. - 2019 - Adding Proprioceptive Feedback to Virtual Reality .pdf"
"groups/735051","WNTBWC33","YDL8YIDS","10.1162/pres_a_00190","Leonardis","2014","Multisensory Feedback Can Enhance Embodiment Within an Enriched Virtual Walking Scenario","False","C:\Users\Ben Bolen\Zotero\storage\YDL8YIDS\Leonardis et al. - 2014 - Multisensory Feedback Can Enhance Embodiment Withi.pdf"
"groups/735051","KIHPNJPQ","TSTXZGW7","10.1109/mhs.2012.6492480","Hasegawa","2012","Pseudo-proprioceptive motion feedback by electric stimulation","False","C:\Users\Ben Bolen\Zotero\storage\TSTXZGW7\Hasegawa et al. - 2012 - Pseudo-proprioceptive motion feedback by electric .pdf"
"groups/735051","M49TBF5M","VZ9F38IZ","10.1242/jeb.067488","Fuchs","2012","Proprioceptive feedback reinforces centrally generated stepping patterns in the cockroach","False","C:\Users\Ben Bolen\Zotero\storage\VZ9F38IZ\Fuchs et al. - 2012 - Proprioceptive feedback reinforces centrally gener.pdf"
"groups/735051","M2WKUMPB","R4J2XKXT","10.3389/fnbot.2011.00003","Harischandra","2011","Sensory feedback plays a significant role in generating walking gait and in gait transition in salamanders: a simulation study","False","C:\Users\Ben Bolen\Zotero\storage\R4J2XKXT\Harischandra - 2011 - Sensory feedback plays a significant role in gener.pdf"
"groups/735051","EXETXBE6","ESEJC4V9","10.1523/jneurosci.3155-08.2009","Borgmann","2009","Sensory Feedback Induced by Front-Leg Stepping Entrains the Activity of Central Pattern Generators in Caudal Segments of the Stick Insect Walking System","False","C:\Users\Ben Bolen\Zotero\storage\ESEJC4V9\Borgmann et al. - 2009 - Sensory Feedback Induced by Front-Leg Stepping Ent.pdf"
"groups/735051","5YIDLULC","7DF6JYJW","10.1016/j.jphysparis.2012.06.001","Krause","2013","Central drive and proprioceptive control of antennal movements in the walking stick insect","False","C:\Users\Ben Bolen\Zotero\storage\7DF6JYJW\Krause et al. - 2013 - Central drive and proprioceptive control of antenn.pdf"
"groups/735051","Q8DDFPLP","XI89DIYM","10.1097/jes.0b013e3182724bb0","Dean","2013","Proprioceptive Feedback and Preferred Patterns of Human Movement","False","C:\Users\Ben Bolen\Zotero\storage\XI89DIYM\Dean - 2013 - Proprioceptive Feedback and Preferred Patterns of .pdf"
"groups/735051","CNTQYPTR","QD6TP8D5","10.2522/ptj.20110206","Lewek","2012","Use of Visual and Proprioceptive Feedback to Improve Gait Speed and Spatiotemporal Symmetry Following Chronic Stroke: A Case Series","False","C:\Users\Ben Bolen\Zotero\storage\QD6TP8D5\Lewek et al. - 2012 - Use of Visual and Proprioceptive Feedback to Impro.pdf"
"groups/735051","8XPVJXQJ","IRX5WUBK","10.1186/1471-2202-12-s1-p158","Knuesel","2011","Effects of muscle dynamics and proprioceptive feedback on the kinematics and CPG activity of salamander stepping","False","C:\Users\Ben Bolen\Zotero\storage\IRX5WUBK\Knuesel and Ijspeert - 2011 - Effects of muscle dynamics and proprioceptive feed.pdf"
"groups/735051","HAMETWKG","T8IA7AFL","10.1016/j.brainresbull.2007.03.010","Windhorst","2007","Muscle proprioceptive feedback and spinal networks","False","C:\Users\Ben Bolen\Zotero\storage\T8IA7AFL\Windhorst - 2007 - Muscle proprioceptive feedback and spinal networks.pdf"
"groups/735051","22VVYMX8","UDU4DVIN","10.1007/s00221-007-0938-8","Maas","2007","The effects of self-reinnervation of cat medial and lateral gastrocnemius muscles on hindlimb kinematics in slope walking","False","C:\Users\Ben Bolen\Zotero\storage\UDU4DVIN\Maas et al. - 2007 - The effects of self-reinnervation of cat medial an.pdf"
"groups/735051","6VPR2DQK","RIN8JZM4","10.1007/s00221-006-0451-5","Mazzaro","2006","Afferent-mediated modulation of the soleus muscle activity during the stance phase of human walking","False","C:\Users\Ben Bolen\Zotero\storage\RIN8JZM4\Mazzaro et al. - 2006 - Afferent-mediated modulation of the soleus muscle .pdf"
"groups/735051","Z7SRYA2R","NCSIFLYR","10.1016/0006-8993(93)91131-b","Rossi-Durand","1993","Peripheral proprioceptive modulation in crayfish walking leg by serotonin","False","C:\Users\Ben Bolen\Zotero\storage\NCSIFLYR\Rossi-Durand - 1993 - Peripheral proprioceptive modulation in crayfish w.pdf"
"groups/735051","LHCQR7T2","BNJN4GIA","10.1113/jphysiol.2007.130088","Grey","2007","Positive force feedback in human walking: Positive force feedback in human walking","False","C:\Users\Ben Bolen\Zotero\storage\BNJN4GIA\Grey et al. - 2007 - Positive force feedback in human walking Positive.pdf"
"groups/735051","NSB99F7Z","S2DRIA5B","10.1016/s0166-2236(02)02173-2","Capaday","2002","The special nature of human walking and its neural control","False","C:\Users\Ben Bolen\Zotero\storage\S2DRIA5B\Capaday - 2002 - The special nature of human walking and its neural.pdf"
"groups/735051","9RXRTJTI","22RM4EQK","10.1152/jn.1992.67.3.530","Elson","1992","Identified proprioceptive afferents and motor rhythm entrainment in the crayfish walking system","False","C:\Users\Ben Bolen\Zotero\storage\22RM4EQK\Elson et al. - 1992 - Identified proprioceptive afferents and motor rhyt.pdf"
"groups/735051","WYARSXXY","WBPCV5X8","","Hoppensteadt","","Synaptic organizations and dynamical properties of weakly connected neural oscillators","False","C:\Users\Ben Bolen\Zotero\storage\WBPCV5X8\Hoppensteadt and Izhikevich - Synaptic organizations and dynamical properties of.pdf"
"groups/735051","694YPFDU","QZSGP3EZ","10.1007/s00422-020-00854-6","Kim","2021","Multifrequency Hebbian plasticity in coupled neural oscillators","False","C:\Users\Ben Bolen\Zotero\storage\QZSGP3EZ\Kim and Large - 2021 - Multifrequency Hebbian plasticity in coupled neura.pdf"
"groups/735051","GMEFJR84","W3STHJWC","10.1016/j.cnsns.2020.105611","Bashkirtseva","2021","Stochastic transitions between in-phase and anti-phase synchronization in coupled map-based neural oscillators","False","C:\Users\Ben Bolen\Zotero\storage\W3STHJWC\Bashkirtseva et al. - 2021 - Stochastic transitions between in-phase and anti-p.pdf"
"groups/735051","5XZU5QZ9","DCYV25AD","10.1103/physrevx.6.011015","Ullner","2016","Self-Sustained Irregular Activity in an Ensemble of Neural Oscillators","False","C:\Users\Ben Bolen\Zotero\storage\DCYV25AD\Ullner and Politi - 2016 - Self-Sustained Irregular Activity in an Ensemble o.pdf"
"groups/735051","JISEZI2K","EVINGYQ7","10.1007/s11370-009-0049-4","Ryu","2010","Locomotion of snake-like robots using adaptive neural oscillators","False","C:\Users\Ben Bolen\Zotero\storage\EVINGYQ7\Ryu et al. - 2010 - Locomotion of snake-like robots using adaptive neu.pdf"
"groups/735051","GVJDIVJ6","VAQXRWH6","","Kopell","","Mechanisms of Phase-Locking and Frequency Control in Pairs of coupled Neural Oscillators","False","C:\Users\Ben Bolen\Zotero\storage\VAQXRWH6\Kopell and Ermentrout - Mechanisms of Phase-Locking and Frequency Control .pdf"
"groups/735051","2SCC9MZI","EETVINHU","10.1016/j.neunet.2014.08.008","Ueda","2015","Multistate network model for the pathfinding problem with a self-recovery property","False","C:\Users\Ben Bolen\Zotero\storage\EETVINHU\Ueda et al. - 2015 - Multistate network model for the pathfinding probl.pdf"
"groups/735051","ULEGTR8P","P9IRSSMV","10.1142/s0218127413300395","Panchuk","2013","Synchronization of coupled neural oscillators with heterogeneous delays","False","C:\Users\Ben Bolen\Zotero\storage\P9IRSSMV\Panchuk et al. - 2013 - Synchronization of coupled neural oscillators with.pdf"
"groups/735051","RHHM377J","JN69TKVE","10.1007/s10827-008-0120-8","Ly","2009","Synchronization dynamics of two coupled neural oscillators receiving shared and unshared noisy stimuli","False","C:\Users\Ben Bolen\Zotero\storage\JN69TKVE\Ly and Ermentrout - 2009 - Synchronization dynamics of two coupled neural osc.pdf"
"groups/735051","S4CWI4NW","LZQSD5WC","10.1016/j.neucom.2006.10.075","Galán","2007","Reliability and stochastic synchronization in type I vs. type II neural oscillators","False","C:\Users\Ben Bolen\Zotero\storage\LZQSD5WC\Galán et al. - 2007 - Reliability and stochastic synchronization in type.pdf"
"groups/735051","688LSA5J","IJM9Y24R","10.1103/physreve.73.031907","Sakaguchi","2006","Instability of synchronized motion in nonlocally coupled neural oscillators","False","C:\Users\Ben Bolen\Zotero\storage\IJM9Y24R\Sakaguchi - 2006 - Instability of synchronized motion in nonlocally c.pdf"
"groups/735051","DSGTZ897","87AGPAEJ","10.1109/robot.2000.844870","Arsenio","2000","Tuning of neural oscillators for the design of rhythmic motions","False","C:\Users\Ben Bolen\Zotero\storage\87AGPAEJ\Arsenio - 2000 - Tuning of neural oscillators for the design of rhy.pdf"
"groups/735051","RLBPSXZX","C632KEX4","10.1016/s0893-6080(99)00068-4","Tonnelier","1999","Synchronization and desynchronization of neural oscillators","False","C:\Users\Ben Bolen\Zotero\storage\C632KEX4\Tonnelier et al. - 1999 - Synchronization and desynchronization of neural os.pdf"
"groups/735051","YZ8T6G7R","T4HW2ZG5","10.1103/physreve.60.2086","Coombes","1999","Mode locking and Arnold tongues in integrate-and-fire neural oscillators","False","C:\Users\Ben Bolen\Zotero\storage\T4HW2ZG5\Coombes and Bressloff - 1999 - Mode locking and Arnold tongues in integrate-and-f.pdf"
"groups/735051","DXNQ8BHT","UZ9QS9FS","10.1523/jneurosci.0426-09.2009","Achuthan","2009","Phase-Resetting Curves Determine Synchronization, Phase Locking, and Clustering in Networks of Neural Oscillators","False","C:\Users\Ben Bolen\Zotero\storage\UZ9QS9FS\Achuthan and Canavier - 2009 - Phase-Resetting Curves Determine Synchronization, .pdf"
"groups/735051","23G6BBPZ","RBCLFFPY","10.1162/08997660152002861","Ermentrout","2001","The Effects of Spike Frequency Adaptation and Negative Feedback on the Synchronization of Neural Oscillators","False","C:\Users\Ben Bolen\Zotero\storage\RBCLFFPY\Ermentrout et al. - 2001 - The Effects of Spike Frequency Adaptation and Nega.pdf"
"groups/735051","SITG9N5W","KTI5JRPS","10.1103/physrevlett.75.3190","Han","1995","Dephasing and Bursting in Coupled Neural Oscillators","False","C:\Users\Ben Bolen\Zotero\storage\KTI5JRPS\Han et al. - 1995 - Dephasing and Bursting in Coupled Neural Oscillato.pdf"
"groups/735051","H2CPQT8Y","WYRVHL8V","10.1109/72.392256","Wang","1995","Emergent synchrony in locally coupled neural oscillators","False","C:\Users\Ben Bolen\Zotero\storage\WYRVHL8V\DeLiang Wang - 1995 - Emergent synchrony in locally coupled neural oscil.pdf"
"groups/735051","LYDH3ELJ","UBNQ9BRR","10.1007/bf00198086","Taga","1991","Self-organized control of bipedal locomotion by neural oscillators in unpredictable environment","False","C:\Users\Ben Bolen\Zotero\storage\UBNQ9BRR\Taga et al. - 1991 - Self-organized control of bipedal locomotion by ne.pdf"
"groups/735051","3UNPCDLT","IJ4S7QFW","","Aoyagi","1995","Network of Neural Oscillators for Retrieving Phase Information","False","C:\Users\Ben Bolen\Zotero\storage\IJ4S7QFW\Aoyagi - 1995 - Network of Neural Oscillators for Retrieving Phase.pdf"
"groups/735051","B9H7K6VP","WUIWIT2B","10.3389/fnbot.2020.577804","Szczecinski","2020","Extending the Functional Subnetwork Approach to a Generalized Linear Integrate-and-Fire Neuron Model","True","C:\Users\Ben Bolen\Zotero\storage\WUIWIT2B\Szczecinski et al. - 2020 - Extending the Functional Subnetwork Approach to a .pdf"
"groups/735051","T4J7NWSD","485UBU3Q","","Wang","","A CPG-based sensory feedback control method for robotic fish locomotion","False","C:\Users\Ben Bolen\Zotero\storage\485UBU3Q\Wang et al. - A CPG-based sensory feedback control method for ro.pdf"
"groups/735051","84P4Q7EW","95Z5D4VK","","Mori","","Reinforcement Learning for a CPG-driven Biped Robot","False","C:\Users\Ben Bolen\Zotero\storage\95Z5D4VK\Mori et al. - Reinforcement Learning for a CPG-driven Biped Robo.pdf"
"groups/735051","SFHT4PSS","Z8TDSEWP","","Harris-Warrick","","SEROTONIN MODULATES THE CENTRAL PATTERN GENERATOR FOR LOCOMOTION IN THE ISOLATED LAMPREY SPINAL CORD","False","C:\Users\Ben Bolen\Zotero\storage\Z8TDSEWP\Harris-Warrick and Cohen - SEROTONIN MODULATES THE CENTRAL PATTERN GENERATOR .pdf"
"groups/735051","WJHR9EZU","ELVF4LNL","","Endo","","Learning CPG Sensory Feedback with Policy Gradient for Biped Locomotion for a Full-Body Humanoid","False","C:\Users\Ben Bolen\Zotero\storage\ELVF4LNL\Endo - Learning CPG Sensory Feedback with Policy Gradient.pdf"
"groups/735051","QZPAPALV","ZXS8A85A","","Conradt","","Distributed Central Pattern Generator Control for a Serpentine Robot","False","C:\Users\Ben Bolen\Zotero\storage\ZXS8A85A\Conradt and Varshavskaya - Distributed Central Pattern Generator Control for .pdf"
"groups/735051","F88CKBA8","IDQFXTMP","10.1016/j.robot.2018.10.002","Fukui","2019","Autonomous gait transition and galloping over unperceived obstacles of a quadruped robot with CPG modulated by vestibular feedback","False","C:\Users\Ben Bolen\Zotero\storage\IDQFXTMP\Fukui et al. - 2019 - Autonomous gait transition and galloping over unpe.pdf"
"groups/735051","E376F3ZS","RR7MPWSU","10.1177/1073858417699790","Minassian","2017","The Human Central Pattern Generator for Locomotion: Does It Exist and Contribute to Walking?","False","C:\Users\Ben Bolen\Zotero\storage\RR7MPWSU\Minassian et al. - 2017 - The Human Central Pattern Generator for Locomotion.pdf"
"groups/735051","UH47D5F3","CN2W285H","10.1016/j.neunet.2014.08.008","Ueda","2015","Multistate network model for the pathfinding problem with a self-recovery property","False","C:\Users\Ben Bolen\Zotero\storage\CN2W285H\Ueda et al. - 2015 - Multistate network model for the pathfinding probl.pdf"
"groups/735051","LPKJAKP5","X3WKXL27","10.1089/soro.2015.0012","Mirletz","2015","Goal-Directed CPG-Based Control for Tensegrity Spines with Many Degrees of Freedom Traversing Irregular Terrain","False","C:\Users\Ben Bolen\Zotero\storage\X3WKXL27\Mirletz et al. - 2015 - Goal-Directed CPG-Based Control for Tensegrity Spi.pdf"
"groups/735051","5E9WS74A","LTTW93K3","10.1007/s11432-014-5148-y","Chen","2014","An adaptive locomotion controller for a hexapod robot: CPG, kinematics and force feedback","False","C:\Users\Ben Bolen\Zotero\storage\LTTW93K3\Chen et al. - 2014 - An adaptive locomotion controller for a hexapod ro.pdf"
"groups/735051","FE53FDIS","KTYD5F39","10.1109/tnnls.2013.2280596","Yu","2014","A Survey on CPG-Inspired Control Models and System Implementation","False","C:\Users\Ben Bolen\Zotero\storage\KTYD5F39\Yu et al. - 2014 - A Survey on CPG-Inspired Control Models and System.pdf"
"groups/735051","R94M4NHE","UHM5JKK4","10.5772/59186","Wang","2014","CPG-based Sensory Feedback Control for Bio-inspired Multimodal Swimming","False","C:\Users\Ben Bolen\Zotero\storage\UHM5JKK4\Wang et al. - 2014 - CPG-based Sensory Feedback Control for Bio-inspire.pdf"
"groups/735051","WUTW7V92","SPATD6RD","10.3389/fnhum.2014.00371","Dzeladini","2014","The contribution of a central pattern generator in a reflex-based neuromuscular model","False","C:\Users\Ben Bolen\Zotero\storage\SPATD6RD\Dzeladini et al. - 2014 - The contribution of a central pattern generator in.pdf"
"groups/735051","VFBMSRFQ","XN6V68XR","10.3389/fneur.2012.00183","Guertin","2013","Central Pattern Generator for Locomotion: Anatomical, Physiological, and Pathophysiological Considerations","False","C:\Users\Ben Bolen\Zotero\storage\XN6V68XR\Guertin - 2013 - Central Pattern Generator for Locomotion Anatomic.pdf"
"groups/735051","NAW9TPDV","R6HGFTVU","10.1109/tsmc.2012.2235426","Liu","2013","Central Pattern Generator Inspired Control for Adaptive Walking of Biped Robots","False","C:\Users\Ben Bolen\Zotero\storage\R6HGFTVU\Chengju Liu et al. - 2013 - Central Pattern Generator Inspired Control for Ada.pdf"
"groups/735051","G6T7YF98","GZSNQK6W","10.1523/jneurosci.5072-10.2011","Norris","2011","Constancy and Variability in the Output of a Central Pattern Generator","False","C:\Users\Ben Bolen\Zotero\storage\GZSNQK6W\Norris et al. - 2011 - Constancy and Variability in the Output of a Centr.pdf"
"groups/735051","IM3H8JUZ","SKKII875","10.1080/02640414.2010.507252","Schneider","2010","Exercise, music, and the brain: Is there a central pattern generator?","False","C:\Users\Ben Bolen\Zotero\storage\SKKII875\Schneider et al. - 2010 - Exercise, music, and the brain Is there a central.pdf"
"groups/735051","G6KR8W8I","9LLWVC98","10.1177/1073858409346339","Brocard","2010","Do Pacemakers Drive the Central Pattern Generator for Locomotion in Mammals?","False","C:\Users\Ben Bolen\Zotero\storage\9LLWVC98\Brocard et al. - 2010 - Do Pacemakers Drive the Central Pattern Generator .pdf"
"groups/735051","ZWE4FJGE","2HPWUD3N","10.1109/ijcnn.2012.6252803","Maeda","2012","Central pattern generator and its learning via simultaneous perturbation method","False","C:\Users\Ben Bolen\Zotero\storage\2HPWUD3N\Maeda et al. - 2012 - Central pattern generator and its learning via sim.pdf"
"groups/735051","KATLKEZN","4GJM8VBQ","10.1016/j.conb.2011.05.011","Harris-Warrick","2011","Neuromodulation and flexibility in Central Pattern Generator networks","False","C:\Users\Ben Bolen\Zotero\storage\4GJM8VBQ\Harris-Warrick - 2011 - Neuromodulation and flexibility in Central Pattern.pdf"
"groups/735051","4KTH6LZ2","MARQCUE8","10.1111/j.1749-6632.2010.05435.x","Markin","2010","Afferent control of locomotor CPG: insights from a simple neuromechanical model: Afferent control of locomotor CPG","False","C:\Users\Ben Bolen\Zotero\storage\MARQCUE8\Markin et al. - 2010 - Afferent control of locomotor CPG insights from a.pdf"
"groups/735051","63MH8V4H","M6EUB49P","10.1016/b978-0-444-53613-6.00014-9","Harris-Warrick","2010","General Principles of Rhythmogenesis in Central Pattern Generator Networks","False","C:\Users\Ben Bolen\Zotero\storage\M6EUB49P\Harris-Warrick - 2010 - General Principles of Rhythmogenesis in Central Pa.pdf"
"groups/735051","IHUHEYGW","NLZTIIQR","10.1152/jn.90958.2008","Rubin","2009","Multiple Rhythmic States in a Model of the Respiratory Central Pattern Generator","False","C:\Users\Ben Bolen\Zotero\storage\NLZTIIQR\Rubin et al. - 2009 - Multiple Rhythmic States in a Model of the Respira.pdf"
"groups/735051","SKCQIVY7","3EJ694YP","10.1016/j.brainresrev.2009.08.002","Guertin","2009","The mammalian central pattern generator for locomotion","False","C:\Users\Ben Bolen\Zotero\storage\3EJ694YP\Guertin - 2009 - The mammalian central pattern generator for locomo.pdf"
"groups/735051","AT926EMG","JIKFDFL3","10.1109/tbcas.2008.2001867","Vogelstein","2008","A Silicon Central Pattern Generator Controls Locomotion in Vivo","False","C:\Users\Ben Bolen\Zotero\storage\JIKFDFL3\Vogelstein et al. - 2008 - A Silicon Central Pattern Generator Controls Locom.pdf"
"groups/735051","IJLCRF6C","ANPQGUH5","10.1523/jneurosci.1437-08.2008","Tazerart","2008","The Persistent Sodium Current Generates Pacemaker Activities in the Central Pattern Generator for Locomotion and Regulates the Locomotor Rhythm","False","C:\Users\Ben Bolen\Zotero\storage\ANPQGUH5\Tazerart et al. - 2008 - The Persistent Sodium Current Generates Pacemaker .pdf"
"groups/735051","9KTWY69V","ZZ2UEFSA","10.1523/jneurosci.5692-07.2008","Barriere","2008","Prominent Role of the Spinal Central Pattern Generator in the Recovery of Locomotion after Partial Spinal Cord Injuries","False","C:\Users\Ben Bolen\Zotero\storage\ZZ2UEFSA\Barriere et al. - 2008 - Prominent Role of the Spinal Central Pattern Gener.pdf"
"groups/735051","R26CYJXK","8T9MSVKE","10.1109/biorob.2006.1639162","Lachat","2006","BoxyBot: a swimming and crawling fish robot controlled by a central pattern generator","False","C:\Users\Ben Bolen\Zotero\storage\8T9MSVKE\Lachat et al. - 2006 - BoxyBot a swimming and crawling fish robot contro.pdf"
"groups/735051","XGWGX94S","CZ7ARYMT","10.1152/jn.90436.2008","White","2008","Altered Gravity Highlights Central Pattern Generator Mechanisms","False","C:\Users\Ben Bolen\Zotero\storage\CZ7ARYMT\White et al. - 2008 - Altered Gravity Highlights Central Pattern Generat.pdf"
"groups/735051","F3D2UMRX","ECXQ2YI7","10.1177/0278364907084980","Endo","2008","Learning CPG-based Biped Locomotion with a Policy Gradient Method: Application to a Humanoid Robot","False","C:\Users\Ben Bolen\Zotero\storage\ECXQ2YI7\Endo et al. - 2008 - Learning CPG-based Biped Locomotion with a Policy .pdf"
"groups/735051","9FT9K7A2","6CXDPYHM","10.1007/s10514-007-9071-6","Crespi","2008","Controlling swimming and crawling in a fish robot using a central pattern generator","False","C:\Users\Ben Bolen\Zotero\storage\6CXDPYHM\Crespi et al. - 2008 - Controlling swimming and crawling in a fish robot .pdf"
"groups/735051","H4658AGS","W2NWXGNB","10.1007/s00422-005-0047-3","Iwasaki","2006","Sensory Feedback Mechanism Underlying Entrainment of Central Pattern Generator to Mechanical Resonance","False","C:\Users\Ben Bolen\Zotero\storage\W2NWXGNB\Iwasaki and Zheng - 2006 - Sensory Feedback Mechanism Underlying Entrainment .pdf"
"groups/735051","L8VSXGEL","T3S445ZM","10.1242/jeb.01500","Thompson","2005","Central pattern generator for swimming in <i>Melibe</i>","False","C:\Users\Ben Bolen\Zotero\storage\T3S445ZM\Thompson and Watson - 2005 - Central pattern generator for swimming in Melib.pdf"
"groups/735051","7SVA83T6","9ZSQ6QA6","10.1152/jn.00216.2005","Lafreniere-Roula","2005","Deletions of Rhythmic Motoneuron Activity During Fictive Locomotion and Scratch Provide Clues to the Organization of the Mammalian Central Pattern Generator","False","C:\Users\Ben Bolen\Zotero\storage\9ZSQ6QA6\Lafreniere-Roula and McCrea - 2005 - Deletions of Rhythmic Motoneuron Activity During F.pdf"
"groups/735051","NAPM53MP","V29WH4UR","10.1038/416174a","Suster","2002","Embryonic assembly of a central pattern generator without sensory input","False","C:\Users\Ben Bolen\Zotero\storage\V29WH4UR\Suster and Bate - 2002 - Embryonic assembly of a central pattern generator .pdf"
"groups/735051","GLKDUT6D","W7AGRPFW","10.1523/jneurosci.22-22-09961.2002","Butt","2002","Firing Properties of Identified Interneuron Populations in the Mammalian Hindlimb Central Pattern Generator","False","C:\Users\Ben Bolen\Zotero\storage\W7AGRPFW\Butt et al. - 2002 - Firing Properties of Identified Interneuron Popula.pdf"
"groups/735051","4RFSZCB2","8XATVT5K","10.1523/jneurosci.21-14-05374.2001","Gao","2001","Whisker Deafferentation and Rodent Whisking Patterns: Behavioral Evidence for a Central Pattern Generator","False","C:\Users\Ben Bolen\Zotero\storage\8XATVT5K\Gao et al. - 2001 - Whisker Deafferentation and Rodent Whisking Patter.pdf"
"groups/735051","LKGT578Y","5BAMPVCJ","10.1016/s0361-9230(00)00399-3","Nishimaru","2000","Formation of the central pattern generator for locomotion in the rat and mouse","False","C:\Users\Ben Bolen\Zotero\storage\5BAMPVCJ\Nishimaru and Kudo - 2000 - Formation of the central pattern generator for loc.pdf"
"groups/735051","PGMQMK7X","EF5M2WSY","10.1007/s004220000211","Ijspeert","2001","A connectionist central pattern generator for the aquatic and terrestrial gaits of a simulated salamander","False","C:\Users\Ben Bolen\Zotero\storage\EF5M2WSY\Ijspeert - 2001 - A connectionist central pattern generator for the .pdf"
"groups/735051","XRRHZSTN","C6C33UUX","10.1152/jn.2000.83.5.2814","Lamb","2000","Could Different Directions of Infant Stepping Be Controlled by the Same Locomotor Central Pattern Generator?","False","C:\Users\Ben Bolen\Zotero\storage\C6C33UUX\Lamb and Yang - 2000 - Could Different Directions of Infant Stepping Be C.pdf"
"groups/735051","HXV28CJW","UN8SIN5P","10.1007/s005000000051","Arena","2000","The Central Pattern Generator: a paradigm for artificial locomotion","False","C:\Users\Ben Bolen\Zotero\storage\UN8SIN5P\Arena - 2000 - The Central Pattern Generator a paradigm for arti.pdf"
"groups/735051","87ZC4S6X","44BSWVL2","10.1162/106454699568773","Ijspeert","1999","Evolution and Development of a Central Pattern Generator for the Swimming of a Lamprey","False","C:\Users\Ben Bolen\Zotero\storage\44BSWVL2\Ijspeert and Kodjabachian - 1999 - Evolution and Development of a Central Pattern Gen.pdf"
"groups/735051","3U8T5ECT","AUZL89KS","10.1016/s0966-6362(98)00010-1","Van de Crommert","1998","Neural control of locomotion: sensory control of the central pattern generator and its relation to treadmill training","False","C:\Users\Ben Bolen\Zotero\storage\AUZL89KS\Van de Crommert et al. - 1998 - Neural control of locomotion sensory control of t.pdf"
"groups/735051","5ZIBY5KE","YTS2SPE3","10.1016/s0165-0173(98)00002-2","Grillner","1998","Intrinsic function of a neuronal network — a vertebrate central pattern generator","False","C:\Users\Ben Bolen\Zotero\storage\YTS2SPE3\Grillner et al. - 1998 - Intrinsic function of a neuronal network — a verte.pdf"
"groups/735051","3NG7KFZ9","MTJIPN7B","10.1126/science.2218532","Syed","1990","In vitro reconstruction of the respiratory central pattern generator of the mollusk Lymnaea","False","C:\Users\Ben Bolen\Zotero\storage\MTJIPN7B\Syed et al. - 1990 - In vitro reconstruction of the respiratory central.pdf"
"groups/735051","IW2B92JD","TYZ8UQMF","10.1016/s0966-6362(97)00042-8","Duysens","1998","Neural control of locomotion; Part 1: The central pattern generator from cats to humans","False","C:\Users\Ben Bolen\Zotero\storage\TYZ8UQMF\Duysens and Van de Crommert - 1998 - Neural control of locomotion; Part 1 The central .pdf"
"groups/735051","MT8NGSSQ","CUP726EF","10.1523/jneurosci.15-01-00342.1995","Harris-Warrick","1995","Dopamine modulation of transient potassium current evokes phase shifts in a central pattern generator network","False","C:\Users\Ben Bolen\Zotero\storage\CUP726EF\Harris-Warrick et al. - 1995 - Dopamine modulation of transient potassium current.pdf"
"groups/735051","HFA7FYH8","XMWPEEW8","10.1523/jneurosci.15-07-04943.1995","Cazalets","1995","Localization and organization of the central pattern generator for hindlimb locomotion in newborn rat","False","C:\Users\Ben Bolen\Zotero\storage\XMWPEEW8\Cazalets et al. - 1995 - Localization and organization of the central patte.pdf"
"groups/735051","VLGS85PS","WLIDUXH3","10.1016/0166-2236(92)90006-t","Cohen","1992","Modelling of intersegmental coordination in the lamprey central pattern generator for locomotion","False","C:\Users\Ben Bolen\Zotero\storage\WLIDUXH3\Cohen et al. - 1992 - Modelling of intersegmental coordination in the la.pdf"
"groups/735051","ER2I36HH","KYHSLINU","10.1007/bf00609460","Stevenson","1987","A reconsideration of the central pattern generator concept for locust flight","False","C:\Users\Ben Bolen\Zotero\storage\KYHSLINU\Stevenson and Kutsch - 1987 - A reconsideration of the central pattern generator.pdf"
"groups/735051","EHH9Z5HZ","XANPFTTT","10.1007/bf00337116","B�ssler","1986","On the definition of central pattern generator and its sensory control","False","C:\Users\Ben Bolen\Zotero\storage\XANPFTTT\B�ssler - 1986 - On the definition of central pattern generator and.pdf"
"groups/735051","57SYE99Y","5XLWDVLX","","Tedrake","","Applied Optimal Control for Dynamically Stable Legged Locomotion","False","C:\Users\Ben Bolen\Zotero\storage\5XLWDVLX\Tedrake - Applied Optimal Control for Dynamically Stable Leg.pdf"
"groups/735051","R2KP6JP8","I29LSNJA","","Ridderström","","Legged locomotion: Balance, control and tools — from equation to action","False","C:\Users\Ben Bolen\Zotero\storage\I29LSNJA\Ridderström - Legged locomotion Balance, control and tools — fr.pdf"
"groups/735051","X8SQMLEV","AWJD5VYY","10.1126/scirobotics.abb2174","Yang","2020","Multi-expert learning of adaptive legged locomotion","False","C:\Users\Ben Bolen\Zotero\storage\AWJD5VYY\Yang et al. - 2020 - Multi-expert learning of adaptive legged locomotio.pdf"
"groups/735051","NH9B5SKF","V6L8TWP3","","Rummel","","One-Legged Locomotion with a Compliant Passive Joint","False","C:\Users\Ben Bolen\Zotero\storage\V6L8TWP3\Rummel et al. - One-Legged Locomotion with a Compliant Passive Joi.pdf"
"groups/735051","YDQF8BCE","4SFPNXYH","10.1098/rsos.210223","George Thuruthel","2021","Learning to stop: a unifying principle for legged locomotion in varying environments","False","C:\Users\Ben Bolen\Zotero\storage\4SFPNXYH\George Thuruthel et al. - 2021 - Learning to stop a unifying principle for legged .pdf"
"groups/735051","VH5XP5ZS","GATX7QLS","10.1109/icra40945.2020.9197312","Villarreal","2020","MPC-based Controller with Terrain Insight for Dynamic Legged Locomotion","False","C:\Users\Ben Bolen\Zotero\storage\GATX7QLS\Villarreal et al. - 2020 - MPC-based Controller with Terrain Insight for Dyna.pdf"
"groups/735051","USTKX6EK","WM2ZK6YR","","Da","2020","Learning a Contact-Adaptive Controller for Robust, Efficient Legged Locomotion","False","C:\Users\Ben Bolen\Zotero\storage\WM2ZK6YR\Da et al. - 2020 - Learning a Contact-Adaptive Controller for Robust,.pdf"
"groups/735051","QGMXZ66Q","ERFI7D3M","10.1109/tmech.2020.3019686","AhmadSharbafi","2020","Parallel compliance design for increasing robustness and efficiency in legged locomotion - theoretical background and applications","False","C:\Users\Ben Bolen\Zotero\storage\ERFI7D3M\AhmadSharbafi et al. - 2020 - Parallel compliance design for increasing robustne.pdf"
"groups/735051","H2WE2L3R","A5URZHAI","10.1016/s1672-6529(16)60374-8","Hoffmann","2017","The Merits of Passive Compliant Joints in Legged Locomotion: Fast Learning, Superior Energy Efficiency and Versatile Sensing in a Quadruped Robot","False","C:\Users\Ben Bolen\Zotero\storage\A5URZHAI\Hoffmann and Simanek - 2017 - The Merits of Passive Compliant Joints in Legged L.pdf"
"groups/735051","P4YZ3HHC","2P4NQAX8","10.1115/1.4029664","Shen","2016","A Piecewise-Linear Approximation of the Canonical Spring-Loaded Inverted Pendulum Model of Legged Locomotion","False","C:\Users\Ben Bolen\Zotero\storage\2P4NQAX8\Shen and Seipel - 2016 - A Piecewise-Linear Approximation of the Canonical .pdf"
"groups/735051","IDBBQIBG","77DNX2KN","10.1109/icra.2016.7487538","Carpentier","2016","A versatile and efficient pattern generator for generalized legged locomotion","False","C:\Users\Ben Bolen\Zotero\storage\77DNX2KN\Carpentier et al. - 2016 - A versatile and efficient pattern generator for ge.pdf"
"groups/735051","U4KJ4GZW","IY7KSLLG","10.1109/tmech.2019.2917416","Sharbafi","2019","Parallel Compliance Design for Increasing Robustness and Efficiency in Legged Locomotion—Proof of Concept","False","C:\Users\Ben Bolen\Zotero\storage\IY7KSLLG\Sharbafi et al. - 2019 - Parallel Compliance Design for Increasing Robustne.pdf"
"groups/735051","ICC7Y3Y3","B94BYJMZ","10.1007/s11044-018-09645-1","Asano","2018","Stealth walking with reduced double-limb support phase and its extension to careful legged locomotion","False","C:\Users\Ben Bolen\Zotero\storage\B94BYJMZ\Asano - 2018 - Stealth walking with reduced double-limb support p.pdf"
"groups/735051","QC9DMVTL","VIJ9X72K","10.1007/s10514-016-9593-x","Razavi","2017","Symmetry in legged locomotion: a new method for designing stable periodic gaits","False","C:\Users\Ben Bolen\Zotero\storage\VIJ9X72K\Razavi et al. - 2017 - Symmetry in legged locomotion a new method for de.pdf"
"groups/735051","L2QHCR8N","L8CLHW3E","10.5772/62687","Or","2016","Analysis of Foot Slippage Effects on an Actuated Spring-Mass Model of Dynamic Legged Locomotion","False","C:\Users\Ben Bolen\Zotero\storage\L8CLHW3E\Or and Moravia - 2016 - Analysis of Foot Slippage Effects on an Actuated S.pdf"
"groups/735051","T3422LAW","8MEEWDTW","10.1109/ichr.2010.5686829","Chestnutty","2010","Safe adjustment regions for legged locomotion paths","False","C:\Users\Ben Bolen\Zotero\storage\8MEEWDTW\Chestnutty et al. - 2010 - Safe adjustment regions for legged locomotion path.pdf"
"groups/735051","WTMBMAEU","BDVYBRV5","10.1016/j.ins.2014.05.001","Ren","2015","Multiple chaotic central pattern generators with learning for legged locomotion and malfunction compensation","False","C:\Users\Ben Bolen\Zotero\storage\BDVYBRV5\Ren et al. - 2015 - Multiple chaotic central pattern generators with l.pdf"
"groups/735051","MU5CZAH2","JUTGNW4M","10.1109/iros.2014.6943257","Roennau","2014","Reactive posture behaviors for stable legged locomotion over steep inclines and large obstacles","False","C:\Users\Ben Bolen\Zotero\storage\JUTGNW4M\Roennau et al. - 2014 - Reactive posture behaviors for stable legged locom.pdf"
"groups/735051","KBX5YT4K","4DJ9PRL2","10.1109/icamechs.2014.6911592","Council","2014","Deadbeat control with (almost) no sensing in a hybrid model of legged locomotion","False","C:\Users\Ben Bolen\Zotero\storage\4DJ9PRL2\Council et al. - 2014 - Deadbeat control with (almost) no sensing in a hyb.pdf"
"groups/735051","CAIECEZ6","JM3PKWGQ","10.1088/1748-3182/7/4/046010","Shen","2012","A fundamental mechanism of legged locomotion with hip torque and leg damping","False","C:\Users\Ben Bolen\Zotero\storage\JM3PKWGQ\Shen and Seipel - 2012 - A fundamental mechanism of legged locomotion with .pdf"
"groups/735051","I2C2EVTM","FXA6AECM","10.1177/0278364912452762","Pratt","2012","Capturability-based analysis and control of legged locomotion, Part 2: Application to M2V2, a lower-body humanoid","False","C:\Users\Ben Bolen\Zotero\storage\FXA6AECM\Pratt et al. - 2012 - Capturability-based analysis and control of legged.pdf"
"groups/735051","9PKKQTRI","TLXSYSP2","10.1177/0278364912452673","Koolen","2012","Capturability-based analysis and control of legged locomotion, Part 1: Theory and application to three simple gait models","False","C:\Users\Ben Bolen\Zotero\storage\TLXSYSP2\Koolen et al. - 2012 - Capturability-based analysis and control of legged.pdf"
"groups/735051","LD3KFYPZ","FBV4JFKW","10.5772/7789","Asif","2012","On the Improvement of Multi-Legged Locomotion over Difficult Terrains Using a Balance Stabilization Method","False","C:\Users\Ben Bolen\Zotero\storage\FBV4JFKW\Asif and Iqbal - 2012 - On the Improvement of Multi-Legged Locomotion over.pdf"
"groups/735051","DWLQHE8K","AWL9LP77","10.3929/ethz-a-6665065","Remy","2011","Optimal exploitation of natural dynamics in legged locomotion","False","C:\Users\Ben Bolen\Zotero\storage\AWL9LP77\Remy - 2011 - Optimal exploitation of natural dynamics in legged.pdf"
"groups/735051","SYM9UPH7","ZLBQPCFL","10.1134/s1560354707050048","Seipel","2007","A simple model for clock-actuated legged locomotion","False","C:\Users\Ben Bolen\Zotero\storage\ZLBQPCFL\Seipel and Holmes - 2007 - A simple model for clock-actuated legged locomotio.pdf"
"groups/735051","W5VZ8BK4","RBBEW6WJ","10.1137/s0036144504445133","Holmes","2006","The Dynamics of Legged Locomotion: Models, Analyses, and Challenges","False","C:\Users\Ben Bolen\Zotero\storage\RBBEW6WJ\Holmes et al. - 2006 - The Dynamics of Legged Locomotion Models, Analyse.pdf"
"groups/735051","7KH62IFS","A53GA5PB","10.1177/0278364904047389","Altendorfer","2004","Stability Analysis of Legged Locomotion Models by Symmetry-Factored Return Maps","False","C:\Users\Ben Bolen\Zotero\storage\A53GA5PB\Altendorfer et al. - 2004 - Stability Analysis of Legged Locomotion Models by .pdf"
"groups/735051","TP6TGPNG","RBM4RWXY","10.1109/robot.2003.1241570","Altendorfer","2003","Towards a factored analysis of legged locomotion models","False","C:\Users\Ben Bolen\Zotero\storage\RBM4RWXY\Altendorfer et al. - 2003 - Towards a factored analysis of legged locomotion m.pdf"
"groups/735051","W4I43VNA","8UHIST92","10.1115/dscc2008-2402","Sastra","2008","A Biologically-Inspired Dynamic Legged Locomotion With a Modular Reconfigurable Robot","False","C:\Users\Ben Bolen\Zotero\storage\8UHIST92\Sastra et al. - 2008 - A Biologically-Inspired Dynamic Legged Locomotion .pdf"
"groups/735051","A9382Z26","YRZZ4MSA","10.1109/iros.2007.4399195","Iida","2007","Motor control optimization of compliant one-legged locomotion in rough terrain","False","C:\Users\Ben Bolen\Zotero\storage\YRZZ4MSA\Iida and Tedrake - 2007 - Motor control optimization of compliant one-legged.pdf"
"groups/735051","LLKI5SST","7MB942KY","10.1109/iros.2006.281802","Buchli","2006","Finding Resonance: Adaptive Frequency Oscillators for Dynamic Legged Locomotion","False","C:\Users\Ben Bolen\Zotero\storage\7MB942KY\Buchli et al. - 2006 - Finding Resonance Adaptive Frequency Oscillators .pdf"
"groups/735051","FC4AZDFJ","3ZEBZKSM","10.1109/memb.2003.1195695","Patla","2003","Strategies for dynamic stability during adaptive human locomotion","False","C:\Users\Ben Bolen\Zotero\storage\3ZEBZKSM\Patla - 2003 - Strategies for dynamic stability during adaptive h.pdf"
"groups/735051","4U2EL8GI","BHZSERT5","10.1007/s00422-001-0300-3","Schmitt","2002","Dynamics and stability of legged locomotion in the horizontal plane: a test case using insects","False","C:\Users\Ben Bolen\Zotero\storage\BHZSERT5\Schmitt et al. - 2002 - Dynamics and stability of legged locomotion in the.pdf"
"groups/735051","RZVAF53P","Y48SRICP","10.1093/icb/42.1.149","Full","2002","Quantifying Dynamic Stability and Maneuverability in Legged Locomotion","False","C:\Users\Ben Bolen\Zotero\storage\Y48SRICP\Full - 2002 - Quantifying Dynamic Stability and Maneuverability .pdf"
"groups/735051","2XVXZJ7S","CG7FV5GY","10.1007/s004220000181","Schmitt","2000","Mechanical models for insect locomotion: dynamics and stability in the horizontal plane I. Theory","False","C:\Users\Ben Bolen\Zotero\storage\CG7FV5GY\Schmitt and Holmes - 2000 - Mechanical models for insect locomotion dynamics .pdf"
"groups/735051","YBE2WTFU","7YKMGNV4","10.1007/s004220000180","Schmitt","2000","Mechanical models for insect locomotion: dynamics and stability in the horizontal plane - II. Application","False","C:\Users\Ben Bolen\Zotero\storage\7YKMGNV4\Schmitt and Holmes - 2000 - Mechanical models for insect locomotion dynamics .pdf"
"groups/735051","XM4CT8ZX","Y6L6UFEX","10.1007/s004220050468","Ekeberg","1998","A neuro-mechanical model of legged locomotion: single leg control","False","C:\Users\Ben Bolen\Zotero\storage\Y6L6UFEX\Ekeberg and Wadden - 1998 - A neuro-mechanical model of legged locomotion sin.pdf"
"groups/735051","6L73NFDX","K5RXGZWE","10.1109/cdc.1990.203973","Li","1990","An energy perturbation approach to limit cycle analysis in legged locomotion systems","False","C:\Users\Ben Bolen\Zotero\storage\K5RXGZWE\Li and He - 1990 - An energy perturbation approach to limit cycle ana.pdf"
"groups/735051","GMNWLF3B","L2FS76M2","10.1109/jra.1985.1087012","Messuri","1985","Automatic body regulation for maintaining stability of a legged vehicle during rough-terrain locomotion","False","C:\Users\Ben Bolen\Zotero\storage\L2FS76M2\Messuri and Klein - 1985 - Automatic body regulation for maintaining stabilit.pdf"
"groups/735051","AA35QZQC","QD6CBU8H","10.1146/annurev-control-053018-023825","Recht","2019","A Tour of Reinforcement Learning: The View from Continuous Control","True","C:\Users\Ben Bolen\Zotero\storage\QD6CBU8H\Recht - 2019 - A Tour of Reinforcement Learning The View from Co.pdf"
"groups/735051","D3QQYDEC","W4HXBNBF","","Bellemare","","A Distributional Perspective on Reinforcement Learning","True","C:\Users\Ben Bolen\Zotero\storage\W4HXBNBF\Bellemare et al. - A Distributional Perspective on Reinforcement Lear.pdf"
"groups/735051","8J7CHBXN","SXEI42SC","","Duan","","Benchmarking Deep Reinforcement Learning for Continuous Control","True","C:\Users\Ben Bolen\Zotero\storage\SXEI42SC\Duan et al. - Benchmarking Deep Reinforcement Learning for Conti.pdf"
"groups/735051","6MGP4L4C","LP96NG2K","","Chandak","","Learning Action Representations for Reinforcement Learning","True","C:\Users\Ben Bolen\Zotero\storage\LP96NG2K\Chandak et al. - Learning Action Representations for Reinforcement .pdf"
"groups/735051","8Q799PMB","HXGCFJSL","","Lillicrap","2019","Continuous control with deep reinforcement learning","True","C:\Users\Ben Bolen\Zotero\storage\HXGCFJSL\Lillicrap et al. - 2019 - Continuous control with deep reinforcement learnin.pdf"
"groups/735051","WTL8ZV7M","HSIJBAEY","","Mnih","","Asynchronous Methods for Deep Reinforcement Learning","True","C:\Users\Ben Bolen\Zotero\storage\HSIJBAEY\Mnih et al. - Asynchronous Methods for Deep Reinforcement Learni.pdf"
"groups/735051","XAE86YWZ","HAE346VY","10.1145/3005745.3005750","Mao","2016","Resource Management with Deep Reinforcement Learning","True","C:\Users\Ben Bolen\Zotero\storage\HAE346VY\Mao et al. - 2016 - Resource Management with Deep Reinforcement Learni.pdf"
"groups/735051","JVEFVSDQ","DAX29M4G","10.1038/nature14236","Mnih","2015","Human-level control through deep reinforcement learning","True","C:\Users\Ben Bolen\Zotero\storage\DAX29M4G\Mnih et al. - 2015 - Human-level control through deep reinforcement lea.pdf"
"groups/735051","PEEN274S","7QK2TYCQ","10.1016/j.conb.2008.08.003","Dayan","2008","Reinforcement learning: The Good, The Bad and The Ugly","True","C:\Users\Ben Bolen\Zotero\storage\7QK2TYCQ\Dayan and Niv - 2008 - Reinforcement learning The Good, The Bad and The .pdf"
"groups/735051","C48WIAU9","2G8LV2W9","","Cobbe","","Quantifying Generalization in Reinforcement Learning","True","C:\Users\Ben Bolen\Zotero\storage\2G8LV2W9\Cobbe et al. - Quantifying Generalization in Reinforcement Learni.pdf"
"groups/735051","9B92JJX4","WXRTC4PU","","Shit","2019","Implicit Neural Solver for Time-dependent Linear PDEs with Convergence Guarantee","True","C:\Users\Ben Bolen\Zotero\storage\WXRTC4PU\Shit et al. - 2019 - Implicit Neural Solver for Time-dependent Linear P.pdf"
"groups/735051","IZA7YNCA","WMV92M35","10.4208/cicp.oa-2020-0193","Shin","2020","On the convergence of physics informed neural networks for linear second-order elliptic and parabolic type PDEs","True","C:\Users\Ben Bolen\Zotero\storage\WMV92M35\Shin et al. - 2020 - On the convergence of physics informed neural netw.pdf"
"groups/735051","RGLAUKF3","UILZC2QB","10.1016/j.jcp.2019.109136","Jagtap","2020","Adaptive activation functions accelerate convergence in deep and physics-informed neural networks","True","C:\Users\Ben Bolen\Zotero\storage\UILZC2QB\Jagtap et al. - 2020 - Adaptive activation functions accelerate convergen.pdf"
"groups/735051","DHJMXIV2","TXTSW6CA","10.1016/j.cma.2020.113250","Meng","2020","PPINN: Parareal physics-informed neural network for time-dependent PDEs","True","C:\Users\Ben Bolen\Zotero\storage\TXTSW6CA\Meng et al. - 2020 - PPINN Parareal physics-informed neural network fo.pdf"
"groups/735051","MRKRGRMP","TRCL662W","","Greenfeld","2019","Learning to Optimize Multigrid PDE Solvers","True","C:\Users\Ben Bolen\Zotero\storage\TRCL662W\Greenfeld et al. - Learning to Optimize Multigrid PDE Solvers.pdf"
"groups/735051","72AX3R88","STI6G6GI","10.1016/j.jcp.2021.110414","Pakravan","2021","Solving inverse-PDE problems with physics-aware neural networks","True","C:\Users\Ben Bolen\Zotero\storage\STI6G6GI\Pakravan et al. - 2021 - Solving inverse-PDE problems with physics-aware ne.pdf"
"groups/735051","5HGVFS2G","RENR9Y6B","10.4208/cicp.oa-2020-0164","Karniadakis","2020","Extended Physics-Informed Neural Networks (XPINNs): A Generalized Space-Time Domain Decomposition Based Deep Learning Framework for Nonlinear Partial Differential Equations","True","C:\Users\Ben Bolen\Zotero\storage\RENR9Y6B\Karniadakis - 2020 - Extended Physics-Informed Neural Networks (XPINNs).pdf"
"groups/735051","WZLHLKFH","S2WNN9FZ","10.1016/j.jcp.2020.109550","Dal Santo","2020","Data driven approximation of parametrized PDEs by reduced basis and neural networks","True","C:\Users\Ben Bolen\Zotero\storage\S2WNN9FZ\Dal Santo et al. - 2020 - Data driven approximation of parametrized PDEs by .pdf"
"groups/735051","YUI7FG9N","N9AXUIPJ","10.1016/j.jcp.2020.109913","Yang","2021","B-PINNs: Bayesian physics-informed neural networks for forward and inverse PDE problems with noisy data","True","C:\Users\Ben Bolen\Zotero\storage\N9AXUIPJ\Yang et al. - 2021 - B-PINNs Bayesian physics-informed neural networks.pdf"
"groups/735051","PXRBX6MP","PT8T6MXW","10.1137/18m1229845","Pang","2019","fPINNs: Fractional Physics-Informed Neural Networks","True","C:\Users\Ben Bolen\Zotero\storage\PT8T6MXW\Pang et al. - 2019 - fPINNs Fractional Physics-Informed Neural Network.pdf"
"groups/735051","DIRRR5RI","M8G9RYQX","10.1016/j.jcp.2019.05.026","Winovich","2019","ConvPDE-UQ: Convolutional neural networks with quantified uncertainty for heterogeneous elliptic partial differential equations on varied domains","True","C:\Users\Ben Bolen\Zotero\storage\M8G9RYQX\Winovich et al. - 2019 - ConvPDE-UQ Convolutional neural networks with qua.pdf"
"groups/735051","RR94NT7Q","IV4XQYHM","10.1016/j.cma.2020.113028","Jagtap","2020","Conservative physics-informed neural networks on discrete domains for conservation laws: Applications to forward and inverse problems","True","C:\Users\Ben Bolen\Zotero\storage\IV4XQYHM\Jagtap et al. - 2020 - Conservative physics-informed neural networks on d.pdf"
"groups/735051","AEUW2TVQ","IBDWZDB2","10.1016/j.jcp.2019.07.048","Zhang","2019","Quantifying total uncertainty in physics-informed neural networks for solving forward and inverse stochastic problems","True","C:\Users\Ben Bolen\Zotero\storage\IBDWZDB2\Zhang et al. - 2019 - Quantifying total uncertainty in physics-informed .pdf"
"groups/735051","KI2VU3HQ","F97QP56M","","Wang","2020","Understanding and mitigating gradient pathologies in physics-informed neural networks","True","C:\Users\Ben Bolen\Zotero\storage\F97QP56M\Wang et al. - 2020 - Understanding and mitigating gradient pathologies .pdf"
"groups/735051","QLAW6HRW","FS4U3J5L","10.5194/gmd-13-3373-2020","Pannekoucke","2020","PDE-NetGen 1.0: from symbolic partial differential equation (PDE) representations of physical processes to trainable neural network representations","True","C:\Users\Ben Bolen\Zotero\storage\FS4U3J5L\Pannekoucke and Fablet - 2020 - PDE-NetGen 1.0 from symbolic partial differential.pdf"
"groups/735051","IFRZL7IT","EXJ7GX3S","","Xu","2021","Trust Region Method for Coupled Systems of PDE Solvers and Deep Neural Networks","True","C:\Users\Ben Bolen\Zotero\storage\EXJ7GX3S\Xu and Darve - 2021 - Trust Region Method for Coupled Systems of PDE Sol.pdf"
"groups/735051","JGQCTYTL","EVN9359E","","Hsieh","2019","Learning Neural PDE Solvers with Convergence Guarantees","True","C:\Users\Ben Bolen\Zotero\storage\EVN9359E\Hsieh et al. - 2019 - Learning Neural PDE Solvers with Convergence Guara.pdf"
"groups/735051","TZWZK9EF","EPDFB8V9","","Kharazmi","2019","Variational Physics-Informed Neural Networks For Solving Partial Differential Equations","True","C:\Users\Ben Bolen\Zotero\storage\EPDFB8V9\Kharazmi et al. - 2019 - Variational Physics-Informed Neural Networks For S.pdf"
"groups/735051","5G4ICMBF","DDRG5T3W","","Mishra","2021","Estimates on the generalization error of Physics Informed Neural Networks (PINNs) for approximating PDEs","True","C:\Users\Ben Bolen\Zotero\storage\DDRG5T3W\Mishra and Molinaro - 2021 - Estimates on the generalization error of Physics I.pdf"
"groups/735051","I3W4SF7B","8QD5YBEA","","Belbute-Peres","2020","Combining Differentiable PDE Solvers and Graph Neural Networks for Fluid Flow Prediction","True","C:\Users\Ben Bolen\Zotero\storage\8QD5YBEA\Belbute-Peres et al. - 2020 - Combining Differentiable PDE Solvers and Graph Neu.pdf"
"groups/735051","XN4UF8EQ","89J5MHXI","10.1007/s10483-019-2429-8","Liu","2019","Neural network as a function approximator and its application in solving differential equations","True","C:\Users\Ben Bolen\Zotero\storage\89J5MHXI\Liu et al. - 2019 - Neural network as a function approximator and its .pdf"
"groups/735051","SF22L356","7V296WST","","McClenny","2020","Self-Adaptive Physics-Informed Neural Networks using a Soft Attention Mechanism","True","C:\Users\Ben Bolen\Zotero\storage\7V296WST\McClenny and Braga-Neto - 2020 - Self-Adaptive Physics-Informed Neural Networks usi.pdf"
"groups/735051","WF3SHMSG","85C6JLL3","","Alt","2021","Translating Numerical Concepts for PDEs into Neural Architectures","True","C:\Users\Ben Bolen\Zotero\storage\85C6JLL3\Alt et al. - 2021 - Translating Numerical Concepts for PDEs into Neura.pdf"
"groups/735051","QBR3GVU3","7K7VWN6B","10.1098/rspa.2020.0334","Jagtap","2020","Locally adaptive activation functions with slope recovery for deep and physics-informed neural networks","True","C:\Users\Ben Bolen\Zotero\storage\7K7VWN6B\Jagtap et al. - 2020 - Locally adaptive activation functions with slope r.pdf"
"groups/735051","RN98GFMR","7IYKL6QP","","Li","2021","Fourier Neural Operator for Parametric Partial Differential Equations","True","C:\Users\Ben Bolen\Zotero\storage\7IYKL6QP\Li et al. - 2021 - Fourier Neural Operator for Parametric Partial Dif.pdf"
"groups/735051","V7XSI9GT","5S2G2B5Y","10.1016/j.cma.2020.113547","Kharazmi","2021","hp-VPINNs: Variational physics-informed neural networks with domain decomposition","True","C:\Users\Ben Bolen\Zotero\storage\5S2G2B5Y\Kharazmi et al. - 2021 - hp-VPINNs Variational physics-informed neural net.pdf"
"groups/735051","YN844I9J","6Z384D6H","10.1016/j.jcp.2019.05.027","Yang","2019","Adversarial uncertainty quantification in physics-informed neural networks","True","C:\Users\Ben Bolen\Zotero\storage\6Z384D6H\Yang and Perdikaris - 2019 - Adversarial uncertainty quantification in physics-.pdf"
"groups/735051","KCSC82YR","5DTH7LA6","","Khodayi-Mehr","2019","VarNet: Variational Neural Networks for the Solution of Partial Differential Equations","True","C:\Users\Ben Bolen\Zotero\storage\5DTH7LA6\Khodayi-Mehr and Zavlanos - 2019 - VarNet Variational Neural Networks for the Soluti.pdf"
"groups/735051","KNIFBWJP","47JICTV9","10.1115/1.4050542","Cai","2021","Physics-Informed Neural Networks for Heat Transfer Problems","True","C:\Users\Ben Bolen\Zotero\storage\47JICTV9\Cai et al. - 2021 - Physics-Informed Neural Networks for Heat Transfer.pdf"
"groups/735051","IGYT6CAL","46JD7MF8","","Smets","2021","PDE-based Group Equivariant Convolutional Neural Networks","True","C:\Users\Ben Bolen\Zotero\storage\46JD7MF8\Smets et al. - 2021 - PDE-based Group Equivariant Convolutional Neural N.pdf"
"groups/735051","7BLTG6P8","Q4V6PG3S","10.1016/0893-6080(89)90020-8","Hornik","1989","Multilayer feedforward networks are universal approximators","True","C:\Users\Ben Bolen\Zotero\storage\Q4V6PG3S\Hornik et al. - 1989 - Multilayer feedforward networks are universal appr.pdf"
"groups/735051","359QZ848","KGLTK9XH","10.1017/s0263574719001632","Azimirad","2020","Experimental Study of Reinforcement Learning in Mobile Robots Through Spiking Architecture of Thalamo-Cortico-Thalamic Circuitry of Mammalian Brain","True","C:\Users\Ben Bolen\Zotero\storage\KGLTK9XH\Azimirad and Fattahi Sani - 2020 - Experimental Study of Reinforcement Learning in Mo.pdf"
"groups/735051","NY3TPU9S","S6FCNDU3","","Bartlett","2019","Hebbian Synaptic Modifications in Spiking Neurons that Learn","True","C:\Users\Ben Bolen\Zotero\storage\S6FCNDU3\Bartlett and Baxter - 2019 - Hebbian Synaptic Modifications in Spiking Neurons .pdf"
"groups/735051","DQK3PCUQ","J7HZUFUB","","Aenugu","2020","Training spiking neural networks using reinforcement learning","True","C:\Users\Ben Bolen\Zotero\storage\J7HZUFUB\Aenugu - 2020 - Training spiking neural networks using reinforceme.pdf"
"groups/735051","HSDMYPJC","GS94RKRA","","Aenugu","2019","Reinforcement learning with a network of spiking agents","True","C:\Users\Ben Bolen\Zotero\storage\GS94RKRA\Aenugu et al. - 2019 - Reinforcement learning with a network of spiking a.pdf"
"groups/735051","GAPPSF7A","BN689ZFL","10.1162/neco_a_01238","Yuan","2019","Reinforcement Learning in Spiking Neural Networks with Stochastic and Deterministic Synapses","True","C:\Users\Ben Bolen\Zotero\storage\BN689ZFL\Yuan et al. - 2019 - Reinforcement Learning in Spiking Neural Networks .pdf"
"groups/735051","32RFT3YR","CFQCFVHJ","10.3389/fnins.2019.00883","Ponghiran","2019","Reinforcement Learning With Low-Complexity Liquid State Machines","True","C:\Users\Ben Bolen\Zotero\storage\CFQCFVHJ\Ponghiran et al. - 2019 - Reinforcement Learning With Low-Complexity Liquid .pdf"
"groups/735051","XMEHIVIJ","835V6X5U","10.1016/j.neunet.2019.08.009","Patel","2019","Improved robustness of reinforcement learning policies upon conversion to spiking neuronal network platforms applied to Atari Breakout game","True","C:\Users\Ben Bolen\Zotero\storage\835V6X5U\Patel et al. - 2019 - Improved robustness of reinforcement learning poli.pdf"
"groups/735051","ZJU3MLAV","2U8Q9SUQ","10.1016/j.procs.2018.11.107","Sboev","2018","Spiking neural network reinforcement learning method based on temporal coding and STDP","True","C:\Users\Ben Bolen\Zotero\storage\2U8Q9SUQ\Sboev et al. - 2018 - Spiking neural network reinforcement learning meth.pdf"
"groups/735051","QS399VSS","6JV7NY3D","10.3389/fncom.2021.543872","Weidel","2021","Unsupervised Learning and Clustered Connectivity Enhance Reinforcement Learning in Spiking Neural Networks","True","C:\Users\Ben Bolen\Zotero\storage\6JV7NY3D\Weidel et al. - 2021 - Unsupervised Learning and Clustered Connectivity E.pdf"
"groups/735051","SM3FMZUX","Z7MB386T","10.1142/s0129065720500276","Kheradpisheh","2020","S4NN: temporal backpropagation for spiking neural networks with one spike per neuron","True","C:\Users\Ben Bolen\Zotero\storage\Z7MB386T\Kheradpisheh and Masquelier - 2020 - S4NN temporal backpropagation for spiking neural .pdf"
"groups/735051","TF57Z8T4","YG3E6UIF","10.3389/fnins.2016.00508","Lee","2016","Training Deep Spiking Neural Networks Using Backpropagation","True","C:\Users\Ben Bolen\Zotero\storage\YG3E6UIF\Lee et al. - 2016 - Training Deep Spiking Neural Networks Using Backpr.pdf"
"groups/735051","SPJ6RT9J","WQ2CBH5P","10.1162/neco_a_01086","Zenke","2018","SuperSpike: Supervised Learning in Multilayer Spiking Neural Networks","True","C:\Users\Ben Bolen\Zotero\storage\WQ2CBH5P\Zenke and Ganguli - 2018 - SuperSpike Supervised Learning in Multilayer Spik.pdf"
"groups/735051","5FDZT57R","RDRA5DBU","10.1162/neco.2009.11-08-901","Ponulak","2010","Supervised Learning in Spiking Neural Networks with ReSuMe: Sequence Learning, Classification, and Spike Shifting","True","C:\Users\Ben Bolen\Zotero\storage\RDRA5DBU\Ponulak and Kasiński - 2010 - Supervised Learning in Spiking Neural Networks wit.pdf"
"groups/735051","4AL2Z28Z","H5FEHG7H","","Faugeras","","Solving Partial Diﬀerential Equations and variational problems with networks of spiking neurons","True","C:\Users\Ben Bolen\Zotero\storage\H5FEHG7H\Faugeras - Solving Partial Diﬀerential Equations and variatio.pdf"
"groups/735051","DDD53BT2","B5FKTNNJ","10.1609/aaai.v33i01.33011311","Wu","2019","Direct Training for Spiking Neural Networks: Faster, Larger, Better","True","C:\Users\Ben Bolen\Zotero\storage\B5FKTNNJ\Wu et al. - 2019 - Direct Training for Spiking Neural Networks Faste.pdf"
"groups/735051","BJNMMRAC","8J9T3PA6","10.1109/tnnls.2020.3044364","Cramer","2020","The Heidelberg Spiking Data Sets for the Systematic Evaluation of Spiking Neural Networks","True","C:\Users\Ben Bolen\Zotero\storage\8J9T3PA6\Cramer et al. - 2020 - The Heidelberg Spiking Data Sets for the Systemati.pdf"
"groups/735051","M6YDS9IJ","426S8WUS","10.3389/fnins.2019.00095","Sengupta","2019","Going Deeper in Spiking Neural Networks: VGG and Residual Architectures","True","C:\Users\Ben Bolen\Zotero\storage\426S8WUS\Sengupta et al. - 2019 - Going Deeper in Spiking Neural Networks VGG and R.pdf"
"groups/735051","AD5FLG3L","JVXD39BH","10.1109/mm.2018.112130359","Davies","2018","Loihi: A Neuromorphic Manycore Processor with On-Chip Learning","True","C:\Users\Ben Bolen\Zotero\storage\JVXD39BH\Davies et al. - 2018 - Loihi A Neuromorphic Manycore Processor with On-C.pdf"
"groups/735051","V7LIECKI","ZJAVPMIR","10.1007/s11071-016-2647-y","Hu","2016","An electronic implementation for Morris–Lecar neuron model","False","C:\Users\Ben Bolen\Zotero\storage\ZJAVPMIR\Hu et al. - 2016 - An electronic implementation for Morris–Lecar neur.pdf"
"groups/735051","8FS7YFVM","LX6N3ZKH","","Rinzel","","Transient Response in a Dendritic Neuron Model for Current Injected at One Branch","False","C:\Users\Ben Bolen\Zotero\storage\LX6N3ZKH\Rinzel and Rall - Transient Response in a Dendritic Neuron Model for.pdf"
"groups/735051","JSVAKAMF","C58LDNT8","","Oja","","Simplified neuron model as a principal component analyzer","False","C:\Users\Ben Bolen\Zotero\storage\C58LDNT8\Oja - Simplified neuron model as a principal component a.pdf"
"groups/735051","VG37PI9F","MJ2EDAYF","10.1109/tnnls.2018.2846646","Gao","2019","Dendritic Neuron Model With Effective Learning Algorithms for Classification, Approximation, and Prediction","False","C:\Users\Ben Bolen\Zotero\storage\MJ2EDAYF\Gao et al. - 2019 - Dendritic Neuron Model With Effective Learning Alg.pdf"
"groups/735051","KU6IMVY2","QQUKG4VW","10.1016/j.neucom.2016.05.004","Lv","2016","Multiple modes of electrical activities in a new neuron model under electromagnetic radiation","False","C:\Users\Ben Bolen\Zotero\storage\QQUKG4VW\Lv and Ma - 2016 - Multiple modes of electrical activities in a new n.pdf"
"groups/735051","WI4RWMFY","W7DFJ37Z","10.1371/journal.pone.0138919","Nobukawa","2015","Analysis of Chaotic Resonance in Izhikevich Neuron Model","False","C:\Users\Ben Bolen\Zotero\storage\W7DFJ37Z\Nobukawa et al. - 2015 - Analysis of Chaotic Resonance in Izhikevich Neuron.pdf"
"groups/735051","PENK87C4","G2G7D24S","10.1109/tcsi.2013.2286030","Gomar","2014","Digital Multiplierless Implementation of Biological Adaptive-Exponential Neuron Model","False","C:\Users\Ben Bolen\Zotero\storage\G2G7D24S\Gomar and Ahmadi - 2014 - Digital Multiplierless Implementation of Biologica.pdf"
"groups/735051","KB6PK6WV","MP7E35CJ","10.1007/s00422-006-0082-8","Burkitt","2006","A review of the integrate-and-fire neuron model: II. Inhomogeneous synaptic input and network properties","False","C:\Users\Ben Bolen\Zotero\storage\MP7E35CJ\Burkitt - 2006 - A review of the integrate-and-fire neuron model I.pdf"
"groups/735051","MA8CHI2A","I2TGG7UT","10.1016/j.eswa.2008.01.061","Zhao","2009","PSO-based single multiplicative neuron model for time series prediction","False","C:\Users\Ben Bolen\Zotero\storage\I2TGG7UT\Zhao and Yang - 2009 - PSO-based single multiplicative neuron model for t.pdf"
"groups/735051","QCNPI9ZB","FLA8Z2V2","10.3389/neuro.10.009.2009","Kobayashi","2009","Made-to-order spiking neuron model equipped with a multi-timescale adaptive threshold","False","C:\Users\Ben Bolen\Zotero\storage\FLA8Z2V2\Kobayashi - 2009 - Made-to-order spiking neuron model equipped with a.pdf"
"groups/735051","KCU258VQ","L8GKCN36","10.1007/s00422-008-0257-6","Van Geit","2008","Automated neuron model optimization techniques: a review","False","C:\Users\Ben Bolen\Zotero\storage\L8GKCN36\Van Geit et al. - 2008 - Automated neuron model optimization techniques a .pdf"
"groups/735051","TEFEE24P","MI582KAN","10.1016/j.asoc.2006.01.003","Yadav","2007","Time series prediction with single multiplicative neuron model","False","C:\Users\Ben Bolen\Zotero\storage\MI582KAN\Yadav et al. - 2007 - Time series prediction with single multiplicative .pdf"
"groups/735051","N9NMPVXW","9PDK6PPS","10.1152/jn.00412.2001","Golowasch","2002","Failure of Averaging in the Construction of a Conductance-Based Neuron Model","False","C:\Users\Ben Bolen\Zotero\storage\9PDK6PPS\Golowasch et al. - 2002 - Failure of Averaging in the Construction of a Cond.pdf"
"groups/735051","WGFZ5B6I","B4NP5LFQ","10.1007/bf00337367","Zetterberg","1978","Performance of a model for a local neuron population","False","C:\Users\Ben Bolen\Zotero\storage\B4NP5LFQ\Zetterberg et al. - 1978 - Performance of a model for a local neuron populati.pdf"
"groups/735051","HQTI5YDQ","F6KTBC3F","10.1007/bf00290514","Nagumo","1972","On a response characteristic of a mathematical neuron model","False","C:\Users\Ben Bolen\Zotero\storage\F6KTBC3F\Nagumo and Sato - 1972 - On a response characteristic of a mathematical neu.pdf"
"groups/735051","56ETQ24Y","JQPGLIMI","","Richards","2018","The Lyapunov Neural Network: Adaptive Stability Certiﬁcation for Safe Learning of Dynamical Systems","True","C:\Users\Ben Bolen\Zotero\storage\JQPGLIMI\Richards et al. - The Lyapunov Neural Network Adaptive Stability Ce.pdf"
"groups/735051","XA5QWTCF","EBI8T2K6","10.1109/tnn.2010.2047115","Ren","2010","Adaptive Neural Control for Output Feedback Nonlinear Systems Using a Barrier Lyapunov Function","True","C:\Users\Ben Bolen\Zotero\storage\EBI8T2K6\Beibei Ren et al. - 2010 - Adaptive Neural Control for Output Feedback Nonlin.pdf"
"groups/735051","PJT6GPBK","2JEMDPFT","","Mittal","2021","Neural Lyapunov Model Predictive Control: Learning Safe Global Controllers from Sub-optimal Examples","True","C:\Users\Ben Bolen\Zotero\storage\2JEMDPFT\Mittal et al. - 2021 - Neural Lyapunov Model Predictive Control Learning.pdf"
"groups/735051","99A6RCPE","TR9L76R9","10.1109/tac.1963.1105553","Margolis","1963","Control engineering applications of V. I. Zubov's construction procedure for Lyapunov functions","True","C:\Users\Ben Bolen\Zotero\storage\TR9L76R9\Margolis and Vogt - 1963 - Control engineering applications of V. I. Zubov's .pdf"
"groups/735051","NGQG584B","ZGAQWAN9","10.1016/j.automatica.2013.02.003","Aswani","2013","Provably safe and robust learning-based model predictive control","True","C:\Users\Ben Bolen\Zotero\storage\ZGAQWAN9\Aswani et al. - 2013 - Provably safe and robust learning-based model pred.pdf"
"groups/735051","6AGIMWYU","YH2275WG","10.23919/acc.2018.8430770","Li","2018","Safe Reinforcement Learning: Learning with Supervision Using a Constraint-Admissible Set","True","C:\Users\Ben Bolen\Zotero\storage\YH2275WG\Li et al. - 2018 - Safe Reinforcement Learning Learning with Supervi.pdf"
"groups/735051","JZXR65RH","T8T8VZK5","10.1109/icra.2019.8793611","Lutjens","2019","Safe Reinforcement Learning With Model Uncertainty Estimates","True","C:\Users\Ben Bolen\Zotero\storage\T8T8VZK5\Lutjens et al. - 2019 - Safe Reinforcement Learning With Model Uncertainty.pdf"
"groups/735051","7NLIH4JV","SIWAQBFG","10.1109/tro.2020.2992981","Zhou","2020","A General Framework to Increase Safety of Learning Algorithms for Dynamical Systems Based on Region of Attraction Estimation","True","C:\Users\Ben Bolen\Zotero\storage\SIWAQBFG\Zhou et al. - 2020 - A General Framework to Increase Safety of Learning.pdf"
"groups/735051","I3DHXG6S","SC3VXCJ6","","Chakraborty","2020","Synthesis of Feedback Controller for Nonlinear Control Systems with Optimal Region of Attraction","True","C:\Users\Ben Bolen\Zotero\storage\SC3VXCJ6\Chakraborty and Saha - 2020 - Synthesis of Feedback Controller for Nonlinear Con.pdf"
"groups/735051","BJLUM9PR","S2KXUT94","10.1109/ecc.2015.7330913","Berkenkamp","2015","Safe and robust learning control with Gaussian processes","True","C:\Users\Ben Bolen\Zotero\storage\S2KXUT94\Berkenkamp and Schoellig - 2015 - Safe and robust learning control with Gaussian pro.pdf"
"groups/735051","UBRCDS5F","R67WM39K","10.1109/cdc.2016.7798979","Berkenkamp","2016","Safe learning of regions of attraction for uncertain, nonlinear systems with Gaussian processes","True","C:\Users\Ben Bolen\Zotero\storage\R67WM39K\Berkenkamp et al. - 2016 - Safe learning of regions of attraction for uncerta.pdf"
"groups/735051","LKX2ES65","P5L55CNW","10.1609/aaai.v33i01.33013387","Cheng","2019","End-to-End Safe Reinforcement Learning through Barrier Functions for Safety-Critical Continuous Control Tasks","True","C:\Users\Ben Bolen\Zotero\storage\P5L55CNW\Cheng et al. - 2019 - End-to-End Safe Reinforcement Learning through Bar.pdf"
"groups/735051","E2DTQUUK","N5XGM5T7","","Berkenkamp","2017","Safe Model-based Reinforcement Learning with Stability Guarantees","True","C:\Users\Ben Bolen\Zotero\storage\N5XGM5T7\Berkenkamp et al. - 2017 - Safe Model-based Reinforcement Learning with Stabi.pdf"
"groups/735051","KC337YD7","M3KQPDQU","10.1109/lra.2021.3070252","Thananjeyan","2021","Recovery RL: Safe Reinforcement Learning With Learned Recovery Zones","True","C:\Users\Ben Bolen\Zotero\storage\M3KQPDQU\Thananjeyan et al. - 2021 - Recovery RL Safe Reinforcement Learning With Lear.pdf"
"groups/735051","IFFJPIEC","KBXGNLZ4","","Turchetta","2021","Safe Reinforcement Learning via Curriculum Induction","True","C:\Users\Ben Bolen\Zotero\storage\KBXGNLZ4\Turchetta et al. - 2021 - Safe Reinforcement Learning via Curriculum Inducti.pdf"
"groups/735051","LY2Q2H8S","K5SP4DGY","","Garcıa","","A Comprehensive Survey on Safe Reinforcement Learning","True","C:\Users\Ben Bolen\Zotero\storage\K5SP4DGY\Garcıa and Fernandez - A Comprehensive Survey on Safe Reinforcement Learn.pdf"
"groups/735051","ZSX2JT2U","JPUTCBVY","","Jansen","","Safe Reinforcement Learning Using Probabilistic Shields","True","C:\Users\Ben Bolen\Zotero\storage\JPUTCBVY\Jansen et al. - Safe Reinforcement Learning Using Probabilistic Sh.pdf"
"groups/735051","ZCC759KQ","IKIJ9LVR","10.1145/3310090","García","2019","Probabilistic Policy Reuse for Safe Reinforcement Learning","True","C:\Users\Ben Bolen\Zotero\storage\IKIJ9LVR\García and Fernández - 2019 - Probabilistic Policy Reuse for Safe Reinforcement .pdf"
"groups/735051","YUJRDM64","HVCNZIZR","10.3929/ethz-b-000370833","Berkenkamp","2019","Safe Exploration in Reinforcement Learning: Theory and Applications in Robotics","True","C:\Users\Ben Bolen\Zotero\storage\HVCNZIZR\Berkenkamp - 2019 - Safe Exploration in Reinforcement Learning Theory.pdf"
"groups/735051","NIYSDNEH","9YXPJ5TH","","Li","","Safe Reinforcement Learning Using Robust Action Governor","True","C:\Users\Ben Bolen\Zotero\storage\9YXPJ5TH\Li et al. - Safe Reinforcement Learning Using Robust Action Go.pdf"
"groups/735051","MHSKB7A5","8EI4GZWZ","","Saunders","2017","Trial without Error: Towards Safe Reinforcement Learning via Human Intervention","True","C:\Users\Ben Bolen\Zotero\storage\8EI4GZWZ\Saunders et al. - 2017 - Trial without Error Towards Safe Reinforcement Le.pdf"
"groups/735051","KRE8AAPY","7TBWV3QW","10.1109/cdc.2018.8619572","Koller","2018","Learning-Based Model Predictive Control for Safe Exploration","True","C:\Users\Ben Bolen\Zotero\storage\7TBWV3QW\Koller et al. - 2018 - Learning-Based Model Predictive Control for Safe E.pdf"
"groups/735051","7HPD4U83","3ZRT9JQX","10.1109/icra.2016.7487170","Berkenkamp","2016","Safe controller optimization for quadrotors with Gaussian processes","True","C:\Users\Ben Bolen\Zotero\storage\3ZRT9JQX\Berkenkamp et al. - 2016 - Safe controller optimization for quadrotors with G.pdf"
"groups/735051","495JRLTV","3DDF33KB","","Chow","2018","A Lyapunov-based Approach to Safe Reinforcement Learning","True","C:\Users\Ben Bolen\Zotero\storage\3DDF33KB\Chow et al. - 2018 - A Lyapunov-based Approach to Safe Reinforcement Le.pdf"
"groups/735051","KY3XFC6L","2LPC8J9A","","Xu","","CRPO: A New Approach for Safe Reinforcement Learning with Convergence Guarantee","True","C:\Users\Ben Bolen\Zotero\storage\2LPC8J9A\Xu et al. - CRPO A New Approach for Safe Reinforcement Learni.pdf"
"groups/735051","G955M6PE","I55W3TXI","10.1137/s1064827500379690","Swarztrauber","2003","On Computing the Points and Weights for Gauss--Legendre Quadrature","True","C:\Users\Ben Bolen\Zotero\storage\I55W3TXI\Swarztrauber - 2003 - On Computing the Points and Weights for Gauss--Leg.pdf"
"groups/735051","E4NZ36IA","TQEIB3KU","","Glorot","2010","Understanding the difﬁculty of training deep feedforward neural networks","True","C:\Users\Ben Bolen\Zotero\storage\TQEIB3KU\Glorot and Bengio - Understanding the difﬁculty of training deep feedf.pdf"
"groups/735051","8EPWDJPV","H6MXWKCR","","Griewank","","On Automatic Differentiation","True","C:\Users\Ben Bolen\Zotero\storage\H6MXWKCR\Griewank - On Automatic Di erentiation.pdf"
"groups/735051","GPVXJDCG","E8BTPL6E","","Dempster","1968","A Generalization of Bayesian Inference","True","C:\Users\Ben Bolen\Zotero\storage\E8BTPL6E\Dempster - 2021 - A Generalization of Bayesian Inference.pdf"
"groups/735051","XTLSGDEA","AXGYFIPR","10.1007/bf01589116","Liu","1989","On the limited memory BFGS method for large scale optimization","True","C:\Users\Ben Bolen\Zotero\storage\AXGYFIPR\Liu and Nocedal - 1989 - On the limited memory BFGS method for large scale .pdf"
"groups/735051","CDXMG44E","2YC28KIP","","Neal","","Regression and Classification Using Gaussian Process Priors","True","C:\Users\Ben Bolen\Zotero\storage\2YC28KIP\Neal - Regression and Classification Using Gaussian Proce.pdf"
"groups/735051","JUHHBD7N","VFZVL2TS","10.3389/fnbot.2017.00018","Hunt","2017","Development and Training of a Neural Controller for Hind Leg Walking in a Dog Robot","False","C:\Users\Ben Bolen\Zotero\storage\VFZVL2TS\Hunt et al. - 2017 - Development and Training of a Neural Controller fo.pdf"
"groups/735051","ZT63E23K","QT7LLACB","10.3389/fnins.2020.00551","Kreiser","2020","An On-chip Spiking Neural Network for Estimation of the Head Pose of the iCub Robot","True","C:\Users\Ben Bolen\Zotero\storage\QT7LLACB\Kreiser et al. - 2020 - An On-chip Spiking Neural Network for Estimation o.pdf"
"groups/735051","TIL5FV5L","NB5BS8AD","","Quinn","","NeuroNex Grant","True","C:\Users\Ben Bolen\Zotero\storage\NB5BS8AD\Quinn et al. - A. Participating Investigators.pdf"
"groups/735051","SF7LS7GV","SLM3YU2A","","Hart","2020","Increased fracture toughness of additively manufactured semi-crystalline thermoplastics via thermal annealing","True","C:\Users\Ben Bolen\Zotero\storage\SLM3YU2A\Hart - 2020 - Increased fracture toughness of additively manufac.pdf"
"groups/735051","99WF7Q46","V7BYWHKF","10.1098/rsif.2012.0669","Owaki","2013","Simple robot suggests physical interlimb communication is essential for quadruped walking","True","C:\Users\Ben Bolen\Zotero\storage\V7BYWHKF\Owaki et al. - 2013 - Simple robot suggests physical interlimb communica.pdf"
"groups/735051","95EJV9GJ","TE4WTMMS","10.1007/s10489-021-02275-9","Husbands","2021","Recent advances in evolutionary and bio-inspired adaptive robotics: Exploiting embodied dynamics","True","C:\Users\Ben Bolen\Zotero\storage\TE4WTMMS\Husbands et al. - 2021 - Recent advances in evolutionary and bio-inspired a.pdf"
"groups/735051","TELH98PM","T2F34TIS","10.1126/science.aab0129","Bartlett","2015","A 3D-printed, functionally graded soft robot powered by combustion","True","C:\Users\Ben Bolen\Zotero\storage\T2F34TIS\Bartlett et al. - 2015 - A 3D-printed, functionally graded soft robot power.pdf"
"groups/735051","YEM4XZX8","UT7JZFI8","10.1109/icra.2017.7989652","Drotman","2017","3D printed soft actuators for a legged robot capable of navigating unstructured terrain","True","C:\Users\Ben Bolen\Zotero\storage\UT7JZFI8\Drotman et al. - 2017 - 3D printed soft actuators for a legged robot capab.pdf"
"groups/735051","DZ8VWALN","PEWWV59X","10.1109/iros45743.2020.9340707","Saputra","2020","A Neural Primitive model with Sensorimotor Coordination for Dynamic Quadruped Locomotion with Malfunction Compensation","True","C:\Users\Ben Bolen\Zotero\storage\PEWWV59X\Saputra et al. - 2020 - A Neural Primitive model with Sensorimotor Coordin.pdf"
"groups/735051","TM54EFZ3","9TSPN72K","10.3389/frobt.2021.562524","Saputra","2021","AQuRo: A Cat-like Adaptive Quadruped Robot With Novel Bio-Inspired Capabilities","True","C:\Users\Ben Bolen\Zotero\storage\9TSPN72K\Saputra et al. - 2021 - AQuRo A Cat-like Adaptive Quadruped Robot With No.pdf"
"groups/735051","6W6MGNBW","S8BZ6SU4","10.1002/jez.a","Fischer","2006","The tri-segmented limbs of therian mammals: kinematics, dynamics, and self-stabilization—a review","True","C:\Users\Ben Bolen\Zotero\storage\S8BZ6SU4\Fischer, Blickhan - 2006 - The tri-segmented limbs of therian mammals kinematics, dynamics, and self-stabilization—a review.pdf"
"groups/735051","MTY2IP7Y","EGA4HCDK","10.1007/s10514-010-9186-z","Migliore","2010","Passive joint stiffness in the hip and knee increases the energy efficiency of leg swinging","True","C:\Users\Ben Bolen\Zotero\storage\EGA4HCDK\Migliore et al. - 2010 - Passive joint stiffness in the hip and knee increa.pdf"
"groups/735051","Y9TBA6BU","ERHJLGF6","10.1002/mus.21218","Ryan","2009","Passive properties of the muscle-tendon unit: The influence of muscle cross-sectional area","True","C:\Users\Ben Bolen\Zotero\storage\ERHJLGF6\Ryan et al. - 2009 - Passive properties of the muscle-tendon unit The .pdf"
"groups/735051","QVN2D9LR","3MCNHH5F","","Johnson","2008","A three-dimensional model of the rat hindlimb: musculoskeletal geometry and muscle moment arms","True","C:\Users\Ben Bolen\Zotero\storage\3MCNHH5F\Johnson et al. - 2008 - A three-dimensional model of the rat hindlimb musculoskeletal geometry and muscle moment arms.pdf"
"groups/735051","XT7KE2RG","2JKL9QJ3","10.1109/tbme.2011.2106784.application","Johnson","2011","Application of a rat hindlimb model: a prediction of force spaces reachable through stimulation of nerve fascicles","True","C:\Users\Ben Bolen\Zotero\storage\2JKL9QJ3\Johnson et al. - 2011 - Application of a rat hindlimb model a prediction of force spaces reachable through stimulation of nerve fascicle.pdf"
"groups/735051","SVRDRQ9P","UNII4HDA","","Gregory Sutton","","Neural control of rhythmic limb motion is shaped by size and speed","True","C:\Users\Ben Bolen\Zotero\storage\UNII4HDA\Neural control of rhythmic limb motion is shaped by size and speed.pdf"
"groups/735051","5RHEIAZQ","DAM8ZXSN","10.1177/027836498400300205","Alexander","1984","The Gaits of Bipedal and Quadrupedal Animals","True","C:\Users\Ben Bolen\Zotero\storage\DAM8ZXSN\Alexander - 1984 - The Gaits of Bipedal and Quadrupedal Animals.pdf"
"groups/735051","4KB6KG33","ZIMDJEBU","10.1126/science.288.5463.100","Dickinson","2000","How Animals Move: An Integrative View","True","C:\Users\Ben Bolen\Zotero\storage\ZIMDJEBU\Dickinson et al. - 2000 - How Animals Move An Integrative View.pdf"
"groups/735051","9QST32E3","PW7VPT7T","10.1007/978-3-319-63537-8_35","Steele","2017","Development of a Bio-inspired Knee Joint Mechanism for a Bipedal Robot","True","C:\Users\Ben Bolen\Zotero\storage\PW7VPT7T\Steele et al. - 2017 - Development of a Bio-inspired Knee Joint Mechanism.pdf"
"groups/735051","2SMSGKNJ","7LVKAF7S","","Leibach","2020","Development of a Tunable Compliance Energy Return Actuator","True","C:\Users\Ben Bolen\Zotero\storage\7LVKAF7S\Leibach - 2020 - Development of a Tunable Compliance Energy Return .pdf"
"groups/735051","YZSP4ZPD","N28EE7CW","10.3390/ijms22031467","Akay","2021","Relative Contribution of Proprioceptive and Vestibular Sensory Systems to Locomotion: Opportunities for Discovery in the Age of Molecular Science","True","C:\Users\Ben Bolen\Zotero\storage\N28EE7CW\Akay and Murray - 2021 - Relative Contribution of Proprioceptive and Vestib.pdf"
"groups/735051","TSQCC34X","3ZXGKUHV","","Dewolf","2021","Age-related changes in the neuromuscular control of forward and backward locomotion","True","C:\Users\Ben Bolen\Zotero\storage\3ZXGKUHV\Dewolf et al. - 2021 - Age-related changes in the neuromuscular control o.pdf"
"groups/735051","UVI7Z6CT","ZJVEJNUC","","Saputra","2020","A Neural Primitive model with Sensorimotor Coordination for Dynamic Quadruped Locomotion with Malfunction Compensation","True","C:\Users\Ben Bolen\Zotero\storage\ZJVEJNUC\Saputra et al. - 2020 - A Neural Primitive model with Sensorimotor Coordin.pdf"
"groups/735051","KWVQ9I2J","PBZ5BN44","10.1115/detc2013-13633","Sherman","2013","What is a Moment Arm? Calculating Muscle Effectiveness in Biomechanical Models Using Generalized Coordinates","True","C:\Users\Ben Bolen\Zotero\storage\PBZ5BN44\Sherman et al. - 2013 - What is a Moment Arm Calculating Muscle Effective.pdf"
"groups/735051","9JFNCZSL","JLQEE3WZ","10.1007/978-3-030-64313-3_25","Vouloutsi","2020","Optimization of Artificial Muscle Placements for a Humanoid Bipedal Robot","True","C:\Users\Ben Bolen\Zotero\storage\JLQEE3WZ\Morrow et al. - 2020 - Optimization of Artificial Muscle Placements for a.pdf"
"groups/735051","GGJVZ4FZ","6A6MH7WE","10.1186/s40648-016-0061-3","Kurumaya","2016","Musculoskeletal lower-limb robot driven by multifilament muscles","True","C:\Users\Ben Bolen\Zotero\storage\6A6MH7WE\Kurumaya et al. - 2016 - Musculoskeletal lower-limb robot driven by multifi.pdf"
"groups/735051","2N9BWRA4","PEEGE3DH","10.1080/01691864.2018.1494040","Hitzmann","2018","Anthropomorphic musculoskeletal 10 degrees-of-freedom robot arm driven by pneumatic artificial muscles","True","C:\Users\Ben Bolen\Zotero\storage\PEEGE3DH\Hitzmann et al. - 2018 - Anthropomorphic musculoskeletal 10 degrees-of-free.pdf"
"groups/735051","KA5H99DU","CZWKVNIG","10.1098/rsif.2018.0024","Liu","2018","Robotic investigation on effect of stretch reflex and crossed inhibitory response on bipedal hopping","True","C:\Users\Ben Bolen\Zotero\storage\CZWKVNIG\Liu et al. - 2018 - Robotic investigation on effect of stretch reflex and crossed inhibitory response on bipedal hopping.pdf"
"groups/735051","HN5HWU3R","YH9BUJIL","10.1080/01691864.2018.1434015","Shin","2018","Constructive understanding and reproduction of functions of gluteus medius by using a musculoskeletal walking robot","True","C:\Users\Ben Bolen\Zotero\storage\YH9BUJIL\Shin et al. - 2018 - Constructive understanding and reproduction of fun.pdf"
"groups/735051","BB5WM3L3","VS4EDZHI","10.1126/scirobotics.aaq0899","Asano","2017","Design principles of a human mimetic humanoid: Humanoid platform to study human intelligence and internal body system","True","C:\Users\Ben Bolen\Zotero\storage\VS4EDZHI\Asano et al. - 2017 - Design principles of a human mimetic humanoid Hum.pdf"
"groups/735051","5YPT5GRS","UFHN5F4G","10.1016/j.neucom.2018.12.069","Chen","2019","Realizing human-like manipulation with a musculoskeletal system and biologically inspired control scheme","True","C:\Users\Ben Bolen\Zotero\storage\UFHN5F4G\Chen et al. - 2019 - Realizing human-like manipulation with a musculosk.pdf"
"groups/735051","ZD9S4PF9","6JQALRVD","10.1177/1687814020933409","Liang","2020","Comparative study of robotic artificial actuators and biological muscle","True","C:\Users\Ben Bolen\Zotero\storage\6JQALRVD\Liang et al. - 2020 - Comparative study of robotic artificial actuators .pdf"
"groups/735051","74M8XZ4K","TYBI5PLM","10.1088/1748-3190/ab03fc","Asano","2019","Musculoskeletal design, control, and application of human mimetic humanoid Kenshiro","True","C:\Users\Ben Bolen\Zotero\storage\TYBI5PLM\Asano et al. - 2019 - Musculoskeletal design, control, and application o.pdf"
"groups/735051","DZ2Z5X5D","3M4RLAPJ","10.23919/iccas50221.2020.9268259","Agrawal","2020","A De-risked Bio-inspired Condylar Prosthetic Knee Joint for a Robotic Leg Test Rig","True","C:\Users\Ben Bolen\Zotero\storage\3M4RLAPJ\Agrawal et al. - 2020 - A De-risked Bio-inspired Condylar Prosthetic Knee .pdf"
"groups/735051","NDAH5DGF","Y885UPXL","10.2519/jospt.1991.13.2.71","Alderink","1991","The sacroiliac joint: review of anatomy, mechanics, and function","True","C:\Users\Ben Bolen\Zotero\storage\Y885UPXL\Alderink - 1991 - The sacroiliac joint review of anatomy, mechanics.pdf"
"groups/735051","HB34VKQU","QUNTW8P6","10.1007/s11999-013-3166-5","Jamali","2013","What Is Normal Femoral Head/Neck Anatomy? An Analysis of Radial CT Reconstructions in Adolescents","True","C:\Users\Ben Bolen\Zotero\storage\QUNTW8P6\Jamali et al. - 2013 - What Is Normal Femoral HeadNeck Anatomy An Analy.pdf"
"groups/735051","4WGJG8YK","VAZB2RA6","10.1109/iros.2016.7759377","Asano","2016","Human mimetic foot structure with multi-DOFs and multi-sensors for musculoskeletal humanoid Kengoro","True","C:\Users\Ben Bolen\Zotero\storage\VAZB2RA6\Asano et al. - 2016 - Human mimetic foot structure with multi-DOFs and m.pdf"
"groups/735051","VQSTZ6W9","WKUZMUBU","10.1109/iros.2010.5649683","Urata","2010","Design of high torque and high speed leg module for high power humanoid","True","C:\Users\Ben Bolen\Zotero\storage\WKUZMUBU\Urata et al. - 2010 - Design of high torque and high speed leg module fo.pdf"
"groups/735051","KADNPPCE","Q2KQ8CI8","10.1109/humanoids.2015.7363459","Kojima","2015","Development of life-sized high-power humanoid robot JAXON for real-world use","True","C:\Users\Ben Bolen\Zotero\storage\Q2KQ8CI8\Kojima et al. - 2015 - Development of life-sized high-power humanoid robo.pdf"
"groups/735051","WYDPESU6","ISSVQF7N","10.1109/humanoids.2016.7803376","Asano","2016","Human mimetic musculoskeletal humanoid Kengoro toward real world physically interactive actions","True","C:\Users\Ben Bolen\Zotero\storage\ISSVQF7N\Asano et al. - 2016 - Human mimetic musculoskeletal humanoid Kengoro tow.pdf"
"groups/735051","AJ4BGVTN","G6SH7N57","10.1016/j.robot.2007.09.010","Hosoda","2008","Biped robot design powered by antagonistic pneumatic actuators for multi-modal locomotion","True","C:\Users\Ben Bolen\Zotero\storage\G6SH7N57\Hosoda et al. - 2008 - Biped robot design powered by antagonistic pneumat.pdf"
"groups/735051","8VFIJEPM","EB2TABLJ","10.1620/tjem.171.203","Itoi","1993","Capsular Properties of the Shoulder.","True","C:\Users\Ben Bolen\Zotero\storage\EB2TABLJ\Itoi et al. - 1993 - Capsular Properties of the Shoulder..pdf"
"groups/735051","QIE4M6RL","J54HDL7U","10.1126/science.1254486","Ijspeert","2014","Biorobotics: Using robots to emulate and investigate agile locomotion","True","C:\Users\Ben Bolen\Zotero\storage\J54HDL7U\Ijspeert - 2014 - Biorobotics Using robots to emulate and investiga.pdf"
"groups/735051","CVVA5E5J","LCPCU95E","10.1109/lcsys.2018.2871126","Hilts","2019","A Dynamic Neural Network Designed Using Analytical Methods Produces Dynamic Control Properties Similar to an Analogous Classical Controller","True","C:\Users\Ben Bolen\Zotero\storage\LCPCU95E\Hilts et al. - 2019 - A Dynamic Neural Network Designed Using Analytical.pdf"
"groups/735051","Y4VTSMH4","2W4Q7EFT","10.1142/s0219519412004454","Heger","2012","A quasi-linear viscoelastic model for the passive properties of the human hip joint","True","C:\Users\Ben Bolen\Zotero\storage\2W4Q7EFT\Heger et al. - 2012 - A quasi-linear viscoelastic model for the passive .pdf"
"groups/735051","8WD52I4I","9UZBXUTZ","10.1016/s0021-9290(99)00009-3","Riener","1999","Identification of passive elastic joint moments in the lower extremities","True","C:\Users\Ben Bolen\Zotero\storage\9UZBXUTZ\Riener and Edrich - 1999 - Identification of passive elastic joint moments in.pdf"
"groups/735051","3UKQ3TAR","SBIB8QSH","10.1007/s10514-009-9171-6","Hosoda","2010","Pneumatic-driven jumping robot with anthropomorphic muscular skeleton structure","True","C:\Users\Ben Bolen\Zotero\storage\SBIB8QSH\Hosoda et al. - 2010 - Pneumatic-driven jumping robot with anthropomorphi.pdf"
"groups/735051","LI7K3CD6","I96QFE7Q","10.1098/rsif.2018.0024","Liu","2018","Robotic investigation on effect of stretch reflex and crossed inhibitory response on bipedal hopping","True","C:\Users\Ben Bolen\Zotero\storage\I96QFE7Q\Liu et al. - 2018 - Robotic investigation on effect of stretch reflex .pdf"
"groups/735051","F8YZLDDF","YRRPUWBR","10.5772/55443","Nakanishi","2013","Design Approach of Biologically-Inspired Musculoskeletal Humanoids","True","C:\Users\Ben Bolen\Zotero\storage\YRRPUWBR\Nakanishi et al. - 2013 - Design Approach of Biologically-Inspired Musculosk.pdf"
"groups/735051","UKPNJ8RI","XL38J6VW","10.3109/10929080802594563","Anglin","2008","In vivo patellar kinematics during total knee arthroplasty","True","C:\Users\Ben Bolen\Zotero\storage\XL38J6VW\Anglin et al. - 2008 - In vivo patellar kinematics during total knee arth.pdf"
"groups/735051","C8QWSR6F","MVE6G4GD","10.1557/jmr.2013.332","Chen","2013","Annealing-induced crystalline structure and mechanical property changes of polypropylene random copolymer","True","C:\Users\Ben Bolen\Zotero\storage\MVE6G4GD\Chen et al. - 2013 - Annealing-induced crystalline structure and mechan.pdf"
"groups/735051","Z9A73NYU","TSS4UESY","10.1109/iros.2010.5650414","Hashimoto","2010","A study of function of foot's medial longitudinal arch using biped humanoid robot","True","C:\Users\Ben Bolen\Zotero\storage\TSS4UESY\Hashimoto et al. - 2010 - A study of function of foot's medial longitudinal .pdf"
"groups/735051","LBUJILA5","NA7HFTLT","10.5603/fm.a2017.0049","Gwani","2017","How the three arches of the foot intercorrelate","True","C:\Users\Ben Bolen\Zotero\storage\NA7HFTLT\Gwani et al. - 2017 - How the three arches of the foot intercorrelate.pdf"
"groups/735051","XLWNS24A","VRMQCMQH","10.1109/embc.2017.8036765","Amiri","2017","Ankle intrinsic stiffness is modulated by postural sway","True","C:\Users\Ben Bolen\Zotero\storage\VRMQCMQH\Ankle Intrinsic Stiffness is Modulated by Postural Sway.pdf"
"groups/735051","UNDSC36Q","S7ENECPQ","10.3109/17453678208992202","Roaas","1982","Normal Range of Motion of the Hip, Knee and Ankle Joints in Male Subjects, 30–40 Years of Age","True","C:\Users\Ben Bolen\Zotero\storage\S7ENECPQ\Normal Range of Motion of the Hip, Knee and Ankle Joints in Male Subjects, 30–40 Years of Age.pdf"
"groups/735051","7ZK94R44","E48JSM4P","10.1111/j.1365-2516.2010.02399.x","Soucie","2011","Range of motion measurements - Reference values and a database for comparison studies","True","C:\Users\Ben Bolen\Zotero\storage\E48JSM4P\Range of motion measurements - Reference values and a database for comparison studies.pdf"
"groups/735051","7277YSGN","LNH4IM8A","10.1016/j.otsr.2011.08.015","Kouyoumdjian","2012","Clinical evaluation of hip joint rotation range of motion in adults","True","C:\Users\Ben Bolen\Zotero\storage\LNH4IM8A\Clinical evaluation of hip joint rotation range of motion in adults.pdf"
"groups/735051","JKCEHD4L","3YHHMM5Q","","Kazemi","2016","Effects of Hip Geometry on Fracture Patterns of Proximal Femur","True","C:\Users\Ben Bolen\Zotero\storage\3YHHMM5Q\Kazemi et al. - 2016 - Effects of Hip Geometry on Fracture Patterns of Pr.pdf"
"groups/735051","EC8PMPGW","6FJ9H7PP","10.1109/embc.2016.7592105","Hui-Hui Wu","2016","Hip joint geometry effects on cartilage contact stresses during a gait cycle","True","C:\Users\Ben Bolen\Zotero\storage\6FJ9H7PP\Hip Joint Geometry Effects on Cartilage Contact Stresses during a Gait Cycle.pdf"
"groups/735051","PED8URL7","VAJW9XI5","10.1371/journal.pone.0149480","Hartel","2016","Determination of Femoral Neck Angle and Torsion Angle Utilizing a Novel Three-Dimensional Modeling and Analytical Technology Based on CT Datasets","True","C:\Users\Ben Bolen\Zotero\storage\VAJW9XI5\Hartel et al. - 2016 - Determination of Femoral Neck Angle and Torsion An.pdf"
"groups/735051","FHE9D8GV","VGIIPALF","10.1371/journal.pone.0178540","Bücking","2017","From medical imaging data to 3D printed anatomical models","True","C:\Users\Ben Bolen\Zotero\storage\VGIIPALF\Bücking et al. - 2017 - From medical imaging data to 3D printed anatomical.pdf"
"groups/735051","GLJ9NUER","SRSQWKGZ","10.1016/j.mporth.2016.04.015","Brockett","2016","Biomechanics of the ankle","True","C:\Users\Ben Bolen\Zotero\storage\SRSQWKGZ\Brockett and Chapman - 2016 - Biomechanics of the ankle.pdf"
"groups/735051","CBUA26GL","TAUY6V3L","","Steele","2018","Braided Pneumatic Actuators as a Variable Stiffness Approximation of Synovial Joints","True","C:\Users\Ben Bolen\Zotero\storage\TAUY6V3L\Steele and Hunt - 2018 - Braided Pneumatic Actuators as a Variable Stiffnes.pdf"
"groups/735051","KFB7LY4N","TYZL9NW3","","Steele","2018","Biomimetic Knee Design to Improve Joint Torque and Life for Bipedal Robotics","True","C:\Users\Ben Bolen\Zotero\storage\TYZL9NW3\Steele et al. - 2018 - Biomimetic Knee Design to Improve Joint Torque and.pdf"
"groups/735051","KQGC4FUK","W5LQY7DS","10.5772/56926","Kim","2013","Work analysis of compliant leg mechanisms for bipedal walking robots","True","C:\Users\Ben Bolen\Zotero\storage\W5LQY7DS\Work analysis of compliant leg mechanisms for bipedal walking robots.pdf"
"groups/735051","QK2NQFQY","ZKAKAVDX","10.1115/1.4028168","Burgess","2014","Performance Maps for a Bio-Inspired Robotic Condylar Hinge Joint","True","C:\Users\Ben Bolen\Zotero\storage\ZKAKAVDX\md_136_11_115002.pdf"
"groups/735051","58SETK3T","KP4ESXS7","10.1109/iros.2013.6697025","Asano","2013","Achievement of Twist Squat by Musculoskeletal Humanoid with Screw-Home Mechanism","True","C:\Users\Ben Bolen\Zotero\storage\KP4ESXS7\Achievement of Twist Squat by Musculoskeletal Humanoid with Screw-Home Mechanism.pdf"
"groups/735051","TRD9PA54","A7DJNZMX","10.1109/robio.2011.6181553","Asano","2011","Biomimetic Design of Musculoskeletal Humanoid Knee Joint with Patella and Screw-Home Mechanism","True","C:\Users\Ben Bolen\Zotero\storage\A7DJNZMX\Biomimetic Design of Musculoskeletal Humanoid Knee Joint with Patella and Screw-Home Mechanism.pdf"
"groups/735051","VDDDLY5H","QRQSSKQY","10.1007/s11517-015-1373-9","Ozada","2016","Biomechanical model of knee collateral ligament injury with six degrees of freedom","True","C:\Users\Ben Bolen\Zotero\storage\QRQSSKQY\Biomechanical model of knee collateral ligament injury with six degrees of freedom.pdf"
"groups/735051","JCDZ6WNX","BQBYQAGZ","10.1109/iros.2016.7759335","Kozuki","2016","Skeletal Structure with Artificial Perspiration for Cooling by Latent Heat for Musculoskeletal Humanoid Kengoro","True","C:\Users\Ben Bolen\Zotero\storage\BQBYQAGZ\Skeletal structure with artificial perspiration for cooling by latent heat for musculoskeletal humanoid Kengoro.pdf"
"groups/735051","SI4EIPMK","SBSXC9D9","10.1007/s11465-014-0306-x","Kumar","2015","Biomechanics of knee joint — A review","True","C:\Users\Ben Bolen\Zotero\storage\SBSXC9D9\Biomechanics of knee joint.pdf"
"groups/735051","ZNPXUN5W","PK52Y565","10.3390/jfmk2040034","Abulhasan","2017","Anatomy and Physiology of Knee Stability","True","C:\Users\Ben Bolen\Zotero\storage\PK52Y565\Anatomy and physiology of knee stability.pdf"
"groups/735051","GUA4ERZ7","YF8Y569F","10.1155/2013/717546","Hamai","2013","In Vivo Healthy Knee Kinematics during Dynamic Full Flexion","True","C:\Users\Ben Bolen\Zotero\storage\YF8Y569F\In Vivo healthy knee kniematics during dynamic full flexion.pdf"
"groups/735051","6B9PLEVB","FS2993XK","10.3390/s17040713","Misgeld","2017","Model-Based Estimation of Ankle Joint Stiffness","True","C:\Users\Ben Bolen\Zotero\storage\FS2993XK\Model-Based Estimation of Ankle Joint Stiffness.pdf"
"groups/735051","KHAAZNCC","8NX76ZPN","10.1115/1.4033480","Pennestrì","2016","Modeling the Human Tibiofemoral Joint Using Ex Vivo Determined Compliance Matrices","True","C:\Users\Ben Bolen\Zotero\storage\8NX76ZPN\Modeling the human tibio-femoral joint using ex vivo determined compliance matrices.pdf"
"groups/735051","GHHITZTG","JFJA4AHX","07101/aim.007","Emami","2007","Q-angle: An Invaluable Parameter for Evaluation of Anterior Knee Pain","True","C:\Users\Ben Bolen\Zotero\storage\JFJA4AHX\Q-angle - An Invaluable Parameter for Evaluation of Anterior Knee Pain.pdf"
"groups/735051","WWK5392J","E4X6LKTM","10.1080/13873954.2010.507094","Reichl","2010","Reconstructing the knee joint mechanism from kinematic data","True","C:\Users\Ben Bolen\Zotero\storage\E4X6LKTM\Reconstructing the knee joint mechanism from kinematic data.pdf"
"groups/735051","PXQWVVWZ","NZ3DVWNM","10.1590/1413-78522014220600451","Sanchez","2014","Evaluation of Q angle in differents static postures","True","C:\Users\Ben Bolen\Zotero\storage\NZ3DVWNM\Evaluation of Q angle in differents static postures.pdf"
"groups/735051","GZJPAB4Q","FZ2TVFXF","10.1007/978-1-4612-5224-5_3","Harty","1984","The Anatomy of the Hip Joint","True","C:\Users\Ben Bolen\Zotero\storage\FZ2TVFXF\Surgery of the Hip Joint - Volume 1.pdf"
"groups/735051","AE6NU9GY","C96IEB58","","Hodge","1986","Contact pressures in the human hip joint measured in vivo","True","C:\Users\Ben Bolen\Zotero\storage\C96IEB58\Contact pressures in the human hip joint measured in vivo.pdf"
"groups/735051","6ERWYLTB","WCAPVVK9","10.1016/0021-9290(78)90010-6","Gottlieb","1978","Dependence of human ankle compliance on joint angle","True","C:\Users\Ben Bolen\Zotero\storage\WCAPVVK9\Dependence of human ankle compliance on joint angle.pdf"
"groups/735051","RUGT2BV5","GW5FVY9V","10.1007/978-3-319-63537-8_35","Steele","2017","Development of a Bio-inspired Knee Joint Mechanism for a Bipedal Robot","True","C:\Users\Ben Bolen\Zotero\storage\GW5FVY9V\Steele et al. - 2017 - Development of a Bio-inspired Knee Joint Mechanism.pdf"
"groups/735051","ECNGDXVY","9X8KEG8A","10.1177/107110079801901109","Milner","1998","Anatomy of the Collateral Ligaments of the Human Ankle Joint","True","C:\Users\Ben Bolen\Zotero\storage\9X8KEG8A\Anatomy of the Collateral Ligaments of the Human Ankle Joint.pdf"
"groups/735051","MDZNW5ZH","5E6VNRZB","10.1080/10255842.2013.818666","Ingram","2015","Muscle moment-arms: a key element in muscle-force estimation","True","C:\Users\Ben Bolen\Zotero\storage\5E6VNRZB\Ingram et al. - 2015 - Muscle moment-arms a key element in muscle-force .pdf"
"groups/735051","HQZX9CP7","MWYNT23Z","10.1152/jn.1997.77.6.3226","Prochazka","1997","Positive Force Feedback Control of Muscles","True","C:\Users\Ben Bolen\Zotero\storage\MWYNT23Z\Prochazka et al. - 1997 - Positive Force Feedback Control of Muscles.pdf"
"groups/735051","7VDNWEJV","EUC54SMK","10.1115/detc2013-13633","Sherman","2013","What is a Moment Arm? Calculating Muscle Effectiveness in Biomechanical Models Using Generalized Coordinates","True","C:\Users\Ben Bolen\Zotero\storage\EUC54SMK\Sherman et al. - 2013 - What is a Moment Arm Calculating Muscle Effective.pdf"
"groups/735051","PVCGFNDJ","AUDGLA69","10.1016/0003-9993(93)90089-s","Chen","1993","Biomechanical analysis of the knee extension exercise","True","C:\Users\Ben Bolen\Zotero\storage\AUDGLA69\Chen et al. - 1993 - Biomechanical analysis of the knee extension exerc.pdf"
"groups/735051","A8WA2EWB","UE6SQ8N8","10.1016/s1388-2457(03)00120-2","Dietz","2003","Spinal cord pattern generators for locomotion","True","C:\Users\Ben Bolen\Zotero\storage\UE6SQ8N8\Dietz - 2003 - Spinal cord pattern generators for locomotion.pdf"
"groups/735051","A8WA2EWB","N9TD9PH2","10.1016/s1388-2457(03)00120-2","Dietz","2003","Spinal cord pattern generators for locomotion","True","C:\Users\Ben Bolen\Zotero\storage\N9TD9PH2\Dietz - 2003 - Spinal cord pattern generators for locomotion.pdf"
"groups/735051","A8WA2EWB","GAHYFQVD","10.1016/s1388-2457(03)00120-2","Dietz","2003","Spinal cord pattern generators for locomotion","True","C:\Users\Ben Bolen\Zotero\storage\GAHYFQVD\Dietz - 2003 - Spinal cord pattern generators for locomotion.pdf"
"groups/735051","A8WA2EWB","B3UDMHTG","10.1016/s1388-2457(03)00120-2","Dietz","2003","Spinal cord pattern generators for locomotion","True","C:\Users\Ben Bolen\Zotero\storage\B3UDMHTG\Dietz - 2003 - Spinal cord pattern generators for locomotion.pdf"
"groups/735051","A8WA2EWB","9VQMFFHW","10.1016/s1388-2457(03)00120-2","Dietz","2003","Spinal cord pattern generators for locomotion","True","C:\Users\Ben Bolen\Zotero\storage\9VQMFFHW\Dietz - 2003 - Spinal cord pattern generators for locomotion.pdf"
"groups/735051","A8WA2EWB","7DH7U2BR","10.1016/s1388-2457(03)00120-2","Dietz","2003","Spinal cord pattern generators for locomotion","True","C:\Users\Ben Bolen\Zotero\storage\7DH7U2BR\Dietz - 2003 - Spinal cord pattern generators for locomotion.pdf"
"groups/735051","WNZGBKM2","4GQUVUCC","","Ijspeert","2007","From swimming to walking with a salamander robot driven by a spinal cord model.","True","C:\Users\Ben Bolen\Zotero\storage\4GQUVUCC\Ijspeert et al. - 2007 - From swimming to walking with a salamander robot driven by a spinal cord model.pdf"
"groups/735051","RP22VKGN","8X36VVDW","10.1016/0021-9290(89)90179-6","Yamaguchi","1989","A planar model of the knee joint to characterize the knee extensor mechanism","True","C:\Users\Ben Bolen\Zotero\storage\8X36VVDW\Yamaguchi and Zajac - 1989 - A planar model of the knee joint to characterize t.pdf"
"groups/735051","BXRNZU8D","UFEWX8U6","","Unknown","","An Interactive Graphics-Based Model of the Lower Extremity to Study Orthopaedic Surgical Procedures","True","C:\Users\Ben Bolen\Zotero\storage\UFEWX8U6\Delp1990b.pdf"
"groups/735051","UMWJQB69","5DQXIIB7","","Hoy","1990","A musculoskeletal model of the human lower extremity: the effect of muscle, tendon, and moment arm on the moment-angle relationship of musculotendon actuators at the hip, knee, and ankle","True","C:\Users\Ben Bolen\Zotero\storage\5DQXIIB7\Hoy et al. - 1990 - A musculoskeletal model of the human lower extremi.pdf"
"groups/735051","FFT3HN48","6EJBA3TY","","Hoy","1990","A musculoskeletal model of the human lower extremity: the effect of muscle, tendon, and moment arm on the moment-angle relationship of musculotendon actuators at the hip, knee, and ankle","True","C:\Users\Ben Bolen\Zotero\storage\6EJBA3TY\HoyEtAl90.pdf"
"groups/735051","W86L3DY3","JQ8KTJLD","","Seth","2011","OpenSim: a musculoskeletal modeling and simulation framework for in silico investigations and exchange.","True","C:\Users\Ben Bolen\Zotero\storage\JQ8KTJLD\Seth et al. - 2011 - OpenSim a musculoskeletal modeling and simulation.pdf"
"groups/735051","TN2DVMAX","IFR3L86E","10.1016/j.brainresrev.2007.06.014","Pearson","2008","Role of sensory feedback in the control of stance duration in walking cats.","True","C:\Users\Ben Bolen\Zotero\storage\IFR3L86E\Pearson - 2008 - Role of sensory feedback in the control of stance duration in walking cats.pdf"
"groups/735051","P44MB69M","65P3CQMF","","Stein","2000","Functional role of muscle reflexes for force generation in the decerebrate walking cat","False","C:\Users\Ben Bolen\Zotero\storage\65P3CQMF\Stein_et_al-2000-The_Journal_of_Physiology.pdf"
"groups/735051","HBAEC9DM","JIILMG5E","10.1152/jn.00511.2005","McVea","2005","A role for hip position in initiating the swing-to-stance transition in walking cats.","False","C:\Users\Ben Bolen\Zotero\storage\JIILMG5E\McVea et al. - 2005 - A role for hip position in initiating the swing-to-stance transition in walking cats.pdf"
"groups/735051","R7CM72K8","NWWQFK8V","10.3389/fnins.2020.598888","Latash","2020","On the Organization of the Locomotor CPG: Insights From Split-Belt Locomotion and Mathematical Modeling","False","C:\Users\Ben Bolen\Zotero\storage\NWWQFK8V\Latash 2020 - On the organization of the locomotor cpg.pdf"
"groups/735051","N85PHIF9","VMACEUF5","10.1115/1.1531112","Thelen","2003","Adjustment of Muscle Mechanics Model Parameters to Simulate Dynamic Contractions in Older Adults","True","C:\Users\Ben Bolen\Zotero\storage\VMACEUF5\Thelen - 2003 - Adjustment of Muscle Mechanics Model Parameters to.pdf"
"groups/735051","VDAFUWT3","LT6I5WX3","10.1109/aim.1999.803170","Klute","1999","McKibben artificial muscles: pneumatic actuators with biomechanical intelligence","True","C:\Users\Ben Bolen\Zotero\storage\LT6I5WX3\Klute et al. - 1999 - McKibben artificial muscles pneumatic actuators w.pdf"
"groups/735051","A7VFD2TL","6JCN3D63","10.1115/detc2017-67458","Hunt","2017","Modeling length effects of braided pneumatic actuators","True","C:\Users\Ben Bolen\Zotero\storage\6JCN3D63\Hunt - Modeling length effects of braided pneumatic actuators.pdf"
"groups/735051","JDG5TCXN","HT58JMAG","10.1152/jn.00216.2017","Nichols","2018","Distributed force feedback in the spinal cord and the regulation of limb mechanics","True","C:\Users\Ben Bolen\Zotero\storage\HT58JMAG\Nichols - 2018 - Distributed force feedback in the spinal cord and .pdf"
"groups/735051","3QZ8J7TC","Q6U6GP42","10.1145/3381755","Jensen","2020","Adaptive control for hindlimb locomotion in a simulated mouse through temporal cerebellar learning","True","C:\Users\Ben Bolen\Zotero\storage\Q6U6GP42\Jensen et al. - 2020 - Adaptive control for hindlimb locomotion in a simu.pdf"
"groups/735051","JIUYQWPP","4FLFKUIK","","Shin","2016","Development of an embedded sensor system for pneumatic artificial muscle proprioceptors","True","C:\Users\Ben Bolen\Zotero\storage\4FLFKUIK\Shin2016_Article_DevelopmentOfAnEmbeddedSensorS.pdf"
"groups/735051","C4C38IUV","7K8PXH2F","10.15760/etd.7146","Morrow","2019","Tracking Center of Mass with Limited Inertial Measurement Units","True","C:\Users\Ben Bolen\Zotero\storage\7K8PXH2F\Morrow - 2000 - Tracking Center of Mass with Limited Inertial Meas.pdf"
"groups/735051","56ZALA9U","4NE5D9KQ","10.1007/978-3-030-24741-6_33","Martinez-Hernandez","2019","Using Two IMU Sensors to Simulate Lower Body Stance","True","C:\Users\Ben Bolen\Zotero\storage\4NE5D9KQ\Morrow et al. - 2019 - Using Two IMU Sensors to Simulate Lower Body Stanc.pdf"
"groups/735051","53HNM857","RIRTRYPR","10.3389/fncom.2010.00019","Shouval","2010","Spike timing dependent plasticity: a consequence of more fundamental learning rules","True","C:\Users\Ben Bolen\Zotero\storage\RIRTRYPR\Shouval - 2010 - Spike timing dependent plasticity a consequence o.pdf"
"groups/735051","X8VX7UBG","6WBU2TR9","","Baydin","2018","Automatic differentiation in machine learning: a survey","True","C:\Users\Ben Bolen\Zotero\storage\6WBU2TR9\Baydin et al. - 2018 - Automatic differentiation in machine learning a s.pdf"
"groups/735051","QX5TVJKT","IMIPPCLA","10.1109/mm.2018.112130359","Davies","2018","Loihi: A Neuromorphic Manycore Processor with On-Chip Learning","True","C:\Users\Ben Bolen\Zotero\storage\IMIPPCLA\Davies et al. - 2018 - Loihi A Neuromorphic Manycore Processor with On-C.pdf"
"groups/735051","8PQPF6HQ","2NZVW572","","Miconi","2018","Differentiable plasticity: training plastic neural networks with backpropagation","True","C:\Users\Ben Bolen\Zotero\storage\2NZVW572\Miconi et al. - 2018 - Differentiable plasticity training plastic neural.pdf"
"groups/735051","C6ESZ9DV","T3SJD2IY","","Kaiser","2020","Data-driven discovery of Koopman eigenfunctions for control","True","C:\Users\Ben Bolen\Zotero\storage\T3SJD2IY\Kaiser et al. - 2020 - Data-driven discovery of Koopman eigenfunctions fo.pdf"
"groups/735051","X86PZKV4","7VR8KMCR","10.1038/s41467-018-07210-0","Lusch","2018","Deep learning for universal linear embeddings of nonlinear dynamics","True","C:\Users\Ben Bolen\Zotero\storage\7VR8KMCR\Lusch et al. - 2018 - Deep learning for universal linear embeddings of n.pdf"
"groups/735051","DFQ5L8PA","U5JTJ563","10.1098/rspa.2018.0335","Kaiser","2018","Sparse identification of nonlinear dynamics for model predictive control in the low-data limit","True","C:\Users\Ben Bolen\Zotero\storage\U5JTJ563\Kaiser et al. - 2018 - Sparse identification of nonlinear dynamics for mo.pdf"
"groups/735051","F28IXGC4","VSFXN2QE","","Stevens","2020","FiniteNet: A Fully Convolutional LSTM Network Architecture for Time-Dependent Partial Differential Equations","True","C:\Users\Ben Bolen\Zotero\storage\VSFXN2QE\Stevens and Colonius - 2020 - FiniteNet A Fully Convolutional LSTM Network Arch.pdf"
"groups/735051","XVEVS8H7","KNSAKHMD","","Bailer-Jones","","A Recurrent Neural Network for Modelling Dynamical Systems","True","C:\Users\Ben Bolen\Zotero\storage\KNSAKHMD\Bailer-Jones et al. - A Recurrent Neural Network for Modelling Dynamical.pdf"
"groups/735051","DWAZMGLM","MCBDJ8A8","10.1109/tcsii.2005.852006","Li","2005","Approximation of dynamical time-variant systems by continuous-time recurrent neural networks","True","C:\Users\Ben Bolen\Zotero\storage\MCBDJ8A8\Xiao-Dong Li et al. - 2005 - Approximation of dynamical time-variant systems by.pdf"
"groups/735051","84R2LHQ6","6XCDXLEV","","Hanson","","Universal Simulation of Stable Dynamical Systems by Recurrent Neural Nets","True","C:\Users\Ben Bolen\Zotero\storage\6XCDXLEV\Hanson and Raginsky - Universal Simulation of Stable Dynamical Systems b.pdf"
"groups/735051","SUATCRI2","ATMZS3VA","","Khodayi-mehr","","VarNet: Variational Neural Networks for the Solution of Partial Differential Equations","True","C:\Users\Ben Bolen\Zotero\storage\ATMZS3VA\Khodayi-mehr and Zavlanos - VarNet Variational Neural Networks for the Soluti.pdf"
"groups/735051","TNJTPJ4Y","BKAWR53A","","Chaudhari","2017","Deep Relaxation: partial differential equations for optimizing deep neural networks","True","C:\Users\Ben Bolen\Zotero\storage\BKAWR53A\Chaudhari et al. - 2017 - Deep Relaxation partial differential equations fo.pdf"
"groups/735051","WB3B3QER","TVC7DBZ7","10.1016/j.jcp.2018.08.029","Sirignano","2018","DGM: A deep learning algorithm for solving partial differential equations","True","C:\Users\Ben Bolen\Zotero\storage\TVC7DBZ7\Sirignano and Spiliopoulos - 2018 - DGM A deep learning algorithm for solving partial.pdf"
"groups/735051","MCDTZT87","2WUA2TZR","10.1007/s00466-019-01715-1","Wei","2019","General solutions for nonlinear differential equations: a rule-based self-learning approach using deep reinforcement learning","True","C:\Users\Ben Bolen\Zotero\storage\2WUA2TZR\Wei et al. - 2019 - General solutions for nonlinear differential equat.pdf"
"groups/735051","UHUMLE7C","JQ7NDTBR","10.1016/j.jcp.2019.05.024","Zhu","2019","Physics-Constrained Deep Learning for High-dimensional Surrogate Modeling and Uncertainty Quantification without Labeled Data","True","C:\Users\Ben Bolen\Zotero\storage\JQ7NDTBR\Zhu et al. - 2019 - Physics-Constrained Deep Learning for High-dimensi.pdf"
"groups/735051","2HAJHQNF","8W8JXZJ6","","Dockhorn","2019","A Discussion on Solving Partial Differential Equations using Neural Networks","True","C:\Users\Ben Bolen\Zotero\storage\8W8JXZJ6\Dockhorn - 2019 - A Discussion on Solving Partial Differential Equat.pdf"
"groups/735051","A7ZXCJHA","Q427AECG","","Rudd","2013","Solving Partial Di↵erential Equations Using Artiﬁcial Neural Networks","True","C:\Users\Ben Bolen\Zotero\storage\Q427AECG\Rudd - 2013 - Solving Partial Di↵erential Equations Using Artiﬁc.pdf"
"groups/735051","Z4CZM9QU","IRL5VSG5","10.1109/72.712178","Lagaris","1998","Artificial Neural Networks for Solving Ordinary and Partial Differential Equations","True","C:\Users\Ben Bolen\Zotero\storage\IRL5VSG5\Lagaris et al. - 1998 - Artificial Neural Networks for Solving Ordinary an.pdf"
"groups/735051","ZJN2C4YA","2C5MI5IH","","Unknown","","Sensory Feedback Control of Locomotor Pattern Generation in Cats and Mice - ScienceDirect","True","C:\Users\Ben Bolen\Zotero\storage\2C5MI5IH\Sensory Feedback Control of Locomotor Pattern Gene.pdf"
"groups/735051","DFIDKK6G","CNTLDWCG","","Masuda","","Brainless Running: A Quasi-quadruped Robot with Decentralized Spinal Reflexes by Solely Mechanical Devices","True","C:\Users\Ben Bolen\Zotero\storage\CNTLDWCG\Masuda et al. - Brainless Running A Quasi-quadruped Robot with De.pdf"
"groups/735051","TNGQ3SCW","AYIMB6D4","10.1002/jor.1100080310","Kadaba","1990","Measurement of lower extremity kinematics during level walking","True","C:\Users\Ben Bolen\Zotero\storage\AYIMB6D4\Kadaba et al. - 1990 - Measurement of lower extremity kinematics during l.pdf"
"groups/735051","7ERSDKDH","QH98WGGU","10.1155/2019/9232430","Winiarski","2019","Three-Dimensional Human Gait Pattern: Reference Data for Young, Active Women Walking with Low, Preferred, and High Speeds","True","C:\Users\Ben Bolen\Zotero\storage\QH98WGGU\Winiarski et al. - 2019 - Three-Dimensional Human Gait Pattern Reference Da.pdf"
"groups/735051","Z9AZIGTB","PRXE6W63","10.1016/j.neuron.2014.02.013","Zhang","2014","V1 and V2b Interneurons Secure the Alternating Flexor-Extensor Motor Activity Mice Require for Limbed Locomotion","True","C:\Users\Ben Bolen\Zotero\storage\PRXE6W63\Zhang et al. - 2014 - V1 and V2b Interneurons Secure the Alternating Fle.pdf"
"groups/735051","RRSAAW8N","ZQ6RI6A5","10.1007/978-3-319-22979-9_21","Wilson","2015","Using Animal Data and Neural Dynamics to Reverse Engineer a Neuromechanical Rat Model","True","C:\Users\Ben Bolen\Zotero\storage\ZQ6RI6A5\Hunt et al. - 2015 - Using Animal Data and Neural Dynamics to Reverse E.pdf"
"groups/735051","KPG7S47C","UQ9IWF2S","10.1113/jp272437","Shevtsova","2016","Organization of flexor-extensor interactions in the mammalian spinal cord: insights from computational modelling: Flexor-extensor interactions in the spinal cord","True","C:\Users\Ben Bolen\Zotero\storage\UQ9IWF2S\Shevtsova and Rybak - 2016 - Organization of flexor-extensor interactions in th.pdf"
"groups/735051","75GBUT75","LG95QIRF","10.1109/icra.2012.6225307","Song","2012","Regulating speed and generating large speed transitions in a neuromuscular human walking model","True","C:\Users\Ben Bolen\Zotero\storage\LG95QIRF\Song and Geyer - 2012 - Regulating speed and generating large speed transi.pdf"
"groups/735051","2DLYGHBJ","2QUWXKF3","10.1109/embc.2013.6610650","Song","2013","Integration of an adaptive swing control into a neuromuscular human walking model","True","C:\Users\Ben Bolen\Zotero\storage\2QUWXKF3\Seungmoon Song et al. - 2013 - Integration of an adaptive swing control into a ne.pdf"
"groups/735051","C3VMNH82","V6UN7669","10.1016/j.jbiomech.2011.06.019","Modenese","2011","An open source lower limb model: Hip joint validation","True","C:\Users\Ben Bolen\Zotero\storage\V6UN7669\Modenese et al. - 2011 - An open source lower limb model Hip joint validat.pdf"
"groups/735051","9VTP2DMP","BG7Q2AIU","10.3113/fai.2011.0300","McCullough","2011","Moment Arms of the Ankle Throughout the Range of Motion in Three Planes","True","C:\Users\Ben Bolen\Zotero\storage\BG7Q2AIU\McCullough et al. - 2011 - Moment Arms of the Ankle Throughout the Range of M.pdf"
"groups/735051","W9LHLHQW","4ZI46WYR","10.1007/bf00449593","Matsuoka","1985","Sustained oscillations generated by mutually inhibiting neurons with adaptation","True","C:\Users\Ben Bolen\Zotero\storage\4ZI46WYR\Matsuoka - 1985 - Sustained oscillations generated by mutually inhib.pdf"
"groups/735051","UASGT35R","8IDUPU25","10.1113/jp270228","Song","2015","A neural circuitry that emphasizes spinal feedback generates diverse behaviours of human locomotion: A spinal feedback circuitry generating human locomotion behaviors","True","C:\Users\Ben Bolen\Zotero\storage\8IDUPU25\Song and Geyer - 2015 - A neural circuitry that emphasizes spinal feedback.pdf"
"groups/735051","JPHHF8XP","DWX5GCIZ","10.1109/tnsre.2010.2047592","Geyer","2010","A Muscle-Reflex Model That Encodes Principles of Legged Mechanics Produces Human Walking Dynamics and Muscle Activities","True","C:\Users\Ben Bolen\Zotero\storage\DWX5GCIZ\Geyer and Herr - 2010 - A Muscle-Reflex Model That Encodes Principles of L.pdf"
"groups/735051","EXSVZM3E","WRN7ECRX","","Raissi","2017","Physics Informed Deep Learning (Part II): Data-driven Discovery of Nonlinear Partial Differential Equations","True","C:\Users\Ben Bolen\Zotero\storage\WRN7ECRX\Raissi et al. - 2017 - Physics Informed Deep Learning (Part II) Data-dri.pdf"
"groups/735051","DE5IR4ZL","YB7YQSK2","","Raissi","2017","Physics Informed Deep Learning (Part I): Data-driven Solutions of Nonlinear Partial Differential Equations","True","C:\Users\Ben Bolen\Zotero\storage\YB7YQSK2\Raissi et al. - 2017 - Physics Informed Deep Learning (Part I) Data-driv.pdf"
"groups/735051","SEJHY9D5","BCJZSEQ7","","Miconi","2019","BACKPROPAMINE: TRAINING SELF-MODIFYING NEU- RAL NETWORKS WITH DIFFERENTIABLE NEUROMODU- LATED PLASTICITY","True","C:\Users\Ben Bolen\Zotero\storage\BCJZSEQ7\Miconi et al. - 2019 - BACKPROPAMINE TRAINING SELF-MODIFYING NEU- RAL NE.pdf"
"groups/735051","QM7KFL5J","NQQA442B","","Stewart","","A Technical Overview of the Neural Engineering Framework","True","C:\Users\Ben Bolen\Zotero\storage\NQQA442B\Stewart - A Technical Overview of the Neural Engineering Fra.pdf"
"groups/735051","G25HA4J2","6PNV39EK","","Komer","","A neural representation of continuous space using fractional binding","True","C:\Users\Ben Bolen\Zotero\storage\6PNV39EK\Komer et al. - A neural representation of continuous space using .pdf"
"groups/735051","L32HLZXB","NL5Q8V52","10.13140/rg.2.2.15438.77128","Voelker","2017","Analysis of oscillatory weight changes from online learning with filtered spiking feedback","True","C:\Users\Ben Bolen\Zotero\storage\NL5Q8V52\Voelker and Eliasmith - 2017 - Analysis of oscillatory weight changes from online.pdf"
"groups/735051","XGZ8PSBJ","VNBCVQKN","","Voelker","","A Solution to the Dynamics of the Prescribed Error Sensitivity Learning Rule","True","C:\Users\Ben Bolen\Zotero\storage\VNBCVQKN\Voelker - A Solution to the Dynamics of the Prescribed Error.pdf"
"groups/735051","3TLHQP8W","JH4CL4R6","10.1113/jp272787","Danner","2016","Central control of interlimb coordination and speed-dependent gait expression in quadrupeds","True","C:\Users\Ben Bolen\Zotero\storage\JH4CL4R6\Danner et al. - 2016 - Central control of interlimb coordination and spee.pdf"
"groups/735051","ZYRLGULD","X6BKPU6A","10.3390/biomimetics4010021","Deng","2019","Neuromechanical Model of Rat Hindlimb Walking with Two-Layer CPGs","True","C:\Users\Ben Bolen\Zotero\storage\X6BKPU6A\Deng et al. - 2019 - Neuromechanical Model of Rat Hindlimb Walking with.pdf"
"groups/735051","XPY7L24V","62BXJDG8","","Zajac","1989","Muscle and tendon: properties, models, scaling, and application to biomechanics and motor control.","True","C:\Users\Ben Bolen\Zotero\storage\62BXJDG8\Zajac - 1989 - Muscle and tendon properties, models, scaling, and application to biomechanics and motor control.pdf"
"groups/735051","5SD4D6FX","XDYT27ZB","10.1088/1748-3190/10/4/041001","Buschmann","2015","Controlling legs for locomotion—insights from robotics and neurobiology","True","C:\Users\Ben Bolen\Zotero\storage\XDYT27ZB\Buschmann et al. - 2015 - Controlling legs for locomotion—insights from robo.pdf"
"groups/735051","JFL785DN","GDNGFLJE","10.3233/thc-161167","Zang","2016","Design and control of a pneumatic musculoskeletal biped robot","True","C:\Users\Ben Bolen\Zotero\storage\GDNGFLJE\Zang et al. - 2016 - Design and control of a pneumatic musculoskeletal .pdf"
"groups/735051","XVAEWIKE","Y4BRLXKP","10.1007/978-3-319-63537-8_40","Webster","2017","3D-Printed Biohybrid Robots Powered by Neuromuscular Tissue Circuits from Aplysia californica","True","C:\Users\Ben Bolen\Zotero\storage\Y4BRLXKP\Webster et al. - 2017 - 3D-Printed Biohybrid Robots Powered by Neuromuscul.pdf"
"groups/735051","T4FX7L4M","6W7M9E3I","10.7554/elife.38215","Alessandro","2018","Adaptation after vastus lateralis denervation in rats demonstrates neural regulation of joint stresses and strains","True","C:\Users\Ben Bolen\Zotero\storage\6W7M9E3I\Alessandro et al. - 2018 - Adaptation after vastus lateralis denervation in r.pdf"
"groups/735051","M8JK43UI","R2EWDLR3","10.1109/tbme.2007.901024","Delp","2007","OpenSim: Open-Source Software to Create and Analyze Dynamic Simulations of Movement","True","C:\Users\Ben Bolen\Zotero\storage\R2EWDLR3\Delp et al. - 2007 - OpenSim Open-Source Software to Create and Analyz.pdf"
"groups/735051","LK3R3RR7","KUYGSLMU","10.1109/memsys.2000.838573","Ozaki","2000","An air flow sensor modeled on wind receptor hairs of insects","True","C:\Users\Ben Bolen\Zotero\storage\KUYGSLMU\Ozaki et al. - 2000 - An air flow sensor modeled on wind receptor hairs .pdf"
"groups/735051","U73IYP4I","G9IRUDV3","10.3390/s17051080","Abels","2017","Nitride-Based Materials for Flexible MEMS Tactile and Flow Sensors in Robotics","True","C:\Users\Ben Bolen\Zotero\storage\G9IRUDV3\Abels et al. - 2017 - Nitride-Based Materials for Flexible MEMS Tactile .pdf"
"groups/735051","R29TU2BI","FWR9CBHT","10.1109/jmems.2007.902436","Chen","2007","Design and Characterization of Artificial Haircell Sensor for Flow Sensing With Ultrahigh Velocity and Angular Sensitivity","True","C:\Users\Ben Bolen\Zotero\storage\FWR9CBHT\Chen et al. - 2007 - Design and Characterization of Artificial Haircell.pdf"
"groups/735051","PB8UPELL","CYMPGQRT","10.1038/srep32955","Asadnia","2016","From Biological Cilia to Artificial Flow Sensors: Biomimetic Soft Polymer Nanosensors with High Sensing Performance","True","C:\Users\Ben Bolen\Zotero\storage\CYMPGQRT\Asadnia et al. - 2016 - From Biological Cilia to Artificial Flow Sensors .pdf"
"groups/735051","3YX8SLFP","8JLADR9B","10.1039/c6mh00587j","Xu","2017","Highly sensitive airflow sensors with an ultrathin reduced graphene oxide film inspired by gas exfoliation of graphite oxide","True","C:\Users\Ben Bolen\Zotero\storage\8JLADR9B\Xu et al. - 2017 - Highly sensitive airflow sensors with an ultrathin.pdf"
"groups/735051","8BTFJLJW","5Z3H63LH","10.1016/j.snb.2016.05.091","Sarlo","2016","Flow field sensing with bio-inspired artificial hair cell arrays","True","C:\Users\Ben Bolen\Zotero\storage\5Z3H63LH\Sarlo et al. - 2016 - Flow field sensing with bio-inspired artificial ha.pdf"
"groups/735051","3YGTGKIN","ZHHG7268","","Ivler","","Flight Control Group Lead","True","C:\Users\Ben Bolen\Zotero\storage\ZHHG7268\Ivler et al. - Flight Control Group Lead.pdf"
"groups/735051","ALRMD9WA","YZRNXD57","10.1017/jfm.2016.615","Ling","2016","Reynolds averaged turbulence modelling using deep neural networks with embedded invariance","True","C:\Users\Ben Bolen\Zotero\storage\YZRNXD57\Ling et al. - 2016 - Reynolds averaged turbulence modelling using deep .pdf"
"groups/735051","K5DBPG5Z","YERADUI3","10.1088/1748-3190/aa58d3","Zhang","2017","A review of compliant transmission mechanisms for bio-inspired flapping-wing micro air vehicles","True","C:\Users\Ben Bolen\Zotero\storage\YERADUI3\Zhang and Rossi - 2017 - A review of compliant transmission mechanisms for .pdf"
"groups/735051","VE2MALY4","XTJVKNZY","10.2514/6.2013-1153","Quindlen","2013","Flush Air Data Sensing for Soaring-Capable UAVs","True","C:\Users\Ben Bolen\Zotero\storage\XTJVKNZY\Quindlen and Langelaan - 2013 - Flush Air Data Sensing for Soaring-Capable UAVs.pdf"
"groups/735051","FJUP5VQ4","WSIAY4ZP","10.1109/iros.2018.8593664","Cellucci","2018","Distributed Pressure Sensing for Enabling Self-Aware Autonomous Aerial Vehicles","True","C:\Users\Ben Bolen\Zotero\storage\WSIAY4ZP\Cellucci et al. - 2018 - Distributed Pressure Sensing for Enabling Self-Awa.pdf"
"groups/735051","KCN2ER23","VK4DQ5BT","10.1109/mipro.2015.7160432","Šegvić","2015","Technologies for distributed flight control systems: A review","True","C:\Users\Ben Bolen\Zotero\storage\VK4DQ5BT\Šegvić et al. - 2015 - Technologies for distributed flight control system.pdf"
"groups/735051","ECUFML4R","UF34MPSI","10.1098/rsfs.2016.0080","Pakpong","2017","Dynamics and flight control of a flapping-wing robotic insect in the presence of wind gusts","True","C:\Users\Ben Bolen\Zotero\storage\UF34MPSI\Chirarattananon Pakpong et al. - 2017 - Dynamics and flight control of a flapping-wing rob.pdf"
"groups/735051","RSG3WNXM","TXAQ3RAC","10.1109/cecnet.2011.5768718","Wang","2011","Flight attitude estimation for MAV based on M-estimation","True","C:\Users\Ben Bolen\Zotero\storage\TXAQ3RAC\Wang et al. - 2011 - Flight attitude estimation for MAV based on M-esti.pdf"
"groups/735051","GRNHKK67","SB7HN25X","10.1109/plans.1998.670207","Gebre-Egziabher","1998","A low-cost GPS/inertial attitude heading reference system (AHRS) for general aviation applications","True","C:\Users\Ben Bolen\Zotero\storage\SB7HN25X\Gebre-Egziabher et al. - 1998 - A low-cost GPSinertial attitude heading reference.pdf"
"groups/735051","3DA22HHC","S2V4JRQX","10.1088/1748-3190/11/4/046010","Fisher","2016","The gust-mitigating potential of flapping wings","True","C:\Users\Ben Bolen\Zotero\storage\S2V4JRQX\Fisher et al. - 2016 - The gust-mitigating potential of flapping wings.pdf"
"groups/735051","4KWJDEJH","REM52NP7","10.3182/20120823-5-nl-3013.00049","Giesseler","2012","Model Predictive Control for Gust Load Alleviation","True","C:\Users\Ben Bolen\Zotero\storage\REM52NP7\Giesseler et al. - 2012 - Model Predictive Control for Gust Load Alleviation.pdf"
"groups/735051","GVZKEBZY","NUNEBJR4","10.2514/6.2017-1487","Araujo-Estrada","2017","Bio-inspired Distributed Strain and Airflow Sensing for Small Unmanned Air Vehicle Flight Control","True","C:\Users\Ben Bolen\Zotero\storage\NUNEBJR4\Araujo-Estrada et al. - 2017 - Bio-inspired Distributed Strain and Airflow Sensin.pdf"
"groups/735051","J9WRBRMQ","HMBI3TW5","10.4028/www.scientific.net/amm.629.48","Marino","2014","Sensing Unsteady Pressure on MAV Wings: A New Method for Turbulence Alleviation","True","C:\Users\Ben Bolen\Zotero\storage\HMBI3TW5\Marino et al. - 2014 - Sensing Unsteady Pressure on MAV Wings A New Meth.pdf"
"groups/735051","RK3JWYKL","GWSE5P4J","10.2514/6.2012-4416","Yeo","2012","Aerodynamic Sensing for a Fixed Wing UAS Operating at High Angles of Attack","True","C:\Users\Ben Bolen\Zotero\storage\GWSE5P4J\Yeo et al. - 2012 - Aerodynamic Sensing for a Fixed Wing UAS Operating.pdf"
"groups/735051","FKXIQQMW","D38RH3DR","10.1098/rsfs.2016.0076","J.","2017","On the possibility (or lack thereof) of agreement between experiment and computation of flows over wings at moderate Reynolds number","True","C:\Users\Ben Bolen\Zotero\storage\D38RH3DR\Tank J. et al. - 2017 - On the possibility (or lack thereof) of agreement .pdf"
"groups/735051","ZJT3AJEK","BUV7MA4X","10.2514/6.2013-4979","Yeo","2013","Experimental Validation of an Aerodynamic Sensing Scheme for Post-Stall Aerodynamic Moment Characterization","True","C:\Users\Ben Bolen\Zotero\storage\BUV7MA4X\Yeo et al. - 2013 - Experimental Validation of an Aerodynamic Sensing .pdf"
"groups/735051","KJSG6IVC","AMSKJ6KT","10.1155/2014/598523","Oduyela","2014","Gust Mitigation of Micro Air Vehicles Using Passive Articulated Wings","True","C:\Users\Ben Bolen\Zotero\storage\AMSKJ6KT\Oduyela and Slegers - 2014 - Gust Mitigation of Micro Air Vehicles Using Passiv.pdf"
"groups/735051","MH8N8QPJ","9ZJNVEEN","10.1242/jeb.114553","Ravi","2015","Hummingbird flight stability and control in freestream turbulent winds","True","C:\Users\Ben Bolen\Zotero\storage\9ZJNVEEN\Ravi et al. - 2015 - Hummingbird flight stability and control in freest.pdf"
"groups/735051","EW23WAPF","9QYCEP6C","10.1146/annurev-fluid-010518-040547","Duraisamy","2019","Turbulence Modeling in the Age of Data","True","C:\Users\Ben Bolen\Zotero\storage\9QYCEP6C\Duraisamy et al. - 2019 - Turbulence Modeling in the Age of Data.pdf"
"groups/735051","68RASXWW","88X7UWMA","10.1109/acc.2010.5531002","Keshavan","2010","MAV stability augmentation using weighted outputs from distributed hair sensor arrays","True","C:\Users\Ben Bolen\Zotero\storage\88X7UWMA\Keshavan and Humbert - 2010 - MAV stability augmentation using weighted outputs .pdf"
"groups/735051","EEUV7XPG","823TFSUH","10.1016/j.cub.2012.04.057","Warrick","2012","Hummingbird flight","True","C:\Users\Ben Bolen\Zotero\storage\823TFSUH\Warrick et al. - 2012 - Hummingbird flight.pdf"
"groups/735051","RMQTJH8Y","6L8MEG4S","10.1016/j.ast.2014.12.020","Alam","2015","Active gust load alleviation system for flexible aircraft: Mixed feedforward/feedback approach","True","C:\Users\Ben Bolen\Zotero\storage\6L8MEG4S\Alam et al. - 2015 - Active gust load alleviation system for flexible a.pdf"
"groups/735051","RSG3WNXM","4A9VHR8D","10.1109/cecnet.2011.5768718","Wang","2011","Flight attitude estimation for MAV based on M-estimation","True","C:\Users\Ben Bolen\Zotero\storage\4A9VHR8D\Wang et al. - 2011 - Flight attitude estimation for MAV based on M-esti.pdf"
"groups/735051","7KKBX3T3","54ZDWL7G","10.3390/biomimetics4010021","Deng","2019","Neuromechanical Model of Rat Hindlimb Walking with Two-Layer CPGs","True","C:\Users\Ben Bolen\Zotero\storage\54ZDWL7G\Deng et al. - 2019 - Neuromechanical Model of Rat Hindlimb Walking with.pdf"
"groups/735051","YPB92LLZ","JMQBYRPQ","10.1007/978-3-319-95972-6_15","Vouloutsi","2018","Neuromechanical Model of Rat Hind Limb Walking with Two Layer CPGs and Muscle Synergies","True","C:\Users\Ben Bolen\Zotero\storage\JMQBYRPQ\Deng et al. - 2018 - Neuromechanical Model of Rat Hind Limb Walking wit.pdf"
"groups/735051","DE3LLH9Q","ERAB5RQP","","Koolen","2012","Capturability-based analysis and control of legged locomotion, Part 1: Theory and application to three simple gait models","True","C:\Users\Ben Bolen\Zotero\storage\ERAB5RQP\Koolen et al. - 2012 - Capturability-based analysis and control of legged locomotion, Part 1 Theory and application to three simple gait.pdf"
"groups/735051","TMA4JZDZ","C4DFT8F2","","Pratt","2012","Capturability-based analysis and control of legged locomotion, Part 2: Application to M2V2, a lower-body humanoid","True","C:\Users\Ben Bolen\Zotero\storage\C4DFT8F2\Pratt et al. - 2012 - Capturability-based analysis and control of legged locomotion, Part 2 Application to M2V2, a lower-body humanoid.pdf"
"groups/735051","X5XXF662","ZSVU8A84","10.1016/j.cub.2015.08.044","Cullins","2015","Sensory Feedback Reduces Individuality by Increasing Variability within Subjects","True","C:\Users\Ben Bolen\Zotero\storage\ZSVU8A84\Cullins et al. - 2015 - Sensory Feedback Reduces Individuality by Increasi.pdf"
"groups/735051","Z8ZQIT9I","W4UX9AHU","10.1007/978-3-319-95972-6_57","Vouloutsi","2018","A Neuromechanical Rat Model with a Complete Set of Hind Limb Muscles","True","C:\Users\Ben Bolen\Zotero\storage\W4UX9AHU\Young et al. - 2018 - A Neuromechanical Rat Model with a Complete Set of.pdf"
"groups/735051","WYJQFF9U","ZYRH5PRH","10.1109/lcsys.2018.2871126","Hilts","2018","A Dynamic Neural Network Designed Using Analytical Methods Produces Dynamic Control Properties Similar to an Analogous Classical Controller","True","C:\Users\Ben Bolen\Zotero\storage\ZYRH5PRH\Hilts et al. - 2018 - A Dynamic Neural Network Designed Using Analytical.pdf"
"groups/735051","5A4Y7CLL","VYV7EVLC","","Hilts","2018","Emulating Balance Control Observed in Human Test Subjects with a Neural Network","True","C:\Users\Ben Bolen\Zotero\storage\VYV7EVLC\Hilts et al. - Emulating Balance Control Observed in Human Test S.pdf"
"groups/735051","4997JXFN","5JVP6N2H","10.1007/978-3-319-95972-6_15","Vouloutsi","2018","Neuromechanical Model of Rat Hind Limb Walking with Two Layer CPGs and Muscle Synergies","True","C:\Users\Ben Bolen\Zotero\storage\5JVP6N2H\Deng et al. - 2018 - Neuromechanical Model of Rat Hind Limb Walking wit.pdf"
"groups/735051","QLYVWBC5","8RYYKWP4","10.1109/lcsys.2018.2871126","Hilts","2019","A Dynamic Neural Network Designed Using Analytical Methods Produces Dynamic Control Properties Similar to an Analogous Classical Controller","True","C:\Users\Ben Bolen\Zotero\storage\8RYYKWP4\Hilts et al. - 2019 - A Dynamic Neural Network Designed Using Analytical.pdf"
"groups/735051","HRB95CFE","GGVIGNHD","10.1152/jn.01360.2006.","Torres-oviedo","2007","Muscle Synergies Characterizing Human Postural Responses","True","C:\Users\Ben Bolen\Zotero\storage\GGVIGNHD\Torres-oviedo, Ting - 2007 - Muscle Synergies Characterizing Human Postural Responses.pdf"
"groups/735051","Z929HSHW","I8KKFTBQ","10.1152/jn.01110.2007.","Welch","2008","A Feedback Model Reproduces Muscle Activity During Human Postural Responses to Support-Surface Translations","True","C:\Users\Ben Bolen\Zotero\storage\I8KKFTBQ\Welch, Ting - 2008 - A Feedback Model Reproduces Muscle Activity During Human Postural Responses to Support-Surface Translations.pdf"
"groups/735051","T9J5C67J","YH63C8GI","10.1016/j.neuron.2015.02.042","Ting","2015","Neuromechanical Principles Underlying Movement Modularity and Their Implications for Rehabilitation","True","C:\Users\Ben Bolen\Zotero\storage\YH63C8GI\Ting et al. - 2015 - Neuromechanical Principles Underlying Movement Mod.pdf"
"groups/735051","QEI54YUQ","VMRABCGF","10.1063/1.3142245","Ting","2009","Neuromechanical tuning of nonlinear postural control dynamics.","True","C:\Users\Ben Bolen\Zotero\storage\VMRABCGF\Ting et al. - 2009 - Neuromechanical tuning of nonlinear postural control dynamics.pdf"
"groups/735051","KIESXDSR","2ZB2BMWC","10.1002/cnm.2485","Ting","2012","Review and perspective: neuromechanical considerations for predicting muscle activation patterns for movement","True","C:\Users\Ben Bolen\Zotero\storage\2ZB2BMWC\Ting et al. - 2012 - Review and perspective neuromechanical considerat.pdf"
"groups/735051","E5WNGE26","FUH4N2HT","10.1038/nn1986","Lockhart","2007","Optimal sensorimotor transformations for balance","True","C:\Users\Ben Bolen\Zotero\storage\FUH4N2HT\Lockhart, Ting - 2007 - Optimal sensorimotor transformations for balance.pdf"
"groups/735051","HC4T2LVM","YJQRNF7W","10.1016/j.jbiomech.2007.09.012","McKay","2008","Functional muscle synergies constrain force production during postural tasks.","True","C:\Users\Ben Bolen\Zotero\storage\YJQRNF7W\McKay, Ting - 2008 - Functional muscle synergies constrain force production during postural tasks.pdf"
"groups/735051","WNXDKRZP","LKYYSTGC","10.1101/738385","Bellec","2019","A solution to the learning dilemma for recurrent networks of spiking neurons","True","C:\Users\Ben Bolen\Zotero\storage\LKYYSTGC\Bellec et al. - 2019 - A solution to the learning dilemma for recurrent n.pdf"
"groups/735051","RH6VK92E","CDQ7ZRUB","","Bellec","","Long short-term memory and Learning-to-learn in networks of spiking neurons","True","C:\Users\Ben Bolen\Zotero\storage\CDQ7ZRUB\Bellec et al. - Long short-term memory and Learning-to-learn in ne.pdf"
"groups/735051","4W847RW9","2UF9XUFB","10.3389/fnbot.2017.00037","Szczecinski","2017","A Functional Subnetwork Approach to Designing Synthetic Nervous Systems That Control Legged Robot Locomotion","True","C:\Users\Ben Bolen\Zotero\storage\2UF9XUFB\Szczecinski et al. - 2017 - A Functional Subnetwork Approach to Designing Synt.pdf"
"groups/735051","L2CQ932T","ER95P59Z","10.1109/tnn.2004.832719","Izhikevich","2004","Which model to use for cortical spiking neurons?","True","C:\Users\Ben Bolen\Zotero\storage\ER95P59Z\Izhikevich - 2004 - Which model to use for cortical spiking neurons.pdf"
"groups/735051","CKFSC5JE","TDTHVEF7","","Shadmehr","1992","A mathematical analysis of the force-stiffness characteristics of muscles in control of a single joint system","True","C:\Users\Ben Bolen\Zotero\storage\TDTHVEF7\Shadmehr, Arbib - 1992 - A mathematical analysis of the force-stiffness characteristics of muscles in control of a single joint system.pdf"
"groups/735051","8PPRCUXK","A6KU8E46","","Jacobs","","MECHANICAL OUTPUT FROM INDIVIDUAL MUSCLES DURING EXPLOSIVE LEG EXTENSIONS: THE ROLE OF ~IARTICULAR MUSCLES","True","C:\Users\Ben Bolen\Zotero\storage\A6KU8E46\Jacobs and Bobbert - MECHANICAL OUTPUT FROM INDIVIDUAL MUSCLES DURING E.pdf"
"groups/735051","CGA3ZL8W","W2TEQRJC","10.1016/j.wear.2009.10.014","Mukras","2010","Analysis of planar multibody systems with revolute joint wear","True","C:\Users\Ben Bolen\Zotero\storage\W2TEQRJC\Mukras et al. - 2010 - Analysis of planar multibody systems with revolute.pdf"
"groups/735051","8TM3EN2Y","4ZFFQJ25","10.3109/17453678608993213","Nisell","1986","Joint forces in extension of the knee: Analysis of a mechanical model","True","C:\Users\Ben Bolen\Zotero\storage\4ZFFQJ25\Nisell et al. - 1986 - Joint forces in extension of the knee Analysis of.pdf"
"groups/735051","C3EYKDH6","JI6DIS59","10.1016/0010-4825(95)98882-e","Delp","1995","A graphics-based software system to develop and analyze models of musculoskeletal structures","True","C:\Users\Ben Bolen\Zotero\storage\JI6DIS59\Delp and Loan - 1995 - A graphics-based software system to develop and an.pdf"
"groups/735051","IC8M69G3","S3NQE42U","10.1109/10.102791","Delp","1990","An interactive graphics-based model of the lower extremity to study orthopaedic surgical procedures","True","C:\Users\Ben Bolen\Zotero\storage\S3NQE42U\Delp et al. - 1990 - An interactive graphics-based model of the lower e.pdf"
"groups/735051","ZMZ42A4F","5AX4LTXR","10.1088/1748-3190/aa8290","Li","2017","A neural network with central pattern generators entrained by sensory feedback controls walking of a bipedal model","True","C:\Users\Ben Bolen\Zotero\storage\5AX4LTXR\Li et al. - 2017 - A neural network with central pattern generators e.pdf"
"groups/735051","4NV395JY","SLFIGBCV","10.3389/fnhum.2020.00040","Falisse","2020","Physics-Based Simulations to Predict the Differential Effects of Motor Control and Musculoskeletal Deficits on Gait Dysfunction in Cerebral Palsy: A Retrospective Case Study","True","C:\Users\Ben Bolen\Zotero\storage\SLFIGBCV\Falisse et al. - 2020 - Physics-Based Simulations to Predict the Different.pdf"
"groups/735051","DT42YMAW","WLVAX54M","10.3389/frobt.2018.00105","Grosu","2018","Evaluation and Analysis of Push-Pull Cable Actuation System Used for Powered Orthoses","True","C:\Users\Ben Bolen\Zotero\storage\WLVAX54M\Grosu et al. - 2018 - Evaluation and Analysis of Push-Pull Cable Actuati.pdf"
"groups/735051","UCXWC7G5","DHU6ZG88","10.1088/1748-3190/10/5/055004","Hunt","2015","A biologically based neural system coordinates the joints and legs of a tetrapod","True","C:\Users\Ben Bolen\Zotero\storage\DHU6ZG88\Hunt et al. - 2015 - A biologically based neural system coordinates the.pdf"
"groups/735051","NKH8X876","5GYJR3UX","10.1109/aim.2013.6584102","Tietz","2013","Tetraspine: Robust terrain handling on a tensegrity robot using central pattern generators","True","C:\Users\Ben Bolen\Zotero\storage\5GYJR3UX\Tietz et al. - 2013 - Tetraspine Robust terrain handling on a tensegrity robot using central pattern generators.pdf"
"groups/735051","9XTK2QNC","9WGJWX4T","10.1109/iros.2012.6385462","Wang","2012","Design and development of a cheetah robot under the neural mechanism controlling the leg's muscles","True","C:\Users\Ben Bolen\Zotero\storage\9WGJWX4T\Wang et al. - 2012 - Design and development of a cheetah robot under th.pdf"
"groups/735051","XI8YBGAT","6NJV98T2","","Morrow","2019","Using Two IMU Sensors to Simulate Lower Body Stance","True","C:\Users\Ben Bolen\Zotero\storage\6NJV98T2\Morrow et al. - 2019 - Using Two IMU Sensors to Simulate Lower Body Stanc.pdf"
"groups/735051","T8EMRP8H","92WQ7I97","","Szczecinski","2015","Phase Characterization of Hyperpolarizing and Depolarizing Currents on a Four Neuron CPG Model","True","C:\Users\Ben Bolen\Zotero\storage\92WQ7I97\Szczecinski et al. - 2015 - Phase Characterization of Hyperpolarizing and Depo.pdf"
"groups/735051","U5H7HUP9","YTWALTLA","10.1007/978-3-319-09435-9_13","Hunt","2014","Neuromechanical Simulation of an Inter-leg Controller for Tetrapod Coordination","True","C:\Users\Ben Bolen\Zotero\storage\YTWALTLA\Hunt et al. - 2014 - Neuromechanical Simulation of an Inter-leg Control.pdf"
"groups/735051","4IJAK3US","LTGL49GL","","Scharzenberger","2019","Design of a Canine Inspired Quadruped Robot as a Platform for Synthetic Neural Network Control","True","C:\Users\Ben Bolen\Zotero\storage\LTGL49GL\Scharzenberger et al. - 2019 - Design of a Canine Inspired Quadruped Robot as a P.pdf"
"groups/735051","45GV93Q9","7FHDFBTS","10.1007/978-3-319-09435-9_30","Webster","2014","Design and Control of a Tunable Compliance Actuator","True","C:\Users\Ben Bolen\Zotero\storage\7FHDFBTS\Webster et al. - 2014 - Design and control of a tunable compliance actuato.pdf"
"groups/735051","9GDWMSFA","EPNBECH2","10.1007/978-3-319-42417-0_14","Li","2016","A Neural Network with Central Pattern Generators Entrained by Sensory Feedback Controls Walking of a Bipedal Model","True","C:\Users\Ben Bolen\Zotero\storage\EPNBECH2\Li - A Neural Network with Central Pattern Generators Entrained by Sensory Feedback Controls Walking of a Bipedal Model.pdf"
"groups/735051","8P45FHEH","T5JGCWJT","10.1007/978-3-319-22979-9_21","Hunt","2015","Using Animal Data and Neural Dynamics to Reverse Engineer a Neuromechanical Rat Model","False","C:\Users\Ben Bolen\Zotero\storage\T5JGCWJT\Hunt et al. - 2015 - Using Animal Data and Neural Dynamics to Reverse E.pdf"
"groups/735051","HWZ4MTUN","J4YVB9TB","10.1007/978-3-319-22979-9_21","Hunt","2015","Using Animal Data and Neural Dynamics to Reverse Engineer a Neuromechanical Rat Model","True","C:\Users\Ben Bolen\Zotero\storage\J4YVB9TB\Hunt et al. - 2015 - Using Animal Data and Neural Dynamics to Reverse E.pdf"
"groups/735051","BQ3K6NYG","F6HNVMBL","10.1007/978-3-030-24741-6_2","Bolen","2019","Determination of Artificial Muscle Placement for Biomimetic Humanoid Robot Legs","True","C:\Users\Ben Bolen\Zotero\storage\F6HNVMBL\Bolen and Hunt - 2019 - Determination of Artificial Muscle Placement for B.pdf"
"groups/735051","CRE5W5E2","SCBB96X8","","Bolen","2019","Determination of Artificial Muscle Placement for Biomimetic Humanoid Robot Legs","True","C:\Users\Ben Bolen\Zotero\storage\SCBB96X8\Bolen and Hunt - 2019 - Determination of Artificial Muscle Placement for B.pdf"
"groups/735051","JWAL5WWD","SYNCTGRD","10.1177/1545968310390224","Chang","2011","Doublet Electrical Stimulation Enhances Torque Production in People With Spinal Cord Injury","True","C:\Users\Ben Bolen\Zotero\storage\SYNCTGRD\Chang and Shields - 2011 - Doublet Electrical Stimulation Enhances Torque Pro.pdf"
"groups/735051","VQ37FDTR","65D5W26R","","Hunt","2010","A Biologically Inspired Robot for Assistance in Urban Search and Rescue","True","C:\Users\Ben Bolen\Zotero\storage\65D5W26R\Hunt - 2010 - A Biologically Inspired Robot for Assistance in Ur.pdf"
"groups/735051","JCIMLI7J","UHVYELQ4","10.1073/pnas.1419045111","Akay","2014","Degradation of mouse locomotor pattern in the absence of proprioceptive sensory feedback","True","C:\Users\Ben Bolen\Zotero\storage\UHVYELQ4\Akay et al. - 2014 - Degradation of mouse locomotor pattern in the absence of proprioceptive sensory feedback.pdf"
"groups/735051","JCIMLI7J","MS2V83DD","10.1073/pnas.1419045111","Akay","2014","Degradation of mouse locomotor pattern in the absence of proprioceptive sensory feedback","True","C:\Users\Ben Bolen\Zotero\storage\MS2V83DD\Akay et al. - 2014 - Degradation of mouse locomotor pattern in the absence of proprioceptive sensory feedback.pdf"
"groups/735051","JCIMLI7J","HHYNLE6Q","10.1073/pnas.1419045111","Akay","2014","Degradation of mouse locomotor pattern in the absence of proprioceptive sensory feedback","True","C:\Users\Ben Bolen\Zotero\storage\HHYNLE6Q\Akay et al. - 2014 - Degradation of mouse locomotor pattern in the absence of proprioceptive sensory feedback.pdf"
"groups/735051","JCIMLI7J","GGPMHAFD","10.1073/pnas.1419045111","Akay","2014","Degradation of mouse locomotor pattern in the absence of proprioceptive sensory feedback","True","C:\Users\Ben Bolen\Zotero\storage\GGPMHAFD\Akay et al. - 2014 - Degradation of mouse locomotor pattern in the absence of proprioceptive sensory feedback.pdf"
"groups/735051","JCIMLI7J","EVFRGLE6","10.1073/pnas.1419045111","Akay","2014","Degradation of mouse locomotor pattern in the absence of proprioceptive sensory feedback","True","C:\Users\Ben Bolen\Zotero\storage\EVFRGLE6\Akay et al. - 2014 - Degradation of mouse locomotor pattern in the absence of proprioceptive sensory feedback.pdf"
"groups/735051","JCIMLI7J","8B8F6P9H","10.1073/pnas.1419045111","Akay","2014","Degradation of mouse locomotor pattern in the absence of proprioceptive sensory feedback","True","C:\Users\Ben Bolen\Zotero\storage\8B8F6P9H\Akay et al. - 2014 - Degradation of mouse locomotor pattern in the absence of proprioceptive sensory feedback.pdf"
"groups/735051","PXVEI6VT","5PTBAAM2","10.1007/s00221-006-0542-3","Akay","2006","Coordination of fore and hind leg stepping in cats on a transversely-split treadmill.","True","C:\Users\Ben Bolen\Zotero\storage\5PTBAAM2\Akay et al. - 2006 - Coordination of fore and hind leg stepping in cats on a transversely-split treadmill.pdf"
"groups/735051","PXVEI6VT","SJS9RNVJ","10.1007/s00221-006-0542-3","Akay","2006","Coordination of fore and hind leg stepping in cats on a transversely-split treadmill.","True","C:\Users\Ben Bolen\Zotero\storage\SJS9RNVJ\Akay et al. - 2006 - Coordination of fore and hind leg stepping in cats on a transversely-split treadmill.pdf"
"groups/735051","PXVEI6VT","NNVWEDIZ","10.1007/s00221-006-0542-3","Akay","2006","Coordination of fore and hind leg stepping in cats on a transversely-split treadmill.","True","C:\Users\Ben Bolen\Zotero\storage\NNVWEDIZ\Akay et al. - 2006 - Coordination of fore and hind leg stepping in cats on a transversely-split treadmill.pdf"
"groups/735051","PXVEI6VT","KIWQFZNA","10.1007/s00221-006-0542-3","Akay","2006","Coordination of fore and hind leg stepping in cats on a transversely-split treadmill.","True","C:\Users\Ben Bolen\Zotero\storage\KIWQFZNA\Akay et al. - 2006 - Coordination of fore and hind leg stepping in cats on a transversely-split treadmill.pdf"
"groups/735051","PXVEI6VT","GQR8P7EQ","10.1007/s00221-006-0542-3","Akay","2006","Coordination of fore and hind leg stepping in cats on a transversely-split treadmill.","True","C:\Users\Ben Bolen\Zotero\storage\GQR8P7EQ\Akay et al. - 2006 - Coordination of fore and hind leg stepping in cats on a transversely-split treadmill.pdf"
"groups/735051","PXVEI6VT","6JP4UYHI","10.1007/s00221-006-0542-3","Akay","2006","Coordination of fore and hind leg stepping in cats on a transversely-split treadmill.","True","C:\Users\Ben Bolen\Zotero\storage\6JP4UYHI\Akay et al. - 2006 - Coordination of fore and hind leg stepping in cats on a transversely-split treadmill.pdf"
"groups/735051","N3DFZEXB","I43XWJ2A","10.7554/elife.31050","Danner","2017","Computational modeling of spinal circuits controlling limb coordination and gaits in quadrupeds","True","C:\Users\Ben Bolen\Zotero\storage\I43XWJ2A\Danner et al. - 2017 - Computational modeling of spinal circuits controll.pdf"
"groups/735051","N3DFZEXB","4ZKYRNKB","10.7554/elife.31050","Danner","2017","Computational modeling of spinal circuits controlling limb coordination and gaits in quadrupeds","True","C:\Users\Ben Bolen\Zotero\storage\4ZKYRNKB\Danner et al. - 2017 - Computational modeling of spinal circuits controll.pdf"
"groups/735051","XPM7Z3WM","3ZR6RY8I","10.1109/iros.2008.4651230","Tsujita","2008","Gait transition by tuning muscle tones using pneumatic actuators in quadruped locomotion","True","C:\Users\Ben Bolen\Zotero\storage\3ZR6RY8I\Tsujita et al. - 2008 - Gait transition by tuning muscle tones using pneum.pdf"
"groups/735051","L3HH7WGS","J7JZNQS3","10.1109/tnsre.2010.2047592","Geyer","2010","A Muscle-Reflex Model That Encodes Principles of Legged Mechanics Produces Human Walking Dynamics and Muscle Activities","True","C:\Users\Ben Bolen\Zotero\storage\J7JZNQS3\Geyer and Herr - 2010 - A Muscle-Reflex Model That Encodes Principles of L.pdf"
"groups/735051","673E9GJU","HEQ9E5CD","10.1109/icra.2012.6225307","Song","2012","Regulating speed and generating large speed transitions in a neuromuscular human walking model","True","C:\Users\Ben Bolen\Zotero\storage\HEQ9E5CD\Song and Geyer - 2012 - Regulating speed and generating large speed transi.pdf"
"groups/735051","CJIB6BFN","J5XUNXU9","10.1152/physrev.00028.2005.","Rossignol","2006","Dynamic sensorimotor interactions in locomotion","True","C:\Users\Ben Bolen\Zotero\storage\J5XUNXU9\Rossignol, Dubuc, Gossard - 2006 - Dynamic sensorimotor interactions in locomotion.pdf"
"groups/735051","FR6YCDXE","RGRW6Y5S","10.1016/j.neuron.2006.11.008","Grillner","2006","Biological pattern generation: the cellular and computational logic of networks in motion.","True","C:\Users\Ben Bolen\Zotero\storage\RGRW6Y5S\Grillner - 2006 - Biological pattern generation the cellular and computational logic of networks in motion.pdf"
"groups/735051","I8E8S5XT","KAEHXNUW","10.1142/s0219843611002587","al.","2011","Concept and design of the BIOBIPED1 Robot for human-like walking and running","True","C:\Users\Ben Bolen\Zotero\storage\KAEHXNUW\Concept and design of the BIOBIPED1 Robot for human-like walking and running.pdf"
"groups/735051","XN3DE77W","4SAH4UFC","10.3389/fncom.2013.00126","Schilling","2013","A hexapod walker using a heterarchical architecture for action selection","True","C:\Users\Ben Bolen\Zotero\storage\4SAH4UFC\Schilling et al. - 2013 - A hexapod walker using a heterarchical architecture for action selection.pdf"
"groups/735051","6KCJ36KX","PFYVZG5Y","","Duysens","2000","Load-regulating mechanisms in gait and posture: comparative aspects.","True","C:\Users\Ben Bolen\Zotero\storage\PFYVZG5Y\Duysens, Clarac, Cruse - 2000 - Load-regulating mechanisms in gait and posture comparative aspects.pdf"
"groups/735051","6KCJ36KX","IDPBPJJP","","Duysens","2000","Load-regulating mechanisms in gait and posture: comparative aspects.","True","C:\Users\Ben Bolen\Zotero\storage\IDPBPJJP\Duysens, Clarac, Cruse - 2000 - Load-regulating mechanisms in gait and posture comparative aspects.pdf"
"groups/735051","6KCJ36KX","HFJAMWKC","","Duysens","2000","Load-regulating mechanisms in gait and posture: comparative aspects.","True","C:\Users\Ben Bolen\Zotero\storage\HFJAMWKC\Duysens, Clarac, Cruse - 2000 - Load-regulating mechanisms in gait and posture comparative aspects.pdf"
"groups/735051","6KCJ36KX","FGP2YWT4","","Duysens","2000","Load-regulating mechanisms in gait and posture: comparative aspects.","True","C:\Users\Ben Bolen\Zotero\storage\FGP2YWT4\Duysens, Clarac, Cruse - 2000 - Load-regulating mechanisms in gait and posture comparative aspects.pdf"
"groups/735051","6KCJ36KX","5N45RVAD","","Duysens","2000","Load-regulating mechanisms in gait and posture: comparative aspects.","True","C:\Users\Ben Bolen\Zotero\storage\5N45RVAD\Duysens, Clarac, Cruse - 2000 - Load-regulating mechanisms in gait and posture comparative aspects.pdf"
"groups/735051","6KCJ36KX","4KGC9EAU","","Duysens","2000","Load-regulating mechanisms in gait and posture: comparative aspects.","True","C:\Users\Ben Bolen\Zotero\storage\4KGC9EAU\Duysens, Clarac, Cruse - 2000 - Load-regulating mechanisms in gait and posture comparative aspects.pdf"
"groups/735051","96HL9ZSM","FTCNWLDV","10.1007/s00422-013-0563-5","Schilling","2013","Walknet, a bio-inspired controller for hexapod walking.","True","C:\Users\Ben Bolen\Zotero\storage\FTCNWLDV\Schilling et al. - 2013 - Walknet, a bio-inspired controller for hexapod walking.pdf"
"groups/735051","WWVUFJKC","QT7PDBI6","","Cruse","1990","What mechanisms coordinate leg movement in walking arthropods?","True","C:\Users\Ben Bolen\Zotero\storage\QT7PDBI6\Cruse - 1990 - What mechanisms coordinate leg movement in walking arthropods.pdf"
"groups/735051","WWVUFJKC","H7YFGSNV","","Cruse","1990","What mechanisms coordinate leg movement in walking arthropods?","True","C:\Users\Ben Bolen\Zotero\storage\H7YFGSNV\Cruse - 1990 - What mechanisms coordinate leg movement in walking arthropods.pdf"
"groups/735051","WWVUFJKC","AA5YDXKB","","Cruse","1990","What mechanisms coordinate leg movement in walking arthropods?","True","C:\Users\Ben Bolen\Zotero\storage\AA5YDXKB\Cruse - 1990 - What mechanisms coordinate leg movement in walking arthropods.pdf"
"groups/735051","WWVUFJKC","2ZSW5XHQ","","Cruse","1990","What mechanisms coordinate leg movement in walking arthropods?","True","C:\Users\Ben Bolen\Zotero\storage\2ZSW5XHQ\Cruse - 1990 - What mechanisms coordinate leg movement in walking arthropods.pdf"
"groups/735051","WWVUFJKC","6SU5UIFJ","","Cruse","1990","What mechanisms coordinate leg movement in walking arthropods?","True","C:\Users\Ben Bolen\Zotero\storage\6SU5UIFJ\Cruse - 1990 - What mechanisms coordinate leg movement in walking arthropods.pdf"
"groups/735051","WWVUFJKC","3MFAMHD4","","Cruse","1990","What mechanisms coordinate leg movement in walking arthropods?","True","C:\Users\Ben Bolen\Zotero\storage\3MFAMHD4\Cruse - 1990 - What mechanisms coordinate leg movement in walking arthropods.pdf"
"groups/735051","RKXCUL96","FV8KB2K5","10.1016/j.robot.2004.09.015","Crespi","2005","AmphiBot I: An amphibious snake-like robot","True","C:\Users\Ben Bolen\Zotero\storage\FV8KB2K5\Crespi - AmphiBot I an amphibious snake-like robot.pdf"
"groups/735051","9KBYDCNZ","BQMV8C23","10.1177/0278364913489205","Spröwitz","2013","Towards dynamic trot gait locomotion: Design, control, and experiments with Cheetah-cub, a compliant quadruped robot","True","C:\Users\Ben Bolen\Zotero\storage\BQMV8C23\Spröwitz et al. - 2013 - Towards dynamic trot gait locomotion Design, cont.pdf"
"groups/735051","69VNA8LQ","U3334DI6","10.1016/j.jtbi.2013.06.031","Andrada","2013","Grounded running in quails: simulations indicate benefits of observed fixed aperture angle between legs before touch-down.","True","C:\Users\Ben Bolen\Zotero\storage\U3334DI6\Andrada, Rode, Blickhan - 2013 - Grounded running in quails simulations indicate benefits of observed fixed aperture angle between legs.pdf"
"groups/735051","69VNA8LQ","TMVBYJYZ","10.1016/j.jtbi.2013.06.031","Andrada","2013","Grounded running in quails: simulations indicate benefits of observed fixed aperture angle between legs before touch-down.","True","C:\Users\Ben Bolen\Zotero\storage\TMVBYJYZ\Andrada, Rode, Blickhan - 2013 - Grounded running in quails simulations indicate benefits of observed fixed aperture angle between legs.pdf"
"groups/735051","69VNA8LQ","GGW4DD5T","10.1016/j.jtbi.2013.06.031","Andrada","2013","Grounded running in quails: simulations indicate benefits of observed fixed aperture angle between legs before touch-down.","True","C:\Users\Ben Bolen\Zotero\storage\GGW4DD5T\Andrada, Rode, Blickhan - 2013 - Grounded running in quails simulations indicate benefits of observed fixed aperture angle between legs.pdf"
"groups/735051","69VNA8LQ","G2L3R9WK","10.1016/j.jtbi.2013.06.031","Andrada","2013","Grounded running in quails: simulations indicate benefits of observed fixed aperture angle between legs before touch-down.","True","C:\Users\Ben Bolen\Zotero\storage\G2L3R9WK\Andrada, Rode, Blickhan - 2013 - Grounded running in quails simulations indicate benefits of observed fixed aperture angle between legs.pdf"
"groups/735051","69VNA8LQ","FEY4BLLS","10.1016/j.jtbi.2013.06.031","Andrada","2013","Grounded running in quails: simulations indicate benefits of observed fixed aperture angle between legs before touch-down.","True","C:\Users\Ben Bolen\Zotero\storage\FEY4BLLS\Andrada, Rode, Blickhan - 2013 - Grounded running in quails simulations indicate benefits of observed fixed aperture angle between legs.pdf"
"groups/735051","69VNA8LQ","2CUUPLG8","10.1016/j.jtbi.2013.06.031","Andrada","2013","Grounded running in quails: simulations indicate benefits of observed fixed aperture angle between legs before touch-down.","True","C:\Users\Ben Bolen\Zotero\storage\2CUUPLG8\Andrada, Rode, Blickhan - 2013 - Grounded running in quails simulations indicate benefits of observed fixed aperture angle between legs.pdf"
"groups/735051","M7C6L3QZ","4HAU74YU","10.1115/1.4023390","Millard","2013","Flexing computational muscle: modeling and simulation of musculotendon dynamics.","True","C:\Users\Ben Bolen\Zotero\storage\4HAU74YU\Millard et al. - 2013 - Flexing computational muscle modeling and simulation of musculotendon dynamics.pdf"
"groups/735051","9PFUHHG6","KWHIKEVJ","10.1177/0278364916648388","Hubicki","2016","ATRIAS: Design and validation of a tether-free 3D-capable spring-mass bipedal robot","True","C:\Users\Ben Bolen\Zotero\storage\KWHIKEVJ\Hubicki et al. - 2016 - ATRIAS Design and validation of a tether-free 3D-.pdf"
"groups/735051","SGZ4HH7Q","ZD7GRIAS","","Blickhan","1989","The spring-mass model for running and hopping","True","C:\Users\Ben Bolen\Zotero\storage\ZD7GRIAS\Blickhan - 1989 - The spring-mass model for running and hopping.pdf"
"groups/735051","SGZ4HH7Q","V87KLAGF","","Blickhan","1989","The spring-mass model for running and hopping","True","C:\Users\Ben Bolen\Zotero\storage\V87KLAGF\Blickhan - 1989 - The spring-mass model for running and hopping.pdf"
"groups/735051","SGZ4HH7Q","TL5KDCEF","","Blickhan","1989","The spring-mass model for running and hopping","True","C:\Users\Ben Bolen\Zotero\storage\TL5KDCEF\Blickhan - 1989 - The spring-mass model for running and hopping.pdf"
"groups/735051","SGZ4HH7Q","T63UH45R","","Blickhan","1989","The spring-mass model for running and hopping","True","C:\Users\Ben Bolen\Zotero\storage\T63UH45R\Blickhan - 1989 - The spring-mass model for running and hopping.pdf"
"groups/735051","SGZ4HH7Q","6846WAD7","","Blickhan","1989","The spring-mass model for running and hopping","True","C:\Users\Ben Bolen\Zotero\storage\6846WAD7\Blickhan - 1989 - The spring-mass model for running and hopping.pdf"
"groups/735051","SGZ4HH7Q","QLZ4NGLV","","Blickhan","1989","The spring-mass model for running and hopping","True","C:\Users\Ben Bolen\Zotero\storage\QLZ4NGLV\Blickhan - 1989 - The spring-mass model for running and hopping.pdf"
"groups/735051","SNWA477S","THUEWB4V","10.5545/sv-jme.2017.4491","Mei","2017","Hysteresis Modeling and Compensation of Pneumatic Artificial Muscles using the Generalized Prandtl-Ishlinskii Model","True","C:\Users\Ben Bolen\Zotero\storage\THUEWB4V\Mei et al. - 2017 - Hysteresis Modeling and Compensation of Pneumatic .pdf"
"groups/735051","JB4DFJEU","IC6NN98K","","Šimunič","2010","TWITCH PARAMETERS IN TRANSVERSAL AND LONGITUDINAL BICEPS BRACHII RESPONSE","True","C:\Users\Ben Bolen\Zotero\storage\IC6NN98K\43-94-1-SM.pdf"
"groups/735051","BUFS9CSP","YEWDFCJL","","Sherman","","How to compute muscle moment arm using generalized coordinates","True","C:\Users\Ben Bolen\Zotero\storage\YEWDFCJL\Sherman et al. - How to compute muscle moment arm using generalized.pdf"
"groups/735051","FCVC6W6Y","MTL5SKPH","10.1098/rspb.1938.0050","Hill","1938","The Heat of Shortening and the Dynamic Constants of Muscle","True","C:\Users\Ben Bolen\Zotero\storage\MTL5SKPH\Hill - 1938 - The Heat of Shortening and the Dynamic Constants o.pdf"
"groups/735051","SXMIM2EV","RUPBEWKA","10.1088/1748-3190/aada54","Duysens","2018","Walking with perturbations: a guide for biped humans and robots","True","C:\Users\Ben Bolen\Zotero\storage\RUPBEWKA\Duysens and Forner-Cordero - 2018 - Walking with perturbations a guide for biped huma.pdf"
"groups/735051","F2939FCL","3L8LAQ9G","","Chou","1996","measurement and modeling of mckibben pneumatic artifical muscles.pdf","True","C:\Users\Ben Bolen\Zotero\storage\3L8LAQ9G\measurement and modeling of mckibben pneumatic artifical muscles.pdf"
"groups/735051","NZ2GBL3H","GR5BY5X9","10.1109/biorob.2006.1639174","Tondu","2006","McKibben artificial muscle can be in accordance with the Hill skeletal muscle model","True","C:\Users\Ben Bolen\Zotero\storage\GR5BY5X9\Tondu and Zagal - 2006 - McKibben artificial muscle can be in accordance wi.pdf"
"groups/735051","IH7LZ4WB","52V3XPZ8","10.1109/aim.1999.803170","Klute","1999","McKibben artificial muscles: pneumatic actuators with biomechanical intelligence","True","C:\Users\Ben Bolen\Zotero\storage\52V3XPZ8\Klute et al. - 1999 - McKibben artificial muscles pneumatic actuators w.pdf"
"groups/735051","RS776MUP","XF4TH6FY","10.1126/scirobotics.aaq0899","Asano","2017","Design principles of a human mimetic humanoid: Humanoid platform to study human intelligence and internal body system","True","C:\Users\Ben Bolen\Zotero\storage\XF4TH6FY\Asano et al. - 2017 - Design principles of a human mimetic humanoid Hum.pdf"
"groups/735051","HWT5HSNM","36VBM4EW","10.1109/humanoids.2016.7803376","Asano","2016","Human mimetic musculoskeletal humanoid Kengoro toward real world physically interactive actions","True","C:\Users\Ben Bolen\Zotero\storage\36VBM4EW\Asano et al. - 2016 - Human mimetic musculoskeletal humanoid Kengoro tow.pdf"
"groups/735051","I8NJ9ZEY","7W4D2FXJ","10.5772/55443","Nakanishi","2013","Design Approach of Biologically-Inspired Musculoskeletal Humanoids","True","C:\Users\Ben Bolen\Zotero\storage\7W4D2FXJ\Nakanishi et al. - 2013 - Design Approach of Biologically-Inspired Musculosk.pdf"
"groups/735051","J3VX9LCA","M8WVP96Q","10.1109/iros.2018.8593912","Ishii","2018","Development of a Musculoskeletal Humanoid Robot as a Platform for Biomechanical Research on the Underwater Dolphin Kick","True","C:\Users\Ben Bolen\Zotero\storage\M8WVP96Q\Ishii et al. - 2018 - Development of a Musculoskeletal Humanoid Robot as.pdf"
"groups/735051","EZSB429L","X9FWN89C","10.1016/j.robot.2015.12.002","Liu","2016","Bipedal walking with dynamic balance that involves three-dimensional upper body motion","True","C:\Users\Ben Bolen\Zotero\storage\X9FWN89C\Liu and Urbann - 2016 - Bipedal walking with dynamic balance that involves.pdf"
"groups/735051","7T7LX82C","G7SWSSNX","10.1002/rob.21560","Radford","2015","Valkyrie: NASA's First Bipedal Humanoid Robot: Learned Stochastic Mobility Prediction for Planning","True","C:\Users\Ben Bolen\Zotero\storage\G7SWSSNX\Radford et al. - 2015 - Valkyrie NASA's First Bipedal Humanoid Robot Lea.pdf"
"groups/735051","NN3SPDJ8","IXXDLQ7D","10.1109/icra.2016.7487325","Reher","2016","Realizing dynamic and efficient bipedal locomotion on the humanoid robot DURUS","True","C:\Users\Ben Bolen\Zotero\storage\IXXDLQ7D\Reher et al. - 2016 - Realizing dynamic and efficient bipedal locomotion.pdf"
"groups/735051","AIZH5XUF","ABC5E6JD","10.1098/rsif.2018.0024","Liu","2018","Robotic investigation on effect of stretch reflex and crossed inhibitory response on bipedal hopping","True","C:\Users\Ben Bolen\Zotero\storage\ABC5E6JD\Liu et al. - 2018 - Robotic investigation on effect of stretch reflex .pdf"
"groups/735051","G444C83F","HPCIEGE2","10.1007/s10514-009-9171-6","Hosoda","2010","Pneumatic-driven jumping robot with anthropomorphic muscular skeleton structure","True","C:\Users\Ben Bolen\Zotero\storage\HPCIEGE2\Hosoda et al. - 2010 - Pneumatic-driven jumping robot with anthropomorphi.pdf"
"groups/735051","WJHKQVU4","LKZBJ9QL","10.1115/1.4023390","Millard","2013","Flexing Computational Muscle: Modeling and Simulation of Musculotendon Dynamics","True","C:\Users\Ben Bolen\Zotero\storage\LKZBJ9QL\Millard et al. - 2013 - Flexing Computational Muscle Modeling and Simulat.pdf"
"groups/735051","IF5N7PEA","5P74K9AB","10.1109/10.102791","Delp","1990","An interactive graphics-based model of the lower extremity to study orthopaedic surgical procedures","True","C:\Users\Ben Bolen\Zotero\storage\5P74K9AB\Delp et al. - 1990 - An interactive graphics-based model of the lower e.pdf"
"groups/735051","KNAY4XY3","LNYYE6DT","10.1302/0301-620x.97b4.34638","van Arkel","2015","The capsular ligaments provide more hip rotational restraint than the acetabular labrum and the ligamentum teres","True","C:\Users\Ben Bolen\Zotero\storage\LNYYE6DT\van Arkel et al. - 2015 - The capsular ligaments provide more hip rotational.pdf"
"groups/735051","2UQEDLWN","WJ3J8L9N","10.1016/s0021-9290(99)00009-3","Riener","1999","Identification of passive elastic joint moments in the lower extremities","True","C:\Users\Ben Bolen\Zotero\storage\WJ3J8L9N\Riener and Edrich - 1999 - Identification of passive elastic joint moments in.pdf"
"groups/735051","4H2L388Z","JZ8FGVLK","10.1142/s0219519412004454","Heger","2012","A quasi-linear viscoelastic model for the passive properties of the human hip joint","True","C:\Users\Ben Bolen\Zotero\storage\JZ8FGVLK\Heger et al. - 2012 - A quasi-linear viscoelastic model for the passive .pdf"
"groups/735051","Q4NF6ZVU","ZKRQGCXA","10.1016/0021-9290(88)90248-5","Winters","1988","An analysis of the sources of musculoskeletal system impedance","True","C:\Users\Ben Bolen\Zotero\storage\ZKRQGCXA\Winters et al. - 1988 - An analysis of the sources of musculoskeletal syst.pdf"
"groups/735051","E8RBQTFJ","TW2EFPVZ","10.1371/journal.pone.0059993","Shamaei","2013","Estimation of Quasi-Stiffness of the Human Knee in the Stance Phase of Walking","True","C:\Users\Ben Bolen\Zotero\storage\TW2EFPVZ\Shamaei et al. - 2013 - Estimation of Quasi-Stiffness of the Human Knee in.pdf"
"groups/735051","VS8VGYUP","KIE3XNLB","","Riemann","2001","The Effects of Sex, Joint Angle, and the Gastrocnemius Muscle on Passive Ankle Joint Complex Stiffness","True","C:\Users\Ben Bolen\Zotero\storage\KIE3XNLB\Riemann et al. - 2001 - The Effects of Sex, Joint Angle, and the Gastrocne.pdf"
"groups/735051","E6G65ZAN","8BM79AE5","10.1152/japplphysiol.91189.2008","van der Krogt","2009","Robust passive dynamics of the musculoskeletal system compensate for unexpected surface changes during human hopping","True","C:\Users\Ben Bolen\Zotero\storage\8BM79AE5\van der Krogt et al. - 2009 - Robust passive dynamics of the musculoskeletal sys.pdf"
"groups/735051","WQAA4LSP","BZMHFBKD","10.1016/j.clinbiomech.2003.09.003","Blackburn","2004","Sex comparison of extensibility, passive, and active stiffness of the knee flexors","True","C:\Users\Ben Bolen\Zotero\storage\BZMHFBKD\Blackburn et al. - 2004 - Sex comparison of extensibility, passive, and acti.pdf"
"groups/735051","IXGZ4RV5","5BDYELPN","10.1016/0021-9290(86)90196-x","Weiss","1986","Position dependence of ankle joint dynamics—I. Passive mechanics","True","C:\Users\Ben Bolen\Zotero\storage\5BDYELPN\Weiss et al. - 1986 - Position dependence of ankle joint dynamics—I. Pas.pdf"
"groups/735051","LGXLBXRP","2ZMXHQ4I","10.3389/fneur.2018.01045","Peterka","2018","Implementation of a Central Sensorimotor Integration Test for Characterization of Human Balance Control During Stance","True","C:\Users\Ben Bolen\Zotero\storage\2ZMXHQ4I\Peterka et al. - 2018 - Implementation of a Central Sensorimotor Integrati.pdf"
"groups/735051","7PFGB9HM","7EQ73GB7","10.1146/annurev.neuro.31.060407.125555","Angelaki","2008","Vestibular System: The Many Facets of a Multimodal Sense","True","C:\Users\Ben Bolen\Zotero\storage\7EQ73GB7\Angelaki and Cullen - 2008 - Vestibular System The Many Facets of a Multimodal.pdf"
"groups/735051","CQEBYSPV","IQTX6NMJ","","Shoemake","1985","animating rotation with quaternion curves.pdf","True","C:\Users\Ben Bolen\Zotero\storage\IQTX6NMJ\animating rotation with quaternion curves.pdf"
"groups/735051","JKIGC7Z8","TM7TFZ9Y","10.1016/j.proeng.2016.06.266","Dinu","2016","Accuracy of Postural Human-motion Tracking Using Miniature Inertial Sensors","True","C:\Users\Ben Bolen\Zotero\storage\TM7TFZ9Y\Dinu et al. - 2016 - Accuracy of Postural Human-motion Tracking Using M.pdf"
"groups/735051","N9QQHMZV","QYSCJA5J","","Pai","1997","Center of Mass Velocity Position Prediction for Balance Control.pdf","True","C:\Users\Ben Bolen\Zotero\storage\QYSCJA5J\Center of Mass Velocity Position Prediction for Balance Control.pdf"
"groups/735051","MAUI5ZMH","EIXSFDFS","10.1016/j.mspro.2014.07.907","Jogi","2014","Study of Mechanical and Crystalline Behavior of Polyamide 6/Hytrel/Carbon Nanotubes (CNT) based Polymer Composites","True","C:\Users\Ben Bolen\Zotero\storage\EIXSFDFS\Study of mechanical and crystalline behavior of polyamide 6-hytrel-carbon nanotubes (CNT) based polymer composites.pdf"
"groups/735051","ICAZ6AH4","RJNR4ZQ6","10.1177/0021998306067321","Hussain","2006","Review article: Polymer-matrix Nanocomposites, Processing, Manufacturing, and Application: An Overview","True","C:\Users\Ben Bolen\Zotero\storage\RJNR4ZQ6\Review article_ Polymer-matrix Nanocomposites, Processing, Manufacturing, and Application_ An Overview.pdf"
"groups/735051","FV4KA88W","QBJGH2CX","","Unknown","2019","Markforged Material Datasheet Composites","True","C:\Users\Ben Bolen\Zotero\storage\QBJGH2CX\onyx-composites-data-sheet.pdf"
"groups/735051","Q2WEVWV5","ICJHBQ7R","","Unknown","","Machining recommendations for semi-finished engineering plastics","True","C:\Users\Ben Bolen\Zotero\storage\ICJHBQ7R\Machining-Engineering-Plastics.pdf"
"groups/735051","GNDK5W78","NN7CNJ85","10.1016/j.carbon.2005.01.007","Song","2005","Influence of dispersion states of carbon nanotubes on physical properties of epoxy nanocomposites","True","C:\Users\Ben Bolen\Zotero\storage\NN7CNJ85\Influence of dispersion states of carbon nanotubes on physical properties of epoxy nanocomposites.pdf"
"groups/735051","M2TM9TQ9","47AP9X6T","10.3390/polym9070243","Ding","2017","Fracture failure mechanisms of long single PA6 fibers","True","C:\Users\Ben Bolen\Zotero\storage\47AP9X6T\Fracture failure mechanisms of long single PA6 fibers.pdf"
"groups/735051","UWEWXEGG","2Q63JT3I","10.1111/jmi.12273","Brodusch","2015","Efficient cross-section preparation method for high-resolution imaging of hard polymer composites with a scanning electron microscope","True","C:\Users\Ben Bolen\Zotero\storage\2Q63JT3I\Efficient cross-section preparation method for high-resolution imaging of hard polymer composites with a SEM.pdf"
"groups/735051","XPNDJRVV","CIADMEBV","10.1016/j.compositesb.2008.01.002","Fu","2008","Effects of particle size, particle/matrix interface adhesion and particle loading on mechanical properties of particulate–polymer composites","True","C:\Users\Ben Bolen\Zotero\storage\CIADMEBV\Effects of particle size, particle-matrix interface adhesion, and particle loading on mechanical properties of particulate-polymer composites.pdf"
"groups/735051","2MT6WQ89","E8CBAFEH","10.1016/0032-3861(95)99780-x","Murthy","1995","Drawing and annealing of nylon-6 fibres: studies of crystal growth, orientation of amorphous and crystalline domains and their influence on properties","True","C:\Users\Ben Bolen\Zotero\storage\E8CBAFEH\Drawing and annealing of nylon-6 fibres studies of crystal growth, orientation of amorphous and crystalline domains and their influence on properties.pdf"
"groups/735051","AFPXDT3S","ZMU2KSUJ","10.1016/j.compositesb.2016.12.009","Kim","2017","Cure behaviors and mechanical properties of carbon fiber-reinforced nylon6/epoxy blended matrix composites","True","C:\Users\Ben Bolen\Zotero\storage\ZMU2KSUJ\Cure behaviors and mechanical properties of carbon fiber-reinforced nylon6-epoxy blended matrix composites.pdf"
"groups/735051","7S36QVQJ","2BP5JMNK","10.1016/s0014-3057(03)00166-6","Liu","2003","Crystallization, morphology, and dynamic mechanical properties of poly(trimethylene terephthalate)/clay nanocomposites","True","C:\Users\Ben Bolen\Zotero\storage\2BP5JMNK\Crystallization, morphology, and dynamic mechanical properties of poly(trimethylene terephthalate)-clay nanocomposites.pdf"
"groups/735051","84UFP963","TSJDIE32","10.10002/app.27941","Rath","2008","Change in fiber properties due to the heat treatment of nylon 6 tire cords","True","C:\Users\Ben Bolen\Zotero\storage\TSJDIE32\Change in fiber properties due to the heat treatment of nylon 6 tire cords.pdf"
"groups/735051","S8N48FT6","K7ICDZRE","10.1021/ma035594f","Zhang","2003","Carbon Nanotubes Reinforced Nylon-6 Composite Prepared by Simple Melt-Compounding","True","C:\Users\Ben Bolen\Zotero\storage\K7ICDZRE\Carbon nanotubes reinforced nylon-6 composite prepared by simple melt-compounding.pdf"
"groups/735051","IPGQSKBE","UE575WQ6","","Clark","1996","Influence of the Interphase on the Mechanical Properties of Nylon 66 Composites","True","C:\Users\Ben Bolen\Zotero\storage\UE575WQ6\Influence of the interphase on the mechanical properties of nylon 66 composites.pdf"
"groups/735051","NUHWFZ2P","YTGKXVXT","10.12989/sem.2012.41.2.263","Rezaiee-Pajand","2012","Estimating the Region of Attraction via collocation for autonomous nonlinear systems","True","C:\Users\Ben Bolen\Zotero\storage\YTGKXVXT\Rezaiee-Pajand and Moghaddasie - 2012 - Estimating the Region of Attraction via collocatio.pdf"
"groups/735051","5DPNWZ8L","RIG3N3HM","","Pursche","2016","Estimation of the Domain of Attraction for Nonlinear Autonomous Systems using a Bezoutian Approach.","True","C:\Users\Ben Bolen\Zotero\storage\RIG3N3HM\Pursche et al. - 2016 - Estimation of the Domain of Attraction for Nonline.pdf"
"groups/735051","HJUJWYY5","U5YVS4ST","","Alaraifi","2018","Regions of Attraction Approximation Using Individual Invariance","True","C:\Users\Ben Bolen\Zotero\storage\U5YVS4ST\Alaraifi et al. - 2018 - Regions of Attraction Approximation Using Individu.pdf"
"groups/735051","DNQLMAVW","SV6QGS4J","10.1177/0142331217752799","Yuan","2019","Estimation of the regions of attraction for autonomous nonlinear systems","True","C:\Users\Ben Bolen\Zotero\storage\SV6QGS4J\Yuan and Li - 2019 - Estimation of the regions of attraction for autono.pdf"
"groups/735051","WRR5JN7U","MICVE5X4","","Hilts","2018","Emulating Balance Control Observed in Human Test Subjects with a Neural Network","True","C:\Users\Ben Bolen\Zotero\storage\MICVE5X4\Hilts - 2018 - Emulating Balance Control Observed in Human Test S.pdf"
"groups/735051","3JWPPTCG","568KS53S","","Unknown","","MTi and MTx User Manual and Technical Documentation","True","C:\Users\Ben Bolen\Zotero\storage\568KS53S\MTi and MTx User Manual and Technical Documentatio.pdf"
"groups/735051","VM4F52S8","PZ7U7KEM","","Mergner","1999","A Simple Model of Vestibular Canal-Otolith Signal Fusion","True","C:\Users\Ben Bolen\Zotero\storage\PZ7U7KEM\A Simple Model of Vestibular Canal Otolith Signal Fusion.pdf"
"groups/735051","PHUNWT3D","NVJ58R3D","","Scharzenberger","2019","Design of a Canine Inspired Quadruped Robot as a Platform for Synthetic Neural Network Control","True","C:\Users\Ben Bolen\Zotero\storage\NVJ58R3D\Scharzenberger - 2019 - Design of a Canine Inspired Quadruped Robot as a P.pdf"
"groups/735051","4RS97224","EEN32PBV","10.2514/6.2017-1487","Araujo-Estrada","2017","Bio-inspired Distributed Strain and Airflow Sensing for Small Unmanned Air Vehicle Flight Control","True","C:\Users\Ben Bolen\Zotero\storage\EEN32PBV\Araujo-Estrada et al. - 2017 - Bio-inspired Distributed Strain and Airflow Sensin.pdf"
"groups/735051","J8ICEH85","6Z7WGF8Y","10.1109/tnn.2003.816035","Yang","2003","Implementation of an RBF neural network on embedded systems: real-time face tracking and identity verification","True","C:\Users\Ben Bolen\Zotero\storage\6Z7WGF8Y\3P_FaceReco_Paindavoine_IEEE-Neural_2003.pdf"
"groups/735051","J8ICEH85","2C43CVMG","10.1109/tnn.2003.816035","Yang","2003","Implementation of an RBF neural network on embedded systems: real-time face tracking and identity verification","True","C:\Users\Ben Bolen\Zotero\storage\2C43CVMG\Yang and Paindavoine - 2003 - Implementation of an RBF neural network on embedde.pdf"
"groups/735051","VDQ96GP3","EJISRNIL","10.1371/journal.pbio.0060115","Stavenga","2008","One Rhodopsin per Photoreceptor: Iro-C Genes Break the Rule","True","C:\Users\Ben Bolen\Zotero\storage\EJISRNIL\Stavenga and Arikawa - 2008 - One Rhodopsin per Photoreceptor Iro-C Genes Break.pdf"
"groups/735051","VDQ96GP3","A6BKJAHS","10.1371/journal.pbio.0060115","Stavenga","2008","One Rhodopsin per Photoreceptor: Iro-C Genes Break the Rule","True","C:\Users\Ben Bolen\Zotero\storage\A6BKJAHS\document (7).pdf"
"groups/735051","7GXMDX4Y","3BYU53N6","10.1371/journal.pcbi.1000860","Spavieri","2010","Coding Efficiency of Fly Motion Processing Is Set by Firing Rate, Not Firing Precision","True","C:\Users\Ben Bolen\Zotero\storage\3BYU53N6\document (38).pdf"
"groups/735051","JNDRFXBW","7GVSGKWD","10.1109/ahs.2008.13","Shayani","2008","Hardware Implementation of a Bio-plausible Neuron Model for Evolution and Growth of Spiking Neural Networks on FPGA","True","C:\Users\Ben Bolen\Zotero\storage\7GVSGKWD\Shayani et al. - 2008 - Hardware Implementation of a Bio-plausible Neuron .pdf"
"groups/735051","FD4228EF","ZZL2MDEM","10.1109/ebccsp.2017.8022822","Raharijaona","2017","Toward an insect-inspired event-based autopilot combining both visual and control events","True","C:\Users\Ben Bolen\Zotero\storage\ZZL2MDEM\Raharijaona et al. - 2017 - Toward an insect-inspired event-based autopilot co.pdf"
"groups/735051","J665FNFZ","ZHND32KT","10.1109/iscas.2003.1205152","Ruffier","2003","Bio-inspired optical flow circuits for the visual guidance of micro air vehicles","True","C:\Users\Ben Bolen\Zotero\storage\ZHND32KT\Ruffier et al. - 2003 - Bio-inspired optical flow circuits for the visual .pdf"
"groups/735051","U496ZFI9","VWDHQGAX","10.1109/icm.2004.1434697","Mohd-Yasin","2004","The FPGA prototyping of iris recognition for biometric identification employing neural network","True","C:\Users\Ben Bolen\Zotero\storage\VWDHQGAX\Mohd-Yasin et al. - 2004 - The FPGA prototyping of iris recognition for biome.pdf"
"groups/735051","U3H52BTN","UBSNLKU7","10.1016/j.robot.2004.09.016","Ruffier","2005","Optic flow regulation: the key to aircraft automatic guidance","True","C:\Users\Ben Bolen\Zotero\storage\UBSNLKU7\Ruffier and Franceschini - 2005 - Optic flow regulation the key to aircraft automat.pdf"
"groups/735051","TBZ3RSLF","Q8USTDL3","10.1117/12.969868","Pichon","1990","Visual Guidance Of A Mobile Robot Equipped With A Network Of Self-Motion Sensors","True","C:\Users\Ben Bolen\Zotero\storage\Q8USTDL3\Pichon et al. - 1990 - Visual Guidance Of A Mobile Robot Equipped With A .pdf"
"groups/735051","5EJEVJJ8","NAAUZSJM","10.1109/reconfig.2009.77","Rice","2009","FPGA Implementation of Izhikevich Spiking Neural Networks for Character Recognition","True","C:\Users\Ben Bolen\Zotero\storage\NAAUZSJM\Rice et al. - 2009 - FPGA Implementation of Izhikevich Spiking Neural N.pdf"
"groups/735051","FUMHKUSX","L4DZ84KE","10.1109/71.744833","Ratha","1999","Computer vision algorithms on reconfigurable logic arrays","True","C:\Users\Ben Bolen\Zotero\storage\L4DZ84KE\Ratha and Jain - 1999 - Computer vision algorithms on reconfigurable logic.pdf"
"groups/735051","F83UXCB2","GUJY2DCZ","10.1109/jsen.2012.2230622","Roubieu","2013","Two-Directional 1-g Visual Motion Sensor Inspired by the Fly's Eye","True","C:\Users\Ben Bolen\Zotero\storage\GUJY2DCZ\Roubieu et al. - 2013 - Two-Directional 1-g Visual Motion Sensor Inspired .pdf"
"groups/735051","R627IKU8","FTQZVAWG","10.1016/j.neucom.2010.03.021","Misra","2010","Artificial neural networks in hardware: A survey of two decades of progress","True","C:\Users\Ben Bolen\Zotero\storage\FTQZVAWG\document (4).pdf"
"groups/735051","TBZ3RSLF","EHC7SQ9L","10.1117/12.969868","Pichon","1990","Visual Guidance Of A Mobile Robot Equipped With A Network Of Self-Motion Sensors","True","C:\Users\Ben Bolen\Zotero\storage\EHC7SQ9L\Pichon et al. - 1990 - Visual Guidance Of A Mobile Robot Equipped With A .pdf"
"groups/735051","U496ZFI9","B6E5HP3T","10.1109/icm.2004.1434697","Mohd-Yasin","2004","The FPGA prototyping of iris recognition for biometric identification employing neural network","True","C:\Users\Ben Bolen\Zotero\storage\B6E5HP3T\01434697.pdf"
"groups/735051","R627IKU8","86FCCTEX","10.1016/j.neucom.2010.03.021","Misra","2010","Artificial neural networks in hardware: A survey of two decades of progress","True","C:\Users\Ben Bolen\Zotero\storage\86FCCTEX\Misra and Saha - 2010 - Artificial neural networks in hardware A survey o.pdf"
"groups/735051","BT7CT3HH","XJDAA7DA","10.1016/j.neuron.2011.03.028","Eichner","2011","Internal Structure of the Fly Elementary Motion Detector","True","C:\Users\Ben Bolen\Zotero\storage\XJDAA7DA\Eichner et al. - 2011 - Internal Structure of the Fly Elementary Motion De.pdf"
"groups/735051","F3FHHJXC","UPKI5I8X","10.1109/tuffc.2009.1009","Lin","2009","FPGA-based elman neural network control system for linear ultrasonic motor","True","C:\Users\Ben Bolen\Zotero\storage\UPKI5I8X\Lin and Hung - 2009 - FPGA-based elman neural network control system for.pdf"
"groups/735051","ILVBXMKL","P57HF4RS","10.1016/j.neucom.2006.11.029","Maguire","2007","Challenges for large-scale implementations of spiking neural networks on FPGAs","True","C:\Users\Ben Bolen\Zotero\storage\P57HF4RS\Maguire et al. - 2007 - Challenges for large-scale implementations of spik.pdf"
"groups/735051","TYZBHRBA","NACLUS6H","10.1109/fccm.2015.50","Li","2015","FPGA Acceleration of Recurrent Neural Network Based Language Model","True","C:\Users\Ben Bolen\Zotero\storage\NACLUS6H\Li et al. - 2015 - FPGA Acceleration of Recurrent Neural Network Base.pdf"
"groups/735051","KZ5EB3IP","MXVGAYX9","10.1371/journal.pcbi.1000860","Jr","2010","Coding Efficiency of Fly Motion Processing Is Set by Firing Rate, Not Firing Precision","True","C:\Users\Ben Bolen\Zotero\storage\MXVGAYX9\Jr et al. - 2010 - Coding Efficiency of Fly Motion Processing Is Set .pdf"
"groups/735051","HQFYAQIS","MQTAKJYY","10.1109/tnn.2005.852237","Maeda","2005","Simultaneous perturbation learning rule for recurrent neural networks and its FPGA implementation","True","C:\Users\Ben Bolen\Zotero\storage\MQTAKJYY\Maeda and Wakamura - 2005 - Simultaneous perturbation learning rule for recurr.pdf"
"groups/735051","74RR54ME","JLASEB8N","10.1073/pnas.1219068110","Floreano","2013","Miniature curved artificial compound eyes","True","C:\Users\Ben Bolen\Zotero\storage\JLASEB8N\Floreano et al. - 2013 - Miniature curved artificial compound eyes.pdf"
"groups/735051","B7592WSE","IBWNQYT4","10.1038/35093002","Hardie","2001","Visual transduction in Drosophila","True","C:\Users\Ben Bolen\Zotero\storage\IBWNQYT4\Hardie and Raghu - 2001 - Visual transduction in Drosophila.pdf"
"groups/735051","PGQDMMGY","GYN99QZK","10.1016/j.cub.2015.01.013","Frye","2015","Elementary motion detectors","True","C:\Users\Ben Bolen\Zotero\storage\GYN99QZK\Frye - 2015 - Elementary motion detectors.pdf"
"groups/735051","VCRUQ82P","C2IC9NTF","10.1016/s0925-2312(02)00627-6","Hung","2003","Digital hardware realization of a recurrent neural network for solving the assignment problem","True","C:\Users\Ben Bolen\Zotero\storage\C2IC9NTF\document (5).pdf"
"groups/735051","BY42KNQJ","ABRTWMZC","10.1016/j.cub.2006.12.032","Franceschini","2007","A Bio-Inspired Flying Robot Sheds Light on Insect Piloting Abilities","True","C:\Users\Ben Bolen\Zotero\storage\ABRTWMZC\Franceschini et al. - 2007 - A Bio-Inspired Flying Robot Sheds Light on Insect .pdf"
"groups/735051","4RT5XCCU","87ENKRSP","","Eichner","2011","Internal structure of the fly elementary motion detector","True","C:\Users\Ben Bolen\Zotero\storage\87ENKRSP\Eichner,+Hubert.pdf"
"groups/735051","VCRUQ82P","6AFC5X2N","10.1016/s0925-2312(02)00627-6","Hung","2003","Digital hardware realization of a recurrent neural network for solving the assignment problem","True","C:\Users\Ben Bolen\Zotero\storage\6AFC5X2N\Hung and Wang - 2003 - Digital hardware realization of a recurrent neural.pdf"
"groups/735051","JSTBWITQ","49X7ZCX5","","Eichner","2011","Internal Structure of the Fly Elementary Motion Detector","True","C:\Users\Ben Bolen\Zotero\storage\49X7ZCX5\Eichner,+Hubert.pdf"
"groups/735051","TYZBHRBA","M69CX9GV","10.1109/fccm.2015.50","Li","2015","FPGA Acceleration of Recurrent Neural Network Based Language Model","False","C:\Users\Ben Bolen\Zotero\storage\M69CX9GV\059a1fb6ac87e73bdf3a21a6cb96519486e5.pdf"
"groups/735051","JTXLJPMD","UNW8FB6F","","Cuntz","2007","Robust coding of flow-field parameters by axo-axonal gap junctions between fly visual interneurons","True","C:\Users\Ben Bolen\Zotero\storage\UNW8FB6F\10229.full.pdf"
"groups/735051","YJX8DTMA","TAWP22YK","10.1073/pnas.0703697104","Cuntz","2007","Robust coding of flow-field parameters by axo-axonal gap junctions between fly visual interneurons","True","C:\Users\Ben Bolen\Zotero\storage\TAWP22YK\Cuntz et al. - 2007 - Robust coding of flow-field parameters by axo-axon.pdf"
"groups/735051","6P77Y6TH","RC3TQKVB","10.1109/tvt.2008.915524","Caner","2008","Efficient Embedded Neural-Network-Based License Plate Recognition System","True","C:\Users\Ben Bolen\Zotero\storage\RC3TQKVB\04425797.pdf"
"groups/735051","6P77Y6TH","QW2XDW8W","10.1109/tvt.2008.915524","Caner","2008","Efficient Embedded Neural-Network-Based License Plate Recognition System","True","C:\Users\Ben Bolen\Zotero\storage\QW2XDW8W\Caner et al. - 2008 - Efficient Embedded Neural-Network-Based License Pl.pdf"
"groups/735051","XZQRRCCQ","KLTB2JQY","10.1016/j.neunet.2013.05.011","Cassidy","2013","Design of silicon brains in the nano-CMOS era: Spiking neurons, learning synapses and neural architecture optimization","True","C:\Users\Ben Bolen\Zotero\storage\KLTB2JQY\Cassidy et al. - 2013 - Design of silicon brains in the nano-CMOS era Spi.pdf"
"groups/735051","3GNH6CE3","9T8ZAEJU","10.1016/s0896-6273(02)00876-0","Clandinin","2002","Making Connections in the Fly Visual System","True","C:\Users\Ben Bolen\Zotero\storage\9T8ZAEJU\document (6).pdf"
"groups/735051","3GNH6CE3","8NUDFNZU","10.1016/s0896-6273(02)00876-0","Clandinin","2002","Making Connections in the Fly Visual System","True","C:\Users\Ben Bolen\Zotero\storage\8NUDFNZU\Clandinin and Zipursky - 2002 - Making Connections in the Fly Visual System.pdf"
"groups/735051","SM6LKCJ2","7F47T6ZW","10.1038/nrn3799","Borst","2014","Fly visual course control: behaviour, algorithms and circuits","True","C:\Users\Ben Bolen\Zotero\storage\7F47T6ZW\nrn3799.pdf"
"groups/735051","GSH4HPZR","GUBBZ4RD","10.1109/iciea.2015.7334442","Gui","2015","MEMS based IMU for tilting measurement: Comparison of complementary and kalman filter based data fusion","True","C:\Users\Ben Bolen\Zotero\storage\GUBBZ4RD\Gui et al. - 2015 - MEMS based IMU for tilting measurement Comparison.pdf"
"groups/735051","9BU5U3DE","YYERVSJK","","Roetenberg","2013","Xsens MVN: Full 6DOF Human Motion Tracking Using Miniature Inertial Sensors","True","C:\Users\Ben Bolen\Zotero\storage\YYERVSJK\Roetenberg et al. - 2013 - Xsens MVN Full 6DOF Human Motion Tracking Using M.pdf"
"groups/735051","8KFSXPUY","7IWGNPTL","10.1109/titb.2005.856864","Karantonis","2006","Implementation of a Real-Time Human Movement Classifier Using a Triaxial Accelerometer for Ambulatory Monitoring","True","C:\Users\Ben Bolen\Zotero\storage\7IWGNPTL\Karantonis et al. - 2006 - Implementation of a Real-Time Human Movement Class.pdf"
"groups/735051","CG3AEUEI","DRTBTVQD","10.1007/bf02344720","Zheng","2005","Position-sensing technologies for movement analysis in stroke rehabilitation","True","C:\Users\Ben Bolen\Zotero\storage\DRTBTVQD\Zheng et al. - 2005 - Position-sensing technologies for movement analysi.pdf"
"groups/735051","FK339EI2","QW4FD3FI","10.3390/s150819302","Valenti","2015","Keeping a Good Attitude: A Quaternion-Based Orientation Filter for IMUs and MARGs","True","C:\Users\Ben Bolen\Zotero\storage\QW4FD3FI\Valenti et al. - 2015 - Keeping a Good Attitude A Quaternion-Based Orient.pdf"
"groups/735051","9VGR92WN","6BKD9V78","10.3390/s18113765","Yi","2018","Estimating Three-Dimensional Body Orientation Based on an Improved Complementary Filter for Human Motion Tracking","True","C:\Users\Ben Bolen\Zotero\storage\6BKD9V78\Yi et al. - 2018 - Estimating Three-Dimensional Body Orientation Base.pdf"
"groups/735051","LGWQF2MW","VLMJEG3G","10.3390/s19030596","Abhayasinghe","2019","Validation of Thigh Angle Estimation Using Inertial Measurement Unit Data against Optical Motion Capture Systems","True","C:\Users\Ben Bolen\Zotero\storage\VLMJEG3G\Abhayasinghe et al. - 2019 - Validation of Thigh Angle Estimation Using Inertia.pdf"
"groups/735051","VW3PRNVJ","S3R8CVSL","10.1063/1.5018520","Islam","2017","Comparison of complementary and Kalman filter based data fusion for attitude heading reference system","True","C:\Users\Ben Bolen\Zotero\storage\S3R8CVSL\Islam et al. - 2017 - Comparison of complementary and Kalman filter base.pdf"
"groups/735051","Z59VLA26","Q5662DZZ","10.1016/j.jsr.2016.05.001","Burns","2016","The direct costs of fatal and non-fatal falls among older adults — United States","True","C:\Users\Ben Bolen\Zotero\storage\Q5662DZZ\Burns et al. - 2016 - The direct costs of fatal and non-fatal falls amon.pdf"
"groups/735051","9THHBVEJ","IICFRYTU","10.3390/s100807772","Yang","2010","A Review of Accelerometry-Based Wearable Motion Detectors for Physical Activity Monitoring","True","C:\Users\Ben Bolen\Zotero\storage\IICFRYTU\Yang and Hsu - 2010 - A Review of Accelerometry-Based Wearable Motion De.pdf"
"groups/735051","H26BIPVG","BE94RUBP","10.1016/j.jbiomech.2006.02.013","Dumas","2007","Adjustments to McConville et al. and Young et al. body segment inertial parameters","True","C:\Users\Ben Bolen\Zotero\storage\BE94RUBP\Dumas et al. - 2007 - Adjustments to McConville et al. and Young et al. .pdf"
"groups/735051","8UK2I9NR","J58PEUE5","","Roetenberg","2013","Xsens MVN: Full 6DOF Human Motion Tracking Using Miniature Inertial Sensors","True","C:\Users\Ben Bolen\Zotero\storage\J58PEUE5\Roetenberg et al. - 2013 - Xsens MVN Full 6DOF Human Motion Tracking Using M.pdf"
"groups/735051","IX5ISNZH","8YKA82KE","10.1109/icsens.2010.5690738","Harms","2010","ETHOS: Miniature orientation sensor for wearable human motion analysis","True","C:\Users\Ben Bolen\Zotero\storage\8YKA82KE\Harms et al. - 2010 - ETHOS Miniature orientation sensor for wearable h.pdf"
"groups/735051","B8MR3BGK","L3YZTGVB","10.1109/mfi.2017.8170354","Admiraal","2017","Improved formulation of the IMU and MARG orientation gradient descent algorithm for motion tracking in human-machine interfaces","True","C:\Users\Ben Bolen\Zotero\storage\L3YZTGVB\Admiraal et al. - 2017 - Improved formulation of the IMU and MARG orientati.pdf"
"groups/735051","SVIM2G9V","3UPLLYBY","10.1109/icorr.2011.5975346","Madgwick","2011","Estimation of IMU and MARG orientation using a gradient descent algorithm","True","C:\Users\Ben Bolen\Zotero\storage\3UPLLYBY\Madgwick et al. - 2011 - Estimation of IMU and MARG orientation using a gra.pdf"
"groups/735051","XG7R5PXX","7K2A3XZY","10.1620/tjem.171.203","Itoi","1993","Capsular Properties of the Shoulder.","True","C:\Users\Ben Bolen\Zotero\storage\7K2A3XZY\Itoi et al. - 1993 - Capsular Properties of the Shoulder..pdf"
"groups/735051","HWSQ7EVS","5SXTSC53","10.1098/rsif.2018.0024","Xiangxiao","2018","Robotic investigation on effect of stretch reflex and crossed inhibitory response on bipedal hopping","True","C:\Users\Ben Bolen\Zotero\storage\5SXTSC53\Liu Xiangxiao et al. - 2018 - Robotic investigation on effect of stretch reflex .pdf"
"groups/735051","HPSS7WY9","I52QA3IH","10.1016/j.robot.2007.09.010","Hosoda","2008","Biped robot design powered by antagonistic pneumatic actuators for multi-modal locomotion","True","C:\Users\Ben Bolen\Zotero\storage\I52QA3IH\Hosoda et al. - 2008 - Biped robot design powered by antagonistic pneumat.pdf"
"groups/735051","J736ITVR","GJ8VBTUN","10.1007/s10514-009-9171-6","Hosoda","2010","Pneumatic-driven jumping robot with anthropomorphic muscular skeleton structure","True","C:\Users\Ben Bolen\Zotero\storage\GJ8VBTUN\Hosoda et al. - 2010 - Pneumatic-driven jumping robot with anthropomorphi.pdf"
"groups/735051","4YINZAZM","2K9NGUSW","10.5772/55443","Nakanishi","2013","Design Approach of Biologically-Inspired Musculoskeletal Humanoids","True","C:\Users\Ben Bolen\Zotero\storage\2K9NGUSW\Nakanishi et al. - 2013 - Design Approach of Biologically-Inspired Musculosk.pdf"
"groups/735051","NM3MIYLE","FBJAFDQF","10.1109/humanoids.2016.7803376","Asano","2016","Human mimetic musculoskeletal humanoid Kengoro toward real world physically interactive actions","True","C:\Users\Ben Bolen\Zotero\storage\FBJAFDQF\Asano et al. - 2016 - Human mimetic musculoskeletal humanoid Kengoro tow.pdf"
"groups/735051","J2CY4ABV","UJH786XB","10.1109/humanoids.2015.7363459","Kojima","2015","Development of life-sized high-power humanoid robot JAXON for real-world use","True","C:\Users\Ben Bolen\Zotero\storage\UJH786XB\Kojima et al. - 2015 - Development of life-sized high-power humanoid robo.pdf"
"groups/735051","UQP7VDI7","M6NRHW37","10.1109/iros.2010.5649683","Urata","2010","Design of high torque and high speed leg module for high power humanoid","True","C:\Users\Ben Bolen\Zotero\storage\M6NRHW37\Urata et al. - 2010 - Design of high torque and high speed leg module fo.pdf"
"groups/735051","LCP5GKM7","4UMX4JQY","10.5772/4684","Mizuuchi","2006","A Musculoskeletal Flexible-Spine Humanoid Kotaro Aiming at the Future in 15 Years Time","True","C:\Users\Ben Bolen\Zotero\storage\4UMX4JQY\Mizuuchi - 2006 - A Musculoskeletal Flexible-Spine Humanoid Kotaro A.pdf"
"groups/735051","K8DTFV5I","UX695Y5P","10.1109/iros.2016.7759377","Asano","2016","Human mimetic foot structure with multi-DOFs and multi-sensors for musculoskeletal humanoid Kengoro","True","C:\Users\Ben Bolen\Zotero\storage\UX695Y5P\Asano et al. - 2016 - Human mimetic foot structure with multi-DOFs and m.pdf"
"groups/735051","LDJ8SVZ4","XVSNXSGT","10.1111/joa.12041","Pietak","2013","Fundamental ratios and logarithmic periodicity in human limb bones","True","C:\Users\Ben Bolen\Zotero\storage\XVSNXSGT\Pietak et al. - 2013 - Fundamental ratios and logarithmic periodicity in .pdf"
"groups/735051","NVVX3D33","JSLPLGY5","10.1007/s11999-013-3166-5","Jamali","2013","What Is Normal Femoral Head/Neck Anatomy? An Analysis of Radial CT Reconstructions in Adolescents","True","C:\Users\Ben Bolen\Zotero\storage\JSLPLGY5\Jamali et al. - 2013 - What Is Normal Femoral HeadNeck Anatomy An Analy.pdf"
"groups/735051","4FA783MK","D8MKTEXW","10.1016/j.jot.2017.12.002","Fajar","2018","Hip geometry and femoral neck fractures: A meta-analysis","True","C:\Users\Ben Bolen\Zotero\storage\D8MKTEXW\Fajar et al. - 2018 - Hip geometry and femoral neck fractures A meta-an.pdf"
"groups/735051","HTLDC3HD","Z54VYP5K","10.2519/jospt.1991.13.2.71","Alderink","1991","The sacroiliac joint: review of anatomy, mechanics, and function","True","C:\Users\Ben Bolen\Zotero\storage\Z54VYP5K\Alderink - 1991 - The sacroiliac joint review of anatomy, mechanics.pdf"
"groups/735051","F7VZSNDU","YW4KDRCE","","Unknown","","Wall-Climbing Robots","True","C:\Users\Ben Bolen\Zotero\storage\YW4KDRCE\sri_wallclimbingrobots.pdf"
"groups/735051","DTFQYG6E","MQUD75K9","","Mohan","2018","A Deep Learning based Approach to Reduced Order Modeling for Turbulent Flow Control using LSTM Neural Networks","True","C:\Users\Ben Bolen\Zotero\storage\MQUD75K9\Mohan and Gaitonde - 2018 - A Deep Learning based Approach to Reduced Order Mo.pdf"
"groups/735051","MQW47WZ5","JXUJHQKP","10.1109/tro.2009.2033628","Unver","2010","Flat Dry Elastomer Adhesives as Attachment Materials for Climbing Robots","True","C:\Users\Ben Bolen\Zotero\storage\JXUJHQKP\Unver and Sitti - 2010 - Flat Dry Elastomer Adhesives as Attachment Materia.pdf"
"groups/735051","URE9WMJD","5B877DF4","10.5603/fm.a2017.0049","Gwani","2017","How the three arches of the foot intercorrelate","True","C:\Users\Ben Bolen\Zotero\storage\5B877DF4\Gwani et al. - 2017 - How the three arches of the foot intercorrelate.pdf"
"groups/735051","GUAG8TNV","ANWXUV5I","10.1109/iros.2010.5650414","Hashimoto","2010","A study of function of foot's medial longitudinal arch using biped humanoid robot","True","C:\Users\Ben Bolen\Zotero\storage\ANWXUV5I\Hashimoto et al. - 2010 - A study of function of foot's medial longitudinal .pdf"
"groups/735051","P9NSY73Z","LCKZQ7HR","10.2514/1.j051640","Ravi","2012","Influence of Large-Scale Freestream Turbulence on the Performance of a Thin Airfoil","True","C:\Users\Ben Bolen\Zotero\storage\LCKZQ7HR\Ravi et al. - 2012 - Influence of Large-Scale Freestream Turbulence on .pdf"
"groups/735051","82IC2Q5Z","MEPDBPQ5","10.1260/1756-8293.7.4.441","Watkins","2015","Towards Autonomous MAV Soaring in Cities: CFD Simulation, EFD Measurement and Flight Trials","True","C:\Users\Ben Bolen\Zotero\storage\MEPDBPQ5\Watkins et al. - 2015 - Towards Autonomous MAV Soaring in Cities CFD Simu.pdf"
"groups/735051","NX5QRRA7","GWVMIT6E","10.2514/1.j052142","Ravi","2013","Transient Loads Occurring over a Thin Airfoil Subjected to Large-Scale Freestream Turbulence","True","C:\Users\Ben Bolen\Zotero\storage\GWVMIT6E\Ravi et al. - 2013 - Transient Loads Occurring over a Thin Airfoil Subj.pdf"
"groups/735051","BHSY4423","5AMEKDP8","10.1557/jmr.2013.332","Chen","2013","Annealing-induced crystalline structure and mechanical property changes of polypropylene random copolymer","True","C:\Users\Ben Bolen\Zotero\storage\5AMEKDP8\Chen et al. - 2013 - Annealing-induced crystalline structure and mechan.pdf"
"groups/735051","3PAI4TTS","8GPQCC45","10.1109/aim.2018.8452318","Xu","2018","Survey on Bioinspired Adhesive Methods and Design and Implementation of A Multi-Mode Biomimetic Wall-Climbing Robot","True","C:\Users\Ben Bolen\Zotero\storage\8GPQCC45\Xu et al. - 2018 - Survey on Bioinspired Adhesive Methods and Design .pdf"
"groups/735051","ARPGJ3QH","TSXUUUNS","10.1109/tmech.2007.897277","Murphy","2007","Waalbot: An Agile Small-Scale Wall-Climbing Robot Utilizing Dry Elastomer Adhesives","True","C:\Users\Ben Bolen\Zotero\storage\TSXUUUNS\Murphy and Sitti - 2007 - Waalbot An Agile Small-Scale Wall-Climbing Robot .pdf"
"groups/735051","N4SS7723","NSVTZSRM","10.1109/robio.2004.1521817","Menon","2004","Gecko Inspired Surface Climbing Robots","True","C:\Users\Ben Bolen\Zotero\storage\NSVTZSRM\Menon et al. - 2004 - Gecko Inspired Surface Climbing Robots.pdf"
"groups/735051","E9SNASQL","YTURVSRE","","Unknown","","The reliability and validity of the Q-angle: a systematic review. - PubMed - NCBI","True","C:\Users\Ben Bolen\Zotero\storage\YTURVSRE\The reliability and validity of the Q-angle a sys.pdf"
"groups/735051","MVCS9E22","QRH64VQK","","Dharmawan","2018","A Bio-Inspired Miniature Climbing Robot With Bilayer Dry Adhesives: Design, Modeling, and Experimentation","True","C:\Users\Ben Bolen\Zotero\storage\QRH64VQK\Dharmawan et al. - 2018 - A Bio-Inspired Miniature Climbing Robot With Bilay.pdf"
"groups/735051","ZRUP6BGG","7I5SLZWV","10.3390/app8010014","Jiang","2017","Grasping Claws of Bionic Climbing Robot for Rough Wall Surface: Modeling and Analysis","True","C:\Users\Ben Bolen\Zotero\storage\7I5SLZWV\Jiang et al. - 2017 - Grasping Claws of Bionic Climbing Robot for Rough .pdf"
"groups/735051","YRDLCMDB","BBA6SNF2","10.1109/robot.2008.4543675","Aksak","2008","Gecko inspired micro-fibrillar adhesives for wall climbing robots on micro/nanoscale rough surfaces","True","C:\Users\Ben Bolen\Zotero\storage\BBA6SNF2\Aksak et al. - 2008 - Gecko inspired micro-fibrillar adhesives for wall .pdf"
"groups/735051","GT9DFMFK","6C4HEZ3Z","10.3109/10929080802594563","Anglin","2008","In vivo patellar kinematics during total knee arthroplasty","True","C:\Users\Ben Bolen\Zotero\storage\6C4HEZ3Z\Anglin et al. - 2008 - In vivo patellar kinematics during total knee arth.pdf"
"groups/735051","DIYFW4VB","JNUH7XQH","10.5772/5498","K.","2007","Climbing Service Robots for Improving Safety in Building Maintenance Industry","True","C:\Users\Ben Bolen\Zotero\storage\JNUH7XQH\L. et al. - 2007 - Climbing Service Robots for Improving Safety in Bu.pdf"
"groups/735051","YVJ2L74X","MSMCM4XU","10.1007/s41315-017-0028-4","Li","2017","Wall-climbing robot for non-destructive evaluation using impact-echo and metric learning SVM","True","C:\Users\Ben Bolen\Zotero\storage\MSMCM4XU\Li et al. - 2017 - Wall-climbing robot for non-destructive evaluation.pdf"
"groups/735051","EJU3NLHG","SF4BPUDY","10.1109/lra.2018.2856366","Ruffatto","2018","Long-Duration Surface Anchoring With a Hybrid Electrostatic and Gecko-Inspired Adhesive","True","C:\Users\Ben Bolen\Zotero\storage\SF4BPUDY\Ruffatto et al. - 2018 - Long-Duration Surface Anchoring With a Hybrid Elec.pdf"
"groups/735051","WD3U8G3T","4L4AWI2P","10.21817/ijet/2016/v8i5/160805418","G.","2016","Modelling and Realization of Pneumatics based Wall Climbing Robot for Inspection Applications","True","C:\Users\Ben Bolen\Zotero\storage\4L4AWI2P\G. and U. - 2016 - Modelling and Realization of Pneumatics based Wall.pdf"
"groups/735051","J4VBVUN6","EDBYGE65","10.1109/intellisys.2015.7361153","Howlader","2015","Novel adhesion mechanism and design parameters for concrete wall-climbing robot","True","C:\Users\Ben Bolen\Zotero\storage\EDBYGE65\Howlader and Sattar - 2015 - Novel adhesion mechanism and design parameters for.pdf"
"groups/735051","GDCGDD8P","QP4E3AP6","10.1177/1729881416666777","Xu","2016","A rough concrete wall-climbing robot based on grasping claws: Mechanical design, analysis and laboratory experiments","True","C:\Users\Ben Bolen\Zotero\storage\QP4E3AP6\Xu et al. - 2016 - A rough concrete wall-climbing robot based on gras.pdf"
"groups/735051","KCS2Z266","B3H946VC","","Hilts","2018","A Dynamic Neural Network Designed Using Analytical Methods Produces Dynamic Control Properties Similar to an Analogous Classical Controller","True","C:\Users\Ben Bolen\Zotero\storage\B3H946VC\Hilts et al. - A Dynamic Neural Network Designed Using Analytical.pdf"
"groups/735051","CXULGZI9","ZKLZ4VYU","10.3389/fneur.2011.00057","Peterka","2011","Postural Compensation for Unilateral Vestibular Loss","True","C:\Users\Ben Bolen\Zotero\storage\ZKLZ4VYU\Peterka - Postural Compensation for Unilateral Vestibular Loss.pdf"
"groups/735051","CFRFIR33","YWRWD6XX","10.1242/jeb.042572","Hof","2010","Balance responses to lateral perturbations in human treadmill walking","True","C:\Users\Ben Bolen\Zotero\storage\YWRWD6XX\Hof et al. - 2010 - Balance responses to lateral perturbations in huma.pdf"
"groups/735051","WM89FNFS","YS3BZW9L","10.1007/s10514-009-9172-5","Maufroy","2010","Integration of posture and rhythmic motion controls in quadrupedal dynamic walking using phase modulations based on leg loading/unloading","True","C:\Users\Ben Bolen\Zotero\storage\YS3BZW9L\Maufroy et al. - 2010 - Integration of posture and rhythmic motion control.pdf"
"groups/735051","RGVRXXDH","YFQ5QMHM","10.3389/fncom.2013.00019","de Rugy","2013","Are muscle synergies useful for neural control?","True","C:\Users\Ben Bolen\Zotero\storage\YFQ5QMHM\de Rugy, Loeb, Carroll - 2013 - Are muscle synergies useful for neural control.pdf"
"groups/735051","5JFWTKNK","XK5HSLIV","10.1109/tnsre.2013.2264920","Bingham","2013","Stability Radius as a Method for Comparing the Dynamics of Neuromechanical Systems","True","C:\Users\Ben Bolen\Zotero\storage\XK5HSLIV\Bingham and Ting - 2013 - Stability Radius as a Method for Comparing the Dyn.pdf"
"groups/735051","XINAMAQE","WXZ7VLT9","10.1016/j.apmr.2007.11.017","King","2008","Lateral Stepping for Postural Correction in Parkinson’s Disease","True","C:\Users\Ben Bolen\Zotero\storage\WXZ7VLT9\King and Horak - 2008 - Lateral Stepping for Postural Correction in Parkin.pdf"
"groups/735051","7E7I3W87","WVYVNCNX","10.14802/jmd.16062","Takakusaki","2017","Functional Neuroanatomy for Posture and Gait Control","True","C:\Users\Ben Bolen\Zotero\storage\WVYVNCNX\Takakusaki - 2017 - Functional Neuroanatomy for Posture and Gait Contr.pdf"
"groups/735051","IMTM9UQ3","WS6KQ2JT","10.1523/jneurosci.3338-09.2009","Chiel","2009","The Brain in Its Body: Motor Control and Sensing in a Biomechanical Context","True","C:\Users\Ben Bolen\Zotero\storage\WS6KQ2JT\Chiel et al. - 2009 - The Brain in Its Body Motor Control and Sensing i.pdf"
"groups/735051","KRW5LIXD","W7K9DQAM","10.1016/s0966-6362(99)00032-6","Runge","1999","Ankle and hip postural strategies defined by joint torques","True","C:\Users\Ben Bolen\Zotero\storage\W7K9DQAM\Runge et al. - 1999 - Ankle and hip postural strategies defined by joint.pdf"
"groups/735051","PVVTC9U4","VPCSJ5Q2","","Kotina","2011","Active disturbance rejection control for human postural sway","True","C:\Users\Ben Bolen\Zotero\storage\VPCSJ5Q2\Gao 2011ACC_ADRC_HumanPosturalSway.pdf"
"groups/735051","IMTM9UQ3","VUSQHIAM","10.1523/jneurosci.3338-09.2009","Chiel","2009","The Brain in Its Body: Motor Control and Sensing in a Biomechanical Context","True","C:\Users\Ben Bolen\Zotero\storage\VUSQHIAM\Chiel et al. - 2009 - The brain in its body motor control and sensing in a biomechanical context.pdf"
"groups/735051","IMTM9UQ3","VTIB9N9X","10.1523/jneurosci.3338-09.2009","Chiel","2009","The Brain in Its Body: Motor Control and Sensing in a Biomechanical Context","True","C:\Users\Ben Bolen\Zotero\storage\VTIB9N9X\Chiel et al. - 2009 - The brain in its body motor control and sensing in a biomechanical context.pdf"
"groups/735051","VERFUJNA","VF4QRCEN","10.1007/s10827-010-0291-y","Kooij","2010","Non-linear stimulus-response behavior of the human stance control system is predicted by optimization of a system with sensory and motor noise","True","C:\Users\Ben Bolen\Zotero\storage\VF4QRCEN\Kooij and Peterka - 2010 - Non-linear stimulus-response behavior of the human.pdf"
"groups/735051","5JFWTKNK","VDGFP9MM","10.1109/tnsre.2013.2264920","Bingham","2013","Stability Radius as a Method for Comparing the Dynamics of Neuromechanical Systems","True","C:\Users\Ben Bolen\Zotero\storage\VDGFP9MM\Bingham, Ting - 2013 - Stability radius as a method for comparing the dynamics of neuromechanical systems.pdf"
"groups/735051","2J6IYWQ6","V92HA4PW","10.1007/s002210100775","Lackner","2001","Stabilization of posture by precision touch of the index finger with rigid and flexible filaments","True","C:\Users\Ben Bolen\Zotero\storage\V92HA4PW\177_stabil_post_prec_touch.pdf"
"groups/735051","UJCGFXJP","UNBZ63AN","10.1109/tbme.2009.2031874","Cenciarini","2010","Stiffness and Damping in Postural Control Increase with Age","True","C:\Users\Ben Bolen\Zotero\storage\UNBZ63AN\Cenciarini et al. - 2010 - Stiffness and Damping in Postural Control Increase.pdf"
"groups/735051","KRW5LIXD","U8USELX5","10.1016/s0966-6362(99)00032-6","Runge","1999","Ankle and hip postural strategies defined by joint torques","True","C:\Users\Ben Bolen\Zotero\storage\U8USELX5\Runge et al. - 1999 - Ankle and hip postural strategies defined by joint torques.pdf"
"groups/735051","95JPRYJ7","TVZC7YIL","10.1016/j.brainresrev.2007.06.022","Jankowska","2008","Spinal interneuronal networks in the cat: Elementary components","True","C:\Users\Ben Bolen\Zotero\storage\TVZC7YIL\Jankowska - 2008 - Spinal interneuronal networks in the cat Elementa.pdf"
"groups/735051","NTJLB8Q7","TQIGY3DA","10.1016/j.celrep.2018.01.009","Murray","2018","Balance Control Mediated by Vestibular Circuits Directing Limb Extension or Antagonist Muscle Co-activation","True","C:\Users\Ben Bolen\Zotero\storage\TQIGY3DA\Murray et al. - 2018 - Balance Control Mediated by Vestibular Circuits Di.pdf"
"groups/735051","2SZUIP68","TTIZN7YG","","Atkeson","2015","What Happened at the DARPA Robotics Challenge, and Why?","True","C:\Users\Ben Bolen\Zotero\storage\TTIZN7YG\jfr-what.pdf"
"groups/735051","QHMBCXKN","TRLKN9MT","10.1016/s0166-2236(97)01149-1","Chiel","1997","The brain has a body: adaptive behavior emerges from interactions of nervous system, body and environment","True","C:\Users\Ben Bolen\Zotero\storage\TRLKN9MT\Chiel and Beer - 1997 - The brain has a body adaptive behavior emerges fr.pdf"
"groups/735051","V6PZK6V3","TNL7YQ6S","","McIlroy","1993","Task constraints on foot movement and the incidence of compensatory stepping following perturbation of upright stance","True","C:\Users\Ben Bolen\Zotero\storage\TNL7YQ6S\McIlroy and Maki - 1993 - Task constraints on foot movement and the incidenc.pdf"
"groups/735051","KPIUT2XI","TNAJ6AFB","10.1016/j.arcontrol.2010.08.001","Mergner","2010","A neurological view on reactive human stance control","True","C:\Users\Ben Bolen\Zotero\storage\TNAJ6AFB\Mergner - 2010 - A neurological view on reactive human stance contr.pdf"
"groups/735051","9LJDKTCC","TL2BLW4I","10.1109/86.750556","Maki","1999","The control of foot placement during compensatory stepping reactions: does speed of response take precedence over stability?","True","C:\Users\Ben Bolen\Zotero\storage\TL2BLW4I\Maki and Mcllroy - 1999 - The control of foot placement during compensatory .pdf"
"groups/735051","MCEBN64V","TG3PUSY5","10.1007/978-0-387-77064-2_6","Turvey","2009","Nature of Motor Control: Perspectives and Issues","True","C:\Users\Ben Bolen\Zotero\storage\TG3PUSY5\Turvey and Fonseca - 2009 - Nature of Motor Control Perspectives and Issues.pdf"
"groups/735051","9ELC57CT","T5KUSTV5","10.1152/jn.01142.2006","Hsu","2007","Control and Estimation of Posture During Quiet Stance Depends on Multijoint Coordination","True","C:\Users\Ben Bolen\Zotero\storage\T5KUSTV5\Hsu et al. - 2007 - Control and Estimation of Posture During Quiet Sta.pdf"
"groups/735051","RGVRXXDH","SUZ9BL7T","10.3389/fncom.2013.00019","de Rugy","2013","Are muscle synergies useful for neural control?","True","C:\Users\Ben Bolen\Zotero\storage\SUZ9BL7T\de Rugy, Loeb, Carroll - 2013 - Are muscle synergies useful for neural control.pdf"
"groups/735051","QFG96QN2","SS5AVFDZ","10.1016/0167-9457(94)00048-j","Assaiante","1995","An ontogenetic model for the sensorimotor organization of balance control in humans","True","C:\Users\Ben Bolen\Zotero\storage\SS5AVFDZ\Assaiante and Amblard - 1995 - An ontogenetic model for the sensorimotor organiza.pdf"
"groups/735051","RGVRXXDH","SE9W224M","10.3389/fncom.2013.00019","de Rugy","2013","Are muscle synergies useful for neural control?","True","C:\Users\Ben Bolen\Zotero\storage\SE9W224M\de Rugy, Loeb, Carroll - 2013 - Are muscle synergies useful for neural control.pdf"
"groups/735051","UEVMW6YE","RZYMKBMZ","10.1016/s0926-6410(02)00071-x","Oie","2002","Multisensory fusion: simultaneous re-weighting of vision and touch for the control of human posture","True","C:\Users\Ben Bolen\Zotero\storage\RZYMKBMZ\Oie et al. - 2002 - Multisensory fusion simultaneous re-weighting of .pdf"
"groups/735051","IMTM9UQ3","RAZNWRUE","10.1523/jneurosci.3338-09.2009","Chiel","2009","The Brain in Its Body: Motor Control and Sensing in a Biomechanical Context","True","C:\Users\Ben Bolen\Zotero\storage\RAZNWRUE\Chiel et al. - 2009 - The brain in its body motor control and sensing in a biomechanical context.pdf"
"groups/735051","JR7NNBK2","R97KZA5M","10.1152/jn.90934.2008","Karayannidou","2009","Maintenance of Lateral Stability During Standing and Walking in the Cat","True","C:\Users\Ben Bolen\Zotero\storage\R97KZA5M\Karayannidou et al. - 2009 - Maintenance of Lateral Stability During Standing a.pdf"
"groups/735051","5JFWTKNK","QLP8E7TU","10.1109/tnsre.2013.2264920","Bingham","2013","Stability Radius as a Method for Comparing the Dynamics of Neuromechanical Systems","True","C:\Users\Ben Bolen\Zotero\storage\QLP8E7TU\Bingham, Ting - 2013 - Stability radius as a method for comparing the dynamics of neuromechanical systems.pdf"
"groups/735051","4FAJE52P","QKPJ3M78","10.1007/s00221-009-2054-4","Green","2009","Internal models and neural computation in the vestibular system","True","C:\Users\Ben Bolen\Zotero\storage\QKPJ3M78\Green and Angelaki - 2009 - Internal models and neural computation in the vest.pdf"
"groups/735051","DSHMBK7R","Q64AGUXY","","Prochazka","1999","Quantifying proprioception","True","C:\Users\Ben Bolen\Zotero\storage\Q64AGUXY\Prochazka - 1999 - Quantifying proprioception.pdf"
"groups/735051","85Q54ITP","PXJ3J6M5","10.1113/jphysiol.2004.076307","Loram","2005","Human postural sway results from frequent, ballistic bias impulses by soleus and gastrocnemius","True","C:\Users\Ben Bolen\Zotero\storage\PXJ3J6M5\Loram et al. - 2005 - Human postural sway results from frequent, ballist.pdf"
"groups/735051","R8TAV5L7","PKWKYQV5","10.1177/1054773811414180","Quigley","2012","Incidence and Cost of Serious Fall-Related Injuries in Nursing Homes","True","C:\Users\Ben Bolen\Zotero\storage\PKWKYQV5\Quigley et al. - 2012 - Incidence and Cost of Serious Fall-Related Injurie.pdf"
"groups/735051","CV2HVC3W","P2QUKGCC","10.1007/s00221-010-2166-x","Tjernström","2010","Postural control and adaptation are influenced by preceding postural challenges","True","C:\Users\Ben Bolen\Zotero\storage\P2QUKGCC\Tjernström et al. - 2010 - Postural control and adaptation are influenced by .pdf"
"groups/735051","5JFWTKNK","NDHIWJEK","10.1109/tnsre.2013.2264920","Bingham","2013","Stability Radius as a Method for Comparing the Dynamics of Neuromechanical Systems","True","C:\Users\Ben Bolen\Zotero\storage\NDHIWJEK\Bingham, Ting - 2013 - Stability radius as a method for comparing the dynamics of neuromechanical systems.pdf"
"groups/735051","QHUFYXKH","MU2UQ2NA","","Mahboobin","2008","Sensory adaptation in human balance control: lessons for biomimetic robotic bipeds","True","C:\Users\Ben Bolen\Zotero\storage\MU2UQ2NA\viewcontent.pdf"
"groups/735051","LW9BXP5C","LGSK8XDB","10.1113/jphysiol.2004.062398","Loram","2004","Paradoxical muscle movement in human standing","True","C:\Users\Ben Bolen\Zotero\storage\LGSK8XDB\Loram et al. - 2004 - Paradoxical muscle movement in human standing.pdf"
"groups/735051","9T55YC75","LCNSCYMA","","Maki","2003","Change-in-support reactions for balance recovery","True","C:\Users\Ben Bolen\Zotero\storage\LCNSCYMA\maki-review.pdf"
"groups/735051","TRMFQ645","KQBCNALU","10.1152/physiol.00034.2015","Peterson","2016","Neural Control of Walking in People with Parkinsonism","True","C:\Users\Ben Bolen\Zotero\storage\KQBCNALU\Peterson and Horak - 2016 - Neural Control of Walking in People with Parkinson.pdf"
"groups/735051","RGVRXXDH","KIYJQRGE","10.3389/fncom.2013.00019","de Rugy","2013","Are muscle synergies useful for neural control?","True","C:\Users\Ben Bolen\Zotero\storage\KIYJQRGE\de Rugy, Loeb, Carroll - 2013 - Are muscle synergies useful for neural control.pdf"
"groups/735051","74VJJJ9B","KEPTLWLN","","Horak","1986","Central programming of postural movements: adaptation to altered support-surface configurations","True","C:\Users\Ben Bolen\Zotero\storage\KEPTLWLN\1369.full.pdf"
"groups/735051","A24JH824","JZR575PB","10.1109/robio.2017.8324592","Kaminishi","2017","Proprioceptive postural control of a musculoskeletal model against horizontal disturbances","True","C:\Users\Ben Bolen\Zotero\storage\JZR575PB\Kaminishi et al. - 2017 - Proprioceptive postural control of a musculoskelet.pdf"
"groups/735051","IMTM9UQ3","JS2L2XQ6","10.1523/jneurosci.3338-09.2009","Chiel","2009","The Brain in Its Body: Motor Control and Sensing in a Biomechanical Context","True","C:\Users\Ben Bolen\Zotero\storage\JS2L2XQ6\Chiel et al. - 2009 - The brain in its body motor control and sensing in a biomechanical context.pdf"
"groups/735051","5NUMF2MG","JRU8SCBY","10.1016/j.jtbi.2012.06.019","Suzuki","2012","Intermittent control with ankle, hip, and mixed strategies during quiet standing: A theoretical proposal based on a double inverted pendulum model","True","C:\Users\Ben Bolen\Zotero\storage\JRU8SCBY\Suzuki et al. - 2012 - Intermittent control with ankle, hip, and mixed st.pdf"
"groups/735051","DAAGGSM6","JPF8PNI7","10.1136/ip.2005.011015","Stevens","2006","The costs of fatal and non-fatal falls among older adults","True","C:\Users\Ben Bolen\Zotero\storage\JPF8PNI7\Stevens et al. - 2006 - The costs of fatal and non-fatal falls among older.pdf"
"groups/735051","PEC3GK7Q","IS79PGKA","10.1016/s0966-6362(99)00013-2","McIlroy","1999","The control of lateral stability during rapid stepping reactions evoked by antero-posterior perturbation: does anticipatory control play a role?","True","C:\Users\Ben Bolen\Zotero\storage\IS79PGKA\McIlroy and Maki - 1999 - The control of lateral stability during rapid step.pdf"
"groups/735051","J99CCAGA","IASF5P3L","10.1088/1741-2560/2/3/s07","Kuo","2005","An optimal state estimation model of sensory integration in human postural balance","True","C:\Users\Ben Bolen\Zotero\storage\IASF5P3L\Kuo - 2005 - An optimal state estimation model of sensory integ.pdf"
"groups/735051","RGVRXXDH","HR7TNEST","10.3389/fncom.2013.00019","de Rugy","2013","Are muscle synergies useful for neural control?","True","C:\Users\Ben Bolen\Zotero\storage\HR7TNEST\de Rugy et al. - 2013 - Are muscle synergies useful for neural control.pdf"
"groups/735051","5JFWTKNK","HLKLQUHJ","10.1109/tnsre.2013.2264920","Bingham","2013","Stability Radius as a Method for Comparing the Dynamics of Neuromechanical Systems","True","C:\Users\Ben Bolen\Zotero\storage\HLKLQUHJ\Bingham, Ting - 2013 - Stability radius as a method for comparing the dynamics of neuromechanical systems.pdf"
"groups/735051","R7YGKR68","HDWS639Q","10.1016/j.jbiomech.2016.11.059","Rebula","","The Stabilizing Properties of Foot Yaw in Human Walking","True","C:\Users\Ben Bolen\Zotero\storage\HDWS639Q\Rebula et al. - The Stabilizing Properties of Foot Yaw in Human Wa.pdf"
"groups/735051","IMTM9UQ3","H5K26HTM","10.1523/jneurosci.3338-09.2009","Chiel","2009","The Brain in Its Body: Motor Control and Sensing in a Biomechanical Context","True","C:\Users\Ben Bolen\Zotero\storage\H5K26HTM\Chiel et al. - 2009 - The brain in its body motor control and sensing in a biomechanical context.pdf"
"groups/735051","JDM3KXPE","GXPF5RM7","10.1080/01691864.2016.1266095","Jiang","2017","A postural control model incorporating multisensory inputs for maintaining a musculoskeletal model in a stance posture","True","C:\Users\Ben Bolen\Zotero\storage\GXPF5RM7\Jiang et al. - 2017 - A postural control model incorporating multisensor.pdf"
"groups/735051","BJP7GQYC","GZV2X5X2","","Maurer","2000","Vestibular, visual, and somatosensory contributions to human control of upright stance","True","C:\Users\Ben Bolen\Zotero\storage\GZV2X5X2\Maurer et al. - 2000 - Vestibular, visual, and somatosensory contribution.pdf"
"groups/735051","GH6B3V7E","GNCHHVDF","","Newton","1982","Joint Receptor Contributions to Reflexive and Kinesthetic Responses","True","C:\Users\Ben Bolen\Zotero\storage\GNCHHVDF\22.full.pdf"
"groups/735051","95JPRYJ7","GGI2IYZF","10.1016/j.brainresrev.2007.06.022","Jankowska","2008","Spinal interneuronal networks in the cat: Elementary components","True","C:\Users\Ben Bolen\Zotero\storage\GGI2IYZF\Jankowska - 2008 - Spinal interneuronal networks in the cat Elementary components.pdf"
"groups/735051","KVQ92AGS","FUAZFN62","10.1152/jn.00856.2004","Cenciarini","2006","Stimulus-Dependent Changes in the Vestibular Contribution to Human Postural Control","True","C:\Users\Ben Bolen\Zotero\storage\FUAZFN62\Cenciarini and Peterka - 2006 - Stimulus-Dependent Changes in the Vestibular Contr.pdf"
"groups/735051","3IBDR6LB","GDQ34NIS","","Menz","2003","Age-related differences in walking stability","True","C:\Users\Ben Bolen\Zotero\storage\GDQ34NIS\320137.pdf"
"groups/735051","RGVRXXDH","FYWM4QKF","10.3389/fncom.2013.00019","de Rugy","2013","Are muscle synergies useful for neural control?","True","C:\Users\Ben Bolen\Zotero\storage\FYWM4QKF\de Rugy, Loeb, Carroll - 2013 - Are muscle synergies useful for neural control.pdf"
"groups/735051","AHW5JSSY","FL9EWFJP","10.1007/s00221-009-1995-y","Van Ooteghem","2009","Practice-related improvements in posture control differ between young and older adults exposed to continuous, variable amplitude oscillations of the support surface","True","C:\Users\Ben Bolen\Zotero\storage\FL9EWFJP\Van Ooteghem et al. - 2009 - Practice-related improvements in posture control d.pdf"
"groups/735051","37NUNM8N","F75NXR9I","10.1007/s00221-003-1674-3","Park","2003","Postural feedback responses scale with biomechanical constraints in human standing","True","C:\Users\Ben Bolen\Zotero\storage\F75NXR9I\Park et al. - 2003 - Postural feedback responses scale with biomechanic.pdf"
"groups/735051","56Q67V6T","EXBUEKTI","10.1038/s41598-018-21018-4","Santuz","2018","Challenging human locomotion: stability and modular organisation in unsteady conditions","True","C:\Users\Ben Bolen\Zotero\storage\EXBUEKTI\Santuz et al. - 2018 - Challenging human locomotion stability and modula.pdf"
"groups/735051","CD5A76BT","ENZSCIEU","10.1080/01691864.2016.1252690","Takakusaki","2017","Neural substrates involved in the control of posture","True","C:\Users\Ben Bolen\Zotero\storage\ENZSCIEU\Takakusaki et al. - 2017 - Neural substrates involved in the control of postu.pdf"
"groups/735051","DSHMBK7R","ETZBYUYY","","Prochazka","1999","Quantifying proprioception","True","C:\Users\Ben Bolen\Zotero\storage\ETZBYUYY\1999 quantifying_proprioception.pdf"
"groups/735051","MT3GCF4K","EI25GU4W","10.1016/s0966-6362(01)00175-8","Tjernström","2002","Adaptation of postural control to perturbations—a process that initiates long-term motor memory","True","C:\Users\Ben Bolen\Zotero\storage\EI25GU4W\Tjernström et al. - 2002 - Adaptation of postural control to perturbations—a .pdf"
"groups/735051","G96BE9NG","E4UBJVLA","","Spyropoulou","2014","Disentangling the underlying systems involved in standing balance using system identification techniques | TU Delft Repositories","True","C:\Users\Ben Bolen\Zotero\storage\E4UBJVLA\Spyropoulou - Disentangling the underlying systems involved in s.pdf"
"groups/735051","IMTM9UQ3","DH6VKTNW","10.1523/jneurosci.3338-09.2009","Chiel","2009","The Brain in Its Body: Motor Control and Sensing in a Biomechanical Context","True","C:\Users\Ben Bolen\Zotero\storage\DH6VKTNW\Chiel et al. - 2009 - The Brain in Its Body Motor Control and Sensing i.pdf"
"groups/735051","KV39X5G4","C874ZY2X","","Gao","2006","Active disturbance rejection control: a paradigm shift in feedback control system design","True","C:\Users\Ben Bolen\Zotero\storage\C874ZY2X\Gao_ACC Disturbance reject 2006.pdf"
"groups/735051","R7HNJBKP","C589V3C4","","Jeka","1997","Light Touch Contact as a Balance Aid","True","C:\Users\Ben Bolen\Zotero\storage\C589V3C4\Jeka - 1997 - Light Touch Contact as a Balance Aid.pdf"
"groups/735051","PQ5JGPTW","C5IWXENG","10.1152/jn.00127.2016","Afschrift","2016","Mechanical effort predicts the selection of ankle over hip strategies in nonstepping postural responses","True","C:\Users\Ben Bolen\Zotero\storage\C5IWXENG\Afschrift et al. - 2016 - Mechanical effort predicts the selection of ankle .pdf"
"groups/735051","83VWTBIM","C58YLIJW","10.1016/j.neulet.2004.11.071","Creath","2005","A unified view of quiet and perturbed stance: simultaneous co-existing excitable modes","True","C:\Users\Ben Bolen\Zotero\storage\C58YLIJW\Creath et al. - 2005 - A unified view of quiet and perturbed stance simu.pdf"
"groups/735051","IMTM9UQ3","C2G5K3UF","10.1523/jneurosci.3338-09.2009","Chiel","2009","The Brain in Its Body: Motor Control and Sensing in a Biomechanical Context","True","C:\Users\Ben Bolen\Zotero\storage\C2G5K3UF\Chiel et al. - 2009 - The brain in its body motor control and sensing in a biomechanical context.pdf"
"groups/735051","F2IWBJNL","BUZWWMCW","","Lee","1975","Visual proprioceptive control of stance","True","C:\Users\Ben Bolen\Zotero\storage\BUZWWMCW\Lee - 1977 VisionBalance Agressol.pdf"
"groups/735051","5JFWTKNK","BVLSZZ77","10.1109/tnsre.2013.2264920","Bingham","2013","Stability Radius as a Method for Comparing the Dynamics of Neuromechanical Systems","True","C:\Users\Ben Bolen\Zotero\storage\BVLSZZ77\Bingham, Ting - 2013 - Stability radius as a method for comparing the dynamics of neuromechanical systems.pdf"
"groups/735051","8S6WZPFA","AZ4BVX9L","10.1152/jn.01272.2007","Kiemel","2008","Identification of the Plant for Upright Stance in Humans: Multiple Movement Patterns From a Single Neural Strategy","True","C:\Users\Ben Bolen\Zotero\storage\AZ4BVX9L\Kiemel et al. - 2008 - Identification of the Plant for Upright Stance in .pdf"
"groups/735051","RGVRXXDH","ADJXBNKT","10.3389/fncom.2013.00019","de Rugy","2013","Are muscle synergies useful for neural control?","True","C:\Users\Ben Bolen\Zotero\storage\ADJXBNKT\de Rugy, Loeb, Carroll - 2013 - Are muscle synergies useful for neural control.pdf"
"groups/735051","7HXZWUVH","A55FPUVT","10.1007/s11517-009-0477-5","Mahboobin","2009","A mechanism for sensory re-weighting in postural control","True","C:\Users\Ben Bolen\Zotero\storage\A55FPUVT\Mahboobin et al. - 2009 - A mechanism for sensory re-weighting in postural c.pdf"
"groups/735051","LKUQ9TJL","9TXDW9D8","","Stephens","2010","Dynamic balance force control for compliant humanoid robots","True","C:\Users\Ben Bolen\Zotero\storage\9TXDW9D8\iros10.pdf"
"groups/735051","JV4I555I","9MBIHIP4","","Diener","1988","Influence of stimulus parameters on human postural responses","True","C:\Users\Ben Bolen\Zotero\storage\9MBIHIP4\Diener et al. - 1988 - Influence of stimulus parameters on human postural.pdf"
"groups/735051","HU4RS8FQ","9BCVA26S","10.1016/j.jbiomech.2016.08.007","Versteeg","2016","Hip and ankle responses for reactive balance emerge from varying priorities to reduce effort and kinematic excursion: A simulation study","True","C:\Users\Ben Bolen\Zotero\storage\9BCVA26S\Versteeg et al. - 2016 - Hip and ankle responses for reactive balance emerg.pdf"
"groups/735051","5JFWTKNK","8CQ3M8XG","10.1109/tnsre.2013.2264920","Bingham","2013","Stability Radius as a Method for Comparing the Dynamics of Neuromechanical Systems","True","C:\Users\Ben Bolen\Zotero\storage\8CQ3M8XG\Bingham and Ting - 2013 - Stability Radius as a Method for Comparing the Dyn.pdf"
"groups/735051","E82TY5EZ","83KRFD7G","10.1152/jn.00669.2013","Assländer","2014","Sensory reweighting dynamics in human postural control","True","C:\Users\Ben Bolen\Zotero\storage\83KRFD7G\Assländer and Peterka - 2014 - Sensory reweighting dynamics in human postural con.pdf"
"groups/735051","4CN74QWC","7WHAFE9X","10.1371/journal.pone.0126379","Kilby","2015","Models of Postural Control: Shared Variance in Joint and COM Motions","True","C:\Users\Ben Bolen\Zotero\storage\7WHAFE9X\Kilby et al. - 2015 - Models of Postural Control Shared Variance in Joi.pdf"
"groups/735051","U2AVMAG8","5FED8HRK","10.1016/j.brainresrev.2007.06.017","Deliagina","2008","Spinal and supraspinal postural networks","True","C:\Users\Ben Bolen\Zotero\storage\5FED8HRK\Deliagina et al. - 2008 - Spinal and supraspinal postural networks.pdf"
"groups/735051","SL7JGFN2","3F7L4NW6","","Tjernström","2009","Adaptation and learning in postural control","True","C:\Users\Ben Bolen\Zotero\storage\3F7L4NW6\Tjernström - 2009 - Adaptation and learning in postural control.pdf"
"groups/735051","WY2DPHTD","3TFPUSYC","10.1007/s004220050527","Kooij","1998","A multisensory integration model of human stance control","True","C:\Users\Ben Bolen\Zotero\storage\3TFPUSYC\Kooij et al. - A multisensory integration model of human stance c.pdf"
"groups/735051","3LSVFPQH","3EKERQPC","10.1371/journal.pone.0144529","Freyler","2015","Reactive Balance Control in Response to Perturbation in Unilateral Stance: Interaction Effects of Direction, Displacement and Velocity on Compensatory Neuromuscular and Kinematic Responses","True","C:\Users\Ben Bolen\Zotero\storage\3EKERQPC\Freyler et al. - 2015 - Reactive Balance Control in Response to Perturbati.pdf"
"groups/735051","5JFWTKNK","2S9GIPAU","10.1109/tnsre.2013.2264920","Bingham","2013","Stability Radius as a Method for Comparing the Dynamics of Neuromechanical Systems","True","C:\Users\Ben Bolen\Zotero\storage\2S9GIPAU\Bingham, Ting - 2013 - Stability radius as a method for comparing the dynamics of neuromechanical systems.pdf"
"groups/735051","CZF3SFPV","2URIN5DC","10.1016/j.neures.2015.12.002","Chiba","2016","Human upright posture control models based on multisensory inputs; in fast and slow dynamics","True","C:\Users\Ben Bolen\Zotero\storage\2URIN5DC\Chiba et al. - 2016 - Human upright posture control models based on mult.pdf"
"groups/735051","WWZ3GNSE","2RJB77VQ","10.1152/jn.00916.2009","Goodworth","2010","Influence of Stance Width on Frontal Plane Postural Dynamics and Coordination in Human Balance Control","True","C:\Users\Ben Bolen\Zotero\storage\2RJB77VQ\Goodworth and Peterka - 2010 - Influence of Stance Width on Frontal Plane Postura.pdf"
"groups/735051","GB63CNUJ","2QDJKRTJ","10.3389/fnagi.2014.00028","Papegaaij","2014","Aging causes a reorganization of cortical and spinal control of posture","True","C:\Users\Ben Bolen\Zotero\storage\2QDJKRTJ\Papegaaij et al. - 2014 - Aging causes a reorganization of cortical and spin.pdf"
"groups/735051","67P4QDG8","4X9TWQF2","10.1109/lra.2018.2792688","Glick","2018","A Soft Robotic Gripper With Gecko-Inspired Adhesive","True","C:\Users\Ben Bolen\Zotero\storage\4X9TWQF2\Glick et al. - 2018 - A Soft Robotic Gripper With Gecko-Inspired Adhesiv.pdf"
"groups/735051","X5ICCC29","5KGW9ANL","10.1088/1748-3182/8/2/026002","Azizi","2013","Variable gearing in a biologically inspired pneumatic actuator array","True","C:\Users\Ben Bolen\Zotero\storage\5KGW9ANL\Azizi and Roberts - 2013 - Variable gearing in a biologically inspired pneuma.pdf"
"groups/735051","VT37G82W","G3AHSMQM","10.1007/978-3-319-95972-6_48","Vouloutsi","2018","Braided Pneumatic Actuators as a Variable Stiffness Approximation of Synovial Joints","True","C:\Users\Ben Bolen\Zotero\storage\G3AHSMQM\Steele and Hunt - 2018 - Braided Pneumatic Actuators as a Variable Stiffnes.pdf"
"groups/735051","EPRDAWPW","5JNY38KM","10.1007/978-3-319-96728-8_8","Giuliani","2018","Biomimetic Knee Design to Improve Joint Torque and Life for Bipedal Robotics","True","C:\Users\Ben Bolen\Zotero\storage\5JNY38KM\Steele et al. - 2018 - Biomimetic Knee Design to Improve Joint Torque and.pdf"
"groups/735051","JDCVHQ6R","HQL7F79F","","Steele","2018","Braided Pneumatic Actuators as a Variable Stiffness Approximation of Synovial Joints","True","C:\Users\Ben Bolen\Zotero\storage\HQL7F79F\Steele and Hunt - 2018 - Braided Pneumatic Actuators as a Variable Stiffnes.pdf"
"groups/735051","9WITMHJ6","XSDJRZMI","10.1007/978-1-4939-3267-2_12","Bondy","2016","Control of Cat Walking and Paw-Shake by a Multifunctional Central Pattern Generator","True","C:\Users\Ben Bolen\Zotero\storage\XSDJRZMI\Bondy et al. - 2016 - Control of Cat Walking and Paw-Shake by a Multifun.pdf"
"groups/735051","YDMN927A","R5WDQH4V","10.1016/j.conb.2009.09.002","Tresch","2009","The case for and against muscle synergies","True","C:\Users\Ben Bolen\Zotero\storage\R5WDQH4V\Tresch and Jarc - 2009 - The case for and against muscle synergies.pdf"
"groups/735051","YDMN927A","E3YEGMDL","10.1016/j.conb.2009.09.002","Tresch","2009","The case for and against muscle synergies","True","C:\Users\Ben Bolen\Zotero\storage\E3YEGMDL\Tresch, Jarc - 2009 - The case for and against muscle synergies.pdf"
"groups/735051","NF3C56HN","WFELLV96","10.1152/jn.00681.2004","Ting","2005","A Limited Set of Muscle Synergies for Force Control During a Postural Task","True","C:\Users\Ben Bolen\Zotero\storage\WFELLV96\Ting, Macpherson - 2005 - A limited set of muscle synergies for force control during a postural task(3).pdf"
"groups/735051","NF3C56HN","UKWTYNXN","10.1152/jn.00681.2004","Ting","2005","A Limited Set of Muscle Synergies for Force Control During a Postural Task","True","C:\Users\Ben Bolen\Zotero\storage\UKWTYNXN\Ting, Macpherson - 2005 - A limited set of muscle synergies for force control during a postural task.pdf"
"groups/735051","B8R7YVFX","UFAPJS9Z","10.1152/jn.00810.2005","Torres-Oviedo","2006","Muscle Synergy Organization Is Robust Across a Variety of Postural Perturbations","True","C:\Users\Ben Bolen\Zotero\storage\UFAPJS9Z\Torres-Oviedo, Macpherson, Ting - 2006 - Muscle synergy organization is robust across a variety of postural perturbations(2).pdf"
"groups/735051","B8R7YVFX","P7D72D2R","10.1152/jn.00810.2005","Torres-Oviedo","2006","Muscle Synergy Organization Is Robust Across a Variety of Postural Perturbations","True","C:\Users\Ben Bolen\Zotero\storage\P7D72D2R\Torres-Oviedo, Macpherson, Ting - 2006 - Muscle synergy organization is robust across a variety of postural perturbations.pdf"
"groups/735051","NF3C56HN","MYMEJIDJ","10.1152/jn.00681.2004","Ting","2005","A Limited Set of Muscle Synergies for Force Control During a Postural Task","True","C:\Users\Ben Bolen\Zotero\storage\MYMEJIDJ\Ting and Macpherson - 2005 - A Limited Set of Muscle Synergies for Force Contro.pdf"
"groups/735051","NF3C56HN","CJ3PCZPI","10.1152/jn.00681.2004","Ting","2005","A Limited Set of Muscle Synergies for Force Control During a Postural Task","True","C:\Users\Ben Bolen\Zotero\storage\CJ3PCZPI\Ting, Macpherson - 2005 - A limited set of muscle synergies for force control during a postural task(2).pdf"
"groups/735051","3GGP88CJ","A9X2MY7A","10.1152/jn.00960.2009","Torres-Oviedo","2010","Subject-Specific Muscle Synergies in Human Balance Control Are Consistent Across Different Biomechanical Contexts","True","C:\Users\Ben Bolen\Zotero\storage\A9X2MY7A\Torres-Oviedo and Ting - 2010 - Subject-Specific Muscle Synergies in Human Balance.pdf"
"groups/735051","GBBD3RMN","TKEJTZGX","10.1371/journal.pcbi.1002465","McKay","2012","Optimization of Muscle Activity for Task-Level Goals Predicts Complex Changes in Limb Forces across Biomechanical Contexts","True","C:\Users\Ben Bolen\Zotero\storage\TKEJTZGX\McKay, Ting - 2012 - Optimization of muscle activity for task-level goals predicts complex changes in limb forces across biomechanical c.pdf"
"groups/735051","GBBD3RMN","CNLG938Z","10.1371/journal.pcbi.1002465","McKay","2012","Optimization of Muscle Activity for Task-Level Goals Predicts Complex Changes in Limb Forces across Biomechanical Contexts","True","C:\Users\Ben Bolen\Zotero\storage\CNLG938Z\McKay and Ting - 2012 - Optimization of Muscle Activity for Task-Level Goa.pdf"
"groups/735051","ZDEDZB5X","T7PEPB8I","","Steele","","Biomimetic Knee Design to Improve Joint Torque and Life for Bipedal Robotics","True","C:\Users\Ben Bolen\Zotero\storage\T7PEPB8I\Steele et al. - Biomimetic Knee Design to Improve Joint Torque and.pdf"
"groups/735051","4TVSVKHH","HEDIRIF6","10.1016/j.mporth.2016.04.015","Brockett","2016","Biomechanics of the ankle","True","C:\Users\Ben Bolen\Zotero\storage\HEDIRIF6\Brockett and Chapman - 2016 - Biomechanics of the ankle.pdf"
"groups/735051","RYCQ64WV","FE72U4WC","10.1002/jmri.25526","Ripley","2017","3D printing from MRI Data: Harnessing strengths and minimizing weaknesses","True","C:\Users\Ben Bolen\Zotero\storage\FE72U4WC\Ripley et al. - 2017 - 3D printing from MRI Data Harnessing strengths an.pdf"
"groups/735051","JZICDG4N","5NYGCZPG","10.1371/journal.pone.0178540","Bücking","2017","From medical imaging data to 3D printed anatomical models","True","C:\Users\Ben Bolen\Zotero\storage\5NYGCZPG\Bücking et al. - 2017 - From medical imaging data to 3D printed anatomical.pdf"
"groups/735051","BSUE5485","KG5S9W5R","10.1080/03093640802016514","Deans","2008","Physical activity and quality of life: A study of a lower-limb amputee population","True","C:\Users\Ben Bolen\Zotero\storage\KG5S9W5R\Deans et al. - 2008 - Physical activity and quality of life A study of .pdf"
"groups/735051","JPDZ6CTR","7G4Z5BEL","10.1177/0309364610397087","Sinha","2011","Factors affecting quality of life in lower limb amputees","True","C:\Users\Ben Bolen\Zotero\storage\7G4Z5BEL\Sinha et al. - 2011 - Factors affecting quality of life in lower limb am.pdf"
"groups/735051","MCTMN2TJ","LTCS2PHV","10.1016/s0021-9290(05)80008-9","Scott","1993","Biomechanical model of the human foot: Kinematics and kinetics during the stance phase of walking","True","C:\Users\Ben Bolen\Zotero\storage\LTCS2PHV\Scott and Winter - 1993 - Biomechanical model of the human foot Kinematics .pdf"
"groups/735051","V4GELJ9X","DDGUCKH6","10.1177/03635465990270050701","Kaufman","1999","The Effect of Foot Structure and Range of Motion on Musculoskeletal Overuse Injuries","True","C:\Users\Ben Bolen\Zotero\storage\DDGUCKH6\Kaufman et al. - 1999 - The Effect of Foot Structure and Range of Motion o.pdf"
"groups/735051","R44UUP3U","JFR22B6V","10.1115/1.1318904","Gefen","2000","Biomechanical Analysis of the Three-Dimensional Foot Structure During Gait: A Basic Tool for Clinical Applications","True","C:\Users\Ben Bolen\Zotero\storage\JFR22B6V\Gefen et al. - 2000 - Biomechanical Analysis of the Three-Dimensional Fo.pdf"
"groups/735051","BH7MTLMT","2BBDSIFL","10.1115/1.4029705","Krishnan","2015","Kinematics of a Generalized Class of Pneumatic Artificial Muscles","True","C:\Users\Ben Bolen\Zotero\storage\2BBDSIFL\Krishnan et al. - 2015 - Kinematics of a Generalized Class of Pneumatic Art.pdf"
"groups/735051","HFYIUUP3","YBL8AWSA","10.1109/acc.2005.1470036","Hildebrandt","2005","Cascaded control concept of a robot with two degrees of freedom driven by four artificial pneumatic muscle actuators","True","C:\Users\Ben Bolen\Zotero\storage\YBL8AWSA\Hildebrandt et al. - 2005 - Cascaded control concept of a robot with two degre.pdf"
"groups/735051","B2GI5D6X","B4BLMG6H","10.3390/act6040033","Martens","2017","Modeling the Static Force of a Festo Pneumatic Muscle Actuator: A New Approach and a Comparison to Existing Models","True","C:\Users\Ben Bolen\Zotero\storage\B4BLMG6H\Martens and Boblan - 2017 - Modeling the Static Force of a Festo Pneumatic Mus.pdf"
"groups/735051","T9HFXX2N","C39XZBKV","10.3201/eid1902.120312","Tognotti","2013","Lessons from the History of Quarantine, from Plague to Influenza A","True","C:\Users\Ben Bolen\Zotero\storage\C39XZBKV\Tognotti - 2013 - Lessons from the History of Quarantine, from Plagu.pdf"
"groups/735051","RRQA4VYH","IWQZJNGI","10.1016/j.robot.2017.10.010","Al-Fahaam","2018","The design and mathematical modelling of novel extensor bending pneumatic artificial muscles (EBPAMs) for soft exoskeletons","True","C:\Users\Ben Bolen\Zotero\storage\IWQZJNGI\Al-Fahaam et al. - 2018 - The design and mathematical modelling of novel ext.pdf"
"groups/735051","VCQIADJP","YFCVX82L","10.1007/bf00384690","Horn","1988","Strength and stiffness of a reinforced flexible hose","True","C:\Users\Ben Bolen\Zotero\storage\YFCVX82L\Horn and Kuipers - 1988 - Strength and stiffness of a reinforced flexible ho.pdf"
"groups/735051","92A4LUSL","F22DHMYY","10.3389/fninf.2013.00048","Bekolay","2014","Nengo: a Python tool for building large-scale functional brain models","True","C:\Users\Ben Bolen\Zotero\storage\F22DHMYY\Bekolay et al. - 2014 - Nengo a Python tool for building large-scale func.pdf"
"groups/735051","H8EKHVM5","9UXJCNM7","10.1114/1.1554921","Reynolds","2003","Modeling the Dynamic Characteristics of Pneumatic Muscle","True","C:\Users\Ben Bolen\Zotero\storage\9UXJCNM7\Reynolds et al. - 2003 - Modeling the Dynamic Characteristics of Pneumatic .pdf"
"groups/735051","NJCDCGC6","GQNJAS6E","10.1089/soro.2016.0044","Al Abeach","2017","Design of a Variable Stiffness Soft Dexterous Gripper","True","C:\Users\Ben Bolen\Zotero\storage\GQNJAS6E\Al Abeach et al. - 2017 - Design of a Variable Stiffness Soft Dexterous Grip.pdf"
"groups/735051","2RTXRPEW","KNA9UL6M","10.1016/j.mechatronics.2008.02.006","Zhang","2008","Modeling and control of a curved pneumatic muscle actuator for wearable elbow exoskeleton","True","C:\Users\Ben Bolen\Zotero\storage\KNA9UL6M\Zhang et al. - 2008 - Modeling and control of a curved pneumatic muscle .pdf"
"groups/735051","75NLNY44","6GECIGM3","10.3390/act6040032","Al-Ibadi","2017","Efficient Structure-Based Models for the McKibben Contraction Pneumatic Muscle Actuator: The Full Description of the Behaviour of the Contraction PMA","True","C:\Users\Ben Bolen\Zotero\storage\6GECIGM3\Al-Ibadi et al. - 2017 - Efficient Structure-Based Models for the McKibben .pdf"
"groups/735051","GQQLMYRW","4KPHCIXT","10.1109/tro.2015.2428504","Polygerinos","2015","Modeling of Soft Fiber-Reinforced Bending Actuators","True","C:\Users\Ben Bolen\Zotero\storage\4KPHCIXT\Polygerinos et al. - 2015 - Modeling of Soft Fiber-Reinforced Bending Actuator.pdf"
"groups/735051","WEGVWW5Z","8RY5U4SS","10.1016/j.jbiomech.2010.01.010","Anderson","2010","Effects of Idealized Joint Geometry on Finite Element Predictions of Cartilage Contact Stresses in the Hip","True","C:\Users\Ben Bolen\Zotero\storage\8RY5U4SS\Anderson et al. - 2010 - Effects of Idealized Joint Geometry on Finite Elem.pdf"
"groups/735051","KMAMBMXU","SCPBDL8Y","10.1371/journal.pone.0149480","Hartel","2016","Determination of Femoral Neck Angle and Torsion Angle Utilizing a Novel Three-Dimensional Modeling and Analytical Technology Based on CT Datasets","True","C:\Users\Ben Bolen\Zotero\storage\SCPBDL8Y\Hartel et al. - 2016 - Determination of Femoral Neck Angle and Torsion An.pdf"
"groups/735051","76ICA5KC","5TX436KS","10.1109/embc.2016.7592105","Wu","2016","Hip joint geometry effects on cartilage contact stresses during a gait cycle","True","C:\Users\Ben Bolen\Zotero\storage\5TX436KS\Hip Joint Geometry Effects on Cartilage Contact Stresses during a Gait Cycle.pdf"
"groups/735051","CNQXBJEQ","XWTZNRXQ","","Kazemi","2016","Effects of Hip Geometry on Fracture Patterns of Proximal Femur","True","C:\Users\Ben Bolen\Zotero\storage\XWTZNRXQ\Kazemi et al. - 2016 - Effects of Hip Geometry on Fracture Patterns of Pr.pdf"
"groups/735051","IEA2NQW5","3WZVIE8X","10.1016/j.otsr.2011.08.015","Kouyoumdjian","2012","Clinical evaluation of hip joint rotation range of motion in adults","True","C:\Users\Ben Bolen\Zotero\storage\3WZVIE8X\Clinical evaluation of hip joint rotation range of motion in adults.pdf"
"groups/735051","DV3HNYVZ","RKXK8ZXF","10.1111/j.1365-2516.2010.02399.x","Soucie","2011","Range of motion measurements - Reference values and a database for comparison studies","True","C:\Users\Ben Bolen\Zotero\storage\RKXK8ZXF\Range of motion measurements - Reference values and a database for comparison studies.pdf"
"groups/735051","RJSDWVDJ","WAHMIGTF","10.3109/17453678208992202","Roaas","1982","Normal Range of Motion of the Hip, Knee and Ankle Joints in Male Subjects, 30–40 Years of Age","True","C:\Users\Ben Bolen\Zotero\storage\WAHMIGTF\Normal Range of Motion of the Hip, Knee and Ankle Joints in Male Subjects, 30–40 Years of Age.pdf"
"groups/735051","HRC8KFFW","W7R876E4","10.1007/bfb0035216","Khatib","1997","Stiffness isn't everything","True","C:\Users\Ben Bolen\Zotero\storage\W7R876E4\Stiffness Isn't Everything.pdf"
"groups/735051","AUS6MJHU","NVRYUZG6","10.1098/rspb.2006.3637","Geyer","2006","Compliant leg behaviour explains basic dynamics of walking and running","True","C:\Users\Ben Bolen\Zotero\storage\NVRYUZG6\Compliant leg behaviour explains basic dynamics of walking and running.pdf"
"groups/735051","XB9WAKKX","FGD6FCQY","10.1109/robot.2007.364088","Iida","2007","Bipedal Walking and Running with Compliant Legs","True","C:\Users\Ben Bolen\Zotero\storage\FGD6FCQY\Bipedal Walking and Running with Compliant Legs.pdf"
"groups/735051","CI5V3BGW","NCCEITEF","10.1109/robot.2005.1570404","Collins","2005","A Bipedal Walking Robot with Efficient and Human-Like Gait","True","C:\Users\Ben Bolen\Zotero\storage\NCCEITEF\A Bipedal Walking Robot with Efficient and Human-Like Gait.pdf"
"groups/735051","2MHIVWH4","M3ZSL57P","10.1088/1748-3182/7/4/041001","Zhou","2012","A survey of bio-inspired compliant legged robot designs","True","C:\Users\Ben Bolen\Zotero\storage\M3ZSL57P\A survey of bio-inspired compliant legged robot designs.pdf"
"groups/735051","5BWIAWTT","U4YVGHZJ","10.1016/j.robot.2007.12.001","Iida","2009","Toward a human-like biped robot with compliant legs","True","C:\Users\Ben Bolen\Zotero\storage\U4YVGHZJ\Toward a human-like biped robot with compliant legs.pdf"
"groups/735051","URSR2W27","3ETVUWBW","10.1113/jp271137","Sakanaka","2016","Sway-dependent changes in standing ankle stiffness caused by muscle thixotropy: Sway history and intrinsic ankle stiffness","True","C:\Users\Ben Bolen\Zotero\storage\3ETVUWBW\Sway-dependent changes in standing ankle stiffnesscaused by muscle thixotropy.pdf"
"groups/735051","ZG2QHGVW","D39TJU69","10.1109/embc.2015.7319940","Guarin","2015","Time-varying identification of ankle dynamic joint stiffness during movement with constant muscle activation","True","C:\Users\Ben Bolen\Zotero\storage\D39TJU69\Time-Varying Identification of Ankle Dynamic Joint Stiffness During Movement with Constant Muscle Activation.pdf"
"groups/735051","FAEWDMXZ","MFMXU9E7","10.1109/iscas.2015.7169245","Corradi","2015","Decision making and perceptual bistability in spike-based neuromorphic VLSI systems","True","C:\Users\Ben Bolen\Zotero\storage\MFMXU9E7\Corradi et al. - 2015 - Decision making and perceptual bistability in spik.pdf"
"groups/735051","VGUH43SM","QD8XJ6KQ","10.1109/ropec.2013.6702715","Franco","2013","Event-based image processing using a neuromorphic vision sensor","True","C:\Users\Ben Bolen\Zotero\storage\QD8XJ6KQ\Franco et al. - 2013 - Event-based image processing using a neuromorphic .pdf"
"groups/735051","5S3C5H6J","Z9KG78SN","10.1109/tie.2014.2356439","Chu","2015","Neuromorphic Hardware System for Visual Pattern Recognition With Memristor Array and CMOS Neuron","True","C:\Users\Ben Bolen\Zotero\storage\Z9KG78SN\Chu et al. - 2015 - Neuromorphic Hardware System for Visual Pattern Re.pdf"
"groups/735051","5CYLXGUE","YBWP5DPH","","Schuman","2017","A Survey of Neuromorphic Computing and Neural Networks in Hardware","True","C:\Users\Ben Bolen\Zotero\storage\YBWP5DPH\Schuman et al. - 2017 - A Survey of Neuromorphic Computing and Neural Netw.pdf"
"groups/735051","EKZAQERB","J9EAEAIZ","10.1302/0301-620x.97b4.34638","van Arkel","2015","The capsular ligaments provide more hip rotational restraint than the acetabular labrum and the ligamentum teres: an experimental study","True","C:\Users\Ben Bolen\Zotero\storage\J9EAEAIZ\The capsular ligaments provide more hip rotational restraint than the acetabular labrum and the ligamentum teres.pdf"
"groups/735051","PWA66WWU","LYAE2TI2","10.1109/embc.2017.8036765","Amiri","2017","Ankle intrinsic stiffness is modulated by postural sway","True","C:\Users\Ben Bolen\Zotero\storage\LYAE2TI2\Ankle Intrinsic Stiffness is Modulated by Postural Sway.pdf"
"groups/735051","ZPRUN7S6","GIHKUMXM","10.1504/ijecb.2015.067681","Chitsazan","2015","Assessment of stress distribution in ankle joint: simultaneous application of experimental and finite element methods","True","C:\Users\Ben Bolen\Zotero\storage\GIHKUMXM\Assessment of stress distribution in ankle joint - simultaneous application of experimental and finite element methods.pdf"
"groups/735051","D8MIPKJF","JEZG9Y23","10.1016/0021-9290(78)90010-6","Gottlieb","1978","Dependence of human ankle compliance on joint angle","True","C:\Users\Ben Bolen\Zotero\storage\JEZG9Y23\Dependence of human ankle compliance on joint angle.pdf"
"groups/735051","NVYTBHXY","RTXR9XZY","10.1002/jor.21435","Elkins","2011","The capsule's contribution to total hip construct stability - A finite element analysis","True","C:\Users\Ben Bolen\Zotero\storage\RTXR9XZY\The Capsule’s Contribution to Total Hip Construct Stability – A FiniteElement Analysis.pdf"
"groups/735051","6BWTA995","JDSPYRCK","10.1016/j.arthro.2007.08.024","Martin","2008","The Function of the Hip Capsular Ligaments: A Quantitative Report","True","C:\Users\Ben Bolen\Zotero\storage\JDSPYRCK\The Function of the Hip Capsular Ligaments.pdf"
"groups/735051","F99EURAW","YVZYTY5H","10.1016/s0021-9290(02)00091-x","Stewart","2002","Spatial distribution of hip capsule structural and material properties","True","C:\Users\Ben Bolen\Zotero\storage\YVZYTY5H\Spatial distribution of hip capsule structural and material properties.pdf"
"groups/735051","UJMSNY5L","T7P8RDHF","10.1016/s0736-0266(00)00035-8","Hewitt","2001","Regional material properties of the human hip joint capsule ligaments","True","C:\Users\Ben Bolen\Zotero\storage\T7P8RDHF\Regional material properties of the human hip joint capsule ligaments.pdf"
"groups/735051","MK9FRYP9","M5BEDIYG","10.1109/icuas.2016.7502575","Smith","2016","Disturbance observer based control for gust alleviation of a small fixed-wing UAS","True","C:\Users\Ben Bolen\Zotero\storage\M5BEDIYG\Smith et al. - 2016 - Disturbance observer based control for gust allevi.pdf"
"groups/735051","4SNHU5RN","UIJZYCNW","10.1109/metroaerospace.2014.6865909","Marino","2014","Unsteady pressure measurements on a MAV wing for the design of a turbulence mitigation system","True","C:\Users\Ben Bolen\Zotero\storage\UIJZYCNW\Marino et al. - 2014 - Unsteady pressure measurements on a MAV wing for t.pdf"
"groups/735051","27XWWFFT","ZE3XR8A5","10.1017/s0001924000003973","Watkins","2010","An overview of experiments on the dynamic sensitivity of MAVs to turbulence","True","C:\Users\Ben Bolen\Zotero\storage\ZE3XR8A5\Watkins et al. - 2010 - An overview of experiments on the dynamic sensitiv.pdf"
"groups/735051","IPF4LU3K","ZK5ZH69M","10.1088/1748-3182/5/4/045007","Grant","2010","Design and analysis of biomimetic joints for morphing of micro air vehicles","True","C:\Users\Ben Bolen\Zotero\storage\ZK5ZH69M\Grant et al. - 2010 - Design and analysis of biomimetic joints for morph.pdf"
"groups/735051","4MPTIS4D","YJYDJI2T","10.1016/j.paerosci.2014.06.001","Mohamed","2014","Fixed-wing MAV attitude stability in atmospheric turbulence, part 1: Suitability of conventional sensors","True","C:\Users\Ben Bolen\Zotero\storage\YJYDJI2T\Mohamed et al. - 2014 - Fixed-wing MAV attitude stability in atmospheric t.pdf"
"groups/735051","U8E2NS8V","X9PHS23F","","Watkins","2013","The Turbulent Flight Environment Close to the Ground and Its Effects on Fixed and Flapping Wings at Low Reynolds Number","True","C:\Users\Ben Bolen\Zotero\storage\X9PHS23F\257749411_The_Turbulent_Flight_Environment_Close_to_the_Ground_and_Its_Effects_on_Fixed_and_Flap.pdf"
"groups/735051","2Y5IBGBZ","VMAWTG38","","Brown","1993","Airflow Sensors in the Avian Wing","True","C:\Users\Ben Bolen\Zotero\storage\VMAWTG38\Brown and Fedde - 1993 - Airflow Sensors in the Avian Wing.pdf"
"groups/735051","849W9DPZ","VGE7ZAKC","10.1152/jn.01145.2015","Assländer","2016","Sensory reweighting dynamics following removal and addition of visual and proprioceptive cues","True","C:\Users\Ben Bolen\Zotero\storage\VGE7ZAKC\Assländer and Peterka - 2016 - Sensory reweighting dynamics following removal and.pdf"
"groups/735051","9EJSPRUI","UCJW4FSM","10.1152/jn.00261.2016","Sterbing-D'Angelo","2017","Functional role of airflow-sensing hairs on the bat wing","True","C:\Users\Ben Bolen\Zotero\storage\UCJW4FSM\Sterbing-D'Angelo et al. - 2017 - Functional role of airflow-sensing hairs on the ba.pdf"
"groups/735051","UQPWXKRT","TB6UNXDB","10.1109/icra.2016.7487491","Ramezani","2016","Bat Bot (B2), a biologically inspired flying machine","True","C:\Users\Ben Bolen\Zotero\storage\TB6UNXDB\Ramezani et al. - 2016 - Bat Bot (B2), a biologically inspired flying machi.pdf"
"groups/735051","G4NX9VWK","SMST6XTR","10.1016/j.jinsphys.2009.10.007","Ai","2010","Vibration receptive sensilla on the wing margins of the silkworm moth Bombyx mori","True","C:\Users\Ben Bolen\Zotero\storage\SMST6XTR\Ai et al. - 2010 - Vibration receptive sensilla on the wing margins o.pdf"
"groups/735051","LZM3EU9Z","RQYD2U4C","10.5028/jatm.v8i1.564","Aldheeb","2016","A Review on Aerodynamics of Non-Flapping Bird Wings","True","C:\Users\Ben Bolen\Zotero\storage\RQYD2U4C\Aldheeb et al. - 2016 - A Review on Aerodynamics of Non-Flapping Bird Wing.pdf"
"groups/735051","W4HD7SD5","Q29GJ9D2","10.1098/rsif.2017.0240","Chin","2017","Inspiration for wing design: how forelimb specialization enables active flight in modern vertebrates","True","C:\Users\Ben Bolen\Zotero\storage\Q29GJ9D2\Chin et al. - 2017 - Inspiration for wing design how forelimb speciali.pdf"
"groups/735051","ZDX2GTTW","PS8UNCTL","10.1002/(sici)1097-0029(19960701)34:4<313::aid-jemt4>3.0.co;2-p","Saxod","1996","Ontogeny of the cutaneous sensory organs","True","C:\Users\Ben Bolen\Zotero\storage\PS8UNCTL\Saxod - 1996 - Ontogeny of the cutaneous sensory organs.pdf"
"groups/735051","9CU7DATF","PYNYXQD5","10.1073/pnas.1018740108","Sterbing-D'Angelo","2011","Bat wing sensors support flight control","True","C:\Users\Ben Bolen\Zotero\storage\PYNYXQD5\Sterbing-D'Angelo et al. - 2011 - Bat wing sensors support flight control.pdf"
"groups/735051","V2RNIZZT","PGCNWK2Z","10.1139/cjz-2015-0103","Altshuler","2015","The biophysics of bird flight: functional relationships integrate aerodynamics, morphology, kinematics, muscles, and sensors","True","C:\Users\Ben Bolen\Zotero\storage\PGCNWK2Z\Altshuler et al. - 2015 - The biophysics of bird flight functional relation.pdf"
"groups/735051","V2RNIZZT","MVKJDKYS","10.1139/cjz-2015-0103","Altshuler","2015","The biophysics of bird flight: functional relationships integrate aerodynamics, morphology, kinematics, muscles, and sensors","True","C:\Users\Ben Bolen\Zotero\storage\MVKJDKYS\Altshuler et al. - 2015 - The biophysics of bird flight functional relation.pdf"
"groups/735051","GQQ3LJW9","LJSBKRD3","10.1155/2013/587098","Wang","2013","Attitude and Altitude Controller Design for Quad-Rotor Type MAVs","True","C:\Users\Ben Bolen\Zotero\storage\LJSBKRD3\4vol5no4.pdf"
"groups/735051","LP2X9TP9","LJ6RU2NU","10.1098/rsif.2014.0645","Reynolds","2014","Wing tucks are a response to atmospheric turbulence in the soaring flight of the steppe eagle Aquila nipalensis","True","C:\Users\Ben Bolen\Zotero\storage\LJ6RU2NU\266974754_Wing_tucks_are_a_response_to_atmospheric_turbulence_in_the_soaring_flight_of_the_stepp.pdf"
"groups/735051","IEBA5LH9","JWZ8HFXI","10.1088/1748-3182/7/3/036006","Colorado","2012","Biomechanics of smart wings in a bat robot: morphing wings using SMA actuators","True","C:\Users\Ben Bolen\Zotero\storage\JWZ8HFXI\Colorado et al. - 2012 - Biomechanics of smart wings in a bat robot morphi.pdf"
"groups/735051","9QWQ3RTI","JX9W9UF7","10.1098/rsfs.2016.0092","Luca","2017","Bioinspired morphing wings for extended flight envelope and roll control of small drones","True","C:\Users\Ben Bolen\Zotero\storage\JX9W9UF7\Luca et al. - 2017 - Bioinspired morphing wings for extended flight env.pdf"
"groups/735051","HA3WX6Y6","IAJRD3WZ","10.1109/mim.2004.1337909","Zbikowski","2004","Sensor-rich feedback control: a new paradigm for flight control inspired by insect agility","True","C:\Users\Ben Bolen\Zotero\storage\IAJRD3WZ\Zbikowski - 2004 - Sensor-rich feedback control a new paradigm for f.pdf"
"groups/735051","RJCB3T63","HSHFMUTM","10.1016/s0006-8993(97)00253-9","Wild","1997","The avian somatosensory system: The pathway from wing to Wulst in a passerine (Chloris chloris)","True","C:\Users\Ben Bolen\Zotero\storage\HSHFMUTM\Wild - 1997 - The avian somatosensory system The pathway from w.pdf"
"groups/735051","TZTYKBD4","DNDVWDK7","10.1016/j.paerosci.2013.12.003","Mohamed","2014","The attitude control of fixed-wing MAVS in turbulent environments","True","C:\Users\Ben Bolen\Zotero\storage\DNDVWDK7\Mohamed et al. - 2014 - The attitude control of fixed-wing MAVS in turbule.pdf"
"groups/735051","83PE4KEE","DBKX7IUV","10.1016/j.paerosci.2014.06.002","Mohamed","2014","Fixed-wing MAV attitude stability in atmospheric turbulence—Part 2: Investigating biologically-inspired sensors","True","C:\Users\Ben Bolen\Zotero\storage\DBKX7IUV\Mohamed et al. - 2014 - Fixed-wing MAV attitude stability in atmospheric t.pdf"
"groups/735051","W9KITF7J","D266R3ZA","10.1016/j.jtbi.2008.06.011","Riskin","2008","Quantifying the complexity of bat wing kinematics","True","C:\Users\Ben Bolen\Zotero\storage\D266R3ZA\Riskin et al. - 2008 - Quantifying the complexity of bat wing kinematics.pdf"
"groups/735051","ICMPX662","CDV9CJ9Q","10.1038/nature05733","Lentink","2007","How swifts control their glide performance with morphing wings","True","C:\Users\Ben Bolen\Zotero\storage\CDV9CJ9Q\Lentink et al. - 2007 - How swifts control their glide performance with mo.pdf"
"groups/735051","A58W6FYR","7TQY7WUT","10.1002/rob.21626","Mohamed","2016","Development and Flight Testing of a Turbulence Mitigation System for Micro Air Vehicles","True","C:\Users\Ben Bolen\Zotero\storage\7TQY7WUT\Mohamed et al. - 2016 - Development and Flight Testing of a Turbulence Mit.pdf"
"groups/735051","6XR2UW4Y","5TEFPJWN","10.1088/1741-2560/13/5/051001","Furber","2016","Large-scale neuromorphic computing systems","True","C:\Users\Ben Bolen\Zotero\storage\5TEFPJWN\Furber - 2016 - Large-scale neuromorphic computing systems.pdf"
"groups/735051","9ASGVQML","378DE6Y3","10.1016/j.celrep.2015.04.001","Marshall","2015","Somatosensory Substrates of Flight Control in Bats","True","C:\Users\Ben Bolen\Zotero\storage\378DE6Y3\Marshall et al. - 2015 - Somatosensory Substrates of Flight Control in Bats.pdf"
"groups/735051","RJCB3T63","452QGV7P","10.1016/s0006-8993(97)00253-9","Wild","1997","The avian somatosensory system: The pathway from wing to Wulst in a passerine (Chloris chloris)","True","C:\Users\Ben Bolen\Zotero\storage\452QGV7P\Wild - 1997 - The avian somatosensory system The pathway from w.pdf"
"groups/735051","X4BG5QMK","24VVJ37P","10.1109/iciev.2013.6572698","Argentim","2013","PID, LQR and LQR-PID on a quadcopter platform","True","C:\Users\Ben Bolen\Zotero\storage\24VVJ37P\Argentim et al. - 2013 - PID, LQR and LQR-PID on a quadcopter platform.pdf"
"groups/735051","Y2YV8JDV","2ZUAEB6J","10.1002/ajpa.22636","Griffin","2015","Understanding the evolution of the windlass mechanism of the human foot from comparative anatomy: Insights, obstacles, and future directions","True","C:\Users\Ben Bolen\Zotero\storage\2ZUAEB6J\Understanding the Evolution of the Windlass Mechanism of the Human Foot from Comparative Anatomy.pdf"
"groups/735051","2BVPEVLY","NDE5PY3M","10.1016/j.maturitas.2014.07.019","Tomassoni","2014","Gender and age related differences in foot morphology","True","C:\Users\Ben Bolen\Zotero\storage\NDE5PY3M\Gender and age related differences in foot morphology.pdf"
"groups/735051","VCG4TEQJ","6DITYICY","10.1016/j.jbiomech.2014.06.010","Van den Herrewegen","2014","Dynamic 3D scanning as a markerless method to calculate multi-segment foot kinematics during stance phase: Methodology and first application","True","C:\Users\Ben Bolen\Zotero\storage\6DITYICY\Dynamic 3D scanning as a markerless method to calculate multi-segment foot kinematics during stance phase.pdf"
"groups/735051","GT2AJFPW","8HFS3PRX","10.1186/1757-1146-7-8","Leardini","2014","Biomechanics of the natural, arthritic, and replaced human ankle joint","True","C:\Users\Ben Bolen\Zotero\storage\8HFS3PRX\Biomechanics of the natural, arthritic, and replaced human ankle joint.pdf"
"groups/735051","3RQC8XVC","V6NYF7YN","10.1007/s00167-016-4059-4","Golanó","2016","Anatomy of the ankle ligaments: a pictorial essay","True","C:\Users\Ben Bolen\Zotero\storage\V6NYF7YN\Anatomy of the ankle ligaments - a pictorial essay.pdf"
"groups/735051","ZKAINVCC","7IH4D856","10.1177/107110079801901109","Milner","1998","Anatomy of the Collateral Ligaments of the Human Ankle Joint","True","C:\Users\Ben Bolen\Zotero\storage\7IH4D856\Anatomy of the Collateral Ligaments of the Human Ankle Joint.pdf"
"groups/735051","5RF9X88W","MKWEC67T","10.1016/j.clinbiomech.2005.09.004","Monaghan","2006","Ankle function during gait in patients with chronic ankle instability compared to controls","True","C:\Users\Ben Bolen\Zotero\storage\MKWEC67T\Ankle function during gait in patients with chronic ankle instability compared to controls.pdf"
"groups/735051","XYHAJ8NL","4FHFKIQS","","Hodge","1986","Contact pressures in the human hip joint measured in vivo","True","C:\Users\Ben Bolen\Zotero\storage\4FHFKIQS\Contact pressures in the human hip joint measured in vivo.pdf"
"groups/735051","W2VQX4EC","NWDMR3ED","","Wang","2004","Gender Differences in Hip Anatomy: Possible Implications for Injury Tolerance in Frontal Collisions","True","C:\Users\Ben Bolen\Zotero\storage\NWDMR3ED\Gender Differences in Hip Anatomy.pdf"
"groups/735051","F44PA8YU","J22TZ98P","10.6028/nist.ir.8059","Forster","2015","Materials Testing Standards for Additive Manufacturing of Polymer Materials","True","C:\Users\Ben Bolen\Zotero\storage\J22TZ98P\Materials Testing Standards for Additive Manufacturing of Polymer Materials.pdf"
"groups/735051","WKN7J9EI","X25JM4HH","","Harty","1984","The Anatomy of the Hip Joint","True","C:\Users\Ben Bolen\Zotero\storage\X25JM4HH\Surgery of the Hip Joint - Volume 1.pdf"
"groups/735051","JDFZXXJM","38QGMYR2","10.1590/1413-78522014220600451","Sanchez","2014","Evaluation of Q angle in differents static postures","True","C:\Users\Ben Bolen\Zotero\storage\38QGMYR2\Evaluation of Q angle in differents static postures.pdf"
"groups/735051","AVEMFIZJ","AJ7V78S6","07101/aim.007","Emami","2007","Q-angle: An Invaluable Parameter for Evaluation of Anterior Knee Pain","True","C:\Users\Ben Bolen\Zotero\storage\AJ7V78S6\Q-angle - An Invaluable Parameter for Evaluation of Anterior Knee Pain.pdf"
"groups/735051","3S2D58HG","MECRNH6U","10.1007/s11999-010-1334-4","Kamath","2010","What is Varus or Valgus Knee Alignment? A Call for a Uniform Radiographic Classification","True","C:\Users\Ben Bolen\Zotero\storage\MECRNH6U\What is Varus or Valgus Knee Alignment.pdf"
"groups/735051","CGW4LT2X","LT8ZW93G","","Shahane","1998","The popliteofibular ligament - An anatomical study of the posterolateral corner of the knee.","True","C:\Users\Ben Bolen\Zotero\storage\LT8ZW93G\The popliteofibular ligament.pdf"
"groups/735051","WPBSW5DG","4LVTV9PJ","10.1177/0363546514562751","Parsons","2015","The Biomechanical Function of the Anterolateral Ligament of the Knee","True","C:\Users\Ben Bolen\Zotero\storage\4LVTV9PJ\The Biomechanical Function of the Anterolateral Ligament of the Knee.pdf"
"groups/735051","EHQMQ36P","Z33G58UM","10.1080/13873954.2010.507094","Reichl","2010","Reconstructing the knee joint mechanism from kinematic data","True","C:\Users\Ben Bolen\Zotero\storage\Z33G58UM\Reconstructing the knee joint mechanism from kinematic data.pdf"
"groups/735051","PXU7K9JT","MW8IQLTL","10.1115/1.4033480","Lamberto","2016","Modeling the Human Tibiofemoral Joint Using Ex Vivo Determined Compliance Matrices","True","C:\Users\Ben Bolen\Zotero\storage\MW8IQLTL\Modeling the human tibio-femoral joint using ex vivo determined compliance matrices.pdf"
"groups/735051","HNJDUZ3T","44A8CZFW","10.3390/s17040713","Misgeld","2017","Model-Based Estimation of Ankle Joint Stiffness","True","C:\Users\Ben Bolen\Zotero\storage\44A8CZFW\Model-Based Estimation of Ankle Joint Stiffness.pdf"
"groups/735051","NCGMHK6T","8UE93Z5W","10.1088/1742-6596/772/1/012027","Crenna","2016","Instantaneous centre of rotation in human motion: measurement and computational issues","True","C:\Users\Ben Bolen\Zotero\storage\8UE93Z5W\Instantaneous centre of rotation in human motion - measurement and computational issues.pdf"
"groups/735051","K759M4SF","XUQMJNJM","10.1155/2013/717546","Hamai","2013","In Vivo Healthy Knee Kinematics during Dynamic Full Flexion","True","C:\Users\Ben Bolen\Zotero\storage\XUQMJNJM\In Vivo healthy knee kniematics during dynamic full flexion.pdf"
"groups/735051","ZAC64NWC","RMK3JANC","10.1126/scirobotics.aaq0899","Asano","2017","Design principles of a human mimetic humanoid: Humanoid platform to study human intelligence and internal body system","True","C:\Users\Ben Bolen\Zotero\storage\RMK3JANC\Design principles of a human mimetic humanoid.pdf"
"groups/735051","VQCLJKRJ","T6JW2LZ5","10.1016/j.jofri.2015.10.004 2212-4780","M.Ford","2015","Computed tomography slice thickness and its effects on three-dimensional reconstruction of anatomical structures","True","C:\Users\Ben Bolen\Zotero\storage\T6JW2LZ5\CT slice thickness.pdf"
"groups/735051","WX9XFMA4","K9XF248R","10.1007/s11465-014-0306-x","Madeti","2015","Biomechanics of knee joint — A review","True","C:\Users\Ben Bolen\Zotero\storage\K9XF248R\Biomechanics of knee joint.pdf"
"groups/735051","SS4M6FIA","ZRVTQZ4T","10.3390/jfmk2040034","Abulhasan","2017","Anatomy and Physiology of Knee Stability","True","C:\Users\Ben Bolen\Zotero\storage\ZRVTQZ4T\Anatomy and physiology of knee stability.pdf"
"groups/735051","ISJQLI4T","V9MZ7MNX","10.1111/j.1365-2516.2010.02399.x","Soucie","2011","Range of motion measurements: reference values and a database for comparison studies.","True","C:\Users\Ben Bolen\Zotero\storage\V9MZ7MNX\Range of motion measurements - reference values and a database for comparison studies.pdf"
"groups/735051","MJBFYXEL","GGXJUGJU","10.1016/j.wear.2009.10.014","Mukras","2010","Analysis of planar multibody systems with revolute joint wear","True","C:\Users\Ben Bolen\Zotero\storage\GGXJUGJU\Analysis of planar multibody systems with revolute joint wear.pdf"
"groups/735051","C24YHAJY","UDC8MU3M","","Fox","2012","The Basic Science of the Patella: Structure, Composition, and Function","True","C:\Users\Ben Bolen\Zotero\storage\UDC8MU3M\The Basic Science of the Patella - Structure Composition and Function.pdf"
"groups/735051","FPHF96QT","Q2L2INGQ","10.1371/ journal.pone.0115670","Cleather","2014","On the Role of the Patella, ACL and Joint Contact Forces in the Extension of the Knee","True","C:\Users\Ben Bolen\Zotero\storage\Q2L2INGQ\On the Role of the Patella, ACL and Joint Contact Forces in the Extension of the Knee.pdf"
"groups/735051","WZCYBQ87","5I9GG4F2","10.1007/s11517-015-1373-9","Ozada","2016","Biomechanical model of knee collateral ligament injury with six degrees of freedom","True","C:\Users\Ben Bolen\Zotero\storage\5I9GG4F2\Biomechanical model of knee collateral ligament injury with six degrees of freedom.pdf"
"groups/735051","VRZAWX95","MIQ3MUQ9","10.1109/iros.2016.7759335","Kozuki","2016","Skeletal Structure with Artificial Perspiration for Cooling by Latent Heat for Musculoskeletal Humanoid Kengoro","True","C:\Users\Ben Bolen\Zotero\storage\MIQ3MUQ9\Skeletal structure with artificial perspiration for cooling by latent heat for musculoskeletal humanoid Kengoro.pdf"
"groups/735051","7SILI7PL","A93U964E","10.1016/j.robot.2013.12.001","Hobon","2014","Quasi optimal sagittal gait of a biped robot with a new structure of knee joint","True","C:\Users\Ben Bolen\Zotero\storage\A93U964E\Quasi optimal sagittal gait of a biped robot with a new structure of knee joint.pdf"
"groups/735051","DMFQPBNQ","ATGPE5IY","10.1109/aim.2017.8013997","Liu","2017","Design and control of a pneumatic-driven biomimetic knee joint for biped robot","True","C:\Users\Ben Bolen\Zotero\storage\ATGPE5IY\Designandcontrolofapneumatic-drivenbiomimetickneejointforbipedrobot.pdf"
"groups/735051","6U6KFZ3U","YB6M6KZN","10.1109/robio.2011.6181553","Asano","2011","Biomimetic Design of Musculoskeletal Humanoid Knee Joint with Patella and Screw-Home Mechanism","True","C:\Users\Ben Bolen\Zotero\storage\YB6M6KZN\Biomimetic Design of Musculoskeletal Humanoid Knee Joint with Patella and Screw-Home Mechanism.pdf"
"groups/735051","VJEYZVBS","8F8874NU","10.1109/iros.2013.6697025","Asano","2013","Achievement of Twist Squat by Musculoskeletal Humanoid with Screw-Home Mechanism","True","C:\Users\Ben Bolen\Zotero\storage\8F8874NU\Achievement of Twist Squat by Musculoskeletal Humanoid with Screw-Home Mechanism.pdf"
"groups/735051","YDPKC4NA","3S5TZWYM","10.1109/icra.2016.7487517","Pinto","2016","Supersizing self-supervision: Learning to grasp from 50K tries and 700 robot hours","True","C:\Users\Ben Bolen\Zotero\storage\3S5TZWYM\Pinto 與 Gupta - 2015 - Supersizing Self-supervision Learning to Grasp fr.pdf"
"groups/735051","5PINM6GN","8QEAP27H","10.1109/icra.2017.7989165","Zeng","2017","Multi-view self-supervised deep learning for 6D pose estimation in the Amazon Picking Challenge","True","C:\Users\Ben Bolen\Zotero\storage\8QEAP27H\1f1efae6ca7a6302a1e48aaeb20525f07788.pdf"
"groups/735051","6C4NF383","ATNBAWTX","","Unknown","","Self and Mutual Learning in Robotic Arm, based on Cognitive Systems - Open Access Library","True","C:\Users\Ben Bolen\Zotero\storage\ATNBAWTX\CognitiveRoboticArm.pdf"
"groups/735051","DDGMK8SB","FVRRMNEF","10.1109/robot.1997.620037","Pratt","1997","Virtual model control of a bipedal walking robot","True","C:\Users\Ben Bolen\Zotero\storage\FVRRMNEF\0204aae4a02056a6a7f0027aff4939fdc28b.pdf"
"groups/735051","372WC2BR","UGTNC7MB","10.1109/jsyst.2014.2342292","Savsani","2014","Comparative Study of Different Metaheuristics for the Trajectory Planning of a Robotic Arm","True","C:\Users\Ben Bolen\Zotero\storage\UGTNC7MB\Savsani 等。 - 2014 - Comparative Study of Different Metaheuristics for .pdf"
"groups/735051","ANFPQIHY","KG4LBIQX","10.1109/robot.2009.5152423","Hoffmann","2009","Biologically-inspired dynamical systems for movement generation: Automatic real-time goal adaptation and obstacle avoidance","True","C:\Users\Ben Bolen\Zotero\storage\KG4LBIQX\Hoffmann 等。 - 2009 - Biologically-inspired dynamical systems for moveme.pdf"
"groups/735051","7MV3W6VX","ZQPMGEFH","","Jain","2013","Learning Trajectory Preferences for Manipulators via Iterative Improvement","True","C:\Users\Ben Bolen\Zotero\storage\ZQPMGEFH\Jain 等。 - 2013 - Learning Trajectory Preferences for Manipulators v.pdf"
"groups/735051","2UMTR4KE","P2P33WL2","","Singh","2017","Neuron-Based Control Mechanisms for a Robotic Arm and Hand","True","C:\Users\Ben Bolen\Zotero\storage\P2P33WL2\Singhetal2017.pdf"
"groups/735051","6SN2WCQK","VJMPTA3H","10.1016/j.procs.2016.04.080","Roy","2016","Trajectory Path Planning of EEG Controlled Robotic Arm Using GA","True","C:\Users\Ben Bolen\Zotero\storage\VJMPTA3H\Roy 等。 - 2016 - Trajectory Path Planning of EEG Controlled Robotic.pdf"
"groups/735051","3FHALTLQ","ZTPR4VDT","10.1016/s0921-8890(01)00155-5","Billard","2001","Learning human arm movements by imitation:: Evaluation of a biologically inspired connectionist architecture","True","C:\Users\Ben Bolen\Zotero\storage\ZTPR4VDT\Billard 與 Matarić - 2001 - Learning human arm movements by imitation Evalua.pdf"
"groups/735051","63T4YNBZ","YR8M5EQG","10.1109/robot.2006.1641977","Arimoto","2006","Human-like movements of robotic arms with redundant DOFs: virtual spring-damper hypothesis to tackle the Bernstein problem","True","C:\Users\Ben Bolen\Zotero\storage\YR8M5EQG\Arimoto 與 Sekimoto - 2006 - Human-like movements of robotic arms with redundan.pdf"
"groups/735051","EUJ6IIYP","TA8EZCS9","10.1109/iros.2006.282591","Kim","2006","Human-like Arm Motion Generation for Humanoid Robots Using Motion Capture Database","True","C:\Users\Ben Bolen\Zotero\storage\TA8EZCS9\Kim 等。 - 2006 - Human-like Arm Motion Generation for Humanoid Robo.pdf"
"groups/735051","ECE54WM2","7P77VCTM","10.1109/robot.2005.1570404","Collins","2005","A Bipedal Walking Robot with Efficient and Human-Like Gait","True","C:\Users\Ben Bolen\Zotero\storage\7P77VCTM\Collins 與 Ruina - 2005 - A Bipedal Walking Robot with Efficient and Human-L.pdf"
"groups/735051","8XTEBT9Z","KXTTBKBI","10.1109/amc.2008.4516144","Lombai","2008","Trajectory tracking control of a 6-degree-of-freedom robot arm using nonlinear optimization","True","C:\Users\Ben Bolen\Zotero\storage\KXTTBKBI\Trrajectroy tracking control of a 6-degree-of-freedom robot arm using nonlinear optimization.pdf"
"groups/735051","SVWYRUIU","AKBASI8C","10.1109/icra.2014.6907180","Khatib","2014","SupraPeds: Humanoid contact-supported locomotion for 3D unstructured environments","True","C:\Users\Ben Bolen\Zotero\storage\AKBASI8C\06907180.pdf"
"groups/735051","X6DC2RDV","LKNQSTEZ","10.12700/aph.13.1.2016.1.15","Ficuciello","2016","Impedance control of redundant manipulators for safe human-robot collaboration","True","C:\Users\Ben Bolen\Zotero\storage\LKNQSTEZ\Inpedance Control of Redundant Manipulators for Safe Human-Robot Collaboration.pdf"
"groups/735051","WXXDUDXE","XS2M7GUK","10.1080/00207179.2016.1264630","Satici","2016","Intrinsic dynamics and total energy-shaping control of the ballbot system","True","C:\Users\Ben Bolen\Zotero\storage\XS2M7GUK\Intrinsic dynamics and total energy-shaping control of the ballbot system.pdf"
"groups/735051","8Y8SAKSG","ZQZ95G66","10.1155/2016/5720163","Almusawi","2016","A New Artificial Neural Network Approach in Solving Inverse Kinematics of Robotic Arm (Denso VP6242)","True","C:\Users\Ben Bolen\Zotero\storage\ZQZ95G66\Almusawi 等。 - 2016 - A New Artificial Neural Network Approach in Solvin.pdf"
"groups/735051","CZV68NPZ","NAPHLUU2","10.1109/ijcnn.2010.5596525","Bouganis","2010","Training a Spiking Neural Network to Control a 4-DoF Robotic Arm based on Spike Timing-Dependent Plasticity","True","C:\Users\Ben Bolen\Zotero\storage\NAPHLUU2\Bouganis 與 Shanahan - 2010 - Training a Spiking Neural Network to Control a 4-D.pdf"
"groups/735051","FPCB7SPU","S5G6M4AL","10.1109/iecon.1998.723003","Ohishi","1998","Robust motion control with autonomous consideration algorithm of joint torque saturation","True","C:\Users\Ben Bolen\Zotero\storage\S5G6M4AL\Robust Motion Control with Autonomous Consideration.pdf"
"groups/735051","WRPHX4BZ","QLFBTC2Z","10.1109/humanoids.2015.7363489","Park","2015","Parallel cartesian planning in dynamic environments using constrained trajectory planning","True","C:\Users\Ben Bolen\Zotero\storage\QLFBTC2Z\Parallel Cartesian Planning in Dynamic Environments using Constrained Trajectory Planning.pdf"
"groups/735051","PJ2DYUK4","WJJBZL2N","10.1007/s00221-017-4890-y","Li","2017","From reaching to reach-to-grasp: the arm posture difference and its implications on human motion control strategy","True","C:\Users\Ben Bolen\Zotero\storage\WJJBZL2N\From reaching to reach-to-grasp, the arm posture difference and its implications on human motion control strategy.pdf"
"groups/735051","QWQVM45R","URGWYSV2","10.1007/s10015-004-0334-4","Imajo","2005","Application of a neural network to the generation of a robot arm trajectory","True","C:\Users\Ben Bolen\Zotero\storage\URGWYSV2\application of a neural network to generating robot arm trajectory.pdf"
"groups/735051","Z63743HV","UKVP6FG5","10.1186/s12984-017-0266-6","Hunt","2017","Reactive stepping with functional neuromuscular stimulation in response to forward-directed perturbations","True","C:\Users\Ben Bolen\Zotero\storage\UKVP6FG5\Hunt et al. - 2017 - Reactive stepping with functional neuromuscular st.pdf"
"groups/735051","B5A73NJ6","WGUTHSQ9","10.1007/978-3-319-63537-8_15","Hilts","2017","Simulation of Human Balance Control Using an Inverted Pendulum Model","True","C:\Users\Ben Bolen\Zotero\storage\WGUTHSQ9\Hilts et al. - 2017 - Simulation of Human Balance Control Using an Inver.pdf"
"groups/735051","U6H6TN9F","7BJN9TZB","","Steele","","Development of a Bio-inspired Knee Joint Mechanism for a Bipedal Robot","True","C:\Users\Ben Bolen\Zotero\storage\7BJN9TZB\Bio-inspired Knee Joint Mechanism for a Bipedal Robot.pdf"
"groups/735051","G9FM6W4M","MVBXB5P4","10.1109/iros.2011.6095172","Hunt","2011","A rapidly reconfigurable robot for assistance in urban search and rescue","True","C:\Users\Ben Bolen\Zotero\storage\MVBXB5P4\Hunt et al. - 2011 - A rapidly reconfigurable robot for assistance in u.pdf"
"groups/735051","S8HD3BZD","HRQQI8II","10.1109/iros.2009.5354202","Dunker","2009","A biologically inspired robot for lunar In-Situ Resource Utilization","True","C:\Users\Ben Bolen\Zotero\storage\HRQQI8II\Dunker et al. - 2009 - A biologically inspired robot for lunar In-Situ Re.pdf"
"groups/735051","RPG6EVU2","XI5GK2CU","10.1109/isfa.2016.7790167","Lonsberry","2016","Predicting the occurance of unstable arc formations in laser hot-wire additive manufacturing","True","C:\Users\Ben Bolen\Zotero\storage\XI5GK2CU\Lonsberry et al. - 2016 - Predicting the occurance of unstable arc formation.pdf"
"groups/735051","EHDQ95JU","8ERM7GU5","10.1109/iros.2011.6095172","Hunt","2011","A rapidly reconfigurable robot for assistance in urban search and rescue","True","C:\Users\Ben Bolen\Zotero\storage\8ERM7GU5\Hunt et al. - 2011 - A rapidly reconfigurable robot for assistance in urban search and rescue(2).pdf"
"groups/735051","S8HD3BZD","AKUFEV52","10.1109/iros.2009.5354202","Dunker","2009","A biologically inspired robot for lunar In-Situ Resource Utilization","True","C:\Users\Ben Bolen\Zotero\storage\AKUFEV52\Dunker et al. - 2009 - A Biologically Inspired Robot for Lunar.pdf"
"groups/735051","Z8FBDXTR","NH6V3K66","","Buchanan","2004","Neuromusculoskeletal Modeling: Estimation of Muscle Forces and Joint Moments and Movements From Measurements of Neural Command","True","C:\Users\Ben Bolen\Zotero\storage\NH6V3K66\Buchanan et al. - 2004 - Neuromusculoskeletal Modeling Estimation of Muscl.pdf"
"groups/735051","R5D7MJ7N","X8VUXT5K","","Bosco","1997","Representation of Multiple Kinematic Parameters of the Cat Hindlimb in Spinocerebellar Activity","True","C:\Users\Ben Bolen\Zotero\storage\X8VUXT5K\Bosco and Poppele - 1997 - Representation of Multiple Kinematic Parameters of.pdf"
"groups/735051","BD64GDM5","KBNDBDTF","","Wade","1997","The Role of Vision and Spatial Orientation in the Maintenance of Posture","True","C:\Users\Ben Bolen\Zotero\storage\KBNDBDTF\Wade and Jones - 1997 - The Role of Vision and Spatial Orientation in the .pdf"
"groups/735051","P87ZUNA5","MKKG9IJA","10.1152/jn.00516.2003","Peterka","2004","Dynamic Regulation of Sensorimotor Integration in Human Postural Control","True","C:\Users\Ben Bolen\Zotero\storage\MKKG9IJA\Peterka and Loughlin - 2004 - Dynamic Regulation of Sensorimotor Integration in .pdf"
"groups/735051","6CUG8IRB","ZXCFMKCF","","Lippi","2013","A bio-inspired modular system for humanoid posture control","True","C:\Users\Ben Bolen\Zotero\storage\ZXCFMKCF\Bio-inspired-Modular-System.pdf"
"groups/735051","BAERCQIX","PMND5A45","10.1007/s10514-015-9509-1","Lee","2015","Balancing of humanoid robot using contact force/moment control by task-oriented whole body control framework","True","C:\Users\Ben Bolen\Zotero\storage\PMND5A45\Lee et al. - 2015 - Balancing of humanoid robot using contact forcemo.pdf"
"groups/735051","6WVX5NJ9","KH4T733U","10.1007/s004220000196","Kooij","2000","An adaptive model of sensory integration in a dynamic environment applied to human stance control","True","C:\Users\Ben Bolen\Zotero\storage\KH4T733U\Kooij et al. - An adaptive model of sensory integration in a dyna.pdf"
"groups/735051","I4EKWN22","ECX4233U","10.1093/ageing/afl077","Horak","2006","Postural orientation and equilibrium: what do we need to know about neural control of balance to prevent falls?","True","C:\Users\Ben Bolen\Zotero\storage\ECX4233U\Horak - 2006 - Postural orientation and equilibrium what do we n.pdf"
"groups/735051","I4EKWN22","GISAG6GD","10.1093/ageing/afl077","Horak","2006","Postural orientation and equilibrium: what do we need to know about neural control of balance to prevent falls?","True","C:\Users\Ben Bolen\Zotero\storage\GISAG6GD\Horak - 2006 - Postural orientation and equilibrium what do we need to know about neural control of balance to prevent falls.pdf"
"groups/735051","3RP38T8B","ST4W9UMD","dx.doi.org/10.1016/s0021-9290(98)80015-8","Kavanagh","1998","The influence of slip ratios in contemporary TKR on the wear of ultra-high molecular weight polyethylene (UHMWPE): An experimental view","True","C:\Users\Ben Bolen\Zotero\storage\ST4W9UMD\PIIS0021929098800158.pdf"
"groups/735051","JE2XDAZR","K3MB4HJH","","Esat","2009","Articular human joint modelling","True","C:\Users\Ben Bolen\Zotero\storage\K3MB4HJH\articular-human-joint-modelling.pdf"
"groups/735051","RFP6CRHC","KH3P9WD8","10.1016/j.mporth.2010.03.005","Masouros","2010","Biomechanics of the knee joint","True","C:\Users\Ben Bolen\Zotero\storage\KH3P9WD8\1-s2.0-S1877132710000308-main.pdf"
"groups/735051","G98D35PF","AG6M5ES6","dx.doi.org/10.1016/s1350-4533(96)00031-8","Ling,","1997","Analytical study on the kinematic and dynamic behaviors of a knee joint","True","C:\Users\Ben Bolen\Zotero\storage\AG6M5ES6\1-s2.0-S1350453396000318-main.pdf"
"groups/735051","EZNK3NQR","X9S2PFGA","","Schwenke","2005","The influence of slip velocity on wear of total knee arthroplasty","True","C:\Users\Ben Bolen\Zotero\storage\X9S2PFGA\schwenke2005.pdf"
"groups/735051","NCGDINJ5","RRQNTIPF","10.1002/ar.21458","Sylvester","2011","The Effective Mechanical Advantage of A.L. 129-1a for Knee Extension","True","C:\Users\Ben Bolen\Zotero\storage\RRQNTIPF\e93a91a7418838499de906ec746feca70fafcf105d63067953904dfc59b7cefe.pdf"
"groups/735051","4QFTQ6CG","HZCFW6QU","10.1115/1.4026228","Carey","2014","Subject-Specific Finite Element Modeling of the Tibiofemoral Joint Based on CT, Magnetic Resonance Imaging and Dynamic Stereo-Radiography Data in Vivo","True","C:\Users\Ben Bolen\Zotero\storage\HZCFW6QU\carey2014.pdf"
"groups/735051","Q73X28TW","7GB7BNHE","10.1007/978-1-4419-7892-9_2","McCarthy","2011","Geometric Design of Linkages","True","C:\Users\Ben Bolen\Zotero\storage\7GB7BNHE\9781441978912-c1.pdf"
"groups/735051","KNAS8P9V","5GU6TEM7","","Halonen","2016","Importance of Patella, Quadriceps Forces, and Depthwise Cartilage Structure on Knee Joint Motion and Cartilage Response During Gait","True","C:\Users\Ben Bolen\Zotero\storage\5GU6TEM7\10.1115@1.4033516.pdf"
"groups/735051","D5KXKZF2","2B68JNMR","","Kobayashi","2013","In Vivo Kinematics of the Extensor Mechanism of the Knee During Deep Flexion","True","C:\Users\Ben Bolen\Zotero\storage\2B68JNMR\bio_135_8_081002.pdf"
"groups/735051","VZNBWEBT","XIXMS6F7","","Hsu","2006","Design of a Novel Total Knee Prosthesis Using TRIZ","True","C:\Users\Ben Bolen\Zotero\storage\XIXMS6F7\192-666-1-PB.pdf"
"groups/735051","4IBIPTWA","QG444T4E","10.1115/1.4024471","Etoundi","2013","A Bio-Inspired Condylar Hinge for Robotic Limbs","True","C:\Users\Ben Bolen\Zotero\storage\QG444T4E\jmr_005_03_031011.pdf"
"groups/735051","PNQFZQJ7","2TJSIIM8","","Fekete","2012","Sliding-Rolling Ratio during Deep Squat with Regard to Different Knee Prostheses","True","C:\Users\Ben Bolen\Zotero\storage\2TJSIIM8\Fekete_DeBaets_Wahab_Csizmadia_Katona_Vanegas-Useche_Solanilla_37.pdf"
"groups/735051","V96UHU5C","P6EARSP9","10.1115/1.4028168","Burgess","2014","Performance Maps for a Bio-Inspired Robotic Condylar Hinge Joint","True","C:\Users\Ben Bolen\Zotero\storage\P6EARSP9\md_136_11_115002.pdf"
"groups/735051","RAB4GHVX","95S8PNKF","","Fekete","2013","Kinetics and Kinematics of the Human Knee Joint under Standard and Non-Standard Squat Movement","True","C:\Users\Ben Bolen\Zotero\storage\95S8PNKF\4336490.pdf"
"groups/735051","Q5F4NAV9","479APITA","10.1109/icara.2015.7081168","Khan","2015","Bio-inspired knee joint mechanism for a hydraulic quadruped robot","True","C:\Users\Ben Bolen\Zotero\storage\479APITA\Khan et al. - 2015 - Bio-inspired knee joint mechanism for a hydraulic .pdf"
"groups/735051","D4CQKDR3","JURG5CXV","10.1115/1.4028168","Burgess","2014","Performance Maps for a Bio-Inspired Robotic Condylar Hinge Joint","True","C:\Users\Ben Bolen\Zotero\storage\JURG5CXV\Burgess and Etoundi - 2014 - Performance Maps for a Bio-Inspired Robotic Condyl.pdf"
"groups/735051","5ENJQGDR","BWR926BI","10.1007/s00221-016-4801-7","Toth","2016","Vision can recalibrate the vestibular reafference signal used to re-establish postural equilibrium following a platform perturbation","True","C:\Users\Ben Bolen\Zotero\storage\BWR926BI\Toth et al. - 2016 - Vision can recalibrate the vestibular reafference .pdf"
"groups/735051","5ENJQGDR","XPBFZKNI","10.1007/s00221-016-4801-7","Toth","2016","Vision can recalibrate the vestibular reafference signal used to re-establish postural equilibrium following a platform perturbation","True","C:\Users\Ben Bolen\Zotero\storage\XPBFZKNI\Toth et al. - 2016 - Vision can recalibrate the vestibular reafference .pdf"
"groups/735051","J386HS4J","3HPAHRW4","10.1016/j.humov.2014.07.004","Hettich","2014","Human hip–ankle coordination emerging from multisensory feedback control","True","C:\Users\Ben Bolen\Zotero\storage\3HPAHRW4\Hettich et al. - 2014 - Human hip–ankle coordination emerging from multise.pdf"
"groups/735051","J386HS4J","HEQR4J93","10.1016/j.humov.2014.07.004","Hettich","2014","Human hip–ankle coordination emerging from multisensory feedback control","True","C:\Users\Ben Bolen\Zotero\storage\HEQR4J93\Hettich et al. - 2014 - Human hip–ankle coordination emerging from multise.pdf"
"groups/735051","QA2HRPWN","F4NPNAHR","10.1371/journal.pone.0054925","Wilke","2013","Sensorimotor Recalibration Depends on Attribution of Sensory Prediction Errors to Internal Causes","True","C:\Users\Ben Bolen\Zotero\storage\F4NPNAHR\Wilke et al. - 2013 - Sensorimotor Recalibration Depends on Attribution .pdf"
"groups/735051","X47EU3MF","E8E59Z7E","10.1007/s00221-005-0256-y","Maurer","2006","Multisensory control of human upright stance","True","C:\Users\Ben Bolen\Zotero\storage\E8E59Z7E\Maurer et al. - 2005 - Multisensory control of human upright stance.pdf"
"groups/735051","PW7XTG4G","ID4XP5UE","","Peterka","2002","Sensorimotor integration in human postural control","True","C:\Users\Ben Bolen\Zotero\storage\ID4XP5UE\1097.full.pdf"
"groups/735051","KR9F2GDF","EKGA94XP","10.1088/1741-2560/9/4/046011","Klein","2012","A physical model of sensorimotor interactions during locomotion","True","C:\Users\Ben Bolen\Zotero\storage\EKGA94XP\Klein and Lewis - 2012 - A physical model of sensorimotor interactions duri.pdf"
"groups/735051","6SJH23HI","D2BR7AAW","","Alamdari","","A Review of Computational Musculoskeletal Analysis of Human Lower Extremities","True","C:\Users\Ben Bolen\Zotero\storage\D2BR7AAW\HumanModeling_AA_VK.pdf"
"groups/735051","RG5CUUZC","VRM634VA","10.1109/iros.2011.6048561","Etoundi","2011","A bio-inspired condylar hinge joint for mobile robots","True","C:\Users\Ben Bolen\Zotero\storage\VRM634VA\Bio Condylar Hinge.pdf"
"groups/735051","NVJBDHGN","74VXW2WG","10.1080/01691864.2016.1154801","al.","2016","Variable stiffness Mckibben muscles with hydraulic and pneumatic operating modes","True","C:\Users\Ben Bolen\Zotero\storage\74VXW2WG\Variable stiffness Mckibben muscles with hydraulic and pneumatic operating modes.pdf"
"groups/735051","CC8K8DN9","JJEMEX9C","10.5772/56926","Kim","2013","Work analysis of compliant leg mechanisms for bipedal walking robots","True","C:\Users\Ben Bolen\Zotero\storage\JJEMEX9C\Work analysis of compliant leg mechanisms for bipedal walking robots.pdf"
"groups/735051","WK8SIICM","4J9STVZ2","10.1109/mra.2009.933629","Ham","2009","Compliant actuator designs","True","C:\Users\Ben Bolen\Zotero\storage\4J9STVZ2\Compliant actuator designs.pdf"
"groups/735051","UQ998SEV","FBIUCQ3D","10.1093/icb/42.1.174","Pratt","2002","Low Impedance Walking Robots","True","C:\Users\Ben Bolen\Zotero\storage\FBIUCQ3D\Low Impedance Walking Robots.pdf"
"groups/735051","ZS37FVBV","C6DJC9WJ","","Griffin","2004","Biomechanics of quadrupedal walking: how do four-legged animals achieve inverted pendulum-like movements?","True","C:\Users\Ben Bolen\Zotero\storage\C6DJC9WJ\Biomechanics of quadrupedal walking - How do four-legged animals achieve inverted pendulum-like movements.pdf"
"groups/735051","3T2SDGSC","DD2CWI4U","","Biewener","","Tendons and Ligaments: Structure, Mechanical Behavior and Biological Function","True","C:\Users\Ben Bolen\Zotero\storage\DD2CWI4U\Tendons and Ligaments - Structure, Mechanical behavior, and biological function.pdf"
"groups/735051","UNHHX2BX","CAK52X83","","Mansour","","Biomechanics of Cartilage","True","C:\Users\Ben Bolen\Zotero\storage\CAK52X83\A three-dimensional human walking model.pdf"
"groups/735051","FBDZCSE8","A53BATG9","","Yang","2015","A three-dimensional human walking model","True","C:\Users\Ben Bolen\Zotero\storage\A53BATG9\A three-dimensional human walking model.pdf"
"groups/735051","FABKCHXW","5BSIDSDV","","Endo","2012","A model of muscle-tendon function in human walking","True","C:\Users\Ben Bolen\Zotero\storage\5BSIDSDV\Human Walking Model Predicts Joint Mechanics, electromyography, and mechanical economy.pdf"
"groups/735051","CAJFFN7X","FAQAE2I4","","Endo","2009","Human Walking Model Predicts Joint Mechanics, Electromyography and Mechanical Economy","True","C:\Users\Ben Bolen\Zotero\storage\FAQAE2I4\Human Walking Model Predicts Joint Mechanics, electromyography, and mechanical economy.pdf"
"groups/735051","N89NW27U","WZS3ISRC","","Goswami","2009","Planar Bipedal Jumping Gaits With Stable Landing","True","C:\Users\Ben Bolen\Zotero\storage\WZS3ISRC\A Balance Feedback Human Machine Interface for Humanoid Teleoperation in Dynamic Tasks.pdf"
"groups/735051","5T6U4F3S","2C3AH7F9","10.1088/1748-3190/10/2/025003","Park","2015","Quadrupedal galloping control for a wide range of speed via vertical impulse scaling","True","C:\Users\Ben Bolen\Zotero\storage\2C3AH7F9\A Balance Feedback Human Machine Interface for Humanoid Teleoperation in Dynamic Tasks.pdf"
"groups/735051","ZZ4U9CGS","5X9G5SWU","","Ramos","","A Balance Feedback Human Machine Interface for Humanoid Teleoperation in Dynamic Tasks","True","C:\Users\Ben Bolen\Zotero\storage\5X9G5SWU\A Balance Feedback Human Machine Interface for Humanoid Teleoperation in Dynamic Tasks.pdf"
"groups/735051","QC4IBXM8","U37SFPIV","10.1177/0278364916648388","Hubicki","2016","ATRIAS: Design and validation of a tether-free 3D-capable spring-mass bipedal robot","True","C:\Users\Ben Bolen\Zotero\storage\U37SFPIV\ATRIAS-Design and validation of a tether-free 3d capable spring mass bipedal robot.pdf"
"groups/735051","QC4IBXM8","Q2VUBIBW","10.1177/0278364916648388","Hubicki","2016","ATRIAS: Design and validation of a tether-free 3D-capable spring-mass bipedal robot","True","C:\Users\Ben Bolen\Zotero\storage\Q2VUBIBW\ATRIAS-Design and validation of a tether-free 3d capable spring mass bipedal robot.pdf"
"groups/735051","ZXNZ8ESI","4Q9IMKKV","10.1007/s10514-015-9433-4","Koo","2015","Biologically inspired gait transition control for a quadruped walking robot","True","C:\Users\Ben Bolen\Zotero\storage\4Q9IMKKV\A Central Pattern Generator based Nonlinear Controller to simulate biped locomotion with a stable human gait.pdf"
"groups/735051","BANB96QR","HDASSS8R","","Monda","2011","A Central Pattern Generator based Nonlinear Controller to Simulate Biped Locomotion with a Stable Human Gait Oscillation","True","C:\Users\Ben Bolen\Zotero\storage\HDASSS8R\A Central Pattern Generator based Nonlinear Controller to simulate biped locomotion with a stable human gait.pdf"
"groups/735051","99N9IATC","2GW7C6FW","","Kassim","","Central Pattern Generator in Bio-inspired Robot: Simulation using MATLAB","True","C:\Users\Ben Bolen\Zotero\storage\2GW7C6FW\Central patern generators for bipedal locomotion.pdf"
"groups/735051","S566ZZHP","GIJXTUUQ","10.1007/s00285-006-0021-2","Pinto","2006","Central pattern generators for bipedal locomotion","True","C:\Users\Ben Bolen\Zotero\storage\GIJXTUUQ\Central patern generators for bipedal locomotion.pdf"
"groups/735051","Z45ZNXH8","X4WUVSQU","10.3233/thc-161167","Zang","2016","Design and control of a pneumatic musculoskeletal biped robot","True","C:\Users\Ben Bolen\Zotero\storage\X4WUVSQU\thc1167.pdf"
"groups/735051","7PMJS3UK","ERPMVPP4","10.1109/icra.2012.6225149","Klein","2012","A neurorobotic model of bipedal locomotion based on principles of human neuromuscular architecture","True","C:\Users\Ben Bolen\Zotero\storage\ERPMVPP4\Klein and Lewis - 2012 - A neurorobotic model of bipedal locomotion based o.pdf"
"groups/735051","QC4IBXM8","DJCMHK44","10.1177/0278364916648388","Hubicki","2016","ATRIAS: Design and validation of a tether-free 3D-capable spring-mass bipedal robot","False","C:\Users\Ben Bolen\Zotero\storage\DJCMHK44\"
"groups/735051","9XEFGCMC","KTWV3AMA","","Ficanha","2014","IMPEDANCE AND ADMITTANCE CONTROLLER FOR A MULTI-AXIS POWERED ANKLE-FOOT PROSTHESIS","True","C:\Users\Ben Bolen\Zotero\storage\KTWV3AMA\ficanha2014.pdf"
"groups/735051","ICKHCPVW","9G7FM3AQ","10.1115/1.4026342","Richter","","Robust Tracking Control of a Prosthesis Test Robot","True","C:\Users\Ben Bolen\Zotero\storage\9G7FM3AQ\richter2014.pdf"
"groups/735051","F7WQW9X3","CQ235GAS","10.1155/2013/824085","Wang","2015","Mechanism Simulation and Optimal Design of Five-Link Bionic Joint Driven by Two Antagonistic Pneumatic Muscles","True","C:\Users\Ben Bolen\Zotero\storage\CQ235GAS\Wang et al. - 2013 - Mechanism Simulation and Optimal Design of Five-Link Bionic Joint Driven by Two Antagonistic Pneumatic Muscles.pdf"
"groups/735051","9ZD4QXDK","4KJIIW6F","10.1016/j.conengprac.2010.11.008","Treesatayapun","2011","A discrete-time stable controller for an omni-directional mobile robot based on an approximated model","True","C:\Users\Ben Bolen\Zotero\storage\4KJIIW6F\Treesatayapun - 2011 - A discrete-time stable controller for an omni-directional mobile robot based on an approximated model.pdf"
"groups/735051","27NCM559","RFC6Q6UD","","Tondu","2000","Modeling and control of McKibben artificial muscle robot actuators","True","C:\Users\Ben Bolen\Zotero\storage\RFC6Q6UD\Tondu, Lopez - 2000 - Modeling and control of McKibben artificial muscle robot actuators.pdf"
"groups/735051","JN98AX6I","4IP5XWR5","","Sárosi","2013","Investigation of Accuracy of the Newest Function Approximation for the Force Generated by Pneumatic Artificial Muscle","True","C:\Users\Ben Bolen\Zotero\storage\4IP5XWR5\Sárosi - 2012 - New model for the force of fluidic muscles.pdf"
"groups/735051","M79RGHZV","K5C6EAMJ","","Sárosi","2012","New approximation algorithm for the force of fluidic muscles","True","C:\Users\Ben Bolen\Zotero\storage\K5C6EAMJ\Sarosi - 2012 - New approximation algorithm for the force of Fluidic Muscles.pdf"
"groups/735051","RBVQ5K78","HWTX3A69","","Rutter","2006","Transforming Insect Electromyograms into Pneumatic Muscle Control","True","C:\Users\Ben Bolen\Zotero\storage\HWTX3A69\Rutter et al. - 2007 - Transforming Insect Electromyograms into Pneumatic Muscle Control.pdf"
"groups/735051","6V5DH3U3","AHUWSVHK","10.1016/j.mechatronics.2012.06.002","Minh","2012","Modeling and control of a pneumatic artificial muscle manipulator joint – Part I: Modeling of a pneumatic artificial muscle manipulator joint with accounting for creep effect","True","C:\Users\Ben Bolen\Zotero\storage\AHUWSVHK\Minh et al. - 2012 - Modeling and control of a pneumatic artificial muscle manipulator joint – Part I Modeling of a pneumatic artificial.pdf"
"groups/735051","JXU7PRVQ","UE3ND6IV","","Klute","1998","Fatigue characteristics of McKibben artificial muscle actuators","True","C:\Users\Ben Bolen\Zotero\storage\UE3ND6IV\Klute, Hannaford - 1998 - Fatigue characteristics of McKibben artificial muscle actuators.pdf"
"groups/735051","84RJT5F6","GUCF33EZ","","Klute","1999","McKibben artificial muscles: pneumatic actuators with biomechanical intelligence","True","C:\Users\Ben Bolen\Zotero\storage\GUCF33EZ\Klute, Czerniecki, Hannaford - 1999 - McKibben artificial muscles pneumatic actuators with biomechanical intelligence.pdf"
"groups/735051","VJJ4WRVP","E5GZWEHB","","Kingsley","2006","A cockroach inspired robot with artificial muscles","True","C:\Users\Ben Bolen\Zotero\storage\E5GZWEHB\Kingsley, Quinn, Ritzmann - 2006 - A Cockroach Inspired Robot With Artificial Muscles.pdf"
"groups/735051","UVSMEI6S","FWRK6TGC","","Kingsley","2002","Fatigue life and frequency response of braided pneumatic actuators","True","C:\Users\Ben Bolen\Zotero\storage\FWRK6TGC\Kingsley, Quinn - 2002 - Fatigue life and frequency response of braided pneumatic actuators.pdf"
"groups/735051","VD5QD8D9","DEQARZUG","","Kingsley","2005","A Cockroach Inspired Robot with Artificial Muscles","True","C:\Users\Ben Bolen\Zotero\storage\DEQARZUG\Kingsley - 2005 - A cockroach Inspired Robot with Artificial Muscles - Dissertation.pdf"
"groups/735051","UDK8PJMB","ASA43M76","","Hošovskỳ","2012","Dynamic modelling of one degree of freedom pneumatic muscle-based actuator for industrial applications","True","C:\Users\Ben Bolen\Zotero\storage\ASA43M76\Hošovský, Havran - 2012 - Dynamic Modeling of One Degree of Freedom Pneumatic Muscle-Based.pdf"
"groups/735051","CIXCAVQN","HZK38E87","","Colbrunn","2000","Design and control of a robotic leg with braided pneumatic actuators (Master's Thesis)","True","C:\Users\Ben Bolen\Zotero\storage\HZK38E87\Colbrunn - 2000 - Design and control of a robotic leg with braided pneumatic actuators (Master's Thesis).pdf"
"groups/735051","JHABZ8P7","K7PJUUF4","","Colbrunn","2001","Modeling of Braided Pneumatic Actuators for Robotic Control","True","C:\Users\Ben Bolen\Zotero\storage\K7PJUUF4\Colbrunn, Nelson, Quinn - 2001 - Modeling of Braided Pneumatic Actuators for Robotic Control.pdf"
"groups/735051","RWE2AKP6","BSS3IXQU","","Andrikopoulos","2014","Piecewise affine modeling and constrained optimal control for a pneumatic artificial muscle","True","C:\Users\Ben Bolen\Zotero\storage\BSS3IXQU\Andrikopoulos, Nikolakopoulos - 2014 - Piecewise affine modeling and constrained optimal control for a pneumatic artificial muscle.pdf"
"groups/735051","NQQRTJJA","BA9M56X6","","Fife","2002","The evolution of neural network controllers for the targeted swing of a cockroach-like robot","True","C:\Users\Ben Bolen\Zotero\storage\BA9M56X6\Fife et al. - 2002 - The evolution of neural network controllers for the targeted swing of a cockroach-like robot.pdf"
"groups/735051","CWWU9QU2","WQBJ94T8","","Colbrunn","2001","Design and control of a robotic leg with braided pneumatic actuators","True","C:\Users\Ben Bolen\Zotero\storage\WQBJ94T8\Colbrunn, Nelson - 2001 - Design and control of a robotic leg with braided pneumatic actuators.pdf"
"groups/735051","KS5RGQS5","Z33CG89C","10.1016/j.conengprac.2013.09.003","Andrikopoulos","2013","Pneumatic artificial muscles: A switching Model Predictive Control approach","True","C:\Users\Ben Bolen\Zotero\storage\Z33CG89C\Andrikopoulos, Nikolakopoulos, Manesis - 2013 - Pneumatic artificial muscles A switching Model Predictive Control approach.pdf"
"groups/735051","GNSMXF89","35W8MIUF","","Ahn","2005","Nonlinear PID control to improve the control performance of the pneumatic artificial muscle manipulator using neural network","True","C:\Users\Ben Bolen\Zotero\storage\35W8MIUF\Ahn, Thanh - 2005 - Nonlinear PID control to improve the control performance of the pneumatic artificial muscle manipulator using neural.pdf"
