"att_key","doi","surname","year","title","folders","library"
"QTFDM9IC","10.1007/978-94-007-7194-9_49-1","Goswami","2017","CPG-Based Control of Humanoid Robot Locomotion","","users/0"
"6LM33WX6","10.7554/elife.107480","Shevtsova","2026","Linking spinal circuit reorganization to recovery after thoracic spinal cord injury","","users/0"
"3BRM8ZL9","10.1101/2025.11.11.687930","Shinohara","2025","Mechanisms of adaptive interlimb coordination to sudden ground loss: a neuromusculoskeletal modeling study","","users/0"
"5JNA8S9B","10.1242/jeb.198.2.435","Büschges","1995","Rhythmic Patterns in the Thoracic Nerve Cord of the Stick Insect Induced by Pilocarpine","","users/0"
"HMU7XHUC","10.1016/j.jneumeth.2010.01.005","Cofer","2010","AnimatLab: A 3D graphics environment for neuromechanical simulations","","users/0"
"25VAKA5Q","10.1007/978-3-319-95972-6_15","Vouloutsi","2018","Neuromechanical Model of Rat Hind Limb Walking with Two Layer CPGs and Muscle Synergies","","users/0"
"MJCK7B49","10.1016/j.jneumeth.2010.01.005","Cofer","2010","AnimatLab: a 3D graphics environment for neuromechanical simulations","","users/0"
"CG4WENUS","10.1016/j.jneumeth.2010.01.005","Cofer","2010","AnimatLab: a 3D graphics environment for neuromechanical simulations","","users/0"
"DAN8PN7C","10.1016/j.jneumeth.2010.01.005","Cofer","2010","AnimatLab: a 3D graphics environment for neuromechanical simulations","","users/0"
"8L3VMFA8","10.1016/j.jneumeth.2010.01.005","Cofer","2010","AnimatLab: a 3D graphics environment for neuromechanical simulations","","users/0"
"AN6TLGJV","10.1016/j.jneumeth.2010.01.005","Cofer","2010","AnimatLab: a 3D graphics environment for neuromechanical simulations","","users/0"
"CIKZSVKJ","10.1016/j.jneumeth.2010.01.005","Cofer","2010","AnimatLab: a 3D graphics environment for neuromechanical simulations","","users/0"
"KAUDXTDD","10.1016/j.jneumeth.2010.01.005","Cofer","2010","AnimatLab: a 3D graphics environment for neuromechanical simulations","","users/0"
"RLJQQVUG","10.1016/j.jneumeth.2010.01.005","Cofer","2010","AnimatLab: a 3D graphics environment for neuromechanical simulations","","users/0"
"JMKZ3CNR","10.1016/j.jneumeth.2010.01.005","Cofer","2010","AnimatLab: a 3D graphics environment for neuromechanical simulations","","users/0"
"GBCRKKHB","10.1007/978-3-319-22979-9_21","Hunt","2015","Using Animal Data and Neural Dynamics to Reverse Engineer a Neuromechanical Rat Model","","users/0"
"7A4RB4C7","","Du","","Quaternion-Based Analytical Inverse Dynamics for the Human Body","","users/0"
"2DU4BIAZ","10.1063/1.1710314","Hickman","1937","The Dynamics of A Bow and Arrow","","users/0"
"CDAA9CLJ","10.1016/j.neunet.2008.03.014","Ijspeert","2008","Central pattern generators for locomotion control in animals and robots: A review","","users/0"
"FGSAKF2I","10.1113/jp270228","Song","2015","A neural circuitry that emphasizes spinal feedback generates diverse behaviours of human locomotion: A spinal feedback circuitry generating human locomotion behaviors","","users/0"
"J2EMEGYP","10.1007/bf00449593","Matsuoka","1985","Sustained oscillations generated by mutually inhibiting neurons with adaptation","","users/0"
"MLFKI772","10.3113/fai.2011.0300","McCullough","2011","Moment Arms of the Ankle Throughout the Range of Motion in Three Planes","","users/0"
"GDQDFVE5","10.1016/j.jbiomech.2011.06.019","Modenese","2011","An open source lower limb model: Hip joint validation","","users/0"
"R6MX3G2X","10.1109/embc.2013.6610650","Song","2013","Integration of an adaptive swing control into a neuromuscular human walking model","","users/0"
"DDP9HNSV","10.1016/j.conb.2009.09.002","Tresch","2009","The case for and against muscle synergies","","users/0"
"J4E4JQ6Q","10.1016/j.conb.2009.09.002","Tresch","2009","The case for and against muscle synergies","","users/0"
"IP4RBQS5","10.1016/j.conb.2009.09.002","Tresch","2009","The case for and against muscle synergies","","users/0"
"DTBK5QBX","10.1016/j.conb.2009.09.002","Tresch","2009","The case for and against muscle synergies","","users/0"
"5PL42RPZ","","Hunt","2016","Neurologically Based Control for Quadruped Walking","","users/0"
"V83Q8SQH","10.1109/icra.2012.6225149","Klein","2012","A neurorobotic model of bipedal locomotion based on principles of human neuromuscular architecture","","users/0"
"PG92AUBL","10.1109/icra.2012.6225307","Song","2012","Regulating speed and generating large speed transitions in a neuromuscular human walking model","","users/0"
"BWZLA9SG","10.1113/jp272437","Shevtsova","2016","Organization of flexor-extensor interactions in the mammalian spinal cord: insights from computational modelling: Flexor-extensor interactions in the spinal cord","","users/0"
"ZMTYDTM3","10.1007/978-3-319-22979-9_21","Wilson","2015","Using Animal Data and Neural Dynamics to Reverse Engineer a Neuromechanical Rat Model","","users/0"
"3JEIHREV","10.1016/j.neuron.2014.02.013","Zhang","2014","V1 and V2b Interneurons Secure the Alternating Flexor-Extensor Motor Activity Mice Require for Limbed Locomotion","","users/0"
"2LF8WH36","10.1155/2019/9232430","Winiarski","2019","Three-Dimensional Human Gait Pattern: Reference Data for Young, Active Women Walking with Low, Preferred, and High Speeds","","users/0"
"FGLTFVDK","10.1002/jor.1100080310","Kadaba","1990","Measurement of lower extremity kinematics during level walking","","users/0"
"M5M85P5C","10.1007/978-1-4939-3267-2_2","Markin","2016","A Neuromechanical Model of Spinal Control of Locomotion","","users/0"
"MA6BHY7G","10.1007/978-1-4939-3267-2_2","Markin","2016","A Neuromechanical Model of Spinal Control of Locomotion","","users/0"
"7IPB9US2","10.1007/978-1-4939-3267-2_2","Markin","2016","A Neuromechanical Model of Spinal Control of Locomotion","","users/0"
"NGNFPF7A","10.1007/978-1-4939-3267-2_5","Shevtsova","2016","Modeling the Organization of Spinal Cord Neural Circuits Controlling Two-Joint Muscles","","users/0"
"5UME3J7X","10.1007/978-94-007-6046-2_7","Yamane","2018","A Comparative Study Between Humans and Humanoid Robots","","users/0"
"CXCKIBRM","10.1038/s41598-017-13766-6","Sartori","2017","In Vivo Neuromechanics: Decoding Causal Motor Neuron Behavior with Resulting Musculoskeletal Function","","users/0"
"HPTKP4QK","10.1109/tbme.2025.3620626","Chen","2026","Automated Muscle Path Calibration With Gradient-Specified Optimization Based on Moment Arm","","users/0"
"QIC6VMCN","10.3389/fbioe.2022.920462","Prasad","2022","A Framework for Determining the Performance and Requirements of Cable-Driven Mobile Lower Limb Rehabilitation Exoskeletons","","users/0"
"F5HZ7BFZ","10.1016/j.jbiomech.2007.11.020","Koehle","2008","A method of calculating physiologically relevant joint reaction forces during forward dynamic simulations of movement from an existing knee model","","users/0"
"L5LG6UZR","","Zajac","","Biomechanics and muscle coordination of human walking Part I: Introduction to concepts, power transfer, dynamics and simulations","","users/0"
"7R6UHA5B","10.1016/0268-0033(95)00021-6","Gill","1996","Biarticulating two-dimensional computer model of the human patellofemoral joint","","users/0"
"IKPQMRG6","10.1243/0954411001535778","Imran","2000","The variation in the orientations and moment arms of the knee extensor and flexor muscle tendons with increasing muscle force: A mathematical analysis","","users/0"
"XIIYB5T8","10.3390/act15050230","Bolen","2026","Isometric Force Characterization of Braided Pneumatic Actuators","","users/0"
"IRGCIX2F","10.3390/act15050230","Bolen","2026","Isometric Force Characterization of Braided Pneumatic Actuators","","users/0"
"VVUVTATF","10.1016/s0021-9290(01)00222-6","Wu","2002","ISB recommendation on definitions of joint coordinate system of various joints for the reporting of human joint motion—part I: ankle, hip, and spine","","users/0"
"5JBCJPJ2","10.1016/j.jbiomech.2004.05.042","Wu","2005","ISB recommendation on definitions of joint coordinate systems of various joints for the reporting of human joint motion—Part II: shoulder, elbow, wrist and hand","","users/0"
"94JUL49Z","10.1016/j.jbiomech.2019.109533","Derrick","2020","ISB recommendations on the reporting of intersegmental forces and moments during human motion analysis","","users/0"
"DCTB98BB","10.1109/tbme.2007.901024","Delp","2007","OpenSim: Open-Source Software to Create and Analyze Dynamic Simulations of Movement","","users/0"
"5BBKU5ND","0021-9290(95)00017-8","Wu","1995","FOR STANDARDIZATION IN THE REPORTING OF KINEMATIC DATA","","users/0"
"6EIK7PLZ","10.1007/978-3-030-64313-3_25","Morrow","2020","Optimization of Artiﬁcial Muscle Placements for a Humanoid Bipedal Robot","","users/0"
"BPE63S27","10.1007/978-3-030-64313-3_25","Morrow","2020","Optimization of Artiﬁcial Muscle Placements for a Humanoid Bipedal Robot","","users/0"
"Y3VRP59U","10.1007/978-3-319-96728-8_8","Steele","2018","Biomimetic Knee Design to Improve Joint Torque and Life for Bipedal Robotics","","users/0"
"SJYMJ6MY","10.3390/biomimetics4010010","Young","2019","Analyzing Moment Arm Profiles in a Full-Muscle Rat Hindlimb Model","","users/0"
"PD8D3CZJ","10.3390/biomimetics4010010","Young","2019","Analyzing Moment Arm Profiles in a Full-Muscle Rat Hindlimb Model","","users/0"
"ZGK24JVP","","Steele","2018","Biomimetic Design and Construction of a Bipedal Walking Robot","","users/0"
"SJ3VLKGE","10.1088/1748-3190/ac28ea","Goldsmith","2021","Investigating the role of low level reinforcement reflex loops in insect locomotion","","users/0"
"AP8BKACQ","10.1016/j.medengphy.2019.07.010","Aksöz","2019","Design of an isokinetic knee dynamometer for evaluation of functional electrical stimulation strategies","","users/0"
"NZANI6PS","10.1016/j.jbiomech.2011.10.014","Suderman","2012","Moving muscle points provide accurate curved muscle paths in a model of the cervical spine","","users/0"
"YWIVEDSQ","","Romero","2020","FOUR-BAR MECHANISM'S ROTATION CENTER DETERMINATION USING NATURAL COORDINATES","","users/0"
"3ZECQB39","10.1115/detc2013-13633","Sherman","2013","What is a Moment Arm? Calculating Muscle Effectiveness in Biomechanical Models Using Generalized Coordinates","","users/0"
"GAK4A5US","10.1109/10.102791","Delp","1990","An interactive graphics-based model of the lower extremity to study orthopaedic surgical procedures","","users/0"
"9AB7WWKP","","Seth","2011","OpenSim: a musculoskeletal modeling and simulation framework for in silico investigations and exchange.","","users/0"
"5U7SJSXZ","10.1016/0021-9290(89)90179-6","Yamaguchi","1989","A planar model of the knee joint to characterize the knee extensor mechanism","","users/0"
"W24AIPGJ","10.1007/978-3-319-63537-8_35","Steele","2017","Development of a Bio-inspired Knee Joint Mechanism for a Bipedal Robot","","users/0"
"MKC5XHN4","","Scharzenberger","2019","Design of a Canine Inspired Quadruped Robot as a Platform for Synthetic Neural Network Control","","users/0"
"PMPR5TC7","10.1007/978-1-4613-9030-5_5","Winters","1990","Hill-Based Muscle Models: A Systems Engineering Perspective","","users/0"
"6TTT5JM9","","Zajac","1989","Muscle and tendon: properties, models, scaling, and application to biomechanics and motor control","","users/0"
"TZPKVWNE","10.1080/01691864.2022.2046502","Shin","2022","Sensorless angle and stiffness control of antagonistic PAM actuator using reference set","","users/0"
"NIEI9TRH","10.3390/act7040082","Martens","2018","A Novel Framework for a Systematic Integration of Pneumatic-Muscle-Actuator-Driven Joints into Robotic Systems Via a Torque Control Interface","","users/0"
"YE7PGSKP","","KG","2018","Fluidic Muscle DMSP/MAS","","users/0"
"8DBBNC39","","KG","2013","Fluidic Muscle DMSP/MAS","","users/0"
"DIDRN3HU","","KG","2016","Fluidic Muscle DMSP/MAS","","users/0"
"KPR2S9H2","","Sárosi","2012","Mathematical analysis of the function approximation for the force generated by pneumatic artificial muscle","","users/0"
"AHTWS9Z4","10.1111/sms.14639","Van Hooren","2024","The role of pennation angle and architectural gearing to rate of force development in dynamic and isometric muscle contractions","","users/0"
"3REJWZ2Y","10.3389/fphys.2021.683931","Monte","2021","Muscle Belly Gearing Positively Affects the Force–Velocity and Power–Velocity Relationships During Explosive Dynamic Contractions","","users/0"
"YQEJW6I2","10.1109/70.481753","Chou","1996","Measurement and modeling of McKibben pneumatic artificial muscles","","users/0"
"W7PEANML","10.1109/biorob.2006.1639201","Aschenbeck","2006","Design of a Quadruped Robot Driven by Air Muscles","","users/0"
"UWG2KT2E","10.3389/fnbot.2017.00018","Hunt","2017","Development and Training of a Neural Controller for Hind Leg Walking in a Dog Robot","","users/0"
"ABVMF8R4","10.1109/robosoft54090.2022.9762146","Tondu","2022","Static Modeling of Pneumatic Artificial Muscle Actuator","","users/0"
"T3UIWN2M","10.1080/01691864.2018.1455606","Suzumori","2018","Trends in hydraulic actuators and components in legged and tough robots: a review","","users/0"
"IR7S95US","10.1016/j.medengphy.2016.01.010","Veale","2016","Towards compliant and wearable robotic orthoses: A review of current and emerging actuator technologies","","users/0"
"WWGMLBSM","10.1139/tcsme-2017-514","Sárosi","2017","COMPARATIVE SURVEY OF VARIOUS STATIC AND DYNAMIC MODELS OF PNEUMATIC ARTIFICIAL MUSCLES","","users/0"
"5KSBNXWZ","10.1109/tro.2021.3106832","Schilling","2022","From Adaptive Locomotion to Predictive Action Selection – Cognitive Control for a Six-Legged Walker","","users/0"
"FDA8VLQK","","KG","2026","Fluidic Muscle DMSP","","users/0"
"E3E5D7ZN","10.1146/annurev-control-091919-095731","Ijspeert","2020","Amphibious and Sprawling Locomotion: From Biology to Robotics and Back","","users/0"
"7XEWJGSY","10.1186/s10033-020-00485-9","He","2020","Mechanism, Actuation, Perception, and Control of Highly Dynamic Multilegged Robots: A Review","","users/0"
"7NJYYM3T","10.1371/journal.pcbi.1006223","Seth","2018","OpenSim: Simulating musculoskeletal dynamics and neuromuscular control to study human and animal movement","","users/0"
"QM6FEMAH","10.1016/j.jbiomech.2012.06.037","John","2012","Contributions of muscles to mediolateral ground reaction force over a range of walking speeds","","users/0"
"DJ6Q3DM9","10.1115/1.3138363","Brand","1982","A Model of Lower Extremity Muscular Anatomy","","users/0"
"ASHJ5GH6","10.1007/s10439-009-9852-5","Arnold","2010","A Model of the Lower Limb for Analysis of Human Movement","","users/0"
"G9VCJ45V","","Zajac","1989","Determining Muscle's Force and Action in Multi-Articular Movement","","users/0"
"WHEA54KL","10.1115/1.3138568","Andrews","1985","A General Method for Determining the Functional Role of a Muscle","","users/0"
"YXGZ2KJL","10.1088/1748-3190/ab03fc","Asano","2019","Musculoskeletal design, control, and application of human mimetic humanoid Kenshiro","","users/0"
"VG8QYDDW","10.1016/j.neucom.2018.12.069","Chen","2019","Realizing human-like manipulation with a musculoskeletal system and biologically inspired control scheme","","users/0"
"SCDS8UBS","10.1177/1687814020933409","Liang","2020","Comparative study of robotic artificial actuators and biological muscle","","users/0"
"96ZHLTD7","10.1080/01691864.2018.1434015","Shin","2018","Constructive understanding and reproduction of functions of gluteus medius by using a musculoskeletal walking robot","","users/0"
"J6B2E8WZ","10.1126/scirobotics.aaq0899","Asano","2017","Design principles of a human mimetic humanoid: Humanoid platform to study human intelligence and internal body system","","users/0"
"VLXI9RV6","10.1098/rsif.2018.0024","Liu","2018","Robotic investigation on effect of stretch reflex and crossed inhibitory response on bipedal hopping","","users/0"
"Z89FQQ99","10.1080/01691864.2018.1494040","Hitzmann","2018","Anthropomorphic musculoskeletal 10 degrees-of-freedom robot arm driven by pneumatic artificial muscles","","users/0"
"DYH78BVW","10.1186/s40648-016-0061-3","Kurumaya","2016","Musculoskeletal lower-limb robot driven by multifilament muscles","","users/0"
"J66XSAHY","","Leibach","2020","Development of a Tunable Compliance Energy Return Actuator","","users/0"
"ALD6VLNG","","Hoy","1990","A musculoskeletal model of the human lower extremity: the effect of muscle, tendon, and moment arm on the moment-angle relationship of musculotendon actuators at the hip, knee, and ankle","","users/0"
"5966Q5LJ","10.1007/978-3-030-24741-6_2","Bolen","2019","Determination of Artificial Muscle Placement for Biomimetic Humanoid Robot Legs","","users/0"
"RYNJF9BL","10.1007/978-3-030-24741-6_2","Bolen","2019","Determination of Artificial Muscle Placement for Biomimetic Humanoid Robot Legs","","users/0"
"CXLTKNDC","10.1115/detc2017-67458","Hunt","2017","Modeling length effects of braided pneumatic actuators","","users/0"
"YGAE9HG6","10.1115/1.4023390","Millard","2013","Flexing Computational Muscle: Modeling and Simulation of Musculotendon Dynamics","","users/0"
"V7TZV2UB","10.3390/act6040033","Martens","2017","Modeling the Static Force of a Festo Pneumatic Muscle Actuator: A New Approach and a Comparison to Existing Models","","users/0"
"Q5Y4RSEU","","Sárosi","2013","Investigation of Accuracy of the Newest Function Approximation for the Force Generated by Pneumatic Artificial Muscle","","users/0"
"W355QZ2T","","Sárosi","2012","New approximation algorithm for the force of fluidic muscles","","users/0"
"J4TCC6IC","10.1115/1.1531112","Thelen","2003","Adjustment of Muscle Mechanics Model Parameters to Simulate Dynamic Contractions in Older Adults","","users/0"
"FNHFV5IT","10.3390/s22124440","Mikolajczyk","2022","Recent Advances in Bipedal Walking Robots: Review of Gait, Drive, Sensors and Control Systems","","users/0"
"6Y9BXM95","10.3389/fncom.2019.00013","Sreenivasa","2019","Editorial: Neuromechanics and Control of Physical Behavior: From Experimental and Computational Formulations to Bio-inspired Technologies","","users/0"
"CNHLFXLS","10.3389/fncom.2017.00015","Song","2017","Evaluation of a Neuromechanical Walking Control Model Using Disturbance Experiments","","users/0"
"IQEDGTIF","10.3389/fnbot.2019.00086","Torricelli","2019","Editorial: Assessing Bipedal Locomotion: Towards Replicable Benchmarks for Robotic and Robot-Assisted Locomotion","","users/0"
"HQNZ4IQM","10.1186/s12984-017-0305-3","Valero-Cuevas","2017","On neuromechanical approaches for the study of biological and robotic grasp and manipulation","","users/0"
"A5ZVHFEU","10.1002/cphy.c240002","Nichols","2024","Neuromechanical Circuits of the Spinal Motor Apparatus","","users/0"
"6CNLYXVH","10.1017/s0263574713001045","Fukuoka","2014","Dynamic bipedal walking of a dinosaur-like robot with an extant vertebrate's nervous system","","users/0"
"P9XKIL78","10.1126/scirobotics.adn1125","Ishida","2024","Paleoinspired robotics as an experimental approach to the history of life","","users/0"
"6BZRQSW9","","","","Behavioral Motor Performance - Leib - 2024 - Comprehensive Physiology - Wiley Online Library","","users/0"
"XG68TXAB","","","","Neuromuscular Transmission in a Biological Context - Slater - 2024 - Comprehensive Physiology - Wiley Online Library","","users/0"
"IQCUZD4F","10.3389/fncom.2023.1143323","Fietkiewicz","2023","Tutorial: using NEURON for neuromechanical simulations","","users/0"
"NUS9F5DD","10.1002/cphy.c240002","Nichols","2024","Neuromechanical Circuits of the Spinal Motor Apparatus","","users/0"
"6XIT9MYM","10.1088/1741-2552/acfdcc","Di Russo","2023","Investigating the roles of reflexes and central pattern generators in the control and modulation of human locomotion using a physiologically plausible neuromechanical model","","users/0"
"VMPDDK3T","10.1113/jp288089","Klishko","2025","Effects of spinal transection and locomotor speed on muscle synergies of the cat hindlimb","","users/0"
"8CUS99V2","","","","NeuroMechFly, a neuromechanical model of adult Drosophila melanogaster - ProQuest","","users/0"
"VW2STK9J","10.1113/jp287448","Rahmati","2025","Role of forelimb morphology in muscle sensorimotor functions during locomotion in the cat","","users/0"
"X7IW437G","10.1152/jn.00230.2022","Lecomte","2022","Modulation of the gait pattern during split-belt locomotion after lateral spinal cord hemisection in adult cats","","users/0"
"2M4B8KRC","10.1007/s00422-022-00951-8","Wang","2022","Variational and phase response analysis for limit cycles with hard boundaries, with applications to neuromechanical control problems","","users/0"
"R4U3FD44","10.7554/elife.103504","Rybak","2025","Operation of spinal sensorimotor circuits controlling phase durations during tied-belt and split-belt locomotion after a lateral thoracic hemisection","","users/0"
"H2DEUL3L","10.7554/elife.98841","Rybak","2024","Operation regimes of spinal circuits controlling locomotion and the role of supraspinal drives and sensory feedback","","users/0"
"WERPCQIX","10.3390/app12094146","Fukuoka","2022","Pace Running of a Quadruped Robot Driven by Pneumatic Muscle Actuators: An Experimental Study","","users/0"
"L9629C2I","","","","Control of Mammalian Locomotion by Somatosensory Feedback - Frigon - 2022 - Comprehensive Physiology - Wiley Online Library","","users/0"
"VNRKBDHI","","","","Full article: Investigation of arm stabilization with proprioceptive sensory reflex pathways on a 2-DoF musculoskeletal robot actuated by pneumatic artificial muscles","","users/0"
"KZ3CAYQS","10.1109/sii59315.2025.10870582","Yoshida","2025","Implementing Stretch Reflex in Musculoskeletal Robots Driven by Pneumatic Artificial Muscles Using Nonlinear Spring Model*","","users/0"
"26LQF55W","10.1088/1748-3190/ad839e","Tanaka","2024","Enhancing postural stability in musculoskeletal quadrupedal locomotion through tension feedback for CPG-based controller","","users/0"
"FQZNX67B","10.3389/frobt.2024.1449721","Li","2024","Controller design and experimental validation of walking for a musculoskeletal bipedal lower limb robot based on the spring-loaded inverted pendulum model","","users/0"
"HSXUC7FG","10.1007/978-3-030-70316-5_45","Ikkala","2022","Converting Biomechanical Models from OpenSim to MuJoCo","","users/0"
"D6W75UDD","10.1109/icra46639.2022.9811684","Wang","2022","MyoSim: Fast and physiologically realistic MuJoCo models for musculoskeletal and exoskeletal studies","","users/0"
"EEW3346K","10.1186/s12984-019-0559-z","Durandau","2019","Voluntary control of wearable robotic exoskeletons by patients with paresis via neuromechanical modeling","","users/0"
"TJ8ZM2AA","10.1152/jn.00833.2002","Wilmink","2003","Distribution of Heterogenic Reflexes Among the Quadriceps and Triceps Surae Muscles of the Cat Hind Limb","","users/0"
"5MQC7BV9","10.1177/0265407509347936","Zacchilli","2009","The romantic partner conflict scale: A new scale to measure relationship conflict:","","users/0"
"UMEGC3TP","10.1038/nn963","Todorov","2002","Optimal feedback control as a theory of motor coordination","","users/0"
"Y9BRJGF4","10.3389/fnbot.2017.00037","Szczecinski","2017","A Functional Subnetwork Approach to Designing Synthetic Nervous Systems That Control Legged Robot Locomotion","","users/0"
"NGLW389X","10.1115/1.4023390","Millard","2013","Flexing Computational Muscle: Modeling and Simulation of Musculotendon Dynamics","","users/0"
"J5UI8YQR","10.1177/0093650215626983","Jones","2016","The Impact of Mindfulness on Empathy, Active Listening, and Perceived Provisions of Emotional Support:","","users/0"
"TR8LBFMK","10.1038/nn.4077","Brooks","2015","Learning to expect the unexpected: rapid updating in primate cerebellum during voluntary self-motion","","users/0"
"WBNZEJFV","10.3390/biomimetics7010017","Young","2022","Analyzing Modeled Torque Profiles to Understand Scale-Dependent Active Muscle Responses in the Hip Joint","","users/0"
"HUMRI5PP","10.3389/fbioe.2022.825149","Kim","2022","Contribution of Afferent Feedback to Adaptive Hindlimb Walking in Cats: A Neuromusculoskeletal Modeling Study","","users/0"
"QLY9YJ7F","10.1152/jn.90895.2008","Селионов","2009","Tonic Central and Sensory Stimuli Facilitate Involuntary Air-Stepping in Humans","","users/0"
"TIU6J4R2","10.1016/j.neuron.2008.09.027","Zhang","2008","V3 spinal neurons establish a robust and balanced locomotor rhythm during walking.","","users/0"
"CPUQW4VI","10.1113/jp274518","Kuczynski","2017","Lack of adaptation during prolonged split-belt locomotion in the intact and spinal cat.","","users/0"
"CGXPIYJZ","10.1113/jp272787","Danner","2016","Central control of interlimb coordination and speed-dependent gait expression in quadrupeds.","","users/0"
"AXU8M97Z","10.1152/jn.00658.2017","Bidaye","2018","Six-legged walking in insects: how CPGs, peripheral feedback, and descending signals generate coordinated and adaptive motor rhythms","","users/0"
"AGNY8H4E","10.3390/ijms22031394","Rančić","2021","Recent Insights into the Rhythmogenic Core of the Locomotor CPG.","","users/0"
"8TGRY985","10.7287/peerj.preprints.26734v1","Yakovenko","2018","Analytical CPG model driven by limb velocity input generates accurate temporal locomotor dynamics.","","users/0"
"89G9WWQQ","10.1113/jphysiol.1987.sp016676","Edgley","1987","An interneuronal relay for group I and II muscle afferents in the midlumbar segments of the cat spinal cord.","","users/0"
"7LDZRTYS","10.1523/jneurosci.1737-09.2009","Pérez","2009","An Intersegmental Neuronal Architecture for Spinal Wave Propagation under Deletions","","users/0"
"47QYMID7","10.1098/rspb.1911.0077","Brown","1911","The intrinsic factors in the act of progression in the mammal","","users/0"
"3M75PYLM","10.3389/fnsys.2023.1199079","Mari","2023","A sensory signal related to left-right symmetry modulates intra- and interlimb cutaneous reflexes during locomotion in intact cats","","users/0"
"3M6ICAMG","10.1016/j.conb.2009.10.011","Grillner","2009","Measured motion: searching for simplicity in spinal locomotor networks.","","users/0"
"3HM2QQVU","10.1007/bf00227344","Dietz","1994","HUMAN NEURONAL INTERLIMB COORDINATION DURING SPLIT-BELT LOCOMOTION","","users/0"
"2QWNS6EQ","10.1177/0278364905055381","Kaliyamoorthy","2005","Force Sensors in Hexapod Locomotion","","users/0"
"GQXBBP2T","10.1101/2023.10.31.564886","Molkov","2023","Sensory Feedback and Central Neuronal Interactions in Mouse Locomotion","","users/0"
"ISTFNXMB","10.1152/jn.00250.2018","Mayer","2018","Role of muscle spindle feedback in regulating muscle activity strength during walking at different speed in mice.","","users/0"
"NA66A23F","10.1007/978-3-319-95972-6_21","Hilts","2000","Emulating Balance Control Observed in Human Test Subjects with a Neural Network","","users/0"
"EDM538U9","10.1109/lcsys.2018.2871126","Hilts","2019","A Dynamic Neural Network Designed Using Analytical Methods Produces Dynamic Control Properties Similar to an Analogous Classical Controller","","users/0"
"WYLEYYTE","10.1152/jn.00486.2017","Chu","2018","Stepping responses to treadmill perturbations vary with severity of motor deficits in human SCI","","users/0"
"W5CWNDLA","10.1007/s00422-020-00851-9","Webster‐Wood","2020","Control for multifunctionality: bioinspired control based on feeding in Aplysia californica","","users/0"
"KQQ4LZS6","10.3390/ijms22116007","Sławińska","2021","Unusual Quadrupedal Locomotion in Rat during Recovery from Lumbar Spinal Blockade of 5-HT7 Receptors.","","users/0"
"IB5AUAXS","10.1073/pnas.1419045111","Akay","2014","Degradation of mouse locomotor pattern in the absence of proprioceptive sensory feedback","","users/0"
"ZLGS2H3K","10.1152/jn.01271.2003","Akay","2004","Signals from load sensors underlie interjoint coordination during stepping movements of the stick insect leg.","","users/0"
"M2UUSLMY","10.3390/ijms22031467","Akay","2021","Relative Contribution of Proprioceptive and Vestibular Sensory Systems to Locomotion: Opportunities for Discovery in the Age of Molecular Science.","","users/0"
"GCM5KYXP","10.1152/jn.00866.2014","Bui","2015","Sensory-evoked perturbations of locomotor activity by sparse sensory input: a computational study","","users/0"
"GXXKCPBQ","10.1016/j.neuron.2013.02.007","Bui","2013","Circuits for Grasping: Spinal dI3 Interneurons Mediate Cutaneous Control of Motor Behavior","","users/0"
"FRXD4KXB","10.1152/jn.90729.2008","Endo","2008","Asymmetric Operation of the Locomotor Central Pattern Generator in the Neonatal Mouse Spinal Cord","","users/0"
"WPHXZALY","10.1016/j.cell.2015.06.036","Machado","2015","Primacy of Flexor Locomotor Pattern Revealed by Ancestral Reversion of Motor Neuron Identity","","users/0"
"HDM7M4CE","10.1111/j.1469-7793.2000.00817.x","Sinkjær","2000","Major role for sensory feedback in soleus EMG activity in the stance phase of walking in man.","","users/0"
"LBX66ST6","10.14288/1.0071394","Klarner","2010","Contribution of load and length related manipulations to muscle responses during force perturbations","","users/0"
"HW4FJKN4","10.1152/jn.00261.2012","Onushko","2013","Hip proprioceptors preferentially modulate reflexes of the leg in human spinal cord injury","","users/0"
"NLTC79EA","10.1152/jn.1997.77.2.797","Harkema","1997","Human Lumbosacral Spinal Cord Interprets Loading During Stepping","","users/0"
"S3M5KJ8M","10.1016/j.neuron.2008.08.009","Crone","2008","Genetic Ablation of V2a Ipsilateral Interneurons Disrupts Left-Right Locomotor Coordination in Mammalian Spinal Cord","","users/0"
"XCNEUBGL","10.1523/jneurosci.1206-09.2009","Crone","2009","In mice lacking V2a interneurons, gait depends on speed of locomotion","","users/0"
"W2DGDE89","10.3390/ijms22115882","Grillner","2021","The CPGs for Limbed Locomotion-Facts and Fiction.","","users/0"
"JSG637UJ","10.1016/j.neuron.2006.11.008","Grillner","2006","Biological Pattern Generation: The Cellular and Computational Logic of Networks in Motion","","users/0"
"KKPHWB4W","10.1038/s41598-018-35714-8","Fujiki","2018","Adaptive hindlimb split-belt treadmill walking in rats by controlling basic muscle activation patterns via phase resetting","","users/0"
"PF26U8W8","10.3389/fnins.2019.01288","Fujiki","2019","Phase-Dependent Response to Afferent Stimulation During Fictive Locomotion: A Computational Modeling Study.","","users/0"
"U3FBK3JK","10.1523/jneurosci.22-22-09961.2002","Butt","2002","Firing Properties of Identified Interneuron Populations in the Mammalian Hindlimb Central Pattern Generator","","users/0"
"FAI4RHRI","10.3389/fncir.2022.1076766","Gosgnach","2022","Synaptic connectivity amongst components of the locomotor central pattern generator","","users/0"
"SIWBHI87","10.1111/j.1469-7793.2000.00639.x","Gosgnach","2000","Depression of group Ia monosynaptic EPSPs in cat hindlimb motoneurones during fictive locomotion.","","users/0"
"NTS5B3Z4","10.1038/nature04545","Gosgnach","2006","V1 spinal neurons regulate the speed of vertebrate locomotor outputs.","","users/0"
"PG7CF26T","10.1016/s0896-6273(03)00353-2","Butt","2003","Functional identification of interneurons responsible for left-right coordination of hindlimbs in mammals.","","users/0"
"NHS832UF","10.1016/j.robot.2011.12.005","Aoi","2012","Sensory regulation of stance-to-swing transition in generation of adaptive human walking: A simulation study","","users/0"
"CR5JB59J","10.1016/j.neuron.2012.05.011","Arber","2012","Motor circuits in action: specification, connectivity, and function","","users/0"
"IV3KANKS","10.3389/fnbot.2017.00039","Aoi","2017","Adaptive Control Strategies for Interlimb Coordination in Legged Robots: A Review","","users/0"
"HIJR2VK2","10.1152/jn.1999.82.1.290","Mori","1999","Stimulation of a Restricted Region in the Midline Cerebellar White Matter Evokes Coordinated Quadrupedal Locomotion in the Decerebrate Cat","","users/0"
"J4ULK6RU","10.1111/nyas.12055","Hochman","2013","Force-sensitive afferents recruited during stance encode sensory depression in the contralateral swinging limb during locomotion.","","users/0"
"VH9PQ98S","10.1152/jn.00479.2001","Yakovenko","2002","Spatiotemporal activation of lumbosacral motoneurons in the locomotor step cycle","","users/0"
"MLX6ERGC","10.1152/physrev.00028.2005","Rossignol","2006","Dynamic Sensorimotor Interactions in Locomotion","","users/0"
"QCHTWZQ5","10.1152/jn.00991.2004","Yakovenko","2005","Control of locomotor cycle durations.","","users/0"
"LIJIS5WA","10.1111/j.1749-6632.2010.05435.x","Markin","2010","Afferent control of locomotor CPG: insights from a simple neuromechanical model","","users/0"
"U7T7894Y","10.1098/rstb.2006.1889","Rossignol","2006","Plasticity of connections underlying locomotor recovery after central and/or peripheral lesions in the adult mammals","","users/0"
"YT33NN9W","10.3390/app8010006","Rubeo","2017","A Synthetic Nervous System Controls a Simulated Cockroach","","users/0"
"X7ZRIQ5W","10.1152/jn.00863.2002","Verschueren","2003","Vibration-Induced Changes in EMG During Human Locomotion","","users/0"
"BSMM6LVW","10.1152/jn.00204.2023","Dubuc","2023","Locomotor pattern generation and descending control: a historical perspective","","users/0"
"BJNJT7IM","10.1146/annurev-neuro-083122-025325","Sengupta","2023","Spinal Interneurons: Diversity and Connectivity in Motor Control","","users/0"
"BBLPKL8G","10.3389/fphys.2018.00784","Côté","2018","Spinal Control of Locomotion: Individual Neurons, Their Circuits and Functions.","","users/0"
"AS875WN2","10.1152/jn.00820.2013","Sivertsen","2014","Organization of pontine reticulospinal inputs to motoneurons controlling axial and limb muscles in the neonatal mouse.","","users/0"
"ARL8C6X2","10.1113/jphysiol.2004.076034","Angel","2005","Candidate interneurones mediating group I disynaptic EPSPs in extensor motoneurones during fictive locomotion in the cat.","","users/0"
"AE2VEALH","10.1002/jnr.24791","Merlet","2021","Cutaneous inputs from perineal region facilitate spinal locomotor activity and modulate cutaneous reflexes from the foot in spinal cats.","","users/0"
"9A3MLZZE","10.1073/pnas.1304365110","Hägglund","2013","Optogenetic dissection reveals multiple rhythmogenic modules underlying locomotion","","users/0"
"4HGBEETW","10.1113/jphysiol.2006.113043","Perreault","2006","Contribution of morphology and membrane resistance to integration of fast synaptic signals in two thalamic cell types","","users/0"
"3IRYTQQV","10.1002/cne.23904","Sivertsen","2016","Pontine reticulospinal projections in the neonatal mouse: Internal organization and axon trajectories.","","users/0"
"2QRUD5B6","10.1152/jn.00739.2014","Hurteau","2015","Effect of stimulating the lumbar skin caudal to a complete spinal cord injury on hindlimb locomotion","","users/0"
"2NF5VGMI","10.1111/j.1469-7793.1999.00691.x","Perreault","1999","Depression of muscle and cutaneous afferent-evoked monosynaptic field potentials during fictive locomotion in the cat.","","users/0"
"JHXFUNC5","10.1113/jphysiol.1958.sp006101","Eccles","1958","Integrative pattern of Ia synaptic actions on motoneurones of hip and knee muscles.","","users/0"
"UP82GPFY","10.1016/b978-0-444-53613-6.00006-x","Brownstone","2010","Spinal interneurons providing input to the final common path during locomotion","","users/0"
"MB8TM5BW","10.1152/jn.01300.2004","Gregor","2006","Mechanics of slope walking in the cat: quantification of muscle load, length change, and ankle extensor EMG patterns.","","users/0"
"N954F5L8","10.1152/jn.2001.86.1.447","Burke","2001","Patterns of locomotor drive to motoneurons and last-order interneurons: clues to the structure of the CPG.","","users/0"
"FZ6ZSP2C","10.1145/245108.245118","Beer","1997","Biologically inspired approaches to robotics: what can we learn from insects?","","users/0"
"XKF43XMG","10.3389/fneur.2012.00183","Guertin","2013","Central Pattern Generator for Locomotion: Anatomical, Physiological, and Pathophysiological Considerations","","users/0"
"RTDC2FX8","10.1098/rstb.2009.0322","Whelan","2010","Shining light into the black box of spinal locomotor networks","","users/0"
"J3GFD5CD","10.1152/jn.1998.79.4.1687","Carlson‐Kuhta","1998","Forms of forward quadrupedal locomotion. II. A comparison of posture, hindlimb kinematics, and motor patterns for upslope and level walking.","","users/0"
"XAI47NW4","10.1152/jn.00871.2015","Stein","2016","Modular organization of the multipartite central pattern generator for turtle rostral scratch: knee-related interneurons during deletions","","users/0"
"F8IXUK6M","10.1152/jn.00602.2017","Stein","2018","Central pattern generators in the turtle spinal cord: selection among the forms of motor behaviors.","","users/0"
"FH28BPV2","10.1523/jneurosci.16-18-05777.1996","Kjærulff","1996","Distribution of networks generating and coordinating locomotor activity in the neonatal rat spinal cord in vitro: a lesion study","","users/0"
"Z4ZHBV95","10.7554/elife.04718","Britz","2015","A genetically defined asymmetry underlies the inhibitory control of flexor–extensor locomotor movements","","users/0"
"SV2FP2VX","10.1101/2022.05.21.492933","Ozeri-Engelhard","2022","Inhibitory interneurons within the deep dorsal horn integrate convergent sensory input to regulate motor performance","","users/0"
"Q9M3R36V","10.1113/jphysiol.2010.195644","Kasumacic","2010","Segmental patterns of vestibular-mediated synaptic inputs to axial and limb motoneurons in the neonatal mouse assessed by optical recording","","users/0"
"QQAWU48V","10.1523/jneurosci.5188-14.2015","Kasumacic","2015","Segmental organization of vestibulospinal inputs to spinal interneurons mediating crossed activation of thoracolumbar motoneurons in the neonatal mouse.","","users/0"
"IVAR36JD","10.3389/fnbot.2020.577804","Szczecinski","2020","Extending the Functional Subnetwork Approach to a Generalized Linear Integrate-and-Fire Neuron Model.","","users/0"
"XA75LZQK","10.1113/jphysiol.2012.234609","Kasumacic","2012","Vestibular-mediated synaptic inputs and pathways to sympathetic preganglionic neurons in the neonatal mouse.","","users/0"
"EQ9FJRGH","10.3389/fncom.2013.00083","Krouchev","2013","Motor cortical regulation of sparse synergies provides a framework for the flexible control of precision walking","","users/0"
"R82ZB32F","10.1152/jn.00216.2005","Lafrenière-Roula","2005","Deletions of Rhythmic Motoneuron Activity During Fictive Locomotion and Scratch Provide Clues to the Organization of the Mammalian Central Pattern Generator","","users/0"
"N2E9AB57","10.3389/fnins.2021.720542","Merlet","2021","Inhibition and Facilitation of the Spinal Locomotor Central Pattern Generator and Reflex Circuits by Somatosensory Feedback From the Lumbar and Perineal Regions After Spinal Cord Injury.","","users/0"
"GIB9XWCY","10.1113/jphysiol.1996.sp021538","Angel","1996","Group I extensor afferents evoke disynaptic EPSPs in cat hindlimb extensor motorneurones during fictive locomotion.","","users/0"
"HHAMB3JE","10.1101/2020.07.29.226530","Merlet","2020","Cutaneous inputs from perineal region facilitates and modulates spinal locomotor activity and reduces cutaneous reflexes from the foot in spinal cats","","users/0"
"I4SGL4NJ","10.1016/j.conb.2009.09.002","Tresch","2009","The case for and against muscle synergies.","","users/0"
"R6E4WUGF","10.1038/nrn2608","Goulding","2009","Circuits controlling vertebrate locomotion: moving in a new direction","","users/0"
"U53L9EPS","10.1523/jneurosci.19-24-10966.1999","Perreault","1999","Proprioceptive Control of Extensor Activity during Fictive Scratching and Weight Support Compared to Fictive Locomotion","","users/0"
"YTLZ7LCE","10.1523/jneurosci.1082-18.2018","Hurteau","2018","A Spinal Mechanism Related to Left–Right Symmetry Reduces Cutaneous Reflex Modulation Independently of Speed During Split-Belt Locomotion","","users/0"
"SJWI9DT6","10.1016/j.cophys.2019.03.001","Perreault","2019","Diversity of reticulospinal systems in mammals","","users/0"
"SVM2JBR4","10.1523/jneurosci.22-18-08259.2002","Perreault","2002","Motoneurons have different membrane resistance during fictive scratching and weight support.","","users/0"
"UGLNJ35B","10.1111/j.1469-7793.2000.00389.x","Pang","2000","The initiation of the swing phase in human infant stepping: importance of hip position and leg loading","","users/0"
"R2YXWJFY","10.1523/jneurosci.1654-20.2020","Zholudeva","2021","Spinal Interneurons as Gatekeepers to Neuroplasticity after Injury or Disease.","","users/0"
"JMMG94IF","10.1152/jn.01177.2006","Guevremont","2007","Physiologically based controller for generating overground locomotion using functional electrical stimulation.","","users/0"
"TSJFAR74","10.1038/s41467-023-36587-w","Hsu","2023","Deconstructing the modular organization and real-time dynamics of mammalian spinal locomotor networks","","users/0"
"WPQFNA9G","10.1152/jn.00322.2017","Ziskind-Conhaim","2017","Diversity of molecularly defined spinal interneurons engaged in mammalian locomotor pattern generation.","","users/0"
"BYXJAITS","10.1152/jn.00550.2017","Ausborn","2018","State-dependent rhythmogenesis and frequency control in a half-center locomotor CPG","","users/0"
"BN4UZ9HG","10.1016/j.neuron.2013.08.015","Dougherty","2013","Locomotor Rhythm Generation Linked to the Output of Spinal Shox2 Excitatory Interneurons","","users/0"
"9PBB27C5","10.1523/jneurosci.0816-20.2020","Harnie","2020","The Spinal Control of Backward Locomotion.","","users/0"
"8ZEDCLY9","10.1523/jneurosci.3338-09.2009","Chiel","2009","The Brain in Its Body: Motor Control and Sensing in a Biomechanical Context","","users/0"
"8RJT2FWS","10.1016/s0966-6362(97)00042-8","Duysens","1998","Neural control of locomotion; Part 1: The central pattern generator from cats to humans","","users/0"
"8IYQQ86M","10.1038/s41467-023-39034-y","Minassian","2023","Rare phenomena of central rhythm and pattern generation in a case of complete spinal cord injury","","users/0"
"6EEHLQ7T","10.1152/jn.00020.2021","Hachmann","2021","Epidural spinal cord stimulation as an intervention for motor recovery after motor complete spinal cord injury.","","users/0"
"5KVPMN6U","10.1007/s10827-014-0519-3","Shaw","2015","The significance of dynamical architecture for adaptive responses to mechanical loads during rhythmic behavior","","users/0"
"5CQ4FFIE","10.1152/jn.00175.2005","Quevedo","2005","Stumbling corrective reaction during fictive locomotion in the cat.","","users/0"
"5BZD2LDG","10.1113/jphysiol.2008.158105","Szokol","2008","Differential origin of reticulospinal drive to motoneurons innervating trunk and hindlimb muscles in the mouse revealed by optical recording","","users/0"
"3TLJKCNR","10.1152/jn.00176.2005","Quevedo","2005","Intracellular analysis of reflex pathways underlying the stumbling corrective reaction during fictive locomotion in the cat.","","users/0"
"3AD6QFNF","10.1111/j.1469-7793.2000.t01-1-00549.x","Quevedo","2000","Group I disynaptic excitation of cat hindlimb flexor and bifunctional motoneurones during fictive locomotion.","","users/0"
"2JNQK632","10.1523/eneuro.0069-15.2015","Rybak","2015","Organization of the Mammalian Locomotor CPG: Review of Computational Model and Circuit Architectures Based on Genetically Identified Spinal Interneurons(1,2,3).","","users/0"
"2IKESCA2","10.1152/jn.90918.2008","Donelan","2009","Force Regulation of Ankle Extensor Muscle Activity in Freely Walking Cats","","users/0"
"269D4I7M","10.1016/j.neuroscience.2020.09.017","Domínguez-Rodríguez","2020","Candidate Interneurons Mediating the Resetting of the Locomotor Rhythm by Extensor Group I Afferents in the Cat.","","users/0"
"EDC2IELM","10.1152/jn.00497.2003","Bouyer","","Contribution of Cutaneous Inputs From the Hindpaw to the Control of Locomotion. II. Spinal Cats","","users/0"
"L9CEAFWN","10.1152/jn.00891.2006","Musselman","2007","Loading the Limb During Rhythmic Leg Movements Lengthens the Duration of Both Flexion and Extension in Human Infants","","users/0"
"IRNAFPRJ","10.1113/jphysiol.1982.sp014319","Akazawa","1982","Modulation of stretch reflexes during locomotion in the mesencephalic cat","","users/0"
"DNZH94EE","10.1523/jneurosci.1618-07.2007","Quinlan","2007","Segmental, Synaptic Actions of Commissural Interneurons in the Mouse Spinal Cord","","users/0"
"X9ZQJKFL","10.1152/jn.00718.2011","Hellekes","2012","Control of reflex reversal in stick insect walking: effects of intersegmental signals, changes in direction, and optomotor-induced turning","","users/0"
"HBXEMWEI","10.1113/jphysiol.2005.095505","Stecina","2005","Parallel reflex pathways from flexor muscle afferents evoking resetting and flexion enhancement during fictive locomotion and scratch in the cat.","","users/0"
"QDCYC4UZ","10.1152/jn.00944.2011","Hatz","2012","Control of ankle extensor muscle activity in walking cats","","users/0"
"KUWGNTLE","10.1523/jneurosci.5486-10.2011","Szokol","2011","Organization of functional synaptic connections between medullary reticulospinal neurons and lumbar descending commissural interneurons in the neonatal mouse.","","users/0"
"X8VYY6I4","10.3390/biomimetics7040226","Deng","2022","Biomechanical and Sensory Feedback Regularize the Behavior of Different Locomotor Central Pattern Generators","","users/0"
"NAMAK52A","10.1523/jneurosci.20-22-08577.2000","Marcoux","2000","Initiating or Blocking Locomotion in Spinal Cats by Applying Noradrenergic Drugs to Restricted Lumbar Spinal Segments","","users/0"
"FKSUFZVT","10.1152/jn.1998.79.4.1702","Smith","","Forms of Forward Quadrupedal Locomotion. III. A Comparison of Posture, Hindlimb Kinematics, and Motor Patterns for Downslope and Level Walking","","users/0"
"KDM6LNP8","10.1113/jphysiol.1957.sp005794","Eccles","1957","The convergence of monosynaptic excitatory afferents on to many different species of alpha motoneurones","","users/0"
"S96NBBZW","10.1113/jphysiol.1957.sp005849","Eccles","1957","Synaptic actions on motoneurones caused by impulses in Golgi tendon organ afferents.","","users/0"
"X58PT9M5","10.1242/jeb.056481","Bender","2011","Kinematic and behavioral evidence for a distinction between trotting and ambling gaits in the cockroach Blaberus discoidalis","","users/0"
"KAA8KFWP","10.1089/neu.2022.0042","Audet","2022","Control of fore- and hindlimb movements and their coordination during quadrupedal locomotion across speeds in adult spinal cats","","users/0"
"Q4RFLCD9","10.1523/jneurosci.2005-13.2013","Borowska","2013","Functional subpopulations of V3 interneurons in the mature mouse spinal cord.","","users/0"
"CMKCFGXM","10.1016/j.neuron.2014.02.013","Zhang","2014","V1 and V2b Interneurons Secure the Alternating Flexor-Extensor Motor Activity Mice Require for Limbed Locomotion","","users/0"
"JXG86KPX","10.1113/jphysiol.2005.091744","Nielsen","2005","Organization of common synaptic drive to motoneurones during fictive locomotion in the spinal cat","","users/0"
"Q55J9XY9","10.1113/jphysiol.1992.sp019296","Cazalets","1992","Activation of the central pattern generators for locomotion by serotonin and excitatory amino acids in neonatal rat.","","users/0"
"LPNS8DA6","10.1523/jneurosci.15-07-04943.1995","Cazalets","1995","Localization and organization of the central pattern generator for hindlimb locomotion in newborn rat","","users/0"
"HYIJTICA","10.3727/096368911x627598","Boulland","2012","Evaluation of intracellular labeling with micron-sized particles of iron oxide (MPIOs) as a general tool for in vitro and in vivo tracking of human stem and progenitor cells.","","users/0"
"RNKRY7A9","10.1152/jn.00888.2005","Duysens","2006","How deletions in a model could help explain deletions in the laboratory.","","users/0"
"RRVWAYJN","10.3389/fncom.2013.00014","Duysens","2013","The flexion synergy, mother of all synergies and father of new models of gait","","users/0"
"I5QEVNE8","10.1016/j.arcontrol.2019.04.004","Duysens","2019","A controller perspective on biological gait control: Reflexes and central pattern generators","","users/0"
"L4GI8L95","10.1088/1748-3190/aada54","Duysens","2018","Walking with perturbations: a guide for biped humans and robots","","users/0"
"XJJLS4RK","10.1152/jn.00325.2004","Donelan","2004","Contribution of Force Feedback to Ankle Extensor Activity in Decerebrate Walking Cats","","users/0"
"FS5NATYM","10.1113/jphysiol.1993.sp019498","Beloozerova","1993","The role of the motor cortex in the control of accuracy of locomotor movements in the cat.","","users/0"
"D58QGTAB","10.1113/jphysiol.2013.261115","Rybak","2013","Modelling genetic reorganization in the mouse spinal cord affecting left–right coordination during locomotion","","users/0"
"C768R676","10.1113/jphysiol.1983.sp014663","Jankowska","1983","Shared reflex pathways from Ib tendon organ afferents and Ia muscle spindle afferents in the cat.","","users/0"
"BVW9QVKY","10.1523/jneurosci.0612-22.2022","Dewolf","2022","Left-right locomotor coordination in human neonates","","users/0"
"7WU4IIVP","10.1523/jneurosci.5894-08.2010","Hart","2010","A Neural Basis for Motor Primitives in the Spinal Cord","","users/0"
"7JXDCYCG","10.1152/jn.00347.2019","Maxwell","2020","The mammalian spinal commissural system: properties and functions.","","users/0"
"7ACBM44L","10.7554/elife.73424","Zhang","2022","The role of V3 neurons in speed-dependent interlimb coordination during locomotion in mice.","","users/0"
"6WWPSZ4K","10.1152/physrev.2001.81.2.539","Bosco","2001","Proprioception from a spinocerebellar perspective.","","users/0"
"6V66UIQ3","10.3389/fnins.2018.00053","Jean-Xavier","2018","Influence of Brain Stem on Axial and Hindlimb Spinal Locomotor Rhythm Generating Circuits of the Neonatal Mouse.","","users/0"
"5937E9U9","10.1152/jn.1999.81.4.1856","Hess","1999","Role of Proprioceptive Signals From an Insect Femur-Tibia Joint in Patterning Motoneuronal Activity of an Adjacent Leg Joint","","users/0"
"43XBWLWJ","10.1101/226316","Schnerwitzki","2017","Loss of Wt1 in the murine spinal cord alters interneuron composition and locomotion","","users/0"
"3JKYYN8L","10.1152/jn.00496.2003","Gagnon","2003","Contribution of Cutaneous Inputs From the Hindpaw to the Control of Locomotion. I. Intact Cats","","users/0"
"3ECIQD32","10.3389/fnsys.2022.814028","Harnie","2022","State- and Condition-Dependent Modulation of the Hindlimb Locomotor Pattern in Intact and Spinal Cats Across Speeds","","users/0"
"3EA58R8T","10.1152/jn.1997.77.6.3311","Zehr","1997","Cutaneous Reflexes During Human Gait: Electromyographic and Kinematic Responses to Electrical Stimulation","","users/0"
"39FILAMJ","10.14814/phy2.13504","Yokoyama","2017","Motor module activation sequence and topography in the spinal cord during air-stepping in human: Insights into the traveling wave in spinal locomotor circuits.","","users/0"
"HKKG8BST","10.1038/s41598-021-90058-0","Stark","2021","A three-dimensional musculoskeletal model of the dog.","","users/0"
"XRF7M68G","10.1101/2020.07.16.205856","Stark","2020","A three-dimensional musculoskeletal model of the dog","","users/0"
"RN257M7P","10.1101/2021.09.01.458603","Zhang","2021","The role of V3 neurons in speed-dependent interlimb coordination during locomotion in mice","","users/0"
"E4YS2UK6","10.1038/ncomms1276","Zhong","2011","Frequency-dependent recruitment of V2a interneurons during fictive locomotion in the mouse spinal cord","","users/0"
"KPUKD5J2","10.21203/rs.3.rs-153297/v1","Sutton","2021","Neural control of rhythmic limb motion is shaped by size and speed","","users/0"
"REM4TNZB","10.1002/cne.20711","Álvarez","2005","Postnatal Phenotype and Localization of Spinal Cord V1 Derived Interneurons","","users/0"
"LVEX7ZAJ","10.7939/r3-jt04-kz83","Haque","2019","Characterization of WT1-expressing interneurons and investigation of their role in locomotion","","users/0"
"ZC386V78","10.3390/biomimetics4010010","Young","2019","Analyzing Moment Arm Profiles in a Full-Muscle Rat Hindlimb Model","","users/0"
"ITZKK35Y","10.1016/s0960-9822(01)00581-4","Marder","2001","Central pattern generators and the control of rhythmic movements","","users/0"
"RFHCJXUU","10.3389/fncel.2019.00452","Li","2019","Flexor and Extensor Ankle Afferents Broadly Innervate Locomotor Spinal Shox2 Neurons and Induce Similar Effects in Neonatal Mice.","","users/0"
"DZIAWFUP","10.1113/jphysiol.1981.sp013556","Jankowska","1981","Common interneurones in reflex pathways from group 1a and 1b afferents of ankle extensors in the cat.","","users/0"
"N2XKAUYD","10.1111/j.1460-9568.2010.07354.x","Jankowska","2010","Functional subdivision of feline spinal interneurons in reflex pathways from group Ib and II muscle afferents; an update.","","users/0"
"ESZT2H87","10.1016/j.brainresrev.2007.06.022","Jankowska","2008","Spinal interneuronal networks in the cat: elementary components.","","users/0"
"YKU72TBX","10.1007/s00422-016-0704-8","Lyttle","2017","Robustness, flexibility, and sensitivity in a multifunctional motor control model","","users/0"
"NMFMMA6K","10.1016/j.conb.2015.03.001","McLean","2015","Peeling back the layers of locomotor control in the spinal cord","","users/0"
"N3UPAJ6L","10.1113/jphysiol.1995.sp020897","McCrea","1995","Disynaptic group I excitation of synergist ankle extensor motoneurones during fictive locomotion in the cat.","","users/0"
"QUYJVJZT","10.1152/jn.00996.2009","Hinckley","2010","Sensory Modulation of Locomotor-Like Membrane Oscillations in Hb9-Expressing Interneurons","","users/0"
"EFEIMKTA","10.1016/j.celrep.2018.08.095","Chopek","2018","Sub-populations of Spinal V3 Interneurons Form Focal Modules of Layered Pre-motor Microcircuits.","","users/0"
"SVW8KQ2S","10.1152/jn.00909.2004","Langlet","2005","Mid-Lumbar Segments Are Needed for the Expression of Locomotion in Chronic Spinal Cats","","users/0"
"YPMRGLWE","10.1523/jneurosci.06-05-01308.1986","Capaday","1986","Amplitude modulation of the soleus H-reflex in the human during walking and standing","","users/0"
"TT7LSVCK","10.1113/jphysiol.1910.sp001362","Sherrington","1910","Flexion-reflex of the limb, crossed extension-reflex, and reflex stepping and standing.","","users/0"
"BD2MCTWC","10.3389/fncel.2019.00512","Laliberté","2019","Propriospinal Neurons: Essential Elements of Locomotor Control in the Intact and Possibly the Injured Spinal Cord.","","users/0"
"B24E7NHB","10.1523/jneurosci.3931-12.2013","Frigon","2013","Split-belt walking alters the relationship between locomotor phases and cycle duration across speeds in intact and chronic spinalized adult cats.","","users/0"
"ALMGXZZK","10.1111/j.1469-7793.1998.293bu.x","Procházka","1998","Ensemble firing of muscle afferents recorded during normal locomotion in cats","","users/0"
"AJKJBBXG","10.1111/j.1469-7793.1998.277bu.x","Procházka","1998","Models of ensemble firing of muscle spindle afferents recorded during normal locomotion in cats","","users/0"
"83RA2CF6","10.1113/jphysiol.2009.176669","Frigon","2009","Asymmetric control of cycle period by the spinal locomotor rhythm generator in the adult cat.","","users/0"
"64SCAAVE","10.1152/jn.00524.2013","Frigon","2014","Speed-dependent modulation of phase variations on a step-by-step basis and its impact on the consistency of interlimb coordination during quadrupedal locomotion in intact adult cats","","users/0"
"T4L9LF2I","10.1152/jn.00194.2019","LaPallo","2019","Crossed activation of thoracic trunk motoneurons by medullary reticulospinal neurons.","","users/0"
"X7L89PYM","10.1152/jn.00615.2004","Büschges","2005","Sensory control and organization of neural networks mediating coordination of multisegmental organs for locomotion.","","users/0"
"JHEZHHDS","10.1242/jeb.245784","Ijspeert","2023","Integration of feedforward and feedback control in the neuromechanics of vertebrate locomotion: a review of experimental, simulation and robotic studies","","users/0"
"FWX4BP6P","10.1152/jn.00310.2020","Klishko","2021","Common and distinct muscle synergies during level and slope locomotion in the cat.","","users/0"
"JFZ79P7W","10.3389/fncir.2023.1146449","Wilson","2023","Spinal cords: Symphonies of interneurons across species","","users/0"
"HIIA6G5Q","10.1152/jn.00978.2016","Frigon","2017","The neural control of interlimb coordination during mammalian locomotion.","","users/0"
"MRYN67BY","10.1152/jn.01028.2009","Frigon","2010","Effects of ankle and hip muscle afferent inputs on rhythm generation during fictive locomotion.","","users/0"
"HYT5D5BK","10.1093/icb/icm065","Procházka","2007","Predictive and reactive tuning of the locomotor CPG","","users/0"
"G3KI3N72","10.1016/j.neuron.2011.07.011","Talpalar","2011","Identification of Minimal Neuronal Networks Involved in Flexor-Extensor Alternation in the Mammalian Spinal Cord","","users/0"
"NDJXT5KL","10.1152/jn.1997.77.6.3237","Procházka","1997","Implications of Positive Feedback in the Control of Movement","","users/0"
"FAEYIIBZ","10.1113/jphysiol.2006.118703","Rybak","2006","Modelling spinal circuitry involved in locomotor pattern generation: insights from deletions during fictive locomotion","","users/0"
"YRE2K9TJ","10.1098/rsif.2012.0669","Owaki","2013","Simple robot suggests physical interlimb communication is essential for quadruped walking","","users/0"
"EWNZK2VU","10.1016/j.brainresrev.2007.08.006","McCrea","2008","Organization of mammalian locomotor rhythm and pattern generation","","users/0"
"MXBZHJHL","10.1007/s10489-021-02275-9","Husbands","2021","Recent advances in evolutionary and bio-inspired adaptive robotics: Exploiting embodied dynamics","","users/0"
"K2J9YCWX","10.7939/r3639kg5w","Griener","2016","Connectivity and Regional Distribution of Constituent Cells of the Mammalian Locomotor Central Pattern Generator","","users/0"
"XJUH24BH","10.3389/fnbot.2017.00018","Hunt","2017","Development and Training of a Neural Controller for Hind Leg Walking in a Dog Robot","","users/0"
"J3L2N3YY","10.1152/jn.00065.2005","Ekeberg","2005","Computer simulation of stepping in the hind legs of the cat: an examination of mechanisms regulating the stance-to-swing transition.","","users/0"
"Y6VEI3AK","10.1007/978-1-4939-3267-2_2","Prilutsky","2016","A Neuromechanical Model of Spinal Control of Locomotion","","users/0"
"DY4Z48NQ","10.1109/tnsre.2010.2047592","Geyer","2010","A Muscle-Reflex Model That Encodes Principles of Legged Mechanics Produces Human Walking Dynamics and Muscle Activities","","users/0"
"72S2RJ7S","10.1152/physrev.1992.72.3.623","Jami","1992","Golgi tendon organs in mammalian skeletal muscle: functional properties and central actions","","users/0"
"4P3JCV9C","","Prochazka","1999","Quantifying proprioception","","users/0"
"WB9IPAAQ","10.1152/jn.00497.2017","Vincent","2017","Muscle proprioceptors in adult rat: mechanosensory signaling and synapse distribution in spinal cord","","users/0"
"IGDCL9H8","","Stein","2000","Functional role of muscle reflexes for force generation in the decerebrate walking cat","","users/0"
"Z97TV8P7","","Prochazka","1999","Quantifying proprioception","","users/0"
"GHSPU4RJ","10.1152/jn.1991.66.6.1874","Pearson","1991","Fictive motor patterns in chronic spinal cats","","users/0"
"LYX6K5MQ","10.1523/jneurosci.4849-09.2010","Zhong","2010","Electrophysiological Characterization of V2a Interneurons and Their Locomotor-Related Activity in the Neonatal Mouse Spinal Cord","","users/0"
"3ZHRZD8R","10.1038/s41467-023-41750-4","Masuda","2023","Ketamine evoked disruption of entorhinal and hippocampal spatial maps","","users/0"
"RIKLNLQK","10.1523/jneurosci.1316-22.2022","Zanos","2023","NMDA Receptor Activation-Dependent Antidepressant-Relevant Behavioral and Synaptic Actions of Ketamine","","users/0"
"VPY6CA2N","10.1111/j.1743-6109.2011.02211.x","Tajkarimi","2011","The Role of Genital Nerve Afferents in the Physiology of the Sexual Response and Pelvic Floor Function","","users/0"
"XVLRIVQB","10.1038/s41598-022-14020-4","Ruesink","2022","A psychophysical and neuroimaging analysis of genital hedonic sensation in men","","users/0"
"Z2VDFV2Y","10.1016/0006-8993(86)90357-4","Halata","1986","The neuroanatomical basis for the protopathic sensibility of the human glans penis","","users/0"
"6YCQVACH","","Zhao","2010","Full-Featured Pedometer Design Realized with 3-Axis Digital Accelerometer","","users/0"
"6UK6ULB9","10.1177/2398212818810685","Grant","2018","Synapse molecular complexity and the plasticity-behaviour problem","","users/0"
"S8L9XIRJ","10.1101/sqb.2018.83.037887","Grant","2019","The Synaptomic Theory of Behavior and Brain Disease","","users/0"
"QNAUQZVV","10.1038/nn.3276","Nithianantharajah","2013","Synaptic scaffold evolution generated components of vertebrate cognitive complexity","","users/0"
"JK7PKMYA","10.1038/nn.3292","Belgard","2013","Retooling spare parts: gene duplication and cognition","","users/0"
"S4MMZDEP","10.1038/nn.3277","Ryan","2013","Evolution of GluN2A/B cytoplasmic domains diversified vertebrate synaptic plasticity and behavior","","users/0"
"8EWRN9CN","10.1007/s00422-017-0711-4","Szczecinski","2017","Design process and tools for dynamic neuromechanical models and robot controllers","","users/0"
"DNVUUWXF","10.1088/1748-3190/10/4/041001","Buschmann","2015","Controlling legs for locomotion—insights from robotics and neurobiology","","users/0"
"FZ43LIHG","10.1007/bf00204111","Shadmehr","1992","A mathematical analysis of the force-stiffness characteristics of muscles in control of a single joint system","","users/0"
"CP9EC3VB","10.1109/tnn.2004.832719","Izhikevich","2004","Which Model to Use for Cortical Spiking Neurons?","","users/0"
"6FZWMDBS","10.1007/978-3-319-22979-9_21","Wilson","2015","Using Animal Data and Neural Dynamics to Reverse Engineer a Neuromechanical Rat Model","","users/0"
"V5IVNQVH","10.1007/978-3-319-95972-6_15","Vouloutsi","2018","Neuromechanical Model of Rat Hind Limb Walking with Two Layer CPGs and Muscle Synergies","","users/0"
"ZAK4FK2K","10.3390/biomimetics4010021","Deng","2019","Neuromechanical Model of Rat Hindlimb Walking with Two-Layer CPGs","","users/0"
"KIWKLCZP","10.1088/1748-3190/aa8290","Li","2017","A neural network with central pattern generators entrained by sensory feedback controls walking of a bipedal model","","users/0"
"SKZLALUY","10.1371/journal.pbio.0050316","Miall","2007","Disruption of State Estimation in the Human Lateral Cerebellum","","users/0"
"KWIC97M8","10.1523/jneurosci.3115-09.2009","Xu-Wilson","2009","Cerebellar Contributions to Adaptive Control of Saccades in Humans","","users/0"
"NP5434U3","10.1038/nn.4077","Brooks","2015","Learning to expect the unexpected: rapid updating in primate cerebellum during voluntary self-motion","","users/0"
"Q3YH27MX","10.1523/jneurosci.3988-03.2004","Roy","2004","Dissociating Self-Generated from Passively Applied Head Motion: Neural Mechanisms in the Vestibular Nuclei","","users/0"
"ZU5EW2P2","10.1152/jn.00833.2004","Zago","2005","Fast Adaptation of the Internal Model of Gravity for Manual Interceptions: Evidence for Event-Dependent Learning","","users/0"
"SAESYNIB","10.1152/jn.00947.2004","Scheidt","2005","Interaction of visual and proprioceptive feedback during adaptation of human reaching movements.","","users/0"
"NQJQEMGH","10.1016/j.cub.2013.04.029","Brooks","2013","The Primate Cerebellum Selectively Encodes Unexpected Self-Motion","","users/0"
"F4GKATB5","10.1523/jneurosci.1937-09.2009","Brooks","2009","Multimodal Integration in Rostral Fastigial Nucleus Provides an Estimate of Body Movement","","users/0"
"YYW7BNA6","10.1007/s12311-010-0201-x","Taylor","2010","An Explicit Strategy Prevails When the Cerebellum Fails to Compute Movement Errors","","users/0"
"T5BR2UYP","10.1016/j.conb.2011.06.012","Krakauer","2011","Human sensorimotor learning: adaptation, skill, and beyond","","users/0"
"S73VAA7P","10.1523/jneurosci.2151-12.2012","Popa","2012","Predictive and feedback performance errors are signaled in the simple spike discharge of individual Purkinje cells.","","users/0"
"NWAXZJ4L","10.1152/jn.00394.2010","Wong","2011","Sensorimotor adaptation error signals are derived from realistic predictions of movement outcomes.","","users/0"
"8FYG99FA","10.1038/nn.2229","Berniker","2008","Estimating the sources of motor errors for adaptation and generalization","","users/0"
"WH7QQYTS","10.1146/annurev-neuro-060909-153135","Shadmehr","2010","Error Correction, Sensory Prediction, and Adaptation in Motor Control","","users/0"
"ASSX2K3G","10.1016/j.conb.2011.05.025","Medina","2011","The multiple roles of Purkinje cells in sensori-motor calibration: to predict, teach and command","","users/0"
"YFGAZUZV","10.1016/0006-8993(75)90401-1","Grillner","1975","How detailed is the central pattern generation for locomotion?","Biology","groups/735051"
"23RQRFSK","10.3390/polym11101680","Zaldua","2019","Nucleation and Crystallization of PA6 Composites Prepared by T-RTM: Effects of Carbon and Glass Fiber Loading","Bibliography for all materials","groups/735051"
"V4BJHZBQ","10.1021/acsomega.4c01284","Gokce","2024","Improving the Interfacial Adhesion of Long Carbon Fiber-Reinforced Polyamide 6 Composites by Electrochemical Oxidation and Polyethylenimine-Carboxymethyl Cellulose Grafting","Bibliography for all materials","groups/735051"
"S3SQSDRB","10.2495/hpsm160291","Tanaka","2016","Effect of mold temperature on interfacial welded strength and outer shell laminate strength of CF/PA6 composites manufactured by press and injection hybrid molding","Bibliography for all materials","groups/735051"
"NSA2N3H2","10.1016/j.jmapro.2021.08.054","Samy","2021","Finite element analysis of residual stress and warpage in a 3D printed semi-crystalline polymer: Effect of ambient temperature and nozzle speed","Bibliography for all materials","groups/735051"
"A87SITLL","10.1038/s41598-023-40855-6","Pugatch","2023","Accelerated annealing of fused filament fabricated (FFF) thermoplastics via an improved core–shell filament","Bibliography for all materials","groups/735051"
"BFTTK4RX","10.3390/polym13162677","Vaes","2021","The Extent of Interlayer Bond Strength during Fused Filament Fabrication of Nylon Copolymers: An Interplay between Thermal History and Crystalline Morphology","Bibliography for all materials","groups/735051"
"JBUQCEKZ","10.1520/d7264_d7264m-21","International","","ASTM D7264/D7264M-21: Test Method for Flexural Properties of Polymer Matrix Composite Materials","Bibliography for all materials","groups/735051"
"BAXEIVY5","","Revolinsky","","POST-PROCESSING AND CHARACTERIZATION OF ADDITIVE MANUFACTURED CARBON FIBER REINFORCED SEMI-CRYSTALLINE POLYMERS","","groups/735051"
"8Y3KKTYW","","Revolinsky","","Post-Processing and Characterization of Additively Manufactured Carbon Fiber Reinforced Semi-Crystalline Polymers","Bibliography for all materials","groups/735051"
"WLTSB4RR","10.1007/s11837-005-0217-8","Minus","2005","The processing, properties, and structure of carbon fibers","Bibliography for all materials","groups/735051"
"7X9KV24R","10.3390/c9010019","Bisheh","2023","Carbon Fibers: From PAN to Asphaltene Precursors; A State-of-Art Review","Bibliography for all materials","groups/735051"
"ANLHF44A","10.3390/ma15031222","Hofele","2022","Reaction Kinetics and Process Model of the Polyacrylonitrile Fibers Stabilization Process Based on Dielectric Measurements","Bibliography for all materials","groups/735051"
"9RCEUS99","10.1021/ja944125d","Dasgupta","1996","Crystal Structures and Properties of Nylon Polymers from Theory","Bibliography for all materials","groups/735051"
"T2XUQDC8","","Standardization","","ISO 178: Plastics - Determination of flexural properties","Bibliography for all materials","groups/735051"
"2HMFCZFI","10.1590/1517-7076-rmat-2026-0083","Piramanayagam","2026","Flexural performance of 3D-printed Onyx–Kevlar hybrid laminates: influence of fibre orientation and laminate thickness","Bibliography for all materials","groups/735051"
"DUN7K84F","10.1002/pls2.70022","Ponnarengan","2025","Trade‐Offs Between Viscoelastic and Impact Performance in <span style=""font-variant:small-caps;"">CFF</span> ‐Printed Onyx Composites: A Taguchi <span style=""font-variant:small-caps;"">L27</span> Study With <span style=""font-variant:small-caps;"">MARCOS</span> / <span style=""font-variant:small-caps;"">CRITIC</span> / <span style=""font-variant:small-caps;"">FUCOM</span>","Bibliography for all materials","groups/735051"
"3HYTCGYM","10.1007/s40964-021-00187-1","Handwerker","2021","Review of mechanical properties of and optimisation methods for continuous fibre-reinforced thermoplastic parts manufactured by fused deposition modelling","Bibliography for all materials","groups/735051"
"9DNBZ2HN","10.1002/pc.25294","O'Connor","2019","Low‐pressure additive manufacturing of continuous fiber‐reinforced polymer composites","Bibliography for all materials","groups/735051"
"TENJ4DJV","10.1016/j.jcomc.2025.100649","Kaushik","2025","Structure–property relationships in 3D-printed onyx-based composites reinforced with continuous fibers: role of temperature and fiber orientation","Bibliography for all materials","groups/735051"
"NSR64X7V","10.2139/ssrn.5149615","Burnett","2025","Tensile Performance of Carbon Fibre-Reinforced 3d-Printed Polymers: Effect of Printing Parameters","Bibliography for all materials","groups/735051"
"8DSZ9EJ4","10.3390/macromol6020024","Burelo","2026","Bio-Based Polymer Composites and Nanocomposites: A Sustainable Approach","Bibliography for all materials","groups/735051"
"GHUC87NM","10.3390/polym18080981","Klingenbeck","2026","Temperature-Dependent Thermal Properties of Nearly Amorphous Polyamide 6","Bibliography for all materials;Heat Treatment related studies","groups/735051"
"2V69IT7G","10.1115/1.4063970","Bhattacharyya","2024","Design Synthesis of a 4D-Printed Self-Tying Knot With Programmable Morphology","AARL Paper Club papers","groups/735051"
"D9HEM9AP","10.1088/1748-3190/ae72db","Dimonte","2026","A bioinspired hybrid robotic joint for safer physical human–robot interaction","AARL Paper Club papers","groups/735051"
"PB3AKTHW","10.1201/9781003366386-4","Madi","2023","Neuromorphic Computing and Sensing in Space","AARL Paper Club papers","groups/735051"
"YWT73QME","10.1126/scirobotics.abd1911","Cheng","2020","Neuroengineering challenges of fusing robotics and neuroscience","AARL Paper Club papers","groups/735051"
"MIYM8HQE","","Ren","2026","Bioinspired multimodal robotics","AARL Paper Club papers","groups/735051"
"T7VS8LK2","10.1002/pc.29012","Liu","2025","Two‐stage annealing method for short carbon fiber‐reinforced nylon 6 in fused filament fabrication","Bibliography for all materials","groups/735051"
"99UZMJ8L","10.1002/pc.29012","Liu","2025","Two‐stage annealing method for short carbon fiber‐reinforced nylon 6 in fused filament fabrication","Heat Treatment related studies","groups/735051"
"EXZJ9GKV","10.1016/s0966-6362(99)00032-6","Runge","1999","Ankle and hip postural strategies defined by joint torques","","groups/735051"
"RX4HKRSD","10.1016/s0966-6362(03)00037-7","Gage","2004","Kinematic and kinetic validity of the inverted pendulum model in quiet standing","","groups/735051"
"HECB5YKM","10.3390/app16083791","Boszorádová","2026","Effect of Annealing Time on FFF-Manufactured PA6 Composites","Bibliography for all materials;Onyx related studies;Heat Treatment related studies","groups/735051"
"QKFB6Y9C","10.1177/14644207241285399","Coca-Gonzalez","2025","Warpage: Causes, manufacturing processes and future challenges: A review","Bibliography for all materials","groups/735051"
"LJ5YYCVF","10.1177/14644207241285399","","","Warpage: Causes, manufacturing processes and future challenges: A review","","groups/735051"
"9KP7SDH4","10.1152/jn.00751.2012","Kistemaker","2013","Control of position and movement is simplified by combined muscle spindle and Golgi tendon organ feedback","","groups/735051"
"QY82B3LJ","10.1109/tnsre.2009.2037891","Vette","2010","Neural-Mechanical Feedback Control Scheme Generates Physiological Ankle Torque Fluctuation During Quiet Stance","","groups/735051"
"T7UPP3XR","10.1007/s42242-019-00055-6","Hamidi","2019","Multidirectional 3D-printed functionally graded modular joint actuated by TCPFL muscles for soft robots","Joint designs;NSF26 - Stability and Speed","groups/735051"
"AHJG2FIJ","10.3390/robotics14020008","Soltanov","2025","Design of a Novel Bio-Inspired Three Degrees of Freedom (3DOF) Spherical Robotic Manipulator and Its Application in Human–Robot Interactions","Joint designs;NSF26 - Stability and Speed","groups/735051"
"R8RQMTH2","10.1109/icma65362.2025.11120665","Wang","2025","Design and Experimental Study of Parallel Hip Joint","Joint designs;NSF26 - Stability and Speed","groups/735051"
"3U9D2LME","10.1109/lra.2026.3692330","Liu","2026","An Orthogonal-Axis Spherical Parallel Mechanism With Large Workspace for Humanoid Hip Joints: Design, Optimization, and Experimental Validation","Joint designs;NSF26 - Stability and Speed","groups/735051"
"DUE34V5B","10.1109/icra.2016.7487575","Yang","2016","3D printing of variable stiffness hyper-redundant robotic arm","Joint designs;NSF26 - Stability and Speed","groups/735051"
"ZYMSENFG","10.3390/polym14173542","Guo","2022","Three-Dimensional Printable Ball Joints with Variable Stiffness for Robotic Applications Based on Soft Pneumatic Elastomer Actuators","Joint designs;NSF26 - Stability and Speed","groups/735051"
"3XTYJXVB","10.3390/robotics14070091","Kim","2025","Planar Inverse Statics and Path Planning for a Tendon-Driven Discrete Continuum Robot","Joint designs;NSF26 - Stability and Speed","groups/735051"
"ARB27ZMC","10.1115/1.4054441","Steele","2022","Experimental Verification of Kinematics and Kinetics in a Biomimetic Bipedal Robot","Joint designs;NSF26 - Stability and Speed","groups/735051"
"YBKWME4R","10.1093/mam/ozaf048.982","Shubella","2025","Microscopic Evaluation of Temperature Effects on Gelatin Support Bath for 3D Bioprinting","Hunt Lab","groups/735051"
"J7P3FHYV","10.1080/17452759.2016.1274490","Mohan","2017","A review on composite materials and process parameters optimisation for the fused deposition modelling process","Bibliography for all materials","groups/735051"
"9GPT3MJC","10.3390/polym14030465","Fico","2022","A Review of Polymer-Based Materials for Fused Filament Fabrication (FFF): Focus on Sustainability and Recycled Materials","Bibliography for all materials","groups/735051"
"59Z5L2BU","10.1109/lra.2022.3153700","Kobayashi","2022","Soft Tensegrity Robot Driven by Thin Artificial Muscles for the Exploration of Unknown Spatial Configurations","NSF26 - Stability and Speed;Tensegrity","groups/735051"
"XRKD7JL5","10.1088/1361-665x/ab87e0","Zappetti","2020","Variable-stiffness tensegrity spine","NSF26 - Stability and Speed;Tensegrity","groups/735051"
"GJY52LNA","10.1002/advs.202411351","Wen","2025","Legged Robot with Tensegrity Feature Bionic Knee Joint","NSF26 - Stability and Speed;Tensegrity","groups/735051"
"RCMJ22F5","10.1002/aisy.202300079","Hao","2024","A Tensegrity Joint for Low‐Inertia, Compact, and Compliant Soft Manipulators","NSF26 - Stability and Speed;Tensegrity","groups/735051"
"ZNGHWGVV","10.1016/j.birob.2024.100170","Wang","2024","TWrist: An agile compliant 3-DoF tensegrity joint","NSF26 - Stability and Speed;Tensegrity","groups/735051"
"SIAEH7Z3","10.1115/1.4064462","Xie","2024","A Novel Elbow-Inspired Cable-Driven Tensegrity Joint: Bionic Design, Coupled Kinematics, and Load Performance","NSF26 - Stability and Speed;Tensegrity","groups/735051"
"I4CSKMK6","10.1088/1361-665x/adfea9","Ye","2025","A rapid tunable stiffness bistable adaptive tensegrity joint for gripper and swimmer","NSF26 - Stability and Speed;Tensegrity","groups/735051"
"2XJ2JSNS","","Steele","2018","Biomimetic Design and Construction of a Bipedal Walking Robot","Prospectus;BolenFrontiers22;Hunt Lab;BolenIsoKneeTorque;Young Scientist Seminar;Presentation;NSF26 - Stability and Speed","groups/735051"
"SNXQVWXW","10.1007/978-3-319-96728-8_8","Steele","2018","Biomimetic Knee Design to Improve Joint Torque and Life for Bipedal Robotics","Jubert;Prospectus;BolenFrontiers22;Hunt Lab;Steele ASME;LM2024;NSF26 - Stability and Speed;BolenIsoKneeTorque","groups/735051"
"TJR2SWVG","10.23919/iccas50221.2020.9268259","Agrawal","2020","A De-risked Bio-inspired Condylar Prosthetic Knee Joint for a Robotic Leg Test Rig","Joint designs;NSF26 - Stability and Speed","groups/735051"
"KGXK8FCC","10.1109/iros.2011.6094924","Etoundi","2011","A bio-inspired condylar hinge joint for mobile robots","Joint designs;NSF26 - Stability and Speed","groups/735051"
"XE63V7XW","10.1115/1.4024471","Etoundi","2013","A Bio-Inspired Condylar Hinge for Robotic Limbs","Joint designs;NSF26 - Stability and Speed","groups/735051"
"Y73375EY","10.3390/biomimetics7010017","Young","2022","Analyzing Modeled Torque Profiles to Understand Scale-Dependent Active Muscle Responses in the Hip Joint","MURI24;NSF NeuroNex;Hunt Lab;Haonan;Manuel;Sensory Feedback","groups/735051"
"M2ZQSZH2","10.1007/978-3-031-72597-5_16","Szczecinski","2025","Pulse Modulation in Braided Pneumatic Actuators Mimics Contractile Behavior of Biological Muscles","BPAs;references_Lutz_thesis;Moe's Papers","groups/735051"
"QDKLJQKM","10.1007/978-3-031-72597-5_16","Szczecinski","2025","Pulse Modulation in Braided Pneumatic Actuators Mimics Contractile Behavior of Biological Muscles","BPAs;references_Lutz_thesis;Moe's Papers","groups/735051"
"HIEVAMMZ","10.1016/j.conb.2009.09.002","Tresch","2009","The case for and against muscle synergies","Synergies;Prospectus;Manuel papers;Ben & Connor Neuro Project;Sensory Feedback","groups/735051"
"88WLZU4R","10.1016/j.conb.2009.09.002","Tresch","2009","The case for and against muscle synergies","Synergies;Prospectus;Manuel papers;Ben & Connor Neuro Project;Sensory Feedback","groups/735051"
"HISEFNZX","10.26678/abcm.cobem2019.cob2019-1950","De Carlos Rosa","2019","Method for Considering the Real Area Moment of Inertia in Bending Tests of Extruded PLA Parts with Different Infill Percentages","Bibliography for all materials","groups/735051"
"X93UCS44","10.26678/abcm.cobem2019.cob2019-1950","De Carlos Rosa","2019","Method for Considering the Real Area Moment of Inertia in Bending Tests of Extruded PLA Parts with Different Infill Percentages","Bibliography for all materials","groups/735051"
"SE3FBPWD","10.1109/humanoids65713.2025.11203090","Cervettini","2025","A Framework for Optimal Ankle Design of Humanoid Robots","Joint designs;NSF26 - Stability and Speed","groups/735051"
"XEKTQPMZ","10.1186/s12984-023-01235-3","Shanbhag","2023","Methods for integrating postural control into biomechanical human simulations: a systematic review","","groups/735051"
"R5CDG7EZ","10.1007/s42235-025-00783-9","Teng","2026","Artificial Hip Joint Round Ligament with High Fidelity to Human Structures and Mechanics via Bioinspired 3D Braided Fibers","Joint designs;NSF26 - Stability and Speed","groups/735051"
"LM65XWST","10.1109/tie.2023.3310041","Zhao","2024","A Multiaxial Bionic Ankle Based on Series Elastic Actuation With a Parallel Spring","Joint designs;NSF26 - Stability and Speed","groups/735051"
"AT4MJXWY","10.1109/tmech.2026.3664932","Sun","2026","Bio-Inspired Tensegrity Robotic Wrist With Tendon Sheath Functionality","Joint designs;NSF26 - Stability and Speed;Tensegrity","groups/735051"
"H38JW2HH","10.1038/s41598-024-57149-0","Mohammadi Nejad Rashty","2024","Role of compliant mechanics and motor control in hopping - from human to robot","Joint designs;NSF26 - Stability and Speed","groups/735051"
"VTFH234S","10.1109/icar65334.2025.11338745","Torre","2025","Dopamine-Modulated Spiking Central Pattern Generators for Gait Selection in Quadruped Robots","Biologically Inspired Neural Networks (BINNs)","groups/735051"
"86BN76KD","10.1109/lra.2021.3062355","Russell","2021","Stiffness Modulation in a Humanoid Robotic Leg and Knee","Joint designs;NSF26 - Stability and Speed","groups/735051"
"FVUDL3VQ","10.3389/fbioe.2025.1701754","Teng","2025","Bioinspired 3D braided artificial ligament with human-like mechanical properties and self-healing capability","Joint designs;NSF26 - Stability and Speed","groups/735051"
"LSLKQZRE","10.1088/1748-3190/ab46f7","Seo","2019","Human-mimetic soft robot joint for shock absorption through joint dislocation","Joint designs;NSF26 - Stability and Speed","groups/735051"
"LN5948HJ","10.1126/sciadv.aea2831","Liu","2026","Bioinspired growable humanoid robot with bone-mimetic linkages for versatile mobility","Joint designs;NSF26 - Stability and Speed","groups/735051"
"Z3PF5JBM","10.1088/1748-3190/ac8711","Liang","2022","A bioinspired robotic knee with controlled joint surfaces and adjustable ligaments","Joint designs;NSF26 - Stability and Speed","groups/735051"
"KU6S3TNE","10.3389/fnhum.2022.1018160","Yu","2022","Bio-inspired design of a self-aligning, lightweight, and highly-compliant cable-driven knee exoskeleton","Joint designs;NSF26 - Stability and Speed","groups/735051"
"9ZDAC489","10.1038/s41467-024-55201-1","Gao","2024","Bioinspired origami-based soft prosthetic knees","Joint designs;NSF26 - Stability and Speed","groups/735051"
"2KVQFXR9","10.3389/frobt.2021.613574","Etoundi","2021","Bio-Inspired Knee Joint: Trends in the Hardware Systems Development","Joint designs;NSF26 - Stability and Speed","groups/735051"
"R4SMDHCD","10.1177/02783649231224053","Margolis","2024","Rapid locomotion via reinforcement learning","Machine Learning (ML)","groups/735051"
"4ZHHN9P4","10.1007/s10514-022-10039-8","Xiao","2022","Motion planning and control for mobile robot navigation using machine learning: a survey","Machine Learning (ML)","groups/735051"
"FVX4KZYE","10.1109/icara64554.2025.10977611","Rose","2025","Pressure Sensor-Controlled Prosthetic Socket for a Bio-Inspired Knee Joint","Joint designs;NSF26 - Stability and Speed","groups/735051"
"YBQHRYWE","10.1016/j.cej.2022.137241","Fu","2022","Multi-sensorized pneumatic artificial muscle yarns","BPA","groups/735051"
"ILEUUMMU","","Lynch","2017","Modern Robotics","references_Lutz_thesis","groups/735051"
"XRQRT49M","","Blaine","","Determination of Polymer Crystallinity by DSC","Bibliography for all materials;Heat Treatment related studies","groups/735051"
"QABZ48IG","10.1109/biorob.2006.1639201","Aschenbeck","2006","Design of a Quadruped Robot Driven by Air Muscles","BolenBPACharacterization;BolenFrontiers22;BolenIsoKneeTorque","groups/735051"
"INJD3PFR","10.1002/app.1992.070460507","Rybnikár̆","1992","Interactions at the PA‐6/PA‐66 interface","Bibliography for all materials;PA6 Studies","groups/735051"
"S4RW2F6X","","Bolen","2024","Self-balancing Robot Leg","NSF Career;NSF NeuroNex;Hunt Lab","groups/735051"
"VRSXVL3P","","","","Chapter 7: Advanced Composite Material","Bibliography for all materials","groups/735051"
"BVZI2KZC","10.1016/j.addma.2017.12.002","Dizon","2018","Mechanical characterization of 3D-printed polymers","Bibliography for all materials","groups/735051"
"ICZ6D3TI","10.1109/iros.2012.6386109","Todorov","2012","MuJoCo: A physics engine for model-based control","Mark","groups/735051"
"G77CI67Z","","","","The Action Potential | Anatomy and Physiology I","Noise","groups/735051"
"7M266Q46","10.1073/pnas.1611734114","Srivastava","2017","Motor control by precisely timed spike patterns","Spikes to Muscle Activation","groups/735051"
"L3IJYBRS","","Greene","2019","Computational Neuroscience","references_Lutz_thesis","groups/735051"
"QMZLFTEJ","10.1016/j.neuron.2012.08.001","Feldman","2012","The Spike-Timing Dependence of Plasticity","Mark","groups/735051"
"GNJPYPP3","10.3389/fnsyn.2011.00004","Markram","2011","A history of spike-timing-dependent plasticity","Mark","groups/735051"
"DSQSRA7K","10.1109/tac.2009.2033751","Topcu","2010","Robust Region-of-Attraction Estimation","Neural ROA Estimation","groups/735051"
"7N4D7WYR","","Bolen","2019","Bipedal Robot Legs Project","Hunt Lab","groups/735051"
"XU7FGY4E","10.1038/nn1986","Lockhart","2007","Optimal sensorimotor transformations for balance","Bipedal balance control","groups/735051"
"6KKR8FDD","","Goswami","2022","Physics-Informed Deep Neural Operator Networks","Deep ROA BO;PINN Methods","groups/735051"
"H9X2B9R4","","Henkes","2022","Spiking neural networks for nonlinear regression","PDE Networks","groups/735051"
"GGVS4A3J","","Brandstetter","2023","Message Passing Neural PDE Solvers","Non-PINN Methods","groups/735051"
"8PMVC2C3","","Khara","2022","Neural PDE Solvers for Irregular Domains","Non-PINN Methods","groups/735051"
"XAHTK95R","","Greenfeld","","Learning to Optimize Multigrid PDE Solvers","","groups/735051"
"ATHIG5D5","","Equer","2023","Multi-Scale Message Passing Neural PDE Solvers","Non-PINN Methods","groups/735051"
"7SEPWZXY","","Chung","","using IR Time-of-Flight Sensor","","groups/735051"
"CSZU34N8","10.1063/1.1710314","Hickman","1937","The Dynamics of A Bow and Arrow","Prospectus","groups/735051"
"YJBEGF95","10.1016/j.neuron.2018.05.029","Driscoll","2018","Computation through Cortical Dynamics","Reading","groups/735051"
"V3RDG2E2","","Cerneels","2013","ADDITIVE MANUFACTURING OF THERMOPLASTIC COMPOSITES","Bibliography for all materials","groups/735051"
"AWA96443","10.1038/nrn939","Dietz","2002","Proprioception and locomotor disorders","Sensory Feedback","groups/735051"
"HFQ6XZBV","","Prilutsky","2015","Neuromechanical Modeling of Posture and Locomotion","Sensory Feedback","groups/735051"
"TDRAQYQF","10.1038/5721","Tresch","1999","The construction of movement by the spinal cord","Sensory Feedback","groups/735051"
"DP8H2CZ6","10.1016/s0079-6123(06)65016-4","Prochazka","2007","The neuromechanical tuning hypothesis","Sensory Feedback","groups/735051"
"Q9K9HU8T","10.1126/scirobotics.aar7650","Yang","2018","The grand challenges of Science Robotics","Revision","groups/735051"
"ZX82CIE6","10.1002/9781118873397.ch14","Buschmann","2017","Bio-inspired Robot Locomotion","Revision","groups/735051"
"LZGCYL37","","Kingma","2017","Adam: A Method for Stochastic Optimization","Deep ROA BO;LM23;Deep ROA;FSA_Extensions;Manuscript","groups/735051"
"D3H954GX","10.1109/mm.2011.89","Keckler","2011","GPUs and the Future of Parallel Computing","LM23;FSA_Extensions;Manuscript","groups/735051"
"REWZS8YW","10.1146/annurev-neuro-082321-025137","Leiras","2022","Brainstem Circuits for Locomotion","Sensory Feedback;Animal Data","groups/735051"
"9DQY6D48","10.1021/ma00241a013","Kim","1983","A theory of healing at a polymer-polymer interface","Paper 1 References","groups/735051"
"56LQ8Q94","","Lynch","2017","Modern robotics: mechanics, planning, and control","Robotics","groups/735051"
"492G4TU8","10.1007/978-3-642-35289-8_36","Montavon","2012","A Practical Guide to Applying Echo State Networks","Reservoir Computers (RCs)","groups/735051"
"7MPKAPAC","10.1021/ma00241a013","Kim","1983","A theory of healing at a polymer-polymer interface","Heat Treatment of 3D Printed Materials;Bibliography for all materials;Heat Treatment related studies;Flight","groups/735051"
"K2TSZZ53","10.1063/1.328526","Wool","1981","A theory crack healing in polymers","Heat Treatment of 3D Printed Materials","groups/735051"
"9IQIMCAG","10.1109/lcsys.2020.3005328","Abate","2021","Formal Synthesis of Lyapunov Neural Networks","Deep ROA BO;Deep ROA;Neural ROA Estimation","groups/735051"
"YZL7KJKW","10.1109/tac.2009.2033751","Topcu","2010","Robust Region-of-Attraction Estimation","Non-Neural ROA Estimation;Deep ROA","groups/735051"
"UURMNDJ2","10.1090/s0025-5718-98-00913-2","Gottlieb","1998","Total variation diminishing Runge-Kutta schemes","Deep ROA;Numerical Methods;Manuscript","groups/735051"
"NDEKZJMC","10.1006/jcph.1994.1187","Liu","1994","Weighted Essentially Non-oscillatory Schemes","Deep ROA;Numerical Methods;Manuscript","groups/735051"
"VWQDE894","10.1152/japplphysiol.00942.2003","Dietz","2004","Locomotor activity in spinal cord-injured persons","Models","groups/735051"
"AANZYHSN","10.1080/002071700411304","Leith","2000","Survey of gain-scheduling analysis and design","Manuscript","groups/735051"
"P9TZQBP9","10.1109/ojies.2020.3040412","Yu","2021","Terminal Sliding Mode Control – An Overview","Manuscript","groups/735051"
"DDFEFAUU","10.1109/iros.2012.6386109","Todorov","2012","MuJoCo: A physics engine for model-based control","Virtual models;Manuscript","groups/735051"
"A9P55JZV","10.1007/978-3-642-35289-8_25","Montavon","2012","Stochastic Gradient Descent Tricks","LM23;FSA_Extensions;Manuscript","groups/735051"
"TGWMUFU2","10.3102/1076998619872761","Pang","2020","Deep Learning With TensorFlow: A Review","FSA_Extensions;Manuscript","groups/735051"
"EN8PPRGG","10.1016/j.cub.2011.05.029","Büschges","2011","New Moves in Motor Control","Animal Data","groups/735051"
"MTX98ELR","10.1002/cphy.c170036","Proske","2018","Kinesthetic Senses","Animal Data","groups/735051"
"S4MRBGIK","10.1021/ma00241a013","Kim","1983","A theory of healing at a polymer-polymer interface","","groups/735051"
"NPR8W4N3","","Guerrero-Rosado","","Towards a comprehensive model of Self-regulation⋆","Review","groups/735051"
"4YF65VJJ","10.1016/j.neucom.2007.12.020","Schrauwen","2008","Improving reservoirs using intrinsic plasticity","Plasticity;Reservoir Computers (RCs)","groups/735051"
"9W7ASZI9","","Wu","2018","Meta-learning autoencoders for few-shot prediction","Metalearning","groups/735051"
"7NQTAX5Z","","Lemke","","Metalearning: a survey of trends and technologies","Metalearning","groups/735051"
"J9BEA4B9","","He","","Reservoir Transfer on Analog Neuromorphic Hardware","Reservoir Computers (RCs)","groups/735051"
"QYCNHN7X","","Alexander","2006","Principles of animal locomotion","Manuscript","groups/735051"
"5WMAA9GX","","Shrestha","2018","SLAYER: Spike Layer Error Reassignment in Time","Spiking Neural Networks (SNNs);NAML22 Poster;Manuscript","groups/735051"
"THRJK7SU","","Chang","2020","Neural Lyapunov Control","Deep ROA BO;Deep ROA;Neural ROA Estimation","groups/735051"
"UBWLP82J","","Kingma","2017","Adam: A Method for Stochastic Optimization","Optimization;Artificial Neural Networks (ANNs)","groups/735051"
"HL2YGGRH","10.1007/s10462-021-10110-3","Schlegel","2021","A comparison of vector symbolic architectures","Vector Symbolic Architecture (VSA)","groups/735051"
"3SXUMIUA","","Frazier","2018","A Tutorial on Bayesian Optimization","CPG PDC;LM22;NAML22 Poster;Manuscript;Bayesian Optimization (BO)","groups/735051"
"XL7FCAT3","10.1007/978-981-10-8297-9","Keviczky","2019","Control Engineering","CPG PDC;Mathematical Examples;LM22","groups/735051"
"PC7RYSJD","","Yao","","Hierarchically Structured Meta-learning","Metalearning","groups/735051"
"DWFH9Q5U","10.1109/ijcnn.2009.5178822","Grzyb","2009","Which model to use for the Liquid State Machine?","Liquid State Machines (LSMs)","groups/735051"
"M9S4IFGL","","Kidger","2022","On Neural Differential Equations","Non-PINN Methods","groups/735051"
"ST4BYIBG","","Lewis","","Gait Adaptation in a Quadruped Robot","Manuscript","groups/735051"
"FN2PCPCZ","10.1038/nature14539","LeCun","2015","Deep learning","Foundational;FSA_Extensions;Manuscript;Winter 2023","groups/735051"
"8E6W83Z9","","Gruning","2014","Spiking Neural Networks: Principles and Challenges","Neuron Modeling","groups/735051"
"M9H4BDRP","10.1016/j.ics.2004.05.129","Inada","2004","Bipedal walk using a Central Pattern Generator","CPGs","groups/735051"
"HZC3WS5A","","Gruning","2014","Spiking Neural Networks: Principles and Challenges","Spiking Neural Networks (SNNs)","groups/735051"
"EP9PJSHD","10.7227/ijeee.37.3.8","Sadiku","2000","A Simple Introduction to the Method of Lines","Deep ROA;Numerical Methods;Manuscript","groups/735051"
"5KNYNIFW","","Rusu","2019","Meta-Learning with Latent Embedding Optimization","Metalearning","groups/735051"
"47KYSYYM","10.1109/tac.2012.2208292","Lamperski","2013","Lyapunov Theory for Zeno Stability","Hybrid Systems","groups/735051"
"KLR8QEK3","10.1162/neco.1997.9.2.279","Maass","1997","Fast Sigmoidal Networks via Spiking Neurons","Spiking Neural Networks (SNNs)","groups/735051"
"NR3L9AXL","10.1016/j.neunet.2016.10.011","Shrestha","2017","Robust learning in SpikeProp","","groups/735051"
"HFTSAKA3","","Shrestha","2018","SLAYER: Spike Layer Error Reassignment in Time","","groups/735051"
"4JTUV783","","Thuerey","2021","Physics-based Deep Learning","PINN Methods;PDE Networks","groups/735051"
"Q56QN9MJ","10.1051/mmnp/20105206","Fairhurst","2010","Observers for Canonic Models of Neural Oscillators","Neural Oscillators","groups/735051"
"2KMHTUZ7","10.1109/icit.2005.1600829","Wang","2005","Motion Control of a Robot Fish Based on CPG","CPG PDC;LM22;Robotics Examples;CPGs","groups/735051"
"56DGI4GG","10.1038/sc.1995.54","Illis","1995","Is there a central pattern generator in man?","CPGs","groups/735051"
"ZRSJIKYL","","Full","","Hypotheses of legged locomotion on land","Stability in Legged Locomotion","groups/735051"
"VLYIZSTX","","Böttcher","","Principles of robot locomotion","Stability in Legged Locomotion","groups/735051"
"X5G2HX8R","10.2200/s00268ed1v01y201005aim009","Szepesvári","2010","Algorithms for Reinforcement Learning","Reinforcement Learning (RL)","groups/735051"
"N4GDD8WV","","Henderson","","Deep Reinforcement Learning that Matters","Reinforcement Learning (RL)","groups/735051"
"HJU4NFCX","10.1561/2200000071","Francois-Lavet","2018","An Introduction to Deep Reinforcement Learning","Reinforcement Learning (RL)","groups/735051"
"HE32Y2UY","","Li","2018","Deep Reinforcement Learning: An Overview","Reinforcement Learning (RL)","groups/735051"
"7YP99JW2","10.1016/j.tics.2019.02.006","Botvinick","2019","Reinforcement Learning, Fast and Slow","Reinforcement Learning (RL)","groups/735051"
"B7TR6RK7","","Sutton","1998","Reinforcement learning: an introduction","Reinforcement Learning (RL)","groups/735051"
"PRJXC3WA","","Huh","2017","Gradient Descent for Spiking Neural Networks","Spiking Neural Networks (SNNs)","groups/735051"
"MTXQNZ5W","","Vreeken","","Spiking neural networks, an introduction","Spiking Neural Networks (SNNs)","groups/735051"
"HSYJHKKQ","10.1016/j.amc.2018.10.087","Wu","2019","A new neuron model under electromagnetic field","Neuron Modeling","groups/735051"
"UE9WWSYB","10.1109/mcs.2008.931718","Goebel","2009","Hybrid dynamical systems","Manuscript","groups/735051"
"6GSHP63J","10.1115/1.3138363","Brand","1982","A Model of Lower Extremity Muscular Anatomy","BolenBPACharacterization;Prospectus;BolenFrontiers22;BolenIsoKneeTorque","groups/735051"
"6Z4Z4FH3","","Raibert","","Dynamically Stable Legged Locomotion","Stability in Legged Locomotion","groups/735051"
"YPEH3Q3L","10.1117/12.2178007","George","2015","Data driven models of legged locomotion","Stability in Legged Locomotion","groups/735051"
"UYK8SSTD","10.1063/1.3143031","Jindrich","2009","Maneuvers during legged locomotion","Stability in Legged Locomotion;Manuscript","groups/735051"
"JZLUN2AE","10.1016/j.asd.2004.06.003","Koditschek","2004","Mechanical aspects of legged locomotion control","Stability in Legged Locomotion","groups/735051"
"HAL7J2DN","10.1109/iros.1994.407480","Bajd","1994","Unstable states in four-legged locomotion","Stability in Legged Locomotion","groups/735051"
"LQNWSYQN","10.1109/jra.1986.1087060","Waldron","1986","Force and motion management in legged locomotion","Stability in Legged Locomotion;Manuscript","groups/735051"
"4QGWLIXD","10.1109/tbme.1974.324294","Gubina","1974","On the Dynamic Stability of Biped Locomotion","Stability in Legged Locomotion;Manuscript","groups/735051"
"Y2ESFZ9W","","Dulac-Arnold","2019","Challenges of Real-World Reinforcement Learning","Reinforcement Learning (RL)","groups/735051"
"HZM74DJE","","van Hasselt","","Deep Reinforcement Learning with Double Q-Learning","Reinforcement Learning (RL)","groups/735051"
"H9NDI7QC","","Mnih","2013","Playing Atari with Deep Reinforcement Learning","Reinforcement Learning (RL)","groups/735051"
"GAMQPA77","","Li","2018","Deep Reinforcement Learning","Reinforcement Learning (RL)","groups/735051"
"34R63AL3","","Pashler","2002","Volume 3: Learning, Motivation, and Emotion","Reinforcement Learning (RL)","groups/735051"
"4CWF7K92","","Kaiser","2020","Model-Based Reinforcement Learning for Atari","Reinforcement Learning (RL)","groups/735051"
"ZBVFLK7D","10.1016/j.neunet.2018.12.002","Tavanaei","2019","Deep learning in spiking neural networks","Spiking Neural Networks (SNNs)","groups/735051"
"T9S4VQV2","","Laing","","A Spiking Neuron Model for Binocular Rivalry","Neuron Modeling","groups/735051"
"URCB62WB","10.1109/tnn.2004.832719","Izhikevich","2004","Which Model to Use for Cortical Spiking Neurons?","Manuscript;Neuron Modeling","groups/735051"
"4J6LJF98","10.1126/science.1181936","Gerstner","2009","How Good Are Neuron Models?","Neuron Modeling","groups/735051"
"YG38SFFR","10.1007/s11071-011-0046-y","Shilnikov","2012","Complete dynamical analysis of a neuron model","Neuron Modeling","groups/735051"
"8JCJ65C2","10.1016/j.neucom.2005.03.006","Tsumoto","2006","Bifurcations in Morris–Lecar neuron model","Neuron Modeling","groups/735051"
"NRM9Y59C","10.1016/s0006-3495(62)86953-7","Rall","1962","Electrophysiology of a Dendritic Neuron Model","Neuron Modeling","groups/735051"
"VIRDQ9JN","10.7275/7529913.0","Thomas","","Safe Reinforcement Learning","Safe Motor Learning","groups/735051"
"8WRU58JG","10.1109/tac.2020.3024161","Zanon","2021","Safe Reinforcement Learning Using Robust MPC","Safe Motor Learning","groups/735051"
"6W2FA4NA","","Alshiekh","","Safe Reinforcement Learning via Shielding","Safe Motor Learning","groups/735051"
"K3YWC5ST","10.1152/jn.1991.66.6.1874","Pearson","1991","Fictive motor patterns in chronic spinal cats","Animal Data","groups/735051"
"GSFL87ET","","Shrestha","2018","SLAYER: Spike Layer Error Reassignment in Time","","groups/735051"
"94WUM285","","Moe","","Linear Antisymmetric Recurrent Neural Networks","Recurrent Neural Networks (RNNs)","groups/735051"
"3ICVXPYM","","A","2007","CPG Computational model Spinal cord","","groups/735051"
"PUYC8LDV","10.1088/1748-3190/aad39d","Russell","2018","A biomimicking design for mechanical knee joints","Steele TAROS18","groups/735051"
"7NSSAPQR","","Donatelli","1985","Normal biomechanics of the foot and ankle","Steele Thesis","groups/735051"
"9EY9BJNA","","Terjung","1996","Postural Orientation and Equilibrium","Hilts LM17;Hilts IROS18;Balance Control","groups/735051"
"F6EJES5T","","Hunt","2016","Neurologically Based Control for Quadruped Walking","BRAIN21 Poster;LM19;Muscles;Prospectus;Hunt Lab;Maybe Read?;Manuscript","groups/735051"
"PF72662Y","10.1152/jn.2002.88.3.1097","Peterka","2002","Sensorimotor Integration in Human Postural Control","Morrow Thesis","groups/735051"
"59D77ZDN","10.1016/0024-3795(95)00543-9","Zhang","1997","Quaternions and matrices of quaternions","Morrow Thesis","groups/735051"
"QVDKV7RS","10.1007/978-3-319-63537-8_34","Mangan","2017","Research of a Lensless Artificial Compound Eye","Fly Eye","groups/735051"
"QRA8BM3V","10.1016/j.jbiomech.2004.03.025","Hof","2005","The condition for dynamic stability","Morrow Thesis","groups/735051"
"RNCGYUGD","","Tinetti","2003","Preventing Falls in Elderly Persons","Morrow Thesis","groups/735051"
"PR7UIPFL","10.1016/j.bspc.2007.09.001","Zhou","2008","Human motion tracking for rehabilitation—A survey","Morrow Thesis;Morrow LM19","groups/735051"
"779CAG3X","10.1016/j.jphysparis.2009.08.002","Mergner","2009","Vestibular humanoid postural control","Morrow Thesis;Morrow LM19","groups/735051"
"V57WNWVX","10.1002/admt.201800304","Okuno","2019","Stretchable Suction Cup with Electroadhesion","Notes on Suction Cups","groups/735051"
"JJF7HP9G","","","","Vacuum Cup Selection Guide","Notes on Suction Cups","groups/735051"
"IBER2TXB","","Szepe","2011","Accurate force function approximation for pneumatic artificial muscles","LM19;CHAPTER 2. BACKGROUND;BPA;Manuscript;Manuscript;Winter 2023;BPA Modeling","groups/735051"
"U2XM42Q5","10.1016/j.mechatronics.2010.05.002","Pujana-Arrese","2010","Modelling in Modelica and position control of a 1-DoF set-up powered by pneumatic muscles","BPA","groups/735051"
"ZU37V5P5","","Kelasidi","2011","A survey on pneumatic muscle actuators modeling","LM19;BPA;Manuscript;Manuscript","groups/735051"
"YVYQJGAA","10.1016/0024-3205(79)90389-8","Hruska","1979","Quantitative aspects of normal locomotion in rats","","groups/735051"
"2FQ3DH8G","10.1109/cyber55403.2022.9907615","Zhang","2022","Design of a Multi-connection Pneumatic Artificial Muscle","BPA","groups/735051"
"GPU5JUG2","10.1109/lra.2023.3293316","Tanaka","2023","Back-Stretchable McKibben Muscles: Expanding the Range of Antagonistic Muscle Driven Joints","BPA","groups/735051"
"CVGFNJ9A","10.3390/act14120582","Zhagiparova","2025","Recent Developments in Pneumatic Artificial Muscle Actuators","BPA;NSF26 - Stability and Speed","groups/735051"
"UNFV27Y6","10.1017/s0263574724000961","Yu","2024","Joint angle synergy-based humanoid robot motion generation with fascia-inspired nonlinear constraints","Soft","groups/735051"
"RM3AFXD7","10.1109/mra.2008.927979","Albu-Schaffer","2008","Soft robotics","Soft","groups/735051"
"7JBCWGS8","10.1109/iros.2004.1389925","Albu-Schaffer","2004","Soft robotics: what Cartesian stiffness can obtain with passively compliant, uncoupled joints?","Soft","groups/735051"
"7LU49F9G","10.1126/scirobotics.aah3690","Laschi","2016","Soft robotics: Technologies and systems pushing the boundaries of robot abilities","Soft","groups/735051"
"NDIRGCHP","10.1016/j.device.2024.100432","Raman","2024","Soft robotics for human health","Soft","groups/735051"
"NX2JM9HC","10.1243/0954411001535778","Imran","2000","The variation in the orientations and moment arms of the knee extensor and flexor muscle tendons with increasing muscle force: A mathematical analysis","BolenIsoKneeTorque","groups/735051"
"JR3GLWVZ","10.1016/0268-0033(95)00021-6","Gill","1996","Biarticulating two-dimensional computer model of the human patellofemoral joint","BolenIsoKneeTorque","groups/735051"
"N8ULGWMF","","Zajac","","Biomechanics and muscle coordination of human walking Part I: Introduction to concepts, power transfer, dynamics and simulations","BolenIsoKneeTorque","groups/735051"
"VU3TLBMF","10.1016/j.jbiomech.2007.11.020","Koehle","2008","A method of calculating physiologically relevant joint reaction forces during forward dynamic simulations of movement from an existing knee model","BolenIsoKneeTorque","groups/735051"
"YWLU9P2C","10.3389/fbioe.2022.920462","Prasad","2022","A Framework for Determining the Performance and Requirements of Cable-Driven Mobile Lower Limb Rehabilitation Exoskeletons","BolenIsoKneeTorque","groups/735051"
"9XH98PLB","10.1109/tbme.2025.3620626","Chen","2026","Automated Muscle Path Calibration With Gradient-Specified Optimization Based on Moment Arm","BolenIsoKneeTorque","groups/735051"
"UQ32XTAS","10.1038/s41598-017-13766-6","Sartori","2017","In Vivo Neuromechanics: Decoding Causal Motor Neuron Behavior with Resulting Musculoskeletal Function","BolenIsoKneeTorque","groups/735051"
"7APDICIX","10.1007/978-94-007-6046-2_7","Yamane","2018","A Comparative Study Between Humans and Humanoid Robots","BolenIsoKneeTorque","groups/735051"
"DJL5W36T","10.1371/journal.pone.0320211","Akbaş","2025","Characterization of Human Balance through a Reinforcement Learning-based Muscle Controller","","groups/735051"
"9P88MSZH","10.1186/s12984-023-01235-3","Shanbhag","2023","Methods for integrating postural control into biomechanical human simulations: a systematic review","","groups/735051"
"BJ5LZUY7","10.1002/pcr2.10199","Puiggalí","2021","Aliphatic polyamides (nylons): Interplay between hydrogen bonds and crystalline structures, polymorphic transitions and crystallization","Bibliography for all materials;PA6 Studies","groups/735051"
"W5H2NXN2","10.3390/books978-3-0365-6051-9","Kim","2022","Smart Composites and Processing","Bibliography for all materials","groups/735051"
"GT8RSKTD","10.1109/lra.2021.3130627","Bruder","2022","The Chain-Link Actuator: Exploiting the Bending Stiffness of McKibben Artificial Muscles to Achieve Larger Contraction Ratios","BPA","groups/735051"
"DL2UKT5J","10.1109/lra.2025.3528662","Kobayashi","2025","McKibben Muscle With Elastic Thread Embedded in Parallel Extending Range of Motion of Muscle-Driven Robots","BPA","groups/735051"
"QKYIVLAC","10.1088/1748-3190/ae66c0","Kortman","2026","Designing McKibben muscles: a critical review for practical implementation","BPA;NSF26 - Stability and Speed","groups/735051"
"PFLGGS9N","10.1088/1748-3190/ae66c0","Kortman","2026","Designing McKibben muscles: a critical review for practical implementation","AARL Paper Club papers","groups/735051"
"CNDKWPJU","10.3390/biomimetics9030164","Silva","2024","Design of Low-Cost Modular Bio-Inspired Electric–Pneumatic Actuator (EPA)-Driven Legged Robots","Artificial Muscles and Biarticular","groups/735051"
"X4Q4G9AA","10.1109/iros58592.2024.10801663","Tanaka","2024","Tension Feedback Control for Musculoskeletal Quadrupedal Locomotion over Uneven Terrain","Artificial Muscles and Biarticular","groups/735051"
"5N5STUFU","10.3389/frobt.2024.1449721","Li","2024","Controller design and experimental validation of walking for a musculoskeletal bipedal lower limb robot based on the spring-loaded inverted pendulum model","Artificial Muscles and Biarticular","groups/735051"
"4CEJUACV","10.1088/1748-3190/ad839e","Tanaka","2024","Enhancing postural stability in musculoskeletal quadrupedal locomotion through tension feedback for CPG-based controller","Artificial Muscles and Biarticular","groups/735051"
"8B6LI2ZI","10.1109/lra.2025.3567164","Tanaka","2025","Position Control of McKibben-Type Pneumatic Artificial Muscle via Port-Hamiltonian Approach","Artificial Muscles and Biarticular","groups/735051"
"N8KLQYYL","10.1080/01691864.2024.2441261","Matsumoto","2025","Latissimus-dorsi-inspired wire mechanism for improving energy efficiency of quadruped robot locomotion","Artificial Muscles and Biarticular","groups/735051"
"YVG4GCYE","10.1080/01691864.2025.2528829","Matsumoto","2025","Latissimus-dorsi-inspired trunk torsion mechanism for quadruped robot spine design","Artificial Muscles and Biarticular","groups/735051"
"C9U7KH97","10.3389/frobt.2026.1741690","Wang","2026","Simulating the integration and regulation of human Ia and Ib reflexes on a musculoskeletal robot driven by pneumatic artificial muscles","Artificial Muscles and Biarticular","groups/735051"
"5VBZW3J8","","Hoh","2026","AEGIS: A fabric-based exosuit for healthcare workers","Artificial Muscles and Biarticular","groups/735051"
"QTFKPCMN","10.1109/tmrb.2024.3385795","Schäffer","2024","Soft Wrist Exosuit Actuated by Fabric Pneumatic Artificial Muscles","Artificial Muscles and Biarticular","groups/735051"
"9QZC5S3Z","","Schäffer","","Fabric Pneumatic Artificial Muscle-Based Head-Neck Exosuit: Design, Modeling, and Evaluation","","groups/735051"
"R5WG8LBZ","10.48550/arxiv.2603.13531","Schäffer","2026","Fabric Pneumatic Artificial Muscle-Based Head-Neck Exosuit: Design, Modeling, and Evaluation","Artificial Muscles and Biarticular","groups/735051"
"CTEEPN3Z","10.1177/0278364908095843","Seyfarth","2009","Towards Bipedal Jogging as a Natural Result of Optimizing Walking Speed for Passively Compliant Three-Segmented Legs","Artificial Muscles and Biarticular","groups/735051"
"54M63MWK","10.1109/humanoids.2017.8246888","Schütz","2017","Carl — A compliant robotic leg featuring mono- and biarticular actuation","Artificial Muscles and Biarticular","groups/735051"
"Q58BQ64C","10.1109/humanoids.2016.7803359","Loeffl","2016","The DLR C-runner: Concept, design and experiments","Artificial Muscles and Biarticular","groups/735051"
"P8XJRPIE","10.1109/humanoids.2016.7803435","Lakatos","2016","Dynamic bipedal walking by controlling only the equilibrium of intrinsic elasticities","Artificial Muscles and Biarticular","groups/735051"
"LQ2AB4LS","10.1109/iros.2011.6095091","Ogawa","2011","Development of whole-body humanoid “pneumat-BS” with pneumatic musculoskeletal system","Artificial Muscles and Biarticular;NSF26 - Stability and Speed","groups/735051"
"DMQQUZCM","10.1088/1748-3190/11/4/046003","Sharbafi","2016","A new biarticular actuator design facilitates control of leg function in BioBiped3","Artificial Muscles and Biarticular","groups/735051"
"BHEJIHZ4","10.1115/1.2963028","Babič","2008","A Biarticulated Robotic Leg for Jumping Movements: Theory and Experiments","Artificial Muscles and Biarticular","groups/735051"
"3WTA8BDR","10.1109/robio.2009.4912996","Babic","2009","Biarticular legged robot: Design and experiments","Artificial Muscles and Biarticular","groups/735051"
"FGHR3YLE","10.3390/biomimetics4010010","Young","2019","Analyzing Moment Arm Profiles in a Full-Muscle Rat Hindlimb Model","Artificial Muscles and Biarticular","groups/735051"
"RJ2QJVVM","10.1242/jeb.123935","Biewener","2016","Locomotion as an emergent property of muscle contractile dynamics","Artificial Muscles and Biarticular","groups/735051"
"KWTGSY4E","10.1038/414895a","Wilson","2001","Horses damp the spring in their step","Artificial Muscles and Biarticular","groups/735051"
"ZK69IC69","10.1242/jeb.033639","Carroll","2009","Mono- versus biarticular muscle function in relation to speed and gait changes: in vivo analysis of the goat triceps brachii","Artificial Muscles and Biarticular","groups/735051"
"DDGUGPV9","","Biewener","2000","Muscle and tendon contributions to force, work, and elastic energy savings: a comparative perspective","Artificial Muscles and Biarticular","groups/735051"
"G5K9WBS5","10.1016/s0021-9290(01)00056-2","Hof","2001","The force resulting from the action of mono- and biarticular muscles in a limb","Artificial Muscles and Biarticular","groups/735051"
"4URNQ6AX","10.1109/humanoids.2014.7041475","Lakatos","2014","Design and control of compliantly actuated bipedal running robots: Concepts to exploit natural system dynamics","Artificial Muscles and Biarticular","groups/735051"
"YNS3CZJJ","10.1109/tmrb.2019.2895891","Sarmadi","2019","Concerted Control of Stance and Balance Locomotor Subfunctions—Leg Force as a Conductor","Artificial Muscles and Biarticular","groups/735051"
"D7KYNDU9","10.1098/rsif.2018.0413","Schumacher","2020","Biarticular muscles in light of template models, experiments and robotics: a review","Artificial Muscles and Biarticular","groups/735051"
"V3IYMD85","10.1016/j.bpj.2023.05.026","Rode","2023","Structurally motivated models to explain the muscle’s force-length relationship","Artificial Muscles and Biarticular","groups/735051"
"JB6GG37Q","10.1371/journal.pone.0302867","AminiAghdam","2024","Posture-induced modulation of lower-limb joint powers in perturbed running","Artificial Muscles and Biarticular","groups/735051"
"PQGTXARZ","10.1098/rsif.2018.0413","Schumacher","2020","Biarticular muscles in light of template models, experiments and robotics: a review","","groups/735051"
"FU3RFP7Z","10.1109/lra.2025.3614076","Chen","2025","Biarticular Rigid Powered Lower Extremity Exoskeleton Robot","Artificial Muscles and Biarticular","groups/735051"
"B8LAGRUH","","Khalilian Motamed Bonab","2021","Simulation Based Optimal Design of Exoskeletons to Reduce Metabolic Cost and Improve Energy Efficiency","Artificial Muscles and Biarticular","groups/735051"
"9A9GPLFS","10.1109/robio.2009.4913238","Tavakoli","2009","A comparison study on Pneumatic Muscles and electrical motors","Artificial Muscles and Biarticular","groups/735051"
"QBHP5GCX","","Scharzenberger","2021","Designing Sensory Feedback Pathways for Stability and Robustness in Quadrupedal Hind Limb Stepping","BRAIN21 Poster;NSF Career;Writing;NSF NeuroNex;Hunt Lab;Scharzenberger;Brain Initiative","groups/735051"
"5WWMUGMH","10.1007/978-3-031-20470-8_37","Scharzenberger","2022","A Functional Subnetwork Approach to Multistate Central Pattern Generator Phase Difference Control","NSF Career;CPG PDC;Young Scientist Seminar;Writing;Presentation;Living Machines;NSF NeuroNex;Hunt Lab;LM22;Scharzenberger;FSA_Extensions;Manuscript;BRAIN22 Poster;references_Lutz_thesis;Read","groups/735051"
"FGDTH7D9","","Markforged Additive Manufacturing Company","","Markforged MDS: Mark Two Gen 2 Rev 4.6","","groups/735051"
"THJKHBP3","","Markforged Additive Manufacturing Company","","Markforged MDS: Onyx Filament Rev 5.3","Bibliography for all materials","groups/735051"
"WSU7CECZ","10.1520/d3039_d3039m-08","International","","ASTM D3039/3039M-08: Test Method for Tensile Properties of Polymer Matrix Composite Materials","Bibliography for all materials","groups/735051"
"6WKEYGD6","10.1520/d4762-18","International","","ASTM D4762-18: Guide for Testing Polymer Matrix Composite Materials","Bibliography for all materials","groups/735051"
"2GCDWNQM","10.1016/j.jmapro.2023.08.060","Xu","2023","Study on the hot isostatic pressing post-treatment of FDM-3D printed continuous carbon fiber reinforced composites","Bibliography for all materials","groups/735051"
"4J9U6YL9","10.1115/1.4063970","Bhattacharyya","2024","Design Synthesis of a 4D-Printed Self-Tying Knot With Programmable Morphology","AARL Paper Club papers","groups/735051"
"F5GKFJ8Q","10.3390/act15050230","Bolen","2026","Isometric Force Characterization of Braided Pneumatic Actuators","NSF Career;NSF NeuroNex;BolenFrontiers22;Hunt Lab","groups/735051"
"6A2Y23WP","10.3390/act15050230","Bolen","2026","Isometric Force Characterization of Braided Pneumatic Actuators","NSF Career;NSF NeuroNex;BolenFrontiers22;Hunt Lab","groups/735051"
"U4SIZBVW","","Elzein","2025","Pressure and Force Dynamics in Artificial Muscle Actuators: A State-Space and Optimization-Based Approach","NSF Career;NSF NeuroNex;Hunt Lab","groups/735051"
"759EUY7K","10.1093/mam/ozaf048.977","Tran","2025","Effects of Infill Patterns on Mechanical Properties of Chopped Carbon Fiber Reinforced Composites Produced by Fused Deposition Modeling","Hunt Lab","groups/735051"
"TJ7M84SS","","Tran","2024","Characterization of Chopped Carbon Fiber Reinforced Composites Produced Using Fused Deposition Modeling","Hunt Lab","groups/735051"
"7GFJRV8X","","Tran","2026","Strong by Design - Rethinking the DNA of 3D Prints","Hunt Lab","groups/735051"
"UL8DGUYL","","Tran","2026","Strong by Design - Rethinking the DNA of 3D Prints","Hunt Lab","groups/735051"
"47Q2WBP3","","Elzein","","Pressure and Force Dynamics in Artificial Muscle Actuators: A State-Space and Optimization-Based Approach","","groups/735051"
"7HUS2PLW","10.15760/etd.4076","Lutz","2025","Mechanical Improvements and Control Implementation on a Biomimetic Quadruped Model","NSF Career;NSF NeuroNex;Hunt Lab","groups/735051"
"2UIF7YU7","10.15760/etd.4030","Elzein","2025","Pressure and Force Dynamics in Artificial Muscle Actuators: A State-Space and Optimization-Based Approach","NSF Career;NSF NeuroNex;Hunt Lab","groups/735051"
"8EEDPFH5","10.15760/etd.4072","Pupkiewicz","2025","Spike Timing Depended Plasticity Produces Unsupervised Learning of Synergistic Muscle Feedback in a Synthetical Neural Network","NSF NeuroNex;Hunt Lab","groups/735051"
"B3GXV52J","10.1007/978-3-031-72597-5_16","Elzein","2024","Pulse Modulation in Braided Pneumatic Actuators Mimics Contractile Behavior of Biological Muscles","NSF Career;NSF NeuroNex;Hunt Lab;BPA;Spikes to Muscle Activation;references_Lutz_thesis","groups/735051"
"ADLYDIIC","","Pupkiewicz","2025","Spike Timing Dependent Plasticity Organizes Type Ia Muscle Afferents in a Synthetic Nervous System","NSF NeuroNex;Hunt Lab","groups/735051"
"X4AF2YNV","","Lutz","2025","Noisy Reset Neuron Model Smooths Transition to Saturation Force in BPAs","NSF Career;NSF NeuroNex;Hunt Lab","groups/735051"
"6YAR6NGH","","Micklem","2026","Real-time Flexible Strain Sensors as Artiﬁcial Muscle Afferents for Biomimetic Robotics","NSF Career;NSF NeuroNex;Hunt Lab","groups/735051"
"G8WSRXP7","10.1007/s11071-022-08094-y","Saeed","2023","A review on nonlinear energy sinks: designs, analysis and applications of impact and rotary types","Tunable Rotary Damper","groups/735051"
"ITJW6FRB","","Micklem","2026","Advancements in Control of a Biomimetic Quadruped Robot using Spiking Neurons","NSF Career;NSF NeuroNex;Hunt Lab","groups/735051"
"BBXKTJNF","","Micklem","2026","Real-time Flexible Strain Sensors as Artiﬁcial Muscle Afferents for Biomimetic Robotics","NSF Career;NSF NeuroNex;Hunt Lab","groups/735051"
"SQ565IUI","","Micklem","","Real-time Flexible Strain Sensors as Artificial Muscle Afferents for Biomimetic Robotics","","groups/735051"
"EFB9B9EV","10.1155/2021/5089213","Kulke","2021","Design and Investigation of a Nonlinear Damper Based on Energy Dissipation through Shock and Dry Friction to Suppress Critical Self-Excited Vibrations in Drilling Systems","Tunable Rotary Damper","groups/735051"
"29CSI4DI","10.1061/(asce)0733-9399(2002)128:10(1072)","Main","2002","Free Vibrations of Taut Cable with Attached Damper. II: Nonlinear Damper.","Tunable Rotary Damper","groups/735051"
"CFKIC4PH","","Roshan","","Towards a Central Pattern Generator Exosuit Controller for People after Stroke","AARL Paper Club papers","groups/735051"
"TA5HFJVV","10.1038/s44460-026-00059-7","Jin","2026","Minimal-calibration multimodal wearable sensing for long-duration three-dimensional shoulder kinematics","Balance","groups/735051"
"DJ62C2CD","","Raychaudhuri","","Built to Die: Bioinspired Locomoting Robot with Programmed End-of-Life Biodegradation","AARL Paper Club papers","groups/735051"
"DZ45QQ4R","10.1073/pnas.2527676123","Zhang","2026","A method to study and enhance the energy efficiency of soft electrostatic actuators","Actuators;Swimming","groups/735051"
"8CZ3SUNC","10.48550/arxiv.2603.02851","Wang","2026","Design, Modeling and Direction Control of a Wire-Driven Robotic Fish Based on a 2-DoF Crank-Slider Mechanism","CPGs;Swimming","groups/735051"
"TVEPEFIH","","Roshan","","Towards a Central Pattern Generator Exosuit Controller for People after Stroke","CPGs","groups/735051"
"UXKSSVJQ","10.1109/icec.1997.592326","Kennedy","1997","The particle swarm: social adaptation of knowledge","Mantasha","groups/735051"
"LEFCUNFC","10.1016/j.addma.2022.103044","Karaş","2022","Additive manufacturing of high density carbon fibre reinforced polymer composites","Bibliography for all materials","groups/735051"
"3DHSJCJE","10.1021/acs.chemrev.7b00074","Ligon","2017","Polymers for 3D Printing and Customized Additive Manufacturing","Bibliography for all materials","groups/735051"
"9AKFWRZ3","10.1051/e3sconf/202343001251","Reddy","2023","Influence of Process Parameters on Sheet Lamination Method-based 3D printing: A Review","Bibliography for all materials","groups/735051"
"UXDRMYXH","","Fino","2021","Materials Development by Additive Manufacturing Techniques","Bibliography for all materials","groups/735051"
"MU8K7XKE","10.1002/adem.202200965","Yuan","2023","Laser-Directed Energy Deposition Additive Manufacturing of Nickel–Titanium Coatings: Deposition Morphology, Microstructures, and Mechanical Properties","Bibliography for all materials","groups/735051"
"9UHRS52B","10.1016/j.promfg.2021.06.093","Liu","2021","A Review of the Anomalies in Directed Energy Deposition (DED) Processes & Potential Solutions - Part Quality & Defects","Bibliography for all materials","groups/735051"
"M5KF8KDY","10.3390/ma18061220","Kantaros","2025","The Evolution of Thermoplastic Raw Materials in High-Speed FFF/FDM 3D Printing Era: Challenges and Opportunities","Bibliography for all materials","groups/735051"
"ACR8F5HG","10.3389/fphys.2021.683931","Monte","2021","Muscle Belly Gearing Positively Affects the Force–Velocity and Power–Velocity Relationships During Explosive Dynamic Contractions","BolenBPACharacterization","groups/735051"
"YP7DQPYU","10.1111/sms.14639","Van Hooren","2024","The role of pennation angle and architectural gearing to rate of force development in dynamic and isometric muscle contractions","BolenBPACharacterization","groups/735051"
"NAEPN595","10.3390/act7040082","Martens","2018","A Novel Framework for a Systematic Integration of Pneumatic-Muscle-Actuator-Driven Joints into Robotic Systems Via a Torque Control Interface","BolenBPACharacterization","groups/735051"
"V2MADNHD","10.1080/01691864.2022.2046502","Shin","2022","Sensorless angle and stiffness control of antagonistic PAM actuator using reference set","BolenBPACharacterization","groups/735051"
"WZEADQGQ","","Zajac","1989","Muscle and tendon: properties, models, scaling, and application to biomechanics and motor control","BolenBPACharacterization","groups/735051"
"43HQETAF","","Sárosi","2012","Mathematical analysis of the function approximation for the force generated by pneumatic artificial muscle","BolenBPACharacterization","groups/735051"
"J9RVBQHT","","KG","2018","Fluidic Muscle DMSP/MAS","BolenBPACharacterization","groups/735051"
"5QE45UZY","","KG","2016","Fluidic Muscle DMSP/MAS","BolenBPACharacterization","groups/735051"
"E4PWZMZC","","KG","2013","Fluidic Muscle DMSP/MAS","BolenBPACharacterization","groups/735051"
"3AK4WWFL","10.1177/07316844211020115","Martulli","2021","Infill shape effects on bending stiffness of additively manufactured short fibre reinforced polymer sandwich specimens","Bibliography for all materials;Onyx related studies","groups/735051"
"IJ4ZLGSL","10.1016/j.dib.2024.111149","Pires","2024","Raw dataset of tensile tests in a 3D-printed nylon reinforced with oriented short carbon fibers","Bibliography for all materials;PA6 Studies","groups/735051"
"SNXASCTM","10.3390/polym15071708","Fisher","2023","Tension and Compression Properties of 3D-Printed Composites: Print Orientation and Strain Rate Effects","Bibliography for all materials;PA6 Studies","groups/735051"
"CKPL3HPI","10.1007/s11665-022-07715-2","Ansari","2023","Performance Study of 3D Printed Continuous Fiber-Reinforced Polymer Composites Using Taguchi Method","Bibliography for all materials","groups/735051"
"89K5G9SD","10.1051/matecconf/201925401018","Bárnik","2019","Mechanical properties of structures produced by 3D printing from composite materials","Heat Treatment of 3D Printed Materials;Bibliography for all materials;Onyx related studies;PA6 Studies","groups/735051"
"C8GDR7X3","10.1016/j.dib.2024.111149","Pires","2024","Raw dataset of tensile tests in a 3D-printed nylon reinforced with oriented short carbon fibers","Onyx related studies","groups/735051"
"7Y34JECU","10.1007/s11665-022-07715-2","Ansari","2023","Performance Study of 3D Printed Continuous Fiber-Reinforced Polymer Composites Using Taguchi Method","Onyx related studies","groups/735051"
"JL74PHFN","10.3390/polym16243591","Oh","2024","Effects of Fiber Orientation on the Bearing Strength of 3D-Printed Composite Materials Produced by Fused Filament Fabrication","","groups/735051"
"6HNQFGSL","10.3389/fmech.2025.1528516","Coca-Gonzalez","2025","Influence of perimeter layers on tension mechanical properties of 3D printed Onyx","Onyx related studies","groups/735051"
"VRXHQAYV","10.3390/polym18010027","Zanelli","2025","Mechanical Recycling of a Short Carbon Fiber Reinforced Polyamide 6 in 3D Printing: Effects on Mechanical Properties","Onyx related studies","groups/735051"
"BKA2JSIT","10.1007/s40964-024-00565-5","Ramachandran","2024","Failure mechanics of fused filament fabricated nylon/carbon-reinforced composites","Onyx related studies","groups/735051"
"6NPB6T6F","10.3390/ma15124224","Majko","2022","Tensile Properties of Additively Manufactured Thermoplastic Composites Reinforced with Chopped Carbon Fibre","Onyx related studies","groups/735051"
"M6ARFCGG","10.3390/jmmp7050178","Díaz-Rodríguez","2023","Impact Strength for 3D-Printed PA6 Polymer Composites under Temperature Changes","Onyx related studies","groups/735051"
"QYZYNNTX","10.3390/polym15071708","Fisher","2023","Tension and Compression Properties of 3D-Printed Composites: Print Orientation and Strain Rate Effects","Onyx related studies","groups/735051"
"C5F67MTC","10.1007/s11665-023-07918-1","Zeybek","2023","The Effect of Strain Rate on the Compression Behavior of Additively Manufactured Short Carbon Fiber-Reinforced Polyamide Composites with Different Layer Heights, Infill Patterns, and Built Angles","Onyx related studies","groups/735051"
"IL23BHPU","10.3390/polym16243591","Oh","2024","Effects of Fiber Orientation on the Bearing Strength of 3D-Printed Composite Materials Produced by Fused Filament Fabrication","Bibliography for all materials","groups/735051"
"F56VPC7V","10.3389/fmech.2025.1528516","Coca-Gonzalez","2025","Influence of perimeter layers on tension mechanical properties of 3D printed Onyx","Bibliography for all materials;PA6 Studies","groups/735051"
"KBZEM5I6","10.3390/polym18010027","Zanelli","2025","Mechanical Recycling of a Short Carbon Fiber Reinforced Polyamide 6 in 3D Printing: Effects on Mechanical Properties","Bibliography for all materials","groups/735051"
"9YL5T9CC","10.1007/s40964-024-00565-5","Ramachandran","2024","Failure mechanics of fused filament fabricated nylon/carbon-reinforced composites","Bibliography for all materials;PA6 Studies","groups/735051"
"C58575QI","10.3390/ma15124224","Majko","2022","Tensile Properties of Additively Manufactured Thermoplastic Composites Reinforced with Chopped Carbon Fibre","Bibliography for all materials;PA6 Studies","groups/735051"
"YVAASZ4K","10.3390/jmmp7050178","Díaz-Rodríguez","2023","Impact Strength for 3D-Printed PA6 Polymer Composites under Temperature Changes","Bibliography for all materials;PA6 Studies","groups/735051"
"MSIEZ3CX","10.1007/s11665-023-07918-1","Zeybek","2023","The Effect of Strain Rate on the Compression Behavior of Additively Manufactured Short Carbon Fiber-Reinforced Polyamide Composites with Different Layer Heights, Infill Patterns, and Built Angles","Bibliography for all materials","groups/735051"
"KRNSX85L","10.1177/07316844211020115","","","Infill shape effects on bending stiffness of additively manufactured short fibre reinforced polymer sandwich specimens","","groups/735051"
"8VU7KFXW","10.1002/eng2.12799","Estefani","2024","Numerical multiscale analysis of 3D printed short fiber composites parts: Filament anisotropy and toolpath effects","Onyx related studies;Bibliography for all materials","groups/735051"
"PYEGTZ25","10.1007/s00170-023-12503-w","León-Becerra","2024","Additive manufacturing of short carbon filled fiber nylon: effect of build orientation on surface roughness and viscoelastic behavior.","Bibliography for all materials;Onyx related studies;PA6 Studies","groups/735051"
"GG54QM4I","10.1080/09243046.2021.1930497","Kubota","2022","Effect of build-up orientations and process parameters on the tensile strength of 3D printed short carbon fiber/PA-6 composites.","Bibliography for all materials","groups/735051"
"BX9WA7VL","10.1016/j.rineng.2024.101926","El Essawi","2024","Optimization of infill density, fiber angle, carbon fiber layer position in 3D printed continuous carbon-fiber reinforced nylon composite","Bibliography for all materials;PA6 Studies","groups/735051"
"5I7T6GRM","10.1016/j.stlm.2023.100121","Leslie","2023","Feasibility of additively manufacturing synthetic bone for sports personal protective equipment applications","Onyx related studies","groups/735051"
"KZZS5RE6","10.1002/app.53989","Naik","2023","Evaluation of thermal and mechanical properties of continuous fiberglass reinforced thermoplastic composite fabricated by fused deposition modeling","Bibliography for all materials","groups/735051"
"8U8D2TT3","10.1016/j.conbuildmat.2025.144991","Jafari","2026","Long-term flexural performance and microstructural evolution of 3D-printed carbon, glass, and aramid fibre-reinforced polymer under hygrothermal exposure","Bibliography for all materials;PA6 Studies","groups/735051"
"FZM7RKAQ","10.3390/polym14132564","Valvez","2022","Optimization of Printing Parameters to Maximize the Mechanical Properties of 3D-Printed PETG-Based Parts","Bibliography for all materials","groups/735051"
"W2LPZAU4","10.1520/d6110-18","International","","ASTM D6110-18: Test Method for Determining the Charpy Impact Resistance of Notched Specimens of Plastics","Bibliography for all materials","groups/735051"
"QM2LY2LD","10.1002/pc.28034","Zhu","2024","A multiscale study of heat treatment effects on the interlayer mechanical properties of <span style=""font-variant:small-caps;"">3D</span> printed continuous carbon fiber‐reinforced composites","Bibliography for all materials;Onyx related studies;Heat Treatment related studies","groups/735051"
"G7HJUHR2","10.1007/s40964-023-00423-w","Díaz-Rodríguez","2023","Monotonic crack propagation in a notched polymer matrix composite reinforced with continuous fiber and printed by material extrusion","Bibliography for all materials;PA6 Studies","groups/735051"
"PHVNDHMX","10.3390/ma14216574","Ghimire","2021","Experimental Investigation of Additive Manufacturing of Continuous Carbon Fiber Composites with Multifunctional Electro-Tensile Properties","Bibliography for all materials","groups/735051"
"HWDD9W59","10.3390/polym18020164","Reyes-Flores","2026","The Effect of Humidity and UV Light Exposure on the Mechanical Properties of PA6 Matrix Reinforced with Short Carbon Fibers and Built by Additive Manufacturing","Bibliography for all materials;Heat Treatment related studies;PA6 Studies","groups/735051"
"UTFYLI7B","10.3390/polym17172314","Peng","2025","Advancing the Capability of Additively Manufactured Continuous Fibre-Reinforced Polymers for Structural Applications: The Effect of Nitrogen-Purging and Post-Annealing on the Tensile Performance","","groups/735051"
"F93B4VKD","10.3390/polym17172314","Peng","2025","Advancing the Capability of Additively Manufactured Continuous Fibre-Reinforced Polymers for Structural Applications: The Effect of Nitrogen-Purging and Post-Annealing on the Tensile Performance","Bibliography for all materials;Onyx related studies;Heat Treatment related studies","groups/735051"
"VW4PNTZE","10.1016/j.matdes.2013.02.067","Kantaros","2013","Fiber Bragg grating based investigation of residual strains in ABS parts fabricated by fused deposition modeling process","Bibliography for all materials","groups/735051"
"FVBTSYWC","10.1177/0892705719847244","Magri","2021","Mechanical properties of CF-reinforced PLA parts manufactured by fused deposition modeling","Bibliography for all materials;Heat Treatment related studies","groups/735051"
"N56NC8G4","10.1007/978-1-4613-9030-5_5","Winters","1990","Hill-Based Muscle Models: A Systems Engineering Perspective","BolenBPACharacterization","groups/735051"
"HRPKGJYN","10.1016/j.trpro.2019.07.088","Bárnik","2019","Comparing mechanical properties of composites structures on Onyx base with different density and shape of fill","Bibliography for all materials;Onyx related studies","groups/735051"
"DESZ4UDY","10.3389/frobt.2023.1293365","Takahashi","2023","Enhancing postural stability in a musculoskeletal hopping robot through stretch reflex application on biarticular thigh muscles","Biped","groups/735051"
"V5Q2V92V","10.1039/ft9928802537","Yu","1992","Micellisation and gelation of triblock copoly(oxyethylene/oxypropylene/oxyethylene), F127","Bioprinting","groups/735051"
"2XBQFYCP","10.1021/ma00046a049","Malmsten","1992","Self-assembly in aqueous block copolymer solutions","Bioprinting","groups/735051"
"ET4MI8QX","10.1002/adma.201004625","Wu","2011","Omnidirectional Printing of 3D Microvascular Networks","Bioprinting","groups/735051"
"D46282P6","10.1186/s13036-015-0001-4","Chia","2015","Recent advances in 3D printing of biomaterials","Bioprinting","groups/735051"
"3TD9A9H5","10.3390/polym12081765","Liu","2020","Synthetic Polymers for Organ 3D Printing","Bioprinting","groups/735051"
"DY7D5HUA","10.1177/20412479241227137","Bukit","2024","Review of alginate-based composites for 3D printing material","Bioprinting","groups/735051"
"ZTLXHBTX","10.1016/j.engreg.2020.12.001","Vanaei","2021","An Overview on Materials and Techniques in 3D Bioprinting Toward Biomedical Application","Bioprinting","groups/735051"
"IMIJ5W8W","10.1089/ten.tec.2022.0214","Wu","2023","Optimization of Freeform Reversible Embedding of Suspended Hydrogel Microspheres for Substantially Improved Three-Dimensional Bioprinting Capabilities","Bioprinting","groups/735051"
"S4DR7VX9","10.1021/la304836e","Basak","2013","The encapsulation of hydrophobic drugs in Pluronic F127 micelles: the effects of drug hydrophobicity, solution temperature and pH","Bioprinting","groups/735051"
"4XDEPWBB","10.1590/0104-1428.2267","Bedê","2017","Nanostructured magnetic alginate composites for biomedical applications","Bioprinting","groups/735051"
"VTKUUIPI","10.1016/j.bioactmat.2023.10.012","Budharaju","2024","Embedded 3D bioprinting – An emerging strategy to fabricate biomimetic & large vascularized tissue constructs","Bioprinting","groups/735051"
"PU8T27W4","10.3390/agriculture13020396","Durand","2023","Quantitative Description and Classification of Growing Media Particle Morphology through Dynamic Image Analysis","Bioprinting","groups/735051"
"6WBSREIR","10.1080/17452759.2024.2336160","Goh","2024","Large-format additive manufacturing of polymers: a review of fabrication processes, materials, and design","Bioprinting","groups/735051"
"UXRW7JXH","10.1126/sciadv.1500758","Hinton","2015","Three-dimensional printing of complex biological structures by freeform reversible embedding of suspended hydrogels","Bioprinting","groups/735051"
"8ZUINZ2X","10.1126/science.aav9051","Lee","2019","3D bioprinting of collagen to rebuild components of the human heart","Bioprinting","groups/735051"
"HIEZFPMI","10.1002/adem.202000716","Mosleh","2021","The Structure–Property Correlations in Dry Gelatin Adhesive Films","Bioprinting","groups/735051"
"DTVUQ7KZ","10.1038/s41598-025-04910-8","Pulidori","2025","Characterization of the secondary structure, renaturation and physical ageing of gelatine adhesives","Bioprinting","groups/735051"
"F8G4NH3R","10.1016/j.foodhyd.2019.06.009","Rousi","2019","Complex coacervates formation between gelatin and gum Arabic with different arabinogalactan protein fraction content and their characterization","Bioprinting","groups/735051"
"ZN2RQVWF","10.4274/tjps.galenos.2018.92408","Shivakumara","2019","Synthesis and Swelling Behavior of Sodium Alginate/Poly(vinyl alcohol) Hydrogels","Bioprinting","groups/735051"
"SXZI4QPB","10.1063/5.0032777","Shiwarski","2021","Emergence of FRESH 3D printing as a platform for advanced tissue biofabrication","Bioprinting","groups/735051"
"KTHT9ZB7","10.1021/acsbiomaterials.1c00908","Sun","2022","Long-Fiber Embedded Hydrogel 3D Printing for Structural Reinforcement","Bioprinting","groups/735051"
"DMJ3HRWR","10.1002/adfm.202303659","Sun","2023","Biodegradable, Sustainable Hydrogel Actuators with Shape and Stiffness Morphing Capabilities via Embedded 3D Printing","Bioprinting","groups/735051"
"6SJU4HEG","10.18063/ijb.2017.01.006","Suntornnond","2017","Roles of support materials in 3D bioprinting – Present and future","Bioprinting","groups/735051"
"QZHGA3VI","10.1016/j.foodchem.2012.05.018","Yang","2012","Characterisation of interactions between fish gelatin and gum arabic in aqueous solutions","Bioprinting","groups/735051"
"ADKV33IA","10.1146/annurev-control-062322-100607","Yasa","2023","An Overview of Soft Robotics","Bioprinting","groups/735051"
"NNELXBC3","10.3390/jcs8010012","Jimenez-Martinez","2023","Fatigue Analysis of Printed Composites of Onyx and Kevlar","Onyx related studies;Heat Treatment related studies","groups/735051"
"Q3XQGE8G","10.3390/jcs8010012","Jimenez-Martinez","2023","Fatigue Analysis of Printed Composites of Onyx and Kevlar","Bibliography for all materials","groups/735051"
"EB3Q8J4J","10.1016/j.finmec.2021.100051","Rabbi","2021","Improvement in interfacial fracture toughness of multi-material additively manufactured composites through thermal annealing","Heat Treatment related studies","groups/735051"
"BUF4IMF5","10.1016/j.cjmeam.2023.100075","Nikiema","2023","Study of the Mechanical Properties of 3D-printed Onyx Parts: Investigation on Printing Parameters and Effect of Humidity","Onyx related studies;Heat Treatment related studies","groups/735051"
"TBU8S65Y","10.1177/16878132221120737","Vorkapić","2022","Enhancing mechanical properties of 3D printed thermoplastic polymers by annealing in moulds","Heat Treatment related studies","groups/735051"
"L6XEPG58","10.1016/j.finmec.2021.100051","Rabbi","2021","Improvement in interfacial fracture toughness of multi-material additively manufactured composites through thermal annealing","Bibliography for all materials;PA6 Studies","groups/735051"
"CXG3ALF4","10.1016/j.cjmeam.2023.100075","Nikiema","2023","Study of the Mechanical Properties of 3D-printed Onyx Parts: Investigation on Printing Parameters and Effect of Humidity","Bibliography for all materials","groups/735051"
"AC7EPUQT","10.1177/16878132221120737","Vorkapić","2022","Enhancing mechanical properties of 3D printed thermoplastic polymers by annealing in moulds","Bibliography for all materials","groups/735051"
"UKZW5HRM","10.1016/j.ijlmm.2023.05.002","Eren","2023","Compressive characterisation of 3D printed composite materials using continuous fibre fabrication","Heat Treatment related studies","groups/735051"
"3T2SQNXA","10.1088/2053-1591/ada1a6","Bayati","2025","3D printed elastomers with superior stretchability and mechanical integrity by parametric optimization of extrusion process using Taguchi Method","Heat Treatment related studies","groups/735051"
"BNDFAII6","10.1016/j.ijlmm.2023.05.002","Eren","2023","Compressive characterisation of 3D printed composite materials using continuous fibre fabrication","Bibliography for all materials;PA6 Studies","groups/735051"
"NHYNZM55","10.1088/2053-1591/ada1a6","Bayati","2025","3D printed elastomers with superior stretchability and mechanical integrity by parametric optimization of extrusion process using Taguchi Method","Bibliography for all materials","groups/735051"
"PG2RI8UY","10.1088/1402-4896/ad3b40","Rahmatabadi","2024","4D printing and annealing of PETG composites reinforced with short carbon fibers","Heat Treatment related studies","groups/735051"
"CUGPPBN9","10.1088/1402-4896/ad3b40","Rahmatabadi","2024","4D printing and annealing of PETG composites reinforced with short carbon fibers","Bibliography for all materials","groups/735051"
"888L4ENR","10.3390/ma8095271","Wu","2015","Influence of Layer Thickness and Raster Angle on the Mechanical Properties of 3D-Printed PEEK and a Comparative Mechanical Study between PEEK and ABS","Heat Treatment related studies","groups/735051"
"XVM8F59P","10.3390/ma8095271","Wu","2015","Influence of Layer Thickness and Raster Angle on the Mechanical Properties of 3D-Printed PEEK and a Comparative Mechanical Study between PEEK and ABS","Bibliography for all materials","groups/735051"
"X65M94NT","10.1002/pc.70382","Jie","2026","Regulating Mechanical Behavior of Onyx Hexagonal Honeycombs via Heat Treatment: A Thermo‐Mechanical Study","Onyx related studies;Heat Treatment related studies","groups/735051"
"V3QFEIZZ","10.1002/pc.70382","Jie","2026","Regulating Mechanical Behavior of Onyx Hexagonal Honeycombs via Heat Treatment: A Thermo‐Mechanical Study","Bibliography for all materials;PA6 Studies","groups/735051"
"6GJD4BFB","10.3389/fmech.2025.1710902","Jimenez-Martinez","2025","Post-treatment to enhance the mechanical performance of printed Onyx","Onyx related studies;Heat Treatment related studies","groups/735051"
"K3YMTAHD","10.3389/fmech.2025.1710902","Jimenez-Martinez","2025","Post-treatment to enhance the mechanical performance of printed Onyx","Bibliography for all materials","groups/735051"
"UZ4NT2B3","10.1007/s00170-018-2148-x","Tronvoll","2018","The effects of voids on structural properties of fused deposition modelled parts: a probabilistic approach","","groups/735051"
"SSIQETQ2","10.1162/08997660360675053","Shriki","2003","Rate Models for Conductance-Based Cortical Neuronal Networks","Neuron Modeling","groups/735051"
"9E5RB6FG","10.1146/annurev.neuro.28.061604.135637","Vogels","2005","NEURAL NETWORK DYNAMICS","Neuron Modeling","groups/735051"
"WHTPJ7AD","10.1007/s11571-021-09710-0","Lu","2022","A new biological central pattern generator model and its relationship with the motor units","CPGs","groups/735051"
"V4KWHTZG","10.1109/acc.2014.6859431","Atmeh","2014","Implementation of an adaptive, model free, learning controller on the Atlas robot","Biorobots","groups/735051"
"RJW37DJM","10.1109/iros45743.2020.9341361","Bouman","2020","Autonomous Spot: Long-Range Autonomous Exploration of Extreme Environments with Legged Locomotion","Quadruped","groups/735051"
"XQPVKSSZ","10.1038/s44182-026-00078-z","Micklem","2026","Harnessing proprioception in aquatic soft wings enables hybrid passive-active disturbance rejection","Hunt Lab","groups/735051"
"RLEG4MJA","10.1080/17452759.2018.1537064","Porter","2019","Influence of infill properties on flexural rigidity of 3D-printed structural members","Bibliography for all materials","groups/735051"
"C7PJV7ER","10.1177/0306419016674140","Virgin","2017","On the flexural stiffness of 3D printer thermoplastic","Bibliography for all materials","groups/735051"
"MQDRPFPY","10.1504/ijrapidm.2015.074809","Baich","2015","Study of infill print design on production cost-time of 3D printed ABS parts","Bibliography for all materials","groups/735051"
"LTAX7EH9","10.1088/1742-6596/1130/1/012017","Nugroho","2018","Effect of layer thickness on flexural properties of PLA (PolyLactid Acid) by 3D printing","Bibliography for all materials","groups/735051"
"6N68PQS2","","Lutz","2025","Mechanical Improvements and Control Implementation on a Biomimetic Quadruped Model","Lutz Papers","groups/735051"
"5SJD8YRS","10.1177/26349833241301803","Meng","2024","Progressive damage for 3D printed composites with variable fiber volume content and ply location","Bibliography for all materials","groups/735051"
"EV69BPN2","10.1177/0731684420963217","Hetrick","2021","Evaluating the effect of variable fiber content on mechanical properties of additively manufactured continuous carbon fiber composites","Bibliography for all materials;Onyx related studies","groups/735051"
"DYN552JB","10.3390/polym17050671","Wang","2025","Effect of Fiber Content on the Preparation and Mechanical Properties of 3D Printed Short Carbon Fiber Reinforced PA Composites","Bibliography for all materials;PA6 Studies","groups/735051"
"QVVI5HFS","10.1002/pen.70204","Mondal","2025","An Experimental Investigation and Characterization of <span style=""font-variant:small-caps;"">3D</span> ‐Printed Short Carbon Fiber‐Reinforced Epoxy Composite Sandwich Structures Featuring Diverse Core Geometries Fabricated Using Customizable Inks","Bibliography for all materials","groups/735051"
"P2RP3SQD","10.5075/epfl-298799_978-2-9701614-0-0","Vassilopoulos","2022","Proceedings of the 20th European Conference on Composite Materials - Composites Meet Sustainability (Vol 1-6)","Bibliography for all materials","groups/735051"
"D2DYEEDM","10.3389/fmats.2023.1183816","Lee","2023","Strength of Onyx-based composite 3D printing materials according to fiber reinforcement","","groups/735051"
"QMXM9JWY","10.3390/polym14030426","Lupone","2022","Experimental Characterization and Modeling of 3D Printed Continuous Carbon Fibers Composites with Different Fiber Orientation Produced by FFF Process","Bibliography for all materials","groups/735051"
"52GCFJ5A","10.1088/0964-1726/23/6/065011","Jia","2014","Parametric resonance for vibration energy harvesting with design techniques to passively reduce the initiation threshold amplitude","Damping in Locomotion","groups/735051"
"VC33HTUR","10.1016/j.addma.2018.04.039","Blok","2018","An investigation into 3D printing of fibre reinforced thermoplastic composites","","groups/735051"
"5KLA6VDD","10.3390/polym14173586","Pertuz-Comas","2022","Flexural Fatigue in a Polymer Matrix Composite Material Reinforced with Continuous Kevlar Fibers Fabricated by Additive Manufacturing","Bibliography for all materials","groups/735051"
"5FJVW475","10.1177/0021998307086206","Cann","2008","Characterization of Fiber Volume Fraction Gradients in Composite Laminates","Bibliography for all materials","groups/735051"
"9BJD3V9I","10.3390/biomimetics8020247","Nourse","2023","SNS-Toolbox: An Open Source Tool for Designing Synthetic Nervous Systems and Interfacing Them with Cyber–Physical Systems","SNS Crashcourse;references_Lutz_thesis","groups/735051"
"H8RHPHL9","10.1007/s00422-013-0573-3","Szczecinski","2013","A neuromechanical simulation of insect walking and transition to turning of the cockroach Blaberus discoidalis","CPGs;Sensory Feedback;Mantasha;references_Lutz_thesis;Read","groups/735051"
"KVEHXMB9","10.3390/biomimetics4010010","Young","2019","Analyzing Moment Arm Profiles in a Full-Muscle Rat Hindlimb Model","Morrow LM21;Manuscript","groups/735051"
"XZWCA5YW","10.1177/0278364917743320","Van der Noot","2018","Bio-inspired controller achieving forward speed modulation with a 3D bipedal walker","Mark;Mantasha","groups/735051"
"GK2GD4CX","10.1016/j.cuor.2005.12.004","Stewart","2006","(iv) Basic biomechanics of human joints: Hips, knees and the spine","Morrow Thesis;Morrow LM19","groups/735051"
"PQIKDEEV","10.3389/fnbot.2017.00037","Szczecinski","2017","A Functional Subnetwork Approach to Designing Synthetic Nervous Systems That Control Legged Robot Locomotion","Hilts IROS18","groups/735051"
"JU3LQIYL","10.3390/biomimetics4010010","Young","2019","Analyzing Moment Arm Profiles in a Full-Muscle Rat Hindlimb Model","Prospectus;BolenFrontiers22;Hunt Lab;Morrow LM21;Joe;Connor;Manuscript;BolenIsoKneeTorque","groups/735051"
"9JLXEC8X","10.3389/fnbot.2017.00037","Szczecinski","2017","A Functional Subnetwork Approach to Designing Synthetic Nervous Systems That Control Legged Robot Locomotion","CPG PDC;Functional Subnetwork Approach;Mathematical Examples;LM22;Sensory Feedback;BRAIN22 Poster;Hilts IROS18","groups/735051"
"ZKIVKRV6","","","","Stimulation Pattern That Maximizes Force in Paralyzed and Control Whole Thenar Muscles | Journal of Neurophysiology","Muscles;Spikes to Muscle Activation;Ben","groups/735051"
"TRUZLGED","","Jang","2023","The Neuroscience Club at Portland State University: Fostering engagement and collaboration in neuroscience education and outreach","Hunt Lab","groups/735051"
"2H5JNYT9","","Jang","2023","The Neuroscience Club at Portland State University: Fostering engagement and collaboration in neuroscience education and outreach","Hunt Lab","groups/735051"
"Y6I2P67P","10.1089/soro.2019.0022","Koizumi","2019","Recurrent Braiding of Thin McKibben Muscles to Overcome Their Limitation of Contraction","","groups/735051"
"P7LEPBA8","10.1007/s00422-006-0068-6","Burkitt","2006","A Review of the Integrate-and-fire Neuron Model: I. Homogeneous Synaptic Input","Subthreshold Dynamics;Neuron Modeling","groups/735051"
"33SMU8LT","10.1007/978-1-4939-3267-2_12","Bondy","2016","Control of Cat Walking and Paw-Shake by a Multifunctional Central Pattern Generator","Synergies","groups/735051"
"6K3BAZGL","","Bolen","2023","Sensory Afferent Database: Advancing towards a comprehensive understanding of sensory afferents and motor control","NSF NeuroNex;Hunt Lab","groups/735051"
"V6AQLGB6","","Bolen","2019","Determination of Artificial Muscle Placement for Biomimetic Humanoid Robot Legs","MURI24;Hunt Lab","groups/735051"
"2QW68K4Q","","Bolen","2019","Determination of Artificial Muscle Placement for Biomimetic Humanoid Robot Legs","Hunt Lab","groups/735051"
"EKZ67W9T","","Aschenbeck","2006","Design of a Quadruped Robot Driven by Air Muscles (Master's thesis)","Construction;LM19;BPA;Manuscript;Manuscript","groups/735051"
"7D2YM3HH","10.1109/biorob.2006.1639201","Aschenbeck","2006","Design of a Quadruped Robot Driven by Air Muscles","Quadruped;MURI24","groups/735051"
"JMKT56S8","","Alamdari","","A Review of Computational Musculoskeletal Analysis of Human Lower Extremities","Biped","groups/735051"
"UMKFQCGU","","Pupkiewicz","","Spike Timing Depended Plasticity Produces Unsupervised Learning of Synergistic Muscle Feedback in a Synthetical Neural Network","","groups/735051"
"QMR7DTKJ","10.3390/ma16227229","Krupnin","2023","Theoretical and Experimental Investigation of 3D-Printed Polylactide Laminate Composites’ Mechanical Properties","Bibliography for all materials","groups/735051"
"5NASKGRG","10.12913/22998624/207989","Saldaña-Robles","2025","Mechanical behavior of 3D printed polymers under tensile and bending loads","Bibliography for all materials","groups/735051"
"F9KPYDRX","","Dwinata","2024","Evaluating Mechanical Behavior of PLA Under Varied Strain Rates Using Stereolithography 3D Print Method","","groups/735051"
"K8EIPU59","","Dwinata","2024","Evaluating Mechanical Behavior of PLA Under Varied Strain Rates Using Stereolithography 3D Print Method","Bibliography for all materials","groups/735051"
"I2PGVBVM","10.1016/j.ijlmm.2024.05.011","Khan","2024","Insights into flexural and impact properties of polymer based materials printed through fused filament fabrication: Progress in the last decade","Bibliography for all materials","groups/735051"
"33BLHLUI","10.3390/polym17060788","Monkova","2025","Investigating the Flexural Properties of 3D-Printed Nylon CF12 with Respect to the Correlation Between Loading and Layering Directions","Bibliography for all materials;Heat Treatment related studies","groups/735051"
"6SSBPPZS","10.3390/polym15234497","Bol","2023","Micromechanical Models for FDM 3D-Printed Polymers: A Review","Bibliography for all materials","groups/735051"
"VUXTBVMP","","Somireddy","","FLEXURAL BEHAVIOR OF FDM PARTS: EXPERIMENTAL, ANALYTICAL AND NUMERICAL STUDY","Bibliography for all materials","groups/735051"
"62TDECUG","10.1109/70.481753","Chou","1996","Measurement and modeling of McKibben pneumatic artificial muscles","BolenBPACharacterization;BolenFrontiers22;BolenIsoKneeTorque","groups/735051"
"BAEBCLJN","10.1111/j.1469-7793.1998.293bu.x","Prochazka","1998","Ensemble firing of muscle afferents recorded during normal locomotion in cats","Proprioceptive Feedback","groups/735051"
"PWZXM5AU","10.1039/d2va00266c","","2023","The reuse of electronic components from waste printed circuit boards: a critical review","PCB Recycling","groups/735051"
"ZBQIQ4YT","10.3390/s22176478","Cheng","2022","A Classification Method for Electronic Components Based on Siamese Network","PCB Recycling","groups/735051"
"74ZRBTFA","10.1109/tpwrd.2021.3116489","Davari","2022","Corona Detection and Power Equipment Classification Based on GoogleNet-AlexNet: An Accurate and Intelligent Defect Detection Model Based on Deep Learning for Power Distribution Lines","PCB Recycling","groups/735051"
"RL3UXENY","","","2025","2025 Draft List of Critical Minerals","PCB Recycling","groups/735051"
"VPPTWDK9","10.1016/j.eti.2021.102049","Ankit","2021","Electronic waste and their leachates impact on human health and environment: Global ecological threat and management","PCB Recycling","groups/735051"
"ULNEFKVF","","","","The Global E-waste Monitor 2024","PCB Recycling","groups/735051"
"AU69VG3N","10.1109/access.2024.3391353","Cheng","2024","EC-YOLO: Effectual Detection Model for Steel Strip Surface Defects Based on YOLO-V5","PCB Recycling","groups/735051"
"JTELE2LV","10.21203/rs.3.rs-7577054/v1","Obayashi","2025","ScaFi: Length-Scalable, Compliant, Parametric Robotic Fish Design for Operation in Multiple Environmental Niches","Swimming","groups/735051"
"T2ZZRH9T","10.1093/icb/36.6.678","Long","1996","The Importance of Body Stiffness in Undulatory Propulsion","Swimming","groups/735051"
"SJDHIRPL","10.1242/jeb.198.11.2293","McHenry","1995","Mechanical control of swimming speed: stiffness and axial wave form in undulating fish models","Swimming","groups/735051"
"744HB6W2","","John H. Long","1996","The Importance of Body Stiffness in Undulatory Propulsion","Swimming","groups/735051"
"AS3ELGG9","10.1242/jeb.182.1.191","Altringham","1993","Myotomal Muscle Function at Different Locations in the Body of a Swimming Fish","Swimming","groups/735051"
"4D9KW8GG","10.1016/s1095-6433(01)00461-5","Wakeling","2001","Biomechanics of fast-start swimming in fish","Swimming","groups/735051"
"UQ6Y3VAJ","10.1088/1748-3190/ac3ca5","Quinn","2022","Tunable stiffness in fish robotics: mechanisms and advantages","Swimming","groups/735051"
"QQI7GZC7","10.1038/s41598-019-44409-7","Schwalbe","2019","Red muscle activity in bluegill sunfish Lepomis macrochirus during forward accelerations","Swimming","groups/735051"
"N29PPAVQ","10.1126/science.8332898","Rome","1993","How Fish Power Swimming","Swimming","groups/735051"
"A7YNH94K","10.1002/jez.2751","Coughlin","2023","Muscle power production during intermittent swimming in bluegill sunfish","Swimming","groups/735051"
"IRUBXVLX","10.1093/icb/38.4.771","Long","1998","Muscles, Elastic Energy, and the Dynamics of Body Stiffness in Swimming Eels","Swimming","groups/735051"
"DFVQG9SP","10.1242/jeb.202.23.3397","Altringham","1999","Fish swimming: patterns in muscle function","Swimming","groups/735051"
"HFBTXTML","10.1038/s41598-019-44409-7","Schwalbe","2019","Red muscle activity in bluegill sunfish Lepomis macrochirus during forward accelerations","Swimming","groups/735051"
"DQ2HFEBJ","10.1093/icb/38.4.771","LONG","1998","Muscles, Elastic Energy, and the Dynamics of Body Stiffness in Swimming Eels1","Swimming","groups/735051"
"I9ED29AW","10.1002/jez.2751","Coughlin","2023","Muscle power production during intermittent swimming in bluegill sunfish","Swimming","groups/735051"
"24V2HTAI","10.1088/1748-3190/ac3ca5","Quinn","2021","Tunable stiffness in fish robotics: mechanisms and advantages","Swimming","groups/735051"
"7LCI6B7H","10.3390/s24134363","Luo","2024","EC-YOLO: Improved YOLOv7 Model for PCB Electronic Component Detection","PCB Recycling","groups/735051"
"JXCWXGLN","10.1016/j.jenvman.2022.115242","Faraji","2022","Potential and current practices of recycling waste printed circuit boards: A review of the recent progress in pyrometallurgy","PCB Recycling","groups/735051"
"E3XFN6IM","10.1016/j.envpol.2025.127072","Ferreira-Filipe","2025","The role of <i>Penicillium brevicompactum</i> in bioprocessing plastic and metals from printed circuit boards","PCB Recycling","groups/735051"
"J4D4Y8RT","10.1016/j.ifacol.2016.11.100","Kopacek","2016","Intelligent Disassembly of components from printed circuit boards to enable re-use and more efficient recovery of critical metals","PCB Recycling","groups/735051"
"VCBA4MWC","10.3390/computers14020062","Mohsin","2025","Automated Disassembly of Waste Printed Circuit Boards: The Role of Edge Computing and IoT","PCB Recycling","groups/735051"
"7CD794TS","10.1016/j.resconrec.2025.108561","Citterio","2026","A knowledge based method for estimating the material content value of end of life PCBs","PCB Recycling","groups/735051"
"R2Q28ZTE","10.1109/tepm.2004.830501","Li","2004","Printed circuit board recycling: a state-of-the-art survey","PCB Recycling","groups/735051"
"S2AQEX9B","10.3389/fnbot.2021.629210","Schmidgall","2021","SpikePropamine: Differentiable Plasticity in Spiking Neural Networks","Mark","groups/735051"
"2GCDVCT8","10.3389/fnins.2023.1183321","Schmidgall","2023","Meta-SpikePropamine: learning to learn with synaptic plasticity in spiking neural networks","Mark","groups/735051"
"SKAJFVW6","10.1126/science.aaa8415","Jordan","2015","Machine learning: Trends, perspectives, and prospects","Mark","groups/735051"
"2CR9AMUL","10.1007/s00221-008-1611-6","Berlucchi","2009","Neuronal plasticity: historical roots and evolution of meaning","Mark","groups/735051"
"37HXIKQV","10.1113/jphysiol.1958.sp006101","Eccles","1958","Integrative pattern of Ia synaptic actions on motoneurones of hip and knee muscles","Afferent","groups/735051"
"UGLE9AX7","10.1152/jn.1976.39.5.1090","Procházka","1976","Discharges of single hindlimb afferents in the freely moving cat.","Sensory Feedback;Afferent","groups/735051"
"CUARHRLZ","10.1007/bf02422059","Schopf","1986","Newly discovered early Archean (3.4–3.5 Ga Old) microorganisms from the Warrawoona Group of Western Australia","references_Lutz_thesis","groups/735051"
"YEW7PZVR","10.1113/jphysiol.1977.sp011864","Prochazka","1977","Ia afferent activity during a variety of voluntary movements in the cat","Afferent","groups/735051"
"RV4P4B6T","10.15607/rss.2016.xii.004","","","Robot Motion Planning on a Chip","Mark","groups/735051"
"ZCMKV94A","10.1109/aicas54282.2022.9870000","Neuman","2022","Tiny Robot Learning: Challenges and Directions for Machine Learning in Resource-Constrained Robots","Mark","groups/735051"
"AB2LGKS7","","Ali","2025","On the Necessity of Real-Time Principles in GPU-Driven Autonomous Robots","Mark","groups/735051"
"VYBUYKX3","10.1109/iros45743.2020.9341361","Bouman","2020","Autonomous Spot: Long-Range Autonomous Exploration of Extreme Environments with Legged Locomotion","references_Lutz_thesis","groups/735051"
"66J9GKIT","","McNeal","2024","Real-time, pulse-based actuation of braided pneumatic actuator muscles","NSF Career;NSF NeuroNex;Hunt Lab;Spikes to Muscle Activation;references_Lutz_thesis","groups/735051"
"NXG3IU6T","10.1016/0306-4522(83)90010-6","Levy","1983","Temporal contiguity requirements for long-term associative potentiation/depression in the hippocampus","Mark","groups/735051"
"QUHQKK7T","10.1523/jneurosci.18-24-10464.1998","Bi","1998","Synaptic modifications in cultured hippocampal neurons: dependence on spike timing, synaptic strength, and postsynaptic cell type","Mark","groups/735051"
"XARDXK8J","10.3389/fncir.2015.00085","Frémaux","2016","Neuromodulated Spike-Timing-Dependent Plasticity, and Theory of Three-Factor Learning Rules","Mark","groups/735051"
"6QBEXPCP","10.48550/arxiv.1705.06963","Schuman","2017","A Survey of Neuromorphic Computing and Neural Networks in Hardware","Mark","groups/735051"
"MWAAY9LL","10.1115/1.4023390","Millard","2013","Flexing Computational Muscle: Modeling and Simulation of Musculotendon Dynamics","Mark","groups/735051"
"ULKZSJGT","10.1073/pnas.0900546106","Zhang","2009","Gain in sensitivity and loss in temporal contrast of STDP by dopaminergic modulation at hippocampal synapses","Mark","groups/735051"
"IQNNAEWJ","10.1523/jneurosci.4402-07.2008","Pawlak","2008","Dopamine receptor activation is required for corticostriatal spike-timing-dependent plasticity","Mark","groups/735051"
"XGL2W5B2","10.1523/jneurosci.23-09-03697.2003","Gütig","2003","Learning input correlations through nonlinear temporally asymmetric Hebbian plasticity","Mark","groups/735051"
"XPIQZ3YF","","Hertz","1991","Introduction To The Theory Of Neural Computation","Mark","groups/735051"
"E7M5YCEG","10.1038/25665","Zhang","1998","A critical window for cooperation and competition among developing retinotectal synapses","Mark","groups/735051"
"UHZZCPC9","","Shatz","1992","The Developing Brain","Mark","groups/735051"
"YVFM8PS9","10.1152/jn.1967.30.3.466","Houk","1967","Responses of Golgi tendon organs to active contractions of the soleus muscle of the cat.","Ia Afferent Cite","groups/735051"
"UL4APE7B","10.1523/jneurosci.4186-05.2006","Tryba","2006","Gasping activity in vitro: a rhythm dependent on 5-HT2A receptors","CPGs","groups/735051"
"NXH5QEN5","10.1152/jn.2000.84.5.2709","Abelew","2000","Local Loss of Proprioception Results in Disruption of Interjoint Coordination During Locomotion in the Cat","Ia Afferent Cite","groups/735051"
"69P88RIQ","10.1002/dev.21282","Sharp","2015","Pyridoxine Treatment Alters Embryonic Motility in Chicks: Implications for the Role of Proprioception","Ia Afferent Cite","groups/735051"
"4NLZXYHC","10.1152/japplphysiol.00393.2004","Moritz","2004","Passive dynamics change leg mechanics for an unexpected surface during human hopping","Ia Afferent Cite","groups/735051"
"4TSCQIWZ","10.1242/jeb.244629","Duman","2023","Hindlimb muscle spindles inform preparatory forelimb coordination prior to landing in toads","Ia Afferent Cite","groups/735051"
"KPM9PQE6","10.3389/fncel.2019.00512","Laliberte","2019","Propriospinal Neurons: Essential Elements of Locomotor Control in the Intact and Possibly the Injured Spinal Cord","Afferent","groups/735051"
"DQ8HHCPI","10.1523/jneurosci.1829-17.2017","Gosgnach","2017","Delineating the Diversity of Spinal Interneurons in Locomotor Circuits","Afferent","groups/735051"
"3W26RRLF","10.1007/978-1-4939-3267-2_5","Shevtsova","2016","Modeling the Organization of Spinal Cord Neural Circuits Controlling Two-Joint Muscles","Prospectus;Sensory Feedback;Manuscript;Ben & Connor Neuro Project","groups/735051"
"W2QC9WS3","10.1088/1741-2560/8/6/065003","Spardy","2011","A dynamical systems analysis of afferent control in a neuromechanical model of locomotion: I. Rhythm generation","Reggie;Manuscript","groups/735051"
"2HGNW5LV","10.1088/1741-2560/8/6/065003","Spardy","2011","A dynamical systems analysis of afferent control in a neuromechanical model of locomotion: I. Rhythm generation","Reggie;Manuscript","groups/735051"
"GUPC462T","10.1007/978-1-4939-3267-2_2","Markin","2016","A Neuromechanical Model of Spinal Control of Locomotion","Dual-Layered CPGs;Prospectus;references_Lutz_quadruped;Sensory Feedback;Models;Ben & Connor Neuro Project","groups/735051"
"NY5DZNJ9","10.1007/978-1-4939-3267-2_2","Markin","2016","A Neuromechanical Model of Spinal Control of Locomotion","Dual-Layered CPGs;Prospectus;references_Lutz_quadruped;Sensory Feedback;Models;Ben & Connor Neuro Project","groups/735051"
"FRDYHH8G","10.1007/978-1-4939-3267-2_2","Markin","2016","A Neuromechanical Model of Spinal Control of Locomotion","Dual-Layered CPGs;Prospectus;references_Lutz_quadruped;Sensory Feedback;Models;Ben & Connor Neuro Project","groups/735051"
"SCLPYSAR","10.3390/polym16050684","Zhang","2024","Design and Optimization of 3D-Printed Variable Cross-Section I-Beams Reinforced with Continuous and Short Fibers","Bibliography for all materials","groups/735051"
"69JK9UMY","10.1007/s40964-022-00356-w","Sandanamsamy","2023","A comprehensive review on fused deposition modelling of polylactic acid","","groups/735051"
"JH9EJUJZ","10.3390/ma13010015","Pastor-Artigues","2019","Elastic Asymmetry of PLA Material in FDM-Printed Parts: Considerations Concerning Experimental Characterisation for Use in Numerical Simulations","Bibliography for all materials","groups/735051"
"7SXU8HKX","10.1016/0032-3861(92)90377-9","Wilfong","1992","Separation of polymerization and crystallization processes for nylon-6","Bibliography for all materials;Heat Treatment related studies;PA6 Studies","groups/735051"
"RWG3WCRQ","10.1007/s10965-013-0308-0","Rusu","2013","Evaluation of thermal and mechanical behavior of some anionic polyesteramide copolymers","Bibliography for all materials;PA6 Studies","groups/735051"
"EYF9SX5H","10.1007/978-3-031-72597-5_7","Jubert","2024","Flexible Strain Gauge Sensors as Real-Time Stretch Receptors for Use in Biomimetic BPA Muscle Applications","NSF Career;NSF NeuroNex;Hunt Lab","groups/735051"
"3UC7FLXD","10.1186/s12984-019-0559-z","Durandau","2019","Voluntary control of wearable robotic exoskeletons by patients with paresis via neuromechanical modeling","Aim 2","groups/735051"
"Q5YNHQFW","10.1109/icra46639.2022.9811684","Wang","2022","MyoSim: Fast and physiologically realistic MuJoCo models for musculoskeletal and exoskeletal studies","Aim 2","groups/735051"
"KUUKAVF3","10.1007/978-3-030-70316-5_45","Ikkala","2022","Converting Biomechanical Models from OpenSim to MuJoCo","Aim 2","groups/735051"
"MB3V5T48","10.1088/1402-4896/ac437e","Cai","2021","The phase transition of polyamide 6 with pre-stretching process at different temperatures","Bibliography for all materials;Heat Treatment related studies","groups/735051"
"RBZVRAW3","10.1016/j.addma.2022.102599","Kumar Jain","2022","Role of annealing and isostatic compaction on mechanical properties of 3D printed short glass fiber nylon composites","","groups/735051"
"N97SMA4T","10.1016/j.tca.2017.09.021","Parodi","2017","Glass transition temperature versus structure of polyamide 6: A flash-DSC study","Bibliography for all materials;Heat Treatment related studies","groups/735051"
"59CB6WA5","10.3390/polym10070710","Parodi","2018","Structure–Properties Relations for Polyamide 6, Part 1: Influence of the Thermal History during Compression Moulding on Deformation and Failure Kinetics","Bibliography for all materials;Heat Treatment related studies","groups/735051"
"6FDAZUDY","10.1002/pol.20200454","Seguela","2020","Overview and critical survey of polyamide6 structural habits: Misconceptions and controversies","Bibliography for all materials","groups/735051"
"QKCEY5U5","","","","Control of Mammalian Locomotion by Somatosensory Feedback - Frigon - 2022 - Comprehensive Physiology - Wiley Online Library","Aim 2","groups/735051"
"VH3GN47A","10.3389/frobt.2024.1449721","Li","2024","Controller design and experimental validation of walking for a musculoskeletal bipedal lower limb robot based on the spring-loaded inverted pendulum model","Aim 2","groups/735051"
"SJCCWDWK","10.1088/1748-3190/ad839e","Tanaka","2024","Enhancing postural stability in musculoskeletal quadrupedal locomotion through tension feedback for CPG-based controller","Aim 2","groups/735051"
"UIIC7AHG","10.1109/sii59315.2025.10870582","Yoshida","2025","Implementing Stretch Reflex in Musculoskeletal Robots Driven by Pneumatic Artificial Muscles Using Nonlinear Spring Model*","Aim 2","groups/735051"
"X5PLIH4D","","","","Full article: Investigation of arm stabilization with proprioceptive sensory reflex pathways on a 2-DoF musculoskeletal robot actuated by pneumatic artificial muscles","Aim 2","groups/735051"
"85DAWLDW","10.3390/app12094146","Fukuoka","2022","Pace Running of a Quadruped Robot Driven by Pneumatic Muscle Actuators: An Experimental Study","Aim 2","groups/735051"
"IVA2HNNM","10.7554/elife.98841","Rybak","2024","Operation regimes of spinal circuits controlling locomotion and the role of supraspinal drives and sensory feedback","Aim 2","groups/735051"
"WUPIGG6P","10.7554/elife.103504","Rybak","2025","Operation of spinal sensorimotor circuits controlling phase durations during tied-belt and split-belt locomotion after a lateral thoracic hemisection","Aim 2","groups/735051"
"KRT2CNWP","10.1007/s00422-022-00951-8","Wang","2022","Variational and phase response analysis for limit cycles with hard boundaries, with applications to neuromechanical control problems","Aim 2","groups/735051"
"XEQP3QJR","10.1152/jn.00230.2022","Lecomte","2022","Modulation of the gait pattern during split-belt locomotion after lateral spinal cord hemisection in adult cats","Aim 2","groups/735051"
"TAV7XCRW","10.1113/jp287448","Rahmati","2025","Role of forelimb morphology in muscle sensorimotor functions during locomotion in the cat","Aim 2","groups/735051"
"TB6DAISP","10.1113/jp288089","Klishko","2025","Effects of spinal transection and locomotor speed on muscle synergies of the cat hindlimb","Aim 2","groups/735051"
"EDBWUWBT","10.3389/fncom.2023.1143323","Fietkiewicz","2023","Tutorial: using NEURON for neuromechanical simulations","Aim 2","groups/735051"
"S4II7PC3","","","","NeuroMechFly, a neuromechanical model of adult Drosophila melanogaster - ProQuest","Aim 2","groups/735051"
"7E7F6Q7I","10.1088/1741-2552/acfdcc","Di Russo","2023","Investigating the roles of reflexes and central pattern generators in the control and modulation of human locomotion using a physiologically plausible neuromechanical model","Aim 2","groups/735051"
"FPWVFAWM","10.1002/cphy.c240002","Nichols","2024","Neuromechanical Circuits of the Spinal Motor Apparatus","Aim 2","groups/735051"
"LWPYY9SB","10.1002/cphy.c240002","Nichols","2024","Neuromechanical Circuits of the Spinal Motor Apparatus","Aim 2","groups/735051"
"VXFR9VEQ","10.3389/fncom.2017.00015","Song","2017","Evaluation of a Neuromechanical Walking Control Model Using Disturbance Experiments","Aim 2","groups/735051"
"A4J7IS6F","10.3389/fnbot.2019.00086","Torricelli","2019","Editorial: Assessing Bipedal Locomotion: Towards Replicable Benchmarks for Robotic and Robot-Assisted Locomotion","Aim 2","groups/735051"
"DVMW4RZZ","10.3389/fncom.2019.00013","Sreenivasa","2019","Editorial: Neuromechanics and Control of Physical Behavior: From Experimental and Computational Formulations to Bio-inspired Technologies","Aim 2","groups/735051"
"JIX79MRG","10.1126/scirobotics.adn1125","Ishida","2024","Paleoinspired robotics as an experimental approach to the history of life","Aim 2","groups/735051"
"ZM2MMLR3","","","","Neuromuscular Transmission in a Biological Context - Slater - 2024 - Comprehensive Physiology - Wiley Online Library","Aim 2","groups/735051"
"RFXFK4SP","","","","Behavioral Motor Performance - Leib - 2024 - Comprehensive Physiology - Wiley Online Library","Aim 2","groups/735051"
"Z8KL3BRH","10.1017/s0263574713001045","Fukuoka","2014","Dynamic bipedal walking of a dinosaur-like robot with an extant vertebrate's nervous system","Aim 2","groups/735051"
"C724MDEY","10.1186/s12984-017-0305-3","Valero-Cuevas","2017","On neuromechanical approaches for the study of biological and robotic grasp and manipulation","Aim 2","groups/735051"
"L3RRL2HI","10.3390/s22124440","Mikolajczyk","2022","Recent Advances in Bipedal Walking Robots: Review of Gait, Drive, Sensors and Control Systems","Aim 2","groups/735051"
"5GHYPG5R","10.1002/app.48786","Ding","2020","Anisotropy of poly(lactic acid)/carbon fiber composites prepared by fused deposition modeling","Bibliography for all materials","groups/735051"
"56KQMLQE","","","","Studies of microstructural and mechanical properties of nylon/glass composite Part I The effect of thermal processing on crystallinity, transcrystallinity and crystal phases","Heat Treatment related studies;PA6 Studies","groups/735051"
"JHR5GAQ7","10.1108/13552540810862028","Sun","2008","Effect of processing conditions on the bonding quality of FDM polymer filaments","","groups/735051"
"IHPNQ6TX","10.1186/s12903-025-05664-5","Aktug Karademir","2025","Effects of post-curing conditions on degree of conversion, microhardness, and stainability of 3D printed permanent resins","Bibliography for all materials","groups/735051"
"DM4ERNJW","10.1007/978-3-319-99519-9_22","Wangler","2019","The Effect of Print Parameters on the (Micro)structure of 3D Printed Cementitious Materials","Bibliography for all materials","groups/735051"
"S6LPBT2G","10.1088/1757-899x/1248/1/012004","Maguluri","2022","Effect of printing parameters on the hardness of 3D printed poly-lactic acid parts using DOE approach","Bibliography for all materials","groups/735051"
"MV7FUCVE","","Rajkumar","","Micro Hardness Analysis of 3D-Printed Specimens Using Vickers Apparatus","Bibliography for all materials","groups/735051"
"93MS3FAJ","10.1016/j.jmrt.2023.01.097","Valvez","2023","Effect of annealing treatment on mechanical properties of 3D-Printed composites","Bibliography for all materials;Heat Treatment related studies","groups/735051"
"KQ37WEU3","10.1016/j.prostr.2022.02.004","Valvez","2022","Annealing effect on mechanical properties of 3D printed composites","Bibliography for all materials;Heat Treatment related studies","groups/735051"
"7LDTR2MT","10.3390/polym15143110","Seok","2023","Effects of Annealing for Strength Enhancement of FDM 3D-Printed ABS Reinforced with Recycled Carbon Fiber","","groups/735051"
"I8ZHDCEC","","Sauer","","Evaluation of the Mechanical Properties of 3D Printed Carbon Fiber Composites","Bibliography for all materials","groups/735051"
"JKNMIGKQ","","Sanjay","2016","Studies on Mechanical Properties of Banana/E-Glass Fabrics Reinforced Polyester Hybrid Composites","Bibliography for all materials","groups/735051"
"UC8UCTYR","","Hoffer","","Cat Hindlimb Motoneurons During Locomotion. 11. Normal Activity Patterns","Afferent","groups/735051"
"9HCW3YAF","10.3390/act6040033","Martens","2017","Modeling the Static Force of a Festo Pneumatic Muscle Actuator: A New Approach and a Comparison to Existing Models","BolenBPACharacterization;LM19;BolenFrontiers22;BPA;Manuscript;Manuscript;BolenIsoKneeTorque","groups/735051"
"LEQENSWY","10.1109/robosoft54090.2022.9762146","Tondu","2022","Static Modeling of Pneumatic Artificial Muscle Actuator","BolenBPACharacterization;BolenFrontiers22;BPA;BolenIsoKneeTorque","groups/735051"
"CWSI8QYC","10.1021/j100619a008","Moynihan","1974","Dependence of the glass transition temperature on heating and cooling rate","Bibliography for all materials;Heat Treatment related studies","groups/735051"
"72HA6VAP","10.33425/2771-666x.1003","Pipalla","2021","Experimental Analysis on 3d Printed Onyx Specimens with Honeycomb Infill Structure","Bibliography for all materials;Onyx related studies","groups/735051"
"9IH2D95P","10.3390/math11133022","Moradi","2023","Mathematical Modelling of Fused Deposition Modeling (FDM) 3D Printing of Poly Vinyl Alcohol Parts through Statistical Design of Experiments Approach","Bibliography for all materials","groups/735051"
"Z4ZZXYZB","10.3390/math11133022","Moradi","2023","Mathematical Modelling of Fused Deposition Modeling (FDM) 3D Printing of Poly Vinyl Alcohol Parts through Statistical Design of Experiments Approach","Bibliography for all materials","groups/735051"
"UNFSUQZE","10.3390/designs4030039","Hu","2020","Permittivity of 3D-Printed Nylon Substrates with Different Infill Patterns and Densities for Design of Microwave Components","Bibliography for all materials;PA6 Studies","groups/735051"
"UTMJYKR9","10.1016/j.addma.2022.103372","Zhang","2023","Line width prediction and mechanical properties of 3D printed continuous fiber reinforced polypropylene composites","Bibliography for all materials","groups/735051"
"V3IAH45D","10.7554/elife.59715","Mackwood","2021","Learning excitatory-inhibitory neuronal assemblies in recurrent networks","ToRead","groups/735051"
"ECU3AVZM","10.1523/jneurosci.4188-12.2013","King","2013","Inhibitory Interneurons Decorrelate Excitatory Cells to Drive Sparse Code Formation in a Spiking Model of V1","ToRead","groups/735051"
"NMD82Q3M","10.1073/pnas.2509313122","Landis","2025","Lynn Landmesser (1943–2024): A pioneer in developmental neurobiology","ToRead","groups/735051"
"DINYMKIG","10.1073/pnas.2509313122","Landis","2025","Lynn Landmesser (1943–2024): A pioneer in developmental neurobiology","","groups/735051"
"B396VMZZ","10.3390/polym14102022","Racz","2022","Numerical Investigation of the Infill Rate upon Mechanical Proprieties of 3D-Printed Materials","Bibliography for all materials","groups/735051"
"U58U827Y","10.69644/ivk-2024-01-0099","Samardžić","2024","Annealing effect on impact properties of reinforced polymer PA6-GF made by FDM technology","Bibliography for all materials;Heat Treatment related studies","groups/735051"
"FEMYASDG","10.3390/polym15143110","Seok","2023","Effects of Annealing for Strength Enhancement of FDM 3D-Printed ABS Reinforced with Recycled Carbon Fiber","","groups/735051"
"JB79LV3X","10.1080/17452759.2022.2095288","Patel","2022","Characterization of the effect of in-process annealing using a novel print head assembly on the ultimate tensile strength & toughness of Fused Filament Fabrication (FFF) parts","Bibliography for all materials;Heat Treatment related studies","groups/735051"
"B9VL66BQ","10.1016/j.jmrt.2023.01.097","Valvez","2023","Effect of annealing treatment on mechanical properties of 3D-Printed composites","","groups/735051"
"HUI6K89F","10.3390/jmmp9040108","Shafique","2025","Optimizing Process Parameters to Enhance Mechanical Properties of 3D-Printed Fiberglass-Reinforced ONYX Polymer","Bibliography for all materials;Onyx related studies","groups/735051"
"SELIMRP5","10.1016/j.addma.2022.102599","Kumar Jain","2022","Role of annealing and isostatic compaction on mechanical properties of 3D printed short glass fiber nylon composites","Bibliography for all materials;Heat Treatment related studies;PA6 Studies","groups/735051"
"KGMQFGWK","10.1016/j.medengphy.2019.07.010","Aksöz","2019","Design of an isokinetic knee dynamometer for evaluation of functional electrical stimulation strategies","Prospectus;BolenFrontiers22;BolenIsoKneeTorque","groups/735051"
"IUZFUA8Z","10.1109/tbme.2007.901024","Delp","2007","OpenSim: Open-Source Software to Create and Analyze Dynamic Simulations of Movement","BolenFrontiers22;BolenIsoKneeTorque","groups/735051"
"LTLXJYGA","10.3390/polym15143110","Seok","2023","Effects of Annealing for Strength Enhancement of FDM 3D-Printed ABS Reinforced with Recycled Carbon Fiber","Bibliography for all materials;Heat Treatment related studies","groups/735051"
"SJNLVX4Z","10.1109/tmech.2015.2493782","Felt","2016","Contraction Sensing with Smart Braid McKibben Muscles","BPAs;references_Lutz_thesis","groups/735051"
"J8K862TH","","Bolen","2024","Using AI Tools to Enhance the Sensory Afferent Database: A Comparative Study","Hunt Lab","groups/735051"
"ATKZCLJN","","Bolen","2024","Balance Platform and Inverted Pendulum for Robotic Vestibular and Proprioceptive Control","NSF Career;NSF NeuroNex;Hunt Lab","groups/735051"
"777ALFMM","","Bolen","2024","Balance Platform and Inverted Pendulum for Robotic Vestibular and Proprioceptive Control","NSF Career;NSF NeuroNex;Hunt Lab","groups/735051"
"DWQPYEBA","0021-9290(95)00017-8","Wu","1995","FOR STANDARDIZATION IN THE REPORTING OF KINEMATIC DATA","BolenFrontiers22;BolenIsoKneeTorque","groups/735051"
"YPWKE3L6","10.1016/j.jbiomech.2019.109533","Derrick","2020","ISB recommendations on the reporting of intersegmental forces and moments during human motion analysis","BolenFrontiers22;BolenIsoKneeTorque","groups/735051"
"HSDST2NR","10.1016/j.jbiomech.2004.05.042","Wu","2005","ISB recommendation on definitions of joint coordinate systems of various joints for the reporting of human joint motion—Part II: shoulder, elbow, wrist and hand","BolenFrontiers22;BolenIsoKneeTorque","groups/735051"
"WUJYVJ7S","10.1016/s0021-9290(01)00222-6","Wu","2002","ISB recommendation on definitions of joint coordinate system of various joints for the reporting of human joint motion—part I: ankle, hip, and spine","BolenFrontiers22;BolenIsoKneeTorque","groups/735051"
"T2E5ZD9L","10.1080/15397734.2024.2323151","Daniel R","2024","Vibration analysis of bio-inspired sandwich composite beam under rotating environment based on the Internet of Things technology","Bibliography for all materials","groups/735051"
"JVE53FHW","10.1016/j.heliyon.2024.e29920","Turaka","2024","Impact of infill density on morphology and mechanical properties of 3D printed ABS/CF-ABS composites using design of experiments","Bibliography for all materials","groups/735051"
"JHJBJDJE","","Rajkumar","","EFFECT OF INFILL PATTERN AND BUILD ORIENTATION ON MECHANICAL PROPERTIES OF FDM PRINTED PARTS: AN EXPERIMENTAL MODAL ANALYSIS APPROACH","Bibliography for all materials","groups/735051"
"WHXBXUM8","10.3390/polym12122792","Lalegani Dezaki","2020","The Effects of Combined Infill Patterns on Mechanical Properties in FDM Process","Bibliography for all materials","groups/735051"
"KD9362E4","","Saniman","2020","Flexural Properties Evaluation of Additively Manufactured Components with Various Infill Patterns","Bibliography for all materials","groups/735051"
"F9S3UTZU","10.1007/s40964-023-00487-8","Birosz","2024","Effect of infill pattern scaling on mechanical properties of FDM-printed PLA specimens","Bibliography for all materials","groups/735051"
"JYXU4XJ2","10.1016/j.polymertesting.2024.108459","Tóth","2024","Prediction and analysis of flexural stiffness for 3D-printed continuous fiber–reinforced composites with different matrix fill ratios and layer orders","Bibliography for all materials","groups/735051"
"E2LQET48","10.1186/s44147-023-00273-x","Karad","2023","Experimental study of effect of infill density on tensile and flexural strength of 3D printed parts","Bibliography for all materials","groups/735051"
"3Y62UH4F","10.1007/s40964-020-00146-2","Gebrehiwot","2021","The influence of stiffener geometry on flexural properties of 3D printed polylactic acid (PLA) beams","Bibliography for all materials","groups/735051"
"GQXKX2DP","10.3390/polym13101587","Syrlybayev","2021","Optimisation of Strength Properties of FDM Printed Parts—A Critical Review","Bibliography for all materials","groups/735051"
"GGWBLUVY","10.3390/polym16212991","Yalçın","2024","Flexural Behavior of 3D-Printed Carbon Fiber-Reinforced Nylon Lattice Beams","Bibliography for all materials;PA6 Studies","groups/735051"
"HUH7AKAP","10.1016/j.compscitech.2021.109182","Krzikalla","2022","On flexural properties of additive manufactured composites: Experimental, and numerical study","Bibliography for all materials;Onyx related studies","groups/735051"
"56T7RX74","10.1051/matecconf/202134308014","Racz","2021","Mechanical behavior of beams with variable stiffness obtained by 3D printing","Bibliography for all materials","groups/735051"
"P5V9MYPT","","Triono","","Flexural Strength Optimization as Effect of Infill Pattern Variation in FDM 3D Printing of Multi-layers ABS-PLA","Bibliography for all materials","groups/735051"
"PNQU9IVM","10.1007/978-3-319-22979-9_21","Hunt","2015","Using Animal Data and Neural Dynamics to Reverse Engineer a Neuromechanical Rat Model","SNS Crashcourse;Hunt Lab;references_Lutz_quadruped;Manuscript;references_Lutz_thesis;Turbulence","groups/735051"
"3HB9XSNF","10.1038/srep23058","Matsuzaki","2016","Three-dimensional printing of continuous-fiber composites by in-nozzle impregnation","Bibliography for all materials","groups/735051"
"QKQXCA34","10.1007/s00170-015-7576-2","Bikas","2016","Additive manufacturing methods and modelling approaches: a critical review","Bibliography for all materials","groups/735051"
"ZA2B2H9V","10.1179/1743280411y.0000000014","Gu","2012","Laser additive manufacturing of metallic components: materials, processes and mechanisms","Bibliography for all materials","groups/735051"
"TAK69PH6","10.5437/08956308x5606193","Petrick","2013","3D Printing Disrupts Manufacturing: How Economies of One Create New Rules of Competition","Bibliography for all materials","groups/735051"
"DQIVSBPH","10.1115/1.4036640","Bai","2017","Effect of Particle Size Distribution on Powder Packing and Sintering in Binder Jetting Additive Manufacturing of Metals","Bibliography for all materials","groups/735051"
"VLP27WSR","10.1007/978-1-4939-2113-3","Gibson","2015","Additive Manufacturing Technologies: 3D Printing, Rapid Prototyping, and Direct Digital Manufacturing","Bibliography for all materials","groups/735051"
"H8AKBY7G","10.1177/1729881419885288","Habu","2019","Three-dimensional walking of a simulated muscle-driven quadruped robot with neuromorphic two-level central pattern generators","Dual-Layered CPGs;references_Lutz_quadruped","groups/735051"
"I3W79MMT","10.1177/1729881419885288","Habu","2019","Three-dimensional walking of a simulated muscle-driven quadruped robot with neuromorphic two-level central pattern generators","Dual-Layered CPGs;references_Lutz_quadruped","groups/735051"
"SFJX6GHG","10.1111/j.1749-6632.2010.05435.x","Markin","2010","Afferent control of locomotor CPG: insights from a simple neuromechanical model","Dual-Layered CPGs;references_Lutz_quadruped","groups/735051"
"ZKXFS958","10.1113/jphysiol.2006.118703","Rybak","2006","Modelling spinal circuitry involved in locomotor pattern generation: insights from deletions during fictive locomotion","Dual-Layered CPGs;references_Lutz_quadruped;Sensory Feedback","groups/735051"
"AL2G3Z7F","10.7554/elife.55177","Blum","2020","Diverse and complex muscle spindle afferent firing properties emerge from multiscale muscle mechanics","ToRead","groups/735051"
"9KAKK2ZK","10.1371/journal.pcbi.1009608","Schroeder","2021","Elastic energy savings and active energy cost in a simple model of running","","groups/735051"
"MSYZ9NPK","10.1016/j.dt.2018.02.001","Altin Karataş","2018","A review on machinability of carbon fiber reinforced polymer (CFRP) and glass fiber reinforced polymer (GFRP) composite materials","Bibliography for all materials","groups/735051"
"TAZUXF69","10.1088/1748-3190/10/6/065005","Szczecinski","2015","Neuromechanical model of praying mantis explores the role of descending commands in pre-strike pivots.","Mantasha;Sensory Feedback;Mantasha","groups/735051"
"EE36XRHB","10.1007/s00422-013-0573-3","Szczecinski","2013","A neuromechanical simulation of insect walking and transition to turning of the cockroach Blaberus discoidalis","Mantasha;CPGs;Sensory Feedback;LM 2021 Review;references_Lutz_thesis;Read","groups/735051"
"4R7TP4K3","","Deng","2019","Neuromechanical Model of Rat Hind Limb Walking with Two-Layer CPGs","MURI24;Mantasha;Prospectus;Hunt Lab;CPGs;Sensory Feedback;Connor;Manuscript;Mantasha;references_Lutz_thesis;Models;Read","groups/735051"
"N3MKG97M","10.3390/biomimetics7040226","Deng","2022","Biomechanical and Sensory Feedback Regularize the Behavior of Different Locomotor Central Pattern Generators","NSF Career;SNS Crashcourse;MURI24;Mantasha;NSF NeuroNex;Hunt Lab;Maybe Read?;Sensory Feedback;Manuscript;Mantasha","groups/735051"
"NCYKHTQB","10.1152/jn.1994.71.3.1096","Bonasera","1994","Mechanical actions of heterogenic reflexes linking long toe flexors with ankle and knee extensors of the cat hindlimb","Mark","groups/735051"
"FCKPJHRU","10.1016/0301-0082(92)90024-9","Jankowska","1992","Interneuronal relay in spinal pathways from proprioceptors","Mark","groups/735051"
"Y767GQV6","10.1016/0301-0082(92)90024-9","Jankowska","1992","Interneuronal relay in spinal pathways from proprioceptors","Sensory Feedback","groups/735051"
"7YFXZ5RR","10.3389/fncom.2013.00164","Schwalger","2013","Patterns of interval correlations in neural oscillators with adaptation","references_Lutz_thesis","groups/735051"
"R9Z9E65T","10.1152/physrev.00014.2003","Lynch","2004","Long-term potentiation and memory","Mark","groups/735051"
"R3DL498F","10.1016/j.clinph.2009.12.041","ElBasiouny","2010","Persistent inward currents in spinal motoneurons: important for normal function but potentially harmful after spinal cord injury and in amyotrophic lateral sclerosis","Mark","groups/735051"
"RWENSYRL","10.3389/fnins.2013.00002","Serrano-Gotarredona","2013","STDP and STDP variations with memristors for spiking neuromorphic learning systems","Mark","groups/735051"
"7T9PF32I","","Hebb","1949","The organization of behavior; a neuropsychological theory","Afferent","groups/735051"
"BZJQJ6L9","10.1113/jphysiol.1979.sp012645","Prochazka","1979","Muscle spindle discharge in normal and obstructed movements.","Afferent","groups/735051"
"FTU2NN7G","10.1113/jphysiol.1964.sp007477","Crowe","1964","Further studies of static and dynamic fusimotor fibres","Afferent","groups/735051"
"2LHQCZCW","10.1103/physreve.72.021911","Lindner","2005","Integrate-and-fire neurons with threshold noise: A tractable model of how interspike interval correlations affect neuronal signal transmission","Spikes to Muscle Activation","groups/735051"
"LYHRJI2L","10.1103/physreve.72.021911","Lindner","2005","Integrate-and-fire neurons with threshold noise: A tractable model of how interspike interval correlations affect neuronal signal transmission","Spikes to Muscle Activation","groups/735051"
"JZ52U5ID","10.1103/physreve.72.021911","Lindner","2005","Integrate-and-fire neurons with threshold noise: A tractable model of how interspike interval correlations affect neuronal signal transmission","Noise","groups/735051"
"CSCDTC2T","10.1016/j.compositesb.2017.05.013","Ferreira","2017","Experimental characterization and micrography of 3D printed PLA and PLA reinforced with short carbon fibers","","groups/735051"
"A9IC46VI","10.1016/j.neuron.2012.08.001","Feldman","2012","The spike timing dependence of plasticity","Afferent","groups/735051"
"7WRZ3IVL","10.1152/jn.1983.49.4.989","Hasan","1983","A model of spindle afferent response to muscle stretch","Afferent","groups/735051"
"F4X2BIGI","10.1111/j.1469-7793.1998.621bb.x","Kakuda","1998","Dynamic response of human muscle spindle afferents to stretch during voluntary contraction","Afferent","groups/735051"
"ERMXPZXW","10.1152/jn.1990.63.6.1297","Edin","1990","Dynamic response of human muscle spindle afferents to stretch","Mark;Afferent","groups/735051"
"WMCPTP6B","","Gardiner","2009","Stochastic methods: a handbook for the natural and social sciences","Noise","groups/735051"
"QXMFWJTK","10.1103/physreve.91.052701","Braun","2015","First-passage times in integrate-and-fire neurons with stochastic thresholds","Noise","groups/735051"
"JI7MS6W4","10.1103/physreve.71.011907","Ditlevsen","2005","Estimation of the input parameters in the Ornstein-Uhlenbeck neuronal model","Noise","groups/735051"
"8R2CEBQ5","10.1152/jn.00265.2009","Dai","2009","Electrophysiological and Pharmacological Properties of Locomotor Activity-Related Neurons in cfos-EGFP Mice","Spikes to Muscle Activation","groups/735051"
"XBNZUESX","10.3389/fncel.2014.00293","Stifani","2014","Motor neurons and the generation of spinal motor neurons diversity","Spikes to Muscle Activation","groups/735051"
"Q55KDVYH","10.1002/pat.70037","Battistelli","2024","Optimizing <span style=""font-variant:small-caps;"">3D</span> ‐Printing Parameters for Enhanced Mechanical Properties in Liquid Crystalline Polymer Components","Bibliography for all materials;Heat Treatment related studies","groups/735051"
"7BDNIIUL","10.1002/app.49926","Shi","2021","Study on performance characteristics of fused deposition modeling <span style=""font-variant:small-caps;"">3D</span> ‐printed composites by blending and lamination","Bibliography for all materials","groups/735051"
"3B9J3PMS","10.1088/1748-3190/10/4/041001","Buschmann","2015","Controlling legs for locomotion—insights from robotics and neurobiology","Morrow LM20;Sensory Feedback;Zheng Thesis","groups/735051"
"TCBBDCGR","10.1016/j.jneumeth.2010.01.005","Cofer","2010","AnimatLab: a 3D graphics environment for neuromechanical simulations","LM19;Young Scientist Seminar;Presentation;Virtual models;Biorobots;Prospectus;Manuel papers;Sensory Feedback;Manuscript;Hilts IROS18;Manuscript;Turbulence;Ben & Connor Neuro Project","groups/735051"
"XDIV6GIB","10.1016/j.jneumeth.2010.01.005","Cofer","2010","AnimatLab: a 3D graphics environment for neuromechanical simulations","LM19;Young Scientist Seminar;Presentation;Virtual models;Biorobots;Prospectus;Manuel papers;Sensory Feedback;Manuscript;Hilts IROS18;Manuscript;Turbulence;Ben & Connor Neuro Project","groups/735051"
"BCTWRRDT","10.1016/j.jneumeth.2010.01.005","Cofer","2010","AnimatLab: a 3D graphics environment for neuromechanical simulations","LM19;Young Scientist Seminar;Presentation;Virtual models;Biorobots;Prospectus;Manuel papers;Sensory Feedback;Manuscript;Hilts IROS18;Manuscript;Turbulence;Ben & Connor Neuro Project","groups/735051"
"8CR3M52S","10.1016/j.jneumeth.2010.01.005","Cofer","2010","AnimatLab: a 3D graphics environment for neuromechanical simulations","LM19;Young Scientist Seminar;Presentation;Virtual models;Biorobots;Prospectus;Manuel papers;Sensory Feedback;Manuscript;Hilts IROS18;Manuscript;Turbulence;Ben & Connor Neuro Project","groups/735051"
"23P2XAMP","10.1016/j.jneumeth.2010.01.005","Cofer","2010","AnimatLab: a 3D graphics environment for neuromechanical simulations","LM19;Young Scientist Seminar;Presentation;Virtual models;Biorobots;Prospectus;Manuel papers;Sensory Feedback;Manuscript;Hilts IROS18;Manuscript;Turbulence;Ben & Connor Neuro Project","groups/735051"
"NICN9HMW","10.1016/j.jneumeth.2010.01.005","Cofer","2010","AnimatLab: a 3D graphics environment for neuromechanical simulations","LM19;Young Scientist Seminar;Presentation;Virtual models;Biorobots;Prospectus;Manuel papers;Sensory Feedback;Manuscript;Hilts IROS18;Manuscript;Turbulence;Ben & Connor Neuro Project","groups/735051"
"BZR6CQLC","10.1016/j.jneumeth.2010.01.005","Cofer","2010","AnimatLab: a 3D graphics environment for neuromechanical simulations","LM19;Young Scientist Seminar;Presentation;Virtual models;Biorobots;Prospectus;Manuel papers;Sensory Feedback;Manuscript;Hilts IROS18;Manuscript;Turbulence;Ben & Connor Neuro Project","groups/735051"
"I7I7DK58","10.1016/j.jneumeth.2010.01.005","Cofer","2010","AnimatLab: a 3D graphics environment for neuromechanical simulations","LM19;Young Scientist Seminar;Presentation;Virtual models;Biorobots;Prospectus;Manuel papers;Sensory Feedback;Manuscript;Hilts IROS18;Manuscript;Turbulence;Ben & Connor Neuro Project","groups/735051"
"JTGA26T6","10.1016/j.jneumeth.2010.01.005","Cofer","2010","AnimatLab: a 3D graphics environment for neuromechanical simulations","LM19;Young Scientist Seminar;Presentation;Virtual models;Biorobots;Prospectus;Manuel papers;Sensory Feedback;Manuscript;Hilts IROS18;Manuscript;Turbulence;Ben & Connor Neuro Project","groups/735051"
"UB3RBSXE","10.3390/biomimetics8020247","Nourse","2023","SNS-Toolbox: An Open Source Tool for Designing Synthetic Nervous Systems and Interfacing Them with Cyber–Physical Systems","SNS Crashcourse;MURI24;Virtual models;Mark;Mantasha;references_Lutz_thesis","groups/735051"
"IVN6LHCJ","10.3390/biomimetics8020247","Nourse","2023","SNS-Toolbox: An Open Source Tool for Designing Synthetic Nervous Systems and Interfacing Them with Cyber–Physical Systems","SNS Crashcourse;MURI24;Virtual models;Mark;Mantasha;references_Lutz_thesis","groups/735051"
"Y62NMEB3","10.1098/rstb.1999.0441","Leeuwen","1999","Simulations of neuromuscular control in lamprey swimming","Sensory Feedback;LM 2021 Review","groups/735051"
"VLJKMHVB","10.1109/tnn.2003.820440","Izhikevich","2003","Simple model of spiking neurons","Manuel papers;FSA_Extensions;Neuron Modeling","groups/735051"
"7F9A7IV5","10.1007/s00422-006-0068-6","Burkitt","2006","A Review of the Integrate-and-fire Neuron Model: I. Homogeneous Synaptic Input","Subthreshold Dynamics;Neuron Modeling","groups/735051"
"USURWU4N","","Szczecinski","2017","Design process and tools for dynamic neuromechanical models and robot controllers","BRAIN21 Poster;SNS Crashcourse;MURI24;Mantasha;Virtual models;Hunt Lab;Hilts LM17;Hilts IROS18;Manuscript;Turbulence","groups/735051"
"ZCGBWISB","","Szczecinski","2017","Design process and tools for dynamic neuromechanical models and robot controllers","BRAIN21 Poster;SNS Crashcourse;MURI24;Mantasha;Virtual models;Hunt Lab;Hilts LM17;Hilts IROS18;Manuscript;Turbulence","groups/735051"
"8CVQU3FS","10.1080/10255840008915251","GARNER","2000","The Obstacle-Set Method for Representing Muscle Paths in Musculoskeletal Models","","groups/735051"
"FKDZC6TF","10.1152/jn.1997.77.6.3226","Prochazka","1997","Positive Force Feedback Control of Muscles","Sensory Feedback","groups/735051"
"YP8FMDF6","10.1007/s00221-006-0542-3","Akay","2006","Coordination of fore and hind leg stepping in cats on a transversely-split treadmill","Network Architecture","groups/735051"
"DBY8SU92","10.1038/nature12286","Talpalar","2013","Dual-mode operation of neuronal networks involved in left–right alternation","Network Architecture","groups/735051"
"P45UMEI5","10.1016/b978-0-444-53613-6.00006-x","Brownstone","2010","Spinal interneurons providing input to the final common path during locomotion","Network Architecture","groups/735051"
"87HEJ7EL","10.1113/jphysiol.2013.261115","Rybak","2013","Modelling genetic reorganization in the mouse spinal cord affecting left-right coordination during locomotion","Network Architecture;references_Lutz_thesis","groups/735051"
"8AL36IUR","10.1016/j.brainresrev.2007.06.022","Jankowska","2008","Spinal interneuronal networks in the cat: Elementary components","Network Architecture","groups/735051"
"APTHVJKD","10.1103/physreve.66.021909","Hillenbrand","2002","Subthreshold dynamics of the neural membrane potential driven by stochastic synaptic input","Subthreshold Dynamics;Noise","groups/735051"
"QM4YHQUS","10.1016/j.tins.2008.06.002","Ermentrout","2008","Reliability, synchrony and noise","Noise;references_Lutz_thesis","groups/735051"
"3Q99HFGG","10.1109/mra.2008.927689","Vallery","2008","Compliant actuation of rehabilitation robots","","groups/735051"
"F4B5DU9A","10.1109/mra.2008.927689","Vallery","2008","Compliant actuation of rehabilitation robots","","groups/735051"
"A8MUDZ94","10.1108/01439910210425522","Pratt","2002","Series elastic actuators for high fidelity force control","","groups/735051"
"3QVHMCQ8","10.1109/tmech.2013.2270435","Paine","2014","Design and Control Considerations for High-Performance Series Elastic Actuators","","groups/735051"
"5HGYCXZN","10.1088/1748-3182/7/4/046010","Shen","2012","A fundamental mechanism of legged locomotion with hip torque and leg damping","Mo;Damping in Locomotion;Stability in Legged Locomotion","groups/735051"
"53BNERF4","10.1088/1748-3182/7/4/046010","Shen","2012","A fundamental mechanism of legged locomotion with hip torque and leg damping","Mo;Damping in Locomotion;Stability in Legged Locomotion","groups/735051"
"393SCMF3","10.1038/s41598-023-30318-3","Mo","2023","Slack-based tunable damping leads to a trade-off between robustness and efficiency in legged locomotion","Damping in Locomotion;Haonan","groups/735051"
"YQNS2STP","10.1016/j.polymertesting.2022.107654","Birosz","2022","Effect of FDM infill patterns on mechanical properties","Bibliography for all materials","groups/735051"
"EKISBUDT","10.1162/089976600300015899","Gerstner","2000","Population Dynamics of Spiking Neurons: Fast Transients, Asynchronous States, and Locking","Spikes to Muscle Activation","groups/735051"
"NSD6RIA4","10.3389/fnbot.2020.577804","Szczecinski","2020","Extending the Functional Subnetwork Approach to a Generalized Linear Integrate-and-Fire Neuron Model","Spiking/NonSpiking Networks;CPG PDC;Young Scientist Seminar;Functional Subnetwork Approach;Presentation;Mathematical Examples;LM23;Hunt Lab;Mark;LM22;Sensory Feedback;Spikes to Muscle Activation;FSA_Extensions;Manuscript;BRAIN22 Poster;references_Lutz_thesis;Read","groups/735051"
"FBV979LQ","10.1152/jn.2002.87.5.2271","Griffin","2002","Stimulation pattern that maximizes force in paralyzed and control whole thenar muscles","Muscles;Spikes to Muscle Activation;Ben;references_Lutz_thesis","groups/735051"
"M75KVV8S","10.1007/978-3-031-72597-5_16","Szczecinski","2025","Pulse Modulation in Braided Pneumatic Actuators Mimics Contractile Behavior of Biological Muscles","BPAs;references_Lutz_thesis;Moe's Papers","groups/735051"
"QMXFWE93","10.1113/jphysiol.2014.273581","Farina","2014","The effective neural drive to muscles is the common synaptic input to motor neurons","Spikes to Muscle Activation","groups/735051"
"MVHRUMY4","10.1152/jn.01014.2006","Hooper","2007","Different Motor Neuron Spike Patterns Produce Contractions With Very Similar Rises in Graded Slow Muscles","Spikes to Muscle Activation","groups/735051"
"JFB3IEX2","10.1098/rspb.2011.1194","Herr","2011","Bionic ankle–foot prosthesis normalizes walking gait for persons with leg amputation","","groups/735051"
"B3RXUPIQ","10.1109/icra.2017.7989788","Shepherd","2017","Design of a quasi-passive ankle-foot prosthesis with biomimetic, variable stiffness","","groups/735051"
"K3STPHUL","10.1109/tmrb.2021.3098921","Carney","2021","Design and Preliminary Results of a Reaction Force Series Elastic Actuator for Bionic Knee and Ankle Prostheses","","groups/735051"
"SG2F5AE4","10.15760/etd.3808","Zheng","2024","Improving Biomimetic Passive Dynamics of a Quadruped Robot Hind Leg Hip Joint with a 3D Printed Torsion Spring","NSF NeuroNex;Hunt Lab","groups/735051"
"3FQ22DME","10.1101/cshperspect.a029702","Enoka","2017","Rate Coding and the Control of Muscle Force","To Read List","groups/735051"
"HLI96PID","10.1007/978-3-031-20470-8_4","Hunt","2022","SNS-Toolbox: A Tool for Efficient Simulation of Synthetic Nervous Systems","Mark","groups/735051"
"NGTSBZZS","10.1016/j.cuor.2005.12.004","Stewart","2006","(iv) Basic biomechanics of human joints: Hips, knees and the spine","Morrow Thesis;Morrow LM19","groups/735051"
"34G8U25I","10.1109/icit.2005.1600829","Wang","2005","Motion Control of a Robot Fish Based on CPG","CPG PDC;LM22;Robotics Examples;CPGs","groups/735051"
"ZGZ55A5X","10.1242/jeb.01500","Thompson","2005","Central pattern generator for swimming in <i>Melibe</i>","Behavioral Examples;Swimming;CPG PDC;LM22;Animal Examples;Manuscript;Mollusk;CPGs","groups/735051"
"IRUE437P","10.1152/jn.00216.2005","Lafreniere-Roula","2005","Deletions of Rhythmic Motoneuron Activity During Fictive Locomotion and Scratch Provide Clues to the Organization of the Mammalian Central Pattern Generator","CPG PDC;LM22;Animal Examples;Sensory Feedback;Mammals;CPGs","groups/735051"
"P9LXXIBN","10.1152/jn.00216.2005","Lafreniere-Roula","2005","Deletions of Rhythmic Motoneuron Activity During Fictive Locomotion and Scratch Provide Clues to the Organization of the Mammalian Central Pattern Generator","CPG PDC;LM22;Animal Examples;Sensory Feedback;Mammals;CPGs","groups/735051"
"35P5YW23","","Hoppensteadt","","Synaptic organizations and dynamical properties of weakly connected neural oscillators","Neural Oscillators","groups/735051"
"HESKIW3X","10.1152/jn.1997.77.6.3226","Prochazka","1997","Positive Force Feedback Control of Muscles","CHAPTER 2. BACKGROUND;Animal Data","groups/735051"
"L3MZKYX9","","Bolen","2023","Sensory Afferent Database: Advancing towards a comprehensive understanding of sensory afferents and motor control","NSF NeuroNex;Hunt Lab","groups/735051"
"BL6SK4DJ","","Jang","2023","The Neuroscience Club at Portland State University: Fostering engagement and collaboration in neuroscience education and outreach","Hunt Lab","groups/735051"
"T9QDBT8S","","Jang","2023","The Neuroscience Club at Portland State University: Fostering engagement and collaboration in neuroscience education and outreach","Hunt Lab","groups/735051"
"BBRSHU3U","","Jang","2023","The Neuroscience Club at Portland State University: Fostering engagement and collaboration in neuroscience education and outreach","Hunt Lab","groups/735051"
"VDV2HEMR","10.3389/fnbot.2020.577804","Szczecinski","2020","Extending the Functional Subnetwork Approach to a Generalized Linear Integrate-and-Fire Neuron Model","Spiking/NonSpiking Networks;CPG PDC;Young Scientist Seminar;Functional Subnetwork Approach;Presentation;Mathematical Examples;LM23;Hunt Lab;Mark;LM22;Sensory Feedback;Spikes to Muscle Activation;FSA_Extensions;Manuscript;BRAIN22 Poster;references_Lutz_thesis;Read","groups/735051"
"2BYU57RE","","Trappenberg","2022","Fundamentals of Computational Neuroscience: Third Edition","To Read List;references_Lutz_thesis","groups/735051"
"GGEPXL9X","10.1371/journal.pone.0268380","Naudin","2022","Systematic generation of biophysically detailed models with generalization capability for non-spiking neurons","Spiking/NonSpiking Networks;Jack","groups/735051"
"7IIJD4NP","10.3389/fnins.2021.633945","Strohmer","2021","Integrating Non-spiking Interneurons in Spiking Neural Networks","Spiking/NonSpiking Networks;Jack","groups/735051"
"IWUVQ2SN","10.3389/fncom.2015.00099","Diehl","2015","Unsupervised learning of digit recognition using spike-timing-dependent plasticity","Mark","groups/735051"
"WI9W2R3T","10.1109/70.481753","Chou","1996","Measurement and modeling of McKibben pneumatic artificial muscles","CHAPTER 2. BACKGROUND;Steele LM18;BPAs;BPA;references_Lutz_thesis;BPA Modeling;Read","groups/735051"
"NBY7546I","10.1109/70.481753","Chou","1996","Measurement and modeling of McKibben pneumatic artificial muscles","CHAPTER 2. BACKGROUND;Steele LM18;BPAs;BPA;references_Lutz_thesis;BPA Modeling;Read","groups/735051"
"7CQXRWUF","10.1016/s0021-9290(98)00048-7","Meijer","1998","A Hill type model of rat medial gastrocnemius muscle that accounts for shortening history effects","CHAPTER 2. BACKGROUND;Maybe Read?","groups/735051"
"X43B3WHG","10.1109/biorob.2006.1639201","Aschenbeck","2006","Design of a Quadruped Robot Driven by Air Muscles","Quadruped;MURI24;Construction;Quadruped;BPA","groups/735051"
"GIA5TTLY","","Aschenbeck","2006","Design of a Quadruped Robot Driven by Air Muscles (Master's thesis)","Quadruped;Construction;LM19;CHAPTER 2. BACKGROUND;BPA;Manuscript;Manuscript;references_Lutz_thesis","groups/735051"
"959YR8VU","","Colbrunn","2001","Modeling of Braided Pneumatic Actuators for Robotic Control","MURI24;CHAPTER 2. BACKGROUND;Steele LM18;BPAs;Joe;references_Lutz_thesis","groups/735051"
"U88TSUCF","","Colbrunn","2001","Modeling of Braided Pneumatic Actuators for Robotic Control","MURI24;CHAPTER 2. BACKGROUND;Steele LM18;BPAs;Joe;references_Lutz_thesis","groups/735051"
"IRZAX6VQ","","Colbrunn","2001","Modeling of Braided Pneumatic Actuators for Robotic Control","MURI24;CHAPTER 2. BACKGROUND;Steele LM18;BPAs;Joe;references_Lutz_thesis","groups/735051"
"PR43D873","10.1152/jn.01124.2011","Tóth","2012","A neuromechanical model explaining forward and backward stepping in the stick insect","CHAPTER 2. BACKGROUND","groups/735051"
"JDTZP4WA","10.1016/j.tins.2006.08.007","Pearson","2006","Assessing sensory function in locomotor systems using neuro-mechanical simulations","CHAPTER 2. BACKGROUND;Fall 22;Sensory Feedback;SteeleASME2;Steele ASME","groups/735051"
"GAPEAID3","10.1242/jeb.205.9.1315","Fischer","2002","Basic limb kinematics of small therian mammals","CHAPTER 2. BACKGROUND","groups/735051"
"T4YW2582","10.1242/jeb.205.9.1339","Witte","2002","Torque patterns of the limbs of small therian mammals during locomotion on flat ground","CHAPTER 2. BACKGROUND","groups/735051"
"V8LGTQNK","10.1007/s002210050712","Loeb","1999","A hierarchical foundation for models of sensorimotor control","Hunt17LR Papers;references_Lutz_thesis;Read","groups/735051"
"RLN7TFVA","10.3389/fbioe.2023.1193177","Andrada","2023","Positioning of pivot points in quadrupedal locomotion: limbs global dynamics in four different dog breeds","Mo","groups/735051"
"IE5PFS9J","","Rutter","2006","Transforming Insect Electromyograms into Pneumatic Muscle Control","Mo;BPA;references_Lutz_thesis","groups/735051"
"YHU2BF6E","10.1371/journal.pone.0292874","Vielemeyer","2023","Virtual pivot point: Always experimentally observed in human walking?","Mo","groups/735051"
"6F57NWKQ","","Seok","2015","Design Principles for Energy-Efficient Legged Locomotion and Implementation on the MIT Cheetah Robot","Hunt17LR Papers;Stability in Legged Locomotion;LM 2021 Review;references_Lutz_thesis;Read","groups/735051"
"QFJ8YRVD","","Seok","2015","Design Principles for Energy-Efficient Legged Locomotion and Implementation on the MIT Cheetah Robot","Hunt17LR Papers;Stability in Legged Locomotion;LM 2021 Review;references_Lutz_thesis;Read","groups/735051"
"26DXUDHJ","","Seok","2015","Design Principles for Energy-Efficient Legged Locomotion and Implementation on the MIT Cheetah Robot","Hunt17LR Papers;Stability in Legged Locomotion;LM 2021 Review;references_Lutz_thesis;Read","groups/735051"
"J7NMYIFW","","Seok","2015","Design Principles for Energy-Efficient Legged Locomotion and Implementation on the MIT Cheetah Robot","Hunt17LR Papers;Stability in Legged Locomotion;LM 2021 Review;references_Lutz_thesis;Read","groups/735051"
"FI77VJ5D","10.1109/lra.2019.2899750","Bjelonic","2019","Keep Rollin’—Whole-Body Motion Control and Planning for Wheeled Quadrupedal Robots","Maybe Read?","groups/735051"
"SV9LWRW6","","Seok","2015","Design Principles for Energy-Efficient Legged Locomotion and Implementation on the MIT Cheetah Robot","Hunt17LR Papers;Stability in Legged Locomotion;LM 2021 Review;references_Lutz_thesis;Read","groups/735051"
"9R8SLLHI","10.1088/1757-899x/1029/1/012018","Obukhova","2021","Study of non-linear synergy control laws on the experimental stand of pneumatic actuators","Mo","groups/735051"
"6PN7LXFE","10.1177/0278364916648388","Hubicki","2016","ATRIAS: Design and validation of a tether-free 3D-capable spring-mass bipedal robot","Mo","groups/735051"
"DDDXL7YW","10.1115/1.4023390","Millard","2013","Flexing Computational Muscle: Modeling and Simulation of Musculotendon Dynamics","Mo","groups/735051"
"VD4N3JF5","10.1109/lra.2018.2857511","Lakatos","2018","Dynamic Locomotion Gaits of a Compliantly Actuated Quadruped With SLIP-Like Articulated Legs Embodied in the Mechanical Design","Mo","groups/735051"
"U9GCXC7H","10.1088/1748-3190/ab968c","Chellapurath","2020","Locomotory behaviour of the intertidal marble crab ( <i>Pachygrapsus marmoratus</i> ) supports the underwater spring-loaded inverted pendulum as a fundamental model for punting in animals","Mo","groups/735051"
"FHMAR2BD","10.1117/12.823672","Schiopu","2009","Braided artificial muscles: modeling and experimental validation","Mo","groups/735051"
"HLR6ND6S","10.1007/s11012-019-01012-4","Khajehsaeid","2019","Adaptive back stepping fast terminal sliding mode control of robot manipulators actuated by pneumatic artificial muscles: continuum modelling, dynamic formulation and controller design","Mo","groups/735051"
"2NS3BBM5","10.1109/tpami.2019.2903179","Paredes-Vallés","2020","Unsupervised Learning of a Hierarchical Spiking Neural Network for Optical Flow Estimation: From Events to Global Motion Perception","Mark","groups/735051"
"QUIL4RJY","10.1016/j.brainresrev.2007.08.006","McCrea","2008","Organization of mammalian locomotor rhythm and pattern generation","Hunt17LR Papers;Dual-Layered CPGs;CPGs;Sensory Feedback;Manuscript;Read","groups/735051"
"TRUTXKZI","10.1007/s00422-011-0422-1","","2024","Deriving neural network controllers from neuro-biological data: Implementation of a single-leg stick insect controller","Hunt17LR Papers","groups/735051"
"SENU454D","10.3389/fncom.2014.00027","Spröwitz","2014","Kinematic primitives for walking and trotting gaits of a quadruped robot with compliant legs","Quadruped;Hunt17LR Papers;Fall 22;references_Lutz_quadruped;Ben;Read","groups/735051"
"BIXNI6CB","10.1523/jneurosci.07-12-03945.1987","Arbas","1987","Ionic conductances underlying the activity of interneurons that control heartbeat in the medicinal leech","Hunt17LR Papers;CPGs","groups/735051"
"S8LRXNKR","10.3389/fnbot.2010.00113","Amrollah","2010","On the Role of Sensory Feedbacks in Rowat–Selverston CPG to Improve Robot Legged Locomotion","Hunt17LR Papers","groups/735051"
"PH9S97VC","10.1109/iros.2013.6696541","Boaventura","2013","Stability and performance of the compliance controller of the quadruped robot HyQ","Hunt17LR Papers","groups/735051"
"7MSXGAVI","10.1242/jeb.205.18.2803","Jindrich","2002","Dynamic stabilization of rapid hexapedal locomotion","Hunt17LR Papers;references_Lutz_thesis","groups/735051"
"PZXY63S8","10.1113/jphysiol.1979.sp012645","Prochazka","1979","Muscle spindle discharge in normal and obstructed movements.","Sensory Feedback","groups/735051"
"ZMS66V28","10.1113/ep089826","Banks","2021","Secondary endings of muscle spindles: Structure, reflex action, role in motor control and proprioception","Sensory Feedback","groups/735051"
"R7FX5A9C","10.1152/jn.00071.2018","Macefield","2018","Functional properties of human muscle spindles","Sensory Feedback","groups/735051"
"KKF554T4","","Yardimci","","Part Quality Prediction Tools for Fused Deposition Processing","Bibliography for all materials","groups/735051"
"B3QMIYYY","10.1080/11762320802221074","Schmitz","2008","No Need for a Body Model: Positive Velocity Feedback for the Control of an 18-DOF Robot Walker","Maybe Read?","groups/735051"
"UCRCJ6UP","10.1113/jphysiol.1964.sp007477","Crowe","1964","Further studies of static and dynamic fusimotor fibres","Proprioceptive Feedback","groups/735051"
"D9NYJVGY","10.1152/physrev.1964.44.2.219","Matthews","1964","Muscle Spindles and Their Motor Control","Proprioceptive Feedback","groups/735051"
"CPWAEC5K","10.1162/neco.2008.12-07-680","Mihalaş","2009","A Generalized Linear Integrate-and-Fire Neural Model Produces Diverse Spiking Behaviors","Proprioceptive Feedback;Maybe Read?;references_Lutz_thesis","groups/735051"
"DDFU6EVD","10.3389/fnbot.2017.00037","Szczecinski","2017","A Functional Subnetwork Approach to Designing Synthetic Nervous Systems That Control Legged Robot Locomotion","SNS Crashcourse;MURI24;LM19;CPG PDC;Young Scientist Seminar;Functional Subnetwork Approach;Presentation;Mathematical Examples;LM23;Hunt Lab;LM22;AARL Paper Club papers;Sensory Feedback;FSA_Extensions;Manuscript;BRAIN22 Poster;Mantasha;Hilts IROS18;Manuscript;references_Lutz_thesis;Turbulence","groups/735051"
"W3HWKA58","","Bracun","2018","Artiﬁcial compound eye and synthetic neural network for recognition of motion","Fly Eye;Hunt Lab;Maybe Read?","groups/735051"
"WBYEV8SQ","10.3389/fncom.2015.00154","Malik","2016","An Assessment of Six Muscle Spindle Models for Predicting Sensory Information during Human Wrist Movements","Proprioceptive Feedback;ToRead;Sensory Feedback","groups/735051"
"RTS4ALPN","10.1016/j.isci.2023.106248","Cimolato","2023","Symbiotic electroneural and musculoskeletal framework to encode proprioception via neurostimulation: ProprioStim","Proprioceptive Feedback;Sensory Feedback","groups/735051"
"8T2ALLAX","10.1007/s00221-005-0325-2","Albert","2006","The Ia afferent feedback of a given movement evokes the illusion of the same movement when returned to the subject via muscle tendon vibration","Proprioceptive Feedback;ToRead;Sensory Feedback","groups/735051"
"EHZBDQNF","10.1113/jphysiol.1964.sp007476","Crowe","1964","The effects of stimulation of static and dynamic fusimotor fibres on the response to stretching of the primary endings of muscle spindles","Proprioceptive Feedback;Sensory Feedback","groups/735051"
"YZ6QWPSK","10.1113/jphysiol.1977.sp011840","Hulliger","1977","Effects of combining static and dynamic fusimotor stimulation on the response of the muscle spindle primary ending to sinusoidal stretching.","Proprioceptive Feedback;Sensory Feedback","groups/735051"
"KDTPAFGG","10.1114/1.1433488","Lin","2002","Structural Model of the Muscle Spindle","Proprioceptive Feedback;ToRead;Sensory Feedback","groups/735051"
"8HPK5T36","10.3389/fncom.2014.00141","Niu","2014","Emulated muscle spindle and spiking afferents validates VLSI neuromorphic hardware as a testbed for sensorimotor function and disease","Proprioceptive Feedback;Sensory Feedback","groups/735051"
"QHQX2U3E","10.1088/1741-2560/13/1/016001","Schiefer","2016","Sensory feedback by peripheral nerve stimulation improves task performance in individuals with upper limb loss using a myoelectric prosthesis","Proprioceptive Feedback;Sensory Feedback","groups/735051"
"P89UG36Y","10.1371/journal.pone.0207659","Schiefer","2018","Artificial tactile and proprioceptive feedback improves performance and confidence on object identification tasks","Proprioceptive Feedback;Sensory Feedback","groups/735051"
"DN9ZAYEQ","10.1111/j.1469-7793.1998.277bu.x","Prochazka","1998","Models of ensemble firing of muscle spindle afferents recorded during normal locomotion in cats","Proprioceptive Feedback;ToRead;Sensory Feedback","groups/735051"
"3ANQZVGM","10.1152/jn.00868.2005","Mileusnic","2006","Mathematical Models of Proprioceptors. I. Control and Transduction in the Muscle Spindle","Proprioceptive Feedback;ToRead;Sensory Feedback","groups/735051"
"JRHQKMM6","10.1016/j.isci.2023.106248","Cimolato","2023","Symbiotic electroneural and musculoskeletal framework to encode proprioception via neurostimulation: ProprioStim","Proprioceptive Feedback;Sensory Feedback","groups/735051"
"UMEK79UF","10.1016/s0140-6736(12)61263-x","Robinovitch","2013","Video capture of the circumstances of falls in elderly people residing in long-term care: an observational study","Morrow Thesis;Morrow LM19","groups/735051"
"9D6275QN","10.1177/0278364917743320","Van der Noot","2018","Bio-inspired controller achieving forward speed modulation with a 3D bipedal walker","Reggie;Cody;Mantasha;Morrow LM20;Prospectus;LM 2021 Review;Ben;references_Lutz_thesis;Models;Read;Ben & Connor Neuro Project","groups/735051"
"99AZM2IS","10.1007/s00422-013-0573-3","Szczecinski","2014","A neuromechanical simulation of insect walking and transition to turning of the cockroach Blaberus discoidalis","Mark","groups/735051"
"Z2ZWJI9U","10.1038/78829","Song","2000","Competitive Hebbian learning through spike-timing-dependent synaptic plasticity","Mark","groups/735051"
"TX8SUKQK","10.1007/s11837-017-2734-7","Singh","2018","Additive Manufacturing of Syntactic Foams: Part 1: Development, Properties, and Recycling Potential of Filaments","Bibliography for all materials","groups/735051"
"WPQTWFIA","10.1016/j.addma.2021.102518","Van De Voorde","2022","Effect of extrusion and fused filament fabrication processing parameters of recycled poly(ethylene terephthalate) on the crystallinity and mechanical properties","Bibliography for all materials;Heat Treatment related studies","groups/735051"
"AVCWE3X9","10.1007/s11012-019-01012-4","Khajehsaeid","2019","Adaptive back stepping fast terminal sliding mode control of robot manipulators actuated by pneumatic artificial muscles: continuum modelling, dynamic formulation and controller design","Mo","groups/735051"
"22CWRWPV","10.1371/journal.pone.0054041","Nijhuis","2013","A New Approach to Assess the Gastrocnemius Muscle Volume in Rodents Using Ultrasound; Comparison with the Gastrocnemius Muscle Index","","groups/735051"
"7VXCF9MW","10.1088/1748-3190/ad80ec","Goldsmith","2024","A biomimetic fruit fly robot for studying the neuromechanics of legged locomotion","","groups/735051"
"GSL5N8QM","10.1016/j.brainresrev.2007.06.022","Jankowska","2008","Spinal interneuronal networks in the cat: Elementary components","LM2024;Jubert;Sensory Feedback;Balance Control","groups/735051"
"J5QAH6KZ","","RONAY","","Liquid wire","LM2024;BPA","groups/735051"
"BEPLJKZD","10.1115/1.4028420","Chakravarthy","2014","Experimental Characterization and Control of Miniaturized Pneumatic Artificial Muscle","LM2024;BPA","groups/735051"
"3X55R3LJ","10.1109/robosoft.2019.8722776","Maselli","2019","A piezoresistive flexible sensor to detect soft actuator deformation","LM2024;BPA","groups/735051"
"FRHAFNMQ","10.15760/etd.3655","Chung","2023","Real-time Length Sensing of Braided Pneumatic Actuator using IR Time-of-Flight Sensor","NSF Career;LM2024;Hunt Lab;BPA","groups/735051"
"YZVXTYTS","10.3390/machines10121156","Antonelli","2022","Design and Characterization of a Mckibben Pneumatic Muscle Prototype with an Embedded Capacitive Length Transducer","LM2024;BPA","groups/735051"
"ZVMEXH3I","10.1109/tmech.2015.2493782","Felt","2016","Contraction Sensing With Smart Braid McKibben Muscles","LM2024;BPA","groups/735051"
"D4L3CTCZ","10.1089/soro.2018.0110","Wirekoh","2019","Sensorized, Flat, Pneumatic Artificial Muscle Embedded with Biomimetic Microfluidic Sensors for Proprioceptive Feedback","BPA","groups/735051"
"9HV8PP68","10.1109/iros.2005.1545315","Wakimoto","2005","Development of intelligent McKibben actuator","LM2024;BPA","groups/735051"
"WKFPQ4QC","10.1016/j.brainresbull.2007.03.010","Windhorst","2007","Muscle proprioceptive feedback and spinal networks","Proprioceptive Feedback;LM2024;Jubert;Manuel papers;Sensory Feedback;Local Feedback","groups/735051"
"ESUWNYJF","10.1016/j.addma.2018.04.039","Blok","2018","An investigation into 3D printing of fibre reinforced thermoplastic composites","Bibliography for all materials","groups/735051"
"LWI46WF3","10.1007/978-1-0716-1006-0_48","M.","2022","Locomotor Pattern Generation in the Rodent Spinal Cord","Sensory Feedback","groups/735051"
"TU8U2AWS","10.3390/ma16237311","Marabello","2023","Carbon Fiber 3D Printing: Technologies and Performance—A Brief Review","Bibliography for all materials","groups/735051"
"D6SMFWNX","10.1111/j.1469-7793.1998.277bu.x","Procházka","1998","Models of ensemble firing of muscle spindle afferents recorded during normal locomotion in cats","Sensory Feedback","groups/735051"
"W8QZLHPJ","10.1523/jneurosci.1737-09.2009","Pérez","2009","An Intersegmental Neuronal Architecture for Spinal Wave Propagation under Deletions","Sensory Feedback","groups/735051"
"UWJWFZDI","10.1007/978-3-319-95972-6_21","Hilts","2000","Emulating Balance Control Observed in Human Test Subjects with a Neural Network","Sensory Feedback","groups/735051"
"UA6LQ7EG","10.14288/1.0071394","Klarner","2010","Contribution of load and length related manipulations to muscle responses during force perturbations","Sensory Feedback","groups/735051"
"U3H7U8LW","10.1098/rspb.1911.0077","Brown","1911","The intrinsic factors in the act of progression in the mammal","Sensory Feedback","groups/735051"
"SNP7DVZX","10.1016/j.neuron.2013.02.007","Bui","2013","Circuits for Grasping: Spinal dI3 Interneurons Mediate Cutaneous Control of Motor Behavior","Sensory Feedback","groups/735051"
"SDRVZYYE","10.1016/j.cell.2015.06.036","Machado","2015","Primacy of Flexor Locomotor Pattern Revealed by Ancestral Reversion of Motor Neuron Identity","Sensory Feedback","groups/735051"
"RJXWCUY3","10.1007/bf00227344","Dietz","1994","HUMAN NEURONAL INTERLIMB COORDINATION DURING SPLIT-BELT LOCOMOTION","Sensory Feedback","groups/735051"
"QQ9QEAMV","10.3390/ijms22116007","Sławińska","2021","Unusual Quadrupedal Locomotion in Rat during Recovery from Lumbar Spinal Blockade of 5-HT7 Receptors.","Sensory Feedback","groups/735051"
"PWTVJSQA","10.1007/s00422-020-00851-9","Webster‐Wood","2020","Control for multifunctionality: bioinspired control based on feeding in Aplysia californica","Sensory Feedback","groups/735051"
"NQ9KHE98","10.1152/jn.01271.2003","Akay","2004","Signals from load sensors underlie interjoint coordination during stepping movements of the stick insect leg.","Sensory Feedback","groups/735051"
"NPUTMNDB","10.1152/jn.90729.2008","Endo","2008","Asymmetric Operation of the Locomotor Central Pattern Generator in the Neonatal Mouse Spinal Cord","Sensory Feedback","groups/735051"
"M4HEQKFW","10.1111/j.1469-7793.2000.00817.x","Sinkjær","2000","Major role for sensory feedback in soleus EMG activity in the stance phase of walking in man.","Sensory Feedback","groups/735051"
"J697VNZ2","10.1152/jn.00250.2018","Mayer","2018","Role of muscle spindle feedback in regulating muscle activity strength during walking at different speed in mice.","Sensory Feedback","groups/735051"
"K6VPQPVS","10.1152/jn.1997.77.2.797","Harkema","1997","Human Lumbosacral Spinal Cord Interprets Loading During Stepping","Sensory Feedback","groups/735051"
"JYTAHANR","10.1152/jn.00486.2017","Chu","2018","Stepping responses to treadmill perturbations vary with severity of motor deficits in human SCI","Sensory Feedback","groups/735051"
"IHU3VSAC","10.3390/ijms22031467","Akay","2021","Relative Contribution of Proprioceptive and Vestibular Sensory Systems to Locomotion: Opportunities for Discovery in the Age of Molecular Science.","Sensory Feedback","groups/735051"
"IF2Q4AM6","10.3389/fbioe.2022.825149","Kim","2022","Contribution of Afferent Feedback to Adaptive Hindlimb Walking in Cats: A Neuromusculoskeletal Modeling Study","Sensory Feedback","groups/735051"
"G27U8E3J","10.1101/2023.10.31.564886","Molkov","2023","Sensory Feedback and Central Neuronal Interactions in Mouse Locomotion","Sensory Feedback","groups/735051"
"D7EE5MWE","10.1109/lcsys.2018.2871126","Hilts","2019","A Dynamic Neural Network Designed Using Analytical Methods Produces Dynamic Control Properties Similar to an Analogous Classical Controller","Sensory Feedback","groups/735051"
"CX9PB3NV","10.1152/jn.00261.2012","Onushko","2013","Hip proprioceptors preferentially modulate reflexes of the leg in human spinal cord injury","Sensory Feedback","groups/735051"
"B8NSN6SA","10.1152/jn.2001.86.3.1321","Lam","2001","Proprioceptive modulation of hip flexor activity during the swing phase of locomotion in decerebrate cats.","Sensory Feedback","groups/735051"
"AEIIMXXV","10.1073/pnas.1419045111","Akay","2014","Degradation of mouse locomotor pattern in the absence of proprioceptive sensory feedback","Sensory Feedback","groups/735051"
"75X9BGTA","10.1152/jn.00866.2014","Bui","2015","Sensory-evoked perturbations of locomotor activity by sparse sensory input: a computational study","Sensory Feedback","groups/735051"
"68ZZWNI8","10.1152/jn.90895.2008","Селионов","2009","Tonic Central and Sensory Stimuli Facilitate Involuntary Air-Stepping in Humans","Sensory Feedback","groups/735051"
"66VKGB47","10.1016/j.neuron.2008.09.027","Zhang","2008","V3 spinal neurons establish a robust and balanced locomotor rhythm during walking.","Sensory Feedback","groups/735051"
"5S5B2CVT","10.1113/jp274518","Kuczynski","2017","Lack of adaptation during prolonged split-belt locomotion in the intact and spinal cat.","Sensory Feedback","groups/735051"
"5BLAK9UK","10.3390/ijms22031394","Rančić","2021","Recent Insights into the Rhythmogenic Core of the Locomotor CPG.","Sensory Feedback","groups/735051"
"ZLVU2C7R","10.1111/j.1469-7793.2000.00639.x","Gosgnach","2000","Depression of group Ia monosynaptic EPSPs in cat hindlimb motoneurones during fictive locomotion.","Sensory Feedback","groups/735051"
"YME4FFF5","10.3389/fnsys.2023.1199079","Mari","2023","A sensory signal related to left-right symmetry modulates intra- and interlimb cutaneous reflexes during locomotion in intact cats","Sensory Feedback","groups/735051"
"XBLMKNIN","10.3389/fnins.2019.01288","Fujiki","2019","Phase-Dependent Response to Afferent Stimulation During Fictive Locomotion: A Computational Modeling Study.","Sensory Feedback","groups/735051"
"VNKHM9DJ","10.1152/jn.2001.86.1.447","Burke","2001","Patterns of locomotor drive to motoneurons and last-order interneurons: clues to the structure of the CPG.","Sensory Feedback","groups/735051"
"TVM67C5H","10.1016/j.robot.2011.12.005","Aoi","2012","Sensory regulation of stance-to-swing transition in generation of adaptive human walking: A simulation study","Sensory Feedback","groups/735051"
"TV8V6JSF","10.1152/jn.1999.82.1.290","Mori","1999","Stimulation of a Restricted Region in the Midline Cerebellar White Matter Evokes Coordinated Quadrupedal Locomotion in the Decerebrate Cat","Sensory Feedback","groups/735051"
"TJGHZQV4","10.1038/nature04545","Gosgnach","2006","V1 spinal neurons regulate the speed of vertebrate locomotor outputs.","Sensory Feedback","groups/735051"
"TADDEQM4","10.1016/j.neuron.2008.08.009","Crone","2008","Genetic Ablation of V2a Ipsilateral Interneurons Disrupts Left-Right Locomotor Coordination in Mammalian Spinal Cord","Sensory Feedback","groups/735051"
"SWBFTKG2","10.1152/jn.00479.2001","Yakovenko","2002","Spatiotemporal activation of lumbosacral motoneurons in the locomotor step cycle","Sensory Feedback","groups/735051"
"S9VFIJZR","10.3389/fnbot.2017.00039","Aoi","2017","Adaptive Control Strategies for Interlimb Coordination in Legged Robots: A Review","Sensory Feedback","groups/735051"
"PEIYYLLJ","10.1152/physrev.00028.2005","Rossignol","2006","Dynamic Sensorimotor Interactions in Locomotion","Sensory Feedback","groups/735051"
"PB88FK52","10.1152/jn.01300.2004","Gregor","2006","Mechanics of slope walking in the cat: quantification of muscle load, length change, and ankle extensor EMG patterns.","Sensory Feedback","groups/735051"
"NXZHZWRT","10.1152/jn.00602.2017","Stein","2018","Central pattern generators in the turtle spinal cord: selection among the forms of motor behaviors.","Sensory Feedback","groups/735051"
"NVQV5H42","10.1016/j.neuron.2006.11.008","Grillner","2006","Biological Pattern Generation: The Cellular and Computational Logic of Networks in Motion","Sensory Feedback","groups/735051"
"M58PFY6T","10.1152/jn.00863.2002","Verschueren","2003","Vibration-Induced Changes in EMG During Human Locomotion","Sensory Feedback","groups/735051"
"KFJY7TCT","10.1016/s0896-6273(03)00353-2","Butt","2003","Functional identification of interneurons responsible for left-right coordination of hindlimbs in mammals.","Sensory Feedback","groups/735051"
"IWWXSDC6","10.1016/j.conb.2009.10.011","Grillner","2009","Measured motion: searching for simplicity in spinal locomotor networks.","Sensory Feedback","groups/735051"
"I5FD3P3D","10.1113/jp272787","Danner","2016","Central control of interlimb coordination and speed-dependent gait expression in quadrupeds.","Sensory Feedback","groups/735051"
"GFZPJ3E2","10.1152/jn.00658.2017","Bidaye","2018","Six-legged walking in insects: how CPGs, peripheral feedback, and descending signals generate coordinated and adaptive motor rhythms","Sensory Feedback","groups/735051"
"GEDNFIMD","10.1152/jn.1998.79.4.1687","Carlson‐Kuhta","1998","Forms of forward quadrupedal locomotion. II. A comparison of posture, hindlimb kinematics, and motor patterns for upslope and level walking.","Sensory Feedback","groups/735051"
"G9BZUE3A","10.1038/s41598-018-35714-8","Fujiki","2018","Adaptive hindlimb split-belt treadmill walking in rats by controlling basic muscle activation patterns via phase resetting","Sensory Feedback","groups/735051"
"FZKPS9GW","10.1145/245108.245118","Beer","1997","Biologically inspired approaches to robotics: what can we learn from insects?","Sensory Feedback","groups/735051"
"FJJBX5VI","10.1101/2022.05.21.492933","Ozeri-Engelhard","2022","Inhibitory interneurons within the deep dorsal horn integrate convergent sensory input to regulate motor performance","Sensory Feedback","groups/735051"
"FGGHRK2M","10.7287/peerj.preprints.26734v1","Yakovenko","2018","Analytical CPG model driven by limb velocity input generates accurate temporal locomotor dynamics.","Sensory Feedback","groups/735051"
"FDCXM6L5","10.1152/jn.00991.2004","Yakovenko","2005","Control of locomotor cycle durations.","Sensory Feedback","groups/735051"
"EN4K6QKE","10.7554/elife.04718","Britz","2015","A genetically defined asymmetry underlies the inhibitory control of flexor–extensor locomotor movements","Sensory Feedback","groups/735051"
"EM74VYJQ","10.1098/rstb.2009.0322","Whelan","2010","Shining light into the black box of spinal locomotor networks","Sensory Feedback","groups/735051"
"E3THWCKZ","10.1152/jn.00871.2015","Stein","2016","Modular organization of the multipartite central pattern generator for turtle rostral scratch: knee-related interneurons during deletions","Sensory Feedback","groups/735051"
"DP9H7G39","10.1523/jneurosci.1206-09.2009","Crone","2009","In mice lacking V2a interneurons, gait depends on speed of locomotion","Sensory Feedback","groups/735051"
"DFICPYG7","10.1113/jphysiol.1958.sp006101","Eccles","1958","Integrative pattern of Ia synaptic actions on motoneurones of hip and knee muscles.","Sensory Feedback","groups/735051"
"DCK7858G","10.3390/ijms22115882","Grillner","2021","The CPGs for Limbed Locomotion-Facts and Fiction.","Sensory Feedback","groups/735051"
"3AUEV2Q9","10.1111/nyas.12055","Hochman","2013","Force-sensitive afferents recruited during stance encode sensory depression in the contralateral swinging limb during locomotion.","Sensory Feedback","groups/735051"
"AQ8Z5A57","10.1016/b978-0-444-53613-6.00006-x","Brownstone","2010","Spinal interneurons providing input to the final common path during locomotion","Sensory Feedback","groups/735051"
"944IK68C","10.1016/j.neuron.2012.05.011","Arber","2012","Motor circuits in action: specification, connectivity, and function","Sensory Feedback","groups/735051"
"78KEIIW6","10.1111/j.1749-6632.2010.05435.x","Markin","2010","Afferent control of locomotor CPG: insights from a simple neuromechanical model","Sensory Feedback","groups/735051"
"7598WG5J","10.3389/fncir.2022.1076766","Gosgnach","2022","Synaptic connectivity amongst components of the locomotor central pattern generator","Sensory Feedback","groups/735051"
"6EQM7PQM","10.1113/jphysiol.1987.sp016676","Edgley","1987","An interneuronal relay for group I and II muscle afferents in the midlumbar segments of the cat spinal cord.","Sensory Feedback","groups/735051"
"6CIDDAI2","10.3390/app8010006","Rubeo","2017","A Synthetic Nervous System Controls a Simulated Cockroach","Sensory Feedback;Mantasha","groups/735051"
"6ANPW9D4","10.1098/rstb.2006.1889","Rossignol","2006","Plasticity of connections underlying locomotor recovery after central and/or peripheral lesions in the adult mammals","Sensory Feedback","groups/735051"
"5RVZJYUV","10.1177/0278364905055381","Kaliyamoorthy","2005","Force Sensors in Hexapod Locomotion","Sensory Feedback","groups/735051"
"5IHU84FP","10.3389/fneur.2012.00183","Guertin","2013","Central Pattern Generator for Locomotion: Anatomical, Physiological, and Pathophysiological Considerations","Sensory Feedback","groups/735051"
"2MRVEPMK","10.1523/jneurosci.22-22-09961.2002","Butt","2002","Firing Properties of Identified Interneuron Populations in the Mammalian Hindlimb Central Pattern Generator","Sensory Feedback","groups/735051"
"2ATPIUZS","10.1523/jneurosci.16-18-05777.1996","Kjærulff","1996","Distribution of networks generating and coordinating locomotor activity in the neonatal rat spinal cord in vitro: a lesion study","Sensory Feedback","groups/735051"
"ZQ3DSJG8","10.1523/jneurosci.5188-14.2015","Kasumacic","2015","Segmental organization of vestibulospinal inputs to spinal interneurons mediating crossed activation of thoracolumbar motoneurons in the neonatal mouse.","Sensory Feedback","groups/735051"
"Y5RN429I","10.1523/jneurosci.20-22-08577.2000","Marcoux","2000","Initiating or Blocking Locomotion in Spinal Cats by Applying Noradrenergic Drugs to Restricted Lumbar Spinal Segments","Sensory Feedback","groups/735051"
"X6EGS2BH","10.1101/2020.07.29.226530","Merlet","2020","Cutaneous inputs from perineal region facilitates and modulates spinal locomotor activity and reduces cutaneous reflexes from the foot in spinal cats","Sensory Feedback","groups/735051"
"VMRDCKP9","10.1007/s10827-014-0519-3","Shaw","2015","The significance of dynamical architecture for adaptive responses to mechanical loads during rhythmic behavior","Sensory Feedback","groups/735051"
"VAFW5DG5","10.1073/pnas.1304365110","Hägglund","2013","Optogenetic dissection reveals multiple rhythmogenic modules underlying locomotion","Sensory Feedback","groups/735051"
"TP4BVFRP","10.1523/jneurosci.22-18-08259.2002","Perreault","2002","Motoneurons have different membrane resistance during fictive scratching and weight support.","Sensory Feedback","groups/735051"
"SZYKCE6F","10.1113/jphysiol.2010.195644","Kasumacic","2010","Segmental patterns of vestibular-mediated synaptic inputs to axial and limb motoneurons in the neonatal mouse assessed by optical recording","Sensory Feedback","groups/735051"
"SPSHN4HT","10.1523/jneurosci.5486-10.2011","Szokol","2011","Organization of functional synaptic connections between medullary reticulospinal neurons and lumbar descending commissural interneurons in the neonatal mouse.","Sensory Feedback","groups/735051"
"SMG89KZB","10.1016/j.neuron.2013.08.015","Dougherty","2013","Locomotor Rhythm Generation Linked to the Output of Spinal Shox2 Excitatory Interneurons","Sensory Feedback","groups/735051"
"SEC6VAPK","10.1111/j.1469-7793.2000.00389.x","Pang","2000","The initiation of the swing phase in human infant stepping: importance of hip position and leg loading","Sensory Feedback","groups/735051"
"SDLWGZKW","10.1038/s41467-023-36587-w","Hsu","2023","Deconstructing the modular organization and real-time dynamics of mammalian spinal locomotor networks","Sensory Feedback","groups/735051"
"S3U3H296","10.1523/jneurosci.1618-07.2007","Quinlan","2007","Segmental, Synaptic Actions of Commissural Interneurons in the Mouse Spinal Cord","Sensory Feedback","groups/735051"
"RYZ44KUJ","10.1523/jneurosci.1082-18.2018","Hurteau","2018","A Spinal Mechanism Related to Left–Right Symmetry Reduces Cutaneous Reflex Modulation Independently of Speed During Split-Belt Locomotion","Sensory Feedback","groups/735051"
"RT2NFLR7","10.1152/jn.00497.2003","Bouyer","","Contribution of Cutaneous Inputs From the Hindpaw to the Control of Locomotion. II. Spinal Cats","Sensory Feedback","groups/735051"
"RAW9HP9B","10.1002/cne.23904","Sivertsen","2016","Pontine reticulospinal projections in the neonatal mouse: Internal organization and axon trajectories.","Sensory Feedback","groups/735051"
"QDS24AX3","10.1152/jn.00820.2013","Sivertsen","2014","Organization of pontine reticulospinal inputs to motoneurons controlling axial and limb muscles in the neonatal mouse.","Sensory Feedback","groups/735051"
"NU4P4MZQ","10.3389/fnins.2021.720542","Merlet","2021","Inhibition and Facilitation of the Spinal Locomotor Central Pattern Generator and Reflex Circuits by Somatosensory Feedback From the Lumbar and Perineal Regions After Spinal Cord Injury.","Sensory Feedback","groups/735051"
"MWESJRQ6","10.1152/jn.00175.2005","Quevedo","2005","Stumbling corrective reaction during fictive locomotion in the cat.","Sensory Feedback","groups/735051"
"MW4V5A6V","10.1523/jneurosci.0816-20.2020","Harnie","2020","The Spinal Control of Backward Locomotion.","Sensory Feedback","groups/735051"
"LDHNRUTY","10.1113/jphysiol.1992.sp019296","Cazalets","1992","Activation of the central pattern generators for locomotion by serotonin and excitatory amino acids in neonatal rat.","Sensory Feedback","groups/735051"
"L72XUUJ8","10.1113/jphysiol.2004.076034","Angel","2005","Candidate interneurones mediating group I disynaptic EPSPs in extensor motoneurones during fictive locomotion in the cat.","Sensory Feedback","groups/735051"
"L2K5S24H","10.1113/jphysiol.2012.234609","Kasumacic","2012","Vestibular-mediated synaptic inputs and pathways to sympathetic preganglionic neurons in the neonatal mouse.","Sensory Feedback","groups/735051"
"KMFZI4NU","10.1523/jneurosci.1654-20.2020","Zholudeva","2021","Spinal Interneurons as Gatekeepers to Neuroplasticity after Injury or Disease.","Sensory Feedback","groups/735051"
"KKPKBIBY","10.1152/jn.00944.2011","Hatz","2012","Control of ankle extensor muscle activity in walking cats","Sensory Feedback","groups/735051"
"KBJ2K7JT","10.1113/jphysiol.1957.sp005849","Eccles","1957","Synaptic actions on motoneurones caused by impulses in Golgi tendon organ afferents.","Sensory Feedback","groups/735051"
"JPTNIN7Q","10.3389/fphys.2018.00784","Côté","2018","Spinal Control of Locomotion: Individual Neurons, Their Circuits and Functions.","Sensory Feedback","groups/735051"
"JJ3JST8W","10.1152/jn.00718.2011","Hellekes","2012","Control of reflex reversal in stick insect walking: effects of intersegmental signals, changes in direction, and optomotor-induced turning","Sensory Feedback","groups/735051"
"HXP3SJV9","10.1016/j.neuroscience.2020.09.017","Domínguez-Rodríguez","2020","Candidate Interneurons Mediating the Resetting of the Locomotor Rhythm by Extensor Group I Afferents in the Cat.","Sensory Feedback","groups/735051"
"HX37QWMB","10.1152/jn.00176.2005","Quevedo","2005","Intracellular analysis of reflex pathways underlying the stumbling corrective reaction during fictive locomotion in the cat.","Sensory Feedback","groups/735051"
"FAILR6YN","10.1152/jn.00891.2006","Musselman","2007","Loading the Limb During Rhythmic Leg Movements Lengthens the Duration of Both Flexion and Extension in Human Infants","Sensory Feedback","groups/735051"
"ELEQG8AT","10.1152/jn.01177.2006","Guevremont","2007","Physiologically based controller for generating overground locomotion using functional electrical stimulation.","Sensory Feedback","groups/735051"
"DI97SX32","10.1113/jphysiol.2008.158105","Szokol","2008","Differential origin of reticulospinal drive to motoneurons innervating trunk and hindlimb muscles in the mouse revealed by optical recording","Sensory Feedback","groups/735051"
"CMV36GP2","10.1111/j.1469-7793.1999.00691.x","Perreault","1999","Depression of muscle and cutaneous afferent-evoked monosynaptic field potentials during fictive locomotion in the cat.","Sensory Feedback","groups/735051"
"C8FIG7VR","10.1016/j.neuron.2014.02.013","Zhang","2014","V1 and V2b Interneurons Secure the Alternating Flexor-Extensor Motor Activity Mice Require for Limbed Locomotion","Sensory Feedback","groups/735051"
"B86KWK9W","10.1523/jneurosci.19-24-10966.1999","Perreault","1999","Proprioceptive Control of Extensor Activity during Fictive Scratching and Weight Support Compared to Fictive Locomotion","Sensory Feedback","groups/735051"
"AWDGRYKJ","10.1089/neu.2022.0042","Audet","2022","Control of fore- and hindlimb movements and their coordination during quadrupedal locomotion across speeds in adult spinal cats","Sensory Feedback","groups/735051"
"ALD2ATTC","10.1152/jn.00322.2017","Ziskind-Conhaim","2017","Diversity of molecularly defined spinal interneurons engaged in mammalian locomotor pattern generation.","Sensory Feedback","groups/735051"
"9LKHHWJC","10.1038/s41467-023-39034-y","Minassian","2023","Rare phenomena of central rhythm and pattern generation in a case of complete spinal cord injury","Sensory Feedback","groups/735051"
"9HWDJ97I","10.1002/jnr.24791","Merlet","2021","Cutaneous inputs from perineal region facilitate spinal locomotor activity and modulate cutaneous reflexes from the foot in spinal cats.","Sensory Feedback","groups/735051"
"9EM39XQM","10.1242/jeb.056481","Bender","2011","Kinematic and behavioral evidence for a distinction between trotting and ambling gaits in the cockroach Blaberus discoidalis","Sensory Feedback","groups/735051"
"97SWS6KA","10.1113/jphysiol.1982.sp014319","Akazawa","1982","Modulation of stretch reflexes during locomotion in the mesencephalic cat","Sensory Feedback","groups/735051"
"836MUPUF","10.1113/jphysiol.1996.sp021538","Angel","1996","Group I extensor afferents evoke disynaptic EPSPs in cat hindlimb extensor motorneurones during fictive locomotion.","Sensory Feedback","groups/735051"
"7R6LLRPN","10.1152/jn.00739.2014","Hurteau","2015","Effect of stimulating the lumbar skin caudal to a complete spinal cord injury on hindlimb locomotion","Sensory Feedback","groups/735051"
"7ARCKL34","10.1113/jphysiol.2005.091744","Nielsen","2005","Organization of common synaptic drive to motoneurones during fictive locomotion in the spinal cat","Sensory Feedback","groups/735051"
"72QBRRZS","10.1113/jphysiol.2005.095505","Stecina","2005","Parallel reflex pathways from flexor muscle afferents evoking resetting and flexion enhancement during fictive locomotion and scratch in the cat.","Sensory Feedback","groups/735051"
"6WPNDE7W","10.1152/jn.1998.79.4.1702","Smith","","Forms of Forward Quadrupedal Locomotion. III. A Comparison of Posture, Hindlimb Kinematics, and Motor Patterns for Downslope and Level Walking","Sensory Feedback","groups/735051"
"6PFEZI7B","10.1038/nrn2608","Goulding","2009","Circuits controlling vertebrate locomotion: moving in a new direction","Sensory Feedback","groups/735051"
"6I6PIITS","10.1113/jphysiol.1957.sp005794","Eccles","1957","The convergence of monosynaptic excitatory afferents on to many different species of alpha motoneurones","Sensory Feedback","groups/735051"
"5YGIH3JI","10.1016/j.cophys.2019.03.001","Perreault","2019","Diversity of reticulospinal systems in mammals","Sensory Feedback","groups/735051"
"5T43RHVU","10.3389/fncom.2013.00083","Krouchev","2013","Motor cortical regulation of sparse synergies provides a framework for the flexible control of precision walking","Sensory Feedback","groups/735051"
"5753UKIN","10.1152/jn.00550.2017","Ausborn","2018","State-dependent rhythmogenesis and frequency control in a half-center locomotor CPG","Sensory Feedback","groups/735051"
"4WH3SZG4","10.1113/jphysiol.2006.113043","Perreault","2006","Contribution of morphology and membrane resistance to integration of fast synaptic signals in two thalamic cell types","Sensory Feedback","groups/735051"
"4DYM9CRS","10.1523/jneurosci.2005-13.2013","Borowska","2013","Functional subpopulations of V3 interneurons in the mature mouse spinal cord.","Sensory Feedback","groups/735051"
"2U75IEJK","10.1111/j.1469-7793.2000.t01-1-00549.x","Quevedo","2000","Group I disynaptic excitation of cat hindlimb flexor and bifunctional motoneurones during fictive locomotion.","Sensory Feedback","groups/735051"
"ZKGP9D4W","10.3390/biomimetics4010010","Young","2019","Analyzing Moment Arm Profiles in a Full-Muscle Rat Hindlimb Model","Sensory Feedback","groups/735051"
"YLMTFEIF","10.14814/phy2.13504","Yokoyama","2017","Motor module activation sequence and topography in the spinal cord during air-stepping in human: Insights into the traveling wave in spinal locomotor circuits.","Sensory Feedback","groups/735051"
"WAU7DRIS","10.1113/jphysiol.2013.261115","Rybak","2013","Modelling genetic reorganization in the mouse spinal cord affecting left–right coordination during locomotion","Sensory Feedback","groups/735051"
"U3T3LR6D","10.1523/jneurosci.4849-09.2010","Zhong","2010","Electrophysiological Characterization of V2a Interneurons and Their Locomotor-Related Activity in the Neonatal Mouse Spinal Cord","Sensory Feedback","groups/735051"
"T54HA5Z2","10.7939/r3-jt04-kz83","Haque","2019","Characterization of WT1-expressing interneurons and investigation of their role in locomotion","Sensory Feedback","groups/735051"
"TIY8SZMQ","10.1113/jphysiol.1993.sp019498","Beloozerova","1993","The role of the motor cortex in the control of accuracy of locomotor movements in the cat.","Sensory Feedback","groups/735051"
"T7JV83CR","10.1016/s0960-9822(01)00581-4","Marder","2001","Central pattern generators and the control of rhythmic movements","Sensory Feedback","groups/735051"
"QYQFFZZ3","10.1088/1748-3190/aada54","Duysens","2018","Walking with perturbations: a guide for biped humans and robots","Sensory Feedback","groups/735051"
"PW7NJ7IF","10.1523/eneuro.0069-15.2015","Rybak","2015","Organization of the Mammalian Locomotor CPG: Review of Computational Model and Circuit Architectures Based on Genetically Identified Spinal Interneurons(1,2,3).","Sensory Feedback","groups/735051"
"PM2TDRDN","10.1111/j.1460-9568.2010.07354.x","Jankowska","2010","Functional subdivision of feline spinal interneurons in reflex pathways from group Ib and II muscle afferents; an update.","Sensory Feedback","groups/735051"
"NFLA6TZ9","10.1523/jneurosci.3338-09.2009","Chiel","2009","The Brain in Its Body: Motor Control and Sensing in a Biomechanical Context","Sensory Feedback","groups/735051"
"M64JTJ5S","10.1016/j.arcontrol.2019.04.004","Duysens","2019","A controller perspective on biological gait control: Reflexes and central pattern generators","Sensory Feedback","groups/735051"
"LYRNY4PE","10.3389/fnsys.2022.814028","Harnie","2022","State- and Condition-Dependent Modulation of the Hindlimb Locomotor Pattern in Intact and Spinal Cats Across Speeds","Sensory Feedback","groups/735051"
"LI89AQGW","10.1152/jn.1997.77.6.3311","Zehr","1997","Cutaneous Reflexes During Human Gait: Electromyographic and Kinematic Responses to Electrical Stimulation","Sensory Feedback","groups/735051"
"LHG67PEV","10.1038/ncomms1276","Zhong","2011","Frequency-dependent recruitment of V2a interneurons during fictive locomotion in the mouse spinal cord","Sensory Feedback","groups/735051"
"KTI6QSKD","10.3389/fncel.2019.00452","Li","2019","Flexor and Extensor Ankle Afferents Broadly Innervate Locomotor Spinal Shox2 Neurons and Induce Similar Effects in Neonatal Mice.","Sensory Feedback","groups/735051"
"KHKVK2XU","10.3727/096368911x627598","Boulland","2012","Evaluation of intracellular labeling with micron-sized particles of iron oxide (MPIOs) as a general tool for in vitro and in vivo tracking of human stem and progenitor cells.","Sensory Feedback","groups/735051"
"JGRB34M5","10.1113/jphysiol.1981.sp013556","Jankowska","1981","Common interneurones in reflex pathways from group 1a and 1b afferents of ankle extensors in the cat.","Sensory Feedback","groups/735051"
"IYPGFJZ9","10.21203/rs.3.rs-153297/v1","Sutton","2021","Neural control of rhythmic limb motion is shaped by size and speed","Sensory Feedback","groups/735051"
"HQSP8NJ9","10.1523/jneurosci.15-07-04943.1995","Cazalets","1995","Localization and organization of the central pattern generator for hindlimb locomotion in newborn rat","Sensory Feedback","groups/735051"
"H6H8A33F","10.1152/jn.00325.2004","Donelan","2004","Contribution of Force Feedback to Ankle Extensor Activity in Decerebrate Walking Cats","Sensory Feedback","groups/735051"
"GWF5UTX7","10.1152/physrev.2001.81.2.539","Bosco","2001","Proprioception from a spinocerebellar perspective.","Sensory Feedback","groups/735051"
"GRUXIVIC","10.1152/jn.00888.2005","Duysens","2006","How deletions in a model could help explain deletions in the laboratory.","Sensory Feedback","groups/735051"
"FVJCENYZ","10.1038/s41598-021-90058-0","Stark","2021","A three-dimensional musculoskeletal model of the dog.","Sensory Feedback","groups/735051"
"EL8TKY6M","10.7554/elife.73424","Zhang","2022","The role of V3 neurons in speed-dependent interlimb coordination during locomotion in mice.","Sensory Feedback","groups/735051"
"CUD2RGIF","10.1152/jn.90918.2008","Donelan","2009","Force Regulation of Ankle Extensor Muscle Activity in Freely Walking Cats","Sensory Feedback","groups/735051"
"BG6SY4ZA","10.1152/physrev.2000.80.1.83","Duysens","2000","Load-regulating mechanisms in gait and posture: comparative aspects.","Sensory Feedback","groups/735051"
"B9L7KKTL","10.1101/2021.09.01.458603","Zhang","2021","The role of V3 neurons in speed-dependent interlimb coordination during locomotion in mice","Sensory Feedback","groups/735051"
"A6QT23WR","10.1152/jn.00020.2021","Hachmann","2021","Epidural spinal cord stimulation as an intervention for motor recovery after motor complete spinal cord injury.","Sensory Feedback","groups/735051"
"9EUZD68F","10.1152/jn.00496.2003","Gagnon","2003","Contribution of Cutaneous Inputs From the Hindpaw to the Control of Locomotion. I. Intact Cats","Sensory Feedback","groups/735051"
"7ZVT46ZE","10.1002/cne.20711","Álvarez","2005","Postnatal Phenotype and Localization of Spinal Cord V1 Derived Interneurons","Sensory Feedback","groups/735051"
"6YUNDHJE","10.3389/fncom.2013.00014","Duysens","2013","The flexion synergy, mother of all synergies and father of new models of gait","Sensory Feedback","groups/735051"
"5VM3HZRD","10.1152/jn.1999.81.2.758","Hiebert","1999","Contribution of Sensory Feedback to the Generation of Extensor Activity During Walking in the Decerebrate Cat","Sensory Feedback","groups/735051"
"4YL4KI3J","10.1101/2020.07.17.205351","Latash","2020","On the organization of the locomotor CPG: insights from split-belt locomotion and mathematical modeling","Sensory Feedback","groups/735051"
"4G8A9XJ5","10.1016/s0966-6362(97)00042-8","Duysens","1998","Neural control of locomotion; Part 1: The central pattern generator from cats to humans","Sensory Feedback","groups/735051"
"46DFAXXW","10.1101/2020.07.16.205856","Stark","2020","A three-dimensional musculoskeletal model of the dog","Sensory Feedback","groups/735051"
"XHKBK4N3","10.1101/226316","Schnerwitzki","2017","Loss of Wt1 in the murine spinal cord alters interneuron composition and locomotion","Sensory Feedback","groups/735051"
"XCKUH74E","10.1152/jn.01028.2009","Frigon","2010","Effects of ankle and hip muscle afferent inputs on rhythm generation during fictive locomotion.","Sensory Feedback","groups/735051"
"WSDN43XC","10.3389/fncir.2023.1146449","Wilson","2023","Spinal cords: Symphonies of interneurons across species","Sensory Feedback","groups/735051"
"WKFHHGZW","10.1152/jn.00204.2023","Dubuc","2023","Locomotor pattern generation and descending control: a historical perspective","Sensory Feedback","groups/735051"
"SUT6XHYH","10.1152/jn.00347.2019","Maxwell","2020","The mammalian spinal commissural system: properties and functions.","Sensory Feedback","groups/735051"
"RW5DJ48S","10.1152/jn.00310.2020","Klishko","2021","Common and distinct muscle synergies during level and slope locomotion in the cat.","Sensory Feedback","groups/735051"
"R6BHSN65","10.1523/jneurosci.0612-22.2022","Dewolf","2022","Left-right locomotor coordination in human neonates","Sensory Feedback","groups/735051"
"N2G3I2KH","10.1152/jn.00194.2019","LaPallo","2019","Crossed activation of thoracic trunk motoneurons by medullary reticulospinal neurons.","Sensory Feedback","groups/735051"
"K4QIEY68","10.1016/j.neuron.2011.07.011","Talpalar","2011","Identification of Minimal Neuronal Networks Involved in Flexor-Extensor Alternation in the Mammalian Spinal Cord","Sensory Feedback","groups/735051"
"JNUDIFT8","10.1111/j.1469-7793.1998.293bu.x","Procházka","1998","Ensemble firing of muscle afferents recorded during normal locomotion in cats","Proprioceptive Feedback;Sensory Feedback","groups/735051"
"ITXRUXWN","10.1242/jeb.245784","Ijspeert","2023","Integration of feedforward and feedback control in the neuromechanics of vertebrate locomotion: a review of experimental, simulation and robotic studies","Sensory Feedback","groups/735051"
"HKLQRRWE","10.1523/jneurosci.5894-08.2010","Hart","2010","A Neural Basis for Motor Primitives in the Spinal Cord","Sensory Feedback","groups/735051"
"GTLH6GDM","10.1152/jn.00615.2004","Büschges","2005","Sensory control and organization of neural networks mediating coordination of multisegmental organs for locomotion.","Sensory Feedback","groups/735051"
"FUXM6NC3","10.1152/jn.00909.2004","Langlet","2005","Mid-Lumbar Segments Are Needed for the Expression of Locomotion in Chronic Spinal Cats","Sensory Feedback","groups/735051"
"FAUPB3W2","10.1152/jn.00978.2016","Frigon","2017","The neural control of interlimb coordination during mammalian locomotion.","Sensory Feedback","groups/735051"
"FCUUV7XK","10.3389/fnins.2018.00053","Jean-Xavier","2018","Influence of Brain Stem on Axial and Hindlimb Spinal Locomotor Rhythm Generating Circuits of the Neonatal Mouse.","Sensory Feedback","groups/735051"
"E4CLZKBS","10.1016/j.conb.2015.03.001","McLean","2015","Peeling back the layers of locomotor control in the spinal cord","Sensory Feedback","groups/735051"
"DAIIEG46","10.1146/annurev-neuro-083122-025325","Sengupta","2023","Spinal Interneurons: Diversity and Connectivity in Motor Control","Sensory Feedback","groups/735051"
"D3FHJCHK","10.1113/jphysiol.1983.sp014663","Jankowska","1983","Shared reflex pathways from Ib tendon organ afferents and Ia muscle spindle afferents in the cat.","Sensory Feedback","groups/735051"
"CK4PM8WI","10.7939/r3639kg5w","Griener","2016","Connectivity and Regional Distribution of Constituent Cells of the Mammalian Locomotor Central Pattern Generator","Sensory Feedback","groups/735051"
"C6D9SLVE","10.1523/jneurosci.06-05-01308.1986","Capaday","1986","Amplitude modulation of the soleus H-reflex in the human during walking and standing","Sensory Feedback","groups/735051"
"BSR2ENKS","10.1152/jn.1999.81.4.1856","Hess","1999","Role of Proprioceptive Signals From an Insect Femur-Tibia Joint in Patterning Motoneuronal Activity of an Adjacent Leg Joint","Sensory Feedback","groups/735051"
"BPMLQY4B","10.3389/fncel.2019.00512","Laliberté","2019","Propriospinal Neurons: Essential Elements of Locomotor Control in the Intact and Possibly the Injured Spinal Cord.","Sensory Feedback","groups/735051"
"9Y7V3PTS","10.1152/jn.00524.2013","Frigon","2014","Speed-dependent modulation of phase variations on a step-by-step basis and its impact on the consistency of interlimb coordination during quadrupedal locomotion in intact adult cats","Sensory Feedback","groups/735051"
"97LN7PQM","10.1523/jneurosci.3931-12.2013","Frigon","2013","Split-belt walking alters the relationship between locomotor phases and cycle duration across speeds in intact and chronic spinalized adult cats.","Sensory Feedback","groups/735051"
"7TBPMM9A","10.1113/jphysiol.1995.sp020897","McCrea","1995","Disynaptic group I excitation of synergist ankle extensor motoneurones during fictive locomotion in the cat.","Sensory Feedback","groups/735051"
"7GQYFSBM","10.1016/j.celrep.2018.08.095","Chopek","2018","Sub-populations of Spinal V3 Interneurons Form Focal Modules of Layered Pre-motor Microcircuits.","Sensory Feedback","groups/735051"
"75GBQJZ4","10.3389/fnbot.2017.00018","Hunt","2017","Development and Training of a Neural Controller for Hind Leg Walking in a Dog Robot","Sensory Feedback","groups/735051"
"6LI6JDZX","10.1007/s00422-016-0704-8","Lyttle","2017","Robustness, flexibility, and sensitivity in a multifunctional motor control model","Sensory Feedback","groups/735051"
"6HC4Y9W5","10.1113/jphysiol.1910.sp001362","Sherrington","1910","Flexion-reflex of the limb, crossed extension-reflex, and reflex stepping and standing.","Sensory Feedback","groups/735051"
"66YGTFVA","10.1152/jn.1997.77.6.3237","Procházka","1997","Implications of Positive Feedback in the Control of Movement","Sensory Feedback","groups/735051"
"52I5QGQE","10.1093/icb/icm065","Procházka","2007","Predictive and reactive tuning of the locomotor CPG","Sensory Feedback","groups/735051"
"4IB7BGFY","10.1152/jn.00996.2009","Hinckley","2010","Sensory Modulation of Locomotor-Like Membrane Oscillations in Hb9-Expressing Interneurons","Sensory Feedback","groups/735051"
"29UKPRB7","10.1113/jphysiol.2009.176669","Frigon","2009","Asymmetric control of cycle period by the spinal locomotor rhythm generator in the adult cat.","Sensory Feedback","groups/735051"
"8VHHH9ER","10.1038/s41598-024-57149-0","Mohammadi Nejad Rashty","2024","Role of compliant mechanics and motor control in hopping - from human to robot","","groups/735051"
"3V6B9EHT","10.1088/1748-3190/ac1ced","Szczecinski","2021","A computational model of insect campaniform sensilla predicts encoding of forces during walking","Models","groups/735051"
"ST8G5JNV","10.3390/biomimetics7040226","Deng","2022","Biomechanical and Sensory Feedback Regularize the Behavior of Different Locomotor Central Pattern Generators","NSF Career;SNS Crashcourse;MURI24;Mantasha;NSF NeuroNex;Hunt Lab;Maybe Read?;Sensory Feedback;Manuscript;Mantasha","groups/735051"
"QT3XSTSW","10.1152/jn.00414.2023","Zill","2024","Mechanosensory encoding of forces in walking uphill and downhill: force feedback can stabilize leg movements in stick insects","Local Feedback","groups/735051"
"YQX85I6M","10.1088/1748-3190/ad1db9","Dinges","2024","Mechanical modeling of mechanosensitive insect strain sensors as a tool to investigate exoskeletal interfaces","","groups/735051"
"Q7F352QK","10.1093/pnasnexus/pgad298","Sutton","2023","Phase shift between joint rotation and actuation reflects dominant forces and predicts muscle activation patterns","Damping in Locomotion","groups/735051"
"5J3G9TNP","","McNeal","2023","Advancing an SNS-driven bipedal balance controller","","groups/735051"
"R7SPEQXV","10.3390/s17071514","Zhang","2017","A Force-Sensing System on Legs for Biomimetic Hexapod Robots Interacting with Unstructured Terrain","Hunt Lab","groups/735051"
"RI4TN3UY","10.1113/ep090765","Blumer","2024","Proprioceptors in extraocular muscles","","groups/735051"
"F3MI78ZF","10.1016/j.cub.2016.06.070","Tuthill","2016","Mechanosensation and adaptive motor control in insects","Literature Reviews","groups/735051"
"4MVC9DXS","10.3390/polym12071529","Wickramasinghe","2020","FDM-Based 3D Printing of Polymer and Associated Composite: A Review on Mechanical Properties, Defects and Treatments","Bibliography for all materials","groups/735051"
"3S5NTRW6","10.1557/jmr.2014.212","Love","2014","The importance of carbon fiber to polymer additive manufacturing","","groups/735051"
"7KHW6BE5","10.1155/2016/8539694","Noah","2016","Study of Thermal Properties of Mixed (PP/EPR)/ABS with Five Model Compatibilizers","Bibliography for all materials;Heat Treatment related studies","groups/735051"
"8TSMB2EH","10.1126/science.1254486","Ijspeert","2014","Biorobotics: Using robots to emulate and investigate agile locomotion","Reggie;Cody;Joe;LM 2021 Review;Steele ASME","groups/735051"
"RHFYK95U","","","","Recent advances in 3D printing of biomaterials | Journal of Biological Engineering | Full Text","","groups/735051"
"DHIQI9YG","10.7759/cureus.28463","Sachdev","2022","A Review on Techniques and Biomaterials Used in 3D Bioprinting","Bioprinting","groups/735051"
"THAMLJ7W","10.1109/iros.2006.282229","Kingsley","2006","A Cockroach Inspired Robot With Artificial Muscles","MURI24;CHAPTER 2. BACKGROUND","groups/735051"
"D8SLAYPD","10.15760/etd.7690","Mak","2021","Building a Biomechanical Model of a Rat Forelimb","MURI24;NSF NeuroNex;Hunt Lab;references_Lutz_thesis;Read","groups/735051"
"HCSUUT4X","10.1109/robot.2002.1013661","Kingsley","2002","Fatigue life and frequency response of braided pneumatic actuators","MURI24","groups/735051"
"AQRSE7HZ","10.1088/1748-3190/aa8290","Li","2017","A neural network with central pattern generators entrained by sensory feedback controls walking of a bipedal model","MURI24","groups/735051"
"WLN8ADKT","10.3389/frobt.2021.645588","Nandor","2021","A Muscle-First, Electromechanical Hybrid Gait Restoration System in People With Spinal Cord Injury","MURI24","groups/735051"
"VT6XGVJG","10.3389/frobt.2021.710999","Liu","2021","Neural Networks Trained via Reinforcement Learning Stabilize Walking of a Three-Dimensional Biped Model With Exoskeleton Applications","MURI24","groups/735051"
"I58ADGEN","10.3390/biomimetics4010028","Liu","2019","Implementation of Deep Deterministic Policy Gradients for Controlling Dynamic Bipedal Walking","MURI24","groups/735051"
"FDHHEL2F","10.1186/s12984-017-0258-6","Chang","2017","A muscle-driven approach to restore stepping with an exoskeleton for individuals with paraplegia","MURI24","groups/735051"
"EMHVCMRU","10.1108/rpj-03-2016-0051","Coogan","2017","Healing simulation for bond strength prediction of FDM","Bibliography for all materials;Heat Treatment related studies","groups/735051"
"VS85BBBF","10.1021/ma000754y","Xue","2000","Welding Behavior of Semicrystalline Polymers. 2. Effect of Cocrystallization on Autoadhesion","Bibliography for all materials;Heat Treatment related studies","groups/735051"
"8C8P8NPE","10.1016/j.polymer.2018.09.018","Northcutt","2018","Effect of processing conditions on crystallization kinetics during materials extrusion additive manufacturing","Bibliography for all materials;Heat Treatment related studies","groups/735051"
"JHN4R7ZT","10.1021/bk-2019-1315.ch006","Seppala","2019","Combining Modeling and Measurements To Predict Crystal Morphology in Material Extrusion","Bibliography for all materials;Heat Treatment related studies","groups/735051"
"M87F8PFJ","10.1007/s00170-018-2148-x","Tronvoll","2018","The effects of voids on structural properties of fused deposition modelled parts: a probabilistic approach","Bibliography for all materials","groups/735051"
"94NBGURX","","Fischer","","Investigation of the structure of solution grown crystals of lactide copolymers by means of chemical reactions","Bibliography for all materials","groups/735051"
"K36ABQZE","10.1039/c7sm00950j","Seppala","2017","Weld formation during material extrusion additive manufacturing","","groups/735051"
"QI8QIK3K","10.1109/memb.2003.1195698","Peterka","2003","Simplifying the complexities of maintaining balance","Hilts IROS18;Bipedal balance control;Balance;Balance Control","groups/735051"
"M42D6EUQ","10.1038/s41598-022-15421-1","Liu","","Stiffness estimation of planar spiral spring based on Gaussian process regression","Zheng Thesis","groups/735051"
"VT49S65I","10.1113/jp285549","Kissane","2024","Conserved mammalian muscle mechanics during eccentric contractions","","groups/735051"
"M6PW2SCV","10.1016/j.cma.2023.116181","Zhang","2023","A symmetry group based supervised learning method for solving partial differential equations","PINN Methods","groups/735051"
"R4ZHTT6D","","Rotman","","Semi-supervised Learning of Partial Differential Operators and Dynamical Flows","Parameterized PDEs","groups/735051"
"XDKKMQUL","10.1073/pnas.1517384113","Brunton","2016","Discovering governing equations from data by sparse identification of nonlinear dynamical systems","Non-PINN Methods","groups/735051"
"LN9A3QGU","","Mialon","","Self-Supervised Learning with Lie Symmetries for Partial Differential Equations","Non-PINN Methods","groups/735051"
"7JHGGFD7","10.1073/pnas.1517384113","Brunton","2016","Discovering governing equations from data by sparse identification of nonlinear dynamical systems","Deep ROA BO","groups/735051"
"N5C5VCKD","","Paszke","2017","Automatic differentiation in PyTorch","Deep ROA BO","groups/735051"
"4MQUGRSR","10.1115/1.4054441","Steele","2022","Experimental Verification of Kinematics and Kinetics in a Biomimetic Bipedal Robot","MURI24;LM2024;Jubert;Hunt Lab","groups/735051"
"5ZUHUUPH","","Bolen","2019","Bipedal Robot Legs Project","Hunt Lab","groups/735051"
"99XRH9RD","10.1007/978-3-030-64313-3_25","Morrow","2020","Optimization of Artiﬁcial Muscle Placements for a Humanoid Bipedal Robot","MURI24;LM2023;Prospectus;BolenFrontiers22;Hunt Lab;BolenIsoKneeTorque","groups/735051"
"RKV89Z3W","10.1007/978-3-030-24741-6_2","Bolen","2019","Determination of Artificial Muscle Placement for Biomimetic Humanoid Robot Legs","BolenBPACharacterization;Morrow LM20;LM2023;Prospectus;BolenFrontiers22;Hunt Lab;BolenIsoKneeTorque","groups/735051"
"Z87SZZHW","","Bolen","2019","Determination of Artificial Muscle Placement for Biomimetic Humanoid Robot Legs","MURI24;Hunt Lab","groups/735051"
"XNHB6W7Y","","Bolen","2019","Determination of Artificial Muscle Placement for Biomimetic Humanoid Robot Legs","MURI24;Hunt Lab","groups/735051"
"UPBEL3MY","10.1007/978-3-030-64313-3_25","Morrow","2020","Optimization of Artiﬁcial Muscle Placements for a Humanoid Bipedal Robot","MURI24;LM2023;Prospectus;BolenFrontiers22;Hunt Lab;BolenIsoKneeTorque","groups/735051"
"4IP69SBR","","Bolen","2019","Determination of Artificial Muscle Placement for Biomimetic Humanoid Robot Legs","Hunt Lab","groups/735051"
"HPNRCEV7","","Bolen","2019","Determination of Artificial Muscle Placement for Biomimetic Humanoid Robot Legs","Hunt Lab","groups/735051"
"I4QU6I9T","","Bolen","2023","Formal briefing to both the U.S. Congressional Neuroscience and STEAM caucuses","Hunt Lab","groups/735051"
"HYMR38I4","","Jang","2023","The Neuroscience Club at Portland State University: Fostering engagement and collaboration in neuroscience education and outreach","Hunt Lab","groups/735051"
"BQMQHJFV","","Bolen","2023","Sensory Afferent Database: Advancing towards a comprehensive understanding of sensory afferents and motor control","NSF NeuroNex;Hunt Lab","groups/735051"
"RFJ2423K","","Jardin","2022","PSU Neuroscience Club - The Quest for a Neuroscience Major: Navigating Neuroscience Education via Creation of an Interdisciplinary Neuroscience Minor","Hunt Lab","groups/735051"
"DKBBSLBM","","Jardin","2022","PSU Neuroscience Club - The Quest for a Neuroscience Major: Navigating Neuroscience Education via Creation of an Interdisciplinary Neuroscience Minor","Hunt Lab","groups/735051"
"398P7RIM","","Smith","2024","The Neuroscience Club of Portland State University 2024","Hunt Lab","groups/735051"
"NESWZKHI","","Smith","2024","The Neuroscience Club of Portland State University 2024","Hunt Lab","groups/735051"
"QAYEVZ4K","","Bolen","2022","Portland Neuroscience Outreach with the Portland State University Neuroscience Club, NW Noggin, and the Agile and Adaptive Robotics Lab","Hunt Lab","groups/735051"
"7AK879MR","","Bolen","2021","Torque Values About Artificial Knee Using Braided Pneumatic Actuators","NSF NeuroNex;Hunt Lab","groups/735051"
"DZJHXDC3","","Bolen","2021","Torque Values About Artificial Knee Using Braided Pneumatic Actuators","NSF NeuroNex;Hunt Lab","groups/735051"
"36T38DED","","Bolen","2021","Torque Values About Artificial Knee Using Braided Pneumatic Actuators","NSF NeuroNex;Hunt Lab","groups/735051"
"56ITTICH","","Scharzenberger","2023","A Functional Subnetwork Approach to Coordinating Central Pattern Generators for Quadrupedal Locomotion","NSF Career;Writing;NSF NeuroNex;Hunt Lab;Prospectus;Scharzenberger;Manuscript;PSU","groups/735051"
"4S8P2ZF6","","Scharzenberger","2019","Design of a Canine Inspired Quadruped Robot as a Platform for Synthetic Neural Network Control","Writing;Hunt Lab;Presentation;Scharzenberger;PSU;Masters Thesis","groups/735051"
"Q3W3TZII","","Scharzenberger","","A Comparison of Absolute & Relative Neural Encoding Schemes in Addition & Subtraction Functional Subnetworks⋆","","groups/735051"
"TRIK79US","10.3389/fnhum.2014.00305","La Scaleia","2014","Spinal motor outputs during step-to-step transitions of diverse human gaits","Manuel papers","groups/735051"
"YEGSB756","10.1109/dsd53832.2021.00083","Garaffa","2021","Revealing the Secrets of Spiking Neural Networks: The Case of Izhikevich Neuron","Manuel papers","groups/735051"
"CGRPU7NJ","10.1109/tnn.2003.820440","Izhikevich","2003","Simple model of spiking neurons","Manuel papers;FSA_Extensions;Neuron Modeling","groups/735051"
"KM9QV64K","10.1016/j.patcog.2019.05.015","Mozafari","2019","Bio-inspired digit recognition using reward-modulated spike-timing-dependent plasticity in deep convolutional networks","Manuel papers","groups/735051"
"9NKKUNDU","10.3389/fnhum.2015.00014","Frost","2015","Sensorimotor control of gait: a novel approach for the study of the interplay of visual and proprioceptive feedback","Manuel papers","groups/735051"
"P27WYZBW","10.1016/j.neunet.2018.12.002","Tavanaei","2019","Deep Learning in Spiking Neural Networks","Manuel papers","groups/735051"
"7ZIEUBVN","10.1371/journal.pone.0001377","Masquelier","2008","Spike Timing Dependent Plasticity Finds the Start of Repeating Patterns in Continuous Spike Trains","Manuel papers","groups/735051"
"J9C54LXC","10.1038/s41380-023-02027-w","Andrade-Talavera","2023","Timing to be precise? An overview of spike timing-dependent plasticity, brain rhythmicity, and glial cells interplay within neuronal circuits","Manuel papers","groups/735051"
"W4XBIHNA","10.1126/science.1210617","Dominici","2011","Locomotor Primitives in Newborn Babies and Their Development","Manuel papers","groups/735051"
"M7DPFPH5","10.1088/1748-3190/ac8f04","Chen","2022","Optimal planar leg geometry in robots and crabs for idealized rocky terrain","","groups/735051"
"4F4VRBP8","10.1109/cdc.2016.7798979","Berkenkamp","2016","Safe learning of regions of attraction for uncertain, nonlinear systems with Gaussian processes","Non-Neural ROA Estimation","groups/735051"
"85DH9WXJ","","Liu","2023","Physics-Informed Neural Network Lyapunov Functions: PDE Characterization, Learning, and Verification","Neural ROA Estimation","groups/735051"
"NQNPXJUM","10.1016/j.jfranklin.2019.02.013","Iannelli","2019","Robust estimations of the Region of Attraction using invariant sets","Neural ROA Estimation","groups/735051"
"5XFV4DAH","10.1016/j.automatica.2016.09.003","Valmorbida","2017","Region of attraction estimation using invariant sets and rational Lyapunov functions","Neural ROA Estimation","groups/735051"
"U9LIN7KY","10.1016/j.isatra.2013.08.005","Khodadadi","2014","Estimation of region of attraction for polynomial nonlinear systems: A numerical method","Neural ROA Estimation","groups/735051"
"FHCWRKYT","10.1109/tro.2020.2992981","Zhou","2020","A General Framework to Increase Safety of Learning Algorithms for Dynamical Systems Based on Region of Attraction Estimation","Neural ROA Estimation","groups/735051"
"IPS5LV76","10.1109/tcst.2021.3098167","Zhai","2022","Estimating the Region of Attraction for Power Systems Using Gaussian Process and Converse Lyapunov Function","Neural ROA Estimation","groups/735051"
"349ZY4TY","10.23919/acc.2017.7963126","El-Guindy","2017","Estimating the region of attraction via forward reachable sets","Neural ROA Estimation","groups/735051"
"RQGJUV75","10.1109/cdc40024.2019.9029489","Lederer","2019","Local Asymptotic Stability Analysis and Region of Attraction Estimation with Gaussian Processes","Neural ROA Estimation","groups/735051"
"3Y7X2BGC","10.1016/j.jcp.2023.111912","Penwarden","2023","A metalearning approach for Physics-Informed Neural Networks (PINNs): Application to parameterized PDEs","","groups/735051"
"SIHGNX2B","10.1016/j.jcp.2021.110754","Patel","2022","Thermodynamically consistent physics-informed neural networks for hyperbolic systems","Deep ROA BO;PINN Methods","groups/735051"
"4P6EB7CB","10.1016/j.cma.2019.112789","Mao","2020","Physics-informed neural networks for high-speed flows","PINN Methods","groups/735051"
"9J6CBIDD","10.1137/21m1397908","Lu","2021","Physics-Informed Neural Networks with Hard Constraints for Inverse Design","PINN Methods","groups/735051"
"YRPBRMUV","10.1016/j.jcp.2023.11191211912","Penwarden","2023","A Metalearning Approach for Physics-Informed Neural Networks (PINNs): Application to Parameterized PDEs","","groups/735051"
"M4AXD6N4","10.1016/j.jcp.2023.111912","Penwarden","2023","A metalearning approach for Physics-Informed Neural Networks (PINNs): Application to parameterized PDEs","","groups/735051"
"XSFA25SX","10.1016/j.jcp.2021.110414","Pakravan","2021","Solving inverse-PDE problems with physics-aware neural networks","Parameterized PDEs","groups/735051"
"225F2NB4","10.5802/smai-jcm.74","Bhattacharya","2021","Model Reduction And Neural Networks For Parametric PDEs","Parameterized PDEs","groups/735051"
"M8X4SHDB","10.1016/j.jcp.2023.11191211912","Penwarden","2023","A Metalearning Approach for Physics-Informed Neural Networks (PINNs): Application to Parameterized PDEs","Parameterized PDEs","groups/735051"
"XCU86WJU","10.1137/23m1549870","Gaby","2024","Neural Control of Parametric Solutions for High-Dimensional Evolution PDEs","Parameterized PDEs","groups/735051"
"ISC4QNFQ","","Khara","2021","NeuFENet: Neural Finite Element Solutions with Theoretical Bounds for Parametric PDEs","Parameterized PDEs","groups/735051"
"2L5Q2RDP","10.1017/s0956792520000182","Khoo","2021","Solving parametric PDE problems with artificial neural networks","Parameterized PDEs","groups/735051"
"RHDSFADY","","Lee","","Parameterized neural ordinary differential equations: applications to computational physics problems","Parameterized PDEs","groups/735051"
"GRHILZ2G","10.1007/s00365-021-09551-4","Kutyniok","2022","A Theoretical Analysis of Deep Neural Networks and Parametric PDEs","Parameterized PDEs","groups/735051"
"2MSMNL8Y","10.3389/fbioe.2022.825149","Kim","2022","Contribution of Afferent Feedback to Adaptive Hindlimb Walking in Cats: A Neuromusculoskeletal Modeling Study","Animal Data","groups/735051"
"PXFZVDQI","10.3389/fnbot.2017.00018","Hunt","2017","Development and Training of a Neural Controller for Hind Leg Walking in a Dog Robot","SNS Crashcourse;MURI24;Mantasha;Hunt17LR Papers;LM2024;Jubert;Hunt Lab;references_Lutz_quadruped;Quadruped;references_Lutz_thesis;Read","groups/735051"
"CJGN74YK","10.3390/polym13101644","Al Rashid","2021","Creep and Recovery Behavior of Continuous Fiber-Reinforced 3DP Composites","Haonan","groups/735051"
"UCUS6ITD","10.1186/s12917-015-0631-2","Kano","2016","Kinetic and temporospatial gait parameters in a heterogeneous group of dogs","Zheng Thesis","groups/735051"
"6IC6VBE6","","Liu","","Stiffness estimation of planar spiral spring based on Gaussian process regression","Haonan","groups/735051"
"D68RPRKV","","chadderdon","","Reinforcement Learning of Targeted Movement in a Spiking Neuronal Model of Motor Cortex","Manuel","groups/735051"
"F2ACXW7G","","","","Revealing the Secrets of Spiking Neural Networks: The Case of Izhikevich Neuron","Manuel","groups/735051"
"5SV7HDDW","","Lanthater","","Neural Oscillators are Universal","Manuel","groups/735051"
"GURDIQ96","","Quintana","","Bio-Plausible Digital Implementation of a reward modulated STDP synapse","Manuel","groups/735051"
"WR35V4QL","","Masquelier","","Spike Timing Dependent Plasticity Finds the Start of","Manuel;Mark","groups/735051"
"B6NSSM5W","","Tavanaei","","Deep Learning in Spiking Neural Networks","Manuel","groups/735051"
"PFPNPRTN","","Masquelier","","Competitive STDP_based Spike Pattern Learning","Manuel","groups/735051"
"DRBEPEIT","","Stoliar","","Biologically relevant Dunamical behaviors Realized in an Ultra-Compact NM","Manuel","groups/735051"
"6V29PTW3","","Alkabaa","","An Investigation on Spiking Neural Networks Based on the Neuronal Izhikevich Neuronal Model","Manuel","groups/735051"
"II7CQQJQ","","Leigh","","An Efficient Spiking Neuron Hardware System Based on teh Hardware-Oriented Modified Izhikevich Neuron (HOMIN)","Manuel","groups/735051"
"8NWSCBXL","","Chatterjee","2023","Multi-segmented Adaptive Feet for Versatile Legged Locomotion in Natural Terrain","Haonan","groups/735051"
"F967TVED","10.3389/fbioe.2023.1150170","Araz","2023","Muscle preflex response to perturbations in locomotion: In vitro experiments and simulations with realistic boundary conditions","Haonan","groups/735051"
"G55XRPXW","10.3389/fphys.2020.00495","Purslow","2020","The Structure and Role of Intramuscular Connective Tissue in Muscle Function","Haonan","groups/735051"
"R634R8FC","10.1371/journal.pcbi.1011008","Bruel","2024","The spinal cord facilitates cerebellar upper limb motor learning and control; inputs from neuromusculoskeletal simulation","","groups/735051"
"DL7KRDW5","10.1108/13552540210441166","Ahn","2002","Anisotropic material properties of fused deposition modeling ABS","","groups/735051"
"8GTT4M2H","","Stewart","","A Technical Overview of the Neural Engineering Framework","FSA_Extensions","groups/735051"
"6CAA74PV","10.1145/2668930.2688047","Didona","2015","Enhancing Performance Prediction Robustness by Combining Analytical Modeling and Machine Learning","FSA_Extensions","groups/735051"
"9PEGTGE4","10.1108/13552540810862028","Sun","2008","Effect of processing conditions on the bonding quality of FDM polymer filaments","","groups/735051"
"5F6B6UWX","","Buchmann","2022","Power to the springs: Passive elements are sufficient to drive push-off in human walking","Haonan","groups/735051"
"VWB85H6T","10.1109/tro.2021.3106832","Schilling","2022","From Adaptive Locomotion to Predictive Action Selection – Cognitive Control for a Six-Legged Walker","BolenBPACharacterization;BolenFrontiers22;LM 2021 Review;BolenIsoKneeTorque","groups/735051"
"9SW8K83P","10.1088/1748-3190/ac28ea","Goldsmith","2021","Investigating the role of low level reinforcement reflex loops in insect locomotion","BolenFrontiers22;BolenIsoKneeTorque","groups/735051"
"CJXZCLH4","10.1146/annurev-control-091919-095731","Ijspeert","2020","Amphibious and Sprawling Locomotion: From Biology to Robotics and Back","","groups/735051"
"8KIQGYRN","10.1146/annurev-control-091919-095731","Ijspeert","2020","Amphibious and Sprawling Locomotion: From Biology to Robotics and Back","DaltorioPapers;BolenBPACharacterization;BolenFrontiers22;BolenIsoKneeTorque","groups/735051"
"6PYFGV8I","10.1242/jeb.188748","Dallmann","2019","Motor control of an insect leg during level and incline walking","Damping in Locomotion","groups/735051"
"VDPMV4D6","10.1242/jeb.078139","Wosnitza","2013","Inter-leg coordination in the control of walking speed in Drosophila","Damping in Locomotion","groups/735051"
"Y2JJ6QD7","10.1242/jeb.065441","Harrison","2012","Forelimb muscle activity during equine locomotion","Damping in Locomotion","groups/735051"
"QZU4L775","10.1016/j.robot.2011.06.006","Garcia","2011","Combining series elastic actuation and magneto-rheological damping for the control of agile locomotion","Damping in Locomotion","groups/735051"
"EL4ZPEGD","10.1016/j.robot.2011.06.006","Garcia","2011","Combining series elastic actuation and magneto-rheological damping for the control of agile locomotion","Damping in Locomotion","groups/735051"
"VW6JI69R","10.1115/1.4052804","Arelekatti","2021","Design of a Four-Bar Latch Mechanism and a Shear-Based Rotary Viscous Damper for Single-Axis Prosthetic Knees","Damping in Locomotion","groups/735051"
"U6WZNCL3","10.1038/414895a","Wilson","2001","Horses damp the spring in their step","Damping in Locomotion","groups/735051"
"SPDA5FTU","10.1115/1.2718237","Cham","2006","Dynamic Stability of Open-Loop Hopping","Damping in Locomotion","groups/735051"
"RAMHHS2D","10.1126/scirobotics.abg4055","Badri-Spröwitz","2022","BirdBot achieves energy-efficient gait with minimal control using avian-inspired leg clutching","Damping in Locomotion;references_Lutz_thesis;Read","groups/735051"
"QAW47MFZ","","Owaki","2022","Editorial: Biological and Robotic Inter-Limb Coordination","Damping in Locomotion","groups/735051"
"3PZBJHMB","10.1080/01691864.2022.2086018","Fukuhara","2022","Comparative anatomy of quadruped robots and animals: a review","Damping in Locomotion","groups/735051"
"4QHPXY8H","","Mo","2020","Effective Viscous Damping Enables Morphological Computation in Legged Locomotion","Damping in Locomotion","groups/735051"
"VPMPY2DE","","Ashtiani","2021","Hybrid Parallel Compliance Allows Robots to Operate With Sensorimotor Delays and Low Control Frequencies","Damping in Locomotion","groups/735051"
"7F8WIAXL","10.1016/j.conb.2008.01.002","Ting","2007","Neuromechanics of muscle synergies for posture and movement","","groups/735051"
"38226MZU","10.1016/j.matpr.2020.10.467","Sethu Ramalingam","2021","Effect of 3D printing process parameters on the impact strength of onyx – Glass fiber reinforced composites","Bibliography for all materials;Onyx related studies","groups/735051"
"B5N7HN7F","10.3390/polym11071094","Mazzanti","2019","FDM 3D Printing of Polymers Containing Natural Fillers: A Review of their Mechanical Properties","Bibliography for all materials","groups/735051"
"ZD79HK3E","10.1080/17543266.2016.1223355","Vanderploeg","2017","The application of 3D printing technology in the fashion industry","Bibliography for all materials","groups/735051"
"I6ZJRFJW","10.3390/polym13152524","Papa","2021","Effect of Fibre Orientation on Novel Continuous 3D-Printed Fibre-Reinforced Composites","","groups/735051"
"BYQGLLPD","10.1002/pc.23149","Zhang","2016","Research on the mechanical properties prediction of carbon/epoxy composite laminates with different void contents","Bibliography for all materials","groups/735051"
"SLZ9TSIP","10.1177/0278364914532150","Hyun","2014","High speed trot-running: Implementation of a hierarchical controller using proprioceptive impedance control on the MIT Cheetah","Quadruped;Maybe Read?","groups/735051"
"MEBLM43R","","Prochazka","2001","Locomotor control: from spring-like reactions of muscles to neural prediction","","groups/735051"
"NT4XVEY6","","Cooper","1930","The isometric responses of mammalian muscles","Muscles","groups/735051"
"9TN3BL8P","10.1108/rpj-10-2019-0278","Ferreira","2020","Study of the annealing influence on the mechanical performance of PA12 and PA12 fibre reinforced FFF printed specimens","Bibliography for all materials;Heat Treatment related studies","groups/735051"
"NRPIERJI","10.1007/3-211-38927-x_35","Mergner","2006","Human Equilibrium Control Principles Implemented into a Biped Humanoid Robot","Balance Control","groups/735051"
"BTPIGSKV","10.3390/jcs6050128","Hetrick","2022","Void Content Reduction in 3D Printed Glass Fiber-Reinforced Polymer Composites through Temperature and Pressure Consolidation","Bibliography for all materials","groups/735051"
"5KGRK9HE","10.1007/s00221-003-1812-y","Krishnamoorthy","2004","Muscle modes during shifts of the center of pressure by standing persons: effect of instability and additional support","Synergies","groups/735051"
"X7NA3UT5","","Koelewijn","2020","Exploring the Contribution of Proprioceptive Reflexes to Balance Control in Perturbed Standing","Bipedal balance control","groups/735051"
"WQFU85XR","10.5281/zenodo.3631958","Wang","2020","Standing Balance Experiment with Long Duration Random Pulses Perturbation","Bipedal balance control","groups/735051"
"N6W3TBPT","10.1109/icsmc.2004.1400711","van der Kooij","2004","Identification of human balance control in standing","Bipedal balance control","groups/735051"
"I4VTPYFN","","Zhong","2021","Benchmarking Energy-Conserving Neural Networks for Learning Dynamics from Data","Bipedal balance control","groups/735051"
"G5GNKL8U","10.1371/journal.pone.0214434","Schedler","2019","Age and sex differences in human balance performance from 6-18 years of age: A systematic review and meta-analysis","Bipedal balance control","groups/735051"
"6VRZGCQ3","10.1016/j.jneumeth.2020.108580","Wang","2020","Identification of the human postural control system through stochastic trajectory optimization","Bipedal balance control","groups/735051"
"4BQL4THK","","Jafari","2020","On mimicking human balance with brain-inspired modeling and control","Bipedal balance control","groups/735051"
"4JIKK6WN","10.1088/1748-3182/3/2/026002","Scrivens","2008","A robotic device for understanding neuromechanical interactions during standing balance control.","Balance Control","groups/735051"
"WIHWIBPP","10.1002/pc.26937","Amiri","2022","3D printing of glass fiber reinforced acrylonitrile butadiene styrene and investigation of tensile, flexural, warpage and roughness properties","Bibliography for all materials","groups/735051"
"YDFLYFCI","10.1016/j.polymdegradstab.2006.03.019","Arostegui","2006","Effect of dissolution-based recycling on the degradation and the mechanical properties of acrylonitrile–butadiene–styrene copolymer","Bibliography for all materials","groups/735051"
"F25AYJPM","10.3390/ma12101664","Harris","2019","Effect of Material and Process Specific Factors on the Strength of Printed Parts in Fused Filament Fabrication: A Review of Recent Developments","Bibliography for all materials","groups/735051"
"JZ9RFIPS","10.3390/ma12244167","Harris","2019","Acrylonitrile Butadiene Styrene and Polypropylene Blend with Enhanced Thermal and Mechanical Properties for Fused Filament Fabrication","Bibliography for all materials;Heat Treatment related studies","groups/735051"
"9KSD8ICN","","International","2019","Standard test method for flexural properties of unreinforced.pdf","Bibliography for all materials","groups/735051"
"TDH4VIMV","10.1520/d0638-14","International","","Test Method for Tensile Properties of Plastics","Bibliography for all materials","groups/735051"
"ZSP4AJR2","10.1002/pen.26274","Pazhamannil","2023","Thermal post‐processing effects on the polycarbonate acrylonitrile butadiene styrene composites manufactured by fused filament fabrication","Bibliography for all materials;Heat Treatment related studies","groups/735051"
"M689LBXX","10.1371/journal.pone.0121407","Dorn","2015","Predictive Simulation Generates Human Adaptations during Loaded and Inclined Walking","","groups/735051"
"XJDSW4FT","10.1108/rpj-01-2020-0022","Travieso-Rodriguez","2021","Comparative study of the flexural properties of ABS, PLA and a PLA–wood composite manufactured through fused filament fabrication","Bibliography for all materials","groups/735051"
"DACHJ4A7","10.3390/jcs4030098","Sanei","2020","3D-Printed Carbon Fiber Reinforced Polymer Composites: A Systematic Review","Heat Treatment of 3D Printed Materials;Bibliography for all materials","groups/735051"
"I2VKV7XR","10.1108/rpj-08-2020-0205","Von Windheim","2021","The influence of porosity, crystallinity and interlayer adhesion on the tensile strength of 3D printed polylactic acid (PLA)","Bibliography for all materials;Heat Treatment related studies","groups/735051"
"I3BPMZ2Z","10.3390/polym13244305","Nassar","2021","Effects of Heat-Treatment on Tensile Behavior and Dimension Stability of 3D Printed Carbon Fiber Reinforced Composites","Bibliography for all materials;Heat Treatment related studies","groups/735051"
"6R4D9I5G","10.1021/acs.biomac.5b00293","Huang","2015","Chain Packing and Its Anomalous Effect on Mechanical Toughness for Poly(lactic acid)","Bibliography for all materials;Heat Treatment related studies","groups/735051"
"6JVM54BV","10.1080/20550340.2017.1341125","Ivey","2017","Characterizing short-fiber-reinforced composites produced using additive manufacturing","Bibliography for all materials","groups/735051"
"Q5LSZDGB","10.1002/app.42066","Andjelić","2015","Polymer crystallization rate challenges: The art of chemistry and processing","Bibliography for all materials;Heat Treatment related studies","groups/735051"
"R7AMEA5W","10.1021/acsapm.9b00421","Srinivas","2019","Interfacial Stereocomplexation To Strengthen Fused Deposition Modeled Poly(lactide) Welds","Bibliography for all materials","groups/735051"
"8PR289J9","10.3390/ma3042884","Bikiaris","2010","Microstructure and Properties of Polypropylene/Carbon Nanotube Nanocomposites","Bibliography for all materials","groups/735051"
"75S4RD92","10.1002/app.41073","Saeidlou","2014","Poly(lactic acid) stereocomplex formation: Application to PLA rheological property modification","Bibliography for all materials","groups/735051"
"6W3F933N","10.3390/polym11091487","Liao","2019","Effect of Porosity and Crystallinity on 3D Printed PLA Properties","Bibliography for all materials;Heat Treatment related studies","groups/735051"
"D3T89IAG","10.14775/ksmpe.2018.17.4.130","Lee","2018","Investigation of the Internal Stress Relaxation in FDM 3D Printing : Annealing Conditions","Bibliography for all materials","groups/735051"
"N2C3A5IM","10.3144/expresspolymlett.2010.80","Tabi","2010","Crystalline structure of annealed polylactic acid and its relation to processing","Bibliography for all materials;Heat Treatment related studies","groups/735051"
"95FI57V2","","Elsken","2019","Neural Architecture Search: A Survey","Non-PINN Methods","groups/735051"
"H2VGTSCG","10.1073/pnas.1718942115","Han","2018","Solving high-dimensional partial differential equations using deep learning","Non-PINN Methods","groups/735051"
"R3W6I2NZ","10.1126/sciadv.abi8605","Wang","2021","Learning the solution operator of parametric partial differential equations with physics-informed DeepONets","Deep ROA BO;PINN Methods","groups/735051"
"XXTDQ66G","10.1137/22m1477751","Jin","2022","MIONet: Learning Multiple-Input Operators via Tensor Product","PINN Methods","groups/735051"
"JXJQT5DK","10.1016/j.jcp.2023.112008","Kontolati","2023","On the influence of over-parameterization in manifold based surrogates and deep neural operators","Deep ROA BO;PINN Methods","groups/735051"
"5RYZNZF6","10.1016/j.cma.2022.114778","Lu","2022","A comprehensive and fair comparison of two neural operators (with practical extensions) based on FAIR data","Non-PINN Methods","groups/735051"
"NC9NKTW6","10.1093/imatrm/tnac001","Lanthaler","2022","Error estimates for DeepONets: a deep learning framework in infinite dimensions","Non-PINN Methods","groups/735051"
"TYWPTGQ8","10.1109/72.392253","Chen","1995","Universal approximation to nonlinear operators by neural networks with arbitrary activation functions and its application to dynamical systems","Non-PINN Methods","groups/735051"
"SPLCATFV","10.1038/s42256-021-00302-5","Lu","2021","Learning nonlinear operators via DeepONet based on the universal approximation theorem of operators","Non-PINN Methods","groups/735051"
"TDSGFS4L","10.1016/j.jcp.2018.10.045","Raissi","2019","Physics-informed neural networks: A deep learning framework for solving forward and inverse problems involving nonlinear partial differential equations","Deep ROA BO;PINN Methods;PDE Networks;Deep ROA","groups/735051"
"AKM7F7EG","10.1109/ijcnn.2018.8489628","Severa","2018","Spiking Neural Algorithms for Markov Process Random Walk","PDE Networks","groups/735051"
"9XGG5PLT","","Scharzenberger","2022","Learning to Estimate Stability Margins in Dynamical Systems Using Spiking Neural Networks","Writing;NRL;Hunt Lab;Naval Applications of Machine Learning (NAML);Scharzenberger;NAML22 Poster","groups/735051"
"QLR3XT9U","","Scharzenberger","2021","Learning to Estimate Stability Margins in Dynamical Systems","Writing;NRL;Hunt Lab;NAML21 Poster;Naval Applications of Machine Learning (NAML);Scharzenberger","groups/735051"
"Z49CWTBI","","Aws","","Leveraging Random Walks to Solve IPDEs on Spiking Neuromorphic Hardware","PDE Networks","groups/735051"
"AVXWMSHW","10.1145/3409964.3461813","Aimone","2021","Provable Advantages for Graph Algorithms in Spiking Neural Networks","Spiking Neural Networks (SNNs)","groups/735051"
"ALNULTK7","10.1145/3409964.3461813","Aimone","2021","Provable Advantages for Graph Algorithms in Spiking Neural Networks","","groups/735051"
"CXX8D6ZB","10.1145/3407197.3407202","Smith","2020","Solving a steady-state PDE using spiking networks and neuromorphic hardware","PDE Networks;NAML22 Poster;PDE Networks","groups/735051"
"ZEGDP8NR","","Jagtap","2022","How important are activation functions in regression and classification? A survey, performance comparison, and future directions","PINN Methods","groups/735051"
"BT9HDY62","10.1016/j.jcp.2022.111902","Psaros","2023","Uncertainty Quantification in Scientific Machine Learning: Methods, Metrics, and Comparisons","PINN Methods","groups/735051"
"FBGXTDC6","","Michałowska","2023","Neural Operator Learning for Long-Time Integration in Dynamical Systems with Recurrent Neural Networks","PINN Methods","groups/735051"
"2P8PMKIN","","Ma","2023","Bi-orthogonal fPINN: A physics-informed neural network method for solving time-dependent stochastic fractional PDEs","PINN Methods","groups/735051"
"UQY2JHDP","","Chen","2023","Leveraging Multi-time Hamilton-Jacobi PDEs for Certain Scientific Machine Learning Problems","PINN Methods","groups/735051"
"K8RSMI8C","","Kiyani","2023","A Framework Based on Symbolic Regression Coupled with eXtended Physics-Informed Neural Networks for Gray-Box Learning of Equations of Motion from Data","Deep ROA BO;PINN Methods","groups/735051"
"Z7Q83TPI","","Banerjee","2023","Physics-Informed Computer Vision: A Review and Perspectives","Deep ROA BO;PINN Methods","groups/735051"
"9NKE6KVC","10.1016/j.cma.2023.116064","Zhu","2023","Reliable extrapolation of deep neural operators informed by physics or sparse observations","Non-PINN Methods","groups/735051"
"3S3K4YCY","","Kontolati","2023","Learning in latent spaces improves the predictive accuracy of deep neural operators","Non-PINN Methods","groups/735051"
"GWARM8S5","","Thiele","2019","SpikeGrad: An ANN-equivalent Computation Model for Implementing Backpropagation with Spikes","Spiking Neural Networks (SNNs)","groups/735051"
"3FA2CKFZ","","Zhang","2022","SMS: Spiking Marching Scheme for Efficient Long Time Integration of Differential Equations","PDE Networks","groups/735051"
"2RLBUW28","","Kahana","2022","Spiking Neural Operators for Scientific Machine Learning","PDE Networks","groups/735051"
"LAWM5LIF","","Shekarpaz","2023","Splitting physics-informed neural networks for inferring the dynamics of integer- and fractional-order neuron models","PINN Methods","groups/735051"
"ESGAWQXR","10.1109/access.2023.3275434","Wang","2023","Physics Informed Spiking Neural Networks: Application to Digital Predistortion for Power Amplifier Linearization","PDE Networks","groups/735051"
"Y6QYL8TI","","Vlachas","2020","Backpropagation Algorithms and Reservoir Computing in Recurrent Neural Networks for the Forecasting of Complex Spatiotemporal Dynamics","Non-PINN Methods","groups/735051"
"ZAZ645F8","","Mattheakis","2021","Unsupervised Reservoir Computing for Solving Ordinary Differential Equations","Non-PINN Methods","groups/735051"
"KHPI6EG2","","Yao","2023","MultiAdam: Parameter-wise Scale-invariant Optimizer for Multiscale Training of Physics-informed Neural Networks","PINN Methods","groups/735051"
"WIE6WT4S","10.1016/j.array.2023.100287","Vadyala","2023","General implementation of quantum physics-informed neural networks","PINN Methods","groups/735051"
"4K2GWHHI","","Leiteritz","2021","How to Avoid Trivial Solutions in Physics-Informed Neural Networks","PINN Methods","groups/735051"
"6EQLHAN8","10.3390/s22228845","Juárez-Lora","2022","Implementation of Kalman Filtering with Spiking Neural Networks","","groups/735051"
"3AXUZXHA","","Brandstetter","2022","Lie Point Symmetry Data Augmentation for Neural PDE Solvers","Non-PINN Methods","groups/735051"
"VCAVKFC6","","Belbute-Peres","","Combining Differentiable PDE Solvers and Graph Neural Networks for Fluid Flow Prediction","","groups/735051"
"M43NSSZX","10.1016/j.jcp.2021.110414","Pakravan","2021","Solving inverse-PDE problems with physics-aware neural networks","","groups/735051"
"WHQW88N4","","Roberts","2021","Learning Operations for Neural PDE Solvers","Non-PINN Methods","groups/735051"
"3RAHGJNL","","Li","2022","Fourier Neural Operator with Learned Deformations for PDEs on General Geometries","Non-PINN Methods","groups/735051"
"P2CPWKAP","","Takamoto","2023","Learning Neural PDE Solvers with Parameter-Guided Channel Attention","Non-PINN Methods","groups/735051"
"BXTH57RP","","Tathawadekar","2021","Hybrid Neural Network PDE Solvers for Reacting Flows","Non-PINN Methods","groups/735051"
"A73N2ZRD","","Grady II","2023","Model-Parallel Fourier Neural Operators as Learned Surrogates for Large-Scale Parametric PDEs","Non-PINN Methods","groups/735051"
"4WBLSEZZ","10.1016/j.cma.2020.113250","Meng","2020","PPINN: Parareal physics-informed neural network for time-dependent PDEs","","groups/735051"
"AML24ZHJ","","Stiller","2020","Large-scale Neural Solvers for Partial Differential Equations","PINN Methods;Non-PINN Methods","groups/735051"
"MTDYKLHU","","Lütjens","2022","Multiscale Neural Operator: Learning Fast and Grid-independent PDE Solvers","Non-PINN Methods","groups/735051"
"YHV38ERV","","Boussif","2022","MAgNet: Mesh Agnostic Neural PDE Solver","Non-PINN Methods","groups/735051"
"R8ZTFARK","","Horie","2022","Physics-Embedded Neural Networks: Graph Neural PDE Solvers with Mixed Boundary Conditions","Non-PINN Methods","groups/735051"
"59XMN6EB","10.3390/s22228845","Juárez-Lora","2022","Implementation of Kalman Filtering with Spiking Neural Networks","PDE Networks","groups/735051"
"BJBPJQ8S","","Li","2021","Fourier Neural Operator for Parametric Partial Differential Equations","","groups/735051"
"SF7N6YKA","","Scharzenberger","2022","Using Physics-Informed Neural Networks to Guide Reinforcement Learning Agents on Motor Tasks","Three Minute Thesis;Writing;Hunt Lab;3MT22;Scharzenberger;PSU","groups/735051"
"4C9V3Y72","","Scharzenberger","2023","A Functional Subnetwork Approach to Coordinating Central Pattern Generators for Quadrupedal Locomotion","NSF Career;Young Scientist Seminar;Writing;Presentation;NSF NeuroNex;Hunt Lab;Prospectus;Scharzenberger;PSU","groups/735051"
"DNJ952MW","","Scharzenberger","2022","A Functional Subnetwork Approach to Multistate Central Pattern Generator Phase Difference Control","NSF Career;Writing;NSF NeuroNex;Hunt Lab;Scharzenberger;Brain Initiative;BRAIN22 Poster","groups/735051"
"LYTN3TS6","10.1007/978-3-031-20470-8_37","Hunt","2022","A Functional Subnetwork Approach to Multistate Central Pattern Generator Phase Difference Control","","groups/735051"
"ZLWBXZWF","","Scharzenberger","2021","Learning To Estimate Regions Of Attraction Of Autonomous Dynamical Systems Using Physics-Informed Neural Networks","Writing;NRL;Hunt Lab;Deep ROA;Scharzenberger","groups/735051"
"SNCCHUKR","10.1007/978-3-030-24741-6_20","Scharzenberger","2019","Design of a Canine Inspired Quadruped Robot as a Platform for Synthetic Neural Network Control","LM19;Cal Jerome;Writing;LM2024;Jubert;Living Machines;Hunt Lab;references_Lutz_quadruped;Quadruped;Scharzenberger;references_Lutz_thesis;Read","groups/735051"
"7YYLNTD6","10.1007/978-3-031-20470-8_37","Scharzenberger","2022","A Functional Subnetwork Approach to Multistate Central Pattern Generator Phase Difference Control","NSF Career;CPG PDC;Young Scientist Seminar;Writing;Presentation;Living Machines;NSF NeuroNex;Hunt Lab;LM22;Scharzenberger;FSA_Extensions;Manuscript;BRAIN22 Poster;references_Lutz_thesis;Read","groups/735051"
"RZZIRQQI","","","","Frontiers | Extending the Functional Subnetwork Approach to a Generalized Linear Integrate-and-Fire Neuron Model | Frontiers in Neurorobotics","Hunt Lab","groups/735051"
"V6WUCBST","","Stratasys","","Stratasys FDM Thermoplastic Filament Materials Data Sheet. https://www.stratasys.com/siteassets/materials/materials-catalog/fdm-materials/asa/mds_fdm_asa_0921a.pdf","Bibliography for all materials","groups/735051"
"6QTM6GVD","","Markforged Additive Manufacturing Company","","Markforged Composite Materials Data Sheet Rev 5.2. https://www-objects.markforged.com/craft/materials/CompositesV5.2.pdf","Bibliography for all materials","groups/735051"
"4D2UI54T","10.48084/etasr.5123","Zisopol","2022","A Comparative Analysis of the Mechanical Properties of Annealed PLA","Bibliography for all materials","groups/735051"
"VE3P4WFQ","10.1088/1757-899x/1217/1/012002","Sorimpuk","2022","Design of thermoformable three dimensional-printed PLA cast for fractured wrist","Bibliography for all materials","groups/735051"
"8C7IARDI","10.1108/rpj-01-2019-0009","Popescu","2020","Fast production of customized three-dimensional-printed hand splints","Bibliography for all materials","groups/735051"
"B2E8CNMH","","Kalogeras","","THE NATURE OF THE GLASSY STATE: STRUCTURE AND GLASS TRANSITIONS","Bibliography for all materials;Heat Treatment related studies","groups/735051"
"9LFSWCQH","10.3390/polym13081326","Ilyas","2021","Polylactic Acid (PLA) Biocomposite: Processing, Additive Manufacturing and Advanced Applications","Bibliography for all materials","groups/735051"
"JW5B7W6J","","Nkomo","","A Study of Applications of 3D printing technology and potential applications in the plastic thermoforming industry","Bibliography for all materials","groups/735051"
"4ID3XY5J","10.5545/sv-jme.2021.7426","Djukanović","2022","Optimisation of PLA Filament Consumption for 3D Printing Using the Annealing Method in Home Environment","Bibliography for all materials;Heat Treatment related studies","groups/735051"
"7V2ZV3MZ","10.3390/polym14204304","Sorimpuk","2022","Thermoforming Characteristics of PLA/TPU Multi-Material Specimens Fabricated with Fused Deposition Modelling under Different Temperatures","Bibliography for all materials;Heat Treatment related studies","groups/735051"
"U5WWN4J5","10.1108/13552540210441166","Ahn","2002","Anisotropic material properties of fused deposition modeling ABS","Bibliography for all materials","groups/735051"
"ETDWE35B","","Pasma","2018","Evidence in Support of the Independent Channel Model Describing the Sensorimotor Control of Human Stance Using a Humanoid Robot","","groups/735051"
"IXJA4CEE","10.1109/humanoids43949.2019.9035019","Jafari","2019","Stabilization of an Inverted Pendulum via Human Brain Inspired Controller Design","","groups/735051"
"HRSXRJPN","10.1016/s0014-3057(96)00051-1","Joseph","1996","Influence of interfacial adhesion on the mechanical properties and fracture behaviour of short sisal fibre reinforced polymer composites","Bibliography for all materials","groups/735051"
"5RUTQGSW","10.1016/j.jmatprotec.2010.08.028","Zhang","2011","The reinforcing mechanism of carbon fiber in composite adhesive for bonding carbon/carbon composites","Bibliography for all materials","groups/735051"
"E3NRT5BT","10.3390/ma15165602","Yun","2022","Analysis of Elastic Properties of Polypropylene Composite Materials with Ultra-High Molecular Weight Polyethylene Spherical Reinforcement","Bibliography for all materials","groups/735051"
"A9CW6I44","10.3390/molecules27185752","Yun","2022","Prediction of Elastic Properties Using Micromechanics of Polypropylene Composites Mixed with Ultrahigh-Molecular-Weight Polyethylene Fibers","Bibliography for all materials","groups/735051"
"674S5KY6","10.3390/polym14224851","Yun","2022","Numerical Investigation of the Elastic Properties of Polypropylene/Ultra High Molecular Weight Polyethylene Fiber inside a Composite Material Based on Its Aspect Ratio and Volume Fraction","Bibliography for all materials","groups/735051"
"7XU5JB5I","10.1016/j.ceramint.2019.10.162","Makarian","2020","Micromechanical modeling of thermo-mechanical properties of high volume fraction particle-reinforced refractory composites using 3D Finite Element analysis","Bibliography for all materials;Heat Treatment related studies","groups/735051"
"DQEB2AEF","10.1007/s00170-016-9933-1","Zhou","2017","Finite element and experimental analysis of machinability during machining of high-volume fraction SiCp/Al composites","Bibliography for all materials","groups/735051"
"7TIE6LWV","10.3390/polym13071107","Tian","2021","Additive Manufacturing of Wood Flour/PHA Composites Using Micro-Screw Extrusion: Effect of Device and Process Parameters on Performance","Bibliography for all materials","groups/735051"
"G6QQ8IPC","10.1016/j.compositesa.2016.10.018","Newcomb","2016","Processing, structure, and properties of carbon fibers","Bibliography for all materials","groups/735051"
"JZH89AHZ","10.1016/j.polymertesting.2021.107181","Galati","2021","A finite element approach for the prediction of the mechanical behaviour of layered composites produced by Continuous Filament Fabrication (CFF)","Bibliography for all materials","groups/735051"
"LYGGVPTF","10.1016/j.compstruct.2021.114337","Morales","2021","The effect of cross-section geometry on crushing behaviour of 3D printed continuous carbon fibre reinforced polyamide profiles","Bibliography for all materials","groups/735051"
"EMW52B3M","10.1016/j.addma.2018.05.007","Araya-Calvo","2018","Evaluation of compressive and flexural properties of continuous fiber fabrication additive manufacturing technology","","groups/735051"
"Z5YR8GJL","10.1016/j.addma.2019.03.008","Mei","2019","Influence of mixed isotropic fiber angles and hot press on the mechanical properties of 3D printed composites","Bibliography for all materials","groups/735051"
"JZNELXMJ","10.3389/fmats.2023.1183816","Lee","2023","Strength of Onyx-based composite 3D printing materials according to fiber reinforcement","Bibliography for all materials;Onyx related studies","groups/735051"
"I5SEDFA6","10.1038/s41593-019-0336-0","Weiler","2019","Spinal stretch reflexes support efficient hand control","Reading","groups/735051"
"N9MUW8E5","10.1038/nrn1427","Scott","2004","Optimal feedback control and the neural basis of volitional motor control","Reading","groups/735051"
"C86GRH8L","","Duncker","","Organizing recurrent network dynamics by task-computation to enable continual learning","Reading","groups/735051"
"2GK7SYZD","","He","","Feedback Gains for Correcting Small Perturbations to Standing Posture","Reading","groups/735051"
"BKWW93Q6","10.7554/elife.51121","Rule","2020","Stable task information from an unstable neural population","Reading","groups/735051"
"DXC2V59S","10.1101/sqb.1990.055.01.074","Loeb","1990","Understanding Sensorimotor Feedback through Optimal Control","Reading","groups/735051"
"PU3CAQZJ","10.1523/jneurosci.1327-05.2005","Ivanenko","2005","Coordination of Locomotion with Voluntary Movements in Humans","Reading","groups/735051"
"PGIF5YQF","10.1101/2022.08.15.503870","Driscoll","2022","Flexible multitask computation in recurrent networks utilizes shared dynamical motifs","Reading","groups/735051"
"WZSLW4KN","10.1101/2022.04.13.488176","Kuan","2022","Synaptic wiring motifs in posterior parietal cortex support decision-making","Reading","groups/735051"
"G2GHTTJC","10.1016/j.conb.2022.102609","Driscoll","2022","Representational drift: Emerging theories for continual learning and experimental future directions","Reading","groups/735051"
"FFXH5U8M","10.1016/j.neuron.2012.10.041","Lillicrap","2013","Preference Distributions of Primary Motor Cortex Neurons Reflect Control Solutions Optimized for Limb Biomechanics","Reading","groups/735051"
"74HHTXNR","10.1016/j.cell.2017.07.021","Driscoll","2017","Dynamic Reorganization of Neuronal Activity Patterns in Parietal Cortex","Reading","groups/735051"
"XCKTVEHB","10.1007/bf00961436","Olsen","1995","Modeling the leech heartbeat elemental oscillator II. Exploring the parameter space","Young Scientist Seminar;Presentation","groups/735051"
"AJUKQFHD","10.1007/bf00961435","Nadim","1995","Modeling the leech heartbeat elemental oscillator I. Interactions of intrinsic and synaptic currents","Young Scientist Seminar;Presentation","groups/735051"
"FMULE3IX","","Scharzenberger","2023","A Comparison of Absolute & Relative Neural Encoding Schemes in Addition & Subtraction Functional Subnetworks","NSF Career;MURI24;Young Scientist Seminar;Writing;Presentation;Living Machines;LM23;Hunt Lab;Scharzenberger;FSA_Extensions","groups/735051"
"TPLGLCBT","10.1038/nrn1427","Scott","2004","Optimal feedback control and the neural basis of volitional motor control","","groups/735051"
"TACX6NPB","","Young","","DESIGN AND ANALYSIS OF A BIOMECHANICAL MODEL OF THE RAT HINDLIMB WITH A COMPLETE MUSCULATURE","","groups/735051"
"PLDH5QM3","10.3390/biomimetics4010010","Young","2019","Analyzing Moment Arm Profiles in a Full-Muscle Rat Hindlimb Model","Prospectus;BolenFrontiers22;Hunt Lab;Morrow LM21;Joe;Connor;Manuscript;BolenIsoKneeTorque","groups/735051"
"YCPDYIY2","10.1039/c7ra06611b","Kelnar","2017","Improvement of performance of a ductile/brittle polymer system by graphite nanoplatelets: effect of component coupling","Bibliography for all materials","groups/735051"
"8DX9R2CP","10.1007/s40964-022-00356-w","Sandanamsamy","2022","A comprehensive review on fused deposition modelling of polylactic acid","Bibliography for all materials","groups/735051"
"ID8PB956","10.1177/07316844231167551","Shah","2023","Microstructure and mechanical properties of filament and fused deposition modelling printed polylactic-acid and carbon-fiber reinforced polylactic-acid","Bibliography for all materials","groups/735051"
"WYDFVFW5","10.1038/nn963","Todorov","2002","Optimal feedback control as a theory of motor coordination","","groups/735051"
"V2J2B9AP","10.1016/j.compscitech.2014.10.009","Tekinalp","2014","Highly oriented carbon fiber–polymer composites via additive manufacturing","Bibliography for all materials","groups/735051"
"N98R89W9","10.3390/ma15082764","Colón Quintana","2022","Effects of Fiber Orientation on the Coefficient of Thermal Expansion of Fiber-Filled Polymer Systems in Large Format Polymer Extrusion-Based Additive Manufacturing","Bibliography for all materials;Heat Treatment related studies","groups/735051"
"S287Q5GM","10.3390/jmmp4020038","Butt","2020","Investigating the Effects of Annealing on the Mechanical Properties of FFF-Printed Thermoplastics","Bibliography for all materials","groups/735051"
"TI4JGIT8","10.1557/jmr.2014.212","Love","2014","The importance of carbon fiber to polymer additive manufacturing","Bibliography for all materials","groups/735051"
"943H2FR6","10.3390/ma15145069","Maier","2022","Investigation into Thermomechanical Response of Polymer Composite Materials Produced through Additive Manufacturing Technologies","Bibliography for all materials;Onyx related studies;Heat Treatment related studies;PA6 Studies","groups/735051"
"9UEQJPCQ","10.1016/j.jmapro.2022.06.026","Ghorbani","2022","Eliminating voids and reducing mechanical anisotropy in fused filament fabrication parts by adjusting the filament extrusion rate","Bibliography for all materials","groups/735051"
"NG32HD6A","10.1007/s00170-020-06077-0","Tarfaoui","2020","Additive manufacturing in fighting against novel coronavirus COVID-19","Bibliography for all materials","groups/735051"
"8CZPZZDF","10.3144/expresspolymlett.2011.84","Battegazzore","2011","Crystallization kinetics of poly(lactic acid)-talc composites","Bibliography for all materials;Heat Treatment related studies","groups/735051"
"QGAASECP","10.1002/pen.25737","Reis","2021","Annealing and crystallization kinetics of poly(lactic acid) pieces obtained by additive manufacturing","Bibliography for all materials;Heat Treatment related studies","groups/735051"
"VJE7XY9K","","Callister","2014","Materials science and engineering: an introduction","Bibliography for all materials","groups/735051"
"NCMLFDM9","","Kalogeras","","THE NATURE OF THE GLASSY STATE: STRUCTURE AND GLASS TRANSITIONS","Bibliography for all materials;Heat Treatment related studies","groups/735051"
"ZKUNUF8F","","Rangisetty","","The Effect of Infill Parameters and Annealing on Mechanical Properties of Additively Manufactured Thermoplastic Composites","Bibliography for all materials","groups/735051"
"KR33UT2N","","Rodriguez","","Maximizing the Strength of Fused-Deposition ABS Plastic Parts","Bibliography for all materials","groups/735051"
"WYSI6VZV","10.1002/mame.201800169","Wach","2018","Enhancement of Mechanical Properties of FDM-PLA Parts via Thermal Annealing","Bibliography for all materials","groups/735051"
"4ME6Q9Q6","10.1002/pen.23304","Srithep","2013","Effects of annealing time and temperature on the crystallinity and heat resistance behavior of injection-molded poly(lactic acid)","Bibliography for all materials;Heat Treatment related studies","groups/735051"
"TI6RACW8","10.1016/j.matdes.2017.03.051","Song","2017","Measurements of the mechanical response of unidirectional 3D-printed PLA","Bibliography for all materials","groups/735051"
"G8UADU6N","10.1016/j.compstruct.2019.111476","Kabir","2020","A critical review on 3D printed continuous fiber-reinforced composites: History, mechanism, materials and properties","Heat Treatment of 3D Printed Materials;Bibliography for all materials","groups/735051"
"VMWQGCGL","","Tantillo","","Annealing of Fused Filament Fabricated Nylon 6 with Elevated Isostatic Pressure","Bibliography for all materials;Heat Treatment related studies;PA6 Studies","groups/735051"
"N8MGY7X8","10.1007/s00170-021-07913-7","Zhang","2021","Fibre bridging and nozzle clogging in 3D printing of discontinuous carbon fibre-reinforced polymer composites: coupled CFD-DEM modelling","Bibliography for all materials","groups/735051"
"DQZQZJTY","10.1152/jn.00625.2019","Cheung","2021","Approaches to revealing the neural basis of muscle synergies: a review and a critique","","groups/735051"
"SI868T7Y","","Du","","Quaternion-Based Analytical Inverse Dynamics for the Human Body","Prospectus;Bolen Papers","groups/735051"
"Y5NRBF75","10.1177/0731684418807300","Akhoundi","2019","Improving mechanical properties of continuous fiber-reinforced thermoplastic composites produced by FDM 3D printer","Bibliography for all materials","groups/735051"
"5AJNXD8S","10.1007/s11837-015-1367-y","Torres","2015","Mechanical Property Optimization of FDM PLA in Shear with Multiple Objectives","","groups/735051"
"BSYUQAZP","10.4236/iim.2009.12014","Panda","2009","Optimization of Fused Deposition Modelling (FDM) Process Parameters Using Bacterial Foraging Technique","Bibliography for all materials","groups/735051"
"UNVYVNZD","10.1152/jn.00773.2003","Ting","2004","Ratio of Shear to Load Ground-Reaction Force May Underlie the Directional Tuning of the Automatic Postural Response to Rotation and Translation","Bipedal balance control","groups/735051"
"KRSPMY7Y","10.1016/s0166-2236(02)02173-2","Capaday","2002","The special nature of human walking and its neural control","Sensory Feedback","groups/735051"
"V8N5VKMV","10.1016/0166-2236(95)94494-p","Bizzi","1995","Modular organization of motor behavior in the frog's spinal cord","Sensory Feedback","groups/735051"
"TSLTQLLP","10.1093/brain/119.6.1809","Nathan","1996","Vestibulospinal, reticulospinal and descending propriospinal nerve fibres in man","Sensory Feedback","groups/735051"
"SCEK6BY8","10.1016/s0166-2236(03)00073-0","Poppele","2003","Sophisticated spinal contributions to motor control","Sensory Feedback","groups/735051"
"7R3HMCYT","10.1038/nrn.2016.9","Kiehn","2016","Decoding the organization of spinal circuits that control locomotion","Sensory Feedback","groups/735051"
"TWVIHLQ6","","Prilutsky","2015","Neuromechanical Modeling of Posture and Locomotion","Sensory Feedback","groups/735051"
"TVGMJ88M","10.1016/j.neuron.2015.02.042","Ting","2015","Neuromechanical Principles Underlying Movement Modularity and Their Implications for Rehabilitation","Sensory Feedback","groups/735051"
"5FHQ638K","10.1098/rspb.2017.0290","Yokoyama","2017","Speed dependency in α-motoneuron activity and locomotor modules in human locomotion: Indirect evidence for phylogenetically conserved spinal circuits","Sensory Feedback","groups/735051"
"UTK3NBGI","10.1016/j.isci.2022.104083","Kohler","2022","Diversified physiological sensory input connectivity questions the existence of distinct classes of spinal interneurons","Sensory Feedback","groups/735051"
"G2YPNTRH","10.1113/jphysiol.2003.057174","Ivanenko","2004","Five basic muscle activation patterns account for muscle activity during human locomotion: Basic muscle activation patterns","Sensory Feedback","groups/735051"
"4R3JHPDS","10.1523/jneurosci.3288-17.2018","Hurteau","2018","Intralimb and Interlimb Cutaneous Reflexes during Locomotion in the Intact Cat","Sensory Feedback","groups/735051"
"VXJ6W26A","10.1523/jneurosci.3042-16.2017","Hurteau","2017","Nonlinear Modulation of Cutaneous Reflexes with Increasing Speed of Locomotion in Spinal Cats","Sensory Feedback","groups/735051"
"RSCMM452","10.1152/jn.01054.2007","Kargo","2010","A Simple Experimentally Based Model Using Proprioceptive Regulation of Motor Primitives Captures Adjusted Trajectory Formation in Spinal Frogs","Sensory Feedback","groups/735051"
"T2V9CNJB","10.1016/j.conb.2010.09.004","Kiehn","2011","Development and functional organization of spinal locomotor circuits","Sensory Feedback","groups/735051"
"4K3974R7","10.1113/jp277018","Desrochers","2019","Spinal control of muscle synergies for adult mammalian locomotion","Sensory Feedback","groups/735051"
"I4SJYQVQ","10.1016/s0006-3495(72)86068-5","Wilson","1972","Excitatory and Inhibitory Interactions in Localized Populations of Model Neurons","Neuron Modeling","groups/735051"
"2X9ZTXA8","10.1016/j.neuroscience.2014.12.084","Frigon","2015","Modulation of forelimb and hindlimb muscle activity during quadrupedal tied-belt and split-belt locomotion in intact cats","Sensory Feedback","groups/735051"
"NR5WX4S9","10.1152/jn.00160.2014","D'Angelo","2014","Modulation of phase durations, phase variations, and temporal coordination of the four limbs during quadrupedal split-belt locomotion in intact adult cats","Sensory Feedback","groups/735051"
"5VHAD6Z9","10.1152/jn.00419.2015","Dambreville","2015","The spinal control of locomotion and step-to-step variability in left-right symmetry from slow to moderate speeds","Sensory Feedback","groups/735051"
"BM559QKA","10.1113/jp272740","Frigon","2016","Left-right coordination from simple to extreme conditions during split-belt locomotion in the chronic spinal adult cat","Sensory Feedback;Models","groups/735051"
"EZ9YXPBH","10.1093/brain/awu372","Danner","2015","Human spinal locomotor control is based on flexibly organized burst generators","Sensory Feedback;Models","groups/735051"
"VMSHV6QN","10.1016/j.asd.2004.05.004","Dürr","2004","Behaviour-based modelling of hexapod locomotion: linking biology and technical application","Sensory Feedback","groups/735051"
"QIRB7P9I","10.1371/journal.pcbi.1007804","Schilling","2020","Decentralized control of insect walking: A simple neural network explains a wide range of behavioral and neurophysiological results","Sensory Feedback","groups/735051"
"CESWNMFK","10.1641/0006-3568(2000)050[0023:iwabar]2.3.co;2","Ritzmann","2000","Insect Walking and Biorobotics: A Relationship with Mutual Benefits","Sensory Feedback","groups/735051"
"6ACG38V6","10.1177/105971239300100404","Espenschied","1993","Leg Coordination Mechanisms in the Stick Insect Applied to Hexapod Robot Locomotion","Sensory Feedback","groups/735051"
"TTN67GPM","10.1016/0166-2236(90)90057-h","Cruse","1990","What mechanisms coordinate leg movement in walking arthropods?","Sensory Feedback","groups/735051"
"L8HS6C9U","10.1242/jeb.198.2.435","Büschges","1995","Rhythmic Patterns in the Thoracic Nerve Cord of the Stick Insect Induced by Pilocarpine","Models","groups/735051"
"5MLUL97T","10.1007/s00422-012-0543-1","Bicanski","2013","Decoding the mechanisms of gait generation in salamanders by combining neurobiology, modeling and robotics","Models","groups/735051"
"KWPG2L6F","10.1109/lra.2018.2850971","Kim","2018","Soft Inflatable Sensing Modules for Safe and Interactive Robots","Winter 2023","groups/735051"
"5XTD7SNJ","10.1109/lra.2019.2931273","Takaki","2019","Acoustic Length Sensor for Soft Extensible Pneumatic Actuators With a Frequency Characteristics Model","Winter 2023","groups/735051"
"QLCZ56SZ","10.1007/s10827-008-0124-4","Daun","2009","Control of oscillation periods and phase durations in half-center central pattern generators: a comparative mechanistic analysis","Hunt17LR Papers;Sensory Feedback","groups/735051"
"62Q7HHJY","10.1113/jp270121","Shevtsova","2015","Organization of left-right coordination of neuronal activity in the mammalian spinal cord: Insights from computational modelling","Sensory Feedback","groups/735051"
"73WC3HJ4","10.3390/ijms23105541","Shevtsova","2022","Ipsilateral and Contralateral Interactions in Spinal Locomotor Circuits Mediated by V1 Neurons: Insights from Computational Modeling","Network Architecture;Sensory Feedback","groups/735051"
"7KFVCPQR","10.1016/0006-8993(75)90974-9","Feldman","1975","Activity of interneurons mediating reciprocal 1a inhibition during locomotion","Sensory Feedback","groups/735051"
"D7VTPMJN","10.1016/j.brainresrev.2007.06.025","Brownstone","2008","Strategies for delineating spinal locomotor rhythm-generating networks and the possible role of Hb9 interneurones in rhythmogenesis","Sensory Feedback","groups/735051"
"NDBKJ53X","10.1016/s0925-2312(02)00832-9","Ivashko","2003","Modeling the spinal cord neural circuitry controlling cat hindlimb movement during locomotion","Sensory Feedback","groups/735051"
"C3PVUQB5","10.1016/j.brainresrev.2007.08.006","McCrea","2008","Organization of mammalian locomotor rhythm and pattern generation","Hunt17LR Papers;Dual-Layered CPGs;CPGs;Sensory Feedback;Manuscript;Read","groups/735051"
"VBMBBHJE","10.1111/j.1469-7793.2001.0041b.x","McCrea","2001","Spinal circuitry of sensorimotor control of locomotion","Sensory Feedback","groups/735051"
"5A8XR6YQ","10.1007/s00422-006-0112-6","Verdaasdonk","2007","Resonance tuning in a neuro-musculo-skeletal model of the forearm","Sensory Feedback","groups/735051"
"CLVRQIHL","10.1007/bf00235671","Grillner","1979","On the central generation of locomotion in the low spinal cat","Sensory Feedback","groups/735051"
"K7CMAN5H","10.1016/j.humov.2007.01.005","Minassian","2007","Human lumbar cord circuitries can be activated by extrinsic tonic input to generate locomotor-like activity","Sensory Feedback","groups/735051"
"2RLUYUNU","","Brown","1914","On the nature of the fundamental activity of the nervous centres; together with an analysis of the conditioning of rhythmic activity in progression, and a theory of the evolution of function in the nervous system","Models","groups/735051"
"VBNLDEBN","10.1113/jphysiol.1995.sp020871","Guertin","1995","Ankle extensor group I afferents excite extensors throughout the hindlimb during fictive locomotion in the cat.","Sensory Feedback","groups/735051"
"N56SJCXT","","Perreault","1995","Effects of stimulation of hindlimb flexor group II afferents during fictive locomotion in the cat.","Sensory Feedback","groups/735051"
"7YTEUK8U","10.1016/s0079-6123(06)65015-2","McCrea","2007","Modeling the mammalian locomotor CPG: insights from mistakes and perturbations","Sensory Feedback","groups/735051"
"4UTD7JIX","","Smith","","Neuromorphic scaling advantages for energy-efficient random walk computations","Spiking Neural Networks (SNNs)","groups/735051"
"5KVGK4TN","10.1139/tcsme-2017-514","Sárosi","2017","COMPARATIVE SURVEY OF VARIOUS STATIC AND DYNAMIC MODELS OF PNEUMATIC ARTIFICIAL MUSCLES","BolenBPACharacterization;BolenFrontiers22;BPA;Winter 2023;BolenIsoKneeTorque","groups/735051"
"IALNW3W8","","Dai","2022","SLUGBOT, an Aplysia-inspired Robotic Grasper for Studying Control","Manuscript","groups/735051"
"NHK2S6CD","10.1109/iros.2015.7353922","Szczecinski","2015","Introducing MantisBot: Hexapod robot controlled by a high-fidelity, real-time neural simulation","Manuscript","groups/735051"
"Z5CVKSXR","10.1016/j.asd.2017.03.001","Szczecinski","2017","Mantisbot is a robotic model of visually guided motion in the praying mantis","Manuscript;Mantasha","groups/735051"
"I9DRC68V","10.1177/07316844211016091","Chen","2021","Process evaluation, tensile properties, mathematical models, and fracture behavior of 3D printed continuous fiber reinforced thermoplastic composites","Bibliography for all materials","groups/735051"
"G3AUKGJU","10.1186/s42252-020-00010-0","Dantas","2020","Long-fibre reinforced polymer composites by 3D printing: influence of nature of reinforcement and processing parameters on mechanical performance","Bibliography for all materials;Onyx related studies","groups/735051"
"UETP5FAJ","10.3390/polym13152524","Papa","2021","Effect of Fibre Orientation on Novel Continuous 3D-Printed Fibre-Reinforced Composites","Bibliography for all materials","groups/735051"
"X57HRQBF","10.3390/ma13245654","Vaško","2020","Impact Toughness of FRTP Composites Produced by 3D Printing","Bibliography for all materials;Onyx related studies","groups/735051"
"7GK8JR3G","10.1109/jproc.2021.3067593","Davies","2021","Advancing Neuromorphic Computing With Loihi: A Survey of Results and Outlook","Manuscript","groups/735051"
"2QHM9FEL","","Makoviychuk","2021","Isaac Gym: High Performance GPU-Based Physics Simulation For Robot Learning","Manuscript","groups/735051"
"ICL8Q6H9","10.1007/s00521-020-04832-8","Slowik","2020","Evolutionary algorithms and their applications to engineering problems","Manuscript","groups/735051"
"VG2KN8C8","","Mukkamala","2017","Variants of RMSProp and Adagrad with Logarithmic Regret Bounds","LM23;FSA_Extensions;Manuscript","groups/735051"
"7RT63ZRM","","Paszke","","PyTorch: An Imperative Style, High-Performance Deep Learning Library","FSA_Extensions;Manuscript","groups/735051"
"62MMJNZ3","10.1109/5.58337","Werbos","1990","Backpropagation through time: what it does and how to do it","Manuscript","groups/735051"
"C2UKCPFH","10.1016/b978-0-12-741252-8.50010-8","Hecht-Nielsen","1992","Theory of the Backpropagation Neural Network","LM23;FSA_Extensions;Manuscript","groups/735051"
"5AQV2RTJ","10.1113/jphysiol.2007.136200","Alvarez","2007","The continuing case for the Renshaw cell: The continuing case for the Renshaw cell","Manuscript","groups/735051"
"APEJEAC5","10.1016/j.physd.2003.08.003","Buono","2004","A mathematical model of motorneuron dynamics in the heartbeat of the leech","Manuscript","groups/735051"
"YG92D5U5","10.1073/pnas.1419045111","Akay","2014","Degradation of mouse locomotor pattern in the absence of proprioceptive sensory feedback","Proprioceptive Feedback;Manuscript","groups/735051"
"WTLBP2BP","10.1162/neco_a_00990","Rawat","2017","Deep Convolutional Neural Networks for Image Classification: A Comprehensive Review","Manuscript","groups/735051"
"UH8KXH7G","10.1109/tnnls.2021.3084827","Li","2022","A Survey of Convolutional Neural Networks: Analysis, Applications, and Prospects","Manuscript","groups/735051"
"Z2XF8ALL","10.1007/bf00609460","Stevenson","1987","A reconsideration of the central pattern generator concept for locust flight","Young Scientist Seminar;Presentation;Manuscript","groups/735051"
"RCHJNARN","10.1002/dneu.22738","Mantziaris","2020","Central pattern generating networks in insect locomotion","","groups/735051"
"PBD3VZ2B","10.1080/01691864.2018.1455606","Suzumori","2018","Trends in hydraulic actuators and components in legged and tough robots: a review","BolenBPACharacterization;LM2023;Prospectus;BolenFrontiers22;BolenIsoKneeTorque","groups/735051"
"C2S3WYKK","10.1016/j.medengphy.2016.01.010","Veale","2016","Towards compliant and wearable robotic orthoses: A review of current and emerging actuator technologies","BolenBPACharacterization;Prospectus;BolenFrontiers22;BolenIsoKneeTorque","groups/735051"
"J5XQC56J","10.1007/978-3-030-24741-6_15","Martinez-Hernandez","2019","Highly-Integrated Muscle-Spindles for Pneumatic Artificial Muscles Made from Conductive Fabrics","Winter 2023","groups/735051"
"8DD895PT","10.1152/jn.00965.2007","Sasaki","2007","Feeding CPG in <i>Aplysia</i> Directly Controls Two Distinct Outputs of a Compartmentalized Interneuron That Functions as a CPG Element","Young Scientist Seminar;Presentation;Manuscript","groups/735051"
"5WRUEJ2I","10.1177/0095244318817867","Akasheh","2019","Fracture toughness enhancement of carbon fiber–reinforced polymer composites utilizing additive manufacturing fabrication","Bibliography for all materials;PA6 Studies","groups/735051"
"2A6FRZBP","10.1002/app.50338","Piramanayagam","2021","Experimental investigation and statistical analysis of additively manufactured onyx‐carbon fiber reinforced composites","Bibliography for all materials;Onyx related studies","groups/735051"
"3MHVAJ2Q","","Scrocco","","Impact Testing of 3D Printed Kevlar-Reinforced Onyx Material","Bibliography for all materials;Onyx related studies;PA6 Studies","groups/735051"
"UNQ52YDX","10.1016/j.addma.2018.12.020","Naranjo-Lozada","2019","Tensile properties and failure behavior of chopped and continuous carbon fiber composites produced by additive manufacturing","","groups/735051"
"H87QA9KP","10.1186/s10033-020-00485-9","He","2020","Mechanism, Actuation, Perception, and Control of Highly Dynamic Multilegged Robots: A Review","BolenBPACharacterization;LM2023;Prospectus;BolenFrontiers22;BolenIsoKneeTorque","groups/735051"
"AVTFKMJC","10.1186/1471-2474-14-104","Moraux","2013","Ankle dorsi- and plantar-flexion torques measured by dynamometry in healthy subjects from 5 to 80 years","Muscles","groups/735051"
"PENWY65Q","10.1152/jn.00641.2003","","","Alternative to Hand-Tuning Conductance-Based Models: Construction and Analysis of Databases of Model Neurons","","groups/735051"
"A9QC4P4E","10.1152/jn.00641.2003","Prinz","2003","Alternative to Hand-Tuning Conductance-Based Models: Construction and Analysis of Databases of Model Neurons","","groups/735051"
"LGPHI3FP","10.1145/3071178.3071208","Lorenzo","2017","Particle swarm optimization for hyper-parameter selection in deep neural networks","","groups/735051"
"YVD7J976","10.1113/jphysiol.1988.sp017281","Robertson","1988","Synaptic control of hindlimb motoneurones during three forms of the fictive scratch reflex in the turtle.","Young Scientist Seminar;Presentation;Sensory Feedback","groups/735051"
"QTQU3W5B","10.1113/jphysiol.2012.240895","Zhong","2012","Neuronal activity in the isolated mouse spinal cord during spontaneous deletions in fictive locomotion: insights into locomotor central pattern generator organization","Hunt17LR Papers;Sensory Feedback;Manuscript;references_Lutz_thesis","groups/735051"
"C8D5MRTH","10.1113/jp272437","Shevtsova","2016","Organization of flexor–extensor interactions in the mammalian spinal cord: insights from computational modelling","Sensory Feedback","groups/735051"
"JUS5LJAK","10.1113/jphysiol.2006.118711","Rybak","2006","Modelling spinal circuitry involved in locomotor pattern generation: insights from the effects of afferent stimulation","Sensory Feedback","groups/735051"
"YNS8WD8X","10.1152/jn.00865.2011","Markin","2012","Motoneuronal and muscle synergies involved in cat hindlimb control during fictive and real locomotion: a comparison study","Sensory Feedback;references_Lutz_thesis","groups/735051"
"J6WS447A","10.3390/app122111024","Pietrala","2022","Design and Control of a Pneumatic Muscle Servo Drive Containing Its Own Pneumatic Muscles","Winter 2023","groups/735051"
"C2YK8BSC","10.1016/j.mechatronics.2008.02.006","Zhang","2008","Modeling and control of a curved pneumatic muscle actuator for wearable elbow exoskeleton","Steele LM18;BPA;Winter 2023","groups/735051"
"FMTH7X8Y","10.1002/cphy.c210020","Frigon","2021","Control of Mammalian Locomotion by Somatosensory Feedback","Sensory Feedback","groups/735051"
"J6IGJCDM","10.1113/jp277515","Santuz","2019","Modular organization of murine locomotor pattern in the presence and absence of sensory feedback from muscle spindles","Animal Data","groups/735051"
"MCWDAYF8","10.1016/j.cois.2015.07.004","Ayali","2015","The comparative investigation of the stick insect and cockroach models in the study of insect locomotion","Animal Data","groups/735051"
"CHQAIZ2D","10.1016/j.cub.2016.06.070","Tuthill","2016","Mechanosensation and Adaptive Motor Control in Insects","Animal Data","groups/735051"
"ERQ9CEUI","10.1152/physrev.00015.2019","Grillner","2020","Current Principles of Motor Control, with Special Reference to Vertebrate Locomotion","Models","groups/735051"
"NFCQQDCR","10.1007/s00359-014-0968-1","Ayali","2015","Sensory feedback in cockroach locomotion: current knowledge and open questions","Young Scientist Seminar;Presentation;Animal Data","groups/735051"
"TI8EX68T","10.1249/jes.0000000000000233","Amann","2020","On the Influence of Group III/IV Muscle Afferent Feedback on Endurance Exercise Performance","Animal Data","groups/735051"
"WQAH7HJL","","Ijspeert","2007","From swimming to walking with a salamander robot driven by a spinal cord model.","Hunt17LR Papers;LM 2021 Review;references_Lutz_thesis;Models;Read","groups/735051"
"LJE2NGJ6","","Herr","2002","A model of scale effects in mammalian quadrupedal running","Models","groups/735051"
"9QPRR8DM","10.1073/pnas.81.10.3088","Hopfield","1984","Neurons with graded response have collective computational properties like those of two-state neurons.","","groups/735051"
"GXTQUEAL","","Krnacik","2022","Applying Biomimetic Passive Dynamics to a Quadruped Robot Leg","NSF NeuroNex;Hunt Lab","groups/735051"
"HMUGC8BI","10.1007/s11837-015-1367-y","Torres","2015","Mechanical Property Optimization of FDM PLA in Shear with Multiple Objectives","Bibliography for all materials","groups/735051"
"P7FQ66EU","10.1016/j.matdes.2014.02.038","Tymrak","2014","Mechanical properties of components fabricated with open-source 3-D printers under realistic environmental conditions","Bibliography for all materials","groups/735051"
"SKBRCLGD","10.1108/13552540810862028","Sun","2008","Effect of processing conditions on the bonding quality of FDM polymer filaments","Bibliography for all materials;Heat Treatment related studies","groups/735051"
"L2YET94V","10.1016/s1359-835x(00)00154-8","Mills","2001","Automation of carbon fibre preform manufacture for affordable aerospace applications","Bibliography for all materials","groups/735051"
"QGBFPLDN","10.1007/s11665-010-9740-z","Vega","2011","The Effect of Layer Orientation on the Mechanical Properties and Microstructure of a Polymer","Paper 1 References","groups/735051"
"N55A6F67","10.1088/1757-899x/700/1/012024","Ghebretinsae","2019","Strength analysis of 3D printed carbon fibre reinforced thermoplastic using experimental and numerical methods","Paper 1 References","groups/735051"
"26VH7IE4","10.1108/rpj-02-2013-0017","Turner","2015","A review of melt extrusion additive manufacturing processes: II. Materials, dimensional accuracy, and surface roughness","Paper 1 References","groups/735051"
"RYQKRAGS","10.1016/j.compstruct.2019.111476","Kabir","2020","A critical review on 3D printed continuous fiber-reinforced composites: History, mechanism, materials and properties","Paper 1 References","groups/735051"
"WU7TEDYQ","10.1016/j.matdes.2017.03.065","Chacón","2017","Additive manufacturing of PLA structures using fused deposition modelling: Effect of process parameters on mechanical properties and their optimal selection","Paper 1 References","groups/735051"
"23ULIPEK","10.1177/0021998316646169","Ning","2017","Additive manufacturing of carbon fiber-reinforced plastic composites using fused deposition modeling: Effects of process parameters on tensile properties","Paper 1 References","groups/735051"
"CEPV2BDS","10.1080/10408436.2018.1549977","Goh","2020","Process–Structure–Properties in Polymer Additive Manufacturing via Material Extrusion: A Review","Paper 1 References","groups/735051"
"DJY2QZYW","10.1016/j.compscitech.2019.107688","Chacón","2019","Additive manufacturing of continuous fibre reinforced thermoplastic composites using fused deposition modelling: Effect of process parameters on mechanical properties","Paper 1 References","groups/735051"
"SVGT3XMJ","10.1016/j.addma.2018.12.020","Naranjo-Lozada","2019","Tensile properties and failure behavior of chopped and continuous carbon fiber composites produced by additive manufacturing","Paper 1 References","groups/735051"
"9BMC6SMP","10.1016/j.compositesb.2015.06.013","Ning","2015","Additive manufacturing of carbon fiber reinforced thermoplastic composites using fused deposition modeling","Paper 1 References","groups/735051"
"6VER7PTV","10.1016/j.compositesb.2019.107112","Mohammadizadeh","2019","3D printed fiber reinforced polymer composites - Structural analysis","Paper 1 References","groups/735051"
"GS2GI464","10.1016/j.addma.2018.05.007","Araya-Calvo","2018","Evaluation of compressive and flexural properties of continuous fiber fabrication additive manufacturing technology","Paper 1 References","groups/735051"
"GYDH8KSE","10.1039/c7sm00950j","Seppala","2017","Weld formation during material extrusion additive manufacturing","Paper 1 References","groups/735051"
"EK2CXQTB","10.1051/matecconf/201925401018","Bárnik","2019","Mechanical properties of structures produced by 3D printing from composite materials","Paper 1 References","groups/735051"
"IPJMGIWT","10.3390/jcs4030098","Sanei","2020","3D-Printed Carbon Fiber Reinforced Polymer Composites: A Systematic Review","Paper 1 References","groups/735051"
"DGJGGBYZ","","Hart","2020","Increased fracture toughness of additively manufactured semi-crystalline thermoplastics via thermal annealing","Paper 1 References","groups/735051"
"RA5MMJG7","10.1002/pen.25590","Xu","2021","Effect of processing parameters on flexural properties of 3D-printed polyetherketoneketone using fused deposition modeling","Bibliography for all materials","groups/735051"
"IUT42S22","10.1016/s0020-0190(02)00447-7","Trelea","2003","The particle swarm optimization algorithm: convergence analysis and parameter selection","Particle Swarm Optimization (PSO)","groups/735051"
"G7QGW9QV","10.1109/cec.2007.4424896","Pant","2007","A Simple Diversity Guided Particle Swarm Optimization","Particle Swarm Optimization (PSO)","groups/735051"
"CQU68385","10.1109/icsmc.2002.1176018","van den Bergh","2002","A new locally convergent particle swarm optimiser","Particle Swarm Optimization (PSO)","groups/735051"
"2PBGZTRY","10.1109/4235.985692","Clerc","2002","The particle swarm - explosion, stability, and convergence in a multidimensional complex space","Particle Swarm Optimization (PSO)","groups/735051"
"JB55KRQ6","","Parsopoulos","2002","Initializing the Particle Swarm Optimizer Using the Nonlinear Simplex Method","Particle Swarm Optimization (PSO)","groups/735051"
"LWUA82DW","10.1155/2015/369298","Garro","2015","Designing Artificial Neural Networks using particle swarm optimization algorithms","Particle Swarm Optimization (PSO)","groups/735051"
"ALVSBZPE","10.1109/icsmc.2000.884366","Zhang","2000","Particle swarm optimisation for evolving artificial neural network","Particle Swarm Optimization (PSO)","groups/735051"
"8C3GXRC8","10.1186/1471-2105-7-125","Meissner","2006","Optimized Particle Swarm Optimization (OPSO) and its application to artificial neural network training","Particle Swarm Optimization (PSO)","groups/735051"
"36U3SFQ5","10.1109/icec.1998.699146","Shi","1998","A modified particle swarm optimizer","Particle Swarm Optimization (PSO)","groups/735051"
"K6B5EVGV","10.1109/sis.2003.1202255","Gudise","2003","Comparison of particle swarm optimization and backpropagation as training algorithms for neural networks","Particle Swarm Optimization (PSO)","groups/735051"
"YCID2EA5","10.1109/icec.1997.592326","Kennedy","1997","The particle swarm: social adaptation of knowledge","Mantasha;Particle Swarm Optimization (PSO)","groups/735051"
"HRYP46RP","10.1109/icnn.1995.488968","Kennedy","1995","Particle swarm optimization","Mantasha;Particle Swarm Optimization (PSO)","groups/735051"
"4PP8VGSV","10.1007/3-540-45105-6_10","Goos","2003","Optimization Using Particle Swarms with Near Neighbor Interactions","Particle Swarm Optimization (PSO)","groups/735051"
"TENVLXRB","10.1007/s11047-007-9049-5","Banks","2007","A review of particle swarm optimization. Part I: background and development","Particle Swarm Optimization (PSO)","groups/735051"
"DIQS2DQY","10.1016/j.conb.2011.05.017","Tytell","2011","Spikes alone do not behavior make: why neuroscience needs biomechanics.","CHAPTER 2. BACKGROUND;Cody;Joe;SteeleASME2;Steele ASME;Revision","groups/735051"
"HP9JNHHP","10.1137/s0036144504445133","Holmes","2006","The Dynamics of Legged Locomotion: Models, Analyses, and Challenges","Revision","groups/735051"
"WKEMWY2R","10.1115/1.4042626","Yun","2019","Cockroach Milli-Robot With Improved Load Capacity","Revision","groups/735051"
"G2Q74VV7","10.1016/j.sna.2004.10.024","Wood","2005","Optimal energy density piezoelectric bending actuators","Revision","groups/735051"
"IT9JQYF9","10.1242/jeb.02486","Autumn","2006","Frictional adhesion: a new angle on gecko attachment","Revision","groups/735051"
"RFCXTSP3","10.1073/pnas.0608841103","Tian","2006","Adhesion and friction in gecko toe attachment and detachment","Revision","groups/735051"
"3LRSCBAB","10.1073/pnas.192252799","Autumn","2002","Evidence for van der Waals adhesion in gecko setae","Revision","groups/735051"
"TMQ8KE3Y","10.1002/adma.202003139","Ilami","2021","Materials, Actuators, and Sensors for Soft Bioinspired Robots","Revision","groups/735051"
"SBKIR97U","10.1126/scirobotics.abl6334","de Croon","2022","Insect-inspired AI for autonomous robots","Revision","groups/735051"
"44DYD65H","10.1126/scirobotics.aao5619","Chen","2017","A biologically inspired, flapping-wing, hybrid aerial-aquatic microrobot","Revision","groups/735051"
"AEIUHI5X","10.3390/app10238607","Mo","2020","Jumping Locomotion Strategies: From Animals to Bioinspired Robots","Revision","groups/735051"
"6WZPAYEK","10.1088/1748-3182/9/1/011001","Lock","2013","Multi-modal locomotion: from animal to application","Revision","groups/735051"
"PEKTDYDC","","KG","2026","Fluidic Muscle DMSP","BolenBPACharacterization;LM2023;Prospectus;BolenFrontiers22;BolenIsoKneeTorque","groups/735051"
"NGH9QB49","10.1038/s41467-019-11198-6","Dutta","2019","Programmable coupled oscillators for synchronized locomotion","Revision","groups/735051"
"U3UV3MQC","10.1177/0278364915593793","Gong","2016","Kinematic gait synthesis for snake robots","Revision","groups/735051"
"55ZU2768","","Krnacik","2022","Applying Biomimetic Passive Dynamics to a Quadruped Robot Leg","Young Scientist Seminar;Presentation;Zheng Thesis;Krnacik Thesis","groups/735051"
"JK37UESI","","Krnacik","2022","Applying Biomimetic Passive Dynamics to a Quadruped Robot Leg","Krnacik Thesis","groups/735051"
"LZ47QBVM","10.1126/scirobotics.abl6334","de Croon","2022","Insect-inspired AI for autonomous robots","Revision","groups/735051"
"XJ2R96WE","10.1088/1748-3190/10/2/020301","Low","2015","Perspectives on biologically inspired hybrid and multi-modal locomotion","Revision","groups/735051"
"5J4ELUL8","10.1109/tmech.2012.2210239","Onal","2013","An Origami-Inspired Approach to Worm Robots","Revision","groups/735051"
"QTZKQRJJ","10.1016/j.tibtech.2013.03.002","Kim","2013","Soft robotics: a bioinspired evolution in robotics","Revision","groups/735051"
"IRJR7IBJ","10.1109/tro.2014.2365651","Kim","2014","Wheel Transformer: A Wheel-Leg Hybrid Robot With Passive Transformable Wheels","Revision","groups/735051"
"QGYW53NA","10.1126/scirobotics.aan3028","Hawkes","2017","A soft robot that navigates its environment through growth","Revision","groups/735051"
"XIABD9DB","10.1088/1748-3190/aa8448","Fang","2017","Origami-based earthworm-like locomotion robots","Revision","groups/735051"
"X22XJBK5","10.1152/jn.00065.2005","Ekeberg","2005","Computer simulation of stepping in the hind legs of the cat: an examination of mechanisms regulating the stance-to-swing transition.","Fall 22;Models","groups/735051"
"RGDDV42X","10.1152/jn.00833.2002","Wilmink","2003","Distribution of Heterogenic Reflexes Among the Quadriceps and Triceps Surae Muscles of the Cat Hind Limb","Animal Data","groups/735051"
"L99U3CC8","10.1152/jn.1997.77.6.3226","Prochazka","1997","Positive Force Feedback Control of Muscles","CHAPTER 2. BACKGROUND;Animal Data","groups/735051"
"Z7PQFLZ4","10.1098/rspb.2003.2454","Geyer","2003","Positive force feedback in bouncing gaits?","","groups/735051"
"MQMKBUN2","10.4236/ojcm.2016.61003","Der Klift","2016","3D Printing of Continuous Carbon Fibre Reinforced Thermo-Plastic (CFRTP) Tensile Test Specimens","Bibliography for all materials","groups/735051"
"9Y3LQSWI","10.1007/s11665-010-9740-z","Vega","2011","The Effect of Layer Orientation on the Mechanical Properties and Microstructure of a Polymer","","groups/735051"
"JKZCPQQV","10.1007/s11665-010-9740-z","Vega","2011","The Effect of Layer Orientation on the Mechanical Properties and Microstructure of a Polymer","Heat Treatment of 3D Printed Materials;Bibliography for all materials","groups/735051"
"89MEF3SQ","10.1088/1757-899x/700/1/012024","Ghebretinsae","2019","Strength analysis of 3D printed carbon fibre reinforced thermoplastic using experimental and numerical methods","Heat Treatment of 3D Printed Materials;Bibliography for all materials;Onyx related studies","groups/735051"
"BT4V4ZUX","10.1108/rpj-02-2013-0017","Turner","2015","A review of melt extrusion additive manufacturing processes: II. Materials, dimensional accuracy, and surface roughness","Heat Treatment of 3D Printed Materials;Bibliography for all materials","groups/735051"
"GS2K9K2Z","10.1016/j.compstruct.2019.111476","Kabir","2020","A critical review on 3D printed continuous fiber-reinforced composites: History, mechanism, materials and properties","Heat Treatment of 3D Printed Materials;Bibliography for all materials","groups/735051"
"T9SEQGZ3","10.1038/nature02024","Verschure","2003","Environmentally mediated synergy between perception and behaviour in mobile robots","","groups/735051"
"GSH4YXBC","10.1016/j.cell.2018.06.019","Zheng","2018","A Complete Electron Microscopy Volume of the Brain of Adult Drosophila melanogaster","Challenges","groups/735051"
"6DN6Q8C6","10.1016/s1364-6613(00)01601-6","Menzel","2001","Cognitive architecture of a mini-brain: the honeybee","Challenges","groups/735051"
"PWNAJX8A","10.1145/1654059.1654124","Ananthanarayanan","2009","The cat is out of the bag: cortical simulations with 109 neurons, 1013 synapses","Challenges","groups/735051"
"ECWTGERV","10.1088/1748-3190/ab8706","Chemtob","2020","Strategies to modulate zebrafish collective dynamics with a closed-loop biomimetic robotic system","Challenges","groups/735051"
"IPNKWGUR","10.1177/027836499601500201","Delcomyn","1996","Sense Organs of Insect Legs and the Selection of Sensors for Agile Walking Robots","Challenges","groups/735051"
"EPREWM23","","Beer","1998","Biorobotic approaches to the study of motor systems","LM 2021 Review","groups/735051"
"6537WEAV","10.1016/j.robot.2011.10.006","von Twickel","2011","Neural control of a modular multi-legged walking machine: Simulation and hardware","LM 2021 Review","groups/735051"
"L3VRNWRH","10.1152/jn.00648.2012","Knops","2012","A neuromechanical model for the neuronal basis of curve walking in the stick insect","LM 2021 Review","groups/735051"
"S8IHZBDU","10.1007/s10827-010-0254-3","Daun-Gruhn","2010","A mathematical modeling study of inter-segmental coordination during stick insect walking.","LM 2021 Review;Manuscript","groups/735051"
"R4U5D9CF","10.1007/s10827-010-0254-3","Daun-Gruhn","2010","A mathematical modeling study of inter-segmental coordination during stick insect walking.","LM 2021 Review;Manuscript","groups/735051"
"QQTUAM2A","10.1007/s10827-010-0254-3","Daun-Gruhn","2010","A mathematical modeling study of inter-segmental coordination during stick insect walking.","LM 2021 Review;Manuscript","groups/735051"
"NQSM7ER4","10.1007/s10827-010-0254-3","Daun-Gruhn","2010","A mathematical modeling study of inter-segmental coordination during stick insect walking.","LM 2021 Review;Manuscript","groups/735051"
"GWNXPJ5Z","10.1007/s10827-010-0254-3","Daun-Gruhn","2010","A mathematical modeling study of inter-segmental coordination during stick insect walking.","LM 2021 Review;Manuscript","groups/735051"
"A9G72NJV","10.1007/s10827-010-0254-3","Daun-Gruhn","2010","A mathematical modeling study of inter-segmental coordination during stick insect walking.","LM 2021 Review;Manuscript","groups/735051"
"GUPUN2BB","10.3390/app8010006","Rubeo","2017","A Synthetic Nervous System Controls a Simulated Cockroach","LM 2021 Review","groups/735051"
"5IGA7HLX","10.1109/tro.2012.2234311","Crespi","2013","Salamandra Robotica II: An amphibious robot to study salamander-like swimming and walking gaits","LM 2021 Review","groups/735051"
"RQT7U85E","","Ijspeert","1999","Evolving swimming controllers for a simulated lamprey with inspiration from neurobiology","LM 2021 Review","groups/735051"
"YDUTEJKD","","Cruse","1998","Walknet-a biologically inspired network to control six-legged walking.","LM 2021 Review;references_Lutz_thesis;Read","groups/735051"
"QA7Z8W42","","Cruse","1998","Walknet-a biologically inspired network to control six-legged walking.","LM 2021 Review;references_Lutz_thesis;Read","groups/735051"
"KEMT267I","","Cruse","1998","Walknet-a biologically inspired network to control six-legged walking.","LM 2021 Review;references_Lutz_thesis;Read","groups/735051"
"FHJ3NEPD","","Cruse","1998","Walknet-a biologically inspired network to control six-legged walking.","LM 2021 Review;references_Lutz_thesis;Read","groups/735051"
"AAR2BUUX","","Cruse","1998","Walknet-a biologically inspired network to control six-legged walking.","LM 2021 Review;references_Lutz_thesis;Read","groups/735051"
"6XQ66UVL","","Cruse","1998","Walknet-a biologically inspired network to control six-legged walking.","LM 2021 Review;references_Lutz_thesis;Read","groups/735051"
"MD7IUVMV","10.1093/icb/icab001","Kerr","2021","Biomechanical energetics of terrestrial locomotion California sea lion vs northern elephant seal","DaltorioPapers","groups/735051"
"VV9GP3XE","10.1093/icb/icab001","","2021","Symposia and Oral Abstracts","","groups/735051"
"YIWNEPAK","10.1093/icb/icab001","","2021","Symposia and Oral Abstracts","","groups/735051"
"TQHGQSFG","10.1016/j.asd.2004.05.001","Ritzmann","2004","Convergent evolution and locomotion through complex terrain by insects, vertebrates and robots","DaltorioPapers","groups/735051"
"R94RI97C","10.1088/1748-3190/ac6847","Chen","2022","Sideways crab-walking is faster and more efficient than forward walking for a hexapod robot","DaltorioPapers","groups/735051"
"AJWMN7YM","10.1109/tro.2007.914849","Transeth","2008","Snake Robot Obstacle-Aided Locomotion: Modeling, Simulations, and Experiments","DaltorioPapers","groups/735051"
"LRC78CSG","10.1109/robot.2002.1013385","Mangan","2002","Development of a peristaltic endoscope","DaltorioPapers","groups/735051"
"HZPK23QF","10.1088/1748-3182/8/3/035003","Daltorio","2013","Efficient worm-like locomotion: slip and control of soft-bodied peristaltic robots","DaltorioPapers","groups/735051"
"SRX7FCW5","10.1109/mra.2009.932130","Hirose","2009","Snake-like robots [Tutorial]","DaltorioPapers","groups/735051"
"W24USJQA","","Enloe","2013","Neanderthals, Bears and Hyenas, oh my! Competition for exclusive use of space","DaltorioPapers","groups/735051"
"PWW27EQT","10.1088/1748-9326/aa8979","Ecke","2017","Meta-analysis of environmental effects of beaver in relation to artificial dams","DaltorioPapers","groups/735051"
"NFGMQI58","10.1242/jeb.086983","Dorgan","2015","The biomechanics of burrowing and boring","DaltorioPapers","groups/735051"
"5IZ6ESHM","10.1038/d41586-019-02556-x","Barras","2019","Ancient worm fossil rolls back origins of animal life","DaltorioPapers","groups/735051"
"CJ7X2WP4","10.1002/(sici)1099-0526(199807/08)3:6<15::aid-cplx3>3.0.co;2-v","Theraulaz","1998","The origin of nest complexity in social insects","DaltorioPapers","groups/735051"
"2Y8HXLEH","10.36959/673/374","Hu","2021","Bio-Inspired Soft Robot for Locomotion and Navigation in Restricted Spaces","DaltorioPapers","groups/735051"
"K2WMSITU","10.1093/ae/51.1.31","Gorb","2005","Uncovering Insect Stickiness: Structure and Properties of Hairy Attachment Devices","DaltorioPapers","groups/735051"
"LSLIQGUN","10.1177/0278364908095334","Daltorio","2009","Mini-Whegs TM Climbs Steep Surfaces Using Insect-inspired Attachment Mechanisms","DaltorioPapers","groups/735051"
"ECZ8I3QV","10.1109/robot.2007.363159","Kim","2007","Whole body adhesion: hierarchical, directional and distributed control of adhesive forces for a climbing robot","DaltorioPapers","groups/735051"
"56LGM77F","10.1109/iros.2008.4651045","Wile","2008","Screenbot: Walking inverted using distributed inward gripping","DaltorioPapers","groups/735051"
"CNYS77QX","10.1115/1.40066591","Asbeck","2012","Designing Compliant Spine Mechanisms for Climbing","DaltorioPapers","groups/735051"
"3MCKXJK8","10.3390/app11094137","Bian","2021","A Novel Type of Wall-Climbing Robot with a Gear Transmission System Arm and Adhere Mechanism Inspired by Cicada and Gecko","DaltorioPapers","groups/735051"
"JILUIMES","10.1088/1748-3182/2/4/s01","Gorb","2007","Insects did it first: a micropatterned adhesive tape for robotic applications","DaltorioPapers","groups/735051"
"XNBD72L2","10.1109/tmech.2014.2315762","Palmer III","2015","Toward Gravity-Independent Climbing Using a Biologically Inspired Distributed Inward Gripping Strategy","DaltorioPapers","groups/735051"
"CF96VSS6","10.1109/icra.2017.7989643","Parness","2017","LEMUR 3: A limbed climbing robot for extreme terrain mobility in space","DaltorioPapers","groups/735051"
"FHFCVNC6","10.1109/icra.2014.6907472","Estrada","2014","Perching and vertical climbing: Design of a multimodal robot","DaltorioPapers","groups/735051"
"8MITU2U3","10.1109/icra.2013.6631206","Daler","2013","A perching mechanism for flying robots using a fibre-based adhesive","DaltorioPapers","groups/735051"
"IS8Q44HT","10.1109/tro.2012.2234311","Crespi","2013","Salamandra Robotica II: An Amphibious Robot to Study Salamander-Like Swimming and Walking Gaits","DaltorioPapers","groups/735051"
"6BR9MXF8","10.1088/1748-3190/ab68e8","Baines","2020","Variable stiffness morphing limb for amphibious legged robots inspired by chelonian environmental adaptations","DaltorioPapers","groups/735051"
"M4GJJ4LQ","10.1088/1748-3190/abdd94","Graf","2021","Dactyls and inward gripping stance for amphibious crab-like robots on sand","DaltorioPapers","groups/735051"
"83MPYZWP","10.1038/s41378-021-00323-5","Shi","2021","A comparative review of artificial muscles for microsystem applications","LM 2021 Review","groups/735051"
"SNSJU83M","10.1038/s41586-020-2442-2","Burger","2020","A mobile robotic chemist","LM 2021 Review","groups/735051"
"P6SK2GVQ","10.1109/robosoft51838.2021.9479337","Milojević","2021","Soft Robotic Compliant Two-Finger Gripper Mechanism for Adaptive and Gentle Food Handling","LM 2021 Review","groups/735051"
"57B6E3MH","10.1109/icra.2017.7989348","Schwarz","2017","NimbRo picking: Versatile part handling for warehouse automation","LM 2021 Review","groups/735051"
"I8I759AI","10.1109/tmech.2015.2501019","Wolf","2016","Variable Stiffness Actuators: Review on Design and Components","LM 2021 Review","groups/735051"
"BCGVSHSA","10.1016/j.robot.2013.06.009","Vanderborght","2013","Variable impedance actuators: A review","LM 2021 Review","groups/735051"
"P5VYRCPH","10.1142/9789814415958_0062","Hutter","2012","Starleth: a compliant quadrupedal robot for fast, efficient, and versatile locomotion","Quadruped;LM 2021 Review","groups/735051"
"Z8AFK9FK","10.1109/tro.2007.909786","Kim","2008","Smooth Vertical Surface Climbing With Directional Adhesion","LM 2021 Review;Climbing Robots;Revision","groups/735051"
"XTF7XGTF","10.1109/tro.2016.2640183","Wensing","2017","Proprioceptive Actuator Design in the MIT Cheetah: Impact Mitigation and High-Bandwidth Physical Interaction for Dynamic Legged Robots","LM 2021 Review","groups/735051"
"JGD95TAD","10.1109/icra.2012.6225149","Klein","2012","A neurorobotic model of bipedal locomotion based on principles of human neuromuscular architecture","LM 2021 Review","groups/735051"
"IQQNF6AR","","Ijspeert","2001","A connectionist central pattern generator for the aquatic and terrestrial gaits of a simulated salamander.","LM 2021 Review","groups/735051"
"DQHBECY2","10.1080/11762320903244843","Ayers","2010","Controlling Underwater Robots with Electronic Nervous Systems","LM 2021 Review","groups/735051"
"HDULJC7N","10.1109/mex.1986.4307016","Raibert","1986","Legged Robots That Balance","LM 2021 Review;Robots","groups/735051"
"95B3XJ4W","10.1177/027836499101000601","Koditschek","1991","Analysis of a Simplified Hopping Robot","","groups/735051"
"LGEM74HT","10.1109/iros.2013.6696541","Boaventura","2013","Stability and performance of the compliance controller of the quadruped robot HyQ","Quadruped;LM 2021 Review","groups/735051"
"NMU8JE8Z","","Raibert","2008","BigDog , the Rough-Terrain Quadruped Robot","Quadruped;LM 2021 Review","groups/735051"
"4WTBREHV","10.3390/polym11071094","Mazzanti","2019","FDM 3D Printing of Polymers Containing Natural Fillers: A Review of their Mechanical Properties","Heat Treatment of 3D Printed Materials","groups/735051"
"Z9J5L24F","10.3390/polym13152524","Papa","2021","Effect of Fibre Orientation on Novel Continuous 3D-Printed Fibre-Reinforced Composites","Heat Treatment of 3D Printed Materials;Onyx related studies","groups/735051"
"6E365AW8","10.1016/j.matdes.2017.03.065","Chacón","2017","Additive manufacturing of PLA structures using fused deposition modelling: Effect of process parameters on mechanical properties and their optimal selection","Heat Treatment of 3D Printed Materials","groups/735051"
"2E3B5KYI","10.1177/0021998316646169","Ning","2017","Additive manufacturing of carbon fiber-reinforced plastic composites using fused deposition modeling: Effects of process parameters on tensile properties","Heat Treatment of 3D Printed Materials","groups/735051"
"EX974V44","10.1080/10408436.2018.1549977","Goh","2020","Process–Structure–Properties in Polymer Additive Manufacturing via Material Extrusion: A Review","Heat Treatment of 3D Printed Materials;Bibliography for all materials","groups/735051"
"N29GA7U4","10.1016/j.addma.2021.101857","Rao","2021","A process-structure-performance modeling for thermoplastic polymers via material extrusion additive manufacturing","Heat Treatment of 3D Printed Materials","groups/735051"
"5D6JQGNV","10.1111/edt.12055","Sfondrini","2014","Flexural strengths of conventional and nanofilled fiber-reinforced composites: a three-point bending test","Heat Treatment of 3D Printed Materials","groups/735051"
"S26NL9X9","10.18178/ijmerr.10.8.414-421","Święcki","2021","Tests of Useful Field of View of Laser Sensors Used in Autonomous Nano Sumo Robots","Jake","groups/735051"
"WDB9ILKK","10.1109/tmech.2009.2038373","Vo-Minh","2011","A New Approach to Modeling Hysteresis in a Pneumatic Artificial Muscle Using The Maxwell-Slip Model","Jake","groups/735051"
"VVVAGTW8","","Carniel","","Ten Years of Living Machines Conferences: Transformers-based Automated Topic Grouping","Review","groups/735051"
"ENJNTAE5","","Verheyen","","A novel multi-vision sensor dataset for insect-inspired outdoor autonomous navigation","Review","groups/735051"
"9T2JYK8F","","Scharzenberger","2021","Learning To Estimate Regions Of Attraction Of Autonomous Dynamical Systems Using Physics-Informed Neural Networks","Deep ROA BO;Young Scientist Seminar;Presentation;Deep ROA;NAML22 Poster","groups/735051"
"H2VEJCQQ","10.3389/fnbot.2021.629210","Schmidgall","2021","SpikePropamine: Differentiable Plasticity in Spiking Neural Networks","","groups/735051"
"KCWVLQZN","10.3389/fnbot.2021.629210","Schmidgall","2021","SpikePropamine: Differentiable Plasticity in Spiking Neural Networks","Plasticity;NAML22 Poster","groups/735051"
"A43MHISY","10.1038/s41928-021-00705-7","Smith","2022","Neuromorphic scaling advantages for energy-efficient random walk computations","PDE Networks","groups/735051"
"SL7CYT7Z","","Smith","","Neuromorphic scaling advantages for energy-efficient random walk computations","","groups/735051"
"WPL9ZNBN","10.1177/0142331217752799","Yuan","2019","Estimation of the regions of attraction for autonomous nonlinear systems","","groups/735051"
"LI6ARW5I","10.1177/0142331217752799","Yuan","2019","Estimation of the regions of attraction for autonomous nonlinear systems","","groups/735051"
"6DU4C8FJ","10.1177/0142331217752799","Yuan","2019","Estimation of the regions of attraction for autonomous nonlinear systems","","groups/735051"
"X6EZHVEC","","Mehrjou","2020","Learning Dynamical Systems using Local Stability Priors","PDE Networks","groups/735051"
"EWMTQIL9","10.3389/fnins.2013.00276","Sandamirskaya","2014","Dynamic neural fields as a step toward cognitive neuromorphic architectures","Dynamic Neural Fields (DNF)","groups/735051"
"P2QTN3DD","","Scharzenberger","","A Functional Subnetwork Approach to Multistate Central Pattern Generator Phase Difference Control (Long)","CPG PDC;LM22","groups/735051"
"XKP8IS3P","","Ruder","2017","An overview of gradient descent optimization algorithms","CPG PDC;LM22;Numerical Methods","groups/735051"
"M8HZ446U","","Brochu","2010","A Tutorial on Bayesian Optimization of Expensive Cost Functions, with Application to Active User Modeling and Hierarchical Reinforcement Learning","CPG PDC;LM22;Bayesian Optimization (BO)","groups/735051"
"2HFKZI8R","10.1109/jproc.2015.2494218","Shahriari","2016","Taking the Human Out of the Loop: A Review of Bayesian Optimization","CPG PDC;LM22;Bayesian Optimization (BO)","groups/735051"
"NYNP8FWC","","Brochu","2010","A Tutorial on Bayesian Optimization of Expensive Cost Functions, with Application to Active User Modeling and Hierarchical Reinforcement Learning","","groups/735051"
"AQG3NCVI","","Forrest","1996","Genetic Algorithms","CPG PDC;LM22","groups/735051"
"2KP87X3W","10.1177/1073858410396101","Frigon","2012","Central Pattern Generators of the Mammalian Spinal Cord","CPG PDC;LM22;Animal Examples;Mammals;CPGs","groups/735051"
"8SS4S3BF","10.1523/jneurosci.3155-08.2009","Borgmann","2009","Sensory Feedback Induced by Front-Leg Stepping Entrains the Activity of Central Pattern Generators in Caudal Segments of the Stick Insect Walking System","CPG PDC;LM22;Animal Examples;Insects;CPGs","groups/735051"
"BVUPZ8JY","10.1002/dneu.22738","Mantziaris","2020","Central pattern generating networks in insect locomotion","Behavioral Examples;CPG PDC;LM22;Animal Examples;Ambulation;Insects;Manuscript;CPGs","groups/735051"
"KEXQE7MU","10.1016/s0893-6080(99)00068-4","Tonnelier","1999","Synchronization and desynchronization of neural oscillators","CPG PDC;Mathematical Examples;LM22;Neural Oscillators","groups/735051"
"BWIR3GIX","10.1109/72.392256","Wang","1995","Emergent synchrony in locally coupled neural oscillators","CPG PDC;Mathematical Examples;LM22;Neural Oscillators","groups/735051"
"8DR7WSVT","10.1103/physrevlett.74.4075","Aoyagi","1995","Network of Neural Oscillators for Retrieving Phase Information","Neural Oscillators","groups/735051"
"9L352TU2","","Mori","2004","Reinforcement Learning for a CPG-driven Biped Robot","CPG PDC;LM22;CPGs;Machine Learning Examples","groups/735051"
"IIS4L9GW","","Endo","2005","Learning CPG Sensory Feedback with Policy Gradient for Biped Locomotion for a Full-Body Humanoid","CPG PDC;LM22;CPGs;Machine Learning Examples","groups/735051"
"LADJKW9B","","Conradt","","Distributed Central Pattern Generator Control for a Serpentine Robot","CPG PDC;LM22;Robotics Examples;CPGs","groups/735051"
"JHVVWD9F","","Harris-Warrick","1985","SEROTONIN MODULATES THE CENTRAL PATTERN GENERATOR FOR LOCOMOTION IN THE ISOLATED LAMPREY SPINAL CORD","CPG PDC;Fish;LM22;Animal Examples;CPGs","groups/735051"
"P6WSNGS3","10.1016/j.robot.2018.10.002","Fukui","2019","Autonomous gait transition and galloping over unperceived obstacles of a quadruped robot with CPG modulated by vestibular feedback","CPG PDC;LM22;Robotics Examples;CPGs","groups/735051"
"9C49JF8V","10.1177/1073858417699790","Minassian","2017","The Human Central Pattern Generator for Locomotion: Does It Exist and Contribute to Walking?","CPG PDC;LM22;Animal Examples;Mammals;CPGs","groups/735051"
"8UFPTFVF","10.1007/s11432-014-5148-y","Chen","2014","An adaptive locomotion controller for a hexapod robot: CPG, kinematics and force feedback","CPG PDC;LM22;Robotics Examples;CPGs","groups/735051"
"66HHKTYQ","10.1109/tsmc.2012.2235426","Liu","2013","Central Pattern Generator Inspired Control for Adaptive Walking of Biped Robots","CPG PDC;LM22;Robotics Examples;CPGs","groups/735051"
"EA8S8ISC","10.1152/jn.90958.2008","Rubin","2009","Multiple Rhythmic States in a Model of the Respiratory Central Pattern Generator","Behavioral Examples;CPG PDC;Respiration;LM22;CPGs","groups/735051"
"VCM2D3TS","10.1016/j.brainresrev.2009.08.002","Guertin","2009","The mammalian central pattern generator for locomotion","CPG PDC;LM22;Animal Examples;BRAIN22 Poster;Mammals;CPGs","groups/735051"
"W3DHRLXP","10.1177/0278364907084980","Endo","2008","Learning CPG-based Biped Locomotion with a Policy Gradient Method: Application to a Humanoid Robot","CPG PDC;LM22;CPGs;Machine Learning Examples","groups/735051"
"REUANMPY","10.1007/s10514-007-9071-6","Crespi","2008","Controlling swimming and crawling in a fish robot using a central pattern generator","CPG PDC;LM22;Robotics Examples;CPGs","groups/735051"
"5GKICV46","10.1109/biorob.2006.1639162","Lachat","2006","BoxyBot: a swimming and crawling fish robot controlled by a central pattern generator","CPG PDC;Manuel;LM22;Manuscript;Robotics Examples;CPGs","groups/735051"
"KMAWXC3I","10.1007/s004220000211","Ijspeert","2001","A connectionist central pattern generator for the aquatic and terrestrial gaits of a simulated salamander","Behavioral Examples;CPG PDC;Amphibians;LM22;Animal Examples;Ambulation;CPGs","groups/735051"
"J56BZVRF","10.1016/s0361-9230(00)00399-3","Nishimaru","2000","Formation of the central pattern generator for locomotion in the rat and mouse","CPG PDC;LM22;Animal Examples;Manuscript;CPGs","groups/735051"
"P5QKAAGI","10.1007/s005000000051","Arena","2000","The Central Pattern Generator: a paradigm for artificial locomotion","CPGs","groups/735051"
"GY7D9L27","10.1016/s0966-6362(98)00010-1","Van de Crommert","1998","Neural control of locomotion: sensory control of the central pattern generator and its relation to treadmill training","Behavioral Examples;CPG PDC;LM22;Ambulation;CPGs","groups/735051"
"3REA7Y9L","10.1016/s0165-0173(98)00002-2","Grillner","1998","Intrinsic function of a neuronal network — a vertebrate central pattern generator","CPGs","groups/735051"
"6683DY26","10.1016/s0966-6362(97)00042-8","Duysens","1998","Neural control of locomotion; Part 1: The central pattern generator from cats to humans","Behavioral Examples;CPG PDC;LM22;Animal Examples;Ambulation;Mammals;CPGs","groups/735051"
"KMZCFQNC","10.1111/j.1749-6632.1998.tb09061.x","Rossignol","1998","Pharmacological Activation and Modulation of the Central Pattern Generator for Locomotion in the Cat","Behavioral Examples;CPG PDC;LM22;Animal Examples;Ambulation;Manuscript;Mammals;CPGs","groups/735051"
"VY688PMU","10.1162/106454699568773","Ijspeert","1999","Evolution and Development of a Central Pattern Generator for the Swimming of a Lamprey","Behavioral Examples;Swimming;CPG PDC;Fish;LM22;Animal Examples;CPGs","groups/735051"
"FXY6T8BE","10.1523/jneurosci.15-01-00342.1995","Harris-Warrick","1995","Dopamine modulation of transient potassium current evokes phase shifts in a central pattern generator network","CPG PDC;LM22;Animal Examples;CPGs;Crustacean","groups/735051"
"ZGH2KHPV","10.1523/jneurosci.15-07-04943.1995","Cazalets","1995","Localization and organization of the central pattern generator for hindlimb locomotion in newborn rat","Behavioral Examples;CPG PDC;LM22;Animal Examples;Ambulation;Mammals;CPGs","groups/735051"
"S43XKH65","10.1126/science.2218532","Syed","1990","In Vitro Reconstruction of the Respiratory Central Pattern Generator of the Mollusk <i>Lymnaea</i>","Behavioral Examples;CPG PDC;Respiration;LM22;Animal Examples;Manuscript;Mollusk;CPGs","groups/735051"
"YZD87FFT","10.1007/bf00604049","Bal","1988","The pyloric central pattern generator in Crustacea: a set of conditional neuronal oscillators","Behavioral Examples;CPG PDC;LM22;Animal Examples;Manuscript;CPGs;Digestive;Crustacean","groups/735051"
"E9F9ATL2","10.1007/bf00609460","Stevenson","1987","A reconsideration of the central pattern generator concept for locust flight","Behavioral Examples;CPG PDC;LM22;Animal Examples;Insects;CPGs;Flying","groups/735051"
"5ZRICYDP","10.1007/bf00337116","Bässler","1986","On the definition of central pattern generator and its sensory control","CPGs","groups/735051"
"QDDZGRQE","10.1152/jappl.1983.55.6.1647","von Euler","1983","On the central pattern generator for the basic breathing rhythmicity","Behavioral Examples;CPG PDC;Respiration;LM22;Manuscript;CPGs","groups/735051"
"D6ZWXHXW","10.1016/0166-2236(92)90006-t","Cohen","1992","Modelling of intersegmental coordination in the lamprey central pattern generator for locomotion","CPG PDC;Fish;LM22;Animal Examples;Manuscript;CPGs","groups/735051"
"93JYPYZS","","Robbins","1951","A Stochastic Approximation Method","Numerical Methods","groups/735051"
"7H2KLLD9","","Rumelhart","1985","Learning Internal Representations By Error Propagation","Artificial Neural Networks (ANNs)","groups/735051"
"LBFTSLCC","10.1007/11550822_11","Hutchison","2005","A Gradient Rule for the Plasticity of a Neuron’s Intrinsic Excitability","Plasticity","groups/735051"
"EEUEBMXW","","Oja","1982","Simplified neuron model as a principal component analyzer","Plasticity","groups/735051"
"NRX6RGE9","","Hebb","1949","The Organization of Behavior: A Neuropsychological Theory","Plasticity","groups/735051"
"26G3FSUY","10.1016/j.neucom.2019.03.032","Wang","2019","Echo state networks regulated by local intrinsic plasticity rules for regression","Plasticity;Reservoir Computers (RCs)","groups/735051"
"8SKRX7TY","10.1016/j.ins.2015.11.017","Yusoff","2016","Modeling neural plasticity in echo state networks for classification and regression","Plasticity;Reservoir Computers (RCs)","groups/735051"
"7GLKY3QZ","10.1016/j.neunet.2007.04.011","Steil","2007","Online reservoir adaptation by intrinsic plasticity for backpropagation–decorrelation and echo state learning","Reservoir Computers (RCs)","groups/735051"
"N9QZIJC2","10.1007/978-3-540-74690-4_3","Hutchison","2007","Improving the Prediction Accuracy of Echo State Neural Networks by Anti-Oja’s Learning","Plasticity;Reservoir Computers (RCs)","groups/735051"
"8LL6H6LX","10.1162/089976602760407955","Maass","2002","Real-Time Computing Without Stable States: A New Framework for Neural Computation Based on Perturbations","Liquid State Machines (LSMs)","groups/735051"
"V49CE9S2","","Keun Oh","2020","Toward the Fully Physics-Informed Echo State Network - an ODE Approximator Based on Recurrent Artificial Neurons","Reservoir Computers (RCs)","groups/735051"
"28X8EJ58","","Gabriel Barrios Morales","2019","Constructive role of plasticity rules in reservoir computing","Plasticity;Reservoir Computers (RCs)","groups/735051"
"U9S63QRE","","Verzelli","2022","Learning Dynamical Systems Using Dynamical Systems","Reservoir Computers (RCs)","groups/735051"
"23SKP9VZ","10.1016/j.neucom.2016.12.089","Gallicchio","2017","Deep reservoir computing: A critical experimental analysis","Reservoir Computers (RCs)","groups/735051"
"Z22YGSVM","10.1016/j.neucom.2016.12.089","Gallicchio","2017","Deep reservoir computing: A critical experimental analysis","","groups/735051"
"MFG62ZN7","","Jaeger","2001","The “echo state” approach to analysing and training recurrent neural networks – with an Erratum note","Reservoir Computers (RCs)","groups/735051"
"3LHTQ5IR","10.1088/2632-072x/ac24f3","Canaday","2021","Model-free control of dynamical systems with deep reservoir computing","Reservoir Computers (RCs)","groups/735051"
"DAZ3644S","10.1109/tase.2016.2582213","Park","2017","Online Learning Control of Hydraulic Excavators Based on Echo-State Networks","Reservoir Computers (RCs)","groups/735051"
"AKKNLA6F","10.1063/1.5022276","Zimmermann","2018","Observing spatio-temporal dynamics of excitable media using reservoir computing","Reservoir Computers (RCs)","groups/735051"
"EY4DHJ4X","","Finn","","Model-Agnostic Meta-Learning for Fast Adaptation of Deep Networks","Metalearning","groups/735051"
"4Y9Y7DVK","10.1038/nature16961","Silver","2016","Mastering the game of Go with deep neural networks and tree search","Artificial Neural Networks (ANNs)","groups/735051"
"DHE3K8KI","","Han","","A Review of Deep Learning Models for Time Series Prediction","Artificial Neural Networks (ANNs)","groups/735051"
"HBSA2HTP","10.1016/j.jbiomech.2012.06.037","John","2012","Contributions of muscles to mediolateral ground reaction force over a range of walking speeds","BolenBPACharacterization;Prospectus;BolenFrontiers22;BolenIsoKneeTorque","groups/735051"
"FBYVUAB3","10.1371/journal.pcbi.1006223","Seth","2018","OpenSim: Simulating musculoskeletal dynamics and neuromuscular control to study human and animal movement","BolenBPACharacterization;Prospectus;BolenFrontiers22;Manuscript;BolenIsoKneeTorque","groups/735051"
"DGNPHAQH","","Tziatzios","2019","Financial Nonlinear Time-Series Analysis and Prediction with Reservoir Computing","Reservoir Computers (RCs)","groups/735051"
"P29H67QT","10.1016/j.cogsys.2019.08.002","Vandesompele","2019","Populations of spiking neurons for reservoir computing: Closed loop control of a compliant quadruped","Liquid State Machines (LSMs)","groups/735051"
"GW7DXT7P","10.1016/j.cogsys.2019.08.002","Vandesompele","2019","Populations of spiking neurons for reservoir computing: Closed loop control of a compliant quadruped","Reservoir Computers (RCs)","groups/735051"
"TX3M5QFE","10.1103/physrevfluids.7.014402","Huhn","2022","Gradient-free optimization of chaotic acoustics with reservoir computing","Reservoir Computers (RCs)","groups/735051"
"QTW545JH","10.1103/physreve.104.044215","Kobayashi","2021","Dynamical system analysis of a data-driven model constructed by reservoir computing","Reservoir Computers (RCs)","groups/735051"
"RZ8CNN22","10.1103/physreve.98.023111","Nakai","2018","Machine-learning inference of fluid variables from data using reservoir computing","Reservoir Computers (RCs)","groups/735051"
"LT4SU5LZ","10.1109/tnnls.2021.3120472","Nakajima","2021","Neural Schrödinger Equation: Physical Law as Deep Neural Network","Non-PINN Methods","groups/735051"
"98A85RHB","10.1007/978-3-030-25719-4_71","Samsonovich","2020","Closed Loop Control of a Compliant Quadruped with Spiking Neural Networks","Spiking Neural Networks (SNNs)","groups/735051"
"NQ44EV5R","","Hart","2021","(Thesis) Reservoir Computing With Dynamical Systems","Reservoir Computers (RCs)","groups/735051"
"PH6GS423","","Mattheakis","2021","Unsupervised Reservoir Computing for Solving Ordinary Differential Equations","Reservoir Computers (RCs);NAML22 Poster","groups/735051"
"N4Z9PTAZ","","Anantharaman","2021","Accelerating Simulation of Stiff Nonlinear Systems using Continuous-Time Echo State Networks","Reservoir Computers (RCs)","groups/735051"
"8MA7ZZIU","","Goudarzi","2013","DNA Reservoir Computing: A Novel Molecular Computing Approach","Reservoir Computers (RCs)","groups/735051"
"LLD6CS5Z","10.1142/9781848162778_0008","Cooper","2011","Liquid State Machines: Motivation, Theory, and Applications","Liquid State Machines (LSMs);NAML22 Poster","groups/735051"
"WPM6V3S7","","Ivanov","2021","Increasing Liquid State Machine Performance with Edge-of-Chaos Dynamics Organized by Astrocyte-modulated Plasticity","Liquid State Machines (LSMs)","groups/735051"
"MJDTM68U","","Neftci","","Spiking Neural Network Learning, Benchmarking, Programming and Executing View all 16 Articles Articles","","groups/735051"
"XD7J5XN6","10.1016/j.compscitech.2019.107688","Chacón","2019","Additive manufacturing of continuous fibre reinforced thermoplastic composites using fused deposition modelling: Effect of process parameters on mechanical properties","Heat Treatment of 3D Printed Materials;Bibliography for all materials","groups/735051"
"I6RWIP2C","10.1016/j.addma.2018.12.020","Naranjo-Lozada","2019","Tensile properties and failure behavior of chopped and continuous carbon fiber composites produced by additive manufacturing","Heat Treatment of 3D Printed Materials;Bibliography for all materials","groups/735051"
"MX97A64G","10.1016/j.compositesb.2015.06.013","Ning","2015","Additive manufacturing of carbon fiber reinforced thermoplastic composites using fused deposition modeling","Heat Treatment of 3D Printed Materials;Bibliography for all materials","groups/735051"
"3WJ43F89","10.1016/j.matpr.2019.06.009","","","Effect of fused deposition modelling (FDM) process parameters on tensile strength of carbon fibre PLA | Elsevier Enhanced Reader","Heat Treatment of 3D Printed Materials","groups/735051"
"S8RCUICD","10.1016/j.addma.2018.05.007","Araya-Calvo","2018","Evaluation of compressive and flexural properties of continuous fiber fabrication additive manufacturing technology","Heat Treatment of 3D Printed Materials;Bibliography for all materials","groups/735051"
"YSHHCM58","10.1039/c7sm00950j","Seppala","2017","Weld formation during material extrusion additive manufacturing","Heat Treatment of 3D Printed Materials;Bibliography for all materials","groups/735051"
"K92DAKLG","10.1007/978-3-030-05587-5_15","Wang","2018","The Astrocytic Microdomain as a Generative Mechanism for Local Plasticity","Plasticity","groups/735051"
"BR6ZT2LD","","Ivanov","","Increasing Liquid State Machine Performance with Edge-of-Chaos Dynamics Organized by Astrocyte-modulated Plasticity","Plasticity","groups/735051"
"RFXFEPTI","","Neftci","","Spiking Neural Network Learning, Benchmarking, Programming and Executing View all 16 Articles Articles","Liquid State Machines (LSMs);Plasticity","groups/735051"
"5XJTXXL9","10.1109/humanoids.2017.8246970","Han","2017","Feedback design for multi-contact push recovery via LMI approximation of the Piecewise-Affine Quadratic Regulator","Stability in Legged Locomotion","groups/735051"
"PIYGMVWX","10.1016/j.neucom.2020.05.127","Morales","2021","Unveiling the role of plasticity rules in reservoir computing","Plasticity;Reservoir Computers (RCs)","groups/735051"
"VHPFI6KP","10.1016/j.jbiomech.2013.07.018","Yeo","2013","Phenomenological models of the dynamics of muscle during isotonic shortening","Muscles","groups/735051"
"A3CKML2W","10.1242/jeb.049163","Yeo","2011","Estimation of musculoskeletal models from in situ measurements of muscle action in the rat hindlimb","Muscles","groups/735051"
"SECHTSQF","10.1038/nn.4077","Brooks","2015","Learning to expect the unexpected: rapid updating in primate cerebellum during voluntary self-motion","Models;Animal Data","groups/735051"
"MFV4QD7R","10.1152/jn.00497.2017","Vincent","2017","Muscle proprioceptors in adult rat: mechanosensory signaling and synapse distribution in spinal cord","Animal Data","groups/735051"
"YEJ3MPBI","10.1016/j.compstruct.2017.08.088","Parandoush","2017","A review on additive manufacturing of polymer-fiber composites","Heat Treatment of 3D Printed Materials","groups/735051"
"G7DCFJU9","10.1080/20550340.2017.1341125","Ivey","2017","Characterizing short-fiber-reinforced composites produced using additive manufacturing","Heat Treatment of 3D Printed Materials","groups/735051"
"CQT2P7NS","10.1109/cca.1996.558917","Cai","1996","A robust controller for manipulator driven by artificial muscle actuator","Muscles;Winter 2023","groups/735051"
"D3SYDZ5P","","Dupeyroux","2021","A toolbox for neuromorphic sensing in robotics","LM 2021 Review;Loihi Projects","groups/735051"
"LTHWUN7C","10.1038/s41598-021-90058-0","Stark","2021","A three-dimensional musculoskeletal model of the dog","MURI24;NSF NeuroNex;Hunt Lab","groups/735051"
"RE52E3B4","10.1017/s0263574720000211","Bhounsule","2021","Control Policies for a Large Region of Attraction for Dynamically Balancing Legged Robots: A Sampling-Based Approach","Manuscript","groups/735051"
"63TC6K52","10.1115/1.4037440","Bhounsule","2017","A Discrete Control Lyapunov Function for Exponential Orbital Stabilization of the Simplest Walker","Manuscript","groups/735051"
"8HWCR2MN","10.1137/090749955","Ratschan","2010","Providing a Basin of Attraction to a Target Region of Polynomial Systems by Computation of Lyapunov-Like Functions","Manuscript","groups/735051"
"H93UJDGM","10.5772/55162","Jeon","2013","A Study on Stability of Limit Cycle Walking Model with Feet: Parameter Study","Manuscript","groups/735051"
"YQHQIBDE","10.1115/1.4043563","Chumacero-Polanco","2019","Basin of Attraction and Limit Cycle Oscillation Amplitude of an Ankle-Hip Model of Balance on a Balance Board","Manuscript","groups/735051"
"4Z3EI3FT","10.1016/j.na.2003.07.020","Giesl","2004","Necessary conditions for a limit cycle and its basin of attraction","Manuscript","groups/735051"
"ERYRZQNX","","Manchester","2010","Regions of Attraction for Hybrid Limit Cycles of Walking Robots","Manuscript","groups/735051"
"NW229I9E","","Manchester","2010","Transverse Dynamics and Regions of Stability for Nonlinear Hybrid Limit Cycles","Manuscript","groups/735051"
"3VWFV5V5","10.1109/lra.2020.3012129","Hagenaars","2020","Evolved Neuromorphic Control for High Speed Divergence-Based Landings of MAVs","Loihi Projects","groups/735051"
"5FJ84H52","10.1152/physrev.1992.72.3.623","Jami","1992","Golgi tendon organs in mammalian skeletal muscle: functional properties and central actions","Animal Data","groups/735051"
"3YIBKHKD","10.15607/rss.2017.xiii.035","Blum","2017","A neuromorphic controller for a robotic vehicle equipped with a dynamic vision sensor","Loihi Projects","groups/735051"
"WT43NINS","","Renner","","Event-Based Attention and Tracking on Neuromorphic Hardware","Loihi Projects","groups/735051"
"D8L99UU6","10.1145/3407197.3407205","Polykretis","2020","An Astrocyte-Modulated Neuromorphic Central Pattern Generator for Hexapod Robot Locomotion on Intel’s Loihi","Loihi Projects","groups/735051"
"MBMJ324M","","Dupeyroux","2020","Neuromorphic control for optic-flow-based landings of MAVs using the Loihi processor","Loihi Projects","groups/735051"
"R48WXIYA","10.3389/fnbot.2020.589532","Michaelis","2020","Robust Trajectory Generation for Robotic Control on the Neuromorphic Research Chip Loihi","Loihi Projects","groups/735051"
"4DEKV8DB","10.3929/ethz-b-000394569","Kreiser","2019","Error-driven learning for self-calibration in a neuromorphic path integration system","Loihi Projects","groups/735051"
"QIS647TY","10.1109/icra40945.2020.9197498","Kreiser","2020","Error estimation and correction in a spiking neural network for map formation in neuromorphic hardware","Loihi Projects","groups/735051"
"P97SW4BV","10.1109/iros45743.2020.9340948","Tang","2020","Reinforcement co-Learning of Deep and Spiking Neural Networks for Energy-Efficient Mapless Navigation with Neuromorphic Hardware","Loihi Projects","groups/735051"
"CSDA9RVE","10.15607/rss.2020.xvi.074","Stagsted","2020","Towards neuromorphic control: A spiking neural network based PID controller for UAV","Loihi Projects","groups/735051"
"YVM5FGTQ","10.1103/physrevlett.120.024102","Pathak","2018","Model-Free Prediction of Large Spatiotemporally Chaotic Systems from Data: A Reservoir Computing Approach","Reservoir Computers (RCs)","groups/735051"
"LDV39E5C","","Canaday","2021","A Meta-learning Approach to Reservoir Computing: Time Series Prediction with Limited Data","Metalearning;Reservoir Computers (RCs);NAML22 Poster","groups/735051"
"EKVKMUHF","","Ma","","From Bipedal to Quadrupedal Locomotion, Experimental Realization of Lyapunov Approaches","Hybrid Systems","groups/735051"
"JBLQ8MWU","10.1109/cdc.2014.7039614","Saglam","2014","Lyapunov-based versus Poincar&#x00E9; map analysis of the rimless wheel","Hybrid Systems","groups/735051"
"6882NWB5","10.1109/icecs.2007.4511125","Licer","2007","Lyapunov Stability of Hybrid System Limit Cycle Application to the Compass Gait Biped","Hybrid Systems","groups/735051"
"5Q68SB9X","10.1109/humanoids.2017.8246970","Han","2017","Feedback design for multi-contact push recovery via LMI approximation of the Piecewise-Affine Quadratic Regulator","Hybrid Systems","groups/735051"
"CS2G7EW7","10.1016/j.cnsns.2019.104949","Wang","2020","Finite-time stabilization of periodic orbits for under-actuated biped walking with hybrid zero dynamics","Hybrid Systems","groups/735051"
"G2B36SZP","","Romero","2020","FOUR-BAR MECHANISM'S ROTATION CENTER DETERMINATION USING NATURAL COORDINATES","Prospectus;BolenFrontiers22;BolenIsoKneeTorque","groups/735051"
"B7WZMP77","10.1115/1.3138568","Andrews","1985","A General Method for Determining the Functional Role of a Muscle","BolenBPACharacterization;Prospectus;BolenFrontiers22;BolenIsoKneeTorque","groups/735051"
"KPLNCGVM","","Zajac","1989","Determining Muscle's Force and Action in Multi-Articular Movement","BolenBPACharacterization;Prospectus;BolenFrontiers22;BolenIsoKneeTorque","groups/735051"
"YHL7NWVI","","Dasgupta","2015","Temporal information processing and memory guided behaviors with recurrent neural networks","Recurrent Neural Networks (RNNs)","groups/735051"
"HQNQA728","10.1007/s12530-013-9080-y","Dasgupta","2013","Information dynamics based self-adaptive reservoir for delay temporal memory tasks","Recurrent Neural Networks (RNNs)","groups/735051"
"5A9E9PEM","","Dasgupta","2015","Distributed Recurrent Neural Forward Models with Synaptic Adaptation for Complex Behaviors of Walking Robots","Hunt17LR Papers;Manuscript","groups/735051"
"BGL44A5D","10.1109/tro.2012.2234311","Crespi","2013","Salamandra Robotica II: An Amphibious Robot to Study Salamander-Like Swimming and Walking Gaits","Manuscript","groups/735051"
"EUZN2LUG","10.1016/0166-2236(92)90006-t","Cohen","1992","Modelling of intersegmental coordination in the lamprey central pattern generator for locomotion","Young Scientist Seminar;Presentation","groups/735051"
"DMMGZXE9","10.1007/s00422-012-0543-1","Bicanski","2013","Decoding the mechanisms of gait generation in salamanders by combining neurobiology, modeling and robotics","Young Scientist Seminar;Presentation;CPGs;Manuscript","groups/735051"
"5BUAFFA3","10.1007/s00221-006-0542-3","Akay","2006","Coordination of fore and hind leg stepping in cats on a transversely-split treadmill","Young Scientist Seminar;Presentation;Manuscript","groups/735051"
"K82ALCDN","10.1063/1.3142245","Ting","2009","Neuromechanical tuning of nonlinear postural control dynamics","Manuscript","groups/735051"
"VYJ6D4FT","10.1109/tnsre.2013.2264920","Bingham","2013","Stability Radius as a Method for Comparing the Dynamics of Neuromechanical Systems","Manuscript","groups/735051"
"ND6PCPFZ","10.1152/jn.00550.2017","Ausborn","2018","State-dependent rhythmogenesis and frequency control in a half-center locomotor CPG","Manuscript","groups/735051"
"BDAIR6EQ","10.7554/elife.43587","Ausborn","2019","Computational modeling of brainstem circuits controlling locomotor frequency and gait","Manuscript","groups/735051"
"B78NE6J4","10.3389/fncel.2019.00516","Danner","2019","Spinal V3 Interneurons and Left–Right Coordination in Mammalian Locomotion","Manuscript","groups/735051"
"LNNELSIS","10.1113/jphysiol.1914.sp001646","Brown","1914","On the nature of the fundamental activity of the nervous centres; together with an analysis of the conditioning of rhythmic activity in progression, and a theory of the evolution of function in the nervous system","Manuscript","groups/735051"
"9JCA65RA","10.3389/fnins.2020.598888","Latash","2020","On the Organization of the Locomotor CPG: Insights From Split-Belt Locomotion and Mathematical Modeling","CPG PDC;LM22;Manuscript","groups/735051"
"XVBVZD9G","10.7554/elife.31050","Danner","2017","Computational modeling of spinal circuits controlling limb coordination and gaits in quadrupeds","Manuscript","groups/735051"
"EQZB8ZGH","10.1113/jp272437","Shevtsova","2016","Organization of flexor-extensor interactions in the mammalian spinal cord: insights from computational modelling: Flexor-extensor interactions in the spinal cord","","groups/735051"
"L83KUNYX","10.1111/j.1749-6632.2010.05435.x","Markin","2010","Afferent control of locomotor CPG: insights from a simple neuromechanical model: Afferent control of locomotor CPG","Manuscript","groups/735051"
"ELT57HWI","10.1109/comst.2019.2902862","Mozaffari","2019","A Tutorial on UAVs for Wireless Networks: Applications, Challenges, and Open Problems","James","groups/735051"
"IY5M6AFZ","10.1007/s00422-017-0711-4","Szczecinski","2017","Design process and tools for dynamic neuromechanical models and robot controllers","CPG PDC;Mathematical Examples;references_Lutz_quadruped;LM22;Sensory Feedback;FSA_Extensions;Manuscript;BRAIN22 Poster;references_Lutz_thesis","groups/735051"
"LB7EXN42","10.1007/s10439-009-9852-5","Arnold","2010","A Model of the Lower Limb for Analysis of Human Movement","BolenBPACharacterization;Prospectus;BolenFrontiers22;BolenIsoKneeTorque","groups/735051"
"JDD3973R","10.1016/j.jbiomech.2011.10.014","Suderman","2012","Moving muscle points provide accurate curved muscle paths in a model of the cervical spine","Prospectus;BolenFrontiers22;BolenIsoKneeTorque","groups/735051"
"Y887BU8E","10.1002/rob.22014","McCammon","2021","Ocean front detection and tracking using a team of heterogeneous marine vehicles","James","groups/735051"
"QIR4XIC7","10.1080/09243046.2018.1470894","Koga","2019","Three-dimensionally printed designable joint for carbon fibre reinforced plastics","Heat Treatment of 3D Printed Materials","groups/735051"
"ZBFTBD3Q","10.1016/j.jmapro.2020.04.025","Cococcetta","2020","Investigating surface finish, burr formation, and tool wear during machining of 3D printed carbon fiber reinforced polymer composite","Heat Treatment of 3D Printed Materials","groups/735051"
"RQTEASFW","10.3390/jcs4030098","Sanei","2020","3D-Printed Carbon Fiber Reinforced Polymer Composites: A Systematic Review","Heat Treatment of 3D Printed Materials;Bibliography for all materials","groups/735051"
"RGZTLBXT","10.1002/rob.20218","Micire","2008","Evolution and field performance of a rescue robot: Evolution and Field Performance of a Rescue Robot","James","groups/735051"
"A84LVYKX","10.1109/mra.2004.1337826","Murphy","2004","Activities of the rescue robots at the World Trade Center from 11-21 september 2001","James","groups/735051"
"BMETHL35","","Aimone","","Non-Neural Network Applications for Spiking Neuromorphic Hardware","Spiking Neural Networks (SNNs)","groups/735051"
"PIMDPR4U","10.1109/ijcnn.2018.8489628","Severa","2018","Spiking Neural Algorithms for Markov Process Random Walk","Spiking Neural Networks (SNNs)","groups/735051"
"ATJSMGDV","10.1109/icra.2015.7140079","Noot","2015","Biped gait controller for large speed variations, combining reflexes and a central pattern generator in a neuromuscular model","Reggie;Mantasha;LM 2021 Review;Mantasha","groups/735051"
"ILUXD8A5","10.1038/srep23622","Lozano","2016","Control strategies of 3-cell Central Pattern Generator via global stimuli","Synchronization","groups/735051"
"BD5CT5XF","10.1016/j.biosystems.2004.05.005","Kuzmina","2004","Oscillatory network with self-organized dynamical connections for synchronization-based image segmentation","Synchronization","groups/735051"
"WMNYDIK4","10.1103/physrevlett.92.114102","Rosenblum","2004","Controlling Synchronization in an Ensemble of Globally Coupled Oscillators","Synchronization","groups/735051"
"9NYV4F4I","10.1109/iros.2007.4399498","Yang","2007","Self-adapting humanoid locomotion using a neural oscillator network","Synchronization","groups/735051"
"282M77XQ","10.1007/s10676-021-09603-0","Battistuzzi","2021","Ethical concerns in rescue robotics: a scoping review","James","groups/735051"
"ZWWT44CB","10.3389/fnins.2021.638474","Guo","2021","Neural Coding in Spiking Neural Networks: A Comparative Study for Robust Neuromorphic Systems","Spiking Neural Networks (SNNs)","groups/735051"
"PKZYWQ7E","10.3389/fnins.2021.638474","Guo","2021","Neural Coding in Spiking Neural Networks: A Comparative Study for Robust Neuromorphic Systems","","groups/735051"
"7NMTH7VS","10.1016/j.neunet.2008.03.014","Ijspeert","2008","Central pattern generators for locomotion control in animals and robots: A review","Reggie;Morrow LM20;Prospectus;Maybe Read?;Connor;Manuscript;references_Lutz_thesis;Ben & Connor Neuro Project","groups/735051"
"2AH8F3JU","10.3389/fnbot.2017.00018","Hunt","2017","Development and Training of a Neural Controller for Hind Leg Walking in a Dog Robot","Reggie;BolenBPACharacterization;Prospectus;BolenFrontiers22;BolenIsoKneeTorque","groups/735051"
"I25BNBE4","10.1109/mc.2016.135","Murphy","2016","Emergency Informatics: Using Computing to Improve Disaster Management","James","groups/735051"
"PIJF4QTW","10.1016/s0925-2312(01)00658-0","Bohte","2002","Error-backpropagation in temporally encoded networks of spiking neurons","Spiking Neural Networks (SNNs)","groups/735051"
"VWHDKJUR","10.3389/fnsys.2015.00151","Brette","2015","Philosophy of the Spike: Rate-Based vs. Spike-Based Theories of the Brain","","groups/735051"
"DGFCFEQY","10.3389/fnsys.2015.00151","Brette","2015","Philosophy of the Spike: Rate-Based vs. Spike-Based Theories of the Brain","Spiking Neural Networks (SNNs)","groups/735051"
"NEX6UV3X","10.1016/j.neunet.2019.03.005","Tanaka","2019","Recent advances in physical reservoir computing: A review","Reservoir Computers (RCs);Neuron Modeling","groups/735051"
"B4TZ3HEX","","Schrauwen","","An overview of reservoir computing: theory, applications and implementations","Neuron Modeling","groups/735051"
"FADCLD25","10.7551/mitpress/2526.001.0001","Izhikevich","2006","Dynamical Systems in Neuroscience: The Geometry of Excitability and Bursting","Neuron Modeling","groups/735051"
"2XYKN9L5","10.1113/jphysiol.1952.sp004764","Hodgkin","1952","A quantitative description of membrane current and its application to conduction and excitation in nerve","Spiking Neural Networks (SNNs);Manuscript;references_Lutz_thesis;Neuron Modeling","groups/735051"
"8UCTYAZL","10.1126/science.275.5297.213","Markram","1997","Regulation of Synaptic Efficacy by Coincidence of Postsynaptic APs and EPSPs","Spiking Neural Networks (SNNs)","groups/735051"
"TCJ4VS2P","10.1162/089976600300015844","Kistler","2000","Modeling Synaptic Plasticity in Conjunction with the Timing of Pre- and Postsynaptic Action Potentials","Spiking Neural Networks (SNNs)","groups/735051"
"N4Q9B3HU","10.1016/s0893-6080(97)00011-7","Maass","1997","Networks of spiking neurons: The third generation of neural network models","Spiking Neural Networks (SNNs);Neuron Modeling","groups/735051"
"4EMAIY84","10.3389/frvir.2021.557783","Labbe","2021","Proprioceptive Stimulation Added to a Walking Self-Avatar Enhances the Illusory Perception of Walking in Static Participants","Proprioceptive Feedback","groups/735051"
"QYP5YCPP","10.1152/jn.00250.2018","Mayer","2018","Role of muscle spindle feedback in regulating muscle activity strength during walking at different speed in mice","Proprioceptive Feedback","groups/735051"
"FG6SXTAX","10.1152/jn.00551.2015","Roden-Reynolds","2015","Hip proprioceptive feedback influences the control of mediolateral stability during human walking","Proprioceptive Feedback","groups/735051"
"C5ZKWUUK","10.1016/j.jbiomech.2015.04.024","Hubbuch","2015","Proprioceptive feedback contributes to the adaptation toward an economical gait pattern","Proprioceptive Feedback","groups/735051"
"TRLNBR4X","10.3389/fnhum.2015.00014","Frost","2015","Sensorimotor control of gait: a novel approach for the study of the interplay of visual and proprioceptive feedback","Proprioceptive Feedback","groups/735051"
"9BRRW9JI","10.7554/elife.00231","Mendes","2013","Quantification of gait parameters in freely walking wild type and sensory deprived Drosophila melanogaster","Proprioceptive Feedback","groups/735051"
"F3DGJINC","","Riskowski","","Proprioception, gait kinematics, and rate of loading","Proprioceptive Feedback","groups/735051"
"RI68M9LY","10.1145/3290605.3300905","Sra","2019","Adding Proprioceptive Feedback to Virtual Reality Experiences Using Galvanic Vestibular Stimulation","Proprioceptive Feedback","groups/735051"
"YDL8YIDS","10.1162/pres_a_00190","Leonardis","2014","Multisensory Feedback Can Enhance Embodiment Within an Enriched Virtual Walking Scenario","Proprioceptive Feedback","groups/735051"
"TSTXZGW7","10.1109/mhs.2012.6492480","Hasegawa","2012","Pseudo-proprioceptive motion feedback by electric stimulation","Proprioceptive Feedback","groups/735051"
"VZ9F38IZ","10.1242/jeb.067488","Fuchs","2012","Proprioceptive feedback reinforces centrally generated stepping patterns in the cockroach","Proprioceptive Feedback","groups/735051"
"R4J2XKXT","10.3389/fnbot.2011.00003","Harischandra","2011","Sensory feedback plays a significant role in generating walking gait and in gait transition in salamanders: a simulation study","Proprioceptive Feedback","groups/735051"
"ESEJC4V9","10.1523/jneurosci.3155-08.2009","Borgmann","2009","Sensory Feedback Induced by Front-Leg Stepping Entrains the Activity of Central Pattern Generators in Caudal Segments of the Stick Insect Walking System","Proprioceptive Feedback;Young Scientist Seminar;Presentation","groups/735051"
"7DF6JYJW","10.1016/j.jphysparis.2012.06.001","Krause","2013","Central drive and proprioceptive control of antennal movements in the walking stick insect","Proprioceptive Feedback","groups/735051"
"XI89DIYM","10.1097/jes.0b013e3182724bb0","Dean","2013","Proprioceptive Feedback and Preferred Patterns of Human Movement","Proprioceptive Feedback","groups/735051"
"QD6TP8D5","10.2522/ptj.20110206","Lewek","2012","Use of Visual and Proprioceptive Feedback to Improve Gait Speed and Spatiotemporal Symmetry Following Chronic Stroke: A Case Series","Proprioceptive Feedback","groups/735051"
"IRX5WUBK","10.1186/1471-2202-12-s1-p158","Knuesel","2011","Effects of muscle dynamics and proprioceptive feedback on the kinematics and CPG activity of salamander stepping","Proprioceptive Feedback","groups/735051"
"T8IA7AFL","10.1016/j.brainresbull.2007.03.010","Windhorst","2007","Muscle proprioceptive feedback and spinal networks","Proprioceptive Feedback;LM2024;Jubert;Manuel papers;Sensory Feedback;Local Feedback","groups/735051"
"UDU4DVIN","10.1007/s00221-007-0938-8","Maas","2007","The effects of self-reinnervation of cat medial and lateral gastrocnemius muscles on hindlimb kinematics in slope walking","Proprioceptive Feedback","groups/735051"
"RIN8JZM4","10.1007/s00221-006-0451-5","Mazzaro","2006","Afferent-mediated modulation of the soleus muscle activity during the stance phase of human walking","Proprioceptive Feedback","groups/735051"
"NCSIFLYR","10.1016/0006-8993(93)91131-b","Rossi-Durand","1993","Peripheral proprioceptive modulation in crayfish walking leg by serotonin","Proprioceptive Feedback","groups/735051"
"BNJN4GIA","10.1113/jphysiol.2007.130088","Grey","2007","Positive force feedback in human walking: Positive force feedback in human walking","Proprioceptive Feedback","groups/735051"
"S2DRIA5B","10.1016/s0166-2236(02)02173-2","Capaday","2002","The special nature of human walking and its neural control","Proprioceptive Feedback","groups/735051"
"22RM4EQK","10.1152/jn.1992.67.3.530","Elson","1992","Identified proprioceptive afferents and motor rhythm entrainment in the crayfish walking system","Proprioceptive Feedback","groups/735051"
"WBPCV5X8","","Hoppensteadt","","Synaptic organizations and dynamical properties of weakly connected neural oscillators","Neural Oscillators","groups/735051"
"QZSGP3EZ","10.1007/s00422-020-00854-6","Kim","2021","Multifrequency Hebbian plasticity in coupled neural oscillators","Neural Oscillators","groups/735051"
"W3STHJWC","10.1016/j.cnsns.2020.105611","Bashkirtseva","2021","Stochastic transitions between in-phase and anti-phase synchronization in coupled map-based neural oscillators","Neural Oscillators","groups/735051"
"DCYV25AD","10.1103/physrevx.6.011015","Ullner","2016","Self-Sustained Irregular Activity in an Ensemble of Neural Oscillators","Neural Oscillators","groups/735051"
"EVINGYQ7","10.1007/s11370-009-0049-4","Ryu","2010","Locomotion of snake-like robots using adaptive neural oscillators","Neural Oscillators","groups/735051"
"VAQXRWH6","","Kopell","","Mechanisms of Phase-Locking and Frequency Control in Pairs of coupled Neural Oscillators","Neural Oscillators","groups/735051"
"EETVINHU","10.1016/j.neunet.2014.08.008","Ueda","2015","Multistate network model for the pathfinding problem with a self-recovery property","Neural Oscillators","groups/735051"
"P9IRSSMV","10.1142/s0218127413300395","Panchuk","2013","Synchronization of coupled neural oscillators with heterogeneous delays","Neural Oscillators","groups/735051"
"JN69TKVE","10.1007/s10827-008-0120-8","Ly","2009","Synchronization dynamics of two coupled neural oscillators receiving shared and unshared noisy stimuli","Neural Oscillators","groups/735051"
"LZQSD5WC","10.1016/j.neucom.2006.10.075","Galán","2007","Reliability and stochastic synchronization in type I vs. type II neural oscillators","Neural Oscillators","groups/735051"
"IJM9Y24R","10.1103/physreve.73.031907","Sakaguchi","2006","Instability of synchronized motion in nonlocally coupled neural oscillators","Neural Oscillators","groups/735051"
"87AGPAEJ","10.1109/robot.2000.844870","Arsenio","2000","Tuning of neural oscillators for the design of rhythmic motions","Neural Oscillators","groups/735051"
"C632KEX4","10.1016/s0893-6080(99)00068-4","Tonnelier","1999","Synchronization and desynchronization of neural oscillators","","groups/735051"
"T4HW2ZG5","10.1103/physreve.60.2086","Coombes","1999","Mode locking and Arnold tongues in integrate-and-fire neural oscillators","Neural Oscillators","groups/735051"
"UZ9QS9FS","10.1523/jneurosci.0426-09.2009","Achuthan","2009","Phase-Resetting Curves Determine Synchronization, Phase Locking, and Clustering in Networks of Neural Oscillators","Neural Oscillators","groups/735051"
"RBCLFFPY","10.1162/08997660152002861","Ermentrout","2001","The Effects of Spike Frequency Adaptation and Negative Feedback on the Synchronization of Neural Oscillators","Neural Oscillators","groups/735051"
"KTI5JRPS","10.1103/physrevlett.75.3190","Han","1995","Dephasing and Bursting in Coupled Neural Oscillators","Neural Oscillators","groups/735051"
"WYRVHL8V","10.1109/72.392256","Wang","1995","Emergent synchrony in locally coupled neural oscillators","","groups/735051"
"UBNQ9BRR","10.1007/bf00198086","Taga","1991","Self-organized control of bipedal locomotion by neural oscillators in unpredictable environment","Neural Oscillators","groups/735051"
"IJ4S7QFW","","Aoyagi","1995","Network of Neural Oscillators for Retrieving Phase Information","","groups/735051"
"WUIWIT2B","10.3389/fnbot.2020.577804","Szczecinski","2020","Extending the Functional Subnetwork Approach to a Generalized Linear Integrate-and-Fire Neuron Model","Spiking/NonSpiking Networks;CPG PDC;Young Scientist Seminar;Functional Subnetwork Approach;Presentation;Mathematical Examples;LM23;Hunt Lab;Mark;LM22;Sensory Feedback;Spikes to Muscle Activation;FSA_Extensions;Manuscript;BRAIN22 Poster;references_Lutz_thesis;Read","groups/735051"
"485UBU3Q","","Wang","","A CPG-based sensory feedback control method for robotic fish locomotion","CPGs","groups/735051"
"95Z5D4VK","","Mori","","Reinforcement Learning for a CPG-driven Biped Robot","","groups/735051"
"Z8TDSEWP","","Harris-Warrick","","SEROTONIN MODULATES THE CENTRAL PATTERN GENERATOR FOR LOCOMOTION IN THE ISOLATED LAMPREY SPINAL CORD","","groups/735051"
"ELVF4LNL","","Endo","","Learning CPG Sensory Feedback with Policy Gradient for Biped Locomotion for a Full-Body Humanoid","","groups/735051"
"ZXS8A85A","","Conradt","","Distributed Central Pattern Generator Control for a Serpentine Robot","","groups/735051"
"IDQFXTMP","10.1016/j.robot.2018.10.002","Fukui","2019","Autonomous gait transition and galloping over unperceived obstacles of a quadruped robot with CPG modulated by vestibular feedback","","groups/735051"
"RR7MPWSU","10.1177/1073858417699790","Minassian","2017","The Human Central Pattern Generator for Locomotion: Does It Exist and Contribute to Walking?","Literature Reviews","groups/735051"
"CN2W285H","10.1016/j.neunet.2014.08.008","Ueda","2015","Multistate network model for the pathfinding problem with a self-recovery property","CPGs","groups/735051"
"X3WKXL27","10.1089/soro.2015.0012","Mirletz","2015","Goal-Directed CPG-Based Control for Tensegrity Spines with Many Degrees of Freedom Traversing Irregular Terrain","CPGs","groups/735051"
"LTTW93K3","10.1007/s11432-014-5148-y","Chen","2014","An adaptive locomotion controller for a hexapod robot: CPG, kinematics and force feedback","","groups/735051"
"KTYD5F39","10.1109/tnnls.2013.2280596","Yu","2014","A Survey on CPG-Inspired Control Models and System Implementation","CPGs","groups/735051"
"UHM5JKK4","10.5772/59186","Wang","2014","CPG-based Sensory Feedback Control for Bio-inspired Multimodal Swimming","CPGs","groups/735051"
"SPATD6RD","10.3389/fnhum.2014.00371","Dzeladini","2014","The contribution of a central pattern generator in a reflex-based neuromuscular model","CPGs","groups/735051"
"XN6V68XR","10.3389/fneur.2012.00183","Guertin","2013","Central Pattern Generator for Locomotion: Anatomical, Physiological, and Pathophysiological Considerations","CPGs","groups/735051"
"R6HGFTVU","10.1109/tsmc.2012.2235426","Liu","2013","Central Pattern Generator Inspired Control for Adaptive Walking of Biped Robots","Models","groups/735051"
"GZSNQK6W","10.1523/jneurosci.5072-10.2011","Norris","2011","Constancy and Variability in the Output of a Central Pattern Generator","CPGs","groups/735051"
"SKKII875","10.1080/02640414.2010.507252","Schneider","2010","Exercise, music, and the brain: Is there a central pattern generator?","CPGs","groups/735051"
"9LLWVC98","10.1177/1073858409346339","Brocard","2010","Do Pacemakers Drive the Central Pattern Generator for Locomotion in Mammals?","CPGs","groups/735051"
"2HPWUD3N","10.1109/ijcnn.2012.6252803","Maeda","2012","Central pattern generator and its learning via simultaneous perturbation method","CPGs","groups/735051"
"4GJM8VBQ","10.1016/j.conb.2011.05.011","Harris-Warrick","2011","Neuromodulation and flexibility in Central Pattern Generator networks","CPGs","groups/735051"
"MARQCUE8","10.1111/j.1749-6632.2010.05435.x","Markin","2010","Afferent control of locomotor CPG: insights from a simple neuromechanical model: Afferent control of locomotor CPG","CPGs","groups/735051"
"M6EUB49P","10.1016/b978-0-444-53613-6.00014-9","Harris-Warrick","2010","General Principles of Rhythmogenesis in Central Pattern Generator Networks","CPGs","groups/735051"
"NLZTIIQR","10.1152/jn.90958.2008","Rubin","2009","Multiple Rhythmic States in a Model of the Respiratory Central Pattern Generator","","groups/735051"
"3EJ694YP","10.1016/j.brainresrev.2009.08.002","Guertin","2009","The mammalian central pattern generator for locomotion","","groups/735051"
"JIKFDFL3","10.1109/tbcas.2008.2001867","Vogelstein","2008","A Silicon Central Pattern Generator Controls Locomotion in Vivo","CPGs","groups/735051"
"ANPQGUH5","10.1523/jneurosci.1437-08.2008","Tazerart","2008","The Persistent Sodium Current Generates Pacemaker Activities in the Central Pattern Generator for Locomotion and Regulates the Locomotor Rhythm","CPGs","groups/735051"
"ZZ2UEFSA","10.1523/jneurosci.5692-07.2008","Barriere","2008","Prominent Role of the Spinal Central Pattern Generator in the Recovery of Locomotion after Partial Spinal Cord Injuries","CPGs","groups/735051"
"8T9MSVKE","10.1109/biorob.2006.1639162","Lachat","2006","BoxyBot: a swimming and crawling fish robot controlled by a central pattern generator","","groups/735051"
"CZ7ARYMT","10.1152/jn.90436.2008","White","2008","Altered Gravity Highlights Central Pattern Generator Mechanisms","CPGs","groups/735051"
"ECXQ2YI7","10.1177/0278364907084980","Endo","2008","Learning CPG-based Biped Locomotion with a Policy Gradient Method: Application to a Humanoid Robot","","groups/735051"
"6CXDPYHM","10.1007/s10514-007-9071-6","Crespi","2008","Controlling swimming and crawling in a fish robot using a central pattern generator","","groups/735051"
"W2NWXGNB","10.1007/s00422-005-0047-3","Iwasaki","2006","Sensory Feedback Mechanism Underlying Entrainment of Central Pattern Generator to Mechanical Resonance","Hunt17LR Papers;CPGs","groups/735051"
"T3S445ZM","10.1242/jeb.01500","Thompson","2005","Central pattern generator for swimming in <i>Melibe</i>","Behavioral Examples;Swimming;CPG PDC;LM22;Animal Examples;Manuscript;Mollusk;CPGs","groups/735051"
"9ZSQ6QA6","10.1152/jn.00216.2005","Lafreniere-Roula","2005","Deletions of Rhythmic Motoneuron Activity During Fictive Locomotion and Scratch Provide Clues to the Organization of the Mammalian Central Pattern Generator","CPG PDC;LM22;Animal Examples;Sensory Feedback;Mammals;CPGs","groups/735051"
"V29WH4UR","10.1038/416174a","Suster","2002","Embryonic assembly of a central pattern generator without sensory input","CPGs","groups/735051"
"W7AGRPFW","10.1523/jneurosci.22-22-09961.2002","Butt","2002","Firing Properties of Identified Interneuron Populations in the Mammalian Hindlimb Central Pattern Generator","CPGs","groups/735051"
"8XATVT5K","10.1523/jneurosci.21-14-05374.2001","Gao","2001","Whisker Deafferentation and Rodent Whisking Patterns: Behavioral Evidence for a Central Pattern Generator","CPGs","groups/735051"
"5BAMPVCJ","10.1016/s0361-9230(00)00399-3","Nishimaru","2000","Formation of the central pattern generator for locomotion in the rat and mouse","","groups/735051"
"EF5M2WSY","10.1007/s004220000211","Ijspeert","2001","A connectionist central pattern generator for the aquatic and terrestrial gaits of a simulated salamander","","groups/735051"
"C6C33UUX","10.1152/jn.2000.83.5.2814","Lamb","2000","Could Different Directions of Infant Stepping Be Controlled by the Same Locomotor Central Pattern Generator?","CPGs","groups/735051"
"UN8SIN5P","10.1007/s005000000051","Arena","2000","The Central Pattern Generator: a paradigm for artificial locomotion","","groups/735051"
"44BSWVL2","10.1162/106454699568773","Ijspeert","1999","Evolution and Development of a Central Pattern Generator for the Swimming of a Lamprey","","groups/735051"
"AUZL89KS","10.1016/s0966-6362(98)00010-1","Van de Crommert","1998","Neural control of locomotion: sensory control of the central pattern generator and its relation to treadmill training","","groups/735051"
"YTS2SPE3","10.1016/s0165-0173(98)00002-2","Grillner","1998","Intrinsic function of a neuronal network — a vertebrate central pattern generator","","groups/735051"
"MTJIPN7B","10.1126/science.2218532","Syed","1990","In vitro reconstruction of the respiratory central pattern generator of the mollusk Lymnaea","","groups/735051"
"TYZ8UQMF","10.1016/s0966-6362(97)00042-8","Duysens","1998","Neural control of locomotion; Part 1: The central pattern generator from cats to humans","","groups/735051"
"CUP726EF","10.1523/jneurosci.15-01-00342.1995","Harris-Warrick","1995","Dopamine modulation of transient potassium current evokes phase shifts in a central pattern generator network","","groups/735051"
"XMWPEEW8","10.1523/jneurosci.15-07-04943.1995","Cazalets","1995","Localization and organization of the central pattern generator for hindlimb locomotion in newborn rat","Young Scientist Seminar;Presentation","groups/735051"
"WLIDUXH3","10.1016/0166-2236(92)90006-t","Cohen","1992","Modelling of intersegmental coordination in the lamprey central pattern generator for locomotion","","groups/735051"
"KYHSLINU","10.1007/bf00609460","Stevenson","1987","A reconsideration of the central pattern generator concept for locust flight","","groups/735051"
"XANPFTTT","10.1007/bf00337116","B�ssler","1986","On the definition of central pattern generator and its sensory control","","groups/735051"
"5XLWDVLX","","Tedrake","","Applied Optimal Control for Dynamically Stable Legged Locomotion","Stability in Legged Locomotion","groups/735051"
"I29LSNJA","","Ridderström","","Legged locomotion: Balance, control and tools — from equation to action","Stability in Legged Locomotion","groups/735051"
"AWJD5VYY","10.1126/scirobotics.abb2174","Yang","2020","Multi-expert learning of adaptive legged locomotion","Stability in Legged Locomotion","groups/735051"
"V6L8TWP3","","Rummel","","One-Legged Locomotion with a Compliant Passive Joint","Stability in Legged Locomotion","groups/735051"
"4SFPNXYH","10.1098/rsos.210223","George Thuruthel","2021","Learning to stop: a unifying principle for legged locomotion in varying environments","Stability in Legged Locomotion","groups/735051"
"GATX7QLS","10.1109/icra40945.2020.9197312","Villarreal","2020","MPC-based Controller with Terrain Insight for Dynamic Legged Locomotion","Stability in Legged Locomotion","groups/735051"
"WM2ZK6YR","","Da","2020","Learning a Contact-Adaptive Controller for Robust, Efficient Legged Locomotion","Stability in Legged Locomotion","groups/735051"
"ERFI7D3M","10.1109/tmech.2020.3019686","AhmadSharbafi","2020","Parallel compliance design for increasing robustness and efficiency in legged locomotion - theoretical background and applications","Stability in Legged Locomotion","groups/735051"
"A5URZHAI","10.1016/s1672-6529(16)60374-8","Hoffmann","2017","The Merits of Passive Compliant Joints in Legged Locomotion: Fast Learning, Superior Energy Efficiency and Versatile Sensing in a Quadruped Robot","Stability in Legged Locomotion","groups/735051"
"2P4NQAX8","10.1115/1.4029664","Shen","2016","A Piecewise-Linear Approximation of the Canonical Spring-Loaded Inverted Pendulum Model of Legged Locomotion","Stability in Legged Locomotion","groups/735051"
"77DNX2KN","10.1109/icra.2016.7487538","Carpentier","2016","A versatile and efficient pattern generator for generalized legged locomotion","Stability in Legged Locomotion","groups/735051"
"IY7KSLLG","10.1109/tmech.2019.2917416","Sharbafi","2019","Parallel Compliance Design for Increasing Robustness and Efficiency in Legged Locomotion—Proof of Concept","Stability in Legged Locomotion","groups/735051"
"B94BYJMZ","10.1007/s11044-018-09645-1","Asano","2018","Stealth walking with reduced double-limb support phase and its extension to careful legged locomotion","Stability in Legged Locomotion","groups/735051"
"VIJ9X72K","10.1007/s10514-016-9593-x","Razavi","2017","Symmetry in legged locomotion: a new method for designing stable periodic gaits","Stability in Legged Locomotion","groups/735051"
"L8CLHW3E","10.5772/62687","Or","2016","Analysis of Foot Slippage Effects on an Actuated Spring-Mass Model of Dynamic Legged Locomotion","Stability in Legged Locomotion","groups/735051"
"8MEEWDTW","10.1109/ichr.2010.5686829","Chestnutty","2010","Safe adjustment regions for legged locomotion paths","Stability in Legged Locomotion;Manuscript","groups/735051"
"BDVYBRV5","10.1016/j.ins.2014.05.001","Ren","2015","Multiple chaotic central pattern generators with learning for legged locomotion and malfunction compensation","Stability in Legged Locomotion","groups/735051"
"JUTGNW4M","10.1109/iros.2014.6943257","Roennau","2014","Reactive posture behaviors for stable legged locomotion over steep inclines and large obstacles","Stability in Legged Locomotion","groups/735051"
"4DJ9PRL2","10.1109/icamechs.2014.6911592","Council","2014","Deadbeat control with (almost) no sensing in a hybrid model of legged locomotion","Stability in Legged Locomotion","groups/735051"
"JM3PKWGQ","10.1088/1748-3182/7/4/046010","Shen","2012","A fundamental mechanism of legged locomotion with hip torque and leg damping","Mo;Damping in Locomotion;Stability in Legged Locomotion","groups/735051"
"FXA6AECM","10.1177/0278364912452762","Pratt","2012","Capturability-based analysis and control of legged locomotion, Part 2: Application to M2V2, a lower-body humanoid","Stability in Legged Locomotion","groups/735051"
"TLXSYSP2","10.1177/0278364912452673","Koolen","2012","Capturability-based analysis and control of legged locomotion, Part 1: Theory and application to three simple gait models","Stability in Legged Locomotion","groups/735051"
"FBV4JFKW","10.5772/7789","Asif","2012","On the Improvement of Multi-Legged Locomotion over Difficult Terrains Using a Balance Stabilization Method","Stability in Legged Locomotion;Manuscript","groups/735051"
"AWL9LP77","10.3929/ethz-a-6665065","Remy","2011","Optimal exploitation of natural dynamics in legged locomotion","Stability in Legged Locomotion;Manuscript","groups/735051"
"ZLBQPCFL","10.1134/s1560354707050048","Seipel","2007","A simple model for clock-actuated legged locomotion","Stability in Legged Locomotion;Manuscript","groups/735051"
"RBBEW6WJ","10.1137/s0036144504445133","Holmes","2006","The Dynamics of Legged Locomotion: Models, Analyses, and Challenges","Stability in Legged Locomotion;Manuscript","groups/735051"
"A53GA5PB","10.1177/0278364904047389","Altendorfer","2004","Stability Analysis of Legged Locomotion Models by Symmetry-Factored Return Maps","Stability in Legged Locomotion","groups/735051"
"RBM4RWXY","10.1109/robot.2003.1241570","Altendorfer","2003","Towards a factored analysis of legged locomotion models","Stability in Legged Locomotion","groups/735051"
"8UHIST92","10.1115/dscc2008-2402","Sastra","2008","A Biologically-Inspired Dynamic Legged Locomotion With a Modular Reconfigurable Robot","Stability in Legged Locomotion;Manuscript","groups/735051"
"YRZZ4MSA","10.1109/iros.2007.4399195","Iida","2007","Motor control optimization of compliant one-legged locomotion in rough terrain","Stability in Legged Locomotion;Manuscript","groups/735051"
"7MB942KY","10.1109/iros.2006.281802","Buchli","2006","Finding Resonance: Adaptive Frequency Oscillators for Dynamic Legged Locomotion","Stability in Legged Locomotion;Manuscript","groups/735051"
"3ZEBZKSM","10.1109/memb.2003.1195695","Patla","2003","Strategies for dynamic stability during adaptive human locomotion","Stability in Legged Locomotion;Manuscript","groups/735051"
"BHZSERT5","10.1007/s00422-001-0300-3","Schmitt","2002","Dynamics and stability of legged locomotion in the horizontal plane: a test case using insects","Stability in Legged Locomotion;Manuscript","groups/735051"
"Y48SRICP","10.1093/icb/42.1.149","Full","2002","Quantifying Dynamic Stability and Maneuverability in Legged Locomotion","Stability in Legged Locomotion;Manuscript","groups/735051"
"CG7FV5GY","10.1007/s004220000181","Schmitt","2000","Mechanical models for insect locomotion: dynamics and stability in the horizontal plane I. Theory","Stability in Legged Locomotion;Manuscript","groups/735051"
"7YKMGNV4","10.1007/s004220000180","Schmitt","2000","Mechanical models for insect locomotion: dynamics and stability in the horizontal plane - II. Application","Stability in Legged Locomotion;Manuscript","groups/735051"
"Y6L6UFEX","10.1007/s004220050468","Ekeberg","1998","A neuro-mechanical model of legged locomotion: single leg control","Stability in Legged Locomotion;Manuscript","groups/735051"
"K5RXGZWE","10.1109/cdc.1990.203973","Li","1990","An energy perturbation approach to limit cycle analysis in legged locomotion systems","Stability in Legged Locomotion;Manuscript","groups/735051"
"L2FS76M2","10.1109/jra.1985.1087012","Messuri","1985","Automatic body regulation for maintaining stability of a legged vehicle during rough-terrain locomotion","Stability in Legged Locomotion;Manuscript","groups/735051"
"QD6CBU8H","10.1146/annurev-control-053018-023825","Recht","2019","A Tour of Reinforcement Learning: The View from Continuous Control","Reinforcement Learning (RL)","groups/735051"
"W4HXBNBF","","Bellemare","","A Distributional Perspective on Reinforcement Learning","Reinforcement Learning (RL)","groups/735051"
"SXEI42SC","","Duan","","Benchmarking Deep Reinforcement Learning for Continuous Control","Reinforcement Learning (RL)","groups/735051"
"LP96NG2K","","Chandak","","Learning Action Representations for Reinforcement Learning","Reinforcement Learning (RL)","groups/735051"
"HXGCFJSL","","Lillicrap","2019","Continuous control with deep reinforcement learning","Reinforcement Learning (RL)","groups/735051"
"HSIJBAEY","","Mnih","","Asynchronous Methods for Deep Reinforcement Learning","Reinforcement Learning (RL)","groups/735051"
"HAE346VY","10.1145/3005745.3005750","Mao","2016","Resource Management with Deep Reinforcement Learning","Reinforcement Learning (RL)","groups/735051"
"DAX29M4G","10.1038/nature14236","Mnih","2015","Human-level control through deep reinforcement learning","Reinforcement Learning (RL)","groups/735051"
"7QK2TYCQ","10.1016/j.conb.2008.08.003","Dayan","2008","Reinforcement learning: The Good, The Bad and The Ugly","Reinforcement Learning (RL)","groups/735051"
"2G8LV2W9","","Cobbe","","Quantifying Generalization in Reinforcement Learning","Reinforcement Learning (RL)","groups/735051"
"WXRTC4PU","","Shit","2019","Implicit Neural Solver for Time-dependent Linear PDEs with Convergence Guarantee","PDE Networks;Non-PINN Methods;Deep ROA","groups/735051"
"WMV92M35","10.4208/cicp.oa-2020-0193","Shin","2020","On the convergence of physics informed neural networks for linear second-order elliptic and parabolic type PDEs","PINN Methods;PDE Networks;Deep ROA","groups/735051"
"UILZC2QB","10.1016/j.jcp.2019.109136","Jagtap","2020","Adaptive activation functions accelerate convergence in deep and physics-informed neural networks","PINN Methods;PDE Networks;Deep ROA","groups/735051"
"TXTSW6CA","10.1016/j.cma.2020.113250","Meng","2020","PPINN: Parareal physics-informed neural network for time-dependent PDEs","Deep ROA BO;PINN Methods;PDE Networks;Deep ROA","groups/735051"
"TRCL662W","","Greenfeld","2019","Learning to Optimize Multigrid PDE Solvers","PDE Networks;Non-PINN Methods;Deep ROA","groups/735051"
"STI6G6GI","10.1016/j.jcp.2021.110414","Pakravan","2021","Solving inverse-PDE problems with physics-aware neural networks","PDE Networks;Non-PINN Methods;Deep ROA","groups/735051"
"RENR9Y6B","10.4208/cicp.oa-2020-0164","Karniadakis","2020","Extended Physics-Informed Neural Networks (XPINNs): A Generalized Space-Time Domain Decomposition Based Deep Learning Framework for Nonlinear Partial Differential Equations","PINN Methods;PDE Networks;Deep ROA","groups/735051"
"S2WNN9FZ","10.1016/j.jcp.2020.109550","Dal Santo","2020","Data driven approximation of parametrized PDEs by reduced basis and neural networks","PDE Networks;Non-PINN Methods;Deep ROA","groups/735051"
"N9AXUIPJ","10.1016/j.jcp.2020.109913","Yang","2021","B-PINNs: Bayesian physics-informed neural networks for forward and inverse PDE problems with noisy data","Deep ROA BO;PINN Methods;PDE Networks;Deep ROA","groups/735051"
"PT8T6MXW","10.1137/18m1229845","Pang","2019","fPINNs: Fractional Physics-Informed Neural Networks","Deep ROA BO;PINN Methods;PDE Networks;Deep ROA","groups/735051"
"M8G9RYQX","10.1016/j.jcp.2019.05.026","Winovich","2019","ConvPDE-UQ: Convolutional neural networks with quantified uncertainty for heterogeneous elliptic partial differential equations on varied domains","PDE Networks;Non-PINN Methods;Deep ROA","groups/735051"
"IV4XQYHM","10.1016/j.cma.2020.113028","Jagtap","2020","Conservative physics-informed neural networks on discrete domains for conservation laws: Applications to forward and inverse problems","PINN Methods;PDE Networks;Deep ROA","groups/735051"
"IBDWZDB2","10.1016/j.jcp.2019.07.048","Zhang","2019","Quantifying total uncertainty in physics-informed neural networks for solving forward and inverse stochastic problems","PINN Methods;PDE Networks;Deep ROA","groups/735051"
"F97QP56M","","Wang","2020","Understanding and mitigating gradient pathologies in physics-informed neural networks","Deep ROA BO;PINN Methods;PDE Networks;Deep ROA","groups/735051"
"FS4U3J5L","10.5194/gmd-13-3373-2020","Pannekoucke","2020","PDE-NetGen 1.0: from symbolic partial differential equation (PDE) representations of physical processes to trainable neural network representations","PDE Networks;Non-PINN Methods;Deep ROA","groups/735051"
"EXJ7GX3S","","Xu","2021","Trust Region Method for Coupled Systems of PDE Solvers and Deep Neural Networks","PDE Networks;Non-PINN Methods;Deep ROA;Numerical Methods","groups/735051"
"EVN9359E","","Hsieh","2019","Learning Neural PDE Solvers with Convergence Guarantees","PDE Networks;Non-PINN Methods;Deep ROA","groups/735051"
"EPDFB8V9","","Kharazmi","2019","Variational Physics-Informed Neural Networks For Solving Partial Differential Equations","PINN Methods;PDE Networks;Deep ROA","groups/735051"
"DDRG5T3W","","Mishra","2021","Estimates on the generalization error of Physics Informed Neural Networks (PINNs) for approximating PDEs","PINN Methods;PDE Networks;Deep ROA","groups/735051"
"8QD5YBEA","","Belbute-Peres","2020","Combining Differentiable PDE Solvers and Graph Neural Networks for Fluid Flow Prediction","PDE Networks;Non-PINN Methods;Deep ROA","groups/735051"
"89J5MHXI","10.1007/s10483-019-2429-8","Liu","2019","Neural network as a function approximator and its application in solving differential equations","PDE Networks;Non-PINN Methods;Deep ROA","groups/735051"
"7V296WST","","McClenny","2020","Self-Adaptive Physics-Informed Neural Networks using a Soft Attention Mechanism","PINN Methods;PDE Networks;Deep ROA","groups/735051"
"85C6JLL3","","Alt","2021","Translating Numerical Concepts for PDEs into Neural Architectures","PDE Networks;Non-PINN Methods;Deep ROA","groups/735051"
"7K7VWN6B","10.1098/rspa.2020.0334","Jagtap","2020","Locally adaptive activation functions with slope recovery for deep and physics-informed neural networks","PINN Methods;PDE Networks;Deep ROA","groups/735051"
"7IYKL6QP","","Li","2021","Fourier Neural Operator for Parametric Partial Differential Equations","Deep ROA BO;PDE Networks;Non-PINN Methods;Deep ROA","groups/735051"
"5S2G2B5Y","10.1016/j.cma.2020.113547","Kharazmi","2021","hp-VPINNs: Variational physics-informed neural networks with domain decomposition","Deep ROA BO;PINN Methods;PDE Networks;Deep ROA","groups/735051"
"6Z384D6H","10.1016/j.jcp.2019.05.027","Yang","2019","Adversarial uncertainty quantification in physics-informed neural networks","PINN Methods;PDE Networks;Deep ROA","groups/735051"
"5DTH7LA6","","Khodayi-Mehr","2019","VarNet: Variational Neural Networks for the Solution of Partial Differential Equations","Deep ROA BO;PINN Methods;PDE Networks;Deep ROA","groups/735051"
"47JICTV9","10.1115/1.4050542","Cai","2021","Physics-Informed Neural Networks for Heat Transfer Problems","PINN Methods;PDE Networks;Deep ROA","groups/735051"
"46JD7MF8","","Smets","2021","PDE-based Group Equivariant Convolutional Neural Networks","PDE Networks;Non-PINN Methods;Deep ROA","groups/735051"
"Q4V6PG3S","10.1016/0893-6080(89)90020-8","Hornik","1989","Multilayer feedforward networks are universal approximators","Foundational;Deep ROA","groups/735051"
"KGLTK9XH","10.1017/s0263574719001632","Azimirad","2020","Experimental Study of Reinforcement Learning in Mobile Robots Through Spiking Architecture of Thalamo-Cortico-Thalamic Circuitry of Mammalian Brain","Reinforcement Learning (RL)","groups/735051"
"S6FCNDU3","","Bartlett","2019","Hebbian Synaptic Modifications in Spiking Neurons that Learn","Reinforcement Learning (RL)","groups/735051"
"J7HZUFUB","","Aenugu","2020","Training spiking neural networks using reinforcement learning","Reinforcement Learning (RL)","groups/735051"
"GS94RKRA","","Aenugu","2019","Reinforcement learning with a network of spiking agents","Reinforcement Learning (RL)","groups/735051"
"BN689ZFL","10.1162/neco_a_01238","Yuan","2019","Reinforcement Learning in Spiking Neural Networks with Stochastic and Deterministic Synapses","Reinforcement Learning (RL)","groups/735051"
"CFQCFVHJ","10.3389/fnins.2019.00883","Ponghiran","2019","Reinforcement Learning With Low-Complexity Liquid State Machines","Reinforcement Learning (RL)","groups/735051"
"835V6X5U","10.1016/j.neunet.2019.08.009","Patel","2019","Improved robustness of reinforcement learning policies upon conversion to spiking neuronal network platforms applied to Atari Breakout game","Reinforcement Learning (RL)","groups/735051"
"2U8Q9SUQ","10.1016/j.procs.2018.11.107","Sboev","2018","Spiking neural network reinforcement learning method based on temporal coding and STDP","Reinforcement Learning (RL)","groups/735051"
"6JV7NY3D","10.3389/fncom.2021.543872","Weidel","2021","Unsupervised Learning and Clustered Connectivity Enhance Reinforcement Learning in Spiking Neural Networks","Reinforcement Learning (RL)","groups/735051"
"Z7MB386T","10.1142/s0129065720500276","Kheradpisheh","2020","S4NN: temporal backpropagation for spiking neural networks with one spike per neuron","Spiking Neural Networks (SNNs)","groups/735051"
"YG3E6UIF","10.3389/fnins.2016.00508","Lee","2016","Training Deep Spiking Neural Networks Using Backpropagation","Spiking Neural Networks (SNNs)","groups/735051"
"WQ2CBH5P","10.1162/neco_a_01086","Zenke","2018","SuperSpike: Supervised Learning in Multilayer Spiking Neural Networks","Spiking Neural Networks (SNNs)","groups/735051"
"RDRA5DBU","10.1162/neco.2009.11-08-901","Ponulak","2010","Supervised Learning in Spiking Neural Networks with ReSuMe: Sequence Learning, Classification, and Spike Shifting","Spiking Neural Networks (SNNs)","groups/735051"
"H5FEHG7H","","Faugeras","","Solving Partial Diﬀerential Equations and variational problems with networks of spiking neurons","","groups/735051"
"B5FKTNNJ","10.1609/aaai.v33i01.33011311","Wu","2019","Direct Training for Spiking Neural Networks: Faster, Larger, Better","Spiking Neural Networks (SNNs)","groups/735051"
"8J9T3PA6","10.1109/tnnls.2020.3044364","Cramer","2020","The Heidelberg Spiking Data Sets for the Systematic Evaluation of Spiking Neural Networks","Spiking Neural Networks (SNNs)","groups/735051"
"426S8WUS","10.3389/fnins.2019.00095","Sengupta","2019","Going Deeper in Spiking Neural Networks: VGG and Residual Architectures","Spiking Neural Networks (SNNs)","groups/735051"
"JVXD39BH","10.1109/mm.2018.112130359","Davies","2018","Loihi: A Neuromorphic Manycore Processor with On-Chip Learning","Neuromorphic Hardware;Deep ROA;Manuscript","groups/735051"
"ZJAVPMIR","10.1007/s11071-016-2647-y","Hu","2016","An electronic implementation for Morris–Lecar neuron model","Neuron Modeling","groups/735051"
"LX6N3ZKH","","Rinzel","","Transient Response in a Dendritic Neuron Model for Current Injected at One Branch","Neuron Modeling","groups/735051"
"C58LDNT8","","Oja","","Simplified neuron model as a principal component analyzer","Neuron Modeling","groups/735051"
"MJ2EDAYF","10.1109/tnnls.2018.2846646","Gao","2019","Dendritic Neuron Model With Effective Learning Algorithms for Classification, Approximation, and Prediction","Neuron Modeling","groups/735051"
"QQUKG4VW","10.1016/j.neucom.2016.05.004","Lv","2016","Multiple modes of electrical activities in a new neuron model under electromagnetic radiation","Neuron Modeling","groups/735051"
"W7DFJ37Z","10.1371/journal.pone.0138919","Nobukawa","2015","Analysis of Chaotic Resonance in Izhikevich Neuron Model","Neuron Modeling","groups/735051"
"G2G7D24S","10.1109/tcsi.2013.2286030","Gomar","2014","Digital Multiplierless Implementation of Biological Adaptive-Exponential Neuron Model","Neuron Modeling","groups/735051"
"MP7E35CJ","10.1007/s00422-006-0082-8","Burkitt","2006","A review of the integrate-and-fire neuron model: II. Inhomogeneous synaptic input and network properties","Neuron Modeling","groups/735051"
"I2TGG7UT","10.1016/j.eswa.2008.01.061","Zhao","2009","PSO-based single multiplicative neuron model for time series prediction","Neuron Modeling","groups/735051"
"FLA8Z2V2","10.3389/neuro.10.009.2009","Kobayashi","2009","Made-to-order spiking neuron model equipped with a multi-timescale adaptive threshold","Neuron Modeling","groups/735051"
"L8GKCN36","10.1007/s00422-008-0257-6","Van Geit","2008","Automated neuron model optimization techniques: a review","Neuron Modeling","groups/735051"
"MI582KAN","10.1016/j.asoc.2006.01.003","Yadav","2007","Time series prediction with single multiplicative neuron model","Neuron Modeling","groups/735051"
"9PDK6PPS","10.1152/jn.00412.2001","Golowasch","2002","Failure of Averaging in the Construction of a Conductance-Based Neuron Model","Neuron Modeling","groups/735051"
"B4NP5LFQ","10.1007/bf00337367","Zetterberg","1978","Performance of a model for a local neuron population","Neuron Modeling","groups/735051"
"F6KTBC3F","10.1007/bf00290514","Nagumo","1972","On a response characteristic of a mathematical neuron model","Neuron Modeling","groups/735051"
"JQPGLIMI","","Richards","2018","The Lyapunov Neural Network: Adaptive Stability Certiﬁcation for Safe Learning of Dynamical Systems","Deep ROA BO;Deep ROA;Neural ROA Estimation","groups/735051"
"EBI8T2K6","10.1109/tnn.2010.2047115","Ren","2010","Adaptive Neural Control for Output Feedback Nonlinear Systems Using a Barrier Lyapunov Function","Deep ROA;Neural ROA Estimation","groups/735051"
"2JEMDPFT","","Mittal","2021","Neural Lyapunov Model Predictive Control: Learning Safe Global Controllers from Sub-optimal Examples","Deep ROA BO;Deep ROA;Neural ROA Estimation","groups/735051"
"TR9L76R9","10.1109/tac.1963.1105553","Margolis","1963","Control engineering applications of V. I. Zubov's construction procedure for Lyapunov functions","Deep ROA BO;Non-Neural ROA Estimation;Deep ROA;Manuscript","groups/735051"
"ZGAQWAN9","10.1016/j.automatica.2013.02.003","Aswani","2013","Provably safe and robust learning-based model predictive control","Deep ROA;Safe Motor Learning","groups/735051"
"YH2275WG","10.23919/acc.2018.8430770","Li","2018","Safe Reinforcement Learning: Learning with Supervision Using a Constraint-Admissible Set","Safe Motor Learning","groups/735051"
"T8T8VZK5","10.1109/icra.2019.8793611","Lutjens","2019","Safe Reinforcement Learning With Model Uncertainty Estimates","Safe Motor Learning","groups/735051"
"SIWAQBFG","10.1109/tro.2020.2992981","Zhou","2020","A General Framework to Increase Safety of Learning Algorithms for Dynamical Systems Based on Region of Attraction Estimation","Safe Motor Learning","groups/735051"
"SC3VXCJ6","","Chakraborty","2020","Synthesis of Feedback Controller for Nonlinear Control Systems with Optimal Region of Attraction","Safe Motor Learning","groups/735051"
"S2KXUT94","10.1109/ecc.2015.7330913","Berkenkamp","2015","Safe and robust learning control with Gaussian processes","Deep ROA;Safe Motor Learning","groups/735051"
"R67WM39K","10.1109/cdc.2016.7798979","Berkenkamp","2016","Safe learning of regions of attraction for uncertain, nonlinear systems with Gaussian processes","Deep ROA BO;Deep ROA;Safe Motor Learning","groups/735051"
"P5L55CNW","10.1609/aaai.v33i01.33013387","Cheng","2019","End-to-End Safe Reinforcement Learning through Barrier Functions for Safety-Critical Continuous Control Tasks","Safe Motor Learning","groups/735051"
"N5XGM5T7","","Berkenkamp","2017","Safe Model-based Reinforcement Learning with Stability Guarantees","Deep ROA;Safe Motor Learning","groups/735051"
"M3KQPDQU","10.1109/lra.2021.3070252","Thananjeyan","2021","Recovery RL: Safe Reinforcement Learning With Learned Recovery Zones","Safe Motor Learning","groups/735051"
"KBXGNLZ4","","Turchetta","2021","Safe Reinforcement Learning via Curriculum Induction","Safe Motor Learning","groups/735051"
"K5SP4DGY","","Garcıa","","A Comprehensive Survey on Safe Reinforcement Learning","Safe Motor Learning","groups/735051"
"JPUTCBVY","","Jansen","","Safe Reinforcement Learning Using Probabilistic Shields","Safe Motor Learning","groups/735051"
"IKIJ9LVR","10.1145/3310090","García","2019","Probabilistic Policy Reuse for Safe Reinforcement Learning","Safe Motor Learning","groups/735051"
"HVCNZIZR","10.3929/ethz-b-000370833","Berkenkamp","2019","Safe Exploration in Reinforcement Learning: Theory and Applications in Robotics","Safe Motor Learning","groups/735051"
"9YXPJ5TH","","Li","","Safe Reinforcement Learning Using Robust Action Governor","Safe Motor Learning","groups/735051"
"8EI4GZWZ","","Saunders","2017","Trial without Error: Towards Safe Reinforcement Learning via Human Intervention","Safe Motor Learning","groups/735051"
"7TBWV3QW","10.1109/cdc.2018.8619572","Koller","2018","Learning-Based Model Predictive Control for Safe Exploration","Safe Motor Learning","groups/735051"
"3ZRT9JQX","10.1109/icra.2016.7487170","Berkenkamp","2016","Safe controller optimization for quadrotors with Gaussian processes","Deep ROA;Safe Motor Learning","groups/735051"
"3DDF33KB","","Chow","2018","A Lyapunov-based Approach to Safe Reinforcement Learning","Deep ROA BO;Deep ROA;Safe Motor Learning","groups/735051"
"2LPC8J9A","","Xu","","CRPO: A New Approach for Safe Reinforcement Learning with Convergence Guarantee","Safe Motor Learning","groups/735051"
"I55W3TXI","10.1137/s1064827500379690","Swarztrauber","2003","On Computing the Points and Weights for Gauss--Legendre Quadrature","Deep ROA BO;Deep ROA;Numerical Methods","groups/735051"
"TQEIB3KU","","Glorot","2010","Understanding the difﬁculty of training deep feedforward neural networks","Optimization;Foundational;Deep ROA;Numerical Methods","groups/735051"
"H6MXWKCR","","Griewank","","On Automatic Differentiation","Optimization;Deep ROA;FSA_Extensions","groups/735051"
"E8BTPL6E","","Dempster","1968","A Generalization of Bayesian Inference","Optimization;Deep ROA","groups/735051"
"AXGYFIPR","10.1007/bf01589116","Liu","1989","On the limited memory BFGS method for large scale optimization","Optimization;Deep ROA;Numerical Methods","groups/735051"
"2YC28KIP","","Neal","","Regression and Classification Using Gaussian Process Priors","Optimization;Deep ROA","groups/735051"
"VFZVL2TS","10.3389/fnbot.2017.00018","Hunt","2017","Development and Training of a Neural Controller for Hind Leg Walking in a Dog Robot","LM19;CPG PDC;Functional Subnetwork Approach;LM22;Manuscript;Robotics Examples;Manuscript;references_Lutz_thesis","groups/735051"
"QT7LLACB","10.3389/fnins.2020.00551","Kreiser","2020","An On-chip Spiking Neural Network for Estimation of the Head Pose of the iCub Robot","Spiking Neural Networks (SNNs)","groups/735051"
"NB5BS8AD","","Quinn","","NeuroNex Grant","Reggie","groups/735051"
"SLM3YU2A","","Hart","2020","Increased fracture toughness of additively manufactured semi-crystalline thermoplastics via thermal annealing","Heat Treatment of 3D Printed Materials;Bibliography for all materials","groups/735051"
"V7BYWHKF","10.1098/rsif.2012.0669","Owaki","2013","Simple robot suggests physical interlimb communication is essential for quadruped walking","Sensory Feedback","groups/735051"
"TE4WTMMS","10.1007/s10489-021-02275-9","Husbands","2021","Recent advances in evolutionary and bio-inspired adaptive robotics: Exploiting embodied dynamics","Sensory Feedback","groups/735051"
"T2F34TIS","10.1126/science.aab0129","Bartlett","2015","A 3D-printed, functionally graded soft robot powered by combustion","Joe","groups/735051"
"UT7JZFI8","10.1109/icra.2017.7989652","Drotman","2017","3D printed soft actuators for a legged robot capable of navigating unstructured terrain","Joe","groups/735051"
"PEWWV59X","10.1109/iros45743.2020.9340707","Saputra","2020","A Neural Primitive model with Sensorimotor Coordination for Dynamic Quadruped Locomotion with Malfunction Compensation","Joe","groups/735051"
"9TSPN72K","10.3389/frobt.2021.562524","Saputra","2021","AQuRo: A Cat-like Adaptive Quadruped Robot With Novel Bio-Inspired Capabilities","Joe","groups/735051"
"S8BZ6SU4","10.1002/jez.a","Fischer","2006","The tri-segmented limbs of therian mammals: kinematics, dynamics, and self-stabilization—a review","Joe","groups/735051"
"EGA4HCDK","10.1007/s10514-010-9186-z","Migliore","2010","Passive joint stiffness in the hip and knee increases the energy efficiency of leg swinging","Joe","groups/735051"
"ERHJLGF6","10.1002/mus.21218","Ryan","2009","Passive properties of the muscle-tendon unit: The influence of muscle cross-sectional area","Joe","groups/735051"
"3MCNHH5F","","Johnson","2008","A three-dimensional model of the rat hindlimb: musculoskeletal geometry and muscle moment arms","Quadruped;CHAPTER 2. BACKGROUND","groups/735051"
"2JKL9QJ3","10.1109/tbme.2011.2106784.application","Johnson","2011","Application of a rat hindlimb model: a prediction of force spaces reachable through stimulation of nerve fascicles","Quadruped","groups/735051"
"UNII4HDA","","Gregory Sutton","","Neural control of rhythmic limb motion is shaped by size and speed","Joe;Haonan;Zheng Thesis","groups/735051"
"DAM8ZXSN","10.1177/027836498400300205","Alexander","1984","The Gaits of Bipedal and Quadrupedal Animals","Fall 22;Joe","groups/735051"
"ZIMDJEBU","10.1126/science.288.5463.100","Dickinson","2000","How Animals Move: An Integrative View","Joe;Zheng Thesis","groups/735051"
"PW7VPT7T","10.1007/978-3-319-63537-8_35","Steele","2017","Development of a Bio-inspired Knee Joint Mechanism for a Bipedal Robot","MURI24;Prospectus;BolenFrontiers22;Hunt Lab;Steele ASME;BolenIsoKneeTorque;NSF26 - Stability and Speed","groups/735051"
"7LVKAF7S","","Leibach","2020","Development of a Tunable Compliance Energy Return Actuator","BolenBPACharacterization;Prospectus;BolenFrontiers22;BolenIsoKneeTorque","groups/735051"
"N28EE7CW","10.3390/ijms22031467","Akay","2021","Relative Contribution of Proprioceptive and Vestibular Sensory Systems to Locomotion: Opportunities for Discovery in the Age of Molecular Science","Biomechanics","groups/735051"
"3ZXGKUHV","","Dewolf","2021","Age-related changes in the neuromuscular control of forward and backward locomotion","Biped","groups/735051"
"ZJVEJNUC","","Saputra","2020","A Neural Primitive model with Sensorimotor Coordination for Dynamic Quadruped Locomotion with Malfunction Compensation","Biorobots","groups/735051"
"PBZ5BN44","10.1115/detc2013-13633","Sherman","2013","What is a Moment Arm? Calculating Muscle Effectiveness in Biomechanical Models Using Generalized Coordinates","Prospectus;BolenFrontiers22;BolenIsoKneeTorque","groups/735051"
"JLQEE3WZ","10.1007/978-3-030-64313-3_25","Vouloutsi","2020","Optimization of Artificial Muscle Placements for a Humanoid Bipedal Robot","Morrow Papers","groups/735051"
"6A6MH7WE","10.1186/s40648-016-0061-3","Kurumaya","2016","Musculoskeletal lower-limb robot driven by multifilament muscles","BolenBPACharacterization;Prospectus;BolenFrontiers22;BolenIsoKneeTorque","groups/735051"
"PEEGE3DH","10.1080/01691864.2018.1494040","Hitzmann","2018","Anthropomorphic musculoskeletal 10 degrees-of-freedom robot arm driven by pneumatic artificial muscles","BolenBPACharacterization;Prospectus;BolenFrontiers22;BolenIsoKneeTorque","groups/735051"
"CZWKVNIG","10.1098/rsif.2018.0024","Liu","2018","Robotic investigation on effect of stretch reflex and crossed inhibitory response on bipedal hopping","BolenBPACharacterization;Prospectus;BolenFrontiers22;LM 2021 Review;BolenIsoKneeTorque","groups/735051"
"YH9BUJIL","10.1080/01691864.2018.1434015","Shin","2018","Constructive understanding and reproduction of functions of gluteus medius by using a musculoskeletal walking robot","BolenBPACharacterization;LM2023;Prospectus;BolenFrontiers22;BolenIsoKneeTorque","groups/735051"
"VS4EDZHI","10.1126/scirobotics.aaq0899","Asano","2017","Design principles of a human mimetic humanoid: Humanoid platform to study human intelligence and internal body system","BolenBPACharacterization;Prospectus;BolenFrontiers22;BolenIsoKneeTorque","groups/735051"
"UFHN5F4G","10.1016/j.neucom.2018.12.069","Chen","2019","Realizing human-like manipulation with a musculoskeletal system and biologically inspired control scheme","BolenBPACharacterization;Prospectus;BolenFrontiers22;BolenIsoKneeTorque","groups/735051"
"6JQALRVD","10.1177/1687814020933409","Liang","2020","Comparative study of robotic artificial actuators and biological muscle","BolenBPACharacterization;LM2023;Prospectus;BolenFrontiers22;BolenIsoKneeTorque","groups/735051"
"TYBI5PLM","10.1088/1748-3190/ab03fc","Asano","2019","Musculoskeletal design, control, and application of human mimetic humanoid Kenshiro","BolenBPACharacterization;LM2023;Prospectus;BolenFrontiers22;BolenIsoKneeTorque","groups/735051"
"3M4RLAPJ","10.23919/iccas50221.2020.9268259","Agrawal","2020","A De-risked Bio-inspired Condylar Prosthetic Knee Joint for a Robotic Leg Test Rig","Biomechanics","groups/735051"
"Y885UPXL","10.2519/jospt.1991.13.2.71","Alderink","1991","The sacroiliac joint: review of anatomy, mechanics, and function","SteeleASME2","groups/735051"
"QUNTW8P6","10.1007/s11999-013-3166-5","Jamali","2013","What Is Normal Femoral Head/Neck Anatomy? An Analysis of Radial CT Reconstructions in Adolescents","SteeleASME2","groups/735051"
"VAZB2RA6","10.1109/iros.2016.7759377","Asano","2016","Human mimetic foot structure with multi-DOFs and multi-sensors for musculoskeletal humanoid Kengoro","SteeleASME2","groups/735051"
"WKUZMUBU","10.1109/iros.2010.5649683","Urata","2010","Design of high torque and high speed leg module for high power humanoid","SteeleASME2","groups/735051"
"Q2KQ8CI8","10.1109/humanoids.2015.7363459","Kojima","2015","Development of life-sized high-power humanoid robot JAXON for real-world use","SteeleASME2","groups/735051"
"ISSVQF7N","10.1109/humanoids.2016.7803376","Asano","2016","Human mimetic musculoskeletal humanoid Kengoro toward real world physically interactive actions","SteeleASME2","groups/735051"
"G6SH7N57","10.1016/j.robot.2007.09.010","Hosoda","2008","Biped robot design powered by antagonistic pneumatic actuators for multi-modal locomotion","LM2024;Jubert;SteeleASME2","groups/735051"
"EB2TABLJ","10.1620/tjem.171.203","Itoi","1993","Capsular Properties of the Shoulder.","SteeleASME2","groups/735051"
"J54HDL7U","10.1126/science.1254486","Ijspeert","2014","Biorobotics: Using robots to emulate and investigate agile locomotion","Manuel;AARL Paper Club papers;SteeleASME2","groups/735051"
"LCPCU95E","10.1109/lcsys.2018.2871126","Hilts","2019","A Dynamic Neural Network Designed Using Analytical Methods Produces Dynamic Control Properties Similar to an Analogous Classical Controller","Young Scientist Seminar;Presentation;Mantasha;SteeleASME2","groups/735051"
"2W4Q7EFT","10.1142/s0219519412004454","Heger","2012","A quasi-linear viscoelastic model for the passive properties of the human hip joint","SteeleASME2","groups/735051"
"9UZBXUTZ","10.1016/s0021-9290(99)00009-3","Riener","1999","Identification of passive elastic joint moments in the lower extremities","SteeleASME2","groups/735051"
"SBIB8QSH","10.1007/s10514-009-9171-6","Hosoda","2010","Pneumatic-driven jumping robot with anthropomorphic muscular skeleton structure","LM2024;Jubert;SteeleASME2","groups/735051"
"I96QFE7Q","10.1098/rsif.2018.0024","Liu","2018","Robotic investigation on effect of stretch reflex and crossed inhibitory response on bipedal hopping","SteeleASME2","groups/735051"
"YRRPUWBR","10.5772/55443","Nakanishi","2013","Design Approach of Biologically-Inspired Musculoskeletal Humanoids","SteeleASME2","groups/735051"
"XL38J6VW","10.3109/10929080802594563","Anglin","2008","In vivo patellar kinematics during total knee arthroplasty","SteeleASME2","groups/735051"
"MVE6G4GD","10.1557/jmr.2013.332","Chen","2013","Annealing-induced crystalline structure and mechanical property changes of polypropylene random copolymer","SteeleASME2","groups/735051"
"TSS4UESY","10.1109/iros.2010.5650414","Hashimoto","2010","A study of function of foot's medial longitudinal arch using biped humanoid robot","SteeleASME2","groups/735051"
"NA7HFTLT","10.5603/fm.a2017.0049","Gwani","2017","How the three arches of the foot intercorrelate","SteeleASME2","groups/735051"
"VRMQCMQH","10.1109/embc.2017.8036765","Amiri","2017","Ankle intrinsic stiffness is modulated by postural sway","SteeleASME2","groups/735051"
"S7ENECPQ","10.3109/17453678208992202","Roaas","1982","Normal Range of Motion of the Hip, Knee and Ankle Joints in Male Subjects, 30–40 Years of Age","SteeleASME2","groups/735051"
"E48JSM4P","10.1111/j.1365-2516.2010.02399.x","Soucie","2011","Range of motion measurements - Reference values and a database for comparison studies","SteeleASME2","groups/735051"
"LNH4IM8A","10.1016/j.otsr.2011.08.015","Kouyoumdjian","2012","Clinical evaluation of hip joint rotation range of motion in adults","SteeleASME2","groups/735051"
"3YHHMM5Q","","Kazemi","2016","Effects of Hip Geometry on Fracture Patterns of Proximal Femur","SteeleASME2","groups/735051"
"6FJ9H7PP","10.1109/embc.2016.7592105","Hui-Hui Wu","2016","Hip joint geometry effects on cartilage contact stresses during a gait cycle","SteeleASME2","groups/735051"
"VAJW9XI5","10.1371/journal.pone.0149480","Hartel","2016","Determination of Femoral Neck Angle and Torsion Angle Utilizing a Novel Three-Dimensional Modeling and Analytical Technology Based on CT Datasets","SteeleASME2","groups/735051"
"VGIIPALF","10.1371/journal.pone.0178540","Bücking","2017","From medical imaging data to 3D printed anatomical models","SteeleASME2","groups/735051"
"SRSQWKGZ","10.1016/j.mporth.2016.04.015","Brockett","2016","Biomechanics of the ankle","SteeleASME2","groups/735051"
"TAUY6V3L","","Steele","2018","Braided Pneumatic Actuators as a Variable Stiffness Approximation of Synovial Joints","SteeleASME2","groups/735051"
"TYZL9NW3","","Steele","2018","Biomimetic Knee Design to Improve Joint Torque and Life for Bipedal Robotics","SteeleASME2","groups/735051"
"W5LQY7DS","10.5772/56926","Kim","2013","Work analysis of compliant leg mechanisms for bipedal walking robots","SteeleASME2","groups/735051"
"ZKAKAVDX","10.1115/1.4028168","Burgess","2014","Performance Maps for a Bio-Inspired Robotic Condylar Hinge Joint","SteeleASME2","groups/735051"
"KP4ESXS7","10.1109/iros.2013.6697025","Asano","2013","Achievement of Twist Squat by Musculoskeletal Humanoid with Screw-Home Mechanism","SteeleASME2","groups/735051"
"A7DJNZMX","10.1109/robio.2011.6181553","Asano","2011","Biomimetic Design of Musculoskeletal Humanoid Knee Joint with Patella and Screw-Home Mechanism","SteeleASME2","groups/735051"
"QRQSSKQY","10.1007/s11517-015-1373-9","Ozada","2016","Biomechanical model of knee collateral ligament injury with six degrees of freedom","SteeleASME2","groups/735051"
"BQBYQAGZ","10.1109/iros.2016.7759335","Kozuki","2016","Skeletal Structure with Artificial Perspiration for Cooling by Latent Heat for Musculoskeletal Humanoid Kengoro","SteeleASME2","groups/735051"
"SBSXC9D9","10.1007/s11465-014-0306-x","Kumar","2015","Biomechanics of knee joint — A review","SteeleASME2","groups/735051"
"PK52Y565","10.3390/jfmk2040034","Abulhasan","2017","Anatomy and Physiology of Knee Stability","SteeleASME2","groups/735051"
"YF8Y569F","10.1155/2013/717546","Hamai","2013","In Vivo Healthy Knee Kinematics during Dynamic Full Flexion","SteeleASME2","groups/735051"
"FS2993XK","10.3390/s17040713","Misgeld","2017","Model-Based Estimation of Ankle Joint Stiffness","SteeleASME2","groups/735051"
"8NX76ZPN","10.1115/1.4033480","Pennestrì","2016","Modeling the Human Tibiofemoral Joint Using Ex Vivo Determined Compliance Matrices","SteeleASME2","groups/735051"
"JFJA4AHX","07101/aim.007","Emami","2007","Q-angle: An Invaluable Parameter for Evaluation of Anterior Knee Pain","SteeleASME2","groups/735051"
"E4X6LKTM","10.1080/13873954.2010.507094","Reichl","2010","Reconstructing the knee joint mechanism from kinematic data","SteeleASME2","groups/735051"
"NZ3DVWNM","10.1590/1413-78522014220600451","Sanchez","2014","Evaluation of Q angle in differents static postures","SteeleASME2","groups/735051"
"FZ2TVFXF","10.1007/978-1-4612-5224-5_3","Harty","1984","The Anatomy of the Hip Joint","SteeleASME2","groups/735051"
"C96IEB58","","Hodge","1986","Contact pressures in the human hip joint measured in vivo","SteeleASME2","groups/735051"
"WCAPVVK9","10.1016/0021-9290(78)90010-6","Gottlieb","1978","Dependence of human ankle compliance on joint angle","SteeleASME2","groups/735051"
"GW5FVY9V","10.1007/978-3-319-63537-8_35","Steele","2017","Development of a Bio-inspired Knee Joint Mechanism for a Bipedal Robot","SteeleASME2","groups/735051"
"9X8KEG8A","10.1177/107110079801901109","Milner","1998","Anatomy of the Collateral Ligaments of the Human Ankle Joint","SteeleASME2","groups/735051"
"5E6VNRZB","10.1080/10255842.2013.818666","Ingram","2015","Muscle moment-arms: a key element in muscle-force estimation","Morrow LM21","groups/735051"
"MWYNT23Z","10.1152/jn.1997.77.6.3226","Prochazka","1997","Positive Force Feedback Control of Muscles","CHAPTER 2. BACKGROUND;Animal Data","groups/735051"
"EUC54SMK","10.1115/detc2013-13633","Sherman","2013","What is a Moment Arm? Calculating Muscle Effectiveness in Biomechanical Models Using Generalized Coordinates","Morrow LM21","groups/735051"
"AUDGLA69","10.1016/0003-9993(93)90089-s","Chen","1993","Biomechanical analysis of the knee extension exercise","Morrow LM21","groups/735051"
"UE6SQ8N8","10.1016/s1388-2457(03)00120-2","Dietz","2003","Spinal cord pattern generators for locomotion","Animal Data","groups/735051"
"N9TD9PH2","10.1016/s1388-2457(03)00120-2","Dietz","2003","Spinal cord pattern generators for locomotion","Animal Data","groups/735051"
"GAHYFQVD","10.1016/s1388-2457(03)00120-2","Dietz","2003","Spinal cord pattern generators for locomotion","Animal Data","groups/735051"
"B3UDMHTG","10.1016/s1388-2457(03)00120-2","Dietz","2003","Spinal cord pattern generators for locomotion","Animal Data","groups/735051"
"9VQMFFHW","10.1016/s1388-2457(03)00120-2","Dietz","2003","Spinal cord pattern generators for locomotion","Animal Data","groups/735051"
"7DH7U2BR","10.1016/s1388-2457(03)00120-2","Dietz","2003","Spinal cord pattern generators for locomotion","Animal Data","groups/735051"
"4GQUVUCC","","Ijspeert","2007","From swimming to walking with a salamander robot driven by a spinal cord model.","Hunt17LR Papers;LM 2021 Review;references_Lutz_thesis;Models;Read","groups/735051"
"8X36VVDW","10.1016/0021-9290(89)90179-6","Yamaguchi","1989","A planar model of the knee joint to characterize the knee extensor mechanism","Prospectus;BolenFrontiers22;BolenIsoKneeTorque","groups/735051"
"UFEWX8U6","","","","An Interactive Graphics-Based Model of the Lower Extremity to Study Orthopaedic Surgical Procedures","Morrow LM20;Ben's References","groups/735051"
"5DQXIIB7","","Hoy","1990","A musculoskeletal model of the human lower extremity: the effect of muscle, tendon, and moment arm on the moment-angle relationship of musculotendon actuators at the hip, knee, and ankle","BolenBPACharacterization;Morrow LM20;Prospectus;BolenFrontiers22;Ben's References;Morrow LM21;BolenIsoKneeTorque","groups/735051"
"6EJBA3TY","","Hoy","1990","A musculoskeletal model of the human lower extremity: the effect of muscle, tendon, and moment arm on the moment-angle relationship of musculotendon actuators at the hip, knee, and ankle","Morrow LM20;Ben's References","groups/735051"
"JQ8KTJLD","","Seth","2011","OpenSim: a musculoskeletal modeling and simulation framework for in silico investigations and exchange.","Morrow LM20;Prospectus;BolenFrontiers22;Ben's References;Manuscript;BolenIsoKneeTorque","groups/735051"
"IFR3L86E","10.1016/j.brainresrev.2007.06.014","Pearson","2008","Role of sensory feedback in the control of stance duration in walking cats.","Fall 22;AARL Paper Club papers;Sensory Feedback;Manuscript;Animal Data","groups/735051"
"65P3CQMF","","Stein","2000","Functional role of muscle reflexes for force generation in the decerebrate walking cat","LM 2021 Review;Animal Data","groups/735051"
"JIILMG5E","10.1152/jn.00511.2005","McVea","2005","A role for hip position in initiating the swing-to-stance transition in walking cats.","Animal Data","groups/735051"
"NWWQFK8V","10.3389/fnins.2020.598888","Latash","2020","On the Organization of the Locomotor CPG: Insights From Split-Belt Locomotion and Mathematical Modeling","Maybe Read?;Models","groups/735051"
"VMACEUF5","10.1115/1.1531112","Thelen","2003","Adjustment of Muscle Mechanics Model Parameters to Simulate Dynamic Contractions in Older Adults","BolenBPACharacterization;Prospectus;BolenFrontiers22;Ben's References;Manuscript;BolenIsoKneeTorque","groups/735051"
"LT6I5WX3","10.1109/aim.1999.803170","Klute","1999","McKibben artificial muscles: pneumatic actuators with biomechanical intelligence","LM 2021 Review;BPA","groups/735051"
"6JCN3D63","10.1115/detc2017-67458","Hunt","2017","Modeling length effects of braided pneumatic actuators","James;BolenBPACharacterization;MURI24;LM19;Young Scientist Seminar;Morrow LM20;Presentation;Fall 22;LM2023;Prospectus;BolenFrontiers22;Hunt Lab;BPAs;Maybe Read?;Joe;BPA;Connor;Spikes to Muscle Activation;Manuscript;Manuscript;references_Lutz_thesis;BolenIsoKneeTorque","groups/735051"
"HT58JMAG","10.1152/jn.00216.2017","Nichols","2018","Distributed force feedback in the spinal cord and the regulation of limb mechanics","Manuel;Mark;Manuel papers;IRG4 Journal Club;Local Feedback;Animal Data","groups/735051"
"Q6U6GP42","10.1145/3381755","Jensen","2020","Adaptive control for hindlimb locomotion in a simulated mouse through temporal cerebellar learning","Connor","groups/735051"
"4FLFKUIK","","Shin","2016","Development of an embedded sensor system for pneumatic artificial muscle proprioceptors","Jake;BPA","groups/735051"
"7K8PXH2F","10.15760/etd.7146","Morrow","2019","Tracking Center of Mass with Limited Inertial Measurement Units","Morrow Papers;Jake","groups/735051"
"4NE5D9KQ","10.1007/978-3-030-24741-6_33","Martinez-Hernandez","2019","Using Two IMU Sensors to Simulate Lower Body Stance","Morrow Papers;Jake","groups/735051"
"RIRTRYPR","10.3389/fncom.2010.00019","Shouval","2010","Spike timing dependent plasticity: a consequence of more fundamental learning rules","Spiking Neural Networks (SNNs)","groups/735051"
"6WBU2TR9","","Baydin","2018","Automatic differentiation in machine learning: a survey","FSA_Extensions;Manuscript;Artificial Neural Networks (ANNs)","groups/735051"
"IMIPPCLA","10.1109/mm.2018.112130359","Davies","2018","Loihi: A Neuromorphic Manycore Processor with On-Chip Learning","Spiking Neural Networks (SNNs)","groups/735051"
"2NZVW572","","Miconi","2018","Differentiable plasticity: training plastic neural networks with backpropagation","Metalearning","groups/735051"
"T3SJD2IY","","Kaiser","2020","Data-driven discovery of Koopman eigenfunctions for control","Nonlinear Controls;System Identification","groups/735051"
"7VR8KMCR","10.1038/s41467-018-07210-0","Lusch","2018","Deep learning for universal linear embeddings of nonlinear dynamics","Nonlinear Controls;System Identification","groups/735051"
"U5JTJ563","10.1098/rspa.2018.0335","Kaiser","2018","Sparse identification of nonlinear dynamics for model predictive control in the low-data limit","Nonlinear Controls;System Identification","groups/735051"
"VSFXN2QE","","Stevens","2020","FiniteNet: A Fully Convolutional LSTM Network Architecture for Time-Dependent Partial Differential Equations","Recurrent Neural Networks (RNNs)","groups/735051"
"KNSAKHMD","","Bailer-Jones","","A Recurrent Neural Network for Modelling Dynamical Systems","Recurrent Neural Networks (RNNs)","groups/735051"
"MCBDJ8A8","10.1109/tcsii.2005.852006","Li","2005","Approximation of dynamical time-variant systems by continuous-time recurrent neural networks","Recurrent Neural Networks (RNNs)","groups/735051"
"6XCDXLEV","","Hanson","","Universal Simulation of Stable Dynamical Systems by Recurrent Neural Nets","Recurrent Neural Networks (RNNs)","groups/735051"
"ATMZS3VA","","Khodayi-mehr","","VarNet: Variational Neural Networks for the Solution of Partial Differential Equations","PDE Networks;NAML21 Poster","groups/735051"
"BKAWR53A","","Chaudhari","2017","Deep Relaxation: partial differential equations for optimizing deep neural networks","PDE Networks;Non-PINN Methods","groups/735051"
"TVC7DBZ7","10.1016/j.jcp.2018.08.029","Sirignano","2018","DGM: A deep learning algorithm for solving partial differential equations","PINN Methods;PDE Networks","groups/735051"
"2WUA2TZR","10.1007/s00466-019-01715-1","Wei","2019","General solutions for nonlinear differential equations: a rule-based self-learning approach using deep reinforcement learning","PINN Methods;PDE Networks","groups/735051"
"JQ7NDTBR","10.1016/j.jcp.2019.05.024","Zhu","2019","Physics-Constrained Deep Learning for High-dimensional Surrogate Modeling and Uncertainty Quantification without Labeled Data","PINN Methods;PDE Networks","groups/735051"
"8W8JXZJ6","","Dockhorn","2019","A Discussion on Solving Partial Differential Equations using Neural Networks","PINN Methods;PDE Networks","groups/735051"
"Q427AECG","","Rudd","2013","Solving Partial Di↵erential Equations Using Artiﬁcial Neural Networks","PDE Networks;Non-PINN Methods","groups/735051"
"IRL5VSG5","10.1109/72.712178","Lagaris","1998","Artificial Neural Networks for Solving Ordinary and Partial Differential Equations","PDE Networks;Non-PINN Methods","groups/735051"
"2C5MI5IH","","","","Sensory Feedback Control of Locomotor Pattern Generation in Cats and Mice - ScienceDirect","","groups/735051"
"CNTLDWCG","","Masuda","","Brainless Running: A Quasi-quadruped Robot with Decentralized Spinal Reflexes by Solely Mechanical Devices","Quadruped","groups/735051"
"AYIMB6D4","10.1002/jor.1100080310","Kadaba","1990","Measurement of lower extremity kinematics during level walking","Prospectus;Ben & Connor Neuro Project","groups/735051"
"QH98WGGU","10.1155/2019/9232430","Winiarski","2019","Three-Dimensional Human Gait Pattern: Reference Data for Young, Active Women Walking with Low, Preferred, and High Speeds","Prospectus;Ben & Connor Neuro Project","groups/735051"
"PRXE6W63","10.1016/j.neuron.2014.02.013","Zhang","2014","V1 and V2b Interneurons Secure the Alternating Flexor-Extensor Motor Activity Mice Require for Limbed Locomotion","Prospectus;Ben & Connor Neuro Project","groups/735051"
"ZQ6RI6A5","10.1007/978-3-319-22979-9_21","Wilson","2015","Using Animal Data and Neural Dynamics to Reverse Engineer a Neuromechanical Rat Model","Prospectus;Ben & Connor Neuro Project","groups/735051"
"UQ9IWF2S","10.1113/jp272437","Shevtsova","2016","Organization of flexor-extensor interactions in the mammalian spinal cord: insights from computational modelling: Flexor-extensor interactions in the spinal cord","Prospectus;Manuscript;Ben & Connor Neuro Project","groups/735051"
"LG95QIRF","10.1109/icra.2012.6225307","Song","2012","Regulating speed and generating large speed transitions in a neuromuscular human walking model","Prospectus;Ben & Connor Neuro Project","groups/735051"
"2QUWXKF3","10.1109/embc.2013.6610650","Song","2013","Integration of an adaptive swing control into a neuromuscular human walking model","Prospectus;Ben & Connor Neuro Project","groups/735051"
"V6UN7669","10.1016/j.jbiomech.2011.06.019","Modenese","2011","An open source lower limb model: Hip joint validation","Prospectus;Ben & Connor Neuro Project","groups/735051"
"BG7Q2AIU","10.3113/fai.2011.0300","McCullough","2011","Moment Arms of the Ankle Throughout the Range of Motion in Three Planes","Prospectus;Ben & Connor Neuro Project","groups/735051"
"4ZI46WYR","10.1007/bf00449593","Matsuoka","1985","Sustained oscillations generated by mutually inhibiting neurons with adaptation","Prospectus;Ben & Connor Neuro Project","groups/735051"
"8IDUPU25","10.1113/jp270228","Song","2015","A neural circuitry that emphasizes spinal feedback generates diverse behaviours of human locomotion: A spinal feedback circuitry generating human locomotion behaviors","Prospectus;Ben & Connor Neuro Project","groups/735051"
"DWX5GCIZ","10.1109/tnsre.2010.2047592","Geyer","2010","A Muscle-Reflex Model That Encodes Principles of Legged Mechanics Produces Human Walking Dynamics and Muscle Activities","Prospectus;Models;Ben & Connor Neuro Project","groups/735051"
"WRN7ECRX","","Raissi","2017","Physics Informed Deep Learning (Part II): Data-driven Discovery of Nonlinear Partial Differential Equations","PINN Methods;PDE Networks;NAML21 Poster","groups/735051"
"YB7YQSK2","","Raissi","2017","Physics Informed Deep Learning (Part I): Data-driven Solutions of Nonlinear Partial Differential Equations","PINN Methods;PDE Networks;NAML21 Poster","groups/735051"
"BCJZSEQ7","","Miconi","2019","BACKPROPAMINE: TRAINING SELF-MODIFYING NEU- RAL NETWORKS WITH DIFFERENTIABLE NEUROMODU- LATED PLASTICITY","Metalearning","groups/735051"
"NQQA442B","","Stewart","","A Technical Overview of the Neural Engineering Framework","Spiking Neural Networks (SNNs)","groups/735051"
"6PNV39EK","","Komer","","A neural representation of continuous space using fractional binding","Artificial Neural Networks (ANNs)","groups/735051"
"NL5Q8V52","10.13140/rg.2.2.15438.77128","Voelker","2017","Analysis of oscillatory weight changes from online learning with filtered spiking feedback","Spiking Neural Networks (SNNs)","groups/735051"
"VNBCVQKN","","Voelker","","A Solution to the Dynamics of the Prescribed Error Sensitivity Learning Rule","Spiking Neural Networks (SNNs)","groups/735051"
"JH4CL4R6","10.1113/jp272787","Danner","2016","Central control of interlimb coordination and speed-dependent gait expression in quadrupeds","Manuscript","groups/735051"
"X6BKPU6A","10.3390/biomimetics4010021","Deng","2019","Neuromechanical Model of Rat Hindlimb Walking with Two-Layer CPGs","","groups/735051"
"62BXJDG8","","Zajac","1989","Muscle and tendon: properties, models, scaling, and application to biomechanics and motor control.","CHAPTER 2. BACKGROUND","groups/735051"
"XDYT27ZB","10.1088/1748-3190/10/4/041001","Buschmann","2015","Controlling legs for locomotion—insights from robotics and neurobiology","Morrow LM20;Sensory Feedback;Zheng Thesis","groups/735051"
"GDNGFLJE","10.3233/thc-161167","Zang","2016","Design and control of a pneumatic musculoskeletal biped robot","Morrow LM20","groups/735051"
"Y4BRLXKP","10.1007/978-3-319-63537-8_40","Webster","2017","3D-Printed Biohybrid Robots Powered by Neuromuscular Tissue Circuits from Aplysia californica","Manuscript","groups/735051"
"6W7M9E3I","10.7554/elife.38215","Alessandro","2018","Adaptation after vastus lateralis denervation in rats demonstrates neural regulation of joint stresses and strains","Animal Data","groups/735051"
"R2EWDLR3","10.1109/tbme.2007.901024","Delp","2007","OpenSim: Open-Source Software to Create and Analyze Dynamic Simulations of Movement","Morrow LM20;Manuscript","groups/735051"
"KUYGSLMU","10.1109/memsys.2000.838573","Ozaki","2000","An air flow sensor modeled on wind receptor hairs of insects","Sensors","groups/735051"
"G9IRUDV3","10.3390/s17051080","Abels","2017","Nitride-Based Materials for Flexible MEMS Tactile and Flow Sensors in Robotics","Sensors","groups/735051"
"FWR9CBHT","10.1109/jmems.2007.902436","Chen","2007","Design and Characterization of Artificial Haircell Sensor for Flow Sensing With Ultrahigh Velocity and Angular Sensitivity","Sensors","groups/735051"
"CYMPGQRT","10.1038/srep32955","Asadnia","2016","From Biological Cilia to Artificial Flow Sensors: Biomimetic Soft Polymer Nanosensors with High Sensing Performance","Sensors","groups/735051"
"8JLADR9B","10.1039/c6mh00587j","Xu","2017","Highly sensitive airflow sensors with an ultrathin reduced graphene oxide film inspired by gas exfoliation of graphite oxide","Sensors","groups/735051"
"5Z3H63LH","10.1016/j.snb.2016.05.091","Sarlo","2016","Flow field sensing with bio-inspired artificial hair cell arrays","Sensors;Maybe Read?","groups/735051"
"ZHHG7268","","Ivler","","Flight Control Group Lead","Sensors;Biomechanics;Flight","groups/735051"
"YZRNXD57","10.1017/jfm.2016.615","Ling","2016","Reynolds averaged turbulence modelling using deep neural networks with embedded invariance","Biomechanics;Flight","groups/735051"
"YERADUI3","10.1088/1748-3190/aa58d3","Zhang","2017","A review of compliant transmission mechanisms for bio-inspired flapping-wing micro air vehicles","Robotics\Planes;Maybe Read?;Flight","groups/735051"
"XTJVKNZY","10.2514/6.2013-1153","Quindlen","2013","Flush Air Data Sensing for Soaring-Capable UAVs","Sensors;Flight","groups/735051"
"WSIAY4ZP","10.1109/iros.2018.8593664","Cellucci","2018","Distributed Pressure Sensing for Enabling Self-Aware Autonomous Aerial Vehicles","Sensors;Flight","groups/735051"
"VK4DQ5BT","10.1109/mipro.2015.7160432","Šegvić","2015","Technologies for distributed flight control systems: A review","Biomechanics;Flight","groups/735051"
"UF34MPSI","10.1098/rsfs.2016.0080","Pakpong","2017","Dynamics and flight control of a flapping-wing robotic insect in the presence of wind gusts","Robotics\Planes;LM 2021 Review;Flight","groups/735051"
"TXAQ3RAC","10.1109/cecnet.2011.5768718","Wang","2011","Flight attitude estimation for MAV based on M-estimation","Sensors;Flight","groups/735051"
"SB7HN25X","10.1109/plans.1998.670207","Gebre-Egziabher","1998","A low-cost GPS/inertial attitude heading reference system (AHRS) for general aviation applications","Sensors;Flight","groups/735051"
"S2V4JRQX","10.1088/1748-3190/11/4/046010","Fisher","2016","The gust-mitigating potential of flapping wings","Biomechanics;Flight","groups/735051"
"REM52NP7","10.3182/20120823-5-nl-3013.00049","Giesseler","2012","Model Predictive Control for Gust Load Alleviation","Sensors;Flight","groups/735051"
"NUNEBJR4","10.2514/6.2017-1487","Araujo-Estrada","2017","Bio-inspired Distributed Strain and Airflow Sensing for Small Unmanned Air Vehicle Flight Control","Biomechanics;Flight","groups/735051"
"HMBI3TW5","10.4028/www.scientific.net/amm.629.48","Marino","2014","Sensing Unsteady Pressure on MAV Wings: A New Method for Turbulence Alleviation","Sensors;Flight","groups/735051"
"GWSE5P4J","10.2514/6.2012-4416","Yeo","2012","Aerodynamic Sensing for a Fixed Wing UAS Operating at High Angles of Attack","Sensors;Flight","groups/735051"
"D38RH3DR","10.1098/rsfs.2016.0076","J.","2017","On the possibility (or lack thereof) of agreement between experiment and computation of flows over wings at moderate Reynolds number","Biomechanics;Flight","groups/735051"
"BUV7MA4X","10.2514/6.2013-4979","Yeo","2013","Experimental Validation of an Aerodynamic Sensing Scheme for Post-Stall Aerodynamic Moment Characterization","Sensors;Flight","groups/735051"
"AMSKJ6KT","10.1155/2014/598523","Oduyela","2014","Gust Mitigation of Micro Air Vehicles Using Passive Articulated Wings","Biomechanics;Flight","groups/735051"
"9ZJNVEEN","10.1242/jeb.114553","Ravi","2015","Hummingbird flight stability and control in freestream turbulent winds","Robotics\Planes;Flight","groups/735051"
"9QYCEP6C","10.1146/annurev-fluid-010518-040547","Duraisamy","2019","Turbulence Modeling in the Age of Data","Biomechanics;Flight","groups/735051"
"88X7UWMA","10.1109/acc.2010.5531002","Keshavan","2010","MAV stability augmentation using weighted outputs from distributed hair sensor arrays","Sensors;Flight","groups/735051"
"823TFSUH","10.1016/j.cub.2012.04.057","Warrick","2012","Hummingbird flight","Robotics\Planes;Biomechanics;Flight","groups/735051"
"6L8MEG4S","10.1016/j.ast.2014.12.020","Alam","2015","Active gust load alleviation system for flexible aircraft: Mixed feedforward/feedback approach","Biomechanics;Flight","groups/735051"
"4A9VHR8D","10.1109/cecnet.2011.5768718","Wang","2011","Flight attitude estimation for MAV based on M-estimation","Sensors;Flight","groups/735051"
"54ZDWL7G","10.3390/biomimetics4010021","Deng","2019","Neuromechanical Model of Rat Hindlimb Walking with Two-Layer CPGs","CPG PDC;Morrow LM20;LM22;Ben & Connor Neuro Project","groups/735051"
"JMQBYRPQ","10.1007/978-3-319-95972-6_15","Vouloutsi","2018","Neuromechanical Model of Rat Hind Limb Walking with Two Layer CPGs and Muscle Synergies","Ben & Connor Neuro Project","groups/735051"
"ERAB5RQP","","Koolen","2012","Capturability-based analysis and control of legged locomotion, Part 1: Theory and application to three simple gait models","","groups/735051"
"C4DFT8F2","","Pratt","2012","Capturability-based analysis and control of legged locomotion, Part 2: Application to M2V2, a lower-body humanoid","","groups/735051"
"ZSVU8A84","10.1016/j.cub.2015.08.044","Cullins","2015","Sensory Feedback Reduces Individuality by Increasing Variability within Subjects","","groups/735051"
"W4UX9AHU","10.1007/978-3-319-95972-6_57","Vouloutsi","2018","A Neuromechanical Rat Model with a Complete Set of Hind Limb Muscles","MURI24;Hunt Lab;Manuscript","groups/735051"
"ZYRH5PRH","10.1109/lcsys.2018.2871126","Hilts","2018","A Dynamic Neural Network Designed Using Analytical Methods Produces Dynamic Control Properties Similar to an Analogous Classical Controller","Hunt Lab","groups/735051"
"VYV7EVLC","","Hilts","2018","Emulating Balance Control Observed in Human Test Subjects with a Neural Network","Hunt Lab","groups/735051"
"5JVP6N2H","10.1007/978-3-319-95972-6_15","Vouloutsi","2018","Neuromechanical Model of Rat Hind Limb Walking with Two Layer CPGs and Muscle Synergies","MURI24;Dual-Layered CPGs;Prospectus;Hunt Lab;references_Lutz_quadruped;Manuscript","groups/735051"
"8RYYKWP4","10.1109/lcsys.2018.2871126","Hilts","2019","A Dynamic Neural Network Designed Using Analytical Methods Produces Dynamic Control Properties Similar to an Analogous Classical Controller","SNS Crashcourse;Mantasha;Hunt Lab;FSA_Extensions;Manuscript;references_Lutz_thesis;Steele ASME;Read","groups/735051"
"GGVIGNHD","10.1152/jn.01360.2006.","Torres-oviedo","2007","Muscle Synergies Characterizing Human Postural Responses","Balance","groups/735051"
"I8KKFTBQ","10.1152/jn.01110.2007.","Welch","2008","A Feedback Model Reproduces Muscle Activity During Human Postural Responses to Support-Surface Translations","Balance","groups/735051"
"YH63C8GI","10.1016/j.neuron.2015.02.042","Ting","2015","Neuromechanical Principles Underlying Movement Modularity and Their Implications for Rehabilitation","Balance","groups/735051"
"VMRABCGF","10.1063/1.3142245","Ting","2009","Neuromechanical tuning of nonlinear postural control dynamics.","Balance","groups/735051"
"2ZB2BMWC","10.1002/cnm.2485","Ting","2012","Review and perspective: neuromechanical considerations for predicting muscle activation patterns for movement","Balance","groups/735051"
"FUH4N2HT","10.1038/nn1986","Lockhart","2007","Optimal sensorimotor transformations for balance","Balance","groups/735051"
"YJQRNF7W","10.1016/j.jbiomech.2007.09.012","McKay","2008","Functional muscle synergies constrain force production during postural tasks.","Balance","groups/735051"
"LKYYSTGC","10.1101/738385","Bellec","2019","A solution to the learning dilemma for recurrent networks of spiking neurons","Spiking Neural Networks (SNNs)","groups/735051"
"CDQ7ZRUB","","Bellec","","Long short-term memory and Learning-to-learn in networks of spiking neurons","Spiking Neural Networks (SNNs);Metalearning","groups/735051"
"2UF9XUFB","10.3389/fnbot.2017.00037","Szczecinski","2017","A Functional Subnetwork Approach to Designing Synthetic Nervous Systems That Control Legged Robot Locomotion","SNS Crashcourse;MURI24;LM19;Young Scientist Seminar;Presentation;LM23;Hunt Lab;AARL Paper Club papers;FSA_Extensions;Manuscript;Manuscript;Turbulence","groups/735051"
"ER95P59Z","10.1109/tnn.2004.832719","Izhikevich","2004","Which model to use for cortical spiking neurons?","Reggie","groups/735051"
"TDTHVEF7","","Shadmehr","1992","A mathematical analysis of the force-stiffness characteristics of muscles in control of a single joint system","","groups/735051"
"A6KU8E46","","Jacobs","","MECHANICAL OUTPUT FROM INDIVIDUAL MUSCLES DURING EXPLOSIVE LEG EXTENSIONS: THE ROLE OF ~IARTICULAR MUSCLES","","groups/735051"
"W2TEQRJC","10.1016/j.wear.2009.10.014","Mukras","2010","Analysis of planar multibody systems with revolute joint wear","","groups/735051"
"4ZFFQJ25","10.3109/17453678608993213","Nisell","1986","Joint forces in extension of the knee: Analysis of a mechanical model","Biped","groups/735051"
"JI6DIS59","10.1016/0010-4825(95)98882-e","Delp","1995","A graphics-based software system to develop and analyze models of musculoskeletal structures","Biped","groups/735051"
"S3NQE42U","10.1109/10.102791","Delp","1990","An interactive graphics-based model of the lower extremity to study orthopaedic surgical procedures","Biped","groups/735051"
"5AX4LTXR","10.1088/1748-3190/aa8290","Li","2017","A neural network with central pattern generators entrained by sensory feedback controls walking of a bipedal model","Morrow LM20;Prospectus;Ben;Ben & Connor Neuro Project","groups/735051"
"SLFIGBCV","10.3389/fnhum.2020.00040","Falisse","2020","Physics-Based Simulations to Predict the Differential Effects of Motor Control and Musculoskeletal Deficits on Gait Dysfunction in Cerebral Palsy: A Retrospective Case Study","Ben","groups/735051"
"WLVAX54M","10.3389/frobt.2018.00105","Grosu","2018","Evaluation and Analysis of Push-Pull Cable Actuation System Used for Powered Orthoses","Construction","groups/735051"
"DHU6ZG88","10.1088/1748-3190/10/5/055004","Hunt","2015","A biologically based neural system coordinates the joints and legs of a tetrapod","SNS Crashcourse;Mantasha;Morrow LM20;Hunt Lab;references_Lutz_quadruped;Quadruped;Sensory Feedback;Manuscript;Ben;references_Lutz_thesis;Models;Zheng Thesis;Read","groups/735051"
"5GYJR3UX","10.1109/aim.2013.6584102","Tietz","2013","Tetraspine: Robust terrain handling on a tensegrity robot using central pattern generators","Muscles;Biorobots","groups/735051"
"9WGJWX4T","10.1109/iros.2012.6385462","Wang","2012","Design and development of a cheetah robot under the neural mechanism controlling the leg's muscles","Cody","groups/735051"
"6NJV98T2","","Morrow","2019","Using Two IMU Sensors to Simulate Lower Body Stance","Hunt Lab","groups/735051"
"92WQ7I97","","Szczecinski","2015","Phase Characterization of Hyperpolarizing and Depolarizing Currents on a Four Neuron CPG Model","Hunt Lab","groups/735051"
"YTWALTLA","10.1007/978-3-319-09435-9_13","Hunt","2014","Neuromechanical Simulation of an Inter-leg Controller for Tetrapod Coordination","Morrow LM20;Hunt Lab;Manuscript;Ben","groups/735051"
"LTGL49GL","","Scharzenberger","2019","Design of a Canine Inspired Quadruped Robot as a Platform for Synthetic Neural Network Control","Reggie;MURI24;Young Scientist Seminar;Cody;Morrow LM20;Presentation;Hunt Lab","groups/735051"
"7FHDFBTS","10.1007/978-3-319-09435-9_30","Webster","2014","Design and Control of a Tunable Compliance Actuator","Construction;CHAPTER 2. BACKGROUND;Hunt Lab;references_Lutz_thesis","groups/735051"
"EPNBECH2","10.1007/978-3-319-42417-0_14","Li","2016","A Neural Network with Central Pattern Generators Entrained by Sensory Feedback Controls Walking of a Bipedal Model","Hunt Lab;Hilts LM17;Hilts IROS18","groups/735051"
"T5JGCWJT","10.1007/978-3-319-22979-9_21","Hunt","2015","Using Animal Data and Neural Dynamics to Reverse Engineer a Neuromechanical Rat Model","LM19;Prospectus;Hunt Lab;LM 2021 Review;Hilts LM17;Hilts IROS18;Manuscript;Ben & Connor Neuro Project","groups/735051"
"J4YVB9TB","10.1007/978-3-319-22979-9_21","Hunt","2015","Using Animal Data and Neural Dynamics to Reverse Engineer a Neuromechanical Rat Model","SNS Crashcourse;Hunt Lab;references_Lutz_quadruped;Manuscript;references_Lutz_thesis;Turbulence","groups/735051"
"F6HNVMBL","10.1007/978-3-030-24741-6_2","Bolen","2019","Determination of Artificial Muscle Placement for Biomimetic Humanoid Robot Legs","BolenBPACharacterization;Morrow LM20;LM2023;Prospectus;BolenFrontiers22;Hunt Lab;BolenIsoKneeTorque","groups/735051"
"SCBB96X8","","Bolen","2019","Determination of Artificial Muscle Placement for Biomimetic Humanoid Robot Legs","Young Scientist Seminar;Presentation","groups/735051"
"SYNCTGRD","10.1177/1545968310390224","Chang","2011","Doublet Electrical Stimulation Enhances Torque Production in People With Spinal Cord Injury","Muscles","groups/735051"
"65D5W26R","","Hunt","2010","A Biologically Inspired Robot for Assistance in Urban Search and Rescue","Hunt Lab","groups/735051"
"UHVYELQ4","10.1073/pnas.1419045111","Akay","2014","Degradation of mouse locomotor pattern in the absence of proprioceptive sensory feedback","Connor","groups/735051"
"MS2V83DD","10.1073/pnas.1419045111","Akay","2014","Degradation of mouse locomotor pattern in the absence of proprioceptive sensory feedback","Connor","groups/735051"
"HHYNLE6Q","10.1073/pnas.1419045111","Akay","2014","Degradation of mouse locomotor pattern in the absence of proprioceptive sensory feedback","Connor","groups/735051"
"GGPMHAFD","10.1073/pnas.1419045111","Akay","2014","Degradation of mouse locomotor pattern in the absence of proprioceptive sensory feedback","Connor","groups/735051"
"EVFRGLE6","10.1073/pnas.1419045111","Akay","2014","Degradation of mouse locomotor pattern in the absence of proprioceptive sensory feedback","Connor","groups/735051"
"8B8F6P9H","10.1073/pnas.1419045111","Akay","2014","Degradation of mouse locomotor pattern in the absence of proprioceptive sensory feedback","Connor","groups/735051"
"5PTBAAM2","10.1007/s00221-006-0542-3","Akay","2006","Coordination of fore and hind leg stepping in cats on a transversely-split treadmill.","Cody","groups/735051"
"SJS9RNVJ","10.1007/s00221-006-0542-3","Akay","2006","Coordination of fore and hind leg stepping in cats on a transversely-split treadmill.","Cody","groups/735051"
"NNVWEDIZ","10.1007/s00221-006-0542-3","Akay","2006","Coordination of fore and hind leg stepping in cats on a transversely-split treadmill.","Cody","groups/735051"
"KIWQFZNA","10.1007/s00221-006-0542-3","Akay","2006","Coordination of fore and hind leg stepping in cats on a transversely-split treadmill.","Cody","groups/735051"
"GQR8P7EQ","10.1007/s00221-006-0542-3","Akay","2006","Coordination of fore and hind leg stepping in cats on a transversely-split treadmill.","Cody","groups/735051"
"6JP4UYHI","10.1007/s00221-006-0542-3","Akay","2006","Coordination of fore and hind leg stepping in cats on a transversely-split treadmill.","Cody","groups/735051"
"I43XWJ2A","10.7554/elife.31050","Danner","2017","Computational modeling of spinal circuits controlling limb coordination and gaits in quadrupeds","Cody;Prospectus;Models;Ben & Connor Neuro Project","groups/735051"
"4ZKYRNKB","10.7554/elife.31050","Danner","2017","Computational modeling of spinal circuits controlling limb coordination and gaits in quadrupeds","Cody;Prospectus;Models;Ben & Connor Neuro Project","groups/735051"
"3ZR6RY8I","10.1109/iros.2008.4651230","Tsujita","2008","Gait transition by tuning muscle tones using pneumatic actuators in quadruped locomotion","Cody","groups/735051"
"J7JZNQS3","10.1109/tnsre.2010.2047592","Geyer","2010","A Muscle-Reflex Model That Encodes Principles of Legged Mechanics Produces Human Walking Dynamics and Muscle Activities","Reggie;Cody;Manuel","groups/735051"
"HEQ9E5CD","10.1109/icra.2012.6225307","Song","2012","Regulating speed and generating large speed transitions in a neuromuscular human walking model","Connor","groups/735051"
"J5XUNXU9","10.1152/physrev.00028.2005.","Rossignol","2006","Dynamic sensorimotor interactions in locomotion","Connor","groups/735051"
"RGRW6Y5S","10.1016/j.neuron.2006.11.008","Grillner","2006","Biological pattern generation: the cellular and computational logic of networks in motion.","Morrow LM20;Connor","groups/735051"
"KAEHXNUW","10.1142/s0219843611002587","al.","2011","Concept and design of the BIOBIPED1 Robot for human-like walking and running","Cody;Compliance","groups/735051"
"4SAH4UFC","10.3389/fncom.2013.00126","Schilling","2013","A hexapod walker using a heterarchical architecture for action selection","LM 2021 Review;Connor","groups/735051"
"PFYVZG5Y","","Duysens","2000","Load-regulating mechanisms in gait and posture: comparative aspects.","Cody;Connor","groups/735051"
"IDPBPJJP","","Duysens","2000","Load-regulating mechanisms in gait and posture: comparative aspects.","Cody;Connor","groups/735051"
"HFJAMWKC","","Duysens","2000","Load-regulating mechanisms in gait and posture: comparative aspects.","Cody;Connor","groups/735051"
"FGP2YWT4","","Duysens","2000","Load-regulating mechanisms in gait and posture: comparative aspects.","Cody;Connor","groups/735051"
"5N45RVAD","","Duysens","2000","Load-regulating mechanisms in gait and posture: comparative aspects.","Cody;Connor","groups/735051"
"4KGC9EAU","","Duysens","2000","Load-regulating mechanisms in gait and posture: comparative aspects.","Cody;Connor","groups/735051"
"FTCNWLDV","10.1007/s00422-013-0563-5","Schilling","2013","Walknet, a bio-inspired controller for hexapod walking.","Cody;LM 2021 Review;references_Lutz_thesis;Read","groups/735051"
"QT7PDBI6","","Cruse","1990","What mechanisms coordinate leg movement in walking arthropods?","LM 2021 Review","groups/735051"
"H7YFGSNV","","Cruse","1990","What mechanisms coordinate leg movement in walking arthropods?","LM 2021 Review","groups/735051"
"AA5YDXKB","","Cruse","1990","What mechanisms coordinate leg movement in walking arthropods?","LM 2021 Review","groups/735051"
"2ZSW5XHQ","","Cruse","1990","What mechanisms coordinate leg movement in walking arthropods?","LM 2021 Review","groups/735051"
"6SU5UIFJ","","Cruse","1990","What mechanisms coordinate leg movement in walking arthropods?","LM 2021 Review","groups/735051"
"3MFAMHD4","","Cruse","1990","What mechanisms coordinate leg movement in walking arthropods?","LM 2021 Review","groups/735051"
"FV8KB2K5","10.1016/j.robot.2004.09.015","Crespi","2005","AmphiBot I: An amphibious snake-like robot","Connor;Manuscript","groups/735051"
"BQMV8C23","10.1177/0278364913489205","Spröwitz","2013","Towards dynamic trot gait locomotion: Design, control, and experiments with Cheetah-cub, a compliant quadruped robot","references_Lutz_quadruped;Connor","groups/735051"
"U3334DI6","10.1016/j.jtbi.2013.06.031","Andrada","2013","Grounded running in quails: simulations indicate benefits of observed fixed aperture angle between legs before touch-down.","Cody","groups/735051"
"TMVBYJYZ","10.1016/j.jtbi.2013.06.031","Andrada","2013","Grounded running in quails: simulations indicate benefits of observed fixed aperture angle between legs before touch-down.","Cody","groups/735051"
"GGW4DD5T","10.1016/j.jtbi.2013.06.031","Andrada","2013","Grounded running in quails: simulations indicate benefits of observed fixed aperture angle between legs before touch-down.","Cody","groups/735051"
"G2L3R9WK","10.1016/j.jtbi.2013.06.031","Andrada","2013","Grounded running in quails: simulations indicate benefits of observed fixed aperture angle between legs before touch-down.","Cody","groups/735051"
"FEY4BLLS","10.1016/j.jtbi.2013.06.031","Andrada","2013","Grounded running in quails: simulations indicate benefits of observed fixed aperture angle between legs before touch-down.","Cody","groups/735051"
"2CUUPLG8","10.1016/j.jtbi.2013.06.031","Andrada","2013","Grounded running in quails: simulations indicate benefits of observed fixed aperture angle between legs before touch-down.","Cody","groups/735051"
"4HAU74YU","10.1115/1.4023390","Millard","2013","Flexing computational muscle: modeling and simulation of musculotendon dynamics.","Connor","groups/735051"
"KWHIKEVJ","10.1177/0278364916648388","Hubicki","2016","ATRIAS: Design and validation of a tether-free 3D-capable spring-mass bipedal robot","Cody;Haonan","groups/735051"
"ZD7GRIAS","","Blickhan","1989","The spring-mass model for running and hopping","CHAPTER 2. BACKGROUND;Cody;Joe;Haonan","groups/735051"
"V87KLAGF","","Blickhan","1989","The spring-mass model for running and hopping","CHAPTER 2. BACKGROUND;Cody;Joe;Haonan","groups/735051"
"TL5KDCEF","","Blickhan","1989","The spring-mass model for running and hopping","CHAPTER 2. BACKGROUND;Cody;Joe;Haonan","groups/735051"
"T63UH45R","","Blickhan","1989","The spring-mass model for running and hopping","CHAPTER 2. BACKGROUND;Cody;Joe;Haonan","groups/735051"
"6846WAD7","","Blickhan","1989","The spring-mass model for running and hopping","CHAPTER 2. BACKGROUND;Cody;Joe;Haonan","groups/735051"
"QLZ4NGLV","","Blickhan","1989","The spring-mass model for running and hopping","CHAPTER 2. BACKGROUND;Cody;Joe;Haonan","groups/735051"
"THUEWB4V","10.5545/sv-jme.2017.4491","Mei","2017","Hysteresis Modeling and Compensation of Pneumatic Artificial Muscles using the Generalized Prandtl-Ishlinskii Model","Cody","groups/735051"
"IC6NN98K","","Šimunič","2010","TWITCH PARAMETERS IN TRANSVERSAL AND LONGITUDINAL BICEPS BRACHII RESPONSE","Connor","groups/735051"
"YEWDFCJL","","Sherman","","How to compute muscle moment arm using generalized coordinates","Morrow LM20;Ben's References","groups/735051"
"MTL5SKPH","10.1098/rspb.1938.0050","Hill","1938","The Heat of Shortening and the Dynamic Constants of Muscle","Young Scientist Seminar;Morrow LM20;Presentation;Morrow LM21;Connor;Manuscript","groups/735051"
"RUPBEWKA","10.1088/1748-3190/aada54","Duysens","2018","Walking with perturbations: a guide for biped humans and robots","Potential Papers","groups/735051"
"3L8LAQ9G","","Chou","1996","measurement and modeling of mckibben pneumatic artifical muscles.pdf","Morrow LM20;Ben's References","groups/735051"
"GR5BY5X9","10.1109/biorob.2006.1639174","Tondu","2006","McKibben artificial muscle can be in accordance with the Hill skeletal muscle model","Morrow LM20;Ben's References","groups/735051"
"52V3XPZ8","10.1109/aim.1999.803170","Klute","1999","McKibben artificial muscles: pneumatic actuators with biomechanical intelligence","Morrow LM20;Ben's References;BPAs;references_Lutz_thesis","groups/735051"
"XF4TH6FY","10.1126/scirobotics.aaq0899","Asano","2017","Design principles of a human mimetic humanoid: Humanoid platform to study human intelligence and internal body system","Morrow LM20;Ben's References","groups/735051"
"36VBM4EW","10.1109/humanoids.2016.7803376","Asano","2016","Human mimetic musculoskeletal humanoid Kengoro toward real world physically interactive actions","Morrow LM20;Ben's References","groups/735051"
"7W4D2FXJ","10.5772/55443","Nakanishi","2013","Design Approach of Biologically-Inspired Musculoskeletal Humanoids","Morrow LM20;Ben's References;Steele ASME","groups/735051"
"M8WVP96Q","10.1109/iros.2018.8593912","Ishii","2018","Development of a Musculoskeletal Humanoid Robot as a Platform for Biomechanical Research on the Underwater Dolphin Kick","Morrow LM20;Ben's References","groups/735051"
"X9FWN89C","10.1016/j.robot.2015.12.002","Liu","2016","Bipedal walking with dynamic balance that involves three-dimensional upper body motion","Morrow LM20;Ben's References","groups/735051"
"G7SWSSNX","10.1002/rob.21560","Radford","2015","Valkyrie: NASA's First Bipedal Humanoid Robot: Learned Stochastic Mobility Prediction for Planning","Morrow LM20;Ben's References","groups/735051"
"IXXDLQ7D","10.1109/icra.2016.7487325","Reher","2016","Realizing dynamic and efficient bipedal locomotion on the humanoid robot DURUS","Morrow LM20;Ben's References","groups/735051"
"ABC5E6JD","10.1098/rsif.2018.0024","Liu","2018","Robotic investigation on effect of stretch reflex and crossed inhibitory response on bipedal hopping","Morrow LM20;Ben's References;Steele ASME","groups/735051"
"HPCIEGE2","10.1007/s10514-009-9171-6","Hosoda","2010","Pneumatic-driven jumping robot with anthropomorphic muscular skeleton structure","Morrow LM20;Ben's References;Steele ASME","groups/735051"
"LKZBJ9QL","10.1115/1.4023390","Millard","2013","Flexing Computational Muscle: Modeling and Simulation of Musculotendon Dynamics","BolenBPACharacterization;Morrow LM20;Prospectus;BolenFrontiers22;Ben's References;Manuscript;BolenIsoKneeTorque","groups/735051"
"5P74K9AB","10.1109/10.102791","Delp","1990","An interactive graphics-based model of the lower extremity to study orthopaedic surgical procedures","Morrow LM20;Prospectus;BolenFrontiers22;Ben's References;Morrow LM21;BolenIsoKneeTorque","groups/735051"
"LNYYE6DT","10.1302/0301-620x.97b4.34638","van Arkel","2015","The capsular ligaments provide more hip rotational restraint than the acetabular labrum and the ligamentum teres","Biped","groups/735051"
"WJ3J8L9N","10.1016/s0021-9290(99)00009-3","Riener","1999","Identification of passive elastic joint moments in the lower extremities","Biped;Steele ASME","groups/735051"
"JZ8FGVLK","10.1142/s0219519412004454","Heger","2012","A quasi-linear viscoelastic model for the passive properties of the human hip joint","Steele ASME","groups/735051"
"ZKRQGCXA","10.1016/0021-9290(88)90248-5","Winters","1988","An analysis of the sources of musculoskeletal system impedance","Biped","groups/735051"
"TW2EFPVZ","10.1371/journal.pone.0059993","Shamaei","2013","Estimation of Quasi-Stiffness of the Human Knee in the Stance Phase of Walking","Biped","groups/735051"
"KIE3XNLB","","Riemann","2001","The Effects of Sex, Joint Angle, and the Gastrocnemius Muscle on Passive Ankle Joint Complex Stiffness","Biped","groups/735051"
"8BM79AE5","10.1152/japplphysiol.91189.2008","van der Krogt","2009","Robust passive dynamics of the musculoskeletal system compensate for unexpected surface changes during human hopping","Biped","groups/735051"
"BZMHFBKD","10.1016/j.clinbiomech.2003.09.003","Blackburn","2004","Sex comparison of extensibility, passive, and active stiffness of the knee flexors","Biped","groups/735051"
"5BDYELPN","10.1016/0021-9290(86)90196-x","Weiss","1986","Position dependence of ankle joint dynamics—I. Passive mechanics","Biped","groups/735051"
"2ZMXHQ4I","10.3389/fneur.2018.01045","Peterka","2018","Implementation of a Central Sensorimotor Integration Test for Characterization of Human Balance Control During Stance","Morrow Thesis","groups/735051"
"7EQ73GB7","10.1146/annurev.neuro.31.060407.125555","Angelaki","2008","Vestibular System: The Many Facets of a Multimodal Sense","Morrow Thesis","groups/735051"
"IQTX6NMJ","","Shoemake","1985","animating rotation with quaternion curves.pdf","Morrow Thesis","groups/735051"
"TM7TFZ9Y","10.1016/j.proeng.2016.06.266","Dinu","2016","Accuracy of Postural Human-motion Tracking Using Miniature Inertial Sensors","Morrow Thesis","groups/735051"
"QYSCJA5J","","Pai","1997","Center of Mass Velocity Position Prediction for Balance Control.pdf","Morrow Thesis","groups/735051"
"EIXSFDFS","10.1016/j.mspro.2014.07.907","Jogi","2014","Study of Mechanical and Crystalline Behavior of Polyamide 6/Hytrel/Carbon Nanotubes (CNT) based Polymer Composites","Heat Treatment of 3D Printed Materials","groups/735051"
"RJNR4ZQ6","10.1177/0021998306067321","Hussain","2006","Review article: Polymer-matrix Nanocomposites, Processing, Manufacturing, and Application: An Overview","Heat Treatment of 3D Printed Materials","groups/735051"
"QBJGH2CX","","","2019","Markforged Material Datasheet Composites","Heat Treatment of 3D Printed Materials;Onyx related studies","groups/735051"
"ICJHBQ7R","","","","Machining recommendations for semi-finished engineering plastics","Heat Treatment of 3D Printed Materials","groups/735051"
"NN7CNJ85","10.1016/j.carbon.2005.01.007","Song","2005","Influence of dispersion states of carbon nanotubes on physical properties of epoxy nanocomposites","Heat Treatment of 3D Printed Materials","groups/735051"
"47AP9X6T","10.3390/polym9070243","Ding","2017","Fracture failure mechanisms of long single PA6 fibers","Heat Treatment of 3D Printed Materials","groups/735051"
"2Q63JT3I","10.1111/jmi.12273","Brodusch","2015","Efficient cross-section preparation method for high-resolution imaging of hard polymer composites with a scanning electron microscope","Heat Treatment of 3D Printed Materials","groups/735051"
"CIADMEBV","10.1016/j.compositesb.2008.01.002","Fu","2008","Effects of particle size, particle/matrix interface adhesion and particle loading on mechanical properties of particulate–polymer composites","Heat Treatment of 3D Printed Materials","groups/735051"
"E8CBAFEH","10.1016/0032-3861(95)99780-x","Murthy","1995","Drawing and annealing of nylon-6 fibres: studies of crystal growth, orientation of amorphous and crystalline domains and their influence on properties","Heat Treatment of 3D Printed Materials","groups/735051"
"ZMU2KSUJ","10.1016/j.compositesb.2016.12.009","Kim","2017","Cure behaviors and mechanical properties of carbon fiber-reinforced nylon6/epoxy blended matrix composites","Heat Treatment of 3D Printed Materials","groups/735051"
"2BP5JMNK","10.1016/s0014-3057(03)00166-6","Liu","2003","Crystallization, morphology, and dynamic mechanical properties of poly(trimethylene terephthalate)/clay nanocomposites","Heat Treatment of 3D Printed Materials","groups/735051"
"TSJDIE32","10.10002/app.27941","Rath","2008","Change in fiber properties due to the heat treatment of nylon 6 tire cords","Heat Treatment of 3D Printed Materials","groups/735051"
"K7ICDZRE","10.1021/ma035594f","Zhang","2003","Carbon Nanotubes Reinforced Nylon-6 Composite Prepared by Simple Melt-Compounding","Heat Treatment of 3D Printed Materials","groups/735051"
"UE575WQ6","","Clark","1996","Influence of the Interphase on the Mechanical Properties of Nylon 66 Composites","Heat Treatment of 3D Printed Materials","groups/735051"
"YTGKXVXT","10.12989/sem.2012.41.2.263","Rezaiee-Pajand","2012","Estimating the Region of Attraction via collocation for autonomous nonlinear systems","Deep ROA BO;Non-Neural ROA Estimation;Nonlinear Controls;Deep ROA;Manuscript","groups/735051"
"RIG3N3HM","","Pursche","2016","Estimation of the Domain of Attraction for Nonlinear Autonomous Systems using a Bezoutian Approach.","Deep ROA BO;Non-Neural ROA Estimation;Nonlinear Controls;Deep ROA","groups/735051"
"U5YVS4ST","","Alaraifi","2018","Regions of Attraction Approximation Using Individual Invariance","Deep ROA BO;Non-Neural ROA Estimation;Nonlinear Controls;Deep ROA","groups/735051"
"SV6QGS4J","10.1177/0142331217752799","Yuan","2019","Estimation of the regions of attraction for autonomous nonlinear systems","BRAIN21 Poster;Deep ROA BO;Non-Neural ROA Estimation;Nonlinear Controls;NAML21 Poster;Deep ROA;Manuscript","groups/735051"
"MICVE5X4","","Hilts","2018","Emulating Balance Control Observed in Human Test Subjects with a Neural Network","CPG PDC;Mathematical Examples;Hunt Lab;LM22;Bipedal balance control","groups/735051"
"568KS53S","","","","MTi and MTx User Manual and Technical Documentation","Morrow Thesis","groups/735051"
"PZ7U7KEM","","Mergner","1999","A Simple Model of Vestibular Canal-Otolith Signal Fusion","Morrow Thesis;Morrow LM19","groups/735051"
"NVJ58R3D","","Scharzenberger","2019","Design of a Canine Inspired Quadruped Robot as a Platform for Synthetic Neural Network Control","BRAIN21 Poster;CPG PDC;Young Scientist Seminar;Writing;Presentation;BolenFrontiers22;Hunt Lab;LM22;Scharzenberger;Manuscript;Robotics Examples;Manuscript;PSU;Masters Thesis;BolenIsoKneeTorque","groups/735051"
"EEN32PBV","10.2514/6.2017-1487","Araujo-Estrada","2017","Bio-inspired Distributed Strain and Airflow Sensing for Small Unmanned Air Vehicle Flight Control","BPA","groups/735051"
"6Z7WGF8Y","10.1109/tnn.2003.816035","Yang","2003","Implementation of an RBF neural network on embedded systems: real-time face tracking and identity verification","Fly Eye","groups/735051"
"2C43CVMG","10.1109/tnn.2003.816035","Yang","2003","Implementation of an RBF neural network on embedded systems: real-time face tracking and identity verification","Fly Eye","groups/735051"
"EJISRNIL","10.1371/journal.pbio.0060115","Stavenga","2008","One Rhodopsin per Photoreceptor: Iro-C Genes Break the Rule","Fly Eye","groups/735051"
"A6BKJAHS","10.1371/journal.pbio.0060115","Stavenga","2008","One Rhodopsin per Photoreceptor: Iro-C Genes Break the Rule","Fly Eye","groups/735051"
"3BYU53N6","10.1371/journal.pcbi.1000860","Spavieri","2010","Coding Efficiency of Fly Motion Processing Is Set by Firing Rate, Not Firing Precision","Fly Eye","groups/735051"
"7GVSGKWD","10.1109/ahs.2008.13","Shayani","2008","Hardware Implementation of a Bio-plausible Neuron Model for Evolution and Growth of Spiking Neural Networks on FPGA","Fly Eye","groups/735051"
"ZZL2MDEM","10.1109/ebccsp.2017.8022822","Raharijaona","2017","Toward an insect-inspired event-based autopilot combining both visual and control events","Fly Eye","groups/735051"
"ZHND32KT","10.1109/iscas.2003.1205152","Ruffier","2003","Bio-inspired optical flow circuits for the visual guidance of micro air vehicles","Fly Eye","groups/735051"
"VWDHQGAX","10.1109/icm.2004.1434697","Mohd-Yasin","2004","The FPGA prototyping of iris recognition for biometric identification employing neural network","Fly Eye","groups/735051"
"UBSNLKU7","10.1016/j.robot.2004.09.016","Ruffier","2005","Optic flow regulation: the key to aircraft automatic guidance","Fly Eye","groups/735051"
"Q8USTDL3","10.1117/12.969868","Pichon","1990","Visual Guidance Of A Mobile Robot Equipped With A Network Of Self-Motion Sensors","Fly Eye","groups/735051"
"NAAUZSJM","10.1109/reconfig.2009.77","Rice","2009","FPGA Implementation of Izhikevich Spiking Neural Networks for Character Recognition","Fly Eye","groups/735051"
"L4DZ84KE","10.1109/71.744833","Ratha","1999","Computer vision algorithms on reconfigurable logic arrays","Fly Eye","groups/735051"
"GUJY2DCZ","10.1109/jsen.2012.2230622","Roubieu","2013","Two-Directional 1-g Visual Motion Sensor Inspired by the Fly's Eye","Fly Eye","groups/735051"
"FTQZVAWG","10.1016/j.neucom.2010.03.021","Misra","2010","Artificial neural networks in hardware: A survey of two decades of progress","Fly Eye","groups/735051"
"EHC7SQ9L","10.1117/12.969868","Pichon","1990","Visual Guidance Of A Mobile Robot Equipped With A Network Of Self-Motion Sensors","Fly Eye","groups/735051"
"B6E5HP3T","10.1109/icm.2004.1434697","Mohd-Yasin","2004","The FPGA prototyping of iris recognition for biometric identification employing neural network","Fly Eye","groups/735051"
"86FCCTEX","10.1016/j.neucom.2010.03.021","Misra","2010","Artificial neural networks in hardware: A survey of two decades of progress","Fly Eye","groups/735051"
"XJDAA7DA","10.1016/j.neuron.2011.03.028","Eichner","2011","Internal Structure of the Fly Elementary Motion Detector","Fly Eye","groups/735051"
"UPKI5I8X","10.1109/tuffc.2009.1009","Lin","2009","FPGA-based elman neural network control system for linear ultrasonic motor","Fly Eye","groups/735051"
"P57HF4RS","10.1016/j.neucom.2006.11.029","Maguire","2007","Challenges for large-scale implementations of spiking neural networks on FPGAs","Fly Eye","groups/735051"
"NACLUS6H","10.1109/fccm.2015.50","Li","2015","FPGA Acceleration of Recurrent Neural Network Based Language Model","Fly Eye","groups/735051"
"MXVGAYX9","10.1371/journal.pcbi.1000860","Jr","2010","Coding Efficiency of Fly Motion Processing Is Set by Firing Rate, Not Firing Precision","Fly Eye","groups/735051"
"MQTAKJYY","10.1109/tnn.2005.852237","Maeda","2005","Simultaneous perturbation learning rule for recurrent neural networks and its FPGA implementation","Fly Eye","groups/735051"
"JLASEB8N","10.1073/pnas.1219068110","Floreano","2013","Miniature curved artificial compound eyes","Fly Eye","groups/735051"
"IBWNQYT4","10.1038/35093002","Hardie","2001","Visual transduction in Drosophila","Fly Eye","groups/735051"
"GYN99QZK","10.1016/j.cub.2015.01.013","Frye","2015","Elementary motion detectors","Fly Eye","groups/735051"
"C2IC9NTF","10.1016/s0925-2312(02)00627-6","Hung","2003","Digital hardware realization of a recurrent neural network for solving the assignment problem","Fly Eye","groups/735051"
"ABRTWMZC","10.1016/j.cub.2006.12.032","Franceschini","2007","A Bio-Inspired Flying Robot Sheds Light on Insect Piloting Abilities","Fly Eye","groups/735051"
"87ENKRSP","","Eichner","2011","Internal structure of the fly elementary motion detector","Fly Eye","groups/735051"
"6AFC5X2N","10.1016/s0925-2312(02)00627-6","Hung","2003","Digital hardware realization of a recurrent neural network for solving the assignment problem","Fly Eye","groups/735051"
"49X7ZCX5","","Eichner","2011","Internal Structure of the Fly Elementary Motion Detector","Fly Eye","groups/735051"
"M69CX9GV","10.1109/fccm.2015.50","Li","2015","FPGA Acceleration of Recurrent Neural Network Based Language Model","Fly Eye","groups/735051"
"UNW8FB6F","","Cuntz","2007","Robust coding of flow-field parameters by axo-axonal gap junctions between fly visual interneurons","Fly Eye","groups/735051"
"TAWP22YK","10.1073/pnas.0703697104","Cuntz","2007","Robust coding of flow-field parameters by axo-axonal gap junctions between fly visual interneurons","Fly Eye","groups/735051"
"RC3TQKVB","10.1109/tvt.2008.915524","Caner","2008","Efficient Embedded Neural-Network-Based License Plate Recognition System","Fly Eye","groups/735051"
"QW2XDW8W","10.1109/tvt.2008.915524","Caner","2008","Efficient Embedded Neural-Network-Based License Plate Recognition System","Fly Eye","groups/735051"
"KLTB2JQY","10.1016/j.neunet.2013.05.011","Cassidy","2013","Design of silicon brains in the nano-CMOS era: Spiking neurons, learning synapses and neural architecture optimization","Fly Eye","groups/735051"
"9T8ZAEJU","10.1016/s0896-6273(02)00876-0","Clandinin","2002","Making Connections in the Fly Visual System","Fly Eye","groups/735051"
"8NUDFNZU","10.1016/s0896-6273(02)00876-0","Clandinin","2002","Making Connections in the Fly Visual System","Fly Eye","groups/735051"
"7F47T6ZW","10.1038/nrn3799","Borst","2014","Fly visual course control: behaviour, algorithms and circuits","Fly Eye","groups/735051"
"GUBBZ4RD","10.1109/iciea.2015.7334442","Gui","2015","MEMS based IMU for tilting measurement: Comparison of complementary and kalman filter based data fusion","Morrow Thesis","groups/735051"
"YYERVSJK","","Roetenberg","2013","Xsens MVN: Full 6DOF Human Motion Tracking Using Miniature Inertial Sensors","","groups/735051"
"7IWGNPTL","10.1109/titb.2005.856864","Karantonis","2006","Implementation of a Real-Time Human Movement Classifier Using a Triaxial Accelerometer for Ambulatory Monitoring","Morrow Thesis","groups/735051"
"DRTBTVQD","10.1007/bf02344720","Zheng","2005","Position-sensing technologies for movement analysis in stroke rehabilitation","Morrow Thesis","groups/735051"
"QW4FD3FI","10.3390/s150819302","Valenti","2015","Keeping a Good Attitude: A Quaternion-Based Orientation Filter for IMUs and MARGs","Jake;Morrow Thesis;Morrow LM19","groups/735051"
"6BKD9V78","10.3390/s18113765","Yi","2018","Estimating Three-Dimensional Body Orientation Based on an Improved Complementary Filter for Human Motion Tracking","Jake;Morrow Thesis;Morrow LM19","groups/735051"
"VLMJEG3G","10.3390/s19030596","Abhayasinghe","2019","Validation of Thigh Angle Estimation Using Inertial Measurement Unit Data against Optical Motion Capture Systems","Morrow Thesis;Morrow LM19","groups/735051"
"S3R8CVSL","10.1063/1.5018520","Islam","2017","Comparison of complementary and Kalman filter based data fusion for attitude heading reference system","Jake;Morrow Thesis;Morrow LM19","groups/735051"
"Q5662DZZ","10.1016/j.jsr.2016.05.001","Burns","2016","The direct costs of fatal and non-fatal falls among older adults — United States","Morrow Thesis;Morrow LM19","groups/735051"
"IICFRYTU","10.3390/s100807772","Yang","2010","A Review of Accelerometry-Based Wearable Motion Detectors for Physical Activity Monitoring","Morrow Thesis;Morrow LM19","groups/735051"
"BE94RUBP","10.1016/j.jbiomech.2006.02.013","Dumas","2007","Adjustments to McConville et al. and Young et al. body segment inertial parameters","Morrow Thesis;Morrow LM19","groups/735051"
"J58PEUE5","","Roetenberg","2013","Xsens MVN: Full 6DOF Human Motion Tracking Using Miniature Inertial Sensors","Morrow Thesis;Morrow LM19","groups/735051"
"8YKA82KE","10.1109/icsens.2010.5690738","Harms","2010","ETHOS: Miniature orientation sensor for wearable human motion analysis","Morrow Thesis;Morrow LM19","groups/735051"
"L3YZTGVB","10.1109/mfi.2017.8170354","Admiraal","2017","Improved formulation of the IMU and MARG orientation gradient descent algorithm for motion tracking in human-machine interfaces","Morrow Thesis;Morrow LM19","groups/735051"
"3UPLLYBY","10.1109/icorr.2011.5975346","Madgwick","2011","Estimation of IMU and MARG orientation using a gradient descent algorithm","Jake;Morrow Thesis;Morrow LM19","groups/735051"
"7K2A3XZY","10.1620/tjem.171.203","Itoi","1993","Capsular Properties of the Shoulder.","Steele Thesis;Steele ASME","groups/735051"
"5SXTSC53","10.1098/rsif.2018.0024","Xiangxiao","2018","Robotic investigation on effect of stretch reflex and crossed inhibitory response on bipedal hopping","Cody;Biped","groups/735051"
"I52QA3IH","10.1016/j.robot.2007.09.010","Hosoda","2008","Biped robot design powered by antagonistic pneumatic actuators for multi-modal locomotion","Biped;LM 2021 Review;Steele ASME","groups/735051"
"GJ8VBTUN","10.1007/s10514-009-9171-6","Hosoda","2010","Pneumatic-driven jumping robot with anthropomorphic muscular skeleton structure","Biped;Jake","groups/735051"
"2K9NGUSW","10.5772/55443","Nakanishi","2013","Design Approach of Biologically-Inspired Musculoskeletal Humanoids","Biped","groups/735051"
"FBJAFDQF","10.1109/humanoids.2016.7803376","Asano","2016","Human mimetic musculoskeletal humanoid Kengoro toward real world physically interactive actions","Biped;Steele ASME","groups/735051"
"UJH786XB","10.1109/humanoids.2015.7363459","Kojima","2015","Development of life-sized high-power humanoid robot JAXON for real-world use","Biped;Steele ASME","groups/735051"
"M6NRHW37","10.1109/iros.2010.5649683","Urata","2010","Design of high torque and high speed leg module for high power humanoid","Biped;Steele ASME","groups/735051"
"4UMX4JQY","10.5772/4684","Mizuuchi","2006","A Musculoskeletal Flexible-Spine Humanoid Kotaro Aiming at the Future in 15 Years Time","Biped","groups/735051"
"UX695Y5P","10.1109/iros.2016.7759377","Asano","2016","Human mimetic foot structure with multi-DOFs and multi-sensors for musculoskeletal humanoid Kengoro","Biped;Steele ASME","groups/735051"
"XVSNXSGT","10.1111/joa.12041","Pietak","2013","Fundamental ratios and logarithmic periodicity in human limb bones","Steele Thesis","groups/735051"
"JSLPLGY5","10.1007/s11999-013-3166-5","Jamali","2013","What Is Normal Femoral Head/Neck Anatomy? An Analysis of Radial CT Reconstructions in Adolescents","Steele Thesis;Steele ASME","groups/735051"
"D8MKTEXW","10.1016/j.jot.2017.12.002","Fajar","2018","Hip geometry and femoral neck fractures: A meta-analysis","Steele Thesis;Steele ASME","groups/735051"
"Z54VYP5K","10.2519/jospt.1991.13.2.71","Alderink","1991","The sacroiliac joint: review of anatomy, mechanics, and function","Steele Thesis;Steele ASME","groups/735051"
"YW4KDRCE","","","","Wall-Climbing Robots","Climbing Robots","groups/735051"
"MQUD75K9","","Mohan","2018","A Deep Learning based Approach to Reduced Order Modeling for Turbulent Flow Control using LSTM Neural Networks","","groups/735051"
"JXUJHQKP","10.1109/tro.2009.2033628","Unver","2010","Flat Dry Elastomer Adhesives as Attachment Materials for Climbing Robots","Climbing Robot Using Adhesion","groups/735051"
"5B877DF4","10.5603/fm.a2017.0049","Gwani","2017","How the three arches of the foot intercorrelate","Steele Thesis;Steele ASME","groups/735051"
"ANWXUV5I","10.1109/iros.2010.5650414","Hashimoto","2010","A study of function of foot's medial longitudinal arch using biped humanoid robot","Steele Thesis;Steele ASME","groups/735051"
"LCKZQ7HR","10.2514/1.j051640","Ravi","2012","Influence of Large-Scale Freestream Turbulence on the Performance of a Thin Airfoil","Sensors;Flight;Turbulence","groups/735051"
"MEPDBPQ5","10.1260/1756-8293.7.4.441","Watkins","2015","Towards Autonomous MAV Soaring in Cities: CFD Simulation, EFD Measurement and Flight Trials","Biomechanics;Flight;Turbulence","groups/735051"
"GWVMIT6E","10.2514/1.j052142","Ravi","2013","Transient Loads Occurring over a Thin Airfoil Subjected to Large-Scale Freestream Turbulence","Biomechanics;Flight;Turbulence","groups/735051"
"5AMEKDP8","10.1557/jmr.2013.332","Chen","2013","Annealing-induced crystalline structure and mechanical property changes of polypropylene random copolymer","Steele Thesis;Steele ASME","groups/735051"
"8GPQCC45","10.1109/aim.2018.8452318","Xu","2018","Survey on Bioinspired Adhesive Methods and Design and Implementation of A Multi-Mode Biomimetic Wall-Climbing Robot","Climbing Robot Using Adhesion","groups/735051"
"TSXUUUNS","10.1109/tmech.2007.897277","Murphy","2007","Waalbot: An Agile Small-Scale Wall-Climbing Robot Utilizing Dry Elastomer Adhesives","Climbing Robot Using Adhesion","groups/735051"
"NSVTZSRM","10.1109/robio.2004.1521817","Menon","2004","Gecko Inspired Surface Climbing Robots","Climbing Robot Using Adhesion;Revision","groups/735051"
"YTURVSRE","","","","The reliability and validity of the Q-angle: a systematic review. - PubMed - NCBI","Steele Thesis","groups/735051"
"QRH64VQK","","Dharmawan","2018","A Bio-Inspired Miniature Climbing Robot With Bilayer Dry Adhesives: Design, Modeling, and Experimentation","Climbing Robot Using Adhesion","groups/735051"
"7I5SLZWV","10.3390/app8010014","Jiang","2017","Grasping Claws of Bionic Climbing Robot for Rough Wall Surface: Modeling and Analysis","Cimbing Robot Using Microspines","groups/735051"
"BBA6SNF2","10.1109/robot.2008.4543675","Aksak","2008","Gecko inspired micro-fibrillar adhesives for wall climbing robots on micro/nanoscale rough surfaces","Climbing Robot Using Adhesion;Revision","groups/735051"
"6C4HEZ3Z","10.3109/10929080802594563","Anglin","2008","In vivo patellar kinematics during total knee arthroplasty","Steele TAROS18;Steele ASME","groups/735051"
"JNUH7XQH","10.5772/5498","K.","2007","Climbing Service Robots for Improving Safety in Building Maintenance Industry","Climbing Robots","groups/735051"
"MSMCM4XU","10.1007/s41315-017-0028-4","Li","2017","Wall-climbing robot for non-destructive evaluation using impact-echo and metric learning SVM","Climbing Robots","groups/735051"
"SF4BPUDY","10.1109/lra.2018.2856366","Ruffatto","2018","Long-Duration Surface Anchoring With a Hybrid Electrostatic and Gecko-Inspired Adhesive","Climbing Robots","groups/735051"
"4L4AWI2P","10.21817/ijet/2016/v8i5/160805418","G.","2016","Modelling and Realization of Pneumatics based Wall Climbing Robot for Inspection Applications","Climbing Robots","groups/735051"
"EDBYGE65","10.1109/intellisys.2015.7361153","Howlader","2015","Novel adhesion mechanism and design parameters for concrete wall-climbing robot","Climbing Robots","groups/735051"
"QP4E3AP6","10.1177/1729881416666777","Xu","2016","A rough concrete wall-climbing robot based on grasping claws: Mechanical design, analysis and laboratory experiments","Climbing Robots","groups/735051"
"B3H946VC","","Hilts","2018","A Dynamic Neural Network Designed Using Analytical Methods Produces Dynamic Control Properties Similar to an Analogous Classical Controller","LM19;Hunt Lab;Manuscript","groups/735051"
"ZKLZ4VYU","10.3389/fneur.2011.00057","Peterka","2011","Postural Compensation for Unilateral Vestibular Loss","Balance Control","groups/735051"
"YWRWD6XX","10.1242/jeb.042572","Hof","2010","Balance responses to lateral perturbations in human treadmill walking","Balance Control","groups/735051"
"YS3BZW9L","10.1007/s10514-009-9172-5","Maufroy","2010","Integration of posture and rhythmic motion controls in quadrupedal dynamic walking using phase modulations based on leg loading/unloading","Balance Control","groups/735051"
"YFQ5QMHM","10.3389/fncom.2013.00019","de Rugy","2013","Are muscle synergies useful for neural control?","Balance Control","groups/735051"
"XK5HSLIV","10.1109/tnsre.2013.2264920","Bingham","2013","Stability Radius as a Method for Comparing the Dynamics of Neuromechanical Systems","Balance Control","groups/735051"
"WXZ7VLT9","10.1016/j.apmr.2007.11.017","King","2008","Lateral Stepping for Postural Correction in Parkinson’s Disease","Balance Control","groups/735051"
"WVYVNCNX","10.14802/jmd.16062","Takakusaki","2017","Functional Neuroanatomy for Posture and Gait Control","Balance Control","groups/735051"
"WS6KQ2JT","10.1523/jneurosci.3338-09.2009","Chiel","2009","The Brain in Its Body: Motor Control and Sensing in a Biomechanical Context","Challenges;Balance Control","groups/735051"
"W7K9DQAM","10.1016/s0966-6362(99)00032-6","Runge","1999","Ankle and hip postural strategies defined by joint torques","Balance Control","groups/735051"
"VPCSJ5Q2","","Kotina","2011","Active disturbance rejection control for human postural sway","Balance Control","groups/735051"
"VUSQHIAM","10.1523/jneurosci.3338-09.2009","Chiel","2009","The Brain in Its Body: Motor Control and Sensing in a Biomechanical Context","Challenges;Balance Control","groups/735051"
"VTIB9N9X","10.1523/jneurosci.3338-09.2009","Chiel","2009","The Brain in Its Body: Motor Control and Sensing in a Biomechanical Context","Challenges;Balance Control","groups/735051"
"VF4QRCEN","10.1007/s10827-010-0291-y","Kooij","2010","Non-linear stimulus-response behavior of the human stance control system is predicted by optimization of a system with sensory and motor noise","Balance Control","groups/735051"
"VDGFP9MM","10.1109/tnsre.2013.2264920","Bingham","2013","Stability Radius as a Method for Comparing the Dynamics of Neuromechanical Systems","Balance Control","groups/735051"
"V92HA4PW","10.1007/s002210100775","Lackner","2001","Stabilization of posture by precision touch of the index finger with rigid and flexible filaments","Balance Control","groups/735051"
"UNBZ63AN","10.1109/tbme.2009.2031874","Cenciarini","2010","Stiffness and Damping in Postural Control Increase with Age","Balance Control","groups/735051"
"U8USELX5","10.1016/s0966-6362(99)00032-6","Runge","1999","Ankle and hip postural strategies defined by joint torques","Balance Control","groups/735051"
"TVZC7YIL","10.1016/j.brainresrev.2007.06.022","Jankowska","2008","Spinal interneuronal networks in the cat: Elementary components","LM2024;Jubert;Sensory Feedback;Balance Control","groups/735051"
"TQIGY3DA","10.1016/j.celrep.2018.01.009","Murray","2018","Balance Control Mediated by Vestibular Circuits Directing Limb Extension or Antagonist Muscle Co-activation","Balance Control","groups/735051"
"TTIZN7YG","","Atkeson","2015","What Happened at the DARPA Robotics Challenge, and Why?","Balance Control","groups/735051"
"TRLKN9MT","10.1016/s0166-2236(97)01149-1","Chiel","1997","The brain has a body: adaptive behavior emerges from interactions of nervous system, body and environment","Revision;Balance Control","groups/735051"
"TNL7YQ6S","","McIlroy","1993","Task constraints on foot movement and the incidence of compensatory stepping following perturbation of upright stance","Balance Control","groups/735051"
"TNAJ6AFB","10.1016/j.arcontrol.2010.08.001","Mergner","2010","A neurological view on reactive human stance control","Balance Control","groups/735051"
"TL2BLW4I","10.1109/86.750556","Maki","1999","The control of foot placement during compensatory stepping reactions: does speed of response take precedence over stability?","Balance Control","groups/735051"
"TG3PUSY5","10.1007/978-0-387-77064-2_6","Turvey","2009","Nature of Motor Control: Perspectives and Issues","Balance Control","groups/735051"
"T5KUSTV5","10.1152/jn.01142.2006","Hsu","2007","Control and Estimation of Posture During Quiet Stance Depends on Multijoint Coordination","Balance Control","groups/735051"
"SUZ9BL7T","10.3389/fncom.2013.00019","de Rugy","2013","Are muscle synergies useful for neural control?","Balance Control","groups/735051"
"SS5AVFDZ","10.1016/0167-9457(94)00048-j","Assaiante","1995","An ontogenetic model for the sensorimotor organization of balance control in humans","Balance Control","groups/735051"
"SE9W224M","10.3389/fncom.2013.00019","de Rugy","2013","Are muscle synergies useful for neural control?","Balance Control","groups/735051"
"RZYMKBMZ","10.1016/s0926-6410(02)00071-x","Oie","2002","Multisensory fusion: simultaneous re-weighting of vision and touch for the control of human posture","Balance Control","groups/735051"
"RAZNWRUE","10.1523/jneurosci.3338-09.2009","Chiel","2009","The Brain in Its Body: Motor Control and Sensing in a Biomechanical Context","Challenges;Balance Control","groups/735051"
"R97KZA5M","10.1152/jn.90934.2008","Karayannidou","2009","Maintenance of Lateral Stability During Standing and Walking in the Cat","Bipedal balance control;Balance Control","groups/735051"
"QLP8E7TU","10.1109/tnsre.2013.2264920","Bingham","2013","Stability Radius as a Method for Comparing the Dynamics of Neuromechanical Systems","Balance Control","groups/735051"
"QKPJ3M78","10.1007/s00221-009-2054-4","Green","2009","Internal models and neural computation in the vestibular system","Balance Control","groups/735051"
"Q64AGUXY","","Prochazka","1999","Quantifying proprioception","ToRead;LM2024;Jubert;Fall 22;Local Feedback;Animal Data;Balance Control","groups/735051"
"PXJ3J6M5","10.1113/jphysiol.2004.076307","Loram","2005","Human postural sway results from frequent, ballistic bias impulses by soleus and gastrocnemius","Balance Control","groups/735051"
"PKWKYQV5","10.1177/1054773811414180","Quigley","2012","Incidence and Cost of Serious Fall-Related Injuries in Nursing Homes","Balance Control","groups/735051"
"P2QUKGCC","10.1007/s00221-010-2166-x","Tjernström","2010","Postural control and adaptation are influenced by preceding postural challenges","Balance Control","groups/735051"
"NDHIWJEK","10.1109/tnsre.2013.2264920","Bingham","2013","Stability Radius as a Method for Comparing the Dynamics of Neuromechanical Systems","Balance Control","groups/735051"
"MU2UQ2NA","","Mahboobin","2008","Sensory adaptation in human balance control: lessons for biomimetic robotic bipeds","Balance Control","groups/735051"
"LGSK8XDB","10.1113/jphysiol.2004.062398","Loram","2004","Paradoxical muscle movement in human standing","Balance Control","groups/735051"
"LCNSCYMA","","Maki","2003","Change-in-support reactions for balance recovery","Balance Control","groups/735051"
"KQBCNALU","10.1152/physiol.00034.2015","Peterson","2016","Neural Control of Walking in People with Parkinsonism","Balance Control","groups/735051"
"KIYJQRGE","10.3389/fncom.2013.00019","de Rugy","2013","Are muscle synergies useful for neural control?","Balance Control","groups/735051"
"KEPTLWLN","","Horak","1986","Central programming of postural movements: adaptation to altered support-surface configurations","Balance Control","groups/735051"
"JZR575PB","10.1109/robio.2017.8324592","Kaminishi","2017","Proprioceptive postural control of a musculoskeletal model against horizontal disturbances","Balance Control","groups/735051"
"JS2L2XQ6","10.1523/jneurosci.3338-09.2009","Chiel","2009","The Brain in Its Body: Motor Control and Sensing in a Biomechanical Context","Challenges;Balance Control","groups/735051"
"JRU8SCBY","10.1016/j.jtbi.2012.06.019","Suzuki","2012","Intermittent control with ankle, hip, and mixed strategies during quiet standing: A theoretical proposal based on a double inverted pendulum model","Balance Control","groups/735051"
"JPF8PNI7","10.1136/ip.2005.011015","Stevens","2006","The costs of fatal and non-fatal falls among older adults","Balance Control","groups/735051"
"IS79PGKA","10.1016/s0966-6362(99)00013-2","McIlroy","1999","The control of lateral stability during rapid stepping reactions evoked by antero-posterior perturbation: does anticipatory control play a role?","Balance Control","groups/735051"
"IASF5P3L","10.1088/1741-2560/2/3/s07","Kuo","2005","An optimal state estimation model of sensory integration in human postural balance","Balance Control","groups/735051"
"HR7TNEST","10.3389/fncom.2013.00019","de Rugy","2013","Are muscle synergies useful for neural control?","Balance Control","groups/735051"
"HLKLQUHJ","10.1109/tnsre.2013.2264920","Bingham","2013","Stability Radius as a Method for Comparing the Dynamics of Neuromechanical Systems","Balance Control","groups/735051"
"HDWS639Q","10.1016/j.jbiomech.2016.11.059","Rebula","","The Stabilizing Properties of Foot Yaw in Human Walking","Balance Control","groups/735051"
"H5K26HTM","10.1523/jneurosci.3338-09.2009","Chiel","2009","The Brain in Its Body: Motor Control and Sensing in a Biomechanical Context","Challenges;Balance Control","groups/735051"
"GXPF5RM7","10.1080/01691864.2016.1266095","Jiang","2017","A postural control model incorporating multisensory inputs for maintaining a musculoskeletal model in a stance posture","Balance Control","groups/735051"
"GZV2X5X2","","Maurer","2000","Vestibular, visual, and somatosensory contributions to human control of upright stance","Balance Control","groups/735051"
"GNCHHVDF","","Newton","1982","Joint Receptor Contributions to Reflexive and Kinesthetic Responses","Balance Control","groups/735051"
"GGI2IYZF","10.1016/j.brainresrev.2007.06.022","Jankowska","2008","Spinal interneuronal networks in the cat: Elementary components","LM2024;Jubert;Sensory Feedback;Balance Control","groups/735051"
"FUAZFN62","10.1152/jn.00856.2004","Cenciarini","2006","Stimulus-Dependent Changes in the Vestibular Contribution to Human Postural Control","Balance Control","groups/735051"
"GDQ34NIS","","Menz","2003","Age-related differences in walking stability","Balance Control","groups/735051"
"FYWM4QKF","10.3389/fncom.2013.00019","de Rugy","2013","Are muscle synergies useful for neural control?","Balance Control","groups/735051"
"FL9EWFJP","10.1007/s00221-009-1995-y","Van Ooteghem","2009","Practice-related improvements in posture control differ between young and older adults exposed to continuous, variable amplitude oscillations of the support surface","Balance Control","groups/735051"
"F75NXR9I","10.1007/s00221-003-1674-3","Park","2003","Postural feedback responses scale with biomechanical constraints in human standing","Balance Control","groups/735051"
"EXBUEKTI","10.1038/s41598-018-21018-4","Santuz","2018","Challenging human locomotion: stability and modular organisation in unsteady conditions","Balance Control","groups/735051"
"ENZSCIEU","10.1080/01691864.2016.1252690","Takakusaki","2017","Neural substrates involved in the control of posture","Balance Control","groups/735051"
"ETZBYUYY","","Prochazka","1999","Quantifying proprioception","ToRead;LM2024;Jubert;Fall 22;Local Feedback;Animal Data;Balance Control","groups/735051"
"EI25GU4W","10.1016/s0966-6362(01)00175-8","Tjernström","2002","Adaptation of postural control to perturbations—a process that initiates long-term motor memory","Balance Control","groups/735051"
"E4UBJVLA","","Spyropoulou","2014","Disentangling the underlying systems involved in standing balance using system identification techniques | TU Delft Repositories","Balance Control","groups/735051"
"DH6VKTNW","10.1523/jneurosci.3338-09.2009","Chiel","2009","The Brain in Its Body: Motor Control and Sensing in a Biomechanical Context","Challenges;Balance Control","groups/735051"
"C874ZY2X","","Gao","2006","Active disturbance rejection control: a paradigm shift in feedback control system design","Balance Control","groups/735051"
"C589V3C4","","Jeka","1997","Light Touch Contact as a Balance Aid","Balance Control","groups/735051"
"C5IWXENG","10.1152/jn.00127.2016","Afschrift","2016","Mechanical effort predicts the selection of ankle over hip strategies in nonstepping postural responses","Bipedal balance control;Balance Control","groups/735051"
"C58YLIJW","10.1016/j.neulet.2004.11.071","Creath","2005","A unified view of quiet and perturbed stance: simultaneous co-existing excitable modes","Balance Control","groups/735051"
"C2G5K3UF","10.1523/jneurosci.3338-09.2009","Chiel","2009","The Brain in Its Body: Motor Control and Sensing in a Biomechanical Context","Challenges;Balance Control","groups/735051"
"BUZWWMCW","","Lee","1975","Visual proprioceptive control of stance","Balance Control","groups/735051"
"BVLSZZ77","10.1109/tnsre.2013.2264920","Bingham","2013","Stability Radius as a Method for Comparing the Dynamics of Neuromechanical Systems","Balance Control","groups/735051"
"AZ4BVX9L","10.1152/jn.01272.2007","Kiemel","2008","Identification of the Plant for Upright Stance in Humans: Multiple Movement Patterns From a Single Neural Strategy","Balance Control","groups/735051"
"ADJXBNKT","10.3389/fncom.2013.00019","de Rugy","2013","Are muscle synergies useful for neural control?","Balance Control","groups/735051"
"A55FPUVT","10.1007/s11517-009-0477-5","Mahboobin","2009","A mechanism for sensory re-weighting in postural control","Balance Control","groups/735051"
"9TXDW9D8","","Stephens","2010","Dynamic balance force control for compliant humanoid robots","Balance Control","groups/735051"
"9MBIHIP4","","Diener","1988","Influence of stimulus parameters on human postural responses","Balance Control","groups/735051"
"9BCVA26S","10.1016/j.jbiomech.2016.08.007","Versteeg","2016","Hip and ankle responses for reactive balance emerge from varying priorities to reduce effort and kinematic excursion: A simulation study","Balance Control","groups/735051"
"8CQ3M8XG","10.1109/tnsre.2013.2264920","Bingham","2013","Stability Radius as a Method for Comparing the Dynamics of Neuromechanical Systems","Balance Control","groups/735051"
"83KRFD7G","10.1152/jn.00669.2013","Assländer","2014","Sensory reweighting dynamics in human postural control","Bipedal balance control;Balance Control","groups/735051"
"7WHAFE9X","10.1371/journal.pone.0126379","Kilby","2015","Models of Postural Control: Shared Variance in Joint and COM Motions","Balance Control","groups/735051"
"5FED8HRK","10.1016/j.brainresrev.2007.06.017","Deliagina","2008","Spinal and supraspinal postural networks","Balance Control","groups/735051"
"3F7L4NW6","","Tjernström","2009","Adaptation and learning in postural control","Balance Control","groups/735051"
"3TFPUSYC","10.1007/s004220050527","Kooij","1998","A multisensory integration model of human stance control","Balance Control","groups/735051"
"3EKERQPC","10.1371/journal.pone.0144529","Freyler","2015","Reactive Balance Control in Response to Perturbation in Unilateral Stance: Interaction Effects of Direction, Displacement and Velocity on Compensatory Neuromuscular and Kinematic Responses","Balance Control","groups/735051"
"2S9GIPAU","10.1109/tnsre.2013.2264920","Bingham","2013","Stability Radius as a Method for Comparing the Dynamics of Neuromechanical Systems","Balance Control","groups/735051"
"2URIN5DC","10.1016/j.neures.2015.12.002","Chiba","2016","Human upright posture control models based on multisensory inputs; in fast and slow dynamics","Bipedal balance control;Balance Control","groups/735051"
"2RJB77VQ","10.1152/jn.00916.2009","Goodworth","2010","Influence of Stance Width on Frontal Plane Postural Dynamics and Coordination in Human Balance Control","Balance Control","groups/735051"
"2QDJKRTJ","10.3389/fnagi.2014.00028","Papegaaij","2014","Aging causes a reorganization of cortical and spinal control of posture","Balance Control","groups/735051"
"4X9TWQF2","10.1109/lra.2018.2792688","Glick","2018","A Soft Robotic Gripper With Gecko-Inspired Adhesive","Climbing Robots","groups/735051"
"5KGW9ANL","10.1088/1748-3182/8/2/026002","Azizi","2013","Variable gearing in a biologically inspired pneumatic actuator array","Steele TAROS18","groups/735051"
"G3AHSMQM","10.1007/978-3-319-95972-6_48","Vouloutsi","2018","Braided Pneumatic Actuators as a Variable Stiffness Approximation of Synovial Joints","Steele LM18","groups/735051"
"5JNY38KM","10.1007/978-3-319-96728-8_8","Giuliani","2018","Biomimetic Knee Design to Improve Joint Torque and Life for Bipedal Robotics","Steele TAROS18","groups/735051"
"HQL7F79F","","Steele","2018","Braided Pneumatic Actuators as a Variable Stiffness Approximation of Synovial Joints","Steele LM18;Hunt Lab;Steele ASME;NSF26 - Stability and Speed","groups/735051"
"XSDJRZMI","10.1007/978-1-4939-3267-2_12","Bondy","2016","Control of Cat Walking and Paw-Shake by a Multifunctional Central Pattern Generator","Synergies","groups/735051"
"R5WDQH4V","10.1016/j.conb.2009.09.002","Tresch","2009","The case for and against muscle synergies","Synergies;Prospectus;Manuel papers;Ben & Connor Neuro Project;Sensory Feedback","groups/735051"
"E3YEGMDL","10.1016/j.conb.2009.09.002","Tresch","2009","The case for and against muscle synergies","Synergies;Prospectus;Manuel papers;Ben & Connor Neuro Project;Sensory Feedback","groups/735051"
"WFELLV96","10.1152/jn.00681.2004","Ting","2005","A Limited Set of Muscle Synergies for Force Control During a Postural Task","Synergies;Bipedal balance control;Balance","groups/735051"
"UKWTYNXN","10.1152/jn.00681.2004","Ting","2005","A Limited Set of Muscle Synergies for Force Control During a Postural Task","Synergies;Bipedal balance control;Balance","groups/735051"
"UFAPJS9Z","10.1152/jn.00810.2005","Torres-Oviedo","2006","Muscle Synergy Organization Is Robust Across a Variety of Postural Perturbations","Synergies;Balance","groups/735051"
"P7D72D2R","10.1152/jn.00810.2005","Torres-Oviedo","2006","Muscle Synergy Organization Is Robust Across a Variety of Postural Perturbations","Synergies;Balance","groups/735051"
"MYMEJIDJ","10.1152/jn.00681.2004","Ting","2005","A Limited Set of Muscle Synergies for Force Control During a Postural Task","Synergies;Bipedal balance control;Balance","groups/735051"
"CJ3PCZPI","10.1152/jn.00681.2004","Ting","2005","A Limited Set of Muscle Synergies for Force Control During a Postural Task","Synergies;Bipedal balance control;Balance","groups/735051"
"A9X2MY7A","10.1152/jn.00960.2009","Torres-Oviedo","2010","Subject-Specific Muscle Synergies in Human Balance Control Are Consistent Across Different Biomechanical Contexts","Synergies;Balance","groups/735051"
"TKEJTZGX","10.1371/journal.pcbi.1002465","McKay","2012","Optimization of Muscle Activity for Task-Level Goals Predicts Complex Changes in Limb Forces across Biomechanical Contexts","Synergies;Balance","groups/735051"
"CNLG938Z","10.1371/journal.pcbi.1002465","McKay","2012","Optimization of Muscle Activity for Task-Level Goals Predicts Complex Changes in Limb Forces across Biomechanical Contexts","Synergies;Balance","groups/735051"
"T7PEPB8I","","Steele","","Biomimetic Knee Design to Improve Joint Torque and Life for Bipedal Robotics","Steele TAROS18","groups/735051"
"HEDIRIF6","10.1016/j.mporth.2016.04.015","Brockett","2016","Biomechanics of the ankle","Steele Thesis;Steele ASME","groups/735051"
"FE72U4WC","10.1002/jmri.25526","Ripley","2017","3D printing from MRI Data: Harnessing strengths and minimizing weaknesses","Steele Thesis","groups/735051"
"5NYGCZPG","10.1371/journal.pone.0178540","Bücking","2017","From medical imaging data to 3D printed anatomical models","Steele Thesis;Steele ASME","groups/735051"
"KG5S9W5R","10.1080/03093640802016514","Deans","2008","Physical activity and quality of life: A study of a lower-limb amputee population","Steele Thesis","groups/735051"
"7G4Z5BEL","10.1177/0309364610397087","Sinha","2011","Factors affecting quality of life in lower limb amputees","Steele Thesis","groups/735051"
"LTCS2PHV","10.1016/s0021-9290(05)80008-9","Scott","1993","Biomechanical model of the human foot: Kinematics and kinetics during the stance phase of walking","Steele Thesis","groups/735051"
"DDGUCKH6","10.1177/03635465990270050701","Kaufman","1999","The Effect of Foot Structure and Range of Motion on Musculoskeletal Overuse Injuries","Steele Thesis","groups/735051"
"JFR22B6V","10.1115/1.1318904","Gefen","2000","Biomechanical Analysis of the Three-Dimensional Foot Structure During Gait: A Basic Tool for Clinical Applications","Steele Thesis","groups/735051"
"2BBDSIFL","10.1115/1.4029705","Krishnan","2015","Kinematics of a Generalized Class of Pneumatic Artificial Muscles","Steele LM18","groups/735051"
"YBL8AWSA","10.1109/acc.2005.1470036","Hildebrandt","2005","Cascaded control concept of a robot with two degrees of freedom driven by four artificial pneumatic muscle actuators","Steele LM18","groups/735051"
"B4BLMG6H","10.3390/act6040033","Martens","2017","Modeling the Static Force of a Festo Pneumatic Muscle Actuator: A New Approach and a Comparison to Existing Models","Steele LM18","groups/735051"
"C39XZBKV","10.3201/eid1902.120312","Tognotti","2013","Lessons from the History of Quarantine, from Plague to Influenza A","","groups/735051"
"IWQZJNGI","10.1016/j.robot.2017.10.010","Al-Fahaam","2018","The design and mathematical modelling of novel extensor bending pneumatic artificial muscles (EBPAMs) for soft exoskeletons","Steele LM18","groups/735051"
"YFCVX82L","10.1007/bf00384690","Horn","1988","Strength and stiffness of a reinforced flexible hose","Steele LM18","groups/735051"
"F22DHMYY","10.3389/fninf.2013.00048","Bekolay","2014","Nengo: a Python tool for building large-scale functional brain models","Deep ROA BO;FSA_Extensions;Manuscript;Hilts IROS18","groups/735051"
"9UXJCNM7","10.1114/1.1554921","Reynolds","2003","Modeling the Dynamic Characteristics of Pneumatic Muscle","LM19;BPA;Manuscript;Manuscript","groups/735051"
"GQNJAS6E","10.1089/soro.2016.0044","Al Abeach","2017","Design of a Variable Stiffness Soft Dexterous Gripper","BPA","groups/735051"
"KNA9UL6M","10.1016/j.mechatronics.2008.02.006","Zhang","2008","Modeling and control of a curved pneumatic muscle actuator for wearable elbow exoskeleton","Steele LM18;BPA;Winter 2023","groups/735051"
"6GECIGM3","10.3390/act6040032","Al-Ibadi","2017","Efficient Structure-Based Models for the McKibben Contraction Pneumatic Muscle Actuator: The Full Description of the Behaviour of the Contraction PMA","Steele LM18","groups/735051"
"4KPHCIXT","10.1109/tro.2015.2428504","Polygerinos","2015","Modeling of Soft Fiber-Reinforced Bending Actuators","Steele LM18","groups/735051"
"8RY5U4SS","10.1016/j.jbiomech.2010.01.010","Anderson","2010","Effects of Idealized Joint Geometry on Finite Element Predictions of Cartilage Contact Stresses in the Hip","Steele LM18","groups/735051"
"SCPBDL8Y","10.1371/journal.pone.0149480","Hartel","2016","Determination of Femoral Neck Angle and Torsion Angle Utilizing a Novel Three-Dimensional Modeling and Analytical Technology Based on CT Datasets","Steele LM18;Steele ASME","groups/735051"
"5TX436KS","10.1109/embc.2016.7592105","Wu","2016","Hip joint geometry effects on cartilage contact stresses during a gait cycle","Steele LM18;Steele ASME","groups/735051"
"XWTZNRXQ","","Kazemi","2016","Effects of Hip Geometry on Fracture Patterns of Proximal Femur","Steele LM18;Steele ASME","groups/735051"
"3WZVIE8X","10.1016/j.otsr.2011.08.015","Kouyoumdjian","2012","Clinical evaluation of hip joint rotation range of motion in adults","Steele LM18;Steele ASME","groups/735051"
"RKXK8ZXF","10.1111/j.1365-2516.2010.02399.x","Soucie","2011","Range of motion measurements - Reference values and a database for comparison studies","Steele LM18;Steele ASME","groups/735051"
"WAHMIGTF","10.3109/17453678208992202","Roaas","1982","Normal Range of Motion of the Hip, Knee and Ankle Joints in Male Subjects, 30–40 Years of Age","Steele LM18;Steele ASME","groups/735051"
"W7R876E4","10.1007/bfb0035216","Khatib","1997","Stiffness isn't everything","Steele LM18","groups/735051"
"NVRYUZG6","10.1098/rspb.2006.3637","Geyer","2006","Compliant leg behaviour explains basic dynamics of walking and running","Steele LM18","groups/735051"
"FGD6FCQY","10.1109/robot.2007.364088","Iida","2007","Bipedal Walking and Running with Compliant Legs","Steele LM18","groups/735051"
"NCCEITEF","10.1109/robot.2005.1570404","Collins","2005","A Bipedal Walking Robot with Efficient and Human-Like Gait","Steele LM18;Steele ASME","groups/735051"
"M3ZSL57P","10.1088/1748-3182/7/4/041001","Zhou","2012","A survey of bio-inspired compliant legged robot designs","Steele LM18","groups/735051"
"U4YVGHZJ","10.1016/j.robot.2007.12.001","Iida","2009","Toward a human-like biped robot with compliant legs","Steele LM18","groups/735051"
"3ETVUWBW","10.1113/jp271137","Sakanaka","2016","Sway-dependent changes in standing ankle stiffness caused by muscle thixotropy: Sway history and intrinsic ankle stiffness","Steele LM18","groups/735051"
"D39TJU69","10.1109/embc.2015.7319940","Guarin","2015","Time-varying identification of ankle dynamic joint stiffness during movement with constant muscle activation","Steele LM18","groups/735051"
"MFMXU9E7","10.1109/iscas.2015.7169245","Corradi","2015","Decision making and perceptual bistability in spike-based neuromorphic VLSI systems","Hilts IROS18","groups/735051"
"QD8XJ6KQ","10.1109/ropec.2013.6702715","Franco","2013","Event-based image processing using a neuromorphic vision sensor","Hilts IROS18","groups/735051"
"Z9KG78SN","10.1109/tie.2014.2356439","Chu","2015","Neuromorphic Hardware System for Visual Pattern Recognition With Memristor Array and CMOS Neuron","Hilts IROS18","groups/735051"
"YBWP5DPH","","Schuman","2017","A Survey of Neuromorphic Computing and Neural Networks in Hardware","Hilts IROS18","groups/735051"
"J9EAEAIZ","10.1302/0301-620x.97b4.34638","van Arkel","2015","The capsular ligaments provide more hip rotational restraint than the acetabular labrum and the ligamentum teres: an experimental study","Steele LM18","groups/735051"
"LYAE2TI2","10.1109/embc.2017.8036765","Amiri","2017","Ankle intrinsic stiffness is modulated by postural sway","Steele LM18;Steele ASME","groups/735051"
"GIHKUMXM","10.1504/ijecb.2015.067681","Chitsazan","2015","Assessment of stress distribution in ankle joint: simultaneous application of experimental and finite element methods","Steele LM18","groups/735051"
"JEZG9Y23","10.1016/0021-9290(78)90010-6","Gottlieb","1978","Dependence of human ankle compliance on joint angle","Steele LM18;Steele ASME","groups/735051"
"RTXR9XZY","10.1002/jor.21435","Elkins","2011","The capsule's contribution to total hip construct stability - A finite element analysis","Steele LM18","groups/735051"
"JDSPYRCK","10.1016/j.arthro.2007.08.024","Martin","2008","The Function of the Hip Capsular Ligaments: A Quantitative Report","Steele LM18","groups/735051"
"YVZYTY5H","10.1016/s0021-9290(02)00091-x","Stewart","2002","Spatial distribution of hip capsule structural and material properties","Steele LM18","groups/735051"
"T7P8RDHF","10.1016/s0736-0266(00)00035-8","Hewitt","2001","Regional material properties of the human hip joint capsule ligaments","Steele LM18","groups/735051"
"M5BEDIYG","10.1109/icuas.2016.7502575","Smith","2016","Disturbance observer based control for gust alleviation of a small fixed-wing UAS","Turbulence","groups/735051"
"UIJZYCNW","10.1109/metroaerospace.2014.6865909","Marino","2014","Unsteady pressure measurements on a MAV wing for the design of a turbulence mitigation system","Turbulence","groups/735051"
"ZE3XR8A5","10.1017/s0001924000003973","Watkins","2010","An overview of experiments on the dynamic sensitivity of MAVs to turbulence","Turbulence","groups/735051"
"ZK5ZH69M","10.1088/1748-3182/5/4/045007","Grant","2010","Design and analysis of biomimetic joints for morphing of micro air vehicles","Biomechanics;Flight;Turbulence","groups/735051"
"YJYDJI2T","10.1016/j.paerosci.2014.06.001","Mohamed","2014","Fixed-wing MAV attitude stability in atmospheric turbulence, part 1: Suitability of conventional sensors","Sensors;Flight;Turbulence","groups/735051"
"X9PHS23F","","Watkins","2013","The Turbulent Flight Environment Close to the Ground and Its Effects on Fixed and Flapping Wings at Low Reynolds Number","Turbulence","groups/735051"
"VMAWTG38","","Brown","1993","Airflow Sensors in the Avian Wing","Turbulence","groups/735051"
"VGE7ZAKC","10.1152/jn.01145.2015","Assländer","2016","Sensory reweighting dynamics following removal and addition of visual and proprioceptive cues","Hilts IROS18;Turbulence;Balance Control","groups/735051"
"UCJW4FSM","10.1152/jn.00261.2016","Sterbing-D'Angelo","2017","Functional role of airflow-sensing hairs on the bat wing","Challenges;Turbulence","groups/735051"
"TB6UNXDB","10.1109/icra.2016.7487491","Ramezani","2016","Bat Bot (B2), a biologically inspired flying machine","Robotics\Planes;Turbulence","groups/735051"
"SMST6XTR","10.1016/j.jinsphys.2009.10.007","Ai","2010","Vibration receptive sensilla on the wing margins of the silkworm moth Bombyx mori","Biomechanics;Flight;Turbulence","groups/735051"
"RQYD2U4C","10.5028/jatm.v8i1.564","Aldheeb","2016","A Review on Aerodynamics of Non-Flapping Bird Wings","Turbulence","groups/735051"
"Q29GJ9D2","10.1098/rsif.2017.0240","Chin","2017","Inspiration for wing design: how forelimb specialization enables active flight in modern vertebrates","Turbulence","groups/735051"
"PS8UNCTL","10.1002/(sici)1097-0029(19960701)34:4<313::aid-jemt4>3.0.co;2-p","Saxod","1996","Ontogeny of the cutaneous sensory organs","Turbulence","groups/735051"
"PYNYXQD5","10.1073/pnas.1018740108","Sterbing-D'Angelo","2011","Bat wing sensors support flight control","Turbulence","groups/735051"
"PGCNWK2Z","10.1139/cjz-2015-0103","Altshuler","2015","The biophysics of bird flight: functional relationships integrate aerodynamics, morphology, kinematics, muscles, and sensors","Turbulence","groups/735051"
"MVKJDKYS","10.1139/cjz-2015-0103","Altshuler","2015","The biophysics of bird flight: functional relationships integrate aerodynamics, morphology, kinematics, muscles, and sensors","Turbulence","groups/735051"
"LJSBKRD3","10.1155/2013/587098","Wang","2013","Attitude and Altitude Controller Design for Quad-Rotor Type MAVs","Sensors;Flight;Turbulence","groups/735051"
"LJ6RU2NU","10.1098/rsif.2014.0645","Reynolds","2014","Wing tucks are a response to atmospheric turbulence in the soaring flight of the steppe eagle Aquila nipalensis","Turbulence","groups/735051"
"JWZ8HFXI","10.1088/1748-3182/7/3/036006","Colorado","2012","Biomechanics of smart wings in a bat robot: morphing wings using SMA actuators","Biomechanics;Flight;Turbulence","groups/735051"
"JX9W9UF7","10.1098/rsfs.2016.0092","Luca","2017","Bioinspired morphing wings for extended flight envelope and roll control of small drones","Biomechanics;Flight;Turbulence","groups/735051"
"IAJRD3WZ","10.1109/mim.2004.1337909","Zbikowski","2004","Sensor-rich feedback control: a new paradigm for flight control inspired by insect agility","Sensors;Flight;Turbulence","groups/735051"
"HSHFMUTM","10.1016/s0006-8993(97)00253-9","Wild","1997","The avian somatosensory system: The pathway from wing to Wulst in a passerine (Chloris chloris)","Turbulence","groups/735051"
"DNDVWDK7","10.1016/j.paerosci.2013.12.003","Mohamed","2014","The attitude control of fixed-wing MAVS in turbulent environments","Biomechanics;Flight;Turbulence","groups/735051"
"DBKX7IUV","10.1016/j.paerosci.2014.06.002","Mohamed","2014","Fixed-wing MAV attitude stability in atmospheric turbulence—Part 2: Investigating biologically-inspired sensors","Sensors;Flight;Turbulence","groups/735051"
"D266R3ZA","10.1016/j.jtbi.2008.06.011","Riskin","2008","Quantifying the complexity of bat wing kinematics","Turbulence","groups/735051"
"CDV9CJ9Q","10.1038/nature05733","Lentink","2007","How swifts control their glide performance with morphing wings","Biomechanics;Flight;Turbulence","groups/735051"
"7TQY7WUT","10.1002/rob.21626","Mohamed","2016","Development and Flight Testing of a Turbulence Mitigation System for Micro Air Vehicles","Sensors;Flight;Turbulence","groups/735051"
"5TEFPJWN","10.1088/1741-2560/13/5/051001","Furber","2016","Large-scale neuromorphic computing systems","Turbulence","groups/735051"
"378DE6Y3","10.1016/j.celrep.2015.04.001","Marshall","2015","Somatosensory Substrates of Flight Control in Bats","Turbulence","groups/735051"
"452QGV7P","10.1016/s0006-8993(97)00253-9","Wild","1997","The avian somatosensory system: The pathway from wing to Wulst in a passerine (Chloris chloris)","Turbulence","groups/735051"
"24VVJ37P","10.1109/iciev.2013.6572698","Argentim","2013","PID, LQR and LQR-PID on a quadcopter platform","Robotics\Planes;Flight;Turbulence","groups/735051"
"2ZUAEB6J","10.1002/ajpa.22636","Griffin","2015","Understanding the evolution of the windlass mechanism of the human foot from comparative anatomy: Insights, obstacles, and future directions","Steele Thesis","groups/735051"
"NDE5PY3M","10.1016/j.maturitas.2014.07.019","Tomassoni","2014","Gender and age related differences in foot morphology","Steele Thesis","groups/735051"
"6DITYICY","10.1016/j.jbiomech.2014.06.010","Van den Herrewegen","2014","Dynamic 3D scanning as a markerless method to calculate multi-segment foot kinematics during stance phase: Methodology and first application","Steele Thesis","groups/735051"
"8HFS3PRX","10.1186/1757-1146-7-8","Leardini","2014","Biomechanics of the natural, arthritic, and replaced human ankle joint","Steele Thesis","groups/735051"
"V6NYF7YN","10.1007/s00167-016-4059-4","Golanó","2016","Anatomy of the ankle ligaments: a pictorial essay","Steele Thesis","groups/735051"
"7IH4D856","10.1177/107110079801901109","Milner","1998","Anatomy of the Collateral Ligaments of the Human Ankle Joint","Steele Thesis;Steele ASME","groups/735051"
"MKWEC67T","10.1016/j.clinbiomech.2005.09.004","Monaghan","2006","Ankle function during gait in patients with chronic ankle instability compared to controls","Steele Thesis","groups/735051"
"4FHFKIQS","","Hodge","1986","Contact pressures in the human hip joint measured in vivo","Steele Thesis;Steele ASME","groups/735051"
"NWDMR3ED","","Wang","2004","Gender Differences in Hip Anatomy: Possible Implications for Injury Tolerance in Frontal Collisions","Steele Thesis","groups/735051"
"J22TZ98P","10.6028/nist.ir.8059","Forster","2015","Materials Testing Standards for Additive Manufacturing of Polymer Materials","Steele Thesis","groups/735051"
"X25JM4HH","","Harty","1984","The Anatomy of the Hip Joint","Steele Thesis;Steele ASME","groups/735051"
"38QGMYR2","10.1590/1413-78522014220600451","Sanchez","2014","Evaluation of Q angle in differents static postures","Steele Thesis;Steele ASME","groups/735051"
"AJ7V78S6","07101/aim.007","Emami","2007","Q-angle: An Invaluable Parameter for Evaluation of Anterior Knee Pain","Steele Thesis;Steele ASME","groups/735051"
"MECRNH6U","10.1007/s11999-010-1334-4","Kamath","2010","What is Varus or Valgus Knee Alignment? A Call for a Uniform Radiographic Classification","Steele Thesis","groups/735051"
"LT8ZW93G","","Shahane","1998","The popliteofibular ligament - An anatomical study of the posterolateral corner of the knee.","Steele Thesis","groups/735051"
"4LVTV9PJ","10.1177/0363546514562751","Parsons","2015","The Biomechanical Function of the Anterolateral Ligament of the Knee","Steele Thesis","groups/735051"
"Z33G58UM","10.1080/13873954.2010.507094","Reichl","2010","Reconstructing the knee joint mechanism from kinematic data","Steele Thesis;Steele ASME","groups/735051"
"MW8IQLTL","10.1115/1.4033480","Lamberto","2016","Modeling the Human Tibiofemoral Joint Using Ex Vivo Determined Compliance Matrices","Steele Thesis;Steele ASME","groups/735051"
"44A8CZFW","10.3390/s17040713","Misgeld","2017","Model-Based Estimation of Ankle Joint Stiffness","Steele Thesis;Steele ASME","groups/735051"
"8UE93Z5W","10.1088/1742-6596/772/1/012027","Crenna","2016","Instantaneous centre of rotation in human motion: measurement and computational issues","Steele Thesis","groups/735051"
"XUQMJNJM","10.1155/2013/717546","Hamai","2013","In Vivo Healthy Knee Kinematics during Dynamic Full Flexion","Steele Thesis;Steele ASME","groups/735051"
"RMK3JANC","10.1126/scirobotics.aaq0899","Asano","2017","Design principles of a human mimetic humanoid: Humanoid platform to study human intelligence and internal body system","Steele Thesis","groups/735051"
"T6JW2LZ5","10.1016/j.jofri.2015.10.004 2212-4780","M.Ford","2015","Computed tomography slice thickness and its effects on three-dimensional reconstruction of anatomical structures","Steele Thesis","groups/735051"
"K9XF248R","10.1007/s11465-014-0306-x","Madeti","2015","Biomechanics of knee joint — A review","Steele Thesis;Steele ASME","groups/735051"
"ZRVTQZ4T","10.3390/jfmk2040034","Abulhasan","2017","Anatomy and Physiology of Knee Stability","Steele Thesis;Steele ASME","groups/735051"
"V9MZ7MNX","10.1111/j.1365-2516.2010.02399.x","Soucie","2011","Range of motion measurements: reference values and a database for comparison studies.","Steele TAROS18","groups/735051"
"GGXJUGJU","10.1016/j.wear.2009.10.014","Mukras","2010","Analysis of planar multibody systems with revolute joint wear","Steele TAROS18","groups/735051"
"UDC8MU3M","","Fox","2012","The Basic Science of the Patella: Structure, Composition, and Function","Steele TAROS18","groups/735051"
"Q2L2INGQ","10.1371/ journal.pone.0115670","Cleather","2014","On the Role of the Patella, ACL and Joint Contact Forces in the Extension of the Knee","Steele TAROS18","groups/735051"
"5I9GG4F2","10.1007/s11517-015-1373-9","Ozada","2016","Biomechanical model of knee collateral ligament injury with six degrees of freedom","Steele TAROS18;Steele ASME","groups/735051"
"MIQ3MUQ9","10.1109/iros.2016.7759335","Kozuki","2016","Skeletal Structure with Artificial Perspiration for Cooling by Latent Heat for Musculoskeletal Humanoid Kengoro","Steele TAROS18;Steele ASME","groups/735051"
"A93U964E","10.1016/j.robot.2013.12.001","Hobon","2014","Quasi optimal sagittal gait of a biped robot with a new structure of knee joint","Steele TAROS18","groups/735051"
"ATGPE5IY","10.1109/aim.2017.8013997","Liu","2017","Design and control of a pneumatic-driven biomimetic knee joint for biped robot","Steele TAROS18","groups/735051"
"YB6M6KZN","10.1109/robio.2011.6181553","Asano","2011","Biomimetic Design of Musculoskeletal Humanoid Knee Joint with Patella and Screw-Home Mechanism","Steele TAROS18;Steele ASME","groups/735051"
"8F8874NU","10.1109/iros.2013.6697025","Asano","2013","Achievement of Twist Squat by Musculoskeletal Humanoid with Screw-Home Mechanism","Steele TAROS18;Steele ASME","groups/735051"
"3S5TZWYM","10.1109/icra.2016.7487517","Pinto","2016","Supersizing self-supervision: Learning to grasp from 50K tries and 700 robot hours","week 7","groups/735051"
"8QEAP27H","10.1109/icra.2017.7989165","Zeng","2017","Multi-view self-supervised deep learning for 6D pose estimation in the Amazon Picking Challenge","week 7","groups/735051"
"ATNBAWTX","","","","Self and Mutual Learning in Robotic Arm, based on Cognitive Systems - Open Access Library","week 7","groups/735051"
"FVRRMNEF","10.1109/robot.1997.620037","Pratt","1997","Virtual model control of a bipedal walking robot","Robot Research","groups/735051"
"UGTNC7MB","10.1109/jsyst.2014.2342292","Savsani","2014","Comparative Study of Different Metaheuristics for the Trajectory Planning of a Robotic Arm","Robot Research;week 7","groups/735051"
"KG4LBIQX","10.1109/robot.2009.5152423","Hoffmann","2009","Biologically-inspired dynamical systems for movement generation: Automatic real-time goal adaptation and obstacle avoidance","Robot Research","groups/735051"
"ZQPMGEFH","","Jain","2013","Learning Trajectory Preferences for Manipulators via Iterative Improvement","Robot Research","groups/735051"
"P2P33WL2","","Singh","2017","Neuron-Based Control Mechanisms for a Robotic Arm and Hand","","groups/735051"
"VJMPTA3H","10.1016/j.procs.2016.04.080","Roy","2016","Trajectory Path Planning of EEG Controlled Robotic Arm Using GA","Robot Research","groups/735051"
"ZTPR4VDT","10.1016/s0921-8890(01)00155-5","Billard","2001","Learning human arm movements by imitation:: Evaluation of a biologically inspired connectionist architecture","Robot Research","groups/735051"
"YR8M5EQG","10.1109/robot.2006.1641977","Arimoto","2006","Human-like movements of robotic arms with redundant DOFs: virtual spring-damper hypothesis to tackle the Bernstein problem","Robot Research","groups/735051"
"TA8EZCS9","10.1109/iros.2006.282591","Kim","2006","Human-like Arm Motion Generation for Humanoid Robots Using Motion Capture Database","Robot Research","groups/735051"
"7P77VCTM","10.1109/robot.2005.1570404","Collins","2005","A Bipedal Walking Robot with Efficient and Human-Like Gait","Robot Research","groups/735051"
"KXTTBKBI","10.1109/amc.2008.4516144","Lombai","2008","Trajectory tracking control of a 6-degree-of-freedom robot arm using nonlinear optimization","Robot Research","groups/735051"
"AKBASI8C","10.1109/icra.2014.6907180","Khatib","2014","SupraPeds: Humanoid contact-supported locomotion for 3D unstructured environments","Robot Research","groups/735051"
"LKNQSTEZ","10.12700/aph.13.1.2016.1.15","Ficuciello","2016","Impedance control of redundant manipulators for safe human-robot collaboration","Robot Research","groups/735051"
"XS2M7GUK","10.1080/00207179.2016.1264630","Satici","2016","Intrinsic dynamics and total energy-shaping control of the ballbot system","Robot Research","groups/735051"
"ZQZ95G66","10.1155/2016/5720163","Almusawi","2016","A New Artificial Neural Network Approach in Solving Inverse Kinematics of Robotic Arm (Denso VP6242)","Robot Research","groups/735051"
"NAPHLUU2","10.1109/ijcnn.2010.5596525","Bouganis","2010","Training a Spiking Neural Network to Control a 4-DoF Robotic Arm based on Spike Timing-Dependent Plasticity","Robot Research","groups/735051"
"S5G6M4AL","10.1109/iecon.1998.723003","Ohishi","1998","Robust motion control with autonomous consideration algorithm of joint torque saturation","Robot Research;Winter 2023","groups/735051"
"QLFBTC2Z","10.1109/humanoids.2015.7363489","Park","2015","Parallel cartesian planning in dynamic environments using constrained trajectory planning","Robot Research","groups/735051"
"WJJBZL2N","10.1007/s00221-017-4890-y","Li","2017","From reaching to reach-to-grasp: the arm posture difference and its implications on human motion control strategy","Robot Research","groups/735051"
"URGWYSV2","10.1007/s10015-004-0334-4","Imajo","2005","Application of a neural network to the generation of a robot arm trajectory","Robot Research","groups/735051"
"UKVP6FG5","10.1186/s12984-017-0266-6","Hunt","2017","Reactive stepping with functional neuromuscular stimulation in response to forward-directed perturbations","MURI24;Hunt Lab","groups/735051"
"WGUTHSQ9","10.1007/978-3-319-63537-8_15","Hilts","2017","Simulation of Human Balance Control Using an Inverted Pendulum Model","Hunt Lab;Turbulence","groups/735051"
"7BJN9TZB","","Steele","","Development of a Bio-inspired Knee Joint Mechanism for a Bipedal Robot","Steele LM17","groups/735051"
"MVBXB5P4","10.1109/iros.2011.6095172","Hunt","2011","A rapidly reconfigurable robot for assistance in urban search and rescue","James;Hunt Lab","groups/735051"
"HRQQI8II","10.1109/iros.2009.5354202","Dunker","2009","A biologically inspired robot for lunar In-Situ Resource Utilization","Hunt Lab","groups/735051"
"XI5GK2CU","10.1109/isfa.2016.7790167","Lonsberry","2016","Predicting the occurance of unstable arc formations in laser hot-wire additive manufacturing","Hunt Lab","groups/735051"
"8ERM7GU5","10.1109/iros.2011.6095172","Hunt","2011","A rapidly reconfigurable robot for assistance in urban search and rescue","Hunt Lab","groups/735051"
"AKUFEV52","10.1109/iros.2009.5354202","Dunker","2009","A biologically inspired robot for lunar In-Situ Resource Utilization","Hunt Lab","groups/735051"
"NH6V3K66","","Buchanan","2004","Neuromusculoskeletal Modeling: Estimation of Muscle Forces and Joint Moments and Movements From Measurements of Neural Command","Muscles;references_Lutz_thesis;Read","groups/735051"
"X8VUXT5K","","Bosco","1997","Representation of Multiple Kinematic Parameters of the Cat Hindlimb in Spinocerebellar Activity","Hilts LM17;Balance Control","groups/735051"
"KBNDBDTF","","Wade","1997","The Role of Vision and Spatial Orientation in the Maintenance of Posture","Hilts LM17;Hilts IROS18;Balance Control","groups/735051"
"MKKG9IJA","10.1152/jn.00516.2003","Peterka","2004","Dynamic Regulation of Sensorimotor Integration in Human Postural Control","Hilts LM17;Hilts IROS18;Balance Control","groups/735051"
"ZXCFMKCF","","Lippi","2013","A bio-inspired modular system for humanoid posture control","Hilts LM17;Hilts IROS18;Balance Control","groups/735051"
"PMND5A45","10.1007/s10514-015-9509-1","Lee","2015","Balancing of humanoid robot using contact force/moment control by task-oriented whole body control framework","Hilts LM17;Balance Control","groups/735051"
"KH4T733U","10.1007/s004220000196","Kooij","2000","An adaptive model of sensory integration in a dynamic environment applied to human stance control","Hilts LM17;Balance Control","groups/735051"
"ECX4233U","10.1093/ageing/afl077","Horak","2006","Postural orientation and equilibrium: what do we need to know about neural control of balance to prevent falls?","Hilts LM17;Balance Control","groups/735051"
"GISAG6GD","10.1093/ageing/afl077","Horak","2006","Postural orientation and equilibrium: what do we need to know about neural control of balance to prevent falls?","Hilts LM17;Balance Control","groups/735051"
"ST4W9UMD","dx.doi.org/10.1016/s0021-9290(98)80015-8","Kavanagh","1998","The influence of slip ratios in contemporary TKR on the wear of ultra-high molecular weight polyethylene (UHMWPE): An experimental view","Steele LM17","groups/735051"
"K3MB4HJH","","Esat","2009","Articular human joint modelling","Steele LM17","groups/735051"
"KH3P9WD8","10.1016/j.mporth.2010.03.005","Masouros","2010","Biomechanics of the knee joint","Steele LM17","groups/735051"
"AG6M5ES6","dx.doi.org/10.1016/s1350-4533(96)00031-8","Ling,","1997","Analytical study on the kinematic and dynamic behaviors of a knee joint","Steele LM17","groups/735051"
"X9S2PFGA","","Schwenke","2005","The influence of slip velocity on wear of total knee arthroplasty","Steele LM17","groups/735051"
"RRQNTIPF","10.1002/ar.21458","Sylvester","2011","The Effective Mechanical Advantage of A.L. 129-1a for Knee Extension","Steele LM17","groups/735051"
"HZCFW6QU","10.1115/1.4026228","Carey","2014","Subject-Specific Finite Element Modeling of the Tibiofemoral Joint Based on CT, Magnetic Resonance Imaging and Dynamic Stereo-Radiography Data in Vivo","Steele LM17","groups/735051"
"7GB7BNHE","10.1007/978-1-4419-7892-9_2","McCarthy","2011","Geometric Design of Linkages","Steele LM17","groups/735051"
"5GU6TEM7","","Halonen","2016","Importance of Patella, Quadriceps Forces, and Depthwise Cartilage Structure on Knee Joint Motion and Cartilage Response During Gait","Steele LM17","groups/735051"
"2B68JNMR","","Kobayashi","2013","In Vivo Kinematics of the Extensor Mechanism of the Knee During Deep Flexion","Steele LM17","groups/735051"
"XIXMS6F7","","Hsu","2006","Design of a Novel Total Knee Prosthesis Using TRIZ","Steele LM17","groups/735051"
"QG444T4E","10.1115/1.4024471","Etoundi","2013","A Bio-Inspired Condylar Hinge for Robotic Limbs","Steele LM17","groups/735051"
"2TJSIIM8","","Fekete","2012","Sliding-Rolling Ratio during Deep Squat with Regard to Different Knee Prostheses","Steele LM17","groups/735051"
"P6EARSP9","10.1115/1.4028168","Burgess","2014","Performance Maps for a Bio-Inspired Robotic Condylar Hinge Joint","Steele LM17;Steele ASME","groups/735051"
"95S8PNKF","","Fekete","2013","Kinetics and Kinematics of the Human Knee Joint under Standard and Non-Standard Squat Movement","Steele LM17","groups/735051"
"479APITA","10.1109/icara.2015.7081168","Khan","2015","Bio-inspired knee joint mechanism for a hydraulic quadruped robot","Steele LM17;Biomechanics","groups/735051"
"JURG5CXV","10.1115/1.4028168","Burgess","2014","Performance Maps for a Bio-Inspired Robotic Condylar Hinge Joint","Construction","groups/735051"
"BWR926BI","10.1007/s00221-016-4801-7","Toth","2016","Vision can recalibrate the vestibular reafference signal used to re-establish postural equilibrium following a platform perturbation","Balance;Balance Control","groups/735051"
"XPBFZKNI","10.1007/s00221-016-4801-7","Toth","2016","Vision can recalibrate the vestibular reafference signal used to re-establish postural equilibrium following a platform perturbation","Balance;Balance Control","groups/735051"
"3HPAHRW4","10.1016/j.humov.2014.07.004","Hettich","2014","Human hip–ankle coordination emerging from multisensory feedback control","Balance;Balance Control","groups/735051"
"HEQR4J93","10.1016/j.humov.2014.07.004","Hettich","2014","Human hip–ankle coordination emerging from multisensory feedback control","Balance;Balance Control","groups/735051"
"F4NPNAHR","10.1371/journal.pone.0054925","Wilke","2013","Sensorimotor Recalibration Depends on Attribution of Sensory Prediction Errors to Internal Causes","Balance;Balance Control","groups/735051"
"E8E59Z7E","10.1007/s00221-005-0256-y","Maurer","2006","Multisensory control of human upright stance","Hilts IROS18;Balance;Balance Control","groups/735051"
"ID4XP5UE","","Peterka","2002","Sensorimotor integration in human postural control","Bipedal balance control;Turbulence;Balance;Balance Control","groups/735051"
"EKGA94XP","10.1088/1741-2560/9/4/046011","Klein","2012","A physical model of sensorimotor interactions during locomotion","Construction","groups/735051"
"D2BR7AAW","","Alamdari","","A Review of Computational Musculoskeletal Analysis of Human Lower Extremities","Biped","groups/735051"
"VRM634VA","10.1109/iros.2011.6048561","Etoundi","2011","A bio-inspired condylar hinge joint for mobile robots","Construction;Steele LM17;Biped;Ben","groups/735051"
"74VXW2WG","10.1080/01691864.2016.1154801","al.","2016","Variable stiffness Mckibben muscles with hydraulic and pneumatic operating modes","BPA","groups/735051"
"JJEMEX9C","10.5772/56926","Kim","2013","Work analysis of compliant leg mechanisms for bipedal walking robots","Connor;Steele ASME;Compliance","groups/735051"
"4J9STVZ2","10.1109/mra.2009.933629","Ham","2009","Compliant actuator designs","Cody;Joe;Compliance","groups/735051"
"FBIUCQ3D","10.1093/icb/42.1.174","Pratt","2002","Low Impedance Walking Robots","Connor;Compliance","groups/735051"
"C6DJC9WJ","","Griffin","2004","Biomechanics of quadrupedal walking: how do four-legged animals achieve inverted pendulum-like movements?","Quadruped","groups/735051"
"DD2CWI4U","","Biewener","","Tendons and Ligaments: Structure, Mechanical Behavior and Biological Function","Steele LM17;Biped;Ben","groups/735051"
"CAK52X83","","Mansour","","Biomechanics of Cartilage","Steele LM17;Biped","groups/735051"
"A53BATG9","","Yang","2015","A three-dimensional human walking model","Biped","groups/735051"
"5BSIDSDV","","Endo","2012","A model of muscle-tendon function in human walking","Biped","groups/735051"
"FAQAE2I4","","Endo","2009","Human Walking Model Predicts Joint Mechanics, Electromyography and Mechanical Economy","Biped","groups/735051"
"WZS3ISRC","","Goswami","2009","Planar Bipedal Jumping Gaits With Stable Landing","Biped","groups/735051"
"2C3AH7F9","10.1088/1748-3190/10/2/025003","Park","2015","Quadrupedal galloping control for a wide range of speed via vertical impulse scaling","Quadruped","groups/735051"
"5X9G5SWU","","Ramos","","A Balance Feedback Human Machine Interface for Humanoid Teleoperation in Dynamic Tasks","Biped","groups/735051"
"U37SFPIV","10.1177/0278364916648388","Hubicki","2016","ATRIAS: Design and validation of a tether-free 3D-capable spring-mass bipedal robot","Biped;LM 2021 Review;Biped","groups/735051"
"Q2VUBIBW","10.1177/0278364916648388","Hubicki","2016","ATRIAS: Design and validation of a tether-free 3D-capable spring-mass bipedal robot","Biped;LM 2021 Review;Biped","groups/735051"
"4Q9IMKKV","10.1007/s10514-015-9433-4","Koo","2015","Biologically inspired gait transition control for a quadruped walking robot","Quadruped","groups/735051"
"HDASSS8R","","Monda","2011","A Central Pattern Generator based Nonlinear Controller to Simulate Biped Locomotion with a Stable Human Gait Oscillation","CPG","groups/735051"
"2GW7C6FW","","Kassim","","Central Pattern Generator in Bio-inspired Robot: Simulation using MATLAB","CPG","groups/735051"
"GIJXTUUQ","10.1007/s00285-006-0021-2","Pinto","2006","Central pattern generators for bipedal locomotion","CPG","groups/735051"
"X4WUVSQU","10.3233/thc-161167","Zang","2016","Design and control of a pneumatic musculoskeletal biped robot","Biped","groups/735051"
"ERPMVPP4","10.1109/icra.2012.6225149","Klein","2012","A neurorobotic model of bipedal locomotion based on principles of human neuromuscular architecture","Reggie;Cody;Biped;Prospectus;Potential Papers;Ben & Connor Neuro Project","groups/735051"
"DJCMHK44","10.1177/0278364916648388","Hubicki","2016","ATRIAS: Design and validation of a tether-free 3D-capable spring-mass bipedal robot","Biped;LM 2021 Review;Biped","groups/735051"
"KTWV3AMA","","Ficanha","2014","IMPEDANCE AND ADMITTANCE CONTROLLER FOR A MULTI-AXIS POWERED ANKLE-FOOT PROSTHESIS","","groups/735051"
"9G7FM3AQ","10.1115/1.4026342","Richter","","Robust Tracking Control of a Prosthesis Test Robot","","groups/735051"
"CQ235GAS","10.1155/2013/824085","Wang","2015","Mechanism Simulation and Optimal Design of Five-Link Bionic Joint Driven by Two Antagonistic Pneumatic Muscles","BPA","groups/735051"
"4KJIIW6F","10.1016/j.conengprac.2010.11.008","Treesatayapun","2011","A discrete-time stable controller for an omni-directional mobile robot based on an approximated model","Robots","groups/735051"
"RFC6Q6UD","","Tondu","2000","Modeling and control of McKibben artificial muscle robot actuators","CHAPTER 2. BACKGROUND;BPAs;BPA;references_Lutz_thesis;BPA Modeling","groups/735051"
"4IP5XWR5","","Sárosi","2013","Investigation of Accuracy of the Newest Function Approximation for the Force Generated by Pneumatic Artificial Muscle","BolenBPACharacterization;LM19;BolenFrontiers22;BPA;Manuscript;BolenIsoKneeTorque","groups/735051"
"K5C6EAMJ","","Sárosi","2012","New approximation algorithm for the force of fluidic muscles","BolenBPACharacterization;LM19;CHAPTER 2. BACKGROUND;Fall 22;BolenFrontiers22;BPA;Manuscript;Manuscript;BPA Modeling;BolenIsoKneeTorque","groups/735051"
"HWTX3A69","","Rutter","2006","Transforming Insect Electromyograms into Pneumatic Muscle Control","Mo;BPA;references_Lutz_thesis","groups/735051"
"AHUWSVHK","10.1016/j.mechatronics.2012.06.002","Minh","2012","Modeling and control of a pneumatic artificial muscle manipulator joint – Part I: Modeling of a pneumatic artificial muscle manipulator joint with accounting for creep effect","CHAPTER 2. BACKGROUND;Cody;Potential Papers;BPA;BPA Modeling","groups/735051"
"UE3ND6IV","","Klute","1998","Fatigue characteristics of McKibben artificial muscle actuators","Jake;BPA","groups/735051"
"GUCF33EZ","","Klute","1999","McKibben artificial muscles: pneumatic actuators with biomechanical intelligence","LM19;Morrow LM20;BPA;Connor;Manuscript;Manuscript","groups/735051"
"E5GZWEHB","","Kingsley","2006","A cockroach inspired robot with artificial muscles","LM19;BPA;Manuscript","groups/735051"
"FWRK6TGC","","Kingsley","2002","Fatigue life and frequency response of braided pneumatic actuators","Fall 22;BPA","groups/735051"
"DEQARZUG","","Kingsley","2005","A Cockroach Inspired Robot with Artificial Muscles","LM19;BPA;Manuscript;Manuscript","groups/735051"
"ASA43M76","","Hošovskỳ","2012","Dynamic modelling of one degree of freedom pneumatic muscle-based actuator for industrial applications","CHAPTER 2. BACKGROUND;Cody;Fall 22;Joe;BPA","groups/735051"
"HZK38E87","","Colbrunn","2000","Design and control of a robotic leg with braided pneumatic actuators (Master's Thesis)","LM19;BPA;Manuscript","groups/735051"
"K7PJUUF4","","Colbrunn","2001","Modeling of Braided Pneumatic Actuators for Robotic Control","James;LM19;Jake;BPA;Connor;Manuscript;Manuscript","groups/735051"
"BSS3IXQU","","Andrikopoulos","2014","Piecewise affine modeling and constrained optimal control for a pneumatic artificial muscle","Mo;LM19;CHAPTER 2. BACKGROUND;Cody;BPA;Manuscript;Ben;Manuscript","groups/735051"
"BA9M56X6","","Fife","2002","The evolution of neural network controllers for the targeted swing of a cockroach-like robot","LM19;BPA;Manuscript","groups/735051"
"WQBJ94T8","","Colbrunn","2001","Design and control of a robotic leg with braided pneumatic actuators","CHAPTER 2. BACKGROUND;BPA","groups/735051"
"Z33CG89C","10.1016/j.conengprac.2013.09.003","Andrikopoulos","2013","Pneumatic artificial muscles: A switching Model Predictive Control approach","LM19;BPA;Manuscript;Manuscript","groups/735051"
"35W8MIUF","","Ahn","2005","Nonlinear PID control to improve the control performance of the pneumatic artificial muscle manipulator using neural network","LM19;CHAPTER 2. BACKGROUND;BPA;Manuscript","groups/735051"
