id,title,primary,secondary,year,doi,animals,afferents,feedback,models_ref,models2,reviews,has_pdf,has_notes,notes,animal_study,robot_sim,prune,archived
rec00Fih3nO6FmfNV,Emergence of natural and robust bipedal walking by learning from biologically plausible objectives,Schumacher,,2025,10.1016/j.isci.2025.112203,Human,,,,Schumacher 2025,,True,True,"Reinforcement learning with a single adaptive biologically plausible reward learns locomotion controllers for four musculoskeletal models (up to 90 muscles) in two simulators without any motion demonstrations; the controllers generalize to diverse unseen terrains and remain robust on complex 3D models where reflex controllers are difficult to apply, producing close-to-natural gait.",,Implement RL with the adaptive biologically plausible reward on a musculoskeletal biped as an alternative to hand-tuned reflex/CPG hierarchies; benchmark terrain generalization and muscle-count scalability against reflex-based controllers.,,False
rec00oIejxpXTzNt9,Reorganization of spinal neural connectivity following recovery after thoracic spinal cord injury: insights from computational modelling,Shevtsova,,2025,10.1101/2025.05.17.654682,Rat,,,,Shevtsova 2025,,True,True,"Rat-adapted spinal locomotor circuit models reproduce pre-injury and recovered gait after two thoracic injury types and point to distinct recovery mechanisms: lateral hemisection required functional restoration of descending drive and long propriospinal detour pathways, while midline contusion recovery relied on spared sublesional reorganization and altered supralesional cervical control.",,,,False
rec01Sym3p8O4bSMn,Locomotor activity in spinal cord-injured persons,Dietz and Harkema,,2004,10.1152/japplphysiol.00942.2003,Human,,,,,,True,True,"After a spinal cord injury (SCI) of the cat or rat, neuronal centers below the level of lesion exhibit plasticity that can be exploited by specific training paradigms. In individuals with complete or incomplete SCI, human spinal locomotor centers can be activated and modulated by locomotor training (facilitating stepping movements of the legs using body weight support on a treadmill to provide appropriate sensory cues). Individuals with incomplete SCI benefit from locomotor training such that they improve their ability to walk over ground. Load- or hip joint-related afferent input seems to be of crucial importance for both the generation of a locomotor pattern and the effectiveness of the training. However, it may be a critical combination of afferent signals that is needed to generate a locomotor pattern after severe SCI. Mobility of individuals after a SCI can be improved by taking advantage of the plasticity of the central nervous system and can be maintained with persistent locomotor activity. In the future, if regeneration approaches can successfully be applied in human SCI, even individuals with complete SCI may recover walking ability with locomotor training.",,,,False
rec07rEXnl9YiWRNO,The neural control of interlimb coordination during mammalian locomotion.,Frigon,,2017,10.1152/jn.00978.2016,Mammals; Human,,,,,Frigon 2017,True,True,"Review of interlimb coordination in mammalian locomotion: coordination between forelimb and hindlimb spinal networks is achieved by mechanisms intrinsic to the spinal cord, somatosensory feedback from the limbs, and supraspinal pathways; incomplete spinal cord injury disrupts this coordination, but lesion-based inference is confounded by compensatory strategies, redundant control, and plasticity in remaining circuits.","Dissociate the intrinsic-spinal, somatosensory, and supraspinal contributions to interlimb coordination by combining selective spinal lesions with acute pre-plasticity recordings across gaits and voluntary limb-use tasks, directly addressing the compensation and redundancy confounds the review identifies.","Build a locomotion model with separate interlimb-coupling modules (intraspinal coupling, limb somatosensory feedback, supraspinal modulation) and ablate them individually to reproduce the coordination disruptions seen after incomplete spinal lesions.",,False
rec0FmHD8UXVun1zN,A sensory signal related to left-right symmetry modulates intra- and interlimb cutaneous reflexes during locomotion in intact cats,Mari et al.,,2023,10.3389/fnsys.2023.1199079,Cat,,Cutaneous stance modification,,,,True,True,"A sensory signal related to left-right symmetry modulates intra- and interlimb cutaneous reflexes during locomotion in intact cats, extending the split-belt symmetry findings to intact walking.",,,,False
rec0JhHJw5aw4I0WQ,Emergent synchrony in locally coupled neural oscillators,Wang,,1995,10.1109/72.392256,,,,,Wang 1995,,False,True,"Computational model study. Many neural models thus proposed end up relying on global connections, leading to the question of whether lateral connections alone can produce remote synchronization.",,,,False
rec0Y7IJ9rNh4reiU,Flexor reflex afferents reset the step cycle during fictive locomotion in the cat,Schomburg,Petersen; Barajon; Hultborn,1998,10.1007/s002210050522,Cat,Flexor reflex afferents; II; III/IV; Cutaneous,,,,,False,True,"Brief trains to flexor reflex afferents (FRA: joint, cutaneous, group II-III muscle afferents) reset the L-dopa-induced fictive locomotor rhythm in high-spinal cats - interrupting extensor activity and initiating flexion when delivered in extension, or prolonging flexion in late flexion - demonstrating that FRA interneurones are constituent elements of the rhythm-generating network organized along half-centre lines.","Re-test FRA resetting in an intact walking preparation by phase-locked stimulation of group II and cutaneous afferents, quantifying reset versus entrainment, to check that the curarized L-dopa result generalizes to freely walking animals.","Implement FRA input as a phase-dependent reset of the half-centre oscillator (extensor interruption plus flexion trigger, flexion prolongation late in flexion) and verify that brief afferent trains shorten or lengthen single cycles after which the original rhythm period resumes.",,False
rec0ZhpvZiz4FURmL,"Forms of Forward Quadrupedal Locomotion. III. A Comparison of Posture, Hindlimb Kinematics, and Motor Patterns for Downslope and Level Walking",Smith,Carlson-Kuhta; Trank,,10.1152/jn.1998.79.4.1702,Cat,,,,,,False,True,"Across downslope grades (25-100%) in walking cats, stance-phase yield increases at the ankle, swing-phase knee and ankle flexion decreases while ankle extension lowers the paw to contact, hip extensors fall silent and hip flexors instead brake the rate of hip extension, and ankle extensor bursts truncate around paw contact - a systematic reorganization of the motor pattern to counteract external braking forces rather than a rescaled level-gait pattern.",Record hindlimb afferent activity (spindle and tendon organ) during graded downslope walking to identify which feedback signals track the slope-dependent reorganization of hip and ankle extensor activity that the kinematic/EMG analysis reveals.,"Gate hip extensor stance drive off and engage hip flexors as mid-stance brakes on downslope terrain, with ankle extensor bursts truncated around paw contact, and test whether a fixed CPG plus slope-dependent gating reproduces the measured downslope kinematics.",,False
rec0cO6C6sIY1QqTD,Neural control of locomotion: sensory control of the central pattern generator and its relation to treadmill training,Van de Crommert,Mulder; Duysens,1998,10.1016/s0966-6362(98)00010-1,Cat; Human,,,,,Van de Crommert 1998,True,True,"Review synthesizing that locomotor recovery through treadmill training in spinalized cats and spinal-cord-injured patients rests on a spinal central pattern generator whose activation and regulation depend on locomotor-related afferent input: adequate sensory input during training can drive and calibrate the spinal locomotor circuitry, a principle for designing gait rehabilitation programs.","Systematically vary the sensory content of treadmill training (loading, limb-loading timing, cutaneous input) in spinalized cats to identify which locomotor-related afferent signals most effectively activate and regulate the spinal pattern generator.","Implement a CPG controller whose activation and phase regulation are gated by locomotor-related afferent input, and ablate that input to show that training-like recovery of rhythmic output fails under tonic drive alone.",,False
rec0k5AJjSxNrEexP,RHYTHMIC PATTERNS IN THE THORACIC NERVE CORD OF THE STICK INSECT INDUCED BY PILOCARPINE,Büschges,Schmitz; Bässler,1995,10.1242/jeb.198.2.435,Stick Insect,,,,,,True,True,Vivisection of stick insects,,,,False
rec0llKB0yUSgmBMM,Automatic body regulation for maintaining stability of a legged vehicle during rough-terrain locomotion,Messuri,,1985,10.1109/jra.1985.1087012,,,,,,,False,True,"Early legged-vehicle control work introducing automatic body-regulation schemes built on an improved stability measure that can be optimized automatically, combined with the kinematic limits of individual legs, to maintain stability and maneuverability on highly irregular terrain while reducing operator burden.",,Use an automatically optimized stability margin subject to per-leg kinematic limits as a body-height and posture regulator for a rough-terrain walker - a non-neural benchmark against which to compare vestibular- and reflex-based balance controllers.,,False
rec0yvmhmcGcqScMI,Ia afferent activity during a variety of voluntary movements in the cat,Prochazka,,1977,10.1113/jphysiol.1977.sp011864,Cat,Ia; Cutaneous,,,,,False,True,"Chronic dorsal-root recordings of spindle primary afferents in freely moving cats showed that fusimotor drive to ankle extensors operates mainly in the extension phases of stepping, that unexpected loading (back thrust) evokes a potent fusimotor response, and that during falls Ia discharge decreases despite rising extensor EMG - clear evidence for independent alpha and gamma control - while clonus-like paw-shaking belongs to the normal motor repertoire.","Replicate with simultaneous Ia (and II) afferent, muscle-length, and force recordings during overground stepping and sudden loading to quantify the phase-timing of fusimotor drive and the alpha-gamma dissociation during falls.","Model fusimotor action as a phase-gated gain on spindle feedback - raised in extension, boosted by load transients, suppressed during falls - and test whether state-dependent afferent gain improves load compensation in a walking controller.",,False
rec18biwcKDeZu794,Identification of the Plant for Upright Stance in Humans: Multiple Movement Patterns From a Single Neural Strategy,Kiemel,,2008,10.1152/jn.01272.2007,Human,,,,Kiemel 2008,,False,True,"Computational model study. Because EMG signals from ankle muscles and from hip and lower trunk muscles showed similar responses to the visual perturbation across frequency, we combined EMG signals from all recorded muscles into a single plant input.",,,,False
rec1F20efUKE33q3J,Recovery of locomotion after chronic spinalization in the adult cat,Barbeau and Rossignol,,1987,10.1016/0006-8993(87)91442-9,Cat,,,,,,False,True,"Adult cats spinalized at T13 recover plantar weight-bearing treadmill walking after weeks to months of interactive training, with cycle duration, stance/swing timing, joint coupling, and hindlimb EMG resembling intact cats at comparable speeds — establishing the chronic spinal cat as the standard model for testing how training, drugs, and other treatments influence locomotor recovery below the lesion.",,,,False
rec1G5Z6VrjN33zdK,Rate Models for Conductance-Based Cortical Neuronal Networks,Shriki,,2003,10.1162/08997660360675053,,,,,Shriki 2003,,False,True,"Computational model study. In this work, we show that conductance-based models of large cortical neuronal networks can be described by simpliﬁed rate models, provided that the network state does not possess a high degree of synchrony.",,,,False
rec1Q4YaKntrUybgY,A spinal circuit model with asymmetric cervical-lumbar layout controls backward locomotion and scratching in quadrupeds,Zhu,Han; Yu; Wang,2024,10.1016/j.neunet.2024.106422,Mammals,,,,Zhu 2024,,False,True,"A spinal circuit model with asymmetric cervical-lumbar layout (V0D versus V0V commissural interneurons mediating left-right alternation at the two levels) reproduces quadruped walk/trot, half-bound after V0V deletion, bound after V0 deletion, unilateral versus bilateral scratching after V0V deletion, and afferent-plus-perineal-driven coordination in backward-biped-spinal locomotion - supporting one shared spinal network reconfigured by supraspinal input and somatosensory feedback across motor behaviors.","Test the model's ablation predictions by selectively silencing V0V and combined V0 commissural populations and quantifying the predicted gait changes (trot to half-bound/bound) and bilateral scratching synchrony, plus perineal/afferent-driven backward stepping.","Implement the asymmetric cervical-lumbar CIN network in a quadruped simulator; ablate V0V then V0D+V0V to check the gait transitions, and drive network reconfiguration with afferent feedback plus perineal-like stimulation to switch among forward, backward, and scratching modes.",,False
rec1YbgpV0dpRyTwr,Contribution of Force Feedback to Ankle Extensor Activity in Decerebrate Walking Cats,Donelan and Pearson,,2004,10.1152/jn.00325.2004,Cat,Ib; Ia; II,Ib excitatory,,,,True,True,"Measured the loop gain of homonymous positive force feedback from ankle extensor Golgi tendon organs in decerebrate walking cats: about 0.2 at short muscle lengths (roughly 20 percent of total activity and force) rising to 0.5 at long lengths (about 50 percent), with the length dependence arising from the intrinsic force-length property while the force-to-motoneuron gain stays length-independent - establishing positive Ib feedback as a substantial contributor to stance extensor drive, not a minor modulator.","Test whether Ib loop gain remains in the 0.2-0.5 range across speed and slope in intact walking cats, and whether selectively removing tendon-organ feedback reduces extensor force by the predicted 20-50 percent.","Implement homonymous positive force feedback on stance extensors with loop gain 0.2-0.5, scaled by the muscle force-length property; ablating it should cut extensor activity by a length-dependent 20-50 percent.",,False
rec1cwa52UCEumlYH,Circuits controlling vertebrate locomotion: moving in a new direction,Goulding,,2009,10.1038/nrn2608,Vertebrates,,,,,Goulding 2009,True,True,"Review arguing that spinal central pattern generator networks are an experimentally tractable model system for understanding how moderately complex neuronal ensembles generate specific motor behaviors, and that novel molecular-genetic tools plus advances in knowledge of spinal cord development bring a comprehensive circuit-level account of locomotor organization within reach.",Use genetic ablation or silencing of identified spinal interneuron populations during locomotion to assign each class a role in rhythm versus pattern generation.,Build CPG models whose components correspond to genetically identified interneuron classes and delete classes one at a time to compare simulated phenotypes with mutant locomotion.,,False
rec1fq8mn2oqPeLiQ,Supraspinal contributions to the initiation and control of locomotion in the cat.,Armstrong,,1986,10.1016/0301-0082(86)90021-3,Cat,,,,,Armstrong 1986,False,False,,,,,False
rec1ybcbOKeJfannO,Analyzing Moment Arm Profiles in a Full-Muscle Rat Hindlimb Model,Young,Rode; Hunt; Quinn,2019,10.3390/biomimetics4010010,Rat,,,,Young 2019,,True,True,A full-muscle 3D rat hindlimb model driven by physiological walking data shows that muscle moment arms depend strongly on the configuration of adjacent joints - critical for biarticular torque computation - and that moment-arm profiles vary enough across the step cycle to imply changes in muscle function during walking.,"Validate the predicted moment-arm profiles against in vivo tendon-excursion or bone-pin kinematic measurements in walking rats, particularly for biarticular muscles whose arms depend on adjacent-joint configuration.",Derive muscle moment arms from 3D attachment points with adjacent-joint dependence when mapping muscle force to joint torque in rat-scale (or scaled) locomotion models; ignoring the adjacent-joint term misestimates biarticular torques.,,False
rec2BZRpatIkJvjp0,A Synthetic Nervous System Model of the Insect Optomotor Response,Sedlackova,Szczecinski; Quinn,2020,10.1007/978-3-030-64313-3_30,,,,,,,False,False,,,,,False
rec2EuBpkiSUE9ZtV,"Forms of forward quadrupedal locomotion. II. A comparison of posture, hindlimb kinematics, and motor patterns for upslope and level walking.",Carlson-Kuhta,Trank; Smith,1998,10.1152/jn.1998.79.4.1687,Cat,,,,,,True,True,"Per the abstract provided: across steep downslope grades in walking cats, stance-phase yield increases at the ankle, swing knee and ankle flexion decreases with ankle extension lowering the paw to contact, hip extensors fall silent while hip flexors brake the rate of hip extension, and ankle extensor bursts truncate around paw contact - the motor pattern reorganizes to counteract external braking forces rather than simply rescaling level gait.",Record hindlimb proprioceptive afferents during graded downslope walking to identify feedback signals associated with the disappearance of hip extensor activity and truncation of ankle extensor bursts.,"Gate hip extensor drive off and use hip flexors as stance brakes on downslopes, with ankle extensor bursts centered on paw contact, testing whether a fixed CPG with slope-dependent gating reproduces the graded downslope kinematics.",,False
rec2FItA3bMpFmt7D,Plasticity of connections underlying locomotor recovery after central and/or peripheral lesions in the adult mammals,Rossignol,,2006,10.1098/rstb.2006.1889,Cat; Mice; Rat; Human; Mammals,,,,,,True,True,"Review concluding that locomotor recovery after spinal lesions in adult mammals is partly due to plasticity within existing spinal locomotor networks: locomotor training changes the excitability of simple reflex pathways and more complex circuitry, adaptation to lesions entails changes at both spinal and supraspinal levels, and the cat-derived framework extends to rat, mouse, and human spinal pattern generation.","Record reflex excitability and locomotor patterns before and after standardized lesions, with and without training, in cats to separate plasticity within remaining spinal circuits from regeneration- or supraspinal-mediated recovery.","Model lesion and recovery by removing pathways and re-tuning residual connection weights through training-like afferent input, testing which plasticity rules restore stepping when descending drive is lost.",,False
rec2WEJ8xYbaKunaf,Identification of Minimal Neuronal Networks Involved in Flexor-Extensor Alternation in the Mammalian Spinal Cord,Talpalar,Endo; Löw; Borgius; Hägglund; Dougherty; Ryge; Hnasko; Kiehn,2011,10.1016/j.neuron.2011.07.011,Mice,Ia,Ia reciprocal inhibition,,,,True,True,"In mice with glutamatergic neurotransmission ablated from the spinal locomotor region, inhibitory interneuron networks alone generate locomotor-like rhythmicity, and flexor-extensor alternation is produced by Ia inhibitory interneurons - the proprioceptive reciprocal-inhibition pathway - defining a minimal inhibitory network sufficient for locomotor pattern generation.","Silence Ia inhibitory interneurons on top of the glutamate ablation and test whether flexor-extensor alternation is abolished while rhythmic bursting persists, completing the sufficiency/necessity test.",Model antagonist motoneuron pools connected through reciprocally inhibiting Ia inhibitory interneurons; ablating the Ia inhibitory population should collapse alternation into co-contraction.,,False
rec2gECWIzFDn4tsj,What mechanisms coordinate leg movement in walking arthropods?,Cruse,,1990,10.1016/0166-2236(90)90057-H,Arthropods,,,,,,True,True,"Comparing the walk of a six-legged robot with the walk of an insect, the immense differences are immediately obvious. The walking of an
animal is much more versatile, and seems to be more
effective and elegant. Thus it is useful to consider the
corresponding biological mechanisms in order to apply
these or similar mechanisms to the control of walking
legs in machines. Until recently, little information on
the biological control mechanisms has been available;
this paper summarizes recent developments.",,,,False
rec2h1B7gvrjFk4I4,Activity of vestibulospinal neurons during locomotion.,Orlovsky,,1972,10.1016/0006-8993(72)90007-8,,,,,,,False,False,,,,,False
rec2l3X3DRev8OZEt,Simulations of neuromuscular control in lamprey swimming,Leeuwen,Ekeberg; Grillner,1999,10.1098/rstb.1999.0441,Lamprey,,,,Ekeberg and Grillner,,True,True,"Cited by Geyer and Herr.
The neuronal generation of vertebrate locomotion has been extensively studied in the lamprey. Models at different levels of abstraction are being used to describe this system, from abstract nonlinear oscillators to interconnected model neurons comprising multiple compartments and a Hodgkin–Huxley representation of the most relevant ion channels. To study the role of sensory feedback by simulation, it eventually also becomes necessary to incorporate the mechanical movements in the models. By using simplifying models of muscle activation, body mechanics, counteracting water forces, and sensory feedback through stretch receptors and vestibular organs, we have been able to close the feedback loop to enable studies of the interaction between the neuronal and the mechanical systems. The neuromechanical simulations reveal that the currently known network is sufficient for generating a whole repertoire of swimming patterns. Swimming at different speeds and with different wavelengths, together with the performance of lateral turns can all be achieved by simply varying the brainstem input. The neuronal mechanisms behind pitch and roll manoeuvres are less clear. We have put forward a ‘crossed–oscillators’ hypothesis where partly separate dorsal and ventral circuits are postulated. Neuromechanical simulations of this system show that it is also capable of generating realistic pitch turns and rolls, and that vestibular signals can stabilize the posture during swim",,,,False
rec2qezdCASwOpm4G,"Human postural sway results from frequent, ballistic bias impulses by soleus and gastrocnemius",Loram,,2005,10.1113/jphysiol.2004.076307,Human,,,,,,False,True,Here we employ automated analysis of ultrasound images to resolve calf muscle (soleus and gastro- cnemius) length changes as small as 10 µmi n standing subjects.,,,,False
rec2vnLEhwtLZDpnJ,Dynamic simulation of insect walking.,Ekeberg,Blümel; Büschges,2004,10.1016/j.asd.2004.05.002,Stick Insect; Insects; Arthropods,,Chordotonal organ multi-synaptic excitation; Chordotonal organ multi-synaptic inhibition,,Ekeberg 2004,,False,True,"A 3-D biomechanical stick-insect leg driven by a reduced neural controller containing only experimentally established chordotonal-organ reflex mechanisms reproduces the full middle-leg step cycle in both restricted and unrestrained simulations; front-leg stepping works with the same mechanisms, whereas hind-leg control requires reorganized, possibly sign-reversed, chordotonal influence on levator–depressor timing.",,,,False
rec30h0ZO39QemhM4,Robotics Application of a Method for Analytically Computing Infinitesimal Phase Response Curves,Fitzpatrick,Wang; Thomas; Quinn; Szczecinski,2020,10.1007/978-3-030-64313-3_12,,,,,,,False,False,,,,,False
rec317AjMO6M6rHW7,General Principles of Rhythmogenesis in Central Pattern Generator Networks,Harris-Warrick,,2010,10.1016/b978-0-444-53613-6.00014-9,Vertebrates,,,,,Harris-Warrick 2010,False,True,Four general principles of CPG rhythmogenesis: rhythmogenic ionic currents underlie every CPG regardless of network-pacemaker versus endogenous-kernel organization; fast synaptic transmission can evoke slow currents that alter cycle frequency; rhythmogenesis is multiply and redundantly implemented; and glial cells may participate - with CPGs able to drive rhythmic behavior without sensory feedback while afferents modulate cycle frequency and phase timing.,"Sequentially block candidate ionic currents and synaptic pathways in an isolated CPG preparation and measure rhythm persistence, to test the redundancy principle directly.","Build CPG neurons with coexisting rhythmogenic mechanisms (intrinsic currents, network reciprocity, slow synaptic currents) and ablate them one at a time - reproducing why single-mechanism lesions typically fail to abolish rhythm.",,False
rec3237UGETrSD0Uw,Modeling the spinal cord neural circuitry controlling cat hindlimb movement during locomotion,Ivashko,Prilutsky; Markin; Chapin; Rybak,2003,10.1016/S0925-2312(02)00832-9,Cat,,Ib disynaptic excitation; Ib stance to swing; Ib swing to stance; Ia stance to swing; Ia swing to stance; Ia monosynaptic; Ia monosynaptic excitation; Mechanosensory monosynaptic excitation; Ia disynaptic inhibition,,Ivashko 2003,,True,True,"Abstract
A computational model of the spinal cord neural circuitry that controls locomotor movements of simulated cat hindlimbs. The neural circuitry includes two central pattern generators integrated with reflex circuits. All neurons were modeled in the Hodgkin–Huxley style. The musculoskeletal system includes two three-joint hindlimbs and the trunk. Each
hindlimb is actuated by nine one- and two-joint muscles (a Hill-type model). Our simulations allow us to suggest a specific network architecture in the spinal cord and a pattern of feedback connectivities (from Ia and Ib fibers and touch sensors) that provide stable locomotion and realistic patterns of muscle activation and kinematics of limb movements.",,,,False
rec35pluvCkgMozzQ,Simple robot suggests physical interlimb communication is essential for quadruped walking,Owaki,Kano; Nagasawa; Tero; Ishiguro,2013,10.1098/rsif.2012.0669,,,,,Owaki 2013,,True,True,"A minimalist quadruped robot controlled by four decoupled oscillators with only local force feedback in each leg reproduces animal-like walking patterns and adapts to changes in weight distribution and walking speed - evidence that physical (mechanically mediated) interlimb communication, not dedicated neural coupling, can suffice for interlimb coordination.","Test whether quadrupeds with severed intraspinal commissural pathways still show mechanically mediated interlimb coordination through ground reaction forces, as the local-feedback-only account predicts.",Implement decoupled per-leg oscillators coordinated solely by local ground-force feedback (no inter-oscillator neural coupling) and verify gait emergence and adaptation to load redistribution; ablate the force feedback to show coordination collapses.,,False
rec3BRkL2st5JzzeI,Group I disynaptic excitation of cat hindlimb flexor and bifunctional motoneurones during fictive locomotion.,Quevedo,Fedirchuk; Gosgnach; McCrea,2000,10.1111/j.1469-7793.2000.t01-1-00549.x,Cat,Ia; Ib,Ib disynaptic excitation,,,,False,True,"During fictive locomotion in decerebrate cats, group I stimulation evokes locomotor-dependent disynaptic excitation (single interneurone, mean latency 1.64 ms) of most flexor (89 percent) and many bifunctional (64 percent) motoneurones, largest during flexion and from homonymous nerves, evoked by both tendon-organ (Ib) and muscle-spindle (Ia) afferents and separate from the extensor group I pathway - indicating distinct flexor and extensor excitatory interneurone groups that reinforce ongoing locomotor activity throughout the limb.",Identify and label the flexor-projecting group I excitatory interneurones during fictive locomotion and test their phase modulation in intact walking to confirm the separate flexor versus extensor interneurone groups.,"Add disynaptic group I excitation of flexor and bifunctional motoneurone pools, phase-weighted to peak during flexion and driven by homonymous afferents, as load-reinforcement of ongoing activity; ablate it to quantify the loss of flexor reinforcement.",,False
rec3XUOTJFV4K6PZ9,Adaptive Control Strategies for Interlimb Coordination in Legged Robots: A Review,Aoi,Manoonpong; Ambe; Matsuno; Wörgötter,2017,10.3389/fnbot.2017.00039,,,,,,Aoi 2017,True,True,"Review of adaptive interlimb coordination in legged robots: coordination arises from dynamic interactions among the neural system, the musculoskeletal system, and the environment; it is reshaped by locomotion speed, environmental situation, body properties, and task, and exhibits characteristic properties such as gait hysteresis and adaptation on different time scales - principles used to design bio-inspired robot control from neurophysiological sensorimotor findings.","Measure gait-transition hysteresis and the time-scale separation of interlimb adaptations in walking animals across speed ramps, to compare animal and robot coordination properties directly.","Incorporate gait hysteresis and multiple adaptation time scales into the interlimb-coordination layer of legged-robot controllers when implementing speed-, body-, and task-dependent gait changes.",,False
rec3fLgtC69pKIljl,A multi-Layered neural control framework: Combining central pattern generators utilizing muscle synergy Theory and incorporating proprioceptors,Mo,,2025,10.1016/j.engappai.2025.111811,Human,,,,Mo 2025,,False,True,"Bionic control framework combining CPG signals organized by muscle-synergy principles with reinforcement-learning-adapted weights and a lower proprioceptive feedback loop, integrated into an upper-limb musculoskeletal model; simulated elbow kinematics matched human experiments, and removing the proprioceptive loop degraded accuracy and stability.",,,,False
rec3sCaTz2c5DZML2,Biomechanical and Sensory Feedback Regularize the Behavior of Different Locomotor Central Pattern Generators,Deng,Hunt; Szczecinski; Quinn,2022,10.3390/biomimetics7040226,,,,,Deng 2022,,False,True,Adding biomechanics and sensory feedback regularizes the behavior of different locomotor CPG oscillator models — disparate CPG formulations converge on human-like dynamics once the body and feedback are included.,,,,False
rec3wynmDwk03ghmF,Tapping into spinal circuits to restore motor function.,Barbeau,McCrea; O’Donovan; Rossignol; Grill; Lemay,1999,10.1016/s0165-0173(99)00008-9,Cat; Human; Vertebrates,,,,,Barbeau 1999,False,True,"Multidisciplinary review arguing that electrically activating spinal interneuronal circuits (reflex and pattern-generating) could coordinate many muscles at once for neuroprostheses, far more tractable than stimulating each muscle individually; draws on phase-adaptable cat hindlimb reflexes, chick embryo rhythmogenic network development, the cat spinal locomotor pattern generator, and locomotor training in incomplete SCI patients to identify candidate circuits and the control problems engineers must solve.","In spinal cats, test circuit-level stimulation strategies that exploit phase-dependent modulation of reflex pathways to augment stepping, as a preclinical step toward functional neuromuscular stimulation in humans.","Model the control layer for FNS-style stimulation as a spinal circuit hierarchy (phase-modulated reflexes plus CPG) driving a musculoskeletal limb, instead of per-muscle open-loop stimulation.",,False
rec43V3D0BUhYFUGn,"Robustness, flexibility, and sensitivity in a multifunctional motor control model",Lyttle,Gill; Shaw; Thomas; Chiel,2017,10.1007/s00422-016-0704-8,,,,,Lyttle 2017,,False,True,"Robustness, flexibility, and sensitivity analysis of a multifunctional motor control model — how circuit architecture trades off these properties across behaviors.",,,,False
rec4BCEY85QGzoDJY,"Design, Modeling and Direction Control of a Wire-Driven Robotic Fish Based on a 2-DoF Crank-Slider Mechanism",Wang,,2026,10.48550/arxiv.2603.02851,,,,,,,False,True,"To address this trade-off, we develop a wire-driven robotic fish equipped with a 2-degree-of-freedom (DoF) crank–slider mechanism that decouples propulsion from steering, enabling both high swimming speed and agile maneuvering.",,,,False
rec4HFbZcf1ik1Om2,The mammalian central pattern generator for locomotion,Guertin,,2009,10.1016/j.brainresrev.2009.08.002,Mammals,,,,,Guertin 2009,True,True,"Comprehensive review tracing the mammalian locomotor central pattern generator from Graham Brown's early experiments to modern spinal-cord work: a caudally localized spinal network autonomously generates the basic rhythm and pattern command signals to limb muscles, and homologous CPG networks govern walking, flying, and swimming across species. The review frames the CPG as the source of the basic locomotor command onto which descending and afferent control is layered.","The review's localization claim can be tested by complete spinalization with pharmacological or peripheral-stimulus evocation of rhythmic motor output, comparing cervical, thoracic, and lumbar segments to verify that the rhythm- and pattern-generating network sits caudally in the cord.",Implement a spinal network that generates locomotor rhythm and pattern command signals with descending and sensory inputs removed; persistence of coordinated rhythmic motor output in the model tests the CPG-autonomy claim the review summarizes.,,False
rec4IaJpno8mSncUd,Entrainment of the locomotor rhythm by group Ib afferents from ankle extensor muscles in spinal cats.,Pearson,Collins; Donelan; Fitzpatrick; Grahn; Wolf,1992,10.1007/bf00230939,Cat,,Ib stance to swing,,,,False,True,"Rhythmic contractions of ankle extensor muscles or stimulation of their group I afferents entrain the spinal locomotor rhythm in spinal cats, with flexor bursts timed to follow release of extensor stretch by about 200 ms — direct evidence that Ib input during stance inhibits flexor-burst generation and promotes extensor activity, so a decline in Ib activity near the end of stance helps time the stance-to-swing transition.",,,,False
rec4MMfJDBhbZx8A5,Prominent Role of the Spinal Central Pattern Generator in the Recovery of Locomotion after Partial Spinal Cord Injuries,Barriere,,2008,10.1523/jneurosci.5692-07.2008,Cat,,,,,,False,True,"A dual-lesion paradigm in cats shows the spinal CPG undergoes plastic changes after partial spinal cord injury that are shaped by locomotor training: cats trained on the treadmill after a partial thoracic lesion expressed bilateral hindlimb locomotion within hours of a subsequent complete transection, whereas untrained cats walked asymmetrically with the limb on the partially lesioned side recovering first. Re-expression of the hindlimb locomotor pattern after partial SCI therefore arises mostly from intrinsic changes below the lesion in the CPG and afferent inputs rather than from remnant descending pathways.","Replicate the dual-lesion design while controlling training dose and timing to quantify how locomotor training sculpts CPG plasticity, and add dorsal-root section after the partial lesion to dissociate the afferent-input contribution from intrinsic CPG changes, which the abstract attributes jointly.","Model a spinal CPG whose synapses adapt during repetitive rhythmic 'training' activation, then remove descending drive completely; the trained network should re-express bilateral rhythm rapidly while the untrained network recovers slowly and asymmetrically, reproducing the lesion hierarchy.",,False
rec4MUsc5QYbLQO93,Phase dependent reflex reversal during walking in chronic spinal cats,Forssberg,Grillner; Rossignol,1975,10.1016/0006-8993(75)91013-6,,,,,,,False,False,,,,,False
rec4NTyIWTWAom4fq,Investigating the role of low level reinforcement reflex loops in insect locomotion.,Goldsmith,Quinn; Szczecinski,2021,10.1088/1748-3190/ac28ea,Stick Insect,Mechanosensory,Chordotonal organ multi-synaptic excitation; Chordotonal organ multi-synaptic inhibition,,Goldsmith 2021,,True,True,"A neuromechanical model of the stick insect femur-tibia joint control network, run in-the-loop with a robotic limb, shows that the reflex reversal from resistance reflex to active reaction can be generated by inhibiting the network's flexion position and velocity afferents from the femoral chordotonal organ. Reflex reversal and limb-strain reinforcement (descending DUM neuron activation) are each necessary but individually insufficient to produce and maintain rhythmic stepping, which brief transient descending signals can initiate or halt, and removing parts of the feedback loop halts stepping independent of higher centers.","In intact stick insects, selectively inhibit the processing of flexion position and velocity afferents from the femoral chordotonal organ during actual stepping to test the model's prediction that this inhibition alone converts the resistance reflex into the active reaction.",Implement the non-spiking interneuron joint-control network with chordotonal position and velocity afferents plus limb-strain reinforcement; separately ablate the afferent-inhibition pathway and the strain loop to reproduce the necessary-but-insufficient result for initiating and maintaining stepping.,,False
rec4PNfVhZjBioa08,Networks of spiking neurons: The third generation of neural network models,Maass,,1997,10.1016/s0893-6080(97)00011-7,,,,,Maass 1997,,False,True,"Computational model study. In particular it is shown that networks of spiking neurons are, with regard to the number of neurons that are needed, computationally more powerful than these other neural network models.",,,,False
rec4QLIO1aXeQFced,Neuromuscular Basis of Kinematic Adaptations During Bidirectional Walking,Mojtabavi,,2026,10.64898/2026.02.11.705376,Human,,,,,,True,True,"Bidirectional split-belt walking (equal speeds, opposite directions) in twelve humans: rhythm generation remained robust (burst-to-cycle ratios stable) while pattern formation adapted — prolonged TA activation in the backward-moving leg persisted into washout — indicating selective amplitude recalibration rather than rhythm reorganization.",,,,False
rec4TowLTGkgumlXU,Muscle modes during shifts of the center of pressure by standing persons: effect of instability and additional support,Krishnamoorthy,,2004,10.1007/s00221-003-1812-y,Human,,,,,,False,True,In the present study we investigated the effects of support surface instability and availability of a light touch or grasp of a stable external support on the M-modes and their co-variation.,,,,False
rec4XpUFoz8LpQ10x,Discharges of single hindlimb afferents in the freely moving cat.,Procházka,Westerman; Ziccone,1976,10.1152/jn.1976.39.5.1090,Cat,Ia; Ib,,,,,True,True,"Chronic single-fiber recordings from L7 dorsal roots in unrestrained walking cats: spindle Ia primaries of ankle extensors fire fastest during the phase in which they are passively stretched, with fusimotor drive during active contraction insufficient to fully overcome the unloading effect of rapid shortening, and Ib tendon organs of toe extensors discharge mainly during stance with some swing-phase activity. Cycle-to-cycle firing variability was far higher during active contraction, and brisk muscle stretches evoked rapid (disynaptic or trisynaptic) reflex arcs, arguing that mesencephalic-preparation work had exaggerated alpha-gamma coactivation during normal stepping.","Repeat identified single-afferent dorsal-root recordings across treadmill speeds and slopes with concurrent EMG to quantify how fusimotor drive and shortening-induced unloading shape Ia firing phase, targeting the high cycle-to-cycle variability observed during active contraction.","Implement spindle Ia models in which gamma drive biases firing but rapid shortening unloads the spindle, and Ib firing gated by stance loading; simulated afferent phase profiles can then be validated against these recorded discharge patterns during walking.",,False
rec4q7skepffLlG9P,A connectionist central pattern generator for the aquatic and terrestrial gaits of a simulated salamander,Ijspeert,,2001,10.1007/s004220000211,Salamander; Lamprey,,,,Ijspeert 2001,,False,True,"A connectionist CPG model of leaky-integrator neurons tuned by a genetic algorithm reproduces the salamander's aquatic traveling-wave swimming and terrestrial standing-wave trotting by coupling a lamprey-like body CPG with a limb CPG. Tonic, non-oscillating excitation applied to the single network modulates speed, direction, and gait type, demonstrating that one distributed circuit with two coupled subnetworks can underlie both locomotor programs.","Test in salamander spinal preparations or with lesions whether the body and limb locomotor programs are organized as coupled but separable CPGs as the model assumes, for example whether disconnecting the limb CPG leaves the body-axis swimming wave intact.","Implement the two-level body-plus-limb CPG with a genetic-algorithm parameter search; sweep the tonic drive to verify gait, speed, and direction modulation, and ablate the limb-to-body CPG coupling to isolate the swimming program.",,False
rec4qLdYPmyjgG02Z,An adaptive model of sensory integration in a dynamic environment applied to human stance control,Kooij,,2000,10.1007/s004220000196,Human,,Somatosensory feedback to postural control; Vestibular feedback to postural control; Visual feedback to postural control,,Kooij 2000,,False,True,"An adaptive estimator model of human stance control dynamically weights the difference between expected and actual sensory signals as a function of estimated environmental conditions, with only sensor noise characteristics supplied by the designer. The model reproduces the saturation of visually induced sway and its absence in vestibular-loss subjects without any explicit vestibular threshold, and predicts that vestibular function is needed to prevent falling during sinusoidal support-base translations while loss of foot somatosensory information enlarges postural sway.",The model's predictions map onto animal tests: bilateral vestibular lesion or foot somatosensory blockade during support-surface translations and large rotations with eyes closed would test whether sway enlargement and falls follow the estimator's predicted pattern.,Implement the adaptive sensory-error weighting estimator in a balance controller; removing the vestibular channel should reproduce the loss of visually-induced-sway saturation and the predicted falls in sensory-conflict conditions.,,False
rec4qaxGiMJ2k6c7e,Control for multifunctionality: bioinspired control based on feeding in Aplysia californica,Webster-Wood,Gill; Thomas; Chiel,2020,10.1007/s00422-020-00851-9,,,,,Webster-Wood 2020,,True,True,"A hybrid Boolean framework models neural bursting activity and simple biomechanics faster than real time, yielding a multifunctional model of Aplysia feeding that qualitatively reproduces biting, swallowing, and rejection and switches behaviors in response to external sensory cues while incorporating known neural connectivity and a simple bioinspired periphery. Multifunctional real-time control can therefore emerge from one multifunctional circuit plus peripheral biomechanics rather than dedicated circuits per behavior.","Use the model's qualitative behavioral-switching predictions to design in vivo tests in Aplysia, for example peripheral sensory stimulation at predicted transition points to probe whether a single network switches among the three feeding behaviors.",Implement the hybrid Boolean network with sensory-cued behavioral switching on a multifunctional robot task; ablate the connections the model predicts are essential for switching to test its hypothesis-generating claim.,,False
rec4sOUJC8ZCeSYgW,Estimation of Quasi-Stiffness of the Human Knee in the Stance Phase of Walking,Shamaei,,2013,10.1371/journal.pone.0059993,Human,,Biomechanically mediated preflexive feedback,,,,True,True,"In human walking, the knee moment-angle relationship is approximately linear within both the flexion and extension stages of stance, giving nearly constant quasi-stiffnesses that are well predicted (R2 > 86%) by gait speed, knee excursion, and subject height and weight, and height and weight alone predict preferred-speed quasi-stiffness with about 9% average error. The regressions provide a framework for selecting subject-specific stiffness in prosthetic and exoskeletal knees that emulate biological function during stance.","Apply the same inverse-dynamics regression framework to instrumented animal locomotion, such as treadmill-trained cats or rodents, to test whether stance-phase moment-angle linearity and the speed dependence of joint quasi-stiffness are conserved across legged mammals.","Implement stage-specific constant knee quasi-stiffness slopes from the regressions in a prosthesis, exoskeleton, or neuromechanical simulation; removing the stiffness emulation quantifies its contribution to stance behavior.",,False
rec4wsaohmzllMnjR,Increased amplitude of cutaneous reflexes during human running as compared to standing.,Duysens,Tax; Trippel; Dietz,1993,10.1016/0006-8993(93)90903-z,Human,Cutaneous,Cutaneous flexor excitation,,,,False,True,"In humans running on a treadmill, sural-nerve stimulation at twice perception threshold produced reflex ratios in biceps femoris and tibialis anterior far larger than during matched isometric contractions in standing, because large facilitatory responses were present through most of the step cycle but rarely during standing contractions, while at the end of swing the responses became predominantly suppressive. Cutaneous reflex transmission is thus strongly gated by locomotor state and phase rather than by contraction level alone.","Test the state dependence in reduced animal preparations by stimulating a cutaneous nerve at all cycle phases during standing, walking, and running analogs to separate contraction-level gating from locomotor-state gating of the facilitation.","Implement phase- and speed-dependent cutaneous reflex gains, facilitatory through most of the cycle and suppressive at end of swing, on a simulated runner; ablating the gating should reproduce standing-like small, suppressive responses.",,False
rec4x5gUqxWyicCPJ,Golgi tendon organs in mammalian skeletal muscle: functional properties and central actions,Jami,,1992,10.1152/physrev.1992.72.3.623,,,,,,,False,False,,,,,False
rec4xSUdAGn6omVtB,Fictive motor patterns in chronic spinal cats,Pearson and Rossignol,,1991,10.1152/jn.1991.66.6.1874,Cat,Cutaneous,Fictive locomotion without sensory feedback,,,,True,True,"Chronic spinal cats generate three distinctly different fictive motor patterns, locomotion, paw shake (approximately 8 Hz rhythmic activity), and slow rhythmic leg flexion, depending only on the site and mode of stimulation (perineal skin, water jet to the paw, paw squeeze), with clonidine facilitating evocation. Passive leg movement from extension to flexion progressively shortened flexor bursts, lengthened the cycle period, and made the pattern harder to evoke, and trained late-spinal animals expressed more complex, position-dependent patterns than untrained early-spinal ones, demonstrating position-related afferent regulation of the pattern generator below a chronic transection.",Dorsal-root section or selective deafferentation in chronic spinal cats during fictive recording would isolate which afferent channels carry the leg-position influence on flexor burst duration and cycle period.,"Build a pattern generator supporting multiple coexistent fictive modes (stepping, paw shake, rhythmic flexion) switched by input site, and modulate flexor burst termination by a position-related afferent signal to reproduce the effects of passively moving the legs from extension to flexion.",,False
rec52OeCf4l5wFiXe,Sensory feedback by peripheral nerve stimulation improves task performance in individuals with upper limb loss using a myoelectric prosthesis,Schiefer,,2016,10.1088/1741-2560/13/1/016001,Human,,,,,,False,True,13 016001 View the article online for updates and enhancements.,,,,False
rec54bBKJSjsVkg60,A Spiking Neural Architecture for Coordinating Arm and Locomotor Control,Steffen,,2026,10.48550/arXiv.2606.11034,Human,,,,Steffen 2026,,True,True,"First integrated spiking controller coordinating bipedal locomotion and arm control on a full-scale humanoid: NEF/SPA neural control with a biologically grounded spiking basal-ganglia model mediates action selection, validated in Nengo–Isaac Sim co-simulation for reaching, drawing, path-following locomotion, and task switching.",,,,False
rec5TrEW6v3HlB4bx,The use of state-dependent modulation of spinal reflexes as a tool to investigate the organization of spinal interneurons.,Burke,,1999,10.1007/s002210050847,,Flexor reflex afferents; Cutaneous,,,,Burke 1999,False,True,"Review arguing that state-dependent modulation of spinal reflex transmission is an investigative tool for interneuron organization: stable CNS states produced by spinal and supraspinal lesions or l-DOPA revealed previously unsuspected pathways from the flexor reflex afferents, and fictive locomotion and scratching uncovered oligosynaptic excitatory and inhibitory reflex pathways from cutaneous and muscle afferents that appear only in the flexion or extension phase. Phase-specific appearance of reflex pathways implies distinct interneuron sets with remarkably precise input/output relations.",Systematically combine lesion- or drug-induced CNS states with phase-triggered afferent stimulation during fictive locomotion and scratching to map state- and phase-dependent interneuron circuits as the review prescribes.,"Represent reflex pathways as state- and phase-switched interneuron banks in a locomotor model; switching network state should reveal or hide specific reflex routes, mirroring the review's examples of previously hidden pathways.",,False
rec5Zg2JdbuTEWRgt,Evolution and Development of a Central Pattern Generator for the Swimming of a Lamprey,Ijspeert,,1999,10.1162/106454699568773,Lamprey,,,,Ijspeert 1999,,False,True,"Computational model study. Inspired by the central pattern generators found in animals, we develop neural controllers that can produce the patterns of oscillations necessary for the swimming of a simulated lamprey.",,,,False
rec5mXZipoOAVszd0,Firing Properties of Identified Interneuron Populations in the Mammalian Hindlimb Central Pattern Generator,Butt,Harris-Warrick; Kiehn,2002,10.1523/jneurosci.22-22-09961.2002,Rat,,,,,,True,True,"First characterization of putative CPG interneurons in the mammalian cord: descending-projecting L2 and L3 commissural interneurons in neonatal rats form a heterogeneous population firing in all phases of the locomotor cycle, with rhythmic dCINs in-phase with either ipsilateral or contralateral L2 activity and segregated by dorsoventral location. Their locomotor membrane oscillations arise predominantly from synaptic input with little contribution from intrinsic pacemaker currents, and the dominant synaptic drive is in-phase with ipsilateral motor activity, demonstrating anatomically and physiologically separable CPG subpopulations that can be individually targeted.",Record from or genetically target the dorsoventrally segregated dCIN subpopulations during NMDA/5-HT-induced locomotor-like activity to test their causal roles in left-right coordination.,Implement left-right coordination through synaptically driven commissural interneuron populations (ipsi-phase and contra-phase) rather than intrinsic pacemakers; ablating each subpopulation tests the functional separation of coordination control.,,False
rec5nlSDkEYm0W4Zs,Organization of mammalian locomotor rhythm and pattern generation,McCrea and Rybak,,2008,10.1016/j.brainresrev.2007.08.006,Cat; Mammals,,,,,,True,True,"Central pattern generators (CPGs) located in the spinal cord produce the coordinated activation of flexor and extensor motoneurons during locomotion. Previously proposed architectures for the spinal locomotor CPG have included the classical half-center oscillator and the unit burst generator (UBG) comprised of multiple coupled oscillators. We have recently proposed another organization in which a two-level CPG has a common rhythm generator (RG) that controls the operation of the pattern formation (PF) circuitry responsible for motoneuron activation. These architectures are discussed in relation to recent data obtained during fictive locomotion in the decerebrate cat. The data show that the CPG can maintain the period and phase of locomotor oscillations both during spontaneous deletions of motoneuron activity and during sensory stimulation affecting motoneuron activity throughout the limb. The proposed two-level CPG organization has been investigated with a computational model which incorporates interactions between the CPG, spinal circuits and afferent inputs. The model includes interacting populations of spinal interneurons and motoneurons modeled in the Hodgkin-Huxley style. Our simulations demonstrate that a relatively simple CPG with separate RG and PF networks can realistically reproduce many experimental phenomena including spontaneous deletions of motoneuron activity and a variety of effects of afferent stimulation. The model suggests plausible explanations for a numbe",,,,False
rec5sjYrRbJ9t4e20,"Functionally complex muscles of the cat hindlimb. IV. Intramuscular distribution of movement command signals and cutaneous reflexes in broad, bifunctional thigh muscles",Pratt,Chanaud; Loeb,1991,10.1007/bf00229407,Cat,Cutaneous,Cutaneous flexor excitation,,,,False,True,"In awake walking cats, four of five broad bifunctional thigh muscles contain intramuscular subregions that are differentially recruited across locomotion, scratching, and paw shaking, and low-threshold cutaneous afferents subdivide the same muscles, but with muscle-subregion-specific and often complex responses that do not simply follow the background locomotor synergies. Cutaneous reflex premotoneuronal circuitry is therefore not synonymous with the locomotor CPG even though the two systems interact powerfully, implying specialized convergence onto task-dependent muscle subunits.","Stimulate low-threshold cutaneous nerves at all locomotor phases while recording intramuscular subregions, before and after spinalization, to dissociate CPG-driven subdivision from reflex-pathway subdivision of bifunctional muscles.",Model bifunctional muscles as multiple subregion pools with task-dependent recruitment and subregion-specific cutaneous reflex gains; removing the reflex subdivision tests whether locomotor synergies alone reproduce the observed activation patterns.,,False
rec64h8He8xeJf189,Organization of functional synaptic connections between medullary reticulospinal neurons and lumbar descending commissural interneurons in the neonatal mouse.,Szokol,Glover; Perreault,2011,10.1523/jneurosci.5486-10.2011,Mice,,,,,,True,True,"Reticulospinal-mediated calcium responses in lumbar motoneurons are reduced by mephenesin and by midline lesions, and stimulation in medial or lateral medullary reticular formation activates roughly half of ipsilateral and of contralateral descending commissural interneurons, with the responsive populations largely overlapping spatially. Differential descending control of trunk and hindlimb muscles by the medullary reticulospinal system is therefore mediated in part by identifiable dCIN populations, providing a polysynaptic crossed and uncrossed route to lumbar motor pools.","Selectively stimulate or silence the dCIN subpopulations that respond to medial versus lateral medullary reticular formation while recording motoneuron responses, to test their sufficiency for differential trunk versus hindlimb control.",Route reticulospinal drive to bilateral motoneuron pools through a commissural interneuron layer; ablating the layer (modeling mephenesin or midline lesion) should reduce motoneuron response magnitude as observed.,,False
rec6EhQhpWHDNDPX5,Modulation of forelimb and hindlimb muscle activity during quadrupedal tied-belt and split-belt locomotion in intact cats,Frigon,Thibaudier; Hurteau,2015,10.1016/j.neuroscience.2014.12.084,Cat,,,,,,True,True,"Cats were chronically implanted for EMG, which was
obtained from six muscles: biceps brachii, triceps brachii,
flexor carpi ulnaris, sartorius, vastus lateralis and medial
gastrocnemius. During tied-belt locomotion, cats stepped
from 0.4 to 1.0 m/s in 0.1 m/s increments whereas during
split-belt locomotion, cats stepped with left–right speed
differences of 0.1 to 0.4 m/s in 0.1 m/s increments. During
tied-belt locomotion, EMG burst durations and mean EMG
amplitudes of all muscles respectively decreased and
increased with increasing speed. During split-belt locomotion, there was a clear differential modulation of the EMG
patterns between flexors and extensors and between the
slow and fast sides. Changes in the EMG pattern of some
muscles could be explained by the speed of the belt the limb
was stepping on, while in other muscles there were clear
dissociations from tied-belt values at matched speeds.
Therefore, results show that EMG patterns during split-belt
locomotion are modulated to meet task requirements partly
via signals related to the stepping speed of the homonymous
limb and from the other limbs.",,,,False
rec6Fd1OrPbNA2Yl0,Main characteristics of the hindlimb locomotor cycle in the decorticate cat with special reference to bifunctional muscles.,Perret and Cabelguen,,1980,10.1016/0006-8993(80)90207-3,Cat,Ia; Flexor reflex afferents,,,,,False,True,"In decorticate cats, all studied hindlimb muscles show alpha-gamma coactivation, pure flexors and extensors alternate simply, and bifunctional pluriarticular muscles receive both flexor and extensor commands, dividing the locomotor cycle into a flexion phase, an extension phase, and two transition phases. The relative weight of these excitations depends on interactions between central commands and peripheral inflow, especially afferents acting according to the flexor reflex pattern, providing a scheme whereby an initially simple rhythmic command plus afferent gating produces the biomechanically adapted movement.","Repeat the paper's own manipulations, exteroceptive stimulation versus curarization and deafferentation, while recording bifunctional muscle motoneurons to quantify how peripheral inflow reshapes transition-phase activity and flexor/extensor command balance.",Implement bifunctional motoneuron pools receiving weighted flexor and extensor CPG commands modulated by flexor-reflex-pattern afferent input; the model should generate transition-phase complexity and task-adapted output from a simple alternating rhythm.,,False
rec6GvqjHjEavh3QO,Role of muscle spindle feedback in regulating muscle activity strength during walking at different speed in mice.,Mayer et al.,,2018,10.1152/jn.00250.2018,Mice,,Ia monosynaptic excitation,,,,False,True,"Muscle spindle feedback regulates the strength of muscle activity across walking speeds in mice — Ia feedback scales EMG amplitude, not only timing, so spindle loss degrades force output as speed increases.",,,,False
rec6LflOgZmei9MLZ,Neuromodulation and flexibility in Central Pattern Generator networks,Harris-Warrick,,2011,10.1016/j.conb.2011.05.011,,,,,,Harris-Warrick 2011,False,True,"Review establishing neuromodulators as constitutive components of CPG function: modulators set the parameters of CPG neurons and synapses to render the networks functional, exert multiple potentially self-stabilizing opposing effects, determine the active neuronal composition as state changes such as locomotor speed, and control the gene expression that sets each neuron's electrophysiological personality. Network models that omit neuromodulator action cannot capture CPG function or its state-dependent flexibility.","Apply and wash out individual neuromodulators during fictive locomotion while tracking identified neurons, to test the predicted changes in active cellular composition and in synaptic parameters across speed states.","Implement neuromodulation as parameter control over gains, synapses, and recruited composition in a CPG model; ablating it should remove state-dependent gait flexibility, and modulators with opposing effects can be used to test the stabilization hypothesis.",,False
rec6Vhp6wlxjLUCWZ,A Limited Set of Muscle Synergies for Force Control During a Postural Task,Ting,,2005,10.1152/jn.00681.2004,,,,,Ting 2005,,False,True,"Computational model study. 18 articles, 12 of which you can access for free at: This article cites http://jn.physiology.org/content/93/1/609.full#ref-list-1 59 other HighWire-hosted articles: This article has been cited by http://jn.physiology.org/content/93/1/609#cited-by including high resolution figures, can be found at: Updated information and services http://jn.physiology.org/content/93/1/609.full can be found at: Journal of...",,,,False
rec6baizWac1zyZw3,Human upright posture control models based on multisensory inputs; in fast and slow dynamics,Chiba,,2016,10.1016/j.neures.2015.12.002,Human,,,,,Chiba 2016,False,True,"Review of human upright posture control models based multisensory. We found that the study of the slow dynamics is lagging compared to that of fast dynamics, such that our understanding of long-term alterations is insufﬁcient to reveal the underlying mechanisms and to propose suitable models.",,,,False
rec6lfBtg6uUvOxsZ,The neuromechanical tuning hypothesis,Prochazka,Yakovenko; Cisek; Drew; Kalaska,2007,10.1016/S0079-6123(06)65016-4,Mammals,,,,,,True,True,"The rhythm-generating properties of central pattern generators (CPGs) are discussed in light of results indicating that cycle characteristics may be preset by tonic drive to spinal interneuronal networks. We then describe neuromechanical simulations that have revealed some basic rules of interaction between CPGs, sensory-mediated switching mechanisms and the biomechanics of locomotor movements. We posit that the spinal CPG timer and the sensory-mediated switch operate in parallel, the former being driven primarily by descending inputs and the latter by the kinematics. The CPG timer produces extensor and flexor phase durations, which covary along specific lines in a plot of phase- versus cycle-duration. We coined the term “phase-duration characteristics” to describe such plots. Descending input from higher centers adjusts the operating points on the phase-duration characteristics according to anticipated biomechanical requirements. In well-predicted movements, CPG-generated phase durations closely match those required by the kinematics, minimizing the corrections in phase duration required of the sensory switching mechanism. We propose the term “neuromechanical tuning” to describe this process of matching the CPG to the kinematics.",,,,False
rec6oOFFhiSzLiCWK,Quantifying Dynamic Stability and Maneuverability in Legged Locomotion,Full,,2002,10.1093/icb/42.1.149,,,,,,Full 2002,False,True,"Formal stability analysis combined with templates yields testable hypotheses of function: because legged animals are dynamically coupled, with different passive recovery rates in different directions, reflex corrections in one direction can introduce perturbations in others, so animals should exert less neural control in directions that recover rapidly via passive dynamics (body orientation, rotation) and more in slowly or non-recovering directions (forward velocity, heading). Neural control best enhances stability when it works with the natural passive dynamics of the musculo-skeletal system, and animals appear overbuilt for steady locomotion, so perturbation experiments are the way to reveal the function of all their parts.","Apply controlled multidirectional perturbations during locomotion and measure passive recovery rates versus active neural correction per direction, testing the hypothesized allocation of neural control to slowly recovering degrees of freedom.","On a template model such as SLIP, compare perturbation recovery with and without reflex correction to quantify cross-direction coupling introduced by feedback, and allocate control only to slow-recovering directions as hypothesized.",,False
rec78NasDfISVsyLl,Modular organization of murine locomotor pattern in the presence and absence of sensory feedback from muscle spindles,Santuz,Akay; Mayer; Wells; Schroll; Arampatzis,2019,10.1113/jp277515,Mice,,,,,,True,True,Muscle synergy testing on mice with and without proprioceptive feedback.,,,,False
rec7FBx5woaWolX0i,Unified comparison of spinal locomotion control architectures in neuromechanical simulations,Ton and Song,,2026,10.64898/2026.06.09.731213,Human,,,,Ton 2026,,True,True,"Implemented four representative spinal locomotion controllers (reflex-based, CPG-reflex, muscle-synergy, CPG-reflex-synergy) in one unified neuromechanical framework and compared them under shared biomechanical conditions: reflex-based and CPG-reflex-synergy controllers best reproduced experimentally observed gait characteristics, and the CPG-reflex-synergy controller was most versatile across speeds and slopes. The limited versatility of all spinal-only controllers across broader speed–slope conditions points to supraspinal modulation as necessary beyond nominal steady gait.",,,,False
rec7NCgPDniURHbDa,Effects of ankle and hip muscle afferent inputs on rhythm generation during fictive locomotion.,Frigon,Sirois; Gossard,2010,10.1152/jn.01028.2009,Cat,Ia; Ib; II,,,,,True,True,"During spontaneous fictive locomotion in decerebrate cats, group I afferents from the plantaris (ankle extensor) nerve always reset the locomotor rhythm, prolonging extension when stimulated in extension and terminating flexion to initiate extension when stimulated in flexion, whereas hip muscle nerve stimulation (rectus femoris, caudal gluteal, sartorius) reset the rhythm only in restricted epochs, with sartorius, particularly at group II strength, shortening the flexion phase. The epoch-specific access of hip afferents implies the rhythm generator operates with several subdivisions to determine phase and cycle durations.",Selective section or stimulation of individual afferent classes in the plantaris and sartorius nerves during fictive locomotion would dissociate which fiber groups produce the always-resetting versus epoch-restricted effects on the rhythm generator.,Implement a rhythm generator with phase subdivisions such that extensor group I input prolongs extension and terminates flexion globally while hip afferent input acts only within specific phase windows; ablating the subdivision should make hip afferents reset the rhythm globally.,,False
rec7PY2fLq3auXrSs,The human spinal cord interprets velocity-dependent afferent input during stepping,Beres-Jones and Harkema,,2004,10.1093/brain/awh252,Human,,,,,,False,True,"In individuals with spinal cord injury stepping on a treadmill with body-weight support, EMG mean amplitudes increased and burst durations shortened as treadmill speed rose from 0.27 to 1.52 m/s, and these modulations could not be accounted for by muscle stretch of an individual muscle and were similar in subjects with partial and with no detectable supraspinal input. The human spinal cord can therefore interpret complex, step-related, velocity-dependent afferent information to contribute to the neural control of stepping.",Speed-series stepping in spinalized animals with and without selective dorsal-root section would identify the afferent fibers carrying the velocity-dependent modulation of EMG amplitude and burst duration.,Couple motoneuron burst amplitude and duration in a stepping model to cycle-velocity-dependent afferent signals rather than instantaneous muscle stretch; removing the velocity pathway should abolish the speed adaptation of motor output.,,False
rec7SsuX3Nrwil3Yy,Genetic Ablation of V2a Ipsilateral Interneurons Disrupts Left-Right Locomotor Coordination in Mammalian Spinal Cord,Crone,Quinlan; Zagoraiou; Droho; Restrepo; Lundfald; Endo; Setlak; Jessell; Kiehn; Sharma,2008,10.1016/j.neuron.2008.08.009,Mice,,,,,,True,True,"Genetic ablation of V2a ipsilateral interneurons disrupts consistent left-right alternation in the mammalian spinal cord and increases locomotor burst variability while leaving flexor-extensor coordination unaffected, and anatomical tracing shows V2a cells provide direct excitatory input onto commissural interneurons, including molecularly defined V0 neurons that drive alternation. The neural substrate for left-right coordination therefore consists of at least two components: commissural neurons and a class of ipsilateral interneurons that activates commissural pathways.",The ablation model itself is the test; recording left-right and flexor-extensor coordination across locomotor speeds in V2a-ablated animals would establish whether the ipsilateral relay onto commissural pathways is speed-dependent.,Implement an ipsilateral V2a excitatory relay onto commissural (V0-like) cross-coupling in a left-right CPG; ablating the relay should selectively degrade left-right alternation while preserving flexor-extensor timing on each side.,,False
rec7VW15gV61Jljkj,Multiple Rhythmic States in a Model of the Respiratory Central Pattern Generator,Rubin,,2009,10.1152/jn.90958.2008,Rat,,,,Rubin 2009,,False,True,"Computational model study. We demonstrate that, although INaP is not necessary for the generation of three- and two-phase oscillations, it contributes to control of the oscillation period in each stat.",,,,False
rec7ZwTKgliDson76,Sensory Feedback Induced by Front-Leg Stepping Entrains the Activity of Central Pattern Generators in Caudal Segments of the Stick Insect Walking System,Borgmann,,2009,10.1523/jneurosci.3155-08.2009,Stick Insect; Insects,,,,,,False,True,We investigated here the influence of stepping in one leg on the activities of neighboring-leg thorax– coxa (TC) joint CPGs in the stick insect (Carausius morosus).,,,,False
rec7kjoASidTkVaOM,Degradation of mouse locomotor pattern in the absence of proprioceptive sensory feedback,Akay,Tourtellotte; Arber; Jessell,2014,10.1073/pnas.1419045111,Mice,,Ia or II swing to stance; Ia or II stance to swing; Ib swing to stance,,,,True,True,"Ia/ II stance to swing

Ia/II and Ib swing to stance",,,,False
rec7nQB7Cpfe5SGV0,Control of fore- and hindlimb movements and their coordination during quadrupedal locomotion across speeds in adult spinal cats,Audet,Harnie; Lecomte; Mari; Merlet; Prilutsky; Rybak; Frigon,2022,10.1089/neu.2022.0042,Cat,,,,,,False,True,"Quadrupedal fore-hindlimb coordination across speeds in adult spinal cats: the isolated spinal cord replays speed-dependent coordination, including gallop-like patterns.",,,,False
rec7rqmd0LMVWWzLN,A method to study and enhance the energy efficiency of soft electrostatic actuators,Zhang,,2026,10.1073/pnas.2527676123,,,,,,,False,True,"is a cofounder of Artimus Robotics, a start -up company that commercializes HASEL actuators.",,,,False
rec7w9deKMq9UhqqA,Phasic gain control of reflexes from the dorsum of the paw during spinal locomotion.,Forssberg,Grillner; Rossignol,1977,10.1016/0006-8993(77)90710-7,Cat,Cutaneous,Cutaneous flexor excitation; Cutaneous stance modification,,,,False,True,"In chronic spinal cats walking on a treadmill, tactile stimulation of the paw dorsum during swing evokes a short-latency flexion response with concomitant crossed extension, while the same stimulus during stance increases ipsilateral extension, a phase-dependent reflex reversal that compensates for unpredicted obstacles by lifting the paw in swing and reinforcing support in stance. The responses are well adapted to ongoing locomotion and leave interlimb coordination intact, except when delivered as the foot approaches the ground after flexion, where the alternating pattern is disturbed.",Map the phase dependence with dense cycle-phase stimulation of the paw dorsum before and after additional spinal lesions to localize where the swing-versus-stance reversal of the tactile reflex is gated.,"Implement a phase-switched paw-dorsum cutaneous reflex, flexion plus crossed extension in swing and ipsilateral extension reinforcement in stance, in a walking model; ablating it tests its contribution to obstacle compensation.",,False
rec8LH1wKqfUKR1m8,Organization of pontine reticulospinal inputs to motoneurons controlling axial and limb muscles in the neonatal mouse.,Sivertsen,Glover; Perreault,2014,10.1152/jn.00820.2013,Mice,,,,,,False,True,"In neonatal mouse brainstem-spinal cord preparations, pontine reticulospinal stimulation activates axial and limb motoneurons bilaterally at cervical, thoracic, and lumbar levels, similarly in medial and lateral motor columns and in flexor- and extensor-dominant segments, with responses following individual stimuli in trains nearly one-to-one. Unilateral C1 hemisection separates two pathways, an uncrossed one that transmits more faithfully and appears more direct, and a crossed one with smaller, longer-latency responses, defining a dual-route organization for bilateral descending control of trunk and limb motor pools.",Additional lesions at successive segmental levels combined with optical motoneuron recording would localize the synaptic relays of the crossed versus uncrossed pontine reticulospinal pathways.,Model descending pontine drive as parallel fast-uncrossed and slower-crossed routes to bilateral motoneuron pools; sectioning the crossed route should reproduce the longer latencies and stimulus-train failures seen after contralateral hemisection.,,False
rec8MVmUOx1oDk02j,Changes in intra- and interlimb reflexes from hindlimb cutaneous afferents after staggered thoracic lateral hemisections during locomotion in cats,Mari,Lecomte; Merlet; Audet,2024,10.1113/jp286151,Cat,Cutaneous,,,,,False,True,"In cats receiving staggered thoracic lateral hemisections on opposite sides of the cord, short-latency cutaneous reflex responses from superficial peroneal stimulation were largely preserved in homonymous and crossed hindlimb muscles, while mid- and long-latency homonymous and crossed responses in both hindlimbs, and forelimb responses, occurred less frequently; whenever responses were present, all latency classes retained their phase-dependent modulation. Loss of longer-latency cutaneous transmission therefore tracks impaired balance and interlimb coordination after spinal cord injury, making reflex transmission a candidate biomarker for locomotor recovery.","The staggered-hemisection model with bilateral nerve stimulation is the paradigm; adding training or pharmacological interventions while tracking short-, mid-, and long-latency reflex recovery would test the biomarker proposal.","Implement short-, mid-, and long-latency cutaneous reflex arcs with phase-dependent gating in a quadruped model; ablating the long-latency inter-enlargement transmission should degrade interlimb coordination while sparing short-latency responses.",,False
rec8SaFrCjyBMQ3J8,Inhibitory interneurons within the deep dorsal horn integrate convergent sensory input to regulate motor performance,Ozeri-Engelhard,Gradwell; Laflamme; Upadhyay; Aoki; Shrier; Gandhi; Gonzalez; Eisdorfer; Zadeh; Yusuf; Katz; Haas; Akay; Abraira,2022,10.1101/2022.05.21.492933,,Cutaneous,Cutaneous stance modification,,,,True,True,"Deep dorsal horn parvalbumin+ glycinergic interneurons (dPVs) receive convergent proprioceptive and cutaneous input from the paw and provide divergent ipsilateral inhibition to ventral horn pre-motor and motor networks, controlling the timing and magnitude of cutaneous-evoked flexor and extensor muscle activity. Descending neuromodulation mimicked by 5-HT, dopamine, and NMDA amplifies dPV output while sensory input shapes its temporal dynamics, and manipulating dPVs during treadmill locomotion alters limb kinematics at the stance-to-swing transition and step-cycle timing at higher speeds, implicating sensory convergence plus inhibitory divergence in smooth, context-appropriate phase transitions.","Test state dependence of the convergent sensory gating by recording dPV responses before and after monoamine application during locomotion, and by selectively activating or silencing dPVs at specific step-cycle phases to measure changes in cutaneous-evoked reflex timing and stance-to-swing kinematics.","Implement a dPV-analog inhibitory population receiving convergent proprioceptive and cutaneous inputs and providing divergent ipsilateral inhibition to MN and premotor pools, with a descending-modulation gain; ablate it to test its effect on stance-to-swing transition timing and cutaneous reflex gating.",,False
rec8WdUONYgfvw1zw,A Role for Hip Position in Initiating the Swing-to-Stance Transition in Walking Cats,McVea,Donelan; Tachibana; Pearson,2005,10.1152/jn.00511.2005,Cat,,Ia or II swing to stance,Hunt 2015,,,True,True,This investigation obtained data that support the hypothesis that afferent signals associated with hip flexion play a role in initiating the swing-to-stance transition of the hind legs in walking cats,,,,False
rec8gxMRruhT4CtH7,The convergence of monosynaptic excitatory afferents on to many different species of alpha motoneurones,Eccles and Lundberg,,1957,10.1113/jphysiol.1957.sp005794,Cat,,,,,,True,True,"Intracellular recording from more than 400 cat spinal motoneurones defined the receptor field of group Ia monosynaptic excitation: a motoneurone receives EPSPs not only from its own muscle (homonymous) but from a characteristic set of synergists (heteronymous), establishing the convergent organization of the Ia monosynaptic pathway.",,,,False
rec8jxlUJWMZw73UO,Control of oscillation periods and phase durations in half-center central pattern generators: a comparative mechanistic analysis,Daun,Rubin; Rybak,2009,10.1007/s10827-008-0124-4,,,,,,,True,True,"Although many half-center CPG models, composed of symmetric units linked by reciprocal inhibition yet varying in their intrinsic cellular properties, have been proposed, the precise oscillatory mechanisms operating in most biological CPGs remain unknown. Using numerical simulations and phase-plane analysis, we comparatively investigated how the intrinsic cellular features incorporated in different CPG models, such as subthreshold activation based on a slowly inactivating persistent sodium current, adaptation based on slowly activating calcium-dependent potassium current, or post-inhibitory rebound excitation, can contribute to the control of oscillation period and phase durations in response to changes in excitatory external drive to one or both half-centers. Our analysis shows that both the sensitivity of oscillation period to alterations of excitatory drive and the degree to which the duration of each phase can be separately controlled depend strongly on the intrinsic cellular mechanisms involved in rhythm generation and phase transitions. In particular, the CPG formed from units incorporating a slowly inactivating persistent sodium current shows the greatest range of oscillation periods and the greatest degree of independence in phase duration control by asymmetric inputs. These results are explained based on geometric analysis of the phase plane structures corresponding to the dynamics for each CPG type, which in particular helps pinpoint the roles of escape and release f",,,,False
rec94az0ZKrkZnjRb,"Short latency, non-reciprocal group I inhibition is reduced during the stance phase of walking in humans.",Stephens and Yang,,1996,10.1016/s0006-8993(96)00977-8,Human; Cat,Ib,Ib disynaptic inhibition,,,,False,True,"In intact humans, short-latency non-reciprocal group I inhibition from the medial gastrocnemius nerve onto the conditioned soleus H-reflex, disynaptic and present at rest in most subjects, is significantly reduced during treadmill walking, with some subjects showing significant excitation, mirroring the reduction of resting Ib inhibition toward excitation seen in walking cats. The reduction may be partially accounted for by activation of the triceps surae itself.","Replicate with intracellular recording in an animal model: measure short-latency group I inhibition in ankle extensor motoneurons at rest, during matched isometric activation, and during locomotion, to separate walking-related from load-related suppression of the Ib pathway.",Implement disynaptic Ib inhibition onto ankle extensors with a locomotor-phase-dependent gain reduction (partial reversal toward excitation during gait); ablate the phase switch to test its effect on stance extensor activity.,,False
rec96v3v9QPo9nM1F,Force Regulation of Ankle Extensor Muscle Activity in Freely Walking Cats,Donelan,McVea; Pearson,2009,10.1152/jn.90918.2008,Cat,Ib; Ia; II,Ib excitatory,,,,False,True,"In freely walking cats with the medial gastrocnemius functionally isolated, changes in ankle extensor activity across walking conditions correlate strongly with Ib (force) afferent activity rather than with Ia or group II activity, and force feedback contributes about 30% of total muscle activity during level walking. The pathway gain from muscle force to motoneuron depolarization is length-independent while loop gain rises with length through the intrinsic force-length property, and force feedback's contribution increases during upslope and decreases during downslope walking, providing a simple mechanism for compensating terrain changes.","Extend the isolated-muscle sloped-walking protocol with underfoot force perturbations (dropping or lifting the peg underfoot) to other limb levels or species, estimating force-feedback gain and its share of stance muscle activity across terrain.",Implement autogenic Ib force feedback on the ankle extensor with length-dependent loop gain (via the force-length property) supplying roughly 30% of stance activation; ablate it during slope changes to test terrain compensation.,,False
rec9DlaMQnKFgSvnW,Reflex control of locomotion as revealed by stimulation of cutaneous afferents in spontaneously walking premammillary cats.,Duysens,,1977,10.1152/jn.1977.40.4.737,Cat,,Cutaneous stance modification; Cutaneous flexor excitation,,,,False,True,"Low-intensity stimulation of cutaneous afferents in spontaneously walking premammillary cats prolongs the extensor burst when delivered during stance but shortens swing flexion and advances extensor onset, while high-intensity stimulation prolongs flexion — cutaneous reflex effects on the locomotor pattern are phase dependent, with large fibres inhibiting and small fibres exciting the flexion-generating circuitry.",,,,False
rec9QuN0QkmKaK8nF,The Role of Proprioceptive Feedback in the Regulation and Adaptation of Locomotor Activity,Lam and Pearson,,2002,10.1007/978-1-4615-0713-0_40,Cat,,Ia or II swing to stance,,,,True,True,muscle spindle ends swing,,,,False
rec9RDRjijNiY2b26,The initiation of the swing phase in human infant stepping: importance of hip position and leg loading,Pang and Yang,,2000,10.1111/j.1469-7793.2000.00389.x,Human; Cat,,,,,,True,True,"In supported stepping of human infants, hip flexion combined with high limb load prolongs stance and delays swing, whereas hip extension with low load shortens stance and advances swing, remarkably similar to reduced cat preparations. Hip position and load show an inverse relationship at the time of swing initiation, indicating the two sensory factors combine to regulate the stance-to-swing transition, consistent with similar brainstem and spinal walking circuitry in infants and cats.","In a spinal or decerebrate cat preparation, independently manipulate hip joint angle and extensor load during treadmill stance to map the interaction surface controlling swing initiation, directly testing the inverse hip-position/load relationship found in infants.",Implement swing-initiation gating as a combined hip-extension and low-load condition with an inverse interaction between hip angle and limb load; ablate either input to reproduce prolonged stance and delayed swing.,,False
rec9USI5G1Z7O1VLM,Simplifying the complexities of maintaining balance,Peterka,,2003,10.1109/memb.2003.1195698,Human,,,,Peterka 2003,,False,True,"Computational model study. However, further consider- ation reveals that this problem is not trivial since complex biomechanical, sensory, neural, and muscular subsystems are involved in human postural control.",,,,False
rec9bo7XN3RjQvFgA,Phase-Dependent Response to Afferent Stimulation During Fictive Locomotion: A Computational Modeling Study.,Fujiki,Aoi; Tsuchiya; Danner; Rybak; Yanagihara,2019,10.3389/fnins.2019.01288,Cat,,,,Fujiki 2019,,True,True,"A half-center CPG model with a slowly inactivating persistent sodium current reproduces the phase-dependent effects of brief afferent stimulation on fictive locomotion in cats, in which stimulation can shorten or prolong the current locomotor phase and reset the cycle depending on stimulation phase and nerve. Dynamic-systems analysis of the model identifies the mechanisms of locomotor rhythm resetting, supporting phase-dependent afferent access to the CPG as the substrate for sensory correction of the locomotor rhythm.","Apply brief nerve stimuli at systematically varied phases of fictive locomotion in immobilized animals and compare the measured phase-response curves (phase shortening or prolongation, cycle resetting) against the half-center model's predictions.","Implement the persistent-sodium half-center CPG and apply brief phase-tagged stimuli to reproduce the cat phase-response behavior (phase-dependent shortening, prolongation, and resetting); use the model's dynamic-systems structure to analyze the resetting mechanisms.",,False
rec9fRy7A9nPiPCWr,Diversity of reticulospinal systems in mammals,Perreault and Giorgi,,2019,10.1016/j.cophys.2019.03.001,Mammals,,,,,Perreault and Giorgi 2019,False,True,"Review of reticulospinal system diversity in mammals — cell types, targets, and functional specialization beyond a monolithic 'reticulospinal tract'.",,,,False
rec9m5Jii31v6NV9M,A neuromechanical simulation of insect walking and transition to turning of the cockroach Blaberus discoidalis,Szczecinski,Brown; Bender; Quinn; Ritzmann,2014,10.1007/s00422-013-0573-3,Cockroach,,,,,,True,True,"A neuromechanical simulation of the cockroach Blaberus discoidalis was developed to explore changes in locomotion when the animal transitions from walking straight to turning. Once walking, inside turning, and outside turning were characterized, phase and amplitude changes for each joint of each leg were quantified. Apparent reflex reversals and joint activity changes were used to modify sensory coupling pathways between the CPG at each joint of the simulation. Oiled-plate experiments in simulation produced tarsus trajectories in stance similar to those seen in the animal. Simulations including forces that would be experienced if the insect was walking freely (i.e., weight support and friction) again produced similar results. These data were not considered during the design of the simulation, suggesting that the simulation captures some key underlying the principles of walking, turning, and transitioning in the cockroach. In addition, since the nervous system was modeled with realistic neuron models, biologically plausible reflex reversals are simulated, motivating future neurobiological research.",,,,False
rec9mNMkDGCDV2i9R,Automated neuron model optimization techniques: a review,Van Geit,,2008,10.1007/s00422-008-0257-6,,,,,,Van Geit 2008,False,True,"Review of automated parameter optimization for computational neuron models, distinguishing feature-based, point-by-point voltage-trace, and multi-objective error functions, and detailing search algorithms including brute force, simulated annealing, genetic algorithms, evolution strategies, differential evolution, and particle-swarm optimization; the Neurofitter package combines a phase-plane trajectory density fitness function with several of these searches, replacing intractable hand tuning as model complexity grows.",,"Adopt automated multi-objective optimization (feature-based or trace-based fitness with evolutionary or annealing search) for tuning CPG and reflex-model parameters instead of hand tuning, per the reviewed error-function and search-algorithm taxonomy.",,False
recA8QvkzC5L06SUk,Designing responsive pattern generators: stable heteroclinic channel cycles for modeling and control,Horchler,Daltorio; Chiel; Quinn,2015,10.1088/1748-3190/10/2/026001,,,,,Horchler 2015,,False,True,"Parameterizes noise-driven Lotka-Volterra stable heteroclinic channel (SHC) cycles so that each saddle's mean sub-period can be designed independently (analytic approximation within 2%), with the noise magnitude setting the mean period to near integration-step accuracy. The architecture gives pattern generators immediate multisensory responsiveness by modulating dwell time at a phase of oscillation, applicable to robot control and to modeling context-dependent behaviors with rapid, input-precipitated transitions in frequency and phase.",Test the SHC dwell-time prediction in a locomoting animal: deliver brief multisensory perturbations at known phases of the cycle and quantify phase-specific changes in dwell time and cycle period as the model predicts.,Implement a Lotka-Volterra SHC-cycle pattern generator with per-saddle dwell-time design and noise-set mean period; deliver multisensory perturbations to test immediate phase responsiveness against a half-center CPG.,,False
recAKWnUj6OpRdjFH,Neurodynamic modeling of the fruit fly Drosophila melanogaster.,Goldsmith,Szczecinski; Quinn,2020,10.1088/1748-3190/ab9e52,Insects,Mechanosensory,,,Goldsmith 2020,,False,True,"Drosophibot, a hexapod robot and dynamic simulation of Drosophila melanogaster, captures fruit-fly biomechanics through dynamically scaled joint elasticity and movement speed, a biomimetic actuator scheme converting neural activity into motion as in insects, proprioception from all leg joints and strain sensing from all leg segments, and passively compliant tarsi. Its actuators and sensors are shown to perform in an animal-like way, providing a testbed in which an insect neural walking controller can be evaluated in simulation and transferred to hardware.","Record leg-joint proprioceptor and leg-segment strain-organ activity in walking flies to validate the biomimetic sensing assumptions (scaled joint elasticity, per-segment strain sensing) implemented in Drosophibot.","Replicate Drosophibot-style biomimetic sensing (per-joint proprioception, per-segment strain feedback) and neural-activity-to-motion actuation in simulation; ablate the strain-sensing channel to quantify its role in the insect neural walking controller.",,False
recAPvL2Lqs8OGZT2,From neuron to behavior: dynamic equation-based prediction of biological processes in motor control,Daun-Gruhn and Büschges,,2011,10.1007/s00422-011-0446-6,Stick Insect,,,,,Daun-Gruhn and Büschges 2011,False,True,"Argues, on the stick insect walking system, that continuous dynamic models in the form of differential equations outperform discontinuous bistable descriptions of coordinated locomotion: they permit inclusion of biological detail, suitability for simulation, and, most importantly, parameter manipulation to make predictions about system behavior in a system where coordination emerges from concerted joint dynamics interacting across dynamical scales.","Use the continuous models' parameter manipulations to design stick-insect walking perturbation experiments (for example altered joint loading), whose predicted kinematic outcomes can then be tested experimentally.","Build the stick-insect walking system as continuous differential-equation joint models, using parameter manipulation to predict coordination changes and comparing against discontinuous bistable alternatives.",,False
recATBxX2a8F6fw7l,Common Principles of Motor Control in Vertebrates and Invertebrates,Pearson and Kg,,1993,10.1146/annurev.ne.16.030193.001405,,,,,,Pearson 1993,False,True,"The abstract attached to this record describes the brain's default mode network rather than motor control, an apparent database mismatch, so no content can be grounded from it and the content fields are left empty; the record needs its abstract re-sourced from the DOI before curation.",,,,False
recATJ2aCZl7aUXZY,In Vitro Reconstruction of the Respiratory Central Pattern Generator of the Mollusk <i>Lymnaea</i>,Syed,,1990,10.1126/science.2218532,,,,,,,False,True,"A three-neuron network reconstructed in culture generates the respiratory rhythm of the pond snail Lymnaea stagnalis, with postinhibitory rebound excitation identified as the mechanism important for rhythm generation, establishing an in vitro model system in which the neural basis of rhythm generation can be studied at the level of identified cells.",Reconstruct and pharmacologically manipulate the identified three-neuron ensemble in culture (for example blocking postinhibitory rebound) to test the causal sufficiency of rebound excitation for rhythm generation; analogous ablations are possible in other identified invertebrate CPGs.,Implement a three-neuron CPG relying on postinhibitory rebound excitation for rhythm generation; ablate the rebound mechanism to test rhythm loss and compare its burst-termination dynamics with adaptation-based half-centers.,,False
recB7n3thv2EEgswz,Changes in intra- and interlimb reflexes from forelimb cutaneous afferents after staggered thoracic lateral hemisections during locomotion in cats,Mari,Lecomte; Merlet; Audet,2024,10.1113/jp286808,Cat,Cutaneous,,,,,False,True,"In cats during quadrupedal locomotion, staggered thoracic lateral hemisections largely spare short-, mid- and long-latency homonymous and crossed forelimb reflexes from superficial radial nerve stimulation together with their phase modulation, but significantly reduce or abolish mid- and long-latency homolateral and diagonal responses in hindlimb muscles. This shows a considerable loss of cutaneous reflex transmission from cervical to lumbar levels after incomplete spinal cord injury despite preserved phase modulation, likely impairing coordinated responses to external perturbations across the four limbs.",Combine staggered hemisections with targeted restoration of cervico-lumbar transmission (for example stimulation-based approaches) and quantify recovery of homolateral and diagonal cutaneous reflex responses and of forelimb-hindlimb coordination during locomotion.,Model phase-gated cutaneous reflex pathways with interlimb homolateral and diagonal projections onto all four limbs; ablate the cervico-lumbar links to reproduce the loss of hindlimb responses and weakened interlimb coordination after incomplete spinal cord injury.,,False
recBBTuyfoRBF4qKO,Mechanical models for insect locomotion: dynamics and stability in the horizontal plane I. Theory,Schmitt,,2000,10.1007/s004220000181,Insects; Cockroach,,Biomechanically mediated preflexive feedback,,,,False,True,"Horizontal-plane rigid-body models with pairs of virtual elastic legs in intermittent ground contact exhibit periodic gaits whose stability is largely determined by geometrical criteria, showing that mechanics alone can confer asymptotic stability in heading and body orientation without neural feedback, motivating application to rapidly running cockroaches in the companion paper.","Perturb heading and body orientation of rapidly running insects and test whether recovery is achieved passively, without corrective changes in neural timing, consistent with mechanically conferred asymptotic stability.",Implement the horizontal-plane passive compliant-legged dynamics with intermittent foot contact in a legged-robot model and test whether heading and orientation stability emerge from mechanics alone before adding any neural feedback (preflex behavior).,,False
recBG7nKHyAasniee,Mechanosensory Feedback in Walking: From Joint Control to Locomotor Patterns,Büschges and Gruhn,,2007,10.1016/s0065-2806(07)34004-6,,,,,,,False,False,,,,,False
recBJNwgxWX8FERYZ,Dynamic response of human muscle spindle afferents to stretch,Edin,,1990,10.1152/jn.1990.63.6.1297,Human,Ia; II; Ib,,,,,False,True,"In human radial-nerve recordings from finger extensor muscles, three discrete and statistically pairwise-independent response markers, the initial burst at stretch onset, the deceleration response at the start of hold, and prompt silencing during imposed shortening, discriminate muscle spindle primaries from secondaries (the dynamic index alone is a poor discriminator with a unimodal distribution), while Golgi tendon organ afferents give negligible stretch responses; the battery supports a probability-based classification of human muscle afferents.","Apply the three-marker classification battery with ramp-and-hold and superimposed sinusoidal stretches to muscle afferents in other human muscles or in animal preparations, building the probability-based classification database the paper proposes.","Implement Ia and II spindle models that reproduce the discrete dynamic markers (initial burst, deceleration response, silence during shortening) and validate the model's response statistics against these human single-unit data.",,False
recBMsJS4yKuHNuo5,Disynaptic group I excitation of synergist ankle extensor motoneurones during fictive locomotion in the cat.,McCrea,Shefchyk; Stephens; Pearson,1995,10.1113/jphysiol.1995.sp020897,Cat,Ia; Ib,Ib disynaptic inhibition; Ib disynaptic excitation,,,,True,True,"In decerebrate cats, plantaris nerve group I stimulation evokes short-latency disynaptic IPSPs in medial gastrocnemius motoneurons at rest but EPSPs during the extensor phase of MLR-evoked fictive locomotion, also elicited by selective group Ia activation via Achilles tendon stretch, indicating an excitatory group Ia and Ib feedback system that reinforces ongoing extensor activity during stance. In clonidine-treated spinal preparations the resting inhibition disappears without appearing as excitation, suggesting locomotion inhibits the inhibitory interneurons operating at rest.",Record group I-evoked PSPs intracellularly in ankle extensor motoneurons throughout the fictive step cycle in different preparations (MLR-evoked versus spinal with clonidine) to dissociate suppression of the resting inhibitory pathway from expression of disynaptic excitation.,"Implement phase-switched group I pathways onto synergist ankle extensor motoneurons, disynaptic inhibition at rest and disynaptic excitation during the extensor phase; ablate the switch to test reinforcement of extensor activity during stance.",,False
recBgnEcuiN6cSJBL,The locomotion of the low spinal cat. II. Interlimb coordination,Forssberg,Grillner; Halbertsma; Rossignol,1980,10.1111/j.1748-1716.1980.tb06534.x,Cat,,,,,,False,True,"Chronic spinal kittens on a split-belt treadmill maintain a common hindlimb rhythm across two- to threefold belt speed differences by prolonging the flexion or first extension phase of the fast-belt limb and shortening the flexion phase of the slow-belt limb, with extreme differences producing 2, 3, or even 4 fast-limb steps per slow-limb cycle; support-phase duration mainly follows each limb's own belt speed. All phases of the step cycle are thus modifiable, with several spinal mechanisms coordinating the limbs.",Run chronic spinal animals on split-belt treadmills with graded belt speed differences and record hindlimb EMG to map the limits of rhythm sharing and the rules of per-limb phase modification across preparations.,"Implement spinal interlimb coordination with per-limb phase modification under asymmetric timing commands (a split-belt analog), including shared rhythm up to two- to threefold speed differences and integer multiple stepping beyond that.",,False
recBjo2JaO4aDGNK7,Dynamic Regulation of Sensorimotor Integration in Human Postural Control,Peterka,,2004,10.1152/jn.00516.2003,Human,,,,Peterka 2004,,False,True,"Computational model study. However, we show that, after a period in which access to accurate sensory information was reduced, the restoration of accurate information disrupted postural stability.",,,,False
recBk3EfLp4HDiPMN,Age and sex differences in human balance performance from 6-18 years of age: A systematic review and meta-analysis,Schedler,,2019,10.1371/journal.pone.0214434,Human,,,,,Schedler 2019,True,True,"Review of age sex differences human balance performance. RESEARCH ARTICLE Age and sex differencesin human balance performancefrom 6-18 years of age: A systematicreview and meta-analysis Simon SchedlerID 1*, Rainer Kiss2, Thomas Muehlbauer1 1 Division of Movement and Training Sciences/Biomechanics of Sport, University of Duisburg-Essen, Essen, Germany, 2 Department of Health and Social Affairs,...",,,,False
recBowk2bNdwFfR9o,Ia inhibitory interneurons and Renshaw cells as contributors to the spinal mechanisms of fictive locomotion.,Pratt and Jordan,,1987,10.1152/jn.1987.57.1.56,Cat,Ia,Ia reciprocal inhibition,,,,False,True,"During MLR-evoked fictive locomotion in decerebrate cats, Renshaw cells discharge rhythmically in phase with the motoneuron pools that excite them, with extensor Renshaw activity peaking at the end of extension coincident with extensor motoneuron hyperpolarization; Renshaw inhibition of quadriceps Ia inhibitory interneurons is not sufficient to disrupt the phasing of reciprocal inhibition, though extensor Renshaw cells may contribute to the late-extension decline in IaIN discharge. Ia reciprocal IPSPs in motoneurons vary significantly in amplitude across the fictive step cycle.","Record Renshaw cells, Ia inhibitory interneurons, and alpha-motoneurons simultaneously during fictive locomotion, and test the Renshaw-to-IaIN contribution at end-extension by selectively stimulating or silencing Renshaw cells through the step cycle.",Implement Renshaw cells phase-locked to motoneuron pools with recurrent inhibition onto Ia inhibitory interneurons; ablate the Renshaw-to-IaIN connection to test the late-extension decline of reciprocal inhibition.,,False
recBpCSEORrkMr9vr,Effects of combining static and dynamic fusimotor stimulation on the response of the muscle spindle primary ending to sinusoidal stretching.,Hulliger,,1977,10.1113/jphysiol.1977.sp011840,Cat,Ia,,,,,False,True,"In cat soleus muscle spindle primary endings under sinusoidal stretch, combined static and dynamic fusimotor stimulation is dominated by static action at small amplitudes (up to about 50 micrometers) with the dynamic contribution growing progressively with stretch amplitude; at response peaks the two actions sum (dynamic stronger), whereas in troughs static action occludes the weaker dynamic action, and phase differences between conditions remain below 20 degrees. The findings characterize how fusimotor set shapes Ia encoding of stretch.",Stimulate pairs of static and dynamic fusimotor fibers during controlled sinusoidal stretching in other muscles or species to test the generality of the amplitude-dependent summation and occlusion rules for spindle primary endings.,"Implement spindle-primary afferent encoding with separate static and dynamic fusimotor drives reproducing the amplitude-dependent summation and occlusion behavior, and modulate fusimotor set during locomotion to shape Ia feedback.",,False
recBq2I1f3v1wg9i1,Propriospinal Neurons: Essential Elements of Locomotor Control in the Intact and Possibly the Injured Spinal Cord.,Laliberté,Goltash; Lalonde; Bui,2019,10.3389/fncel.2019.00512,Human,,,,,Laliberté 2019,True,True,"Review of propriospinal interneurons as short- and long-distance relays within the spinal cord that link motor circuits controlling muscles across the forelimbs, trunk, and hindlimbs; their coordinating role in the intact cord, and the formation and activation of circuits established by spared propriospinal interneurons, may promote the re-emergence of locomotion after spinal cord injury disrupts descending commands, with supporting progress in animal models and human patients.","In spinal cord injury animal models, test whether activating spared propriospinal circuits (through training or stimulation) re-establishes forelimb-hindlimb locomotor coupling as the review proposes.",Implement short- and long-propriospinal intersegmental coupling between locomotor circuits for the limbs and trunk; ablate the coupling to emulate spinal-cord-injury disconnection and test recovery through its re-activation.,,False
recBqaMMPYjKT0toi,The Persistent Sodium Current Generates Pacemaker Activities in the Central Pattern Generator for Locomotion and Regulates the Locomotor Rhythm,Tazerart,,2008,10.1523/jneurosci.1437-08.2008,Mammals,,,,,,False,True,"In neonatal rodent spinal cord, removing extracellular calcium unmasks bursting in about 75% of interneurons in the locomotor CPG area with a concomitantly upregulated persistent sodium current, and putative CPG interneurons including commissural and Hb9 interneurons express riluzole-sensitive I(NaP)-dependent bursting, with most bursting cells showing pacemaker-like frequency increases under depolarization. Upregulating I(NaP) with veratridine induces riluzole-sensitive bursting and slows the locomotor rhythm, establishing I(NaP) pacemaker properties as generators and frequency regulators of the locomotor rhythm.","Apply I(NaP) blockers (riluzole) and enhancers (veratridine) to isolated spinal cord preparations while recording locomotor-like activity, testing the predicted slowing or loss of the rhythm with I(NaP) reduction and speeding with enhancement.","Add persistent-sodium pacemaker currents to CPG interneurons and modulate the I(NaP) conductance (model analogs of riluzole and veratridine) to test rhythm initiation, frequency regulation, and burst termination.",,False
recBtnQEViQe9nMbF,BirdBot achieves energy-efficient gait with minimal control using avian-inspired leg clutching,Badri-Spröwitz,,2022,10.1126/scirobotics.abg4055,,,,,Badri-Spröwitz 2022,,False,True,"Computational model study. Here, we demonstrate an avian-inspired robot leg design, BirdBot, that challenges the reliance on rapid feedback control for joint coordination and replaces active control with intrinsic, mechanical coupling, reminiscent of a self-engaging and disengaging clutch.",,,,False
recBw9Zqf4F6xcr4o,Nonlinear Modulation of Cutaneous Reflexes with Increasing Speed of Locomotion in Spinal Cats,Hurteau,Thibaudier; Dambreville; Chraibi; Desrochers; Telonio; Frigon,2017,10.1523/JNEUROSCI.3042-16.2017,Cat,,,,,,True,True,"When walking, receptors located in the skin respond to mechanical pressure and send signals to the CNS to correct the trajectory
of the limb and to reinforce weight support. These signals produce different responses, or reflexes, if they occur when the foot is
contacting the ground or in the air. This is known as phase-dependent modulation of reflexes. However, when walking at faster
speeds, we do not know if and how these reflexes are changed. In the present study, we show that reflexes from the skin are
modulated with speed and that this is controlled at the level of the spinal cord. This modulation could be important in preventing
sensory signals from destabilizing the walking pattern.

The speeddependent modulation of cutaneous reflexes was assessed by evoking and characterizing ipsilateral and contralateral responses in
semitendinosus, vastus lateralis, and lateral gastrocnemius muscles at four treadmill speeds: 0.2, 0.4, 0.6, and 0.8 m/s. The amplitudes of
ipsilateral and contralateral responses were largest at intermediate speeds of 0.4 and 0.6 m/s, followed by the slowest and fastest speeds
of 0.2 and 0.8 m/s, respectively. The phase-dependent modulation of reflexes was maintained across speeds, with ipsilateral and contralateral responses peaking during the stance-to-swing transition and swing phase of the ipsilateral limb or midstance of the contralateral limb. Reflex modulation across speeds also correlated with the spatial symmetry of the locomotor pattern, but no",,,,False
recC2l33o0qbTliw9,"Integration of feedforward and feedback control in the neuromechanics of vertebrate locomotion: a review of experimental, simulation and robotic studies",Ijspeert and Daley,,2023,10.1242/jeb.245784,Vertebrates,,,,,Ijspeert and Daley 2023,True,True,"Review arguing that vertebrate locomotion emerges from distributed control, spinal CPGs as coupled-oscillator feedforward controllers plus multiple reflex feedback loops, activated and modulated by descending pathways, whose relative contributions vary among animals with body size, intrinsic mechanical stability, time to reach locomotor maturity, and speed. It hypothesizes that distal joints rely more on feedback control than proximal joints, and positions robots and neuromechanical simulations as complements to experiments through what-if scenario testing.",Test the distal-versus-proximal feedback hypothesis by locally perturbing or denervating feedback at individual joints of locomoting animals and comparing the compensation achieved at distal versus proximal joints.,"Build hybrid CPG-plus-reflex architectures with joint-dependent feedback weighting (stronger feedback at distal joints) and use what-if simulations to test the proposed division of labor across body size, intrinsic mechanical stability, and speed.",,False
recC76WYNaaRhRz3f,Simulated Neural Dynamics Produces Adaptive Stepping and Stable Transitions in a Robotic Leg,Klein,Szczecinski; Ritzmann; Quinn,2014,10.1007/978-3-319-09435-9_15,,,,,,,True,False,,,,,False
recC8F0zHHvXzceS9,Taking the next step: cortical contributions to the control of locomotion,Drew and Marigold,,2015,10.1016/j.conb.2015.01.011,,,,,,Drew 2015,False,True,"Locomotor planning and gait modification rest on a cortical division of labor: posterior parietal cortex builds an estimate of the animal's position relative to objects in its path to plan visually guided locomotion, while motor cortex executes gait modifications by phasically modulating groups of synergistic muscles active at different times in the gait cycle.","Transiently inactivate PPC versus motor cortex during visually guided locomotion over obstacles while recording EMG of synergistic muscle groups, to test the claimed dissociation between planning (PPC) and phase-locked execution (motor cortex).",Add a supraspinal layer to a CPG walker in which a PPC-like module estimates body-to-obstacle geometry for planning and a motor-cortex-like module phase-gates muscle synergies; ablating each module should selectively degrade obstacle negotiation versus flat-ground gait modification.,,False
recC9OOtHmEDmuNji,Dephasing and Bursting in Coupled Neural Oscillators,Han,,1995,10.1103/physrevlett.75.3190,,,,,Han 1995,,False,True,"Diffusive voltage coupling between nonlinear neural oscillators can dephase rather than synchronize them, producing a bursting-like regime in which oscillators synchronize at small oscillation amplitude and desynchronize once amplitude grows large — a mechanism by which coupling structure alone generates antiphase and amplitude switching in oscillator pairs.",,Couple half-center or inter-leg CPG oscillators diffusively in the voltage variable and sweep coupling strength and amplitude to check for dephasing and amplitude-switching bursts; relevant whenever naive diffusive coupling is assumed to be synchronizing.,,False
recCFeBMqwumM6uPE,"Current Principles of Motor Control, with Special Reference to Vertebrate Locomotion",Grillner and El Manira,,2020,10.1152/physrev.00015.2019,Vertebrates; Mammals; Lamprey,,,,,Grillner 2020,True,True,"Frames vertebrate locomotor control as spinal CPG microcircuits setting muscle timing with sensory compensation for perturbations, brainstem command systems setting CPG activity level and locomotor speed, basal ganglia selecting and initiating/stopping motor programs, with postural and steering systems integrated around the propulsive core.","Use the framework's level structure to design dissociation experiments — brainstem stimulation during spinal CPG recordings to map speed control, or basal ganglia manipulation during gait initiation and stopping — to test the predicted hierarchy of command, selection, and pattern generation.","Architect a controller with distinct CPG modules, brainstem-like drive/gain modules for speed, and a basal ganglia-like action-selection layer that starts and stops locomotion; ablate each level to reproduce the framework's predicted functional dissociations.",,False
recCKM8JmUVPKSFeP,Neuromechanical model of praying mantis explores the role of descending commands in pre-strike pivots.,Szczecinski et al.,,2015,10.1088/1748-3190/10/6/065005,Insects,,,,Szczecinski 2015,,False,True,Neuromechanical model of the praying mantis showing how descending commands interact with leg mechanics to produce pre-strike pivots; small descending signals exploit body dynamics.,,,,False
recCal5CrqUJKma67,Positive force feedback in human walking: Positive force feedback in human walking,Grey,,2007,10.1113/jphysiol.2007.130088,Human,Ib,Ib excitatory,,,,False,True,"Rapid plantar flexion perturbations in late stance transiently suppress soleus EMG in proportion to treadmill inclination and Achilles tendon force (not ankle kinematics), indicating that Golgi tendon organ feedback via the group Ib pathway operates as positive force feedback enhancing ankle extensor activity during late stance of human walking.","In an instrumented animal walking preparation with tendon force and Ib afferent recording, apply matched late-stance unloading perturbations across inclines to measure the gain and phase dependence of the positive force feedback loop.",Implement stance-gated positive force feedback from tendon-force-like Ib signals onto ankle extensor motoneurons in a neuromuscular walker and ablate it: the model should lose inclination-dependent late-stance extensor enhancement and show the unload-induced EMG drop.,,False
recCjTyA6Mz9tHw0G,Sensory feedback and central neuronal interactions in mouse locomotion,Molkov,Yu; Ausborn; Bouvier,2024,10.1098/rsos.240207,Mice,,,,Molkov 2024,,False,True,"A tractable model of mouse locomotion — four per-limb state-machine rhythm generators with limb load, extension, and balance feedback — separates the roles of sensory feedback from central propriospinal interactions in speed-dependent gait expression, and predicts that postural imbalance feedback critically controls swing-to-stance transitions and stabilization of walking direction.","Perturb limb loading or balance (lateral support shifts, single-limb loading) at defined speeds in walking mice and measure inter-limb phase and swing-to-stance timing to test whether transition timing shifts as the model predicts.","Implement four per-limb rhythm generators with load-, extension-, and balance-driven state transitions; ablate the balance signal to test for destabilized swing-to-stance transitions and wandering direction, and ablate propriospinal inter-limb coupling to reproduce speed-dependent gait changes.",,False
recDBS8FWkbL8ogi1,A neuromechanical model exploring the role of the common inhibitor motor neuron in insect locomotion.,Naris,Szczecinski; Quinn,2020,10.1007/s00422-019-00811-y,Insects,,,,Naris 2020,,False,True,"In a closed-loop neuromechanical model of insect joint control, slow muscle fibers act as temporal integrators of sensory feedback that improve limb positioning accuracy, and common inhibitory motor neurons reset this integration by accelerating muscle relaxation at commanded position changes — allowing stance-phase speed control independent of swing amplitude or duration through the gain of sensory feedback to stance muscles.","Record common inhibitor activity and slow fiber responses in walking insects while manipulating stance load or commanded position, to test whether CI firing accelerates relaxation at position changes and whether stance speed is set by proprioceptive feedback gain.","Give simulated joint actuators slow-fiber (leaky-integrator) dynamics with sensory feedback plus a CI-like inhibitory reset input; ablating CI should slow relaxation after retargeting, and raising stance feedback gain should speed stance without altering swing amplitude or duration.",,False
recDGA2Yt2ZU5pYhG,Contribution of stretch reflexes to locomotor control: a modeling study,Yakovenko,Gritsenko; Procházka,2004,10.1007/s00422-003-0449-z,,Ia; Ib,Biomechanically mediated preflexive feedback,,Yakovenko 2004,,False,True,"A two-legged neuromuscular model shows that intrinsic muscle stiffness driven by a stereotyped rhythmic pattern sustains surprisingly stable gait without sensory control, that spindle Ia and tendon organ Ib stretch-reflex feedback (35 ms latency, 30% of the EMG profile, active only when the receptor-bearing muscle contracts) is crucial for load compensation only when central drive is low, and that finite-state control greatly extends adaptive capability.","In decerebrate or spinal walking animals with graded central drive, block spindle and tendon organ afferents to test the prediction that deafferentation destabilizes gait mainly at low levels of central activation.","Add state-gated autogenic Ia/Ib stretch feedback (fixed latency, bounded contribution to motoneuron activation) to a feedforward-driven Hill-muscle biped and ablate it at high versus low central drive to reproduce the state-dependent stabilizing contribution.",,False
recDKSwBYMQO5uNiK,Organization of left-right coordination of neuronal activity in the mammalian spinal cord: Insights from computational modelling,Shevtsova,Talpalar; Markin; Harris-Warrick; Kiehn; Rybak,2015,10.1113/JP270121,Mammals; Mice,,,,Shevtsova 2015,,True,True,"Coordination of neuronal activity between left and right sides of the mammalian spinal cord is provided by several sets of commissural interneurons (CINs) whose axons cross the midline. Genetically identified inhibitory V0D and excitatory V0V CINs and ipsilaterally projecting excitatory V2a interneurons were shown to secure left-right alternation at different locomotor speeds. We have developed computational models of neuronal circuits in the spinal cord that include left and right rhythm-generating centres interacting bilaterally via three parallel pathways mediated by V0D , V2a-V0V and V3 neuron populations. The models reproduce the experimentally observed speed-dependent left-right coordination in normal mice and the changes in coordination seen in mutants lacking specific neuron classes. The models propose an explanation for several experimental results and provide insights into the organization of the spinal locomotor network and parallel CIN pathways involved in gait control at different locomotor speeds.",,,,False
recDNGNcRKT5a9NLH,Influence of Brain Stem on Axial and Hindlimb Spinal Locomotor Rhythm Generating Circuits of the Neonatal Mouse.,Jean-Xavier and Perreault,,2018,10.3389/fnins.2018.00053,Mice,,,,,,True,True,"In isolated neonatal mouse brainstem-spinal cord preparations, removing or cooling the brain stem increases locomotor rhythm frequency and shortens axial and hindlimb motoneuron bursts without altering the tonic excitability component, showing brainstem locomotor circuits are operational at birth and extend the operating range of spinal axial and hindlimb rhythm-generating circuits.","Record identified brainstem neurons and silence them during fictive locomotor-like activity to determine which descending pathway sets rhythm frequency versus burst duration, and whether the modulation is segregated between axial and hindlimb circuits.","Add a descending module that independently scales CPG frequency and burst duration over axial and hindlimb rhythm generators; ablating it should reproduce the faster, shorter-burst rhythm observed after brain stem removal.",,False
recDNNmx4fL6zAhv1,Locomotor Control: From Spring-like Reactions of Muscles to Neural Prediction,Yakovenko and Procházka,,2001,10.1201/9781420038705.ch6,,,,,,,False,False,,,,,False
recDT62aen4FMrVhd,Positive force feedback in bouncing gaits?,Geyer,,2003,10.1098/rspb.2003.2454,Cat,,Ib stance to swing,,,,True,True,Bring more context on how the transition from gaits to running are formed and give models examples of how operations roll out.,,,,False
recDoAxJ5lJhJlBYb,Dopamine modulation of transient potassium current evokes phase shifts in a central pattern generator network,Harris-Warrick,,1995,10.1523/jneurosci.15-01-00342.1995,,,,,Harris-Warrick 1995,,False,True,"Computational model study. Consistent with this prediction, we found that dopamine evokes a net conductance decrease in synaptically isolated PY neurons.",,,,False
recDoc59f9eBJy5Af,A simple network of proprioceptive reflexes can produce a variety of bipedal gaits,Bunz,,2025,10.1101/2025.02.05.636668,Human,,,,Bunz 2025,,True,True,"A controller built solely from monosynaptic and antagonistic length- and force-feedback pathways with constant gains produces walking, hopping, and running forwards and backwards in simulation — no CPG, no state machine, no gain modulation — arguing for a re-evaluation of reflexes' role in rhythm generation, with proprioception as the sole source of versatile gaits.",,,,False
recDwbEYyQQlLnr6T,Kinematic and behavioral evidence for a distinction between trotting and ambling gaits in the cockroach Blaberus discoidalis,Bender,Simpson; Tietz; Daltorio; Quinn; Ritzmann,2011,10.1242/jeb.056481,Cockroach,,,,,,True,True,"Cockroaches step at bimodally distributed slow (<10 cm/s) and fast (~30 cm/s) rates whether freely exploring or tethered on oiled glass with inter-leg mechanical coupling removed, with distinct joint-kinematic distributions per gait and a transition near a Froude number of ~0.4 — establishing multiple discrete gaits and requiring gait-aware interpretation of neural locomotor control data.","Use the tethered oiled-plate preparation to isolate neural coupling and record motor neurons or interneurons at matched slow versus fast stepping, then manipulate load at Froude-matched conditions to probe the gait-switch mechanism.","Build a hexapod controller whose gait switches near Froude ~0.4 and test whether bimodal stepping and distinct joint-kinematics distributions persist when mechanical inter-leg coupling is removed, dissociating neural from mechanical gait determination.",,False
recE58oyIqSq818ko,Kinematic and Kinetic Analysis of a Biomechanical Model of Rat Hind Limb with Biarticular Muscles,Deng,Szczecinski; Hunt; Chiel; Quinn,2020,10.1007/978-3-030-64313-3_7,,,,,,,False,False,,,,,False
recE9cSeqeqqeRjE5,Spinal Interneurons: Diversity and Connectivity in Motor Control,Sengupta and Bagnall,,2023,10.1146/annurev-neuro-083122-025325,Mammals; Mice,,,,,Sengupta and Bagnall 2023,False,True,"Comprehensive review of spinal interneuron diversity — V0–V3, dI6, Shox2 and related classes — and their connectivity in motor control; a reference map for interneuron contributions to rhythm and pattern.",,,,False
recEVziGsbjKuhyRk,Non-linear stimulus-response behavior of the human stance control system is predicted by optimization of a system with sensory and motor noise,Kooij,,2010,10.1007/s10827-010-0291-y,Human,,,,Kooij 2010,,True,True,"Computational model study. We developed a theory of human stance control that predicted (1) how subjects re-weight their utilization of proprioceptive and graviceptive orientation information in experiments where eyes closed stance was perturbed by surface-tilt stimuli with different amplitudes, (2) the experimentally observed increase in body sway variability...",,,,False
recEfpqUr9aBwNnv4,Control of walking and running by means of electric stimulation of the midbrain,Shik,,1966,,Cat,,,,,,False,True,Electrical stimulation of the mesencephalic locomotor region elicits walking and running graded by stimulus intensity — the founding demonstration of the MLR and descending gait control.,,,,False
recEm0axCU177keHd,Contribution of morphology and membrane resistance to integration of fast synaptic signals in two thalamic cell types,Perreault and Raastad,,2006,10.1113/jphysiol.2006.113043,Cat,,,,,,False,True,Morphology and membrane resistance determine integration of fast synaptic signals in two thalamic cell types; dendritic structure sets the window for synaptic summation.,,,,False
recEo8zrcYm7PAsFe,Sophisticated spinal contributions to motor control,Poppele and Bosco,,2003,10.1016/S0166-2236(03)00073-0,Vertebrates; Frog; Turtle; Cat,,,,,,True,True,"Review paper.
There is an extensive propriospinal network of reciprocal excitatory and inhibitory connections active during locomotion that may activate MNs far from the site of pattern generator.

A key issue in motor control is how sensory
inputs direct and inform motor output, – that is, the
sensorimotor process. Other major issues involve the
actual control of the motor apparatus. In general, there
are at least three basic requirements for motor control:
the transformations that map information from sensory
to motor coordinates, the specification of individual
muscle activations to achieve a kinematic goal, and the
control of multiple degrees of freedom. Here, we make
the case that the vertebrate spinal cord has the capacity
to solve each of these problems to a degree that is relevant for normal behavior.",,,,False
recErzmL73q2PEhtl,A review of the integrate-and-fire neuron model: II. Inhomogeneous synaptic input and network properties,Burkitt,,2006,10.1007/s00422-006-0082-8,,,,,Burkitt 2006,Burkitt 2006,False,True,Review of review integrate-and-fire neuron model: ii.. Computational model study. The integrate-and-ﬁre neuron model has become established as a canonical model for the description of spiking neurons be- cause it is capable of being analyzed mathematically while at the same time being sufﬁciently complex to capture many of the essential features of neural processing.,,,,False
recEuvR1ll5KDcz7b,Biologically inspired approaches to robotics: what can we learn from insects?,Beer,Quinn; Chiel; Ritzmann,1997,10.1145/245108.245118,Insects,,,,,Beer 1997,False,True,"Distills principles of insect walking for legged robots: highly distributed control, synergy of local reflexes with distributed gait control, and matching body mechanics to terrain yield robust complex-terrain locomotion with modest computational resources — while insect legs vastly exceed robots in degrees of freedom, sensory richness (hundreds of joint and stress sensors plus antennae), and actuator performance, integrating this feedback to reconfigure the legs step-by-step.","Ablate antennal or proprioceptive inputs in walking insects across terrain changes and measure the step-by-step reconfiguration of leg degrees of freedom, to pin down the reflex-gait synergy the review proposes transferring to robots.",Build hexapod controllers layering distributed per-leg reflexes under distributed gait control and ablate either layer on rough terrain to test the claimed synergy and the robustness-versus-computation trade-off.,,False
recEvGQ0MflxZ13yF,Decentralized control of insect walking: A simple neural network explains a wide range of behavioral and neurophysiological results,Schilling and Cruse,,2020,10.1371/journal.pcbi.1007804,Insects,,,Dürr 2004,Schilling and Cruse 2015,,True,True,Very interesting paper that should be a mandatory read for all that work on insect locomotion. Talks about scaling. 5-rule model. Also is like a literature review that uses 148 reference citations.,,,,False
recEvboexSzZrC9Ah,Paradoxical muscle movement in human standing,Loram,,2004,10.1113/jphysiol.2004.062398,Human,,,,,,False,True,Here we use dynamic ultrasound imaging in vivo with novel automated tracking of muscle length to test our hypo- thesis.,,,,False
recFA1PeRSPTv9POu,Neurobiological Bases of Rhythmic Motor Acts in Vertebrates,Grillner,,1985,10.1126/science.3975635,Vertebrates; Mammals; Lamprey,,,,,Grillner 1985,False,True,"Classic formulation of the principles underlying nervous control of innate rhythmic motor acts in vertebrates, establishing the in vitro lamprey spinal cord preparation in which the locomotor motor pattern can be elicited in isolated cord sections for detailed mechanism analysis, and proposing that parts of the locomotor network are reused in other motor acts, including learned ones.","In the isolated lamprey preparation, elicit multiple motor acts and identify shared versus act-specific interneuron components to test the network-reuse hypothesis directly.",Implement modular CPG subnetworks shared across multiple motor programs in a simulated swimmer or walker and verify that reuse preserves timing and stability while reducing controller complexity.,,False
recFcuIXzjebeAqZF,Intralimb and Interlimb Cutaneous Reflexes during Locomotion in the Intact Cat,Hurteau,Thibaudier; Dambreville; Danner; Rybak; Frigon,2018,10.1523/JNEUROSCI.3288-17.2018,Cat,,Cutaneous flexor excitation; Cutaneous stance modification,,,,True,True,"The skin contains receptors that, when activated, send inputs to spinal circuits, signaling a perturbation. Rapid responses, or
reflexes,inmuscles ofthe contacted limb and opposite homologous limb helpmaintain balance andforward progression.Here, we
investigated reflexes during quadrupedal locomotion in the cat by electrically stimulating cutaneous nerves in each of the four
limbs. Functionally, responses appear to modify the trajectory or stabilize the movement of the stimulated limb while modifying
the support phase ofthe other limbs. Reflexes between limbs aremediated byfast-conducting pathwaysthatinvolve excitatory and
inhibitory circuits controlling each limb. The comparatively stronger descending pathways from cervical to lumbar circuits
controlling the forelimbs and hindlimbs, respectively, could serve a protective function.",,,,False
recFmWROYSKJ0juJB,The case for and against muscle synergies.,Tresch and Jarc,,2009,10.1016/j.conb.2009.09.002,,,,,,Tresch and Jarc 2009,True,True,"Tresch and Jarc 2009 weigh the evidence for and against muscle synergies as a hypothesized output level of the CNS, concluding that the field's task is to distinguish flexible combinations of muscle groups from alternative control variables (individual muscles, units, kinematics) rather than to accept or reject modularity wholesale.",,,,False
recFo7XBnXxzVQG01,The contribution of a central pattern generator in a reflex-based neuromuscular model,Dzeladini,,2014,10.3389/fnhum.2014.00371,Human,,,,Dzeladini 2014,,True,True,"In a human neuro-musculo-skeletal walking model, purely reflex-based control can match the perturbation stability of CPG-based models but offers no simple means of controlling speed or step length; adding a CPG feedforward component restores simple gait modulation, delineating complementary roles in which reflexes dominate stability and the CPG provides speed and step-length control.",Test whether animals walking under graded central drive versus reflex-only conditions show the predicted dissociation — stable but speed-locked gait without modulation of central rhythmic drive.,Extend a reflex-based walking model with a half-center CPG feedforward module and demonstrate speed and step-length control; ablating the CPG should reproduce stable but poorly modulable gait.,,False
recFooCJX7RJMilQw,Mathematical Models of Proprioceptors. I. Control and Transduction in the Muscle Spindle,Mileusnic,,2006,10.1152/jn.00868.2005,Cat,,,,Mileusnic 2006,,False,True,"Computational model study. In the case of simultaneous static and dynamic fusimotor efferent stimulation, we demonstrated the importance of including the experimentally observed effect of partial occlusion.",,,,False
recFoowp3GLdTtl5p,Sensory feedback in cockroach locomotion: current knowledge and open questions,Ayali,Couzin-Fuchs; David; Gal; Holmes; Knebel,2015,10.1007/s00359-014-0968-1,Cockroach,,Fictive locomotion without sensory feedback; Biomechanically mediated preflexive feedback; trochanteral hair plate multi-synaptic excitation; trochanteral hair plate multi-synaptic inhibition; trochanteral campaniform sensilla load signals to adjust MN magnitude; Chordotonal organ multi-synaptic excitation; Chordotonal organ multi-synaptic inhibition,,,,True,True,"The cockroach model and describe the basic characteristics of the neural generation and control of walking and running in this insect. The paper provides a brief overview of some recent studies, including mathematical modeling, which have contributed to knowledge of sensory control in cockroach locomotion. They focus on two sensory mechanisms and sense organs, those providing information related to loading and unloading of the body and the legs, and leg-movement-related sensory receptors, and present evidence for the instrumental role of these sensory signals in inter-leg locomotion control.",,,,False
recG2jrJ4gY7qKHfD,Neural Adaptation in the Generation of Rhythmic Behavior,Pearson,,2000,10.1146/annurev.physiol.62.1.723,,,,,,,False,True,"Central pattern generators are extremely flexible: neuromodulators, central commands and afferent signals reshape the cellular and synaptic properties of the neurons and the coupling between populations, and afferent feedback from limb proprioceptors drives the long-term adaptation that keeps motor output matched to changed body mechanics and persistent performance errors.",,,,False
recG2w6dXkFEbMjK7,The role of the motor cortex in the control of accuracy of locomotor movements in the cat.,Beloozerova and Sirota,,1993,10.1113/jphysiol.1993.sp019498,Cat,,,,,,False,True,"Motor cortex controls the accuracy of locomotor movements: cortical neurons encode precise foot placement, and cortical inactivation impairs accuracy without abolishing walking.",,,,False
recGU0bgWYQk3Q3ur,Subject-Specific Muscle Synergies in Human Balance Control Are Consistent Across Different Biomechanical Contexts,Torres-Oviedo,,2010,10.1152/jn.00960.2009,Human,,,,,,False,True,"Consistent with this hypothesis, we showed that trial-by-trial variations in muscle activation for multidirectional balance control in humans were con- strained by a small set of muscle synergies.",,,,False
recGXAkc9YqiOxZyT,Ipsilateral and Contralateral Interactions in Spinal Locomotor Circuits Mediated by V1 Neurons: Insights from Computational Modeling,Shevtsova,Li; Singh; Dougherty; Rybak,2022,10.3390/ijms23105541,,,,Shevtsova 2015,,,True,True,"We describe and analyze a computational model of neural circuits in the mammalian spinal cord responsible for generating and shaping locomotor-like oscillations. The model represents interacting populations of spinal neurons, including the neurons that were genetically identified and characterized in a series of previous experimental studies. Here, we specifically focus on the ipsilaterally projecting V1 interneurons, their possible role in the spinal locomotor circuitry, and their involvement in the generation of locomotor oscillations. The proposed connections of these neurons and their involvement in different neuronal pathways in the spinal cord allow the model to reproduce the results of optogenetic manipulations of these neurons under different experimental conditions. We suggest the existence of two distinct populations of V1 interneurons mediating different ipsilateral and contralateral interactions within the spinal cord. The model proposes explanations for multiple experimental data concerning the effects of optogenetic silencing and activation of V1 interneurons on the frequency of locomotor oscillations in the intact cord and hemicord under different experimental conditions. Our simulations provide an important insight into the organization of locomotor circuitry in the mammalian spinal cord.",,,,False
recGepjwk3eNhBIb5,Extending the Functional Subnetwork Approach to a Generalized Linear Integrate-and-Fire Neuron Model.,Szczecinski,Quinn; Hunt,2020,10.3389/fnbot.2020.577804,,,,,Szczecinski 2020,,True,True,"Extends the Functional Subnetwork Approach from non-spiking to spiking (generalized linear integrate-and-fire) networks by deriving analytical parallels between a spiking neuron's steady-state and transient firing frequency and a non-spiking neuron's voltage, and between the average conductance of a steadily spiking synapse and a non-spiking synapse, so networks can be assembled and tuned from intended function without global optimization. Demonstrated on a neuromuscular reflex pathway built both ways, with a single non-spiking neuron representing the average firing of a spiking population.",,"Port non-spiking SNS-style locomotor networks to spiking or neuromorphic hardware using the FSA voltage-to-frequency equivalences, tuning population units analytically rather than by optimization and mixing spiking with non-spiking nodes.",,False
recGjIFEmPMcbesLF,Parallel reflex pathways from flexor muscle afferents evoking resetting and flexion enhancement during fictive locomotion and scratch in the cat.,Stecina et al.,,2005,10.1113/jphysiol.2005.095505,Cat,,Ia or II stance to swing,,,,False,True,Parallel reflex pathways from flexor muscle afferents evoke resetting and flexion enhancement during fictive locomotion and scratch; group I/II flexor afferents access the rhythm generator through multiple routes.,,,,False
recGjQLjdnjFm8IWZ,Deletions of Rhythmic Motoneuron Activity During Fictive Locomotion and Scratch Provide Clues to the Organization of the Mammalian Central Pattern Generator,Lafrenière-Roula et al.,,2005,10.1152/jn.00216.2005,Cat,,Fictive locomotion without sensory feedback,,,,False,True,Deletions of rhythmic motoneuron activity during fictive locomotion and scratch provide key clues to CPG organization — evidence for the two-level rhythm/pattern architecture.,,,,False
recGrViCbZPnRE3W0,Predictive and reactive tuning of the locomotor CPG,Procházka et al.,,2007,10.1093/icb/icm065,Cat,,,,,,False,True,The locomotor CPG is tuned both predictively (state-dependent adjustment to expected limb mechanics) and reactively (perturbation-driven corrections); proprioceptive feedback does not merely correct errors but continuously calibrates the pattern.,,,,False
recH2sR8cQRvaywUj,Measured motion: searching for simplicity in spinal locomotor networks.,Grillner and Jessell,,2009,10.1016/j.conb.2009.10.011,Vertebrates,,,,,Grillner 2009,False,True,Review of the rules governing spinal locomotor network assembly and function: variations in wiring-diagram organization across vertebrates adapt motor programs to environmental demands; interneuron membrane properties and synaptic interactions underlie modulation of motor circuits and encoded motor behaviors; and molecular-genetic approaches now permit mapping and manipulating interneuron connectivity to link perturbations to network function and motor behavior.,"Genetically ablate or silence identified spinal interneuron classes in mice or zebrafish while monitoring locomotor output, directly testing the structure-function assignments the review outlines.","Encode the review's interneuron classes as separable functional modules (rhythm-, pattern-, and output-level) in a locomotor controller and run in silico perturbations mirroring genetic ablations to predict behavioral deficits.",,False
recHGgTieMzq4gPKA,"Mechanics of slope walking in the cat: quantification of muscle load, length change, and ankle extensor EMG patterns.",Gregor,Smith; Prilutsky,2006,10.1152/jn.01300.2004,Cat,Cutaneous,,,,,True,True,"During slope walking in the cat, stance-phase mechanics invert between conditions: downslope walking increases ankle and knee extensor muscle-tendon stretch and peak stretch velocities while decreasing paw-pad forces and ankle and hip extensor moments, with the opposite upslope. Because these mechanical variables are what muscle length, muscle force, and paw-pad cutaneous feedback encode, slope-dependent EMG synergy changes plausibly arise from altered motion-dependent afferent input rather than CPG reorganization.","Record spindle, Golgi tendon organ, and paw-pad afferent activity during downslope, level, and upslope walking to verify that feedback changes match the quantified mechanics, or selectively remove one feedback source to test its contribution to slope-specific EMG.","Drive a walking controller's extensor burst regulation with simulated length, force, and paw-pad feedback and replay the measured slope mechanics; test whether the same CPG produces the observed slope-dependent EMG changes without retuning.",,False
recHJnvaYJhD78VXW,Balance responses to lateral perturbations in human treadmill walking,Hof,,2010,10.1242/jeb.042572,Human,,,,Hof 2010,,False,True,"Computational model study. It has been shown that this dependency can conveniently be described by introducing a new point, the ‘extrapolated centre of mass’, XcoM, defined as (Hof et al., 2005): The XcoM can be seen as a point on the ground, a distance vz/0 removed from the...",,,,False
recHO6cXTO7rowMc5,High speed trot-running: Implementation of a hierarchical controller using proprioceptive impedance control on the MIT Cheetah,Hyun,,2014,10.1177/0278364914532150,,,,,Hyun 2014,,False,True,Computational model study. The developed controller enables high-speed running of up to 6 m/s (Froude number of Fr ≈ 7.34) incorporating proprioceptive feedback and programmable virtual leg compliance of the MIT Cheetah.,,,,False
recHUhzNl3CEaF8pE,Leg Coordination Mechanisms in the Stick Insect Applied to Hexapod Robot Locomotion,Espenschied,Chiel; Quinn; Beer,1993,10.1177/105971239300100404,Stick Insect,,,,,,True,True,"Three of the mechanisms believed to be responsible for leg coordination in the stick insect, Carausius morosus, are used to control the straight-line locomotion of a hexapod robot on a smooth surface. The robot walks with a continuum of statically stable insectlike gaits in response to a single, scalar user input that controls the speed of locomotion. This control strategy is highly robust in the sense that the controller continues to maintain its basic function of causing the robot to walk effectively despite large perturbations to the controller. This controller robustness was demonstrated by inducing a wide variety of lesions (severing of connections) and performing parameter sensitivity studies.",,,,False
recHcv62OUhTEklV2,Assessing sensory function in locomotor systems using neuro-mechanical simulations,Pearson,Ekeberg; Büschges,2006,10.1016/j.tins.2006.08.007,,,,,,,True,True,"Review paper
K Pearson, Ö Ekeberg, A Büschges 
Cited by Geyer and Herr, 2010.

Computer simulations are being used increasingly to
gain an understanding of the complex interactions
between the neuronal, sensory, muscular and mechanical components of locomotor systems. Recent neuromechanical simulations of walking in humans, cats and
insects, and of swimming in lampreys, have provided
new information on the functional role of specific groups
of sensory receptors in regulating locomotion. As we
discuss in this review, these studies also make it clear
that a full understanding of the neural and mechanical
mechanisms that underlie locomotion can be achieved
only by using simulations in parallel with physiological
investigations. The widespread implementation of this
approach would be enhanced by the development of
freely available and easy-to-use software tools.",,,,False
recHnESCpMQBAkl1J,Mechanical models for insect locomotion: dynamics and stability in the horizontal plane - II. Application,Schmitt,,2000,10.1007/s004220000180,Cockroach; Insects,,Biomechanically mediated preflexive feedback,,Schmitt 2000,,False,True,"Idealized horizontal-plane mechanical models of legged locomotion reproduce observed cockroach gait and ground-reaction-force characteristics during rapid running and turning, demonstrating that passive lateral-dynamics stability - mechanics rather than neural feedback - can account for the dominant stability of rapid insect locomotion.","Apply lateral impulse perturbations to running cockroaches and compare recovery trajectories and EMG against the model's passive stability predictions, bounding how much neural feedback contributes beyond the mechanics.","Use the horizontal-plane lateral dynamics as the mechanical plant of a hexapedal walker and verify gait stability with neural stabilization ablated, quantifying the preflexive contribution to running and turning.",,False
recHnYpaDZj46nxzi,Mechanical entrainment of fictive locomotion in the decerebrate cat.,Kriellaars,Brownstone; Noga; Jordan,1994,10.1152/jn.1994.71.6.2074,Cat,,Ia or II stance to swing,,,,False,True,"Sinusoidal hip movements as small as 5-20 degrees entrain fictive locomotion in decerebrate cats via low-threshold stretch-sensitive afferents from intrinsic hip muscles (joint capsular afferents unnecessary), with extensor bursts locked to imposed hip flexion as the extensors are stretched and loaded - a positive-feedback mechanism by which the rhythm generator prolongs extension. Subharmonic entrainment and frequency-dependent phase shifts mark the locomotor rhythm generator as a nonlinear oscillator whose rhythm-generating interneurons receive highly convergent afferent input from muscles spanning the hip.",Record identified hip muscle afferents and candidate rhythm-layer interneurons during imposed hip oscillations in fictively locomoting cats to confirm the convergence of multi-muscle stretch input directly onto rhythm-generating neurons.,Implement hip stretch afferents as direct inputs to the extensor half-center of the rhythm generator that prolong stance and entrain the cycle to imposed hip motion; ablating them should abolish mechanical entrainment and stance prolongation.,,False
recHzZPAbILVjbMvT,"Segmental, Synaptic Actions of Commissural Interneurons in the Mouse Spinal Cord",Quinlan and Kiehn,,2007,10.1523/jneurosci.1618-07.2007,Mice; Mammals,,,,,,False,True,"Connectivity map of mouse commissural interneurons: short- and long-range CINs directly excite (glutamatergic) or directly/indirectly inhibit (glycinergic and/or GABAergic) contralateral motoneurones, so left–right coordination is organized as a dual-inhibitory plus single-excitatory CIN system.",,,,False
recIKY3z8nHIQBBVJ,Distributed force feedback in the Spinal Cord and the regulation of limb mechanics,Nichols,,2018,10.1152/jn.00216.2017,Cat; Human,,Ib disynaptic inhibition; Ia monosynaptic; Ib disynaptic excitation,,,,True,True,Review Update Paper; This paper show able to give insight to the inhibitory and excitatory force feedback during locomotion,,,,False
recIMljvactCJg6GG,Further studies of static and dynamic fusimotor fibres,Crowe,,1964,10.1113/jphysiol.1964.sp007477,,,,,,,False,False,,,,,False
recIhOvaSNayH0LjN,The effective neural drive to muscles is the common synaptic input to motor neurons,Farina,,2014,10.1113/jphysiol.2014.273581,,,,,Farina 2014,,False,True,"Computational model study. It is shown theoretically that for frequencies smaller than the average discharge rates of the motor neurons, the pool of motor neurons determines a pure ampliﬁcation of the frequency components common to all motor neurons, so that the common input is transmitted almost undistorted and...",,,,False
recIpNrSMGJDUWbbu,Cutaneous inputs from perineal region facilitate spinal locomotor activity and modulate cutaneous reflexes from the foot in spinal cats.,Merlet,Harnie; Macovei; Doelman; Gaudreault; Frigon,2021,10.1002/jnr.24791,Cat; Mammals,Cutaneous,,,,,False,True,"In spinal cats, mechanical perineal stimulation triggers and intensifies rhythmic hindlimb activity - shortening cycle and burst durations and raising flexor and extensor amplitudes - while simultaneously decreasing short-latency ipsilateral and contralateral cutaneous reflexes across joints and limbs, indicating that perineal facilitation of locomotion and weight support acts by increasing the excitability of CPG circuitry through state-dependent interneuronal modulation rather than by increasing foot cutaneous afferent excitation.",Vary perineal stimulation across locomotor states and quantify cutaneous reflex gain against independent measures of CPG excitability to test the state-dependent gating interpretation.,Model perineal input as a tonic excitability gain on CPG neurons paired with a divisive reduction of cutaneous reflex pathway gains; ablating the reflex-gain reduction tests whether unmodulated cutaneous feedback destabilizes the evoked rhythm.,,False
recIzLR7pGD7JCzhs,Central pattern generators and the control of rhythmic movements,Marder and Bucher,,2001,10.1016/s0960-9822(01)00581-4,Vertebrates; Insects; Arthropods,,,,,Marder and Bucher 2001,True,True,"Review of central pattern generators: rhythmic motor output can be produced with no sensory or descending timing cues, and neuromodulation reconfigures the same circuit to generate multiple patterns — the framework in which one spinal network can produce many gaits, with general principles drawn from invertebrate circuits and vertebrate spinal cord and brainstem.",,,,False
recIzSEo9c2ncsgD0,Inhibition of flexor burst generation by loading ankle extensor muscles in walking cats,Duysens and Pearson,,1980,10.1016/0006-8993(80)90206-1,Cat,,Ib stance to swing,,,,True,True,It has been found that decreased load detected by Golgi organs encourages swing muscles to activate,,,,False
recJ3ZtAYEvlGiThj,Sensory Systems in the Control of Movement,Procházka and Ellaway,,2012,10.1002/cphy.c100086,Mammals; Human,,,,,Prochazka and Ellaway 2012,True,True,"Comprehensive Physiology review of somatosensory control of movement: muscle-receptor response properties and reflex actions, CPG–sensory interactions, and the proposal that a descending command related to bodily velocity controls locomotion through stereotyped activation–phase relationships, with sensory input modulating both the timing and the pattern-forming layers of the CPG machinery.",,,,False
recJD7pTyDztcipnH,Motor neurons and the generation of spinal motor neurons diversity,Stifani,,2014,10.3389/fncel.2014.00293,Human,,,,,Stifani 2014,True,True,"Review of motor neurons generation spinal motor. During development, SpMNs emerge from dividing progenitor cells located in the medial portion of the ventral neural tube.",,,,False
recJJ6OoJPEGbnw1b,Modelling of intersegmental coordination in the lamprey central pattern generator for locomotion,Cohen,,1992,10.1016/0166-2236(92)90006-t,Lamprey,,,,,Cohen 1992,False,True,"Review of the lamprey intersegmental coordination program combining mathematical analysis, biological experimentation, and computer simulation: swimming holds approximately one body wavelength at all speeds because ascending intersegmental coupling dominates descending coupling and thereby sets the intersegmental phase lag, with long-range coupling adding significant functional influence.",Selectively lesion ascending versus descending intersegmental fibers in isolated lamprey spinal cords and measure fictive-swimming phase-lag changes to test the coupling-asymmetry conclusion.,"Build a chain of segmental oscillators with asymmetric coupling (dominant ascending, including long-range connections) and verify constant body-wavelength phase relationships across swimming frequencies; ablating ascending coupling should break the phase lag.",,False
recJcsNtApYzGC963,Differential origin of reticulospinal drive to motoneurons innervating trunk and hindlimb muscles in the mouse revealed by optical recording,Szokol,Glover; Perreault,2008,10.1113/jphysiol.2008.158105,Mice,,,,,,False,True,"Optical recording in neonatal mouse brainstem-spinal cord preparations reveals a mediolateral organization of the medullary reticular formation: medial stimulation drives lateral motor column (hindlimb) motoneurons whereas lateral stimulation drives medial motor column (trunk) motoneurons, on both sides - an anatomical substrate for differential reticulospinal control of trunk versus limb muscles in postural and locomotor coordination.",Stimulate medial versus lateral gigantocellular reticular sites during locomotion in vivo and record trunk versus hindlimb muscle synergies to test the differential-control organization causally.,"Implement two spatially distinct descending-drive channels - one to trunk motoneuron pools, one to hindlimb pools - in a trunk-plus-legs controller, and ablate either channel to test postural versus locomotor decoupling.",,False
recJhNrjI9iPIJB1E,Human-inspired bipedal locomotion: from neuromechanics to mathematical modelling and robotic applications,Koseki,,2026,10.1098/rsif.2025.0662,Human,,,,,Koseki 2026,True,True,"Review synthesizing neuroscience, biomechanics, mathematical modeling, and robotics for human-inspired bipedal locomotion: from spinal circuits and supraspinal coordination through neural-oscillator to musculoskeletal simulations, and their embodiment in bipedal robots as a reciprocal driver of biological insight and engineering design.",,,,False
recJkV3069VwELdDY,Enhancement and Resetting of Locomotor Activity by Muscle Afferentsa,Pearson,Misiaszek; Fouad,1998,10.1111/j.1749-6632.1998.tb09050.x,Mammals,Ib,Ib stance to swing; Ib disynaptic excitation; Ib excitatory,,,Pearson 1998,False,True,"Feedback from ankle extensor group I afferents sets two stance-critical features of the mammalian locomotor pattern: Ib Golgi tendon organ input excites the extensor half-center to prolong extensor bursts, so swing is not initiated while the leg is loaded, and extensor burst magnitude is enhanced through disynaptic and polysynaptic pathways opened only during locomotion. Reflex gains must be calibrated to limb biomechanics, and weakening ankle extensors evokes compensatory recalibration of proprioceptive influences on the pattern.","Chronically weaken or unload ankle extensors and measure how group-I-mediated extensor burst prolongation and enhancement recalibrate, testing the gain-calibration hypothesis.",Implement stance-gated Ib excitation of the extensor half-center plus locomotion-gated disynaptic enhancement of extensor motoneuron gain; ablating the load gate should trigger swing under load and abolish load-proportional burst scaling.,,False
recJpd0tNjebpwkVC,Sensory reweighting dynamics following removal and addition of visual and proprioceptive cues,Assländer,,2016,10.1152/jn.01145.2015,Human,,,,,,True,True,Sine responses and variability of body sway velocity showed signiﬁcant changes following transitions and were highly correlated under steady-state conditions.,,,,False
recJtJy4Wyyr4Lyjv,The Cat Model of Spinal Cord Injury,Frigon,,2013,10.1007/978-1-62703-197-4_8,Cat,,,,,Frigon 2013,True,True,"Synthesis of landmark cat spinal cord injury studies: cats recover robust hindlimb locomotion after partial or complete spinalization, which established the spinal-network basis of locomotor recovery, the adaptive changes taking place after injury, and the treadmill-training principles now applied to rehabilitating spinal cord-injured humans.","Apply the standardized cat injury paradigm - graded lesions, treadmill training, perineal and pharmacological facilitation - to test recovery mechanisms under controlled lesion severities.","Simulate controllers with complete loss of supraspinal drive (spinal-transection analog) and identify which local feedback rules - load gating, perineal-like excitability boosts - suffice to recover stepping.",,False
recJw7FHZmLHvnrMx,Candidate Interneurons Mediating the Resetting of the Locomotor Rhythm by Extensor Group I Afferents in the Cat.,Domínguez-Rodríguez,Stecina; Garcia-Ramirez; Mena-Avila; Milla-Cruz; Martínez-Silva; Zhang; Hultborn; Quevedo,2020,10.1016/j.neuroscience.2020.09.017,Cat,Ib,Ib stance to swing; Ib swing to stance; Ib excitatory,,,,False,True,"Extensor group I afferent stimulation resets fictive locomotion to extension - prolonging ongoing extension and terminating ongoing flexion - through a polysynaptic excitation of extensor motoneurons (latencies near 3.5-4.0 ms, compatible with three interposed interneurons) that replaces the classical Ib non-reciprocal inhibition during locomotion. Extension-phase interneurons receiving short-latency group I excitation satisfy the criteria for the pathway that resets the rhythm and may belong to the rhythm-generating layer of the CPG.","Intracellularly record and label the candidate group-I-activated extension-phase interneurons during fictive locomotion and test whether their activation resets the rhythm, confirming rhythm-layer membership.",Implement extensor group I load afferents as inputs to rhythm-layer interneurons that both prolong the extensor half-center and reset flexion to extension; ablating them should remove load-dependent stance prolongation and rhythm resetting.,,False
recJxL69hcXETbH84,Transmission in a locomotor-related group Ib pathway from hindlimb extensor muscles in the cat,Gossard,Brownstone; Barajon; Hultborn,1994,10.1007/bf00228410,Cat,,Ib stance to swing,,,,True,True,"Phasic stimulations of group I afferents from ankle and knee extensor muscles may entrain the intrinsic locomotor rhythm.
 
The intrinsic locomotor rhythm then acts on motoneurons through the spinal rhythm generators , and concluded that the major part of these effects come from Golgi tendon organ Ib afferents

Injection of nialamide and L-DOPA evoked long lasting reflexes upon stimulations of high threshold afferents before spontaneous fictive locomotion commenced.

Interneurons must therefore be located in the L7 and S1 spinal segments.",,,,False
recK3poWZVE1BWpQc,Role of sensory feedback in the control of stance duration in walking cats,Pearson,,2008,10.1016/j.brainresrev.2007.06.014,Cat,,Ib stance to swing; Ia or II stance to swing,Hunt 2015,,,True,True,Review Paper,,,,False
recK6IcKP8LhyG6mQ,The Spinal Control of Backward Locomotion.,Harnie,Audet; Klishko; Doelman; Prilutsky; Frigon,2020,10.1523/jneurosci.0816-20.2020,Cat,,,,,,False,True,"After complete spinal transection, cats can generate backward walking - given tonic perineal somatosensory facilitation - using speed-modulation strategies, muscle activation patterns, and five muscle synergies shared with forward locomotion, including split-belt stepping; the spinal locomotor network is therefore shared between directions, with limb sensory feedback controlling direction and backward locomotion requiring greater spinal excitability.","Record the same identified spinal interneurons during forward and backward stepping, or reverse treadmill direction under deafferentation, to isolate which limb afferent signals instruct direction in the shared network.","Implement one CPG whose phase-sequence direction is selected by limb afferent signals, with a raised excitability threshold for the backward mode, and test whether a fixed synergy basis serves both directions.",,False
recKPvLaMR9gJyKsG,Multisensory fusion: simultaneous re-weighting of vision and touch for the control of human posture,Oie,,2002,10.1016/s0926-6410(02)00071-x,Human,,,,Oie 2002,,False,True,Computational model study. Gain calculated in each trial with respect to each of the two stimuli was found to change systematically as stimulus motion amplitudes changed across condition.,,,,False
recKReYulMiZYASzW,Evolution and analysis of model CPGs for walking: II. General principles and individual variability.,Beer,Chiel; Gallagher,1999,10.1023/a:1008920021246,,,,,Beer 1999,,False,True,"Analysis of populations of evolved three- to five-neuron walking CPGs yields six general principles, including: locomotion performance increases with interneuron number; controllers decompose into multistable dynamical modules; the rhythm is a closed chain of successive module destabilizations; one-dimensional modules often carry assignable roles; and modular structure can itself change over a cycle. Degeneracy in the map from neural parameters to dynamics to behavior to fitness explains robust principles despite variable connectivity, arguing that functional decomposability should not be expected as interneuron numbers grow.",,Analyze and design walking CPGs via dynamical-module decomposition - chains of multistable modules with enumerated destabilization sequences - and exploit degeneracy by sampling many behaviorally equivalent parameter sets for robustness.,,False
recKSgqaw4H3zOP0J,An optimal state estimation model of sensory integration in human postural balance,Kuo,,2005,10.1088/1741-2560/2/3/s07,Human,,,,Kuo 2005,,False,True,"Computational model study. We propose a model for human postural balance, combining state feedback control with optimal state estimation.",,,,False
recKcZ0SBPTxJu485,Role of forelimb morphology in muscle sensorimotor functions during locomotion in the cat,Rahmati,,2025,10.1113/JP287448,Cat,,,,,,True,True,"Measured 46 cat forelimb muscles plus walking mechanics and EMG to compute force- and length-dependent afferent patterns: moment arm, PCSA, and fascicle length strongly shape muscle forces and proprioceptive signals, with forelimb morphology contributing mainly to lateral stability and turning control rather than propulsion — with direct implications for cervical afferent mapping in neuromechanical models.",,,,False
recKsnqUlxFwjgmzs,State- and Condition-Dependent Modulation of the Hindlimb Locomotor Pattern in Intact and Spinal Cats Across Speeds,Harnie,Audet; Mari; Lecomte; Merlet; Genois; Rybak; Prilutsky; Frigon,2022,10.3389/fnsys.2022.814028,Cat,,,,,,True,True,"Comparing quadrupedal and hindlimb-only locomotion in the same intact cats before and after spinal transection separates state-dependent from condition-dependent changes in the hindlimb pattern: the spinal state produces convergence of stance and swing durations at high speed, improper ankle-hip coordination, and altered flexor burst timing, whereas the hindlimb-only condition itself shifts paw placement, yield magnitude, and some burst durations - so hindlimb-only intact locomotion, not quadrupedal, is the proper baseline for spinal-state comparisons.","Perturb or deafferent the forelimbs during quadrupedal intact locomotion to test whether forelimb-derived signals produce the hindlimb-only-condition changes (paw placement, yield magnitude, burst timing); extend the intact-versus-spinal comparison across post-transection recovery time points.","When modeling spinal-state gait changes, validate against a hindlimb-only intact baseline rather than quadrupedal locomotion; implement intact versus spinal (supraspinal drive removed) controller variants and separate state-dependent effects (stance/swing convergence at speed, ankle-hip coordination) from condition-dependent ones.",,False
recL05EjJrIEK53I5,Electrophysiological Characterization of V2a Interneurons and Their Locomotor-Related Activity in the Neonatal Mouse Spinal Cord,Zhong,Droho; Crone; Dietz; Kwan; Webb; Sharma; Harris-Warrick,2010,10.1523/jneurosci.4849-09.2010,Mice,,,,,,True,True,"V2a (Chx10) interneurons fall into tonic, phasic, and delayed-onset classes with electrical coupling only within a class; about half fire rhythmically during NMDA/5-HT fictive locomotion, and the rhythmically active fraction increases at higher locomotor frequencies, providing a mechanism for the frequency-dependent shift in left-right coupling seen when these neurons are ablated.",Optogenetically silence or genetically ablate V2a neurons (Chx10::DTA) across a locomotor speed series and quantify left-right phase changes to test the frequency-dependent recruitment mechanism; test serotonin's selective excitation of tonic-class V2a neurons in vivo.,Implement left-right coordination with a rhythmically active V2a commissural population whose recruitment grows with cycle frequency; ablating this population in the model should reproduce the frequency-dependent left-right coupling shift observed in Chx10::DTA mice.,,False
recL76G0gYf4vpMdc,Intralimb and interlimb coordination in the cat during real and fictive rhythmic motor programs,Rossignol,Saltiel; Perreault; Drew; Pearson; Bélanger,1993,10.1016/s1044-5765(05)80026-0,,,,,,,False,False,,,,,False
recLCiTcnLydRljHg,Localization and organization of the central pattern generator for hindlimb locomotion in newborn rat,Cazalets,Borde; Clarac,1995,10.1523/jneurosci.15-07-04943.1995,Rat,,,,,,True,True,"In the newborn rat, the locomotor rhythm network is restricted to the upper lumbar (L1/L2) segments: transmitter application there drives locomotor-like activity throughout the lumbar cord, whereas lower lumbar stimulation yields only tonic activity, and motoneurons receive their rhythmic synaptic drive directly from the L1/L2 network with no segmental relay - the mammalian CPG is localized, not segmentally distributed.",Use partitioned-bath stimulation in other species and later developmental stages to test whether rostral (L1/L2) localization of rhythm generation is conserved; lesion L1/L2 to confirm loss of organized locomotor output.,"Build a CPG model with the rhythm module localized rostrally and projecting to segmental motoneuron pools without local relays, and verify that direct caudal stimulation yields only tonic output while rostral activation drives alternation at all segments.",,False
recLKbcEm4la8JtDV,"Control of Locomotion in Bipeds, Tetrapods, and Fish",Grillner,,2011,10.1002/cphy.cp010226,Vertebrates,Ia; II; III/IV; Cutaneous,,,,Grillner 2011,True,True,"Comprehensive synthesis of locomotor control across bipeds, tetrapods, and fish: spinal unit-burst-generator organization, interlimb coordination, load- and hip-position-dependent reflex regulation of the spinal CPG, tonic gating of reflexes from skin and group II/III afferents, and brainstem and cerebellar control - the canonical reference architecture for locomotor CPG models.","Probe load-sensitivity and hip-position reflex regulation of the CPG in decerebrate animals across speeds, and record identified interneurons during locomotion to test the mosaic unit-burst-generator organization hypothesized in the chapter.","Use the chapter's architecture - unit burst generators per limb/joint, interlimb coordination pathways, and load and hip-position feedback gating the rhythm - as the skeleton for a locomotion controller, with the reviewed reflex gating (skin, group II/III) implemented as state-dependent pathway gains.",,False
recLQre1rXrmJOLU3,Recurrent inhibition from motor axon collaterals of transmission in the Ia inhibitory pathway to motoneurones,Hultborn,Jankowska; Lindström,1971,10.1113/jphysiol.1971.sp009487,Cat,,Ia inhibitory,,,,True,True,Ia Inhibitoru,,,,False
recLhkoL8t6Ml2EGz,Mechanosensation and Adaptive Motor Control in Insects,Tuthill and Wilson,,2016,10.1016/j.cub.2016.06.070,Insects,,,,,,True,True,"The ability of animals to flexibly navigate through complex environments depends on the integration of sensory information with motor commands. The sensory modality most tightly linked to motor control is mechanosensation. Adaptive motor control depends critically on an animal’s ability to respond to mechanical forces
generated both within and outside the body. The compact neural circuits of insects provide appealing systems to investigate how mechanical cues guide locomotion in rugged environments. Here, we review our current understanding of mechanosensation in insects and its role in adaptive motor control. We first examine
the detection and encoding of mechanical forces by primary mechanoreceptor neurons. We then discuss
how central circuits integrate and transform mechanosensory information to guide locomotion. Because
most studies in this field have been performed in locusts, cockroaches, crickets, and stick insects, the examples we cite here are drawn mainly from these ‘big insects’. However, we also pay particular attention to the
tiny fruit fly, Drosophila, where new tools are creating new opportunities, particularly for understanding central circuits. Our aim is to show how studies of big insects have yielded fundamental insights relevant to
mechanosensation in all animals, and also to point out how the Drosophila toolkit can contribute to future
progress in understanding mechanosensory processing.",,,,False
recLletXmaXDZQutA,A model of the neuro-musculo-skeletal system for human locomotion,Taga,,1995,10.1007/bf00204048,Human,,,,Taga 1995,,False,True,"A neuromusculoskeletal model in which human gait emerges as a stable limit cycle through global entrainment among neural oscillators, the musculoskeletal body, and the environment: walking is robust to perturbations and loads, graded in speed by a single tonic drive parameter, and entrainable by rhythmic input — the CPG and the body need not be programmed separately.",,,,False
recLuYXbI1HoROtsh,"Low-threshold, short-latency cutaneous reflexes during fictive locomotion in the ""semi-chronic"" spinal cat.",LaBella,Niechaj; Rossignol,1992,10.1007/bf00231657,Cat,Cutaneous,Cutaneous stance modification; Cutaneous flexor excitation,,,,False,True,"During fictive locomotion in semi-chronic spinal cats, low-threshold cutaneous nerve stimulation evokes predominantly short-latency (5-15 ms) excitatory reflexes in extensor and flexor motor nerves that are phase-modulated to peak during each nerve's active period, with occasional longer-latency responses modulated out of phase; the stereotypic modulation across muscles and animals implies the locomotor CPG exerts stereotypic control over cutaneous reflex interneurons.",Map short-latency cutaneous reflex modulation systematically across the step cycle in trained chronic spinal cats to test whether the stereotypic extensor-dominant excitation persists with recovery; stimulate pairs of cutaneous nerves to test convergence onto shared reflex interneurons.,"Add phase-gated cutaneous reflex pathways to motoneuron pools with gain peaking during each pool's own burst, plus an out-of-phase longer-latency component, and verify the stereotypic phase-dependent modulation the CPG exerts over cutaneous reflex transmission.",,False
recM0Spre5cjj30My,Development and Training of a Neural Controller for Hind Leg Walking in a Dog Robot,Hunt,Szczecinski; Quinn,2017,10.3389/fnbot.2017.00018,Dog; Mammals,,,,Hunt 2017,,True,True,"An automatic parameter-setting method for synthetic nervous systems of non-spiking leaky integrator neurons on physical robots: motor-neuron activations required for stable walking are computed first from a model of the system, then network parameters are tuned so the circuit produces those activations under expected sensory feedback - successfully yielding adaptive rear-leg walking in an artificial-muscle dog robot and supporting the validity of current mammalian locomotion circuit models.",Compare the motor-neuron activation patterns the method computes for dog hind legs with recorded dog hindlimb EMG during comparable walking to test whether the tuned network captures real activation structure; perturb expected sensory feedback and measure the adaptation response.,"Apply the two-stage tuning recipe - solve for MN activations that produce stable walking, then fit SNS parameters so the circuit generates those activations under expected sensory feedback - and ablate individual sensory pathways to test their necessity for adaptive walking.",,False
recM5HgQ3RhYKMbTq,Vestibular-mediated synaptic inputs and pathways to sympathetic preganglionic neurons in the neonatal mouse.,Kasumacic,Glover; Perreault,2012,10.1113/jphysiol.2012.234609,Mice,,,,,,True,True,"In the neonatal mouse, vestibular (VIIIth nerve) stimulation evokes slow polysynaptic excitatory responses in thoracic sympathetic preganglionic neurons with concomitant GABAergic inhibition, mediated predominantly indirectly through the ventrolateral medulla rather than by direct vestibulospinal projections, and these vestibulosympathetic connections are already functional at birth.",Repeat the VIIIth-nerve stimulation assay in adult mice and in vestibular mutants to test whether the indirect ventrolateral-medulla pathway remains dominant with maturation; use genetic access to sympathetic preganglionic neurons for pathway-specific manipulation.,"Model vestibular influence on autonomic and motor output as polysynaptic - relayed through a medullary node with mixed inhibition - rather than as direct vestibulospinal projections, and test response-latency and pharmacological signatures against ablation of the relay.",,False
recMBs79mIKbStry9,A Neuromechanical Model of Spinal Control of Locomotion,Markin,Klishko; Shevtsova; Lemay; Prilutsky; Rybak; Edwards,2016,10.1007/978-1-4939-3267-2_2,,,,,,,True,False,,,,,False
recMGok8WlXgIUDE5,Learning to expect the unexpected: rapid updating in primate cerebellum during voluntary self-motion,Brooks,Carriot; Cullen,2015,10.1038/nn.4077,Mammals,,,,,,False,True,"Trial-by-trial analysis of primate cerebellar neurons during voluntary head movements shows neuronal sensitivities dynamically tracking the comparison between predicted and actual sensory feedback: when the motor command-movement relationship is altered, neurons respond as if the movement were externally generated, and sensitivities decline with the time course of behavioral learning - direct evidence for a sensory-prediction-error computation with rapid internal-model updating.",Record neuronal responses during externally imposed versus self-generated perturbations of voluntary movement before and after adaptation to test the sensory-prediction-error comparison directly; inactivate cerebellar regions to dissociate prediction from feedback responses.,"Implement a cerebellar-style forward model that predicts the sensory consequences of motor commands, computes a trial-by-trial sensory prediction error, and updates its gains with a learning time course; ablating it should remove rapid re-adaptation to altered dynamics.",,False
recMHdyJNF0qGg4Wp,Controlling legs for locomotion—insights from robotics and neurobiology,Buschmann,Ewald; Twickel; Büschges,2015,10.1088/1748-3190/10/4/041001,,,,,,Buschmann 2015,False,True,"Review contrasting neurobiological and robotic approaches to walking control, emphasizing common control principles seen across species, reviewing robotic walking controller design with an emphasis on bipeds, identifying where robotic and neurobiological controllers parallel each other, and suggesting ways to bridge the gaps between the two fields.",Test the common control principles extracted from biology - local leg-level reflex control layered on central drive - in reduced walking preparations where individual pathways can be manipulated.,"Build hybrid controllers combining central pattern generators with the local, leg-level feedback loops highlighted as shared between animals and robots, and compare centralized versus decentralized architectures on the same walking platform.",,False
recMIXEbZvmgbZrNx,"Spinal Control of Locomotion: Individual Neurons, Their Circuits and Functions.",Côté,Murray; Knikou,2018,10.3389/fphys.2018.00784,Cat; Mice; Rat; Human; Mammals,,,,,Côté 2018,True,True,"Review of spinal interneurones carrying muscle-stretch and load afferent information across mammals: rest-state physiology is conserved from rodents to humans, but locomotor activation profiles differ markedly between species, plausibly reflecting species differences in afferent distribution and interneuronal interactions; targeted neuromodulation of these circuits is the emerging rehabilitation strategy after spinal cord injury.",,,,False
recMLbRa9efnWHXEx,"Muscle, Biomechanics, and Implications for Neural Control",Ting and Chiel,,2017,10.1002/9781118873397.ch12,Vertebrates; Invertebrates,,,,,Ting and Chiel 2017,True,True,"Argues that muscle multifunctionality versus specialization determines the relative division of labor between neural and muscular control in vertebrates and invertebrates: the transformation from neural activation to muscle force depends on intrinsic neuromuscular properties, body structure, environmental forces, and behavioral context, so muscles are not single-function actuators and neural control complexity must be evaluated within that biomechanical context.","Stimulate or block individual muscles in behaving animals across postures and loads to quantify context-dependent multifunctionality, testing the claim that muscle function cannot be inferred from anatomical arrangement alone.","Endow simulated muscles with realistic intrinsic and context-dependent properties, then measure how much neural control complexity is required as muscle multifunctionality varies - directly testing the chapter's neural-versus-muscular complexity trade-off.",,False
recMQq85G8cVHzdD3,The effects of stimulation of static and dynamic fusimotor fibres on the response to stretching of the primary endings of muscle spindles,Crowe,,1964,10.1113/jphysiol.1964.sp007476,,,,,,,False,False,,,,,False
recMSKbabYRY4XZNw,Locomotion controller for a crab-like robot,Flannigan,Nelson; Quinn,1998,10.1109/robot.1998.676345,Insects,,,,,,False,True,"An insect-inspired, mechanism-based gait controller with local rough-terrain reflexes drives an eight-legged demining robot in simulation over irregular terrain, obstacles on the order of half the tibia length, sparse terrain, and ditches - robust navigation achieved without complex sensing or terrain mapping, showing simple biologically inspired local rules scale to rough-terrain walking.",,"Implement mechanism-based gait control with insect-inspired local terrain reflexes (no terrain map, simple sensing) on multi-legged platforms, and ablate individual reflexes to quantify their contribution to obstacle and ditch traversal.",,False
recMZoiH13ytYevS7,"Balancing central control and sensory feedback produces adaptable and robust locomotor patterns in a spiking, neuromechanical model of the salamander spinal cord",Pazzaglia,Bicanski; Ferrario; Arreguit,2025,10.1371/journal.pcbi.1012101,Salamander,Mechanosensory,,,Pazzaglia 2025,,False,True,"A spiking neuromechanical salamander model with detailed adaptive-LIF locomotor circuits and a 3D body with realistic muscles replicates in vitro and in vivo swimming and trotting open-loop; intermediate-strength axial stretch (proprioceptive) feedback - conserved across ascending/descending and excitatory/inhibitory topologies - increases tail-beat frequency, reduces intersegmental phase lag, and expands the stable range of descending drives, whereas high feedback strength overrides central rhythms and degrades controllability: proprioception helps only while it does not dominate the CPG.","In real salamanders, record axial EMG and kinematics across speeds to measure intersegmental phase lag and tail-beat frequency, and attenuate proprioceptive feedback pharmacologically to test whether coordination and frequency degrade as the model predicts.","Implement intermediate-strength axial stretch feedback in a spiking CPG coupled to a body model and sweep the feedback gain to reproduce the frequency increase, phase-lag reduction, and stability-region expansion at intermediate gains and the controllability loss at high gains; test topology-independence by swapping ascending/descending excitatory/inhibitory variants.",,False
recMcpcQFIzyzjnES,Organization of flexor–extensor interactions in the mammalian spinal cord: insights from computational modelling,Shevtsova and Rybak,,2016,10.1113/JP272437,,,,,,,True,True,"Key points 
 Alternation of flexor and extensor activity in the mammalian spinal cord is mediated by two classes of genetically identified inhibitory interneurons, V1 and V2b. 
 The V1 interneurons are essential for high-speed locomotor activity. They secure flexor–extensor alternations in the intact cord but lose this function after hemisection, suggesting that they are activated by inputs from the contralateral side of the cord. 
 The V2b interneurons are involved in flexor–extensor alternations in both intact cord and hemicords. 
 We used a computational model of the spinal network, simulating the left and right rhythm-generating circuits interacting via several commissural pathways, and extended this model by incorporating V1 and V2b neuron populations involved in flexor–extensor interactions on each cord side. 
 The model reproduces multiple experimental data on selective silencing and activation of V1 and/or V2b neurons and proposes the organization of their connectivity providing flexor–extensor alternation in the spinal cord.",,,,False
recMfFMvBOIrfAd2d,"Flexion-reflex of the limb, crossed extension-reflex, and reflex stepping and standing.",Sherrington,,1910,10.1113/jphysiol.1910.sp001362,Cat; Dog,,Cutaneous flexor excitation,,,,True,True,"Defined the flexion-reflex as a protective type-reflex of the whole limb and its companion crossed extension-reflex in the spinal cat and dog, and showed that reflex stepping fractionates them by phase: the extensor phase of one limb is reinforced by a crossed extension-reflex driven by the opposite limb's flexion, with stimulus-dependent reversal (Umkehr) marking the turning points of the step.",,,,False
recMmj8yLv1Uq6pyQ,A biologically based neural system coordinates the joints and legs of a tetrapod,Hunt,Schmidt; Fischer; Quinn,2015,10.1088/1748-3190/10/5/055004,Rat; Cat,,,,Hunt 2015,,True,True,"A biologically based neural controller built from cat hindlimb pathway data coordinates sagittal-plane trotting in a 14-joint planar rat model actuated by antagonistic Hill muscle pairs; changing the strength of a single inter-leg connection suffices to account for the phase-timing differences observed between individual trotting rats, identifying inter-leg coupling strength as a dominant determinant of interlimb coordination.",Measure inter-leg phase relationships across individual rats (strains or gait variants) and test whether differences in spinal commissural pathway strength account for the phase-timing differences the model attributes to a single inter-leg connection.,"Implement cat-derived hind-leg and inter-leg coordination networks on a 14-joint antagonist-Hill-muscle tetrapod model, vary the strength of the single inter-leg connection to reproduce inter-individual trot-timing differences, and ablate inter-leg connections to probe gait breakdown.",,False
recMmmhvOifMk1EqN,Tonic Central and Sensory Stimuli Facilitate Involuntary Air-Stepping in Humans,Selionov,Ivanenko; Solopova; Gurfinkel,2009,10.1152/jn.90895.2008,Human,Cutaneous,,,,,True,True,"In healthy humans, tonic stimulation - continuous muscle vibration, electrical stimulation of cutaneous nerves, or the postcontraction (Kohnstamm) state - elicits involuntary air-stepping in about half of subjects, with prominent hip and knee excursions but no ankle involvement unless small constant plantar loads (4-25 N) are applied; pattern characteristics and stability depend on the sensory input, and bilateral alternating movements are more stable than unidirectional ones with fewer spontaneous transitions.","In spinalized or decerebrate animals, test whether tonic cutaneous or vibration input elicits air-stepping and whether small constant plantar loads recruit ankle movement, paralleling the human findings; compare unilateral versus bilateral pattern stability.","Implement tonic afferent input as a sufficient trigger for CPG rhythmogenesis in an air-stepping model, with load-dependent ankle recruitment from constant plantar forces and reduced transition frequency for bilateral alternating patterns.",,False
recMqk9O3UkRUMNMz,Signals from load sensors underlie interjoint coordination during stepping movements of the stick insect leg.,Akay,Haehn; Schmitz; Büschges,2004,10.1152/jn.01271.2003,Stick Insect,Mechanosensory,trochanteral campaniform sensilla load signals to adjust MN magnitude,,,,True,True,"In the stick insect single middle-leg preparation, load signals from trochanteral campaniform sensilla couple thorax-coxa joint motoneuron activity to stepping of the distal leg segments: ablating the trochanteral sensilla abolishes the coupling, and stimulating them by rearward bending of the femur terminates protractor (swing) activity and initiates retractor (stance) activity - cuticular strain provides the interjoint timing signal linking proximal motoneuron timing to distal leg stepping.",Record trochanteral campaniform sensilla afferents during free walking under varying load to correlate strain signals with protractor/retractor switching; selectively ablate femoral versus trochanteral sensilla in intact walking animals to map their separate contributions.,"Implement load-sensitive strain feedback that terminates swing (protractor) motoneuron activity and initiates stance (retractor) activity at load onset, coupling adjacent joints; ablating this pathway in the model should decouple proximal joint activity from distal leg stepping.",,False
recMrwaPtG1h0AU0p,"Organization of the Mammalian Locomotor CPG: Review of Computational Model and Circuit Architectures Based on Genetically Identified Spinal Interneurons(1,2,3).",Rybak,Dougherty; Shevtsova,2015,10.1523/eneuro.0069-15.2015,Mice; Mammals,,,,,Rybak 2015,True,True,"Review proposing computational architectures for the mammalian locomotor CPG that integrate the genetically identified interneuron classes (V0D and V0V, V1, V2a, V2b, V3, Shox2) with ablation phenotypes, assigning them roles in rhythm generation, flexor-extensor interactions on each side of the cord, and commissural left-right coordination, and showing how such models can unify and predict mutant locomotor data.",Genetically ablate or silence specific interneuron classes across speeds and gaits and compare the resulting coordination deficits with the review's architecture predictions; record identified cells during locomotion to test the proposed connectivity directly.,"Implement the proposed two-level CPG with genetically identified interneuron classes assigned to rhythm generation, flexor-extensor interactions, and commissural left-right coordination, and reproduce mutant phenotypes by removing individual populations.",,False
recMtTCxNxZPV7XQt,INTERNEURONAL RELAY IN SPINAL PATHWAYS FROM PROPRIOCEPTORS,Jankowska,,1992,10.1016/0301-0082(92)90024-9,Mammals,,,,,,True,True,review pathway and sensory,,,,False
recN3bMEzLPbHVamF,Dynamics and stability of legged locomotion in the horizontal plane: a test case using insects,Schmitt,,2002,10.1007/s00422-001-0300-3,Insects,,Biomechanically mediated preflexive feedback,,Schmitt 2002,,False,True,"A three-degree-of-freedom, energetically conservative horizontal-plane rigid-body model with compliant virtual legs in intermittent contact exhibits periodic gaits in which mechanics alone confers asymptotic stability of relative heading and body angular velocity, with gait and force characteristics matching insect running observations reasonably well - passive lateral dynamics can stabilize hexapod running without neural feedback.",Perturb running insects with lateral impulses and measure heading and angular-velocity recovery against the model's passive-stability predictions; vary load or leg properties to test the parameter dependence of stability.,"Implement the horizontal-plane compliant-virtual-leg model and verify that passive mechanics alone stabilizes heading and body angular velocity; use parameter sweeps (mass, moment of inertia, leg stiffness, length) to map stable gait regimes before adding any neural control.",,False
recN4J1oosOnR8Hcz,Excitatory and Inhibitory Interactions in Localized Populations of Model Neurons,Wilson,,1972,10.1016/s0006-3495(72)86068-5,,,,,Wilson 1972,,False,True,"The Wilson-Cowan coupled nonlinear equations for localized excitatory and inhibitory neuron populations exhibit simple and multiple hysteresis, multiple stable states, and limit-cycle oscillations whose frequency is a monotonic function of stimulus intensity, with a formal result linking oscillation under one stimulus class to multistability under another - the foundational dynamical substrate for neural rhythm-generation models.",,"Use coupled excitatory/inhibitory population units as CPG building blocks, exploiting their monotonic frequency-versus-stimulus relation for drive-dependent cycle frequency and their hysteresis and multistability for gait-state switching and regime transitions.",,False
recNByhFVqnXtmeYN,Locomotor primitives in newborn babies and their development.,Dominici,Ivanenko; Cappellini; d’Avella; Mondì; Cicchese; Fabiano; Silei; Di Paolo; Giannini; Poppele; Lacquaniti,2011,10.1126/science.1210617,Human; Mammals,,,,,,True,True,"Multimuscle EMG recordings show that the two basic locomotor primitives of stepping neonates persist through development and are augmented — not replaced — by two new patterns first revealed in toddlers, and markedly similar patterns appear in rat, cat, macaque, and guineafowl, supporting the view that locomotion across species is built from common phylogenetically conserved primitives.",,,,False
recNHN4nWEdJQRU9G,Role of Proprioceptive Signals From an Insect Femur-Tibia Joint in Patterning Motoneuronal Activity of an Adjacent Leg Joint,Hess and Büschges,,1999,10.1152/jn.1999.81.4.1856,Stick Insect,Mechanosensory,Chordotonal organ multi-synaptic excitation; Chordotonal organ multi-synaptic inhibition,,,,False,True,"In the actively stepping stick insect, femoral chordotonal organ signals from the femur-tibia joint pattern motoneuron activity of the adjacent coxa-trochanter joint: fCO elongation (signalling FT flexion) terminates depressor and initiates levator activity, relaxation does the reverse, largely independent of position or velocity parameters and of the intrajoint reflex reversal; fCO stimulation resets and entrains pilocarpine-induced fictive rhythmicity - proprioceptive input from one joint acts on the central rhythm-generating network of an adjacent joint.",Record fCO afferent activity during intact walking and correlate joint-motion signals with the timing of levator/depressor transitions in the adjacent joint; test other leg pairs and joints for analogous interjoint proprioceptive patterning.,Wire a joint-angle proprioceptor (chordotonal-analog) into the rhythm-generating network of an adjacent joint so movement signals trigger and reset centrally generated antagonist transitions; verify reset and entrainment under rhythmic proprioceptor stimulation.,,False
recNLqijBf1f9bSEL,Mechanosensory encoding of forces in walking uphill and downhill: force feedback can stabilize leg movements in stick insects,Zill,,2024,10.1152/jn.00414.2023,Stick Insect; Insects,,,,,,False,True,"Our results suggest the hypothesis that sensory feedback from the femoro-tibial joint indicating force dynamics (dF/d t) can be used to counter the instability in traversing sloped surfaces in animals and, potentially, in walking machines.",,,,False
recNw2LUeZ0JpVsek,Neuromechanical Mantis Model Replicates Animal Postures via Biological Neural Models,Szczecinski,Martin; Ritzmann; Quinn,2014,10.1007/978-3-319-09435-9_26,,,,,,,False,False,,,,,False
recOFN0t5qZjVwdBR,Quantifying proprioception,Prochazka,,1999,,Cat; Human; Mammals,,,,,Prochazka 1999,False,True,"Quantifies proprioceptive afferent discharge during natural movement: spindle and GTO firing ranges, gain changes with movement, and the case that proprioceptive feedback operates with state-dependent gain.",,,,False
recOicfoYh5TcIN93,HUMAN NEURONAL INTERLIMB COORDINATION DURING SPLIT-BELT LOCOMOTION,Dietz,Zijlstra; Duysens,1994,10.1007/bf00227344,Human,,,,,,True,True,"Human split-belt adaptation occurs within 10-20 stride cycles through reorganization of the stride cycle (support shortens and swing lengthens on the fast leg), with ipsilateral gastrocnemius activity scaling almost linearly with belt speed under proprioceptive control while the contralateral tibialis anterior is centrally modulated, revealing an ipsilateral-proprioceptive / contralateral-central coupling between the support phase of one leg and the swing phase of the other.","The spinal contribution to split-belt adaptation could be isolated in decerebrate or spinal cats on a split-belt treadmill, testing whether ipsilateral extensor proprioceptive modulation and the contralateral flexor coupling persist without supraspinal control.","Implement split-belt adaptation in a biped model as ipsilateral proprioceptive extensor feedback that scales stance muscle activity with belt speed, plus a central contralateral coupling from support to opposite-limb swing; ablating the proprioceptive branch should abolish automatic speed matching.",,False
recOlalJjpzPiMBKO,Instability of synchronized motion in nonlocally coupled neural oscillators,Sakaguchi,,2006,10.1103/physreve.73.031907,,,,,Sakaguchi 2006,,True,True,"Shows that the synchronized state of nonlocally coupled Hodgkin-Huxley neurons with excitatory and inhibitory synaptic coupling is linearly unstable, and that its destabilization yields chimera states, wavy states, clustering, and spatiotemporal chaos, providing a mechanism by which spatially structured, partially synchronized activity can emerge in distributed oscillator networks without parameter heterogeneity.",,"Build a nonlocally coupled oscillator network with mixed excitatory/inhibitory coupling and test the stability of the synchronized state; parameter sweeps should reproduce chimera, clustering, wavy, and chaotic regimes, a caution for multi-limb CPG designs that assume synchrony.",,False
recOqbU3LEyNOBp9X,A new neuron model under electromagnetic field,Wu,,2019,10.1016/j.amc.2018.10.087,,,,,Wu 2019,,False,True,"Computational model study. (2) Via narrowing the rate coding window and converting the leaky integrate-and-fire (LIF) model into an explicitly iterative ver- sion, we present a Pytorch-based implementation method to- wards the training of large-scale SNNs.",,,,False
recOxdnEbNJwqvSVs,Self-organized control of bipedal locomotion by neural oscillators in unpredictable environment,Taga,,1991,10.1007/bf00198086,,,,,Taga 1991,,False,True,"Proposed that stable and flexible locomotion emerges as a global limit cycle produced by global entrainment between coupled neural oscillators, the musculoskeletal system, and the environment, rather than by tracking explicit trajectories; the simulated biped withstood mechanical perturbations and environmental changes, and switched between walking and running (with hysteresis) by changing a single nonspecific parameter.","The global-entrainment principle could be tested in reduced animal preparations by imposing periodic mechanical perturbations during treadmill or fictive locomotion and quantifying phase locking of the neural rhythm to the mechanical load, as mutual neural-mechanical entrainment predicts.","Implement coupled neural oscillators with mutual inhibition, entrained with a musculoskeletal biped through sensorimotor feedback loops; verify perturbation resistance, environmental adaptation, and walk-run transitions with hysteresis under a single-parameter drive change, replicating the paper's claims.",,False
recP7eT8wZvqmG1hi,How detailed is the central pattern generation for locomotion,Grillner and Zangger,,1975,10.1016/0006-8993(75)90401-1,Cat,,Fictive locomotion without sensory feedback,,,,True,True,"Deafferenting one or both hindlimbs of mesencephalic treadmill-walking cats leaves the detailed EMG activation pattern intact — brief muscle-specific bursts within both flexion and extension phases persist (more variable after bilateral deafferentation) — showing that the central program does not simply alternate flexors and extensors but sequentially starts and terminates each muscle at the correct instant, while afferents serve to handle external perturbations rather than to time the pattern.",,,,False
recPCXtgk6BmzzQJx,Control and Estimation of Posture During Quiet Stance Depends on Multijoint Coordination,Hsu,,2007,10.1152/jn.01142.2006,Human,,,,,,False,True,This study tested the hypotheses that all major joints along the longitudinal axis of the body are equally active during quiet standing and that their motions are coordinated to stabilize the spatial positions of the center of mass (CM) and head.,,,,False
recPFQk4euEsokrB8,LOCOMOTOR CIRCUITS IN THE MAMMALIAN SPINAL CORD,Kiehn,,2006,10.1146/annurev.neuro.29.051605.112910,Mammals,,,,,Kiehn 2006,False,True,"Landmark review of locomotor circuits in the mammalian spinal cord: rhythmogenesis, pattern formation, and the genetic dissection of interneuron classes.",,,,False
recPGqPZU3LRiZkX3,"Peripheral control of the cat's step cycle I. Phase dependent effects of ramp-movements of the hip during ""fictive locomotion""",Andersson and Grillner,,1981,10.1111/j.1748-1716.1981.tb06867.x,Cat,,,,,,False,True,"Imposed ramp movements of the hip during fictive locomotion in acute spinal curarized cats reset the locomotor rhythm with a phase-dependent sign, prolonging the cycle when applied early (during flexor activity) and markedly shortening it later, with direction-sensitive positive feedback on flexor bursts at the end of flexion and stronger flexor responses at more extended hip positions, demonstrating potent phase-specific peripheral control of the central pattern generator.","Identify which hip receptor class carries the phase-reset signal by recording hip afferents during imposed ramp movements, or selectively denervate hip afferents and quantify the loss of phase-dependent cycle modulation during locomotion.","Implement a phase-dependent hip-angle reset input to the rhythm generator: early-cycle ramps prolong and late-cycle ramps shorten the cycle, with end-of-flexion directional sensitivity and position-dependent gain; ablating this input should remove the cycle-timing modulation.",,False
recPLQoxghgCY0bTV,Generating the walking gait: role of sensory feedback.,Pearson,,2004,10.1016/s0079-6123(03)43012-4,Cat,,,,,Pearson 2004,False,True,"Synthesizes cat walking evidence that feedback from muscle proprioceptors establishes the timing of major phase transitions, contributes to burst production, generates some features of the motor pattern, and is required for adaptive modification after alterations in leg mechanics; argues that afferent signals likely reorganize the functioning of central networks, making 'afferent modulation of a hard-wired CPG' too simplistic a framework.","The proposed reorganization of central network functioning by phasic afferent signals could be tested by recording identified central neurons during real stepping versus deafferented fictive locomotion, the comparison the abstract identifies as the missing experiment.",Model phase-transition timing and burst production as afferent-controlled processes rather than fixed CPG timing; ablate individual proprioceptive channels and quantify the loss of adaptive motor-pattern modification to altered leg mechanics.,,False
recPPcdJftkGUBtVn,A Functional Subnetwork Approach to Designing Synthetic Nervous Systems That Control Legged Robot Locomotion,Szczecinski,Hunt; Quinn,2017,10.3389/fnbot.2017.00037,,,,,,,True,True,"Design methodology for synthetic nervous systems: parameterized functional subnetworks performing addition, subtraction, multiplication, division, differentiation, and integration, with gains set from the neural operating range and biologically bounded values, assembled into larger controllers — the arithmetic-primitives approach underpinning MantisBot and later SNS control models.",,,,False
recPXVzvQp9ltwS8a,Delineating the Diversity of Spinal Interneurons in Locomotor Circuits,Gosgnach,,2017,10.1523/jneurosci.1829-17.2017,,,,,,Gosgnach 2017,False,True,"Review of delineating diversity spinal interneurons locomotor. Lanuza,5 and Ying Zhang6 1Department of Physiology, University of Alberta, Edmonton, Alberta T6G 2H7, Canada,2Department of Neuroscience, Columbia University, New York, New York 10032, 3Department of Neurobiology and Anatomy, Drexel University, Philadelphia, Pennsylvania 19129,4Department of Neuroscience, Karolinska Institutet, Stockholm SE-171 77, Sweden, 5Department of Developmental...",,,,False
recPnDjXSKqOF4BDt,Proprioception and locomotor disorders,Dietz,,2002,10.1038/nrn939,Human,,,,,,True,True,"Review paper
Key Points
Locomotion in mammals depends on central pattern generators — networks of spinal interneurons that can produce rhythmic outputs independently of any modulatory input. However, the spinal activity pattern is influenced by inputs from peripheral afferents, brainstem nuclei and cortical motor centres. Central pattern generators must select the appropriate inputs at each stage of movement and according to external conditions.

Afferent inputs that influence gait include the short-latency stretch reflex, which is mediated by excitatory monosynaptic connections between sensory fibres and motor neurons. This reflex is thought to compensate for small ground irregularities and is initiated when muscle stretch is detected by muscle spindles (the output of which is carried by type 1a fibres). The stretch reflex is modulated over the step cycle, with potential functional consequences.

Other afferent inputs, which mediate polysynaptic reflexes, converge on spinal interneurons, where they are integrated with descending information. The information from afferent receptors such as Golgi organs and skin mechanoceptors is carried by different fibre classes. Polysynaptic reflexes produce compensatory responses during locomotion that involve synergistic activation of muscle groups in both legs.

The polysynaptic reflex system probably integrates two important sources of afferent information: those related to load and to hip-joint position. In cats, either of these source",,,,False
recPs5aq2lbEr1ozm,Intra-axonal recordings of cutaneous primary afferents during fictive locomotion in the cat,Gossard,Cabelguen; Rossignol,1989,10.1152/jn.1989.62.5.1177,Cat,Cutaneous,,,,,False,True,"Intra-axonal recordings during fictive locomotion in decorticated cats show that all cutaneous primary afferents develop locomotor-rhythmic membrane potential fluctuations with two depolarization waves per cycle (maximal during flexor activity in the majority of units), demonstrating that the CPG phasically controls the efficacy of transmission in cutaneous pathways at a presynaptic level as part of the locomotor program.","Test whether the phase of maximal cutaneous primary afferent depolarization shifts with locomotor speed or between motor tasks, or pharmacologically block the PAD mechanism to demonstrate the predicted task- and phase-dependent changes in cutaneous reflex transmission.","Implement phase-dependent presynaptic gating of cutaneous feedback channels: scale cutaneous synaptic gains by a locomotor-phase gate with maximal presynaptic inhibition phased to flexor activity, and compare reflex behavior against an ungated model.",,False
recQ4DtooAZiS0uHM,Neural control of locomotion; Part 1: The central pattern generator from cats to humans,Duysens and Van de Crommert,,1998,10.1016/s0966-6362(97)00042-8,Cat; Human,,,,,Duysens 1998,False,True,"Traces the spinal CPG concept from cats with complete spinal cord transection that recover locomotor function to evidence for a human spinal locomotor CPG drawn from treadmill-training recovery in incomplete spinal cord injury, framing locomotor rehabilitation as exploitation of spinal rhythm-generating circuitry conserved from cats to humans.",The framework could seed longitudinal animal studies combining complete spinal transection with intense treadmill training and pharmacological neuromodulation to define the training parameters that drive recovery of spinal locomotor function.,"Implement a spinal CPG block whose basic rhythmic activation survives removal of step-specific sensory feedback, mirroring transection-cat recovery, and study training-like adaptation regimes of the circuit in simulation.",,False
recQ54lg8RzZLnbUW,The Human Central Pattern Generator for Locomotion: Does It Exist and Contribute to Walking?,Minassian,Hofstoetter; Dzeladini; Guertin; Ijspeert,2017,10.1177/1073858417699790,Human,,,,,Minassian 2017,True,True,"Argues from spinal-cord-stimulation and pharmacological neuromodulation studies in spinal cord injury plus neuromechanical modeling that the human lumbar cord can produce rhythmic muscle activation resembling CPG activity of the isolated animal spinal cord in the absence of volitional control and step-specific sensory feedback, and that CPGs may contribute to specific phases of the step cycle while serving as a feedforward component that simplifies supraspinal control of step-cycle frequency for a targeted speed.","The proposed phase-specific CPG contribution to normal locomotion could be tested in animals by combining stimulation-elicited spinal rhythms with graded deafferentation during treadmill locomotion, dissociating feedforward CPG output from sensory-driven components.",Add a feedforward CPG component that sets step-cycle frequency for a targeted speed and reduces supraspinal control burden; ablate it and measure the added control complexity or gait degradation in a neuromechanical walker.,,False
recQA3AJ46DeMxTIb,Sub-populations of Spinal V3 Interneurons Form Focal Modules of Layered Pre-motor Microcircuits.,Chopek,Nascimento; Beato; Brownstone; Zhang,2018,10.1016/j.celrep.2018.08.095,Mice,,,,,,False,True,"Combines patch-clamp recording with holographic glutamate uncaging in mice to reveal focal, layered V3 premotor modules: ventromedial V3 interneurons synapse onto ventrolateral V3 interneurons, which contact ipsilateral motoneurons, while motoneurons return recurrent excitatory glutamatergic input to V3 interneurons, a substrate for well-timed, spatially specific movement.",Optogenetically silence the ventrolateral V3-to-motoneuron connection or the motoneuron-to-V3 recurrent excitation during locomotion to test their contributions to the timing precision and spatial specificity of motor output.,Add a two-layer excitatory premotor module (ventromedial to ventrolateral V3 to motoneuron) with motoneuron recurrent excitation back to the premotor layer; ablate the recurrent branch and measure degradation of burst-timing precision.,,False
recQKVOUIQSE8qO5U,State-dependent rhythmogenesis and frequency control in a half-center locomotor CPG,Ausborn,Snyder; Shevtsova; Rybak; Rubin,2018,10.1152/jn.00550.2017,,,,,Ausborn 2018,,False,True,"Modeling study showing that a locomotor CPG of conditionally bursting flexor and extensor half-center populations with reciprocal inhibition and independent external drives can operate in distinct regimes consistent with competing experimental concepts (quasi-symmetric, flexor-driven, or both half-centers intrinsically rhythmic), with oscillation frequency and phase durations in each regime controlled by the regime-dependent expression of intrinsic rhythmic capability and by escape versus release phase-transition mechanisms, reconciling seemingly contradictory data on CPG organization.","Measure phase durations and cycle frequency across locomotor speeds in reduced preparations to seek the regime-dependent signatures the model predicts, distinguishing flexor-driven from half-center operation via stance/swing duration relationships.",Implement conditionally bursting half-centers with reciprocal inhibition and independent drives; sweep drives to demonstrate regime transitions and use escape/release dynamics as the tuning knobs for oscillation frequency and phase durations in an RG core.,,False
recQKYXn4Tb62Xi80,Initiation of locomotion in lampreys.,Dubuc,Brocard; Antri; Fénelon; Gariépy; Smetana; Ménard; Le Ray; Di Prisco; Pearlstein; Sirota; Derjean; St-Pierre; Zielinski; Auclair; Veilleux,2008,10.1016/j.brainresrev.2007.07.016,Lamprey,,,,,Dubuc 2008,False,True,"Review of how locomotion is initiated in lampreys: escape swimming is triggered by a simple cutaneous pathway through reticulospinal command cells whose intrinsic membrane properties convert brief sensory input into long-lasting excitation, while goal-directed locomotion is channeled through the mesencephalic locomotor region, which drives reticulospinal cells bilaterally in graded fashion via glutamatergic and cholinergic transmission.",,,,False
recQVHpLsp1C9n2mW,On the Influence of Group III/IV Muscle Afferent Feedback on Endurance Exercise Performance,Amann,,2020,10.1249/JES.0000000000000233,Human,,group III/IV fatigue,,,,True,True,"Consequences of group III/IV muscle afferent feedback for the development of neuromuscular fatigue and whole body exercise performance. Muscle contraction-induced increases in group III/IV afferent feedback raise circulation and pulmonary ventilation during exercise and thereby assure adequate oxygen delivery to the working locomotor muscle. This attenuates the development of peripheral fatigue and facilitates exercise performance. On the other hand, group III/IV muscle afferent feedback restricts spinal motoneuron output and voluntary muscle activation, i.e. promotes central fatigue and impairs exercise performance. 

With the onset of exercise, contraction-induced mechanical and metabolic stimuli begin to activate molecular receptors located on the terminal end of both thinly myelinated (group III, mainly mechanosensitive) and unmyelinated (group IV, mainly metabosensitive) nerve fibers with their receptive fields within skeletal muscle. 

Afferents for groups III/IV can be separated into two categories: One subtype, the so-called metabo- or ergoreceptors, is predominantly activated by the concentrations of intramuscular metabolites (lactate, ATP, protons) existing during ‘normal’ (i.e. freely perfused, aerobic, innocuous) exercise up to strenuous intensities. In contrast, the other subtype, the so-called metabo-nociceptors, only respond to higher (and concurrently noxious) levels of metabolites present in muscle during ischaemic contractions or following hypertonic saline ",,,,False
recQd6HSYCeWFpUbu,The spinal control of locomotion and step-to-step variability in left-right symmetry from slow to moderate speeds,Dambreville,Labarre; Thibaudier; Hurteau; Frigon,2015,10.1152/jn.00419.2015,Cat,,,,,,True,True,"During
experiments, EMG and bilateral video recordings were made during
treadmill locomotion from 0.1 to 0.4 m/s in 0.05 m/s increments.
Cycle and stance durations significantly decreased with increasing
speed, whereas swing duration remained unaffected. Extensor burst
duration significantly decreased with increasing speed, whereas sartorius burst duration remained unchanged. Stride length, step length,
and the relative distance of the paw at stance offset significantly
increased with increasing speed, whereas the relative distance at
stance onset and both the temporal and spatial phasing between
hindlimbs were unaffected. Both temporal and spatial step-to-step
left-right asymmetry decreased with increasing speed. Therefore, the
spinal cord is capable of adjusting both temporal and spatial parameters during treadmill locomotion, and it is responsible, at least in part,
for the step-to-step variability in left-right symmetry observed at slow
speeds.",,,,False
recQkgW6mi6AezV1b,On the Organization of the Locomotor CPG: Insights From Split-Belt Locomotion and Mathematical Modeling,Latash,Lecomte; Danner; Frigon; Rybak; Molkov,2020,10.3389/fnins.2020.598888,Cat,,,Latash 2020,Latash 2020; Latash 2020,,True,True,"Uses split-belt experiments in intact and spinal cats together with mathematical modeling of CPG circuits to support a state-dependent organization: with increasing excitatory input or locomotor speed, the rhythmogenic mechanism of each limb's rhythm generator changes from flexor-driven rhythmicity toward a classical half-center mechanism, with specific commissural interactions between left and right rhythm generators accounting for stance and swing duration changes under symmetric and asymmetric conditions.","Split-belt tests across a speed range in spinal versus intact cats, with phased deafferentation, could bound the sensory contribution to the drive-dependent regime transition attributed to the rhythm generators.",Build a two-level CPG with a separate rhythm generator per limb and commissural interactions; reproduce stance and swing duration changes under symmetric and asymmetric (split-belt) drives and verify that the flexor-driven-to-half-center regime switch emerges with increasing drive.,,False
recQkmqddP5htUGpf,Insect Walking and Biorobotics: A Relationship with Mutual Benefits,Ritzmann,Quinn; Watson; Zill,2000,10.1641/0006-3568(2000)050[0023:IWABAR]2.3.CO;2,Insects,,,,,,True,True,Biorobotics represents a synergistic relationship between engineers attempting to design better robots and biologists attempting to understand principles of movement in animals.,,,,False
recQrYCoH7uVZ4zvP,"Capturability-based analysis and control of legged locomotion, Part 2: Application to M2V2, a lower-body humanoid",Pratt,,2012,10.1177/0278364912452762,,,,,,,False,True,"Introduces N-step capturability, the ability of a legged system to come to a stop without falling within N or fewer steps, as a practical stability criterion, and demonstrates a controller using 1-step capture-region step placement and instantaneous capture point control on a 3D force-controlled biped that recovers from pushes up to 21 Ns while balancing on one leg and 15 Ns while walking, and walks across randomly placed stepping stones.",,"Implement 1-step capture-region step placement and instantaneous capture point control as a balance supervisor atop a biped; test push-recovery envelopes and stepping-stone walking, and compare against purely reflex-based recovery strategies.",,False
recQs7rSLrhf6qg1K,Multisensory control of human upright stance,Maurer,,2006,10.1007/s00221-005-0256-y,Human,,,,Maurer 2006,,False,True,Computational model study. We found gain and phase of the responses to vary as a function of stimulus frequency and in relation to the absence versus presence of vestibular and proprioceptive cues.,,,,False
recQt1Ib00hBvnEem,The Brain in Its Body: Motor Control and Sensing in a Biomechanical Context,Chiel,Ting; Ekeberg; Hartmann,2009,10.1523/jneurosci.3338-09.2009,Cat; Human; Insects; Lamprey; Rat; Salamander,,Biomechanically mediated preflexive feedback,,,Chiel 2009,False,True,"Reviews molluscan feeding, postural control in cats and humans, locomotion simulations in lamprey, insect, cat and salamander, and rat vibrissal sensing to argue that adaptive behavior emerges from nervous-system-body-environment interaction: control is shared between nervous system and periphery, neural activity organizes degrees of freedom into biomechanically meaningful subsets, mechanics alone can play crucial roles in enforcing gait patterns, and the mechanics of sensors is crucial for their function.","Perturb peripheral mechanics (limb inertia, muscle properties, sensor mechanics) while recording neural compensation across the reviewed preparations, dissociating mechanical from neural contributions to gait enforcement.",Embed morphologically realistic muscle and sensor mechanics so that body dynamics contribute to gait enforcement (preflexes); progressively remove neural correction loops and quantify the locomotor stability retained by mechanics alone.,,False
recQwvJAHTH2EEnnZ,Highly mobile robots that run and jump,Horchler,Quinn; Lambrecht; Morrey,2004,,,,,,,,False,True,"Mini-WHEGS robots abstract cockroach locomotion principles into 9-cm four-wheel-leg vehicles using an alternating diagonal gait that run over 10 body lengths per second, climb obstacles taller than their leg length, and add a jumping mechanism for larger obstacles — an example of insect-derived mechanical intelligence transferable to bipedal foot placement hardware.",,,,False
recRIvcDW0p0T6DDa,Brainstem Circuits for Locomotion,Leiras,Cregg; Kiehn,2022,10.1146/annurev-neuro-082321-025137,,,,,,,True,True,"Locomotion is a universal motor behavior that is expressed as the output of many integrated brain functions. Locomotion is organized at several levels of the nervous system, with brainstem circuits acting as the gate between brain areas regulating innate, emotional, or motivational locomotion and executive spinal circuits. Here we review recent advances on brainstem circuits involved in controlling locomotion. We describe how delineated command circuits govern the start, speed, stop, and steering of locomotion. We also discuss how these pathways interface between executive circuits in the spinal cord and diverse brain areas important for context-specific selection of locomotion. A recurrent theme is the need to establish a functional connectome to and from brainstem command circuits. Finally, we point to unresolved issues concerning the integrated function of locomotor control.",,,,False
recRRXllFjR4hJBVE,Spinal control of muscle synergies for adult mammalian locomotion,Desrochers,Harnie; Doelman; Hurteau; Frigon,2019,10.1113/JP277018,Cat,,,Kargo 2010,,,True,True,"Key points
The control of locomotion is thought to be generated by activating groups of muscles that perform similar actions, which are termed muscle synergies.
Here, we investigated if muscle synergies are controlled at the level of the spinal cord.
We did this by comparing muscle activity in the legs of cats during stepping on a treadmill before and after a complete spinal transection that abolishes commands from the brain.
We show that muscle synergies were maintained following spinal transection, validating the concept that muscle synergies for locomotion are primarily controlled by circuits of neurons within the spinal cord.",,,,False
recRT3oLAqSocsheD,A distributed neural network architecture for hexapod robot locomotion,Beer,Chiel; Quinn; Espenschied; Larsson,1992,10.1162/neco.1992.4.3.356,,,,,Beer 1992,,False,True,"The classic distributed neural-network controller for hexapod locomotion, designed directly from insect neuroethology: varying a single command neuron's activity smoothly modulates the robot across a continuous range of statically stable insect-like gaits, with robustness to lesions that carried over from simulation to the real six-legged robot.",,,,False
recRXPfKgEjgdGKe2,Aging causes a reorganization of cortical and spinal control of posture,Papegaaij,,2014,10.3389/fnagi.2014.00028,Human,,,,,Papegaaij 2014,True,True,"Review of aging causes reorganization cortical spinal. Sharma, Uppsala University, Sweden Reviewed by: Changiz Geula, Northwestern University, USA Richard Camicioli, McGill University, Canada *Correspondence: Selma Papegaaij, Center for Human Movement Sciences, University of Groningen, Antonius Deusinglaan 1, 9713AV Groningen, Netherlands e-mail: s.papegaaij@umcg.nl Classical studies in animal preparations suggest a strong role for...",,,,False
recRZ6ZA7arD6zHsi,The control of lateral stability during rapid stepping reactions evoked by antero-posterior perturbation: does anticipatory control play a role?,McIlroy,,1999,10.1016/s0966-6362(99)00013-2,,,,,,,False,True,"It is proposed that the presence of an ML APA during compensatory stepping may represent an attempt to preplan a stereotypical stepping response, but that the ability to fully express the anticipatory phase is disrupted by the need to react rapidly to the unpredictable antero-posterior...",,,,False
recRarTZSTWhAEBWn,Proprioception from a spinocerebellar perspective.,Bosco and Poppele,,2001,10.1152/physrev.2001.81.2.539,,,,,,Bosco & Poppele 2001,False,True,"Develops the dorsal spinocerebellar tract system as a model showing that spinal proprioceptive processing produces a global representation of whole-limb parameters rather than a muscle-by-muscle or joint-by-joint code, with the functional organization originating in the biomechanical linkages of the limb and a distributed spinal processing network.",Record dorsal spinocerebellar tract neurons during controlled multi-joint limb movements versus isolated joint rotations to test the whole-limb versus joint-by-joint coding framework.,"Replace muscle-by-muscle proprioceptive feedback in a locomotor controller with a spinocerebellar-like whole-limb kinematic encoding stage, and test whether the global representation improves interjoint coordination and balance relative to a joint-by-joint representation.",,False
recReVnXs3hCCtqO9,Activation of groups of excitatory neurons in the mammalian spinal cord or hindbrain evokes locomotion,Hägglund,Borgius; Dougherty; Kiehn,2010,10.1038/nn.2482,Mice,,,,,,False,True,"Using Vglut2-ChR2 mice, photostimulation of either the lumbar spinal cord or the caudal hindbrain was sufficient to both initiate and maintain locomotor-like activity, directly demonstrating that glutamatergic neurons in the spinal cord are critical for initiating or maintaining the locomotor rhythm and that activation of hindbrain locomotor command regions can directly activate the spinal locomotor network.","Silence Vglut2-positive spinal populations during ongoing locomotion, or sweep stimulation frequency and location, to dissociate the rhythmogenic versus command roles of spinal and hindbrain glutamatergic neurons.",Model locomotion initiation as a tonic excitatory glutamatergic drive channel that both starts and sustains the rhythm generator; ablating it should reproduce failure of locomotor initiation while leaving the remaining network structure intact.,,False
recRj55dZHvvi3imX,Functional subpopulations of V3 interneurons in the mature mouse spinal cord.,Borowska,Jones; Zhang; Blacklaws; Goulding,2013,10.1523/jneurosci.2005-13.2013,Mice,,,,,,True,True,"Identifies two physiologically and topographically distinct V3 interneuron subpopulations in the mature mouse spinal cord: ventral lamina-VIII cells with simple morphology and rapid tonic firing, active during running in a manner suggesting a premotor role, and dorsal cells with complex morphology, strong spike-frequency adaptation, large sag voltages and post-inhibitory rebound (consistent with HCN and T-type calcium currents), active during swimming in a manner suggesting a sensory-relay role.",Separately silence ventral versus dorsal V3 subpopulations during running and swimming to causally test the premotor versus sensory-relay role assignments inferred from their task-dependent activity.,Split the commissural excitatory population in a CPG model into tonic-firing premotor and adapting rebound-capable relay subtypes with HCN- and T-type-like currents; test whether differential recruitment across gaits preserves rhythm robustness.,,False
recRmBChe7Lolwn0F,A spinal circuit for skilled locomotion,Toscano,Evtushenko; Giomi; Santuz,2025,10.1016/j.cub.2025.09.030,Mice,,,,,,False,True,"Identifies V0g ascending neurons as a subtype of the V0 family integrated in lumbar sensorimotor circuits and specifically required for execution of the precise limb movements of skilled locomotion, revealing a previously unappreciated role for ascending spinal neurons in adjusting body movements to the demands of challenging locomotor tasks.","Acute silencing of V0g ascending neurons during skilled versus simple locomotor tasks would test the behavioral specificity of the precision deficit, dissociating skill-level adjustments from basic walking.",Implement an ascending precision-correction pathway (V0g analog) that modulates limb-movement precision only in high-demand locomotion modes; ablate it in simulation and quantify loss of foot-placement precision on demanding terrain.,,False
recRqtgGMEHCYFJ4t,Effects of spinal transection and locomotor speed on muscle synergies of the cat hindlimb,Klishko,,2025,10.1113/JP288089,Cat,,,,,,True,True,"Fifteen hindlimb muscle EMGs in cats across 0.4–1.0 m/s before and after low-thoracic transection factor into five synergies in every condition; synergy number, composition, and activation patterns survive transection and speed changes, supporting spinal-level synergy control and grounding a pattern-formation network organization for the two-level CPG.",,,,False
recRsTA1RaPWpafjV,Gating and reversal of reflexes in ankle muscles during human walking,Duysens,Trippel; Horstmann; Dietz,1990,10.1007/bf00231254,Human,,,,,,False,True,"In walking humans, electrical stimulation at the ankle produced phase- and intensity-dependent reflex effects: low-intensity swing-phase stimuli suppressed tibialis anterior activity, high-intensity stimuli facilitated it (largest mid-swing and correlated with exaggerated dorsiflexion), and some subjects showed a phase-dependent reversal from swing-phase tibialis anterior responses to gastrocnemius facilitation during early stance, demonstrating central gating and modulation of reflex transmission rather than simple scaling of ongoing EMG.",Replicate the phase-dependent stimulation protocol with identified afferent stimulation in decerebrate walking cats to localize the spinal circuitry underlying the observed gating and reflex reversal.,"Implement phase- and intensity-dependent reflex gating in a neuromechanical walker: ankle-afferent stimulation suppresses tibialis anterior in swing at low intensity, facilitates it at high intensity, and reverses to gastrocnemius facilitation in early stance; test the balance contribution during perturbations.",,False
recRtx7hS4xPDLv4P,"Bipedal Robots: A Systematic Review of Dynamical Models, Balance Control Strategies, and Locomotion Methods",Al-Tameemi and Amanuel,,2025,,,,,,,Al-Tameemi 2025,True,True,"Systematic review of bipedal robotics: dynamical models from LIPM through centroidal to whole-body dynamics; balance strategies from ankle/hip to whole-body control; and locomotion methods split between model-based (ZMP, Capture Point, DCM) and learning-based (RL, human motion data), with sensor fusion, energy-aware RL rewards, and hierarchical architectures proposed as the road ahead.",,,,False
recRx4HKvsONLqcG4,Inter-leg coordination in the control of walking speed in Drosophila,Wosnitza,,2013,10.1242/jeb.078139,Cat; Insects,,,,,,False,True,"The transition from one gait to another is discontinuous and it can be shown that quadrupeds select the energetically optimal gait at a given speed (Hoyt and Taylor, 1981).",,,,False
recRx7GzrmC60kkDl,Initiation of locomotion in mammals.,Jordan,,1998,10.1111/j.1749-6632.1998.tb09040.x,Mammals,,,,,Jordan 1998,False,True,"Reviews brainstem initiation of locomotion: c-fos-labeled active cells during locomotion localize the mesencephalic locomotor region across the periaqueductal gray, cuneiform nucleus, pedunculopontine nucleus, and locus coeruleus, with different subsets of locomotor nuclei apparently activated in different behavioral contexts (exploratory, appetitive, defensive), implying that lesion studies must be interpreted relative to the nuclei active in the specific locomotor task tested.",Context-specific c-fos mapping combined with stimulation or lesions of individual mesencephalic locomotor region nuclei during exploratory versus defensive locomotion would test the context-dependent recruitment scheme.,"Implement a supraspinal initiation module with context-selective drives (exploratory, appetitive, defensive) converging on the spinal locomotor network, mimicking the brainstem command structure; ablate submodules to mirror the lesion-study interpretation caveats.",,False
recSEg1aVNs16JtjP,Distribution of networks generating and coordinating locomotor activity in the neonatal rat spinal cord in vitro: a lesion study,Kjærulff,Kiehn,1996,10.1523/jneurosci.16-18-05777.1996,Rat; Mammals,,,,,,False,True,"Lesion study in the neonatal rat spinal cord in vitro: the rhythm-generating network is distributed over the entire lumbar enlargement and extends into caudal thoracic segments (the ventral third alone suffices; sagittal lateral fragments do not), and the left–right alternation pathways run primarily in the ventral commissure.",,,,False
recSGKVp8xyKgUa3H,"Six-legged walking in insects: how CPGs, peripheral feedback, and descending signals generate coordinated and adaptive motor rhythms",Bidaye,Bockemühl; Büschges,2018,10.1152/jn.00658.2017,Insects,,,,,Bidaye 2018,False,True,"Reviews insect six-legged walking: how leg central pattern generators interact with sensory signals from the leg in generating single-leg stepping, how those interactions are reconfigured for forward and backward walking, curve walking, and speed changes, and how descending signals from the brain mediate initiation, maintenance, modification, and cessation of walking, with emphasis on knowledge gaps addressable by neurogenetic approaches.","Neurogenetic silencing of identified leg sensory organs or CPG interneurons during free walking across directions and speeds in insects, targeting the intersegmental coordination gaps the review identifies.","Implement hexapod leg CPGs coupled to leg sensory signals with reconfigurable interactions for backward walking, curve walking, and speed changes; ablate individual sensory channels to quantify loss of motor flexibility.",,False
recSRi5Pinh7wq0vV,Proprioceptive Control of Extensor Activity during Fictive Scratching and Weight Support Compared to Fictive Locomotion,Perreault,Enríquez-Denton; Hultborn,1999,10.1523/jneurosci.19-24-10966.1999,,Ia; Ib,,,,,True,True,"Shows that extensor group I afferents' oligosynaptic inhibition of extensor motoneurons at rest is replaced by oligosynaptic excitation not only during fictive locomotion but also during fictive scratching and fictive weight support, with extensor group I input affecting burst amplitude and timing similarly across tasks, evidence for state-dependent opening of excitatory group I reflex pathways during multiple motor behaviors and for a common rhythm-generating network shared by scratching and locomotion.","Test the task-generality of the excitatory group I pathway by measuring extensor group I effects during additional motor behaviors, and dissociate the scratching and locomotion rhythms with targeted spinal lesions to test the common-network hypothesis.",Implement state-dependent group I extensor reflex pathways that switch from inhibitory at rest to excitatory during locomotor activity across multiple motor tasks; ablating the state switch should remove extensor load regulation during stance.,,False
recSdhE0hA5bdq22R,Depression of group Ia monosynaptic EPSPs in cat hindlimb motoneurones during fictive locomotion.,Gosgnach,Quevedo; Fedirchuk; McCrea,2000,10.1111/j.1469-7793.2000.00639.x,Cat,,Ia presynaptic inhibition,,,,True,True,"During brainstem-evoked fictive locomotion in decerebrate cats, monosynaptic group Ia EPSPs are tonically depressed to about two-thirds of control in most motoneurones, with group I field potentials similarly reduced and only weak correlation with decreased motoneurone input resistance — evidence that presynaptic inhibition of Ia transmission underlies the tonic depression of stretch reflexes during locomotion.",,,,False
recSh9tW4eoP1c5tq,Depression of muscle and cutaneous afferent-evoked monosynaptic field potentials during fictive locomotion in the cat.,Perreault,Shefchyk; Jiménez; McCrea,1999,10.1111/j.1469-7793.1999.00691.x,Cat,Ia; Ib; II; Cutaneous,Ia presynaptic inhibition,,,,False,True,"During MLR-evoked fictive locomotion in decerebrate cats, monosynaptic field potentials evoked by group I, group II, and cutaneous afferents are tonically depressed (intermediate-lamina group II potentials down to a mean of 49% of control), with smaller phase-dependent cyclic modulation superimposed. The depression begins with tonic MLR drive before rhythm onset, indicating that the locomotor state reduces synaptic transmission from primary afferents onto first-order spinal interneurons — afferent influx to the locomotor circuitry is gated down at its earliest synapse during locomotion.","Replicate in mouse or rat with genetic access to interneuron classes, measuring whether afferent-evoked field-potential depression scales with locomotor drive or frequency, and separate presynaptic from postsynaptic contributors with paired-pulse and intracellular recordings across dorsal vs intermediate laminae.","Implement locomotor-state gating on afferent input channels: scale group I/II/cutaneous afferent synaptic gains by a tonic depression factor (~0.8 for dorsal/group I, ~0.5 for intermediate group II) plus a small phase-dependent component, and verify reflex amplitudes are suppressed during locomotion while phase-cycling as observed.",,False
recStTn5dbc2B80S0,Pontine reticulospinal projections in the neonatal mouse: Internal organization and axon trajectories.,Sivertsen,Perreault; Glover,2016,10.1002/cne.23904,Mice,,,,,,False,True,Retrograde tracing in the neonatal mouse shows the pontine reticulospinal projection consists of segregated ipsi- and contralaterally projecting populations (3:1 ipsilateral) that are predominantly excitatory (GAD-negative) with distinct brainstem and spinal axon trajectories; the larger size and greater number of the uncrossed population accounts for its more reliable transmission to spinal motoneurons. This is the anatomical substrate for the powerful descending reticulospinal drive assumed in spinal locomotor models.,,,,False
recSwiN9EQNBLX0wH,"The flexion synergy, mother of all synergies and father of new models of gait",Duysens,De Groote; Jonkers,2013,10.3389/fncom.2013.00014,Human,,Ib stance to swing,,,,True,True,"The flexion synergy of Sherrington's flexor reflex, the withdrawal-reflex modules of Schouenborg, and the neonatal locomotor modules of Dominici largely overlap, and the end-of-stance facilitation of the flexion synergy — broadly afferent-facilitated but load-suppressed — points to a flexor burst generator as the core of an asymmetric CPG model whose afferent gating has already been implemented in walking bipedal robots.",,,,False
recT5hSCm9ZQnfcqU,A Generalized Linear Integrate-and-Fire Neural Model Produces Diverse Spiking Behaviors,Mihalaş,,2009,10.1162/neco.2008.12-07-680,,,,,Mihalaş 2009,,False,True,"Computational model study. In this study, we describe a generalization of the leaky integrate-and-fire model that produces a wide variety of spiking behaviors while still being analytically solvable between firings.",,,,False
recTJw1M4PpPvCCMO,A unified view of quiet and perturbed stance: simultaneous co-existing excitable modes,Creath,,2005,10.1016/j.neulet.2004.11.071,Human,,,,,,False,True,Here we present evidence that a single- segment characterization of quiet stance is inadequate.,,,,False
recTKRkkbCvTuRqeK,Load-regulating mechanisms in gait and posture: Comparative aspects.,Duysens,Clarac; Cruse,2000,10.1152/physrev.2000.80.1.83,,,Ib inhibition,,,,True,True,Type Ib feedback has an inhibitory effect on muscles in non-moving animals,,,,False
recTUr9yGNL2hrV5y,Dynamic Sensorimotor Interactions in Locomotion,Rossignol,Dubuc; Gossard,2006,10.1152/physrev.00028.2005,,Cutaneous,Cutaneous stance modification,,,Rossignol 2006,True,True,"Definitive synthesis of locomotion as a dynamic interaction between a genetically determined spinal CPG and sensory feedback: extensor proprioceptive input adjusts stance timing and amplitude to locomotor speed while being silenced in the opposite phase, and skin afferents predominantly correct limb and foot placement during stance on uneven terrain. Transmission in locomotor pathways is modulated in a state- and phase-dependent manner through shared presynaptic, interneuronal, and motoneuronal mechanisms, keeping the central program and feedback congruous.","Phase-matched perturbation series in spinal animals (ramp loading/unloading of extensors at each cycle phase, phase-matched skin stimulation) to map the state- and phase-dependent gating the review synthesizes.","Build the controller as CPG plus phase-gated feedback: extensor proprioceptive channels active only during stance (silenced in swing) adjusting timing and amplitude to speed, and cutaneous placement-correction reflexes active during stance — then test gait adaptation to speed and uneven terrain.",,False
recTexiJ8DePlQb50,Intrinsic function of a neuronal network — a vertebrate central pattern generator,Grillner,,1998,10.1016/s0165-0173(98)00002-2,Lamprey,,,,Grillner 1998,,False,True,"Computational model study. The role of different subtypes of Ca 2q channels, Ca2q dependent Kq channels and voltage dependent NMDA channels at the neuronal and network level is in focus as well as the effects of different metabotropic, aminergic and peptidergic modulators that target these ion channels.",,,,False
recThz11CiB6EUFHp,Toward Mission Capable Legged Robots through Biological Inspiration,Quinn,Nelson; Bachmann; Ritzmann,2001,10.1023/a:1012478704769,,,,,,,False,False,,,,,False
recUARdqHWdY3dtXC,An ontogenetic model for the sensorimotor organization of balance control in humans,Assaiante,,1995,10.1016/0167-9457(94)00048-j,Human,,,,Assaiante 1995,Assaiante 1995,False,True,"Review of ontogenetic model sensorimotor organization. Computational model study. the basis of a review of the literature including the authors’ own experimental studies, a model for the ontogenesis of balance control in children was developed.",,,,False
recUDAo88KmPkHNdT,Speed-dependent turning strategies in quadrupedal locomotion: insights from computational modeling,Molkov,,2026,10.3389/fbioe.2026.1787167,Mice,,,,Molkov 2026,,True,True,"Extends the 2024 quadrupedal model with three asymmetric steering mechanisms — body bending, lateral force, and lateral limb shifting — compared across walking speeds: bending wins at low speed, lateral force at medium, lateral shifting at high, with forelimbs consistently leading steering and hindlimbs adjusting propulsion and stability per strategy.",,,,False
recUDhhSVfIJ5cJg9,Contribution of sensory feedback to ongoing ankle extensor activity during the stance phase of walking,Donelan and Pearson,,2004,10.1139/y04-043,Human; Cat,II; Ib,Ib excitatory; type II excitatory,,,Donelan and Pearson 2004,False,True,"Quantitative review establishing that load-related sensory feedback contributes up to 60% of ongoing ankle extensor activity during the stance phase of walking, with secondary spindle endings (human) and Golgi tendon organs (human and cat) the likely receptors — autogenic positive feedback reinforcing stance extensor force. Argues that resolving which receptor groups set extensor magnitude across locomotor tasks requires network simulations coupled to forward-dynamic musculoskeletal models, since experimental strategies alone cannot dissociate the distributed contributions.",Selectively block candidate receptor pathways (tendon organ vs spindle secondary) during loaded walking in cats to apportion the up-to-60% extensor enhancement between Ib and II afferents across locomotor tasks and speeds.,Implement autogenic positive force feedback (Ib) and length/velocity feedback (II) onto stance-gated ankle extensor motoneurons; ablate each channel in turn and test whether unloading reduces extensor activity by up to 60% as reported.,,False
recUQzJIupLCDV5g1,Five basic muscle activation patterns account for muscle activity during human locomotion,Ivanenko,Poppele; Lacquaniti,2004,10.1113/jphysiol.2003.057174,Human,,,,,,True,True,"We recorded from12–16 ipsilateral leg and trunk muscles
using both surface and intramuscular recording and determined the average, normalized EMG
of each record for 10–15 consecutive step cycles. We identified five basic underlying factors or
component waveforms that can account for about 90% of the total waveform variance across
different muscles during normal gait. Furthermore, while activation patterns of individual
muscles could vary dramatically with speed and gravitational load, both the limb kinematics
and the basic EMG components displayed only limited changes. Thus, we found a systematic
phase shift of all five factors with speed in the same direction as the shift in the onset of the swing
phase. This tendency for the factors to be timed according to the lift-off event supports the idea
that the origin of the gait cycle generation is the propulsion rather than heel strike event. The
basic invariance of the factors with walking speed and with body weight unloading implies
that a few oscillating circuits drive the active muscles to produce the locomotion kinematics.
A flexible and dynamic distribution of these basic components to the muscles may result
from various descending and proprioceptive signals that depend on the kinematic and kinetic
demands of the movements",,,,False
recUT6zMfwDnmCJSX,A Soft-Body Controller with Ubiquitous Sensor Feedback,Boxerbaum,Daltorio; Chiel; Quinn,2012,10.1007/978-3-642-31525-1_4,,,,,,,False,False,,,,,False
recUXRSFaXun2RKPU,Electrophysiology of a Dendritic Neuron Model,Rall,,1962,10.1016/s0006-3495(62)86953-7,,,,,,,False,False,,,,,False
recUzbZHjD8A3on2Q,Bifurcations in Morris–Lecar neuron model,Tsumoto,,2006,10.1016/j.neucom.2005.03.006,,,,,,,False,False,,,,,False
recV1vWLQwAPpvTX9,"Population Dynamics of Spiking Neurons: Fast Transients, Asynchronous States, and Locking",Gerstner,,2000,10.1162/089976600300015899,,,,,,,False,True,It is analytically sho wn that transien ts from a state of incoheren t / ring can b e immediate/.,,,,False
recV3anD1eqvb5qrV,"Central pattern generators in the brainstem and spinal cord: an overview of basic principles, similarities and differences.",Steuer and Guertin,,2019,10.1515/revneuro-2017-0102,Vertebrates,,,,,Steuer and Guertin 2019,False,True,"Comparative overview of brainstem and spinal CPGs (deglutition, mastication, respiration, defecation, micturition, ejaculation, locomotion) showing that organization, function, and cellular properties are generally well-preserved phylogenetically across in vivo models, in vitro preparations, and primates, with the locomotor network the most fully characterized — supporting transfer of locomotor CPG design principles across species and preparations.","Use the comparative framework: test whether a CPG motif characterized in one in vitro preparation (e.g., rhythmogenic burster types) reproduces its role when assayed in another species' spinal preparation under equivalent pharmacological activation.","Use the review's summary of conserved CPG organization (modular rhythmogenic units, descending trigger and steering inputs) as the architectural template for a simulated network controlling multiple rhythmic behaviors, not only locomotion.",,False
recV6UpcysNrMaRLB,Human lumbar cord circuitries can be activated by extrinsic tonic input to generate locomotor-like activity,Minassian,Persy; Rattay; Pinter; Kern; Dimitrijevic,2007,10.1016/j.humov.2007.01.005,Human,,large diameter spinal afferent stimulation,,,,True,True,"Cited by Geyer and Herr, 2010.
We have demonstrated that non-patterned electrical stimulation of the lumbar cord can induce stepping-like activity in the lower limbs of complete spinal cord injured individuals. This result suggested the existence of a human lumbar locomotor pattern generator, which can convert a tonic input to a rhythmic motor output. We have studied the human lumbar cord in isolation from supraspinal input but under extrinsic tonic input delivered by spinal cord stimulation. Large-diameter afferents within the posterior roots are directly depolarized by the electrical stimulation. These afferents project to motoneurons as well as to lumbar interneurons involved in the motor control of lower limbs. Stimulation at 25–50Hz can elicit rhythmic alternating flexion/extension movements of the lower limbs in supine individuals. Reducing the tonic input frequency to 5–15Hz initiates lower limb extension. Epidural stimulation applied during manually assisted treadmill stepping in complete spinal cord injured persons immediately increases the central state of excitability of lumbar cord networks and enhances stepping-like functional motor outputs. Sustained, non-patterned tonic input via the posterior roots can activate human lumbar cord networks. Pattern generating configurations of these multifunctional circuitries can be set-up depending on the stimulation parameters and particularly on the input frequency.",,,,False
recV7qGPJWiTDrPsM,Modelling spinal circuitry involved in locomotor pattern generation: insights from the effects of afferent stimulation,Rybak,Stecina; Shevtsova; McCrea,2006,10.1113/jphysiol.2006.118711,Cat,,Ia reciprocal inhibition,,Rybak CPG 2006,,True,True,Computational model of 2 level CPG,,,,False
recV8nQBbNyZDolul,Computational modeling of spinal circuits controlling limb coordination and gaits in quadrupeds,Danner,Shevtsova; Frigon; Rybak,2017,10.7554/eLife.31050,Mice,,,,Danner 2017,,True,True,"Interactions between cervical and lumbar spinal circuits are mediated by long propriospinal neurons (LPNs). Ablation of descending LPNs in mice disturbs left-right coordination at high speeds without affecting fore-hind alternation. We developed a computational model of spinal circuits consisting of four rhythm generators coupled by commissural interneurons (CINs), providing left-right interactions, and LPNs, mediating homolateral and diagonal interactions. The proposed CIN and diagonal LPN connections contribute to speed-dependent gait transition from walk, to trot, and then to gallop and bound; the homolateral LPN connections ensure fore-hind alternation in all gaits. The model reproduces speed-dependent gait expression in intact and genetically transformed mice and the disruption of hindlimb coordination following ablation of descending LPNs. Inputs to CINs and LPNs can affect interlimb coordination and change gait independent of speed. We suggest that these interneurons represent the main targets for supraspinal and sensory afferent signals adjusting gait.",,,,False
recVOknfb17E9AxjJ,Neural Adaptive Nonlinear MIMO Control for Bipedal Walking Robot Locomotion in Hazardous and Complex Task Applications,Bekhiti,,2025,10.3390/robotics14060084,,,,,Bekhiti 2025,,True,True,"Neural adaptive MIMO control (nonlinear dynamic inversion plus RBF networks with finite-time convergence) on a 5-DOF underactuated Rabbit biped holds stable limit cycles through +100% trunk-mass, ±30% limb-inertia, and torque-saturation perturbations, outperforming four benchmark controllers on real dSPACE hardware.",,,,False
recVlk7Kg9rIPLH2v,On the central generation of locomotion in the low spinal cat,Grillner and Zangger,,1979,10.1007/BF00235671,Cat,,Total afferent inhibition,,,,True,True,"Cited by Geyer and Herr, 2010.
Total afferent inhibition.

A central network of neurones in the spinal cord has been shown to produce a rhythmic motor output similar to locomotion after suppression of all afferent inflow. The experiments were performed mainly in acute spinal cats (th. 12), which had received DOPA i.v. and the monoamine oxidase inhibitor Nialamide. In some preparations all dorsal roots supplying the spinal cord were transected, in others phasic afferent activity was suppressed by curarization. The activity was recorded as neurograms from nerve filaments or as electromyograms.

It is concluded that:

1. alternating activity between flexors and extensors of foot, ankle, knee, and hip of one limb can still occur

2. the duration of the flexor discharges vary less with the cycle duration than the extensor discharges

3. different flexor muscles may retain individual patterns

4. the activity at different joints can be dissociated

5. there is at least one network for each limb

6. the coordination between the two hindlimbs can be alternating as in walking or be more closely spaced as in galloping

7. alternating activity in the ankle remains even when only segments L6, L7 and S1 are intact.",,,,False
recW2QvwSd3rFpEda,Biorobotic approaches to the study of motor systems,Beer,Chiel; Quinn; Ritzmann,1998,10.1016/s0959-4388(98)80121-9,,,,,,Beer 1998,False,True,"Early position paper establishing biorobotics as a two-way interface between biology and robotics — robots as physical models of biological systems and as recipients of biological design principles — with initial progress in biorobotic studies of locomotion, orientation, and vertebrate arm control.",,"Adopt the biorobotic loop: use a legged robot or its simulation as a physical hypothesis of the biological motor system (locomotion, orientation, arm control) and feed its failure modes back to revise the underlying neural model.",,False
recW61jLS87WefMpR,"Integration of posture and locomotion in acute decerebrate cats and in awake, freely moving cats",Mori,,1987,10.1016/0301-0082(87)90010-4,Cat,,,,,Mori 1987,False,True,"Integration of posture and locomotion in decerebrate cats: postural set and locomotion share circuitry, with tonically controlled parallel descending systems.",,,,False
recW9N71oxz3FQxwu,Regulation of Arm and Leg Movement during Human Locomotion,Zehr and Duysens,,2004,10.1177/1073858404264680,Human,,,,,Zehr and Duysens 2004,False,True,"Synthesis that both arms and legs during human locomotion are regulated by central pattern generators, with sensory feedback regulating CPG activity and assisting interlimb coordination; coupling strength is stronger between the legs than between the arms, but all four limbs are similarly governed by CPG activity and reflex control.",Perturb a single limb during locomotion (nerve stimulation or sudden loading) and measure phase-coupled reflex changes in the other three limbs to map the arm-leg versus leg-leg coupling hierarchy the review proposes.,Implement four limb oscillators (a quadrupedal-style CPG) with weaker arm-leg than leg-leg coupling plus afferent phase modulation of each oscillator; test whether arm-swing entrainment matches human interlimb coordination data.,,False
recWRVUujMVKF23Eo,Dual-mode operation of neuronal networks involved in left-right alternation,Talpalar,Bouvier; Borgius; Fortin; Pierani; Kiehn,2013,10.1038/nature12286,Mice,,,,,,True,True,"Intersectional mouse genetics shows that ablating the V0 commissural population forces quadrupedal hopping at all locomotor frequencies, while selective ablation splits the system into dual modes: inhibitory V0 neurons are required for left-right alternation at low speeds (mixed coordination at medium, alternation at high), and excitatory V0 neurons for alternation at low speeds with hopping at medium/high speeds. Left-right coordination is thus implemented by two molecularly distinct commissural modules whose recruitment is speed-dependent — a modular logic that may constrain species-specific, frequency-dependent gait expression.","Beyond the performed ablations, conditionally silence each V0 subgroup at defined locomotor speeds (pharmacogenetics) while recording commissural activity, to confirm the causal frequency handoff between inhibitory and excitatory left-right coupling.","Implement dual-mode commissural coupling in a CPG: inhibitory left-right coupling dominant at low oscillation frequency, excitatory coupling recruited at high frequency; ablate each module and verify the model reproduces the hopping versus alternation phenotypes as a function of drive.",,False
recWXxJaQbUDJd31b,Activity of interneurons mediating reciprocal 1a inhibition during locomotion,Feldman and Orlovsky,,1975,10.1016/0006-8993(75)90974-9,Cat,,Ia reciprocal inhibition,,,,True,True,"The data obtained show that during locomotion there are at least two sources of inhibition of motoneurons of antagonistic muscles: (i) the activity of 1a afferents of the active muscle, mediating by corresponding interneurons; and (ii) signals coming through the same interneurons from the central mechanisms generating stepping movements.",,,,False
recWccr9LDvwi2WzR,Group I extensor afferents evoke disynaptic EPSPs in cat hindlimb extensor motorneurones during fictive locomotion.,Angel,Guertin; Jimenez; McCrea,1996,10.1113/jphysiol.1996.sp021538,Cat,Ia; Ib,Ia disynaptic excitation,,,,True,True,"During the extension (stance-equivalent) phase of MLR-evoked fictive locomotion in decerebrate cats, group I afferents from ankle extensors evoke disynaptic EPSPs (mean central latency 1.55 ms, single interposed interneuron) in hip, knee, and ankle extensor motoneurons — also elicited by selective group Ia activation via muscle stretch — with hip extensor motoneurons receiving excitation from both homonymous and ankle extensor nerves. The effect arises from cyclic disinhibition of excitatory interneurons rather than motoneuronal voltage-dependent conductances or flexion-phase presynaptic inhibition: a stance-gated group I positive reflex enhancing extensor force production during stance.","Intracellular recordings from identified extensor motoneurons across locomotor speeds and loading states to test whether the disynaptic group I excitation scales with stance load, and to localize the disinhibitory gate on the excitatory interneuron population.","Implement a disynaptic excitatory pathway from extensor group I afferents to extensor motoneurons, gated ON during extension via interneuron disinhibition (OFF during flexion); ablate it and test for loss of stance force reinforcement.",,False
recWgf8LP7dtq1UPZ,Ionic mechanisms underlying bistability in spinal motoneurons: insights from a computational model,Molkov,,2025,10.3389/fncel.2025.1710893,Mice,,,,Molkov 2025,,True,True,"Conductance-based modeling with mouse slice recordings identifies a minimal mechanistic core for motoneuron plateau potentials and bistable firing: synergistic ICaL + CICR + ICAN interactions, promoted by persistent sodium current and opposed by Ca2+-dependent K+ current — a tractable basis for interpreting dysregulated excitability in spasticity.",,,,False
recWh84ou8IPs8Qnt,Muscle proprioceptors in adult rat: mechanosensory signaling and synapse distribution in spinal cord,Vincent,Gabriel; Deardorff; Nardelli; Fyffe; Burkholder; Cope,2017,10.1152/jn.00497.2017,Rat; Cat,Ia; II; Ib,,,,,True,True,"In adult rats, functionally identified triceps surae proprioceptors (Ia, II, Ib) project and distribute provisional synapses in the spinal cord much as in the cat, but rat Ib afferents fire robustly during passive muscle stretch and Ia afferents show exaggerated dynamic responses even after locomotor scaling is accounted for — mechanosensory coding is species-adapted, so cat-derived afferent transfer functions cannot be transferred to other species without correction.","Record Ia/II/Ib firing during active locomotion (not only passive stretch) in rats and another mid-size species, testing whether the species-specific dynamic gains persist in vivo and reshape reflex equilibria predicted from cat data.","Instantiate afferent encoders with rat-specific gains (exaggerated Ia dynamic response, stretch-sensitive Ib) rather than cat transfer functions in a rat-scale neuromuscular leg model; test controller sensitivity to the species differences.",,False
recWllLROIz0pw6NU,Stimulus-Dependent Changes in the Vestibular Contribution to Human Postural Control,Cenciarini,,2006,10.1152/jn.00856.2004,Human,,,,Cenciarini 2006,,False,True,Computational model study. The goal of this study was to test this sensory-reweighting hypothesis using measures that quantitatively assess the relative contributions of the proprioceptive and graviceptive (vestibular) sys- tems to postural control during eyes-closed stance in different test conditions.,,,,False
recWqAJogrnb38985,Neuromechanical Principles Underlying Movement Modularity and Their Implications for Rehabilitation,Ting,,2015,10.1016/j.neuron.2015.02.042,Human,,,,,,True,True,"Neuromechanical principles define the properties and problems that shape neural solutions for movement.
Although the theoretical and experimental evidence is debated, we present arguments for consistent structures in motor patterns, i.e., motor modules, that are neuromechanical solutions for movement particular
to an individual and shaped by evolutionary, developmental, and learning processes. As a consequence,
motor modules may be useful in assessing sensorimotor deficits specific to an individual and define targets
for the rational development of novel rehabilitation therapies that enhance neural plasticity and sculpt motor
recovery. We propose that motor module organization is disrupted and may be improved by therapy in spinal
cord injury, stroke, and Parkinson’s disease. Recent studies provide insights into the yet-unknown underlying neural mechanisms of motor modules, motor impairment, and motor learning and may lead to better
understanding of the causal nature of modularity and its underlying neural substrates.",,,,False
recWxAmum8kwHL5uD,Proprioceptive regulation of locomotion.,Pearson,,1995,10.1016/0959-4388(95)80107-3,Cat; Insects; Arthropods,,Ib stance to swing; Ia or II stance to swing,,,Pearson 1995,False,True,"Review of proprioceptive regulation across walking systems: during locomotion, Golgi tendon organ feedback from extensor muscles reverses from inhibition to excitation, maintaining stance while the extensors are loaded and helping time the stance-to-swing transition, while primary and secondary spindle afferents also influence the timing of the rhythm — establishing phase-dependent reflex reversal as a general feature of cat and arthropod walking.",,,,False
recXXhYpfQ7Z2JogA,How swifts control their glide performance with morphing wings,Lentink,,2007,10.1038/nature05733,Vertebrates,,,,Lentink 2007,,False,True,"Computational model study. Here we describe the aerodynamic and structural performance of actual swift wings, as measured in a wind tunnel, and on this basis build a semi- empirical glide model.",,,,False
recXa5IYgA1M55Wii,Using animal data and neural dynamics to reverse engineer a neuromechanical rat model,Hunt,,2015,10.1007/978-3-319-22979-9_21,Rat,,,,,,True,False,,,,,False
recXastPRIyZzzaN1,Proprioceptive Feedback and Movement Regulation,Procházka and Prochazka,,2011,10.1002/cphy.cp120103,Human,Ia; II; Ib; Cutaneous,Ia monosynaptic excitation; Ib excitatory,,,Procházka and Prochazka 2011,True,True,"Comprehensive treatment of proprioceptive feedback in movement regulation spanning muscle spindle, tendon organ, joint, ligament, skin, and invertebrate proprioceptors, their firing during active movement (including task-related fusimotor set), and a control-theoretic framing: stretch reflexes as proportional control, positive force feedback via tendon organs, finite-state logic of postural constraints, and inherent feedback from muscle properties.","Dissociate fusimotor from extrafusal drive during locomotion: record spindle Ia/II and tendon organ Ib activity while independently manipulating muscle load and length in walking animals, per the review's framework for separating receptor contributions.","Build the control hierarchy in simulation: proportional Ia feedback, positive Ib force feedback, finite-state (phase-gated) reflex switching, and muscle-property-mediated preflexes; ablate each layer to quantify its contribution to stable movement.",,False
recXdsqbLWdkE9OL0,Activation of the central pattern generators for locomotion by serotonin and excitatory amino acids in neonatal rat.,Cazalets,Sqalli-Houssaini; Clarac,1992,10.1113/jphysiol.1992.sp019296,Rat; Mammals,,Fictive locomotion without sensory feedback,,,,True,True,"In the isolated neonatal rat brainstem–spinal cord, bath-applied serotonin (acting via 5-HT1/5-HT2, not 5-HT3 receptors) and excitatory amino acids (NMDA- and non-NMDA-receptor dependent) elicit right–left alternating fictive locomotion with dose-dependent cycle period (10→5 s for 5-HT, 3→1 s for EAA agonists) — the standard pharmacological activation assay for the mammalian locomotor CPG in vitro.",,,,False
recXedSz4OBEuh3EX,Patterns of locomotor drive to motoneurons and last-order interneurons: clues to the structure of the CPG.,Burke,Degtyarenko; Simon,2001,10.1152/jn.2001.86.1.447,Cat,Cutaneous,,,,,True,True,"During fictive locomotion in decerebrate cats, low-threshold cutaneous reflex pathways to the flexor digitorum longus motor pool are differentially controlled at the level of last-order excitatory interneurons, and the modulation pattern is preserved whether FDL fires in early flexion or during extension. The motor pool and reflex-modulation patterns reveal distinct early versus late flexion components, and pattern formation can be separated from rhythm generation — evidence the CPG embodies partially distinct neural organizations for these two functions.","Record from identified last-order cutaneous interneurons during normal and perturbed stepping to test whether the early/late-flexion split in reflex gating maps onto distinct interneuron populations, as the provisional circuit diagram predicts.",Implement a CPG with separable rhythm-generator and pattern-formation modules plus phase-gated cutaneous reflex gains following the early- versus late-flexion modulation; ablate the pattern module to test rhythm persistence with altered motoneuron scheduling.,,False
recXn5YzGAlqnE7K9,Ensemble firing of muscle afferents recorded during normal locomotion in cats,Procházka and Gorassini,,1998,10.1111/j.1469-7793.1998.293bu.x,Cat,Ia; II; Ib,,,,,False,True,"Chronic recordings during normal cat stepping show that ensemble spindle afferent firing is largely predictable from muscle length and velocity alone (with significant EMG-linked fusimotor action in triceps surae), and that the ensemble of triceps surae tendon organ afferents accurately encodes whole-muscle force. To a first approximation, large muscle afferents in the cat hindlimb signal muscle velocity (Ia), length (II), and force (Ib) at locomotor speeds and amplitudes.",Repeat the ensemble afferent recording approach during perturbed and sloped walking to test the robustness of velocity/length/force encoding under altered load and fusimotor state.,"Instantiate afferent feedback as ensemble codes (Ia proportional to muscle velocity, II to length, Ib ensemble averaging to whole-muscle force) rather than single-unit transfer functions in a locomotion controller, and verify feedback control survives realistic firing variance and fusimotor modulation.",,False
recY2yVKiHmqH2TuE,Afferent-mediated modulation of the soleus muscle activity during the stance phase of human walking,Mazzaro,,2006,10.1007/s00221-006-0451-5,Human,Ia; II; Cutaneous,type II excitatory,,,,False,True,"In human walking, slow small-amplitude ankle dorsiflexion perturbations during stance modulate ongoing soleus activity through group II afferent feedback (response reduced by tizanidine depression of group II pathways) with at least a partial group Ia contribution; blocking sensory feedback from the foot had no effect, and body-load changes shifted baseline activity without changing response amplitude. Group II and possibly load-sensitive afferents govern stance-phase extensor amplitude, whereas foot cutaneous and intrinsic proprioceptive afferents do not contribute.",Replicate the double dissociation (tizanidine group II depression vs foot anesthesia vs load change) in cat or rodent walking to test whether group II dominance in stance extensor modulation is species-general or human-specific.,"Implement ankle stretch-mediated group II feedback (plus partial Ia) onto stance-phase soleus/extensor motoneurons; reproduce the perturbation-response amplitude, its persistence under load change, and its reduction when group II gain is removed.",,False
recY5mH8m3FZfcXhK,Strategies for dynamic stability during adaptive human locomotion,Patla,,2003,10.1109/memb.2003.1195695,Human,,,,,Patla 2003,False,True,"Frames dynamic stability in adaptive human locomotion as an interplay among multiple balance strategies across the sudden support-surface transitions of every bipedal step, with visual, vestibular, and kinesthetic sensory information plus knowledge and prior experience all contributing to strategy selection — stability emerges from distributed, sensory-gated strategy interaction rather than a single mechanism.","Apply phase-specific visual, vestibular, and proprioceptive perturbations during obstacle negotiation and uneven-terrain walking to map which sensory modality gates which stabilizing strategy.","Implement a layered balance-strategy controller (weight-shifting, stepping, arm reactions) with multimodal sensory gating in a biped simulation; ablate individual strategies to identify the minimum set required for stable adaptive walking.",,False
recY6tB6S2au4jFCY,Adaptive Control Responses to Behavioral Perturbation Based Upon the Insect,Ritzmann,Quinn; Willis; Perry,2006,,Insects; Cockroach,,,,,,False,True,"Final report on Eglin AFB-supported Case Western Reserve work on decision behaviors in insect walking: quantitative descriptions of cockroaches choosing to climb over or tunnel under barriers, brain-lesion experiments localizing where descending turning commands are formulated, and a robotic leg built to test the hypotheses at the systems level.",,,,False
recYC3Vr0fYcePhr4,Computer simulation of stepping in the hind legs of the cat: an examination of mechanisms regulating the stance-to-swing transition.,Ekeberg and Pearson,,2005,10.1152/jn.00065.2005,Cat,,Ib stance to swing,,Ekeberg and Pearson 2005,,True,True,"A three-dimensional simulation of cat hind-leg stepping shows that stance termination governed by ankle extensor force (load) signals — alone or combined with hip position — yields stable stepping and correct interleg timing, whereas the hip position signal alone fails; mutual inhibition between controllers restores stability but not correct timing. Coordination depends critically on load-sensitive signals from each leg, with mechanical linkages mediated by these signals playing a significant role in establishing the alternating gait.",The model's signal ranking predicts that selectively removing ankle extensor force feedback (tendon organ blockade) in walking cats destabilizes stepping more than removing hip position afferents — a direct lesion test of the stance-to-swing signal hierarchy.,"Reproduce directly: gate the stance-to-swing transition on thresholded ankle-extensor force (with and without hip-angle gating) in a hind-leg/biped model, ablate each channel, and verify the load channel is necessary for stable alternation and correct contralateral timing.",,False
recYFrbN5v40zPqFf,Muscle Synergy Organization Is Robust Across a Variety of Postural Perturbations,Torres-Oviedo,,2006,10.1152/jn.00810.2005,,,,,,,False,True,"55 articles, 38 of which you can access for free at: This article cites http://jn.physiology.org/content/96/3/1530.full#ref-list-1 31 other HighWire-hosted articles: This article has been cited by http://jn.physiology.org/content/96/3/1530#cited-by including high resolution figures, can be found at: Updated information and services http://jn.physiology.org/content/96/3/1530.full can be found at: Journal of...",,,,False
recYLE3O2RRPv3yTp,Evaluation of intracellular labeling with micron-sized particles of iron oxide (MPIOs) as a general tool for in vitro and in vivo tracking of human stem and progenitor cells.,Boulland,Leung; Thuen; Vik-Mo; Joel; Perreault; Langmoen; Haraldseth; Glover,2012,10.3727/096368911x627598,,,,,,,True,True,"Intracellular labeling with micron-sized iron oxide particles (MPIOs) gives MRI-detectable tracking of human stem and progenitor cells with superior detectability over smaller iron oxide particles, but labeling and uptake efficiencies vary strongly across the six tested human cell types, so labeling must be validated per cell type.",,,,False
recYNXjJEH4sr5u1v,Experiments and models of sensorimotor interactions during locomotion,Frigon and Rossignol,,2006,10.1007/s00422-006-0129-x,,Cutaneous,,,,Frigon and Rossignol 2006,False,True,"Review establishing that cutaneous and muscle afferent input is continuously integrated with the locomotor CPG and can strongly affect the timing and amplitude of locomotor activity, with transmission gated centrally by the state of the system (rest vs locomotion) and modulated according to task phase — biologically relevant walking models must incorporate these spinal-level sensorimotor interactions into the control system rather than relying on feedforward pattern generation alone.",Use phase- and state-matched afferent stimulation protocols in spinal animals to quantify how identical stimuli recruit different pathways at rest versus during locomotion and across cycle phases.,Add phase- and state-gated afferent channels to a CPG-driven musculoskeletal model (reflex gains scheduled by locomotor state and cycle phase) and demonstrate task-adaptive walking that a fixed-gain controller cannot achieve.,,False
recYcaqhK8ItCNuvf,A quantitative description of membrane current and its application to conduction and excitation in nerve,Hodgkin,,1952,10.1113/jphysiol.1952.sp004764,,,,,Hodgkin 1952,,False,True,"Title-level grounding only, because the supplied abstract is publisher boilerplate with no scientific content: this is the foundational quantitative description of membrane current and its application to conduction and excitation in nerve, i.e. the origin of conductance-based membrane modeling that later neuron-level CPG models build on. Re-fetch the true abstract before using this record for mechanism claims.",,,,False
recYd8bwl6gcq1KwR,Optogenetic dissection reveals multiple rhythmogenic modules underlying locomotion,Hägglund,Dougherty; Borgius; Itohara; Iwasato; Kiehn,2013,10.1073/pnas.1304365110,Mammals,,,,,,False,True,"Optogenetic activation of spinal excitatory and inhibitory populations shows that locomotor-like bursting can be induced unilaterally and independently in flexor or extensor networks, and that individual flexor motor pools can be recruited into bursting without any activity in nearby flexor pools. The mammalian locomotor CPG is therefore a distributed assembly of many intrinsically rhythmogenic modules rather than a single unitary oscillator, discriminating among several proposed architectures for rhythm generation in vertebrates.","In an isolated spinal cord, unilaterally photo-activate or silence flexor versus extensor populations and single motor pools while recording across segments; testing whether silencing candidate modules stops rhythm in some pools but not others would establish how many independent rhythmogenic modules the network contains.","Build the CPG as many independently rhythmogenic modules (per side, per flexor/extensor network, even per motor pool) instead of one coupled half-center; ablating individual modules should leave the remaining modules bursting, reproducing the distributed-organization evidence.",,False
recYl31CK3uvhETEl,Taking the Human Out of the Loop: A Review of Bayesian Optimization,Shahriari,,2016,10.1109/jproc.2015.2494218,Human,,,,,Shahriari 2016,False,True,Review of taking human out loop:. These parameters are often specified and hard-coded into the software by various developers or teams.,,,,False
recZNGVV5CmEzj8R4,"Peripheral control of the cat's step cycle. II. Entrainment of the central pattern generators for locomotion by sinusoidal hip movements during ""fictive locomotion.""",Andersson and Grillner,,1983,10.1111/j.1748-1716.1983.tb07267.x,Cat; Mammals,,,,,,False,True,"In low-spinal curarized cats with pharmacologically evoked fictive locomotion, sinusoidal hip movements entrain the burst pattern in strict 1:1 coordination over roughly ±5–70% of the resting burst period, with flexion-phase movements driving flexor efferents and extension driving extensors — direct evidence that hip-joint afferent feedback can pace the spinal locomotor CPG.",,,,False
recZXSlbcNhYVfUfX,Lateral Stepping for Postural Correction in Parkinson’s Disease,King,,2008,10.1016/j.apmr.2007.11.017,Human,,,,,,False,True,"The objective of this study is to characterize, for the first time, the lateral stepping strategies for postural correction in patients with Parkinson’s Disease (PD) and the effect of their antiparkinson medication.",,,,False
recZblEttLs7yl33F,Epidural spinal cord stimulation as an intervention for motor recovery after motor complete spinal cord injury.,Hachmann,Yousak; Wallner; Gad; Edgerton; Gorgey,2021,10.1152/jn.00020.2021,Human,,large diameter spinal afferent stimulation,,,Hachmann 2021,False,True,"Review arguing that lumbosacral epidural stimulation after motor-complete SCI acts by first depolarizing large-diameter dorsal-root proprioceptive afferents, which — integrated with interneuronal and latent residual supraspinal translesional connections — recruit locomotor centers and augment downstream motor units, with different stimulation parameters able to facilitate standing versus stepping.","In spinal-transected animals, selectively block or lesion specific large-diameter dorsal-root afferent groups during epidural stimulation while recording locomotor-center recruitment, to identify which afferent classes are necessary for the standing-versus-stepping parameter effects.",Model epidural stimulation as tonic depolarization of large-diameter proprioceptive afferent inputs to the spinal network; simulate parameter-dependent switching between standing and stepping attractors to test how afferent recruitment gates locomotor centers.,,False
recZgIYBM8EyHr7jQ,A Neuromechanical Rat Model with a Complete Set of Hind Limb Muscles,Young,Hunt; Quinn,2018,10.1007/978-3-319-95972-6_57,,,,,,,True,False,,,,,False
reca10selgQlFrpHA,Candidate interneurones mediating group I disynaptic EPSPs in extensor motoneurones during fictive locomotion in the cat.,Angel,Jankowska; McCrea,2005,10.1113/jphysiol.2004.076034,Cat,Ia; Ib,I disynaptic excitation (mixed group I),,,,False,True,"Identifies a candidate population of excitatory interneurons in intermediate laminae of mid-to-caudal L7 that are activated by extensor group I afferents at monosynaptic latency specifically during the extensor phase of MLR-evoked fictive locomotion, project to extensor motor nuclei, and burst rhythmically in extension even without afferent stimulation — a previously unknown population that could mediate the group I disynaptic excitation of extensor motoneurones while also supplying central extensor drive.","Silence or lesion the candidate L7 interneurons during fictive locomotion while stimulating extensor group I afferents, to test whether they are necessary for the stance-phase disynaptic excitation of extensor motoneurones; intracellular recording would confirm the disynaptic linkage.",Implement stance-gated group I afferent excitation of extensor motoneurones through a disynaptic interneuron layer whose cells also carry central extensor drive; ablating either the afferent gate or the interneuron population should remove load-dependent extensor reinforcement.,,False
reca4OL8XXDjk9p7L,Major role for sensory feedback in soleus EMG activity in the stance phase of walking in man.,Sinkjær,Andersen; Ladouceur; Christensen; Nielsen,2000,10.1111/j.1469-7793.2000.00817.x,Human,Ib; II,,,,,True,True,"Unloading the ankle extensors for 210 ms during stance reduces soleus EMG by about 50% (64 ms onset) in human walking; the suppression survives common peroneal nerve block, excluding peripherally mediated reciprocal inhibition from antagonists, and survives ischaemia that abolishes the Ia short-latency stretch reflex, excluding group Ia. Group II and/or group Ib afferents from ankle extensors therefore carry a major part of stance-phase extensor activation in humans.",Applying the same rapid ankle-extensor unloading paradigm in walking cats with intracellular recordings and selective group Ia/Ib/II blocks would resolve which afferent group mediates the load-dependent stance-phase excitation that human EMG cannot dissociate.,"Implement a load-dependent extensor excitation pathway (Ib/II-analog positive force feedback) supplying a large fraction of stance-phase extensor drive; a sudden unloading event should cut extensor activity by about half within roughly 60 ms, and removing the Ia stretch reflex should leave that response intact.",,False
recaEiW1fv8QTlWkz,A model of scale effects in mammalian quadrupedal running,Herr,,2002,,,,,,Herr 2002,,True,False,,,,,False
recaHgeOwaaT9XnUu,The Effect of DOPA on the Spinal Cord 5. Reciprocal organization of pathways transmitting excitatory action to alpha motoneurones of flexors and extensors,Jankowska et al.,,1967,10.1111/j.1748-1716.1967.tb03636.x,Cat,,Ia reciprocal inhibition,,,,False,True,DOPA evokes a reciprocal organization of excitatory pathways to flexor and extensor alpha motoneurones — the pharmacological foundation of the half-center model of fictive locomotion.,,,,False
recaNZlCyLNJ1El0a,Modelling genetic reorganization in the mouse spinal cord affecting left–right coordination during locomotion,Rybak,Shevtsova; Kiehn,2013,10.1113/jphysiol.2013.261115,Mice,,,,Rybak 2013,,False,True,"A computational model of the left-right commissural circuitry (inhibitory and excitatory commissural interneuron populations plus an EphA4-positive subpopulation) reproduces the gait phenotypes of axon-guidance mutations — EphA4 knockout converts to synchronized hopping via crossed excitation, Netrin-1 knockout by loss of contralateral inhibition, DCC knockout by loss of both — and shows amplified inhibition restores alternation in EphA4 and DCC knockouts but not Netrin-1 knockouts.",,,,False
recaVJVukatwf61bM,A graphics-based software system to develop and analyze models of musculoskeletal structures,Delp,,1995,10.1016/0010-4825(95)98882-e,,,,,Delp 1995,,False,True,Computational model study. -We have created a graphics-based software system that enables users to develop and analyze musculoskeletal models without programming.,,,,False
recatkVWkfxHx6VRL,Biological Pattern Generation: The Cellular and Computational Logic of Networks in Motion,Grillner,,2006,10.1016/j.neuron.2006.11.008,,,,,,Grillner 2006,True,True,"Review articulating the 'circuit doctrine' for motor pattern generation: the mode of operation of central motor-program (CPG) networks, the neural mechanisms by which they are selected and activated for behavior, and the utility of computational models in analyzing the dynamic actions of these motor networks.",Experiments identifying the signals that select and activate pattern-generator networks for different motor tasks in intact animals (for example recordings during task switching) directly address the review's central question about activation and selection logic.,"Build computational models of motor networks whose operating points and activation can be manipulated, using them as the analysis tool the review prescribes for dissecting the dynamics of CPG circuits.",,False
recaxlexn0oGcgAwz,Central control of interlimb coordination and speed-dependent gait expression in quadrupeds.,Danner et al.,,2016,10.1113/jp272787,Cat,,,,Danner 2016,,False,True,"Computational demonstration that one spinal circuit with commissural and intralimb coupling reorganizes across speeds to express walk, trot, and gallop — gait expression emerges from speed-dependent coordination, not separate CPGs.",,,,False
recayW4BudURUfmSb,Models of ensemble firing of muscle spindle afferents recorded during normal locomotion in cats,Procházka and Gorassini,,1998,10.1111/j.1469-7793.1998.277bu.x,Cat,Ia,,,Procházka 1998,,False,True,"Mathematical models of muscle spindle primary (presumed Ia) firing, validated against chronically recorded hamstring afferents over 132 cat step cycles, are dominated by muscle velocity — firing rate scales approximately with the square root of velocity (power-law exponents 0.5-0.6) — with only small EMG-linked fusimotor components; inverse models recover muscle length accurately from firing profiles, implying the CNS could decode muscle length simply from Ia ensemble firing.","Chronically record spindle Ia afferents from muscles strongly recruited in stepping to test whether velocity-dominant encoding with modest fusimotor scaling generalizes beyond hamstrings, and compare ramp-and-hold versus step-cycle responses to probe the proposed attenuation of length sensitivity at high velocities.","Use a square-root-of-velocity-dominant spindle encoder with a small EMG-linked fusimotor term as the Ia block in reflex models, and run it in reverse to estimate muscle length from afferent firing for state estimation in a neurally controlled walker.",,False
recb3RXnbpgG9r1ug,"Central Pattern Generator for Locomotion: Anatomical, Physiological, and Pathophysiological Considerations",Guertin,,2013,10.3389/fneur.2012.00183,Vertebrates; Lamprey; Human,,Fictive locomotion without sensory feedback,,,Guertin 2013,True,True,"Century-spanning review concluding that walking, flying, and swimming are largely controlled by spinal central pattern generator networks, demonstrated across vertebrate species from lamprey to human, which can self-produce basic rhythmic coordinated movements even in the absence of descending or peripheral inputs; CPG plasticity is then linked to Restless Legs Syndrome, Periodic Leg Movement, Alternating Leg Muscle Activation, and Uner Tan Syndrome.","Animal models of the reviewed movement disorders could test whether plasticity of CPG elements causes the pathological rhythmic movements, for example by measuring spinal CPG excitability in lesioned animals expressing spontaneous locomotor-like activity.","Model excitability or plasticity changes in CPG elements and test whether they generate spontaneous locomotor-like bursts resembling the reviewed disorders, identifying which parameter changes reproduce each pathology.",,False
recb6bIamWBF9M5SY,Optimal sensorimotor transformations for balance,Lockhart,,2007,10.1038/nn1986,Cat; Human,,,,Lockhart 2007,,False,True,Computational model study. Optimal sensorimotor transformations for balance Daniel B Lockhart 1 & Lena H Ting 2 Here we have identiﬁed a sensorimotor transformation that is used by a mammalian nervous system to produce a multijoint motor behavior.,,,,False
recbY36BQwAJMtE5M,A Survey on CPG-Inspired Control Models and System Implementation,Yu,,2014,10.1109/tnnls.2013.2280596,,,,,,Yu 2014,False,True,"Survey of two decades of CPG-inspired robot locomotion control across abstraction levels: CPGs modeled as coupled neuron groups generate rhythmic signals without sensory feedback but require sensory feedback to shape those signals; reviews the relative advantages of the models, the main design, optimization, and implementation issues, and trends for multi-DOF articulated control.",,"Use as a comparative menu of CPG abstractions for a simulated walker: implement several abstraction levels on a common plant and evaluate the survey's design criteria (ease of design, optimization, implementation) alongside sensory-shaping variants.",,False
recbjKuRDWR1NyZWC,Control of locomotor cycle durations.,Yakovenko,McCrea; Stecina; Procházka,2005,10.1152/jn.00991.2004,Cat,,,,,,True,True,"In MLR-evoked fictive locomotion in cats, spontaneous cycle-duration variation is carried more often by flexor than extensor phase durations (22 of 31 experiments), so the CPG is not inherently extensor- or flexor-biased; a half-center model with two parameters per timing element — background drive ('bias') and sensitivity ('gain') — fits the phase-duration plots, background drive determines which half-center is 'dominant', and normal-cat data are fitted equally well, implying sensory input and central drive combine to set locomotor phase durations.",Manipulate background drive to each half-center (biased MLR stimulation or drug microperfusion) while measuring phase durations to test the bias/gain model's prediction of which phase becomes dominant; deafferentation separates the central from the sensory contribution.,Implement a half-center oscillator with independent bias and gain on each timing element; reproduce the phase-duration scaling and switch the dominant phase by redistributing background drive — a direct mechanism for duty-factor control in CPG walkers.,,False
recbsjTuemJTPPkv5,Contribution of Afferent Feedback to Adaptive Hindlimb Walking in Cats: A Neuromusculoskeletal Modeling Study,Kim,Aoi; Fujiki; Danner; Markin; Ausborn; Rybak; Yanagihara; Senda; Tsuchiya,2022,10.3389/fbioe.2022.825149,Cat,,,,Kim 2022,,True,True,A cat hindlimb neuromusculoskeletal model coupled to a half-center CPG reproduces normal walking and the adaptive movement changes when the foot steps into a hole; dynamical-systems and nullcline analysis of the coupled CPG-musculoskeleton-environment loop shows how afferent feedback mediates adaptive locomotion in ways that immobilized fictive preparations cannot reveal.,"Validate the model's afferent-dependence predictions against the original hole-stepping experiments in walking cats, with selective deafferentation or matched perturbations identifying which feedback channels the adaptation actually requires.",Reproduce the architecture — half-center CPG coupled to a cat hindlimb musculoskeletal model with limb afferent feedback — and ablate each afferent channel during hole-step perturbations to map which feedback is necessary for the adaptive response.,,False
recc1Jk4JOa1qczYT,Position dependence of ankle joint dynamics—I. Passive mechanics,Weiss,,1986,10.1016/0021-9290(86)90196-x,,,,,,,False,True,These results show that large variations in joint mechanics are possible even in the absence of voluntary muscle contraction.,,,,False
recc1Vd67f6iYniIN,Effect of stimulating the lumbar skin caudal to a complete spinal cord injury on hindlimb locomotion,Hurteau,Thibaudier; Dambreville; Desaulniers; Frigon,2015,10.1152/jn.00739.2014,Cat,,,,,,False,True,"Mechanical stimulation of the lumbar skin above a complete spinal transection disrupts spinal locomotion in walking cats — pinching stops stepping and abolishes weight support, focal clip stimulation reduces flexor and extensor activity and shifts paw placement caudally, with strongest effects from L3-L5 — showing cutaneous input modulates the excitability of the spinal rhythm-generating segments themselves.",,,,False
reccJgmdGOaUVdO0n,Neuromuscular responses to gait perturbations in freely moving cats.,Wand,Procházka; Sontag,1980,10.1007/bf00237937,Cat,Cutaneous,Cutaneous flexor excitation,,,,False,True,"Impeding the forward swing of a cat's foot evokes rapid elevating reactions whose mechanically elicited EMG sequences are more complex and longer lasting than electrically elicited ones; anesthetizing the foot dorsum abolishes ankle-extensor and knee-flexor responses and reduces ankle-flexor responses to simple stretch reflexes — evidence for cutaneous mediation of the placing-like reaction during stepping, with points of difference from chronic spinal kittens that challenge a purely spinal account.","The study is itself the animal experiment; follow-ons include recording dorsal-foot cutaneous afferents and ventral-horn responses during mechanically impeded swing, and spinalization in adults versus kittens to adjudicate spinal versus supraspinal mediation.","Implement a swing-phase obstacle-contact reflex: a foot-dorsum cutaneous-analog sensor triggers a phased flexor activation sequence to elevate the limb over the obstacle; ablating the sensor should abolish the elevating strategy, matching the anesthesia result.",,False
reccLn6XYsnyAJmyX,Mechanical aspects of legged locomotion control,Koditschek,,2004,10.1016/j.asd.2004.06.003,Arthropods,,Biomechanically mediated preflexive feedback,,,Koditschek 2004,False,True,"Review enlisting neurophysiology, biomechanics, control engineering, and nonlinear dynamics to explain effective locomotion as the integration of muscular, skeletal, and neural mechanics, using rapid arthropod terrestrial locomotion as the data-rich model system; the outlined control hypotheses and their mathematical underpinnings inspired the design of the hexapedal robot RHex.","Each outlined control hypothesis can be probed by perturbation experiments in running arthropods (loading changes, substrate variation, obstacles) that partition the neural versus mechanical contribution to stability and maneuvering.","Implement the neuromechanical hypotheses in a RHex-style hexapedal simulation with compliant legs, then ablate mechanical (compliance, damping) versus neural (feedback gain) elements to quantify each hypothesis's contribution to stable rapid locomotion.",,False
reccQbYLfXy5GgoVi,Functional Neuroanatomy for Posture and Gait Control,Takakusaki,,2017,10.14802/jmd.16062,,,,,,,False,True,"Copyright © 2017 The Korean Movement Disorder Society 1 Functional Neuroanatomy for Posture and Gait Control Kaoru Takakusaki The Research Center for Brain Function and Medical Engineering, Asahikawa Medical University, Asahikawa, Japan Received: December 13, 2016 Accepted: December 15, 2016 Corresponding author: Kaoru Takakusaki, MD,...",,,,False
reccXh6N1BuE4gy39,Evidence for a Spinal Central Pattern Generator in Humansa,Dimitrijević,Gerasimenko; Pinter,1998,10.1111/j.1749-6632.1998.tb09062.x,Human,,,,,,False,True,"Non-patterned epidural stimulation of the posterior lumbar cord (25-60 Hz, 5-9 V over L2) in complete paraplegics induces patterned, locomotor-like EMG with rhythmic alternating stance and swing — evidence that human spinal circuitry isolated from the brain can generate locomotor-like activity when externally controlled sustained stimulation replaces the tonic drive normally generated by the brain.","In spinal-lesioned animal models, apply the same non-patterned epidural trains with selective dorsal-root blocks or rhizotomies to determine whether stimulation of the posterior structures recruits afferent fibers, and map the parameter windows that bias stance versus swing.",Model an externally driven spinal network: replace tonic descending drive with sustained periodic drive to an otherwise quiescent CPG and test whether alternating stance/swing output emerges with the observed stimulation-frequency dependence.,,False
reccbV3L4NG7Kq8ZQ,Neuromuscular Models for Locomotion,Procházka,Gosgnach; Capaday; Geyer,2017,10.1016/b978-0-12-803766-9.00008-7,,,,,,,False,False,,,,,False
reccmPGaSrGO3etjV,Do Pacemakers Drive the Central Pattern Generator for Locomotion in Mammals?,Brocard,,2010,10.1177/1073858409346339,Mammals,,,,,Brocard 2010,False,True,"Reviews mammalian locomotor rhythmogenesis and advances the working hypothesis that pacemaker neurons with intrinsic oscillatory properties are functionally integrated into the locomotor network, complementing network-based bursting as a substrate for rhythm generation in mammals.",Identify intrinsically oscillatory spinal neurons in a mammalian fictive-locomotion preparation and selectively silence them pharmacologically or genetically to test whether the network-generated rhythm persists without pacemaker input.,"Build a hybrid rhythm generator combining half-center network oscillation with an intrinsic pacemaker population and ablate the pacemakers to quantify changes in rhythm robustness, phase, and frequency.",,False
reccnQpp80l2cjWuA,Force Sensors in Hexapod Locomotion,Kaliyamoorthy,Quinn; Zill,2005,10.1177/0278364905055381,Insects; Cockroach,,trochanteral campaniform sensilla load signals to adjust MN magnitude,,,,False,True,"Finite-element modeling of the cockroach leg shows that loads are sensed by leg force sensors located close to the body, where specific force vectors (body load versus propulsion) can be discriminated, and that this information is used in positive load feedback to regulate walking — design principles directly transferable to force-controlled legged robots.",,,,False
reccqqnP7PstMuQ0j,Novel Locomotion via Biological Inspiration,Quinn,Boxerbaum; Palmer; Chiel; Diller; Hunt; Bachmann,2011,10.1117/12.886413,Insects; Cockroach,,,,,Quinn 2011,False,True,"Robotics review translating biological design principles into machines: cockroach-tarsus-inspired passive foot compliance robustifies climbing adhesion and permits large steps and stationary turns, insect-inspired wheel-legs passively change gait on irregular terrain, and earthworm-style peristalsis drives scalable soft robots - passive mechanics can substitute for active control.",,Implement tarsus-inspired passive foot compliance and hub-integrated passive gait-change mechanisms in a simulated hexapod or wheel-legged robot and test whether stepping robustness on irregular terrain is maintained without active control.,,False
reccvl4W5er567Ydv,Spinal interneuronal networks in the cat: elementary components.,Jankowska,,2008,10.1016/j.brainresrev.2007.06.022,Cat,,,,,Jankowska 2008,False,True,"Establishes that feline commissural interneuron networks operate as elementary building blocks incorporated into larger networks: they receive mono- and disynaptic reticulospinal and vestibulospinal input plus mono- to oligosynaptic muscle-afferent input, and reach motoneurons mono- or disynaptically, so one population can serve reflex, postural, locomotor, and voluntary coordination.","Selectively lesion or silence identified commissural interneuron populations and test which coordinated functions - reflex, postural, locomotor, voluntary - degrade, probing the building-block organization.",Model left-right coordination as commissural interneuron blocks receiving mono-/disynaptic descending and muscle-afferent input; ablate individual blocks to predict which interlimb coordination components fail during walking.,,False
reccxlRDUXr7rsa5p,Ratio of Shear to Load Ground-Reaction Force May Underlie the Directional Tuning of the Automatic Postural Response to Rotation and Translation,Ting,,2004,10.1152/jn.00773.2003,Cat,,,,,,False,True,This study sought to identify the sensory signals that encode perturbation direction rapidly enough to shape the directional tuning of the automatic postural response.,,,,False
recdCMMutPJcggx9A,Reflexes induced by nerve stimulation in walking cats with implanted cuff electrodes.,Duysens and Stein,,1978,10.1007/bf00239728,Cat,Cutaneous,Cutaneous stance modification; Cutaneous flexor excitation,,,,False,True,"In walking cats, low-threshold cutaneous nerve input powerfully modulates the step cycle: posterior tibial stimulation just before ankle-extensor EMG onset prolongs ipsilateral flexion and contralateral extension, sural and peroneal stimulation activates ankle extensors, and identical gastrocnemius-soleus muscle-nerve stimulation has no effect - the reflexes are cutaneously mediated and phase-dependent.","Replicate with selective afferent blockade: silence cutaneous afferents during nerve-cuff stimulation trials to confirm loss of the flexion-prolongation and extensor-activation effects, and map the effects across all step phases.","Implement phase-gated cutaneous reflex channels - pre-extensor-onset flexion prolongation, sural/peroneal-type extensor activation, and stance yielding - in a walking model and ablate them to test perturbation recovery.",,False
recdDMspicDdPvb7e,Stiffness and Damping in Postural Control Increase with Age,Cenciarini,,2010,10.1109/tbme.2009.2031874,Human,,,,Cenciarini 2010,,False,True,Computational model study. We investigated the effect of aging on standing balance by fitting body sway data to a previously-developed postural control model that includes active and passive stiffness and damping parameters.,,,,False
recdEuThwTVOEdcwz,Ankle extensor group I afferents excite extensors throughout the hindlimb during fictive locomotion in the cat.,Guertin,,1995,10.1113/jphysiol.1995.sp020871,Cat,,Type 1 swing to stance; type 1 stance to swing,,,,True,True,"1. The effects of stimulating hindlimb extensor nerves (100-200 ms trains, 100 Hz, < or = 2 times threshold) during the flexor and extensor phases of the locomotor step cycle were analysed in the decerebrate, paralysed cat during fictive locomotion evoked by stimulation of the mesencephalic locomotor region. 2. Stimulation during extension of either the medial gastrocnemius (MG), lateral gastrocnemius-soleus (LGS) or plantaris (Pl) nerves was equally effective in increasing the duration and amplitude of electroneurogram (ENG) activity recorded in ipsilateral ankle, knee and hip extensor nerves. Enhancement of extensor ENG activity could be evoked with near threshold stimulation intensity and appeared within 10-40 ms of the onset of ankle extensor nerve stimulation. Stimulation of anterior biceps during extension occasionally evoked a modest increase in the duration of activity of hip, knee and ankle extensors. Stimulation of quadriceps during extension enhanced the activity of proximal extensors and soleus, but inhibited other ankle extensors. 3. Selective activation of ankle extensor Ia spindle afferents by muscle stretch also enhanced ipsilateral extension. It is argued that both muscle spindle and tendon organ afferents can contribute to the increase in extensor nerve activity evoked by group I stimulation intensity during fictive locomotion. 4. During flexion, stimulation of either the MG, Pl or LGS nerves at group I strength terminated on-going activity in ipsilateral fl",,,,False
recdI31ODgc7z3OSz,Spinal and supraspinal postural networks,Deliagina,,2008,10.1016/j.brainresrev.2007.06.017,Cat; Human; Lamprey,,,,,,False,True,"In the lamprey, the postural control system is driven by vestibular input.",,,,False
recdSXsgiaZQQGIQ5,Force feedback reinforces muscle synergies in insect legs,Zill,Chaudhry; Büschges; Schmitz,2015,10.1016/j.asd.2015.07.001,Cockroach; Stick Insect,,,,,,True,True,Hypothesis: the integration of force feedback from receptors of different leg segments during grip occurs through activation of specific muscle synergies.,,,,False
recdWB4Bh9FKPEHYK,Neuromechanical Simulation of an inter-leg controller for tetrapod coordination,Hunt,,2014,10.1007/978-3-319-09435-9_13,Rat,,,,,,True,False,,,,,False
recdaLDhNrvFuW3Ri,Split-belt walking alters the relationship between locomotor phases and cycle duration across speeds in intact and chronic spinalized adult cats.,Frigon et al.,,2013,10.1523/jneurosci.3931-12.2013,Cat,,,,,,False,True,Split-belt walking alters the phase-cycle duration relationship similarly in intact and chronic spinalized cats; the spinal cord alone performs substantial speed-dependent processing of afferent timing information.,,,,False
recdgjWQ3YWAF4Z2c,The Effect of DOPA on the Spinal Cord 6. Half‐centre organization of interneurones transmitting effects from the flexor reflex afferents,Jankowska,Jukes; Lund; Lundberg,1967,10.1111/j.1748-1716.1967.tb03637.x,Cat,Flexor reflex afferents; Ia,Ia presynaptic inhibition,,,,False,True,"Classic DOPA study revealing the half-center organization of interneurons transmitting late flexor-reflex-afferent effects in spinal cats: reciprocally organized populations activated from ipsilateral versus contralateral FRA project to flexor versus extensor motoneurons, while a third type depolarizes Ia afferent terminals, adding presynaptic inhibition to the long-latency alternating discharge.","Record intracellularly from the layer VII half-center interneuron populations during DOPA-induced fictive locomotion, or selectively lesion them, to test whether alternating flexor-extensor bursting is abolished.",Implement reciprocally organized FRA-driven half-centers plus a presynaptic-inhibition channel onto Ia terminals; ablate the Ia presynaptic inhibition to test how afferent gating shapes the DOPA-like alternating rhythm.,,False
recdp4jXR6rResB2w,Spinal Interneurons as Gatekeepers to Neuroplasticity after Injury or Disease.,Zholudeva,Abraira; Satkunendrarajah; McDevitt; Goulding; Magnuson; Lane,2021,10.1523/jneurosci.1654-20.2020,Mice; Cat; Rat; Human; Vertebrates,,,,,Zholudeva 2021,True,True,"Review positioning spinal interneurons — a heterogeneous population that modulates motor, sensory, and autonomic function — as key components of plasticity and recovery after spinal cord injury, and arguing that treatments should be optimized for how they engage interneuron circuits rather than viewed as acting around them.",,,,False
rece0GWaNeVWzC8pG,A Muscle-Reflex Model That Encodes Principles of Legged Mechanics Produces Human Walking Dynamics and Muscle Activities,Geyer and Herr,,2010,10.1109/TNSRE.2010.2047592,Human,,,Ekeberg and Grillner; Ivashko 2003,,,True,True,"While neuroscientists identify increasingly complex neural circuits that control animal and human gait, biomechanists ﬁnd that locomotion requires little control if principles of legged mechanics are heeded that shape and exploit the dynamics of legged systems. Here, we show that muscle reﬂexes could be vital to link these two observations. We develop a model of human locomotion that is controlled by muscle reﬂexes which encode principles of legged mechanics. Equipped with this reﬂex control, we ﬁnd this model to stabilize into a walking gait from its dynamic interplay with the ground, reproduce human walking dynamics and leg kinematics, tolerate ground disturbances, and adapt to slopes without parameter interventions. In addition, we ﬁnd this model to predict some individual muscle activation patterns known from walking experiments. The results suggest not only that the interplay between mechanics and motor control is essential to human locomotion, but also that human motor output could for some muscles be dominated by neural circuits that encode principles of legged mechanics.",,,,False
receOhzFcvpaCztBp,2008 Special Issue: Central pattern generators for locomotion control in animals and robots: A review,Ijspeert,,2008,10.1016/j.neunet.2008.03.014,Vertebrates,,,,,Ijspeert 2008,True,True,"The canonical review of locomotor CPGs spanning neurobiology and robotics: CPG circuits turn simple low-dimensional inputs into coordinated high-dimensional rhythmic output, CPG models — neural networks or coupled oscillators — are a standard robot-control approach, and robots themselves serve as scientific tools for testing biological hypotheses about CPG function.",,,,False
receRQ4hYm1Keotr6,The role of V3 neurons in speed-dependent interlimb coordination during locomotion in mice.,Zhang,Shevtsova; Deska-Gauthier; Mackay; Dougherty; Danner; Rybak,2022,10.7554/elife.73424,Mice,,,Danner 2017,Zhang 2022,,False,True,"Silencing V3 neurons in mice reduces maximal locomotor speed and abolishes stable trot, gallop, and bound, and an extended left-right rhythm-generator model shows locally projecting V3 neurons mediate left-right synchronization (gallop and bound) while ascending long propriospinal V3 neurons with contralateral cervical projections couple fore and hind generators for trot.",,,,False
receSBqoDy6lH0O6z,Crossed activation of thoracic trunk motoneurons by medullary reticulospinal neurons.,LaPallo,Giorgi; Perreault,2019,10.1152/jn.00194.2019,Mice,,,,,,True,True,Two spatially distinct reticulospinal pathways from the lateral medullary reticular formation cross-activate contralateral trunk motoneurons in neonatal mice - one crossing at the brainstem and one in the spinal cord via excitatory descending commissural interneurons - providing parallel channels for patterning bilateral trunk coordination.,Selectively silence the brainstem-crossing versus spinal-commissural reticulospinal pathway and compare bilateral trunk muscle coordination patterns during locomotor-like activity.,Implement two commissural routing channels for trunk motoneuron activation (brainstem-crossed versus spinal commissural) in a biped model and ablate each to test for distinct bilateral trunk coordination deficits.,,False
receXHrZLNVgcCYod,Amplitude modulation of the soleus H-reflex in the human during walking and standing,Capaday et al.,,1986,10.1523/jneurosci.06-05-01308.1986,Human,,Ia monosynaptic excitation,,,,False,True,The soleus H-reflex is strongly modulated over the step cycle during walking versus standing; central gating of the monosynaptic Ia pathway is phase- and task-dependent.,,,,False
recegKF0v16iALz2P,Functional properties of human muscle spindles,Macefield,,2018,10.1152/jn.00071.2018,Cat; Human,,,,,Macefield 2018,False,True,"Review of functional properties human muscle spindles. First published April 18, 2018; doi:10.1152/ jn.00071.2018.—Muscle spindles are ubiquitous encapsulated mechanoreceptors found in most mammalian muscles.",,,,False
recen5aErDkxJRjGK,Simple model of spiking neurons,Izhikevich,,2003,10.1109/tnn.2003.820440,Human,,,,Izhikevich 2003,,False,True,"Computational model study. As we develop such large-scale brain models consisting of spiking neurons, we must find compromises between two seemingly mutually exclusive requirements: The model for a single neuron must be: 1) computationally simple, yet 2) capable of producing rich firing patterns exhibited by real biological neurons.",,,,False
recenxdRrnk3ydqyg,Interlimb coordination is not strictly controlled during walking,Arai,Ota; Funato; Tsuchiya,2024,10.1038/s42003-024-06843-w,Human,,,,Arai 2024,,True,True,"Coupled-oscillator analysis of human walking reveals a control dead zone in interlimb coordination: relative phase is not actively corrected until deviation from antiphase exceeds a threshold, indicating loose left-right coupling within a tolerance band that may trade correction precision for energy efficiency and maneuverability.","Apply sustained unilateral perturbations such as asymmetric loading during treadmill walking and quantify when corrective interlimb phase control engages, testing the predicted engagement threshold.",Give a bipedal CPG left-right coupling a dead-zone nonlinearity so correction engages only beyond a phase-deviation threshold; compare energy use and maneuverability against strictly enforced antiphase coupling.,,False
receq11WZowRmJdba,Minimal-calibration multimodal wearable sensing for long-duration three-dimensional shoulder kinematics,Jin,,2026,10.1038/s44460-026-00059-7,Human,,,,,,False,True,Here we report a wearable platform for long-duration tracking of three-dimensional shoulder kinematics with minimal calibration.,,,,False
receqsanpBJrR4x5v,New Moves in Motor Control,Büschges,Scholz; El Manira,2011,10.1016/j.cub.2011.05.029,,,,,,Buschges 2011,True,True,"They review here some of the new insights into motor network function that these advances have provided and indicate how these advances might bridge gaps in our understanding of motor control. To these ends, they first review motor neural network organisation highlighting cross-phylum principles. The authors then use prominent examples from the field to show how neurogenetic approaches can complement classical physiological studies, and identify additional areas where these approaches could be advantageously applied.",,,,False
recetENlBYcGrP7zO,Modulation of stretch reflexes during locomotion in the mesencephalic cat,Akazawa,Aldridge; Steeves; Stein,1982,10.1113/jphysiol.1982.sp014319,Cat,Ia,Ia monosynaptic,,,,True,True,"The soleus stretch reflex in walking decerebrate cats is deeply modulated across the step cycle, peaking at or before the locomotor extensor EMG peak, with the modulation attributable to postsynaptic or presynaptic changes at the alpha-motoneuron rather than fusimotor or afferent-volley changes; reflex gain parallels the cycle rise in intrinsic muscle stiffness, supporting a load-compensation role in stance.","Record intracellularly from alpha-motoneurons during locomotion with standardized soleus stretches, or pharmacologically block presynaptic inhibition, to localize the reflex modulation pre- versus postsynaptically.",Give a walking model phase-modulated Ia stretch-reflex gain peaking with stance extensor activity and pair it with cycle-varying intrinsic muscle stiffness; ablate the gain modulation (constant gain) to test load-compensation benefit.,,False
recewflUcft50Rh2J,Human Lumbosacral Spinal Cord Interprets Loading During Stepping,Harkema,Hurley; Patel; Requejo; Dobkin; Edgerton,1997,10.1152/jn.1997.77.2.797,Human,,,,,,True,True,"In spinal-cord-injured humans during assisted stepping, soleus, gastrocnemius, and tibialis anterior EMG amplitude scales directly with peak limb load regardless of supraspinal input, and load predicts phasic EMG better than muscle-tendon stretch or stretch velocity - the lumbosacral cord uses limb-loading cues, not just stretch reflexes, to grade efferent output for stepping.","Vary body-weight-support level during stepping and record the EMG load dose-response, or selectively block limb-load afferents, to test the causal contribution of loading cues to motoneuron pool output.","Implement stance-gated limb-load feedback that scales extensor and flexor motoneuron pool gain; ablating it should mimic reduced load-bearing and depress stepping EMG, reproducing body-weight-support effects.",,False
recf2nnsCOlfEvGxV,An interneuronal relay for group I and II muscle afferents in the midlumbar segments of the cat spinal cord.,Edgley and Jankowska,,1987,10.1113/jphysiol.1987.sp016676,Cat,Ia; Ib; II; Cutaneous,type II excitatory; II inhibitory,,,,False,True,"Midlumbar (L4) interneurons with dominant group II input - also driven by group I, cutaneous, joint, and interosseous afferents - project to hindlimb motor nuclei and are activated monosynaptically by group I and II afferents, making them a disynaptic relay that adds 0.4-2.5 ms latency to length- and force-afferent actions on motoneurons relative to caudal lumbar pathways.","Stimulate group I and II afferents while recording L4 interneurons and their target motoneurons before and after silencing L4, establishing which disynaptic actions route through the midlumbar relay.",Insert a midlumbar relay interneuron layer (adding 0.4-2.5 ms latency) between group I/II afferents and motoneuron pools; ablate it to test the functional cost of losing the longer-latency afferent actions during perturbed stepping.,,False
recf6gvkwsPmIHY3N,AnimatLab: A 3D graphics environment for neuromechanical simulations,Cofer,,2010,10.1016/j.jneumeth.2010.01.005,,,,,,,True,True,"The nervous systems of animals evolved to exert dynamic control of behavior in response to the needs of the animal and changing signals from the environment. To understand the mechanisms of dynamic control requires a means of predicting how individual neural and body elements will interact to produce the performance of the entire system. AnimatLab is a software tool that provides an approach to this problem through computer simulation. AnimatLab enables a computational model of an animal's body to be constructed from simple building blocks, situated in a virtual 3D world subject to the laws of physics, and controlled by the activity of a multicellular, multicompartment neural circuit. Sensor receptors on the body surface and inside the body respond to external and internal signals and then excite central neurons, while motor neurons activate Hill muscle models that span the joints and generate movement. AnimatLab provides a common neuromechanical simulation environment in which to construct and test models of any skeletal animal, vertebrate or invertebrate. The use of AnimatLab is demonstrated in a neuromechanical simulation of human arm flexion and the myotactic and contact-withdrawal reflexes.",,,,False
recf7GGvFAHjfl09v,"Phase-Resetting Curves Determine Synchronization, Phase Locking, and Clustering in Networks of Neural Oscillators",Achuthan,,2009,10.1523/jneurosci.0426-09.2009,,,,,Achuthan 2009,,False,True,"Iterated-map analysis based solely on phase-resetting curves predicts synchronization, phase-locking, and clustering in neural oscillator networks without weak-coupling assumptions: synchrony stability depends on the PRC slope at spike initiation, and between-cluster splay timing can enforce synchrony on subclusters incapable of synchronizing alone.",Measure PRCs of CPG neurons in an animal preparation and test the prediction that increasing network size or synaptic strength destabilizes synchrony once the PRC slope becomes too steep.,"Use measured phase-resetting curves of coupled oscillators (half-centers or limb CPGs) with the iterated-map stability criteria to predict interlimb phase locking and clustering, selecting coupling strengths that avoid synchrony loss.",,False
recfCLJpSnraphHug,Modeling the mammalian locomotor CPG: insights from mistakes and perturbations,McCrea and Rybak,,2007,10.1016/S0079-6123(06)65015-2,Cat,,,,McCrea & Rybak 2007,,True,True,"A computational model of the mammalian spinal cord circuitry incorporating a two-level central pattern generator (CPG) with separate half-center rhythm generator (RG) and pattern formation (PF) networks.
The model consists of interacting populations of interneurons and motoneurons described in the Hodgkin-Huxley style. Locomotor rhythm generation is based on a combination of intrinsic (persistent sodium current dependent) properties of excitatory RG neurons and reciprocal inhibition between the two half-centers comprising the RG. The two-level architecture of the CPG was suggested from an analysis of deletions (spontaneous omissions of activity) and the effects of afferent stimulation on the locomotor pattern and rhythm observed during fictive locomotion in the cat. The RG controls the activity of the PF network that in turn defines the rhythmic pattern of motoneuron activity. The model produces realistic firing patterns of two antagonist motoneuron populations and generates locomotor oscillations encompassing the range of cycle periods and phase durations observed during cat locomotion. A number of features of the real CPG operation can be reproduced with separate RG and PF networks, which would be difficult if not impossible to demonstrate with a classical single-level CPG. The two-level architecture allows the CPG to maintain the phase of locomotor oscillations and cycle timing during deletions and during sensory stimulation. The model provides a basis for functional ident",,,,False
recfIKtOOvoPaRCFc,Chapter 2--the spinal generation of phases and cycle duration.,Gossard,Sirois; Noué; Côté; Ménard; Leblond; Frigon,2011,10.1016/b978-0-444-53825-3.00007-3,Cat,,,,,,False,True,"In decerebrate cats, fictive locomotion without sensory feedback shows a built-in asymmetry - cycle period varies predominantly with extensor phase duration - and ankle dorsiflexion greatly prolongs the extension phase during fictive locomotion but not fictive scratching, evidence that locomotor and scratch rhythms rely on distinct spinal interneuronal components.",Record fictive locomotion and scratching in the same decerebrate cats and apply nerve stimulation or ankle dorsiflexion to map which phase-duration controls are shared versus distinct between the two rhythms.,"Build a rhythm generator whose period is dominated by extensor-phase duration with separate locomotor and scratch components, plus ankle-dorsiflexion afferent input that prolongs extension only in locomotor mode; test mode-specific ablation.",,False
recfRnmXD28Ogkq4e,Control of Mammalian Locomotion by Somatosensory Feedback,Frigon,,2021,10.1002/cphy.c210020,Mammals,,,,,,True,True,"When animals walk overground, mechanical stimuli activate various receptors located in muscles,joints, and skin. Afferents from these mechanoreceptors project to neuronal networks controllinglocomotion in the spinal cord and brain. The dynamic interactions between the control systemsat different levels of the neuraxis ensure that locomotion adjusts to its environment and meetstask demands. In this article, we describe and discuss the essential contribution of somatosen-sory feedback to locomotion. We start with a discussion of how biomechanical properties of thebody affect somatosensory feedback. We follow with the different types of mechanoreceptors andsomatosensory afferents and their activity during locomotion. We then describe central projectionsto locomotor networks and the modulation of somatosensory feedback during locomotion and its mechanisms. We then discuss experimental approaches and animal models used to investigate the control of locomotion by somatosensory feedback before providing an overview of the different functional roles of somatosensory feedback for locomotion. Lastly, we briefly describe the role of somatosensory feedback in the recovery of locomotion after neurological injury. We highlight the fact that somatosensory feedback is an essential component of a highly integrated system for locomotor control. 

Major teaching points
•  During locomotion, mechanical stimuli within and out-side the body activate various types of mechanoreceptors located in mus",,,,False
recfWfvyxP3M5wWWJ,Muscle Spindles and Their Motor Control,Matthews,,1964,10.1152/physrev.1964.44.2.219,Cat,,,,Matthews 1964,,False,True,"Computational model study. The existence of two distinct types of afferent nerve ending, however, has been widely suspected since Ruflini described the histologically distinct primary and secondary endings, while very recent histological work strongly suggests the existence of two distinct types of intrafusal muscle fiber with independent motor...",,,,False
recfdwgo7yvRq9Lt7,Hip proprioceptive feedback influences the control of mediolateral stability during human walking,Roden-Reynolds,,2015,10.1152/jn.00551.2015,Human,,,,,,False,True,"Artificial hip-abductor proprioception (gluteus medius vibration) during human walking shifts mediolateral foot placement in a phase-dependent manner - stance-phase vibration draws the contralateral foot toward the midline, swing-phase vibration places the vibrated leg farther from it - evidence that hip proprioceptive feedback is monitored to regulate mediolateral stability.","Apply tendon vibration at hip abductors during animal treadmill walking and measure mediolateral foot placement, or deafferent hip muscles, to test degradation of step-width control.","Add hip-abductor proprioceptive feedback to a mediolateral foot-placement controller in a bipedal walker; ablate it to test step-width dysregulation, and simulate vibration-like biased afferent input to reproduce the placement shifts.",,False
recfiz9tzgn955QdA,Contribution of Hind Limb Flexor Muscle Afferents to the Timing of Phase Transitions in the Cat Step Cycle,Hiebert,,1996,10.1152/jn.1996.75.3.1126,Cat,Ia; II,Ia or II stance to swing,,,,True,True,"In walking decerebrate cats, flexor muscle lengthening during stance terminates extensor activity and resets the rhythm to ipsilateral flexion with contralateral extension: EDL and iliopsoas act through group Ia spindle afferents and tibialis anterior through group II afferents, providing a flexor-length gate on the stance-to-swing transition.",Selectively block group I versus group II afferents in the TA and EDL nerves during stance-phase stretch to confirm the differential afferent assignment for stance-to-swing resetting.,"Implement flexor-length feedback (Ia from iliopsoas and EDL, II from tibialis anterior) that inhibits the extensor half-center to terminate stance; ablation should delay swing onset and prolong stance.",,False
recgA09TdqMRYuiyY,Segmental organization of vestibulospinal inputs to spinal interneurons mediating crossed activation of thoracolumbar motoneurons in the neonatal mouse.,Kasumacic,Lambert; Coulon; Bras; Vinay; Perreault; Glover,2015,10.1523/jneurosci.5188-14.2015,Mice,,,,,,True,True,"Lateral vestibulospinal tract activation of contralateral thoracolumbar motoneurons in neonatal mice is overwhelmingly polysynaptic, relayed by descending commissural interneurons whose LVST-responsive fractions differ by segment and dorsoventral position; upper-lumbar dCINs projecting to contralateral L5 selectively channel vestibular signals toward hindlimb extensor motoneurons versus trunk targets.",Silence upper-lumbar LVST-responsive dCINs and test whether crossed vestibulospinal activation of hindlimb extensor motoneurons is lost while trunk activation persists.,Route vestibular balance corrections through segment-specific commissural interneuron populations in a biped model; ablate the upper-lumbar channel to reproduce differential loss of hindlimb versus trunk crossed activation.,,False
recgNahYOEnT2yzYE,Proprioceptive modulation of hip flexor activity during the swing phase of locomotion in decerebrate cats.,Lam and Pearson,,2001,10.1152/jn.2001.86.3.1321,Cat,,Ia or II swing to stance,,,,True,True,muscle spindle ends swing,,,,False
recgPmjGMrRBLOuA5,A Review of the Integrate-and-fire Neuron Model: I. Homogeneous Synaptic Input,Burkitt,,2006,10.1007/s00422-006-0068-6,,,,,Burkitt 2006,Burkitt 2006,False,True,Review of review integrate-and-fire neuron model: i.. Computational model study. The integrate-and-ﬁre neuron model has become established as a canonical model for the description of spiking neurons be- cause it is capable of being analyzed mathematically while at the same time being sufﬁciently complex to capture many of the essential features of neural processing.,,,,False
recgQ4H7oES3zg5BT,What functions do reflexes serve during human locomotion,Zehr and Stein,,1999,10.1016/s0301-0082(98)00081-1,Lamprey; Cat; Human,Cutaneous,Cutaneous flexor excitation; Ia monosynaptic excitation,,,Zehr and Stein 1999,False,True,"Review establishing that reflexes during locomotion are task-, phase-, and context-dependent, with a division of labor: cutaneous reflexes alter swing-limb trajectory to avoid stumbling, stretch reflexes stabilize limb trajectory and assist force production during stance, and load receptor reflexes support body weight and influence step-cycle timing - functions dynamically reassigned across the cycle and clinically exploitable after neurotrauma.","Compare stretch, load, and cutaneous reflex amplitudes across sitting, standing, and walking using matched electrical and natural receptor activation, mapping the task- and phase-dependence framework in an animal model.","Implement phase- and task-gated cutaneous (swing trajectory), Ia stretch (stance stabilization and force), and load-receptor (weight support, cycle timing) pathways in a walker; ablate each to reproduce the predicted functional losses.",,False
recgWW7JlRJMm851a,The construction of movement by the spinal cord,Tresch,,1999,10.1038/5721,Vertebrates; Frog,,,,,,True,True,"We used a computational analysis to identify the basic elements with which the vertebrate spinal
cord constructs one complex behavior. This analysis extracted a small set of muscle synergies from
the range of muscle activations generated by cutaneous stimulation of the frog hindlimb. The
flexible combination of these synergies was able to account for the large number of different motor
patterns produced by different animals. These results therefore demonstrate one strategy used by
the vertebrate nervous system to produce movement in a computationally simple manner.",,,,False
recghr9s21A35rvHN,"The brain has a body: adaptive behavior emerges from interactions of nervous system, body and environment.",Chiel and Beer,,1997,10.1016/s0166-2236(97)01149-1,,,,,,Chiel and Beer 1997,False,True,"The brain has a body: adaptive behavior emerges from nervous system–body–environment interaction, so neural analysis alone cannot explain motor control.",,,,False
recgzIOzQxO3lmhT2,Neural Control of Stereotypic Limb Movements,Rossignol,,2011,10.1002/cphy.cp120105,,Cutaneous,,,,Rossignol 2011,True,True,"Comprehensive chapter on the neural control of stereotypic limb movements, spanning locomotor kinematics and EMG across speeds, slopes, and directions; interlimb coordination; spinal, complete, and partial lesion preparations and pharmacology; central pattern generation and locomotion interneurons; and proprioceptive and cutaneous afferent control with mechanisms of reflex modulation and supraspinal initiation.",,,,False
rech1JxuXg5zKkApI,"Control of reflex reversal in stick insect walking: effects of intersegmental signals, changes in direction, and optomotor-induced turning",Hellekes,Blincow; Hoffmann; Büschges,2012,10.1152/jn.00718.2011,Stick Insect,Mechanosensory,Chordotonal organ multi-synaptic excitation; Chordotonal organ multi-synaptic inhibition,,,,True,True,"In the stick insect, femoral chordotonal-organ reflexes reverse from resistance during posture to assistance during walking, and the reversal itself is gated: enhanced by stepping of the ipsilateral rostral leg, expressed during forward but not backward walking, and during optomotor turning only in the middle leg on the inside of the turn - leg-specific, task- and context-dependent control of reflex sign.","Manipulate rostral-leg stepping (restrained versus free) while recording femoral chordotonal reflexes in each leg, and probe forward versus backward and optomotor-turning walking to map the intersegmental and task gating of reversal.",Implement leg-local chordotonal feedback whose sign (resistance versus assistive) is gated by intersegmental stepping signals and walking direction; freeze the sign to resistance-only and test deficits in turning and adaptive walking.,,False
rechFy16bSaCN7BJR,An electromyographic analysis of muscular activity in the hindlimb of the cat during unrestrained locomotion.,Engberg and Lundberg,,1969,10.1111/j.1748-1716.1969.tb04415.x,Cat,Ia,,,,,False,True,"Classic unrestrained-cat EMG study: hindlimb extensor activity is rather uniform across muscles while flexor activity is individualized by functional group, and the precise timing of extensor EMG onset argues against a reflex origin from limb receptors, supporting centrally programmed alternating extensor-flexor activation with possible Ia-mediated reflex regulation superimposed.","Section limb nerves or deafferent the hindlimb during unrestrained walking and test whether the precise extensor EMG onset timing persists, which would exclude a peripheral reflex origin.",Program alternating extensor-flexor activation centrally with superimposed Ia feedback in a walker; ablate the central timing to test whether Ia reflexes alone can set extensor onset timing.,,False
rechGVHGYGpWwZcj1,Effects of training on the recovery of full-weight-bearing stepping in the adult spinal cat.,Lovely,Gregor; Roy; Edgerton,1986,10.1016/0014-4886(86)90094-4,Cat,,,,,,False,True,"Most adult spinal cats (14 of 16) recover full-weight-bearing treadmill stepping within a month of transection when cued by tail pinch or crimping, and daily treadmill training emphasizing complete weight bearing raises maximum treadmill speed about 2.6-fold over untrained cats (0.619 versus 0.240 m/s) - task-specific training markedly improves spinal stepping capacity below the lesion.",Deafferent specific feedback classes (for example load or cutaneous) during treadmill training of spinal cats to identify which afferent cues are required for training-dependent speed recovery.,Model a below-lesion spinal stepping network with training-dependent plasticity driven by weight-bearing activity; disabling the adaptation should reproduce the untrained-cat speed plateau.,,False
rechOTg6oKWMbHpYM,Leg-local neural mechanisms for searching and learning enhance robotic locomotion,Szczecinski and Quinn,,2018,10.1007/s00422-017-0726-x,Arthropods,,,,,,False,True,"Two leg-local arthropod mechanisms were ported to MantisBot: negative feedback of leg depressor force keeps each stance leg carrying an appropriate share of body weight, and absence of load triggers a ground-search mode - implemented with leg-local memory and command neurons so the robot transitions between searching and stepping while mimicking animal data from the literature.","In an insect (stick insect or mantis), selectively remove leg force feedback or obstruct a leg during stance to test whether load distribution across stance legs degrades and unloaded legs initiate searching, as the two-mechanism account predicts.",Implement leg-local negative force feedback onto stance depressor activation plus a load-gated search mode with per-leg memory in a hexapod controller; ablate the force feedback to show body-weight distribution across stance legs fails and searching is never triggered.,,False
rechPjLTzHpL5JYzS,Contribution of peripheral afferents to the activation of the soleus muscle during walking in humans.,Yang,Stein; James,1991,10.1007/bf00227094,Human,,,,,,False,True,"In human walking, soleus EMG responses to rapid stance-phase stretches are predicted chiefly by stretch velocity (70% of variance at an average 38 ms delay; adding displacement raises it to 85%, acceleration adds nothing), and the velocity-derived reflex gain ramps up through early stance in parallel with the H-reflex, demonstrating phase-dependent gain modulation of the ankle extensor stretch reflex.",Apply the same cycle-resolved stretch paradigm to walking cats to compare phase-dependent ankle extensor stretch-reflex gain scheduling across species.,Add a velocity-dominant ankle-extensor stretch reflex with ~38 ms delay and a ramped gain through early stance to a biped model; verify the gain schedule reproduces the human EMG and that removing it destabilizes stance.,,False
rechUE1t6xgIgzBSA,Human spinal locomotor control is based on flexibly organized burst generators,Danner,,2015,10.1093/brain/awu372,Human,,,,,,True,True,"Constant drive provided to the human lumbar spinal cord by epidural electrical stimulation can cause local neural circuits to
generate rhythmic motor outputs to lower limb muscles in people paralysed by spinal cord injury. Epidural spinal cord stimulation
thus allows the study of spinal rhythm and pattern generating circuits without their configuration by volitional motor tasks or taskspecific peripheral feedback. To reveal spinal locomotor control principles, we studied the repertoire of rhythmic patterns that can
be generated by the functionally isolated human lumbar spinal cord, detected as electromyographic activity from the legs, and
investigated basic temporal components shared across these patterns. Ten subjects with chronic, motor-complete spinal cord injury
were studied. Surface electromyographic responses to lumbar spinal cord stimulation were collected from quadriceps, hamstrings,
tibialis anterior, and triceps surae in the supine position. From these data, 10-s segments of rhythmic activity present in the four
muscle groups of one limb were extracted. Such samples were found in seven subjects. Physiologically adequate cycle durations and
relative extension- and flexion-phase durations similar to those needed for locomotion were generated. The multi-muscle activation
patterns exhibited a variety of coactivation, mixed-synergy and locomotor-like configurations. Statistical decomposition of the
electromyographic data across subjects, muscles and samples of rhythmic p",,,,False
rechb1DliCuuKLIy7,Neural control of locomotion and training-induced plasticity after spinal and cerebral lesions.,Knikou,,2010,10.1016/j.clinph.2010.01.039,Human,,,,,Knikou 2010,False,True,"Review synthesis arguing that sensory afferent feedback is constitutive of locomotion rather than merely corrective: it acts through spinal reflex circuits on the rhythm-generating networks, is phase-dependently modulated in humans, and drives short- and long-term reorganization of brain and spinal circuits that supports walking recovery after locomotor training - spinal circuits integrating sensory signals are adjustable networks with learning capabilities.",Test the plasticity claim at the level the review flags as unexplored: record spinal interneuronal and cortical reorganization at cellular and physiological levels after locomotor training in spinal-lesioned animals.,"Implement spinal reflex circuits as adaptive elements whose gains reorganize with training exposure around a CPG, and test whether afferent-driven gain plasticity restores rhythmic stepping after a simulated lesion faster than fixed-gain control.",,False
rechlkArkb6FkoOYj,Gasping activity in vitro: a rhythm dependent on 5-HT2A receptors,Tryba,,2006,10.1523/jneurosci.4186-05.2006,Mice,,,,,,False,True,"Here, we demonstrate that fictive gasping and CI-pacemaker bursting were selectively eliminated by the 5-HT 2A receptor antagonist piperidine or ketanserin.",,,,False
rechmhCcKA0ILQWKG,Operation regimes of spinal circuits controlling locomotion and the role of supraspinal drives and sensory feedback,Rybak,Shevtsova; Markin; Prilutsky,2024,10.7554/elife.98841,Cat; Mammals,,,,Rybak 2024,,True,True,"Computational model reproducing intact and spinal-transected cats in tied- and split-belt locomotion, showing the spinal network changes operating regime with speed: a non-oscillating state-machine at slow speeds (<0.4 m/s) whose phase transitions require sensory feedback related to limb extension (removing it prevents slow-speed oscillation), a flexor-driven oscillatory regime at intermediate speeds, and a classical half-center regime at high speeds; after transection only the state-machine regime remains.",Test the regime predictions in animals: block limb-extension-related afferent feedback during slow treadmill walking in intact cats (prediction: slow locomotion is abolished) and compare network operation across speeds in intact versus spinal-transected preparations.,"Build the tri-regime spinal controller (state-machine with sensory phase transitions at slow speed, flexor-driven, half-center) in a neuromechanical simulation; ablate the limb-extension feedback term to confirm loss of slow-speed oscillation and lock the spinalized configuration to state-machine behavior.",,False
rechvWFPMbJbOKC2P,Peripheral and Central Control of Flexor Digitorum Longus and Flexor Hallucis Longus Motoneurons: The Synaptic Basis of Functional Diversity,Fleshman,Lev-Tov; Burke,1984,10.1007/bf00235825,Cat,Ia; Cutaneous,Ia monosynaptic excitation; Fictive locomotion without sensory feedback,,,,False,True,"Cat FDL and FHL have identical mechanical actions yet are used differently in locomotion, and the differentiation is central: during fictive locomotion FHL motoneurons are coactive with ankle extensors in extension while FDL fires a brief burst at flexion onset; both pools share monosynaptic Ia excitation from both muscles, and only some cutaneous circuits differ (disynaptic EPSPs from saphenous and superficial peroneal nerves in FDL only; forelimb cutaneous IPSPs chiefly in FHL) - reflex organization alone cannot explain the functional divergence.","Silence specific cutaneous nerves during fictive locomotion to test whether the differential saphenous/peroneal and forelimb inputs shape the FDL flexion-onset burst, and repeat the paired-pool comparison for other synergists with divergent locomotor use.",Drive two synergist pools at one joint with distinct CPG burst targets (extensor-coactive versus flexion-onset) while sharing monosynaptic Ia excitation across both; ablate the differentiated central drive to show common reflex organization cannot produce the functional divergence.,,False
rechvvMAgwOmRzUTK,Postural feedback responses scale with biomechanical constraints in human standing,Park,,2003,10.1007/s00221-003-1674-3,Human,,,,Park 2003,,False,True,"Computational model study. These results indicate that postural adjustments can be described as a single feedback control scheme, with scalable heterogenic gains that are adjusted according to biomechanical constraints.",,,,False
rechwG5sqO2oFRKac,Sensorimotor gain control: a basic strategy of motor systems?,Procházka and Prochazka,,1989,10.1016/0301-0082(89)90004-x,,,,,,,False,False,,,,,False
rechz1NmPGV88LJcg,Challenging human locomotion: stability and modular organisation in unsteady conditions,Santuz,,2018,10.1038/s41598-018-21018-4,Human,,,,,,True,True,"We found a decreased stability when switching from even- to uneven-surface locomotion (p < 0.001 in walking, p = 0.001 in running).",,,,False
rechzXQZNS6xn5IoW,Quantification of gait parameters in freely walking wild type and sensory deprived Drosophila melanogaster,Mendes,,2013,10.7554/elife.00231,Insects,,,,,,False,True,"High-speed optical tracking of freely walking Drosophila quantified wild-type gait, tarsal positioning, and intersegmental and left-right coordination; genetic inactivation of leg sensory neurons (blocking proprioceptive feedback) left interleg coordination and the tripod gait intact but degraded step precision - central coupling suffices for interleg coordination while leg proprioception tunes the accuracy of individual steps.","Separate leg proprioceptor classes by selective inactivation to identify which sustains step precision, and test the precision deficit on uneven terrain where footfall placement is stressed.","In a hexapod model, ablate leg-local proprioceptive feedback while keeping central interleg coupling - the phenotype to reproduce is preserved tripod coordination with degraded footfall precision.",,False
reci1mqLtEvfwGu9Z,Contribution of Cutaneous Inputs From the Hindpaw to the Control of Locomotion. II. Spinal Cats,Bouyer and Rossignol,,2003,10.1152/jn.00497.2003,Cat; Mammals,,Cutaneous stance modification,,,,False,True,Sequential hindpaw cutaneous denervation in spinal cats shows cutaneous inputs are necessary for plantar foot placement and weight bearing during spinal locomotion — fully denervated cats never recovered either despite 35–71 days of treadmill training — while partial denervations reveal substantial adaptive capacity of the spinal cord.,,,,False
reci22Nke6ZTYEXCJ,Control of ankle extensor muscle activity in walking cats,Hatz,Mombaur; Donelan,2012,10.1152/jn.00944.2011,Cat; Mammals,,Ib excitatory; type II excitatory,,,,True,True,"In conscious cats with an isolated medial gastrocnemius, stance-phase and slope-dependent modulation of ankle-extensor activity is well described by constant central drive with constant proprioceptive gains: Ib force feedback is the primary modulator, group II adds a small tonic contribution, and Ia feedback contributes none — terrain compensation without changing central commands or nervous-system gains.",,,,False
reci8HVgcuYROSoh5,The costs of fatal and non-fatal falls among older adults,Stevens,,2006,10.1136/ip.2005.011015,Human,,,,,Stevens 2006,False,True,"Review of costs fatal non-fatal falls among. Results: In 2000, there were almost 10 300 fatal and 2.6 million medically treated non-fatal fall related injuries.",,,,False
reciJ8qFe7RzrrVyI,Shared reflex pathways from Ib tendon organ afferents and Ia muscle spindle afferents in the cat.,Jankowska and McCrea,,1983,10.1113/jphysiol.1983.sp014663,Cat,Ia; Ib,,,,,False,True,"Ia spindle and Ib tendon-organ afferents act through shared premotoneuronal interneurons: costimulation evokes PSPs exceeding the arithmetic sum of the separate effects, in both excitatory and inhibitory pathways at disynaptic or trisynaptic latency - so fusimotor-set spindle input can modulate tendon-organ reflex action, and Ia and Ib afferents operate as one common feedback system rather than parallel channels.","Record from identified premotoneuronal interneurons during locomotion while stimulating Ia and Ib afferents separately and together, to test whether locomotor state changes the degree of pathway sharing.",Route Ia and Ib afferents through a shared interneuron layer so spindle input gain-modulates tendon-organ reflex action; compare against independent parallel channels to reproduce the beyond-linear-summation facilitation.,,False
reciLxjB3yqLj16WL,Speed-dependent modulation of phase variations on a step-by-step basis and its impact on the consistency of interlimb coordination during quadrupedal locomotion in intact adult cats,Frigon,D’Angelo; Thibaudier; Hurteau; Telonio; Kuczynski; Dambreville,2014,10.1152/jn.00524.2013,Cat,,,,,,False,True,"In intact walking cats, step-by-step phase variations are speed dependent: at 0.3 m/s variations are stance/extensor dominated and interlimb coordination is least consistent, while at faster speeds stance and swing covary in roughly equal proportion; interlimb phasing shifts with speed for homolateral and diagonal but not homologous limb pairs, and hindlimb phase variation linearly predicts the consistency of interlimb coordination.",Deafferent or selectively block extensor group I input during slow versus fast treadmill walking to test whether the stance dominance of phase variations at slow speeds depends on load feedback.,"Implement a CPG whose stance/swing duration allocation shifts from stance-dominated to covarying with speed, and verify it reproduces the linear relation between hindlimb phase variation and interlimb-coordination consistency across speeds.",,False
reciMpQYelFIO4O02,Simple Muscle Models Regularize Motion in a Robotic Leg with Neurally-Based Step Generation,Rutter,Lewinger; Blümel; Büschges; Quinn,2007,10.1109/robot.2007.363057,,,,,,,False,True,"On a 3-degree-of-freedom robotic leg driven by a neurally based step generator, replacing a null muscle model with even the simplest muscle representations (piecewise-constant or linear) markedly improves and regularizes stepping - inherent muscle dynamics act as part of the control solution in neuro-inspired locomotion, not as overhead.",,"Recipe is direct: run the neurally based step generator with null, piecewise-constant, and linear muscle models at a single joint, quantify the performance gap, and keep at least a linear muscle model in any neurally controlled leg simulation.",,False
reciO5icPjQnMFNqb,Development and functional organization of spinal locomotor circuits,Kiehn,,2011,10.1016/j.conb.2010.09.004,Vertebrates; Mice; Zebrafish; Lamprey; Mammals,,,,,,True,True,"This review outlines and compares recent
advances that have revealed the developmental and functional
organization of these fundamental spinal motor networks in
limbed and non-limbed animals. The comparison will highlight
common principles and divergence in the organization of the
spinal locomotor network structure in these different species as
well as point to unresolved issues regarding the assembly and
functioning of these networks.",,,,False
reciOGLQWLK6xmU22,Sensory control and organization of neural networks mediating coordination of multisegmental organs for locomotion.,Büschges,,2005,10.1152/jn.00615.2004,Stick Insect; Cat; Lamprey,,,,,Büschges 2005,True,True,"Review comparing stick insect, cat, and lamprey: locomotor patterns arise from central pattern generating networks, local sensory feedback about movements and forces in the locomotor organs, and coordinating signals from neighboring segments or appendages; the central network controlling a multi-segmental organ comprises multiple segmental CPGs matching the organ's structure, and common schemes of sensory feedback operate across walking species.",Run homologous perturbation experiments across taxa (matched load and length perturbations in stick insect and cat walking) to test the claim that common sensory-feedback schemes generate walking.,Structure the controller as one CPG module per joint or segment with local force and movement feedback plus inter-module coordinating connections; ablate the local feedback to test the multi-CPG organization hypothesis.,,False
reciPlrsknLG29IMe,Changes in leg movements and muscle activity with speed of locomotion and mode of progression in humans,Nilsson,Thorstensson; Halbertsma,1985,10.1111/j.1748-1716.1985.tb07612.x,Human,,,,,,False,True,"Human treadmill dataset (walking 0.4-3.0 m/s, running 1-9 m/s) showing speed adaptation proceeds by increasing both frequency and amplitude of leg movements, with mode-specific EMG re-timing: rectus femoris shifts from knee-extension to hip-flexion emphasis with speed, gastrocnemius lateralis pre-activates before foot contact in running but not walking, and tibialis anterior peaks before rather than after touchdown in running - the basic stride structure matches other animals, suggesting shared neural control.",Apply the same phase-referenced EMG analysis across walk-run transitions in a quadruped (walk-trot) to test conservation of the bifunctional-muscle re-timing with speed and mode of progression.,"Use these speed- and mode-dependent EMG phase relationships (rectus femoris role switch, gastrocnemius pre-contact onset, tibialis anterior timing) as quantitative validation targets for a CPG plus reflex biped model across walking and running speeds.",,False
reciZVkBWqUWWFOKM,The Motor Infrastructure: From Ion Channels to Neuronal Networks,Grillner,,2003,10.1038/nrn1137,,,,,,,False,False,,,,,False
reciegFAzFZ7ogh1m,Strategies for delineating spinal locomotor rhythm-generating networks and the possible role of Hb9 interneurones in rhythmogenesis,Brownstone and Wilson,,2008,10.1016/j.brainresrev.2007.06.025,,,,,,,True,True,"We describe and analyze a computational model of neural circuits in the mammalian spinal cord responsible for generating and shaping locomotor-like oscillations. The model represents interacting populations of spinal neurons, including the neurons that were genetically identified and characterized in a series of previous experimental studies. Here, we specifically focus on the ipsilaterally projecting V1 interneurons, their possible role in the spinal locomotor circuitry, and their involvement in the generation of locomotor oscillations. The proposed connections of these neurons and their involvement in different neuronal pathways in the spinal cord allow the model to reproduce the results of optogenetic manipulations of these neurons under different experimental conditions. We suggest the existence of two distinct populations of V1 interneurons mediating different ipsilateral and contralateral interactions within the spinal cord. The model proposes explanations for multiple experimental data concerning the effects of optogenetic silencing and activation of V1 interneurons on the frequency of locomotor oscillations in the intact cord and hemicord under different experimental conditions. Our simulations provide an important insight into the organization of locomotor circuitry in the mammalian spinal cord.",,,,False
recifDtY9KNMQFxmg,Posture control of a cockroach-like robot,Nelson and Quinn,,1998,10.1109/robot.1998.676348,,,,,,,False,True,"Posture controller for a 24-degree-of-freedom cockroach-like hexapod using virtual model control with redundant kinematics resolved by optimization: it maintains posture under large perturbations, is computationally efficient, and is designed as the major component of a future locomotion controller.",,Adopt virtual model control plus kinematic optimization as the posture layer of a hexapod simulation on which a CPG locomotion controller can later be stacked.,,False
recih7yOrlandW0mo,Stimulation of the group I extensor afferents prolongs the stance phase in walking cats.,Whelan,Hiebert; Pearson,1995,10.1007/bf00241961,Cat,Ia; Ib,,,,,False,True,"Group I stimulation of extensor nerves (LG-Sol, plantaris, VL/VI) in walking decerebrate cats prolongs stance and delays flexor burst onset, with spatial summation across ankle and knee extensors and oligosynaptic excitation of heteronymous extensor EMG; stimulation early in flexion abruptly terminates swing and reinstates stance - supporting late-stance hindlimb unloading as a necessary condition for swing initiation.","Resolve the unresolved Ia-versus-Ib split with selective blockade: inactivate tendon-organ (Ib) input during stance to test how much of the stance-prolonging, swing-gating action of extensor group I input remains.",Implement the stance-to-swing gate as extensor group I feedback (with spatial summation across ankle and knee extensors) that prevents flexor burst onset until unloading; simulate late-stance unloading to trigger swing and premature unloading to precipitate it.,,False
recinBYMhS5NwkOvx,Positive Force Feedback Control of Muscles,Prochazka,,1997,10.1152/jn.1997.77.6.3226,Human,,Ib stance to swing; Ib excitatory,,,,True,True,"Establish some basic properties of positive force feedback in relation to load compensation, stability intrinsic muscle properties an interaction with displacement feedback
Positive force feedback was an effective means of generating load compensation
Suggestion a useful role of Ib-mediated positive force feedback from extensor muscles during gait.",,,,False
recipQhXYXGkXi0nV,A neurological view on reactive human stance control,Mergner,,2010,10.1016/j.arcontrol.2010.08.001,Human,,,,Mergner 2010,,False,True,"Computational model study. Annual Reviews in Control 34 (2010) 177–198 ARTICLE INFO Article history: Received 26 February 2010 Accepted 2 August 2010 Keywords: Human reactive balancing Sensory disturbance estimation Disturbance rejection Sensory reweighting Proactive-reactive fusion Robot simulations ABSTRACT During biped stance or locomotion, humans show remarkable skills in...",,,,False
recivuVGZ6XYiJMSz,Muscle spindle discharge in normal and obstructed movements.,Prochazka,,1979,10.1113/jphysiol.1979.sp012645,Cat,Ia; II,,,,,False,True,"During voluntary movements in the cat, both primary and secondary spindle endings fall silent during active shortening (the faster the shortening, the deeper the silence) and resume firing when shortening is unexpectedly arrested - with increases too gradual to indicate strong alpha-gamma coactivation; above about 0.2 resting lengths per second discharge is dominated by length and velocity variations, with fusimotor action possibly predominating only below that.",Repeat during locomotion rather than voluntary movement - record spindle endings through obstructed versus free swing phases and during controlled fusimotor blockade to quantify the fusimotor contribution in gait.,"Model Ia and II afferents as velocity-dominant encoders that go nearly silent during rapid active shortening and resume discharge on unexpected arrest, with only modest gamma bias - use as the spindle feedback front end in a biped controller.",,False
recixAt9kK5B0uIFY,Phasic gain control of the transmission in cutaneous reflex pathways to motoneurones during 'fictive' locomotion.,Andersson,Forssberg; Grillner; Lindquist,1978,10.1016/0006-8993(78)90493-6,,,,,,,False,False,,,,,False
recjGEKoVDZG9Kgya,"On the nature of the fundamental activity of the nervous centres; together with an analysis of the conditioning of rhythmic activity in progression, and a theory of the evolution of function in the nervous system",Brown,,1914,,,,,,,,True,True,"First proposal that legged locomotion is controlled by a complex network of neurons.
Reflect arc.
Reflexes for flexion and extension.
Cited by Geyer and Herr, 2010.",,,,False
recjOwKww2QHjHMBr,Heterogenic Feedback Between Hindlimb Extensors in the Spontaneously Locomoting Premammillary Cat,Ross and Nichols,,2009,10.1152/jn.90338.2008,Cat,,Ib disynaptic inhibition,,,,False,True,"During spontaneous treadmill stepping in the premammillary decerebrate cat, force-dependent heterogenic inhibition between hindlimb extensors persists (quadriceps onto gastrocnemius, gastrocnemius onto plantaris/FHL) but distal-onto-proximal inhibition is weaker than during the crossed-extension reflex, yielding a proximal-to-distal gradient of Ib inhibition that supports interjoint coordination and limb stability.",,,,False
recja84CmiJ1iWCon,Lack of adaptation during prolonged split-belt locomotion in the intact and spinal cat.,Kuczynski,Telonio; Thibaudier; Hurteau; Dambreville; Desrochers; Doelman; Ross; Frigon,2017,10.1113/jp274518,Cat; Human,,,,,,False,True,"Neither intact nor spinal-transected cats adapt to 10 min of split-belt locomotion: step-length and double-support asymmetries persist with no after-effect on returning to tied belts (symmetry is restored immediately), and spinal cats show no EMG modulation while intact cats raise extensor EMG throughout - unlike humans - suggesting that restoring left-right symmetry is not required for balance in quadrupedal gait and that split-belt adaptation is not a cat spinal plasticity.","Extend exposure duration or add reinforcement and perturbation cues to test whether cats can ever express human-like split-belt adaptation, and record afferent contributions to the immediate symmetry restoration on re-tied belts.","Run a spinal-only CPG plus reflex quadruped model on split-belt input - it should reproduce the cat phenotype (persistent asymmetry, immediate re-symmetrization, no after-effect), whereas adding a supraspinal adaptive layer is required for the human-like after-effect.",,False
recjsiiIz1XKKqefz,Activity of medullary reticulospinal neurons during fictive locomotion.,Perreault,Drew; Rossignol,1993,10.1152/jn.1993.69.6.2232,Cat,,Fictive locomotion without sensory feedback,,,,False,True,"In paralyzed, high-decerebrate cats, most medullary reticulospinal neurons projecting to the lumbar cord are phasically modulated during fictive locomotion - ENG-related, rhythm-related, or locomotion-onset tonic subpopulations, intermingled, with forelimb-related cells dorsal to hindlimb-related ones - demonstrating that reticulospinal phase modulation persists without phasic peripheral afferent input and matches the complexity seen in intact animals.","Compare reticulospinal discharge in paralyzed versus freely moving preparations, or add phasic afferent stimulation during fictive locomotion, to quantify how sensory input sculpts the centrally generated modulation.",Add a descending reticulospinal layer whose units are phasically modulated by the CPG even when afferent feedback is disabled; ablate it to test its contribution to interlimb coordination in the biped model.,,False
recjyI186L0euus39,Local Loss of Proprioception Results in Disruption of Interjoint Coordination During Locomotion in the Cat,Abelew,,2000,10.1152/jn.2000.84.5.2709,Cat; Human,,,,,,False,True,These results indicate an important role for the stretch reﬂex and stiffness regulation during locomotion.,,,,False
reck2RL4OlhuakV9q,Excitatory and Inhibitory Descending Commissural Interneurons Differentially Integrate Supraspinal and Segmental Sensory Signals,Giorgi,Cer; Mohan; Perreault,2023,10.1523/jneurosci.2015-22.2023,Mice,,,,,,False,True,"Mouse descending commissural interneurons (dCINs), key to left-right coordination, integrate supraspinal and sensory input with a neurotransmitter-specific asymmetry: both glutamatergic (VGluT2+) and GABAergic (GAD2+) dCINs are recruited by reticulospinal or segmental sensory input alone, but when recruitment requires combined subthreshold reticulospinal plus sensory drive only excitatory VGluT2+ dCINs respond - a circuit mechanism gating excitatory crossed pathways in normal motor behavior and after injury.",Test the combined-subthreshold recruitment gate in behaving mice - monitor VGluT2+ versus GAD2+ dCIN recruitment during perturbations that co-activate descending drive and sensory feedback during locomotion.,Implement crossed pathways where excitatory commissural units act as AND-gates on concurrent descending drive and ipsilateral sensory input while inhibitory units respond to either input alone; ablate the excitatory gate to test loss of bilateral coordination.,,False
reck6j3QVhgQs7e0Y,Organizing network action for locomotion: Insights from studying insect walking.,Büschges,,2008,10.1016/j.brainresrev.2007.06.028,Insects,,,,,Büschges 2008,True,True,Review paper: Insect feedback and walking phases,,,,False
reckLrNcdlGJMJMah,Behaviour-based modelling of hexapod locomotion: linking biology and technical application,Dürr,,2004,10.1016/j.asd.2004.05.004,Hexapod,,,,Dürr 2004,,True,True,3 rule model,,,,False
reckUpcqR2SYCClz8,Locomotor Rhythm Generation Linked to the Output of Spinal Shox2 Excitatory Interneurons,Dougherty,Zagoraiou; Satoh; Rozani; Doobar; Arber; Jessell; Kiehn,2013,10.1016/j.neuron.2013.08.015,Mice,,,,,,False,True,"Identifies Shox2 excitatory interneurons as part of the rhythm-generating kernel in the mouse spinal cord: optogenetic silencing or blocking their synaptic output perturbs locomotor rhythm without affecting left-right and flexor-extensor patterning (while ablating the Shox2 subset coinciding with V2a interneurons has no effect), and rhythmically active Shox2 cells contact other Shox2 cells, commissural neurons, and motor neurons with a preference for flexor motor pools.","Test whether sensory afferent input accesses the Shox2 rhythm kernel - pair phase-resetting afferent stimulation with Shox2 activity monitoring, or silence Shox2 during perturbed locomotion to separate rhythm from pattern contributions.",Structure the CPG with a separable rhythm kernel (interconnected excitatory units biased to flexor MNs) distinct from the pattern layer; ablating the kernel in simulation should reproduce rhythm loss with preserved patterning.,,False
reckV5N2nVH1fnkqI,Implications of Positive Feedback in the Control of Movement,Procházka,Gillard; Bennett,1997,10.1152/jn.1997.77.6.3237,Mammals,Ib,Ib inhibition; Ib excitatory,,Procházka 1997,Procházka 1997,True,True,"Argues with analytic neuromuscular models that tendon-organ afferents switch from negative force feedback in static posture to positive force feedback in locomotion, and that positive force feedback is stable and effective because muscle length-tension properties provide automatic gain control - stability is further supported by concomitant negative displacement feedback and, unexpectedly, by delays in the positive feedback pathway - making positive force feedback a load-compensation mechanism complementing negative displacement and velocity feedback.",Measure the sign of autogenic force feedback in the same muscle across quiet standing and treadmill locomotion in a decerebrate cat preparation to test the posture-to-locomotion switch directly.,"Implement stance-phase positive autogenic force feedback (Ib excitatory) on extensors with length-tension automatic gain control plus negative displacement feedback; demonstrate stability at strong gains and with realistic delays, then remove the gain control to show instability.",,False
reckgJeVmfQqcEZhs,Vertebrate Pattern Generation: Overview,Rybak and Ausborn,,2022,10.1007/978-1-0716-1006-0_758,,,,,,,False,False,,,,,False
reckveZdtn6EUZLbp,Neonatal Rat Spinal Cord Bulbospinal Activation of Locomotion in the In Vitro Contribution of Commissural Projections to,Zaporozhets,,2015,,Rat,,,,,,False,True,Neonatal rat in vitro preparation in which bulbospinal activation evokes locomotion; commissural projections contribute to bilateral activation — a tractable model for descending-initiated locomotion.,,,,False
recl6W47JHetZC0Px,A neural network with central pattern generators entrained by sensory feedback controls walking of a bipedal model,Li,Hunt; Szczecinski; Quinn,2017,10.1088/1748-3190/aa8290,,,,,Li 2017,,False,True,"A planar bipedal musculoskeletal model controlled by a two-level dynamic neural network — separate rhythm generator and pattern formation layers entrained by force and movement sensory feedback — walks stably without inertial sensors, a centralized posture controller, or high-level intervention, over unknown steps and slopes, demonstrating that sensory-entrained CPGs plus biomechanics suffice for robust gait.",,,,False
recl7iChHRGAfNn1c,Linking spinal circuit reorganization to recovery after thoracic spinal cord injury,Shevtsova,Lockhart; Rybak,2026,10.7554/elife.107480,Rat,,,,Shevtsova 2026,,False,True,"Adapting computational speed-dependent gait circuitry models to the rat reproduces both intact gait and post-injury gait after lateral hemisection versus midline contusion, revealing two injury-specific recovery routes (restored descending drive and long propriospinal detours after hemisection; sublesional reorganization after contusion), with sensitivity analysis identifying re-engaged lumbar rhythm generators and balanced lumbar commissural connectivity as the common determinants of recovered gait.","Test the injury-specific recovery routes in rats: after lateral hemisection, block new propriospinal detour growth and assay gait; after contusion, pharmacologically silence sublesional lumbar circuits and measure whether recovered gait degrades, verifying the two routes and the shared lumbar-rhythm determinant.","Implement the speed-dependent gait circuitry and simulate hemisection (unilateral removal of descending drive and long propriospinal inputs) versus contusion (diffuse weakening); test which parameter restorations recover the observed gait, and run the sensitivity analysis on lumbar commissural balance.",,False
recl89IqMlxodlhXN,Decoding the organization of spinal circuits that control locomotion,Kiehn,,2016,10.1038/nrn.2016.9,,,Ia reciprocal inhibition; Ia or II stance to swing; Ib stance to swing,,,Kiehn 2016,True,True,"Review paper.
Abstract | Unravelling the functional operation of neuronal networks and linking cellular activity
to specific behavioural outcomes are among the biggest challenges in neuroscience. In this
broad field of research, substantial progress has been made in studies of the spinal networks
that control locomotion. Through united efforts using electrophysiological and molecular
genetic network approaches and behavioural studies in phylogenetically diverse experimental
models, the organization of locomotor networks has begun to be decoded. The emergent themes
from this research are that the locomotor networks have a modular organization with distinct
transmitter and molecular codes and that their organization is reconfigured with changes to the
speed of locomotion or changes in gait.",,,,False
reclD5keu6AOXNPQL,Intracellular analysis of reflex pathways underlying the stumbling corrective reaction during fictive locomotion in the cat.,Quevedo,Stecina; McCrea,2005,10.1152/jn.00176.2005,Cat; Human,Cutaneous,Cutaneous flexor excitation,,,,False,True,"Intracellular recordings in decerebrate cats during fictive locomotion show the stumbling corrective reaction is built from di- and trisynaptic cutaneous excitation of knee-flexor and ankle-extensor motoneurons, with locomotor-phase-dependent reconfiguration of inhibition (increased onto ankle flexors, suppressed onto extensors) and motoneuron membrane potential sculpting whether short-latency EPSPs actually recruit firing.","Extend to intact locomotion: record intracellularly from identified knee-flexor and ankle-extensor motoneurons during real overground stumbling corrections, or selectively lesion the di-/trisynaptic cutaneous pathways to test their necessity for obstacle avoidance during swing.","Implement phase-gated cutaneous reflex pathways: di-/trisynaptic excitation of knee flexors and ankle extensors with reciprocal inhibitory gating (suppressed onto extensors, increased onto flexors during flexion) plus motoneuron membrane-potential sculpting, and test foot-dorsum contact responses during swing.",,False
reclFa8gRAcl3H377,Design process and tools for dynamic neuromechanical models and robot controllers,Szczecinski,Hunt; Quinn,2017,10.1007/s00422-017-0711-4,,,,,Szczecinski 2017,,False,True,"Provides a serial design pipeline for neuro-mechanical controllers: classical control methods size reflex feedback parameters, bifurcation and phase-response analysis selects CPG parameters whose oscillations entrain rapidly to sensory feedback, and batched simulation scans parameter sensitivity, a repeatable recipe for tuning controllers built from persistent-sodium-channel CPGs rhythmically inhibiting velocity-command motoneurons.",,"Directly applicable: build per-joint persistent-sodium CPGs inhibiting velocity-command motoneurons, size feedback synapses with classical control methods, pick CPG parameters from bifurcation diagrams and phase response curves so the rhythm entrains to sensory feedback, and batch-sweep parameters for sensitivity.",,False
reclFhqtYHPAnaJ7k,A Neural Basis for Motor Primitives in the Spinal Cord,Hart and Giszter,,2010,10.1523/jneurosci.5894-08.2010,Frog,Cutaneous,,,,,False,True,"Identifies a neural substrate for motor primitives: in spinalized frogs, intermediate-zone interneurons with short-latency postspike facilitation of multiple motor pools have facilitation patterns that match the weighting vectors of statistically extracted primitives, implying dedicated interneuron sets organize individual primitives.",Causally test the primitive-interneuron mapping: silence the specific intermediate-zone interneuron sets whose postspike facilitation matches a given primitive and measure whether that primitive drops out of evoked motor responses while the others persist.,Represent each motor primitive as a dedicated interneuron population with fixed postspike facilitation weights onto its motor pools; ablate individual populations to predict loss of the matching synergy component in evoked motor patterns.,,False
reclNWiYPtVRdFpb1,Circuits for Grasping: Spinal dI3 Interneurons Mediate Cutaneous Control of Motor Behavior,Bui,Akay; Loubani; Hnasko; Jessell; Brownstone,2013,10.1016/j.neuron.2013.02.007,Mice,Cutaneous,,,,,True,True,"Defines the spinal microcircuit for cutaneous grip control: dI3 interneurons (marked by Isl1) relay low-threshold cutaneous afferent input to motoneurons, and genetic silencing of their output specifically abolishes the ability to scale grip force with increasing load while sparing other motor tasks.","Determine which cutaneous afferent classes drive the dI3 grip circuit by recording dI3 responses to defined afferent stimulation, and test whether dI3 silencing similarly disrupts other cutaneously guided behaviors such as limb placement reactions during locomotion.","Add a dI3-analog relay layer between low-threshold tactile sensors and grip motoneurons; ablate it to reproduce the failure to scale grip force with load while other behaviors persist, a minimal circuit for tactile grip control in prosthetic or robotic hands.",,False
reclV1akyJ2bsXtyQ,A three-dimensional musculoskeletal model of the dog,Stark,Fischer; Hunt; Young; Quinn; Andrada,2020,10.1101/2020.07.16.205856,Dog,,,,Stark 2020,,True,True,"A detailed, scalable 3D dog musculoskeletal model (84 degrees of freedom, 134 muscles) whose inverse-dynamics and static-optimization pipeline recovers the three forelimb synergy groups of a walking beagle with good activation agreement, providing a simulation base for studying joint loading and neuromuscular control in quadruped locomotion.","Use the model's predicted forelimb activations and joint loads to design targeted in-vivo measurements in dogs, e.g. instrumented implant or deep-muscle EMG validation during walk, and extend the synergy validation to other gaits and body sizes.","Use the 84-DOF, 134-muscle dog model as a simulation plant; replicate the inverse-dynamics, static-optimization, and hierarchical-clustering synergy pipeline, then test neural locomotion controllers against the three extracted forelimb synergies.",,False
reclVERvbshs0fFlf,Spinal pattern generation,Rossignol and Dubuc,,1994,10.1016/0959-4388(94)90139-2,Rat; Lamprey; Vertebrates,,,,,Rossignol and Dubuc 1994,False,True,"Review framing spinal pattern generation around three foci: transmitter actions on rhythms in reduced preparations, activity-dependent changes in membrane properties of the generating circuits, and CPG-afferent interactions, emphasizing that new reflex responses and membrane properties emerge only during rhythmic activity.","Test state-dependent reflex modulation directly: compare the same afferent stimulation in quiescent versus rhythmically active reduced preparations (neonatal rat, lamprey) to confirm that new reflex responses appear only during ongoing rhythm, as the review proposes.","Implement CPG circuits whose reflex pathway gains and signs are gated by rhythmic state, and test whether reflex responses absent in quiescent simulation appear when the CPG is active, mirroring state-dependent reflex modification.",,False
reclhHfzxQojBL8Jh,Stumbling corrective reaction: a phase-dependent compensatory reaction during locomotion,Forssberg,,1979,10.1152/jn.1979.42.4.936,Cat,Cutaneous; Nociceptive,Cutaneous flexor excitation; Cutaneous stance modification,,,,False,True,"The classic characterization of the stumbling corrective reaction: dorsum contact during swing evokes short-latency flexor activation lifting the paw over the obstacle via early (~10 ms) and late (~25 ms) pathways to knee flexors, whereas the same stimulus during support inhibits-then-excites extensors and boosts the next swing's flexion, phase-dependent reflex gating organized by the spinal locomotor generator, with painful input instead evoking withdrawal throughout the cycle.","Identify the spinal interneurons mediating the early and late knee-flexor pathways by recording during locomotion with paw-dorsum stimulation, test their necessity by lesioning them, and verify the phase-reversal rules across speeds and after spinalization.",Implement a phase-switched stumble reflex: paw-dorsum tactile input drives short-latency flexor bursts during swing for obstacle clearance and stance-phase extensor modulation with enhanced next-swing flexion; ablate the reflex to quantify its contribution to fall avoidance.,,False
recllI1WnoBxxvkJM,"Vestibulospinal, reticulospinal and descending propriospinal nerve fibres in man",Nathan,,1996,10.1093/brain/119.6.1809,Human,,,,,,True,True,"The course and location of vestibulospinal, reticulospinal
and descending propriospinal fibres in man are reported.

There is an extensive propriospinal network of reciprocal excitatory and inhibitory connections active during locomotion that may activate MNs far from the site of pattern generator",,,,False
reclnMQymdT8XM2Fh,Goal-Directed CPG-Based Control for Tensegrity Spines with Many Degrees of Freedom Traversing Irregular Terrain,Mirletz,,2015,10.1089/soro.2015.0012,,,Biomechanically mediated preflexive feedback,,Mirletz 2015,,False,True,"Demonstrates a CPG-controlled tensegrity-spine robot with six-degree-of-freedom compliant intervertebral coupling whose neural-network-processed proprioceptive feedback and goal-directed input achieve terrain-transitioning locomotion, combining local reflexes with structural compliance to replace rigid-body control on many-DOF compliant bodies.",,Reproduce the CPG-plus-compliant-body controller: neural-network-processed proprioceptive feedback and goal-directed input driving a tensegrity spine; ablate the feedback and the compliance separately to attribute terrain-robustness contributions.,,False
recltwPKqu4h48ziw,"Capturability-based analysis and control of legged locomotion, Part 1: Theory and application to three simple gait models",Koolen,,2012,10.1177/0278364912452673,,,,,Koolen 2012,,False,True,"Formalizes N-step capturability, the ability of a legged system to stop without falling within N steps, as a stability criterion for legged locomotion, and shows across three 3D linear-inverted-pendulum models how finite-sized feet and centroidal angular momentum (a reaction mass) each enlarge the set of capturable states relative to point-foot step placement.",,"Compute N-step capturability margins for a biped from its state and step-placement options; compare point-foot, finite-foot, and angular-momentum reaction-mass variants to quantify how each mechanism enlarges the capturable region, then use capturability as the step-selection criterion.",,False
reclwbsReGhWM71WF,Bio-inspired controller achieving forward speed modulation with a 3D bipedal walker,Van der Noot,Ijspeert; Ronsse,2018,10.1177/0278364917743320,Human,,,,Van Der Noot 2017,,True,True,"In the present contribution, we embrace the idea of combining a CPG and reflexes in a neuromuscular torquebased controller for bipedal locomotion. More precisely, we design a controller capable of generating robust and humanlike locomotion gaits on a 3D bipedal walker.

In this paper, we have developed a bio-inspired torque-based controller supporting the emergence of a new generation of robust and energy-efficient walkers. It recruits virtual muscles driven by reflexes and a central pattern generator, and thus requires no computationally intensive inverse kinematics or dynamics modeling. This controller is capable of generating energyefficient and human-like gaits (both regarding kinematics and dynamics) across a large range of forward speeds, in a 3D environment. After a single off-line optimization process, the forward speed can be continuously commanded within this range by changing high-level parameters, as linear or quadratic functions of the target speed. Sharp speed transitions can then be achieved with no additional tuning, resulting in immediate adaptations of the step length and frequency. In this paper, we particularly embodied this controller on a simulated version of COMAN, a 95 cm tall humanoid robot. We reached forward speed modulations between 0.4 and 0.9 m/s. This covers normal human walking speeds once scaled to the robot size. Finally, the walker demonstrated significant robustness against a large spectrum of unpredicted perturbations: facing external push",,,,False
recm4QfxeuEDhYkqj,Pattern generation for stick insect walking movements-multisensory control of a locomotor program,Bässler and Büschges,,1998,10.1016/s0165-0173(98)00006-x,Stick Insect; Insects,,,,,Bässler and Büschges 1998,False,False,,,,,False
recm6x6A0bW8jCGIi,A multisensory integration model of human stance control,Kooij,,1998,10.1007/s004220050527,Human,,,,Kooij 1998,,False,True,Computational model study. We aim to apply the model in (1) the design and development of prostheses and orthoses and (2) the diagnosis of neurological balance disorders.,,,,False
recm7AoKSK5nacDsW,Gust Mitigation of Micro Air Vehicles Using Passive Articulated Wings,Oduyela,,2014,10.1155/2014/598523,,,Biomechanically mediated preflexive feedback,,Oduyela 2014,,False,True,"A flight-validated 8-degree-of-freedom model of articulated micro air vehicles shows passive wing articulation increases gust robustness within an intermediate compliance range but degrades it when joints are too compliant, an airborne demonstration that preflexive, structure-mediated compliance robustifies locomotion only in a bounded regime.",Test the passive-compliance robustness hypothesis on flying insects: measure natural wing-joint compliance and wing deformation under controlled gust exposure and determine whether biological compliance sits in the range where articulation improves disturbance rejection.,Model passive articulated joints with tunable compliance on a body subject to gust-like disturbances; identify the compliance range that maximizes disturbance rejection and verify that performance degrades when joints are made too compliant.,,False
recm87GRPXcdaE4ui,The effect of dorsal root transection on the efferent motor pattern in the cat's hindlimb during locomotion.,Grillner and Zangger,,1984,10.1111/j.1748-1716.1984.tb07400.x,Cat,,Fictive locomotion without sensory feedback,,,,False,True,"After transecting all dorsal roots from one hindlimb, mesencephalic walking cats retain the limb's complex motor pattern, including the double-burst knee flexors and appropriately timed toe dorsiflexor, although with greater variability and occasional breakdown, showing the central network generates the full pattern without phasic afferent input while afferents stabilize and fine-tune it.","Identify which afferent signals restore the lost reliability: selectively re-stimulate individual afferent classes in the deafferented limb during locomotion to see which feedback reduces pattern variability and prevents breakdown, mapping stabilizing versus pattern-constructing roles.","Ablate all sensory feedback channels in a CPG walker and test whether the joint-specific burst structure (double-burst flexors) persists with increased variability, a lesion test separating central pattern generation from afferent stabilization.",,False
recmLLYNl0zD0mXyk,Stimulation of a Restricted Region in the Midline Cerebellar White Matter Evokes Coordinated Quadrupedal Locomotion in the Decerebrate Cat,Mori,Matsui; Kuze; Asanome; Nakajima; Matsuyama,1999,10.1152/jn.1999.82.1.290,Cat,,,,,,True,True,"Identifies a cerebellar locomotor region in the midline white matter (hook bundle of Russell, crossed fastigiofugal fibers) whose low-threshold microstimulation evokes well-coordinated quadrupedal locomotion in decerebrate cats; it summates with subthreshold mesencephalic locomotor region stimulation and remains effective after MLR lesions, establishing the fastigial nucleus as an independent supraspinal site that triggers both brainstem and spinal locomotor subprograms.","Record fastigial nucleus activity during spontaneous overground locomotion to confirm the cerebellar locomotor region is naturally engaged, and test the effects of CLR lesions on spontaneous and MLR-evoked locomotion in otherwise intact animals.","Implement two independent supraspinal drive sites (fastigial/CLR-analog and MLR-analog) converging on the spinal CPG with subthreshold summation; ablate each to test whether the other alone sustains locomotion, and test cycle-time shortening under combined suprathreshold drive.",,False
recmMgSVwdJCnZEpy,The intrinsic factors in the act of progression in the mammal,Brown,,1911,10.1098/rspb.1911.0077,Mammals; Cat,,,,,,False,True,"Rhythmic stepping persists in the low-spinal cat after complete deafferentation of the hindlimb muscles, and Graham Brown concluded the cycle is generated by paired antagonistic spinal centres whose balance sways through fatigue and rebound — the origin of the half-center concept — with proprioceptive input playing a regulative, not causative, role in grading steps to the terrain.",,,,False
recmPKyXthptqnPmC,Muscle proprioceptive feedback and spinal networks,Windhorst,,2007,10.1016/j.brainresbull.2007.03.010,,Ia; II; Ib,,,,Windhorst 2007,True,True,"Review assigning computational roles to segmental muscle spindle, Golgi tendon organ, and Renshaw cell feedback: generation of anti-gravity thrust during stance, locomotor phase timing, linearization of muscle nonlinearities, lever-arm and fatigue compensation, synergy formation, and selection of perturbation responses, a functional catalog of what spinal feedback contributes to motor control.","Test individual functional roles by selective silencing: block spindle or tendon-organ feedback during stance to assay anti-gravity thrust and phase timing, and silence Renshaw cells to test synergy stabilization, converting the review's catalog into lesion experiments.","Implement spindle (length/velocity), tendon-organ (force), and Renshaw recurrent feedback in a neuromuscular locomotion model and ablate each pathway to test the review's functional catalog: phase timing, fatigue compensation, linearization, and synergy stabilization.",,False
recmPjL6qkRew6xhA,"In mice lacking V2a interneurons, gait depends on speed of locomotion",Crone,Zhong; Harris-Warrick; Sharma,2009,10.1523/jneurosci.1206-09.2009,Mice,,,,,,True,True,"Ablating V2a interneurons (Chx10::DTA mice) leaves slow-speed trot intact but shifts high-speed gait to synchronous left-right coupling without altering foreleg-hindleg alternation or swing/stance durations, a speed-specific loss of left-right alternation recapitulated in isolated-cord fictive locomotion, establishing V2a neurons as required for maintaining alternation at fast speeds.","Test whether naturally galloping or hopping animals have reduced or modified V2a function (as the abstract poses), and optogenetically reactivate V2a neurons at high speed in Chx10::DTA mice to test whether left-right alternation can be restored.",Implement a speed-dependent commissural (V2a-analog) pathway that maintains left-right alternation at high frequencies; remove it and test whether the model transitions from alternate to synchronous gait as drive increases while sagittal timing is preserved.,,False
recmVTrWXTVfSOWnt,Microstimulation of the medullary reticular formation during fictive locomotion.,Perreault,Rossignol; Drew,1994,10.1152/jn.1994.71.1.229,Cat,,,,,,False,True,Microstimulation of the medullary reticular formation during fictive locomotion evokes site-dependent modulation of extensor activity — reticulospinal effects are state-dependent.,,,,False
recmjIyNNJ6tdBFk3,Peeling back the layers of locomotor control in the spinal cord,McLean and Dougherty,,2015,10.1016/j.conb.2015.03.001,Mice; Zebrafish,,,,,McLean and Dougherty 2015,True,True,"Synthesizes optical and genetic work in mice and zebrafish into a layered picture of spinal locomotor control: modular spinal networks simplify limb and axial motor pool coordination, module deployment is reconfigured with increasing locomotor speed, and rhythm and pattern are regulated in functional hierarchies.",Use intersectional genetic ablation of specific modules at defined locomotor speeds in mice or zebrafish larvae to test whether module removal produces the predicted speed-dependent coordination deficits and hierarchy reorganization.,Build a hierarchical controller with rhythm and pattern layers plus speed-dependent module recruitment; ablate modules at specific speeds to test the modularity and hierarchy claims drawn from mice and zebrafish.,,False
recmkSPf9bTo465ER,Generation of human bipedal locomotion by a bio-mimetic neuro-musculo-skeletal model.,Ogihara and Yamazaki,,2001,10.1007/pl00007977,Human,Ia; II; Ib,,,Ogihara and Yamazaki 2001,,False,True,"A neuro-musculo-skeletal biped model (seven sagittal links, nine muscles, per-muscle spindle, Golgi tendon organ, and alpha-motoneuron units) whose reflex connection weights are optimized with a genetic algorithm reproduces human walking remarkably well, attributing the emergent gait largely to reciprocal spindle innervation interacting with musculoskeletal mechanics rather than detailed central programming.","Test the model's reliance on peripheral reflexes through staged deafferentation in locomoting animals, predicting graded pattern degradation as spindle and tendon-organ feedback weights are removed while central drive is held constant.","Replicate the architecture: per-muscle spindle, tendon-organ, and alpha-motoneuron units converging with foot-contact and rhythm-generator input, weights optimized for walking distance and energy; ablate spindle versus tendon-organ channels to quantify their contribution to the emergent gait.",,False
recmmZTBWWeGV3Fvn,Interlimb communication during human walking: crossed responses in the gastrocnemius muscle,Gervasio,,2014,,Human,,,,,,False,True,"Thesis work mapping interlimb neural pathways between the gastrocnemii during human walking: building on the short-latency crossed response documented in soleus, it investigates crossed responses in the gastrocnemius as evidence that spinal interlimb coordination circuits, well documented in animals, operate in humans under supraspinal control.",,,,False
recms0RLDKCq2z6is,The cat step cycle: Hind limb joint angles and muscle lengths during unrestrained locomotion,Goslow,Reinking; Stuart,1973,10.1002/jmor.1051410102,Cat,Ia; II; Ib,,,,,True,True,"The reference cat hindlimb kinematics dataset: from walking to galloping the F/E1/E2/E3 phase sequence is preserved while E3 compresses most and F expands, knee and ankle move in near unity, and stance extensors undergo a single stretch-shorten cycle, implying muscle spindles and tendon organs are driven primarily by lengthening and isometric contractions rather than passive stretch, with synchronous activation of Ia, group II, and Ib endings as muscles become active.","Record muscle spindle Ia/II and tendon organ Ib afferents in freely moving cats across the walk-to-gallop speed range to test the predicted dominance of lengthening and isometric contractions in driving afferent discharge and the synchronous activation of Ia, II, and Ib endings.","Use the F/E1/E2/E3 phase-duration scaling and knee-ankle unity as kinematic targets across speeds, and drive afferent models from lengthening/isometric contraction phases rather than absolute length to reproduce natural spindle and tendon-organ activation timing.",,False
recmwtQGSkLIJLxb1,V1 spinal neurons regulate the speed of vertebrate locomotor outputs.,Gosgnach,Lanuza; Butt; Saueressig; Zhang; Velasquez; Riethmacher; Callaway; Kiehn; Goulding,2006,10.1038/nature04545,Mice,,,,,,True,True,"Genetically silencing V1 interneurons (Engrailed1-expressing inhibitory cells) eliminates fast motor bursting during locomotion, establishing local inhibition as the element that sets locomotor CPG cycle frequency and positioning V1 neurons as an evolutionarily conserved speed-control pathway for vertebrate locomotor movements.","Test the claimed evolutionary conservation directly: silence V1-equivalent inhibitory populations in zebrafish or lamprey and test whether fast bursting selectively drops while slow rhythms persist, as in mouse.","Add an inhibitory V1-analog population to a half-center CPG whose gain sets burst frequency; ablating it should selectively remove fast motor bursting while slower rhythms persist, separating speed control from rhythm generation.",,False
recnBgLt46yZT88vr,Motor antagonism exposed by spatial segregation and timing of neurogenesis,Tripodi,Stepien; Arber,2011,10.1038/nature10538,Mice,,,,,,False,True,"Extensor and flexor premotor interneurons are segregated medio-laterally in the dorsal spinal cord yet derive from common progenitor domains separated only by timing of neurogenesis, and proprioceptive feedback selectively targets the medial extensor premotor population, where it is required for extensor-specific connectivity to develop — an anatomical and developmental basis for antagonistic circuitry.","Neonatal dorsal-root section or genetic elimination of muscle spindles at different developmental stages, followed by trans-synaptic viral mapping of premotor connectivity, would test whether proprioceptive input is instructive for extensor premotor organization or merely permissive.","Route proprioceptive feedback preferentially onto the extensor premotor side of a bilateral CPG and remove it during connection formation to test whether extensor-specific connectivity fails to develop, mirroring the developmental requirement.",,False
recnBt0xNcrHDHHir,Common interneurones in reflex pathways from group 1a and 1b afferents of ankle extensors in the cat.,Jankowska,Johannisson; Lipski,1981,10.1113/jphysiol.1981.sp013556,Cat,,Ib disynaptic inhibition; Ib disynaptic excitation,,,,False,True,"Most lamina V-VI interneurones take convergent input from both Ia spindle and Ib tendon-organ afferents of ankle and toe extensors — about 64% shared pathways showing co-excitation, co-inhibition, or opposite actions — so reflex circuitry is not strictly partitioned between length and force feedback, and interneurones projecting to motor nuclei show the same convergence.",,,,False
recnEhLZMGIbVnYto,Afferent control of locomotor CPG: insights from a simple neuromechanical model,Markin,Klishko; Shevtsova; Lemay; Prilutsky; Rybak,2010,10.1111/j.1749-6632.2010.05435.x,,Ia; II; Ib,,,Markin 2010,,True,True,"In a single-joint neuromechanical model, length (Ia, II) and extensor force (Ib) feedback entrain the CPG to limb dynamics and produce the extensor-dominated speed regulation of real locomotion — higher drive shortens stance while swing stays nearly constant, an asymmetry absent from the CPG's fictive pattern — and increasing afferent weights restores stable locomotion after supraspinal drive removal, mechanistically modeling locomotor training after spinal cord injury.","Test the training prediction in spinal-transected animals: treadmill training with augmented versus reduced extensor load feedback (robotic stance loading, or deafferented controls) should speed or slow recovery of stepping, probing whether recovery acts through increased afferent input weights.","Implement the two-muscle single-joint CPG with Ia/II length and extensor Ib force feedback; sweep drive to verify stance-only shortening, ablate afferents to collapse speed regulation to the intrinsic fictive pattern, and raise afferent weights to emulate post-SCI training recovery.",,False
recnNIUEj17GdHE5C,Neural networks that co-ordinate locomotion and body orientation in lamprey,Grillner,Deliagina; Manira; Hill; Orlovsky; Wallén; Ekeberg; Lansner,1995,10.1016/0166-2236(95)80008-p,Lamprey,,,,,Grillner 1995,False,True,Lamprey networks coordinating locomotion and body orientation; the lamprey as the reference preparation for cellular-level CPG and reticulospinal control.,,,,False
recnVRavKdWTd1kF9,On a response characteristic of a mathematical neuron model,Nagumo,,1972,10.1007/bf00290514,,,,,,,False,False,,,,,False
recnVguZj3aWIqBez,CONTROL OF LOCOMOTION IN THE DECEREBRATE CAT,Whelan,,1996,10.1016/0301-0082(96)00028-7,Cat,,Ib stance to swing; Ia or II stance to swing,,,Whelan 1996,False,True,"In the decerebrate cat, locomotion is initiated by the mesencephalic locomotor region acting through the medial medullary reticular formation and the ventrolateral funiculus, and the phase transitions are set by identified afferents: group I Golgi tendon organ afferents prolong stance, while length- and velocity-sensitive afferents from extensor muscles signal leg extension to permit swing — unloaded and extended is the swing-permitting state.",,,,False
recnm5NoEInXebZfR,Functional identification of interneurons responsible for left-right coordination of hindlimbs in mammals.,Butt and Kiehn,,2003,10.1016/s0896-6273(03)00353-2,Mammals,,,,,,True,True,"Commissural interneurons organizing left-right hindlimb coordination form distinct rostral-lumbar flexor and extensor centers that define activity in caudal flexor and extensor motor pools across the midline, with some connections functionally reconfigured when switching from rest to locomotion — a candidate substrate for state-dependent spinal synaptic plasticity.",Test whether the rest-to-locomotion reconfiguration of commissural connections is activity-dependent: pharmacologically block locomotor-like activity during the transition in the neonatal cord preparation and re-assess commissural inputs onto identified motor pools.,"Implement distinct flexor and extensor commissural centers driving contralateral caudal motor pools, with connection weights that switch between rest and locomotion states; ablating the commissural population should collapse left-right alternation.",,False
recnpdF09e2pD0tFz,Neuronal activity in the isolated mouse spinal cord during spontaneous deletions in fictive locomotion: insights into locomotor central pattern generator organization,Zhong,,2012,10.1113/jphysiol.2012.240895,Mice,,,McCrea & Rybak 2007,,,True,True,"Zhong, Shevtsova, Rybak.
Key points 
• The organization of the spinal circuitry responsible for the generation of locomotor rhythm and control of locomotion in mammals is largely unknown, though several types of spinal interneurons involved in the rodent locomotor network have been identified. 
• Ventral root recordings of spinal motoneurons during fictive locomotion in the isolated mouse spinal cord show spontaneous deletions of activity. The majority of deletions in the isolated neonatal mouse spinal cord are non-resetting: they do not change the phase of subsequent motor cycles. Flexor and extensor motoneurons express asymmetric responses during deletions: flexor deletions are accompanied by tonic ipsilateral extensor activity, while extensor deletions do not perturb rhythmic ipsilateral flexor activity. Non-resetting deletions on one side of the cord do not perturb rhythmic activity on the other side of the cord and can occur in isolated hemicords. 
• We have characterized the activity of motoneurons and identified interneurons during spontaneous motor deletions. The motoneurons and a subset of V2a interneurons fall silent during non-resetting motor deletions while a second subset of V2a interneurons and commissural interneurons continue unperturbed rhythmic firing. This allowed us to suggest their involvement at different levels of the locomotor network operation. 
• We have developed a computational model of the central pattern generator that reproduces, and proposes a ",,,,False
recoEJr11AdVO4jyw,Stumbling corrective reaction during fictive locomotion in the cat.,Quevedo,Stecina; Gosgnach; McCrea,2005,10.1152/jn.00175.2005,Cat,,Cutaneous flexor excitation,,,,False,True,"Stimulation of the cutaneous superficial peroneal nerve during the flexion phase of fictive locomotion in decerebrate cats reproduces the full stumbling corrective reaction — brief flexor excitation, flexor inhibition, recruitment of knee and ankle extensors, then post-stimulation flexor excitation with a prolonged flexion phase — showing the corrective synergy is assembled by spinal locomotor circuitry from short-latency cutaneous reflexes plus actions of the rhythm-generating network.",,,,False
recoHY3E3DH3IDrrk,Significance of load receptor input during locomotion: a review,Dietz and Duysens,,2000,10.1016/s0966-6362(99)00052-1,Human; Cat,,Ib stance to swing,,,Dietz and Duysens 2000,False,True,"Review making the case that extensor load receptors are central to locomotor control: in the cat, Golgi tendon organ input switches function during walking from Ib inhibition to extensor facilitation proportional to load, and in humans leg extensor activation during stance scales with body weight — one load-regulatory mechanism spanning quadrupedal and bipedal gait.",,,,False
recoIv60HYptnkyrY,Cutaneous Reflexes During Human Gait: Electromyographic and Kinematic Responses to Electrical Stimulation,Zehr,Komiyama; Stein,1997,10.1152/jn.1997.77.6.3311,Human,,,,,,False,True,"Non-noxious electrical stimulation of the superficial peroneal and tibial nerves during human walking produces phase-modulated cutaneous reflexes in leg muscles and correlated kinematic corrections — superficial peroneal responses amount to a stumbling-corrective reaction during swing, while tibial responses smooth the swing leg and assist foot placement and weight acceptance at the start of stance.",,,,False
recoNlbHxaPTmt2Rs,Speed-dependent locomotor adjustments following staggered thoracic lateral hemisections in adult cats,Yassine,Audet; Lecomte; Mari,2025,10.1152/jn.00331.2025,Cat,,,,,,False,True,"Staggered thoracic lateral hemisections in cats shift the ipsilesional hindlimb from stance/extensor dominance toward swing/flexor while the contralateral limb compensates with prolonged stance and reduced swing, and forelimbs take extra steps independent of speed or lesion side — lesion signatures that reorganized sensorimotor network models must reproduce.","Combine the staggered hemisections with dorsal-root deafferentation to test how much of the ipsilesional swing/stance rebalancing and contralateral stance compensation depends on afferent feedback versus reorganized central circuits, across walking speeds.","Model staggered hemisection as unilateral loss of descending drive plus partial crossed-connection removal in a quadruped CPG; test whether ipsilesional stance shortening, contralateral stance prolongation, and extra forelimb steps emerge without retuning, and how they scale with speed.",,False
recoT9VR7NIatzV00,Left–right coordination from simple to extreme conditions during split-belt locomotion in the chronic spinal adult cat,Frigon,,2016,10.1113/JP272740,Cat,,,,,,True,True,These people make cat zombies,,,,False
recoXjlr0wJyemMrM,Biologically based distributed control and local reflexes improve rough terrain locomotion in a hexapod robot,Espenschied,Quinn; Beer; Chiel,1996,10.1016/0921-8890(96)00003-6,,,,,,,False,False,,,,,False
recogOlqxs7O9kPqp,A Synthetic Nervous System Controls a Simulated Cockroach,Rubeo,Szczecinski; Quinn,2017,10.3390/app8010006,,,,,Rubeo 2017,,True,True,"Design-process paper for synthetic nervous systems: SimRoach2, a dynamical cockroach model with antagonistic Hill-muscle joints, is controlled by a distributed SNS built from insect-known plus hypothetical pathways, with each joint's controller tuned as a proportional-integral loop by local numerical optimization — reliable low-level locomotion without global optimization.",,,,False
recopsVmxzO6xveyX,Adaptive control for backward quadrupedal walking. III. Stumbling corrective reactions and cutaneous reflex sensitivity.,Buford and Smith,,1993,10.1152/jn.1993.70.3.1102,Cat,,Cutaneous flexor excitation,,,,False,True,"In cats walking forward or backward on a treadmill, paw taps that obstruct swing evoke direction-appropriate stumbling corrective reactions — draw the limb away from the obstacle, lift it over, then reposition for stance — while stance-phase taps leave the ongoing step largely unchanged but exaggerate the next swing; mechanical taps produce far richer responses than electrical pulses, so cutaneous reflex sensitivity is structured by phase, gait direction, and stimulus modality.",,,,False
recoquDvuj5YSRUMx,V1 and V2b Interneurons Secure the Alternating Flexor-Extensor Motor Activity Mice Require for Limbed Locomotion,Zhang,Lanuza; Britz; Wang; Siembab; Velasquez; Álvarez; Frank; Goulding,2014,10.1016/j.neuron.2014.02.013,Mice,,,,,,False,True,"V1 and V2b interneurons together supply the inhibitory component that secures alternating flexor-extensor activity: removing V1/V2b-derived neurotransmission in the isolated mouse spinal cord synchronizes L2 flexor and L5 extensor rhythms, and mice lacking V1/V2b inhibition cannot articulate limb joints — identifying these two ventral inhibitory classes as core elements of the limb CPG.",,,,False
recovIoTNW4vuQZGL,Multisensory control of spinal reflex pathways.,Lundberg,,1979,10.1016/s0079-6123(08)60803-1,,,,,,,False,False,,,,,False
recp5dgFg2CMMDQAz,Forelimb movements contribute to hindlimb cutaneous reflexes during locomotion in cats,Harnie,Al Arab; Mari; Yassine,2024,10.1152/jn.00104.2024,Cat,Cutaneous,,,,,False,True,"During quadrupedal locomotion in cats, forelimb movement modulates hindlimb cutaneous reflexes evoked by superficial peroneal stimulation, particularly the occurrence of long-latency responses — evidence that interlimb (forelimb-hindlimb) signals gate spinal cutaneous reflex pathways during walking.","Externally drive forelimb movements in spinal-transected cats while stimulating the superficial peroneal nerve during hindlimb locomotion, testing whether the forelimb-dependent modulation of long-latency hindlimb reflexes survives transection and localizing the gating circuit.",Add forelimb-state-dependent gain modulation to hindlimb cutaneous reflex pathways in a quadruped neuromechanical model; ablating the modulation should remove the long-latency reflex gating present during quadrupedal walking.,,False
recp7yrg2a8E7DgyR,A physiologically inspired hybrid CPG/Reflex controller for cycling simulations that generalizes to walking,Severini and Muñoz,,2025,10.1371/journal.pcbi.1013494,,,,,Severini 2025,,True,True,"A hybrid controller pairing a Unit Burst Generator feedforward CPG with a small reflex set simulates physiological cycling across speeds and seat heights and transfers to walking after adding only a balance component, demonstrating that physiologically grounded CPG+reflex hybrids can generalize across cyclical lower-limb tasks instead of being task-specific.","Perturb the crank or seat during human cycling and compare evoked reflex responses with the controller's feedback components, validating which reflex pathways are actually engaged in steady cycling and whether the same set carries over to walking.","Implement the Unit Burst Generator plus limited reflex set on a cycling musculoskeletal model; verify generalization across speeds and seat heights, ablate the reflex component to quantify its contribution, and add the balance module to test walking transfer.",,False
recpBUWnia0FWVojx,Parallel Complementary Strategies for Implementing Biological Principles into Mobile Robots,Quinn,Nelson; Bachmann; Kingsley; Offi; Allen; Ritzmann,2003,10.1177/0278364903022003003,Cockroach,,Biomechanically mediated preflexive feedback,,,,False,True,"Two parallel robot lines — cockroach-mimicking multi-segmented legs versus abstracted one-motor-per-tripod platforms whose gait changes emerge from passive mechanisms — establish that preflexive biomechanics can implement terrain-adaptive gait switching without neural control, capturing biological locomotion principles in deployable hardware.","Test how much of the cockroach's terrain-dependent gait change survives neural silencing (anesthetized or nerve-cut preparations moving over obstacles), quantifying the preflexive-mechanical contribution that the passive robot designs posit.","Build an abstracted hexapod with passive gait-change mechanisms; lock or remove the passive degrees of freedom to measure how much terrain adaptation survives without them, isolating preflexive from neurally controlled contributions.",,False
recpHeyTiV5C1veLV,Mechanisms of adaptive interlimb coordination to sudden ground loss: a neuromusculoskeletal modeling study,Shinohara,Ambe; Kim; Mano,2025,10.1101/2025.11.11.687930,Cat,,,,Shinohara 2025,,False,True,A neuromusculoskeletal cat model with two-level half-center CPGs per hindlimb reproduces the adaptive interlimb coordination observed when spinalized cats suddenly lose ground support — without any parameter re-optimization — and nullcline analysis attributes the robustness to afferent feedback controlling the transitions between fast and slow neuronal dynamics.,"In spinalized cats trained to walk, deliver sudden ground-loss perturbations while selectively suppressing group I afferent conduction, testing the prediction that afferent control of fast-slow transitions — not re-tuned parameters — carries the adaptive interlimb response.","Implement paired two-level half-center CPGs whose fast-slow transitions are controlled by afferent feedback, tuned on flat ground only; drop the foot into a hole without re-optimization and check that adaptive interlimb coordination emerges, then analyze the transition nullclines.",,False
recpmLF4VjQIRfxJ7,V3 spinal neurons establish a robust and balanced locomotor rhythm during walking.,Zhang,Narayan; Geiman; Lanuza; Velasquez; Shanks; Akay; Dyck; Pearson; Gosgnach; Fan; Goulding,2008,10.1016/j.neuron.2008.09.027,,,,,,,True,True,"Blocking neurotransmission from excitatory V3 neurons (tetanus toxin) or acutely reducing their excitability destabilizes the locomotor rhythm, and V3 activity balances output between the two halves of the spinal cord — V3 neurons distribute excitatory drive bilaterally to keep the walking rhythm robust and left-right symmetric.","Unilateral V3 silencing would directly test the proposed bilateral drive distribution, predicting left-right rhythm asymmetry or compensatory contralateral changes that bilateral blockade cannot resolve.","Add a bilaterally projecting excitatory V3-analog population distributing drive between the two half-centers; ablating it should produce an irregular, unbalanced rhythm without abolishing locomotion entirely.",,False
recpozMUyMMicDWNu,Contribution of Sensory Feedback to the Generation of Extensor Activity During Walking in the Decerebrate Cat,Hiebert and Pearson,,1999,10.1152/jn.1999.81.2.758,Cat,,,,,,True,True,"Letting the foot step into a hole reduces knee and ankle extensor activity to roughly 70% of normal in decerebrate cats, and selectively resisting ankle extension restores it; with segmental dorsal-root sections mapped accordingly, more than half of stance-phase extensor drive is proprioceptive — a continuous load-scaled contribution that automatically matches burst intensity to external demands.","Selective inactivation of spindles versus tendon organs during stance (vibration, local anesthetic) combined with foot-in-hole trials would identify which proprioceptor class supplies the load-dependent extensor burst reinforcement.","Implement autogenic load-dependent extensor burst reinforcement during stance in a neuromechanical walker; removing ground support should cut extensor activity to about 70%, and resisting extension should restore it, directly testing the afferent share of stance drive.",,False
recpqM3xOZzQDCuEm,A genetically defined asymmetry underlies the inhibitory control of flexor–extensor locomotor movements,Britz,Zhang; Grossmann; Dyck; Kim; Dymecki; Gosgnach; Goulding,2015,10.7554/elife.04718,,,,,,,True,True,"V1 and V2b inhibitory interneurons act in opposition on flexor-extensor alternation: V1 ablation causes limb hyperflexion (V1-derived inhibition is needed for proper extension), while V2b loss causes hindlimb hyperextension and delays the stance-to-swing transition, with each class biased toward innervating flexor- versus extensor-related motoneurons.","Combine V1 or V2b ablation with deafferentation to test whether the hyperflexion/hyperextension and the delayed stance-to-swing transition persist without sensory input, separating inhibitory gating deficits from afferent compensation.","Model V1 and V2b inhibitory populations with biased flexor/extensor motoneuron innervation; ablating V2b should reproduce hyperextension plus a delayed stance-to-swing transition, and ablating V1 hyperflexion.",,False
recprNyXfPDeyM3RE,Adaptive control for backward quadrupedal walking. II. Hindlimb muscle synergies,Buford and Smith,,1990,10.1152/jn.1990.64.3.756,Cat,,,,,,False,True,"Backward walking in cats reuses the forward reciprocal synergies — flexors in swing, extensors in stance — but retunes temporal parameters and amplitudes (gastrocnemius active from midswing with ramping stance EMG, near-absent knee and ankle yield, early-ending iliopsoas with prolonged semitendinosus), indicating one direction-general circuit with task-specific reweighting.",Load and unload extensors during backward walking (as done for forward) or deafferent trained cats walking backward to quantify how much of the re-timed synergies depends on afferent feedback versus central reweighting.,"Retune only burst timing and amplitude parameters of a single CPG-synergy controller to reproduce backward-walking EMG benchmarks (LG from midswing, ramping stance EMG, absent yield), testing whether one synergy set covers both directions with temporal reweighting alone.",,False
recpyybF425zhdpCj,The special nature of human walking and its neural control,Capaday,,2002,10.1016/S0166-2236(02)02173-2,Human,,,,,,True,True,"Review paper. 
Walking the way we do is inherently unstable. Sophisticated neurological control systems are required to ensure that we progress and maintain our balance at the same time. Most of what is known about the functional organization of these neurological control systems is inferred from studies on animals. Here, I compare selected studies on the neural control of human walking with similar studies in reduced animal preparations. The simple monosynaptic reflex appears to be controlled by comparable mechanisms in walking cats and humans. However, peripheral feedback mechanisms suggested to contribute to the switch from stance to swing on the basis of experiments in reduced cat preparations have little influence during human walking. A cat whose spinal cord has been completely transected can be made to walk on a treadmill by drug injections, but such an immediate effect of pharmacological intervention is not seen in humans. However, there have been reports that pharmacological intervention can improve the walking of patients with incomplete spinal cord injury, especially when pharmacological treatment is combined with training.",,,,False
recq00NfquVrBovNZ,Fundamental contributions of the cat model to the neural control of locomotion,Frigon,,2020,10.1016/b978-0-12-816477-8.00013-2,,,,,,,False,False,,,,,False
recq4D7mpZmWJIdAz,Function of Segmental Reflexes in the Control of Stepping in Cockroaches and Cats,Pearson and Duysens,,1976,10.1007/978-1-4757-0964-3_21,,,,,,,True,False,,,,,False
recq6DG273ZA1bLrn,Frequency-dependent recruitment of V2a interneurons during fictive locomotion in the mouse spinal cord,Zhong,Sharma; Harris-Warrick,2011,10.1038/ncomms1276,Mice,,Fictive locomotion without sensory feedback,,,,True,True,V2a interneurons are dispensable for left-right coordination at low locomotor frequencies but essential at high frequencies because rhythmic synaptic drive to a subpopulation grows with cycle frequency and recruits subthreshold oscillating V2a neurons — speed-dependent recruitment within one pool rather than activation of a silent second set.,"Record identified V2a neurons in vivo across treadmill speeds to confirm the frequency-dependent recruitment seen in vitro, and test whether left-right coordination errors at high gait speeds correlate with V2a recruitment failure.",Model a V2a pool whose subthreshold units recruit as rhythmic synaptic drive grows with cycle frequency; ablating it should degrade left-right coordination only at high frequencies while sparing low-frequency alternation.,,False
recq863es8E4t9Vjx,Whisker Deafferentation and Rodent Whisking Patterns: Behavioral Evidence for a Central Pattern Generator,Gao,,2001,10.1523/jneurosci.21-14-05374.2001,Rat,,,,,,False,True,"Bilateral infraorbital nerve section in head-fixed rats leaves the generation, patterning, and bilateral coordination of whisking intact, meeting the strict sensory-independence criteria for a whisking central pattern generator; unilateral section produces only a transient bilateral increase in whisking frequency.","Locate the whisking CPG with serial transections combined with kinematic recording, or test pattern modulation after partial deafferentation using natural reafferent perturbations such as air puffs on the whiskers.","Remove all sensory feedback from a bilateral rhythmic model and verify that generation, patterning, and bilateral coordination persist — the deafferentation benchmark for CPG claims — and add a transient frequency elevation after unilateral feedback loss to match the behavioral result.",,False
recqHthZ8ieSM90NZ,"ScaFi: Length-Scalable, Compliant, Parametric Robotic Fish Design for Operation in Multiple Environmental Niches",Obayashi,,2025,10.21203/rs.3.rs-7577054/v1,,,,,,,False,True,We demonstrate the scalability of the design in three physical pro totypes that span lengths from 50 cm to over 2.5 meters.,,,,False
recqq6jrAugWJZX2m,Made-to-order spiking neuron model equipped with a multi-timescale adaptive threshold,Kobayashi,,2009,10.3389/neuro.10.009.2009,,,,,Kobayashi 2009,,True,True,"A spiking neuron model combining a nonresetting leaky integrator with a multi-timescale adaptive threshold reproduces and predicts diverse spike responses — regular spiking, intrinsic bursting, fast spiking, and chattering — with only three adaptive threshold parameters, expressing firing characteristics as a continuum rather than discrete classes at low computational cost.","Fit the three adaptive-threshold parameters to intracellular recordings of identified spinal interneurons and validate predicted responses to fluctuating current injection, testing the made-to-order claim on locomotor rather than cortical neurons.",Use the multi-timescale adaptive-threshold IF unit as a low-cost spiking neuron class in CPG networks; sweep its three parameters across regular-spiking to intrinsic-bursting regimes and measure how heterogeneous unit classes influence network rhythm properties.,,False
recr0U8rcTXuXNMvB,Embryonic assembly of a central pattern generator without sensory input,Suster,,2002,10.1038/416174a,Insects,,Fictive locomotion without sensory feedback,,,,False,True,"The Drosophila peristaltic-crawling circuitry assembles into a functional central pattern generator with no sensory input at all, but sensory information is required to integrate the circuit into actual locomotion: without afferent input, movement polarity is deranged and backward peristaltic waves predominate at the expense of forward peristalsis.","Restore individual sensory modalities in sensory-null embryos (class-specific mechanoreceptor rescue) to determine which afferent inputs re-establish forward-polarity peristalsis, identifying the polarity-determining sensory signal.","Assemble a peristaltic-crawling CPG with zero afferent feedback and verify the rhythm self-organizes; then add sensory feedback to control wave polarity, ablating it to reproduce the backward-dominant peristalsis seen without afferents.",,False
recrE9XzewFkRCTgQ,"Motor circuits in action: specification, connectivity, and function",Arber,,2012,10.1016/j.neuron.2012.05.011,Mice,,,,,Arber 2012,False,True,"Review of motor circuit assembly: specification, connectivity, and function of spinal motor circuits with a developmental-genetic lens.",,,,False
recrLp5Yn36F0aMt2,Comparative Locomotor Systems,Fouad,Bennett; Fischer; Büschges,2012,10.1002/9781118133880.hop203007,Vertebrates,,,,,Fouad 2012,True,True,"Comparative synthesis arguing that basic principles of locomotor network organization are conserved between vertebrates and invertebrates, permitting mechanistic study at multiple physiological levels; sensory signals and neuromodulatory input reconfigure network properties, and these networks reorganize in response to nervous-system injury.",Test the conserved-principles claim directly: apply the same phase-specific afferent stimulation or neuromodulatory perturbation to locomotor networks in one vertebrate and one invertebrate preparation and compare the network-level reconfiguration.,"Implement CPG networks whose properties are reconfigurable by simulated neuromodulatory and sensory inputs, then reproduce the reported reorganization after simulated injury (partial deafferentation or transection) as a benchmark for recovery mechanisms.",,False
recrOx4g9ML2vRiDP,Proprioceptive input resets central locomotor rhythm in the spinal cat.,Conway,,1987,10.1007/bf00249807,Cat,,Ib stance to swing,,,,True,True,"Extensor group I afferents have access to central rhythm generators
 >Important in reflex regulation of stepping.


Rythm generators came mainly from Golgi Tendon Organ Ib afferents for group I

Increased load of limb extensor during the stance phase enhance and prolong extensor activity while simultaneously delaying the transition to the swing phase of the step cycle.",,,,False
recrQzpJ11iuqc5eq,Learning CPG-based Biped Locomotion with a Policy Gradient Method: Application to a Humanoid Robot,Endo,,2008,10.1177/0278364907084980,Human,,,,Endo 2008,,False,True,Computational model study. Our goals in this study are to achieve CPG-based biped walking with a 3D hardware humanoid and to develop an efficient learning algorithm with CPG by reducing the dimensional- ity of the state space used for learning.,,,,False
recrlI8wmZoCqTyax,Spatiotemporal activation of lumbosacral motoneurons in the locomotor step cycle,Yakovenko,Mushahwar; VanderHorst; Holstege; Procházka,2002,10.1152/jn.00479.2001,Cat,,,,Yakovenko 2002,,True,True,"A 3-D digital reconstruction of 27 cat hindlimb motoneuron pools, modulated by compiled EMG profiles, reveals a rostrocaudal oscillation of spinal activity across the step cycle: the caudal third of the lumbosacral enlargement dominates during stance, activation shifts abruptly rostral during swing, and a transient caudal focus at the stance-swing transition coincides with retractor muscles (gracilis, posterior biceps, semimembranosus, semitendinosus) that clear the foot from the ground.","Run the designed follow-up: characterize the same spatiotemporal MN activation in a spinalized, deafferented preparation (no descending or sensory inputs) and compare with the intact pattern to isolate the CPG-internal spatiotemporal structure.","Distribute a simulated cat-scale MN pool model rostrocaudally per these digitized coordinates and phase-modulate the pools with EMG-derived profiles; test whether the rostrocaudal oscillation and the caudal stance-swing transition focus emerge, and how they degrade when sensory inputs are ablated.",,False
recrlZYjHX6nPIjO1,Renshaw cell activity and recurrent effects on motoneurons during fictive locomotion.,McCrea,Pratt; Jordan,1980,10.1152/jn.1980.44.3.475,Cat,,,,,,False,True,"During fictive locomotion in pre- and post-mammillary cats, Renshaw cells fire rhythmic bursts tied to single phases of the step cycle, and recurrent inhibitory IPSPs persist in motoneurons through all phases with amplitudes inversely correlated with motoneuron membrane potential — evidence that recurrent inhibition is phase-structured within the locomotor pattern rather than a static gain setting.",,,,False
recrqoIcYXHYUVMQy,Confluence of Active and Passive Control Mechanisms Enabling Autonomy and Terrain Adaptability for Robots in Variable Environments,Harkins,Dunbar; Boxerbaum; Bachmann; Quinn; Vaidyanathan; Burgess,2008,10.1109/wcecs.2008.25,,,Biomechanically mediated preflexive feedback,,,,False,True,"The CASE/NPS Beach Whegs robot demonstrates abstracted biological inspiration in practice: terrain-adaptive gaits emerge passively from insect-inspired mechanics, so the robot carries no gait sensors and its controller only issues speed and heading directives — evidence that morphological computation can replace explicit terrain-feedback control.","Test the passive-adaptation claim on rapid-running insects: run them across graded heterogeneous terrain after disruption of leg afferent input and quantify how much terrain adaptation survives, separating preflexive mechanics from active sensory control.","Replicate the design principle in simulation: a legged model whose passive mechanics adapt gait to terrain with all gait sensors ablated, mapping which terrain classes are handled purely preflexively and where active control becomes necessary.",,False
recsA05QaEgbSWsbo,Activity of interneurons within the L4 spinal segment of the cat during brainstem-evoked fictive locomotion,Shefchyk,McCrea; Kriellaars; Fortier; Jordan,1990,10.1007/bf00228156,Cat,II,,,,,False,True,"During MLR-evoked fictive locomotion in the decerebrate cat, midlumbar (L4) interneurons receiving group II input from quadriceps, sartorius, and pretibial flexors — and projecting to L7 motor nuclei — fired predominantly with ipsilateral flexor bursts and were less responsive to peripheral input during extension: a phase-gated group II pathway positioned to shape flexor activity.","Test the pathway's causal role by reversibly silencing the identified L4 interneurons, or their group II input, during fictive locomotion and measuring changes in flexor burst timing and in the phase gating of peripheral responsiveness.","Implement a midlumbar interneuron layer receiving group II afferent input from quadriceps, sartorius, and pretibial flexor pathways and projecting to motor nuclei, with gain reduced during extension; test its contribution to flexor burst generation in a CPG model.",,False
recsPiiKkka4Rm6qj,Neuromechanics: an integrative approach for understanding motor control.,Nishikawa et al.,,2007,10.1093/icb/icm024,,,,,,Nishikawa 2007,False,True,Manifesto for neuromechanics: understanding motor control requires the integrated nervous-system-plus-body as the unit of analysis; the intellectual case with examples across locomotion and feeding.,,,,False
recsclBnq9d1QtYU1,Sensory reweighting dynamics in human postural control,Assländer,,2014,10.1152/jn.00669.2013,Human,,,,,,False,True,Previous studies found that the contribution of each of these sensory systems changes depending on perturbations applied during stance and on environmental conditions.,,,,False
recsh3P2wKCrlSlhV,Asymmetric control of cycle period by the spinal locomotor rhythm generator in the adult cat.,Frigon and Gossard,,2009,10.1113/jphysiol.2009.176669,Cat,,Fictive locomotion without sensory feedback,,,,False,True,"In decerebrate and spinal cats, fictive locomotor cycle period varied predominantly with the extension phase while the flexion phase stayed relatively invariant; this walking-speed asymmetry (stance varies, swing constant) persisted without phasic sensory feedback, supraspinal structures, pharmacology, or sustained stimulation, establishing it as an intrinsic property of spinal CPG organization.","Quantify how extraneous factors reshape the intrinsic asymmetry: apply phasic afferent stimulation, monoaminergic drugs, or sustained drive during fictive locomotion and measure whether dominance of extension-duration control shifts.","Build a half-center CPG whose cycle period is modulated primarily through extension (stance) duration with swing duration near-invariant; verify the asymmetry survives removal of all simulated sensory feedback, then add feedback to test modulation.",,False
recsh566GLiIFvkYW,Kinesthetic Senses,Proske and Gandevia,,2018,10.1002/cphy.c170036,Human; Cat,,,,,,True,True,"The kinesthetic senses are the senses of position and movement of the body, senses we are awareof only on introspection. A method used to study kinesthesia is muscle vibration, which engagesafferents of muscle spindles to trigger illusions of movement and changed position. When vibratingelbow ﬂexors, it generates sensations of forearm extension, when vibrating extensors, sensationsof forearm ﬂexion. Vibrating the elbow joint produces no illusion. Vibrating ﬂexors and extensorstogether at the same frequency also produces no illusion, because what is perceived is the signaldifference between antagonist muscles of each arm and between arms. The size of the illusiondepends on how the muscle has been conditioned beforehand, due to a property of muscle calledthixotropy. When measuring the illusion, blindfolded subjects may carry out a matching or pointingtask. In pointing, signals from muscle spindles are less important than in matching. Afferent signalsfrom kinesthetic receptors project to areas of somatosensory cortex to generate sensations ofdetection and location. This is referred to the body model, which provides information about sizeand shape of body parts. Kinesthesia, together with vision and touch, is associated with the senseof body ownership. All three can combine or each, on its own, can generate ownership",,,,False
recsjzapLr4hhTX2T,Central Pattern Generators of the Mammalian Spinal Cord,Frigon,,2012,10.1177/1073858410396101,Mammals,,,,,Frigon 2012,True,True,"Review of mammalian spinal central pattern generators emphasizing that one spinal cord produces multiple rhythmic behaviors — walking, running, swimming, scratching — each with its own goals and demands, and discussing how spinal circuitry is organized to deliver this complexity and flexibility.",Test shared-versus-dedicated circuitry: record the same spinal interneurons during walking and scratching in the same animal to determine which elements are common across rhythmic behaviors and which are behavior-specific.,"Implement a modular CPG architecture that recombines shared rhythm- and pattern-formation elements to generate multiple distinct rhythmic output sets, testing whether one network reproduces the different behaviors' demands.",,False
rect8MScpgOSBshV2,Are muscle synergies useful for neural control?,de Rugy,,2013,10.3389/fncom.2013.00019,Human,,,,de Rugy 2013,,True,True,"Computational model study. Finally, we showed that the number of synergies required to approximate the optimal muscle pattern for an arb.",,,,False
rectFCiGCchVgj0bE,Neural Control of Walking in People with Parkinsonism,Peterson,,2016,10.1152/physiol.00034.2015,Human,,,,,Peterson 2016,False,True,"Review of neural control walking people parkinsonism. These impairments have been shown to be relatively independent (22, 41), and we postulate each depends on partially distinct neural networks.",,,,False
rectWwpvfDrrq5UfP,Simulation of Human Balance Control Using an Inverted Pendulum Model,Hilts,Szczecinski; Quinn; Hunt,2017,10.1007/978-3-319-63537-8_15,Human,,,,Hilts 2017,,True,True,"A synthetic nervous system providing proportional-derivative control of a single-joint inverted pendulum model of human balance: an ankle angular-position sensor feeds a neural network that computes the derivative of position error and applies corrective torque about the ankle, maintaining unstable equilibrium and correcting perturbations — the minimal building block for larger neuromechanical balance controllers.",,,,False
rectZLWJhnmJpn1le,Spinal Cord Pattern Generators for Locomotion,Dietz,,2003,10.1016/s1388-2457(03)00120-2,Human,,Ib stance to swing,,,,True,True,"CPG generates rhythm an shapes the pattern of bursts of motoneurons(Pg.2)

Cats with transected spinal cord and with cut dorsal roots still produce rhythmic alternating contraction in ankle flexors and extensors (Pg.2)

Basic mechanism underlying locomotion, no fundamental differences seems to exist between bipeds and quadrupeds.(Pg.2)

Differences between cats and primates may be due to increased importance of the Cortico spinal tract in primates. Additionally the gait of primates relies more on Supraspinal drive.(Pg.2)

Spinal Circuitry for locomotion might be suppressed by Supraspinal input, with the hypothesis be to free the movement of the hands and arms for locomotor movement.(Pg.3)

There are observation which indicate the neural controls of human locomotion is based on the activity of Spinal CPGs (Review Duysens and Van de Crommert,1998) (Pg. 3)

Selection of an appropriate locomotor pattern depends on a combination of CPGs and afferent inputs as well from the respective motor condition. This information is used to organize muscles synergies and meet multiple conditions of stance and gait (Review Mackay-Lyons,2002)(Pg. 3)

Backwards walking is seen to resemble the EMG-timings of hip muscles reversed in time as forward walking  (Pg. 3)

In humans powerful presynaptic inhibitory effects from flexor group 1 afferents onto extensor group 1 afferents exist, although are weak (Pg. 3)

Cortico-Spinal projections to lower limb motoneurons humans are stronger to the flexor tha",,,,False
rectaFyuIeNlLwfL4,Neural control of rhythmic limb motion is shaped by size and speed,Sutton,Szczecinski; Quinn; Chiel,2021,10.21203/rs.3.rs-153297/v1,,,,,Sutton 2021,,True,True,"Proposes a 'mechanics space' in which limb size and limb speed determine the dominant mechanical regime: inertia-dominated (large, fast limbs — muscle work becomes kinetic energy, requiring compensatory control and active damping), gravity/elastic-dominated (small, slow — compensatory control and active damping unnecessary), and viscous-dominated (small, fast — joint viscosity alone yields exclusively stable motion). Neural control strategy is thus set almost entirely by limb scale and speed.",Test the framework's predictions across scale: perturb or partially disrupt active neural control in animals whose limbs fall in different mechanics-space regions and test whether stability losses occur only in the inertia-dominated regime.,Scale a limb model through the mechanics space and vary active damping and compensatory control accordingly; verify that stability persists without active control in the elastic and viscous regimes but is lost in the inertia regime without it.,,False
rectjvVuwduCV07V1,Passive dynamics change leg mechanics for an unexpected surface during human hopping,Moritz,,2004,10.1152/japplphysiol.00393.2004,Human,,,,,,False,True,"The goal of this study was to determine the contributions of anticipation and reaction when human hoppers encounter surprise, expected, and random changes from a soft elastic surface (27 kN/m) to a hard surface (411 kN/m).",,,,False
recu9DgoUeRGnC7vX,The CPGs for Limbed Locomotion-Facts and Fiction.,Grillner and Kozlov,,2021,10.3390/ijms22115882,Mammals; Vertebrates,,,,,Grillner and Kozlov 2021,False,True,Review separating fact from fiction in limbed-locomotion CPG claims; takes a hard line on evidence quality for interneuronal and computational assertions.,,,,False
recuEbIzcBfrBmkmf,Spinal circuitry of sensorimotor control of locomotion,McCrea,,2001,10.1111/j.1469-7793.2001.0041b.x,,,,,,,True,True,"During locomotion many segmental hindlimb reflex pathways serve not only to regulate the excitability of local groups of motoneurones, but also to control the basic operation of the central pattern-generating circuitry responsible for locomotion. This is accomplished through a reorganization of reflexes that includes the suppression of reflex pathways operating at rest and the recruitment during locomotion of previously unrecognized types of spinal interneurones. In addition presynaptic inhibition of transmission from segmental afferents serves to regulate the gain of segmental reflexes and may contribute to the selection of particular reflex pathways during locomotion. The fictive locomotion preparation in adult decerebrate cats has proved to be an important tool in understanding reflex pathway reorganization. Further identification of the spinal interneurones involved in locomotor-dependent reflexes will contribute to our understanding not only of reflex pathway organization but also of the organization of the mammalian central pattern generator.",,,,False
recuGq3xm0qslYtBg,Probing the Human Spinal Locomotor Circuits by Phasic Step-Induced Feedback and by Tonic Electrical and Pharmacological Neuromodulation.,Hofstoetter,Knikou; Guertin; Minassian,2017,10.2174/1381612822666161214144655,Human,,,,,Hofstoetter 2017,False,True,"Critical review arguing that rhythmic leg-muscle activity elicited in severe spinal cord injury by assisted treadmill stepping reflects entrainment of spinal proprioceptive reflex circuits by cyclically generated proprioceptive feedback rather than central pattern generator activation, and that genuine CPG engagement requires sustained tonic excitatory drive — from electrical spinal cord stimulation or combinations of dopaminergic, adrenergic, and 5-HT pharmacology.","Dissociate the two mechanisms in a spinalized animal model: deliver tonic drive (epidural stimulation or monoamine agonists) and phasic limb movement independently and in combination, testing whether rhythmic output requires tonic drive while phasic feedback alone merely entrains reflex circuits.",Implement a lumbar circuit model with separately controlled reflex entrainment (cyclic proprioceptive input drives reflex circuits) and CPG activation (tonic excitatory drive gates rhythm generation); reproduce the dissociation and test rehabilitation-style combined stimulation.,,False
recubuLPOwWLgzond,Analyzing Modeled Torque Profiles to Understand Scale-Dependent Active Muscle Responses in the Hip Joint,Young,Chiel; Tresch; Heckman; Hunt; Quinn,2022,10.3390/biomimetics7010017,,,,,,,True,True,"A multi-muscle biomechanical model analyzed across size scales shows that constituent hip torques (inertial, passive viscoelastic) shift in relative importance with animal size, predicting that extensor and flexor activation phases invert between small and large sizes executing the same kinematic motion — a scale-dependent principle for neural control strategy consistent with documented hindlimb torque during locomotion.","Validate the predicted activation-phase inversion by recording hip extensor and flexor EMG in animals spanning large size scales performing matched kinematics, comparing observed phase relationships with the model's constituent-torque predictions.","Embed the scale-dependent torque analysis in a simulated multi-muscle limb: sweep size-scale, recompute the required extensor/flexor activation phasing, and verify the predicted phase flip and agreement with documented hindlimb torque profiles.",,False
recunBGjMXdVtTxy8,Synaptic actions on motoneurones caused by impulses in Golgi tendon organ afferents.,Eccles and Lundberg,,1957,10.1113/jphysiol.1957.sp005849,,,,,,,True,False,,,,,False
recutnIzTJ10bOQaq,A Spinal Mechanism Related to Left–Right Symmetry Reduces Cutaneous Reflex Modulation Independently of Speed During Split-Belt Locomotion,Hurteau and Frigon,,2018,10.1523/JNEUROSCI.1082-18.2018,Cat,,Cutaneous stance modification,,,,False,True,"A spinal mechanism related to left-right symmetry reduces cutaneous reflex modulation independently of speed during split-belt locomotion — symmetry detection is a distinct spinal computation, not a speed by-product.",,,,False
recv9BBYihmeI0M9x,A simple model for clock-actuated legged locomotion,Seipel,,2007,10.1134/s1560354707050048,,,,,Seipel 2007,,False,True,"The spring-loaded inverted pendulum alone cannot explain the dynamic stability of walking and running in many physically relevant parameter ranges; adding realistic hip-motor clock torques yields the clock-torqued CT-SLIP, which captures the robust stability observed in most animals and legged robots — feedforward clock-like actuation, not passive spring dynamics alone, underwrites gait stability.","Test the model's implication in animals: measure stability boundaries under systematic parameter variation (speed, effective stiffness) and test whether CT-SLIP rather than passive SLIP predicts the observed robustness.","Implement CT-SLIP (a lossy SLIP with clock-torqued hip actuation) and map its stability properties against passive SLIP across parameter ranges, using it as the whole-body center-of-mass layer for legged locomotion controllers.",,False
recvKVgv2mR9RW8Xu,The role of cutaneous afferents from the distal hindlimb in the regulation of the step cycle of thalamic cats,Duysens and Pearson,,1976,10.1007/bf00235013,Cat,,Cutaneous stance modification,,,,False,True,Cutaneous afferents from the distal hindlimb regulate the step cycle in thalamic cats: paw loading suppresses flexion during stance while stimulation can trigger and reset the cycle — load-related cutaneous feedback contributes to swing-stance transitions.,,,,False
recvgd8hFtfCEnVBO,The comparative investigation of the stick insect and cockroach models in the study of insect locomotion,Ayali,,2015,10.1016/j.cois.2015.07.004,Stick Insect; Cockroach,,,,,,True,True,"Highlights
•Stick insects and cockroaches have evolved to walk in very different environments.

•Common neural and biomechanical mechanisms facilitate comparative studies.

•Studies of both intact animals and reduced neural preparations have been instrumental.

•A common set of mathematical models enables research and comparison of key questions.

•Insights from insects inspire design of responsive, robust, and flexible bio-robots.",,,,False
recvidnnShDcajXMs,Integrative pattern of Ia synaptic actions on motoneurones of hip and knee muscles.,Eccles and Lundberg,,1958,10.1113/jphysiol.1958.sp006101,Cat,,Ia monosynaptic excitation,,,,False,True,"Classic integrative map of Ia synaptic actions on hip and knee motoneurones: Ia excitation diverges broadly to synergists and across joints, fractionated into flexor and extensor recipient pools.",,,,False
recvj2cY9DNFXQhWD,A dynamical model exploring sensory integration in the insect central complex substructures,Pickard,Quinn; Szczecinski,2020,10.1088/1748-3190/ab57b6,Insects,,,,Pickard 2020,,False,True,Dynamical model of sensory integration in insect central-complex substructures supporting navigation decisions.,,,,False
recvsl6lITN7WTHyY,The distal hindlimb musculature of the cat. Cutaneous reflexes during locomotion.,Abraham,Marks; Loeb,1985,10.1007/bf00235875,Cat,Cutaneous,Cutaneous flexor excitation,,,,False,True,"Brief electrical stimulation of cutaneous nerves during cat treadmill locomotion evoked phase-gated short-latency reflexes — inhibition of extensors and excitation of flexors, expressed only during locomotor phases in which the respective motoneuron pools were active — while longer-latency components were gated similarly but not identically, indicating partial independence from the basic locomotor drive on the pool.","Extend to fictive locomotion to test whether the phase-dependent gating of these cutaneous reflexes persists without movement-related afferent feedback, isolating central pattern control of reflex gain; and map additional distal nerves with the graphical gating technique.","Implement phase-gated cutaneous reflex pathways — flexor excitation and extensor inhibition enabled only during each pool's active locomotor phase, with separately gated late components — and test perturbation responses across the step cycle.",,False
recvuLXfmP2ns7vAO,The Implications of Force Feedback for the λ Model,Nichols and Ross,,2009,10.1007/978-0-387-77064-2_36,Cat; Mammals,,Ib excitatory; Ib inhibition,,,,True,True,"In the λ-model framework, autogenic length feedback compensates muscle nonlinearities while positive force feedback — during level cat stepping largely restricted to gastrocnemius — reinforces the stiff ankle–knee linkage; heterogenic inhibitory force feedback spans different joints and axes, so it coordinates interjoint action and shifts activation thresholds, making threshold a feedback-dependent quantity rather than a pure descending control variable.",,,,False
recw2TJ1IDuY3yEVz,Modular organization of motor behavior in the frog's spinal cord,Bizzi,,1995,10.1016/0166-2236(95)94494-p,Frog,,,,,,True,True,"First conceptualization of ""motor primitives"".",,,,False
recw5L1NKiDuwcdQY,Operation of spinal sensorimotor circuits controlling phase durations during tied-belt and split-belt locomotion after a lateral thoracic hemisection,Rybak,Shevtsova; Audet; Yassine,2025,10.7554/elife.103504,Cat,,,,,,True,True,"Combining a computational model of cat locomotion with experiments shows that after thoracic lateral hemisection the contralesional ('intact') side remains governed mainly by supraspinal drives while the ipsilesional side is dominated by somatosensory feedback; simulations correctly predicted changes in cycle and phase durations during tied-belt and split-belt locomotion, and placing the ipsilesional hindlimb on the slow belt substantially reduced the effects of hemisection.","Causally test the model's division of control by selectively deafferenting the ipsilesional hindlimb after hemisection (predicted loss of ipsilesional stepping), and by swapping belt-speed assignment to manipulate the slow-belt protective effect.","Simulate hemisection in a two-level CPG model by removing descending drive to one side; test whether ipsilesional stepping is sustained by somatosensory feedback alone, and reproduce the reduction of hemisection effects when the ipsilesional limb steps on the slow belt during split-belt locomotion.",,False
recwIiaV3T7VT6UtQ,Analyzing the Interplay Between Local CPG Activity and Sensory Signals for Inter-leg Coordination in Drosophila,Nourse,Szczecinski; Haustein; Bockemühl; Büschges; Quinn,2019,10.1007/978-3-030-24741-6_34,Insects; Arthropods,,,,,,True,True,Tibia-amputated Drosophila legs show a speed-dependent stump oscillation — the wide range of possible periods at low walking speed collapses to a minimum as speed increases — which noisy leg CPGs stabilized by intra-leg load feedback and inter-leg coordinating signals can explain; the measured data anchor a simplified neuromuscular model of inter-leg coordination.,,,,False
recwJwjGUkMcf44f6,Reversal of the influence of group Ib afferents from plantaris on activity in medial gastrocnemius muscle during locomotor activity,Pearson and Collins,,1993,10.1152/jn.1993.70.3.1009,Cat,Ib; Ia,Ib excitatory; Ib inhibition,,,,False,True,"In clonidine-treated acute and chronic spinal cats, group I stimulation of the plantaris nerve entrained the locomotor rhythm and, during locomotor activity, group Ib afferents from plantaris exerted an excitatory action on medial gastrocnemius bursts (30-50 ms latency) through the extensor half-center of the rhythm generator — reversing the inhibitory effect the same stimuli produced on tonic activity without locomotion; selective Ia activation by muscle vibration neither entrained the rhythm nor augmented the bursts.","Identify and reversibly inactivate the interneurons mediating the locomotor Ib reversal, then test extensor burst timing and rhythm entrainment under controlled plantaris loading across locomotor and non-locomotor states.","Implement state-dependent Ib feedback in a half-center CPG: autogenic inhibition at rest switching to excitation of the extensor half-center during locomotion, with rhythm entrainment by group I stimulation but not by Ia-specific input; ablate the reversal to test loss of load-dependent stance burst augmentation.",,False
recwRVXeyikVNCPwN,The significance of dynamical architecture for adaptive responses to mechanical loads during rhythmic behavior,Shaw,Lyttle; Gill; Cullins; McManus; Lu; Thomas; Chiel,2015,10.1007/s10827-014-0519-3,,,,,Shaw 2015,,True,True,"Shows that the dynamical architecture of a motor pattern generator determines how it uses sensory feedback: a nominal Aplysia swallowing model tuned near a heteroclinic channel (versus a generic limit cycle) reproduces in vivo load-induced motor changes and the dramatic slowing seen in vitro when proprioceptive feedback is removed, and matches in vivo burst-length distributions better. Argues that limit-cycle CPG models can miss key load-adaptive properties, so architecture choice constrains how sensory feedback shapes rhythm timing.","Replicate the regime-classification approach in another rhythmic system: measure burst-length distributions and responses to added load and to graded proprioceptive removal, then test whether the data favor heteroclinic-channel over limit-cycle dynamics as demonstrated for Aplysia in vitro.","Implement two CPG variants that differ only in architecture (limit cycle vs heteroclinic channel) in a neuromechanical simulation with load-dependent sensory input; compare their responses to load perturbations and to sensory ablation, checking for the predicted slowing and burst-length distribution changes.",,False
recwSMgWBZ81qXb1w,Balance Control Mediated by Vestibular Circuits Directing Limb Extension or Antagonist Muscle Co-activation,Murray,,2018,10.1016/j.celrep.2018.01.009,Mice,,,,,,False,True,"Jessell Correspondence a.murray@ucl.ac.uk (A.J.M.), tmj1@columbia.edu (T.M.J.) In Brief Murray et al.",,,,False
recwTA9Z9VV7mQ8J4,Contribution of Cutaneous Inputs From the Hindpaw to the Control of Locomotion. I. Intact Cats,Gagnon,Bouyer; Rossignol,2003,10.1152/jn.00496.2003,Cat,Cutaneous,,,,,False,True,"Bilateral hindpaw cutaneous denervation at the ankle in intact cats barely disrupts level treadmill walking but severely impairs ladder and incline walking early on; flexor EMG remains permanently elevated and mediolateral ground reaction forces increase by 200 percent, showing cutaneous feedback matters most for demanding locomotor contexts and that active adaptive mechanisms compensate without fully restoring the control pattern. The companion paper shows these same inputs become critical for foot placement after spinalization.","Combine graded cutaneous denervation with spinalization in the same animals to quantify when cutaneous input shifts from contributory to critical for foot placement, and track EMG compensation chronologically to dissect the adaptive mechanisms.","Add foot/ankle cutaneous afferent channels to a walking simulation and ablate them: the model should reproduce near-normal level walking with degraded ladder/incline behavior, persistently elevated flexor drive, and increased mediolateral ground reaction forces.",,False
recwWuRc9wprQR0Sx,"Convergent evolution and locomotion through complex terrain by insects, vertebrates and robots",Ritzmann,Quinn; Fischer,2004,10.1016/j.asd.2004.05.001,Insects; Vertebrates; Arthropods,,,,,Ritzmann 2004,True,True,"Argues from convergent evolution that insects and vertebrates independently arrived at similar neural control properties and mechanical schemes for legged locomotion, highlighting leg specialization, body flexion, and complex head-mounted sensing as critical for complex-terrain agility - features most robots of the era lacked. The design-transfer principle is selection rather than copying: pick the properties critical for the target behavior when building a robot.","Quantify the convergent properties experimentally, for example measure how restricting body flexion or ablating leg specialization changes complex-terrain traversal in insects, testing whether the convergent features are functionally critical as the convergent-evolution argument predicts.","Build legged-robot models that incrementally add leg specialization, body flexion, and head-region sensing over a homogeneous-leg rigid-body baseline, and compare complex-terrain agility to test which convergent properties carry the performance benefit.",,False
recwbmx3FzNx24bnW,Modulation of ipsi- and contralateral reflex responses in unrestrained walking cats,Duysens and Loeb,,1980,10.1152/jn.1980.44.5.1024,Cat,Cutaneous,Cutaneous flexor excitation; Cutaneous stance modification,,,,False,True,"In unrestrained walking cats, cutaneous stimulation evokes phase-modulated responses: two excitatory peaks (about 10 and 25 ms) in flexors that grow toward the end of stance, early inhibition then late excitation (P3, about 35 ms) in extensors when stimuli fall in early stance, and crossed responses in the contralateral limb at 20-25 ms. Concludes the walking cat shows modulation of transmission in a flexor-excitatory/extensor-inhibitory pathway - likely by the flexor part of the spinal locomotor oscillator - rather than strict reflex reversal, plus specialized flexor-inhibitory and extensor-excitatory routes.","Record from spinal interneurons during phase-modulated cutaneous reflexes in walking cats to locate where the locomotor oscillator gates transmission, and compare sural versus plantar stimulation sites to map the specialized flexor-inhibitory and extensor-excitatory pathways.","Implement cutaneous reflex pathways with locomotor-phase gating: flexor excitation whose gain peaks at late stance, extensor inhibition during early stance, and crossed extensor/flexor responses; ablating the phase gating tests the oscillator-modulation hypothesis versus fixed reflex reversal.",,False
recwhu776pPJWjxVz,A Dynamic Neural Network Designed Using Analytical Methods Produces Dynamic Control Properties Similar to an Analogous Classical Controller,Hilts,Szczecinski; Quinn; Hunt,2019,10.1109/lcsys.2018.2871126,,,,,Hilts 2019,,False,True,"Shows that analytically designed, biologically constrained neural controllers for bipedal balance can reproduce classical inverted-pendulum control behavior, with each neural parameter correlated to a classical control parameter: varying neural parameters changes system dynamics as classical theory predicts. Establishes a porting recipe from classical control models to compact dynamic neural architectures.","Test the parameter-to-stability mappings in human balance experiments: perturb stance and manipulate task demands, then check whether observed adaptation matches the changes predicted when the corresponding neural parameters are varied.","Use the analytical design method to port a classical bipedal balance controller to a neural network in simulation, then ablate or perturb individual neural parameters to verify each reproduces the dynamics change its correlated classical parameter predicts.",,False
recwiZvCGUWWc07KX,Spinal control of locomotion--from cat to man.,Hultborn and Nielsen,,2007,10.1111/j.1748-1716.2006.01651.x,Cat; Human; Vertebrates,,,,,Hultborn and Nielsen 2007,False,True,"Review establishing that spinal networks generate the basic locomotor rhythm across vertebrates including man, with limb sensory feedback essential for effective locomotion: sensory regulation reaches motoneurons via reflex pathways that bypass the rhythm generators and also acts on the locomotor networks themselves, controlling phase timing, shaping muscle-activity patterns, adding excitatory drive, and driving long-term adaptation - the basis for treadmill-training rehabilitation after spinal cord injury.","In spinalized preparations or spinal-cord-injury patients, dissociate the two sensory routes by stimulating limb afferents during treadmill locomotion and measuring phase-timing versus pattern changes, testing whether reflex-bypass and CPG-directed pathways can be selectively engaged for rehabilitation.","Implement both sensory routes in a locomotion model - direct reflex pathways to motoneurons plus afferent input to the rhythm generator - and ablate each separately to test their predicted contributions to phase timing, pattern shaping, and net excitatory drive.",,False
recwq2gbsgYNrthc7,Postural orientation and equilibrium: what do we need to know about neural control of balance to prevent falls?,Horak,,2006,10.1093/ageing/afl077,Human,,,,,Horak 2006,False,True,"Frames postural control as two interacting goals - orientation (active alignment of trunk and head to gravity, support surface, and visual surround) and equilibrium (movement strategies stabilizing the center of body mass) - achieved by dynamic sensorimotor processes in which the weighting of somatosensory, vestibular, and visual inputs depends on task goals and context; anticipatory postural adjustments precede voluntary limb movement, and damage to different underlying systems yields context-specific instabilities.","Test context-specific instability predictions by selectively disrupting individual sensory systems (visual, vestibular, somatosensory) or CNS subsystems during stance and perturbation tasks, mapping which postural goal and response strategy degrades for each lesion.","Implement a balance controller with task- and context-dependent weighting of somatosensory, vestibular, and visual channels plus anticipatory postural adjustments before limb movements; ablating single channels should reproduce distinct, context-specific instability signatures.",,False
recwrdSKGZ07DNAGt,The Stabilizing Properties of Foot Yaw in Human Walking,Rebula,,,10.1016/j.jbiomech.2016.11.059,Human,,,,Rebula,Rebula,False,True,"Review of stabilizing properties foot yaw human. Computational model study. We first developed a simple dynamic walking model, which shows that bipedal walking may indeed be stabilized through steering---externally rotating the foot about vertical toward the direction of lateral lean for each footfall---governed by linear feedback control.",,,,False
recx8H3sgNvo0E3rK,Using Animatlab for Neuromechanical Analysis: Linear Hill Parameter Calculation,Young,Hunt; Chiel; Quinn,2020,10.1007/978-3-030-64313-3_38,,,,,,,False,False,,,,,False
recxERwyMqbsjhdsI,"Starleth: a compliant quadrupedal robot for fast, efficient, and versatile locomotion",Hutter,,2012,10.1142/9789814415958_0062,Human,,,,Hutter 2012,,False,True,Computational model study. The work is concluded with a number of experiments that demonstrate the performance of the presented hardware and controllers.,,,,False
recxGoi3bAS1glsgD,Relative Contribution of Proprioceptive and Vestibular Sensory Systems to Locomotion: Opportunities for Discovery in the Age of Molecular Science,Akay and Murray,,2021,10.3390/ijms22031467,Cat,,Ia or II stance to swing,,,,True,True,"Hypothesis: The Weight of the role of segmental feedback is less important at slower speeds but increases at higher speeds, where as in teh vestibular system has the opposite effect

Mouse model is key tool to undertadning terrestial locmotion (Pg 1)

Vestivular feedback being critical at lower speed and somatosensory feedback is necessary at higher velocites. (Pg1)


CPG works with both sensory feedback from the leg or supraspinal center to generate locomotor patter that is able to deal with changes in terrain (Pg2)

The foot is on the ground during the stance phase and moves in the opposite direction of locomotion with respect to
the body and provides body support and propulsion. When the leg is extended to a certain degree, the foot lifts off the terrain and moves in the direction of locomotion to be placed back on the ground and start the next stance phase (Pg 2)

For animals walking is prefered at slow speeds with the left and right legs alternating with each other (Pg2)

At faster speed running is the fastest gait for bipedals where there are intervals of both legs being in the air, sprinting is not classified as a gait (Pg2)

sensory feedback during locomotion comes from the segmentalafferents that signal the current position, movement and force of the body, collectivelycalled proprioception and signals originating from the external world, referred to asexteroception (Pg 3)

Proprioceptive information is mainly transmitted by myelinated GroupIa and Group II afferents f",,,,False
recxImUtZqHMAo2HI,Functional plasticity following spinal cord lesions.,Frigon and Rossignol,,2006,10.1016/s0079-6123(06)57016-5,Cat,,,,,,False,True,"After spinal cord injury, reflex pathways caudal to the lesion are initially depressed by low motoneuron excitability and then recover — sometimes to exaggeration (spasticity) — and in spinal cats step training normalizes transmission in simple reflex pathways, suggesting that the modified afferent inflow must itself be normalized for a stable locomotor rhythm to be re-expressed.",,,,False
recxUvFneDcGWwxyd,Neuromechanical Model of Rat Hind Limb Walking with Two Layer CPGs and Muscle Synergies,Deng,Szczecinski; Arnold; Andrada; Fischer; Quinn; Hunt,2018,10.1007/978-3-319-95972-6_15,Rat,,,,Deng 2018,,False,True,Neuromechanical rat hind-limb model with two-layer CPGs and muscle synergies; extends the Hunt lab line toward synergy-level circuit models.,,,,False
recxZP6nZA4nhBNPg,Controlling swimming and crawling in a fish robot using a central pattern generator,Crespi,,2008,10.1007/s10514-007-9071-6,,,,,Crespi 2008,,False,True,"Computational model study. We present the hardware setup that was designed for the exhibition, and the type of interactions with the control system that allow visitors to inﬂuence the behavior of the robot.",,,,False
recxpMrPwyWb8Qwnf,Restoring walking after spinal cord injury.,Fouad and Pearson,,2004,10.1016/j.pneurobio.2004.04.003,Human,,,,,Fouad and Pearson 2004,False,True,"Review of walking restoration after spinal cord injury: treadmill training with partial weight support exploits spinal locomotor networks whose training-induced improvement mechanisms were revealed in animal studies; functional electrical stimulation of nerves and muscles assists stepping; and regeneration strategies promote growth of damaged axons - but no direct spinal-cord treatment is in routine use, so successful protocols will likely combine re-establishing functional connections to spinal networks with task-specific rehabilitation that shapes their motor patterns.","In animals with damaged spinal cords, test the combination the review proposes: pair a regeneration-promoting treatment with task-specific locomotor training and measure whether stepping patterns are shaped beyond what either intervention alone produces.","Model spinal locomotor networks with training-induced plasticity and FES-like activation: simulate reconnection plus task-specific shaping signals and test whether the combination, not either alone, recovers stepping, including which feedback channels the training exploits.",,False
recxpZ3eC5sebiV4S,Artificial tactile and proprioceptive feedback improves performance and confidence on object identification tasks,Schiefer,,2018,10.1371/journal.pone.0207659,Human,,,,,,True,True,Electrical nerve stimulation can restore localized tactile and proprioceptive feedback with intensity discrimination capability similar to natural sensation.,,,,False
recy03N86swxW51A9,"Intermittent control with ankle, hip, and mixed strategies during quiet standing: A theoretical proposal based on a double inverted pendulum model",Suzuki,,2012,10.1016/j.jtbi.2012.06.019,Human,,,,Suzuki 2012,,False,True,Computational model study. Here we consider a double inverted pendulum model in the sagittal plane with small passive viscoelasticity at the ankle and hip joints.,,,,False
recy0oLAVRRLclNXl,Modelling spinal circuitry involved in locomotor pattern generation: insights from deletions during fictive locomotion,Rybak,,2006,10.1113/jphysiol.2006.118703,Cat,,,,,,True,True,Rybak and McCrea. Mammalian CPG model. Fictive locomotor activity in decerebrated cats.,,,,False
recy2yJfWQt4JSz0J,Failure of Averaging in the Construction of a Conductance-Based Neuron Model,Golowasch,,2002,10.1152/jn.00412.2001,,,,,Golowasch 2002,,False,True,"A conductance-based model built from the mean maximal conductances of a population of equivalent one-spike bursters fires three action potentials per burst instead of one, because the population occupies a highly concave region of parameter space that does not contain its mean - demonstrating that averaging parameters across multiple preparations can fail to characterize a system whose behavior depends on interactions among highly variable components. A core caution for parameterizing neural models from pooled experimental data.","Measure maximal-conductance variability across identified neurons in multiple preparations and test whether behavior correlates with parameter covariation across the population rather than with any single-parameter mean, as the concave-parameter-space argument predicts.","When fitting neural or CPG models to multiple experimental recordings, select parameter sets by matching behavior rather than by averaging parameters, and always verify that the mean-parameter model reproduces the target dynamics - an explicit modeling-hygiene rule for database-driven model construction.",,False
recyFbFcjkWSlqlMU,From Swimming to Walking with a Salamander Robot Driven by a Spinal Cord Model,Ijspeert,,2007,,Salamander,,,,Ijspeert 2007,,True,False,,,,,False
recyLcXLiTOHjMQue,Neural control of locomotion,Herman,Grillner; Stein; Stuart,1976,10.1007/978-1-4757-0964-3,,,,,,,False,True,"Landmark edited volume (Advances in Behavioral Biology, v. 18) consolidating the study of locomotor control across systems: human gait, cat hindlimb locomotion, arthropod walking, fish swimming, tetrapod gaits, and robot locomotion, together with descending control of spinal circuits, the central generation of locomotion (Edgerton, Grillner, Sjostrom and Zangger), and interlimb phase control (Stein).",,,,False
recyRnIe8WN35qmqC,Effects of stimulation of hindlimb flexor group II afferents during fictive locomotion in the cat,Perreault,,1995,,Cat,,Ia or II stance to swing; type II excitatory,,,,True,True,Excitatory input to flexor type II afferent.,,,,False
recyWbN0VMRB86b0W,"Spinal reflexes, mechanisms and concepts: from Eccles to Lundberg and beyond.",Hultborn,,2006,10.1016/j.pneurobio.2006.04.001,Cat,Ia; II; Ib; Flexor reflex afferents,,,,Hultborn 2006,False,True,"Historical review of Eccles' intracellular recordings defining five classical spinal reflex systems - recurrent inhibition of motoneurons via motor axon collaterals and Renshaw cells, pathways from muscle spindles and Golgi tendon organs, presynaptic inhibition, and the flexor reflex - and of Lundberg's demonstration that spinal interneurons converge segmental sensory afferents with descending pathways, the keystone for modern hypotheses of spinal motor control later tested in behaving animals and non-invasively in humans.","Directly record genetically identified spinal interneurons in behaving animals during natural movements to test the functional roles of the Eccles-Lundberg reflex circuits, and examine plasticity of these pathways during motor learning and neurorehabilitation.","Implement the classical circuit library - Renshaw recurrent inhibition, spindle and tendon-organ reflex pathways, presynaptic inhibition, flexor reflex - as separable modules in a spinal network model, ablating each to quantify its contribution to motor output.",,False
recyaLy0ToIQpfrnw,Functional subdivision of feline spinal interneurons in reflex pathways from group Ib and II muscle afferents; an update.,Jankowska and Edgley,,2010,10.1111/j.1460-9568.2010.07354.x,Cat; Mammals,Ib; II,,,,Jankowska and Edgley 2010,True,True,"Reassesses the subdivision of adult mammalian spinal intermediate-zone interneurons and finds no compelling reason to separate those with group Ib input from those co-excited by group II afferents: distributed input patterns, projection targets (ipsilateral, contralateral, bilateral), excitatory versus inhibitory identity, and task-dependent reflex changes during locomotion are all consistent with shared premotor interneurons integrating group I and II signals - prompting the proposed renaming to group I/II interneurons.","Record identified intermediate-zone interneurons during locomotion and test whether individual neurons integrate convergent group I and II input with task-dependent output changes, the key prediction of the merged group I/II population proposal.","Replace separate Ib and II reflex channels in a locomotion model with a single premotor interneuron population receiving convergent group I and II input, and test whether the merged population reproduces the task-dependent reflex modulation and reversals seen during locomotion.",,False
recyqCjQ3Ha4n9k1r,On the initiation of the swing phase of locomotion in chronic spinal cats.,Grillner and Rossignol,,1978,10.1016/0006-8993(78)90973-3,Cat,,,,,,False,True,"In chronic spinal cats walking on a treadmill, a limb held by the paw lifts off and rejoins walking once the hip is brought far enough back, at a hip angle very close to that of normal swing initiation, and lift-off also tends to occur at particular contralateral cycle phases. Establishes hip position and contralateral step-cycle phase as two key factors determining swing initiation, i.e., the stance-to-swing transition is regulated by proprioceptive and interlimb signals rather than a fixed internal clock.","Block or manipulate hip-joint afferent signals during locomotion in spinal cats and mechanically vary the contralateral cycle phase to dissociate the two swing-initiation factors, testing whether either alone suffices to trigger lift-off.","Implement swing initiation in a walking model as a hip-extension position threshold gated by contralateral cycle phase; ablating the hip-position input should delay or prevent swing onset, reproducing the held-paw behavior.",,False
recz1Rd5e3MeAx9N7,Force-sensitive afferents recruited during stance encode sensory depression in the contralateral swinging limb during locomotion.,Hochman,Hayes; Speigel; Colton; Chang,2013,10.1111/nyas.12055,Rat,,Ib contralateral inhibition,,,,True,True,"Review with new data in the in vitro neonatal rat spinal cord-hindlimb (SCHIP) preparation arguing that contralateral stance-phase force feedback evokes powerful primary afferent depolarization (PAD)-mediated presynaptic inhibition of the swinging limb's own afferents — load in the stance limb sets the sensory gain of the contralateral limb during swing, a mechanism the authors call possibly the most pivotal mechanosensory event of alternating gait. The paper's section 'role of sensory feedback during locomotion' catalogs further afferent rules (sensory timing of flexor drive, load regulation of extensor amplitude) with citations — a rich source for this database's feedback entries.",,,,False
recz45EOs5F1ttdpq,Inhibition and Facilitation of the Spinal Locomotor Central Pattern Generator and Reflex Circuits by Somatosensory Feedback From the Lumbar and Perineal Regions After Spinal Cord Injury.,Merlet,Harnie; Frigon,2021,10.3389/fnins.2021.720542,Cat; Mammals,Cutaneous,,,,Merlet 2021,True,True,"Review showing that in mammals with complete spinal cord injury, somatosensory input from the lumbar region powerfully inhibits hindlimb locomotion while perineal input facilitates it, and the two regions oppositely regulate cutaneous reflexes from the foot (lumbar input increases reflex gain, perineal input decreases it); spinal cord injury can also cause loss of functional specificity, with somatosensory feedback abnormally co-activating functions such as locomotion and micturition.","In spinalized cats, stimulate lumbar versus perineal regions during locomotion while recording locomotor output and foot cutaneous reflexes, testing the opposite inhibitory/facilitatory CPG effects and reflex-gain modulation, and probing for pathological loss of functional specificity.","Add region-specific somatosensory gating to a spinal locomotor model: lumbar input inhibits and perineal input facilitates the CPG, with opposite modulation of cutaneous reflex gain; simulating complete spinal-cord injury then tests emergence of maladaptive co-activation of locomotion with other spinal functions.",,False
recz4jiOLNrm1PACf,Postnatal Phenotype and Localization of Spinal Cord V1 Derived Interneurons,Álvarez,Jonas; Sapir; Hartley; Berrocal; Geiman; Todd; Goulding,2005,10.1002/cne.20711,Mice,Ia,,,,,True,True,"Fate-mapping shows mouse V1-derived interneurons develop into ipsilaterally projecting inhibitory cells (over 80 percent glycinergic varicosities, a third GABAergic, none glutamatergic or cholinergic) comprising Renshaw cells (9 percent), parvalbumin-only group 4 proprioceptive interneurons contacted by primary sensory afferents (27 percent), and a ventral subgroup resembling Ia inhibitory interneurons that receives convergent Renshaw cell input (13 percent); V1 axons never cross the midline.",Silence or ablate specific V1-derived subgroups (Renshaw cells versus group 4 proprioceptive interneurons versus IaIN-like cells) in mice and measure the resulting reflex and locomotor changes to assign function to each developmental class.,"Constrain spinal reflex circuitry in models so Renshaw cells, Ia inhibitory interneurons, and other proprioceptive interneurons derive from one ipsilateral inhibitory V1 lineage with convergent Renshaw-to-IaIN connections; ablating the lineage predicts which reflex components fail together.",,False
reczDMiw4JMSG575R,Multiple modes of electrical activities in a new neuron model under electromagnetic radiation,Lv,,2016,10.1016/j.neucom.2016.05.004,,,,,,,False,False,,,,,False
reczL4EbyE74vOA9m,Formation of the central pattern generator for locomotion in the rat and mouse,Nishimaru,,2000,10.1016/s0361-9230(00)00399-3,Mice; Rat,,,,,Nishimaru 2000,False,True,"Review of formation central pattern generator locomotion. In the prenatal period in the rat, alternation between the left and right ventral roots is established between embryonic day (E) 16.5 and E18.5.",,,,False
reczLE9Hbbjz1dwyz,A computational model of insect campaniform sensilla predicts encoding of forces during walking.,Szczecinski,Dallmann; Quinn; Zill,2021,10.1088/1748-3190/ac1ced,Insects; Cockroach; Stick Insect,Mechanosensory,,,Szczecinski 2021,,True,True,"A phenomenological model of insect campaniform sensilla predicts afferent discharge as proportional to instantaneous stimulus force relative to an adaptive variable: nonlinear first-order dynamics reproduce power-law adaptation, rate sensitivity, and hysteresis as manifestations of a single mechanism, generalize across cockroach and stick insect sensillum groups after tuning to one response, and can be inverted to estimate stimulus force from recorded discharge - a compact transducer law for load feedback during walking.","Record campaniform sensillum afferents during imposed force ramps, steps, and cyclic loads and test the model's predictions - single-response tuning generalizing to all stimuli and the shared adaptive-variable origin of adaptation, rate sensitivity, and hysteresis - and validate the inverted force estimation against measured loads.","Use the adaptive-variable campaniform model as the force-feedback transducer in a walking simulation or robot leg, and ablate the adaptive variable to test how tonic-force adaptation, rate sensitivity, and hysteresis each shape load-dependent motor control.",,False
reczdowWSYeV0JqxR,Responses of Golgi tendon organs to active contractions of the soleus muscle of the cat.,Houk,,1967,10.1152/jn.1967.30.3.466,Cat,,,,,,False,True,"RESPONSES OF GOLGI TENDON ORGANS TO ACTIVE CONTRACTIONS OF THE SOLEUS MUSCLE OF THE CAT1 JAMES HOUK2 AND ELWOOD HENNEMAN Department of Physiolog-y, Harvard Medical School, Boston, Massachusetts (Received for publication July 29, 1966) WHEN A MUSCLE CONTRACTS it develops forces which are applied directly...",,,,False
reczqkTGMQnJmFpia,Motoneurons have different membrane resistance during fictive scratching and weight support.,Perreault,,2002,10.1523/jneurosci.22-18-08259.2002,Cat,,,,,,False,True,Motoneuron membrane resistance differs between fictive scratching and weight support; motor state changes motoneuron conductance and therefore the gain of synaptic inputs — the same afferent signal has state-dependent effects.,,,,False
recztxqk0gCODWFgl,Vibration-Induced Changes in EMG During Human Locomotion,Verschueren,Swinnen; Desloovere; Duysens,2003,10.1152/jn.00863.2002,Human,Ia,Ia stance to swing,,,,True,True,"Continuous tendon vibration during blindfolded walking enhanced the EMG of quadriceps femoris and biceps femoris (mainly in stance) and quadriceps vibration advanced the onset of tibialis anterior within the gait cycle, while vibration of ankle and hip muscles had no significant amplitude effect - implicating Ia afferent input in stance-phase muscle activation and in a limited role in triggering phase transitions (stance to swing) during human locomotion.","Localize the phase-transition effect spinal-versus-supraspinal: apply tendon vibration in spinal-cord-injured persons or under pharmacologically altered reflex states, and combine vibration with hip-joint positioning to test whether the Ia timing signal interacts with hip-position gating of swing initiation.",Implement Ia input as an amplitude contribution to stance-phase muscle activation plus a weak phase-transition trigger term driven by knee-extensor Ia activity; ablating the timing term should remove the advanced dorsiflexor onset while leaving the stance EMG enhancement intact.,,False
reczvPaUJrVXapwLB,The locomotion of the low spinal cat. I. Coordination within a hindlimb.,Forssberg,Grillner; Halbertsma,1980,10.1111/j.1748-1716.1980.tb06533.x,Cat,,,,,,False,True,The low spinal cat walks with coordinated hindlimb bursts: spinal locomotion is possible below transection and is shaped by afferent input — foundation for spinal locomotion training concepts.,,,,False
rec0NooJ72wQsrPsZ,Biomechanics of fast-start swimming in fish,Wakeling,,2001,10.1016/s1095-6433(01)00461-5,Human,,,,,Wakeling 2001,False,True,"Review of biomechanics fast-start swimming fish. However, close examination reveals that propulsion occurs even during the initial phase of body bending.",,,,True
rec1wae5IFa5E0TA7,Ankleextensor groupIafferents excite extensors throughout thehindlimb during fictive locomotion inthecat,Guertin,Angel; Perreault; McCrea,2011,,,,,,,,False,False,,,,prune-candidate,True
rec2FWsbPOP67VY96,Nitride-Based Materials for Flexible MEMS Tactile and Flow Sensors in Robotics,Abels,,2017,10.3390/s17051080,,,,,,Abels 2017,False,True,Review of nitride-based materials flexible mems tactile flow. We present a review of technological platforms based on nitride materials (aluminum nitride and silicon nitride) for the microfabrication of a class of ﬂexible micro-electro-mechanical systems.,,,,True
rec2LGJaT2IS5CkEM,How Fish Power Swimming,Rome,,1993,10.1126/science.8332898,Vertebrates,,,,,,False,True,Isolated red muscle bundles driven through the in vivo length changes and stimulation patterns of steady swimming showed that most swimming power comes from posterior musculature while the anterior mainly transmits force - the opposite of the prevailing assumption - and that contractile properties are regionally tuned along the body to enhance power production.,Apply the isolated work-loop paradigm at multiple body locations in additional species to map regional power generation versus force transmission along the musculature.,"In undulatory swimmer models, assign posterior-dominant power production with rostral force transmission and regionally tuned contractile properties instead of uniform actuation, and quantify the effect on swimming performance.",,True
rec3HghAPeu0ml7s9,Hybrid terrain-adaptive lower-extremity systems,Herr,Casler; Han,2009,,,,,,,,False,False,,,,prune-candidate,True
rec4ilH82EGchz0uJ,Method for using a model-based controller for a robotic leg,Herr,Geyer; Eilenberg,2016,,,,,,,,False,False,,,,prune-candidate,True
rec7I2DYb4ZhTeZx0,The functional role of triceps during human locomotion,Honeine,,2013,,,,,,,,False,False,,,,prune-candidate,True
recA4HmDuT0BOWyjC,Multilayer feedforward networks are universal approximators,Hornik,,1989,10.1016/0893-6080(89)90020-8,,,,,,,False,True,"Deep Learning: “Multilayer feedforward networks are universal approximators” (Hornik, 1989) 2.",,,,True
recAChnKIPJQQ8OgE,"Prosthetic, orthotic or exoskeleton device",Herr,Han; Barnhart; Casler,2013,,,,,,,,False,False,,,,prune-candidate,True
recBhbcDEAqAib5Cf,Controlling torque in a prosthesis or orthosis,Herr,Casler; Han; Barnhart; Girzon; Garlow,2011,,,,,,,,False,False,,,,prune-candidate,True
recCrC21uprOifXmL,The gust-mitigating potential of flapping wings,Fisher,,2016,10.1088/1748-3190/11/4/046010,Insects,,,,Fisher 2016,Fisher 2016,False,True,"Review of gust-mitigating potential flapping wings. Computational model study. In this study, we subject a mechanicalﬂapping wing to replicated atmospheric turbulence across a range ofﬂapping frequencies and turbulence intensities.",,,,True
recCrJ7qissfONJjz,Sensor-rich feedback control: a new paradigm for flight control inspired by insect agility,Zbikowski,,2004,10.1109/mim.2004.1337909,Human; Insects,,,,,,False,True,"1094-6969/04/$20.00©2004IEEE T he effort to design and build a micro air vehicle (MAV) with insect-like flapping wings has led to a surprising new development in flight control, which will accord miniature sensors a central role.",,,,True
recEHAlX6s2Ay8Zsi,Control of a hexapod robot using a biologically inspired neural network,Quinn and Espenschied,,1993,,,,,,,,False,False,,,,prune-candidate,True
recEO2Pd4Cy8iKeYM,Development and Flight Testing of a Turbulence Mitigation System for Micro Air Vehicles,Mohamed,,2016,10.1002/rob.21626,Vertebrates,,,,,,False,True,Development and Flight Testing of a Turbulence Mitigation System for Micro Air Vehicles •••••••••••••••••••••••••••••••••••• A.,,,,True
recEZ3lmr5vzzWXac,Tactile Sensing in Insects,Dürr and Krause,,2014,,,,,,,,False,False,,,,prune-candidate,True
recFqSV9WOXZsTiV9,Sensory Feedback and Central Neuronal Interactions in Mouse Locomotion,Molkov,Yu; Ausborn; Bouvier; Danner; Rybak,2023,10.1101/2023.10.31.564886,Mice,,,,Molkov 2023,,True,True,"bioRxiv preprint of the same mouse-locomotion model paper as the published Royal Society Open Science version, which is curated in this corpus as recCjTyA6Mz9tHw0G: four per-limb state-machine rhythm generators with limb load, extension, and balance feedback, dissociating sensory feedback from central propriospinal interactions in speed-dependent gait expression and predicting that postural imbalance feedback controls swing-to-stance transitions and walking direction. The scientific summary should be cited from the published record recCjTyA6Mz9tHw0G; this preprint entry is retained for deduplication only.","Perturb limb loading or balance (lateral support shifts, single-limb loading) at defined speeds in walking mice and measure inter-limb phase and swing-to-stance timing to test whether transition timing shifts as the model predicts.","Implement four per-limb rhythm generators with load-, extension-, and balance-driven state transitions; ablate the balance signal to test for destabilized swing-to-stance transitions and wandering direction, and ablate propriospinal inter-limb coupling to reproduce speed-dependent gait changes.",prune-candidate,True
recGKVBie7mDU3cny,Influence of Large-Scale Freestream Turbulence on the Performance of a Thin Airfoil,Ravi,,2012,10.2514/1.j051640,Human,,,,,,False,True,Freestream turbulence present within the atmospheric boundary layer can generally be characterized in terms of its intensity and integral length scale.,,,,True
recGh9JducyMI73Jk,Aerodynamic Sensing for a Fixed Wing UAS Operating at High Angles of Attack,Yeo,,2012,10.2514/6.2012-4416,,,,,,,False,True,This paper describes the ongoing development of a pressure - based aerodynamic data system for a fixed wing UAS operating at high angles of attack .,,,,True
recHvBzfe0ynV9oj6,LOCOMOTION CHARACTERIZATION OF DCC AND NCK2 MUTANT MICE,Li,,2019,,,,,,,,False,False,,,,prune-candidate,True
recI4Ce5JAW7KMuFZ,A Gradient Rule for the Plasticity of a Neuron’s Intrinsic Excitability,Hutchison,,2005,10.1007/11550822_11,,,,,Hutchison 2005,,False,True,"Computational model study. In simulations, we show that the rule works eﬃciently.",,,,True
recIoqMm5pjzrrBkv,Deep learning,LeCun,,2015,10.1038/nature14539,,,,,,,False,True,"3Department of Computer Science and Operations Research Université de Montréal, Pavillon André-Aisenstadt, PO Box 6128 Centre-Ville STN Montréal, Quebec H3C 3J7, Canada.",,,,True
recJS9aPjOb9dZHJT,Bio-inspired Distributed Strain and Airflow Sensing for Small Unmanned Air Vehicle Flight Control,Araujo-Estrada,,2017,10.2514/6.2017-1487,Insects,,,,,,False,True,These results suggest that distributed mechanosensing and airﬂow sensin g both oﬀer advantages beyond traditional ﬂight control based on rigid body state estimat ion using inertial sensing.,,,,True
recK0c5jhXlSJghSr,Neuromechanical model of rat hind limb walking with two layer CPGs,Deng,,2019,,Rat,,,Hunt 2015; Hunt 2017,,,True,False,,,,prune-candidate,True
recKWU44ay1q4m05I,The attitude control of fixed-wing MAVS in turbulent environments,Mohamed,,2014,10.1016/j.paerosci.2013.12.003,,,,,,Mohamed 2014,False,True,Review of attitude control fixed-wing mavs turbulent. Assessment of this system ’s performance needs to be viewed in relation to the MAVs ’unique constraints.,,,,True
recKrFfANTbQINdOL,Review article (Part 2) Neural control of locomotion: sensory control of the central pattern generator and its relation to treadmill training,Van de Crommert,Mulder; Duysens,1998,,,,,,,,False,False,,,,prune-candidate,True
recKspp5Tcc7H6qme,comparison study hindlimb control during fictive and real locomotion: a Motoneuronal and muscle synergies involved in cat,Lemay,Prilutsky; Rybak,2012,,,,,,,,False,False,,,,prune-candidate,True
recL93rbPcVxQs1Ps,Transient Loads Occurring over a Thin Airfoil Subjected to Large-Scale Freestream Turbulence,Ravi,,2013,10.2514/1.j052142,Human,,,,,,False,True,"The individual influence of turbulence intensity and integral length scale on the transient lift, pressure drag, pitching and rolling moments experienced by the airfoil was identified from these representative turbulence conditions.",,,,True
recMnOlQ5lFStwExZ,Parallel compliance design for increasing robustness and efficiency in legged locomotion - theoretical background and applications,AhmadSharbafi,,2020,10.1109/tmech.2020.3019686,,,,,,,False,True,"Extends concurrent design of walking controllers and parallel mechanical compliance (EHPC with fewer assumptions; CPC generalized beyond hybrid zero dynamics) with Lyapunov, boundedness, and input-to-state-stability robustness analysis, a step-by-step compass-gait design with MATLAB code, and hopper-robot experiments using pneumatic artificial muscles as tunable parallel compliance - a systematic route to co-designing actuator compliance and control for robust, efficient legged locomotion.",,"Co-design parallel compliance (e.g., pneumatic artificial muscles acting as tunable springs alongside the controller) with the walking controller using the EHPC/CPC procedure on a compass-gait model, and quantify robustness and energy gains versus controller-only designs.",,True
recMnjkcYd6wv6uzj,Mechanical control of swimming speed: stiffness and axial wave form in undulating fish models,McHenry,,1995,10.1242/jeb.198.11.2293,,,,,,,False,True,The goals of this study were to determine how these axial wave variables interact mechanically and how they may be altered by changes in the mechanical properties of the body to control swimming speed.,,,,True
recN9kiunt74m8TRO,A low-cost GPS/inertial attitude heading reference system (AHRS) for general aviation applications,Gebre-Egziabher,,1998,10.1109/plans.1998.670207,,,,,,,False,True,An inexpensive Attitude Heading Reference System (AHRS) for General Aviation applications is developed by fusing low cost ($20 - $1000) automotive grade inertial sensors with GPS.,,,,True
recNeQ9irdS3YlPuD,Activity of bifunctional motoneurons during fictive locomotion: a computational modeling study,Hamade,,2010,,,,,,,,False,False,,,,prune-candidate,True
recOJxof09kMeLubS,An air flow sensor modeled on wind receptor hairs of insects,Ozaki,,2000,10.1109/memsys.2000.838573,Insects,,,,,,False,True,A new conceptual air flow sensor modeled on wind- receptor hairs of insects which can detect low velocity air flow is demonstrated.,,,,True
recOlyTtcCbf5pZL8,On the organization of the locomotor CPG: insights from split-belt locomotion and mathematical modeling,Latash,,2020,10.1101/2020.07.17.205351,Cat,,,,Latash 2020,Latash 2020,False,True,"Review of organization locomotor cpg: insights. Computational model study. We suggest that the operation of RGs is state -dependent, so that with an increase of external excitation the rhythmogen esis changes from “flexor-driven” oscillations to a “classical half-center” mechanism.",,,prune-candidate,True
recOtACvWG7UBTJCN,Muscle power production during intermittent swimming in bluegill sunfish,Coughlin,,2023,10.1002/jez.2751,,,,,,,False,True,"For instance, bluegill sunfish have recently been shown to employ intermittent swimming in nature and in laboratory conditions.",,,,True
recPDEubuXGZpPusW,the Spontaneously Locomoting Premammillary Cat Heterogenic Feedback Between Hindlimb Extensors in,Ross and Nichols,,2013,,,,,,,,False,False,,,,prune-candidate,True
recQyzVSZr7RtOUvr,Fish swimming: patterns in muscle function,Altringham,,1999,10.1242/jeb.202.23.3397,,,,,Altringham 1999,Altringham 1999,False,True,"Review of fish swimming: patterns muscle function. Computational model study. However, several features are common to most species, and future work may reveal patterns that will lead to a more integrated view of ﬁsh swimming.",,,,True
recSpMH8YzrBr84sG,"Towards Autonomous MAV Soaring in Cities: CFD Simulation, EFD Measurement and Flight Trials",Watkins,,2015,10.1260/1756-8293.7.4.441,,,,,Watkins 2015,,False,True,Computational model study. Good agreement was found with the wind-tunnel results.,,,,True
recTlsVqSC8Q0Jt70,Reynolds averaged turbulence modelling using deep neural networks with embedded invariance,Ling,,2016,10.1017/jfm.2016.615,Human,,,,Ling 2016,,True,True,Computational model study. A novel neural network architecture is proposed which uses a multiplicative layer with an invariant tensor basis to embed Galilean invariance into the predicted anisotropy tensor.,,,,True
recTmE3sSzDn8KuCo,Red muscle activity in bluegill sunfish Lepomis macrochirus during forward accelerations,Schwalbe,,2019,10.1038/s41598-019-44409-7,,,,,,,True,True,"We suggest that during impulsive movements, flexible organisms like fishes can use their muscles not only to generate propulsive power but to tune the effective mechanical properties of their bodies, increasing performance during rapid movements and maintaining flexibility for slow, steady movements.",,,,True
recVR50O3JUPELXyW,Bio-inspired knee joint mechanism for a hydraulic quadruped robot,Khan,,2015,10.1109/icara.2015.7081168,Human,,,,,,False,True,"In this paper, we focus on the knee joint and propose the adaptation and optimization of the so-called isogram mechanism.",,,,True
recVWdOYkr9BABcFS,Powered artificial knee with agonist-antagonist actuation,Herr,Martinez-Villalpando; Weber,2010,,,,,,,,False,False,,,,prune-candidate,True
recW1H5x8SWtYa1gS,Mechanisms of Left-Right Coordination in Mammalian Locomotor Pattern Generation Circuits: A Mathematical Modeling View,Molkov,Bacak; Talpalar; Rybak,2015,,,,,,,,False,False,,,,prune-candidate,True
recWd1hdOfsClqni0,Recent advances in physical reservoir computing: A review,Tanaka,,2019,10.1016/j.neunet.2019.03.005,,,,,,Tanaka 2019,True,True,"Review of recent advances physical reservoir computing: review. We discuss the current issues and perspectives related to physical reservoir computing, inordertofurtherexpanditspracticalapplicationsanddevelopnext-generationmachinelearning systems.",,,,True
recWtHdlsrhrRRnXz,in intact adult cats interlimb coordination during quadrupedal locomotion step-by-step basis and its impact on the consistency of Speed-dependent modulation of phase variations on a,Frigon,D’Angelo; Thibaudier; Hurteau; Telonio; Kuczynski; Dambreville,2014,,,,,,,,False,False,,,,prune-candidate,True
recYBjPbbYSE2WgdH,Myotomal Muscle Function at Different Locations in the Body of a Swimming Fish,Altringham,,1993,10.1242/jeb.182.1.191,,,,,,,False,True,"In the ﬁsh, phase differences between caudally travelling waves of muscle activation and ﬁsh bending suggest a change in muscle function along the body.",,,,True
recZ1qPrgoxVbic8M,The stride cycle of the cat: the modelling of locomotion by computerized analysis of automatic recordings.,Halbertsma,,1983,,,,,,,,False,False,,,,prune-candidate,True
recZOVbsy99bqVs8D,Math Modeling of Interlimb Coordination in Cat Locomotion,Latash,,2020,,,,,,,,False,False,,,,prune-candidate,True
recaZssD04YrPVWVp,Actions from group II muscle afferents during fictive locomotion are not mediated through the short latency flexion reflex pathways,Perreault,Guertin; McCrea,1995,,,,,,,,False,False,,,,prune-candidate,True
recarXavQvr9qVGQ6,Effects ofstimulation ofhindlimb flexor groupIIafferents during fictive locomotion inthecat,Perreault,Angel; Guertin; McCrea,2011,,,,,,,,False,False,,,,prune-candidate,True
recbEFSrkhmkQiXhA,"Sensory Coupled Action Switching Modules Generate Robust, Adaptive Stepping in Legged Robots",Lewinger,Rutter; Bluemel; Bueschges; Quinn,2006,,,,,,,,False,False,,,,prune-candidate,True
recbVqldi5Syu9R8v,The dominant role of the hip in multijoint reflex responses in human spinal cord injury,Onushko,,2011,,,,,,,,False,False,,,,prune-candidate,True
recbeg1fqb2NiVfRr,Flow field sensing with bio-inspired artificial hair cell arrays,Sarlo,,2016,10.1016/j.snb.2016.05.091,,,,,,,False,True,"Inspired by this principle, an artiﬁcial hair cell (AHC) sensory method based on bio-membrane transducers is developed for airﬂow sensing.",,,,True
recbgZ8NQ9kpniSHd,Unveiling the role of plasticity rules in reservoir computing,Morales,,2021,10.1016/j.neucom.2020.05.127,,,,,Morales 2021,,True,True,"Computational model study. Testing on nonlinear time series prediction tasks, we show evidence that improved performance in all plastic models are linked to a decrease of the pair-wise correlations in the reservoir, as well as a signiﬁcant increase of individual neurons ability to separate similar inputs in their...",,,,True
reccPx0Fy5KhQ5eP7,Design and Characterization of Artificial Haircell Sensor for Flow Sensing With Ultrahigh Velocity and Angular Sensitivity,Chen,,2007,10.1109/jmems.2007.902436,Human; Insects,,,,,,False,True,"Engel, Member, IEEE, Yingchen Yang, Saunvit Pandya, and Chang Liu Abstract—We report the development of an artiﬁcial haircell (AHC) sensor with design inspired by biological haircells.",,,,True
recdUdvXuc5Fp6Qjd,Echo state networks regulated by local intrinsic plasticity rules for regression,Wang,,2019,10.1016/j.neucom.2019.03.032,,,,,,Wang 2019,False,True,"Review of echo state networks regulated local intrinsic plasticity. In this paper, we present an echo state network (ESN) with local intrinsic plasticity rule built by different reservoir neurons which can adopt the intrinsic plasticity rule with different rule parameters to adjust its intrinsic excitability.",,,,True
receKznRVOjGovl5x,PSO-based single multiplicative neuron model for time series prediction,Zhao,,2009,10.1016/j.eswa.2008.01.061,,,,,,,False,False,,,,,True
receunfNmjwzp7QH4,Variable-mechanical-impedance artificial legs,Herr,,2015,,,,,,,,False,False,,,,prune-candidate,True
recfOzo8DPOvRNrjE,The Circuitry of the Human Spinal Cord: Spinal and Corticospinal Mechanisms of Movement,Pierrot-Deseilligny and Burke,,2012,,,,,,,,False,False,,,,prune-candidate,True
recfqPkdLRcChf2pV,"Ankle Extensor EMG Patterns Quantification of Muscle Load, Length Change, and Mechanics of Slope Walking in the Cat:",Gregor,Smith; Prilutsky,2015,,,,,,,,False,False,,,,prune-candidate,True
recg4V4p9GonZaJLl,Improving the Prediction Accuracy of Echo State Neural Networks by Anti-Oja’s Learning,Hutchison,,2007,10.1007/978-3-540-74690-4_3,,,,,,,False,True,This regu- lar adaptation of Echo State neural networks was optimized by updat- ing the weights of the dynamic reservoir with Anti-Oja’s learning.,,,,True
rechTHQccrpqOFCvZ,From Biological Cilia to Artificial Flow Sensors: Biomimetic Soft Polymer Nanosensors with High Sensing Performance,Asadnia,,2016,10.1038/srep32955,,,,,,,True,True,"Corey4 & Michael Triantafyllou3,6 We report the development of a new class of miniature all-polymer flow sensors that closely mimic the intricate morphology of the mechanosensory ciliary bundles in biological hair cells.",,,,True
reciFqvohHlanDz5u,Descending and Local Network Interactions Control Adaptive Locomotion,Ritzmann,Quinn; Willis,2014,,,,,,,,False,False,,,,prune-candidate,True
reciNQ3TnzY319Do1,Force related afferent feedback to the triceps surae locomotor activity during human walking,Klint,,2009,,,,,,,,False,False,,,,prune-candidate,True
recivoYeeEPf3AGJ9,"Muscles, Elastic Energy, and the Dynamics of Body Stiffness in Swimming Eels",Long,,1998,10.1093/icb/38.4.771,,,,,Long 1998,,False,True,"Computational model study. The association of increased body stiffness and net positive muscle work, and the occurrence of maximal net muscle power output at a stimulus phase of 325° (as the muscle segment lengthens), suggests that net positive power is produced, in part, using an elastic strain energy...",,,,True
recj6eKOmKGpYISSR,Multistate network model for the pathfinding problem with a self-recovery property,Ueda,,2015,10.1016/j.neunet.2014.08.008,,,,,Ueda 2015,,False,True,"A continuous dynamical-systems network that solves graph pathfinding: stable solutions represent paths connecting two specified vertices, the system self-recovers by re-finding a path when a connection is suddenly terminated, and installing inhibitory interaction improves the search time.",,"The self-recovery property could inspire fault-tolerant re-routing in modular robot controllers, but the paper contains no locomotor or afferent pathway to port.",prune-candidate,True
reckIQzDzmtOc4D0e,Tunable stiffness in fish robotics: mechanisms and advantages,Quinn,,2022,10.1088/1748-3190/ac3ca5,,,,,,Quinn 2022,False,True,"Review of tunable stiffness fish robotics: mechanisms advantages. However, the optimal stiffness depends on variables such as swimming speed, so there is no one ‘best’ stiffness that maximizes efﬁciency in all conditions.",,,,True
recm18696kNIhqLhS,Parallel Compliance Design for Increasing Robustness and Efficiency in Legged Locomotion—Proof of Concept,Sharbafi,,2019,10.1109/tmech.2019.2917416,,,Biomechanically mediated preflexive feedback,,Sharbafi 2019,,False,True,"A hybrid-zero-dynamics co-design methodology for parallel joint compliance and control shows passive parallel elastic elements robustify bipedal walking against model uncertainty (ground slope, segment lengths) while cutting torque demand, with pneumatic artificial muscles proposed as the physical parallel-compliance element, preflexive mechanics substituting for sensor-driven controller adaptation.",,"Co-design parallel joint springs with the controller using hybrid zero dynamics; sweep compliance under ground-slope and segment-length uncertainty and compare torque cost and robustness against a no-compliance baseline, modeling the springs with pneumatic-muscle force-length behavior.",,True
recmfxL8e5kTgQs3s,Experimental and Computational Assessment of Locomotor Coordination and Complexity Following Incomplete Spinal Cord Injury in the Rat,Hillen,,2012,,,,,,,,False,False,,,,prune-candidate,True
recmxNI8MIFUbz2jY,Highly sensitive airflow sensors with an ultrathin reduced graphene oxide film inspired by gas exfoliation of graphite oxide,Xu,,2017,10.1039/c6mh00587j,,,,,,,False,True,"Registered charity number: 207890 rsc.li/materials-horizons Showcasing an airflow sensor with reduced graphene oxide from Suzhou Institute of Nano-Tech and Nano-Bionics (SINANO), Chinese Academy of Sciences, China.",,,,True
recqdycWx1dmsS8po,Flight attitude estimation for MAV based on M-estimation,Wang,,2011,10.1109/cecnet.2011.5768718,,,,,Wang 2011,,False,True,"Computational model study. Subsequently, an innovation amendment method based on M-estimate is designed to improve the ability of Kalman filter to resist the interference from carrier maneuvering acceleration.",,,,True
recqoLEviGnogVbUt,Turbulence Modeling in the Age of Data,Duraisamy,,2019,10.1146/annurev-fluid-010518-040547,,,,,Duraisamy 2019,Duraisamy 2019,True,True,"Review of turbulence modeling age data. Computational model study. This review surveys recent developments in bounding uncertainties in RANS models via physical constraints, in adopting statistical inference to characterize model coeﬃcients and esti- mate discrepancy, and in using machine learning to improve turbulence models.",,,,True
recs6yI87SxMttkJs,A bio-inspired condylar hinge joint for mobile robots,Etoundi,,2011,10.1109/iros.2011.6048561,Human,,,,,,False,True,Numerical analysis and experimental tests have shown that the new hinge joint has superior performance to a pin jointed hinge in terms of stiffness and mechanical advantage.,,,,True
recsbBaDp1tY4NbK6,Distributed Pressure Sensing for Enabling Self-Aware Autonomous Aerial Vehicles,Cellucci,,2018,10.1109/iros.2018.8593664,Human,,,,,,False,True,"We present a modular, scal- able, distributed pressure sensing skin for aerodynamic state estimation of a large, ﬂexible aerostructure.",,,,True
recsnUZTPv5WxrH8Z,"Lumbar Spinal Interneuron Activity as it Relates to Rhythmic Motor Output in the Adult, Spinal, Air-Stepping Cat",McMahon,,2014,,,,,,,,False,False,,,,prune-candidate,True
rectBtH1NpS3X24mj,"Fixed-wing MAV attitude stability in atmospheric turbulence, part 1: Suitability of conventional sensors",Mohamed,,2014,10.1016/j.paerosci.2014.06.001,,,,,,Mohamed 2014,False,True,"Review of fixed-wing mav attitude stability atmospheric turbulence, part. It is found that the use of single s e n s o r si si n s u fﬁcient for MAV control in the presence of turbulence and that potential gains can be realised from multi-sensor systems.",,,,True
rectT9O5YFairF8HE,Modeling neural plasticity in echo state networks for classification and regression,Yusoff,,2016,10.1016/j.ins.2015.11.017,,,,,Yusoff 2016,,False,True,Computational model study. Our experimental results demonstrate that neural plasticity can more ef- fectively enhance the learning performance when oﬄine learning is applied.,,,,True
rectlEVb3Wncz8mDx,Biomimetic joint actuators,Herr,Weber; Garlow; Casler,2012,,,,,,,,False,False,,,,prune-candidate,True
recvMNObiSOyom5ai,The Importance of Body Stiffness in Undulatory Propulsion,Long,,1996,10.1093/icb/36.6.678,,,,,,Long 1996,False,True,Review of importance body stiffness undulatory propulsion. Previous studies have suggested the hypothesis that fish use their muscles to modulate body stiffness.,,,,True
recvwIzskqiUp9ikx,"Dendritic Neuron Model With Effective Learning Algorithms for Classification, Approximation, and Prediction",Gao,,2019,10.1109/tnnls.2018.2846646,,,,,Gao 2019,,False,True,"Introduces a dendritic neuron model with nonlinear synapses trained by six metaheuristic algorithms (biogeography-based optimization, particle swarm, genetic algorithm, ant colony, evolutionary strategy, population-based incremental learning), outperforming a multilayer perceptron across 14 classification, approximation, and prediction tasks — a biologically motivated unit for practical machine learning rather than a systems-level motor model.",,,,True
recw6AI1zSZZjIGJy,Improving reservoirs using intrinsic plasticity,Schrauwen,,2008,10.1016/j.neucom.2007.12.020,,,,,,,False,True,"After deriving the learning rules, we show the effects of the bounded output of the transfer function on the moments of the actual output distribution.",,,,True
recwOnb3OxPpfMrmX,Model-based neuromechanical controller for a robotic leg,Herr,Geyer; Eilenberg,2010,,,,,,,,False,False,,,,prune-candidate,True
recxZeREOxO01np6I,Neuromuscular Model-Based Sensing And Control Paradigm For A Robotic Leg,Herr,Endo; Krishnaswamy; Markowitz; Eilenberg; Wang,2013,,,,,,,,False,False,,,,prune-candidate,True
recxiEdPoXPkHiALs,Functional role of muscle reflexes for force generation in the decerebrate walking cat,Stein,Misiaszek; Pearson,2000,,,,,,,,False,False,,,,prune-candidate,True
recyBBMz8w6dHOTlk,Method for controlling a robotic limb joint,Herr,Geyer; Eilenberg,2014,,,,,,,,False,False,,,,prune-candidate,True
recycn2PmXb76Rz93,Neuronal Control of Locomotion 'From Mollusc to Man ',Orlovskiĭ,Deliagina; Grillner,1999,,,,,,,,False,False,,,,prune-candidate,True
reczGUAHc5xS7UEdq,Swing-to-Stance Transition in Walking Cats A Role for Hip Position in Initiating the,McVea,Donelan; Tachibana; Pearson,2005,,,,,,,,False,False,,,,prune-candidate,True
reczJD1x4aNfwMCgs,Quantitative Analysis of Feedback During Locomotion,Ross,,2006,,,,,,,,False,False,,,,prune-candidate,True
reczymV1osYVwr5AI,Time series prediction with single multiplicative neuron model,Yadav,,2007,10.1016/j.asoc.2006.01.003,,,,,,,False,False,,,,,True
reczUkRlUFULR7EGY,Controlling Synchronization in an Ensemble of Globally Coupled Oscillators,Rosenblum,,2004,10.1103/physrevlett.92.114102,,,,,Rosenblum 2004,,False,True,"Computational model study. Pikovsky Department of Physics, University of Potsdam, Am Neuen Palais 10, PF 601553, D-14415, Potsdam, Germany (Received 19 May 2003; published 19 March 2004) W e propose a technique to control coherent collective oscillations in ensembles of globally coupled units (self-sustained oscillators or maps).",,,,True
rechI8xTmZQOeXUAZ,Unstable states in four-legged locomotion,Bajd,,1994,10.1109/iros.1994.407480,Human,,,,,,False,True,"Treats crutch-assisted walking of paraplegic persons (passive bracing or multichannel FES) as four-legged locomotion described by a sequence of foot-and-crutch contact states, and shows that inserting 'unstable' two-contact passive phases - in which the center of body is carried forward by gravity and inertia alone - improves the four-point gait; kinematic measurements in a paraplegic subject confirmed the passive center-of-body progression.","Check whether quadruped preparations used as FES analogs (e.g., spinal-transected cats trained to step with forelimb support) naturally exploit passive two-contact phases with gravity-driven center-of-body progression, and whether deliberately scheduling such unstable states speeds overground progression.","Implement gait as a finite sequence of contact states over feet and crutches in a crutch-assisted biped or quadruped simulation, insert unstable two-support passive phases, and verify that the center of body traverses them by gravity and inertia alone with bounded excursions.",,True
rece3okHaUWzAhj9Q,Load Detectors and Their Reflexes During Gait in Cat and Man,Duysens,,2000,10.1007/978-94-010-0870-9_20,,,,,,,False,False,,,,,True
rec5srLHcKIr8DRpI,A robust controller for manipulator driven by artificial muscle actuator,Cai,,1996,10.1109/cca.1996.558917,,,,,Cai 1996,,False,True,"Computational model study. By applying the sliding mode control technique and the presented full dynamic of manipula- tor, a robust tracking control approach is developed for such manipulator system.",,,,True
rec4wyreIHDN8SXiX,Application of a rat hindlimb model: a prediction of force spaces reachable through stimulation of nerve fascicles,Johnson,,2011,10.1109/tbme.2011.2106784.application,Rat,,,,Johnson 2011,,False,True,"Computational model study. We investigated the feasibility of functional electrical stimulation paradigms that minimize the input dimensions for controlling the limbs by stimulating at nerve fascicles, utilizing a model of the rat hindlimb which combined previously collected morphological data with muscle physiological parameters presented herein.",,,,True
recgVeruBw8U5XUjE,A Feedback Model Reproduces Muscle Activity During Human Postural Responses to Support-Surface Translations,Welch,,2008,10.1152/jn.01110.2007.,Cat; Human,,,,Welch 2008,,False,True,Computational model study. We investigated whether a simple feedback law could explain temporal patterns of muscle activation in response to support-surface translations in human subjects.,,,,True
rechy13VRY3mA9DVm,Muscle Synergies Characterizing Human Postural Responses,Torres-oviedo,,2007,10.1152/jn.01360.2006.,Cat; Human,,,,,,False,True,These results suggest that muscle synergies represent a general neural strategy underlying muscle coordination in postural tasks.,,,,True
recsJyJez9FxPYEjc,An energy perturbation approach to limit cycle analysis in legged locomotion systems,Li,,1990,10.1109/cdc.1990.203973,,,,,,,False,True,"Extends energy-balance and perturbation analysis from smooth dynamical systems to the phase-discontinuous (hybrid) dynamics of legged hopping, predicting existence and stability of vertical-hopper limit cycles; predictions match simulated true values for both linear and nonlinear models, providing a low-cost stability certificate for hybrid locomotion systems.",,"Use the energy-balance perturbation method to certify limit-cycle existence and stability of hopper and CPG-driven walker models (linear and nonlinear variants) before closed-loop or hardware testing, as validated here against simulation.",,True
recxKzUOlEeeGip7W,Sensing Unsteady Pressure on MAV Wings: A New Method for Turbulence Alleviation,Marino,,2014,10.4028/www.scientific.net/amm.629.48,,,,,,,False,True,Unsteady surface pressures were measured to understand if the information could be adopted for resolving turbulence-induced perturbati ons and to furthermore use it in a turbulence mitigation system.,,,,True
recHxIBb0B7o5UuG1,Safe adjustment regions for legged locomotion paths,Chestnutty,,2010,10.1109/ichr.2010.5686829,,,,,,,False,True,Integrates footstep-planning foothold evaluation with online touchdown adjustment by computing safe adjustment regions - bounds on how far a step through rough terrain can be modified while remaining collision-free and stably supportable - demonstrated on a prototype humanoid robot.,,"Add a safe-adjustment-region constraint to a biped walking controller's stepping module so that push-recovery and terrain-driven step modifications stay within collision-free, support-stable bounds.",,True
reckkLAj4fWC3npA8,Peripheral proprioceptive modulation in crayfish walking leg by serotonin,Rossi-Durand,,1993,10.1016/0006-8993(93)91131-b,Arthropods,Mechanosensory,,,,,False,True,"Serotonin acts directly and peripherally on crayfish coxo-basal chordotonal organ afferent terminals, dose-dependently boosting primary afferent discharge (maximal near 1 uM, inhibitory at high concentrations in some units), providing a peripheral neuromodulatory route for gain-setting proprioceptive feedback during locomotion without altering central circuitry.","Test whether endogenous serotonin reaches the chordotonal organ in vivo during walking, e.g. measure CB CO afferent gain before and after blocking peripheral 5-HT receptors, or correlate 5-HT content in the sensory cells with state-dependent changes in motor reflex gain.",Add a state-dependent gain multiplier on proprioceptive afferent channels (a serotonin-analog neuromodulation knob ranging from facilitation to suppression) and test how reflex gain and locomotor pattern organization change as it is swept.,,True
recWr7gpW0WgDVeff,Pseudo-proprioceptive motion feedback by electric stimulation,Hasegawa,,2012,10.1109/mhs.2012.6492480,Human,,,,,,False,True,"Electro-tactile sensory substitution can convey lower-limb posture to paraplegic exoskeleton users, matching intact proprioception on hip joint-angle precision and time delay, though not on sensitivity to inertia changes — quantifying how much state information a substitute feedback channel must carry for walking support.",,"Replace simulated proprioceptive feedback with a quantized, delayed substitute channel (matching the demonstrated precision/delay equivalence but degraded inertia sensitivity) and test locomotion-controller robustness to information-poor feedback.",,True
recTHR4N6K3hw1hih,A Musculoskeletal Flexible-Spine Humanoid Kotaro Aiming at the Future in 15 Years Time,Mizuuchi,,2006,10.5772/4684,Human,,,,,,False,True,"Introduction Recently, humanoid research and development are widely under way.",,,,True
recx0HOyhL3E7SkL2,Comparative investigation of control mechanisms for turning during quadrupedal robot locomotion,Lockhart,,2023,10.18910/92264,,,,,Lockhart 2023,,True,False,,,,,True
rec0vkpo5bMCA2P9n,Bipedal walk using a Central Pattern Generator,Inada,,2004,10.1016/j.ics.2004.05.129,,,,,,,False,False,,,,,True
recJEiw9uGUO59CPy,Sensory Influences on Interlimb Coordination During Gait,Duysens et al.,,2004,10.1007/978-1-4419-9056-3_1,Cat; Human,,,,,Duysens 2004,False,True,Review of sensory influences on interlimb coordination during gait across species and preparations; organizes cutaneous and proprioceptive contributions to interlimb phase coupling.,,,,True
recb19Pp2UQsnvUlf,Towards a factored analysis of legged locomotion models,Altendorfer,,2003,10.1109/robot.2003.1241570,,,,,Altendorfer 2003,,False,True,"Factorizes the return maps of hybrid legged-locomotion models to obtain an exact algebraic necessary condition for the asymptotic stability of spring-loaded inverted pendulum (SLIP) running across different leg-recirculation strategies, despite the non-integrability of SLIP dynamics — a stability-analysis tool extensible to other legged-locomotion models in robots and animals.",,"Apply return-map factorization to derive algebraic stability conditions for SLIP-template runners and for CPG or reflex-controlled walkers, using the exact condition as a design check when tuning leg recirculation and stance dynamics.",,True
recbcLcXyLj6HUiJ2,Oscillatory network with self-organized dynamical connections for synchronization-based image segmentation,Kuzmina,,2004,10.1016/j.biosystems.2004.05.005,,,,,Kuzmina 2004,,False,True,Computational model study. It is able to demonstrate either activity state (stable undamped oscillations) or “silence” (quickly damped oscillations).,,,,True
recbOcmCe7wUEO8lD,Tuning of neural oscillators for the design of rhythmic motions,Arsenio,,2000,10.1109/robot.2000.844870,,,,,Arsenio 2000,,False,True,"Introduces a multiple-input describing-function analysis of neural oscillators, isolated and coupled, that turns parameter tuning from simulation-based search into solving algebraic equations, while handling the oscillators' strong nonlinearity and exposing their internal dynamics for rhythmic-motion design.",,"Use describing-function algebra to select neural-oscillator parameters (frequency, coupling, gains) for rhythmic joint controllers analytically rather than by simulation sweeps, and verify limit-cycle amplitude and phase against the algebraic predictions in a CPG-driven walker.",,True
rechjb9ZeyNAreFFZ,The Central Pattern Generator: a paradigm for artificial locomotion,Arena,,2000,10.1007/s005000000051,,,,,,,False,False,,,,,True
recwy6OuthAArEsQ9,An integrated neuromechanical model of the mouse to study neural control of locomotion,Ramalingasetty,,2023,10.18910/92326,Mice,,,,Ramalingasetty 2023,,True,False,,,,,True
recnqSC80xlmzWM29,Is there a central pattern generator in man?,Illis,,1995,10.1038/sc.1995.54,,,,,,,False,False,,,,,True
rec3OJDWO5tzJx5eg,Identification of human balance control in standing,van der Kooij,,2004,10.1109/icsmc.2004.1400711,Human,,,,van der Kooij 2004,,False,True,Computational model study. The results show that subjects balancing on a randomly moving platform in the for%vard-backward direction applied a minimal stifJiness strategv.,,,,True
recKffjcACq4E7Jfe,Standing Balance Experiment with Long Duration Random Pulses Perturbation,Wang,,2020,10.5281/zenodo.3631958,Human,,,,Wang 2020,,False,True,Computational model study. 37 ABSTRACT Standing balance experiment and the measured data-set are fundamental for identifying postural feedback controllers.,,,,True
reczsfNXwVhvy631C,Analytical CPG model driven by limb velocity input generates accurate temporal locomotor dynamics.,Yakovenko et al.,,2018,10.7287/peerj.preprints.26734v1,Cat,,,,Yakovenko 2018,,False,True,Analytical CPG model driven by limb velocity input generates accurate temporal locomotor dynamics across speeds — a compact account of speed-dependent phase timing.,,,,True
recw7WEmMmAmvTlsa,Central pattern generator and its learning via simultaneous perturbation method,Maeda,,2012,10.1109/ijcnn.2012.6252803,,,,,Maeda 2012,,False,True,Proposes central pattern generator models built from coupled neural oscillators trained by simultaneous-perturbation learning that uses only CPG outputs — avoiding backpropagation-style internal-error propagation — including a complex-valued CPG that learned and controlled ten joint angles of a humanoid robot for walking and stepping motion patterns.,,"Apply output-only simultaneous-perturbation tuning to a neural-oscillator CPG controlling a simulated biped's joints, reproducing learned walking and stepping waveforms as an alternative to gradient-based parameter fitting.",,True
recdri7Q8LmvSQaLX,Technologies for distributed flight control systems: A review,Šegvić,,2015,10.1109/mipro.2015.7160432,,,,,,Šegvić 2015,False,True,"Review of technologies distributed flight control systems: review. Technological developments, such as embedded computing and microelectromechanical systems are enabling advanced aerospace-oriented distributed sy stems.",,,,True
recrDf1PniTHhJKWu,Experimental Validation of an Aerodynamic Sensing Scheme for Post-Stall Aerodynamic Moment Characterization,Yeo,,2013,10.2514/6.2013-4979,,,,,Yeo 2013,,False,True,Computational model study. A wind tunnel test model was developed around an existing flight vehicle with a 1.8m wingspan.,,,,True
recDSLrNhTr2NsyMo,Two-Level Model of Mammalian Locomotor CPG,Shevtsova,,2013,10.1007/978-1-4614-7320-6_49-2,Cat,,,,Shevtsova 2013,,False,True,"Chapter presentation of the two-level model of the mammalian locomotor CPG: a half-center rhythm generator (RG) drives a separate pattern-formation network (PF) that determines the coordinated motoneuron activity pattern, an architecture inferred from deletion analysis and afferent stimulation during brainstem-evoked fictive locomotion in the decerebrate, immobilized cat.",,,,True
reclXXiC81ovNzZNA,The Astrocytic Microdomain as a Generative Mechanism for Local Plasticity,Wang,,2018,10.1007/978-3-030-05587-5_15,,,,,Wang 2018,,False,True,Computational model study. Mounting experimental evidence suggests that astrocytes have an active role in synaptic modiﬁcation.,,,,True
recmCC4fiJ1mOg54L,Stealth walking with reduced double-limb support phase and its extension to careful legged locomotion,Asano,,2018,10.1007/s11044-018-09645-1,,,,,,,False,False,,,,,True
reclGnyvIRax1xURR,Contribution of load and length related manipulations to muscle responses during force perturbations,Klarner,,2010,10.14288/1.0071394,Human,,,,,,True,True,"Dissociates load from kinematics in perturbed human walking: adding Lokomat resistance and independently clamping the knee pattern each increase swing-phase quadriceps activity, with the load manipulation contributing more, evidence that load-sensitive feedback rather than just the altered movement pattern drives compensatory swing muscle activity.",Replicate the load-versus-length dissociation in an animal model: apply controlled limb loading with kinematics held constant during locomotion in cats or rodents and record swing-phase muscle activity to separate load-sensitive from length-sensitive reflex contributions.,"Implement separate force-based (load) and length/velocity-based (stretch) feedback channels onto swing-phase extensor motoneurons; apply simulated resistance and kinematic clamping, then ablate each channel to test their independent contributions.",,True
recm4urpzERKRV42b,Identified proprioceptive afferents and motor rhythm entrainment in the crayfish walking system,Elson,,1992,10.1152/jn.1992.67.3.530,Arthropods,Mechanosensory,,,,,False,True,"In the crayfish walking leg, the thoraco-coxal muscle receptor organ's two graded nonspiking afferents, phasic T and tonic S, mediate opposing feedback pathways that alternately excite opposite burst phases, so proprioceptor stretch entrains the central rhythm through complete, probabilistic resetting of burst transitions within one or two stimulus cycles.","Verify in vivo: record TCMRO afferent activity and leg motor bursts during free walking to confirm that natural stretch timing resets burst transitions as in vitro, and selectively ablate or hyperpolarize the S or T afferent to test the inferred opposing-pathway organization.","Build a two-phase oscillator resettable by graded phasic and tonic afferent channels with opposing effects on burst transitions; test entrainment ranges, coordination ratios (2:1, 1:2, 1:3), and resetting probability as in the crayfish preparation.",,True
recNZfmvjBKIFU42C,MPC-based Controller with Terrain Insight for Dynamic Legged Locomotion,Villarreal,,2020,10.1109/icra40945.2020.9197312,,,,,,,True,True,"A terrain-aware control strategy for dynamic legged locomotion that combines a convolutional-neural-network module evaluating candidate footholds from on-board perception with a model-predictive controller optimizing ground-reaction forces over the chosen contact sequence, demonstrated in HyQReal simulations traversing rough terrain under realistic on-board sensing and computation constraints.",,"Implement a CNN-based foothold scorer feeding a GRF-optimizing MPC contact sequence for rough-terrain legged locomotion under on-board compute limits, and benchmark against CPG/reflex controllers on the same terrain.",,True
rectZDCJfjdHtvPJI,Deadbeat control with (almost) no sensing in a hybrid model of legged locomotion,Council,,2014,10.1109/icamechs.2014.6911592,,,,,,,False,True,"Shows theoretically and in simulation that control laws can be geometrically encoded in the feedforward trajectories of appendages, giving deadbeat stability in hybrid legged models: a simplified vertical hopper rejects ground-height changes without sensing the ground. Cautions that control identified in an existing animal or machine may reside in such geometric stabilization rather than neural or computational feedback.","Test the caution in running animals: block distal sensory feedback while systematically varying terrain height and test whether feedforward appendage trajectory shaping alone preserves stability — a positive result would indicate geometric, non-neural stabilization.","Encode a desired control law into the open-loop joint trajectories of a simulated hopper or legged model, remove all feedback loops, and verify deadbeat stability and ground-height rejection as achieved here with little or no sensing.",,True
recoSBfIRUgkYwSn9,Data driven models of legged locomotion,George,,2015,10.1117/12.2178007,,,,,,George 2015,False,True,Reviews Data Driven Floquet Analysis — fitting empirical return maps to the trajectories of rhythmic legged systems — and collects the recent and classical results that justify its use for analyzing legged locomotion where idealized periodicity assumptions fail.,Apply DDFA to perturbed walking animals (brief treadmill speed steps or ground-height changes in cats) and test whether the empirically fitted Floquet modes predict recovery trajectories and stability limits.,"Fit data-driven Floquet maps to joint-angle cycles from a simulated walker, extract mode structure and stability, and compare with the model's analytic eigenstructure — checking that simulation trajectories support the same empirical analysis as animal data.",,True
rechX3397m8Axuej8,Human Equilibrium Control Principles Implemented into a Biped Humanoid Robot,Mergner,,2006,10.1007/3-211-38927-x_35,Human,,,,,,False,True,"The sensor signals are not used directly for feedback, but in- stead are used to internally reconstruct the physical stimuli in the outside world by means of sensor fusions.",,,,True
rectZR2ZBRnroIfAm,Phenomenological models of the dynamics of muscle during isotonic shortening,Yeo,,2013,10.1016/j.jbiomech.2013.07.018,Human; Mice,,,,Yeo 2013,,False,True,"Computational model study. We investigated the effectiveness of simple, Hill-type, phenomenological models of the force-length- velocity relationship for simulating measured length trajectories during muscle shortening, and, if so, what forms of the model are most useful.",,,,True
rec6jdOha2pd2hmhL,Stimulation pattern that maximizes force in paralyzed and control whole thenar muscles,Griffin,,2002,10.1152/jn.2002.87.5.2271,Human,,,,,,False,True,These data show that the pulse patterns that maximize force and force-time integral in paralyzed muscles are similar to those that maximize these parameters in single motor units and various whole muscles across species.,,,,True
recIdI8YrmaLibA9l,Reliability and stochastic synchronization in type I vs. type II neural oscillators,Galán,,2007,10.1016/j.neucom.2006.10.075,,,,,,,False,False,,,,,True
recqN5btwC8zeVr9w,Hip proprioceptors preferentially modulate reflexes of the leg in human spinal cord injury,Onushko,Hyngstrom; Schmit,2013,10.1152/jn.00261.2012,Human,,,,,,True,True,"In chronic spinal cord injury, hip movement direction gates reflexes at the knee and ankle — patellar tendon reflexes are larger during hip extension and the tonic Achilles vibration response larger during hip flexion — while knee and ankle afferent input leaves hip-triggered reflexes unchanged, giving hip stretch afferents a privileged modulatory role over the whole leg.","Test hip afferent priority in a reduced preparation: oscillate the hip in decerebrate cats while eliciting patellar and Achilles reflexes, checking whether hip position similarly gates distal reflexes as in human SCI.","Make knee and ankle reflex gains in a leg model depend on hip angle (larger patellar gain during extension, larger tonic vibration response during flexion); ablate the dependence to test its role in spastic-reflex modulation.",,True
recWPp5EyxMBGayi3,A Biologically-Inspired Dynamic Legged Locomotion With a Modular Reconfigurable Robot,Sastra,,2008,10.1115/dscc2008-2402,,,,,,,False,True,Demonstrates a scalable biologically inspired gait for modular reconfigurable robots in which passively compliant leg attachments and body articulation alone yield a stable dynamic running gait — the first example of dynamic legged locomotion driven only by body articulation (shown in a hexapedal configuration).,,"Simulate a multi-leg body whose only actuation is trunk articulation with spring-damped compliant legs; verify stable dynamic gaits emerge from mechanical coupling without per-leg control, and map the compliance range over which this holds.",,True
rec0gOKQ1VhT9Gdjz,Estimation of musculoskeletal models from in situ measurements of muscle action in the rat hindlimb,Yeo,,2011,10.1242/jeb.049163,Rat,,,,Yeo 2011,,False,True,"Computational model study. In many cases these peripheral systems have been shown to simplify neural control or make natural behaviors more efficient (Nishikawa et al., 2007; Pfeifer et al., 2007; Valero-Cuevas et al., 2007b).",,,,True
recxDt1aXXxQt6UnR,Motion Control of a Robot Fish Based on CPG,Wang,,2005,10.1109/icit.2005.1600829,,,,,Wang 2005,,False,True,"Robot fish driven by a CPG of four neural oscillators with sensory feedback from three infrared sensors and a gyro; two feedback strategies mapped to CPG model parameters control pitching and turning respectively, with simulations validating rhythm generation for pectoral-fin and tail-flapping locomotion. An early engineering demonstration that modulating CPG parameters with simple exteroceptive and proprioceptive signals suffices for posture and heading control in swimming.",,"Reproduce the two feedback strategies in a simulated swimmer: map obstacle-detection (infrared-analog) and posture (gyro-analog) signals onto CPG parameters for turning and pitching, then ablate each feedback path to quantify the open- versus closed-loop difference in obstacle avoidance and attitude stability.",,True
recNEJDzIHqftkCCu,Motor control optimization of compliant one-legged locomotion in rough terrain,Iida,,2007,10.1109/iros.2007.4399195,Human,,,,Iida 2007,,False,True,Computational model study. The self-organization of two gait patterns (walking and running) is demonstrated in simulation and in a real-world robot.,,,,True
recUksKtoVK6MIcpG,MAV stability augmentation using weighted outputs from distributed hair sensor arrays,Keshavan,,2010,10.1109/acc.2010.5531002,Insects; Human,,,,Keshavan 2010,,False,True,"Computational model study. Trichoid hair sensillae, found extensively on the surface of the head, wings and the thorax of most insects, are used to sense the nature of air ﬂow past the body.",,,,True
recY41ERWgQke3UEU,Doublet Electrical Stimulation Enhances Torque Production in People With Spinal Cord Injury,Chang,,2011,10.1177/1545968310390224,Human,,,,,,False,True,Objective—This study compared the effects of hybrid patterns of muscle stimulation in individuals with acute and chronic SCI.,,,,True
recMEIbhAbbjclTv7,Autonomous Spot: Long-Range Autonomous Exploration of Extreme Environments with Legged Locomotion,Bouman,,2020,10.1109/iros45743.2020.9341361,,,,,,,True,True,"We demonstrate the performance of the proposed solutions on physical systems in real-world scenarios.3 The proposed solution contributed to winning 1st-place in the 2020 DARPA Subterranean Challenge, Urban Circuit.",,,,True
recFp8cXN4LD8SGTC,Self-adapting humanoid locomotion using a neural oscillator network,Yang,,2007,10.1109/iros.2007.4399498,Human,,,,Yang 2007,,True,True,"Computational model study. In order to verify the validity of the proposed scheme, we carry out simulations and experiments.",,,,True
recY24aCWMmh1bmhT,Locomotor Pattern Generation in the Rodent Spinal Cord,Harris-Warrick,,2022,10.1007/978-1-0716-1006-0_48,,,,,,,True,False,,,,,True
recLkJ2b8tJBQhhQO,Using mouse genetics to study the developing spinal locomotor circuit,Thiry,Roussel; Lemieux; Bretzner,2020,10.1016/b978-0-12-816477-8.00011-9,,,,,,,False,False,,,,,True
recpTY7xNzHAv1ISY,A Functional Subnetwork Approach to Multistate Central Pattern Generator Phase Difference Control,Scharzenberger,,2022,10.1007/978-3-031-20470-8_37,,,,,Scharzenberger 2022,,False,True,"Computational model study. To achieve this goal, we present the design of our phase difference control (PDC) network using a functional subnetwork approach (FSA) wherein subnetworks that per- form basic mathematical operations are assembled such that they serve to control the relative phase lead/lag of target CPGs.",,,,True
recU0wgaCIsaD8l2H,Neuromodulation of the Spinal Cord for Movement Restoration,Harkema,Rejc; Angeli,2018,10.1016/b978-0-12-805353-9.00098-x,,,,,,,False,False,,,,,True
recVXrmH9NwbZIb2Z,Motor Systems,Donkelaar,,2020,10.1007/978-3-030-41878-6_9,,,,,,,False,False,,,,,True
reclN5HTDt1mlKkYP,What Can Bidirectional Walking Tell Us about Central Pattern Generators?,Veshchitskii,Lyakhovetskii; Gorskii; Musienko; Merkulyeva,2022,10.1007/s11055-023-01357-0,,,,,,,False,False,,,,,True
recJu69EFjimiXgh1,"Sensorimotor Integration in the Spinal Cord, from Behaviors to Circuits: New Tools to Close the Loop?",Wyart and Knafo,,2015,10.1007/978-3-319-12913-6_8,,,,,,,True,False,,,,,True
recEX7mcxxwNr78Y3,Identified interneurons contributing to locomotion in mammals,Li et al.,,2023,10.1016/b978-0-12-819260-3.00009-3,Mammals; Mice; Cat,,,,,Li 2023,False,True,Chapter cataloguing identified interneuron classes contributing to mammalian locomotion and their synaptic relations; useful companion to Sengupta & Bagnall 2023.,,,,True
recaxMKMbXnTQarAB,Connectivity and Regional Distribution of Constituent Cells of the Mammalian Locomotor Central Pattern Generator,Griener,,2016,10.7939/r3639kg5w,Mammals; Rat; Mice,,,,,,False,True,Anatomical validation of the two-level Rybak–McCrea CPG architecture: connectivity and regional distribution of rhythmogenic and pattern-forming populations across lumbar segments.,,,,True
recquuotbJdD8Svfn,Loss of Wt1 in the murine spinal cord alters interneuron composition and locomotion,Schnerwitzki,Perry; Ivanova; Caixeta; Cramer; Günther; Weber; Tafreshiha; Becker; Panesso; Klopstock; De Angelis; Schmidt; Kullander; Englert,2017,10.1101/226316,Mice,,,,,,False,True,"Mice lacking Wt1 in neurons run slower with decreased stride frequency and increased stride length, show altered fore-hindlimb coordination accompanied by loss of contralateral spinal projections, and display arrhythmic reduced-frequency motor output as neonates — tying a Wt1-expressing dI6 subpopulation to left-right coordination circuitry assembly.","Test whether the coordination deficits are afferent-dependent: run Wt1 mutants on a treadmill with perturbations, or evoke locomotion pharmacologically in neonatal spinal cords while recording ventral roots, separating circuit miswiring from sensory reweighting.","Reduce contralateral commissural projection weights in a bilateral CPG to mimic Wt1 loss; check for slower cadence, longer strides, degraded interlimb coordination, and arrhythmic motor output.",,True
rece4glVJOgKigM6f,Design and analysis of biomimetic joints for morphing of micro air vehicles,Grant,,2010,10.1088/1748-3182/5/4/045007,Vertebrates,,,,,Grant 2010,False,True,Review of design analysis biomimetic joints morphing. This paper presents an overview of designs that incorporate morphing to enhance their ﬂight characteristics.,,,,True
recJ988LEyoLACI7e,Neuromusculoskeletal Modeling for the Adaptive Control of Posture During Locomotion,Aoi,,2016,10.1007/978-1-4939-3267-2_8,,,,,,,True,False,,,,,True
recV95cZ8x0IFkHAB,Synchronization of coupled neural oscillators with heterogeneous delays,Panchuk,,2013,10.1142/s0218127413300395,,,,,Panchuk 2013,,True,True,"Analysis of two coupled excitable neural systems showing that heterogeneous delays in mutual and self-coupling select different regimes of synchronized oscillation of variable period, with bursting-like dynamics emerging from two competing timescales — conduction-delay structure, not only coupling strength, governs oscillator synchronization. Directly relevant to commissural coupling in CPGs, where crossing delays are non-negligible.","Test whether conduction-delay manipulation shifts synchronization of biological coupled oscillators: e.g., in vitro spinal hemicord pairs with imposed variations in crossing delay, measuring whether synchronized frequency and phase relations change as the model predicts.",Implement two coupled half-centers with explicit heterogeneous conduction delays in mutual and self-connections; sweep delays to map synchronization regimes and test whether commissural delay tuning alone switches coordination mode or oscillation period.,,True
recbdmPohBK1Qlvi7,Characterization of WT1-expressing interneurons and investigation of their role in locomotion,Haque,,2019,10.7939/r3-jt04-kz83,Mice,,,,,,True,True,"Thesis using a newly developed upright in vitro mouse spinal cord preparation that keeps the locomotor CPG intact to record WT1-expressing ventral interneurons during fictive locomotion: WT1+ cells are inhibitory, project mainly commissural axons, and regulate left-right alternation; viral tracing of their upstream synaptic partners constrains the network structure of the locomotor CPG.","The preparation is itself the animal study; follow-ons include silencing or ablating WT1+ cells in vivo during locomotion to test necessity for left-right alternation, and activating them to test sufficiency.","Implement an inhibitory, commissurally projecting interneuron population (WT1-analog) as the left-right alternation pathway in a bilateral CPG; ablating it should push the model toward synchronous gaits, a loss-of-function test of interleg coordination design.",,True
recXTg66n5j5IRRbn,Reactive posture behaviors for stable legged locomotion over steep inclines and large obstacles,Roennau,,2014,10.1109/iros.2014.6943257,,,,,,,False,True,"Reactive posture behaviors let the hexapod robot LAURON cross large obstacles and steep slopes with no knowledge of the environment, aided by the increased kinematic adaptability of a bio-inspired fourth rotational leg joint — demonstrating that layered reactive behaviors can substitute for terrain models in rough-terrain walking.",,"Implement layered reactive posture behaviors (leg stance adaptation, posture correction) with no environment model on a simulated hexapod with a fourth leg rotation joint; stress-test against the same obstacle and slope envelope to find the limits of purely reactive control.",,True
recEhN8N9nCtUEhhI,A Piecewise-Linear Approximation of the Canonical Spring-Loaded Inverted Pendulum Model of Legged Locomotion,Shen,,2016,10.1115/1.4029664,,,,,Shen 2016,,False,True,A piecewise-linear approximation of the spring-loaded inverted pendulum — whose only nonlinearity is the stance-flight switching event — reproduces the bifurcation structure and parametric sensitivities of the nonlinear SLIP model across parameter space while providing closed-form stance trajectories and touchdown-to-touchdown stride maps that compute far faster than numerical integration.,,"Use the closed-form piecewise-linear stride map as a fast analytical plant for gait planning and stability analysis in legged-robot controllers, validating bifurcation fidelity against numerically integrated SLIP.",,True
recafnPacssmJFhBt,The Bcm rule allows a spinal cord model to learn rhythmic movements,Kohler,Röhrbein; Knoll; Albu-Schäffer,2023,10.1007/s00422-023-00970-z,,,,,Kohler 2023,,True,True,Demonstrates that a monolayer spinal-circuitry model with Bienenstock-Cooper-Munro plasticity can learn rhythmic alternating movements of pendulum plants without rhythm-generating neurons or genetically defined connectivity — a learning-based alternative or supplement to hard-wired CPG models that explains how a common spinal circuit plan could adapt to the different biomechanics and locomotion patterns of different species.,"Test in vitro whether alternating rhythmic output can be trained in otherwise quiescent spinal circuits by patterned paired stimulation consistent with BCM plasticity, with deafferented controls bounding how much is learned versus hard-wired.",Implement a monolayer neuron network with BCM synaptic plasticity driving pendulum or joint plants and test whether rhythmic alternating control emerges without oscillator units; comparing against fixed-weight CPG controllers isolates the contribution of the learning rule.,,True
rec0q70q4u7BD0dFE,Synchronization dynamics of two coupled neural oscillators receiving shared and unshared noisy stimuli,Ly,,2009,10.1007/s10827-008-0120-8,,,,,Ly 2009,,False,True,"For two weakly coupled neural oscillators, shared (correlated) noise can induce bistability between synchronous and anti-phase states even when anti-phase is the only stable state without noise; an asymptotic Fokker-Planck reduction (rho(0)) is far cheaper than Monte-Carlo or 2D solvers and accurately predicts a synaptically coupled Morris-Lecar system.","Apply shared versus independent stochastic stimulation to two biological rhythm-generating circuits (e.g., isolated hemicords) and test whether correlated input alone produces bistable synchronous/anti-phase locking, as the theory predicts.","Inject correlated sensory noise into two weakly coupled half-centre oscillators to verify noise-induced bistability between synchrony and anti-phase, and use the rho(0) phase reduction in place of Monte-Carlo simulation for parameter sweeps.",,True
recCAziFlqwjxMRbB,Learning to stop: a unifying principle for legged locomotion in varying environments,George Thuruthel,,2021,10.1098/rsos.210223,,,,,Thuruthel 2021,,False,True,"Proposes 'learning to stop' — endowing locomotion controllers with the ability to halt safely — as a unifying principle for locomotion in varying environments: a deep deterministic policy gradient agent with the stop capability transfers controllers from water to land quickly and safely, plausibly modeling how locomotion strategies crossed the water-to-land transition.","In an amphibious animal model, quantify stopping behavior and recovery from destabilization during initial water-to-land locomotor experience to test whether stopping competence accompanies newly transferred locomotion strategies, as the learning-to-stop hypothesis predicts.","Train DDPG locomotion controllers with and without an explicit stop action in water and land simulations and compare transfer success, training safety, and recovery from destabilization across environments.",,True
recsy1TGt4l91eSM4,Proprioceptive postural control of a musculoskeletal model against horizontal disturbances,Kaminishi,,2017,10.1109/robio.2017.8324592,Human,,,,Kaminishi 2017,,False,True,"Computational model study. Here, we developed a hypothesis that when we cannot use all sensory information, we maintain upright posture with high muscle stiffness.",,,,True
rec23I4Y4cASCKLX1,Hindlimb muscle spindles inform preparatory forelimb coordination prior to landing in toads,Duman,,2023,10.1242/jeb.244629,Human,,,,,,False,True,We found that toads significantly delayed the onset and reduced the activation duration of their elbow extensor muscle following spindle Ia afferent ablation in the hindlimbs.,,,,True
recnBVcVbgIKqeUQb,Active gust load alleviation system for flexible aircraft: Mixed feedforward/feedback approach,Alam,,2015,10.1016/j.ast.2014.12.020,,,,,Alam 2015,,False,True,Computational model study. A robust feedforward gust load alleviation system (GLAS) was developed to alleviate the gust loading.,,,,True
recXt4bhWsEbqEssP,Pyridoxine Treatment Alters Embryonic Motility in Chicks: Implications for the Role of Proprioception,Sharp,,2015,10.1002/dev.21282,,,,,,,False,True,"We conclude that proprioception is initially used during embryogenesis to modulate the strength of motor output, but that it is not incorporated into other aspects of pattern generation until later in development as poly-synaptic pathways develop.",,,,True
recsbR2br5sfnbbs1,Spinal Cord Circuits: Models and Reality,Windhorst,,2022,10.1007/s11062-022-09927-7,,,,,,,False,False,,,,,True
recwtr5YFxIZsMLzn,Stimulation of the Spinal Cord for the Control of Walking,Dalrymple and Mushahwar,,2017,10.1142/9789813207158_0025,,,,,,,False,False,,,,,True
recooDNnE18sIEU6O,Analysis of Foot Slippage Effects on an Actuated Spring-Mass Model of Dynamic Legged Locomotion,Or,,2016,10.5772/62687,,,,,Or 2016,,False,True,"A two-mass, torque-actuated SLIP model with Coulomb-friction foot contact exhibits stable stick-slip periodic solutions in which low-friction slippage can increase average speed and reduce mechanical cost of transport, showing that ideal-sticking contact assumptions can misestimate both stability and energetics of legged locomotion.","Measure cost of transport and preferred speed of animals or humans walking on low-friction versus normal surfaces, testing the counterintuitive prediction that tolerated slippage can improve energetic efficiency.",Implement the two-mass torque-actuated SLIP with Coulomb friction; sweep friction to locate stick-slip periodic solutions and test whether slippage regimes lower cost of transport and raise average speed.,,True
recupqZEwCdwXFQ4d,Motor module activation sequence and topography in the spinal cord during air-stepping in human: Insights into the traveling wave in spinal locomotor circuits.,Yokoyama,Hagio; Ogawa; Nakazawa,2017,10.14814/phy2.13504,Human,,,,,,False,True,"During human air-stepping, which removes foot-contact interactions, four NMF-extracted motor modules activated sequentially, with reconstructed motoneuron clusters progressing from rostral to caudal spinal regions from initial flexion to the last extension phase — evidence for rostrocaudally traveling waves in human locomotor spinal circuits, resolving the rostral propagation shift previously observed at foot contact during walking.",Record spinal or muscle activity in an animal model during air-stepping versus grounded stepping to separate the CPG-internal rostrocaudal wave sequence from sensory effects of foot contact.,"Implement a rostrocaudally sequenced motor-module CPG (a traveling wave over distributed MN pools) and reproduce the module activation order from initial flexion to late extension during unloaded stepping, then add ground contact to test waveform modulation.",,True
reck2gsQKsAyQGWyY,Enhancing postural stability in a musculoskeletal hopping robot through stretch reflex application on biarticular thigh muscles,Takahashi,,2023,10.3389/frobt.2023.1293365,Human,,,,,,False,True,"Guided by this physiological principle, this study aims to enhance the postural stability of a hopping robot through the emulation of this human mechanism.",,,,True
recPnKgpWB1oLiyWJ,On All Fours: A 3D Framework to Study Closed-loop Control of Quadrupedal Mouse Locomotion,Ramalingasetty,,2023,10.1162/isal_a_00788,Mice,,,,Ramalingasetty 2023b,,True,True,"Proof-of-concept 3D closed-loop neuromechanical mouse: four limb rhythm generators drive pattern-formation circuits generating muscle synergies, with commissural and long-propriospinal interlimb coordination and spindle/Golgi/cutaneous feedback terminating in the RG, PF, and motoneuron layers; evolution-optimized flat-ground walking collapses with acute feedback removal.",,,,True
rectrNVAvBOL6BXhy,Incidence and Cost of Serious Fall-Related Injuries in Nursing Homes,Quigley,,2012,10.1177/1054773811414180,Human,,,,,,False,True,"Over a 3-year period, there were 2,400 admissions to VHA hospitals for FRI, with 55.4% hip fractures and10.1% intracranial injuries, with an average cost of US$23,723 per admission.",,,,True
recOyVANbTdWM4ArA,Hummingbird flight,Warrick,,2012,10.1016/j.cub.2012.04.057,,,,,,,False,True,Many different species of plants show a vernalization response — do they all use the same mechanism to control this response?.,,,,True
reckXscfgyDycYZaz,Modular organization of the multipartite central pattern generator for turtle rostral scratch: knee-related interneurons during deletions,Stein,Daniels-McQueen; Lai; Liu; Corman,2016,10.1152/jn.00871.2015,Turtle,,,,,,True,True,"Single-unit interneuron recordings during knee-related deletions in turtle rostral scratch show that knee-extensor and knee-flexor interneurons occupy modules separate from the hip-extensor and hip-flexor modules, establishing at the single-unit level that the limb CPG is multipartite, organized per joint and function rather than as unitary flexor and extensor halves.","Test the multipartite organization causally in other vertebrates: silence or lesion the identified knee-related interneuron modules during rostral scratch and assay whether knee bursts drop out in deletions while hip rhythm persists, converting the single-unit correlational evidence into a causal claim.","Implement a multipartite CPG with separate hip and knee flexor/extensor modules per joint; reproduce deletions by transiently silencing individual modules and verify that other modules continue bursting, then compare against a classical bipartite half-center controller.",,True
recQCsnmp7no8jfwi,Stepping responses to treadmill perturbations vary with severity of motor deficits in human SCI,Chu,Hornby; Schmit,2018,10.1152/jn.00486.2017,Human,,,,,,True,True,"Split-belt treadmill perturbations during human stepping show that stopping one belt in midstance triggers an unnecessary swing in most walkers, with the likelihood dropping as SCI severity increases, while belt acceleration or deceleration during stance advances or delays swing onset — evidence for interdependent central and sensory drive in stepping control that degrades with injury severity.",,,,True
recd1FHQNmrOPeUNp,Constancy and Variability in the Output of a Central Pattern Generator,Norris,,2011,10.1523/jneurosci.5072-10.2011,,,,,,,False,True,"In the leech heartbeat CPG, animal-to-animal variation in the absolute and even relative strengths of the four premotor inputs does not correlate strongly with output phase; functional output is preserved because multiple, phase-diverse inputs dilute the influence of any single connection, implying each animal reaches a unique parameter solution for the same motor pattern.",Measure synaptic strengths and motor-output phases across many individuals of the same CPG preparation and correlate parameter variation with functional output to test compensatory and degeneracy mechanisms.,Randomize synaptic strengths across simulated individuals of a CPG-driven network and test whether input-number and phase-diversity degeneracy preserves functional output; ablate single inputs to quantify their diluted influence.,,True
recksW1OCi6CpOt8r,Synaptic connectivity amongst components of the locomotor central pattern generator,Gosgnach,,2022,10.3389/fncir.2022.1076766,Mammals; Mice,,,,,,True,True,Synaptic connectivity amongst locomotor CPG components — updates the wiring diagram of rhythm and pattern elements with paired-recording data.,,,,True
recVNVLeWUkALdZvb,Parametric resonance for vibration energy harvesting with design techniques to passively reduce the initiation threshold amplitude,Jia,,2014,10.1088/0964-1726/23/6/065011,,,,,,,False,True,"Experimental results of the parametric resonant harvesters with these additional enabling designs demonstrated up to an order of magnitude lower initiation threshold than otherwise, while attaining a much higher power peak than direct resonance.",,,,True
rec6CY6DRoQ0Nlgvn,Control Engineering,Keviczky,,2019,10.1007/978-981-10-8297-9,,,,,,,False,True,"Johnson, Oxford, UK Linda Bushnell, Seattle, WA, USA More information about this series at http://www.springer.com/series/4045.",,,,True
recV2OcjvB0mkuvBy,Identification of the human postural control system through stochastic trajectory optimization,Wang,,2020,10.1016/j.jneumeth.2020.108580,Human,,,,Wang 2020,,False,True,"Computational model study. However, unstable controllers were sometimes found, which obviously do not explain human balance and can- not be applied in control of humanoid robots.",,,,True
rec8en50Ndz4x6F2Q,Sensory regulation of stance-to-swing transition in generation of adaptive human walking: A simulation study,Aoi,Ogihara; Funato; Tsuchiya,2012,10.1016/j.robot.2011.12.005,,,,,,,True,False,,,,,True
recbMS9RPrgSZOuZs,Sensory-evoked perturbations of locomotor activity by sparse sensory input: a computational study,Bui and Brownstone,,2015,10.1152/jn.00866.2014,Mammals,,,,Bui and Brownstone 2015,,False,True,Computational study showing sparse sensory input can perturb and restructure locomotor activity; small afferent signals access widely distributed locomotor networks.,,,,True
recnW7Ac7UK1BU0GA,Stochastic transitions between in-phase and anti-phase synchronization in coupled map-based neural oscillators,Bashkirtseva,,2021,10.1016/j.cnsns.2020.105611,,,,,,,False,False,,,,,True
recmaz4Ajl9458CSG,Three-dimensional walking of a simulated muscle-driven quadruped robot with neuromorphic two-level central pattern generators,Habu,,2019,10.1177/1729881419885288,Cat,,,,Habu 2019,,False,True,"Computational model study. For each leg, we use a two-level central pattern generator consisting of a rhythm generation part to produce basic rhythms and a pattern formation part to synergistically activate a different set of muscles in each of the four sequential phases (swing, touchdown, stance, and liftoff).",,,,True
recHUmIbC15rFPFRa,A controller for continuous wave peristaltic locomotion,Boxerbaum et al.,,2011,10.1109/iros.2011.6094954,,,,,Boxerbaum 2011,,False,True,Controller for continuous-wave peristaltic locomotion in a worm-like robot; traveling-wave body actuation with local reflexes.,,,,True
recmlAhuHOb0FwLxE,Vision can recalibrate the vestibular reafference signal used to re-establish postural equilibrium following a platform perturbation,Toth,,2016,10.1007/s00221-016-4801-7,,,,,,,False,True,Here we investigate whether vision can recalibrate the vestibular feedback used during the re- establishment of equilibrium following a perturbation.,,,,True
rec2xw9sbTwrnAK5e,Balancing of humanoid robot using contact force/moment control by task-oriented whole body control framework,Lee,,2015,10.1007/s10514-015-9509-1,Human,,,,,,False,True,The proposed approach in this paper is to maintain balance of torque-controlled robots by controlling contact force and moment using whole-body control framework with hierar- chical structure.,,,,True
recEBU9QYruCYKihU,"Lumbar V3 interneurons provide direct excitatory synaptic input onto thoracic sympathetic preganglionic neurons, linking locomotor, and autonomic spinal systems",Chacon,Nwachukwu; Shahsavani; Cowley,2023,10.3389/fncir.2023.1235181,,,,,,,True,True,"Lumbar locomotor V3 interneurons provide direct, somatotopically organized excitatory synaptic input to thoracic sympathetic preganglionic neurons (8-20% of their glutamatergic input), where optical activation evokes prolonged depolarizations or action potentials — an intraspinal route coupling locomotor activation to autonomic recruitment without supraspinal mediation.","Silence or ablate lumbar V3 interneurons during locomotion while recording sympathetic outflow and autonomic effectors, to test whether this intraspinal pathway is necessary for movement-coupled autonomic activation.",Add a propriospinal excitatory branch from lumbar CPG modules to an autonomic controller layer in a neuromechanical model and ablate it to quantify the loss of locomotion-driven autonomic entrainment.,,True
recr7iJLCOw4fakIQ,Slack-based tunable damping leads to a trade-off between robustness and efficiency in legged locomotion,Mo,,2023,10.1038/s41598-023-30318-3,,,,,,,True,True,"Motivated by the concept of an adaptive mechanism triggering an immediate response, we developed a tunable physical damper system.",,,,True
recvXjq8EuD0tMv1l,Proprioceptive Stimulation Added to a Walking Self-Avatar Enhances the Illusory Perception of Walking in Static Participants,Labbe,,2021,10.3389/frvir.2021.557783,Human,,,,,,True,True,"Adding gait-patterned lower-limb muscle vibration to a first-person walking avatar increased static participants' sense of agency and illusory perception of walking; only realistic, temporally aligned proprioceptive stimulation produced anteroposterior center-of-pressure sway matching the avatar's gait cadence — congruent proprioceptive input alone can evoke motor correlates of gait.",,,,True
recN2Q35VFs8XDFoO,Design of a Canine Inspired Quadruped Robot as a Platform for Synthetic Neural Network Control,Scharzenberger,,2019,10.1007/978-3-030-24741-6_20,Dog,,,,Scharzenberger 2019,,False,True,"Computational model study. DoggyDeux features a fully 3D printed frame, 24 braided pneumatic actuators (BPAs) that drive four 3-DOF limbs in an- tagonistic extensor-flexor pairs, and an electrical system that allows it to respond to commands from a SNN comprised of central pattern genera- tors (CPGs).",,,,True
recEnR0pqtUweSuQz,Computing Motion Dependent Afferent Activity During Cat Locomotion Using a Forward Dynamics Musculoskeletal Model,Prilutsky,Klishko; Weber; Lemay,2016,10.1007/978-1-4939-3267-2_10,,,,,,,True,False,,,,,True
recRAV1TB6KDUwAPV,Left-right locomotor coordination in human neonates,Dewolf,Scaleia; Fabiano; Sylos-Labini; Mondi; Picone; Paolo; Paolillo; Ivanenko; Lacquaniti,2022,10.1523/jneurosci.0612-22.2022,Human; Mammals,,,,,,False,True,"In 46 stepping neonates, interlimb coordination is variable (including 2:1 locking episodes and activity deletions on a blocked side), hip-position effects are strictly ipsilateral (backward hip position engaging hip flexors, flexed position engaging hip extensors), sudden posterior release of a blocked limb elicits immediate swing initiation, and extensor muscles show load responses at midstance, indicating neonatal networks with independent per-limb pattern generators and load and hip-position feedback but incomplete sensory modulation relative to mature locomotion.",Apply matched limb-blocking stepping protocols across immature animals of different species to determine which interlimb coordination features mature after birth and how closely neonatal networks match spinal mammalian preparations.,"Model per-limb flexor and extensor pattern generators with hip-position and load feedback but weak interlimb coupling; reproduce 2:1 coordination episodes and activity deletions, then strengthen coupling parameters toward mature alternation.",,True
recyv5IDdtp3W3igU,Integrating Non-spiking Interneurons in Spiking Neural Networks,Strohmer,,2021,10.3389/fnins.2021.633945,,,,,,,True,True,"Additionally, we show that non-spiking neurons can effecti vely manipulate post-synaptic spiking neurons.",,,,True
recCgLw3aGTpDDj7t,Unusual Quadrupedal Locomotion in Rat during Recovery from Lumbar Spinal Blockade of 5-HT7 Receptors.,Sławińska,Majczyński; Kwaśniewska; Miazga; Cabaj; Bekisz; Jordan; Zawadzka,2021,10.3390/ijms22116007,Rat,,,,,,True,True,"Spinal 5-HT7 receptor blockade (not 5-HT2A) in adult rats reorganizes recovery quadrupedal locomotion into a transiently stable 2:1 forelimb-to-hindlimb stepping pattern, implicating lamina VII 5-HT7-expressing interneurons with ascending projections in setting fore-hindlimb coupling.","Silence or ablate lamina VII 5-HT7-positive ascending interneurons, or apply SB269970 selectively rostral versus caudal to a spinal transection, to localize where the 2FL-1HL coupling is generated and confirm the receptor-subclass specificity.",Model fore-hindlimb coupling through an ascending serotonergic-modulated interneuron path between hindlimb and forelimb CPGs; removing the 5-HT7-like gain should lock the network into a 2:1 forelimb-to-hindlimb pattern.,,True
rec0YUoteW4d5T1HL,An Assessment of Six Muscle Spindle Models for Predicting Sensory Information during Human Wrist Movements,Malik,,2016,10.3389/fncom.2015.00154,Human,,,,Malik 2016,,True,True,"Computational model study. Jones kejones@ualberta.ca Received: 27 April 2015 Accepted: 21 December 2015 Published: 14 January 2016 Citation: Malik P , Jabakhanji N and Jones KE (2016) An Assessment of Six Muscle Spindle Models for Predicting Sensory Information during Human Wrist Movements.",,,,True
recH9rSuUtGykbuWE,Control of Cat Walking and Paw-Shake by a Multifunctional Central Pattern Generator,Bondy,Klishko; Edwards; Prilutsky; Cymbalyuk,2016,10.1007/978-1-4939-3267-2_12,Cat; Mammals,,,,Bondy 2016,,True,True,A single half-center CPG model with two coexisting activity regimes — fast ~10 Hz paw-shake and slow ~2 Hz walking — drives a neuromechanical cat-hindlimb model to produce either behavior when regime-appropriate spinal synaptic weights are selected; paw skin afferent input is proposed as the trigger for selecting both the CPG regime and the spinal circuitry.,,,,True
rec4HECg6ruANPz6E,Locomotion of snake-like robots using adaptive neural oscillators,Ryu,,2010,10.1007/s11370-009-0049-4,,,,,,,False,False,,,,,True
recbvDYMph6T7ltHE,"The Merits of Passive Compliant Joints in Legged Locomotion: Fast Learning, Superior Energy Efficiency and Versatile Sensing in a Quadruped Robot",Hoffmann,,2017,10.1016/s1672-6529(16)60374-8,,,,,,,False,False,,,,,True
rechChYUiOWxMAyom,"Reactive Balance Control in Response to Perturbation in Unilateral Stance: Interaction Effects of Direction, Displacement and Velocity on Compensatory Neuromuscular and Kinematic Responses",Freyler,,2015,10.1371/journal.pone.0144529,Human,,,,,,True,True,"This study aimed to assess interaction effects of the direction, displacement and velocity of perturbations on electromyographic (EMG) activity, centre of pressure (COP) dis- placement and joint kinematics to detect neuromuscular characteristics (phasic and seg- mental) and kinematic strategies of compensatory reactions in an unilateral...",,,,True
rec7d3gA1NU16PgEe,Control strategies of 3-cell Central Pattern Generator via global stimuli,Lozano,,2016,10.1038/srep23622,,,,,,,True,True,"We show how, with a suitable combination of short and weak global inhibitory and excitatory stimuli over the whole network, we can switch between different stable bursting patterns in small neuron networks (in our case a 3-neuron network).",,,,True
recDKiZNcb9N7EN7W,Dynamic Stability of Open-Loop Hopping,Cham,,2006,10.1115/1.2718237,,,,,Cham 2006,,False,True,"Computational model study. Cutkosky Center for Design Research, Stanford University, Stanford, CA 94305-2232 Dynamic Stability of Open-Loop Hopping Simulations and physical robots have shown that hopping and running are possible without sensory feedback.",,,,True
reczlRudOgT2MKhuC,A new biological central pattern generator model and its relationship with the motor units,Lu,,2022,10.1007/s11571-021-09710-0,,,,,Lu 2022,,False,True,"Computational model study. Recently, numerous molecular and genetic approaches have been proposed for investigating the CPG mechanisms.",,,,True
recV4rRSMl2nvVVaR,A robotic device for understanding neuromechanical interactions during standing balance control.,Scrivens,,2008,10.1088/1748-3182/3/2/026002,Cat; Human,,,,Scrivens 2008,,False,True,Computational model study. Here we demonstrate that independent variations in either stance width or delayed neural feedback gains can have profound and often surprisingly detrimental effects on the postural stability of the system.,,,,True
recZwtDDwdrsoueni,Design of a Four-Bar Latch Mechanism and a Shear-Based Rotary Viscous Damper for Single-Axis Prosthetic Knees,Arelekatti,,2021,10.1115/1.4052804,Human,,,,,,False,True,"In this study, we present the design and preliminary testing of two distinct mechanism modules that are novel for passive prosthetic knee applications: the stability module and the damping module.",,,,True
rec9ra9JisYr6tEXj,A postural control model incorporating multisensory inputs for maintaining a musculoskeletal model in a stance posture,Jiang,,2017,10.1080/01691864.2016.1266095,Human,,,,Jiang 2017,,False,True,"Computational model study. In this study, our aim was to develop a stance postural control model including a neural controller with feed-forward controlandsensoryfeedbackcontrolbasedonvisual,vestibular,andproprioceptivesomatosensory feedback inputs.",,,,True
recAcAFyWwwCLEAqY,Diversified physiological sensory input connectivity questions the existence of distinct classes of spinal interneurons,Kohler,Bengtsson; Stratmann; Röhrbein; Knoll; Albu-Schäffer; Jörntell,2022,10.1016/j.isci.2022.104083,Cat,,,,,,True,True,"The spinal cord is engaged in all forms of motor performance but its functions are
far from understood. Because network connectivity defines function, we
explored the connectivity of muscular, tendon, and tactile sensory inputs among
a wide population of spinal interneurons in the lower cervical segments. Using
low noise intracellular whole cell recordings in the decerebrated, non-anesthetized cat in vivo, we could define mono-, di-, and trisynaptic inputs as well as
the weights of each input. Whereas each neuron had a highly specific input, and
each indirect input could moreover be explained by inputs in other recorded neurons, we unexpectedly also found the input connectivity of the spinal interneuron
population to form a continuum. Our data hence contrasts with the currently
widespread notion of distinct classes of interneurons. We argue that this suggested diversified physiological connectivity, which likely requires a major
component of circuitry learning, implies a more flexible functionality.",,,,True
recrZGsaVKPx35Xdx,The Motor Circuit,Von Stetina et al.,,2005,10.1016/S0074-7742(05)69005-8,,,,,,Von Stetina 2005,False,True,"Reviews the C. elegans ventral nerve cord motor circuit — its architecture, development, fate-specifying genes, and models of locomotor control — and identifies surprising structural and developmental similarities between the nematode and vertebrate axial nerve cords, speculating that conserved transcription factor families shaped the evolution of both motor circuits.",Test the speculated conservation: knock down or knock out the conserved transcription factor families in a vertebrate preparation and assay whether motor neuron fate specification and circuit organization parallel the nematode sequence.,,,True
reczzzRbftENibmQj,Feedback design for multi-contact push recovery via LMI approximation of the Piecewise-Affine Quadratic Regulator,Han,,2017,10.1109/humanoids.2017.8246970,Human,,,,Han 2017,,False,True,"Computational model study. We show that we can embed a quadratic objective in the SDP, designing a controller approximating the Piecewise-Afﬁne Quadratic Reg- ulator .",,,,True
reci17p4EWu9R0BYg,How deletions in a model could help explain deletions in the laboratory.,Duysens,,2006,10.1152/jn.00888.2005,,,,,,,True,True,No usable abstract in the record (publisher full-text holder only). From the title alone: a commentary proposing that deleting components in a computational locomotor model could help explain 'deletions' observed in laboratory data.,,,,True
recDobMp8NR8eRUwb,Force and motion management in legged locomotion,Waldron,,1986,10.1109/jra.1986.1087060,,,,,,,False,True,"Legged locomotion over uneven terrain is statically indeterminate and unstable under position-velocity control; directly controlling actuator forces — as in multi-fingered grasping, under an assumption of zero horizontal foot interaction forces — removes the stability problem at moderate computational cost.",,Swap joint position-velocity control for direct force control in a legged simulator on uneven terrain and verify the predicted stability improvement and computational savings under the zero-horizontal-foot-interaction assumption.,,True
reca9u3Nw2ixEPeW3,The functional diversity of spinal interneurons and locomotor control,Deska-Gauthier and Zhang,,2019,10.1016/j.cophys.2019.01.005,,,,,,,False,False,,,,,True
recPWRifS8TOvKUYX,Postural control and adaptation are influenced by preceding postural challenges,Tjernström,,2010,10.1007/s00221-010-2166-x,Human,,,,Tjernström 2010,,False,True,Computational model study. We investigated the possible consequences of two consecutive postural tasks on adaptation.,,,,True
recr9WJMybMroizLZ,CPG-based Sensory Feedback Control for Bio-inspired Multimodal Swimming,Wang,,2014,10.5772/59186,,,,,Wang 2014,,False,True,"A robotic-fish controller in which sensory feedback reshapes CPG coupling topology and parameters online — with a finite-state machine selecting among swimming gaits — improves maneuverability and adaptability in simulation and underwater tests, an engineering demonstration of feedback-driven CPG reconfiguration for multimodal locomotion.",,Implement a CPG whose coupling forms and control parameters are shaped online by sensory feedback under finite-state gait selection; test multimodal gait switching and adaptation to environmental change against fixed-coupling CPGs.,,True
recLkXRnPa75mfEqC,Ankle dorsi- and plantar-flexion torques measured by dynamometry in healthy subjects from 5 to 80 years,Moraux,,2013,10.1186/1471-2474-14-104,Human,,,,Moraux 2013,,False,True,"Computational model study. The objectives of this study were to establish normative data and predictive equations for both ankle dorsi- and plantar-flexion strength from a population of healthy subjects (children and adults), to assess the reliability of the measurements and to study the feasibility of using a novel...",,,,True
recVBO9N6W9EQlOhn,On the possibility (or lack thereof) of agreement between experiment and computation of flows over wings at moderate Reynolds number,J.,,2017,10.1098/rsfs.2016.0076,Human,,,,,,False,True,"Here we exam- ine one ostensibly simple case of the NACA 0012 aerofoil and make careful comparison between the technical literature, and new experiments and com- putations.",,,,True
recekls2eVExj4oy8,Flexor and Extensor Ankle Afferents Broadly Innervate Locomotor Spinal Shox2 Neurons and Induce Similar Effects in Neonatal Mice.,Li,Garcia-Ramirez; Dougherty,2019,10.3389/fncel.2019.00452,Mice,,,,,,True,True,"Shox2 CPG neurons in neonatal mice are broadly innervated by both flexor- and extensor-related ankle afferents, which evoke similar currents without the expected functional antagonism; stimulation of either resets ongoing fictive locomotion to flexion, so low-threshold proprioceptive input reinforces sensory perturbation of both the rhythm and patterning layers.","Stimulate identified afferent classes (Ia, II, Ib) during fictive locomotion in Shox2 reporter mice while recording Shox2 neurons, or delete Shox2 subpopulations, to test their necessity for afferent phase resetting.",Add broad convergent low-threshold proprioceptive input onto both rhythm and patterning layers so that flexor- or extensor-related activation resets the CPG to flexion; ablate the Shox2-analog population to test loss of afferent resetting.,,True
recDDDXU2QFpaua3X,Biologically inspired gait transition control for a quadruped walking robot,Koo,,2015,10.1007/s10514-015-9433-4,Human,,,,Koo 2015,,False,True,Computational model study. A Two- Way oscillator coupling has been used for modeling the CPG.,,,,True
recd3fZ0LxvjfiMFO,Symmetry in legged locomotion: a new method for designing stable periodic gaits,Razavi,,2017,10.1007/s10514-016-9593-x,,,,,,,False,False,,,,,True
recrWB1lztiKhvhs1,Systematic generation of biophysically detailed models with generalization capability for non-spiking neurons,Naudin,,2022,10.1371/journal.pone.0268380,,,,,Naudin 2022,,True,True,"Computational model study. Such neurons have been found in a large variety of nervous tis- sues in both vertebrate and invertebrate species, and have been proven to play a central role in neuronal information processing.",,,,True
recb56qN4IJw74RhK,An Intersegmental Neuronal Architecture for Spinal Wave Propagation under Deletions,Pérez,Tapia; Mirasso; Garcia-Ojalvo; Quevedo; Cuellar; Manjarrez,2009,10.1523/jneurosci.1737-09.2009,Cat,,,,,,False,True,"During cat scratching, traveling electrical waves along the spinal cord persist through extensor-burst deletions that leave the cycle unaltered, whereas deletions that perturb the cycle coincide with loss of the traveling wave; numerical simulations of an asymmetric two-layer CPG distributed longitudinally along the cord reproduce both the sinusoidal waves and both deletion classes, supporting a longitudinal chain organization of CPG networks.","Record global spinal activity during scratching with targeted microlesions or microstimulation of intersegmental connections to test whether removing specific longitudinal links eliminates the traveling wave while sparing local rhythm, directly probing the two-layer chain architecture.",Implement a longitudinally distributed asymmetric two-layer CPG and perturb individual unit oscillators to reproduce the deletion dichotomy (cycle-preserving versus cycle-perturbing deletions); use it to calibrate intersegmental coupling in multi-segment walkers.,,True
reco3bdQdh4PwmIA2,Optimal exploitation of natural dynamics in legged locomotion,Remy,,2011,10.3929/ethz-a-6665065,,,,,,,False,False,,,,,True
rec5I9UPZcLsoKZrS,Sensory Modulation of Locomotor-Like Membrane Oscillations in Hb9-Expressing Interneurons,Hinckley,Wiesner; Mentis; Titus; Ziskind-Conhaim,2010,10.1152/jn.00996.2009,Mice,,,,,,True,True,"In isolated neonatal mouse spinal cords, low-threshold afferents produce short-latency monosynaptic excitatory responses in most Hb9 interneurons, with VGLUT1- and parvalbumin-immunoreactive afferent contacts on somata and dendrites, and afferent input resets neurochemically induced locomotor-like rhythms: flexor-related afferent stimulation during the flexor phase delays subsequent cycle onsets while extensor-related stimulation prolongs cycle period two- to threefold, with Hb9 IN oscillations remaining phase-locked to motor bursts throughout. Hb9 INs are therefore sensorimotor interneurons positioned to regulate the pattern of locomotor rhythms.","Ablate or silence Hb9 interneurons, for example by targeted lesion in Hb9:eGFP mice, during drug-induced locomotor-like activity to test whether afferent-induced cycle resetting is lost while the rhythm itself persists.",Add an Hb9 interneuron layer receiving monosynaptic afferent input and phase-locked to motor bursts in a CPG model; ablating the layer should remove the afferent phase-resetting effects on cycle timing without abolishing rhythmicity.,,True
recPOj8x831baOTFR,Chapter 10--a hierarchical perspective on rhythm generation for locomotor control.,Yakovenko,,2011,10.1016/b978-0-444-53825-3.00015-2,,,,,Yakovenko 2011,,False,True,"Implemented Brown's half-center CPG concept as reciprocally organized integrators whose parameters were optimized to satisfy the biomechanical requirements of overground locomotion, finding that the control signal driving each limb's CPG corresponds to the desired speed of forward progression; supports a scheme in which descending and sensory feedback inputs combine into a high-level command that sets forward velocity, with steering generated by differential speed commands to different limbs.","Record spinal network activity across locomotor speeds in reduced preparations to test whether the combined descending-sensory drive corresponds to desired forward speed, and during turning to test for differential speed-command input across limbs.","Drive each limb's half-center CPG with a speed-command signal and implement steering as differential speed commands across limbs, with phase-duration characteristics matched by optimization; removing the sensory component of the combined drive should degrade velocity regulation.",,True
reclt0iqz6YI4mebn,Different Motor Neuron Spike Patterns Produce Contractions With Very Similar Rises in Graded Slow Muscles,Hooper,,2007,10.1152/jn.01014.2006,Stick Insect; Insects,,,,,,False,True,A consequence of spike-number dependency is that brief changes in spike frequency do not alter contraction slope and we show here that extensor motor neuron bursts with different spike patterns give rise to contractions with very similar contraction rises.,,,,True
recgxiNQmBE2N5s7M,"An adaptive locomotion controller for a hexapod robot: CPG, kinematics and force feedback",Chen,,2014,10.1007/s11432-014-5148-y,Insects,,,,Chen 2014,,False,True,"Computational model study. To tackle this challenge, a central pattern generator (CPG)-based locomotion control methodology is proposed, integrated with a contact force feedback function.",,,,True
reczNMi3ShsgXP5bR,Distinguishing subtypes of spinal locomotor neurons to inform circuit function and dysfunction,Dougherty,,2023,10.1016/j.conb.2023.102763,,,,,,Dougherty 2023,False,True,"Perspective on linking spinal interneuron identity to locomotor function: molecular identification of broad interneuronal classes advanced the field, and adding location, electrophysiological properties, and connectivity sharpens function assignment, but some functional populations - notably rhythm-generating neurons - lack clear identifiers, and experience-dependent plasticity plus spinal cord injury complicate subtype definitions, making multimodal classification necessary for understanding circuit function and dysfunction.","Combine gene profiling with location, electrophysiology, connectivity, and perturbation recordings in behaving animals to assign function to molecularly defined spinal subtypes, and search for markers that uniquely identify rhythm-generating neurons.","Build locomotor network models whose unit classes are constrained by the multimodal classifiers, including an as-yet-unidentified rhythm-generating population; deleting specific classified subtypes in the model tests predicted functional deficits and can guide which neurons to target for identification.",,True
recyIH6OhD7EnhIy6,Sensory Feedback in the Control of Posture and Locomotion,Edwards and Prilutsky,,2017,10.1002/9781118873397.ch9,Arthropods; Vertebrates,,,,,Edwards and Prilutsky 2017,True,True,"Book chapter synthesizing sensory control of posture and locomotion in arthropods and vertebrates through classical feedback-control theory, arguing that experimental paradigms, reduced animal preparations, and neuromechanical modeling must be combined to understand postural control, which in both groups maintains a body-configuration set point (a set of joint angles keeping the body above the feet) during standing, locomotion, and other movements, and resists sudden perturbations.","Apply perturbation paradigms in reduced arthropod and vertebrate preparations to isolate individual sensory feedback loops, testing the control-theoretic prediction that each loop defends a defined body-configuration variable against disturbances.",Build posture controllers for simulated walkers per the chapter's framework - body-configuration set points defended by sensory feedback loops - and ablate loops individually to compare predicted versus resulting postural deficits in arthropod- and vertebrate-style morphologies.,,True
recuI1q2b43ma7DG2,Proprioceptive feedback contributes to the adaptation toward an economical gait pattern,Hubbuch,,2015,10.1016/j.jbiomech.2015.04.024,Human,,,,,,False,True,"Disrupting plantarflexor proprioception with noisy Achilles tendon vibration left level walking largely unchanged but slowed adaptation to a 2.5% incline — shorter stride periods and redistributed medial gastrocnemius activity (reduced mid-stance, increased late-stance) persisted for 2-3 minutes before converging, and uphill metabolic cost rose — indicating proprioceptive feedback is needed to rapidly identify low-cost muscle activation patterns.","Replicate in an animal model: apply tendon vibration or selectively silence ankle extensor proprioception during locomotion on changing inclines and measure adaptation rate, redistribution of muscle activation, and metabolic cost.",Add a proprioception-dependent adaptation layer to a neuromuscular gait model that searches for economical activation patterns; ablate the proprioceptive input and reproduce the delayed adaptation and elevated cost under a mechanical demand change.,,True
recqNoUL8pQ6GSvyZ,A physical model of sensorimotor interactions during locomotion.,Klein and Lewis,,2012,10.1088/1741-2560/9/4/046011,,Ib,,,Klein 2012,,True,True,"A bipedal robot with strap actuators, Golgi-tendon-organ-like strap load sensors, and a spiking half-center CPG with phase-modulated reflexes walks with the cycle entrained to body dynamics, and the CPG stabilizes gait against perturbations beyond a purely reflexive controller — a physical test of CPG-reflex synergy benchmarked against human walking trajectories.",Compare perturbation recovery in intact versus deafferented walking animals to quantify the stabilizing contribution the robot attributes to the CPG — the reflex-only versus CPG+reflex contrast predicts smaller recovery margins after deafferentation.,Replicate in simulation: half-center CPG plus phase-modulated reflexes with Ib strap-force feedback on a biped; ablate the CPG to leave reflex-only control and quantify the stability loss against matched perturbations.,,True
recywo86bHpoGmYr3,Use of Visual and Proprioceptive Feedback to Improve Gait Speed and Spatiotemporal Symmetry Following Chronic Stroke: A Case Series,Lewek,,2012,10.2522/ptj.20110206,Human,,,,,,False,True,"In two chronic stroke patients, 18 sessions of treadmill gait training augmented with continuous real-time visual feedback (immersive virtual environment) and proprioceptive feedback (dual-belt treadmill) improved gait speed and spatiotemporal symmetry beyond levels previously reported, with each patient improving the symmetry dimension they trained (step-length versus stance-time). Shows augmented sensory channels can drive relearning of gait symmetry after stroke.","Test combined visual and proprioceptive symmetry feedback in a larger stroke cohort with retention follow-up, and dissociate the two channels to determine whether proprioceptive (split-belt driven) or visual augmentation drives the symmetry gains.","Model gait adaptation as an external feedback loop: real-time symmetry error signals delivered through visual and proprioceptive channels drive step-to-step correction of a neuromuscular gait controller, reproducing the differential improvement in the trained symmetry dimension.",,True
recIBEMEe0glxwdTn,Organization of common synaptic drive to motoneurones during fictive locomotion in the spinal cat,Nielsen et al.,,2005,10.1113/jphysiol.2005.091744,Cat,,,,,,False,True,Common drive to motoneurones during fictive locomotion is organized in low-frequency coherent components that group muscles into functional synergies; locomotor drive is shared rather than muscle-specific.,,,,True
recZJU3Tv1NeOUDiG,Dynamic spinal reflex adaptation during locomotor adaptation,Refy,Blanchard; Miller-Peterson; Dalrymple,2023,10.1152/jn.00248.2023,Human,,,,,,False,True,"Provides direct evidence that spinal reflexes can be modulated on demand and unilaterally during split-belt locomotor adaptation in healthy adults, and proposes reflex-gain modulation itself as a candidate mechanism for the adaptation of gait asymmetry.","A split-belt adaptation protocol with serial reflex testing, plus reversible blockade of the tested reflex arc, in an animal model would establish whether unilateral reflex modulation is necessary for adapting step asymmetry or merely correlates with it.","Implement reflex pathways with side-specific, adaptable gains in a bilateral walker and test whether modulating reflex gain alone (holding CPG drive fixed) reduces gait asymmetry during split-belt perturbations.",,True
recXQWHQPjyadyjKl,Joint forces in extension of the knee: Analysis of a mechanical model,Nisell,,1986,10.3109/17453678608993213,,,,,Nisell 1986,,False,True,"Computational model study. Full Terms & Conditions of access and use can be found at https://www.tandfonline.com/action/journalInformation?journalCode=iort20 Acta Orthopaedica Scandinavica ISSN: 0001-6470 (Print) (Online) Journal homepage: https://www.tandfonline.com/loi/iort19 Joint forces in extension of the knee: Analysis of a mechanical model Ralph Nisell, Gunnar Németh & Hans Ohlsén To cite this...",,,,True
recGZwypGABEgcHnw,Central pattern generator for swimming in <i>Melibe</i>,Thompson,,2005,10.1242/jeb.01500,,,,,Thompson 2005,,False,True,Computational model study. We propose that the swim CPG consists of two pairs of interneurons.,,,,True
recqjciOxrZ2s4vbg,Emulated muscle spindle and spiking afferents validates VLSI neuromorphic hardware as a testbed for sensorimotor function and disease,Niu,,2014,10.3389/fncom.2014.00141,Human,,,,Niu 2014,,True,True,"Computational model study. Here we demonstrate an accurate and extremely fast emulation of a muscle spindle and its spiking afferents, which are computationally expensive but fundamental for reﬂex functions.",,,,True
recnTTC8TtiHy5yNB,Mode locking and Arnold tongues in integrate-and-fire neural oscillators,Coombes,,1999,10.1103/physreve.60.2086,,,,,Coombes 1999,,False,True,"Firing-map stability analysis of periodically forced integrate-and-fire oscillators yields the Arnold-tongue organization of p:q mode-locked states for sinusoidal, spike-train synaptic, and coupled-pair forcing — the standard framework for predicting when periodic input entrains a neural oscillator and when bursting (spike/quiescence) regimes emerge.","Periodically stimulate an identified rhythmic neuron (intracellular sinusoidal current, or periodic afferent stimulation in an isolated spinal cord) and map firing ratios p:q across amplitude and frequency; observing Arnold-tongue structure would test the framework in real tissue.",Use firing-map/Arnold-tongue analysis to predict entrainment regimes of simulated CPG neurons under periodic afferent drive; verify mode-locked p:q states and bursting solutions against direct numerical simulation.,,True
recmjUmtKNDBVnNir,Self-Sustained Irregular Activity in an Ensemble of Neural Oscillators,Ullner,,2016,10.1103/physrevx.6.011015,,,,,Ullner 2016,,False,True,"Models a population of oscillators acting like firing neurons to study the onset of self-sustained irregular collective dynamics, addressing how irregular population activity emerges and persists in complex systems such as brains.",,"Implement coupled oscillator populations and map the parameter regime where self-sustained irregular collective activity onsets, as a minimal model of irregular population dynamics in neural circuits.",,True
recawoXfKMSJgoPyx,Adding Proprioceptive Feedback to Virtual Reality Experiences Using Galvanic Vestibular Stimulation,Sra,,2019,10.1145/3290605.3300905,Human,,,,,,False,True,"A wearable galvanic vestibular stimulation device significantly reduces cybersickness and increases rated immersion during virtual self-motion (N=20), showing that electrically elicited vestibular reflexes can stand in for the vestibular and proprioceptive cues that virtual motion lacks.",,Implement a vestibular-analog feedback channel (attitude or acceleration error driving reflex gains) in a balance controller and ablate it to quantify how vestibular input supplements proprioceptive feedback during self-motion.,,True
rec49moYzPdK3NAnz,Synchronization and desynchronization of neural oscillators,Tonnelier,,1999,10.1016/s0893-6080(99)00068-4,,,,,Tonnelier 1999,,False,True,"Computational model study. First, we present a synthesis of the mathematical properties of both neural oscillator versions.",,,,True
recPoyqO9O9txmwm5,Speed dependency in α-motoneuron activity and locomotor modules in human locomotion: indirect evidence for phylogenetically conserved spinal circuits,Yokoyama,Ogawa; Shinya; Kawashima; Nakazawa,2017,10.1098/rspb.2017.0290,Human,,,,,,True,True,"In human walking, generation of muscle activity is largely
affected by sensory input [32]. In slow walking, as discussed
above, large sacral activity in mid-stance is presumably derived
from foot-support interactions thorough load feedback. This
sacral activity is most probably related to constancy in triceps
activity over the speed range and to negative speed dependency in PL activity with regard to load information in
slow-speed walking, as discussed in [33]. At higher speeds,
changes in locomotor muscle activity are clearly related to
reinforcement of sensory feedback depending on speed
increases. It is assumed that extensor activity during early
stance phase (M5 activity and forward shift of activation
timing of M2 in running) was related to reinforcing load feedback (i.e. extensor reinforcing reflex) [34], and hamstring
activity at the end of swing (M4 activity) was related to an
increase in knee-extension speed (i.e. stretch reflex) [35].
Although there was no doubt about the contributions of
these reflex-driven muscle activities to control speed in
human locomotion, a modelling study showed that reflexbased muscle activity alone without CPGs cannot control
locomotor speed [36]. In addition to reflex control of locomotion, it has been shown that sensory feedback affects
lumbar burst generators in CPGs [4,37]. Vibration of leg
muscles facilitated locomotor-like muscle activity evoked by
spinal electromagnetic stimulation to the lumbar segment [4].
A study in mice demonst",,,,True
recYU7SLR2XHrfH0W,Shining light into the black box of spinal locomotor networks,Whelan,,2010,10.1098/rstb.2009.0322,Mammals,,,,,Whelan 2010,True,True,"Reviews how new genetic approaches that identify and manipulate specific interneuron classes are opening the mammalian locomotor CPG 'black box' that had previously been probed only through input-output manipulation, critically discussing these techniques in relation to current models of network function.",Apply class-specific optogenetic or chemogenetic silencing of identified spinal interneuron populations during locomotion to test candidate circuit diagrams for rhythm versus pattern generation.,Populate a simulated locomotor network with genetically identified interneuron classes as distinct node types (rhythmogenic vs pattern-organizing populations) and match model ablation phenotypes to the genetic loss-of-function data reviewed.,,True
recbuZPxtSFoexUn3,A controller perspective on biological gait control: Reflexes and central pattern generators,Duysens and Forner-Cordero,,2019,10.1016/j.arcontrol.2019.04.004,Human; Cat,,,,,Duysens and Forner-Cordero 2019,True,True,"Reviews the neural control of gait from a control-engineering perspective and argues the biological CPG is asymmetric: the rhythm generator drives the flexor half in feedforward fashion while the extensor half operates in feedback mode, gated by external inputs such as ground contact — an architecture with direct implications for how biped robots should couple CPGs to contact sensing.",,,,True
recVuer0aedxQFf9J,Biomechanics of smart wings in a bat robot: morphing wings using SMA actuators,Colorado,,2012,10.1088/1748-3182/7/3/036006,,,,,Colorado 2012,Colorado 2012,False,True,Review of biomechanics smart wings bat robot:. Computational model study. 7 036006 View the article online for updates and enhancements.,,,,True
recfjnlS1Vy7XmC5v,Sensory Feedback Control of Locomotor Pattern Generation in Cats and Mice.,Akay,,2020,10.1016/j.neuroscience.2020.05.008,Cat; Mice,,,,,Akay 2020,False,True,"Review framing sensory feedback control of locomotion across the two dominant models: cat experiments established the broad picture of phase- and task-dependent reflex modulation during walking, while mouse molecular genetics now enables population-specific deletion and modulation to assign those roles to identified afferent and interneuron classes.",Use the cat-versus-mouse framing to design population-specific afferent or interneuron deletions in mice that genetically test the reflex roles established in cat experiments.,"Use the cat-derived sensory-control map to choose which afferent pathways to implement in a simulated walker, then emulate mouse population deletions as targeted pathway ablations to predict functional losses.",,True
recyqsHaxqWhg2keP,Stabilization of posture by precision touch of the index finger with rigid and flexible filaments,Lackner,,2001,10.1007/s002210100775,Human,,,,,,False,True,"Our findings indicate that: (1) stimula- tion of a small number of receptors in the fingertip is ad- equate to allow stabilization of sway, (2) fingertip force levels as low as 5–10 g provide some stabilization, (3) contact with a stationary spatial referent is most...",,,,True
recgA8OcMZa9kUyIK,The possibility of phase-dependent monosynaptic and polysynaptic la excitation to homonymous motoneurones during fictive locomotion,Schomburg and Behrends,,1978,10.1016/0006-8993(78)90363-3,,,,,,,False,False,,,,,True
recDbjiLWM58hFrG9,Physiologically based controller for generating overground locomotion using functional electrical stimulation.,Guevremont,Norton; Mushahwar,2007,10.1152/jn.01177.2006,Cat,,,,,,True,True,"In spinal cats stepping via functional electrical stimulation, an intrinsically timed controller achieves overground stepping more easily (lower sensitivity to initial stimulation parameters) but cannot compensate walkway resistance or muscle fatigue, while a sensory-driven controller that switches between unloaded flexion and loaded extension phases adapts to loading — motivating a combined controller that runs on intrinsic timing but resets phase from sensory signals.","Compare intrinsically timed, sensory-driven, and combined FES controllers across repeated sessions in instrumented spinal cats, quantifying load-bearing stepping and adaptation to induced muscle fatigue.","Implement a fixed-timing CPG with load-based sensory phase resetting (combined controller) in a neuromuscular biped; ablating the sensory reset should cause failures under fatigue-like actuator force decay and changing walkway resistance, reproducing the timed controller's limitation.",,True
recXmEkDlhklOeym7,Flush Air Data Sensing for Soaring-Capable UAVs,Quindlen,,2013,10.2514/6.2013-1153,,,,,,,False,True,Introduction S mall Uninhabited Ferial Vehicles t uavsux with a wingspan of + meters or less and mass under 1 kgx have tremendous potential in military and civilian applicationsz These aircraft are usually handylaunchable with small operational footprintsx but this small size also limits payload...,,,,True
recKxfVFz2liwj8Ij,Vibration receptive sensilla on the wing margins of the silkworm moth Bombyx mori,Ai,,2010,10.1016/j.jinsphys.2009.10.007,Cockroach; Insects,,,,,,False,True,Each kind of sensillum is specialized both morphologically and physiologically for detecting its own speciﬁc sensory quality.,,,,True
recIjP2Mi5teZyaov,Distinct roles of spinal commissural interneurons in transmission of contralateral sensory information,Laflamme,Markin; Deska-Gauthier; Banks,2023,10.1016/j.cub.2023.07.014,Mice,,,,,,False,True,"Two genetically distinct commissural interneuron populations carry crossed reflexes in mice: the exclusively excitatory V3 CINs directly mediate excitatory crossed reflexes and are essential for inhibitory ones, while the mixed V0 CINs are not directly involved in either but downregulate inhibitory crossed reflexes - linking genetically identified locomotor commissural populations to contralateral sensory transmission.",Selectively activate or silence V0 versus V3 commissural interneurons while recording contralateral reflex EMG to establish necessity and sufficiency for the excitatory and inhibitory crossed reflex components.,Implement left-right coupling with two commissural populations - a direct excitatory V3-analog pathway plus a V0-analog modulatory population scaling inhibitory crossed pathways - and ablate each to test interlimb reflex coordination.,,True
recQTXZrLF3QI8qUo,A walking robot called human: lessons to be learned from neural control of locomotion.,Duysens,van de Crommert; Smits-Engelsman; van der Helm,2002,10.1016/s0021-9290(01)00187-7,Cat; Human,,,,,Duysens 2002,False,True,"Distills cat and human locomotion into design principles for walking robots: control at three levels (actuator/motoneuron, whole-limb flexion-extension oscillators with mutual inhibition, interlimb coordination), with the most essential feedback at the limb level, where activation of the extensor part of the limb oscillator must be triggered by feedback signalling onset of loading via limb load sensors, and flexor activation must require unloading below a threshold plus a hip position within the normal end-of-stance range.","Independently manipulate limb loading and hip position during stepping in decerebrate cats to isolate each factor's causal contribution to the flexion-versus-extension decision, as the proposed control rules predict.",Implement the three-level architecture with limb-level decision rules: extensor oscillator activation on limb loading (load-sensor threshold) and flexor initiation gated on unloading below threshold together with hip position in the end-of-stance range; ablate each rule and quantify gait robustness loss.,,True
receATbUhJ9PJFJZC,Kinematic primitives for walking and trotting gaits of a quadruped robot with compliant legs,Spröwitz,,2014,10.3389/fncom.2014.00027,,,,,,,True,True,"This revealed that kinematic patterns resulting from feed-forward control had a lower complexity (in-air stepping, 2–3 primitives) than kinematic patterns from on-ground locomotion (4 primitives), although both experiments applied identical motor patterns.",,,,True
recRBc4Qpxc04yzxW,Hip and ankle responses for reactive balance emerge from varying priorities to reduce effort and kinematic excursion: A simulation study,Versteeg,,2016,10.1016/j.jbiomech.2016.08.007,Human,,,,Versteeg 2016,,False,True,"Computational model study. Similar to prior studies using torque- driven models, we investigated how movement patterns during a reactive balance response are affected by high-level task goals (e.g., reducing center-of-mass movement, maintaining vertical trunk orientation, and minimizing effort).",,,,True
recHVDRu5Qrj4cgFZ,Rare phenomena of central rhythm and pattern generation in a case of complete spinal cord injury,Minassian,Bayart; Lackner; Binder; Freundl; Hofstoetter,2023,10.1038/s41467-023-39034-y,Human,,,,,,True,True,"In a complete thoracic spinal cord injury, self-sustained spinal myoclonus proved to tap spinal circuits that generate muscle spasms rather than a locomotor CPG, whereas epidural electrical stimulation produced flexor-extensor and left-right alternating patterns with spontaneous motor deletions - preserved cycle frequency and period when rhythmicity resumed - previously reported only in animals, supporting a separation between rhythm generation and pattern formation in the human lumbar cord.",Compare EES-induced motor deletions and myoclonus mechanisms in spinal cord injury subjects with analogous animal fictive locomotion recordings to establish the cross-species homology of rhythm-versus-pattern separation.,"Separate rhythm and pattern modules in a CPG controller: transiently silence the rhythm kernel while the pattern-formation circuitry retains its phase relationships, reproducing motor deletions with preserved cycle period upon resumption.",,True
recue3mOOqQApmwgP,Proprioceptive feedback reinforces centrally generated stepping patterns in the cockroach,Fuchs,,2012,10.1242/jeb.067488,Cockroach,,,,,,False,True,"In the cockroach, which can generate coordinated leg patterns without sensory feedback, imposed transient and periodic movements of a single intact leg phase-dependently modified phase relationships among other legs' segmental oscillators: front-leg feedback is weaker but more phase-precise than hind-leg feedback, selectively strengthening the inherent rhythmic pattern while modulating local perturbations — proprioception reinforces rather than replaces the central pattern.","Identify and selectively ablate the leg proprioceptors mediating the effect, then impose single-leg transient and periodic movements to quantify how front- versus hind-leg feedback strength and phase precision shape inter-leg coordination.","Implement hexapod segmental oscillators with leg-local proprioceptive feedback that adjusts inter-oscillator coupling, giving front legs lower gain but tighter phase precision; ablate the feedback to test degradation of pattern robustness to local perturbations.",,True
recGotUqen6qle1Xx,The central pattern generator for forelimb locomotion in the cat.,Yamaguchi,,2004,10.1016/s0079-6123(03)43011-2,Cat,,,,,Yamaguchi 2004,False,True,"In decerebrate cats with fictive forelimb locomotion evoked by repetitive cervical lateral funiculus stimulation, the shortest descending pathway to cervical motoneurons via the CPG is disynaptic, and the intercalated interneurons are proposed to form mutually exciting, reverberating circuits that constitute the CPG itself. Disynaptic, trisynaptic, and polysynaptic PSPs in motoneurons are phase-related to the rhythm with reciprocal modulation between extensor and flexor responses, indicating interactions between the mediating pathways.","Record and stimulus-identify cervical interneurons intercalated in the cervical lateral funiculus pathways during fictive forelimb locomotion, testing whether the disynaptic interneurons mutually excite one another and sustain reverberating activity consistent with CPG membership.","Implement the forelimb CPG as a reverberating, mutually excitatory interneuron loop driven disynaptically from a descending command; ablating the mutual excitation should collapse the rhythm and its phase-locked PSP modulation.",,True
recjgUr7Dj7u4WgGR,Phase shift between joint rotation and actuation reflects dominant forces and predicts muscle activation patterns,Sutton,,2023,10.1093/pnasnexus/pgad298,,,,,,,False,True,This study proposes a nondimensional number that relates these four forces: the phase shift (ϕ) between the displacement of the limb and the actuator force that moves it.,,,,True
recCm9xYsGThROcmS,Structural Model of the Muscle Spindle,Lin,,2002,10.1114/1.1433488,,,,,Lin 2002,,False,True,Computational model study. — A model of the muscle spindle was developed based on its anatomical structure.,,,,True
recAggUQj90C8YTU8,Loading the Limb During Rhythmic Leg Movements Lengthens the Duration of Both Flexion and Extension in Human Infants,Musselman and Yang,,2007,10.1152/jn.00891.2006,Human,,,,,,True,True,"In rhythmic leg movements of human infants, load-related feedback prolongs whichever phase is more loaded: stepping on a treadmill, kicking against a plate, and kicking in sitting lengthen extension, whereas air-stepping with ankle weights lengthens flexion, and infants exerting lower forces show shorter extensor durations. Manipulating weight-bearing during stepping confirms the effect, showing that the degree of loading directly and incrementally affects the duration of the loaded phase.","In animal rhythmic-movement preparations (for example spinal air-stepping versus supported stance), manipulate limb loading with weights or foot-plate contact to test whether the more loaded phase lengthens in a graded manner as in infants.","Implement load-dependent phase-duration modulation, in which the more loaded phase of the step cycle lengthens incrementally, in a stepping network; ablate the load input to test phase-duration changes.",,True
receWDFQyRMe7UvvZ,Resonance tuning in a neuro-musculo-skeletal model of the forearm,Verdaasdonk,,2007,10.1007/s00422-006-0112-6,Human,,,Verdaasdonk 2007,Verdaasdonk 2007,,True,True,"Cited  by Geyer and Herr, 2010.
In rhythmic movements, humans activate their muscles in a robust and energy efficient way. These activation patterns are oscillatory and seem to originate from neural networks in the spinal cord, called central pattern generators (CPGs). Evidence for the existence of CPGs was found for instance in lampreys, cats and rats. There are indications that CPGs exist in humans as well, but this is not proven yet. Energy efficiency is achieved by resonance tuning: the central nervous system is able to tune into the resonance frequency of the limb, which is determined by the local reflex gains. The goal of this study is to investigate if the existence of a CPG in the human spine can explain the resonance tuning behavior, observed in human rhythmic limb movement. A neuro-musculo-skeletal model of the forearm is proposed, in which a CPG is organized in parallel to the local reflexloop. The afferent and efferent connections to the CPG are based on clues about the organization of the CPG, found in literature. The model is kept as simple as possible (i.e., lumped muscle models, groups of neurons are lumped into half-centers, simple reflex model), but incorporates enough of the essential dynamics to explain behavior—such as resonance tuning—in a qualitative way. Resonance tuning is achieved above, at and below the endogenous frequency of the CPG in a highly non-linear neuro- musculo-skeletal model. Afferent feedback of muscle lengthening to the CPG is necessar",,,,True
recFd4pICpFKMQZ4h,Maintenance of Lateral Stability During Standing and Walking in the Cat,Karayannidou,,2009,10.1152/jn.90934.2008,Cat,,,,,,False,True,"Lateral perturbations in the cat recruit context-specific postural mechanisms: during standing, corrective redistribution of muscle activity between symmetrical limbs (contralateral hindlimb extensor excitation with ipsilateral inhibition); during walking, a corrective lateral step whose direction depends on push timing relative to the step cycle and whose EMG signature is marked hip abductor and adductor reprogramming — reconfiguring the base of support rather than redistributing activity.",Apply phase-controlled lateral pushes before and after deafferentation or spinal transection to determine which afferents encode the lateral perturbation and whether the corrective-step reprogramming is spinal.,"Implement phase-dependent lateral-perturbation correction in a legged model — standing mode redistributes extensor activity across limbs, walking mode triggers a corrective lateral step via step-cycle-gated hip abductor/adductor modulation — and test recovery against push timing.",,True
recXt88DOM42AHODN,"Practice-related improvements in posture control differ between young and older adults exposed to continuous, variable amplitude oscillations of the support surface",Van Ooteghem,,2009,10.1007/s00221-009-1995-y,,,,,,,False,True,This study provides important insight into the ability of older adults to demonstrate longer-term improvements in postural regulation.,,,,True
recFsVAudLXpREicY,Spinal Sensorimotor Circuits Play a Prominent Role in Hindlimb Locomotor Recovery after Staggered Thoracic Lateral Hemisections but Cannot Restore Posture and Interlimb Coordination during Quadrupedal Locomotion in Adult Cats,Audet,,2023,10.1523/ENEURO.0191-23.2023,Cat,,,,,,True,True,"Staggered thoracic lateral hemisections in cats: hindlimb locomotion recovers spontaneously but forelimb–hindlimb coordination degrades into weaker 2:1 patterns, left–right stance/swing asymmetries appear then reverse after the second hemisection, and posture plus interlimb coordination remain impaired — lumbar sensorimotor circuits carry hindlimb recovery but not supraspinal-dependent coordination.",,,,True
recpFKCRcK44Hbkyg,"Modulation of phase durations, phase variations, and temporal coordination of the four limbs during quadrupedal split-belt locomotion in intact adult cats",D’Angelo,,2014,10.1152/jn.00160.2014,Cat,,,,,,True,True,"During experiments, EMG and bilateral video recordings were made during
treadmill locomotion from 0.1 to 0.4 m/s in 0.05 m/s increments.
Cycle and stance durations significantly decreased with increasing
speed, whereas swing duration remained unaffected. Extensor burst
duration significantly decreased with increasing speed, whereas sartorius burst duration remained unchanged. Stride length, step length,
and the relative distance of the paw at stance offset significantly
increased with increasing speed, whereas the relative distance at
stance onset and both the temporal and spatial phasing between
hindlimbs were unaffected. Both temporal and spatial step-to-step
left-right asymmetry decreased with increasing speed. Therefore, the
spinal cord is capable of adjusting both temporal and spatial parameters during treadmill locomotion, and it is responsible, at least in part,
for the step-to-step variability in left-right symmetry observed at slow
speeds.",,,,True
recLTKEIUDxdZWnIf,A versatile and efficient pattern generator for generalized legged locomotion,Carpentier,,2016,10.1109/icra.2016.7487538,,,,,,,False,True,"A model-predictive walking pattern generator computes a dynamically consistent center-of-mass trajectory and angular momentum for arbitrary contact configurations (uneven, sloppy, slippery terrain, closed grippers) fast enough for online use, integrated with an acyclic contact planner and second-order hierarchical inverse kinematics; demonstrated on HRP-2 for long-step walking and staircase climbing with handrail support.",,"Implement a fast MPC-based center-of-mass and angular-momentum pattern generator over arbitrary planned contact sequences as a biomechanical baseline layer for biped controllers, and compare its robustness on uneven or sparse contacts with CPG-reflex approaches.",,True
recUWzWrumdQrLybs,Proprioceptive Feedback and Preferred Patterns of Human Movement,Dean,,2013,10.1097/jes.0b013e3182724bb0,Human,,,,,,False,True,"Hypothesis paper proposing that the stereotyped movement patterns humans prefer during cyclical tasks are identified via proprioceptive feedback reporting body mechanics, rather than solely by minimizing metabolic energy expenditure — preferred movement patterns may depend on body mechanics and be partially dependent on proprioceptive feedback.",Remove proprioceptive feedback during cyclical tasks (ischemic block or tendon vibration) and test whether the selected preferred movement pattern shifts toward patterns predicted by body mechanics alone.,"Implement an optimizer that selects movement patterns using simulated proprioceptive signals (length, force) as objective variables rather than metabolic cost alone; compare predicted preferred patterns with and without the feedback term.",,True
recOx68YKAQvYBUZD,Phase-dependent transmission in the excitatory propriospinal reflex pathway from forelimb afferents to lumbar motoneurones during fictive locomotion,Schomburg,Roesler; Meinck,1977,10.1016/0304-3940(77)90187-2,Cat,,,,,,False,True,"During fictive locomotion in high spinal paralyzed cats, forelimb nerve stimulation evokes EPSPs in hindlimb extensor motoneurons only during extension and in flexor motoneurons only during flexion, establishing that transmission in the descending excitatory propriospinal reflex pathway is cyclically gated at the lumbar level by the locomotor rhythm.","Test the lumbar phase-gating by stimulating forelimb nerves at defined cycle phases while recording lumbar interneurons and motoneurons in reduced preparations, or section the descending propriospinal pathways to assess loss of forelimb-hindlimb coordination during overground locomotion.","Add forelimb-to-hindlimb excitatory propriospinal coupling to a quadruped CPG, gated by lumbar phase (excitation reaching extensor motoneurons during extension and flexor motoneurons during flexion); removing the phase gate should scramble interlimb coordination.",,True
recrlaALMgKSjlTvg,Multiple chaotic central pattern generators with learning for legged locomotion and malfunction compensation,Ren,,2015,10.1016/j.ins.2014.05.001,,,,,,,True,False,,,,,True
recHoAYp5AUdgYEZA,Spinal control of locomotion before and after spinal cord injury,Danner,Shepard; Hainline; Shevtsova,2023,10.1016/j.expneurol.2023.114496,Rat,,,,,,False,True,"Sampling the full speed range exposes hidden structure in rat spinal locomotor control: intact rats express a speed-dependent continuum from alternating gaits (walk, trot) to non-alternating ones (canter, gallop, half-bound, bound); lateral thoracic hemisection removes only the fastest non-alternating gaits while preserving interlimb coordination on the injured side, and moderate contusion lowers maximal speed, eliminates all non-alternating gaits, and yields novel alternating gaits - signatures of weakened fore-hind propriospinal coupling with preserved left-right alternation control.",Combine wide-speed gait testing with selective silencing of long propriospinal neurons to causally link fore-hind coupling strength to the expression of non-alternating gaits after injury.,Model interlimb coordination as speed-dependent coupled oscillators with a long-coupling analog between fore and hind rhythm units; ablating that coupling should eliminate bound and gallop modes while sparing alternating gaits and left-right alternation.,,True
recCyXtgJYVV0w8uI,Ionic conductances underlying the activity of interneurons that control heartbeat in the medicinal leech,Arbas,,1987,10.1523/jneurosci.07-12-03945.1987,,,,,,,False,True,"Hyperpolari- zation of HN neurons with injected currents revealed a time- dependent change in membrane potential, whereby initial maximum hyperpolarization was followed by a “sag” in po- tential towards more depolarized values.",,,,True
rec5AonT0nLlGpzHz,Interlimb coordination during fictive locomotion in the thalamic cat.,Orsal et al.,,1990,10.1007/bf00228795,Cat,,,,,,False,True,"Interlimb coordination during fictive locomotion in the thalamic cat persists without phasic sensory feedback, demonstrating central interlimb coupling that sensory input can then modulate.",,,,True
recOt7WAtNRm4ob5f,Electrophysiological and Pharmacological Properties of Locomotor Activity-Related Neurons in cfos-EGFP Mice,Dai,,2009,10.1152/jn.00265.2009,Mice; Human,,,,,,False,True,"In this study, we demonstrate a new way of identifying neurons active in locomotion.",,,,True
recb1Jn0d5PIm6gpk,"Decoding the mechanisms of gait generation in salamanders by combining neurobiology, modeling and robotics",Bicanski,,2013,10.1007/s00422-012-0543-1,Salamander,,,,,,True,True,"Salamanders exhibit both swimming and stepping gaits and is faced with the problem of producing efficient propulsive forces using the same musculo-skeletal system in two environments with significant physical differences in density, viscosity and gravitational load. Authors' approach is based on a combination of neurophysiological experiments, numerical modeling at different levels of abstraction, and robotic validation using an amphibious salamander-like robot.",,,,True
recBMnoy8KuuLLSdG,Adaptive hindlimb split-belt treadmill walking in rats by controlling basic muscle activation patterns via phase resetting,Fujiki,Aoi; Funato; Sato; Tsuchiya; Yanagihara,2018,10.1038/s41598-018-35714-8,Rat; Mammals,,,,Fujiki 2018,,True,True,Forward dynamic simulation with a neuromusculoskeletal rat model supports resetting the onset timings of a few basic muscle-activation patterns by leg sensory feedback — especially hip-flexor extension — as the mechanism adapting hindlimb walking to split-belt treadmill conditions.,,,,True
recbNW3rCTH0YS9k7,The mammalian spinal commissural system: properties and functions.,Maxwell and Soteropoulos,,2020,10.1152/jn.00347.2019,Mammals; Human,,,,,Maxwell 2020,False,True,"Review of mammalian spinal commissural interneurons — heterogeneous cells definable by gray-matter location, axonal projections and targets, neurotransmitter phenotype, activation properties, and embryological origin — whose crossed projections coordinate left-right motor activity in locomotion and posture; their roles in grasping, reaching, and bimanual control remain poorly understood, especially in the cervical cord of primates including humans, and they are implicated in restoration of function after spinal injury and stroke.","Record identified commissural interneuron classes during locomotion and reaching in animals, including primate cervical cord to fill the reviewed gap, and selectively silence individual classes to test their necessity for left-right alternation and posture.","Implement multiple heterogeneous commissural interneuron classes with distinct signs, targets, and drive dependencies in a bilateral CPG; ablating each class should produce distinct left-right coordination deficits, and graded lesions can model post-injury recovery.",,True
recNvZ16oBMVODfua,Altered Gravity Highlights Central Pattern Generator Mechanisms,White,,2008,10.1152/jn.90436.2008,Human,,,,,,False,True,"Parabolic-flight experiments show the period of human voluntary rhythmic arm movements shortens systematically with increasing gravity, while in weightlessness it depends more on task instruction, matching a computational model of a CPG coupled to a simple pendulum in which the CPG exploits near-resonant driving - evidence that CPG mechanisms flexibly entrain rhythmic movement to changing gravitational and mechanical contexts.","In animals, manipulate effective gravity or limb loading (added mass or buoyancy) and test whether rhythmic-movement frequency tracks the shifted mechanical resonance as the CPG-pendulum account predicts.",Couple an oscillator or CPG to a pendular limb plant under variable gravity and loading; verify frequency adaptation toward resonance and the loss of resonance-locking in weightlessness when the pattern is purely command-driven; ablate the coupling to test the mechanism.,,True
recBeKlyBzbyOITRA,Integration of posture and rhythmic motion controls in quadrupedal dynamic walking using phase modulations based on leg loading/unloading,Maufroy,,2010,10.1007/s10514-009-9172-5,,,,,,,False,False,,,,,True
recJILOKoDMJ1fuHb,Locomotor pattern generation and descending control: a historical perspective,Dubuc,Cabelguen; Ryczko,2023,10.1152/jn.00204.2023,Vertebrates,,,,,Dubuc 2023,False,True,"Historical review of vertebrate locomotor control organizing a century of work into three interacting systems: spinal central pattern generators produce the basic rhythm, brainstem descending inputs initiate, maintain, and stop locomotion while controlling speed and direction, and sensory inputs adapt the locomotor program to environmental conditions.",Use the review's framework to design experiments dissociating descending from sensory control - for example brainstem-evoked locomotion with progressive deafferentation - in a chosen vertebrate preparation.,"Structure a locomotor controller as a spinal CPG plus brainstem-analog descending commands (start, stop, speed, direction) plus sensory adaptation loops, and test that removing each layer reproduces its predicted functional loss.",,True
recI5aEUj7n4OaKwn,Combining series elastic actuation and magneto-rheological damping for the control of agile locomotion,Garcia,,2011,10.1016/j.robot.2011.06.006,,,,,,,False,True,"This paper describes the locomotion control of a leg prototype, designed and developed to make a quadruped walk dynamically while exhibiting compliant interaction with the environment.",,,,True
recmrfbJCfYCaQnZa,Quadrupedal galloping control for a wide range of speed via vertical impulse scaling,Park,,2015,10.1088/1748-3190/10/2/025003,Human,,,,,,False,True,The bilateral feedback system shows robustness to inertial variations and to external disturbances with the proposed human-in-the-loop control strategy offering valuable insight for future work.,,,,True
recTsutd2LougteUB,Segmental patterns of vestibular-mediated synaptic inputs to axial and limb motoneurons in the neonatal mouse assessed by optical recording,Kasumacic et al.,,2010,10.1113/jphysiol.2010.195644,Mice,,,,,,False,True,"Optical recording reveals segmental patterns of vestibular-mediated synaptic input to axial and limb motoneurons in the neonatal mouse; vestibular influence on the cord is segmentally organized — strong on axial, weaker on limb.",,,,True
recTWyhX96iUPotCJ,Common and distinct muscle synergies during level and slope locomotion in the cat.,Klishko,Akyildiz; Mehta-Desai; Prilutsky,2021,10.1152/jn.00310.2020,Cat,,,,,,True,True,"Cat downslope walking's atypical EMG (silent one-joint hip extensors, stance-related flexor bursts) shares the majority of its burst groups and muscle synergies with level and upslope walking, and slope changes swing/stance phase durations but not cycle duration — consistent with one shared CPG whose output is reshaped by somatosensory and supraspinal inputs rather than task-specific circuit reconfiguration.","Record hindlimb EMG across slope and split-belt transitions and test whether synergy vectors remain fixed while activation timing scales, or deafferent the preparation to isolate the CPG contribution to the shared synergies.",Drive a fixed muscle-synergy output layer from a single CPG whose phase-duration scaling reproduces slope-dependent EMG; verify the model predicts the downslope silent hip extensors and stance flexor bursts without changing synergy vectors.,,True
receswW0WAOzeYQcm,A neuro-mechanical model of legged locomotion: single leg control,Ekeberg,,1998,10.1007/s004220050468,Vertebrates,,,,Ekeberg 1998,,False,True,"Neuro-mechanical single-leg model uniting CPG and peripheral feedback: a neural phase generator gates fast sensory feedback pathways according to the current step phase and filters inconsistent afferent input, while sensory signals both act directly on the motor system and entrain the phase generator; with elastic actuators the model steps stably over a large velocity range.","Apply standardized perturbations at defined step phases in an animal walking preparation and measure reflex compensation, testing the predicted phase-appropriate gating of feedback by cycle state.","Implement a neural phase generator that gates fast feedback per step phase, with elastic actuators and sensory entrainment of the generator; ablate the gating so feedback is always on, and test for over-control and instability.",,True
rec9R4yEdIiYUFUN4,Adaptation after vastus lateralis denervation in rats demonstrates neural regulation of joint stresses and strains,Alessandro,,2018,10.7554/elife.38215,Rat,,,,,,True,True,"In this study, we hypothesized that the central nervous system (CNS) chooses muscle activations to avoid excessive joint stresses and strains.",,,,True
recXVuB69yaIn6437,Walking with perturbations: a guide for biped humans and robots,Duysens and Forner-Cordero,,2018,10.1088/1748-3190/aada54,Human,,,,,Duysens and Forner-Cordero 2018,True,True,"Review of bipedal walking for biologists and roboticists: argues CPG function is fundamentally asymmetric (the flexor half more tightly coupled to the rhythm generator), catalogs phase-dependent trip-recovery strategies (elevating and lowering) and the comparison of expected versus actual feedback for stepping into a hole, and tracks emerging robotics implementations including learning to fall safely and split-belt disturbances.",,,,True
recnhRxKmcKMmAOk9,On the central pattern generator for the basic breathing rhythmicity,von Euler,,1983,10.1152/jappl.1983.55.6.1647,,,,,,,False,True,On the central pattern generator for the basic breathing rhythmicity.,,,,True
recwZPgwSdttusQDb,A Silicon Central Pattern Generator Controls Locomotion in Vivo,Vogelstein,,2008,10.1109/tbcas.2008.2001867,,,,,,,False,True,"First in vivo demonstration of a neuromorphic silicon CPG replacing central nervous system function: a chip of ten integrate-and-fire silicon neurons with 190 programmable synapses drove the motor output of a paralyzed animal to walk a three-meter platform in real time, under closed-loop control using sensory feedback recorded from the animal's legs. Establishes that compact neuromorphic hardware with biological-style sensory feedback can suffice for locomotor pattern generation in a living preparation.",The paradigm itself seeds animal studies: run the paralyzed-animal preparation with the silicon CPG open-loop versus closed-loop (leg sensory feedback on/off) and across different synaptic configurations to identify which circuit properties and feedback channels are necessary for overground walking.,"Emulate the chip architecture in software (ten integrate-and-fire neurons, arbitrary programmable connectivity, tonic bias, external inputs closed-loop with leg sensory signals) and ablate the sensory feedback path to quantify its contribution to walking stability.",,True
recv8Vni5LmZtnz9C,Motor cortical regulation of sparse synergies provides a framework for the flexible control of precision walking,Krouchev and Drew,,2013,10.3389/fncom.2013.00083,Cat,,,,,,True,True,"Motor cortex regulates sparse synergies during precision walking; cortical control selects and modulates a small set of muscle synergies rather than individual muscles, a framework for goal-dependent gait modification.",,,,True
recJYWTYhwjWYLXS4,Mechanical effort predicts the selection of ankle over hip strategies in nonstepping postural responses,Afschrift,,2016,10.1152/jn.00127.2016,Human,,,,Afschrift 2016,,False,True,"Computational model study. First pub- lished August 3, 2016; doi:10.1152/jn.00127.2016.—Experimental studies have shown that a continuum of ankle and hip strategies is used to restore posture following an external perturbation.",,,,True
recxUQ8JuDHyBXIk0,"Sex comparison of extensibility, passive, and active stiffness of the knee flexors",Blackburn,,2004,10.1016/j.clinbiomech.2003.09.003,Human,,,,,,False,True,"Males show less extensibility and greater active and passive knee-flexor stiffness than females, measured by final knee position in active extension, the slope of the passive moment-angle curve, and damping of imposed vibratory motion under 10 percent body-mass loading; the sex differences may be functions of greater male mass and height, with relevance to higher female anterior cruciate ligament injury rates.",,"Use the measured passive and active knee-flexor stiffness values (and their sex differences) as joint-level stiffness parameters in a neuromuscular knee model, testing whether stiffness differences alone - without altered reflex gains - change joint stability margins.",,True
reca494vWEYiEgpAM,Central drive and proprioceptive control of antennal movements in the walking stick insect,Krause,,2013,10.1016/j.jphysparis.2012.06.001,Stick Insect,Mechanosensory,,,,,False,True,"Stick insect antennal control separates two mechanisms: inter-joint coordination persists after ablating joint proprioceptors, but the working ranges of the scape-pedicel and head-scape joints are set by dorsal antennal hair fields, whose ablation shifts or expands specific joint ranges. De-cerebrated animals walk without antennal movements while pharmacologically induced rhythmic antennal motion persists, and the authors conclude that the activating synaptic drive to the antennal networks resides in the brain rather than the suboesophageal ganglion.","Ablate individual antennal hair fields and measure joint working-range shifts during walking to map each field's control range, and test sufficiency by selectively stimulating individual hair-field afferents while recording antennal motor neurons.","Implement joint working-range limitation driven by mechanosensory hair-field-analog feedback on each antennal or limb joint; ablating the range-limiting sensory input should expand joint ranges while inter-joint phasing persists, testing the separation of coordination from range control.",,True
reczM29ie2FxVZdAM,Comparative anatomy of quadruped robots and animals: a review,Fukuhara,,2022,10.1080/01691864.2022.2086018,,,,,,Fukuhara 2022,False,True,"Review of comparative anatomy quadruped robots animals:. To gain a deeper understanding of the source of this versatility in animals and apply the principles of their body plans to robotics, the authors, who work in the robotics and anatomy fields, jointly review and com- pare the essential body structure differences between quadruped...",,,,True
recUFsO1LHr9BtikS,An analysis of the sources of musculoskeletal system impedance,Winters,,1988,10.1016/0021-9290(88)90248-5,,,,,Winters 1988,,False,True,Computational model study. It is shown that impedance modulation occurs automatically as a function of the specific operating ranges utilized during a given task by each of four different muscle-joint mechanical relations.,,,,True
rechDYjnrspdwiU3p,Symbiotic electroneural and musculoskeletal framework to encode proprioception via neurostimulation: ProprioStim,Cimolato,,2023,10.1016/j.isci.2023.106248,Human,,,,Cimolato 2023,,False,True,Computational model study. We demonstrated its feasibility through non-invasive stimulation on seven healthy subjects comparing it with standard linear charge encoding.,,,,True
recXtyKrIknLJzh2R,Dynamic response of human muscle spindle afferents to stretch during voluntary contraction,Kakuda,,1998,10.1111/j.1469-7793.1998.621bb.x,Cat; Human,,,,,,False,True,This study was conducted to investigate the basic pattern of dynamic and static fusimotor actions on human muscle spindles.,,,,True
reczHUpX3Lg8Uz04j,Autonomous gait transition and galloping over unperceived obstacles of a quadruped robot with CPG modulated by vestibular feedback,Fukui,,2019,10.1016/j.robot.2018.10.002,,,,,,Fukui 2019,False,True,Review of autonomous gait transition galloping over unperceived obstacles. We conclude that CPGs modulated by vestibular feedback is eﬀec- tive and practical as a gait generator for bio-inspired robots that are expected to have both the abilities of “speed-based autonomous gait transition” and “autonomous robust running”.,,,,True
recbEV2Kk2xjZqNEm,Motor control of an insect leg during level and incline walking,Dallmann,,2019,10.1242/jeb.188748,Stick Insect; Insects,,,,,,False,True,"Here, we studied these parameters in hindlegs of stick insects ( Carausius morosus ) during level and uphill/downhill (±45 deg) walking, using a combination of electromyography, 3D motion capture and ground reaction force measurements.",,,,True
recApiY0mIaDT9YNn,The capsular ligaments provide more hip rotational restraint than the acetabular labrum and the ligamentum teres,van Arkel,,2015,10.1302/0301-620x.97b4.34638,Human,,,,,,False,True,"In cadaveric hips under functional load, each capsular ligament (iliofemoral medial and lateral arms, pubofemoral, ischiofemoral) acts as the primary rotational restraint somewhere within the full range of motion, the ligamentum teres acts as a secondary restraint in high flexion, adduction and external rotation, and the iliofemoral lateral arm and ischiofemoral ligaments are primary restraints in about two-thirds of the positions tested, quantifying the passive soft-tissue contribution to hip rotational stability.",,Use the measured capsular-ligament restraint contributions as position-dependent passive hip rotational stiffness and limits in musculoskeletal or robotic models of the lower limb.,,True
recsTczS7JQRbY9Jo,BoxyBot: a swimming and crawling fish robot controlled by a central pattern generator,Lachat,,2006,10.1109/biorob.2006.1639162,,,,,Lachat 2006,,False,True,"Computational model study. BoxyBot: a swimming and crawling ﬁsh robot controlled by a central pattern generator ∗ Daisy Lachat, Alessandro Crespi, and Auke Jan Ijspeert School of Computer and Communication Science Swiss Federal Institute of Technology, Lausanne (EPFL) Station 14, CH-1015 Lausanne, Switzerland {daisy.lachat, alessandro.crespi, auke.ijspeert }@epﬂ.ch Abstract—...",,,,True
reczxlu5iq47skXWJ,Sensorimotor Recalibration Depends on Attribution of Sensory Prediction Errors to Internal Causes,Wilke,,2013,10.1371/journal.pone.0054925,Human,,,,,,True,True,"Here, we investigated the recalibration of internal predictions about the sensory consequences of one’s actions.",,,,True
recacD0JBbRUM6LIS,Motor control by precisely timed spike patterns,Srivastava,,2017,10.1073/pnas.1611734114,,,,,Srivastava 2017,Srivastava 2017,True,True,"Review of motor control precisely timed spike patterns. Computational model study. Although traditional theories assume that this information is conveyed by the total number of spikes fired within a specified time interval (spike rate), recent stud- ies have shown that additional information is carried by the milli- second-scale timing patterns of action potentials (spike timing).",,,,True
recD8qqPsM8KJCYJX,Maneuvers during legged locomotion,Jindrich,,2009,10.1063/1.3143031,Human,,,,,Jindrich 2009,False,True,"Running turns in bipeds are constrained by matching body rotation to movement direction: humans generate large braking forces to prevent over-rotation whereas ostriches obtain appropriate rotation from lateral force alone (aided by greater rotational inertia relative to body mass), humans stabilize orientation within the theoretical two-step minimum, and horizontal-plane leg forces follow spring-mass behavior — so passive dynamic stabilization contributes to maneuver stability.",Record 3D kinetics and kinematics of turning in bipedal species spanning rotational-inertia ratios to test the rotation-matching model's prediction that braking requirements scale with rotational inertia relative to body mass.,"Implement a biped with horizontal-plane spring-mass legs and a rotation-matching turn controller; verify that fore-aft braking against over-rotation emerges and that increasing rotational inertia removes the braking requirement, reproducing the human-versus-ostrich contrast.",,True
recavQk5aFemCO6Ay,Robust passive dynamics of the musculoskeletal system compensate for unexpected surface changes during human hopping,van der Krogt,,2009,10.1152/japplphysiol.91189.2008,Human,,,,,,False,True,"28 articles, 11 of which you can access free at: This article cites http://jap.physiology.org/cgi/content/full/107/3/801#BIBL including high-resolution figures, can be found at: Updated information and services http://jap.physiology.org/cgi/content/full/107/3/801 can be found at: Journal of Applied Physiologyabout Additional material and information http://www.the-aps.org/publications/jappl This information is current as of...",,,,True
recNEaWOzY4oJSFM6,Central pattern generators in the turtle spinal cord: selection among the forms of motor behaviors.,Stein,,2018,10.1152/jn.00602.2017,Turtle,Cutaneous,,,,Stein 2018; Rossignol 2006; Frigon and Rossignol 2006,False,True,"The turtle spinal cord contains separate CPGs for three forms of scratch, two forms of swim, and one flexion reflex, with multisecond motor memories, interneurons partially shared across behaviors (enabling motor pattern blends) alongside behavior-specific cells, and deletion analysis supporting unit burst generators organized per degree-of-freedom direction (hip-flexor, hip-extensor, knee-flexor, etc.) - an organizational complexity the classic flexor/extensor half-center scheme cannot capture.",Apply simultaneous dual-behavior stimuli to test the blending mechanism predicted by partially shared interneurons; record single neurons across spontaneous deletions to further test unit-burst-generator organization.,"Implement the CPG as unit burst generators per joint direction under a selection layer combining shared and behavior-specific interneurons, and reproduce motor pattern blends and deletions as signatures of that organization.",,True
rectzob2WlPdjyhq5,Functional muscle synergies constrain force production during postural tasks.,McKay,,2008,10.1016/j.jbiomech.2007.09.012,Cat,,,,McKay 2008,,False,True,Computational model study. We recently demonstrated that a set of ﬁve functional muscle synergies were sufﬁcient to characterize both hindlimb muscle activity and active forces during automatic postural responses in cats standing at multiple postural conﬁgurations.,,,,True
recgRFsKPiTtwLYEQ,Multisensory Feedback Can Enhance Embodiment Within an Enriched Virtual Walking Scenario,Leonardis,,2014,10.1162/pres_a_00190,Human,,,,,,False,True,"Congruent vestibular and proprioceptive feedback (motion platform plus lower-limb tendon vibration) during immersive virtual walking raises subjective embodiment and presence and elevates galvanic skin response and respiration rate relative to vision alone, showing that multisensory afferent congruence drives the embodied walking experience.",,,,True
recA7i98L4iMohkrg,Internal models and neural computation in the vestibular system,Green,,2009,10.1007/s00221-009-2054-4,,,,,Green 2009,Green 2009,False,True,"Review of internal models neural computation vestibular. Computational model study. Recent studies have shed new insights into important organizational principles that closely resemble those proposed for other sensorimotor systems, where their neural basis has often been more difﬁcult to identify.",,,,True
reck6kRkheMt7ZQQL,A fundamental mechanism of legged locomotion with hip torque and leg damping,Shen,,2012,10.1088/1748-3182/7/4/046010,,,,,Shen 2012,,False,True,"Computational model study. These results provide a more clear understanding of the hip-torque-and-leg-damping mechanism of legged locomotion, and extend existing theory of legged locomotion towards a greater understanding of robustly stable locomotion.",,,,True
recAIj4Gp8I98yFVa,An electronic implementation for Morris–Lecar neuron model,Hu,,2016,10.1007/s11071-016-2647-y,,,,,,,False,False,,,,,True
recy4GJ4EnjJFNuZK,Integrate-and-fire neurons with threshold noise: A tractable model of how interspike interval correlations affect neuronal signal transmission,Lindner,,2005,10.1103/physreve.72.021911,,,,,Lindner 2005,,False,True,Computational model study. We demonstrate that negative correlations in the baseline activity can lead to enhanced information transfer of a weak signal by means of noise shaping of the background noise spectrum.,,,,True
recKW2KMXXHAHCpKi,Functionally complex muscles of the cat hindlimb. I. Patterns of activation across sartorius.,Pratt,Chanaud; Loeb; Macpherson,1991,10.1007/bf00229406,Cat,,,,,,False,True,"During sixteen horizontal platform-translation directions in the standing cat, the three neuromuscular compartments of biceps femoris are activated non-homogeneously, with petal-shaped EMG tuning curves rotating progressively counterclockwise from anterior (hip-extensor-like) through middle to posterior (knee-flexor-like) compartments; the active region moves continuously across anterior and middle compartments with a discontinuity at the middle-posterior border, and functional units do not match the anatomical compartments exactly.",Block individual nerve branches or stimulate compartment-specific afferents during directional postural perturbations to test whether the compartment-specific tuning curves reflect segmental afferent organization.,"Represent multi-compartment muscles with direction-tuned regional activations (rotated tuning curves per compartment) instead of one activation per muscle, and test improvements in directional postural-response control.",,True
rec1pJjSUTKWKxPLy,Recent Insights into the Rhythmogenic Core of the Locomotor CPG.,Rančić and Gosgnach,,2021,10.3390/ijms22031394,Mammals,,,,,Rančić 2021,False,True,"Review of the rhythmogenic core of the mammalian locomotor CPG: genetic approaches have identified spinal interneuron populations and their roles in stepping, but the identity and interconnection of the rhythm-generating neurons themselves remain undeciphered; compiles the properties expected of rhythmogenic neurons and the candidate genetically defined classes.","Silence candidate rhythmogenic interneuron classes during fictive locomotion and test whether rhythm (as opposed to pattern) collapses, using the review's compiled feature list of rhythm-generating neurons as selection criteria.",Construct a CPG whose rhythmogenic kernel exhibits the expected rhythm-neuron features alongside separate pattern circuitry; ablate candidate kernel classes to test which removal stops rhythm generation while leaving patterning intact.,,True
recd7fuaYHnvftSEz,Optimization of Muscle Activity for Task-Level Goals Predicts Complex Changes in Limb Forces across Biomechanical Contexts,McKay,,2012,10.1371/journal.pcbi.1002465,Cat; Human,,,,McKay 2012,,False,True,"Computational model study. In an unrestrained balance task in cats, we demonstrate that achieving task-level constraints center of mass forces and moments while minimizing control effort predicts detailed patterns of muscle activity and ground reaction forces in an anatomically-realistic musculoskeletal model.",,,,True
rec4Fjm3aTcH2k0AB,Asymmetric Operation of the Locomotor Central Pattern Generator in the Neonatal Mouse Spinal Cord,Endo and Kiehn,,2008,10.1152/jn.90729.2008,Mice,,,,,,False,True,"Continuous conductance measurements from neonatal mouse motoneurones during locomotor-like activity show push-pull CPG operation (alternating excitatory and inhibitory conductances with inhibitory predominance, most pronounced in extensors), sharper phase tuning of flexor-related than extensor-related synaptic drives, and rostral-versus-caudal segmental differences - evidence for reciprocally coupled but differently composed flexor and extensor modules in a multilayered, distributed premotor network, preserved across frequencies and drug combinations.","Test the rostral/caudal CPG asymmetry with segment-specific recordings or lesions of the isolated cord, and verify the extensor-dominant inhibition with identified premotor interneurone recordings during locomotor-like activity.","Implement premotor modules as reciprocally coupled flexor and extensor half-centers with unequal phase-tuning sharpness, inhibition-dominant extensor drive, and rostral/caudal parameter differences, then compare generated motoneurone conductance profiles with the extracted ones.",,True
recLeItsowqJENdCr,Models of Postural Control: Shared Variance in Joint and COM Motions,Kilby,,2015,10.1371/journal.pone.0126379,Human,,,,Kilby 2015,,True,True,"Computational model study. The CCA was performed as a function of established models of postural control that varied in their joint degrees of freedom (DOF), namely, an inverted pendulum ankle model (2DOF), ankle-hip model (4DOF), ankle-knee-hip model (5DOF), and ankle-knee-hip-neck model (7DOF).",,,,True
rectLvsflIKIdKyIc,Recent advances in evolutionary and bio-inspired adaptive robotics: Exploiting embodied dynamics,Husbands,Shim; Garvie; Dewar; Domcsek; Graham; Knight; Nowotny; Philippides,2021,10.1007/s10489-021-02275-9,Insects,,,,,Husbands 2021,True,True,"Argues through four case studies that adaptive behavior is best obtained by exploiting embodied dynamics rather than suppressing them: evolved analog electronic controllers act as robot controllers, insect-inspired navigation builds on innate behaviors, neuromechanical chaos powers a goal-driven search for robust motor behaviors with neural-oscillator architectures, and evolved dynamical controllers yield agile flapping flight robust to wind gusts.",For the navigation case: manipulate the visual information supplied by innate behaviors in insect experiments to test the claim that rapid route learning depends on navigation-specific visual information exploited by those innate behaviors.,"Adopt the neuromechanical-chaos result: use neural-oscillator controllers whose chaotic dynamics power a goal-driven search for motor behaviors, testing whether robust locomotion emerges by exploiting rather than damping body-level chaos.",,True
recK22etqahVan9xD,A mechanism for sensory re-weighting in postural control,Mahboobin,,2009,10.1007/s11517-009-0477-5,Human,,,,Mahboobin 2009,,False,True,"Computational model study. A key ﬁnding of human balance experiments has been that the integration of sensory information utilized for postural control appears to be dynamically regulated to adapt to changing environmental conditions and the available sensory information, a process referred to as ‘‘sensory re-weighting.’’ We propose a...",,,,True
recxMRmKKgPVbqnT9,Forelimb muscle activity during equine locomotion,Harrison,,2012,10.1242/jeb.065441,Cat; Human,,,,Harrison 2012,,False,True,"Computational model study. The patterns of net muscular torques developed over one gait cycle have been calculated for a wide variety of species using measurements of joint kinematics and ground reaction forces (Clayton et al., 2000; Colborne et al., 1997; Dogan et al., 1991; Fowler et al., 1993;...",,,,True
rec92HUnN53mhFrCc,Processing of Horizontal Optic Flow in Three Visual Interneurons of the Drosophila Brain,Schnell,,2010,10.1152/jn.00950.2009,Insects,,,,,,True,True,"First whole-cell recordings of Drosophila horizontal-system cells (HSN, HSE, HSS): direction-selective tuning to large-field horizontal motion consistent with the correlation-type motion-detection model, with extensive ipsilateral coupling explaining sensitivity to both ipsi- and contralateral motion — the circuit basis for optomotor behavior.",,,,True
recppCfVTamaeAgGf,Complete dynamical analysis of a neuron model,Shilnikov,,2012,10.1007/s11071-011-0046-y,,,,,,,False,False,,,,,True
recZHNB1qamUvWY1D,HALF-CENTRES REVISITED,Lundberg,,1981,10.1016/b978-0-08-026814-9.50025-9,,,,,,,False,False,,,,,True
recK7KzHL8uHJB4vn,Network of Neural Oscillators for Retrieving Phase Information,Aoyagi,,1995,10.1103/physrevlett.74.4075,,,,,,Aoyagi 1995,True,True,"Review of network neural oscillators retrieving phase information. VOLUME 74, NUMBER 20 PHYSICAL REVIEW LETTERS 15 MAY 1995 Network of Neural Oscillators for Retrieving Phase Information Toshio Aoyagi Department of Applied Mathematics and Physics, Kyoto University, Kyoto, Japan (Received 16 August 1994) We propose a network of neural oscillators to retrieve given patterns...",,,,True
recb2JUaM9rvetAJK,Neural substrates involved in the control of posture,Takakusaki,,2017,10.1080/01691864.2016.1252690,,,,,,Takakusaki 2017,False,True,"Review of neural substrates involved control posture. Automatic process of postural control, which is termed as postural reflexes including head–eye coordination accompanied by appropriate alignment of body segments, is mediated by the descending pathways from the brainstem.",,,,True
recBe3nrGHqhy5cGJ,The Effects of Spike Frequency Adaptation and Negative Feedback on the Synchronization of Neural Oscillators,Ermentrout,,2001,10.1162/08997660152002861,,,,,Ermentrout 2001,,False,True,"The two standard spike-frequency adaptation mechanisms have distinct effects on synchronization of excitatorily coupled neurons: M-current adaptation alters the mechanism of repetitive firing, whereas calcium-dependent afterhyperpolarization adaptation works by shunting incoming synapses, a mechanism that also applies in networks with recurrent inhibition. A two-variable reduced model arising near certain bifurcations and a derived one-dimensional map capture the shunting behavior.",Pharmacologically separate the two adaptation mechanisms in coupled neural populations (selective blockers of the slow voltage-dependent potassium current versus the calcium-dependent current) and test the predicted opposite effects on synchronization.,Implement both adaptation types (AHP-like synaptic shunting versus M-current-like alteration of the firing mechanism) in coupled CPG oscillators and compare their effects on synchronization and burst termination.,,True
rec1JKynLMl2Bh82A,Finding Resonance: Adaptive Frequency Oscillators for Dynamic Legged Locomotion,Buchli,,2006,10.1109/iros.2006.281802,,,,,Buchli 2006,,False,True,"Adaptive frequency oscillators automatically tune their intrinsic frequency to the resonant frequency of a compliant quadruped robot using only local sensory feedback; the learned frequency persists after the robot halts and re-adapts when body mass changes, with a linearized convergence analysis identifying which sensory feedback types support stable adaptation.","Test whether locomotor frequency re-tunes after body-mass changes during growth in developing animals, as the adaptive-frequency account predicts from the robot's re-adaptation to mass changes.",Couple adaptive frequency oscillators to a compliant locomotion plant so intrinsic frequency tracks plant resonance via local feedback; verify persistence of the learned frequency at halt and re-adaptation after a mass change.,,True
recjX2utz9I3wA6Q1,Deconstructing the modular organization and real-time dynamics of mammalian spinal locomotor networks,Hsu,Bertho; Kiehn,2023,10.1038/s41467-023-36587-w,Mice,,,,,,True,True,"In a mouse brainstem-spinal cord preparation with simultaneous Ca2+ imaging, glutamatergic neurons in the lateral paragigantocellular and caudal ventrolateral reticular nuclei directly initiate locomotion, and the descending command is executed by distinct spinal glutamatergic modules that transform it into rhythmic output, with inhibitory networks recruited in a different pattern — a modular logic for how the cord implements the locomotor command.",,,,True
recme4qZYXeH8UPta,The control of foot placement during compensatory stepping reactions: does speed of response take precedence over stability?,Maki,,1999,10.1109/86.750556,,,,,Maki 1999,,False,True,"Computational model study. In this paper, a model is developed to examine how speed and stability demands affect control of foot placement during forward and backward compensatory stepping reactions.",,,,True
recWBpHg0iCsCHuuf,Central Pattern Generator Inspired Control for Adaptive Walking of Biped Robots,Liu,,2013,10.1109/tsmc.2012.2235426,,,,,,,False,True,The proposed control strategy is able to generate adaptive joint control signals online to realize biped adaptive walking.,,,,True
recDilaVzX6ZvzjPM,Mid-Lumbar Segments Are Needed for the Expression of Locomotion in Chronic Spinal Cats,Langlet,Leblond; Rossignol,2005,10.1152/jn.00909.2004,Cat,,,,,,True,True,"In chronically spinalized cats, a second transection at caudal L3 or L4 permanently abolishes treadmill locomotion even after weeks of training, while lesions at L2 or rostral L3 spare it; fast paw shakes and clonidine-induced hindlimb hyperextension persist below the lesion, so mid-lumbar segments are necessary specifically for locomotor rhythm expression, not for other rhythmic motor patterns or caudal motoneuron function.","Record from L3-L4 interneuron populations during both locomotion and paw shaking, combined with the segmental transection logic, to identify which mid-lumbar circuits are locomotion-selective; test whether electrical stimulation at L3-L4 substitutes for their disconnection.",Model a spatially distributed spinal network where only mid-lumbar-equivalent modules generate the locomotor pattern while caudal segments retain reflex and rhythmic capacity; ablating the mid-lumbar module should eliminate gait but leave paw-shake-like rhythmicity intact.,,True
recIoE5x70gjV9MBq,Human hip–ankle coordination emerging from multisensory feedback control,Hettich,,2014,10.1016/j.humov.2014.07.004,Human,,,,Hettich 2014,,False,True,Computational model study. This study postu- lates that the coordination emerges from interactions on the sen- sory levels in the feedback control.,,,,True
recD2DwLTzV6Uz2rM,"Exercise, music, and the brain: Is there a central pattern generator?",Schneider,,2010,10.1080/02640414.2010.507252,Human,,,,,,False,True,"Vertical body oscillation during self-paced running clusters at 2.7-2.8 Hz, matching dominant frequencies of heart rate and of runners' preferred music, with EEG delta power rising after running — supporting the speculation that a common ~3 Hz oscillator, possibly a locomotor central pattern generator, couples intrinsic and extrinsic rhythms during exercise.","Record locomotor, autonomic, and cortical rhythms concurrently in running animals before and after spinal transection to test whether the ~3 Hz coupling survives spinalization, which would localize the shared oscillator to a spinal CPG as speculated.","Embed a CPG in a neuromechanical running model driving coupled oscillator loads representing autonomic and cortical-like subsystems, and test frequency locking to the locomotor rhythm under speed changes.",,True
rec6oVWOeGUnJBYPR,Stability Analysis of Legged Locomotion Models by Symmetry-Factored Return Maps,Altendorfer,,2004,10.1177/0278364904047389,,,,,Altendorfer 2004,,True,True,"Symmetry-factored return maps yield an exact algebraic necessary condition for asymptotic stability (and a sufficient condition for instability) of fixed points in 2DoF and 3DoF spring-loaded inverted pendulum models, despite the non-integrability of the SLIP dynamics. The expression characterizes analytically the sensory cost and stabilizing benefit of feedback schemes previously proposed for the 2DoF SLIP model of running and extends to a 3DoF descriptive model of the robot RHex.",,Apply the symmetry-factored return-map analysis to a hybrid legged model's dynamics to rank candidate feedback schemes by stabilizing benefit per sensory cost before implementing any of them in a controller.,,True
rec2jytMTqUIEJMaK,Synaptic control of hindlimb motoneurones during three forms of the fictive scratch reflex in the turtle.,Robertson and Stein,,1988,10.1113/jphysiol.1988.sp017281,Turtle,,,,,,True,True,Intracellular recordings for three distinct forms of turtle scratch reflex in response to tactile stimulation of body surface.,,,,True
recI3QJS6rddKdgQH,The role of Renshaw cells in locomotion: antagonism of their excitation from motor axon collaterals with intravenous mecamylamine,Noga,Shefchyk; Jamal; Jordan,1987,10.1007/bf00236206,Cat,,,,,,False,True,"Blocking nicotinic transmission from motor axon collaterals with mecamylamine during fictive locomotion abolished recurrent IPSPs and rhythmic Renshaw firing yet left locomotor drive potentials, burst timing, and Ia inhibitory interneuron rhythmicity intact, with motoneuron and Ia-inhibitory-interneuron bursts carrying more spikes at higher frequency - establishing that Renshaw cells are not part of the locomotor CPG and do not time bursts, but limit firing rates within them.",Chronically silence Renshaw cells (nicotinic antagonists or chemogenetics) during locomotion and compare motoneuron and Ia inhibitory interneuron firing-rate distributions to test the rate-limiting role without rhythm effects.,Implement Renshaw cells as recurrent negative feedback acting only on motoneuron and Ia-inhibitory-interneuron firing rates; ablating them in simulation should raise within-burst firing while leaving burst timing and the locomotor rhythm unchanged.,,True
recgBcEvpJsPJMomt,A model of spindle afferent response to muscle stretch,Hasan,,1983,10.1152/jn.1983.49.4.989,,,,,Hasan 1983,,False,True,Computational model study. A unified model of the properties of stretch responses of mammalian spindle end- ings is proposed.,,,,True
recs7rg0c5qeMLkAO,Functional organization within the medullary reticular formation of the intact unanesthetized cat. III. Microstimulation during locomotion.,Drew,,1991,10.1152/jn.1991.66.3.919,Cat,,,,,,False,True,"Microstimulation of the cat medullary reticular formation during locomotion evokes phase-dependent responses incorporated into the ongoing pattern — flexor excitation in each limb during that muscle's natural activity period, inhibition of ipsilateral extensors, mixed responses in contralateral vastus lateralis — with response latencies shortest during a muscle's active period, showing that reticulospinal transmission is gated by the locomotor network itself.",Repeat the stimulation protocol in deafferented or fictively locomoting preparations to determine how much of the phase-dependent gating of reticulospinal effects is produced centrally by the locomotor network versus by phasic sensory feedback.,Implement descending reticulospinal-like drive onto a CPG with phase-dependent pathway gating (gain high during each muscle's active phase) and reproduce the shortening of response latency with activity state as a test of state-dependent transmission.,,True
recjfbKv36iU9scmz,Distribution of Heterogenic Reflexes Among the Quadriceps and Triceps Surae Muscles of the Cat Hind Limb,Wilmink and Nichols,,2003,10.1152/jn.00833.2002,Cat,,,,,,True,True,"Heterogenic proprioceptive reflexes among cat quadriceps and triceps surae are organized by articulation rather than motor-unit composition: excitatory length feedback strongly links the uniarticular vastus muscles (and vastus to soleus) to regulate joint stiffness, while force-related inhibition is absent between vastus muscles but strong and bidirectional between vastus and rectus femoris and between triceps surae and quadriceps - regulating interjoint coupling and, together with length feedback, the endpoint mechanical properties.",Selective tendon-organ or spindle inactivation during controlled stretches of the same muscle set would dissociate the length and force components of the articulation-based organization.,"Implement heterogenic feedback by articulation: excitatory length feedback among uniarticular synergists for joint stiffness, bidirectional force inhibition between muscles spanning different joints for interjoint coupling; ablate the interjoint force inhibition to test endpoint property regulation.",,True
reciacLFlfKR61mAv,Sensory Feedback Mechanism Underlying Entrainment of Central Pattern Generator to Mechanical Resonance,Iwasaki,,2006,10.1007/s00422-005-0047-3,,,,,Iwasaki 2006,,False,True,"Identifies the neuronal properties required for a CPG to entrain to mechanical resonance: comparing reciprocal-inhibition oscillator models coupled to a pendulum, robust entrainment arises from strong positive-feedback coupling to the lightly damped mechanics when the neurons possess complete adaptation - established by comparative numerical experiments and harmonic-balance analysis of the minimal model.",Load or stiffen a limb in a walking animal and test whether locomotor frequency tracks the shifted mechanical resonance - the model's hallmark prediction of sensory-feedback-mediated entrainment.,Implement a reciprocal-inhibition oscillator CPG with adapting neurons strongly and positively coupled to a lightly damped limb; ablate neuronal adaptation to demonstrate loss of resonance entrainment - a direct recipe for neuromechanical frequency locking.,,True
recSz0XyHOg0CLnJt,Tetraspine: Robust terrain handling on a tensegrity robot using central pattern generators,Tietz,,2013,10.1109/aim.2013.6584102,Cockroach,,,,Tietz 2013,,False,True,"Computational model study. —In order to produce a new mode of robust robotic locomotion and better understand how vertebrates coordinate motion with a compliant spine, we are developing a modular tensegrity robot inspired by the spine.",,,,True
recwgCoGUA2e5cPSH,Sensory feedback plays a significant role in generating walking gait and in gait transition in salamanders: a simulation study,Harischandra,,2011,10.3389/fnbot.2011.00003,Salamander,Mechanosensory,,,Harischandra 2011,,True,True,"A 3D neuro-musculo-mechanical salamander model shows proprioceptive feedback - girdle stretch-receptor-like intraspinal neurons plus hip and scapula limb stretch receptors - is essential for a coordinated lateral-sequence walking gait, while walking trot is dominated by the CPG; the walk-to-trot transition can be induced by increased descending drive from the mesencephalic locomotor region and is helped by hip/scapula sensory input signaling late stance. Demonstrates that the sensory-versus-central balance of control differs by gait.","The authors' own call: identify the mechanoreceptor types and modulation mechanisms in the salamander girdles and limbs electrophysiologically, and test the gait-transition prediction by stimulating the mesencephalic locomotor region while selectively blocking hip/scapula stretch-receptor input.","Implement girdle and hip/scapula stretch-receptor feedback onto a body-CPG plus four limb-CPGs network in simulation; ablate the sensory modulation to check that lateral-sequence walking degrades while trot survives, and gate the walk-to-trot switch on late-stance stretch detection with increasing descending drive.",,True
rec96tTCvqRRZU39F,Spinal cords: Symphonies of interneurons across species,Wilson and Sweeney,,2023,10.3389/fncir.2023.1146449,Vertebrates,,,,,Wilson and Sweeney 2023,True,True,"Review of spinal interneuron composition across vertebrates: fish run on two basic classes (ipsilateral excitatory and commissural inhibitory neurons) plus ipsilateral inhibition for escape swimming, and with the evolution of limbs these three types proliferated into molecularly, anatomically, and functionally distinct subpopulations — movement elaboration is mirrored by interneuron specialization.",,,,True
rec92tGtIJ6rgNzA8,The Ia afferent feedback of a given movement evokes the illusion of the same movement when returned to the subject via muscle tendon vibration,Albert,,2006,10.1007/s00221-005-0325-2,Human,,,,,,False,True,The results show that the Ia aﬀerent feedback of a given movement evokes the illu- sion of the same movement when it is applied to the subject via the appropriate pattern of muscle tendon vibration.,,,,True
recGNWivbxaXIUKPy,Phase-dependent modulation of primary afferent depolarization in single cutaneous primary afferents evoked by peripheral stimulation during fictive locomotion in the cat,Gossard,Cabelguen; Rossignol,1990,10.1016/0006-8993(90)90334-8,Cat,Cutaneous,,,,,False,True,"Cutaneous primary afferent terminals in the cat hindlimb are rhythmically depolarized during fictive locomotion (L-PAD), and primary afferent depolarization evoked by peripheral nerve stimulation is phase-modulated by the CPG - minimal during flexion, maximal during extension - so presynaptic inhibitory gating of cutaneous reflex transmission is locomotor-phase dependent. Centrally generated and peripherally evoked presynaptic mechanisms are in part separately controlled, since evoked PAD peaked in extension regardless of L-PAD amplitude.","Record intra-axonally from identified cutaneous afferents during real (non-fictive) locomotion to test the prediction that movement-related presynaptic inhibition is phase-modulated, or pharmacologically block GABAergic PAD to test the consequences for phase-dependent cutaneous reflex gating.","Implement locomotor-phase-dependent presynaptic gain on cutaneous feedback channels (lowest during flexion, highest during extension) in a reflex-gated walker, then ablate the gating to quantify its contribution to reflex timing and gait stability.",,True
recx1CQz8ZvTDLl4Y,Bioinspired morphing wings for extended flight envelope and roll control of small drones,Luca,,2017,10.1098/rsfs.2016.0092,Vertebrates; Human,,,,,,False,True,We show that a fully deployed configuration enhances manoeuvrability while a folded configuration offers low drag at high speeds and is beneficial in strong headwinds.,,,,True
rec2RZbu3cjgkAJvv,The effects of self-reinnervation of cat medial and lateral gastrocnemius muscles on hindlimb kinematics in slope walking,Maas,,2007,10.1007/s00221-007-0938-8,Cat,Ia; II; Cutaneous,,,,,False,True,"Self-reinnervation of cat gastrocnemius muscles (motor function recovers, proprioceptive feedback permanently absent) leaves level- and upslope-walking kinematics recovered within 14-19 weeks but produces permanent ankle and interjoint deficits in downslope walking - indicating MG/LG proprioceptive feedback is specifically required for regulating ankle extensors on downslope, with compensation by other sensory sources (e.g., cutaneous) or altered central drive elsewhere.",Combine MG/LG self-reinnervation with graded cutaneous anesthesia during downslope walking to test whether cutaneous input is the compensating sensory source for the lost muscle proprioception.,Ablate length and force feedback from ankle extensors in a slope-walking simulator: level and upslope gaits should tolerate the loss via central-drive/cutaneous compensation while downslope develops persistent ankle yield - a test of feedback redundancy.,,True
rech5DPeIL8qPxKbO,A Simple Experimentally Based Model Using Proprioceptive Regulation of Motor Primitives Captures Adjusted Trajectory Formation in Spinal Frogs,Kargo,,2010,10.1152/jn.01054.2007,Frog,,,,Kargo 2010,,True,True,"In frogs, prior work supports
fixed-duration pulses of fixed composition synergies, forming primitives. In wiping behaviors, spinal frogs adjust their motor activity
according to the starting limb position and generate fairly straight and
accurate isochronous trajectories across the workspace. To test
whether a compact description using primitives modulated by proprioceptive feedback could reproduce such trajectory formation, we built
a biomechanical model based on physiological data. We recorded
from hindlimb muscle spindles to evaluate possible proprioceptive
input. As movement was initiated, early skeletofusimotor activity
enhanced many muscle spindles firing rates. Before movement began,
a rapid estimate of the limb position from simple combinations of
spindle rates was possible. Three primitives were used in the model
with muscle compositions based on those observed in frogs. Our
simulations showed that simple gain and phase shifts of primitives
based on published feedback mechanisms could generate accurate
isochronous trajectories and motor patterns that matched those observed. Although on-line feedback effects were omitted from the
model after movement onset, our primitive-based model reproduced
the wiping behavior across a range of starting positions. Without
modifications from proprioceptive feedback, the model behaviors
missed the target in a manner similar to that in deafferented frogs.
These data show how early proprioception might be used to make a
simple estimat",,,,True
recdziQxCrW4TUaWv,Primacy of Flexor Locomotor Pattern Revealed by Ancestral Reversion of Motor Neuron Identity,Machado et al.,,2015,10.1016/j.cell.2015.06.036,Mice,,,,,,False,True,Ancestral reversion of lumbar motor neuron identity reveals the primacy of the flexor locomotor pattern; flexor-dominant circuitry appears to be the conserved building block of limb locomotion.,,,,True
recRlJgHiE2zuOWei,The pyloric central pattern generator in Crustacea: a set of conditional neuronal oscillators,Bal,,1988,10.1007/bf00604049,,,,,,,False,True,This was shown by isolating in situ pyloric neurons from all other elements in the pyloric network.,,,,True
recrbGPEF6MwqmH9O,Nature of Motor Control: Perspectives and Issues,Turvey,,2009,10.1007/978-0-387-77064-2_6,Human,,,,Turvey 2009,,False,True,Computational model study. Four perspectives on motor control provide the framework for developing a comprehensive theory of motor control in biological systems.,,,,True
recnci3wNiKRawreR,Multi-expert learning of adaptive legged locomotion,Yang,,2020,10.1126/scirobotics.abb2174,,,,,,,True,True,"A multi-expert learning architecture gates and blends pretrained deep-network experts and synthesizes new policies online, letting a single quadruped controller trot, steer, and recover from falls on real hardware — a machine-learning route to the adaptive multiskill locomotion that fixed CPG controllers lack.",,,,True
recdbMeqWdaUKgS4s,How Do We Approach the Locomotor Network in the Mammalian Spinal Cord?a,Hultborn et al.,,1998,10.1111/j.1749-6632.1998.tb09039.x,Mammals,,,,,Hultborn 1998,False,True,Critical essay on strategies for delineating the mammalian locomotor network; questions the rhythm-center consensus and outlines testable network approaches.,,,,True
recyUuNlsJQC3Aovu,Postural Compensation for Unilateral Vestibular Loss,Peterka,,2011,10.3389/fneur.2011.00057,Human,,,,Peterka 2011,,True,True,"Computational model study. Results showed that UVL subjects made signiﬁcantly greater use of proprioceptive, and therefore less use of vestibular, orientation information on all tests.",,,,True
reczvpAn0Yl9BlIQZ,Diversity of molecularly defined spinal interneurons engaged in mammalian locomotor pattern generation.,Ziskind-Conhaim and Hochman,,2017,10.1152/jn.00322.2017,Mice; Mammals,,,,,Ziskind-Conhaim and Hochman 2017,True,True,"Review of the four cardinal classes of molecularly defined ventral spinal interneurons (from ten progenitor domains) and their contribution to mammalian locomotor pattern generation, organizing each population by excitatory versus inhibitory action and axonal projection as candidate rhythm-generating versus coordinating elements.",,,,True
rec6biPs0jRaVO5Wj,Intra-muscle Synergies Stabilizing Reflex-mediated Force Changes,Madarshahian,Ricotta; Latash,2022,10.1016/j.neuroscience.2022.10.009,Human,,,,,,True,True,"Highlights
•
Reflex-mediated finger force changes are stabilized by intra-muscle synergies.

•
No synergies in the space of individual finger force stabilized the force changes.

•
Effects of dominance are seen in inter-finger but not intra-muscle synergies.

•
Effects of motor equivalence are seen during reflex-induced force changes.


Abstract
We used the framework of the uncontrolled manifold hypothesis to explore force-stabilizing synergies and motor equivalence in the spaces of individual motor unit (MU) firing frequencies. Healthy subjects performed steady force production tasks by pressing with one finger or three fingers of a hand. Surface EMG was used to identify individual MU action potentials. MUs formed stable groups (MU-modes) with parallel scaling of the firing frequency in both flexor digitorum superficialis (FDS) and extensor digitorum communis (EDC) that allowed identifying them with the reciprocal and coactivation commands. Smooth lifting of the fingers by an “inverse piano” device led to an unintentional, reflex-based force increase. There was significantly larger motion in the space of MU-modes that kept the force unchanged (motor equivalent) compared to motion that changed force (non-motor equivalent). The force change was stabilized by co-varying contributions of the MU-modes defined separately for FDS and EDC. In contrast, analysis of the three-finger task in the space of individual finger forces showed no synergies stabilizing total force change. Effec",,,,True
rectXDBaf77sZeUjO,Central pattern generators for bipedal locomotion,Pinto,,2006,10.1007/s00285-006-0021-2,,,,,,,False,True,"We show that breaking the symmetry between fore and hind limbs in quad, which yields the CPGarm, leads to periodic solution types whose associated leg rhythms correspond to seven of the eight leg gaits found in leg; the missing biped gait is the asymmetric hop.",,,,True
recDjd7e412l54Uly,Review and perspective: neuromechanical considerations for predicting muscle activation patterns for movement,Ting,,2012,10.1002/cnm.2485,Human,,,,Ting 2012,Ting 2012,False,True,"Review of review perspective: neuromechanical considerations predicting muscle. Computational model study. In postural control, we demonstrate that temporal patterns of muscle activity may be governed by feedback control of task-level variables that represent the overall goal-directed motion of the body.",,,,True
recDQog520dPE0Nbw,Performance of a model for a local neuron population,Zetterberg,,1978,10.1007/bf00337367,,,,,Zetterberg 1978,,False,True,"A three-subset local neuron population model — main and auxiliary excitatory subsets plus an inhibitory subset, wired in positive and negative feedback loops — produces rhythmic activity under white-noise input in its stable regime and input-dependent limit cycles at higher mean input, with an electronic realization generating EEG-like background activity and paroxysmal spikes.",,"Use the excitatory-inhibitory population loop architecture as a building block when adding inhibitory subsets to CPG layers, sweeping input level to map stable rhythmic output versus limit-cycle regimes.",,True
recwQQSBHPlE6SmUk,Motoneuronal and muscle synergies involved in cat hindlimb control during fictive and real locomotion: a comparison study,Markin,,2012,10.1152/jn.00865.2011,Cat,,,,,,True,True,Markin and Rybak model. Cat EMG data. Focus on synergies.,,,,True
rec0Z7X0ms5uDDukg,"Secondary endings of muscle spindles: Structure, reflex action, role in motor control and proprioception",Banks,,2021,10.1113/ep089826,Human,,,,,Banks 2021,False,True,"Review of secondary endings muscle spindles: structure, reflex action,. There are two types of sensory endings, primary and secondary, with differing development, morphology, distribution and responsiveness.",,,,True
rec98DdEolkx0B7VW,Influence of Stance Width on Frontal Plane Postural Dynamics and Coordination in Human Balance Control,Goodworth,,2010,10.1152/jn.00916.2009,Human,,,,,,False,True,"Results show that the narrow stance postural system is nonlinear across stimulus ampli- tude in both EO and EC conditions, whereas the wide stance postural system is more linear.",,,,True
recy8TRsrOdTouN96,On the definition of central pattern generator and its sensory control,Bässler,,1986,10.1007/bf00337116,,,,,Bässler 1986,,False,True,"Computational model study. For the intact animal, model considerations show that this term is neither clearly delimited from the concept of a reflex chain nor from the concept of a pattern generator with functional principles different from those of the CPG.",,,,True
recJYMLbsrfjj6vFl,Spinal interneurons providing input to the final common path during locomotion,Brownstone and Bui,,2010,10.1016/b978-0-444-53613-6.00006-x,Mammals; Cat,,,,,Brownstone and Bui 2010,False,True,Spinal interneurons providing input to the final common path during locomotion; framework relating interneuron diversity to the assembly of locomotor commands.,,,,True
recrbmAb00ZYQHTsn,Pharmacological Activation and Modulation of the Central Pattern Generator for Locomotion in the Cat,Rossignol,,1998,10.1111/j.1749-6632.1998.tb09061.x,Cat,,,,,,False,True,"Box 6128, Station Centre-Ville, Montreal (Qc) H3C 3J7, Canada ABSTRACT: Pharmacological agents have been shown to be capable of inducing a pat- tern of rhythmic activity recorded in muscle nerves or motoneurons of paralyzed spinal cats that closely resembles the locomotor pattern seen in intact...",,,,True
recAuxkSYVbMWLiII,Could Different Directions of Infant Stepping Be Controlled by the Same Locomotor Central Pattern Generator?,Lamb,,2000,10.1152/jn.2000.83.5.2814,Human,,,,,,False,True,"Human infants who sustain forward stepping can also step sideways and backward on a treadmill, with the same relationships of stance and swing phase durations to cycle duration across directions and speeds, and no discrete changes in electromyographic or temporal parameters when direction is varied continuously, supporting a single locomotor CPG controlling different walking directions with direction-specific muscle tuning (for example hamstrings much more active in backward swing).","In animal models, rotate the walking direction gradually on a treadmill while recording limb kinematics and EMG, testing for continuous retuning rather than discrete pattern switching as evidence for a shared CPG.","Drive a single locomotor CPG through a direction-dependent motoneuron mapping and test continuous direction changes for graded, EMG-like retuning without discrete pattern switches.",,True
recKAmWMcpXDpU7ys,Fixed-wing MAV attitude stability in atmospheric turbulence—Part 2: Investigating biologically-inspired sensors,Mohamed,,2014,10.1016/j.paerosci.2014.06.002,,,,,,,False,True,Bio-inspired ﬂow and pressure-based sensors were found to be the most promising for complementing or replacing current inertial-based reactive attitude sensors.,,,,True
reccGU29m4hTqLMqz,Adaptation of postural control to perturbations—a process that initiates long-term motor memory,Tjernström,,2002,10.1016/s0966-6362(01)00175-8,Human,,,,,,False,True,"The ﬁndings suggest that balance rehabilitation should include a variety of repeated exercises, which are sufﬁciently long to induce habituation.",,,,True
recCEWqUUx9FOJLWo,Initiating or Blocking Locomotion in Spinal Cats by Applying Noradrenergic Drugs to Restricted Lumbar Spinal Segments,Marcoux and Rossignol,,2000,10.1523/jneurosci.20-22-08577.2000,Cat,,,,,,True,True,"Focal alpha2-noradrenergic action at restricted lumbar levels both starts and stops spinal walking: topical clonidine over L3-L4 or L5-L7, or microinjection at L3-L5, induces treadmill locomotion in acutely spinalized cats, whereas yohimbine at L3-L5 (not L6) or a transection at L3-L4 blocks it — mid-lumbar segments are a sufficient pharmacological trigger and a necessary substrate for the rhythm.",Combine segment-restricted clonidine/yohimbine application with selective deafferentation or graded sensory perturbations to test how mid-lumbar rhythmogenesis interacts with afferent gating; alternatively test in chronic preparations whether repeated L3-L4 noradrenergic stimulation enhances recovery of stepping.,Build a spatially segmented spinal CPG in which only mid-lumbar-equivalent modules can be tonically activated to launch the full hindlimb pattern; ablating those modules while leaving caudal motoneuron pools functional should abolish gait but spare other rhythmic outputs.,,True
recK9CgXEvLEQSVrV,Analysis of Chaotic Resonance in Izhikevich Neuron Model,Nobukawa,,2015,10.1371/journal.pone.0138919,,,,,Nobukawa 2015,,True,True,"Classifies the chaotic regimes of the Izhikevich neuron model - a primarily turbulent state and an intermittent chaotic state - using Lyapunov exponents with a saltation matrix and Poincare sections, then shows both exhibit chaotic resonance: sensitive response to weak sub-threshold periodic signals without noise, with the intermittent state responding more promptly.",,"Operate Izhikevich CPG units in intermittent-chaos parameter regimes to exploit chaotic resonance for detecting weak periodic sensory signals, comparing detection latency against stochastic-resonance noise injection.",,True
recV3YQtMTF5hreIm,Emulating Balance Control Observed in Human Test Subjects with a Neural Network,Hilts,Szczecinski; Quinn; Hunt,2000,10.1007/978-3-319-95972-6_21,,,,,,,True,False,,,,,True
recXW34i5WwjznlgT,Multifrequency Hebbian plasticity in coupled neural oscillators,Kim,,2021,10.1007/s00422-020-00854-6,,,,,Kim 2021,,False,True,"Analyzes Hebbian plasticity in weakly connected oscillator networks with frequency detuning (gradient-frequency neural networks): learning produces stronger connections for simple frequency ratios than for complex ones, and the plasticity is locally dominated by a nonlinear resonance captured by the two-frequency model — a candidate self-organizing mechanism for intersegmental coordination.","Test the ratio-dependence in vitro: co-activate two coupled neuronal oscillators with distinct intrinsic frequencies (e.g., spinal hemicord pairs) and assay coupling-strength changes for simple versus complex frequency ratios as the Hebbian model predicts.","Add a Hebbian update rule to connections between frequency-detuned CPG oscillators; verify simple-ratio couplings strengthen preferentially, then ablate learning and measure coordination loss.",,True
recpiClFNWFTFnOCA,NEURAL NETWORK DYNAMICS,Vogels,,2005,10.1146/annurev.neuro.28.061604.135637,,,,,Vogels 2005,Vogels 2005,False,True,Review of neural network dynamics. Computational model study. We also review propagation of stimulus-driven activity through sponta- neously active networks.,,,,True
recNxBNmZRvcI2Sfr,Model Predictive Control for Gust Load Alleviation,Giesseler,,2012,10.3182/20120823-5-nl-3013.00049,,,,,Giesseler 2012; Ijspeert 2001; Kooij 2000; Schmitt 2000; Hunt 2017; Hunt 2015; Wilson 1972; Latash 2020; Szczecinski 2017; Oduyela 2014,,False,True,"Computational model study. The proposed controller design takes actuator deﬂection- and rate-limitations, the complex multiple- inputs multiple-outputs system structure, and the objective to reduce critical loads directly into account.",,,,True
recJ7cgrCX7pokhZO,Attitude and Altitude Controller Design for Quad-Rotor Type MAVs,Wang,,2013,10.1155/2013/587098,,,,,Wang 2013,,False,True,"Computational model study. In order to show the effectiveness of the PD-A over the PD, theoretical and experimental studies were carried out based on one degree of freedom quadcopter model.",,,,True
recx6cU1RkrYsx1TX,Observers for Canonic Models of Neural Oscillators,Fairhurst,,2010,10.1051/mmnp/20105206,,,,,,,True,True,"Observer-design analysis of canonic neural oscillator models (Hodgkin-Huxley, Hindmarsh-Rose, FitzHugh-Nagumo, Morris-Lecar): they are locally observable but not in adaptive observer canonic form, and no parameter-independent diffeomorphism converts them; parameter-dependent transformations nevertheless allow partial state/parameter reconstruction with exponential convergence, and a Lyapunov plus positive-invariance/small-gain method handles nonlinearly entering parameters while avoiding ill-conditioning and non-uniqueness.",,"Apply these observers to estimate hidden states and parameters of neural oscillator/CPG models in real time from sparse outputs (a few state components plus the input signal), enabling online identification and tuning of simulated CPGs and model-based decoding for closed-loop neural control.",,True
recZxoFgqdQh2aUJO,Cutaneous inputs from perineal region facilitates and modulates spinal locomotor activity and reduces cutaneous reflexes from the foot in spinal cats,Merlet,Harnie; Macovei; Doelman; Gaudreault; Frigon,2020,10.1101/2020.07.29.226530,Cat,Cutaneous,,,,,True,True,"In spinal cats, mechanical stimulation of the perineal region triggers and re-times rhythmic locomotor activity — shortening cycle and burst durations and increasing flexor and extensor burst amplitudes — while simultaneously decreasing short-latency ipsilateral and contralateral cutaneous reflexes from the foot across joints and limbs. The locomotor facilitation therefore reflects excitation of CPG circuitry with state-dependent reflex suppression by spinal interneurons, not an increase in cutaneous reflex gain.","In spinal cats, record CPG interneurons during perineal stimulation to test whether the excitation lands directly on rhythm circuitry, and selectively anesthetize perineal skin or section the relevant dorsal roots to confirm the afferent origin of both the facilitation and the reflex suppression.","Implement a tonic cutaneous (perineal-analog) input that raises CPG drive while scaling down short-latency reflex gains; the model should show shorter cycles, larger bursts, and reduced cutaneous reflex responses, testing state-dependent reflex gating layered on a CPG.",,True
recmtKi7BqBJSH9my,Neuronal specification in the spinal cord: inductive signals and transcriptional codes,Jessell,,2000,10.1038/35049541,Vertebrates,,,,,Jessell 2000,False,True,"Reviews the developmental logic of spinal neuronal specification: inductive signals and transcriptional codes assign class identity to progenitors at defined positions in the neural tube, assembling neural circuits with the selective connectivity that underlies the mature organism's behavioral repertoire.",Misexpress or knock down the inductive signals and transcriptional codes in the developing neural tube and assay whether the predicted interneuron classes fail to differentiate and whether circuit connectivity and behavior change accordingly.,,,True
recTyf20KciVGaJVG,Dynamical Systems in Neuroscience: The Geometry of Excitability and Bursting,Izhikevich,,2006,10.7551/mitpress/2526.001.0001,,,,,Izhikevich 2006,,False,True,"Standard reference connecting electrophysiology to nonlinear dynamical systems theory: neuronal information processing depends on dynamical as well as electrophysiological properties, with excitability, bursting, and synchronization treated geometrically (phase planes, bifurcations) starting from one- and two-dimensional Hodgkin-Huxley-type models. Provides the analysis toolkit for classifying the operating regime and burst-termination mechanisms of CPG neuron models.",,"Use its phase-plane and bifurcation methods to classify the operating regime and burst-termination mechanism of CPG half-center and persistent-sodium neuron models before porting them across simulators, where bifurcation regime — not parameter identity — determines transfer.",,True
recH0svuO344o1Stg,Neuronal Control of LocomotionFrom Mollusc to Man,Orlovsky,Deliagina; Grillner,1999,10.1093/acprof:oso/9780198524052.001.0001,Human,,,,,,False,True,"Comparative monograph surveying the neural mechanisms of locomotion across evolutionarily diverse species, from leech swimming to human running, synthesizing CPG organization, descending control, and sensory regulation into unifying principles of how nervous systems generate locomotion; a canonical cross-species reference for locomotor neurobiology.",,"Use its comparative survey of CPG organization and descending control across species to select conserved motifs (half-center rhythm cores, brainstem initiation and speed control) as architecture choices for robotic locomotor controllers.",,True
rec3bT3OcdqqGQ2dY,The Circuitry of the Human Spinal Cord: Its Role in Motor Control and Movement Disorders,Pierrot-Deseilligny and Burke,,2005,,Human,,,,,,False,True,"Reference monograph on human spinal circuitry — descending tracts, reflex pathways, and their pathophysiology in movement disorders.",,,,True
rec9s9QNUNgTbbtQX,Neuromechanical Modeling of Posture and Locomotion,Prilutsky and Edwards,,2015,,,,,,,,True,True,Book,,,,True
recjEWZKD03OC2BYS,Modeling the Organization of Spinal Cord Neural Circuits Controlling Two-Joint Muscles,Shevtsova,,2016,10.1007/978-1-4939-3267-2_5,,,,,,,True,True,Chapter of the Neuromechanical Modeling of Posture and Locomotion book.,,,,True
recLvq2dSfUodmjTa,Effects of muscle dynamics and proprioceptive feedback on the kinematics and CPG activity of salamander stepping,Knuesel,,2011,10.1186/1471-2202-12-s1-p158,Salamander,,,,Knuesel 2011,,False,True,"Conference abstract: in an 8-joint salamander stepping model without feedback, trunk kinematics deviate from the EMG pattern, illustrating the effect of muscle dynamics (motion closer to a standing wave), and feedback in a 10-joint model modulates CPG activity.",,"Reproduce salamander stepping models with and without muscle dynamics and with CPG feedback modulation (8- versus 10-joint versions), quantifying how muscle dynamics decouple trunk kinematics from the EMG pattern and how feedback modulates the CPG.",,True
reciUGAHPamTLce0k,On the Improvement of Multi-Legged Locomotion over Difficult Terrains Using a Balance Stabilization Method,Asif,,2012,10.5772/7789,,,,,,,False,True,"A ZMP-based online pattern generator with bio-mimetic stepping leg transfers and active balance control, combined with a force-position controller that estimates impulsive impact forces in real time, lets a six-legged robot walk difficult terrain fast with minimal tracking errors despite external disturbances - validated in dynamic simulation and real-world experiments.",,Import the engineering layer: online ZMP pattern generation with real-time impulsive-force estimation and force-position control can be combined with neural CPG control to handle terrain and impacts in a hexapod or biped simulation.,,True
recKCncNuVAa7rZ4g,How Good Are Neuron Models?,Gerstner,,2009,10.1126/science.1181936,,,,,,,False,True,Reports on a competition in which modelers predicted neuronal activity and compares which neuron model performed best - a benchmark of single-neuron model classes against experimental data.,,,,True
recwAaYQRw2Psco5n,Digital Multiplierless Implementation of Biological Adaptive-Exponential Neuron Model,Gomar,,2014,10.1109/tcsi.2013.2286030,,,,,Gomar 2014,,False,True,"Develops multiplierless digital variants of the biological adaptive-exponential neuron model that reproduce different biological firing behaviors with high precision at considerably lower FPGA implementation cost than the original model, enabling large-scale, low-cost digital simulation of biologically realistic spiking networks.",,Deploy the low-cost adaptive-exponential neuron variants as hardware neuron units in a real-time neural controller and verify their firing behaviors against the original model to confirm performance parity at reduced implementation cost.,,True
recZVayeFS2NnRjwz,On the Dynamic Stability of Biped Locomotion,Gubina,,1974,10.1109/tbme.1974.324294,,,,,Gubina 1974,,False,True,"Early biped stability analysis: a planar model with leg mass neglected yields a sixth-order nonlinear system whose linearization supports combined continuous and discrete feedback laws controlling step length, step period, and body attitude and altitude, with applicability verified on the nonlinear plant under large disturbances — feedback-control groundwork for biped robots and lower-extremity prostheses and orthoses.",,"Implement the sixth-order planar biped with hybrid continuous/discrete feedback (step length, step period, attitude, altitude) as an engineering baseline controller, and test disturbance recovery on the nonlinear plant against neurally grounded CPG-plus-reflex architectures.",,True
