TimeSlice	Time	hip_L_flx_rec	hip_L_ext_rec	hip_L	hip_L_flx	hip_L_ext
0	0	1.5698	1.6105	0	0	0
5	0.001	1.56981	1.61051	0	0	0
10	0.002	1.56982	1.61666	3.56216e-017	0.451278	0
15	0.003	1.5698	1.6105	-0.000764329	11.3202	0
20	0.004	1.57275	1.6105	0.000289281	15.838	0
25	0.005	1.58855	1.6105	0.00191124	19.9164	0
30	0.006	1.60558	1.6105	0.00367565	24.6848	0
35	0.007	1.62435	1.6105	0.00563603	28.9064	0
40	0.008	1.64366	1.6105	0.00767267	32.5047	0
45	0.009	1.66245	1.6105	0.00967701	35.5618	0
50	0.01	1.67787	1.6105	0.011358	39.265	0
55	0.011	1.69283	1.6105	0.013007	41.8746	0
60	0.012	1.70728	1.6105	0.0146204	43.3834	0
65	0.013	1.72117	1.6105	0.0161922	43.8967	12.3015
70	0.014	1.73448	1.6105	0.0177178	43.5074	31.6358
75	0.015	1.74712	1.6105	0.019189	42.3857	50.0888
80	0.016	1.75899	1.6105	0.0205965	40.7042	65.8278
85	0.017	1.77005	1.6105	0.0219318	38.6141	77.7902
90	0.018	1.78023	1.6105	0.0231887	36.2636	85.5345
95	0.019	1.78951	1.6105	0.0243632	33.7635	89.0767
100	0.02	1.79788	1.6105	0.0254531	31.2272	88.7722
105	0.021	1.80537	1.6105	0.026463	28.6861	85.2085
110	0.022	1.81208	1.6105	0.0273989	26.1906	79.0198
115	0.023	1.81807	1.6105	0.028266	23.7476	70.8206
120	0.024	1.82336	1.6105	0.0290683	21.4105	61.1776
125	0.025	1.828	1.6105	0.029809	19.1797	50.5667
130	0.026	1.83203	1.6105	0.0304909	17.0817	39.3821
135	0.027	1.83549	1.6105	0.0311169	15.1335	27.9144
140	0.028	1.83839	1.6105	0.0316902	13.3241	16.4033
145	0.029	1.8408	1.6105	0.0322144	11.6773	5.03227
150	0.03	1.84276	1.6105	0.0326936	10.1626	0
155	0.031	1.8443	1.6105	0.0331323	8.78328	0
160	0.032	1.84548	1.6105	0.0335337	7.52632	0
165	0.033	1.8463	1.6105	0.0338997	6.40015	0
170	0.034	1.8468	1.6105	0.034232	5.38604	0
175	0.035	1.84698	1.6105	0.0345325	4.49796	0
180	0.036	1.84686	1.6105	0.0348029	3.71424	0
185	0.037	1.84657	1.6105	0.035053	2.99945	0
190	0.038	1.84606	1.6105	0.0352818	2.3555	0
195	0.039	1.84537	1.6105	0.03549	1.7765	0
200	0.04	1.84449	1.6105	0.0356776	1.2871	0
205	0.041	1.84343	1.6105	0.0358446	0.863071	0
210	0.042	1.84218	1.6105	0.035991	0.533126	0
215	0.043	1.84076	1.6105	0.0361175	0.270338	0
220	0.044	1.83917	1.6105	0.0362252	0.0719082	0
225	0.045	1.83742	1.6105	0.0363157	0	0
230	0.046	1.83556	1.6105	0.0363906	0	0
235	0.047	1.83359	1.6105	0.0364516	0	0
240	0.048	1.8315	1.6105	0.0365	0	0
245	0.049	1.82934	1.6105	0.0365369	0	0
250	0.05	1.8271	1.6105	0.0365631	0	0
255	0.051	1.82479	1.6105	0.0365794	0	0
260	0.052	1.8224	1.6105	0.036586	0.00517202	0
265	0.053	1.81995	1.6105	0.0365831	0.116486	0
270	0.054	1.81744	1.6105	0.0365709	0.256869	0
275	0.055	1.81486	1.6105	0.0365488	0.4117	0
280	0.056	1.81221	1.6105	0.0365159	0.603124	0
285	0.057	1.80949	1.6105	0.0364723	0.813748	0
290	0.058	1.80669	1.6105	0.0364182	1.05849	0
295	0.059	1.80382	1.6105	0.0363539	1.31614	0
300	0.06	1.80089	1.6105	0.0362795	1.61037	0
305	0.061	1.7979	1.6105	0.0361952	1.91771	0
310	0.062	1.79483	1.6105	0.0361013	2.23152	0
315	0.063	1.7917	1.6105	0.0359958	2.59454	0
320	0.064	1.78848	1.6105	0.0358768	2.97832	0
325	0.065	1.78515	1.6105	0.0357439	3.39708	0
330	0.066	1.78171	1.6105	0.0355973	3.85915	0
335	0.067	1.77818	1.6105	0.0354372	4.34769	0
340	0.068	1.77457	1.6105	0.0352638	4.8641	0
345	0.069	1.77088	1.6105	0.0350775	5.40493	0
350	0.07	1.7671	1.6105	0.0348786	5.97073	0
355	0.071	1.76325	1.6105	0.0346673	6.54408	0
360	0.072	1.75931	1.6105	0.0344441	7.14095	0
365	0.073	1.7553	1.6105	0.0342092	7.75432	0
370	0.074	1.75123	1.6105	0.0339632	8.36552	0
375	0.075	1.74709	1.6105	0.0337063	8.99401	0
380	0.076	1.74291	1.6105	0.033439	9.63132	0
385	0.077	1.73867	1.6105	0.0331616	10.2584	0
390	0.078	1.73436	1.6105	0.0328746	10.9056	0
395	0.079	1.73003	1.6105	0.0325784	11.536	0
400	0.08	1.72565	1.6105	0.0322734	12.1701	0
405	0.081	1.72124	1.6105	0.03196	12.8117	0
410	0.082	1.7168	1.6105	0.0316385	13.4371	0
415	0.083	1.71232	1.6105	0.0313095	14.0554	0
420	0.084	1.70782	1.6105	0.0309732	14.6825	0
425	0.085	1.7033	1.6105	0.0306301	15.2795	0
430	0.086	1.69876	1.6105	0.0302806	15.8763	0
435	0.087	1.69423	1.6105	0.0299251	16.4695	0
440	0.088	1.68968	1.6105	0.0295641	17.0369	0
445	0.089	1.68511	1.6105	0.0291981	17.6055	0
450	0.09	1.68056	1.6105	0.0288276	18.148	0
455	0.091	1.67602	1.6105	0.0284532	18.6705	0
460	0.092	1.67148	1.6105	0.0280752	19.1841	0
465	0.093	1.66698	1.6105	0.0276942	19.6776	0
470	0.094	1.66247	1.6105	0.0273105	20.1528	0
475	0.095	1.658	1.6105	0.0269246	20.6206	0
480	0.096	1.65356	1.6105	0.0265368	21.049	0
485	0.097	1.64915	1.6105	0.0261476	21.4778	0
490	0.098	1.64476	1.6105	0.0257573	21.8667	0
495	0.099	1.64042	1.6105	0.0253662	22.2463	0
500	0.1	1.63612	1.6105	0.0249747	22.6052	0
505	0.101	1.63185	1.6105	0.024583	22.9537	0
510	0.102	1.62763	1.6105	0.0241915	23.272	0
515	0.103	1.62347	1.6105	0.0238005	23.5756	0
520	0.104	1.61934	1.6105	0.0234101	23.8594	0
525	0.105	1.61527	1.6105	0.0230206	24.1192	0
530	0.106	1.61125	1.6105	0.0226323	24.3655	0
535	0.107	1.60727	1.6105	0.0222453	24.6004	0
540	0.108	1.60336	1.6105	0.0218598	24.8004	0
545	0.109	1.5995	1.6105	0.021476	25.0058	0
550	0.11	1.59569	1.6105	0.0210941	25.1778	0
555	0.111	1.59194	1.6105	0.0207142	25.3425	0
560	0.112	1.58825	1.6105	0.0203365	25.4911	0
565	0.113	1.58462	1.6105	0.019961	25.623	0
570	0.114	1.58105	1.6105	0.0195881	25.7424	0
575	0.115	1.57754	1.6105	0.0192176	25.8578	0
580	0.116	1.5741	1.61148	0.0188497	25.9497	0
585	0.117	1.5707	1.61426	0.0184844	26.0274	0
590	0.118	1.5698	1.617	0.0181219	26.0951	0
595	0.119	1.5698	1.61968	0.017762	26.1637	0
600	0.12	1.5698	1.6223	0.017405	26.2124	0
605	0.121	1.5698	1.62488	0.0170507	26.2523	0
610	0.122	1.5698	1.62742	0.0166993	26.283	0
615	0.123	1.5698	1.6299	0.0163507	26.3071	0
620	0.124	1.5698	1.63234	0.0160048	27.3022	0
625	0.125	1.5698	1.63472	0.0156619	28.9829	0
630	0.126	1.5698	1.63704	0.015322	31.0632	0
635	0.127	1.5698	1.63933	0.0149856	33.3225	0
640	0.128	1.5698	1.64154	0.0146534	35.5924	0
645	0.129	1.5698	1.6437	0.0143259	37.7349	0
650	0.13	1.5698	1.64579	0.0140036	39.6731	0
655	0.131	1.5698	1.64779	0.0136872	41.3648	0
660	0.132	1.5698	1.64974	0.0133771	42.7712	0
665	0.133	1.5698	1.6516	0.0130737	43.9047	0
670	0.134	1.5698	1.65338	0.0127774	44.7607	0
675	0.135	1.5698	1.6551	0.0124882	45.3563	0
680	0.136	1.5698	1.65671	0.0122065	45.723	0
685	0.137	1.5698	1.65827	0.0119321	45.8552	0
690	0.138	1.5698	1.65976	0.0116652	45.8056	0
695	0.139	1.5698	1.66116	0.0114056	45.583	0
700	0.14	1.5698	1.6625	0.0111531	45.2057	0
705	0.141	1.5698	1.66378	0.0109076	44.7137	0
710	0.142	1.5698	1.66499	0.0106688	44.1107	0
715	0.143	1.5698	1.66613	0.0104364	43.4218	0
720	0.144	1.5698	1.66722	0.0102101	42.6556	0
725	0.145	1.5698	1.66825	0.00998959	41.8404	0
730	0.146	1.5698	1.66925	0.00977452	40.9791	0
735	0.147	1.5698	1.67019	0.0095645	40.1004	0
740	0.148	1.5698	1.67109	0.00935916	39.1905	0
745	0.149	1.5698	1.67194	0.00915814	38.2797	0
750	0.15	1.5698	1.67277	0.00896106	37.3597	0
755	0.151	1.5698	1.67354	0.00876755	36.4531	0
760	0.152	1.5698	1.6743	0.00857724	35.5469	0
765	0.153	1.5698	1.67502	0.00838977	34.6735	0
770	0.154	1.5698	1.67572	0.00820481	34.6524	0
775	0.155	1.5698	1.67641	0.00802202	35.4424	0
780	0.156	1.5698	1.67706	0.0078413	36.7238	0
785	0.157	1.5698	1.67769	0.00766278	38.2461	0
790	0.158	1.5698	1.67831	0.00748673	39.818	0
795	0.159	1.5698	1.67888	0.00731348	41.3243	0
800	0.16	1.5698	1.67941	0.00714339	42.6564	0
805	0.161	1.5698	1.67991	0.00697677	43.7634	0
810	0.162	1.5698	1.68039	0.0068139	44.6371	0
815	0.163	1.5698	1.68082	0.00665499	45.2728	0
820	0.164	1.5698	1.6812	0.0065002	45.6606	0
825	0.165	1.5698	1.68156	0.00634961	45.8176	0
830	0.166	1.5698	1.68189	0.00620321	45.7763	0
835	0.167	1.5698	1.68217	0.00606095	45.5534	0
840	0.168	1.5698	1.68244	0.00592273	45.1537	0
845	0.169	1.5698	1.68266	0.00578838	44.631	0
850	0.17	1.5698	1.68284	0.00565771	43.9781	0
855	0.171	1.5698	1.683	0.00553047	43.2227	0
860	0.172	1.5698	1.68315	0.0054064	42.3894	0
865	0.173	1.5698	1.68327	0.00528519	41.506	0
870	0.174	1.5698	1.68337	0.00516655	40.566	0
875	0.175	1.5698	1.68346	0.00505016	39.592	0
880	0.176	1.5698	1.68353	0.0049357	38.6042	0
885	0.177	1.5698	1.6836	0.00482283	37.6039	0
890	0.178	1.5698	1.68365	0.00471123	36.6077	0
895	0.179	1.5698	1.6837	0.00460057	36.689	0
900	0.18	1.5698	1.68375	0.00449053	37.5051	0
905	0.181	1.5698	1.68378	0.00438108	38.7489	0
910	0.182	1.5698	1.68382	0.0042724	40.1658	0
915	0.183	1.5698	1.68385	0.00416481	41.6001	0
920	0.184	1.5698	1.68386	0.00405863	42.9264	0
925	0.185	1.5698	1.68384	0.00395424	44.0626	0
930	0.186	1.5698	1.68382	0.00385194	44.9699	0
935	0.187	1.5698	1.68377	0.00375201	45.6364	0
940	0.188	1.5698	1.6837	0.00365464	46.0538	0
945	0.189	1.5698	1.68361	0.00355997	46.2389	0
950	0.19	1.5698	1.6835	0.00346805	46.2108	0
955	0.191	1.5698	1.68337	0.00337889	45.9825	0
960	0.192	1.5698	1.68323	0.00329244	45.5831	0
965	0.193	1.5698	1.68306	0.00320861	45.0361	0
970	0.194	1.5698	1.6829	0.00312724	44.3555	0
975	0.195	1.5698	1.6827	0.00304815	43.5804	0
980	0.196	1.5698	1.6825	0.00297113	42.7062	0
985	0.197	1.5698	1.68228	0.00289592	41.771	0
990	0.198	1.5698	1.68206	0.00282227	40.7813	0
995	0.199	1.5698	1.68183	0.0027499	39.7585	0
1000	0.2	1.5698	1.6816	0.00267851	38.7067	0
1005	0.201	1.5698	1.68137	0.00260781	38.5509	0
1010	0.202	1.5698	1.68113	0.00253751	39.1941	0
1015	0.203	1.5698	1.68091	0.00246756	40.2954	0
1020	0.204	1.5698	1.68067	0.00239811	41.6195	0
1025	0.205	1.5698	1.68044	0.00232946	42.9604	0
1030	0.206	1.5698	1.68018	0.00226194	44.2011	0
1035	0.207	1.5698	1.67993	0.0021959	45.2534	0
1040	0.208	1.5698	1.67965	0.00213166	46.086	0
1045	0.209	1.5698	1.67936	0.00206948	46.6595	0
1050	0.21	1.5698	1.67906	0.00200956	46.9956	0
1055	0.211	1.5698	1.67874	0.00195203	47.0948	0
1060	0.212	1.5698	1.6784	0.00189693	46.9731	0
1065	0.213	1.5698	1.67805	0.00184427	46.6528	0
1070	0.214	1.5698	1.67769	0.00179397	46.1581	0
1075	0.215	1.5698	1.67731	0.00174591	45.5223	0
1080	0.216	1.5698	1.67693	0.00169992	44.7458	0
1085	0.217	1.5698	1.67636	0.00165578	43.8732	0
1090	0.218	1.5698	1.67565	0.00163448	42.8048	0
1095	0.219	1.5698	1.67487	0.00163273	41.5915	0
1100	0.22	1.5698	1.67407	0.00164125	40.2995	0
1105	0.221	1.5698	1.67328	0.00165133	39.2278	0
1110	0.222	1.5698	1.67252	0.00166065	39.1979	0
1115	0.223	1.5698	1.67177	0.00166887	39.8434	0
1120	0.224	1.5698	1.67105	0.00167611	40.8516	0
1125	0.225	1.5698	1.67033	0.00168269	42.0023	0
1130	0.226	1.5698	1.6696	0.00168889	43.1166	0
1135	0.227	1.5698	1.66891	0.00169497	44.084	0
1140	0.228	1.5698	1.6682	0.00170119	44.8711	0
1145	0.229	1.5698	1.66751	0.00170776	45.4174	0
1150	0.23	1.5698	1.66682	0.00171487	45.7397	0
1155	0.231	1.5698	1.66611	0.00172262	45.8206	0
1160	0.232	1.5698	1.66543	0.00173107	45.6761	0
1165	0.233	1.5698	1.66474	0.00174022	45.3468	0
1170	0.234	1.5698	1.66405	0.00175	44.8304	0
1175	0.235	1.5698	1.66337	0.00176029	44.162	0
1180	0.236	1.5698	1.6627	0.00177094	43.3699	0
1185	0.237	1.5698	1.66203	0.00178176	42.4687	0
1190	0.238	1.5698	1.66138	0.00179251	41.4826	0
1195	0.239	1.5698	1.66073	0.00180292	40.4306	0
1200	0.24	1.5698	1.6601	0.00181275	39.3247	0
1205	0.241	1.5698	1.65949	0.00182168	39.1304	0
1210	0.242	1.5698	1.65888	0.00182943	39.7201	0
1215	0.243	1.5698	1.6583	0.00183594	40.7575	0
1220	0.244	1.5698	1.65774	0.00184137	41.9939	0
1225	0.245	1.5698	1.65717	0.001846	43.2371	0
1230	0.246	1.5698	1.65661	0.00185017	44.3493	0
1235	0.247	1.5698	1.65608	0.00185421	45.2676	0
1240	0.248	1.5698	1.65553	0.00185842	45.9652	0
1245	0.249	1.5698	1.65498	0.00186305	46.402	0
1250	0.25	1.5698	1.65445	0.00186828	46.593	0
1255	0.251	1.5698	1.65389	0.00187423	46.5549	0
1260	0.252	1.5698	1.65335	0.00188095	46.2911	0
1265	0.253	1.5698	1.65281	0.00188841	45.84	0
1270	0.254	1.5698	1.65227	0.00189656	45.2236	0
1275	0.255	1.5698	1.65172	0.00190524	44.4676	0
1280	0.256	1.5698	1.65119	0.0019143	43.5815	0
1285	0.257	1.5698	1.65066	0.00192353	42.6083	0
1290	0.258	1.5698	1.65015	0.00193267	41.5511	0
1295	0.259	1.5698	1.64964	0.00194147	40.4452	0
1300	0.26	1.5698	1.64914	0.00194964	40.4427	0
1305	0.261	1.5698	1.64866	0.00195689	41.1465	0
1310	0.262	1.5698	1.64819	0.00196322	42.2386	0
1315	0.263	1.5698	1.64773	0.00196881	43.4685	0
1320	0.264	1.5698	1.64727	0.00197396	44.6584	0
1325	0.265	1.5698	1.64682	0.00197901	45.7053	0
1330	0.266	1.5698	1.64635	0.00198427	46.5414	0
1335	0.267	1.5698	1.6459	0.00199002	47.1233	0
1340	0.268	1.5698	1.64544	0.00199648	47.4678	0
1345	0.269	1.5698	1.64498	0.0020038	47.5591	0
1350	0.27	1.5698	1.64453	0.00201207	47.4172	0
1355	0.271	1.5698	1.64407	0.00202131	47.0724	0
1360	0.272	1.5698	1.64359	0.00203147	46.5309	0
1365	0.273	1.5698	1.64313	0.00204244	45.819	0
1370	0.274	1.5698	1.64266	0.00205407	44.983	0
1375	0.275	1.5698	1.64221	0.00206617	44.0251	0
1380	0.276	1.5698	1.64175	0.00207849	42.989	0
1385	0.277	1.5698	1.64129	0.00209076	41.8715	0
1390	0.278	1.5698	1.64086	0.00210271	41.8555	0
1395	0.279	1.5698	1.64043	0.00211403	42.5534	0
1400	0.28	1.5698	1.64001	0.00212472	43.6196	0
1405	0.281	1.5698	1.63959	0.00213495	44.8125	0
1410	0.282	1.5698	1.63918	0.00214501	45.9574	0
1415	0.283	1.5698	1.63877	0.00215521	46.9526	0
1420	0.284	1.5698	1.63837	0.00216585	47.7308	0
1425	0.285	1.5698	1.63795	0.00217718	48.2636	0
1430	0.286	1.5698	1.63753	0.00218942	48.533	0
1435	0.287	1.5698	1.63712	0.00220269	48.5574	0
1440	0.288	1.5698	1.63669	0.00221705	48.3529	0
1445	0.289	1.5698	1.63626	0.0022325	47.9316	0
1450	0.29	1.5698	1.63583	0.00224897	47.3237	0
1455	0.291	1.5698	1.63539	0.00226633	46.5505	0
1460	0.292	1.5698	1.63496	0.00228439	45.6444	0
1465	0.293	1.5698	1.63453	0.00230296	44.6274	0
1470	0.294	1.5698	1.63411	0.00232175	43.5247	0
1475	0.295	1.5698	1.63369	0.00234049	42.8572	0
1480	0.296	1.5698	1.63328	0.00235888	43.1262	0
1485	0.297	1.5698	1.63287	0.00237671	43.9551	0
1490	0.298	1.5698	1.63249	0.00239407	45.0412	0
1495	0.299	1.5698	1.63209	0.00241117	46.1846	0
1500	0.3	1.5698	1.63169	0.00242828	47.2162	0
1505	0.301	1.5698	1.63132	0.00244571	48.0661	0
1510	0.302	1.5698	1.63092	0.00246373	48.6977	0
1515	0.303	1.5698	1.63053	0.00248254	49.0523	0
1520	0.304	1.5698	1.63013	0.00250231	49.1702	0
1525	0.305	1.5698	1.62972	0.00252312	49.0388	0
1530	0.306	1.5698	1.62932	0.00254498	48.6768	0
1535	0.307	1.5698	1.62891	0.00256784	48.1288	0
1540	0.308	1.5698	1.62849	0.0025916	47.3999	0
1545	0.309	1.5698	1.62809	0.00261609	46.5128	0
1550	0.31	1.5698	1.62767	0.00264109	45.5177	0
1555	0.311	1.5698	1.62728	0.00266635	44.4126	0
1560	0.312	1.5698	1.62688	0.0026916	43.5025	0
1565	0.313	1.5698	1.62649	0.00271653	43.603	0
1570	0.314	1.5698	1.62611	0.00274087	44.3364	0
1575	0.315	1.5698	1.62573	0.00276466	45.3749	0
1580	0.316	1.5698	1.62536	0.00278808	46.4892	0
1585	0.317	1.5698	1.62499	0.0028114	47.5254	0
1590	0.318	1.5698	1.62464	0.00283491	48.3876	0
1595	0.319	1.5698	1.62425	0.00285888	49.0267	0
1600	0.32	1.5698	1.62388	0.00288352	49.3968	0
1605	0.321	1.5698	1.62351	0.002909	49.5193	0
1610	0.322	1.5698	1.62314	0.00293541	49.4004	0
1615	0.323	1.5698	1.62275	0.00296275	49.0566	0
1620	0.324	1.5698	1.62237	0.00299098	48.5002	0
1625	0.325	1.5698	1.62199	0.00302001	47.7694	0
1630	0.326	1.5698	1.62159	0.00304966	46.888	0
1635	0.327	1.5698	1.62123	0.00307973	45.8673	0
1640	0.328	1.5698	1.62084	0.00310995	44.7605	0
1645	0.329	1.5698	1.62047	0.00314006	43.8204	0
1650	0.33	1.5698	1.62012	0.00316974	43.916	0
1655	0.331	1.5698	1.61976	0.00319873	44.6324	0
1660	0.332	1.5698	1.61941	0.00322704	45.6522	0
1665	0.333	1.5698	1.61909	0.00325487	46.7442	0
1670	0.334	1.5698	1.61875	0.00328249	47.7671	0
1675	0.335	1.5698	1.61842	0.00331017	48.604	0
1680	0.336	1.5698	1.61809	0.00333818	49.2231	0
1685	0.337	1.5698	1.61775	0.00336674	49.5785	0
1690	0.338	1.5698	1.6174	0.003396	49.6774	0
1695	0.339	1.5698	1.61705	0.00342605	49.527	0
1700	0.34	1.5698	1.61671	0.00345691	49.1512	0
1705	0.341	1.5698	1.61637	0.00348851	48.5788	0
1710	0.342	1.5698	1.61602	0.00352074	47.8278	0
1715	0.343	1.5698	1.61568	0.00355345	46.9171	0
1720	0.344	1.5698	1.61533	0.00358641	45.8908	0
1725	0.345	1.5698	1.615	0.00361937	44.7532	0
1730	0.346	1.5698	1.61468	0.00365205	44.2978	0
1735	0.347	1.5698	1.61435	0.00368413	44.6914	0
1740	0.348	1.5698	1.61404	0.00371549	45.5603	0
1745	0.349	1.5698	1.61373	0.00374622	46.6273	0
1750	0.35	1.5698	1.61344	0.00377656	47.6889	0
1755	0.351	1.5698	1.61313	0.00380677	48.635	0
1760	0.352	1.5698	1.61283	0.00383714	49.3607	0
1765	0.353	1.5698	1.61253	0.00386792	49.8462	0
1770	0.354	1.5698	1.61223	0.00389929	50.0719	0
1775	0.355	1.5698	1.61194	0.00393137	50.0473	0
1780	0.356	1.56983	1.61162	0.00396422	49.7862	0
1785	0.357	1.5702	1.61131	0.0039978	49.2985	0
1790	0.358	1.57057	1.61099	0.00403205	48.6172	0
1795	0.359	1.57095	1.61068	0.00406681	47.7612	0
1800	0.36	1.57133	1.6105	0.00410189	46.7803	0
1805	0.361	1.5717	1.6105	0.00413705	45.6823	0
1810	0.362	1.57207	1.6105	0.00417203	44.4794	0
1815	0.363	1.57243	1.6105	0.00420651	44.4027	0
1820	0.364	1.57278	1.6105	0.00424017	45.0105	0
1825	0.365	1.57312	1.6105	0.00427299	45.9856	0
1830	0.366	1.57344	1.6105	0.00430511	47.0543	0
1835	0.367	1.57376	1.6105	0.00433681	48.0734	0
1840	0.368	1.57407	1.6105	0.00436836	48.9262	0
1845	0.369	1.57438	1.6105	0.00440003	49.557	0
1850	0.37	1.5747	1.6105	0.00443204	49.9325	0
1855	0.371	1.57501	1.6105	0.00446455	50.051	0
1860	0.372	1.57533	1.6105	0.00449766	49.9124	0
1865	0.373	1.57565	1.6105	0.00453139	49.5471	0
1870	0.374	1.57597	1.6105	0.00456569	48.9738	0
1875	0.375	1.57629	1.6105	0.00460046	48.2236	0
1880	0.376	1.57662	1.6105	0.00463554	47.3039	0
1885	0.377	1.57694	1.6105	0.0046707	46.2671	0
1890	0.378	1.57726	1.6105	0.0047057	45.1152	0
1895	0.379	1.57756	1.6105	0.00474026	44.8701	0
1900	0.38	1.57786	1.6105	0.00477406	45.3861	0
1905	0.381	1.57814	1.6105	0.00480704	46.3219	0
1910	0.382	1.57842	1.6105	0.00483932	47.3869	0
1915	0.383	1.57869	1.6105	0.00487117	48.4239	0
1920	0.384	1.57896	1.6105	0.00490285	49.3062	0
1925	0.385	1.57923	1.6105	0.00493464	49.968	0
1930	0.386	1.5795	1.6105	0.00496677	50.3784	0
1935	0.387	1.57976	1.6105	0.00499941	50.5183	0
1940	0.388	1.58003	1.6105	0.00503267	50.4162	0
1945	0.389	1.58031	1.6105	0.00506658	50.0715	0
1950	0.39	1.58059	1.6105	0.00510109	49.5132	0
1955	0.391	1.58087	1.6105	0.00513611	48.7573	0
1960	0.392	1.58114	1.6105	0.00517148	47.8588	0
1965	0.393	1.58142	1.6105	0.00520697	46.8098	0
1970	0.394	1.5817	1.6105	0.00524236	45.6638	0
1975	0.395	1.58197	1.6105	0.00527733	45.1742	0
1980	0.396	1.58223	1.6105	0.0053116	45.5434	0
1985	0.397	1.58247	1.6105	0.00534502	46.3859	0
1990	0.398	1.58271	1.6105	0.00537768	47.4273	0
1995	0.399	1.58294	1.6105	0.00540982	48.4593	0
2000	0.4	1.58317	1.6105	0.0054417	49.3567	0
2005	0.401	1.5834	1.6105	0.0054736	50.0312	0
2010	0.402	1.58361	1.6105	0.00550576	50.4703	0
2015	0.403	1.58385	1.6105	0.00553834	50.6533	0
2020	0.404	1.58408	1.6105	0.00557147	50.572	0
2025	0.405	1.58431	1.6105	0.00560517	50.2515	0
2030	0.406	1.58455	1.6105	0.00563943	49.7194	0
2035	0.407	1.58479	1.6105	0.00567415	48.9945	0
2040	0.408	1.58503	1.6105	0.00570917	48.0946	0
2045	0.409	1.58527	1.6105	0.00574429	47.0686	0
2050	0.41	1.5855	1.6105	0.00577927	45.9286	0
2055	0.411	1.58573	1.6105	0.00581381	45.4464	0
2060	0.412	1.58594	1.6105	0.00584763	45.8296	0
2065	0.413	1.58616	1.6105	0.00588057	46.6709	0
2070	0.414	1.58636	1.6105	0.00591276	47.709	0
2075	0.415	1.58654	1.6105	0.0059444	48.7309	0
2080	0.416	1.58673	1.6105	0.00597577	49.6207	0
2085	0.417	1.58692	1.6105	0.00600715	50.2957	0
2090	0.418	1.5871	1.6105	0.00603877	50.7236	0
2095	0.419	1.58729	1.6105	0.0060708	50.877	0
2100	0.42	1.58748	1.6105	0.00610335	50.7911	0
2105	0.421	1.58768	1.6105	0.00613646	50.458	0
2110	0.422	1.58788	1.6105	0.00617008	49.9063	0
2115	0.423	1.58808	1.6105	0.00620414	49.1677	0
2120	0.424	1.58828	1.6105	0.00623847	48.2634	0
2125	0.425	1.58848	1.6105	0.00627287	47.2201	0
2130	0.426	1.58867	1.6105	0.00630708	46.0632	0
2135	0.427	1.58887	1.6105	0.00634084	45.5765	0
2140	0.428	1.58905	1.6105	0.00637381	45.9446	0
2145	0.429	1.58921	1.6105	0.00640586	46.7695	0
2150	0.43	1.58938	1.6105	0.00643711	47.8038	0
2155	0.431	1.58953	1.6105	0.00646776	48.8141	0
2160	0.432	1.58969	1.6105	0.0064981	49.6887	0
2165	0.433	1.58982	1.6105	0.00652839	50.3615	0
2170	0.434	1.58998	1.6105	0.00655885	50.7726	0
2175	0.435	1.59012	1.6105	0.00658967	50.9273	0
2180	0.436	1.59028	1.6105	0.00662096	50.8279	0
2185	0.437	1.59045	1.6105	0.00665274	50.4926	0
2190	0.438	1.5906	1.6105	0.00668499	49.9413	0
2195	0.439	1.59076	1.6105	0.0067176	49.1889	0
2200	0.44	1.59092	1.6105	0.00675044	48.283	0
2205	0.441	1.59107	1.6105	0.00678328	47.2295	0
2210	0.442	1.59124	1.6105	0.00681588	46.0726	0
2215	0.443	1.59139	1.6105	0.00684795	45.8112	0
2220	0.444	1.59153	1.6105	0.00687919	46.31	0
2225	0.445	1.59166	1.6105	0.00690953	47.21	0
2230	0.446	1.59179	1.6105	0.00693909	48.2542	0
2235	0.447	1.59191	1.6105	0.00696812	49.2514	0
2240	0.448	1.59202	1.6105	0.00699689	50.093	0
2245	0.449	1.59212	1.6105	0.00702568	50.7096	0
2250	0.45	1.59224	1.6105	0.00705469	51.0702	0
2255	0.451	1.59235	1.6105	0.0070841	51.1722	0
2260	0.452	1.59248	1.6105	0.00711399	51.0088	0
2265	0.453	1.5926	1.6105	0.00714439	50.6234	0
2270	0.454	1.59274	1.6105	0.00717524	50.0146	0
2275	0.455	1.59285	1.6105	0.00720645	49.2222	0
2280	0.456	1.59298	1.6105	0.00723784	48.2704	0
2285	0.457	1.59312	1.6105	0.00726918	47.1868	0
2290	0.458	1.59324	1.6105	0.00730023	45.9945	0
2295	0.459	1.59336	1.6105	0.00733069	45.9102	0
2300	0.46	1.59346	1.6105	0.00736024	46.5207	0
2305	0.461	1.59357	1.6105	0.00738885	47.4651	0
2310	0.462	1.59365	1.6105	0.00741671	48.5173	0
2315	0.463	1.59374	1.6105	0.00744403	49.4808	0
2320	0.464	1.59382	1.6105	0.00747113	50.2829	0
2325	0.465	1.59389	1.6105	0.00749824	50.85	0
2330	0.466	1.59398	1.6105	0.00752559	51.1493	0
2335	0.467	1.59406	1.6105	0.00755332	51.1891	0
2340	0.468	1.59416	1.6105	0.00758151	50.9906	0
2345	0.469	1.59426	1.6105	0.00761016	50.5485	0
2350	0.47	1.59435	1.6105	0.00763922	49.9039	0
2355	0.471	1.59445	1.6105	0.00766856	49.0766	0
2360	0.472	1.59454	1.6105	0.00769801	48.0867	0
2365	0.473	1.59465	1.6105	0.00772733	46.9789	0
2370	0.474	1.59473	1.6105	0.00775627	46.0352	0
2375	0.475	1.59481	1.6105	0.00778451	46.1127	0
2380	0.476	1.59489	1.6105	0.00781182	46.8057	0
2385	0.477	1.59496	1.6105	0.00783821	47.7805	0
2390	0.478	1.59501	1.6105	0.00786388	48.8103	0
2395	0.479	1.59506	1.6105	0.00788907	49.7403	0
2400	0.48	1.59512	1.6105	0.00791408	50.4946	0
2405	0.481	1.59516	1.6105	0.00793914	50.995	0
2410	0.482	1.59522	1.6105	0.00796444	51.2486	0
2415	0.483	1.59528	1.6105	0.00799014	51.2349	0
2420	0.484	1.59534	1.6105	0.00801628	50.9732	0
2425	0.485	1.59539	1.6105	0.00804287	50.487	0
2430	0.486	1.59546	1.6105	0.00806982	49.7892	0
2435	0.487	1.59553	1.6105	0.00809701	48.9294	0
2440	0.488	1.5956	1.6105	0.00812425	47.9215	0
2445	0.489	1.59567	1.6105	0.00815129	46.7784	0
2450	0.49	1.59573	1.6105	0.00817787	46.3127	0
2455	0.491	1.59579	1.6105	0.00820368	46.6857	0
2460	0.492	1.59582	1.6105	0.00822859	47.5354	0
2465	0.493	1.59586	1.6105	0.00825271	48.5601	0
2470	0.494	1.5959	1.6105	0.00827627	49.563	0
2475	0.495	1.59593	1.6105	0.00829954	50.4251	0
2480	0.496	1.59595	1.6105	0.00832279	51.0709	0
2485	0.497	1.59598	1.6105	0.00834625	51.4643	0
2490	0.498	1.59601	1.6105	0.0083701	51.5979	0
2495	0.499	1.59604	1.6105	0.00839442	51.464	0
2500	0.5	1.5961	1.6105	0.00841925	51.1007	0
2505	0.501	1.59614	1.6105	0.00844456	50.5122	0
2510	0.502	1.59619	1.6105	0.00847024	49.7445	0
2515	0.503	1.59624	1.6105	0.00849612	48.8004	0
2520	0.504	1.5963	1.6105	0.008522	47.7191	0
2525	0.505	1.59635	1.6105	0.00854762	46.5272	0
2530	0.506	1.59639	1.6105	0.00857269	46.4429	0
2535	0.507	1.59643	1.6105	0.00859689	47.0491	0
2540	0.508	1.59646	1.6105	0.00862019	47.9896	0
2545	0.509	1.59646	1.6105	0.00864277	49.0295	0
2550	0.51	1.59648	1.6105	0.00866487	49.9816	0
2555	0.511	1.59649	1.6105	0.00868676	50.765	0
2560	0.512	1.5965	1.6105	0.00870872	51.3184	0
2565	0.513	1.59651	1.6105	0.00873093	51.5977	0
2570	0.514	1.59654	1.6105	0.00875355	51.6167	0
2575	0.515	1.59656	1.6105	0.00877666	51.3979	0
2580	0.516	1.59659	1.6105	0.00880025	50.9382	0
2585	0.517	1.59662	1.6105	0.00882425	50.2579	0
2590	0.518	1.59666	1.6105	0.00884854	49.4124	0
2595	0.519	1.59669	1.6105	0.00887293	48.4158	0
2600	0.52	1.59673	1.6105	0.0088972	47.2876	0
2605	0.521	1.59677	1.6105	0.00892107	46.5711	0
2610	0.522	1.59679	1.6105	0.00894424	46.8063	0
2615	0.523	1.59679	1.6105	0.00896651	47.5596	0
2620	0.524	1.5968	1.6105	0.00898795	48.549	0
2625	0.525	1.59681	1.6105	0.00900878	49.5573	0
2630	0.526	1.59681	1.6105	0.00902924	50.4414	0
2635	0.527	1.59681	1.6105	0.00904962	51.1189	0
2640	0.528	1.59681	1.6105	0.00907014	51.5634	0
2645	0.529	1.59681	1.6105	0.00909099	51.7322	0
2650	0.53	1.5968	1.6105	0.00911228	51.6472	0
2655	0.531	1.59683	1.6105	0.00913406	51.3062	0
2660	0.532	1.59683	1.6105	0.0091563	50.7584	0
2665	0.533	1.59685	1.6105	0.0091789	50.0033	0
2670	0.534	1.59688	1.6105	0.00920171	49.0814	0
2675	0.535	1.59691	1.6105	0.00922453	48.0281	0
2680	0.536	1.59691	1.6105	0.0092471	46.8459	0
2685	0.537	1.59693	1.6105	0.00926914	46.5696	0
2690	0.538	1.59693	1.6105	0.00929034	47.0537	0
2695	0.539	1.59693	1.6105	0.00931062	47.9348	0
2700	0.54	1.59693	1.6105	0.00933012	48.9435	0
2705	0.541	1.59691	1.6105	0.00934907	49.9194	0
2710	0.542	1.5969	1.6105	0.00936775	50.7352	0
2715	0.543	1.59688	1.6105	0.0093864	51.3234	0
2720	0.544	1.59686	1.6105	0.00940526	51.6556	0
2725	0.545	1.59685	1.6105	0.00942448	51.7154	0
2730	0.546	1.59684	1.6105	0.00944415	51.5323	0
2735	0.547	1.59685	1.6105	0.00946427	51.1079	0
2740	0.548	1.59685	1.6105	0.0094848	50.4728	0
2745	0.549	1.59685	1.6105	0.00950562	49.6517	0
2750	0.55	1.59685	1.6105	0.00952656	48.675	0
2755	0.551	1.59686	1.6105	0.00954738	47.5635	0
2760	0.552	1.59687	1.6105	0.00956784	46.8847	0
2765	0.553	1.59686	1.6105	0.00958762	47.1159	0
2770	0.554	1.59684	1.6105	0.00960655	47.8887	0
2775	0.555	1.59684	1.6105	0.00962471	48.8853	0
2780	0.556	1.59681	1.6105	0.00964228	49.8907	0
2785	0.557	1.59678	1.6105	0.00965954	50.7803	0
2790	0.558	1.59676	1.6105	0.00967677	51.4546	0
2795	0.559	1.59673	1.6105	0.0096942	51.8769	0
2800	0.56	1.59671	1.6105	0.009712	52.0513	0
2805	0.561	1.59669	1.6105	0.00973028	51.9535	0
2810	0.562	1.59667	1.6105	0.0097491	51.6123	0
2815	0.563	1.59668	1.6105	0.00976841	51.0393	0
2820	0.564	1.59668	1.6105	0.00978813	50.2815	0
2825	0.565	1.59668	1.6105	0.00980809	49.3465	0
2830	0.566	1.59667	1.6105	0.00982809	48.2689	0
2835	0.567	1.59668	1.6105	0.00984788	47.0869	0
2840	0.568	1.59667	1.6105	0.00986716	46.9967	0
2845	0.569	1.59666	1.6105	0.00988562	47.6002	0
2850	0.57	1.59664	1.6105	0.00990323	48.543	0
2855	0.571	1.59661	1.6105	0.00992016	49.5574	0
2860	0.572	1.59659	1.6105	0.00993667	50.5066	0
2865	0.573	1.59655	1.6105	0.00995302	51.2754	0
2870	0.574	1.59653	1.6105	0.00996947	51.7933	0
2875	0.575	1.59651	1.6105	0.00998622	52.0653	0
2880	0.576	1.59647	1.6105	0.0100034	52.0612	0
2885	0.577	1.59647	1.6105	0.0100211	51.8227	0
2890	0.578	1.59646	1.6105	0.0100393	51.3393	0
2895	0.579	1.59645	1.6105	0.0100579	50.6506	0
2900	0.58	1.59645	1.6105	0.0100768	49.7706	0
2905	0.581	1.59644	1.6105	0.0100959	48.7504	0
2910	0.582	1.59645	1.6105	0.0101148	47.6041	0
2915	0.583	1.59644	1.6105	0.0101333	47.1207	0
2920	0.584	1.59642	1.6105	0.010151	47.4759	0
2925	0.585	1.5964	1.6105	0.010168	48.304	0
2930	0.586	1.59636	1.6105	0.0101842	49.2897	0
2935	0.587	1.59634	1.6105	0.0101999	50.2696	0
2940	0.588	1.5963	1.6105	0.0102153	51.1137	0
2945	0.589	1.59626	1.6105	0.0102308	51.7287	0
2950	0.59	1.59625	1.6105	0.0102464	52.0901	0
2955	0.591	1.59621	1.6105	0.0102625	52.1876	0
2960	0.592	1.59619	1.6105	0.0102791	52.0214	0
2965	0.593	1.59618	1.6105	0.0102961	51.6254	0
2970	0.594	1.59617	1.6105	0.0103137	51.0057	0
2975	0.595	1.59616	1.6105	0.0103316	50.1952	0
2980	0.596	1.59615	1.6105	0.0103496	49.2225	0
2985	0.597	1.59614	1.6105	0.0103677	48.1127	0
2990	0.598	1.59613	1.6105	0.0103854	47.1767	0
2995	0.599	1.59612	1.6105	0.0104025	47.2417	0
3000	0.6	1.5961	1.6105	0.0104188	47.9211	0
3005	0.601	1.59607	1.6105	0.0104342	48.8757	0
3010	0.602	1.59603	1.6105	0.010449	49.8769	0
3015	0.603	1.59599	1.6105	0.0104635	50.7842	0
3020	0.604	1.59595	1.6105	0.0104778	51.4872	0
3025	0.605	1.59592	1.6105	0.0104922	51.9597	0
3030	0.606	1.59588	1.6105	0.0105069	52.1596	0
3035	0.607	1.59585	1.6105	0.0105221	52.1107	0
3040	0.608	1.59584	1.6105	0.0105377	51.805	0
3045	0.609	1.59582	1.6105	0.0105538	51.2624	0
3050	0.61	1.5958	1.6105	0.0105703	50.5304	0
3055	0.611	1.59579	1.6105	0.0105871	49.6271	0
3060	0.612	1.59577	1.6105	0.0106038	48.5635	0
3065	0.613	1.59576	1.6105	0.0106204	47.3933	0
3070	0.614	1.59575	1.6105	0.0106365	47.1153	0
3075	0.615	1.59572	1.6105	0.0106517	47.5935	0
3080	0.616	1.59569	1.6105	0.0106661	48.476	0
3085	0.617	1.59564	1.6105	0.0106797	49.4743	0
3090	0.618	1.59561	1.6105	0.0106928	50.4348	0
3095	0.619	1.59555	1.6105	0.0107057	51.2291	0
3100	0.62	1.59551	1.6105	0.0107186	51.8092	0
3105	0.621	1.59546	1.6105	0.0107317	52.1189	0
3110	0.622	1.59543	1.6105	0.0107452	52.1583	0
3115	0.623	1.5954	1.6105	0.0107592	51.9534	0
3120	0.624	1.59537	1.6105	0.0107736	51.5164	0
3125	0.625	1.59534	1.6105	0.0107885	50.8558	0
3130	0.626	1.59532	1.6105	0.0108036	50.0127	0
3135	0.627	1.5953	1.6105	0.0108189	49.0116	0
3140	0.628	1.59528	1.6105	0.010834	47.8917	0
3145	0.629	1.59525	1.6105	0.0108488	47.1771	0
3150	0.63	1.59523	1.6105	0.0108629	47.4022	0
3155	0.631	1.59519	1.6105	0.0108761	48.1421	0
3160	0.632	1.59515	1.6105	0.0108885	49.1311	0
3165	0.633	1.59509	1.6105	0.0109003	50.1181	0
3170	0.634	1.59504	1.6105	0.0109118	50.9921	0
3175	0.635	1.595	1.6105	0.0109232	51.6588	0
3180	0.636	1.59495	1.6105	0.0109347	52.0661	0
3185	0.637	1.59489	1.6105	0.0109466	52.2225	0
3190	0.638	1.59486	1.6105	0.0109589	52.1079	0
3195	0.639	1.59481	1.6105	0.0109717	51.7547	0
3200	0.64	1.59479	1.6105	0.010985	51.1789	0
3205	0.641	1.59477	1.6105	0.0109986	50.4108	0
3210	0.642	1.59473	1.6105	0.0110125	49.4616	0
3215	0.643	1.59471	1.6105	0.0110263	48.3831	0
3220	0.644	1.59469	1.6105	0.0110398	47.1908	0
3225	0.645	1.59465	1.6105	0.0110528	47.1031	0
3230	0.646	1.5946	1.6105	0.0110649	47.6939	0
3235	0.647	1.59456	1.6105	0.0110762	48.6266	0
3240	0.648	1.59451	1.6105	0.0110867	49.6458	0
3245	0.649	1.59445	1.6105	0.0110967	50.5835	0
3250	0.65	1.5944	1.6105	0.0111065	51.3557	0
3255	0.651	1.59433	1.6105	0.0111164	51.8768	0
3260	0.652	1.59428	1.6105	0.0111265	52.1387	0
3265	0.653	1.59422	1.6105	0.011137	52.1385	0
3270	0.654	1.59419	1.6105	0.011148	51.8897	0
3275	0.655	1.59414	1.6105	0.0111595	51.3997	0
3280	0.656	1.59411	1.6105	0.0111713	50.7155	0
3285	0.657	1.59407	1.6105	0.0111834	49.8426	0
3290	0.658	1.59404	1.6105	0.0111956	48.8272	0
3295	0.659	1.594	1.6105	0.0112076	47.6714	0
3300	0.66	1.59397	1.6105	0.0112192	47.1934	0
3305	0.661	1.59392	1.6105	0.0112301	47.5431	0
3310	0.662	1.59387	1.6105	0.0112401	48.3756	0
3315	0.663	1.59383	1.6105	0.0112493	49.3674	0
3320	0.664	1.59377	1.6105	0.011258	50.3521	0
3325	0.665	1.5937	1.6105	0.0112664	51.1903	0
3330	0.666	1.59362	1.6105	0.0112748	51.7963	0
3335	0.667	1.59356	1.6105	0.0112834	52.1638	0
3340	0.668	1.59351	1.6105	0.0112924	52.2699	0
3345	0.669	1.59347	1.6105	0.0113019	52.1062	0
3350	0.67	1.59342	1.6105	0.0113119	51.7051	0
3355	0.671	1.59338	1.6105	0.0113223	51.0913	0
3360	0.672	1.59333	1.6105	0.0113331	50.2865	0
3365	0.673	1.59331	1.6105	0.011344	49.3193	0
3370	0.674	1.59328	1.6105	0.011355	48.2156	0
3375	0.675	1.59324	1.6105	0.0113656	47.2694	0
3380	0.676	1.5932	1.6105	0.0113756	47.342	0
3385	0.677	1.59314	1.6105	0.0113848	48.0143	0
3390	0.678	1.59309	1.6105	0.0113932	48.9718	0
3395	0.679	1.59304	1.6105	0.0114009	49.9788	0
3400	0.68	1.59296	1.6105	0.0114082	50.882	0
3405	0.681	1.5929	1.6105	0.0114155	51.6033	0
3410	0.682	1.59284	1.6105	0.0114229	52.0682	0
3415	0.683	1.59278	1.6105	0.0114306	52.2737	0
3420	0.684	1.59273	1.6105	0.0114387	52.2197	0
3425	0.685	1.59268	1.6105	0.0114474	51.9077	0
3430	0.686	1.59263	1.6105	0.0114565	51.3812	0
3435	0.687	1.5926	1.6105	0.0114661	50.6463	0
3440	0.688	1.59255	1.6105	0.0114759	49.7461	0
3445	0.689	1.59253	1.6105	0.0114858	48.6895	0
3450	0.69	1.59249	1.6105	0.0114955	47.5128	0
3455	0.691	1.59244	1.6105	0.0115047	47.239	0
3460	0.692	1.5924	1.6105	0.0115131	47.7119	0
3465	0.693	1.59235	1.6105	0.0115207	48.5895	0
3470	0.694	1.59228	1.6105	0.0115276	49.6061	0
3475	0.695	1.59222	1.6105	0.011534	50.5591	0
3480	0.696	1.59215	1.6105	0.0115402	51.3627	0
3485	0.697	1.59209	1.6105	0.0115465	51.9355	0
3490	0.698	1.59203	1.6105	0.011553	52.2397	0
3495	0.699	1.59197	1.6105	0.0115599	52.2959	0
3500	0.7	1.59193	1.6105	0.0115673	52.086	0
3505	0.701	1.59187	1.6105	0.0115753	51.6436	0
3510	0.702	1.59183	1.6105	0.0115837	50.9802	0
3515	0.703	1.59179	1.6105	0.0115924	50.145	0
3520	0.704	1.59176	1.6105	0.0116013	49.1486	0
3525	0.705	1.59172	1.6105	0.0116101	48.0134	0
3530	0.706	1.59169	1.6105	0.0116186	47.3084	0
3535	0.707	1.59165	1.6105	0.0116264	47.5283	0
3540	0.708	1.59159	1.6105	0.0116334	48.2897	0
3545	0.709	1.59154	1.6105	0.0116396	49.2602	0
3550	0.71	1.59147	1.6105	0.0116452	50.2538	0
3555	0.711	1.59141	1.6105	0.0116506	51.1246	0
3560	0.712	1.59135	1.6105	0.0116559	51.7858	0
3565	0.713	1.59128	1.6105	0.0116615	52.2022	0
3570	0.714	1.59123	1.6105	0.0116674	52.3532	0
3575	0.715	1.59117	1.6105	0.0116738	52.2403	0
3580	0.716	1.59113	1.6105	0.0116807	51.8814	0
3585	0.717	1.59109	1.6105	0.0116881	51.3156	0
3590	0.718	1.59105	1.6105	0.0116959	50.5437	0
3595	0.719	1.59103	1.6105	0.011704	49.6015	0
3600	0.72	1.59099	1.6105	0.0117121	48.509	0
3605	0.721	1.59095	1.6105	0.01172	47.3143	0
3610	0.722	1.59092	1.6105	0.0117273	47.2376	0
3615	0.723	1.59087	1.6105	0.0117339	47.8254	0
3620	0.724	1.59082	1.6105	0.0117396	48.7583	0
3625	0.725	1.59076	1.6105	0.0117446	49.7722	0
3630	0.726	1.59069	1.6105	0.0117492	50.7107	0
3635	0.727	1.59063	1.6105	0.0117536	51.481	0
3640	0.728	1.59056	1.6105	0.0117581	52.0015	0
3645	0.729	1.59051	1.6105	0.0117629	52.264	0
3650	0.73	1.59045	1.6105	0.0117681	52.2626	0
3655	0.731	1.59041	1.6105	0.0117739	52.0148	0
3660	0.732	1.59036	1.6105	0.0117801	51.5343	0
3665	0.733	1.59032	1.6105	0.0117868	50.8374	0
3670	0.734	1.59028	1.6105	0.0117938	49.9615	0
3675	0.735	1.59025	1.6105	0.0118009	48.9472	0
3680	0.736	1.59021	1.6105	0.0118079	47.7926	0
3685	0.737	1.59019	1.6105	0.0118145	47.3054	0
3690	0.738	1.59015	1.6105	0.0118204	47.6664	0
3695	0.739	1.59008	1.6105	0.0118255	48.4878	0
3700	0.74	1.59003	1.6105	0.0118298	49.4911	0
3705	0.741	1.58996	1.6105	0.0118337	50.4639	0
3710	0.742	1.5899	1.6105	0.0118373	51.3027	0
3715	0.743	1.58984	1.6105	0.0118409	51.9121	0
3720	0.744	1.58979	1.6105	0.0118449	52.2811	0
3725	0.745	1.58972	1.6105	0.0118492	52.3764	0
3730	0.746	1.58968	1.6105	0.011854	52.2161	0
3735	0.747	1.58964	1.6105	0.0118594	51.8174	0
3740	0.748	1.5896	1.6105	0.0118653	51.206	0
3745	0.749	1.58956	1.6105	0.0118716	50.4016	0
3750	0.75	1.58953	1.6105	0.0118781	49.4255	0
3755	0.751	1.58951	1.6105	0.0118845	48.3261	0
3760	0.752	1.58947	1.6105	0.0118908	47.6283	0
3765	0.753	1.58944	1.6105	0.0118964	47.8671	0
3770	0.754	1.58939	1.6105	0.0119014	48.6314	0
3775	0.755	1.58934	1.6105	0.0119056	49.6258	0
3780	0.756	1.58929	1.6105	0.0119094	50.6158	0
3785	0.757	1.58923	1.6105	0.011913	51.4886	0
3790	0.758	1.58918	1.6105	0.0119167	52.1395	0
3795	0.759	1.58913	1.6105	0.0119206	52.5534	0
3800	0.76	1.58907	1.6105	0.0119251	52.6933	0
3805	0.761	1.58904	1.6105	0.0119301	52.5701	0
3810	0.762	1.58901	1.6105	0.0119357	52.2085	0
3815	0.763	1.58898	1.6105	0.0119419	51.6246	0
3820	0.764	1.58897	1.6105	0.0119486	50.8328	0
3825	0.765	1.58895	1.6105	0.0119555	49.8862	0
3830	0.766	1.58892	1.6105	0.0119626	48.7866	0
3835	0.767	1.58891	1.6105	0.0119696	47.5714	0
3840	0.768	1.58889	1.6105	0.0119761	47.4803	0
3845	0.769	1.58886	1.6105	0.0119818	48.0607	0
3850	0.77	1.58882	1.6105	0.0119867	48.9758	0
3855	0.771	1.58878	1.6105	0.011991	49.9761	0
3860	0.772	1.58873	1.6105	0.0119948	50.9081	0
3865	0.773	1.58869	1.6105	0.0119986	51.6491	0
3870	0.774	1.58864	1.6105	0.0120025	52.1665	0
3875	0.775	1.58859	1.6105	0.0120067	52.4107	0
3880	0.776	1.58856	1.6105	0.0120113	52.3976	0
3885	0.777	1.58853	1.6105	0.0120165	52.1357	0
3890	0.778	1.58851	1.6105	0.0120222	51.6421	0
3895	0.779	1.58848	1.6105	0.0120283	50.946	0
3900	0.78	1.58847	1.6105	0.0120348	50.0592	0
3905	0.781	1.58845	1.6105	0.0120414	49.031	0
3910	0.782	1.58844	1.6105	0.0120478	47.8672	0
3915	0.783	1.58842	1.6105	0.0120539	47.6088	0
3920	0.784	1.58838	1.6105	0.0120592	48.0987	0
3925	0.785	1.58835	1.6105	0.0120638	48.9815	0
3930	0.786	1.5883	1.6105	0.0120678	50.0006	0
3935	0.787	1.58827	1.6105	0.0120713	50.9507	0
3940	0.788	1.58823	1.6105	0.0120748	51.7467	0
3945	0.789	1.58818	1.6105	0.0120783	52.3127	0
3950	0.79	1.58814	1.6105	0.0120822	52.609	0
3955	0.791	1.58811	1.6105	0.0120866	52.6539	0
3960	0.792	1.58809	1.6105	0.0120916	52.4318	0
3965	0.793	1.58805	1.6105	0.0120972	51.9765	0
3970	0.794	1.58805	1.6105	0.0121032	51.2977	0
3975	0.795	1.58804	1.6105	0.0121097	50.4472	0
3980	0.796	1.58802	1.6105	0.0121163	49.4309	0
3985	0.797	1.58801	1.6105	0.012123	48.2923	0
3990	0.798	1.58801	1.6105	0.0121293	47.561	0
3995	0.799	1.58797	1.6105	0.012135	47.7713	0
4000	0.8	1.58795	1.6105	0.01214	48.5072	0
4005	0.801	1.58793	1.6105	0.0121442	49.4796	0
4010	0.802	1.58789	1.6105	0.0121478	50.4508	0
4015	0.803	1.58785	1.6105	0.0121512	51.3096	0
4020	0.804	1.58781	1.6105	0.0121546	51.962	0
4025	0.805	1.58777	1.6105	0.0121582	52.3556	0
4030	0.806	1.58774	1.6105	0.0121621	52.5002	0
4035	0.807	1.58771	1.6105	0.0121666	52.3764	0
4040	0.808	1.58768	1.6105	0.0121716	52.0118	0
4045	0.809	1.58768	1.6105	0.0121771	51.4255	0
4050	0.81	1.58766	1.6105	0.0121829	50.6477	0
4055	0.811	1.58765	1.6105	0.012189	49.7017	0
4060	0.812	1.58764	1.6105	0.0121952	48.6018	0
4065	0.813	1.58763	1.6105	0.0122011	47.6738	0
4070	0.814	1.58761	1.6105	0.0122064	47.7571	0
4075	0.815	1.58759	1.6105	0.012211	48.4379	0
4080	0.816	1.58756	1.6105	0.0122149	49.4038	0
4085	0.817	1.58752	1.6105	0.0122182	50.3993	0
4090	0.818	1.58748	1.6105	0.0122212	51.302	0
4095	0.819	1.58744	1.6105	0.0122241	52.0057	0
4100	0.82	1.58741	1.6105	0.0122273	52.466	0
4105	0.821	1.58737	1.6105	0.0122308	52.664	0
4110	0.822	1.58735	1.6105	0.0122349	52.5909	0
4115	0.823	1.58732	1.6105	0.0122396	52.2698	0
4120	0.824	1.58731	1.6105	0.0122448	51.725	0
4125	0.825	1.5873	1.6105	0.0122504	50.9775	0
4130	0.826	1.58729	1.6105	0.0122564	50.0599	0
4135	0.827	1.58728	1.6105	0.0122625	48.9928	0
4140	0.828	1.58728	1.6105	0.0122684	47.7932	0
4145	0.829	1.58727	1.6105	0.0122739	47.5029	0
4150	0.83	1.58726	1.6105	0.0122787	47.9646	0
4155	0.831	1.58723	1.6105	0.0122826	48.8358	0
4160	0.832	1.58719	1.6105	0.0122858	49.8364	0
4165	0.833	1.58715	1.6105	0.0122886	50.7814	0
4170	0.834	1.58712	1.6105	0.0122912	51.5639	0
4175	0.835	1.58708	1.6105	0.0122938	52.1205	0
4180	0.836	1.58705	1.6105	0.0122967	52.4122	0
4185	0.837	1.58702	1.6105	0.0123001	52.4517	0
4190	0.838	1.58699	1.6105	0.0123039	52.2385	0
4195	0.839	1.58698	1.6105	0.0123083	51.7796	0
4200	0.84	1.58697	1.6105	0.0123131	51.1139	0
4205	0.841	1.58695	1.6105	0.0123182	50.2643	0
4210	0.842	1.58694	1.6105	0.0123235	49.2564	0
4215	0.843	1.58694	1.6105	0.0123286	48.1209	0
4220	0.844	1.58692	1.6105	0.0123335	47.6466	0
4225	0.845	1.5869	1.6105	0.0123376	48.0181	0
4230	0.846	1.58687	1.6105	0.012341	48.8464	0
4235	0.847	1.58683	1.6105	0.0123437	49.847	0
4240	0.848	1.58681	1.6105	0.012346	50.8198	0
4245	0.849	1.58677	1.6105	0.012348	51.6468	0
4250	0.85	1.58672	1.6105	0.0123502	52.2502	0
4255	0.851	1.58669	1.6105	0.0123526	52.6016	0
4260	0.852	1.58666	1.6105	0.0123555	52.6907	0
4265	0.853	1.58663	1.6105	0.012359	52.5229	0
4270	0.854	1.58663	1.6105	0.012363	52.1004	0
4275	0.855	1.5866	1.6105	0.0123675	51.4673	0
4280	0.856	1.5866	1.6105	0.0123725	50.6578	0
4285	0.857	1.5866	1.6105	0.0123777	49.6691	0
4290	0.858	1.58659	1.6105	0.0123829	48.5494	0
4295	0.859	1.58658	1.6105	0.0123878	47.5869	0
4300	0.86	1.58657	1.6105	0.0123923	47.6404	0
4305	0.861	1.58655	1.6105	0.0123959	48.3105	0
4310	0.862	1.58652	1.6105	0.0123987	49.2529	0
4315	0.863	1.58649	1.6105	0.0124009	50.2425	0
4320	0.864	1.58645	1.6105	0.0124028	51.1319	0
4325	0.865	1.58642	1.6105	0.0124046	51.8248	0
4330	0.866	1.58638	1.6105	0.0124065	52.2906	0
4335	0.867	1.58634	1.6105	0.0124088	52.4813	0
4340	0.868	1.58632	1.6105	0.0124116	52.4136	0
4345	0.869	1.5863	1.6105	0.0124148	52.0896	0
4350	0.87	1.58629	1.6105	0.0124186	51.5538	0
4355	0.871	1.58627	1.6105	0.0124228	50.8075	0
4360	0.872	1.58627	1.6105	0.0124272	49.8995	0
4365	0.873	1.58625	1.6105	0.0124317	48.8355	0
4370	0.874	1.58625	1.6105	0.012436	47.6502	0
4375	0.875	1.58623	1.6105	0.0124398	47.5841	0
4380	0.876	1.58621	1.6105	0.0124429	48.1879	0
4385	0.877	1.58618	1.6105	0.0124451	49.1213	0
4390	0.878	1.58614	1.6105	0.0124467	50.1379	0
4395	0.879	1.58611	1.6105	0.012448	51.0804	0
4400	0.88	1.58607	1.6105	0.0124491	51.8307	0
4405	0.881	1.58603	1.6105	0.0124504	52.3545	0
4410	0.882	1.58599	1.6105	0.0124521	52.6028	0
4415	0.883	1.58596	1.6105	0.0124542	52.5917	0
4420	0.884	1.58595	1.6105	0.0124569	52.3266	0
4425	0.885	1.58593	1.6105	0.0124601	51.8324	0
4430	0.886	1.58591	1.6105	0.0124638	51.1337	0
4435	0.887	1.58591	1.6105	0.0124678	50.2435	0
4440	0.888	1.5859	1.6105	0.012472	49.2122	0
4445	0.889	1.58589	1.6105	0.0124761	48.0438	0
4450	0.89	1.58588	1.6105	0.0124798	47.5509	0
4455	0.891	1.58587	1.6105	0.0124829	47.8866	0
4460	0.892	1.58584	1.6105	0.0124852	48.7035	0
4465	0.893	1.5858	1.6105	0.0124867	49.685	0
4470	0.894	1.58577	1.6105	0.0124877	50.6539	0
4475	0.895	1.58573	1.6105	0.0124886	51.4685	0
4480	0.896	1.5857	1.6105	0.0124894	52.0778	0
4485	0.897	1.58566	1.6105	0.0124906	52.4236	0
4490	0.898	1.58563	1.6105	0.0124921	52.5169	0
4495	0.899	1.58562	1.6105	0.0124941	52.3469	0
4500	0.9	1.5856	1.6105	0.0124967	51.9371	0
4505	0.901	1.58558	1.6105	0.0124997	51.3134	0
4510	0.902	1.58557	1.6105	0.0125032	50.5012	0
4515	0.903	1.58556	1.6105	0.0125068	49.5159	0
4520	0.904	1.58554	1.6105	0.0125104	48.407	0
4525	0.905	1.58553	1.6105	0.0125137	47.7135	0
4530	0.906	1.58552	1.6105	0.0125165	47.9477	0
4535	0.907	1.5855	1.6105	0.0125185	48.702	0
4540	0.908	1.58547	1.6105	0.0125198	49.6785	0
4545	0.909	1.58544	1.6105	0.0125206	50.6717	0
4550	0.91	1.5854	1.6105	0.0125212	51.539	0
4555	0.911	1.58536	1.6105	0.0125218	52.197	0
4560	0.912	1.58532	1.6105	0.0125227	52.5929	0
4565	0.913	1.5853	1.6105	0.012524	52.7387	0
4570	0.914	1.58528	1.6105	0.012526	52.6127	0
4575	0.915	1.58526	1.6105	0.0125284	52.2437	0
4580	0.916	1.58526	1.6105	0.0125315	51.655	0
4585	0.917	1.58525	1.6105	0.012535	50.8748	0
4590	0.918	1.58525	1.6105	0.0125388	49.9116	0
4595	0.919	1.58524	1.6105	0.0125427	48.8184	0
4600	0.92	1.58525	1.6105	0.0125463	47.8708	0
4605	0.921	1.58524	1.6105	0.0125496	47.9526	0
4610	0.922	1.58522	1.6105	0.0125521	48.6277	0
4615	0.923	1.58519	1.6105	0.0125539	49.5755	0
4620	0.924	1.58517	1.6105	0.0125551	50.5799	0
4625	0.925	1.58514	1.6105	0.0125562	51.4659	0
4630	0.926	1.5851	1.6105	0.0125572	52.164	0
4635	0.927	1.58509	1.6105	0.0125584	52.6206	0
4640	0.928	1.58506	1.6105	0.0125601	52.8036	0
4645	0.929	1.58504	1.6105	0.0125624	52.7229	0
4650	0.93	1.58504	1.6105	0.0125652	52.3974	0
4655	0.931	1.58503	1.6105	0.0125686	51.8483	0
4660	0.932	1.58504	1.6105	0.0125725	51.0873	0
4665	0.933	1.58504	1.6105	0.0125768	50.1646	0
4670	0.934	1.58505	1.6105	0.0125811	49.0851	0
4675	0.935	1.58505	1.6105	0.0125853	47.8853	0
4680	0.936	1.58505	1.6105	0.0125891	47.592	0
4685	0.937	1.58504	1.6105	0.0125922	48.0546	0
4690	0.938	1.58503	1.6105	0.0125945	48.9105	0
4695	0.939	1.58501	1.6105	0.012596	49.8978	0
4700	0.94	1.58498	1.6105	0.0125972	50.8456	0
4705	0.941	1.58495	1.6105	0.0125981	51.6155	0
4710	0.942	1.58493	1.6105	0.0125991	52.1736	0
4715	0.943	1.5849	1.6105	0.0126004	52.4761	0
4720	0.944	1.58489	1.6105	0.0126021	52.503	0
4725	0.945	1.58487	1.6105	0.0126043	52.2818	0
4730	0.946	1.58486	1.6105	0.012607	51.8251	0
4735	0.947	1.58485	1.6105	0.0126101	51.1595	0
4740	0.948	1.58486	1.6105	0.0126136	50.3109	0
4745	0.949	1.58486	1.6105	0.0126172	49.2946	0
4750	0.95	1.58486	1.6105	0.0126208	48.1598	0
4755	0.951	1.58485	1.6105	0.0126239	47.6861	0
4760	0.952	1.58484	1.6105	0.0126264	48.0517	0
4765	0.953	1.58483	1.6105	0.0126282	48.8697	0
4770	0.954	1.5848	1.6105	0.0126292	49.8723	0
4775	0.955	1.58477	1.6105	0.0126298	50.8383	0
4780	0.956	1.58474	1.6105	0.0126302	51.6676	0
4785	0.957	1.58472	1.6105	0.0126307	52.275	0
4790	0.958	1.58469	1.6105	0.0126315	52.6302	0
4795	0.959	1.58467	1.6105	0.0126327	52.7106	0
4800	0.96	1.58466	1.6105	0.0126344	52.5441	0
4805	0.961	1.58465	1.6105	0.0126368	52.1305	0
4810	0.962	1.58465	1.6105	0.0126396	51.4981	0
4815	0.963	1.58464	1.6105	0.0126429	50.6667	0
4820	0.964	1.58464	1.6105	0.0126464	49.6861	0
4825	0.965	1.58464	1.6105	0.0126499	48.5683	0
4830	0.966	1.58464	1.6105	0.0126532	47.854	0
4835	0.967	1.58463	1.6105	0.0126559	48.0781	0
4840	0.968	1.58463	1.6105	0.0126579	48.8393	0
4845	0.969	1.5846	1.6105	0.0126592	49.8075	0
4850	0.97	1.58459	1.6105	0.01266	50.7932	0
4855	0.971	1.58456	1.6105	0.0126606	51.6521	0
4860	0.972	1.58454	1.6105	0.0126613	52.2895	0
4865	0.973	1.58451	1.6105	0.0126622	52.6904	0
4870	0.974	1.5845	1.6105	0.0126636	52.8141	0
4875	0.975	1.58449	1.6105	0.0126656	52.6946	0
4880	0.976	1.58448	1.6105	0.0126682	52.3182	0
4885	0.977	1.58447	1.6105	0.0126713	51.7223	0
4890	0.978	1.58448	1.6105	0.0126748	50.9212	0
4895	0.979	1.5845	1.6105	0.0126787	49.9649	0
4900	0.98	1.5845	1.6105	0.0126826	48.8562	0
4905	0.981	1.58451	1.6105	0.0126863	47.9148	0
4910	0.982	1.58451	1.6105	0.0126895	47.9892	0
4915	0.983	1.5845	1.6105	0.0126921	48.662	0
4920	0.984	1.58448	1.6105	0.0126938	49.6038	0
4925	0.985	1.58447	1.6105	0.0126951	50.5922	0
4930	0.986	1.58445	1.6105	0.0126961	51.4858	0
4935	0.987	1.58442	1.6105	0.0126971	52.1796	0
4940	0.988	1.58442	1.6105	0.0126983	52.6209	0
4945	0.989	1.5844	1.6105	0.0126999	52.8094	0
4950	0.99	1.58439	1.6105	0.012702	52.728	0
4955	0.991	1.58439	1.6105	0.0127048	52.4	0
4960	0.992	1.5844	1.6105	0.012708	51.8466	0
4965	0.993	1.5844	1.6105	0.0127118	51.0826	0
4970	0.994	1.58441	1.6105	0.0127158	50.1571	0
4975	0.995	1.58442	1.6105	0.0127199	49.0759	0
4980	0.996	1.58444	1.6105	0.0127239	47.8737	0
4985	0.997	1.58444	1.6105	0.0127275	47.7918	0
4990	0.998	1.58445	1.6105	0.0127303	48.3804	0
4995	0.999	1.58442	1.6105	0.0127323	49.3007	0
5000	1	1.58442	1.6105	0.0127337	50.312	0
5005	1.001	1.58439	1.6105	0.0127348	51.2309	0
5010	1.002	1.58438	1.6105	0.0127357	51.9785	0
5015	1.003	1.58436	1.6105	0.0127368	52.4852	0
5020	1.004	1.58434	1.6105	0.0127383	52.7227	0
5025	1.005	1.58433	1.6105	0.0127402	52.6957	0
5030	1.006	1.58433	1.6105	0.0127427	52.4211	0
5035	1.007	1.58433	1.6105	0.0127457	51.9151	0
5040	1.008	1.58434	1.6105	0.0127491	51.2051	0
5045	1.009	1.58435	1.6105	0.0127529	50.3043	0
5050	1.01	1.58436	1.6105	0.0127568	49.263	0
5055	1.011	1.58437	1.6105	0.0127606	48.0852	0
5060	1.012	1.58437	1.6105	0.012764	47.8117	0
5065	1.013	1.58437	1.6105	0.0127668	48.2918	0
5070	1.014	1.58437	1.6105	0.0127687	49.1619	0
5075	1.015	1.58435	1.6105	0.01277	50.1656	0
5080	1.016	1.58433	1.6105	0.0127709	51.1168	0
5085	1.017	1.58432	1.6105	0.0127716	51.8896	0
5090	1.018	1.58429	1.6105	0.0127725	52.4448	0
5095	1.019	1.58428	1.6105	0.0127737	52.728	0
5100	1.02	1.58426	1.6105	0.0127753	52.7633	0
5105	1.021	1.58426	1.6105	0.0127775	52.5309	0
5110	1.022	1.58427	1.6105	0.0127803	52.065	0
5115	1.023	1.58426	1.6105	0.0127835	51.3922	0
5120	1.024	1.58427	1.6105	0.0127872	50.5216	0
5125	1.025	1.58429	1.6105	0.0127909	49.5064	0
5130	1.026	1.5843	1.6105	0.0127947	48.3489	0
5135	1.027	1.5843	1.6105	0.012798	47.8653	0
5140	1.028	1.5843	1.6105	0.0128008	48.2192	0
5145	1.029	1.5843	1.6105	0.0128028	49.0276	0
5150	1.03	1.58427	1.6105	0.0128041	50.0204	0
5155	1.031	1.58426	1.6105	0.012805	50.9879	0
5160	1.032	1.58424	1.6105	0.0128057	51.7953	0
5165	1.033	1.58423	1.6105	0.0128064	52.3921	0
5170	1.034	1.5842	1.6105	0.0128075	52.7379	0
5175	1.035	1.5842	1.6105	0.012809	52.8083	0
5180	1.036	1.58418	1.6105	0.0128111	52.6227	0
5185	1.037	1.58419	1.6105	0.0128137	52.1987	0
5190	1.038	1.58419	1.6105	0.0128169	51.5601	0
5195	1.039	1.58421	1.6105	0.0128204	50.733	0
5200	1.04	1.58422	1.6105	0.0128242	49.7327	0
5205	1.041	1.58422	1.6105	0.0128279	48.6088	0
5210	1.042	1.58423	1.6105	0.0128314	47.8896	0
5215	1.043	1.58423	1.6105	0.0128343	48.111	0
5220	1.044	1.58423	1.6105	0.0128365	48.863	0
5225	1.045	1.58423	1.6105	0.0128379	49.8262	0
5230	1.046	1.58421	1.6105	0.0128388	50.8072	0
5235	1.047	1.58418	1.6105	0.0128396	51.6502	0
5240	1.048	1.58416	1.6105	0.0128403	52.2964	0
5245	1.049	1.58416	1.6105	0.0128413	52.6931	0
5250	1.05	1.58414	1.6105	0.0128427	52.8129	0
5255	1.051	1.58414	1.6105	0.0128446	52.6783	0
5260	1.052	1.58414	1.6105	0.0128471	52.2992	0
5265	1.053	1.58414	1.6105	0.0128501	51.6999	0
5270	1.054	1.58415	1.6105	0.0128535	50.9087	0
5275	1.055	1.58416	1.6105	0.0128572	49.9494	0
5280	1.056	1.58418	1.6105	0.0128609	48.8378	0
5285	1.057	1.58418	1.6105	0.0128644	47.8928	0
5290	1.058	1.58419	1.6105	0.0128674	47.9675	0
5295	1.059	1.58419	1.6105	0.0128696	48.635	0
5300	1.06	1.58417	1.6105	0.0128711	49.5775	0
5305	1.061	1.58415	1.6105	0.012872	50.5721	0
5310	1.062	1.58414	1.6105	0.0128725	51.463	0
5315	1.063	1.58412	1.6105	0.0128731	52.157	0
5320	1.064	1.5841	1.6105	0.0128739	52.5957	0
5325	1.065	1.58408	1.6105	0.012875	52.7846	0
5330	1.066	1.58408	1.6105	0.0128766	52.6999	0
5335	1.067	1.58409	1.6105	0.0128788	52.3678	0
5340	1.068	1.58409	1.6105	0.0128815	51.8154	0
5345	1.069	1.58409	1.6105	0.0128847	51.0608	0
5350	1.07	1.5841	1.6105	0.0128881	50.1336	0
5355	1.071	1.58411	1.6105	0.0128916	49.0612	0
5360	1.072	1.58411	1.6105	0.0128949	47.8548	0
5365	1.073	1.58412	1.6105	0.0128978	47.77	0
5370	1.074	1.58412	1.6105	0.0128999	48.3597	0
5375	1.075	1.58411	1.6105	0.0129012	49.2858	0
5380	1.076	1.58409	1.6105	0.0129018	50.2957	0
5385	1.077	1.58407	1.6105	0.0129021	51.2115	0
5390	1.078	1.58405	1.6105	0.0129022	51.9563	0
5395	1.079	1.58403	1.6105	0.0129025	52.4632	0
5400	1.08	1.58401	1.6105	0.0129031	52.7094	0
5405	1.081	1.58399	1.6105	0.0129042	52.6932	0
5410	1.082	1.58399	1.6105	0.0129058	52.4126	0
5415	1.083	1.584	1.6105	0.012908	51.903	0
5420	1.084	1.584	1.6105	0.0129106	51.1916	0
5425	1.085	1.58401	1.6105	0.0129134	50.298	0
5430	1.086	1.58401	1.6105	0.0129165	49.2548	0
5435	1.087	1.58402	1.6105	0.0129193	48.0848	0
5440	1.088	1.58401	1.6105	0.0129218	47.81	0
5445	1.089	1.58401	1.6105	0.0129236	48.2851	0
5450	1.09	1.58399	1.6105	0.0129246	49.1638	0
5455	1.091	1.58398	1.6105	0.0129249	50.166	0
5460	1.092	1.58394	1.6105	0.0129249	51.113	0
5465	1.093	1.58392	1.6105	0.0129247	51.8932	0
5470	1.094	1.5839	1.6105	0.0129246	52.4441	0
5475	1.095	1.58388	1.6105	0.0129248	52.7373	0
5480	1.096	1.58388	1.6105	0.0129255	52.7678	0
5485	1.097	1.58386	1.6105	0.0129267	52.5301	0
5490	1.098	1.58386	1.6105	0.0129285	52.0631	0
5495	1.099	1.58387	1.6105	0.0129307	51.3959	0
5500	1.1	1.58386	1.6105	0.0129333	50.5352	0
5505	1.101	1.58387	1.6105	0.0129361	49.515	0
5510	1.102	1.58387	1.6105	0.0129389	48.353	0
5515	1.103	1.58388	1.6105	0.0129413	47.8755	0
5520	1.104	1.58389	1.6105	0.0129431	48.2276	0
5525	1.105	1.58386	1.6105	0.0129441	49.0343	0
5530	1.106	1.58385	1.6105	0.0129444	50.0208	0
5535	1.107	1.58383	1.6105	0.0129443	50.9863	0
5540	1.108	1.5838	1.6105	0.012944	51.8126	0
5545	1.109	1.58378	1.6105	0.0129438	52.4072	0
5550	1.11	1.58376	1.6105	0.0129439	52.748	0
5555	1.111	1.58375	1.6105	0.0129444	52.8129	0
5560	1.112	1.58375	1.6105	0.0129455	52.6365	0
5565	1.113	1.58374	1.6105	0.0129472	52.2096	0
5570	1.114	1.58375	1.6105	0.0129493	51.5675	0
5575	1.115	1.58375	1.6105	0.0129519	50.7363	0
5580	1.116	1.58377	1.6105	0.0129547	49.7462	0
5585	1.117	1.58377	1.6105	0.0129574	48.6168	0
5590	1.118	1.58378	1.6105	0.0129599	47.9047	0
5595	1.119	1.58377	1.6105	0.0129619	48.1327	0
5600	1.12	1.58376	1.6105	0.012963	48.87	0
5605	1.121	1.58375	1.6105	0.0129635	49.8405	0
5610	1.122	1.58373	1.6105	0.0129635	50.8188	0
5615	1.123	1.58371	1.6105	0.0129633	51.6687	0
5620	1.124	1.58369	1.6105	0.012963	52.3101	0
5625	1.125	1.58368	1.6105	0.0129631	52.7023	0
5630	1.126	1.58366	1.6105	0.0129635	52.8321	0
5635	1.127	1.58364	1.6105	0.0129645	52.704	0
5640	1.128	1.58364	1.6105	0.0129661	52.3215	0
5645	1.129	1.58364	1.6105	0.0129682	51.719	0
5650	1.13	1.58365	1.6105	0.0129707	50.9212	0
5655	1.131	1.58366	1.6105	0.0129735	49.9605	0
5660	1.132	1.58367	1.6105	0.0129763	48.8562	0
5665	1.133	1.58368	1.6105	0.0129789	47.9075	0
5670	1.134	1.58368	1.6105	0.012981	47.976	0
5675	1.135	1.58368	1.6105	0.0129824	48.6538	0
5680	1.136	1.58366	1.6105	0.0129829	49.603	0
5685	1.137	1.58364	1.6105	0.012983	50.5953	0
5690	1.138	1.58362	1.6105	0.0129827	51.4813	0
5695	1.139	1.5836	1.6105	0.0129824	52.1708	0
5700	1.14	1.58359	1.6105	0.0129823	52.6167	0
5705	1.141	1.58357	1.6105	0.0129826	52.8009	0
5710	1.142	1.58357	1.6105	0.0129834	52.7138	0
5715	1.143	1.58356	1.6105	0.0129847	52.39	0
5720	1.144	1.58356	1.6105	0.0129866	51.832	0
5725	1.145	1.58356	1.6105	0.0129889	51.0732	0
5730	1.146	1.58357	1.6105	0.0129916	50.145	0
5735	1.147	1.58358	1.6105	0.0129942	49.0679	0
5740	1.148	1.58359	1.6105	0.0129968	47.8714	0
5745	1.149	1.5836	1.6105	0.0129988	47.7966	0
5750	1.15	1.58359	1.6105	0.0130001	48.3776	0
5755	1.151	1.58358	1.6105	0.0130006	49.3023	0
5760	1.152	1.58355	1.6105	0.0130005	50.3082	0
5765	1.153	1.58354	1.6105	0.013	51.2315	0
5770	1.154	1.58352	1.6105	0.0129994	51.972	0
5775	1.155	1.5835	1.6105	0.0129989	52.49	0
5780	1.156	1.58348	1.6105	0.0129988	52.7314	0
5785	1.157	1.58346	1.6105	0.0129992	52.6958	0
5790	1.158	1.58346	1.6105	0.013	52.4265	0
5795	1.159	1.58346	1.6105	0.0130015	51.9273	0
5800	1.16	1.58346	1.6105	0.0130033	51.2086	0
5805	1.161	1.58346	1.6105	0.0130055	50.3149	0
5810	1.162	1.58347	1.6105	0.0130078	49.267	0
5815	1.163	1.58349	1.6105	0.01301	48.0944	0
5820	1.164	1.58348	1.6105	0.0130118	47.8276	0
5825	1.165	1.58348	1.6105	0.0130129	48.3017	0
5830	1.166	1.58347	1.6105	0.0130132	49.1766	0
5835	1.167	1.58345	1.6105	0.0130129	50.1753	0
5840	1.168	1.58342	1.6105	0.0130121	51.1304	0
5845	1.169	1.58339	1.6105	0.0130113	51.9069	0
5850	1.17	1.58338	1.6105	0.0130105	52.4543	0
5855	1.171	1.58336	1.6105	0.0130101	52.7444	0
5860	1.172	1.58335	1.6105	0.0130101	52.7719	0
5865	1.173	1.58334	1.6105	0.0130107	52.5466	0
5870	1.174	1.58333	1.6105	0.0130118	52.0873	0
5875	1.175	1.58334	1.6105	0.0130134	51.4065	0
5880	1.176	1.58335	1.6105	0.0130154	50.5389	0
5885	1.177	1.58334	1.6105	0.0130176	49.5162	0
5890	1.178	1.58335	1.6105	0.0130197	48.3772	0
5895	1.179	1.58336	1.6105	0.0130215	47.8853	0
5900	1.18	1.58335	1.6105	0.0130226	48.2457	0
5905	1.181	1.58334	1.6105	0.013023	49.0487	0
5910	1.182	1.58332	1.6105	0.0130228	50.0338	0
5915	1.183	1.58331	1.6105	0.0130221	51.0055	0
5920	1.184	1.58329	1.6105	0.0130212	51.8168	0
5925	1.185	1.58326	1.6105	0.0130204	52.4117	0
5930	1.186	1.58324	1.6105	0.0130199	52.7614	0
5935	1.187	1.58323	1.6105	0.0130198	52.8363	0
5940	1.188	1.58322	1.6105	0.0130203	52.6447	0
5945	1.189	1.58322	1.6105	0.0130214	52.2245	0
5950	1.19	1.58322	1.6105	0.013023	51.5811	0
5955	1.191	1.58323	1.6105	0.013025	50.7589	0
5960	1.192	1.58325	1.6105	0.0130273	49.7651	0
5965	1.193	1.58324	1.6105	0.0130295	48.6322	0
5970	1.194	1.58325	1.6105	0.0130315	47.9198	0
5975	1.195	1.58326	1.6105	0.0130329	48.1418	0
5980	1.196	1.58325	1.6105	0.0130335	48.8783	0
5985	1.197	1.58324	1.6105	0.0130335	49.8462	0
5990	1.198	1.58322	1.6105	0.013033	50.8334	0
5995	1.199	1.5832	1.6105	0.0130322	51.6803	0
6000	1.2	1.58318	1.6105	0.0130315	52.3216	0
6005	1.201	1.58316	1.6105	0.013031	52.7111	0
6010	1.202	1.58315	1.6105	0.013031	52.8383	0
6015	1.203	1.58314	1.6105	0.0130315	52.7079	0
6020	1.204	1.58314	1.6105	0.0130326	52.3326	0
6025	1.205	1.58315	1.6105	0.0130342	51.7294	0
6030	1.206	1.58316	1.6105	0.0130362	50.9299	0
6035	1.207	1.58317	1.6105	0.0130385	49.9667	0
6040	1.208	1.58318	1.6105	0.0130409	48.8723	0
6045	1.209	1.58319	1.6105	0.013043	47.9197	0
6050	1.21	1.5832	1.6105	0.0130446	47.9874	0
6055	1.211	1.58318	1.6105	0.0130455	48.6625	0
6060	1.212	1.58317	1.6105	0.0130457	49.6093	0
6065	1.213	1.58316	1.6105	0.0130453	50.5994	0
6070	1.214	1.58315	1.6105	0.0130445	51.4833	0
6075	1.215	1.58311	1.6105	0.0130438	52.171	0
6080	1.216	1.5831	1.6105	0.0130433	52.6265	0
6085	1.217	1.58309	1.6105	0.0130431	52.8082	0
6090	1.218	1.58308	1.6105	0.0130435	52.7302	0
6095	1.219	1.58309	1.6105	0.0130444	52.3949	0
6100	1.22	1.58308	1.6105	0.0130459	51.8472	0
6105	1.221	1.5831	1.6105	0.0130478	51.0856	0
6110	1.222	1.5831	1.6105	0.01305	50.1548	0
6115	1.223	1.58311	1.6105	0.0130523	49.0753	0
6120	1.224	1.58312	1.6105	0.0130544	47.8757	0
6125	1.225	1.58313	1.6105	0.0130561	47.799	0
6130	1.226	1.58313	1.6105	0.013057	48.382	0
6135	1.227	1.58312	1.6105	0.0130571	49.3048	0
6140	1.228	1.58311	1.6105	0.0130566	50.3202	0
6145	1.229	1.58307	1.6105	0.0130557	51.2411	0
6150	1.23	1.58306	1.6105	0.0130547	51.9793	0
6155	1.231	1.58304	1.6105	0.0130538	52.4915	0
6160	1.232	1.58303	1.6105	0.0130533	52.7341	0
6165	1.233	1.58302	1.6105	0.0130533	52.7118	0
6170	1.234	1.58301	1.6105	0.0130538	52.437	0
6175	1.235	1.58301	1.6105	0.0130548	51.9242	0
6180	1.236	1.58302	1.6105	0.0130563	51.2184	0
6185	1.237	1.58302	1.6105	0.0130581	50.3197	0
6190	1.238	1.58303	1.6105	0.0130601	49.2727	0
6195	1.239	1.58305	1.6105	0.0130619	48.1087	0
6200	1.24	1.58305	1.6105	0.0130633	47.828	0
6205	1.241	1.58303	1.6105	0.0130641	48.312	0
6210	1.242	1.58302	1.6105	0.013064	49.1847	0
6215	1.243	1.58301	1.6105	0.0130633	50.1814	0
6220	1.244	1.583	1.6105	0.0130622	51.1233	0
6225	1.245	1.58296	1.6105	0.013061	51.9102	0
6230	1.246	1.58295	1.6105	0.0130599	52.4588	0
6235	1.247	1.58294	1.6105	0.0130591	52.7585	0
6240	1.248	1.58291	1.6105	0.0130588	52.7836	0
6245	1.249	1.58292	1.6105	0.013059	52.556	0
6250	1.25	1.58292	1.6105	0.0130598	52.0834	0
6255	1.251	1.58291	1.6105	0.0130611	51.4101	0
6260	1.252	1.58292	1.6105	0.0130628	50.5447	0
6265	1.253	1.58292	1.6105	0.0130646	49.5202	0
6270	1.254	1.58294	1.6105	0.0130664	48.3797	0
6275	1.255	1.58295	1.6105	0.0130679	47.8891	0
6280	1.256	1.58295	1.6105	0.0130687	48.2451	0
6285	1.257	1.58294	1.6105	0.0130688	49.0582	0
6290	1.258	1.58292	1.6105	0.0130682	50.0441	0
6295	1.259	1.5829	1.6105	0.0130672	51.0138	0
6300	1.26	1.58288	1.6105	0.013066	51.8232	0
6305	1.261	1.58286	1.6105	0.0130649	52.4135	0
6310	1.262	1.58284	1.6105	0.0130641	52.7647	0
6315	1.263	1.58283	1.6105	0.0130637	52.8381	0
6320	1.264	1.58283	1.6105	0.013064	52.6564	0
6325	1.265	1.58283	1.6105	0.0130647	52.2228	0
6330	1.266	1.58283	1.6105	0.0130661	51.5897	0
6335	1.267	1.58285	1.6105	0.0130678	50.7563	0
6340	1.268	1.58285	1.6105	0.0130697	49.77	0
6345	1.269	1.58286	1.6105	0.0130716	48.6393	0
6350	1.27	1.58286	1.6105	0.0130733	47.9224	0
6355	1.271	1.58288	1.6105	0.0130745	48.1459	0
6360	1.272	1.58287	1.6105	0.0130748	48.8922	0
6365	1.273	1.58286	1.6105	0.0130745	49.8579	0
6370	1.274	1.58285	1.6105	0.0130737	50.8317	0
6375	1.275	1.58282	1.6105	0.0130727	51.6776	0
6380	1.276	1.5828	1.6105	0.0130717	52.3293	0
6385	1.277	1.5828	1.6105	0.013071	52.7171	0
6390	1.278	1.58279	1.6105	0.0130707	52.8428	0
6395	1.279	1.58278	1.6105	0.0130709	52.7109	0
6400	1.28	1.58277	1.6105	0.0130718	52.3372	0
6405	1.281	1.58278	1.6105	0.0130731	51.7297	0
6410	1.282	1.58279	1.6105	0.0130749	50.9432	0
6415	1.283	1.58281	1.6105	0.0130769	49.9751	0
6420	1.284	1.58282	1.6105	0.013079	48.8697	0
6425	1.285	1.58283	1.6105	0.0130809	47.9171	0
6430	1.286	1.58285	1.6105	0.0130823	47.9953	0
6435	1.287	1.58284	1.6105	0.0130829	48.666	0
6440	1.288	1.58283	1.6105	0.0130828	49.6114	0
6445	1.289	1.58281	1.6105	0.0130822	50.6032	0
6450	1.29	1.58279	1.6105	0.0130812	51.4858	0
6455	1.291	1.58278	1.6105	0.0130803	52.1836	0
6460	1.292	1.58277	1.6105	0.0130795	52.6258	0
6465	1.293	1.58275	1.6105	0.0130791	52.8095	0
6470	1.294	1.58274	1.6105	0.0130793	52.7275	0
6475	1.295	1.58275	1.6105	0.01308	52.4028	0
6480	1.296	1.58275	1.6105	0.0130812	51.8421	0
6485	1.297	1.58277	1.6105	0.0130829	51.0913	0
6490	1.298	1.58277	1.6105	0.0130849	50.1591	0
6495	1.299	1.58278	1.6105	0.013087	49.0784	0
6500	1.3	1.5828	1.6105	0.0130889	47.8804	0
6505	1.301	1.5828	1.6105	0.0130903	47.7996	0
6510	1.302	1.58281	1.6105	0.013091	48.3816	0
6515	1.303	1.58279	1.6105	0.0130909	49.3035	0
6520	1.304	1.58278	1.6105	0.0130902	50.3181	0
6525	1.305	1.58277	1.6105	0.0130891	51.2411	0
6530	1.306	1.58274	1.6105	0.0130879	51.9897	0
6535	1.307	1.58272	1.6105	0.0130868	52.4888	0
6540	1.308	1.58272	1.6105	0.0130861	52.7298	0
6545	1.309	1.58271	1.6105	0.0130859	52.707	0
6550	1.31	1.5827	1.6105	0.0130862	52.4345	0
6555	1.311	1.5827	1.6105	0.013087	51.9304	0
6560	1.312	1.58271	1.6105	0.0130883	51.2119	0
6565	1.313	1.58272	1.6105	0.0130899	50.327	0
6570	1.314	1.58273	1.6105	0.0130916	49.2758	0
6575	1.315	1.58274	1.6105	0.0130932	48.1134	0
6580	1.316	1.58275	1.6105	0.0130945	47.8288	0
6585	1.317	1.58274	1.6105	0.013095	48.3118	0
6590	1.318	1.58274	1.6105	0.0130948	49.1836	0
6595	1.319	1.58271	1.6105	0.0130939	50.1796	0
6600	1.32	1.5827	1.6105	0.0130926	51.1349	0
6605	1.321	1.58269	1.6105	0.0130912	51.9088	0
6610	1.322	1.58266	1.6105	0.0130899	52.468	0
6615	1.323	1.58264	1.6105	0.0130889	52.7548	0
6620	1.324	1.58264	1.6105	0.0130884	52.7794	0
6625	1.325	1.58263	1.6105	0.0130885	52.5513	0
6630	1.326	1.58263	1.6105	0.0130891	52.0895	0
6635	1.327	1.58263	1.6105	0.0130902	51.4149	0
6640	1.328	1.58265	1.6105	0.0130917	50.5484	0
6645	1.329	1.58265	1.6105	0.0130933	49.5369	0
6650	1.33	1.58267	1.6105	0.0130949	48.3802	0
6655	1.331	1.58267	1.6105	0.0130962	47.8888	0
6660	1.332	1.58268	1.6105	0.0130969	48.2469	0
6665	1.333	1.58267	1.6105	0.0130968	49.059	0
6670	1.334	1.58265	1.6105	0.0130961	50.0413	0
6675	1.335	1.58264	1.6105	0.0130949	51.0104	0
6680	1.336	1.58261	1.6105	0.0130935	51.8212	0
6685	1.337	1.5826	1.6105	0.0130923	52.4232	0
6690	1.338	1.58259	1.6105	0.0130913	52.7587	0
6695	1.339	1.58256	1.6105	0.0130908	52.8432	0
6700	1.34	1.58257	1.6105	0.0130909	52.6491	0
6705	1.341	1.58258	1.6105	0.0130915	52.2294	0
6710	1.342	1.58258	1.6105	0.0130926	51.595	0
6715	1.343	1.58259	1.6105	0.0130942	50.7577	0
6720	1.344	1.58259	1.6105	0.013096	49.7734	0
6725	1.345	1.58262	1.6105	0.0130978	48.6389	0
6730	1.346	1.58261	1.6105	0.0130993	47.9232	0
6735	1.347	1.58263	1.6105	0.0131003	48.1459	0
6740	1.348	1.58262	1.6105	0.0131005	48.8915	0
6745	1.349	1.58262	1.6105	0.0131	49.8565	0
6750	1.35	1.58259	1.6105	0.0130991	50.8298	0
6755	1.351	1.58259	1.6105	0.0130979	51.6873	0
6760	1.352	1.58257	1.6105	0.0130968	52.3263	0
6765	1.353	1.58255	1.6105	0.0130959	52.7249	0
6770	1.354	1.58254	1.6105	0.0130955	52.8493	0
6775	1.355	1.58254	1.6105	0.0130956	52.7163	0
6780	1.356	1.58254	1.6105	0.0130963	52.3302	0
6785	1.357	1.58255	1.6105	0.0130975	51.7338	0
6790	1.358	1.58255	1.6105	0.0130992	50.9342	0
6795	1.359	1.58257	1.6105	0.0131011	49.9783	0
6800	1.36	1.5826	1.6105	0.0131031	48.872	0
6805	1.361	1.5826	1.6105	0.0131048	47.9186	0
6810	1.362	1.58261	1.6105	0.0131061	47.9961	0
6815	1.363	1.58262	1.6105	0.0131066	48.6566	0
6820	1.364	1.58261	1.6105	0.0131064	49.6144	0
6825	1.365	1.58259	1.6105	0.0131056	50.6024	0
6830	1.366	1.58257	1.6105	0.0131045	51.4873	0
6835	1.367	1.58256	1.6105	0.0131034	52.1843	0
6840	1.368	1.58254	1.6105	0.0131025	52.6258	0
6845	1.369	1.58253	1.6105	0.0131021	52.806	0
6850	1.37	1.58253	1.6105	0.0131021	52.7266	0
6855	1.371	1.58254	1.6105	0.0131026	52.4013	0
6860	1.372	1.58254	1.6105	0.0131038	51.8515	0
6865	1.373	1.58255	1.6105	0.0131053	51.088	0
6870	1.374	1.58257	1.6105	0.0131072	50.1545	0
6875	1.375	1.58258	1.6105	0.0131091	49.0848	0
6880	1.376	1.58259	1.6105	0.0131109	47.8858	0
6885	1.377	1.5826	1.6105	0.0131122	47.7926	0
6890	1.378	1.5826	1.6105	0.0131128	48.3859	0
6895	1.379	1.58259	1.6105	0.0131126	49.3069	0
6900	1.38	1.58259	1.6105	0.0131118	50.3234	0
6905	1.381	1.58256	1.6105	0.0131106	51.2426	0
6910	1.382	1.58255	1.6105	0.0131093	51.9791	0
6915	1.383	1.58253	1.6105	0.0131081	52.4927	0
6920	1.384	1.58252	1.6105	0.0131073	52.7309	0
6925	1.385	1.58251	1.6105	0.0131069	52.7074	0
6930	1.386	1.58251	1.6105	0.0131071	52.4343	0
6935	1.387	1.58251	1.6105	0.0131078	51.9315	0
6940	1.388	1.58252	1.6105	0.013109	51.2209	0
6945	1.389	1.58253	1.6105	0.0131105	50.3234	0
6950	1.39	1.58255	1.6105	0.0131122	49.2719	0
6955	1.391	1.58255	1.6105	0.0131137	48.1094	0
6960	1.392	1.58256	1.6105	0.0131148	47.8273	0
6965	1.393	1.58256	1.6105	0.0131153	48.3098	0
6970	1.394	1.58255	1.6105	0.0131149	49.1813	0
6975	1.395	1.58253	1.6105	0.013114	50.1882	0
6980	1.396	1.58252	1.6105	0.0131126	51.1282	0
6985	1.397	1.58249	1.6105	0.0131111	51.9162	0
6990	1.398	1.58248	1.6105	0.0131097	52.4601	0
6995	1.399	1.58248	1.6105	0.0131086	52.7583	0
7000	1.4	1.58245	1.6105	0.013108	52.7849	0
7005	1.401	1.58245	1.6105	0.013108	52.5559	0
7010	1.402	1.58247	1.6105	0.0131085	52.0904	0
7015	1.403	1.58246	1.6105	0.0131095	51.4068	0
7020	1.404	1.58247	1.6105	0.0131109	50.5516	0
7025	1.405	1.58249	1.6105	0.0131125	49.5253	0
7030	1.406	1.58249	1.6105	0.013114	48.3831	0
7035	1.407	1.58251	1.6105	0.0131152	47.8909	0
7040	1.408	1.58251	1.6105	0.0131158	48.2465	0
7045	1.409	1.5825	1.6105	0.0131156	49.0582	0
7050	1.41	1.58249	1.6105	0.0131148	50.0419	0
7055	1.411	1.58247	1.6105	0.0131135	51.0104	0
7060	1.412	1.58246	1.6105	0.0131121	51.8189	0
7065	1.413	1.58244	1.6105	0.0131108	52.4224	0
7070	1.414	1.58242	1.6105	0.0131097	52.7575	0
7075	1.415	1.58242	1.6105	0.0131091	52.8416	0
7080	1.416	1.58242	1.6105	0.0131091	52.6584	0
7085	1.417	1.58241	1.6105	0.0131097	52.2262	0
7090	1.418	1.58242	1.6105	0.0131108	51.5916	0
7095	1.419	1.58244	1.6105	0.0131122	50.754	0
7100	1.42	1.58245	1.6105	0.0131139	49.7695	0
7105	1.421	1.58246	1.6105	0.0131157	48.6358	0
7110	1.422	1.58247	1.6105	0.0131171	47.9208	0
7115	1.423	1.58248	1.6105	0.013118	48.1432	0
7120	1.424	1.58247	1.6105	0.0131182	48.8886	0
7125	1.425	1.58247	1.6105	0.0131176	49.8534	0
7130	1.426	1.58245	1.6105	0.0131166	50.8377	0
7135	1.427	1.58244	1.6105	0.0131154	51.6838	0
7140	1.428	1.58242	1.6105	0.0131142	52.3311	0
7145	1.429	1.58241	1.6105	0.0131132	52.7176	0
7150	1.43	1.5824	1.6105	0.0131127	52.8421	0
7155	1.431	1.5824	1.6105	0.0131127	52.7091	0
7160	1.432	1.58241	1.6105	0.0131134	52.3344	0
7165	1.433	1.58242	1.6105	0.0131145	51.7288	0
7170	1.434	1.58242	1.6105	0.0131161	50.9395	0
7175	1.435	1.58244	1.6105	0.0131179	49.9733	0
7180	1.436	1.58245	1.6105	0.0131198	48.8632	0
7185	1.437	1.58247	1.6105	0.0131215	47.9242	0
7190	1.438	1.58247	1.6105	0.0131227	47.9894	0
7195	1.439	1.58248	1.6105	0.0131231	48.6594	0
7200	1.44	1.58247	1.6105	0.0131228	49.6071	0
7205	1.441	1.58246	1.6105	0.013122	50.6066	0
7210	1.442	1.58245	1.6105	0.0131208	51.4879	0
7215	1.443	1.58243	1.6105	0.0131197	52.1731	0
7220	1.444	1.58242	1.6105	0.0131187	52.6301	0
7225	1.445	1.58241	1.6105	0.0131181	52.8096	0
7230	1.446	1.58241	1.6105	0.0131181	52.7294	0
7235	1.447	1.58241	1.6105	0.0131186	52.4035	0
7240	1.448	1.58241	1.6105	0.0131196	51.8502	0
7245	1.449	1.58243	1.6105	0.0131211	51.0883	0
7250	1.45	1.58244	1.6105	0.0131229	50.1525	0
7255	1.451	1.58245	1.6105	0.0131248	49.0854	0
7260	1.452	1.58247	1.6105	0.0131265	47.883	0
7265	1.453	1.58248	1.6105	0.0131278	47.7925	0
7270	1.454	1.58248	1.6105	0.0131283	48.3854	0
7275	1.455	1.58247	1.6105	0.013128	49.306	0
7280	1.456	1.58247	1.6105	0.0131271	50.3194	0
7285	1.457	1.58244	1.6105	0.0131259	51.2412	0
7290	1.458	1.58243	1.6105	0.0131245	51.9888	0
7295	1.459	1.58242	1.6105	0.0131233	52.487	0
7300	1.46	1.5824	1.6105	0.0131224	52.7281	0
7305	1.461	1.5824	1.6105	0.013122	52.7158	0
7310	1.462	1.5824	1.6105	0.0131221	52.4416	0
7315	1.463	1.5824	1.6105	0.0131228	51.9237	0
7320	1.464	1.58241	1.6105	0.013124	51.2161	0
7325	1.465	1.58242	1.6105	0.0131254	50.3186	0
7330	1.466	1.58243	1.6105	0.013127	49.2784	0
7335	1.467	1.58244	1.6105	0.0131285	48.1037	0
7340	1.468	1.58246	1.6105	0.0131296	47.8329	0
7345	1.469	1.58245	1.6105	0.01313	48.3147	0
7350	1.47	1.58245	1.6105	0.0131296	49.1854	0
7355	1.471	1.58243	1.6105	0.0131286	50.1803	0
7360	1.472	1.58242	1.6105	0.0131272	51.1318	0
7365	1.473	1.5824	1.6105	0.0131256	51.9078	0
7370	1.474	1.58239	1.6105	0.0131242	52.4633	0
7375	1.475	1.58237	1.6105	0.013123	52.7496	0
7380	1.476	1.58236	1.6105	0.0131224	52.7765	0
7385	1.477	1.58236	1.6105	0.0131223	52.5478	0
7390	1.478	1.58235	1.6105	0.0131228	52.0854	0
7395	1.479	1.58237	1.6105	0.0131238	51.4102	0
7400	1.48	1.58237	1.6105	0.0131251	50.5432	0
7405	1.481	1.58239	1.6105	0.0131267	49.5284	0
7410	1.482	1.5824	1.6105	0.0131281	48.3743	0
7415	1.483	1.58242	1.6105	0.0131293	47.8938	0
7420	1.484	1.58242	1.6105	0.0131298	48.2506	0
7425	1.485	1.58241	1.6105	0.0131296	49.0616	0
7430	1.486	1.58239	1.6105	0.0131287	50.0428	0
7435	1.487	1.58239	1.6105	0.0131274	51.0109	0
7440	1.488	1.58237	1.6105	0.0131259	51.8218	0
7445	1.489	1.58235	1.6105	0.0131245	52.4219	0
7450	1.49	1.58234	1.6105	0.0131235	52.7566	0
7455	1.491	1.58232	1.6105	0.0131228	52.8292	0
7460	1.492	1.58232	1.6105	0.0131228	52.6494	0
7465	1.493	1.58233	1.6105	0.0131233	52.2261	0
7470	1.494	1.58234	1.6105	0.0131243	51.5911	0
7475	1.495	1.58235	1.6105	0.0131258	50.7561	0
7480	1.496	1.58237	1.6105	0.0131274	49.7682	0
7485	1.497	1.58239	1.6105	0.0131291	48.6361	0
7490	1.498	1.58239	1.6105	0.0131305	47.9189	0
7495	1.499	1.58239	1.6105	0.0131314	48.1411	0
7500	1.5	1.58239	1.6105	0.0131315	48.8863	0
7505	1.501	1.58238	1.6105	0.0131309	49.8509	0
7510	1.502	1.58237	1.6105	0.0131299	50.837	0
7515	1.503	1.58235	1.6105	0.0131286	51.6809	0
7520	1.504	1.58235	1.6105	0.0131273	52.3281	0
7525	1.505	1.58234	1.6105	0.0131264	52.7172	0
7530	1.506	1.58232	1.6105	0.0131258	52.8414	0
7535	1.507	1.58232	1.6105	0.0131258	52.7082	0
7540	1.508	1.58233	1.6105	0.0131264	52.3332	0
7545	1.509	1.58234	1.6105	0.0131275	51.7246	0
7550	1.51	1.58236	1.6105	0.0131291	50.9371	0
7555	1.511	1.58236	1.6105	0.0131309	49.9689	0
7560	1.512	1.58239	1.6105	0.0131327	48.8738	0
7565	1.513	1.58239	1.6105	0.0131344	47.9186	0
7570	1.514	1.5824	1.6105	0.0131356	47.984	0
7575	1.515	1.58241	1.6105	0.013136	48.6569	0
7580	1.516	1.5824	1.6105	0.0131356	49.6016	0
7585	1.517	1.5824	1.6105	0.0131347	50.6012	0
7590	1.518	1.58237	1.6105	0.0131336	51.4863	0
7595	1.519	1.58237	1.6105	0.0131324	52.1827	0
7600	1.52	1.58234	1.6105	0.0131314	52.6235	0
7605	1.521	1.58234	1.6105	0.0131308	52.8032	0
7610	1.522	1.58234	1.6105	0.0131307	52.7232	0
7615	1.523	1.58234	1.6105	0.0131312	52.3974	0
7620	1.524	1.58235	1.6105	0.0131322	51.8471	0
7625	1.525	1.58236	1.6105	0.0131336	51.086	0
7630	1.526	1.58238	1.6105	0.0131354	50.1491	0
7635	1.527	1.58238	1.6105	0.0131373	49.082	0
7640	1.528	1.5824	1.6105	0.013139	47.8796	0
7645	1.529	1.58241	1.6105	0.0131402	47.8003	0
7650	1.53	1.58242	1.6105	0.0131407	48.3809	0
7655	1.531	1.5824	1.6105	0.0131404	49.3128	0
7660	1.532	1.5824	1.6105	0.0131395	50.3141	0
7665	1.533	1.58239	1.6105	0.0131382	51.2332	0
7670	1.534	1.58237	1.6105	0.0131367	51.9839	0
7675	1.535	1.58236	1.6105	0.0131355	52.4822	0
7680	1.536	1.58234	1.6105	0.0131346	52.7318	0
7685	1.537	1.58234	1.6105	0.0131341	52.7076	0
7690	1.538	1.58234	1.6105	0.0131342	52.4337	0
7695	1.539	1.58235	1.6105	0.0131349	51.9303	0
7700	1.54	1.58235	1.6105	0.013136	51.2106	0
7705	1.541	1.58236	1.6105	0.0131374	50.3216	0
7710	1.542	1.58237	1.6105	0.013139	49.2724	0
7715	1.543	1.58238	1.6105	0.0131404	48.1091	0
7720	1.544	1.5824	1.6105	0.0131415	47.8236	0
7725	1.545	1.5824	1.6105	0.0131419	48.3057	0
7730	1.546	1.58239	1.6105	0.0131415	49.1768	0
7735	1.547	1.58237	1.6105	0.0131404	50.1862	0
7740	1.548	1.58236	1.6105	0.0131389	51.1257	0
7745	1.549	1.58233	1.6105	0.0131374	51.9131	0
7750	1.55	1.58233	1.6105	0.0131359	52.4566	0
7755	1.551	1.58232	1.6105	0.0131348	52.7544	0
7760	1.552	1.58231	1.6105	0.0131341	52.7778	0
7765	1.553	1.58231	1.6105	0.013134	52.5487	0
7770	1.554	1.5823	1.6105	0.0131344	52.0859	0
7775	1.555	1.58232	1.6105	0.0131354	51.4019	0
7780	1.556	1.58232	1.6105	0.0131367	50.5465	0
7785	1.557	1.58234	1.6105	0.0131382	49.5199	0
7790	1.558	1.58235	1.6105	0.0131397	48.3775	0
7795	1.559	1.58236	1.6105	0.0131408	47.8851	0
7800	1.56	1.58237	1.6105	0.0131413	48.2395	0
7805	1.561	1.58237	1.6105	0.0131411	49.051	0
7810	1.562	1.58234	1.6105	0.0131402	50.0469	0
7815	1.563	1.58233	1.6105	0.0131388	51.0031	0
7820	1.564	1.58231	1.6105	0.0131373	51.8255	0
7825	1.565	1.58231	1.6105	0.0131359	52.4138	0
7830	1.566	1.5823	1.6105	0.0131348	52.7602	0
7835	1.567	1.58228	1.6105	0.0131341	52.8321	0
7840	1.568	1.58228	1.6105	0.0131341	52.649	0
7845	1.569	1.58228	1.6105	0.0131345	52.2282	0
7850	1.57	1.58229	1.6105	0.0131355	51.5815	0
7855	1.571	1.5823	1.6105	0.013137	50.7582	0
7860	1.572	1.58232	1.6105	0.0131386	49.7586	0
7865	1.573	1.58233	1.6105	0.0131402	48.6383	0
7870	1.574	1.58235	1.6105	0.0131416	47.9196	0
7875	1.575	1.58235	1.6105	0.0131425	48.1415	0
7880	1.576	1.58234	1.6105	0.0131426	48.8864	0
7885	1.577	1.58234	1.6105	0.013142	49.8507	0
7890	1.578	1.58234	1.6105	0.0131409	50.8261	0
7895	1.579	1.58232	1.6105	0.0131396	51.6819	0
7900	1.58	1.5823	1.6105	0.0131383	52.3174	0
7905	1.581	1.58228	1.6105	0.0131373	52.7184	0
7910	1.582	1.58228	1.6105	0.0131368	52.8422	0
7915	1.583	1.58228	1.6105	0.0131368	52.7087	0
7920	1.584	1.58228	1.6105	0.0131373	52.3333	0
7925	1.585	1.5823	1.6105	0.0131384	51.7244	0
7930	1.586	1.58231	1.6105	0.0131399	50.9367	0
7935	1.587	1.58233	1.6105	0.0131417	49.9673	0
7940	1.588	1.58235	1.6105	0.0131435	48.8608	0
7945	1.589	1.58235	1.6105	0.0131452	47.9195	0
7950	1.59	1.58236	1.6105	0.0131463	47.9845	0
7955	1.591	1.58237	1.6105	0.0131467	48.6571	0
7960	1.592	1.58237	1.6105	0.0131464	49.6015	0
7965	1.593	1.58235	1.6105	0.0131455	50.6008	0
7970	1.594	1.58234	1.6105	0.0131443	51.4838	0
7975	1.595	1.58232	1.6105	0.013143	52.1801	0
7980	1.596	1.58231	1.6105	0.013142	52.6209	0
7985	1.597	1.58231	1.6105	0.0131414	52.8004	0
7990	1.598	1.58231	1.6105	0.0131413	52.7204	0
7995	1.599	1.58231	1.6105	0.0131418	52.3946	0
8000	1.6	1.58231	1.6105	0.0131428	51.8442	0
8005	1.601	1.58233	1.6105	0.0131442	51.0831	0
8010	1.602	1.58233	1.6105	0.013146	50.1481	0
8015	1.603	1.58236	1.6105	0.0131478	49.0807	0
8020	1.604	1.58237	1.6105	0.0131495	47.8772	0
8025	1.605	1.58238	1.6105	0.0131507	47.7978	0
8030	1.606	1.58238	1.6105	0.0131512	48.3784	0
8035	1.607	1.58237	1.6105	0.0131509	49.3102	0
8040	1.608	1.58237	1.6105	0.01315	50.3114	0
8045	1.609	1.58235	1.6105	0.0131487	51.2305	0
8050	1.61	1.58234	1.6105	0.0131472	51.9821	0
8055	1.611	1.58231	1.6105	0.013146	52.4802	0
8060	1.612	1.58231	1.6105	0.013145	52.7297	0
8065	1.613	1.58231	1.6105	0.0131446	52.7073	0
8070	1.614	1.58231	1.6105	0.0131447	52.4313	0
8075	1.615	1.58231	1.6105	0.0131453	51.9278	0
8080	1.616	1.58233	1.6105	0.0131464	51.208	0
8085	1.617	1.58234	1.6105	0.0131479	50.3218	0
8090	1.618	1.58235	1.6105	0.0131494	49.2686	0
8095	1.619	1.58235	1.6105	0.0131508	48.1053	0
8100	1.62	1.58236	1.6105	0.0131519	47.8226	0
8105	1.621	1.58237	1.6105	0.0131522	48.3018	0
8110	1.622	1.58236	1.6105	0.0131518	49.1757	0
8115	1.623	1.58235	1.6105	0.0131507	50.1821	0
8120	1.624	1.58234	1.6105	0.0131493	51.1216	0
8125	1.625	1.58231	1.6105	0.0131477	51.9101	0
8130	1.626	1.5823	1.6105	0.0131462	52.4536	0
8135	1.627	1.58229	1.6105	0.0131451	52.7513	0
8140	1.628	1.58229	1.6105	0.0131444	52.7766	0
8145	1.629	1.58228	1.6105	0.0131443	52.5473	0
8150	1.63	1.58228	1.6105	0.0131447	52.0825	0
8155	1.631	1.58228	1.6105	0.0131456	51.4098	0
8160	1.632	1.58231	1.6105	0.013147	50.5422	0
8165	1.633	1.58231	1.6105	0.0131485	49.5261	0
8170	1.634	1.58233	1.6105	0.0131499	48.3716	0
8175	1.635	1.58233	1.6105	0.013151	47.8907	0
8180	1.636	1.58234	1.6105	0.0131515	48.2359	0
8185	1.637	1.58234	1.6105	0.0131513	49.0475	0
8190	1.638	1.58233	1.6105	0.0131504	50.0405	0
8195	1.639	1.5823	1.6105	0.0131491	50.997	0
8200	1.64	1.58229	1.6105	0.0131476	51.8206	0
8205	1.641	1.58228	1.6105	0.0131461	52.409	0
8210	1.642	1.58227	1.6105	0.013145	52.7555	0
8215	1.643	1.58227	1.6105	0.0131444	52.8294	0
8220	1.644	1.58226	1.6105	0.0131443	52.6463	0
8225	1.645	1.58226	1.6105	0.0131448	52.2236	0
8230	1.646	1.58226	1.6105	0.0131458	51.5883	0
8235	1.647	1.58229	1.6105	0.0131472	50.7529	0
8240	1.648	1.58229	1.6105	0.0131488	49.7525	0
8245	1.649	1.58231	1.6105	0.0131505	48.6324	0
8250	1.65	1.58232	1.6105	0.0131519	47.9168	0
8255	1.651	1.58233	1.6105	0.0131527	48.1358	0
8260	1.652	1.58233	1.6105	0.0131528	48.8809	0
8265	1.653	1.58232	1.6105	0.0131521	49.8454	0
8270	1.654	1.58231	1.6105	0.013151	50.8322	0
8275	1.655	1.5823	1.6105	0.0131497	51.676	0
8280	1.656	1.58228	1.6105	0.0131484	52.323	0
8285	1.657	1.58227	1.6105	0.0131474	52.713	0
8290	1.658	1.58227	1.6105	0.0131469	52.837	0
8295	1.659	1.58227	1.6105	0.0131468	52.7036	0
8300	1.66	1.58227	1.6105	0.0131474	52.3284	0
8305	1.661	1.58228	1.6105	0.0131484	51.7299	0
8310	1.662	1.5823	1.6105	0.01315	50.9302	0
8315	1.663	1.58231	1.6105	0.0131517	49.964	0
8320	1.664	1.58233	1.6105	0.0131536	48.8659	0
8325	1.665	1.58235	1.6105	0.0131552	47.9146	0
8330	1.666	1.58235	1.6105	0.0131563	47.9882	0
8335	1.667	1.58235	1.6105	0.0131567	48.6489	0
8340	1.668	1.58234	1.6105	0.0131563	49.6051	0
8345	1.669	1.58234	1.6105	0.0131554	50.5954	0
8350	1.67	1.58232	1.6105	0.0131542	51.4767	0
8355	1.671	1.58232	1.6105	0.013153	52.1732	0
8360	1.672	1.58229	1.6105	0.013152	52.6143	0
8365	1.673	1.58229	1.6105	0.0131513	52.797	0
8370	1.674	1.58228	1.6105	0.0131512	52.7169	0
8375	1.675	1.58229	1.6105	0.0131517	52.3911	0
8380	1.676	1.5823	1.6105	0.0131527	51.838	0
8385	1.677	1.58231	1.6105	0.0131541	51.0771	0
8390	1.678	1.58233	1.6105	0.0131558	50.1526	0
8395	1.679	1.58234	1.6105	0.0131576	49.0734	0
8400	1.68	1.58235	1.6105	0.0131593	47.8721	0
8405	1.681	1.58236	1.6105	0.0131605	47.7929	0
8410	1.682	1.58237	1.6105	0.013161	48.3849	0
8415	1.683	1.58236	1.6105	0.0131606	49.3046	0
8420	1.684	1.58235	1.6105	0.0131597	50.306	0
8425	1.685	1.58235	1.6105	0.0131584	51.2384	0
8430	1.686	1.58232	1.6105	0.0131569	51.9741	0
8435	1.687	1.58231	1.6105	0.0131556	52.4839	0
8440	1.688	1.58229	1.6105	0.0131547	52.7244	0
8445	1.689	1.58229	1.6105	0.0131542	52.7002	0
8450	1.69	1.58229	1.6105	0.0131543	52.4264	0
8455	1.691	1.5823	1.6105	0.0131549	51.9231	0
8460	1.692	1.58231	1.6105	0.013156	51.2119	0
8465	1.693	1.58231	1.6105	0.0131574	50.3139	0
8470	1.694	1.58233	1.6105	0.013159	49.2761	0
8475	1.695	1.58234	1.6105	0.0131604	48.0988	0
8480	1.696	1.58235	1.6105	0.0131614	47.8276	0
8485	1.697	1.58236	1.6105	0.0131618	48.2977	0
8490	1.698	1.58235	1.6105	0.0131613	49.1802	0
8495	1.699	1.58234	1.6105	0.0131603	50.1746	0
8500	1.7	1.58232	1.6105	0.0131588	51.1277	0
8505	1.701	1.5823	1.6105	0.0131572	51.9004	0
8510	1.702	1.58229	1.6105	0.0131557	52.4557	0
8515	1.703	1.58227	1.6105	0.0131545	52.7446	0
8520	1.704	1.58227	1.6105	0.0131539	52.7682	0
8525	1.705	1.58227	1.6105	0.0131538	52.5394	0
8530	1.706	1.58227	1.6105	0.0131542	52.0768	0
8535	1.707	1.58229	1.6105	0.0131551	51.4044	0
8540	1.708	1.58229	1.6105	0.0131564	50.5341	0
8545	1.709	1.58229	1.6105	0.0131579	49.5221	0
8550	1.71	1.58231	1.6105	0.0131594	48.3658	0
8555	1.711	1.58232	1.6105	0.0131605	47.8851	0
8560	1.712	1.58233	1.6105	0.013161	48.2418	0
8565	1.713	1.58232	1.6105	0.0131607	49.0527	0
8570	1.714	1.58231	1.6105	0.0131598	50.0338	0
8575	1.715	1.58231	1.6105	0.0131584	51.0037	0
8580	1.716	1.58228	1.6105	0.0131569	51.8115	0
8585	1.717	1.58227	1.6105	0.0131555	52.4145	0
8590	1.718	1.58225	1.6105	0.0131544	52.749	0
8595	1.719	1.58225	1.6105	0.0131537	52.8326	0
8600	1.72	1.58225	1.6105	0.0131536	52.649	0
8605	1.721	1.58225	1.6105	0.0131541	52.2164	0
8610	1.722	1.58227	1.6105	0.0131551	51.5814	0
8615	1.723	1.58228	1.6105	0.0131565	50.7435	0
8620	1.724	1.58229	1.6105	0.0131581	49.7587	0
8625	1.725	1.5823	1.6105	0.0131598	48.6247	0
8630	1.726	1.58232	1.6105	0.0131612	47.9208	0
8635	1.727	1.58233	1.6105	0.013162	48.1308	0
8640	1.728	1.58233	1.6105	0.0131621	48.876	0
8645	1.729	1.58232	1.6105	0.0131614	49.8519	0
8650	1.73	1.5823	1.6105	0.0131603	50.8239	0
8655	1.731	1.58229	1.6105	0.013159	51.67	0
8660	1.732	1.58227	1.6105	0.0131577	52.3172	0
8665	1.733	1.58227	1.6105	0.0131567	52.7036	0
8670	1.734	1.58226	1.6105	0.0131561	52.8394	0
8675	1.735	1.58226	1.6105	0.0131561	52.7056	0
8680	1.736	1.58226	1.6105	0.0131566	52.3187	0
8685	1.737	1.58226	1.6105	0.0131577	51.7245	0
8690	1.738	1.58228	1.6105	0.0131592	50.9231	0
8695	1.739	1.58231	1.6105	0.013161	49.9685	0
8700	1.74	1.58231	1.6105	0.0131628	48.8614	0
8705	1.741	1.58233	1.6105	0.0131644	47.9064	0
8710	1.742	1.58234	1.6105	0.0131655	47.9832	0
8715	1.743	1.58234	1.6105	0.0131659	48.6554	0
8720	1.744	1.58234	1.6105	0.0131655	49.5995	0
8725	1.745	1.58233	1.6105	0.0131646	50.5872	0
8730	1.746	1.58231	1.6105	0.0131634	51.4802	0
8735	1.747	1.5823	1.6105	0.0131621	52.1687	0
8740	1.748	1.58229	1.6105	0.0131611	52.6212	0
8745	1.749	1.58228	1.6105	0.0131605	52.8002	0
8750	1.75	1.58228	1.6105	0.0131604	52.7197	0
8755	1.751	1.58228	1.6105	0.0131608	52.3935	0
8760	1.752	1.5823	1.6105	0.0131618	51.8314	0
8765	1.753	1.5823	1.6105	0.0131632	51.0784	0
8770	1.754	1.58232	1.6105	0.013165	50.1451	0
8775	1.755	1.58234	1.6105	0.0131668	49.0747	0
8780	1.756	1.58235	1.6105	0.0131684	47.8749	0
8785	1.757	1.58237	1.6105	0.0131696	47.7839	0
8790	1.758	1.58236	1.6105	0.0131701	48.3764	0
8795	1.759	1.58236	1.6105	0.0131698	49.2966	0
8800	1.76	1.58235	1.6105	0.0131688	50.3097	0
8805	1.761	1.58234	1.6105	0.0131675	51.2284	0
8810	1.762	1.58231	1.6105	0.013166	51.9787	0
8815	1.763	1.5823	1.6105	0.0131647	52.4767	0
8820	1.764	1.58229	1.6105	0.0131638	52.726	0
8825	1.765	1.58228	1.6105	0.0131633	52.7015	0
8830	1.766	1.58229	1.6105	0.0131634	52.4273	0
8835	1.767	1.5823	1.6105	0.013164	51.9237	0
8840	1.768	1.58231	1.6105	0.0131651	51.2037	0
8845	1.769	1.58231	1.6105	0.0131665	50.3146	0
8850	1.77	1.58233	1.6105	0.013168	49.2652	0
8855	1.771	1.58234	1.6105	0.0131695	48.0905	0
8860	1.772	1.58236	1.6105	0.0131705	47.8169	0
8865	1.773	1.58235	1.6105	0.0131708	48.2989	0
8870	1.774	1.58235	1.6105	0.0131704	49.1698	0
8875	1.775	1.58233	1.6105	0.0131693	50.1789	0
8880	1.776	1.58232	1.6105	0.0131678	51.1182	0
8885	1.777	1.58229	1.6105	0.0131662	51.9055	0
8890	1.778	1.58228	1.6105	0.0131647	52.4489	0
8895	1.779	1.58227	1.6105	0.0131635	52.7466	0
8900	1.78	1.58226	1.6105	0.0131628	52.7736	0
8905	1.781	1.58226	1.6105	0.0131627	52.5441	0
8910	1.782	1.58226	1.6105	0.0131631	52.0771	0
8915	1.783	1.58228	1.6105	0.0131641	51.4044	0
8920	1.784	1.58229	1.6105	0.0131654	50.5368	0
8925	1.785	1.58231	1.6105	0.0131668	49.5102	0
8930	1.786	1.58231	1.6105	0.0131683	48.3678	0
8935	1.787	1.58232	1.6105	0.0131694	47.8868	0
8940	1.788	1.58233	1.6105	0.0131699	48.2318	0
8945	1.789	1.58231	1.6105	0.0131696	49.0433	0
8950	1.79	1.58231	1.6105	0.0131687	50.0362	0
8955	1.791	1.5823	1.6105	0.0131674	50.9925	0
8960	1.792	1.58228	1.6105	0.0131658	51.8151	0
8965	1.793	1.58227	1.6105	0.0131644	52.4034	0
8970	1.794	1.58225	1.6105	0.0131633	52.7499	0
8975	1.795	1.58225	1.6105	0.0131626	52.8256	0
8980	1.796	1.58225	1.6105	0.0131625	52.6423	0
8985	1.797	1.58224	1.6105	0.013163	52.2176	0
8990	1.798	1.58226	1.6105	0.0131639	51.5823	0
8995	1.799	1.58227	1.6105	0.0131653	50.7469	0
9000	1.8	1.5823	1.6105	0.013167	49.7475	0
9005	1.801	1.5823	1.6105	0.0131686	48.6273	0
9010	1.802	1.58231	1.6105	0.01317	47.9117	0
9015	1.803	1.58232	1.6105	0.0131708	48.1306	0
9020	1.804	1.58232	1.6105	0.0131709	48.8756	0
9025	1.805	1.58232	1.6105	0.0131703	49.84	0
9030	1.806	1.5823	1.6105	0.0131692	50.8269	0
9035	1.807	1.58229	1.6105	0.0131679	51.6706	0
9040	1.808	1.58226	1.6105	0.0131666	52.3176	0
9045	1.809	1.58226	1.6105	0.0131656	52.7066	0
9050	1.81	1.58225	1.6105	0.013165	52.8306	0
9055	1.811	1.58225	1.6105	0.013165	52.6972	0
9060	1.812	1.58226	1.6105	0.0131655	52.3221	0
9065	1.813	1.58226	1.6105	0.0131666	51.7246	0
9070	1.814	1.58228	1.6105	0.0131681	50.9248	0
9075	1.815	1.5823	1.6105	0.0131698	49.9585	0
9080	1.816	1.58231	1.6105	0.0131717	48.8605	0
9085	1.817	1.58233	1.6105	0.0131733	47.9091	0
9090	1.818	1.58234	1.6105	0.0131744	47.9836	0
9095	1.819	1.58234	1.6105	0.0131747	48.6442	0
9100	1.82	1.58234	1.6105	0.0131744	49.6003	0
9105	1.821	1.58233	1.6105	0.0131734	50.5896	0
9110	1.822	1.58231	1.6105	0.0131722	51.4708	0
9115	1.823	1.5823	1.6105	0.013171	52.1674	0
9120	1.824	1.58229	1.6105	0.0131699	52.6113	0
9125	1.825	1.58228	1.6105	0.0131693	52.8022	0
9130	1.826	1.58228	1.6105	0.0131692	52.7213	0
9135	1.827	1.58229	1.6105	0.0131696	52.3834	0
9140	1.828	1.5823	1.6105	0.0131706	51.8304	0
9145	1.829	1.5823	1.6105	0.0131721	51.081	0
9150	1.83	1.58233	1.6105	0.0131738	50.1454	0
9155	1.831	1.58235	1.6105	0.0131756	49.0663	0
9160	1.832	1.58235	1.6105	0.0131773	47.8783	0
9165	1.833	1.58236	1.6105	0.0131785	47.783	0
9170	1.834	1.58237	1.6105	0.0131789	48.3754	0
9175	1.835	1.58236	1.6105	0.0131786	49.2954	0
9180	1.836	1.58235	1.6105	0.0131776	50.2971	0
9185	1.837	1.58234	1.6105	0.0131763	51.2316	0
9190	1.838	1.58231	1.6105	0.0131749	51.9674	0
9195	1.839	1.5823	1.6105	0.0131736	52.4792	0
9200	1.84	1.5823	1.6105	0.0131726	52.7167	0
9205	1.841	1.58229	1.6105	0.0131722	52.6927	0
9210	1.842	1.58229	1.6105	0.0131723	52.419	0
9215	1.843	1.5823	1.6105	0.0131729	51.9158	0
9220	1.844	1.58231	1.6105	0.013174	51.2057	0
9225	1.845	1.58231	1.6105	0.0131754	50.3077	0
9230	1.846	1.58233	1.6105	0.0131769	49.2699	0
9235	1.847	1.58233	1.6105	0.0131783	48.0908	0
9240	1.848	1.58236	1.6105	0.0131793	47.8198	0
9245	1.849	1.58235	1.6105	0.0131797	48.3013	0
9250	1.85	1.58235	1.6105	0.0131792	49.1718	0
9255	1.851	1.58233	1.6105	0.0131782	50.1664	0
9260	1.852	1.58232	1.6105	0.0131767	51.1216	0
9265	1.853	1.58229	1.6105	0.0131751	51.8943	0
9270	1.854	1.58228	1.6105	0.0131736	52.4515	0
9275	1.855	1.58227	1.6105	0.0131724	52.7374	0
9280	1.856	1.58226	1.6105	0.0131717	52.7725	0
9285	1.857	1.58226	1.6105	0.0131716	52.5428	0
9290	1.858	1.58227	1.6105	0.013172	52.0795	0
9295	1.859	1.58228	1.6105	0.013173	51.3951	0
9300	1.86	1.58229	1.6105	0.0131743	50.5374	0
9305	1.861	1.58231	1.6105	0.0131758	49.5134	0
9310	1.862	1.58232	1.6105	0.0131772	48.3705	0
9315	1.863	1.58232	1.6105	0.0131783	47.874	0
9320	1.864	1.58233	1.6105	0.0131788	48.2311	0
9325	1.865	1.58233	1.6105	0.0131786	49.0424	0
9330	1.866	1.58231	1.6105	0.0131776	50.0239	0
9335	1.867	1.5823	1.6105	0.0131763	50.996	0
9340	1.868	1.58228	1.6105	0.0131748	51.8039	0
9345	1.869	1.58227	1.6105	0.0131733	52.4061	0
9350	1.87	1.58226	1.6105	0.0131722	52.7408	0
9355	1.871	1.58225	1.6105	0.0131715	52.8246	0
9360	1.872	1.58225	1.6105	0.0131714	52.6412	0
9365	1.873	1.58225	1.6105	0.0131719	52.2201	0
9370	1.874	1.58227	1.6105	0.0131729	51.573	0
9375	1.875	1.58228	1.6105	0.0131743	50.7476	0
9380	1.876	1.5823	1.6105	0.0131759	49.7508	0
9385	1.877	1.5823	1.6105	0.0131775	48.615	0
9390	1.878	1.58233	1.6105	0.0131789	47.9114	0
9395	1.879	1.58232	1.6105	0.0131797	48.133	0
9400	1.88	1.58232	1.6105	0.0131798	48.8776	0
9405	1.881	1.58232	1.6105	0.0131792	49.8416	0
9410	1.882	1.5823	1.6105	0.0131781	50.814	0
9415	1.883	1.58229	1.6105	0.0131768	51.6736	0
9420	1.884	1.58229	1.6105	0.0131755	52.3088	0
9425	1.885	1.58226	1.6105	0.0131745	52.7067	0
9430	1.886	1.58226	1.6105	0.0131739	52.8305	0
9435	1.887	1.58226	1.6105	0.0131738	52.6969	0
9440	1.888	1.58226	1.6105	0.0131744	52.3216	0
9445	1.889	1.58227	1.6105	0.0131754	51.7155	0
9450	1.89	1.58228	1.6105	0.0131769	50.9275	0
9455	1.891	1.5823	1.6105	0.0131787	49.957	0
9460	1.892	1.58231	1.6105	0.0131805	48.8504	0
9465	1.893	1.58233	1.6105	0.0131822	47.908	0
9470	1.894	1.58234	1.6105	0.0131833	47.973	0
9475	1.895	1.58234	1.6105	0.0131836	48.6456	0
9480	1.896	1.58234	1.6105	0.0131833	49.59	0
9485	1.897	1.58234	1.6105	0.0131823	50.5892	0
9490	1.898	1.58231	1.6105	0.0131811	51.4703	0
9495	1.899	1.5823	1.6105	0.0131799	52.1695	0
9500	1.9	1.58229	1.6105	0.0131789	52.6102	0
9505	1.901	1.58228	1.6105	0.0131782	52.7897	0
9510	1.902	1.58228	1.6105	0.0131781	52.7096	0
9515	1.903	1.58229	1.6105	0.0131786	52.3837	0
9520	1.904	1.5823	1.6105	0.0131795	51.8332	0
9525	1.905	1.58231	1.6105	0.013181	51.0721	0
9530	1.906	1.58233	1.6105	0.0131827	50.136	0
9535	1.907	1.58235	1.6105	0.0131845	49.0687	0
9540	1.908	1.58236	1.6105	0.0131862	47.8662	0
9545	1.909	1.58237	1.6105	0.0131874	47.7867	0
9550	1.91	1.58238	1.6105	0.0131878	48.3672	0
9555	1.911	1.58237	1.6105	0.0131875	49.299	0
9560	1.912	1.58235	1.6105	0.0131865	50.3001	0
9565	1.913	1.58234	1.6105	0.0131852	51.2305	0
9570	1.914	1.58232	1.6105	0.0131837	51.9689	0
9575	1.915	1.58232	1.6105	0.0131824	52.4785	0
9580	1.916	1.58231	1.6105	0.0131815	52.7159	0
9585	1.917	1.58229	1.6105	0.013181	52.6917	0
9590	1.918	1.58229	1.6105	0.0131811	52.4179	0
9595	1.919	1.5823	1.6105	0.0131817	51.9145	0
9600	1.92	1.58231	1.6105	0.0131828	51.1949	0
9605	1.921	1.58232	1.6105	0.0131842	50.3088	0
9610	1.922	1.58233	1.6105	0.0131857	49.2566	0
9615	1.923	1.58235	1.6105	0.0131871	48.0934	0
9620	1.924	1.58236	1.6105	0.0131882	47.8107	0
9625	1.925	1.58236	1.6105	0.0131885	48.2908	0
9630	1.926	1.58235	1.6105	0.013188	49.1638	0
9635	1.927	1.58233	1.6105	0.013187	50.1701	0
9640	1.928	1.58232	1.6105	0.0131855	51.1097	0
9645	1.929	1.5823	1.6105	0.0131838	51.8972	0
9650	1.93	1.5823	1.6105	0.0131824	52.452	0
9655	1.931	1.58227	1.6105	0.0131812	52.7377	0
9660	1.932	1.58226	1.6105	0.0131805	52.7641	0
9665	1.933	1.58226	1.6105	0.0131804	52.5348	0
9670	1.934	1.58227	1.6105	0.0131808	52.0719	0
9675	1.935	1.58229	1.6105	0.0131817	51.3964	0
9680	1.936	1.58229	1.6105	0.013183	50.5289	0
9685	1.937	1.58231	1.6105	0.0131845	49.5167	0
9690	1.938	1.58232	1.6105	0.0131859	48.3592	0
9695	1.939	1.58232	1.6105	0.013187	47.8784	0
9700	1.94	1.58234	1.6105	0.0131875	48.2349	0
9705	1.941	1.58233	1.6105	0.0131872	49.0457	0
9710	1.942	1.58232	1.6105	0.0131863	50.0266	0
9715	1.943	1.58231	1.6105	0.013185	50.9946	0
9720	1.944	1.58228	1.6105	0.0131834	51.8052	0
9725	1.945	1.58227	1.6105	0.013182	52.4052	0
9730	1.946	1.58226	1.6105	0.0131808	52.7426	0
9735	1.947	1.58225	1.6105	0.0131802	52.8147	0
9740	1.948	1.58225	1.6105	0.0131801	52.6319	0
9745	1.949	1.58225	1.6105	0.0131805	52.2113	0
9750	1.95	1.58227	1.6105	0.0131815	51.5732	0
9755	1.951	1.58228	1.6105	0.0131829	50.7381	0
9760	1.952	1.5823	1.6105	0.0131845	49.7531	0
9765	1.953	1.58231	1.6105	0.0131862	48.6179	0
9770	1.954	1.58233	1.6105	0.0131875	47.9138	0
9775	1.955	1.58233	1.6105	0.0131883	48.1218	0
9780	1.956	1.58233	1.6105	0.0131884	48.8671	0
9785	1.957	1.58233	1.6105	0.0131878	49.8449	0
9790	1.958	1.5823	1.6105	0.0131867	50.8168	0
9795	1.959	1.58229	1.6105	0.0131854	51.6608	0
9800	1.96	1.58228	1.6105	0.0131841	52.3109	0
9805	1.961	1.58227	1.6105	0.0131831	52.6972	0
9810	1.962	1.58227	1.6105	0.0131825	52.8328	0
9815	1.963	1.58227	1.6105	0.0131824	52.6988	0
9820	1.964	1.58227	1.6105	0.013183	52.3118	0
9825	1.965	1.58228	1.6105	0.013184	51.7175	0
9830	1.966	1.58229	1.6105	0.0131856	50.9151	0
9835	1.967	1.58231	1.6105	0.0131873	49.9604	0
9840	1.968	1.58232	1.6105	0.0131891	48.8514	0
9845	1.969	1.58234	1.6105	0.0131908	47.8993	0
9850	1.97	1.58235	1.6105	0.0131919	47.976	0
9855	1.971	1.58235	1.6105	0.0131922	48.6453	0
9860	1.972	1.58234	1.6105	0.0131918	49.5924	0
9865	1.973	1.58233	1.6105	0.0131909	50.5799	0
9870	1.974	1.58232	1.6105	0.0131897	51.4737	0
9875	1.975	1.58231	1.6105	0.0131884	52.1584	0
9880	1.976	1.5823	1.6105	0.0131874	52.6129	0
9885	1.977	1.58228	1.6105	0.0131868	52.7919	0
9890	1.978	1.58228	1.6105	0.0131867	52.7114	0
9895	1.979	1.58228	1.6105	0.0131871	52.3851	0
9900	1.98	1.5823	1.6105	0.0131881	51.8231	0
9905	1.981	1.58231	1.6105	0.0131895	51.0719	0
9910	1.982	1.58233	1.6105	0.0131912	50.1375	0
9915	1.983	1.58235	1.6105	0.0131931	49.0558	0
9920	1.984	1.58236	1.6105	0.0131947	47.8681	0
9925	1.985	1.58237	1.6105	0.013196	47.7742	0
9930	1.986	1.58238	1.6105	0.0131964	48.3668	0
9935	1.987	1.58237	1.6105	0.0131961	49.2871	0
9940	1.988	1.58236	1.6105	0.0131951	50.303	0
9945	1.989	1.58235	1.6105	0.0131938	51.2216	0
9950	1.99	1.58232	1.6105	0.0131924	51.969	0
9955	1.991	1.58232	1.6105	0.0131911	52.4698	0
9960	1.992	1.58231	1.6105	0.0131901	52.7199	0
9965	1.993	1.5823	1.6105	0.0131897	52.6952	0
9970	1.994	1.5823	1.6105	0.0131898	52.4209	0
9975	1.995	1.58231	1.6105	0.0131904	51.9171	0
9980	1.996	1.58232	1.6105	0.0131915	51.1961	0
9985	1.997	1.58232	1.6105	0.0131929	50.3069	0
9990	1.998	1.58234	1.6105	0.0131944	49.2575	0
9995	1.999	1.58234	1.6105	0.0131958	48.0798	0
10000	2	1.58236	1.6105	0.0131969	47.8093	0
10005	2.001	1.58236	1.6105	0.0131972	48.2912	0
10010	2.002	1.58236	1.6105	0.0131968	49.162	0
10015	2.003	1.58234	1.6105	0.0131957	50.157	0
10020	2.004	1.58233	1.6105	0.0131942	51.1115	0
10025	2.005	1.5823	1.6105	0.0131926	51.8958	0
10030	2.006	1.5823	1.6105	0.0131911	52.4421	0
10035	2.007	1.58228	1.6105	0.0131899	52.7406	0
10040	2.008	1.58228	1.6105	0.0131892	52.7636	0
10045	2.009	1.58227	1.6105	0.0131891	52.5342	0
10050	2.01	1.58228	1.6105	0.0131895	52.0712	0
10055	2.011	1.58229	1.6105	0.0131905	51.386	0
10060	2.012	1.5823	1.6105	0.0131918	50.5305	0
10065	2.013	1.58232	1.6105	0.0131932	49.5038	0
10070	2.014	1.58233	1.6105	0.0131947	48.3612	0
10075	2.015	1.58233	1.6105	0.0131958	47.8659	0
10080	2.016	1.58235	1.6105	0.0131962	48.2232	0
10085	2.017	1.58234	1.6105	0.013196	49.0347	0
10090	2.018	1.58232	1.6105	0.013195	50.0304	0
10095	2.019	1.58231	1.6105	0.0131937	50.9865	0
10100	2.02	1.58229	1.6105	0.0131921	51.806	0
10105	2.021	1.58228	1.6105	0.0131907	52.3972	0
10110	2.022	1.58227	1.6105	0.0131896	52.7444	0
10115	2.023	1.58226	1.6105	0.0131889	52.8162	0
10120	2.024	1.58226	1.6105	0.0131888	52.633	0
10125	2.025	1.58226	1.6105	0.0131892	52.2121	0
10130	2.026	1.58228	1.6105	0.0131902	51.5765	0
10135	2.027	1.58229	1.6105	0.0131916	50.74	0
10140	2.028	1.58231	1.6105	0.0131933	49.7405	0
10145	2.029	1.58232	1.6105	0.0131949	48.6202	0
10150	2.03	1.58234	1.6105	0.0131963	47.9016	0
10155	2.031	1.58234	1.6105	0.0131971	48.1235	0
10160	2.032	1.58233	1.6105	0.0131971	48.8684	0
10165	2.033	1.58233	1.6105	0.0131965	49.8327	0
10170	2.034	1.58231	1.6105	0.0131954	50.8195	0
10175	2.035	1.5823	1.6105	0.0131941	51.6631	0
10180	2.036	1.58229	1.6105	0.0131928	52.31	0
10185	2.037	1.58228	1.6105	0.0131918	52.6989	0
10190	2.038	1.58228	1.6105	0.0131912	52.8229	0
10195	2.039	1.58227	1.6105	0.0131911	52.6894	0
10200	2.04	1.58227	1.6105	0.0131917	52.3143	0
10205	2.041	1.58228	1.6105	0.0131927	51.7167	0
10210	2.042	1.5823	1.6105	0.0131942	50.9169	0
10215	2.043	1.58232	1.6105	0.013196	49.9478	0
10220	2.044	1.58232	1.6105	0.0131978	48.8527	0
10225	2.045	1.58235	1.6105	0.0131994	47.8985	0
10230	2.046	1.58235	1.6105	0.0132005	47.975	0
10235	2.047	1.58235	1.6105	0.0132009	48.647	0
10240	2.048	1.58235	1.6105	0.0132005	49.5908	0
10245	2.049	1.58234	1.6105	0.0131996	50.5783	0
10250	2.05	1.58233	1.6105	0.0131984	51.4626	0
10255	2.051	1.58232	1.6105	0.0131971	52.1592	0
10260	2.052	1.58231	1.6105	0.0131961	52.6002	0
10265	2.053	1.58229	1.6105	0.0131955	52.7942	0
10270	2.054	1.58229	1.6105	0.0131953	52.7132	0
10275	2.055	1.58229	1.6105	0.0131958	52.3725	0
10280	2.056	1.58231	1.6105	0.0131968	51.8225	0
10285	2.057	1.58232	1.6105	0.0131982	51.073	0
10290	2.058	1.58234	1.6105	0.0131999	50.1365	0
10295	2.059	1.58236	1.6105	0.0132017	49.0574	0
10300	2.06	1.58237	1.6105	0.0132034	47.8676	0
10305	2.061	1.58237	1.6105	0.0132046	47.7753	0
10310	2.062	1.58239	1.6105	0.013205	48.3676	0
10315	2.063	1.58238	1.6105	0.0132047	49.2876	0
10320	2.064	1.58236	1.6105	0.0132037	50.2892	0
10325	2.065	1.58235	1.6105	0.0132024	51.2228	0
10330	2.066	1.58233	1.6105	0.013201	51.9585	0
10335	2.067	1.58233	1.6105	0.0131997	52.4685	0
10340	2.068	1.5823	1.6105	0.0131987	52.709	0
10345	2.069	1.5823	1.6105	0.0131983	52.6963	0
10350	2.07	1.5823	1.6105	0.0131983	52.4104	0
10355	2.071	1.58232	1.6105	0.013199	51.9072	0
10360	2.072	1.58232	1.6105	0.0132001	51.1961	0
10365	2.073	1.58233	1.6105	0.0132015	50.2982	0
10370	2.074	1.58234	1.6105	0.013203	49.2587	0
10375	2.075	1.58235	1.6105	0.0132044	48.0826	0
10380	2.076	1.58237	1.6105	0.0132054	47.8116	0
10385	2.077	1.58237	1.6105	0.0132058	48.2931	0
10390	2.078	1.58237	1.6105	0.0132053	49.1636	0
10395	2.079	1.58234	1.6105	0.0132043	50.1582	0
10400	2.08	1.58234	1.6105	0.0132028	51.1124	0
10405	2.081	1.58231	1.6105	0.0132011	51.8851	0
10410	2.082	1.58231	1.6105	0.0131996	52.4405	0
10415	2.083	1.58229	1.6105	0.0131985	52.7295	0
10420	2.084	1.58228	1.6105	0.0131978	52.7645	0
10425	2.085	1.58228	1.6105	0.0131976	52.5348	0
10430	2.086	1.58229	1.6105	0.0131981	52.0715	0
10435	2.087	1.5823	1.6105	0.013199	51.3871	0
10440	2.088	1.58231	1.6105	0.0132003	50.5284	0
10445	2.089	1.58233	1.6105	0.0132018	49.5044	0
10450	2.09	1.58233	1.6105	0.0132032	48.3597	0
10455	2.091	1.58233	1.6105	0.0132043	47.8662	0
10460	2.092	1.58235	1.6105	0.0132048	48.2233	0
10465	2.093	1.58233	1.6105	0.0132045	49.0345	0
10470	2.094	1.58233	1.6105	0.0132036	50.0159	0
10475	2.095	1.58232	1.6105	0.0132023	50.9871	0
10480	2.096	1.5823	1.6105	0.0132007	51.8063	0
10485	2.097	1.58229	1.6105	0.0131993	52.3945	0
10490	2.098	1.58227	1.6105	0.0131982	52.7436	0
10495	2.099	1.58226	1.6105	0.0131975	52.8152	0
10500	2.1	1.58226	1.6105	0.0131974	52.6319	0
10505	2.101	1.58226	1.6105	0.0131978	52.2108	0
10510	2.102	1.58229	1.6105	0.0131988	51.5639	0
10515	2.103	1.58229	1.6105	0.0132002	50.7376	0
10520	2.104	1.58232	1.6105	0.0132018	49.7408	0
10525	2.105	1.58232	1.6105	0.0132035	48.6184	0
10530	2.106	1.58234	1.6105	0.0132048	47.9017	0
10535	2.107	1.58234	1.6105	0.0132057	48.1233	0
10540	2.108	1.58234	1.6105	0.0132057	48.8681	0
10545	2.109	1.58234	1.6105	0.0132051	49.8322	0
10550	2.11	1.58232	1.6105	0.013204	50.8046	0
10555	2.111	1.58231	1.6105	0.0132027	51.6634	0
10560	2.112	1.58229	1.6105	0.0132014	52.2987	0
10565	2.113	1.58228	1.6105	0.0132004	52.6968	0
10570	2.114	1.58228	1.6105	0.0131998	52.8207	0
10575	2.115	1.58228	1.6105	0.0131997	52.6872	0
10580	2.116	1.58228	1.6105	0.0132003	52.312	0
10585	2.117	1.58229	1.6105	0.0132013	51.706	0
10590	2.118	1.5823	1.6105	0.0132028	50.9181	0
10595	2.119	1.58231	1.6105	0.0132046	49.9486	0
10600	2.12	1.58233	1.6105	0.0132064	48.842	0
10605	2.121	1.58235	1.6105	0.013208	47.8997	0
10610	2.122	1.58236	1.6105	0.0132091	47.9646	0
10615	2.123	1.58236	1.6105	0.0132095	48.6372	0
10620	2.124	1.58236	1.6105	0.0132091	49.5816	0
10625	2.125	1.58235	1.6105	0.0132082	50.5809	0
10630	2.126	1.58233	1.6105	0.013207	51.4619	0
10635	2.127	1.58232	1.6105	0.0132057	52.1612	0
10640	2.128	1.58231	1.6105	0.0132047	52.6018	0
10645	2.129	1.5823	1.6105	0.0132041	52.7813	0
10650	2.13	1.5823	1.6105	0.013204	52.7012	0
10655	2.131	1.5823	1.6105	0.0132044	52.3753	0
10660	2.132	1.58232	1.6105	0.0132054	51.8249	0
10665	2.133	1.58233	1.6105	0.0132068	51.0609	0
10670	2.134	1.58235	1.6105	0.0132085	50.1392	0
10675	2.135	1.58236	1.6105	0.0132103	49.0568	0
10680	2.136	1.58238	1.6105	0.013212	47.8574	0
10685	2.137	1.58238	1.6105	0.0132132	47.778	0
10690	2.138	1.5824	1.6105	0.0132136	48.3698	0
10695	2.139	1.58237	1.6105	0.0132133	49.2895	0
10700	2.14	1.58237	1.6105	0.0132123	50.2907	0
10705	2.141	1.58236	1.6105	0.013211	51.2211	0
10710	2.142	1.58234	1.6105	0.0132096	51.9596	0
10715	2.143	1.58234	1.6105	0.0132083	52.4692	0
10720	2.144	1.58231	1.6105	0.0132073	52.7067	0
10725	2.145	1.58231	1.6105	0.0132068	52.6826	0
10730	2.146	1.58231	1.6105	0.0132069	52.4089	0
10735	2.147	1.58232	1.6105	0.0132075	51.9056	0
10740	2.148	1.58233	1.6105	0.0132086	51.1972	0
10745	2.149	1.58234	1.6105	0.01321	50.2991	0
10750	2.15	1.58235	1.6105	0.0132115	49.247	0
10755	2.151	1.58236	1.6105	0.013213	48.0839	0
10760	2.152	1.58238	1.6105	0.013214	47.8097	0
10765	2.153	1.58238	1.6105	0.0132143	48.2798	0
10770	2.154	1.58238	1.6105	0.0132139	49.1624	0
10775	2.155	1.58235	1.6105	0.0132128	50.1597	0
10780	2.156	1.58234	1.6105	0.0132113	51.1108	0
10785	2.157	1.58232	1.6105	0.0132097	51.8863	0
10790	2.158	1.58232	1.6105	0.0132082	52.4413	0
10795	2.159	1.58229	1.6105	0.0132071	52.7272	0
10800	2.16	1.58229	1.6105	0.0132064	52.7537	0
10805	2.161	1.58228	1.6105	0.0132062	52.5247	0
10810	2.162	1.58229	1.6105	0.0132067	52.0591	0
10815	2.163	1.58231	1.6105	0.0132076	51.3867	0
10820	2.164	1.58231	1.6105	0.0132089	50.5194	0
10825	2.165	1.58232	1.6105	0.0132104	49.5044	0
10830	2.166	1.58234	1.6105	0.0132118	48.35	0
10835	2.167	1.58234	1.6105	0.0132129	47.8693	0
10840	2.168	1.58235	1.6105	0.0132134	48.2259	0
10845	2.169	1.58234	1.6105	0.0132131	49.0367	0
10850	2.17	1.58234	1.6105	0.0132122	50.0177	0
10855	2.171	1.58233	1.6105	0.0132108	50.9857	0
10860	2.172	1.58231	1.6105	0.0132093	51.7964	0
10865	2.173	1.5823	1.6105	0.0132078	52.3964	0
10870	2.174	1.58228	1.6105	0.0132067	52.731	0
10875	2.175	1.58227	1.6105	0.013206	52.8175	0
10880	2.176	1.58227	1.6105	0.0132059	52.6338	0
10885	2.177	1.58227	1.6105	0.0132064	52.2011	0
10890	2.178	1.58228	1.6105	0.0132074	51.5631	0
10895	2.179	1.5823	1.6105	0.0132088	50.7395	0
10900	2.18	1.58231	1.6105	0.0132104	49.7396	0
10905	2.181	1.58233	1.6105	0.013212	48.6076	0
10910	2.182	1.58235	1.6105	0.0132134	47.9037	0
10915	2.183	1.58235	1.6105	0.0132142	48.1109	0
10920	2.184	1.58235	1.6105	0.0132143	48.8564	0
10925	2.185	1.58235	1.6105	0.0132137	49.8353	0
10930	2.186	1.58233	1.6105	0.0132126	50.8073	0
10935	2.187	1.58232	1.6105	0.0132113	51.6628	0
10940	2.188	1.5823	1.6105	0.01321	52.3008	0
10945	2.189	1.58229	1.6105	0.013209	52.6872	0
10950	2.19	1.58229	1.6105	0.0132084	52.8229	0
10955	2.191	1.58229	1.6105	0.0132084	52.689	0
10960	2.192	1.58229	1.6105	0.0132089	52.3022	0
10965	2.193	1.5823	1.6105	0.01321	51.708	0
10970	2.194	1.58231	1.6105	0.0132115	50.9056	0
10975	2.195	1.58232	1.6105	0.0132132	49.951	0
10980	2.196	1.58234	1.6105	0.0132151	48.8412	0
10985	2.197	1.58236	1.6105	0.0132167	47.8902	0
10990	2.198	1.58237	1.6105	0.0132178	47.9642	0
10995	2.199	1.58237	1.6105	0.0132182	48.6366	0
11000	2.2	1.58237	1.6105	0.0132178	49.5808	0
11005	2.201	1.58236	1.6105	0.0132169	50.5714	0
11010	2.202	1.58234	1.6105	0.0132156	51.4643	0
11015	2.203	1.58233	1.6105	0.0132144	52.149	0
11020	2.204	1.58232	1.6105	0.0132134	52.6045	0
11025	2.205	1.58231	1.6105	0.0132127	52.7836	0
11030	2.206	1.58231	1.6105	0.0132126	52.703	0
11035	2.207	1.58231	1.6105	0.0132131	52.3768	0
11040	2.208	1.58233	1.6105	0.013214	51.8119	0
11045	2.209	1.58234	1.6105	0.0132155	51.0628	0
11050	2.21	1.58236	1.6105	0.0132172	50.1295	0
11055	2.211	1.58236	1.6105	0.013219	49.059	0
11060	2.212	1.58239	1.6105	0.0132206	47.8591	0
11065	2.213	1.58238	1.6105	0.0132219	47.7766	0
11070	2.214	1.5824	1.6105	0.0132223	48.357	0
11075	2.215	1.58238	1.6105	0.013222	49.2774	0
11080	2.216	1.58238	1.6105	0.013221	50.2935	0
11085	2.217	1.58237	1.6105	0.0132196	51.2121	0
11090	2.218	1.58234	1.6105	0.0132182	51.9596	0
11095	2.219	1.58234	1.6105	0.0132169	52.4605	0
11100	2.22	1.58232	1.6105	0.013216	52.7098	0
11105	2.221	1.58232	1.6105	0.0132155	52.6852	0
11110	2.222	1.58232	1.6105	0.0132156	52.411	0
11115	2.223	1.58232	1.6105	0.0132162	51.9073	0
11120	2.224	1.58234	1.6105	0.0132173	51.1874	0
11125	2.225	1.58235	1.6105	0.0132187	50.2982	0
11130	2.226	1.58236	1.6105	0.0132202	49.2488	0
11135	2.227	1.58237	1.6105	0.0132216	48.0825	0
11140	2.228	1.58239	1.6105	0.0132226	47.7998	0
11145	2.229	1.58239	1.6105	0.013223	48.2818	0
11150	2.23	1.58238	1.6105	0.0132225	49.1527	0
11155	2.231	1.58236	1.6105	0.0132214	50.159	0
11160	2.232	1.58235	1.6105	0.01322	51.1014	0
11165	2.233	1.58233	1.6105	0.0132183	51.8859	0
11170	2.234	1.58232	1.6105	0.0132168	52.4323	0
11175	2.235	1.5823	1.6105	0.0132157	52.7299	0
11180	2.236	1.58229	1.6105	0.013215	52.7532	0
11185	2.237	1.58229	1.6105	0.0132149	52.524	0
11190	2.238	1.5823	1.6105	0.0132153	52.0611	0
11195	2.239	1.5823	1.6105	0.0132162	51.3883	0
11200	2.24	1.58232	1.6105	0.0132175	50.5178	0
11205	2.241	1.58233	1.6105	0.013219	49.5056	0
11210	2.242	1.58235	1.6105	0.0132204	48.3509	0
11215	2.243	1.58235	1.6105	0.0132215	47.8671	0
11220	2.244	1.58235	1.6105	0.013222	48.2123	0
11225	2.245	1.58235	1.6105	0.0132218	49.0353	0
11230	2.246	1.58235	1.6105	0.0132208	50.019	0
11235	2.247	1.58234	1.6105	0.0132195	50.9754	0
11240	2.248	1.58231	1.6105	0.0132179	51.7951	0
11245	2.249	1.5823	1.6105	0.0132165	52.3978	0
11250	2.25	1.58229	1.6105	0.0132154	52.7321	0
11255	2.251	1.58228	1.6105	0.0132147	52.8042	0
11260	2.252	1.58228	1.6105	0.0132146	52.6213	0
11265	2.253	1.58228	1.6105	0.0132151	52.2006	0
11270	2.254	1.58229	1.6105	0.0132161	51.5653	0
11275	2.255	1.58231	1.6105	0.0132174	50.7272	0
11280	2.256	1.58232	1.6105	0.0132191	49.7421	0
11285	2.257	1.58234	1.6105	0.0132207	48.6098	0
11290	2.258	1.58236	1.6105	0.0132221	47.8914	0
11295	2.259	1.58236	1.6105	0.0132229	48.1134	0
11300	2.26	1.58236	1.6105	0.013223	48.8585	0
11305	2.261	1.58236	1.6105	0.0132223	49.8229	0
11310	2.262	1.58233	1.6105	0.0132212	50.8069	0
11315	2.263	1.58232	1.6105	0.0132199	51.6537	0
11320	2.264	1.58231	1.6105	0.0132186	52.3007	0
11325	2.265	1.5823	1.6105	0.0132176	52.6869	0
11330	2.266	1.5823	1.6105	0.013217	52.8139	0
11335	2.267	1.5823	1.6105	0.0132169	52.6805	0
11340	2.268	1.5823	1.6105	0.0132175	52.3026	0
11345	2.269	1.5823	1.6105	0.0132185	51.7082	0
11350	2.27	1.58232	1.6105	0.01322	50.9084	0
11355	2.271	1.58233	1.6105	0.0132218	49.9505	0
11360	2.272	1.58235	1.6105	0.0132236	48.8433	0
11365	2.273	1.58237	1.6105	0.0132252	47.8882	0
11370	2.274	1.58238	1.6105	0.0132263	47.9649	0
11375	2.275	1.58238	1.6105	0.0132267	48.637	0
11380	2.276	1.58237	1.6105	0.0132263	49.581	0
11385	2.277	1.58236	1.6105	0.0132254	50.5686	0
11390	2.278	1.58235	1.6105	0.0132242	51.4653	0
11395	2.279	1.58234	1.6105	0.0132229	52.1497	0
11400	2.28	1.58232	1.6105	0.0132219	52.6021	0
11405	2.281	1.58232	1.6105	0.0132212	52.7811	0
11410	2.282	1.58232	1.6105	0.0132211	52.7006	0
11415	2.283	1.58232	1.6105	0.0132216	52.3743	0
11420	2.284	1.58234	1.6105	0.0132225	51.8122	0
11425	2.285	1.58234	1.6105	0.013224	51.0629	0
11430	2.286	1.58236	1.6105	0.0132257	50.1256	0
11435	2.287	1.58237	1.6105	0.0132275	49.0467	0
11440	2.288	1.58239	1.6105	0.0132292	47.857	0
11445	2.289	1.58239	1.6105	0.0132304	47.7659	0
11450	2.29	1.58241	1.6105	0.0132308	48.3583	0
11455	2.291	1.58239	1.6105	0.0132305	49.2784	0
11460	2.292	1.58239	1.6105	0.0132295	50.2913	0
11465	2.293	1.58238	1.6105	0.0132282	51.2118	0
11470	2.294	1.58235	1.6105	0.0132268	51.9591	0
11475	2.295	1.58235	1.6105	0.0132255	52.4571	0
11480	2.296	1.58233	1.6105	0.0132246	52.6988	0
11485	2.297	1.58233	1.6105	0.0132241	52.6862	0
11490	2.298	1.58233	1.6105	0.0132242	52.4117	0
11495	2.299	1.58233	1.6105	0.0132248	51.8927	0
11500	2.3	1.58235	1.6105	0.0132259	51.185	0
11505	2.301	1.58236	1.6105	0.0132273	50.2873	0
11510	2.302	1.58237	1.6105	0.0132288	49.248	0
11515	2.303	1.58238	1.6105	0.0132302	48.0731	0
11520	2.304	1.5824	1.6105	0.0132313	47.8022	0
11525	2.305	1.58239	1.6105	0.0132316	48.2837	0
11530	2.306	1.58239	1.6105	0.0132312	49.1543	0
11535	2.307	1.58237	1.6105	0.0132301	50.149	0
11540	2.308	1.58236	1.6105	0.0132286	51.1004	0
11545	2.309	1.58234	1.6105	0.013227	51.8866	0
11550	2.31	1.58233	1.6105	0.0132255	52.4299	0
11555	2.311	1.58231	1.6105	0.0132243	52.7313	0
11560	2.312	1.5823	1.6105	0.0132236	52.7542	0
11565	2.313	1.5823	1.6105	0.0132235	52.5247	0
11570	2.314	1.58231	1.6105	0.0132239	52.0615	0
11575	2.315	1.58231	1.6105	0.0132249	51.3735	0
11580	2.316	1.58233	1.6105	0.0132262	50.518	0
11585	2.317	1.58234	1.6105	0.0132277	49.4943	0
11590	2.318	1.58236	1.6105	0.0132291	48.3497	0
11595	2.319	1.58236	1.6105	0.0132302	47.8572	0
11600	2.32	1.58237	1.6105	0.0132307	48.2144	0
11605	2.321	1.58236	1.6105	0.0132304	49.0257	0
11610	2.322	1.58236	1.6105	0.0132295	50.0184	0
11615	2.323	1.58235	1.6105	0.0132281	50.9764	0
11620	2.324	1.58232	1.6105	0.0132266	51.7959	0
11625	2.325	1.58231	1.6105	0.0132252	52.3842	0
11630	2.326	1.5823	1.6105	0.013224	52.7344	0
11635	2.327	1.58229	1.6105	0.0132234	52.8061	0
11640	2.328	1.58229	1.6105	0.0132233	52.6228	0
11645	2.329	1.58229	1.6105	0.0132237	52.2018	0
11650	2.33	1.5823	1.6105	0.0132247	51.5512	0
11655	2.331	1.58232	1.6105	0.0132261	50.728	0
11660	2.332	1.58233	1.6105	0.0132277	49.7314	0
11665	2.333	1.58235	1.6105	0.0132294	48.6091	0
11670	2.334	1.58236	1.6105	0.0132307	47.8933	0
11675	2.335	1.58237	1.6105	0.0132316	48.115	0
11680	2.336	1.58237	1.6105	0.0132316	48.8597	0
11685	2.337	1.58237	1.6105	0.013231	49.8238	0
11690	2.338	1.58234	1.6105	0.0132299	50.7963	0
11695	2.339	1.58233	1.6105	0.0132286	51.6522	0
11700	2.34	1.58232	1.6105	0.0132273	52.2896	0
11705	2.341	1.58231	1.6105	0.0132263	52.6877	0
11710	2.342	1.58231	1.6105	0.0132257	52.8117	0
11715	2.343	1.58231	1.6105	0.0132257	52.6783	0
11720	2.344	1.58231	1.6105	0.0132262	52.3031	0
11725	2.345	1.58231	1.6105	0.0132273	51.6971	0
11730	2.346	1.58233	1.6105	0.0132288	50.9074	0
11735	2.347	1.58234	1.6105	0.0132305	49.941	0
11740	2.348	1.58236	1.6105	0.0132323	48.8427	0
11745	2.349	1.58238	1.6105	0.013234	47.8912	0
11750	2.35	1.58239	1.6105	0.0132351	47.9552	0
11755	2.351	1.58238	1.6105	0.0132354	48.6279	0
11760	2.352	1.58238	1.6105	0.013235	49.5724	0
11765	2.353	1.58237	1.6105	0.0132341	50.5726	0
11770	2.354	1.58236	1.6105	0.0132329	51.4537	0
11775	2.355	1.58235	1.6105	0.0132316	52.1529	0
11780	2.356	1.58232	1.6105	0.0132306	52.5935	0
11785	2.357	1.58232	1.6105	0.0132299	52.773	0
11790	2.358	1.58232	1.6105	0.0132298	52.6929	0
11795	2.359	1.58232	1.6105	0.0132303	52.367	0
11800	2.36	1.58234	1.6105	0.0132312	51.8166	0
11805	2.361	1.58235	1.6105	0.0132326	51.0525	0
11810	2.362	1.58237	1.6105	0.0132344	50.1308	0
11815	2.363	1.58238	1.6105	0.0132362	49.0485	0
11820	2.364	1.5824	1.6105	0.0132378	47.8491	0
11825	2.365	1.5824	1.6105	0.013239	47.7697	0
11830	2.366	1.58241	1.6105	0.0132395	48.3577	0
11835	2.367	1.5824	1.6105	0.0132391	49.2814	0
11840	2.368	1.58239	1.6105	0.0132382	50.2826	0
11845	2.369	1.58238	1.6105	0.0132368	51.213	0
11850	2.37	1.58236	1.6105	0.0132354	51.9505	0
11855	2.371	1.58235	1.6105	0.0132341	52.4611	0
11860	2.372	1.58234	1.6105	0.0132331	52.6986	0
11865	2.373	1.58234	1.6105	0.0132327	52.6745	0
11870	2.374	1.58234	1.6105	0.0132328	52.4007	0
11875	2.375	1.58233	1.6105	0.0132334	51.8974	0
11880	2.376	1.58236	1.6105	0.0132345	51.1891	0
11885	2.377	1.58236	1.6105	0.0132359	50.288	0
11890	2.378	1.58237	1.6105	0.0132374	49.2503	0
11895	2.379	1.58238	1.6105	0.0132388	48.075	0
11900	2.38	1.5824	1.6105	0.0132398	47.7999	0
11905	2.381	1.5824	1.6105	0.0132402	48.2815	0
11910	2.382	1.5824	1.6105	0.0132397	49.152	0
11915	2.383	1.58238	1.6105	0.0132387	50.1504	0
11920	2.384	1.58237	1.6105	0.0132372	51.1015	0
11925	2.385	1.58234	1.6105	0.0132356	51.8742	0
11930	2.386	1.58233	1.6105	0.0132341	52.4324	0
11935	2.387	1.58232	1.6105	0.0132329	52.7183	0
11940	2.388	1.58231	1.6105	0.0132322	52.7533	0
11945	2.389	1.58231	1.6105	0.0132321	52.5237	0
11950	2.39	1.58232	1.6105	0.0132325	52.0491	0
11955	2.391	1.58232	1.6105	0.0132335	51.3768	0
11960	2.392	1.58234	1.6105	0.0132348	50.5209	0
11965	2.393	1.58235	1.6105	0.0132362	49.4939	0
11970	2.394	1.58237	1.6105	0.0132377	48.3397	0
11975	2.395	1.58237	1.6105	0.0132388	47.8591	0
11980	2.396	1.58236	1.6105	0.0132393	48.2121	0
11985	2.397	1.58236	1.6105	0.013239	49.0271	0
11990	2.398	1.58236	1.6105	0.0132381	50.0082	0
11995	2.399	1.58235	1.6105	0.0132367	50.9763	0
12000	2.4	1.58233	1.6105	0.0132352	51.7861	0
12005	2.401	1.58232	1.6105	0.0132338	52.3872	0
12010	2.402	1.58231	1.6105	0.0132326	52.7219	0
12015	2.403	1.5823	1.6105	0.013232	52.8056	0
12020	2.404	1.5823	1.6105	0.0132319	52.625	0
12025	2.405	1.5823	1.6105	0.0132323	52.2008	0
12030	2.406	1.58231	1.6105	0.0132333	51.5538	0
12035	2.407	1.58233	1.6105	0.0132347	50.7302	0
12040	2.408	1.58233	1.6105	0.0132363	49.7304	0
12045	2.409	1.58236	1.6105	0.013238	48.5985	0
12050	2.41	1.58236	1.6105	0.0132394	47.8909	0
12055	2.411	1.58238	1.6105	0.0132402	48.1126	0
12060	2.412	1.58237	1.6105	0.0132402	48.8459	0
12065	2.413	1.58237	1.6105	0.0132396	49.8222	0
12070	2.414	1.58235	1.6105	0.0132385	50.7983	0
12075	2.415	1.58234	1.6105	0.0132372	51.6539	0
12080	2.416	1.58233	1.6105	0.0132359	52.2891	0
12085	2.417	1.58232	1.6105	0.0132349	52.6898	0
12090	2.418	1.58232	1.6105	0.0132343	52.8134	0
12095	2.419	1.58232	1.6105	0.0132342	52.6796	0
12100	2.42	1.58231	1.6105	0.0132348	52.3042	0
12105	2.421	1.58231	1.6105	0.0132358	51.6951	0
12110	2.422	1.58233	1.6105	0.0132373	50.9072	0
12115	2.423	1.58234	1.6105	0.0132391	49.9405	0
12120	2.424	1.58236	1.6105	0.0132409	48.8299	0
12125	2.425	1.58239	1.6105	0.0132425	47.8905	0
12130	2.426	1.58239	1.6105	0.0132436	47.9534	0
12135	2.427	1.58239	1.6105	0.013244	48.626	0
12140	2.428	1.58239	1.6105	0.0132436	49.5704	0
12145	2.429	1.58238	1.6105	0.0132427	50.5716	0
12150	2.43	1.58237	1.6105	0.0132415	51.4525	0
12155	2.431	1.58236	1.6105	0.0132402	52.1488	0
12160	2.432	1.58233	1.6105	0.0132392	52.5895	0
12165	2.433	1.58233	1.6105	0.0132386	52.7729	0
12170	2.434	1.58233	1.6105	0.0132384	52.6925	0
12175	2.435	1.58233	1.6105	0.0132389	52.3665	0
12180	2.436	1.58235	1.6105	0.0132399	51.8121	0
12185	2.437	1.58236	1.6105	0.0132413	51.0511	0
12190	2.438	1.58238	1.6105	0.013243	50.1161	0
12195	2.439	1.58239	1.6105	0.0132448	49.0488	0
12200	2.44	1.58241	1.6105	0.0132465	47.8463	0
12205	2.441	1.58241	1.6105	0.0132477	47.7669	0
12210	2.442	1.58241	1.6105	0.0132481	48.3465	0
12215	2.443	1.5824	1.6105	0.0132478	49.2794	0
12220	2.444	1.5824	1.6105	0.0132468	50.2805	0
12225	2.445	1.58239	1.6105	0.0132455	51.2023	0
12230	2.446	1.58237	1.6105	0.0132441	51.9499	0
12235	2.447	1.58237	1.6105	0.0132428	52.4613	0
12240	2.448	1.58234	1.6105	0.0132418	52.6985	0
12245	2.449	1.58234	1.6105	0.0132414	52.6742	0
12250	2.45	1.58234	1.6105	0.0132414	52.4002	0
12255	2.451	1.58234	1.6105	0.0132421	51.8968	0
12260	2.452	1.58236	1.6105	0.0132431	51.1751	0
12265	2.453	1.58237	1.6105	0.0132445	50.2891	0
12270	2.454	1.58238	1.6105	0.0132461	49.2397	0
12275	2.455	1.58239	1.6105	0.0132475	48.0735	0
12280	2.456	1.58241	1.6105	0.0132485	47.7899	0
12285	2.457	1.58241	1.6105	0.0132488	48.272	0
12290	2.458	1.58241	1.6105	0.0132484	49.143	0
12295	2.459	1.58239	1.6105	0.0132473	50.1504	0
12300	2.46	1.58237	1.6105	0.0132458	51.0928	0
12305	2.461	1.58235	1.6105	0.0132442	51.8773	0
12310	2.462	1.58234	1.6105	0.0132427	52.4341	0
12315	2.463	1.58233	1.6105	0.0132415	52.7196	0
12320	2.464	1.58232	1.6105	0.0132408	52.743	0
12325	2.465	1.58232	1.6105	0.0132407	52.514	0
12330	2.466	1.58233	1.6105	0.0132411	52.0512	0
12335	2.467	1.58232	1.6105	0.013242	51.3786	0
12340	2.468	1.58235	1.6105	0.0132433	50.5091	0
12345	2.469	1.58235	1.6105	0.0132448	49.4969	0
12350	2.47	1.58237	1.6105	0.0132462	48.3423	0
12355	2.471	1.58237	1.6105	0.0132473	47.8584	0
12360	2.472	1.58237	1.6105	0.0132478	48.215	0
12365	2.473	1.58237	1.6105	0.0132475	49.0258	0
12370	2.474	1.58237	1.6105	0.0132466	50.0068	0
12375	2.475	1.58235	1.6105	0.0132452	50.9776	0
12380	2.476	1.58234	1.6105	0.0132437	51.7852	0
12385	2.477	1.58231	1.6105	0.0132423	52.3871	0
12390	2.478	1.58231	1.6105	0.0132411	52.7216	0
12395	2.479	1.5823	1.6105	0.0132405	52.7938	0
12400	2.48	1.5823	1.6105	0.0132404	52.6111	0
12405	2.481	1.5823	1.6105	0.0132408	52.1906	0
12410	2.482	1.58231	1.6105	0.0132418	51.5554	0
12415	2.483	1.58233	1.6105	0.0132432	50.7183	0
12420	2.484	1.58234	1.6105	0.0132448	49.7333	0
12425	2.485	1.58236	1.6105	0.0132465	48.5982	0
12430	2.486	1.58236	1.6105	0.0132478	47.8942	0
12435	2.487	1.58238	1.6105	0.0132486	48.1031	0
12440	2.488	1.58238	1.6105	0.0132487	48.8483	0
12445	2.489	1.58237	1.6105	0.0132481	49.8251	0
12450	2.49	1.58236	1.6105	0.013247	50.797	0
12455	2.491	1.58235	1.6105	0.0132457	51.6439	0
12460	2.492	1.58233	1.6105	0.0132444	52.291	0
12465	2.493	1.58232	1.6105	0.0132433	52.6773	0
12470	2.494	1.58231	1.6105	0.0132428	52.8148	0
12475	2.495	1.58231	1.6105	0.0132427	52.6807	0
12480	2.496	1.58232	1.6105	0.0132432	52.2917	0
12485	2.497	1.58232	1.6105	0.0132443	51.6975	0
12490	2.498	1.58234	1.6105	0.0132458	50.8979	0
12495	2.499	1.58235	1.6105	0.0132476	49.9403	0
12500	2.5	1.58237	1.6105	0.0132494	48.8323	0
12505	2.501	1.58238	1.6105	0.013251	47.8793	0
12510	2.502	1.5824	1.6105	0.0132521	47.956	0
12515	2.503	1.5824	1.6105	0.0132525	48.6282	0
12520	2.504	1.5824	1.6105	0.0132521	49.5722	0
12525	2.505	1.58239	1.6105	0.0132512	50.5598	0
12530	2.506	1.58237	1.6105	0.01325	51.4546	0
12535	2.507	1.58236	1.6105	0.0132488	52.1392	0
12540	2.508	1.58234	1.6105	0.0132477	52.5928	0
12545	2.509	1.58234	1.6105	0.0132471	52.7719	0
12550	2.51	1.58234	1.6105	0.013247	52.6914	0
12555	2.511	1.58234	1.6105	0.0132474	52.3652	0
12560	2.512	1.58236	1.6105	0.0132484	51.8022	0
12565	2.513	1.58237	1.6105	0.0132498	51.053	0
12570	2.514	1.58239	1.6105	0.0132516	50.1177	0
12575	2.515	1.5824	1.6105	0.0132534	49.0388	0
12580	2.516	1.58242	1.6105	0.0132551	47.8473	0
12585	2.517	1.58242	1.6105	0.0132563	47.7563	0
12590	2.518	1.58242	1.6105	0.0132567	48.3487	0
12595	2.519	1.58241	1.6105	0.0132564	49.2689	0
12600	2.52	1.58241	1.6105	0.0132554	50.2819	0
12605	2.521	1.58239	1.6105	0.0132541	51.2006	0
12610	2.522	1.58238	1.6105	0.0132526	51.9519	0
12615	2.523	1.58237	1.6105	0.0132513	52.4497	0
12620	2.524	1.58235	1.6105	0.0132504	52.6989	0
12625	2.525	1.58235	1.6105	0.0132499	52.6762	0
12630	2.526	1.58235	1.6105	0.01325	52.4019	0
12635	2.527	1.58235	1.6105	0.0132506	51.8962	0
12640	2.528	1.58237	1.6105	0.0132517	51.1762	0
12645	2.529	1.58237	1.6105	0.0132531	50.2899	0
12650	2.53	1.58239	1.6105	0.0132546	49.2365	0
12655	2.531	1.5824	1.6105	0.013256	48.0619	0
12660	2.532	1.58242	1.6105	0.0132571	47.7912	0
12665	2.533	1.58242	1.6105	0.0132574	48.2711	0
12670	2.534	1.58241	1.6105	0.013257	49.1439	0
12675	2.535	1.58239	1.6105	0.0132559	50.15	0
12680	2.536	1.58238	1.6105	0.0132544	51.0894	0
12685	2.537	1.58236	1.6105	0.0132528	51.8777	0
12690	2.538	1.58235	1.6105	0.0132513	52.4211	0
12695	2.539	1.58234	1.6105	0.0132501	52.7187	0
12700	2.54	1.58233	1.6105	0.0132495	52.7439	0
12705	2.541	1.58233	1.6105	0.0132493	52.5145	0
12710	2.542	1.58233	1.6105	0.0132498	52.0515	0
12715	2.543	1.58233	1.6105	0.0132507	51.3768	0
12720	2.544	1.58235	1.6105	0.013252	50.5091	0
12725	2.545	1.58236	1.6105	0.0132535	49.4854	0
12730	2.546	1.58238	1.6105	0.0132549	48.339	0
12735	2.547	1.58238	1.6105	0.013256	47.8467	0
12740	2.548	1.58238	1.6105	0.0132565	48.204	0
12745	2.549	1.58238	1.6105	0.0132562	49.0155	0
12750	2.55	1.58238	1.6105	0.0132553	50.0084	0
12755	2.551	1.58236	1.6105	0.013254	50.9646	0
12760	2.552	1.58235	1.6105	0.0132524	51.7881	0
12765	2.553	1.58232	1.6105	0.013251	52.3764	0
12770	2.554	1.58232	1.6105	0.0132498	52.7247	0
12775	2.555	1.58231	1.6105	0.0132492	52.7965	0
12780	2.556	1.58231	1.6105	0.013249	52.6133	0
12785	2.557	1.58231	1.6105	0.0132495	52.1924	0
12790	2.558	1.58232	1.6105	0.0132505	51.555	0
12795	2.559	1.58234	1.6105	0.0132519	50.7196	0
12800	2.56	1.58235	1.6105	0.0132535	49.723	0
12805	2.561	1.58237	1.6105	0.0132551	48.5988	0
12810	2.562	1.58237	1.6105	0.0132565	47.8832	0
12815	2.563	1.58239	1.6105	0.0132573	48.105	0
12820	2.564	1.58239	1.6105	0.0132574	48.848	0
12825	2.565	1.58238	1.6105	0.0132568	49.8142	0
12830	2.566	1.58237	1.6105	0.0132557	50.7981	0
12835	2.567	1.58236	1.6105	0.0132543	51.6419	0
12840	2.568	1.58233	1.6105	0.013253	52.2927	0
12845	2.569	1.58233	1.6105	0.013252	52.6786	0
12850	2.57	1.58233	1.6105	0.0132514	52.8026	0
12855	2.571	1.58233	1.6105	0.0132514	52.6692	0
12860	2.572	1.58233	1.6105	0.0132519	52.2941	0
12865	2.573	1.58233	1.6105	0.013253	51.6995	0
12870	2.574	1.58235	1.6105	0.0132545	50.8958	0
12875	2.575	1.58236	1.6105	0.0132563	49.9296	0
12880	2.576	1.58238	1.6105	0.0132581	48.8326	0
12885	2.577	1.58239	1.6105	0.0132597	47.8812	0
12890	2.578	1.58241	1.6105	0.0132608	47.9576	0
12895	2.579	1.58241	1.6105	0.0132611	48.6266	0
12900	2.58	1.58241	1.6105	0.0132608	49.5734	0
12905	2.581	1.58238	1.6105	0.0132599	50.5607	0
12910	2.582	1.58238	1.6105	0.0132586	51.442	0
12915	2.583	1.58237	1.6105	0.0132574	52.1387	0
12920	2.584	1.58235	1.6105	0.0132564	52.5817	0
12925	2.585	1.58235	1.6105	0.0132557	52.7727	0
12930	2.586	1.58235	1.6105	0.0132556	52.692	0
12935	2.587	1.58235	1.6105	0.0132561	52.3542	0
12940	2.588	1.58237	1.6105	0.013257	51.8041	0
12945	2.589	1.58238	1.6105	0.0132585	51.0527	0
12950	2.59	1.5824	1.6105	0.0132602	50.1191	0
12955	2.591	1.58241	1.6105	0.013262	49.0361	0
12960	2.592	1.58242	1.6105	0.0132637	47.8483	0
12965	2.593	1.58242	1.6105	0.0132649	47.7551	0
12970	2.594	1.58243	1.6105	0.0132654	48.3475	0
12975	2.595	1.58242	1.6105	0.013265	49.2675	0
12980	2.596	1.58242	1.6105	0.0132641	50.271	0
12985	2.597	1.5824	1.6105	0.0132627	51.2017	0
12990	2.598	1.58239	1.6105	0.0132613	51.9376	0
12995	2.599	1.58238	1.6105	0.01326	52.4514	0
13000	2.6	1.58236	1.6105	0.0132591	52.6889	0
13005	2.601	1.58236	1.6105	0.0132586	52.6649	0
13010	2.602	1.58236	1.6105	0.0132587	52.3913	0
13015	2.603	1.58236	1.6105	0.0132593	51.888	0
13020	2.604	1.58238	1.6105	0.0132604	51.1798	0
13025	2.605	1.58239	1.6105	0.0132618	50.2779	0
13030	2.606	1.5824	1.6105	0.0132633	49.2403	0
13035	2.607	1.58241	1.6105	0.0132647	48.0632	0
13040	2.608	1.58242	1.6105	0.0132658	47.7922	0
13045	2.609	1.58243	1.6105	0.0132661	48.2737	0
13050	2.61	1.58241	1.6105	0.0132657	49.1442	0
13055	2.611	1.5824	1.6105	0.0132646	50.1407	0
13060	2.612	1.58239	1.6105	0.0132631	51.0919	0
13065	2.613	1.58237	1.6105	0.0132615	51.8647	0
13070	2.614	1.58236	1.6105	0.01326	52.4239	0
13075	2.615	1.58234	1.6105	0.0132588	52.7098	0
13080	2.616	1.58233	1.6105	0.0132581	52.7449	0
13085	2.617	1.58233	1.6105	0.013258	52.5152	0
13090	2.618	1.58234	1.6105	0.0132584	52.0519	0
13095	2.619	1.58234	1.6105	0.0132594	51.3675	0
13100	2.62	1.58236	1.6105	0.0132607	50.5117	0
13105	2.621	1.58237	1.6105	0.0132621	49.4838	0
13110	2.622	1.58239	1.6105	0.0132636	48.341	0
13115	2.623	1.58239	1.6105	0.0132647	47.8465	0
13120	2.624	1.58239	1.6105	0.0132652	48.2036	0
13125	2.625	1.58239	1.6105	0.0132649	49.0149	0
13130	2.626	1.58239	1.6105	0.013264	49.9982	0
13135	2.627	1.58236	1.6105	0.0132626	50.9663	0
13140	2.628	1.58235	1.6105	0.0132611	51.7867	0
13145	2.629	1.58233	1.6105	0.0132597	52.3776	0
13150	2.63	1.58233	1.6105	0.0132585	52.7237	0
13155	2.631	1.58232	1.6105	0.0132579	52.7954	0
13160	2.632	1.58232	1.6105	0.0132578	52.6121	0
13165	2.633	1.58232	1.6105	0.0132582	52.191	0
13170	2.634	1.58233	1.6105	0.0132592	51.5441	0
13175	2.635	1.58235	1.6105	0.0132606	50.7207	0
13180	2.636	1.58236	1.6105	0.0132623	49.72	0
13185	2.637	1.58238	1.6105	0.0132639	48.5883	0
13190	2.638	1.58239	1.6105	0.0132653	47.8827	0
13195	2.639	1.5824	1.6105	0.0132661	48.1044	0
13200	2.64	1.5824	1.6105	0.0132661	48.8491	0
13205	2.641	1.58239	1.6105	0.0132655	49.8131	0
13210	2.642	1.58237	1.6105	0.0132644	50.7874	0
13215	2.643	1.58236	1.6105	0.0132631	51.6431	0
13220	2.644	1.58235	1.6105	0.0132618	52.2785	0
13225	2.645	1.58234	1.6105	0.0132608	52.6804	0
13230	2.646	1.58234	1.6105	0.0132602	52.8041	0
13235	2.647	1.58234	1.6105	0.0132602	52.6704	0
13240	2.648	1.58234	1.6105	0.0132607	52.295	0
13245	2.649	1.58235	1.6105	0.0132618	51.685	0
13250	2.65	1.58236	1.6105	0.0132633	50.8973	0
13255	2.651	1.58237	1.6105	0.013265	49.9289	0
13260	2.652	1.58239	1.6105	0.0132669	48.8223	0
13265	2.653	1.5824	1.6105	0.0132685	47.879	0
13270	2.654	1.58242	1.6105	0.0132696	47.9441	0
13275	2.655	1.58242	1.6105	0.0132699	48.6168	0
13280	2.656	1.58241	1.6105	0.0132696	49.5612	0
13285	2.657	1.58239	1.6105	0.0132686	50.5606	0
13290	2.658	1.58239	1.6105	0.0132674	51.4455	0
13295	2.659	1.58238	1.6105	0.0132661	52.1416	0
13300	2.66	1.58236	1.6105	0.0132651	52.5823	0
13305	2.661	1.58236	1.6105	0.0132645	52.7636	0
13310	2.662	1.58235	1.6105	0.0132643	52.6834	0
13315	2.663	1.58235	1.6105	0.0132648	52.3555	0
13320	2.664	1.58236	1.6105	0.0132658	51.8051	0
13325	2.665	1.58238	1.6105	0.0132672	51.0439	0
13330	2.666	1.5824	1.6105	0.0132689	50.1183	0
13335	2.667	1.58241	1.6105	0.0132707	49.0389	0
13340	2.668	1.58243	1.6105	0.0132723	47.8366	0
13345	2.669	1.58243	1.6105	0.0132736	47.7573	0
13350	2.67	1.58244	1.6105	0.013274	48.3492	0
13355	2.671	1.58243	1.6105	0.0132736	49.2689	0
13360	2.672	1.58243	1.6105	0.0132727	50.2702	0
13365	2.673	1.5824	1.6105	0.0132713	51.2035	0
13370	2.674	1.58239	1.6105	0.0132699	51.939	0
13375	2.675	1.58237	1.6105	0.0132686	52.4488	0
13380	2.676	1.58237	1.6105	0.0132677	52.6901	0
13385	2.677	1.58237	1.6105	0.0132672	52.6658	0
13390	2.678	1.58237	1.6105	0.0132673	52.3918	0
13395	2.679	1.58237	1.6105	0.0132679	51.8883	0
13400	2.68	1.58239	1.6105	0.013269	51.1761	0
13405	2.681	1.58239	1.6105	0.0132704	50.2781	0
13410	2.682	1.58241	1.6105	0.0132719	49.2261	0
13415	2.683	1.58242	1.6105	0.0132733	48.0631	0
13420	2.684	1.58242	1.6105	0.0132743	47.7806	0
13425	2.685	1.58244	1.6105	0.0132746	48.2628	0
13430	2.686	1.58242	1.6105	0.0132742	49.1452	0
13435	2.687	1.58241	1.6105	0.0132731	50.1395	0
13440	2.688	1.5824	1.6105	0.0132716	51.0934	0
13445	2.689	1.58238	1.6105	0.01327	51.8659	0
13450	2.69	1.58235	1.6105	0.0132685	52.421	0
13455	2.691	1.58235	1.6105	0.0132673	52.7107	0
13460	2.692	1.58234	1.6105	0.0132666	52.7342	0
13465	2.693	1.58234	1.6105	0.0132665	52.5051	0
13470	2.694	1.58234	1.6105	0.0132669	52.0424	0
13475	2.695	1.58235	1.6105	0.0132678	51.3698	0
13480	2.696	1.58237	1.6105	0.0132691	50.4985	0
13485	2.697	1.58238	1.6105	0.0132706	49.4865	0
13490	2.698	1.58239	1.6105	0.013272	48.3292	0
13495	2.699	1.5824	1.6105	0.0132731	47.8486	0
13500	2.7	1.5824	1.6105	0.0132736	48.2053	0
13505	2.701	1.5824	1.6105	0.0132733	49.0162	0
13510	2.702	1.5824	1.6105	0.0132724	49.9973	0
13515	2.703	1.58237	1.6105	0.0132711	50.9681	0
13520	2.704	1.58236	1.6105	0.0132695	51.7759	0
13525	2.705	1.58234	1.6105	0.0132681	52.3797	0
13530	2.706	1.58234	1.6105	0.0132669	52.7141	0
13535	2.707	1.58233	1.6105	0.0132663	52.7976	0
13540	2.708	1.58233	1.6105	0.0132662	52.6139	0
13545	2.709	1.58233	1.6105	0.0132666	52.1812	0
13550	2.71	1.58234	1.6105	0.0132676	51.5462	0
13555	2.711	1.58236	1.6105	0.013269	50.7186	0
13560	2.712	1.58237	1.6105	0.0132706	49.7216	0
13565	2.713	1.58239	1.6105	0.0132723	48.5868	0
13570	2.714	1.58239	1.6105	0.0132737	47.883	0
13575	2.715	1.5824	1.6105	0.0132745	48.0931	0
13580	2.716	1.58241	1.6105	0.0132746	48.8384	0
13585	2.717	1.58239	1.6105	0.0132739	49.8144	0
13590	2.718	1.58238	1.6105	0.0132728	50.7865	0
13595	2.719	1.58236	1.6105	0.0132715	51.6449	0
13600	2.72	1.58235	1.6105	0.0132702	52.2799	0
13605	2.721	1.58235	1.6105	0.0132692	52.6664	0
13610	2.722	1.58233	1.6105	0.0132686	52.8023	0
13615	2.723	1.58233	1.6105	0.0132686	52.6685	0
13620	2.724	1.58235	1.6105	0.0132691	52.2817	0
13625	2.725	1.58235	1.6105	0.0132702	51.6876	0
13630	2.726	1.58237	1.6105	0.0132717	50.8995	0
13635	2.727	1.58238	1.6105	0.0132735	49.9297	0
13640	2.728	1.5824	1.6105	0.0132753	48.8229	0
13645	2.729	1.58241	1.6105	0.0132769	47.8803	0
13650	2.73	1.58243	1.6105	0.013278	47.945	0
13655	2.731	1.58243	1.6105	0.0132784	48.6174	0
13660	2.732	1.58242	1.6105	0.013278	49.5616	0
13665	2.733	1.5824	1.6105	0.0132771	50.5494	0
13670	2.734	1.5824	1.6105	0.0132759	51.4425	0
13675	2.735	1.58239	1.6105	0.0132746	52.1302	0
13680	2.736	1.58237	1.6105	0.0132736	52.5828	0
13685	2.737	1.58236	1.6105	0.013273	52.7621	0
13690	2.738	1.58236	1.6105	0.0132728	52.6817	0
13695	2.739	1.58236	1.6105	0.0132733	52.3556	0
13700	2.74	1.58237	1.6105	0.0132743	51.805	0
13705	2.741	1.58239	1.6105	0.0132757	51.0408	0
13710	2.742	1.5824	1.6105	0.0132774	50.1077	0
13715	2.743	1.58242	1.6105	0.0132792	49.0383	0
13720	2.744	1.58244	1.6105	0.0132809	47.8386	0
13725	2.745	1.58244	1.6105	0.0132821	47.759	0
13730	2.746	1.58245	1.6105	0.0132825	48.3393	0
13735	2.747	1.58244	1.6105	0.0132822	49.2595	0
13740	2.748	1.58244	1.6105	0.0132812	50.2727	0
13745	2.749	1.58241	1.6105	0.0132799	51.1914	0
13750	2.75	1.5824	1.6105	0.0132785	51.9409	0
13755	2.751	1.58238	1.6105	0.0132772	52.4389	0
13760	2.752	1.58238	1.6105	0.0132762	52.6883	0
13765	2.753	1.58238	1.6105	0.0132758	52.6639	0
13770	2.754	1.58238	1.6105	0.0132758	52.3899	0
13775	2.755	1.58238	1.6105	0.0132765	51.8863	0
13780	2.756	1.5824	1.6105	0.0132775	51.1665	0
13785	2.757	1.5824	1.6105	0.013279	50.2803	0
13790	2.758	1.58242	1.6105	0.0132805	49.2289	0
13795	2.759	1.58242	1.6105	0.0132819	48.0655	0
13800	2.76	1.58243	1.6105	0.013283	47.7788	0
13805	2.761	1.58244	1.6105	0.0132833	48.2609	0
13810	2.762	1.58243	1.6105	0.0132829	49.132	0
13815	2.763	1.58242	1.6105	0.0132818	50.1422	0
13820	2.764	1.5824	1.6105	0.0132803	51.0815	0
13825	2.765	1.58239	1.6105	0.0132787	51.8679	0
13830	2.766	1.58236	1.6105	0.0132772	52.4114	0
13835	2.767	1.58236	1.6105	0.013276	52.7091	0
13840	2.768	1.58235	1.6105	0.0132754	52.7353	0
13845	2.769	1.58235	1.6105	0.0132752	52.506	0
13850	2.77	1.58236	1.6105	0.0132757	52.0401	0
13855	2.771	1.58236	1.6105	0.0132766	51.3675	0
13860	2.772	1.58238	1.6105	0.0132779	50.4999	0
13865	2.773	1.58239	1.6105	0.0132794	49.4857	0
13870	2.774	1.58241	1.6105	0.0132808	48.3311	0
13875	2.775	1.58241	1.6105	0.0132819	47.8501	0
13880	2.776	1.58241	1.6105	0.0132824	48.1952	0
13885	2.777	1.58241	1.6105	0.0132822	49.018	0
13890	2.778	1.5824	1.6105	0.0132812	49.9987	0
13895	2.779	1.58238	1.6105	0.0132799	50.9551	0
13900	2.78	1.58237	1.6105	0.0132784	51.7768	0
13905	2.781	1.58235	1.6105	0.0132769	52.3653	0
13910	2.782	1.58235	1.6105	0.0132758	52.7119	0
13915	2.783	1.58234	1.6105	0.0132752	52.7869	0
13920	2.784	1.58234	1.6105	0.013275	52.6038	0
13925	2.785	1.58234	1.6105	0.0132755	52.1802	0
13930	2.786	1.58235	1.6105	0.0132765	51.545	0
13935	2.787	1.58237	1.6105	0.0132779	50.7097	0
13940	2.788	1.58238	1.6105	0.0132795	49.7226	0
13945	2.789	1.5824	1.6105	0.0132812	48.5903	0
13950	2.79	1.5824	1.6105	0.0132826	47.8747	0
13955	2.791	1.58242	1.6105	0.0132834	48.0928	0
13960	2.792	1.58241	1.6105	0.0132835	48.8379	0
13965	2.793	1.5824	1.6105	0.0132828	49.8024	0
13970	2.794	1.58239	1.6105	0.0132817	50.7903	0
13975	2.795	1.58238	1.6105	0.0132804	51.6341	0
13980	2.796	1.58237	1.6105	0.0132791	52.2829	0
13985	2.797	1.58236	1.6105	0.0132781	52.6689	0
13990	2.798	1.58236	1.6105	0.0132775	52.7931	0
13995	2.799	1.58236	1.6105	0.0132775	52.6598	0
14000	2.8	1.58236	1.6105	0.013278	52.2848	0
14005	2.801	1.58236	1.6105	0.0132791	51.6902	0
14010	2.802	1.58238	1.6105	0.0132805	50.8885	0
14015	2.803	1.58238	1.6105	0.0132823	49.9222	0
14020	2.804	1.5824	1.6105	0.0132841	48.8232	0
14025	2.805	1.58241	1.6105	0.0132857	47.8719	0
14030	2.806	1.58243	1.6105	0.0132868	47.9456	0
14035	2.807	1.58243	1.6105	0.0132872	48.6177	0
14040	2.808	1.58243	1.6105	0.0132868	49.5616	0
14045	2.809	1.58241	1.6105	0.0132859	50.552	0
14050	2.81	1.58241	1.6105	0.0132846	51.4447	0
14055	2.811	1.5824	1.6105	0.0132834	52.1292	0
14060	2.812	1.58237	1.6105	0.0132823	52.5741	0
14065	2.813	1.58237	1.6105	0.0132817	52.7651	0
14070	2.814	1.58237	1.6105	0.0132816	52.6843	0
14075	2.815	1.58237	1.6105	0.013282	52.3578	0
14080	2.816	1.58238	1.6105	0.013283	51.7917	0
14085	2.817	1.5824	1.6105	0.0132844	51.0425	0
14090	2.818	1.58241	1.6105	0.0132861	50.109	0
14095	2.819	1.58243	1.6105	0.0132879	49.0271	0
14100	2.82	1.58245	1.6105	0.0132896	47.8394	0
14105	2.821	1.58245	1.6105	0.0132908	47.7453	0
14110	2.822	1.58246	1.6105	0.0132912	48.3378	0
14115	2.823	1.58244	1.6105	0.0132909	49.2579	0
14120	2.824	1.58244	1.6105	0.0132899	50.2738	0
14125	2.825	1.58242	1.6105	0.0132886	51.1922	0
14130	2.826	1.58241	1.6105	0.0132871	51.9395	0
14135	2.827	1.58239	1.6105	0.0132858	52.4403	0
14140	2.828	1.58239	1.6105	0.0132849	52.6781	0
14145	2.829	1.58239	1.6105	0.0132844	52.6655	0
14150	2.83	1.58238	1.6105	0.0132845	52.3912	0
14155	2.831	1.58238	1.6105	0.0132851	51.876	0
14160	2.832	1.5824	1.6105	0.0132862	51.1681	0
14165	2.833	1.5824	1.6105	0.0132876	50.2674	0
14170	2.834	1.58242	1.6105	0.0132891	49.23	0
14175	2.835	1.58243	1.6105	0.0132905	48.0522	0
14180	2.836	1.58244	1.6105	0.0132915	47.7814	0
14185	2.837	1.58244	1.6105	0.0132919	48.2631	0
14190	2.838	1.58244	1.6105	0.0132914	49.1337	0
14195	2.839	1.58243	1.6105	0.0132903	50.1285	0
14200	2.84	1.5824	1.6105	0.0132888	51.0828	0
14205	2.841	1.58239	1.6105	0.0132872	51.867	0
14210	2.842	1.58237	1.6105	0.0132857	52.4131	0
14215	2.843	1.58237	1.6105	0.0132846	52.7105	0
14220	2.844	1.58236	1.6105	0.0132839	52.7336	0
14225	2.845	1.58236	1.6105	0.0132837	52.5041	0
14230	2.846	1.58236	1.6105	0.0132841	52.0411	0
14235	2.847	1.58237	1.6105	0.0132851	51.3569	0
14240	2.848	1.58239	1.6105	0.0132864	50.5012	0
14245	2.849	1.5824	1.6105	0.0132878	49.4744	0
14250	2.85	1.58241	1.6105	0.0132893	48.3318	0
14255	2.851	1.58242	1.6105	0.0132904	47.8364	0
14260	2.852	1.58241	1.6105	0.0132908	48.1936	0
14265	2.853	1.58241	1.6105	0.0132906	49.005	0
14270	2.854	1.58241	1.6105	0.0132896	50.0007	0
14275	2.855	1.58239	1.6105	0.0132883	50.9567	0
14280	2.856	1.58238	1.6105	0.0132867	51.7762	0
14285	2.857	1.58236	1.6105	0.0132853	52.3673	0
14290	2.858	1.58235	1.6105	0.0132842	52.7135	0
14295	2.859	1.58235	1.6105	0.0132835	52.7854	0
14300	2.86	1.58234	1.6105	0.0132834	52.6022	0
14305	2.861	1.58234	1.6105	0.0132838	52.1813	0
14310	2.862	1.58235	1.6105	0.0132848	51.5345	0
14315	2.863	1.58238	1.6105	0.0132862	50.7111	0
14320	2.864	1.58238	1.6105	0.0132878	49.7115	0
14325	2.865	1.5824	1.6105	0.0132895	48.5911	0
14330	2.866	1.5824	1.6105	0.0132908	47.8724	0
14335	2.867	1.58241	1.6105	0.0132916	48.0942	0
14340	2.868	1.58241	1.6105	0.0132917	48.8391	0
14345	2.869	1.5824	1.6105	0.0132911	49.8032	0
14350	2.87	1.5824	1.6105	0.01329	50.7899	0
14355	2.871	1.58238	1.6105	0.0132886	51.6335	0
14360	2.872	1.58237	1.6105	0.0132874	52.2803	0
14365	2.873	1.58237	1.6105	0.0132863	52.6691	0
14370	2.874	1.58234	1.6105	0.0132857	52.793	0
14375	2.875	1.58234	1.6105	0.0132857	52.6596	0
14380	2.876	1.58236	1.6105	0.0132862	52.2843	0
14385	2.877	1.58236	1.6105	0.0132873	51.6868	0
14390	2.878	1.58237	1.6105	0.0132888	50.887	0
14395	2.879	1.58239	1.6105	0.0132906	49.9178	0
14400	2.88	1.58241	1.6105	0.0132924	48.8227	0
14405	2.881	1.58242	1.6105	0.013294	47.8694	0
14410	2.882	1.58244	1.6105	0.0132951	47.9459	0
14415	2.883	1.58244	1.6105	0.0132955	48.6064	0
14420	2.884	1.58244	1.6105	0.0132951	49.5624	0
14425	2.885	1.58242	1.6105	0.0132942	50.5497	0
14430	2.886	1.58242	1.6105	0.0132929	51.4329	0
14435	2.887	1.58239	1.6105	0.0132917	52.1294	0
14440	2.888	1.58238	1.6105	0.0132907	52.5704	0
14445	2.889	1.58238	1.6105	0.01329	52.7643	0
14450	2.89	1.58238	1.6105	0.0132899	52.6833	0
14455	2.891	1.58238	1.6105	0.0132904	52.3425	0
14460	2.892	1.58239	1.6105	0.0132913	51.7925	0
14465	2.893	1.5824	1.6105	0.0132928	51.0317	0
14470	2.894	1.58241	1.6105	0.0132945	50.1083	0
14475	2.895	1.58244	1.6105	0.0132963	49.0291	0
14480	2.896	1.58245	1.6105	0.013298	47.8259	0
14485	2.897	1.58246	1.6105	0.0132992	47.7468	0
14490	2.898	1.58246	1.6105	0.0132996	48.3389	0
14495	2.899	1.58245	1.6105	0.0132993	49.2588	0
14500	2.9	1.58245	1.6105	0.0132983	50.2602	0
14505	2.901	1.58243	1.6105	0.013297	51.1946	0
14510	2.902	1.58242	1.6105	0.0132956	51.9302	0
14515	2.903	1.5824	1.6105	0.0132943	52.4399	0
14520	2.904	1.58239	1.6105	0.0132933	52.6794	0
14525	2.905	1.58239	1.6105	0.0132929	52.6553	0
14530	2.906	1.58239	1.6105	0.013293	52.3815	0
14535	2.907	1.58239	1.6105	0.0132936	51.8782	0
14540	2.908	1.5824	1.6105	0.0132947	51.168	0
14545	2.909	1.58241	1.6105	0.0132961	50.2699	0
14550	2.91	1.58242	1.6105	0.0132976	49.2283	0
14555	2.911	1.58244	1.6105	0.013299	48.0532	0
14560	2.912	1.58245	1.6105	0.0133001	47.7822	0
14565	2.913	1.58245	1.6105	0.0133004	48.2636	0
14570	2.914	1.58244	1.6105	0.0133	49.1339	0
14575	2.915	1.58244	1.6105	0.0132989	50.1285	0
14580	2.916	1.58241	1.6105	0.0132974	51.0798	0
14585	2.917	1.5824	1.6105	0.0132958	51.8565	0
14590	2.918	1.58238	1.6105	0.0132943	52.4117	0
14595	2.919	1.58238	1.6105	0.0132932	52.6996	0
14600	2.92	1.58237	1.6105	0.0132925	52.7346	0
14605	2.921	1.58237	1.6105	0.0132924	52.5048	0
14610	2.922	1.58237	1.6105	0.0132928	52.0302	0
14615	2.923	1.58238	1.6105	0.0132937	51.356	0
14620	2.924	1.5824	1.6105	0.013295	50.5003	0
14625	2.925	1.5824	1.6105	0.0132965	49.4761	0
14630	2.926	1.58242	1.6105	0.0132979	48.3181	0
14635	2.927	1.58243	1.6105	0.0132991	47.8377	0
14640	2.928	1.58242	1.6105	0.0132996	48.1946	0
14645	2.929	1.58242	1.6105	0.0132993	49.0057	0
14650	2.93	1.58242	1.6105	0.0132984	49.987	0
14655	2.931	1.5824	1.6105	0.013297	50.9589	0
14660	2.932	1.58239	1.6105	0.0132955	51.7667	0
14665	2.933	1.58236	1.6105	0.0132941	52.3668	0
14670	2.934	1.58236	1.6105	0.0132929	52.7035	0
14675	2.935	1.58235	1.6105	0.0132923	52.7872	0
14680	2.936	1.58235	1.6105	0.0132921	52.6036	0
14685	2.937	1.58235	1.6105	0.0132926	52.1824	0
14690	2.938	1.58236	1.6105	0.0132936	51.5353	0
14695	2.939	1.58238	1.6105	0.013295	50.7098	0
14700	2.94	1.58239	1.6105	0.0132966	49.7129	0
14705	2.941	1.58241	1.6105	0.0132982	48.5771	0
14710	2.942	1.58241	1.6105	0.0132996	47.8735	0
14715	2.943	1.58242	1.6105	0.0133004	48.095	0
14720	2.944	1.58242	1.6105	0.0133005	48.8395	0
14725	2.945	1.58242	1.6105	0.0132999	49.8034	0
14730	2.946	1.58241	1.6105	0.0132988	50.7758	0
14735	2.947	1.58238	1.6105	0.0132975	51.6315	0
14740	2.948	1.58237	1.6105	0.0132962	52.2707	0
14745	2.949	1.58237	1.6105	0.0132952	52.6686	0
14750	2.95	1.58236	1.6105	0.0132946	52.7923	0
14755	2.951	1.58235	1.6105	0.0132946	52.6587	0
14760	2.952	1.58237	1.6105	0.0132951	52.2833	0
14765	2.953	1.58237	1.6105	0.0132962	51.6772	0
14770	2.954	1.58238	1.6105	0.0132977	50.8854	0
14775	2.955	1.5824	1.6105	0.0132995	49.919	0
14780	2.956	1.58242	1.6105	0.0133013	48.8095	0
14785	2.957	1.58243	1.6105	0.0133029	47.8702	0
14790	2.958	1.58245	1.6105	0.013304	47.9351	0
14795	2.959	1.58245	1.6105	0.0133044	48.6075	0
14800	2.96	1.58245	1.6105	0.013304	49.5519	0
14805	2.961	1.58243	1.6105	0.0133031	50.5511	0
14810	2.962	1.58242	1.6105	0.0133018	51.4321	0
14815	2.963	1.5824	1.6105	0.0133006	52.1199	0
14820	2.964	1.58239	1.6105	0.0132996	52.5727	0
14825	2.965	1.58239	1.6105	0.0132989	52.7521	0
14830	2.966	1.58239	1.6105	0.0132988	52.6719	0
14835	2.967	1.58239	1.6105	0.0132992	52.3459	0
14840	2.968	1.5824	1.6105	0.0133002	51.7954	0
14845	2.969	1.58242	1.6105	0.0133016	51.0313	0
14850	2.97	1.58243	1.6105	0.0133034	50.0983	0
14855	2.971	1.58245	1.6105	0.0133052	49.0281	0
14860	2.972	1.58247	1.6105	0.0133068	47.8286	0
14865	2.973	1.58247	1.6105	0.013308	47.749	0
14870	2.974	1.58247	1.6105	0.0133085	48.3276	0
14875	2.975	1.58246	1.6105	0.0133081	49.2613	0
14880	2.976	1.58246	1.6105	0.0133072	50.2623	0
14885	2.977	1.58244	1.6105	0.0133058	51.1812	0
14890	2.978	1.58243	1.6105	0.0133044	51.9317	0
14895	2.979	1.5824	1.6105	0.0133031	52.4412	0
14900	2.98	1.5824	1.6105	0.0133021	52.6784	0
14905	2.981	1.5824	1.6105	0.0133017	52.6542	0
14910	2.982	1.5824	1.6105	0.0133018	52.3803	0
14915	2.983	1.5824	1.6105	0.0133024	51.8768	0
14920	2.984	1.58241	1.6105	0.0133035	51.1571	0
14925	2.985	1.58242	1.6105	0.0133049	50.2681	0
14930	2.986	1.58243	1.6105	0.0133064	49.219	0
14935	2.987	1.58245	1.6105	0.0133078	48.0557	0
14940	2.988	1.58246	1.6105	0.0133088	47.771	0
14945	2.989	1.58246	1.6105	0.0133092	48.2531	0
14950	2.99	1.58245	1.6105	0.0133087	49.124	0
14955	2.991	1.58244	1.6105	0.0133076	50.1323	0
14960	2.992	1.58242	1.6105	0.0133061	51.0718	0
14965	2.993	1.58241	1.6105	0.0133045	51.8592	0
14970	2.994	1.58239	1.6105	0.013303	52.414	0
14975	2.995	1.58239	1.6105	0.0133019	52.6996	0
14980	2.996	1.58238	1.6105	0.0133012	52.723	0
14985	2.997	1.58238	1.6105	0.013301	52.494	0
14990	2.998	1.58238	1.6105	0.0133015	52.0313	0
14995	2.999	1.58238	1.6105	0.0133024	51.3587	0
15000	3	1.5824	1.6105	0.0133037	50.4912	0
15005	3.001	1.58241	1.6105	0.0133051	49.476	0
15010	3.002	1.58241	1.6105	0.0133066	48.3215	0
15015	3.003	1.58243	1.6105	0.0133077	47.8406	0
15020	3.004	1.58243	1.6105	0.0133081	48.1971	0
15025	3.005	1.58243	1.6105	0.0133079	49.0078	0
15030	3.006	1.58243	1.6105	0.0133069	49.9887	0
15035	3.007	1.58241	1.6105	0.0133056	50.9565	0
15040	3.008	1.5824	1.6105	0.0133041	51.7671	0
15045	3.009	1.58237	1.6105	0.0133026	52.367	0
15050	3.01	1.58237	1.6105	0.0133015	52.7015	0
15055	3.011	1.58236	1.6105	0.0133008	52.7766	0
15060	3.012	1.58235	1.6105	0.0133007	52.5937	0
15065	3.013	1.58236	1.6105	0.0133012	52.1702	0
15070	3.014	1.58237	1.6105	0.0133022	51.5352	0
15075	3.015	1.58238	1.6105	0.0133036	50.7	0
15080	3.016	1.5824	1.6105	0.0133052	49.7121	0
15085	3.017	1.58242	1.6105	0.0133068	48.58	0
15090	3.018	1.58242	1.6105	0.0133082	47.874	0
15095	3.019	1.58243	1.6105	0.013309	48.0839	0
15100	3.02	1.58243	1.6105	0.0133091	48.8291	0
15105	3.021	1.58243	1.6105	0.0133085	49.7936	0
15110	3.022	1.58242	1.6105	0.0133074	50.7797	0
15115	3.023	1.58239	1.6105	0.0133061	51.6236	0
15120	3.024	1.58238	1.6105	0.0133048	52.2707	0
15125	3.025	1.58238	1.6105	0.0133037	52.6599	0
15130	3.026	1.58236	1.6105	0.0133031	52.7841	0
15135	3.027	1.58236	1.6105	0.0133031	52.6622	0
15140	3.028	1.58237	1.6105	0.0133036	52.275	0
15145	3.029	1.58238	1.6105	0.0133047	51.6777	0
15150	3.03	1.58239	1.6105	0.0133062	50.8782	0
15155	3.031	1.58241	1.6105	0.0133079	49.9234	0
15160	3.032	1.58243	1.6105	0.0133097	48.8142	0
15165	3.033	1.58244	1.6105	0.0133113	47.863	0
15170	3.034	1.58246	1.6105	0.0133124	47.9358	0
15175	3.035	1.58246	1.6105	0.0133128	48.608	0
15180	3.036	1.58246	1.6105	0.0133124	49.5521	0
15185	3.037	1.58243	1.6105	0.0133115	50.5435	0
15190	3.038	1.58243	1.6105	0.0133103	51.4362	0
15195	3.039	1.58241	1.6105	0.013309	52.1207	0
15200	3.04	1.5824	1.6105	0.013308	52.5751	0
15205	3.041	1.5824	1.6105	0.0133074	52.754	0
15210	3.042	1.5824	1.6105	0.0133072	52.6734	0
15215	3.043	1.5824	1.6105	0.0133077	52.3471	0
15220	3.044	1.58241	1.6105	0.0133087	51.7831	0
15225	3.045	1.58242	1.6105	0.0133101	51.0339	0
15230	3.046	1.58242	1.6105	0.0133118	50.1005	0
15235	3.047	1.58245	1.6105	0.0133136	49.0289	0
15240	3.048	1.58245	1.6105	0.0133153	47.8291	0
15245	3.049	1.58247	1.6105	0.0133165	47.7352	0
15250	3.05	1.58247	1.6105	0.0133169	48.3278	0
15255	3.051	1.58247	1.6105	0.0133166	49.2481	0
15260	3.052	1.58247	1.6105	0.0133156	50.2612	0
15265	3.053	1.58245	1.6105	0.0133143	51.1828	0
15270	3.054	1.58244	1.6105	0.0133128	51.9302	0
15275	3.055	1.58241	1.6105	0.0133115	52.432	0
15280	3.056	1.58241	1.6105	0.0133106	52.6811	0
15285	3.057	1.58241	1.6105	0.0133101	52.6564	0
15290	3.058	1.58241	1.6105	0.0133102	52.3821	0
15295	3.059	1.58241	1.6105	0.0133108	51.8783	0
15300	3.06	1.58242	1.6105	0.0133119	51.1545	0
15305	3.061	1.58243	1.6105	0.0133133	50.2683	0
15310	3.062	1.58244	1.6105	0.0133148	49.2189	0
15315	3.063	1.58246	1.6105	0.0133162	48.0526	0
15320	3.064	1.58247	1.6105	0.0133173	47.7699	0
15325	3.065	1.58246	1.6105	0.0133176	48.2518	0
15330	3.066	1.58246	1.6105	0.0133172	49.1227	0
15335	3.067	1.58245	1.6105	0.0133161	50.129	0
15340	3.068	1.58243	1.6105	0.0133146	51.0713	0
15345	3.069	1.58242	1.6105	0.013313	51.8558	0
15350	3.07	1.58239	1.6105	0.0133115	52.4031	0
15355	3.071	1.58239	1.6105	0.0133103	52.7006	0
15360	3.072	1.58238	1.6105	0.0133097	52.7238	0
15365	3.073	1.58238	1.6105	0.0133095	52.4945	0
15370	3.074	1.58238	1.6105	0.01331	52.0315	0
15375	3.075	1.58239	1.6105	0.0133109	51.3587	0
15380	3.076	1.5824	1.6105	0.0133122	50.4872	0
15385	3.077	1.58242	1.6105	0.0133137	49.4637	0
15390	3.078	1.58242	1.6105	0.0133151	48.3213	0
15395	3.079	1.58244	1.6105	0.0133162	47.8374	0
15400	3.08	1.58244	1.6105	0.0133167	48.1826	0
15405	3.081	1.58244	1.6105	0.0133165	48.9942	0
15410	3.082	1.58244	1.6105	0.0133155	49.9872	0
15415	3.083	1.58241	1.6105	0.0133142	50.9465	0
15420	3.084	1.5824	1.6105	0.0133127	51.7661	0
15425	3.085	1.58238	1.6105	0.0133112	52.3583	0
15430	3.086	1.58237	1.6105	0.0133101	52.7046	0
15435	3.087	1.58236	1.6105	0.0133094	52.7765	0
15440	3.088	1.58236	1.6105	0.0133093	52.5933	0
15445	3.089	1.58237	1.6105	0.0133098	52.1725	0
15450	3.09	1.58238	1.6105	0.0133108	51.537	0
15455	3.091	1.58239	1.6105	0.0133122	50.6978	0
15460	3.092	1.58241	1.6105	0.0133138	49.7014	0
15465	3.093	1.58243	1.6105	0.0133154	48.5812	0
15470	3.094	1.58243	1.6105	0.0133168	47.8626	0
15475	3.095	1.58244	1.6105	0.0133176	48.0845	0
15480	3.096	1.58244	1.6105	0.0133177	48.8294	0
15485	3.097	1.58243	1.6105	0.0133171	49.7937	0
15490	3.098	1.58242	1.6105	0.0133159	50.7777	0
15495	3.099	1.5824	1.6105	0.0133146	51.6243	0
15500	3.1	1.58239	1.6105	0.0133133	52.2712	0
15505	3.101	1.58238	1.6105	0.0133123	52.6573	0
15510	3.102	1.58237	1.6105	0.0133117	52.7852	0
15515	3.103	1.58237	1.6105	0.0133117	52.6517	0
15520	3.104	1.58238	1.6105	0.0133122	52.2727	0
15525	3.105	1.58239	1.6105	0.0133133	51.6782	0
15530	3.106	1.5824	1.6105	0.0133148	50.8784	0
15535	3.107	1.58242	1.6105	0.0133166	49.9093	0
15540	3.108	1.58244	1.6105	0.0133184	48.8142	0
15545	3.109	1.58245	1.6105	0.01332	47.86	0
15550	3.11	1.58246	1.6105	0.0133211	47.9365	0
15555	3.111	1.58247	1.6105	0.0133215	48.6085	0
15560	3.112	1.58245	1.6105	0.0133211	49.5523	0
15565	3.113	1.58244	1.6105	0.0133202	50.5397	0
15570	3.114	1.58244	1.6105	0.013319	51.4231	0
15575	3.115	1.58242	1.6105	0.0133177	52.1206	0
15580	3.116	1.58241	1.6105	0.0133167	52.5616	0
15585	3.117	1.58241	1.6105	0.0133161	52.7527	0
15590	3.118	1.58241	1.6105	0.013316	52.672	0
15595	3.119	1.58241	1.6105	0.0133164	52.3343	0
15600	3.12	1.58241	1.6105	0.0133174	51.7843	0
15605	3.121	1.58243	1.6105	0.0133188	51.0348	0
15610	3.122	1.58244	1.6105	0.0133205	50.0982	0
15615	3.123	1.58246	1.6105	0.0133223	49.0191	0
15620	3.124	1.58247	1.6105	0.013324	47.8293	0
15625	3.125	1.58248	1.6105	0.0133252	47.7379	0
15630	3.126	1.58248	1.6105	0.0133257	48.3301	0
15635	3.127	1.58248	1.6105	0.0133253	49.25	0
15640	3.128	1.58248	1.6105	0.0133244	50.2515	0
15645	3.129	1.58245	1.6105	0.013323	51.1821	0
15650	3.13	1.58244	1.6105	0.0133216	51.9199	0
15655	3.131	1.58242	1.6105	0.0133203	52.4298	0
15660	3.132	1.58242	1.6105	0.0133193	52.6675	0
15665	3.133	1.58242	1.6105	0.0133189	52.6578	0
15670	3.134	1.58242	1.6105	0.0133189	52.3709	0
15675	3.135	1.58242	1.6105	0.0133196	51.8659	0
15680	3.136	1.58243	1.6105	0.0133206	51.1579	0
15685	3.137	1.58244	1.6105	0.013322	50.26	0
15690	3.138	1.58245	1.6105	0.0133235	49.2204	0
15695	3.139	1.58247	1.6105	0.013325	48.0453	0
15700	3.14	1.58247	1.6105	0.013326	47.7742	0
15705	3.141	1.58247	1.6105	0.0133263	48.2556	0
15710	3.142	1.58247	1.6105	0.0133259	49.1259	0
15715	3.143	1.58246	1.6105	0.0133248	50.1204	0
15720	3.144	1.58244	1.6105	0.0133233	51.0717	0
15725	3.145	1.58243	1.6105	0.0133217	51.8465	0
15730	3.146	1.5824	1.6105	0.0133202	52.4018	0
15735	3.147	1.5824	1.6105	0.013319	52.6898	0
15740	3.148	1.58239	1.6105	0.0133183	52.7258	0
15745	3.149	1.58238	1.6105	0.0133182	52.4962	0
15750	3.15	1.58239	1.6105	0.0133186	52.0328	0
15755	3.151	1.5824	1.6105	0.0133196	51.3456	0
15760	3.152	1.58241	1.6105	0.0133209	50.49	0
15765	3.153	1.58243	1.6105	0.0133223	49.466	0
15770	3.154	1.58243	1.6105	0.0133238	48.3213	0
15775	3.155	1.58245	1.6105	0.0133249	47.8287	0
15780	3.156	1.58245	1.6105	0.0133254	48.1857	0
15785	3.157	1.58245	1.6105	0.0133251	48.9968	0
15790	3.158	1.58245	1.6105	0.0133242	49.9781	0
15795	3.159	1.58242	1.6105	0.0133228	50.9463	0
15800	3.16	1.58241	1.6105	0.0133213	51.7677	0
15805	3.161	1.58239	1.6105	0.0133198	52.3558	0
15810	3.162	1.58238	1.6105	0.0133187	52.7049	0
15815	3.163	1.58237	1.6105	0.013318	52.7765	0
15820	3.164	1.58237	1.6105	0.0133179	52.5931	0
15825	3.165	1.58238	1.6105	0.0133184	52.1721	0
15830	3.166	1.58239	1.6105	0.0133193	51.5223	0
15835	3.167	1.5824	1.6105	0.0133207	50.6991	0
15840	3.168	1.58242	1.6105	0.0133224	49.7024	0
15845	3.169	1.58243	1.6105	0.013324	48.58	0
15850	3.17	1.58244	1.6105	0.0133254	47.8641	0
15855	3.171	1.58244	1.6105	0.0133262	48.0857	0
15860	3.172	1.58244	1.6105	0.0133263	48.8303	0
15865	3.173	1.58243	1.6105	0.0133256	49.7943	0
15870	3.174	1.58243	1.6105	0.0133245	50.7667	0
15875	3.175	1.58241	1.6105	0.0133232	51.6225	0
15880	3.176	1.5824	1.6105	0.0133219	52.2599	0
15885	3.177	1.58239	1.6105	0.0133209	52.658	0
15890	3.178	1.58238	1.6105	0.0133204	52.7819	0
15895	3.179	1.58238	1.6105	0.0133203	52.6484	0
15900	3.18	1.58239	1.6105	0.0133208	52.2732	0
15905	3.181	1.5824	1.6105	0.0133219	51.6672	0
15910	3.182	1.58241	1.6105	0.0133234	50.8775	0
15915	3.183	1.58243	1.6105	0.0133252	49.911	0
15920	3.184	1.58245	1.6105	0.013327	48.8005	0
15925	3.185	1.58246	1.6105	0.0133286	47.8613	0
15930	3.186	1.58246	1.6105	0.0133297	47.9262	0
15935	3.187	1.58248	1.6105	0.0133301	48.5959	0
15940	3.188	1.58246	1.6105	0.0133297	49.5433	0
15945	3.189	1.58245	1.6105	0.0133288	50.5425	0
15950	3.19	1.58245	1.6105	0.0133276	51.4235	0
15955	3.191	1.58243	1.6105	0.0133263	52.1237	0
15960	3.192	1.58242	1.6105	0.0133253	52.5642	0
15965	3.193	1.58241	1.6105	0.0133246	52.7436	0
15970	3.194	1.58241	1.6105	0.0133245	52.6634	0
15975	3.195	1.58241	1.6105	0.013325	52.3374	0
15980	3.196	1.58242	1.6105	0.0133259	51.7869	0
15985	3.197	1.58243	1.6105	0.0133274	51.0219	0
15990	3.198	1.58244	1.6105	0.0133291	50.1003	0
15995	3.199	1.58247	1.6105	0.0133309	49.018	0
16000	3.2	1.58247	1.6105	0.0133326	47.8177	0
16005	3.201	1.58249	1.6105	0.0133338	47.7365	0
16010	3.202	1.58249	1.6105	0.0133342	48.3285	0
16015	3.203	1.58249	1.6105	0.0133339	49.2483	0
16020	3.204	1.58249	1.6105	0.0133329	50.2516	0
16025	3.205	1.58246	1.6105	0.0133316	51.1829	0
16030	3.206	1.58245	1.6105	0.0133302	51.9185	0
16035	3.207	1.58243	1.6105	0.0133289	52.4312	0
16040	3.208	1.58243	1.6105	0.0133279	52.6686	0
16045	3.209	1.58243	1.6105	0.0133275	52.6444	0
16050	3.21	1.58243	1.6105	0.0133276	52.3706	0
16055	3.211	1.58243	1.6105	0.0133282	51.8673	0
16060	3.212	1.58243	1.6105	0.0133293	51.159	0
16065	3.213	1.58245	1.6105	0.0133307	50.2579	0
16070	3.214	1.58245	1.6105	0.0133322	49.208	0
16075	3.215	1.58247	1.6105	0.0133336	48.043	0
16080	3.216	1.58248	1.6105	0.0133347	47.7606	0
16085	3.217	1.58248	1.6105	0.013335	48.2428	0
16090	3.218	1.58248	1.6105	0.0133346	49.1252	0
16095	3.219	1.58247	1.6105	0.0133335	50.1214	0
16100	3.22	1.58244	1.6105	0.013332	51.0611	0
16105	3.221	1.58243	1.6105	0.0133304	51.8469	0
16110	3.222	1.58241	1.6105	0.0133289	52.4048	0
16115	3.223	1.58241	1.6105	0.0133277	52.6904	0
16120	3.224	1.5824	1.6105	0.013327	52.7139	0
16125	3.225	1.58239	1.6105	0.0133269	52.485	0
16130	3.226	1.5824	1.6105	0.0133273	52.0223	0
16135	3.227	1.58241	1.6105	0.0133282	51.3498	0
16140	3.228	1.58242	1.6105	0.0133295	50.4823	0
16145	3.229	1.58244	1.6105	0.013331	49.4672	0
16150	3.23	1.58244	1.6105	0.0133324	48.3118	0
16155	3.231	1.58246	1.6105	0.0133335	47.831	0
16160	3.232	1.58246	1.6105	0.013334	48.1857	0
16165	3.233	1.58246	1.6105	0.0133337	48.9966	0
16170	3.234	1.58245	1.6105	0.0133328	49.9796	0
16175	3.235	1.58243	1.6105	0.0133314	50.9484	0
16180	3.236	1.58242	1.6105	0.0133299	51.759	0
16185	3.237	1.5824	1.6105	0.0133285	52.3588	0
16190	3.238	1.58239	1.6105	0.0133273	52.6933	0
16195	3.239	1.58237	1.6105	0.0133267	52.7769	0
16200	3.24	1.58237	1.6105	0.0133265	52.5933	0
16205	3.241	1.58239	1.6105	0.013327	52.1608	0
16210	3.242	1.5824	1.6105	0.013328	51.5258	0
16215	3.243	1.5824	1.6105	0.0133294	50.6907	0
16220	3.244	1.58243	1.6105	0.013331	49.7029	0
16225	3.245	1.58243	1.6105	0.0133327	48.5699	0
16230	3.246	1.58245	1.6105	0.013334	47.864	0
16235	3.247	1.58245	1.6105	0.0133348	48.0741	0
16240	3.248	1.58245	1.6105	0.0133349	48.8194	0
16245	3.249	1.58244	1.6105	0.0133343	49.7953	0
16250	3.25	1.58244	1.6105	0.0133332	50.7693	0
16255	3.251	1.58242	1.6105	0.0133318	51.6256	0
16260	3.252	1.58241	1.6105	0.0133305	52.2606	0
16265	3.253	1.58239	1.6105	0.0133295	52.6499	0
16270	3.254	1.58238	1.6105	0.0133289	52.7856	0
16275	3.255	1.58238	1.6105	0.0133289	52.6516	0
16280	3.256	1.58239	1.6105	0.0133294	52.2646	0
16285	3.257	1.58241	1.6105	0.0133305	51.6675	0
16290	3.258	1.58241	1.6105	0.013332	50.8794	0
16295	3.259	1.58244	1.6105	0.0133337	49.9097	0
16300	3.26	1.58244	1.6105	0.0133355	48.8029	0
16305	3.261	1.58246	1.6105	0.0133371	47.8633	0
16310	3.262	1.58247	1.6105	0.0133383	47.9259	0
16315	3.263	1.58248	1.6105	0.0133386	48.5983	0
16320	3.264	1.58247	1.6105	0.0133382	49.5424	0
16325	3.265	1.58246	1.6105	0.0133373	50.5302	0
16330	3.266	1.58246	1.6105	0.0133361	51.4252	0
16335	3.267	1.58243	1.6105	0.0133349	52.1099	0
16340	3.268	1.58242	1.6105	0.0133338	52.5626	0
16345	3.269	1.58242	1.6105	0.0133332	52.7437	0
16350	3.27	1.58242	1.6105	0.0133331	52.6633	0
16355	3.271	1.58242	1.6105	0.0133335	52.3371	0
16360	3.272	1.58243	1.6105	0.0133345	51.7846	0
16365	3.273	1.58244	1.6105	0.0133359	51.0233	0
16370	3.274	1.58245	1.6105	0.0133376	50.0882	0
16375	3.275	1.58247	1.6105	0.0133395	49.0207	0
16380	3.276	1.58248	1.6105	0.0133411	47.8171	0
16385	3.277	1.5825	1.6105	0.0133423	47.7376	0
16390	3.278	1.5825	1.6105	0.0133428	48.3181	0
16395	3.279	1.5825	1.6105	0.0133424	49.2498	0
16400	3.28	1.58248	1.6105	0.0133415	50.2508	0
16405	3.281	1.58247	1.6105	0.0133401	51.1736	0
16410	3.282	1.58246	1.6105	0.0133387	51.921	0
16415	3.283	1.58244	1.6105	0.0133374	52.4191	0
16420	3.284	1.58244	1.6105	0.0133365	52.6704	0
16425	3.285	1.58243	1.6105	0.013336	52.6459	0
16430	3.286	1.58244	1.6105	0.0133361	52.3718	0
16435	3.287	1.58243	1.6105	0.0133367	51.8681	0
16440	3.288	1.58244	1.6105	0.0133378	51.1463	0
16445	3.289	1.58245	1.6105	0.0133392	50.2602	0
16450	3.29	1.58246	1.6105	0.0133407	49.2108	0
16455	3.291	1.58248	1.6105	0.0133421	48.0435	0
16460	3.292	1.58249	1.6105	0.0133432	47.7608	0
16465	3.293	1.58249	1.6105	0.0133435	48.2428	0
16470	3.294	1.58249	1.6105	0.0133431	49.1137	0
16475	3.295	1.58248	1.6105	0.013342	50.1201	0
16480	3.296	1.58245	1.6105	0.0133405	51.0634	0
16485	3.297	1.58244	1.6105	0.0133389	51.8478	0
16490	3.298	1.58242	1.6105	0.0133374	52.3913	0
16495	3.299	1.58242	1.6105	0.0133362	52.691	0
16500	3.3	1.5824	1.6105	0.0133355	52.7143	0
16505	3.301	1.5824	1.6105	0.0133354	52.4851	0
16510	3.302	1.58241	1.6105	0.0133358	52.0222	0
16515	3.303	1.58242	1.6105	0.0133367	51.3495	0
16520	3.304	1.58243	1.6105	0.013338	50.4799	0
16525	3.305	1.58244	1.6105	0.0133395	49.4676	0
16530	3.306	1.58244	1.6105	0.0133409	48.3092	0
16535	3.307	1.58247	1.6105	0.013342	47.8284	0
16540	3.308	1.58246	1.6105	0.0133425	48.1737	0
16545	3.309	1.58246	1.6105	0.0133422	48.9966	0
16550	3.31	1.58245	1.6105	0.0133413	49.9775	0
16555	3.311	1.58244	1.6105	0.01334	50.9378	0
16560	3.312	1.58242	1.6105	0.0133384	51.7574	0
16565	3.313	1.58241	1.6105	0.013337	52.3591	0
16570	3.314	1.5824	1.6105	0.0133359	52.6934	0
16575	3.315	1.58238	1.6105	0.0133352	52.7655	0
16580	3.316	1.58238	1.6105	0.0133351	52.5825	0
16585	3.317	1.58238	1.6105	0.0133356	52.1619	0
16590	3.318	1.5824	1.6105	0.0133365	51.5266	0
16595	3.319	1.58241	1.6105	0.0133379	50.6894	0
16600	3.32	1.58243	1.6105	0.0133396	49.7043	0
16605	3.321	1.58243	1.6105	0.0133412	48.5682	0
16610	3.322	1.58245	1.6105	0.0133426	47.8528	0
16615	3.323	1.58246	1.6105	0.0133434	48.0749	0
16620	3.324	1.58246	1.6105	0.0133435	48.8199	0
16625	3.325	1.58245	1.6105	0.0133428	49.7843	0
16630	3.326	1.58245	1.6105	0.0133417	50.7683	0
16635	3.327	1.58243	1.6105	0.0133404	51.616	0
16640	3.328	1.58242	1.6105	0.0133391	52.2629	0
16645	3.329	1.5824	1.6105	0.0133381	52.6489	0
16650	3.33	1.58239	1.6105	0.0133375	52.7731	0
16655	3.331	1.58239	1.6105	0.0133375	52.6399	0
16660	3.332	1.5824	1.6105	0.013338	52.2649	0
16665	3.333	1.58241	1.6105	0.0133391	51.6704	0
16670	3.334	1.58242	1.6105	0.0133406	50.8706	0
16675	3.335	1.58244	1.6105	0.0133423	49.9117	0
16680	3.336	1.58245	1.6105	0.0133441	48.8045	0
16685	3.337	1.58247	1.6105	0.0133458	47.8504	0
16690	3.338	1.58248	1.6105	0.0133469	47.9271	0
16695	3.339	1.58248	1.6105	0.0133472	48.5991	0
16700	3.34	1.58248	1.6105	0.0133468	49.543	0
16705	3.341	1.58247	1.6105	0.0133459	50.5305	0
16710	3.342	1.58247	1.6105	0.0133447	51.4233	0
16715	3.343	1.58244	1.6105	0.0133435	52.1108	0
16720	3.344	1.58243	1.6105	0.0133425	52.5632	0
16725	3.345	1.58243	1.6105	0.0133418	52.7422	0
16730	3.346	1.58243	1.6105	0.0133417	52.6617	0
16735	3.347	1.58243	1.6105	0.0133422	52.3354	0
16740	3.348	1.58244	1.6105	0.0133431	51.7734	0
16745	3.349	1.58245	1.6105	0.0133446	51.0213	0
16750	3.35	1.58246	1.6105	0.0133463	50.0879	0
16755	3.351	1.58248	1.6105	0.0133481	49.0081	0
16760	3.352	1.58249	1.6105	0.0133498	47.8184	0
16765	3.353	1.58251	1.6105	0.013351	47.7273	0
16770	3.354	1.58251	1.6105	0.0133514	48.3197	0
16775	3.355	1.5825	1.6105	0.0133511	49.2397	0
16780	3.356	1.58249	1.6105	0.0133501	50.2527	0
16785	3.357	1.58248	1.6105	0.0133488	51.1712	0
16790	3.358	1.58246	1.6105	0.0133473	51.9215	0
16795	3.359	1.58245	1.6105	0.013346	52.4193	0
16800	3.36	1.58244	1.6105	0.0133451	52.6572	0
16805	3.361	1.58244	1.6105	0.0133446	52.6448	0
16810	3.362	1.58244	1.6105	0.0133447	52.3706	0
16815	3.363	1.58244	1.6105	0.0133453	51.8555	0
16820	3.364	1.58245	1.6105	0.0133464	51.1477	0
16825	3.365	1.58246	1.6105	0.0133478	50.249	0
16830	3.366	1.58247	1.6105	0.0133493	49.2096	0
16835	3.367	1.58249	1.6105	0.0133508	48.0347	0
16840	3.368	1.5825	1.6105	0.0133518	47.7619	0
16845	3.369	1.5825	1.6105	0.0133521	48.2436	0
16850	3.37	1.5825	1.6105	0.0133517	49.1161	0
16855	3.371	1.58249	1.6105	0.0133506	50.1107	0
16860	3.372	1.58246	1.6105	0.0133491	51.0621	0
16865	3.373	1.58245	1.6105	0.0133475	51.8492	0
16870	3.374	1.58243	1.6105	0.013346	52.3924	0
16875	3.375	1.58243	1.6105	0.0133448	52.6899	0
16880	3.376	1.5824	1.6105	0.0133441	52.7158	0
16885	3.377	1.5824	1.6105	0.013344	52.4863	0
16890	3.378	1.5824	1.6105	0.0133444	52.0231	0
16895	3.379	1.58243	1.6105	0.0133454	51.336	0
16900	3.38	1.58243	1.6105	0.0133467	50.4805	0
16905	3.381	1.58245	1.6105	0.0133481	49.4538	0
16910	3.382	1.58245	1.6105	0.0133496	48.3113	0
16915	3.383	1.58247	1.6105	0.0133507	47.8188	0
16920	3.384	1.58247	1.6105	0.0133512	48.1759	0
16925	3.385	1.58247	1.6105	0.0133509	48.9872	0
16930	3.386	1.58246	1.6105	0.01335	49.9799	0
16935	3.387	1.58245	1.6105	0.0133486	50.936	0
16940	3.388	1.58242	1.6105	0.0133471	51.7584	0
16945	3.389	1.58241	1.6105	0.0133456	52.3466	0
16950	3.39	1.58241	1.6105	0.0133445	52.6957	0
16955	3.391	1.58239	1.6105	0.0133438	52.7674	0
16960	3.392	1.58239	1.6105	0.0133437	52.5841	0
16965	3.393	1.58239	1.6105	0.0133442	52.1631	0
16970	3.394	1.58241	1.6105	0.0133451	51.5134	0
16975	3.395	1.58242	1.6105	0.0133465	50.6902	0
16980	3.396	1.58244	1.6105	0.0133482	49.6907	0
16985	3.397	1.58244	1.6105	0.0133498	48.5705	0
16990	3.398	1.58246	1.6105	0.0133512	47.8547	0
16995	3.399	1.58247	1.6105	0.013352	48.0745	0
17000	3.4	1.58247	1.6105	0.013352	48.8194	0
17005	3.401	1.58246	1.6105	0.0133514	49.7854	0
17010	3.402	1.58246	1.6105	0.0133503	50.7691	0
17015	3.403	1.58244	1.6105	0.013349	51.6128	0
17020	3.404	1.58243	1.6105	0.0133477	52.2625	0
17025	3.405	1.58241	1.6105	0.0133467	52.6484	0
17030	3.406	1.5824	1.6105	0.0133461	52.7724	0
17035	3.407	1.5824	1.6105	0.0133461	52.6391	0
17040	3.408	1.58241	1.6105	0.0133466	52.2639	0
17045	3.409	1.58242	1.6105	0.0133477	51.6693	0
17050	3.41	1.58243	1.6105	0.0133492	50.8665	0
17055	3.411	1.58245	1.6105	0.0133509	49.9003	0
17060	3.412	1.58246	1.6105	0.0133528	48.8032	0
17065	3.413	1.58248	1.6105	0.0133544	47.8518	0
17070	3.414	1.58249	1.6105	0.0133555	47.9243	0
17075	3.415	1.58249	1.6105	0.0133559	48.5851	0
17080	3.416	1.58249	1.6105	0.0133555	49.5411	0
17085	3.417	1.58248	1.6105	0.0133546	50.5323	0
17090	3.418	1.58247	1.6105	0.0133534	51.4135	0
17095	3.419	1.58245	1.6105	0.0133521	52.11	0
17100	3.42	1.58244	1.6105	0.0133511	52.5529	0
17105	3.421	1.58244	1.6105	0.0133505	52.7325	0
17110	3.422	1.58244	1.6105	0.0133503	52.6525	0
17115	3.423	1.58244	1.6105	0.0133508	52.3267	0
17120	3.424	1.58245	1.6105	0.0133518	51.7746	0
17125	3.425	1.58246	1.6105	0.0133532	51.0136	0
17130	3.426	1.58247	1.6105	0.0133549	50.092	0
17135	3.427	1.58249	1.6105	0.0133567	49.0088	0
17140	3.428	1.58249	1.6105	0.0133584	47.8094	0
17145	3.429	1.58252	1.6105	0.0133596	47.7273	0
17150	3.43	1.58251	1.6105	0.01336	48.3194	0
17155	3.431	1.58251	1.6105	0.0133597	49.2393	0
17160	3.432	1.5825	1.6105	0.0133587	50.2435	0
17165	3.433	1.58249	1.6105	0.0133574	51.1739	0
17170	3.434	1.58246	1.6105	0.013356	51.9096	0
17175	3.435	1.58245	1.6105	0.0133547	52.4232	0
17180	3.436	1.58245	1.6105	0.0133537	52.6606	0
17185	3.437	1.58244	1.6105	0.0133533	52.6364	0
17190	3.438	1.58245	1.6105	0.0133534	52.3626	0
17195	3.439	1.58245	1.6105	0.013354	51.8592	0
17200	3.44	1.58246	1.6105	0.013355	51.1509	0
17205	3.441	1.58247	1.6105	0.0133564	50.2489	0
17210	3.442	1.58248	1.6105	0.013358	49.2112	0
17215	3.443	1.5825	1.6105	0.0133594	48.0331	0
17220	3.444	1.58251	1.6105	0.0133604	47.7621	0
17225	3.445	1.5825	1.6105	0.0133607	48.2436	0
17230	3.446	1.5825	1.6105	0.0133603	49.114	0
17235	3.447	1.58249	1.6105	0.0133592	50.1086	0
17240	3.448	1.58247	1.6105	0.0133577	51.0627	0
17245	3.449	1.58246	1.6105	0.0133561	51.8354	0
17250	3.45	1.58244	1.6105	0.0133546	52.3945	0
17255	3.451	1.58244	1.6105	0.0133535	52.6804	0
17260	3.452	1.58241	1.6105	0.0133528	52.7153	0
17265	3.453	1.58241	1.6105	0.0133526	52.4856	0
17270	3.454	1.58241	1.6105	0.0133531	52.0109	0
17275	3.455	1.58243	1.6105	0.013354	51.3387	0
17280	3.456	1.58244	1.6105	0.0133553	50.4827	0
17285	3.457	1.58246	1.6105	0.0133568	49.4547	0
17290	3.458	1.58246	1.6105	0.0133582	48.3006	0
17295	3.459	1.58248	1.6105	0.0133593	47.8173	0
17300	3.46	1.58248	1.6105	0.0133598	48.1743	0
17305	3.461	1.58248	1.6105	0.0133596	48.9854	0
17310	3.462	1.58247	1.6105	0.0133586	49.9696	0
17315	3.463	1.58246	1.6105	0.0133573	50.9376	0
17320	3.464	1.58243	1.6105	0.0133558	51.7455	0
17325	3.465	1.58242	1.6105	0.0133543	52.3495	0
17330	3.466	1.58241	1.6105	0.0133532	52.6841	0
17335	3.467	1.5824	1.6105	0.0133525	52.7678	0
17340	3.468	1.5824	1.6105	0.0133524	52.5843	0
17345	3.469	1.5824	1.6105	0.0133529	52.1631	0
17350	3.47	1.58242	1.6105	0.0133539	51.516	0
17355	3.471	1.58243	1.6105	0.0133553	50.6923	0
17360	3.472	1.58245	1.6105	0.0133569	49.6915	0
17365	3.473	1.58246	1.6105	0.0133585	48.5597	0
17370	3.474	1.58247	1.6105	0.0133599	47.8531	0
17375	3.475	1.58248	1.6105	0.0133607	48.0747	0
17380	3.476	1.58248	1.6105	0.0133608	48.8193	0
17385	3.477	1.58247	1.6105	0.0133601	49.7833	0
17390	3.478	1.58247	1.6105	0.013359	50.7556	0
17395	3.479	1.58244	1.6105	0.0133577	51.6143	0
17400	3.48	1.58243	1.6105	0.0133564	52.2495	0
17405	3.481	1.58242	1.6105	0.0133554	52.6513	0
17410	3.482	1.58241	1.6105	0.0133548	52.7749	0
17415	3.483	1.58241	1.6105	0.0133548	52.6411	0
17420	3.484	1.58242	1.6105	0.0133553	52.2656	0
17425	3.485	1.58243	1.6105	0.0133564	51.6555	0
17430	3.486	1.58244	1.6105	0.0133579	50.8677	0
17435	3.487	1.58246	1.6105	0.0133596	49.8984	0
17440	3.488	1.58247	1.6105	0.0133615	48.7908	0
17445	3.489	1.58249	1.6105	0.0133631	47.8496	0
17450	3.49	1.5825	1.6105	0.0133642	47.9146	0
17455	3.491	1.58249	1.6105	0.0133646	48.5872	0
17460	3.492	1.58249	1.6105	0.0133642	49.5316	0
17465	3.493	1.58248	1.6105	0.0133633	50.5308	0
17470	3.494	1.58248	1.6105	0.0133621	51.4138	0
17475	3.495	1.58246	1.6105	0.0133608	52.111	0
17480	3.496	1.58245	1.6105	0.0133598	52.5516	0
17485	3.497	1.58245	1.6105	0.0133591	52.7311	0
17490	3.498	1.58245	1.6105	0.013359	52.651	0
17495	3.499	1.58245	1.6105	0.0133595	52.3252	0
17500	3.5	1.58245	1.6105	0.0133604	51.7748	0
17505	3.501	1.58245	1.6105	0.0133619	51.0127	0
17510	3.502	1.58247	1.6105	0.0133636	50.0777	0
17515	3.503	1.5825	1.6105	0.0133654	49.0105	0
17520	3.504	1.5825	1.6105	0.0133671	47.8089	0
17525	3.505	1.58252	1.6105	0.0133683	47.7294	0
17530	3.506	1.58252	1.6105	0.0133687	48.3089	0
17535	3.507	1.58252	1.6105	0.0133684	49.2416	0
17540	3.508	1.58251	1.6105	0.0133674	50.2427	0
17545	3.509	1.5825	1.6105	0.0133661	51.1635	0
17550	3.51	1.58247	1.6105	0.0133646	51.911	0
17555	3.511	1.58246	1.6105	0.0133633	52.4206	0
17560	3.512	1.58246	1.6105	0.0133624	52.6598	0
17565	3.513	1.58245	1.6105	0.0133619	52.6355	0
17570	3.514	1.58246	1.6105	0.013362	52.3615	0
17575	3.515	1.58246	1.6105	0.0133626	51.858	0
17580	3.516	1.58247	1.6105	0.0133637	51.1364	0
17585	3.517	1.58248	1.6105	0.0133651	50.2504	0
17590	3.518	1.58249	1.6105	0.0133666	49.1992	0
17595	3.519	1.58251	1.6105	0.0133681	48.036	0
17600	3.52	1.58251	1.6105	0.0133691	47.7523	0
17605	3.521	1.58251	1.6105	0.0133694	48.2343	0
17610	3.522	1.58251	1.6105	0.013369	49.1052	0
17615	3.523	1.5825	1.6105	0.0133679	50.1125	0
17620	3.524	1.58248	1.6105	0.0133664	51.052	0
17625	3.525	1.58245	1.6105	0.0133648	51.8385	0
17630	3.526	1.58244	1.6105	0.0133633	52.3934	0
17635	3.527	1.58244	1.6105	0.0133622	52.681	0
17640	3.528	1.58242	1.6105	0.0133615	52.7043	0
17645	3.529	1.58242	1.6105	0.0133613	52.4753	0
17650	3.53	1.58242	1.6105	0.0133618	52.0125	0
17655	3.531	1.58244	1.6105	0.0133627	51.338	0
17660	3.532	1.58245	1.6105	0.013364	50.4706	0
17665	3.533	1.58247	1.6105	0.0133655	49.4584	0
17670	3.534	1.58247	1.6105	0.0133669	48.3019	0
17675	3.535	1.58249	1.6105	0.013368	47.821	0
17680	3.536	1.58249	1.6105	0.0133685	48.1775	0
17685	3.537	1.58249	1.6105	0.0133682	48.9882	0
17690	3.538	1.58247	1.6105	0.0133673	49.9691	0
17695	3.539	1.58246	1.6105	0.0133659	50.9388	0
17700	3.54	1.58244	1.6105	0.0133644	51.7464	0
17705	3.541	1.58243	1.6105	0.0133629	52.3464	0
17710	3.542	1.58241	1.6105	0.0133618	52.6829	0
17715	3.543	1.58241	1.6105	0.0133611	52.7552	0
17720	3.544	1.58241	1.6105	0.013361	52.5724	0
17725	3.545	1.58241	1.6105	0.0133615	52.1519	0
17730	3.546	1.58243	1.6105	0.0133625	51.5168	0
17735	3.547	1.58244	1.6105	0.0133639	50.6797	0
17740	3.548	1.58246	1.6105	0.0133655	49.6947	0
17745	3.549	1.58247	1.6105	0.0133671	48.5605	0
17750	3.55	1.58248	1.6105	0.0133685	47.8564	0
17755	3.551	1.58249	1.6105	0.0133693	48.0653	0
17760	3.552	1.58249	1.6105	0.0133694	48.8104	0
17765	3.553	1.58248	1.6105	0.0133688	49.7749	0
17770	3.554	1.58246	1.6105	0.0133677	50.7599	0
17775	3.555	1.58245	1.6105	0.0133663	51.6039	0
17780	3.556	1.58244	1.6105	0.013365	52.2529	0
17785	3.557	1.58243	1.6105	0.013364	52.6391	0
17790	3.558	1.58242	1.6105	0.0133634	52.7747	0
17795	3.559	1.58242	1.6105	0.0133634	52.6407	0
17800	3.56	1.58243	1.6105	0.0133639	52.2537	0
17805	3.561	1.58244	1.6105	0.013365	51.6594	0
17810	3.562	1.58245	1.6105	0.0133665	50.8579	0
17815	3.563	1.58247	1.6105	0.0133682	49.9032	0
17820	3.564	1.58248	1.6105	0.01337	48.7923	0
17825	3.565	1.5825	1.6105	0.0133717	47.8413	0
17830	3.566	1.5825	1.6105	0.0133728	47.918	0
17835	3.567	1.5825	1.6105	0.0133731	48.5901	0
17840	3.568	1.5825	1.6105	0.0133727	49.534	0
17845	3.569	1.58249	1.6105	0.0133718	50.5216	0
17850	3.57	1.58248	1.6105	0.0133706	51.4144	0
17855	3.571	1.58247	1.6105	0.0133694	52.1019	0
17860	3.572	1.58246	1.6105	0.0133683	52.5553	0
17865	3.573	1.58244	1.6105	0.0133677	52.7343	0
17870	3.574	1.58244	1.6105	0.0133676	52.6537	0
17875	3.575	1.58245	1.6105	0.013368	52.3275	0
17880	3.576	1.58246	1.6105	0.013369	51.7645	0
17885	3.577	1.58246	1.6105	0.0133704	51.0124	0
17890	3.578	1.58248	1.6105	0.0133721	50.0791	0
17895	3.579	1.5825	1.6105	0.0133739	49.0087	0
17900	3.58	1.58251	1.6105	0.0133756	47.808	0
17905	3.581	1.58253	1.6105	0.0133768	47.7171	0
17910	3.582	1.58253	1.6105	0.0133772	48.3077	0
17915	3.583	1.58253	1.6105	0.0133769	49.2299	0
17920	3.584	1.58251	1.6105	0.0133759	50.2429	0
17925	3.585	1.5825	1.6105	0.0133746	51.1616	0
17930	3.586	1.58248	1.6105	0.0133732	51.9129	0
17935	3.587	1.58247	1.6105	0.0133719	52.4107	0
17940	3.588	1.58247	1.6105	0.0133709	52.66	0
17945	3.589	1.58245	1.6105	0.0133705	52.6354	0
17950	3.59	1.58245	1.6105	0.0133705	52.3612	0
17955	3.591	1.58247	1.6105	0.0133712	51.8575	0
17960	3.592	1.58247	1.6105	0.0133723	51.1376	0
17965	3.593	1.58249	1.6105	0.0133737	50.2485	0
17970	3.594	1.58249	1.6105	0.0133752	49.1982	0
17975	3.595	1.58252	1.6105	0.0133766	48.0235	0
17980	3.596	1.58252	1.6105	0.0133777	47.7509	0
17985	3.597	1.58252	1.6105	0.013378	48.2328	0
17990	3.598	1.58252	1.6105	0.0133775	49.1036	0
17995	3.599	1.5825	1.6105	0.0133765	50.1118	0
18000	3.6	1.58249	1.6105	0.013375	51.0511	0
18005	3.601	1.58246	1.6105	0.0133734	51.8394	0
18010	3.602	1.58245	1.6105	0.0133719	52.3827	0
18015	3.603	1.58245	1.6105	0.0133707	52.6803	0
18020	3.604	1.58243	1.6105	0.01337	52.7035	0
18025	3.605	1.58243	1.6105	0.0133699	52.4771	0
18030	3.606	1.58243	1.6105	0.0133703	52.0112	0
18035	3.607	1.58245	1.6105	0.0133712	51.3384	0
18040	3.608	1.58246	1.6105	0.0133725	50.4708	0
18045	3.609	1.58247	1.6105	0.013374	49.4433	0
18050	3.61	1.58248	1.6105	0.0133754	48.301	0
18055	3.611	1.5825	1.6105	0.0133766	47.8087	0
18060	3.612	1.5825	1.6105	0.0133771	48.1659	0
18065	3.613	1.5825	1.6105	0.0133768	48.9773	0
18070	3.614	1.58248	1.6105	0.0133759	49.9701	0
18075	3.615	1.58247	1.6105	0.0133745	50.9263	0
18080	3.616	1.58245	1.6105	0.013373	51.7498	0
18085	3.617	1.58244	1.6105	0.0133715	52.3379	0
18090	3.618	1.58242	1.6105	0.0133704	52.6843	0
18095	3.619	1.58242	1.6105	0.0133697	52.7591	0
18100	3.62	1.58242	1.6105	0.0133696	52.5758	0
18105	3.621	1.58242	1.6105	0.0133701	52.152	0
18110	3.622	1.58244	1.6105	0.0133711	51.5166	0
18115	3.623	1.58244	1.6105	0.0133725	50.6812	0
18120	3.624	1.58247	1.6105	0.0133741	49.6808	0
18125	3.625	1.58247	1.6105	0.0133758	48.5607	0
18130	3.626	1.58249	1.6105	0.0133771	47.8451	0
18135	3.627	1.58249	1.6105	0.0133779	48.065	0
18140	3.628	1.58249	1.6105	0.013378	48.8099	0
18145	3.629	1.58248	1.6105	0.0133774	49.7742	0
18150	3.63	1.58247	1.6105	0.0133763	50.76	0
18155	3.631	1.58246	1.6105	0.013375	51.6037	0
18160	3.632	1.58245	1.6105	0.0133737	52.2516	0
18165	3.633	1.58244	1.6105	0.0133727	52.6405	0
18170	3.634	1.58243	1.6105	0.0133721	52.7645	0
18175	3.635	1.58243	1.6105	0.013372	52.6311	0
18180	3.636	1.58243	1.6105	0.0133725	52.2559	0
18185	3.637	1.58245	1.6105	0.0133736	51.6584	0
18190	3.638	1.58245	1.6105	0.0133751	50.8577	0
18195	3.639	1.58248	1.6105	0.0133768	49.8915	0
18200	3.64	1.58248	1.6105	0.0133787	48.7944	0
18205	3.641	1.58251	1.6105	0.0133803	47.8431	0
18210	3.642	1.58251	1.6105	0.0133814	47.9166	0
18215	3.643	1.58251	1.6105	0.0133817	48.5886	0
18220	3.644	1.58251	1.6105	0.0133813	49.5324	0
18225	3.645	1.5825	1.6105	0.0133804	50.5227	0
18230	3.646	1.58249	1.6105	0.0133792	51.404	0
18235	3.647	1.58247	1.6105	0.013378	52.1005	0
18240	3.648	1.58247	1.6105	0.0133769	52.5435	0
18245	3.649	1.58245	1.6105	0.0133763	52.7345	0
18250	3.65	1.58245	1.6105	0.0133762	52.6537	0
18255	3.651	1.58246	1.6105	0.0133766	52.3159	0
18260	3.652	1.58247	1.6105	0.0133776	51.7639	0
18265	3.653	1.58247	1.6105	0.013379	51.0145	0
18270	3.654	1.58249	1.6105	0.0133808	50.0808	0
18275	3.655	1.58251	1.6105	0.0133826	48.9988	0
18280	3.656	1.58252	1.6105	0.0133842	47.8109	0
18285	3.657	1.58254	1.6105	0.0133855	47.7167	0
18290	3.658	1.58254	1.6105	0.0133859	48.309	0
18295	3.659	1.58254	1.6105	0.0133856	49.229	0
18300	3.66	1.58252	1.6105	0.0133846	50.2306	0
18305	3.661	1.58251	1.6105	0.0133833	51.1642	0
18310	3.662	1.58249	1.6105	0.0133818	51.8999	0
18315	3.663	1.58248	1.6105	0.0133805	52.4127	0
18320	3.664	1.58248	1.6105	0.0133796	52.6503	0
18325	3.665	1.58245	1.6105	0.0133791	52.6375	0
18330	3.666	1.58245	1.6105	0.0133792	52.3517	0
18335	3.667	1.58247	1.6105	0.0133798	51.8485	0
18340	3.668	1.58247	1.6105	0.0133809	51.1375	0
18345	3.669	1.58248	1.6105	0.0133823	50.2397	0
18350	3.67	1.5825	1.6105	0.0133838	49.2021	0
18355	3.671	1.58251	1.6105	0.0133852	48.0241	0
18360	3.672	1.58253	1.6105	0.0133862	47.7531	0
18365	3.673	1.58253	1.6105	0.0133866	48.2346	0
18370	3.674	1.58252	1.6105	0.0133861	49.1051	0
18375	3.675	1.58251	1.6105	0.013385	50.0997	0
18380	3.676	1.5825	1.6105	0.0133836	51.0539	0
18385	3.677	1.58247	1.6105	0.0133819	51.8267	0
18390	3.678	1.58246	1.6105	0.0133804	52.3848	0
18395	3.679	1.58245	1.6105	0.0133793	52.6708	0
18400	3.68	1.58244	1.6105	0.0133786	52.7058	0
18405	3.681	1.58244	1.6105	0.0133784	52.4762	0
18410	3.682	1.58244	1.6105	0.0133789	52.0129	0
18415	3.683	1.58246	1.6105	0.0133798	51.3286	0
18420	3.684	1.58247	1.6105	0.0133811	50.4699	0
18425	3.685	1.58248	1.6105	0.0133825	49.4461	0
18430	3.686	1.58249	1.6105	0.013384	48.3033	0
18435	3.687	1.58249	1.6105	0.0133851	47.8078	0
18440	3.688	1.58251	1.6105	0.0133856	48.1649	0
18445	3.689	1.58251	1.6105	0.0133853	48.9761	0
18450	3.69	1.58248	1.6105	0.0133844	49.9716	0
18455	3.691	1.58248	1.6105	0.013383	50.9275	0
18460	3.692	1.58246	1.6105	0.0133815	51.7469	0
18465	3.693	1.58245	1.6105	0.01338	52.3379	0
18470	3.694	1.58243	1.6105	0.0133789	52.6841	0
18475	3.695	1.58242	1.6105	0.0133782	52.7558	0
18480	3.696	1.58242	1.6105	0.0133781	52.5726	0
18485	3.697	1.58242	1.6105	0.0133786	52.1516	0
18490	3.698	1.58245	1.6105	0.0133796	51.5048	0
18495	3.699	1.58245	1.6105	0.013381	50.6786	0
18500	3.7	1.58247	1.6105	0.0133826	49.682	0
18505	3.701	1.58247	1.6105	0.0133842	48.5616	0
18510	3.702	1.5825	1.6105	0.0133856	47.8428	0
18515	3.703	1.5825	1.6105	0.0133864	48.0646	0
18520	3.704	1.5825	1.6105	0.0133865	48.8093	0
18525	3.705	1.58249	1.6105	0.0133859	49.7734	0
18530	3.706	1.58248	1.6105	0.0133848	50.7459	0
18535	3.707	1.58247	1.6105	0.0133834	51.6047	0
18540	3.708	1.58245	1.6105	0.0133821	52.24	0
18545	3.709	1.58244	1.6105	0.0133811	52.6381	0
18550	3.71	1.58243	1.6105	0.0133805	52.7649	0
18555	3.711	1.58243	1.6105	0.0133805	52.6312	0
18560	3.712	1.58244	1.6105	0.013381	52.253	0
18565	3.713	1.58244	1.6105	0.0133821	51.6471	0
18570	3.714	1.58246	1.6105	0.0133836	50.8593	0
18575	3.715	1.58249	1.6105	0.0133854	49.8899	0
18580	3.716	1.58249	1.6105	0.0133872	48.7834	0
18585	3.717	1.58251	1.6105	0.0133888	47.8402	0
18590	3.718	1.58252	1.6105	0.0133899	47.9053	0
18595	3.719	1.58252	1.6105	0.0133903	48.5779	0
18600	3.72	1.58252	1.6105	0.0133899	49.5224	0
18605	3.721	1.58251	1.6105	0.013389	50.5217	0
18610	3.722	1.58249	1.6105	0.0133878	51.4066	0
18615	3.723	1.58248	1.6105	0.0133865	52.1027	0
18620	3.724	1.58247	1.6105	0.0133855	52.5434	0
18625	3.725	1.58246	1.6105	0.0133848	52.7229	0
18630	3.726	1.58246	1.6105	0.0133847	52.6427	0
18635	3.727	1.58246	1.6105	0.0133852	52.3169	0
18640	3.728	1.58248	1.6105	0.0133861	51.7665	0
18645	3.729	1.58248	1.6105	0.0133876	51.0054	0
18650	3.73	1.5825	1.6105	0.0133893	50.0797	0
18655	3.731	1.58252	1.6105	0.0133911	49.0004	0
18660	3.732	1.58253	1.6105	0.0133928	47.799	0
18665	3.733	1.58254	1.6105	0.013394	47.7196	0
18670	3.734	1.58255	1.6105	0.0133944	48.3114	0
18675	3.735	1.58255	1.6105	0.0133941	49.231	0
18680	3.736	1.58253	1.6105	0.0133931	50.2323	0
18685	3.737	1.58252	1.6105	0.0133918	51.1627	0
18690	3.738	1.5825	1.6105	0.0133903	51.9002	0
18695	3.739	1.58249	1.6105	0.013389	52.4099	0
18700	3.74	1.58247	1.6105	0.0133881	52.6475	0
18705	3.741	1.58246	1.6105	0.0133876	52.6272	0
18710	3.742	1.58246	1.6105	0.0133877	52.3533	0
18715	3.743	1.58248	1.6105	0.0133883	51.846	0
18720	3.744	1.58248	1.6105	0.0133894	51.1378	0
18725	3.745	1.58249	1.6105	0.0133908	50.2398	0
18730	3.746	1.58251	1.6105	0.0133923	49.1888	0
18735	3.747	1.58252	1.6105	0.0133938	48.0257	0
18740	3.748	1.58254	1.6105	0.0133948	47.7544	0
18745	3.749	1.58254	1.6105	0.0133951	48.2243	0
18750	3.75	1.58253	1.6105	0.0133947	49.1067	0
18755	3.751	1.58251	1.6105	0.0133936	50.1009	0
18760	3.752	1.5825	1.6105	0.0133921	51.052	0
18765	3.753	1.58248	1.6105	0.0133905	51.8266	0
18770	3.754	1.58247	1.6105	0.013389	52.3817	0
18775	3.755	1.58246	1.6105	0.0133879	52.6714	0
18780	3.756	1.58245	1.6105	0.0133872	52.6949	0
18785	3.757	1.58245	1.6105	0.0133871	52.4659	0
18790	3.758	1.58245	1.6105	0.0133875	52.0033	0
18795	3.759	1.58247	1.6105	0.0133884	51.327	0
18800	3.76	1.58247	1.6105	0.0133897	50.4598	0
18805	3.761	1.58249	1.6105	0.0133912	49.4478	0
18810	3.762	1.5825	1.6105	0.0133926	48.2915	0
18815	3.763	1.5825	1.6105	0.0133937	47.8108	0
18820	3.764	1.58252	1.6105	0.0133942	48.1674	0
18825	3.765	1.5825	1.6105	0.0133939	48.9782	0
18830	3.766	1.58249	1.6105	0.013393	49.9592	0
18835	3.767	1.58249	1.6105	0.0133917	50.9291	0
18840	3.768	1.58247	1.6105	0.0133901	51.7368	0
18845	3.769	1.58246	1.6105	0.0133887	52.3369	0
18850	3.77	1.58243	1.6105	0.0133876	52.6754	0
18855	3.771	1.58243	1.6105	0.0133869	52.7588	0
18860	3.772	1.58243	1.6105	0.0133868	52.5751	0
18865	3.773	1.58243	1.6105	0.0133872	52.1425	0
18870	3.774	1.58245	1.6105	0.0133882	51.5037	0
18875	3.775	1.58246	1.6105	0.0133896	50.6801	0
18880	3.776	1.58247	1.6105	0.0133912	49.6832	0
18885	3.777	1.58248	1.6105	0.0133929	48.5493	0
18890	3.778	1.5825	1.6105	0.0133942	47.8454	0
18895	3.779	1.58251	1.6105	0.0133951	48.0554	0
18900	3.78	1.58251	1.6105	0.0133951	48.8007	0
18905	3.781	1.5825	1.6105	0.0133945	49.7766	0
18910	3.782	1.58249	1.6105	0.0133934	50.7486	0
18915	3.783	1.58248	1.6105	0.0133921	51.604	0
18920	3.784	1.58245	1.6105	0.0133908	52.2411	0
18925	3.785	1.58245	1.6105	0.0133898	52.6276	0
18930	3.786	1.58244	1.6105	0.0133892	52.7635	0
18935	3.787	1.58244	1.6105	0.0133892	52.6297	0
18940	3.788	1.58245	1.6105	0.0133897	52.2429	0
18945	3.789	1.58245	1.6105	0.0133908	51.6488	0
18950	3.79	1.58247	1.6105	0.0133923	50.8475	0
18955	3.791	1.58249	1.6105	0.0133941	49.893	0
18960	3.792	1.5825	1.6105	0.0133959	48.7831	0
18965	3.793	1.58252	1.6105	0.0133975	47.8435	0
18970	3.794	1.58253	1.6105	0.0133986	47.9081	0
18975	3.795	1.58253	1.6105	0.013399	48.5775	0
18980	3.796	1.58253	1.6105	0.0133986	49.5246	0
18985	3.797	1.58252	1.6105	0.0133977	50.5122	0
18990	3.798	1.58249	1.6105	0.0133964	51.4052	0
18995	3.799	1.58249	1.6105	0.0133952	52.0927	0
19000	3.8	1.58248	1.6105	0.0133942	52.5452	0
19005	3.801	1.58247	1.6105	0.0133935	52.7244	0
19010	3.802	1.58247	1.6105	0.0133934	52.6439	0
19015	3.803	1.58247	1.6105	0.0133938	52.3178	0
19020	3.804	1.58249	1.6105	0.0133948	51.7671	0
19025	3.805	1.58249	1.6105	0.0133963	51.0029	0
19030	3.806	1.58251	1.6105	0.013398	50.0697	0
19035	3.807	1.58253	1.6105	0.0133998	48.9994	0
19040	3.808	1.58254	1.6105	0.0134015	47.7997	0
19045	3.809	1.58255	1.6105	0.0134027	47.7163	0
19050	3.81	1.58256	1.6105	0.0134031	48.2969	0
19055	3.811	1.58255	1.6105	0.0134028	49.2174	0
19060	3.812	1.58254	1.6105	0.0134018	50.2346	0
19065	3.813	1.58253	1.6105	0.0134005	51.1533	0
19070	3.814	1.58251	1.6105	0.013399	51.9007	0
19075	3.815	1.5825	1.6105	0.0133977	52.4017	0
19080	3.816	1.58248	1.6105	0.0133968	52.651	0
19085	3.817	1.58247	1.6105	0.0133963	52.6265	0
19090	3.818	1.58247	1.6105	0.0133964	52.3523	0
19095	3.819	1.58249	1.6105	0.013397	51.8487	0
19100	3.82	1.58249	1.6105	0.0133981	51.1288	0
19105	3.821	1.5825	1.6105	0.0133995	50.2397	0
19110	3.822	1.58252	1.6105	0.013401	49.1904	0
19115	3.823	1.58253	1.6105	0.0134024	48.027	0
19120	3.824	1.58255	1.6105	0.0134035	47.7403	0
19125	3.825	1.58255	1.6105	0.0134038	48.2224	0
19130	3.826	1.58254	1.6105	0.0134034	49.0934	0
19135	3.827	1.58252	1.6105	0.0134023	50.1035	0
19140	3.828	1.58251	1.6105	0.0134008	51.0429	0
19145	3.829	1.58249	1.6105	0.0133992	51.8273	0
19150	3.83	1.58248	1.6105	0.0133977	52.3737	0
19155	3.831	1.58246	1.6105	0.0133965	52.6714	0
19160	3.832	1.58246	1.6105	0.0133958	52.6947	0
19165	3.833	1.58245	1.6105	0.0133957	52.4655	0
19170	3.834	1.58245	1.6105	0.0133961	52.0026	0
19175	3.835	1.58248	1.6105	0.0133971	51.3299	0
19180	3.836	1.58248	1.6105	0.0133983	50.4623	0
19185	3.837	1.5825	1.6105	0.0133998	49.447	0
19190	3.838	1.5825	1.6105	0.0134013	48.2925	0
19195	3.839	1.58251	1.6105	0.0134024	47.8115	0
19200	3.84	1.58252	1.6105	0.0134029	48.1528	0
19205	3.841	1.58251	1.6105	0.0134026	48.9758	0
19210	3.842	1.5825	1.6105	0.0134017	49.9606	0
19215	3.843	1.5825	1.6105	0.0134003	50.9169	0
19220	3.844	1.58247	1.6105	0.0133988	51.7395	0
19225	3.845	1.58247	1.6105	0.0133973	52.3391	0
19230	3.846	1.58244	1.6105	0.0133962	52.6735	0
19235	3.847	1.58244	1.6105	0.0133956	52.7456	0
19240	3.848	1.58244	1.6105	0.0133955	52.5627	0
19245	3.849	1.58244	1.6105	0.0133959	52.1421	0
19250	3.85	1.58246	1.6105	0.0133969	51.5069	0
19255	3.851	1.58247	1.6105	0.0133983	50.6716	0
19260	3.852	1.58248	1.6105	0.0133999	49.6835	0
19265	3.853	1.58249	1.6105	0.0134016	48.5513	0
19270	3.854	1.58251	1.6105	0.013403	47.832	0
19275	3.855	1.58252	1.6105	0.0134038	48.0541	0
19280	3.856	1.58252	1.6105	0.0134038	48.7992	0
19285	3.857	1.58251	1.6105	0.0134032	49.7637	0
19290	3.858	1.5825	1.6105	0.0134021	50.7516	0
19295	3.859	1.58249	1.6105	0.0134008	51.5953	0
19300	3.86	1.58246	1.6105	0.0133995	52.2422	0
19305	3.861	1.58246	1.6105	0.0133984	52.6312	0
19310	3.862	1.58245	1.6105	0.0133979	52.7553	0
19315	3.863	1.58245	1.6105	0.0133978	52.6219	0
19320	3.864	1.58246	1.6105	0.0133983	52.2469	0
19325	3.865	1.58246	1.6105	0.0133994	51.6494	0
19330	3.866	1.58248	1.6105	0.0134009	50.8497	0
19335	3.867	1.58249	1.6105	0.0134026	49.891	0
19340	3.868	1.58251	1.6105	0.0134044	48.7839	0
19345	3.869	1.58253	1.6105	0.013406	47.8327	0
19350	3.87	1.58254	1.6105	0.0134072	47.9074	0
19355	3.871	1.58254	1.6105	0.0134075	48.5794	0
19360	3.872	1.58254	1.6105	0.0134071	49.5233	0
19365	3.873	1.58252	1.6105	0.0134062	50.5108	0
19370	3.874	1.5825	1.6105	0.013405	51.4056	0
19375	3.875	1.5825	1.6105	0.0134037	52.09	0
19380	3.876	1.58249	1.6105	0.0134027	52.5426	0
19385	3.877	1.58248	1.6105	0.0134021	52.7255	0
19390	3.878	1.58248	1.6105	0.013402	52.6447	0
19395	3.879	1.58248	1.6105	0.0134024	52.3183	0
19400	3.88	1.58249	1.6105	0.0134034	51.7523	0
19405	3.881	1.58249	1.6105	0.0134048	51.0031	0
19410	3.882	1.58252	1.6105	0.0134065	50.0678	0
19415	3.883	1.58253	1.6105	0.0134083	48.989	0
19420	3.884	1.58255	1.6105	0.01341	47.7984	0
19425	3.885	1.58255	1.6105	0.0134112	47.7074	0
19430	3.886	1.58256	1.6105	0.0134116	48.2997	0
19435	3.887	1.58255	1.6105	0.0134113	49.2198	0
19440	3.888	1.58255	1.6105	0.0134103	50.2328	0
19445	3.889	1.58254	1.6105	0.013409	51.1542	0
19450	3.89	1.58252	1.6105	0.0134076	51.9014	0
19455	3.891	1.5825	1.6105	0.0134063	52.3993	0
19460	3.892	1.58249	1.6105	0.0134053	52.6504	0
19465	3.893	1.58248	1.6105	0.0134049	52.6257	0
19470	3.894	1.58248	1.6105	0.013405	52.3515	0
19475	3.895	1.58249	1.6105	0.0134056	51.8364	0
19480	3.896	1.5825	1.6105	0.0134067	51.1267	0
19485	3.897	1.58251	1.6105	0.0134081	50.2291	0
19490	3.898	1.58253	1.6105	0.0134096	49.1917	0
19495	3.899	1.58254	1.6105	0.013411	48.0138	0
19500	3.9	1.58256	1.6105	0.0134121	47.743	0
19505	3.901	1.58256	1.6105	0.0134124	48.2247	0
19510	3.902	1.58255	1.6105	0.013412	49.0953	0
19515	3.903	1.58253	1.6105	0.0134109	50.09	0
19520	3.904	1.58252	1.6105	0.0134094	51.0443	0
19525	3.905	1.5825	1.6105	0.0134078	51.8284	0
19530	3.906	1.58249	1.6105	0.0134063	52.3717	0
19535	3.907	1.58246	1.6105	0.0134051	52.6712	0
19540	3.908	1.58246	1.6105	0.0134044	52.6943	0
19545	3.909	1.58246	1.6105	0.0134043	52.4649	0
19550	3.91	1.58246	1.6105	0.0134047	52.0019	0
19555	3.911	1.58248	1.6105	0.0134056	51.3177	0
19560	3.912	1.58249	1.6105	0.0134069	50.4603	0
19565	3.913	1.58249	1.6105	0.0134084	49.4365	0
19570	3.914	1.58251	1.6105	0.0134098	48.291	0
19575	3.915	1.58252	1.6105	0.013411	47.7986	0
19580	3.916	1.58252	1.6105	0.0134114	48.1558	0
19585	3.917	1.58252	1.6105	0.0134112	48.9671	0
19590	3.918	1.58251	1.6105	0.0134103	49.9598	0
19595	3.919	1.58251	1.6105	0.0134089	50.9188	0
19600	3.92	1.58248	1.6105	0.0134074	51.7382	0
19605	3.921	1.58247	1.6105	0.0134059	52.3283	0
19610	3.922	1.58245	1.6105	0.0134048	52.6746	0
19615	3.923	1.58245	1.6105	0.0134041	52.7464	0
19620	3.924	1.58245	1.6105	0.013404	52.5632	0
19625	3.925	1.58245	1.6105	0.0134045	52.1424	0
19630	3.926	1.58246	1.6105	0.0134055	51.4956	0
19635	3.927	1.58248	1.6105	0.0134069	50.6704	0
19640	3.928	1.58248	1.6105	0.0134085	49.6738	0
19645	3.929	1.5825	1.6105	0.0134101	48.5505	0
19650	3.93	1.58252	1.6105	0.0134115	47.8348	0
19655	3.931	1.58253	1.6105	0.0134123	48.0565	0
19660	3.932	1.58253	1.6105	0.0134124	48.8012	0
19665	3.933	1.58252	1.6105	0.0134117	49.7653	0
19670	3.934	1.5825	1.6105	0.0134106	50.7378	0
19675	3.935	1.58249	1.6105	0.0134093	51.5965	0
19680	3.936	1.58247	1.6105	0.013408	52.2319	0
19685	3.937	1.58247	1.6105	0.013407	52.6299	0
19690	3.938	1.58246	1.6105	0.0134064	52.7539	0
19695	3.939	1.58246	1.6105	0.0134064	52.6204	0
19700	3.94	1.58247	1.6105	0.0134069	52.2452	0
19705	3.941	1.58247	1.6105	0.013408	51.6505	0
19710	3.942	1.58249	1.6105	0.0134095	50.8505	0
19715	3.943	1.5825	1.6105	0.0134112	49.8812	0
19720	3.944	1.58252	1.6105	0.0134131	48.786	0
19725	3.945	1.58254	1.6105	0.0134147	47.8316	0
19730	3.946	1.58255	1.6105	0.0134158	47.908	0
19735	3.947	1.58255	1.6105	0.0134161	48.5684	0
19740	3.948	1.58254	1.6105	0.0134158	49.5243	0
19745	3.949	1.58253	1.6105	0.0134148	50.5115	0
19750	3.95	1.58251	1.6105	0.0134136	51.3928	0
19755	3.951	1.58251	1.6105	0.0134124	52.0922	0
19760	3.952	1.58249	1.6105	0.0134114	52.533	0
19765	3.953	1.58249	1.6105	0.0134107	52.7127	0
19770	3.954	1.58248	1.6105	0.0134106	52.644	0
19775	3.955	1.58248	1.6105	0.0134111	52.3061	0
19780	3.956	1.5825	1.6105	0.013412	51.7559	0
19785	3.957	1.5825	1.6105	0.0134135	50.9922	0
19790	3.958	1.58253	1.6105	0.0134152	50.0707	0
19795	3.959	1.58253	1.6105	0.013417	48.9914	0
19800	3.96	1.58255	1.6105	0.0134187	47.7882	0
19805	3.961	1.58256	1.6105	0.0134199	47.709	0
19810	3.962	1.58257	1.6105	0.0134203	48.301	0
19815	3.963	1.58256	1.6105	0.01342	49.2208	0
19820	3.964	1.58256	1.6105	0.013419	50.2221	0
19825	3.965	1.58255	1.6105	0.0134177	51.1527	0
19830	3.966	1.58252	1.6105	0.0134162	51.8922	0
19835	3.967	1.58251	1.6105	0.0134149	52.4019	0
19840	3.968	1.5825	1.6105	0.013414	52.6394	0
19845	3.969	1.58249	1.6105	0.0134135	52.6154	0
19850	3.97	1.58249	1.6105	0.0134136	52.3417	0
19855	3.971	1.5825	1.6105	0.0134142	51.8385	0
19860	3.972	1.58251	1.6105	0.0134153	51.1302	0
19865	3.973	1.58252	1.6105	0.0134167	50.2321	0
19870	3.974	1.58254	1.6105	0.0134182	49.1905	0
19875	3.975	1.58254	1.6105	0.0134196	48.0153	0
19880	3.976	1.58256	1.6105	0.0134206	47.7442	0
19885	3.977	1.58256	1.6105	0.013421	48.2237	0
19890	3.978	1.58255	1.6105	0.0134205	49.096	0
19895	3.979	1.58254	1.6105	0.0134194	50.0904	0
19900	3.98	1.58253	1.6105	0.013418	51.0417	0
19905	3.981	1.58251	1.6105	0.0134164	51.8183	0
19910	3.982	1.5825	1.6105	0.0134149	52.3734	0
19915	3.983	1.58247	1.6105	0.0134137	52.6594	0
19920	3.984	1.58247	1.6105	0.013413	52.6973	0
19925	3.985	1.58247	1.6105	0.0134129	52.4675	0
19930	3.986	1.58247	1.6105	0.0134133	51.9927	0
19935	3.987	1.58248	1.6105	0.0134142	51.3175	0
19940	3.988	1.5825	1.6105	0.0134155	50.4618	0
19945	3.989	1.5825	1.6105	0.013417	49.4377	0
19950	3.99	1.58252	1.6105	0.0134184	48.2909	0
19955	3.991	1.58253	1.6105	0.0134196	47.7983	0
19960	3.992	1.58253	1.6105	0.01342	48.1553	0
19965	3.993	1.58253	1.6105	0.0134198	48.9664	0
19970	3.994	1.58252	1.6105	0.0134189	49.9477	0
19975	3.995	1.58251	1.6105	0.0134175	50.9159	0
19980	3.996	1.58249	1.6105	0.013416	51.7278	0
19985	3.997	1.58248	1.6105	0.0134145	52.3279	0
19990	3.998	1.58246	1.6105	0.0134134	52.6655	0
19995	3.999	1.58246	1.6105	0.0134127	52.7491	0
20000	4	1.58246	1.6105	0.0134126	52.5655	0
20005	4.001	1.58246	1.6105	0.013413	52.1443	0
20010	4.002	1.58247	1.6105	0.013414	51.4943	0
20015	4.003	1.58248	1.6105	0.0134154	50.6709	0
20020	4.004	1.58249	1.6105	0.013417	49.674	0
20025	4.005	1.58251	1.6105	0.0134187	48.5383	0
20030	4.006	1.58252	1.6105	0.0134201	47.8346	0
20035	4.007	1.58254	1.6105	0.0134209	48.0543	0
20040	4.008	1.58254	1.6105	0.0134209	48.799	0
20045	4.009	1.58253	1.6105	0.0134203	49.7649	0
20050	4.01	1.58251	1.6105	0.0134192	50.7372	0
20055	4.011	1.5825	1.6105	0.0134179	51.5929	0
20060	4.012	1.58248	1.6105	0.0134166	52.2321	0
20065	4.013	1.58248	1.6105	0.0134156	52.6299	0
20070	4.014	1.58247	1.6105	0.013415	52.7536	0
20075	4.015	1.58247	1.6105	0.013415	52.62	0
20080	4.016	1.58248	1.6105	0.0134155	52.2446	0
20085	4.017	1.58248	1.6105	0.0134166	51.6385	0
20090	4.018	1.5825	1.6105	0.0134181	50.8468	0
20095	4.019	1.5825	1.6105	0.0134199	49.8803	0
20100	4.02	1.58253	1.6105	0.0134217	48.7718	0
20105	4.021	1.58255	1.6105	0.0134233	47.8324	0
20110	4.022	1.58255	1.6105	0.0134244	47.8944	0
20115	4.023	1.58255	1.6105	0.0134248	48.567	0
20120	4.024	1.58255	1.6105	0.0134244	49.5115	0
20125	4.025	1.58254	1.6105	0.0134235	50.5136	0
20130	4.026	1.58252	1.6105	0.0134223	51.3945	0
20135	4.027	1.58252	1.6105	0.013421	52.0907	0
20140	4.028	1.58249	1.6105	0.01342	52.5333	0
20145	4.029	1.58249	1.6105	0.0134194	52.7128	0
20150	4.03	1.58249	1.6105	0.0134192	52.6326	0
20155	4.031	1.58249	1.6105	0.0134197	52.3066	0
20160	4.032	1.5825	1.6105	0.0134207	51.7562	0
20165	4.033	1.58251	1.6105	0.0134221	50.9931	0
20170	4.034	1.58253	1.6105	0.0134238	50.0601	0
20175	4.035	1.58254	1.6105	0.0134256	48.9899	0
20180	4.036	1.58256	1.6105	0.0134273	47.7903	0
20185	4.037	1.58257	1.6105	0.0134285	47.7079	0
20190	4.038	1.58258	1.6105	0.0134289	48.2998	0
20195	4.039	1.58257	1.6105	0.0134286	49.2195	0
20200	4.04	1.58256	1.6105	0.0134276	50.2236	0
20205	4.041	1.58256	1.6105	0.0134263	51.1538	0
20210	4.042	1.58253	1.6105	0.0134249	51.8893	0
20215	4.043	1.58252	1.6105	0.0134236	52.4018	0
20220	4.044	1.58251	1.6105	0.0134226	52.6391	0
20225	4.045	1.5825	1.6105	0.0134222	52.6149	0
20230	4.046	1.5825	1.6105	0.0134223	52.341	0
20235	4.047	1.5825	1.6105	0.0134229	51.8376	0
20240	4.048	1.58252	1.6105	0.013424	51.118	0
20245	4.049	1.58252	1.6105	0.0134254	50.2291	0
20250	4.05	1.58255	1.6105	0.0134269	49.18	0
20255	4.051	1.58255	1.6105	0.0134283	48.0139	0
20260	4.052	1.58257	1.6105	0.0134294	47.7314	0
20265	4.053	1.58257	1.6105	0.0134297	48.2135	0
20270	4.054	1.58256	1.6105	0.0134292	49.0845	0
20275	4.055	1.58255	1.6105	0.0134282	50.091	0
20280	4.056	1.58254	1.6105	0.0134267	51.0334	0
20285	4.057	1.58251	1.6105	0.0134251	51.818	0
20290	4.058	1.5825	1.6105	0.0134236	52.3758	0
20295	4.059	1.58248	1.6105	0.0134224	52.6613	0
20300	4.06	1.58248	1.6105	0.0134217	52.6847	0
20305	4.061	1.58248	1.6105	0.0134216	52.4557	0
20310	4.062	1.58248	1.6105	0.013422	51.9929	0
20315	4.063	1.58249	1.6105	0.0134229	51.3203	0
20320	4.064	1.58251	1.6105	0.0134242	50.4528	0
20325	4.065	1.58251	1.6105	0.0134257	49.4377	0
20330	4.066	1.58253	1.6105	0.0134271	48.2832	0
20335	4.067	1.58254	1.6105	0.0134282	47.7994	0
20340	4.068	1.58254	1.6105	0.0134287	48.1561	0
20345	4.069	1.58253	1.6105	0.0134284	48.9669	0
20350	4.07	1.58253	1.6105	0.0134275	49.9508	0
20355	4.071	1.58252	1.6105	0.0134261	50.9185	0
20360	4.072	1.5825	1.6105	0.0134246	51.7262	0
20365	4.073	1.58249	1.6105	0.0134232	52.3291	0
20370	4.074	1.58247	1.6105	0.0134221	52.6635	0
20375	4.075	1.58247	1.6105	0.0134214	52.7358	0
20380	4.076	1.58247	1.6105	0.0134213	52.553	0
20385	4.077	1.58247	1.6105	0.0134218	52.1325	0
20390	4.078	1.58248	1.6105	0.0134227	51.4974	0
20395	4.079	1.58249	1.6105	0.0134241	50.6622	0
20400	4.08	1.58249	1.6105	0.0134257	49.6743	0
20405	4.081	1.58252	1.6105	0.0134274	48.5421	0
20410	4.082	1.58252	1.6105	0.0134288	47.8351	0
20415	4.083	1.58255	1.6105	0.0134296	48.045	0
20420	4.084	1.58254	1.6105	0.0134296	48.7902	0
20425	4.085	1.58253	1.6105	0.013429	49.7547	0
20430	4.086	1.58252	1.6105	0.0134279	50.7417	0
20435	4.087	1.58251	1.6105	0.0134266	51.5855	0
20440	4.088	1.58249	1.6105	0.0134253	52.2326	0
20445	4.089	1.58249	1.6105	0.0134242	52.6217	0
20450	4.09	1.58248	1.6105	0.0134237	52.7572	0
20455	4.091	1.58248	1.6105	0.0134236	52.623	0
20460	4.092	1.58248	1.6105	0.0134241	52.2359	0
20465	4.093	1.58248	1.6105	0.0134252	51.6387	0
20470	4.094	1.58251	1.6105	0.0134267	50.8392	0
20475	4.095	1.58251	1.6105	0.0134285	49.8816	0
20480	4.096	1.58253	1.6105	0.0134303	48.7746	0
20485	4.097	1.58256	1.6105	0.0134319	47.8197	0
20490	4.098	1.58256	1.6105	0.013433	47.8966	0
20495	4.099	1.58256	1.6105	0.0134334	48.5689	0
20500	4.1	1.58256	1.6105	0.013433	49.5129	0
20505	4.101	1.58255	1.6105	0.0134321	50.5006	0
20510	4.102	1.58253	1.6105	0.0134309	51.3974	0
20515	4.103	1.58253	1.6105	0.0134296	52.0818	0
20520	4.104	1.5825	1.6105	0.0134286	52.5343	0
20525	4.105	1.5825	1.6105	0.0134279	52.7163	0
20530	4.106	1.5825	1.6105	0.0134278	52.6356	0
20535	4.107	1.5825	1.6105	0.0134283	52.3064	0
20540	4.108	1.58251	1.6105	0.0134292	51.7445	0
20545	4.109	1.58252	1.6105	0.0134307	50.9953	0
20550	4.11	1.58254	1.6105	0.0134324	50.0581	0
20555	4.111	1.58255	1.6105	0.0134342	48.9906	0
20560	4.112	1.58257	1.6105	0.0134359	47.7889	0
20565	4.113	1.58258	1.6105	0.0134371	47.698	0
20570	4.114	1.58258	1.6105	0.0134375	48.2904	0
20575	4.115	1.58257	1.6105	0.0134372	49.2106	0
20580	4.116	1.58256	1.6105	0.0134362	50.2236	0
20585	4.117	1.58256	1.6105	0.0134349	51.1442	0
20590	4.118	1.58254	1.6105	0.0134334	51.8915	0
20595	4.119	1.58253	1.6105	0.0134322	52.3895	0
20600	4.12	1.58251	1.6105	0.0134312	52.6426	0
20605	4.121	1.5825	1.6105	0.0134307	52.6179	0
20610	4.122	1.5825	1.6105	0.0134308	52.3436	0
20615	4.123	1.58251	1.6105	0.0134314	51.8398	0
20620	4.124	1.58253	1.6105	0.0134325	51.1159	0
20625	4.125	1.58253	1.6105	0.0134339	50.2298	0
20630	4.126	1.58255	1.6105	0.0134354	49.1785	0
20635	4.127	1.58256	1.6105	0.0134368	48.0039	0
20640	4.128	1.58257	1.6105	0.0134379	47.7333	0
20645	4.129	1.58258	1.6105	0.0134382	48.215	0
20650	4.13	1.58257	1.6105	0.0134378	49.0857	0
20655	4.131	1.58255	1.6105	0.0134367	50.0918	0
20660	4.132	1.58255	1.6105	0.0134352	51.0331	0
20665	4.133	1.58252	1.6105	0.0134336	51.8175	0
20670	4.134	1.58251	1.6105	0.0134321	52.3609	0
20675	4.135	1.58249	1.6105	0.0134309	52.6625	0
20680	4.136	1.58249	1.6105	0.0134302	52.6856	0
20685	4.137	1.58249	1.6105	0.0134301	52.4563	0
20690	4.138	1.58249	1.6105	0.0134305	51.9933	0
20695	4.139	1.5825	1.6105	0.0134314	51.3204	0
20700	4.14	1.58251	1.6105	0.0134327	50.4489	0
20705	4.141	1.58252	1.6105	0.0134342	49.4367	0
20710	4.142	1.58254	1.6105	0.0134356	48.2802	0
20715	4.143	1.58254	1.6105	0.0134368	47.7993	0
20720	4.144	1.58254	1.6105	0.0134372	48.1445	0
20725	4.145	1.58254	1.6105	0.013437	48.956	0
20730	4.146	1.58253	1.6105	0.0134361	49.949	0
20735	4.147	1.58252	1.6105	0.0134347	50.9072	0
20740	4.148	1.58251	1.6105	0.0134332	51.7269	0
20745	4.149	1.58249	1.6105	0.0134317	52.3153	0
20750	4.15	1.58248	1.6105	0.0134306	52.6657	0
20755	4.151	1.58248	1.6105	0.0134299	52.7376	0
20760	4.152	1.58247	1.6105	0.0134298	52.5545	0
20765	4.153	1.58247	1.6105	0.0134303	52.1336	0
20770	4.154	1.58248	1.6105	0.0134313	51.4982	0
20775	4.155	1.5825	1.6105	0.0134327	50.659	0
20780	4.156	1.5825	1.6105	0.0134343	49.6626	0
20785	4.157	1.58253	1.6105	0.0134359	48.5405	0
20790	4.158	1.58253	1.6105	0.0134373	47.825	0
20795	4.159	1.58255	1.6105	0.0134381	48.0468	0
20800	4.16	1.58255	1.6105	0.0134382	48.7916	0
20805	4.161	1.58253	1.6105	0.0134376	49.7558	0
20810	4.162	1.58253	1.6105	0.0134365	50.7397	0
20815	4.163	1.58252	1.6105	0.0134352	51.5853	0
20820	4.164	1.5825	1.6105	0.0134339	52.2322	0
20825	4.165	1.58249	1.6105	0.0134329	52.6183	0
20830	4.166	1.58249	1.6105	0.0134323	52.7425	0
20835	4.167	1.58249	1.6105	0.0134322	52.6093	0
20840	4.168	1.58249	1.6105	0.0134328	52.2343	0
20845	4.169	1.58249	1.6105	0.0134338	51.6398	0
20850	4.17	1.58251	1.6105	0.0134353	50.8381	0
20855	4.171	1.58252	1.6105	0.0134371	49.872	0
20860	4.172	1.58254	1.6105	0.0134389	48.774	0
20865	4.173	1.58255	1.6105	0.0134405	47.8227	0
20870	4.174	1.58257	1.6105	0.0134416	47.8991	0
20875	4.175	1.58257	1.6105	0.013442	48.571	0
20880	4.176	1.58257	1.6105	0.0134416	49.5147	0
20885	4.177	1.58256	1.6105	0.0134407	50.502	0
20890	4.178	1.58253	1.6105	0.0134395	51.3946	0
20895	4.179	1.58253	1.6105	0.0134382	52.0819	0
20900	4.18	1.58251	1.6105	0.0134372	52.5229	0
20905	4.181	1.58251	1.6105	0.0134366	52.714	0
20910	4.182	1.58251	1.6105	0.0134364	52.6333	0
20915	4.183	1.58251	1.6105	0.0134369	52.2956	0
20920	4.184	1.58252	1.6105	0.0134378	51.7456	0
20925	4.185	1.58253	1.6105	0.0134393	50.9933	0
20930	4.186	1.58255	1.6105	0.013441	50.0598	0
20935	4.187	1.58256	1.6105	0.0134428	48.9779	0
20940	4.188	1.58258	1.6105	0.0134445	47.7901	0
20945	4.189	1.58259	1.6105	0.0134457	47.6989	0
20950	4.19	1.58258	1.6105	0.0134461	48.2873	0
20955	4.191	1.58258	1.6105	0.0134458	49.2112	0
20960	4.192	1.58257	1.6105	0.0134448	50.2127	0
20965	4.193	1.58256	1.6105	0.0134435	51.1433	0
20970	4.194	1.58255	1.6105	0.0134421	51.8933	0
20975	4.195	1.58254	1.6105	0.0134408	52.391	0
20980	4.196	1.58252	1.6105	0.0134398	52.6287	0
20985	4.197	1.58251	1.6105	0.0134394	52.6162	0
20990	4.198	1.58251	1.6105	0.0134394	52.3418	0
20995	4.199	1.58252	1.6105	0.0134401	51.8266	0
21000	4.2	1.58253	1.6105	0.0134412	51.1186	0
21005	4.201	1.58254	1.6105	0.0134426	50.218	0
21010	4.202	1.58256	1.6105	0.0134441	49.1806	0
21015	4.203	1.58257	1.6105	0.0134455	48.0056	0
21020	4.204	1.58258	1.6105	0.0134465	47.7308	0
21025	4.205	1.58259	1.6105	0.0134469	48.2125	0
21030	4.206	1.58258	1.6105	0.0134464	49.0832	0
21035	4.207	1.58256	1.6105	0.0134453	50.0818	0
21040	4.208	1.58255	1.6105	0.0134439	51.033	0
21045	4.209	1.58253	1.6105	0.0134422	51.8078	0
21050	4.21	1.58252	1.6105	0.0134408	52.364	0
21055	4.211	1.5825	1.6105	0.0134396	52.6501	0
21060	4.212	1.5825	1.6105	0.0134389	52.6852	0
21065	4.213	1.5825	1.6105	0.0134388	52.4585	0
21070	4.214	1.58249	1.6105	0.0134392	51.9923	0
21075	4.215	1.5825	1.6105	0.0134401	51.308	0
21080	4.216	1.58252	1.6105	0.0134414	50.4523	0
21085	4.217	1.58252	1.6105	0.0134429	49.4255	0
21090	4.218	1.58255	1.6105	0.0134443	48.2828	0
21095	4.219	1.58255	1.6105	0.0134455	47.7902	0
21100	4.22	1.58255	1.6105	0.013446	48.1472	0
21105	4.221	1.58255	1.6105	0.0134457	48.9583	0
21110	4.222	1.58254	1.6105	0.0134448	49.9396	0
21115	4.223	1.58253	1.6105	0.0134434	50.9077	0
21120	4.224	1.58252	1.6105	0.0134419	51.7299	0
21125	4.225	1.58249	1.6105	0.0134405	52.318	0
21130	4.226	1.58248	1.6105	0.0134393	52.6642	0
21135	4.227	1.58248	1.6105	0.0134387	52.7388	0
21140	4.228	1.58248	1.6105	0.0134386	52.5553	0
21145	4.229	1.58248	1.6105	0.013439	52.1314	0
21150	4.23	1.58249	1.6105	0.01344	51.4846	0
21155	4.231	1.58251	1.6105	0.0134414	50.6613	0
21160	4.232	1.58251	1.6105	0.0134431	49.6617	0
21165	4.233	1.58253	1.6105	0.0134447	48.5301	0
21170	4.234	1.58254	1.6105	0.0134461	47.8227	0
21175	4.235	1.58256	1.6105	0.0134469	48.0445	0
21180	4.236	1.58256	1.6105	0.013447	48.7893	0
21185	4.237	1.58254	1.6105	0.0134464	49.7534	0
21190	4.238	1.58254	1.6105	0.0134453	50.7297	0
21195	4.239	1.58253	1.6105	0.013444	51.5853	0
21200	4.24	1.5825	1.6105	0.0134427	52.2207	0
21205	4.241	1.5825	1.6105	0.0134416	52.6216	0
21210	4.242	1.58249	1.6105	0.013441	52.7453	0
21215	4.243	1.58249	1.6105	0.013441	52.6117	0
21220	4.244	1.5825	1.6105	0.0134415	52.2363	0
21225	4.245	1.5825	1.6105	0.0134426	51.6273	0
21230	4.246	1.58252	1.6105	0.0134441	50.8396	0
21235	4.247	1.58253	1.6105	0.0134458	49.8731	0
21240	4.248	1.58255	1.6105	0.0134477	48.7626	0
21245	4.249	1.58256	1.6105	0.0134493	47.8233	0
21250	4.25	1.58258	1.6105	0.0134504	47.8863	0
21255	4.251	1.58258	1.6105	0.0134507	48.5589	0
21260	4.252	1.58258	1.6105	0.0134503	49.5033	0
21265	4.253	1.58257	1.6105	0.0134494	50.5045	0
21270	4.254	1.58254	1.6105	0.0134482	51.3854	0
21275	4.255	1.58254	1.6105	0.0134469	52.0817	0
21280	4.256	1.58252	1.6105	0.0134459	52.5262	0
21285	4.257	1.58252	1.6105	0.0134453	52.7055	0
21290	4.258	1.58252	1.6105	0.0134452	52.6253	0
21295	4.259	1.58252	1.6105	0.0134456	52.2992	0
21300	4.26	1.58253	1.6105	0.0134466	51.745	0
21305	4.261	1.58254	1.6105	0.013448	50.984	0
21310	4.262	1.58256	1.6105	0.0134497	50.0604	0
21315	4.263	1.58256	1.6105	0.0134515	48.9811	0
21320	4.264	1.58259	1.6105	0.0134532	47.7806	0
21325	4.265	1.58259	1.6105	0.0134544	47.6993	0
21330	4.266	1.58259	1.6105	0.0134548	48.2912	0
21335	4.267	1.58259	1.6105	0.0134545	49.2109	0
21340	4.268	1.58259	1.6105	0.0134535	50.2121	0
21345	4.269	1.58257	1.6105	0.0134522	51.1454	0
21350	4.27	1.58255	1.6105	0.0134508	51.8809	0
21355	4.271	1.58255	1.6105	0.0134495	52.3925	0
21360	4.272	1.58253	1.6105	0.0134485	52.6299	0
21365	4.273	1.58252	1.6105	0.0134481	52.6057	0
21370	4.274	1.58252	1.6105	0.0134481	52.3319	0
21375	4.275	1.58253	1.6105	0.0134488	51.8286	0
21380	4.276	1.58254	1.6105	0.0134498	51.1184	0
21385	4.277	1.58255	1.6105	0.0134512	50.2203	0
21390	4.278	1.58257	1.6105	0.0134527	49.1703	0
21395	4.279	1.58258	1.6105	0.0134542	48.0053	0
21400	4.28	1.58259	1.6105	0.0134552	47.7341	0
21405	4.281	1.5826	1.6105	0.0134555	48.2031	0
21410	4.282	1.58257	1.6105	0.0134551	49.0865	0
21415	4.283	1.58257	1.6105	0.013454	50.0809	0
21420	4.284	1.58256	1.6105	0.0134525	51.0348	0
21425	4.285	1.58254	1.6105	0.0134509	51.8073	0
21430	4.286	1.58253	1.6105	0.0134494	52.3643	0
21435	4.287	1.58251	1.6105	0.0134482	52.6501	0
21440	4.288	1.5825	1.6105	0.0134475	52.6738	0
21445	4.289	1.5825	1.6105	0.0134474	52.4449	0
21450	4.29	1.5825	1.6105	0.0134478	51.9824	0
21455	4.291	1.58251	1.6105	0.0134487	51.31	0
21460	4.292	1.58252	1.6105	0.01345	50.4407	0
21465	4.293	1.58253	1.6105	0.0134515	49.4287	0
21470	4.294	1.58255	1.6105	0.0134529	48.2733	0
21475	4.295	1.58256	1.6105	0.013454	47.7906	0
21480	4.296	1.58256	1.6105	0.0134545	48.1473	0
21485	4.297	1.58256	1.6105	0.0134542	48.9582	0
21490	4.298	1.58255	1.6105	0.0134533	49.9411	0
21495	4.299	1.58253	1.6105	0.0134519	50.9099	0
21500	4.3	1.58252	1.6105	0.0134504	51.7176	0
21505	4.301	1.5825	1.6105	0.0134489	52.3195	0
21510	4.302	1.58249	1.6105	0.0134478	52.6541	0
21515	4.303	1.58249	1.6105	0.0134471	52.7377	0
21520	4.304	1.58249	1.6105	0.013447	52.5541	0
21525	4.305	1.58249	1.6105	0.0134475	52.1216	0
21530	4.306	1.5825	1.6105	0.0134485	51.4867	0
21535	4.307	1.58251	1.6105	0.0134499	50.6611	0
21540	4.308	1.58252	1.6105	0.0134515	49.6641	0
21545	4.309	1.58254	1.6105	0.0134531	48.5312	0
21550	4.31	1.58255	1.6105	0.0134545	47.8253	0
21555	4.311	1.58257	1.6105	0.0134553	48.0345	0
21560	4.312	1.58257	1.6105	0.0134554	48.7798	0
21565	4.313	1.58255	1.6105	0.0134548	49.7567	0
21570	4.314	1.58255	1.6105	0.0134536	50.7288	0
21575	4.315	1.58253	1.6105	0.0134523	51.5871	0
21580	4.316	1.58251	1.6105	0.013451	52.2221	0
21585	4.317	1.5825	1.6105	0.01345	52.6085	0
21590	4.318	1.5825	1.6105	0.0134494	52.7463	0
21595	4.319	1.5825	1.6105	0.0134494	52.6123	0
21600	4.32	1.5825	1.6105	0.0134499	52.2348	0
21605	4.321	1.58251	1.6105	0.013451	51.6286	0
21610	4.322	1.58253	1.6105	0.0134525	50.8405	0
21615	4.323	1.58254	1.6105	0.0134542	49.8709	0
21620	4.324	1.58256	1.6105	0.0134561	48.7631	0
21625	4.325	1.58257	1.6105	0.0134577	47.8217	0
21630	4.326	1.58259	1.6105	0.0134588	47.8865	0
21635	4.327	1.58259	1.6105	0.0134591	48.5589	0
21640	4.328	1.58259	1.6105	0.0134588	49.5031	0
21645	4.329	1.58256	1.6105	0.0134578	50.4909	0
21650	4.33	1.58255	1.6105	0.0134566	51.3859	0
21655	4.331	1.58255	1.6105	0.0134554	52.0706	0
21660	4.332	1.58253	1.6105	0.0134543	52.5243	0
21665	4.333	1.58253	1.6105	0.0134537	52.7035	0
21670	4.334	1.58253	1.6105	0.0134536	52.6232	0
21675	4.335	1.58253	1.6105	0.013454	52.2971	0
21680	4.336	1.58252	1.6105	0.013455	51.7466	0
21685	4.337	1.58254	1.6105	0.0134564	50.9843	0
21690	4.338	1.58257	1.6105	0.0134581	50.0492	0
21695	4.339	1.58258	1.6105	0.01346	48.9818	0
21700	4.34	1.58259	1.6105	0.0134616	47.7783	0
21705	4.341	1.5826	1.6105	0.0134628	47.6988	0
21710	4.342	1.5826	1.6105	0.0134633	48.2793	0
21715	4.343	1.5826	1.6105	0.0134629	49.2109	0
21720	4.344	1.58259	1.6105	0.013462	50.212	0
21725	4.345	1.58257	1.6105	0.0134606	51.1309	0
21730	4.346	1.58256	1.6105	0.0134592	51.8824	0
21735	4.347	1.58254	1.6105	0.0134579	52.3805	0
21740	4.348	1.58254	1.6105	0.013457	52.6299	0
21745	4.349	1.58253	1.6105	0.0134565	52.6074	0
21750	4.35	1.58253	1.6105	0.0134566	52.3332	0
21755	4.351	1.58254	1.6105	0.0134572	51.8277	0
21760	4.352	1.58255	1.6105	0.0134583	51.108	0
21765	4.353	1.58256	1.6105	0.0134597	50.2218	0
21770	4.354	1.58258	1.6105	0.0134612	49.1686	0
21775	4.355	1.58259	1.6105	0.0134626	48.0054	0
21780	4.356	1.58259	1.6105	0.0134637	47.7227	0
21785	4.357	1.5826	1.6105	0.013464	48.2046	0
21790	4.358	1.58258	1.6105	0.0134636	49.0755	0
21795	4.359	1.58258	1.6105	0.0134625	50.0817	0
21800	4.36	1.58257	1.6105	0.013461	51.0213	0
21805	4.361	1.58255	1.6105	0.0134594	51.8097	0
21810	4.362	1.58252	1.6105	0.0134579	52.3531	0
21815	4.363	1.58251	1.6105	0.0134568	52.6527	0
21820	4.364	1.58251	1.6105	0.0134561	52.676	0
21825	4.365	1.58251	1.6105	0.013456	52.4467	0
21830	4.366	1.58251	1.6105	0.0134564	51.9838	0
21835	4.367	1.58252	1.6105	0.0134573	51.3092	0
21840	4.368	1.58253	1.6105	0.0134586	50.4417	0
21845	4.369	1.58254	1.6105	0.0134601	49.4294	0
21850	4.37	1.58256	1.6105	0.0134615	48.2709	0
21855	4.371	1.58257	1.6105	0.0134626	47.7901	0
21860	4.372	1.58257	1.6105	0.0134631	48.1353	0
21865	4.373	1.58257	1.6105	0.0134629	48.9582	0
21870	4.374	1.58256	1.6105	0.0134619	49.939	0
21875	4.375	1.58254	1.6105	0.0134606	50.8984	0
21880	4.376	1.58253	1.6105	0.0134591	51.719	0
21885	4.377	1.58251	1.6105	0.0134576	52.3187	0
21890	4.378	1.5825	1.6105	0.0134565	52.655	0
21895	4.379	1.5825	1.6105	0.0134558	52.7271	0
21900	4.38	1.5825	1.6105	0.0134557	52.5441	0
21905	4.381	1.5825	1.6105	0.0134562	52.1234	0
21910	4.382	1.58251	1.6105	0.0134571	51.4863	0
21915	4.383	1.58252	1.6105	0.0134585	50.6511	0
21920	4.384	1.58253	1.6105	0.0134602	49.666	0
21925	4.385	1.58255	1.6105	0.0134618	48.5298	0
21930	4.386	1.58256	1.6105	0.0134632	47.8145	0
21935	4.387	1.58258	1.6105	0.013464	48.0365	0
21940	4.388	1.58258	1.6105	0.0134641	48.7814	0
21945	4.389	1.58255	1.6105	0.0134634	49.7458	0
21950	4.39	1.58255	1.6105	0.0134623	50.7298	0
21955	4.391	1.58254	1.6105	0.013461	51.5737	0
21960	4.392	1.58252	1.6105	0.0134597	52.2246	0
21965	4.393	1.58252	1.6105	0.0134587	52.6106	0
21970	4.394	1.58251	1.6105	0.0134581	52.7347	0
21975	4.395	1.58251	1.6105	0.0134581	52.6015	0
21980	4.396	1.58251	1.6105	0.0134586	52.2265	0
21985	4.397	1.58252	1.6105	0.0134597	51.632	0
21990	4.398	1.58254	1.6105	0.0134612	50.8283	0
21995	4.399	1.58255	1.6105	0.0134629	49.8736	0
22000	4.4	1.58257	1.6105	0.0134647	48.7645	0
22005	4.401	1.58258	1.6105	0.0134664	47.8124	0
22010	4.402	1.5826	1.6105	0.0134675	47.889	0
22015	4.403	1.58259	1.6105	0.0134678	48.5609	0
22020	4.404	1.58259	1.6105	0.0134674	49.5047	0
22025	4.405	1.58257	1.6105	0.0134665	50.4922	0
22030	4.406	1.58256	1.6105	0.0134653	51.3859	0
22035	4.407	1.58256	1.6105	0.0134641	52.0723	0
22040	4.408	1.58254	1.6105	0.013463	52.5247	0
22045	4.409	1.58254	1.6105	0.0134624	52.7037	0
22050	4.41	1.58253	1.6105	0.0134623	52.6231	0
22055	4.411	1.58253	1.6105	0.0134627	52.2969	0
22060	4.412	1.58253	1.6105	0.0134637	51.7348	0
22065	4.413	1.58255	1.6105	0.0134652	50.9836	0
22070	4.414	1.58257	1.6105	0.0134669	50.0493	0
22075	4.415	1.58258	1.6105	0.0134687	48.9685	0
22080	4.416	1.5826	1.6105	0.0134704	47.7809	0
22085	4.417	1.58261	1.6105	0.0134716	47.6868	0
22090	4.418	1.58261	1.6105	0.013472	48.2793	0
22095	4.419	1.58261	1.6105	0.0134717	49.1995	0
22100	4.42	1.5826	1.6105	0.0134707	50.2153	0
22105	4.421	1.58258	1.6105	0.0134694	51.1338	0
22110	4.422	1.58257	1.6105	0.0134679	51.881	0
22115	4.423	1.58255	1.6105	0.0134667	52.3809	0
22120	4.424	1.58255	1.6105	0.0134657	52.6188	0
22125	4.425	1.58254	1.6105	0.0134652	52.6073	0
22130	4.426	1.58254	1.6105	0.0134653	52.3329	0
22135	4.427	1.58254	1.6105	0.0134659	51.8168	0
22140	4.428	1.58256	1.6105	0.013467	51.109	0
22145	4.429	1.58257	1.6105	0.0134684	50.2094	0
22150	4.43	1.58259	1.6105	0.0134699	49.172	0
22155	4.431	1.58259	1.6105	0.0134713	47.9961	0
22160	4.432	1.58259	1.6105	0.0134724	47.7233	0
22165	4.433	1.58261	1.6105	0.0134727	48.205	0
22170	4.434	1.58259	1.6105	0.0134722	49.0756	0
22175	4.435	1.58259	1.6105	0.0134711	50.0722	0
22180	4.436	1.58256	1.6105	0.0134697	51.0245	0
22185	4.437	1.58255	1.6105	0.013468	51.8086	0
22190	4.438	1.58253	1.6105	0.0134665	52.3538	0
22195	4.439	1.58252	1.6105	0.0134654	52.6522	0
22200	4.44	1.58252	1.6105	0.0134647	52.6753	0
22205	4.441	1.58252	1.6105	0.0134645	52.4459	0
22210	4.442	1.58252	1.6105	0.013465	51.9828	0
22215	4.443	1.58253	1.6105	0.0134659	51.2977	0
22220	4.444	1.58254	1.6105	0.0134672	50.4422	0
22225	4.445	1.58255	1.6105	0.0134687	49.4164	0
22230	4.446	1.58257	1.6105	0.0134701	48.2738	0
22235	4.447	1.58258	1.6105	0.0134712	47.7803	0
22240	4.448	1.58258	1.6105	0.0134717	48.1355	0
22245	4.449	1.58258	1.6105	0.0134714	48.9488	0
22250	4.45	1.58256	1.6105	0.0134705	49.9424	0
22255	4.451	1.58255	1.6105	0.0134691	50.8984	0
22260	4.452	1.58254	1.6105	0.0134676	51.7197	0
22265	4.453	1.58252	1.6105	0.0134662	52.3079	0
22270	4.454	1.58251	1.6105	0.013465	52.6551	0
22275	4.455	1.58251	1.6105	0.0134644	52.727	0
22280	4.456	1.58251	1.6105	0.0134643	52.5438	0
22285	4.457	1.58251	1.6105	0.0134647	52.123	0
22290	4.458	1.58252	1.6105	0.0134657	51.4753	0
22295	4.459	1.58253	1.6105	0.0134671	50.652	0
22300	4.46	1.58254	1.6105	0.0134688	49.6534	0
22305	4.461	1.58256	1.6105	0.0134704	48.5331	0
22310	4.462	1.58257	1.6105	0.0134718	47.8144	0
22315	4.463	1.58257	1.6105	0.0134726	48.0362	0
22320	4.464	1.58259	1.6105	0.0134727	48.781	0
22325	4.465	1.58256	1.6105	0.013472	49.7452	0
22330	4.466	1.58256	1.6105	0.0134709	50.7196	0
22335	4.467	1.58254	1.6105	0.0134696	51.5763	0
22340	4.468	1.58253	1.6105	0.0134683	52.2117	0
22345	4.469	1.58252	1.6105	0.0134673	52.6117	0
22350	4.47	1.5825	1.6105	0.0134667	52.7355	0
22355	4.471	1.5825	1.6105	0.0134667	52.602	0
22360	4.472	1.58252	1.6105	0.0134672	52.2267	0
22365	4.473	1.58253	1.6105	0.0134682	51.6301	0
22370	4.474	1.58255	1.6105	0.0134697	50.8302	0
22375	4.475	1.58256	1.6105	0.0134715	49.8609	0
22380	4.476	1.58258	1.6105	0.0134733	48.7658	0
22385	4.477	1.58258	1.6105	0.0134749	47.8134	0
22390	4.478	1.58261	1.6105	0.013476	47.8868	0
22395	4.479	1.5826	1.6105	0.0134764	48.5475	0
22400	4.48	1.5826	1.6105	0.013476	49.5034	0
22405	4.481	1.58258	1.6105	0.0134751	50.4908	0
22410	4.482	1.58257	1.6105	0.0134739	51.3749	0
22415	4.483	1.58257	1.6105	0.0134726	52.0723	0
22420	4.484	1.58254	1.6105	0.0134716	52.5132	0
22425	4.485	1.58254	1.6105	0.013471	52.6948	0
22430	4.486	1.58254	1.6105	0.0134709	52.6269	0
22435	4.487	1.58254	1.6105	0.0134713	52.2879	0
22440	4.488	1.58254	1.6105	0.0134723	51.7357	0
22445	4.489	1.58256	1.6105	0.0134737	50.9739	0
22450	4.49	1.58257	1.6105	0.0134754	50.0495	0
22455	4.491	1.58259	1.6105	0.0134772	48.9704	0
22460	4.492	1.58261	1.6105	0.0134789	47.7683	0
22465	4.493	1.58262	1.6105	0.0134801	47.6891	0
22470	4.494	1.58262	1.6105	0.0134806	48.2812	0
22475	4.495	1.58262	1.6105	0.0134802	49.201	0
22480	4.496	1.58261	1.6105	0.0134793	50.2024	0
22485	4.497	1.58259	1.6105	0.0134779	51.1357	0
22490	4.498	1.58258	1.6105	0.0134765	51.8713	0
22495	4.499	1.58256	1.6105	0.0134752	52.3811	0
22500	4.5	1.58256	1.6105	0.0134743	52.6216	0
22505	4.501	1.58255	1.6105	0.0134738	52.5974	0
22510	4.502	1.58255	1.6105	0.0134739	52.3236	0
22515	4.503	1.58255	1.6105	0.0134745	51.8203	0
22520	4.504	1.58257	1.6105	0.0134756	51.1091	0
22525	4.505	1.58257	1.6105	0.013477	50.2112	0
22530	4.506	1.5826	1.6105	0.0134785	49.1734	0
22535	4.507	1.5826	1.6105	0.0134799	47.9953	0
22540	4.508	1.5826	1.6105	0.013481	47.7242	0
22545	4.509	1.58261	1.6105	0.0134813	48.2056	0
22550	4.51	1.5826	1.6105	0.0134808	49.0759	0
22555	4.511	1.5826	1.6105	0.0134797	50.0704	0
22560	4.512	1.58257	1.6105	0.0134783	51.0245	0
22565	4.513	1.58256	1.6105	0.0134766	51.7972	0
22570	4.514	1.58254	1.6105	0.0134751	52.3524	0
22575	4.515	1.58253	1.6105	0.013474	52.6413	0
22580	4.516	1.58253	1.6105	0.0134733	52.6773	0
22585	4.517	1.58253	1.6105	0.0134731	52.4475	0
22590	4.518	1.58253	1.6105	0.0134736	51.9718	0
22595	4.519	1.58254	1.6105	0.0134745	51.2996	0
22600	4.52	1.58255	1.6105	0.0134758	50.4409	0
22605	4.521	1.58256	1.6105	0.0134773	49.4169	0
22610	4.522	1.58258	1.6105	0.0134787	48.2741	0
22615	4.523	1.58259	1.6105	0.0134798	47.7785	0
22620	4.524	1.58258	1.6105	0.0134803	48.1355	0
22625	4.525	1.58258	1.6105	0.01348	48.9466	0
22630	4.526	1.58257	1.6105	0.0134791	49.9279	0
22635	4.527	1.58256	1.6105	0.0134778	50.899	0
22640	4.528	1.58255	1.6105	0.0134762	51.7069	0
22645	4.529	1.58253	1.6105	0.0134748	52.3099	0
22650	4.53	1.58252	1.6105	0.0134737	52.6446	0
22655	4.531	1.58252	1.6105	0.013473	52.7293	0
22660	4.532	1.58252	1.6105	0.0134729	52.5457	0
22665	4.533	1.58252	1.6105	0.0134733	52.1245	0
22670	4.534	1.58252	1.6105	0.0134743	51.4764	0
22675	4.535	1.58254	1.6105	0.0134757	50.6501	0
22680	4.536	1.58255	1.6105	0.0134773	49.6533	0
22685	4.537	1.58257	1.6105	0.013479	48.5187	0
22690	4.538	1.58257	1.6105	0.0134804	47.815	0
22695	4.539	1.58258	1.6105	0.0134812	48.0366	0
22700	4.54	1.58258	1.6105	0.0134812	48.7811	0
22705	4.541	1.58257	1.6105	0.0134806	49.745	0
22710	4.542	1.58257	1.6105	0.0134795	50.7173	0
22715	4.543	1.58255	1.6105	0.0134782	51.5759	0
22720	4.544	1.58254	1.6105	0.0134769	52.2111	0
22725	4.545	1.58253	1.6105	0.0134759	52.6091	0
22730	4.546	1.58251	1.6105	0.0134753	52.7329	0
22735	4.547	1.58251	1.6105	0.0134753	52.5994	0
22740	4.548	1.58252	1.6105	0.0134758	52.2241	0
22745	4.549	1.58253	1.6105	0.0134769	51.6181	0
22750	4.55	1.58254	1.6105	0.0134784	50.8302	0
22755	4.551	1.58256	1.6105	0.0134802	49.8607	0
22760	4.552	1.58258	1.6105	0.013482	48.7541	0
22765	4.553	1.58259	1.6105	0.0134836	47.8127	0
22770	4.554	1.58261	1.6105	0.0134847	47.8766	0
22775	4.555	1.58261	1.6105	0.0134851	48.5491	0
22780	4.556	1.58261	1.6105	0.0134847	49.4934	0
22785	4.557	1.58259	1.6105	0.0134838	50.4936	0
22790	4.558	1.58258	1.6105	0.0134826	51.3745	0
22795	4.559	1.58256	1.6105	0.0134813	52.0726	0
22800	4.56	1.58255	1.6105	0.0134803	52.5133	0
22805	4.561	1.58255	1.6105	0.0134797	52.6927	0
22810	4.562	1.58255	1.6105	0.0134795	52.6126	0
22815	4.563	1.58255	1.6105	0.01348	52.2867	0
22820	4.564	1.58255	1.6105	0.013481	51.7363	0
22825	4.565	1.58257	1.6105	0.0134824	50.9733	0
22830	4.566	1.58258	1.6105	0.0134841	50.0393	0
22835	4.567	1.5826	1.6105	0.0134859	48.9721	0
22840	4.568	1.58262	1.6105	0.0134876	47.7705	0
22845	4.569	1.58263	1.6105	0.0134888	47.691	0
22850	4.57	1.58262	1.6105	0.0134892	48.2827	0
22855	4.571	1.58262	1.6105	0.0134889	49.2022	0
22860	4.572	1.58261	1.6105	0.0134879	50.2032	0
22865	4.573	1.5826	1.6105	0.0134866	51.1335	0
22870	4.574	1.58259	1.6105	0.0134852	51.871	0
22875	4.575	1.58257	1.6105	0.0134839	52.3815	0
22880	4.576	1.58256	1.6105	0.0134829	52.6189	0
22885	4.577	1.58255	1.6105	0.0134825	52.5947	0
22890	4.578	1.58255	1.6105	0.0134826	52.3209	0
22895	4.579	1.58256	1.6105	0.0134832	51.8176	0
22900	4.58	1.58256	1.6105	0.0134843	51.0971	0
22905	4.581	1.58258	1.6105	0.0134857	50.2111	0
22910	4.582	1.5826	1.6105	0.0134872	49.16	0
22915	4.583	1.58261	1.6105	0.0134886	47.9968	0
22920	4.584	1.58261	1.6105	0.0134897	47.7104	0
22925	4.585	1.58262	1.6105	0.01349	48.1926	0
22930	4.586	1.58261	1.6105	0.0134895	49.0666	0
22935	4.587	1.5826	1.6105	0.0134885	50.0738	0
22940	4.588	1.58258	1.6105	0.013487	51.0133	0
22945	4.589	1.58257	1.6105	0.0134854	51.7998	0
22950	4.59	1.58255	1.6105	0.0134839	52.3556	0
22955	4.591	1.58254	1.6105	0.0134827	52.6412	0
22960	4.592	1.58254	1.6105	0.013482	52.6665	0
22965	4.593	1.58254	1.6105	0.0134819	52.4374	0
22970	4.594	1.58254	1.6105	0.0134823	51.9746	0
22975	4.595	1.58254	1.6105	0.0134832	51.3	0
22980	4.596	1.58256	1.6105	0.0134845	50.4316	0
22985	4.597	1.58257	1.6105	0.013486	49.4176	0
22990	4.598	1.58259	1.6105	0.0134874	48.2632	0
22995	4.599	1.58259	1.6105	0.0134886	47.7823	0
23000	4.6	1.58259	1.6105	0.013489	48.1388	0
23005	4.601	1.58259	1.6105	0.0134888	48.9495	0
23010	4.602	1.58258	1.6105	0.0134879	49.9303	0
23015	4.603	1.58257	1.6105	0.0134865	50.8981	0
23020	4.604	1.58256	1.6105	0.013485	51.7078	0
23025	4.605	1.58253	1.6105	0.0134835	52.3087	0
23030	4.606	1.58252	1.6105	0.0134824	52.6432	0
23035	4.607	1.58252	1.6105	0.0134817	52.7174	0
23040	4.608	1.58252	1.6105	0.0134816	52.5346	0
23045	4.609	1.58252	1.6105	0.0134821	52.114	0
23050	4.61	1.58253	1.6105	0.0134831	51.4769	0
23055	4.611	1.58254	1.6105	0.0134845	50.6409	0
23060	4.612	1.58255	1.6105	0.0134861	49.6541	0
23065	4.613	1.58257	1.6105	0.0134877	48.5219	0
23070	4.614	1.58258	1.6105	0.0134891	47.8179	0
23075	4.615	1.58259	1.6105	0.0134899	48.0239	0
23080	4.616	1.58259	1.6105	0.01349	48.7692	0
23085	4.617	1.58258	1.6105	0.0134893	49.7367	0
23090	4.618	1.58258	1.6105	0.0134882	50.7216	0
23095	4.619	1.58255	1.6105	0.0134869	51.5655	0
23100	4.62	1.58254	1.6105	0.0134856	52.2145	0
23105	4.621	1.58254	1.6105	0.0134846	52.6007	0
23110	4.622	1.58252	1.6105	0.013484	52.7372	0
23115	4.623	1.58252	1.6105	0.0134839	52.6031	0
23120	4.624	1.58253	1.6105	0.0134845	52.2151	0
23125	4.625	1.58254	1.6105	0.0134855	51.6208	0
23130	4.626	1.58255	1.6105	0.013487	50.8193	0
23135	4.627	1.58257	1.6105	0.0134888	49.8646	0
23140	4.628	1.58259	1.6105	0.0134906	48.7537	0
23145	4.629	1.5826	1.6105	0.0134922	47.8027	0
23150	4.63	1.58262	1.6105	0.0134933	47.8775	0
23155	4.631	1.58262	1.6105	0.0134937	48.5497	0
23160	4.632	1.58262	1.6105	0.0134933	49.4938	0
23165	4.633	1.58259	1.6105	0.0134924	50.4833	0
23170	4.634	1.58259	1.6105	0.0134912	51.3761	0
23175	4.635	1.58257	1.6105	0.0134899	52.0607	0
23180	4.636	1.58256	1.6105	0.0134889	52.5171	0
23185	4.637	1.58256	1.6105	0.0134883	52.6961	0
23190	4.638	1.58256	1.6105	0.0134881	52.6154	0
23195	4.639	1.58256	1.6105	0.0134886	52.2891	0
23200	4.64	1.58256	1.6105	0.0134896	51.7261	0
23205	4.641	1.58258	1.6105	0.013491	50.974	0
23210	4.642	1.58259	1.6105	0.0134927	50.0407	0
23215	4.643	1.58261	1.6105	0.0134945	48.959	0
23220	4.644	1.58263	1.6105	0.0134962	47.7715	0
23225	4.645	1.58264	1.6105	0.0134974	47.6775	0
23230	4.646	1.58263	1.6105	0.0134978	48.2701	0
23235	4.647	1.58263	1.6105	0.0134975	49.1903	0
23240	4.648	1.58262	1.6105	0.0134965	50.2062	0
23245	4.649	1.58261	1.6105	0.0134952	51.1247	0
23250	4.65	1.5826	1.6105	0.0134937	51.873	0
23255	4.651	1.58257	1.6105	0.0134924	52.3728	0
23260	4.652	1.58256	1.6105	0.0134915	52.6219	0
23265	4.653	1.58256	1.6105	0.013491	52.5973	0
23270	4.654	1.58256	1.6105	0.0134911	52.3231	0
23275	4.655	1.58257	1.6105	0.0134917	51.8194	0
23280	4.656	1.58257	1.6105	0.0134928	51.0994	0
23285	4.657	1.58259	1.6105	0.0134942	50.2112	0
23290	4.658	1.5826	1.6105	0.0134957	49.1608	0
23295	4.659	1.58262	1.6105	0.0134971	47.9832	0
23300	4.66	1.58262	1.6105	0.0134982	47.7127	0
23305	4.661	1.58262	1.6105	0.0134985	48.1945	0
23310	4.662	1.58261	1.6105	0.0134981	49.0653	0
23315	4.663	1.58261	1.6105	0.013497	50.0724	0
23320	4.664	1.58259	1.6105	0.0134955	51.0136	0
23325	4.665	1.58258	1.6105	0.0134939	51.799	0
23330	4.666	1.58256	1.6105	0.0134924	52.3442	0
23335	4.667	1.58255	1.6105	0.0134912	52.6418	0
23340	4.668	1.58255	1.6105	0.0134905	52.665	0
23345	4.669	1.58255	1.6105	0.0134904	52.4358	0
23350	4.67	1.58255	1.6105	0.0134908	51.9729	0
23355	4.671	1.58255	1.6105	0.0134917	51.3001	0
23360	4.672	1.58257	1.6105	0.013493	50.4325	0
23365	4.673	1.58257	1.6105	0.0134945	49.4181	0
23370	4.674	1.58259	1.6105	0.0134959	48.2625	0
23375	4.675	1.5826	1.6105	0.0134971	47.7796	0
23380	4.676	1.5826	1.6105	0.0134975	48.1239	0
23385	4.677	1.5826	1.6105	0.0134973	48.9355	0
23390	4.678	1.58259	1.6105	0.0134964	49.9314	0
23395	4.679	1.58258	1.6105	0.013495	50.8876	0
23400	4.68	1.58257	1.6105	0.0134935	51.7082	0
23405	4.681	1.58254	1.6105	0.013492	52.2985	0
23410	4.682	1.58253	1.6105	0.0134909	52.6449	0
23415	4.683	1.58253	1.6105	0.0134902	52.7169	0
23420	4.684	1.58253	1.6105	0.0134901	52.5338	0
23425	4.685	1.58253	1.6105	0.0134906	52.1131	0
23430	4.686	1.58254	1.6105	0.0134916	51.4778	0
23435	4.687	1.58254	1.6105	0.013493	50.6424	0
23440	4.688	1.58256	1.6105	0.0134946	49.643	0
23445	4.689	1.58258	1.6105	0.0134962	48.5228	0
23450	4.69	1.58259	1.6105	0.0134976	47.8043	0
23455	4.691	1.58259	1.6105	0.0134984	48.0263	0
23460	4.692	1.5826	1.6105	0.0134985	48.7712	0
23465	4.693	1.58259	1.6105	0.0134979	49.7354	0
23470	4.694	1.58259	1.6105	0.0134968	50.7222	0
23475	4.695	1.58256	1.6105	0.0134954	51.5658	0
23480	4.696	1.58255	1.6105	0.0134941	52.2136	0
23485	4.697	1.58254	1.6105	0.0134931	52.6015	0
23490	4.698	1.58253	1.6105	0.0134925	52.7255	0
23495	4.699	1.58253	1.6105	0.0134925	52.5921	0
23500	4.7	1.58253	1.6105	0.013493	52.217	0
23505	4.701	1.58255	1.6105	0.0134941	51.6204	0
23510	4.702	1.58256	1.6105	0.0134956	50.8197	0
23515	4.703	1.58258	1.6105	0.0134973	49.8506	0
23520	4.704	1.5826	1.6105	0.0134991	48.7556	0
23525	4.705	1.58261	1.6105	0.0135008	47.8024	0
23530	4.706	1.58262	1.6105	0.0135019	47.8789	0
23535	4.707	1.58263	1.6105	0.0135022	48.5508	0
23540	4.708	1.58262	1.6105	0.0135018	49.4946	0
23545	4.709	1.5826	1.6105	0.0135009	50.4819	0
23550	4.71	1.58259	1.6105	0.0134997	51.3765	0
23555	4.711	1.58258	1.6105	0.0134985	52.0609	0
23560	4.712	1.58257	1.6105	0.0134974	52.502	0
23565	4.713	1.58257	1.6105	0.0134968	52.696	0
23570	4.714	1.58256	1.6105	0.0134967	52.6152	0
23575	4.715	1.58257	1.6105	0.0134971	52.2868	0
23580	4.716	1.58257	1.6105	0.0134981	51.7237	0
23585	4.717	1.58259	1.6105	0.0134995	50.9745	0
23590	4.718	1.58259	1.6105	0.0135013	50.039	0
23595	4.719	1.58261	1.6105	0.0135031	48.9591	0
23600	4.72	1.58264	1.6105	0.0135047	47.7686	0
23605	4.721	1.58264	1.6105	0.013506	47.6775	0
23610	4.722	1.58264	1.6105	0.0135064	48.2698	0
23615	4.723	1.58264	1.6105	0.0135061	49.1898	0
23620	4.724	1.58263	1.6105	0.0135051	50.1914	0
23625	4.725	1.58262	1.6105	0.0135038	51.125	0
23630	4.726	1.5826	1.6105	0.0135023	51.873	0
23635	4.727	1.58258	1.6105	0.013501	52.3708	0
23640	4.728	1.58257	1.6105	0.0135001	52.6104	0
23645	4.729	1.58257	1.6105	0.0134996	52.5978	0
23650	4.73	1.58257	1.6105	0.0134997	52.3233	0
23655	4.731	1.58258	1.6105	0.0135003	51.8081	0
23660	4.732	1.58258	1.6105	0.0135014	51.0982	0
23665	4.733	1.5826	1.6105	0.0135028	50.1995	0
23670	4.734	1.58261	1.6105	0.0135044	49.1592	0
23675	4.735	1.58263	1.6105	0.0135058	47.9844	0
23680	4.736	1.58263	1.6105	0.0135068	47.7135	0
23685	4.737	1.58263	1.6105	0.0135071	48.1951	0
23690	4.738	1.58262	1.6105	0.0135067	49.0656	0
23695	4.739	1.58262	1.6105	0.0135056	50.0603	0
23700	4.74	1.5826	1.6105	0.0135041	51.0117	0
23705	4.741	1.58259	1.6105	0.0135025	51.7875	0
23710	4.742	1.58256	1.6105	0.013501	52.3438	0
23715	4.743	1.58256	1.6105	0.0134998	52.6318	0
23720	4.744	1.58255	1.6105	0.0134991	52.6669	0
23725	4.745	1.58255	1.6105	0.013499	52.4373	0
23730	4.746	1.58255	1.6105	0.0134994	51.974	0
23735	4.747	1.58256	1.6105	0.0135003	51.2897	0
23740	4.748	1.58256	1.6105	0.0135016	50.432	0
23745	4.749	1.58258	1.6105	0.0135031	49.4072	0
23750	4.75	1.58259	1.6105	0.0135045	48.2616	0
23755	4.751	1.58261	1.6105	0.0135057	47.7692	0
23760	4.752	1.58261	1.6105	0.0135061	48.1262	0
23765	4.753	1.58261	1.6105	0.0135059	48.9375	0
23770	4.754	1.5826	1.6105	0.0135049	49.9301	0
23775	4.755	1.58257	1.6105	0.0135036	50.889	0
23780	4.756	1.58257	1.6105	0.0135021	51.7093	0
23785	4.757	1.58255	1.6105	0.0135006	52.2974	0
23790	4.758	1.58254	1.6105	0.0134995	52.6456	0
23795	4.759	1.58253	1.6105	0.0134988	52.7173	0
23800	4.76	1.58253	1.6105	0.0134987	52.534	0
23805	4.761	1.58254	1.6105	0.0134992	52.1131	0
23810	4.762	1.58254	1.6105	0.0135001	51.4662	0
23815	4.763	1.58255	1.6105	0.0135015	50.6409	0
23820	4.764	1.58257	1.6105	0.0135032	49.6433	0
23825	4.765	1.58259	1.6105	0.0135048	48.5201	0
23830	4.766	1.5826	1.6105	0.0135062	47.8044	0
23835	4.767	1.5826	1.6105	0.013507	48.0262	0
23840	4.768	1.5826	1.6105	0.0135071	48.7709	0
23845	4.769	1.5826	1.6105	0.0135064	49.7349	0
23850	4.77	1.58259	1.6105	0.0135053	50.7074	0
23855	4.771	1.58257	1.6105	0.013504	51.5661	0
23860	4.772	1.58256	1.6105	0.0135027	52.2014	0
23865	4.773	1.58254	1.6105	0.0135017	52.6004	0
23870	4.774	1.58254	1.6105	0.0135011	52.7243	0
23875	4.775	1.58254	1.6105	0.0135011	52.5908	0
23880	4.776	1.58254	1.6105	0.0135016	52.2155	0
23885	4.777	1.58256	1.6105	0.0135027	51.6086	0
23890	4.778	1.58257	1.6105	0.0135042	50.8179	0
23895	4.779	1.58259	1.6105	0.013506	49.8516	0
23900	4.78	1.58261	1.6105	0.0135078	48.7422	0
23905	4.781	1.58262	1.6105	0.0135094	47.803	0
23910	4.782	1.58263	1.6105	0.0135105	47.868	0
23915	4.783	1.58264	1.6105	0.0135109	48.5405	0
23920	4.784	1.58261	1.6105	0.0135105	49.4848	0
23925	4.785	1.58261	1.6105	0.0135096	50.484	0
23930	4.786	1.5826	1.6105	0.0135083	51.365	0
23935	4.787	1.58259	1.6105	0.0135071	52.0642	0
23940	4.788	1.58258	1.6105	0.0135061	52.5048	0
23945	4.789	1.58258	1.6105	0.0135054	52.6843	0
23950	4.79	1.58257	1.6105	0.0135053	52.6042	0
23955	4.791	1.58258	1.6105	0.0135057	52.2783	0
23960	4.792	1.58257	1.6105	0.0135067	51.7279	0
23965	4.793	1.58259	1.6105	0.0135081	50.964	0
23970	4.794	1.5826	1.6105	0.0135098	50.0423	0
23975	4.795	1.58262	1.6105	0.0135117	48.961	0
23980	4.796	1.58263	1.6105	0.0135133	47.7606	0
23985	4.797	1.58265	1.6105	0.0135145	47.6812	0
23990	4.798	1.58265	1.6105	0.013515	48.2711	0
23995	4.799	1.58265	1.6105	0.0135147	49.1927	0
24000	4.8	1.58264	1.6105	0.0135137	50.1939	0
24005	4.801	1.58263	1.6105	0.0135124	51.1252	0
24010	4.802	1.58261	1.6105	0.0135109	51.8626	0
24015	4.803	1.58259	1.6105	0.0135096	52.3722	0
24020	4.804	1.58258	1.6105	0.0135087	52.6097	0
24025	4.805	1.58258	1.6105	0.0135082	52.5856	0
24030	4.806	1.58258	1.6105	0.0135083	52.3118	0
24035	4.807	1.58259	1.6105	0.0135089	51.8086	0
24040	4.808	1.58259	1.6105	0.01351	51.1003	0
24045	4.809	1.58261	1.6105	0.0135114	50.2003	0
24050	4.81	1.58262	1.6105	0.013513	49.1503	0
24055	4.811	1.58264	1.6105	0.0135144	47.9873	0
24060	4.812	1.58263	1.6105	0.0135154	47.7141	0
24065	4.813	1.58264	1.6105	0.0135158	48.1831	0
24070	4.814	1.58263	1.6105	0.0135153	49.0666	0
24075	4.815	1.58263	1.6105	0.0135142	50.0628	0
24080	4.816	1.58261	1.6105	0.0135128	51.0148	0
24085	4.817	1.5826	1.6105	0.0135111	51.7892	0
24090	4.818	1.58257	1.6105	0.0135096	52.3442	0
24095	4.819	1.58256	1.6105	0.0135085	52.6301	0
24100	4.82	1.58256	1.6105	0.0135078	52.6538	0
24105	4.821	1.58256	1.6105	0.0135077	52.4278	0
24110	4.822	1.58256	1.6105	0.0135081	51.9622	0
24115	4.823	1.58257	1.6105	0.013509	51.2899	0
24120	4.824	1.58257	1.6105	0.0135103	50.4226	0
24125	4.825	1.58259	1.6105	0.0135118	49.4086	0
24130	4.826	1.5826	1.6105	0.0135132	48.2533	0
24135	4.827	1.58262	1.6105	0.0135143	47.7726	0
24140	4.828	1.58262	1.6105	0.0135148	48.1292	0
24145	4.829	1.58262	1.6105	0.0135146	48.9399	0
24150	4.83	1.58261	1.6105	0.0135136	49.9209	0
24155	4.831	1.58259	1.6105	0.0135123	50.8897	0
24160	4.832	1.58258	1.6105	0.0135108	51.6993	0
24165	4.833	1.58256	1.6105	0.0135093	52.2993	0
24170	4.834	1.58255	1.6105	0.0135082	52.6339	0
24175	4.835	1.58254	1.6105	0.0135075	52.7204	0
24180	4.836	1.58254	1.6105	0.0135074	52.5367	0
24185	4.837	1.58255	1.6105	0.0135079	52.1012	0
24190	4.838	1.58256	1.6105	0.0135089	51.4664	0
24195	4.839	1.58256	1.6105	0.0135103	50.6314	0
24200	4.84	1.58258	1.6105	0.0135119	49.6447	0
24205	4.841	1.5826	1.6105	0.0135135	48.5117	0
24210	4.842	1.58261	1.6105	0.0135149	47.8078	0
24215	4.843	1.58261	1.6105	0.0135157	48.0149	0
24220	4.844	1.58261	1.6105	0.0135158	48.7603	0
24225	4.845	1.5826	1.6105	0.0135151	49.7372	0
24230	4.846	1.5826	1.6105	0.013514	50.7111	0
24235	4.847	1.58258	1.6105	0.0135127	51.5674	0
24240	4.848	1.58257	1.6105	0.0135114	52.2024	0
24245	4.849	1.58255	1.6105	0.0135104	52.5907	0
24250	4.85	1.58255	1.6105	0.0135098	52.7264	0
24255	4.851	1.58255	1.6105	0.0135098	52.5925	0
24260	4.852	1.58255	1.6105	0.0135103	52.2056	0
24265	4.853	1.58257	1.6105	0.0135113	51.6096	0
24270	4.854	1.58258	1.6105	0.0135128	50.8215	0
24275	4.855	1.5826	1.6105	0.0135146	49.8537	0
24280	4.856	1.58262	1.6105	0.0135164	48.7439	0
24285	4.857	1.58263	1.6105	0.013518	47.8044	0
24290	4.858	1.58262	1.6105	0.0135191	47.8662	0
24295	4.859	1.58265	1.6105	0.0135195	48.5386	0
24300	4.86	1.58262	1.6105	0.0135191	49.4829	0
24305	4.861	1.58262	1.6105	0.0135182	50.4736	0
24310	4.862	1.58261	1.6105	0.013517	51.3665	0
24315	4.863	1.5826	1.6105	0.0135157	52.0512	0
24320	4.864	1.58259	1.6105	0.0135147	52.5068	0
24325	4.865	1.58258	1.6105	0.013514	52.6859	0
24330	4.866	1.58257	1.6105	0.0135139	52.6054	0
24335	4.867	1.58258	1.6105	0.0135144	52.2792	0
24340	4.868	1.58258	1.6105	0.0135153	51.7267	0
24345	4.869	1.5826	1.6105	0.0135168	50.9645	0
24350	4.87	1.58261	1.6105	0.0135185	50.0313	0
24355	4.871	1.58263	1.6105	0.0135203	48.961	0
24360	4.872	1.58264	1.6105	0.0135219	47.7613	0
24365	4.873	1.58266	1.6105	0.0135231	47.6788	0
24370	4.874	1.58266	1.6105	0.0135236	48.2593	0
24375	4.875	1.58266	1.6105	0.0135232	49.191	0
24380	4.876	1.58265	1.6105	0.0135223	50.1921	0
24385	4.877	1.58263	1.6105	0.0135209	51.1139	0
24390	4.878	1.58262	1.6105	0.0135195	51.8614	0
24395	4.879	1.5826	1.6105	0.0135182	52.3624	0
24400	4.88	1.58259	1.6105	0.0135173	52.6117	0
24405	4.881	1.58259	1.6105	0.0135168	52.5872	0
24410	4.882	1.58259	1.6105	0.0135169	52.3132	0
24415	4.883	1.58259	1.6105	0.0135175	51.8096	0
24420	4.884	1.58259	1.6105	0.0135186	51.0869	0
24425	4.885	1.58262	1.6105	0.01352	50.2009	0
24430	4.886	1.58262	1.6105	0.0135215	49.1516	0
24435	4.887	1.58264	1.6105	0.0135229	47.9854	0
24440	4.888	1.58264	1.6105	0.013524	47.7027	0
24445	4.889	1.58264	1.6105	0.0135243	48.1847	0
24450	4.89	1.58264	1.6105	0.0135239	49.0556	0
24455	4.891	1.58264	1.6105	0.0135228	50.0619	0
24460	4.892	1.58261	1.6105	0.0135213	51.0042	0
24465	4.893	1.5826	1.6105	0.0135197	51.7887	0
24470	4.894	1.58258	1.6105	0.0135182	52.3351	0
24475	4.895	1.58257	1.6105	0.013517	52.6327	0
24480	4.896	1.58256	1.6105	0.0135163	52.656	0
24485	4.897	1.58256	1.6105	0.0135162	52.4268	0
24490	4.898	1.58257	1.6105	0.0135166	51.9639	0
24495	4.899	1.58258	1.6105	0.0135175	51.2912	0
24500	4.9	1.58258	1.6105	0.0135188	50.4208	0
24505	4.901	1.5826	1.6105	0.0135203	49.4086	0
24510	4.902	1.58261	1.6105	0.0135217	48.254	0
24515	4.903	1.58263	1.6105	0.0135228	47.7702	0
24520	4.904	1.58263	1.6105	0.0135233	48.1268	0
24525	4.905	1.58263	1.6105	0.013523	48.9375	0
24530	4.906	1.5826	1.6105	0.0135221	49.9213	0
24535	4.907	1.58259	1.6105	0.0135207	50.8889	0
24540	4.908	1.58258	1.6105	0.0135192	51.6965	0
24545	4.909	1.58257	1.6105	0.0135178	52.2993	0
24550	4.91	1.58256	1.6105	0.0135166	52.6337	0
24555	4.911	1.58254	1.6105	0.013516	52.7059	0
24560	4.912	1.58254	1.6105	0.0135159	52.5231	0
24565	4.913	1.58256	1.6105	0.0135163	52.1026	0
24570	4.914	1.58256	1.6105	0.0135173	51.4674	0
24575	4.915	1.58256	1.6105	0.0135187	50.6294	0
24580	4.916	1.58259	1.6105	0.0135203	49.6445	0
24585	4.917	1.58259	1.6105	0.013522	48.5123	0
24590	4.918	1.58262	1.6105	0.0135233	47.8053	0
24595	4.919	1.58262	1.6105	0.0135241	48.0152	0
24600	4.92	1.58261	1.6105	0.0135242	48.7603	0
24605	4.921	1.58261	1.6105	0.0135236	49.7248	0
24610	4.922	1.5826	1.6105	0.0135225	50.7089	0
24615	4.923	1.58259	1.6105	0.0135211	51.5557	0
24620	4.924	1.58258	1.6105	0.0135198	52.2027	0
24625	4.925	1.58256	1.6105	0.0135188	52.5889	0
24630	4.926	1.58256	1.6105	0.0135182	52.7161	0
24635	4.927	1.58255	1.6105	0.0135182	52.5828	0
24640	4.928	1.58255	1.6105	0.0135187	52.2049	0
24645	4.929	1.58258	1.6105	0.0135198	51.6106	0
24650	4.93	1.58258	1.6105	0.0135213	50.8109	0
24655	4.931	1.58261	1.6105	0.013523	49.8531	0
24660	4.932	1.58261	1.6105	0.0135249	48.746	0
24665	4.933	1.58263	1.6105	0.0135265	47.792	0
24670	4.934	1.58263	1.6105	0.0135276	47.8686	0
24675	4.935	1.58264	1.6105	0.0135279	48.5407	0
24680	4.936	1.58263	1.6105	0.0135276	49.4846	0
24685	4.937	1.58263	1.6105	0.0135267	50.4721	0
24690	4.938	1.58262	1.6105	0.0135254	51.3677	0
24695	4.939	1.5826	1.6105	0.0135242	52.0521	0
24700	4.94	1.58259	1.6105	0.0135232	52.5045	0
24705	4.941	1.58258	1.6105	0.0135225	52.6836	0
24710	4.942	1.58258	1.6105	0.0135224	52.6031	0
24715	4.943	1.58259	1.6105	0.0135229	52.2769	0
24720	4.944	1.58259	1.6105	0.0135239	51.7149	0
24725	4.945	1.58261	1.6105	0.0135253	50.9656	0
24730	4.946	1.58262	1.6105	0.013527	50.0293	0
24735	4.947	1.58264	1.6105	0.0135288	48.9505	0
24740	4.948	1.58265	1.6105	0.0135305	47.7609	0
24745	4.949	1.58267	1.6105	0.0135317	47.6688	0
24750	4.95	1.58267	1.6105	0.0135321	48.2611	0
24755	4.951	1.58267	1.6105	0.0135318	49.1812	0
24760	4.952	1.58264	1.6105	0.0135308	50.1951	0
24765	4.953	1.58263	1.6105	0.0135295	51.1136	0
24770	4.954	1.58263	1.6105	0.0135281	51.8628	0
24775	4.955	1.58261	1.6105	0.0135268	52.3606	0
24780	4.956	1.5826	1.6105	0.0135258	52.6108	0
24785	4.957	1.5826	1.6105	0.0135254	52.5881	0
24790	4.958	1.5826	1.6105	0.0135255	52.3137	0
24795	4.959	1.5826	1.6105	0.0135261	51.7957	0
24800	4.96	1.5826	1.6105	0.0135272	51.0881	0
24805	4.961	1.58262	1.6105	0.0135286	50.2018	0
24810	4.962	1.58263	1.6105	0.0135301	49.1503	0
24815	4.963	1.58265	1.6105	0.0135315	47.9746	0
24820	4.964	1.58265	1.6105	0.0135326	47.7038	0
24825	4.965	1.58265	1.6105	0.0135329	48.1855	0
24830	4.966	1.58265	1.6105	0.0135325	49.0561	0
24835	4.967	1.58265	1.6105	0.0135314	50.0509	0
24840	4.968	1.58262	1.6105	0.0135299	51.0033	0
24845	4.969	1.58261	1.6105	0.0135283	51.7895	0
24850	4.97	1.58259	1.6105	0.0135268	52.3328	0
24855	4.971	1.58258	1.6105	0.0135256	52.6332	0
24860	4.972	1.58257	1.6105	0.013525	52.6562	0
24865	4.973	1.58256	1.6105	0.0135248	52.4268	0
24870	4.974	1.58258	1.6105	0.0135253	51.9637	0
24875	4.975	1.58259	1.6105	0.0135262	51.2767	0
24880	4.976	1.58259	1.6105	0.0135275	50.4213	0
24885	4.977	1.58261	1.6105	0.013529	49.3976	0
24890	4.978	1.58261	1.6105	0.0135304	48.2531	0
24895	4.979	1.58264	1.6105	0.0135315	47.7597	0
24900	4.98	1.58264	1.6105	0.013532	48.1169	0
24905	4.981	1.58264	1.6105	0.0135317	48.9282	0
24910	4.982	1.58261	1.6105	0.0135308	49.9219	0
24915	4.983	1.5826	1.6105	0.0135294	50.8779	0
24920	4.984	1.58259	1.6105	0.0135279	51.6994	0
24925	4.985	1.58258	1.6105	0.0135265	52.2876	0
24930	4.986	1.58257	1.6105	0.0135253	52.6368	0
24935	4.987	1.58255	1.6105	0.0135247	52.7085	0
24940	4.988	1.58255	1.6105	0.0135245	52.5253	0
24945	4.989	1.58255	1.6105	0.013525	52.1044	0
24950	4.99	1.58257	1.6105	0.013526	51.4548	0
24955	4.991	1.58257	1.6105	0.0135274	50.6316	0
24960	4.992	1.58259	1.6105	0.013529	49.635	0
24965	4.993	1.5826	1.6105	0.0135307	48.5127	0
24970	4.994	1.58263	1.6105	0.013532	47.7961	0
24975	4.995	1.58262	1.6105	0.0135329	48.0178	0
24980	4.996	1.58262	1.6105	0.0135329	48.7625	0
24985	4.997	1.58262	1.6105	0.0135323	49.7266	0
24990	4.998	1.58261	1.6105	0.0135312	50.699	0
24995	4.999	1.5826	1.6105	0.0135299	51.5558	0
25000	5	1.58259	1.6105	0.0135286	52.1932	0
25005	5.001	0	0	0	0	0
25010	5.002	0	0	0	0	0
25015	5.003	0	0	0	0	0
25020	5.004	0	0	0	0	0
25025	5.005	0	0	0	0	0
25030	5.006	0	0	0	0	0
25035	5.007	0	0	0	0	0
25040	5.008	0	0	0	0	0
25045	5.009	0	0	0	0	0
