TimeSlice	Time	hip_L_flx_rec	hip_L_ext_rec	hip_L	hip_L_flx	hip_L_ext
0	0	1.5698	1.6105	0	0	0
5	0.001	1.56981	1.61051	0	0	0
10	0.002	1.56982	1.61666	3.56216e-017	44.5976	13.5224
15	0.003	1.5698	1.6105	-0.000764329	111.064	66.6295
20	0.004	1.57279	1.6105	0.000293954	164.266	119.398
25	0.005	1.58849	1.6105	0.00190509	208.172	169.573
30	0.006	1.6069	1.6105	0.00380943	242.121	215.482
35	0.007	1.6267	1.6105	0.00587814	264.25	253.837
40	0.008	1.64698	1.6105	0.00801734	272.751	274.916
45	0.009	1.66207	1.6105	0.00964628	271.057	276.415
50	0.01	1.67653	1.6105	0.0112267	261.576	262.071
55	0.011	1.69003	1.6105	0.0127248	248.322	240.095
60	0.012	1.70241	1.6105	0.0141215	233.649	215.842
65	0.013	1.7137	1.6105	0.0154206	218.799	191.529
70	0.014	1.72398	1.6105	0.016628	204.399	167.982
75	0.015	1.73332	1.6105	0.0177482	190.779	145.469
80	0.016	1.7417	1.6105	0.0187795	178.135	124.093
85	0.017	1.74918	1.6105	0.0197271	166.494	103.905
90	0.018	1.75584	1.6105	0.0205987	155.813	84.9183
95	0.019	1.76179	1.6105	0.0214044	146.011	67.1521
100	0.02	1.76716	1.6105	0.0221553	136.975	50.5928
105	0.021	1.77206	1.6105	0.0228626	128.628	35.2149
110	0.022	1.77658	1.6105	0.0235358	120.845	20.9779
115	0.023	1.78079	1.6105	0.0241825	113.57	7.84216
120	0.024	1.78476	1.6105	0.0248087	106.722	0
125	0.025	1.78853	1.6105	0.0254187	100.265	0
130	0.026	1.79214	1.6105	0.0260142	94.1532	0
135	0.027	1.79555	1.6105	0.026594	88.4423	0
140	0.028	1.79876	1.6105	0.0271571	83.218	0
145	0.029	1.80177	1.6105	0.0277021	78.5251	0
150	0.03	1.80458	1.6105	0.0282282	74.3274	0
155	0.031	1.80717	1.6105	0.028735	70.6068	0
160	0.032	1.80954	1.6105	0.0292227	67.3189	0
165	0.033	1.81173	1.6105	0.0296919	64.3815	0
170	0.034	1.81372	1.6105	0.0301434	61.7579	0
175	0.035	1.81552	1.6105	0.0305778	59.3912	0
180	0.036	1.81714	1.6105	0.030996	57.2505	0
185	0.037	1.81861	1.6105	0.0313986	55.2917	0
190	0.038	1.81993	1.6105	0.0317864	53.4776	0
195	0.039	1.82116	1.6105	0.032168	51.7659	0
200	0.04	1.82232	1.6105	0.0325415	50.1517	0
205	0.041	1.82337	1.6105	0.0329062	48.6337	0
210	0.042	1.82433	1.6105	0.0332617	47.2152	0
215	0.043	1.82519	1.6105	0.033607	45.921	0
220	0.044	1.82593	1.6105	0.0339417	44.733	0
225	0.045	1.82657	1.6105	0.0342657	43.6424	0
230	0.046	1.82709	1.6105	0.0345797	42.6706	0
235	0.047	1.82755	1.6105	0.0348847	41.7853	0
240	0.048	1.82791	1.6105	0.0351816	40.9784	0
245	0.049	1.82821	1.6105	0.0354716	40.2678	0
250	0.05	1.82846	1.6105	0.0357555	39.6296	0
255	0.051	1.82863	1.6105	0.0360336	39.0548	0
260	0.052	1.82877	1.6105	0.0363066	38.551	0
265	0.053	1.82886	1.6105	0.0365748	38.1073	0
270	0.054	1.8289	1.6105	0.0368381	37.7308	0
275	0.055	1.82889	1.6105	0.0370966	37.4187	0
280	0.056	1.82885	1.6105	0.0373499	37.1563	0
285	0.057	1.82874	1.6105	0.0375978	36.9705	0
290	0.058	1.82859	1.6105	0.0378385	36.8515	0
295	0.059	1.82834	1.6105	0.0380715	36.8138	0
300	0.06	1.82805	1.6105	0.0382968	36.8435	0
305	0.061	1.82767	1.6105	0.0385142	36.9449	0
310	0.062	1.82723	1.6105	0.0387236	37.1171	0
315	0.063	1.82667	1.6105	0.0389218	37.3898	0
320	0.064	1.82603	1.6105	0.0391084	37.743	0
325	0.065	1.82528	1.6105	0.0392833	38.1822	0
330	0.066	1.82442	1.6105	0.0394465	38.7106	0
335	0.067	1.82346	1.6105	0.0395982	39.3324	0
340	0.068	1.82242	1.6105	0.0397385	40.0212	0
345	0.069	1.82127	1.6105	0.0398676	40.7956	0
350	0.07	1.82003	1.6105	0.0399858	41.6484	0
355	0.071	1.8187	1.6105	0.0400934	42.5787	0
360	0.072	1.81729	1.6105	0.0401907	43.5872	0
365	0.073	1.8158	1.6105	0.0402781	44.6717	0
370	0.074	1.81424	1.6105	0.0403558	45.826	0
375	0.075	1.8126	1.6105	0.0404244	47.0596	0
380	0.076	1.81091	1.6105	0.0404842	48.3638	0
385	0.077	1.80914	1.6105	0.0405357	49.7516	0
390	0.078	1.80734	1.6105	0.0405794	51.2034	0
395	0.079	1.80546	1.6105	0.0406157	52.7318	0
400	0.08	1.80356	1.6105	0.0406452	54.3419	0
405	0.081	1.80161	1.6105	0.0406684	56.027	0
410	0.082	1.79963	1.6105	0.0406859	57.7971	0
415	0.083	1.79761	1.6105	0.0406982	59.6376	0
420	0.084	1.79559	1.6105	0.0407058	61.5638	0
425	0.085	1.79353	1.6105	0.0407094	63.58	0
430	0.086	1.79147	1.6105	0.0407097	65.6795	0
435	0.087	1.78941	1.6105	0.0407071	67.8718	0
440	0.088	1.78734	1.6105	0.0407025	70.1485	0
445	0.089	1.78529	1.6105	0.0406963	72.5402	0
450	0.09	1.78326	1.6105	0.0406894	75.0194	0
455	0.091	1.78124	1.6105	0.0406824	77.618	0
460	0.092	1.77926	1.6105	0.040676	80.3181	0
465	0.093	1.77731	1.6105	0.0406709	83.1415	0
470	0.094	1.7754	1.6105	0.0406679	86.0849	0
475	0.095	1.77353	1.6105	0.0406679	89.1532	0
480	0.096	1.77173	1.6105	0.0406714	92.3603	0
485	0.097	1.76998	1.6105	0.0406795	95.6927	0
490	0.098	1.7683	1.6105	0.0406929	99.1652	0
495	0.099	1.76671	1.6105	0.0407125	102.773	0
500	0.1	1.7652	1.6105	0.0407391	106.528	0
505	0.101	1.76378	1.6105	0.0407738	110.43	0
510	0.102	1.76246	1.6105	0.0408174	114.473	0
515	0.103	1.76127	1.6105	0.0408709	118.676	0
520	0.104	1.76018	1.6105	0.0409353	123.034	0
525	0.105	1.75922	1.6105	0.0410116	127.543	0
530	0.106	1.7584	1.6105	0.0411008	132.207	0
535	0.107	1.75773	1.6105	0.0412039	137.03	0
540	0.108	1.7572	1.6105	0.0413221	142.026	0
545	0.109	1.75682	1.6105	0.0414562	147.192	0
550	0.11	1.75663	1.6105	0.0416075	152.538	0
555	0.111	1.75661	1.6105	0.0417771	158.047	0
560	0.112	1.75678	1.6105	0.041966	163.755	0
565	0.113	1.75715	1.6105	0.0421756	169.629	0
570	0.114	1.75772	1.6105	0.0424069	175.697	0
575	0.115	1.75851	1.6105	0.0426613	181.949	0
580	0.116	1.75953	1.6105	0.0429399	188.396	0
585	0.117	1.76078	1.6105	0.0432441	195.032	0
590	0.118	1.76228	1.6105	0.0435752	201.881	0
595	0.119	1.76404	1.6105	0.0439345	208.905	0
600	0.12	1.76606	1.6105	0.0443234	216.132	0
605	0.121	1.76837	1.6105	0.0447433	223.547	0
610	0.122	1.77097	1.6105	0.0451957	231.16	0
615	0.123	1.77386	1.6105	0.045682	238.961	0
620	0.124	1.77706	1.6105	0.0462037	246.948	0
625	0.125	1.78059	1.6105	0.0467621	255.116	0
630	0.126	1.78445	1.6105	0.0473589	263.452	0
635	0.127	1.78865	1.6105	0.0479954	271.955	0
640	0.128	1.79321	1.6105	0.0486733	280.618	0
645	0.129	1.79813	1.6105	0.0493941	289.419	0
650	0.13	1.80343	1.6105	0.0501591	298.349	0
655	0.131	1.80911	1.6105	0.0509701	307.405	0
660	0.132	1.8152	1.6105	0.0518286	316.561	0
665	0.133	1.82169	1.6105	0.052736	325.801	0
670	0.134	1.82859	1.6105	0.0536938	335.109	0
675	0.135	1.83593	1.6105	0.0547036	344.475	0
680	0.136	1.8437	1.6105	0.0557669	353.861	0
685	0.137	1.85192	1.6105	0.056885	363.265	0
690	0.138	1.86059	1.6105	0.0580595	372.645	0
695	0.139	1.86971	1.6105	0.0592916	381.986	0
700	0.14	1.87932	1.6105	0.0605829	391.274	0
705	0.141	1.8894	1.6105	0.0619345	400.474	0
710	0.142	1.89995	1.6105	0.0633477	409.542	0
715	0.143	1.911	1.6105	0.0648238	418.425	0
720	0.144	1.92254	1.6105	0.0663638	427.078	0
725	0.145	1.93459	1.6105	0.0679687	435.45	0
730	0.146	1.94713	1.6105	0.0696395	443.478	0
735	0.147	1.96018	1.6105	0.0713768	451.123	0
740	0.148	1.97371	1.6105	0.0731812	458.333	0
745	0.149	1.98775	1.6105	0.0750532	465.094	0
750	0.15	2.00229	1.6105	0.0769933	471.381	0
755	0.151	2.01732	1.6105	0.0790017	477.165	0
760	0.152	2.03284	1.6105	0.0810786	482.438	0
765	0.153	2.04884	1.6105	0.0832243	487.201	0
770	0.154	2.06532	1.6105	0.0854386	491.45	0
775	0.155	2.08226	1.6105	0.0877214	495.183	0
780	0.156	2.09968	1.6105	0.0900726	498.416	0
785	0.157	2.11754	1.6105	0.0924916	501.163	0
790	0.158	2.13584	1.6105	0.0949781	503.421	0
795	0.159	2.15456	1.6105	0.0975314	505.224	0
800	0.16	2.17371	1.6105	0.100151	506.575	0
805	0.161	2.19325	1.6105	0.102835	507.499	0
810	0.162	2.21319	1.6105	0.105584	508.013	0
815	0.163	2.23349	1.6105	0.108396	508.15	0
820	0.164	2.25415	1.6105	0.11127	507.903	0.900181
825	0.165	2.27514	1.6105	0.114205	507.306	5.7233
830	0.166	2.29646	1.6105	0.117199	506.389	10.531
835	0.167	2.31804	1.6105	0.120249	505.166	15.3318
840	0.168	2.3399	1.6105	0.123353	503.659	20.0889
845	0.169	2.36196	1.6105	0.126506	501.914	24.8057
850	0.17	2.38422	1.6105	0.129708	499.934	29.4629
855	0.171	2.40664	1.6105	0.132955	497.757	34.0502
860	0.172	2.4292	1.6105	0.136244	495.383	38.5653
865	0.173	2.45187	1.6105	0.139573	492.846	42.9878
870	0.174	2.47461	1.6105	0.142938	490.17	47.3114
875	0.175	2.4974	1.6105	0.146337	487.351	51.5268
880	0.176	2.5202	1.6105	0.149767	484.445	55.6327
885	0.177	2.54301	1.6105	0.153225	481.435	59.6074
890	0.178	2.56576	1.6105	0.156708	478.344	63.4743
895	0.179	2.58848	1.6105	0.160214	475.194	67.1986
900	0.18	2.61109	1.6105	0.163741	471.994	70.8053
905	0.181	2.63363	1.6105	0.167286	468.742	74.2684
910	0.182	2.65603	1.6105	0.170847	465.465	77.6103
915	0.183	2.67831	1.6105	0.174422	462.165	80.8227
920	0.184	2.70044	1.6105	0.17801	458.852	83.8951
925	0.185	2.72238	1.6105	0.181608	455.529	86.8298
930	0.186	2.74414	1.6105	0.185214	452.199	89.6393
935	0.187	2.7657	1.6105	0.188826	448.882	92.305
940	0.188	2.78703	1.6105	0.192443	445.579	94.8497
945	0.189	2.80815	1.6105	0.196062	442.292	97.2603
950	0.19	2.82902	1.6105	0.199682	439.028	99.5391
955	0.191	2.84962	1.6105	0.203303	435.786	101.692
960	0.192	2.86997	1.6105	0.206921	432.582	103.721
965	0.193	2.89003	1.6105	0.210537	429.404	105.635
970	0.194	2.90983	1.6105	0.214149	426.251	107.434
975	0.195	2.92934	1.6105	0.217756	423.145	109.123
980	0.196	2.94856	1.6105	0.221356	420.044	110.699
985	0.197	2.96748	1.6105	0.224949	416.976	112.159
990	0.198	2.98608	1.6105	0.228534	413.936	113.519
995	0.199	3.00437	1.6105	0.232109	410.917	114.777
1000	0.2	3.02234	1.6105	0.235673	407.933	115.929
1005	0.201	3.03998	1.6105	0.239224	404.985	116.981
1010	0.202	3.05728	1.6105	0.242762	402.08	117.927
1015	0.203	3.07424	1.6105	0.246285	399.206	118.777
1020	0.204	3.09085	1.6105	0.249791	396.384	119.522
1025	0.205	3.10709	1.6105	0.253281	393.6	120.183
1030	0.206	3.12299	1.6105	0.256753	390.872	120.744
1035	0.207	3.13851	1.6105	0.260206	388.186	121.223
1040	0.208	3.15368	1.6105	0.263639	385.548	121.615
1045	0.209	3.16848	1.6105	0.267052	382.962	121.91
1050	0.21	3.18289	1.6105	0.270443	380.428	122.132
1055	0.211	3.19694	1.6105	0.273812	377.946	122.286
1060	0.212	3.21063	1.6105	0.277158	375.515	122.353
1065	0.213	3.22393	1.6105	0.280481	373.131	122.338
1070	0.214	3.23685	1.6105	0.28378	370.804	122.274
1075	0.215	3.24942	1.6105	0.287055	368.517	122.136
1080	0.216	3.26161	1.6105	0.290305	366.285	121.934
1085	0.217	3.27343	1.6105	0.29353	364.104	121.671
1090	0.218	3.28488	1.6105	0.296729	361.97	121.354
1095	0.219	3.29597	1.6105	0.299903	359.874	120.985
1100	0.22	3.3067	1.6105	0.303052	357.825	120.57
1105	0.221	3.31708	1.6105	0.306175	355.822	120.099
1110	0.222	3.32708	1.6105	0.309272	353.856	119.601
1115	0.223	3.33677	1.6105	0.312343	351.924	119.058
1120	0.224	3.3461	1.6105	0.315389	350.029	118.492
1125	0.225	3.35511	1.6105	0.31841	348.167	117.885
1130	0.226	3.36378	1.6105	0.321405	346.341	117.249
1135	0.227	3.37212	1.6105	0.324375	344.536	116.592
1140	0.228	3.38014	1.6105	0.32732	342.766	115.922
1145	0.229	3.38787	1.6105	0.330241	341.015	115.233
1150	0.23	3.39529	1.6105	0.333139	339.282	114.537
1155	0.231	3.40243	1.6105	0.336012	337.569	113.822
1160	0.232	3.40927	1.6105	0.338863	335.866	113.105
1165	0.233	3.41583	1.6105	0.341692	334.177	112.383
1170	0.234	3.42213	1.6105	0.344498	332.496	111.672
1175	0.235	3.42818	1.6105	0.347283	330.824	110.955
1180	0.236	3.43396	1.6105	0.350048	329.147	110.251
1185	0.237	3.43952	1.6105	0.352794	327.471	109.554
1190	0.238	3.44483	1.6105	0.355521	325.789	108.881
1195	0.239	3.44994	1.6105	0.358229	324.095	108.213
1200	0.24	3.45482	1.6105	0.36092	322.395	107.579
1205	0.241	3.45953	1.6105	0.363594	320.677	106.95
1210	0.242	3.46401	1.6105	0.366252	318.95	106.348
1215	0.243	3.46832	1.6105	0.368895	317.199	105.763
1220	0.244	3.47243	1.6105	0.371523	315.429	105.203
1225	0.245	3.47638	1.6105	0.374137	313.646	104.67
1230	0.246	3.48016	1.6105	0.376737	311.829	104.171
1235	0.247	3.4838	1.6105	0.379324	309.999	103.679
1240	0.248	3.48726	1.6105	0.381899	308.142	103.233
1245	0.249	3.4906	1.6105	0.384462	306.257	102.801
1250	0.25	3.49378	1.6105	0.387013	304.341	102.409
1255	0.251	3.49685	1.6105	0.389554	302.402	102.029
1260	0.252	3.49976	1.6105	0.392084	300.442	101.687
1265	0.253	3.50258	1.6105	0.394604	298.443	101.376
1270	0.254	3.50528	1.6105	0.397115	296.42	101.069
1275	0.255	3.50783	1.6105	0.399616	294.367	100.807
1280	0.256	3.51031	1.6105	0.402108	292.287	85.175
1285	0.257	3.48795	1.6105	0.401545	307.379	70.8578
1290	0.258	3.46589	1.6105	0.40099	321.189	57.8313
1295	0.259	3.44427	1.6105	0.400458	333.744	46.0401
1300	0.26	3.42316	1.6105	0.399961	345.099	35.4519
1305	0.261	3.40268	1.6105	0.399513	355.286	26.061
1310	0.262	3.38296	1.6105	0.399134	364.296	17.88
1315	0.263	3.36417	1.6105	0.398842	372.14	10.8648
1320	0.264	3.34639	1.6105	0.398649	378.84	4.99186
1325	0.265	3.32972	1.6105	0.398569	384.43	0.219867
1330	0.266	3.31424	1.6105	0.398611	388.928	0
1335	0.267	3.29995	1.6105	0.398781	392.385	0
1340	0.268	3.28689	1.6105	0.399083	394.858	0
1345	0.269	3.27508	1.6105	0.399521	396.387	0
1350	0.27	3.2645	1.6105	0.400094	397.046	0
1355	0.271	3.25514	1.6105	0.400802	396.883	0
1360	0.272	3.24697	1.6105	0.401643	395.965	0
1365	0.273	3.23066	1.6105	0.401469	400.821	0
1370	0.274	3.21557	1.6105	0.401424	404.586	0
1375	0.275	3.20172	1.6105	0.40151	407.322	0
1380	0.276	3.18674	1.6105	0.401437	410.752	0
1385	0.277	3.17244	1.6105	0.401429	413.555	0
1390	0.278	3.15837	1.6105	0.401431	416.091	0
1395	0.279	3.14445	1.6105	0.401431	418.441	0
1400	0.28	3.13069	1.6105	0.401431	420.614	0
1405	0.281	3.11707	1.6105	0.401431	422.625	0
1410	0.282	3.10361	1.6105	0.401431	424.49	0
1415	0.283	3.0903	1.6105	0.401431	426.21	0
1420	0.284	3.07713	1.6105	0.401431	427.811	0
1425	0.285	3.06409	1.6105	0.401431	429.288	0
1430	0.286	3.05121	1.6105	0.401431	430.648	0
1435	0.287	3.03847	1.6105	0.401431	431.91	0
1440	0.288	3.02588	1.6105	0.401431	433.076	0
1445	0.289	3.01342	1.6105	0.40143	434.151	0
1450	0.29	3.0011	1.6105	0.40143	435.148	0
1455	0.291	2.9889	1.6105	0.40143	436.067	0
1460	0.292	2.97685	1.6105	0.401429	436.907	0
1465	0.293	2.96494	1.6105	0.401429	437.679	0
1470	0.294	2.95315	1.6105	0.401429	438.386	0
1475	0.295	2.9415	1.6105	0.401429	439.04	0
1480	0.296	2.92997	1.6105	0.401429	439.636	0
1485	0.297	2.91855	1.6105	0.401429	440.174	0
1490	0.298	2.90728	1.6105	0.401429	440.669	0
1495	0.299	2.89614	1.6105	0.401429	441.112	0
1500	0.3	2.88511	1.6105	0.401429	441.517	0
1505	0.301	2.87421	1.6105	0.401429	441.875	0
1510	0.302	2.86342	1.6105	0.401429	442.201	0
1515	0.303	2.85276	1.6105	0.401429	442.489	0
1520	0.304	2.84222	1.6105	0.401429	442.739	0
1525	0.305	2.83176	1.6105	0.401429	442.965	0
1530	0.306	2.82145	1.6105	0.401429	443.158	0
1535	0.307	2.81125	1.6105	0.401429	443.32	0
1540	0.308	2.80116	1.6105	0.401429	443.456	0
1545	0.309	2.79118	1.6105	0.401429	443.566	0
1550	0.31	2.78132	1.6105	0.401429	443.652	0
1555	0.311	2.77156	1.6105	0.401429	443.713	0
1560	0.312	2.76191	1.6105	0.401429	443.754	0
1565	0.313	2.75237	1.6105	0.401429	443.773	0
1570	0.314	2.74293	1.6105	0.401429	443.777	0
1575	0.315	2.73357	1.6105	0.401429	443.763	0
1580	0.316	2.72435	1.6105	0.401429	443.725	0
1585	0.317	2.71521	1.6105	0.401429	443.668	0
1590	0.318	2.70619	1.6105	0.401429	443.597	0
1595	0.319	2.69726	1.6105	0.401429	443.495	0
1600	0.32	2.68843	1.6105	0.401429	443.366	0
1605	0.321	2.6797	1.6105	0.401429	443.211	0
1610	0.322	2.67106	1.6105	0.401429	443.011	0
1615	0.323	2.66252	1.6105	0.401429	442.777	0
1620	0.324	2.65407	1.6105	0.401429	442.492	0
1625	0.325	2.64572	1.6105	0.401429	442.149	0
1630	0.326	2.63746	1.6105	0.401429	441.756	0
1635	0.327	2.62926	1.6105	0.401429	441.297	0
1640	0.328	2.62118	1.6105	0.401429	440.768	0
1645	0.329	2.61319	1.6105	0.401429	440.158	0
1650	0.33	2.60529	1.6105	0.401429	439.474	0
1655	0.331	2.59748	1.6105	0.401429	438.704	0
1660	0.332	2.58975	1.6105	0.401429	437.841	0
1665	0.333	2.5821	1.6105	0.401429	436.88	0
1670	0.334	2.57455	1.6105	0.401429	435.814	0
1675	0.335	2.56707	1.6105	0.401429	434.631	0
1680	0.336	2.55967	1.6105	0.401429	433.326	0
1685	0.337	2.55236	1.6105	0.401429	431.891	0
1690	0.338	2.54513	1.6105	0.401429	430.321	0
1695	0.339	2.53796	1.6105	0.401429	428.603	0
1700	0.34	2.53089	1.6105	0.401429	426.718	0
1705	0.341	2.52389	1.6105	0.401429	424.639	0
1710	0.342	2.51698	1.6105	0.401429	422.345	0
1715	0.343	2.51013	1.6105	0.401429	419.797	0
1720	0.344	2.50337	1.6105	0.401429	416.98	0
1725	0.345	2.49668	1.6105	0.401428	413.875	0
1730	0.346	2.49006	1.6105	0.401428	410.448	0
1735	0.347	2.48352	1.6105	0.401428	406.683	0
1740	0.348	2.47704	1.6105	0.401428	402.541	2.35998
1745	0.349	2.47064	1.6105	0.401428	398.005	11.8522
1750	0.35	2.46432	1.6105	0.401428	393.028	22.9512
1755	0.351	2.45806	1.6105	0.401428	387.592	35.8829
1760	0.352	2.45185	1.6105	0.401428	381.647	50.9409
1765	0.353	2.44572	1.6105	0.401428	375.159	68.3918
1770	0.354	2.43967	1.6105	0.401428	368.086	88.5209
1775	0.355	2.43368	1.6105	0.401427	360.382	111.586
1780	0.356	2.42776	1.6105	0.401427	352.003	137.815
1785	0.357	2.4219	1.6105	0.401427	342.904	167.368
1790	0.358	2.41611	1.6105	0.401427	333.043	200.288
1795	0.359	2.41036	1.6105	0.401426	322.379	236.536
1800	0.36	2.40467	1.6105	0.401424	310.876	275.858
1805	0.361	2.39896	1.6105	0.401409	298.58	317.836
1810	0.362	2.3931	1.6105	0.40137	285.524	361.981
1815	0.363	2.38702	1.6105	0.401294	271.76	407.646
1820	0.364	2.38058	1.6105	0.401167	257.37	454.148
1825	0.365	2.37368	1.6105	0.400974	242.459	500.771
1830	0.366	2.36617	1.6105	0.400699	227.384	546.836
1835	0.367	2.35794	1.6105	0.400323	212.734	591.673
1840	0.368	2.34885	1.6105	0.399828	198.878	634.672
1845	0.369	2.33873	1.6105	0.399198	186.051	675.344
1850	0.37	2.32746	1.6105	0.398412	174.431	713.331
1855	0.371	2.31492	1.6105	0.397453	164.115	748.364
1860	0.372	2.30092	1.6105	0.396302	155.182	780.326
1865	0.373	2.2854	1.6105	0.394944	147.665	809.155
1870	0.374	2.26823	1.6105	0.393363	141.589	834.853
1875	0.375	2.24932	1.6105	0.391547	136.957	857.456
1880	0.376	2.22855	1.6105	0.389483	133.76	877.057
1885	0.377	2.20587	1.6105	0.38716	131.99	893.768
1890	0.378	2.18124	1.6105	0.384569	131.631	907.669
1895	0.379	2.15455	1.6105	0.381701	132.643	918.908
1900	0.38	2.12579	1.6105	0.378549	135.009	927.595
1905	0.381	2.0949	1.6105	0.375107	138.684	933.905
1910	0.382	2.06194	1.6105	0.371378	143.579	937.985
1915	0.383	2.02693	1.6105	0.367367	149.614	939.997
1920	0.384	1.98992	1.6105	0.363079	156.692	940.112
1925	0.385	1.951	1.6105	0.358521	164.73	938.462
1930	0.386	1.91022	1.6105	0.353703	173.641	935.186
1935	0.387	1.86765	1.6105	0.348631	183.328	930.432
1940	0.388	1.82339	1.6105	0.343317	193.714	925.121
1945	0.389	1.77878	1.6105	0.337921	203.866	918.396
1950	0.39	1.73242	1.6105	0.332281	214.75	910.394
1955	0.391	1.68443	1.6105	0.326403	226.29	901.641
1960	0.392	1.63555	1.66105	0.320382	237.934	891.97
1965	0.393	1.58547	1.71385	0.314178	249.924	881.534
1970	0.394	1.5698	1.76735	0.307815	262.13	870.419
1975	0.395	1.5698	1.8214	0.301305	274.475	858.745
1980	0.396	1.5698	1.87589	0.294664	286.896	846.574
1985	0.397	1.5698	1.93068	0.287905	299.326	833.986
1990	0.398	1.5698	1.98565	0.281041	311.717	821.061
1995	0.399	1.5698	2.04068	0.274085	324.003	807.853
2000	0.4	1.5698	2.09565	0.267051	336.148	794.427
2005	0.401	1.5698	2.15047	0.25995	348.09	780.835
2010	0.402	1.5698	2.20502	0.252795	359.818	767.113
2015	0.403	1.5698	2.25922	0.245596	371.27	753.323
2020	0.404	1.5698	2.31298	0.238364	382.433	739.482
2025	0.405	1.5698	2.36621	0.23111	393.275	725.618
2030	0.406	1.5698	2.41885	0.223842	403.773	711.782
2035	0.407	1.5698	2.47083	0.21657	413.916	697.965
2040	0.408	1.5698	2.52208	0.209301	423.691	684.222
2045	0.409	1.5698	2.57255	0.202045	433.071	670.545
2050	0.41	1.5698	2.62221	0.194806	442.058	656.956
2055	0.411	1.5698	2.67098	0.187593	450.648	643.484
2060	0.412	1.5698	2.71883	0.180412	458.823	630.129
2065	0.413	1.5698	2.76575	0.173267	466.58	616.893
2070	0.414	1.5698	2.81169	0.166164	473.93	603.8
2075	0.415	1.5698	2.85664	0.159107	480.857	590.831
2080	0.416	1.5698	2.90056	0.152101	487.376	578.003
2085	0.417	1.5698	2.94346	0.145149	493.483	565.32
2090	0.418	1.5698	2.95044	0.138255	499.189	576.759
2095	0.419	1.5698	2.93741	0.135534	482.454	600.662
2100	0.42	1.5698	2.92229	0.135181	454.827	624.078
2105	0.421	1.5698	2.9079	0.135095	428.318	645.119
2110	0.422	1.5698	2.89469	0.134942	404.51	663.648
2115	0.423	1.5698	2.88304	0.134668	383.389	679.597
2120	0.424	1.5698	2.87323	0.134227	364.87	692.917
2125	0.425	1.5698	2.86552	0.133582	348.832	703.615
2130	0.426	1.5698	2.8601	0.1327	335.172	711.706
2135	0.427	1.5698	2.85714	0.131555	323.772	717.249
2140	0.428	1.5698	2.85673	0.130127	314.528	720.306
2145	0.429	1.5698	2.85892	0.128401	307.319	720.959
2150	0.43	1.5698	2.86377	0.126365	302.038	719.336
2155	0.431	1.5698	2.87124	0.124013	298.576	715.53
2160	0.432	1.5698	2.88131	0.121342	296.81	709.668
2165	0.433	1.5698	2.89391	0.118353	296.627	701.902
2170	0.434	1.5698	2.90893	0.115052	297.907	692.344
2175	0.435	1.5698	2.92627	0.111444	300.515	681.144
2180	0.436	1.5698	2.9458	0.107541	304.338	668.461
2185	0.437	1.5698	2.96736	0.103354	309.245	654.42
2190	0.438	1.5698	2.9908	0.0988964	315.108	639.167
2195	0.439	1.5698	3.01596	0.0941849	321.805	622.834
2200	0.44	1.5698	3.02458	0.0892361	329.221	618.514
2205	0.441	1.5698	3.02373	0.0862331	325.818	620.713
2210	0.442	1.5698	3.02176	0.0843582	316.835	623.193
2215	0.443	1.5698	3.0218	0.0826226	307.934	623.658
2220	0.444	1.5698	3.02395	0.0806453	301.096	622.154
2225	0.445	1.5698	3.02828	0.0784139	296.205	618.737
2230	0.446	1.5698	3.03477	0.0759198	293.148	613.493
2235	0.447	1.5698	3.04339	0.0731589	291.76	606.519
2240	0.448	1.5698	3.05413	0.0701308	291.885	597.898
2245	0.449	1.5698	3.06688	0.066838	293.404	587.754
2250	0.45	1.5698	3.07694	0.063286	296.148	579.591
2255	0.451	1.5698	3.08423	0.0600426	297.071	573.386
2260	0.452	1.5698	3.09019	0.0571213	296.256	568.006
2265	0.453	1.5698	3.09625	0.0543522	294.746	562.363
2270	0.454	1.5698	3.10315	0.0515619	293.5	555.954
2275	0.455	1.5698	3.11081	0.0486646	292.96	548.812
2280	0.456	1.5698	3.11891	0.0456616	293.04	541.257
2285	0.457	1.5698	3.12707	0.0425972	293.489	533.555
2290	0.458	1.5698	3.13513	0.039514	294.037	525.84
2295	0.459	1.5698	3.1431	0.0364325	294.586	518.107
2300	0.46	1.5698	3.15105	0.0333518	295.145	510.292
2305	0.461	1.5698	3.15906	0.0302614	295.753	502.325
2310	0.462	1.5698	3.16718	0.0271518	296.471	494.2
2315	0.463	1.5698	3.17539	0.0240189	297.312	485.921
2320	0.464	1.5698	3.18364	0.0208642	298.262	477.521
2325	0.465	1.5698	3.19194	0.0176912	299.296	469.015
2330	0.466	1.5698	3.20025	0.014503	300.402	460.422
2335	0.467	1.5698	3.20856	0.0113013	301.556	451.745
2340	0.468	1.5698	3.21687	0.00808681	302.756	442.978
2345	0.469	1.5698	3.22521	0.00485943	303.998	434.13
2350	0.47	1.5698	3.23353	0.00161932	305.297	425.195
2355	0.471	1.5698	3.24187	-0.00163301	306.624	416.188
2360	0.472	1.5698	3.25017	-0.00489672	308.006	407.118
2365	0.473	1.5698	3.25848	-0.00817082	309.397	397.965
2370	0.474	1.5698	3.26675	-0.0114544	310.827	388.769
2375	0.475	1.5698	3.27497	-0.0147465	312.27	379.512
2380	0.476	1.5698	3.28316	-0.0180464	313.722	370.201
2385	0.477	1.5698	3.29131	-0.0213533	315.188	360.84
2390	0.478	1.5698	3.2994	-0.0246663	316.663	351.436
2395	0.479	1.5698	3.30743	-0.0279848	318.141	341.995
2400	0.48	1.5698	3.3154	-0.0313077	319.618	332.511
2405	0.481	1.5698	3.32328	-0.0346343	321.093	322.992
2410	0.482	1.5698	3.3311	-0.0379637	322.547	313.441
2415	0.483	1.5698	3.33882	-0.041295	324.005	303.864
2420	0.484	1.5698	3.34647	-0.0446274	325.438	294.263
2425	0.485	1.5698	3.35399	-0.04796	326.867	284.637
2430	0.486	1.5698	3.36143	-0.0512919	328.262	275
2435	0.487	1.5698	3.36876	-0.0546223	329.64	265.34
2440	0.488	1.5698	3.37597	-0.0579502	330.993	255.67
2445	0.489	1.5698	3.38305	-0.0612749	332.318	245.997
2450	0.49	1.5698	3.39002	-0.0645954	333.605	236.314
2455	0.491	1.5698	3.39685	-0.0679109	334.872	226.628
2460	0.492	1.5698	3.40355	-0.0712205	336.093	216.946
2465	0.493	1.5698	3.41011	-0.0745233	337.286	207.264
2470	0.494	1.5698	3.4165	-0.0778184	338.436	197.589
2475	0.495	1.5698	3.42275	-0.0811051	339.536	187.927
2480	0.496	1.5698	3.42884	-0.0843823	340.602	178.283
2485	0.497	1.5698	3.43476	-0.0876492	341.62	168.65
2490	0.498	1.5698	3.44052	-0.090905	342.586	159.034
2495	0.499	1.5698	3.44611	-0.0941488	343.512	149.448
2500	0.5	1.5698	3.45153	-0.0973798	344.389	139.879
2505	0.501	1.5698	3.45676	-0.100597	345.218	130.345
2510	0.502	1.5698	3.46181	-0.1038	345.991	120.839
2515	0.503	1.5698	3.46665	-0.106987	346.709	111.373
2520	0.504	1.5698	3.47131	-0.110158	347.366	101.941
2525	0.505	1.5698	3.47577	-0.113312	347.977	92.5548
2530	0.506	1.5698	3.48002	-0.116448	348.53	83.2182
2535	0.507	1.5698	3.48408	-0.119565	349.017	73.9207
2540	0.508	1.5698	3.48792	-0.122663	349.455	64.6783
2545	0.509	1.5698	3.49156	-0.12574	349.834	55.4922
2550	0.51	1.5698	3.49497	-0.128796	350.157	46.3599
2555	0.511	1.5698	3.49816	-0.13183	350.414	37.2955
2560	0.512	1.5698	3.50113	-0.134841	350.608	28.2894
2565	0.513	1.5698	3.50387	-0.137829	350.745	19.3503
2570	0.514	1.5698	3.5064	-0.140792	350.812	10.4863
2575	0.515	1.5698	3.50867	-0.143731	350.83	1.69589
2580	0.516	1.5698	3.51072	-0.146643	350.773	0
2585	0.517	1.5698	3.51255	-0.149529	350.659	0
2590	0.518	1.5698	3.51413	-0.152389	350.49	0
2595	0.519	1.5698	3.51552	-0.155223	350.258	0
2600	0.52	1.5698	3.51668	-0.158031	349.99	0
2605	0.521	1.5698	3.5176	-0.160812	349.661	0
2610	0.522	1.5698	3.51832	-0.163566	349.277	0
2615	0.523	1.5698	3.51883	-0.166293	348.852	0
2620	0.524	1.5698	3.5191	-0.168993	348.389	0
2625	0.525	1.5698	3.51919	-0.171666	347.86	0
2630	0.526	1.5698	3.51906	-0.174313	347.312	0
2635	0.527	1.5698	3.51872	-0.176933	346.717	0
2640	0.528	1.5698	3.51819	-0.179526	346.076	0
2645	0.529	1.5698	3.51747	-0.182092	345.406	0
2650	0.53	1.5698	3.51654	-0.184632	344.708	0
2655	0.531	1.5698	3.51541	-0.187145	343.966	0
2660	0.532	1.5698	3.5141	-0.189631	343.188	0
2665	0.533	1.5698	3.51261	-0.192091	342.385	0
2670	0.534	1.5698	3.51094	-0.194523	341.558	0
2675	0.535	1.5698	3.50908	-0.19693	340.71	0
2680	0.536	1.5698	3.50706	-0.19931	339.826	0
2685	0.537	1.5698	3.50484	-0.201663	338.922	0
2690	0.538	1.5698	3.50245	-0.20399	337.983	0
2695	0.539	1.5698	3.4999	-0.206291	337.05	0
2700	0.54	1.5698	3.49716	-0.208565	336.194	0
2705	0.541	1.5698	3.49429	-0.210812	335.447	0
2710	0.542	1.5698	3.49124	-0.213034	334.865	0
2715	0.543	1.5698	3.48801	-0.215229	334.43	0
2720	0.544	1.5698	3.48466	-0.217398	334.152	0
2725	0.545	1.5698	3.48112	-0.219541	334.067	0
2730	0.546	1.5698	3.47746	-0.221657	334.145	0
2735	0.547	1.5698	3.47361	-0.223747	334.42	0
2740	0.548	1.5698	3.46964	-0.225811	334.855	0
2745	0.549	1.5698	3.46552	-0.227848	335.506	0
2750	0.55	1.5698	3.46124	-0.229859	336.361	0
2755	0.551	1.5698	3.45681	-0.231843	337.428	0
2760	0.552	1.5698	3.45224	-0.233801	338.728	0
2765	0.553	1.5698	3.44752	-0.235732	340.275	0
2770	0.554	1.5698	3.44267	-0.237637	342.097	0
2775	0.555	1.5698	3.43766	-0.239515	344.224	0
2780	0.556	1.5698	3.43253	-0.241365	346.664	0
2785	0.557	1.5698	3.42721	-0.243187	349.463	0
2790	0.558	1.5698	3.42172	-0.244978	352.609	0
2795	0.559	1.5698	3.41601	-0.246735	356.156	0
2800	0.56	1.5698	3.4101	-0.248457	360.094	0
2805	0.561	1.5698	3.40396	-0.25014	364.485	0
2810	0.562	1.5698	3.39756	-0.251781	369.337	0
2815	0.563	1.5698	3.39093	-0.253377	374.674	0
2820	0.564	1.5698	3.384	-0.254928	380.544	0
2825	0.565	1.5698	3.37679	-0.25643	386.942	0
2830	0.566	1.5698	3.36931	-0.257883	393.91	0
2835	0.567	1.5698	3.3615	-0.259283	401.475	0
2840	0.568	1.5698	3.35334	-0.260627	409.621	0
2845	0.569	1.5698	3.33555	-0.261911	418.357	0
2850	0.57	1.5698	3.31757	-0.261836	421.853	0
2855	0.571	1.5698	3.29935	-0.261703	426.476	0
2860	0.572	1.5698	3.28099	-0.261514	432.166	0
2865	0.573	1.5698	3.2624	-0.261271	438.923	0
2870	0.574	1.5698	3.24362	-0.260973	446.635	0
2875	0.575	1.5698	3.22465	-0.260618	455.266	0
2880	0.576	1.5698	3.20542	-0.260206	464.757	0
2885	0.577	1.5698	3.18597	-0.259733	474.996	0
2890	0.578	1.5698	3.16629	-0.259198	485.943	0
2895	0.579	1.5698	3.14635	-0.2586	497.53	0
2900	0.58	1.5698	3.12618	-0.257938	509.652	0
2905	0.581	1.5698	3.10571	-0.25721	522.252	0
2910	0.582	1.5698	3.08498	-0.256415	535.211	0
2915	0.583	1.5698	3.06397	-0.255552	548.454	0
2920	0.584	1.5698	3.04268	-0.254618	561.889	0
2925	0.585	1.5698	3.0211	-0.253614	575.411	0
2930	0.586	1.5698	2.99919	-0.252535	588.913	0
2935	0.587	1.5698	2.97696	-0.251382	602.239	0
2940	0.588	1.5698	2.95439	-0.250152	615.268	0
2945	0.589	1.5698	2.93147	-0.248844	627.869	0
2950	0.59	1.5698	2.90816	-0.247455	639.937	0
2955	0.591	1.5698	2.88437	-0.245976	651.371	0
2960	0.592	1.5698	2.86004	-0.244397	662.053	0
2965	0.593	1.5698	2.83511	-0.24271	671.921	0
2970	0.594	1.5698	2.80947	-0.240904	680.913	0
2975	0.595	1.5698	2.7831	-0.238969	688.962	0
2980	0.596	1.5698	2.75594	-0.236894	696.073	0
2985	0.597	1.5698	2.72787	-0.234671	702.222	0
2990	0.598	1.5698	2.69889	-0.23229	707.374	0
2995	0.599	1.5698	2.66894	-0.229743	711.554	0
3000	0.6	1.5698	2.63799	-0.227023	714.783	0
3005	0.601	1.5698	2.60598	-0.224125	717.072	0
3010	0.602	1.5698	2.57293	-0.221042	718.429	0
3015	0.603	1.5698	2.5388	-0.217773	718.921	0
3020	0.604	1.5698	2.50359	-0.214314	718.561	0
3025	0.605	1.5698	2.4673	-0.210664	717.392	0
3030	0.606	1.5698	2.42996	-0.206825	715.461	0
3035	0.607	1.5698	2.39157	-0.202796	712.825	0
3040	0.608	1.5698	2.35221	-0.198582	709.519	0
3045	0.609	1.5698	2.31185	-0.194185	705.624	0
3050	0.61	1.5698	2.27058	-0.18961	701.162	0
3055	0.611	1.5698	2.22842	-0.184864	696.205	0
3060	0.612	1.5698	2.18544	-0.179953	690.796	0
3065	0.613	1.5698	2.14173	-0.174884	684.995	0
3070	0.614	1.5698	2.0973	-0.169666	678.87	9.59483
3075	0.615	1.5698	2.05227	-0.164308	672.454	22.6963
3080	0.616	1.5698	2.00675	-0.158822	665.815	35.5823
3085	0.617	1.5698	1.96084	-0.153222	659.034	48.1814
3090	0.618	1.5698	1.91463	-0.147522	652.169	60.4157
3095	0.619	1.5698	1.86823	-0.141736	645.276	72.24
3100	0.62	1.5698	1.82172	-0.135877	638.416	83.5865
3105	0.621	1.5698	1.77522	-0.12996	631.626	94.4242
3110	0.622	1.5698	1.72882	-0.123997	624.965	104.704
3115	0.623	1.5698	1.6826	-0.118002	618.475	114.403
3120	0.624	1.59266	1.63665	-0.111985	612.179	123.487
3125	0.625	1.65246	1.6105	-0.105959	606.121	131.94
3130	0.626	1.71154	1.6105	-0.0999352	600.319	139.744
3135	0.627	1.76977	1.6105	-0.0939229	594.81	146.801
3140	0.628	1.82694	1.6105	-0.0879475	589.667	153.227
3145	0.629	1.88314	1.6105	-0.082001	584.826	158.987
3150	0.63	1.93825	1.6105	-0.0760941	580.31	164.1
3155	0.631	1.99221	1.6105	-0.0702356	576.123	168.576
3160	0.632	2.04498	1.6105	-0.064432	572.286	172.411
3165	0.633	2.09649	1.6105	-0.0586892	568.771	175.645
3170	0.634	2.14672	1.6105	-0.0530125	565.582	178.29
3175	0.635	2.19563	1.6105	-0.0474067	562.704	180.393
3180	0.636	2.24325	1.6105	-0.041872	560.124	182.007
3185	0.637	2.2896	1.6105	-0.0364061	557.791	183.192
3190	0.638	2.33473	1.6105	-0.0310061	555.653	184.01
3195	0.639	2.3787	1.6105	-0.0256693	553.686	184.487
3200	0.64	2.42152	1.6105	-0.0203932	551.856	184.693
3205	0.641	2.46328	1.6105	-0.0151748	550.148	184.645
3210	0.642	2.50397	1.6105	-0.0100112	548.536	184.395
3215	0.643	2.54368	1.6105	-0.00489935	546.99	183.96
3220	0.644	2.5824	1.6105	0.000163626	545.494	183.403
3225	0.645	2.62023	1.6105	0.00518064	544.038	182.72
3230	0.646	2.65716	1.6105	0.0101545	542.587	181.956
3235	0.647	2.69326	1.6105	0.0150881	541.147	181.119
3240	0.648	2.72854	1.6105	0.0199839	539.698	180.251
3245	0.649	2.76307	1.6105	0.0248445	538.235	179.349
3250	0.65	2.79685	1.6105	0.0296725	536.725	178.43
3255	0.651	2.82992	1.6105	0.03447	535.182	177.529
3260	0.652	2.86234	1.6105	0.0392393	533.594	176.631
3265	0.653	2.89409	1.6105	0.0439825	531.956	175.756
3270	0.654	2.92522	1.6105	0.0487016	530.253	174.917
3275	0.655	2.95576	1.6105	0.0533983	528.485	174.123
3280	0.656	2.98574	1.6105	0.0580746	526.649	173.372
3285	0.657	3.01517	1.6105	0.062732	524.748	172.676
3290	0.658	3.04407	1.6105	0.0673721	522.769	172.023
3295	0.659	3.07245	1.6105	0.0719962	520.711	171.442
3300	0.66	3.10036	1.6105	0.0766058	518.583	170.911
3305	0.661	3.12779	1.6105	0.081202	516.382	170.448
3310	0.662	3.15477	1.6105	0.085786	514.096	170.042
3315	0.663	3.1813	1.6105	0.0903588	511.74	169.7
3320	0.664	3.20742	1.6105	0.0949215	509.303	169.417
3325	0.665	3.23311	1.6105	0.0994748	506.78	169.202
3330	0.666	3.25842	1.6105	0.104019	504.198	169.04
3335	0.667	3.28333	1.6105	0.108556	501.526	168.937
3340	0.668	3.30786	1.6105	0.113086	498.792	168.881
3345	0.669	3.33201	1.6105	0.117609	495.986	168.892
3350	0.67	3.35581	1.6105	0.122126	493.112	168.95
3355	0.671	3.37926	1.6105	0.126636	490.166	169.054
3360	0.672	3.40236	1.6105	0.131142	487.159	169.202
3365	0.673	3.42511	1.6105	0.135642	484.082	169.398
3370	0.674	3.44754	1.6105	0.140138	480.948	169.633
3375	0.675	3.46963	1.6105	0.144629	477.763	169.9
3380	0.676	3.4914	1.6105	0.149115	474.507	170.209
3385	0.677	3.51286	1.6105	0.153597	471.201	170.545
3390	0.678	3.53399	1.6105	0.158074	467.853	170.918
3395	0.679	3.55483	1.6105	0.162547	464.451	171.299
3400	0.68	3.57533	1.6105	0.167015	460.995	171.715
3405	0.681	3.59554	1.6105	0.171479	457.499	172.147
3410	0.682	3.61544	1.6105	0.175938	453.957	172.597
3415	0.683	3.63504	1.6105	0.180393	450.376	173.061
3420	0.684	3.65434	1.6105	0.184842	446.761	173.527
3425	0.685	3.67333	1.6105	0.189286	443.109	174.005
3430	0.686	3.69202	1.6105	0.193724	439.428	174.495
3435	0.687	3.71043	1.6105	0.198157	435.713	174.981
3440	0.688	3.72852	1.6105	0.202583	431.968	175.467
3445	0.689	3.74632	1.6105	0.207003	428.201	175.95
3450	0.69	3.76381	1.6105	0.211416	424.407	176.433
3455	0.691	3.78102	1.6105	0.215822	420.593	176.902
3460	0.692	3.79791	1.6105	0.22022	416.77	177.367
3465	0.693	3.81451	1.6105	0.22461	412.919	177.818
3470	0.694	3.83081	1.6105	0.228992	409.05	178.253
3475	0.695	3.8468	1.6105	0.233364	405.176	178.69
3480	0.696	3.86252	1.6105	0.237728	401.291	179.09
3485	0.697	3.87791	1.6105	0.242081	397.395	179.477
3490	0.698	3.893	1.6105	0.246423	393.497	179.843
3495	0.699	3.90778	1.6105	0.250755	389.585	180.19
3500	0.7	3.92226	1.6105	0.255075	385.68	180.514
3505	0.701	3.93644	1.6105	0.259383	381.772	180.813
3510	0.702	3.95031	1.6105	0.263679	377.862	181.078
3515	0.703	3.96385	1.6105	0.267961	373.957	181.319
3520	0.704	3.9771	1.6105	0.27223	370.055	181.536
3525	0.705	3.99003	1.6105	0.276484	366.158	181.716
3530	0.706	4.00265	1.6105	0.280723	362.272	181.864
3535	0.707	4.01494	1.6105	0.284946	358.39	181.982
3540	0.708	4.02693	1.6105	0.289153	354.525	182.073
3545	0.709	4.0386	1.6105	0.293344	350.669	182.124
3550	0.71	4.04995	1.6105	0.297517	346.828	182.138
3555	0.711	4.06097	1.6105	0.301672	343.007	182.121
3560	0.712	4.07168	1.6105	0.305808	339.198	182.06
3565	0.713	4.08205	1.6105	0.309925	335.408	181.958
3570	0.714	4.09209	1.6105	0.314022	331.64	181.834
3575	0.715	4.10183	1.6105	0.318099	327.892	181.661
3580	0.716	4.11123	1.6105	0.322154	324.172	181.457
3585	0.717	4.12031	1.6105	0.326187	320.469	181.214
3590	0.718	4.12907	1.6105	0.330198	316.796	180.929
3595	0.719	4.13748	1.6105	0.334186	313.148	180.598
3600	0.72	4.14556	1.6105	0.33815	309.538	180.237
3605	0.721	4.15332	1.6105	0.342089	305.95	179.832
3610	0.722	4.16075	1.6105	0.346004	302.393	179.375
3615	0.723	4.16782	1.6105	0.349892	298.873	178.901
3620	0.724	4.17459	1.6105	0.353755	295.383	178.366
3625	0.725	4.181	1.6105	0.35759	291.933	177.803
3630	0.726	4.18709	1.6105	0.361398	288.517	177.189
3635	0.727	4.19283	1.6105	0.365178	285.145	176.542
3640	0.728	4.19825	1.6105	0.368929	281.805	175.851
3645	0.729	4.20333	1.6105	0.37265	278.509	175.118
3650	0.73	4.20806	1.6105	0.376342	275.253	174.348
3655	0.731	4.21247	1.6105	0.380002	272.04	173.53
3660	0.732	4.21652	1.6105	0.383632	268.877	172.683
3665	0.733	4.22026	1.6105	0.38723	265.751	171.796
3670	0.734	4.22366	1.6105	0.390795	262.674	170.87
3675	0.735	4.22673	1.6105	0.394328	259.641	169.897
3680	0.736	4.22944	1.6105	0.397827	256.663	168.88
3685	0.737	4.23182	1.6105	0.401292	253.729	167.838
3690	0.738	4.23388	1.6105	0.404723	250.845	134.557
3695	0.739	4.18388	1.6105	0.401722	284.178	103.869
3700	0.74	4.13428	1.6105	0.398711	314.993	75.6493
3705	0.741	4.08523	1.6105	0.395706	343.411	49.8533
3710	0.742	4.03697	1.6105	0.392743	369.448	26.476
3715	0.743	3.98982	1.6105	0.389858	393.135	5.46394
3720	0.744	3.94399	1.6105	0.387081	414.512	0
3725	0.745	3.89972	1.6105	0.38444	433.634	0
3730	0.746	3.85706	1.6105	0.381942	450.656	0
3735	0.747	3.81601	1.6105	0.379593	465.722	0
3740	0.748	3.77587	1.6105	0.377303	479.501	0
3745	0.749	3.73773	1.6105	0.37521	491.321	0
3750	0.75	3.70182	1.6105	0.373341	501.17	0
3755	0.751	3.66821	1.6105	0.37171	509.11	0
3760	0.752	3.63698	1.6105	0.370326	515.232	0
3765	0.753	3.60813	1.6105	0.369192	519.646	0
3770	0.754	3.58131	1.6105	0.368267	522.679	0
3775	0.755	3.55689	1.6105	0.367602	524.153	0
3780	0.756	3.53492	1.6105	0.367199	524.148	0
3785	0.757	3.51533	1.6105	0.367056	522.75	0
3790	0.758	3.49788	1.6105	0.367147	520.209	0
3795	0.759	3.48272	1.6105	0.367491	516.48	0
3800	0.76	3.4697	1.6105	0.368075	511.691	0
3805	0.761	3.45876	1.6105	0.36889	505.948	0
3810	0.762	3.44979	1.6105	0.369929	499.345	0
3815	0.763	3.44267	1.6105	0.371181	491.973	0
3820	0.764	3.43732	1.6105	0.372636	483.922	0
3825	0.765	3.43358	1.6105	0.374281	475.284	0
3830	0.766	3.43138	1.6105	0.376104	466.137	0
3835	0.767	3.43054	1.6105	0.378092	456.562	0
3840	0.768	3.43097	1.6105	0.380232	446.638	0
3845	0.769	3.43254	1.6105	0.382511	436.435	0
3850	0.77	3.43513	1.6105	0.384915	426.015	4.08509
3855	0.771	3.43858	1.6105	0.387431	415.45	12.8819
3860	0.772	3.44278	1.6105	0.390044	404.793	21.5524
3865	0.773	3.44762	1.6105	0.392739	394.108	30.0267
3870	0.774	3.45293	1.6105	0.395502	383.45	38.2947
3875	0.775	3.45863	1.6105	0.398319	372.865	46.3216
3880	0.776	3.46457	1.6105	0.401177	362.387	54.0906
3885	0.777	3.47066	1.6105	0.404062	352.063	34.8299
3890	0.778	3.43378	1.6105	0.401646	371.941	17.5197
3895	0.779	3.3975	1.6105	0.399258	389.844	2.15216
3900	0.78	3.36195	1.6105	0.396921	405.77	0
3905	0.781	3.32737	1.6105	0.394659	419.725	0
3910	0.782	3.29392	1.6105	0.392492	431.748	0
3915	0.783	3.26165	1.6105	0.390433	441.94	0
3920	0.784	3.23044	1.6105	0.388464	450.52	0
3925	0.785	3.20054	1.6105	0.386619	457.432	0
3930	0.786	3.17204	1.6105	0.38491	462.693	0
3935	0.787	3.14502	1.6105	0.383346	466.326	0
3940	0.788	3.11951	1.6105	0.381933	468.358	0
3945	0.789	3.09599	1.6105	0.380731	468.495	0
3950	0.79	3.07423	1.6105	0.379716	466.957	0
3955	0.791	3.05418	1.6105	0.378883	463.797	0
3960	0.792	3.03585	1.6105	0.378232	459.051	0
3965	0.793	3.01919	1.6105	0.377763	452.751	16.881
3970	0.794	3.00417	1.6105	0.37747	444.909	39.8864
3975	0.795	2.99069	1.6105	0.377345	435.58	66.9746
3980	0.796	2.97862	1.6105	0.377375	424.807	98.3225
3985	0.797	2.96784	1.6105	0.377545	412.629	133.995
3990	0.798	2.95818	1.6105	0.377837	399.121	173.895
3995	0.799	2.94948	1.6105	0.378232	384.314	217.749
4000	0.8	2.94154	1.6105	0.378707	368.286	265.055
4005	0.801	2.93412	1.6105	0.379238	351.114	315.159
4010	0.802	2.92707	1.6105	0.379798	332.878	367.216
4015	0.803	2.92011	1.6105	0.380363	313.68	420.327
4020	0.804	2.91305	1.6105	0.380905	293.674	473.552
4025	0.805	2.90566	1.6105	0.381398	273.508	526.014
4030	0.806	2.89774	1.6105	0.381815	253.826	576.892
4035	0.807	2.8891	1.6105	0.382132	235.032	625.503
4040	0.808	2.87956	1.6105	0.382326	217.393	671.284
4045	0.809	2.8689	1.6105	0.382373	201.108	713.884
4050	0.81	2.85697	1.6105	0.38225	186.28	753.101
4055	0.811	2.84363	1.6105	0.381939	172.99	788.822
4060	0.812	2.82875	1.6105	0.381419	161.285	821.01
4065	0.813	2.81215	1.6105	0.380674	151.189	849.732
4070	0.814	2.79378	1.6105	0.379687	142.722	875.033
4075	0.815	2.77346	1.6105	0.378442	135.878	897.058
4080	0.816	2.75117	1.6105	0.376929	130.659	915.912
4085	0.817	2.72679	1.6105	0.375134	127.036	931.737
4090	0.818	2.70027	1.6105	0.37305	124.98	944.719
4095	0.819	2.67163	1.6105	0.370673	124.44	955.006
4100	0.82	2.64083	1.6105	0.368003	125.322	962.804
4105	0.821	2.60794	1.6105	0.365041	127.563	968.241
4110	0.822	2.57294	1.6105	0.361789	131.09	971.516
4115	0.823	2.53592	1.6105	0.358251	135.807	972.758
4120	0.824	2.49689	1.6105	0.354431	141.636	973.127
4125	0.825	2.45749	1.6105	0.350528	147.424	971.602
4130	0.826	2.41603	1.6105	0.346334	154.367	968.487
4135	0.827	2.37283	1.6105	0.341889	162.174	963.97
4140	0.828	2.32804	1.6105	0.337212	170.715	958.178
4145	0.829	2.28175	1.6105	0.332311	179.917	951.201
4150	0.83	2.23401	1.6105	0.327193	189.702	943.169
4155	0.831	2.18493	1.6105	0.321871	199.998	934.177
4160	0.832	2.13458	1.6105	0.316355	210.72	924.354
4165	0.833	2.0831	1.6105	0.310658	221.797	913.767
4170	0.834	2.03056	1.6105	0.304793	233.145	902.529
4175	0.835	1.97709	1.6105	0.298773	244.705	890.732
4180	0.836	1.92281	1.6105	0.292611	256.399	878.438
4185	0.837	1.86779	1.6105	0.28632	268.175	865.735
4190	0.838	1.81216	1.6105	0.279912	279.974	852.678
4195	0.839	1.756	1.6105	0.2734	291.749	839.336
4200	0.84	1.69942	1.64272	0.266794	303.464	825.77
4205	0.841	1.64253	1.69899	0.260106	315.068	812.003
4210	0.842	1.58538	1.75515	0.253348	326.528	798.116
4215	0.843	1.5698	1.81108	0.24653	337.822	784.116
4220	0.844	1.5698	1.86674	0.239661	348.906	770.064
4225	0.845	1.5698	1.922	0.232751	359.773	755.977
4230	0.846	1.5698	1.97683	0.22581	370.382	741.881
4235	0.847	1.5698	2.03115	0.218845	380.724	727.817
4240	0.848	1.5698	2.08488	0.211866	390.779	713.802
4245	0.849	1.5698	2.13797	0.204879	400.523	699.836
4250	0.85	1.5698	2.19038	0.197892	409.943	685.946
4255	0.851	1.5698	2.24207	0.190911	419.031	672.146
4260	0.852	1.5698	2.29295	0.183943	427.782	658.434
4265	0.853	1.5698	2.34302	0.176994	436.17	644.821
4270	0.854	1.5698	2.39224	0.170069	444.2	631.319
4275	0.855	1.5698	2.44058	0.163173	451.872	617.933
4280	0.856	1.5698	2.48799	0.15631	459.183	604.651
4285	0.857	1.5698	2.48826	0.149487	466.115	623.1
4290	0.858	1.5698	2.46599	0.148146	443.487	655.438
4295	0.859	1.5698	2.4444	0.149484	408.813	684.952
4300	0.86	1.5698	2.42399	0.150768	377.515	711.536
4305	0.861	1.5698	2.40529	0.151938	349.562	735.03
4310	0.862	1.5698	2.38872	0.152931	324.892	755.355
4315	0.863	1.5698	2.37465	0.153692	303.401	772.48
4320	0.864	1.5698	2.36334	0.15418	284.961	786.43
4325	0.865	1.5698	2.355	0.154358	269.413	797.237
4330	0.866	1.5698	2.34983	0.154196	256.614	804.984
4335	0.867	1.5698	2.34792	0.153671	246.443	809.774
4340	0.868	1.5698	2.34933	0.152768	238.743	811.71
4345	0.869	1.5698	2.3541	0.151475	233.38	810.946
4350	0.87	1.5698	2.36218	0.149785	230.214	807.607
4355	0.871	1.5698	2.37352	0.147697	229.097	801.887
4360	0.872	1.5698	2.38801	0.145215	229.872	793.928
4365	0.873	1.5698	2.40557	0.142345	232.398	783.906
4370	0.874	1.5698	2.42602	0.139096	236.531	771.995
4375	0.875	1.5698	2.4492	0.135482	242.1	758.369
4380	0.876	1.5698	2.47491	0.131519	248.954	743.204
4385	0.877	1.5698	2.50299	0.127224	256.934	726.668
4390	0.878	1.5698	2.5332	0.122616	265.907	708.934
4395	0.879	1.5698	2.54913	0.117716	275.709	701.501
4400	0.88	1.5698	2.55334	0.114471	275.966	702.224
4405	0.881	1.5698	2.55317	0.112604	268.997	705.598
4410	0.882	1.5698	2.55457	0.111257	259.943	707.317
4415	0.883	1.5698	2.55841	0.109723	252.721	706.842
4420	0.884	1.5698	2.56475	0.107895	247.728	704.253
4425	0.885	1.5698	2.5736	0.105764	244.826	699.629
4430	0.886	1.5698	2.58494	0.103326	243.842	693.075
4435	0.887	1.5698	2.59562	0.100579	244.613	686.917
4440	0.888	1.5698	2.6048	0.0978952	245.014	681.731
4445	0.889	1.5698	2.61292	0.0953787	244.536	677.174
4450	0.89	1.5698	2.62086	0.0929771	243.504	672.592
4455	0.891	1.5698	2.62923	0.0905883	242.531	667.559
4460	0.892	1.5698	2.63819	0.0881383	241.98	661.941
4465	0.893	1.5698	2.64764	0.0856048	241.935	655.879
4470	0.894	1.5698	2.65735	0.0830029	242.294	649.544
4475	0.895	1.5698	2.66714	0.0803583	242.884	643.053
4480	0.896	1.5698	2.677	0.0776892	243.586	636.442
4485	0.897	1.5698	2.68694	0.0750009	244.377	629.699
4490	0.898	1.5698	2.69702	0.0722898	245.271	622.793
4495	0.899	1.5698	2.70726	0.0695502	246.295	615.707
4500	0.9	1.5698	2.71764	0.0667784	247.459	608.437
4505	0.901	1.5698	2.72817	0.063974	248.749	601.011
4510	0.902	1.5698	2.73882	0.0611388	250.167	593.434
4515	0.903	1.5698	2.74959	0.0582749	251.689	585.723
4520	0.904	1.5698	2.76044	0.055384	253.302	577.893
4525	0.905	1.5698	2.77141	0.0524668	254.993	569.939
4530	0.906	1.5698	2.78244	0.0495239	256.772	561.876
4535	0.907	1.5698	2.79358	0.0465557	258.61	553.694
4540	0.908	1.5698	2.80479	0.0435625	260.53	545.4
4545	0.909	1.5698	2.81605	0.0405451	262.505	537.012
4550	0.91	1.5698	2.82737	0.0375043	264.531	528.524
4555	0.911	1.5698	2.83875	0.0344409	266.607	519.954
4560	0.912	1.5698	2.85019	0.0313557	268.73	511.287
4565	0.913	1.5698	2.86165	0.0282496	270.901	502.534
4570	0.914	1.5698	2.87316	0.0251233	273.091	493.703
4575	0.915	1.5698	2.88466	0.0219777	275.326	484.807
4580	0.916	1.5698	2.8962	0.0188136	277.569	475.821
4585	0.917	1.5698	2.90774	0.0156317	279.843	466.78
4590	0.918	1.5698	2.91927	0.012433	282.133	457.676
4595	0.919	1.5698	2.9308	0.00921823	284.427	448.499
4600	0.92	1.5698	2.94231	0.00598836	286.728	439.271
4605	0.921	1.5698	2.95381	0.00274422	289.036	429.983
4610	0.922	1.5698	2.96526	-0.000513324	291.349	420.648
4615	0.923	1.5698	2.9767	-0.00378339	293.643	411.261
4620	0.924	1.5698	2.98806	-0.00706508	295.947	401.829
4625	0.925	1.5698	2.99939	-0.0103575	298.221	392.357
4630	0.926	1.5698	3.01065	-0.0136598	300.492	382.835
4635	0.927	1.5698	3.02186	-0.0169711	302.738	373.279
4640	0.928	1.5698	3.03299	-0.0202903	304.973	363.688
4645	0.929	1.5698	3.04403	-0.0236168	307.183	354.06
4650	0.93	1.5698	3.055	-0.0269494	309.359	344.409
4655	0.931	1.5698	3.06588	-0.0302874	311.516	334.722
4660	0.932	1.5698	3.07666	-0.0336297	313.642	325.021
4665	0.933	1.5698	3.08732	-0.0369756	315.729	315.296
4670	0.934	1.5698	3.09787	-0.040324	317.776	305.544
4675	0.935	1.5698	3.1083	-0.0436741	319.787	295.773
4680	0.936	1.5698	3.11862	-0.0470249	321.751	286.003
4685	0.937	1.5698	3.1288	-0.0503755	323.688	276.213
4690	0.938	1.5698	3.13883	-0.053725	325.569	266.41
4695	0.939	1.5698	3.14874	-0.0570725	327.399	256.607
4700	0.94	1.5698	3.15849	-0.0604171	329.193	246.804
4705	0.941	1.5698	3.16808	-0.0637577	330.929	236.997
4710	0.942	1.5698	3.17752	-0.0670936	332.611	227.189
4715	0.943	1.5698	3.1868	-0.0704239	334.243	217.393
4720	0.944	1.5698	3.19589	-0.0737475	335.823	207.603
4725	0.945	1.5698	3.20483	-0.0770636	337.333	197.824
4730	0.946	1.5698	3.21357	-0.0803713	338.803	188.058
4735	0.947	1.5698	3.22214	-0.0836697	340.205	178.309
4740	0.948	1.5698	3.23052	-0.0869578	341.55	168.585
4745	0.949	1.5698	3.23869	-0.0902349	342.837	158.878
4750	0.95	1.5698	3.24666	-0.0934999	344.055	149.201
4755	0.951	1.5698	3.25442	-0.0967521	345.208	139.55
4760	0.952	1.5698	3.26199	-0.0999905	346.29	129.926
4765	0.953	1.5698	3.26934	-0.103214	347.319	120.344
4770	0.954	1.5698	3.27648	-0.106422	348.281	110.8
4775	0.955	1.5698	3.2834	-0.109614	349.183	101.297
4780	0.956	1.5698	3.29007	-0.112789	350.011	91.836
4785	0.957	1.5698	3.29655	-0.115945	350.759	82.4215
4790	0.958	1.5698	3.30276	-0.119083	351.462	73.06
4795	0.959	1.5698	3.30876	-0.122201	352.074	63.7555
4800	0.96	1.5698	3.31452	-0.125298	352.635	54.4963
4805	0.961	1.5698	3.32002	-0.128374	353.118	45.3045
4810	0.962	1.5698	3.32529	-0.131427	353.525	36.1819
4815	0.963	1.5698	3.33031	-0.134457	353.877	27.1122
4820	0.964	1.5698	3.33507	-0.137464	354.15	18.1281
4825	0.965	1.5698	3.33957	-0.140446	354.347	9.20253
4830	0.966	1.5698	3.34384	-0.143402	354.472	0.361506
4835	0.967	1.5698	3.34782	-0.146332	354.547	0
4840	0.968	1.5698	3.35158	-0.149235	354.528	0
4845	0.969	1.5698	3.35508	-0.152113	354.468	0
4850	0.97	1.5698	3.35834	-0.154964	354.332	0
4855	0.971	1.5698	3.36134	-0.157789	354.146	0
4860	0.972	1.5698	3.36412	-0.160587	353.895	0
4865	0.973	1.5698	3.36664	-0.163357	353.597	0
4870	0.974	1.5698	3.36892	-0.1661	353.239	0
4875	0.975	1.5698	3.37097	-0.168816	352.824	0
4880	0.976	1.5698	3.37279	-0.171505	352.369	0
4885	0.977	1.5698	3.37439	-0.174167	351.863	0
4890	0.978	1.5698	3.37576	-0.176801	351.321	0
4895	0.979	1.5698	3.3769	-0.179409	350.742	0
4900	0.98	1.5698	3.37783	-0.18199	350.198	0
4905	0.981	1.5698	3.37854	-0.184544	349.752	0
4910	0.982	1.5698	3.37905	-0.18707	349.418	0
4915	0.983	1.5698	3.37933	-0.18957	349.23	0
4920	0.984	1.5698	3.37943	-0.192043	349.181	0
4925	0.985	1.5698	3.37931	-0.194488	349.29	0
4930	0.986	1.5698	3.37899	-0.196907	349.549	0
4935	0.987	1.5698	3.37845	-0.199298	349.974	0
4940	0.988	1.5698	3.37775	-0.201663	350.544	0
4945	0.989	1.5698	3.37681	-0.204	351.311	0
4950	0.99	1.5698	3.3757	-0.20631	352.24	0
4955	0.991	1.5698	3.37442	-0.208593	353.374	0
4960	0.992	1.5698	3.37293	-0.210848	354.729	0
4965	0.993	1.5698	3.37124	-0.213076	356.305	0
4970	0.994	1.5698	3.36939	-0.215276	358.112	0
4975	0.995	1.5698	3.36733	-0.217449	360.214	0
4980	0.996	1.5698	3.36507	-0.219593	362.589	0
4985	0.997	1.5698	3.36261	-0.221708	365.272	0
4990	0.998	1.5698	3.35993	-0.223789	368.292	0
4995	0.999	1.5698	3.35699	-0.225836	371.666	0
5000	1	1.5698	3.35381	-0.227846	375.404	0
5005	1.001	1.5698	3.35033	-0.229815	379.544	0
5010	1.002	1.5698	3.34657	-0.231742	384.098	0
5015	1.003	1.5698	3.34249	-0.233623	389.113	0
5020	1.004	1.5698	3.3381	-0.235456	394.601	0
5025	1.005	1.5698	3.33338	-0.237238	400.609	0
5030	1.006	1.5698	3.32831	-0.238967	407.161	0
5035	1.007	1.5698	3.3229	-0.240643	414.282	0
5040	1.008	1.5698	3.31712	-0.242262	422.003	0
5045	1.009	1.5698	3.31092	-0.243822	430.33	0
5050	1.01	1.5698	3.3043	-0.245317	439.256	0
5055	1.011	1.5698	3.29725	-0.246743	448.797	0
5060	1.012	1.5698	3.28973	-0.248097	458.951	0
5065	1.013	1.5698	3.28168	-0.249373	469.7	0
5070	1.014	1.5698	3.27313	-0.250568	481.004	0
5075	1.015	1.5698	3.26404	-0.251679	492.869	0
5080	1.016	1.5698	3.25441	-0.2527	505.233	0
5085	1.017	1.5698	3.24417	-0.25363	518.073	0
5090	1.018	1.5698	3.23338	-0.254466	531.302	0
5095	1.019	1.5698	3.22198	-0.255203	544.894	0
5100	1.02	1.5698	3.20995	-0.25584	558.766	0
5105	1.021	1.5698	3.19732	-0.256373	572.821	0
5110	1.022	1.5698	3.18404	-0.256801	587.015	0
5115	1.023	1.5698	3.17014	-0.257121	601.237	0
5120	1.024	1.5698	3.15559	-0.25733	615.417	0
5125	1.025	1.5698	3.14037	-0.257428	629.463	0
5130	1.026	1.5698	3.12448	-0.257411	643.263	0
5135	1.027	1.5698	3.1079	-0.257277	656.714	0
5140	1.028	1.5698	3.09055	-0.25702	669.689	0
5145	1.029	1.5698	3.07245	-0.256634	682.04	0
5150	1.03	1.5698	3.05357	-0.256115	693.681	0
5155	1.031	1.5698	3.0338	-0.255456	704.522	0
5160	1.032	1.5698	3.01314	-0.254649	714.455	0
5165	1.033	1.5698	2.99151	-0.253686	723.45	0
5170	1.034	1.5698	2.96891	-0.252561	731.452	0
5175	1.035	1.5698	2.94527	-0.251264	738.451	0
5180	1.036	1.5698	2.9205	-0.249788	744.43	0
5185	1.037	1.5698	2.89462	-0.248126	749.36	0
5190	1.038	1.5698	2.86758	-0.246271	753.284	0
5195	1.039	1.5698	2.83932	-0.244217	756.211	0
5200	1.04	1.5698	2.80985	-0.241958	758.147	0
5205	1.041	1.5698	2.77914	-0.239491	759.131	0
5210	1.042	1.5698	2.7472	-0.236812	759.207	0
5215	1.043	1.5698	2.71399	-0.233921	758.408	0
5220	1.044	1.5698	2.67959	-0.230815	756.767	0
5225	1.045	1.5698	2.64397	-0.227497	754.364	0
5230	1.046	1.5698	2.60716	-0.223968	751.225	0
5235	1.047	1.5698	2.56921	-0.22023	747.414	0
5240	1.048	1.5698	2.53014	-0.216289	742.98	0
5245	1.049	1.5698	2.49004	-0.21215	737.97	0
5250	1.05	1.5698	2.44889	-0.207818	732.476	0
5255	1.051	1.5698	2.40683	-0.203301	726.505	0
5260	1.052	1.5698	2.36388	-0.198607	720.155	0
5265	1.053	1.5698	2.32012	-0.193745	713.468	0
5270	1.054	1.5698	2.2756	-0.188723	706.486	0
5275	1.055	1.5698	2.23044	-0.183553	699.27	0
5280	1.056	1.5698	2.18469	-0.178244	691.886	3.17907
5285	1.057	1.5698	2.13845	-0.172807	684.369	17.0377
5290	1.058	1.5698	2.09183	-0.167255	676.776	30.5275
5295	1.059	1.5698	2.04492	-0.161603	669.176	43.5828
5300	1.06	1.5698	1.99786	-0.155866	661.615	56.1323
5305	1.061	1.5698	1.95075	-0.150061	654.162	68.1236
5310	1.062	1.5698	1.9037	-0.144201	646.865	79.5208
5315	1.063	1.5698	1.85682	-0.138301	639.772	90.2703
5320	1.064	1.5698	1.81017	-0.132374	632.932	100.356
5325	1.065	1.5698	1.76384	-0.126434	626.346	109.751
5330	1.066	1.5698	1.71794	-0.120493	620.057	118.432
5335	1.067	1.5698	1.67262	-0.114562	614.102	126.338
5340	1.068	1.59571	1.62785	-0.10866	608.539	133.523
5345	1.069	1.65386	1.6105	-0.10279	603.33	139.976
5350	1.07	1.71089	1.6105	-0.0969612	598.507	145.696
5355	1.071	1.76671	1.6105	-0.091183	594.068	150.713
5360	1.072	1.8213	1.6105	-0.0854627	590.01	155.037
5365	1.073	1.87458	1.6105	-0.079807	586.347	158.682
5370	1.074	1.92652	1.6105	-0.0742216	583.07	161.671
5375	1.075	1.97707	1.6105	-0.0687119	580.168	164.052
5380	1.076	2.02624	1.6105	-0.0632794	577.61	165.887
5385	1.077	2.07408	1.6105	-0.0579213	575.362	167.247
5390	1.078	2.12064	1.6105	-0.0526343	573.373	168.189
5395	1.079	2.16596	1.6105	-0.0474153	571.605	168.76
5400	1.08	2.2101	1.6105	-0.0422612	570.034	169.011
5405	1.081	2.25309	1.6105	-0.0371686	568.588	169
5410	1.082	2.295	1.6105	-0.0321342	567.26	168.753
5415	1.083	2.33585	1.6105	-0.0271544	566.006	168.321
5420	1.084	2.37572	1.6105	-0.0222258	564.809	167.74
5425	1.085	2.41464	1.6105	-0.0173452	563.638	167.029
5430	1.086	2.45265	1.6105	-0.0125093	562.506	166.239
5435	1.087	2.48981	1.6105	-0.00771475	561.368	165.379
5440	1.088	2.52615	1.6105	-0.00295862	560.214	164.466
5445	1.089	2.56169	1.6105	0.00176206	559.032	163.531
5450	1.09	2.59649	1.6105	0.00645013	557.813	162.596
5455	1.091	2.63059	1.6105	0.0111083	556.547	161.671
5460	1.092	2.66402	1.6105	0.015739	555.224	160.771
5465	1.093	2.6968	1.6105	0.0203448	553.847	159.893
5470	1.094	2.72895	1.6105	0.0249279	552.396	159.073
5475	1.095	2.76054	1.6105	0.0294906	550.877	158.301
5480	1.096	2.79157	1.6105	0.0340347	549.267	157.584
5485	1.097	2.82205	1.6105	0.0385624	547.588	156.927
5490	1.098	2.85202	1.6105	0.0430752	545.817	156.346
5495	1.099	2.88152	1.6105	0.047575	543.963	155.838
5500	1.1	2.91054	1.6105	0.0520632	542.017	155.404
5505	1.101	2.93913	1.6105	0.0565414	539.984	155.038
5510	1.102	2.96727	1.6105	0.0610107	537.87	154.752
5515	1.103	2.995	1.6105	0.0654726	535.656	154.546
5520	1.104	3.02234	1.6105	0.069928	533.362	154.41
5525	1.105	3.04928	1.6105	0.0743781	530.968	154.346
5530	1.106	3.07586	1.6105	0.0788238	528.497	154.358
5535	1.107	3.10207	1.6105	0.0832658	525.939	154.445
5540	1.108	3.12795	1.6105	0.0877051	523.299	154.593
5545	1.109	3.15348	1.6105	0.0921422	520.571	154.812
5550	1.11	3.17868	1.6105	0.0965778	517.773	155.092
5555	1.111	3.20357	1.6105	0.101012	514.89	155.434
5560	1.112	3.22814	1.6105	0.105446	511.924	155.841
5565	1.113	3.25241	1.6105	0.10988	508.895	156.29
5570	1.114	3.27637	1.6105	0.114315	505.789	156.795
5575	1.115	3.30005	1.6105	0.118749	502.608	157.344
5580	1.116	3.32342	1.6105	0.123185	499.372	157.943
5585	1.117	3.34653	1.6105	0.127621	496.068	158.58
5590	1.118	3.36934	1.6105	0.132058	492.701	159.249
5595	1.119	3.39187	1.6105	0.136496	489.27	159.96
5600	1.12	3.41414	1.6105	0.140936	485.784	160.704
5605	1.121	3.43614	1.6105	0.145376	482.24	161.465
5610	1.122	3.45786	1.6105	0.149817	478.65	162.256
5615	1.123	3.47931	1.6105	0.15426	475.008	163.07
5620	1.124	3.5005	1.6105	0.158702	471.326	163.896
5625	1.125	3.52142	1.6105	0.163146	467.59	164.74
5630	1.126	3.54208	1.6105	0.16759	463.807	165.596
5635	1.127	3.56247	1.6105	0.172034	459.996	166.453
5640	1.128	3.58258	1.6105	0.176477	456.137	167.322
5645	1.129	3.60244	1.6105	0.180921	452.255	168.198
5650	1.13	3.62204	1.6105	0.185363	448.334	169.06
5655	1.131	3.64135	1.6105	0.189804	444.381	169.932
5660	1.132	3.66041	1.6105	0.194244	440.392	170.803
5665	1.133	3.67921	1.6105	0.198681	436.391	171.655
5670	1.134	3.69772	1.6105	0.203117	432.357	172.503
5675	1.135	3.71597	1.6105	0.207549	428.3	173.334
5680	1.136	3.73394	1.6105	0.211978	424.228	174.153
5685	1.137	3.75164	1.6105	0.216403	420.136	174.956
5690	1.138	3.76907	1.6105	0.220824	416.031	175.746
5695	1.139	3.78622	1.6105	0.22524	411.91	176.511
5700	1.14	3.80309	1.6105	0.229651	407.78	177.253
5705	1.141	3.81968	1.6105	0.234056	403.641	177.972
5710	1.142	3.83598	1.6105	0.238455	399.49	178.67
5715	1.143	3.85201	1.6105	0.242846	395.336	179.335
5720	1.144	3.86774	1.6105	0.24723	391.176	179.981
5725	1.145	3.8832	1.6105	0.251606	387.012	180.588
5730	1.146	3.89835	1.6105	0.255973	382.848	181.167
5735	1.147	3.91321	1.6105	0.26033	378.687	181.724
5740	1.148	3.92779	1.6105	0.264678	374.522	182.233
5745	1.149	3.94206	1.6105	0.269014	370.365	182.711
5750	1.15	3.95602	1.6105	0.27334	366.219	183.155
5755	1.151	3.9697	1.6105	0.277653	362.072	183.562
5760	1.152	3.98306	1.6105	0.281954	357.934	183.946
5765	1.153	3.99614	1.6105	0.286242	353.807	184.278
5770	1.154	4.0089	1.6105	0.290516	349.695	184.569
5775	1.155	4.02134	1.6105	0.294775	345.596	184.817
5780	1.156	4.03347	1.6105	0.299019	341.505	185.044
5785	1.157	4.04531	1.6105	0.303247	337.434	185.217
5790	1.158	4.05681	1.6105	0.307458	333.381	185.348
5795	1.159	4.068	1.6105	0.311652	329.349	185.436
5800	1.16	4.07887	1.6105	0.315828	325.329	185.486
5805	1.161	4.08943	1.6105	0.319985	321.34	185.488
5810	1.162	4.09965	1.6105	0.324123	317.377	185.459
5815	1.163	4.10957	1.6105	0.328241	313.432	185.375
5820	1.164	4.11914	1.6105	0.332338	309.511	185.252
5825	1.165	4.1284	1.6105	0.336414	305.623	185.069
5830	1.166	4.1373	1.6105	0.340467	301.762	184.857
5835	1.167	4.1459	1.6105	0.344498	297.934	184.604
5840	1.168	4.15417	1.6105	0.348505	294.139	184.302
5845	1.169	4.1621	1.6105	0.352488	290.373	183.957
5850	1.17	4.16969	1.6105	0.356446	286.644	183.565
5855	1.171	4.17696	1.6105	0.360378	282.951	183.123
5860	1.172	4.18387	1.6105	0.364284	279.298	182.648
5865	1.173	4.19047	1.6105	0.368163	275.676	182.114
5870	1.174	4.19671	1.6105	0.372015	272.103	181.539
5875	1.175	4.20261	1.6105	0.375838	268.564	180.93
5880	1.176	4.20819	1.6105	0.379632	265.073	180.26
5885	1.177	4.21341	1.6105	0.383396	261.622	179.562
5890	1.178	4.21831	1.6105	0.38713	258.212	178.812
5895	1.179	4.22285	1.6105	0.390834	254.859	178.013
5900	1.18	4.22705	1.6105	0.394505	251.545	177.184
5905	1.181	4.23092	1.6105	0.398144	248.285	176.299
5910	1.182	4.23444	1.6105	0.40175	245.07	156.576
5915	1.183	4.20742	1.6105	0.401605	262.864	138.313
5920	1.184	4.18043	1.6105	0.401428	279.288	121.624
5925	1.185	4.15386	1.6105	0.401263	294.228	106.385
5930	1.186	4.1277	1.6105	0.401117	307.777	92.5207
5935	1.187	4.10203	1.6105	0.400991	320.074	79.8203
5940	1.188	4.07669	1.6105	0.400874	331.288	67.5794
5945	1.189	4.05069	1.6105	0.400639	342.244	56.5135
5950	1.19	4.02526	1.6105	0.400441	352.111	46.6337
5955	1.191	4.00056	1.6105	0.400298	360.892	37.6846
5960	1.192	3.97634	1.6105	0.40018	368.834	29.7348
5965	1.193	3.95281	1.6105	0.400115	375.865	22.7581
5970	1.194	3.93007	1.6105	0.400116	381.989	16.7455
5975	1.195	3.9082	1.6105	0.400192	387.205	11.6457
5980	1.196	3.88726	1.6105	0.400353	391.538	7.44065
5985	1.197	3.86731	1.6105	0.400607	395.006	4.08619
5990	1.198	3.84839	1.6105	0.400961	397.619	1.54106
5995	1.199	3.83053	1.6105	0.401421	399.416	0
6000	1.2	3.81376	1.6105	0.40199	400.421	0
6005	1.201	3.78846	1.6105	0.401481	407.407	0
6010	1.202	3.76448	1.6105	0.401103	413.117	0
6015	1.203	3.74159	1.6105	0.400827	417.809	0
6020	1.204	3.72006	1.6105	0.400685	421.37	0
6025	1.205	3.69983	1.6105	0.400678	423.884	0
6030	1.206	3.68095	1.6105	0.400809	425.392	0
6035	1.207	3.6634	1.6105	0.401079	425.936	0
6040	1.208	3.64721	1.6105	0.401491	425.583	0
6045	1.209	3.62756	1.6105	0.401452	427.708	0
6050	1.21	3.60825	1.6105	0.401432	429.496	0
6055	1.211	3.58933	1.6105	0.401431	430.944	0
6060	1.212	3.57064	1.6105	0.401432	432.172	0
6065	1.213	3.55213	1.6105	0.401432	433.192	0
6070	1.214	3.53383	1.6105	0.401432	434.016	0
6075	1.215	3.51573	1.6105	0.401432	434.63	0
6080	1.216	3.49783	1.6105	0.401432	435.042	0
6085	1.217	3.48013	1.6105	0.401432	435.258	0
6090	1.218	3.46263	1.6105	0.401432	435.272	0
6095	1.219	3.44532	1.6105	0.401432	435.081	0
6100	1.22	3.4282	1.6105	0.401432	434.68	0
6105	1.221	3.41127	1.6105	0.401432	434.065	0
6110	1.222	3.39452	1.6105	0.401432	433.236	0
6115	1.223	3.37797	1.6105	0.401432	432.17	0
6120	1.224	3.36159	1.6105	0.401432	430.868	0
6125	1.225	3.3454	1.6105	0.401432	429.316	0
6130	1.226	3.32938	1.6105	0.401432	427.501	0
6135	1.227	3.31355	1.6105	0.401432	425.408	0
6140	1.228	3.29788	1.6105	0.401431	423.024	0
6145	1.229	3.28239	1.6105	0.401431	420.314	0
6150	1.23	3.26708	1.6105	0.401431	417.206	0
6155	1.231	3.25193	1.6105	0.401431	413.662	0.337067
6160	1.232	3.23695	1.6105	0.401431	409.629	9.79691
6165	1.233	3.22213	1.6105	0.401431	405.061	21.186
6170	1.234	3.20748	1.6105	0.40143	399.904	34.836
6175	1.235	3.19299	1.6105	0.40143	394.108	51.1103
6180	1.236	3.17866	1.6105	0.40143	387.617	70.3901
6185	1.237	3.16449	1.6105	0.40143	380.376	93.0401
6190	1.238	3.15048	1.6105	0.401429	372.311	119.387
6195	1.239	3.13662	1.6105	0.401429	363.37	149.666
6200	1.24	3.12292	1.6105	0.401429	353.479	183.984
6205	1.241	3.10936	1.6105	0.401428	342.578	222.275
6210	1.242	3.09596	1.6105	0.401428	330.606	264.27
6215	1.243	3.0827	1.6105	0.401427	317.524	309.505
6220	1.244	3.06959	1.6105	0.401427	303.29	357.329
6225	1.245	3.0566	1.6105	0.401426	287.908	406.93
6230	1.246	3.04365	1.6105	0.401408	271.481	457.389
6235	1.247	3.03056	1.6105	0.401357	254.409	507.828
6240	1.248	3.0172	1.6105	0.401255	237.404	557.386
6245	1.249	3.00342	1.6105	0.401083	220.932	605.302
6250	1.25	2.98908	1.6105	0.400822	205.298	650.951
6255	1.251	2.97402	1.6105	0.400456	190.694	693.899
6260	1.252	2.95812	1.6105	0.399964	177.267	733.843
6265	1.253	2.94125	1.6105	0.39933	165.092	770.605
6270	1.254	2.92324	1.6105	0.398536	154.225	804.141
6275	1.255	2.90403	1.6105	0.397569	144.705	834.445
6280	1.256	2.8835	1.6105	0.396413	136.545	861.569
6285	1.257	2.86155	1.6105	0.395057	129.751	885.602
6290	1.258	2.8381	1.6105	0.39349	124.31	906.696
6295	1.259	2.81314	1.6105	0.391704	120.198	924.947
6300	1.26	2.78657	1.6105	0.389692	117.391	940.514
6305	1.261	2.75838	1.6105	0.38745	115.847	953.545
6310	1.262	2.72855	1.6105	0.384973	115.52	964.175
6315	1.263	2.69707	1.6105	0.382258	116.37	972.562
6320	1.264	2.66394	1.6105	0.379305	118.345	978.855
6325	1.265	2.62918	1.6105	0.376114	121.374	983.167
6330	1.266	2.59277	1.6105	0.372686	125.416	985.664
6335	1.267	2.55478	1.6105	0.369023	130.402	987.715
6340	1.268	2.51723	1.6105	0.365373	134.896	987.864
6345	1.269	2.47774	1.6105	0.36145	140.575	986.194
6350	1.27	2.43627	1.6105	0.357248	147.397	983.687
6355	1.271	2.39423	1.6105	0.35293	154.385	979.803
6360	1.272	2.35068	1.6105	0.348392	162.138	974.798
6365	1.273	2.3059	1.6105	0.343662	170.459	968.781
6370	1.274	2.25999	1.6105	0.338752	179.255	961.845
6375	1.275	2.213	1.6105	0.333671	188.471	954.075
6380	1.276	2.16501	1.6105	0.328427	198.043	945.56
6385	1.277	2.1161	1.6105	0.323029	207.907	936.371
6390	1.278	2.06634	1.6105	0.317488	218.011	926.6
6395	1.279	2.01582	1.6105	0.311812	228.304	916.302
6400	1.28	1.96462	1.6105	0.306012	238.727	905.552
6405	1.281	1.91281	1.6105	0.300096	249.244	894.391
6410	1.282	1.86046	1.6105	0.294074	259.818	882.875
6415	1.283	1.80765	1.6105	0.287955	270.402	871.066
6420	1.284	1.75445	1.6105	0.281747	280.968	858.981
6425	1.285	1.70091	1.64192	0.275459	291.487	846.684
6430	1.286	1.64713	1.69531	0.269099	301.924	834.207
6435	1.287	1.59317	1.74858	0.262675	312.261	821.573
6440	1.288	1.5698	1.80167	0.256195	322.483	808.813
6445	1.289	1.5698	1.85452	0.249666	332.556	795.966
6450	1.29	1.5698	1.90704	0.243096	342.468	783.052
6455	1.291	1.5698	1.95921	0.236491	352.188	770.083
6460	1.292	1.5698	2.01095	0.229858	361.717	757.086
6465	1.293	1.5698	2.06223	0.223204	371.022	744.086
6470	1.294	1.5698	2.11298	0.216534	380.101	731.092
6475	1.295	1.5698	2.16318	0.209855	388.926	718.104
6480	1.296	1.5698	2.21275	0.203173	397.503	705.148
6485	1.297	1.5698	2.26169	0.196492	405.794	692.236
6490	1.298	1.5698	2.30994	0.189817	413.813	679.357
6495	1.299	1.5698	2.35746	0.183155	421.542	666.53
6500	1.3	1.5698	2.35887	0.176509	428.974	684.167
6505	1.301	1.5698	2.33688	0.17519	407.433	716.026
6510	1.302	1.5698	2.31443	0.176629	373.213	745.894
6515	1.303	1.5698	2.29334	0.178147	341.612	772.713
6520	1.304	1.5698	2.27411	0.179533	313.48	796.352
6525	1.305	1.5698	2.2572	0.180723	288.751	816.75
6530	1.306	1.5698	2.24292	0.181665	267.322	833.867
6535	1.307	1.5698	2.2316	0.182316	249.038	847.753
6540	1.308	1.5698	2.22342	0.182638	233.767	858.445
6545	1.309	1.5698	2.21858	0.182603	221.35	866.032
6550	1.31	1.5698	2.21715	0.182189	211.645	870.63
6555	1.311	1.5698	2.21921	0.181379	204.497	872.358
6560	1.312	1.5698	2.22475	0.180163	199.761	871.368
6565	1.313	1.5698	2.23377	0.178535	197.279	867.799
6570	1.314	1.5698	2.2462	0.176493	196.914	861.825
6575	1.315	1.5698	2.26192	0.174043	198.506	853.631
6580	1.316	1.5698	2.2808	0.17119	201.886	843.378
6585	1.317	1.5698	2.30271	0.167946	206.899	831.242
6590	1.318	1.5698	2.32747	0.164324	213.389	817.408
6595	1.319	1.5698	2.35487	0.16034	221.19	802.041
6600	1.32	1.5698	2.38471	0.156013	230.144	785.33
6605	1.321	1.5698	2.39786	0.151363	240.088	780.369
6610	1.322	1.5698	2.39937	0.14864	238.922	783.25
6615	1.323	1.5698	2.39781	0.147275	230.643	787.759
6620	1.324	1.5698	2.39897	0.146273	221.169	789.817
6625	1.325	1.5698	2.40295	0.144951	214.25	789.524
6630	1.326	1.5698	2.40976	0.143297	209.743	786.956
6635	1.327	1.5698	2.41942	0.141302	207.475	782.2
6640	1.328	1.5698	2.4319	0.138961	207.279	775.403
6645	1.329	1.5698	2.44276	0.136275	208.973	769.718
6650	1.33	1.5698	2.4517	0.133765	209.612	765.285
6655	1.331	1.5698	2.45972	0.131469	209.079	761.393
6660	1.332	1.5698	2.46788	0.129273	208.086	757.254
6665	1.333	1.5698	2.4768	0.127049	207.343	752.462
6670	1.334	1.5698	2.48649	0.124726	207.219	747.016
6675	1.335	1.5698	2.49672	0.122299	207.685	741.116
6680	1.336	1.5698	2.5072	0.119797	208.55	735.003
6685	1.337	1.5698	2.51779	0.117252	209.609	728.757
6690	1.338	1.5698	2.52849	0.114681	210.767	722.388
6695	1.339	1.5698	2.53933	0.112086	212.017	715.876
6700	1.34	1.5698	2.55039	0.109458	213.38	709.171
6705	1.341	1.5698	2.56169	0.106791	214.9	702.262
6710	1.342	1.5698	2.57321	0.104082	216.589	695.159
6715	1.343	1.5698	2.58493	0.101331	218.428	687.871
6720	1.344	1.5698	2.59684	0.0985416	220.396	680.441
6725	1.345	1.5698	2.60891	0.0957152	222.485	672.864
6730	1.346	1.5698	2.62115	0.0928537	224.669	665.15
6735	1.347	1.5698	2.63354	0.0899578	226.951	657.304
6740	1.348	1.5698	2.64605	0.0870276	229.325	649.33
6745	1.349	1.5698	2.65872	0.0840636	231.769	641.226
6750	1.35	1.5698	2.67153	0.0810663	234.301	633.006
6755	1.351	1.5698	2.68446	0.0780363	236.908	624.667
6760	1.352	1.5698	2.6975	0.0749745	239.575	616.217
6765	1.353	1.5698	2.71064	0.0718819	242.306	607.666
6770	1.354	1.5698	2.7239	0.0687594	245.083	599.013
6775	1.355	1.5698	2.73723	0.0656076	247.92	590.259
6780	1.356	1.5698	2.75063	0.0624275	250.782	581.412
6785	1.357	1.5698	2.76411	0.0592198	253.681	572.47
6790	1.358	1.5698	2.77767	0.0559854	256.616	563.444
6795	1.359	1.5698	2.79125	0.0527252	259.588	554.338
6800	1.36	1.5698	2.80491	0.0494401	262.566	545.149
6805	1.361	1.5698	2.81858	0.0461309	265.575	535.881
6810	1.362	1.5698	2.83228	0.0427986	268.584	526.541
6815	1.363	1.5698	2.84603	0.039444	271.601	517.138
6820	1.364	1.5698	2.85977	0.0360681	274.638	507.65
6825	1.365	1.5698	2.8735	0.0326718	277.663	498.107
6830	1.366	1.5698	2.88725	0.0292559	280.68	488.492
6835	1.367	1.5698	2.90097	0.0258216	283.699	478.827
6840	1.368	1.5698	2.91468	0.0223696	286.702	469.092
6845	1.369	1.5698	2.92835	0.018901	289.695	459.303
6850	1.37	1.5698	2.94198	0.0154167	292.666	449.467
6855	1.371	1.5698	2.95557	0.0119176	295.614	439.574
6860	1.372	1.5698	2.96912	0.00840475	298.542	429.64
6865	1.373	1.5698	2.98259	0.00487908	301.451	419.646
6870	1.374	1.5698	2.99601	0.00134156	304.316	409.619
6875	1.375	1.5698	3.00932	-0.00220683	307.158	399.547
6880	1.376	1.5698	3.02257	-0.00576511	309.95	389.433
6885	1.377	1.5698	3.03573	-0.0093323	312.718	379.281
6890	1.378	1.5698	3.04878	-0.0129074	315.442	369.094
6895	1.379	1.5698	3.06174	-0.0164895	318.121	358.885
6900	1.38	1.5698	3.07457	-0.0200775	320.763	348.639
6905	1.381	1.5698	3.0873	-0.0236705	323.343	338.362
6910	1.382	1.5698	3.09989	-0.0272675	325.888	328.068
6915	1.383	1.5698	3.11235	-0.0308675	328.374	317.748
6920	1.384	1.5698	3.12468	-0.0344695	330.808	307.404
6925	1.385	1.5698	3.13683	-0.0380725	333.194	297.046
6930	1.386	1.5698	3.14886	-0.0416756	335.503	286.675
6935	1.387	1.5698	3.16071	-0.0452776	337.771	276.296
6940	1.388	1.5698	3.17241	-0.0488778	339.972	265.902
6945	1.389	1.5698	3.18393	-0.052475	342.113	255.504
6950	1.39	1.5698	3.19525	-0.0560683	344.19	245.109
6955	1.391	1.5698	3.20642	-0.0596567	346.189	234.707
6960	1.392	1.5698	3.21739	-0.0632392	348.138	224.306
6965	1.393	1.5698	3.22816	-0.0668148	350.014	213.91
6970	1.394	1.5698	3.23873	-0.0703827	351.819	203.52
6975	1.395	1.5698	3.2491	-0.0739417	353.558	193.152
6980	1.396	1.5698	3.25925	-0.077491	355.224	182.791
6985	1.397	1.5698	3.2692	-0.0810295	356.817	172.444
6990	1.398	1.5698	3.27892	-0.0845563	358.344	162.123
6995	1.399	1.5698	3.28841	-0.0880705	359.796	151.817
7000	1.4	1.5698	3.29767	-0.0915711	361.166	141.542
7005	1.401	1.5698	3.30669	-0.0950571	362.465	131.301
7010	1.402	1.5698	3.31549	-0.0985277	363.678	121.094
7015	1.403	1.5698	3.32402	-0.101982	364.832	110.916
7020	1.404	1.5698	3.33232	-0.105419	365.893	100.783
7025	1.405	1.5698	3.34034	-0.108837	366.891	90.6888
7030	1.406	1.5698	3.34815	-0.112236	367.789	80.6433
7035	1.407	1.5698	3.35566	-0.115616	368.636	70.6426
7040	1.408	1.5698	3.36294	-0.118974	369.379	60.6992
7045	1.409	1.5698	3.36992	-0.12231	370.065	50.811
7050	1.41	1.5698	3.37665	-0.125624	370.655	40.9838
7055	1.411	1.5698	3.38311	-0.128914	371.173	31.2139
7060	1.412	1.5698	3.38927	-0.132179	371.618	21.5179
7065	1.413	1.5698	3.39518	-0.135419	371.966	11.8891
7070	1.414	1.5698	3.40077	-0.138633	372.256	2.33068
7075	1.415	1.5698	3.40611	-0.14182	372.444	0
7080	1.416	1.5698	3.41116	-0.144979	372.571	0
7085	1.417	1.5698	3.41595	-0.148111	372.618	0
7090	1.418	1.5698	3.42045	-0.151215	372.605	0
7095	1.419	1.5698	3.42469	-0.154293	372.511	0
7100	1.42	1.5698	3.42867	-0.157342	372.364	0
7105	1.421	1.5698	3.43236	-0.160363	372.154	0
7110	1.422	1.5698	3.43582	-0.163355	371.885	0
7115	1.423	1.5698	3.43899	-0.166319	371.662	0
7120	1.424	1.5698	3.44191	-0.169255	371.504	0
7125	1.425	1.5698	3.44458	-0.172163	371.452	0
7130	1.426	1.5698	3.447	-0.175042	371.523	0
7135	1.427	1.5698	3.44918	-0.177893	371.732	0
7140	1.428	1.5698	3.45113	-0.180716	372.08	0
7145	1.429	1.5698	3.45281	-0.183511	372.573	0
7150	1.43	1.5698	3.45427	-0.186277	373.199	0
7155	1.431	1.5698	3.45549	-0.189014	373.996	0
7160	1.432	1.5698	3.45648	-0.191723	374.943	0
7165	1.433	1.5698	3.45725	-0.194404	376.067	0
7170	1.434	1.5698	3.45779	-0.197056	377.38	0
7175	1.435	1.5698	3.4581	-0.199679	378.898	0
7180	1.436	1.5698	3.45816	-0.202273	380.622	0
7185	1.437	1.5698	3.458	-0.204836	382.578	0
7190	1.438	1.5698	3.45757	-0.207367	384.788	0
7195	1.439	1.5698	3.45687	-0.209864	387.251	0
7200	1.44	1.5698	3.4559	-0.212324	389.999	0
7205	1.441	1.5698	3.45462	-0.214746	393.045	0
7210	1.442	1.5698	3.45306	-0.217127	396.415	0
7215	1.443	1.5698	3.45117	-0.219464	400.145	0
7220	1.444	1.5698	3.44894	-0.221756	404.242	0
7225	1.445	1.5698	3.44634	-0.223999	408.733	0
7230	1.446	1.5698	3.4434	-0.226192	413.648	0
7235	1.447	1.5698	3.44008	-0.22833	419.03	0
7240	1.448	1.5698	3.43637	-0.230412	424.907	0
7245	1.449	1.5698	3.43227	-0.232438	431.291	0
7250	1.45	1.5698	3.42779	-0.234404	438.23	0
7255	1.451	1.5698	3.42288	-0.23631	445.748	0
7260	1.452	1.5698	3.41753	-0.238151	453.839	0
7265	1.453	1.5698	3.41171	-0.239923	462.518	0
7270	1.454	1.5698	3.4054	-0.241623	471.776	0
7275	1.455	1.5698	3.3986	-0.243247	481.614	0
7280	1.456	1.5698	3.39124	-0.244789	492.028	0
7285	1.457	1.5698	3.38334	-0.246248	502.978	0
7290	1.458	1.5698	3.37486	-0.247618	514.454	0
7295	1.459	1.5698	3.36581	-0.248896	526.414	0
7300	1.46	1.5698	3.35617	-0.25008	538.828	0
7305	1.461	1.5698	3.34591	-0.251167	551.633	0
7310	1.462	1.5698	3.33502	-0.252155	564.772	0
7315	1.463	1.5698	3.32349	-0.253039	578.177	0
7320	1.464	1.5698	3.31136	-0.253819	591.775	0
7325	1.465	1.5698	3.29854	-0.254491	605.515	0
7330	1.466	1.5698	3.28509	-0.255054	619.27	0
7335	1.467	1.5698	3.271	-0.255505	632.997	0
7340	1.468	1.5698	3.25622	-0.255844	646.607	0
7345	1.469	1.5698	3.24077	-0.256068	659.99	0
7350	1.47	1.5698	3.22464	-0.256176	673.048	0
7355	1.471	1.5698	3.20777	-0.256163	685.666	0
7360	1.472	1.5698	3.19014	-0.256024	697.698	0
7365	1.473	1.5698	3.17173	-0.255753	709.04	0
7370	1.474	1.5698	3.15245	-0.255344	719.62	0
7375	1.475	1.5698	3.13233	-0.254789	729.326	0
7380	1.476	1.5698	3.11124	-0.254082	738.145	0
7385	1.477	1.5698	3.08918	-0.253214	745.984	0
7390	1.478	1.5698	3.06608	-0.252177	752.852	0
7395	1.479	1.5698	3.04189	-0.250963	758.714	0
7400	1.48	1.5698	3.0166	-0.249566	763.567	0
7405	1.481	1.5698	2.99015	-0.247977	767.438	0
7410	1.482	1.5698	2.96253	-0.246192	770.318	0
7415	1.483	1.5698	2.93369	-0.244204	772.247	0
7420	1.484	1.5698	2.90362	-0.242011	773.23	0
7425	1.485	1.5698	2.87234	-0.239607	773.32	0
7430	1.486	1.5698	2.83985	-0.236993	772.554	0
7435	1.487	1.5698	2.80615	-0.234168	770.982	0
7440	1.488	1.5698	2.77124	-0.231131	768.646	0
7445	1.489	1.5698	2.73516	-0.227885	765.589	0
7450	1.49	1.5698	2.69798	-0.224433	761.86	0
7455	1.491	1.5698	2.65968	-0.220779	757.542	0
7460	1.492	1.5698	2.62035	-0.216928	752.656	0
7465	1.493	1.5698	2.58001	-0.212886	747.275	0
7470	1.494	1.5698	2.53875	-0.208661	741.442	0
7475	1.495	1.5698	2.49664	-0.204261	735.23	0
7480	1.496	1.5698	2.45373	-0.199693	728.693	0
7485	1.497	1.5698	2.41009	-0.194968	721.879	0
7490	1.498	1.5698	2.36581	-0.190095	714.839	0
7495	1.499	1.5698	2.32094	-0.185085	707.635	0
7500	1.5	1.5698	2.27559	-0.179948	700.292	0
7505	1.501	1.5698	2.22984	-0.174696	692.876	7.11689
7510	1.502	1.5698	2.18377	-0.169339	685.442	20.0491
7515	1.503	1.5698	2.1375	-0.163892	678.025	32.5403
7520	1.504	1.5698	2.09117	-0.158369	670.689	44.5087
7525	1.505	1.5698	2.04481	-0.152786	663.5	55.9193
7530	1.506	1.5698	1.99858	-0.147156	656.469	66.7296
7535	1.507	1.5698	1.95256	-0.141494	649.669	76.89
7540	1.508	1.5698	1.90685	-0.135813	643.124	86.3914
7545	1.509	1.5698	1.86152	-0.130125	636.876	95.2039
7550	1.51	1.5698	1.81674	-0.124442	630.941	103.236
7555	1.511	1.5698	1.77249	-0.118787	625.397	110.568
7560	1.512	1.5698	1.72887	-0.113157	620.197	117.192
7565	1.513	1.5698	1.68592	-0.107565	615.371	123.091
7570	1.514	1.58344	1.64371	-0.102019	610.925	128.289
7575	1.515	1.63781	1.6105	-0.0965275	606.862	132.798
7580	1.516	1.69092	1.6105	-0.0910971	603.198	136.626
7585	1.517	1.74272	1.6105	-0.085734	599.916	139.81
7590	1.518	1.79318	1.6105	-0.0804422	597.008	142.427
7595	1.519	1.84237	1.6105	-0.0752191	594.43	144.527
7600	1.52	1.8903	1.6105	-0.0700619	592.155	146.171
7605	1.521	1.93703	1.6105	-0.0649678	590.121	147.421
7610	1.522	1.98261	1.6105	-0.0599338	588.312	148.327
7615	1.523	2.02708	1.6105	-0.054957	586.687	148.935
7620	1.524	2.0705	1.6105	-0.0500343	585.201	149.284
7625	1.525	2.11288	1.6105	-0.0451624	583.84	149.413
7630	1.526	2.15428	1.6105	-0.0403381	582.575	149.374
7635	1.527	2.19478	1.6105	-0.0355582	581.358	149.188
7640	1.528	2.23438	1.6105	-0.0308196	580.167	148.881
7645	1.529	2.27312	1.6105	-0.026119	578.971	148.491
7650	1.53	2.31107	1.6105	-0.0214535	577.782	148.041
7655	1.531	2.34825	1.6105	-0.0168203	576.558	147.549
7660	1.532	2.38471	1.6105	-0.0122165	575.317	147.029
7665	1.533	2.42046	1.6105	-0.00763944	574.005	146.507
7670	1.534	2.45556	1.6105	-0.00308667	572.658	145.999
7675	1.535	2.49003	1.6105	0.00144424	571.237	145.512
7680	1.536	2.52391	1.6105	0.00595557	569.757	145.053
7685	1.537	2.5572	1.6105	0.0104495	568.203	144.632
7690	1.538	2.58995	1.6105	0.014928	566.565	144.26
7695	1.539	2.62218	1.6105	0.019393	564.847	143.946
7700	1.54	2.65391	1.6105	0.0238463	563.057	143.695
7705	1.541	2.68517	1.6105	0.0282896	561.16	143.505
7710	1.542	2.71597	1.6105	0.0327244	559.19	143.377
7715	1.543	2.74633	1.6105	0.0371522	557.136	143.329
7720	1.544	2.77629	1.6105	0.0415744	554.979	143.341
7725	1.545	2.80583	1.6105	0.0459921	552.741	143.432
7730	1.546	2.83499	1.6105	0.0504066	550.409	143.592
7735	1.547	2.86378	1.6105	0.0548188	547.993	143.825
7740	1.548	2.89222	1.6105	0.0592298	545.483	144.122
7745	1.549	2.9203	1.6105	0.0636404	542.888	144.489
7750	1.55	2.94805	1.6105	0.0680514	540.205	144.925
7755	1.551	2.97547	1.6105	0.0724634	537.446	145.424
7760	1.552	3.00258	1.6105	0.0768772	534.6	145.985
7765	1.553	3.02938	1.6105	0.0812933	531.679	146.599
7770	1.554	3.05587	1.6105	0.0857121	528.683	147.272
7775	1.555	3.08207	1.6105	0.0901342	525.595	147.997
7780	1.556	3.10798	1.6105	0.0945598	522.449	148.774
7785	1.557	3.13361	1.6105	0.0989892	519.221	149.601
7790	1.558	3.15897	1.6105	0.103423	515.927	150.474
7795	1.559	3.18406	1.6105	0.107861	512.57	151.38
7800	1.56	3.20887	1.6105	0.112303	509.148	152.325
7805	1.561	3.23342	1.6105	0.11675	505.657	153.306
7810	1.562	3.2577	1.6105	0.121201	502.113	154.319
7815	1.563	3.28173	1.6105	0.125657	498.507	155.356
7820	1.564	3.30549	1.6105	0.130117	494.842	156.418
7825	1.565	3.329	1.6105	0.134582	491.124	157.504
7830	1.566	3.35226	1.6105	0.139051	487.364	158.604
7835	1.567	3.37525	1.6105	0.143524	483.547	159.727
7840	1.568	3.398	1.6105	0.148001	479.69	160.857
7845	1.569	3.42049	1.6105	0.152482	475.785	161.995
7850	1.57	3.44272	1.6105	0.156967	471.838	163.138
7855	1.571	3.4647	1.6105	0.161454	467.853	164.284
7860	1.572	3.48642	1.6105	0.165945	463.832	165.436
7865	1.573	3.5079	1.6105	0.170438	459.778	166.58
7870	1.574	3.5291	1.6105	0.174933	455.681	167.724
7875	1.575	3.55006	1.6105	0.17943	451.561	168.868
7880	1.576	3.57076	1.6105	0.183928	447.418	169.995
7885	1.577	3.5912	1.6105	0.188428	443.241	171.108
7890	1.578	3.61136	1.6105	0.192927	439.038	172.214
7895	1.579	3.63128	1.6105	0.197427	434.807	173.297
7900	1.58	3.65091	1.6105	0.201927	430.569	174.362
7905	1.581	3.67028	1.6105	0.206425	426.299	175.419
7910	1.582	3.68939	1.6105	0.210922	422.016	176.443
7915	1.583	3.70822	1.6105	0.215417	417.726	177.452
7920	1.584	3.72678	1.6105	0.21991	413.414	178.428
7925	1.585	3.74506	1.6105	0.224399	409.092	179.381
7930	1.586	3.76306	1.6105	0.228885	404.755	180.307
7935	1.587	3.78078	1.6105	0.233366	400.415	181.207
7940	1.588	3.79822	1.6105	0.237843	396.065	182.076
7945	1.589	3.81538	1.6105	0.242314	391.716	182.911
7950	1.59	3.83225	1.6105	0.246779	387.359	183.705
7955	1.591	3.84881	1.6105	0.251237	383.007	184.479
7960	1.592	3.86511	1.6105	0.255688	378.647	185.207
7965	1.593	3.88109	1.6105	0.26013	374.284	185.897
7970	1.594	3.89677	1.6105	0.264565	369.936	186.554
7975	1.595	3.91216	1.6105	0.268989	365.583	187.169
7980	1.596	3.92724	1.6105	0.273404	361.235	187.756
7985	1.597	3.94203	1.6105	0.277808	356.901	185.957
7990	1.598	3.95275	1.6105	0.281772	354.919	182.301
7995	1.599	3.96	1.6105	0.285351	354.841	177.834
8000	1.6	3.96524	1.6105	0.288711	355.627	173.629
8005	1.601	3.97014	1.6105	0.29204	356.173	169.768
8010	1.602	3.97487	1.6105	0.295358	356.422	166.217
8015	1.603	3.97941	1.6105	0.298663	356.393	162.97
8020	1.604	3.98381	1.6105	0.301958	356.097	159.986
8025	1.605	3.98804	1.6105	0.305242	355.571	157.245
8030	1.606	3.9921	1.6105	0.308517	354.835	154.753
8035	1.607	3.99605	1.6105	0.311781	353.895	152.459
8040	1.608	3.99982	1.6105	0.315037	352.77	150.377
8045	1.609	4.00349	1.6105	0.318283	351.481	148.463
8050	1.61	4.00699	1.6105	0.32152	350.035	146.727
8055	1.611	4.01039	1.6105	0.324748	348.446	145.13
8060	1.612	4.01363	1.6105	0.327966	346.735	143.687
8065	1.613	4.01676	1.6105	0.331176	344.899	142.359
8070	1.614	4.01974	1.6105	0.334376	342.948	141.136
8075	1.615	4.02258	1.6105	0.337566	340.904	140.035
8080	1.616	4.02531	1.6105	0.340746	338.766	139.006
8085	1.617	4.02787	1.6105	0.343915	336.552	138.072
8090	1.618	4.03032	1.6105	0.347074	334.256	137.209
8095	1.619	4.03262	1.6105	0.350221	331.893	136.4
8100	1.62	4.03477	1.6105	0.353356	329.473	135.651
8105	1.621	4.03678	1.6105	0.356479	327.003	134.961
8110	1.622	4.03865	1.6105	0.359589	324.483	134.306
8115	1.623	4.04037	1.6105	0.362685	321.923	133.675
8120	1.624	4.04192	1.6105	0.365768	319.33	133.092
8125	1.625	4.04334	1.6105	0.368835	316.707	132.51
8130	1.626	4.04457	1.6105	0.371888	314.059	131.958
8135	1.627	4.04566	1.6105	0.374924	311.389	131.419
8140	1.628	4.04658	1.6105	0.377944	308.71	130.891
8145	1.629	4.04733	1.6105	0.380946	306.022	130.363
8150	1.63	4.04791	1.6105	0.38393	303.33	129.833
8155	1.631	4.04831	1.6105	0.386896	300.632	129.298
8160	1.632	4.04853	1.6105	0.389843	297.946	128.751
8165	1.633	4.04856	1.6105	0.392769	295.258	128.202
8170	1.634	4.04842	1.6105	0.395675	292.581	127.649
8175	1.635	4.04811	1.6105	0.39856	289.917	127.072
8180	1.636	4.04759	1.6105	0.401423	287.275	126.481
8185	1.637	4.04689	1.6105	0.404265	284.641	98.6624
8190	1.638	4.00229	1.6105	0.401679	312.586	73.1076
8195	1.639	3.95821	1.6105	0.399102	338.318	49.7796
8200	1.64	3.91489	1.6105	0.396567	361.837	28.6811
8205	1.641	3.87263	1.6105	0.394107	383.151	9.7558
8210	1.642	3.83161	1.6105	0.391752	402.306	0
8215	1.643	3.79206	1.6105	0.389528	419.338	0
8220	1.644	3.75411	1.6105	0.38745	434.358	0
8225	1.645	3.71775	1.6105	0.385523	447.504	0
8230	1.646	3.68249	1.6105	0.383685	459.285	0
8235	1.647	3.64908	1.6105	0.382029	469.288	0
8240	1.648	3.61762	1.6105	0.380571	477.537	0
8245	1.649	3.5881	1.6105	0.37931	484.172	0
8250	1.65	3.56063	1.6105	0.378264	489.204	0
8255	1.651	3.53529	1.6105	0.377441	492.677	0
8260	1.652	3.5121	1.6105	0.376847	494.669	0
8265	1.653	3.49108	1.6105	0.376486	495.223	0
8270	1.654	3.4722	1.6105	0.376359	494.424	0
8275	1.655	3.45545	1.6105	0.376467	492.35	0
8280	1.656	3.44081	1.6105	0.376808	489.077	0
8285	1.657	3.42819	1.6105	0.377375	484.682	0
8290	1.658	3.41754	1.6105	0.378164	479.262	0
8295	1.659	3.40876	1.6105	0.379167	472.898	0
8300	1.66	3.40177	1.6105	0.380374	465.672	0
8305	1.661	3.39646	1.6105	0.381776	457.676	0
8310	1.662	3.3927	1.6105	0.383361	448.981	0
8315	1.663	3.39042	1.6105	0.385118	439.681	0
8320	1.664	3.38946	1.6105	0.387035	429.833	0
8325	1.665	3.38973	1.6105	0.389099	419.514	1.54304
8330	1.666	3.39108	1.6105	0.391296	408.788	11.3671
8335	1.667	3.39339	1.6105	0.393614	397.716	21.4743
8340	1.668	3.39651	1.6105	0.396035	386.356	31.8744
8345	1.669	3.40034	1.6105	0.398547	374.771	42.5914
8350	1.67	3.40473	1.6105	0.401132	363.003	53.6571
8355	1.671	3.40952	1.6105	0.403776	351.105	40.7866
8360	1.672	3.37547	1.6105	0.401628	366.392	30.4318
8365	1.673	3.34212	1.6105	0.399524	379.602	22.7278
8370	1.674	3.30961	1.6105	0.397484	390.677	17.8782
8375	1.675	3.27811	1.6105	0.395529	399.629	16.0632
8380	1.676	3.24773	1.6105	0.393673	406.458	17.5103
8385	1.677	3.21857	1.6105	0.391929	411.212	22.4346
8390	1.678	3.19066	1.6105	0.390303	413.974	31.0706
8395	1.679	3.16399	1.6105	0.388796	414.797	43.6202
8400	1.68	3.13847	1.6105	0.387398	413.82	60.4517
8405	1.681	3.11424	1.6105	0.386124	410.995	81.7976
8410	1.682	3.09126	1.6105	0.384976	406.357	107.852
8415	1.683	3.06956	1.6105	0.383951	399.934	138.64
8420	1.684	3.04902	1.6105	0.383045	391.757	174.282
8425	1.685	3.02995	1.6105	0.382289	381.664	214.322
8430	1.686	3.01202	1.6105	0.381649	369.839	258.221
8435	1.687	2.99508	1.6105	0.381109	356.396	305.297
8440	1.688	2.97902	1.6105	0.380652	341.41	354.706
8445	1.689	2.96368	1.6105	0.380263	324.996	405.523
8450	1.69	2.94891	1.6105	0.379921	307.455	456.82
8455	1.691	2.93452	1.6105	0.379607	289.563	507.679
8460	1.692	2.92032	1.6105	0.379297	271.854	557.238
8465	1.693	2.90608	1.6105	0.378964	254.707	604.787
8470	1.694	2.89158	1.6105	0.378582	238.385	649.814
8475	1.695	2.87664	1.6105	0.378123	223.092	691.91
8480	1.696	2.86099	1.6105	0.377563	208.951	730.876
8485	1.697	2.84451	1.6105	0.376877	196.056	766.583
8490	1.698	2.82699	1.6105	0.376046	184.472	799.017
8495	1.699	2.8083	1.6105	0.375048	174.236	828.183
8500	1.7	2.78829	1.6105	0.373867	165.385	854.173
8505	1.701	2.76686	1.6105	0.372488	157.916	877.078
8510	1.702	2.74392	1.6105	0.370897	151.843	897.028
8515	1.703	2.71939	1.6105	0.369084	147.137	914.13
8520	1.704	2.69317	1.6105	0.367041	143.786	928.562
8525	1.705	2.66528	1.6105	0.36476	141.744	940.451
8530	1.706	2.63567	1.6105	0.362238	140.976	949.942
8535	1.707	2.60431	1.6105	0.359471	141.429	957.174
8540	1.708	2.57119	1.6105	0.356457	143.063	962.307
8545	1.709	2.53634	1.6105	0.353197	145.808	966.136
8550	1.71	2.50083	1.6105	0.349819	148.889	968.189
8555	1.711	2.46379	1.6105	0.346218	152.904	968.573
8560	1.712	2.4252	1.6105	0.342394	157.812	967.42
8565	1.713	2.38513	1.6105	0.338351	163.55	964.83
8570	1.714	2.3436	1.6105	0.334093	170.054	960.918
8575	1.715	2.30066	1.6105	0.329625	177.27	955.783
8580	1.716	2.25636	1.6105	0.324954	185.119	949.531
8585	1.717	2.21077	1.6105	0.320087	193.546	942.273
8590	1.718	2.16397	1.6105	0.315033	202.469	934.097
8595	1.719	2.11604	1.6105	0.309802	211.829	925.094
8600	1.72	2.06705	1.6105	0.304403	221.559	915.359
8605	1.721	2.01709	1.6105	0.298847	231.589	904.967
8610	1.722	1.96626	1.6105	0.293144	241.863	893.995
8615	1.723	1.91463	1.6105	0.287305	252.319	882.516
8620	1.724	1.8623	1.6105	0.28134	262.915	870.593
8625	1.725	1.80934	1.6105	0.27526	273.593	858.29
8630	1.726	1.75585	1.6105	0.269074	284.317	845.662
8635	1.727	1.70191	1.63565	0.262792	295.046	832.757
8640	1.728	1.6476	1.68925	0.256424	305.733	819.612
8645	1.729	1.59298	1.74282	0.249979	316.358	806.28
8650	1.73	1.5698	1.79627	0.243468	326.882	792.809
8655	1.731	1.5698	1.84955	0.236898	337.271	779.216
8660	1.732	1.5698	1.90256	0.230278	347.514	765.545
8665	1.733	1.5698	1.95524	0.223618	357.573	751.809
8670	1.734	1.5698	2.00754	0.216924	367.429	738.063
8675	1.735	1.5698	2.05936	0.210205	377.064	724.315
8680	1.736	1.5698	2.11067	0.203468	386.448	710.575
8685	1.737	1.5698	2.16139	0.19672	395.569	696.873
8690	1.738	1.5698	2.2115	0.189969	404.406	683.213
8695	1.739	1.5698	2.26095	0.183219	412.953	669.616
8700	1.74	1.5698	2.30968	0.176478	421.202	656.097
8705	1.741	1.5698	2.35766	0.169751	429.132	642.645
8710	1.742	1.5698	2.36531	0.163044	436.742	656.014
8715	1.743	1.5698	2.34934	0.160996	419.036	684.079
8720	1.744	1.5698	2.32989	0.161731	388.269	712.405
8725	1.745	1.5698	2.31162	0.162897	358	737.88
8730	1.746	1.5698	2.29499	0.16395	331.018	760.362
8735	1.747	1.5698	2.28047	0.164828	307.26	779.768
8740	1.748	1.5698	2.26836	0.16548	286.642	796.076
8745	1.749	1.5698	2.25894	0.165864	269.018	809.306
8750	1.75	1.5698	2.25245	0.165944	254.24	819.497
8755	1.751	1.5698	2.24904	0.165692	242.178	826.722
8760	1.752	1.5698	2.24879	0.165086	232.684	831.076
8765	1.753	1.5698	2.25179	0.164109	225.609	832.673
8770	1.754	1.5698	2.25805	0.162752	220.819	831.667
8775	1.755	1.5698	2.26754	0.161008	218.173	828.174
8780	1.756	1.5698	2.28021	0.158875	217.52	822.369
8785	1.757	1.5698	2.29595	0.156358	218.716	814.413
8790	1.758	1.5698	2.31467	0.153461	221.613	804.459
8795	1.759	1.5698	2.33619	0.150196	226.066	792.691
8800	1.76	1.5698	2.36038	0.146574	231.905	779.269
8805	1.761	1.5698	2.38705	0.142612	238.996	764.355
8810	1.762	1.5698	2.39907	0.138325	247.184	759.821
8815	1.763	1.5698	2.40071	0.135735	245.626	762.314
8820	1.764	1.5698	2.39953	0.13436	237.729	766.317
8825	1.765	1.5698	2.40079	0.133322	228.714	768.084
8830	1.766	1.5698	2.40484	0.131994	222.005	767.493
8835	1.767	1.5698	2.41171	0.130335	217.634	764.639
8840	1.768	1.5698	2.42138	0.128336	215.451	759.619
8845	1.769	1.5698	2.43123	0.125994	215.272	754.403
8850	1.77	1.5698	2.44005	0.123622	215.287	749.824
8855	1.771	1.5698	2.44793	0.121359	214.718	745.784
8860	1.772	1.5698	2.45554	0.119196	213.659	741.821
8865	1.773	1.5698	2.46346	0.117057	212.565	737.493
8870	1.774	1.5698	2.47197	0.114871	211.815	732.637
8875	1.775	1.5698	2.48102	0.112606	211.555	727.318
8880	1.776	1.5698	2.49043	0.110267	211.729	721.656
8885	1.777	1.5698	2.50005	0.107874	212.19	715.8
8890	1.778	1.5698	2.50982	0.105443	212.836	709.77
8895	1.779	1.5698	2.51973	0.102983	213.613	703.597
8900	1.78	1.5698	2.52982	0.100493	214.519	697.241
8905	1.781	1.5698	2.54015	0.097968	215.572	690.689
8910	1.782	1.5698	2.55068	0.0954045	216.801	683.932
8915	1.783	1.5698	2.56143	0.0928015	218.174	677.004
8920	1.784	1.5698	2.57237	0.09016	219.711	669.912
8925	1.785	1.5698	2.58348	0.0874818	221.372	662.661
8930	1.786	1.5698	2.59476	0.0847685	223.156	655.271
8935	1.787	1.5698	2.60621	0.0820211	225.045	647.748
8940	1.788	1.5698	2.6178	0.0792403	227.041	640.083
8945	1.789	1.5698	2.62953	0.0764263	229.126	632.294
8950	1.79	1.5698	2.6414	0.0735796	231.299	624.384
8955	1.791	1.5698	2.6534	0.0707009	233.56	616.354
8960	1.792	1.5698	2.66553	0.0677909	235.893	608.208
8965	1.793	1.5698	2.67777	0.0648503	238.296	599.958
8970	1.794	1.5698	2.69011	0.06188	240.766	591.604
8975	1.795	1.5698	2.70255	0.0588808	243.288	583.147
8980	1.796	1.5698	2.71507	0.0558535	245.869	574.598
8985	1.797	1.5698	2.72769	0.0527988	248.488	565.957
8990	1.798	1.5698	2.74037	0.0497177	251.153	557.227
8995	1.799	1.5698	2.7531	0.0466108	253.853	548.415
9000	1.8	1.5698	2.76591	0.0434791	256.58	539.511
9005	1.801	1.5698	2.77876	0.0403234	259.341	530.54
9010	1.802	1.5698	2.79164	0.0371446	262.118	521.496
9015	1.803	1.5698	2.80455	0.0339435	264.914	512.379
9020	1.804	1.5698	2.81749	0.030721	267.715	503.195
9025	1.805	1.5698	2.83044	0.0274781	270.532	493.941
9030	1.806	1.5698	2.84341	0.0242155	273.346	484.625
9035	1.807	1.5698	2.85636	0.0209342	276.174	475.252
9040	1.808	1.5698	2.8693	0.0176351	278.984	465.819
9045	1.809	1.5698	2.88223	0.0143191	281.789	456.326
9050	1.81	1.5698	2.89512	0.0109871	284.591	446.792
9055	1.811	1.5698	2.908	0.00764011	287.367	437.198
9060	1.812	1.5698	2.92083	0.00427899	290.139	427.565
9065	1.813	1.5698	2.93361	0.000904699	292.884	417.881
9070	1.814	1.5698	2.94633	-0.00248184	295.608	408.156
9075	1.815	1.5698	2.95899	-0.00587967	298.298	398.384
9080	1.816	1.5698	2.97158	-0.00928786	300.966	388.581
9085	1.817	1.5698	2.98409	-0.0127055	303.606	378.735
9090	1.818	1.5698	2.99652	-0.0161315	306.203	368.865
9095	1.819	1.5698	3.00885	-0.019565	308.773	358.967
9100	1.82	1.5698	3.02108	-0.0230051	311.294	349.029
9105	1.821	1.5698	3.03321	-0.0264508	313.773	339.071
9110	1.822	1.5698	3.04522	-0.0299012	316.217	329.088
9115	1.823	1.5698	3.05712	-0.0333552	318.607	319.081
9120	1.824	1.5698	3.06889	-0.0368119	320.96	309.062
9125	1.825	1.5698	3.08052	-0.0402703	323.251	299.027
9130	1.826	1.5698	3.09202	-0.0437296	325.496	288.976
9135	1.827	1.5698	3.10336	-0.0471887	327.687	278.915
9140	1.828	1.5698	3.11456	-0.0506467	329.815	268.846
9145	1.829	1.5698	3.12561	-0.0541026	331.894	258.769
9150	1.83	1.5698	3.13648	-0.0575555	333.916	248.688
9155	1.831	1.5698	3.14719	-0.0610044	335.869	238.608
9160	1.832	1.5698	3.15772	-0.0644484	337.772	228.535
9165	1.833	1.5698	3.16808	-0.0678865	339.602	218.464
9170	1.834	1.5698	3.17825	-0.0713177	341.376	208.399
9175	1.835	1.5698	3.18823	-0.0747412	343.083	198.349
9180	1.836	1.5698	3.19801	-0.078156	344.729	188.317
9185	1.837	1.5698	3.20758	-0.0815612	346.301	178.295
9190	1.838	1.5698	3.21696	-0.0849557	347.796	168.302
9195	1.839	1.5698	3.22611	-0.0883388	349.238	158.324
9200	1.84	1.5698	3.23508	-0.0917094	350.594	148.371
9205	1.841	1.5698	3.24378	-0.0950667	351.899	138.453
9210	1.842	1.5698	3.25228	-0.0984098	353.108	128.564
9215	1.843	1.5698	3.26057	-0.101738	354.259	118.706
9220	1.844	1.5698	3.2686	-0.105049	355.342	108.895
9225	1.845	1.5698	3.2764	-0.108344	356.343	99.1187
9230	1.846	1.5698	3.28397	-0.111621	357.271	89.388
9235	1.847	1.5698	3.29128	-0.11488	358.129	79.7088
9240	1.848	1.5698	3.29835	-0.118118	358.907	70.0772
9245	1.849	1.5698	3.30517	-0.121336	359.611	60.502
9250	1.85	1.5698	3.31173	-0.124533	360.244	50.9803
9255	1.851	1.5698	3.31803	-0.127708	360.798	41.5259
9260	1.852	1.5698	3.32405	-0.130859	361.277	32.134
9265	1.853	1.5698	3.32982	-0.133987	361.668	22.8076
9270	1.854	1.5698	3.33533	-0.13709	361.995	13.5481
9275	1.855	1.5698	3.34058	-0.140168	362.246	4.37147
9280	1.856	1.5698	3.34554	-0.143219	362.426	0
9285	1.857	1.5698	3.35024	-0.146243	362.522	0
9290	1.858	1.5698	3.35467	-0.14924	362.558	0
9295	1.859	1.5698	3.35886	-0.152211	362.518	0
9300	1.86	1.5698	3.36277	-0.155156	362.422	0
9305	1.861	1.5698	3.36642	-0.158072	362.258	0
9310	1.862	1.5698	3.36981	-0.160962	362.03	0
9315	1.863	1.5698	3.37297	-0.163823	361.739	0
9320	1.864	1.5698	3.37585	-0.166656	361.407	0
9325	1.865	1.5698	3.37851	-0.169462	361.009	0
9330	1.866	1.5698	3.38092	-0.17224	360.645	0
9335	1.867	1.5698	3.38308	-0.174991	360.353	0
9340	1.868	1.5698	3.38503	-0.177714	360.165	0
9345	1.869	1.5698	3.38671	-0.18041	360.115	0
9350	1.87	1.5698	3.38819	-0.183078	360.181	0
9355	1.871	1.5698	3.38943	-0.185718	360.403	0
9360	1.872	1.5698	3.39045	-0.188331	360.771	0
9365	1.873	1.5698	3.39124	-0.190916	361.286	0
9370	1.874	1.5698	3.39183	-0.193473	361.955	0
9375	1.875	1.5698	3.39218	-0.196002	362.804	0
9380	1.876	1.5698	3.39231	-0.198504	363.808	0
9385	1.877	1.5698	3.39225	-0.200977	365	0
9390	1.878	1.5698	3.39198	-0.203423	366.408	0
9395	1.879	1.5698	3.39148	-0.20584	368.03	0
9400	1.88	1.5698	3.39078	-0.208229	369.877	0
9405	1.881	1.5698	3.38988	-0.210589	371.987	0
9410	1.882	1.5698	3.38871	-0.212919	374.382	0
9415	1.883	1.5698	3.38731	-0.215215	377.047	0
9420	1.884	1.5698	3.38564	-0.217476	380.031	0
9425	1.885	1.5698	3.3837	-0.2197	383.337	0
9430	1.886	1.5698	3.38149	-0.221884	387.002	0
9435	1.887	1.5698	3.37894	-0.224026	391.053	0
9440	1.888	1.5698	3.37609	-0.226123	395.496	0
9445	1.889	1.5698	3.3729	-0.228171	400.376	0
9450	1.89	1.5698	3.36936	-0.23017	405.725	0
9455	1.891	1.5698	3.36545	-0.232114	411.556	0
9460	1.892	1.5698	3.36118	-0.234005	417.908	0
9465	1.893	1.5698	3.35653	-0.235839	424.825	0
9470	1.894	1.5698	3.35149	-0.237615	432.309	0
9475	1.895	1.5698	3.34603	-0.23933	440.389	0
9480	1.896	1.5698	3.34014	-0.240979	449.07	0
9485	1.897	1.5698	3.33379	-0.242559	458.354	0
9490	1.898	1.5698	3.32694	-0.244064	468.234	0
9495	1.899	1.5698	3.31955	-0.245492	478.691	0
9500	1.9	1.5698	3.31164	-0.246837	489.7	0
9505	1.901	1.5698	3.3032	-0.248097	501.258	0
9510	1.902	1.5698	3.29416	-0.249267	513.335	0
9515	1.903	1.5698	3.28454	-0.250345	525.86	0
9520	1.904	1.5698	3.27436	-0.251327	538.8	0
9525	1.905	1.5698	3.26351	-0.252211	552.112	0
9530	1.906	1.5698	3.25208	-0.252994	565.685	0
9535	1.907	1.5698	3.24001	-0.253673	579.494	0
9540	1.908	1.5698	3.2273	-0.254246	593.437	0
9545	1.909	1.5698	3.21393	-0.25471	607.433	0
9550	1.91	1.5698	3.19991	-0.255064	621.396	0
9555	1.911	1.5698	3.18523	-0.255306	635.247	0
9560	1.912	1.5698	3.16988	-0.255434	648.896	0
9565	1.913	1.5698	3.15382	-0.255446	662.23	0
9570	1.914	1.5698	3.13704	-0.255337	675.119	0
9575	1.915	1.5698	3.11952	-0.255102	687.446	0
9580	1.916	1.5698	3.10118	-0.254735	699.103	0
9585	1.917	1.5698	3.08202	-0.254231	709.966	0
9590	1.918	1.5698	3.06198	-0.253582	719.983	0
9595	1.919	1.5698	3.04099	-0.252781	729.088	0
9600	1.92	1.5698	3.01902	-0.251819	737.217	0
9605	1.921	1.5698	2.99602	-0.250689	744.362	0
9610	1.922	1.5698	2.97194	-0.249384	750.487	0
9615	1.923	1.5698	2.94675	-0.247894	755.602	0
9620	1.924	1.5698	2.92038	-0.246214	759.707	0
9625	1.925	1.5698	2.89284	-0.244338	762.803	0
9630	1.926	1.5698	2.86409	-0.242259	764.935	0
9635	1.927	1.5698	2.83411	-0.239973	766.119	0
9640	1.928	1.5698	2.8029	-0.237478	766.383	0
9645	1.929	1.5698	2.77045	-0.234771	765.778	0
9650	1.93	1.5698	2.73677	-0.231852	764.34	0
9655	1.931	1.5698	2.70189	-0.22872	762.112	0
9660	1.932	1.5698	2.66584	-0.225377	759.156	0
9665	1.933	1.5698	2.62862	-0.221827	755.521	0
9670	1.934	1.5698	2.59028	-0.218073	751.255	0
9675	1.935	1.5698	2.5509	-0.214119	746.407	0
9680	1.936	1.5698	2.51048	-0.209973	741.058	0
9685	1.937	1.5698	2.46913	-0.205641	735.24	0
9690	1.938	1.5698	2.4269	-0.201131	729.028	0
9695	1.939	1.5698	2.38382	-0.19645	722.475	0
9700	1.94	1.5698	2.34	-0.19161	715.611	0
9705	1.941	1.5698	2.29552	-0.186618	708.515	0
9710	1.942	1.5698	2.25042	-0.181487	701.237	0
9715	1.943	1.5698	2.20483	-0.176226	693.813	3.08285
9720	1.944	1.5698	2.15878	-0.170846	686.319	16.5697
9725	1.945	1.5698	2.11244	-0.16536	678.765	29.6521
9730	1.946	1.5698	2.06588	-0.159783	671.248	42.2826
9735	1.947	1.5698	2.01926	-0.154131	663.81	54.3791
9740	1.948	1.5698	1.97261	-0.148418	656.522	65.906
9745	1.949	1.5698	1.92609	-0.142659	649.395	76.819
9750	1.95	1.5698	1.87979	-0.136868	642.495	87.0776
9755	1.951	1.5698	1.83378	-0.131058	635.869	96.6651
9760	1.952	1.5698	1.78814	-0.125241	629.52	105.561
9765	1.953	1.5698	1.74304	-0.11943	623.486	113.686
9770	1.954	1.5698	1.69849	-0.113643	617.835	121.099
9775	1.955	1.5698	1.65455	-0.107884	612.538	127.787
9780	1.956	1.61876	1.61131	-0.102163	607.616	133.757
9785	1.957	1.67461	1.6105	-0.0964886	603.087	139.005
9790	1.958	1.72923	1.6105	-0.0908688	598.937	143.56
9795	1.959	1.78259	1.6105	-0.0853106	595.172	147.431
9800	1.96	1.83462	1.6105	-0.0798202	591.817	150.641
9805	1.961	1.88529	1.6105	-0.0744029	588.827	153.255
9810	1.962	1.93464	1.6105	-0.0690595	586.189	155.323
9815	1.963	1.98267	1.6105	-0.0637871	583.856	156.904
9820	1.964	2.02945	1.6105	-0.0585825	581.803	158.071
9825	1.965	2.07503	1.6105	-0.0534428	579.963	158.878
9830	1.966	2.11946	1.6105	-0.0483648	578.319	159.353
9835	1.967	2.16276	1.6105	-0.0433454	576.838	159.566
9840	1.968	2.20501	1.6105	-0.0383814	575.476	159.548
9845	1.969	2.24624	1.6105	-0.0334693	574.184	159.34
9850	1.97	2.2865	1.6105	-0.0286059	572.95	158.974
9855	1.971	2.32583	1.6105	-0.0237878	571.765	158.48
9860	1.972	2.36427	1.6105	-0.0190119	570.577	157.899
9865	1.973	2.40188	1.6105	-0.014275	569.398	157.246
9870	1.974	2.43869	1.6105	-0.00957413	568.209	156.535
9875	1.975	2.47471	1.6105	-0.00490642	566.983	155.805
9880	1.976	2.51003	1.6105	-0.000269107	565.726	155.069
9885	1.977	2.54465	1.6105	0.00434045	564.417	154.335
9890	1.978	2.57861	1.6105	0.00892476	563.052	153.63
9895	1.979	2.61196	1.6105	0.0134862	561.618	152.945
9900	1.98	2.64469	1.6105	0.0180271	560.12	152.304
9905	1.981	2.67686	1.6105	0.0225494	558.552	151.708
9910	1.982	2.70847	1.6105	0.0270553	556.905	151.171
9915	1.983	2.73957	1.6105	0.0315465	555.17	150.699
9920	1.984	2.77018	1.6105	0.0360249	553.356	150.288
9925	1.985	2.80031	1.6105	0.0404921	551.455	149.949
9930	1.986	2.82999	1.6105	0.0449496	549.459	149.674
9935	1.987	2.85922	1.6105	0.0493988	547.386	149.481
9940	1.988	2.88804	1.6105	0.0538411	545.218	149.354
9945	1.989	2.91645	1.6105	0.0582776	542.957	149.304
9950	1.99	2.94448	1.6105	0.0627095	540.614	149.329
9955	1.991	2.97213	1.6105	0.0671378	538.188	149.425
9960	1.992	2.99943	1.6105	0.0715634	535.662	149.584
9965	1.993	3.02636	1.6105	0.0759872	533.067	149.819
9970	1.994	3.05296	1.6105	0.0804098	530.369	150.12
9975	1.995	3.07923	1.6105	0.084832	527.607	150.491
9980	1.996	3.10519	1.6105	0.0892544	524.752	150.918
9985	1.997	3.13083	1.6105	0.0936774	521.82	151.407
9990	1.998	3.15618	1.6105	0.0981016	518.815	151.945
9995	1.999	3.18121	1.6105	0.102527	515.738	152.546
10000	2	3.20596	1.6105	0.106955	512.58	153.184
10005	2.001	3.23041	1.6105	0.111385	509.359	153.881
10010	2.002	3.2546	1.6105	0.115817	506.067	154.612
10015	2.003	3.2785	1.6105	0.120252	502.713	155.389
10020	2.004	3.30213	1.6105	0.124689	499.302	156.204
10025	2.005	3.3255	1.6105	0.129129	495.828	157.05
10030	2.006	3.34859	1.6105	0.133572	492.288	157.915
10035	2.007	3.3714	1.6105	0.138017	488.699	158.818
10040	2.008	3.39397	1.6105	0.142465	485.049	159.747
10045	2.009	3.41627	1.6105	0.146916	481.354	160.685
10050	2.01	3.43831	1.6105	0.151369	477.613	161.648
10055	2.011	3.46008	1.6105	0.155824	473.823	162.624
10060	2.012	3.48161	1.6105	0.160281	469.995	163.608
10065	2.013	3.50286	1.6105	0.16474	466.122	164.607
10070	2.014	3.52387	1.6105	0.169201	462.206	165.607
10075	2.015	3.54461	1.6105	0.173662	458.261	166.597
10080	2.016	3.56507	1.6105	0.178125	454.276	167.6
10085	2.017	3.58529	1.6105	0.182588	450.262	168.604
10090	2.018	3.60526	1.6105	0.187051	446.219	169.596
10095	2.019	3.62495	1.6105	0.191514	442.145	170.576
10100	2.02	3.64436	1.6105	0.195976	438.045	171.553
10105	2.021	3.66353	1.6105	0.200436	433.914	172.522
10110	2.022	3.68243	1.6105	0.204896	429.777	173.463
10115	2.023	3.70105	1.6105	0.209353	425.61	174.398
10120	2.024	3.7194	1.6105	0.213807	421.43	175.308
10125	2.025	3.73748	1.6105	0.218259	417.234	176.207
10130	2.026	3.7553	1.6105	0.222707	413.022	177.076
10135	2.027	3.77282	1.6105	0.22715	408.803	177.924
10140	2.028	3.79007	1.6105	0.231589	404.563	178.744
10145	2.029	3.80704	1.6105	0.236023	400.329	179.544
10150	2.03	3.82374	1.6105	0.24045	396.077	180.308
10155	2.031	3.84014	1.6105	0.244872	391.822	181.047
10160	2.032	3.85626	1.6105	0.249286	387.568	181.75
10165	2.033	3.87208	1.6105	0.253692	383.315	182.429
10170	2.034	3.88762	1.6105	0.25809	379.053	183.067
10175	2.035	3.90286	1.6105	0.262479	374.803	183.676
10180	2.036	3.91781	1.6105	0.266859	370.547	184.246
10185	2.037	3.93246	1.6105	0.271228	366.296	184.781
10190	2.038	3.94681	1.6105	0.275586	362.054	185.264
10195	2.039	3.96083	1.6105	0.279933	357.824	185.722
10200	2.04	3.97457	1.6105	0.284267	353.595	186.149
10205	2.041	3.98802	1.6105	0.288589	349.385	186.526
10210	2.042	4.00114	1.6105	0.292897	345.183	186.856
10215	2.043	4.01394	1.6105	0.297191	340.988	187.153
10220	2.044	4.02643	1.6105	0.301469	336.82	187.409
10225	2.045	4.03862	1.6105	0.305732	332.664	187.613
10230	2.046	4.05047	1.6105	0.309979	328.522	187.781
10235	2.047	4.06201	1.6105	0.314209	324.4	187.91
10240	2.048	4.07324	1.6105	0.31842	320.304	187.979
10245	2.049	4.08412	1.6105	0.322614	316.227	188.014
10250	2.05	4.09469	1.6105	0.326788	312.175	188.016
10255	2.051	4.10495	1.6105	0.330942	308.148	187.958
10260	2.052	4.11486	1.6105	0.335076	304.146	187.862
10265	2.053	4.12445	1.6105	0.339188	300.177	187.703
10270	2.054	4.13368	1.6105	0.343278	296.233	187.513
10275	2.055	4.1426	1.6105	0.347346	292.324	187.281
10280	2.056	4.15119	1.6105	0.35139	288.443	186.999
10285	2.057	4.15944	1.6105	0.35541	284.601	186.667
10290	2.058	4.16734	1.6105	0.359405	280.788	186.294
10295	2.059	4.17491	1.6105	0.363375	277.013	185.868
10300	2.06	4.18213	1.6105	0.367318	273.28	185.406
10305	2.061	4.18903	1.6105	0.371234	269.585	184.886
10310	2.062	4.19556	1.6105	0.375123	265.925	184.337
10315	2.063	4.20178	1.6105	0.378983	262.312	183.727
10320	2.064	4.20763	1.6105	0.382814	258.745	183.081
10325	2.065	4.21315	1.6105	0.386616	255.219	182.378
10330	2.066	4.2183	1.6105	0.390387	251.735	181.639
10335	2.067	4.22313	1.6105	0.394127	248.302	180.849
10340	2.068	4.2276	1.6105	0.397836	244.912	180.03
10345	2.069	4.23174	1.6105	0.401512	241.581	161.159
10350	2.07	4.20662	1.6105	0.401599	258.323	142.617
10355	2.071	4.1798	1.6105	0.401438	274.988	125.656
10360	2.072	4.15336	1.6105	0.401292	290.137	110.199
10365	2.073	4.12739	1.6105	0.401165	303.871	96.1312
10370	2.074	4.10189	1.6105	0.401061	316.297	83.2875
10375	2.075	4.07679	1.6105	0.400972	327.615	70.968
10380	2.076	4.05112	1.6105	0.40078	338.571	59.7379
10385	2.077	4.02586	1.6105	0.400603	348.563	49.4908
10390	2.078	4.00098	1.6105	0.400439	357.684	40.2031
10395	2.079	3.97657	1.6105	0.400298	365.966	31.8371
10400	2.08	3.9527	1.6105	0.400192	373.402	24.4066
10405	2.081	3.9295	1.6105	0.400134	379.99	17.8685
10410	2.082	3.90701	1.6105	0.400135	385.744	12.2306
10415	2.083	3.88537	1.6105	0.400206	390.666	7.4338
10420	2.084	3.86456	1.6105	0.400355	394.762	3.46474
10425	2.085	3.84469	1.6105	0.400588	398.051	0.300439
10430	2.086	3.8258	1.6105	0.400914	400.552	0
10435	2.087	3.80791	1.6105	0.401337	402.296	0
10440	2.088	3.79102	1.6105	0.401861	403.297	0
10445	2.089	3.76692	1.6105	0.401473	409.336	0
10450	2.09	3.74412	1.6105	0.401209	414.212	0
10455	2.091	3.72224	1.6105	0.401029	418.215	0
10460	2.092	3.70162	1.6105	0.400976	421.169	0
10465	2.093	3.68225	1.6105	0.401046	423.163	0
10470	2.094	3.66407	1.6105	0.401241	424.245	0
10475	2.095	3.64716	1.6105	0.401564	424.449	0
10480	2.096	3.62689	1.6105	0.401452	427.005	0
10485	2.097	3.60757	1.6105	0.401428	428.788	0
10490	2.098	3.58868	1.6105	0.401431	430.194	0
10495	2.099	3.56999	1.6105	0.401432	431.388	0
10500	2.1	3.5515	1.6105	0.401432	432.381	0
10505	2.101	3.5332	1.6105	0.401432	433.162	0
10510	2.102	3.51511	1.6105	0.401432	433.742	0
10515	2.103	3.49722	1.6105	0.401432	434.11	0
10520	2.104	3.47952	1.6105	0.401432	434.278	0
10525	2.105	3.46203	1.6105	0.401432	434.236	0
10530	2.106	3.44472	1.6105	0.401432	433.984	0
10535	2.107	3.42761	1.6105	0.401432	433.516	0
10540	2.108	3.41068	1.6105	0.401432	432.827	0
10545	2.109	3.39397	1.6105	0.401432	431.908	0
10550	2.11	3.37742	1.6105	0.401432	430.758	0
10555	2.111	3.36105	1.6105	0.401432	429.354	0
10560	2.112	3.34486	1.6105	0.401432	427.686	0
10565	2.113	3.32885	1.6105	0.401431	425.744	0
10570	2.114	3.31302	1.6105	0.401431	423.527	0
10575	2.115	3.29736	1.6105	0.401431	420.991	0
10580	2.116	3.28188	1.6105	0.401431	418.088	0
10585	2.117	3.26657	1.6105	0.401431	414.769	0
10590	2.118	3.25143	1.6105	0.401431	410.973	5.60067
10595	2.119	3.23645	1.6105	0.401431	406.664	16.0831
10600	2.12	3.22164	1.6105	0.401431	401.788	28.6788
10605	2.121	3.20699	1.6105	0.40143	396.295	43.74
10610	2.122	3.19251	1.6105	0.40143	390.13	61.6398
10615	2.123	3.17819	1.6105	0.40143	383.237	82.7522
10620	2.124	3.16402	1.6105	0.40143	375.549	107.431
10625	2.125	3.15001	1.6105	0.401429	367.012	135.94
10630	2.126	3.13614	1.6105	0.401429	357.543	168.478
10635	2.127	3.12244	1.6105	0.401428	347.094	205.04
10640	2.128	3.10889	1.6105	0.401428	335.598	245.454
10645	2.129	3.09549	1.6105	0.401427	323.01	289.337
10650	2.13	3.08224	1.6105	0.401427	309.277	336.122
10655	2.131	3.06914	1.6105	0.401426	294.388	385.04
10660	2.132	3.05609	1.6105	0.401417	278.403	435.242
10665	2.133	3.04301	1.6105	0.401384	261.512	485.81
10670	2.134	3.02973	1.6105	0.401309	244.401	535.881
10675	2.135	3.01612	1.6105	0.401174	227.638	584.637
10680	2.136	3.00203	1.6105	0.400962	211.582	631.388
10685	2.137	2.9873	1.6105	0.400653	196.478	675.625
10690	2.138	2.97183	1.6105	0.400231	182.472	716.979
10695	2.139	2.95545	1.6105	0.399678	169.677	755.225
10700	2.14	2.93803	1.6105	0.398976	158.155	790.282
10705	2.141	2.9195	1.6105	0.398111	147.949	822.114
10710	2.142	2.89972	1.6105	0.397067	139.082	850.742
10715	2.143	2.87857	1.6105	0.395833	131.562	876.276
10720	2.144	2.85603	1.6105	0.394398	125.377	898.801
10725	2.145	2.832	1.6105	0.392753	120.519	918.469
10730	2.146	2.80646	1.6105	0.39089	116.952	935.41
10735	2.147	2.77936	1.6105	0.388805	114.645	949.759
10740	2.148	2.75067	1.6105	0.386493	113.559	961.677
10745	2.149	2.72038	1.6105	0.383951	113.646	971.294
10750	2.15	2.68848	1.6105	0.381177	114.858	978.78
10755	2.151	2.65501	1.6105	0.378172	117.148	984.242
10760	2.152	2.61992	1.6105	0.374934	120.446	987.834
10765	2.153	2.58328	1.6105	0.371467	124.71	990.795
10770	2.154	2.54686	1.6105	0.367988	128.66	991.942
10775	2.155	2.50873	1.6105	0.36426	133.676	991.576
10780	2.156	2.46919	1.6105	0.360323	139.487	989.863
10785	2.157	2.42837	1.6105	0.356191	145.968	986.927
10790	2.158	2.38633	1.6105	0.351867	153.077	982.827
10795	2.159	2.34308	1.6105	0.347357	160.754	977.663
10800	2.16	2.29866	1.6105	0.342666	168.946	971.547
10805	2.161	2.25318	1.6105	0.337803	177.59	964.561
10810	2.162	2.20668	1.6105	0.332774	186.631	956.781
10815	2.163	2.15923	1.6105	0.32759	196.006	948.299
10820	2.164	2.11091	1.6105	0.322258	205.65	939.189
10825	2.165	2.0618	1.6105	0.316789	215.517	929.511
10830	2.166	2.01197	1.6105	0.311192	225.559	919.339
10835	2.167	1.96148	1.6105	0.305475	235.725	908.729
10840	2.168	1.91043	1.6105	0.299647	245.971	897.737
10845	2.169	1.85887	1.6105	0.293717	256.273	886.412
10850	2.17	1.80688	1.6105	0.287694	266.58	874.783
10855	2.171	1.7545	1.6105	0.281585	276.875	862.916
10860	2.172	1.70183	1.63922	0.275398	287.124	850.846
10865	2.173	1.64894	1.6917	0.269142	297.296	838.586
10870	2.174	1.59585	1.74408	0.262823	307.37	826.179
10875	2.175	1.5698	1.79628	0.25645	317.334	813.657
10880	2.176	1.5698	1.84823	0.250029	327.161	801.048
10885	2.177	1.5698	1.89988	0.243567	336.831	788.359
10890	2.178	1.5698	1.95118	0.237071	346.323	775.625
10895	2.179	1.5698	2.00209	0.230546	355.631	762.855
10900	2.18	1.5698	2.05253	0.224	364.742	750.079
10905	2.181	1.5698	2.10248	0.217437	373.619	737.289
10910	2.182	1.5698	2.1519	0.210863	382.272	724.52
10915	2.183	1.5698	2.20072	0.204285	390.682	711.77
10920	2.184	1.5698	2.24894	0.197706	398.827	699.047
10925	2.185	1.5698	2.29648	0.191133	406.712	686.356
10930	2.186	1.5698	2.34335	0.184569	414.311	673.711
10935	2.187	1.5698	2.38949	0.178019	421.643	661.118
10940	2.188	1.5698	2.40888	0.171488	428.685	666.004
10945	2.189	1.5698	2.4047	0.168019	418.993	685.755
10950	2.19	1.5698	2.39064	0.167296	395.71	710.534
10955	2.191	1.5698	2.37746	0.167747	368.356	732.792
10960	2.192	1.5698	2.36559	0.168111	343.925	752.437
10965	2.193	1.5698	2.35542	0.168337	322.36	769.378
10970	2.194	1.5698	2.34727	0.168378	303.592	783.588
10975	2.195	1.5698	2.34141	0.168194	287.506	795.07
10980	2.196	1.5698	2.33801	0.167751	273.978	803.852
10985	2.197	1.5698	2.33728	0.167024	262.866	809.991
10990	2.198	1.5698	2.33925	0.165991	254.067	813.575
10995	2.199	1.5698	2.34406	0.164637	247.424	814.698
11000	2.2	1.5698	2.35169	0.16295	242.839	813.471
11005	2.201	1.5698	2.36211	0.160926	240.171	810.025
11010	2.202	1.5698	2.37532	0.158561	239.281	804.48
11015	2.203	1.5698	2.39121	0.155858	240.062	796.997
11020	2.204	1.5698	2.4097	0.152822	242.36	787.711
11025	2.205	1.5698	2.41624	0.14946	246.054	786.669
11030	2.206	1.5698	2.4156	0.147485	241.903	790.278
11035	2.207	1.5698	2.41394	0.146351	233.482	794.077
11040	2.208	1.5698	2.41498	0.145341	225.006	795.531
11045	2.209	1.5698	2.41892	0.144015	218.825	794.583
11050	2.21	1.5698	2.42578	0.142344	214.919	791.363
11055	2.211	1.5698	2.43296	0.140322	213.127	787.766
11060	2.212	1.5698	2.43962	0.138254	211.669	784.411
11065	2.213	1.5698	2.44576	0.136241	209.976	781.28
11070	2.214	1.5698	2.45181	0.13428	208.072	778.061
11075	2.215	1.5698	2.45819	0.132324	206.254	774.476
11080	2.216	1.5698	2.46509	0.130321	204.788	770.413
11085	2.217	1.5698	2.47248	0.12825	203.767	765.902
11090	2.218	1.5698	2.48024	0.126113	203.154	761.055
11095	2.219	1.5698	2.48827	0.123921	202.859	755.948
11100	2.22	1.5698	2.49654	0.121688	202.788	750.636
11105	2.221	1.5698	2.50503	0.119418	202.92	745.127
11110	2.222	1.5698	2.51376	0.117112	203.237	739.397
11115	2.223	1.5698	2.52274	0.114766	203.748	733.456
11120	2.224	1.5698	2.532	0.112379	204.454	727.297
11125	2.225	1.5698	2.54152	0.109949	205.361	720.935
11130	2.226	1.5698	2.55126	0.107477	206.449	714.399
11135	2.227	1.5698	2.56123	0.104965	207.695	707.676
11140	2.228	1.5698	2.57143	0.102413	209.101	700.793
11145	2.229	1.5698	2.58182	0.0998234	210.653	693.755
11150	2.23	1.5698	2.59243	0.0971953	212.328	686.564
11155	2.231	1.5698	2.60324	0.0945296	214.134	679.218
11160	2.232	1.5698	2.61423	0.091827	216.068	671.746
11165	2.233	1.5698	2.6254	0.0890878	218.11	664.136
11170	2.234	1.5698	2.63674	0.0863129	220.255	656.394
11175	2.235	1.5698	2.64824	0.0835028	222.49	648.539
11180	2.236	1.5698	2.65991	0.0806584	224.82	640.554
11185	2.237	1.5698	2.67172	0.0777804	227.239	632.464
11190	2.238	1.5698	2.68367	0.0748696	229.727	624.267
11195	2.239	1.5698	2.69574	0.0719266	232.284	615.965
11200	2.24	1.5698	2.70793	0.0689524	234.903	607.556
11205	2.241	1.5698	2.72025	0.0659475	237.58	599.057
11210	2.242	1.5698	2.73265	0.062913	240.318	590.461
11215	2.243	1.5698	2.74516	0.0598495	243.088	581.772
11220	2.244	1.5698	2.75775	0.056758	245.91	573.001
11225	2.245	1.5698	2.77043	0.0536392	248.757	564.155
11230	2.246	1.5698	2.78317	0.050494	251.648	555.214
11235	2.247	1.5698	2.79596	0.0473233	254.555	546.208
11240	2.248	1.5698	2.80882	0.0441279	257.483	537.119
11245	2.249	1.5698	2.82172	0.0409087	260.432	527.961
11250	2.25	1.5698	2.83464	0.0376667	263.394	518.735
11255	2.251	1.5698	2.84761	0.0344026	266.352	509.444
11260	2.252	1.5698	2.86058	0.0311175	269.333	500.081
11265	2.253	1.5698	2.87356	0.0278122	272.298	490.659
11270	2.254	1.5698	2.88656	0.0244876	275.264	481.189
11275	2.255	1.5698	2.89953	0.0211447	278.23	471.651
11280	2.256	1.5698	2.91251	0.0177844	281.172	462.059
11285	2.257	1.5698	2.92545	0.0144076	284.114	452.416
11290	2.258	1.5698	2.93837	0.0110153	287.025	442.721
11295	2.259	1.5698	2.95125	0.00760846	289.927	432.992
11300	2.26	1.5698	2.96409	0.00418794	292.799	423.203
11305	2.261	1.5698	2.97686	0.000754754	295.652	413.372
11310	2.262	1.5698	2.98958	-0.00269016	298.466	403.511
11315	2.263	1.5698	3.00221	-0.00614583	301.255	393.595
11320	2.264	1.5698	3.0148	-0.0096113	303.996	383.649
11325	2.265	1.5698	3.02729	-0.0130856	306.717	373.676
11330	2.266	1.5698	3.03968	-0.0165678	309.394	363.66
11335	2.267	1.5698	3.05199	-0.0200568	312.019	353.63
11340	2.268	1.5698	3.06417	-0.0235518	314.614	343.554
11345	2.269	1.5698	3.07625	-0.0270517	317.151	333.464
11350	2.27	1.5698	3.08823	-0.0305556	319.642	323.349
11355	2.271	1.5698	3.10006	-0.0340625	322.091	313.224
11360	2.272	1.5698	3.11176	-0.0375715	324.476	303.065
11365	2.273	1.5698	3.12334	-0.0410815	326.811	292.904
11370	2.274	1.5698	3.13476	-0.0445916	329.099	282.735
11375	2.275	1.5698	3.14603	-0.0481008	331.319	272.546
11380	2.276	1.5698	3.15715	-0.0516082	333.475	262.355
11385	2.277	1.5698	3.16809	-0.0551127	335.585	252.156
11390	2.278	1.5698	3.17889	-0.0586134	337.62	241.959
11395	2.279	1.5698	3.18948	-0.0621094	339.604	231.759
11400	2.28	1.5698	3.19991	-0.0655997	341.509	221.572
11405	2.281	1.5698	3.21015	-0.0690833	343.358	211.381
11410	2.282	1.5698	3.22021	-0.0725593	345.134	201.212
11415	2.283	1.5698	3.23006	-0.0760266	346.849	191.05
11420	2.284	1.5698	3.2397	-0.0794844	348.49	180.896
11425	2.285	1.5698	3.24913	-0.0829318	350.056	170.779
11430	2.286	1.5698	3.25836	-0.0863677	351.547	160.667
11435	2.287	1.5698	3.26738	-0.0897913	352.977	150.589
11440	2.288	1.5698	3.27617	-0.0932015	354.334	140.541
11445	2.289	1.5698	3.28472	-0.0965976	355.613	130.511
11450	2.29	1.5698	3.29306	-0.0999785	356.816	120.527
11455	2.291	1.5698	3.30117	-0.103343	357.946	110.578
11460	2.292	1.5698	3.30902	-0.106691	359.01	100.667
11465	2.293	1.5698	3.31664	-0.110021	359.984	90.7951
11470	2.294	1.5698	3.32402	-0.113332	360.888	80.9767
11475	2.295	1.5698	3.33113	-0.116624	361.722	71.2152
11480	2.296	1.5698	3.33799	-0.119895	362.465	61.4977
11485	2.297	1.5698	3.34459	-0.123145	363.14	51.8352
11490	2.298	1.5698	3.35096	-0.126372	363.731	42.2356
11495	2.299	1.5698	3.35705	-0.129576	364.261	32.7047
11500	2.3	1.5698	3.36286	-0.132757	364.703	23.2348
11505	2.301	1.5698	3.3684	-0.135912	365.066	13.8389
11510	2.302	1.5698	3.37368	-0.139042	365.348	4.51423
11515	2.303	1.5698	3.37868	-0.142145	365.561	0
11520	2.304	1.5698	3.3834	-0.145221	365.692	0
11525	2.305	1.5698	3.38787	-0.14827	365.744	0
11530	2.306	1.5698	3.39208	-0.151292	365.738	0
11535	2.307	1.5698	3.39601	-0.154288	365.67	0
11540	2.308	1.5698	3.39969	-0.157256	365.525	0
11545	2.309	1.5698	3.40312	-0.160196	365.384	0
11550	2.31	1.5698	3.40628	-0.163108	365.295	0
11555	2.311	1.5698	3.40917	-0.165992	365.294	0
11560	2.312	1.5698	3.41184	-0.168848	365.392	0
11565	2.313	1.5698	3.41425	-0.171676	365.63	0
11570	2.314	1.5698	3.41645	-0.174477	366	0
11575	2.315	1.5698	3.41838	-0.177249	366.52	0
11580	2.316	1.5698	3.42007	-0.179994	367.171	0
11585	2.317	1.5698	3.42153	-0.182711	367.966	0
11590	2.318	1.5698	3.42276	-0.185399	368.919	0
11595	2.319	1.5698	3.42376	-0.188059	370.037	0
11600	2.32	1.5698	3.42454	-0.190691	371.335	0
11605	2.321	1.5698	3.4251	-0.193295	372.825	0
11610	2.322	1.5698	3.42541	-0.19587	374.527	0
11615	2.323	1.5698	3.42551	-0.198416	376.441	0
11620	2.324	1.5698	3.42536	-0.200933	378.609	0
11625	2.325	1.5698	3.42495	-0.203416	381.029	0
11630	2.326	1.5698	3.42429	-0.205866	383.726	0
11635	2.327	1.5698	3.42332	-0.208279	386.72	0
11640	2.328	1.5698	3.42208	-0.210654	390.013	0
11645	2.329	1.5698	3.42052	-0.212987	393.659	0
11650	2.33	1.5698	3.41863	-0.215277	397.665	0
11655	2.331	1.5698	3.41641	-0.217521	402.057	0
11660	2.332	1.5698	3.41384	-0.219716	406.863	0
11665	2.333	1.5698	3.41088	-0.221859	412.128	0
11670	2.334	1.5698	3.40755	-0.223947	417.85	0
11675	2.335	1.5698	3.40384	-0.22598	424.087	0
11680	2.336	1.5698	3.39976	-0.227955	430.863	0
11685	2.337	1.5698	3.39526	-0.229872	438.214	0
11690	2.338	1.5698	3.39031	-0.231726	446.14	0
11695	2.339	1.5698	3.38493	-0.233514	454.64	0
11700	2.34	1.5698	3.37905	-0.235232	463.74	0
11705	2.341	1.5698	3.37269	-0.236875	473.414	0
11710	2.342	1.5698	3.36579	-0.238441	483.676	0
11715	2.343	1.5698	3.35836	-0.239923	494.489	0
11720	2.344	1.5698	3.35034	-0.24132	505.848	0
11725	2.345	1.5698	3.34177	-0.242627	517.697	0
11730	2.346	1.5698	3.33259	-0.243841	530.031	0
11735	2.347	1.5698	3.32279	-0.244959	542.771	0
11740	2.348	1.5698	3.3124	-0.245978	555.865	0
11745	2.349	1.5698	3.30136	-0.246896	569.279	0
11750	2.35	1.5698	3.28969	-0.247711	582.911	0
11755	2.351	1.5698	3.27734	-0.248418	596.699	0
11760	2.352	1.5698	3.26438	-0.249018	610.545	0
11765	2.353	1.5698	3.25072	-0.249507	624.41	0
11770	2.354	1.5698	3.23642	-0.249883	638.157	0
11775	2.355	1.5698	3.22143	-0.250145	651.742	0
11780	2.356	1.5698	3.20576	-0.250292	665.045	0
11785	2.357	1.5698	3.18936	-0.25032	677.948	0
11790	2.358	1.5698	3.17221	-0.250223	690.32	0
11795	2.359	1.5698	3.1543	-0.249997	702.048	0
11800	2.36	1.5698	3.13553	-0.249635	713.046	0
11805	2.361	1.5698	3.1159	-0.24913	723.195	0
11810	2.362	1.5698	3.09534	-0.248476	732.457	0
11815	2.363	1.5698	3.07382	-0.247664	740.765	0
11820	2.364	1.5698	3.05128	-0.246686	748.099	0
11825	2.365	1.5698	3.02764	-0.245535	754.428	0
11830	2.366	1.5698	3.00294	-0.244202	759.737	0
11835	2.367	1.5698	2.97707	-0.242681	764.061	0
11840	2.368	1.5698	2.95003	-0.240966	767.383	0
11845	2.369	1.5698	2.92177	-0.23905	769.725	0
11850	2.37	1.5698	2.89231	-0.236929	771.112	0
11855	2.371	1.5698	2.8616	-0.2346	771.593	0
11860	2.372	1.5698	2.82966	-0.23206	771.179	0
11865	2.373	1.5698	2.79649	-0.229308	769.935	0
11870	2.374	1.5698	2.76214	-0.226345	767.892	0
11875	2.375	1.5698	2.72659	-0.223171	765.125	0
11880	2.376	1.5698	2.68988	-0.219789	761.652	0
11885	2.377	1.5698	2.65203	-0.216202	757.545	0
11890	2.378	1.5698	2.61315	-0.212417	752.845	0
11895	2.379	1.5698	2.57323	-0.208437	747.636	0
11900	2.38	1.5698	2.53235	-0.20427	741.954	0
11905	2.381	1.5698	2.49055	-0.199924	735.856	0
11910	2.382	1.5698	2.44794	-0.195407	729.386	0
11915	2.383	1.5698	2.40458	-0.190727	722.632	0
11920	2.384	1.5698	2.3605	-0.185896	715.631	0
11925	2.385	1.5698	2.31584	-0.180922	708.42	0
11930	2.386	1.5698	2.27062	-0.175816	701.076	0
11935	2.387	1.5698	2.22497	-0.17059	693.62	5.48933
11940	2.388	1.5698	2.17897	-0.165255	686.123	18.557
11945	2.389	1.5698	2.13274	-0.159823	678.626	31.2005
11950	2.39	1.5698	2.08636	-0.15431	671.2	43.3441
11955	2.391	1.5698	2.03997	-0.148732	663.878	54.9494
11960	2.392	1.5698	1.99363	-0.143101	656.729	65.964
11965	2.393	1.5698	1.94749	-0.137434	649.772	76.3507
11970	2.394	1.5698	1.90159	-0.131743	643.078	86.082
11975	2.395	1.5698	1.85608	-0.12604	636.648	95.128
11980	2.396	1.5698	1.81105	-0.120338	630.544	103.429
11985	2.397	1.5698	1.76655	-0.114656	624.795	111.023
11990	2.398	1.5698	1.72265	-0.108998	619.403	117.894
11995	2.399	1.5698	1.67939	-0.103376	614.384	124.039
12000	2.4	1.58916	1.63688	-0.0977958	609.732	129.49
12005	2.401	1.64382	1.6105	-0.0922676	605.489	134.233
12010	2.402	1.69722	1.6105	-0.0867982	601.619	138.3
12015	2.403	1.74934	1.6105	-0.081394	598.142	141.702
12020	2.404	1.80012	1.6105	-0.0760608	595.062	144.496
12025	2.405	1.84958	1.6105	-0.0707988	592.324	146.753
12030	2.406	1.89778	1.6105	-0.0656053	589.91	148.527
12035	2.407	1.94474	1.6105	-0.0604775	587.764	149.878
12040	2.408	1.99052	1.6105	-0.0554123	585.839	150.86
12045	2.409	2.03517	1.6105	-0.0504068	584.127	151.516
12050	2.41	2.07871	1.6105	-0.0454579	582.582	151.908
12055	2.411	2.12123	1.6105	-0.0405623	581.161	152.054
12060	2.412	2.16272	1.6105	-0.0357169	579.847	152.013
12065	2.413	2.20327	1.6105	-0.0309183	578.591	151.81
12070	2.414	2.24291	1.6105	-0.0261633	577.373	151.479
12075	2.415	2.28168	1.6105	-0.0214487	576.172	151.054
12080	2.416	2.31962	1.6105	-0.0167715	574.976	150.55
12085	2.417	2.35678	1.6105	-0.0121287	573.754	149.999
12090	2.418	2.39318	1.6105	-0.0075175	572.508	149.418
12095	2.419	2.42887	1.6105	-0.00293512	571.22	148.827
12100	2.42	2.46389	1.6105	0.00162102	569.884	148.23
12105	2.421	2.49824	1.6105	0.0061534	568.498	147.651
12110	2.422	2.53198	1.6105	0.0106644	567.038	147.112
12115	2.423	2.56515	1.6105	0.0151562	565.508	146.602
12120	2.424	2.59775	1.6105	0.0196309	563.914	146.135
12125	2.425	2.62981	1.6105	0.0240905	562.234	145.73
12130	2.426	2.66137	1.6105	0.0285369	560.474	145.375
12135	2.427	2.69242	1.6105	0.0329718	558.619	145.088
12140	2.428	2.72303	1.6105	0.0373969	556.691	144.872
12145	2.429	2.75319	1.6105	0.0418136	554.665	144.712
12150	2.43	2.7829	1.6105	0.0462233	552.557	144.635
12155	2.431	2.81222	1.6105	0.0506274	550.36	144.621
12160	2.432	2.84113	1.6105	0.055027	548.078	144.686
12165	2.433	2.86967	1.6105	0.0594233	545.704	144.825
12170	2.434	2.89785	1.6105	0.0638172	543.233	145.021
12175	2.435	2.92566	1.6105	0.0682098	540.691	145.3
12180	2.436	2.95314	1.6105	0.0726018	538.049	145.64
12185	2.437	2.98028	1.6105	0.0769939	535.334	146.046
12190	2.438	3.00711	1.6105	0.0813869	532.527	146.517
12195	2.439	3.03362	1.6105	0.0857813	529.643	147.051
12200	2.44	3.05982	1.6105	0.0901776	526.679	147.64
12205	2.441	3.08573	1.6105	0.0945764	523.644	148.283
12210	2.442	3.11134	1.6105	0.098978	520.533	148.974
12215	2.443	3.13667	1.6105	0.103383	517.345	149.721
12220	2.444	3.16172	1.6105	0.107791	514.091	150.515
12225	2.445	3.1865	1.6105	0.112203	510.765	151.35
12230	2.446	3.211	1.6105	0.116618	507.377	152.217
12235	2.447	3.23523	1.6105	0.121038	503.927	153.126
12240	2.448	3.2592	1.6105	0.125461	500.403	154.075
12245	2.449	3.28292	1.6105	0.129889	496.835	155.044
12250	2.45	3.30637	1.6105	0.13432	493.21	156.048
12255	2.451	3.32957	1.6105	0.138756	489.526	157.06
12260	2.452	3.35249	1.6105	0.143195	485.792	158.11
12265	2.453	3.37519	1.6105	0.147638	482.007	159.166
12270	2.454	3.39761	1.6105	0.152084	478.18	160.232
12275	2.455	3.41977	1.6105	0.156534	474.306	161.321
12280	2.456	3.4417	1.6105	0.160987	470.394	162.406
12285	2.457	3.46336	1.6105	0.165443	466.441	163.503
12290	2.458	3.48477	1.6105	0.169901	462.442	164.606
12295	2.459	3.50593	1.6105	0.174361	458.41	165.702
12300	2.46	3.52682	1.6105	0.178823	454.351	166.795
12305	2.461	3.54746	1.6105	0.183287	450.257	167.88
12310	2.462	3.56783	1.6105	0.187751	446.139	168.971
12315	2.463	3.58797	1.6105	0.192216	441.985	170.044
12320	2.464	3.60783	1.6105	0.196682	437.81	171.097
12325	2.465	3.62742	1.6105	0.201147	433.615	172.145
12330	2.466	3.64676	1.6105	0.205612	429.389	173.175
12335	2.467	3.66583	1.6105	0.210075	425.158	174.177
12340	2.468	3.68461	1.6105	0.214536	420.901	175.176
12345	2.469	3.70315	1.6105	0.218996	416.629	176.15
12350	2.47	3.72142	1.6105	0.223452	412.342	177.095
12355	2.471	3.7394	1.6105	0.227905	408.05	178.014
12360	2.472	3.75711	1.6105	0.232355	403.74	178.901
12365	2.473	3.77452	1.6105	0.236799	399.43	179.767
12370	2.474	3.79167	1.6105	0.241239	395.105	180.599
12375	2.475	3.80853	1.6105	0.245673	390.779	181.412
12380	2.476	3.82512	1.6105	0.250101	386.455	182.178
12385	2.477	3.8414	1.6105	0.254521	382.119	182.926
12390	2.478	3.85742	1.6105	0.258935	377.792	183.627
12395	2.479	3.87312	1.6105	0.26334	373.458	184.293
12400	2.48	3.88853	1.6105	0.267736	369.133	184.918
12405	2.481	3.90363	1.6105	0.272122	364.812	185.513
12410	2.482	3.91845	1.6105	0.276499	360.49	186.069
12415	2.483	3.93296	1.6105	0.280865	356.186	186.592
12420	2.484	3.94718	1.6105	0.285219	351.877	187.067
12425	2.485	3.96108	1.6105	0.289561	347.586	187.501
12430	2.486	3.97467	1.6105	0.29389	343.307	186.197
12435	2.487	3.98523	1.6105	0.297891	340.773	183.416
12440	2.488	3.99298	1.6105	0.301583	339.762	179.884
12445	2.489	3.99895	1.6105	0.305082	339.526	176.464
12450	2.49	4.00444	1.6105	0.308534	339.224	173.296
12455	2.491	4.0097	1.6105	0.311971	338.69	170.384
12460	2.492	4.01477	1.6105	0.315393	337.931	167.681
12465	2.493	4.01962	1.6105	0.3188	336.972	165.196
12470	2.494	4.0243	1.6105	0.322194	335.84	162.897
12475	2.495	4.02877	1.6105	0.325574	334.538	160.771
12480	2.496	4.03306	1.6105	0.32894	333.09	158.802
12485	2.497	4.03716	1.6105	0.332292	331.5	156.989
12490	2.498	4.04109	1.6105	0.335631	329.785	155.308
12495	2.499	4.04483	1.6105	0.338957	327.962	153.759
12500	2.5	4.04841	1.6105	0.342268	326.028	152.308
12505	2.501	4.0518	1.6105	0.345566	324.002	150.959
12510	2.502	4.055	1.6105	0.348849	321.894	149.701
12515	2.503	4.05803	1.6105	0.352118	319.709	148.528
12520	2.504	4.06089	1.6105	0.355372	317.45	147.435
12525	2.505	4.06359	1.6105	0.35861	315.133	146.386
12530	2.506	4.06607	1.6105	0.361833	312.764	145.404
12535	2.507	4.06838	1.6105	0.36504	310.341	144.472
12540	2.508	4.07052	1.6105	0.368231	307.875	143.584
12545	2.509	4.07247	1.6105	0.371404	305.375	142.725
12550	2.51	4.07422	1.6105	0.374559	302.846	141.906
12555	2.511	4.07581	1.6105	0.377697	300.29	141.107
12560	2.512	4.07719	1.6105	0.380815	297.718	140.33
12565	2.513	4.07839	1.6105	0.383914	295.125	139.557
12570	2.514	4.07937	1.6105	0.386993	292.526	138.804
12575	2.515	4.08018	1.6105	0.390052	289.918	138.052
12580	2.516	4.08077	1.6105	0.393089	287.309	137.305
12585	2.517	4.08117	1.6105	0.396105	284.698	136.548
12590	2.518	4.08135	1.6105	0.399098	282.102	135.793
12595	2.519	4.08134	1.6105	0.402069	279.506	117.731
12600	2.52	4.05332	1.6105	0.401589	296.246	101.19
12605	2.521	4.02568	1.6105	0.40112	311.516	86.0952
12610	2.522	3.9985	1.6105	0.400669	325.395	72.4189
12615	2.523	3.9719	1.6105	0.400253	337.914	60.0778
12620	2.524	3.94595	1.6105	0.399882	349.141	48.5804
12625	2.525	3.92003	1.6105	0.39948	359.637	38.343
12630	2.526	3.89491	1.6105	0.399141	368.938	29.2879
12635	2.527	3.87062	1.6105	0.398872	377.099	21.3635
12640	2.528	3.84724	1.6105	0.398683	384.179	14.5544
12645	2.529	3.82487	1.6105	0.398585	390.195	8.8313
12650	2.53	3.8036	1.6105	0.398592	395.159	4.13244
12655	2.531	3.78345	1.6105	0.398712	399.091	0.472662
12660	2.532	3.76456	1.6105	0.398954	402.026	0
12665	2.533	3.7469	1.6105	0.399326	403.977	0
12670	2.534	3.73054	1.6105	0.399831	404.995	0
12675	2.535	3.71549	1.6105	0.400475	405.098	0
12680	2.536	3.70173	1.6105	0.401259	404.329	0
12685	2.537	3.68926	1.6105	0.402184	402.728	0
12690	2.538	3.66396	1.6105	0.401504	410.21	0
12695	2.539	3.64019	1.6105	0.400978	416.195	0
12700	2.54	3.61796	1.6105	0.400614	420.745	0
12705	2.541	3.59706	1.6105	0.400382	424.107	0
12710	2.542	3.57769	1.6105	0.400312	426.209	0
12715	2.543	3.55984	1.6105	0.400403	427.126	0
12720	2.544	3.54349	1.6105	0.400656	426.92	0
12725	2.545	3.52866	1.6105	0.401073	425.654	0
12730	2.546	3.51531	1.6105	0.401653	423.395	0
12735	2.547	3.49593	1.6105	0.401466	425.434	0
12740	2.548	3.47793	1.6105	0.401426	426.305	0
12745	2.549	3.46049	1.6105	0.401431	426.642	0
12750	2.55	3.44323	1.6105	0.401433	426.736	0
12755	2.551	3.42614	1.6105	0.401433	426.581	0
12760	2.552	3.40923	1.6105	0.401433	426.16	0
12765	2.553	3.39252	1.6105	0.401433	425.462	0
12770	2.554	3.37599	1.6105	0.401432	424.484	0
12775	2.555	3.35963	1.6105	0.401432	423.218	0
12780	2.556	3.34347	1.6105	0.401432	421.654	0
12785	2.557	3.32748	1.6105	0.401432	419.786	0
12790	2.558	3.31167	1.6105	0.401432	417.587	0
12795	2.559	3.29603	1.6105	0.401432	415.022	0
12800	2.56	3.28056	1.6105	0.401432	412.028	0
12805	2.561	3.26527	1.6105	0.401432	408.558	5.52141
12810	2.562	3.25014	1.6105	0.401431	404.565	15.328
12815	2.563	3.23518	1.6105	0.401431	400.003	27.1785
12820	2.564	3.22039	1.6105	0.401431	394.827	41.4157
12825	2.565	3.20576	1.6105	0.401431	388.972	58.4051
12830	2.566	3.1913	1.6105	0.40143	382.396	78.5272
12835	2.567	3.17699	1.6105	0.40143	375.031	102.138
12840	2.568	3.16284	1.6105	0.40143	366.814	129.545
12845	2.569	3.14885	1.6105	0.401429	357.683	160.939
12850	2.57	3.13501	1.6105	0.401429	347.571	196.384
12855	2.571	3.12132	1.6105	0.401428	336.427	235.751
12860	2.572	3.10779	1.6105	0.401428	324.183	278.693
12865	2.573	3.09438	1.6105	0.401427	310.814	324.72
12870	2.574	3.08115	1.6105	0.401427	296.276	373.134
12875	2.575	3.06806	1.6105	0.401426	280.588	423.097
12880	2.576	3.05503	1.6105	0.401415	263.852	473.782
12885	2.577	3.04203	1.6105	0.401391	246.586	524.239
12890	2.578	3.02883	1.6105	0.401324	229.499	573.612
12895	2.579	3.01525	1.6105	0.401192	213.022	621.162
12900	2.58	3.00113	1.6105	0.400976	197.421	666.329
12905	2.581	2.98633	1.6105	0.400655	182.883	708.697
12910	2.582	2.97069	1.6105	0.40021	169.528	747.991
12915	2.583	2.95405	1.6105	0.399624	157.446	784.095
12920	2.584	2.9363	1.6105	0.398877	146.687	816.944
12925	2.585	2.9173	1.6105	0.397954	137.286	846.578
12930	2.586	2.89698	1.6105	0.39684	129.266	873.03
12935	2.587	2.87519	1.6105	0.395522	122.625	896.415
12940	2.588	2.85189	1.6105	0.393988	117.358	916.843
12945	2.589	2.82698	1.6105	0.392231	113.447	934.471
12950	2.59	2.80046	1.6105	0.390243	110.853	949.434
12955	2.591	2.77229	1.6105	0.388019	109.545	961.875
12960	2.592	2.74243	1.6105	0.385555	109.465	971.944
12965	2.593	2.71089	1.6105	0.382849	110.582	979.791
12970	2.594	2.67767	1.6105	0.379901	112.815	985.543
12975	2.595	2.64275	1.6105	0.376709	116.134	989.355
12980	2.596	2.60619	1.6105	0.373277	120.465	992.178
12985	2.597	2.5693	1.6105	0.369767	124.833	993.269
12990	2.598	2.53081	1.6105	0.366022	130.157	992.832
12995	2.599	2.49089	1.6105	0.362059	136.29	990.979
13000	2.6	2.44956	1.6105	0.357888	143.138	987.849
13005	2.601	2.40693	1.6105	0.353515	150.638	983.512
13010	2.602	2.36299	1.6105	0.348945	158.744	978.1
13015	2.603	2.31785	1.6105	0.344184	167.386	971.683
13020	2.604	2.27153	1.6105	0.33924	176.498	964.358
13025	2.605	2.22412	1.6105	0.334122	186.024	956.214
13030	2.606	2.17569	1.6105	0.328838	195.896	947.351
13035	2.607	2.12635	1.6105	0.3234	206.052	937.832
13040	2.608	2.07614	1.6105	0.317816	216.442	927.742
13045	2.609	2.02517	1.6105	0.312096	227.01	917.133
13050	2.61	1.97348	1.6105	0.306251	237.702	906.088
13055	2.611	1.9212	1.6105	0.300289	248.479	894.64
13060	2.612	1.86836	1.6105	0.29422	259.293	882.862
13065	2.613	1.81507	1.6105	0.288053	270.115	870.784
13070	2.614	1.76137	1.6105	0.281797	280.915	858.467
13075	2.615	1.70736	1.63415	0.275461	291.648	845.935
13080	2.616	1.65309	1.68804	0.269052	302.3	833.236
13085	2.617	1.59864	1.74181	0.26258	312.835	820.405
13090	2.618	1.5698	1.79537	0.256053	323.234	807.453
13095	2.619	1.5698	1.84869	0.249477	333.478	794.425
13100	2.62	1.5698	1.90167	0.242861	343.553	781.338
13105	2.621	1.5698	1.95428	0.236211	353.428	768.224
13110	2.622	1.5698	2.00645	0.229535	363.094	755.089
13115	2.623	1.5698	2.05812	0.222839	372.534	741.957
13120	2.624	1.5698	2.10924	0.216129	381.725	728.845
13125	2.625	1.5698	2.1598	0.209411	390.652	715.761
13130	2.626	1.5698	2.20972	0.202691	399.321	702.718
13135	2.627	1.5698	2.25897	0.195975	407.702	689.713
13140	2.628	1.5698	2.27908	0.189268	415.788	695.565
13145	2.629	1.5698	2.27439	0.185881	405.609	716.859
13150	2.63	1.5698	2.25979	0.185371	381.121	743.016
13155	2.631	1.5698	2.24619	0.186035	352.665	766.505
13160	2.632	1.5698	2.23405	0.186598	327.316	787.223
13165	2.633	1.5698	2.22378	0.187008	305.022	805.077
13170	2.634	1.5698	2.21572	0.187212	285.706	820.029
13175	2.635	1.5698	2.21013	0.18717	269.246	832.111
13180	2.636	1.5698	2.20723	0.186849	255.497	841.355
13185	2.637	1.5698	2.20716	0.18622	244.332	847.819
13190	2.638	1.5698	2.21005	0.185262	235.6	851.587
13195	2.639	1.5698	2.21594	0.183959	229.183	852.791
13200	2.64	1.5698	2.22486	0.1823	224.925	851.544
13205	2.641	1.5698	2.23681	0.18028	222.696	847.959
13210	2.642	1.5698	2.2517	0.177896	222.367	842.214
13215	2.643	1.5698	2.26949	0.175151	223.783	834.43
13220	2.644	1.5698	2.29003	0.17205	226.812	824.78
13225	2.645	1.5698	2.29795	0.168602	231.307	823.737
13230	2.646	1.5698	2.29816	0.166611	227.479	827.632
13235	2.647	1.5698	2.29715	0.165519	219.041	831.849
13240	2.648	1.5698	2.2989	0.164573	210.434	833.65
13245	2.649	1.5698	2.30375	0.163301	204.197	832.942
13250	2.65	1.5698	2.31173	0.161663	200.371	829.852
13255	2.651	1.5698	2.32005	0.159653	198.8	826.342
13260	2.652	1.5698	2.32786	0.157589	197.575	823.079
13265	2.653	1.5698	2.33512	0.155579	196.123	820.039
13270	2.654	1.5698	2.3423	0.153624	194.436	816.923
13275	2.655	1.5698	2.34979	0.151671	192.836	813.434
13280	2.656	1.5698	2.35784	0.14967	191.571	809.449
13285	2.657	1.5698	2.36641	0.147597	190.787	804.996
13290	2.658	1.5698	2.37539	0.145451	190.414	800.198
13295	2.659	1.5698	2.38466	0.143248	190.38	795.126
13300	2.66	1.5698	2.39416	0.140999	190.582	789.84
13305	2.661	1.5698	2.40392	0.138711	190.979	784.341
13310	2.662	1.5698	2.41392	0.136382	191.574	778.62
13315	2.663	1.5698	2.42422	0.134011	192.361	772.672
13320	2.664	1.5698	2.43479	0.131595	193.361	766.51
13325	2.665	1.5698	2.44564	0.129132	194.55	760.134
13330	2.666	1.5698	2.45674	0.126624	195.931	753.564
13335	2.667	1.5698	2.46808	0.124072	197.481	746.807
13340	2.668	1.5698	2.47966	0.121477	199.183	739.884
13345	2.669	1.5698	2.49147	0.11884	201.039	732.798
13350	2.67	1.5698	2.50349	0.116162	203.033	725.561
13355	2.671	1.5698	2.51572	0.113443	205.154	718.157
13360	2.672	1.5698	2.52817	0.110683	207.392	710.621
13365	2.673	1.5698	2.5408	0.107883	209.758	702.937
13370	2.674	1.5698	2.55361	0.105045	212.219	695.124
13375	2.675	1.5698	2.56662	0.102167	214.777	687.177
13380	2.676	1.5698	2.57979	0.0992524	217.441	679.107
13385	2.677	1.5698	2.59311	0.0963005	220.181	670.916
13390	2.678	1.5698	2.60659	0.0933125	222.998	662.615
13395	2.679	1.5698	2.62019	0.0902891	225.884	654.195
13400	2.68	1.5698	2.63394	0.0872311	228.831	645.68
13405	2.681	1.5698	2.64782	0.0841393	231.844	637.062
13410	2.682	1.5698	2.6618	0.0810145	234.908	628.336
13415	2.683	1.5698	2.67589	0.0778577	238.021	619.513
13420	2.684	1.5698	2.69009	0.0746696	241.172	610.604
13425	2.685	1.5698	2.70437	0.0714511	244.369	601.602
13430	2.686	1.5698	2.71871	0.0682031	247.59	592.514
13435	2.687	1.5698	2.73313	0.0649265	250.831	583.344
13440	2.688	1.5698	2.74762	0.0616221	254.103	574.095
13445	2.689	1.5698	2.76214	0.058291	257.394	564.772
13450	2.69	1.5698	2.77672	0.0549339	260.683	555.365
13455	2.691	1.5698	2.79134	0.0515519	263.991	545.886
13460	2.692	1.5698	2.80598	0.0481458	267.307	536.342
13465	2.693	1.5698	2.82062	0.0447166	270.619	526.72
13470	2.694	1.5698	2.83529	0.0412652	273.924	517.039
13475	2.695	1.5698	2.84994	0.0377927	277.23	507.288
13480	2.696	1.5698	2.86459	0.0342999	280.51	497.487
13485	2.697	1.5698	2.87921	0.0307878	283.786	487.621
13490	2.698	1.5698	2.89383	0.0272575	287.037	477.691
13495	2.699	1.5698	2.9084	0.0237098	290.282	467.717
13500	2.7	1.5698	2.92292	0.0201458	293.491	457.688
13505	2.701	1.5698	2.93739	0.0165664	296.666	447.6
13510	2.702	1.5698	2.9518	0.0129727	299.815	437.475
13515	2.703	1.5698	2.96615	0.00936565	302.935	427.302
13520	2.704	1.5698	2.98043	0.0057462	306.019	417.079
13525	2.705	1.5698	2.99461	0.0021154	309.062	406.81
13530	2.706	1.5698	3.00871	-0.00152577	312.061	396.516
13535	2.707	1.5698	3.02272	-0.00517628	315.021	386.171
13540	2.708	1.5698	3.0366	-0.00883514	317.937	375.798
13545	2.709	1.5698	3.05039	-0.0125013	320.79	365.394
13550	2.71	1.5698	3.06405	-0.0161738	323.609	354.963
13555	2.711	1.5698	3.07758	-0.0198517	326.368	344.49
13560	2.712	1.5698	3.09097	-0.0235338	329.076	333.997
13565	2.713	1.5698	3.10424	-0.0272192	331.718	323.489
13570	2.714	1.5698	3.11735	-0.0309068	334.316	312.956
13575	2.715	1.5698	3.13031	-0.0345958	336.842	302.401
13580	2.716	1.5698	3.14309	-0.0382849	339.313	291.83
13585	2.717	1.5698	3.15571	-0.0419733	341.713	281.252
13590	2.718	1.5698	3.16816	-0.0456599	344.05	270.665
13595	2.719	1.5698	3.18043	-0.0493437	346.322	260.063
13600	2.72	1.5698	3.19252	-0.0530238	348.529	249.462
13605	2.721	1.5698	3.2044	-0.056699	350.662	238.854
13610	2.722	1.5698	3.21609	-0.0603684	352.724	228.244
13615	2.723	1.5698	3.22758	-0.064031	354.712	217.648
13620	2.724	1.5698	3.23886	-0.0676858	356.635	207.058
13625	2.725	1.5698	3.24991	-0.0713318	358.478	196.47
13630	2.726	1.5698	3.26076	-0.074968	360.239	185.897
13635	2.727	1.5698	3.27138	-0.0785934	361.942	175.345
13640	2.728	1.5698	3.28175	-0.0822071	363.561	164.803
13645	2.729	1.5698	3.2919	-0.085808	365.084	154.288
13650	2.73	1.5698	3.30181	-0.0893952	366.549	143.805
13655	2.731	1.5698	3.31148	-0.0929677	367.929	133.345
13660	2.732	1.5698	3.32088	-0.0965246	369.232	122.908
13665	2.733	1.5698	3.33005	-0.100065	370.446	112.516
13670	2.734	1.5698	3.33895	-0.103588	371.592	102.16
13675	2.735	1.5698	3.34759	-0.107092	372.645	91.8516
13680	2.736	1.5698	3.35596	-0.110577	373.624	81.5791
13685	2.737	1.5698	3.36406	-0.114041	374.518	71.3531
13690	2.738	1.5698	3.37189	-0.117485	375.324	61.1868
13695	2.739	1.5698	3.37945	-0.120906	376.056	51.0751
13700	2.74	1.5698	3.38671	-0.124303	376.707	41.0208
13705	2.741	1.5698	3.39371	-0.127677	377.265	31.0269
13710	2.742	1.5698	3.4004	-0.131026	377.752	21.1042
13715	2.743	1.5698	3.40681	-0.13435	378.142	11.2524
13720	2.744	1.5698	3.41292	-0.137646	378.458	1.46996
13725	2.745	1.5698	3.41876	-0.140915	378.686	0
13730	2.746	1.5698	3.42429	-0.144156	378.849	0
13735	2.747	1.5698	3.42956	-0.14737	378.92	0
13740	2.748	1.5698	3.43452	-0.150556	378.931	0
13745	2.749	1.5698	3.43923	-0.153714	378.862	0
13750	2.75	1.5698	3.44364	-0.156844	378.737	0
13755	2.751	1.5698	3.44778	-0.159944	378.538	0
13760	2.752	1.5698	3.45166	-0.163016	378.311	0
13765	2.753	1.5698	3.45525	-0.16606	378.132	0
13770	2.754	1.5698	3.45858	-0.169074	378.03	0
13775	2.755	1.5698	3.46166	-0.17206	378.041	0
13780	2.756	1.5698	3.46449	-0.175017	378.182	0
13785	2.757	1.5698	3.46705	-0.177946	378.459	0
13790	2.758	1.5698	3.46936	-0.180846	378.863	0
13795	2.759	1.5698	3.47143	-0.183718	379.413	0
13800	2.76	1.5698	3.47324	-0.18656	380.117	0
13805	2.761	1.5698	3.47482	-0.189374	380.965	0
13810	2.762	1.5698	3.47616	-0.192158	381.98	0
13815	2.763	1.5698	3.47726	-0.194914	383.176	0
13820	2.764	1.5698	3.47811	-0.19764	384.554	0
13825	2.765	1.5698	3.47873	-0.200337	386.127	0
13830	2.766	1.5698	3.47908	-0.203003	387.93	0
13835	2.767	1.5698	3.47917	-0.205636	389.947	0
13840	2.768	1.5698	3.479	-0.208234	392.214	0
13845	2.769	1.5698	3.47853	-0.210796	394.748	0
13850	2.77	1.5698	3.47776	-0.213319	397.561	0
13855	2.771	1.5698	3.47668	-0.215802	400.676	0
13860	2.772	1.5698	3.47528	-0.218241	404.11	0
13865	2.773	1.5698	3.47352	-0.220635	407.907	0
13870	2.774	1.5698	3.47144	-0.222981	412.068	0
13875	2.775	1.5698	3.46896	-0.225276	416.645	0
13880	2.776	1.5698	3.46612	-0.227518	421.643	0
13885	2.777	1.5698	3.46288	-0.229705	427.109	0
13890	2.778	1.5698	3.45925	-0.231834	433.071	0
13895	2.779	1.5698	3.45521	-0.233904	439.55	0
13900	2.78	1.5698	3.45077	-0.235913	446.585	0
13905	2.781	1.5698	3.4459	-0.23786	454.191	0
13910	2.782	1.5698	3.44057	-0.23974	462.378	0
13915	2.783	1.5698	3.43475	-0.24155	471.145	0
13920	2.784	1.5698	3.42842	-0.243284	480.48	0
13925	2.785	1.5698	3.42158	-0.244941	490.385	0
13930	2.786	1.5698	3.41421	-0.246514	500.851	0
13935	2.787	1.5698	3.40625	-0.248002	511.864	0
13940	2.788	1.5698	3.39772	-0.249399	523.366	0
13945	2.789	1.5698	3.3886	-0.250704	535.345	0
13950	2.79	1.5698	3.37885	-0.251913	547.754	0
13955	2.791	1.5698	3.3685	-0.253024	560.526	0
13960	2.792	1.5698	3.35756	-0.254033	573.617	0
13965	2.793	1.5698	3.34594	-0.254939	586.977	0
13970	2.794	1.5698	3.33369	-0.255739	600.493	0
13975	2.795	1.5698	3.32079	-0.256431	614.105	0
13980	2.796	1.5698	3.30724	-0.257012	627.743	0
13985	2.797	1.5698	3.293	-0.257482	641.32	0
13990	2.798	1.5698	3.27813	-0.257838	654.736	0
13995	2.799	1.5698	3.26256	-0.25808	667.931	0
14000	2.8	1.5698	3.24632	-0.258204	680.762	0
14005	2.801	1.5698	3.22935	-0.258207	693.128	0
14010	2.802	1.5698	3.21161	-0.258083	704.892	0
14015	2.803	1.5698	3.19305	-0.257826	715.952	0
14020	2.804	1.5698	3.17366	-0.257429	726.208	0
14025	2.805	1.5698	3.15337	-0.256886	735.609	0
14030	2.806	1.5698	3.13212	-0.256188	744.09	0
14035	2.807	1.5698	3.10991	-0.255328	751.604	0
14040	2.808	1.5698	3.08664	-0.254298	758.156	0
14045	2.809	1.5698	3.06229	-0.253089	763.704	0
14050	2.81	1.5698	3.03682	-0.251696	768.254	0
14055	2.811	1.5698	3.01019	-0.25011	771.829	0
14060	2.812	1.5698	2.98237	-0.248326	774.426	0
14065	2.813	1.5698	2.95336	-0.24634	776.075	0
14070	2.814	1.5698	2.92313	-0.244147	776.811	0
14075	2.815	1.5698	2.89168	-0.241745	776.668	0
14080	2.816	1.5698	2.85902	-0.239131	775.684	0
14085	2.817	1.5698	2.82516	-0.236307	773.908	0
14090	2.818	1.5698	2.79012	-0.233273	771.382	0
14095	2.819	1.5698	2.7539	-0.230031	768.16	0
14100	2.82	1.5698	2.7166	-0.226585	764.279	0
14105	2.821	1.5698	2.67822	-0.222938	759.832	0
14110	2.822	1.5698	2.63881	-0.219096	754.839	0
14115	2.823	1.5698	2.59845	-0.215067	749.369	0
14120	2.824	1.5698	2.55717	-0.210856	743.484	0
14125	2.825	1.5698	2.51505	-0.206473	737.22	0
14130	2.826	1.5698	2.47214	-0.201925	730.649	0
14135	2.827	1.5698	2.42854	-0.197223	723.81	0
14140	2.828	1.5698	2.38434	-0.192377	716.765	0
14145	2.829	1.5698	2.33957	-0.187396	709.579	0
14150	2.83	1.5698	2.29435	-0.182293	702.27	0
14155	2.831	1.5698	2.24876	-0.177077	694.911	4.69175
14160	2.832	1.5698	2.20285	-0.171761	687.542	17.4898
14165	2.833	1.5698	2.15678	-0.166356	680.186	29.8427
14170	2.834	1.5698	2.11064	-0.160879	672.933	41.668
14175	2.835	1.5698	2.06452	-0.155343	665.821	52.9357
14180	2.836	1.5698	2.01852	-0.149763	658.893	63.5947
14185	2.837	1.5698	1.97276	-0.144153	652.182	73.61
14190	2.838	1.5698	1.92732	-0.138526	645.74	82.958
14195	2.839	1.5698	1.88231	-0.132894	639.6	91.5825
14200	2.84	1.5698	1.8378	-0.127275	633.793	99.4908
14205	2.841	1.5698	1.79387	-0.121677	628.344	106.675
14210	2.842	1.5698	1.75056	-0.116109	623.264	113.146
14215	2.843	1.5698	1.70795	-0.11058	618.552	118.917
14220	2.844	1.5698	1.66609	-0.105098	614.223	123.976
14225	2.845	1.6101	1.62501	-0.0996721	610.285	128.346
14230	2.846	1.66286	1.6105	-0.0943079	606.731	132.048
14235	2.847	1.71431	1.6105	-0.0890117	603.551	135.136
14240	2.848	1.76447	1.6105	-0.0837841	600.744	137.678
14245	2.849	1.81337	1.6105	-0.0786223	598.254	139.723
14250	2.85	1.86106	1.6105	-0.0735237	596.035	141.336
14255	2.851	1.90757	1.6105	-0.0684854	594.06	142.58
14260	2.852	1.95297	1.6105	-0.0635043	592.286	143.495
14265	2.853	1.9973	1.6105	-0.0585777	590.678	144.12
14270	2.854	2.04058	1.6105	-0.0537024	589.223	144.507
14275	2.855	2.08287	1.6105	-0.0488752	587.872	144.685
14280	2.856	2.12421	1.6105	-0.044093	586.604	144.709
14285	2.857	2.16466	1.6105	-0.0393525	585.393	144.589
14290	2.858	2.20424	1.6105	-0.0346506	584.203	144.372
14295	2.859	2.24302	1.6105	-0.0299844	583.003	144.076
14300	2.86	2.28101	1.6105	-0.0253509	581.798	143.723
14305	2.861	2.31826	1.6105	-0.0207473	580.554	143.33
14310	2.862	2.35479	1.6105	-0.0161709	579.287	142.92
14315	2.863	2.39066	1.6105	-0.0116192	577.957	142.502
14320	2.864	2.42587	1.6105	-0.00708969	576.57	142.108
14325	2.865	2.46049	1.6105	-0.00258002	575.115	141.727
14330	2.866	2.49451	1.6105	0.001912	573.586	141.382
14335	2.867	2.52798	1.6105	0.00638845	571.989	141.087
14340	2.868	2.56093	1.6105	0.0108513	570.317	140.839
14345	2.869	2.59338	1.6105	0.0153024	568.542	140.65
14350	2.87	2.62534	1.6105	0.0197435	566.705	140.516
14355	2.871	2.65683	1.6105	0.0241761	564.768	140.439
14360	2.872	2.68788	1.6105	0.0286018	562.754	140.442
14365	2.873	2.71852	1.6105	0.033022	560.636	140.501
14370	2.874	2.74873	1.6105	0.037438	558.437	140.641
14375	2.875	2.77857	1.6105	0.041851	556.15	140.844
14380	2.876	2.80802	1.6105	0.046262	553.763	141.122
14385	2.877	2.83712	1.6105	0.0506721	551.299	141.462
14390	2.878	2.86586	1.6105	0.0550822	548.75	141.875
14395	2.879	2.89427	1.6105	0.0594932	546.107	142.351
14400	2.88	2.92235	1.6105	0.0639057	543.383	142.889
14405	2.881	2.9501	1.6105	0.0683204	540.564	143.496
14410	2.882	2.97756	1.6105	0.072738	537.675	144.162
14415	2.883	3.00471	1.6105	0.0771589	534.709	144.883
14420	2.884	3.03157	1.6105	0.0815837	531.66	145.657
14425	2.885	3.05813	1.6105	0.0860127	528.535	146.484
14430	2.886	3.08442	1.6105	0.0904462	525.348	147.357
14435	2.887	3.11042	1.6105	0.0948845	522.072	148.275
14440	2.888	3.13616	1.6105	0.0993279	518.743	149.245
14445	2.889	3.16164	1.6105	0.103776	515.335	150.239
14450	2.89	3.18683	1.6105	0.10823	511.87	151.28
14455	2.891	3.21178	1.6105	0.11269	508.337	152.342
14460	2.892	3.23645	1.6105	0.117154	504.752	153.442
14465	2.893	3.26088	1.6105	0.121625	501.106	154.566
14470	2.894	3.28505	1.6105	0.1261	497.399	155.714
14475	2.895	3.30897	1.6105	0.130581	493.644	156.882
14480	2.896	3.33264	1.6105	0.135067	489.843	158.067
14485	2.897	3.35605	1.6105	0.139557	485.995	159.259
14490	2.898	3.37921	1.6105	0.144053	482.093	160.464
14495	2.899	3.40211	1.6105	0.148553	478.146	161.684
14500	2.9	3.42478	1.6105	0.153057	474.167	162.902
14505	2.901	3.44718	1.6105	0.157565	470.135	164.122
14510	2.902	3.46933	1.6105	0.162077	466.082	165.342
14515	2.903	3.49122	1.6105	0.166592	461.978	166.557
14520	2.904	3.51286	1.6105	0.17111	457.852	167.771
14525	2.905	3.53424	1.6105	0.175631	453.699	168.984
14530	2.906	3.55538	1.6105	0.180154	449.501	170.169
14535	2.907	3.57623	1.6105	0.184678	445.284	171.361
14540	2.908	3.59685	1.6105	0.189203	441.044	172.528
14545	2.909	3.61719	1.6105	0.19373	436.776	173.672
14550	2.91	3.63726	1.6105	0.198256	432.496	174.814
14555	2.911	3.65708	1.6105	0.202782	428.194	175.918
14560	2.912	3.67661	1.6105	0.207308	423.87	177.013
14565	2.913	3.69589	1.6105	0.211832	419.525	178.072
14570	2.914	3.71487	1.6105	0.216354	415.174	179.123
14575	2.915	3.73361	1.6105	0.220874	410.811	180.129
14580	2.916	3.75204	1.6105	0.225391	406.434	181.119
14585	2.917	3.77021	1.6105	0.229904	402.052	182.07
14590	2.918	3.78808	1.6105	0.234413	397.656	182.991
14595	2.919	3.80567	1.6105	0.238917	393.259	183.879
14600	2.92	3.82297	1.6105	0.243415	388.863	184.744
14605	2.921	3.84	1.6105	0.247908	384.452	185.562
14610	2.922	3.85672	1.6105	0.252393	380.045	184.37
14615	2.923	3.86997	1.6105	0.256513	377.598	181.071
14620	2.924	3.87938	1.6105	0.260216	377.249	176.392
14625	2.925	3.88591	1.6105	0.263605	378.295	171.414
14630	2.926	3.89114	1.6105	0.266855	379.697	166.858
14635	2.927	3.89621	1.6105	0.270097	380.711	162.703
14640	2.928	3.90116	1.6105	0.273332	381.376	158.912
14645	2.929	3.90597	1.6105	0.276561	381.716	155.472
14650	2.93	3.91068	1.6105	0.279786	381.755	152.352
14655	2.931	3.91528	1.6105	0.283005	381.515	149.527
14660	2.932	3.91978	1.6105	0.286221	381.024	146.983
14665	2.933	3.9242	1.6105	0.289433	380.303	144.675
14670	2.934	3.9285	1.6105	0.292643	379.357	142.61
14675	2.935	3.93273	1.6105	0.295849	378.216	140.763
14680	2.936	3.93688	1.6105	0.299053	376.881	139.097
14685	2.937	3.94092	1.6105	0.302255	375.381	137.628
14690	2.938	3.9449	1.6105	0.305453	373.719	136.305
14695	2.939	3.94877	1.6105	0.308649	371.919	135.143
14700	2.94	3.95257	1.6105	0.311842	369.972	134.126
14705	2.941	3.9563	1.6105	0.315031	367.905	133.218
14710	2.942	3.95992	1.6105	0.318217	365.73	132.422
14715	2.943	3.96346	1.6105	0.321399	363.448	131.729
14720	2.944	3.9669	1.6105	0.324577	361.068	131.114
14725	2.945	3.97024	1.6105	0.327749	358.601	130.576
14730	2.946	3.97347	1.6105	0.330916	356.059	130.117
14735	2.947	3.97661	1.6105	0.334077	353.443	129.71
14740	2.948	3.97964	1.6105	0.337232	350.773	129.354
14745	2.949	3.98255	1.6105	0.340378	348.036	129.041
14750	2.95	3.98535	1.6105	0.343517	345.258	128.762
14755	2.951	3.98803	1.6105	0.346648	342.431	128.515
14760	2.952	3.99058	1.6105	0.349768	339.571	128.297
14765	2.953	3.99302	1.6105	0.352879	336.681	128.082
14770	2.954	3.99529	1.6105	0.355979	333.764	127.891
14775	2.955	3.99745	1.6105	0.359067	330.828	127.699
14780	2.956	3.99946	1.6105	0.362143	327.876	127.505
14785	2.957	4.00131	1.6105	0.365206	324.912	127.32
14790	2.958	4.00303	1.6105	0.368255	321.944	127.122
14795	2.959	4.00458	1.6105	0.37129	318.972	126.906
14800	2.96	4.00596	1.6105	0.374309	316.003	126.689
14805	2.961	4.00719	1.6105	0.377311	313.04	126.446
14810	2.962	4.00823	1.6105	0.380297	310.084	126.192
14815	2.963	4.00912	1.6105	0.383265	307.144	125.911
14820	2.964	4.00982	1.6105	0.386215	304.223	125.623
14825	2.965	4.01037	1.6105	0.389147	301.31	125.311
14830	2.966	4.01074	1.6105	0.392064	298.389	125.021
14835	2.967	4.011	1.6105	0.394966	295.463	124.748
14840	2.968	4.01115	1.6105	0.397857	292.518	124.481
14845	2.969	4.01118	1.6105	0.400737	289.537	124.257
14850	2.97	4.01115	1.6105	0.40361	286.516	99.7415
14855	2.971	3.97197	1.6105	0.40165	310.717	77.2809
14860	2.972	3.93334	1.6105	0.399708	332.908	56.8695
14865	2.973	3.89552	1.6105	0.397818	353.069	38.492
14870	2.974	3.85874	1.6105	0.396006	371.215	22.1065
14875	2.975	3.82317	1.6105	0.3943	387.396	7.67808
14880	2.976	3.789	1.6105	0.392722	401.649	0
14885	2.977	3.75629	1.6105	0.391278	414.1	0
14890	2.978	3.72455	1.6105	0.389914	425.221	0
14895	2.979	3.69445	1.6105	0.388712	434.652	0
14900	2.98	3.66609	1.6105	0.387681	442.447	0
14905	2.981	3.63949	1.6105	0.386834	448.676	0
14910	2.982	3.61478	1.6105	0.38618	453.369	0
14915	2.983	3.59198	1.6105	0.385728	456.588	0
14920	2.984	3.57113	1.6105	0.385486	458.375	0
14925	2.985	3.55225	1.6105	0.385457	458.798	0
14930	2.986	3.53535	1.6105	0.385644	457.925	0
14935	2.987	3.5204	1.6105	0.386047	455.815	0
14940	2.988	3.50737	1.6105	0.386664	452.538	0
14945	2.989	3.4962	1.6105	0.387492	448.18	0
14950	2.99	3.48685	1.6105	0.388525	442.822	0
14955	2.991	3.47923	1.6105	0.389756	436.524	0
14960	2.992	3.47323	1.6105	0.391177	429.378	0
14965	2.993	3.4688	1.6105	0.39278	421.459	0
14970	2.994	3.46581	1.6105	0.394553	412.835	0
14975	2.995	3.46415	1.6105	0.396486	403.584	7.39922
14980	2.996	3.46374	1.6105	0.398567	393.763	16.4632
14985	2.997	3.46441	1.6105	0.400783	383.452	25.9552
14990	2.998	3.46604	1.6105	0.40312	372.703	15.8708
14995	2.999	3.43636	1.6105	0.401591	384.009	7.86298
15000	3	3.40783	1.6105	0.400166	393.41	1.97763
15005	3.001	3.38053	1.6105	0.39886	400.91	0
15010	3.002	3.3546	1.6105	0.397685	406.541	0
15015	3.003	3.33005	1.6105	0.396649	410.323	0
15020	3.004	3.30693	1.6105	0.395756	412.323	1.44144
15025	3.005	3.28519	1.6105	0.395006	412.607	7.49522
15030	3.006	3.26467	1.6105	0.394373	411.383	16.434
15035	3.007	3.24551	1.6105	0.393887	408.522	28.5504
15040	3.008	3.22779	1.6105	0.393546	404.068	44.082
15045	3.009	3.21139	1.6105	0.393348	398.067	63.3298
15050	3.01	3.19629	1.6105	0.393286	390.544	86.5541
15055	3.011	3.18238	1.6105	0.393351	381.562	113.967
15060	3.012	3.16954	1.6105	0.393528	371.176	145.889
15065	3.013	3.15795	1.6105	0.393839	359.228	182.224
15070	3.014	3.1473	1.6105	0.394253	345.873	222.814
15075	3.015	3.13748	1.6105	0.394752	331.165	267.283
15080	3.016	3.12832	1.6105	0.395318	315.169	315.066
15085	3.017	3.11966	1.6105	0.395934	297.956	365.436
15090	3.018	3.11133	1.6105	0.396578	279.621	417.52
15095	3.019	3.10317	1.6105	0.39723	260.29	470.394
15100	3.02	3.09497	1.6105	0.397866	240.458	523.127
15105	3.021	3.08651	1.6105	0.398459	220.826	574.836
15110	3.022	3.07761	1.6105	0.398986	201.886	624.723
15115	3.023	3.06804	1.6105	0.399418	183.959	672.163
15120	3.024	3.05763	1.6105	0.39973	167.266	716.664
15125	3.025	3.04613	1.6105	0.399897	151.954	757.947
15130	3.026	3.03342	1.6105	0.399897	138.123	795.854
15135	3.027	3.01934	1.6105	0.399711	125.815	830.304
15140	3.028	3.00374	1.6105	0.399319	115.081	861.312
15145	3.029	2.9865	1.6105	0.398705	105.937	888.956
15150	3.03	2.96755	1.6105	0.397856	98.3811	913.324
15155	3.031	2.94679	1.6105	0.396759	92.3849	934.556
15160	3.032	2.92416	1.6105	0.395406	87.9357	952.799
15165	3.033	2.89963	1.6105	0.393789	84.9835	968.202
15170	3.034	2.87317	1.6105	0.391903	83.4815	980.932
15175	3.035	2.84477	1.6105	0.389746	83.3754	991.14
15180	3.036	2.81441	1.6105	0.387316	84.5992	998.999
15185	3.037	2.78213	1.6105	0.384612	87.086	1004.65
15190	3.038	2.74792	1.6105	0.381636	90.7689	1008.26
15195	3.039	2.71185	1.6105	0.37839	95.5695	1010.71
15200	3.04	2.67511	1.6105	0.375025	100.597	1011.38
15205	3.041	2.63663	1.6105	0.371408	106.603	1010.46
15210	3.042	2.59652	1.6105	0.367551	113.476	1008.1
15215	3.043	2.55487	1.6105	0.363462	121.134	1004.38
15220	3.044	2.51171	1.6105	0.359148	129.496	999.421
15225	3.045	2.4671	1.6105	0.354617	138.496	993.347
15230	3.046	2.42113	1.6105	0.349876	148.069	986.264
15235	3.047	2.37389	1.6105	0.344935	158.127	978.248
15240	3.048	2.32541	1.6105	0.339804	168.608	969.42
15245	3.049	2.27584	1.6105	0.334494	179.443	959.87
15250	3.05	2.22526	1.6105	0.329016	190.563	949.663
15255	3.051	2.17372	1.6105	0.323383	201.889	938.899
15260	3.052	2.12136	1.6105	0.317604	213.379	927.634
15265	3.053	2.06825	1.6105	0.311691	224.973	915.949
15270	3.054	2.01448	1.6105	0.305655	236.625	903.901
15275	3.055	1.96014	1.6105	0.299507	248.287	891.535
15280	3.056	1.9053	1.6105	0.293257	259.921	878.91
15285	3.057	1.85007	1.6105	0.286914	271.484	866.081
15290	3.058	1.79451	1.6105	0.28049	282.953	853.064
15295	3.059	1.73869	1.6105	0.273992	294.3	839.931
15300	3.06	1.68272	1.66083	0.26743	305.489	826.684
15305	3.061	1.62663	1.71609	0.260813	316.501	813.363
15310	3.062	1.5705	1.77104	0.25415	327.328	799.998
15315	3.063	1.5698	1.82563	0.247447	337.937	786.621
15320	3.064	1.5698	1.8798	0.240713	348.316	773.242
15325	3.065	1.5698	1.93348	0.233956	358.451	759.879
15330	3.066	1.5698	1.98663	0.227181	368.327	746.558
15335	3.067	1.5698	2.03919	0.220395	377.927	733.281
15340	3.068	1.5698	2.09112	0.213606	387.245	720.069
15345	3.069	1.5698	2.14238	0.206817	396.263	706.928
15350	3.07	1.5698	2.19293	0.200036	404.977	693.867
15355	3.071	1.5698	2.19084	0.193267	413.38	715.244
15360	3.072	1.5698	2.16433	0.192558	388.664	751.182
15365	3.073	1.5698	2.13881	0.194722	350.887	783.931
15370	3.074	1.5698	2.11485	0.196799	316.91	813.345
15375	3.075	1.5698	2.093	0.198726	286.715	839.304
15380	3.076	1.5698	2.07372	0.200431	260.228	861.731
15385	3.077	1.5698	2.05741	0.201859	237.323	880.612
15390	3.078	1.5698	2.04437	0.202962	217.863	895.972
15395	3.079	1.5698	2.03481	0.203703	201.681	907.896
15400	3.08	1.5698	2.02895	0.204049	188.601	916.47
15405	3.081	1.5698	2.02687	0.203978	178.488	921.816
15410	3.082	1.5698	2.02863	0.203471	171.161	924.074
15415	3.083	1.5698	2.03426	0.202517	166.463	923.413
15420	3.084	1.5698	2.04372	0.201112	164.231	919.987
15425	3.085	1.5698	2.05693	0.199253	164.299	914.003
15430	3.086	1.5698	2.07378	0.196945	166.494	905.637
15435	3.087	1.5698	2.09415	0.194197	170.642	895.078
15440	3.088	1.5698	2.11784	0.191019	176.58	882.519
15445	3.089	1.5698	2.14468	0.187427	184.107	868.149
15450	3.09	1.5698	2.17445	0.183439	193.068	852.164
15455	3.091	1.5698	2.20694	0.179073	203.279	834.736
15460	3.092	1.5698	2.2419	0.174353	214.573	816.066
15465	3.093	1.5698	2.25756	0.1693	226.777	810.813
15470	3.094	1.5698	2.25986	0.166462	226.125	814.47
15475	3.095	1.5698	2.25867	0.165174	217.308	819.962
15480	3.096	1.5698	2.26027	0.164297	207.124	822.926
15485	3.097	1.5698	2.26477	0.163093	199.645	823.434
15490	3.098	1.5698	2.27222	0.161546	194.726	821.575
15495	3.099	1.5698	2.28266	0.159646	192.199	817.451
15500	3.1	1.5698	2.29605	0.157386	191.881	811.184
15505	3.101	1.5698	2.31231	0.154766	193.578	802.894
15510	3.102	1.5698	2.32524	0.151789	197.092	796.948
15515	3.103	1.5698	2.33538	0.149186	198.369	792.865
15520	3.104	1.5698	2.34454	0.146897	197.903	789.317
15525	3.105	1.5698	2.35425	0.144712	196.968	785.201
15530	3.106	1.5698	2.36514	0.142448	196.567	780.155
15535	3.107	1.5698	2.37702	0.140034	197.058	774.317
15540	3.108	1.5698	2.38943	0.13749	198.259	768.051
15545	3.109	1.5698	2.402	0.134867	199.836	761.635
15550	3.11	1.5698	2.41458	0.132212	201.522	755.163
15555	3.111	1.5698	2.4272	0.12954	203.227	748.618
15560	3.112	1.5698	2.43998	0.126846	204.977	741.905
15565	3.113	1.5698	2.45299	0.124118	206.838	734.991
15570	3.114	1.5698	2.46628	0.121345	208.859	727.859
15575	3.115	1.5698	2.47979	0.118525	211.057	720.516
15580	3.116	1.5698	2.4935	0.115659	213.402	713.011
15585	3.117	1.5698	2.5074	0.112753	215.862	705.35
15590	3.118	1.5698	2.52143	0.109808	218.435	697.564
15595	3.119	1.5698	2.53563	0.106828	221.078	689.631
15600	3.12	1.5698	2.54996	0.103811	223.816	681.559
15605	3.121	1.5698	2.56446	0.100757	226.626	673.365
15610	3.122	1.5698	2.57908	0.097668	229.524	665.049
15615	3.123	1.5698	2.59384	0.0945433	232.48	656.598
15620	3.124	1.5698	2.6087	0.091384	235.505	648.031
15625	3.125	1.5698	2.62369	0.0881912	238.581	639.362
15630	3.126	1.5698	2.63876	0.0849658	241.721	630.576
15635	3.127	1.5698	2.65393	0.0817088	244.894	621.695
15640	3.128	1.5698	2.66917	0.0784208	248.108	612.706
15645	3.129	1.5698	2.68449	0.0751028	251.352	603.628
15650	3.13	1.5698	2.69988	0.0717557	254.631	594.455
15655	3.131	1.5698	2.71531	0.0683802	257.942	585.194
15660	3.132	1.5698	2.7308	0.0649774	261.259	575.844
15665	3.133	1.5698	2.74633	0.0615481	264.595	566.412
15670	3.134	1.5698	2.76187	0.0580932	267.948	556.904
15675	3.135	1.5698	2.77744	0.0546138	271.298	547.315
15680	3.136	1.5698	2.79301	0.0511108	274.654	537.644
15685	3.137	1.5698	2.80861	0.047585	278.003	527.909
15690	3.138	1.5698	2.82417	0.0440375	281.361	518.102
15695	3.139	1.5698	2.83973	0.0404692	284.693	508.227
15700	3.14	1.5698	2.85526	0.0368811	288.02	498.294
15705	3.141	1.5698	2.87076	0.0332741	291.322	488.293
15710	3.142	1.5698	2.88623	0.0296494	294.613	478.235
15715	3.143	1.5698	2.90163	0.0260077	297.878	468.108
15720	3.144	1.5698	2.91699	0.0223502	301.113	457.933
15725	3.145	1.5698	2.93227	0.0186779	304.325	447.707
15730	3.146	1.5698	2.9475	0.0149916	307.495	437.428
15735	3.147	1.5698	2.96264	0.0112926	310.639	427.105
15740	3.148	1.5698	2.97768	0.00758163	313.744	416.733
15745	3.149	1.5698	2.99261	0.00385987	316.802	406.32
15750	3.15	1.5698	3.00747	0.000128301	319.813	395.851
15755	3.151	1.5698	3.02219	-0.00361207	322.794	385.36
15760	3.152	1.5698	3.03681	-0.00736021	325.707	374.827
15765	3.153	1.5698	3.05129	-0.0111151	328.586	364.25
15770	3.154	1.5698	3.06564	-0.0148757	331.406	353.651
15775	3.155	1.5698	3.07984	-0.0186411	334.167	343.025
15780	3.156	1.5698	3.09392	-0.0224101	336.874	332.363
15785	3.157	1.5698	3.10782	-0.0261817	339.534	321.681
15790	3.158	1.5698	3.12157	-0.029955	342.119	310.973
15795	3.159	1.5698	3.13515	-0.0337289	344.649	300.251
15800	3.16	1.5698	3.14854	-0.0375024	347.112	289.512
15805	3.161	1.5698	3.16176	-0.0412744	349.503	278.757
15810	3.162	1.5698	3.17478	-0.0450439	351.837	267.993
15815	3.163	1.5698	3.18762	-0.04881	354.091	257.214
15820	3.164	1.5698	3.20025	-0.0525715	356.281	246.436
15825	3.165	1.5698	3.21269	-0.0563275	358.398	235.663
15830	3.166	1.5698	3.22492	-0.0600769	360.45	224.88
15835	3.167	1.5698	3.23691	-0.0638188	362.425	214.098
15840	3.168	1.5698	3.24868	-0.0675521	364.314	203.331
15845	3.169	1.5698	3.26024	-0.0712758	366.134	192.568
15850	3.17	1.5698	3.27156	-0.0749889	367.878	181.818
15855	3.171	1.5698	3.28265	-0.0786905	369.55	171.087
15860	3.172	1.5698	3.29347	-0.0823795	371.139	160.372
15865	3.173	1.5698	3.30406	-0.0860549	372.639	149.682
15870	3.174	1.5698	3.3144	-0.0897157	374.068	139.016
15875	3.175	1.5698	3.32447	-0.093361	375.414	128.382
15880	3.176	1.5698	3.33429	-0.0969898	376.672	117.779
15885	3.177	1.5698	3.34383	-0.100601	377.859	107.204
15890	3.178	1.5698	3.35311	-0.104194	378.95	96.6766
15895	3.179	1.5698	3.36211	-0.107767	379.967	86.1859
15900	3.18	1.5698	3.37082	-0.111321	380.9	75.7445
15905	3.181	1.5698	3.37927	-0.114853	381.738	65.3604
15910	3.182	1.5698	3.38743	-0.118362	382.504	55.0189
15915	3.183	1.5698	3.39531	-0.121849	383.187	44.7376
15920	3.184	1.5698	3.40287	-0.125311	383.79	34.5172
15925	3.185	1.5698	3.41016	-0.128749	384.292	24.3587
15930	3.186	1.5698	3.41714	-0.13216	384.725	14.2709
15935	3.187	1.5698	3.42382	-0.135545	385.068	4.24898
15940	3.188	1.5698	3.43019	-0.138902	385.323	0
15945	3.189	1.5698	3.43627	-0.142231	385.496	0
15950	3.19	1.5698	3.44206	-0.145531	385.594	0
15955	3.191	1.5698	3.44755	-0.148804	385.618	0
15960	3.192	1.5698	3.45277	-0.152049	385.569	0
15965	3.193	1.5698	3.45768	-0.155265	385.458	0
15970	3.194	1.5698	3.46232	-0.158452	385.268	0
15975	3.195	1.5698	3.46666	-0.16161	385.04	0
15980	3.196	1.5698	3.47074	-0.164738	384.83	0
15985	3.197	1.5698	3.47453	-0.167837	384.702	0
15990	3.198	1.5698	3.47805	-0.170907	384.675	0
15995	3.199	1.5698	3.48132	-0.173949	384.774	0
16000	3.2	1.5698	3.48432	-0.176961	385.009	0
16005	3.201	1.5698	3.48707	-0.179944	385.375	0
16010	3.202	1.5698	3.48954	-0.182898	385.887	0
16015	3.203	1.5698	3.49175	-0.185823	386.535	0
16020	3.204	1.5698	3.49375	-0.188719	387.332	0
16025	3.205	1.5698	3.49547	-0.191585	388.308	0
16030	3.206	1.5698	3.49695	-0.194422	389.439	0
16035	3.207	1.5698	3.49818	-0.197229	390.76	0
16040	3.208	1.5698	3.49914	-0.200005	392.277	0
16045	3.209	1.5698	3.49984	-0.202749	393.993	0
16050	3.21	1.5698	3.50027	-0.205459	395.935	0
16055	3.211	1.5698	3.50039	-0.208134	398.11	0
16060	3.212	1.5698	3.50023	-0.21077	400.534	0
16065	3.213	1.5698	3.49976	-0.213368	403.237	0
16070	3.214	1.5698	3.49897	-0.215923	406.236	0
16075	3.215	1.5698	3.49782	-0.218434	409.551	0
16080	3.216	1.5698	3.49634	-0.2209	413.191	0
16085	3.217	1.5698	3.49451	-0.223316	417.21	0
16090	3.218	1.5698	3.49228	-0.225681	421.635	0
16095	3.219	1.5698	3.48968	-0.227993	426.462	0
16100	3.22	1.5698	3.48666	-0.230248	431.75	0
16105	3.221	1.5698	3.48326	-0.232445	437.51	0
16110	3.222	1.5698	3.47944	-0.234582	443.798	0
16115	3.223	1.5698	3.47522	-0.236659	450.617	0
16120	3.224	1.5698	3.47054	-0.238672	458.017	0
16125	3.225	1.5698	3.46542	-0.240619	465.966	0
16130	3.226	1.5698	3.4598	-0.242495	474.503	0
16135	3.227	1.5698	3.45369	-0.244297	483.604	0
16140	3.228	1.5698	3.44705	-0.24602	493.283	0
16145	3.229	1.5698	3.43987	-0.247661	503.509	0
16150	3.23	1.5698	3.43213	-0.249216	514.278	0
16155	3.231	1.5698	3.42378	-0.250681	525.559	0
16160	3.232	1.5698	3.41488	-0.252054	537.301	0
16165	3.233	1.5698	3.40535	-0.253332	549.499	0
16170	3.234	1.5698	3.3952	-0.254511	562.066	0
16175	3.235	1.5698	3.38446	-0.25559	574.965	0
16180	3.236	1.5698	3.37305	-0.256565	588.145	0
16185	3.237	1.5698	3.36101	-0.257435	601.499	0
16190	3.238	1.5698	3.34831	-0.258196	614.981	0
16195	3.239	1.5698	3.33496	-0.258849	628.496	0
16200	3.24	1.5698	3.32096	-0.259389	641.969	0
16205	3.241	1.5698	3.30628	-0.259817	655.33	0
16210	3.242	1.5698	3.29095	-0.26013	668.469	0
16215	3.243	1.5698	3.27494	-0.260327	681.304	0
16220	3.244	1.5698	3.25821	-0.260405	693.703	0
16225	3.245	1.5698	3.24074	-0.260358	705.537	0
16230	3.246	1.5698	3.22247	-0.26018	716.706	0
16235	3.247	1.5698	3.20337	-0.259865	727.102	0
16240	3.248	1.5698	3.18339	-0.259406	736.662	0
16245	3.249	1.5698	3.1625	-0.258795	745.314	0
16250	3.25	1.5698	3.14061	-0.258025	753.041	0
16255	3.251	1.5698	3.11772	-0.257087	759.787	0
16260	3.252	1.5698	3.09375	-0.255973	765.555	0
16265	3.253	1.5698	3.06866	-0.254676	770.333	0
16270	3.254	1.5698	3.04246	-0.25319	774.121	0
16275	3.255	1.5698	3.01506	-0.251507	776.959	0
16280	3.256	1.5698	2.98648	-0.249624	778.833	0
16285	3.257	1.5698	2.95671	-0.247536	779.797	0
16290	3.258	1.5698	2.92569	-0.245239	779.887	0
16295	3.259	1.5698	2.89349	-0.242733	779.11	0
16300	3.26	1.5698	2.86008	-0.240015	777.546	0
16305	3.261	1.5698	2.82549	-0.237089	775.22	0
16310	3.262	1.5698	2.78975	-0.233954	772.191	0
16315	3.263	1.5698	2.7529	-0.230614	768.51	0
16320	3.264	1.5698	2.71494	-0.227073	764.236	0
16325	3.265	1.5698	2.67597	-0.223336	759.4	0
16330	3.266	1.5698	2.63604	-0.21941	754.081	0
16335	3.267	1.5698	2.59517	-0.215302	748.344	0
16340	3.268	1.5698	2.55345	-0.211019	742.213	0
16345	3.269	1.5698	2.51094	-0.20657	735.755	0
16350	3.27	1.5698	2.46772	-0.201965	729.032	0
16355	3.271	1.5698	2.42388	-0.197213	722.089	0
16360	3.272	1.5698	2.37948	-0.192324	714.989	0
16365	3.273	1.5698	2.33458	-0.18731	707.771	0
16370	3.274	1.5698	2.28927	-0.182182	700.477	0
16375	3.275	1.5698	2.24365	-0.17695	693.147	8.7047
16380	3.276	1.5698	2.19784	-0.171625	685.84	21.1681
16385	3.277	1.5698	2.15189	-0.166223	678.613	33.1397
16390	3.278	1.5698	2.10595	-0.160757	671.499	44.5692
16395	3.279	1.5698	2.0601	-0.155242	664.559	55.4036
16400	3.28	1.5698	2.01444	-0.149692	657.824	65.6103
16405	3.281	1.5698	1.96905	-0.14412	651.343	75.1676
16410	3.282	1.5698	1.92405	-0.138538	645.133	84.0503
16415	3.283	1.5698	1.8796	-0.132959	639.243	92.1451
16420	3.284	1.5698	1.83564	-0.127408	633.754	99.5558
16425	3.285	1.5698	1.79225	-0.12188	628.586	106.303
16430	3.286	1.5698	1.74962	-0.11638	623.763	112.252
16435	3.287	1.5698	1.70765	-0.110937	619.378	117.54
16440	3.288	1.5698	1.66648	-0.105541	615.34	122.141
16445	3.289	1.61017	1.6261	-0.100203	611.701	126.072
16450	3.29	1.662	1.6105	-0.0949316	608.431	129.37
16455	3.291	1.71253	1.6105	-0.0897269	605.535	132.11
16460	3.292	1.76182	1.6105	-0.0845866	602.952	134.35
16465	3.293	1.8099	1.6105	-0.079508	600.659	136.159
16470	3.294	1.85684	1.6105	-0.0744884	598.606	137.575
16475	3.295	1.90265	1.6105	-0.0695249	596.757	138.662
16480	3.296	1.9474	1.6105	-0.0646149	595.095	139.457
16485	3.297	1.99111	1.6105	-0.0597552	593.59	139.999
16490	3.298	2.03384	1.6105	-0.0549427	592.186	140.328
16495	3.299	2.07562	1.6105	-0.0501745	590.889	140.486
16500	3.3	2.11651	1.6105	-0.0454472	589.645	140.507
16505	3.301	2.15654	1.6105	-0.040758	588.439	140.409
16510	3.302	2.19575	1.6105	-0.0361039	587.246	140.225
16515	3.303	2.23417	1.6105	-0.0314817	586.042	139.985
16520	3.304	2.27186	1.6105	-0.0268888	584.803	139.702
16525	3.305	2.30885	1.6105	-0.0223225	583.519	139.393
16530	3.306	2.34516	1.6105	-0.0177802	582.191	139.09
16535	3.307	2.38084	1.6105	-0.0132594	580.809	138.785
16540	3.308	2.4159	1.6105	-0.00875782	579.354	138.501
16545	3.309	2.45039	1.6105	-0.00427326	577.84	138.249
16550	3.31	2.48432	1.6105	0.000196358	576.233	138.036
16555	3.311	2.51772	1.6105	0.00465302	574.566	137.865
16560	3.312	2.55061	1.6105	0.00909855	572.81	137.75
16565	3.313	2.58303	1.6105	0.0135347	570.962	137.702
16570	3.314	2.61499	1.6105	0.0179631	569.032	137.702
16575	3.315	2.6465	1.6105	0.0223852	567.013	137.777
16580	3.316	2.6776	1.6105	0.0268025	564.9	137.919
16585	3.317	2.7083	1.6105	0.0312162	562.705	138.126
16590	3.318	2.7386	1.6105	0.0356275	560.415	138.399
16595	3.319	2.76852	1.6105	0.0400376	558.042	138.743
16600	3.32	2.79809	1.6105	0.0444474	555.569	139.159
16605	3.321	2.82731	1.6105	0.0488579	553.025	139.629
16610	3.322	2.85618	1.6105	0.0532699	550.379	140.183
16615	3.323	2.88475	1.6105	0.0576842	547.658	140.785
16620	3.324	2.91298	1.6105	0.0621015	544.845	141.458
16625	3.325	2.94092	1.6105	0.0665223	541.954	142.183
16630	3.326	2.96855	1.6105	0.0709472	538.987	142.976
16635	3.327	2.9959	1.6105	0.0753766	535.938	143.81
16640	3.328	3.02295	1.6105	0.079811	532.81	144.703
16645	3.329	3.04972	1.6105	0.0842507	529.609	145.641
16650	3.33	3.07622	1.6105	0.0886959	526.346	146.629
16655	3.331	3.10246	1.6105	0.0931469	523.01	147.655
16660	3.332	3.12842	1.6105	0.097604	519.595	148.722
16665	3.333	3.15413	1.6105	0.102067	516.129	149.822
16670	3.334	3.17957	1.6105	0.106536	512.59	150.951
16675	3.335	3.20475	1.6105	0.111012	508.997	152.114
16680	3.336	3.22968	1.6105	0.115494	505.337	153.309
16685	3.337	3.25437	1.6105	0.119981	501.63	154.513
16690	3.338	3.27879	1.6105	0.124475	497.868	155.745
16695	3.339	3.30297	1.6105	0.128975	494.058	156.993
16700	3.34	3.32689	1.6105	0.133481	490.187	158.262
16705	3.341	3.35058	1.6105	0.137992	486.283	159.531
16710	3.342	3.374	1.6105	0.142508	482.328	160.813
16715	3.343	3.39718	1.6105	0.14703	478.324	162.099
16720	3.344	3.42011	1.6105	0.151556	474.289	163.384
16725	3.345	3.44278	1.6105	0.156087	470.211	164.671
16730	3.346	3.4652	1.6105	0.160621	466.1	165.956
16735	3.347	3.48737	1.6105	0.16516	461.947	167.233
16740	3.348	3.50928	1.6105	0.169702	457.777	168.515
16745	3.349	3.53095	1.6105	0.174247	453.558	169.778
16750	3.35	3.55236	1.6105	0.178794	449.322	171.021
16755	3.351	3.57349	1.6105	0.183344	445.055	172.258
16760	3.352	3.59437	1.6105	0.187895	440.769	173.479
16765	3.353	3.61499	1.6105	0.192448	436.457	174.681
16770	3.354	3.63535	1.6105	0.197	432.125	175.854
16775	3.355	3.65542	1.6105	0.201553	427.771	177.021
16780	3.356	3.67525	1.6105	0.206106	423.408	178.155
16785	3.357	3.69479	1.6105	0.210658	419.026	179.258
16790	3.358	3.71405	1.6105	0.215208	414.627	180.34
16795	3.359	3.73305	1.6105	0.219756	410.219	181.4
16800	3.36	3.75177	1.6105	0.224301	405.8	182.424
16805	3.361	3.7702	1.6105	0.228843	401.37	183.408
16810	3.362	3.78834	1.6105	0.233381	396.933	184.373
16815	3.363	3.80621	1.6105	0.237914	392.493	181.717
16820	3.364	3.81803	1.6105	0.241796	391.56	176.273
16825	3.365	3.82475	1.6105	0.245118	393.396	169.625
16830	3.366	3.82862	1.6105	0.248127	396.475	163.371
16835	3.367	3.83208	1.6105	0.251099	399.223	157.672
16840	3.368	3.83547	1.6105	0.254067	401.486	152.491
16845	3.369	3.83879	1.6105	0.257032	403.306	147.788
16850	3.37	3.84206	1.6105	0.259996	404.706	143.527
16855	3.371	3.84527	1.6105	0.262959	405.727	139.68
16860	3.372	3.84844	1.6105	0.265923	406.402	136.216
16865	3.373	3.85158	1.6105	0.268889	406.75	133.101
16870	3.374	3.85469	1.6105	0.271857	406.795	130.324
16875	3.375	3.85779	1.6105	0.274829	406.557	127.853
16880	3.376	3.86087	1.6105	0.277804	406.058	125.664
16885	3.377	3.86395	1.6105	0.280783	405.316	123.724
16890	3.378	3.867	1.6105	0.283767	404.357	122.033
16895	3.379	3.87006	1.6105	0.286755	403.184	120.563
16900	3.38	3.87312	1.6105	0.289747	401.81	119.291
16905	3.381	3.87616	1.6105	0.292744	400.259	118.206
16910	3.382	3.8792	1.6105	0.295745	398.542	117.288
16915	3.383	3.88222	1.6105	0.29875	396.674	116.512
16920	3.384	3.88522	1.6105	0.301759	394.659	115.877
16925	3.385	3.88821	1.6105	0.304771	392.514	115.373
16930	3.386	3.89118	1.6105	0.307785	390.244	114.966
16935	3.387	3.89411	1.6105	0.310802	387.866	114.668
16940	3.388	3.89702	1.6105	0.313821	385.384	114.449
16945	3.389	3.89989	1.6105	0.316841	382.807	114.309
16950	3.39	3.90272	1.6105	0.319861	380.154	114.233
16955	3.391	3.9055	1.6105	0.322881	377.422	114.228
16960	3.392	3.90825	1.6105	0.3259	374.617	114.249
16965	3.393	3.9109	1.6105	0.328918	371.755	114.331
16970	3.394	3.91353	1.6105	0.331933	368.841	114.43
16975	3.395	3.91606	1.6105	0.334946	365.88	114.559
16980	3.396	3.91852	1.6105	0.337954	362.875	114.714
16985	3.397	3.92092	1.6105	0.340958	359.838	114.877
16990	3.398	3.92321	1.6105	0.343956	356.77	115.039
16995	3.399	3.9254	1.6105	0.346948	353.677	115.222
17000	3.4	3.92752	1.6105	0.349932	350.569	115.402
17005	3.401	3.92954	1.6105	0.35291	347.436	115.588
17010	3.402	3.93146	1.6105	0.355883	344.279	115.795
17015	3.403	3.93332	1.6105	0.358851	341.085	116.023
17020	3.404	3.93512	1.6105	0.361818	337.849	116.284
17025	3.405	3.93689	1.6105	0.364783	334.562	116.585
17030	3.406	3.93863	1.6105	0.36775	331.223	116.914
17035	3.407	3.94034	1.6105	0.370718	327.825	117.294
17040	3.408	3.94206	1.6105	0.373689	324.36	117.709
17045	3.409	3.94377	1.6105	0.376665	320.827	118.181
17050	3.41	3.9455	1.6105	0.379647	317.222	118.691
17055	3.411	3.94724	1.6105	0.382635	313.543	119.268
17060	3.412	3.94903	1.6105	0.385631	309.796	119.872
17065	3.413	3.95083	1.6105	0.388636	305.963	120.548
17070	3.414	3.9527	1.6105	0.391651	302.057	121.259
17075	3.415	3.95459	1.6105	0.394675	298.067	122.019
17080	3.416	3.95654	1.6105	0.397711	293.998	122.835
17085	3.417	3.95856	1.6105	0.400758	289.849	123.694
17090	3.418	3.96062	1.6105	0.403816	285.628	98.2883
17095	3.419	3.92045	1.6105	0.401663	310.84	75.0994
17100	3.42	3.88094	1.6105	0.399539	333.895	54.1023
17105	3.421	3.84232	1.6105	0.397478	354.766	35.2839
17110	3.422	3.80486	1.6105	0.395513	373.469	18.6233
17115	3.423	3.76878	1.6105	0.39367	390.022	4.07059
17120	3.424	3.73426	1.6105	0.391976	404.485	0
17125	3.425	3.7014	1.6105	0.390442	416.95	0
17130	3.426	3.67024	1.6105	0.389075	427.54	0
17135	3.427	3.64025	1.6105	0.387813	436.753	0
17140	3.428	3.61222	1.6105	0.386752	444.155	0
17145	3.429	3.58627	1.6105	0.38591	449.764	0
17150	3.43	3.56245	1.6105	0.385296	453.639	0
17155	3.431	3.5408	1.6105	0.384915	455.884	0
17160	3.432	3.52111	1.6105	0.384746	456.695	0
17165	3.433	3.50354	1.6105	0.384811	456.046	0
17170	3.434	3.48808	1.6105	0.385109	454.008	0
17175	3.435	3.47468	1.6105	0.385638	450.669	0
17180	3.436	3.4633	1.6105	0.386394	446.108	0
17185	3.437	3.45385	1.6105	0.387371	440.417	0
17190	3.438	3.44624	1.6105	0.388562	433.672	0
17195	3.439	3.44041	1.6105	0.389957	425.957	0
17200	3.44	3.43625	1.6105	0.391547	417.359	0
17205	3.441	3.43361	1.6105	0.39332	407.951	4.99665
17210	3.442	3.43239	1.6105	0.395263	397.815	15.302
17215	3.443	3.43246	1.6105	0.397362	387.021	26.3931
17220	3.444	3.43368	1.6105	0.399602	375.658	38.2986
17225	3.445	3.43589	1.6105	0.401967	363.781	36.4698
17230	3.446	3.41548	1.6105	0.401544	367.737	36.8085
17235	3.447	3.39608	1.6105	0.401222	370.053	39.4925
17240	3.448	3.37777	1.6105	0.401007	370.721	44.7021
17245	3.449	3.36055	1.6105	0.400903	369.771	52.6428
17250	3.45	3.34441	1.6105	0.400907	367.238	63.5427
17255	3.451	3.3293	1.6105	0.401017	363.194	77.5744
17260	3.452	3.31503	1.6105	0.401211	357.757	95.137
17265	3.453	3.30173	1.6105	0.401504	350.871	114.259
17270	3.454	3.28572	1.6105	0.401445	345.062	137.388
17275	3.455	3.27024	1.6105	0.401428	337.932	164.625
17280	3.456	3.25508	1.6105	0.401429	329.586	195.971
17285	3.457	3.24007	1.6105	0.401429	320.095	231.412
17290	3.458	3.22523	1.6105	0.401429	309.421	270.729
17295	3.459	3.21055	1.6105	0.401429	297.539	313.496
17300	3.46	3.196	1.6105	0.401428	284.435	359.155
17305	3.461	3.18165	1.6105	0.401428	270.106	406.969
17310	3.462	3.16744	1.6105	0.401427	254.589	456.144
17315	3.463	3.1534	1.6105	0.401426	238.127	505.79
17320	3.464	3.13939	1.6105	0.401412	221.447	555.033
17325	3.465	3.12526	1.6105	0.401361	205.063	603.009
17330	3.466	3.11079	1.6105	0.401251	189.36	649.03
17335	3.467	3.09581	1.6105	0.401058	174.566	692.551
17340	3.468	3.0801	1.6105	0.400756	160.885	733.208
17345	3.469	3.06349	1.6105	0.400321	148.442	770.761
17350	3.47	3.0458	1.6105	0.39973	137.33	805.099
17355	3.471	3.02689	1.6105	0.398965	127.591	836.184
17360	3.472	3.00661	1.6105	0.398006	119.271	864.056
17365	3.473	2.98487	1.6105	0.39684	112.375	888.773
17370	3.474	2.96154	1.6105	0.395452	106.917	910.443
17375	3.475	2.93656	1.6105	0.39383	102.871	929.192
17380	3.476	2.90986	1.6105	0.391966	100.217	945.149
17385	3.477	2.8814	1.6105	0.389853	98.9203	958.474
17390	3.478	2.85117	1.6105	0.387486	98.9332	969.31
17395	3.479	2.81915	1.6105	0.384862	100.211	977.79
17400	3.48	2.7853	1.6105	0.381981	102.679	984.086
17405	3.481	2.74968	1.6105	0.378842	106.285	988.334
17410	3.482	2.7123	1.6105	0.375447	110.966	991.367
17415	3.483	2.67427	1.6105	0.371934	115.878	992.617
17420	3.484	2.6346	1.6105	0.368178	121.754	992.251
17425	3.485	2.59336	1.6105	0.36419	128.465	990.401
17430	3.486	2.55064	1.6105	0.35998	135.934	987.194
17435	3.487	2.50649	1.6105	0.355551	144.097	982.728
17440	3.488	2.46095	1.6105	0.350911	152.894	977.088
17445	3.489	2.41407	1.6105	0.346066	162.247	970.414
17450	3.49	2.36595	1.6105	0.341025	172.1	962.779
17455	3.491	2.31665	1.6105	0.335797	182.379	954.296
17460	3.492	2.26626	1.6105	0.330393	193.016	945.03
17465	3.493	2.21485	1.6105	0.324822	203.952	935.088
17470	3.494	2.16252	1.6105	0.319096	215.112	924.546
17475	3.495	2.10937	1.6105	0.313225	226.451	913.465
17480	3.496	2.05546	1.6105	0.307221	237.915	901.912
17485	3.497	2.00088	1.6105	0.301092	249.454	889.975
17490	3.498	1.94575	1.6105	0.29485	261.023	877.669
17495	3.499	1.89009	1.6105	0.288504	272.581	865.077
17500	3.5	1.83403	1.6105	0.282065	284.097	852.236
17505	3.501	1.77763	1.6105	0.275542	295.528	839.182
17510	3.502	1.72096	1.62467	0.268944	306.852	825.971
17515	3.503	1.66412	1.68081	0.262281	318.037	812.623
17520	3.504	1.60715	1.73674	0.255561	329.059	799.171
17525	3.505	1.5698	1.79237	0.248793	339.902	785.66
17530	3.506	1.5698	1.84762	0.241984	350.544	772.108
17535	3.507	1.5698	1.90246	0.235144	360.958	758.537
17540	3.508	1.5698	1.9568	0.228279	371.135	744.961
17545	3.509	1.5698	2.0106	0.221396	381.055	731.414
17550	3.51	1.5698	2.0638	0.214502	390.701	717.909
17555	3.511	1.5698	2.11636	0.207604	400.061	704.452
17560	3.512	1.5698	2.13207	0.200709	409.124	714.758
17565	3.513	1.5698	2.12233	0.198014	395.023	740.646
17570	3.514	1.5698	2.10572	0.198276	366.514	769.088
17575	3.515	1.5698	2.09033	0.199356	336.254	794.605
17580	3.516	1.5698	2.07664	0.200314	309.386	817.088
17585	3.517	1.5698	2.0651	0.20109	285.836	836.436
17590	3.518	1.5698	2.05607	0.201631	265.521	852.659
17595	3.519	1.5698	2.04981	0.201893	248.302	865.752
17600	3.52	1.5698	2.04654	0.201842	234.026	875.771
17605	3.521	1.5698	2.04644	0.201448	222.543	882.797
17610	3.522	1.5698	2.04962	0.200689	213.708	886.943
17615	3.523	1.5698	2.05611	0.199549	207.37	888.317
17620	3.524	1.5698	2.06595	0.198017	203.363	887.057
17625	3.525	1.5698	2.07912	0.196088	201.56	883.323
17630	3.526	1.5698	2.09553	0.19376	201.803	877.273
17635	3.527	1.5698	2.11509	0.191036	203.926	869.061
17640	3.528	1.5698	2.1377	0.187923	207.777	858.859
17645	3.529	1.5698	2.16319	0.184432	213.214	846.845
17650	3.53	1.5698	2.17856	0.180575	220.061	841.775
17655	3.531	1.5698	2.18467	0.177869	220.06	842.803
17660	3.532	1.5698	2.18683	0.17623	214.262	846.08
17665	3.533	1.5698	2.18987	0.175047	206.447	848.289
17670	3.534	1.5698	2.19584	0.173762	199.826	848.05
17675	3.535	1.5698	2.20448	0.172125	195.611	845.719
17680	3.536	1.5698	2.21441	0.170172	193.448	842.31
17685	3.537	1.5698	2.22447	0.168055	192.333	838.653
17690	3.538	1.5698	2.23419	0.165911	191.441	835.082
17695	3.539	1.5698	2.24368	0.163795	190.458	831.538
17700	3.54	1.5698	2.25325	0.161695	189.465	827.786
17705	3.541	1.5698	2.2632	0.159573	188.658	823.659
17710	3.542	1.5698	2.27363	0.157395	188.212	819.097
17715	3.543	1.5698	2.28448	0.155151	188.171	814.14
17720	3.544	1.5698	2.29567	0.152843	188.481	808.882
17725	3.545	1.5698	2.30713	0.150481	189.065	803.378
17730	3.546	1.5698	2.31881	0.148075	189.869	797.658
17735	3.547	1.5698	2.33076	0.145627	190.85	791.725
17740	3.548	1.5698	2.34294	0.143136	192.029	785.569
17745	3.549	1.5698	2.35538	0.140601	193.384	779.207
17750	3.55	1.5698	2.36809	0.138019	194.924	772.633
17755	3.551	1.5698	2.38104	0.135392	196.645	765.857
17760	3.552	1.5698	2.39422	0.132719	198.523	758.907
17765	3.553	1.5698	2.40762	0.130003	200.552	751.78
17770	3.554	1.5698	2.42125	0.127243	202.721	744.479
17775	3.555	1.5698	2.43508	0.124441	205.028	737.036
17780	3.556	1.5698	2.44909	0.121598	207.452	729.432
17785	3.557	1.5698	2.4633	0.118714	209.981	721.68
17790	3.558	1.5698	2.47769	0.115789	212.627	713.788
17795	3.559	1.5698	2.49226	0.112824	215.366	705.761
17800	3.56	1.5698	2.50698	0.109821	218.204	697.608
17805	3.561	1.5698	2.52185	0.106779	221.115	689.325
17810	3.562	1.5698	2.53688	0.1037	224.106	680.923
17815	3.563	1.5698	2.55205	0.100584	227.174	672.408
17820	3.564	1.5698	2.56733	0.0974324	230.307	663.787
17825	3.565	1.5698	2.58273	0.0942458	233.498	655.044
17830	3.566	1.5698	2.59824	0.091025	236.732	646.203
17835	3.567	1.5698	2.61385	0.087771	240.024	637.266
17840	3.568	1.5698	2.62954	0.0844845	243.348	628.225
17845	3.569	1.5698	2.64533	0.0811665	246.709	619.099
17850	3.57	1.5698	2.66117	0.0778178	250.109	609.882
17855	3.571	1.5698	2.67708	0.0744394	253.528	600.573
17860	3.572	1.5698	2.69305	0.0710322	256.969	591.174
17865	3.573	1.5698	2.70906	0.0675971	260.426	581.701
17870	3.574	1.5698	2.7251	0.0641349	263.895	572.135
17875	3.575	1.5698	2.74118	0.0606468	267.374	562.504
17880	3.576	1.5698	2.75726	0.0571336	270.857	552.796
17885	3.577	1.5698	2.77335	0.0535963	274.33	543.012
17890	3.578	1.5698	2.78945	0.0500358	277.802	533.17
17895	3.579	1.5698	2.80553	0.0464532	281.27	523.254
17900	3.58	1.5698	2.8216	0.0428494	284.725	513.266
17905	3.581	1.5698	2.83764	0.0392253	288.16	503.225
17910	3.582	1.5698	2.85364	0.0355821	291.578	493.117
17915	3.583	1.5698	2.86961	0.0319206	294.968	482.952
17920	3.584	1.5698	2.88551	0.0282419	298.342	472.729
17925	3.585	1.5698	2.90137	0.024547	301.68	462.451
17930	3.586	1.5698	2.91714	0.020837	304.991	452.127
17935	3.587	1.5698	2.93284	0.0171127	308.256	441.754
17940	3.588	1.5698	2.94847	0.0133753	311.491	431.321
17945	3.589	1.5698	2.964	0.0096258	314.694	420.855
17950	3.59	1.5698	2.97942	0.00586517	317.847	410.34
17955	3.591	1.5698	2.99474	0.00209447	320.948	399.784
17960	3.592	1.5698	3.00993	-0.00168527	324.006	389.189
17965	3.593	1.5698	3.02501	-0.00547302	327.003	378.556
17970	3.594	1.5698	3.03995	-0.00926775	329.962	367.89
17975	3.595	1.5698	3.05477	-0.0130684	332.857	357.192
17980	3.596	1.5698	3.06943	-0.016874	335.706	346.465
17985	3.597	1.5698	3.08395	-0.0206834	338.486	335.706
17990	3.598	1.5698	3.0983	-0.0244956	341.211	324.922
17995	3.599	1.5698	3.11248	-0.0283097	343.874	314.131
18000	3.6	1.5698	3.12651	-0.0321245	346.466	303.306
18005	3.601	1.5698	3.14034	-0.035939	349.002	292.471
18010	3.602	1.5698	3.15397	-0.0397521	351.46	281.614
18015	3.603	1.5698	3.16742	-0.0435629	353.845	270.75
18020	3.604	1.5698	3.18068	-0.0473704	356.161	259.882
18025	3.605	1.5698	3.19373	-0.0511733	358.414	249.004
18030	3.606	1.5698	3.20658	-0.0549709	360.59	238.125
18035	3.607	1.5698	3.21919	-0.0587619	362.697	227.235
18040	3.608	1.5698	3.2316	-0.0625455	364.712	216.36
18045	3.609	1.5698	3.24377	-0.0663205	366.666	205.49
18050	3.61	1.5698	3.25572	-0.070086	368.536	194.624
18055	3.611	1.5698	3.26743	-0.0738409	370.327	183.774
18060	3.612	1.5698	3.27887	-0.0775842	372.043	172.939
18065	3.613	1.5698	3.29009	-0.081315	373.662	162.115
18070	3.614	1.5698	3.30105	-0.0850322	375.217	151.317
18075	3.615	1.5698	3.31174	-0.0887348	376.684	140.551
18080	3.616	1.5698	3.32218	-0.0924218	378.057	129.809
18085	3.617	1.5698	3.33234	-0.0960923	379.364	119.097
18090	3.618	1.5698	3.34225	-0.0997453	380.57	108.414
18095	3.619	1.5698	3.35188	-0.10338	381.712	97.7791
18100	3.62	1.5698	3.3612	-0.106995	382.76	87.185
18105	3.621	1.5698	3.37027	-0.110589	383.71	76.6269
18110	3.622	1.5698	3.37905	-0.114163	384.594	66.126
18115	3.623	1.5698	3.38751	-0.117713	385.387	55.6836
18120	3.624	1.5698	3.3957	-0.121241	386.082	45.2878
18125	3.625	1.5698	3.4036	-0.124744	386.698	34.9534
18130	3.626	1.5698	3.41119	-0.128223	387.239	24.683
18135	3.627	1.5698	3.41845	-0.131675	387.686	14.4777
18140	3.628	1.5698	3.42544	-0.1351	388.037	4.34529
18145	3.629	1.5698	3.4321	-0.138498	388.317	0
18150	3.63	1.5698	3.43848	-0.141867	388.501	0
18155	3.631	1.5698	3.44454	-0.145207	388.621	0
18160	3.632	1.5698	3.45031	-0.14852	388.654	0
18165	3.633	1.5698	3.45579	-0.151805	388.614	0
18170	3.634	1.5698	3.46097	-0.15506	388.511	0
18175	3.635	1.5698	3.46587	-0.158286	388.328	0
18180	3.636	1.5698	3.47048	-0.161483	388.088	0
18185	3.637	1.5698	3.4748	-0.16465	387.779	0
18190	3.638	1.5698	3.47885	-0.167788	387.421	0
18195	3.639	1.5698	3.48263	-0.170897	387.076	0
18200	3.64	1.5698	3.48612	-0.173977	386.809	0
18205	3.641	1.5698	3.48934	-0.177028	386.638	0
18210	3.642	1.5698	3.49232	-0.180049	386.586	0
18215	3.643	1.5698	3.49502	-0.183041	386.687	0
18220	3.644	1.5698	3.49749	-0.186004	386.905	0
18225	3.645	1.5698	3.49967	-0.188938	387.291	0
18230	3.646	1.5698	3.50162	-0.191842	387.801	0
18235	3.647	1.5698	3.50332	-0.194717	388.474	0
18240	3.648	1.5698	3.50478	-0.197562	389.315	0
18245	3.649	1.5698	3.50598	-0.200378	390.321	0
18250	3.65	1.5698	3.50694	-0.203165	391.507	0
18255	3.651	1.5698	3.50765	-0.20592	392.888	0
18260	3.652	1.5698	3.50809	-0.208644	394.48	0
18265	3.653	1.5698	3.50827	-0.211334	396.28	0
18270	3.654	1.5698	3.50816	-0.213988	398.325	0
18275	3.655	1.5698	3.50776	-0.216605	400.613	0
18280	3.656	1.5698	3.50704	-0.219183	403.176	0
18285	3.657	1.5698	3.50602	-0.22172	406.013	0
18290	3.658	1.5698	3.50468	-0.224213	409.177	0
18295	3.659	1.5698	3.50298	-0.226661	412.686	0
18300	3.66	1.5698	3.50095	-0.229061	416.538	0
18305	3.661	1.5698	3.49855	-0.23141	420.8	0
18310	3.662	1.5698	3.49575	-0.233706	425.471	0
18315	3.663	1.5698	3.49256	-0.235946	430.577	0
18320	3.664	1.5698	3.48899	-0.238128	436.161	0
18325	3.665	1.5698	3.485	-0.240251	442.267	0
18330	3.666	1.5698	3.48062	-0.242314	448.893	0
18335	3.667	1.5698	3.4758	-0.244315	456.096	0
18340	3.668	1.5698	3.47056	-0.24625	463.856	0
18345	3.669	1.5698	3.46482	-0.248116	472.213	0
18350	3.67	1.5698	3.4586	-0.249908	481.127	0
18355	3.671	1.5698	3.45186	-0.251623	490.617	0
18360	3.672	1.5698	3.4446	-0.253257	500.667	0
18365	3.673	1.5698	3.43677	-0.254806	511.264	0
18370	3.674	1.5698	3.42838	-0.256267	522.374	0
18375	3.675	1.5698	3.41938	-0.257636	533.98	0
18380	3.676	1.5698	3.40983	-0.25891	546.016	0
18385	3.677	1.5698	3.39965	-0.260088	558.482	0
18390	3.678	1.5698	3.38886	-0.261165	571.273	0
18395	3.679	1.5698	3.36903	-0.26214	584.358	0
18400	3.68	1.5698	3.34871	-0.261833	592.357	0
18405	3.681	1.5698	3.32794	-0.261428	600.968	0
18410	3.682	1.5698	3.30678	-0.260931	610.102	0
18415	3.683	1.5698	3.28521	-0.260344	619.674	0
18420	3.684	1.5698	3.26322	-0.259668	629.552	0
18425	3.685	1.5698	3.24084	-0.258903	639.617	0
18430	3.686	1.5698	3.21807	-0.258049	649.763	0
18435	3.687	1.5698	3.19492	-0.257108	659.853	0
18440	3.688	1.5698	3.17139	-0.256079	669.758	0
18445	3.689	1.5698	3.14749	-0.254963	679.363	0
18450	3.69	1.5698	3.12315	-0.253758	688.574	0
18455	3.691	1.5698	3.09835	-0.25246	697.278	0
18460	3.692	1.5698	3.07302	-0.25106	705.399	0
18465	3.693	1.5698	3.04712	-0.249553	712.866	0
18470	3.694	1.5698	3.02059	-0.247929	719.624	0
18475	3.695	1.5698	2.99339	-0.24618	725.638	0
18480	3.696	1.5698	2.96544	-0.244299	730.878	0
18485	3.697	1.5698	2.9367	-0.242276	735.311	0
18490	3.698	1.5698	2.90711	-0.240105	738.943	0
18495	3.699	1.5698	2.87668	-0.237778	741.749	0
18500	3.7	1.5698	2.84532	-0.23529	743.775	0
18505	3.701	1.5698	2.81301	-0.232635	745.002	0
18510	3.702	1.5698	2.77979	-0.229809	745.444	0
18515	3.703	1.5698	2.7456	-0.226809	745.161	0
18520	3.704	1.5698	2.71046	-0.223634	744.165	0
18525	3.705	1.5698	2.67434	-0.220282	742.491	0
18530	3.706	1.5698	2.63731	-0.216756	740.165	0
18535	3.707	1.5698	2.59937	-0.213055	737.249	0
18540	3.708	1.5698	2.56056	-0.209184	733.784	0
18545	3.709	1.5698	2.52089	-0.205145	729.811	0
18550	3.71	1.5698	2.48042	-0.200945	725.369	0
18555	3.711	1.5698	2.4392	-0.196588	720.516	0
18560	3.712	1.5698	2.39728	-0.192081	715.294	0
18565	3.713	1.5698	2.35472	-0.187431	709.759	0
18570	3.714	1.5698	2.31156	-0.182647	703.955	0
18575	3.715	1.5698	2.26792	-0.177736	697.915	0
18580	3.716	1.5698	2.22382	-0.172708	691.719	3.12343
18585	3.717	1.5698	2.17936	-0.167573	685.382	15.043
18590	3.718	1.5698	2.13462	-0.162339	678.96	26.6571
18595	3.719	1.5698	2.08972	-0.157022	672.51	37.885
18600	3.72	1.5698	2.04472	-0.151634	666.098	48.6865
18605	3.721	1.5698	1.99974	-0.146188	659.746	59.0159
18610	3.722	1.5698	1.95486	-0.140697	653.513	68.82
18615	3.723	1.5698	1.91019	-0.135174	647.444	78.0864
18620	3.724	1.5698	1.86575	-0.129629	641.579	86.7692
18625	3.725	1.5698	1.82169	-0.124074	635.915	94.8602
18630	3.726	1.5698	1.77817	-0.11852	630.518	102.214
18635	3.727	1.5698	1.73514	-0.112997	625.473	108.973
18640	3.728	1.5698	1.6926	-0.107492	620.712	115.159
18645	3.729	1.57569	1.65079	-0.102007	616.216	120.628
18650	3.73	1.62954	1.6105	-0.0965766	612.112	125.507
18655	3.731	1.68233	1.6105	-0.0911865	608.301	129.771
18660	3.732	1.73396	1.6105	-0.0858484	604.812	133.438
18665	3.733	1.7844	1.6105	-0.0805694	601.664	136.539
18670	3.734	1.83363	1.6105	-0.0753507	598.831	139.144
18675	3.735	1.8817	1.6105	-0.0701899	596.27	141.294
18680	3.736	1.92864	1.6105	-0.0650848	593.959	143.052
18685	3.737	1.97449	1.6105	-0.0600328	591.847	144.46
18690	3.738	2.01929	1.6105	-0.0550316	589.905	145.571
18695	3.739	2.06309	1.6105	-0.0500787	588.113	146.415
18700	3.74	2.10592	1.6105	-0.0451713	586.429	147.03
18705	3.741	2.14781	1.6105	-0.0403068	584.855	147.456
18710	3.742	2.1888	1.6105	-0.0354824	583.326	147.724
18715	3.743	2.22895	1.6105	-0.0306953	581.819	147.862
18720	3.744	2.26828	1.6105	-0.025943	580.328	147.891
18725	3.745	2.30681	1.6105	-0.0212228	578.839	147.849
18730	3.746	2.34462	1.6105	-0.016532	577.323	147.737
18735	3.747	2.38169	1.6105	-0.0118681	575.782	147.592
18740	3.748	2.41809	1.6105	-0.00722884	574.217	147.423
18745	3.749	2.45385	1.6105	-0.00261193	572.591	147.246
18750	3.75	2.48898	1.6105	0.0019848	570.91	147.065
18755	3.751	2.5235	1.6105	0.00656338	569.175	146.911
18760	3.752	2.55748	1.6105	0.0111257	567.378	146.772
18765	3.753	2.5909	1.6105	0.0156737	565.509	146.666
18770	3.754	2.6238	1.6105	0.0202091	563.56	146.602
18775	3.755	2.6562	1.6105	0.0247333	561.55	146.571
18780	3.756	2.68811	1.6105	0.029248	559.458	146.599
18785	3.757	2.71958	1.6105	0.0337546	557.277	146.674
18790	3.758	2.75059	1.6105	0.0382544	555.023	146.802
18795	3.759	2.78118	1.6105	0.0427486	552.697	146.996
18800	3.76	2.81137	1.6105	0.0472383	550.273	147.232
18805	3.761	2.84114	1.6105	0.0517245	547.777	147.538
18810	3.762	2.87055	1.6105	0.0562083	545.201	147.891
18815	3.763	2.89957	1.6105	0.0606904	542.549	148.305
18820	3.764	2.92824	1.6105	0.0651717	539.811	148.782
18825	3.765	2.95657	1.6105	0.0696529	536.997	149.307
18830	3.766	2.98455	1.6105	0.0741345	534.106	149.886
18835	3.767	3.0122	1.6105	0.0786172	531.132	150.516
18840	3.768	3.03953	1.6105	0.0831015	528.09	151.192
18845	3.769	3.06653	1.6105	0.0875877	524.981	151.914
18850	3.77	3.09323	1.6105	0.0920763	521.8	152.686
18855	3.771	3.11963	1.6105	0.0965676	518.548	153.498
18860	3.772	3.14573	1.6105	0.101062	515.236	154.343
18865	3.773	3.17153	1.6105	0.105559	511.859	155.232
18870	3.774	3.19705	1.6105	0.11006	508.416	156.155
18875	3.775	3.22229	1.6105	0.114563	504.915	157.096
18880	3.776	3.24723	1.6105	0.119071	501.354	158.082
18885	3.777	3.27191	1.6105	0.123582	497.737	159.079
18890	3.778	3.29629	1.6105	0.128096	494.072	160.102
18895	3.779	3.32041	1.6105	0.132613	490.352	161.152
18900	3.78	3.34426	1.6105	0.137134	486.582	162.207
18905	3.781	3.36783	1.6105	0.141658	482.767	163.282
18910	3.782	3.39113	1.6105	0.146185	478.904	164.357
18915	3.783	3.41415	1.6105	0.150714	475.01	165.455
18920	3.784	3.43692	1.6105	0.155246	471.068	166.547
18925	3.785	3.4594	1.6105	0.15978	467.087	167.646
18930	3.786	3.48162	1.6105	0.164316	463.068	168.741
18935	3.787	3.50356	1.6105	0.168854	459.014	169.839
18940	3.788	3.52523	1.6105	0.173393	454.935	170.934
18945	3.789	3.54664	1.6105	0.177932	450.818	172.017
18950	3.79	3.56777	1.6105	0.182473	446.683	173.085
18955	3.791	3.58861	1.6105	0.187013	442.514	174.148
18960	3.792	3.60918	1.6105	0.191552	438.319	175.202
18965	3.793	3.62949	1.6105	0.196091	434.107	176.226
18970	3.794	3.6495	1.6105	0.200629	429.87	177.245
18975	3.795	3.66924	1.6105	0.205165	425.626	178.236
18980	3.796	3.68869	1.6105	0.209698	421.354	179.21
18985	3.797	3.70786	1.6105	0.214229	417.066	180.161
18990	3.798	3.72674	1.6105	0.218756	412.772	181.086
18995	3.799	3.74533	1.6105	0.223279	408.467	181.985
19000	3.8	3.76363	1.6105	0.227798	404.153	182.863
19005	3.801	3.78166	1.6105	0.232311	399.83	183.708
19010	3.802	3.79938	1.6105	0.236819	395.499	184.523
19015	3.803	3.8168	1.6105	0.241321	391.164	185.295
19020	3.804	3.83391	1.6105	0.245816	386.828	186.043
19025	3.805	3.85073	1.6105	0.250303	382.487	186.764
19030	3.806	3.86726	1.6105	0.254782	378.151	187.437
19035	3.807	3.88347	1.6105	0.259252	373.813	188.08
19040	3.808	3.89937	1.6105	0.263713	369.48	188.68
19045	3.809	3.91496	1.6105	0.268163	365.15	189.241
19050	3.81	3.93023	1.6105	0.272603	360.829	189.765
19055	3.811	3.94519	1.6105	0.277032	356.51	190.256
19060	3.812	3.95985	1.6105	0.281448	352.21	189.137
19065	3.813	3.97167	1.6105	0.285561	349.513	186.456
19070	3.814	3.98055	1.6105	0.289357	348.38	182.888
19075	3.815	3.98743	1.6105	0.292935	348.173	179.262
19080	3.816	3.99353	1.6105	0.296436	348.062	175.918
19085	3.817	3.99942	1.6105	0.299922	347.69	172.834
19090	3.818	4.0051	1.6105	0.303394	347.093	169.996
19095	3.819	4.01058	1.6105	0.306852	346.278	167.376
19100	3.82	4.01586	1.6105	0.310297	345.261	164.968
19105	3.821	4.02095	1.6105	0.31373	344.066	162.752
19110	3.822	4.02586	1.6105	0.31715	342.714	160.714
19115	3.823	4.03059	1.6105	0.320557	341.21	158.827
19120	3.824	4.03513	1.6105	0.323952	339.567	157.092
19125	3.825	4.03949	1.6105	0.327335	337.797	155.494
19130	3.826	4.04369	1.6105	0.330705	335.914	154.023
19135	3.827	4.04772	1.6105	0.334062	333.925	152.644
19140	3.828	4.05154	1.6105	0.337406	331.847	151.384
19145	3.829	4.05522	1.6105	0.340737	329.678	150.199
19150	3.83	4.0587	1.6105	0.344054	327.429	149.105
19155	3.831	4.06202	1.6105	0.347357	325.113	148.084
19160	3.832	4.06516	1.6105	0.350646	322.737	147.115
19165	3.833	4.06811	1.6105	0.35392	320.307	146.209
19170	3.834	4.07089	1.6105	0.357179	317.825	145.346
19175	3.835	4.07348	1.6105	0.360422	315.302	144.521
19180	3.836	4.07588	1.6105	0.363648	312.737	143.734
19185	3.837	4.0781	1.6105	0.366858	310.146	142.978
19190	3.838	4.08013	1.6105	0.37005	307.529	142.241
19195	3.839	4.08196	1.6105	0.373224	304.892	141.52
19200	3.84	4.0836	1.6105	0.376379	302.232	140.811
19205	3.841	4.08504	1.6105	0.379515	299.575	140.117
19210	3.842	4.08629	1.6105	0.382631	296.898	139.434
19215	3.843	4.08735	1.6105	0.385726	294.232	138.735
19220	3.844	4.08818	1.6105	0.3888	291.555	138.05
19225	3.845	4.08883	1.6105	0.391852	288.889	137.347
19230	3.846	4.08926	1.6105	0.394882	286.236	136.631
19235	3.847	4.08946	1.6105	0.397888	283.587	135.915
19240	3.848	4.08947	1.6105	0.400871	280.961	135.172
19245	3.849	4.08925	1.6105	0.403829	278.347	108.763
19250	3.85	4.0476	1.6105	0.401666	304.556	84.4679
19255	3.851	4.00638	1.6105	0.399507	328.69	62.2547
19260	3.852	3.96581	1.6105	0.397379	350.774	42.1168
19265	3.853	3.92615	1.6105	0.39531	370.833	24.0049
19270	3.854	3.88758	1.6105	0.393328	388.892	7.876
19275	3.855	3.8503	1.6105	0.391456	405.006	0
19280	3.856	3.8144	1.6105	0.389706	419.293	0
19285	3.857	3.77987	1.6105	0.388081	431.88	0
19290	3.858	3.74594	1.6105	0.386486	443.451	0
19295	3.859	3.71369	1.6105	0.385055	453.341	0
19300	3.86	3.68331	1.6105	0.383809	461.552	0
19305	3.861	3.65484	1.6105	0.382762	468.139	0
19310	3.862	3.62835	1.6105	0.381918	473.181	0
19315	3.863	3.60348	1.6105	0.381239	477.005	0
19320	3.864	3.58063	1.6105	0.380774	479.415	0
19325	3.865	3.55977	1.6105	0.380521	480.501	0
19330	3.866	3.54087	1.6105	0.380479	480.341	0
19335	3.867	3.5239	1.6105	0.380651	479	0
19340	3.868	3.50888	1.6105	0.381034	476.544	0
19345	3.869	3.49575	1.6105	0.381627	473.048	0
19350	3.87	3.48444	1.6105	0.382424	468.584	0
19355	3.871	3.47489	1.6105	0.38342	463.227	0
19360	3.872	3.46701	1.6105	0.384608	457.048	0
19365	3.873	3.46074	1.6105	0.385979	450.139	0
19370	3.874	3.45597	1.6105	0.387525	442.558	0
19375	3.875	3.45261	1.6105	0.389237	434.373	0
19380	3.876	3.45055	1.6105	0.391103	425.67	0
19385	3.877	3.44969	1.6105	0.393113	416.509	0.342597
19390	3.878	3.44991	1.6105	0.395255	406.944	8.66752
19395	3.879	3.45114	1.6105	0.397519	397.042	17.1355
19400	3.88	3.4532	1.6105	0.39989	386.86	25.7407
19405	3.881	3.45602	1.6105	0.402355	376.462	17.6111
19410	3.882	3.43242	1.6105	0.401567	384.698	10.9704
19415	3.883	3.40975	1.6105	0.400865	391.428	5.85506
19420	3.884	3.38812	1.6105	0.400259	396.674	2.25555
19425	3.885	3.36756	1.6105	0.399757	400.481	0.174133
19430	3.886	3.34806	1.6105	0.399362	402.923	0
19435	3.887	3.32943	1.6105	0.399045	404.242	0.458745
19440	3.888	3.3119	1.6105	0.398836	404.318	3.07368
19445	3.889	3.2954	1.6105	0.398736	403.172	7.48902
19450	3.89	3.27998	1.6105	0.398744	400.833	13.8416
19455	3.891	3.2656	1.6105	0.39886	397.316	22.3234
19460	3.892	3.25225	1.6105	0.39908	392.643	33.1324
19465	3.893	3.23986	1.6105	0.399403	386.842	46.5355
19470	3.894	3.22839	1.6105	0.399822	379.912	62.8278
19475	3.895	3.21779	1.6105	0.400332	371.891	82.3143
19480	3.896	3.20799	1.6105	0.400925	362.776	105.31
19485	3.897	3.19891	1.6105	0.401593	352.577	127.712
19490	3.898	3.18345	1.6105	0.401461	346.164	154.425
19495	3.899	3.16859	1.6105	0.401383	338.335	185.537
19500	3.9	3.15427	1.6105	0.401353	329.085	220.989
19505	3.901	3.14043	1.6105	0.40136	318.448	260.511
19510	3.902	3.12699	1.6105	0.401396	306.447	303.598
19515	3.903	3.11378	1.6105	0.401446	293.163	349.289
19520	3.904	3.1002	1.6105	0.401429	279.056	397.132
19525	3.905	3.08663	1.6105	0.401398	263.82	446.284
19530	3.906	3.073	1.6105	0.401338	247.66	495.84
19535	3.907	3.05915	1.6105	0.401233	231.288	545.008
19540	3.908	3.04505	1.6105	0.40108	215.163	592.916
19545	3.909	3.03049	1.6105	0.40085	199.731	638.887
19550	3.91	3.01532	1.6105	0.400523	185.224	682.37
19555	3.911	2.99935	1.6105	0.400082	171.807	723.045
19560	3.912	2.98252	1.6105	0.39951	159.567	760.672
19565	3.913	2.96467	1.6105	0.398791	148.584	795.147
19570	3.914	2.94568	1.6105	0.397907	138.902	826.446
19575	3.915	2.92546	1.6105	0.396845	130.539	854.584
19580	3.916	2.90387	1.6105	0.395591	123.513	879.638
19585	3.917	2.88085	1.6105	0.394134	117.818	901.737
19590	3.918	2.85637	1.6105	0.392464	113.445	920.959
19595	3.919	2.83029	1.6105	0.390573	110.368	937.487
19600	3.92	2.80266	1.6105	0.388455	108.551	951.427
19605	3.921	2.77339	1.6105	0.386105	107.955	962.943
19610	3.922	2.7425	1.6105	0.38352	108.544	972.17
19615	3.923	2.70997	1.6105	0.3807	110.255	979.253
19620	3.924	2.67581	1.6105	0.377642	113.042	984.337
19625	3.925	2.64004	1.6105	0.374348	116.842	987.539
19630	3.926	2.60265	1.6105	0.370819	121.605	989.996
19635	3.927	2.56528	1.6105	0.367251	126.171	990.628
19640	3.928	2.52613	1.6105	0.363429	131.802	989.779
19645	3.929	2.48558	1.6105	0.359395	138.207	987.594
19650	3.93	2.44372	1.6105	0.35516	145.271	984.173
19655	3.931	2.4006	1.6105	0.35073	152.958	979.597
19660	3.932	2.35624	1.6105	0.346109	161.204	973.969
19665	3.933	2.3107	1.6105	0.341304	169.945	967.393
19670	3.934	2.26407	1.6105	0.336323	179.121	959.947
19675	3.935	2.2164	1.6105	0.331175	188.679	951.719
19680	3.936	2.16776	1.6105	0.325869	198.552	942.809
19685	3.937	2.11827	1.6105	0.320413	208.681	933.258
19690	3.938	2.06795	1.6105	0.314819	219.022	923.155
19695	3.939	2.0169	1.6105	0.309094	229.513	912.571
19700	3.94	1.96521	1.6105	0.303249	240.109	901.555
19705	3.941	1.91295	1.6105	0.297292	250.777	890.168
19710	3.942	1.86018	1.6105	0.291233	261.478	878.444
19715	3.943	1.80697	1.6105	0.285079	272.173	866.448
19720	3.944	1.75341	1.6105	0.27884	282.837	854.209
19725	3.945	1.69955	1.64098	0.272524	293.428	841.768
19730	3.946	1.64546	1.69457	0.266139	303.937	829.154
19735	3.947	1.59119	1.74801	0.259692	314.333	816.409
19740	3.948	1.5698	1.80124	0.253192	324.59	803.549
19745	3.949	1.5698	1.8542	0.246646	334.695	790.617
19750	3.95	1.5698	1.90682	0.240061	344.63	777.619
19755	3.951	1.5698	1.95906	0.233444	354.365	764.586
19760	3.952	1.5698	2.01086	0.226802	363.896	751.536
19765	3.953	1.5698	2.06216	0.22014	373.206	738.483
19770	3.954	1.5698	2.11291	0.213465	382.271	725.444
19775	3.955	1.5698	2.16309	0.206783	391.076	712.438
19780	3.956	1.5698	2.21264	0.200099	399.62	699.458
19785	3.957	1.5698	2.26153	0.193419	407.882	686.52
19790	3.958	1.5698	2.26527	0.186749	415.865	703.169
19795	3.959	1.5698	2.2449	0.185272	395.468	734.443
19800	3.96	1.5698	2.22291	0.186627	361.874	764.537
19805	3.961	1.5698	2.20232	0.188196	330.146	791.54
19810	3.962	1.5698	2.18363	0.189629	301.933	815.337
19815	3.963	1.5698	2.16728	0.190862	277.177	835.841
19820	3.964	1.5698	2.15364	0.191841	255.762	853.061
19825	3.965	1.5698	2.14299	0.192522	237.559	867.001
19830	3.966	1.5698	2.13554	0.19287	222.407	877.728
19835	3.967	1.5698	2.13146	0.192855	210.155	885.329
19840	3.968	1.5698	2.13087	0.192454	200.645	889.915
19845	3.969	1.5698	2.1338	0.191651	193.737	891.613
19850	3.97	1.5698	2.14029	0.190436	189.266	890.567
19855	3.971	1.5698	2.1503	0.188803	187.089	886.951
19860	3.972	1.5698	2.16375	0.18675	187.044	880.91
19865	3.973	1.5698	2.18056	0.184283	188.973	872.637
19870	3.974	1.5698	2.20056	0.181408	192.717	862.288
19875	3.975	1.5698	2.22364	0.178136	198.102	850.065
19880	3.976	1.5698	2.2496	0.174481	204.981	836.142
19885	3.977	1.5698	2.27823	0.170459	213.18	820.687
19890	3.978	1.5698	2.29588	0.166089	222.536	812.969
19895	3.979	1.5698	2.30241	0.162969	224.386	812.808
19900	3.98	1.5698	2.30356	0.161139	219.2	815.961
19905	3.981	1.5698	2.30511	0.159933	211.13	818.353
19910	3.982	1.5698	2.30956	0.158681	204.026	818.316
19915	3.983	1.5698	2.31694	0.157084	199.395	815.951
19920	3.984	1.5698	2.32729	0.155136	197.077	811.351
19925	3.985	1.5698	2.33727	0.152829	196.908	806.908
19930	3.986	1.5698	2.34639	0.150554	196.62	802.958
19935	3.987	1.5698	2.35496	0.148371	195.897	799.253
19940	3.988	1.5698	2.36359	0.14624	194.97	795.356
19945	3.989	1.5698	2.37271	0.14409	194.233	791.008
19950	3.99	1.5698	2.38241	0.141874	193.939	786.156
19955	3.991	1.5698	2.39258	0.139578	194.117	780.889
19960	3.992	1.5698	2.40307	0.137214	194.671	775.327
19965	3.993	1.5698	2.41379	0.134799	195.478	769.561
19970	3.994	1.5698	2.4247	0.132345	196.469	763.616
19975	3.995	1.5698	2.43581	0.129856	197.603	757.483
19980	3.996	1.5698	2.44715	0.127329	198.896	751.152
19985	3.997	1.5698	2.45874	0.124761	200.355	744.597
19990	3.998	1.5698	2.47058	0.122148	201.986	737.852
19995	3.999	1.5698	2.48267	0.119491	203.783	730.911
20000	4	1.5698	2.49495	0.116791	205.734	723.806
20005	4.001	1.5698	2.50745	0.114051	207.808	716.531
20010	4.002	1.5698	2.52014	0.11127	210.018	709.104
20015	4.003	1.5698	2.53302	0.108451	212.333	701.535
20020	4.004	1.5698	2.54607	0.105593	214.759	693.81
20025	4.005	1.5698	2.5593	0.102698	217.275	685.961
20030	4.006	1.5698	2.5727	0.0997643	219.891	677.966
20035	4.007	1.5698	2.58623	0.0967944	222.597	669.854
20040	4.008	1.5698	2.59993	0.0937885	225.371	661.614
20045	4.009	1.5698	2.61376	0.0907475	228.228	653.266
20050	4.01	1.5698	2.62771	0.0876721	231.145	644.793
20055	4.011	1.5698	2.64179	0.0845632	234.119	636.228
20060	4.012	1.5698	2.65598	0.0814216	237.157	627.545
20065	4.013	1.5698	2.67026	0.0782482	240.236	618.758
20070	4.014	1.5698	2.68465	0.0750437	243.358	609.888
20075	4.015	1.5698	2.69911	0.071809	246.522	600.915
20080	4.016	1.5698	2.71364	0.068545	249.712	591.851
20085	4.017	1.5698	2.72825	0.0652526	252.927	582.708
20090	4.018	1.5698	2.7429	0.0619327	256.174	573.471
20095	4.019	1.5698	2.75762	0.0585861	259.429	564.16
20100	4.02	1.5698	2.77236	0.0552138	262.707	554.77
20105	4.021	1.5698	2.78713	0.0518168	265.982	545.294
20110	4.022	1.5698	2.80194	0.0483959	269.265	535.757
20115	4.023	1.5698	2.81673	0.044952	272.558	526.144
20120	4.024	1.5698	2.83155	0.0414862	275.834	516.469
20125	4.025	1.5698	2.84637	0.0379994	279.111	506.729
20130	4.026	1.5698	2.86117	0.0344925	282.385	496.915
20135	4.027	1.5698	2.87594	0.0309665	285.636	487.051
20140	4.028	1.5698	2.89068	0.0274224	288.867	477.126
20145	4.029	1.5698	2.9054	0.0238611	292.073	467.141
20150	4.03	1.5698	2.92006	0.0202836	295.272	457.096
20155	4.031	1.5698	2.93466	0.016691	298.428	447.017
20160	4.032	1.5698	2.94921	0.0130842	301.555	436.874
20165	4.033	1.5698	2.96369	0.00946415	304.657	426.693
20170	4.034	1.5698	2.97808	0.00583192	307.72	416.456
20175	4.035	1.5698	2.99239	0.00218849	310.739	406.189
20180	4.036	1.5698	3.00661	-0.00146514	313.721	395.874
20185	4.037	1.5698	3.02073	-0.00512796	316.663	385.519
20190	4.038	1.5698	3.03475	-0.00879896	319.555	375.131
20195	4.039	1.5698	3.04864	-0.0124771	322.407	364.716
20200	4.04	1.5698	3.0624	-0.0161615	325.202	354.259
20205	4.041	1.5698	3.07606	-0.019851	327.938	343.776
20210	4.042	1.5698	3.08954	-0.0235446	330.636	333.268
20215	4.043	1.5698	3.10291	-0.0272413	333.257	322.746
20220	4.044	1.5698	3.11612	-0.0309402	335.832	312.191
20225	4.045	1.5698	3.12916	-0.0346402	338.349	301.622
20230	4.046	1.5698	3.14205	-0.0383402	340.792	291.037
20235	4.047	1.5698	3.15477	-0.0420393	343.182	280.44
20240	4.048	1.5698	3.16731	-0.0457365	345.506	269.827
20245	4.049	1.5698	3.17967	-0.0494307	347.76	259.214
20250	4.05	1.5698	3.19183	-0.053121	349.951	248.587
20255	4.051	1.5698	3.20379	-0.0568062	352.068	237.965
20260	4.052	1.5698	3.21558	-0.0604856	354.105	227.343
20265	4.053	1.5698	3.22714	-0.0641579	356.09	216.72
20270	4.054	1.5698	3.23849	-0.0678223	357.988	206.112
20275	4.055	1.5698	3.24963	-0.0714778	359.82	195.502
20280	4.056	1.5698	3.26052	-0.0751232	361.572	184.912
20285	4.057	1.5698	3.27122	-0.0787578	363.238	174.343
20290	4.058	1.5698	3.28167	-0.0823804	364.845	163.784
20295	4.059	1.5698	3.29188	-0.0859901	366.363	153.256
20300	4.06	1.5698	3.30185	-0.0895859	367.807	142.748
20305	4.061	1.5698	3.31157	-0.0931669	369.168	132.26
20310	4.062	1.5698	3.32105	-0.0967321	370.454	121.818
20315	4.063	1.5698	3.33025	-0.100281	371.663	111.404
20320	4.064	1.5698	3.3392	-0.103811	372.776	101.025
20325	4.065	1.5698	3.3479	-0.107323	373.815	90.701
20330	4.066	1.5698	3.35633	-0.110816	374.779	80.4117
20335	4.067	1.5698	3.36448	-0.114288	375.662	70.1737
20340	4.068	1.5698	3.37237	-0.117738	376.453	59.9896
20345	4.069	1.5698	3.37996	-0.121166	377.173	49.8535
20350	4.07	1.5698	3.38727	-0.124571	377.798	39.7802
20355	4.071	1.5698	3.39429	-0.127952	378.344	29.7781
20360	4.072	1.5698	3.40104	-0.131308	378.809	19.8355
20365	4.073	1.5698	3.40747	-0.134637	379.191	9.96806
20370	4.074	1.5698	3.41364	-0.13794	379.484	0.163392
20375	4.075	1.5698	3.41949	-0.141215	379.708	0
20380	4.076	1.5698	3.42507	-0.144462	379.837	0
20385	4.077	1.5698	3.43036	-0.147681	379.905	0
20390	4.078	1.5698	3.43537	-0.150874	379.898	0
20395	4.079	1.5698	3.44011	-0.154038	379.822	0
20400	4.08	1.5698	3.44454	-0.157173	379.683	0
20405	4.081	1.5698	3.44872	-0.160279	379.467	0
20410	4.082	1.5698	3.45262	-0.163357	379.252	0
20415	4.083	1.5698	3.45624	-0.166406	379.095	0
20420	4.084	1.5698	3.4596	-0.169426	379.022	0
20425	4.085	1.5698	3.4627	-0.172417	379.069	0
20430	4.086	1.5698	3.46555	-0.17538	379.248	0
20435	4.087	1.5698	3.46813	-0.178314	379.565	0
20440	4.088	1.5698	3.47047	-0.181219	380.009	0
20445	4.089	1.5698	3.47255	-0.184095	380.604	0
20450	4.09	1.5698	3.4744	-0.186943	381.337	0
20455	4.091	1.5698	3.47598	-0.189761	382.247	0
20460	4.092	1.5698	3.47735	-0.192551	383.3	0
20465	4.093	1.5698	3.47847	-0.195311	384.553	0
20470	4.094	1.5698	3.47935	-0.198042	385.988	0
20475	4.095	1.5698	3.47995	-0.200743	387.627	0
20480	4.096	1.5698	3.48033	-0.203412	389.473	0
20485	4.097	1.5698	3.4804	-0.206048	391.568	0
20490	4.098	1.5698	3.48023	-0.208648	393.893	0
20495	4.099	1.5698	3.47973	-0.211211	396.507	0
20500	4.1	1.5698	3.47895	-0.213734	399.385	0
20505	4.101	1.5698	3.47785	-0.216216	402.585	0
20510	4.102	1.5698	3.47642	-0.218654	406.119	0
20515	4.103	1.5698	3.47461	-0.221045	410.009	0
20520	4.104	1.5698	3.47249	-0.223388	414.265	0
20525	4.105	1.5698	3.46997	-0.225679	418.959	0
20530	4.106	1.5698	3.46705	-0.227916	424.074	0
20535	4.107	1.5698	3.46374	-0.230096	429.654	0
20540	4.108	1.5698	3.46006	-0.232218	435.741	0
20545	4.109	1.5698	3.45596	-0.234281	442.375	0
20550	4.11	1.5698	3.45145	-0.236283	449.555	0
20555	4.111	1.5698	3.44647	-0.238221	457.314	0
20560	4.112	1.5698	3.44107	-0.240091	465.634	0
20565	4.113	1.5698	3.43514	-0.241889	474.555	0
20570	4.114	1.5698	3.42871	-0.243611	484.031	0
20575	4.115	1.5698	3.42177	-0.245253	494.079	0
20580	4.116	1.5698	3.41426	-0.246812	504.692	0
20585	4.117	1.5698	3.40616	-0.248283	515.818	0
20590	4.118	1.5698	3.39752	-0.249663	527.432	0
20595	4.119	1.5698	3.38825	-0.25095	539.527	0
20600	4.12	1.5698	3.37838	-0.25214	552.015	0
20605	4.121	1.5698	3.3679	-0.253231	564.87	0
20610	4.122	1.5698	3.35678	-0.25422	578.03	0
20615	4.123	1.5698	3.34503	-0.255105	591.408	0
20620	4.124	1.5698	3.33263	-0.255883	604.944	0
20625	4.125	1.5698	3.31957	-0.256552	618.556	0
20630	4.126	1.5698	3.30586	-0.257111	632.163	0
20635	4.127	1.5698	3.29149	-0.257557	645.688	0
20640	4.128	1.5698	3.27644	-0.25789	659.044	0
20645	4.129	1.5698	3.26073	-0.258107	672.123	0
20650	4.13	1.5698	3.24431	-0.258206	684.827	0
20655	4.131	1.5698	3.22715	-0.258182	697.023	0
20660	4.132	1.5698	3.20922	-0.25803	708.582	0
20665	4.133	1.5698	3.19047	-0.257744	719.421	0
20670	4.134	1.5698	3.17087	-0.257316	729.435	0
20675	4.135	1.5698	3.15035	-0.256739	738.584	0
20680	4.136	1.5698	3.12887	-0.256006	746.787	0
20685	4.137	1.5698	3.1064	-0.255108	754.03	0
20690	4.138	1.5698	3.08286	-0.254038	760.303	0
20695	4.139	1.5698	3.05824	-0.252788	765.565	0
20700	4.14	1.5698	3.03249	-0.251351	769.846	0
20705	4.141	1.5698	3.00559	-0.249721	773.146	0
20710	4.142	1.5698	2.97747	-0.247891	775.487	0
20715	4.143	1.5698	2.94815	-0.245857	776.877	0
20720	4.144	1.5698	2.91761	-0.243616	777.366	0
20725	4.145	1.5698	2.88588	-0.241165	776.979	0
20730	4.146	1.5698	2.85291	-0.238504	775.781	0
20735	4.147	1.5698	2.81876	-0.235632	773.786	0
20740	4.148	1.5698	2.78343	-0.23255	771.067	0
20745	4.149	1.5698	2.74698	-0.229261	767.664	0
20750	4.15	1.5698	2.70939	-0.225769	763.641	0
20755	4.151	1.5698	2.67077	-0.222078	759.026	0
20760	4.152	1.5698	2.63114	-0.218194	753.904	0
20765	4.153	1.5698	2.59056	-0.214124	748.324	0
20770	4.154	1.5698	2.54907	-0.209875	742.332	0
20775	4.155	1.5698	2.50677	-0.205456	735.978	0
20780	4.156	1.5698	2.46373	-0.200876	729.333	0
20785	4.157	1.5698	2.41998	-0.196143	722.452	0
20790	4.158	1.5698	2.37565	-0.191269	715.358	0
20795	4.159	1.5698	2.3308	-0.186265	708.138	0
20800	4.16	1.5698	2.28552	-0.18114	700.82	0
20805	4.161	1.5698	2.23988	-0.175906	693.461	7.42014
20810	4.162	1.5698	2.19396	-0.170574	686.104	20.105
20815	4.163	1.5698	2.1479	-0.165159	678.779	32.309
20820	4.164	1.5698	2.10179	-0.159674	671.564	43.9885
20825	4.165	1.5698	2.05574	-0.154134	664.497	55.0826
20830	4.166	1.5698	2.00983	-0.148555	657.632	65.5703
20835	4.167	1.5698	1.96419	-0.142948	650.99	75.4059
20840	4.168	1.5698	1.91888	-0.137328	644.639	84.5768
20845	4.169	1.5698	1.87404	-0.131706	638.575	92.9911
20850	4.17	1.5698	1.82972	-0.126102	632.876	100.7
20855	4.171	1.5698	1.78599	-0.12052	627.528	107.7
20860	4.172	1.5698	1.7429	-0.114971	622.551	113.983
20865	4.173	1.5698	1.7005	-0.109462	617.944	119.555
20870	4.174	1.5698	1.65887	-0.104003	613.714	124.435
20875	4.175	1.61894	1.61804	-0.0986017	609.878	128.626
20880	4.176	1.67133	1.6105	-0.0932637	606.431	132.157
20885	4.177	1.7224	1.6105	-0.0879952	603.364	135.091
20890	4.178	1.77219	1.6105	-0.0827941	600.647	137.489
20895	4.179	1.82073	1.6105	-0.0776579	598.239	139.425
20900	4.18	1.86809	1.6105	-0.0725835	596.087	140.941
20905	4.181	1.91429	1.6105	-0.0675683	594.158	142.099
20910	4.182	1.95939	1.6105	-0.0626093	592.443	142.941
20915	4.183	2.00342	1.6105	-0.0577035	590.882	143.508
20920	4.184	2.04643	1.6105	-0.0528479	589.451	143.858
20925	4.185	2.08848	1.6105	-0.0480392	588.124	144.002
20930	4.186	2.12958	1.6105	-0.0432743	586.874	143.992
20935	4.187	2.1698	1.6105	-0.03855	585.664	143.864
20940	4.188	2.20918	1.6105	-0.0338634	584.462	143.635
20945	4.189	2.24775	1.6105	-0.0292113	583.278	143.337
20950	4.19	2.28556	1.6105	-0.0245909	582.051	142.979
20955	4.191	2.32262	1.6105	-0.0199994	580.799	142.596
20960	4.192	2.35899	1.6105	-0.0154342	579.509	142.197
20965	4.193	2.3947	1.6105	-0.0108927	578.159	141.804
20970	4.194	2.42978	1.6105	-0.00637258	576.744	141.426
20975	4.195	2.46426	1.6105	-0.00187147	575.275	141.07
20980	4.196	2.49816	1.6105	0.00261277	573.722	140.755
20985	4.197	2.53152	1.6105	0.00708218	572.101	140.486
20990	4.198	2.56437	1.6105	0.0115387	570.394	140.269
20995	4.199	2.59671	1.6105	0.0159841	568.605	140.107
21000	4.2	2.62858	1.6105	0.0204202	566.738	140.004
21005	4.201	2.65999	1.6105	0.0248484	564.775	139.964
21010	4.202	2.69096	1.6105	0.0292702	562.721	139.996
21015	4.203	2.72152	1.6105	0.0336871	560.581	140.093
21020	4.204	2.75168	1.6105	0.0381003	558.351	140.263
21025	4.205	2.78145	1.6105	0.0425109	556.035	140.502
21030	4.206	2.81086	1.6105	0.04692	553.621	140.815
21035	4.207	2.83991	1.6105	0.0513286	551.121	141.187
21040	4.208	2.8686	1.6105	0.0557376	548.546	141.629
21045	4.209	2.89697	1.6105	0.0601478	545.869	142.135
21050	4.21	2.925	1.6105	0.0645599	543.117	142.709
21055	4.211	2.95273	1.6105	0.0689745	540.279	143.342
21060	4.212	2.98015	1.6105	0.0733923	537.363	144.034
21065	4.213	3.00727	1.6105	0.0778137	534.372	144.784
21070	4.214	3.0341	1.6105	0.0822391	531.295	145.588
21075	4.215	3.06064	1.6105	0.086669	528.151	146.441
21080	4.216	3.08691	1.6105	0.0911037	524.93	147.332
21085	4.217	3.11288	1.6105	0.0955434	521.632	148.284
21090	4.218	3.13861	1.6105	0.0999883	518.277	149.267
21095	4.219	3.16406	1.6105	0.104439	514.848	150.286
21100	4.22	3.18925	1.6105	0.108894	511.366	151.346
21105	4.221	3.21418	1.6105	0.113356	507.809	152.434
21110	4.222	3.23885	1.6105	0.117822	504.201	153.552
21115	4.223	3.26327	1.6105	0.122295	500.542	154.691
21120	4.224	3.28743	1.6105	0.126773	496.822	155.854
21125	4.225	3.31133	1.6105	0.131256	493.046	157.036
21130	4.226	3.33499	1.6105	0.135744	489.222	158.232
21135	4.227	3.35839	1.6105	0.140237	485.355	159.437
21140	4.228	3.38153	1.6105	0.144735	481.442	160.663
21145	4.229	3.40444	1.6105	0.149238	477.476	161.891
21150	4.23	3.4271	1.6105	0.153745	473.481	163.12
21155	4.231	3.44949	1.6105	0.158256	469.441	164.346
21160	4.232	3.47162	1.6105	0.16277	465.359	165.583
21165	4.233	3.49352	1.6105	0.167288	461.259	166.803
21170	4.234	3.51515	1.6105	0.171809	457.107	168.024
21175	4.235	3.53652	1.6105	0.176332	452.935	169.239
21180	4.236	3.55765	1.6105	0.180858	448.735	170.44
21185	4.237	3.57851	1.6105	0.185385	444.511	171.636
21190	4.238	3.59912	1.6105	0.189913	440.258	172.805
21195	4.239	3.61945	1.6105	0.194442	435.974	173.96
21200	4.24	3.63951	1.6105	0.198971	431.681	175.092
21205	4.241	3.65931	1.6105	0.2035	427.365	176.21
21210	4.242	3.67884	1.6105	0.208028	423.028	177.304
21215	4.243	3.69811	1.6105	0.212555	418.686	178.377
21220	4.244	3.7171	1.6105	0.21708	414.325	179.416
21225	4.245	3.73581	1.6105	0.221602	409.948	180.434
21230	4.246	3.75425	1.6105	0.226122	405.56	181.424
21235	4.247	3.7724	1.6105	0.230637	401.171	182.372
21240	4.248	3.79026	1.6105	0.235149	396.77	183.295
21245	4.249	3.80784	1.6105	0.239655	392.361	184.191
21250	4.25	3.82515	1.6105	0.244156	387.953	185.044
21255	4.251	3.84214	1.6105	0.248651	383.538	184.185
21260	4.252	3.85616	1.6105	0.252833	380.788	181.236
21265	4.253	3.86639	1.6105	0.256611	380.104	176.769
21270	4.254	3.87355	1.6105	0.260052	380.95	171.776
21275	4.255	3.87907	1.6105	0.263318	382.362	167.206
21280	4.256	3.88443	1.6105	0.266576	383.39	163.05
21285	4.257	3.88967	1.6105	0.269827	384.06	159.261
21290	4.258	3.89479	1.6105	0.273074	384.406	155.822
21295	4.259	3.89979	1.6105	0.276315	384.441	152.704
21300	4.26	3.90468	1.6105	0.279553	384.2	149.884
21305	4.261	3.90948	1.6105	0.282788	383.703	147.344
21310	4.262	3.91418	1.6105	0.286019	382.965	145.053
21315	4.263	3.91879	1.6105	0.289249	382.011	143.003
21320	4.264	3.92332	1.6105	0.292476	380.852	141.172
21325	4.265	3.92776	1.6105	0.295701	379.5	139.54
21330	4.266	3.93213	1.6105	0.298924	377.976	138.086
21335	4.267	3.93641	1.6105	0.302145	376.299	136.8
21340	4.268	3.9406	1.6105	0.305364	374.462	135.657
21345	4.269	3.94471	1.6105	0.30858	372.496	134.662
21350	4.27	3.94874	1.6105	0.311794	370.4	133.786
21355	4.271	3.95268	1.6105	0.315004	368.191	133.017
21360	4.272	3.95652	1.6105	0.318212	365.874	132.351
21365	4.273	3.96027	1.6105	0.321415	363.465	131.778
21370	4.274	3.96394	1.6105	0.324614	360.962	131.276
21375	4.275	3.96749	1.6105	0.327808	358.383	130.838
21380	4.276	3.97093	1.6105	0.330997	355.73	130.474
21385	4.277	3.97429	1.6105	0.334179	353.015	130.149
21390	4.278	3.97752	1.6105	0.337355	350.246	129.875
21395	4.279	3.98064	1.6105	0.340523	347.423	129.632
21400	4.28	3.98364	1.6105	0.343683	344.56	129.418
21405	4.281	3.98651	1.6105	0.346834	341.656	129.234
21410	4.282	3.98926	1.6105	0.349976	338.719	129.059
21415	4.283	3.99187	1.6105	0.353107	335.757	128.894
21420	4.284	3.99433	1.6105	0.356227	332.777	128.742
21425	4.285	3.99666	1.6105	0.359335	329.776	128.58
21430	4.286	3.99883	1.6105	0.36243	326.763	128.416
21435	4.287	4.00084	1.6105	0.365513	323.75	128.26
21440	4.288	4.00272	1.6105	0.36858	320.731	128.088
21445	4.289	4.00443	1.6105	0.371633	317.718	127.896
21450	4.29	4.00596	1.6105	0.37467	314.699	127.686
21455	4.291	4.00732	1.6105	0.377691	311.697	127.466
21460	4.292	4.00852	1.6105	0.380694	308.708	127.216
21465	4.293	4.00953	1.6105	0.383679	305.732	126.94
21470	4.294	4.01036	1.6105	0.386645	302.778	126.655
21475	4.295	4.01103	1.6105	0.389592	299.842	126.351
21480	4.296	4.01152	1.6105	0.392523	296.909	126.037
21485	4.297	4.01186	1.6105	0.395438	293.969	125.731
21490	4.298	4.01207	1.6105	0.398339	291.022	125.461
21495	4.299	4.01219	1.6105	0.40123	288.044	125.194
21500	4.3	4.01219	1.6105	0.40411	285.033	98.2306
21505	4.301	3.96918	1.6105	0.401672	312.013	73.4819
21510	4.302	3.9267	1.6105	0.399249	336.797	50.9532
21515	4.303	3.88506	1.6105	0.396877	359.387	30.6122
21520	4.304	3.84448	1.6105	0.394587	379.783	12.4706
21525	4.305	3.80525	1.6105	0.392409	398.029	0
21530	4.306	3.76749	1.6105	0.390368	414.179	0
21535	4.307	3.73135	1.6105	0.38848	428.308	0
21540	4.308	3.69687	1.6105	0.386749	440.574	0
21545	4.309	3.66351	1.6105	0.385114	451.464	0
21550	4.31	3.63205	1.6105	0.383668	460.558	0
21555	4.311	3.6026	1.6105	0.38243	467.87	0
21560	4.312	3.57525	1.6105	0.381411	473.464	0
21565	4.313	3.54989	1.6105	0.3806	477.521	0
21570	4.314	3.52666	1.6105	0.380018	480.004	0
21575	4.315	3.5056	1.6105	0.379668	481.003	0
21580	4.316	3.48668	1.6105	0.379552	480.58	0
21585	4.317	3.46991	1.6105	0.379672	478.815	0
21590	4.318	3.45523	1.6105	0.380025	475.784	0
21595	4.319	3.44259	1.6105	0.380609	471.572	0
21600	4.32	3.43196	1.6105	0.381416	466.264	0
21605	4.321	3.42323	1.6105	0.382441	459.939	0
21610	4.322	3.41629	1.6105	0.383673	452.699	0
21615	4.323	3.41107	1.6105	0.385104	444.61	0
21620	4.324	3.40742	1.6105	0.386722	435.77	0
21625	4.325	3.40527	1.6105	0.388514	426.246	0
21630	4.326	3.40448	1.6105	0.39047	416.121	2.00371
21635	4.327	3.40491	1.6105	0.392575	405.455	12.2364
21640	4.328	3.40644	1.6105	0.394815	394.319	22.9435
21645	4.329	3.40892	1.6105	0.397175	382.783	34.1586
21650	4.33	3.41221	1.6105	0.399639	370.907	45.9279
21655	4.331	3.41618	1.6105	0.402191	358.745	41.8931
21660	4.332	3.39431	1.6105	0.401561	364.666	39.9338
21665	4.333	3.37322	1.6105	0.401	368.981	40.2296
21670	4.334	3.353	1.6105	0.400519	371.679	42.9516
21675	4.335	3.33367	1.6105	0.400122	372.763	48.3113
21680	4.336	3.31527	1.6105	0.399813	372.283	56.5114
21685	4.337	3.29775	1.6105	0.399588	370.288	67.723
21690	4.338	3.28095	1.6105	0.399426	366.948	82.3411
21695	4.339	3.265	1.6105	0.399348	362.134	100.666
21700	4.34	3.24988	1.6105	0.399352	355.879	122.987
21705	4.341	3.23557	1.6105	0.399435	348.208	149.501
21710	4.342	3.222	1.6105	0.399588	339.151	180.313
21715	4.343	3.20906	1.6105	0.399799	328.748	215.396
21720	4.344	3.19665	1.6105	0.400061	317.019	254.583
21725	4.345	3.18473	1.6105	0.400362	304.016	297.439
21730	4.346	3.17311	1.6105	0.400688	289.772	343.521
21735	4.347	3.16192	1.6105	0.401049	274.244	392.018
21740	4.348	3.15091	1.6105	0.401414	257.603	442.03
21745	4.349	3.13987	1.6105	0.401764	240.02	489.483
21750	4.35	3.12359	1.6105	0.401451	225.654	536.929
21755	4.351	3.10707	1.6105	0.401086	211.317	583.52
21760	4.352	3.09019	1.6105	0.400653	197.4	628.513
21765	4.353	3.0728	1.6105	0.400135	184.181	671.342
21770	4.354	3.05478	1.6105	0.399515	171.854	711.563
21775	4.355	3.03596	1.6105	0.398774	160.555	748.903
21780	4.356	3.01621	1.6105	0.397895	150.386	783.232
21785	4.357	2.99542	1.6105	0.396861	141.395	814.483
21790	4.358	2.97348	1.6105	0.395657	133.624	842.662
21795	4.359	2.95028	1.6105	0.394271	127.111	867.82
21800	4.36	2.92573	1.6105	0.39269	121.855	890.055
21805	4.361	2.89976	1.6105	0.390904	117.845	909.477
21810	4.362	2.87233	1.6105	0.388906	115.066	926.22
21815	4.363	2.8434	1.6105	0.38669	113.495	940.416
21820	4.364	2.81293	1.6105	0.384251	113.092	952.205
21825	4.365	2.7809	1.6105	0.381586	113.81	961.735
21830	4.366	2.74734	1.6105	0.378693	115.608	969.121
21835	4.367	2.71219	1.6105	0.37557	118.436	974.511
21840	4.368	2.67549	1.6105	0.372219	122.25	978.038
21845	4.369	2.63726	1.6105	0.368641	126.982	980.652
21850	4.37	2.59883	1.6105	0.364999	131.678	981.559
21855	4.371	2.55885	1.6105	0.361125	137.304	980.971
21860	4.372	2.5175	1.6105	0.357045	143.667	979.028
21865	4.373	2.47486	1.6105	0.352769	150.687	975.853
21870	4.374	2.43101	1.6105	0.348302	158.307	971.522
21875	4.375	2.38597	1.6105	0.343647	166.465	966.139
21880	4.376	2.3398	1.6105	0.338812	175.121	959.782
21885	4.377	2.29254	1.6105	0.333804	184.209	952.539
21890	4.378	2.24426	1.6105	0.328631	193.671	944.509
21895	4.379	2.19505	1.6105	0.323302	203.442	935.77
21900	4.38	2.14498	1.6105	0.317825	213.482	926.384
21905	4.381	2.09411	1.6105	0.312209	223.728	916.434
21910	4.382	2.04253	1.6105	0.306465	234.13	905.974
21915	4.383	1.9903	1.6105	0.3006	244.646	895.072
21920	4.384	1.9375	1.6105	0.294624	255.245	883.773
21925	4.385	1.8842	1.6105	0.288545	265.878	872.117
21930	4.386	1.83045	1.6105	0.282372	276.517	860.176
21935	4.387	1.77635	1.6105	0.276112	287.126	847.989
21940	4.388	1.72198	1.62001	0.269775	297.682	835.563
21945	4.389	1.66734	1.674	0.263369	308.158	822.965
21950	4.39	1.61255	1.72786	0.2569	318.517	810.221
21955	4.391	1.5698	1.78151	0.250377	328.758	797.351
21960	4.392	1.5698	1.83488	0.243808	338.851	784.376
21965	4.393	1.5698	1.88792	0.237198	348.77	771.346
21970	4.394	1.5698	1.94058	0.230556	358.508	758.267
21975	4.395	1.5698	1.99279	0.223887	368.045	745.148
21980	4.396	1.5698	2.0445	0.217199	377.36	732.028
21985	4.397	1.5698	2.09568	0.210498	386.437	718.921
21990	4.398	1.5698	2.14626	0.203788	395.262	705.825
21995	4.399	1.5698	2.19621	0.197077	403.822	692.764
22000	4.4	1.5698	2.19401	0.19037	412.106	713.906
22005	4.401	1.5698	2.16762	0.189673	387.566	749.513
22010	4.402	1.5698	2.14229	0.191823	350.078	781.916
22015	4.403	1.5698	2.11854	0.19388	316.404	810.976
22020	4.404	1.5698	2.09695	0.195779	286.488	836.578
22025	4.405	1.5698	2.07799	0.197452	260.284	858.639
22030	4.406	1.5698	2.06201	0.198843	237.671	877.152
22035	4.407	1.5698	2.04932	0.199907	218.479	892.173
22040	4.408	1.5698	2.04013	0.200604	202.563	903.759
22045	4.409	1.5698	2.03463	0.200905	189.744	911.992
22050	4.41	1.5698	2.03291	0.200787	179.869	917.022
22055	4.411	1.5698	2.03504	0.200233	172.767	918.977
22060	4.412	1.5698	2.04103	0.199232	168.282	918.029
22065	4.413	1.5698	2.05082	0.197779	166.251	914.346
22070	4.414	1.5698	2.06436	0.195874	166.499	908.093
22075	4.415	1.5698	2.08152	0.193521	168.861	899.485
22080	4.416	1.5698	2.10216	0.190729	173.154	888.708
22085	4.417	1.5698	2.1261	0.18751	179.209	875.933
22090	4.418	1.5698	2.15316	0.183879	186.842	861.377
22095	4.419	1.5698	2.18314	0.179853	195.887	845.221
22100	4.42	1.5698	2.21577	0.175454	206.165	827.652
22105	4.421	1.5698	2.25085	0.170703	217.494	808.836
22110	4.422	1.5698	2.26225	0.165623	229.723	806.469
22115	4.423	1.5698	2.26027	0.163276	226.332	812.912
22120	4.424	1.5698	2.25691	0.16249	214.944	819.647
22125	4.425	1.5698	2.25642	0.161871	203.711	823.734
22130	4.426	1.5698	2.25895	0.160917	195.289	825.265
22135	4.427	1.5698	2.26454	0.15961	189.551	824.3
22140	4.428	1.5698	2.27324	0.157938	186.309	820.957
22145	4.429	1.5698	2.285	0.155895	185.38	815.359
22150	4.43	1.5698	2.2998	0.153478	186.555	807.641
22155	4.431	1.5698	2.31753	0.15069	189.66	797.943
22160	4.432	1.5698	2.33809	0.147536	194.479	786.431
22165	4.433	1.5698	2.35081	0.144026	200.841	780.491
22170	4.434	1.5698	2.35887	0.141417	201.921	777.7
22175	4.435	1.5698	2.36632	0.139344	200.097	775.141
22180	4.436	1.5698	2.37559	0.137333	198.146	771.095
22185	4.437	1.5698	2.38709	0.135097	197.612	765.373
22190	4.438	1.5698	2.39999	0.132585	198.661	758.595
22195	4.439	1.5698	2.41328	0.129894	200.654	751.526
22200	4.44	1.5698	2.42639	0.12714	202.893	744.563
22205	4.441	1.5698	2.43922	0.124391	204.995	737.763
22210	4.442	1.5698	2.45201	0.121657	206.914	730.959
22215	4.443	1.5698	2.46496	0.118914	208.817	723.994
22220	4.444	1.5698	2.47821	0.116134	210.843	716.773
22225	4.445	1.5698	2.49177	0.113302	213.071	709.304
22230	4.446	1.5698	2.50557	0.110416	215.495	701.637
22235	4.447	1.5698	2.51955	0.107485	218.065	693.81
22240	4.448	1.5698	2.53365	0.104515	220.734	685.875
22245	4.449	1.5698	2.54788	0.101511	223.467	677.829
22250	4.45	1.5698	2.56223	0.0984748	226.27	669.653
22255	4.451	1.5698	2.57672	0.0954043	229.129	661.354
22260	4.452	1.5698	2.59134	0.092299	232.067	652.933
22265	4.453	1.5698	2.60609	0.089159	235.065	644.385
22270	4.454	1.5698	2.62095	0.0859849	238.129	635.733
22275	4.455	1.5698	2.63589	0.082778	241.245	626.959
22280	4.456	1.5698	2.65094	0.0795395	244.397	618.1
22285	4.457	1.5698	2.66605	0.0762705	247.596	609.133
22290	4.458	1.5698	2.68124	0.0729719	250.821	600.07
22295	4.459	1.5698	2.69649	0.0696445	254.078	590.919
22300	4.46	1.5698	2.7118	0.0662889	257.355	581.68
22305	4.461	1.5698	2.72715	0.0629062	260.652	572.351
22310	4.462	1.5698	2.74254	0.0594972	263.971	562.945
22315	4.463	1.5698	2.75796	0.0560629	267.296	553.458
22320	4.464	1.5698	2.77341	0.0526042	270.628	543.892
22325	4.465	1.5698	2.78885	0.0491221	273.966	534.251
22330	4.466	1.5698	2.80429	0.0456175	277.293	524.539
22335	4.467	1.5698	2.81974	0.0420913	280.611	514.763
22340	4.468	1.5698	2.83517	0.0385446	283.93	504.919
22345	4.469	1.5698	2.85056	0.0349783	287.233	495.002
22350	4.47	1.5698	2.86594	0.0313933	290.512	485.034
22355	4.471	1.5698	2.88126	0.0277907	293.781	475.007
22360	4.472	1.5698	2.89653	0.0241714	297.016	464.921
22365	4.473	1.5698	2.91175	0.0205364	300.228	454.767
22370	4.474	1.5698	2.92691	0.0168868	303.409	444.584
22375	4.475	1.5698	2.94199	0.0132235	306.563	434.334
22380	4.476	1.5698	2.95699	0.00954747	309.679	424.042
22385	4.477	1.5698	2.97191	0.00585981	312.756	413.707
22390	4.478	1.5698	2.98674	0.00216149	315.797	403.327
22395	4.479	1.5698	3.00144	-0.00154648	318.794	392.904
22400	4.48	1.5698	3.01605	-0.00526307	321.738	382.45
22405	4.481	1.5698	3.03052	-0.00898728	324.641	371.953
22410	4.482	1.5698	3.04487	-0.0127181	327.482	361.418
22415	4.483	1.5698	3.05909	-0.0164545	330.279	350.858
22420	4.484	1.5698	3.07318	-0.0201954	333.022	340.272
22425	4.485	1.5698	3.08711	-0.0239399	335.709	329.662
22430	4.486	1.5698	3.10089	-0.0276868	338.334	319.021
22435	4.487	1.5698	3.1145	-0.0314353	340.902	308.36
22440	4.488	1.5698	3.12796	-0.0351842	343.402	297.69
22445	4.489	1.5698	3.14122	-0.0389326	345.851	286.991
22450	4.49	1.5698	3.15433	-0.0426794	348.214	276.292
22455	4.491	1.5698	3.16722	-0.0464236	350.533	265.575
22460	4.492	1.5698	3.17995	-0.0501642	352.759	254.855
22465	4.493	1.5698	3.19245	-0.0539001	354.938	244.123
22470	4.494	1.5698	3.20477	-0.0576305	357.031	233.399
22475	4.495	1.5698	3.21687	-0.0613541	359.061	222.665
22480	4.496	1.5698	3.22874	-0.0650701	361.012	211.945
22485	4.497	1.5698	3.2404	-0.0687775	362.88	201.232
22490	4.498	1.5698	3.25183	-0.0724752	364.679	190.526
22495	4.499	1.5698	3.26304	-0.0761622	366.404	179.832
22500	4.5	1.5698	3.27399	-0.0798375	368.056	169.158
22505	4.501	1.5698	3.28473	-0.0835002	369.615	158.505
22510	4.502	1.5698	3.29519	-0.0871493	371.111	147.874
22515	4.503	1.5698	3.30541	-0.0907838	372.51	137.274
22520	4.504	1.5698	3.31537	-0.0944026	373.84	126.699
22525	4.505	1.5698	3.32509	-0.0980049	375.084	116.152
22530	4.506	1.5698	3.33453	-0.10159	376.255	105.653
22535	4.507	1.5698	3.34368	-0.105156	377.334	95.1856
22540	4.508	1.5698	3.35259	-0.108703	378.323	84.7637
22545	4.509	1.5698	3.3612	-0.112229	379.246	74.3881
22550	4.51	1.5698	3.36955	-0.115735	380.071	64.0605
22555	4.511	1.5698	3.37761	-0.119218	380.827	53.7849
22560	4.512	1.5698	3.38538	-0.122678	381.497	43.5793
22565	4.513	1.5698	3.39285	-0.126113	382.076	33.4289
22570	4.514	1.5698	3.40002	-0.129524	382.569	23.3386
22575	4.515	1.5698	3.40691	-0.132909	382.979	13.3185
22580	4.516	1.5698	3.4135	-0.136267	383.312	3.37149
22585	4.517	1.5698	3.41979	-0.139598	383.559	0
22590	4.518	1.5698	3.42576	-0.1429	383.727	0
22595	4.519	1.5698	3.43147	-0.146174	383.8	0
22600	4.52	1.5698	3.43689	-0.149421	383.817	0
22605	4.521	1.5698	3.44202	-0.152639	383.764	0
22610	4.522	1.5698	3.44685	-0.155829	383.643	0
22615	4.523	1.5698	3.45141	-0.15899	383.447	0
22620	4.524	1.5698	3.45568	-0.162122	383.191	0
22625	4.525	1.5698	3.45967	-0.165224	382.902	0
22630	4.526	1.5698	3.46341	-0.168298	382.665	0
22635	4.527	1.5698	3.46686	-0.171343	382.525	0
22640	4.528	1.5698	3.47006	-0.174358	382.485	0
22645	4.529	1.5698	3.47301	-0.177345	382.58	0
22650	4.53	1.5698	3.47568	-0.180303	382.814	0
22655	4.531	1.5698	3.47809	-0.183233	383.179	0
22660	4.532	1.5698	3.48027	-0.186132	383.678	0
22665	4.533	1.5698	3.48217	-0.189003	384.349	0
22670	4.534	1.5698	3.48386	-0.191845	385.151	0
22675	4.535	1.5698	3.4853	-0.194658	386.14	0
22680	4.536	1.5698	3.48648	-0.197441	387.298	0
22685	4.537	1.5698	3.48742	-0.200195	388.639	0
22690	4.538	1.5698	3.48812	-0.202918	390.182	0
22695	4.539	1.5698	3.48853	-0.205609	391.945	0
22700	4.54	1.5698	3.4887	-0.208266	393.922	0
22705	4.541	1.5698	3.48856	-0.210888	396.156	0
22710	4.542	1.5698	3.48813	-0.213472	398.644	0
22715	4.543	1.5698	3.48741	-0.216017	401.406	0
22720	4.544	1.5698	3.48635	-0.21852	404.487	0
22725	4.545	1.5698	3.48498	-0.220979	407.879	0
22730	4.546	1.5698	3.48323	-0.223391	411.635	0
22735	4.547	1.5698	3.48115	-0.225755	415.749	0
22740	4.548	1.5698	3.47869	-0.228068	420.28	0
22745	4.549	1.5698	3.47586	-0.230326	425.237	0
22750	4.55	1.5698	3.47261	-0.232528	430.67	0
22755	4.551	1.5698	3.46896	-0.234672	436.581	0
22760	4.552	1.5698	3.46492	-0.236757	443.016	0
22765	4.553	1.5698	3.46047	-0.23878	450.009	0
22770	4.554	1.5698	3.45557	-0.24074	457.573	0
22775	4.555	1.5698	3.45022	-0.242633	465.709	0
22780	4.556	1.5698	3.44439	-0.244455	474.423	0
22785	4.557	1.5698	3.43804	-0.246201	483.722	0
22790	4.558	1.5698	3.43118	-0.247869	493.573	0
22795	4.559	1.5698	3.42376	-0.249453	503.988	0
22800	4.56	1.5698	3.41576	-0.250951	514.931	0
22805	4.561	1.5698	3.40721	-0.252359	526.366	0
22810	4.562	1.5698	3.39805	-0.253674	538.292	0
22815	4.563	1.5698	3.3883	-0.254892	550.628	0
22820	4.564	1.5698	3.37791	-0.256012	563.343	0
22825	4.565	1.5698	3.36692	-0.257031	576.359	0
22830	4.566	1.5698	3.35528	-0.257946	589.64	0
22835	4.567	1.5698	3.34301	-0.258755	603.082	0
22840	4.568	1.5698	3.33008	-0.259456	616.63	0
22845	4.569	1.5698	3.3165	-0.260047	630.189	0
22850	4.57	1.5698	3.30225	-0.260526	643.687	0
22855	4.571	1.5698	3.28735	-0.260891	657.034	0
22860	4.572	1.5698	3.27178	-0.261142	670.148	0
22865	4.573	1.5698	3.25553	-0.261276	682.911	0
22870	4.574	1.5698	3.23853	-0.261289	695.208	0
22875	4.575	1.5698	3.22079	-0.261175	706.885	0
22880	4.576	1.5698	3.20225	-0.260929	717.878	0
22885	4.577	1.5698	3.18286	-0.260543	728.084	0
22890	4.578	1.5698	3.16257	-0.260011	737.418	0
22895	4.579	1.5698	3.14135	-0.259324	745.837	0
22900	4.58	1.5698	3.11914	-0.258476	753.307	0
22905	4.581	1.5698	3.09589	-0.257457	759.802	0
22910	4.582	1.5698	3.07156	-0.256261	765.31	0
22915	4.583	1.5698	3.04612	-0.254879	769.824	0
22920	4.584	1.5698	3.01951	-0.253306	773.363	0
22925	4.585	1.5698	2.99175	-0.251535	775.93	0
22930	4.586	1.5698	2.96276	-0.249561	777.567	0
22935	4.587	1.5698	2.93258	-0.247381	778.275	0
22940	4.588	1.5698	2.90117	-0.244992	778.126	0
22945	4.589	1.5698	2.86857	-0.242393	777.121	0
22950	4.59	1.5698	2.83476	-0.239583	775.344	0
22955	4.591	1.5698	2.79977	-0.236563	772.815	0
22960	4.592	1.5698	2.76363	-0.233336	769.593	0
22965	4.593	1.5698	2.72639	-0.229905	765.728	0
22970	4.594	1.5698	2.68809	-0.226273	761.282	0
22975	4.595	1.5698	2.64877	-0.222448	756.309	0
22980	4.596	1.5698	2.60847	-0.218434	750.859	0
22985	4.597	1.5698	2.5673	-0.214241	744.979	0
22990	4.598	1.5698	2.52526	-0.209874	738.754	0
22995	4.599	1.5698	2.48247	-0.205344	732.201	0
23000	4.6	1.5698	2.43898	-0.20066	725.402	0
23005	4.601	1.5698	2.39486	-0.195832	718.395	0
23010	4.602	1.5698	2.35023	-0.19087	711.231	0
23015	4.603	1.5698	2.30512	-0.185785	703.974	0
23020	4.604	1.5698	2.25962	-0.180589	696.65	2.04671
23025	4.605	1.5698	2.21384	-0.175292	689.303	14.8607
23030	4.606	1.5698	2.16789	-0.169907	682.001	27.2196
23035	4.607	1.5698	2.12184	-0.164448	674.784	39.0666
23040	4.608	1.5698	2.07582	-0.15893	667.698	50.3455
23045	4.609	1.5698	2.02994	-0.153368	660.795	61.0227
23050	4.61	1.5698	1.98427	-0.147775	654.126	71.0663
23055	4.611	1.5698	1.93891	-0.142165	647.714	80.4371
23060	4.612	1.5698	1.89399	-0.136549	641.59	89.0813
23065	4.613	1.5698	1.84959	-0.130946	635.811	97.0063
23070	4.614	1.5698	1.80574	-0.125364	630.397	104.223
23075	4.615	1.5698	1.7625	-0.119811	625.333	110.716
23080	4.616	1.5698	1.71995	-0.114297	620.64	116.502
23085	4.617	1.5698	1.67817	-0.10883	616.321	121.591
23090	4.618	1.59448	1.63714	-0.103418	612.411	125.989
23095	4.619	1.6473	1.6105	-0.0980671	608.866	129.715
23100	4.62	1.6988	1.6105	-0.0927844	605.714	132.832
23105	4.621	1.74903	1.6105	-0.0875692	602.919	135.4
23110	4.622	1.79801	1.6105	-0.0824189	600.432	137.487
23115	4.623	1.84578	1.6105	-0.0773307	598.221	139.139
23120	4.624	1.89239	1.6105	-0.0723017	596.24	140.425
23125	4.625	1.9379	1.6105	-0.0673291	594.466	141.379
23130	4.626	1.98233	1.6105	-0.06241	592.872	142.058
23135	4.627	2.02575	1.6105	-0.0575414	591.414	142.481
23140	4.628	2.06815	1.6105	-0.0527199	590.062	142.726
23145	4.629	2.10965	1.6105	-0.0479426	588.794	142.791
23150	4.63	2.15023	1.6105	-0.0432062	587.58	142.723
23155	4.631	2.18996	1.6105	-0.0385076	586.391	142.561
23160	4.632	2.2289	1.6105	-0.0338438	585.191	142.314
23165	4.633	2.26705	1.6105	-0.029212	583.985	142.005
23170	4.634	2.30445	1.6105	-0.0246094	582.738	141.667
23175	4.635	2.34116	1.6105	-0.0200333	581.459	141.315
23180	4.636	2.3772	1.6105	-0.0154812	580.131	140.958
23185	4.637	2.41261	1.6105	-0.0109506	578.736	140.612
23190	4.638	2.44741	1.6105	-0.00643918	577.276	140.283
23195	4.639	2.48162	1.6105	-0.00194479	575.748	139.998
23200	4.64	2.51529	1.6105	0.00253464	574.138	139.741
23205	4.641	2.54842	1.6105	0.00700107	572.457	139.547
23210	4.642	2.58106	1.6105	0.0114563	570.689	139.414
23215	4.643	2.61324	1.6105	0.0159021	568.836	139.325
23220	4.644	2.64493	1.6105	0.02034	566.886	139.3
23225	4.645	2.67619	1.6105	0.0247715	564.86	139.356
23230	4.646	2.70705	1.6105	0.029198	562.737	139.462
23235	4.647	2.73747	1.6105	0.0336209	560.532	139.65
23240	4.648	2.76753	1.6105	0.0380411	558.23	139.907
23245	4.649	2.79722	1.6105	0.04246	555.845	140.226
23250	4.65	2.82653	1.6105	0.0468784	553.371	140.616
23255	4.651	2.8555	1.6105	0.0512973	550.802	141.072
23260	4.652	2.88413	1.6105	0.0557174	548.154	141.594
23265	4.653	2.91243	1.6105	0.0601396	545.418	142.183
23270	4.654	2.94043	1.6105	0.0645644	542.598	142.824
23275	4.655	2.9681	1.6105	0.0689925	539.701	143.542
23280	4.656	2.9955	1.6105	0.0734244	536.727	144.303
23285	4.657	3.02259	1.6105	0.0778605	533.67	145.117
23290	4.658	3.04939	1.6105	0.0823013	530.534	145.984
23295	4.659	3.07591	1.6105	0.086747	527.331	146.904
23300	4.66	3.10216	1.6105	0.091198	524.054	147.867
23305	4.661	3.12814	1.6105	0.0956543	520.708	148.865
23310	4.662	3.15384	1.6105	0.100116	517.301	149.914
23315	4.663	3.1793	1.6105	0.104584	513.82	150.979
23320	4.664	3.20447	1.6105	0.109058	510.285	152.096
23325	4.665	3.22941	1.6105	0.113537	506.69	153.229
23330	4.666	3.25408	1.6105	0.118022	503.029	154.393
23335	4.667	3.2785	1.6105	0.122513	499.325	155.578
23340	4.668	3.30267	1.6105	0.127009	495.562	156.775
23345	4.669	3.32657	1.6105	0.131511	491.745	157.993
23350	4.67	3.35023	1.6105	0.136018	487.88	159.228
23355	4.671	3.37364	1.6105	0.14053	483.973	160.475
23360	4.672	3.3968	1.6105	0.145048	480.024	161.721
23365	4.673	3.4197	1.6105	0.149569	476.024	162.978
23370	4.674	3.44236	1.6105	0.154095	471.994	164.231
23375	4.675	3.46476	1.6105	0.158625	467.923	165.493
23380	4.676	3.48691	1.6105	0.163159	463.819	166.738
23385	4.677	3.50879	1.6105	0.167696	459.676	167.993
23390	4.678	3.53044	1.6105	0.172236	455.505	169.226
23395	4.679	3.55181	1.6105	0.176778	451.303	170.456
23400	4.68	3.57293	1.6105	0.181322	447.07	171.673
23405	4.681	3.59379	1.6105	0.185868	442.82	172.87
23410	4.682	3.61438	1.6105	0.190415	438.539	174.051
23415	4.683	3.6347	1.6105	0.194962	434.24	175.219
23420	4.684	3.65477	1.6105	0.19951	429.917	176.371
23425	4.685	3.67457	1.6105	0.204057	425.585	177.485
23430	4.686	3.69408	1.6105	0.208603	421.229	178.588
23435	4.687	3.71334	1.6105	0.213147	416.862	179.655
23440	4.688	3.7323	1.6105	0.21769	412.482	180.701
23445	4.689	3.751	1.6105	0.22223	408.09	181.715
23450	4.69	3.76941	1.6105	0.226766	403.682	182.699
23455	4.691	3.78754	1.6105	0.231299	399.279	183.652
23460	4.692	3.80538	1.6105	0.235827	394.858	184.578
23465	4.693	3.82295	1.6105	0.24035	390.442	185.459
23470	4.694	3.8402	1.6105	0.244867	386.016	183.484
23475	4.695	3.85263	1.6105	0.248865	384.381	179.05
23480	4.696	3.86057	1.6105	0.252373	385.187	173.357
23485	4.697	3.86569	1.6105	0.255572	387.282	167.756
23490	4.698	3.87003	1.6105	0.258692	389.337	162.641
23495	4.699	3.87424	1.6105	0.261805	390.966	157.983
23500	4.7	3.87836	1.6105	0.264913	392.193	153.736
23505	4.701	3.88236	1.6105	0.268018	393.059	149.901
23510	4.702	3.88632	1.6105	0.271119	393.575	146.422
23515	4.703	3.89018	1.6105	0.274219	393.787	143.28
23520	4.704	3.89398	1.6105	0.277317	393.704	140.458
23525	4.705	3.89772	1.6105	0.280415	393.359	137.926
23530	4.706	3.90141	1.6105	0.283512	392.769	135.651
23535	4.707	3.90503	1.6105	0.28661	391.942	133.628
23540	4.708	3.90861	1.6105	0.289708	390.908	131.837
23545	4.709	3.91214	1.6105	0.292807	389.669	130.245
23550	4.71	3.91562	1.6105	0.295907	388.253	128.852
23555	4.711	3.91906	1.6105	0.299007	386.668	127.635
23560	4.712	3.92245	1.6105	0.302108	384.924	126.57
23565	4.713	3.92578	1.6105	0.305209	383.037	125.647
23570	4.714	3.92906	1.6105	0.308309	381.01	124.862
23575	4.715	3.9323	1.6105	0.31141	378.87	124.193
23580	4.716	3.93548	1.6105	0.314509	376.612	123.619
23585	4.717	3.93858	1.6105	0.317608	374.25	123.152
23590	4.718	3.94163	1.6105	0.320704	371.79	122.752
23595	4.719	3.9446	1.6105	0.323798	369.253	122.435
23600	4.72	3.9475	1.6105	0.326889	366.63	122.18
23605	4.721	3.95033	1.6105	0.329976	363.946	121.972
23610	4.722	3.95306	1.6105	0.333059	361.194	121.816
23615	4.723	3.95572	1.6105	0.336138	358.392	121.695
23620	4.724	3.95827	1.6105	0.33921	355.538	121.607
23625	4.725	3.96073	1.6105	0.342276	352.638	121.551
23630	4.726	3.9631	1.6105	0.345335	349.711	121.509
23635	4.727	3.96536	1.6105	0.348385	346.748	121.465
23640	4.728	3.96747	1.6105	0.351427	343.765	121.45
23645	4.729	3.96951	1.6105	0.35446	340.758	121.416
23650	4.73	3.97138	1.6105	0.357482	337.737	121.394
23655	4.731	3.97315	1.6105	0.360493	334.708	121.37
23660	4.732	3.97479	1.6105	0.363492	331.671	121.329
23665	4.733	3.97628	1.6105	0.366479	328.638	121.272
23670	4.734	3.97762	1.6105	0.369452	325.599	121.216
23675	4.735	3.97885	1.6105	0.372415	322.545	121.173
23680	4.736	3.97997	1.6105	0.375368	319.477	121.155
23685	4.737	3.98102	1.6105	0.378313	316.379	121.151
23690	4.738	3.98198	1.6105	0.381252	313.244	121.169
23695	4.739	3.98286	1.6105	0.384187	310.064	121.221
23700	4.74	3.98369	1.6105	0.387118	306.831	121.318
23705	4.741	3.9845	1.6105	0.390049	303.55	121.459
23710	4.742	3.98529	1.6105	0.392979	300.199	121.652
23715	4.743	3.98607	1.6105	0.395911	296.787	121.895
23720	4.744	3.98685	1.6105	0.398846	293.299	122.192
23725	4.745	3.98764	1.6105	0.401786	289.742	106.57
23730	4.746	3.9628	1.6105	0.401571	303.919	92.4059
23735	4.747	3.93851	1.6105	0.40139	316.673	79.6774
23740	4.748	3.9149	1.6105	0.401262	328.01	68.3697
23745	4.749	3.89212	1.6105	0.401204	337.96	58.4125
23750	4.75	3.87022	1.6105	0.401221	346.601	49.3237
23755	4.751	3.84858	1.6105	0.401243	354.459	41.577
23760	4.752	3.82808	1.6105	0.401372	361.01	35.1271
23765	4.753	3.80878	1.6105	0.401625	366.267	27.1085
23770	4.754	3.78624	1.6105	0.40145	373.442	20.4228
23775	4.755	3.76494	1.6105	0.401399	379.286	15.034
23780	4.756	3.74499	1.6105	0.401484	383.829	9.49384
23785	4.757	3.7242	1.6105	0.401438	388.668	4.66993
23790	4.758	3.70394	1.6105	0.401431	392.809	0.376854
23795	4.759	3.68399	1.6105	0.401433	396.469	0
23800	4.76	3.66424	1.6105	0.401433	399.735	0
23805	4.761	3.64471	1.6105	0.401433	402.614	0
23810	4.762	3.62542	1.6105	0.401434	405.129	0
23815	4.763	3.60632	1.6105	0.401434	407.282	0
23820	4.764	3.58742	1.6105	0.401434	409.092	0
23825	4.765	3.56874	1.6105	0.401434	410.565	0
23830	4.766	3.55026	1.6105	0.401434	411.705	0
23835	4.767	3.53199	1.6105	0.401434	412.521	0
23840	4.768	3.51392	1.6105	0.401434	413.005	0
23845	4.769	3.49606	1.6105	0.401434	413.163	0
23850	4.77	3.4784	1.6105	0.401434	412.988	0
23855	4.771	3.46092	1.6105	0.401434	412.474	0
23860	4.772	3.44364	1.6105	0.401433	411.617	0
23865	4.773	3.42655	1.6105	0.401433	410.404	0
23870	4.774	3.40965	1.6105	0.401433	408.837	0
23875	4.775	3.39293	1.6105	0.401433	406.881	0
23880	4.776	3.3764	1.6105	0.401433	404.489	0.0312451
23885	4.777	3.36005	1.6105	0.401433	401.6	7.17232
23890	4.778	3.34388	1.6105	0.401433	398.171	15.9826
23895	4.779	3.32789	1.6105	0.401432	394.15	26.7529
23900	4.78	3.31207	1.6105	0.401432	389.492	39.8145
23905	4.781	3.29643	1.6105	0.401432	384.144	55.5274
23910	4.782	3.28097	1.6105	0.401432	378.061	74.2669
23915	4.783	3.26568	1.6105	0.401433	371.17	96.3972
23920	4.784	3.25055	1.6105	0.401432	363.424	122.243
23925	4.785	3.23559	1.6105	0.401431	354.755	152.044
23930	4.786	3.2208	1.6105	0.401431	345.099	185.904
23935	4.787	3.20616	1.6105	0.40143	334.398	223.764
23940	4.788	3.1917	1.6105	0.40143	322.599	265.362
23945	4.789	3.17739	1.6105	0.401429	309.664	310.23
23950	4.79	3.16322	1.6105	0.401429	295.56	357.757
23955	4.791	3.14922	1.6105	0.401428	280.289	407.179
23960	4.792	3.13539	1.6105	0.401427	263.873	457.68
23965	4.793	3.1217	1.6105	0.401427	246.715	508.391
23970	4.794	3.10808	1.6105	0.401416	229.463	558.404
23975	4.795	3.09433	1.6105	0.401371	212.607	606.909
23980	4.796	3.08024	1.6105	0.401266	196.484	653.237
23985	4.797	3.06562	1.6105	0.401076	181.335	696.902
23990	4.798	3.05027	1.6105	0.400772	167.349	737.53
23995	4.799	3.03393	1.6105	0.400331	154.648	774.959
24000	4.8	3.01648	1.6105	0.399729	143.307	809.089
24005	4.801	2.99777	1.6105	0.398947	133.377	839.909
24010	4.802	2.97764	1.6105	0.397968	124.9	867.474
24015	4.803	2.956	1.6105	0.396775	117.876	891.852
24020	4.804	2.93273	1.6105	0.395354	112.318	913.158
24025	4.805	2.90776	1.6105	0.393695	108.208	931.525
24030	4.806	2.88104	1.6105	0.391788	105.517	947.091
24035	4.807	2.8525	1.6105	0.389626	104.205	960.025
24040	4.808	2.82217	1.6105	0.387206	104.232	970.45
24045	4.809	2.78998	1.6105	0.384525	105.525	978.527
24050	4.81	2.75595	1.6105	0.381582	108.044	984.427
24055	4.811	2.72012	1.6105	0.378377	111.713	988.275
24060	4.812	2.68249	1.6105	0.374912	116.462	991.064
24065	4.813	2.64443	1.6105	0.371357	121.291	991.96
24070	4.814	2.60452	1.6105	0.367533	127.223	991.227
24075	4.815	2.563	1.6105	0.363472	134.03	989.017
24080	4.816	2.51998	1.6105	0.359186	141.594	985.452
24085	4.817	2.4755	1.6105	0.35468	149.858	980.635
24090	4.818	2.42962	1.6105	0.349959	158.76	974.672
24095	4.819	2.3824	1.6105	0.345033	168.23	967.657
24100	4.82	2.3339	1.6105	0.33991	178.189	959.714
24105	4.821	2.28425	1.6105	0.334599	188.575	950.906
24110	4.822	2.23346	1.6105	0.329112	199.318	941.351
24115	4.823	2.18169	1.6105	0.323458	210.349	931.13
24120	4.824	2.129	1.6105	0.31765	221.604	920.322
24125	4.825	2.07548	1.6105	0.311698	233.027	908.991
24130	4.826	2.02123	1.6105	0.305613	244.571	897.206
24135	4.827	1.96632	1.6105	0.299406	256.174	885.026
24140	4.828	1.91083	1.6105	0.293086	267.805	872.513
24145	4.829	1.85486	1.6105	0.286665	279.416	859.715
24150	4.83	1.79849	1.6105	0.280153	290.967	846.682
24155	4.831	1.7418	1.6105	0.273559	302.434	833.462
24160	4.832	1.68487	1.66213	0.266892	313.78	820.087
24165	4.833	1.62778	1.71842	0.260163	324.968	806.598
24170	4.834	1.57059	1.77445	0.25338	335.997	793.013
24175	4.835	1.5698	1.83015	0.246552	346.833	779.385
24180	4.836	1.5698	1.88546	0.239686	357.449	765.721
24185	4.837	1.5698	1.94032	0.232791	367.832	752.049
24190	4.838	1.5698	1.99465	0.225875	377.972	738.405
24195	4.839	1.5698	2.04842	0.218944	387.833	724.774
24200	4.84	1.5698	2.10155	0.212006	397.417	711.201
24205	4.841	1.5698	2.154	0.205067	406.696	697.685
24210	4.842	1.5698	2.17388	0.198133	415.661	705.163
24215	4.843	1.5698	2.16829	0.194907	404.172	728.336
24220	4.844	1.5698	2.1538	0.19463	378.09	755.555
24225	4.845	1.5698	2.14038	0.195407	348.819	779.99
24230	4.846	1.5698	2.12854	0.196074	322.79	801.51
24235	4.847	1.5698	2.11869	0.196574	299.964	820.042
24240	4.848	1.5698	2.11115	0.196857	280.238	835.559
24245	4.849	1.5698	2.10624	0.196878	263.481	848.086
24250	4.85	1.5698	2.10414	0.196603	249.567	857.656
24255	4.851	1.5698	2.10504	0.196005	238.334	864.341
24260	4.852	1.5698	2.10901	0.195061	229.649	868.249
24265	4.853	1.5698	2.11615	0.193754	223.348	869.479
24270	4.854	1.5698	2.12646	0.192075	219.305	868.169
24275	4.855	1.5698	2.13991	0.190017	217.375	864.458
24280	4.856	1.5698	2.15646	0.187578	217.4	858.491
24285	4.857	1.5698	2.17601	0.184762	219.246	850.443
24290	4.858	1.5698	2.19844	0.181575	222.755	840.458
24295	4.859	1.5698	2.21369	0.178026	227.78	835.379
24300	4.86	1.5698	2.22093	0.175289	227.895	835.549
24305	4.861	1.5698	2.224	0.173475	222.957	838.167
24310	4.862	1.5698	2.22712	0.17214	215.77	840.276
24315	4.863	1.5698	2.2325	0.170797	209.168	840.42
24320	4.864	1.5698	2.24023	0.169186	204.514	838.634
24325	4.865	1.5698	2.24932	0.167292	201.723	835.696
24330	4.866	1.5698	2.25876	0.165228	200.032	832.341
24335	4.867	1.5698	2.26801	0.163115	198.729	828.948
24340	4.868	1.5698	2.27708	0.161011	197.442	825.533
24345	4.869	1.5698	2.28624	0.158916	196.18	821.908
24350	4.87	1.5698	2.2957	0.156803	195.107	817.935
24355	4.871	1.5698	2.30559	0.154641	194.36	813.551
24360	4.872	1.5698	2.31591	0.152417	193.99	808.783
24365	4.873	1.5698	2.32656	0.150132	193.981	803.691
24370	4.874	1.5698	2.3375	0.147795	194.257	798.334
24375	4.875	1.5698	2.34867	0.145411	194.769	792.746
24380	4.876	1.5698	2.36009	0.142985	195.48	786.942
24385	4.877	1.5698	2.37176	0.140517	196.386	780.918
24390	4.878	1.5698	2.38368	0.138005	197.484	774.67
24395	4.879	1.5698	2.39587	0.135448	198.77	768.203
24400	4.88	1.5698	2.4083	0.132846	200.243	761.548
24405	4.881	1.5698	2.42096	0.130199	201.886	754.694
24410	4.882	1.5698	2.43385	0.127509	203.69	747.676
24415	4.883	1.5698	2.44695	0.124777	205.636	740.48
24420	4.884	1.5698	2.46027	0.122002	207.724	733.121
24425	4.885	1.5698	2.47378	0.119187	209.942	725.611
24430	4.886	1.5698	2.48748	0.116331	212.283	717.948
24435	4.887	1.5698	2.50135	0.113435	214.728	710.143
24440	4.888	1.5698	2.51541	0.1105	217.275	702.206
24445	4.889	1.5698	2.52964	0.107526	219.929	694.135
24450	4.89	1.5698	2.54401	0.104514	222.675	685.924
24455	4.891	1.5698	2.55854	0.101465	225.499	677.603
24460	4.892	1.5698	2.5732	0.09838	228.404	669.169
24465	4.893	1.5698	2.58799	0.0952594	231.377	660.611
24470	4.894	1.5698	2.6029	0.0921042	234.41	651.952
24475	4.895	1.5698	2.61792	0.088915	237.504	643.184
24480	4.896	1.5698	2.63305	0.0856929	240.647	634.315
24485	4.897	1.5698	2.64827	0.0824386	243.84	625.355
24490	4.898	1.5698	2.66356	0.0791531	247.07	616.294
24495	4.899	1.5698	2.67895	0.0758371	250.33	607.144
24500	4.9	1.5698	2.69437	0.0724916	253.632	597.898
24505	4.901	1.5698	2.70987	0.0691175	256.943	588.571
24510	4.902	1.5698	2.72542	0.0657157	260.287	579.162
24515	4.903	1.5698	2.741	0.0622871	263.647	569.676
24520	4.904	1.5698	2.75662	0.0588326	267.012	560.104
24525	4.905	1.5698	2.77225	0.0553533	270.384	550.457
24530	4.906	1.5698	2.78791	0.05185	273.761	540.752
24535	4.907	1.5698	2.80355	0.0483236	277.143	530.966
24540	4.908	1.5698	2.8192	0.0447753	280.507	521.11
24545	4.909	1.5698	2.83483	0.0412058	283.868	511.2
24550	4.91	1.5698	2.85044	0.0376163	287.214	501.216
24555	4.911	1.5698	2.86601	0.0340076	290.545	491.179
24560	4.912	1.5698	2.88155	0.0303808	293.851	481.079
24565	4.913	1.5698	2.89704	0.0267369	297.143	470.926
24570	4.914	1.5698	2.91248	0.0230768	300.403	460.713
24575	4.915	1.5698	2.92784	0.0194016	303.641	450.454
24580	4.916	1.5698	2.94314	0.0157123	306.834	440.139
24585	4.917	1.5698	2.95836	0.0120099	310	429.79
24590	4.918	1.5698	2.9735	0.00829532	313.126	419.387
24595	4.919	1.5698	2.98853	0.00456969	316.215	408.939
24600	4.92	1.5698	3.00345	0.000834006	319.257	398.458
24605	4.921	1.5698	3.01828	-0.00291072	322.244	387.929
24610	4.922	1.5698	3.03297	-0.00666347	325.2	377.363
24615	4.923	1.5698	3.04755	-0.0104232	328.093	366.768
24620	4.924	1.5698	3.06198	-0.0141889	330.938	356.146
24625	4.925	1.5698	3.0763	-0.0179596	333.725	345.487
24630	4.926	1.5698	3.09045	-0.0217341	336.471	334.801
24635	4.927	1.5698	3.10445	-0.0255115	339.139	324.104
24640	4.928	1.5698	3.11829	-0.0292908	341.759	313.368
24645	4.929	1.5698	3.13195	-0.0330709	344.309	302.621
24650	4.93	1.5698	3.14545	-0.0368508	346.792	291.854
24655	4.931	1.5698	3.15876	-0.0406294	349.215	281.084
24660	4.932	1.5698	3.17188	-0.0444058	351.563	270.293
24665	4.933	1.5698	3.18482	-0.0481788	353.846	259.497
24670	4.934	1.5698	3.19755	-0.0519476	356.064	248.696
24675	4.935	1.5698	3.21007	-0.055711	358.208	237.888
24680	4.936	1.5698	3.22239	-0.0594681	360.271	227.079
24685	4.937	1.5698	3.23449	-0.0632178	362.271	216.281
24690	4.938	1.5698	3.24637	-0.0669591	364.193	205.485
24695	4.939	1.5698	3.25802	-0.070691	366.036	194.694
24700	4.94	1.5698	3.26943	-0.0744125	367.801	183.924
24705	4.941	1.5698	3.28061	-0.0781226	369.491	173.169
24710	4.942	1.5698	3.29154	-0.0818203	371.098	162.43
24715	4.943	1.5698	3.30222	-0.0855046	372.627	151.71
24720	4.944	1.5698	3.31265	-0.0891746	374.072	141.017
24725	4.945	1.5698	3.32284	-0.0928291	375.434	130.352
24730	4.946	1.5698	3.33275	-0.0964673	376.73	119.717
24735	4.947	1.5698	3.34239	-0.100088	377.928	109.121
24740	4.948	1.5698	3.35177	-0.103691	379.044	98.5619
24745	4.949	1.5698	3.36085	-0.107274	380.085	88.0462
24750	4.95	1.5698	3.36968	-0.110837	381.024	77.5714
24755	4.951	1.5698	3.37823	-0.114379	381.898	67.1538
24760	4.952	1.5698	3.38648	-0.117899	382.684	56.7823
24765	4.953	1.5698	3.39444	-0.121396	383.384	46.4724
24770	4.954	1.5698	3.40211	-0.124869	383.991	36.216
24775	4.955	1.5698	3.40947	-0.128317	384.523	26.023
24780	4.956	1.5698	3.41656	-0.13174	384.961	15.9031
24785	4.957	1.5698	3.42333	-0.135136	385.329	5.84846
24790	4.958	1.5698	3.42979	-0.138504	385.598	0
24795	4.959	1.5698	3.43596	-0.141844	385.786	0
24800	4.96	1.5698	3.44185	-0.145155	385.897	0
24805	4.961	1.5698	3.44744	-0.148439	385.944	0
24810	4.962	1.5698	3.45273	-0.151695	385.909	0
24815	4.963	1.5698	3.45775	-0.154922	385.804	0
24820	4.964	1.5698	3.46247	-0.15812	385.638	0
24825	4.965	1.5698	3.46689	-0.161289	385.398	0
24830	4.966	1.5698	3.47105	-0.164428	385.087	0
24835	4.967	1.5698	3.47493	-0.167539	384.721	0
24840	4.968	1.5698	3.47854	-0.17062	384.326	0
24845	4.969	1.5698	3.48188	-0.173672	383.96	0
24850	4.97	1.5698	3.48495	-0.176696	383.685	0
24855	4.971	1.5698	3.48779	-0.17969	383.514	0
24860	4.972	1.5698	3.49034	-0.182655	383.491	0
24865	4.973	1.5698	3.49265	-0.185592	383.584	0
24870	4.974	1.5698	3.49471	-0.188499	383.822	0
24875	4.975	1.5698	3.49651	-0.191377	384.213	0
24880	4.976	1.5698	3.49809	-0.194226	384.746	0
24885	4.977	1.5698	3.49941	-0.197046	385.445	0
24890	4.978	1.5698	3.50049	-0.199836	386.301	0
24895	4.979	1.5698	3.50134	-0.202597	387.339	0
24900	4.98	1.5698	3.50194	-0.205329	388.559	0
24905	4.981	1.5698	3.5023	-0.208031	389.977	0
24910	4.982	1.5698	3.50241	-0.2107	391.614	0
24915	4.983	1.5698	3.50225	-0.213337	393.478	0
24920	4.984	1.5698	3.50182	-0.215938	395.575	0
24925	4.985	1.5698	3.50111	-0.218502	397.94	0
24930	4.986	1.5698	3.50007	-0.221028	400.585	0
24935	4.987	1.5698	3.49875	-0.223512	403.509	0
24940	4.988	1.5698	3.49711	-0.225953	406.769	0
24945	4.989	1.5698	3.49511	-0.228349	410.385	0
24950	4.99	1.5698	3.49279	-0.230696	414.348	0
24955	4.991	1.5698	3.49009	-0.232993	418.733	0
24960	4.992	1.5698	3.487	-0.235237	423.536	0
24965	4.993	1.5698	3.48353	-0.237426	428.787	0
24970	4.994	1.5698	3.47968	-0.239556	434.523	0
24975	4.995	1.5698	3.47544	-0.241628	440.789	0
24980	4.996	1.5698	3.47079	-0.243639	447.605	0
24985	4.997	1.5698	3.46571	-0.245588	454.985	0
24990	4.998	1.5698	3.46018	-0.247471	462.944	0
24995	4.999	1.5698	3.45419	-0.249283	471.474	0
25000	5	1.5698	3.44769	-0.251022	480.587	0
25005	5.001	0	0	0	0	0
25010	5.002	0	0	0	0	0
25015	5.003	0	0	0	0	0
25020	5.004	0	0	0	0	0
25025	5.005	0	0	0	0	0
25030	5.006	0	0	0	0	0
25035	5.007	0	0	0	0	0
25040	5.008	0	0	0	0	0
25045	5.009	0	0	0	0	0
