seeded
fitted baseline loaded: e2_pf=0.222 f1_df=0.098 f1_kf=0.148 post_kneext=0.011 post_hipext=0.068 desc_f=1.400 e2_adapt=1.700
start pose (normal.mot): applied 20 coordinates as given; IMU-metric torso lean -0.0 deg (+ = back)
standing solve: nnls x in [0.00, 0.70], >0.1: 14 muscles
  top: add_long_l=0.70, tib_ant_r=0.61, tib_ant_l=0.46, ext_dig_r=0.37, glut_min1_l=0.33, pect_l=0.32, glut_min2_l=0.31, ext_dig_l=0.25
Fmax range: 5..3396 N | L range sample: [0.229942 0.326094]
t=  1.00 max|qacc|=     159.6 max|qvel|=   2.09 ncon=  0 com_z=0.960 com_x=-0.194
t=  1.50 max|qacc|=      63.1 max|qvel|=   1.35 ncon=  0 com_z=0.941 com_x=-0.178
t=  2.00 max|qacc|=      29.0 max|qvel|=   0.65 ncon=  0 com_z=0.948 com_x=-0.184
t=  2.50 max|qacc|=     101.2 max|qvel|=   0.39 ncon=  0 com_z=0.944 com_x=-0.180
t=  3.00 max|qacc|=      81.3 max|qvel|=   0.33 ncon=  0 com_z=0.947 com_x=-0.182
t=  3.50 max|qacc|=      45.5 max|qvel|=   0.25 ncon=  0 com_z=0.944 com_x=-0.181
t=  4.00 max|qacc|=      24.8 max|qvel|=   0.17 ncon=  0 com_z=0.945 com_x=-0.179
t=  4.50 max|qacc|=      79.5 max|qvel|=   0.23 ncon=  0 com_z=0.943 com_x=-0.176
t=  5.00 max|qacc|=      25.6 max|qvel|=   0.14 ncon=  0 com_z=0.942 com_x=-0.175
t=  5.50 max|qacc|=      56.3 max|qvel|=   0.24 ncon=  0 com_z=0.942 com_x=-0.174
t=  6.00 max|qacc|=      33.4 max|qvel|=   0.20 ncon=  0 com_z=0.942 com_x=-0.173
t=  6.50 max|qacc|=      73.0 max|qvel|=   0.61 ncon=  0 com_z=0.942 com_x=-0.173
t=  7.00 max|qacc|=      66.5 max|qvel|=   0.22 ncon=  0 com_z=0.942 com_x=-0.174
t=  7.50 max|qacc|=      42.1 max|qvel|=   0.23 ncon=  0 com_z=0.942 com_x=-0.174
t=  8.00 max|qacc|=      33.5 max|qvel|=   0.23 ncon=  0 com_z=0.942 com_x=-0.173
t=  8.50 max|qacc|=      12.8 max|qvel|=   0.11 ncon=  0 com_z=0.942 com_x=-0.174
t=  9.00 max|qacc|=      28.6 max|qvel|=   0.22 ncon=  0 com_z=0.942 com_x=-0.174
t=  9.50 max|qacc|=      27.0 max|qvel|=   0.15 ncon=  0 com_z=0.942 com_x=-0.173
t= 10.00 max|qacc|=     131.8 max|qvel|=   0.13 ncon=  0 com_z=0.942 com_x=-0.173
t= 10.50 max|qacc|=      29.3 max|qvel|=   0.17 ncon=  0 com_z=0.942 com_x=-0.174
t= 11.00 max|qacc|=     107.3 max|qvel|=   0.15 ncon=  0 com_z=0.942 com_x=-0.174
t= 11.50 max|qacc|=      71.3 max|qvel|=   0.20 ncon=  0 com_z=0.942 com_x=-0.173
t= 12.00 max|qacc|=      14.0 max|qvel|=   0.30 ncon=  0 com_z=0.942 com_x=-0.173
t= 12.50 max|qacc|=      20.0 max|qvel|=   0.20 ncon=  0 com_z=0.942 com_x=-0.174
t= 13.00 max|qacc|=      30.2 max|qvel|=   0.15 ncon=  0 com_z=0.942 com_x=-0.174
t= 13.50 max|qacc|=     165.8 max|qvel|=   0.19 ncon=  0 com_z=0.942 com_x=-0.173
t= 14.00 max|qacc|=      30.3 max|qvel|=   0.11 ncon=  0 com_z=0.942 com_x=-0.174
t= 14.50 max|qacc|=      21.2 max|qvel|=   0.23 ncon=  0 com_z=0.942 com_x=-0.174
t= 15.00 max|qacc|=     201.3 max|qvel|=   0.19 ncon=  0 com_z=0.942 com_x=-0.173
t= 15.50 max|qacc|=      98.7 max|qvel|=   0.97 ncon=  0 com_z=0.942 com_x=-0.174
t= 16.00 max|qacc|=     231.0 max|qvel|=   0.20 ncon=  0 com_z=0.943 com_x=-0.177
t= 16.50 max|qacc|=     183.3 max|qvel|=   0.32 ncon=  0 com_z=0.945 com_x=-0.179
t= 17.00 max|qacc|=      54.8 max|qvel|=   0.13 ncon=  0 com_z=0.946 com_x=-0.180
t= 17.50 max|qacc|=      72.5 max|qvel|=   0.36 ncon=  0 com_z=0.945 com_x=-0.182
t= 18.00 max|qacc|=     142.6 max|qvel|=   0.17 ncon=  0 com_z=0.946 com_x=-0.180
t= 18.50 max|qacc|=     206.5 max|qvel|=   0.09 ncon=  0 com_z=0.946 com_x=-0.181
t= 19.00 max|qacc|=     178.3 max|qvel|=   0.15 ncon=  0 com_z=0.946 com_x=-0.181
t= 19.50 max|qacc|=     227.9 max|qvel|=   0.16 ncon=  0 com_z=0.946 com_x=-0.180
t= 20.00 max|qacc|=     203.0 max|qvel|=   0.49 ncon=  0 com_z=0.945 com_x=-0.181
t= 20.50 max|qacc|=      50.9 max|qvel|=   0.47 ncon=  0 com_z=0.946 com_x=-0.181
t= 21.00 max|qacc|=      23.7 max|qvel|=   0.12 ncon=  0 com_z=0.946 com_x=-0.180
t= 21.50 max|qacc|=      67.9 max|qvel|=   0.21 ncon=  0 com_z=0.946 com_x=-0.181
t= 22.00 max|qacc|=      19.9 max|qvel|=   0.19 ncon=  0 com_z=0.946 com_x=-0.180
t= 22.50 max|qacc|=      26.7 max|qvel|=   0.10 ncon=  0 com_z=0.946 com_x=-0.181
t= 23.00 max|qacc|=      84.1 max|qvel|=   0.21 ncon=  0 com_z=0.946 com_x=-0.181
t= 23.50 max|qacc|=      65.8 max|qvel|=   0.13 ncon=  0 com_z=0.946 com_x=-0.180
t= 24.00 max|qacc|=      43.4 max|qvel|=   0.17 ncon=  0 com_z=0.945 com_x=-0.181
t= 24.50 max|qacc|=      65.7 max|qvel|=   0.13 ncon=  0 com_z=0.946 com_x=-0.181
t= 25.00 max|qacc|=     134.9 max|qvel|=   0.17 ncon=  0 com_z=0.946 com_x=-0.181
t= 25.50 max|qacc|=       9.2 max|qvel|=   0.19 ncon=  0 com_z=0.946 com_x=-0.181
t= 26.00 max|qacc|=       9.9 max|qvel|=   0.18 ncon=  0 com_z=0.946 com_x=-0.180
t= 26.50 max|qacc|=     103.4 max|qvel|=   0.19 ncon=  0 com_z=0.946 com_x=-0.181
t= 27.00 max|qacc|=     441.2 max|qvel|=   0.51 ncon=  0 com_z=0.946 com_x=-0.181
t= 27.50 max|qacc|=     138.4 max|qvel|=   0.12 ncon=  0 com_z=0.946 com_x=-0.180
t= 28.00 max|qacc|=     390.0 max|qvel|=   1.41 ncon=  0 com_z=0.945 com_x=-0.181
t= 28.50 max|qacc|=      36.8 max|qvel|=   0.21 ncon=  0 com_z=0.946 com_x=-0.180
t= 29.00 max|qacc|=      94.9 max|qvel|=   0.72 ncon=  0 com_z=0.946 com_x=-0.181
t= 29.50 max|qacc|=      28.4 max|qvel|=   0.16 ncon=  0 com_z=0.946 com_x=-0.181
t= 30.00 max|qacc|=      72.5 max|qvel|=   0.14 ncon=  0 com_z=0.946 com_x=-0.180
t= 30.50 max|qacc|=      47.0 max|qvel|=   0.18 ncon=  0 com_z=0.945 com_x=-0.181

== summary ==
pelvis/COM height: start 0.94 m, min 0.93 m, final 0.95 m  (stayed up)
COM x: min -0.20 max -0.11 final -0.18 m
COM y: min -0.029 max -0.003 m
RG_F_r bursts during walk window: 0
peak ctrl: [0.5  0.81 0.78 0.82 0.48 0.49 0.68 0.57 0.48 0.23 0.51 0.82 0.79 0.74
 0.48 0.5  0.65 0.55 0.48 0.22] (('vas_lat_r', 'med_gas_r', 'soleus_r', 'tib_ant_r', 'psoas_r', 'semimem_r', 'glut_max2_r', 'rect_fem_r', 'sar_r', 'grac_r', 'vas_lat_l', 'med_gas_l', 'soleus_l', 'tib_ant_l', 'psoas_l', 'semimem_l', 'glut_max2_l', 'rect_fem_l', 'sar_l', 'grac_l'))
  hip_flexion_r         24.6 ..    42.2 deg
  knee_angle_r          -3.9 ..    10.5 deg
  ankle_angle_r        -72.3 ..    -1.7 deg
  hip_adduction_r        0.7 ..     6.9 deg
  subtalar_angle_r      -2.2 ..     6.5 deg
  hip_flexion_l        -16.6 ..    53.0 deg
  knee_angle_l          -8.2 ..    10.4 deg
  ankle_angle_l        -75.1 ..     9.8 deg
  hip_adduction_l      -13.5 ..     7.7 deg
  subtalar_angle_l      -2.4 ..     5.0 deg
  pelvis_tilt           -1.9 ..     0.6 deg
  pelvis_list           -0.5 ..    -0.2 deg
  pelvis_rotation        2.3 ..     2.6 deg
saved spinal_run.npz
saved spinal_run.png
fitted baseline loaded: e2_pf=0.222 f1_df=0.098 f1_kf=0.148 post_kneext=0.011 post_hipext=0.068 desc_f=1.400 e2_adapt=1.700
start pose (normal.mot): applied 20 coordinates as given; IMU-metric torso lean -0.0 deg (+ = back)
standing solve: nnls x in [0.00, 0.70], >0.1: 14 muscles
  top: add_long_l=0.70, tib_ant_r=0.61, tib_ant_l=0.46, ext_dig_r=0.37, glut_min1_l=0.33, pect_l=0.32, glut_min2_l=0.31, ext_dig_l=0.25
Fmax range: 5..3396 N | L range sample: [0.229942 0.326094]
t=  1.00 max|qacc|=     158.7 max|qvel|=   2.00 ncon=  0 com_z=0.960 com_x=-0.194
t=  1.50 max|qacc|=      39.2 max|qvel|=   1.36 ncon=  0 com_z=0.943 com_x=-0.180
t=  2.00 max|qacc|=      79.7 max|qvel|=   0.65 ncon=  0 com_z=0.949 com_x=-0.186
t=  2.50 max|qacc|=     687.1 max|qvel|=   0.86 ncon=  0 com_z=0.945 com_x=-0.182
t=  3.00 max|qacc|=      99.1 max|qvel|=   0.35 ncon=  0 com_z=0.948 com_x=-0.183
t=  3.50 max|qacc|=     316.7 max|qvel|=   0.78 ncon=  0 com_z=0.946 com_x=-0.182
t=  4.00 max|qacc|=     341.4 max|qvel|=   0.50 ncon=  0 com_z=0.946 com_x=-0.181
t=  4.50 max|qacc|=     122.9 max|qvel|=   0.54 ncon=  0 com_z=0.941 com_x=-0.174
t=  5.00 max|qacc|=     294.6 max|qvel|=   0.56 ncon=  0 com_z=0.944 com_x=-0.179
t=  5.50 max|qacc|=      92.0 max|qvel|=   0.32 ncon=  0 com_z=0.942 com_x=-0.174
t=  6.00 max|qacc|=      63.7 max|qvel|=   0.10 ncon=  0 com_z=0.943 com_x=-0.175
t=  6.50 max|qacc|=      20.4 max|qvel|=   0.20 ncon=  0 com_z=0.942 com_x=-0.175
t=  7.00 max|qacc|=     414.0 max|qvel|=   0.53 ncon=  0 com_z=0.943 com_x=-0.175
t=  7.50 max|qacc|=      53.6 max|qvel|=   0.18 ncon=  0 com_z=0.943 com_x=-0.174
t=  8.00 max|qacc|=      11.3 max|qvel|=   0.10 ncon=  0 com_z=0.943 com_x=-0.175
t=  8.50 max|qacc|=      22.4 max|qvel|=   0.21 ncon=  0 com_z=0.943 com_x=-0.175
t=  9.00 max|qacc|=      41.8 max|qvel|=   0.19 ncon=  0 com_z=0.943 com_x=-0.175
t=  9.50 max|qacc|=      41.1 max|qvel|=   0.10 ncon=  0 com_z=0.943 com_x=-0.175
t= 10.00 max|qacc|=     172.8 max|qvel|=   0.28 ncon=  0 com_z=0.942 com_x=-0.175
t= 10.50 max|qacc|=      99.0 max|qvel|=   0.34 ncon=  0 com_z=0.943 com_x=-0.175
t= 11.00 max|qacc|=      25.4 max|qvel|=   0.15 ncon=  0 com_z=0.943 com_x=-0.174
t= 11.50 max|qacc|=      17.6 max|qvel|=   0.16 ncon=  0 com_z=0.943 com_x=-0.175
t= 12.00 max|qacc|=      65.4 max|qvel|=   0.18 ncon=  0 com_z=0.943 com_x=-0.175
t= 12.50 max|qacc|=      25.4 max|qvel|=   0.27 ncon=  0 com_z=0.943 com_x=-0.174
t= 13.00 max|qacc|=      39.3 max|qvel|=   0.13 ncon=  0 com_z=0.943 com_x=-0.175
t= 13.50 max|qacc|=      90.6 max|qvel|=   0.24 ncon=  0 com_z=0.942 com_x=-0.175
t= 14.00 max|qacc|=      30.4 max|qvel|=   0.17 ncon=  0 com_z=0.943 com_x=-0.175
t= 14.50 max|qacc|=      49.6 max|qvel|=   0.23 ncon=  0 com_z=0.943 com_x=-0.174
t= 15.00 max|qacc|=      35.7 max|qvel|=   0.11 ncon=  0 com_z=0.943 com_x=-0.175
t= 15.50 max|qacc|=      38.7 max|qvel|=   0.19 ncon=  0 com_z=0.943 com_x=-0.176
t= 16.00 max|qacc|=      54.8 max|qvel|=   0.18 ncon=  0 com_z=0.945 com_x=-0.178
t= 16.50 max|qacc|=      86.6 max|qvel|=   0.27 ncon=  0 com_z=0.945 com_x=-0.181
t= 17.00 max|qacc|=      50.5 max|qvel|=   0.15 ncon=  0 com_z=0.946 com_x=-0.182
t= 17.50 max|qacc|=     100.8 max|qvel|=   0.47 ncon=  0 com_z=0.946 com_x=-0.182
t= 18.00 max|qacc|=      40.9 max|qvel|=   0.21 ncon=  0 com_z=0.946 com_x=-0.182
t= 18.50 max|qacc|=      64.8 max|qvel|=   0.34 ncon=  0 com_z=0.947 com_x=-0.182
t= 19.00 max|qacc|=     171.2 max|qvel|=   0.96 ncon=  0 com_z=0.946 com_x=-0.182
t= 19.50 max|qacc|=      52.9 max|qvel|=   0.20 ncon=  0 com_z=0.946 com_x=-0.182
t= 20.00 max|qacc|=     161.6 max|qvel|=   0.21 ncon=  0 com_z=0.946 com_x=-0.181
t= 20.50 max|qacc|=      34.0 max|qvel|=   0.12 ncon=  0 com_z=0.946 com_x=-0.182
t= 21.00 max|qacc|=     150.3 max|qvel|=   0.30 ncon=  0 com_z=0.946 com_x=-0.182
t= 21.50 max|qacc|=      59.5 max|qvel|=   0.08 ncon=  0 com_z=0.946 com_x=-0.182
t= 22.00 max|qacc|=      61.2 max|qvel|=   0.20 ncon=  0 com_z=0.946 com_x=-0.182
t= 22.50 max|qacc|=      99.6 max|qvel|=   0.18 ncon=  0 com_z=0.946 com_x=-0.181
t= 23.00 max|qacc|=      95.5 max|qvel|=   0.41 ncon=  0 com_z=0.946 com_x=-0.182
t= 23.50 max|qacc|=      76.7 max|qvel|=   0.10 ncon=  0 com_z=0.946 com_x=-0.182
t= 24.00 max|qacc|=      82.6 max|qvel|=   0.18 ncon=  0 com_z=0.946 com_x=-0.181
t= 24.50 max|qacc|=      36.0 max|qvel|=   0.31 ncon=  0 com_z=0.946 com_x=-0.182
t= 25.00 max|qacc|=      81.0 max|qvel|=   0.28 ncon=  0 com_z=0.946 com_x=-0.181
t= 25.50 max|qacc|=      31.9 max|qvel|=   0.22 ncon=  0 com_z=0.946 com_x=-0.182
t= 26.00 max|qacc|=      24.1 max|qvel|=   0.19 ncon=  0 com_z=0.946 com_x=-0.182
t= 26.50 max|qacc|=      97.9 max|qvel|=   0.10 ncon=  0 com_z=0.946 com_x=-0.181
t= 27.00 max|qacc|=     116.2 max|qvel|=   0.22 ncon=  0 com_z=0.946 com_x=-0.182
t= 27.50 max|qacc|=      38.5 max|qvel|=   0.19 ncon=  0 com_z=0.946 com_x=-0.181
t= 28.00 max|qacc|=      81.8 max|qvel|=   0.66 ncon=  0 com_z=0.946 com_x=-0.182
t= 28.50 max|qacc|=      28.1 max|qvel|=   0.23 ncon=  0 com_z=0.946 com_x=-0.182
t= 29.00 max|qacc|=      22.7 max|qvel|=   0.12 ncon=  0 com_z=0.946 com_x=-0.181
t= 29.50 max|qacc|=      29.6 max|qvel|=   0.20 ncon=  0 com_z=0.946 com_x=-0.182
t= 30.00 max|qacc|=      27.1 max|qvel|=   0.17 ncon=  0 com_z=0.946 com_x=-0.181
t= 30.50 max|qacc|=      19.4 max|qvel|=   0.09 ncon=  0 com_z=0.946 com_x=-0.182

== summary ==
pelvis/COM height: start 0.94 m, min 0.93 m, final 0.95 m  (stayed up)
COM x: min -0.21 max -0.11 final -0.18 m
COM y: min -0.030 max -0.003 m
RG_F_r bursts during walk window: 0
peak ctrl: [0.52 0.8  0.78 0.84 0.46 0.49 0.72 0.59 0.46 0.23 0.53 0.82 0.79 0.75
 0.46 0.5  0.67 0.59 0.46 0.22] (('vas_lat_r', 'med_gas_r', 'soleus_r', 'tib_ant_r', 'psoas_r', 'semimem_r', 'glut_max2_r', 'rect_fem_r', 'sar_r', 'grac_r', 'vas_lat_l', 'med_gas_l', 'soleus_l', 'tib_ant_l', 'psoas_l', 'semimem_l', 'glut_max2_l', 'rect_fem_l', 'sar_l', 'grac_l'))
  hip_flexion_r         24.6 ..    43.1 deg
  knee_angle_r          -3.9 ..    10.2 deg
  ankle_angle_r        -72.1 ..    -1.7 deg
  hip_adduction_r        0.6 ..     6.8 deg
  subtalar_angle_r      -2.2 ..     6.9 deg
  hip_flexion_l        -16.6 ..    53.0 deg
  knee_angle_l          -8.2 ..    10.6 deg
  ankle_angle_l        -75.0 ..     9.8 deg
  hip_adduction_l      -13.7 ..     7.7 deg
  subtalar_angle_l      -2.4 ..     5.7 deg
  pelvis_tilt           -1.9 ..     0.6 deg
  pelvis_list           -0.5 ..    -0.2 deg
  pelvis_rotation        2.3 ..     2.6 deg
saved spinal_run.npz
saved spinal_run.png
fitted baseline loaded: e2_pf=0.222 f1_df=0.098 f1_kf=0.148 post_kneext=0.011 post_hipext=0.068 desc_f=1.400 e2_adapt=1.700
start pose (normal.mot): applied 20 coordinates as given; IMU-metric torso lean -0.0 deg (+ = back)
standing solve: nnls x in [0.00, 0.70], >0.1: 14 muscles
  top: add_long_l=0.70, tib_ant_r=0.61, tib_ant_l=0.46, ext_dig_r=0.37, glut_min1_l=0.33, pect_l=0.32, glut_min2_l=0.31, ext_dig_l=0.25
Fmax range: 5..3396 N | L range sample: [0.229942 0.326094]
t=  1.00 max|qacc|=      18.5 max|qvel|=   2.03 ncon=  0 com_z=0.981 com_x=-0.197
t=  1.50 max|qacc|=      23.6 max|qvel|=   1.34 ncon=  0 com_z=0.949 com_x=-0.177
t=  2.00 max|qacc|=       7.8 max|qvel|=   0.53 ncon=  0 com_z=0.969 com_x=-0.192
t=  2.50 max|qacc|=      10.5 max|qvel|=   0.23 ncon=  0 com_z=0.955 com_x=-0.179
t=  3.00 max|qacc|=      12.2 max|qvel|=   0.13 ncon=  0 com_z=0.964 com_x=-0.189
t=  3.50 max|qacc|=      19.6 max|qvel|=   0.19 ncon=  0 com_z=0.958 com_x=-0.182
t=  4.00 max|qacc|=      15.8 max|qvel|=   0.20 ncon=  0 com_z=0.961 com_x=-0.185
t=  4.50 max|qacc|=      13.9 max|qvel|=   0.16 ncon=  0 com_z=0.959 com_x=-0.179
t=  5.00 max|qacc|=      20.9 max|qvel|=   0.16 ncon=  0 com_z=0.959 com_x=-0.176
t=  5.50 max|qacc|=      10.0 max|qvel|=   0.18 ncon=  0 com_z=0.959 com_x=-0.172
t=  6.00 max|qacc|=       6.7 max|qvel|=   0.11 ncon=  0 com_z=0.959 com_x=-0.173
t=  6.50 max|qacc|=      15.9 max|qvel|=   0.10 ncon=  0 com_z=0.958 com_x=-0.173
t=  7.00 max|qacc|=      20.6 max|qvel|=   0.21 ncon=  0 com_z=0.958 com_x=-0.174
t=  7.50 max|qacc|=       8.6 max|qvel|=   0.13 ncon=  0 com_z=0.959 com_x=-0.174
t=  8.00 max|qacc|=      21.1 max|qvel|=   0.12 ncon=  0 com_z=0.959 com_x=-0.173
t=  8.50 max|qacc|=       9.4 max|qvel|=   0.17 ncon=  0 com_z=0.959 com_x=-0.173
t=  9.00 max|qacc|=       6.1 max|qvel|=   0.10 ncon=  0 com_z=0.959 com_x=-0.173
t=  9.50 max|qacc|=      17.2 max|qvel|=   0.10 ncon=  0 com_z=0.958 com_x=-0.173
t= 10.00 max|qacc|=      20.2 max|qvel|=   0.21 ncon=  0 com_z=0.958 com_x=-0.174
t= 10.50 max|qacc|=      10.9 max|qvel|=   0.11 ncon=  0 com_z=0.959 com_x=-0.174
t= 11.00 max|qacc|=      19.7 max|qvel|=   0.13 ncon=  0 com_z=0.959 com_x=-0.173
t= 11.50 max|qacc|=       9.1 max|qvel|=   0.17 ncon=  0 com_z=0.959 com_x=-0.173
t= 12.00 max|qacc|=       5.4 max|qvel|=   0.09 ncon=  0 com_z=0.959 com_x=-0.173
t= 12.50 max|qacc|=      18.3 max|qvel|=   0.10 ncon=  0 com_z=0.958 com_x=-0.173
t= 13.00 max|qacc|=      19.6 max|qvel|=   0.22 ncon=  0 com_z=0.958 com_x=-0.174
t= 13.50 max|qacc|=      13.1 max|qvel|=   0.10 ncon=  0 com_z=0.959 com_x=-0.174
t= 14.00 max|qacc|=      17.7 max|qvel|=   0.14 ncon=  0 com_z=0.959 com_x=-0.173
t= 14.50 max|qacc|=       9.0 max|qvel|=   0.17 ncon=  0 com_z=0.959 com_x=-0.173
t= 15.00 max|qacc|=       5.1 max|qvel|=   0.08 ncon=  0 com_z=0.959 com_x=-0.173
t= 15.50 max|qacc|=      18.7 max|qvel|=   0.14 ncon=  0 com_z=0.958 com_x=-0.175
t= 16.00 max|qacc|=      19.1 max|qvel|=   0.21 ncon=  0 com_z=0.959 com_x=-0.179
t= 16.50 max|qacc|=       5.4 max|qvel|=   0.15 ncon=  0 com_z=0.960 com_x=-0.183
t= 17.00 max|qacc|=      20.8 max|qvel|=   0.12 ncon=  0 com_z=0.960 com_x=-0.185
t= 17.50 max|qacc|=      11.5 max|qvel|=   0.17 ncon=  0 com_z=0.960 com_x=-0.185
t= 18.00 max|qacc|=       8.2 max|qvel|=   0.15 ncon=  0 com_z=0.960 com_x=-0.185
t= 18.50 max|qacc|=       6.0 max|qvel|=   0.08 ncon=  0 com_z=0.960 com_x=-0.185
t= 19.00 max|qacc|=      18.5 max|qvel|=   0.11 ncon=  0 com_z=0.960 com_x=-0.185
t= 19.50 max|qacc|=      17.7 max|qvel|=   0.21 ncon=  0 com_z=0.960 com_x=-0.186
t= 20.00 max|qacc|=       9.8 max|qvel|=   0.11 ncon=  0 com_z=0.960 com_x=-0.185
t= 20.50 max|qacc|=      20.7 max|qvel|=   0.10 ncon=  0 com_z=0.960 com_x=-0.185
t= 21.00 max|qacc|=      10.4 max|qvel|=   0.18 ncon=  0 com_z=0.960 com_x=-0.185
t= 21.50 max|qacc|=       7.3 max|qvel|=   0.13 ncon=  0 com_z=0.960 com_x=-0.185
t= 22.00 max|qacc|=      10.2 max|qvel|=   0.09 ncon=  0 com_z=0.960 com_x=-0.185
t= 22.50 max|qacc|=      19.5 max|qvel|=   0.15 ncon=  0 com_z=0.960 com_x=-0.185
t= 23.00 max|qacc|=      15.6 max|qvel|=   0.20 ncon=  0 com_z=0.960 com_x=-0.186
t= 23.50 max|qacc|=      15.8 max|qvel|=   0.09 ncon=  0 com_z=0.960 com_x=-0.185
t= 24.00 max|qacc|=      16.8 max|qvel|=   0.14 ncon=  0 com_z=0.960 com_x=-0.185
t= 24.50 max|qacc|=       9.0 max|qvel|=   0.17 ncon=  0 com_z=0.960 com_x=-0.185
t= 25.00 max|qacc|=       6.1 max|qvel|=   0.10 ncon=  0 com_z=0.960 com_x=-0.185
t= 25.50 max|qacc|=      14.7 max|qvel|=   0.10 ncon=  0 com_z=0.960 com_x=-0.185
t= 26.00 max|qacc|=      18.8 max|qvel|=   0.19 ncon=  0 com_z=0.960 com_x=-0.186
t= 26.50 max|qacc|=      10.5 max|qvel|=   0.18 ncon=  0 com_z=0.960 com_x=-0.186
t= 27.00 max|qacc|=      19.8 max|qvel|=   0.09 ncon=  0 com_z=0.960 com_x=-0.185
t= 27.50 max|qacc|=      12.0 max|qvel|=   0.17 ncon=  0 com_z=0.960 com_x=-0.185
t= 28.00 max|qacc|=       8.3 max|qvel|=   0.15 ncon=  0 com_z=0.960 com_x=-0.185
t= 28.50 max|qacc|=       6.2 max|qvel|=   0.08 ncon=  0 com_z=0.960 com_x=-0.185
t= 29.00 max|qacc|=      17.8 max|qvel|=   0.11 ncon=  0 com_z=0.960 com_x=-0.185
t= 29.50 max|qacc|=      18.4 max|qvel|=   0.21 ncon=  0 com_z=0.960 com_x=-0.186
t= 30.00 max|qacc|=       7.0 max|qvel|=   0.13 ncon=  0 com_z=0.960 com_x=-0.185
t= 30.50 max|qacc|=      21.1 max|qvel|=   0.09 ncon=  0 com_z=0.960 com_x=-0.185

== summary ==
pelvis/COM height: start 0.94 m, min 0.93 m, final 0.96 m  (stayed up)
COM x: min -0.21 max -0.11 final -0.18 m
COM y: min -0.023 max -0.003 m
RG_F_r bursts during walk window: 0
peak ctrl: [0.33 0.74 0.72 0.8  0.4  0.46 0.66 0.38 0.41 0.18 0.38 0.76 0.74 0.73
 0.4  0.5  0.63 0.41 0.4  0.18] (('vas_lat_r', 'med_gas_r', 'soleus_r', 'tib_ant_r', 'psoas_r', 'semimem_r', 'glut_max2_r', 'rect_fem_r', 'sar_r', 'grac_r', 'vas_lat_l', 'med_gas_l', 'soleus_l', 'tib_ant_l', 'psoas_l', 'semimem_l', 'glut_max2_l', 'rect_fem_l', 'sar_l', 'grac_l'))
  hip_flexion_r         20.6 ..    39.0 deg
  knee_angle_r         -64.1 ..    -3.9 deg
  ankle_angle_r        -59.9 ..    -1.7 deg
  hip_adduction_r        1.1 ..    15.9 deg
  subtalar_angle_r      -1.0 ..     8.9 deg
  hip_flexion_l        -16.6 ..    43.6 deg
  knee_angle_l         -60.0 ..    -8.2 deg
  ankle_angle_l        -64.9 ..     9.8 deg
  hip_adduction_l       -2.4 ..    17.9 deg
  subtalar_angle_l      -1.5 ..     7.4 deg
  pelvis_tilt           -1.9 ..     0.9 deg
  pelvis_list           -0.5 ..    -0.2 deg
  pelvis_rotation        2.2 ..     2.6 deg
saved spinal_run.npz
saved spinal_run.png
fitted baseline loaded: e2_pf=0.222 f1_df=0.098 f1_kf=0.148 post_kneext=0.011 post_hipext=0.068 desc_f=1.400 e2_adapt=1.700
start pose (normal.mot): applied 20 coordinates as given; IMU-metric torso lean -0.0 deg (+ = back)
standing solve: nnls x in [0.00, 0.70], >0.1: 14 muscles
  top: add_long_l=0.70, tib_ant_r=0.61, tib_ant_l=0.46, ext_dig_r=0.37, glut_min1_l=0.33, pect_l=0.32, glut_min2_l=0.31, ext_dig_l=0.25
Fmax range: 5..3396 N | L range sample: [0.229942 0.326094]
t=  1.00 max|qacc|=      51.6 max|qvel|=   2.29 ncon=  0 com_z=1.002 com_x=-0.201
t=  1.50 max|qacc|=      15.7 max|qvel|=   1.29 ncon=  0 com_z=0.953 com_x=-0.172
t=  2.00 max|qacc|=      16.3 max|qvel|=   0.32 ncon=  0 com_z=0.981 com_x=-0.197
t=  2.50 max|qacc|=      14.1 max|qvel|=   0.33 ncon=  0 com_z=0.965 com_x=-0.178
t=  3.00 max|qacc|=      16.0 max|qvel|=   0.43 ncon=  0 com_z=0.971 com_x=-0.188
t=  3.50 max|qacc|=       8.5 max|qvel|=   0.33 ncon=  0 com_z=0.970 com_x=-0.184
t=  4.00 max|qacc|=      18.9 max|qvel|=   0.15 ncon=  0 com_z=0.968 com_x=-0.182
t=  4.50 max|qacc|=       8.4 max|qvel|=   0.15 ncon=  0 com_z=0.970 com_x=-0.182
t=  5.00 max|qacc|=       7.9 max|qvel|=   0.13 ncon=  0 com_z=0.968 com_x=-0.179
t=  5.50 max|qacc|=      12.0 max|qvel|=   0.14 ncon=  0 com_z=0.968 com_x=-0.178
t=  6.00 max|qacc|=      19.2 max|qvel|=   0.18 ncon=  0 com_z=0.968 com_x=-0.179
t=  6.50 max|qacc|=       7.3 max|qvel|=   0.16 ncon=  0 com_z=0.968 com_x=-0.178
t=  7.00 max|qacc|=      19.4 max|qvel|=   0.12 ncon=  0 com_z=0.968 com_x=-0.178
t=  7.50 max|qacc|=       9.6 max|qvel|=   0.16 ncon=  0 com_z=0.968 com_x=-0.178
t=  8.00 max|qacc|=       8.1 max|qvel|=   0.12 ncon=  0 com_z=0.968 com_x=-0.178
t=  8.50 max|qacc|=      10.5 max|qvel|=   0.14 ncon=  0 com_z=0.968 com_x=-0.178
t=  9.00 max|qacc|=      19.1 max|qvel|=   0.17 ncon=  0 com_z=0.968 com_x=-0.179
t=  9.50 max|qacc|=       8.7 max|qvel|=   0.16 ncon=  0 com_z=0.968 com_x=-0.179
t= 10.00 max|qacc|=      19.2 max|qvel|=   0.11 ncon=  0 com_z=0.968 com_x=-0.178
t= 10.50 max|qacc|=       9.9 max|qvel|=   0.16 ncon=  0 com_z=0.968 com_x=-0.178
t= 11.00 max|qacc|=       8.3 max|qvel|=   0.12 ncon=  0 com_z=0.968 com_x=-0.178
t= 11.50 max|qacc|=       9.4 max|qvel|=   0.13 ncon=  0 com_z=0.968 com_x=-0.178
t= 12.00 max|qacc|=      19.5 max|qvel|=   0.16 ncon=  0 com_z=0.968 com_x=-0.178
t= 12.50 max|qacc|=      10.0 max|qvel|=   0.17 ncon=  0 com_z=0.968 com_x=-0.179
t= 13.00 max|qacc|=      18.9 max|qvel|=   0.11 ncon=  0 com_z=0.968 com_x=-0.178
t= 13.50 max|qacc|=      10.2 max|qvel|=   0.16 ncon=  0 com_z=0.968 com_x=-0.178
t= 14.00 max|qacc|=       8.4 max|qvel|=   0.13 ncon=  0 com_z=0.968 com_x=-0.178
t= 14.50 max|qacc|=       8.3 max|qvel|=   0.13 ncon=  0 com_z=0.968 com_x=-0.178
t= 15.00 max|qacc|=      19.8 max|qvel|=   0.15 ncon=  0 com_z=0.968 com_x=-0.178
t= 15.50 max|qacc|=      11.1 max|qvel|=   0.18 ncon=  0 com_z=0.968 com_x=-0.179
t= 16.00 max|qacc|=      17.7 max|qvel|=   0.13 ncon=  0 com_z=0.969 com_x=-0.182
t= 16.50 max|qacc|=      11.1 max|qvel|=   0.15 ncon=  0 com_z=0.969 com_x=-0.182
t= 17.00 max|qacc|=       8.3 max|qvel|=   0.14 ncon=  0 com_z=0.970 com_x=-0.184
t= 17.50 max|qacc|=       7.3 max|qvel|=   0.12 ncon=  0 com_z=0.970 com_x=-0.184
t= 18.00 max|qacc|=      19.0 max|qvel|=   0.15 ncon=  0 com_z=0.970 com_x=-0.185
t= 18.50 max|qacc|=      10.1 max|qvel|=   0.17 ncon=  0 com_z=0.970 com_x=-0.185
t= 19.00 max|qacc|=      18.6 max|qvel|=   0.11 ncon=  0 com_z=0.970 com_x=-0.184
t= 19.50 max|qacc|=      10.1 max|qvel|=   0.17 ncon=  0 com_z=0.970 com_x=-0.184
t= 20.00 max|qacc|=       7.5 max|qvel|=   0.12 ncon=  0 com_z=0.970 com_x=-0.184
t= 20.50 max|qacc|=      13.1 max|qvel|=   0.15 ncon=  0 com_z=0.970 com_x=-0.184
t= 21.00 max|qacc|=      18.2 max|qvel|=   0.19 ncon=  0 com_z=0.970 com_x=-0.185
t= 21.50 max|qacc|=       6.8 max|qvel|=   0.12 ncon=  0 com_z=0.970 com_x=-0.185
t= 22.00 max|qacc|=      17.9 max|qvel|=   0.15 ncon=  0 com_z=0.970 com_x=-0.184
t= 22.50 max|qacc|=       8.5 max|qvel|=   0.16 ncon=  0 com_z=0.970 com_x=-0.184
t= 23.00 max|qacc|=       6.6 max|qvel|=   0.08 ncon=  0 com_z=0.970 com_x=-0.184
t= 23.50 max|qacc|=      17.7 max|qvel|=   0.16 ncon=  0 com_z=0.970 com_x=-0.185
t= 24.00 max|qacc|=      15.8 max|qvel|=   0.20 ncon=  0 com_z=0.970 com_x=-0.185
t= 24.50 max|qacc|=      14.1 max|qvel|=   0.09 ncon=  0 com_z=0.970 com_x=-0.185
t= 25.00 max|qacc|=      11.8 max|qvel|=   0.18 ncon=  0 com_z=0.970 com_x=-0.184
t= 25.50 max|qacc|=       8.3 max|qvel|=   0.14 ncon=  0 com_z=0.970 com_x=-0.184
t= 26.00 max|qacc|=       6.3 max|qvel|=   0.11 ncon=  0 com_z=0.970 com_x=-0.184
t= 26.50 max|qacc|=      19.1 max|qvel|=   0.15 ncon=  0 com_z=0.970 com_x=-0.185
t= 27.00 max|qacc|=      11.1 max|qvel|=   0.18 ncon=  0 com_z=0.970 com_x=-0.185
t= 27.50 max|qacc|=      18.3 max|qvel|=   0.10 ncon=  0 com_z=0.970 com_x=-0.184
t= 28.00 max|qacc|=      10.3 max|qvel|=   0.17 ncon=  0 com_z=0.970 com_x=-0.184
t= 28.50 max|qacc|=       7.7 max|qvel|=   0.12 ncon=  0 com_z=0.970 com_x=-0.184
t= 29.00 max|qacc|=      12.1 max|qvel|=   0.15 ncon=  0 com_z=0.970 com_x=-0.184
t= 29.50 max|qacc|=      18.4 max|qvel|=   0.18 ncon=  0 com_z=0.970 com_x=-0.185
t= 30.00 max|qacc|=       5.4 max|qvel|=   0.13 ncon=  0 com_z=0.970 com_x=-0.185
t= 30.50 max|qacc|=      18.4 max|qvel|=   0.15 ncon=  0 com_z=0.970 com_x=-0.184

== summary ==
pelvis/COM height: start 0.94 m, min 0.93 m, final 0.97 m  (stayed up)
COM x: min -0.21 max -0.11 final -0.18 m
COM y: min -0.024 max -0.003 m
RG_F_r bursts during walk window: 0
peak ctrl: [0.   0.73 0.71 0.82 0.44 0.5  0.71 0.   0.43 0.24 0.   0.73 0.71 0.74
 0.46 0.49 0.66 0.   0.44 0.19] (('vas_lat_r', 'med_gas_r', 'soleus_r', 'tib_ant_r', 'psoas_r', 'semimem_r', 'glut_max2_r', 'rect_fem_r', 'sar_r', 'grac_r', 'vas_lat_l', 'med_gas_l', 'soleus_l', 'tib_ant_l', 'psoas_l', 'semimem_l', 'glut_max2_l', 'rect_fem_l', 'sar_l', 'grac_l'))
  hip_flexion_r         11.9 ..    43.5 deg
  knee_angle_r         -82.6 ..    -3.9 deg
  ankle_angle_r        -56.9 ..    -1.7 deg
  hip_adduction_r        1.1 ..    14.9 deg
  subtalar_angle_r      -0.2 ..    13.0 deg
  hip_flexion_l        -16.6 ..    49.2 deg
  knee_angle_l         -77.4 ..    -8.2 deg
  ankle_angle_l        -61.6 ..     9.8 deg
  hip_adduction_l       -5.9 ..    17.0 deg
  subtalar_angle_l      -0.6 ..     9.1 deg
  pelvis_tilt           -1.9 ..     1.0 deg
  pelvis_list           -0.5 ..    -0.2 deg
  pelvis_rotation        2.2 ..     2.7 deg
saved spinal_run.npz
saved spinal_run.png
fitted baseline loaded: e2_pf=0.222 f1_df=0.098 f1_kf=0.148 post_kneext=0.011 post_hipext=0.068 desc_f=1.400 e2_adapt=1.700
start pose (normal.mot): applied 20 coordinates as given; IMU-metric torso lean -0.0 deg (+ = back)
standing solve: nnls x in [0.00, 0.70], >0.1: 14 muscles
  top: add_long_l=0.70, tib_ant_r=0.61, tib_ant_l=0.46, ext_dig_r=0.37, glut_min1_l=0.33, pect_l=0.32, glut_min2_l=0.31, ext_dig_l=0.25
Fmax range: 5..3396 N | L range sample: [0.229942 0.326094]
t=  1.00 max|qacc|=      37.3 max|qvel|=   1.86 ncon=  0 com_z=0.961 com_x=-0.195
t=  1.50 max|qacc|=      25.2 max|qvel|=   1.53 ncon=  0 com_z=0.940 com_x=-0.175
t=  2.00 max|qacc|=      26.3 max|qvel|=   0.70 ncon=  0 com_z=0.948 com_x=-0.182
t=  2.50 max|qacc|=      19.0 max|qvel|=   0.55 ncon=  0 com_z=0.943 com_x=-0.178
t=  3.00 max|qacc|=      17.8 max|qvel|=   0.29 ncon=  0 com_z=0.946 com_x=-0.180
t=  3.50 max|qacc|=      20.4 max|qvel|=   0.23 ncon=  0 com_z=0.944 com_x=-0.178
t=  4.00 max|qacc|=       9.7 max|qvel|=   0.18 ncon=  0 com_z=0.944 com_x=-0.176
t=  4.50 max|qacc|=       7.4 max|qvel|=   0.21 ncon=  0 com_z=0.942 com_x=-0.174
t=  5.00 max|qacc|=      13.6 max|qvel|=   0.20 ncon=  0 com_z=0.941 com_x=-0.171
t=  5.50 max|qacc|=      19.7 max|qvel|=   0.22 ncon=  0 com_z=0.941 com_x=-0.170
t=  6.00 max|qacc|=      15.5 max|qvel|=   0.10 ncon=  0 com_z=0.941 com_x=-0.170
t=  6.50 max|qacc|=      11.2 max|qvel|=   0.18 ncon=  0 com_z=0.941 com_x=-0.169
t=  7.00 max|qacc|=       7.6 max|qvel|=   0.13 ncon=  0 com_z=0.941 com_x=-0.169
t=  7.50 max|qacc|=      15.3 max|qvel|=   0.10 ncon=  0 com_z=0.941 com_x=-0.170
t=  8.00 max|qacc|=      18.5 max|qvel|=   0.23 ncon=  0 com_z=0.941 com_x=-0.170
t=  8.50 max|qacc|=      19.4 max|qvel|=   0.10 ncon=  0 com_z=0.941 com_x=-0.170
t=  9.00 max|qacc|=      10.2 max|qvel|=   0.19 ncon=  0 com_z=0.941 com_x=-0.169
t=  9.50 max|qacc|=       6.8 max|qvel|=   0.12 ncon=  0 com_z=0.941 com_x=-0.169
t= 10.00 max|qacc|=      18.1 max|qvel|=   0.10 ncon=  0 com_z=0.941 com_x=-0.170
t= 10.50 max|qacc|=      16.9 max|qvel|=   0.22 ncon=  0 com_z=0.941 com_x=-0.170
t= 11.00 max|qacc|=      21.9 max|qvel|=   0.10 ncon=  0 com_z=0.941 com_x=-0.170
t= 11.50 max|qacc|=       9.3 max|qvel|=   0.19 ncon=  0 com_z=0.941 com_x=-0.169
t= 12.00 max|qacc|=       6.1 max|qvel|=   0.09 ncon=  0 com_z=0.941 com_x=-0.169
t= 12.50 max|qacc|=      19.9 max|qvel|=   0.12 ncon=  0 com_z=0.941 com_x=-0.170
t= 13.00 max|qacc|=      13.5 max|qvel|=   0.21 ncon=  0 com_z=0.941 com_x=-0.170
t= 13.50 max|qacc|=      22.8 max|qvel|=   0.09 ncon=  0 com_z=0.941 com_x=-0.169
t= 14.00 max|qacc|=       8.6 max|qvel|=   0.18 ncon=  0 com_z=0.941 com_x=-0.169
t= 14.50 max|qacc|=       5.7 max|qvel|=   0.08 ncon=  0 com_z=0.941 com_x=-0.169
t= 15.00 max|qacc|=      20.8 max|qvel|=   0.16 ncon=  0 com_z=0.941 com_x=-0.170
t= 15.50 max|qacc|=       8.7 max|qvel|=   0.22 ncon=  0 com_z=0.941 com_x=-0.171
t= 16.00 max|qacc|=      21.1 max|qvel|=   0.17 ncon=  0 com_z=0.943 com_x=-0.174
t= 16.50 max|qacc|=      12.6 max|qvel|=   0.17 ncon=  0 com_z=0.944 com_x=-0.176
t= 17.00 max|qacc|=      28.5 max|qvel|=   0.08 ncon=  0 com_z=0.945 com_x=-0.178
t= 17.50 max|qacc|=      18.7 max|qvel|=   0.19 ncon=  0 com_z=0.945 com_x=-0.180
t= 18.00 max|qacc|=      11.4 max|qvel|=   0.12 ncon=  0 com_z=0.945 com_x=-0.179
t= 18.50 max|qacc|=      35.8 max|qvel|=   0.18 ncon=  0 com_z=0.945 com_x=-0.179
t= 19.00 max|qacc|=       9.4 max|qvel|=   0.13 ncon=  0 com_z=0.945 com_x=-0.178
t= 19.50 max|qacc|=      47.5 max|qvel|=   0.11 ncon=  0 com_z=0.945 com_x=-0.179
t= 20.00 max|qacc|=      17.0 max|qvel|=   0.21 ncon=  0 com_z=0.945 com_x=-0.179
t= 20.50 max|qacc|=      44.1 max|qvel|=   0.10 ncon=  0 com_z=0.945 com_x=-0.179
t= 21.00 max|qacc|=      16.5 max|qvel|=   0.18 ncon=  0 com_z=0.945 com_x=-0.178
t= 21.50 max|qacc|=       9.8 max|qvel|=   0.10 ncon=  0 com_z=0.945 com_x=-0.179
t= 22.00 max|qacc|=      18.8 max|qvel|=   0.20 ncon=  0 com_z=0.945 com_x=-0.179
t= 22.50 max|qacc|=      15.2 max|qvel|=   0.12 ncon=  0 com_z=0.945 com_x=-0.179
t= 23.00 max|qacc|=      14.5 max|qvel|=   0.18 ncon=  0 com_z=0.945 com_x=-0.178
t= 23.50 max|qacc|=      11.1 max|qvel|=   0.12 ncon=  0 com_z=0.945 com_x=-0.178
t= 24.00 max|qacc|=      24.2 max|qvel|=   0.11 ncon=  0 com_z=0.945 com_x=-0.179
t= 24.50 max|qacc|=      20.4 max|qvel|=   0.21 ncon=  0 com_z=0.945 com_x=-0.179
t= 25.00 max|qacc|=      21.8 max|qvel|=   0.09 ncon=  0 com_z=0.945 com_x=-0.179
t= 25.50 max|qacc|=      17.9 max|qvel|=   0.17 ncon=  0 com_z=0.945 com_x=-0.178
t= 26.00 max|qacc|=       7.4 max|qvel|=   0.10 ncon=  0 com_z=0.945 com_x=-0.179
t= 26.50 max|qacc|=      19.7 max|qvel|=   0.20 ncon=  0 com_z=0.945 com_x=-0.179
t= 27.00 max|qacc|=      33.7 max|qvel|=   0.11 ncon=  0 com_z=0.945 com_x=-0.179
t= 27.50 max|qacc|=      16.3 max|qvel|=   0.19 ncon=  0 com_z=0.945 com_x=-0.178
t= 28.00 max|qacc|=       5.7 max|qvel|=   0.11 ncon=  0 com_z=0.945 com_x=-0.178
t= 28.50 max|qacc|=      17.1 max|qvel|=   0.12 ncon=  0 com_z=0.945 com_x=-0.179
t= 29.00 max|qacc|=      12.3 max|qvel|=   0.20 ncon=  0 com_z=0.945 com_x=-0.179
t= 29.50 max|qacc|=      22.7 max|qvel|=   0.10 ncon=  0 com_z=0.945 com_x=-0.179
t= 30.00 max|qacc|=      14.2 max|qvel|=   0.17 ncon=  0 com_z=0.945 com_x=-0.178
t= 30.50 max|qacc|=      10.5 max|qvel|=   0.10 ncon=  0 com_z=0.945 com_x=-0.179

== summary ==
pelvis/COM height: start 0.94 m, min 0.93 m, final 0.94 m  (stayed up)
COM x: min -0.20 max -0.11 final -0.18 m
COM y: min -0.033 max -0.003 m
RG_F_r bursts during walk window: 0
peak ctrl: [0.48 0.77 0.75 0.84 0.37 0.5  0.69 0.55 0.37 0.21 0.51 0.78 0.76 0.76
 0.37 0.49 0.67 0.55 0.37 0.22] (('vas_lat_r', 'med_gas_r', 'soleus_r', 'tib_ant_r', 'psoas_r', 'semimem_r', 'glut_max2_r', 'rect_fem_r', 'sar_r', 'grac_r', 'vas_lat_l', 'med_gas_l', 'soleus_l', 'tib_ant_l', 'psoas_l', 'semimem_l', 'glut_max2_l', 'rect_fem_l', 'sar_l', 'grac_l'))
  hip_flexion_r         24.6 ..    42.3 deg
  knee_angle_r          -3.9 ..    10.3 deg
  ankle_angle_r        -67.4 ..    -1.7 deg
  hip_adduction_r        0.8 ..    11.3 deg
  subtalar_angle_r      -2.0 ..     7.1 deg
  hip_flexion_l        -16.6 ..    53.6 deg
  knee_angle_l          -8.2 ..    10.6 deg
  ankle_angle_l        -71.6 ..     9.8 deg
  hip_adduction_l      -13.9 ..    11.9 deg
  subtalar_angle_l      -2.4 ..     5.4 deg
  pelvis_tilt           -1.9 ..     0.6 deg
  pelvis_list           -0.5 ..    -0.1 deg
  pelvis_rotation        2.3 ..     2.6 deg
saved spinal_run.npz
saved spinal_run.png
fitted baseline loaded: e2_pf=0.222 f1_df=0.098 f1_kf=0.148 post_kneext=0.011 post_hipext=0.068 desc_f=1.400 e2_adapt=1.700
start pose (normal.mot): applied 20 coordinates as given; IMU-metric torso lean -0.0 deg (+ = back)
standing solve: nnls x in [0.00, 0.70], >0.1: 14 muscles
  top: add_long_l=0.70, tib_ant_r=0.61, tib_ant_l=0.46, ext_dig_r=0.37, glut_min1_l=0.33, pect_l=0.32, glut_min2_l=0.31, ext_dig_l=0.25
Fmax range: 5..3396 N | L range sample: [0.229942 0.326094]
t=  1.00 max|qacc|=     269.5 max|qvel|=   2.16 ncon=  0 com_z=0.957 com_x=-0.190
t=  1.50 max|qacc|=      60.5 max|qvel|=   0.97 ncon=  0 com_z=0.941 com_x=-0.177
t=  2.00 max|qacc|=      47.8 max|qvel|=   0.47 ncon=  0 com_z=0.949 com_x=-0.184
t=  2.50 max|qacc|=      65.2 max|qvel|=   0.30 ncon=  0 com_z=0.943 com_x=-0.180
t=  3.00 max|qacc|=      80.0 max|qvel|=   0.24 ncon=  0 com_z=0.947 com_x=-0.182
t=  3.50 max|qacc|=      69.3 max|qvel|=   0.27 ncon=  0 com_z=0.945 com_x=-0.180
t=  4.00 max|qacc|=      58.4 max|qvel|=   0.21 ncon=  0 com_z=0.945 com_x=-0.180
t=  4.50 max|qacc|=     218.3 max|qvel|=   0.53 ncon=  0 com_z=0.943 com_x=-0.176
t=  5.00 max|qacc|=     283.2 max|qvel|=   0.56 ncon=  0 com_z=0.942 com_x=-0.174
t=  5.50 max|qacc|=      53.4 max|qvel|=   0.17 ncon=  0 com_z=0.941 com_x=-0.173
t=  6.00 max|qacc|=     176.2 max|qvel|=   0.15 ncon=  0 com_z=0.942 com_x=-0.173
t=  6.50 max|qacc|=      72.4 max|qvel|=   0.39 ncon=  0 com_z=0.942 com_x=-0.173
t=  7.00 max|qacc|=      33.8 max|qvel|=   0.21 ncon=  0 com_z=0.942 com_x=-0.173
t=  7.50 max|qacc|=      48.5 max|qvel|=   0.30 ncon=  0 com_z=0.942 com_x=-0.174
t=  8.00 max|qacc|=      30.2 max|qvel|=   0.16 ncon=  0 com_z=0.942 com_x=-0.173
t=  8.50 max|qacc|=      20.8 max|qvel|=   0.12 ncon=  0 com_z=0.942 com_x=-0.173
t=  9.00 max|qacc|=      35.8 max|qvel|=   0.16 ncon=  0 com_z=0.942 com_x=-0.174
t=  9.50 max|qacc|=      43.4 max|qvel|=   0.17 ncon=  0 com_z=0.942 com_x=-0.173
t= 10.00 max|qacc|=      45.3 max|qvel|=   0.27 ncon=  0 com_z=0.942 com_x=-0.173
t= 10.50 max|qacc|=      94.1 max|qvel|=   0.22 ncon=  0 com_z=0.942 com_x=-0.173
t= 11.00 max|qacc|=      61.8 max|qvel|=   0.26 ncon=  0 com_z=0.942 com_x=-0.174
t= 11.50 max|qacc|=     568.1 max|qvel|=   0.33 ncon=  0 com_z=0.942 com_x=-0.173
t= 12.00 max|qacc|=     378.7 max|qvel|=   0.84 ncon=  0 com_z=0.942 com_x=-0.173
t= 12.50 max|qacc|=      21.0 max|qvel|=   0.18 ncon=  0 com_z=0.942 com_x=-0.174
t= 13.00 max|qacc|=      39.0 max|qvel|=   0.11 ncon=  0 com_z=0.942 com_x=-0.174
t= 13.50 max|qacc|=     136.3 max|qvel|=   0.27 ncon=  0 com_z=0.942 com_x=-0.173
t= 14.00 max|qacc|=      63.3 max|qvel|=   0.20 ncon=  0 com_z=0.942 com_x=-0.173
t= 14.50 max|qacc|=      71.6 max|qvel|=   0.24 ncon=  0 com_z=0.942 com_x=-0.174
t= 15.00 max|qacc|=      62.8 max|qvel|=   0.13 ncon=  0 com_z=0.942 com_x=-0.173
t= 15.50 max|qacc|=      43.2 max|qvel|=   0.18 ncon=  0 com_z=0.942 com_x=-0.173
t= 16.00 max|qacc|=      76.3 max|qvel|=   0.32 ncon=  0 com_z=0.943 com_x=-0.177
t= 16.50 max|qacc|=      47.0 max|qvel|=   0.18 ncon=  0 com_z=0.945 com_x=-0.179
t= 17.00 max|qacc|=      37.2 max|qvel|=   0.15 ncon=  0 com_z=0.946 com_x=-0.180
t= 17.50 max|qacc|=     204.3 max|qvel|=   0.29 ncon=  0 com_z=0.945 com_x=-0.181
t= 18.00 max|qacc|=      55.7 max|qvel|=   0.13 ncon=  0 com_z=0.946 com_x=-0.180
t= 18.50 max|qacc|=      78.0 max|qvel|=   0.14 ncon=  0 com_z=0.946 com_x=-0.181
t= 19.00 max|qacc|=      60.9 max|qvel|=   0.18 ncon=  0 com_z=0.945 com_x=-0.181
t= 19.50 max|qacc|=      97.0 max|qvel|=   0.18 ncon=  0 com_z=0.946 com_x=-0.180
t= 20.00 max|qacc|=     278.8 max|qvel|=   0.55 ncon=  0 com_z=0.945 com_x=-0.181
t= 20.50 max|qacc|=      18.2 max|qvel|=   0.20 ncon=  0 com_z=0.946 com_x=-0.181
t= 21.00 max|qacc|=      59.1 max|qvel|=   0.13 ncon=  0 com_z=0.946 com_x=-0.180
t= 21.50 max|qacc|=      40.8 max|qvel|=   0.21 ncon=  0 com_z=0.945 com_x=-0.181
t= 22.00 max|qacc|=      57.0 max|qvel|=   0.24 ncon=  0 com_z=0.946 com_x=-0.180
t= 22.50 max|qacc|=     259.7 max|qvel|=   0.28 ncon=  0 com_z=0.946 com_x=-0.181
t= 23.00 max|qacc|=      31.1 max|qvel|=   0.17 ncon=  0 com_z=0.946 com_x=-0.181
t= 23.50 max|qacc|=      48.8 max|qvel|=   0.17 ncon=  0 com_z=0.946 com_x=-0.180
t= 24.00 max|qacc|=     276.3 max|qvel|=   0.27 ncon=  0 com_z=0.945 com_x=-0.181
t= 24.50 max|qacc|=      98.3 max|qvel|=   0.65 ncon=  0 com_z=0.946 com_x=-0.181
t= 25.00 max|qacc|=      24.2 max|qvel|=   0.11 ncon=  0 com_z=0.946 com_x=-0.180
t= 25.50 max|qacc|=     123.3 max|qvel|=   0.67 ncon=  0 com_z=0.945 com_x=-0.181
t= 26.00 max|qacc|=      16.3 max|qvel|=   0.19 ncon=  0 com_z=0.946 com_x=-0.180
t= 26.50 max|qacc|=     116.5 max|qvel|=   0.24 ncon=  0 com_z=0.946 com_x=-0.181
t= 27.00 max|qacc|=      21.0 max|qvel|=   0.15 ncon=  0 com_z=0.946 com_x=-0.181
t= 27.50 max|qacc|=      59.4 max|qvel|=   0.28 ncon=  0 com_z=0.946 com_x=-0.180
t= 28.00 max|qacc|=      44.4 max|qvel|=   0.18 ncon=  0 com_z=0.945 com_x=-0.181
t= 28.50 max|qacc|=      77.5 max|qvel|=   0.10 ncon=  0 com_z=0.946 com_x=-0.181
t= 29.00 max|qacc|=     343.0 max|qvel|=   0.53 ncon=  0 com_z=0.946 com_x=-0.180
t= 29.50 max|qacc|=      73.9 max|qvel|=   0.22 ncon=  0 com_z=0.945 com_x=-0.181
t= 30.00 max|qacc|=      18.0 max|qvel|=   0.27 ncon=  0 com_z=0.946 com_x=-0.180
t= 30.50 max|qacc|=      15.5 max|qvel|=   0.09 ncon=  0 com_z=0.946 com_x=-0.181

== summary ==
pelvis/COM height: start 0.94 m, min 0.93 m, final 0.95 m  (stayed up)
COM x: min -0.20 max -0.11 final -0.18 m
COM y: min -0.024 max -0.003 m
RG_F_r bursts during walk window: 0
peak ctrl: [0.5  0.82 0.79 0.82 0.48 0.49 0.69 0.56 0.48 0.22 0.49 0.81 0.78 0.73
 0.48 0.49 0.64 0.54 0.47 0.21] (('vas_lat_r', 'med_gas_r', 'soleus_r', 'tib_ant_r', 'psoas_r', 'semimem_r', 'glut_max2_r', 'rect_fem_r', 'sar_r', 'grac_r', 'vas_lat_l', 'med_gas_l', 'soleus_l', 'tib_ant_l', 'psoas_l', 'semimem_l', 'glut_max2_l', 'rect_fem_l', 'sar_l', 'grac_l'))
  hip_flexion_r         24.6 ..    42.0 deg
  knee_angle_r          -3.9 ..    10.6 deg
  ankle_angle_r        -72.5 ..    -1.7 deg
  hip_adduction_r        0.7 ..     6.9 deg
  subtalar_angle_r      -2.2 ..     7.4 deg
  hip_flexion_l        -16.6 ..    50.3 deg
  knee_angle_l          -8.2 ..    10.5 deg
  ankle_angle_l        -74.9 ..     9.8 deg
  hip_adduction_l       -8.8 ..     7.9 deg
  subtalar_angle_l      -2.4 ..     6.4 deg
  pelvis_tilt           -1.9 ..     0.5 deg
  pelvis_list           -0.5 ..    -0.2 deg
  pelvis_rotation        2.3 ..     2.5 deg
saved spinal_run.npz
saved spinal_run.png
fitted baseline loaded: e2_pf=0.222 f1_df=0.098 f1_kf=0.148 post_kneext=0.011 post_hipext=0.068 desc_f=1.400 e2_adapt=1.700
start pose (normal.mot): applied 20 coordinates as given; IMU-metric torso lean -0.0 deg (+ = back)
standing solve: nnls x in [0.00, 0.70], >0.1: 14 muscles
  top: add_long_l=0.70, tib_ant_r=0.61, tib_ant_l=0.46, ext_dig_r=0.37, glut_min1_l=0.33, pect_l=0.32, glut_min2_l=0.31, ext_dig_l=0.25
Fmax range: 5..3396 N | L range sample: [0.229942 0.326094]
t=  1.00 max|qacc|=     166.1 max|qvel|=   1.98 ncon=  0 com_z=0.962 com_x=-0.195
t=  1.50 max|qacc|=      29.9 max|qvel|=   1.45 ncon=  0 com_z=0.942 com_x=-0.179
t=  2.00 max|qacc|=     268.4 max|qvel|=   0.69 ncon=  0 com_z=0.950 com_x=-0.186
t=  2.50 max|qacc|=      34.3 max|qvel|=   0.43 ncon=  0 com_z=0.945 com_x=-0.181
t=  3.00 max|qacc|=      67.8 max|qvel|=   0.23 ncon=  0 com_z=0.948 com_x=-0.184
t=  3.50 max|qacc|=     321.9 max|qvel|=   0.22 ncon=  0 com_z=0.945 com_x=-0.182
t=  4.00 max|qacc|=      41.3 max|qvel|=   0.19 ncon=  0 com_z=0.947 com_x=-0.181
t=  4.50 max|qacc|=     161.2 max|qvel|=   0.17 ncon=  0 com_z=0.945 com_x=-0.180
t=  5.00 max|qacc|=     456.2 max|qvel|=   0.53 ncon=  0 com_z=0.944 com_x=-0.178
t=  5.50 max|qacc|=      80.0 max|qvel|=   0.22 ncon=  0 com_z=0.942 com_x=-0.173
t=  6.00 max|qacc|=     107.5 max|qvel|=   0.21 ncon=  0 com_z=0.944 com_x=-0.176
t=  6.50 max|qacc|=      36.2 max|qvel|=   0.50 ncon=  0 com_z=0.943 com_x=-0.175
t=  7.00 max|qacc|=      75.9 max|qvel|=   0.19 ncon=  0 com_z=0.943 com_x=-0.176
t=  7.50 max|qacc|=      58.2 max|qvel|=   0.20 ncon=  0 com_z=0.943 com_x=-0.175
t=  8.00 max|qacc|=     274.6 max|qvel|=   0.31 ncon=  0 com_z=0.943 com_x=-0.175
t=  8.50 max|qacc|=     101.8 max|qvel|=   0.27 ncon=  0 com_z=0.943 com_x=-0.176
t=  9.00 max|qacc|=     207.2 max|qvel|=   0.22 ncon=  0 com_z=0.943 com_x=-0.175
t=  9.50 max|qacc|=      53.5 max|qvel|=   0.15 ncon=  0 com_z=0.943 com_x=-0.175
t= 10.00 max|qacc|=      18.4 max|qvel|=   0.20 ncon=  0 com_z=0.943 com_x=-0.176
t= 10.50 max|qacc|=      57.2 max|qvel|=   0.16 ncon=  0 com_z=0.943 com_x=-0.176
t= 11.00 max|qacc|=      83.2 max|qvel|=   0.21 ncon=  0 com_z=0.943 com_x=-0.175
t= 11.50 max|qacc|=      36.1 max|qvel|=   0.16 ncon=  0 com_z=0.943 com_x=-0.175
t= 12.00 max|qacc|=      32.5 max|qvel|=   0.22 ncon=  0 com_z=0.943 com_x=-0.176
t= 12.50 max|qacc|=      42.1 max|qvel|=   0.18 ncon=  0 com_z=0.943 com_x=-0.175
t= 13.00 max|qacc|=      67.1 max|qvel|=   0.16 ncon=  0 com_z=0.943 com_x=-0.175
t= 13.50 max|qacc|=      14.8 max|qvel|=   0.10 ncon=  0 com_z=0.943 com_x=-0.176
t= 14.00 max|qacc|=     170.7 max|qvel|=   0.34 ncon=  0 com_z=0.943 com_x=-0.176
t= 14.50 max|qacc|=      46.7 max|qvel|=   0.22 ncon=  0 com_z=0.943 com_x=-0.175
t= 15.00 max|qacc|=      87.7 max|qvel|=   0.09 ncon=  0 com_z=0.943 com_x=-0.175
t= 15.50 max|qacc|=      55.8 max|qvel|=   0.24 ncon=  0 com_z=0.943 com_x=-0.176
t= 16.00 max|qacc|=      79.4 max|qvel|=   0.97 ncon=  0 com_z=0.945 com_x=-0.179
t= 16.50 max|qacc|=      19.6 max|qvel|=   0.14 ncon=  0 com_z=0.946 com_x=-0.180
t= 17.00 max|qacc|=      59.5 max|qvel|=   0.29 ncon=  0 com_z=0.946 com_x=-0.182
t= 17.50 max|qacc|=     110.6 max|qvel|=   0.69 ncon=  0 com_z=0.947 com_x=-0.182
t= 18.00 max|qacc|=     667.2 max|qvel|=   0.61 ncon=  0 com_z=0.946 com_x=-0.181
t= 18.50 max|qacc|=      36.4 max|qvel|=   0.21 ncon=  0 com_z=0.946 com_x=-0.182
t= 19.00 max|qacc|=      41.7 max|qvel|=   0.26 ncon=  0 com_z=0.946 com_x=-0.181
t= 19.50 max|qacc|=      12.5 max|qvel|=   0.09 ncon=  0 com_z=0.946 com_x=-0.182
t= 20.00 max|qacc|=     153.5 max|qvel|=   0.28 ncon=  0 com_z=0.946 com_x=-0.182
t= 20.50 max|qacc|=      35.2 max|qvel|=   0.12 ncon=  0 com_z=0.946 com_x=-0.181
t= 21.00 max|qacc|=      27.3 max|qvel|=   0.20 ncon=  0 com_z=0.946 com_x=-0.182
t= 21.50 max|qacc|=     156.4 max|qvel|=   0.23 ncon=  0 com_z=0.946 com_x=-0.181
t= 22.00 max|qacc|=      13.0 max|qvel|=   0.07 ncon=  0 com_z=0.946 com_x=-0.182
t= 22.50 max|qacc|=      42.2 max|qvel|=   0.13 ncon=  0 com_z=0.946 com_x=-0.182
t= 23.00 max|qacc|=      57.8 max|qvel|=   0.44 ncon=  0 com_z=0.946 com_x=-0.181
t= 23.50 max|qacc|=      43.1 max|qvel|=   0.19 ncon=  0 com_z=0.946 com_x=-0.182
t= 24.00 max|qacc|=      54.7 max|qvel|=   0.13 ncon=  0 com_z=0.947 com_x=-0.182
t= 24.50 max|qacc|=      29.6 max|qvel|=   0.16 ncon=  0 com_z=0.946 com_x=-0.181
t= 25.00 max|qacc|=      34.3 max|qvel|=   0.18 ncon=  0 com_z=0.946 com_x=-0.182
t= 25.50 max|qacc|=     105.3 max|qvel|=   0.55 ncon=  0 com_z=0.946 com_x=-0.181
t= 26.00 max|qacc|=      20.7 max|qvel|=   0.12 ncon=  0 com_z=0.946 com_x=-0.182
t= 26.50 max|qacc|=      40.3 max|qvel|=   0.12 ncon=  0 com_z=0.946 com_x=-0.182
t= 27.00 max|qacc|=      14.7 max|qvel|=   0.12 ncon=  0 com_z=0.946 com_x=-0.181
t= 27.50 max|qacc|=      55.6 max|qvel|=   0.19 ncon=  0 com_z=0.946 com_x=-0.182
t= 28.00 max|qacc|=     437.2 max|qvel|=   0.71 ncon=  0 com_z=0.946 com_x=-0.181
t= 28.50 max|qacc|=      11.7 max|qvel|=   0.11 ncon=  0 com_z=0.946 com_x=-0.182
t= 29.00 max|qacc|=      45.9 max|qvel|=   0.23 ncon=  0 com_z=0.946 com_x=-0.182
t= 29.50 max|qacc|=     117.1 max|qvel|=   0.12 ncon=  0 com_z=0.946 com_x=-0.181
t= 30.00 max|qacc|=      33.9 max|qvel|=   0.22 ncon=  0 com_z=0.946 com_x=-0.182
t= 30.50 max|qacc|=      28.2 max|qvel|=   0.18 ncon=  0 com_z=0.946 com_x=-0.181

== summary ==
pelvis/COM height: start 0.94 m, min 0.93 m, final 0.95 m  (stayed up)
COM x: min -0.21 max -0.11 final -0.18 m
COM y: min -0.031 max -0.003 m
RG_F_r bursts during walk window: 1
peak ctrl: [0.51 0.81 0.78 0.84 0.44 0.49 0.72 0.58 0.44 0.23 0.51 0.81 0.78 0.76
 0.45 0.5  0.67 0.57 0.44 0.22] (('vas_lat_r', 'med_gas_r', 'soleus_r', 'tib_ant_r', 'psoas_r', 'semimem_r', 'glut_max2_r', 'rect_fem_r', 'sar_r', 'grac_r', 'vas_lat_l', 'med_gas_l', 'soleus_l', 'tib_ant_l', 'psoas_l', 'semimem_l', 'glut_max2_l', 'rect_fem_l', 'sar_l', 'grac_l'))
  hip_flexion_r         24.6 ..    43.5 deg
  knee_angle_r          -3.9 ..    10.3 deg
  ankle_angle_r        -71.9 ..    -1.7 deg
  hip_adduction_r        0.6 ..     6.6 deg
  subtalar_angle_r      -2.2 ..     6.8 deg
  hip_flexion_l        -16.6 ..    54.5 deg
  knee_angle_l          -8.2 ..    10.4 deg
  ankle_angle_l        -74.8 ..     9.8 deg
  hip_adduction_l      -14.8 ..     7.9 deg
  subtalar_angle_l      -2.4 ..     5.4 deg
  pelvis_tilt           -1.9 ..     0.6 deg
  pelvis_list           -0.5 ..    -0.2 deg
  pelvis_rotation        2.3 ..     2.6 deg
saved spinal_run.npz
saved spinal_run.png
fitted baseline loaded: e2_pf=0.222 f1_df=0.098 f1_kf=0.148 post_kneext=0.011 post_hipext=0.068 desc_f=1.400 e2_adapt=1.700
start pose (normal.mot): applied 20 coordinates as given; IMU-metric torso lean -0.0 deg (+ = back)
standing solve: nnls x in [0.00, 0.70], >0.1: 14 muscles
  top: add_long_l=0.70, tib_ant_r=0.61, tib_ant_l=0.46, ext_dig_r=0.37, glut_min1_l=0.33, pect_l=0.32, glut_min2_l=0.31, ext_dig_l=0.25
Fmax range: 5..3396 N | L range sample: [0.229942 0.326094]
t=  1.00 max|qacc|=     259.4 max|qvel|=   1.78 ncon=  0 com_z=0.962 com_x=-0.195
t=  1.50 max|qacc|=      13.4 max|qvel|=   1.45 ncon=  0 com_z=0.943 com_x=-0.181
t=  2.00 max|qacc|=      28.3 max|qvel|=   0.67 ncon=  0 com_z=0.950 com_x=-0.186
t=  2.50 max|qacc|=     172.4 max|qvel|=   0.46 ncon=  0 com_z=0.946 com_x=-0.182
t=  3.00 max|qacc|=      10.0 max|qvel|=   0.25 ncon=  0 com_z=0.948 com_x=-0.184
t=  3.50 max|qacc|=      44.9 max|qvel|=   0.21 ncon=  0 com_z=0.946 com_x=-0.183
t=  4.00 max|qacc|=      22.8 max|qvel|=   0.11 ncon=  0 com_z=0.947 com_x=-0.182
t=  4.50 max|qacc|=      30.2 max|qvel|=   0.37 ncon=  0 com_z=0.945 com_x=-0.181
t=  5.00 max|qacc|=      32.9 max|qvel|=   0.22 ncon=  0 com_z=0.945 com_x=-0.178
t=  5.50 max|qacc|=     198.6 max|qvel|=   1.36 ncon=  0 com_z=0.939 com_x=-0.167
t=  6.00 max|qacc|=      95.6 max|qvel|=   0.19 ncon=  0 com_z=0.945 com_x=-0.180
t=  6.50 max|qacc|=      20.8 max|qvel|=   0.22 ncon=  0 com_z=0.943 com_x=-0.175
t=  7.00 max|qacc|=     207.8 max|qvel|=   0.23 ncon=  0 com_z=0.944 com_x=-0.176
t=  7.50 max|qacc|=      58.7 max|qvel|=   0.51 ncon=  0 com_z=0.943 com_x=-0.176
t=  8.00 max|qacc|=     150.6 max|qvel|=   0.19 ncon=  0 com_z=0.943 com_x=-0.176
t=  8.50 max|qacc|=     809.6 max|qvel|=   0.54 ncon=  0 com_z=0.943 com_x=-0.175
t=  9.00 max|qacc|=      34.4 max|qvel|=   0.11 ncon=  0 com_z=0.943 com_x=-0.176
t=  9.50 max|qacc|=      18.8 max|qvel|=   0.22 ncon=  0 com_z=0.943 com_x=-0.176
t= 10.00 max|qacc|=      59.5 max|qvel|=   0.19 ncon=  0 com_z=0.943 com_x=-0.175
t= 10.50 max|qacc|=      40.1 max|qvel|=   0.12 ncon=  0 com_z=0.943 com_x=-0.176
t= 11.00 max|qacc|=     349.9 max|qvel|=   0.41 ncon=  0 com_z=0.943 com_x=-0.176
t= 11.50 max|qacc|=      51.0 max|qvel|=   0.23 ncon=  0 com_z=0.944 com_x=-0.176
t= 12.00 max|qacc|=     101.6 max|qvel|=   0.21 ncon=  0 com_z=0.943 com_x=-0.175
t= 12.50 max|qacc|=      60.3 max|qvel|=   0.15 ncon=  0 com_z=0.943 com_x=-0.176
t= 13.00 max|qacc|=      49.7 max|qvel|=   0.46 ncon=  0 com_z=0.943 com_x=-0.176
t= 13.50 max|qacc|=     137.7 max|qvel|=   0.24 ncon=  0 com_z=0.944 com_x=-0.175
t= 14.00 max|qacc|=      72.4 max|qvel|=   0.13 ncon=  0 com_z=0.943 com_x=-0.176
t= 14.50 max|qacc|=     227.6 max|qvel|=   0.19 ncon=  0 com_z=0.943 com_x=-0.176
t= 15.00 max|qacc|=     865.1 max|qvel|=   0.88 ncon=  0 com_z=0.944 com_x=-0.175
t= 15.50 max|qacc|=      12.6 max|qvel|=   0.14 ncon=  0 com_z=0.943 com_x=-0.176
t= 16.00 max|qacc|=      93.5 max|qvel|=   0.19 ncon=  0 com_z=0.945 com_x=-0.179
t= 16.50 max|qacc|=      24.3 max|qvel|=   0.19 ncon=  0 com_z=0.946 com_x=-0.180
t= 17.00 max|qacc|=      57.0 max|qvel|=   0.52 ncon=  0 com_z=0.946 com_x=-0.181
t= 17.50 max|qacc|=     112.1 max|qvel|=   1.07 ncon=  0 com_z=0.947 com_x=-0.182
t= 18.00 max|qacc|=      29.0 max|qvel|=   0.22 ncon=  0 com_z=0.946 com_x=-0.181
t= 18.50 max|qacc|=     673.7 max|qvel|=   0.80 ncon=  0 com_z=0.946 com_x=-0.182
t= 19.00 max|qacc|=      88.4 max|qvel|=   0.29 ncon=  0 com_z=0.946 com_x=-0.181
t= 19.50 max|qacc|=      40.5 max|qvel|=   0.09 ncon=  0 com_z=0.946 com_x=-0.182
t= 20.00 max|qacc|=     118.7 max|qvel|=   0.18 ncon=  0 com_z=0.946 com_x=-0.182
t= 20.50 max|qacc|=      16.5 max|qvel|=   0.16 ncon=  0 com_z=0.946 com_x=-0.181
t= 21.00 max|qacc|=     700.8 max|qvel|=   1.06 ncon=  0 com_z=0.946 com_x=-0.182
t= 21.50 max|qacc|=     172.6 max|qvel|=   0.42 ncon=  0 com_z=0.946 com_x=-0.181
t= 22.00 max|qacc|=      10.6 max|qvel|=   0.09 ncon=  0 com_z=0.946 com_x=-0.182
t= 22.50 max|qacc|=      54.7 max|qvel|=   0.14 ncon=  0 com_z=0.946 com_x=-0.182
t= 23.00 max|qacc|=      49.4 max|qvel|=   0.16 ncon=  0 com_z=0.946 com_x=-0.181
t= 23.50 max|qacc|=      30.8 max|qvel|=   0.20 ncon=  0 com_z=0.946 com_x=-0.182
t= 24.00 max|qacc|=      61.5 max|qvel|=   0.18 ncon=  0 com_z=0.947 com_x=-0.181
t= 24.50 max|qacc|=     333.1 max|qvel|=   0.29 ncon=  0 com_z=0.946 com_x=-0.182
t= 25.00 max|qacc|=      41.0 max|qvel|=   0.33 ncon=  0 com_z=0.946 com_x=-0.182
t= 25.50 max|qacc|=      38.4 max|qvel|=   0.14 ncon=  0 com_z=0.947 com_x=-0.181
t= 26.00 max|qacc|=     157.4 max|qvel|=   0.19 ncon=  0 com_z=0.946 com_x=-0.182
t= 26.50 max|qacc|=      89.3 max|qvel|=   0.17 ncon=  0 com_z=0.947 com_x=-0.181
t= 27.00 max|qacc|=      23.1 max|qvel|=   0.10 ncon=  0 com_z=0.946 com_x=-0.182
t= 27.50 max|qacc|=     145.8 max|qvel|=   0.17 ncon=  0 com_z=0.946 com_x=-0.182
t= 28.00 max|qacc|=      99.3 max|qvel|=   0.24 ncon=  0 com_z=0.946 com_x=-0.181
t= 28.50 max|qacc|=      27.8 max|qvel|=   0.18 ncon=  0 com_z=0.946 com_x=-0.182
t= 29.00 max|qacc|=      45.5 max|qvel|=   0.14 ncon=  0 com_z=0.947 com_x=-0.182
t= 29.50 max|qacc|=      14.7 max|qvel|=   0.09 ncon=  0 com_z=0.946 com_x=-0.181
t= 30.00 max|qacc|=      87.2 max|qvel|=   0.41 ncon=  0 com_z=0.946 com_x=-0.182
t= 30.50 max|qacc|=      24.3 max|qvel|=   0.16 ncon=  0 com_z=0.947 com_x=-0.181

== summary ==
pelvis/COM height: start 0.94 m, min 0.93 m, final 0.95 m  (stayed up)
COM x: min -0.21 max -0.11 final -0.18 m
COM y: min -0.031 max -0.003 m
RG_F_r bursts during walk window: 0
peak ctrl: [0.55 0.83 0.8  0.85 0.46 0.5  0.73 0.62 0.46 0.24 0.56 0.82 0.8  0.76
 0.45 0.5  0.7  0.61 0.44 0.23] (('vas_lat_r', 'med_gas_r', 'soleus_r', 'tib_ant_r', 'psoas_r', 'semimem_r', 'glut_max2_r', 'rect_fem_r', 'sar_r', 'grac_r', 'vas_lat_l', 'med_gas_l', 'soleus_l', 'tib_ant_l', 'psoas_l', 'semimem_l', 'glut_max2_l', 'rect_fem_l', 'sar_l', 'grac_l'))
  hip_flexion_r         24.6 ..    43.6 deg
  knee_angle_r          -3.9 ..    10.4 deg
  ankle_angle_r        -72.6 ..    -1.7 deg
  hip_adduction_r        0.6 ..     6.6 deg
  subtalar_angle_r      -2.2 ..     6.8 deg
  hip_flexion_l        -16.6 ..    54.3 deg
  knee_angle_l          -8.2 ..    10.6 deg
  ankle_angle_l        -75.5 ..     9.8 deg
  hip_adduction_l      -14.6 ..     9.6 deg
  subtalar_angle_l      -2.6 ..     5.5 deg
  pelvis_tilt           -1.9 ..     0.6 deg
  pelvis_list           -0.5 ..    -0.1 deg
  pelvis_rotation        2.2 ..     2.6 deg
saved spinal_run.npz
saved spinal_run.png
fitted baseline loaded: e2_pf=0.222 f1_df=0.098 f1_kf=0.148 post_kneext=0.011 post_hipext=0.068 desc_f=1.400 e2_adapt=1.700
start pose (normal.mot): applied 20 coordinates as given; IMU-metric torso lean -0.0 deg (+ = back)
standing solve: nnls x in [0.00, 0.70], >0.1: 14 muscles
  top: add_long_l=0.70, tib_ant_r=0.61, tib_ant_l=0.46, ext_dig_r=0.37, glut_min1_l=0.33, pect_l=0.32, glut_min2_l=0.31, ext_dig_l=0.25
Fmax range: 5..3396 N | L range sample: [0.229942 0.326094]
t=  1.00 max|qacc|=      21.0 max|qvel|=   5.60 ncon=  0 com_z=0.983 com_x=-0.204
t=  1.50 max|qacc|=      24.6 max|qvel|=   1.85 ncon=  0 com_z=0.949 com_x=-0.176
t=  2.00 max|qacc|=      33.3 max|qvel|=   1.81 ncon=  0 com_z=0.965 com_x=-0.190
t=  2.50 max|qacc|=      12.0 max|qvel|=   0.94 ncon=  0 com_z=0.946 com_x=-0.175
t=  3.00 max|qacc|=      26.1 max|qvel|=   2.22 ncon=  0 com_z=0.964 com_x=-0.189
t=  3.50 max|qacc|=      42.3 max|qvel|=   3.27 ncon=  0 com_z=0.949 com_x=-0.179
t=  4.00 max|qacc|=      12.5 max|qvel|=   2.66 ncon=  0 com_z=0.958 com_x=-0.187
t=  4.50 max|qacc|=      27.8 max|qvel|=   0.74 ncon=  0 com_z=0.958 com_x=-0.180
t=  5.00 max|qacc|=      40.9 max|qvel|=   0.39 ncon=  0 com_z=0.957 com_x=-0.181
t=  5.50 max|qacc|=      29.6 max|qvel|=   0.94 ncon=  0 com_z=0.958 com_x=-0.178
t=  6.00 max|qacc|=      19.3 max|qvel|=   0.74 ncon=  0 com_z=0.957 com_x=-0.179
t=  6.50 max|qacc|=      16.6 max|qvel|=   1.05 ncon=  0 com_z=0.957 com_x=-0.179
t=  7.00 max|qacc|=      21.8 max|qvel|=   1.16 ncon=  0 com_z=0.956 com_x=-0.179
t=  7.50 max|qacc|=      20.6 max|qvel|=   1.37 ncon=  0 com_z=0.957 com_x=-0.180
t=  8.00 max|qacc|=       7.9 max|qvel|=   1.40 ncon=  0 com_z=0.957 com_x=-0.179
t=  8.50 max|qacc|=      21.5 max|qvel|=   1.52 ncon=  0 com_z=0.957 com_x=-0.179
t=  9.00 max|qacc|=      11.8 max|qvel|=   1.68 ncon=  0 com_z=0.957 com_x=-0.179
t=  9.50 max|qacc|=      14.4 max|qvel|=   1.64 ncon=  0 com_z=0.957 com_x=-0.179
t= 10.00 max|qacc|=      24.9 max|qvel|=   1.40 ncon=  0 com_z=0.957 com_x=-0.179
t= 10.50 max|qacc|=      29.4 max|qvel|=   0.87 ncon=  0 com_z=0.957 com_x=-0.179
t= 11.00 max|qacc|=      32.2 max|qvel|=   0.64 ncon=  0 com_z=0.957 com_x=-0.179
t= 11.50 max|qacc|=      27.6 max|qvel|=   0.26 ncon=  0 com_z=0.957 com_x=-0.179
t= 12.00 max|qacc|=      26.4 max|qvel|=   0.18 ncon=  0 com_z=0.957 com_x=-0.179
t= 12.50 max|qacc|=      24.4 max|qvel|=   0.55 ncon=  0 com_z=0.957 com_x=-0.179
t= 13.00 max|qacc|=      25.9 max|qvel|=   0.48 ncon=  0 com_z=0.957 com_x=-0.179
t= 13.50 max|qacc|=      26.3 max|qvel|=   0.73 ncon=  0 com_z=0.957 com_x=-0.179
t= 14.00 max|qacc|=      22.9 max|qvel|=   0.92 ncon=  0 com_z=0.957 com_x=-0.179
t= 14.50 max|qacc|=      26.5 max|qvel|=   1.04 ncon=  0 com_z=0.957 com_x=-0.179
t= 15.00 max|qacc|=      23.1 max|qvel|=   1.53 ncon=  0 com_z=0.957 com_x=-0.180
t= 15.50 max|qacc|=       9.0 max|qvel|=   1.95 ncon=  0 com_z=0.957 com_x=-0.180
t= 16.00 max|qacc|=      23.0 max|qvel|=   1.78 ncon=  0 com_z=0.957 com_x=-0.184
t= 16.50 max|qacc|=      31.6 max|qvel|=   0.25 ncon=  0 com_z=0.956 com_x=-0.183
t= 17.00 max|qacc|=      14.0 max|qvel|=   1.44 ncon=  0 com_z=0.956 com_x=-0.184
t= 17.50 max|qacc|=      45.5 max|qvel|=   1.48 ncon=  0 com_z=0.957 com_x=-0.185
t= 18.00 max|qacc|=      32.5 max|qvel|=   3.05 ncon=  0 com_z=0.955 com_x=-0.182
t= 18.50 max|qacc|=      17.3 max|qvel|=   1.57 ncon=  0 com_z=0.955 com_x=-0.185
t= 19.00 max|qacc|=      20.3 max|qvel|=   0.50 ncon=  0 com_z=0.956 com_x=-0.184
t= 19.50 max|qacc|=      12.1 max|qvel|=   0.71 ncon=  0 com_z=0.955 com_x=-0.185
t= 20.00 max|qacc|=      53.1 max|qvel|=   0.97 ncon=  0 com_z=0.957 com_x=-0.186
t= 20.50 max|qacc|=      29.2 max|qvel|=   1.18 ncon=  0 com_z=0.963 com_x=-0.182
t= 21.00 max|qacc|=      24.9 max|qvel|=   4.24 ncon=  0 com_z=0.952 com_x=-0.182
t= 21.50 max|qacc|=      37.6 max|qvel|=   1.54 ncon=  0 com_z=0.953 com_x=-0.184
t= 22.00 max|qacc|=       9.7 max|qvel|=   0.80 ncon=  0 com_z=0.963 com_x=-0.184
t= 22.50 max|qacc|=      21.4 max|qvel|=   0.27 ncon=  0 com_z=0.953 com_x=-0.181
t= 23.00 max|qacc|=       9.6 max|qvel|=   0.46 ncon=  0 com_z=0.958 com_x=-0.185
t= 23.50 max|qacc|=       9.1 max|qvel|=   0.24 ncon=  0 com_z=0.954 com_x=-0.183
t= 24.00 max|qacc|=      11.9 max|qvel|=   0.15 ncon=  0 com_z=0.957 com_x=-0.186
t= 24.50 max|qacc|=      20.2 max|qvel|=   0.27 ncon=  0 com_z=0.955 com_x=-0.184
t= 25.00 max|qacc|=      13.0 max|qvel|=   0.33 ncon=  0 com_z=0.956 com_x=-0.186
t= 25.50 max|qacc|=      18.7 max|qvel|=   0.52 ncon=  0 com_z=0.956 com_x=-0.184
t= 26.00 max|qacc|=      38.5 max|qvel|=   2.52 ncon=  0 com_z=0.956 com_x=-0.186
t= 26.50 max|qacc|=      44.5 max|qvel|=   0.79 ncon=  0 com_z=0.960 com_x=-0.184
t= 27.00 max|qacc|=      57.0 max|qvel|=   4.42 ncon=  0 com_z=0.952 com_x=-0.185
t= 27.50 max|qacc|=      40.2 max|qvel|=   4.06 ncon=  0 com_z=0.952 com_x=-0.185
t= 28.00 max|qacc|=       9.5 max|qvel|=   0.83 ncon=  0 com_z=0.962 com_x=-0.185
t= 28.50 max|qacc|=       7.8 max|qvel|=   0.66 ncon=  0 com_z=0.954 com_x=-0.181
t= 29.00 max|qacc|=      10.1 max|qvel|=   0.43 ncon=  0 com_z=0.957 com_x=-0.185
t= 29.50 max|qacc|=      50.2 max|qvel|=   0.38 ncon=  0 com_z=0.957 com_x=-0.185
t= 30.00 max|qacc|=      19.4 max|qvel|=   1.00 ncon=  0 com_z=0.963 com_x=-0.183
t= 30.50 max|qacc|=      21.6 max|qvel|=   0.89 ncon=  0 com_z=0.952 com_x=-0.182

== summary ==
pelvis/COM height: start 0.94 m, min 0.93 m, final 0.96 m  (stayed up)
COM x: min -0.21 max -0.11 final -0.19 m
COM y: min -0.040 max +0.003 m
RG_F_r bursts during walk window: 0
peak ctrl: [0.2  0.72 0.71 0.8  0.39 0.46 0.69 0.24 0.38 0.23 0.44 0.78 0.76 0.78
 0.4  0.51 0.68 0.48 0.38 0.21] (('vas_lat_r', 'med_gas_r', 'soleus_r', 'tib_ant_r', 'psoas_r', 'semimem_r', 'glut_max2_r', 'rect_fem_r', 'sar_r', 'grac_r', 'vas_lat_l', 'med_gas_l', 'soleus_l', 'tib_ant_l', 'psoas_l', 'semimem_l', 'glut_max2_l', 'rect_fem_l', 'sar_l', 'grac_l'))
  hip_flexion_r         18.0 ..    42.0 deg
  knee_angle_r         -77.9 ..     5.4 deg
  ankle_angle_r        -60.3 ..    -1.7 deg
  hip_adduction_r        1.1 ..    16.0 deg
  subtalar_angle_r      -1.4 ..    10.8 deg
  hip_flexion_l        -16.6 ..    55.8 deg
  knee_angle_l         -74.5 ..    10.0 deg
  ankle_angle_l        -65.5 ..     9.8 deg
  hip_adduction_l      -13.2 ..    16.5 deg
  subtalar_angle_l      -1.9 ..     8.3 deg
  pelvis_tilt           -1.9 ..     1.0 deg
  pelvis_list           -0.6 ..    -0.1 deg
  pelvis_rotation        2.2 ..     2.8 deg
saved spinal_run.npz
saved spinal_run.png
fitted baseline loaded: e2_pf=0.222 f1_df=0.098 f1_kf=0.148 post_kneext=0.011 post_hipext=0.068 desc_f=1.400 e2_adapt=1.700
start pose (normal.mot): applied 20 coordinates as given; IMU-metric torso lean -0.0 deg (+ = back)
standing solve: nnls x in [0.00, 0.70], >0.1: 14 muscles
  top: add_long_l=0.70, tib_ant_r=0.61, tib_ant_l=0.46, ext_dig_r=0.37, glut_min1_l=0.33, pect_l=0.32, glut_min2_l=0.31, ext_dig_l=0.25
Fmax range: 5..3396 N | L range sample: [0.229942 0.326094]
t=  1.00 max|qacc|=     107.8 max|qvel|=   2.30 ncon=  0 com_z=0.963 com_x=-0.196
t=  1.50 max|qacc|=     138.8 max|qvel|=   1.53 ncon=  0 com_z=0.941 com_x=-0.178
t=  2.00 max|qacc|=     154.4 max|qvel|=   0.74 ncon=  0 com_z=0.952 com_x=-0.187
t=  2.50 max|qacc|=     543.9 max|qvel|=   1.15 ncon=  0 com_z=0.943 com_x=-0.180
t=  3.00 max|qacc|=      38.9 max|qvel|=   0.24 ncon=  0 com_z=0.949 com_x=-0.185
t=  3.50 max|qacc|=      23.8 max|qvel|=   0.22 ncon=  0 com_z=0.944 com_x=-0.180
t=  4.00 max|qacc|=      48.6 max|qvel|=   0.50 ncon=  0 com_z=0.947 com_x=-0.183
t=  4.50 max|qacc|=     140.1 max|qvel|=   0.21 ncon=  0 com_z=0.945 com_x=-0.179
t=  5.00 max|qacc|=      48.2 max|qvel|=   0.18 ncon=  0 com_z=0.944 com_x=-0.178
t=  5.50 max|qacc|=     219.3 max|qvel|=   0.21 ncon=  0 com_z=0.943 com_x=-0.177
t=  6.00 max|qacc|=     113.2 max|qvel|=   0.15 ncon=  0 com_z=0.944 com_x=-0.177
t=  6.50 max|qacc|=      88.6 max|qvel|=   0.20 ncon=  0 com_z=0.944 com_x=-0.176
t=  7.00 max|qacc|=      53.6 max|qvel|=   0.25 ncon=  0 com_z=0.944 com_x=-0.177
t=  7.50 max|qacc|=      30.5 max|qvel|=   0.24 ncon=  0 com_z=0.943 com_x=-0.177
t=  8.00 max|qacc|=      33.6 max|qvel|=   0.18 ncon=  0 com_z=0.944 com_x=-0.177
t=  8.50 max|qacc|=      83.2 max|qvel|=   0.28 ncon=  0 com_z=0.944 com_x=-0.176
t=  9.00 max|qacc|=      32.5 max|qvel|=   0.11 ncon=  0 com_z=0.944 com_x=-0.177
t=  9.50 max|qacc|=      61.4 max|qvel|=   0.23 ncon=  0 com_z=0.943 com_x=-0.177
t= 10.00 max|qacc|=      46.7 max|qvel|=   0.22 ncon=  0 com_z=0.944 com_x=-0.177
t= 10.50 max|qacc|=      55.5 max|qvel|=   0.16 ncon=  0 com_z=0.944 com_x=-0.176
t= 11.00 max|qacc|=      41.0 max|qvel|=   0.11 ncon=  0 com_z=0.943 com_x=-0.177
t= 11.50 max|qacc|=     144.6 max|qvel|=   0.22 ncon=  0 com_z=0.943 com_x=-0.177
t= 12.00 max|qacc|=     297.2 max|qvel|=   0.99 ncon=  0 com_z=0.944 com_x=-0.177
t= 12.50 max|qacc|=      46.9 max|qvel|=   0.16 ncon=  0 com_z=0.944 com_x=-0.176
t= 13.00 max|qacc|=     133.0 max|qvel|=   0.30 ncon=  0 com_z=0.944 com_x=-0.177
t= 13.50 max|qacc|=      82.6 max|qvel|=   0.23 ncon=  0 com_z=0.943 com_x=-0.177
t= 14.00 max|qacc|=     149.0 max|qvel|=   0.16 ncon=  0 com_z=0.944 com_x=-0.177
t= 14.50 max|qacc|=     213.8 max|qvel|=   0.38 ncon=  0 com_z=0.944 com_x=-0.176
t= 15.00 max|qacc|=     121.8 max|qvel|=   0.12 ncon=  0 com_z=0.944 com_x=-0.177
t= 15.50 max|qacc|=     132.1 max|qvel|=   0.22 ncon=  0 com_z=0.944 com_x=-0.178
t= 16.00 max|qacc|=      28.2 max|qvel|=   0.33 ncon=  0 com_z=0.946 com_x=-0.180
t= 16.50 max|qacc|=     121.0 max|qvel|=   0.62 ncon=  0 com_z=0.945 com_x=-0.180
t= 17.00 max|qacc|=      41.4 max|qvel|=   0.20 ncon=  0 com_z=0.946 com_x=-0.182
t= 17.50 max|qacc|=      16.6 max|qvel|=   0.17 ncon=  0 com_z=0.947 com_x=-0.182
t= 18.00 max|qacc|=      89.9 max|qvel|=   0.19 ncon=  0 com_z=0.946 com_x=-0.182
t= 18.50 max|qacc|=      22.9 max|qvel|=   0.14 ncon=  0 com_z=0.947 com_x=-0.183
t= 19.00 max|qacc|=      32.2 max|qvel|=   0.16 ncon=  0 com_z=0.947 com_x=-0.182
t= 19.50 max|qacc|=      15.2 max|qvel|=   0.15 ncon=  0 com_z=0.946 com_x=-0.183
t= 20.00 max|qacc|=     162.7 max|qvel|=   0.18 ncon=  0 com_z=0.947 com_x=-0.182
t= 20.50 max|qacc|=      71.2 max|qvel|=   0.10 ncon=  0 com_z=0.947 com_x=-0.182
t= 21.00 max|qacc|=      81.9 max|qvel|=   0.38 ncon=  0 com_z=0.946 com_x=-0.183
t= 21.50 max|qacc|=      25.5 max|qvel|=   0.19 ncon=  0 com_z=0.947 com_x=-0.182
t= 22.00 max|qacc|=      43.1 max|qvel|=   0.14 ncon=  0 com_z=0.946 com_x=-0.182
t= 22.50 max|qacc|=      33.2 max|qvel|=   0.15 ncon=  0 com_z=0.947 com_x=-0.182
t= 23.00 max|qacc|=       9.0 max|qvel|=   0.13 ncon=  0 com_z=0.947 com_x=-0.182
t= 23.50 max|qacc|=      23.1 max|qvel|=   0.30 ncon=  0 com_z=0.946 com_x=-0.183
t= 24.00 max|qacc|=      27.3 max|qvel|=   0.24 ncon=  0 com_z=0.947 com_x=-0.182
t= 24.50 max|qacc|=      12.5 max|qvel|=   0.10 ncon=  0 com_z=0.946 com_x=-0.182
t= 25.00 max|qacc|=     125.1 max|qvel|=   0.13 ncon=  0 com_z=0.947 com_x=-0.182
t= 25.50 max|qacc|=      53.2 max|qvel|=   0.74 ncon=  0 com_z=0.947 com_x=-0.182
t= 26.00 max|qacc|=      18.3 max|qvel|=   0.18 ncon=  0 com_z=0.946 com_x=-0.183
t= 26.50 max|qacc|=      21.8 max|qvel|=   0.15 ncon=  0 com_z=0.947 com_x=-0.182
t= 27.00 max|qacc|=     642.0 max|qvel|=   0.70 ncon=  0 com_z=0.947 com_x=-0.182
t= 27.50 max|qacc|=     145.3 max|qvel|=   0.22 ncon=  0 com_z=0.947 com_x=-0.183
t= 28.00 max|qacc|=     209.9 max|qvel|=   0.45 ncon=  0 com_z=0.947 com_x=-0.182
t= 28.50 max|qacc|=      84.4 max|qvel|=   0.25 ncon=  0 com_z=0.946 com_x=-0.182
t= 29.00 max|qacc|=      20.2 max|qvel|=   0.14 ncon=  0 com_z=0.947 com_x=-0.182
t= 29.50 max|qacc|=      43.7 max|qvel|=   0.09 ncon=  0 com_z=0.947 com_x=-0.182
t= 30.00 max|qacc|=      92.8 max|qvel|=   0.22 ncon=  0 com_z=0.946 com_x=-0.183
t= 30.50 max|qacc|=     163.4 max|qvel|=   0.18 ncon=  0 com_z=0.947 com_x=-0.182

== summary ==
pelvis/COM height: start 0.94 m, min 0.93 m, final 0.95 m  (stayed up)
COM x: min -0.21 max -0.11 final -0.18 m
COM y: min -0.032 max -0.003 m
RG_F_r bursts during walk window: 0
peak ctrl: [0.5  0.8  0.78 0.86 0.4  0.49 0.72 0.56 0.4  0.22 0.5  0.81 0.78 0.78
 0.41 0.49 0.68 0.56 0.39 0.22] (('vas_lat_r', 'med_gas_r', 'soleus_r', 'tib_ant_r', 'psoas_r', 'semimem_r', 'glut_max2_r', 'rect_fem_r', 'sar_r', 'grac_r', 'vas_lat_l', 'med_gas_l', 'soleus_l', 'tib_ant_l', 'psoas_l', 'semimem_l', 'glut_max2_l', 'rect_fem_l', 'sar_l', 'grac_l'))
  hip_flexion_r         24.6 ..    43.9 deg
  knee_angle_r          -3.9 ..    10.3 deg
  ankle_angle_r        -71.7 ..    -1.7 deg
  hip_adduction_r        0.7 ..     7.1 deg
  subtalar_angle_r      -2.1 ..     7.2 deg
  hip_flexion_l        -16.6 ..    55.2 deg
  knee_angle_l          -8.2 ..    10.4 deg
  ankle_angle_l        -74.0 ..     9.8 deg
  hip_adduction_l      -15.1 ..     8.3 deg
  subtalar_angle_l      -2.3 ..     5.9 deg
  pelvis_tilt           -1.9 ..     0.7 deg
  pelvis_list           -0.5 ..    -0.2 deg
  pelvis_rotation        2.3 ..     2.6 deg
saved spinal_run.npz
saved spinal_run.png
fitted baseline loaded: e2_pf=0.222 f1_df=0.098 f1_kf=0.148 post_kneext=0.011 post_hipext=0.068 desc_f=1.400 e2_adapt=1.700
start pose (normal.mot): applied 20 coordinates as given; IMU-metric torso lean -0.0 deg (+ = back)
standing solve: nnls x in [0.00, 0.70], >0.1: 14 muscles
  top: add_long_l=0.70, tib_ant_r=0.61, tib_ant_l=0.46, ext_dig_r=0.37, glut_min1_l=0.33, pect_l=0.32, glut_min2_l=0.31, ext_dig_l=0.25
Fmax range: 5..3396 N | L range sample: [0.229942 0.326094]
t=  1.00 max|qacc|=     129.3 max|qvel|=   2.25 ncon=  0 com_z=0.997 com_x=-0.208
t=  1.50 max|qacc|=      12.5 max|qvel|=   1.25 ncon=  0 com_z=0.949 com_x=-0.171
t=  2.00 max|qacc|=      90.0 max|qvel|=   1.37 ncon=  0 com_z=0.972 com_x=-0.199
t=  2.50 max|qacc|=      67.4 max|qvel|=   3.05 ncon=  0 com_z=0.954 com_x=-0.178
t=  3.00 max|qacc|=      29.4 max|qvel|=   5.80 ncon=  0 com_z=0.962 com_x=-0.190
t=  3.50 max|qacc|=      71.5 max|qvel|=   4.09 ncon=  0 com_z=0.956 com_x=-0.182
t=  4.00 max|qacc|=      70.3 max|qvel|=   2.58 ncon=  0 com_z=0.961 com_x=-0.186
t=  4.50 max|qacc|=      57.6 max|qvel|=   3.24 ncon=  0 com_z=0.962 com_x=-0.181
t=  5.00 max|qacc|=      20.5 max|qvel|=   1.46 ncon=  0 com_z=0.966 com_x=-0.180
t=  5.50 max|qacc|=      10.0 max|qvel|=   0.43 ncon=  0 com_z=0.964 com_x=-0.177
t=  6.00 max|qacc|=       8.6 max|qvel|=   0.19 ncon=  0 com_z=0.965 com_x=-0.178
t=  6.50 max|qacc|=       7.8 max|qvel|=   0.10 ncon=  0 com_z=0.965 com_x=-0.178
t=  7.00 max|qacc|=      20.9 max|qvel|=   0.14 ncon=  0 com_z=0.965 com_x=-0.179
t=  7.50 max|qacc|=      15.9 max|qvel|=   0.21 ncon=  0 com_z=0.965 com_x=-0.179
t=  8.00 max|qacc|=      17.4 max|qvel|=   0.09 ncon=  0 com_z=0.965 com_x=-0.178
t=  8.50 max|qacc|=      12.4 max|qvel|=   0.16 ncon=  0 com_z=0.965 com_x=-0.178
t=  9.00 max|qacc|=       8.8 max|qvel|=   0.16 ncon=  0 com_z=0.965 com_x=-0.178
t=  9.50 max|qacc|=       5.6 max|qvel|=   0.08 ncon=  0 com_z=0.965 com_x=-0.178
t= 10.00 max|qacc|=      18.2 max|qvel|=   0.14 ncon=  0 com_z=0.965 com_x=-0.178
t= 10.50 max|qacc|=      19.4 max|qvel|=   0.21 ncon=  0 com_z=0.965 com_x=-0.179
t= 11.00 max|qacc|=       9.3 max|qvel|=   0.12 ncon=  0 com_z=0.965 com_x=-0.178
t= 11.50 max|qacc|=      20.3 max|qvel|=   0.13 ncon=  0 com_z=0.965 com_x=-0.178
t= 12.00 max|qacc|=       9.5 max|qvel|=   0.17 ncon=  0 com_z=0.965 com_x=-0.178
t= 12.50 max|qacc|=       7.9 max|qvel|=   0.12 ncon=  0 com_z=0.965 com_x=-0.178
t= 13.00 max|qacc|=      11.9 max|qvel|=   0.13 ncon=  0 com_z=0.965 com_x=-0.178
t= 13.50 max|qacc|=      20.4 max|qvel|=   0.18 ncon=  0 com_z=0.965 com_x=-0.179
t= 14.00 max|qacc|=      11.2 max|qvel|=   0.18 ncon=  0 com_z=0.965 com_x=-0.179
t= 14.50 max|qacc|=      20.3 max|qvel|=   0.09 ncon=  0 com_z=0.965 com_x=-0.178
t= 15.00 max|qacc|=      11.4 max|qvel|=   0.17 ncon=  0 com_z=0.965 com_x=-0.178
t= 15.50 max|qacc|=       8.7 max|qvel|=   0.18 ncon=  0 com_z=0.965 com_x=-0.179
t= 16.00 max|qacc|=       6.0 max|qvel|=   0.13 ncon=  0 com_z=0.965 com_x=-0.182
t= 16.50 max|qacc|=      17.8 max|qvel|=   0.15 ncon=  0 com_z=0.965 com_x=-0.183
t= 17.00 max|qacc|=      19.4 max|qvel|=   0.21 ncon=  0 com_z=0.966 com_x=-0.185
t= 17.50 max|qacc|=       8.6 max|qvel|=   0.12 ncon=  0 com_z=0.966 com_x=-0.185
t= 18.00 max|qacc|=      20.1 max|qvel|=   0.13 ncon=  0 com_z=0.966 com_x=-0.185
t= 18.50 max|qacc|=       9.5 max|qvel|=   0.19 ncon=  0 com_z=0.966 com_x=-0.184
t= 19.00 max|qacc|=       7.9 max|qvel|=   0.10 ncon=  0 com_z=0.966 com_x=-0.185
t= 19.50 max|qacc|=      15.6 max|qvel|=   0.16 ncon=  0 com_z=0.966 com_x=-0.185
t= 20.00 max|qacc|=      19.7 max|qvel|=   0.20 ncon=  0 com_z=0.966 com_x=-0.185
t= 20.50 max|qacc|=       7.0 max|qvel|=   0.13 ncon=  0 com_z=0.966 com_x=-0.185
t= 21.00 max|qacc|=      20.6 max|qvel|=   0.12 ncon=  0 com_z=0.966 com_x=-0.185
t= 21.50 max|qacc|=       9.8 max|qvel|=   0.20 ncon=  0 com_z=0.966 com_x=-0.184
t= 22.00 max|qacc|=       7.8 max|qvel|=   0.11 ncon=  0 com_z=0.966 com_x=-0.184
t= 22.50 max|qacc|=      14.7 max|qvel|=   0.15 ncon=  0 com_z=0.966 com_x=-0.185
t= 23.00 max|qacc|=      19.8 max|qvel|=   0.20 ncon=  0 com_z=0.966 com_x=-0.185
t= 23.50 max|qacc|=       5.4 max|qvel|=   0.15 ncon=  0 com_z=0.966 com_x=-0.185
t= 24.00 max|qacc|=      20.9 max|qvel|=   0.11 ncon=  0 com_z=0.966 com_x=-0.185
t= 24.50 max|qacc|=      10.2 max|qvel|=   0.20 ncon=  0 com_z=0.966 com_x=-0.184
t= 25.00 max|qacc|=       7.8 max|qvel|=   0.12 ncon=  0 com_z=0.966 com_x=-0.184
t= 25.50 max|qacc|=      13.7 max|qvel|=   0.14 ncon=  0 com_z=0.966 com_x=-0.185
t= 26.00 max|qacc|=      19.9 max|qvel|=   0.19 ncon=  0 com_z=0.966 com_x=-0.185
t= 26.50 max|qacc|=       6.7 max|qvel|=   0.16 ncon=  0 com_z=0.966 com_x=-0.185
t= 27.00 max|qacc|=      21.0 max|qvel|=   0.10 ncon=  0 com_z=0.966 com_x=-0.185
t= 27.50 max|qacc|=      10.5 max|qvel|=   0.20 ncon=  0 com_z=0.966 com_x=-0.184
t= 28.00 max|qacc|=       7.6 max|qvel|=   0.12 ncon=  0 com_z=0.966 com_x=-0.184
t= 28.50 max|qacc|=      12.7 max|qvel|=   0.14 ncon=  0 com_z=0.966 com_x=-0.185
t= 29.00 max|qacc|=      19.8 max|qvel|=   0.19 ncon=  0 com_z=0.966 com_x=-0.185
t= 29.50 max|qacc|=       8.3 max|qvel|=   0.17 ncon=  0 com_z=0.966 com_x=-0.185
t= 30.00 max|qacc|=      21.0 max|qvel|=   0.09 ncon=  0 com_z=0.966 com_x=-0.185
t= 30.50 max|qacc|=      10.8 max|qvel|=   0.20 ncon=  0 com_z=0.966 com_x=-0.184

== summary ==
pelvis/COM height: start 0.94 m, min 0.93 m, final 0.97 m  (stayed up)
COM x: min -0.22 max -0.11 final -0.18 m
COM y: min -0.028 max -0.003 m
RG_F_r bursts during walk window: 0
peak ctrl: [0.19 0.72 0.71 0.8  0.4  0.45 0.71 0.21 0.39 0.25 0.25 0.68 0.68 0.75
 0.42 0.49 0.67 0.27 0.41 0.21] (('vas_lat_r', 'med_gas_r', 'soleus_r', 'tib_ant_r', 'psoas_r', 'semimem_r', 'glut_max2_r', 'rect_fem_r', 'sar_r', 'grac_r', 'vas_lat_l', 'med_gas_l', 'soleus_l', 'tib_ant_l', 'psoas_l', 'semimem_l', 'glut_max2_l', 'rect_fem_l', 'sar_l', 'grac_l'))
  hip_flexion_r         13.4 ..    50.7 deg
  knee_angle_r         -83.7 ..    -3.9 deg
  ankle_angle_r        -57.1 ..    -1.7 deg
  hip_adduction_r        1.1 ..    17.1 deg
  subtalar_angle_r      -0.7 ..    12.5 deg
  hip_flexion_l        -16.6 ..    51.4 deg
  knee_angle_l         -72.0 ..    -8.2 deg
  ankle_angle_l        -61.9 ..     9.8 deg
  hip_adduction_l       -5.1 ..    17.6 deg
  subtalar_angle_l      -1.3 ..     9.4 deg
  pelvis_tilt           -1.9 ..     1.1 deg
  pelvis_list           -0.8 ..     0.1 deg
  pelvis_rotation        2.2 ..     2.8 deg
saved spinal_run.npz
saved spinal_run.png
fitted baseline loaded: e2_pf=0.222 f1_df=0.098 f1_kf=0.148 post_kneext=0.011 post_hipext=0.068 desc_f=1.400 e2_adapt=1.700
start pose (normal.mot): applied 20 coordinates as given; IMU-metric torso lean -0.0 deg (+ = back)
standing solve: nnls x in [0.00, 0.70], >0.1: 14 muscles
  top: add_long_l=0.70, tib_ant_r=0.61, tib_ant_l=0.46, ext_dig_r=0.37, glut_min1_l=0.33, pect_l=0.32, glut_min2_l=0.31, ext_dig_l=0.25
Fmax range: 5..3396 N | L range sample: [0.229942 0.326094]
t=  1.00 max|qacc|=      30.9 max|qvel|=   6.14 ncon=  0 com_z=0.991 com_x=-0.199
t=  1.50 max|qacc|=      25.7 max|qvel|=   2.10 ncon=  0 com_z=0.951 com_x=-0.172
t=  2.00 max|qacc|=      18.4 max|qvel|=   0.63 ncon=  0 com_z=0.980 com_x=-0.196
t=  2.50 max|qacc|=      16.7 max|qvel|=   0.48 ncon=  0 com_z=0.962 com_x=-0.175
t=  3.00 max|qacc|=      24.0 max|qvel|=   2.82 ncon=  0 com_z=0.972 com_x=-0.190
t=  3.50 max|qacc|=      13.2 max|qvel|=   1.34 ncon=  0 com_z=0.967 com_x=-0.184
t=  4.00 max|qacc|=      15.5 max|qvel|=   0.49 ncon=  0 com_z=0.968 com_x=-0.184
t=  4.50 max|qacc|=      22.6 max|qvel|=   1.21 ncon=  0 com_z=0.967 com_x=-0.181
t=  5.00 max|qacc|=      16.1 max|qvel|=   0.42 ncon=  0 com_z=0.969 com_x=-0.182
t=  5.50 max|qacc|=       7.8 max|qvel|=   1.19 ncon=  0 com_z=0.967 com_x=-0.180
t=  6.00 max|qacc|=      12.4 max|qvel|=   0.54 ncon=  0 com_z=0.968 com_x=-0.179
t=  6.50 max|qacc|=      21.3 max|qvel|=   0.50 ncon=  0 com_z=0.969 com_x=-0.181
t=  7.00 max|qacc|=      12.9 max|qvel|=   1.33 ncon=  0 com_z=0.966 com_x=-0.180
t=  7.50 max|qacc|=      18.3 max|qvel|=   0.37 ncon=  0 com_z=0.968 com_x=-0.180
t=  8.00 max|qacc|=       7.7 max|qvel|=   0.90 ncon=  0 com_z=0.969 com_x=-0.180
t=  8.50 max|qacc|=      11.1 max|qvel|=   0.95 ncon=  0 com_z=0.967 com_x=-0.180
t=  9.00 max|qacc|=      14.5 max|qvel|=   0.38 ncon=  0 com_z=0.968 com_x=-0.180
t=  9.50 max|qacc|=      16.8 max|qvel|=   0.82 ncon=  0 com_z=0.969 com_x=-0.180
t= 10.00 max|qacc|=      21.3 max|qvel|=   0.83 ncon=  0 com_z=0.966 com_x=-0.181
t= 10.50 max|qacc|=       7.1 max|qvel|=   0.60 ncon=  0 com_z=0.968 com_x=-0.180
t= 11.00 max|qacc|=      12.3 max|qvel|=   0.95 ncon=  0 com_z=0.969 com_x=-0.179
t= 11.50 max|qacc|=      17.3 max|qvel|=   0.43 ncon=  0 com_z=0.967 com_x=-0.180
t= 12.00 max|qacc|=      13.6 max|qvel|=   0.65 ncon=  0 com_z=0.968 com_x=-0.180
t= 12.50 max|qacc|=      11.4 max|qvel|=   0.86 ncon=  0 com_z=0.969 com_x=-0.179
t= 13.00 max|qacc|=      21.2 max|qvel|=   0.41 ncon=  0 com_z=0.966 com_x=-0.181
t= 13.50 max|qacc|=      13.8 max|qvel|=   0.96 ncon=  0 com_z=0.968 com_x=-0.181
t= 14.00 max|qacc|=      17.1 max|qvel|=   0.76 ncon=  0 com_z=0.969 com_x=-0.179
t= 14.50 max|qacc|=      17.4 max|qvel|=   0.30 ncon=  0 com_z=0.967 com_x=-0.180
t= 15.00 max|qacc|=      12.9 max|qvel|=   0.94 ncon=  0 com_z=0.968 com_x=-0.181
t= 15.50 max|qacc|=      14.0 max|qvel|=   0.61 ncon=  0 com_z=0.969 com_x=-0.179
t= 16.00 max|qacc|=      18.1 max|qvel|=   0.35 ncon=  0 com_z=0.968 com_x=-0.182
t= 16.50 max|qacc|=      16.3 max|qvel|=   0.75 ncon=  0 com_z=0.967 com_x=-0.182
t= 17.00 max|qacc|=      11.7 max|qvel|=   1.17 ncon=  0 com_z=0.968 com_x=-0.185
t= 17.50 max|qacc|=      32.7 max|qvel|=   0.76 ncon=  0 com_z=0.967 com_x=-0.186
t= 18.00 max|qacc|=      15.7 max|qvel|=   3.63 ncon=  0 com_z=0.966 com_x=-0.185
t= 18.50 max|qacc|=      10.3 max|qvel|=   1.20 ncon=  0 com_z=0.968 com_x=-0.185
t= 19.00 max|qacc|=      15.9 max|qvel|=   0.72 ncon=  0 com_z=0.969 com_x=-0.186
t= 19.50 max|qacc|=      19.8 max|qvel|=   1.06 ncon=  0 com_z=0.968 com_x=-0.185
t= 20.00 max|qacc|=      12.5 max|qvel|=   0.96 ncon=  0 com_z=0.969 com_x=-0.185
t= 20.50 max|qacc|=      20.0 max|qvel|=   0.71 ncon=  0 com_z=0.969 com_x=-0.185
t= 21.00 max|qacc|=       9.7 max|qvel|=   1.19 ncon=  0 com_z=0.968 com_x=-0.185
t= 21.50 max|qacc|=      22.4 max|qvel|=   0.11 ncon=  0 com_z=0.968 com_x=-0.184
t= 22.00 max|qacc|=      19.4 max|qvel|=   1.22 ncon=  0 com_z=0.968 com_x=-0.185
t= 22.50 max|qacc|=      25.0 max|qvel|=   0.46 ncon=  0 com_z=0.968 com_x=-0.187
t= 23.00 max|qacc|=      19.8 max|qvel|=   1.16 ncon=  0 com_z=0.968 com_x=-0.185
t= 23.50 max|qacc|=      16.5 max|qvel|=   0.81 ncon=  0 com_z=0.969 com_x=-0.184
t= 24.00 max|qacc|=      11.9 max|qvel|=   1.01 ncon=  0 com_z=0.969 com_x=-0.185
t= 24.50 max|qacc|=      15.6 max|qvel|=   1.19 ncon=  0 com_z=0.968 com_x=-0.186
t= 25.00 max|qacc|=      22.0 max|qvel|=   0.60 ncon=  0 com_z=0.968 com_x=-0.185
t= 25.50 max|qacc|=       9.4 max|qvel|=   1.19 ncon=  0 com_z=0.969 com_x=-0.185
t= 26.00 max|qacc|=      23.0 max|qvel|=   0.19 ncon=  0 com_z=0.969 com_x=-0.186
t= 26.50 max|qacc|=      12.8 max|qvel|=   1.20 ncon=  0 com_z=0.968 com_x=-0.185
t= 27.00 max|qacc|=      21.4 max|qvel|=   0.43 ncon=  0 com_z=0.968 com_x=-0.184
t= 27.50 max|qacc|=      19.5 max|qvel|=   1.12 ncon=  0 com_z=0.968 com_x=-0.186
t= 28.00 max|qacc|=      19.1 max|qvel|=   1.02 ncon=  0 com_z=0.968 com_x=-0.186
t= 28.50 max|qacc|=      16.6 max|qvel|=   0.82 ncon=  0 com_z=0.968 com_x=-0.185
t= 29.00 max|qacc|=      11.6 max|qvel|=   1.16 ncon=  0 com_z=0.969 com_x=-0.184
t= 29.50 max|qacc|=      18.3 max|qvel|=   0.52 ncon=  0 com_z=0.969 com_x=-0.185
t= 30.00 max|qacc|=      14.9 max|qvel|=   1.35 ncon=  0 com_z=0.968 com_x=-0.186
t= 30.50 max|qacc|=      21.5 max|qvel|=   0.18 ncon=  0 com_z=0.968 com_x=-0.184

== summary ==
pelvis/COM height: start 0.94 m, min 0.93 m, final 0.97 m  (stayed up)
COM x: min -0.21 max -0.11 final -0.19 m
COM y: min -0.016 max -0.002 m
RG_F_r bursts during walk window: 13
peak ctrl: [0.   0.73 0.7  0.83 0.42 0.5  0.72 0.   0.4  0.19 0.47 0.77 0.75 0.79
 0.4  0.5  0.69 0.52 0.37 0.2 ] (('vas_lat_r', 'med_gas_r', 'soleus_r', 'tib_ant_r', 'psoas_r', 'semimem_r', 'glut_max2_r', 'rect_fem_r', 'sar_r', 'grac_r', 'vas_lat_l', 'med_gas_l', 'soleus_l', 'tib_ant_l', 'psoas_l', 'semimem_l', 'glut_max2_l', 'rect_fem_l', 'sar_l', 'grac_l'))
  hip_flexion_r         17.9 ..    48.7 deg
  knee_angle_r         -77.9 ..    -3.9 deg
  ankle_angle_r        -56.8 ..    -1.7 deg
  hip_adduction_r        1.1 ..    16.2 deg
  subtalar_angle_r      -0.4 ..    10.3 deg
  hip_flexion_l        -16.6 ..    41.8 deg
  knee_angle_l         -87.2 ..    10.6 deg
  ankle_angle_l        -61.6 ..     9.8 deg
  hip_adduction_l        1.7 ..    16.8 deg
  subtalar_angle_l      -1.0 ..     8.4 deg
  pelvis_tilt           -1.9 ..     1.0 deg
  pelvis_list           -0.6 ..    -0.2 deg
  pelvis_rotation        2.2 ..     2.7 deg
saved spinal_run.npz
saved spinal_run.png
fitted baseline loaded: e2_pf=0.222 f1_df=0.098 f1_kf=0.148 post_kneext=0.011 post_hipext=0.068 desc_f=1.400 e2_adapt=1.700
start pose (normal.mot): applied 20 coordinates as given; IMU-metric torso lean -0.0 deg (+ = back)
standing solve: nnls x in [0.00, 0.70], >0.1: 14 muscles
  top: add_long_l=0.70, tib_ant_r=0.61, tib_ant_l=0.46, ext_dig_r=0.37, glut_min1_l=0.33, pect_l=0.32, glut_min2_l=0.31, ext_dig_l=0.25
Fmax range: 5..3396 N | L range sample: [0.229942 0.326094]
t=  1.00 max|qacc|=      34.7 max|qvel|=   2.47 ncon=  0 com_z=0.993 com_x=-0.194
t=  1.50 max|qacc|=      24.7 max|qvel|=   0.95 ncon=  0 com_z=0.954 com_x=-0.172
t=  2.00 max|qacc|=      16.7 max|qvel|=   0.36 ncon=  0 com_z=0.980 com_x=-0.197
t=  2.50 max|qacc|=      17.1 max|qvel|=   0.40 ncon=  0 com_z=0.966 com_x=-0.179
t=  3.00 max|qacc|=      14.1 max|qvel|=   0.35 ncon=  0 com_z=0.971 com_x=-0.188
t=  3.50 max|qacc|=      11.8 max|qvel|=   0.32 ncon=  0 com_z=0.971 com_x=-0.184
t=  4.00 max|qacc|=       9.5 max|qvel|=   0.17 ncon=  0 com_z=0.968 com_x=-0.182
t=  4.50 max|qacc|=       5.0 max|qvel|=   0.14 ncon=  0 com_z=0.970 com_x=-0.183
t=  5.00 max|qacc|=      17.2 max|qvel|=   0.16 ncon=  0 com_z=0.968 com_x=-0.181
t=  5.50 max|qacc|=      17.8 max|qvel|=   0.20 ncon=  0 com_z=0.968 com_x=-0.180
t=  6.00 max|qacc|=       9.0 max|qvel|=   0.11 ncon=  0 com_z=0.969 com_x=-0.180
t=  6.50 max|qacc|=      17.8 max|qvel|=   0.14 ncon=  0 com_z=0.969 com_x=-0.179
t=  7.00 max|qacc|=       8.5 max|qvel|=   0.16 ncon=  0 com_z=0.969 com_x=-0.179
t=  7.50 max|qacc|=       6.8 max|qvel|=   0.10 ncon=  0 com_z=0.969 com_x=-0.179
t=  8.00 max|qacc|=      15.4 max|qvel|=   0.15 ncon=  0 com_z=0.968 com_x=-0.180
t=  8.50 max|qacc|=      18.6 max|qvel|=   0.20 ncon=  0 com_z=0.968 com_x=-0.180
t=  9.00 max|qacc|=       7.1 max|qvel|=   0.12 ncon=  0 com_z=0.969 com_x=-0.180
t=  9.50 max|qacc|=      18.7 max|qvel|=   0.14 ncon=  0 com_z=0.969 com_x=-0.179
t= 10.00 max|qacc|=       8.8 max|qvel|=   0.16 ncon=  0 com_z=0.969 com_x=-0.179
t= 10.50 max|qacc|=       7.3 max|qvel|=   0.11 ncon=  0 com_z=0.969 com_x=-0.179
t= 11.00 max|qacc|=      14.1 max|qvel|=   0.14 ncon=  0 com_z=0.968 com_x=-0.180
t= 11.50 max|qacc|=      19.1 max|qvel|=   0.19 ncon=  0 com_z=0.968 com_x=-0.180
t= 12.00 max|qacc|=       5.1 max|qvel|=   0.14 ncon=  0 com_z=0.969 com_x=-0.180
t= 12.50 max|qacc|=      19.2 max|qvel|=   0.13 ncon=  0 com_z=0.969 com_x=-0.180
t= 13.00 max|qacc|=       9.1 max|qvel|=   0.16 ncon=  0 com_z=0.969 com_x=-0.179
t= 13.50 max|qacc|=       7.7 max|qvel|=   0.11 ncon=  0 com_z=0.969 com_x=-0.179
t= 14.00 max|qacc|=      12.7 max|qvel|=   0.14 ncon=  0 com_z=0.968 com_x=-0.180
t= 14.50 max|qacc|=      19.2 max|qvel|=   0.18 ncon=  0 com_z=0.968 com_x=-0.180
t= 15.00 max|qacc|=       6.2 max|qvel|=   0.15 ncon=  0 com_z=0.969 com_x=-0.180
t= 15.50 max|qacc|=      19.2 max|qvel|=   0.17 ncon=  0 com_z=0.969 com_x=-0.180
t= 16.00 max|qacc|=       9.8 max|qvel|=   0.16 ncon=  0 com_z=0.969 com_x=-0.182
t= 16.50 max|qacc|=       7.9 max|qvel|=   0.12 ncon=  0 com_z=0.969 com_x=-0.183
t= 17.00 max|qacc|=      10.2 max|qvel|=   0.15 ncon=  0 com_z=0.970 com_x=-0.184
t= 17.50 max|qacc|=      18.4 max|qvel|=   0.18 ncon=  0 com_z=0.970 com_x=-0.185
t= 18.00 max|qacc|=       5.9 max|qvel|=   0.14 ncon=  0 com_z=0.970 com_x=-0.185
t= 18.50 max|qacc|=      18.8 max|qvel|=   0.14 ncon=  0 com_z=0.970 com_x=-0.185
t= 19.00 max|qacc|=       8.8 max|qvel|=   0.16 ncon=  0 com_z=0.970 com_x=-0.184
t= 19.50 max|qacc|=       7.3 max|qvel|=   0.09 ncon=  0 com_z=0.970 com_x=-0.184
t= 20.00 max|qacc|=      17.2 max|qvel|=   0.17 ncon=  0 com_z=0.970 com_x=-0.185
t= 20.50 max|qacc|=      16.3 max|qvel|=   0.20 ncon=  0 com_z=0.970 com_x=-0.185
t= 21.00 max|qacc|=      13.5 max|qvel|=   0.09 ncon=  0 com_z=0.970 com_x=-0.185
t= 21.50 max|qacc|=      12.2 max|qvel|=   0.19 ncon=  0 com_z=0.970 com_x=-0.185
t= 22.00 max|qacc|=       8.4 max|qvel|=   0.14 ncon=  0 com_z=0.970 com_x=-0.184
t= 22.50 max|qacc|=       6.7 max|qvel|=   0.12 ncon=  0 com_z=0.970 com_x=-0.185
t= 23.00 max|qacc|=      19.1 max|qvel|=   0.16 ncon=  0 com_z=0.970 com_x=-0.185
t= 23.50 max|qacc|=      10.1 max|qvel|=   0.17 ncon=  0 com_z=0.970 com_x=-0.185
t= 24.00 max|qacc|=      18.8 max|qvel|=   0.11 ncon=  0 com_z=0.970 com_x=-0.185
t= 24.50 max|qacc|=       9.9 max|qvel|=   0.18 ncon=  0 com_z=0.970 com_x=-0.184
t= 25.00 max|qacc|=       7.4 max|qvel|=   0.11 ncon=  0 com_z=0.970 com_x=-0.184
t= 25.50 max|qacc|=      14.3 max|qvel|=   0.17 ncon=  0 com_z=0.970 com_x=-0.185
t= 26.00 max|qacc|=      17.9 max|qvel|=   0.19 ncon=  0 com_z=0.970 com_x=-0.185
t= 26.50 max|qacc|=       9.3 max|qvel|=   0.10 ncon=  0 com_z=0.970 com_x=-0.185
t= 27.00 max|qacc|=      16.3 max|qvel|=   0.17 ncon=  0 com_z=0.970 com_x=-0.185
t= 27.50 max|qacc|=       8.3 max|qvel|=   0.15 ncon=  0 com_z=0.970 com_x=-0.184
t= 28.00 max|qacc|=       6.8 max|qvel|=   0.09 ncon=  0 com_z=0.970 com_x=-0.185
t= 28.50 max|qacc|=      18.8 max|qvel|=   0.17 ncon=  0 com_z=0.970 com_x=-0.185
t= 29.00 max|qacc|=      13.7 max|qvel|=   0.19 ncon=  0 com_z=0.970 com_x=-0.185
t= 29.50 max|qacc|=      17.2 max|qvel|=   0.09 ncon=  0 com_z=0.970 com_x=-0.185
t= 30.00 max|qacc|=      10.9 max|qvel|=   0.19 ncon=  0 com_z=0.970 com_x=-0.184
t= 30.50 max|qacc|=       8.1 max|qvel|=   0.13 ncon=  0 com_z=0.970 com_x=-0.184

== summary ==
pelvis/COM height: start 0.94 m, min 0.93 m, final 0.97 m  (stayed up)
COM x: min -0.21 max -0.11 final -0.18 m
COM y: min -0.020 max -0.003 m
RG_F_r bursts during walk window: 0
peak ctrl: [0.   0.73 0.71 0.83 0.44 0.49 0.72 0.   0.43 0.23 0.   0.73 0.71 0.75
 0.44 0.49 0.66 0.   0.42 0.22] (('vas_lat_r', 'med_gas_r', 'soleus_r', 'tib_ant_r', 'psoas_r', 'semimem_r', 'glut_max2_r', 'rect_fem_r', 'sar_r', 'grac_r', 'vas_lat_l', 'med_gas_l', 'soleus_l', 'tib_ant_l', 'psoas_l', 'semimem_l', 'glut_max2_l', 'rect_fem_l', 'sar_l', 'grac_l'))
  hip_flexion_r         11.4 ..    43.3 deg
  knee_angle_r         -83.6 ..    -3.9 deg
  ankle_angle_r        -56.4 ..    -1.7 deg
  hip_adduction_r        1.1 ..    14.4 deg
  subtalar_angle_r      -0.0 ..    14.8 deg
  hip_flexion_l        -16.7 ..    41.7 deg
  knee_angle_l         -84.9 ..    -8.2 deg
  ankle_angle_l        -61.1 ..     9.8 deg
  hip_adduction_l       -1.6 ..    16.5 deg
  subtalar_angle_l      -0.5 ..    15.9 deg
  pelvis_tilt           -1.9 ..     0.8 deg
  pelvis_list           -0.5 ..    -0.2 deg
  pelvis_rotation        2.3 ..     2.5 deg
saved spinal_run.npz
saved spinal_run.png
fitted baseline loaded: e2_pf=0.222 f1_df=0.098 f1_kf=0.148 post_kneext=0.011 post_hipext=0.068 desc_f=1.400 e2_adapt=1.700
start pose (normal.mot): applied 20 coordinates as given; IMU-metric torso lean -0.0 deg (+ = back)
standing solve: nnls x in [0.00, 0.70], >0.1: 14 muscles
  top: add_long_l=0.70, tib_ant_r=0.61, tib_ant_l=0.46, ext_dig_r=0.37, glut_min1_l=0.33, pect_l=0.32, glut_min2_l=0.31, ext_dig_l=0.25
Fmax range: 5..3396 N | L range sample: [0.229942 0.326094]
t=  1.00 max|qacc|=      37.5 max|qvel|=   2.63 ncon=  0 com_z=0.999 com_x=-0.198
t=  1.50 max|qacc|=      12.7 max|qvel|=   1.28 ncon=  0 com_z=0.953 com_x=-0.173
t=  2.00 max|qacc|=      16.0 max|qvel|=   0.29 ncon=  0 com_z=0.980 com_x=-0.196
t=  2.50 max|qacc|=      14.1 max|qvel|=   0.30 ncon=  0 com_z=0.965 com_x=-0.178
t=  3.00 max|qacc|=      16.3 max|qvel|=   0.40 ncon=  0 com_z=0.971 com_x=-0.188
t=  3.50 max|qacc|=       7.5 max|qvel|=   0.30 ncon=  0 com_z=0.969 com_x=-0.184
t=  4.00 max|qacc|=      19.1 max|qvel|=   0.15 ncon=  0 com_z=0.968 com_x=-0.182
t=  4.50 max|qacc|=       8.5 max|qvel|=   0.16 ncon=  0 com_z=0.969 com_x=-0.182
t=  5.00 max|qacc|=       8.0 max|qvel|=   0.13 ncon=  0 com_z=0.968 com_x=-0.179
t=  5.50 max|qacc|=      11.1 max|qvel|=   0.14 ncon=  0 com_z=0.968 com_x=-0.177
t=  6.00 max|qacc|=      19.2 max|qvel|=   0.17 ncon=  0 com_z=0.968 com_x=-0.178
t=  6.50 max|qacc|=       8.5 max|qvel|=   0.16 ncon=  0 com_z=0.968 com_x=-0.178
t=  7.00 max|qacc|=      19.3 max|qvel|=   0.12 ncon=  0 com_z=0.968 com_x=-0.177
t=  7.50 max|qacc|=       9.9 max|qvel|=   0.16 ncon=  0 com_z=0.968 com_x=-0.177
t=  8.00 max|qacc|=       8.3 max|qvel|=   0.12 ncon=  0 com_z=0.968 com_x=-0.177
t=  8.50 max|qacc|=       9.7 max|qvel|=   0.13 ncon=  0 com_z=0.968 com_x=-0.177
t=  9.00 max|qacc|=      19.5 max|qvel|=   0.17 ncon=  0 com_z=0.968 com_x=-0.178
t=  9.50 max|qacc|=       9.5 max|qvel|=   0.17 ncon=  0 com_z=0.968 com_x=-0.178
t= 10.00 max|qacc|=      19.1 max|qvel|=   0.11 ncon=  0 com_z=0.968 com_x=-0.178
t= 10.50 max|qacc|=      10.1 max|qvel|=   0.16 ncon=  0 com_z=0.968 com_x=-0.177
t= 11.00 max|qacc|=       8.4 max|qvel|=   0.13 ncon=  0 com_z=0.968 com_x=-0.177
t= 11.50 max|qacc|=       8.8 max|qvel|=   0.13 ncon=  0 com_z=0.968 com_x=-0.177
t= 12.00 max|qacc|=      19.8 max|qvel|=   0.16 ncon=  0 com_z=0.968 com_x=-0.178
t= 12.50 max|qacc|=      10.6 max|qvel|=   0.18 ncon=  0 com_z=0.968 com_x=-0.178
t= 13.00 max|qacc|=      18.7 max|qvel|=   0.10 ncon=  0 com_z=0.968 com_x=-0.178
t= 13.50 max|qacc|=      10.4 max|qvel|=   0.16 ncon=  0 com_z=0.968 com_x=-0.177
t= 14.00 max|qacc|=       8.4 max|qvel|=   0.13 ncon=  0 com_z=0.968 com_x=-0.177
t= 14.50 max|qacc|=       7.8 max|qvel|=   0.13 ncon=  0 com_z=0.968 com_x=-0.177
t= 15.00 max|qacc|=      19.9 max|qvel|=   0.15 ncon=  0 com_z=0.968 com_x=-0.178
t= 15.50 max|qacc|=      11.7 max|qvel|=   0.18 ncon=  0 com_z=0.968 com_x=-0.179
t= 16.00 max|qacc|=      17.5 max|qvel|=   0.13 ncon=  0 com_z=0.969 com_x=-0.182
t= 16.50 max|qacc|=      11.2 max|qvel|=   0.15 ncon=  0 com_z=0.969 com_x=-0.182
t= 17.00 max|qacc|=       8.3 max|qvel|=   0.14 ncon=  0 com_z=0.969 com_x=-0.183
t= 17.50 max|qacc|=       6.7 max|qvel|=   0.11 ncon=  0 com_z=0.970 com_x=-0.184
t= 18.00 max|qacc|=      19.1 max|qvel|=   0.15 ncon=  0 com_z=0.969 com_x=-0.184
t= 18.50 max|qacc|=      11.1 max|qvel|=   0.18 ncon=  0 com_z=0.969 com_x=-0.185
t= 19.00 max|qacc|=      18.3 max|qvel|=   0.10 ncon=  0 com_z=0.970 com_x=-0.184
t= 19.50 max|qacc|=      10.4 max|qvel|=   0.17 ncon=  0 com_z=0.970 com_x=-0.184
t= 20.00 max|qacc|=       7.8 max|qvel|=   0.12 ncon=  0 com_z=0.970 com_x=-0.184
t= 20.50 max|qacc|=      11.8 max|qvel|=   0.15 ncon=  0 com_z=0.969 com_x=-0.184
t= 21.00 max|qacc|=      18.5 max|qvel|=   0.18 ncon=  0 com_z=0.969 com_x=-0.185
t= 21.50 max|qacc|=       4.7 max|qvel|=   0.14 ncon=  0 com_z=0.969 com_x=-0.184
t= 22.00 max|qacc|=      18.6 max|qvel|=   0.14 ncon=  0 com_z=0.970 com_x=-0.184
t= 22.50 max|qacc|=       8.9 max|qvel|=   0.16 ncon=  0 com_z=0.970 com_x=-0.184
t= 23.00 max|qacc|=       6.7 max|qvel|=   0.09 ncon=  0 com_z=0.970 com_x=-0.184
t= 23.50 max|qacc|=      16.6 max|qvel|=   0.16 ncon=  0 com_z=0.969 com_x=-0.184
t= 24.00 max|qacc|=      16.7 max|qvel|=   0.20 ncon=  0 com_z=0.969 com_x=-0.185
t= 24.50 max|qacc|=      11.7 max|qvel|=   0.09 ncon=  0 com_z=0.970 com_x=-0.184
t= 25.00 max|qacc|=      14.6 max|qvel|=   0.17 ncon=  0 com_z=0.970 com_x=-0.184
t= 25.50 max|qacc|=       8.2 max|qvel|=   0.15 ncon=  0 com_z=0.970 com_x=-0.184
t= 26.00 max|qacc|=       5.9 max|qvel|=   0.09 ncon=  0 com_z=0.970 com_x=-0.184
t= 26.50 max|qacc|=      18.9 max|qvel|=   0.16 ncon=  0 com_z=0.969 com_x=-0.184
t= 27.00 max|qacc|=      13.8 max|qvel|=   0.19 ncon=  0 com_z=0.969 com_x=-0.185
t= 27.50 max|qacc|=      16.7 max|qvel|=   0.09 ncon=  0 com_z=0.970 com_x=-0.184
t= 28.00 max|qacc|=      11.1 max|qvel|=   0.18 ncon=  0 com_z=0.970 com_x=-0.184
t= 28.50 max|qacc|=       8.2 max|qvel|=   0.13 ncon=  0 com_z=0.970 com_x=-0.184
t= 29.00 max|qacc|=       8.9 max|qvel|=   0.13 ncon=  0 com_z=0.969 com_x=-0.184
t= 29.50 max|qacc|=      18.7 max|qvel|=   0.16 ncon=  0 com_z=0.969 com_x=-0.184
t= 30.00 max|qacc|=       8.3 max|qvel|=   0.16 ncon=  0 com_z=0.969 com_x=-0.185
t= 30.50 max|qacc|=      18.9 max|qvel|=   0.12 ncon=  0 com_z=0.970 com_x=-0.184

== summary ==
pelvis/COM height: start 0.94 m, min 0.93 m, final 0.97 m  (stayed up)
COM x: min -0.21 max -0.11 final -0.18 m
COM y: min -0.024 max -0.003 m
RG_F_r bursts during walk window: 0
peak ctrl: [0.   0.73 0.7  0.81 0.44 0.49 0.7  0.   0.42 0.24 0.   0.73 0.71 0.73
 0.45 0.49 0.65 0.   0.43 0.19] (('vas_lat_r', 'med_gas_r', 'soleus_r', 'tib_ant_r', 'psoas_r', 'semimem_r', 'glut_max2_r', 'rect_fem_r', 'sar_r', 'grac_r', 'vas_lat_l', 'med_gas_l', 'soleus_l', 'tib_ant_l', 'psoas_l', 'semimem_l', 'glut_max2_l', 'rect_fem_l', 'sar_l', 'grac_l'))
  hip_flexion_r         10.8 ..    42.8 deg
  knee_angle_r         -88.7 ..    -3.9 deg
  ankle_angle_r        -57.0 ..    -1.7 deg
  hip_adduction_r        1.1 ..    14.2 deg
  subtalar_angle_r      -0.2 ..    14.1 deg
  hip_flexion_l        -16.6 ..    48.7 deg
  knee_angle_l         -77.5 ..    -8.2 deg
  ankle_angle_l        -61.7 ..     9.8 deg
  hip_adduction_l       -6.3 ..    17.1 deg
  subtalar_angle_l      -0.7 ..     9.2 deg
  pelvis_tilt           -1.9 ..     0.9 deg
  pelvis_list           -0.5 ..    -0.2 deg
  pelvis_rotation        2.2 ..     2.7 deg
saved spinal_run.npz
saved spinal_run.png
fitted baseline loaded: e2_pf=0.222 f1_df=0.098 f1_kf=0.148 post_kneext=0.011 post_hipext=0.068 desc_f=1.400 e2_adapt=1.700
start pose (normal.mot): applied 20 coordinates as given; IMU-metric torso lean -0.0 deg (+ = back)
standing solve: nnls x in [0.00, 0.70], >0.1: 14 muscles
  top: add_long_l=0.70, tib_ant_r=0.61, tib_ant_l=0.46, ext_dig_r=0.37, glut_min1_l=0.33, pect_l=0.32, glut_min2_l=0.31, ext_dig_l=0.25
Fmax range: 5..3396 N | L range sample: [0.229942 0.326094]
t=  1.00 max|qacc|=      21.8 max|qvel|=   3.28 ncon=  0 com_z=0.993 com_x=-0.191
t=  1.50 max|qacc|=      17.9 max|qvel|=   1.14 ncon=  0 com_z=0.949 com_x=-0.164
t=  2.00 max|qacc|=       7.5 max|qvel|=   0.43 ncon=  0 com_z=0.972 com_x=-0.189
t=  2.50 max|qacc|=       9.6 max|qvel|=   0.43 ncon=  0 com_z=0.961 com_x=-0.172
t=  3.00 max|qacc|=       7.8 max|qvel|=   0.45 ncon=  0 com_z=0.964 com_x=-0.180
t=  3.50 max|qacc|=      14.9 max|qvel|=   0.15 ncon=  0 com_z=0.964 com_x=-0.178
t=  4.00 max|qacc|=      17.5 max|qvel|=   0.18 ncon=  0 com_z=0.970 com_x=-0.184
t=  4.50 max|qacc|=       5.9 max|qvel|=   0.22 ncon=  0 com_z=0.967 com_x=-0.179
t=  5.00 max|qacc|=      19.2 max|qvel|=   0.16 ncon=  0 com_z=0.967 com_x=-0.177
t=  5.50 max|qacc|=      10.4 max|qvel|=   0.16 ncon=  0 com_z=0.967 com_x=-0.174
t=  6.00 max|qacc|=       8.4 max|qvel|=   0.13 ncon=  0 com_z=0.967 com_x=-0.175
t=  6.50 max|qacc|=       8.6 max|qvel|=   0.13 ncon=  0 com_z=0.967 com_x=-0.175
t=  7.00 max|qacc|=      19.8 max|qvel|=   0.15 ncon=  0 com_z=0.967 com_x=-0.175
t=  7.50 max|qacc|=      11.2 max|qvel|=   0.18 ncon=  0 com_z=0.967 com_x=-0.175
t=  8.00 max|qacc|=      18.4 max|qvel|=   0.10 ncon=  0 com_z=0.967 com_x=-0.175
t=  8.50 max|qacc|=      10.7 max|qvel|=   0.15 ncon=  0 com_z=0.967 com_x=-0.175
t=  9.00 max|qacc|=       8.5 max|qvel|=   0.13 ncon=  0 com_z=0.967 com_x=-0.175
t=  9.50 max|qacc|=       6.8 max|qvel|=   0.12 ncon=  0 com_z=0.967 com_x=-0.175
t= 10.00 max|qacc|=      19.9 max|qvel|=   0.14 ncon=  0 com_z=0.967 com_x=-0.175
t= 10.50 max|qacc|=      13.0 max|qvel|=   0.19 ncon=  0 com_z=0.967 com_x=-0.175
t= 11.00 max|qacc|=      17.3 max|qvel|=   0.09 ncon=  0 com_z=0.967 com_x=-0.175
t= 11.50 max|qacc|=      11.1 max|qvel|=   0.15 ncon=  0 com_z=0.967 com_x=-0.175
t= 12.00 max|qacc|=       8.5 max|qvel|=   0.14 ncon=  0 com_z=0.967 com_x=-0.175
t= 12.50 max|qacc|=       5.2 max|qvel|=   0.11 ncon=  0 com_z=0.967 com_x=-0.175
t= 13.00 max|qacc|=      19.7 max|qvel|=   0.14 ncon=  0 com_z=0.967 com_x=-0.175
t= 13.50 max|qacc|=      14.7 max|qvel|=   0.19 ncon=  0 com_z=0.967 com_x=-0.175
t= 14.00 max|qacc|=      15.9 max|qvel|=   0.08 ncon=  0 com_z=0.967 com_x=-0.175
t= 14.50 max|qacc|=      11.3 max|qvel|=   0.15 ncon=  0 com_z=0.967 com_x=-0.175
t= 15.00 max|qacc|=       8.4 max|qvel|=   0.14 ncon=  0 com_z=0.967 com_x=-0.175
t= 15.50 max|qacc|=       4.6 max|qvel|=   0.14 ncon=  0 com_z=0.967 com_x=-0.176
t= 16.00 max|qacc|=      18.7 max|qvel|=   0.15 ncon=  0 com_z=0.967 com_x=-0.180
t= 16.50 max|qacc|=      16.1 max|qvel|=   0.20 ncon=  0 com_z=0.968 com_x=-0.182
t= 17.00 max|qacc|=      11.7 max|qvel|=   0.12 ncon=  0 com_z=0.968 com_x=-0.183
t= 17.50 max|qacc|=      14.9 max|qvel|=   0.15 ncon=  0 com_z=0.969 com_x=-0.183
t= 18.00 max|qacc|=       8.3 max|qvel|=   0.15 ncon=  0 com_z=0.969 com_x=-0.183
t= 18.50 max|qacc|=       5.4 max|qvel|=   0.08 ncon=  0 com_z=0.969 com_x=-0.183
t= 19.00 max|qacc|=      18.2 max|qvel|=   0.14 ncon=  0 com_z=0.968 com_x=-0.183
t= 19.50 max|qacc|=      15.5 max|qvel|=   0.20 ncon=  0 com_z=0.968 com_x=-0.184
t= 20.00 max|qacc|=      14.2 max|qvel|=   0.09 ncon=  0 com_z=0.969 com_x=-0.183
t= 20.50 max|qacc|=      12.2 max|qvel|=   0.15 ncon=  0 com_z=0.969 com_x=-0.183
t= 21.00 max|qacc|=       8.2 max|qvel|=   0.14 ncon=  0 com_z=0.969 com_x=-0.183
t= 21.50 max|qacc|=       5.0 max|qvel|=   0.09 ncon=  0 com_z=0.969 com_x=-0.183
t= 22.00 max|qacc|=      18.9 max|qvel|=   0.14 ncon=  0 com_z=0.968 com_x=-0.183
t= 22.50 max|qacc|=      13.9 max|qvel|=   0.19 ncon=  0 com_z=0.968 com_x=-0.184
t= 23.00 max|qacc|=      16.2 max|qvel|=   0.09 ncon=  0 com_z=0.969 com_x=-0.183
t= 23.50 max|qacc|=      11.2 max|qvel|=   0.16 ncon=  0 com_z=0.969 com_x=-0.183
t= 24.00 max|qacc|=       8.2 max|qvel|=   0.14 ncon=  0 com_z=0.969 com_x=-0.183
t= 24.50 max|qacc|=       6.8 max|qvel|=   0.10 ncon=  0 com_z=0.969 com_x=-0.183
t= 25.00 max|qacc|=      19.1 max|qvel|=   0.14 ncon=  0 com_z=0.968 com_x=-0.183
t= 25.50 max|qacc|=      11.8 max|qvel|=   0.18 ncon=  0 com_z=0.969 com_x=-0.184
t= 26.00 max|qacc|=      17.7 max|qvel|=   0.08 ncon=  0 com_z=0.969 com_x=-0.183
t= 26.50 max|qacc|=      10.7 max|qvel|=   0.16 ncon=  0 com_z=0.969 com_x=-0.183
t= 27.00 max|qacc|=       8.0 max|qvel|=   0.13 ncon=  0 com_z=0.969 com_x=-0.183
t= 27.50 max|qacc|=       8.9 max|qvel|=   0.12 ncon=  0 com_z=0.969 com_x=-0.183
t= 28.00 max|qacc|=      18.9 max|qvel|=   0.16 ncon=  0 com_z=0.968 com_x=-0.184
t= 28.50 max|qacc|=       9.3 max|qvel|=   0.17 ncon=  0 com_z=0.969 com_x=-0.184
t= 29.00 max|qacc|=      18.6 max|qvel|=   0.10 ncon=  0 com_z=0.969 com_x=-0.183
t= 29.50 max|qacc|=      10.1 max|qvel|=   0.16 ncon=  0 com_z=0.969 com_x=-0.183
t= 30.00 max|qacc|=       7.7 max|qvel|=   0.12 ncon=  0 com_z=0.969 com_x=-0.183
t= 30.50 max|qacc|=      11.1 max|qvel|=   0.13 ncon=  0 com_z=0.969 com_x=-0.183

== summary ==
pelvis/COM height: start 0.94 m, min 0.93 m, final 0.97 m  (stayed up)
COM x: min -0.21 max -0.11 final -0.18 m
COM y: min -0.022 max -0.001 m
RG_F_r bursts during walk window: 0
peak ctrl: [0.   0.71 0.67 0.78 0.43 0.47 0.67 0.   0.43 0.18 0.   0.7  0.67 0.72
 0.42 0.49 0.64 0.   0.42 0.19] (('vas_lat_r', 'med_gas_r', 'soleus_r', 'tib_ant_r', 'psoas_r', 'semimem_r', 'glut_max2_r', 'rect_fem_r', 'sar_r', 'grac_r', 'vas_lat_l', 'med_gas_l', 'soleus_l', 'tib_ant_l', 'psoas_l', 'semimem_l', 'glut_max2_l', 'rect_fem_l', 'sar_l', 'grac_l'))
  hip_flexion_r          9.9 ..    33.9 deg
  knee_angle_r         -91.5 ..    -3.9 deg
  ankle_angle_r        -57.6 ..    -1.7 deg
  hip_adduction_r        1.1 ..    14.5 deg
  subtalar_angle_r      -0.3 ..    13.7 deg
  hip_flexion_l        -16.6 ..    47.3 deg
  knee_angle_l         -78.2 ..    -8.2 deg
  ankle_angle_l        -62.3 ..     9.8 deg
  hip_adduction_l       -5.2 ..    17.8 deg
  subtalar_angle_l      -0.8 ..     8.9 deg
  pelvis_tilt           -1.9 ..     0.9 deg
  pelvis_list           -0.5 ..    -0.3 deg
  pelvis_rotation        2.2 ..     2.6 deg
saved spinal_run.npz
saved spinal_run.png
fitted baseline loaded: e2_pf=0.222 f1_df=0.098 f1_kf=0.148 post_kneext=0.011 post_hipext=0.068 desc_f=1.400 e2_adapt=1.700
start pose (normal.mot): applied 20 coordinates as given; IMU-metric torso lean -0.0 deg (+ = back)
standing solve: nnls x in [0.00, 0.70], >0.1: 14 muscles
  top: add_long_l=0.70, tib_ant_r=0.61, tib_ant_l=0.46, ext_dig_r=0.37, glut_min1_l=0.33, pect_l=0.32, glut_min2_l=0.31, ext_dig_l=0.25
Fmax range: 5..3396 N | L range sample: [0.229942 0.326094]
t=  1.00 max|qacc|=      21.6 max|qvel|=   1.90 ncon=  0 com_z=0.998 com_x=-0.194
t=  1.50 max|qacc|=      23.3 max|qvel|=   1.36 ncon=  0 com_z=0.951 com_x=-0.164
t=  2.00 max|qacc|=      11.6 max|qvel|=   0.88 ncon=  0 com_z=0.978 com_x=-0.196
t=  2.50 max|qacc|=      12.5 max|qvel|=   0.53 ncon=  0 com_z=0.966 com_x=-0.179
t=  3.00 max|qacc|=       9.6 max|qvel|=   0.41 ncon=  0 com_z=0.970 com_x=-0.186
t=  3.50 max|qacc|=       5.9 max|qvel|=   0.14 ncon=  0 com_z=0.969 com_x=-0.183
t=  4.00 max|qacc|=      19.9 max|qvel|=   0.25 ncon=  0 com_z=0.967 com_x=-0.182
t=  4.50 max|qacc|=      14.0 max|qvel|=   0.19 ncon=  0 com_z=0.968 com_x=-0.182
t=  5.00 max|qacc|=      15.1 max|qvel|=   0.15 ncon=  0 com_z=0.967 com_x=-0.179
t=  5.50 max|qacc|=      12.2 max|qvel|=   0.15 ncon=  0 com_z=0.967 com_x=-0.176
t=  6.00 max|qacc|=       8.5 max|qvel|=   0.15 ncon=  0 com_z=0.967 com_x=-0.176
t=  6.50 max|qacc|=       4.3 max|qvel|=   0.10 ncon=  0 com_z=0.967 com_x=-0.176
t=  7.00 max|qacc|=      19.8 max|qvel|=   0.13 ncon=  0 com_z=0.967 com_x=-0.177
t=  7.50 max|qacc|=      14.6 max|qvel|=   0.20 ncon=  0 com_z=0.967 com_x=-0.177
t=  8.00 max|qacc|=      17.2 max|qvel|=   0.08 ncon=  0 com_z=0.967 com_x=-0.177
t=  8.50 max|qacc|=      11.0 max|qvel|=   0.15 ncon=  0 com_z=0.967 com_x=-0.176
t=  9.00 max|qacc|=       8.6 max|qvel|=   0.14 ncon=  0 com_z=0.967 com_x=-0.176
t=  9.50 max|qacc|=       7.0 max|qvel|=   0.12 ncon=  0 com_z=0.967 com_x=-0.176
t= 10.00 max|qacc|=      20.1 max|qvel|=   0.15 ncon=  0 com_z=0.967 com_x=-0.177
t= 10.50 max|qacc|=      11.2 max|qvel|=   0.18 ncon=  0 com_z=0.967 com_x=-0.177
t= 11.00 max|qacc|=      19.2 max|qvel|=   0.10 ncon=  0 com_z=0.967 com_x=-0.177
t= 11.50 max|qacc|=      10.1 max|qvel|=   0.16 ncon=  0 com_z=0.967 com_x=-0.176
t= 12.00 max|qacc|=       8.4 max|qvel|=   0.12 ncon=  0 com_z=0.967 com_x=-0.176
t= 12.50 max|qacc|=      10.4 max|qvel|=   0.13 ncon=  0 com_z=0.967 com_x=-0.177
t= 13.00 max|qacc|=      19.5 max|qvel|=   0.18 ncon=  0 com_z=0.967 com_x=-0.177
t= 13.50 max|qacc|=       7.1 max|qvel|=   0.16 ncon=  0 com_z=0.967 com_x=-0.177
t= 14.00 max|qacc|=      19.7 max|qvel|=   0.12 ncon=  0 com_z=0.967 com_x=-0.177
t= 14.50 max|qacc|=       9.2 max|qvel|=   0.16 ncon=  0 com_z=0.967 com_x=-0.176
t= 15.00 max|qacc|=       7.7 max|qvel|=   0.11 ncon=  0 com_z=0.967 com_x=-0.176
t= 15.50 max|qacc|=      13.7 max|qvel|=   0.15 ncon=  0 com_z=0.967 com_x=-0.178
t= 16.00 max|qacc|=      19.0 max|qvel|=   0.19 ncon=  0 com_z=0.968 com_x=-0.181
t= 16.50 max|qacc|=       6.1 max|qvel|=   0.15 ncon=  0 com_z=0.968 com_x=-0.183
t= 17.00 max|qacc|=      19.2 max|qvel|=   0.13 ncon=  0 com_z=0.969 com_x=-0.183
t= 17.50 max|qacc|=       9.4 max|qvel|=   0.16 ncon=  0 com_z=0.969 com_x=-0.184
t= 18.00 max|qacc|=       7.0 max|qvel|=   0.11 ncon=  0 com_z=0.969 com_x=-0.184
t= 18.50 max|qacc|=      15.2 max|qvel|=   0.15 ncon=  0 com_z=0.969 com_x=-0.184
t= 19.00 max|qacc|=      17.8 max|qvel|=   0.20 ncon=  0 com_z=0.969 com_x=-0.184
t= 19.50 max|qacc|=      10.0 max|qvel|=   0.10 ncon=  0 com_z=0.969 com_x=-0.184
t= 20.00 max|qacc|=      16.1 max|qvel|=   0.15 ncon=  0 com_z=0.969 com_x=-0.184
t= 20.50 max|qacc|=       8.3 max|qvel|=   0.15 ncon=  0 com_z=0.969 com_x=-0.183
t= 21.00 max|qacc|=       5.8 max|qvel|=   0.08 ncon=  0 com_z=0.969 com_x=-0.184
t= 21.50 max|qacc|=      18.8 max|qvel|=   0.15 ncon=  0 com_z=0.969 com_x=-0.184
t= 22.00 max|qacc|=      14.5 max|qvel|=   0.19 ncon=  0 com_z=0.969 com_x=-0.184
t= 22.50 max|qacc|=      16.7 max|qvel|=   0.09 ncon=  0 com_z=0.969 com_x=-0.184
t= 23.00 max|qacc|=      11.1 max|qvel|=   0.16 ncon=  0 com_z=0.969 com_x=-0.184
t= 23.50 max|qacc|=       8.3 max|qvel|=   0.13 ncon=  0 com_z=0.969 com_x=-0.184
t= 24.00 max|qacc|=       9.1 max|qvel|=   0.13 ncon=  0 com_z=0.969 com_x=-0.184
t= 24.50 max|qacc|=      18.8 max|qvel|=   0.17 ncon=  0 com_z=0.969 com_x=-0.184
t= 25.00 max|qacc|=       7.7 max|qvel|=   0.16 ncon=  0 com_z=0.969 com_x=-0.184
t= 25.50 max|qacc|=      19.1 max|qvel|=   0.12 ncon=  0 com_z=0.969 com_x=-0.184
t= 26.00 max|qacc|=       9.4 max|qvel|=   0.16 ncon=  0 com_z=0.969 com_x=-0.184
t= 26.50 max|qacc|=       7.0 max|qvel|=   0.10 ncon=  0 com_z=0.969 com_x=-0.184
t= 27.00 max|qacc|=      15.4 max|qvel|=   0.15 ncon=  0 com_z=0.969 com_x=-0.184
t= 27.50 max|qacc|=      17.7 max|qvel|=   0.20 ncon=  0 com_z=0.969 com_x=-0.184
t= 28.00 max|qacc|=      10.3 max|qvel|=   0.09 ncon=  0 com_z=0.969 com_x=-0.184
t= 28.50 max|qacc|=      15.9 max|qvel|=   0.15 ncon=  0 com_z=0.969 com_x=-0.184
t= 29.00 max|qacc|=       8.3 max|qvel|=   0.15 ncon=  0 com_z=0.969 com_x=-0.183
t= 29.50 max|qacc|=       5.8 max|qvel|=   0.08 ncon=  0 com_z=0.969 com_x=-0.184
t= 30.00 max|qacc|=      18.9 max|qvel|=   0.15 ncon=  0 com_z=0.969 com_x=-0.184
t= 30.50 max|qacc|=      14.4 max|qvel|=   0.19 ncon=  0 com_z=0.969 com_x=-0.184

== summary ==
pelvis/COM height: start 0.94 m, min 0.93 m, final 0.97 m  (stayed up)
COM x: min -0.21 max -0.11 final -0.18 m
COM y: min -0.018 max -0.003 m
RG_F_r bursts during walk window: 0
peak ctrl: [0.   0.69 0.68 0.8  0.39 0.45 0.7  0.   0.39 0.19 0.   0.7  0.67 0.73
 0.39 0.5  0.64 0.   0.39 0.18] (('vas_lat_r', 'med_gas_r', 'soleus_r', 'tib_ant_r', 'psoas_r', 'semimem_r', 'glut_max2_r', 'rect_fem_r', 'sar_r', 'grac_r', 'vas_lat_l', 'med_gas_l', 'soleus_l', 'tib_ant_l', 'psoas_l', 'semimem_l', 'glut_max2_l', 'rect_fem_l', 'sar_l', 'grac_l'))
  hip_flexion_r         17.3 ..    45.5 deg
  knee_angle_r         -75.2 ..    -3.9 deg
  ankle_angle_r        -57.4 ..    -1.7 deg
  hip_adduction_r        1.1 ..    15.1 deg
  subtalar_angle_r      -0.4 ..    10.8 deg
  hip_flexion_l        -16.6 ..    38.7 deg
  knee_angle_l         -85.3 ..    -8.2 deg
  ankle_angle_l        -61.8 ..     9.8 deg
  hip_adduction_l        0.1 ..    17.3 deg
  subtalar_angle_l      -0.7 ..    11.6 deg
  pelvis_tilt           -1.9 ..     1.0 deg
  pelvis_list           -0.5 ..    -0.2 deg
  pelvis_rotation        2.2 ..     2.6 deg
saved spinal_run.npz
saved spinal_run.png
fitted baseline loaded: e2_pf=0.222 f1_df=0.098 f1_kf=0.148 post_kneext=0.011 post_hipext=0.068 desc_f=1.400 e2_adapt=1.700
start pose (normal.mot): applied 20 coordinates as given; IMU-metric torso lean -0.0 deg (+ = back)
standing solve: nnls x in [0.00, 0.70], >0.1: 14 muscles
  top: add_long_l=0.70, tib_ant_r=0.61, tib_ant_l=0.46, ext_dig_r=0.37, glut_min1_l=0.33, pect_l=0.32, glut_min2_l=0.31, ext_dig_l=0.25
Fmax range: 5..3396 N | L range sample: [0.229942 0.326094]
t=  1.00 max|qacc|=     291.5 max|qvel|=   2.07 ncon=  0 com_z=0.962 com_x=-0.195
t=  1.50 max|qacc|=      28.0 max|qvel|=   1.29 ncon=  0 com_z=0.940 com_x=-0.176
t=  2.00 max|qacc|=      25.9 max|qvel|=   0.68 ncon=  0 com_z=0.951 com_x=-0.187
t=  2.50 max|qacc|=      34.4 max|qvel|=   0.42 ncon=  0 com_z=0.944 com_x=-0.180
t=  3.00 max|qacc|=     107.3 max|qvel|=   0.25 ncon=  0 com_z=0.949 com_x=-0.185
t=  3.50 max|qacc|=      25.6 max|qvel|=   0.21 ncon=  0 com_z=0.944 com_x=-0.181
t=  4.00 max|qacc|=     203.4 max|qvel|=   0.20 ncon=  0 com_z=0.947 com_x=-0.182
t=  4.50 max|qacc|=     379.3 max|qvel|=   0.30 ncon=  0 com_z=0.944 com_x=-0.178
t=  5.00 max|qacc|=     120.9 max|qvel|=   0.33 ncon=  0 com_z=0.944 com_x=-0.178
t=  5.50 max|qacc|=     112.3 max|qvel|=   0.29 ncon=  0 com_z=0.942 com_x=-0.176
t=  6.00 max|qacc|=      68.5 max|qvel|=   0.10 ncon=  0 com_z=0.944 com_x=-0.176
t=  6.50 max|qacc|=     114.3 max|qvel|=   0.24 ncon=  0 com_z=0.943 com_x=-0.175
t=  7.00 max|qacc|=      11.5 max|qvel|=   0.23 ncon=  0 com_z=0.943 com_x=-0.176
t=  7.50 max|qacc|=      17.0 max|qvel|=   0.20 ncon=  0 com_z=0.943 com_x=-0.176
t=  8.00 max|qacc|=      43.9 max|qvel|=   0.18 ncon=  0 com_z=0.943 com_x=-0.176
t=  8.50 max|qacc|=      63.5 max|qvel|=   0.20 ncon=  0 com_z=0.944 com_x=-0.176
t=  9.00 max|qacc|=      42.5 max|qvel|=   0.45 ncon=  0 com_z=0.943 com_x=-0.176
t=  9.50 max|qacc|=      37.8 max|qvel|=   0.24 ncon=  0 com_z=0.943 com_x=-0.177
t= 10.00 max|qacc|=      32.9 max|qvel|=   0.22 ncon=  0 com_z=0.944 com_x=-0.176
t= 10.50 max|qacc|=      12.0 max|qvel|=   0.20 ncon=  0 com_z=0.944 com_x=-0.175
t= 11.00 max|qacc|=      56.8 max|qvel|=   0.40 ncon=  0 com_z=0.943 com_x=-0.176
t= 11.50 max|qacc|=      39.2 max|qvel|=   0.22 ncon=  0 com_z=0.943 com_x=-0.176
t= 12.00 max|qacc|=      42.2 max|qvel|=   0.22 ncon=  0 com_z=0.944 com_x=-0.176
t= 12.50 max|qacc|=      29.1 max|qvel|=   0.18 ncon=  0 com_z=0.944 com_x=-0.176
t= 13.00 max|qacc|=      46.1 max|qvel|=   0.23 ncon=  0 com_z=0.943 com_x=-0.176
t= 13.50 max|qacc|=      84.3 max|qvel|=   0.28 ncon=  0 com_z=0.943 com_x=-0.177
t= 14.00 max|qacc|=      36.8 max|qvel|=   0.21 ncon=  0 com_z=0.943 com_x=-0.176
t= 14.50 max|qacc|=      86.4 max|qvel|=   0.38 ncon=  0 com_z=0.944 com_x=-0.175
t= 15.00 max|qacc|=     107.2 max|qvel|=   0.28 ncon=  0 com_z=0.943 com_x=-0.176
t= 15.50 max|qacc|=      62.9 max|qvel|=   0.24 ncon=  0 com_z=0.943 com_x=-0.177
t= 16.00 max|qacc|=      25.0 max|qvel|=   0.40 ncon=  0 com_z=0.945 com_x=-0.180
t= 16.50 max|qacc|=      68.8 max|qvel|=   0.15 ncon=  0 com_z=0.945 com_x=-0.180
t= 17.00 max|qacc|=     185.4 max|qvel|=   0.17 ncon=  0 com_z=0.947 com_x=-0.183
t= 17.50 max|qacc|=      32.2 max|qvel|=   0.13 ncon=  0 com_z=0.947 com_x=-0.182
t= 18.00 max|qacc|=      41.5 max|qvel|=   0.12 ncon=  0 com_z=0.947 com_x=-0.183
t= 18.50 max|qacc|=     212.2 max|qvel|=   0.26 ncon=  0 com_z=0.946 com_x=-0.183
t= 19.00 max|qacc|=      26.3 max|qvel|=   0.23 ncon=  0 com_z=0.947 com_x=-0.182
t= 19.50 max|qacc|=      92.0 max|qvel|=   0.16 ncon=  0 com_z=0.946 com_x=-0.183
t= 20.00 max|qacc|=      38.4 max|qvel|=   0.13 ncon=  0 com_z=0.947 com_x=-0.183
t= 20.50 max|qacc|=      59.7 max|qvel|=   0.08 ncon=  0 com_z=0.947 com_x=-0.182
t= 21.00 max|qacc|=     423.8 max|qvel|=   0.47 ncon=  0 com_z=0.946 com_x=-0.183
t= 21.50 max|qacc|=      40.7 max|qvel|=   0.18 ncon=  0 com_z=0.947 com_x=-0.182
t= 22.00 max|qacc|=      90.5 max|qvel|=   1.14 ncon=  0 com_z=0.946 com_x=-0.183
t= 22.50 max|qacc|=     167.8 max|qvel|=   0.13 ncon=  0 com_z=0.947 com_x=-0.182
t= 23.00 max|qacc|=     694.3 max|qvel|=   0.68 ncon=  0 com_z=0.947 com_x=-0.182
t= 23.50 max|qacc|=      47.1 max|qvel|=   0.28 ncon=  0 com_z=0.946 com_x=-0.183
t= 24.00 max|qacc|=      28.2 max|qvel|=   0.19 ncon=  0 com_z=0.947 com_x=-0.182
t= 24.50 max|qacc|=      10.8 max|qvel|=   0.10 ncon=  0 com_z=0.947 com_x=-0.183
t= 25.00 max|qacc|=      43.1 max|qvel|=   0.15 ncon=  0 com_z=0.947 com_x=-0.182
t= 25.50 max|qacc|=     572.7 max|qvel|=   0.40 ncon=  0 com_z=0.947 com_x=-0.182
t= 26.00 max|qacc|=      55.3 max|qvel|=   0.21 ncon=  0 com_z=0.946 com_x=-0.183
t= 26.50 max|qacc|=      22.0 max|qvel|=   0.19 ncon=  0 com_z=0.947 com_x=-0.182
t= 27.00 max|qacc|=      13.7 max|qvel|=   0.28 ncon=  0 com_z=0.947 com_x=-0.182
t= 27.50 max|qacc|=      38.7 max|qvel|=   0.16 ncon=  0 com_z=0.947 com_x=-0.183
t= 28.00 max|qacc|=     184.0 max|qvel|=   0.22 ncon=  0 com_z=0.947 com_x=-0.182
t= 28.50 max|qacc|=      26.9 max|qvel|=   0.21 ncon=  0 com_z=0.946 com_x=-0.183
t= 29.00 max|qacc|=      26.1 max|qvel|=   0.19 ncon=  0 com_z=0.947 com_x=-0.182
t= 29.50 max|qacc|=      66.9 max|qvel|=   0.16 ncon=  0 com_z=0.947 com_x=-0.183
t= 30.00 max|qacc|=     181.2 max|qvel|=   0.39 ncon=  0 com_z=0.947 com_x=-0.183
t= 30.50 max|qacc|=      19.2 max|qvel|=   0.19 ncon=  0 com_z=0.947 com_x=-0.182

== summary ==
pelvis/COM height: start 0.94 m, min 0.93 m, final 0.95 m  (stayed up)
COM x: min -0.21 max -0.11 final -0.18 m
COM y: min -0.028 max -0.003 m
RG_F_r bursts during walk window: 17
peak ctrl: [0.49 0.79 0.77 0.86 0.4  0.51 0.72 0.55 0.4  0.22 0.5  0.79 0.77 0.78
 0.4  0.49 0.68 0.55 0.39 0.22] (('vas_lat_r', 'med_gas_r', 'soleus_r', 'tib_ant_r', 'psoas_r', 'semimem_r', 'glut_max2_r', 'rect_fem_r', 'sar_r', 'grac_r', 'vas_lat_l', 'med_gas_l', 'soleus_l', 'tib_ant_l', 'psoas_l', 'semimem_l', 'glut_max2_l', 'rect_fem_l', 'sar_l', 'grac_l'))
  hip_flexion_r         24.6 ..    43.2 deg
  knee_angle_r          -3.9 ..    10.9 deg
  ankle_angle_r        -71.3 ..    -1.7 deg
  hip_adduction_r        0.7 ..     7.1 deg
  subtalar_angle_r      -2.2 ..     7.7 deg
  hip_flexion_l        -16.6 ..    53.8 deg
  knee_angle_l          -8.2 ..    10.5 deg
  ankle_angle_l        -73.9 ..     9.8 deg
  hip_adduction_l      -11.8 ..     7.8 deg
  subtalar_angle_l      -2.4 ..     6.2 deg
  pelvis_tilt           -1.9 ..     0.7 deg
  pelvis_list           -0.5 ..    -0.1 deg
  pelvis_rotation        2.3 ..     2.6 deg
saved spinal_run.npz
saved spinal_run.png
fitted baseline loaded: e2_pf=0.222 f1_df=0.098 f1_kf=0.148 post_kneext=0.011 post_hipext=0.068 desc_f=1.400 e2_adapt=1.700
start pose (normal.mot): applied 20 coordinates as given; IMU-metric torso lean -0.0 deg (+ = back)
standing solve: nnls x in [0.00, 0.70], >0.1: 14 muscles
  top: add_long_l=0.70, tib_ant_r=0.61, tib_ant_l=0.46, ext_dig_r=0.37, glut_min1_l=0.33, pect_l=0.32, glut_min2_l=0.31, ext_dig_l=0.25
Fmax range: 5..3396 N | L range sample: [0.229942 0.326094]
t=  1.00 max|qacc|=      41.0 max|qvel|=   3.00 ncon=  0 com_z=0.986 com_x=-0.194
t=  1.50 max|qacc|=      12.6 max|qvel|=   1.55 ncon=  0 com_z=0.949 com_x=-0.175
t=  2.00 max|qacc|=      12.7 max|qvel|=   0.79 ncon=  0 com_z=0.977 com_x=-0.194
t=  2.50 max|qacc|=      15.5 max|qvel|=   0.71 ncon=  0 com_z=0.957 com_x=-0.175
t=  3.00 max|qacc|=      10.5 max|qvel|=   0.28 ncon=  0 com_z=0.971 com_x=-0.189
t=  3.50 max|qacc|=      10.5 max|qvel|=   0.28 ncon=  0 com_z=0.961 com_x=-0.179
t=  4.00 max|qacc|=       5.6 max|qvel|=   0.17 ncon=  0 com_z=0.966 com_x=-0.184
t=  4.50 max|qacc|=      19.2 max|qvel|=   2.46 ncon=  0 com_z=0.963 com_x=-0.180
t=  5.00 max|qacc|=      16.8 max|qvel|=   0.87 ncon=  0 com_z=0.965 com_x=-0.178
t=  5.50 max|qacc|=      17.0 max|qvel|=   0.63 ncon=  0 com_z=0.962 com_x=-0.174
t=  6.00 max|qacc|=      12.2 max|qvel|=   0.59 ncon=  0 com_z=0.965 com_x=-0.176
t=  6.50 max|qacc|=      15.3 max|qvel|=   1.01 ncon=  0 com_z=0.964 com_x=-0.174
t=  7.00 max|qacc|=       9.7 max|qvel|=   0.61 ncon=  0 com_z=0.963 com_x=-0.174
t=  7.50 max|qacc|=      18.9 max|qvel|=   0.58 ncon=  0 com_z=0.964 com_x=-0.177
t=  8.00 max|qacc|=      20.1 max|qvel|=   1.22 ncon=  0 com_z=0.963 com_x=-0.175
t=  8.50 max|qacc|=      18.1 max|qvel|=   0.60 ncon=  0 com_z=0.963 com_x=-0.175
t=  9.00 max|qacc|=      11.0 max|qvel|=   0.67 ncon=  0 com_z=0.965 com_x=-0.176
t=  9.50 max|qacc|=      14.4 max|qvel|=   0.93 ncon=  0 com_z=0.964 com_x=-0.174
t= 10.00 max|qacc|=       8.0 max|qvel|=   0.54 ncon=  0 com_z=0.963 com_x=-0.174
t= 10.50 max|qacc|=      19.0 max|qvel|=   0.76 ncon=  0 com_z=0.964 com_x=-0.177
t= 11.00 max|qacc|=      20.8 max|qvel|=   1.13 ncon=  0 com_z=0.964 com_x=-0.175
t= 11.50 max|qacc|=      17.9 max|qvel|=   0.62 ncon=  0 com_z=0.963 com_x=-0.175
t= 12.00 max|qacc|=      11.7 max|qvel|=   0.71 ncon=  0 com_z=0.965 com_x=-0.176
t= 12.50 max|qacc|=      13.8 max|qvel|=   0.80 ncon=  0 com_z=0.964 com_x=-0.174
t= 13.00 max|qacc|=       7.7 max|qvel|=   0.58 ncon=  0 com_z=0.963 com_x=-0.175
t= 13.50 max|qacc|=      19.3 max|qvel|=   0.90 ncon=  0 com_z=0.964 com_x=-0.177
t= 14.00 max|qacc|=      21.3 max|qvel|=   0.98 ncon=  0 com_z=0.964 com_x=-0.175
t= 14.50 max|qacc|=      16.9 max|qvel|=   0.62 ncon=  0 com_z=0.962 com_x=-0.175
t= 15.00 max|qacc|=      13.6 max|qvel|=   0.81 ncon=  0 com_z=0.965 com_x=-0.176
t= 15.50 max|qacc|=      12.5 max|qvel|=   0.78 ncon=  0 com_z=0.964 com_x=-0.175
t= 16.00 max|qacc|=       6.9 max|qvel|=   0.36 ncon=  0 com_z=0.963 com_x=-0.179
t= 16.50 max|qacc|=      16.5 max|qvel|=   0.17 ncon=  0 com_z=0.965 com_x=-0.183
t= 17.00 max|qacc|=      19.2 max|qvel|=   0.21 ncon=  0 com_z=0.964 com_x=-0.183
t= 17.50 max|qacc|=       5.9 max|qvel|=   0.20 ncon=  0 com_z=0.965 com_x=-0.185
t= 18.00 max|qacc|=      20.1 max|qvel|=   1.06 ncon=  0 com_z=0.965 com_x=-0.183
t= 18.50 max|qacc|=      21.5 max|qvel|=   1.17 ncon=  0 com_z=0.965 com_x=-0.184
t= 19.00 max|qacc|=      22.9 max|qvel|=   0.78 ncon=  0 com_z=0.964 com_x=-0.185
t= 19.50 max|qacc|=      18.8 max|qvel|=   2.08 ncon=  0 com_z=0.963 com_x=-0.185
t= 20.00 max|qacc|=      21.9 max|qvel|=   1.78 ncon=  0 com_z=0.963 com_x=-0.184
t= 20.50 max|qacc|=      19.9 max|qvel|=   0.55 ncon=  0 com_z=0.963 com_x=-0.182
t= 21.00 max|qacc|=      32.9 max|qvel|=   1.38 ncon=  0 com_z=0.964 com_x=-0.182
t= 21.50 max|qacc|=       7.8 max|qvel|=   2.86 ncon=  0 com_z=0.965 com_x=-0.183
t= 22.00 max|qacc|=      35.3 max|qvel|=   1.69 ncon=  0 com_z=0.965 com_x=-0.185
t= 22.50 max|qacc|=      32.6 max|qvel|=   0.74 ncon=  0 com_z=0.965 com_x=-0.186
t= 23.00 max|qacc|=      20.0 max|qvel|=   2.26 ncon=  0 com_z=0.963 com_x=-0.186
t= 23.50 max|qacc|=      21.7 max|qvel|=   2.15 ncon=  0 com_z=0.963 com_x=-0.185
t= 24.00 max|qacc|=      20.0 max|qvel|=   0.98 ncon=  0 com_z=0.963 com_x=-0.182
t= 24.50 max|qacc|=      32.2 max|qvel|=   0.84 ncon=  0 com_z=0.964 com_x=-0.182
t= 25.00 max|qacc|=      18.6 max|qvel|=   2.70 ncon=  0 com_z=0.965 com_x=-0.182
t= 25.50 max|qacc|=      27.8 max|qvel|=   2.29 ncon=  0 com_z=0.965 com_x=-0.184
t= 26.00 max|qacc|=      37.7 max|qvel|=   0.31 ncon=  0 com_z=0.965 com_x=-0.186
t= 26.50 max|qacc|=      23.1 max|qvel|=   2.05 ncon=  0 com_z=0.963 com_x=-0.186
t= 27.00 max|qacc|=      18.3 max|qvel|=   2.34 ncon=  0 com_z=0.963 com_x=-0.185
t= 27.50 max|qacc|=      19.7 max|qvel|=   1.35 ncon=  0 com_z=0.963 com_x=-0.182
t= 28.00 max|qacc|=      26.8 max|qvel|=   0.37 ncon=  0 com_z=0.964 com_x=-0.182
t= 28.50 max|qacc|=      30.7 max|qvel|=   2.34 ncon=  0 com_z=0.965 com_x=-0.181
t= 29.00 max|qacc|=      17.0 max|qvel|=   2.70 ncon=  0 com_z=0.965 com_x=-0.184
t= 29.50 max|qacc|=      41.3 max|qvel|=   0.52 ncon=  0 com_z=0.965 com_x=-0.186
t= 30.00 max|qacc|=      28.6 max|qvel|=   1.72 ncon=  0 com_z=0.964 com_x=-0.186
t= 30.50 max|qacc|=       6.5 max|qvel|=   2.39 ncon=  0 com_z=0.964 com_x=-0.186

== summary ==
pelvis/COM height: start 0.94 m, min 0.93 m, final 0.96 m  (stayed up)
COM x: min -0.21 max -0.11 final -0.18 m
COM y: min -0.021 max -0.002 m
RG_F_r bursts during walk window: 14
peak ctrl: [0.04 0.67 0.64 0.77 0.36 0.44 0.65 0.06 0.37 0.16 0.47 0.77 0.75 0.77
 0.4  0.5  0.66 0.51 0.39 0.18] (('vas_lat_r', 'med_gas_r', 'soleus_r', 'tib_ant_r', 'psoas_r', 'semimem_r', 'glut_max2_r', 'rect_fem_r', 'sar_r', 'grac_r', 'vas_lat_l', 'med_gas_l', 'soleus_l', 'tib_ant_l', 'psoas_l', 'semimem_l', 'glut_max2_l', 'rect_fem_l', 'sar_l', 'grac_l'))
  hip_flexion_r         17.9 ..    43.2 deg
  knee_angle_r         -71.4 ..    -3.9 deg
  ankle_angle_r        -58.0 ..    -1.7 deg
  hip_adduction_r        1.1 ..    16.1 deg
  subtalar_angle_r      -0.9 ..    10.1 deg
  hip_flexion_l        -16.6 ..    46.6 deg
  knee_angle_l         -79.0 ..     0.6 deg
  ankle_angle_l        -63.1 ..     9.8 deg
  hip_adduction_l       -1.4 ..    18.4 deg
  subtalar_angle_l      -1.5 ..     8.8 deg
  pelvis_tilt           -1.9 ..     0.8 deg
  pelvis_list           -0.5 ..    -0.2 deg
  pelvis_rotation        2.2 ..     2.6 deg
saved spinal_run.npz
saved spinal_run.png
fitted baseline loaded: e2_pf=0.222 f1_df=0.098 f1_kf=0.148 post_kneext=0.011 post_hipext=0.068 desc_f=1.400 e2_adapt=1.700
start pose (normal.mot): applied 20 coordinates as given; IMU-metric torso lean -0.0 deg (+ = back)
standing solve: nnls x in [0.00, 0.70], >0.1: 14 muscles
  top: add_long_l=0.70, tib_ant_r=0.61, tib_ant_l=0.46, ext_dig_r=0.37, glut_min1_l=0.33, pect_l=0.32, glut_min2_l=0.31, ext_dig_l=0.25
Fmax range: 5..3396 N | L range sample: [0.229942 0.326094]
t=  1.00 max|qacc|=      43.3 max|qvel|=   2.37 ncon=  0 com_z=1.001 com_x=-0.199
t=  1.50 max|qacc|=      15.0 max|qvel|=   1.37 ncon=  0 com_z=0.953 com_x=-0.173
t=  2.00 max|qacc|=      17.3 max|qvel|=   0.34 ncon=  0 com_z=0.982 com_x=-0.197
t=  2.50 max|qacc|=      15.6 max|qvel|=   0.35 ncon=  0 com_z=0.965 com_x=-0.177
t=  3.00 max|qacc|=      15.5 max|qvel|=   0.46 ncon=  0 com_z=0.971 com_x=-0.189
t=  3.50 max|qacc|=      10.1 max|qvel|=   0.36 ncon=  0 com_z=0.970 com_x=-0.184
t=  4.00 max|qacc|=      18.3 max|qvel|=   0.16 ncon=  0 com_z=0.968 com_x=-0.182
t=  4.50 max|qacc|=       8.1 max|qvel|=   0.15 ncon=  0 com_z=0.970 com_x=-0.183
t=  5.00 max|qacc|=       7.4 max|qvel|=   0.13 ncon=  0 com_z=0.968 com_x=-0.180
t=  5.50 max|qacc|=      13.9 max|qvel|=   0.14 ncon=  0 com_z=0.968 com_x=-0.179
t=  6.00 max|qacc|=      19.2 max|qvel|=   0.19 ncon=  0 com_z=0.968 com_x=-0.179
t=  6.50 max|qacc|=       4.8 max|qvel|=   0.14 ncon=  0 com_z=0.968 com_x=-0.179
t=  7.00 max|qacc|=      19.3 max|qvel|=   0.13 ncon=  0 com_z=0.968 com_x=-0.179
t=  7.50 max|qacc|=       9.1 max|qvel|=   0.16 ncon=  0 com_z=0.969 com_x=-0.178
t=  8.00 max|qacc|=       7.7 max|qvel|=   0.11 ncon=  0 com_z=0.968 com_x=-0.179
t=  8.50 max|qacc|=      12.6 max|qvel|=   0.14 ncon=  0 com_z=0.968 com_x=-0.179
t=  9.00 max|qacc|=      19.2 max|qvel|=   0.18 ncon=  0 com_z=0.968 com_x=-0.179
t=  9.50 max|qacc|=       6.1 max|qvel|=   0.15 ncon=  0 com_z=0.968 com_x=-0.179
t= 10.00 max|qacc|=      19.4 max|qvel|=   0.12 ncon=  0 com_z=0.968 com_x=-0.179
t= 10.50 max|qacc|=       9.4 max|qvel|=   0.16 ncon=  0 com_z=0.969 com_x=-0.178
t= 11.00 max|qacc|=       8.0 max|qvel|=   0.12 ncon=  0 com_z=0.968 com_x=-0.179
t= 11.50 max|qacc|=      11.5 max|qvel|=   0.14 ncon=  0 com_z=0.968 com_x=-0.179
t= 12.00 max|qacc|=      19.2 max|qvel|=   0.18 ncon=  0 com_z=0.968 com_x=-0.179
t= 12.50 max|qacc|=       7.5 max|qvel|=   0.16 ncon=  0 com_z=0.968 com_x=-0.179
t= 13.00 max|qacc|=      19.4 max|qvel|=   0.12 ncon=  0 com_z=0.968 com_x=-0.179
t= 13.50 max|qacc|=       9.7 max|qvel|=   0.16 ncon=  0 com_z=0.969 com_x=-0.179
t= 14.00 max|qacc|=       8.1 max|qvel|=   0.12 ncon=  0 com_z=0.968 com_x=-0.179
t= 14.50 max|qacc|=      10.4 max|qvel|=   0.14 ncon=  0 com_z=0.968 com_x=-0.179
t= 15.00 max|qacc|=      19.2 max|qvel|=   0.17 ncon=  0 com_z=0.968 com_x=-0.179
t= 15.50 max|qacc|=       8.8 max|qvel|=   0.17 ncon=  0 com_z=0.968 com_x=-0.180
t= 16.00 max|qacc|=      18.5 max|qvel|=   0.13 ncon=  0 com_z=0.969 com_x=-0.182
t= 16.50 max|qacc|=      10.6 max|qvel|=   0.16 ncon=  0 com_z=0.969 com_x=-0.183
t= 17.00 max|qacc|=       8.2 max|qvel|=   0.13 ncon=  0 com_z=0.970 com_x=-0.184
t= 17.50 max|qacc|=       9.5 max|qvel|=   0.14 ncon=  0 com_z=0.970 com_x=-0.185
t= 18.00 max|qacc|=      18.5 max|qvel|=   0.17 ncon=  0 com_z=0.970 com_x=-0.185
t= 18.50 max|qacc|=       7.0 max|qvel|=   0.15 ncon=  0 com_z=0.970 com_x=-0.185
t= 19.00 max|qacc|=      18.9 max|qvel|=   0.13 ncon=  0 com_z=0.970 com_x=-0.185
t= 19.50 max|qacc|=       9.2 max|qvel|=   0.16 ncon=  0 com_z=0.970 com_x=-0.184
t= 20.00 max|qacc|=       7.1 max|qvel|=   0.10 ncon=  0 com_z=0.970 com_x=-0.184
t= 20.50 max|qacc|=      16.3 max|qvel|=   0.17 ncon=  0 com_z=0.970 com_x=-0.185
t= 21.00 max|qacc|=      16.9 max|qvel|=   0.20 ncon=  0 com_z=0.970 com_x=-0.185
t= 21.50 max|qacc|=      11.9 max|qvel|=   0.09 ncon=  0 com_z=0.970 com_x=-0.185
t= 22.00 max|qacc|=      14.1 max|qvel|=   0.18 ncon=  0 com_z=0.970 com_x=-0.184
t= 22.50 max|qacc|=       8.3 max|qvel|=   0.15 ncon=  0 com_z=0.970 com_x=-0.184
t= 23.00 max|qacc|=       6.1 max|qvel|=   0.10 ncon=  0 com_z=0.970 com_x=-0.184
t= 23.50 max|qacc|=      19.1 max|qvel|=   0.16 ncon=  0 com_z=0.970 com_x=-0.185
t= 24.00 max|qacc|=      12.2 max|qvel|=   0.18 ncon=  0 com_z=0.970 com_x=-0.185
t= 24.50 max|qacc|=      18.0 max|qvel|=   0.09 ncon=  0 com_z=0.970 com_x=-0.185
t= 25.00 max|qacc|=      10.5 max|qvel|=   0.18 ncon=  0 com_z=0.970 com_x=-0.184
t= 25.50 max|qacc|=       7.9 max|qvel|=   0.12 ncon=  0 com_z=0.970 com_x=-0.184
t= 26.00 max|qacc|=      11.9 max|qvel|=   0.15 ncon=  0 com_z=0.970 com_x=-0.185
t= 26.50 max|qacc|=      18.5 max|qvel|=   0.18 ncon=  0 com_z=0.970 com_x=-0.185
t= 27.00 max|qacc|=       5.7 max|qvel|=   0.13 ncon=  0 com_z=0.970 com_x=-0.185
t= 27.50 max|qacc|=      18.2 max|qvel|=   0.15 ncon=  0 com_z=0.970 com_x=-0.184
t= 28.00 max|qacc|=       8.6 max|qvel|=   0.16 ncon=  0 com_z=0.970 com_x=-0.184
t= 28.50 max|qacc|=       6.9 max|qvel|=   0.08 ncon=  0 com_z=0.970 com_x=-0.184
t= 29.00 max|qacc|=      17.8 max|qvel|=   0.17 ncon=  0 com_z=0.970 com_x=-0.185
t= 29.50 max|qacc|=      15.8 max|qvel|=   0.20 ncon=  0 com_z=0.970 com_x=-0.185
t= 30.00 max|qacc|=      14.5 max|qvel|=   0.09 ncon=  0 com_z=0.970 com_x=-0.185
t= 30.50 max|qacc|=      11.6 max|qvel|=   0.18 ncon=  0 com_z=0.970 com_x=-0.184

== summary ==
pelvis/COM height: start 0.94 m, min 0.93 m, final 0.97 m  (stayed up)
COM x: min -0.22 max -0.11 final -0.18 m
COM y: min -0.025 max -0.002 m
RG_F_r bursts during walk window: 0
peak ctrl: [0.   0.74 0.71 0.82 0.45 0.5  0.71 0.   0.44 0.24 0.   0.74 0.72 0.75
 0.47 0.49 0.66 0.   0.45 0.19] (('vas_lat_r', 'med_gas_r', 'soleus_r', 'tib_ant_r', 'psoas_r', 'semimem_r', 'glut_max2_r', 'rect_fem_r', 'sar_r', 'grac_r', 'vas_lat_l', 'med_gas_l', 'soleus_l', 'tib_ant_l', 'psoas_l', 'semimem_l', 'glut_max2_l', 'rect_fem_l', 'sar_l', 'grac_l'))
  hip_flexion_r         11.3 ..    43.6 deg
  knee_angle_r         -87.9 ..    -3.9 deg
  ankle_angle_r        -56.6 ..    -1.7 deg
  hip_adduction_r        1.1 ..    14.5 deg
  subtalar_angle_r      -0.1 ..    14.3 deg
  hip_flexion_l        -16.6 ..    49.5 deg
  knee_angle_l         -77.4 ..    -8.2 deg
  ankle_angle_l        -61.2 ..     9.8 deg
  hip_adduction_l       -7.0 ..    17.0 deg
  subtalar_angle_l      -0.6 ..     9.4 deg
  pelvis_tilt           -1.9 ..     1.0 deg
  pelvis_list           -0.5 ..    -0.2 deg
  pelvis_rotation        2.2 ..     2.7 deg
saved spinal_run.npz
saved spinal_run.png
fitted baseline loaded: e2_pf=0.222 f1_df=0.098 f1_kf=0.148 post_kneext=0.011 post_hipext=0.068 desc_f=1.400 e2_adapt=1.700
start pose (normal.mot): applied 20 coordinates as given; IMU-metric torso lean -0.0 deg (+ = back)
standing solve: nnls x in [0.00, 0.70], >0.1: 14 muscles
  top: add_long_l=0.70, tib_ant_r=0.61, tib_ant_l=0.46, ext_dig_r=0.37, glut_min1_l=0.33, pect_l=0.32, glut_min2_l=0.31, ext_dig_l=0.25
Fmax range: 5..3396 N | L range sample: [0.229942 0.326094]
t=  1.00 max|qacc|=      20.5 max|qvel|=   2.40 ncon=  0 com_z=1.000 com_x=-0.199
t=  1.50 max|qacc|=      26.1 max|qvel|=   1.15 ncon=  0 com_z=0.952 com_x=-0.171
t=  2.00 max|qacc|=      12.3 max|qvel|=   0.27 ncon=  0 com_z=0.980 com_x=-0.196
t=  2.50 max|qacc|=      12.5 max|qvel|=   0.42 ncon=  0 com_z=0.964 com_x=-0.177
t=  3.00 max|qacc|=      15.9 max|qvel|=   0.38 ncon=  0 com_z=0.971 com_x=-0.188
t=  3.50 max|qacc|=      17.3 max|qvel|=   0.40 ncon=  0 com_z=0.968 com_x=-0.184
t=  4.00 max|qacc|=       8.2 max|qvel|=   0.39 ncon=  0 com_z=0.968 com_x=-0.183
t=  4.50 max|qacc|=      16.8 max|qvel|=   0.40 ncon=  0 com_z=0.968 com_x=-0.180
t=  5.00 max|qacc|=       7.9 max|qvel|=   0.30 ncon=  0 com_z=0.967 com_x=-0.179
t=  5.50 max|qacc|=      13.4 max|qvel|=   0.25 ncon=  0 com_z=0.967 com_x=-0.177
t=  6.00 max|qacc|=      14.8 max|qvel|=   0.65 ncon=  0 com_z=0.967 com_x=-0.178
t=  6.50 max|qacc|=      22.1 max|qvel|=   1.17 ncon=  0 com_z=0.966 com_x=-0.176
t=  7.00 max|qacc|=       9.9 max|qvel|=   0.22 ncon=  0 com_z=0.967 com_x=-0.177
t=  7.50 max|qacc|=      18.5 max|qvel|=   0.46 ncon=  0 com_z=0.968 com_x=-0.176
t=  8.00 max|qacc|=       7.4 max|qvel|=   0.95 ncon=  0 com_z=0.967 com_x=-0.177
t=  8.50 max|qacc|=       6.6 max|qvel|=   0.38 ncon=  0 com_z=0.968 com_x=-0.178
t=  9.00 max|qacc|=      14.1 max|qvel|=   0.98 ncon=  0 com_z=0.966 com_x=-0.177
t=  9.50 max|qacc|=      21.5 max|qvel|=   0.46 ncon=  0 com_z=0.967 com_x=-0.177
t= 10.00 max|qacc|=      12.0 max|qvel|=   0.45 ncon=  0 com_z=0.967 com_x=-0.176
t= 10.50 max|qacc|=      17.8 max|qvel|=   0.73 ncon=  0 com_z=0.967 com_x=-0.177
t= 11.00 max|qacc|=       8.8 max|qvel|=   0.45 ncon=  0 com_z=0.968 com_x=-0.177
t= 11.50 max|qacc|=      13.5 max|qvel|=   0.29 ncon=  0 com_z=0.966 com_x=-0.177
t= 12.00 max|qacc|=       9.8 max|qvel|=   0.64 ncon=  0 com_z=0.967 com_x=-0.178
t= 12.50 max|qacc|=      21.1 max|qvel|=   0.94 ncon=  0 com_z=0.967 com_x=-0.176
t= 13.00 max|qacc|=      13.7 max|qvel|=   0.25 ncon=  0 com_z=0.967 com_x=-0.177
t= 13.50 max|qacc|=      16.6 max|qvel|=   0.52 ncon=  0 com_z=0.968 com_x=-0.177
t= 14.00 max|qacc|=       9.3 max|qvel|=   0.74 ncon=  0 com_z=0.967 com_x=-0.177
t= 14.50 max|qacc|=       8.1 max|qvel|=   0.45 ncon=  0 com_z=0.968 com_x=-0.178
t= 15.00 max|qacc|=       8.2 max|qvel|=   1.13 ncon=  0 com_z=0.966 com_x=-0.176
t= 15.50 max|qacc|=      19.7 max|qvel|=   0.22 ncon=  0 com_z=0.967 com_x=-0.178
t= 16.00 max|qacc|=      17.5 max|qvel|=   0.56 ncon=  0 com_z=0.967 com_x=-0.181
t= 16.50 max|qacc|=      12.8 max|qvel|=   0.46 ncon=  0 com_z=0.968 com_x=-0.182
t= 17.00 max|qacc|=      14.0 max|qvel|=   0.83 ncon=  0 com_z=0.968 com_x=-0.183
t= 17.50 max|qacc|=      10.3 max|qvel|=   0.15 ncon=  0 com_z=0.968 com_x=-0.184
t= 18.00 max|qacc|=       7.0 max|qvel|=   0.64 ncon=  0 com_z=0.968 com_x=-0.184
t= 18.50 max|qacc|=      17.8 max|qvel|=   0.23 ncon=  0 com_z=0.968 com_x=-0.184
t= 19.00 max|qacc|=      15.3 max|qvel|=   0.38 ncon=  0 com_z=0.968 com_x=-0.184
t= 19.50 max|qacc|=      14.2 max|qvel|=   0.40 ncon=  0 com_z=0.968 com_x=-0.184
t= 20.00 max|qacc|=      14.2 max|qvel|=   0.21 ncon=  0 com_z=0.968 com_x=-0.184
t= 20.50 max|qacc|=      10.0 max|qvel|=   0.36 ncon=  0 com_z=0.968 com_x=-0.183
t= 21.00 max|qacc|=       9.7 max|qvel|=   0.08 ncon=  0 com_z=0.968 com_x=-0.183
t= 21.50 max|qacc|=      18.6 max|qvel|=   0.34 ncon=  0 com_z=0.968 com_x=-0.184
t= 22.00 max|qacc|=      16.7 max|qvel|=   0.19 ncon=  0 com_z=0.968 com_x=-0.185
t= 22.50 max|qacc|=      16.4 max|qvel|=   0.31 ncon=  0 com_z=0.968 com_x=-0.184
t= 23.00 max|qacc|=      13.8 max|qvel|=   0.21 ncon=  0 com_z=0.968 com_x=-0.184
t= 23.50 max|qacc|=       9.5 max|qvel|=   0.20 ncon=  0 com_z=0.968 com_x=-0.183
t= 24.00 max|qacc|=       5.9 max|qvel|=   0.32 ncon=  0 com_z=0.968 com_x=-0.184
t= 24.50 max|qacc|=      19.2 max|qvel|=   0.17 ncon=  0 com_z=0.968 com_x=-0.184
t= 25.00 max|qacc|=      13.2 max|qvel|=   0.35 ncon=  0 com_z=0.968 com_x=-0.184
t= 25.50 max|qacc|=      17.8 max|qvel|=   0.13 ncon=  0 com_z=0.968 com_x=-0.184
t= 26.00 max|qacc|=      11.6 max|qvel|=   0.21 ncon=  0 com_z=0.968 com_x=-0.183
t= 26.50 max|qacc|=       8.2 max|qvel|=   0.27 ncon=  0 com_z=0.968 com_x=-0.184
t= 27.00 max|qacc|=       8.7 max|qvel|=   0.13 ncon=  0 com_z=0.968 com_x=-0.184
t= 27.50 max|qacc|=      19.6 max|qvel|=   0.26 ncon=  0 com_z=0.968 com_x=-0.184
t= 28.00 max|qacc|=      10.3 max|qvel|=   0.18 ncon=  0 com_z=0.968 com_x=-0.184
t= 28.50 max|qacc|=      19.2 max|qvel|=   0.13 ncon=  0 com_z=0.968 com_x=-0.184
t= 29.00 max|qacc|=       9.7 max|qvel|=   0.17 ncon=  0 com_z=0.968 com_x=-0.184
t= 29.50 max|qacc|=       7.7 max|qvel|=   0.12 ncon=  0 com_z=0.968 com_x=-0.184
t= 30.00 max|qacc|=      11.5 max|qvel|=   0.12 ncon=  0 com_z=0.968 com_x=-0.184
t= 30.50 max|qacc|=      18.8 max|qvel|=   0.18 ncon=  0 com_z=0.968 com_x=-0.184

== summary ==
pelvis/COM height: start 0.94 m, min 0.93 m, final 0.97 m  (stayed up)
COM x: min -0.21 max -0.11 final -0.18 m
COM y: min -0.023 max -0.002 m
RG_F_r bursts during walk window: 12
peak ctrl: [0.   0.7  0.69 0.79 0.42 0.47 0.69 0.   0.41 0.19 0.   0.73 0.7  0.73
 0.44 0.49 0.65 0.   0.42 0.19] (('vas_lat_r', 'med_gas_r', 'soleus_r', 'tib_ant_r', 'psoas_r', 'semimem_r', 'glut_max2_r', 'rect_fem_r', 'sar_r', 'grac_r', 'vas_lat_l', 'med_gas_l', 'soleus_l', 'tib_ant_l', 'psoas_l', 'semimem_l', 'glut_max2_l', 'rect_fem_l', 'sar_l', 'grac_l'))
  hip_flexion_r         15.0 ..    43.7 deg
  knee_angle_r         -77.4 ..    -3.9 deg
  ankle_angle_r        -57.4 ..    -1.7 deg
  hip_adduction_r        1.1 ..    15.1 deg
  subtalar_angle_r      -0.5 ..    12.2 deg
  hip_flexion_l        -16.6 ..    48.1 deg
  knee_angle_l         -78.1 ..    -8.2 deg
  ankle_angle_l        -62.4 ..     9.8 deg
  hip_adduction_l       -5.1 ..    17.6 deg
  subtalar_angle_l      -1.1 ..     9.4 deg
  pelvis_tilt           -1.9 ..     1.0 deg
  pelvis_list           -0.5 ..    -0.2 deg
  pelvis_rotation        2.2 ..     2.6 deg
saved spinal_run.npz
saved spinal_run.png
fitted baseline loaded: e2_pf=0.222 f1_df=0.098 f1_kf=0.148 post_kneext=0.011 post_hipext=0.068 desc_f=1.400 e2_adapt=1.700
start pose (normal.mot): applied 20 coordinates as given; IMU-metric torso lean -0.0 deg (+ = back)
D:\Github\Bipedal_Robot\Code\MuJoCo_SNS\spinal\runner.py:1291: RuntimeWarning: More than 20 figures have been opened. Figures created through the pyplot interface (`matplotlib.pyplot.figure`) are retained until explicitly closed and may consume too much memory. (To control this warning, see the rcParam `figure.max_open_warning`). Consider using `matplotlib.pyplot.close()`.
  fig, ax = plt.subplots(4, 1, figsize=(10, 11), sharex=True)
standing solve: nnls x in [0.00, 0.70], >0.1: 14 muscles
  top: add_long_l=0.70, tib_ant_r=0.61, tib_ant_l=0.46, ext_dig_r=0.37, glut_min1_l=0.33, pect_l=0.32, glut_min2_l=0.31, ext_dig_l=0.25
Fmax range: 5..3396 N | L range sample: [0.229942 0.326094]
t=  1.00 max|qacc|=      16.7 max|qvel|=   2.61 ncon=  0 com_z=0.980 com_x=-0.194
t=  1.50 max|qacc|=      52.7 max|qvel|=   4.26 ncon=  0 com_z=0.942 com_x=-0.160
t=  2.00 max|qacc|=      97.2 max|qvel|=   0.45 ncon=  0 com_z=0.971 com_x=-0.197
t=  2.50 max|qacc|=     136.2 max|qvel|=   0.54 ncon=  0 com_z=0.952 com_x=-0.176
t=  3.00 max|qacc|=      30.9 max|qvel|=   0.27 ncon=  0 com_z=0.964 com_x=-0.191
t=  3.50 max|qacc|=      20.1 max|qvel|=   0.28 ncon=  0 com_z=0.957 com_x=-0.180
t=  4.00 max|qacc|=      28.8 max|qvel|=   0.35 ncon=  0 com_z=0.959 com_x=-0.185
t=  4.50 max|qacc|=      34.2 max|qvel|=   0.19 ncon=  0 com_z=0.957 com_x=-0.182
t=  5.00 max|qacc|=      41.0 max|qvel|=   0.16 ncon=  0 com_z=0.956 com_x=-0.181
t=  5.50 max|qacc|=      80.6 max|qvel|=   0.89 ncon=  0 com_z=0.956 com_x=-0.178
t=  6.00 max|qacc|=       8.2 max|qvel|=   0.17 ncon=  0 com_z=0.957 com_x=-0.179
t=  6.50 max|qacc|=     647.9 max|qvel|=   0.70 ncon=  0 com_z=0.957 com_x=-0.179
t=  7.00 max|qacc|=      64.0 max|qvel|=   0.58 ncon=  0 com_z=0.955 com_x=-0.179
t=  7.50 max|qacc|=      44.2 max|qvel|=   0.22 ncon=  0 com_z=0.956 com_x=-0.180
t=  8.00 max|qacc|=      35.2 max|qvel|=   0.19 ncon=  0 com_z=0.956 com_x=-0.179
t=  8.50 max|qacc|=     129.7 max|qvel|=   0.19 ncon=  0 com_z=0.956 com_x=-0.178
t=  9.00 max|qacc|=      69.5 max|qvel|=   0.13 ncon=  0 com_z=0.956 com_x=-0.179
t=  9.50 max|qacc|=      28.0 max|qvel|=   0.14 ncon=  0 com_z=0.956 com_x=-0.178
t= 10.00 max|qacc|=     159.2 max|qvel|=   0.35 ncon=  0 com_z=0.957 com_x=-0.180
t= 10.50 max|qacc|=      44.8 max|qvel|=   0.27 ncon=  0 com_z=0.956 com_x=-0.179
t= 11.00 max|qacc|=     252.4 max|qvel|=   0.25 ncon=  0 com_z=0.956 com_x=-0.178
t= 11.50 max|qacc|=      88.3 max|qvel|=   0.15 ncon=  0 com_z=0.956 com_x=-0.179
t= 12.00 max|qacc|=      13.7 max|qvel|=   0.16 ncon=  0 com_z=0.956 com_x=-0.179
t= 12.50 max|qacc|=      19.8 max|qvel|=   0.19 ncon=  0 com_z=0.956 com_x=-0.179
t= 13.00 max|qacc|=     141.7 max|qvel|=   0.33 ncon=  0 com_z=0.956 com_x=-0.179
t= 13.50 max|qacc|=      26.4 max|qvel|=   0.20 ncon=  0 com_z=0.957 com_x=-0.179
t= 14.00 max|qacc|=      28.3 max|qvel|=   0.17 ncon=  0 com_z=0.957 com_x=-0.178
t= 14.50 max|qacc|=      12.3 max|qvel|=   0.14 ncon=  0 com_z=0.955 com_x=-0.178
t= 15.00 max|qacc|=      20.4 max|qvel|=   0.19 ncon=  0 com_z=0.956 com_x=-0.179
t= 15.50 max|qacc|=     322.4 max|qvel|=   0.37 ncon=  0 com_z=0.956 com_x=-0.180
t= 16.00 max|qacc|=      17.5 max|qvel|=   0.13 ncon=  0 com_z=0.958 com_x=-0.183
t= 16.50 max|qacc|=      16.6 max|qvel|=   0.18 ncon=  0 com_z=0.958 com_x=-0.182
t= 17.00 max|qacc|=      87.3 max|qvel|=   0.09 ncon=  0 com_z=0.959 com_x=-0.184
t= 17.50 max|qacc|=      21.7 max|qvel|=   0.19 ncon=  0 com_z=0.959 com_x=-0.185
t= 18.00 max|qacc|=     250.1 max|qvel|=   0.83 ncon=  0 com_z=0.959 com_x=-0.184
t= 18.50 max|qacc|=      31.4 max|qvel|=   0.18 ncon=  0 com_z=0.960 com_x=-0.184
t= 19.00 max|qacc|=      57.0 max|qvel|=   0.10 ncon=  0 com_z=0.959 com_x=-0.184
t= 19.50 max|qacc|=     118.6 max|qvel|=   0.21 ncon=  0 com_z=0.959 com_x=-0.185
t= 20.00 max|qacc|=      20.2 max|qvel|=   0.15 ncon=  0 com_z=0.959 com_x=-0.184
t= 20.50 max|qacc|=      11.1 max|qvel|=   0.17 ncon=  0 com_z=0.959 com_x=-0.184
t= 21.00 max|qacc|=      39.6 max|qvel|=   0.11 ncon=  0 com_z=0.959 com_x=-0.184
t= 21.50 max|qacc|=      15.1 max|qvel|=   0.20 ncon=  0 com_z=0.959 com_x=-0.185
t= 22.00 max|qacc|=      19.4 max|qvel|=   0.10 ncon=  0 com_z=0.959 com_x=-0.184
t= 22.50 max|qacc|=      17.9 max|qvel|=   0.22 ncon=  0 com_z=0.959 com_x=-0.184
t= 23.00 max|qacc|=      22.8 max|qvel|=   0.11 ncon=  0 com_z=0.959 com_x=-0.184
t= 23.50 max|qacc|=      42.8 max|qvel|=   0.21 ncon=  0 com_z=0.959 com_x=-0.185
t= 24.00 max|qacc|=      28.9 max|qvel|=   0.17 ncon=  0 com_z=0.959 com_x=-0.184
t= 24.50 max|qacc|=       7.5 max|qvel|=   0.13 ncon=  0 com_z=0.959 com_x=-0.184
t= 25.00 max|qacc|=      54.6 max|qvel|=   0.12 ncon=  0 com_z=0.959 com_x=-0.185
t= 25.50 max|qacc|=     238.6 max|qvel|=   0.78 ncon=  0 com_z=0.959 com_x=-0.185
t= 26.00 max|qacc|=      78.8 max|qvel|=   0.17 ncon=  0 com_z=0.960 com_x=-0.184
t= 26.50 max|qacc|=      76.7 max|qvel|=   1.02 ncon=  0 com_z=0.959 com_x=-0.184
t= 27.00 max|qacc|=      20.0 max|qvel|=   0.26 ncon=  0 com_z=0.959 com_x=-0.185
t= 27.50 max|qacc|=     160.2 max|qvel|=   0.27 ncon=  0 com_z=0.959 com_x=-0.185
t= 28.00 max|qacc|=      36.5 max|qvel|=   0.21 ncon=  0 com_z=0.959 com_x=-0.184
t= 28.50 max|qacc|=       8.8 max|qvel|=   0.09 ncon=  0 com_z=0.959 com_x=-0.184
t= 29.00 max|qacc|=     102.1 max|qvel|=   0.80 ncon=  0 com_z=0.959 com_x=-0.184
t= 29.50 max|qacc|=      25.0 max|qvel|=   0.11 ncon=  0 com_z=0.959 com_x=-0.185
t= 30.00 max|qacc|=      24.0 max|qvel|=   0.18 ncon=  0 com_z=0.959 com_x=-0.184
t= 30.50 max|qacc|=      26.9 max|qvel|=   0.13 ncon=  0 com_z=0.959 com_x=-0.184

== summary ==
pelvis/COM height: start 0.94 m, min 0.93 m, final 0.96 m  (stayed up)
COM x: min -0.20 max -0.11 final -0.18 m
COM y: min -0.023 max -0.003 m
RG_F_r bursts during walk window: 3
peak ctrl: [0.   0.68 0.67 0.81 0.37 0.46 0.71 0.01 0.38 0.19 0.49 0.78 0.76 0.78
 0.38 0.5  0.68 0.55 0.37 0.23] (('vas_lat_r', 'med_gas_r', 'soleus_r', 'tib_ant_r', 'psoas_r', 'semimem_r', 'glut_max2_r', 'rect_fem_r', 'sar_r', 'grac_r', 'vas_lat_l', 'med_gas_l', 'soleus_l', 'tib_ant_l', 'psoas_l', 'semimem_l', 'glut_max2_l', 'rect_fem_l', 'sar_l', 'grac_l'))
  hip_flexion_r         18.5 ..    47.0 deg
  knee_angle_r         -76.1 ..    -3.9 deg
  ankle_angle_r        -57.2 ..    -1.7 deg
  hip_adduction_r        1.1 ..    15.3 deg
  subtalar_angle_r      -0.5 ..    10.3 deg
  hip_flexion_l        -16.6 ..    40.0 deg
  knee_angle_l         -33.0 ..    10.6 deg
  ankle_angle_l        -73.8 ..     9.8 deg
  hip_adduction_l       -5.1 ..     6.9 deg
  subtalar_angle_l      -2.3 ..     7.7 deg
  pelvis_tilt           -1.9 ..     0.9 deg
  pelvis_list           -0.5 ..    -0.2 deg
  pelvis_rotation        2.2 ..     2.6 deg
saved spinal_run.npz
saved spinal_run.png
fitted baseline loaded: e2_pf=0.222 f1_df=0.098 f1_kf=0.148 post_kneext=0.011 post_hipext=0.068 desc_f=1.400 e2_adapt=1.700
start pose (normal.mot): applied 20 coordinates as given; IMU-metric torso lean -0.0 deg (+ = back)
standing solve: nnls x in [0.00, 0.70], >0.1: 14 muscles
  top: add_long_l=0.70, tib_ant_r=0.61, tib_ant_l=0.46, ext_dig_r=0.37, glut_min1_l=0.33, pect_l=0.32, glut_min2_l=0.31, ext_dig_l=0.25
Fmax range: 5..3396 N | L range sample: [0.229942 0.326094]
t=  1.00 max|qacc|=      51.3 max|qvel|=   1.54 ncon=  0 com_z=0.973 com_x=-0.199
t=  1.50 max|qacc|=      28.7 max|qvel|=   1.23 ncon=  0 com_z=0.940 com_x=-0.169
t=  2.00 max|qacc|=       7.2 max|qvel|=   0.65 ncon=  0 com_z=0.957 com_x=-0.186
t=  2.50 max|qacc|=      47.5 max|qvel|=   0.48 ncon=  0 com_z=0.947 com_x=-0.179
t=  3.00 max|qacc|=      15.2 max|qvel|=   0.36 ncon=  0 com_z=0.952 com_x=-0.182
t=  3.50 max|qacc|=      21.7 max|qvel|=   0.24 ncon=  0 com_z=0.950 com_x=-0.180
t=  4.00 max|qacc|=      23.8 max|qvel|=   0.28 ncon=  0 com_z=0.951 com_x=-0.177
t=  4.50 max|qacc|=       8.6 max|qvel|=   0.20 ncon=  0 com_z=0.950 com_x=-0.175
t=  5.00 max|qacc|=      10.0 max|qvel|=   0.20 ncon=  0 com_z=0.949 com_x=-0.171
t=  5.50 max|qacc|=      22.3 max|qvel|=   0.84 ncon=  0 com_z=0.948 com_x=-0.169
t=  6.00 max|qacc|=      17.5 max|qvel|=   1.01 ncon=  0 com_z=0.961 com_x=-0.176
t=  6.50 max|qacc|=       5.8 max|qvel|=   0.41 ncon=  0 com_z=0.955 com_x=-0.172
t=  7.00 max|qacc|=      21.1 max|qvel|=   0.39 ncon=  0 com_z=0.956 com_x=-0.173
t=  7.50 max|qacc|=      10.1 max|qvel|=   0.22 ncon=  0 com_z=0.956 com_x=-0.172
t=  8.00 max|qacc|=       8.4 max|qvel|=   0.23 ncon=  0 com_z=0.956 com_x=-0.173
t=  8.50 max|qacc|=      13.7 max|qvel|=   0.13 ncon=  0 com_z=0.956 com_x=-0.173
t=  9.00 max|qacc|=      21.8 max|qvel|=   0.19 ncon=  0 com_z=0.956 com_x=-0.173
t=  9.50 max|qacc|=       9.2 max|qvel|=   0.25 ncon=  0 com_z=0.956 com_x=-0.173
t= 10.00 max|qacc|=      22.0 max|qvel|=   0.26 ncon=  0 com_z=0.956 com_x=-0.173
t= 10.50 max|qacc|=      10.6 max|qvel|=   0.24 ncon=  0 com_z=0.956 com_x=-0.173
t= 11.00 max|qacc|=       9.1 max|qvel|=   0.24 ncon=  0 com_z=0.956 com_x=-0.173
t= 11.50 max|qacc|=      10.7 max|qvel|=   0.13 ncon=  0 com_z=0.956 com_x=-0.173
t= 12.00 max|qacc|=      21.5 max|qvel|=   0.18 ncon=  0 com_z=0.955 com_x=-0.173
t= 12.50 max|qacc|=      11.4 max|qvel|=   0.19 ncon=  0 com_z=0.956 com_x=-0.173
t= 13.00 max|qacc|=      21.7 max|qvel|=   0.19 ncon=  0 com_z=0.956 com_x=-0.173
t= 13.50 max|qacc|=      11.3 max|qvel|=   0.32 ncon=  0 com_z=0.956 com_x=-0.173
t= 14.00 max|qacc|=       9.2 max|qvel|=   0.23 ncon=  0 com_z=0.956 com_x=-0.173
t= 14.50 max|qacc|=       8.0 max|qvel|=   0.12 ncon=  0 com_z=0.956 com_x=-0.173
t= 15.00 max|qacc|=      21.3 max|qvel|=   0.15 ncon=  0 com_z=0.955 com_x=-0.173
t= 15.50 max|qacc|=      17.1 max|qvel|=   0.25 ncon=  0 com_z=0.955 com_x=-0.175
t= 16.00 max|qacc|=      15.4 max|qvel|=   0.39 ncon=  0 com_z=0.957 com_x=-0.179
t= 16.50 max|qacc|=      20.3 max|qvel|=   0.30 ncon=  0 com_z=0.956 com_x=-0.182
t= 17.00 max|qacc|=       9.4 max|qvel|=   2.50 ncon=  0 com_z=0.953 com_x=-0.183
t= 17.50 max|qacc|=      17.7 max|qvel|=   0.73 ncon=  0 com_z=0.949 com_x=-0.177
t= 18.00 max|qacc|=     179.5 max|qvel|=   0.95 ncon=  0 com_z=0.951 com_x=-0.182
t= 18.50 max|qacc|=      31.3 max|qvel|=   0.36 ncon=  0 com_z=0.950 com_x=-0.180
t= 19.00 max|qacc|=      20.5 max|qvel|=   0.11 ncon=  0 com_z=0.951 com_x=-0.181
t= 19.50 max|qacc|=      17.8 max|qvel|=   0.18 ncon=  0 com_z=0.950 com_x=-0.180
t= 20.00 max|qacc|=      22.9 max|qvel|=   0.11 ncon=  0 com_z=0.951 com_x=-0.180
t= 20.50 max|qacc|=      17.7 max|qvel|=   0.11 ncon=  0 com_z=0.950 com_x=-0.181
t= 21.00 max|qacc|=      17.5 max|qvel|=   0.22 ncon=  0 com_z=0.950 com_x=-0.181
t= 21.50 max|qacc|=      30.1 max|qvel|=   0.11 ncon=  0 com_z=0.951 com_x=-0.181
t= 22.00 max|qacc|=      34.4 max|qvel|=   0.18 ncon=  0 com_z=0.951 com_x=-0.180
t= 22.50 max|qacc|=       9.3 max|qvel|=   0.13 ncon=  0 com_z=0.951 com_x=-0.180
t= 23.00 max|qacc|=      12.5 max|qvel|=   0.11 ncon=  0 com_z=0.950 com_x=-0.181
t= 23.50 max|qacc|=      60.4 max|qvel|=   0.21 ncon=  0 com_z=0.950 com_x=-0.181
t= 24.00 max|qacc|=      13.0 max|qvel|=   0.11 ncon=  0 com_z=0.950 com_x=-0.181
t= 24.50 max|qacc|=      37.4 max|qvel|=   0.17 ncon=  0 com_z=0.951 com_x=-0.180
t= 25.00 max|qacc|=      27.6 max|qvel|=   0.15 ncon=  0 com_z=0.951 com_x=-0.180
t= 25.50 max|qacc|=      48.5 max|qvel|=   0.11 ncon=  0 com_z=0.950 com_x=-0.181
t= 26.00 max|qacc|=      35.8 max|qvel|=   0.20 ncon=  0 com_z=0.950 com_x=-0.181
t= 26.50 max|qacc|=      28.3 max|qvel|=   0.13 ncon=  0 com_z=0.950 com_x=-0.181
t= 27.00 max|qacc|=      20.6 max|qvel|=   0.15 ncon=  0 com_z=0.951 com_x=-0.180
t= 27.50 max|qacc|=       8.4 max|qvel|=   0.16 ncon=  0 com_z=0.951 com_x=-0.180
t= 28.00 max|qacc|=      19.1 max|qvel|=   0.10 ncon=  0 com_z=0.950 com_x=-0.180
t= 28.50 max|qacc|=      19.3 max|qvel|=   0.17 ncon=  0 com_z=0.950 com_x=-0.181
t= 29.00 max|qacc|=      19.8 max|qvel|=   0.17 ncon=  0 com_z=0.950 com_x=-0.181
t= 29.50 max|qacc|=      57.4 max|qvel|=   0.11 ncon=  0 com_z=0.951 com_x=-0.180
t= 30.00 max|qacc|=      33.8 max|qvel|=   0.17 ncon=  0 com_z=0.951 com_x=-0.180
t= 30.50 max|qacc|=      74.0 max|qvel|=   0.10 ncon=  0 com_z=0.950 com_x=-0.180

== summary ==
pelvis/COM height: start 0.94 m, min 0.93 m, final 0.95 m  (stayed up)
COM x: min -0.21 max -0.11 final -0.18 m
COM y: min -0.026 max -0.003 m
RG_F_r bursts during walk window: 0
peak ctrl: [0.08 0.65 0.64 0.79 0.34 0.44 0.66 0.11 0.35 0.18 0.49 0.78 0.76 0.76
 0.34 0.5  0.67 0.53 0.35 0.19] (('vas_lat_r', 'med_gas_r', 'soleus_r', 'tib_ant_r', 'psoas_r', 'semimem_r', 'glut_max2_r', 'rect_fem_r', 'sar_r', 'grac_r', 'vas_lat_l', 'med_gas_l', 'soleus_l', 'tib_ant_l', 'psoas_l', 'semimem_l', 'glut_max2_l', 'rect_fem_l', 'sar_l', 'grac_l'))
  hip_flexion_r         19.0 ..    42.7 deg
  knee_angle_r         -65.1 ..    -3.9 deg
  ankle_angle_r        -59.5 ..    -1.7 deg
  hip_adduction_r        1.1 ..    16.1 deg
  subtalar_angle_r      -1.1 ..     9.8 deg
  hip_flexion_l        -16.6 ..    48.2 deg
  knee_angle_l         -61.4 ..    10.5 deg
  ankle_angle_l        -71.7 ..     9.8 deg
  hip_adduction_l       -7.2 ..    19.3 deg
  subtalar_angle_l      -2.5 ..     7.3 deg
  pelvis_tilt           -1.9 ..     0.8 deg
  pelvis_list           -0.5 ..    -0.2 deg
  pelvis_rotation        2.2 ..     2.5 deg
saved spinal_run.npz
saved spinal_run.png
fitted baseline loaded: e2_pf=0.222 f1_df=0.098 f1_kf=0.148 post_kneext=0.011 post_hipext=0.068 desc_f=1.400 e2_adapt=1.700
start pose (normal.mot): applied 20 coordinates as given; IMU-metric torso lean -0.0 deg (+ = back)
standing solve: nnls x in [0.00, 0.70], >0.1: 14 muscles
  top: add_long_l=0.70, tib_ant_r=0.61, tib_ant_l=0.46, ext_dig_r=0.37, glut_min1_l=0.33, pect_l=0.32, glut_min2_l=0.31, ext_dig_l=0.25
Fmax range: 5..3396 N | L range sample: [0.229942 0.326094]
t=  1.00 max|qacc|=      92.5 max|qvel|=   2.69 ncon=  0 com_z=0.996 com_x=-0.209
t=  1.50 max|qacc|=      13.1 max|qvel|=   1.30 ncon=  0 com_z=0.948 com_x=-0.170
t=  2.00 max|qacc|=       9.7 max|qvel|=   0.29 ncon=  0 com_z=0.980 com_x=-0.198
t=  2.50 max|qacc|=       7.6 max|qvel|=   0.21 ncon=  0 com_z=0.957 com_x=-0.174
t=  3.00 max|qacc|=      21.3 max|qvel|=   0.39 ncon=  0 com_z=0.972 com_x=-0.193
t=  3.50 max|qacc|=      16.7 max|qvel|=   0.34 ncon=  0 com_z=0.962 com_x=-0.181
t=  4.00 max|qacc|=      16.4 max|qvel|=   0.23 ncon=  0 com_z=0.966 com_x=-0.185
t=  4.50 max|qacc|=      16.9 max|qvel|=   0.21 ncon=  0 com_z=0.965 com_x=-0.181
t=  5.00 max|qacc|=       9.6 max|qvel|=   0.17 ncon=  0 com_z=0.965 com_x=-0.180
t=  5.50 max|qacc|=       8.0 max|qvel|=   0.12 ncon=  0 com_z=0.965 com_x=-0.178
t=  6.00 max|qacc|=      10.9 max|qvel|=   0.13 ncon=  0 com_z=0.965 com_x=-0.178
t=  6.50 max|qacc|=      20.7 max|qvel|=   0.17 ncon=  0 com_z=0.964 com_x=-0.179
t=  7.00 max|qacc|=      12.7 max|qvel|=   0.19 ncon=  0 com_z=0.965 com_x=-0.179
t=  7.50 max|qacc|=      19.5 max|qvel|=   0.09 ncon=  0 com_z=0.965 com_x=-0.178
t=  8.00 max|qacc|=      11.7 max|qvel|=   0.16 ncon=  0 com_z=0.965 com_x=-0.178
t=  8.50 max|qacc|=       8.8 max|qvel|=   0.15 ncon=  0 com_z=0.965 com_x=-0.178
t=  9.00 max|qacc|=       5.2 max|qvel|=   0.08 ncon=  0 com_z=0.965 com_x=-0.178
t=  9.50 max|qacc|=      19.5 max|qvel|=   0.14 ncon=  0 com_z=0.964 com_x=-0.178
t= 10.00 max|qacc|=      18.4 max|qvel|=   0.21 ncon=  0 com_z=0.964 com_x=-0.179
t= 10.50 max|qacc|=      11.7 max|qvel|=   0.10 ncon=  0 com_z=0.965 com_x=-0.179
t= 11.00 max|qacc|=      19.1 max|qvel|=   0.13 ncon=  0 com_z=0.965 com_x=-0.178
t= 11.50 max|qacc|=       9.2 max|qvel|=   0.17 ncon=  0 com_z=0.965 com_x=-0.178
t= 12.00 max|qacc|=       7.6 max|qvel|=   0.11 ncon=  0 com_z=0.965 com_x=-0.178
t= 12.50 max|qacc|=      13.0 max|qvel|=   0.13 ncon=  0 com_z=0.965 com_x=-0.178
t= 13.00 max|qacc|=      20.5 max|qvel|=   0.18 ncon=  0 com_z=0.964 com_x=-0.179
t= 13.50 max|qacc|=      10.2 max|qvel|=   0.18 ncon=  0 com_z=0.965 com_x=-0.179
t= 14.00 max|qacc|=      20.5 max|qvel|=   0.09 ncon=  0 com_z=0.965 com_x=-0.178
t= 14.50 max|qacc|=      11.2 max|qvel|=   0.17 ncon=  0 com_z=0.965 com_x=-0.178
t= 15.00 max|qacc|=       8.8 max|qvel|=   0.14 ncon=  0 com_z=0.965 com_x=-0.178
t= 15.50 max|qacc|=       5.3 max|qvel|=   0.16 ncon=  0 com_z=0.965 com_x=-0.179
t= 16.00 max|qacc|=      18.9 max|qvel|=   0.15 ncon=  0 com_z=0.965 com_x=-0.183
t= 16.50 max|qacc|=      19.1 max|qvel|=   0.21 ncon=  0 com_z=0.964 com_x=-0.183
t= 17.00 max|qacc|=       7.0 max|qvel|=   0.14 ncon=  0 com_z=0.965 com_x=-0.185
t= 17.50 max|qacc|=      20.6 max|qvel|=   0.12 ncon=  0 com_z=0.966 com_x=-0.185
t= 18.00 max|qacc|=       9.9 max|qvel|=   0.20 ncon=  0 com_z=0.966 com_x=-0.184
t= 18.50 max|qacc|=       7.8 max|qvel|=   0.11 ncon=  0 com_z=0.966 com_x=-0.184
t= 19.00 max|qacc|=      14.3 max|qvel|=   0.15 ncon=  0 com_z=0.966 com_x=-0.185
t= 19.50 max|qacc|=      19.9 max|qvel|=   0.20 ncon=  0 com_z=0.965 com_x=-0.185
t= 20.00 max|qacc|=       6.1 max|qvel|=   0.15 ncon=  0 com_z=0.966 com_x=-0.185
t= 20.50 max|qacc|=      21.0 max|qvel|=   0.10 ncon=  0 com_z=0.966 com_x=-0.185
t= 21.00 max|qacc|=      10.4 max|qvel|=   0.20 ncon=  0 com_z=0.966 com_x=-0.184
t= 21.50 max|qacc|=       7.6 max|qvel|=   0.12 ncon=  0 com_z=0.966 com_x=-0.184
t= 22.00 max|qacc|=      12.7 max|qvel|=   0.14 ncon=  0 com_z=0.966 com_x=-0.185
t= 22.50 max|qacc|=      19.9 max|qvel|=   0.19 ncon=  0 com_z=0.965 com_x=-0.185
t= 23.00 max|qacc|=       8.4 max|qvel|=   0.17 ncon=  0 com_z=0.966 com_x=-0.185
t= 23.50 max|qacc|=      21.0 max|qvel|=   0.09 ncon=  0 com_z=0.966 com_x=-0.185
t= 24.00 max|qacc|=      10.9 max|qvel|=   0.20 ncon=  0 com_z=0.966 com_x=-0.184
t= 24.50 max|qacc|=       8.0 max|qvel|=   0.13 ncon=  0 com_z=0.966 com_x=-0.184
t= 25.00 max|qacc|=      11.3 max|qvel|=   0.13 ncon=  0 com_z=0.966 com_x=-0.185
t= 25.50 max|qacc|=      19.9 max|qvel|=   0.18 ncon=  0 com_z=0.965 com_x=-0.185
t= 26.00 max|qacc|=      10.5 max|qvel|=   0.18 ncon=  0 com_z=0.966 com_x=-0.185
t= 26.50 max|qacc|=      20.6 max|qvel|=   0.10 ncon=  0 com_z=0.966 com_x=-0.185
t= 27.00 max|qacc|=      11.4 max|qvel|=   0.20 ncon=  0 com_z=0.966 com_x=-0.184
t= 27.50 max|qacc|=       8.2 max|qvel|=   0.13 ncon=  0 com_z=0.966 com_x=-0.184
t= 28.00 max|qacc|=       9.6 max|qvel|=   0.11 ncon=  0 com_z=0.966 com_x=-0.185
t= 28.50 max|qacc|=      20.3 max|qvel|=   0.17 ncon=  0 com_z=0.965 com_x=-0.185
t= 29.00 max|qacc|=      12.6 max|qvel|=   0.19 ncon=  0 com_z=0.966 com_x=-0.185
t= 29.50 max|qacc|=      19.9 max|qvel|=   0.10 ncon=  0 com_z=0.966 com_x=-0.185
t= 30.00 max|qacc|=      11.8 max|qvel|=   0.20 ncon=  0 com_z=0.966 com_x=-0.184
t= 30.50 max|qacc|=       8.4 max|qvel|=   0.14 ncon=  0 com_z=0.966 com_x=-0.184

== summary ==
pelvis/COM height: start 0.94 m, min 0.93 m, final 0.97 m  (stayed up)
COM x: min -0.22 max -0.11 final -0.18 m
COM y: min -0.024 max -0.003 m
RG_F_r bursts during walk window: 0
peak ctrl: [0.   0.68 0.68 0.83 0.42 0.45 0.71 0.   0.41 0.18 0.32 0.71 0.7  0.75
 0.41 0.5  0.67 0.35 0.39 0.25] (('vas_lat_r', 'med_gas_r', 'soleus_r', 'tib_ant_r', 'psoas_r', 'semimem_r', 'glut_max2_r', 'rect_fem_r', 'sar_r', 'grac_r', 'vas_lat_l', 'med_gas_l', 'soleus_l', 'tib_ant_l', 'psoas_l', 'semimem_l', 'glut_max2_l', 'rect_fem_l', 'sar_l', 'grac_l'))
  hip_flexion_r         18.7 ..    48.4 deg
  knee_angle_r         -75.1 ..    -3.9 deg
  ankle_angle_r        -56.9 ..    -1.7 deg
  hip_adduction_r        1.1 ..    16.4 deg
  subtalar_angle_r      -0.5 ..    10.2 deg
  hip_flexion_l        -16.6 ..    50.0 deg
  knee_angle_l         -76.5 ..    -8.2 deg
  ankle_angle_l        -61.7 ..     9.8 deg
  hip_adduction_l       -3.8 ..    17.5 deg
  subtalar_angle_l      -1.0 ..     9.9 deg
  pelvis_tilt           -1.9 ..     1.1 deg
  pelvis_list           -0.6 ..    -0.2 deg
  pelvis_rotation        2.2 ..     2.6 deg
saved spinal_run.npz
saved spinal_run.png
fitted baseline loaded: e2_pf=0.222 f1_df=0.098 f1_kf=0.148 post_kneext=0.011 post_hipext=0.068 desc_f=1.400 e2_adapt=1.700
start pose (normal.mot): applied 20 coordinates as given; IMU-metric torso lean -0.0 deg (+ = back)
standing solve: nnls x in [0.00, 0.70], >0.1: 14 muscles
  top: add_long_l=0.70, tib_ant_r=0.61, tib_ant_l=0.46, ext_dig_r=0.37, glut_min1_l=0.33, pect_l=0.32, glut_min2_l=0.31, ext_dig_l=0.25
Fmax range: 5..3396 N | L range sample: [0.229942 0.326094]
t=  1.00 max|qacc|=      55.7 max|qvel|=   4.69 ncon=  0 com_z=0.962 com_x=-0.194
t=  1.50 max|qacc|=      23.2 max|qvel|=   2.03 ncon=  0 com_z=0.948 com_x=-0.186
t=  2.00 max|qacc|=      47.2 max|qvel|=   0.73 ncon=  0 com_z=0.946 com_x=-0.178
t=  2.50 max|qacc|=      18.0 max|qvel|=   0.60 ncon=  0 com_z=0.946 com_x=-0.184
t=  3.00 max|qacc|=      40.0 max|qvel|=   0.45 ncon=  0 com_z=0.946 com_x=-0.179
t=  3.50 max|qacc|=      93.4 max|qvel|=   0.29 ncon=  0 com_z=0.946 com_x=-0.181
t=  4.00 max|qacc|=       7.5 max|qvel|=   0.09 ncon=  0 com_z=0.944 com_x=-0.177
t=  4.50 max|qacc|=      22.1 max|qvel|=   3.75 ncon=  0 com_z=0.946 com_x=-0.177
t=  5.00 max|qacc|=      22.7 max|qvel|=   1.00 ncon=  0 com_z=0.953 com_x=-0.182
t=  5.50 max|qacc|=      77.9 max|qvel|=   0.26 ncon=  0 com_z=0.949 com_x=-0.174
t=  6.00 max|qacc|=      35.6 max|qvel|=   0.54 ncon=  0 com_z=0.950 com_x=-0.177
t=  6.50 max|qacc|=      18.8 max|qvel|=   0.37 ncon=  0 com_z=0.949 com_x=-0.176
t=  7.00 max|qacc|=      78.5 max|qvel|=   0.21 ncon=  0 com_z=0.949 com_x=-0.177
t=  7.50 max|qacc|=      89.8 max|qvel|=   0.21 ncon=  0 com_z=0.949 com_x=-0.177
t=  8.00 max|qacc|=      44.7 max|qvel|=   0.47 ncon=  0 com_z=0.950 com_x=-0.176
t=  8.50 max|qacc|=     601.7 max|qvel|=   0.86 ncon=  0 com_z=0.950 com_x=-0.176
t=  9.00 max|qacc|=      50.1 max|qvel|=   0.26 ncon=  0 com_z=0.950 com_x=-0.176
t=  9.50 max|qacc|=      49.3 max|qvel|=   0.20 ncon=  0 com_z=0.949 com_x=-0.177
t= 10.00 max|qacc|=      62.6 max|qvel|=   0.38 ncon=  0 com_z=0.949 com_x=-0.177
t= 10.50 max|qacc|=      54.8 max|qvel|=   0.53 ncon=  0 com_z=0.950 com_x=-0.176
t= 11.00 max|qacc|=      86.5 max|qvel|=   0.33 ncon=  0 com_z=0.950 com_x=-0.176
t= 11.50 max|qacc|=      87.1 max|qvel|=   0.38 ncon=  0 com_z=0.949 com_x=-0.176
t= 12.00 max|qacc|=      38.0 max|qvel|=   0.39 ncon=  0 com_z=0.949 com_x=-0.177
t= 12.50 max|qacc|=     131.5 max|qvel|=   0.42 ncon=  0 com_z=0.949 com_x=-0.177
t= 13.00 max|qacc|=      44.0 max|qvel|=   0.52 ncon=  0 com_z=0.950 com_x=-0.176
t= 13.50 max|qacc|=      25.6 max|qvel|=   0.37 ncon=  0 com_z=0.950 com_x=-0.176
t= 14.00 max|qacc|=      63.5 max|qvel|=   0.31 ncon=  0 com_z=0.950 com_x=-0.176
t= 14.50 max|qacc|=      20.9 max|qvel|=   0.12 ncon=  0 com_z=0.949 com_x=-0.177
t= 15.00 max|qacc|=      28.0 max|qvel|=   0.40 ncon=  0 com_z=0.949 com_x=-0.177
t= 15.50 max|qacc|=      80.9 max|qvel|=   0.51 ncon=  0 com_z=0.950 com_x=-0.178
t= 16.00 max|qacc|=     218.6 max|qvel|=   0.33 ncon=  0 com_z=0.952 com_x=-0.181
t= 16.50 max|qacc|=      64.5 max|qvel|=   0.50 ncon=  0 com_z=0.951 com_x=-0.181
t= 17.00 max|qacc|=      21.1 max|qvel|=   0.16 ncon=  0 com_z=0.950 com_x=-0.184
t= 17.50 max|qacc|=      16.6 max|qvel|=   0.76 ncon=  0 com_z=0.950 com_x=-0.185
t= 18.00 max|qacc|=      38.8 max|qvel|=   0.67 ncon=  0 com_z=0.946 com_x=-0.179
t= 18.50 max|qacc|=      93.9 max|qvel|=   0.82 ncon=  0 com_z=0.946 com_x=-0.181
t= 19.00 max|qacc|=      34.5 max|qvel|=   0.34 ncon=  0 com_z=0.946 com_x=-0.180
t= 19.50 max|qacc|=      28.1 max|qvel|=   0.18 ncon=  0 com_z=0.947 com_x=-0.180
t= 20.00 max|qacc|=       9.6 max|qvel|=   0.13 ncon=  0 com_z=0.946 com_x=-0.180
t= 20.50 max|qacc|=      26.5 max|qvel|=   0.21 ncon=  0 com_z=0.946 com_x=-0.181
t= 21.00 max|qacc|=     106.7 max|qvel|=   0.12 ncon=  0 com_z=0.946 com_x=-0.180
t= 21.50 max|qacc|=      12.9 max|qvel|=   0.17 ncon=  0 com_z=0.946 com_x=-0.180
t= 22.00 max|qacc|=      18.3 max|qvel|=   0.16 ncon=  0 com_z=0.946 com_x=-0.181
t= 22.50 max|qacc|=      19.1 max|qvel|=   0.15 ncon=  0 com_z=0.946 com_x=-0.181
t= 23.00 max|qacc|=      67.0 max|qvel|=   0.17 ncon=  0 com_z=0.946 com_x=-0.180
t= 23.50 max|qacc|=      68.3 max|qvel|=   0.40 ncon=  0 com_z=0.946 com_x=-0.180
t= 24.00 max|qacc|=      18.0 max|qvel|=   0.19 ncon=  0 com_z=0.946 com_x=-0.181
t= 24.50 max|qacc|=      13.9 max|qvel|=   0.19 ncon=  0 com_z=0.946 com_x=-0.180
t= 25.00 max|qacc|=      23.9 max|qvel|=   0.10 ncon=  0 com_z=0.946 com_x=-0.180
t= 25.50 max|qacc|=      16.9 max|qvel|=   0.22 ncon=  0 com_z=0.946 com_x=-0.181
t= 26.00 max|qacc|=      69.1 max|qvel|=   0.15 ncon=  0 com_z=0.946 com_x=-0.180
t= 26.50 max|qacc|=     130.4 max|qvel|=   0.19 ncon=  0 com_z=0.946 com_x=-0.180
t= 27.00 max|qacc|=      56.6 max|qvel|=   0.25 ncon=  0 com_z=0.946 com_x=-0.181
t= 27.50 max|qacc|=      28.9 max|qvel|=   0.22 ncon=  0 com_z=0.946 com_x=-0.180
t= 28.00 max|qacc|=      35.4 max|qvel|=   0.14 ncon=  0 com_z=0.946 com_x=-0.180
t= 28.50 max|qacc|=      84.4 max|qvel|=   0.24 ncon=  0 com_z=0.946 com_x=-0.181
t= 29.00 max|qacc|=      11.8 max|qvel|=   0.13 ncon=  0 com_z=0.946 com_x=-0.181
t= 29.50 max|qacc|=      19.8 max|qvel|=   0.18 ncon=  0 com_z=0.946 com_x=-0.180
t= 30.00 max|qacc|=      13.2 max|qvel|=   0.09 ncon=  0 com_z=0.946 com_x=-0.181
t= 30.50 max|qacc|=      16.9 max|qvel|=   0.25 ncon=  0 com_z=0.946 com_x=-0.181

== summary ==
pelvis/COM height: start 0.94 m, min 0.93 m, final 0.95 m  (stayed up)
COM x: min -0.20 max -0.11 final -0.18 m
COM y: min -0.042 max -0.003 m
RG_F_r bursts during walk window: 0
peak ctrl: [0.44 0.76 0.74 0.86 0.32 0.48 0.7  0.51 0.32 0.18 0.5  0.79 0.76 0.78
 0.39 0.49 0.68 0.55 0.39 0.21] (('vas_lat_r', 'med_gas_r', 'soleus_r', 'tib_ant_r', 'psoas_r', 'semimem_r', 'glut_max2_r', 'rect_fem_r', 'sar_r', 'grac_r', 'vas_lat_l', 'med_gas_l', 'soleus_l', 'tib_ant_l', 'psoas_l', 'semimem_l', 'glut_max2_l', 'rect_fem_l', 'sar_l', 'grac_l'))
  hip_flexion_r         20.2 ..    41.9 deg
  knee_angle_r         -58.4 ..    10.2 deg
  ankle_angle_r        -60.6 ..    -1.7 deg
  hip_adduction_r        1.1 ..    15.8 deg
  subtalar_angle_r      -1.3 ..     8.0 deg
  hip_flexion_l        -16.6 ..    55.2 deg
  knee_angle_l          -8.2 ..    10.3 deg
  ankle_angle_l        -73.9 ..     9.8 deg
  hip_adduction_l      -15.2 ..     9.2 deg
  subtalar_angle_l      -2.3 ..     6.0 deg
  pelvis_tilt           -1.9 ..     0.6 deg
  pelvis_list           -0.6 ..     0.0 deg
  pelvis_rotation        2.2 ..     2.7 deg
saved spinal_run.npz
(plot skipped: [Errno 22] Invalid argument: 'D:\\Github\\Bipedal_Robot\\Code\\MuJoCo_SNS\\spinal\\spinal_run.png')
fitted baseline loaded: e2_pf=0.222 f1_df=0.098 f1_kf=0.148 post_kneext=0.011 post_hipext=0.068 desc_f=1.400 e2_adapt=1.700
start pose (normal.mot): applied 20 coordinates as given; IMU-metric torso lean -0.0 deg (+ = back)
standing solve: nnls x in [0.00, 0.70], >0.1: 14 muscles
  top: add_long_l=0.70, tib_ant_r=0.61, tib_ant_l=0.46, ext_dig_r=0.37, glut_min1_l=0.33, pect_l=0.32, glut_min2_l=0.31, ext_dig_l=0.25
Fmax range: 5..3396 N | L range sample: [0.229942 0.326094]
t=  1.00 max|qacc|=      24.2 max|qvel|=   2.62 ncon=  0 com_z=0.986 com_x=-0.187
t=  1.50 max|qacc|=      24.7 max|qvel|=   1.00 ncon=  0 com_z=0.951 com_x=-0.165
t=  2.00 max|qacc|=      17.4 max|qvel|=   0.41 ncon=  0 com_z=0.973 com_x=-0.191
t=  2.50 max|qacc|=      19.5 max|qvel|=   0.49 ncon=  0 com_z=0.962 com_x=-0.175
t=  3.00 max|qacc|=      13.5 max|qvel|=   0.48 ncon=  0 com_z=0.965 com_x=-0.182
t=  3.50 max|qacc|=       5.6 max|qvel|=   0.30 ncon=  0 com_z=0.966 com_x=-0.180
t=  4.00 max|qacc|=      18.0 max|qvel|=   0.16 ncon=  0 com_z=0.970 com_x=-0.184
t=  4.50 max|qacc|=      10.5 max|qvel|=   0.16 ncon=  0 com_z=0.968 com_x=-0.181
t=  5.00 max|qacc|=       8.0 max|qvel|=   0.14 ncon=  0 com_z=0.969 com_x=-0.180
t=  5.50 max|qacc|=       5.4 max|qvel|=   0.11 ncon=  0 com_z=0.968 com_x=-0.178
t=  6.00 max|qacc|=      19.7 max|qvel|=   0.13 ncon=  0 com_z=0.968 com_x=-0.179
t=  6.50 max|qacc|=      14.2 max|qvel|=   0.19 ncon=  0 com_z=0.968 com_x=-0.179
t=  7.00 max|qacc|=      16.3 max|qvel|=   0.08 ncon=  0 com_z=0.968 com_x=-0.178
t=  7.50 max|qacc|=      11.2 max|qvel|=   0.15 ncon=  0 com_z=0.968 com_x=-0.178
t=  8.00 max|qacc|=       8.5 max|qvel|=   0.14 ncon=  0 com_z=0.968 com_x=-0.178
t=  8.50 max|qacc|=       4.5 max|qvel|=   0.11 ncon=  0 com_z=0.968 com_x=-0.178
t=  9.00 max|qacc|=      19.5 max|qvel|=   0.14 ncon=  0 com_z=0.968 com_x=-0.178
t=  9.50 max|qacc|=      15.1 max|qvel|=   0.20 ncon=  0 com_z=0.968 com_x=-0.179
t= 10.00 max|qacc|=      15.6 max|qvel|=   0.09 ncon=  0 com_z=0.968 com_x=-0.178
t= 10.50 max|qacc|=      11.4 max|qvel|=   0.15 ncon=  0 com_z=0.968 com_x=-0.178
t= 11.00 max|qacc|=       8.5 max|qvel|=   0.14 ncon=  0 com_z=0.968 com_x=-0.178
t= 11.50 max|qacc|=       4.4 max|qvel|=   0.10 ncon=  0 com_z=0.968 com_x=-0.178
t= 12.00 max|qacc|=      19.3 max|qvel|=   0.14 ncon=  0 com_z=0.968 com_x=-0.178
t= 12.50 max|qacc|=      15.6 max|qvel|=   0.20 ncon=  0 com_z=0.968 com_x=-0.179
t= 13.00 max|qacc|=      14.8 max|qvel|=   0.09 ncon=  0 com_z=0.968 com_x=-0.178
t= 13.50 max|qacc|=      12.1 max|qvel|=   0.16 ncon=  0 com_z=0.968 com_x=-0.178
t= 14.00 max|qacc|=       8.4 max|qvel|=   0.15 ncon=  0 com_z=0.968 com_x=-0.178
t= 14.50 max|qacc|=       4.7 max|qvel|=   0.09 ncon=  0 com_z=0.968 com_x=-0.178
t= 15.00 max|qacc|=      19.0 max|qvel|=   0.14 ncon=  0 com_z=0.968 com_x=-0.178
t= 15.50 max|qacc|=      16.0 max|qvel|=   0.20 ncon=  0 com_z=0.968 com_x=-0.179
t= 16.00 max|qacc|=      12.6 max|qvel|=   0.13 ncon=  0 com_z=0.969 com_x=-0.182
t= 16.50 max|qacc|=      16.0 max|qvel|=   0.14 ncon=  0 com_z=0.969 com_x=-0.182
t= 17.00 max|qacc|=       8.4 max|qvel|=   0.16 ncon=  0 com_z=0.969 com_x=-0.183
t= 17.50 max|qacc|=       6.5 max|qvel|=   0.08 ncon=  0 com_z=0.970 com_x=-0.184
t= 18.00 max|qacc|=      18.3 max|qvel|=   0.16 ncon=  0 com_z=0.969 com_x=-0.184
t= 18.50 max|qacc|=      15.2 max|qvel|=   0.20 ncon=  0 com_z=0.969 com_x=-0.185
t= 19.00 max|qacc|=      15.7 max|qvel|=   0.09 ncon=  0 com_z=0.970 com_x=-0.184
t= 19.50 max|qacc|=      11.4 max|qvel|=   0.18 ncon=  0 com_z=0.970 com_x=-0.184
t= 20.00 max|qacc|=       8.3 max|qvel|=   0.14 ncon=  0 com_z=0.970 com_x=-0.184
t= 20.50 max|qacc|=       8.2 max|qvel|=   0.13 ncon=  0 com_z=0.970 com_x=-0.184
t= 21.00 max|qacc|=      18.9 max|qvel|=   0.16 ncon=  0 com_z=0.969 com_x=-0.185
t= 21.50 max|qacc|=       8.5 max|qvel|=   0.16 ncon=  0 com_z=0.970 com_x=-0.185
t= 22.00 max|qacc|=      19.0 max|qvel|=   0.12 ncon=  0 com_z=0.970 com_x=-0.184
t= 22.50 max|qacc|=       9.6 max|qvel|=   0.16 ncon=  0 com_z=0.970 com_x=-0.184
t= 23.00 max|qacc|=       7.1 max|qvel|=   0.11 ncon=  0 com_z=0.970 com_x=-0.184
t= 23.50 max|qacc|=      14.9 max|qvel|=   0.16 ncon=  0 com_z=0.970 com_x=-0.184
t= 24.00 max|qacc|=      17.7 max|qvel|=   0.20 ncon=  0 com_z=0.969 com_x=-0.185
t= 24.50 max|qacc|=       9.8 max|qvel|=   0.10 ncon=  0 com_z=0.970 com_x=-0.185
t= 25.00 max|qacc|=      16.1 max|qvel|=   0.16 ncon=  0 com_z=0.970 com_x=-0.184
t= 25.50 max|qacc|=       8.3 max|qvel|=   0.15 ncon=  0 com_z=0.970 com_x=-0.184
t= 26.00 max|qacc|=       6.3 max|qvel|=   0.08 ncon=  0 com_z=0.970 com_x=-0.184
t= 26.50 max|qacc|=      18.8 max|qvel|=   0.16 ncon=  0 com_z=0.969 com_x=-0.184
t= 27.00 max|qacc|=      14.1 max|qvel|=   0.19 ncon=  0 com_z=0.970 com_x=-0.185
t= 27.50 max|qacc|=      16.7 max|qvel|=   0.09 ncon=  0 com_z=0.970 com_x=-0.184
t= 28.00 max|qacc|=      11.1 max|qvel|=   0.18 ncon=  0 com_z=0.970 com_x=-0.184
t= 28.50 max|qacc|=       8.2 max|qvel|=   0.13 ncon=  0 com_z=0.970 com_x=-0.184
t= 29.00 max|qacc|=       9.5 max|qvel|=   0.14 ncon=  0 com_z=0.970 com_x=-0.184
t= 29.50 max|qacc|=      18.5 max|qvel|=   0.17 ncon=  0 com_z=0.969 com_x=-0.185
t= 30.00 max|qacc|=       6.9 max|qvel|=   0.15 ncon=  0 com_z=0.970 com_x=-0.185
t= 30.50 max|qacc|=      18.9 max|qvel|=   0.13 ncon=  0 com_z=0.970 com_x=-0.184

== summary ==
pelvis/COM height: start 0.94 m, min 0.93 m, final 0.97 m  (stayed up)
COM x: min -0.21 max -0.11 final -0.18 m
COM y: min -0.018 max -0.003 m
RG_F_r bursts during walk window: 9
peak ctrl: [0.   0.68 0.65 0.8  0.37 0.47 0.69 0.   0.37 0.18 0.   0.7  0.68 0.75
 0.39 0.49 0.66 0.   0.37 0.21] (('vas_lat_r', 'med_gas_r', 'soleus_r', 'tib_ant_r', 'psoas_r', 'semimem_r', 'glut_max2_r', 'rect_fem_r', 'sar_r', 'grac_r', 'vas_lat_l', 'med_gas_l', 'soleus_l', 'tib_ant_l', 'psoas_l', 'semimem_l', 'glut_max2_l', 'rect_fem_l', 'sar_l', 'grac_l'))
  hip_flexion_r         11.0 ..    35.0 deg
  knee_angle_r         -86.6 ..    -3.9 deg
  ankle_angle_r        -56.7 ..    -1.7 deg
  hip_adduction_r        1.1 ..    13.6 deg
  subtalar_angle_r      -0.1 ..    14.7 deg
  hip_flexion_l        -17.0 ..    40.3 deg
  knee_angle_l         -86.0 ..    -8.2 deg
  ankle_angle_l        -61.4 ..     9.8 deg
  hip_adduction_l       -1.0 ..    16.9 deg
  subtalar_angle_l      -0.6 ..    15.7 deg
  pelvis_tilt           -1.9 ..     0.7 deg
  pelvis_list           -0.5 ..    -0.3 deg
  pelvis_rotation        2.3 ..     2.5 deg
saved spinal_run.npz
saved spinal_run.png
== stage 2 best 36.906 (trial 19)
{
 "drive": 1.569237342106791,
 "rg_nap_h": 0.4776233972474676,
 "desc_e": 1.643339643789235,
 "desc_f": 1.6924864774966912,
 "rg_to_pf": 2.6670469055546167,
 "heel_rge": 0.47031390465304856,
 "toe_rge": 0.46487300563382516,
 "ib_e_central": 0.4894152121112667,
 "ia_f_central": 0.7513298044933997,
 "ii_f_central": 0.464261575111244,
 "ii_e_central": 0.156735648352081,
 "c1_gain": 0.4887710757919779,
 "v3_gain": 0.29480863444841554
}
saved curriculum_stage2.json
seeded
fitted baseline loaded: e2_pf=0.222 f1_df=0.098 f1_kf=0.148 post_kneext=0.011 post_hipext=0.068 desc_f=1.400 e2_adapt=1.700
start pose (normal.mot): applied 20 coordinates as given; IMU-metric torso lean -0.0 deg (+ = back)
standing solve: nnls x in [0.00, 0.70], >0.1: 14 muscles
  top: add_long_l=0.70, tib_ant_r=0.61, tib_ant_l=0.46, ext_dig_r=0.37, glut_min1_l=0.33, pect_l=0.32, glut_min2_l=0.31, ext_dig_l=0.25
Fmax range: 5..3396 N | L range sample: [0.229942 0.326094]
fitted baseline loaded: e2_pf=0.222 f1_df=0.098 f1_kf=0.148 post_kneext=0.011 post_hipext=0.068 desc_f=1.400 e2_adapt=1.700
start pose (normal.mot): applied 20 coordinates as given; IMU-metric torso lean -0.0 deg (+ = back)
standing solve: nnls x in [0.00, 0.70], >0.1: 14 muscles
  top: add_long_l=0.70, tib_ant_r=0.61, tib_ant_l=0.46, ext_dig_r=0.37, glut_min1_l=0.33, pect_l=0.32, glut_min2_l=0.31, ext_dig_l=0.25
Fmax range: 5..3396 N | L range sample: [0.229942 0.326094]
fitted baseline loaded: e2_pf=0.222 f1_df=0.098 f1_kf=0.148 post_kneext=0.011 post_hipext=0.068 desc_f=1.400 e2_adapt=1.700
start pose (normal.mot): applied 20 coordinates as given; IMU-metric torso lean -0.0 deg (+ = back)
standing solve: nnls x in [0.00, 0.70], >0.1: 14 muscles
  top: add_long_l=0.70, tib_ant_r=0.61, tib_ant_l=0.46, ext_dig_r=0.37, glut_min1_l=0.33, pect_l=0.32, glut_min2_l=0.31, ext_dig_l=0.25
Fmax range: 5..3396 N | L range sample: [0.229942 0.326094]
fitted baseline loaded: e2_pf=0.222 f1_df=0.098 f1_kf=0.148 post_kneext=0.011 post_hipext=0.068 desc_f=1.400 e2_adapt=1.700
start pose (normal.mot): applied 20 coordinates as given; IMU-metric torso lean -0.0 deg (+ = back)
standing solve: nnls x in [0.00, 0.70], >0.1: 14 muscles
  top: add_long_l=0.70, tib_ant_r=0.61, tib_ant_l=0.46, ext_dig_r=0.37, glut_min1_l=0.33, pect_l=0.32, glut_min2_l=0.31, ext_dig_l=0.25
Fmax range: 5..3396 N | L range sample: [0.229942 0.326094]
fitted baseline loaded: e2_pf=0.222 f1_df=0.098 f1_kf=0.148 post_kneext=0.011 post_hipext=0.068 desc_f=1.400 e2_adapt=1.700
start pose (normal.mot): applied 20 coordinates as given; IMU-metric torso lean -0.0 deg (+ = back)
standing solve: nnls x in [0.00, 0.70], >0.1: 14 muscles
  top: add_long_l=0.70, tib_ant_r=0.61, tib_ant_l=0.46, ext_dig_r=0.37, glut_min1_l=0.33, pect_l=0.32, glut_min2_l=0.31, ext_dig_l=0.25
Fmax range: 5..3396 N | L range sample: [0.229942 0.326094]
fitted baseline loaded: e2_pf=0.222 f1_df=0.098 f1_kf=0.148 post_kneext=0.011 post_hipext=0.068 desc_f=1.400 e2_adapt=1.700
start pose (normal.mot): applied 20 coordinates as given; IMU-metric torso lean -0.0 deg (+ = back)
standing solve: nnls x in [0.00, 0.70], >0.1: 14 muscles
  top: add_long_l=0.70, tib_ant_r=0.61, tib_ant_l=0.46, ext_dig_r=0.37, glut_min1_l=0.33, pect_l=0.32, glut_min2_l=0.31, ext_dig_l=0.25
Fmax range: 5..3396 N | L range sample: [0.229942 0.326094]
fitted baseline loaded: e2_pf=0.222 f1_df=0.098 f1_kf=0.148 post_kneext=0.011 post_hipext=0.068 desc_f=1.400 e2_adapt=1.700
start pose (normal.mot): applied 20 coordinates as given; IMU-metric torso lean -0.0 deg (+ = back)
standing solve: nnls x in [0.00, 0.70], >0.1: 14 muscles
  top: add_long_l=0.70, tib_ant_r=0.61, tib_ant_l=0.46, ext_dig_r=0.37, glut_min1_l=0.33, pect_l=0.32, glut_min2_l=0.31, ext_dig_l=0.25
Fmax range: 5..3396 N | L range sample: [0.229942 0.326094]
fitted baseline loaded: e2_pf=0.222 f1_df=0.098 f1_kf=0.148 post_kneext=0.011 post_hipext=0.068 desc_f=1.400 e2_adapt=1.700
start pose (normal.mot): applied 20 coordinates as given; IMU-metric torso lean -0.0 deg (+ = back)
standing solve: nnls x in [0.00, 0.70], >0.1: 14 muscles
  top: add_long_l=0.70, tib_ant_r=0.61, tib_ant_l=0.46, ext_dig_r=0.37, glut_min1_l=0.33, pect_l=0.32, glut_min2_l=0.31, ext_dig_l=0.25
Fmax range: 5..3396 N | L range sample: [0.229942 0.326094]
fitted baseline loaded: e2_pf=0.222 f1_df=0.098 f1_kf=0.148 post_kneext=0.011 post_hipext=0.068 desc_f=1.400 e2_adapt=1.700
start pose (normal.mot): applied 20 coordinates as given; IMU-metric torso lean -0.0 deg (+ = back)
standing solve: nnls x in [0.00, 0.70], >0.1: 14 muscles
  top: add_long_l=0.70, tib_ant_r=0.61, tib_ant_l=0.46, ext_dig_r=0.37, glut_min1_l=0.33, pect_l=0.32, glut_min2_l=0.31, ext_dig_l=0.25
Fmax range: 5..3396 N | L range sample: [0.229942 0.326094]
fitted baseline loaded: e2_pf=0.222 f1_df=0.098 f1_kf=0.148 post_kneext=0.011 post_hipext=0.068 desc_f=1.400 e2_adapt=1.700
start pose (normal.mot): applied 20 coordinates as given; IMU-metric torso lean -0.0 deg (+ = back)
standing solve: nnls x in [0.00, 0.70], >0.1: 14 muscles
  top: add_long_l=0.70, tib_ant_r=0.61, tib_ant_l=0.46, ext_dig_r=0.37, glut_min1_l=0.33, pect_l=0.32, glut_min2_l=0.31, ext_dig_l=0.25
Fmax range: 5..3396 N | L range sample: [0.229942 0.326094]
fitted baseline loaded: e2_pf=0.222 f1_df=0.098 f1_kf=0.148 post_kneext=0.011 post_hipext=0.068 desc_f=1.400 e2_adapt=1.700
start pose (normal.mot): applied 20 coordinates as given; IMU-metric torso lean -0.0 deg (+ = back)
standing solve: nnls x in [0.00, 0.70], >0.1: 14 muscles
  top: add_long_l=0.70, tib_ant_r=0.61, tib_ant_l=0.46, ext_dig_r=0.37, glut_min1_l=0.33, pect_l=0.32, glut_min2_l=0.31, ext_dig_l=0.25
Fmax range: 5..3396 N | L range sample: [0.229942 0.326094]
fitted baseline loaded: e2_pf=0.222 f1_df=0.098 f1_kf=0.148 post_kneext=0.011 post_hipext=0.068 desc_f=1.400 e2_adapt=1.700
start pose (normal.mot): applied 20 coordinates as given; IMU-metric torso lean -0.0 deg (+ = back)
standing solve: nnls x in [0.00, 0.70], >0.1: 14 muscles
  top: add_long_l=0.70, tib_ant_r=0.61, tib_ant_l=0.46, ext_dig_r=0.37, glut_min1_l=0.33, pect_l=0.32, glut_min2_l=0.31, ext_dig_l=0.25
Fmax range: 5..3396 N | L range sample: [0.229942 0.326094]
fitted baseline loaded: e2_pf=0.222 f1_df=0.098 f1_kf=0.148 post_kneext=0.011 post_hipext=0.068 desc_f=1.400 e2_adapt=1.700
start pose (normal.mot): applied 20 coordinates as given; IMU-metric torso lean -0.0 deg (+ = back)
standing solve: nnls x in [0.00, 0.70], >0.1: 14 muscles
  top: add_long_l=0.70, tib_ant_r=0.61, tib_ant_l=0.46, ext_dig_r=0.37, glut_min1_l=0.33, pect_l=0.32, glut_min2_l=0.31, ext_dig_l=0.25
Fmax range: 5..3396 N | L range sample: [0.229942 0.326094]
fitted baseline loaded: e2_pf=0.222 f1_df=0.098 f1_kf=0.148 post_kneext=0.011 post_hipext=0.068 desc_f=1.400 e2_adapt=1.700
start pose (normal.mot): applied 20 coordinates as given; IMU-metric torso lean -0.0 deg (+ = back)
standing solve: nnls x in [0.00, 0.70], >0.1: 14 muscles
  top: add_long_l=0.70, tib_ant_r=0.61, tib_ant_l=0.46, ext_dig_r=0.37, glut_min1_l=0.33, pect_l=0.32, glut_min2_l=0.31, ext_dig_l=0.25
Fmax range: 5..3396 N | L range sample: [0.229942 0.326094]
fitted baseline loaded: e2_pf=0.222 f1_df=0.098 f1_kf=0.148 post_kneext=0.011 post_hipext=0.068 desc_f=1.400 e2_adapt=1.700
start pose (normal.mot): applied 20 coordinates as given; IMU-metric torso lean -0.0 deg (+ = back)
standing solve: nnls x in [0.00, 0.70], >0.1: 14 muscles
  top: add_long_l=0.70, tib_ant_r=0.61, tib_ant_l=0.46, ext_dig_r=0.37, glut_min1_l=0.33, pect_l=0.32, glut_min2_l=0.31, ext_dig_l=0.25
Fmax range: 5..3396 N | L range sample: [0.229942 0.326094]
fitted baseline loaded: e2_pf=0.222 f1_df=0.098 f1_kf=0.148 post_kneext=0.011 post_hipext=0.068 desc_f=1.400 e2_adapt=1.700
start pose (normal.mot): applied 20 coordinates as given; IMU-metric torso lean -0.0 deg (+ = back)
standing solve: nnls x in [0.00, 0.70], >0.1: 14 muscles
  top: add_long_l=0.70, tib_ant_r=0.61, tib_ant_l=0.46, ext_dig_r=0.37, glut_min1_l=0.33, pect_l=0.32, glut_min2_l=0.31, ext_dig_l=0.25
Fmax range: 5..3396 N | L range sample: [0.229942 0.326094]
fitted baseline loaded: e2_pf=0.222 f1_df=0.098 f1_kf=0.148 post_kneext=0.011 post_hipext=0.068 desc_f=1.400 e2_adapt=1.700
start pose (normal.mot): applied 20 coordinates as given; IMU-metric torso lean -0.0 deg (+ = back)
standing solve: nnls x in [0.00, 0.70], >0.1: 14 muscles
  top: add_long_l=0.70, tib_ant_r=0.61, tib_ant_l=0.46, ext_dig_r=0.37, glut_min1_l=0.33, pect_l=0.32, glut_min2_l=0.31, ext_dig_l=0.25
Fmax range: 5..3396 N | L range sample: [0.229942 0.326094]
fitted baseline loaded: e2_pf=0.222 f1_df=0.098 f1_kf=0.148 post_kneext=0.011 post_hipext=0.068 desc_f=1.400 e2_adapt=1.700
start pose (normal.mot): applied 20 coordinates as given; IMU-metric torso lean -0.0 deg (+ = back)
standing solve: nnls x in [0.00, 0.70], >0.1: 14 muscles
  top: add_long_l=0.70, tib_ant_r=0.61, tib_ant_l=0.46, ext_dig_r=0.37, glut_min1_l=0.33, pect_l=0.32, glut_min2_l=0.31, ext_dig_l=0.25
Fmax range: 5..3396 N | L range sample: [0.229942 0.326094]
fitted baseline loaded: e2_pf=0.222 f1_df=0.098 f1_kf=0.148 post_kneext=0.011 post_hipext=0.068 desc_f=1.400 e2_adapt=1.700
start pose (normal.mot): applied 20 coordinates as given; IMU-metric torso lean -0.0 deg (+ = back)
standing solve: nnls x in [0.00, 0.70], >0.1: 14 muscles
  top: add_long_l=0.70, tib_ant_r=0.61, tib_ant_l=0.46, ext_dig_r=0.37, glut_min1_l=0.33, pect_l=0.32, glut_min2_l=0.31, ext_dig_l=0.25
Fmax range: 5..3396 N | L range sample: [0.229942 0.326094]
fitted baseline loaded: e2_pf=0.222 f1_df=0.098 f1_kf=0.148 post_kneext=0.011 post_hipext=0.068 desc_f=1.400 e2_adapt=1.700
start pose (normal.mot): applied 20 coordinates as given; IMU-metric torso lean -0.0 deg (+ = back)
[W 2026-09-18 13:49:48,295] Trial 19 failed with parameters: {'drive': 2.237314704251367, 'rg_nap_h': 0.55788695408837, 'desc_e': 1.6524193406823668, 'desc_f': 1.4156651680001888, 'rg_to_pf': 2.5908452651887712, 'heel_rge': 0.5107859592739177, 'toe_rge': 0.2722809533595465, 'ib_e_central': 0.49707681402615445, 'ia_f_central': 0.9892923487097346, 'ii_f_central': 0.5684928400610441, 'ii_e_central': 0.23493366616876052, 'c1_gain': 0.6316864801823867, 'v3_gain': 0.3960335677943287, 'ib_rge': 0.8439197645648886, 'ia_in': 1.0389630969382508, 'ia_f_contra_f': 0.7580179715644115, 'v3_to_ibexc': 0.19546545513280303, 'ankle_post_walk_trim': 0.15216574832252458} because of the following error: OSError(22, 'Invalid argument').
Traceback (most recent call last):
  File "C:\Users\Ben Bolen\.conda\envs\myo\lib\site-packages\optuna\study\_optimize.py", line 206, in _run_trial
    value_or_values = func(trial)
  File "D:\Github\Bipedal_Robot\Code\MuJoCo_SNS\spinal\_curriculum.py", line 119, in obj
    m = R.main(["--eval", "--drive", repr(p["drive"])])
  File "D:\Github\Bipedal_Robot\Code\MuJoCo_SNS\spinal\runner.py", line 1206, in main
    np.savez_compressed(HERE / "spinal_run.npz", t=log_t, act=log_act,
  File "<__array_function__ internals>", line 180, in savez_compressed
  File "C:\Users\Ben Bolen\.conda\envs\myo\lib\site-packages\numpy\lib\npyio.py", line 683, in savez_compressed
    _savez(file, args, kwds, True)
  File "C:\Users\Ben Bolen\.conda\envs\myo\lib\site-packages\numpy\lib\npyio.py", line 709, in _savez
    zipf = zipfile_factory(file, mode="w", compression=compression)
  File "C:\Users\Ben Bolen\.conda\envs\myo\lib\site-packages\numpy\lib\npyio.py", line 101, in zipfile_factory
    return zipfile.ZipFile(file, *args, **kwargs)
  File "C:\Users\Ben Bolen\.conda\envs\myo\lib\zipfile.py", line 1271, in __init__
    self.fp = io.open(file, filemode)
OSError: [Errno 22] Invalid argument: 'D:\\Github\\Bipedal_Robot\\Code\\MuJoCo_SNS\\spinal\\spinal_run.npz'
[W 2026-09-18 13:49:48,332] Trial 19 failed with value None.
standing solve: nnls x in [0.00, 0.70], >0.1: 14 muscles
  top: add_long_l=0.70, tib_ant_r=0.61, tib_ant_l=0.46, ext_dig_r=0.37, glut_min1_l=0.33, pect_l=0.32, glut_min2_l=0.31, ext_dig_l=0.25
Fmax range: 5..3396 N | L range sample: [0.229942 0.326094]
Traceback (most recent call last):
  File "D:\Github\Bipedal_Robot\Code\MuJoCo_SNS\spinal\_curriculum.py", line 177, in <module>
    main()
  File "D:\Github\Bipedal_Robot\Code\MuJoCo_SNS\spinal\_curriculum.py", line 165, in main
    study.optimize(objective(stage), n_trials=n, gc_after_trial=True)
  File "C:\Users\Ben Bolen\.conda\envs\myo\lib\site-packages\optuna\study\study.py", line 502, in optimize
    _optimize(
  File "C:\Users\Ben Bolen\.conda\envs\myo\lib\site-packages\optuna\study\_optimize.py", line 68, in _optimize
    _optimize_sequential(
  File "C:\Users\Ben Bolen\.conda\envs\myo\lib\site-packages\optuna\study\_optimize.py", line 165, in _optimize_sequential
    frozen_trial_id = _run_trial(study, func, catch)
  File "C:\Users\Ben Bolen\.conda\envs\myo\lib\site-packages\optuna\study\_optimize.py", line 263, in _run_trial
    raise func_err
  File "C:\Users\Ben Bolen\.conda\envs\myo\lib\site-packages\optuna\study\_optimize.py", line 206, in _run_trial
    value_or_values = func(trial)
  File "D:\Github\Bipedal_Robot\Code\MuJoCo_SNS\spinal\_curriculum.py", line 119, in obj
    m = R.main(["--eval", "--drive", repr(p["drive"])])
  File "D:\Github\Bipedal_Robot\Code\MuJoCo_SNS\spinal\runner.py", line 1206, in main
    np.savez_compressed(HERE / "spinal_run.npz", t=log_t, act=log_act,
  File "<__array_function__ internals>", line 180, in savez_compressed
  File "C:\Users\Ben Bolen\.conda\envs\myo\lib\site-packages\numpy\lib\npyio.py", line 683, in savez_compressed
    _savez(file, args, kwds, True)
  File "C:\Users\Ben Bolen\.conda\envs\myo\lib\site-packages\numpy\lib\npyio.py", line 709, in _savez
    zipf = zipfile_factory(file, mode="w", compression=compression)
  File "C:\Users\Ben Bolen\.conda\envs\myo\lib\site-packages\numpy\lib\npyio.py", line 101, in zipfile_factory
    return zipfile.ZipFile(file, *args, **kwargs)
  File "C:\Users\Ben Bolen\.conda\envs\myo\lib\zipfile.py", line 1271, in __init__
    self.fp = io.open(file, filemode)
OSError: [Errno 22] Invalid argument: 'D:\\Github\\Bipedal_Robot\\Code\\MuJoCo_SNS\\spinal\\spinal_run.npz'
fitted baseline loaded: e2_pf=0.222 f1_df=0.098 f1_kf=0.148 post_kneext=0.011 post_hipext=0.068 desc_f=1.400 e2_adapt=1.700
start pose (normal.mot): applied 20 coordinates as given; IMU-metric torso lean -0.0 deg (+ = back)
standing solve: nnls x in [0.00, 0.70], >0.1: 14 muscles
  top: add_long_l=0.70, tib_ant_r=0.61, tib_ant_l=0.46, ext_dig_r=0.37, glut_min1_l=0.33, pect_l=0.32, glut_min2_l=0.31, ext_dig_l=0.25
Fmax range: 5..3396 N | L range sample: [0.229942 0.326094]
fitted baseline loaded: e2_pf=0.222 f1_df=0.098 f1_kf=0.148 post_kneext=0.011 post_hipext=0.068 desc_f=1.400 e2_adapt=1.700
start pose (normal.mot): applied 20 coordinates as given; IMU-metric torso lean -0.0 deg (+ = back)
standing solve: nnls x in [0.00, 0.70], >0.1: 14 muscles
  top: add_long_l=0.70, tib_ant_r=0.61, tib_ant_l=0.46, ext_dig_r=0.37, glut_min1_l=0.33, pect_l=0.32, glut_min2_l=0.31, ext_dig_l=0.25
Fmax range: 5..3396 N | L range sample: [0.229942 0.326094]
fitted baseline loaded: e2_pf=0.222 f1_df=0.098 f1_kf=0.148 post_kneext=0.011 post_hipext=0.068 desc_f=1.400 e2_adapt=1.700
start pose (normal.mot): applied 20 coordinates as given; IMU-metric torso lean -0.0 deg (+ = back)
standing solve: nnls x in [0.00, 0.70], >0.1: 14 muscles
  top: add_long_l=0.70, tib_ant_r=0.61, tib_ant_l=0.46, ext_dig_r=0.37, glut_min1_l=0.33, pect_l=0.32, glut_min2_l=0.31, ext_dig_l=0.25
Fmax range: 5..3396 N | L range sample: [0.229942 0.326094]
fitted baseline loaded: e2_pf=0.222 f1_df=0.098 f1_kf=0.148 post_kneext=0.011 post_hipext=0.068 desc_f=1.400 e2_adapt=1.700
start pose (normal.mot): applied 20 coordinates as given; IMU-metric torso lean -0.0 deg (+ = back)
standing solve: nnls x in [0.00, 0.70], >0.1: 14 muscles
  top: add_long_l=0.70, tib_ant_r=0.61, tib_ant_l=0.46, ext_dig_r=0.37, glut_min1_l=0.33, pect_l=0.32, glut_min2_l=0.31, ext_dig_l=0.25
Fmax range: 5..3396 N | L range sample: [0.229942 0.326094]
fitted baseline loaded: e2_pf=0.222 f1_df=0.098 f1_kf=0.148 post_kneext=0.011 post_hipext=0.068 desc_f=1.400 e2_adapt=1.700
start pose (normal.mot): applied 20 coordinates as given; IMU-metric torso lean -0.0 deg (+ = back)
standing solve: nnls x in [0.00, 0.70], >0.1: 14 muscles
  top: add_long_l=0.70, tib_ant_r=0.61, tib_ant_l=0.46, ext_dig_r=0.37, glut_min1_l=0.33, pect_l=0.32, glut_min2_l=0.31, ext_dig_l=0.25
Fmax range: 5..3396 N | L range sample: [0.229942 0.326094]
fitted baseline loaded: e2_pf=0.222 f1_df=0.098 f1_kf=0.148 post_kneext=0.011 post_hipext=0.068 desc_f=1.400 e2_adapt=1.700
start pose (normal.mot): applied 20 coordinates as given; IMU-metric torso lean -0.0 deg (+ = back)
standing solve: nnls x in [0.00, 0.70], >0.1: 14 muscles
  top: add_long_l=0.70, tib_ant_r=0.61, tib_ant_l=0.46, ext_dig_r=0.37, glut_min1_l=0.33, pect_l=0.32, glut_min2_l=0.31, ext_dig_l=0.25
Fmax range: 5..3396 N | L range sample: [0.229942 0.326094]
fitted baseline loaded: e2_pf=0.222 f1_df=0.098 f1_kf=0.148 post_kneext=0.011 post_hipext=0.068 desc_f=1.400 e2_adapt=1.700
start pose (normal.mot): applied 20 coordinates as given; IMU-metric torso lean -0.0 deg (+ = back)
standing solve: nnls x in [0.00, 0.70], >0.1: 14 muscles
  top: add_long_l=0.70, tib_ant_r=0.61, tib_ant_l=0.46, ext_dig_r=0.37, glut_min1_l=0.33, pect_l=0.32, glut_min2_l=0.31, ext_dig_l=0.25
Fmax range: 5..3396 N | L range sample: [0.229942 0.326094]
fitted baseline loaded: e2_pf=0.222 f1_df=0.098 f1_kf=0.148 post_kneext=0.011 post_hipext=0.068 desc_f=1.400 e2_adapt=1.700
start pose (normal.mot): applied 20 coordinates as given; IMU-metric torso lean -0.0 deg (+ = back)
standing solve: nnls x in [0.00, 0.70], >0.1: 14 muscles
  top: add_long_l=0.70, tib_ant_r=0.61, tib_ant_l=0.46, ext_dig_r=0.37, glut_min1_l=0.33, pect_l=0.32, glut_min2_l=0.31, ext_dig_l=0.25
Fmax range: 5..3396 N | L range sample: [0.229942 0.326094]
fitted baseline loaded: e2_pf=0.222 f1_df=0.098 f1_kf=0.148 post_kneext=0.011 post_hipext=0.068 desc_f=1.400 e2_adapt=1.700
start pose (normal.mot): applied 20 coordinates as given; IMU-metric torso lean -0.0 deg (+ = back)
standing solve: nnls x in [0.00, 0.70], >0.1: 14 muscles
  top: add_long_l=0.70, tib_ant_r=0.61, tib_ant_l=0.46, ext_dig_r=0.37, glut_min1_l=0.33, pect_l=0.32, glut_min2_l=0.31, ext_dig_l=0.25
Fmax range: 5..3396 N | L range sample: [0.229942 0.326094]
fitted baseline loaded: e2_pf=0.222 f1_df=0.098 f1_kf=0.148 post_kneext=0.011 post_hipext=0.068 desc_f=1.400 e2_adapt=1.700
start pose (normal.mot): applied 20 coordinates as given; IMU-metric torso lean -0.0 deg (+ = back)
standing solve: nnls x in [0.00, 0.70], >0.1: 14 muscles
  top: add_long_l=0.70, tib_ant_r=0.61, tib_ant_l=0.46, ext_dig_r=0.37, glut_min1_l=0.33, pect_l=0.32, glut_min2_l=0.31, ext_dig_l=0.25
Fmax range: 5..3396 N | L range sample: [0.229942 0.326094]
fitted baseline loaded: e2_pf=0.222 f1_df=0.098 f1_kf=0.148 post_kneext=0.011 post_hipext=0.068 desc_f=1.400 e2_adapt=1.700
start pose (normal.mot): applied 20 coordinates as given; IMU-metric torso lean -0.0 deg (+ = back)
standing solve: nnls x in [0.00, 0.70], >0.1: 14 muscles
  top: add_long_l=0.70, tib_ant_r=0.61, tib_ant_l=0.46, ext_dig_r=0.37, glut_min1_l=0.33, pect_l=0.32, glut_min2_l=0.31, ext_dig_l=0.25
Fmax range: 5..3396 N | L range sample: [0.229942 0.326094]
fitted baseline loaded: e2_pf=0.222 f1_df=0.098 f1_kf=0.148 post_kneext=0.011 post_hipext=0.068 desc_f=1.400 e2_adapt=1.700
start pose (normal.mot): applied 20 coordinates as given; IMU-metric torso lean -0.0 deg (+ = back)
standing solve: nnls x in [0.00, 0.70], >0.1: 14 muscles
  top: add_long_l=0.70, tib_ant_r=0.61, tib_ant_l=0.46, ext_dig_r=0.37, glut_min1_l=0.33, pect_l=0.32, glut_min2_l=0.31, ext_dig_l=0.25
Fmax range: 5..3396 N | L range sample: [0.229942 0.326094]
fitted baseline loaded: e2_pf=0.222 f1_df=0.098 f1_kf=0.148 post_kneext=0.011 post_hipext=0.068 desc_f=1.400 e2_adapt=1.700
start pose (normal.mot): applied 20 coordinates as given; IMU-metric torso lean -0.0 deg (+ = back)
standing solve: nnls x in [0.00, 0.70], >0.1: 14 muscles
  top: add_long_l=0.70, tib_ant_r=0.61, tib_ant_l=0.46, ext_dig_r=0.37, glut_min1_l=0.33, pect_l=0.32, glut_min2_l=0.31, ext_dig_l=0.25
Fmax range: 5..3396 N | L range sample: [0.229942 0.326094]
fitted baseline loaded: e2_pf=0.222 f1_df=0.098 f1_kf=0.148 post_kneext=0.011 post_hipext=0.068 desc_f=1.400 e2_adapt=1.700
start pose (normal.mot): applied 20 coordinates as given; IMU-metric torso lean -0.0 deg (+ = back)
standing solve: nnls x in [0.00, 0.70], >0.1: 14 muscles
  top: add_long_l=0.70, tib_ant_r=0.61, tib_ant_l=0.46, ext_dig_r=0.37, glut_min1_l=0.33, pect_l=0.32, glut_min2_l=0.31, ext_dig_l=0.25
Fmax range: 5..3396 N | L range sample: [0.229942 0.326094]
fitted baseline loaded: e2_pf=0.222 f1_df=0.098 f1_kf=0.148 post_kneext=0.011 post_hipext=0.068 desc_f=1.400 e2_adapt=1.700
start pose (normal.mot): applied 20 coordinates as given; IMU-metric torso lean -0.0 deg (+ = back)
standing solve: nnls x in [0.00, 0.70], >0.1: 14 muscles
  top: add_long_l=0.70, tib_ant_r=0.61, tib_ant_l=0.46, ext_dig_r=0.37, glut_min1_l=0.33, pect_l=0.32, glut_min2_l=0.31, ext_dig_l=0.25
Fmax range: 5..3396 N | L range sample: [0.229942 0.326094]
fitted baseline loaded: e2_pf=0.222 f1_df=0.098 f1_kf=0.148 post_kneext=0.011 post_hipext=0.068 desc_f=1.400 e2_adapt=1.700
start pose (normal.mot): applied 20 coordinates as given; IMU-metric torso lean -0.0 deg (+ = back)
standing solve: nnls x in [0.00, 0.70], >0.1: 14 muscles
  top: add_long_l=0.70, tib_ant_r=0.61, tib_ant_l=0.46, ext_dig_r=0.37, glut_min1_l=0.33, pect_l=0.32, glut_min2_l=0.31, ext_dig_l=0.25
Fmax range: 5..3396 N | L range sample: [0.229942 0.326094]
fitted baseline loaded: e2_pf=0.222 f1_df=0.098 f1_kf=0.148 post_kneext=0.011 post_hipext=0.068 desc_f=1.400 e2_adapt=1.700
start pose (normal.mot): applied 20 coordinates as given; IMU-metric torso lean -0.0 deg (+ = back)
standing solve: nnls x in [0.00, 0.70], >0.1: 14 muscles
  top: add_long_l=0.70, tib_ant_r=0.61, tib_ant_l=0.46, ext_dig_r=0.37, glut_min1_l=0.33, pect_l=0.32, glut_min2_l=0.31, ext_dig_l=0.25
Fmax range: 5..3396 N | L range sample: [0.229942 0.326094]
fitted baseline loaded: e2_pf=0.222 f1_df=0.098 f1_kf=0.148 post_kneext=0.011 post_hipext=0.068 desc_f=1.400 e2_adapt=1.700
start pose (normal.mot): applied 20 coordinates as given; IMU-metric torso lean -0.0 deg (+ = back)
standing solve: nnls x in [0.00, 0.70], >0.1: 14 muscles
  top: add_long_l=0.70, tib_ant_r=0.61, tib_ant_l=0.46, ext_dig_r=0.37, glut_min1_l=0.33, pect_l=0.32, glut_min2_l=0.31, ext_dig_l=0.25
Fmax range: 5..3396 N | L range sample: [0.229942 0.326094]
fitted baseline loaded: e2_pf=0.222 f1_df=0.098 f1_kf=0.148 post_kneext=0.011 post_hipext=0.068 desc_f=1.400 e2_adapt=1.700
start pose (normal.mot): applied 20 coordinates as given; IMU-metric torso lean -0.0 deg (+ = back)
standing solve: nnls x in [0.00, 0.70], >0.1: 14 muscles
  top: add_long_l=0.70, tib_ant_r=0.61, tib_ant_l=0.46, ext_dig_r=0.37, glut_min1_l=0.33, pect_l=0.32, glut_min2_l=0.31, ext_dig_l=0.25
Fmax range: 5..3396 N | L range sample: [0.229942 0.326094]
fitted baseline loaded: e2_pf=0.222 f1_df=0.098 f1_kf=0.148 post_kneext=0.011 post_hipext=0.068 desc_f=1.400 e2_adapt=1.700
start pose (normal.mot): applied 20 coordinates as given; IMU-metric torso lean -0.0 deg (+ = back)
standing solve: nnls x in [0.00, 0.70], >0.1: 14 muscles
  top: add_long_l=0.70, tib_ant_r=0.61, tib_ant_l=0.46, ext_dig_r=0.37, glut_min1_l=0.33, pect_l=0.32, glut_min2_l=0.31, ext_dig_l=0.25
Fmax range: 5..3396 N | L range sample: [0.229942 0.326094]
fitted baseline loaded: e2_pf=0.222 f1_df=0.098 f1_kf=0.148 post_kneext=0.011 post_hipext=0.068 desc_f=1.400 e2_adapt=1.700
start pose (normal.mot): applied 20 coordinates as given; IMU-metric torso lean -0.0 deg (+ = back)
standing solve: nnls x in [0.00, 0.70], >0.1: 14 muscles
  top: add_long_l=0.70, tib_ant_r=0.61, tib_ant_l=0.46, ext_dig_r=0.37, glut_min1_l=0.33, pect_l=0.32, glut_min2_l=0.31, ext_dig_l=0.25
Fmax range: 5..3396 N | L range sample: [0.229942 0.326094]
fitted baseline loaded: e2_pf=0.222 f1_df=0.098 f1_kf=0.148 post_kneext=0.011 post_hipext=0.068 desc_f=1.400 e2_adapt=1.700
start pose (normal.mot): applied 20 coordinates as given; IMU-metric torso lean -0.0 deg (+ = back)
standing solve: nnls x in [0.00, 0.70], >0.1: 14 muscles
  top: add_long_l=0.70, tib_ant_r=0.61, tib_ant_l=0.46, ext_dig_r=0.37, glut_min1_l=0.33, pect_l=0.32, glut_min2_l=0.31, ext_dig_l=0.25
Fmax range: 5..3396 N | L range sample: [0.229942 0.326094]
fitted baseline loaded: e2_pf=0.222 f1_df=0.098 f1_kf=0.148 post_kneext=0.011 post_hipext=0.068 desc_f=1.400 e2_adapt=1.700
start pose (normal.mot): applied 20 coordinates as given; IMU-metric torso lean -0.0 deg (+ = back)
standing solve: nnls x in [0.00, 0.70], >0.1: 14 muscles
  top: add_long_l=0.70, tib_ant_r=0.61, tib_ant_l=0.46, ext_dig_r=0.37, glut_min1_l=0.33, pect_l=0.32, glut_min2_l=0.31, ext_dig_l=0.25
Fmax range: 5..3396 N | L range sample: [0.229942 0.326094]
fitted baseline loaded: e2_pf=0.222 f1_df=0.098 f1_kf=0.148 post_kneext=0.011 post_hipext=0.068 desc_f=1.400 e2_adapt=1.700
start pose (normal.mot): applied 20 coordinates as given; IMU-metric torso lean -0.0 deg (+ = back)
standing solve: nnls x in [0.00, 0.70], >0.1: 14 muscles
  top: add_long_l=0.70, tib_ant_r=0.61, tib_ant_l=0.46, ext_dig_r=0.37, glut_min1_l=0.33, pect_l=0.32, glut_min2_l=0.31, ext_dig_l=0.25
Fmax range: 5..3396 N | L range sample: [0.229942 0.326094]
fitted baseline loaded: e2_pf=0.222 f1_df=0.098 f1_kf=0.148 post_kneext=0.011 post_hipext=0.068 desc_f=1.400 e2_adapt=1.700
start pose (normal.mot): applied 20 coordinates as given; IMU-metric torso lean -0.0 deg (+ = back)
standing solve: nnls x in [0.00, 0.70], >0.1: 14 muscles
  top: add_long_l=0.70, tib_ant_r=0.61, tib_ant_l=0.46, ext_dig_r=0.37, glut_min1_l=0.33, pect_l=0.32, glut_min2_l=0.31, ext_dig_l=0.25
Fmax range: 5..3396 N | L range sample: [0.229942 0.326094]
fitted baseline loaded: e2_pf=0.222 f1_df=0.098 f1_kf=0.148 post_kneext=0.011 post_hipext=0.068 desc_f=1.400 e2_adapt=1.700
start pose (normal.mot): applied 20 coordinates as given; IMU-metric torso lean -0.0 deg (+ = back)
standing solve: nnls x in [0.00, 0.70], >0.1: 14 muscles
  top: add_long_l=0.70, tib_ant_r=0.61, tib_ant_l=0.46, ext_dig_r=0.37, glut_min1_l=0.33, pect_l=0.32, glut_min2_l=0.31, ext_dig_l=0.25
Fmax range: 5..3396 N | L range sample: [0.229942 0.326094]
fitted baseline loaded: e2_pf=0.222 f1_df=0.098 f1_kf=0.148 post_kneext=0.011 post_hipext=0.068 desc_f=1.400 e2_adapt=1.700
start pose (normal.mot): applied 20 coordinates as given; IMU-metric torso lean -0.0 deg (+ = back)
standing solve: nnls x in [0.00, 0.70], >0.1: 14 muscles
  top: add_long_l=0.70, tib_ant_r=0.61, tib_ant_l=0.46, ext_dig_r=0.37, glut_min1_l=0.33, pect_l=0.32, glut_min2_l=0.31, ext_dig_l=0.25
Fmax range: 5..3396 N | L range sample: [0.229942 0.326094]
fitted baseline loaded: e2_pf=0.222 f1_df=0.098 f1_kf=0.148 post_kneext=0.011 post_hipext=0.068 desc_f=1.400 e2_adapt=1.700
start pose (normal.mot): applied 20 coordinates as given; IMU-metric torso lean -0.0 deg (+ = back)
standing solve: nnls x in [0.00, 0.70], >0.1: 14 muscles
  top: add_long_l=0.70, tib_ant_r=0.61, tib_ant_l=0.46, ext_dig_r=0.37, glut_min1_l=0.33, pect_l=0.32, glut_min2_l=0.31, ext_dig_l=0.25
Fmax range: 5..3396 N | L range sample: [0.229942 0.326094]
fitted baseline loaded: e2_pf=0.222 f1_df=0.098 f1_kf=0.148 post_kneext=0.011 post_hipext=0.068 desc_f=1.400 e2_adapt=1.700
start pose (normal.mot): applied 20 coordinates as given; IMU-metric torso lean -0.0 deg (+ = back)
standing solve: nnls x in [0.00, 0.70], >0.1: 14 muscles
  top: add_long_l=0.70, tib_ant_r=0.61, tib_ant_l=0.46, ext_dig_r=0.37, glut_min1_l=0.33, pect_l=0.32, glut_min2_l=0.31, ext_dig_l=0.25
Fmax range: 5..3396 N | L range sample: [0.229942 0.326094]
fitted baseline loaded: e2_pf=0.222 f1_df=0.098 f1_kf=0.148 post_kneext=0.011 post_hipext=0.068 desc_f=1.400 e2_adapt=1.700
start pose (normal.mot): applied 20 coordinates as given; IMU-metric torso lean -0.0 deg (+ = back)
standing solve: nnls x in [0.00, 0.70], >0.1: 14 muscles
  top: add_long_l=0.70, tib_ant_r=0.61, tib_ant_l=0.46, ext_dig_r=0.37, glut_min1_l=0.33, pect_l=0.32, glut_min2_l=0.31, ext_dig_l=0.25
Fmax range: 5..3396 N | L range sample: [0.229942 0.326094]
== stage 3 best -100.000 (trial 0)
{
 "drive": 1.569237342106791,
 "rg_nap_h": 0.4776233972474676,
 "desc_e": 1.643339643789235,
 "desc_f": 1.6924864774966912,
 "rg_to_pf": 2.6670469055546167,
 "heel_rge": 0.47031390465304856,
 "toe_rge": 0.46487300563382516,
 "ib_e_central": 0.4894152121112667,
 "ia_f_central": 0.7513298044933997,
 "ii_f_central": 0.464261575111244,
 "ii_e_central": 0.156735648352081,
 "c1_gain": 0.4887710757919779,
 "v3_gain": 0.29480863444841554,
 "ib_rge": 0.9600173033359185,
 "ia_in": 0.8394144599394913,
 "ia_f_contra_f": 0.9998672926238792,
 "v3_to_ibexc": 0.22006729978285178,
 "ankle_post_walk_trim": 0.39300353626585505
}
saved curriculum_stage3.json
