seeded
fitted baseline loaded: e2_pf=0.222 f1_df=0.098 f1_kf=0.148 post_kneext=0.011 post_hipext=0.068 desc_f=1.400 e2_adapt=1.700
start pose (normal.mot): applied 20 coordinates as given; IMU-metric torso lean -0.0 deg (+ = back)
standing solve: nnls x in [0.00, 0.70], >0.1: 14 muscles
  top: add_long_l=0.70, tib_ant_r=0.61, tib_ant_l=0.46, ext_dig_r=0.37, glut_min1_l=0.33, pect_l=0.32, glut_min2_l=0.31, ext_dig_l=0.25
Fmax range: 5..3396 N | L range sample: [0.229942 0.326094]
t=  1.00 max|qacc|=       7.1 max|qvel|=   1.17 ncon=  0 com_z=0.927 com_x=-0.122
t=  1.50 max|qacc|=      18.6 max|qvel|=   0.61 ncon=  0 com_z=0.928 com_x=-0.132
t=  2.00 max|qacc|=      16.0 max|qvel|=   0.29 ncon=  0 com_z=0.931 com_x=-0.131
t=  2.50 max|qacc|=       9.0 max|qvel|=   0.23 ncon=  0 com_z=0.928 com_x=-0.132
t=  3.00 max|qacc|=      13.6 max|qvel|=   0.36 ncon=  0 com_z=0.930 com_x=-0.133
t=  3.50 max|qacc|=      91.1 max|qvel|=   0.79 ncon=  0 com_z=0.930 com_x=-0.140
t=  4.00 max|qacc|=      42.3 max|qvel|=   0.94 ncon=  0 com_z=0.931 com_x=-0.143
t=  4.50 max|qacc|=     426.0 max|qvel|=   0.78 ncon=  0 com_z=0.928 com_x=-0.128
t=  5.00 max|qacc|=     210.5 max|qvel|=   1.75 ncon=  0 com_z=0.929 com_x=-0.130
t=  5.50 max|qacc|=     134.6 max|qvel|=   1.06 ncon=  0 com_z=0.929 com_x=-0.122
t=  6.00 max|qacc|=      61.4 max|qvel|=   0.36 ncon=  0 com_z=0.927 com_x=-0.111
t=  6.50 max|qacc|=      34.8 max|qvel|=   0.82 ncon=  0 com_z=0.927 com_x=-0.115
t=  7.00 max|qacc|=      22.7 max|qvel|=   0.96 ncon=  0 com_z=0.927 com_x=-0.116
t=  7.50 max|qacc|=      30.5 max|qvel|=   0.49 ncon=  0 com_z=0.927 com_x=-0.113
t=  8.00 max|qacc|=      25.4 max|qvel|=   0.94 ncon=  0 com_z=0.927 com_x=-0.115
t=  8.50 max|qacc|=     178.9 max|qvel|=   1.07 ncon=  0 com_z=0.927 com_x=-0.115
t=  9.00 max|qacc|=     533.9 max|qvel|=   1.56 ncon=  0 com_z=0.928 com_x=-0.114
t=  9.50 max|qacc|=      18.6 max|qvel|=   1.01 ncon=  0 com_z=0.927 com_x=-0.115
t= 10.00 max|qacc|=      31.7 max|qvel|=   0.49 ncon=  0 com_z=0.927 com_x=-0.115
t= 10.50 max|qacc|=      24.9 max|qvel|=   1.07 ncon=  0 com_z=0.927 com_x=-0.115
t= 11.00 max|qacc|=     280.4 max|qvel|=   1.26 ncon=  0 com_z=0.927 com_x=-0.115
t= 11.50 max|qacc|=      39.8 max|qvel|=   0.99 ncon=  0 com_z=0.927 com_x=-0.115
t= 12.00 max|qacc|=      38.5 max|qvel|=   0.59 ncon=  0 com_z=0.928 com_x=-0.114
t= 12.50 max|qacc|=      69.2 max|qvel|=   0.61 ncon=  0 com_z=0.927 com_x=-0.115
t= 13.00 max|qacc|=     110.1 max|qvel|=   0.66 ncon=  0 com_z=0.927 com_x=-0.115
t= 13.50 max|qacc|=     168.8 max|qvel|=   2.27 ncon=  0 com_z=0.928 com_x=-0.114
t= 14.00 max|qacc|=      42.6 max|qvel|=   1.07 ncon=  0 com_z=0.927 com_x=-0.115
t= 14.50 max|qacc|=      29.7 max|qvel|=   0.45 ncon=  0 com_z=0.927 com_x=-0.115
t= 15.00 max|qacc|=      31.3 max|qvel|=   1.04 ncon=  0 com_z=0.927 com_x=-0.115
t= 15.50 max|qacc|=      15.9 max|qvel|=   0.59 ncon=  0 com_z=0.926 com_x=-0.112
t= 16.00 max|qacc|=      47.7 max|qvel|=   2.84 ncon=  0 com_z=0.925 com_x=-0.092
t= 16.50 max|qacc|=      21.4 max|qvel|=   6.72 ncon=  0 com_z=0.954 com_x=-0.165
t= 17.00 max|qacc|=      17.9 max|qvel|=   3.40 ncon=  0 com_z=0.932 com_x=-0.080
t= 17.50 max|qacc|=      11.0 max|qvel|=   2.21 ncon=  0 com_z=0.931 com_x=-0.125
t= 18.00 max|qacc|=      12.5 max|qvel|=   2.04 ncon=  0 com_z=0.939 com_x=-0.166
t= 18.50 max|qacc|=      17.7 max|qvel|=   0.50 ncon=  0 com_z=0.927 com_x=-0.092
t= 19.00 max|qacc|=       7.7 max|qvel|=   0.60 ncon=  0 com_z=0.938 com_x=-0.159
t= 19.50 max|qacc|=       7.9 max|qvel|=   0.84 ncon=  0 com_z=0.927 com_x=-0.127
t= 20.00 max|qacc|=      19.3 max|qvel|=   0.73 ncon=  0 com_z=0.927 com_x=-0.122
t= 20.50 max|qacc|=      13.6 max|qvel|=   0.36 ncon=  0 com_z=0.933 com_x=-0.150
t= 21.00 max|qacc|=       5.0 max|qvel|=   0.16 ncon=  0 com_z=0.927 com_x=-0.119
t= 21.50 max|qacc|=      12.3 max|qvel|=   0.33 ncon=  0 com_z=0.931 com_x=-0.139
t= 22.00 max|qacc|=       9.2 max|qvel|=   0.40 ncon=  0 com_z=0.929 com_x=-0.134
t= 22.50 max|qacc|=       8.9 max|qvel|=   0.21 ncon=  0 com_z=0.928 com_x=-0.126
t= 23.00 max|qacc|=       6.0 max|qvel|=   0.15 ncon=  0 com_z=0.931 com_x=-0.140
t= 23.50 max|qacc|=      20.6 max|qvel|=   0.14 ncon=  0 com_z=0.928 com_x=-0.128
t= 24.00 max|qacc|=      11.7 max|qvel|=   0.20 ncon=  0 com_z=0.929 com_x=-0.134
t= 24.50 max|qacc|=      14.8 max|qvel|=   0.13 ncon=  0 com_z=0.929 com_x=-0.135
t= 25.00 max|qacc|=       9.5 max|qvel|=   0.11 ncon=  0 com_z=0.928 com_x=-0.130
t= 25.50 max|qacc|=       7.6 max|qvel|=   0.12 ncon=  0 com_z=0.930 com_x=-0.135
t= 26.00 max|qacc|=       5.4 max|qvel|=   0.11 ncon=  0 com_z=0.929 com_x=-0.131
t= 26.50 max|qacc|=      18.0 max|qvel|=   0.09 ncon=  0 com_z=0.929 com_x=-0.133
t= 27.00 max|qacc|=      14.5 max|qvel|=   0.18 ncon=  0 com_z=0.929 com_x=-0.134
t= 27.50 max|qacc|=      10.1 max|qvel|=   0.08 ncon=  0 com_z=0.929 com_x=-0.132
t= 28.00 max|qacc|=      10.8 max|qvel|=   0.09 ncon=  0 com_z=0.929 com_x=-0.133
t= 28.50 max|qacc|=       7.6 max|qvel|=   0.13 ncon=  0 com_z=0.929 com_x=-0.132
t= 29.00 max|qacc|=       6.7 max|qvel|=   0.10 ncon=  0 com_z=0.929 com_x=-0.132
t= 29.50 max|qacc|=      13.6 max|qvel|=   0.09 ncon=  0 com_z=0.929 com_x=-0.133
t= 30.00 max|qacc|=      18.0 max|qvel|=   0.17 ncon=  0 com_z=0.929 com_x=-0.133
t= 30.50 max|qacc|=       5.0 max|qvel|=   0.12 ncon=  0 com_z=0.929 com_x=-0.133

== summary ==
pelvis/COM height: start 0.94 m, min 0.92 m, final 0.93 m  (stayed up)
COM x: min -0.18 max -0.07 final -0.13 m
COM y: min -0.024 max -0.002 m
RG_F_r bursts during walk window: 1
peak ctrl: [0.2  0.44 0.46 0.61 0.29 0.26 0.35 0.22 0.29 0.07 0.2  0.44 0.46 0.52
 0.29 0.26 0.24 0.22 0.29 0.07] (('vas_lat_r', 'med_gas_r', 'soleus_r', 'tib_ant_r', 'psoas_r', 'semimem_r', 'glut_max2_r', 'rect_fem_r', 'sar_r', 'grac_r', 'vas_lat_l', 'med_gas_l', 'soleus_l', 'tib_ant_l', 'psoas_l', 'semimem_l', 'glut_max2_l', 'rect_fem_l', 'sar_l', 'grac_l'))
  hip_flexion_r         -9.1 ..    38.7 deg
  knee_angle_r         -84.1 ..    11.1 deg
  ankle_angle_r        -66.4 ..    13.3 deg
  hip_adduction_r       -0.3 ..    14.3 deg
  subtalar_angle_r      -2.6 ..    16.4 deg
  hip_flexion_l        -31.2 ..    18.1 deg
  knee_angle_l         -98.6 ..    10.1 deg
  ankle_angle_l        -69.7 ..     9.8 deg
  hip_adduction_l       -6.8 ..    14.5 deg
  subtalar_angle_l      -2.7 ..    22.5 deg
  pelvis_tilt           -1.9 ..    -0.1 deg
  pelvis_list           -0.5 ..    -0.3 deg
  pelvis_rotation        2.4 ..     2.5 deg
saved spinal_run.npz
saved spinal_run.png
fitted baseline loaded: e2_pf=0.222 f1_df=0.098 f1_kf=0.148 post_kneext=0.011 post_hipext=0.068 desc_f=1.400 e2_adapt=1.700
start pose (normal.mot): applied 20 coordinates as given; IMU-metric torso lean -0.0 deg (+ = back)
standing solve: nnls x in [0.00, 0.70], >0.1: 14 muscles
  top: add_long_l=0.70, tib_ant_r=0.61, tib_ant_l=0.46, ext_dig_r=0.37, glut_min1_l=0.33, pect_l=0.32, glut_min2_l=0.31, ext_dig_l=0.25
Fmax range: 5..3396 N | L range sample: [0.229942 0.326094]
t=  1.00 max|qacc|=       8.5 max|qvel|=   1.15 ncon=  0 com_z=0.930 com_x=-0.137
t=  1.50 max|qacc|=      20.9 max|qvel|=   0.94 ncon=  0 com_z=0.931 com_x=-0.146
t=  2.00 max|qacc|=       8.7 max|qvel|=   0.55 ncon=  0 com_z=0.931 com_x=-0.133
t=  2.50 max|qacc|=      17.8 max|qvel|=   0.17 ncon=  0 com_z=0.932 com_x=-0.148
t=  3.00 max|qacc|=       9.8 max|qvel|=   0.47 ncon=  0 com_z=0.932 com_x=-0.138
t=  3.50 max|qacc|=      16.7 max|qvel|=   0.92 ncon=  0 com_z=0.931 com_x=-0.143
t=  4.00 max|qacc|=     152.8 max|qvel|=   0.79 ncon=  0 com_z=0.930 com_x=-0.142
t=  4.50 max|qacc|=      17.7 max|qvel|=   0.84 ncon=  0 com_z=0.928 com_x=-0.130
t=  5.00 max|qacc|=      26.9 max|qvel|=   0.82 ncon=  0 com_z=0.926 com_x=-0.122
t=  5.50 max|qacc|=      27.7 max|qvel|=   0.31 ncon=  0 com_z=0.926 com_x=-0.110
t=  6.00 max|qacc|=       9.6 max|qvel|=   0.11 ncon=  0 com_z=0.925 com_x=-0.106
t=  6.50 max|qacc|=       7.8 max|qvel|=   0.15 ncon=  0 com_z=0.925 com_x=-0.106
t=  7.00 max|qacc|=      15.8 max|qvel|=   0.08 ncon=  0 com_z=0.925 com_x=-0.108
t=  7.50 max|qacc|=       6.3 max|qvel|=   0.10 ncon=  0 com_z=0.925 com_x=-0.106
t=  8.00 max|qacc|=       8.4 max|qvel|=   0.11 ncon=  0 com_z=0.925 com_x=-0.106
t=  8.50 max|qacc|=      10.2 max|qvel|=   0.08 ncon=  0 com_z=0.926 com_x=-0.108
t=  9.00 max|qacc|=      10.7 max|qvel|=   0.05 ncon=  0 com_z=0.925 com_x=-0.106
t=  9.50 max|qacc|=       7.3 max|qvel|=   0.11 ncon=  0 com_z=0.925 com_x=-0.107
t= 10.00 max|qacc|=      15.5 max|qvel|=   0.09 ncon=  0 com_z=0.925 com_x=-0.108
t= 10.50 max|qacc|=       8.1 max|qvel|=   0.06 ncon=  0 com_z=0.925 com_x=-0.106
t= 11.00 max|qacc|=       7.9 max|qvel|=   0.11 ncon=  0 com_z=0.926 com_x=-0.107
t= 11.50 max|qacc|=      10.1 max|qvel|=   0.08 ncon=  0 com_z=0.925 com_x=-0.107
t= 12.00 max|qacc|=      11.7 max|qvel|=   0.06 ncon=  0 com_z=0.925 com_x=-0.107
t= 12.50 max|qacc|=       6.7 max|qvel|=   0.11 ncon=  0 com_z=0.925 com_x=-0.108
t= 13.00 max|qacc|=      14.8 max|qvel|=   0.10 ncon=  0 com_z=0.925 com_x=-0.107
t= 13.50 max|qacc|=       9.8 max|qvel|=   0.05 ncon=  0 com_z=0.925 com_x=-0.107
t= 14.00 max|qacc|=       7.4 max|qvel|=   0.10 ncon=  0 com_z=0.925 com_x=-0.107
t= 14.50 max|qacc|=       9.9 max|qvel|=   0.09 ncon=  0 com_z=0.925 com_x=-0.107
t= 15.00 max|qacc|=      12.4 max|qvel|=   0.05 ncon=  0 com_z=0.925 com_x=-0.107
t= 15.50 max|qacc|=       3.1 max|qvel|=   0.58 ncon=  0 com_z=0.925 com_x=-0.106
t= 16.00 max|qacc|=      17.0 max|qvel|=   0.67 ncon=  0 com_z=0.925 com_x=-0.107
t= 16.50 max|qacc|=      37.4 max|qvel|=   2.33 ncon=  0 com_z=0.944 com_x=-0.135
t= 17.00 max|qacc|=      10.0 max|qvel|=   1.95 ncon=  0 com_z=0.934 com_x=-0.155
t= 17.50 max|qacc|=      14.2 max|qvel|=   1.19 ncon=  0 com_z=0.927 com_x=-0.108
t= 18.00 max|qacc|=      13.5 max|qvel|=   0.35 ncon=  0 com_z=0.944 com_x=-0.173
t= 18.50 max|qacc|=      22.8 max|qvel|=   0.66 ncon=  0 com_z=0.927 com_x=-0.124
t= 19.00 max|qacc|=      15.6 max|qvel|=   0.74 ncon=  0 com_z=0.934 com_x=-0.147
t= 19.50 max|qacc|=      14.2 max|qvel|=   0.71 ncon=  0 com_z=0.932 com_x=-0.149
t= 20.00 max|qacc|=      12.3 max|qvel|=   0.36 ncon=  0 com_z=0.929 com_x=-0.130
t= 20.50 max|qacc|=       6.5 max|qvel|=   0.13 ncon=  0 com_z=0.935 com_x=-0.152
t= 21.00 max|qacc|=       6.4 max|qvel|=   0.24 ncon=  0 com_z=0.929 com_x=-0.135
t= 21.50 max|qacc|=      19.4 max|qvel|=   0.32 ncon=  0 com_z=0.932 com_x=-0.143
t= 22.00 max|qacc|=      12.9 max|qvel|=   0.21 ncon=  0 com_z=0.931 com_x=-0.145
t= 22.50 max|qacc|=      17.8 max|qvel|=   0.17 ncon=  0 com_z=0.930 com_x=-0.137
t= 23.00 max|qacc|=       7.6 max|qvel|=   0.14 ncon=  0 com_z=0.933 com_x=-0.145
t= 23.50 max|qacc|=       8.8 max|qvel|=   0.12 ncon=  0 com_z=0.931 com_x=-0.139
t= 24.00 max|qacc|=      10.7 max|qvel|=   0.14 ncon=  0 com_z=0.931 com_x=-0.142
t= 24.50 max|qacc|=      19.5 max|qvel|=   0.19 ncon=  0 com_z=0.931 com_x=-0.143
t= 25.00 max|qacc|=       9.5 max|qvel|=   0.11 ncon=  0 com_z=0.931 com_x=-0.140
t= 25.50 max|qacc|=      10.7 max|qvel|=   0.11 ncon=  0 com_z=0.932 com_x=-0.143
t= 26.00 max|qacc|=       8.4 max|qvel|=   0.14 ncon=  0 com_z=0.931 com_x=-0.141
t= 26.50 max|qacc|=       4.1 max|qvel|=   0.08 ncon=  0 com_z=0.931 com_x=-0.142
t= 27.00 max|qacc|=      21.3 max|qvel|=   0.12 ncon=  0 com_z=0.931 com_x=-0.142
t= 27.50 max|qacc|=      10.7 max|qvel|=   0.18 ncon=  0 com_z=0.931 com_x=-0.142
t= 28.00 max|qacc|=      18.8 max|qvel|=   0.07 ncon=  0 com_z=0.931 com_x=-0.142
t= 28.50 max|qacc|=       7.9 max|qvel|=   0.14 ncon=  0 com_z=0.931 com_x=-0.141
t= 29.00 max|qacc|=       7.7 max|qvel|=   0.11 ncon=  0 com_z=0.931 com_x=-0.141
t= 29.50 max|qacc|=      14.4 max|qvel|=   0.10 ncon=  0 com_z=0.931 com_x=-0.142
t= 30.00 max|qacc|=      17.3 max|qvel|=   0.20 ncon=  0 com_z=0.931 com_x=-0.142
t= 30.50 max|qacc|=      13.3 max|qvel|=   0.09 ncon=  0 com_z=0.931 com_x=-0.142

== summary ==
pelvis/COM height: start 0.94 m, min 0.92 m, final 0.93 m  (stayed up)
COM x: min -0.18 max -0.10 final -0.14 m
COM y: min -0.024 max -0.002 m
RG_F_r bursts during walk window: 1
peak ctrl: [0.15 0.3  0.35 0.65 0.18 0.16 0.4  0.16 0.18 0.04 0.15 0.3  0.35 0.57
 0.18 0.16 0.32 0.16 0.18 0.04] (('vas_lat_r', 'med_gas_r', 'soleus_r', 'tib_ant_r', 'psoas_r', 'semimem_r', 'glut_max2_r', 'rect_fem_r', 'sar_r', 'grac_r', 'vas_lat_l', 'med_gas_l', 'soleus_l', 'tib_ant_l', 'psoas_l', 'semimem_l', 'glut_max2_l', 'rect_fem_l', 'sar_l', 'grac_l'))
  hip_flexion_r          3.5 ..    38.3 deg
  knee_angle_r         -66.6 ..    10.7 deg
  ankle_angle_r        -59.1 ..    18.2 deg
  hip_adduction_r       -1.6 ..    11.4 deg
  subtalar_angle_r      -1.5 ..    17.1 deg
  hip_flexion_l        -16.6 ..    18.2 deg
  knee_angle_l         -77.0 ..    10.5 deg
  ankle_angle_l        -63.4 ..     9.8 deg
  hip_adduction_l       -8.9 ..    12.6 deg
  subtalar_angle_l      -1.8 ..    23.2 deg
  pelvis_tilt           -1.9 ..    -0.2 deg
  pelvis_list           -0.5 ..    -0.3 deg
  pelvis_rotation        2.4 ..     2.5 deg
saved spinal_run.npz
saved spinal_run.png
fitted baseline loaded: e2_pf=0.222 f1_df=0.098 f1_kf=0.148 post_kneext=0.011 post_hipext=0.068 desc_f=1.400 e2_adapt=1.700
start pose (normal.mot): applied 20 coordinates as given; IMU-metric torso lean -0.0 deg (+ = back)
standing solve: nnls x in [0.00, 0.70], >0.1: 14 muscles
  top: add_long_l=0.70, tib_ant_r=0.61, tib_ant_l=0.46, ext_dig_r=0.37, glut_min1_l=0.33, pect_l=0.32, glut_min2_l=0.31, ext_dig_l=0.25
Fmax range: 5..3396 N | L range sample: [0.229942 0.326094]
t=  1.00 max|qacc|=       8.6 max|qvel|=   1.75 ncon=  0 com_z=0.929 com_x=-0.133
t=  1.50 max|qacc|=      20.3 max|qvel|=   0.69 ncon=  0 com_z=0.930 com_x=-0.143
t=  2.00 max|qacc|=      13.2 max|qvel|=   0.37 ncon=  0 com_z=0.931 com_x=-0.134
t=  2.50 max|qacc|=      17.4 max|qvel|=   0.18 ncon=  0 com_z=0.931 com_x=-0.143
t=  3.00 max|qacc|=      10.1 max|qvel|=   0.45 ncon=  0 com_z=0.931 com_x=-0.138
t=  3.50 max|qacc|=      19.5 max|qvel|=   0.80 ncon=  0 com_z=0.931 com_x=-0.143
t=  4.00 max|qacc|=      27.7 max|qvel|=   0.69 ncon=  0 com_z=0.931 com_x=-0.144
t=  4.50 max|qacc|=     248.2 max|qvel|=   1.55 ncon=  0 com_z=0.928 com_x=-0.132
t=  5.00 max|qacc|=     118.0 max|qvel|=   0.79 ncon=  0 com_z=0.928 com_x=-0.128
t=  5.50 max|qacc|=     118.9 max|qvel|=   0.87 ncon=  0 com_z=0.928 com_x=-0.119
t=  6.00 max|qacc|=      16.9 max|qvel|=   0.50 ncon=  0 com_z=0.926 com_x=-0.110
t=  6.50 max|qacc|=      16.7 max|qvel|=   0.36 ncon=  0 com_z=0.926 com_x=-0.114
t=  7.00 max|qacc|=      18.6 max|qvel|=   0.08 ncon=  0 com_z=0.926 com_x=-0.116
t=  7.50 max|qacc|=      15.4 max|qvel|=   0.10 ncon=  0 com_z=0.927 com_x=-0.113
t=  8.00 max|qacc|=      20.7 max|qvel|=   0.12 ncon=  0 com_z=0.927 com_x=-0.115
t=  8.50 max|qacc|=      20.0 max|qvel|=   0.13 ncon=  0 com_z=0.927 com_x=-0.115
t=  9.00 max|qacc|=      20.2 max|qvel|=   0.11 ncon=  0 com_z=0.926 com_x=-0.114
t=  9.50 max|qacc|=      23.6 max|qvel|=   0.10 ncon=  0 com_z=0.926 com_x=-0.115
t= 10.00 max|qacc|=      23.7 max|qvel|=   0.16 ncon=  0 com_z=0.926 com_x=-0.115
t= 10.50 max|qacc|=      16.9 max|qvel|=   0.10 ncon=  0 com_z=0.926 com_x=-0.115
t= 11.00 max|qacc|=      19.7 max|qvel|=   0.05 ncon=  0 com_z=0.926 com_x=-0.115
t= 11.50 max|qacc|=      11.4 max|qvel|=   0.10 ncon=  0 com_z=0.927 com_x=-0.114
t= 12.00 max|qacc|=       7.7 max|qvel|=   0.11 ncon=  0 com_z=0.927 com_x=-0.114
t= 12.50 max|qacc|=      31.2 max|qvel|=   0.09 ncon=  0 com_z=0.927 com_x=-0.114
t= 13.00 max|qacc|=      12.6 max|qvel|=   0.08 ncon=  0 com_z=0.926 com_x=-0.115
t= 13.50 max|qacc|=      22.5 max|qvel|=   0.10 ncon=  0 com_z=0.926 com_x=-0.115
t= 14.00 max|qacc|=      15.8 max|qvel|=   0.16 ncon=  0 com_z=0.926 com_x=-0.115
t= 14.50 max|qacc|=      17.9 max|qvel|=   0.10 ncon=  0 com_z=0.926 com_x=-0.115
t= 15.00 max|qacc|=      14.1 max|qvel|=   0.05 ncon=  0 com_z=0.926 com_x=-0.115
t= 15.50 max|qacc|=       9.2 max|qvel|=   0.49 ncon=  0 com_z=0.926 com_x=-0.112
t= 16.00 max|qacc|=       7.2 max|qvel|=   0.77 ncon=  0 com_z=0.925 com_x=-0.103
t= 16.50 max|qacc|=       8.9 max|qvel|=   0.80 ncon=  0 com_z=0.927 com_x=-0.124
t= 17.00 max|qacc|=      21.5 max|qvel|=   1.85 ncon=  0 com_z=0.933 com_x=-0.138
t= 17.50 max|qacc|=      12.5 max|qvel|=   1.24 ncon=  0 com_z=0.934 com_x=-0.152
t= 18.00 max|qacc|=      18.3 max|qvel|=   0.43 ncon=  0 com_z=0.928 com_x=-0.127
t= 18.50 max|qacc|=       6.7 max|qvel|=   0.13 ncon=  0 com_z=0.934 com_x=-0.150
t= 19.00 max|qacc|=       9.3 max|qvel|=   0.33 ncon=  0 com_z=0.929 com_x=-0.136
t= 19.50 max|qacc|=       9.3 max|qvel|=   0.28 ncon=  0 com_z=0.930 com_x=-0.138
t= 20.00 max|qacc|=      20.0 max|qvel|=   0.19 ncon=  0 com_z=0.931 com_x=-0.145
t= 20.50 max|qacc|=       5.8 max|qvel|=   0.13 ncon=  0 com_z=0.929 com_x=-0.135
t= 21.00 max|qacc|=      14.4 max|qvel|=   0.09 ncon=  0 com_z=0.932 com_x=-0.143
t= 21.50 max|qacc|=       8.2 max|qvel|=   0.18 ncon=  0 com_z=0.930 com_x=-0.138
t= 22.00 max|qacc|=       6.3 max|qvel|=   0.12 ncon=  0 com_z=0.930 com_x=-0.139
t= 22.50 max|qacc|=      18.5 max|qvel|=   0.13 ncon=  0 com_z=0.931 com_x=-0.142
t= 23.00 max|qacc|=      14.8 max|qvel|=   0.19 ncon=  0 com_z=0.930 com_x=-0.138
t= 23.50 max|qacc|=      15.5 max|qvel|=   0.10 ncon=  0 com_z=0.931 com_x=-0.141
t= 24.00 max|qacc|=       9.1 max|qvel|=   0.13 ncon=  0 com_z=0.930 com_x=-0.139
t= 24.50 max|qacc|=       8.4 max|qvel|=   0.13 ncon=  0 com_z=0.931 com_x=-0.139
t= 25.00 max|qacc|=       5.9 max|qvel|=   0.10 ncon=  0 com_z=0.931 com_x=-0.140
t= 25.50 max|qacc|=      21.0 max|qvel|=   0.15 ncon=  0 com_z=0.930 com_x=-0.139
t= 26.00 max|qacc|=       7.5 max|qvel|=   0.16 ncon=  0 com_z=0.930 com_x=-0.140
t= 26.50 max|qacc|=      18.2 max|qvel|=   0.06 ncon=  0 com_z=0.931 com_x=-0.140
t= 27.00 max|qacc|=       7.7 max|qvel|=   0.14 ncon=  0 com_z=0.931 com_x=-0.139
t= 27.50 max|qacc|=       7.4 max|qvel|=   0.11 ncon=  0 com_z=0.931 com_x=-0.140
t= 28.00 max|qacc|=      14.6 max|qvel|=   0.09 ncon=  0 com_z=0.930 com_x=-0.140
t= 28.50 max|qacc|=      17.1 max|qvel|=   0.19 ncon=  0 com_z=0.930 com_x=-0.140
t= 29.00 max|qacc|=      12.0 max|qvel|=   0.09 ncon=  0 com_z=0.930 com_x=-0.140
t= 29.50 max|qacc|=      10.3 max|qvel|=   0.12 ncon=  0 com_z=0.931 com_x=-0.139
t= 30.00 max|qacc|=       8.2 max|qvel|=   0.13 ncon=  0 com_z=0.931 com_x=-0.139
t= 30.50 max|qacc|=       3.8 max|qvel|=   0.08 ncon=  0 com_z=0.930 com_x=-0.139

== summary ==
pelvis/COM height: start 0.94 m, min 0.92 m, final 0.93 m  (stayed up)
COM x: min -0.16 max -0.10 final -0.14 m
COM y: min -0.023 max -0.002 m
RG_F_r bursts during walk window: 0
peak ctrl: [0.16 0.37 0.39 0.64 0.22 0.14 0.38 0.18 0.22 0.03 0.16 0.37 0.39 0.56
 0.22 0.14 0.29 0.18 0.22 0.03] (('vas_lat_r', 'med_gas_r', 'soleus_r', 'tib_ant_r', 'psoas_r', 'semimem_r', 'glut_max2_r', 'rect_fem_r', 'sar_r', 'grac_r', 'vas_lat_l', 'med_gas_l', 'soleus_l', 'tib_ant_l', 'psoas_l', 'semimem_l', 'glut_max2_l', 'rect_fem_l', 'sar_l', 'grac_l'))
  hip_flexion_r          6.5 ..    29.0 deg
  knee_angle_r         -35.9 ..    10.2 deg
  ankle_angle_r        -62.5 ..    18.2 deg
  hip_adduction_r        0.6 ..    12.2 deg
  subtalar_angle_r      -2.0 ..    16.8 deg
  hip_flexion_l        -16.6 ..    18.6 deg
  knee_angle_l         -47.7 ..    10.0 deg
  ankle_angle_l        -66.3 ..     9.8 deg
  hip_adduction_l       -8.6 ..    14.0 deg
  subtalar_angle_l      -2.2 ..    23.1 deg
  pelvis_tilt           -1.9 ..    -0.3 deg
  pelvis_list           -0.5 ..    -0.3 deg
  pelvis_rotation        2.4 ..     2.5 deg
saved spinal_run.npz
saved spinal_run.png
fitted baseline loaded: e2_pf=0.222 f1_df=0.098 f1_kf=0.148 post_kneext=0.011 post_hipext=0.068 desc_f=1.400 e2_adapt=1.700
start pose (normal.mot): applied 20 coordinates as given; IMU-metric torso lean -0.0 deg (+ = back)
standing solve: nnls x in [0.00, 0.70], >0.1: 14 muscles
  top: add_long_l=0.70, tib_ant_r=0.61, tib_ant_l=0.46, ext_dig_r=0.37, glut_min1_l=0.33, pect_l=0.32, glut_min2_l=0.31, ext_dig_l=0.25
Fmax range: 5..3396 N | L range sample: [0.229942 0.326094]
t=  1.00 max|qacc|=       5.3 max|qvel|=   1.10 ncon=  0 com_z=0.933 com_x=-0.146
t=  1.50 max|qacc|=      21.9 max|qvel|=   1.42 ncon=  0 com_z=0.933 com_x=-0.152
t=  2.00 max|qacc|=       8.1 max|qvel|=   0.82 ncon=  0 com_z=0.932 com_x=-0.137
t=  2.50 max|qacc|=      17.0 max|qvel|=   0.19 ncon=  0 com_z=0.936 com_x=-0.155
t=  3.00 max|qacc|=      10.6 max|qvel|=   0.39 ncon=  0 com_z=0.933 com_x=-0.141
t=  3.50 max|qacc|=      14.1 max|qvel|=   1.14 ncon=  0 com_z=0.933 com_x=-0.150
t=  4.00 max|qacc|=     111.1 max|qvel|=   0.74 ncon=  0 com_z=0.932 com_x=-0.147
t=  4.50 max|qacc|=      23.0 max|qvel|=   0.97 ncon=  0 com_z=0.929 com_x=-0.140
t=  5.00 max|qacc|=      67.4 max|qvel|=   0.83 ncon=  0 com_z=0.929 com_x=-0.136
t=  5.50 max|qacc|=      25.3 max|qvel|=   0.83 ncon=  0 com_z=0.927 com_x=-0.121
t=  6.00 max|qacc|=      18.4 max|qvel|=   0.39 ncon=  0 com_z=0.926 com_x=-0.121
t=  6.50 max|qacc|=      23.8 max|qvel|=   0.26 ncon=  0 com_z=0.927 com_x=-0.119
t=  7.00 max|qacc|=      16.5 max|qvel|=   0.17 ncon=  0 com_z=0.926 com_x=-0.120
t=  7.50 max|qacc|=      13.7 max|qvel|=   0.10 ncon=  0 com_z=0.926 com_x=-0.120
t=  8.00 max|qacc|=      17.0 max|qvel|=   0.12 ncon=  0 com_z=0.926 com_x=-0.120
t=  8.50 max|qacc|=      13.3 max|qvel|=   0.10 ncon=  0 com_z=0.926 com_x=-0.121
t=  9.00 max|qacc|=      18.9 max|qvel|=   0.10 ncon=  0 com_z=0.926 com_x=-0.119
t=  9.50 max|qacc|=      26.3 max|qvel|=   0.11 ncon=  0 com_z=0.926 com_x=-0.121
t= 10.00 max|qacc|=       5.0 max|qvel|=   0.09 ncon=  0 com_z=0.926 com_x=-0.120
t= 10.50 max|qacc|=       8.4 max|qvel|=   0.11 ncon=  0 com_z=0.926 com_x=-0.120
t= 11.00 max|qacc|=      12.5 max|qvel|=   0.12 ncon=  0 com_z=0.926 com_x=-0.121
t= 11.50 max|qacc|=      10.9 max|qvel|=   0.12 ncon=  0 com_z=0.926 com_x=-0.120
t= 12.00 max|qacc|=      10.9 max|qvel|=   0.13 ncon=  0 com_z=0.926 com_x=-0.121
t= 12.50 max|qacc|=       9.2 max|qvel|=   0.14 ncon=  0 com_z=0.926 com_x=-0.120
t= 13.00 max|qacc|=      13.3 max|qvel|=   0.14 ncon=  0 com_z=0.926 com_x=-0.120
t= 13.50 max|qacc|=      12.8 max|qvel|=   0.14 ncon=  0 com_z=0.926 com_x=-0.121
t= 14.00 max|qacc|=      22.3 max|qvel|=   0.14 ncon=  0 com_z=0.926 com_x=-0.120
t= 14.50 max|qacc|=      18.4 max|qvel|=   0.14 ncon=  0 com_z=0.926 com_x=-0.121
t= 15.00 max|qacc|=      39.5 max|qvel|=   0.14 ncon=  0 com_z=0.926 com_x=-0.120
t= 15.50 max|qacc|=      14.0 max|qvel|=   0.83 ncon=  0 com_z=0.926 com_x=-0.120
t= 16.00 max|qacc|=      17.6 max|qvel|=   0.47 ncon=  0 com_z=0.926 com_x=-0.123
t= 16.50 max|qacc|=      18.1 max|qvel|=   0.83 ncon=  0 com_z=0.930 com_x=-0.140
t= 17.00 max|qacc|=      17.9 max|qvel|=   2.90 ncon=  0 com_z=0.946 com_x=-0.164
t= 17.50 max|qacc|=      23.4 max|qvel|=   2.60 ncon=  0 com_z=0.930 com_x=-0.136
t= 18.00 max|qacc|=      15.5 max|qvel|=   0.93 ncon=  0 com_z=0.934 com_x=-0.147
t= 18.50 max|qacc|=      20.8 max|qvel|=   0.60 ncon=  0 com_z=0.935 com_x=-0.156
t= 19.00 max|qacc|=      10.1 max|qvel|=   0.18 ncon=  0 com_z=0.931 com_x=-0.136
t= 19.50 max|qacc|=       6.4 max|qvel|=   0.11 ncon=  0 com_z=0.936 com_x=-0.154
t= 20.00 max|qacc|=      17.3 max|qvel|=   0.23 ncon=  0 com_z=0.931 com_x=-0.144
t= 20.50 max|qacc|=      17.1 max|qvel|=   0.32 ncon=  0 com_z=0.933 com_x=-0.147
t= 21.00 max|qacc|=      17.6 max|qvel|=   0.19 ncon=  0 com_z=0.934 com_x=-0.150
t= 21.50 max|qacc|=       9.6 max|qvel|=   0.14 ncon=  0 com_z=0.932 com_x=-0.143
t= 22.00 max|qacc|=       8.1 max|qvel|=   0.13 ncon=  0 com_z=0.934 com_x=-0.150
t= 22.50 max|qacc|=      10.6 max|qvel|=   0.13 ncon=  0 com_z=0.932 com_x=-0.145
t= 23.00 max|qacc|=      20.4 max|qvel|=   0.19 ncon=  0 com_z=0.933 com_x=-0.148
t= 23.50 max|qacc|=      11.6 max|qvel|=   0.10 ncon=  0 com_z=0.933 com_x=-0.148
t= 24.00 max|qacc|=      10.7 max|qvel|=   0.13 ncon=  0 com_z=0.933 com_x=-0.146
t= 24.50 max|qacc|=       8.4 max|qvel|=   0.14 ncon=  0 com_z=0.933 com_x=-0.148
t= 25.00 max|qacc|=       5.5 max|qvel|=   0.10 ncon=  0 com_z=0.933 com_x=-0.146
t= 25.50 max|qacc|=      21.5 max|qvel|=   0.16 ncon=  0 com_z=0.933 com_x=-0.147
t= 26.00 max|qacc|=       4.8 max|qvel|=   0.15 ncon=  0 com_z=0.933 com_x=-0.147
t= 26.50 max|qacc|=      16.8 max|qvel|=   0.10 ncon=  0 com_z=0.933 com_x=-0.146
t= 27.00 max|qacc|=       8.0 max|qvel|=   0.14 ncon=  0 com_z=0.933 com_x=-0.147
t= 27.50 max|qacc|=       5.3 max|qvel|=   0.08 ncon=  0 com_z=0.933 com_x=-0.146
t= 28.00 max|qacc|=      21.4 max|qvel|=   0.12 ncon=  0 com_z=0.933 com_x=-0.147
t= 28.50 max|qacc|=      11.4 max|qvel|=   0.19 ncon=  0 com_z=0.933 com_x=-0.147
t= 29.00 max|qacc|=      19.7 max|qvel|=   0.08 ncon=  0 com_z=0.933 com_x=-0.147
t= 29.50 max|qacc|=       7.7 max|qvel|=   0.15 ncon=  0 com_z=0.933 com_x=-0.147
t= 30.00 max|qacc|=       7.3 max|qvel|=   0.10 ncon=  0 com_z=0.933 com_x=-0.147
t= 30.50 max|qacc|=      18.2 max|qvel|=   0.09 ncon=  0 com_z=0.933 com_x=-0.147

== summary ==
pelvis/COM height: start 0.94 m, min 0.93 m, final 0.93 m  (stayed up)
COM x: min -0.17 max -0.11 final -0.15 m
COM y: min -0.024 max -0.001 m
RG_F_r bursts during walk window: 0
peak ctrl: [0.15 0.3  0.36 0.69 0.1  0.12 0.44 0.17 0.1  0.03 0.15 0.3  0.36 0.61
 0.1  0.12 0.38 0.17 0.1  0.03] (('vas_lat_r', 'med_gas_r', 'soleus_r', 'tib_ant_r', 'psoas_r', 'semimem_r', 'glut_max2_r', 'rect_fem_r', 'sar_r', 'grac_r', 'vas_lat_l', 'med_gas_l', 'soleus_l', 'tib_ant_l', 'psoas_l', 'semimem_l', 'glut_max2_l', 'rect_fem_l', 'sar_l', 'grac_l'))
  hip_flexion_r         10.6 ..    35.3 deg
  knee_angle_r         -45.3 ..    10.8 deg
  ankle_angle_r        -55.7 ..    31.6 deg
  hip_adduction_r       -2.3 ..    10.3 deg
  subtalar_angle_r      -0.8 ..    17.7 deg
  hip_flexion_l        -16.6 ..    21.9 deg
  knee_angle_l         -55.9 ..    11.1 deg
  ankle_angle_l        -59.6 ..    20.2 deg
  hip_adduction_l      -10.4 ..    13.1 deg
  subtalar_angle_l      -1.0 ..    23.3 deg
  pelvis_tilt           -1.9 ..    -0.2 deg
  pelvis_list           -0.5 ..    -0.3 deg
  pelvis_rotation        2.4 ..     2.5 deg
saved spinal_run.npz
saved spinal_run.png
fitted baseline loaded: e2_pf=0.222 f1_df=0.098 f1_kf=0.148 post_kneext=0.011 post_hipext=0.068 desc_f=1.400 e2_adapt=1.700
start pose (normal.mot): applied 20 coordinates as given; IMU-metric torso lean -0.0 deg (+ = back)
standing solve: nnls x in [0.00, 0.70], >0.1: 14 muscles
  top: add_long_l=0.70, tib_ant_r=0.61, tib_ant_l=0.46, ext_dig_r=0.37, glut_min1_l=0.33, pect_l=0.32, glut_min2_l=0.31, ext_dig_l=0.25
Fmax range: 5..3396 N | L range sample: [0.229942 0.326094]
t=  1.00 max|qacc|=      10.9 max|qvel|=   1.13 ncon=  0 com_z=0.934 com_x=-0.148
t=  1.50 max|qacc|=      22.0 max|qvel|=   1.44 ncon=  0 com_z=0.933 com_x=-0.151
t=  2.00 max|qacc|=       8.4 max|qvel|=   0.81 ncon=  0 com_z=0.932 com_x=-0.137
t=  2.50 max|qacc|=      13.9 max|qvel|=   0.19 ncon=  0 com_z=0.936 com_x=-0.155
t=  3.00 max|qacc|=      10.9 max|qvel|=   0.36 ncon=  0 com_z=0.933 com_x=-0.141
t=  3.50 max|qacc|=      13.0 max|qvel|=   1.20 ncon=  0 com_z=0.934 com_x=-0.151
t=  4.00 max|qacc|=      49.0 max|qvel|=   0.64 ncon=  0 com_z=0.932 com_x=-0.150
t=  4.50 max|qacc|=     332.4 max|qvel|=   0.78 ncon=  0 com_z=0.930 com_x=-0.143
t=  5.00 max|qacc|=     101.5 max|qvel|=   1.22 ncon=  0 com_z=0.930 com_x=-0.140
t=  5.50 max|qacc|=      40.1 max|qvel|=   0.18 ncon=  0 com_z=0.928 com_x=-0.125
t=  6.00 max|qacc|=      13.6 max|qvel|=   0.08 ncon=  0 com_z=0.926 com_x=-0.123
t=  6.50 max|qacc|=      15.4 max|qvel|=   0.11 ncon=  0 com_z=0.927 com_x=-0.122
t=  7.00 max|qacc|=      20.6 max|qvel|=   0.13 ncon=  0 com_z=0.926 com_x=-0.123
t=  7.50 max|qacc|=      18.0 max|qvel|=   0.11 ncon=  0 com_z=0.927 com_x=-0.122
t=  8.00 max|qacc|=      32.7 max|qvel|=   0.13 ncon=  0 com_z=0.927 com_x=-0.122
t=  8.50 max|qacc|=      13.7 max|qvel|=   0.09 ncon=  0 com_z=0.927 com_x=-0.123
t=  9.00 max|qacc|=      20.6 max|qvel|=   0.09 ncon=  0 com_z=0.927 com_x=-0.122
t=  9.50 max|qacc|=      16.2 max|qvel|=   0.12 ncon=  0 com_z=0.927 com_x=-0.123
t= 10.00 max|qacc|=      23.0 max|qvel|=   0.11 ncon=  0 com_z=0.927 com_x=-0.122
t= 10.50 max|qacc|=      29.7 max|qvel|=   0.10 ncon=  0 com_z=0.927 com_x=-0.123
t= 11.00 max|qacc|=      11.1 max|qvel|=   0.10 ncon=  0 com_z=0.927 com_x=-0.123
t= 11.50 max|qacc|=      13.4 max|qvel|=   0.12 ncon=  0 com_z=0.927 com_x=-0.122
t= 12.00 max|qacc|=      22.4 max|qvel|=   0.11 ncon=  0 com_z=0.927 com_x=-0.123
t= 12.50 max|qacc|=      86.4 max|qvel|=   0.11 ncon=  0 com_z=0.927 com_x=-0.122
t= 13.00 max|qacc|=      32.8 max|qvel|=   0.11 ncon=  0 com_z=0.927 com_x=-0.123
t= 13.50 max|qacc|=      30.9 max|qvel|=   0.11 ncon=  0 com_z=0.927 com_x=-0.122
t= 14.00 max|qacc|=      24.2 max|qvel|=   0.13 ncon=  0 com_z=0.927 com_x=-0.122
t= 14.50 max|qacc|=      16.9 max|qvel|=   0.11 ncon=  0 com_z=0.927 com_x=-0.123
t= 15.00 max|qacc|=      24.7 max|qvel|=   0.11 ncon=  0 com_z=0.927 com_x=-0.122
t= 15.50 max|qacc|=       8.5 max|qvel|=   0.90 ncon=  0 com_z=0.926 com_x=-0.121
t= 16.00 max|qacc|=       9.8 max|qvel|=   0.69 ncon=  0 com_z=0.926 com_x=-0.121
t= 16.50 max|qacc|=      23.9 max|qvel|=   3.11 ncon=  0 com_z=0.939 com_x=-0.141
t= 17.00 max|qacc|=      14.8 max|qvel|=   1.76 ncon=  0 com_z=0.940 com_x=-0.167
t= 17.50 max|qacc|=      17.8 max|qvel|=   1.56 ncon=  0 com_z=0.928 com_x=-0.115
t= 18.00 max|qacc|=       5.6 max|qvel|=   1.21 ncon=  0 com_z=0.950 com_x=-0.176
t= 18.50 max|qacc|=      12.6 max|qvel|=   1.14 ncon=  0 com_z=0.929 com_x=-0.131
t= 19.00 max|qacc|=       3.9 max|qvel|=   0.80 ncon=  0 com_z=0.936 com_x=-0.151
t= 19.50 max|qacc|=      22.6 max|qvel|=   0.71 ncon=  0 com_z=0.934 com_x=-0.155
t= 20.00 max|qacc|=      12.5 max|qvel|=   0.49 ncon=  0 com_z=0.930 com_x=-0.136
t= 20.50 max|qacc|=      19.5 max|qvel|=   0.13 ncon=  0 com_z=0.937 com_x=-0.158
t= 21.00 max|qacc|=       9.8 max|qvel|=   0.30 ncon=  0 com_z=0.931 com_x=-0.140
t= 21.50 max|qacc|=       7.3 max|qvel|=   0.29 ncon=  0 com_z=0.934 com_x=-0.149
t= 22.00 max|qacc|=      16.4 max|qvel|=   0.24 ncon=  0 com_z=0.933 com_x=-0.149
t= 22.50 max|qacc|=      17.3 max|qvel|=   0.25 ncon=  0 com_z=0.932 com_x=-0.144
t= 23.00 max|qacc|=      16.3 max|qvel|=   0.09 ncon=  0 com_z=0.934 com_x=-0.151
t= 23.50 max|qacc|=       9.6 max|qvel|=   0.14 ncon=  0 com_z=0.932 com_x=-0.144
t= 24.00 max|qacc|=       8.3 max|qvel|=   0.13 ncon=  0 com_z=0.934 com_x=-0.148
t= 24.50 max|qacc|=       9.8 max|qvel|=   0.15 ncon=  0 com_z=0.933 com_x=-0.147
t= 25.00 max|qacc|=      20.6 max|qvel|=   0.19 ncon=  0 com_z=0.932 com_x=-0.147
t= 25.50 max|qacc|=      10.2 max|qvel|=   0.11 ncon=  0 com_z=0.933 com_x=-0.149
t= 26.00 max|qacc|=      11.0 max|qvel|=   0.12 ncon=  0 com_z=0.933 com_x=-0.146
t= 26.50 max|qacc|=       8.4 max|qvel|=   0.14 ncon=  0 com_z=0.933 com_x=-0.147
t= 27.00 max|qacc|=       4.7 max|qvel|=   0.11 ncon=  0 com_z=0.933 com_x=-0.147
t= 27.50 max|qacc|=      21.8 max|qvel|=   0.16 ncon=  0 com_z=0.933 com_x=-0.147
t= 28.00 max|qacc|=       6.4 max|qvel|=   0.16 ncon=  0 com_z=0.933 com_x=-0.148
t= 28.50 max|qacc|=      17.9 max|qvel|=   0.09 ncon=  0 com_z=0.933 com_x=-0.147
t= 29.00 max|qacc|=       7.9 max|qvel|=   0.15 ncon=  0 com_z=0.933 com_x=-0.147
t= 29.50 max|qacc|=       5.8 max|qvel|=   0.08 ncon=  0 com_z=0.933 com_x=-0.147
t= 30.00 max|qacc|=      21.1 max|qvel|=   0.11 ncon=  0 com_z=0.933 com_x=-0.147
t= 30.50 max|qacc|=      12.6 max|qvel|=   0.19 ncon=  0 com_z=0.933 com_x=-0.148

== summary ==
pelvis/COM height: start 0.94 m, min 0.93 m, final 0.93 m  (stayed up)
COM x: min -0.18 max -0.11 final -0.15 m
COM y: min -0.024 max -0.001 m
RG_F_r bursts during walk window: 0
peak ctrl: [0.16 0.32 0.37 0.69 0.1  0.14 0.45 0.18 0.1  0.03 0.16 0.32 0.37 0.61
 0.1  0.14 0.39 0.18 0.1  0.03] (('vas_lat_r', 'med_gas_r', 'soleus_r', 'tib_ant_r', 'psoas_r', 'semimem_r', 'glut_max2_r', 'rect_fem_r', 'sar_r', 'grac_r', 'vas_lat_l', 'med_gas_l', 'soleus_l', 'tib_ant_l', 'psoas_l', 'semimem_l', 'glut_max2_l', 'rect_fem_l', 'sar_l', 'grac_l'))
  hip_flexion_r         12.0 ..    37.8 deg
  knee_angle_r         -58.9 ..    10.9 deg
  ankle_angle_r        -56.5 ..    34.6 deg
  hip_adduction_r       -3.1 ..    10.3 deg
  subtalar_angle_r      -0.9 ..    17.6 deg
  hip_flexion_l        -16.6 ..    23.0 deg
  knee_angle_l         -69.8 ..    11.3 deg
  ankle_angle_l        -60.4 ..    24.6 deg
  hip_adduction_l      -10.3 ..    13.8 deg
  subtalar_angle_l      -1.2 ..    23.5 deg
  pelvis_tilt           -1.9 ..    -0.1 deg
  pelvis_list           -0.5 ..    -0.3 deg
  pelvis_rotation        2.3 ..     2.5 deg
saved spinal_run.npz
saved spinal_run.png
fitted baseline loaded: e2_pf=0.222 f1_df=0.098 f1_kf=0.148 post_kneext=0.011 post_hipext=0.068 desc_f=1.400 e2_adapt=1.700
start pose (normal.mot): applied 20 coordinates as given; IMU-metric torso lean -0.0 deg (+ = back)
standing solve: nnls x in [0.00, 0.70], >0.1: 14 muscles
  top: add_long_l=0.70, tib_ant_r=0.61, tib_ant_l=0.46, ext_dig_r=0.37, glut_min1_l=0.33, pect_l=0.32, glut_min2_l=0.31, ext_dig_l=0.25
Fmax range: 5..3396 N | L range sample: [0.229942 0.326094]
t=  1.00 max|qacc|=       7.9 max|qvel|=   1.81 ncon=  0 com_z=0.928 com_x=-0.126
t=  1.50 max|qacc|=      19.4 max|qvel|=   0.53 ncon=  0 com_z=0.928 com_x=-0.133
t=  2.00 max|qacc|=       8.3 max|qvel|=   0.33 ncon=  0 com_z=0.931 com_x=-0.129
t=  2.50 max|qacc|=      16.8 max|qvel|=   0.17 ncon=  0 com_z=0.928 com_x=-0.134
t=  3.00 max|qacc|=       9.7 max|qvel|=   0.40 ncon=  0 com_z=0.930 com_x=-0.133
t=  3.50 max|qacc|=      37.5 max|qvel|=   0.91 ncon=  0 com_z=0.930 com_x=-0.138
t=  4.00 max|qacc|=     191.5 max|qvel|=   1.21 ncon=  0 com_z=0.932 com_x=-0.145
t=  4.50 max|qacc|=     420.1 max|qvel|=   0.92 ncon=  0 com_z=0.928 com_x=-0.127
t=  5.00 max|qacc|=     110.6 max|qvel|=   1.11 ncon=  0 com_z=0.929 com_x=-0.127
t=  5.50 max|qacc|=     117.6 max|qvel|=   0.21 ncon=  0 com_z=0.928 com_x=-0.119
t=  6.00 max|qacc|=      65.0 max|qvel|=   0.23 ncon=  0 com_z=0.927 com_x=-0.106
t=  6.50 max|qacc|=      52.5 max|qvel|=   0.14 ncon=  0 com_z=0.927 com_x=-0.108
t=  7.00 max|qacc|=      12.3 max|qvel|=   0.16 ncon=  0 com_z=0.926 com_x=-0.110
t=  7.50 max|qacc|=      17.7 max|qvel|=   0.09 ncon=  0 com_z=0.927 com_x=-0.108
t=  8.00 max|qacc|=      16.4 max|qvel|=   0.12 ncon=  0 com_z=0.927 com_x=-0.109
t=  8.50 max|qacc|=      25.8 max|qvel|=   0.11 ncon=  0 com_z=0.927 com_x=-0.109
t=  9.00 max|qacc|=      22.0 max|qvel|=   0.11 ncon=  0 com_z=0.927 com_x=-0.108
t=  9.50 max|qacc|=      22.6 max|qvel|=   0.08 ncon=  0 com_z=0.927 com_x=-0.109
t= 10.00 max|qacc|=      19.6 max|qvel|=   0.09 ncon=  0 com_z=0.927 com_x=-0.109
t= 10.50 max|qacc|=      93.4 max|qvel|=   0.16 ncon=  0 com_z=0.926 com_x=-0.109
t= 11.00 max|qacc|=      21.7 max|qvel|=   0.15 ncon=  0 com_z=0.926 com_x=-0.109
t= 11.50 max|qacc|=      15.6 max|qvel|=   0.07 ncon=  0 com_z=0.927 com_x=-0.109
t= 12.00 max|qacc|=      22.0 max|qvel|=   0.09 ncon=  0 com_z=0.927 com_x=-0.109
t= 12.50 max|qacc|=       6.3 max|qvel|=   0.11 ncon=  0 com_z=0.927 com_x=-0.108
t= 13.00 max|qacc|=      24.5 max|qvel|=   0.11 ncon=  0 com_z=0.927 com_x=-0.108
t= 13.50 max|qacc|=      10.9 max|qvel|=   0.09 ncon=  0 com_z=0.927 com_x=-0.109
t= 14.00 max|qacc|=      14.3 max|qvel|=   0.12 ncon=  0 com_z=0.927 com_x=-0.109
t= 14.50 max|qacc|=      18.6 max|qvel|=   0.14 ncon=  0 com_z=0.926 com_x=-0.109
t= 15.00 max|qacc|=      22.2 max|qvel|=   0.15 ncon=  0 com_z=0.926 com_x=-0.109
t= 15.50 max|qacc|=       5.7 max|qvel|=   0.47 ncon=  0 com_z=0.926 com_x=-0.106
t= 16.00 max|qacc|=      42.9 max|qvel|=   5.01 ncon=  0 com_z=0.926 com_x=-0.084
t= 16.50 max|qacc|=      30.3 max|qvel|=   6.09 ncon=  0 com_z=0.950 com_x=-0.172
t= 17.00 max|qacc|=      26.4 max|qvel|=   4.10 ncon=  0 com_z=0.933 com_x=-0.075
t= 17.50 max|qacc|=      16.0 max|qvel|=   2.42 ncon=  0 com_z=0.935 com_x=-0.133
t= 18.00 max|qacc|=      14.6 max|qvel|=   2.80 ncon=  0 com_z=0.939 com_x=-0.158
t= 18.50 max|qacc|=      19.2 max|qvel|=   0.89 ncon=  0 com_z=0.927 com_x=-0.093
t= 19.00 max|qacc|=       6.8 max|qvel|=   0.56 ncon=  0 com_z=0.939 com_x=-0.160
t= 19.50 max|qacc|=      10.5 max|qvel|=   0.83 ncon=  0 com_z=0.928 com_x=-0.127
t= 20.00 max|qacc|=       3.4 max|qvel|=   0.69 ncon=  0 com_z=0.928 com_x=-0.124
t= 20.50 max|qacc|=      15.7 max|qvel|=   0.48 ncon=  0 com_z=0.933 com_x=-0.150
t= 21.00 max|qacc|=      21.1 max|qvel|=   0.16 ncon=  0 com_z=0.927 com_x=-0.119
t= 21.50 max|qacc|=       6.9 max|qvel|=   0.36 ncon=  0 com_z=0.931 com_x=-0.141
t= 22.00 max|qacc|=      17.3 max|qvel|=   0.37 ncon=  0 com_z=0.929 com_x=-0.134
t= 22.50 max|qacc|=       9.0 max|qvel|=   0.27 ncon=  0 com_z=0.928 com_x=-0.127
t= 23.00 max|qacc|=       7.3 max|qvel|=   0.18 ncon=  0 com_z=0.931 com_x=-0.140
t= 23.50 max|qacc|=       4.8 max|qvel|=   0.14 ncon=  0 com_z=0.928 com_x=-0.128
t= 24.00 max|qacc|=      19.4 max|qvel|=   0.20 ncon=  0 com_z=0.929 com_x=-0.135
t= 24.50 max|qacc|=      13.5 max|qvel|=   0.19 ncon=  0 com_z=0.929 com_x=-0.135
t= 25.00 max|qacc|=      13.8 max|qvel|=   0.13 ncon=  0 com_z=0.929 com_x=-0.131
t= 25.50 max|qacc|=       9.6 max|qvel|=   0.11 ncon=  0 com_z=0.930 com_x=-0.136
t= 26.00 max|qacc|=       8.2 max|qvel|=   0.13 ncon=  0 com_z=0.929 com_x=-0.132
t= 26.50 max|qacc|=       4.8 max|qvel|=   0.08 ncon=  0 com_z=0.929 com_x=-0.133
t= 27.00 max|qacc|=      18.3 max|qvel|=   0.11 ncon=  0 com_z=0.929 com_x=-0.134
t= 27.50 max|qacc|=      14.4 max|qvel|=   0.18 ncon=  0 com_z=0.929 com_x=-0.132
t= 28.00 max|qacc|=      11.7 max|qvel|=   0.09 ncon=  0 com_z=0.929 com_x=-0.134
t= 28.50 max|qacc|=      10.3 max|qvel|=   0.10 ncon=  0 com_z=0.929 com_x=-0.133
t= 29.00 max|qacc|=       7.7 max|qvel|=   0.13 ncon=  0 com_z=0.929 com_x=-0.133
t= 29.50 max|qacc|=       5.9 max|qvel|=   0.09 ncon=  0 com_z=0.929 com_x=-0.134
t= 30.00 max|qacc|=      16.5 max|qvel|=   0.08 ncon=  0 com_z=0.929 com_x=-0.133
t= 30.50 max|qacc|=      15.5 max|qvel|=   0.18 ncon=  0 com_z=0.929 com_x=-0.134

== summary ==
pelvis/COM height: start 0.94 m, min 0.92 m, final 0.93 m  (stayed up)
COM x: min -0.18 max -0.07 final -0.13 m
COM y: min -0.024 max -0.003 m
RG_F_r bursts during walk window: 1
peak ctrl: [0.19 0.43 0.44 0.61 0.28 0.24 0.36 0.21 0.28 0.06 0.19 0.43 0.44 0.53
 0.28 0.24 0.26 0.21 0.28 0.06] (('vas_lat_r', 'med_gas_r', 'soleus_r', 'tib_ant_r', 'psoas_r', 'semimem_r', 'glut_max2_r', 'rect_fem_r', 'sar_r', 'grac_r', 'vas_lat_l', 'med_gas_l', 'soleus_l', 'tib_ant_l', 'psoas_l', 'semimem_l', 'glut_max2_l', 'rect_fem_l', 'sar_l', 'grac_l'))
  hip_flexion_r        -10.5 ..    37.1 deg
  knee_angle_r         -80.7 ..    11.4 deg
  ankle_angle_r        -65.3 ..    19.1 deg
  hip_adduction_r       -1.6 ..    14.0 deg
  subtalar_angle_r      -2.4 ..    16.5 deg
  hip_flexion_l        -32.5 ..    18.3 deg
  knee_angle_l         -94.9 ..    10.1 deg
  ankle_angle_l        -69.3 ..     9.8 deg
  hip_adduction_l       -6.5 ..    14.9 deg
  subtalar_angle_l      -2.7 ..    22.4 deg
  pelvis_tilt           -1.9 ..    -0.2 deg
  pelvis_list           -0.5 ..    -0.3 deg
  pelvis_rotation        2.4 ..     2.5 deg
saved spinal_run.npz
saved spinal_run.png
fitted baseline loaded: e2_pf=0.222 f1_df=0.098 f1_kf=0.148 post_kneext=0.011 post_hipext=0.068 desc_f=1.400 e2_adapt=1.700
start pose (normal.mot): applied 20 coordinates as given; IMU-metric torso lean -0.0 deg (+ = back)
standing solve: nnls x in [0.00, 0.70], >0.1: 14 muscles
  top: add_long_l=0.70, tib_ant_r=0.61, tib_ant_l=0.46, ext_dig_r=0.37, glut_min1_l=0.33, pect_l=0.32, glut_min2_l=0.31, ext_dig_l=0.25
Fmax range: 5..3396 N | L range sample: [0.229942 0.326094]
t=  1.00 max|qacc|=       8.5 max|qvel|=   1.72 ncon=  0 com_z=0.928 com_x=-0.129
t=  1.50 max|qacc|=      19.4 max|qvel|=   0.62 ncon=  0 com_z=0.929 com_x=-0.136
t=  2.00 max|qacc|=       9.6 max|qvel|=   0.39 ncon=  0 com_z=0.931 com_x=-0.131
t=  2.50 max|qacc|=      17.3 max|qvel|=   0.18 ncon=  0 com_z=0.929 com_x=-0.139
t=  3.00 max|qacc|=       9.9 max|qvel|=   0.41 ncon=  0 com_z=0.931 com_x=-0.134
t=  3.50 max|qacc|=     194.1 max|qvel|=   0.70 ncon=  0 com_z=0.930 com_x=-0.139
t=  4.00 max|qacc|=      51.6 max|qvel|=   0.67 ncon=  0 com_z=0.930 com_x=-0.141
t=  4.50 max|qacc|=      19.7 max|qvel|=   0.57 ncon=  0 com_z=0.927 com_x=-0.124
t=  5.00 max|qacc|=      13.3 max|qvel|=   0.45 ncon=  0 com_z=0.927 com_x=-0.120
t=  5.50 max|qacc|=       5.9 max|qvel|=   0.26 ncon=  0 com_z=0.927 com_x=-0.110
t=  6.00 max|qacc|=       8.9 max|qvel|=   0.25 ncon=  0 com_z=0.925 com_x=-0.097
t=  6.50 max|qacc|=      55.1 max|qvel|=   6.35 ncon=  0 com_z=0.925 com_x=-0.094
t=  7.00 max|qacc|=      38.9 max|qvel|=   6.04 ncon=  0 com_z=0.947 com_x=-0.142
t=  7.50 max|qacc|=      20.3 max|qvel|=   1.94 ncon=  0 com_z=0.953 com_x=-0.047
t=  8.00 max|qacc|=      14.2 max|qvel|=   1.42 ncon=  0 com_z=0.938 com_x=-0.083
t=  8.50 max|qacc|=       6.8 max|qvel|=   1.56 ncon=  0 com_z=0.938 com_x=-0.095
t=  9.00 max|qacc|=       8.3 max|qvel|=   0.56 ncon=  0 com_z=0.944 com_x=-0.064
t=  9.50 max|qacc|=       2.0 max|qvel|=   0.53 ncon=  0 com_z=0.938 com_x=-0.089
t= 10.00 max|qacc|=       3.5 max|qvel|=   0.36 ncon=  0 com_z=0.939 com_x=-0.080
t= 10.50 max|qacc|=       1.5 max|qvel|=   0.29 ncon=  0 com_z=0.940 com_x=-0.078
t= 11.00 max|qacc|=       1.4 max|qvel|=   0.14 ncon=  0 com_z=0.939 com_x=-0.084
t= 11.50 max|qacc|=       1.8 max|qvel|=   0.08 ncon=  0 com_z=0.940 com_x=-0.079
t= 12.00 max|qacc|=       1.0 max|qvel|=   0.10 ncon=  0 com_z=0.939 com_x=-0.081
t= 12.50 max|qacc|=       0.8 max|qvel|=   0.09 ncon=  0 com_z=0.939 com_x=-0.081
t= 13.00 max|qacc|=       0.2 max|qvel|=   0.11 ncon=  0 com_z=0.939 com_x=-0.080
t= 13.50 max|qacc|=       0.4 max|qvel|=   0.09 ncon=  0 com_z=0.939 com_x=-0.081
t= 14.00 max|qacc|=       0.3 max|qvel|=   0.07 ncon=  0 com_z=0.939 com_x=-0.080
t= 14.50 max|qacc|=       0.4 max|qvel|=   0.04 ncon=  0 com_z=0.939 com_x=-0.080
t= 15.00 max|qacc|=       0.4 max|qvel|=   0.03 ncon=  0 com_z=0.939 com_x=-0.081
t= 15.50 max|qacc|=       2.6 max|qvel|=   0.70 ncon=  0 com_z=0.937 com_x=-0.080
t= 16.00 max|qacc|=      73.8 max|qvel|=   3.62 ncon=  0 com_z=0.929 com_x=-0.074
t= 16.50 max|qacc|=      34.1 max|qvel|=   1.49 ncon=  0 com_z=0.968 com_x=-0.200
t= 17.00 max|qacc|=      18.9 max|qvel|=   2.76 ncon=  0 com_z=0.931 com_x=-0.077
t= 17.50 max|qacc|=      12.7 max|qvel|=   2.69 ncon=  0 com_z=0.931 com_x=-0.119
t= 18.00 max|qacc|=      15.9 max|qvel|=   1.82 ncon=  0 com_z=0.946 com_x=-0.178
t= 18.50 max|qacc|=      12.4 max|qvel|=   0.94 ncon=  0 com_z=0.929 com_x=-0.078
t= 19.00 max|qacc|=       9.9 max|qvel|=   0.98 ncon=  0 com_z=0.945 com_x=-0.171
t= 19.50 max|qacc|=       7.0 max|qvel|=   1.36 ncon=  0 com_z=0.927 com_x=-0.129
t= 20.00 max|qacc|=       7.8 max|qvel|=   0.97 ncon=  0 com_z=0.928 com_x=-0.122
t= 20.50 max|qacc|=      18.9 max|qvel|=   0.52 ncon=  0 com_z=0.936 com_x=-0.159
t= 21.00 max|qacc|=      11.7 max|qvel|=   0.38 ncon=  0 com_z=0.926 com_x=-0.116
t= 21.50 max|qacc|=       7.6 max|qvel|=   0.61 ncon=  0 com_z=0.933 com_x=-0.147
t= 22.00 max|qacc|=      19.4 max|qvel|=   0.57 ncon=  0 com_z=0.929 com_x=-0.136
t= 22.50 max|qacc|=       8.7 max|qvel|=   0.36 ncon=  0 com_z=0.929 com_x=-0.129
t= 23.00 max|qacc|=       6.9 max|qvel|=   0.19 ncon=  0 com_z=0.932 com_x=-0.145
t= 23.50 max|qacc|=       6.5 max|qvel|=   0.11 ncon=  0 com_z=0.928 com_x=-0.129
t= 24.00 max|qacc|=      19.7 max|qvel|=   0.23 ncon=  0 com_z=0.930 com_x=-0.139
t= 24.50 max|qacc|=       8.9 max|qvel|=   0.19 ncon=  0 com_z=0.929 com_x=-0.138
t= 25.00 max|qacc|=      17.6 max|qvel|=   0.17 ncon=  0 com_z=0.929 com_x=-0.133
t= 25.50 max|qacc|=       7.7 max|qvel|=   0.13 ncon=  0 com_z=0.931 com_x=-0.139
t= 26.00 max|qacc|=       8.6 max|qvel|=   0.12 ncon=  0 com_z=0.929 com_x=-0.134
t= 26.50 max|qacc|=       8.4 max|qvel|=   0.11 ncon=  0 com_z=0.930 com_x=-0.137
t= 27.00 max|qacc|=      19.8 max|qvel|=   0.16 ncon=  0 com_z=0.929 com_x=-0.137
t= 27.50 max|qacc|=       6.0 max|qvel|=   0.15 ncon=  0 com_z=0.929 com_x=-0.135
t= 28.00 max|qacc|=      17.2 max|qvel|=   0.06 ncon=  0 com_z=0.930 com_x=-0.137
t= 28.50 max|qacc|=       7.9 max|qvel|=   0.13 ncon=  0 com_z=0.930 com_x=-0.135
t= 29.00 max|qacc|=       7.6 max|qvel|=   0.11 ncon=  0 com_z=0.930 com_x=-0.136
t= 29.50 max|qacc|=      11.9 max|qvel|=   0.11 ncon=  0 com_z=0.929 com_x=-0.137
t= 30.00 max|qacc|=      18.8 max|qvel|=   0.18 ncon=  0 com_z=0.929 com_x=-0.136
t= 30.50 max|qacc|=       6.4 max|qvel|=   0.12 ncon=  0 com_z=0.930 com_x=-0.137

== summary ==
pelvis/COM height: start 0.94 m, min 0.92 m, final 0.93 m  (stayed up)
COM x: min -0.20 max -0.04 final -0.14 m
COM y: min -0.024 max +0.003 m
RG_F_r bursts during walk window: 1
peak ctrl: [0.28 0.51 0.51 0.62 0.33 0.31 0.41 0.31 0.33 0.08 0.28 0.52 0.52 0.54
 0.33 0.31 0.35 0.31 0.33 0.08] (('vas_lat_r', 'med_gas_r', 'soleus_r', 'tib_ant_r', 'psoas_r', 'semimem_r', 'glut_max2_r', 'rect_fem_r', 'sar_r', 'grac_r', 'vas_lat_l', 'med_gas_l', 'soleus_l', 'tib_ant_l', 'psoas_l', 'semimem_l', 'glut_max2_l', 'rect_fem_l', 'sar_l', 'grac_l'))
  hip_flexion_r        -41.7 ..    53.4 deg
  knee_angle_r        -100.4 ..    11.6 deg
  ankle_angle_r        -63.1 ..    14.6 deg
  hip_adduction_r       -4.2 ..    11.6 deg
  subtalar_angle_r      -2.1 ..    16.6 deg
  hip_flexion_l        -46.8 ..    40.4 deg
  knee_angle_l        -112.8 ..    11.6 deg
  ankle_angle_l        -67.3 ..     9.8 deg
  hip_adduction_l       -7.0 ..    12.9 deg
  subtalar_angle_l      -2.4 ..    22.7 deg
  pelvis_tilt           -1.9 ..     0.1 deg
  pelvis_list           -0.5 ..    -0.2 deg
  pelvis_rotation        2.3 ..     2.5 deg
saved spinal_run.npz
saved spinal_run.png
fitted baseline loaded: e2_pf=0.222 f1_df=0.098 f1_kf=0.148 post_kneext=0.011 post_hipext=0.068 desc_f=1.400 e2_adapt=1.700
start pose (normal.mot): applied 20 coordinates as given; IMU-metric torso lean -0.0 deg (+ = back)
standing solve: nnls x in [0.00, 0.70], >0.1: 14 muscles
  top: add_long_l=0.70, tib_ant_r=0.61, tib_ant_l=0.46, ext_dig_r=0.37, glut_min1_l=0.33, pect_l=0.32, glut_min2_l=0.31, ext_dig_l=0.25
Fmax range: 5..3396 N | L range sample: [0.229942 0.326094]
t=  1.00 max|qacc|=       6.4 max|qvel|=   1.43 ncon=  0 com_z=0.928 com_x=-0.128
t=  1.50 max|qacc|=      19.3 max|qvel|=   0.63 ncon=  0 com_z=0.928 com_x=-0.134
t=  2.00 max|qacc|=      14.9 max|qvel|=   0.39 ncon=  0 com_z=0.931 com_x=-0.130
t=  2.50 max|qacc|=      13.1 max|qvel|=   0.17 ncon=  0 com_z=0.929 com_x=-0.137
t=  3.00 max|qacc|=      10.3 max|qvel|=   0.38 ncon=  0 com_z=0.930 com_x=-0.133
t=  3.50 max|qacc|=     203.1 max|qvel|=   0.72 ncon=  0 com_z=0.930 com_x=-0.138
t=  4.00 max|qacc|=     114.4 max|qvel|=   0.78 ncon=  0 com_z=0.930 com_x=-0.139
t=  4.50 max|qacc|=     364.8 max|qvel|=   1.26 ncon=  0 com_z=0.927 com_x=-0.122
t=  5.00 max|qacc|=      14.0 max|qvel|=   0.61 ncon=  0 com_z=0.926 com_x=-0.118
t=  5.50 max|qacc|=       9.4 max|qvel|=   0.25 ncon=  0 com_z=0.927 com_x=-0.108
t=  6.00 max|qacc|=       9.3 max|qvel|=   0.25 ncon=  0 com_z=0.926 com_x=-0.094
t=  6.50 max|qacc|=      10.2 max|qvel|=   0.18 ncon=  0 com_z=0.926 com_x=-0.096
t=  7.00 max|qacc|=       9.5 max|qvel|=   0.05 ncon=  0 com_z=0.925 com_x=-0.100
t=  7.50 max|qacc|=       7.7 max|qvel|=   0.11 ncon=  0 com_z=0.925 com_x=-0.096
t=  8.00 max|qacc|=      14.9 max|qvel|=   0.07 ncon=  0 com_z=0.925 com_x=-0.098
t=  8.50 max|qacc|=       4.6 max|qvel|=   0.08 ncon=  0 com_z=0.925 com_x=-0.098
t=  9.00 max|qacc|=       9.4 max|qvel|=   0.11 ncon=  0 com_z=0.925 com_x=-0.097
t=  9.50 max|qacc|=      10.2 max|qvel|=   0.07 ncon=  0 com_z=0.925 com_x=-0.098
t= 10.00 max|qacc|=       5.5 max|qvel|=   0.06 ncon=  0 com_z=0.925 com_x=-0.098
t= 10.50 max|qacc|=       9.6 max|qvel|=   0.12 ncon=  0 com_z=0.925 com_x=-0.098
t= 11.00 max|qacc|=      14.2 max|qvel|=   0.05 ncon=  0 com_z=0.925 com_x=-0.098
t= 11.50 max|qacc|=       4.4 max|qvel|=   0.08 ncon=  0 com_z=0.925 com_x=-0.098
t= 12.00 max|qacc|=       9.8 max|qvel|=   0.10 ncon=  0 com_z=0.925 com_x=-0.097
t= 12.50 max|qacc|=      11.9 max|qvel|=   0.04 ncon=  0 com_z=0.925 com_x=-0.098
t= 13.00 max|qacc|=       3.8 max|qvel|=   0.09 ncon=  0 com_z=0.925 com_x=-0.098
t= 13.50 max|qacc|=      12.6 max|qvel|=   0.11 ncon=  0 com_z=0.925 com_x=-0.098
t= 14.00 max|qacc|=      11.5 max|qvel|=   0.05 ncon=  0 com_z=0.925 com_x=-0.098
t= 14.50 max|qacc|=       6.8 max|qvel|=   0.10 ncon=  0 com_z=0.925 com_x=-0.098
t= 15.00 max|qacc|=      10.1 max|qvel|=   0.08 ncon=  0 com_z=0.925 com_x=-0.098
t= 15.50 max|qacc|=       7.0 max|qvel|=   0.59 ncon=  0 com_z=0.925 com_x=-0.095
t= 16.00 max|qacc|=       4.5 max|qvel|=   0.55 ncon=  0 com_z=0.926 com_x=-0.082
t= 16.50 max|qacc|=      39.6 max|qvel|=   2.18 ncon=  0 com_z=0.949 com_x=-0.133
t= 17.00 max|qacc|=      24.2 max|qvel|=   2.23 ncon=  0 com_z=0.930 com_x=-0.134
t= 17.50 max|qacc|=      13.2 max|qvel|=   2.51 ncon=  0 com_z=0.927 com_x=-0.092
t= 18.00 max|qacc|=      18.4 max|qvel|=   1.18 ncon=  0 com_z=0.948 com_x=-0.175
t= 18.50 max|qacc|=      12.8 max|qvel|=   0.99 ncon=  0 com_z=0.926 com_x=-0.112
t= 19.00 max|qacc|=      14.0 max|qvel|=   1.02 ncon=  0 com_z=0.931 com_x=-0.138
t= 19.50 max|qacc|=      10.4 max|qvel|=   0.86 ncon=  0 com_z=0.932 com_x=-0.149
t= 20.00 max|qacc|=      13.7 max|qvel|=   0.42 ncon=  0 com_z=0.927 com_x=-0.116
t= 20.50 max|qacc|=       9.2 max|qvel|=   0.25 ncon=  0 com_z=0.934 com_x=-0.149
t= 21.00 max|qacc|=       9.4 max|qvel|=   0.51 ncon=  0 com_z=0.928 com_x=-0.129
t= 21.50 max|qacc|=       7.1 max|qvel|=   0.36 ncon=  0 com_z=0.929 com_x=-0.132
t= 22.00 max|qacc|=      13.0 max|qvel|=   0.28 ncon=  0 com_z=0.931 com_x=-0.142
t= 22.50 max|qacc|=      19.0 max|qvel|=   0.17 ncon=  0 com_z=0.927 com_x=-0.128
t= 23.00 max|qacc|=       4.7 max|qvel|=   0.19 ncon=  0 com_z=0.931 com_x=-0.140
t= 23.50 max|qacc|=      17.6 max|qvel|=   0.23 ncon=  0 com_z=0.929 com_x=-0.134
t= 24.00 max|qacc|=       7.8 max|qvel|=   0.13 ncon=  0 com_z=0.929 com_x=-0.133
t= 24.50 max|qacc|=       7.4 max|qvel|=   0.13 ncon=  0 com_z=0.930 com_x=-0.137
t= 25.00 max|qacc|=      10.7 max|qvel|=   0.11 ncon=  0 com_z=0.929 com_x=-0.132
t= 25.50 max|qacc|=      18.9 max|qvel|=   0.17 ncon=  0 com_z=0.929 com_x=-0.136
t= 26.00 max|qacc|=       4.1 max|qvel|=   0.13 ncon=  0 com_z=0.929 com_x=-0.135
t= 26.50 max|qacc|=      16.4 max|qvel|=   0.10 ncon=  0 com_z=0.929 com_x=-0.134
t= 27.00 max|qacc|=       7.6 max|qvel|=   0.13 ncon=  0 com_z=0.930 com_x=-0.136
t= 27.50 max|qacc|=       7.6 max|qvel|=   0.11 ncon=  0 com_z=0.929 com_x=-0.134
t= 28.00 max|qacc|=      11.9 max|qvel|=   0.07 ncon=  0 com_z=0.929 com_x=-0.135
t= 28.50 max|qacc|=      18.7 max|qvel|=   0.18 ncon=  0 com_z=0.929 com_x=-0.135
t= 29.00 max|qacc|=       5.4 max|qvel|=   0.12 ncon=  0 com_z=0.929 com_x=-0.135
t= 29.50 max|qacc|=      15.5 max|qvel|=   0.07 ncon=  0 com_z=0.930 com_x=-0.135
t= 30.00 max|qacc|=       7.6 max|qvel|=   0.13 ncon=  0 com_z=0.929 com_x=-0.134
t= 30.50 max|qacc|=       7.2 max|qvel|=   0.10 ncon=  0 com_z=0.929 com_x=-0.134

== summary ==
pelvis/COM height: start 0.94 m, min 0.92 m, final 0.93 m  (stayed up)
COM x: min -0.18 max -0.08 final -0.14 m
COM y: min -0.024 max -0.001 m
RG_F_r bursts during walk window: 1
peak ctrl: [0.16 0.39 0.41 0.62 0.27 0.2  0.38 0.19 0.27 0.05 0.16 0.39 0.41 0.54
 0.27 0.2  0.28 0.19 0.27 0.05] (('vas_lat_r', 'med_gas_r', 'soleus_r', 'tib_ant_r', 'psoas_r', 'semimem_r', 'glut_max2_r', 'rect_fem_r', 'sar_r', 'grac_r', 'vas_lat_l', 'med_gas_l', 'soleus_l', 'tib_ant_l', 'psoas_l', 'semimem_l', 'glut_max2_l', 'rect_fem_l', 'sar_l', 'grac_l'))
  hip_flexion_r         -4.8 ..    37.5 deg
  knee_angle_r         -69.8 ..    11.0 deg
  ankle_angle_r        -63.4 ..    17.8 deg
  hip_adduction_r       -1.4 ..    12.0 deg
  subtalar_angle_r      -2.2 ..    16.3 deg
  hip_flexion_l        -23.6 ..    15.8 deg
  knee_angle_l         -82.8 ..    10.2 deg
  ankle_angle_l        -67.7 ..     9.8 deg
  hip_adduction_l       -6.5 ..    13.4 deg
  subtalar_angle_l      -2.4 ..    22.5 deg
  pelvis_tilt           -1.9 ..    -0.3 deg
  pelvis_list           -0.5 ..    -0.3 deg
  pelvis_rotation        2.3 ..     2.5 deg
saved spinal_run.npz
saved spinal_run.png
fitted baseline loaded: e2_pf=0.222 f1_df=0.098 f1_kf=0.148 post_kneext=0.011 post_hipext=0.068 desc_f=1.400 e2_adapt=1.700
start pose (normal.mot): applied 20 coordinates as given; IMU-metric torso lean -0.0 deg (+ = back)
standing solve: nnls x in [0.00, 0.70], >0.1: 14 muscles
  top: add_long_l=0.70, tib_ant_r=0.61, tib_ant_l=0.46, ext_dig_r=0.37, glut_min1_l=0.33, pect_l=0.32, glut_min2_l=0.31, ext_dig_l=0.25
Fmax range: 5..3396 N | L range sample: [0.229942 0.326094]
t=  1.00 max|qacc|=       8.0 max|qvel|=   1.10 ncon=  0 com_z=0.930 com_x=-0.137
t=  1.50 max|qacc|=      20.7 max|qvel|=   0.94 ncon=  0 com_z=0.931 com_x=-0.146
t=  2.00 max|qacc|=      10.2 max|qvel|=   0.56 ncon=  0 com_z=0.931 com_x=-0.134
t=  2.50 max|qacc|=      18.3 max|qvel|=   0.17 ncon=  0 com_z=0.932 com_x=-0.148
t=  3.00 max|qacc|=      10.1 max|qvel|=   0.45 ncon=  0 com_z=0.932 com_x=-0.139
t=  3.50 max|qacc|=       7.6 max|qvel|=   0.80 ncon=  0 com_z=0.931 com_x=-0.143
t=  4.00 max|qacc|=      11.4 max|qvel|=   0.57 ncon=  0 com_z=0.929 com_x=-0.141
t=  4.50 max|qacc|=      19.4 max|qvel|=   0.43 ncon=  0 com_z=0.927 com_x=-0.127
t=  5.00 max|qacc|=      15.7 max|qvel|=   0.31 ncon=  0 com_z=0.926 com_x=-0.118
t=  5.50 max|qacc|=      11.6 max|qvel|=   0.26 ncon=  0 com_z=0.925 com_x=-0.104
t=  6.00 max|qacc|=       7.8 max|qvel|=   0.13 ncon=  0 com_z=0.924 com_x=-0.101
t=  6.50 max|qacc|=      10.4 max|qvel|=   0.11 ncon=  0 com_z=0.925 com_x=-0.102
t=  7.00 max|qacc|=       3.1 max|qvel|=   0.08 ncon=  0 com_z=0.924 com_x=-0.102
t=  7.50 max|qacc|=      13.3 max|qvel|=   0.10 ncon=  0 com_z=0.924 com_x=-0.102
t=  8.00 max|qacc|=       7.2 max|qvel|=   0.09 ncon=  0 com_z=0.924 com_x=-0.102
t=  8.50 max|qacc|=       9.5 max|qvel|=   0.10 ncon=  0 com_z=0.925 com_x=-0.102
t=  9.00 max|qacc|=      11.6 max|qvel|=   0.06 ncon=  0 com_z=0.924 com_x=-0.102
t=  9.50 max|qacc|=       5.7 max|qvel|=   0.10 ncon=  0 com_z=0.924 com_x=-0.102
t= 10.00 max|qacc|=      15.1 max|qvel|=   0.07 ncon=  0 com_z=0.924 com_x=-0.103
t= 10.50 max|qacc|=       3.4 max|qvel|=   0.08 ncon=  0 com_z=0.924 com_x=-0.102
t= 11.00 max|qacc|=      10.0 max|qvel|=   0.09 ncon=  0 com_z=0.925 com_x=-0.102
t= 11.50 max|qacc|=      10.4 max|qvel|=   0.05 ncon=  0 com_z=0.924 com_x=-0.103
t= 12.00 max|qacc|=       8.3 max|qvel|=   0.11 ncon=  0 com_z=0.924 com_x=-0.102
t= 12.50 max|qacc|=      14.2 max|qvel|=   0.05 ncon=  0 com_z=0.924 com_x=-0.102
t= 13.00 max|qacc|=       6.5 max|qvel|=   0.10 ncon=  0 com_z=0.925 com_x=-0.102
t= 13.50 max|qacc|=      10.4 max|qvel|=   0.07 ncon=  0 com_z=0.925 com_x=-0.102
t= 14.00 max|qacc|=       6.1 max|qvel|=   0.05 ncon=  0 com_z=0.924 com_x=-0.103
t= 14.50 max|qacc|=      10.9 max|qvel|=   0.11 ncon=  0 com_z=0.924 com_x=-0.103
t= 15.00 max|qacc|=      10.8 max|qvel|=   0.05 ncon=  0 com_z=0.924 com_x=-0.102
t= 15.50 max|qacc|=       7.6 max|qvel|=   0.64 ncon=  0 com_z=0.924 com_x=-0.101
t= 16.00 max|qacc|=      45.4 max|qvel|=   3.22 ncon=  0 com_z=0.954 com_x=-0.137
t= 16.50 max|qacc|=      60.4 max|qvel|=   2.63 ncon=  0 com_z=0.926 com_x=-0.120
t= 17.00 max|qacc|=      27.1 max|qvel|=   1.77 ncon=  0 com_z=0.929 com_x=-0.126
t= 17.50 max|qacc|=      15.9 max|qvel|=   2.67 ncon=  0 com_z=0.945 com_x=-0.171
t= 18.00 max|qacc|=      20.9 max|qvel|=   0.48 ncon=  0 com_z=0.927 com_x=-0.116
t= 18.50 max|qacc|=       6.2 max|qvel|=   0.71 ncon=  0 com_z=0.937 com_x=-0.155
t= 19.00 max|qacc|=       5.8 max|qvel|=   0.76 ncon=  0 com_z=0.931 com_x=-0.143
t= 19.50 max|qacc|=      14.7 max|qvel|=   0.57 ncon=  0 com_z=0.929 com_x=-0.133
t= 20.00 max|qacc|=      16.7 max|qvel|=   0.24 ncon=  0 com_z=0.935 com_x=-0.154
t= 20.50 max|qacc|=      12.3 max|qvel|=   0.22 ncon=  0 com_z=0.929 com_x=-0.133
t= 21.00 max|qacc|=      10.1 max|qvel|=   0.31 ncon=  0 com_z=0.933 com_x=-0.147
t= 21.50 max|qacc|=       8.9 max|qvel|=   0.39 ncon=  0 com_z=0.931 com_x=-0.142
t= 22.00 max|qacc|=       4.4 max|qvel|=   0.24 ncon=  0 com_z=0.930 com_x=-0.139
t= 22.50 max|qacc|=      21.1 max|qvel|=   0.15 ncon=  0 com_z=0.932 com_x=-0.147
t= 23.00 max|qacc|=      11.2 max|qvel|=   0.18 ncon=  0 com_z=0.930 com_x=-0.139
t= 23.50 max|qacc|=      18.5 max|qvel|=   0.14 ncon=  0 com_z=0.932 com_x=-0.144
t= 24.00 max|qacc|=       8.2 max|qvel|=   0.14 ncon=  0 com_z=0.931 com_x=-0.142
t= 24.50 max|qacc|=       8.1 max|qvel|=   0.12 ncon=  0 com_z=0.931 com_x=-0.141
t= 25.00 max|qacc|=      12.7 max|qvel|=   0.11 ncon=  0 com_z=0.931 com_x=-0.144
t= 25.50 max|qacc|=      18.8 max|qvel|=   0.20 ncon=  0 com_z=0.931 com_x=-0.141
t= 26.00 max|qacc|=      10.6 max|qvel|=   0.11 ncon=  0 com_z=0.931 com_x=-0.143
t= 26.50 max|qacc|=      10.7 max|qvel|=   0.12 ncon=  0 com_z=0.931 com_x=-0.142
t= 27.00 max|qacc|=       8.3 max|qvel|=   0.14 ncon=  0 com_z=0.931 com_x=-0.141
t= 27.50 max|qacc|=       4.0 max|qvel|=   0.08 ncon=  0 com_z=0.931 com_x=-0.143
t= 28.00 max|qacc|=      21.2 max|qvel|=   0.12 ncon=  0 com_z=0.931 com_x=-0.142
t= 28.50 max|qacc|=      11.3 max|qvel|=   0.18 ncon=  0 com_z=0.931 com_x=-0.143
t= 29.00 max|qacc|=      18.8 max|qvel|=   0.07 ncon=  0 com_z=0.931 com_x=-0.142
t= 29.50 max|qacc|=       8.1 max|qvel|=   0.14 ncon=  0 com_z=0.931 com_x=-0.142
t= 30.00 max|qacc|=       8.0 max|qvel|=   0.11 ncon=  0 com_z=0.931 com_x=-0.142
t= 30.50 max|qacc|=      12.7 max|qvel|=   0.10 ncon=  0 com_z=0.931 com_x=-0.142

== summary ==
pelvis/COM height: start 0.94 m, min 0.92 m, final 0.93 m  (stayed up)
COM x: min -0.18 max -0.09 final -0.14 m
COM y: min -0.024 max -0.001 m
RG_F_r bursts during walk window: 1
peak ctrl: [0.15 0.32 0.37 0.65 0.18 0.24 0.41 0.17 0.18 0.06 0.15 0.32 0.37 0.57
 0.18 0.24 0.33 0.17 0.18 0.06] (('vas_lat_r', 'med_gas_r', 'soleus_r', 'tib_ant_r', 'psoas_r', 'semimem_r', 'glut_max2_r', 'rect_fem_r', 'sar_r', 'grac_r', 'vas_lat_l', 'med_gas_l', 'soleus_l', 'tib_ant_l', 'psoas_l', 'semimem_l', 'glut_max2_l', 'rect_fem_l', 'sar_l', 'grac_l'))
  hip_flexion_r         -6.6 ..    37.6 deg
  knee_angle_r         -79.6 ..    11.8 deg
  ankle_angle_r        -57.7 ..    12.6 deg
  hip_adduction_r       -6.0 ..     9.2 deg
  subtalar_angle_r      -1.2 ..    17.1 deg
  hip_flexion_l        -18.6 ..    16.3 deg
  knee_angle_l         -91.2 ..    11.3 deg
  ankle_angle_l        -62.3 ..     9.8 deg
  hip_adduction_l       -9.7 ..    12.1 deg
  subtalar_angle_l      -1.6 ..    23.2 deg
  pelvis_tilt           -1.9 ..    -0.1 deg
  pelvis_list           -0.5 ..    -0.3 deg
  pelvis_rotation        2.4 ..     2.5 deg
saved spinal_run.npz
saved spinal_run.png
fitted baseline loaded: e2_pf=0.222 f1_df=0.098 f1_kf=0.148 post_kneext=0.011 post_hipext=0.068 desc_f=1.400 e2_adapt=1.700
start pose (normal.mot): applied 20 coordinates as given; IMU-metric torso lean -0.0 deg (+ = back)
standing solve: nnls x in [0.00, 0.70], >0.1: 14 muscles
  top: add_long_l=0.70, tib_ant_r=0.61, tib_ant_l=0.46, ext_dig_r=0.37, glut_min1_l=0.33, pect_l=0.32, glut_min2_l=0.31, ext_dig_l=0.25
Fmax range: 5..3396 N | L range sample: [0.229942 0.326094]
t=  1.00 max|qacc|=       9.7 max|qvel|=   1.93 ncon=  0 com_z=0.928 com_x=-0.130
t=  1.50 max|qacc|=      19.6 max|qvel|=   0.61 ncon=  0 com_z=0.929 com_x=-0.139
t=  2.00 max|qacc|=       5.9 max|qvel|=   0.40 ncon=  0 com_z=0.931 com_x=-0.131
t=  2.50 max|qacc|=      15.7 max|qvel|=   0.18 ncon=  0 com_z=0.930 com_x=-0.140
t=  3.00 max|qacc|=       9.2 max|qvel|=   0.44 ncon=  0 com_z=0.931 com_x=-0.136
t=  3.50 max|qacc|=       7.0 max|qvel|=   0.77 ncon=  0 com_z=0.930 com_x=-0.139
t=  4.00 max|qacc|=      16.8 max|qvel|=   0.55 ncon=  0 com_z=0.929 com_x=-0.138
t=  4.50 max|qacc|=      24.9 max|qvel|=   0.47 ncon=  0 com_z=0.927 com_x=-0.121
t=  5.00 max|qacc|=       8.8 max|qvel|=   0.29 ncon=  0 com_z=0.926 com_x=-0.114
t=  5.50 max|qacc|=       5.9 max|qvel|=   0.30 ncon=  0 com_z=0.926 com_x=-0.105
t=  6.00 max|qacc|=      13.2 max|qvel|=   0.22 ncon=  0 com_z=0.925 com_x=-0.093
t=  6.50 max|qacc|=       7.1 max|qvel|=   0.11 ncon=  0 com_z=0.925 com_x=-0.096
t=  7.00 max|qacc|=       9.9 max|qvel|=   0.10 ncon=  0 com_z=0.925 com_x=-0.098
t=  7.50 max|qacc|=      11.5 max|qvel|=   0.09 ncon=  0 com_z=0.925 com_x=-0.095
t=  8.00 max|qacc|=       6.1 max|qvel|=   0.10 ncon=  0 com_z=0.925 com_x=-0.097
t=  8.50 max|qacc|=      14.7 max|qvel|=   0.07 ncon=  0 com_z=0.925 com_x=-0.097
t=  9.00 max|qacc|=       2.7 max|qvel|=   0.07 ncon=  0 com_z=0.925 com_x=-0.096
t=  9.50 max|qacc|=       9.9 max|qvel|=   0.09 ncon=  0 com_z=0.925 com_x=-0.097
t= 10.00 max|qacc|=      10.8 max|qvel|=   0.05 ncon=  0 com_z=0.925 com_x=-0.097
t= 10.50 max|qacc|=       7.8 max|qvel|=   0.11 ncon=  0 com_z=0.925 com_x=-0.097
t= 11.00 max|qacc|=      14.2 max|qvel|=   0.05 ncon=  0 com_z=0.925 com_x=-0.097
t= 11.50 max|qacc|=       5.3 max|qvel|=   0.09 ncon=  0 com_z=0.925 com_x=-0.097
t= 12.00 max|qacc|=      10.2 max|qvel|=   0.08 ncon=  0 com_z=0.925 com_x=-0.097
t= 12.50 max|qacc|=       8.0 max|qvel|=   0.05 ncon=  0 com_z=0.925 com_x=-0.097
t= 13.00 max|qacc|=       9.1 max|qvel|=   0.11 ncon=  0 com_z=0.925 com_x=-0.097
t= 13.50 max|qacc|=      12.6 max|qvel|=   0.05 ncon=  0 com_z=0.925 com_x=-0.097
t= 14.00 max|qacc|=       7.3 max|qvel|=   0.10 ncon=  0 com_z=0.925 com_x=-0.097
t= 14.50 max|qacc|=      10.4 max|qvel|=   0.06 ncon=  0 com_z=0.925 com_x=-0.097
t= 15.00 max|qacc|=       4.9 max|qvel|=   0.06 ncon=  0 com_z=0.925 com_x=-0.097
t= 15.50 max|qacc|=       8.3 max|qvel|=   0.55 ncon=  0 com_z=0.924 com_x=-0.095
t= 16.00 max|qacc|=      38.5 max|qvel|=   2.50 ncon=  0 com_z=0.925 com_x=-0.090
t= 16.50 max|qacc|=      14.2 max|qvel|=   5.54 ncon=  0 com_z=0.954 com_x=-0.174
t= 17.00 max|qacc|=     250.4 max|qvel|=   1.81 ncon=  0 com_z=0.929 com_x=-0.092
t= 17.50 max|qacc|=      14.0 max|qvel|=   1.82 ncon=  0 com_z=0.934 com_x=-0.137
t= 18.00 max|qacc|=      17.5 max|qvel|=   1.63 ncon=  0 com_z=0.936 com_x=-0.162
t= 18.50 max|qacc|=      68.5 max|qvel|=   0.83 ncon=  0 com_z=0.926 com_x=-0.106
t= 19.00 max|qacc|=      15.0 max|qvel|=   0.48 ncon=  0 com_z=0.939 com_x=-0.161
t= 19.50 max|qacc|=       7.4 max|qvel|=   0.65 ncon=  0 com_z=0.928 com_x=-0.129
t= 20.00 max|qacc|=      15.3 max|qvel|=   0.62 ncon=  0 com_z=0.930 com_x=-0.134
t= 20.50 max|qacc|=       9.2 max|qvel|=   0.52 ncon=  0 com_z=0.933 com_x=-0.148
t= 21.00 max|qacc|=       9.8 max|qvel|=   0.14 ncon=  0 com_z=0.928 com_x=-0.125
t= 21.50 max|qacc|=       4.1 max|qvel|=   0.23 ncon=  0 com_z=0.932 com_x=-0.145
t= 22.00 max|qacc|=      20.4 max|qvel|=   0.30 ncon=  0 com_z=0.929 com_x=-0.136
t= 22.50 max|qacc|=      13.8 max|qvel|=   0.29 ncon=  0 com_z=0.929 com_x=-0.135
t= 23.00 max|qacc|=      15.7 max|qvel|=   0.13 ncon=  0 com_z=0.931 com_x=-0.142
t= 23.50 max|qacc|=       9.6 max|qvel|=   0.12 ncon=  0 com_z=0.929 com_x=-0.133
t= 24.00 max|qacc|=       7.7 max|qvel|=   0.13 ncon=  0 com_z=0.931 com_x=-0.140
t= 24.50 max|qacc|=       4.5 max|qvel|=   0.16 ncon=  0 com_z=0.930 com_x=-0.137
t= 25.00 max|qacc|=      20.7 max|qvel|=   0.13 ncon=  0 com_z=0.929 com_x=-0.136
t= 25.50 max|qacc|=       9.9 max|qvel|=   0.17 ncon=  0 com_z=0.930 com_x=-0.140
t= 26.00 max|qacc|=      18.1 max|qvel|=   0.07 ncon=  0 com_z=0.930 com_x=-0.136
t= 26.50 max|qacc|=       8.0 max|qvel|=   0.13 ncon=  0 com_z=0.930 com_x=-0.138
t= 27.00 max|qacc|=       8.1 max|qvel|=   0.12 ncon=  0 com_z=0.930 com_x=-0.137
t= 27.50 max|qacc|=       9.8 max|qvel|=   0.07 ncon=  0 com_z=0.930 com_x=-0.137
t= 28.00 max|qacc|=      19.6 max|qvel|=   0.17 ncon=  0 com_z=0.930 com_x=-0.138
t= 28.50 max|qacc|=       5.4 max|qvel|=   0.13 ncon=  0 com_z=0.930 com_x=-0.137
t= 29.00 max|qacc|=      15.4 max|qvel|=   0.08 ncon=  0 com_z=0.930 com_x=-0.138
t= 29.50 max|qacc|=       7.6 max|qvel|=   0.13 ncon=  0 com_z=0.930 com_x=-0.137
t= 30.00 max|qacc|=       6.7 max|qvel|=   0.10 ncon=  0 com_z=0.930 com_x=-0.137
t= 30.50 max|qacc|=      16.6 max|qvel|=   0.09 ncon=  0 com_z=0.930 com_x=-0.138

== summary ==
pelvis/COM height: start 0.94 m, min 0.92 m, final 0.93 m  (stayed up)
COM x: min -0.18 max -0.08 final -0.14 m
COM y: min -0.024 max -0.001 m
RG_F_r bursts during walk window: 1
peak ctrl: [0.15 0.35 0.37 0.63 0.24 0.22 0.38 0.18 0.24 0.05 0.15 0.35 0.38 0.55
 0.24 0.22 0.29 0.18 0.24 0.05] (('vas_lat_r', 'med_gas_r', 'soleus_r', 'tib_ant_r', 'psoas_r', 'semimem_r', 'glut_max2_r', 'rect_fem_r', 'sar_r', 'grac_r', 'vas_lat_l', 'med_gas_l', 'soleus_l', 'tib_ant_l', 'psoas_l', 'semimem_l', 'glut_max2_l', 'rect_fem_l', 'sar_l', 'grac_l'))
  hip_flexion_r         -4.3 ..    38.7 deg
  knee_angle_r         -75.3 ..    11.2 deg
  ankle_angle_r        -61.2 ..    10.5 deg
  hip_adduction_r       -1.2 ..    10.5 deg
  subtalar_angle_r      -1.9 ..    16.8 deg
  hip_flexion_l        -21.1 ..    19.4 deg
  knee_angle_l         -87.6 ..    10.0 deg
  ankle_angle_l        -65.8 ..     9.8 deg
  hip_adduction_l       -7.7 ..    12.8 deg
  subtalar_angle_l      -2.2 ..    22.9 deg
  pelvis_tilt           -1.9 ..    -0.2 deg
  pelvis_list           -0.5 ..    -0.3 deg
  pelvis_rotation        2.4 ..     2.5 deg
saved spinal_run.npz
saved spinal_run.png
fitted baseline loaded: e2_pf=0.222 f1_df=0.098 f1_kf=0.148 post_kneext=0.011 post_hipext=0.068 desc_f=1.400 e2_adapt=1.700
start pose (normal.mot): applied 20 coordinates as given; IMU-metric torso lean -0.0 deg (+ = back)
standing solve: nnls x in [0.00, 0.70], >0.1: 14 muscles
  top: add_long_l=0.70, tib_ant_r=0.61, tib_ant_l=0.46, ext_dig_r=0.37, glut_min1_l=0.33, pect_l=0.32, glut_min2_l=0.31, ext_dig_l=0.25
Fmax range: 5..3396 N | L range sample: [0.229942 0.326094]
t=  1.00 max|qacc|=       6.1 max|qvel|=   1.14 ncon=  0 com_z=0.928 com_x=-0.125
t=  1.50 max|qacc|=      19.4 max|qvel|=   0.59 ncon=  0 com_z=0.928 com_x=-0.129
t=  2.00 max|qacc|=      14.3 max|qvel|=   0.35 ncon=  0 com_z=0.931 com_x=-0.128
t=  2.50 max|qacc|=      10.8 max|qvel|=   0.20 ncon=  0 com_z=0.928 com_x=-0.132
t=  3.00 max|qacc|=      12.1 max|qvel|=   0.38 ncon=  0 com_z=0.930 com_x=-0.131
t=  3.50 max|qacc|=      48.1 max|qvel|=   0.98 ncon=  0 com_z=0.930 com_x=-0.136
t=  4.00 max|qacc|=     138.4 max|qvel|=   1.17 ncon=  0 com_z=0.931 com_x=-0.141
t=  4.50 max|qacc|=      79.1 max|qvel|=   0.98 ncon=  0 com_z=0.927 com_x=-0.123
t=  5.00 max|qacc|=     428.4 max|qvel|=   1.66 ncon=  0 com_z=0.929 com_x=-0.121
t=  5.50 max|qacc|=      29.5 max|qvel|=   0.35 ncon=  0 com_z=0.928 com_x=-0.113
t=  6.00 max|qacc|=      32.7 max|qvel|=   8.13 ncon=  0 com_z=0.926 com_x=-0.090
t=  6.50 max|qacc|=      42.4 max|qvel|=   6.22 ncon=  0 com_z=0.940 com_x=-0.126
t=  7.00 max|qacc|=      21.6 max|qvel|=   2.24 ncon=  0 com_z=0.956 com_x=-0.043
t=  7.50 max|qacc|=      15.6 max|qvel|=   1.43 ncon=  0 com_z=0.941 com_x=-0.073
t=  8.00 max|qacc|=       8.3 max|qvel|=   1.52 ncon=  0 com_z=0.940 com_x=-0.082
t=  8.50 max|qacc|=       8.3 max|qvel|=   0.66 ncon=  0 com_z=0.947 com_x=-0.057
t=  9.00 max|qacc|=       3.6 max|qvel|=   0.53 ncon=  0 com_z=0.940 com_x=-0.078
t=  9.50 max|qacc|=       3.7 max|qvel|=   0.34 ncon=  0 com_z=0.941 com_x=-0.070
t= 10.00 max|qacc|=       1.8 max|qvel|=   0.22 ncon=  0 com_z=0.943 com_x=-0.068
t= 10.50 max|qacc|=       1.8 max|qvel|=   0.13 ncon=  0 com_z=0.941 com_x=-0.073
t= 11.00 max|qacc|=       1.5 max|qvel|=   0.14 ncon=  0 com_z=0.942 com_x=-0.069
t= 11.50 max|qacc|=       0.9 max|qvel|=   0.15 ncon=  0 com_z=0.942 com_x=-0.070
t= 12.00 max|qacc|=       0.3 max|qvel|=   0.16 ncon=  0 com_z=0.942 com_x=-0.071
t= 12.50 max|qacc|=       0.2 max|qvel|=   0.14 ncon=  0 com_z=0.942 com_x=-0.070
t= 13.00 max|qacc|=       0.6 max|qvel|=   0.11 ncon=  0 com_z=0.942 com_x=-0.071
t= 13.50 max|qacc|=       0.7 max|qvel|=   0.09 ncon=  0 com_z=0.942 com_x=-0.070
t= 14.00 max|qacc|=       0.6 max|qvel|=   0.06 ncon=  0 com_z=0.942 com_x=-0.070
t= 14.50 max|qacc|=       0.5 max|qvel|=   0.04 ncon=  0 com_z=0.942 com_x=-0.071
t= 15.00 max|qacc|=       0.5 max|qvel|=   0.05 ncon=  0 com_z=0.942 com_x=-0.070
t= 15.50 max|qacc|=       1.7 max|qvel|=   0.53 ncon=  0 com_z=0.939 com_x=-0.071
t= 16.00 max|qacc|=       4.5 max|qvel|=   1.01 ncon=  0 com_z=0.933 com_x=-0.068
t= 16.50 max|qacc|=     227.1 max|qvel|=   2.09 ncon=  0 com_z=0.961 com_x=-0.184
t= 17.00 max|qacc|=      27.1 max|qvel|=   2.79 ncon=  0 com_z=0.927 com_x=-0.105
t= 17.50 max|qacc|=       9.9 max|qvel|=   3.82 ncon=  0 com_z=0.929 com_x=-0.085
t= 18.00 max|qacc|=      15.2 max|qvel|=   1.32 ncon=  0 com_z=0.957 com_x=-0.185
t= 18.50 max|qacc|=      32.4 max|qvel|=   0.79 ncon=  0 com_z=0.931 com_x=-0.082
t= 19.00 max|qacc|=       8.9 max|qvel|=   1.53 ncon=  0 com_z=0.934 com_x=-0.143
t= 19.50 max|qacc|=      13.0 max|qvel|=   1.70 ncon=  0 com_z=0.932 com_x=-0.151
t= 20.00 max|qacc|=      13.6 max|qvel|=   0.57 ncon=  0 com_z=0.927 com_x=-0.099
t= 20.50 max|qacc|=       6.1 max|qvel|=   0.41 ncon=  0 com_z=0.937 com_x=-0.157
t= 21.00 max|qacc|=       6.4 max|qvel|=   0.68 ncon=  0 com_z=0.927 com_x=-0.121
t= 21.50 max|qacc|=      15.4 max|qvel|=   0.61 ncon=  0 com_z=0.929 com_x=-0.128
t= 22.00 max|qacc|=      18.6 max|qvel|=   0.41 ncon=  0 com_z=0.931 com_x=-0.144
t= 22.50 max|qacc|=      11.7 max|qvel|=   0.18 ncon=  0 com_z=0.927 com_x=-0.119
t= 23.00 max|qacc|=      13.8 max|qvel|=   0.20 ncon=  0 com_z=0.931 com_x=-0.139
t= 23.50 max|qacc|=      12.6 max|qvel|=   0.35 ncon=  0 com_z=0.928 com_x=-0.130
t= 24.00 max|qacc|=       7.6 max|qvel|=   0.21 ncon=  0 com_z=0.929 com_x=-0.127
t= 24.50 max|qacc|=       6.1 max|qvel|=   0.15 ncon=  0 com_z=0.930 com_x=-0.137
t= 25.00 max|qacc|=      11.1 max|qvel|=   0.10 ncon=  0 com_z=0.928 com_x=-0.127
t= 25.50 max|qacc|=      18.4 max|qvel|=   0.16 ncon=  0 com_z=0.929 com_x=-0.134
t= 26.00 max|qacc|=       6.4 max|qvel|=   0.15 ncon=  0 com_z=0.929 com_x=-0.133
t= 26.50 max|qacc|=      16.9 max|qvel|=   0.13 ncon=  0 com_z=0.928 com_x=-0.129
t= 27.00 max|qacc|=       8.0 max|qvel|=   0.12 ncon=  0 com_z=0.930 com_x=-0.134
t= 27.50 max|qacc|=       8.5 max|qvel|=   0.12 ncon=  0 com_z=0.929 com_x=-0.130
t= 28.00 max|qacc|=       4.8 max|qvel|=   0.08 ncon=  0 com_z=0.929 com_x=-0.131
t= 28.50 max|qacc|=      19.9 max|qvel|=   0.11 ncon=  0 com_z=0.929 com_x=-0.132
t= 29.00 max|qacc|=      12.3 max|qvel|=   0.18 ncon=  0 com_z=0.928 com_x=-0.131
t= 29.50 max|qacc|=      14.0 max|qvel|=   0.08 ncon=  0 com_z=0.929 com_x=-0.132
t= 30.00 max|qacc|=       9.7 max|qvel|=   0.11 ncon=  0 com_z=0.929 com_x=-0.131
t= 30.50 max|qacc|=       7.8 max|qvel|=   0.12 ncon=  0 com_z=0.929 com_x=-0.131

== summary ==
pelvis/COM height: start 0.94 m, min 0.92 m, final 0.93 m  (stayed up)
COM x: min -0.20 max -0.04 final -0.13 m
COM y: min -0.024 max +0.006 m
RG_F_r bursts during walk window: 1
peak ctrl: [0.3  0.5  0.51 0.6  0.34 0.27 0.42 0.32 0.34 0.07 0.3  0.5  0.51 0.52
 0.34 0.27 0.35 0.32 0.34 0.07] (('vas_lat_r', 'med_gas_r', 'soleus_r', 'tib_ant_r', 'psoas_r', 'semimem_r', 'glut_max2_r', 'rect_fem_r', 'sar_r', 'grac_r', 'vas_lat_l', 'med_gas_l', 'soleus_l', 'tib_ant_l', 'psoas_l', 'semimem_l', 'glut_max2_l', 'rect_fem_l', 'sar_l', 'grac_l'))
  hip_flexion_r        -41.8 ..    52.8 deg
  knee_angle_r        -102.0 ..    12.0 deg
  ankle_angle_r        -65.2 ..    14.9 deg
  hip_adduction_r       -5.0 ..    14.9 deg
  subtalar_angle_r      -2.5 ..    16.3 deg
  hip_flexion_l        -50.1 ..    37.8 deg
  knee_angle_l        -115.0 ..    12.3 deg
  ankle_angle_l        -70.1 ..     9.8 deg
  hip_adduction_l       -5.8 ..    16.0 deg
  subtalar_angle_l      -2.8 ..    22.4 deg
  pelvis_tilt           -1.9 ..     0.1 deg
  pelvis_list           -0.6 ..    -0.3 deg
  pelvis_rotation        2.3 ..     2.5 deg
saved spinal_run.npz
saved spinal_run.png
fitted baseline loaded: e2_pf=0.222 f1_df=0.098 f1_kf=0.148 post_kneext=0.011 post_hipext=0.068 desc_f=1.400 e2_adapt=1.700
start pose (normal.mot): applied 20 coordinates as given; IMU-metric torso lean -0.0 deg (+ = back)
standing solve: nnls x in [0.00, 0.70], >0.1: 14 muscles
  top: add_long_l=0.70, tib_ant_r=0.61, tib_ant_l=0.46, ext_dig_r=0.37, glut_min1_l=0.33, pect_l=0.32, glut_min2_l=0.31, ext_dig_l=0.25
Fmax range: 5..3396 N | L range sample: [0.229942 0.326094]
t=  1.00 max|qacc|=      10.1 max|qvel|=   1.63 ncon=  0 com_z=0.927 com_x=-0.123
t=  1.50 max|qacc|=      18.2 max|qvel|=   0.52 ncon=  0 com_z=0.928 com_x=-0.131
t=  2.00 max|qacc|=      18.4 max|qvel|=   0.28 ncon=  0 com_z=0.931 com_x=-0.129
t=  2.50 max|qacc|=       5.0 max|qvel|=   0.23 ncon=  0 com_z=0.928 com_x=-0.132
t=  3.00 max|qacc|=      16.6 max|qvel|=   0.38 ncon=  0 com_z=0.930 com_x=-0.132
t=  3.50 max|qacc|=      19.3 max|qvel|=   0.81 ncon=  0 com_z=0.929 com_x=-0.134
t=  4.00 max|qacc|=      36.1 max|qvel|=   0.58 ncon=  0 com_z=0.929 com_x=-0.133
t=  4.50 max|qacc|=      74.1 max|qvel|=   0.80 ncon=  0 com_z=0.927 com_x=-0.117
t=  5.00 max|qacc|=      25.6 max|qvel|=   0.77 ncon=  0 com_z=0.926 com_x=-0.111
t=  5.50 max|qacc|=      65.4 max|qvel|=   3.87 ncon=  0 com_z=0.926 com_x=-0.099
t=  6.00 max|qacc|=      30.1 max|qvel|=   5.64 ncon=  0 com_z=0.947 com_x=-0.116
t=  6.50 max|qacc|=      23.6 max|qvel|=   2.94 ncon=  0 com_z=0.953 com_x=-0.048
t=  7.00 max|qacc|=      17.4 max|qvel|=   1.37 ncon=  0 com_z=0.941 com_x=-0.063
t=  7.50 max|qacc|=       4.9 max|qvel|=   1.47 ncon=  0 com_z=0.939 com_x=-0.088
t=  8.00 max|qacc|=       5.6 max|qvel|=   0.81 ncon=  0 com_z=0.946 com_x=-0.056
t=  8.50 max|qacc|=       4.1 max|qvel|=   0.40 ncon=  0 com_z=0.939 com_x=-0.076
t=  9.00 max|qacc|=       2.0 max|qvel|=   0.43 ncon=  0 com_z=0.941 com_x=-0.071
t=  9.50 max|qacc|=       2.8 max|qvel|=   0.38 ncon=  0 com_z=0.943 com_x=-0.066
t= 10.00 max|qacc|=       1.6 max|qvel|=   0.28 ncon=  0 com_z=0.941 com_x=-0.073
t= 10.50 max|qacc|=       1.5 max|qvel|=   0.16 ncon=  0 com_z=0.942 com_x=-0.069
t= 11.00 max|qacc|=       1.6 max|qvel|=   0.10 ncon=  0 com_z=0.942 com_x=-0.069
t= 11.50 max|qacc|=       1.3 max|qvel|=   0.11 ncon=  0 com_z=0.941 com_x=-0.071
t= 12.00 max|qacc|=       0.8 max|qvel|=   0.13 ncon=  0 com_z=0.942 com_x=-0.069
t= 12.50 max|qacc|=       0.2 max|qvel|=   0.15 ncon=  0 com_z=0.942 com_x=-0.070
t= 13.00 max|qacc|=       0.2 max|qvel|=   0.13 ncon=  0 com_z=0.942 com_x=-0.070
t= 13.50 max|qacc|=       0.5 max|qvel|=   0.09 ncon=  0 com_z=0.942 com_x=-0.070
t= 14.00 max|qacc|=       0.6 max|qvel|=   0.06 ncon=  0 com_z=0.942 com_x=-0.070
t= 14.50 max|qacc|=       0.6 max|qvel|=   0.04 ncon=  0 com_z=0.942 com_x=-0.070
t= 15.00 max|qacc|=       0.4 max|qvel|=   0.04 ncon=  0 com_z=0.942 com_x=-0.070
t= 15.50 max|qacc|=       1.7 max|qvel|=   0.56 ncon=  0 com_z=0.939 com_x=-0.070
t= 16.00 max|qacc|=       2.5 max|qvel|=   0.89 ncon=  0 com_z=0.933 com_x=-0.069
t= 16.50 max|qacc|=     113.7 max|qvel|=   2.29 ncon=  0 com_z=0.948 com_x=-0.165
t= 17.00 max|qacc|=      28.5 max|qvel|=   2.49 ncon=  0 com_z=0.927 com_x=-0.123
t= 17.50 max|qacc|=      19.3 max|qvel|=   3.05 ncon=  0 com_z=0.928 com_x=-0.084
t= 18.00 max|qacc|=      14.1 max|qvel|=   0.76 ncon=  0 com_z=0.948 com_x=-0.180
t= 18.50 max|qacc|=      26.0 max|qvel|=   0.80 ncon=  0 com_z=0.927 com_x=-0.098
t= 19.00 max|qacc|=      14.9 max|qvel|=   0.98 ncon=  0 com_z=0.933 com_x=-0.140
t= 19.50 max|qacc|=      15.8 max|qvel|=   1.10 ncon=  0 com_z=0.930 com_x=-0.147
t= 20.00 max|qacc|=       5.4 max|qvel|=   0.52 ncon=  0 com_z=0.927 com_x=-0.109
t= 20.50 max|qacc|=      13.5 max|qvel|=   0.23 ncon=  0 com_z=0.934 com_x=-0.151
t= 21.00 max|qacc|=      17.9 max|qvel|=   0.48 ncon=  0 com_z=0.927 com_x=-0.124
t= 21.50 max|qacc|=       7.0 max|qvel|=   0.42 ncon=  0 com_z=0.929 com_x=-0.129
t= 22.00 max|qacc|=       7.1 max|qvel|=   0.36 ncon=  0 com_z=0.931 com_x=-0.141
t= 22.50 max|qacc|=       4.3 max|qvel|=   0.08 ncon=  0 com_z=0.927 com_x=-0.122
t= 23.00 max|qacc|=      19.0 max|qvel|=   0.19 ncon=  0 com_z=0.930 com_x=-0.138
t= 23.50 max|qacc|=      13.5 max|qvel|=   0.22 ncon=  0 com_z=0.928 com_x=-0.131
t= 24.00 max|qacc|=      13.6 max|qvel|=   0.22 ncon=  0 com_z=0.929 com_x=-0.129
t= 24.50 max|qacc|=       9.8 max|qvel|=   0.12 ncon=  0 com_z=0.930 com_x=-0.136
t= 25.00 max|qacc|=       8.3 max|qvel|=   0.13 ncon=  0 com_z=0.928 com_x=-0.128
t= 25.50 max|qacc|=       5.4 max|qvel|=   0.09 ncon=  0 com_z=0.929 com_x=-0.133
t= 26.00 max|qacc|=      16.0 max|qvel|=   0.15 ncon=  0 com_z=0.929 com_x=-0.133
t= 26.50 max|qacc|=      16.1 max|qvel|=   0.18 ncon=  0 com_z=0.928 com_x=-0.131
t= 27.00 max|qacc|=       7.6 max|qvel|=   0.10 ncon=  0 com_z=0.929 com_x=-0.134
t= 27.50 max|qacc|=      14.5 max|qvel|=   0.08 ncon=  0 com_z=0.929 com_x=-0.131
t= 28.00 max|qacc|=       7.5 max|qvel|=   0.13 ncon=  0 com_z=0.929 com_x=-0.132
t= 28.50 max|qacc|=       7.4 max|qvel|=   0.11 ncon=  0 com_z=0.929 com_x=-0.132
t= 29.00 max|qacc|=      10.6 max|qvel|=   0.07 ncon=  0 com_z=0.929 com_x=-0.131
t= 29.50 max|qacc|=      18.9 max|qvel|=   0.16 ncon=  0 com_z=0.929 com_x=-0.133
t= 30.00 max|qacc|=       6.3 max|qvel|=   0.14 ncon=  0 com_z=0.929 com_x=-0.132
t= 30.50 max|qacc|=      16.9 max|qvel|=   0.08 ncon=  0 com_z=0.929 com_x=-0.132

== summary ==
pelvis/COM height: start 0.94 m, min 0.92 m, final 0.93 m  (stayed up)
COM x: min -0.19 max -0.04 final -0.13 m
COM y: min -0.024 max +0.004 m
RG_F_r bursts during walk window: 1
peak ctrl: [0.26 0.45 0.46 0.61 0.33 0.25 0.38 0.29 0.33 0.06 0.26 0.46 0.47 0.52
 0.33 0.25 0.31 0.29 0.33 0.06] (('vas_lat_r', 'med_gas_r', 'soleus_r', 'tib_ant_r', 'psoas_r', 'semimem_r', 'glut_max2_r', 'rect_fem_r', 'sar_r', 'grac_r', 'vas_lat_l', 'med_gas_l', 'soleus_l', 'tib_ant_l', 'psoas_l', 'semimem_l', 'glut_max2_l', 'rect_fem_l', 'sar_l', 'grac_l'))
  hip_flexion_r        -44.8 ..    48.6 deg
  knee_angle_r        -101.0 ..    12.3 deg
  ankle_angle_r        -63.7 ..    10.8 deg
  hip_adduction_r       -3.9 ..    12.9 deg
  subtalar_angle_r      -2.3 ..    16.5 deg
  hip_flexion_l        -50.7 ..    33.8 deg
  knee_angle_l        -112.2 ..    12.3 deg
  ankle_angle_l        -68.1 ..     9.8 deg
  hip_adduction_l       -6.5 ..    13.9 deg
  subtalar_angle_l      -2.5 ..    22.5 deg
  pelvis_tilt           -1.9 ..    -0.0 deg
  pelvis_list           -0.6 ..    -0.3 deg
  pelvis_rotation        2.4 ..     2.5 deg
saved spinal_run.npz
saved spinal_run.png
fitted baseline loaded: e2_pf=0.222 f1_df=0.098 f1_kf=0.148 post_kneext=0.011 post_hipext=0.068 desc_f=1.400 e2_adapt=1.700
start pose (normal.mot): applied 20 coordinates as given; IMU-metric torso lean -0.0 deg (+ = back)
standing solve: nnls x in [0.00, 0.70], >0.1: 14 muscles
  top: add_long_l=0.70, tib_ant_r=0.61, tib_ant_l=0.46, ext_dig_r=0.37, glut_min1_l=0.33, pect_l=0.32, glut_min2_l=0.31, ext_dig_l=0.25
Fmax range: 5..3396 N | L range sample: [0.229942 0.326094]
t=  1.00 max|qacc|=       9.7 max|qvel|=   1.70 ncon=  0 com_z=0.927 com_x=-0.124
t=  1.50 max|qacc|=      19.4 max|qvel|=   0.52 ncon=  0 com_z=0.928 com_x=-0.132
t=  2.00 max|qacc|=      11.3 max|qvel|=   0.29 ncon=  0 com_z=0.931 com_x=-0.129
t=  2.50 max|qacc|=      15.5 max|qvel|=   0.19 ncon=  0 com_z=0.928 com_x=-0.133
t=  3.00 max|qacc|=       9.8 max|qvel|=   0.40 ncon=  0 com_z=0.930 com_x=-0.132
t=  3.50 max|qacc|=      23.7 max|qvel|=   0.92 ncon=  0 com_z=0.929 com_x=-0.136
t=  4.00 max|qacc|=     215.3 max|qvel|=   0.80 ncon=  0 com_z=0.930 com_x=-0.138
t=  4.50 max|qacc|=     147.1 max|qvel|=   1.28 ncon=  0 com_z=0.927 com_x=-0.121
t=  5.00 max|qacc|=     139.8 max|qvel|=   0.88 ncon=  0 com_z=0.928 com_x=-0.118
t=  5.50 max|qacc|=     276.4 max|qvel|=   1.29 ncon=  0 com_z=0.928 com_x=-0.110
t=  6.00 max|qacc|=      48.5 max|qvel|=   0.34 ncon=  0 com_z=0.926 com_x=-0.097
t=  6.50 max|qacc|=      43.7 max|qvel|=   1.81 ncon=  0 com_z=0.958 com_x=-0.101
t=  7.00 max|qacc|=      25.2 max|qvel|=   2.78 ncon=  0 com_z=0.935 com_x=-0.084
t=  7.50 max|qacc|=       9.4 max|qvel|=   2.22 ncon=  0 com_z=0.947 com_x=-0.043
t=  8.00 max|qacc|=      15.3 max|qvel|=   0.58 ncon=  0 com_z=0.941 com_x=-0.093
t=  8.50 max|qacc|=       5.7 max|qvel|=   1.04 ncon=  0 com_z=0.942 com_x=-0.063
t=  9.00 max|qacc|=       4.6 max|qvel|=   0.75 ncon=  0 com_z=0.941 com_x=-0.068
t=  9.50 max|qacc|=       4.1 max|qvel|=   0.30 ncon=  0 com_z=0.942 com_x=-0.078
t= 10.00 max|qacc|=       2.9 max|qvel|=   0.41 ncon=  0 com_z=0.943 com_x=-0.065
t= 10.50 max|qacc|=       1.9 max|qvel|=   0.24 ncon=  0 com_z=0.941 com_x=-0.073
t= 11.00 max|qacc|=       1.1 max|qvel|=   0.22 ncon=  0 com_z=0.941 com_x=-0.072
t= 11.50 max|qacc|=       0.9 max|qvel|=   0.19 ncon=  0 com_z=0.942 com_x=-0.069
t= 12.00 max|qacc|=       0.9 max|qvel|=   0.12 ncon=  0 com_z=0.941 com_x=-0.073
t= 12.50 max|qacc|=       1.0 max|qvel|=   0.06 ncon=  0 com_z=0.941 com_x=-0.070
t= 13.00 max|qacc|=       0.9 max|qvel|=   0.04 ncon=  0 com_z=0.941 com_x=-0.071
t= 13.50 max|qacc|=       0.6 max|qvel|=   0.06 ncon=  0 com_z=0.941 com_x=-0.071
t= 14.00 max|qacc|=       0.5 max|qvel|=   0.08 ncon=  0 com_z=0.941 com_x=-0.071
t= 14.50 max|qacc|=       0.3 max|qvel|=   0.08 ncon=  0 com_z=0.941 com_x=-0.071
t= 15.00 max|qacc|=       0.2 max|qvel|=   0.07 ncon=  0 com_z=0.941 com_x=-0.071
t= 15.50 max|qacc|=       1.8 max|qvel|=   0.57 ncon=  0 com_z=0.939 com_x=-0.071
t= 16.00 max|qacc|=       2.5 max|qvel|=   0.87 ncon=  0 com_z=0.932 com_x=-0.069
t= 16.50 max|qacc|=      26.0 max|qvel|=   1.88 ncon=  0 com_z=0.958 com_x=-0.182
t= 17.00 max|qacc|=      31.4 max|qvel|=   2.02 ncon=  0 com_z=0.928 com_x=-0.102
t= 17.50 max|qacc|=      14.4 max|qvel|=   3.00 ncon=  0 com_z=0.928 com_x=-0.092
t= 18.00 max|qacc|=       7.5 max|qvel|=   1.15 ncon=  0 com_z=0.952 com_x=-0.185
t= 18.50 max|qacc|=      23.2 max|qvel|=   0.66 ncon=  0 com_z=0.930 com_x=-0.082
t= 19.00 max|qacc|=       8.6 max|qvel|=   1.35 ncon=  0 com_z=0.937 com_x=-0.151
t= 19.50 max|qacc|=      10.5 max|qvel|=   1.59 ncon=  0 com_z=0.930 com_x=-0.144
t= 20.00 max|qacc|=      11.9 max|qvel|=   0.66 ncon=  0 com_z=0.927 com_x=-0.106
t= 20.50 max|qacc|=       6.4 max|qvel|=   0.25 ncon=  0 com_z=0.936 com_x=-0.157
t= 21.00 max|qacc|=       8.1 max|qvel|=   0.52 ncon=  0 com_z=0.927 com_x=-0.119
t= 21.50 max|qacc|=      12.9 max|qvel|=   0.61 ncon=  0 com_z=0.930 com_x=-0.134
t= 22.00 max|qacc|=      19.5 max|qvel|=   0.46 ncon=  0 com_z=0.930 com_x=-0.141
t= 22.50 max|qacc|=      11.7 max|qvel|=   0.24 ncon=  0 com_z=0.927 com_x=-0.121
t= 23.00 max|qacc|=      14.2 max|qvel|=   0.11 ncon=  0 com_z=0.931 com_x=-0.141
t= 23.50 max|qacc|=      10.6 max|qvel|=   0.28 ncon=  0 com_z=0.928 com_x=-0.129
t= 24.00 max|qacc|=       7.6 max|qvel|=   0.21 ncon=  0 com_z=0.929 com_x=-0.130
t= 24.50 max|qacc|=       5.6 max|qvel|=   0.18 ncon=  0 com_z=0.930 com_x=-0.137
t= 25.00 max|qacc|=      14.7 max|qvel|=   0.06 ncon=  0 com_z=0.928 com_x=-0.128
t= 25.50 max|qacc|=      16.3 max|qvel|=   0.17 ncon=  0 com_z=0.929 com_x=-0.135
t= 26.00 max|qacc|=       6.3 max|qvel|=   0.12 ncon=  0 com_z=0.929 com_x=-0.133
t= 26.50 max|qacc|=      14.5 max|qvel|=   0.13 ncon=  0 com_z=0.929 com_x=-0.131
t= 27.00 max|qacc|=       7.4 max|qvel|=   0.13 ncon=  0 com_z=0.930 com_x=-0.134
t= 27.50 max|qacc|=       7.9 max|qvel|=   0.11 ncon=  0 com_z=0.929 com_x=-0.131
t= 28.00 max|qacc|=      10.4 max|qvel|=   0.07 ncon=  0 com_z=0.929 com_x=-0.133
t= 28.50 max|qacc|=      19.0 max|qvel|=   0.16 ncon=  0 com_z=0.929 com_x=-0.133
t= 29.00 max|qacc|=       6.3 max|qvel|=   0.14 ncon=  0 com_z=0.929 com_x=-0.132
t= 29.50 max|qacc|=      17.0 max|qvel|=   0.06 ncon=  0 com_z=0.929 com_x=-0.133
t= 30.00 max|qacc|=       8.2 max|qvel|=   0.13 ncon=  0 com_z=0.929 com_x=-0.132
t= 30.50 max|qacc|=       8.0 max|qvel|=   0.12 ncon=  0 com_z=0.929 com_x=-0.132

== summary ==
pelvis/COM height: start 0.94 m, min 0.92 m, final 0.93 m  (stayed up)
COM x: min -0.20 max -0.03 final -0.13 m
COM y: min -0.024 max +0.005 m
RG_F_r bursts during walk window: 1
peak ctrl: [0.29 0.48 0.49 0.61 0.33 0.27 0.4  0.31 0.33 0.07 0.29 0.49 0.5  0.53
 0.33 0.27 0.34 0.31 0.33 0.07] (('vas_lat_r', 'med_gas_r', 'soleus_r', 'tib_ant_r', 'psoas_r', 'semimem_r', 'glut_max2_r', 'rect_fem_r', 'sar_r', 'grac_r', 'vas_lat_l', 'med_gas_l', 'soleus_l', 'tib_ant_l', 'psoas_l', 'semimem_l', 'glut_max2_l', 'rect_fem_l', 'sar_l', 'grac_l'))
  hip_flexion_r        -44.8 ..    51.5 deg
  knee_angle_r        -100.0 ..    12.1 deg
  ankle_angle_r        -64.7 ..    12.9 deg
  hip_adduction_r       -4.1 ..    13.9 deg
  subtalar_angle_r      -2.4 ..    16.5 deg
  hip_flexion_l        -51.9 ..    37.8 deg
  knee_angle_l        -113.1 ..    12.1 deg
  ankle_angle_l        -68.6 ..     9.8 deg
  hip_adduction_l       -6.5 ..    14.5 deg
  subtalar_angle_l      -2.6 ..    22.5 deg
  pelvis_tilt           -1.9 ..     0.0 deg
  pelvis_list           -0.6 ..    -0.2 deg
  pelvis_rotation        2.3 ..     2.5 deg
saved spinal_run.npz
saved spinal_run.png
fitted baseline loaded: e2_pf=0.222 f1_df=0.098 f1_kf=0.148 post_kneext=0.011 post_hipext=0.068 desc_f=1.400 e2_adapt=1.700
start pose (normal.mot): applied 20 coordinates as given; IMU-metric torso lean -0.0 deg (+ = back)
standing solve: nnls x in [0.00, 0.70], >0.1: 14 muscles
  top: add_long_l=0.70, tib_ant_r=0.61, tib_ant_l=0.46, ext_dig_r=0.37, glut_min1_l=0.33, pect_l=0.32, glut_min2_l=0.31, ext_dig_l=0.25
Fmax range: 5..3396 N | L range sample: [0.229942 0.326094]
t=  1.00 max|qacc|=       4.7 max|qvel|=   0.78 ncon=  0 com_z=0.929 com_x=-0.128
t=  1.50 max|qacc|=      19.5 max|qvel|=   0.62 ncon=  0 com_z=0.928 com_x=-0.132
t=  2.00 max|qacc|=      14.4 max|qvel|=   0.45 ncon=  0 com_z=0.931 com_x=-0.128
t=  2.50 max|qacc|=      12.5 max|qvel|=   0.17 ncon=  0 com_z=0.929 com_x=-0.136
t=  3.00 max|qacc|=      10.3 max|qvel|=   0.38 ncon=  0 com_z=0.930 com_x=-0.132
t=  3.50 max|qacc|=      23.7 max|qvel|=   0.99 ncon=  0 com_z=0.930 com_x=-0.137
t=  4.00 max|qacc|=     142.7 max|qvel|=   1.23 ncon=  0 com_z=0.931 com_x=-0.141
t=  4.50 max|qacc|=     111.2 max|qvel|=   0.85 ncon=  0 com_z=0.928 com_x=-0.124
t=  5.00 max|qacc|=      30.2 max|qvel|=   1.09 ncon=  0 com_z=0.928 com_x=-0.120
t=  5.50 max|qacc|=     100.2 max|qvel|=   0.88 ncon=  0 com_z=0.928 com_x=-0.112
t=  6.00 max|qacc|=      24.7 max|qvel|=   0.27 ncon=  0 com_z=0.926 com_x=-0.097
t=  6.50 max|qacc|=       9.2 max|qvel|=   0.16 ncon=  0 com_z=0.926 com_x=-0.098
t=  7.00 max|qacc|=      15.0 max|qvel|=   0.09 ncon=  0 com_z=0.926 com_x=-0.101
t=  7.50 max|qacc|=      11.6 max|qvel|=   0.10 ncon=  0 com_z=0.926 com_x=-0.098
t=  8.00 max|qacc|=       5.9 max|qvel|=   0.10 ncon=  0 com_z=0.926 com_x=-0.099
t=  8.50 max|qacc|=      10.9 max|qvel|=   0.10 ncon=  0 com_z=0.926 com_x=-0.100
t=  9.00 max|qacc|=      12.2 max|qvel|=   0.04 ncon=  0 com_z=0.926 com_x=-0.099
t=  9.50 max|qacc|=       2.9 max|qvel|=   0.09 ncon=  0 com_z=0.926 com_x=-0.099
t= 10.00 max|qacc|=      11.3 max|qvel|=   0.12 ncon=  0 com_z=0.926 com_x=-0.100
t= 10.50 max|qacc|=      13.7 max|qvel|=   0.04 ncon=  0 com_z=0.926 com_x=-0.099
t= 11.00 max|qacc|=       4.5 max|qvel|=   0.09 ncon=  0 com_z=0.926 com_x=-0.099
t= 11.50 max|qacc|=       9.7 max|qvel|=   0.10 ncon=  0 com_z=0.926 com_x=-0.099
t= 12.00 max|qacc|=      10.4 max|qvel|=   0.04 ncon=  0 com_z=0.926 com_x=-0.099
t= 12.50 max|qacc|=       4.5 max|qvel|=   0.07 ncon=  0 com_z=0.926 com_x=-0.099
t= 13.00 max|qacc|=       9.6 max|qvel|=   0.12 ncon=  0 com_z=0.926 com_x=-0.099
t= 13.50 max|qacc|=      14.7 max|qvel|=   0.04 ncon=  0 com_z=0.926 com_x=-0.099
t= 14.00 max|qacc|=       2.8 max|qvel|=   0.07 ncon=  0 com_z=0.926 com_x=-0.099
t= 14.50 max|qacc|=       9.3 max|qvel|=   0.11 ncon=  0 com_z=0.926 com_x=-0.099
t= 15.00 max|qacc|=      10.0 max|qvel|=   0.06 ncon=  0 com_z=0.926 com_x=-0.099
t= 15.50 max|qacc|=      48.1 max|qvel|=   3.19 ncon=  0 com_z=0.925 com_x=-0.095
t= 16.00 max|qacc|=      33.9 max|qvel|=   5.44 ncon=  0 com_z=0.950 com_x=-0.143
t= 16.50 max|qacc|=      28.7 max|qvel|=   3.51 ncon=  0 com_z=0.937 com_x=-0.066
t= 17.00 max|qacc|=      17.4 max|qvel|=   4.38 ncon=  0 com_z=0.926 com_x=-0.106
t= 17.50 max|qacc|=      15.9 max|qvel|=   2.27 ncon=  0 com_z=0.950 com_x=-0.174
t= 18.00 max|qacc|=       8.8 max|qvel|=   1.14 ncon=  0 com_z=0.929 com_x=-0.088
t= 18.50 max|qacc|=       9.1 max|qvel|=   1.24 ncon=  0 com_z=0.936 com_x=-0.149
t= 19.00 max|qacc|=      19.1 max|qvel|=   1.38 ncon=  0 com_z=0.931 com_x=-0.146
t= 19.50 max|qacc|=      21.6 max|qvel|=   0.63 ncon=  0 com_z=0.926 com_x=-0.109
t= 20.00 max|qacc|=       6.1 max|qvel|=   0.18 ncon=  0 com_z=0.936 com_x=-0.154
t= 20.50 max|qacc|=       9.6 max|qvel|=   0.53 ncon=  0 com_z=0.927 com_x=-0.122
t= 21.00 max|qacc|=      12.8 max|qvel|=   0.50 ncon=  0 com_z=0.929 com_x=-0.133
t= 21.50 max|qacc|=      19.2 max|qvel|=   0.36 ncon=  0 com_z=0.931 com_x=-0.142
t= 22.00 max|qacc|=       8.4 max|qvel|=   0.26 ncon=  0 com_z=0.927 com_x=-0.123
t= 22.50 max|qacc|=      16.2 max|qvel|=   0.20 ncon=  0 com_z=0.931 com_x=-0.141
t= 23.00 max|qacc|=       9.6 max|qvel|=   0.33 ncon=  0 com_z=0.929 com_x=-0.131
t= 23.50 max|qacc|=       8.3 max|qvel|=   0.20 ncon=  0 com_z=0.929 com_x=-0.131
t= 24.00 max|qacc|=       4.4 max|qvel|=   0.16 ncon=  0 com_z=0.930 com_x=-0.137
t= 24.50 max|qacc|=      20.4 max|qvel|=   0.11 ncon=  0 com_z=0.928 com_x=-0.130
t= 25.00 max|qacc|=      11.7 max|qvel|=   0.17 ncon=  0 com_z=0.930 com_x=-0.136
t= 25.50 max|qacc|=      15.4 max|qvel|=   0.12 ncon=  0 com_z=0.929 com_x=-0.133
t= 26.00 max|qacc|=       9.1 max|qvel|=   0.12 ncon=  0 com_z=0.929 com_x=-0.132
t= 26.50 max|qacc|=       8.0 max|qvel|=   0.12 ncon=  0 com_z=0.930 com_x=-0.135
t= 27.00 max|qacc|=       4.1 max|qvel|=   0.09 ncon=  0 com_z=0.929 com_x=-0.132
t= 27.50 max|qacc|=      19.5 max|qvel|=   0.09 ncon=  0 com_z=0.929 com_x=-0.134
t= 28.00 max|qacc|=      13.3 max|qvel|=   0.18 ncon=  0 com_z=0.929 com_x=-0.134
t= 28.50 max|qacc|=      14.0 max|qvel|=   0.09 ncon=  0 com_z=0.929 com_x=-0.133
t= 29.00 max|qacc|=       9.6 max|qvel|=   0.11 ncon=  0 com_z=0.929 com_x=-0.134
t= 29.50 max|qacc|=       8.1 max|qvel|=   0.13 ncon=  0 com_z=0.929 com_x=-0.132
t= 30.00 max|qacc|=       4.7 max|qvel|=   0.08 ncon=  0 com_z=0.929 com_x=-0.133
t= 30.50 max|qacc|=      18.8 max|qvel|=   0.09 ncon=  0 com_z=0.929 com_x=-0.134

== summary ==
pelvis/COM height: start 0.94 m, min 0.92 m, final 0.93 m  (stayed up)
COM x: min -0.18 max -0.05 final -0.13 m
COM y: min -0.024 max -0.002 m
RG_F_r bursts during walk window: 1
peak ctrl: [0.17 0.4  0.42 0.61 0.27 0.26 0.37 0.19 0.27 0.06 0.17 0.4  0.42 0.53
 0.27 0.26 0.26 0.19 0.27 0.06] (('vas_lat_r', 'med_gas_r', 'soleus_r', 'tib_ant_r', 'psoas_r', 'semimem_r', 'glut_max2_r', 'rect_fem_r', 'sar_r', 'grac_r', 'vas_lat_l', 'med_gas_l', 'soleus_l', 'tib_ant_l', 'psoas_l', 'semimem_l', 'glut_max2_l', 'rect_fem_l', 'sar_l', 'grac_l'))
  hip_flexion_r        -16.7 ..    36.0 deg
  knee_angle_r         -90.9 ..    10.9 deg
  ankle_angle_r        -64.7 ..    17.3 deg
  hip_adduction_r       -0.6 ..    14.1 deg
  subtalar_angle_r      -2.4 ..    16.2 deg
  hip_flexion_l        -44.3 ..    16.4 deg
  knee_angle_l        -106.2 ..    10.4 deg
  ankle_angle_l        -68.5 ..     9.8 deg
  hip_adduction_l       -6.3 ..    14.8 deg
  subtalar_angle_l      -2.6 ..    22.5 deg
  pelvis_tilt           -1.9 ..    -0.2 deg
  pelvis_list           -0.5 ..    -0.3 deg
  pelvis_rotation        2.3 ..     2.5 deg
saved spinal_run.npz
saved spinal_run.png
fitted baseline loaded: e2_pf=0.222 f1_df=0.098 f1_kf=0.148 post_kneext=0.011 post_hipext=0.068 desc_f=1.400 e2_adapt=1.700
start pose (normal.mot): applied 20 coordinates as given; IMU-metric torso lean -0.0 deg (+ = back)
standing solve: nnls x in [0.00, 0.70], >0.1: 14 muscles
  top: add_long_l=0.70, tib_ant_r=0.61, tib_ant_l=0.46, ext_dig_r=0.37, glut_min1_l=0.33, pect_l=0.32, glut_min2_l=0.31, ext_dig_l=0.25
Fmax range: 5..3396 N | L range sample: [0.229942 0.326094]
t=  1.00 max|qacc|=       4.4 max|qvel|=   0.87 ncon=  0 com_z=0.928 com_x=-0.127
t=  1.50 max|qacc|=      19.3 max|qvel|=   0.59 ncon=  0 com_z=0.927 com_x=-0.129
t=  2.00 max|qacc|=      14.6 max|qvel|=   0.42 ncon=  0 com_z=0.931 com_x=-0.128
t=  2.50 max|qacc|=      10.2 max|qvel|=   0.18 ncon=  0 com_z=0.928 com_x=-0.133
t=  3.00 max|qacc|=      13.0 max|qvel|=   0.36 ncon=  0 com_z=0.930 com_x=-0.131
t=  3.50 max|qacc|=      22.8 max|qvel|=   1.20 ncon=  0 com_z=0.930 com_x=-0.138
t=  4.00 max|qacc|=     100.0 max|qvel|=   0.89 ncon=  0 com_z=0.933 com_x=-0.148
t=  4.50 max|qacc|=     160.5 max|qvel|=   1.46 ncon=  0 com_z=0.928 com_x=-0.128
t=  5.00 max|qacc|=      49.9 max|qvel|=   1.30 ncon=  0 com_z=0.930 com_x=-0.130
t=  5.50 max|qacc|=      27.8 max|qvel|=   0.18 ncon=  0 com_z=0.929 com_x=-0.121
t=  6.00 max|qacc|=      25.2 max|qvel|=   0.23 ncon=  0 com_z=0.927 com_x=-0.109
t=  6.50 max|qacc|=      28.6 max|qvel|=   0.18 ncon=  0 com_z=0.927 com_x=-0.110
t=  7.00 max|qacc|=      15.6 max|qvel|=   0.08 ncon=  0 com_z=0.927 com_x=-0.110
t=  7.50 max|qacc|=      12.8 max|qvel|=   0.12 ncon=  0 com_z=0.927 com_x=-0.108
t=  8.00 max|qacc|=       9.5 max|qvel|=   0.10 ncon=  0 com_z=0.927 com_x=-0.109
t=  8.50 max|qacc|=      28.2 max|qvel|=   0.12 ncon=  0 com_z=0.927 com_x=-0.109
t=  9.00 max|qacc|=      15.6 max|qvel|=   0.15 ncon=  0 com_z=0.927 com_x=-0.109
t=  9.50 max|qacc|=      24.6 max|qvel|=   0.13 ncon=  0 com_z=0.927 com_x=-0.110
t= 10.00 max|qacc|=      46.8 max|qvel|=   0.07 ncon=  0 com_z=0.927 com_x=-0.109
t= 10.50 max|qacc|=      36.3 max|qvel|=   0.11 ncon=  0 com_z=0.927 com_x=-0.109
t= 11.00 max|qacc|=      42.3 max|qvel|=   0.11 ncon=  0 com_z=0.927 com_x=-0.109
t= 11.50 max|qacc|=     126.5 max|qvel|=   0.22 ncon=  0 com_z=0.927 com_x=-0.109
t= 12.00 max|qacc|=      35.6 max|qvel|=   0.10 ncon=  0 com_z=0.927 com_x=-0.109
t= 12.50 max|qacc|=       6.3 max|qvel|=   0.16 ncon=  0 com_z=0.927 com_x=-0.110
t= 13.00 max|qacc|=      25.1 max|qvel|=   0.07 ncon=  0 com_z=0.927 com_x=-0.109
t= 13.50 max|qacc|=      13.3 max|qvel|=   0.12 ncon=  0 com_z=0.927 com_x=-0.109
t= 14.00 max|qacc|=      15.2 max|qvel|=   0.12 ncon=  0 com_z=0.927 com_x=-0.109
t= 14.50 max|qacc|=      57.6 max|qvel|=   0.09 ncon=  0 com_z=0.927 com_x=-0.109
t= 15.00 max|qacc|=      15.2 max|qvel|=   0.07 ncon=  0 com_z=0.927 com_x=-0.109
t= 15.50 max|qacc|=      10.6 max|qvel|=   0.50 ncon=  0 com_z=0.926 com_x=-0.106
t= 16.00 max|qacc|=      22.9 max|qvel|=   6.84 ncon=  0 com_z=0.933 com_x=-0.082
t= 16.50 max|qacc|=      45.4 max|qvel|=   4.34 ncon=  0 com_z=0.941 com_x=-0.168
t= 17.00 max|qacc|=      50.9 max|qvel|=   2.76 ncon=  0 com_z=0.935 com_x=-0.064
t= 17.50 max|qacc|=      11.7 max|qvel|=   1.69 ncon=  0 com_z=0.942 com_x=-0.151
t= 18.00 max|qacc|=       9.8 max|qvel|=   3.03 ncon=  0 com_z=0.933 com_x=-0.143
t= 18.50 max|qacc|=      15.5 max|qvel|=   1.03 ncon=  0 com_z=0.928 com_x=-0.086
t= 19.00 max|qacc|=      13.2 max|qvel|=   1.00 ncon=  0 com_z=0.942 com_x=-0.162
t= 19.50 max|qacc|=       7.7 max|qvel|=   1.13 ncon=  0 com_z=0.927 com_x=-0.121
t= 20.00 max|qacc|=      18.0 max|qvel|=   0.75 ncon=  0 com_z=0.928 com_x=-0.125
t= 20.50 max|qacc|=      18.0 max|qvel|=   0.53 ncon=  0 com_z=0.933 com_x=-0.149
t= 21.00 max|qacc|=      10.1 max|qvel|=   0.23 ncon=  0 com_z=0.926 com_x=-0.115
t= 21.50 max|qacc|=      14.4 max|qvel|=   0.36 ncon=  0 com_z=0.931 com_x=-0.141
t= 22.00 max|qacc|=      12.3 max|qvel|=   0.47 ncon=  0 com_z=0.929 com_x=-0.132
t= 22.50 max|qacc|=       8.1 max|qvel|=   0.26 ncon=  0 com_z=0.928 com_x=-0.125
t= 23.00 max|qacc|=       5.8 max|qvel|=   0.20 ncon=  0 com_z=0.931 com_x=-0.139
t= 23.50 max|qacc|=      10.9 max|qvel|=   0.16 ncon=  0 com_z=0.928 com_x=-0.126
t= 24.00 max|qacc|=      18.3 max|qvel|=   0.23 ncon=  0 com_z=0.929 com_x=-0.134
t= 24.50 max|qacc|=       6.4 max|qvel|=   0.15 ncon=  0 com_z=0.929 com_x=-0.134
t= 25.00 max|qacc|=      17.0 max|qvel|=   0.13 ncon=  0 com_z=0.928 com_x=-0.129
t= 25.50 max|qacc|=       7.9 max|qvel|=   0.12 ncon=  0 com_z=0.930 com_x=-0.135
t= 26.00 max|qacc|=       8.5 max|qvel|=   0.12 ncon=  0 com_z=0.929 com_x=-0.130
t= 26.50 max|qacc|=       5.1 max|qvel|=   0.10 ncon=  0 com_z=0.929 com_x=-0.132
t= 27.00 max|qacc|=      20.0 max|qvel|=   0.11 ncon=  0 com_z=0.929 com_x=-0.133
t= 27.50 max|qacc|=      12.0 max|qvel|=   0.17 ncon=  0 com_z=0.928 com_x=-0.131
t= 28.00 max|qacc|=      14.7 max|qvel|=   0.09 ncon=  0 com_z=0.929 com_x=-0.133
t= 28.50 max|qacc|=       9.5 max|qvel|=   0.11 ncon=  0 com_z=0.929 com_x=-0.131
t= 29.00 max|qacc|=       8.0 max|qvel|=   0.12 ncon=  0 com_z=0.929 com_x=-0.131
t= 29.50 max|qacc|=       5.1 max|qvel|=   0.08 ncon=  0 com_z=0.929 com_x=-0.132
t= 30.00 max|qacc|=      17.5 max|qvel|=   0.08 ncon=  0 com_z=0.928 com_x=-0.131
t= 30.50 max|qacc|=      14.5 max|qvel|=   0.18 ncon=  0 com_z=0.929 com_x=-0.132

== summary ==
pelvis/COM height: start 0.94 m, min 0.93 m, final 0.93 m  (stayed up)
COM x: min -0.17 max -0.06 final -0.13 m
COM y: min -0.024 max -0.003 m
RG_F_r bursts during walk window: 1
peak ctrl: [0.22 0.45 0.46 0.61 0.29 0.25 0.36 0.23 0.29 0.06 0.22 0.45 0.46 0.52
 0.29 0.25 0.25 0.23 0.29 0.06] (('vas_lat_r', 'med_gas_r', 'soleus_r', 'tib_ant_r', 'psoas_r', 'semimem_r', 'glut_max2_r', 'rect_fem_r', 'sar_r', 'grac_r', 'vas_lat_l', 'med_gas_l', 'soleus_l', 'tib_ant_l', 'psoas_l', 'semimem_l', 'glut_max2_l', 'rect_fem_l', 'sar_l', 'grac_l'))
  hip_flexion_r        -13.5 ..    33.3 deg
  knee_angle_r         -84.6 ..    11.2 deg
  ankle_angle_r        -65.9 ..    18.0 deg
  hip_adduction_r       -0.9 ..    15.0 deg
  subtalar_angle_r      -2.5 ..    16.0 deg
  hip_flexion_l        -36.8 ..    19.3 deg
  knee_angle_l         -99.9 ..    10.3 deg
  ankle_angle_l        -70.1 ..     9.8 deg
  hip_adduction_l       -6.2 ..    15.9 deg
  subtalar_angle_l      -2.8 ..    22.2 deg
  pelvis_tilt           -1.9 ..    -0.2 deg
  pelvis_list           -0.5 ..    -0.3 deg
  pelvis_rotation        2.3 ..     2.5 deg
saved spinal_run.npz
saved spinal_run.png
fitted baseline loaded: e2_pf=0.222 f1_df=0.098 f1_kf=0.148 post_kneext=0.011 post_hipext=0.068 desc_f=1.400 e2_adapt=1.700
start pose (normal.mot): applied 20 coordinates as given; IMU-metric torso lean -0.0 deg (+ = back)
standing solve: nnls x in [0.00, 0.70], >0.1: 14 muscles
  top: add_long_l=0.70, tib_ant_r=0.61, tib_ant_l=0.46, ext_dig_r=0.37, glut_min1_l=0.33, pect_l=0.32, glut_min2_l=0.31, ext_dig_l=0.25
Fmax range: 5..3396 N | L range sample: [0.229942 0.326094]
t=  1.00 max|qacc|=       6.8 max|qvel|=   1.04 ncon=  0 com_z=0.927 com_x=-0.120
t=  1.50 max|qacc|=      18.4 max|qvel|=   0.58 ncon=  0 com_z=0.927 com_x=-0.130
t=  2.00 max|qacc|=      17.3 max|qvel|=   0.29 ncon=  0 com_z=0.931 com_x=-0.129
t=  2.50 max|qacc|=       5.0 max|qvel|=   0.24 ncon=  0 com_z=0.927 com_x=-0.130
t=  3.00 max|qacc|=      16.3 max|qvel|=   0.35 ncon=  0 com_z=0.930 com_x=-0.131
t=  3.50 max|qacc|=      16.5 max|qvel|=   0.71 ncon=  0 com_z=0.929 com_x=-0.134
t=  4.00 max|qacc|=      71.9 max|qvel|=   0.69 ncon=  0 com_z=0.928 com_x=-0.132
t=  4.50 max|qacc|=     144.7 max|qvel|=   0.65 ncon=  0 com_z=0.927 com_x=-0.117
t=  5.00 max|qacc|=      22.5 max|qvel|=   0.82 ncon=  0 com_z=0.927 com_x=-0.113
t=  5.50 max|qacc|=      29.9 max|qvel|=   7.68 ncon=  0 com_z=0.936 com_x=-0.088
t=  6.00 max|qacc|=      47.5 max|qvel|=   5.11 ncon=  0 com_z=0.930 com_x=-0.114
t=  6.50 max|qacc|=      21.8 max|qvel|=   1.99 ncon=  0 com_z=0.955 com_x=-0.041
t=  7.00 max|qacc|=       8.4 max|qvel|=   1.83 ncon=  0 com_z=0.941 com_x=-0.081
t=  7.50 max|qacc|=      11.4 max|qvel|=   0.65 ncon=  0 com_z=0.940 com_x=-0.077
t=  8.00 max|qacc|=       4.3 max|qvel|=   0.54 ncon=  0 com_z=0.945 com_x=-0.062
t=  8.50 max|qacc|=       3.8 max|qvel|=   0.40 ncon=  0 com_z=0.941 com_x=-0.079
t=  9.00 max|qacc|=       2.5 max|qvel|=   0.28 ncon=  0 com_z=0.941 com_x=-0.069
t=  9.50 max|qacc|=       2.1 max|qvel|=   0.25 ncon=  0 com_z=0.942 com_x=-0.072
t= 10.00 max|qacc|=       1.8 max|qvel|=   0.23 ncon=  0 com_z=0.941 com_x=-0.074
t= 10.50 max|qacc|=       1.2 max|qvel|=   0.19 ncon=  0 com_z=0.942 com_x=-0.071
t= 11.00 max|qacc|=       0.5 max|qvel|=   0.17 ncon=  0 com_z=0.941 com_x=-0.073
t= 11.50 max|qacc|=       0.6 max|qvel|=   0.16 ncon=  0 com_z=0.942 com_x=-0.072
t= 12.00 max|qacc|=       0.7 max|qvel|=   0.11 ncon=  0 com_z=0.942 com_x=-0.072
t= 12.50 max|qacc|=       0.8 max|qvel|=   0.05 ncon=  0 com_z=0.942 com_x=-0.073
t= 13.00 max|qacc|=       0.7 max|qvel|=   0.01 ncon=  0 com_z=0.942 com_x=-0.072
t= 13.50 max|qacc|=       0.5 max|qvel|=   0.05 ncon=  0 com_z=0.942 com_x=-0.072
t= 14.00 max|qacc|=       0.4 max|qvel|=   0.06 ncon=  0 com_z=0.942 com_x=-0.072
t= 14.50 max|qacc|=       0.2 max|qvel|=   0.06 ncon=  0 com_z=0.942 com_x=-0.072
t= 15.00 max|qacc|=       0.2 max|qvel|=   0.05 ncon=  0 com_z=0.942 com_x=-0.072
t= 15.50 max|qacc|=       1.4 max|qvel|=   0.48 ncon=  0 com_z=0.940 com_x=-0.073
t= 16.00 max|qacc|=       1.6 max|qvel|=   1.06 ncon=  0 com_z=0.934 com_x=-0.071
t= 16.50 max|qacc|=      78.0 max|qvel|=   2.88 ncon=  0 com_z=0.928 com_x=-0.127
t= 17.00 max|qacc|=      20.3 max|qvel|=   2.99 ncon=  0 com_z=0.935 com_x=-0.160
t= 17.50 max|qacc|=      25.5 max|qvel|=   0.66 ncon=  0 com_z=0.930 com_x=-0.077
t= 18.00 max|qacc|=       8.6 max|qvel|=   0.69 ncon=  0 com_z=0.941 com_x=-0.165
t= 18.50 max|qacc|=      10.0 max|qvel|=   1.00 ncon=  0 com_z=0.926 com_x=-0.123
t= 19.00 max|qacc|=      13.3 max|qvel|=   0.92 ncon=  0 com_z=0.929 com_x=-0.119
t= 19.50 max|qacc|=      10.0 max|qvel|=   0.39 ncon=  0 com_z=0.934 com_x=-0.152
t= 20.00 max|qacc|=      11.2 max|qvel|=   0.14 ncon=  0 com_z=0.927 com_x=-0.113
t= 20.50 max|qacc|=       5.8 max|qvel|=   0.38 ncon=  0 com_z=0.931 com_x=-0.138
t= 21.00 max|qacc|=       4.0 max|qvel|=   0.54 ncon=  0 com_z=0.929 com_x=-0.134
t= 21.50 max|qacc|=      19.2 max|qvel|=   0.31 ncon=  0 com_z=0.927 com_x=-0.122
t= 22.00 max|qacc|=      13.4 max|qvel|=   0.17 ncon=  0 com_z=0.931 com_x=-0.141
t= 22.50 max|qacc|=       6.7 max|qvel|=   0.16 ncon=  0 com_z=0.927 com_x=-0.125
t= 23.00 max|qacc|=      11.8 max|qvel|=   0.21 ncon=  0 com_z=0.929 com_x=-0.132
t= 23.50 max|qacc|=       8.0 max|qvel|=   0.23 ncon=  0 com_z=0.929 com_x=-0.133
t= 24.00 max|qacc|=       8.4 max|qvel|=   0.11 ncon=  0 com_z=0.928 com_x=-0.126
t= 24.50 max|qacc|=       7.9 max|qvel|=   0.08 ncon=  0 com_z=0.929 com_x=-0.134
t= 25.00 max|qacc|=      20.3 max|qvel|=   0.13 ncon=  0 com_z=0.928 com_x=-0.130
t= 25.50 max|qacc|=      10.3 max|qvel|=   0.16 ncon=  0 com_z=0.929 com_x=-0.131
t= 26.00 max|qacc|=      15.1 max|qvel|=   0.07 ncon=  0 com_z=0.929 com_x=-0.133
t= 26.50 max|qacc|=       9.4 max|qvel|=   0.11 ncon=  0 com_z=0.929 com_x=-0.129
t= 27.00 max|qacc|=       7.7 max|qvel|=   0.12 ncon=  0 com_z=0.929 com_x=-0.132
t= 27.50 max|qacc|=       5.4 max|qvel|=   0.09 ncon=  0 com_z=0.929 com_x=-0.131
t= 28.00 max|qacc|=      16.7 max|qvel|=   0.05 ncon=  0 com_z=0.928 com_x=-0.130
t= 28.50 max|qacc|=      15.5 max|qvel|=   0.18 ncon=  0 com_z=0.929 com_x=-0.132
t= 29.00 max|qacc|=       6.8 max|qvel|=   0.11 ncon=  0 com_z=0.928 com_x=-0.131
t= 29.50 max|qacc|=      14.5 max|qvel|=   0.07 ncon=  0 com_z=0.929 com_x=-0.131
t= 30.00 max|qacc|=       7.8 max|qvel|=   0.13 ncon=  0 com_z=0.929 com_x=-0.131
t= 30.50 max|qacc|=       7.8 max|qvel|=   0.11 ncon=  0 com_z=0.929 com_x=-0.130

== summary ==
pelvis/COM height: start 0.94 m, min 0.92 m, final 0.93 m  (stayed up)
COM x: min -0.19 max -0.04 final -0.13 m
COM y: min -0.024 max +0.003 m
RG_F_r bursts during walk window: 1
peak ctrl: [0.25 0.44 0.45 0.6  0.34 0.25 0.38 0.27 0.34 0.06 0.25 0.44 0.46 0.52
 0.34 0.25 0.3  0.27 0.34 0.06] (('vas_lat_r', 'med_gas_r', 'soleus_r', 'tib_ant_r', 'psoas_r', 'semimem_r', 'glut_max2_r', 'rect_fem_r', 'sar_r', 'grac_r', 'vas_lat_l', 'med_gas_l', 'soleus_l', 'tib_ant_l', 'psoas_l', 'semimem_l', 'glut_max2_l', 'rect_fem_l', 'sar_l', 'grac_l'))
  hip_flexion_r        -43.7 ..    47.6 deg
  knee_angle_r        -101.3 ..    11.8 deg
  ankle_angle_r        -64.5 ..     7.2 deg
  hip_adduction_r       -4.2 ..    13.1 deg
  subtalar_angle_r      -2.4 ..    16.4 deg
  hip_flexion_l        -48.4 ..    28.4 deg
  knee_angle_l        -113.3 ..    12.2 deg
  ankle_angle_l        -68.7 ..     9.8 deg
  hip_adduction_l       -7.0 ..    14.0 deg
  subtalar_angle_l      -2.6 ..    22.6 deg
  pelvis_tilt           -1.9 ..    -0.1 deg
  pelvis_list           -0.5 ..    -0.3 deg
  pelvis_rotation        2.4 ..     2.5 deg
saved spinal_run.npz
saved spinal_run.png
fitted baseline loaded: e2_pf=0.222 f1_df=0.098 f1_kf=0.148 post_kneext=0.011 post_hipext=0.068 desc_f=1.400 e2_adapt=1.700
start pose (normal.mot): applied 20 coordinates as given; IMU-metric torso lean -0.0 deg (+ = back)
standing solve: nnls x in [0.00, 0.70], >0.1: 14 muscles
  top: add_long_l=0.70, tib_ant_r=0.61, tib_ant_l=0.46, ext_dig_r=0.37, glut_min1_l=0.33, pect_l=0.32, glut_min2_l=0.31, ext_dig_l=0.25
Fmax range: 5..3396 N | L range sample: [0.229942 0.326094]
t=  1.00 max|qacc|=       7.0 max|qvel|=   1.06 ncon=  0 com_z=0.928 com_x=-0.125
t=  1.50 max|qacc|=      19.2 max|qvel|=   0.56 ncon=  0 com_z=0.928 com_x=-0.136
t=  2.00 max|qacc|=      14.9 max|qvel|=   0.31 ncon=  0 com_z=0.931 com_x=-0.131
t=  2.50 max|qacc|=      13.2 max|qvel|=   0.23 ncon=  0 com_z=0.929 com_x=-0.135
t=  3.00 max|qacc|=      10.0 max|qvel|=   0.43 ncon=  0 com_z=0.931 com_x=-0.134
t=  3.50 max|qacc|=      37.1 max|qvel|=   0.69 ncon=  0 com_z=0.929 com_x=-0.135
t=  4.00 max|qacc|=      30.7 max|qvel|=   0.56 ncon=  0 com_z=0.928 com_x=-0.131
t=  4.50 max|qacc|=      21.6 max|qvel|=   0.47 ncon=  0 com_z=0.926 com_x=-0.115
t=  5.00 max|qacc|=      17.1 max|qvel|=   0.24 ncon=  0 com_z=0.926 com_x=-0.107
t=  5.50 max|qacc|=      14.4 max|qvel|=   0.35 ncon=  0 com_z=0.926 com_x=-0.099
t=  6.00 max|qacc|=       5.6 max|qvel|=   0.16 ncon=  0 com_z=0.926 com_x=-0.091
t=  6.50 max|qacc|=       9.7 max|qvel|=   0.10 ncon=  0 com_z=0.926 com_x=-0.095
t=  7.00 max|qacc|=      11.9 max|qvel|=   0.04 ncon=  0 com_z=0.926 com_x=-0.096
t=  7.50 max|qacc|=       6.4 max|qvel|=   0.10 ncon=  0 com_z=0.926 com_x=-0.094
t=  8.00 max|qacc|=      14.4 max|qvel|=   0.07 ncon=  0 com_z=0.925 com_x=-0.095
t=  8.50 max|qacc|=       4.0 max|qvel|=   0.08 ncon=  0 com_z=0.926 com_x=-0.095
t=  9.00 max|qacc|=      10.0 max|qvel|=   0.09 ncon=  0 com_z=0.926 com_x=-0.094
t=  9.50 max|qacc|=       9.7 max|qvel|=   0.07 ncon=  0 com_z=0.926 com_x=-0.095
t= 10.00 max|qacc|=       8.2 max|qvel|=   0.11 ncon=  0 com_z=0.926 com_x=-0.095
t= 10.50 max|qacc|=      13.5 max|qvel|=   0.05 ncon=  0 com_z=0.926 com_x=-0.095
t= 11.00 max|qacc|=       6.1 max|qvel|=   0.09 ncon=  0 com_z=0.926 com_x=-0.095
t= 11.50 max|qacc|=      10.3 max|qvel|=   0.07 ncon=  0 com_z=0.926 com_x=-0.095
t= 12.00 max|qacc|=       6.5 max|qvel|=   0.05 ncon=  0 com_z=0.926 com_x=-0.095
t= 12.50 max|qacc|=       9.5 max|qvel|=   0.11 ncon=  0 com_z=0.926 com_x=-0.095
t= 13.00 max|qacc|=      11.4 max|qvel|=   0.05 ncon=  0 com_z=0.926 com_x=-0.095
t= 13.50 max|qacc|=       8.3 max|qvel|=   0.10 ncon=  0 com_z=0.926 com_x=-0.095
t= 14.00 max|qacc|=      10.2 max|qvel|=   0.05 ncon=  0 com_z=0.926 com_x=-0.095
t= 14.50 max|qacc|=       3.3 max|qvel|=   0.07 ncon=  0 com_z=0.926 com_x=-0.095
t= 15.00 max|qacc|=      12.3 max|qvel|=   0.10 ncon=  0 com_z=0.926 com_x=-0.095
t= 15.50 max|qacc|=       8.2 max|qvel|=   0.49 ncon=  0 com_z=0.925 com_x=-0.093
t= 16.00 max|qacc|=       8.6 max|qvel|=   0.51 ncon=  0 com_z=0.925 com_x=-0.093
t= 16.50 max|qacc|=       4.2 max|qvel|=   0.70 ncon=  0 com_z=0.926 com_x=-0.116
t= 17.00 max|qacc|=      13.9 max|qvel|=   0.78 ncon=  0 com_z=0.929 com_x=-0.131
t= 17.50 max|qacc|=      10.2 max|qvel|=   0.83 ncon=  0 com_z=0.930 com_x=-0.137
t= 18.00 max|qacc|=      17.2 max|qvel|=   0.25 ncon=  0 com_z=0.929 com_x=-0.133
t= 18.50 max|qacc|=       8.4 max|qvel|=   0.13 ncon=  0 com_z=0.930 com_x=-0.135
t= 19.00 max|qacc|=       8.3 max|qvel|=   0.15 ncon=  0 com_z=0.929 com_x=-0.134
t= 19.50 max|qacc|=       6.4 max|qvel|=   0.09 ncon=  0 com_z=0.929 com_x=-0.133
t= 20.00 max|qacc|=      20.1 max|qvel|=   0.14 ncon=  0 com_z=0.929 com_x=-0.136
t= 20.50 max|qacc|=       8.3 max|qvel|=   0.16 ncon=  0 com_z=0.929 com_x=-0.134
t= 21.00 max|qacc|=      17.4 max|qvel|=   0.10 ncon=  0 com_z=0.930 com_x=-0.135
t= 21.50 max|qacc|=       8.1 max|qvel|=   0.13 ncon=  0 com_z=0.930 com_x=-0.134
t= 22.00 max|qacc|=       8.1 max|qvel|=   0.11 ncon=  0 com_z=0.929 com_x=-0.134
t= 22.50 max|qacc|=       9.0 max|qvel|=   0.09 ncon=  0 com_z=0.929 com_x=-0.135
t= 23.00 max|qacc|=      19.2 max|qvel|=   0.16 ncon=  0 com_z=0.929 com_x=-0.134
t= 23.50 max|qacc|=       5.3 max|qvel|=   0.14 ncon=  0 com_z=0.929 com_x=-0.135
t= 24.00 max|qacc|=      16.9 max|qvel|=   0.06 ncon=  0 com_z=0.929 com_x=-0.134
t= 24.50 max|qacc|=       7.7 max|qvel|=   0.13 ncon=  0 com_z=0.929 com_x=-0.134
t= 25.00 max|qacc|=       7.6 max|qvel|=   0.11 ncon=  0 com_z=0.929 com_x=-0.134
t= 25.50 max|qacc|=      11.7 max|qvel|=   0.09 ncon=  0 com_z=0.929 com_x=-0.134
t= 26.00 max|qacc|=      18.6 max|qvel|=   0.17 ncon=  0 com_z=0.929 com_x=-0.135
t= 26.50 max|qacc|=       5.9 max|qvel|=   0.12 ncon=  0 com_z=0.929 com_x=-0.135
t= 27.00 max|qacc|=      14.8 max|qvel|=   0.08 ncon=  0 com_z=0.929 com_x=-0.134
t= 27.50 max|qacc|=       7.5 max|qvel|=   0.13 ncon=  0 com_z=0.930 com_x=-0.134
t= 28.00 max|qacc|=       6.9 max|qvel|=   0.10 ncon=  0 com_z=0.929 com_x=-0.134
t= 28.50 max|qacc|=      14.5 max|qvel|=   0.08 ncon=  0 com_z=0.929 com_x=-0.134
t= 29.00 max|qacc|=      16.9 max|qvel|=   0.18 ncon=  0 com_z=0.929 com_x=-0.135
t= 29.50 max|qacc|=       9.1 max|qvel|=   0.09 ncon=  0 com_z=0.929 com_x=-0.134
t= 30.00 max|qacc|=      11.3 max|qvel|=   0.09 ncon=  0 com_z=0.929 com_x=-0.134
t= 30.50 max|qacc|=       7.6 max|qvel|=   0.13 ncon=  0 com_z=0.929 com_x=-0.134

== summary ==
pelvis/COM height: start 0.94 m, min 0.92 m, final 0.93 m  (stayed up)
COM x: min -0.14 max -0.09 final -0.13 m
COM y: min -0.023 max -0.002 m
RG_F_r bursts during walk window: 0
peak ctrl: [0.13 0.35 0.38 0.62 0.26 0.1  0.34 0.14 0.26 0.02 0.13 0.35 0.38 0.53
 0.26 0.1  0.23 0.14 0.26 0.02] (('vas_lat_r', 'med_gas_r', 'soleus_r', 'tib_ant_r', 'psoas_r', 'semimem_r', 'glut_max2_r', 'rect_fem_r', 'sar_r', 'grac_r', 'vas_lat_l', 'med_gas_l', 'soleus_l', 'tib_ant_l', 'psoas_l', 'semimem_l', 'glut_max2_l', 'rect_fem_l', 'sar_l', 'grac_l'))
  hip_flexion_r         -2.1 ..    27.6 deg
  knee_angle_r         -11.2 ..    10.1 deg
  ankle_angle_r        -61.9 ..     6.9 deg
  hip_adduction_r        1.1 ..    11.1 deg
  subtalar_angle_r      -2.0 ..    16.4 deg
  hip_flexion_l        -16.6 ..    11.5 deg
  knee_angle_l         -22.1 ..    10.0 deg
  ankle_angle_l        -66.5 ..     9.8 deg
  hip_adduction_l       -7.5 ..    13.3 deg
  subtalar_angle_l      -2.3 ..    22.7 deg
  pelvis_tilt           -1.9 ..    -0.4 deg
  pelvis_list           -0.5 ..    -0.3 deg
  pelvis_rotation        2.4 ..     2.5 deg
saved spinal_run.npz
saved spinal_run.png
fitted baseline loaded: e2_pf=0.222 f1_df=0.098 f1_kf=0.148 post_kneext=0.011 post_hipext=0.068 desc_f=1.400 e2_adapt=1.700
start pose (normal.mot): applied 20 coordinates as given; IMU-metric torso lean -0.0 deg (+ = back)
standing solve: nnls x in [0.00, 0.70], >0.1: 14 muscles
  top: add_long_l=0.70, tib_ant_r=0.61, tib_ant_l=0.46, ext_dig_r=0.37, glut_min1_l=0.33, pect_l=0.32, glut_min2_l=0.31, ext_dig_l=0.25
Fmax range: 5..3396 N | L range sample: [0.229942 0.326094]
t=  1.00 max|qacc|=       6.8 max|qvel|=   1.04 ncon=  0 com_z=0.927 com_x=-0.121
t=  1.50 max|qacc|=      18.5 max|qvel|=   0.58 ncon=  0 com_z=0.928 com_x=-0.131
t=  2.00 max|qacc|=      16.5 max|qvel|=   0.30 ncon=  0 com_z=0.931 com_x=-0.130
t=  2.50 max|qacc|=       7.6 max|qvel|=   0.24 ncon=  0 com_z=0.928 com_x=-0.131
t=  3.00 max|qacc|=      15.0 max|qvel|=   0.37 ncon=  0 com_z=0.930 com_x=-0.132
t=  3.50 max|qacc|=      15.4 max|qvel|=   0.72 ncon=  0 com_z=0.929 com_x=-0.135
t=  4.00 max|qacc|=      17.0 max|qvel|=   0.59 ncon=  0 com_z=0.928 com_x=-0.132
t=  4.50 max|qacc|=     144.4 max|qvel|=   0.69 ncon=  0 com_z=0.927 com_x=-0.116
t=  5.00 max|qacc|=      27.9 max|qvel|=   0.48 ncon=  0 com_z=0.927 com_x=-0.112
t=  5.50 max|qacc|=      20.1 max|qvel|=   0.25 ncon=  0 com_z=0.927 com_x=-0.104
t=  6.00 max|qacc|=      12.3 max|qvel|=   0.15 ncon=  0 com_z=0.926 com_x=-0.094
t=  6.50 max|qacc|=      10.2 max|qvel|=   0.16 ncon=  0 com_z=0.927 com_x=-0.098
t=  7.00 max|qacc|=       8.9 max|qvel|=   0.06 ncon=  0 com_z=0.926 com_x=-0.099
t=  7.50 max|qacc|=       5.2 max|qvel|=   0.10 ncon=  0 com_z=0.926 com_x=-0.097
t=  8.00 max|qacc|=      12.6 max|qvel|=   0.11 ncon=  0 com_z=0.926 com_x=-0.099
t=  8.50 max|qacc|=      14.0 max|qvel|=   0.08 ncon=  0 com_z=0.926 com_x=-0.098
t=  9.00 max|qacc|=       3.3 max|qvel|=   0.07 ncon=  0 com_z=0.926 com_x=-0.098
t=  9.50 max|qacc|=      16.3 max|qvel|=   0.11 ncon=  0 com_z=0.926 com_x=-0.098
t= 10.00 max|qacc|=      14.9 max|qvel|=   0.08 ncon=  0 com_z=0.926 com_x=-0.098
t= 10.50 max|qacc|=      12.5 max|qvel|=   0.06 ncon=  0 com_z=0.926 com_x=-0.098
t= 11.00 max|qacc|=       3.3 max|qvel|=   0.08 ncon=  0 com_z=0.926 com_x=-0.098
t= 11.50 max|qacc|=       9.3 max|qvel|=   0.12 ncon=  0 com_z=0.926 com_x=-0.098
t= 12.00 max|qacc|=      15.3 max|qvel|=   0.08 ncon=  0 com_z=0.926 com_x=-0.098
t= 12.50 max|qacc|=       9.4 max|qvel|=   0.06 ncon=  0 com_z=0.926 com_x=-0.098
t= 13.00 max|qacc|=       5.7 max|qvel|=   0.10 ncon=  0 com_z=0.926 com_x=-0.098
t= 13.50 max|qacc|=      15.2 max|qvel|=   0.10 ncon=  0 com_z=0.926 com_x=-0.098
t= 14.00 max|qacc|=       9.9 max|qvel|=   0.06 ncon=  0 com_z=0.926 com_x=-0.098
t= 14.50 max|qacc|=       9.0 max|qvel|=   0.05 ncon=  0 com_z=0.926 com_x=-0.098
t= 15.00 max|qacc|=       6.6 max|qvel|=   0.11 ncon=  0 com_z=0.926 com_x=-0.098
t= 15.50 max|qacc|=      10.4 max|qvel|=   0.48 ncon=  0 com_z=0.925 com_x=-0.096
t= 16.00 max|qacc|=      48.3 max|qvel|=   2.09 ncon=  0 com_z=0.952 com_x=-0.103
t= 16.50 max|qacc|=      62.1 max|qvel|=   2.42 ncon=  0 com_z=0.927 com_x=-0.112
t= 17.00 max|qacc|=      17.7 max|qvel|=   1.76 ncon=  0 com_z=0.928 com_x=-0.106
t= 17.50 max|qacc|=      19.1 max|qvel|=   2.81 ncon=  0 com_z=0.943 com_x=-0.162
t= 18.00 max|qacc|=      16.2 max|qvel|=   0.82 ncon=  0 com_z=0.927 com_x=-0.106
t= 18.50 max|qacc|=       3.8 max|qvel|=   0.84 ncon=  0 com_z=0.931 com_x=-0.138
t= 19.00 max|qacc|=       6.3 max|qvel|=   0.87 ncon=  0 com_z=0.931 com_x=-0.143
t= 19.50 max|qacc|=      19.5 max|qvel|=   0.39 ncon=  0 com_z=0.926 com_x=-0.114
t= 20.00 max|qacc|=      13.5 max|qvel|=   0.28 ncon=  0 com_z=0.933 com_x=-0.147
t= 20.50 max|qacc|=       5.7 max|qvel|=   0.40 ncon=  0 com_z=0.927 com_x=-0.126
t= 21.00 max|qacc|=      15.2 max|qvel|=   0.38 ncon=  0 com_z=0.929 com_x=-0.130
t= 21.50 max|qacc|=       8.3 max|qvel|=   0.30 ncon=  0 com_z=0.930 com_x=-0.138
t= 22.00 max|qacc|=       9.2 max|qvel|=   0.12 ncon=  0 com_z=0.928 com_x=-0.124
t= 22.50 max|qacc|=       3.8 max|qvel|=   0.11 ncon=  0 com_z=0.930 com_x=-0.136
t= 23.00 max|qacc|=      19.4 max|qvel|=   0.20 ncon=  0 com_z=0.928 com_x=-0.131
t= 23.50 max|qacc|=      13.3 max|qvel|=   0.18 ncon=  0 com_z=0.928 com_x=-0.130
t= 24.00 max|qacc|=      11.8 max|qvel|=   0.08 ncon=  0 com_z=0.929 com_x=-0.135
t= 24.50 max|qacc|=      10.4 max|qvel|=   0.10 ncon=  0 com_z=0.928 com_x=-0.129
t= 25.00 max|qacc|=       7.3 max|qvel|=   0.13 ncon=  0 com_z=0.929 com_x=-0.132
t= 25.50 max|qacc|=       6.7 max|qvel|=   0.11 ncon=  0 com_z=0.929 com_x=-0.132
t= 26.00 max|qacc|=      13.8 max|qvel|=   0.06 ncon=  0 com_z=0.928 com_x=-0.130
t= 26.50 max|qacc|=      17.6 max|qvel|=   0.17 ncon=  0 com_z=0.929 com_x=-0.133
t= 27.00 max|qacc|=       4.5 max|qvel|=   0.12 ncon=  0 com_z=0.929 com_x=-0.131
t= 27.50 max|qacc|=      15.9 max|qvel|=   0.09 ncon=  0 com_z=0.929 com_x=-0.132
t= 28.00 max|qacc|=       7.9 max|qvel|=   0.13 ncon=  0 com_z=0.929 com_x=-0.132
t= 28.50 max|qacc|=       8.0 max|qvel|=   0.11 ncon=  0 com_z=0.929 com_x=-0.131
t= 29.00 max|qacc|=       7.8 max|qvel|=   0.08 ncon=  0 com_z=0.929 com_x=-0.132
t= 29.50 max|qacc|=      19.9 max|qvel|=   0.14 ncon=  0 com_z=0.928 com_x=-0.132
t= 30.00 max|qacc|=       9.3 max|qvel|=   0.16 ncon=  0 com_z=0.929 com_x=-0.132
t= 30.50 max|qacc|=      16.3 max|qvel|=   0.06 ncon=  0 com_z=0.929 com_x=-0.132

== summary ==
pelvis/COM height: start 0.94 m, min 0.93 m, final 0.93 m  (stayed up)
COM x: min -0.16 max -0.08 final -0.13 m
COM y: min -0.024 max -0.002 m
RG_F_r bursts during walk window: 1
peak ctrl: [0.15 0.39 0.41 0.6  0.28 0.21 0.34 0.17 0.28 0.05 0.15 0.39 0.41 0.52
 0.28 0.21 0.22 0.17 0.28 0.05] (('vas_lat_r', 'med_gas_r', 'soleus_r', 'tib_ant_r', 'psoas_r', 'semimem_r', 'glut_max2_r', 'rect_fem_r', 'sar_r', 'grac_r', 'vas_lat_l', 'med_gas_l', 'soleus_l', 'tib_ant_l', 'psoas_l', 'semimem_l', 'glut_max2_l', 'rect_fem_l', 'sar_l', 'grac_l'))
  hip_flexion_r        -16.5 ..    31.9 deg
  knee_angle_r         -85.8 ..    12.2 deg
  ankle_angle_r        -64.1 ..     8.0 deg
  hip_adduction_r       -4.2 ..    13.2 deg
  subtalar_angle_r      -2.4 ..    16.4 deg
  hip_flexion_l        -29.5 ..    12.5 deg
  knee_angle_l        -101.0 ..    11.1 deg
  ankle_angle_l        -68.3 ..     9.8 deg
  hip_adduction_l       -7.7 ..    13.8 deg
  subtalar_angle_l      -2.5 ..    22.5 deg
  pelvis_tilt           -1.9 ..    -0.3 deg
  pelvis_list           -0.5 ..    -0.3 deg
  pelvis_rotation        2.3 ..     2.5 deg
saved spinal_run.npz
saved spinal_run.png
fitted baseline loaded: e2_pf=0.222 f1_df=0.098 f1_kf=0.148 post_kneext=0.011 post_hipext=0.068 desc_f=1.400 e2_adapt=1.700
start pose (normal.mot): applied 20 coordinates as given; IMU-metric torso lean -0.0 deg (+ = back)
standing solve: nnls x in [0.00, 0.70], >0.1: 14 muscles
  top: add_long_l=0.70, tib_ant_r=0.61, tib_ant_l=0.46, ext_dig_r=0.37, glut_min1_l=0.33, pect_l=0.32, glut_min2_l=0.31, ext_dig_l=0.25
Fmax range: 5..3396 N | L range sample: [0.229942 0.326094]
t=  1.00 max|qacc|=       5.8 max|qvel|=   1.18 ncon=  0 com_z=0.928 com_x=-0.125
t=  1.50 max|qacc|=      19.3 max|qvel|=   0.58 ncon=  0 com_z=0.927 com_x=-0.129
t=  2.00 max|qacc|=      14.4 max|qvel|=   0.35 ncon=  0 com_z=0.931 com_x=-0.128
t=  2.50 max|qacc|=      10.3 max|qvel|=   0.20 ncon=  0 com_z=0.928 com_x=-0.132
t=  3.00 max|qacc|=      12.9 max|qvel|=   0.37 ncon=  0 com_z=0.930 com_x=-0.130
t=  3.50 max|qacc|=      21.6 max|qvel|=   1.19 ncon=  0 com_z=0.930 com_x=-0.137
t=  4.00 max|qacc|=     107.7 max|qvel|=   1.22 ncon=  0 com_z=0.932 com_x=-0.145
t=  4.50 max|qacc|=      82.5 max|qvel|=   1.06 ncon=  0 com_z=0.928 com_x=-0.126
t=  5.00 max|qacc|=     124.3 max|qvel|=   1.08 ncon=  0 com_z=0.930 com_x=-0.127
t=  5.50 max|qacc|=     191.8 max|qvel|=   0.28 ncon=  0 com_z=0.929 com_x=-0.118
t=  6.00 max|qacc|=      23.9 max|qvel|=   0.21 ncon=  0 com_z=0.927 com_x=-0.106
t=  6.50 max|qacc|=      31.6 max|qvel|=   0.12 ncon=  0 com_z=0.927 com_x=-0.107
t=  7.00 max|qacc|=       5.9 max|qvel|=   0.18 ncon=  0 com_z=0.927 com_x=-0.108
t=  7.50 max|qacc|=      41.7 max|qvel|=   1.50 ncon=  0 com_z=0.960 com_x=-0.102
t=  8.00 max|qacc|=      19.8 max|qvel|=   3.30 ncon=  0 com_z=0.937 com_x=-0.080
t=  8.50 max|qacc|=       8.4 max|qvel|=   2.12 ncon=  0 com_z=0.943 com_x=-0.052
t=  9.00 max|qacc|=      14.2 max|qvel|=   0.63 ncon=  0 com_z=0.941 com_x=-0.089
t=  9.50 max|qacc|=       6.3 max|qvel|=   1.11 ncon=  0 com_z=0.943 com_x=-0.063
t= 10.00 max|qacc|=       5.7 max|qvel|=   0.60 ncon=  0 com_z=0.941 com_x=-0.070
t= 10.50 max|qacc|=       3.3 max|qvel|=   0.43 ncon=  0 com_z=0.942 com_x=-0.075
t= 11.00 max|qacc|=       2.1 max|qvel|=   0.29 ncon=  0 com_z=0.943 com_x=-0.066
t= 11.50 max|qacc|=       1.6 max|qvel|=   0.27 ncon=  0 com_z=0.941 com_x=-0.073
t= 12.00 max|qacc|=       1.2 max|qvel|=   0.23 ncon=  0 com_z=0.942 com_x=-0.071
t= 12.50 max|qacc|=       1.0 max|qvel|=   0.15 ncon=  0 com_z=0.942 com_x=-0.069
t= 13.00 max|qacc|=       1.2 max|qvel|=   0.05 ncon=  0 com_z=0.942 com_x=-0.072
t= 13.50 max|qacc|=       1.0 max|qvel|=   0.04 ncon=  0 com_z=0.942 com_x=-0.070
t= 14.00 max|qacc|=       0.7 max|qvel|=   0.08 ncon=  0 com_z=0.942 com_x=-0.071
t= 14.50 max|qacc|=       0.4 max|qvel|=   0.10 ncon=  0 com_z=0.942 com_x=-0.071
t= 15.00 max|qacc|=       0.2 max|qvel|=   0.09 ncon=  0 com_z=0.942 com_x=-0.070
t= 15.50 max|qacc|=       1.7 max|qvel|=   0.53 ncon=  0 com_z=0.940 com_x=-0.071
t= 16.00 max|qacc|=      28.7 max|qvel|=   1.24 ncon=  0 com_z=0.933 com_x=-0.068
t= 16.50 max|qacc|=     211.9 max|qvel|=   3.32 ncon=  0 com_z=0.965 com_x=-0.190
t= 17.00 max|qacc|=      31.6 max|qvel|=   2.70 ncon=  0 com_z=0.928 com_x=-0.098
t= 17.50 max|qacc|=      11.7 max|qvel|=   3.57 ncon=  0 com_z=0.929 com_x=-0.086
t= 18.00 max|qacc|=      17.8 max|qvel|=   1.42 ncon=  0 com_z=0.958 com_x=-0.183
t= 18.50 max|qacc|=      23.0 max|qvel|=   0.88 ncon=  0 com_z=0.931 com_x=-0.081
t= 19.00 max|qacc|=       5.6 max|qvel|=   1.58 ncon=  0 com_z=0.935 com_x=-0.144
t= 19.50 max|qacc|=       8.3 max|qvel|=   1.65 ncon=  0 com_z=0.932 com_x=-0.148
t= 20.00 max|qacc|=      13.8 max|qvel|=   0.61 ncon=  0 com_z=0.926 com_x=-0.100
t= 20.50 max|qacc|=       8.6 max|qvel|=   0.43 ncon=  0 com_z=0.937 com_x=-0.156
t= 21.00 max|qacc|=      12.7 max|qvel|=   0.66 ncon=  0 com_z=0.927 com_x=-0.120
t= 21.50 max|qacc|=      18.9 max|qvel|=   0.58 ncon=  0 com_z=0.929 com_x=-0.129
t= 22.00 max|qacc|=      13.6 max|qvel|=   0.40 ncon=  0 com_z=0.931 com_x=-0.143
t= 22.50 max|qacc|=       6.4 max|qvel|=   0.19 ncon=  0 com_z=0.927 com_x=-0.119
t= 23.00 max|qacc|=      11.7 max|qvel|=   0.19 ncon=  0 com_z=0.931 com_x=-0.139
t= 23.50 max|qacc|=       9.2 max|qvel|=   0.34 ncon=  0 com_z=0.928 com_x=-0.130
t= 24.00 max|qacc|=       8.3 max|qvel|=   0.20 ncon=  0 com_z=0.928 com_x=-0.127
t= 24.50 max|qacc|=       5.4 max|qvel|=   0.16 ncon=  0 com_z=0.930 com_x=-0.137
t= 25.00 max|qacc|=      20.1 max|qvel|=   0.10 ncon=  0 com_z=0.928 com_x=-0.127
t= 25.50 max|qacc|=      12.3 max|qvel|=   0.17 ncon=  0 com_z=0.929 com_x=-0.133
t= 26.00 max|qacc|=      13.0 max|qvel|=   0.12 ncon=  0 com_z=0.929 com_x=-0.132
t= 26.50 max|qacc|=       9.9 max|qvel|=   0.11 ncon=  0 com_z=0.928 com_x=-0.129
t= 27.00 max|qacc|=       7.4 max|qvel|=   0.12 ncon=  0 com_z=0.929 com_x=-0.133
t= 27.50 max|qacc|=       6.6 max|qvel|=   0.09 ncon=  0 com_z=0.928 com_x=-0.130
t= 28.00 max|qacc|=      14.6 max|qvel|=   0.09 ncon=  0 com_z=0.929 com_x=-0.131
t= 28.50 max|qacc|=      17.4 max|qvel|=   0.17 ncon=  0 com_z=0.929 com_x=-0.132
t= 29.00 max|qacc|=       4.6 max|qvel|=   0.12 ncon=  0 com_z=0.928 com_x=-0.130
t= 29.50 max|qacc|=      15.9 max|qvel|=   0.06 ncon=  0 com_z=0.929 com_x=-0.132
t= 30.00 max|qacc|=       8.1 max|qvel|=   0.12 ncon=  0 com_z=0.929 com_x=-0.131
t= 30.50 max|qacc|=       7.9 max|qvel|=   0.11 ncon=  0 com_z=0.929 com_x=-0.131

== summary ==
pelvis/COM height: start 0.94 m, min 0.92 m, final 0.93 m  (stayed up)
COM x: min -0.20 max -0.04 final -0.13 m
COM y: min -0.024 max +0.005 m
RG_F_r bursts during walk window: 1
peak ctrl: [0.32 0.52 0.52 0.6  0.34 0.27 0.43 0.34 0.34 0.07 0.32 0.53 0.53 0.52
 0.34 0.27 0.37 0.34 0.34 0.07] (('vas_lat_r', 'med_gas_r', 'soleus_r', 'tib_ant_r', 'psoas_r', 'semimem_r', 'glut_max2_r', 'rect_fem_r', 'sar_r', 'grac_r', 'vas_lat_l', 'med_gas_l', 'soleus_l', 'tib_ant_l', 'psoas_l', 'semimem_l', 'glut_max2_l', 'rect_fem_l', 'sar_l', 'grac_l'))
  hip_flexion_r        -41.8 ..    53.8 deg
  knee_angle_r        -102.6 ..    12.3 deg
  ankle_angle_r        -66.5 ..    15.7 deg
  hip_adduction_r       -6.2 ..    15.9 deg
  subtalar_angle_r      -2.7 ..    16.3 deg
  hip_flexion_l        -48.7 ..    39.7 deg
  knee_angle_l        -115.1 ..    12.1 deg
  ankle_angle_l        -70.0 ..     9.8 deg
  hip_adduction_l       -5.9 ..    16.1 deg
  subtalar_angle_l      -2.8 ..    22.4 deg
  pelvis_tilt           -1.9 ..     0.1 deg
  pelvis_list           -0.6 ..    -0.3 deg
  pelvis_rotation        2.3 ..     2.5 deg
saved spinal_run.npz
saved spinal_run.png
fitted baseline loaded: e2_pf=0.222 f1_df=0.098 f1_kf=0.148 post_kneext=0.011 post_hipext=0.068 desc_f=1.400 e2_adapt=1.700
start pose (normal.mot): applied 20 coordinates as given; IMU-metric torso lean -0.0 deg (+ = back)
standing solve: nnls x in [0.00, 0.70], >0.1: 14 muscles
  top: add_long_l=0.70, tib_ant_r=0.61, tib_ant_l=0.46, ext_dig_r=0.37, glut_min1_l=0.33, pect_l=0.32, glut_min2_l=0.31, ext_dig_l=0.25
Fmax range: 5..3396 N | L range sample: [0.229942 0.326094]
t=  1.00 max|qacc|=       5.9 max|qvel|=   1.30 ncon=  0 com_z=0.928 com_x=-0.124
t=  1.50 max|qacc|=      18.4 max|qvel|=   0.58 ncon=  0 com_z=0.927 com_x=-0.128
t=  2.00 max|qacc|=      16.3 max|qvel|=   0.33 ncon=  0 com_z=0.931 com_x=-0.127
t=  2.50 max|qacc|=       5.9 max|qvel|=   0.21 ncon=  0 com_z=0.928 com_x=-0.131
t=  3.00 max|qacc|=      16.4 max|qvel|=   0.35 ncon=  0 com_z=0.930 com_x=-0.130
t=  3.50 max|qacc|=      24.3 max|qvel|=   1.09 ncon=  0 com_z=0.930 com_x=-0.137
t=  4.00 max|qacc|=      91.5 max|qvel|=   0.98 ncon=  0 com_z=0.932 com_x=-0.145
t=  4.50 max|qacc|=      53.3 max|qvel|=   0.99 ncon=  0 com_z=0.928 com_x=-0.126
t=  5.00 max|qacc|=      96.4 max|qvel|=   1.11 ncon=  0 com_z=0.930 com_x=-0.127
t=  5.50 max|qacc|=      16.8 max|qvel|=   0.22 ncon=  0 com_z=0.929 com_x=-0.118
t=  6.00 max|qacc|=      84.7 max|qvel|=   0.22 ncon=  0 com_z=0.927 com_x=-0.106
t=  6.50 max|qacc|=      53.0 max|qvel|=   1.82 ncon=  0 com_z=0.927 com_x=-0.105
t=  7.00 max|qacc|=      33.8 max|qvel|=   5.32 ncon=  0 com_z=0.955 com_x=-0.118
t=  7.50 max|qacc|=      26.3 max|qvel|=   3.43 ncon=  0 com_z=0.950 com_x=-0.057
t=  8.00 max|qacc|=      19.8 max|qvel|=   1.35 ncon=  0 com_z=0.940 com_x=-0.065
t=  8.50 max|qacc|=       4.3 max|qvel|=   1.52 ncon=  0 com_z=0.940 com_x=-0.087
t=  9.00 max|qacc|=       6.7 max|qvel|=   0.66 ncon=  0 com_z=0.946 com_x=-0.059
t=  9.50 max|qacc|=       4.7 max|qvel|=   0.43 ncon=  0 com_z=0.939 com_x=-0.077
t= 10.00 max|qacc|=       2.5 max|qvel|=   0.35 ncon=  0 com_z=0.941 com_x=-0.072
t= 10.50 max|qacc|=       2.5 max|qvel|=   0.34 ncon=  0 com_z=0.943 com_x=-0.068
t= 11.00 max|qacc|=       1.4 max|qvel|=   0.23 ncon=  0 com_z=0.941 com_x=-0.074
t= 11.50 max|qacc|=       1.5 max|qvel|=   0.11 ncon=  0 com_z=0.942 com_x=-0.071
t= 12.00 max|qacc|=       1.4 max|qvel|=   0.09 ncon=  0 com_z=0.942 com_x=-0.071
t= 12.50 max|qacc|=       0.9 max|qvel|=   0.10 ncon=  0 com_z=0.942 com_x=-0.072
t= 13.00 max|qacc|=       0.4 max|qvel|=   0.13 ncon=  0 com_z=0.942 com_x=-0.071
t= 13.50 max|qacc|=       0.1 max|qvel|=   0.12 ncon=  0 com_z=0.942 com_x=-0.072
t= 14.00 max|qacc|=       0.5 max|qvel|=   0.08 ncon=  0 com_z=0.942 com_x=-0.072
t= 14.50 max|qacc|=       0.6 max|qvel|=   0.05 ncon=  0 com_z=0.942 com_x=-0.071
t= 15.00 max|qacc|=       0.5 max|qvel|=   0.03 ncon=  0 com_z=0.942 com_x=-0.072
t= 15.50 max|qacc|=       1.6 max|qvel|=   0.51 ncon=  0 com_z=0.940 com_x=-0.072
t= 16.00 max|qacc|=       9.6 max|qvel|=   1.12 ncon=  0 com_z=0.934 com_x=-0.067
t= 16.50 max|qacc|=     440.0 max|qvel|=   3.23 ncon=  0 com_z=0.964 com_x=-0.187
t= 17.00 max|qacc|=      32.1 max|qvel|=   3.05 ncon=  0 com_z=0.928 com_x=-0.103
t= 17.50 max|qacc|=      13.4 max|qvel|=   3.67 ncon=  0 com_z=0.929 com_x=-0.081
t= 18.00 max|qacc|=      17.8 max|qvel|=   1.31 ncon=  0 com_z=0.959 com_x=-0.184
t= 18.50 max|qacc|=      30.2 max|qvel|=   0.93 ncon=  0 com_z=0.931 com_x=-0.083
t= 19.00 max|qacc|=       5.8 max|qvel|=   1.63 ncon=  0 com_z=0.933 com_x=-0.141
t= 19.50 max|qacc|=       7.4 max|qvel|=   1.68 ncon=  0 com_z=0.933 com_x=-0.151
t= 20.00 max|qacc|=      11.8 max|qvel|=   0.59 ncon=  0 com_z=0.926 com_x=-0.098
t= 20.50 max|qacc|=      15.6 max|qvel|=   0.52 ncon=  0 com_z=0.936 com_x=-0.156
t= 21.00 max|qacc|=      20.8 max|qvel|=   0.71 ncon=  0 com_z=0.927 com_x=-0.122
t= 21.50 max|qacc|=      13.6 max|qvel|=   0.60 ncon=  0 com_z=0.928 com_x=-0.126
t= 22.00 max|qacc|=       7.0 max|qvel|=   0.36 ncon=  0 com_z=0.931 com_x=-0.144
t= 22.50 max|qacc|=      15.7 max|qvel|=   0.13 ncon=  0 com_z=0.927 com_x=-0.118
t= 23.00 max|qacc|=       8.6 max|qvel|=   0.22 ncon=  0 com_z=0.931 com_x=-0.138
t= 23.50 max|qacc|=       8.3 max|qvel|=   0.36 ncon=  0 com_z=0.928 com_x=-0.130
t= 24.00 max|qacc|=       7.0 max|qvel|=   0.21 ncon=  0 com_z=0.928 com_x=-0.126
t= 24.50 max|qacc|=      13.2 max|qvel|=   0.15 ncon=  0 com_z=0.930 com_x=-0.137
t= 25.00 max|qacc|=      19.2 max|qvel|=   0.16 ncon=  0 com_z=0.928 com_x=-0.127
t= 25.50 max|qacc|=       6.1 max|qvel|=   0.16 ncon=  0 com_z=0.929 com_x=-0.132
t= 26.00 max|qacc|=      16.9 max|qvel|=   0.13 ncon=  0 com_z=0.929 com_x=-0.132
t= 26.50 max|qacc|=       8.6 max|qvel|=   0.12 ncon=  0 com_z=0.928 com_x=-0.128
t= 27.00 max|qacc|=       7.8 max|qvel|=   0.12 ncon=  0 com_z=0.929 com_x=-0.133
t= 27.50 max|qacc|=       3.6 max|qvel|=   0.11 ncon=  0 com_z=0.928 com_x=-0.129
t= 28.00 max|qacc|=      19.1 max|qvel|=   0.10 ncon=  0 com_z=0.928 com_x=-0.131
t= 28.50 max|qacc|=      13.5 max|qvel|=   0.18 ncon=  0 com_z=0.929 com_x=-0.132
t= 29.00 max|qacc|=      10.8 max|qvel|=   0.08 ncon=  0 com_z=0.928 com_x=-0.130
t= 29.50 max|qacc|=      10.3 max|qvel|=   0.09 ncon=  0 com_z=0.929 com_x=-0.131
t= 30.00 max|qacc|=       7.6 max|qvel|=   0.13 ncon=  0 com_z=0.929 com_x=-0.130
t= 30.50 max|qacc|=       7.0 max|qvel|=   0.10 ncon=  0 com_z=0.929 com_x=-0.130

== summary ==
pelvis/COM height: start 0.94 m, min 0.92 m, final 0.93 m  (stayed up)
COM x: min -0.20 max -0.04 final -0.13 m
COM y: min -0.024 max +0.003 m
RG_F_r bursts during walk window: 1
peak ctrl: [0.32 0.53 0.53 0.6  0.35 0.28 0.44 0.34 0.35 0.07 0.32 0.53 0.54 0.52
 0.35 0.28 0.37 0.34 0.35 0.07] (('vas_lat_r', 'med_gas_r', 'soleus_r', 'tib_ant_r', 'psoas_r', 'semimem_r', 'glut_max2_r', 'rect_fem_r', 'sar_r', 'grac_r', 'vas_lat_l', 'med_gas_l', 'soleus_l', 'tib_ant_l', 'psoas_l', 'semimem_l', 'glut_max2_l', 'rect_fem_l', 'sar_l', 'grac_l'))
  hip_flexion_r        -42.9 ..    54.4 deg
  knee_angle_r        -103.5 ..    12.2 deg
  ankle_angle_r        -66.5 ..    15.1 deg
  hip_adduction_r       -5.9 ..    15.6 deg
  subtalar_angle_r      -2.6 ..    16.3 deg
  hip_flexion_l        -47.7 ..    39.1 deg
  knee_angle_l        -115.2 ..    12.3 deg
  ankle_angle_l        -70.1 ..     9.8 deg
  hip_adduction_l       -5.7 ..    16.2 deg
  subtalar_angle_l      -2.8 ..    22.4 deg
  pelvis_tilt           -1.9 ..     0.1 deg
  pelvis_list           -0.5 ..    -0.3 deg
  pelvis_rotation        2.3 ..     2.5 deg
saved spinal_run.npz
saved spinal_run.png
fitted baseline loaded: e2_pf=0.222 f1_df=0.098 f1_kf=0.148 post_kneext=0.011 post_hipext=0.068 desc_f=1.400 e2_adapt=1.700
start pose (normal.mot): applied 20 coordinates as given; IMU-metric torso lean -0.0 deg (+ = back)
D:\Github\Bipedal_Robot\Code\MuJoCo_SNS\spinal\runner.py:1306: RuntimeWarning: More than 20 figures have been opened. Figures created through the pyplot interface (`matplotlib.pyplot.figure`) are retained until explicitly closed and may consume too much memory. (To control this warning, see the rcParam `figure.max_open_warning`). Consider using `matplotlib.pyplot.close()`.
  fig, ax = plt.subplots(4, 1, figsize=(10, 11), sharex=True)
standing solve: nnls x in [0.00, 0.70], >0.1: 14 muscles
  top: add_long_l=0.70, tib_ant_r=0.61, tib_ant_l=0.46, ext_dig_r=0.37, glut_min1_l=0.33, pect_l=0.32, glut_min2_l=0.31, ext_dig_l=0.25
Fmax range: 5..3396 N | L range sample: [0.229942 0.326094]
t=  1.00 max|qacc|=       5.9 max|qvel|=   1.11 ncon=  0 com_z=0.928 com_x=-0.125
t=  1.50 max|qacc|=      19.7 max|qvel|=   0.59 ncon=  0 com_z=0.927 com_x=-0.129
t=  2.00 max|qacc|=      13.3 max|qvel|=   0.36 ncon=  0 com_z=0.931 com_x=-0.128
t=  2.50 max|qacc|=      12.7 max|qvel|=   0.19 ncon=  0 com_z=0.928 com_x=-0.132
t=  3.00 max|qacc|=      10.2 max|qvel|=   0.38 ncon=  0 com_z=0.930 com_x=-0.130
t=  3.50 max|qacc|=     248.3 max|qvel|=   1.09 ncon=  0 com_z=0.930 com_x=-0.139
t=  4.00 max|qacc|=      47.2 max|qvel|=   1.18 ncon=  0 com_z=0.933 com_x=-0.150
t=  4.50 max|qacc|=     147.3 max|qvel|=   0.99 ncon=  0 com_z=0.929 com_x=-0.130
t=  5.00 max|qacc|=      38.8 max|qvel|=   0.17 ncon=  0 com_z=0.931 com_x=-0.134
t=  5.50 max|qacc|=      48.5 max|qvel|=   0.24 ncon=  0 com_z=0.930 com_x=-0.125
t=  6.00 max|qacc|=      73.6 max|qvel|=   0.15 ncon=  0 com_z=0.928 com_x=-0.114
t=  6.50 max|qacc|=      16.1 max|qvel|=   0.17 ncon=  0 com_z=0.928 com_x=-0.114
t=  7.00 max|qacc|=      40.8 max|qvel|=   0.15 ncon=  0 com_z=0.928 com_x=-0.115
t=  7.50 max|qacc|=      28.0 max|qvel|=   0.13 ncon=  0 com_z=0.928 com_x=-0.113
t=  8.00 max|qacc|=      41.3 max|qvel|=   0.15 ncon=  0 com_z=0.928 com_x=-0.114
t=  8.50 max|qacc|=      22.6 max|qvel|=   0.19 ncon=  0 com_z=0.928 com_x=-0.114
t=  9.00 max|qacc|=      31.9 max|qvel|=   0.10 ncon=  0 com_z=0.928 com_x=-0.113
t=  9.50 max|qacc|=      34.8 max|qvel|=   0.11 ncon=  0 com_z=0.928 com_x=-0.114
t= 10.00 max|qacc|=      32.0 max|qvel|=   0.11 ncon=  0 com_z=0.928 com_x=-0.114
t= 10.50 max|qacc|=      43.7 max|qvel|=   0.09 ncon=  0 com_z=0.928 com_x=-0.114
t= 11.00 max|qacc|=      24.9 max|qvel|=   0.13 ncon=  0 com_z=0.928 com_x=-0.113
t= 11.50 max|qacc|=      53.3 max|qvel|=   0.11 ncon=  0 com_z=0.928 com_x=-0.113
t= 12.00 max|qacc|=      27.4 max|qvel|=   0.19 ncon=  0 com_z=0.928 com_x=-0.114
t= 12.50 max|qacc|=      54.3 max|qvel|=   0.10 ncon=  0 com_z=0.928 com_x=-0.114
t= 13.00 max|qacc|=      28.2 max|qvel|=   0.11 ncon=  0 com_z=0.928 com_x=-0.113
t= 13.50 max|qacc|=      26.8 max|qvel|=   0.15 ncon=  0 com_z=0.928 com_x=-0.114
t= 14.00 max|qacc|=      84.4 max|qvel|=   0.11 ncon=  0 com_z=0.928 com_x=-0.114
t= 14.50 max|qacc|=      23.0 max|qvel|=   0.13 ncon=  0 com_z=0.928 com_x=-0.114
t= 15.00 max|qacc|=      41.7 max|qvel|=   0.07 ncon=  0 com_z=0.928 com_x=-0.113
t= 15.50 max|qacc|=      10.1 max|qvel|=   0.45 ncon=  0 com_z=0.927 com_x=-0.111
t= 16.00 max|qacc|=      34.0 max|qvel|=   7.40 ncon=  0 com_z=0.930 com_x=-0.085
t= 16.50 max|qacc|=      49.0 max|qvel|=   5.60 ncon=  0 com_z=0.942 com_x=-0.167
t= 17.00 max|qacc|=      19.6 max|qvel|=   2.95 ncon=  0 com_z=0.935 com_x=-0.064
t= 17.50 max|qacc|=      13.7 max|qvel|=   2.04 ncon=  0 com_z=0.941 com_x=-0.148
t= 18.00 max|qacc|=      10.4 max|qvel|=   2.94 ncon=  0 com_z=0.933 com_x=-0.145
t= 18.50 max|qacc|=      15.3 max|qvel|=   0.99 ncon=  0 com_z=0.928 com_x=-0.086
t= 19.00 max|qacc|=      16.3 max|qvel|=   0.72 ncon=  0 com_z=0.942 com_x=-0.159
t= 19.50 max|qacc|=       6.3 max|qvel|=   1.02 ncon=  0 com_z=0.927 com_x=-0.123
t= 20.00 max|qacc|=      19.0 max|qvel|=   0.75 ncon=  0 com_z=0.928 com_x=-0.123
t= 20.50 max|qacc|=      14.2 max|qvel|=   0.49 ncon=  0 com_z=0.933 com_x=-0.150
t= 21.00 max|qacc|=       5.3 max|qvel|=   0.17 ncon=  0 com_z=0.927 com_x=-0.115
t= 21.50 max|qacc|=      14.0 max|qvel|=   0.36 ncon=  0 com_z=0.931 com_x=-0.140
t= 22.00 max|qacc|=       9.9 max|qvel|=   0.45 ncon=  0 com_z=0.929 com_x=-0.132
t= 22.50 max|qacc|=       8.8 max|qvel|=   0.25 ncon=  0 com_z=0.928 com_x=-0.124
t= 23.00 max|qacc|=       3.9 max|qvel|=   0.16 ncon=  0 com_z=0.931 com_x=-0.139
t= 23.50 max|qacc|=      15.1 max|qvel|=   0.18 ncon=  0 com_z=0.927 com_x=-0.126
t= 24.00 max|qacc|=      15.8 max|qvel|=   0.23 ncon=  0 com_z=0.929 com_x=-0.133
t= 24.50 max|qacc|=       5.3 max|qvel|=   0.14 ncon=  0 com_z=0.929 com_x=-0.134
t= 25.00 max|qacc|=      15.8 max|qvel|=   0.13 ncon=  0 com_z=0.928 com_x=-0.128
t= 25.50 max|qacc|=       7.5 max|qvel|=   0.12 ncon=  0 com_z=0.930 com_x=-0.134
t= 26.00 max|qacc|=       8.3 max|qvel|=   0.12 ncon=  0 com_z=0.929 com_x=-0.130
t= 26.50 max|qacc|=       7.4 max|qvel|=   0.10 ncon=  0 com_z=0.929 com_x=-0.131
t= 27.00 max|qacc|=      19.9 max|qvel|=   0.13 ncon=  0 com_z=0.929 com_x=-0.133
t= 27.50 max|qacc|=      10.1 max|qvel|=   0.17 ncon=  0 com_z=0.928 com_x=-0.130
t= 28.00 max|qacc|=      15.8 max|qvel|=   0.10 ncon=  0 com_z=0.929 com_x=-0.132
t= 28.50 max|qacc|=       9.0 max|qvel|=   0.11 ncon=  0 com_z=0.929 com_x=-0.131
t= 29.00 max|qacc|=       8.1 max|qvel|=   0.12 ncon=  0 com_z=0.929 com_x=-0.131
t= 29.50 max|qacc|=       4.3 max|qvel|=   0.08 ncon=  0 com_z=0.929 com_x=-0.132
t= 30.00 max|qacc|=      18.4 max|qvel|=   0.08 ncon=  0 com_z=0.928 com_x=-0.131
t= 30.50 max|qacc|=      14.1 max|qvel|=   0.18 ncon=  0 com_z=0.929 com_x=-0.132

== summary ==
pelvis/COM height: start 0.94 m, min 0.93 m, final 0.93 m  (stayed up)
COM x: min -0.17 max -0.06 final -0.13 m
COM y: min -0.024 max -0.003 m
RG_F_r bursts during walk window: 1
peak ctrl: [0.23 0.46 0.48 0.6  0.29 0.25 0.36 0.25 0.29 0.06 0.23 0.46 0.48 0.52
 0.29 0.25 0.26 0.25 0.29 0.06] (('vas_lat_r', 'med_gas_r', 'soleus_r', 'tib_ant_r', 'psoas_r', 'semimem_r', 'glut_max2_r', 'rect_fem_r', 'sar_r', 'grac_r', 'vas_lat_l', 'med_gas_l', 'soleus_l', 'tib_ant_l', 'psoas_l', 'semimem_l', 'glut_max2_l', 'rect_fem_l', 'sar_l', 'grac_l'))
  hip_flexion_r        -13.2 ..    33.2 deg
  knee_angle_r         -86.2 ..    11.3 deg
  ankle_angle_r        -66.4 ..    17.6 deg
  hip_adduction_r       -0.6 ..    15.6 deg
  subtalar_angle_r      -2.6 ..    16.0 deg
  hip_flexion_l        -38.0 ..    20.6 deg
  knee_angle_l        -101.7 ..    10.3 deg
  ankle_angle_l        -70.6 ..     9.8 deg
  hip_adduction_l       -6.3 ..    16.8 deg
  subtalar_angle_l      -2.8 ..    22.2 deg
  pelvis_tilt           -1.9 ..    -0.1 deg
  pelvis_list           -0.5 ..    -0.3 deg
  pelvis_rotation        2.3 ..     2.5 deg
saved spinal_run.npz
saved spinal_run.png
fitted baseline loaded: e2_pf=0.222 f1_df=0.098 f1_kf=0.148 post_kneext=0.011 post_hipext=0.068 desc_f=1.400 e2_adapt=1.700
start pose (normal.mot): applied 20 coordinates as given; IMU-metric torso lean -0.0 deg (+ = back)
standing solve: nnls x in [0.00, 0.70], >0.1: 14 muscles
  top: add_long_l=0.70, tib_ant_r=0.61, tib_ant_l=0.46, ext_dig_r=0.37, glut_min1_l=0.33, pect_l=0.32, glut_min2_l=0.31, ext_dig_l=0.25
Fmax range: 5..3396 N | L range sample: [0.229942 0.326094]
t=  1.00 max|qacc|=       4.6 max|qvel|=   0.79 ncon=  0 com_z=0.928 com_x=-0.127
t=  1.50 max|qacc|=      19.3 max|qvel|=   0.60 ncon=  0 com_z=0.928 com_x=-0.130
t=  2.00 max|qacc|=      14.4 max|qvel|=   0.43 ncon=  0 com_z=0.931 com_x=-0.128
t=  2.50 max|qacc|=      11.2 max|qvel|=   0.18 ncon=  0 com_z=0.928 com_x=-0.134
t=  3.00 max|qacc|=      11.7 max|qvel|=   0.37 ncon=  0 com_z=0.930 com_x=-0.131
t=  3.50 max|qacc|=      25.7 max|qvel|=   1.07 ncon=  0 com_z=0.930 com_x=-0.138
t=  4.00 max|qacc|=      95.0 max|qvel|=   0.80 ncon=  0 com_z=0.932 com_x=-0.146
t=  4.50 max|qacc|=     108.5 max|qvel|=   1.07 ncon=  0 com_z=0.928 com_x=-0.127
t=  5.00 max|qacc|=     132.4 max|qvel|=   0.55 ncon=  0 com_z=0.930 com_x=-0.128
t=  5.50 max|qacc|=      46.3 max|qvel|=   0.18 ncon=  0 com_z=0.929 com_x=-0.119
t=  6.00 max|qacc|=      52.1 max|qvel|=   0.20 ncon=  0 com_z=0.927 com_x=-0.106
t=  6.50 max|qacc|=      42.1 max|qvel|=   0.11 ncon=  0 com_z=0.927 com_x=-0.106
t=  7.00 max|qacc|=      17.9 max|qvel|=   0.13 ncon=  0 com_z=0.927 com_x=-0.108
t=  7.50 max|qacc|=      14.1 max|qvel|=   0.15 ncon=  0 com_z=0.927 com_x=-0.106
t=  8.00 max|qacc|=      12.1 max|qvel|=   0.12 ncon=  0 com_z=0.927 com_x=-0.107
t=  8.50 max|qacc|=      39.4 max|qvel|=   0.07 ncon=  0 com_z=0.927 com_x=-0.107
t=  9.00 max|qacc|=      14.9 max|qvel|=   0.07 ncon=  0 com_z=0.927 com_x=-0.106
t=  9.50 max|qacc|=     100.8 max|qvel|=   0.13 ncon=  0 com_z=0.927 com_x=-0.107
t= 10.00 max|qacc|=      20.5 max|qvel|=   0.11 ncon=  0 com_z=0.927 com_x=-0.106
t= 10.50 max|qacc|=      30.9 max|qvel|=   0.10 ncon=  0 com_z=0.927 com_x=-0.106
t= 11.00 max|qacc|=      26.4 max|qvel|=   0.10 ncon=  0 com_z=0.927 com_x=-0.107
t= 11.50 max|qacc|=      31.0 max|qvel|=   0.09 ncon=  0 com_z=0.927 com_x=-0.106
t= 12.00 max|qacc|=      15.6 max|qvel|=   0.10 ncon=  0 com_z=0.927 com_x=-0.107
t= 12.50 max|qacc|=      18.4 max|qvel|=   0.15 ncon=  0 com_z=0.926 com_x=-0.107
t= 13.00 max|qacc|=      20.6 max|qvel|=   0.14 ncon=  0 com_z=0.927 com_x=-0.107
t= 13.50 max|qacc|=      44.2 max|qvel|=   0.09 ncon=  0 com_z=0.927 com_x=-0.107
t= 14.00 max|qacc|=      36.5 max|qvel|=   0.07 ncon=  0 com_z=0.927 com_x=-0.107
t= 14.50 max|qacc|=      10.1 max|qvel|=   0.06 ncon=  0 com_z=0.927 com_x=-0.106
t= 15.00 max|qacc|=      98.0 max|qvel|=   0.10 ncon=  0 com_z=0.927 com_x=-0.106
t= 15.50 max|qacc|=      50.2 max|qvel|=   6.60 ncon=  0 com_z=0.925 com_x=-0.098
t= 16.00 max|qacc|=      33.6 max|qvel|=   6.64 ncon=  0 com_z=0.944 com_x=-0.143
t= 16.50 max|qacc|=      29.7 max|qvel|=   4.13 ncon=  0 com_z=0.940 com_x=-0.055
t= 17.00 max|qacc|=      14.0 max|qvel|=   4.72 ncon=  0 com_z=0.928 com_x=-0.117
t= 17.50 max|qacc|=      21.8 max|qvel|=   2.78 ncon=  0 com_z=0.945 com_x=-0.167
t= 18.00 max|qacc|=      24.6 max|qvel|=   1.48 ncon=  0 com_z=0.928 com_x=-0.085
t= 18.50 max|qacc|=      10.5 max|qvel|=   0.98 ncon=  0 com_z=0.938 com_x=-0.148
t= 19.00 max|qacc|=      12.8 max|qvel|=   1.28 ncon=  0 com_z=0.930 com_x=-0.142
t= 19.50 max|qacc|=      14.8 max|qvel|=   0.82 ncon=  0 com_z=0.926 com_x=-0.111
t= 20.00 max|qacc|=       9.6 max|qvel|=   0.18 ncon=  0 com_z=0.935 com_x=-0.153
t= 20.50 max|qacc|=      10.9 max|qvel|=   0.52 ncon=  0 com_z=0.927 com_x=-0.120
t= 21.00 max|qacc|=       7.0 max|qvel|=   0.47 ncon=  0 com_z=0.930 com_x=-0.133
t= 21.50 max|qacc|=       5.1 max|qvel|=   0.42 ncon=  0 com_z=0.930 com_x=-0.139
t= 22.00 max|qacc|=      19.9 max|qvel|=   0.24 ncon=  0 com_z=0.927 com_x=-0.122
t= 22.50 max|qacc|=      12.7 max|qvel|=   0.21 ncon=  0 com_z=0.931 com_x=-0.140
t= 23.00 max|qacc|=      10.9 max|qvel|=   0.29 ncon=  0 com_z=0.928 com_x=-0.130
t= 23.50 max|qacc|=      10.1 max|qvel|=   0.23 ncon=  0 com_z=0.929 com_x=-0.130
t= 24.00 max|qacc|=       7.4 max|qvel|=   0.17 ncon=  0 com_z=0.930 com_x=-0.136
t= 24.50 max|qacc|=       7.5 max|qvel|=   0.10 ncon=  0 com_z=0.928 com_x=-0.128
t= 25.00 max|qacc|=      14.0 max|qvel|=   0.13 ncon=  0 com_z=0.929 com_x=-0.135
t= 25.50 max|qacc|=      18.1 max|qvel|=   0.18 ncon=  0 com_z=0.929 com_x=-0.132
t= 26.00 max|qacc|=       4.8 max|qvel|=   0.14 ncon=  0 com_z=0.929 com_x=-0.131
t= 26.50 max|qacc|=      16.0 max|qvel|=   0.06 ncon=  0 com_z=0.929 com_x=-0.134
t= 27.00 max|qacc|=       8.1 max|qvel|=   0.13 ncon=  0 com_z=0.929 com_x=-0.131
t= 27.50 max|qacc|=       7.6 max|qvel|=   0.11 ncon=  0 com_z=0.929 com_x=-0.132
t= 28.00 max|qacc|=       8.5 max|qvel|=   0.13 ncon=  0 com_z=0.929 com_x=-0.133
t= 28.50 max|qacc|=      19.7 max|qvel|=   0.15 ncon=  0 com_z=0.928 com_x=-0.132
t= 29.00 max|qacc|=       8.2 max|qvel|=   0.15 ncon=  0 com_z=0.929 com_x=-0.133
t= 29.50 max|qacc|=      16.9 max|qvel|=   0.06 ncon=  0 com_z=0.929 com_x=-0.132
t= 30.00 max|qacc|=       8.4 max|qvel|=   0.12 ncon=  0 com_z=0.929 com_x=-0.132
t= 30.50 max|qacc|=       8.2 max|qvel|=   0.12 ncon=  0 com_z=0.929 com_x=-0.132

== summary ==
pelvis/COM height: start 0.94 m, min 0.92 m, final 0.93 m  (stayed up)
COM x: min -0.18 max -0.05 final -0.13 m
COM y: min -0.024 max -0.002 m
RG_F_r bursts during walk window: 1
peak ctrl: [0.21 0.43 0.45 0.61 0.28 0.27 0.36 0.22 0.28 0.07 0.21 0.43 0.45 0.52
 0.28 0.27 0.26 0.22 0.28 0.07] (('vas_lat_r', 'med_gas_r', 'soleus_r', 'tib_ant_r', 'psoas_r', 'semimem_r', 'glut_max2_r', 'rect_fem_r', 'sar_r', 'grac_r', 'vas_lat_l', 'med_gas_l', 'soleus_l', 'tib_ant_l', 'psoas_l', 'semimem_l', 'glut_max2_l', 'rect_fem_l', 'sar_l', 'grac_l'))
  hip_flexion_r        -16.8 ..    36.3 deg
  knee_angle_r         -94.6 ..    10.9 deg
  ankle_angle_r        -65.3 ..    18.4 deg
  hip_adduction_r       -0.8 ..    14.9 deg
  subtalar_angle_r      -2.5 ..    16.1 deg
  hip_flexion_l        -46.3 ..    18.3 deg
  knee_angle_l        -110.2 ..    10.4 deg
  ankle_angle_l        -69.6 ..     9.8 deg
  hip_adduction_l       -6.7 ..    16.2 deg
  subtalar_angle_l      -2.7 ..    22.3 deg
  pelvis_tilt           -1.9 ..    -0.2 deg
  pelvis_list           -0.5 ..    -0.3 deg
  pelvis_rotation        2.3 ..     2.5 deg
saved spinal_run.npz
saved spinal_run.png
fitted baseline loaded: e2_pf=0.222 f1_df=0.098 f1_kf=0.148 post_kneext=0.011 post_hipext=0.068 desc_f=1.400 e2_adapt=1.700
start pose (normal.mot): applied 20 coordinates as given; IMU-metric torso lean -0.0 deg (+ = back)
standing solve: nnls x in [0.00, 0.70], >0.1: 14 muscles
  top: add_long_l=0.70, tib_ant_r=0.61, tib_ant_l=0.46, ext_dig_r=0.37, glut_min1_l=0.33, pect_l=0.32, glut_min2_l=0.31, ext_dig_l=0.25
Fmax range: 5..3396 N | L range sample: [0.229942 0.326094]
t=  1.00 max|qacc|=       5.7 max|qvel|=   1.46 ncon=  0 com_z=0.928 com_x=-0.124
t=  1.50 max|qacc|=      18.1 max|qvel|=   0.58 ncon=  0 com_z=0.927 com_x=-0.129
t=  2.00 max|qacc|=      17.2 max|qvel|=   0.32 ncon=  0 com_z=0.931 com_x=-0.128
t=  2.50 max|qacc|=       5.4 max|qvel|=   0.21 ncon=  0 com_z=0.928 com_x=-0.132
t=  3.00 max|qacc|=      16.5 max|qvel|=   0.35 ncon=  0 com_z=0.930 com_x=-0.130
t=  3.50 max|qacc|=      53.8 max|qvel|=   0.95 ncon=  0 com_z=0.930 com_x=-0.137
t=  4.00 max|qacc|=     109.2 max|qvel|=   1.07 ncon=  0 com_z=0.931 com_x=-0.143
t=  4.50 max|qacc|=     250.4 max|qvel|=   1.18 ncon=  0 com_z=0.928 com_x=-0.125
t=  5.00 max|qacc|=      77.0 max|qvel|=   0.63 ncon=  0 com_z=0.929 com_x=-0.125
t=  5.50 max|qacc|=      22.9 max|qvel|=   0.25 ncon=  0 com_z=0.928 com_x=-0.116
t=  6.00 max|qacc|=      61.3 max|qvel|=   6.57 ncon=  0 com_z=0.925 com_x=-0.096
t=  6.50 max|qacc|=      29.9 max|qvel|=   5.83 ncon=  0 com_z=0.945 com_x=-0.129
t=  7.00 max|qacc|=      21.7 max|qvel|=   2.14 ncon=  0 com_z=0.954 com_x=-0.050
t=  7.50 max|qacc|=      15.1 max|qvel|=   1.30 ncon=  0 com_z=0.940 com_x=-0.075
t=  8.00 max|qacc|=       8.0 max|qvel|=   1.45 ncon=  0 com_z=0.940 com_x=-0.085
t=  8.50 max|qacc|=       8.1 max|qvel|=   0.62 ncon=  0 com_z=0.946 com_x=-0.062
t=  9.00 max|qacc|=       2.5 max|qvel|=   0.52 ncon=  0 com_z=0.940 com_x=-0.080
t=  9.50 max|qacc|=       3.6 max|qvel|=   0.32 ncon=  0 com_z=0.941 com_x=-0.073
t= 10.00 max|qacc|=       1.7 max|qvel|=   0.24 ncon=  0 com_z=0.942 com_x=-0.072
t= 10.50 max|qacc|=       1.8 max|qvel|=   0.10 ncon=  0 com_z=0.941 com_x=-0.076
t= 11.00 max|qacc|=       1.3 max|qvel|=   0.11 ncon=  0 com_z=0.942 com_x=-0.073
t= 11.50 max|qacc|=       0.7 max|qvel|=   0.13 ncon=  0 com_z=0.941 com_x=-0.074
t= 12.00 max|qacc|=       0.2 max|qvel|=   0.14 ncon=  0 com_z=0.941 com_x=-0.074
t= 12.50 max|qacc|=       0.4 max|qvel|=   0.11 ncon=  0 com_z=0.942 com_x=-0.073
t= 13.00 max|qacc|=       0.6 max|qvel|=   0.08 ncon=  0 com_z=0.941 com_x=-0.074
t= 13.50 max|qacc|=       0.6 max|qvel|=   0.06 ncon=  0 com_z=0.942 com_x=-0.074
t= 14.00 max|qacc|=       0.4 max|qvel|=   0.04 ncon=  0 com_z=0.941 com_x=-0.074
t= 14.50 max|qacc|=       0.4 max|qvel|=   0.04 ncon=  0 com_z=0.941 com_x=-0.074
t= 15.00 max|qacc|=       0.4 max|qvel|=   0.04 ncon=  0 com_z=0.942 com_x=-0.074
t= 15.50 max|qacc|=       1.6 max|qvel|=   0.51 ncon=  0 com_z=0.939 com_x=-0.074
t= 16.00 max|qacc|=       2.1 max|qvel|=   1.15 ncon=  0 com_z=0.934 com_x=-0.068
t= 16.50 max|qacc|=      23.0 max|qvel|=   2.21 ncon=  0 com_z=0.961 com_x=-0.184
t= 17.00 max|qacc|=      31.6 max|qvel|=   3.08 ncon=  0 com_z=0.927 com_x=-0.108
t= 17.50 max|qacc|=      13.5 max|qvel|=   3.56 ncon=  0 com_z=0.929 com_x=-0.079
t= 18.00 max|qacc|=      19.4 max|qvel|=   0.98 ncon=  0 com_z=0.959 com_x=-0.185
t= 18.50 max|qacc|=      27.7 max|qvel|=   0.95 ncon=  0 com_z=0.931 com_x=-0.083
t= 19.00 max|qacc|=       5.7 max|qvel|=   1.64 ncon=  0 com_z=0.933 com_x=-0.140
t= 19.50 max|qacc|=       6.9 max|qvel|=   1.72 ncon=  0 com_z=0.933 com_x=-0.153
t= 20.00 max|qacc|=      47.1 max|qvel|=   0.62 ncon=  0 com_z=0.926 com_x=-0.097
t= 20.50 max|qacc|=      17.5 max|qvel|=   0.55 ncon=  0 com_z=0.937 com_x=-0.157
t= 21.00 max|qacc|=      22.1 max|qvel|=   0.73 ncon=  0 com_z=0.927 com_x=-0.122
t= 21.50 max|qacc|=      12.9 max|qvel|=   0.60 ncon=  0 com_z=0.928 com_x=-0.126
t= 22.00 max|qacc|=       5.6 max|qvel|=   0.39 ncon=  0 com_z=0.931 com_x=-0.145
t= 22.50 max|qacc|=      16.7 max|qvel|=   0.13 ncon=  0 com_z=0.927 com_x=-0.118
t= 23.00 max|qacc|=       8.2 max|qvel|=   0.22 ncon=  0 com_z=0.931 com_x=-0.138
t= 23.50 max|qacc|=       8.4 max|qvel|=   0.38 ncon=  0 com_z=0.928 com_x=-0.130
t= 24.00 max|qacc|=       6.2 max|qvel|=   0.23 ncon=  0 com_z=0.928 com_x=-0.126
t= 24.50 max|qacc|=      15.4 max|qvel|=   0.16 ncon=  0 com_z=0.930 com_x=-0.137
t= 25.00 max|qacc|=      18.1 max|qvel|=   0.17 ncon=  0 com_z=0.928 com_x=-0.127
t= 25.50 max|qacc|=       4.6 max|qvel|=   0.17 ncon=  0 com_z=0.929 com_x=-0.133
t= 26.00 max|qacc|=      17.0 max|qvel|=   0.14 ncon=  0 com_z=0.929 com_x=-0.132
t= 26.50 max|qacc|=       8.3 max|qvel|=   0.12 ncon=  0 com_z=0.928 com_x=-0.128
t= 27.00 max|qacc|=       7.7 max|qvel|=   0.11 ncon=  0 com_z=0.929 com_x=-0.133
t= 27.50 max|qacc|=       5.5 max|qvel|=   0.12 ncon=  0 com_z=0.928 com_x=-0.130
t= 28.00 max|qacc|=      19.9 max|qvel|=   0.12 ncon=  0 com_z=0.928 com_x=-0.131
t= 28.50 max|qacc|=      11.5 max|qvel|=   0.17 ncon=  0 com_z=0.929 com_x=-0.132
t= 29.00 max|qacc|=      14.5 max|qvel|=   0.09 ncon=  0 com_z=0.928 com_x=-0.130
t= 29.50 max|qacc|=       9.4 max|qvel|=   0.11 ncon=  0 com_z=0.929 com_x=-0.132
t= 30.00 max|qacc|=       8.0 max|qvel|=   0.12 ncon=  0 com_z=0.929 com_x=-0.131
t= 30.50 max|qacc|=       5.5 max|qvel|=   0.08 ncon=  0 com_z=0.929 com_x=-0.131

== summary ==
pelvis/COM height: start 0.94 m, min 0.92 m, final 0.93 m  (stayed up)
COM x: min -0.20 max -0.04 final -0.13 m
COM y: min -0.024 max +0.005 m
RG_F_r bursts during walk window: 1
RG_r: cycles in window 2, period 11.02 s (0.09 Hz), E-duty 0.01
peak ctrl: [0.31 0.52 0.52 0.6  0.35 0.29 0.43 0.33 0.35 0.08 0.31 0.53 0.53 0.52
 0.35 0.29 0.37 0.33 0.35 0.08] (('vas_lat_r', 'med_gas_r', 'soleus_r', 'tib_ant_r', 'psoas_r', 'semimem_r', 'glut_max2_r', 'rect_fem_r', 'sar_r', 'grac_r', 'vas_lat_l', 'med_gas_l', 'soleus_l', 'tib_ant_l', 'psoas_l', 'semimem_l', 'glut_max2_l', 'rect_fem_l', 'sar_l', 'grac_l'))
  hip_flexion_r        -40.1 ..    53.6 deg
  knee_angle_r        -102.9 ..    12.1 deg
  ankle_angle_r        -65.3 ..    14.7 deg
  hip_adduction_r       -5.4 ..    14.4 deg
  subtalar_angle_r      -2.5 ..    16.3 deg
  hip_flexion_l        -47.4 ..    38.9 deg
  knee_angle_l        -115.7 ..    11.9 deg
  ankle_angle_l        -69.7 ..     9.8 deg
  hip_adduction_l       -5.8 ..    15.7 deg
  subtalar_angle_l      -2.7 ..    22.3 deg
  pelvis_tilt           -1.9 ..     0.1 deg
  pelvis_list           -0.6 ..    -0.2 deg
  pelvis_rotation        2.3 ..     2.5 deg
saved spinal_run.npz
saved spinal_run.png
fitted baseline loaded: e2_pf=0.222 f1_df=0.098 f1_kf=0.148 post_kneext=0.011 post_hipext=0.068 desc_f=1.400 e2_adapt=1.700
start pose (normal.mot): applied 20 coordinates as given; IMU-metric torso lean -0.0 deg (+ = back)
standing solve: nnls x in [0.00, 0.70], >0.1: 14 muscles
  top: add_long_l=0.70, tib_ant_r=0.61, tib_ant_l=0.46, ext_dig_r=0.37, glut_min1_l=0.33, pect_l=0.32, glut_min2_l=0.31, ext_dig_l=0.25
Fmax range: 5..3396 N | L range sample: [0.229942 0.326094]
t=  1.00 max|qacc|=       5.3 max|qvel|=   0.97 ncon=  0 com_z=0.928 com_x=-0.127
t=  1.50 max|qacc|=      19.5 max|qvel|=   0.60 ncon=  0 com_z=0.928 com_x=-0.131
t=  2.00 max|qacc|=       9.4 max|qvel|=   0.41 ncon=  0 com_z=0.931 com_x=-0.128
t=  2.50 max|qacc|=      16.5 max|qvel|=   0.17 ncon=  0 com_z=0.928 com_x=-0.135
t=  3.00 max|qacc|=      10.0 max|qvel|=   0.39 ncon=  0 com_z=0.930 com_x=-0.131
t=  3.50 max|qacc|=      24.1 max|qvel|=   0.91 ncon=  0 com_z=0.930 com_x=-0.137
t=  4.00 max|qacc|=      21.4 max|qvel|=   1.08 ncon=  0 com_z=0.931 com_x=-0.141
t=  4.50 max|qacc|=     533.7 max|qvel|=   1.03 ncon=  0 com_z=0.928 com_x=-0.125
t=  5.00 max|qacc|=     185.5 max|qvel|=   1.55 ncon=  0 com_z=0.928 com_x=-0.122
t=  5.50 max|qacc|=      41.3 max|qvel|=   0.99 ncon=  0 com_z=0.928 com_x=-0.113
t=  6.00 max|qacc|=      62.7 max|qvel|=   3.50 ncon=  0 com_z=0.926 com_x=-0.096
t=  6.50 max|qacc|=      32.4 max|qvel|=   5.43 ncon=  0 com_z=0.952 com_x=-0.131
t=  7.00 max|qacc|=      19.4 max|qvel|=   2.83 ncon=  0 com_z=0.950 com_x=-0.055
t=  7.50 max|qacc|=      18.0 max|qvel|=   1.06 ncon=  0 com_z=0.940 com_x=-0.072
t=  8.00 max|qacc|=       6.5 max|qvel|=   1.64 ncon=  0 com_z=0.940 com_x=-0.091
t=  8.50 max|qacc|=       7.8 max|qvel|=   0.65 ncon=  0 com_z=0.945 com_x=-0.062
t=  9.00 max|qacc|=       4.4 max|qvel|=   0.51 ncon=  0 com_z=0.939 com_x=-0.082
t=  9.50 max|qacc|=       3.1 max|qvel|=   0.34 ncon=  0 com_z=0.940 com_x=-0.076
t= 10.00 max|qacc|=       2.0 max|qvel|=   0.27 ncon=  0 com_z=0.942 com_x=-0.072
t= 10.50 max|qacc|=       1.4 max|qvel|=   0.15 ncon=  0 com_z=0.940 com_x=-0.078
t= 11.00 max|qacc|=       1.4 max|qvel|=   0.10 ncon=  0 com_z=0.941 com_x=-0.074
t= 11.50 max|qacc|=       1.1 max|qvel|=   0.08 ncon=  0 com_z=0.941 com_x=-0.076
t= 12.00 max|qacc|=       0.6 max|qvel|=   0.11 ncon=  0 com_z=0.941 com_x=-0.076
t= 12.50 max|qacc|=       0.2 max|qvel|=   0.12 ncon=  0 com_z=0.941 com_x=-0.075
t= 13.00 max|qacc|=       0.4 max|qvel|=   0.10 ncon=  0 com_z=0.941 com_x=-0.076
t= 13.50 max|qacc|=       0.5 max|qvel|=   0.07 ncon=  0 com_z=0.941 com_x=-0.076
t= 14.00 max|qacc|=       0.5 max|qvel|=   0.06 ncon=  0 com_z=0.941 com_x=-0.076
t= 14.50 max|qacc|=       0.4 max|qvel|=   0.04 ncon=  0 com_z=0.941 com_x=-0.076
t= 15.00 max|qacc|=       0.2 max|qvel|=   0.03 ncon=  0 com_z=0.941 com_x=-0.076
t= 15.50 max|qacc|=       2.0 max|qvel|=   0.57 ncon=  0 com_z=0.938 com_x=-0.076
t= 16.00 max|qacc|=     121.9 max|qvel|=   1.85 ncon=  0 com_z=0.932 com_x=-0.069
t= 16.50 max|qacc|=     238.3 max|qvel|=   2.87 ncon=  0 com_z=0.967 com_x=-0.195
t= 17.00 max|qacc|=      21.0 max|qvel|=   2.14 ncon=  0 com_z=0.929 com_x=-0.091
t= 17.50 max|qacc|=      14.4 max|qvel|=   3.85 ncon=  0 com_z=0.928 com_x=-0.097
t= 18.00 max|qacc|=      10.2 max|qvel|=   1.77 ncon=  0 com_z=0.956 com_x=-0.186
t= 18.50 max|qacc|=      17.8 max|qvel|=   0.84 ncon=  0 com_z=0.932 com_x=-0.074
t= 19.00 max|qacc|=       6.0 max|qvel|=   1.45 ncon=  0 com_z=0.939 com_x=-0.156
t= 19.50 max|qacc|=       8.8 max|qvel|=   1.83 ncon=  0 com_z=0.930 com_x=-0.145
t= 20.00 max|qacc|=      14.2 max|qvel|=   0.92 ncon=  0 com_z=0.926 com_x=-0.104
t= 20.50 max|qacc|=       9.6 max|qvel|=   0.20 ncon=  0 com_z=0.938 com_x=-0.161
t= 21.00 max|qacc|=      12.2 max|qvel|=   0.59 ncon=  0 com_z=0.927 com_x=-0.116
t= 21.50 max|qacc|=       6.3 max|qvel|=   0.73 ncon=  0 com_z=0.931 com_x=-0.135
t= 22.00 max|qacc|=       6.7 max|qvel|=   0.60 ncon=  0 com_z=0.931 com_x=-0.142
t= 22.50 max|qacc|=       7.4 max|qvel|=   0.22 ncon=  0 com_z=0.927 com_x=-0.120
t= 23.00 max|qacc|=      18.9 max|qvel|=   0.15 ncon=  0 com_z=0.932 com_x=-0.143
t= 23.50 max|qacc|=      12.2 max|qvel|=   0.26 ncon=  0 com_z=0.928 com_x=-0.129
t= 24.00 max|qacc|=      15.2 max|qvel|=   0.28 ncon=  0 com_z=0.929 com_x=-0.131
t= 24.50 max|qacc|=       9.3 max|qvel|=   0.18 ncon=  0 com_z=0.930 com_x=-0.138
t= 25.00 max|qacc|=       8.8 max|qvel|=   0.13 ncon=  0 com_z=0.928 com_x=-0.128
t= 25.50 max|qacc|=       3.7 max|qvel|=   0.09 ncon=  0 com_z=0.930 com_x=-0.136
t= 26.00 max|qacc|=      18.8 max|qvel|=   0.17 ncon=  0 com_z=0.929 com_x=-0.133
t= 26.50 max|qacc|=      13.9 max|qvel|=   0.18 ncon=  0 com_z=0.929 com_x=-0.132
t= 27.00 max|qacc|=      11.9 max|qvel|=   0.08 ncon=  0 com_z=0.930 com_x=-0.135
t= 27.50 max|qacc|=      10.3 max|qvel|=   0.10 ncon=  0 com_z=0.929 com_x=-0.131
t= 28.00 max|qacc|=       7.5 max|qvel|=   0.13 ncon=  0 com_z=0.929 com_x=-0.133
t= 28.50 max|qacc|=       6.2 max|qvel|=   0.10 ncon=  0 com_z=0.929 com_x=-0.133
t= 29.00 max|qacc|=      15.8 max|qvel|=   0.06 ncon=  0 com_z=0.929 com_x=-0.132
t= 29.50 max|qacc|=      16.1 max|qvel|=   0.18 ncon=  0 com_z=0.929 com_x=-0.134
t= 30.00 max|qacc|=       8.1 max|qvel|=   0.10 ncon=  0 com_z=0.929 com_x=-0.133
t= 30.50 max|qacc|=      13.1 max|qvel|=   0.08 ncon=  0 com_z=0.929 com_x=-0.133

== summary ==
pelvis/COM height: start 0.94 m, min 0.92 m, final 0.93 m  (stayed up)
COM x: min -0.20 max -0.04 final -0.13 m
COM y: min -0.024 max +0.005 m
RG_F_r bursts during walk window: 1
peak ctrl: [0.3  0.52 0.52 0.61 0.34 0.3  0.42 0.33 0.34 0.08 0.3  0.52 0.52 0.53
 0.34 0.3  0.36 0.33 0.34 0.08] (('vas_lat_r', 'med_gas_r', 'soleus_r', 'tib_ant_r', 'psoas_r', 'semimem_r', 'glut_max2_r', 'rect_fem_r', 'sar_r', 'grac_r', 'vas_lat_l', 'med_gas_l', 'soleus_l', 'tib_ant_l', 'psoas_l', 'semimem_l', 'glut_max2_l', 'rect_fem_l', 'sar_l', 'grac_l'))
  hip_flexion_r        -39.4 ..    53.9 deg
  knee_angle_r        -101.4 ..    12.0 deg
  ankle_angle_r        -65.0 ..    15.4 deg
  hip_adduction_r       -5.3 ..    13.7 deg
  subtalar_angle_r      -2.4 ..    16.4 deg
  hip_flexion_l        -47.3 ..    39.7 deg
  knee_angle_l        -114.9 ..    12.2 deg
  ankle_angle_l        -68.8 ..     9.8 deg
  hip_adduction_l       -6.2 ..    14.4 deg
  subtalar_angle_l      -2.6 ..    22.4 deg
  pelvis_tilt           -1.9 ..     0.1 deg
  pelvis_list           -0.6 ..    -0.3 deg
  pelvis_rotation        2.3 ..     2.5 deg
saved spinal_run.npz
saved spinal_run.png
fitted baseline loaded: e2_pf=0.222 f1_df=0.098 f1_kf=0.148 post_kneext=0.011 post_hipext=0.068 desc_f=1.400 e2_adapt=1.700
start pose (normal.mot): applied 20 coordinates as given; IMU-metric torso lean -0.0 deg (+ = back)
standing solve: nnls x in [0.00, 0.70], >0.1: 14 muscles
  top: add_long_l=0.70, tib_ant_r=0.61, tib_ant_l=0.46, ext_dig_r=0.37, glut_min1_l=0.33, pect_l=0.32, glut_min2_l=0.31, ext_dig_l=0.25
Fmax range: 5..3396 N | L range sample: [0.229942 0.326094]
t=  1.00 max|qacc|=       9.7 max|qvel|=   1.64 ncon=  0 com_z=0.927 com_x=-0.122
t=  1.50 max|qacc|=      18.9 max|qvel|=   0.52 ncon=  0 com_z=0.927 com_x=-0.129
t=  2.00 max|qacc|=      15.7 max|qvel|=   0.27 ncon=  0 com_z=0.931 com_x=-0.128
t=  2.50 max|qacc|=       6.9 max|qvel|=   0.22 ncon=  0 com_z=0.927 com_x=-0.131
t=  3.00 max|qacc|=      15.7 max|qvel|=   0.35 ncon=  0 com_z=0.930 com_x=-0.131
t=  3.50 max|qacc|=      40.0 max|qvel|=   0.91 ncon=  0 com_z=0.930 com_x=-0.136
t=  4.00 max|qacc|=     303.3 max|qvel|=   0.96 ncon=  0 com_z=0.931 com_x=-0.141
t=  4.50 max|qacc|=     254.3 max|qvel|=   1.74 ncon=  0 com_z=0.928 com_x=-0.124
t=  5.00 max|qacc|=     288.7 max|qvel|=   1.57 ncon=  0 com_z=0.929 com_x=-0.123
t=  5.50 max|qacc|=     204.2 max|qvel|=   2.16 ncon=  0 com_z=0.928 com_x=-0.115
t=  6.00 max|qacc|=     290.2 max|qvel|=   0.86 ncon=  0 com_z=0.926 com_x=-0.103
t=  6.50 max|qacc|=      46.5 max|qvel|=   0.51 ncon=  0 com_z=0.927 com_x=-0.104
t=  7.00 max|qacc|=      10.6 max|qvel|=   0.35 ncon=  0 com_z=0.927 com_x=-0.105
t=  7.50 max|qacc|=      14.9 max|qvel|=   0.17 ncon=  0 com_z=0.926 com_x=-0.104
t=  8.00 max|qacc|=      18.0 max|qvel|=   0.12 ncon=  0 com_z=0.927 com_x=-0.106
t=  8.50 max|qacc|=      19.1 max|qvel|=   0.07 ncon=  0 com_z=0.927 com_x=-0.105
t=  9.00 max|qacc|=      18.4 max|qvel|=   0.13 ncon=  0 com_z=0.927 com_x=-0.105
t=  9.50 max|qacc|=      18.6 max|qvel|=   0.11 ncon=  0 com_z=0.927 com_x=-0.105
t= 10.00 max|qacc|=      35.7 max|qvel|=   0.10 ncon=  0 com_z=0.927 com_x=-0.105
t= 10.50 max|qacc|=      20.8 max|qvel|=   0.07 ncon=  0 com_z=0.927 com_x=-0.105
t= 11.00 max|qacc|=      48.3 max|qvel|=   0.19 ncon=  0 com_z=0.927 com_x=-0.106
t= 11.50 max|qacc|=      28.1 max|qvel|=   0.10 ncon=  0 com_z=0.926 com_x=-0.105
t= 12.00 max|qacc|=      17.1 max|qvel|=   0.15 ncon=  0 com_z=0.926 com_x=-0.105
t= 12.50 max|qacc|=      22.4 max|qvel|=   0.13 ncon=  0 com_z=0.926 com_x=-0.106
t= 13.00 max|qacc|=      11.1 max|qvel|=   0.07 ncon=  0 com_z=0.927 com_x=-0.105
t= 13.50 max|qacc|=      44.9 max|qvel|=   0.04 ncon=  0 com_z=0.927 com_x=-0.105
t= 14.00 max|qacc|=      11.5 max|qvel|=   0.09 ncon=  0 com_z=0.927 com_x=-0.105
t= 14.50 max|qacc|=      11.8 max|qvel|=   0.11 ncon=  0 com_z=0.927 com_x=-0.105
t= 15.00 max|qacc|=      13.9 max|qvel|=   0.11 ncon=  0 com_z=0.927 com_x=-0.105
t= 15.50 max|qacc|=      27.5 max|qvel|=   7.82 ncon=  0 com_z=0.926 com_x=-0.095
t= 16.00 max|qacc|=      42.0 max|qvel|=   7.08 ncon=  0 com_z=0.940 com_x=-0.141
t= 16.50 max|qacc|=      41.4 max|qvel|=   4.23 ncon=  0 com_z=0.944 com_x=-0.046
t= 17.00 max|qacc|=      19.8 max|qvel|=   3.58 ncon=  0 com_z=0.933 com_x=-0.131
t= 17.50 max|qacc|=      14.4 max|qvel|=   2.76 ncon=  0 com_z=0.941 com_x=-0.161
t= 18.00 max|qacc|=      17.8 max|qvel|=   1.04 ncon=  0 com_z=0.928 com_x=-0.082
t= 18.50 max|qacc|=       8.1 max|qvel|=   0.73 ncon=  0 com_z=0.939 com_x=-0.158
t= 19.00 max|qacc|=      11.9 max|qvel|=   1.16 ncon=  0 com_z=0.928 com_x=-0.131
t= 19.50 max|qacc|=       8.9 max|qvel|=   0.80 ncon=  0 com_z=0.927 com_x=-0.114
t= 20.00 max|qacc|=       6.2 max|qvel|=   0.40 ncon=  0 com_z=0.935 com_x=-0.152
t= 20.50 max|qacc|=      10.5 max|qvel|=   0.42 ncon=  0 com_z=0.927 com_x=-0.115
t= 21.00 max|qacc|=      11.0 max|qvel|=   0.50 ncon=  0 com_z=0.930 com_x=-0.136
t= 21.50 max|qacc|=      19.9 max|qvel|=   0.40 ncon=  0 com_z=0.929 com_x=-0.136
t= 22.00 max|qacc|=      12.6 max|qvel|=   0.33 ncon=  0 com_z=0.927 com_x=-0.122
t= 22.50 max|qacc|=      12.4 max|qvel|=   0.15 ncon=  0 com_z=0.931 com_x=-0.140
t= 23.00 max|qacc|=      13.6 max|qvel|=   0.30 ncon=  0 com_z=0.928 com_x=-0.127
t= 23.50 max|qacc|=       7.3 max|qvel|=   0.21 ncon=  0 com_z=0.929 com_x=-0.130
t= 24.00 max|qacc|=       7.1 max|qvel|=   0.18 ncon=  0 com_z=0.930 com_x=-0.134
t= 24.50 max|qacc|=       9.9 max|qvel|=   0.07 ncon=  0 com_z=0.928 com_x=-0.127
t= 25.00 max|qacc|=      18.8 max|qvel|=   0.15 ncon=  0 com_z=0.929 com_x=-0.134
t= 25.50 max|qacc|=       8.0 max|qvel|=   0.16 ncon=  0 com_z=0.928 com_x=-0.131
t= 26.00 max|qacc|=      16.5 max|qvel|=   0.14 ncon=  0 com_z=0.928 com_x=-0.130
t= 26.50 max|qacc|=       8.4 max|qvel|=   0.12 ncon=  0 com_z=0.929 com_x=-0.133
t= 27.00 max|qacc|=       8.5 max|qvel|=   0.12 ncon=  0 com_z=0.928 com_x=-0.129
t= 27.50 max|qacc|=       3.3 max|qvel|=   0.07 ncon=  0 com_z=0.929 com_x=-0.132
t= 28.00 max|qacc|=      19.1 max|qvel|=   0.11 ncon=  0 com_z=0.929 com_x=-0.131
t= 28.50 max|qacc|=      13.7 max|qvel|=   0.18 ncon=  0 com_z=0.928 com_x=-0.131
t= 29.00 max|qacc|=      10.8 max|qvel|=   0.08 ncon=  0 com_z=0.929 com_x=-0.132
t= 29.50 max|qacc|=      10.7 max|qvel|=   0.09 ncon=  0 com_z=0.929 com_x=-0.130
t= 30.00 max|qacc|=       7.5 max|qvel|=   0.13 ncon=  0 com_z=0.929 com_x=-0.131
t= 30.50 max|qacc|=       7.0 max|qvel|=   0.10 ncon=  0 com_z=0.929 com_x=-0.131

== summary ==
pelvis/COM height: start 0.94 m, min 0.92 m, final 0.93 m  (stayed up)
COM x: min -0.17 max -0.04 final -0.13 m
COM y: min -0.024 max -0.002 m
RG_F_r bursts during walk window: 1
peak ctrl: [0.19 0.43 0.45 0.6  0.3  0.27 0.35 0.21 0.29 0.07 0.19 0.43 0.45 0.52
 0.3  0.27 0.24 0.21 0.29 0.07] (('vas_lat_r', 'med_gas_r', 'soleus_r', 'tib_ant_r', 'psoas_r', 'semimem_r', 'glut_max2_r', 'rect_fem_r', 'sar_r', 'grac_r', 'vas_lat_l', 'med_gas_l', 'soleus_l', 'tib_ant_l', 'psoas_l', 'semimem_l', 'glut_max2_l', 'rect_fem_l', 'sar_l', 'grac_l'))
  hip_flexion_r        -19.8 ..    33.2 deg
  knee_angle_r         -95.8 ..    11.8 deg
  ankle_angle_r        -66.1 ..    13.8 deg
  hip_adduction_r       -1.9 ..    14.1 deg
  subtalar_angle_r      -2.6 ..    16.3 deg
  hip_flexion_l        -50.0 ..    16.7 deg
  knee_angle_l        -111.7 ..    11.8 deg
  ankle_angle_l        -70.5 ..     9.8 deg
  hip_adduction_l       -7.6 ..    15.7 deg
  subtalar_angle_l      -2.9 ..    22.2 deg
  pelvis_tilt           -1.9 ..    -0.2 deg
  pelvis_list           -0.5 ..    -0.3 deg
  pelvis_rotation        2.4 ..     2.5 deg
saved spinal_run.npz
saved spinal_run.png
== stage 1 best 57.436 (trial 22)
{
 "drive": 3.143009342430414,
 "rg_adapt": 2.1881209953501073,
 "desc_e": 0.9935414668211517,
 "desc_f": 2.131897666367393,
 "rg_to_pf": 2.1181012090677758
}
saved curriculum_stage1.json
