fitted baseline loaded: e2_pf=0.222 f1_df=0.098 f1_kf=0.148 post_kneext=0.011 post_hipext=0.068 desc_f=1.400 e2_adapt=1.700
standing solve: nnls x in [0.00, 0.61], >0.1: 17 muscles
  top: tib_ant_r=0.61, tib_ant_l=0.60, ext_dig_r=0.38, ext_dig_l=0.38, ercspn_r=0.18, ercspn_l=0.18, per_tert_r=0.18, per_tert_l=0.17
Fmax range: 5..3396 N | L range sample: [0.229942 0.326094]
csv: trial=0 run=eval kine_score=-61.181 duty=0.467 knee_min=10.90 cadence=1.067 stayed_up=True
NEW GLOBAL BEST -61.181 (trial 0) - running full 22 s capture
standing solve: nnls x in [0.00, 0.61], >0.1: 17 muscles
  top: tib_ant_r=0.61, tib_ant_l=0.60, ext_dig_r=0.38, ext_dig_l=0.38, ercspn_r=0.18, ercspn_l=0.18, per_tert_r=0.18, per_tert_l=0.17
Fmax range: 5..3396 N | L range sample: [0.229942 0.326094]
t=  1.00 max|qacc|=      26.8 max|qvel|=   0.79 ncon=  8 com_z=0.946 com_x=-0.145
t=  1.50 max|qacc|=      31.5 max|qvel|=   0.10 ncon=  8 com_z=0.931 com_x=-0.192
t=  2.00 max|qacc|=      59.1 max|qvel|=   0.10 ncon=  8 com_z=0.932 com_x=-0.201
t=  2.50 max|qacc|=      68.6 max|qvel|=   0.08 ncon=  8 com_z=0.930 com_x=-0.210
t=  3.00 max|qacc|=     331.4 max|qvel|=   0.30 ncon=  8 com_z=0.926 com_x=-0.220
t=  3.50 max|qacc|=       5.0 max|qvel|=   0.25 ncon=  8 com_z=0.920 com_x=-0.229
t=  4.00 max|qacc|=      44.8 max|qvel|=   0.38 ncon=  8 com_z=0.899 com_x=-0.254
t=  4.50 max|qacc|=      37.5 max|qvel|=   1.29 ncon=  8 com_z=0.879 com_x=-0.276
t=  5.00 max|qacc|=      21.1 max|qvel|=   1.00 ncon=  8 com_z=0.873 com_x=-0.287
t=  5.50 max|qacc|=      11.6 max|qvel|=   0.50 ncon=  8 com_z=0.868 com_x=-0.294
t=  6.00 max|qacc|=      38.5 max|qvel|=   0.34 ncon=  7 com_z=0.864 com_x=-0.298
t=  6.50 max|qacc|=      34.4 max|qvel|=   1.57 ncon=  8 com_z=0.863 com_x=-0.293
t=  7.00 max|qacc|=      48.1 max|qvel|=   0.71 ncon=  8 com_z=0.860 com_x=-0.291
t=  7.50 max|qacc|=      38.7 max|qvel|=   0.70 ncon=  8 com_z=0.859 com_x=-0.287
t=  8.00 max|qacc|=      17.0 max|qvel|=   0.50 ncon=  8 com_z=0.857 com_x=-0.282
t=  8.50 max|qacc|=      12.7 max|qvel|=   0.29 ncon=  7 com_z=0.855 com_x=-0.277
t=  9.00 max|qacc|=      49.4 max|qvel|=   0.83 ncon=  7 com_z=0.854 com_x=-0.270
t=  9.50 max|qacc|=     413.3 max|qvel|=   1.00 ncon=  7 com_z=0.852 com_x=-0.261
t= 10.00 max|qacc|=      18.6 max|qvel|=   0.47 ncon=  8 com_z=0.852 com_x=-0.252
t= 10.50 max|qacc|=     238.5 max|qvel|=   0.17 ncon=  7 com_z=0.851 com_x=-0.245
t= 11.00 max|qacc|=      65.6 max|qvel|=   0.40 ncon=  6 com_z=0.850 com_x=-0.239
t= 11.50 max|qacc|=      51.5 max|qvel|=   0.31 ncon=  7 com_z=0.849 com_x=-0.232
t= 12.00 max|qacc|=     240.6 max|qvel|=   1.44 ncon=  6 com_z=0.847 com_x=-0.225
t= 12.50 max|qacc|=      99.1 max|qvel|=   0.96 ncon=  6 com_z=0.847 com_x=-0.217
t= 13.00 max|qacc|=      34.2 max|qvel|=   0.30 ncon=  7 com_z=0.846 com_x=-0.210
t= 13.50 max|qacc|=      10.2 max|qvel|=   0.28 ncon=  6 com_z=0.846 com_x=-0.204
t= 14.00 max|qacc|=      23.7 max|qvel|=   0.29 ncon=  5 com_z=0.845 com_x=-0.199
t= 14.50 max|qacc|=      11.2 max|qvel|=   0.39 ncon=  5 com_z=0.844 com_x=-0.194
t= 15.00 max|qacc|=     327.7 max|qvel|=   1.27 ncon=  4 com_z=0.844 com_x=-0.189
t= 15.50 max|qacc|=      39.2 max|qvel|=   0.52 ncon=  5 com_z=0.845 com_x=-0.182
t= 16.00 max|qacc|=       8.4 max|qvel|=   0.41 ncon=  4 com_z=0.859 com_x=-0.169
t= 16.50 max|qacc|=      22.8 max|qvel|=   1.05 ncon=  2 com_z=0.877 com_x=-0.153
t= 17.00 max|qacc|=       9.5 max|qvel|=   0.93 ncon=  3 com_z=0.898 com_x=-0.134
t= 17.50 max|qacc|=      13.3 max|qvel|=   1.15 ncon=  2 com_z=0.910 com_x=-0.116
t= 18.00 max|qacc|=     194.6 max|qvel|=   2.97 ncon=  3 com_z=0.890 com_x=-0.139
t= 18.50 max|qacc|=     168.4 max|qvel|=   2.71 ncon=  3 com_z=0.891 com_x=-0.140
t= 19.00 max|qacc|=     303.1 max|qvel|=   1.56 ncon=  3 com_z=0.896 com_x=-0.134
t= 19.50 max|qacc|=       7.9 max|qvel|=   1.23 ncon=  3 com_z=0.892 com_x=-0.136
t= 20.00 max|qacc|=       5.4 max|qvel|=   1.35 ncon=  3 com_z=0.893 com_x=-0.134
t= 20.50 max|qacc|=       6.4 max|qvel|=   1.38 ncon=  2 com_z=0.894 com_x=-0.133
t= 21.00 max|qacc|=       9.7 max|qvel|=   1.37 ncon=  2 com_z=0.894 com_x=-0.132
t= 21.50 max|qacc|=      11.7 max|qvel|=   1.32 ncon=  2 com_z=0.894 com_x=-0.131

== summary ==
pelvis/COM height: start 0.96 m, min 0.84 m, final 0.89 m  (stayed up)
COM x: min -0.30 max -0.09 final -0.13 m
COM y: min -0.007 max +0.008 m
RG_F_r bursts during walk window: 12
RG_r: cycles in window 13, period 0.85 s (1.18 Hz), E-duty 0.27
RG_l: cycles in window 13, period 0.85 s (1.18 Hz), E-duty 0.10
peak ctrl: [0.35 0.74 0.64 0.81 0.4  0.65 0.68 0.47 0.4  0.22 0.35 0.74 0.64 0.81
 0.4  0.69 0.65 0.47 0.4  0.22] (('vas_lat_r', 'med_gas_r', 'soleus_r', 'tib_ant_r', 'psoas_r', 'semimem_r', 'glut_max2_r', 'rect_fem_r', 'sar_r', 'grac_r', 'vas_lat_l', 'med_gas_l', 'soleus_l', 'tib_ant_l', 'psoas_l', 'semimem_l', 'glut_max2_l', 'rect_fem_l', 'sar_l', 'grac_l'))
  hip_flexion_r         -7.6 ..    28.8 deg
  knee_angle_r         -15.7 ..    28.4 deg
  ankle_angle_r        -42.2 ..     0.0 deg
  hip_adduction_r       -2.1 ..    13.4 deg
  subtalar_angle_r      -0.9 ..    17.4 deg
  hip_flexion_l         -7.4 ..    28.8 deg
  knee_angle_l         -12.4 ..    30.1 deg
  ankle_angle_l        -45.6 ..     0.0 deg
  hip_adduction_l       -2.2 ..    13.9 deg
  subtalar_angle_l       0.0 ..    17.8 deg
  pelvis_tilt           -0.0 ..    36.3 deg
  pelvis_list           -1.4 ..     1.3 deg
  pelvis_rotation       -1.3 ..     1.3 deg
saved spinal_run.npz
saved spinal_run.png
csv: trial=0 run=full22 kine_score=-62.702 duty=0.437 knee_min=10.04 cadence=1.200 stayed_up=True
full22 capture: trial 0 kine_score -62.702 -> v5_best_trial0.npz
standing solve: nnls x in [0.00, 0.60], >0.1: 8 muscles
  top: tib_ant_r=0.60, tib_ant_l=0.59, ext_dig_r=0.37, ext_dig_l=0.37, ercspn_r=0.18, ercspn_l=0.18, per_tert_r=0.18, per_tert_l=0.18
Fmax range: 5..3396 N | L range sample: [0.229942 0.326094]
csv: trial=1 run=eval kine_score=-63.606 duty=0.188 knee_min=11.63 cadence=0.667 stayed_up=True
standing solve: nnls x in [0.00, 0.61], >0.1: 23 muscles
  top: tib_ant_r=0.61, tib_ant_l=0.60, ext_dig_r=0.38, ext_dig_l=0.38, ercspn_r=0.18, ercspn_l=0.18, per_tert_r=0.17, per_tert_l=0.17
Fmax range: 5..3396 N | L range sample: [0.229942 0.326094]
csv: trial=2 run=eval kine_score=-62.715 duty=0.173 knee_min=13.80 cadence=0.667 stayed_up=True
standing solve: nnls x in [0.00, 0.61], >0.1: 34 muscles
  top: tib_ant_r=0.61, tib_ant_l=0.61, ext_dig_r=0.40, ext_dig_l=0.40, glut_min1_l=0.22, glut_min1_r=0.22, glut_min3_l=0.22, glut_min3_r=0.22
Fmax range: 5..3396 N | L range sample: [0.229942 0.326094]

!! qacc/qvel non-finite at t=2.096, dofs: [ 0  1  2  3  4  5  6  7  8  9 10 11]
   dof 0: joint pelvis_tx
   dof 1: joint pelvis_ty
   dof 2: joint pelvis_tz
   dof 3: joint pelvis_tilt
   dof 4: joint pelvis_list
   dof 5: joint pelvis_rotation
   dof 6: joint hip_flexion_r
   dof 7: joint hip_adduction_r
   dof 8: joint hip_rotation_r
   dof 9: joint knee_r_translation1
   dof 10: joint knee_r_translation2
   dof 11: joint knee_angle_r
   ncon=7
csv: trial=3 run=eval kine_score=-25.000 duty=nan knee_min=nan cadence=0.000 stayed_up=True
standing solve: nnls x in [0.00, 0.60], >0.1: 8 muscles
  top: tib_ant_r=0.60, tib_ant_l=0.60, ext_dig_r=0.37, ext_dig_l=0.37, ercspn_r=0.18, ercspn_l=0.18, per_tert_r=0.18, per_tert_l=0.18
Fmax range: 5..3396 N | L range sample: [0.229942 0.326094]
csv: trial=4 run=eval kine_score=-25.000 duty=nan knee_min=nan cadence=0.000 stayed_up=True
standing solve: nnls x in [0.00, 0.61], >0.1: 23 muscles
  top: tib_ant_r=0.61, tib_ant_l=0.60, ext_dig_r=0.39, ext_dig_l=0.38, ercspn_r=0.18, ercspn_l=0.18, per_tert_r=0.17, per_tert_l=0.17
Fmax range: 5..3396 N | L range sample: [0.229942 0.326094]
csv: trial=5 run=eval kine_score=-25.000 duty=nan knee_min=nan cadence=0.000 stayed_up=True
standing solve: nnls x in [0.00, 0.60], >0.1: 8 muscles
  top: tib_ant_r=0.60, tib_ant_l=0.59, ext_dig_r=0.37, ext_dig_l=0.37, ercspn_r=0.18, ercspn_l=0.18, per_tert_r=0.18, per_tert_l=0.18
Fmax range: 5..3396 N | L range sample: [0.229942 0.326094]
csv: trial=6 run=eval kine_score=-62.616 duty=0.329 knee_min=13.66 cadence=0.533 stayed_up=True
standing solve: nnls x in [0.00, 0.60], >0.1: 8 muscles
  top: tib_ant_r=0.60, tib_ant_l=0.59, ext_dig_r=0.37, ext_dig_l=0.37, ercspn_r=0.18, ercspn_l=0.18, per_tert_r=0.18, per_tert_l=0.18
Fmax range: 5..3396 N | L range sample: [0.229942 0.326094]
csv: trial=7 run=eval kine_score=-25.000 duty=nan knee_min=nan cadence=0.000 stayed_up=True
standing solve: nnls x in [0.00, 0.61], >0.1: 36 muscles
  top: tib_ant_r=0.61, tib_ant_l=0.61, ext_dig_r=0.41, ext_dig_l=0.41, add_long_l=0.23, glut_min1_l=0.23, glut_min1_r=0.23, glut_min3_l=0.23
Fmax range: 5..3396 N | L range sample: [0.229942 0.326094]
csv: trial=8 run=eval kine_score=-64.201 duty=0.162 knee_min=12.62 cadence=0.533 stayed_up=True
standing solve: nnls x in [0.00, 0.60], >0.1: 14 muscles
  top: tib_ant_r=0.60, tib_ant_l=0.60, ext_dig_r=0.38, ext_dig_l=0.38, ercspn_r=0.18, ercspn_l=0.18, per_tert_r=0.18, per_tert_l=0.18
Fmax range: 5..3396 N | L range sample: [0.229942 0.326094]
csv: trial=9 run=eval kine_score=-25.000 duty=nan knee_min=nan cadence=0.000 stayed_up=True
standing solve: nnls x in [0.00, 0.60], >0.1: 8 muscles
  top: tib_ant_r=0.60, tib_ant_l=0.60, ext_dig_r=0.37, ext_dig_l=0.37, ercspn_r=0.18, ercspn_l=0.18, per_tert_r=0.18, per_tert_l=0.18
Fmax range: 5..3396 N | L range sample: [0.229942 0.326094]
csv: trial=10 run=eval kine_score=-61.662 duty=0.394 knee_min=10.24 cadence=0.667 stayed_up=True
standing solve: nnls x in [0.00, 0.62], >0.1: 36 muscles
  top: tib_ant_r=0.62, tib_ant_l=0.61, ext_dig_r=0.41, ext_dig_l=0.41, glut_min1_l=0.23, glut_min1_r=0.23, glut_min3_l=0.23, glut_min3_r=0.23
Fmax range: 5..3396 N | L range sample: [0.229942 0.326094]
csv: trial=11 run=eval kine_score=-61.970 duty=0.471 knee_min=9.97 cadence=0.533 stayed_up=True
standing solve: nnls x in [0.00, 0.61], >0.1: 24 muscles
  top: tib_ant_r=0.61, tib_ant_l=0.61, ext_dig_r=0.40, ext_dig_l=0.40, glut_min1_l=0.19, glut_min3_l=0.18, glut_min3_r=0.18, glut_min1_r=0.18
Fmax range: 5..3396 N | L range sample: [0.229942 0.326094]
csv: trial=12 run=eval kine_score=-61.510 duty=0.474 knee_min=10.46 cadence=0.933 stayed_up=True
standing solve: nnls x in [0.00, 0.61], >0.1: 24 muscles
  top: tib_ant_r=0.61, tib_ant_l=0.61, ext_dig_r=0.40, ext_dig_l=0.40, glut_min1_l=0.19, glut_min3_r=0.19, glut_min3_l=0.19, glut_min1_r=0.19
Fmax range: 5..3396 N | L range sample: [0.229942 0.326094]
csv: trial=13 run=eval kine_score=-61.801 duty=0.467 knee_min=10.55 cadence=0.933 stayed_up=True
standing solve: nnls x in [0.00, 0.60], >0.1: 16 muscles
  top: tib_ant_r=0.60, tib_ant_l=0.60, ext_dig_r=0.38, ext_dig_l=0.38, ercspn_r=0.18, ercspn_l=0.18, per_tert_r=0.18, per_tert_l=0.17
Fmax range: 5..3396 N | L range sample: [0.229942 0.326094]
csv: trial=14 run=eval kine_score=-61.752 duty=0.465 knee_min=11.32 cadence=1.333 stayed_up=True
standing solve: nnls x in [0.00, 0.60], >0.1: 8 muscles
  top: tib_ant_r=0.60, tib_ant_l=0.60, ext_dig_r=0.37, ext_dig_l=0.37, ercspn_r=0.18, ercspn_l=0.18, per_tert_r=0.18, per_tert_l=0.18
Fmax range: 5..3396 N | L range sample: [0.229942 0.326094]
csv: trial=15 run=eval kine_score=-61.647 duty=0.482 knee_min=10.37 cadence=1.067 stayed_up=True
standing solve: nnls x in [0.00, 0.60], >0.1: 16 muscles
  top: tib_ant_r=0.60, tib_ant_l=0.60, ext_dig_r=0.38, ext_dig_l=0.38, ercspn_r=0.18, ercspn_l=0.18, per_tert_r=0.18, per_tert_l=0.18
Fmax range: 5..3396 N | L range sample: [0.229942 0.326094]
csv: trial=16 run=eval kine_score=-61.687 duty=0.411 knee_min=10.98 cadence=0.667 stayed_up=True
standing solve: nnls x in [0.00, 0.60], >0.1: 22 muscles
  top: tib_ant_r=0.60, tib_ant_l=0.60, ext_dig_r=0.38, ext_dig_l=0.38, ercspn_r=0.18, ercspn_l=0.18, per_tert_r=0.18, per_tert_l=0.17
Fmax range: 5..3396 N | L range sample: [0.229942 0.326094]
csv: trial=17 run=eval kine_score=-61.373 duty=0.471 knee_min=10.74 cadence=0.933 stayed_up=True
standing solve: nnls x in [0.00, 0.61], >0.1: 24 muscles
  top: tib_ant_r=0.61, tib_ant_l=0.61, ext_dig_r=0.40, ext_dig_l=0.40, glut_min1_l=0.19, glut_min3_r=0.19, glut_min3_l=0.19, glut_min1_r=0.19
Fmax range: 5..3396 N | L range sample: [0.229942 0.326094]
csv: trial=18 run=eval kine_score=-62.212 duty=0.301 knee_min=11.80 cadence=0.800 stayed_up=True
standing solve: nnls x in [0.00, 0.61], >0.1: 29 muscles
  top: tib_ant_r=0.61, tib_ant_l=0.61, ext_dig_r=0.40, ext_dig_l=0.40, glut_min1_l=0.19, glut_min1_r=0.19, glut_min3_l=0.19, glut_min3_r=0.19
Fmax range: 5..3396 N | L range sample: [0.229942 0.326094]
csv: trial=19 run=eval kine_score=-62.238 duty=0.204 knee_min=10.53 cadence=0.533 stayed_up=True
standing solve: nnls x in [0.00, 0.60], >0.1: 16 muscles
  top: tib_ant_r=0.60, tib_ant_l=0.60, ext_dig_r=0.38, ext_dig_l=0.38, ercspn_r=0.18, ercspn_l=0.18, per_tert_r=0.18, per_tert_l=0.18
Fmax range: 5..3396 N | L range sample: [0.229942 0.326094]
csv: trial=20 run=eval kine_score=-61.173 duty=0.459 knee_min=11.17 cadence=1.067 stayed_up=True
NEW GLOBAL BEST -61.173 (trial 20) - running full 22 s capture
standing solve: nnls x in [0.00, 0.60], >0.1: 16 muscles
  top: tib_ant_r=0.60, tib_ant_l=0.60, ext_dig_r=0.38, ext_dig_l=0.38, ercspn_r=0.18, ercspn_l=0.18, per_tert_r=0.18, per_tert_l=0.18
Fmax range: 5..3396 N | L range sample: [0.229942 0.326094]
t=  1.00 max|qacc|=      16.1 max|qvel|=   0.71 ncon=  8 com_z=0.946 com_x=-0.146
t=  1.50 max|qacc|=      46.4 max|qvel|=   0.08 ncon=  8 com_z=0.932 com_x=-0.192
t=  2.00 max|qacc|=      50.0 max|qvel|=   0.36 ncon=  8 com_z=0.932 com_x=-0.200
t=  2.50 max|qacc|=     432.7 max|qvel|=   0.51 ncon=  8 com_z=0.927 com_x=-0.215
t=  3.00 max|qacc|=     405.6 max|qvel|=   0.56 ncon=  8 com_z=0.925 com_x=-0.224
t=  3.50 max|qacc|=       7.4 max|qvel|=   0.30 ncon=  8 com_z=0.920 com_x=-0.231
t=  4.00 max|qacc|=      13.7 max|qvel|=   0.38 ncon=  8 com_z=0.891 com_x=-0.262
t=  4.50 max|qacc|=      11.1 max|qvel|=   0.35 ncon=  8 com_z=0.879 com_x=-0.278
t=  5.00 max|qacc|=      38.5 max|qvel|=   0.32 ncon=  7 com_z=0.876 com_x=-0.283
t=  5.50 max|qacc|=      38.4 max|qvel|=   1.19 ncon=  8 com_z=0.866 com_x=-0.294
t=  6.00 max|qacc|=      42.0 max|qvel|=   0.89 ncon=  8 com_z=0.867 com_x=-0.291
t=  6.50 max|qacc|=      10.1 max|qvel|=   0.70 ncon=  8 com_z=0.866 com_x=-0.287
t=  7.00 max|qacc|=      21.5 max|qvel|=   0.76 ncon=  8 com_z=0.863 com_x=-0.286
t=  7.50 max|qacc|=      15.2 max|qvel|=   0.36 ncon=  7 com_z=0.862 com_x=-0.280
t=  8.00 max|qacc|=      39.9 max|qvel|=   0.96 ncon=  7 com_z=0.859 com_x=-0.276
t=  8.50 max|qacc|=     163.0 max|qvel|=   1.40 ncon=  7 com_z=0.859 com_x=-0.268
t=  9.00 max|qacc|=      24.5 max|qvel|=   0.75 ncon=  7 com_z=0.857 com_x=-0.261
t=  9.50 max|qacc|=       9.7 max|qvel|=   0.45 ncon=  8 com_z=0.856 com_x=-0.255
t= 10.00 max|qacc|=      10.1 max|qvel|=   0.25 ncon=  7 com_z=0.856 com_x=-0.248
t= 10.50 max|qacc|=      43.4 max|qvel|=   0.45 ncon=  6 com_z=0.854 com_x=-0.242
t= 11.00 max|qacc|=      29.3 max|qvel|=   1.26 ncon=  6 com_z=0.854 com_x=-0.235
t= 11.50 max|qacc|=      74.4 max|qvel|=   0.37 ncon=  7 com_z=0.852 com_x=-0.227
t= 12.00 max|qacc|=      10.4 max|qvel|=   0.34 ncon=  6 com_z=0.852 com_x=-0.220
t= 12.50 max|qacc|=      23.3 max|qvel|=   0.18 ncon=  7 com_z=0.851 com_x=-0.215
t= 13.00 max|qacc|=      37.3 max|qvel|=   0.29 ncon=  6 com_z=0.850 com_x=-0.209
t= 13.50 max|qacc|=      47.3 max|qvel|=   0.66 ncon=  5 com_z=0.850 com_x=-0.204
t= 14.00 max|qacc|=     101.6 max|qvel|=   0.82 ncon=  5 com_z=0.849 com_x=-0.198
t= 14.50 max|qacc|=      16.9 max|qvel|=   0.55 ncon=  6 com_z=0.849 com_x=-0.192
t= 15.00 max|qacc|=      38.8 max|qvel|=   0.13 ncon=  5 com_z=0.849 com_x=-0.187
t= 15.50 max|qacc|=      17.8 max|qvel|=   0.36 ncon=  4 com_z=0.850 com_x=-0.182
t= 16.00 max|qacc|=      37.8 max|qvel|=   1.49 ncon=  3 com_z=0.865 com_x=-0.168
t= 16.50 max|qacc|=      12.4 max|qvel|=   0.26 ncon=  3 com_z=0.882 com_x=-0.151
t= 17.00 max|qacc|=       4.3 max|qvel|=   1.04 ncon=  3 com_z=0.904 com_x=-0.129
t= 17.50 max|qacc|=       1.1 max|qvel|=   0.21 ncon=  2 com_z=0.909 com_x=-0.118
t= 18.00 max|qacc|=      14.8 max|qvel|=   1.70 ncon=  3 com_z=0.897 com_x=-0.132
t= 18.50 max|qacc|=      20.5 max|qvel|=   0.99 ncon=  3 com_z=0.895 com_x=-0.136
t= 19.00 max|qacc|=      72.6 max|qvel|=   0.98 ncon=  2 com_z=0.895 com_x=-0.136
t= 19.50 max|qacc|=      14.3 max|qvel|=   1.64 ncon=  2 com_z=0.895 com_x=-0.134
t= 20.00 max|qacc|=      19.2 max|qvel|=   0.58 ncon=  2 com_z=0.896 com_x=-0.133
t= 20.50 max|qacc|=       9.3 max|qvel|=   1.66 ncon=  2 com_z=0.895 com_x=-0.133
t= 21.00 max|qacc|=      19.5 max|qvel|=   0.86 ncon=  2 com_z=0.896 com_x=-0.131
t= 21.50 max|qacc|=     207.3 max|qvel|=   1.71 ncon=  2 com_z=0.895 com_x=-0.131

== summary ==
pelvis/COM height: start 0.96 m, min 0.85 m, final 0.90 m  (stayed up)
COM x: min -0.29 max -0.09 final -0.13 m
COM y: min -0.009 max +0.010 m
RG_F_r bursts during walk window: 1
RG_r: cycles in window 13, period 0.85 s (1.18 Hz), E-duty 0.29
RG_l: cycles in window 13, period 0.85 s (1.18 Hz), E-duty 0.13
peak ctrl: [0.33 0.71 0.62 0.81 0.38 0.61 0.63 0.45 0.38 0.2  0.34 0.72 0.62 0.8
 0.38 0.61 0.65 0.46 0.38 0.2 ] (('vas_lat_r', 'med_gas_r', 'soleus_r', 'tib_ant_r', 'psoas_r', 'semimem_r', 'glut_max2_r', 'rect_fem_r', 'sar_r', 'grac_r', 'vas_lat_l', 'med_gas_l', 'soleus_l', 'tib_ant_l', 'psoas_l', 'semimem_l', 'glut_max2_l', 'rect_fem_l', 'sar_l', 'grac_l'))
  hip_flexion_r         -7.8 ..    27.7 deg
  knee_angle_r         -15.5 ..    28.1 deg
  ankle_angle_r        -42.7 ..     0.0 deg
  hip_adduction_r       -1.6 ..    13.1 deg
  subtalar_angle_r      -0.5 ..    18.3 deg
  hip_flexion_l         -7.2 ..    26.3 deg
  knee_angle_l         -11.6 ..    30.0 deg
  ankle_angle_l        -46.0 ..     0.0 deg
  hip_adduction_l       -1.5 ..    13.8 deg
  subtalar_angle_l       0.0 ..    17.4 deg
  pelvis_tilt           -0.0 ..    35.1 deg
  pelvis_list           -1.2 ..     1.1 deg
  pelvis_rotation       -1.4 ..     1.6 deg
saved spinal_run.npz
saved spinal_run.png
csv: trial=20 run=full22 kine_score=-63.072 duty=0.478 knee_min=10.01 cadence=1.200 stayed_up=True
full22 capture: trial 20 kine_score -63.072 -> v5_best_trial20.npz
standing solve: nnls x in [0.00, 0.61], >0.1: 28 muscles
  top: tib_ant_r=0.61, tib_ant_l=0.60, ext_dig_r=0.39, ext_dig_l=0.39, ercspn_r=0.18, ercspn_l=0.18, per_tert_r=0.17, per_tert_l=0.17
Fmax range: 5..3396 N | L range sample: [0.229942 0.326094]
csv: trial=21 run=eval kine_score=-61.991 duty=0.479 knee_min=10.52 cadence=0.933 stayed_up=True
standing solve: nnls x in [0.00, 0.61], >0.1: 19 muscles
  top: tib_ant_r=0.61, tib_ant_l=0.60, ext_dig_r=0.38, ext_dig_l=0.38, ercspn_r=0.18, ercspn_l=0.18, per_tert_r=0.17, per_tert_l=0.17
Fmax range: 5..3396 N | L range sample: [0.229942 0.326094]
csv: trial=22 run=eval kine_score=-62.484 duty=0.232 knee_min=10.42 cadence=0.667 stayed_up=True
standing solve: nnls x in [0.00, 0.61], >0.1: 28 muscles
  top: tib_ant_r=0.61, tib_ant_l=0.60, ext_dig_r=0.39, ext_dig_l=0.39, ercspn_r=0.18, ercspn_l=0.18, per_tert_r=0.17, per_tert_l=0.17
Fmax range: 5..3396 N | L range sample: [0.229942 0.326094]
csv: trial=23 run=eval kine_score=-61.932 duty=0.465 knee_min=11.07 cadence=1.200 stayed_up=True
standing solve: nnls x in [0.00, 0.60], >0.1: 13 muscles
  top: tib_ant_r=0.60, tib_ant_l=0.60, ext_dig_r=0.38, ext_dig_l=0.37, ercspn_r=0.18, ercspn_l=0.18, per_tert_r=0.18, per_tert_l=0.18
Fmax range: 5..3396 N | L range sample: [0.229942 0.326094]
csv: trial=24 run=eval kine_score=-61.709 duty=0.442 knee_min=10.36 cadence=0.800 stayed_up=True
standing solve: nnls x in [0.00, 0.60], >0.1: 16 muscles
  top: tib_ant_r=0.60, tib_ant_l=0.60, ext_dig_r=0.38, ext_dig_l=0.38, ercspn_r=0.18, ercspn_l=0.18, per_tert_r=0.18, per_tert_l=0.18
Fmax range: 5..3396 N | L range sample: [0.229942 0.326094]
csv: trial=25 run=eval kine_score=-61.569 duty=0.357 knee_min=11.67 cadence=1.067 stayed_up=True
standing solve: nnls x in [0.00, 0.60], >0.1: 16 muscles
  top: tib_ant_r=0.60, tib_ant_l=0.60, ext_dig_r=0.38, ext_dig_l=0.38, ercspn_r=0.18, ercspn_l=0.18, per_tert_r=0.18, per_tert_l=0.18
Fmax range: 5..3396 N | L range sample: [0.229942 0.326094]
csv: trial=26 run=eval kine_score=-62.312 duty=0.218 knee_min=11.09 cadence=0.800 stayed_up=True
standing solve: nnls x in [0.00, 0.60], >0.1: 8 muscles
  top: tib_ant_r=0.60, tib_ant_l=0.60, ext_dig_r=0.37, ext_dig_l=0.37, ercspn_r=0.18, ercspn_l=0.18, per_tert_r=0.18, per_tert_l=0.18
Fmax range: 5..3396 N | L range sample: [0.229942 0.326094]
csv: trial=27 run=eval kine_score=-61.776 duty=0.477 knee_min=10.79 cadence=1.200 stayed_up=True
standing solve: nnls x in [0.00, 0.60], >0.1: 22 muscles
  top: tib_ant_r=0.60, tib_ant_l=0.60, ext_dig_r=0.38, ext_dig_l=0.38, ercspn_r=0.18, ercspn_l=0.18, per_tert_r=0.18, per_tert_l=0.17
Fmax range: 5..3396 N | L range sample: [0.229942 0.326094]
csv: trial=28 run=eval kine_score=-61.281 duty=0.470 knee_min=10.91 cadence=1.067 stayed_up=True
standing solve: nnls x in [0.00, 0.60], >0.1: 14 muscles
  top: tib_ant_r=0.60, tib_ant_l=0.60, ext_dig_r=0.38, ext_dig_l=0.37, ercspn_r=0.18, ercspn_l=0.18, per_tert_r=0.18, per_tert_l=0.18
Fmax range: 5..3396 N | L range sample: [0.229942 0.326094]
csv: trial=29 run=eval kine_score=-62.028 duty=0.419 knee_min=10.73 cadence=0.800 stayed_up=True
standing solve: nnls x in [0.00, 0.60], >0.1: 16 muscles
  top: tib_ant_r=0.60, tib_ant_l=0.60, ext_dig_r=0.38, ext_dig_l=0.38, ercspn_r=0.18, ercspn_l=0.18, per_tert_r=0.18, per_tert_l=0.18
Fmax range: 5..3396 N | L range sample: [0.229942 0.326094]
csv: trial=30 run=eval kine_score=-61.711 duty=0.479 knee_min=11.23 cadence=1.200 stayed_up=True
standing solve: nnls x in [0.00, 0.60], >0.1: 8 muscles
  top: tib_ant_r=0.60, tib_ant_l=0.60, ext_dig_r=0.37, ext_dig_l=0.37, ercspn_r=0.18, ercspn_l=0.18, per_tert_r=0.18, per_tert_l=0.18
Fmax range: 5..3396 N | L range sample: [0.229942 0.326094]
csv: trial=31 run=eval kine_score=-61.726 duty=0.464 knee_min=10.40 cadence=0.667 stayed_up=True
standing solve: nnls x in [0.00, 0.61], >0.1: 22 muscles
  top: tib_ant_r=0.61, tib_ant_l=0.60, ext_dig_r=0.39, ext_dig_l=0.39, ercspn_r=0.18, ercspn_l=0.18, per_tert_r=0.17, per_tert_l=0.17
Fmax range: 5..3396 N | L range sample: [0.229942 0.326094]
csv: trial=32 run=eval kine_score=-61.250 duty=0.472 knee_min=10.72 cadence=1.200 stayed_up=True
standing solve: nnls x in [0.00, 0.60], >0.1: 16 muscles
  top: tib_ant_r=0.60, tib_ant_l=0.60, ext_dig_r=0.38, ext_dig_l=0.38, ercspn_r=0.18, ercspn_l=0.18, per_tert_r=0.18, per_tert_l=0.18
Fmax range: 5..3396 N | L range sample: [0.229942 0.326094]
csv: trial=33 run=eval kine_score=-61.635 duty=0.473 knee_min=11.22 cadence=1.067 stayed_up=True
standing solve: nnls x in [0.00, 0.61], >0.1: 32 muscles
  top: tib_ant_r=0.61, tib_ant_l=0.61, ext_dig_r=0.40, ext_dig_l=0.40, glut_min1_l=0.20, glut_min3_l=0.20, glut_min3_r=0.20, glut_min1_r=0.20
Fmax range: 5..3396 N | L range sample: [0.229942 0.326094]
csv: trial=34 run=eval kine_score=-62.066 duty=0.481 knee_min=10.70 cadence=1.467 stayed_up=True
standing solve: nnls x in [0.00, 0.60], >0.1: 15 muscles
  top: tib_ant_r=0.60, tib_ant_l=0.60, ext_dig_r=0.38, ext_dig_l=0.38, ercspn_r=0.18, ercspn_l=0.18, per_tert_r=0.18, per_tert_l=0.18
Fmax range: 5..3396 N | L range sample: [0.229942 0.326094]
csv: trial=35 run=eval kine_score=-61.245 duty=0.477 knee_min=11.19 cadence=0.933 stayed_up=True
standing solve: nnls x in [0.00, 0.60], >0.1: 16 muscles
  top: tib_ant_r=0.60, tib_ant_l=0.60, ext_dig_r=0.38, ext_dig_l=0.38, ercspn_r=0.18, ercspn_l=0.18, per_tert_r=0.18, per_tert_l=0.17
Fmax range: 5..3396 N | L range sample: [0.229942 0.326094]
csv: trial=36 run=eval kine_score=-62.520 duty=0.242 knee_min=10.61 cadence=0.667 stayed_up=True
standing solve: nnls x in [0.00, 0.61], >0.1: 16 muscles
  top: tib_ant_r=0.61, tib_ant_l=0.60, ext_dig_r=0.38, ext_dig_l=0.38, ercspn_r=0.18, ercspn_l=0.18, per_tert_r=0.18, per_tert_l=0.17
Fmax range: 5..3396 N | L range sample: [0.229942 0.326094]
csv: trial=37 run=eval kine_score=-61.841 duty=0.401 knee_min=11.35 cadence=0.933 stayed_up=True
standing solve: nnls x in [0.00, 0.61], >0.1: 22 muscles
  top: tib_ant_r=0.61, tib_ant_l=0.60, ext_dig_r=0.39, ext_dig_l=0.39, ercspn_r=0.18, ercspn_l=0.18, per_tert_r=0.17, per_tert_l=0.17
Fmax range: 5..3396 N | L range sample: [0.229942 0.326094]
csv: trial=38 run=eval kine_score=-61.808 duty=0.407 knee_min=10.46 cadence=1.067 stayed_up=True
standing solve: nnls x in [0.00, 0.61], >0.1: 20 muscles
  top: tib_ant_r=0.61, tib_ant_l=0.60, ext_dig_r=0.39, ext_dig_l=0.39, ercspn_r=0.18, ercspn_l=0.18, per_tert_r=0.17, per_tert_l=0.17
Fmax range: 5..3396 N | L range sample: [0.229942 0.326094]
csv: trial=39 run=eval kine_score=-62.071 duty=0.334 knee_min=11.23 cadence=0.800 stayed_up=True
standing solve: nnls x in [0.00, 0.60], >0.1: 8 muscles
  top: tib_ant_r=0.60, tib_ant_l=0.60, ext_dig_r=0.37, ext_dig_l=0.37, ercspn_r=0.18, ercspn_l=0.18, per_tert_r=0.18, per_tert_l=0.18
Fmax range: 5..3396 N | L range sample: [0.229942 0.326094]
csv: trial=40 run=eval kine_score=-61.405 duty=0.478 knee_min=10.75 cadence=1.200 stayed_up=True
standing solve: nnls x in [0.00, 0.61], >0.1: 22 muscles
  top: tib_ant_r=0.61, tib_ant_l=0.60, ext_dig_r=0.39, ext_dig_l=0.39, ercspn_r=0.18, ercspn_l=0.18, per_tert_r=0.17, per_tert_l=0.17
Fmax range: 5..3396 N | L range sample: [0.229942 0.326094]
csv: trial=41 run=eval kine_score=-61.654 duty=0.458 knee_min=10.93 cadence=0.800 stayed_up=True
standing solve: nnls x in [0.00, 0.60], >0.1: 8 muscles
  top: tib_ant_r=0.60, tib_ant_l=0.60, ext_dig_r=0.37, ext_dig_l=0.37, ercspn_r=0.18, ercspn_l=0.18, per_tert_r=0.18, per_tert_l=0.18
Fmax range: 5..3396 N | L range sample: [0.229942 0.326094]
csv: trial=42 run=eval kine_score=-61.156 duty=0.473 knee_min=10.72 cadence=1.067 stayed_up=True
NEW GLOBAL BEST -61.156 (trial 42) - running full 22 s capture
standing solve: nnls x in [0.00, 0.60], >0.1: 8 muscles
  top: tib_ant_r=0.60, tib_ant_l=0.60, ext_dig_r=0.37, ext_dig_l=0.37, ercspn_r=0.18, ercspn_l=0.18, per_tert_r=0.18, per_tert_l=0.18
Fmax range: 5..3396 N | L range sample: [0.229942 0.326094]
t=  1.00 max|qacc|=      27.6 max|qvel|=   0.75 ncon=  8 com_z=0.949 com_x=-0.142
t=  1.50 max|qacc|=      56.7 max|qvel|=   0.07 ncon=  8 com_z=0.939 com_x=-0.182
t=  2.00 max|qacc|=      18.0 max|qvel|=   0.30 ncon=  8 com_z=0.938 com_x=-0.194
t=  2.50 max|qacc|=      33.2 max|qvel|=   0.20 ncon=  8 com_z=0.933 com_x=-0.208
t=  3.00 max|qacc|=      89.9 max|qvel|=   0.33 ncon=  8 com_z=0.928 com_x=-0.222
t=  3.50 max|qacc|=       3.4 max|qvel|=   0.21 ncon=  8 com_z=0.923 com_x=-0.229
t=  4.00 max|qacc|=       8.5 max|qvel|=   0.43 ncon=  8 com_z=0.895 com_x=-0.260
t=  4.50 max|qacc|=       7.9 max|qvel|=   0.27 ncon=  7 com_z=0.879 com_x=-0.278
t=  5.00 max|qacc|=      55.1 max|qvel|=   0.34 ncon=  7 com_z=0.879 com_x=-0.280
t=  5.50 max|qacc|=      21.7 max|qvel|=   1.44 ncon=  8 com_z=0.866 com_x=-0.289
t=  6.00 max|qacc|=      45.3 max|qvel|=   0.87 ncon=  8 com_z=0.869 com_x=-0.285
t=  6.50 max|qacc|=      69.0 max|qvel|=   0.87 ncon=  8 com_z=0.868 com_x=-0.281
t=  7.00 max|qacc|=       5.5 max|qvel|=   0.74 ncon=  8 com_z=0.865 com_x=-0.279
t=  7.50 max|qacc|=      22.1 max|qvel|=   0.56 ncon=  8 com_z=0.864 com_x=-0.275
t=  8.00 max|qacc|=      16.4 max|qvel|=   0.29 ncon=  7 com_z=0.862 com_x=-0.270
t=  8.50 max|qacc|=      39.2 max|qvel|=   0.34 ncon=  7 com_z=0.860 com_x=-0.265
t=  9.00 max|qacc|=      58.7 max|qvel|=   1.44 ncon=  7 com_z=0.859 com_x=-0.258
t=  9.50 max|qacc|=      97.4 max|qvel|=   1.65 ncon=  7 com_z=0.858 com_x=-0.251
t= 10.00 max|qacc|=       9.7 max|qvel|=   0.33 ncon=  8 com_z=0.857 com_x=-0.243
t= 10.50 max|qacc|=      25.2 max|qvel|=   0.15 ncon=  7 com_z=0.856 com_x=-0.237
t= 11.00 max|qacc|=      63.3 max|qvel|=   0.48 ncon=  6 com_z=0.855 com_x=-0.231
t= 11.50 max|qacc|=      39.6 max|qvel|=   0.25 ncon=  7 com_z=0.854 com_x=-0.225
t= 12.00 max|qacc|=      36.7 max|qvel|=   0.39 ncon=  6 com_z=0.853 com_x=-0.219
t= 12.50 max|qacc|=      43.0 max|qvel|=   0.93 ncon=  5 com_z=0.853 com_x=-0.213
t= 13.00 max|qacc|=      36.2 max|qvel|=   0.96 ncon=  5 com_z=0.852 com_x=-0.206
t= 13.50 max|qacc|=      27.7 max|qvel|=   0.54 ncon=  6 com_z=0.852 com_x=-0.200
t= 14.00 max|qacc|=      19.1 max|qvel|=   0.14 ncon=  6 com_z=0.851 com_x=-0.195
t= 14.50 max|qacc|=       6.0 max|qvel|=   0.26 ncon=  6 com_z=0.851 com_x=-0.190
t= 15.00 max|qacc|=      15.5 max|qvel|=   0.34 ncon=  5 com_z=0.850 com_x=-0.186
t= 15.50 max|qacc|=      71.7 max|qvel|=   0.37 ncon=  4 com_z=0.851 com_x=-0.181
t= 16.00 max|qacc|=      16.3 max|qvel|=   0.45 ncon=  3 com_z=0.866 com_x=-0.167
t= 16.50 max|qacc|=      20.4 max|qvel|=   0.65 ncon=  3 com_z=0.884 com_x=-0.150
t= 17.00 max|qacc|=       6.2 max|qvel|=   1.18 ncon=  2 com_z=0.907 com_x=-0.126
t= 17.50 max|qacc|=       3.5 max|qvel|=   0.79 ncon=  2 com_z=0.915 com_x=-0.112
t= 18.00 max|qacc|=      16.6 max|qvel|=   1.10 ncon=  3 com_z=0.899 com_x=-0.131
t= 18.50 max|qacc|=      24.6 max|qvel|=   0.56 ncon=  2 com_z=0.900 com_x=-0.133
t= 19.00 max|qacc|=      26.7 max|qvel|=   1.21 ncon=  2 com_z=0.903 com_x=-0.129
t= 19.50 max|qacc|=       5.2 max|qvel|=   1.54 ncon=  2 com_z=0.900 com_x=-0.130
t= 20.00 max|qacc|=      15.2 max|qvel|=   1.31 ncon=  2 com_z=0.901 com_x=-0.129
t= 20.50 max|qacc|=      19.8 max|qvel|=   0.93 ncon=  2 com_z=0.901 com_x=-0.128
t= 21.00 max|qacc|=      21.7 max|qvel|=   0.78 ncon=  2 com_z=0.900 com_x=-0.128
t= 21.50 max|qacc|=       7.3 max|qvel|=   1.65 ncon=  2 com_z=0.901 com_x=-0.126

== summary ==
pelvis/COM height: start 0.96 m, min 0.85 m, final 0.90 m  (stayed up)
COM x: min -0.29 max -0.09 final -0.13 m
COM y: min -0.009 max +0.008 m
RG_F_r bursts during walk window: 12
RG_r: cycles in window 12, period 0.88 s (1.14 Hz), E-duty 0.28
RG_l: cycles in window 13, period 0.87 s (1.14 Hz), E-duty 0.10
peak ctrl: [0.34 0.67 0.59 0.8  0.35 0.56 0.63 0.44 0.36 0.18 0.32 0.66 0.58 0.79
 0.34 0.55 0.62 0.42 0.34 0.18] (('vas_lat_r', 'med_gas_r', 'soleus_r', 'tib_ant_r', 'psoas_r', 'semimem_r', 'glut_max2_r', 'rect_fem_r', 'sar_r', 'grac_r', 'vas_lat_l', 'med_gas_l', 'soleus_l', 'tib_ant_l', 'psoas_l', 'semimem_l', 'glut_max2_l', 'rect_fem_l', 'sar_l', 'grac_l'))
  hip_flexion_r        -11.2 ..    26.7 deg
  knee_angle_r         -19.1 ..    26.1 deg
  ankle_angle_r        -42.0 ..     0.0 deg
  hip_adduction_r       -1.2 ..    13.6 deg
  subtalar_angle_r      -0.2 ..    17.9 deg
  hip_flexion_l         -9.8 ..    25.7 deg
  knee_angle_l         -13.8 ..    28.3 deg
  ankle_angle_l        -45.5 ..     0.0 deg
  hip_adduction_l       -0.7 ..    13.8 deg
  subtalar_angle_l       0.0 ..    17.6 deg
  pelvis_tilt           -0.0 ..    34.6 deg
  pelvis_list           -1.3 ..     0.6 deg
  pelvis_rotation       -1.1 ..     1.5 deg
saved spinal_run.npz
saved spinal_run.png
csv: trial=42 run=full22 kine_score=-62.923 duty=0.440 knee_min=10.01 cadence=1.100 stayed_up=True
full22 capture: trial 42 kine_score -62.923 -> v5_best_trial42.npz
standing solve: nnls x in [0.00, 0.60], >0.1: 15 muscles
  top: tib_ant_r=0.60, tib_ant_l=0.60, ext_dig_r=0.38, ext_dig_l=0.38, ercspn_r=0.18, ercspn_l=0.18, per_tert_r=0.18, per_tert_l=0.18
Fmax range: 5..3396 N | L range sample: [0.229942 0.326094]
csv: trial=43 run=eval kine_score=-61.274 duty=0.462 knee_min=11.22 cadence=0.933 stayed_up=True
standing solve: nnls x in [0.00, 0.60], >0.1: 9 muscles
  top: tib_ant_r=0.60, tib_ant_l=0.60, ext_dig_r=0.37, ext_dig_l=0.37, ercspn_r=0.18, ercspn_l=0.18, per_tert_r=0.18, per_tert_l=0.18
Fmax range: 5..3396 N | L range sample: [0.229942 0.326094]
csv: trial=44 run=eval kine_score=-61.546 duty=0.392 knee_min=11.20 cadence=1.067 stayed_up=True
standing solve: nnls x in [0.00, 0.60], >0.1: 16 muscles
  top: tib_ant_r=0.60, tib_ant_l=0.60, ext_dig_r=0.38, ext_dig_l=0.38, ercspn_r=0.18, ercspn_l=0.18, per_tert_r=0.18, per_tert_l=0.18
Fmax range: 5..3396 N | L range sample: [0.229942 0.326094]
csv: trial=45 run=eval kine_score=-61.588 duty=0.480 knee_min=10.84 cadence=0.933 stayed_up=True
standing solve: nnls x in [0.00, 0.61], >0.1: 17 muscles
  top: tib_ant_r=0.61, tib_ant_l=0.60, ext_dig_r=0.38, ext_dig_l=0.38, ercspn_r=0.18, ercspn_l=0.18, per_tert_r=0.18, per_tert_l=0.17
Fmax range: 5..3396 N | L range sample: [0.229942 0.326094]
csv: trial=46 run=eval kine_score=-61.350 duty=0.470 knee_min=10.79 cadence=0.933 stayed_up=True
standing solve: nnls x in [0.00, 0.60], >0.1: 16 muscles
  top: tib_ant_r=0.60, tib_ant_l=0.60, ext_dig_r=0.38, ext_dig_l=0.38, ercspn_r=0.18, ercspn_l=0.18, per_tert_r=0.18, per_tert_l=0.18
Fmax range: 5..3396 N | L range sample: [0.229942 0.326094]
csv: trial=47 run=eval kine_score=-61.438 duty=0.479 knee_min=10.78 cadence=0.933 stayed_up=True
standing solve: nnls x in [0.00, 0.61], >0.1: 17 muscles
  top: tib_ant_r=0.61, tib_ant_l=0.60, ext_dig_r=0.38, ext_dig_l=0.38, ercspn_r=0.18, ercspn_l=0.18, per_tert_r=0.18, per_tert_l=0.17
Fmax range: 5..3396 N | L range sample: [0.229942 0.326094]
csv: trial=48 run=eval kine_score=-61.507 duty=0.423 knee_min=11.61 cadence=1.067 stayed_up=True
standing solve: nnls x in [0.00, 0.60], >0.1: 14 muscles
  top: tib_ant_r=0.60, tib_ant_l=0.60, ext_dig_r=0.38, ext_dig_l=0.38, ercspn_r=0.18, ercspn_l=0.18, per_tert_r=0.18, per_tert_l=0.18
Fmax range: 5..3396 N | L range sample: [0.229942 0.326094]
csv: trial=49 run=eval kine_score=-61.736 duty=0.442 knee_min=10.89 cadence=1.067 stayed_up=True
standing solve: nnls x in [0.00, 0.61], >0.1: 22 muscles
  top: tib_ant_r=0.61, tib_ant_l=0.60, ext_dig_r=0.39, ext_dig_l=0.39, ercspn_r=0.18, ercspn_l=0.18, per_tert_r=0.17, per_tert_l=0.17
Fmax range: 5..3396 N | L range sample: [0.229942 0.326094]
csv: trial=50 run=eval kine_score=-61.560 duty=0.347 knee_min=10.47 cadence=0.933 stayed_up=True
standing solve: nnls x in [0.00, 0.60], >0.1: 16 muscles
  top: tib_ant_r=0.60, tib_ant_l=0.60, ext_dig_r=0.38, ext_dig_l=0.38, ercspn_r=0.18, ercspn_l=0.18, per_tert_r=0.18, per_tert_l=0.17
Fmax range: 5..3396 N | L range sample: [0.229942 0.326094]
csv: trial=51 run=eval kine_score=-61.605 duty=0.468 knee_min=11.06 cadence=1.067 stayed_up=True
standing solve: nnls x in [0.00, 0.60], >0.1: 17 muscles
  top: tib_ant_r=0.60, tib_ant_l=0.60, ext_dig_r=0.38, ext_dig_l=0.38, ercspn_r=0.18, ercspn_l=0.18, per_tert_r=0.18, per_tert_l=0.17
Fmax range: 5..3396 N | L range sample: [0.229942 0.326094]
csv: trial=52 run=eval kine_score=-61.582 duty=0.477 knee_min=11.01 cadence=1.067 stayed_up=True
standing solve: nnls x in [0.00, 0.61], >0.1: 22 muscles
  top: tib_ant_r=0.61, tib_ant_l=0.60, ext_dig_r=0.39, ext_dig_l=0.39, ercspn_r=0.18, ercspn_l=0.18, per_tert_r=0.17, per_tert_l=0.17
Fmax range: 5..3396 N | L range sample: [0.229942 0.326094]
csv: trial=53 run=eval kine_score=-61.444 duty=0.459 knee_min=10.78 cadence=0.800 stayed_up=True
standing solve: nnls x in [0.00, 0.61], >0.1: 19 muscles
  top: tib_ant_r=0.61, tib_ant_l=0.60, ext_dig_r=0.38, ext_dig_l=0.38, ercspn_r=0.18, ercspn_l=0.18, per_tert_r=0.17, per_tert_l=0.17
Fmax range: 5..3396 N | L range sample: [0.229942 0.326094]
csv: trial=54 run=eval kine_score=-61.287 duty=0.449 knee_min=10.81 cadence=1.200 stayed_up=True
standing solve: nnls x in [0.00, 0.60], >0.1: 8 muscles
  top: tib_ant_r=0.60, tib_ant_l=0.60, ext_dig_r=0.37, ext_dig_l=0.37, ercspn_r=0.18, ercspn_l=0.18, per_tert_r=0.18, per_tert_l=0.18
Fmax range: 5..3396 N | L range sample: [0.229942 0.326094]
csv: trial=55 run=eval kine_score=-61.277 duty=0.483 knee_min=10.73 cadence=1.067 stayed_up=True
standing solve: nnls x in [0.00, 0.60], >0.1: 16 muscles
  top: tib_ant_r=0.60, tib_ant_l=0.60, ext_dig_r=0.38, ext_dig_l=0.38, ercspn_r=0.18, ercspn_l=0.18, per_tert_r=0.18, per_tert_l=0.18
Fmax range: 5..3396 N | L range sample: [0.229942 0.326094]
csv: trial=56 run=eval kine_score=-61.391 duty=0.445 knee_min=11.22 cadence=0.933 stayed_up=True
standing solve: nnls x in [0.00, 0.61], >0.1: 28 muscles
  top: tib_ant_r=0.61, tib_ant_l=0.60, ext_dig_r=0.39, ext_dig_l=0.39, ercspn_r=0.18, ercspn_l=0.18, per_tert_r=0.17, per_tert_l=0.17
Fmax range: 5..3396 N | L range sample: [0.229942 0.326094]
csv: trial=57 run=eval kine_score=-61.398 duty=0.480 knee_min=10.66 cadence=1.067 stayed_up=True
standing solve: nnls x in [0.00, 0.61], >0.1: 24 muscles
  top: tib_ant_r=0.61, tib_ant_l=0.61, ext_dig_r=0.40, ext_dig_l=0.40, glut_min1_l=0.19, glut_min3_r=0.19, glut_min3_l=0.19, ercspn_r=0.18
Fmax range: 5..3396 N | L range sample: [0.229942 0.326094]
csv: trial=58 run=eval kine_score=-61.576 duty=0.474 knee_min=10.73 cadence=0.933 stayed_up=True
standing solve: nnls x in [0.00, 0.60], >0.1: 16 muscles
  top: tib_ant_r=0.60, tib_ant_l=0.60, ext_dig_r=0.38, ext_dig_l=0.38, ercspn_r=0.18, ercspn_l=0.18, per_tert_r=0.18, per_tert_l=0.18
Fmax range: 5..3396 N | L range sample: [0.229942 0.326094]
csv: trial=59 run=eval kine_score=-61.106 duty=0.472 knee_min=10.84 cadence=1.067 stayed_up=True
NEW GLOBAL BEST -61.106 (trial 59) - running full 22 s capture
standing solve: nnls x in [0.00, 0.60], >0.1: 16 muscles
  top: tib_ant_r=0.60, tib_ant_l=0.60, ext_dig_r=0.38, ext_dig_l=0.38, ercspn_r=0.18, ercspn_l=0.18, per_tert_r=0.18, per_tert_l=0.18
Fmax range: 5..3396 N | L range sample: [0.229942 0.326094]
t=  1.00 max|qacc|=      21.5 max|qvel|=   0.72 ncon=  8 com_z=0.946 com_x=-0.145
t=  1.50 max|qacc|=      53.2 max|qvel|=   0.17 ncon=  8 com_z=0.933 com_x=-0.190
t=  2.00 max|qacc|=       4.6 max|qvel|=   0.36 ncon=  8 com_z=0.931 com_x=-0.202
t=  2.50 max|qacc|=      59.3 max|qvel|=   0.34 ncon=  8 com_z=0.929 com_x=-0.213
t=  3.00 max|qacc|=     411.3 max|qvel|=   0.47 ncon=  8 com_z=0.927 com_x=-0.222
t=  3.50 max|qacc|=       5.3 max|qvel|=   0.20 ncon=  7 com_z=0.920 com_x=-0.231
t=  4.00 max|qacc|=       6.1 max|qvel|=   0.40 ncon=  7 com_z=0.891 com_x=-0.262
t=  4.50 max|qacc|=      58.9 max|qvel|=   0.42 ncon=  7 com_z=0.879 com_x=-0.278
t=  5.00 max|qacc|=      28.0 max|qvel|=   1.61 ncon=  8 com_z=0.876 com_x=-0.282
t=  5.50 max|qacc|=      52.6 max|qvel|=   0.93 ncon=  8 com_z=0.866 com_x=-0.292
t=  6.00 max|qacc|=     102.4 max|qvel|=   0.88 ncon=  8 com_z=0.867 com_x=-0.290
t=  6.50 max|qacc|=      12.5 max|qvel|=   0.81 ncon=  8 com_z=0.866 com_x=-0.287
t=  7.00 max|qacc|=      14.6 max|qvel|=   0.53 ncon=  8 com_z=0.862 com_x=-0.286
t=  7.50 max|qacc|=      10.5 max|qvel|=   0.29 ncon=  7 com_z=0.861 com_x=-0.280
t=  8.00 max|qacc|=      67.7 max|qvel|=   1.19 ncon=  7 com_z=0.859 com_x=-0.275
t=  8.50 max|qacc|=      69.4 max|qvel|=   1.63 ncon=  7 com_z=0.858 com_x=-0.268
t=  9.00 max|qacc|=      57.5 max|qvel|=   0.78 ncon=  7 com_z=0.857 com_x=-0.260
t=  9.50 max|qacc|=      14.8 max|qvel|=   0.42 ncon=  8 com_z=0.856 com_x=-0.254
t= 10.00 max|qacc|=      42.8 max|qvel|=   0.28 ncon=  7 com_z=0.855 com_x=-0.247
t= 10.50 max|qacc|=      10.2 max|qvel|=   0.31 ncon=  6 com_z=0.853 com_x=-0.241
t= 11.00 max|qacc|=     155.1 max|qvel|=   0.49 ncon=  7 com_z=0.853 com_x=-0.234
t= 11.50 max|qacc|=     228.2 max|qvel|=   1.01 ncon=  6 com_z=0.851 com_x=-0.227
t= 12.00 max|qacc|=      75.8 max|qvel|=   0.85 ncon=  6 com_z=0.851 com_x=-0.219
t= 12.50 max|qacc|=      75.8 max|qvel|=   0.22 ncon=  7 com_z=0.850 com_x=-0.213
t= 13.00 max|qacc|=      16.1 max|qvel|=   0.27 ncon=  6 com_z=0.850 com_x=-0.207
t= 13.50 max|qacc|=      10.8 max|qvel|=   0.26 ncon=  5 com_z=0.849 com_x=-0.202
t= 14.00 max|qacc|=     152.4 max|qvel|=   0.35 ncon=  5 com_z=0.848 com_x=-0.197
t= 14.50 max|qacc|=      71.1 max|qvel|=   1.20 ncon=  5 com_z=0.848 com_x=-0.191
t= 15.00 max|qacc|=      65.2 max|qvel|=   0.85 ncon=  5 com_z=0.848 com_x=-0.186
t= 15.50 max|qacc|=      15.6 max|qvel|=   0.23 ncon=  5 com_z=0.849 com_x=-0.180
t= 16.00 max|qacc|=      21.0 max|qvel|=   0.57 ncon=  3 com_z=0.864 com_x=-0.167
t= 16.50 max|qacc|=     125.9 max|qvel|=   0.59 ncon=  2 com_z=0.882 com_x=-0.150
t= 17.00 max|qacc|=       5.7 max|qvel|=   1.09 ncon=  3 com_z=0.904 com_x=-0.128
t= 17.50 max|qacc|=       5.5 max|qvel|=   0.32 ncon=  2 com_z=0.910 com_x=-0.116
t= 18.00 max|qacc|=      16.6 max|qvel|=   1.32 ncon=  2 com_z=0.896 com_x=-0.133
t= 18.50 max|qacc|=       6.8 max|qvel|=   1.65 ncon=  2 com_z=0.895 com_x=-0.136
t= 19.00 max|qacc|=      18.8 max|qvel|=   1.25 ncon=  2 com_z=0.897 com_x=-0.133
t= 19.50 max|qacc|=      20.8 max|qvel|=   0.59 ncon=  2 com_z=0.896 com_x=-0.133
t= 20.00 max|qacc|=      19.4 max|qvel|=   1.27 ncon=  2 com_z=0.896 com_x=-0.133
t= 20.50 max|qacc|=      14.9 max|qvel|=   1.44 ncon=  2 com_z=0.896 com_x=-0.131
t= 21.00 max|qacc|=      19.4 max|qvel|=   0.48 ncon=  2 com_z=0.897 com_x=-0.131
t= 21.50 max|qacc|=      20.7 max|qvel|=   1.18 ncon=  2 com_z=0.896 com_x=-0.131

== summary ==
pelvis/COM height: start 0.96 m, min 0.85 m, final 0.90 m  (stayed up)
COM x: min -0.29 max -0.09 final -0.13 m
COM y: min -0.009 max +0.009 m
RG_F_r bursts during walk window: 11
RG_r: cycles in window 13, period 0.86 s (1.16 Hz), E-duty 0.29
RG_l: cycles in window 13, period 0.86 s (1.16 Hz), E-duty 0.12
peak ctrl: [0.33 0.69 0.61 0.81 0.38 0.59 0.63 0.44 0.38 0.19 0.35 0.71 0.61 0.8
 0.37 0.6  0.65 0.46 0.37 0.2 ] (('vas_lat_r', 'med_gas_r', 'soleus_r', 'tib_ant_r', 'psoas_r', 'semimem_r', 'glut_max2_r', 'rect_fem_r', 'sar_r', 'grac_r', 'vas_lat_l', 'med_gas_l', 'soleus_l', 'tib_ant_l', 'psoas_l', 'semimem_l', 'glut_max2_l', 'rect_fem_l', 'sar_l', 'grac_l'))
  hip_flexion_r         -8.1 ..    27.6 deg
  knee_angle_r         -15.5 ..    28.6 deg
  ankle_angle_r        -42.5 ..     0.0 deg
  hip_adduction_r       -1.5 ..    13.3 deg
  subtalar_angle_r      -0.4 ..    17.8 deg
  hip_flexion_l         -7.7 ..    26.3 deg
  knee_angle_l         -12.0 ..    30.2 deg
  ankle_angle_l        -45.8 ..     0.0 deg
  hip_adduction_l       -1.6 ..    13.6 deg
  subtalar_angle_l       0.0 ..    17.1 deg
  pelvis_tilt           -0.0 ..    35.3 deg
  pelvis_list           -1.1 ..     1.3 deg
  pelvis_rotation       -1.3 ..     1.5 deg
saved spinal_run.npz
saved spinal_run.png
csv: trial=59 run=full22 kine_score=-62.960 duty=0.470 knee_min=9.94 cadence=1.200 stayed_up=True
full22 capture: trial 59 kine_score -62.960 -> v5_best_trial59.npz
standing solve: nnls x in [0.00, 0.61], >0.1: 19 muscles
  top: tib_ant_r=0.61, tib_ant_l=0.60, ext_dig_r=0.38, ext_dig_l=0.38, ercspn_r=0.18, ercspn_l=0.18, per_tert_r=0.17, per_tert_l=0.17
Fmax range: 5..3396 N | L range sample: [0.229942 0.326094]
csv: trial=60 run=eval kine_score=-61.269 duty=0.437 knee_min=11.16 cadence=1.200 stayed_up=True
standing solve: nnls x in [0.00, 0.60], >0.1: 16 muscles
  top: tib_ant_r=0.60, tib_ant_l=0.60, ext_dig_r=0.38, ext_dig_l=0.38, ercspn_r=0.18, ercspn_l=0.18, per_tert_r=0.18, per_tert_l=0.18
Fmax range: 5..3396 N | L range sample: [0.229942 0.326094]
csv: trial=61 run=eval kine_score=-61.462 duty=0.448 knee_min=10.74 cadence=0.933 stayed_up=True
standing solve: nnls x in [0.00, 0.61], >0.1: 21 muscles
  top: tib_ant_r=0.61, tib_ant_l=0.60, ext_dig_r=0.39, ext_dig_l=0.39, ercspn_r=0.18, ercspn_l=0.18, per_tert_r=0.17, per_tert_l=0.17
Fmax range: 5..3396 N | L range sample: [0.229942 0.326094]
csv: trial=62 run=eval kine_score=-61.318 duty=0.460 knee_min=10.94 cadence=1.200 stayed_up=True
standing solve: nnls x in [0.00, 0.61], >0.1: 17 muscles
  top: tib_ant_r=0.61, tib_ant_l=0.60, ext_dig_r=0.38, ext_dig_l=0.38, ercspn_r=0.18, ercspn_l=0.18, per_tert_r=0.18, per_tert_l=0.17
Fmax range: 5..3396 N | L range sample: [0.229942 0.326094]
csv: trial=63 run=eval kine_score=-61.048 duty=0.475 knee_min=10.84 cadence=1.067 stayed_up=True
NEW GLOBAL BEST -61.048 (trial 63) - running full 22 s capture
standing solve: nnls x in [0.00, 0.61], >0.1: 17 muscles
  top: tib_ant_r=0.61, tib_ant_l=0.60, ext_dig_r=0.38, ext_dig_l=0.38, ercspn_r=0.18, ercspn_l=0.18, per_tert_r=0.18, per_tert_l=0.17
Fmax range: 5..3396 N | L range sample: [0.229942 0.326094]
t=  1.00 max|qacc|=      26.3 max|qvel|=   0.74 ncon=  8 com_z=0.946 com_x=-0.145
t=  1.50 max|qacc|=      19.0 max|qvel|=   0.18 ncon=  8 com_z=0.931 com_x=-0.192
t=  2.00 max|qacc|=      44.9 max|qvel|=   0.10 ncon=  8 com_z=0.931 com_x=-0.201
t=  2.50 max|qacc|=      91.5 max|qvel|=   0.28 ncon=  8 com_z=0.929 com_x=-0.211
t=  3.00 max|qacc|=     102.0 max|qvel|=   0.29 ncon=  8 com_z=0.922 com_x=-0.225
t=  3.50 max|qacc|=      19.7 max|qvel|=   0.20 ncon=  8 com_z=0.916 com_x=-0.233
t=  4.00 max|qacc|=      32.2 max|qvel|=   1.48 ncon=  8 com_z=0.889 com_x=-0.262
t=  4.50 max|qacc|=      77.3 max|qvel|=   0.90 ncon=  8 com_z=0.878 com_x=-0.278
t=  5.00 max|qacc|=       9.0 max|qvel|=   1.57 ncon=  8 com_z=0.876 com_x=-0.283
t=  5.50 max|qacc|=      17.3 max|qvel|=   0.97 ncon=  8 com_z=0.864 com_x=-0.297
t=  6.00 max|qacc|=      70.1 max|qvel|=   0.48 ncon=  8 com_z=0.865 com_x=-0.297
t=  6.50 max|qacc|=      60.5 max|qvel|=   0.98 ncon=  7 com_z=0.862 com_x=-0.295
t=  7.00 max|qacc|=      41.8 max|qvel|=   1.10 ncon=  8 com_z=0.859 com_x=-0.292
t=  7.50 max|qacc|=      37.5 max|qvel|=   0.67 ncon=  8 com_z=0.859 com_x=-0.286
t=  8.00 max|qacc|=       8.9 max|qvel|=   0.57 ncon=  8 com_z=0.856 com_x=-0.282
t=  8.50 max|qacc|=      31.6 max|qvel|=   0.32 ncon=  7 com_z=0.854 com_x=-0.277
t=  9.00 max|qacc|=      67.5 max|qvel|=   1.13 ncon=  7 com_z=0.853 com_x=-0.269
t=  9.50 max|qacc|=     246.0 max|qvel|=   0.68 ncon=  7 com_z=0.851 com_x=-0.261
t= 10.00 max|qacc|=      57.0 max|qvel|=   0.37 ncon=  8 com_z=0.851 com_x=-0.253
t= 10.50 max|qacc|=      11.8 max|qvel|=   0.23 ncon=  7 com_z=0.850 com_x=-0.246
t= 11.00 max|qacc|=      11.9 max|qvel|=   0.34 ncon=  6 com_z=0.848 com_x=-0.239
t= 11.50 max|qacc|=      67.0 max|qvel|=   0.82 ncon=  6 com_z=0.849 com_x=-0.232
t= 12.00 max|qacc|=      72.9 max|qvel|=   0.96 ncon=  7 com_z=0.847 com_x=-0.224
t= 12.50 max|qacc|=      19.5 max|qvel|=   0.23 ncon=  7 com_z=0.847 com_x=-0.217
t= 13.00 max|qacc|=      30.2 max|qvel|=   0.25 ncon=  6 com_z=0.846 com_x=-0.211
t= 13.50 max|qacc|=     185.5 max|qvel|=   0.36 ncon=  6 com_z=0.845 com_x=-0.205
t= 14.00 max|qacc|=     113.1 max|qvel|=   1.38 ncon=  6 com_z=0.845 com_x=-0.200
t= 14.50 max|qacc|=      95.3 max|qvel|=   0.97 ncon=  5 com_z=0.844 com_x=-0.193
t= 15.00 max|qacc|=      34.4 max|qvel|=   0.20 ncon=  6 com_z=0.844 com_x=-0.188
t= 15.50 max|qacc|=      29.8 max|qvel|=   0.47 ncon=  5 com_z=0.845 com_x=-0.183
t= 16.00 max|qacc|=      56.5 max|qvel|=   1.24 ncon=  3 com_z=0.860 com_x=-0.169
t= 16.50 max|qacc|=      51.3 max|qvel|=   0.31 ncon=  3 com_z=0.877 com_x=-0.152
t= 17.00 max|qacc|=       5.1 max|qvel|=   1.07 ncon=  3 com_z=0.900 com_x=-0.131
t= 17.50 max|qacc|=       4.9 max|qvel|=   0.90 ncon=  2 com_z=0.910 com_x=-0.114
t= 18.00 max|qacc|=      21.2 max|qvel|=   1.61 ncon=  3 com_z=0.892 com_x=-0.136
t= 18.50 max|qacc|=      17.6 max|qvel|=   0.99 ncon=  2 com_z=0.891 com_x=-0.138
t= 19.00 max|qacc|=      18.8 max|qvel|=   0.57 ncon=  2 com_z=0.895 com_x=-0.134
t= 19.50 max|qacc|=     124.2 max|qvel|=   1.11 ncon=  2 com_z=0.893 com_x=-0.136
t= 20.00 max|qacc|=      14.6 max|qvel|=   1.23 ncon=  2 com_z=0.893 com_x=-0.135
t= 20.50 max|qacc|=       5.2 max|qvel|=   1.54 ncon=  2 com_z=0.894 com_x=-0.133
t= 21.00 max|qacc|=      14.3 max|qvel|=   1.46 ncon=  2 com_z=0.894 com_x=-0.132
t= 21.50 max|qacc|=      20.2 max|qvel|=   1.03 ncon=  2 com_z=0.894 com_x=-0.131

== summary ==
pelvis/COM height: start 0.96 m, min 0.84 m, final 0.89 m  (stayed up)
COM x: min -0.30 max -0.09 final -0.13 m
COM y: min -0.008 max +0.007 m
RG_F_r bursts during walk window: 12
RG_r: cycles in window 13, period 0.83 s (1.21 Hz), E-duty 0.28
RG_l: cycles in window 13, period 0.83 s (1.21 Hz), E-duty 0.11
peak ctrl: [0.34 0.73 0.62 0.82 0.4  0.64 0.67 0.47 0.4  0.21 0.35 0.74 0.63 0.81
 0.4  0.65 0.66 0.48 0.4  0.22] (('vas_lat_r', 'med_gas_r', 'soleus_r', 'tib_ant_r', 'psoas_r', 'semimem_r', 'glut_max2_r', 'rect_fem_r', 'sar_r', 'grac_r', 'vas_lat_l', 'med_gas_l', 'soleus_l', 'tib_ant_l', 'psoas_l', 'semimem_l', 'glut_max2_l', 'rect_fem_l', 'sar_l', 'grac_l'))
  hip_flexion_r         -8.3 ..    29.4 deg
  knee_angle_r         -16.7 ..    28.2 deg
  ankle_angle_r        -42.1 ..     0.0 deg
  hip_adduction_r       -2.2 ..    13.5 deg
  subtalar_angle_r      -0.9 ..    18.0 deg
  hip_flexion_l         -8.3 ..    27.7 deg
  knee_angle_l         -13.9 ..    30.0 deg
  ankle_angle_l        -45.4 ..     0.0 deg
  hip_adduction_l       -2.3 ..    13.8 deg
  subtalar_angle_l       0.0 ..    18.0 deg
  pelvis_tilt           -0.0 ..    36.4 deg
  pelvis_list           -1.1 ..     1.2 deg
  pelvis_rotation       -1.2 ..     1.4 deg
saved spinal_run.npz
saved spinal_run.png
csv: trial=63 run=full22 kine_score=-62.738 duty=0.459 knee_min=10.00 cadence=1.200 stayed_up=True
full22 capture: trial 63 kine_score -62.738 -> v5_best_trial63.npz
standing solve: nnls x in [0.00, 0.61], >0.1: 20 muscles
  top: tib_ant_r=0.61, tib_ant_l=0.60, ext_dig_r=0.39, ext_dig_l=0.38, ercspn_r=0.18, ercspn_l=0.18, per_tert_r=0.17, per_tert_l=0.17
Fmax range: 5..3396 N | L range sample: [0.229942 0.326094]
csv: trial=64 run=eval kine_score=-61.556 duty=0.487 knee_min=10.69 cadence=1.200 stayed_up=True
standing solve: nnls x in [0.00, 0.61], >0.1: 19 muscles
  top: tib_ant_r=0.61, tib_ant_l=0.60, ext_dig_r=0.38, ext_dig_l=0.38, ercspn_r=0.18, ercspn_l=0.18, per_tert_r=0.17, per_tert_l=0.17
Fmax range: 5..3396 N | L range sample: [0.229942 0.326094]
csv: trial=65 run=eval kine_score=-61.209 duty=0.453 knee_min=11.38 cadence=1.200 stayed_up=True
standing solve: nnls x in [0.00, 0.60], >0.1: 15 muscles
  top: tib_ant_r=0.60, tib_ant_l=0.60, ext_dig_r=0.38, ext_dig_l=0.38, ercspn_r=0.18, ercspn_l=0.18, per_tert_r=0.18, per_tert_l=0.18
Fmax range: 5..3396 N | L range sample: [0.229942 0.326094]
csv: trial=66 run=eval kine_score=-61.819 duty=0.313 knee_min=10.59 cadence=0.933 stayed_up=True
standing solve: nnls x in [0.00, 0.60], >0.1: 8 muscles
  top: tib_ant_r=0.60, tib_ant_l=0.60, ext_dig_r=0.37, ext_dig_l=0.37, ercspn_r=0.18, ercspn_l=0.18, per_tert_r=0.18, per_tert_l=0.18
Fmax range: 5..3396 N | L range sample: [0.229942 0.326094]
csv: trial=67 run=eval kine_score=-61.453 duty=0.447 knee_min=10.93 cadence=1.067 stayed_up=True
standing solve: nnls x in [0.00, 0.60], >0.1: 8 muscles
  top: tib_ant_r=0.60, tib_ant_l=0.60, ext_dig_r=0.37, ext_dig_l=0.37, ercspn_r=0.18, ercspn_l=0.18, per_tert_r=0.18, per_tert_l=0.18
Fmax range: 5..3396 N | L range sample: [0.229942 0.326094]
csv: trial=68 run=eval kine_score=-61.361 duty=0.476 knee_min=10.99 cadence=0.933 stayed_up=True
standing solve: nnls x in [0.00, 0.61], >0.1: 19 muscles
  top: tib_ant_r=0.61, tib_ant_l=0.60, ext_dig_r=0.38, ext_dig_l=0.38, ercspn_r=0.18, ercspn_l=0.18, per_tert_r=0.17, per_tert_l=0.17
Fmax range: 5..3396 N | L range sample: [0.229942 0.326094]
csv: trial=69 run=eval kine_score=-61.519 duty=0.437 knee_min=11.41 cadence=0.933 stayed_up=True
standing solve: nnls x in [0.00, 0.60], >0.1: 16 muscles
  top: tib_ant_r=0.60, tib_ant_l=0.60, ext_dig_r=0.38, ext_dig_l=0.38, ercspn_r=0.18, ercspn_l=0.18, per_tert_r=0.18, per_tert_l=0.18
Fmax range: 5..3396 N | L range sample: [0.229942 0.326094]
csv: trial=70 run=eval kine_score=-61.230 duty=0.472 knee_min=11.00 cadence=1.067 stayed_up=True
standing solve: nnls x in [0.00, 0.60], >0.1: 15 muscles
  top: tib_ant_r=0.60, tib_ant_l=0.60, ext_dig_r=0.38, ext_dig_l=0.38, ercspn_r=0.18, ercspn_l=0.18, per_tert_r=0.18, per_tert_l=0.18
Fmax range: 5..3396 N | L range sample: [0.229942 0.326094]
csv: trial=71 run=eval kine_score=-61.475 duty=0.474 knee_min=11.30 cadence=0.933 stayed_up=True
standing solve: nnls x in [0.00, 0.60], >0.1: 16 muscles
  top: tib_ant_r=0.60, tib_ant_l=0.60, ext_dig_r=0.38, ext_dig_l=0.38, ercspn_r=0.18, ercspn_l=0.18, per_tert_r=0.18, per_tert_l=0.18
Fmax range: 5..3396 N | L range sample: [0.229942 0.326094]
csv: trial=72 run=eval kine_score=-61.249 duty=0.454 knee_min=11.44 cadence=1.200 stayed_up=True
standing solve: nnls x in [0.00, 0.61], >0.1: 17 muscles
  top: tib_ant_r=0.61, tib_ant_l=0.60, ext_dig_r=0.38, ext_dig_l=0.38, ercspn_r=0.18, ercspn_l=0.18, per_tert_r=0.18, per_tert_l=0.17
Fmax range: 5..3396 N | L range sample: [0.229942 0.326094]
csv: trial=73 run=eval kine_score=-61.264 duty=0.471 knee_min=10.89 cadence=1.067 stayed_up=True
standing solve: nnls x in [0.00, 0.60], >0.1: 15 muscles
  top: tib_ant_r=0.60, tib_ant_l=0.60, ext_dig_r=0.38, ext_dig_l=0.38, ercspn_r=0.18, ercspn_l=0.18, per_tert_r=0.18, per_tert_l=0.18
Fmax range: 5..3396 N | L range sample: [0.229942 0.326094]
csv: trial=74 run=eval kine_score=-61.373 duty=0.479 knee_min=10.88 cadence=0.933 stayed_up=True
standing solve: nnls x in [0.00, 0.60], >0.1: 14 muscles
  top: tib_ant_r=0.60, tib_ant_l=0.60, ext_dig_r=0.38, ext_dig_l=0.37, ercspn_r=0.18, ercspn_l=0.18, per_tert_r=0.18, per_tert_l=0.18
Fmax range: 5..3396 N | L range sample: [0.229942 0.326094]
csv: trial=75 run=eval kine_score=-61.502 duty=0.461 knee_min=11.32 cadence=1.200 stayed_up=True
standing solve: nnls x in [0.00, 0.61], >0.1: 21 muscles
  top: tib_ant_r=0.61, tib_ant_l=0.60, ext_dig_r=0.39, ext_dig_l=0.39, ercspn_r=0.18, ercspn_l=0.18, per_tert_r=0.17, per_tert_l=0.17
Fmax range: 5..3396 N | L range sample: [0.229942 0.326094]
csv: trial=76 run=eval kine_score=-61.347 duty=0.445 knee_min=11.48 cadence=1.200 stayed_up=True
standing solve: nnls x in [0.00, 0.60], >0.1: 14 muscles
  top: tib_ant_r=0.60, tib_ant_l=0.60, ext_dig_r=0.38, ext_dig_l=0.37, ercspn_r=0.18, ercspn_l=0.18, per_tert_r=0.18, per_tert_l=0.18
Fmax range: 5..3396 N | L range sample: [0.229942 0.326094]
csv: trial=77 run=eval kine_score=-61.600 duty=0.429 knee_min=11.40 cadence=1.200 stayed_up=True
standing solve: nnls x in [0.00, 0.60], >0.1: 8 muscles
  top: tib_ant_r=0.60, tib_ant_l=0.60, ext_dig_r=0.37, ext_dig_l=0.37, ercspn_r=0.18, ercspn_l=0.18, per_tert_r=0.18, per_tert_l=0.18
Fmax range: 5..3396 N | L range sample: [0.229942 0.326094]
csv: trial=78 run=eval kine_score=-61.470 duty=0.404 knee_min=10.92 cadence=0.933 stayed_up=True
standing solve: nnls x in [0.00, 0.61], >0.1: 20 muscles
  top: tib_ant_r=0.61, tib_ant_l=0.60, ext_dig_r=0.39, ext_dig_l=0.38, ercspn_r=0.18, ercspn_l=0.18, per_tert_r=0.17, per_tert_l=0.17
Fmax range: 5..3396 N | L range sample: [0.229942 0.326094]
csv: trial=79 run=eval kine_score=-61.263 duty=0.463 knee_min=11.12 cadence=1.200 stayed_up=True
standing solve: nnls x in [0.00, 0.61], >0.1: 17 muscles
  top: tib_ant_r=0.61, tib_ant_l=0.60, ext_dig_r=0.38, ext_dig_l=0.38, ercspn_r=0.18, ercspn_l=0.18, per_tert_r=0.17, per_tert_l=0.17
Fmax range: 5..3396 N | L range sample: [0.229942 0.326094]
csv: trial=80 run=eval kine_score=-61.099 duty=0.473 knee_min=10.66 cadence=1.067 stayed_up=True
standing solve: nnls x in [0.00, 0.60], >0.1: 8 muscles
  top: tib_ant_r=0.60, tib_ant_l=0.60, ext_dig_r=0.37, ext_dig_l=0.37, ercspn_r=0.18, ercspn_l=0.18, per_tert_r=0.18, per_tert_l=0.18
Fmax range: 5..3396 N | L range sample: [0.229942 0.326094]
csv: trial=81 run=eval kine_score=-61.342 duty=0.469 knee_min=10.92 cadence=1.200 stayed_up=True
standing solve: nnls x in [0.00, 0.60], >0.1: 16 muscles
  top: tib_ant_r=0.60, tib_ant_l=0.60, ext_dig_r=0.38, ext_dig_l=0.38, ercspn_r=0.18, ercspn_l=0.18, per_tert_r=0.18, per_tert_l=0.18
Fmax range: 5..3396 N | L range sample: [0.229942 0.326094]
csv: trial=82 run=eval kine_score=-61.189 duty=0.469 knee_min=11.27 cadence=1.200 stayed_up=True
standing solve: nnls x in [0.00, 0.61], >0.1: 17 muscles
  top: tib_ant_r=0.61, tib_ant_l=0.60, ext_dig_r=0.38, ext_dig_l=0.38, ercspn_r=0.18, ercspn_l=0.18, per_tert_r=0.18, per_tert_l=0.17
Fmax range: 5..3396 N | L range sample: [0.229942 0.326094]
csv: trial=83 run=eval kine_score=-61.370 duty=0.420 knee_min=11.70 cadence=1.067 stayed_up=True
standing solve: nnls x in [0.00, 0.60], >0.1: 16 muscles
  top: tib_ant_r=0.60, tib_ant_l=0.60, ext_dig_r=0.38, ext_dig_l=0.38, ercspn_r=0.18, ercspn_l=0.18, per_tert_r=0.18, per_tert_l=0.18
Fmax range: 5..3396 N | L range sample: [0.229942 0.326094]
csv: trial=84 run=eval kine_score=-61.330 duty=0.478 knee_min=10.62 cadence=0.933 stayed_up=True
standing solve: nnls x in [0.00, 0.60], >0.1: 17 muscles
  top: tib_ant_r=0.60, tib_ant_l=0.60, ext_dig_r=0.38, ext_dig_l=0.38, ercspn_r=0.18, ercspn_l=0.18, per_tert_r=0.18, per_tert_l=0.17
Fmax range: 5..3396 N | L range sample: [0.229942 0.326094]
csv: trial=85 run=eval kine_score=-61.426 duty=0.428 knee_min=11.19 cadence=1.200 stayed_up=True
standing solve: nnls x in [0.00, 0.60], >0.1: 16 muscles
  top: tib_ant_r=0.60, tib_ant_l=0.60, ext_dig_r=0.38, ext_dig_l=0.38, ercspn_r=0.18, ercspn_l=0.18, per_tert_r=0.18, per_tert_l=0.18
Fmax range: 5..3396 N | L range sample: [0.229942 0.326094]
csv: trial=86 run=eval kine_score=-61.275 duty=0.466 knee_min=10.89 cadence=1.200 stayed_up=True
standing solve: nnls x in [0.00, 0.60], >0.1: 15 muscles
  top: tib_ant_r=0.60, tib_ant_l=0.60, ext_dig_r=0.38, ext_dig_l=0.38, ercspn_r=0.18, ercspn_l=0.18, per_tert_r=0.18, per_tert_l=0.18
Fmax range: 5..3396 N | L range sample: [0.229942 0.326094]
csv: trial=87 run=eval kine_score=-61.249 duty=0.459 knee_min=11.20 cadence=1.200 stayed_up=True
standing solve: nnls x in [0.00, 0.61], >0.1: 17 muscles
  top: tib_ant_r=0.61, tib_ant_l=0.60, ext_dig_r=0.38, ext_dig_l=0.38, ercspn_r=0.18, ercspn_l=0.18, per_tert_r=0.18, per_tert_l=0.17
Fmax range: 5..3396 N | L range sample: [0.229942 0.326094]
csv: trial=88 run=eval kine_score=-61.809 duty=0.422 knee_min=10.99 cadence=1.067 stayed_up=True
standing solve: nnls x in [0.00, 0.60], >0.1: 16 muscles
  top: tib_ant_r=0.60, tib_ant_l=0.60, ext_dig_r=0.38, ext_dig_l=0.38, ercspn_r=0.18, ercspn_l=0.18, per_tert_r=0.18, per_tert_l=0.18
Fmax range: 5..3396 N | L range sample: [0.229942 0.326094]
csv: trial=89 run=eval kine_score=-61.311 duty=0.440 knee_min=11.57 cadence=1.067 stayed_up=True
standing solve: nnls x in [0.00, 0.61], >0.1: 22 muscles
  top: tib_ant_r=0.61, tib_ant_l=0.60, ext_dig_r=0.39, ext_dig_l=0.39, ercspn_r=0.18, ercspn_l=0.18, per_tert_r=0.17, per_tert_l=0.17
Fmax range: 5..3396 N | L range sample: [0.229942 0.326094]
csv: trial=90 run=eval kine_score=-61.130 duty=0.454 knee_min=11.51 cadence=1.200 stayed_up=True
standing solve: nnls x in [0.00, 0.60], >0.1: 16 muscles
  top: tib_ant_r=0.60, tib_ant_l=0.60, ext_dig_r=0.38, ext_dig_l=0.38, ercspn_r=0.18, ercspn_l=0.18, per_tert_r=0.18, per_tert_l=0.18
Fmax range: 5..3396 N | L range sample: [0.229942 0.326094]
csv: trial=91 run=eval kine_score=-61.495 duty=0.482 knee_min=10.79 cadence=1.333 stayed_up=True
standing solve: nnls x in [0.00, 0.60], >0.1: 16 muscles
  top: tib_ant_r=0.60, tib_ant_l=0.60, ext_dig_r=0.38, ext_dig_l=0.38, ercspn_r=0.18, ercspn_l=0.18, per_tert_r=0.18, per_tert_l=0.18
Fmax range: 5..3396 N | L range sample: [0.229942 0.326094]
csv: trial=92 run=eval kine_score=-61.143 duty=0.474 knee_min=10.72 cadence=0.933 stayed_up=True
standing solve: nnls x in [0.00, 0.61], >0.1: 22 muscles
  top: tib_ant_r=0.61, tib_ant_l=0.60, ext_dig_r=0.39, ext_dig_l=0.39, ercspn_r=0.18, ercspn_l=0.18, per_tert_r=0.17, per_tert_l=0.17
Fmax range: 5..3396 N | L range sample: [0.229942 0.326094]
csv: trial=93 run=eval kine_score=-61.394 duty=0.450 knee_min=11.58 cadence=1.333 stayed_up=True
standing solve: nnls x in [0.00, 0.60], >0.1: 16 muscles
  top: tib_ant_r=0.60, tib_ant_l=0.60, ext_dig_r=0.38, ext_dig_l=0.38, ercspn_r=0.18, ercspn_l=0.18, per_tert_r=0.18, per_tert_l=0.18
Fmax range: 5..3396 N | L range sample: [0.229942 0.326094]
csv: trial=94 run=eval kine_score=-61.440 duty=0.466 knee_min=10.64 cadence=1.200 stayed_up=True
standing solve: nnls x in [0.00, 0.61], >0.1: 32 muscles
  top: tib_ant_r=0.61, tib_ant_l=0.61, ext_dig_r=0.40, ext_dig_l=0.40, glut_min1_l=0.21, glut_min3_l=0.20, glut_min3_r=0.20, glut_min1_r=0.20
Fmax range: 5..3396 N | L range sample: [0.229942 0.326094]
csv: trial=95 run=eval kine_score=-61.924 duty=0.455 knee_min=11.42 cadence=1.333 stayed_up=True
standing solve: nnls x in [0.00, 0.61], >0.1: 22 muscles
  top: tib_ant_r=0.61, tib_ant_l=0.60, ext_dig_r=0.39, ext_dig_l=0.39, ercspn_r=0.18, ercspn_l=0.18, per_tert_r=0.17, per_tert_l=0.17
Fmax range: 5..3396 N | L range sample: [0.229942 0.326094]
csv: trial=96 run=eval kine_score=-61.681 duty=0.441 knee_min=10.59 cadence=1.200 stayed_up=True
standing solve: nnls x in [0.00, 0.61], >0.1: 20 muscles
  top: tib_ant_r=0.61, tib_ant_l=0.60, ext_dig_r=0.39, ext_dig_l=0.39, ercspn_r=0.18, ercspn_l=0.18, per_tert_r=0.17, per_tert_l=0.17
Fmax range: 5..3396 N | L range sample: [0.229942 0.326094]
csv: trial=97 run=eval kine_score=-61.351 duty=0.475 knee_min=10.72 cadence=1.067 stayed_up=True
standing solve: nnls x in [0.00, 0.61], >0.1: 17 muscles
  top: tib_ant_r=0.61, tib_ant_l=0.60, ext_dig_r=0.38, ext_dig_l=0.38, ercspn_r=0.18, ercspn_l=0.18, per_tert_r=0.18, per_tert_l=0.17
Fmax range: 5..3396 N | L range sample: [0.229942 0.326094]
csv: trial=98 run=eval kine_score=-61.652 duty=0.449 knee_min=11.15 cadence=1.333 stayed_up=True
standing solve: nnls x in [0.00, 0.61], >0.1: 17 muscles
  top: tib_ant_r=0.61, tib_ant_l=0.60, ext_dig_r=0.38, ext_dig_l=0.38, ercspn_r=0.18, ercspn_l=0.18, per_tert_r=0.18, per_tert_l=0.17
Fmax range: 5..3396 N | L range sample: [0.229942 0.326094]
csv: trial=99 run=eval kine_score=-61.531 duty=0.480 knee_min=10.74 cadence=1.333 stayed_up=True
standing solve: nnls x in [0.00, 0.60], >0.1: 16 muscles
  top: tib_ant_r=0.60, tib_ant_l=0.60, ext_dig_r=0.38, ext_dig_l=0.38, ercspn_r=0.18, ercspn_l=0.18, per_tert_r=0.18, per_tert_l=0.18
Fmax range: 5..3396 N | L range sample: [0.229942 0.326094]
csv: trial=100 run=eval kine_score=-61.574 duty=0.469 knee_min=11.37 cadence=1.333 stayed_up=True
standing solve: nnls x in [0.00, 0.60], >0.1: 16 muscles
  top: tib_ant_r=0.60, tib_ant_l=0.60, ext_dig_r=0.38, ext_dig_l=0.38, ercspn_r=0.18, ercspn_l=0.18, per_tert_r=0.18, per_tert_l=0.17
Fmax range: 5..3396 N | L range sample: [0.229942 0.326094]
csv: trial=101 run=eval kine_score=-61.289 duty=0.438 knee_min=11.02 cadence=1.067 stayed_up=True
standing solve: nnls x in [0.00, 0.61], >0.1: 22 muscles
  top: tib_ant_r=0.61, tib_ant_l=0.60, ext_dig_r=0.39, ext_dig_l=0.39, ercspn_r=0.18, ercspn_l=0.18, per_tert_r=0.17, per_tert_l=0.17
Fmax range: 5..3396 N | L range sample: [0.229942 0.326094]
csv: trial=102 run=eval kine_score=-61.278 duty=0.471 knee_min=10.86 cadence=1.200 stayed_up=True
standing solve: nnls x in [0.00, 0.60], >0.1: 16 muscles
  top: tib_ant_r=0.60, tib_ant_l=0.60, ext_dig_r=0.38, ext_dig_l=0.38, ercspn_r=0.18, ercspn_l=0.18, per_tert_r=0.18, per_tert_l=0.18
Fmax range: 5..3396 N | L range sample: [0.229942 0.326094]
csv: trial=103 run=eval kine_score=-61.281 duty=0.475 knee_min=11.00 cadence=1.067 stayed_up=True
standing solve: nnls x in [0.00, 0.60], >0.1: 8 muscles
  top: tib_ant_r=0.60, tib_ant_l=0.60, ext_dig_r=0.37, ext_dig_l=0.37, ercspn_r=0.18, ercspn_l=0.18, per_tert_r=0.18, per_tert_l=0.18
Fmax range: 5..3396 N | L range sample: [0.229942 0.326094]
csv: trial=104 run=eval kine_score=-61.523 duty=0.397 knee_min=11.02 cadence=1.067 stayed_up=True
standing solve: nnls x in [0.00, 0.61], >0.1: 20 muscles
  top: tib_ant_r=0.61, tib_ant_l=0.60, ext_dig_r=0.39, ext_dig_l=0.39, ercspn_r=0.18, ercspn_l=0.18, per_tert_r=0.17, per_tert_l=0.17
Fmax range: 5..3396 N | L range sample: [0.229942 0.326094]
csv: trial=105 run=eval kine_score=-61.044 duty=0.477 knee_min=10.70 cadence=1.067 stayed_up=True
NEW GLOBAL BEST -61.044 (trial 105) - running full 22 s capture
standing solve: nnls x in [0.00, 0.61], >0.1: 20 muscles
  top: tib_ant_r=0.61, tib_ant_l=0.60, ext_dig_r=0.39, ext_dig_l=0.39, ercspn_r=0.18, ercspn_l=0.18, per_tert_r=0.17, per_tert_l=0.17
Fmax range: 5..3396 N | L range sample: [0.229942 0.326094]
t=  1.00 max|qacc|=      12.8 max|qvel|=   0.69 ncon=  8 com_z=0.945 com_x=-0.147
t=  1.50 max|qacc|=       9.7 max|qvel|=   0.18 ncon=  8 com_z=0.927 com_x=-0.197
t=  2.00 max|qacc|=      45.4 max|qvel|=   0.35 ncon=  8 com_z=0.928 com_x=-0.205
t=  2.50 max|qacc|=      24.6 max|qvel|=   0.16 ncon=  8 com_z=0.923 com_x=-0.218
t=  3.00 max|qacc|=       6.7 max|qvel|=   0.23 ncon=  8 com_z=0.921 com_x=-0.226
t=  3.50 max|qacc|=       4.8 max|qvel|=   0.26 ncon=  8 com_z=0.915 com_x=-0.234
t=  4.00 max|qacc|=      12.3 max|qvel|=   0.37 ncon=  8 com_z=0.887 com_x=-0.265
t=  4.50 max|qacc|=      30.7 max|qvel|=   0.34 ncon=  8 com_z=0.877 com_x=-0.280
t=  5.00 max|qacc|=      44.1 max|qvel|=   1.55 ncon=  8 com_z=0.873 com_x=-0.287
t=  5.50 max|qacc|=      56.8 max|qvel|=   0.94 ncon=  8 com_z=0.862 com_x=-0.300
t=  6.00 max|qacc|=      32.3 max|qvel|=   1.00 ncon=  8 com_z=0.864 com_x=-0.299
t=  6.50 max|qacc|=      15.2 max|qvel|=   0.66 ncon=  8 com_z=0.862 com_x=-0.297
t=  7.00 max|qacc|=      59.8 max|qvel|=   0.45 ncon=  8 com_z=0.858 com_x=-0.296
t=  7.50 max|qacc|=     321.1 max|qvel|=   0.69 ncon=  8 com_z=0.858 com_x=-0.289
t=  8.00 max|qacc|=      35.6 max|qvel|=   0.66 ncon=  8 com_z=0.856 com_x=-0.283
t=  8.50 max|qacc|=      23.4 max|qvel|=   0.68 ncon=  8 com_z=0.854 com_x=-0.277
t=  9.00 max|qacc|=       8.0 max|qvel|=   0.36 ncon=  7 com_z=0.853 com_x=-0.271
t=  9.50 max|qacc|=      36.0 max|qvel|=   1.16 ncon=  7 com_z=0.851 com_x=-0.264
t= 10.00 max|qacc|=      85.8 max|qvel|=   0.67 ncon=  7 com_z=0.851 com_x=-0.256
t= 10.50 max|qacc|=      12.1 max|qvel|=   0.50 ncon=  7 com_z=0.849 com_x=-0.248
t= 11.00 max|qacc|=      13.3 max|qvel|=   0.35 ncon=  7 com_z=0.849 com_x=-0.241
t= 11.50 max|qacc|=      22.4 max|qvel|=   0.43 ncon=  7 com_z=0.848 com_x=-0.235
t= 12.00 max|qacc|=     207.3 max|qvel|=   0.82 ncon=  6 com_z=0.847 com_x=-0.228
t= 12.50 max|qacc|=      19.4 max|qvel|=   0.95 ncon=  6 com_z=0.847 com_x=-0.220
t= 13.00 max|qacc|=      10.7 max|qvel|=   0.18 ncon=  7 com_z=0.846 com_x=-0.214
t= 13.50 max|qacc|=       5.5 max|qvel|=   0.23 ncon=  6 com_z=0.845 com_x=-0.208
t= 14.00 max|qacc|=      42.2 max|qvel|=   0.75 ncon=  5 com_z=0.845 com_x=-0.203
t= 14.50 max|qacc|=      46.5 max|qvel|=   0.82 ncon=  5 com_z=0.844 com_x=-0.197
t= 15.00 max|qacc|=      73.3 max|qvel|=   0.59 ncon=  6 com_z=0.844 com_x=-0.191
t= 15.50 max|qacc|=      94.5 max|qvel|=   0.31 ncon=  5 com_z=0.845 com_x=-0.185
t= 16.00 max|qacc|=      59.9 max|qvel|=   0.65 ncon=  4 com_z=0.860 com_x=-0.171
t= 16.50 max|qacc|=      65.0 max|qvel|=   1.20 ncon=  2 com_z=0.878 com_x=-0.153
t= 17.00 max|qacc|=       4.3 max|qvel|=   0.86 ncon=  3 com_z=0.900 com_x=-0.131
t= 17.50 max|qacc|=       0.8 max|qvel|=   0.12 ncon=  2 com_z=0.907 com_x=-0.120
t= 18.00 max|qacc|=      20.8 max|qvel|=   1.57 ncon=  3 com_z=0.894 com_x=-0.133
t= 18.50 max|qacc|=      18.5 max|qvel|=   0.67 ncon=  2 com_z=0.890 com_x=-0.140
t= 19.00 max|qacc|=     411.5 max|qvel|=   2.64 ncon=  2 com_z=0.889 com_x=-0.140
t= 19.50 max|qacc|=      16.2 max|qvel|=   1.20 ncon=  3 com_z=0.891 com_x=-0.137
t= 20.00 max|qacc|=      18.0 max|qvel|=   1.01 ncon=  3 com_z=0.891 com_x=-0.137
t= 20.50 max|qacc|=      11.2 max|qvel|=   1.61 ncon=  3 com_z=0.890 com_x=-0.137
t= 21.00 max|qacc|=      36.4 max|qvel|=   0.58 ncon=  2 com_z=0.892 com_x=-0.135
t= 21.50 max|qacc|=     360.8 max|qvel|=   0.95 ncon=  2 com_z=0.891 com_x=-0.136

== summary ==
pelvis/COM height: start 0.96 m, min 0.84 m, final 0.89 m  (stayed up)
COM x: min -0.30 max -0.09 final -0.13 m
COM y: min -0.009 max +0.010 m
RG_F_r bursts during walk window: 0
RG_r: cycles in window 13, period 0.82 s (1.22 Hz), E-duty 0.29
RG_l: cycles in window 13, period 0.82 s (1.22 Hz), E-duty 0.13
peak ctrl: [0.35 0.75 0.64 0.83 0.43 0.69 0.67 0.49 0.43 0.23 0.37 0.76 0.64 0.82
 0.43 0.7  0.69 0.5  0.43 0.24] (('vas_lat_r', 'med_gas_r', 'soleus_r', 'tib_ant_r', 'psoas_r', 'semimem_r', 'glut_max2_r', 'rect_fem_r', 'sar_r', 'grac_r', 'vas_lat_l', 'med_gas_l', 'soleus_l', 'tib_ant_l', 'psoas_l', 'semimem_l', 'glut_max2_l', 'rect_fem_l', 'sar_l', 'grac_l'))
  hip_flexion_r         -6.4 ..    29.5 deg
  knee_angle_r         -14.5 ..    29.0 deg
  ankle_angle_r        -42.1 ..     0.0 deg
  hip_adduction_r       -2.3 ..    12.9 deg
  subtalar_angle_r      -1.1 ..    18.3 deg
  hip_flexion_l         -5.3 ..    28.4 deg
  knee_angle_l         -10.5 ..    30.7 deg
  ankle_angle_l        -45.5 ..     0.0 deg
  hip_adduction_l       -2.3 ..    13.6 deg
  subtalar_angle_l      -0.3 ..    17.9 deg
  pelvis_tilt           -0.0 ..    36.4 deg
  pelvis_list           -1.2 ..     1.3 deg
  pelvis_rotation       -1.6 ..     1.7 deg
saved spinal_run.npz
saved spinal_run.png
csv: trial=105 run=full22 kine_score=-62.988 duty=0.479 knee_min=9.94 cadence=1.200 stayed_up=True
full22 capture: trial 105 kine_score -62.988 -> v5_best_trial105.npz
standing solve: nnls x in [0.00, 0.60], >0.1: 16 muscles
  top: tib_ant_r=0.60, tib_ant_l=0.60, ext_dig_r=0.38, ext_dig_l=0.38, ercspn_r=0.18, ercspn_l=0.18, per_tert_r=0.18, per_tert_l=0.18
Fmax range: 5..3396 N | L range sample: [0.229942 0.326094]
csv: trial=106 run=eval kine_score=-61.317 duty=0.481 knee_min=10.54 cadence=1.067 stayed_up=True
standing solve: nnls x in [0.00, 0.61], >0.1: 20 muscles
  top: tib_ant_r=0.61, tib_ant_l=0.60, ext_dig_r=0.39, ext_dig_l=0.39, ercspn_r=0.18, ercspn_l=0.18, per_tert_r=0.17, per_tert_l=0.17
Fmax range: 5..3396 N | L range sample: [0.229942 0.326094]
csv: trial=107 run=eval kine_score=-61.189 duty=0.477 knee_min=10.98 cadence=0.933 stayed_up=True
standing solve: nnls x in [0.00, 0.61], >0.1: 20 muscles
  top: tib_ant_r=0.61, tib_ant_l=0.60, ext_dig_r=0.39, ext_dig_l=0.39, ercspn_r=0.18, ercspn_l=0.18, per_tert_r=0.17, per_tert_l=0.17
Fmax range: 5..3396 N | L range sample: [0.229942 0.326094]
csv: trial=108 run=eval kine_score=-61.281 duty=0.468 knee_min=11.42 cadence=1.200 stayed_up=True
standing solve: nnls x in [0.00, 0.61], >0.1: 19 muscles
  top: tib_ant_r=0.61, tib_ant_l=0.60, ext_dig_r=0.38, ext_dig_l=0.38, ercspn_r=0.18, ercspn_l=0.18, per_tert_r=0.17, per_tert_l=0.17
Fmax range: 5..3396 N | L range sample: [0.229942 0.326094]
csv: trial=109 run=eval kine_score=-61.444 duty=0.419 knee_min=10.77 cadence=1.067 stayed_up=True
standing solve: nnls x in [0.00, 0.61], >0.1: 22 muscles
  top: tib_ant_r=0.61, tib_ant_l=0.60, ext_dig_r=0.39, ext_dig_l=0.39, ercspn_r=0.18, ercspn_l=0.18, per_tert_r=0.17, per_tert_l=0.17
Fmax range: 5..3396 N | L range sample: [0.229942 0.326094]
csv: trial=110 run=eval kine_score=-61.467 duty=0.392 knee_min=11.50 cadence=1.200 stayed_up=True
standing solve: nnls x in [0.00, 0.61], >0.1: 17 muscles
  top: tib_ant_r=0.61, tib_ant_l=0.60, ext_dig_r=0.38, ext_dig_l=0.38, ercspn_r=0.18, ercspn_l=0.18, per_tert_r=0.17, per_tert_l=0.17
Fmax range: 5..3396 N | L range sample: [0.229942 0.326094]
csv: trial=111 run=eval kine_score=-61.194 duty=0.472 knee_min=10.80 cadence=1.200 stayed_up=True
standing solve: nnls x in [0.00, 0.61], >0.1: 23 muscles
  top: tib_ant_r=0.61, tib_ant_l=0.60, ext_dig_r=0.39, ext_dig_l=0.39, ercspn_r=0.18, ercspn_l=0.18, glut_min1_l=0.18, glut_min1_r=0.18
Fmax range: 5..3396 N | L range sample: [0.229942 0.326094]
csv: trial=112 run=eval kine_score=-61.564 duty=0.480 knee_min=11.01 cadence=1.200 stayed_up=True
standing solve: nnls x in [0.00, 0.61], >0.1: 24 muscles
  top: tib_ant_r=0.61, tib_ant_l=0.60, ext_dig_r=0.39, ext_dig_l=0.38, ercspn_r=0.18, ercspn_l=0.18, per_tert_r=0.17, per_tert_l=0.17
Fmax range: 5..3396 N | L range sample: [0.229942 0.326094]
csv: trial=113 run=eval kine_score=-61.276 duty=0.477 knee_min=10.71 cadence=0.933 stayed_up=True
standing solve: nnls x in [0.00, 0.61], >0.1: 17 muscles
  top: tib_ant_r=0.61, tib_ant_l=0.60, ext_dig_r=0.38, ext_dig_l=0.38, ercspn_r=0.18, ercspn_l=0.18, per_tert_r=0.18, per_tert_l=0.17
Fmax range: 5..3396 N | L range sample: [0.229942 0.326094]
csv: trial=114 run=eval kine_score=-61.242 duty=0.473 knee_min=10.70 cadence=1.067 stayed_up=True
standing solve: nnls x in [0.00, 0.61], >0.1: 18 muscles
  top: tib_ant_r=0.61, tib_ant_l=0.60, ext_dig_r=0.38, ext_dig_l=0.38, ercspn_r=0.18, ercspn_l=0.18, per_tert_r=0.17, per_tert_l=0.17
Fmax range: 5..3396 N | L range sample: [0.229942 0.326094]
csv: trial=115 run=eval kine_score=-61.429 duty=0.377 knee_min=11.19 cadence=1.067 stayed_up=True
standing solve: nnls x in [0.00, 0.61], >0.1: 29 muscles
  top: tib_ant_r=0.61, tib_ant_l=0.61, ext_dig_r=0.40, ext_dig_l=0.40, glut_min1_l=0.19, add_long_l=0.19, glut_min1_r=0.19, glut_min3_l=0.19
Fmax range: 5..3396 N | L range sample: [0.229942 0.326094]
csv: trial=116 run=eval kine_score=-61.399 duty=0.471 knee_min=10.78 cadence=1.200 stayed_up=True
standing solve: nnls x in [0.00, 0.61], >0.1: 26 muscles
  top: tib_ant_r=0.61, tib_ant_l=0.60, ext_dig_r=0.39, ext_dig_l=0.39, ercspn_r=0.18, ercspn_l=0.18, per_tert_r=0.17, per_tert_l=0.17
Fmax range: 5..3396 N | L range sample: [0.229942 0.326094]
csv: trial=117 run=eval kine_score=-61.783 duty=0.490 knee_min=10.53 cadence=1.200 stayed_up=True
standing solve: nnls x in [0.00, 0.61], >0.1: 22 muscles
  top: tib_ant_r=0.61, tib_ant_l=0.60, ext_dig_r=0.39, ext_dig_l=0.39, ercspn_r=0.18, ercspn_l=0.18, per_tert_r=0.17, per_tert_l=0.17
Fmax range: 5..3396 N | L range sample: [0.229942 0.326094]
csv: trial=118 run=eval kine_score=-61.237 duty=0.479 knee_min=10.69 cadence=1.067 stayed_up=True
standing solve: nnls x in [0.00, 0.60], >0.1: 16 muscles
  top: tib_ant_r=0.60, tib_ant_l=0.60, ext_dig_r=0.38, ext_dig_l=0.38, ercspn_r=0.18, ercspn_l=0.18, per_tert_r=0.18, per_tert_l=0.18
Fmax range: 5..3396 N | L range sample: [0.229942 0.326094]
csv: trial=119 run=eval kine_score=-61.129 duty=0.482 knee_min=10.62 cadence=0.933 stayed_up=True
standing solve: nnls x in [0.00, 0.61], >0.1: 22 muscles
  top: tib_ant_r=0.61, tib_ant_l=0.60, ext_dig_r=0.39, ext_dig_l=0.39, ercspn_r=0.18, ercspn_l=0.18, glut_min1_l=0.17, glut_min3_l=0.17
Fmax range: 5..3396 N | L range sample: [0.229942 0.326094]
csv: trial=120 run=eval kine_score=-61.275 duty=0.473 knee_min=11.12 cadence=1.200 stayed_up=True
standing solve: nnls x in [0.00, 0.61], >0.1: 24 muscles
  top: tib_ant_r=0.61, tib_ant_l=0.61, ext_dig_r=0.40, ext_dig_l=0.40, glut_min1_l=0.19, glut_min3_l=0.19, glut_min3_r=0.19, glut_min1_r=0.19
Fmax range: 5..3396 N | L range sample: [0.229942 0.326094]
csv: trial=121 run=eval kine_score=-61.402 duty=0.455 knee_min=11.51 cadence=1.333 stayed_up=True
standing solve: nnls x in [0.00, 0.61], >0.1: 19 muscles
  top: tib_ant_r=0.61, tib_ant_l=0.60, ext_dig_r=0.39, ext_dig_l=0.38, ercspn_r=0.18, ercspn_l=0.18, per_tert_r=0.17, per_tert_l=0.17
Fmax range: 5..3396 N | L range sample: [0.229942 0.326094]
csv: trial=122 run=eval kine_score=-61.692 duty=0.340 knee_min=10.60 cadence=0.933 stayed_up=True
standing solve: nnls x in [0.00, 0.61], >0.1: 19 muscles
  top: tib_ant_r=0.61, tib_ant_l=0.60, ext_dig_r=0.39, ext_dig_l=0.38, ercspn_r=0.18, ercspn_l=0.18, per_tert_r=0.17, per_tert_l=0.17
Fmax range: 5..3396 N | L range sample: [0.229942 0.326094]
csv: trial=123 run=eval kine_score=-61.273 duty=0.475 knee_min=10.75 cadence=1.200 stayed_up=True
standing solve: nnls x in [0.00, 0.61], >0.1: 17 muscles
  top: tib_ant_r=0.61, tib_ant_l=0.60, ext_dig_r=0.38, ext_dig_l=0.38, ercspn_r=0.18, ercspn_l=0.18, per_tert_r=0.17, per_tert_l=0.17
Fmax range: 5..3396 N | L range sample: [0.229942 0.326094]
csv: trial=124 run=eval kine_score=-61.020 duty=0.463 knee_min=10.89 cadence=1.067 stayed_up=True
NEW GLOBAL BEST -61.020 (trial 124) - running full 22 s capture
standing solve: nnls x in [0.00, 0.61], >0.1: 17 muscles
  top: tib_ant_r=0.61, tib_ant_l=0.60, ext_dig_r=0.38, ext_dig_l=0.38, ercspn_r=0.18, ercspn_l=0.18, per_tert_r=0.17, per_tert_l=0.17
Fmax range: 5..3396 N | L range sample: [0.229942 0.326094]
t=  1.00 max|qacc|=      11.8 max|qvel|=   0.67 ncon=  8 com_z=0.945 com_x=-0.147
t=  1.50 max|qacc|=      15.8 max|qvel|=   0.16 ncon=  8 com_z=0.928 com_x=-0.195
t=  2.00 max|qacc|=      45.1 max|qvel|=   0.29 ncon=  8 com_z=0.929 com_x=-0.203
t=  2.50 max|qacc|=      59.3 max|qvel|=   0.21 ncon=  8 com_z=0.924 com_x=-0.217
t=  3.00 max|qacc|=       7.7 max|qvel|=   0.31 ncon=  8 com_z=0.922 com_x=-0.225
t=  3.50 max|qacc|=      15.5 max|qvel|=   0.32 ncon=  8 com_z=0.916 com_x=-0.232
t=  4.00 max|qacc|=       6.6 max|qvel|=   0.36 ncon=  8 com_z=0.888 com_x=-0.263
t=  4.50 max|qacc|=      29.1 max|qvel|=   0.39 ncon=  8 com_z=0.877 com_x=-0.278
t=  5.00 max|qacc|=      40.8 max|qvel|=   1.61 ncon=  8 com_z=0.875 com_x=-0.284
t=  5.50 max|qacc|=      27.4 max|qvel|=   1.15 ncon=  8 com_z=0.863 com_x=-0.296
t=  6.00 max|qacc|=      31.1 max|qvel|=   0.71 ncon=  8 com_z=0.866 com_x=-0.294
t=  6.50 max|qacc|=     236.5 max|qvel|=   0.90 ncon=  8 com_z=0.864 com_x=-0.292
t=  7.00 max|qacc|=      31.9 max|qvel|=   0.70 ncon=  8 com_z=0.861 com_x=-0.290
t=  7.50 max|qacc|=      15.0 max|qvel|=   0.38 ncon=  8 com_z=0.860 com_x=-0.285
t=  8.00 max|qacc|=      47.7 max|qvel|=   0.62 ncon=  7 com_z=0.858 com_x=-0.280
t=  8.50 max|qacc|=      33.4 max|qvel|=   1.27 ncon=  7 com_z=0.856 com_x=-0.273
t=  9.00 max|qacc|=      40.1 max|qvel|=   0.43 ncon=  8 com_z=0.855 com_x=-0.266
t=  9.50 max|qacc|=      31.3 max|qvel|=   0.53 ncon=  7 com_z=0.854 com_x=-0.259
t= 10.00 max|qacc|=      37.6 max|qvel|=   0.52 ncon=  8 com_z=0.853 com_x=-0.252
t= 10.50 max|qacc|=       3.3 max|qvel|=   0.26 ncon=  7 com_z=0.852 com_x=-0.246
t= 11.00 max|qacc|=      41.0 max|qvel|=   0.46 ncon=  6 com_z=0.850 com_x=-0.239
t= 11.50 max|qacc|=      43.5 max|qvel|=   0.96 ncon=  6 com_z=0.850 com_x=-0.232
t= 12.00 max|qacc|=      24.4 max|qvel|=   0.47 ncon=  6 com_z=0.849 com_x=-0.225
t= 12.50 max|qacc|=      19.4 max|qvel|=   0.77 ncon=  6 com_z=0.849 com_x=-0.217
t= 13.00 max|qacc|=      50.0 max|qvel|=   0.17 ncon=  7 com_z=0.848 com_x=-0.212
t= 13.50 max|qacc|=      36.2 max|qvel|=   0.20 ncon=  6 com_z=0.848 com_x=-0.206
t= 14.00 max|qacc|=      60.2 max|qvel|=   0.32 ncon=  5 com_z=0.847 com_x=-0.201
t= 14.50 max|qacc|=      72.2 max|qvel|=   0.72 ncon=  5 com_z=0.846 com_x=-0.196
t= 15.00 max|qacc|=      28.2 max|qvel|=   0.88 ncon=  5 com_z=0.846 com_x=-0.190
t= 15.50 max|qacc|=      19.8 max|qvel|=   0.53 ncon=  5 com_z=0.847 com_x=-0.184
t= 16.00 max|qacc|=      73.9 max|qvel|=   0.33 ncon=  4 com_z=0.862 com_x=-0.170
t= 16.50 max|qacc|=      12.8 max|qvel|=   0.45 ncon=  2 com_z=0.880 com_x=-0.152
t= 17.00 max|qacc|=       2.2 max|qvel|=   0.78 ncon=  3 com_z=0.902 com_x=-0.130
t= 17.50 max|qacc|=       0.7 max|qvel|=   0.11 ncon=  2 com_z=0.908 com_x=-0.119
t= 18.00 max|qacc|=      18.1 max|qvel|=   1.34 ncon=  3 com_z=0.896 com_x=-0.131
t= 18.50 max|qacc|=      19.8 max|qvel|=   0.51 ncon=  3 com_z=0.891 com_x=-0.140
t= 19.00 max|qacc|=      11.6 max|qvel|=   1.68 ncon=  2 com_z=0.890 com_x=-0.139
t= 19.50 max|qacc|=      59.2 max|qvel|=   1.17 ncon=  3 com_z=0.893 com_x=-0.136
t= 20.00 max|qacc|=     217.5 max|qvel|=   1.41 ncon=  3 com_z=0.891 com_x=-0.137
t= 20.50 max|qacc|=      25.6 max|qvel|=   0.79 ncon=  2 com_z=0.893 com_x=-0.135
t= 21.00 max|qacc|=      94.4 max|qvel|=   3.59 ncon=  2 com_z=0.892 com_x=-0.136
t= 21.50 max|qacc|=      15.1 max|qvel|=   1.35 ncon=  3 com_z=0.892 com_x=-0.134

== summary ==
pelvis/COM height: start 0.96 m, min 0.85 m, final 0.89 m  (stayed up)
COM x: min -0.30 max -0.09 final -0.13 m
COM y: min -0.014 max +0.012 m
RG_F_r bursts during walk window: 1
RG_r: cycles in window 12, period 0.86 s (1.16 Hz), E-duty 0.29
RG_l: cycles in window 12, period 0.86 s (1.16 Hz), E-duty 0.11
peak ctrl: [0.36 0.74 0.63 0.82 0.42 0.67 0.68 0.49 0.42 0.23 0.35 0.73 0.63 0.81
 0.41 0.66 0.66 0.47 0.41 0.22] (('vas_lat_r', 'med_gas_r', 'soleus_r', 'tib_ant_r', 'psoas_r', 'semimem_r', 'glut_max2_r', 'rect_fem_r', 'sar_r', 'grac_r', 'vas_lat_l', 'med_gas_l', 'soleus_l', 'tib_ant_l', 'psoas_l', 'semimem_l', 'glut_max2_l', 'rect_fem_l', 'sar_l', 'grac_l'))
  hip_flexion_r         -7.5 ..    28.6 deg
  knee_angle_r         -16.1 ..    28.6 deg
  ankle_angle_r        -42.1 ..     0.0 deg
  hip_adduction_r       -2.1 ..    13.1 deg
  subtalar_angle_r      -1.2 ..    18.5 deg
  hip_flexion_l         -5.9 ..    28.1 deg
  knee_angle_l         -11.5 ..    30.4 deg
  ankle_angle_l        -45.5 ..     0.0 deg
  hip_adduction_l       -1.9 ..    13.7 deg
  subtalar_angle_l       0.0 ..    17.8 deg
  pelvis_tilt           -0.0 ..    35.8 deg
  pelvis_list           -1.3 ..     1.2 deg
  pelvis_rotation       -1.6 ..     2.0 deg
saved spinal_run.npz
saved spinal_run.png
csv: trial=124 run=full22 kine_score=-62.979 duty=0.455 knee_min=10.00 cadence=1.100 stayed_up=True
full22 capture: trial 124 kine_score -62.979 -> v5_best_trial124.npz
standing solve: nnls x in [0.00, 0.61], >0.1: 17 muscles
  top: tib_ant_r=0.61, tib_ant_l=0.60, ext_dig_r=0.38, ext_dig_l=0.38, ercspn_r=0.18, ercspn_l=0.18, per_tert_r=0.18, per_tert_l=0.17
Fmax range: 5..3396 N | L range sample: [0.229942 0.326094]
csv: trial=125 run=eval kine_score=-61.427 duty=0.427 knee_min=11.32 cadence=1.200 stayed_up=True
standing solve: nnls x in [0.00, 0.61], >0.1: 17 muscles
  top: tib_ant_r=0.61, tib_ant_l=0.60, ext_dig_r=0.38, ext_dig_l=0.38, ercspn_r=0.18, ercspn_l=0.18, per_tert_r=0.18, per_tert_l=0.17
Fmax range: 5..3396 N | L range sample: [0.229942 0.326094]
csv: trial=126 run=eval kine_score=-61.228 duty=0.480 knee_min=10.71 cadence=1.067 stayed_up=True
standing solve: nnls x in [0.00, 0.61], >0.1: 17 muscles
  top: tib_ant_r=0.61, tib_ant_l=0.60, ext_dig_r=0.38, ext_dig_l=0.38, ercspn_r=0.18, ercspn_l=0.18, per_tert_r=0.18, per_tert_l=0.17
Fmax range: 5..3396 N | L range sample: [0.229942 0.326094]
csv: trial=127 run=eval kine_score=-61.230 duty=0.443 knee_min=11.36 cadence=1.067 stayed_up=True
standing solve: nnls x in [0.00, 0.60], >0.1: 16 muscles
  top: tib_ant_r=0.60, tib_ant_l=0.60, ext_dig_r=0.38, ext_dig_l=0.38, ercspn_r=0.18, ercspn_l=0.18, per_tert_r=0.18, per_tert_l=0.17
Fmax range: 5..3396 N | L range sample: [0.229942 0.326094]
csv: trial=128 run=eval kine_score=-61.253 duty=0.474 knee_min=10.82 cadence=1.067 stayed_up=True
standing solve: nnls x in [0.00, 0.60], >0.1: 16 muscles
  top: tib_ant_r=0.60, tib_ant_l=0.60, ext_dig_r=0.38, ext_dig_l=0.38, ercspn_r=0.18, ercspn_l=0.18, per_tert_r=0.18, per_tert_l=0.18
Fmax range: 5..3396 N | L range sample: [0.229942 0.326094]
csv: trial=129 run=eval kine_score=-61.457 duty=0.433 knee_min=10.71 cadence=1.067 stayed_up=True
standing solve: nnls x in [0.00, 0.60], >0.1: 16 muscles
  top: tib_ant_r=0.60, tib_ant_l=0.60, ext_dig_r=0.38, ext_dig_l=0.38, ercspn_r=0.18, ercspn_l=0.18, per_tert_r=0.18, per_tert_l=0.17
Fmax range: 5..3396 N | L range sample: [0.229942 0.326094]
csv: trial=130 run=eval kine_score=-61.088 duty=0.474 knee_min=10.96 cadence=1.067 stayed_up=True
standing solve: nnls x in [0.00, 0.61], >0.1: 28 muscles
  top: tib_ant_r=0.61, tib_ant_l=0.60, ext_dig_r=0.39, ext_dig_l=0.39, ercspn_r=0.18, ercspn_l=0.18, per_tert_r=0.17, per_tert_l=0.17
Fmax range: 5..3396 N | L range sample: [0.229942 0.326094]
csv: trial=131 run=eval kine_score=-60.987 duty=0.477 knee_min=10.70 cadence=0.933 stayed_up=True
NEW GLOBAL BEST -60.987 (trial 131) - running full 22 s capture
standing solve: nnls x in [0.00, 0.61], >0.1: 28 muscles
  top: tib_ant_r=0.61, tib_ant_l=0.60, ext_dig_r=0.39, ext_dig_l=0.39, ercspn_r=0.18, ercspn_l=0.18, per_tert_r=0.17, per_tert_l=0.17
Fmax range: 5..3396 N | L range sample: [0.229942 0.326094]
t=  1.00 max|qacc|=      10.5 max|qvel|=   0.71 ncon=  8 com_z=0.944 com_x=-0.149
t=  1.50 max|qacc|=       3.4 max|qvel|=   0.24 ncon=  8 com_z=0.924 com_x=-0.200
t=  2.00 max|qacc|=     331.0 max|qvel|=   0.38 ncon=  8 com_z=0.924 com_x=-0.210
t=  2.50 max|qacc|=      74.6 max|qvel|=   0.32 ncon=  8 com_z=0.923 com_x=-0.218
t=  3.00 max|qacc|=      39.0 max|qvel|=   0.29 ncon=  8 com_z=0.920 com_x=-0.227
t=  3.50 max|qacc|=       9.9 max|qvel|=   0.21 ncon=  8 com_z=0.913 com_x=-0.235
t=  4.00 max|qacc|=       7.8 max|qvel|=   0.37 ncon=  8 com_z=0.885 com_x=-0.265
t=  4.50 max|qacc|=       9.5 max|qvel|=   0.39 ncon=  8 com_z=0.876 com_x=-0.280
t=  5.00 max|qacc|=      11.2 max|qvel|=   0.31 ncon=  7 com_z=0.873 com_x=-0.288
t=  5.50 max|qacc|=     114.2 max|qvel|=   0.98 ncon=  7 com_z=0.859 com_x=-0.302
t=  6.00 max|qacc|=      33.5 max|qvel|=   1.34 ncon=  8 com_z=0.863 com_x=-0.300
t=  6.50 max|qacc|=      36.0 max|qvel|=   1.22 ncon=  8 com_z=0.860 com_x=-0.297
t=  7.00 max|qacc|=     135.5 max|qvel|=   0.79 ncon=  8 com_z=0.857 com_x=-0.294
t=  7.50 max|qacc|=      39.2 max|qvel|=   0.61 ncon=  8 com_z=0.856 com_x=-0.288
t=  8.00 max|qacc|=      39.3 max|qvel|=   0.39 ncon=  8 com_z=0.854 com_x=-0.283
t=  8.50 max|qacc|=      26.3 max|qvel|=   0.70 ncon=  8 com_z=0.853 com_x=-0.277
t=  9.00 max|qacc|=       7.6 max|qvel|=   0.32 ncon=  7 com_z=0.852 com_x=-0.270
t=  9.50 max|qacc|=      16.0 max|qvel|=   0.26 ncon=  6 com_z=0.849 com_x=-0.263
t= 10.00 max|qacc|=      36.4 max|qvel|=   0.58 ncon=  7 com_z=0.849 com_x=-0.255
t= 10.50 max|qacc|=      88.4 max|qvel|=   1.30 ncon=  6 com_z=0.847 com_x=-0.248
t= 11.00 max|qacc|=      29.1 max|qvel|=   1.26 ncon=  6 com_z=0.847 com_x=-0.240
t= 11.50 max|qacc|=      98.0 max|qvel|=   0.91 ncon=  7 com_z=0.845 com_x=-0.232
t= 12.00 max|qacc|=      54.4 max|qvel|=   0.89 ncon=  6 com_z=0.846 com_x=-0.224
t= 12.50 max|qacc|=      18.9 max|qvel|=   0.23 ncon=  7 com_z=0.844 com_x=-0.218
t= 13.00 max|qacc|=       5.5 max|qvel|=   0.24 ncon=  6 com_z=0.845 com_x=-0.211
t= 13.50 max|qacc|=      38.0 max|qvel|=   0.26 ncon=  6 com_z=0.843 com_x=-0.206
t= 14.00 max|qacc|=      24.6 max|qvel|=   0.35 ncon=  6 com_z=0.843 com_x=-0.200
t= 14.50 max|qacc|=     126.8 max|qvel|=   0.37 ncon=  5 com_z=0.842 com_x=-0.195
t= 15.00 max|qacc|=     104.2 max|qvel|=   0.56 ncon=  4 com_z=0.842 com_x=-0.190
t= 15.50 max|qacc|=     154.4 max|qvel|=   0.54 ncon=  5 com_z=0.843 com_x=-0.184
t= 16.00 max|qacc|=      42.6 max|qvel|=   0.19 ncon=  4 com_z=0.858 com_x=-0.169
t= 16.50 max|qacc|=       6.4 max|qvel|=   0.74 ncon=  2 com_z=0.878 com_x=-0.151
t= 17.00 max|qacc|=       2.7 max|qvel|=   0.88 ncon=  3 com_z=0.899 com_x=-0.131
t= 17.50 max|qacc|=       1.0 max|qvel|=   0.11 ncon=  2 com_z=0.905 com_x=-0.120
t= 18.00 max|qacc|=      18.5 max|qvel|=   1.86 ncon=  3 com_z=0.891 com_x=-0.134
t= 18.50 max|qacc|=      26.0 max|qvel|=   0.83 ncon=  3 com_z=0.886 com_x=-0.142
t= 19.00 max|qacc|=      53.3 max|qvel|=   0.88 ncon=  3 com_z=0.887 com_x=-0.140
t= 19.50 max|qacc|=      21.2 max|qvel|=   1.43 ncon=  3 com_z=0.888 com_x=-0.138
t= 20.00 max|qacc|=      19.2 max|qvel|=   0.69 ncon=  3 com_z=0.888 com_x=-0.138
t= 20.50 max|qacc|=      28.7 max|qvel|=   1.62 ncon=  2 com_z=0.888 com_x=-0.138
t= 21.00 max|qacc|=      42.9 max|qvel|=   1.12 ncon=  3 com_z=0.889 com_x=-0.137
t= 21.50 max|qacc|=     249.0 max|qvel|=   1.05 ncon=  3 com_z=0.888 com_x=-0.138

== summary ==
pelvis/COM height: start 0.96 m, min 0.84 m, final 0.89 m  (stayed up)
COM x: min -0.30 max -0.09 final -0.14 m
COM y: min -0.015 max +0.014 m
RG_F_r bursts during walk window: 1
RG_r: cycles in window 12, period 0.90 s (1.11 Hz), E-duty 0.28
RG_l: cycles in window 12, period 0.90 s (1.11 Hz), E-duty 0.10
peak ctrl: [0.37 0.8  0.67 0.84 0.47 0.75 0.72 0.52 0.47 0.26 0.36 0.79 0.66 0.83
 0.46 0.74 0.69 0.51 0.46 0.26] (('vas_lat_r', 'med_gas_r', 'soleus_r', 'tib_ant_r', 'psoas_r', 'semimem_r', 'glut_max2_r', 'rect_fem_r', 'sar_r', 'grac_r', 'vas_lat_l', 'med_gas_l', 'soleus_l', 'tib_ant_l', 'psoas_l', 'semimem_l', 'glut_max2_l', 'rect_fem_l', 'sar_l', 'grac_l'))
  hip_flexion_r         -5.6 ..    30.3 deg
  knee_angle_r         -15.0 ..    30.5 deg
  ankle_angle_r        -42.3 ..     0.0 deg
  hip_adduction_r       -2.2 ..    12.9 deg
  subtalar_angle_r      -1.5 ..    18.5 deg
  hip_flexion_l         -5.3 ..    29.0 deg
  knee_angle_l         -10.9 ..    31.3 deg
  ankle_angle_l        -45.6 ..     0.0 deg
  hip_adduction_l       -2.5 ..    13.9 deg
  subtalar_angle_l      -0.0 ..    17.8 deg
  pelvis_tilt           -0.0 ..    36.9 deg
  pelvis_list           -1.4 ..     1.4 deg
  pelvis_rotation       -1.7 ..     2.2 deg
saved spinal_run.npz
saved spinal_run.png
csv: trial=131 run=full22 kine_score=-62.634 duty=0.448 knee_min=10.00 cadence=1.100 stayed_up=True
full22 capture: trial 131 kine_score -62.634 -> v5_best_trial131.npz
standing solve: nnls x in [0.00, 0.61], >0.1: 22 muscles
  top: tib_ant_r=0.61, tib_ant_l=0.60, ext_dig_r=0.39, ext_dig_l=0.39, ercspn_r=0.18, ercspn_l=0.18, per_tert_r=0.17, per_tert_l=0.17
Fmax range: 5..3396 N | L range sample: [0.229942 0.326094]
csv: trial=132 run=eval kine_score=-61.156 duty=0.455 knee_min=11.20 cadence=1.200 stayed_up=True
standing solve: nnls x in [0.00, 0.60], >0.1: 16 muscles
  top: tib_ant_r=0.60, tib_ant_l=0.60, ext_dig_r=0.38, ext_dig_l=0.38, ercspn_r=0.18, ercspn_l=0.18, per_tert_r=0.18, per_tert_l=0.18
Fmax range: 5..3396 N | L range sample: [0.229942 0.326094]
csv: trial=133 run=eval kine_score=-61.069 duty=0.469 knee_min=10.71 cadence=0.933 stayed_up=True
standing solve: nnls x in [0.00, 0.61], >0.1: 22 muscles
  top: tib_ant_r=0.61, tib_ant_l=0.60, ext_dig_r=0.39, ext_dig_l=0.39, ercspn_r=0.18, ercspn_l=0.18, per_tert_r=0.17, per_tert_l=0.17
Fmax range: 5..3396 N | L range sample: [0.229942 0.326094]
csv: trial=134 run=eval kine_score=-61.315 duty=0.467 knee_min=11.01 cadence=1.200 stayed_up=True
standing solve: nnls x in [0.00, 0.61], >0.1: 17 muscles
  top: tib_ant_r=0.61, tib_ant_l=0.60, ext_dig_r=0.38, ext_dig_l=0.38, ercspn_r=0.18, ercspn_l=0.18, per_tert_r=0.18, per_tert_l=0.17
Fmax range: 5..3396 N | L range sample: [0.229942 0.326094]
csv: trial=135 run=eval kine_score=-61.588 duty=0.369 knee_min=10.52 cadence=0.933 stayed_up=True
standing solve: nnls x in [0.00, 0.60], >0.1: 16 muscles
  top: tib_ant_r=0.60, tib_ant_l=0.60, ext_dig_r=0.38, ext_dig_l=0.38, ercspn_r=0.18, ercspn_l=0.18, per_tert_r=0.18, per_tert_l=0.18
Fmax range: 5..3396 N | L range sample: [0.229942 0.326094]
csv: trial=136 run=eval kine_score=-61.161 duty=0.475 knee_min=10.72 cadence=0.933 stayed_up=True
standing solve: nnls x in [0.00, 0.61], >0.1: 20 muscles
  top: tib_ant_r=0.61, tib_ant_l=0.60, ext_dig_r=0.39, ext_dig_l=0.39, ercspn_r=0.18, ercspn_l=0.18, per_tert_r=0.17, per_tert_l=0.17
Fmax range: 5..3396 N | L range sample: [0.229942 0.326094]
csv: trial=137 run=eval kine_score=-60.987 duty=0.481 knee_min=10.46 cadence=0.933 stayed_up=True
NEW GLOBAL BEST -60.987 (trial 137) - running full 22 s capture
standing solve: nnls x in [0.00, 0.61], >0.1: 20 muscles
  top: tib_ant_r=0.61, tib_ant_l=0.60, ext_dig_r=0.39, ext_dig_l=0.39, ercspn_r=0.18, ercspn_l=0.18, per_tert_r=0.17, per_tert_l=0.17
Fmax range: 5..3396 N | L range sample: [0.229942 0.326094]
t=  1.00 max|qacc|=      11.6 max|qvel|=   0.68 ncon=  8 com_z=0.945 com_x=-0.147
t=  1.50 max|qacc|=      12.5 max|qvel|=   0.29 ncon=  8 com_z=0.927 com_x=-0.197
t=  2.00 max|qacc|=      48.0 max|qvel|=   0.25 ncon=  8 com_z=0.926 com_x=-0.207
t=  2.50 max|qacc|=      70.4 max|qvel|=   0.29 ncon=  8 com_z=0.924 com_x=-0.216
t=  3.00 max|qacc|=      64.6 max|qvel|=   0.45 ncon=  8 com_z=0.922 com_x=-0.225
t=  3.50 max|qacc|=       4.8 max|qvel|=   0.21 ncon=  7 com_z=0.914 com_x=-0.234
t=  4.00 max|qacc|=      14.9 max|qvel|=   0.36 ncon=  8 com_z=0.887 com_x=-0.264
t=  4.50 max|qacc|=      14.1 max|qvel|=   0.48 ncon=  9 com_z=0.876 com_x=-0.280
t=  5.00 max|qacc|=      13.5 max|qvel|=   0.51 ncon=  8 com_z=0.874 com_x=-0.286
t=  5.50 max|qacc|=      12.2 max|qvel|=   0.35 ncon=  8 com_z=0.860 com_x=-0.301
t=  6.00 max|qacc|=      13.0 max|qvel|=   0.35 ncon=  7 com_z=0.863 com_x=-0.299
t=  6.50 max|qacc|=      58.4 max|qvel|=   0.59 ncon=  7 com_z=0.860 com_x=-0.296
t=  7.00 max|qacc|=      72.3 max|qvel|=   1.32 ncon=  8 com_z=0.857 com_x=-0.293
t=  7.50 max|qacc|=     354.7 max|qvel|=   1.07 ncon=  8 com_z=0.857 com_x=-0.286
t=  8.00 max|qacc|=     105.2 max|qvel|=   0.61 ncon=  7 com_z=0.855 com_x=-0.281
t=  8.50 max|qacc|=      53.2 max|qvel|=   0.61 ncon=  8 com_z=0.854 com_x=-0.273
t=  9.00 max|qacc|=      38.5 max|qvel|=   0.35 ncon=  8 com_z=0.852 com_x=-0.267
t=  9.50 max|qacc|=       9.3 max|qvel|=   0.46 ncon=  8 com_z=0.852 com_x=-0.260
t= 10.00 max|qacc|=      20.0 max|qvel|=   0.36 ncon=  7 com_z=0.851 com_x=-0.252
t= 10.50 max|qacc|=      77.4 max|qvel|=   0.44 ncon=  7 com_z=0.849 com_x=-0.245
t= 11.00 max|qacc|=      12.8 max|qvel|=   0.28 ncon=  7 com_z=0.849 com_x=-0.238
t= 11.50 max|qacc|=      14.2 max|qvel|=   0.36 ncon=  6 com_z=0.847 com_x=-0.232
t= 12.00 max|qacc|=      60.5 max|qvel|=   0.36 ncon=  5 com_z=0.847 com_x=-0.225
t= 12.50 max|qacc|=      92.1 max|qvel|=   1.41 ncon=  6 com_z=0.845 com_x=-0.218
t= 13.00 max|qacc|=      38.4 max|qvel|=   1.17 ncon=  6 com_z=0.845 com_x=-0.211
t= 13.50 max|qacc|=      45.6 max|qvel|=   0.60 ncon=  5 com_z=0.844 com_x=-0.205
t= 14.00 max|qacc|=      64.3 max|qvel|=   0.82 ncon=  6 com_z=0.844 com_x=-0.198
t= 14.50 max|qacc|=      21.5 max|qvel|=   0.26 ncon=  6 com_z=0.844 com_x=-0.193
t= 15.00 max|qacc|=      11.9 max|qvel|=   0.14 ncon=  6 com_z=0.843 com_x=-0.188
t= 15.50 max|qacc|=      13.7 max|qvel|=   0.33 ncon=  5 com_z=0.845 com_x=-0.182
t= 16.00 max|qacc|=      24.6 max|qvel|=   0.32 ncon=  4 com_z=0.859 com_x=-0.168
t= 16.50 max|qacc|=      64.1 max|qvel|=   0.56 ncon=  2 com_z=0.879 com_x=-0.151
t= 17.00 max|qacc|=       4.0 max|qvel|=   0.76 ncon=  3 com_z=0.901 com_x=-0.128
t= 17.50 max|qacc|=       0.8 max|qvel|=   0.12 ncon=  2 com_z=0.906 com_x=-0.119
t= 18.00 max|qacc|=      13.1 max|qvel|=   0.74 ncon=  3 com_z=0.896 com_x=-0.129
t= 18.50 max|qacc|=     302.7 max|qvel|=   0.90 ncon=  2 com_z=0.890 com_x=-0.139
t= 19.00 max|qacc|=      15.4 max|qvel|=   1.31 ncon=  3 com_z=0.890 com_x=-0.138
t= 19.50 max|qacc|=      20.1 max|qvel|=   0.89 ncon=  3 com_z=0.891 com_x=-0.137
t= 20.00 max|qacc|=      68.9 max|qvel|=   1.57 ncon=  3 com_z=0.891 com_x=-0.136
t= 20.50 max|qacc|=      22.2 max|qvel|=   0.72 ncon=  3 com_z=0.891 com_x=-0.135
t= 21.00 max|qacc|=      18.1 max|qvel|=   1.71 ncon=  2 com_z=0.891 com_x=-0.135
t= 21.50 max|qacc|=      50.1 max|qvel|=   1.11 ncon=  3 com_z=0.892 com_x=-0.134

== summary ==
pelvis/COM height: start 0.96 m, min 0.84 m, final 0.89 m  (stayed up)
COM x: min -0.30 max -0.09 final -0.14 m
COM y: min -0.015 max +0.014 m
RG_F_r bursts during walk window: 11
RG_r: cycles in window 12, period 0.92 s (1.09 Hz), E-duty 0.28
RG_l: cycles in window 12, period 0.92 s (1.09 Hz), E-duty 0.11
peak ctrl: [0.37 0.77 0.65 0.83 0.44 0.7  0.7  0.51 0.44 0.24 0.37 0.77 0.65 0.82
 0.44 0.7  0.67 0.5  0.44 0.24] (('vas_lat_r', 'med_gas_r', 'soleus_r', 'tib_ant_r', 'psoas_r', 'semimem_r', 'glut_max2_r', 'rect_fem_r', 'sar_r', 'grac_r', 'vas_lat_l', 'med_gas_l', 'soleus_l', 'tib_ant_l', 'psoas_l', 'semimem_l', 'glut_max2_l', 'rect_fem_l', 'sar_l', 'grac_l'))
  hip_flexion_r         -6.9 ..    30.1 deg
  knee_angle_r         -15.7 ..    29.8 deg
  ankle_angle_r        -42.1 ..     0.0 deg
  hip_adduction_r       -2.1 ..    13.1 deg
  subtalar_angle_r      -1.4 ..    17.9 deg
  hip_flexion_l         -5.2 ..    28.3 deg
  knee_angle_l         -12.0 ..    30.6 deg
  ankle_angle_l        -45.4 ..     0.0 deg
  hip_adduction_l       -2.4 ..    13.9 deg
  subtalar_angle_l       0.0 ..    17.8 deg
  pelvis_tilt           -0.0 ..    36.6 deg
  pelvis_list           -1.4 ..     1.5 deg
  pelvis_rotation       -1.7 ..     2.1 deg
saved spinal_run.npz
saved spinal_run.png
csv: trial=137 run=full22 kine_score=-62.708 duty=0.456 knee_min=10.00 cadence=1.100 stayed_up=True
full22 capture: trial 137 kine_score -62.708 -> v5_best_trial137.npz
standing solve: nnls x in [0.00, 0.61], >0.1: 21 muscles
  top: tib_ant_r=0.61, tib_ant_l=0.60, ext_dig_r=0.39, ext_dig_l=0.39, ercspn_r=0.18, ercspn_l=0.18, per_tert_r=0.17, per_tert_l=0.17
Fmax range: 5..3396 N | L range sample: [0.229942 0.326094]
csv: trial=138 run=eval kine_score=-61.370 duty=0.404 knee_min=11.05 cadence=1.067 stayed_up=True
standing solve: nnls x in [0.00, 0.61], >0.1: 22 muscles
  top: tib_ant_r=0.61, tib_ant_l=0.60, ext_dig_r=0.39, ext_dig_l=0.39, ercspn_r=0.18, ercspn_l=0.18, per_tert_r=0.17, per_tert_l=0.17
Fmax range: 5..3396 N | L range sample: [0.229942 0.326094]
csv: trial=139 run=eval kine_score=-61.181 duty=0.472 knee_min=10.92 cadence=1.067 stayed_up=True
standing solve: nnls x in [0.00, 0.60], >0.1: 16 muscles
  top: tib_ant_r=0.60, tib_ant_l=0.60, ext_dig_r=0.38, ext_dig_l=0.38, ercspn_r=0.18, ercspn_l=0.18, per_tert_r=0.18, per_tert_l=0.17
Fmax range: 5..3396 N | L range sample: [0.229942 0.326094]
csv: trial=140 run=eval kine_score=-61.196 duty=0.475 knee_min=11.03 cadence=1.067 stayed_up=True
standing solve: nnls x in [0.00, 0.61], >0.1: 22 muscles
  top: tib_ant_r=0.61, tib_ant_l=0.60, ext_dig_r=0.39, ext_dig_l=0.39, ercspn_r=0.18, ercspn_l=0.18, per_tert_r=0.17, per_tert_l=0.17
Fmax range: 5..3396 N | L range sample: [0.229942 0.326094]
csv: trial=141 run=eval kine_score=-61.291 duty=0.471 knee_min=11.38 cadence=1.200 stayed_up=True
standing solve: nnls x in [0.00, 0.61], >0.1: 22 muscles
  top: tib_ant_r=0.61, tib_ant_l=0.60, ext_dig_r=0.39, ext_dig_l=0.39, ercspn_r=0.18, ercspn_l=0.18, per_tert_r=0.17, glut_min1_l=0.17
Fmax range: 5..3396 N | L range sample: [0.229942 0.326094]
csv: trial=142 run=eval kine_score=-61.282 duty=0.476 knee_min=10.99 cadence=1.200 stayed_up=True
standing solve: nnls x in [0.00, 0.60], >0.1: 16 muscles
  top: tib_ant_r=0.60, tib_ant_l=0.60, ext_dig_r=0.38, ext_dig_l=0.38, ercspn_r=0.18, ercspn_l=0.18, per_tert_r=0.18, per_tert_l=0.17
Fmax range: 5..3396 N | L range sample: [0.229942 0.326094]
csv: trial=143 run=eval kine_score=-61.176 duty=0.468 knee_min=11.63 cadence=1.067 stayed_up=True
standing solve: nnls x in [0.00, 0.60], >0.1: 16 muscles
  top: tib_ant_r=0.60, tib_ant_l=0.60, ext_dig_r=0.38, ext_dig_l=0.38, ercspn_r=0.18, ercspn_l=0.18, per_tert_r=0.18, per_tert_l=0.18
Fmax range: 5..3396 N | L range sample: [0.229942 0.326094]
csv: trial=144 run=eval kine_score=-61.209 duty=0.473 knee_min=10.63 cadence=0.800 stayed_up=True
standing solve: nnls x in [0.00, 0.61], >0.1: 28 muscles
  top: tib_ant_r=0.61, tib_ant_l=0.60, ext_dig_r=0.39, ext_dig_l=0.39, ercspn_r=0.18, ercspn_l=0.18, per_tert_r=0.17, per_tert_l=0.17
Fmax range: 5..3396 N | L range sample: [0.229942 0.326094]
csv: trial=145 run=eval kine_score=-61.394 duty=0.470 knee_min=10.40 cadence=0.800 stayed_up=True
standing solve: nnls x in [0.00, 0.60], >0.1: 16 muscles
  top: tib_ant_r=0.60, tib_ant_l=0.60, ext_dig_r=0.38, ext_dig_l=0.38, ercspn_r=0.18, ercspn_l=0.18, per_tert_r=0.18, per_tert_l=0.18
Fmax range: 5..3396 N | L range sample: [0.229942 0.326094]
csv: trial=146 run=eval kine_score=-61.058 duty=0.476 knee_min=10.76 cadence=1.067 stayed_up=True
standing solve: nnls x in [0.00, 0.61], >0.1: 28 muscles
  top: tib_ant_r=0.61, tib_ant_l=0.60, ext_dig_r=0.39, ext_dig_l=0.39, ercspn_r=0.18, ercspn_l=0.18, per_tert_r=0.17, per_tert_l=0.17
Fmax range: 5..3396 N | L range sample: [0.229942 0.326094]
csv: trial=147 run=eval kine_score=-61.051 duty=0.463 knee_min=10.82 cadence=1.067 stayed_up=True
standing solve: nnls x in [0.00, 0.61], >0.1: 20 muscles
  top: tib_ant_r=0.61, tib_ant_l=0.60, ext_dig_r=0.39, ext_dig_l=0.39, ercspn_r=0.18, ercspn_l=0.18, per_tert_r=0.17, per_tert_l=0.17
Fmax range: 5..3396 N | L range sample: [0.229942 0.326094]
csv: trial=148 run=eval kine_score=-61.286 duty=0.450 knee_min=10.85 cadence=1.200 stayed_up=True
standing solve: nnls x in [0.00, 0.61], >0.1: 17 muscles
  top: tib_ant_r=0.61, tib_ant_l=0.60, ext_dig_r=0.38, ext_dig_l=0.38, ercspn_r=0.18, ercspn_l=0.18, per_tert_r=0.17, per_tert_l=0.17
Fmax range: 5..3396 N | L range sample: [0.229942 0.326094]
csv: trial=149 run=eval kine_score=-61.834 duty=0.310 knee_min=10.67 cadence=0.933 stayed_up=True

== best kine_score -60.987 (trial 137)
  drive           2.5197
  rg_adapt        1.2796
  desc_e          1.6444
  desc_f          0.8625
  rg_to_pf        1.9068
  pf_gain         2.4015
  e2_pf           0.4005
  f1_df           1.7984
  f1_kf           2.1499
  e2_adapt        1.6115
  post_kneext     0.7225
  post_hipext     0.9924
  kx              116.2516
  phase_reset_e   0.2218
  phase_reset_f   0.2189
saved best_walk_params_v5.json (runner --best5 reproduces; runner --fitted --best5 for the full chain)
WARNING: Inertia matrix is too close to singular at DOF 66. Check model. Time = 1.4960.

