seeded {"drive": 2.0773198435110425, "rg_nap_h": 0.8420833189531531, "desc_e": 1.6987967868158145, "desc_f": 0.9963926530754599, "rg_to_pf": 2.6005147390334713}
fitted baseline loaded: e2_pf=0.222 f1_df=0.098 f1_kf=0.148 post_kneext=0.011 post_hipext=0.068 desc_f=1.400 e2_adapt=1.700
[W 2026-09-30 00:41:55,178] Trial 0 failed with parameters: {'drive': 2.0773198435110425, 'rg_nap_h': 0.8420833189531531, 'desc_e': 1.6987967868158145, 'desc_f': 0.9963926530754599, 'rg_to_pf': 2.6005147390334713} because of the following error: KeyError('rg_adapt').
Traceback (most recent call last):
  File "D:\Anaconda\envs\myo\lib\site-packages\optuna\study\_optimize.py", line 206, in _run_trial
    value_or_values = func(trial)
  File "D:\GitHub\Bipedal_Robot\Code\MuJoCo_SNS\spinal\_curriculum_pruned.py", line 95, in _air_obj
    argv = _config(sug)
  File "D:\GitHub\Bipedal_Robot\Code\MuJoCo_SNS\spinal\_curriculum_pruned.py", line 81, in _config
    CS3.set_stage(5, dict(full))
  File "D:\GitHub\Bipedal_Robot\Code\MuJoCo_SNS\spinal\_curriculum.py", line 94, in set_stage
    OW.set_params(p)
  File "D:\GitHub\Bipedal_Robot\Code\MuJoCo_SNS\spinal\optuna_walk_v10.py", line 76, in set_params
    params.TAU["rg_adapt"] = p["rg_adapt"]
KeyError: 'rg_adapt'
[W 2026-09-30 00:41:55,211] Trial 0 failed with value None.
Traceback (most recent call last):
  File "D:\GitHub\Bipedal_Robot\Code\MuJoCo_SNS\spinal\_curriculum_pruned.py", line 254, in <module>
    run_air()
  File "D:\GitHub\Bipedal_Robot\Code\MuJoCo_SNS\spinal\_curriculum_pruned.py", line 166, in run_air
    st.optimize(_air_obj, n_trials=30, gc_after_trial=True)
  File "D:\Anaconda\envs\myo\lib\site-packages\optuna\study\study.py", line 502, in optimize
    _optimize(
  File "D:\Anaconda\envs\myo\lib\site-packages\optuna\study\_optimize.py", line 68, in _optimize
    _optimize_sequential(
  File "D:\Anaconda\envs\myo\lib\site-packages\optuna\study\_optimize.py", line 165, in _optimize_sequential
    frozen_trial_id = _run_trial(study, func, catch)
  File "D:\Anaconda\envs\myo\lib\site-packages\optuna\study\_optimize.py", line 263, in _run_trial
    raise func_err
  File "D:\Anaconda\envs\myo\lib\site-packages\optuna\study\_optimize.py", line 206, in _run_trial
    value_or_values = func(trial)
  File "D:\GitHub\Bipedal_Robot\Code\MuJoCo_SNS\spinal\_curriculum_pruned.py", line 95, in _air_obj
    argv = _config(sug)
  File "D:\GitHub\Bipedal_Robot\Code\MuJoCo_SNS\spinal\_curriculum_pruned.py", line 81, in _config
    CS3.set_stage(5, dict(full))
  File "D:\GitHub\Bipedal_Robot\Code\MuJoCo_SNS\spinal\_curriculum.py", line 94, in set_stage
    OW.set_params(p)
  File "D:\GitHub\Bipedal_Robot\Code\MuJoCo_SNS\spinal\optuna_walk_v10.py", line 76, in set_params
    params.TAU["rg_adapt"] = p["rg_adapt"]
KeyError: 'rg_adapt'
[W 2026-09-30 13:06:34,129] Trial 1 failed with parameters: {'drive': 1.5605393777535383, 'rg_nap_h': 0.16460643111571843, 'desc_e': 1.2632185264983447, 'desc_f': 1.7874008937882218, 'rg_to_pf': 2.304244325505273} because of the following error: NameError("name 'BASE' is not defined").
Traceback (most recent call last):
  File "D:\Anaconda\envs\myo\lib\site-packages\optuna\study\_optimize.py", line 206, in _run_trial
    value_or_values = func(trial)
  File "D:\GitHub\Bipedal_Robot\Code\MuJoCo_SNS\spinal\_curriculum_pruned.py", line 96, in _air_obj
    argv = _config(sug)
  File "D:\GitHub\Bipedal_Robot\Code\MuJoCo_SNS\spinal\_curriculum_pruned.py", line 80, in _config
    full = {**BASE, **{k: float(T34[k]) for k in T34},
NameError: name 'BASE' is not defined
[W 2026-09-30 13:06:34,146] Trial 1 failed with value None.
Traceback (most recent call last):
  File "D:\GitHub\Bipedal_Robot\Code\MuJoCo_SNS\spinal\_curriculum_pruned.py", line 258, in <module>
    run_air()
  File "D:\GitHub\Bipedal_Robot\Code\MuJoCo_SNS\spinal\_curriculum_pruned.py", line 167, in run_air
    st.optimize(_air_obj, n_trials=30, gc_after_trial=True)
  File "D:\Anaconda\envs\myo\lib\site-packages\optuna\study\study.py", line 502, in optimize
    _optimize(
  File "D:\Anaconda\envs\myo\lib\site-packages\optuna\study\_optimize.py", line 68, in _optimize
    _optimize_sequential(
  File "D:\Anaconda\envs\myo\lib\site-packages\optuna\study\_optimize.py", line 165, in _optimize_sequential
    frozen_trial_id = _run_trial(study, func, catch)
  File "D:\Anaconda\envs\myo\lib\site-packages\optuna\study\_optimize.py", line 263, in _run_trial
    raise func_err
  File "D:\Anaconda\envs\myo\lib\site-packages\optuna\study\_optimize.py", line 206, in _run_trial
    value_or_values = func(trial)
  File "D:\GitHub\Bipedal_Robot\Code\MuJoCo_SNS\spinal\_curriculum_pruned.py", line 96, in _air_obj
    argv = _config(sug)
  File "D:\GitHub\Bipedal_Robot\Code\MuJoCo_SNS\spinal\_curriculum_pruned.py", line 80, in _config
    full = {**BASE, **{k: float(T34[k]) for k in T34},
NameError: name 'BASE' is not defined
fitted baseline loaded: e2_pf=0.222 f1_df=0.098 f1_kf=0.148 post_kneext=0.011 post_hipext=0.068 desc_f=1.400 e2_adapt=1.700
start pose (normal): applied 20 coordinates as given; pelvis ty 0.922 m (env override=0.9215287157201333); IMU-metric torso lean -0.0 deg (+ = back)
standing solve: nnls x in [0.00, 0.65], >0.1: 13 muscles
  top: add_long_l=0.65, tib_ant_r=0.61, tib_ant_l=0.47, ext_dig_r=0.37, glut_min1_l=0.30, pect_l=0.30, glut_min2_l=0.28, ext_dig_l=0.25
Fmax range: 5..3396 N | L range sample: [0.229942 0.326094]
t=  1.00 max|qacc|=      57.0 max|qvel|=   3.98 ncon=  0 com_z=0.926 com_x=-0.124
t=  1.50 max|qacc|=      11.4 max|qvel|=   2.56 ncon=  0 com_z=0.926 com_x=-0.131
t=  2.00 max|qacc|=      16.4 max|qvel|=   0.62 ncon=  0 com_z=0.930 com_x=-0.120
t=  2.50 max|qacc|=      10.9 max|qvel|=   0.53 ncon=  0 com_z=0.928 com_x=-0.133
t=  3.00 max|qacc|=       6.0 max|qvel|=   1.34 ncon=  0 com_z=0.928 com_x=-0.125
t=  3.50 max|qacc|=       2.6 max|qvel|=   2.35 ncon=  0 com_z=0.925 com_x=-0.126
t=  4.00 max|qacc|=       4.1 max|qvel|=   0.82 ncon=  0 com_z=0.924 com_x=-0.115
t=  4.50 max|qacc|=       7.0 max|qvel|=   0.32 ncon=  0 com_z=0.927 com_x=-0.091
t=  5.00 max|qacc|=       3.1 max|qvel|=   1.25 ncon=  0 com_z=0.923 com_x=-0.104
t=  5.50 max|qacc|=       8.2 max|qvel|=   1.81 ncon=  0 com_z=0.923 com_x=-0.100
t=  6.00 max|qacc|=       7.0 max|qvel|=   0.60 ncon=  0 com_z=0.927 com_x=-0.091
t=  6.50 max|qacc|=      10.0 max|qvel|=   1.28 ncon=  0 com_z=0.925 com_x=-0.108
t=  7.00 max|qacc|=      11.6 max|qvel|=   1.29 ncon=  0 com_z=0.922 com_x=-0.093
t=  7.50 max|qacc|=      11.0 max|qvel|=   1.26 ncon=  0 com_z=0.925 com_x=-0.096
t=  8.00 max|qacc|=      12.4 max|qvel|=   0.61 ncon=  0 com_z=0.927 com_x=-0.110
t=  8.50 max|qacc|=       6.2 max|qvel|=   1.43 ncon=  0 com_z=0.923 com_x=-0.087
t=  9.00 max|qacc|=      20.8 max|qvel|=   1.81 ncon=  0 com_z=0.924 com_x=-0.106
t=  9.50 max|qacc|=       8.1 max|qvel|=   1.69 ncon=  0 com_z=0.927 com_x=-0.107
t= 10.00 max|qacc|=      11.2 max|qvel|=   1.17 ncon=  0 com_z=0.926 com_x=-0.081
t= 10.50 max|qacc|=      11.1 max|qvel|=   3.31 ncon=  0 com_z=0.923 com_x=-0.113
t= 11.00 max|qacc|=       5.7 max|qvel|=   1.64 ncon=  0 com_z=0.925 com_x=-0.103
t= 11.50 max|qacc|=       7.3 max|qvel|=   1.30 ncon=  0 com_z=0.927 com_x=-0.080
t= 12.00 max|qacc|=      16.2 max|qvel|=   1.66 ncon=  0 com_z=0.925 com_x=-0.119
t= 12.50 max|qacc|=       4.9 max|qvel|=   1.15 ncon=  0 com_z=0.923 com_x=-0.094
t= 13.00 max|qacc|=       9.5 max|qvel|=   0.97 ncon=  0 com_z=0.926 com_x=-0.085
t= 13.50 max|qacc|=      12.0 max|qvel|=   0.78 ncon=  0 com_z=0.927 com_x=-0.123
t= 14.00 max|qacc|=       5.5 max|qvel|=   1.37 ncon=  0 com_z=0.923 com_x=-0.084
t= 14.50 max|qacc|=      17.1 max|qvel|=   1.01 ncon=  0 com_z=0.925 com_x=-0.095
t= 15.00 max|qacc|=       7.1 max|qvel|=   0.88 ncon=  0 com_z=0.927 com_x=-0.123
t= 15.50 max|qacc|=       6.5 max|qvel|=   1.12 ncon=  0 com_z=0.924 com_x=-0.075
t= 16.00 max|qacc|=      19.6 max|qvel|=   2.66 ncon=  0 com_z=0.924 com_x=-0.106
t= 16.50 max|qacc|=       7.1 max|qvel|=   1.33 ncon=  0 com_z=0.926 com_x=-0.125
t= 17.00 max|qacc|=      31.8 max|qvel|=   0.84 ncon=  0 com_z=0.927 com_x=-0.108
t= 17.50 max|qacc|=       9.4 max|qvel|=   1.18 ncon=  0 com_z=0.932 com_x=-0.146
t= 18.00 max|qacc|=       5.0 max|qvel|=   2.08 ncon=  0 com_z=0.924 com_x=-0.121
t= 18.50 max|qacc|=       7.8 max|qvel|=   1.40 ncon=  0 com_z=0.928 com_x=-0.123
t= 19.00 max|qacc|=       5.5 max|qvel|=   0.88 ncon=  0 com_z=0.930 com_x=-0.143
t= 19.50 max|qacc|=       7.1 max|qvel|=   0.72 ncon=  0 com_z=0.924 com_x=-0.113
t= 20.00 max|qacc|=       4.7 max|qvel|=   1.57 ncon=  0 com_z=0.930 com_x=-0.137
t= 20.50 max|qacc|=       5.1 max|qvel|=   1.56 ncon=  0 com_z=0.925 com_x=-0.131
t= 21.00 max|qacc|=       6.5 max|qvel|=   0.67 ncon=  0 com_z=0.926 com_x=-0.117
t= 21.50 max|qacc|=       4.6 max|qvel|=   0.54 ncon=  0 com_z=0.930 com_x=-0.143
t= 22.00 max|qacc|=       5.4 max|qvel|=   1.03 ncon=  0 com_z=0.924 com_x=-0.118
t= 22.50 max|qacc|=       2.4 max|qvel|=   1.20 ncon=  0 com_z=0.928 com_x=-0.130
t= 23.00 max|qacc|=       5.7 max|qvel|=   0.73 ncon=  0 com_z=0.927 com_x=-0.136
t= 23.50 max|qacc|=       4.7 max|qvel|=   0.50 ncon=  0 com_z=0.925 com_x=-0.116
t= 24.00 max|qacc|=       3.8 max|qvel|=   0.62 ncon=  0 com_z=0.929 com_x=-0.139
t= 24.50 max|qacc|=       2.4 max|qvel|=   1.06 ncon=  0 com_z=0.924 com_x=-0.124
t= 25.00 max|qacc|=       2.2 max|qvel|=   0.91 ncon=  0 com_z=0.926 com_x=-0.125
t= 25.50 max|qacc|=       4.1 max|qvel|=   0.37 ncon=  0 com_z=0.928 com_x=-0.137
t= 26.00 max|qacc|=       4.1 max|qvel|=   0.23 ncon=  0 com_z=0.925 com_x=-0.119
t= 26.50 max|qacc|=       2.4 max|qvel|=   0.60 ncon=  0 com_z=0.928 com_x=-0.134
t= 27.00 max|qacc|=       1.0 max|qvel|=   0.84 ncon=  0 com_z=0.925 com_x=-0.129
t= 27.50 max|qacc|=       2.1 max|qvel|=   0.53 ncon=  0 com_z=0.925 com_x=-0.122
t= 28.00 max|qacc|=       3.4 max|qvel|=   0.17 ncon=  0 com_z=0.928 com_x=-0.136
t= 28.50 max|qacc|=       3.0 max|qvel|=   0.32 ncon=  0 com_z=0.925 com_x=-0.122
t= 29.00 max|qacc|=       0.9 max|qvel|=   0.60 ncon=  0 com_z=0.927 com_x=-0.130
t= 29.50 max|qacc|=       1.2 max|qvel|=   0.61 ncon=  0 com_z=0.926 com_x=-0.131
t= 30.00 max|qacc|=       2.3 max|qvel|=   0.30 ncon=  0 com_z=0.925 com_x=-0.122
t= 30.50 max|qacc|=       2.5 max|qvel|=   0.09 ncon=  0 com_z=0.927 com_x=-0.134

== summary ==
pelvis/COM height: start 0.94 m, min 0.92 m, final 0.93 m  (stayed up)
COM x: min -0.15 max -0.07 final -0.13 m
COM y: min -0.017 max +0.006 m
RG_F_r bursts during walk window: 0
peak ctrl: [0.   0.01 0.02 0.35 0.   0.   0.22 0.   0.   0.   0.   0.01 0.02 0.27
 0.   0.01 0.21 0.   0.   0.  ] (('vas_lat_r', 'med_gas_r', 'soleus_r', 'tib_ant_r', 'psoas_r', 'semimem_r', 'glut_max2_r', 'rect_fem_r', 'sar_r', 'grac_r', 'vas_lat_l', 'med_gas_l', 'soleus_l', 'tib_ant_l', 'psoas_l', 'semimem_l', 'glut_max2_l', 'rect_fem_l', 'sar_l', 'grac_l'))
  hip_flexion_r        -15.8 ..    24.6 deg
  knee_angle_r         -32.4 ..    11.2 deg
  ankle_angle_r         -7.0 ..    37.3 deg
  hip_adduction_r       -5.0 ..     4.5 deg
  subtalar_angle_r       0.0 ..    11.4 deg
  hip_flexion_l        -22.4 ..    12.5 deg
  knee_angle_l         -45.8 ..    10.2 deg
  ankle_angle_l          0.3 ..    36.9 deg
  hip_adduction_l      -12.7 ..     7.8 deg
  subtalar_angle_l       0.0 ..    10.0 deg
  pelvis_tilt           -1.9 ..    -0.6 deg
  pelvis_list           -0.5 ..    -0.3 deg
  pelvis_rotation        2.3 ..     2.5 deg
saved spinal_run.npz
saved spinal_run.png
fitted baseline loaded: e2_pf=0.222 f1_df=0.098 f1_kf=0.148 post_kneext=0.011 post_hipext=0.068 desc_f=1.400 e2_adapt=1.700
start pose (normal): applied 20 coordinates as given; pelvis ty 0.922 m (env override=0.9215287157201333); IMU-metric torso lean -0.0 deg (+ = back)
standing solve: nnls x in [0.00, 0.65], >0.1: 13 muscles
  top: add_long_l=0.65, tib_ant_r=0.61, tib_ant_l=0.47, ext_dig_r=0.37, glut_min1_l=0.30, pect_l=0.30, glut_min2_l=0.28, ext_dig_l=0.25
Fmax range: 5..3396 N | L range sample: [0.229942 0.326094]
t=  1.00 max|qacc|=      41.9 max|qvel|=   4.63 ncon=  0 com_z=0.924 com_x=-0.114
t=  1.50 max|qacc|=      21.6 max|qvel|=   2.12 ncon=  0 com_z=0.924 com_x=-0.121
t=  2.00 max|qacc|=      17.9 max|qvel|=   0.55 ncon=  0 com_z=0.930 com_x=-0.117
t=  2.50 max|qacc|=       9.8 max|qvel|=   0.65 ncon=  0 com_z=0.926 com_x=-0.124
t=  3.00 max|qacc|=       7.6 max|qvel|=   1.19 ncon=  0 com_z=0.927 com_x=-0.120
t=  3.50 max|qacc|=       3.1 max|qvel|=   1.93 ncon=  0 com_z=0.925 com_x=-0.122
t=  4.00 max|qacc|=       6.5 max|qvel|=   0.75 ncon=  0 com_z=0.924 com_x=-0.100
t=  4.50 max|qacc|=       5.8 max|qvel|=   0.51 ncon=  0 com_z=0.927 com_x=-0.088
t=  5.00 max|qacc|=      37.0 max|qvel|=   3.24 ncon=  0 com_z=0.924 com_x=-0.125
t=  5.50 max|qacc|=      29.2 max|qvel|=   3.56 ncon=  0 com_z=0.928 com_x=-0.141
t=  6.00 max|qacc|=      55.3 max|qvel|=   0.69 ncon=  0 com_z=0.925 com_x=-0.119
t=  6.50 max|qacc|=      24.3 max|qvel|=   1.35 ncon=  0 com_z=0.927 com_x=-0.133
t=  7.00 max|qacc|=       8.6 max|qvel|=   0.98 ncon=  0 com_z=0.926 com_x=-0.137
t=  7.50 max|qacc|=      15.4 max|qvel|=   1.31 ncon=  0 com_z=0.923 com_x=-0.125
t=  8.00 max|qacc|=       6.1 max|qvel|=   0.82 ncon=  0 com_z=0.927 com_x=-0.137
t=  8.50 max|qacc|=       4.1 max|qvel|=   0.85 ncon=  0 com_z=0.926 com_x=-0.129
t=  9.00 max|qacc|=       5.2 max|qvel|=   1.40 ncon=  0 com_z=0.924 com_x=-0.130
t=  9.50 max|qacc|=       3.2 max|qvel|=   1.08 ncon=  0 com_z=0.925 com_x=-0.135
t= 10.00 max|qacc|=       6.9 max|qvel|=   0.50 ncon=  0 com_z=0.926 com_x=-0.128
t= 10.50 max|qacc|=       3.2 max|qvel|=   0.33 ncon=  0 com_z=0.926 com_x=-0.134
t= 11.00 max|qacc|=       1.9 max|qvel|=   1.29 ncon=  0 com_z=0.924 com_x=-0.131
t= 11.50 max|qacc|=       2.6 max|qvel|=   1.20 ncon=  0 com_z=0.924 com_x=-0.130
t= 12.00 max|qacc|=       3.9 max|qvel|=   0.28 ncon=  0 com_z=0.925 com_x=-0.134
t= 12.50 max|qacc|=       5.1 max|qvel|=   0.52 ncon=  0 com_z=0.925 com_x=-0.128
t= 13.00 max|qacc|=       4.9 max|qvel|=   1.02 ncon=  0 com_z=0.924 com_x=-0.133
t= 13.50 max|qacc|=       3.4 max|qvel|=   0.89 ncon=  0 com_z=0.924 com_x=-0.131
t= 14.00 max|qacc|=       5.6 max|qvel|=   0.56 ncon=  0 com_z=0.926 com_x=-0.129
t= 14.50 max|qacc|=       2.4 max|qvel|=   0.33 ncon=  0 com_z=0.925 com_x=-0.135
t= 15.00 max|qacc|=       2.3 max|qvel|=   0.96 ncon=  0 com_z=0.923 com_x=-0.128
t= 15.50 max|qacc|=       1.8 max|qvel|=   0.83 ncon=  0 com_z=0.925 com_x=-0.133
t= 16.00 max|qacc|=       3.0 max|qvel|=   0.19 ncon=  0 com_z=0.925 com_x=-0.136
t= 16.50 max|qacc|=       5.3 max|qvel|=   0.50 ncon=  0 com_z=0.925 com_x=-0.131
t= 17.00 max|qacc|=      15.4 max|qvel|=   0.94 ncon=  0 com_z=0.928 com_x=-0.143
t= 17.50 max|qacc|=       9.4 max|qvel|=   0.83 ncon=  0 com_z=0.927 com_x=-0.142
t= 18.00 max|qacc|=       6.9 max|qvel|=   0.49 ncon=  0 com_z=0.928 com_x=-0.138
t= 18.50 max|qacc|=       4.6 max|qvel|=   0.32 ncon=  0 com_z=0.928 com_x=-0.145
t= 19.00 max|qacc|=       4.2 max|qvel|=   0.70 ncon=  0 com_z=0.926 com_x=-0.138
t= 19.50 max|qacc|=       2.2 max|qvel|=   0.66 ncon=  0 com_z=0.928 com_x=-0.141
t= 20.00 max|qacc|=       4.3 max|qvel|=   0.27 ncon=  0 com_z=0.928 com_x=-0.144
t= 20.50 max|qacc|=       2.9 max|qvel|=   0.17 ncon=  0 com_z=0.927 com_x=-0.138
t= 21.00 max|qacc|=       2.6 max|qvel|=   0.61 ncon=  0 com_z=0.928 com_x=-0.144
t= 21.50 max|qacc|=       1.9 max|qvel|=   0.65 ncon=  0 com_z=0.927 com_x=-0.141
t= 22.00 max|qacc|=       2.9 max|qvel|=   0.45 ncon=  0 com_z=0.928 com_x=-0.139
t= 22.50 max|qacc|=       2.2 max|qvel|=   0.22 ncon=  0 com_z=0.928 com_x=-0.144
t= 23.00 max|qacc|=       2.0 max|qvel|=   0.40 ncon=  0 com_z=0.927 com_x=-0.138
t= 23.50 max|qacc|=       1.1 max|qvel|=   0.46 ncon=  0 com_z=0.928 com_x=-0.142
t= 24.00 max|qacc|=       2.0 max|qvel|=   0.29 ncon=  0 com_z=0.927 com_x=-0.142
t= 24.50 max|qacc|=       2.0 max|qvel|=   0.15 ncon=  0 com_z=0.927 com_x=-0.138
t= 25.00 max|qacc|=       1.8 max|qvel|=   0.38 ncon=  0 com_z=0.928 com_x=-0.143
t= 25.50 max|qacc|=       0.7 max|qvel|=   0.47 ncon=  0 com_z=0.927 com_x=-0.140
t= 26.00 max|qacc|=       1.6 max|qvel|=   0.39 ncon=  0 com_z=0.927 com_x=-0.140
t= 26.50 max|qacc|=       1.6 max|qvel|=   0.14 ncon=  0 com_z=0.928 com_x=-0.143
t= 27.00 max|qacc|=       1.7 max|qvel|=   0.21 ncon=  0 com_z=0.927 com_x=-0.139
t= 27.50 max|qacc|=       0.6 max|qvel|=   0.31 ncon=  0 com_z=0.928 com_x=-0.142
t= 28.00 max|qacc|=       1.1 max|qvel|=   0.26 ncon=  0 com_z=0.927 com_x=-0.142
t= 28.50 max|qacc|=       1.4 max|qvel|=   0.11 ncon=  0 com_z=0.927 com_x=-0.139
t= 29.00 max|qacc|=       1.5 max|qvel|=   0.21 ncon=  0 com_z=0.928 com_x=-0.143
t= 29.50 max|qacc|=       0.5 max|qvel|=   0.32 ncon=  0 com_z=0.927 com_x=-0.140
t= 30.00 max|qacc|=       0.7 max|qvel|=   0.32 ncon=  0 com_z=0.927 com_x=-0.141
t= 30.50 max|qacc|=       1.0 max|qvel|=   0.12 ncon=  0 com_z=0.927 com_x=-0.142

== summary ==
pelvis/COM height: start 0.94 m, min 0.92 m, final 0.93 m  (stayed up)
COM x: min -0.15 max -0.09 final -0.14 m
COM y: min -0.017 max +0.005 m
RG_F_r bursts during walk window: 0
peak ctrl: [0.   0.01 0.02 0.35 0.   0.   0.29 0.   0.   0.   0.   0.01 0.02 0.27
 0.   0.01 0.27 0.   0.   0.  ] (('vas_lat_r', 'med_gas_r', 'soleus_r', 'tib_ant_r', 'psoas_r', 'semimem_r', 'glut_max2_r', 'rect_fem_r', 'sar_r', 'grac_r', 'vas_lat_l', 'med_gas_l', 'soleus_l', 'tib_ant_l', 'psoas_l', 'semimem_l', 'glut_max2_l', 'rect_fem_l', 'sar_l', 'grac_l'))
  hip_flexion_r        -10.3 ..    24.6 deg
  knee_angle_r         -38.6 ..    11.4 deg
  ankle_angle_r         -8.8 ..    34.1 deg
  hip_adduction_r       -4.1 ..     3.9 deg
  subtalar_angle_r      -0.8 ..    11.5 deg
  hip_flexion_l        -19.5 ..    23.1 deg
  knee_angle_l         -46.8 ..    11.2 deg
  ankle_angle_l         -1.1 ..    31.0 deg
  hip_adduction_l      -11.5 ..     7.0 deg
  subtalar_angle_l      -2.9 ..     9.8 deg
  pelvis_tilt           -1.9 ..    -0.5 deg
  pelvis_list           -0.5 ..    -0.3 deg
  pelvis_rotation        2.3 ..     2.5 deg
saved spinal_run.npz
saved spinal_run.png
fitted baseline loaded: e2_pf=0.222 f1_df=0.098 f1_kf=0.148 post_kneext=0.011 post_hipext=0.068 desc_f=1.400 e2_adapt=1.700
start pose (normal): applied 20 coordinates as given; pelvis ty 0.922 m (env override=0.9215287157201333); IMU-metric torso lean -0.0 deg (+ = back)
standing solve: nnls x in [0.00, 0.65], >0.1: 13 muscles
  top: add_long_l=0.65, tib_ant_r=0.61, tib_ant_l=0.47, ext_dig_r=0.37, glut_min1_l=0.30, pect_l=0.30, glut_min2_l=0.28, ext_dig_l=0.25
Fmax range: 5..3396 N | L range sample: [0.229942 0.326094]
t=  1.00 max|qacc|=      38.1 max|qvel|=   4.90 ncon=  0 com_z=0.924 com_x=-0.109
t=  1.50 max|qacc|=      13.8 max|qvel|=   1.88 ncon=  0 com_z=0.924 com_x=-0.116
t=  2.00 max|qacc|=      18.9 max|qvel|=   0.55 ncon=  0 com_z=0.930 com_x=-0.116
t=  2.50 max|qacc|=       8.5 max|qvel|=   0.73 ncon=  0 com_z=0.926 com_x=-0.119
t=  3.00 max|qacc|=       9.5 max|qvel|=   1.33 ncon=  0 com_z=0.926 com_x=-0.118
t=  3.50 max|qacc|=       3.5 max|qvel|=   1.54 ncon=  0 com_z=0.925 com_x=-0.120
t=  4.00 max|qacc|=       9.2 max|qvel|=   1.07 ncon=  0 com_z=0.925 com_x=-0.093
t=  4.50 max|qacc|=     112.3 max|qvel|=   2.41 ncon=  0 com_z=0.928 com_x=-0.130
t=  5.00 max|qacc|=      37.5 max|qvel|=   4.55 ncon=  0 com_z=0.934 com_x=-0.161
t=  5.50 max|qacc|=      13.4 max|qvel|=   0.71 ncon=  0 com_z=0.921 com_x=-0.098
t=  6.00 max|qacc|=      16.8 max|qvel|=   1.70 ncon=  0 com_z=0.931 com_x=-0.143
t=  6.50 max|qacc|=       4.2 max|qvel|=   1.18 ncon=  0 com_z=0.926 com_x=-0.144
t=  7.00 max|qacc|=      12.7 max|qvel|=   1.21 ncon=  0 com_z=0.922 com_x=-0.105
t=  7.50 max|qacc|=       7.9 max|qvel|=   0.73 ncon=  0 com_z=0.934 com_x=-0.154
t=  8.00 max|qacc|=       3.8 max|qvel|=   1.47 ncon=  0 com_z=0.922 com_x=-0.126
t=  8.50 max|qacc|=       6.9 max|qvel|=   1.61 ncon=  0 com_z=0.922 com_x=-0.117
t=  9.00 max|qacc|=       4.2 max|qvel|=   0.60 ncon=  0 com_z=0.932 com_x=-0.154
t=  9.50 max|qacc|=       7.1 max|qvel|=   0.94 ncon=  0 com_z=0.921 com_x=-0.115
t= 10.00 max|qacc|=       4.1 max|qvel|=   0.95 ncon=  0 com_z=0.925 com_x=-0.132
t= 10.50 max|qacc|=       4.5 max|qvel|=   1.02 ncon=  0 com_z=0.927 com_x=-0.144
t= 11.00 max|qacc|=       4.4 max|qvel|=   0.37 ncon=  0 com_z=0.921 com_x=-0.113
t= 11.50 max|qacc|=       2.8 max|qvel|=   0.43 ncon=  0 com_z=0.928 com_x=-0.142
t= 12.00 max|qacc|=       1.3 max|qvel|=   0.83 ncon=  0 com_z=0.924 com_x=-0.133
t= 12.50 max|qacc|=       2.2 max|qvel|=   0.66 ncon=  0 com_z=0.922 com_x=-0.119
t= 13.00 max|qacc|=       3.5 max|qvel|=   0.13 ncon=  0 com_z=0.928 com_x=-0.145
t= 13.50 max|qacc|=       3.1 max|qvel|=   0.42 ncon=  0 com_z=0.922 com_x=-0.123
t= 14.00 max|qacc|=       1.1 max|qvel|=   0.64 ncon=  0 com_z=0.924 com_x=-0.129
t= 14.50 max|qacc|=       2.7 max|qvel|=   0.39 ncon=  0 com_z=0.926 com_x=-0.141
t= 15.00 max|qacc|=       2.9 max|qvel|=   0.16 ncon=  0 com_z=0.922 com_x=-0.121
t= 15.50 max|qacc|=       1.4 max|qvel|=   0.30 ncon=  0 com_z=0.926 com_x=-0.137
t= 16.00 max|qacc|=       1.0 max|qvel|=   0.51 ncon=  0 com_z=0.925 com_x=-0.136
t= 16.50 max|qacc|=       1.5 max|qvel|=   0.27 ncon=  0 com_z=0.923 com_x=-0.126
t= 17.00 max|qacc|=      16.4 max|qvel|=   0.53 ncon=  0 com_z=0.929 com_x=-0.145
t= 17.50 max|qacc|=      11.3 max|qvel|=   0.43 ncon=  0 com_z=0.926 com_x=-0.139
t= 18.00 max|qacc|=       7.7 max|qvel|=   0.42 ncon=  0 com_z=0.926 com_x=-0.136
t= 18.50 max|qacc|=      14.2 max|qvel|=   0.31 ncon=  0 com_z=0.929 com_x=-0.145
t= 19.00 max|qacc|=       4.5 max|qvel|=   0.41 ncon=  0 com_z=0.925 com_x=-0.136
t= 19.50 max|qacc|=      11.5 max|qvel|=   0.36 ncon=  0 com_z=0.927 com_x=-0.140
t= 20.00 max|qacc|=      13.0 max|qvel|=   0.38 ncon=  0 com_z=0.928 com_x=-0.143
t= 20.50 max|qacc|=      13.0 max|qvel|=   0.43 ncon=  0 com_z=0.925 com_x=-0.136
t= 21.00 max|qacc|=      12.8 max|qvel|=   0.28 ncon=  0 com_z=0.928 com_x=-0.142
t= 21.50 max|qacc|=       4.1 max|qvel|=   0.59 ncon=  0 com_z=0.927 com_x=-0.140
t= 22.00 max|qacc|=      17.3 max|qvel|=   0.32 ncon=  0 com_z=0.926 com_x=-0.138
t= 22.50 max|qacc|=       9.9 max|qvel|=   0.55 ncon=  0 com_z=0.928 com_x=-0.143
t= 23.00 max|qacc|=      11.8 max|qvel|=   0.51 ncon=  0 com_z=0.926 com_x=-0.138
t= 23.50 max|qacc|=      21.6 max|qvel|=   0.46 ncon=  0 com_z=0.927 com_x=-0.140
t= 24.00 max|qacc|=       8.5 max|qvel|=   0.61 ncon=  0 com_z=0.927 com_x=-0.141
t= 24.50 max|qacc|=      18.7 max|qvel|=   0.22 ncon=  0 com_z=0.926 com_x=-0.138
t= 25.00 max|qacc|=      17.6 max|qvel|=   0.59 ncon=  0 com_z=0.927 com_x=-0.141
t= 25.50 max|qacc|=      21.5 max|qvel|=   0.64 ncon=  0 com_z=0.927 com_x=-0.140
t= 26.00 max|qacc|=      18.0 max|qvel|=   0.47 ncon=  0 com_z=0.926 com_x=-0.139
t= 26.50 max|qacc|=       5.3 max|qvel|=   0.87 ncon=  0 com_z=0.927 com_x=-0.141
t= 27.00 max|qacc|=      24.9 max|qvel|=   0.38 ncon=  0 com_z=0.926 com_x=-0.139
t= 27.50 max|qacc|=      12.6 max|qvel|=   0.83 ncon=  0 com_z=0.927 com_x=-0.139
t= 28.00 max|qacc|=      19.3 max|qvel|=   0.63 ncon=  0 com_z=0.927 com_x=-0.141
t= 28.50 max|qacc|=      31.6 max|qvel|=   0.72 ncon=  0 com_z=0.926 com_x=-0.139
t= 29.00 max|qacc|=      16.9 max|qvel|=   0.86 ncon=  0 com_z=0.927 com_x=-0.140
t= 29.50 max|qacc|=      27.6 max|qvel|=   0.16 ncon=  0 com_z=0.927 com_x=-0.140
t= 30.00 max|qacc|=      16.1 max|qvel|=   0.97 ncon=  0 com_z=0.926 com_x=-0.139
t= 30.50 max|qacc|=      32.2 max|qvel|=   0.78 ncon=  0 com_z=0.927 com_x=-0.140

== summary ==
pelvis/COM height: start 0.94 m, min 0.92 m, final 0.93 m  (stayed up)
COM x: min -0.16 max -0.09 final -0.14 m
COM y: min -0.017 max +0.005 m
RG_F_r bursts during walk window: 0
peak ctrl: [0.   0.01 0.01 0.35 0.   0.   0.28 0.   0.   0.   0.   0.01 0.02 0.27
 0.   0.01 0.25 0.   0.   0.  ] (('vas_lat_r', 'med_gas_r', 'soleus_r', 'tib_ant_r', 'psoas_r', 'semimem_r', 'glut_max2_r', 'rect_fem_r', 'sar_r', 'grac_r', 'vas_lat_l', 'med_gas_l', 'soleus_l', 'tib_ant_l', 'psoas_l', 'semimem_l', 'glut_max2_l', 'rect_fem_l', 'sar_l', 'grac_l'))
  hip_flexion_r        -14.5 ..    26.2 deg
  knee_angle_r         -51.0 ..    11.5 deg
  ankle_angle_r         -9.9 ..    32.3 deg
  hip_adduction_r       -3.7 ..     4.0 deg
  subtalar_angle_r       0.0 ..    11.7 deg
  hip_flexion_l        -16.6 ..    16.1 deg
  knee_angle_l         -38.2 ..    11.9 deg
  ankle_angle_l         -2.8 ..    28.3 deg
  hip_adduction_l      -10.9 ..     6.4 deg
  subtalar_angle_l      -4.1 ..     9.3 deg
  pelvis_tilt           -1.9 ..    -0.4 deg
  pelvis_list           -0.5 ..    -0.3 deg
  pelvis_rotation        2.3 ..     2.5 deg
saved spinal_run.npz
saved spinal_run.png
fitted baseline loaded: e2_pf=0.222 f1_df=0.098 f1_kf=0.148 post_kneext=0.011 post_hipext=0.068 desc_f=1.400 e2_adapt=1.700
start pose (normal): applied 20 coordinates as given; pelvis ty 0.922 m (env override=0.9215287157201333); IMU-metric torso lean -0.0 deg (+ = back)
standing solve: nnls x in [0.00, 0.65], >0.1: 13 muscles
  top: add_long_l=0.65, tib_ant_r=0.61, tib_ant_l=0.47, ext_dig_r=0.37, glut_min1_l=0.30, pect_l=0.30, glut_min2_l=0.28, ext_dig_l=0.25
Fmax range: 5..3396 N | L range sample: [0.229942 0.326094]
t=  1.00 max|qacc|=      36.1 max|qvel|=   4.81 ncon=  0 com_z=0.924 com_x=-0.111
t=  1.50 max|qacc|=      13.3 max|qvel|=   1.97 ncon=  0 com_z=0.924 com_x=-0.118
t=  2.00 max|qacc|=      18.7 max|qvel|=   0.52 ncon=  0 com_z=0.930 com_x=-0.117
t=  2.50 max|qacc|=       8.9 max|qvel|=   0.71 ncon=  0 com_z=0.926 com_x=-0.120
t=  3.00 max|qacc|=       8.9 max|qvel|=   1.29 ncon=  0 com_z=0.927 com_x=-0.119
t=  3.50 max|qacc|=       3.4 max|qvel|=   1.67 ncon=  0 com_z=0.925 com_x=-0.120
t=  4.00 max|qacc|=       8.7 max|qvel|=   0.95 ncon=  0 com_z=0.924 com_x=-0.095
t=  4.50 max|qacc|=       7.2 max|qvel|=   0.58 ncon=  0 com_z=0.927 com_x=-0.090
t=  5.00 max|qacc|=       3.6 max|qvel|=   1.34 ncon=  0 com_z=0.923 com_x=-0.114
t=  5.50 max|qacc|=     128.0 max|qvel|=   3.36 ncon=  0 com_z=0.923 com_x=-0.108
t=  6.00 max|qacc|=      36.4 max|qvel|=   1.33 ncon=  0 com_z=0.938 com_x=-0.148
t=  6.50 max|qacc|=      15.2 max|qvel|=   1.33 ncon=  0 com_z=0.924 com_x=-0.130
t=  7.00 max|qacc|=      21.1 max|qvel|=   1.97 ncon=  0 com_z=0.922 com_x=-0.115
t=  7.50 max|qacc|=       5.9 max|qvel|=   1.68 ncon=  0 com_z=0.934 com_x=-0.152
t=  8.00 max|qacc|=       7.0 max|qvel|=   1.02 ncon=  0 com_z=0.924 com_x=-0.119
t=  8.50 max|qacc|=       8.8 max|qvel|=   2.03 ncon=  0 com_z=0.925 com_x=-0.127
t=  9.00 max|qacc|=       5.8 max|qvel|=   1.13 ncon=  0 com_z=0.929 com_x=-0.148
t=  9.50 max|qacc|=       6.9 max|qvel|=   0.97 ncon=  0 com_z=0.922 com_x=-0.114
t= 10.00 max|qacc|=       5.5 max|qvel|=   0.76 ncon=  0 com_z=0.929 com_x=-0.136
t= 10.50 max|qacc|=       4.3 max|qvel|=   1.72 ncon=  0 com_z=0.925 com_x=-0.140
t= 11.00 max|qacc|=       6.6 max|qvel|=   1.20 ncon=  0 com_z=0.922 com_x=-0.114
t= 11.50 max|qacc|=       5.4 max|qvel|=   0.67 ncon=  0 com_z=0.930 com_x=-0.144
t= 12.00 max|qacc|=       5.3 max|qvel|=   1.21 ncon=  0 com_z=0.923 com_x=-0.130
t= 12.50 max|qacc|=       3.1 max|qvel|=   1.39 ncon=  0 com_z=0.922 com_x=-0.120
t= 13.00 max|qacc|=       3.9 max|qvel|=   0.48 ncon=  0 com_z=0.929 com_x=-0.146
t= 13.50 max|qacc|=       6.1 max|qvel|=   0.60 ncon=  0 com_z=0.922 com_x=-0.122
t= 14.00 max|qacc|=       3.6 max|qvel|=   0.63 ncon=  0 com_z=0.925 com_x=-0.129
t= 14.50 max|qacc|=       4.6 max|qvel|=   0.90 ncon=  0 com_z=0.927 com_x=-0.142
t= 15.00 max|qacc|=       3.5 max|qvel|=   0.44 ncon=  0 com_z=0.922 com_x=-0.119
t= 15.50 max|qacc|=       2.6 max|qvel|=   0.39 ncon=  0 com_z=0.927 com_x=-0.137
t= 16.00 max|qacc|=       1.7 max|qvel|=   0.92 ncon=  0 com_z=0.925 com_x=-0.138
t= 16.50 max|qacc|=       1.7 max|qvel|=   0.46 ncon=  0 com_z=0.923 com_x=-0.123
t= 17.00 max|qacc|=      10.7 max|qvel|=   0.83 ncon=  0 com_z=0.930 com_x=-0.147
t= 17.50 max|qacc|=      11.6 max|qvel|=   0.58 ncon=  0 com_z=0.926 com_x=-0.140
t= 18.00 max|qacc|=       4.5 max|qvel|=   0.93 ncon=  0 com_z=0.926 com_x=-0.134
t= 18.50 max|qacc|=      10.5 max|qvel|=   0.31 ncon=  0 com_z=0.930 com_x=-0.149
t= 19.00 max|qacc|=       4.0 max|qvel|=   0.38 ncon=  0 com_z=0.925 com_x=-0.135
t= 19.50 max|qacc|=       7.7 max|qvel|=   0.33 ncon=  0 com_z=0.928 com_x=-0.140
t= 20.00 max|qacc|=       9.7 max|qvel|=   0.54 ncon=  0 com_z=0.928 com_x=-0.145
t= 20.50 max|qacc|=       7.2 max|qvel|=   0.38 ncon=  0 com_z=0.925 com_x=-0.133
t= 21.00 max|qacc|=       8.6 max|qvel|=   0.31 ncon=  0 com_z=0.929 com_x=-0.145
t= 21.50 max|qacc|=       2.6 max|qvel|=   0.43 ncon=  0 com_z=0.926 com_x=-0.140
t= 22.00 max|qacc|=       8.9 max|qvel|=   0.47 ncon=  0 com_z=0.926 com_x=-0.136
t= 22.50 max|qacc|=       4.9 max|qvel|=   0.25 ncon=  0 com_z=0.929 com_x=-0.146
t= 23.00 max|qacc|=       4.6 max|qvel|=   0.26 ncon=  0 com_z=0.926 com_x=-0.137
t= 23.50 max|qacc|=       8.7 max|qvel|=   0.27 ncon=  0 com_z=0.927 com_x=-0.140
t= 24.00 max|qacc|=       3.0 max|qvel|=   0.32 ncon=  0 com_z=0.928 com_x=-0.144
t= 24.50 max|qacc|=       6.9 max|qvel|=   0.19 ncon=  0 com_z=0.926 com_x=-0.136
t= 25.00 max|qacc|=       5.9 max|qvel|=   0.19 ncon=  0 com_z=0.928 com_x=-0.143
t= 25.50 max|qacc|=       6.8 max|qvel|=   0.25 ncon=  0 com_z=0.927 com_x=-0.141
t= 26.00 max|qacc|=       5.7 max|qvel|=   0.24 ncon=  0 com_z=0.926 com_x=-0.137
t= 26.50 max|qacc|=       1.9 max|qvel|=   0.24 ncon=  0 com_z=0.928 com_x=-0.144
t= 27.00 max|qacc|=       6.9 max|qvel|=   0.13 ncon=  0 com_z=0.926 com_x=-0.138
t= 27.50 max|qacc|=       3.1 max|qvel|=   0.21 ncon=  0 com_z=0.927 com_x=-0.140
t= 28.00 max|qacc|=       5.0 max|qvel|=   0.19 ncon=  0 com_z=0.927 com_x=-0.143
t= 28.50 max|qacc|=       7.2 max|qvel|=   0.17 ncon=  0 com_z=0.926 com_x=-0.138
t= 29.00 max|qacc|=       3.9 max|qvel|=   0.20 ncon=  0 com_z=0.927 com_x=-0.142
t= 29.50 max|qacc|=       5.7 max|qvel|=   0.15 ncon=  0 com_z=0.927 com_x=-0.141
t= 30.00 max|qacc|=       3.1 max|qvel|=   0.21 ncon=  0 com_z=0.926 com_x=-0.139
t= 30.50 max|qacc|=       6.6 max|qvel|=   0.15 ncon=  0 com_z=0.928 com_x=-0.142

== summary ==
pelvis/COM height: start 0.94 m, min 0.92 m, final 0.93 m  (stayed up)
COM x: min -0.16 max -0.09 final -0.14 m
COM y: min -0.017 max +0.004 m
RG_F_r bursts during walk window: 1
peak ctrl: [0.   0.01 0.02 0.35 0.   0.   0.29 0.   0.   0.   0.   0.01 0.02 0.27
 0.   0.01 0.26 0.   0.   0.  ] (('vas_lat_r', 'med_gas_r', 'soleus_r', 'tib_ant_r', 'psoas_r', 'semimem_r', 'glut_max2_r', 'rect_fem_r', 'sar_r', 'grac_r', 'vas_lat_l', 'med_gas_l', 'soleus_l', 'tib_ant_l', 'psoas_l', 'semimem_l', 'glut_max2_l', 'rect_fem_l', 'sar_l', 'grac_l'))
  hip_flexion_r        -17.3 ..    27.0 deg
  knee_angle_r         -44.3 ..    11.7 deg
  ankle_angle_r        -13.2 ..    32.9 deg
  hip_adduction_r       -4.1 ..     4.0 deg
  subtalar_angle_r      -3.3 ..    11.6 deg
  hip_flexion_l        -19.6 ..    13.4 deg
  knee_angle_l         -38.3 ..    10.5 deg
  ankle_angle_l          0.5 ..    29.1 deg
  hip_adduction_l      -11.1 ..     7.1 deg
  subtalar_angle_l      -0.9 ..     9.4 deg
  pelvis_tilt           -1.9 ..    -0.5 deg
  pelvis_list           -0.5 ..    -0.3 deg
  pelvis_rotation        2.4 ..     2.5 deg
saved spinal_run.npz
saved spinal_run.png
fitted baseline loaded: e2_pf=0.222 f1_df=0.098 f1_kf=0.148 post_kneext=0.011 post_hipext=0.068 desc_f=1.400 e2_adapt=1.700
start pose (normal): applied 20 coordinates as given; pelvis ty 0.922 m (env override=0.9215287157201333); IMU-metric torso lean -0.0 deg (+ = back)
standing solve: nnls x in [0.00, 0.65], >0.1: 13 muscles
  top: add_long_l=0.65, tib_ant_r=0.61, tib_ant_l=0.47, ext_dig_r=0.37, glut_min1_l=0.30, pect_l=0.30, glut_min2_l=0.28, ext_dig_l=0.25
Fmax range: 5..3396 N | L range sample: [0.229942 0.326094]
t=  1.00 max|qacc|=      38.6 max|qvel|=   4.93 ncon=  0 com_z=0.924 com_x=-0.109
t=  1.50 max|qacc|=      13.9 max|qvel|=   1.86 ncon=  0 com_z=0.924 com_x=-0.115
t=  2.00 max|qacc|=      18.9 max|qvel|=   0.55 ncon=  0 com_z=0.930 com_x=-0.116
t=  2.50 max|qacc|=       8.4 max|qvel|=   0.74 ncon=  0 com_z=0.925 com_x=-0.118
t=  3.00 max|qacc|=       9.7 max|qvel|=   1.34 ncon=  0 com_z=0.926 com_x=-0.117
t=  3.50 max|qacc|=       3.6 max|qvel|=   1.50 ncon=  0 com_z=0.925 com_x=-0.119
t=  4.00 max|qacc|=       9.3 max|qvel|=   1.11 ncon=  0 com_z=0.925 com_x=-0.092
t=  4.50 max|qacc|=       9.5 max|qvel|=   0.67 ncon=  0 com_z=0.927 com_x=-0.092
t=  5.00 max|qacc|=      39.5 max|qvel|=   4.49 ncon=  0 com_z=0.930 com_x=-0.148
t=  5.50 max|qacc|=      33.7 max|qvel|=   4.00 ncon=  0 com_z=0.926 com_x=-0.141
t=  6.00 max|qacc|=      16.3 max|qvel|=   1.19 ncon=  0 com_z=0.925 com_x=-0.112
t=  6.50 max|qacc|=      16.1 max|qvel|=   0.98 ncon=  0 com_z=0.932 com_x=-0.146
t=  7.00 max|qacc|=       9.2 max|qvel|=   1.27 ncon=  0 com_z=0.923 com_x=-0.124
t=  7.50 max|qacc|=      15.9 max|qvel|=   1.94 ncon=  0 com_z=0.925 com_x=-0.129
t=  8.00 max|qacc|=      11.0 max|qvel|=   2.04 ncon=  0 com_z=0.929 com_x=-0.142
t=  8.50 max|qacc|=      19.9 max|qvel|=   0.36 ncon=  0 com_z=0.925 com_x=-0.116
t=  9.00 max|qacc|=      12.1 max|qvel|=   2.05 ncon=  0 com_z=0.927 com_x=-0.139
t=  9.50 max|qacc|=       2.1 max|qvel|=   1.28 ncon=  0 com_z=0.924 com_x=-0.132
t= 10.00 max|qacc|=      17.5 max|qvel|=   0.73 ncon=  0 com_z=0.925 com_x=-0.122
t= 10.50 max|qacc|=       5.9 max|qvel|=   0.22 ncon=  0 com_z=0.928 com_x=-0.141
t= 11.00 max|qacc|=       3.4 max|qvel|=   1.20 ncon=  0 com_z=0.923 com_x=-0.124
t= 11.50 max|qacc|=       3.3 max|qvel|=   1.60 ncon=  0 com_z=0.925 com_x=-0.131
t= 12.00 max|qacc|=       5.0 max|qvel|=   0.76 ncon=  0 com_z=0.926 com_x=-0.138
t= 12.50 max|qacc|=       6.2 max|qvel|=   0.29 ncon=  0 com_z=0.924 com_x=-0.122
t= 13.00 max|qacc|=       8.4 max|qvel|=   0.80 ncon=  0 com_z=0.926 com_x=-0.137
t= 13.50 max|qacc|=       3.6 max|qvel|=   1.21 ncon=  0 com_z=0.923 com_x=-0.130
t= 14.00 max|qacc|=       6.1 max|qvel|=   1.05 ncon=  0 com_z=0.925 com_x=-0.126
t= 14.50 max|qacc|=       3.6 max|qvel|=   0.26 ncon=  0 com_z=0.926 com_x=-0.139
t= 15.00 max|qacc|=       4.8 max|qvel|=   0.97 ncon=  0 com_z=0.923 com_x=-0.125
t= 15.50 max|qacc|=       1.3 max|qvel|=   0.98 ncon=  0 com_z=0.925 com_x=-0.132
t= 16.00 max|qacc|=       4.2 max|qvel|=   0.44 ncon=  0 com_z=0.925 com_x=-0.138
t= 16.50 max|qacc|=       3.3 max|qvel|=   0.26 ncon=  0 com_z=0.924 com_x=-0.127
t= 17.00 max|qacc|=      17.1 max|qvel|=   0.92 ncon=  0 com_z=0.927 com_x=-0.142
t= 17.50 max|qacc|=      11.8 max|qvel|=   0.86 ncon=  0 com_z=0.927 com_x=-0.141
t= 18.00 max|qacc|=       9.0 max|qvel|=   0.68 ncon=  0 com_z=0.927 com_x=-0.135
t= 18.50 max|qacc|=      17.2 max|qvel|=   0.35 ncon=  0 com_z=0.928 com_x=-0.145
t= 19.00 max|qacc|=       6.4 max|qvel|=   0.63 ncon=  0 com_z=0.926 com_x=-0.137
t= 19.50 max|qacc|=      12.8 max|qvel|=   0.74 ncon=  0 com_z=0.927 com_x=-0.139
t= 20.00 max|qacc|=      16.5 max|qvel|=   0.47 ncon=  0 com_z=0.927 com_x=-0.143
t= 20.50 max|qacc|=      15.2 max|qvel|=   0.56 ncon=  0 com_z=0.926 com_x=-0.135
t= 21.00 max|qacc|=      16.8 max|qvel|=   0.48 ncon=  0 com_z=0.927 com_x=-0.142
t= 21.50 max|qacc|=       5.2 max|qvel|=   0.74 ncon=  0 com_z=0.926 com_x=-0.140
t= 22.00 max|qacc|=      23.4 max|qvel|=   0.61 ncon=  0 com_z=0.927 com_x=-0.137
t= 22.50 max|qacc|=      14.0 max|qvel|=   0.65 ncon=  0 com_z=0.928 com_x=-0.143
t= 23.00 max|qacc|=      13.3 max|qvel|=   0.74 ncon=  0 com_z=0.926 com_x=-0.137
t= 23.50 max|qacc|=      27.0 max|qvel|=   0.51 ncon=  0 com_z=0.927 com_x=-0.140
t= 24.00 max|qacc|=       7.6 max|qvel|=   0.84 ncon=  0 com_z=0.927 com_x=-0.141
t= 24.50 max|qacc|=      24.0 max|qvel|=   0.43 ncon=  0 com_z=0.927 com_x=-0.137
t= 25.00 max|qacc|=      27.3 max|qvel|=   0.71 ncon=  0 com_z=0.927 com_x=-0.142
t= 25.50 max|qacc|=      26.6 max|qvel|=   0.87 ncon=  0 com_z=0.926 com_x=-0.139
t= 26.00 max|qacc|=      28.6 max|qvel|=   0.47 ncon=  0 com_z=0.927 com_x=-0.139
t= 26.50 max|qacc|=       6.6 max|qvel|=   1.16 ncon=  0 com_z=0.927 com_x=-0.142
t= 27.00 max|qacc|=      35.1 max|qvel|=   0.62 ncon=  0 com_z=0.926 com_x=-0.138
t= 27.50 max|qacc|=      19.1 max|qvel|=   1.05 ncon=  0 com_z=0.927 com_x=-0.141
t= 28.00 max|qacc|=      24.1 max|qvel|=   0.94 ncon=  0 com_z=0.927 com_x=-0.140
t= 28.50 max|qacc|=      41.8 max|qvel|=   0.92 ncon=  0 com_z=0.927 com_x=-0.138
t= 29.00 max|qacc|=      17.6 max|qvel|=   1.14 ncon=  0 com_z=0.927 com_x=-0.142
t= 29.50 max|qacc|=      35.9 max|qvel|=   0.31 ncon=  0 com_z=0.926 com_x=-0.138
t= 30.00 max|qacc|=      28.4 max|qvel|=   1.17 ncon=  0 com_z=0.927 com_x=-0.140
t= 30.50 max|qacc|=      42.2 max|qvel|=   1.08 ncon=  0 com_z=0.927 com_x=-0.141

== summary ==
pelvis/COM height: start 0.94 m, min 0.92 m, final 0.93 m  (stayed up)
COM x: min -0.15 max -0.09 final -0.14 m
COM y: min -0.017 max +0.004 m
RG_F_r bursts during walk window: 0
peak ctrl: [0.   0.   0.01 0.35 0.   0.   0.28 0.   0.   0.   0.   0.01 0.02 0.27
 0.   0.01 0.26 0.   0.   0.  ] (('vas_lat_r', 'med_gas_r', 'soleus_r', 'tib_ant_r', 'psoas_r', 'semimem_r', 'glut_max2_r', 'rect_fem_r', 'sar_r', 'grac_r', 'vas_lat_l', 'med_gas_l', 'soleus_l', 'tib_ant_l', 'psoas_l', 'semimem_l', 'glut_max2_l', 'rect_fem_l', 'sar_l', 'grac_l'))
  hip_flexion_r        -14.9 ..    24.6 deg
  knee_angle_r         -42.3 ..    11.5 deg
  ankle_angle_r         -7.4 ..    32.1 deg
  hip_adduction_r       -3.6 ..     4.0 deg
  subtalar_angle_r      -0.4 ..    11.7 deg
  hip_flexion_l        -19.6 ..    18.8 deg
  knee_angle_l         -54.3 ..    11.0 deg
  ankle_angle_l         -3.2 ..    28.1 deg
  hip_adduction_l      -10.9 ..     7.1 deg
  subtalar_angle_l      -1.5 ..     9.2 deg
  pelvis_tilt           -1.9 ..    -0.5 deg
  pelvis_list           -0.5 ..    -0.3 deg
  pelvis_rotation        2.3 ..     2.5 deg
saved spinal_run.npz
saved spinal_run.png
fitted baseline loaded: e2_pf=0.222 f1_df=0.098 f1_kf=0.148 post_kneext=0.011 post_hipext=0.068 desc_f=1.400 e2_adapt=1.700
start pose (normal): applied 20 coordinates as given; pelvis ty 0.922 m (env override=0.9215287157201333); IMU-metric torso lean -0.0 deg (+ = back)
standing solve: nnls x in [0.00, 0.65], >0.1: 13 muscles
  top: add_long_l=0.65, tib_ant_r=0.61, tib_ant_l=0.47, ext_dig_r=0.37, glut_min1_l=0.30, pect_l=0.30, glut_min2_l=0.28, ext_dig_l=0.25
Fmax range: 5..3396 N | L range sample: [0.229942 0.326094]
t=  1.00 max|qacc|=      47.0 max|qvel|=   3.65 ncon=  0 com_z=0.926 com_x=-0.128
t=  1.50 max|qacc|=      11.0 max|qvel|=   2.78 ncon=  0 com_z=0.927 com_x=-0.135
t=  2.00 max|qacc|=      15.1 max|qvel|=   0.60 ncon=  0 com_z=0.930 com_x=-0.120
t=  2.50 max|qacc|=      11.7 max|qvel|=   0.48 ncon=  0 com_z=0.929 com_x=-0.136
t=  3.00 max|qacc|=       7.3 max|qvel|=   1.27 ncon=  0 com_z=0.928 com_x=-0.128
t=  3.50 max|qacc|=       2.3 max|qvel|=   2.14 ncon=  0 com_z=0.926 com_x=-0.128
t=  4.00 max|qacc|=       5.2 max|qvel|=   0.90 ncon=  0 com_z=0.924 com_x=-0.121
t=  4.50 max|qacc|=       4.4 max|qvel|=   0.37 ncon=  0 com_z=0.926 com_x=-0.096
t=  5.00 max|qacc|=       2.9 max|qvel|=   1.00 ncon=  0 com_z=0.923 com_x=-0.102
t=  5.50 max|qacc|=       6.0 max|qvel|=   1.49 ncon=  0 com_z=0.922 com_x=-0.099
t=  6.00 max|qacc|=       5.4 max|qvel|=   0.57 ncon=  0 com_z=0.926 com_x=-0.095
t=  6.50 max|qacc|=       8.7 max|qvel|=   0.92 ncon=  0 com_z=0.925 com_x=-0.105
t=  7.00 max|qacc|=       8.2 max|qvel|=   0.95 ncon=  0 com_z=0.922 com_x=-0.093
t=  7.50 max|qacc|=      10.6 max|qvel|=   1.02 ncon=  0 com_z=0.925 com_x=-0.100
t=  8.00 max|qacc|=       9.8 max|qvel|=   0.45 ncon=  0 com_z=0.926 com_x=-0.106
t=  8.50 max|qacc|=       3.6 max|qvel|=   1.12 ncon=  0 com_z=0.923 com_x=-0.088
t=  9.00 max|qacc|=      13.3 max|qvel|=   1.96 ncon=  0 com_z=0.924 com_x=-0.108
t=  9.50 max|qacc|=       5.0 max|qvel|=   1.40 ncon=  0 com_z=0.926 com_x=-0.103
t= 10.00 max|qacc|=       8.3 max|qvel|=   1.02 ncon=  0 com_z=0.926 com_x=-0.084
t= 10.50 max|qacc|=       9.0 max|qvel|=   2.38 ncon=  0 com_z=0.923 com_x=-0.114
t= 11.00 max|qacc|=       4.6 max|qvel|=   0.90 ncon=  0 com_z=0.925 com_x=-0.098
t= 11.50 max|qacc|=       6.7 max|qvel|=   0.82 ncon=  0 com_z=0.926 com_x=-0.085
t= 12.00 max|qacc|=      11.3 max|qvel|=   0.91 ncon=  0 com_z=0.925 com_x=-0.118
t= 12.50 max|qacc|=       3.9 max|qvel|=   1.06 ncon=  0 com_z=0.923 com_x=-0.089
t= 13.00 max|qacc|=       8.1 max|qvel|=   0.70 ncon=  0 com_z=0.926 com_x=-0.092
t= 13.50 max|qacc|=       6.4 max|qvel|=   0.87 ncon=  0 com_z=0.926 com_x=-0.121
t= 14.00 max|qacc|=       5.6 max|qvel|=   1.04 ncon=  0 com_z=0.923 com_x=-0.081
t= 14.50 max|qacc|=      11.0 max|qvel|=   0.94 ncon=  0 com_z=0.925 com_x=-0.101
t= 15.00 max|qacc|=       6.3 max|qvel|=   0.94 ncon=  0 com_z=0.926 com_x=-0.118
t= 15.50 max|qacc|=       7.2 max|qvel|=   0.92 ncon=  0 com_z=0.924 com_x=-0.075
t= 16.00 max|qacc|=       9.3 max|qvel|=   2.28 ncon=  0 com_z=0.925 com_x=-0.114
t= 16.50 max|qacc|=       8.1 max|qvel|=   1.64 ncon=  0 com_z=0.925 com_x=-0.126
t= 17.00 max|qacc|=      18.1 max|qvel|=   1.05 ncon=  0 com_z=0.927 com_x=-0.112
t= 17.50 max|qacc|=       9.7 max|qvel|=   0.94 ncon=  0 com_z=0.932 com_x=-0.148
t= 18.00 max|qacc|=       6.6 max|qvel|=   1.80 ncon=  0 com_z=0.924 com_x=-0.122
t= 18.50 max|qacc|=       6.7 max|qvel|=   1.52 ncon=  0 com_z=0.929 com_x=-0.128
t= 19.00 max|qacc|=       4.8 max|qvel|=   1.00 ncon=  0 com_z=0.930 com_x=-0.143
t= 19.50 max|qacc|=       6.7 max|qvel|=   0.80 ncon=  0 com_z=0.925 com_x=-0.116
t= 20.00 max|qacc|=       4.9 max|qvel|=   1.33 ncon=  0 com_z=0.931 com_x=-0.140
t= 20.50 max|qacc|=       3.6 max|qvel|=   1.46 ncon=  0 com_z=0.926 com_x=-0.131
t= 21.00 max|qacc|=       6.0 max|qvel|=   0.74 ncon=  0 com_z=0.927 com_x=-0.122
t= 21.50 max|qacc|=       4.3 max|qvel|=   0.62 ncon=  0 com_z=0.930 com_x=-0.144
t= 22.00 max|qacc|=       4.9 max|qvel|=   0.85 ncon=  0 com_z=0.924 com_x=-0.120
t= 22.50 max|qacc|=       2.6 max|qvel|=   1.06 ncon=  0 com_z=0.929 com_x=-0.134
t= 23.00 max|qacc|=       4.5 max|qvel|=   0.72 ncon=  0 com_z=0.927 com_x=-0.136
t= 23.50 max|qacc|=       4.2 max|qvel|=   0.57 ncon=  0 com_z=0.925 com_x=-0.121
t= 24.00 max|qacc|=       3.5 max|qvel|=   0.47 ncon=  0 com_z=0.930 com_x=-0.141
t= 24.50 max|qacc|=       2.6 max|qvel|=   0.89 ncon=  0 com_z=0.925 com_x=-0.126
t= 25.00 max|qacc|=       1.5 max|qvel|=   0.82 ncon=  0 com_z=0.927 com_x=-0.129
t= 25.50 max|qacc|=       3.4 max|qvel|=   0.38 ncon=  0 com_z=0.928 com_x=-0.138
t= 26.00 max|qacc|=       3.7 max|qvel|=   0.26 ncon=  0 com_z=0.925 com_x=-0.122
t= 26.50 max|qacc|=       2.2 max|qvel|=   0.47 ncon=  0 com_z=0.928 com_x=-0.137
t= 27.00 max|qacc|=       1.2 max|qvel|=   0.69 ncon=  0 com_z=0.926 com_x=-0.130
t= 27.50 max|qacc|=       1.5 max|qvel|=   0.47 ncon=  0 com_z=0.926 com_x=-0.126
t= 28.00 max|qacc|=       2.8 max|qvel|=   0.22 ncon=  0 com_z=0.928 com_x=-0.138
t= 28.50 max|qacc|=       2.5 max|qvel|=   0.24 ncon=  0 com_z=0.925 com_x=-0.125
t= 29.00 max|qacc|=       1.1 max|qvel|=   0.48 ncon=  0 com_z=0.927 com_x=-0.133
t= 29.50 max|qacc|=       0.8 max|qvel|=   0.49 ncon=  0 com_z=0.927 com_x=-0.133
t= 30.00 max|qacc|=       1.8 max|qvel|=   0.26 ncon=  0 com_z=0.926 com_x=-0.126
t= 30.50 max|qacc|=       2.0 max|qvel|=   0.09 ncon=  0 com_z=0.928 com_x=-0.136

== summary ==
pelvis/COM height: start 0.94 m, min 0.92 m, final 0.93 m  (stayed up)
COM x: min -0.15 max -0.07 final -0.13 m
COM y: min -0.017 max +0.007 m
RG_F_r bursts during walk window: 0
peak ctrl: [0.   0.01 0.01 0.36 0.   0.   0.24 0.   0.   0.   0.   0.01 0.02 0.28
 0.   0.01 0.22 0.   0.   0.  ] (('vas_lat_r', 'med_gas_r', 'soleus_r', 'tib_ant_r', 'psoas_r', 'semimem_r', 'glut_max2_r', 'rect_fem_r', 'sar_r', 'grac_r', 'vas_lat_l', 'med_gas_l', 'soleus_l', 'tib_ant_l', 'psoas_l', 'semimem_l', 'glut_max2_l', 'rect_fem_l', 'sar_l', 'grac_l'))
  hip_flexion_r        -16.6 ..    24.6 deg
  knee_angle_r         -31.7 ..    10.9 deg
  ankle_angle_r         -7.1 ..    38.7 deg
  hip_adduction_r       -5.6 ..     4.8 deg
  subtalar_angle_r       0.0 ..    11.5 deg
  hip_flexion_l        -21.0 ..    13.2 deg
  knee_angle_l         -45.7 ..    10.3 deg
  ankle_angle_l          1.5 ..    39.1 deg
  hip_adduction_l      -13.3 ..     7.6 deg
  subtalar_angle_l       0.0 ..    10.2 deg
  pelvis_tilt           -1.9 ..    -0.6 deg
  pelvis_list           -0.5 ..    -0.3 deg
  pelvis_rotation        2.4 ..     2.5 deg
saved spinal_run.npz
saved spinal_run.png
fitted baseline loaded: e2_pf=0.222 f1_df=0.098 f1_kf=0.148 post_kneext=0.011 post_hipext=0.068 desc_f=1.400 e2_adapt=1.700
start pose (normal): applied 20 coordinates as given; pelvis ty 0.922 m (env override=0.9215287157201333); IMU-metric torso lean -0.0 deg (+ = back)
standing solve: nnls x in [0.00, 0.65], >0.1: 13 muscles
  top: add_long_l=0.65, tib_ant_r=0.61, tib_ant_l=0.47, ext_dig_r=0.37, glut_min1_l=0.30, pect_l=0.30, glut_min2_l=0.28, ext_dig_l=0.25
Fmax range: 5..3396 N | L range sample: [0.229942 0.326094]
t=  1.00 max|qacc|=      55.1 max|qvel|=   4.49 ncon=  0 com_z=0.924 com_x=-0.117
t=  1.50 max|qacc|=      17.9 max|qvel|=   2.22 ncon=  0 com_z=0.925 com_x=-0.124
t=  2.00 max|qacc|=      17.5 max|qvel|=   0.59 ncon=  0 com_z=0.930 com_x=-0.118
t=  2.50 max|qacc|=      10.2 max|qvel|=   0.61 ncon=  0 com_z=0.927 com_x=-0.126
t=  3.00 max|qacc|=       6.9 max|qvel|=   1.14 ncon=  0 com_z=0.927 com_x=-0.121
t=  3.50 max|qacc|=       2.9 max|qvel|=   2.09 ncon=  0 com_z=0.925 com_x=-0.123
t=  4.00 max|qacc|=       8.0 max|qvel|=   0.81 ncon=  0 com_z=0.924 com_x=-0.104
t=  4.50 max|qacc|=       6.3 max|qvel|=   0.45 ncon=  0 com_z=0.927 com_x=-0.087
t=  5.00 max|qacc|=      33.4 max|qvel|=   3.31 ncon=  0 com_z=0.930 com_x=-0.142
t=  5.50 max|qacc|=       7.4 max|qvel|=   5.54 ncon=  0 com_z=0.928 com_x=-0.147
t=  6.00 max|qacc|=      12.3 max|qvel|=   2.91 ncon=  0 com_z=0.924 com_x=-0.109
t=  6.50 max|qacc|=      15.4 max|qvel|=   1.16 ncon=  0 com_z=0.931 com_x=-0.144
t=  7.00 max|qacc|=       9.4 max|qvel|=   1.49 ncon=  0 com_z=0.925 com_x=-0.132
t=  7.50 max|qacc|=      16.3 max|qvel|=   1.68 ncon=  0 com_z=0.923 com_x=-0.124
t=  8.00 max|qacc|=       9.6 max|qvel|=   1.84 ncon=  0 com_z=0.929 com_x=-0.145
t=  8.50 max|qacc|=      26.1 max|qvel|=   0.52 ncon=  0 com_z=0.925 com_x=-0.120
t=  9.00 max|qacc|=      10.5 max|qvel|=   1.98 ncon=  0 com_z=0.925 com_x=-0.134
t=  9.50 max|qacc|=       2.8 max|qvel|=   1.19 ncon=  0 com_z=0.925 com_x=-0.137
t= 10.00 max|qacc|=       9.9 max|qvel|=   0.70 ncon=  0 com_z=0.924 com_x=-0.123
t= 10.50 max|qacc|=       5.2 max|qvel|=   0.20 ncon=  0 com_z=0.927 com_x=-0.139
t= 11.00 max|qacc|=       3.4 max|qvel|=   1.23 ncon=  0 com_z=0.924 com_x=-0.129
t= 11.50 max|qacc|=       1.9 max|qvel|=   1.60 ncon=  0 com_z=0.924 com_x=-0.128
t= 12.00 max|qacc|=       4.4 max|qvel|=   0.62 ncon=  0 com_z=0.926 com_x=-0.138
t= 12.50 max|qacc|=       6.3 max|qvel|=   0.36 ncon=  0 com_z=0.925 com_x=-0.125
t= 13.00 max|qacc|=       7.8 max|qvel|=   0.82 ncon=  0 com_z=0.925 com_x=-0.134
t= 13.50 max|qacc|=       3.9 max|qvel|=   1.13 ncon=  0 com_z=0.924 com_x=-0.133
t= 14.00 max|qacc|=       5.7 max|qvel|=   0.93 ncon=  0 com_z=0.925 com_x=-0.127
t= 14.50 max|qacc|=       3.3 max|qvel|=   0.17 ncon=  0 com_z=0.926 com_x=-0.137
t= 15.00 max|qacc|=       4.2 max|qvel|=   0.97 ncon=  0 com_z=0.924 com_x=-0.129
t= 15.50 max|qacc|=       0.8 max|qvel|=   0.96 ncon=  0 com_z=0.924 com_x=-0.131
t= 16.00 max|qacc|=       3.8 max|qvel|=   0.37 ncon=  0 com_z=0.925 com_x=-0.137
t= 16.50 max|qacc|=      18.8 max|qvel|=   0.56 ncon=  0 com_z=0.925 com_x=-0.131
t= 17.00 max|qacc|=      13.5 max|qvel|=   0.83 ncon=  0 com_z=0.928 com_x=-0.144
t= 17.50 max|qacc|=       1.8 max|qvel|=   0.97 ncon=  0 com_z=0.927 com_x=-0.143
t= 18.00 max|qacc|=       4.9 max|qvel|=   0.80 ncon=  0 com_z=0.927 com_x=-0.138
t= 18.50 max|qacc|=       2.2 max|qvel|=   0.16 ncon=  0 com_z=0.929 com_x=-0.146
t= 19.00 max|qacc|=       3.0 max|qvel|=   0.63 ncon=  0 com_z=0.927 com_x=-0.139
t= 19.50 max|qacc|=       0.8 max|qvel|=   0.73 ncon=  0 com_z=0.928 com_x=-0.141
t= 20.00 max|qacc|=       3.1 max|qvel|=   0.45 ncon=  0 com_z=0.928 com_x=-0.145
t= 20.50 max|qacc|=       3.4 max|qvel|=   0.11 ncon=  0 com_z=0.927 com_x=-0.138
t= 21.00 max|qacc|=       3.5 max|qvel|=   0.51 ncon=  0 com_z=0.928 com_x=-0.144
t= 21.50 max|qacc|=       0.6 max|qvel|=   0.71 ncon=  0 com_z=0.927 com_x=-0.141
t= 22.00 max|qacc|=       2.1 max|qvel|=   0.63 ncon=  0 com_z=0.927 com_x=-0.140
t= 22.50 max|qacc|=       1.8 max|qvel|=   0.11 ncon=  0 com_z=0.928 com_x=-0.145
t= 23.00 max|qacc|=       2.4 max|qvel|=   0.31 ncon=  0 com_z=0.927 com_x=-0.139
t= 23.50 max|qacc|=       0.8 max|qvel|=   0.48 ncon=  0 com_z=0.928 com_x=-0.142
t= 24.00 max|qacc|=       1.9 max|qvel|=   0.40 ncon=  0 com_z=0.927 com_x=-0.143
t= 24.50 max|qacc|=       2.4 max|qvel|=   0.09 ncon=  0 com_z=0.927 com_x=-0.139
t= 25.00 max|qacc|=       2.7 max|qvel|=   0.28 ncon=  0 com_z=0.928 com_x=-0.144
t= 25.50 max|qacc|=       0.7 max|qvel|=   0.48 ncon=  0 com_z=0.927 com_x=-0.141
t= 26.00 max|qacc|=       0.8 max|qvel|=   0.49 ncon=  0 com_z=0.928 com_x=-0.141
t= 26.50 max|qacc|=       1.3 max|qvel|=   0.16 ncon=  0 com_z=0.928 com_x=-0.144
t= 27.00 max|qacc|=       1.9 max|qvel|=   0.15 ncon=  0 com_z=0.927 com_x=-0.140
t= 27.50 max|qacc|=       0.5 max|qvel|=   0.31 ncon=  0 com_z=0.928 com_x=-0.143
t= 28.00 max|qacc|=       0.9 max|qvel|=   0.33 ncon=  0 com_z=0.927 com_x=-0.142
t= 28.50 max|qacc|=       1.7 max|qvel|=   0.11 ncon=  0 com_z=0.927 com_x=-0.140
t= 29.00 max|qacc|=       2.0 max|qvel|=   0.15 ncon=  0 com_z=0.928 com_x=-0.143
t= 29.50 max|qacc|=       0.8 max|qvel|=   0.31 ncon=  0 com_z=0.927 com_x=-0.140
t= 30.00 max|qacc|=       0.6 max|qvel|=   0.36 ncon=  0 com_z=0.928 com_x=-0.142
t= 30.50 max|qacc|=       0.9 max|qvel|=   0.16 ncon=  0 com_z=0.927 com_x=-0.143

== summary ==
pelvis/COM height: start 0.94 m, min 0.92 m, final 0.93 m  (stayed up)
COM x: min -0.15 max -0.09 final -0.14 m
COM y: min -0.017 max +0.005 m
RG_F_r bursts during walk window: 0
peak ctrl: [0.   0.01 0.01 0.35 0.   0.   0.3  0.   0.   0.   0.   0.01 0.02 0.27
 0.   0.01 0.28 0.   0.   0.  ] (('vas_lat_r', 'med_gas_r', 'soleus_r', 'tib_ant_r', 'psoas_r', 'semimem_r', 'glut_max2_r', 'rect_fem_r', 'sar_r', 'grac_r', 'vas_lat_l', 'med_gas_l', 'soleus_l', 'tib_ant_l', 'psoas_l', 'semimem_l', 'glut_max2_l', 'rect_fem_l', 'sar_l', 'grac_l'))
  hip_flexion_r         -8.4 ..    24.6 deg
  knee_angle_r         -37.2 ..    11.4 deg
  ankle_angle_r         -7.2 ..    34.8 deg
  hip_adduction_r       -4.0 ..     3.9 deg
  subtalar_angle_r      -0.5 ..    11.5 deg
  hip_flexion_l        -19.4 ..    23.1 deg
  knee_angle_l         -58.0 ..    11.1 deg
  ankle_angle_l         -2.3 ..    32.5 deg
  hip_adduction_l      -11.8 ..     7.1 deg
  subtalar_angle_l      -3.1 ..     9.9 deg
  pelvis_tilt           -1.9 ..    -0.5 deg
  pelvis_list           -0.5 ..    -0.3 deg
  pelvis_rotation        2.3 ..     2.5 deg
saved spinal_run.npz
saved spinal_run.png
fitted baseline loaded: e2_pf=0.222 f1_df=0.098 f1_kf=0.148 post_kneext=0.011 post_hipext=0.068 desc_f=1.400 e2_adapt=1.700
start pose (normal): applied 20 coordinates as given; pelvis ty 0.922 m (env override=0.9215287157201333); IMU-metric torso lean -0.0 deg (+ = back)
standing solve: nnls x in [0.00, 0.65], >0.1: 13 muscles
  top: add_long_l=0.65, tib_ant_r=0.61, tib_ant_l=0.47, ext_dig_r=0.37, glut_min1_l=0.30, pect_l=0.30, glut_min2_l=0.28, ext_dig_l=0.25
Fmax range: 5..3396 N | L range sample: [0.229942 0.326094]
t=  1.00 max|qacc|=      40.4 max|qvel|=   5.05 ncon=  0 com_z=0.924 com_x=-0.106
t=  1.50 max|qacc|=      14.7 max|qvel|=   1.73 ncon=  0 com_z=0.924 com_x=-0.112
t=  2.00 max|qacc|=      19.6 max|qvel|=   0.60 ncon=  0 com_z=0.930 com_x=-0.115
t=  2.50 max|qacc|=       7.7 max|qvel|=   0.85 ncon=  0 com_z=0.925 com_x=-0.115
t=  3.00 max|qacc|=      10.7 max|qvel|=   1.45 ncon=  0 com_z=0.926 com_x=-0.116
t=  3.50 max|qacc|=       3.9 max|qvel|=   1.29 ncon=  0 com_z=0.925 com_x=-0.118
t=  4.00 max|qacc|=       9.2 max|qvel|=   1.26 ncon=  0 com_z=0.925 com_x=-0.089
t=  4.50 max|qacc|=      49.2 max|qvel|=   1.15 ncon=  0 com_z=0.927 com_x=-0.095
t=  5.00 max|qacc|=      23.6 max|qvel|=   1.63 ncon=  0 com_z=0.936 com_x=-0.158
t=  5.50 max|qacc|=      14.2 max|qvel|=   3.30 ncon=  0 com_z=0.922 com_x=-0.123
t=  6.00 max|qacc|=      44.1 max|qvel|=   1.30 ncon=  0 com_z=0.926 com_x=-0.123
t=  6.50 max|qacc|=      15.7 max|qvel|=   1.51 ncon=  0 com_z=0.933 com_x=-0.152
t=  7.00 max|qacc|=      27.1 max|qvel|=   1.02 ncon=  0 com_z=0.922 com_x=-0.108
t=  7.50 max|qacc|=       7.8 max|qvel|=   2.95 ncon=  0 com_z=0.928 com_x=-0.141
t=  8.00 max|qacc|=       3.3 max|qvel|=   2.48 ncon=  0 com_z=0.926 com_x=-0.139
t=  8.50 max|qacc|=       6.6 max|qvel|=   0.78 ncon=  0 com_z=0.923 com_x=-0.110
t=  9.00 max|qacc|=      15.3 max|qvel|=   0.99 ncon=  0 com_z=0.931 com_x=-0.148
t=  9.50 max|qacc|=       3.5 max|qvel|=   1.13 ncon=  0 com_z=0.922 com_x=-0.123
t= 10.00 max|qacc|=      11.8 max|qvel|=   1.44 ncon=  0 com_z=0.925 com_x=-0.125
t= 10.50 max|qacc|=       5.4 max|qvel|=   0.62 ncon=  0 com_z=0.928 com_x=-0.145
t= 11.00 max|qacc|=       4.8 max|qvel|=   0.79 ncon=  0 com_z=0.922 com_x=-0.116
t= 11.50 max|qacc|=       6.0 max|qvel|=   1.32 ncon=  0 com_z=0.926 com_x=-0.136
t= 12.00 max|qacc|=       6.1 max|qvel|=   0.88 ncon=  0 com_z=0.925 com_x=-0.136
t= 12.50 max|qacc|=       6.4 max|qvel|=   0.30 ncon=  0 com_z=0.923 com_x=-0.118
t= 13.00 max|qacc|=       5.3 max|qvel|=   0.38 ncon=  0 com_z=0.927 com_x=-0.142
t= 13.50 max|qacc|=       1.5 max|qvel|=   1.28 ncon=  0 com_z=0.922 com_x=-0.126
t= 14.00 max|qacc|=       3.2 max|qvel|=   1.30 ncon=  0 com_z=0.924 com_x=-0.126
t= 14.50 max|qacc|=       2.8 max|qvel|=   0.32 ncon=  0 com_z=0.927 com_x=-0.141
t= 15.00 max|qacc|=       5.7 max|qvel|=   0.49 ncon=  0 com_z=0.922 com_x=-0.121
t= 15.50 max|qacc|=       3.5 max|qvel|=   0.68 ncon=  0 com_z=0.925 com_x=-0.134
t= 16.00 max|qacc|=       3.5 max|qvel|=   0.73 ncon=  0 com_z=0.925 com_x=-0.137
t= 16.50 max|qacc|=       2.3 max|qvel|=   0.31 ncon=  0 com_z=0.923 com_x=-0.125
t= 17.00 max|qacc|=       7.3 max|qvel|=   0.56 ncon=  0 com_z=0.928 com_x=-0.143
t= 17.50 max|qacc|=       6.6 max|qvel|=   0.69 ncon=  0 com_z=0.926 com_x=-0.139
t= 18.00 max|qacc|=      10.7 max|qvel|=   0.75 ncon=  0 com_z=0.926 com_x=-0.135
t= 18.50 max|qacc|=      11.3 max|qvel|=   0.35 ncon=  0 com_z=0.928 com_x=-0.145
t= 19.00 max|qacc|=      12.9 max|qvel|=   0.49 ncon=  0 com_z=0.926 com_x=-0.135
t= 19.50 max|qacc|=      14.6 max|qvel|=   0.50 ncon=  0 com_z=0.927 com_x=-0.139
t= 20.00 max|qacc|=       6.7 max|qvel|=   0.69 ncon=  0 com_z=0.927 com_x=-0.142
t= 20.50 max|qacc|=      23.9 max|qvel|=   0.58 ncon=  0 com_z=0.926 com_x=-0.134
t= 21.00 max|qacc|=      18.2 max|qvel|=   0.68 ncon=  0 com_z=0.927 com_x=-0.142
t= 21.50 max|qacc|=      13.3 max|qvel|=   1.03 ncon=  0 com_z=0.926 com_x=-0.138
t= 22.00 max|qacc|=      34.2 max|qvel|=   0.55 ncon=  0 com_z=0.926 com_x=-0.137
t= 22.50 max|qacc|=      14.3 max|qvel|=   1.19 ncon=  0 com_z=0.927 com_x=-0.142
t= 23.00 max|qacc|=      36.9 max|qvel|=   0.63 ncon=  0 com_z=0.926 com_x=-0.136
t= 23.50 max|qacc|=      35.2 max|qvel|=   1.22 ncon=  0 com_z=0.927 com_x=-0.140
t= 24.00 max|qacc|=      45.7 max|qvel|=   1.32 ncon=  0 com_z=0.926 com_x=-0.140
t= 24.50 max|qacc|=      35.6 max|qvel|=   1.35 ncon=  0 com_z=0.926 com_x=-0.137
t= 25.00 max|qacc|=      32.2 max|qvel|=   1.31 ncon=  0 com_z=0.927 com_x=-0.141
t= 25.50 max|qacc|=      62.8 max|qvel|=   1.20 ncon=  0 com_z=0.926 com_x=-0.138
t= 26.00 max|qacc|=      41.7 max|qvel|=   1.75 ncon=  0 com_z=0.926 com_x=-0.138
t= 26.50 max|qacc|=      41.9 max|qvel|=   1.28 ncon=  0 com_z=0.927 com_x=-0.141
t= 27.00 max|qacc|=      30.9 max|qvel|=   1.65 ncon=  0 com_z=0.926 com_x=-0.137
t= 27.50 max|qacc|=      71.1 max|qvel|=   1.28 ncon=  0 com_z=0.927 com_x=-0.140
t= 28.00 max|qacc|=      43.1 max|qvel|=   1.94 ncon=  0 com_z=0.926 com_x=-0.139
t= 28.50 max|qacc|=      45.3 max|qvel|=   1.31 ncon=  0 com_z=0.926 com_x=-0.138
t= 29.00 max|qacc|=      32.9 max|qvel|=   1.76 ncon=  0 com_z=0.927 com_x=-0.140
t= 29.50 max|qacc|=      75.2 max|qvel|=   1.28 ncon=  0 com_z=0.926 com_x=-0.138
t= 30.00 max|qacc|=      43.3 max|qvel|=   1.99 ncon=  0 com_z=0.926 com_x=-0.139
t= 30.50 max|qacc|=      45.9 max|qvel|=   1.34 ncon=  0 com_z=0.927 com_x=-0.140

== summary ==
pelvis/COM height: start 0.94 m, min 0.92 m, final 0.93 m  (stayed up)
COM x: min -0.16 max -0.09 final -0.14 m
COM y: min -0.017 max +0.005 m
RG_F_r bursts during walk window: 0
peak ctrl: [0.   0.09 0.11 0.34 0.   0.   0.27 0.   0.   0.   0.   0.09 0.1  0.26
 0.   0.01 0.25 0.   0.   0.  ] (('vas_lat_r', 'med_gas_r', 'soleus_r', 'tib_ant_r', 'psoas_r', 'semimem_r', 'glut_max2_r', 'rect_fem_r', 'sar_r', 'grac_r', 'vas_lat_l', 'med_gas_l', 'soleus_l', 'tib_ant_l', 'psoas_l', 'semimem_l', 'glut_max2_l', 'rect_fem_l', 'sar_l', 'grac_l'))
  hip_flexion_r        -16.5 ..    25.1 deg
  knee_angle_r         -44.1 ..    11.7 deg
  ankle_angle_r        -38.1 ..    31.0 deg
  hip_adduction_r       -3.4 ..     4.0 deg
  subtalar_angle_r      -2.8 ..    11.9 deg
  hip_flexion_l        -19.0 ..    22.3 deg
  knee_angle_l         -44.3 ..    11.9 deg
  ankle_angle_l        -36.3 ..    26.8 deg
  hip_adduction_l      -10.6 ..     9.1 deg
  subtalar_angle_l      -1.9 ..     8.8 deg
  pelvis_tilt           -1.9 ..    -0.5 deg
  pelvis_list           -0.5 ..    -0.3 deg
  pelvis_rotation        2.3 ..     2.5 deg
saved spinal_run.npz
saved spinal_run.png
fitted baseline loaded: e2_pf=0.222 f1_df=0.098 f1_kf=0.148 post_kneext=0.011 post_hipext=0.068 desc_f=1.400 e2_adapt=1.700
start pose (normal): applied 20 coordinates as given; pelvis ty 0.922 m (env override=0.9215287157201333); IMU-metric torso lean -0.0 deg (+ = back)
standing solve: nnls x in [0.00, 0.65], >0.1: 13 muscles
  top: add_long_l=0.65, tib_ant_r=0.61, tib_ant_l=0.47, ext_dig_r=0.37, glut_min1_l=0.30, pect_l=0.30, glut_min2_l=0.28, ext_dig_l=0.25
Fmax range: 5..3396 N | L range sample: [0.229942 0.326094]
t=  1.00 max|qacc|=      38.6 max|qvel|=   4.65 ncon=  0 com_z=0.924 com_x=-0.114
t=  1.50 max|qacc|=      21.7 max|qvel|=   2.11 ncon=  0 com_z=0.924 com_x=-0.121
t=  2.00 max|qacc|=      18.0 max|qvel|=   0.54 ncon=  0 com_z=0.930 com_x=-0.117
t=  2.50 max|qacc|=       9.7 max|qvel|=   0.65 ncon=  0 com_z=0.926 com_x=-0.123
t=  3.00 max|qacc|=       7.7 max|qvel|=   1.19 ncon=  0 com_z=0.927 com_x=-0.120
t=  3.50 max|qacc|=       3.1 max|qvel|=   1.90 ncon=  0 com_z=0.925 com_x=-0.122
t=  4.00 max|qacc|=       6.8 max|qvel|=   0.77 ncon=  0 com_z=0.924 com_x=-0.100
t=  4.50 max|qacc|=       5.8 max|qvel|=   0.52 ncon=  0 com_z=0.927 com_x=-0.088
t=  5.00 max|qacc|=       3.6 max|qvel|=   1.14 ncon=  0 com_z=0.924 com_x=-0.113
t=  5.50 max|qacc|=       5.8 max|qvel|=   1.65 ncon=  0 com_z=0.923 com_x=-0.092
t=  6.00 max|qacc|=       5.6 max|qvel|=   0.77 ncon=  0 com_z=0.927 com_x=-0.091
t=  6.50 max|qacc|=       9.8 max|qvel|=   0.85 ncon=  0 com_z=0.925 com_x=-0.116
t=  7.00 max|qacc|=       9.6 max|qvel|=   1.07 ncon=  0 com_z=0.923 com_x=-0.085
t=  7.50 max|qacc|=      12.9 max|qvel|=   1.16 ncon=  0 com_z=0.925 com_x=-0.099
t=  8.00 max|qacc|=      10.2 max|qvel|=   0.86 ncon=  0 com_z=0.927 com_x=-0.115
t=  8.50 max|qacc|=       7.1 max|qvel|=   1.28 ncon=  0 com_z=0.923 com_x=-0.079
t=  9.00 max|qacc|=      16.7 max|qvel|=   2.00 ncon=  0 com_z=0.925 com_x=-0.108
t=  9.50 max|qacc|=       4.9 max|qvel|=   1.53 ncon=  0 com_z=0.926 com_x=-0.111
t= 10.00 max|qacc|=       9.4 max|qvel|=   1.02 ncon=  0 com_z=0.926 com_x=-0.074
t= 10.50 max|qacc|=       9.7 max|qvel|=   2.81 ncon=  0 com_z=0.924 com_x=-0.116
t= 11.00 max|qacc|=       5.2 max|qvel|=   1.13 ncon=  0 com_z=0.924 com_x=-0.106
t= 11.50 max|qacc|=       5.7 max|qvel|=   1.04 ncon=  0 com_z=0.926 com_x=-0.073
t= 12.00 max|qacc|=      13.5 max|qvel|=   1.17 ncon=  0 com_z=0.926 com_x=-0.122
t= 12.50 max|qacc|=       3.5 max|qvel|=   1.10 ncon=  0 com_z=0.923 com_x=-0.096
t= 13.00 max|qacc|=       7.5 max|qvel|=   0.79 ncon=  0 com_z=0.925 com_x=-0.078
t= 13.50 max|qacc|=       8.4 max|qvel|=   0.54 ncon=  0 com_z=0.926 com_x=-0.127
t= 14.00 max|qacc|=       3.9 max|qvel|=   1.08 ncon=  0 com_z=0.923 com_x=-0.085
t= 14.50 max|qacc|=      11.2 max|qvel|=   0.93 ncon=  0 com_z=0.924 com_x=-0.086
t= 15.00 max|qacc|=       6.0 max|qvel|=   0.62 ncon=  0 com_z=0.927 com_x=-0.127
t= 15.50 max|qacc|=       3.9 max|qvel|=   1.02 ncon=  0 com_z=0.924 com_x=-0.077
t= 16.00 max|qacc|=       9.9 max|qvel|=   2.13 ncon=  0 com_z=0.923 com_x=-0.097
t= 16.50 max|qacc|=      12.1 max|qvel|=   1.36 ncon=  0 com_z=0.925 com_x=-0.119
t= 17.00 max|qacc|=       5.0 max|qvel|=   0.64 ncon=  0 com_z=0.924 com_x=-0.095
t= 17.50 max|qacc|=       8.2 max|qvel|=   1.34 ncon=  0 com_z=0.932 com_x=-0.144
t= 18.00 max|qacc|=       6.9 max|qvel|=   1.79 ncon=  0 com_z=0.923 com_x=-0.117
t= 18.50 max|qacc|=       6.1 max|qvel|=   1.09 ncon=  0 com_z=0.925 com_x=-0.112
t= 19.00 max|qacc|=       7.1 max|qvel|=   0.55 ncon=  0 com_z=0.930 com_x=-0.143
t= 19.50 max|qacc|=       5.6 max|qvel|=   0.39 ncon=  0 com_z=0.923 com_x=-0.103
t= 20.00 max|qacc|=       2.2 max|qvel|=   1.39 ncon=  0 com_z=0.928 com_x=-0.131
t= 20.50 max|qacc|=       3.3 max|qvel|=   1.65 ncon=  0 com_z=0.925 com_x=-0.129
t= 21.00 max|qacc|=       4.2 max|qvel|=   0.58 ncon=  0 com_z=0.924 com_x=-0.106
t= 21.50 max|qacc|=       6.3 max|qvel|=   0.26 ncon=  0 com_z=0.930 com_x=-0.139
t= 22.00 max|qacc|=       5.8 max|qvel|=   0.72 ncon=  0 com_z=0.923 com_x=-0.113
t= 22.50 max|qacc|=       0.8 max|qvel|=   1.12 ncon=  0 com_z=0.925 com_x=-0.120
t= 23.00 max|qacc|=       4.9 max|qvel|=   0.92 ncon=  0 com_z=0.927 com_x=-0.134
t= 23.50 max|qacc|=       3.6 max|qvel|=   0.23 ncon=  0 com_z=0.923 com_x=-0.108
t= 24.00 max|qacc|=       3.8 max|qvel|=   0.59 ncon=  0 com_z=0.928 com_x=-0.132
t= 24.50 max|qacc|=       3.8 max|qvel|=   0.96 ncon=  0 com_z=0.924 com_x=-0.121
t= 25.00 max|qacc|=       2.2 max|qvel|=   0.82 ncon=  0 com_z=0.924 com_x=-0.115
t= 25.50 max|qacc|=       5.1 max|qvel|=   0.53 ncon=  0 com_z=0.927 com_x=-0.133
t= 26.00 max|qacc|=       3.3 max|qvel|=   0.10 ncon=  0 com_z=0.924 com_x=-0.113
t= 26.50 max|qacc|=       2.8 max|qvel|=   0.65 ncon=  0 com_z=0.926 com_x=-0.126
t= 27.00 max|qacc|=       1.1 max|qvel|=   0.88 ncon=  0 com_z=0.925 com_x=-0.125
t= 27.50 max|qacc|=       2.0 max|qvel|=   0.60 ncon=  0 com_z=0.924 com_x=-0.115
t= 28.00 max|qacc|=       3.9 max|qvel|=   0.16 ncon=  0 com_z=0.926 com_x=-0.130
t= 28.50 max|qacc|=       3.4 max|qvel|=   0.20 ncon=  0 com_z=0.925 com_x=-0.118
t= 29.00 max|qacc|=       1.0 max|qvel|=   0.64 ncon=  0 com_z=0.925 com_x=-0.122
t= 29.50 max|qacc|=       0.6 max|qvel|=   0.78 ncon=  0 com_z=0.925 com_x=-0.126
t= 30.00 max|qacc|=       2.1 max|qvel|=   0.39 ncon=  0 com_z=0.924 com_x=-0.116
t= 30.50 max|qacc|=       3.6 max|qvel|=   0.11 ncon=  0 com_z=0.926 com_x=-0.127

== summary ==
pelvis/COM height: start 0.94 m, min 0.92 m, final 0.93 m  (stayed up)
COM x: min -0.15 max -0.07 final -0.12 m
COM y: min -0.017 max +0.005 m
RG_F_r bursts during walk window: 0
peak ctrl: [0.   0.01 0.01 0.35 0.   0.   0.19 0.   0.   0.   0.   0.01 0.02 0.27
 0.   0.01 0.17 0.   0.   0.  ] (('vas_lat_r', 'med_gas_r', 'soleus_r', 'tib_ant_r', 'psoas_r', 'semimem_r', 'glut_max2_r', 'rect_fem_r', 'sar_r', 'grac_r', 'vas_lat_l', 'med_gas_l', 'soleus_l', 'tib_ant_l', 'psoas_l', 'semimem_l', 'glut_max2_l', 'rect_fem_l', 'sar_l', 'grac_l'))
  hip_flexion_r        -17.0 ..    24.6 deg
  knee_angle_r         -38.9 ..    11.4 deg
  ankle_angle_r         -7.0 ..    33.9 deg
  hip_adduction_r       -3.7 ..     3.9 deg
  subtalar_angle_r       0.0 ..    11.5 deg
  hip_flexion_l        -21.9 ..     7.8 deg
  knee_angle_l         -44.4 ..     3.2 deg
  ankle_angle_l          1.0 ..    31.2 deg
  hip_adduction_l      -11.5 ..     7.5 deg
  subtalar_angle_l       0.0 ..     9.8 deg
  pelvis_tilt           -1.9 ..    -0.7 deg
  pelvis_list           -0.5 ..    -0.3 deg
  pelvis_rotation        2.4 ..     2.5 deg
saved spinal_run.npz
saved spinal_run.png
fitted baseline loaded: e2_pf=0.222 f1_df=0.098 f1_kf=0.148 post_kneext=0.011 post_hipext=0.068 desc_f=1.400 e2_adapt=1.700
start pose (normal): applied 20 coordinates as given; pelvis ty 0.922 m (env override=0.9215287157201333); IMU-metric torso lean -0.0 deg (+ = back)
standing solve: nnls x in [0.00, 0.65], >0.1: 13 muscles
  top: add_long_l=0.65, tib_ant_r=0.61, tib_ant_l=0.47, ext_dig_r=0.37, glut_min1_l=0.30, pect_l=0.30, glut_min2_l=0.28, ext_dig_l=0.25
Fmax range: 5..3396 N | L range sample: [0.229942 0.326094]
t=  1.00 max|qacc|=      56.7 max|qvel|=   4.45 ncon=  0 com_z=0.924 com_x=-0.117
t=  1.50 max|qacc|=      16.3 max|qvel|=   2.25 ncon=  0 com_z=0.925 com_x=-0.124
t=  2.00 max|qacc|=      17.4 max|qvel|=   0.60 ncon=  0 com_z=0.930 com_x=-0.118
t=  2.50 max|qacc|=      10.3 max|qvel|=   0.60 ncon=  0 com_z=0.927 com_x=-0.126
t=  3.00 max|qacc|=       6.7 max|qvel|=   1.17 ncon=  0 com_z=0.927 com_x=-0.122
t=  3.50 max|qacc|=       2.9 max|qvel|=   2.13 ncon=  0 com_z=0.925 com_x=-0.123
t=  4.00 max|qacc|=       7.3 max|qvel|=   0.82 ncon=  0 com_z=0.924 com_x=-0.105
t=  4.50 max|qacc|=       6.5 max|qvel|=   0.43 ncon=  0 com_z=0.927 com_x=-0.087
t=  5.00 max|qacc|=       4.4 max|qvel|=   0.96 ncon=  0 com_z=0.924 com_x=-0.110
t=  5.50 max|qacc|=       5.6 max|qvel|=   1.66 ncon=  0 com_z=0.923 com_x=-0.095
t=  6.00 max|qacc|=       6.1 max|qvel|=   0.67 ncon=  0 com_z=0.927 com_x=-0.090
t=  6.50 max|qacc|=       8.4 max|qvel|=   1.00 ncon=  0 com_z=0.926 com_x=-0.115
t=  7.00 max|qacc|=      11.3 max|qvel|=   1.35 ncon=  0 com_z=0.923 com_x=-0.088
t=  7.50 max|qacc|=      11.1 max|qvel|=   1.29 ncon=  0 com_z=0.925 com_x=-0.096
t=  8.00 max|qacc|=      11.6 max|qvel|=   0.78 ncon=  0 com_z=0.927 com_x=-0.115
t=  8.50 max|qacc|=       7.4 max|qvel|=   1.41 ncon=  0 com_z=0.923 com_x=-0.081
t=  9.00 max|qacc|=      20.5 max|qvel|=   1.86 ncon=  0 com_z=0.924 com_x=-0.107
t=  9.50 max|qacc|=       9.1 max|qvel|=   1.71 ncon=  0 com_z=0.927 com_x=-0.111
t= 10.00 max|qacc|=      11.5 max|qvel|=   0.97 ncon=  0 com_z=0.926 com_x=-0.075
t= 10.50 max|qacc|=      11.9 max|qvel|=   3.37 ncon=  0 com_z=0.924 com_x=-0.115
t= 11.00 max|qacc|=       5.2 max|qvel|=   1.89 ncon=  0 com_z=0.925 com_x=-0.107
t= 11.50 max|qacc|=       8.3 max|qvel|=   1.33 ncon=  0 com_z=0.926 com_x=-0.074
t= 12.00 max|qacc|=      16.8 max|qvel|=   1.84 ncon=  0 com_z=0.926 com_x=-0.121
t= 12.50 max|qacc|=       7.4 max|qvel|=   1.19 ncon=  0 com_z=0.923 com_x=-0.097
t= 13.00 max|qacc|=       9.5 max|qvel|=   1.05 ncon=  0 com_z=0.926 com_x=-0.079
t= 13.50 max|qacc|=      13.4 max|qvel|=   0.60 ncon=  0 com_z=0.927 com_x=-0.126
t= 14.00 max|qacc|=       5.4 max|qvel|=   1.42 ncon=  0 com_z=0.923 com_x=-0.086
t= 14.50 max|qacc|=      18.4 max|qvel|=   0.99 ncon=  0 com_z=0.924 com_x=-0.088
t= 15.00 max|qacc|=       7.1 max|qvel|=   0.85 ncon=  0 com_z=0.927 com_x=-0.127
t= 15.50 max|qacc|=       6.2 max|qvel|=   1.10 ncon=  0 com_z=0.924 com_x=-0.076
t= 16.00 max|qacc|=      10.1 max|qvel|=   2.86 ncon=  0 com_z=0.923 com_x=-0.098
t= 16.50 max|qacc|=       8.9 max|qvel|=   1.75 ncon=  0 com_z=0.925 com_x=-0.121
t= 17.00 max|qacc|=       5.9 max|qvel|=   0.73 ncon=  0 com_z=0.925 com_x=-0.099
t= 17.50 max|qacc|=      11.0 max|qvel|=   1.35 ncon=  0 com_z=0.932 com_x=-0.144
t= 18.00 max|qacc|=       5.6 max|qvel|=   1.83 ncon=  0 com_z=0.923 com_x=-0.119
t= 18.50 max|qacc|=       7.8 max|qvel|=   1.34 ncon=  0 com_z=0.926 com_x=-0.116
t= 19.00 max|qacc|=       6.2 max|qvel|=   0.58 ncon=  0 com_z=0.930 com_x=-0.143
t= 19.50 max|qacc|=       6.7 max|qvel|=   0.54 ncon=  0 com_z=0.924 com_x=-0.107
t= 20.00 max|qacc|=       3.7 max|qvel|=   1.44 ncon=  0 com_z=0.928 com_x=-0.133
t= 20.50 max|qacc|=       4.7 max|qvel|=   1.75 ncon=  0 com_z=0.925 com_x=-0.129
t= 21.00 max|qacc|=       5.2 max|qvel|=   0.70 ncon=  0 com_z=0.925 com_x=-0.110
t= 21.50 max|qacc|=       5.5 max|qvel|=   0.29 ncon=  0 com_z=0.930 com_x=-0.140
t= 22.00 max|qacc|=       6.5 max|qvel|=   0.87 ncon=  0 com_z=0.924 com_x=-0.114
t= 22.50 max|qacc|=       1.3 max|qvel|=   1.19 ncon=  0 com_z=0.926 com_x=-0.124
t= 23.00 max|qacc|=       5.9 max|qvel|=   0.93 ncon=  0 com_z=0.927 com_x=-0.134
t= 23.50 max|qacc|=       4.1 max|qvel|=   0.25 ncon=  0 com_z=0.924 com_x=-0.111
t= 24.00 max|qacc|=       3.9 max|qvel|=   0.63 ncon=  0 com_z=0.928 com_x=-0.135
t= 24.50 max|qacc|=       3.8 max|qvel|=   1.07 ncon=  0 com_z=0.924 com_x=-0.122
t= 25.00 max|qacc|=       2.2 max|qvel|=   0.92 ncon=  0 com_z=0.925 com_x=-0.119
t= 25.50 max|qacc|=       5.2 max|qvel|=   0.50 ncon=  0 com_z=0.927 com_x=-0.134
t= 26.00 max|qacc|=       3.9 max|qvel|=   0.09 ncon=  0 com_z=0.924 com_x=-0.114
t= 26.50 max|qacc|=       2.9 max|qvel|=   0.66 ncon=  0 com_z=0.926 com_x=-0.129
t= 27.00 max|qacc|=       0.6 max|qvel|=   0.95 ncon=  0 com_z=0.925 com_x=-0.126
t= 27.50 max|qacc|=       2.1 max|qvel|=   0.64 ncon=  0 com_z=0.924 com_x=-0.117
t= 28.00 max|qacc|=       4.0 max|qvel|=   0.12 ncon=  0 com_z=0.927 com_x=-0.132
t= 28.50 max|qacc|=       3.6 max|qvel|=   0.26 ncon=  0 com_z=0.925 com_x=-0.118
t= 29.00 max|qacc|=       1.1 max|qvel|=   0.67 ncon=  0 com_z=0.925 com_x=-0.125
t= 29.50 max|qacc|=       0.9 max|qvel|=   0.80 ncon=  0 com_z=0.925 com_x=-0.128
t= 30.00 max|qacc|=       2.4 max|qvel|=   0.40 ncon=  0 com_z=0.925 com_x=-0.118
t= 30.50 max|qacc|=       3.4 max|qvel|=   0.05 ncon=  0 com_z=0.926 com_x=-0.130

== summary ==
pelvis/COM height: start 0.94 m, min 0.92 m, final 0.92 m  (stayed up)
COM x: min -0.15 max -0.07 final -0.12 m
COM y: min -0.017 max +0.005 m
RG_F_r bursts during walk window: 0
peak ctrl: [0.   0.01 0.01 0.35 0.   0.   0.2  0.   0.   0.   0.   0.01 0.02 0.27
 0.   0.01 0.18 0.   0.   0.  ] (('vas_lat_r', 'med_gas_r', 'soleus_r', 'tib_ant_r', 'psoas_r', 'semimem_r', 'glut_max2_r', 'rect_fem_r', 'sar_r', 'grac_r', 'vas_lat_l', 'med_gas_l', 'soleus_l', 'tib_ant_l', 'psoas_l', 'semimem_l', 'glut_max2_l', 'rect_fem_l', 'sar_l', 'grac_l'))
  hip_flexion_r        -16.1 ..    24.6 deg
  knee_angle_r         -36.8 ..    11.4 deg
  ankle_angle_r         -6.8 ..    35.0 deg
  hip_adduction_r       -4.1 ..     4.0 deg
  subtalar_angle_r       0.0 ..    11.4 deg
  hip_flexion_l        -23.0 ..     9.6 deg
  knee_angle_l         -47.3 ..     5.7 deg
  ankle_angle_l          0.2 ..    33.0 deg
  hip_adduction_l      -11.9 ..     7.6 deg
  subtalar_angle_l       0.0 ..     9.9 deg
  pelvis_tilt           -1.9 ..    -0.6 deg
  pelvis_list           -0.5 ..    -0.3 deg
  pelvis_rotation        2.4 ..     2.5 deg
saved spinal_run.npz
saved spinal_run.png
fitted baseline loaded: e2_pf=0.222 f1_df=0.098 f1_kf=0.148 post_kneext=0.011 post_hipext=0.068 desc_f=1.400 e2_adapt=1.700
start pose (normal): applied 20 coordinates as given; pelvis ty 0.922 m (env override=0.9215287157201333); IMU-metric torso lean -0.0 deg (+ = back)
standing solve: nnls x in [0.00, 0.65], >0.1: 13 muscles
  top: add_long_l=0.65, tib_ant_r=0.61, tib_ant_l=0.47, ext_dig_r=0.37, glut_min1_l=0.30, pect_l=0.30, glut_min2_l=0.28, ext_dig_l=0.25
Fmax range: 5..3396 N | L range sample: [0.229942 0.326094]
t=  1.00 max|qacc|=      40.3 max|qvel|=   5.04 ncon=  0 com_z=0.924 com_x=-0.106
t=  1.50 max|qacc|=      14.6 max|qvel|=   1.74 ncon=  0 com_z=0.924 com_x=-0.112
t=  2.00 max|qacc|=      19.6 max|qvel|=   0.59 ncon=  0 com_z=0.930 com_x=-0.115
t=  2.50 max|qacc|=       7.7 max|qvel|=   0.85 ncon=  0 com_z=0.925 com_x=-0.115
t=  3.00 max|qacc|=      10.7 max|qvel|=   1.45 ncon=  0 com_z=0.926 com_x=-0.116
t=  3.50 max|qacc|=       3.9 max|qvel|=   1.30 ncon=  0 com_z=0.925 com_x=-0.118
t=  4.00 max|qacc|=       9.2 max|qvel|=   1.25 ncon=  0 com_z=0.925 com_x=-0.089
t=  4.50 max|qacc|=      12.2 max|qvel|=   0.80 ncon=  0 com_z=0.928 com_x=-0.094
t=  5.00 max|qacc|=      28.1 max|qvel|=   1.37 ncon=  0 com_z=0.923 com_x=-0.115
t=  5.50 max|qacc|=      92.1 max|qvel|=   2.44 ncon=  0 com_z=0.925 com_x=-0.131
t=  6.00 max|qacc|=      33.6 max|qvel|=   1.07 ncon=  0 com_z=0.931 com_x=-0.139
t=  6.50 max|qacc|=       7.6 max|qvel|=   1.19 ncon=  0 com_z=0.924 com_x=-0.124
t=  7.00 max|qacc|=      12.0 max|qvel|=   1.33 ncon=  0 com_z=0.925 com_x=-0.133
t=  7.50 max|qacc|=       9.1 max|qvel|=   0.84 ncon=  0 com_z=0.926 com_x=-0.134
t=  8.00 max|qacc|=       7.4 max|qvel|=   0.49 ncon=  0 com_z=0.925 com_x=-0.125
t=  8.50 max|qacc|=       3.4 max|qvel|=   0.82 ncon=  0 com_z=0.927 com_x=-0.133
t=  9.00 max|qacc|=       5.2 max|qvel|=   1.61 ncon=  0 com_z=0.924 com_x=-0.133
t=  9.50 max|qacc|=       3.9 max|qvel|=   1.02 ncon=  0 com_z=0.923 com_x=-0.125
t= 10.00 max|qacc|=       6.4 max|qvel|=   0.35 ncon=  0 com_z=0.929 com_x=-0.135
t= 10.50 max|qacc|=       5.2 max|qvel|=   0.93 ncon=  0 com_z=0.924 com_x=-0.132
t= 11.00 max|qacc|=       1.0 max|qvel|=   1.14 ncon=  0 com_z=0.923 com_x=-0.125
t= 11.50 max|qacc|=       4.1 max|qvel|=   0.83 ncon=  0 com_z=0.927 com_x=-0.136
t= 12.00 max|qacc|=       4.7 max|qvel|=   0.27 ncon=  0 com_z=0.924 com_x=-0.128
t= 12.50 max|qacc|=       3.8 max|qvel|=   0.71 ncon=  0 com_z=0.924 com_x=-0.127
t= 13.00 max|qacc|=       3.9 max|qvel|=   0.98 ncon=  0 com_z=0.925 com_x=-0.137
t= 13.50 max|qacc|=       4.2 max|qvel|=   0.73 ncon=  0 com_z=0.923 com_x=-0.125
t= 14.00 max|qacc|=       4.8 max|qvel|=   0.28 ncon=  0 com_z=0.926 com_x=-0.131
t= 14.50 max|qacc|=       3.1 max|qvel|=   0.93 ncon=  0 com_z=0.925 com_x=-0.136
t= 15.00 max|qacc|=       1.4 max|qvel|=   0.87 ncon=  0 com_z=0.922 com_x=-0.123
t= 15.50 max|qacc|=       2.4 max|qvel|=   0.74 ncon=  0 com_z=0.927 com_x=-0.135
t= 16.00 max|qacc|=       3.5 max|qvel|=   0.41 ncon=  0 com_z=0.925 com_x=-0.134
t= 16.50 max|qacc|=       2.6 max|qvel|=   0.56 ncon=  0 com_z=0.924 com_x=-0.127
t= 17.00 max|qacc|=       5.7 max|qvel|=   0.84 ncon=  0 com_z=0.928 com_x=-0.143
t= 17.50 max|qacc|=       3.9 max|qvel|=   0.58 ncon=  0 com_z=0.926 com_x=-0.139
t= 18.00 max|qacc|=       8.1 max|qvel|=   0.32 ncon=  0 com_z=0.927 com_x=-0.135
t= 18.50 max|qacc|=       3.0 max|qvel|=   0.54 ncon=  0 com_z=0.928 com_x=-0.144
t= 19.00 max|qacc|=       8.7 max|qvel|=   0.70 ncon=  0 com_z=0.925 com_x=-0.135
t= 19.50 max|qacc|=       8.0 max|qvel|=   0.65 ncon=  0 com_z=0.928 com_x=-0.140
t= 20.00 max|qacc|=       4.1 max|qvel|=   0.41 ncon=  0 com_z=0.927 com_x=-0.142
t= 20.50 max|qacc|=      14.8 max|qvel|=   0.42 ncon=  0 com_z=0.926 com_x=-0.134
t= 21.00 max|qacc|=       8.8 max|qvel|=   0.59 ncon=  0 com_z=0.928 com_x=-0.143
t= 21.50 max|qacc|=      11.3 max|qvel|=   0.54 ncon=  0 com_z=0.926 com_x=-0.139
t= 22.00 max|qacc|=      22.0 max|qvel|=   0.45 ncon=  0 com_z=0.927 com_x=-0.136
t= 22.50 max|qacc|=       8.2 max|qvel|=   0.75 ncon=  0 com_z=0.927 com_x=-0.143
t= 23.00 max|qacc|=      22.7 max|qvel|=   0.52 ncon=  0 com_z=0.925 com_x=-0.136
t= 23.50 max|qacc|=      34.1 max|qvel|=   0.88 ncon=  0 com_z=0.927 com_x=-0.140
t= 24.00 max|qacc|=      29.3 max|qvel|=   1.07 ncon=  0 com_z=0.927 com_x=-0.141
t= 24.50 max|qacc|=      35.4 max|qvel|=   0.56 ncon=  0 com_z=0.926 com_x=-0.135
t= 25.00 max|qacc|=       5.8 max|qvel|=   1.50 ncon=  0 com_z=0.928 com_x=-0.142
t= 25.50 max|qacc|=      41.3 max|qvel|=   0.70 ncon=  0 com_z=0.926 com_x=-0.138
t= 26.00 max|qacc|=      23.2 max|qvel|=   1.42 ncon=  0 com_z=0.926 com_x=-0.137
t= 26.50 max|qacc|=      43.6 max|qvel|=   0.71 ncon=  0 com_z=0.927 com_x=-0.142
t= 27.00 max|qacc|=      34.0 max|qvel|=   1.67 ncon=  0 com_z=0.926 com_x=-0.136
t= 27.50 max|qacc|=      51.5 max|qvel|=   1.37 ncon=  0 com_z=0.927 com_x=-0.140
t= 28.00 max|qacc|=      35.2 max|qvel|=   1.66 ncon=  0 com_z=0.927 com_x=-0.141
t= 28.50 max|qacc|=      41.0 max|qvel|=   1.17 ncon=  0 com_z=0.926 com_x=-0.136
t= 29.00 max|qacc|=      52.3 max|qvel|=   1.55 ncon=  0 com_z=0.927 com_x=-0.141
t= 29.50 max|qacc|=      55.6 max|qvel|=   1.70 ncon=  0 com_z=0.926 com_x=-0.138
t= 30.00 max|qacc|=      41.9 max|qvel|=   1.69 ncon=  0 com_z=0.927 com_x=-0.138
t= 30.50 max|qacc|=      39.8 max|qvel|=   1.32 ncon=  0 com_z=0.927 com_x=-0.141

== summary ==
pelvis/COM height: start 0.94 m, min 0.92 m, final 0.93 m  (stayed up)
COM x: min -0.14 max -0.09 final -0.14 m
COM y: min -0.017 max +0.004 m
RG_F_r bursts during walk window: 1
peak ctrl: [0.   0.01 0.01 0.34 0.   0.   0.28 0.   0.   0.   0.   0.04 0.05 0.26
 0.   0.01 0.25 0.   0.   0.  ] (('vas_lat_r', 'med_gas_r', 'soleus_r', 'tib_ant_r', 'psoas_r', 'semimem_r', 'glut_max2_r', 'rect_fem_r', 'sar_r', 'grac_r', 'vas_lat_l', 'med_gas_l', 'soleus_l', 'tib_ant_l', 'psoas_l', 'semimem_l', 'glut_max2_l', 'rect_fem_l', 'sar_l', 'grac_l'))
  hip_flexion_r        -16.4 ..    24.6 deg
  knee_angle_r         -44.0 ..    11.7 deg
  ankle_angle_r        -13.5 ..    31.1 deg
  hip_adduction_r       -4.1 ..     4.0 deg
  subtalar_angle_r      -4.8 ..    11.9 deg
  hip_flexion_l        -19.4 ..    18.3 deg
  knee_angle_l         -38.7 ..    10.5 deg
  ankle_angle_l        -26.2 ..    26.8 deg
  hip_adduction_l      -10.6 ..     7.3 deg
  subtalar_angle_l      -3.2 ..     8.8 deg
  pelvis_tilt           -1.9 ..    -0.5 deg
  pelvis_list           -0.5 ..    -0.3 deg
  pelvis_rotation        2.4 ..     2.5 deg
saved spinal_run.npz
saved spinal_run.png
fitted baseline loaded: e2_pf=0.222 f1_df=0.098 f1_kf=0.148 post_kneext=0.011 post_hipext=0.068 desc_f=1.400 e2_adapt=1.700
start pose (normal): applied 20 coordinates as given; pelvis ty 0.922 m (env override=0.9215287157201333); IMU-metric torso lean -0.0 deg (+ = back)
standing solve: nnls x in [0.00, 0.65], >0.1: 13 muscles
  top: add_long_l=0.65, tib_ant_r=0.61, tib_ant_l=0.47, ext_dig_r=0.37, glut_min1_l=0.30, pect_l=0.30, glut_min2_l=0.28, ext_dig_l=0.25
Fmax range: 5..3396 N | L range sample: [0.229942 0.326094]
t=  1.00 max|qacc|=      34.4 max|qvel|=   4.74 ncon=  0 com_z=0.924 com_x=-0.113
t=  1.50 max|qacc|=      19.5 max|qvel|=   2.04 ncon=  0 com_z=0.924 com_x=-0.119
t=  2.00 max|qacc|=      18.1 max|qvel|=   0.51 ncon=  0 com_z=0.930 com_x=-0.117
t=  2.50 max|qacc|=       9.3 max|qvel|=   0.67 ncon=  0 com_z=0.926 com_x=-0.122
t=  3.00 max|qacc|=       8.3 max|qvel|=   1.22 ncon=  0 com_z=0.927 com_x=-0.119
t=  3.50 max|qacc|=       3.2 max|qvel|=   1.78 ncon=  0 com_z=0.925 com_x=-0.121
t=  4.00 max|qacc|=       7.9 max|qvel|=   0.86 ncon=  0 com_z=0.924 com_x=-0.097
t=  4.50 max|qacc|=       6.3 max|qvel|=   0.55 ncon=  0 com_z=0.927 com_x=-0.089
t=  5.00 max|qacc|=      45.9 max|qvel|=   1.71 ncon=  0 com_z=0.923 com_x=-0.115
t=  5.50 max|qacc|=      41.5 max|qvel|=   1.90 ncon=  0 com_z=0.926 com_x=-0.137
t=  6.00 max|qacc|=      14.9 max|qvel|=   1.74 ncon=  0 com_z=0.927 com_x=-0.130
t=  6.50 max|qacc|=      11.6 max|qvel|=   1.41 ncon=  0 com_z=0.925 com_x=-0.128
t=  7.00 max|qacc|=       5.7 max|qvel|=   0.90 ncon=  0 com_z=0.926 com_x=-0.136
t=  7.50 max|qacc|=       9.8 max|qvel|=   1.32 ncon=  0 com_z=0.924 com_x=-0.129
t=  8.00 max|qacc|=       4.1 max|qvel|=   0.79 ncon=  0 com_z=0.926 com_x=-0.131
t=  8.50 max|qacc|=       5.0 max|qvel|=   0.97 ncon=  0 com_z=0.928 com_x=-0.133
t=  9.00 max|qacc|=       8.6 max|qvel|=   1.22 ncon=  0 com_z=0.924 com_x=-0.130
t=  9.50 max|qacc|=       5.9 max|qvel|=   0.79 ncon=  0 com_z=0.924 com_x=-0.130
t= 10.00 max|qacc|=       6.7 max|qvel|=   0.57 ncon=  0 com_z=0.928 com_x=-0.132
t= 10.50 max|qacc|=       3.5 max|qvel|=   0.42 ncon=  0 com_z=0.925 com_x=-0.132
t= 11.00 max|qacc|=       2.3 max|qvel|=   1.22 ncon=  0 com_z=0.924 com_x=-0.129
t= 11.50 max|qacc|=       3.2 max|qvel|=   0.92 ncon=  0 com_z=0.926 com_x=-0.133
t= 12.00 max|qacc|=       4.4 max|qvel|=   0.19 ncon=  0 com_z=0.925 com_x=-0.131
t= 12.50 max|qacc|=       4.1 max|qvel|=   0.47 ncon=  0 com_z=0.925 com_x=-0.129
t= 13.00 max|qacc|=       2.9 max|qvel|=   1.01 ncon=  0 com_z=0.925 com_x=-0.135
t= 13.50 max|qacc|=       2.7 max|qvel|=   0.80 ncon=  0 com_z=0.923 com_x=-0.128
t= 14.00 max|qacc|=       5.2 max|qvel|=   0.39 ncon=  0 com_z=0.926 com_x=-0.131
t= 14.50 max|qacc|=       3.0 max|qvel|=   0.60 ncon=  0 com_z=0.925 com_x=-0.135
t= 15.00 max|qacc|=       1.5 max|qvel|=   0.90 ncon=  0 com_z=0.923 com_x=-0.126
t= 15.50 max|qacc|=       2.5 max|qvel|=   0.80 ncon=  0 com_z=0.926 com_x=-0.135
t= 16.00 max|qacc|=       2.9 max|qvel|=   0.16 ncon=  0 com_z=0.925 com_x=-0.134
t= 16.50 max|qacc|=       3.4 max|qvel|=   0.51 ncon=  0 com_z=0.925 com_x=-0.130
t= 17.00 max|qacc|=      13.9 max|qvel|=   0.96 ncon=  0 com_z=0.928 com_x=-0.144
t= 17.50 max|qacc|=      10.4 max|qvel|=   0.71 ncon=  0 com_z=0.926 com_x=-0.140
t= 18.00 max|qacc|=       5.6 max|qvel|=   0.38 ncon=  0 com_z=0.928 com_x=-0.138
t= 18.50 max|qacc|=       7.0 max|qvel|=   0.47 ncon=  0 com_z=0.928 com_x=-0.145
t= 19.00 max|qacc|=       4.4 max|qvel|=   0.71 ncon=  0 com_z=0.926 com_x=-0.137
t= 19.50 max|qacc|=       5.1 max|qvel|=   0.68 ncon=  0 com_z=0.928 com_x=-0.141
t= 20.00 max|qacc|=       7.5 max|qvel|=   0.23 ncon=  0 com_z=0.927 com_x=-0.143
t= 20.50 max|qacc|=       3.6 max|qvel|=   0.31 ncon=  0 com_z=0.926 com_x=-0.137
t= 21.00 max|qacc|=       5.6 max|qvel|=   0.57 ncon=  0 com_z=0.928 com_x=-0.144
t= 21.50 max|qacc|=       3.3 max|qvel|=   0.59 ncon=  0 com_z=0.926 com_x=-0.140
t= 22.00 max|qacc|=       5.9 max|qvel|=   0.33 ncon=  0 com_z=0.927 com_x=-0.139
t= 22.50 max|qacc|=       3.4 max|qvel|=   0.32 ncon=  0 com_z=0.928 com_x=-0.144
t= 23.00 max|qacc|=       2.1 max|qvel|=   0.46 ncon=  0 com_z=0.926 com_x=-0.137
t= 23.50 max|qacc|=       4.2 max|qvel|=   0.48 ncon=  0 com_z=0.928 com_x=-0.142
t= 24.00 max|qacc|=       1.9 max|qvel|=   0.23 ncon=  0 com_z=0.927 com_x=-0.142
t= 24.50 max|qacc|=       3.1 max|qvel|=   0.24 ncon=  0 com_z=0.927 com_x=-0.138
t= 25.00 max|qacc|=       2.5 max|qvel|=   0.36 ncon=  0 com_z=0.928 com_x=-0.143
t= 25.50 max|qacc|=       3.1 max|qvel|=   0.43 ncon=  0 com_z=0.926 com_x=-0.140
t= 26.00 max|qacc|=       2.2 max|qvel|=   0.29 ncon=  0 com_z=0.927 com_x=-0.139
t= 26.50 max|qacc|=       1.8 max|qvel|=   0.21 ncon=  0 com_z=0.927 com_x=-0.143
t= 27.00 max|qacc|=       1.8 max|qvel|=   0.26 ncon=  0 com_z=0.926 com_x=-0.138
t= 27.50 max|qacc|=       0.8 max|qvel|=   0.33 ncon=  0 com_z=0.928 com_x=-0.142
t= 28.00 max|qacc|=       1.2 max|qvel|=   0.22 ncon=  0 com_z=0.927 com_x=-0.141
t= 28.50 max|qacc|=       1.4 max|qvel|=   0.16 ncon=  0 com_z=0.927 com_x=-0.138
t= 29.00 max|qacc|=       1.0 max|qvel|=   0.22 ncon=  0 com_z=0.928 com_x=-0.143
t= 29.50 max|qacc|=       0.8 max|qvel|=   0.30 ncon=  0 com_z=0.926 com_x=-0.140
t= 30.00 max|qacc|=       1.0 max|qvel|=   0.24 ncon=  0 com_z=0.927 com_x=-0.140
t= 30.50 max|qacc|=       1.1 max|qvel|=   0.13 ncon=  0 com_z=0.927 com_x=-0.142

== summary ==
pelvis/COM height: start 0.94 m, min 0.92 m, final 0.93 m  (stayed up)
COM x: min -0.15 max -0.09 final -0.14 m
COM y: min -0.017 max +0.004 m
RG_F_r bursts during walk window: 1
peak ctrl: [0.   0.01 0.01 0.35 0.   0.   0.29 0.   0.   0.   0.   0.01 0.02 0.27
 0.   0.01 0.26 0.   0.   0.  ] (('vas_lat_r', 'med_gas_r', 'soleus_r', 'tib_ant_r', 'psoas_r', 'semimem_r', 'glut_max2_r', 'rect_fem_r', 'sar_r', 'grac_r', 'vas_lat_l', 'med_gas_l', 'soleus_l', 'tib_ant_l', 'psoas_l', 'semimem_l', 'glut_max2_l', 'rect_fem_l', 'sar_l', 'grac_l'))
  hip_flexion_r        -12.0 ..    24.6 deg
  knee_angle_r         -39.9 ..    11.4 deg
  ankle_angle_r        -11.1 ..    33.4 deg
  hip_adduction_r       -4.1 ..     4.0 deg
  subtalar_angle_r      -3.1 ..    11.6 deg
  hip_flexion_l        -19.6 ..    22.1 deg
  knee_angle_l         -38.8 ..    10.9 deg
  ankle_angle_l         -0.6 ..    29.8 deg
  hip_adduction_l      -11.3 ..     7.0 deg
  subtalar_angle_l      -1.8 ..     9.6 deg
  pelvis_tilt           -1.9 ..    -0.5 deg
  pelvis_list           -0.5 ..    -0.3 deg
  pelvis_rotation        2.4 ..     2.5 deg
saved spinal_run.npz
saved spinal_run.png
fitted baseline loaded: e2_pf=0.222 f1_df=0.098 f1_kf=0.148 post_kneext=0.011 post_hipext=0.068 desc_f=1.400 e2_adapt=1.700
start pose (normal): applied 20 coordinates as given; pelvis ty 0.922 m (env override=0.9215287157201333); IMU-metric torso lean -0.0 deg (+ = back)
standing solve: nnls x in [0.00, 0.65], >0.1: 13 muscles
  top: add_long_l=0.65, tib_ant_r=0.61, tib_ant_l=0.47, ext_dig_r=0.37, glut_min1_l=0.30, pect_l=0.30, glut_min2_l=0.28, ext_dig_l=0.25
Fmax range: 5..3396 N | L range sample: [0.229942 0.326094]
t=  1.00 max|qacc|=      40.1 max|qvel|=   5.02 ncon=  0 com_z=0.924 com_x=-0.107
t=  1.50 max|qacc|=      14.4 max|qvel|=   1.76 ncon=  0 com_z=0.924 com_x=-0.113
t=  2.00 max|qacc|=      19.6 max|qvel|=   0.58 ncon=  0 com_z=0.930 com_x=-0.116
t=  2.50 max|qacc|=       7.9 max|qvel|=   0.82 ncon=  0 com_z=0.925 com_x=-0.116
t=  3.00 max|qacc|=      10.4 max|qvel|=   1.43 ncon=  0 com_z=0.926 com_x=-0.116
t=  3.50 max|qacc|=       3.8 max|qvel|=   1.34 ncon=  0 com_z=0.925 com_x=-0.118
t=  4.00 max|qacc|=       9.3 max|qvel|=   1.23 ncon=  0 com_z=0.925 com_x=-0.089
t=  4.50 max|qacc|=      78.4 max|qvel|=   4.08 ncon=  0 com_z=0.931 com_x=-0.141
t=  5.00 max|qacc|=      28.5 max|qvel|=   3.34 ncon=  0 com_z=0.930 com_x=-0.155
t=  5.50 max|qacc|=      16.5 max|qvel|=   0.97 ncon=  0 com_z=0.922 com_x=-0.097
t=  6.00 max|qacc|=      12.9 max|qvel|=   0.60 ncon=  0 com_z=0.936 com_x=-0.152
t=  6.50 max|qacc|=       4.3 max|qvel|=   1.47 ncon=  0 com_z=0.923 com_x=-0.134
t=  7.00 max|qacc|=      15.7 max|qvel|=   1.49 ncon=  0 com_z=0.921 com_x=-0.109
t=  7.50 max|qacc|=       5.9 max|qvel|=   0.65 ncon=  0 com_z=0.935 com_x=-0.156
t=  8.00 max|qacc|=       4.8 max|qvel|=   1.09 ncon=  0 com_z=0.922 com_x=-0.117
t=  8.50 max|qacc|=      11.0 max|qvel|=   1.73 ncon=  0 com_z=0.923 com_x=-0.124
t=  9.00 max|qacc|=       6.8 max|qvel|=   0.77 ncon=  0 com_z=0.930 com_x=-0.151
t=  9.50 max|qacc|=       6.7 max|qvel|=   0.34 ncon=  0 com_z=0.922 com_x=-0.111
t= 10.00 max|qacc|=       6.0 max|qvel|=   0.78 ncon=  0 com_z=0.927 com_x=-0.138
t= 10.50 max|qacc|=       4.8 max|qvel|=   1.36 ncon=  0 com_z=0.925 com_x=-0.139
t= 11.00 max|qacc|=       5.1 max|qvel|=   0.78 ncon=  0 com_z=0.922 com_x=-0.114
t= 11.50 max|qacc|=       4.0 max|qvel|=   0.26 ncon=  0 com_z=0.930 com_x=-0.145
t= 12.00 max|qacc|=       3.5 max|qvel|=   1.14 ncon=  0 com_z=0.923 com_x=-0.129
t= 12.50 max|qacc|=       1.4 max|qvel|=   1.02 ncon=  0 com_z=0.922 com_x=-0.121
t= 13.00 max|qacc|=       2.8 max|qvel|=   0.24 ncon=  0 com_z=0.929 com_x=-0.145
t= 13.50 max|qacc|=       4.7 max|qvel|=   0.38 ncon=  0 com_z=0.922 com_x=-0.121
t= 14.00 max|qacc|=       2.0 max|qvel|=   0.67 ncon=  0 com_z=0.924 com_x=-0.131
t= 14.50 max|qacc|=       3.9 max|qvel|=   0.59 ncon=  0 com_z=0.926 com_x=-0.139
t= 15.00 max|qacc|=       3.2 max|qvel|=   0.18 ncon=  0 com_z=0.922 com_x=-0.120
t= 15.50 max|qacc|=       1.6 max|qvel|=   0.36 ncon=  0 com_z=0.926 com_x=-0.137
t= 16.00 max|qacc|=       0.9 max|qvel|=   0.78 ncon=  0 com_z=0.924 com_x=-0.135
t= 16.50 max|qacc|=       1.7 max|qvel|=   0.33 ncon=  0 com_z=0.923 com_x=-0.126
t= 17.00 max|qacc|=       5.1 max|qvel|=   0.42 ncon=  0 com_z=0.929 com_x=-0.144
t= 17.50 max|qacc|=       2.4 max|qvel|=   0.58 ncon=  0 com_z=0.926 com_x=-0.139
t= 18.00 max|qacc|=       7.4 max|qvel|=   0.67 ncon=  0 com_z=0.926 com_x=-0.135
t= 18.50 max|qacc|=       5.3 max|qvel|=   0.27 ncon=  0 com_z=0.929 com_x=-0.145
t= 19.00 max|qacc|=       9.4 max|qvel|=   0.26 ncon=  0 com_z=0.925 com_x=-0.136
t= 19.50 max|qacc|=       8.3 max|qvel|=   0.42 ncon=  0 com_z=0.927 com_x=-0.139
t= 20.00 max|qacc|=       3.1 max|qvel|=   0.45 ncon=  0 com_z=0.927 com_x=-0.142
t= 20.50 max|qacc|=      14.8 max|qvel|=   0.27 ncon=  0 com_z=0.925 com_x=-0.135
t= 21.00 max|qacc|=       9.8 max|qvel|=   0.50 ncon=  0 com_z=0.928 com_x=-0.141
t= 21.50 max|qacc|=      10.4 max|qvel|=   0.57 ncon=  0 com_z=0.926 com_x=-0.140
t= 22.00 max|qacc|=      21.5 max|qvel|=   0.41 ncon=  0 com_z=0.926 com_x=-0.136
t= 22.50 max|qacc|=       8.7 max|qvel|=   0.76 ncon=  0 com_z=0.928 com_x=-0.142
t= 23.00 max|qacc|=      20.3 max|qvel|=   0.51 ncon=  0 com_z=0.926 com_x=-0.138
t= 23.50 max|qacc|=      33.5 max|qvel|=   0.83 ncon=  0 com_z=0.926 com_x=-0.138
t= 24.00 max|qacc|=      22.4 max|qvel|=   1.02 ncon=  0 com_z=0.927 com_x=-0.142
t= 24.50 max|qacc|=      34.4 max|qvel|=   0.28 ncon=  0 com_z=0.926 com_x=-0.137
t= 25.00 max|qacc|=      16.7 max|qvel|=   1.34 ncon=  0 com_z=0.927 com_x=-0.140
t= 25.50 max|qacc|=      44.9 max|qvel|=   1.04 ncon=  0 com_z=0.927 com_x=-0.140
t= 26.00 max|qacc|=      30.1 max|qvel|=   1.33 ncon=  0 com_z=0.926 com_x=-0.137
t= 26.50 max|qacc|=      30.3 max|qvel|=   1.28 ncon=  0 com_z=0.927 com_x=-0.141
t= 27.00 max|qacc|=      60.6 max|qvel|=   1.19 ncon=  0 com_z=0.926 com_x=-0.139
t= 27.50 max|qacc|=      34.4 max|qvel|=   1.69 ncon=  0 com_z=0.926 com_x=-0.138
t= 28.00 max|qacc|=      46.5 max|qvel|=   0.82 ncon=  0 com_z=0.927 com_x=-0.141
t= 28.50 max|qacc|=      19.4 max|qvel|=   1.96 ncon=  0 com_z=0.926 com_x=-0.138
t= 29.00 max|qacc|=      61.5 max|qvel|=   0.86 ncon=  0 com_z=0.927 com_x=-0.139
t= 29.50 max|qacc|=      18.6 max|qvel|=   1.75 ncon=  0 com_z=0.927 com_x=-0.140
t= 30.00 max|qacc|=      56.5 max|qvel|=   0.43 ncon=  0 com_z=0.926 com_x=-0.138
t= 30.50 max|qacc|=      10.5 max|qvel|=   2.14 ncon=  0 com_z=0.927 com_x=-0.140

== summary ==
pelvis/COM height: start 0.94 m, min 0.92 m, final 0.93 m  (stayed up)
COM x: min -0.16 max -0.09 final -0.14 m
COM y: min -0.017 max +0.005 m
RG_F_r bursts during walk window: 0
peak ctrl: [0.   0.01 0.01 0.34 0.   0.   0.28 0.   0.   0.   0.   0.01 0.02 0.26
 0.   0.01 0.25 0.   0.   0.  ] (('vas_lat_r', 'med_gas_r', 'soleus_r', 'tib_ant_r', 'psoas_r', 'semimem_r', 'glut_max2_r', 'rect_fem_r', 'sar_r', 'grac_r', 'vas_lat_l', 'med_gas_l', 'soleus_l', 'tib_ant_l', 'psoas_l', 'semimem_l', 'glut_max2_l', 'rect_fem_l', 'sar_l', 'grac_l'))
  hip_flexion_r        -16.1 ..    25.9 deg
  knee_angle_r         -52.2 ..    11.7 deg
  ankle_angle_r        -11.3 ..    31.3 deg
  hip_adduction_r       -4.3 ..     4.0 deg
  subtalar_angle_r      -1.2 ..    11.8 deg
  hip_flexion_l        -16.6 ..    14.6 deg
  knee_angle_l         -38.7 ..    12.0 deg
  ankle_angle_l         -3.1 ..    27.1 deg
  hip_adduction_l      -10.6 ..     5.9 deg
  subtalar_angle_l      -3.9 ..     8.9 deg
  pelvis_tilt           -1.9 ..    -0.4 deg
  pelvis_list           -0.5 ..    -0.3 deg
  pelvis_rotation        2.3 ..     2.5 deg
saved spinal_run.npz
saved spinal_run.png
fitted baseline loaded: e2_pf=0.222 f1_df=0.098 f1_kf=0.148 post_kneext=0.011 post_hipext=0.068 desc_f=1.400 e2_adapt=1.700
start pose (normal): applied 20 coordinates as given; pelvis ty 0.922 m (env override=0.9215287157201333); IMU-metric torso lean -0.0 deg (+ = back)
standing solve: nnls x in [0.00, 0.65], >0.1: 13 muscles
  top: add_long_l=0.65, tib_ant_r=0.61, tib_ant_l=0.47, ext_dig_r=0.37, glut_min1_l=0.30, pect_l=0.30, glut_min2_l=0.28, ext_dig_l=0.25
Fmax range: 5..3396 N | L range sample: [0.229942 0.326094]
t=  1.00 max|qacc|=      40.2 max|qvel|=   5.03 ncon=  0 com_z=0.924 com_x=-0.106
t=  1.50 max|qacc|=      14.5 max|qvel|=   1.76 ncon=  0 com_z=0.924 com_x=-0.112
t=  2.00 max|qacc|=      19.6 max|qvel|=   0.59 ncon=  0 com_z=0.930 com_x=-0.116
t=  2.50 max|qacc|=       7.8 max|qvel|=   0.83 ncon=  0 com_z=0.925 com_x=-0.116
t=  3.00 max|qacc|=      10.5 max|qvel|=   1.44 ncon=  0 com_z=0.926 com_x=-0.116
t=  3.50 max|qacc|=       3.8 max|qvel|=   1.33 ncon=  0 com_z=0.925 com_x=-0.118
t=  4.00 max|qacc|=       9.3 max|qvel|=   1.23 ncon=  0 com_z=0.925 com_x=-0.089
t=  4.50 max|qacc|=     114.8 max|qvel|=   2.38 ncon=  0 com_z=0.926 com_x=-0.109
t=  5.00 max|qacc|=      44.1 max|qvel|=   2.23 ncon=  0 com_z=0.937 com_x=-0.159
t=  5.50 max|qacc|=      37.6 max|qvel|=   1.21 ncon=  0 com_z=0.921 com_x=-0.108
t=  6.00 max|qacc|=      13.7 max|qvel|=   1.70 ncon=  0 com_z=0.928 com_x=-0.134
t=  6.50 max|qacc|=       9.1 max|qvel|=   1.51 ncon=  0 com_z=0.930 com_x=-0.150
t=  7.00 max|qacc|=      23.2 max|qvel|=   0.89 ncon=  0 com_z=0.922 com_x=-0.104
t=  7.50 max|qacc|=       7.5 max|qvel|=   2.38 ncon=  0 com_z=0.931 com_x=-0.148
t=  8.00 max|qacc|=       2.8 max|qvel|=   1.53 ncon=  0 com_z=0.923 com_x=-0.132
t=  8.50 max|qacc|=      19.8 max|qvel|=   1.09 ncon=  0 com_z=0.923 com_x=-0.113
t=  9.00 max|qacc|=       8.5 max|qvel|=   0.47 ncon=  0 com_z=0.931 com_x=-0.152
t=  9.50 max|qacc|=       5.6 max|qvel|=   1.19 ncon=  0 com_z=0.921 com_x=-0.117
t= 10.00 max|qacc|=       1.6 max|qvel|=   1.68 ncon=  0 com_z=0.925 com_x=-0.129
t= 10.50 max|qacc|=       3.0 max|qvel|=   0.89 ncon=  0 com_z=0.927 com_x=-0.145
t= 11.00 max|qacc|=       6.7 max|qvel|=   0.38 ncon=  0 com_z=0.922 com_x=-0.114
t= 11.50 max|qacc|=       3.6 max|qvel|=   0.75 ncon=  0 com_z=0.927 com_x=-0.140
t= 12.00 max|qacc|=       3.2 max|qvel|=   1.16 ncon=  0 com_z=0.924 com_x=-0.134
t= 12.50 max|qacc|=       4.5 max|qvel|=   0.56 ncon=  0 com_z=0.922 com_x=-0.118
t= 13.00 max|qacc|=       4.0 max|qvel|=   0.19 ncon=  0 com_z=0.928 com_x=-0.144
t= 13.50 max|qacc|=       2.6 max|qvel|=   0.89 ncon=  0 com_z=0.922 com_x=-0.123
t= 14.00 max|qacc|=       0.8 max|qvel|=   1.04 ncon=  0 com_z=0.924 com_x=-0.128
t= 14.50 max|qacc|=       2.7 max|qvel|=   0.36 ncon=  0 com_z=0.926 com_x=-0.141
t= 15.00 max|qacc|=       4.7 max|qvel|=   0.16 ncon=  0 com_z=0.922 com_x=-0.120
t= 15.50 max|qacc|=       2.2 max|qvel|=   0.41 ncon=  0 com_z=0.926 com_x=-0.136
t= 16.00 max|qacc|=       0.8 max|qvel|=   0.74 ncon=  0 com_z=0.925 com_x=-0.136
t= 16.50 max|qacc|=       1.7 max|qvel|=   0.27 ncon=  0 com_z=0.923 com_x=-0.125
t= 17.00 max|qacc|=       5.5 max|qvel|=   0.39 ncon=  0 com_z=0.928 com_x=-0.144
t= 17.50 max|qacc|=       5.4 max|qvel|=   0.42 ncon=  0 com_z=0.926 com_x=-0.138
t= 18.00 max|qacc|=       9.1 max|qvel|=   0.64 ncon=  0 com_z=0.926 com_x=-0.136
t= 18.50 max|qacc|=      10.3 max|qvel|=   0.31 ncon=  0 com_z=0.928 com_x=-0.145
t= 19.00 max|qacc|=      10.4 max|qvel|=   0.39 ncon=  0 com_z=0.925 com_x=-0.135
t= 19.50 max|qacc|=      12.3 max|qvel|=   0.27 ncon=  0 com_z=0.927 com_x=-0.140
t= 20.00 max|qacc|=       6.9 max|qvel|=   0.56 ncon=  0 com_z=0.927 com_x=-0.142
t= 20.50 max|qacc|=      20.2 max|qvel|=   0.49 ncon=  0 com_z=0.926 com_x=-0.135
t= 21.00 max|qacc|=      15.2 max|qvel|=   0.53 ncon=  0 com_z=0.927 com_x=-0.142
t= 21.50 max|qacc|=       7.9 max|qvel|=   0.88 ncon=  0 com_z=0.926 com_x=-0.138
t= 22.00 max|qacc|=      27.6 max|qvel|=   0.44 ncon=  0 com_z=0.926 com_x=-0.138
t= 22.50 max|qacc|=      15.8 max|qvel|=   1.01 ncon=  0 com_z=0.927 com_x=-0.142
t= 23.00 max|qacc|=      23.3 max|qvel|=   0.86 ncon=  0 com_z=0.926 com_x=-0.137
t= 23.50 max|qacc|=      44.6 max|qvel|=   0.98 ncon=  0 com_z=0.927 com_x=-0.140
t= 24.00 max|qacc|=      24.4 max|qvel|=   1.30 ncon=  0 com_z=0.927 com_x=-0.140
t= 24.50 max|qacc|=      42.5 max|qvel|=   0.39 ncon=  0 com_z=0.926 com_x=-0.137
t= 25.00 max|qacc|=       9.4 max|qvel|=   1.69 ncon=  0 com_z=0.927 com_x=-0.141
t= 25.50 max|qacc|=      47.7 max|qvel|=   0.97 ncon=  0 com_z=0.926 com_x=-0.138
t= 26.00 max|qacc|=      27.7 max|qvel|=   1.58 ncon=  0 com_z=0.926 com_x=-0.139
t= 26.50 max|qacc|=      42.0 max|qvel|=   0.98 ncon=  0 com_z=0.927 com_x=-0.140
t= 27.00 max|qacc|=      48.4 max|qvel|=   1.49 ncon=  0 com_z=0.926 com_x=-0.138
t= 27.50 max|qacc|=      53.8 max|qvel|=   1.62 ncon=  0 com_z=0.926 com_x=-0.140
t= 28.00 max|qacc|=      40.7 max|qvel|=   1.58 ncon=  0 com_z=0.927 com_x=-0.139
t= 28.50 max|qacc|=      36.3 max|qvel|=   1.48 ncon=  0 com_z=0.926 com_x=-0.138
t= 29.00 max|qacc|=      68.8 max|qvel|=   1.34 ncon=  0 com_z=0.927 com_x=-0.140
t= 29.50 max|qacc|=      45.9 max|qvel|=   1.92 ncon=  0 com_z=0.926 com_x=-0.139
t= 30.00 max|qacc|=      44.7 max|qvel|=   1.37 ncon=  0 com_z=0.927 com_x=-0.139
t= 30.50 max|qacc|=      33.4 max|qvel|=   1.80 ncon=  0 com_z=0.927 com_x=-0.139

== summary ==
pelvis/COM height: start 0.94 m, min 0.92 m, final 0.93 m  (stayed up)
COM x: min -0.16 max -0.09 final -0.14 m
COM y: min -0.017 max +0.004 m
RG_F_r bursts during walk window: 0
peak ctrl: [0.   0.01 0.01 0.34 0.   0.   0.27 0.   0.   0.   0.   0.01 0.02 0.26
 0.   0.01 0.25 0.   0.   0.  ] (('vas_lat_r', 'med_gas_r', 'soleus_r', 'tib_ant_r', 'psoas_r', 'semimem_r', 'glut_max2_r', 'rect_fem_r', 'sar_r', 'grac_r', 'vas_lat_l', 'med_gas_l', 'soleus_l', 'tib_ant_l', 'psoas_l', 'semimem_l', 'glut_max2_l', 'rect_fem_l', 'sar_l', 'grac_l'))
  hip_flexion_r        -16.2 ..    29.7 deg
  knee_angle_r         -43.8 ..    11.7 deg
  ankle_angle_r        -10.1 ..    31.2 deg
  hip_adduction_r       -2.9 ..     4.0 deg
  subtalar_angle_r      -1.3 ..    11.8 deg
  hip_flexion_l        -16.6 ..    17.4 deg
  knee_angle_l         -42.2 ..    11.5 deg
  ankle_angle_l         -2.9 ..    27.0 deg
  hip_adduction_l      -10.6 ..     6.8 deg
  subtalar_angle_l      -3.6 ..     8.9 deg
  pelvis_tilt           -1.9 ..    -0.4 deg
  pelvis_list           -0.5 ..    -0.3 deg
  pelvis_rotation        2.3 ..     2.5 deg
saved spinal_run.npz
saved spinal_run.png
fitted baseline loaded: e2_pf=0.222 f1_df=0.098 f1_kf=0.148 post_kneext=0.011 post_hipext=0.068 desc_f=1.400 e2_adapt=1.700
start pose (normal): applied 20 coordinates as given; pelvis ty 0.922 m (env override=0.9215287157201333); IMU-metric torso lean -0.0 deg (+ = back)
standing solve: nnls x in [0.00, 0.65], >0.1: 13 muscles
  top: add_long_l=0.65, tib_ant_r=0.61, tib_ant_l=0.47, ext_dig_r=0.37, glut_min1_l=0.30, pect_l=0.30, glut_min2_l=0.28, ext_dig_l=0.25
Fmax range: 5..3396 N | L range sample: [0.229942 0.326094]
t=  1.00 max|qacc|=      40.3 max|qvel|=   5.04 ncon=  0 com_z=0.924 com_x=-0.106
t=  1.50 max|qacc|=      14.6 max|qvel|=   1.75 ncon=  0 com_z=0.924 com_x=-0.112
t=  2.00 max|qacc|=      19.6 max|qvel|=   0.59 ncon=  0 com_z=0.930 com_x=-0.115
t=  2.50 max|qacc|=       7.8 max|qvel|=   0.84 ncon=  0 com_z=0.925 com_x=-0.115
t=  3.00 max|qacc|=      10.6 max|qvel|=   1.44 ncon=  0 com_z=0.926 com_x=-0.116
t=  3.50 max|qacc|=       3.8 max|qvel|=   1.31 ncon=  0 com_z=0.925 com_x=-0.118
t=  4.00 max|qacc|=       9.3 max|qvel|=   1.25 ncon=  0 com_z=0.925 com_x=-0.089
t=  4.50 max|qacc|=     118.6 max|qvel|=   2.42 ncon=  0 com_z=0.926 com_x=-0.109
t=  5.00 max|qacc|=      45.0 max|qvel|=   2.26 ncon=  0 com_z=0.937 com_x=-0.159
t=  5.50 max|qacc|=      41.8 max|qvel|=   1.18 ncon=  0 com_z=0.921 com_x=-0.107
t=  6.00 max|qacc|=      13.7 max|qvel|=   1.75 ncon=  0 com_z=0.928 com_x=-0.134
t=  6.50 max|qacc|=       8.9 max|qvel|=   1.54 ncon=  0 com_z=0.930 com_x=-0.150
t=  7.00 max|qacc|=      25.2 max|qvel|=   0.80 ncon=  0 com_z=0.922 com_x=-0.104
t=  7.50 max|qacc|=       7.9 max|qvel|=   2.35 ncon=  0 com_z=0.931 com_x=-0.149
t=  8.00 max|qacc|=       2.9 max|qvel|=   1.52 ncon=  0 com_z=0.923 com_x=-0.132
t=  8.50 max|qacc|=      20.3 max|qvel|=   1.09 ncon=  0 com_z=0.923 com_x=-0.113
t=  9.00 max|qacc|=       8.4 max|qvel|=   0.48 ncon=  0 com_z=0.931 com_x=-0.152
t=  9.50 max|qacc|=       5.6 max|qvel|=   1.19 ncon=  0 com_z=0.921 com_x=-0.117
t= 10.00 max|qacc|=       1.6 max|qvel|=   1.68 ncon=  0 com_z=0.925 com_x=-0.129
t= 10.50 max|qacc|=       3.1 max|qvel|=   0.89 ncon=  0 com_z=0.927 com_x=-0.145
t= 11.00 max|qacc|=       6.8 max|qvel|=   0.38 ncon=  0 com_z=0.922 com_x=-0.114
t= 11.50 max|qacc|=       3.6 max|qvel|=   0.73 ncon=  0 com_z=0.927 com_x=-0.140
t= 12.00 max|qacc|=       3.0 max|qvel|=   1.17 ncon=  0 com_z=0.924 com_x=-0.133
t= 12.50 max|qacc|=       4.4 max|qvel|=   0.58 ncon=  0 com_z=0.922 com_x=-0.118
t= 13.00 max|qacc|=       4.0 max|qvel|=   0.19 ncon=  0 com_z=0.928 com_x=-0.144
t= 13.50 max|qacc|=       2.7 max|qvel|=   0.88 ncon=  0 com_z=0.922 com_x=-0.123
t= 14.00 max|qacc|=       0.8 max|qvel|=   1.04 ncon=  0 com_z=0.924 com_x=-0.128
t= 14.50 max|qacc|=       2.7 max|qvel|=   0.37 ncon=  0 com_z=0.926 com_x=-0.141
t= 15.00 max|qacc|=       4.7 max|qvel|=   0.16 ncon=  0 com_z=0.922 com_x=-0.120
t= 15.50 max|qacc|=       2.2 max|qvel|=   0.40 ncon=  0 com_z=0.926 com_x=-0.136
t= 16.00 max|qacc|=       0.8 max|qvel|=   0.74 ncon=  0 com_z=0.924 com_x=-0.136
t= 16.50 max|qacc|=       1.7 max|qvel|=   0.27 ncon=  0 com_z=0.923 com_x=-0.125
t= 17.00 max|qacc|=       4.5 max|qvel|=   0.39 ncon=  0 com_z=0.928 com_x=-0.144
t= 17.50 max|qacc|=       5.0 max|qvel|=   0.40 ncon=  0 com_z=0.926 com_x=-0.138
t= 18.00 max|qacc|=       9.0 max|qvel|=   0.64 ncon=  0 com_z=0.926 com_x=-0.136
t= 18.50 max|qacc|=       9.7 max|qvel|=   0.31 ncon=  0 com_z=0.928 com_x=-0.145
t= 19.00 max|qacc|=      10.7 max|qvel|=   0.39 ncon=  0 com_z=0.925 com_x=-0.135
t= 19.50 max|qacc|=      12.1 max|qvel|=   0.26 ncon=  0 com_z=0.927 com_x=-0.140
t= 20.00 max|qacc|=       6.1 max|qvel|=   0.58 ncon=  0 com_z=0.927 com_x=-0.141
t= 20.50 max|qacc|=      20.9 max|qvel|=   0.49 ncon=  0 com_z=0.926 com_x=-0.135
t= 21.00 max|qacc|=      15.4 max|qvel|=   0.57 ncon=  0 com_z=0.927 com_x=-0.142
t= 21.50 max|qacc|=       9.4 max|qvel|=   0.90 ncon=  0 com_z=0.926 com_x=-0.138
t= 22.00 max|qacc|=      28.0 max|qvel|=   0.42 ncon=  0 com_z=0.926 com_x=-0.138
t= 22.50 max|qacc|=      15.9 max|qvel|=   1.07 ncon=  0 com_z=0.927 com_x=-0.142
t= 23.00 max|qacc|=      24.6 max|qvel|=   0.82 ncon=  0 com_z=0.926 com_x=-0.137
t= 23.50 max|qacc|=      45.6 max|qvel|=   1.03 ncon=  0 com_z=0.927 com_x=-0.140
t= 24.00 max|qacc|=      30.5 max|qvel|=   1.37 ncon=  0 com_z=0.927 com_x=-0.140
t= 24.50 max|qacc|=      39.5 max|qvel|=   0.71 ncon=  0 com_z=0.926 com_x=-0.137
t= 25.00 max|qacc|=      13.5 max|qvel|=   1.74 ncon=  0 com_z=0.927 com_x=-0.141
t= 25.50 max|qacc|=      53.2 max|qvel|=   0.69 ncon=  0 com_z=0.926 com_x=-0.138
t= 26.00 max|qacc|=      18.3 max|qvel|=   1.56 ncon=  0 com_z=0.926 com_x=-0.139
t= 26.50 max|qacc|=      51.8 max|qvel|=   0.52 ncon=  0 com_z=0.927 com_x=-0.140
t= 27.00 max|qacc|=      13.6 max|qvel|=   2.00 ncon=  0 com_z=0.926 com_x=-0.138
t= 27.50 max|qacc|=      53.8 max|qvel|=   1.13 ncon=  0 com_z=0.926 com_x=-0.140
t= 28.00 max|qacc|=      31.1 max|qvel|=   1.77 ncon=  0 com_z=0.927 com_x=-0.139
t= 28.50 max|qacc|=      52.4 max|qvel|=   0.85 ncon=  0 com_z=0.926 com_x=-0.138
t= 29.00 max|qacc|=      32.9 max|qvel|=   1.98 ncon=  0 com_z=0.927 com_x=-0.140
t= 29.50 max|qacc|=      56.7 max|qvel|=   1.42 ncon=  0 com_z=0.926 com_x=-0.138
t= 30.00 max|qacc|=      35.6 max|qvel|=   1.81 ncon=  0 com_z=0.926 com_x=-0.139
t= 30.50 max|qacc|=      49.9 max|qvel|=   1.04 ncon=  0 com_z=0.927 com_x=-0.139

== summary ==
pelvis/COM height: start 0.94 m, min 0.92 m, final 0.93 m  (stayed up)
COM x: min -0.16 max -0.09 final -0.14 m
COM y: min -0.017 max +0.004 m
RG_F_r bursts during walk window: 0
peak ctrl: [0.   0.01 0.01 0.34 0.   0.   0.27 0.   0.   0.   0.   0.01 0.02 0.26
 0.   0.01 0.25 0.   0.   0.  ] (('vas_lat_r', 'med_gas_r', 'soleus_r', 'tib_ant_r', 'psoas_r', 'semimem_r', 'glut_max2_r', 'rect_fem_r', 'sar_r', 'grac_r', 'vas_lat_l', 'med_gas_l', 'soleus_l', 'tib_ant_l', 'psoas_l', 'semimem_l', 'glut_max2_l', 'rect_fem_l', 'sar_l', 'grac_l'))
  hip_flexion_r        -16.3 ..    30.1 deg
  knee_angle_r         -43.9 ..    11.7 deg
  ankle_angle_r        -10.3 ..    31.1 deg
  hip_adduction_r       -2.9 ..     4.0 deg
  subtalar_angle_r      -1.6 ..    11.8 deg
  hip_flexion_l        -16.6 ..    17.4 deg
  knee_angle_l         -42.4 ..    11.7 deg
  ankle_angle_l         -2.9 ..    26.9 deg
  hip_adduction_l      -10.6 ..     6.8 deg
  subtalar_angle_l      -3.7 ..     8.9 deg
  pelvis_tilt           -1.9 ..    -0.4 deg
  pelvis_list           -0.5 ..    -0.3 deg
  pelvis_rotation        2.3 ..     2.5 deg
saved spinal_run.npz
saved spinal_run.png
fitted baseline loaded: e2_pf=0.222 f1_df=0.098 f1_kf=0.148 post_kneext=0.011 post_hipext=0.068 desc_f=1.400 e2_adapt=1.700
start pose (normal): applied 20 coordinates as given; pelvis ty 0.922 m (env override=0.9215287157201333); IMU-metric torso lean -0.0 deg (+ = back)
standing solve: nnls x in [0.00, 0.65], >0.1: 13 muscles
  top: add_long_l=0.65, tib_ant_r=0.61, tib_ant_l=0.47, ext_dig_r=0.37, glut_min1_l=0.30, pect_l=0.30, glut_min2_l=0.28, ext_dig_l=0.25
Fmax range: 5..3396 N | L range sample: [0.229942 0.326094]
t=  1.00 max|qacc|=      37.3 max|qvel|=   4.87 ncon=  0 com_z=0.924 com_x=-0.110
t=  1.50 max|qacc|=      13.6 max|qvel|=   1.92 ncon=  0 com_z=0.924 com_x=-0.116
t=  2.00 max|qacc|=      18.8 max|qvel|=   0.53 ncon=  0 com_z=0.930 com_x=-0.116
t=  2.50 max|qacc|=       8.7 max|qvel|=   0.72 ncon=  0 com_z=0.926 com_x=-0.119
t=  3.00 max|qacc|=       9.3 max|qvel|=   1.31 ncon=  0 com_z=0.927 com_x=-0.118
t=  3.50 max|qacc|=       3.5 max|qvel|=   1.59 ncon=  0 com_z=0.925 com_x=-0.120
t=  4.00 max|qacc|=       9.1 max|qvel|=   1.02 ncon=  0 com_z=0.925 com_x=-0.094
t=  4.50 max|qacc|=       8.2 max|qvel|=   0.62 ncon=  0 com_z=0.927 com_x=-0.091
t=  5.00 max|qacc|=       3.8 max|qvel|=   1.40 ncon=  0 com_z=0.923 com_x=-0.115
t=  5.50 max|qacc|=       8.6 max|qvel|=   1.42 ncon=  0 com_z=0.924 com_x=-0.089
t=  6.00 max|qacc|=       4.6 max|qvel|=   0.81 ncon=  0 com_z=0.927 com_x=-0.095
t=  6.50 max|qacc|=      10.8 max|qvel|=   0.95 ncon=  0 com_z=0.925 com_x=-0.115
t=  7.00 max|qacc|=       5.3 max|qvel|=   1.10 ncon=  0 com_z=0.923 com_x=-0.082
t=  7.50 max|qacc|=      12.8 max|qvel|=   0.92 ncon=  0 com_z=0.926 com_x=-0.102
t=  8.00 max|qacc|=       7.1 max|qvel|=   1.00 ncon=  0 com_z=0.926 com_x=-0.115
t=  8.50 max|qacc|=       8.4 max|qvel|=   1.03 ncon=  0 com_z=0.923 com_x=-0.077
t=  9.00 max|qacc|=      10.8 max|qvel|=   1.71 ncon=  0 com_z=0.926 com_x=-0.110
t=  9.50 max|qacc|=       4.9 max|qvel|=   0.95 ncon=  0 com_z=0.925 com_x=-0.110
t= 10.00 max|qacc|=       6.4 max|qvel|=   1.26 ncon=  0 com_z=0.925 com_x=-0.074
t= 10.50 max|qacc|=       6.0 max|qvel|=   1.98 ncon=  0 com_z=0.925 com_x=-0.117
t= 11.00 max|qacc|=       3.8 max|qvel|=   0.77 ncon=  0 com_z=0.925 com_x=-0.104
t= 11.50 max|qacc|=       4.7 max|qvel|=   0.96 ncon=  0 com_z=0.925 com_x=-0.074
t= 12.00 max|qacc|=       6.9 max|qvel|=   1.08 ncon=  0 com_z=0.926 com_x=-0.123
t= 12.50 max|qacc|=       4.1 max|qvel|=   1.16 ncon=  0 com_z=0.924 com_x=-0.095
t= 13.00 max|qacc|=       5.5 max|qvel|=   1.12 ncon=  0 com_z=0.925 com_x=-0.078
t= 13.50 max|qacc|=       7.8 max|qvel|=   0.86 ncon=  0 com_z=0.926 com_x=-0.128
t= 14.00 max|qacc|=       5.9 max|qvel|=   0.93 ncon=  0 com_z=0.924 com_x=-0.086
t= 14.50 max|qacc|=       8.4 max|qvel|=   0.93 ncon=  0 com_z=0.924 com_x=-0.085
t= 15.00 max|qacc|=       8.7 max|qvel|=   0.82 ncon=  0 com_z=0.926 com_x=-0.127
t= 15.50 max|qacc|=       4.2 max|qvel|=   1.11 ncon=  0 com_z=0.924 com_x=-0.078
t= 16.00 max|qacc|=      13.2 max|qvel|=   1.69 ncon=  0 com_z=0.924 com_x=-0.095
t= 16.50 max|qacc|=      15.0 max|qvel|=   1.00 ncon=  0 com_z=0.925 com_x=-0.120
t= 17.00 max|qacc|=       8.2 max|qvel|=   0.90 ncon=  0 com_z=0.924 com_x=-0.088
t= 17.50 max|qacc|=       8.3 max|qvel|=   1.21 ncon=  0 com_z=0.932 com_x=-0.141
t= 18.00 max|qacc|=       6.5 max|qvel|=   1.60 ncon=  0 com_z=0.923 com_x=-0.117
t= 18.50 max|qacc|=       4.3 max|qvel|=   1.14 ncon=  0 com_z=0.924 com_x=-0.104
t= 19.00 max|qacc|=       6.0 max|qvel|=   0.56 ncon=  0 com_z=0.932 com_x=-0.144
t= 19.50 max|qacc|=       7.6 max|qvel|=   0.59 ncon=  0 com_z=0.923 com_x=-0.100
t= 20.00 max|qacc|=       2.3 max|qvel|=   1.10 ncon=  0 com_z=0.927 com_x=-0.125
t= 20.50 max|qacc|=       6.1 max|qvel|=   1.36 ncon=  0 com_z=0.926 com_x=-0.131
t= 21.00 max|qacc|=       3.4 max|qvel|=   0.58 ncon=  0 com_z=0.923 com_x=-0.098
t= 21.50 max|qacc|=       5.8 max|qvel|=   0.61 ncon=  0 com_z=0.930 com_x=-0.138
t= 22.00 max|qacc|=       5.1 max|qvel|=   0.80 ncon=  0 com_z=0.923 com_x=-0.113
t= 22.50 max|qacc|=       2.3 max|qvel|=   0.88 ncon=  0 com_z=0.924 com_x=-0.112
t= 23.00 max|qacc|=       4.5 max|qvel|=   0.60 ncon=  0 com_z=0.928 com_x=-0.136
t= 23.50 max|qacc|=       3.6 max|qvel|=   0.10 ncon=  0 com_z=0.923 com_x=-0.103
t= 24.00 max|qacc|=       2.3 max|qvel|=   0.67 ncon=  0 com_z=0.927 com_x=-0.127
t= 24.50 max|qacc|=       1.6 max|qvel|=   0.94 ncon=  0 com_z=0.925 com_x=-0.124
t= 25.00 max|qacc|=       2.1 max|qvel|=   0.55 ncon=  0 com_z=0.923 com_x=-0.107
t= 25.50 max|qacc|=       4.8 max|qvel|=   0.21 ncon=  0 com_z=0.928 com_x=-0.133
t= 26.00 max|qacc|=       2.9 max|qvel|=   0.45 ncon=  0 com_z=0.924 com_x=-0.112
t= 26.50 max|qacc|=       1.2 max|qvel|=   0.66 ncon=  0 com_z=0.924 com_x=-0.119
t= 27.00 max|qacc|=       2.4 max|qvel|=   0.74 ncon=  0 com_z=0.926 com_x=-0.128
t= 27.50 max|qacc|=       1.9 max|qvel|=   0.38 ncon=  0 com_z=0.923 com_x=-0.109
t= 28.00 max|qacc|=       3.2 max|qvel|=   0.36 ncon=  0 com_z=0.926 com_x=-0.127
t= 28.50 max|qacc|=       2.8 max|qvel|=   0.40 ncon=  0 com_z=0.925 com_x=-0.119
t= 29.00 max|qacc|=       1.5 max|qvel|=   0.54 ncon=  0 com_z=0.923 com_x=-0.115
t= 29.50 max|qacc|=       1.6 max|qvel|=   0.62 ncon=  0 com_z=0.926 com_x=-0.127
t= 30.00 max|qacc|=       1.7 max|qvel|=   0.38 ncon=  0 com_z=0.924 com_x=-0.114
t= 30.50 max|qacc|=       3.0 max|qvel|=   0.28 ncon=  0 com_z=0.925 com_x=-0.121

== summary ==
pelvis/COM height: start 0.94 m, min 0.92 m, final 0.93 m  (stayed up)
COM x: min -0.15 max -0.07 final -0.12 m
COM y: min -0.017 max +0.005 m
RG_F_r bursts during walk window: 0
peak ctrl: [0.   0.01 0.02 0.35 0.   0.   0.18 0.   0.   0.   0.   0.01 0.02 0.27
 0.   0.01 0.15 0.   0.   0.  ] (('vas_lat_r', 'med_gas_r', 'soleus_r', 'tib_ant_r', 'psoas_r', 'semimem_r', 'glut_max2_r', 'rect_fem_r', 'sar_r', 'grac_r', 'vas_lat_l', 'med_gas_l', 'soleus_l', 'tib_ant_l', 'psoas_l', 'semimem_l', 'glut_max2_l', 'rect_fem_l', 'sar_l', 'grac_l'))
  hip_flexion_r        -19.0 ..    24.6 deg
  knee_angle_r         -41.4 ..    11.6 deg
  ankle_angle_r         -7.3 ..    32.5 deg
  hip_adduction_r       -3.2 ..     4.0 deg
  subtalar_angle_r       0.0 ..    11.7 deg
  hip_flexion_l        -20.3 ..     6.5 deg
  knee_angle_l         -41.5 ..     1.2 deg
  ankle_angle_l          2.1 ..    28.7 deg
  hip_adduction_l      -11.0 ..     7.5 deg
  subtalar_angle_l       0.0 ..     9.3 deg
  pelvis_tilt           -1.9 ..    -0.7 deg
  pelvis_list           -0.5 ..    -0.3 deg
  pelvis_rotation        2.4 ..     2.5 deg
saved spinal_run.npz
saved spinal_run.png
fitted baseline loaded: e2_pf=0.222 f1_df=0.098 f1_kf=0.148 post_kneext=0.011 post_hipext=0.068 desc_f=1.400 e2_adapt=1.700
start pose (normal): applied 20 coordinates as given; pelvis ty 0.922 m (env override=0.9215287157201333); IMU-metric torso lean -0.0 deg (+ = back)
standing solve: nnls x in [0.00, 0.65], >0.1: 13 muscles
  top: add_long_l=0.65, tib_ant_r=0.61, tib_ant_l=0.47, ext_dig_r=0.37, glut_min1_l=0.30, pect_l=0.30, glut_min2_l=0.28, ext_dig_l=0.25
Fmax range: 5..3396 N | L range sample: [0.229942 0.326094]
t=  1.00 max|qacc|=      40.5 max|qvel|=   5.06 ncon=  0 com_z=0.924 com_x=-0.105
t=  1.50 max|qacc|=      14.8 max|qvel|=   1.72 ncon=  0 com_z=0.924 com_x=-0.111
t=  2.00 max|qacc|=      19.6 max|qvel|=   0.61 ncon=  0 com_z=0.931 com_x=-0.115
t=  2.50 max|qacc|=       7.6 max|qvel|=   0.87 ncon=  0 com_z=0.925 com_x=-0.115
t=  3.00 max|qacc|=      10.9 max|qvel|=   1.46 ncon=  0 com_z=0.926 com_x=-0.116
t=  3.50 max|qacc|=       3.9 max|qvel|=   1.26 ncon=  0 com_z=0.925 com_x=-0.118
t=  4.00 max|qacc|=       9.1 max|qvel|=   1.28 ncon=  0 com_z=0.925 com_x=-0.088
t=  4.50 max|qacc|=      12.6 max|qvel|=   0.82 ncon=  0 com_z=0.928 com_x=-0.095
t=  5.00 max|qacc|=      32.6 max|qvel|=   3.98 ncon=  0 com_z=0.930 com_x=-0.151
t=  5.50 max|qacc|=      19.5 max|qvel|=   3.01 ncon=  0 com_z=0.924 com_x=-0.134
t=  6.00 max|qacc|=       5.8 max|qvel|=   1.29 ncon=  0 com_z=0.926 com_x=-0.117
t=  6.50 max|qacc|=      16.0 max|qvel|=   1.49 ncon=  0 com_z=0.932 com_x=-0.148
t=  7.00 max|qacc|=      44.9 max|qvel|=   1.27 ncon=  0 com_z=0.922 com_x=-0.116
t=  7.50 max|qacc|=      14.0 max|qvel|=   2.41 ncon=  0 com_z=0.926 com_x=-0.135
t=  8.00 max|qacc|=       7.7 max|qvel|=   2.29 ncon=  0 com_z=0.927 com_x=-0.140
t=  8.50 max|qacc|=      16.3 max|qvel|=   0.59 ncon=  0 com_z=0.924 com_x=-0.113
t=  9.00 max|qacc|=      14.0 max|qvel|=   1.62 ncon=  0 com_z=0.928 com_x=-0.143
t=  9.50 max|qacc|=       1.9 max|qvel|=   1.24 ncon=  0 com_z=0.923 com_x=-0.128
t= 10.00 max|qacc|=       7.5 max|qvel|=   1.00 ncon=  0 com_z=0.925 com_x=-0.123
t= 10.50 max|qacc|=       4.8 max|qvel|=   0.39 ncon=  0 com_z=0.928 com_x=-0.143
t= 11.00 max|qacc|=       4.2 max|qvel|=   1.07 ncon=  0 com_z=0.923 com_x=-0.120
t= 11.50 max|qacc|=       2.2 max|qvel|=   1.62 ncon=  0 com_z=0.925 com_x=-0.133
t= 12.00 max|qacc|=       5.3 max|qvel|=   0.80 ncon=  0 com_z=0.925 com_x=-0.137
t= 12.50 max|qacc|=       6.7 max|qvel|=   0.27 ncon=  0 com_z=0.924 com_x=-0.119
t= 13.00 max|qacc|=       7.2 max|qvel|=   0.58 ncon=  0 com_z=0.927 com_x=-0.139
t= 13.50 max|qacc|=       2.1 max|qvel|=   1.31 ncon=  0 com_z=0.923 com_x=-0.128
t= 14.00 max|qacc|=       4.9 max|qvel|=   1.16 ncon=  0 com_z=0.924 com_x=-0.125
t= 14.50 max|qacc|=       3.4 max|qvel|=   0.35 ncon=  0 com_z=0.926 com_x=-0.140
t= 15.00 max|qacc|=       5.3 max|qvel|=   0.79 ncon=  0 com_z=0.923 com_x=-0.123
t= 15.50 max|qacc|=       2.0 max|qvel|=   0.89 ncon=  0 com_z=0.925 com_x=-0.133
t= 16.00 max|qacc|=       4.2 max|qvel|=   0.58 ncon=  0 com_z=0.925 com_x=-0.137
t= 16.50 max|qacc|=       3.2 max|qvel|=   0.26 ncon=  0 com_z=0.924 com_x=-0.125
t= 17.00 max|qacc|=       4.8 max|qvel|=   0.74 ncon=  0 com_z=0.928 com_x=-0.142
t= 17.50 max|qacc|=       3.9 max|qvel|=   0.82 ncon=  0 com_z=0.926 com_x=-0.140
t= 18.00 max|qacc|=       9.2 max|qvel|=   0.72 ncon=  0 com_z=0.926 com_x=-0.134
t= 18.50 max|qacc|=       4.4 max|qvel|=   0.38 ncon=  0 com_z=0.928 com_x=-0.145
t= 19.00 max|qacc|=      11.8 max|qvel|=   0.51 ncon=  0 com_z=0.926 com_x=-0.135
t= 19.50 max|qacc|=      12.2 max|qvel|=   0.70 ncon=  0 com_z=0.927 com_x=-0.139
t= 20.00 max|qacc|=       4.9 max|qvel|=   0.66 ncon=  0 com_z=0.927 com_x=-0.142
t= 20.50 max|qacc|=      22.1 max|qvel|=   0.44 ncon=  0 com_z=0.926 com_x=-0.134
t= 21.00 max|qacc|=      14.4 max|qvel|=   0.72 ncon=  0 com_z=0.927 com_x=-0.142
t= 21.50 max|qacc|=      16.5 max|qvel|=   0.85 ncon=  0 com_z=0.926 com_x=-0.138
t= 22.00 max|qacc|=      37.6 max|qvel|=   0.71 ncon=  0 com_z=0.926 com_x=-0.137
t= 22.50 max|qacc|=      17.4 max|qvel|=   1.09 ncon=  0 com_z=0.927 com_x=-0.142
t= 23.00 max|qacc|=      39.5 max|qvel|=   0.33 ncon=  0 com_z=0.926 com_x=-0.136
t= 23.50 max|qacc|=      11.4 max|qvel|=   1.49 ncon=  0 com_z=0.927 com_x=-0.140
t= 24.00 max|qacc|=      44.8 max|qvel|=   0.96 ncon=  0 com_z=0.926 com_x=-0.140
t= 24.50 max|qacc|=      28.7 max|qvel|=   1.43 ncon=  0 com_z=0.926 com_x=-0.136
t= 25.00 max|qacc|=      42.7 max|qvel|=   0.80 ncon=  0 com_z=0.927 com_x=-0.141
t= 25.50 max|qacc|=      34.2 max|qvel|=   1.71 ncon=  0 com_z=0.926 com_x=-0.138
t= 26.00 max|qacc|=      49.9 max|qvel|=   1.34 ncon=  0 com_z=0.926 com_x=-0.138
t= 26.50 max|qacc|=      34.0 max|qvel|=   1.69 ncon=  0 com_z=0.927 com_x=-0.141
t= 27.00 max|qacc|=      48.1 max|qvel|=   0.99 ncon=  0 com_z=0.926 com_x=-0.137
t= 27.50 max|qacc|=      34.2 max|qvel|=   1.90 ncon=  0 com_z=0.927 com_x=-0.140
t= 28.00 max|qacc|=      55.6 max|qvel|=   1.42 ncon=  0 com_z=0.926 com_x=-0.139
t= 28.50 max|qacc|=      35.5 max|qvel|=   1.74 ncon=  0 com_z=0.926 com_x=-0.137
t= 29.00 max|qacc|=      53.2 max|qvel|=   0.84 ncon=  0 com_z=0.927 com_x=-0.141
t= 29.50 max|qacc|=      20.2 max|qvel|=   2.17 ncon=  0 com_z=0.926 com_x=-0.138
t= 30.00 max|qacc|=      54.4 max|qvel|=   1.18 ncon=  0 com_z=0.926 com_x=-0.139
t= 30.50 max|qacc|=      29.4 max|qvel|=   1.83 ncon=  0 com_z=0.927 com_x=-0.140

== summary ==
pelvis/COM height: start 0.94 m, min 0.92 m, final 0.93 m  (stayed up)
COM x: min -0.15 max -0.09 final -0.14 m
COM y: min -0.017 max +0.004 m
RG_F_r bursts during walk window: 0
peak ctrl: [0.   0.01 0.01 0.34 0.   0.   0.27 0.   0.   0.   0.   0.01 0.02 0.26
 0.   0.01 0.25 0.   0.   0.  ] (('vas_lat_r', 'med_gas_r', 'soleus_r', 'tib_ant_r', 'psoas_r', 'semimem_r', 'glut_max2_r', 'rect_fem_r', 'sar_r', 'grac_r', 'vas_lat_l', 'med_gas_l', 'soleus_l', 'tib_ant_l', 'psoas_l', 'semimem_l', 'glut_max2_l', 'rect_fem_l', 'sar_l', 'grac_l'))
  hip_flexion_r        -16.7 ..    24.6 deg
  knee_angle_r         -44.4 ..    11.7 deg
  ankle_angle_r         -8.0 ..    30.9 deg
  hip_adduction_r       -3.3 ..     4.0 deg
  subtalar_angle_r      -0.4 ..    11.9 deg
  hip_flexion_l        -19.4 ..    17.2 deg
  knee_angle_l         -51.1 ..    11.6 deg
  ankle_angle_l         -3.3 ..    26.6 deg
  hip_adduction_l      -10.5 ..     7.3 deg
  subtalar_angle_l      -2.9 ..     8.8 deg
  pelvis_tilt           -1.9 ..    -0.5 deg
  pelvis_list           -0.5 ..    -0.3 deg
  pelvis_rotation        2.3 ..     2.5 deg
saved spinal_run.npz
saved spinal_run.png
fitted baseline loaded: e2_pf=0.222 f1_df=0.098 f1_kf=0.148 post_kneext=0.011 post_hipext=0.068 desc_f=1.400 e2_adapt=1.700
start pose (normal): applied 20 coordinates as given; pelvis ty 0.922 m (env override=0.9215287157201333); IMU-metric torso lean -0.0 deg (+ = back)
standing solve: nnls x in [0.00, 0.65], >0.1: 13 muscles
  top: add_long_l=0.65, tib_ant_r=0.61, tib_ant_l=0.47, ext_dig_r=0.37, glut_min1_l=0.30, pect_l=0.30, glut_min2_l=0.28, ext_dig_l=0.25
Fmax range: 5..3396 N | L range sample: [0.229942 0.326094]
t=  1.00 max|qacc|=      36.3 max|qvel|=   4.67 ncon=  0 com_z=0.924 com_x=-0.114
t=  1.50 max|qacc|=      21.7 max|qvel|=   2.10 ncon=  0 com_z=0.924 com_x=-0.121
t=  2.00 max|qacc|=      18.0 max|qvel|=   0.53 ncon=  0 com_z=0.930 com_x=-0.117
t=  2.50 max|qacc|=       9.7 max|qvel|=   0.65 ncon=  0 com_z=0.926 com_x=-0.123
t=  3.00 max|qacc|=       7.8 max|qvel|=   1.20 ncon=  0 com_z=0.927 com_x=-0.120
t=  3.50 max|qacc|=       3.1 max|qvel|=   1.88 ncon=  0 com_z=0.925 com_x=-0.122
t=  4.00 max|qacc|=       7.0 max|qvel|=   0.78 ncon=  0 com_z=0.924 com_x=-0.099
t=  4.50 max|qacc|=       5.9 max|qvel|=   0.52 ncon=  0 com_z=0.927 com_x=-0.089
t=  5.00 max|qacc|=      34.6 max|qvel|=   2.00 ncon=  0 com_z=0.927 com_x=-0.135
t=  5.50 max|qacc|=      19.8 max|qvel|=   4.98 ncon=  0 com_z=0.928 com_x=-0.142
t=  6.00 max|qacc|=      44.0 max|qvel|=   1.69 ncon=  0 com_z=0.925 com_x=-0.115
t=  6.50 max|qacc|=      16.1 max|qvel|=   1.12 ncon=  0 com_z=0.929 com_x=-0.139
t=  7.00 max|qacc|=       6.6 max|qvel|=   1.54 ncon=  0 com_z=0.925 com_x=-0.134
t=  7.50 max|qacc|=      12.1 max|qvel|=   1.30 ncon=  0 com_z=0.924 com_x=-0.125
t=  8.00 max|qacc|=       7.5 max|qvel|=   1.37 ncon=  0 com_z=0.928 com_x=-0.140
t=  8.50 max|qacc|=      55.1 max|qvel|=   0.60 ncon=  0 com_z=0.926 com_x=-0.124
t=  9.00 max|qacc|=       7.3 max|qvel|=   1.74 ncon=  0 com_z=0.925 com_x=-0.133
t=  9.50 max|qacc|=       1.8 max|qvel|=   1.14 ncon=  0 com_z=0.925 com_x=-0.135
t= 10.00 max|qacc|=       7.2 max|qvel|=   0.64 ncon=  0 com_z=0.925 com_x=-0.125
t= 10.50 max|qacc|=       3.4 max|qvel|=   0.30 ncon=  0 com_z=0.926 com_x=-0.137
t= 11.00 max|qacc|=       2.9 max|qvel|=   1.37 ncon=  0 com_z=0.924 com_x=-0.129
t= 11.50 max|qacc|=       2.7 max|qvel|=   1.46 ncon=  0 com_z=0.924 com_x=-0.129
t= 12.00 max|qacc|=       3.7 max|qvel|=   0.38 ncon=  0 com_z=0.926 com_x=-0.136
t= 12.50 max|qacc|=       6.0 max|qvel|=   0.50 ncon=  0 com_z=0.925 com_x=-0.126
t= 13.00 max|qacc|=       6.4 max|qvel|=   0.98 ncon=  0 com_z=0.925 com_x=-0.134
t= 13.50 max|qacc|=       4.0 max|qvel|=   0.99 ncon=  0 com_z=0.924 com_x=-0.132
t= 14.00 max|qacc|=       5.8 max|qvel|=   0.71 ncon=  0 com_z=0.925 com_x=-0.128
t= 14.50 max|qacc|=       2.8 max|qvel|=   0.27 ncon=  0 com_z=0.925 com_x=-0.136
t= 15.00 max|qacc|=       3.1 max|qvel|=   1.00 ncon=  0 com_z=0.923 com_x=-0.128
t= 15.50 max|qacc|=       1.4 max|qvel|=   0.89 ncon=  0 com_z=0.925 com_x=-0.132
t= 16.00 max|qacc|=       3.4 max|qvel|=   0.25 ncon=  0 com_z=0.925 com_x=-0.137
t= 16.50 max|qacc|=       4.0 max|qvel|=   0.50 ncon=  0 com_z=0.925 com_x=-0.130
t= 17.00 max|qacc|=      16.5 max|qvel|=   0.99 ncon=  0 com_z=0.928 com_x=-0.143
t= 17.50 max|qacc|=       9.3 max|qvel|=   0.88 ncon=  0 com_z=0.927 com_x=-0.142
t= 18.00 max|qacc|=       7.4 max|qvel|=   0.59 ncon=  0 com_z=0.927 com_x=-0.137
t= 18.50 max|qacc|=       5.4 max|qvel|=   0.25 ncon=  0 com_z=0.928 com_x=-0.146
t= 19.00 max|qacc|=       5.0 max|qvel|=   0.70 ncon=  0 com_z=0.926 com_x=-0.138
t= 19.50 max|qacc|=       3.0 max|qvel|=   0.68 ncon=  0 com_z=0.928 com_x=-0.140
t= 20.00 max|qacc|=       5.5 max|qvel|=   0.32 ncon=  0 com_z=0.928 com_x=-0.144
t= 20.50 max|qacc|=       3.1 max|qvel|=   0.15 ncon=  0 com_z=0.927 com_x=-0.137
t= 21.00 max|qacc|=       3.5 max|qvel|=   0.61 ncon=  0 com_z=0.928 com_x=-0.143
t= 21.50 max|qacc|=       2.8 max|qvel|=   0.68 ncon=  0 com_z=0.927 com_x=-0.141
t= 22.00 max|qacc|=       3.9 max|qvel|=   0.52 ncon=  0 com_z=0.927 com_x=-0.139
t= 22.50 max|qacc|=       2.0 max|qvel|=   0.17 ncon=  0 com_z=0.928 com_x=-0.144
t= 23.00 max|qacc|=       2.2 max|qvel|=   0.39 ncon=  0 com_z=0.927 com_x=-0.138
t= 23.50 max|qacc|=       2.1 max|qvel|=   0.47 ncon=  0 com_z=0.928 com_x=-0.141
t= 24.00 max|qacc|=       2.1 max|qvel|=   0.32 ncon=  0 com_z=0.927 com_x=-0.142
t= 24.50 max|qacc|=       2.1 max|qvel|=   0.11 ncon=  0 com_z=0.927 com_x=-0.138
t= 25.00 max|qacc|=       2.1 max|qvel|=   0.36 ncon=  0 com_z=0.928 com_x=-0.143
t= 25.50 max|qacc|=       1.0 max|qvel|=   0.49 ncon=  0 com_z=0.927 com_x=-0.140
t= 26.00 max|qacc|=       1.3 max|qvel|=   0.43 ncon=  0 com_z=0.927 com_x=-0.140
t= 26.50 max|qacc|=       1.5 max|qvel|=   0.11 ncon=  0 com_z=0.928 com_x=-0.143
t= 27.00 max|qacc|=       1.8 max|qvel|=   0.19 ncon=  0 com_z=0.927 com_x=-0.139
t= 27.50 max|qacc|=       0.6 max|qvel|=   0.31 ncon=  0 com_z=0.928 com_x=-0.142
t= 28.00 max|qacc|=       1.1 max|qvel|=   0.28 ncon=  0 com_z=0.927 com_x=-0.142
t= 28.50 max|qacc|=       1.5 max|qvel|=   0.08 ncon=  0 com_z=0.927 com_x=-0.139
t= 29.00 max|qacc|=       1.7 max|qvel|=   0.19 ncon=  0 com_z=0.928 com_x=-0.143
t= 29.50 max|qacc|=       0.5 max|qvel|=   0.32 ncon=  0 com_z=0.927 com_x=-0.140
t= 30.00 max|qacc|=       0.7 max|qvel|=   0.34 ncon=  0 com_z=0.927 com_x=-0.141
t= 30.50 max|qacc|=       0.9 max|qvel|=   0.13 ncon=  0 com_z=0.927 com_x=-0.142

== summary ==
pelvis/COM height: start 0.94 m, min 0.92 m, final 0.93 m  (stayed up)
COM x: min -0.15 max -0.09 final -0.14 m
COM y: min -0.017 max +0.005 m
RG_F_r bursts during walk window: 0
peak ctrl: [0.   0.01 0.01 0.35 0.   0.   0.29 0.   0.   0.   0.   0.01 0.02 0.27
 0.   0.01 0.27 0.   0.   0.  ] (('vas_lat_r', 'med_gas_r', 'soleus_r', 'tib_ant_r', 'psoas_r', 'semimem_r', 'glut_max2_r', 'rect_fem_r', 'sar_r', 'grac_r', 'vas_lat_l', 'med_gas_l', 'soleus_l', 'tib_ant_l', 'psoas_l', 'semimem_l', 'glut_max2_l', 'rect_fem_l', 'sar_l', 'grac_l'))
  hip_flexion_r        -10.8 ..    24.6 deg
  knee_angle_r         -39.0 ..    11.4 deg
  ankle_angle_r         -7.4 ..    33.8 deg
  hip_adduction_r       -3.9 ..     3.9 deg
  subtalar_angle_r      -0.4 ..    11.5 deg
  hip_flexion_l        -19.5 ..    22.9 deg
  knee_angle_l         -53.6 ..    11.1 deg
  ankle_angle_l         -1.5 ..    30.6 deg
  hip_adduction_l      -11.4 ..     7.0 deg
  subtalar_angle_l      -3.3 ..     9.8 deg
  pelvis_tilt           -1.9 ..    -0.5 deg
  pelvis_list           -0.5 ..    -0.3 deg
  pelvis_rotation        2.3 ..     2.5 deg
saved spinal_run.npz
saved spinal_run.png
fitted baseline loaded: e2_pf=0.222 f1_df=0.098 f1_kf=0.148 post_kneext=0.011 post_hipext=0.068 desc_f=1.400 e2_adapt=1.700
start pose (normal): applied 20 coordinates as given; pelvis ty 0.922 m (env override=0.9215287157201333); IMU-metric torso lean -0.0 deg (+ = back)
standing solve: nnls x in [0.00, 0.65], >0.1: 13 muscles
  top: add_long_l=0.65, tib_ant_r=0.61, tib_ant_l=0.47, ext_dig_r=0.37, glut_min1_l=0.30, pect_l=0.30, glut_min2_l=0.28, ext_dig_l=0.25
Fmax range: 5..3396 N | L range sample: [0.229942 0.326094]
t=  1.00 max|qacc|=      40.0 max|qvel|=   5.01 ncon=  0 com_z=0.924 com_x=-0.107
t=  1.50 max|qacc|=      14.4 max|qvel|=   1.77 ncon=  0 com_z=0.924 com_x=-0.113
t=  2.00 max|qacc|=      19.5 max|qvel|=   0.58 ncon=  0 com_z=0.930 com_x=-0.116
t=  2.50 max|qacc|=       7.9 max|qvel|=   0.81 ncon=  0 com_z=0.925 com_x=-0.116
t=  3.00 max|qacc|=      10.4 max|qvel|=   1.43 ncon=  0 com_z=0.926 com_x=-0.116
t=  3.50 max|qacc|=       3.8 max|qvel|=   1.35 ncon=  0 com_z=0.925 com_x=-0.118
t=  4.00 max|qacc|=       9.3 max|qvel|=   1.22 ncon=  0 com_z=0.925 com_x=-0.089
t=  4.50 max|qacc|=      84.0 max|qvel|=   3.93 ncon=  0 com_z=0.932 com_x=-0.142
t=  5.00 max|qacc|=      31.3 max|qvel|=   3.26 ncon=  0 com_z=0.930 com_x=-0.155
t=  5.50 max|qacc|=      16.9 max|qvel|=   0.99 ncon=  0 com_z=0.922 com_x=-0.097
t=  6.00 max|qacc|=      12.9 max|qvel|=   0.58 ncon=  0 com_z=0.936 com_x=-0.152
t=  6.50 max|qacc|=       4.3 max|qvel|=   1.45 ncon=  0 com_z=0.923 com_x=-0.133
t=  7.00 max|qacc|=      14.7 max|qvel|=   1.52 ncon=  0 com_z=0.921 com_x=-0.110
t=  7.50 max|qacc|=       5.9 max|qvel|=   0.67 ncon=  0 com_z=0.935 com_x=-0.156
t=  8.00 max|qacc|=       4.8 max|qvel|=   1.08 ncon=  0 com_z=0.922 com_x=-0.117
t=  8.50 max|qacc|=      10.9 max|qvel|=   1.71 ncon=  0 com_z=0.924 com_x=-0.125
t=  9.00 max|qacc|=       7.0 max|qvel|=   0.77 ncon=  0 com_z=0.930 com_x=-0.151
t=  9.50 max|qacc|=       6.7 max|qvel|=   0.32 ncon=  0 com_z=0.922 com_x=-0.111
t= 10.00 max|qacc|=       6.0 max|qvel|=   0.77 ncon=  0 com_z=0.928 com_x=-0.138
t= 10.50 max|qacc|=       4.7 max|qvel|=   1.37 ncon=  0 com_z=0.925 com_x=-0.139
t= 11.00 max|qacc|=       5.1 max|qvel|=   0.80 ncon=  0 com_z=0.922 com_x=-0.114
t= 11.50 max|qacc|=       4.0 max|qvel|=   0.25 ncon=  0 com_z=0.930 com_x=-0.145
t= 12.00 max|qacc|=       3.6 max|qvel|=   1.13 ncon=  0 com_z=0.923 com_x=-0.128
t= 12.50 max|qacc|=       1.4 max|qvel|=   1.03 ncon=  0 com_z=0.922 com_x=-0.122
t= 13.00 max|qacc|=       2.8 max|qvel|=   0.25 ncon=  0 com_z=0.929 com_x=-0.145
t= 13.50 max|qacc|=       4.7 max|qvel|=   0.37 ncon=  0 com_z=0.922 com_x=-0.121
t= 14.00 max|qacc|=       2.1 max|qvel|=   0.66 ncon=  0 com_z=0.924 com_x=-0.131
t= 14.50 max|qacc|=       3.9 max|qvel|=   0.60 ncon=  0 com_z=0.926 com_x=-0.139
t= 15.00 max|qacc|=       3.2 max|qvel|=   0.19 ncon=  0 com_z=0.922 com_x=-0.120
t= 15.50 max|qacc|=       1.7 max|qvel|=   0.36 ncon=  0 com_z=0.926 com_x=-0.137
t= 16.00 max|qacc|=       0.8 max|qvel|=   0.79 ncon=  0 com_z=0.924 com_x=-0.135
t= 16.50 max|qacc|=       1.7 max|qvel|=   0.34 ncon=  0 com_z=0.923 com_x=-0.126
t= 17.00 max|qacc|=       4.9 max|qvel|=   0.41 ncon=  0 com_z=0.929 com_x=-0.144
t= 17.50 max|qacc|=       2.9 max|qvel|=   0.58 ncon=  0 com_z=0.926 com_x=-0.139
t= 18.00 max|qacc|=       7.5 max|qvel|=   0.68 ncon=  0 com_z=0.926 com_x=-0.135
t= 18.50 max|qacc|=       6.0 max|qvel|=   0.27 ncon=  0 com_z=0.929 com_x=-0.145
t= 19.00 max|qacc|=       9.5 max|qvel|=   0.27 ncon=  0 com_z=0.925 com_x=-0.136
t= 19.50 max|qacc|=       8.6 max|qvel|=   0.41 ncon=  0 com_z=0.927 com_x=-0.139
t= 20.00 max|qacc|=       3.1 max|qvel|=   0.45 ncon=  0 com_z=0.927 com_x=-0.142
t= 20.50 max|qacc|=      15.0 max|qvel|=   0.28 ncon=  0 com_z=0.925 com_x=-0.135
t= 21.00 max|qacc|=      10.0 max|qvel|=   0.50 ncon=  0 com_z=0.928 com_x=-0.141
t= 21.50 max|qacc|=      10.2 max|qvel|=   0.57 ncon=  0 com_z=0.926 com_x=-0.140
t= 22.00 max|qacc|=      21.2 max|qvel|=   0.41 ncon=  0 com_z=0.926 com_x=-0.136
t= 22.50 max|qacc|=       8.7 max|qvel|=   0.76 ncon=  0 com_z=0.928 com_x=-0.142
t= 23.00 max|qacc|=      20.0 max|qvel|=   0.51 ncon=  0 com_z=0.926 com_x=-0.138
t= 23.50 max|qacc|=      33.0 max|qvel|=   0.82 ncon=  0 com_z=0.926 com_x=-0.138
t= 24.00 max|qacc|=      22.0 max|qvel|=   1.00 ncon=  0 com_z=0.927 com_x=-0.142
t= 24.50 max|qacc|=      33.8 max|qvel|=   0.26 ncon=  0 com_z=0.926 com_x=-0.137
t= 25.00 max|qacc|=      18.6 max|qvel|=   1.30 ncon=  0 com_z=0.927 com_x=-0.140
t= 25.50 max|qacc|=      44.3 max|qvel|=   1.06 ncon=  0 com_z=0.927 com_x=-0.140
t= 26.00 max|qacc|=      30.3 max|qvel|=   1.27 ncon=  0 com_z=0.926 com_x=-0.137
t= 26.50 max|qacc|=      28.8 max|qvel|=   1.35 ncon=  0 com_z=0.927 com_x=-0.141
t= 27.00 max|qacc|=      59.9 max|qvel|=   1.14 ncon=  0 com_z=0.926 com_x=-0.139
t= 27.50 max|qacc|=      29.9 max|qvel|=   1.66 ncon=  0 com_z=0.926 com_x=-0.138
t= 28.00 max|qacc|=      49.5 max|qvel|=   0.60 ncon=  0 com_z=0.927 com_x=-0.141
t= 28.50 max|qacc|=       8.4 max|qvel|=   2.01 ncon=  0 com_z=0.926 com_x=-0.138
t= 29.00 max|qacc|=      54.6 max|qvel|=   0.75 ncon=  0 com_z=0.927 com_x=-0.139
t= 29.50 max|qacc|=      23.7 max|qvel|=   1.74 ncon=  0 com_z=0.927 com_x=-0.140
t= 30.00 max|qacc|=      53.6 max|qvel|=   0.70 ncon=  0 com_z=0.926 com_x=-0.138
t= 30.50 max|qacc|=      29.6 max|qvel|=   1.97 ncon=  0 com_z=0.927 com_x=-0.140

== summary ==
pelvis/COM height: start 0.94 m, min 0.92 m, final 0.93 m  (stayed up)
COM x: min -0.16 max -0.09 final -0.14 m
COM y: min -0.017 max +0.005 m
RG_F_r bursts during walk window: 0
peak ctrl: [0.   0.01 0.01 0.34 0.   0.   0.28 0.   0.   0.   0.   0.01 0.02 0.26
 0.   0.01 0.25 0.   0.   0.  ] (('vas_lat_r', 'med_gas_r', 'soleus_r', 'tib_ant_r', 'psoas_r', 'semimem_r', 'glut_max2_r', 'rect_fem_r', 'sar_r', 'grac_r', 'vas_lat_l', 'med_gas_l', 'soleus_l', 'tib_ant_l', 'psoas_l', 'semimem_l', 'glut_max2_l', 'rect_fem_l', 'sar_l', 'grac_l'))
  hip_flexion_r        -16.1 ..    25.9 deg
  knee_angle_r         -51.8 ..    11.7 deg
  ankle_angle_r        -11.1 ..    31.3 deg
  hip_adduction_r       -4.4 ..     4.0 deg
  subtalar_angle_r      -1.4 ..    11.8 deg
  hip_flexion_l        -16.6 ..    14.5 deg
  knee_angle_l         -38.7 ..    12.1 deg
  ankle_angle_l         -3.3 ..    27.2 deg
  hip_adduction_l      -10.7 ..     5.8 deg
  subtalar_angle_l      -4.0 ..     8.9 deg
  pelvis_tilt           -1.9 ..    -0.4 deg
  pelvis_list           -0.5 ..    -0.3 deg
  pelvis_rotation        2.3 ..     2.5 deg
saved spinal_run.npz
saved spinal_run.png
fitted baseline loaded: e2_pf=0.222 f1_df=0.098 f1_kf=0.148 post_kneext=0.011 post_hipext=0.068 desc_f=1.400 e2_adapt=1.700
start pose (normal): applied 20 coordinates as given; pelvis ty 0.922 m (env override=0.9215287157201333); IMU-metric torso lean -0.0 deg (+ = back)
standing solve: nnls x in [0.00, 0.65], >0.1: 13 muscles
  top: add_long_l=0.65, tib_ant_r=0.61, tib_ant_l=0.47, ext_dig_r=0.37, glut_min1_l=0.30, pect_l=0.30, glut_min2_l=0.28, ext_dig_l=0.25
Fmax range: 5..3396 N | L range sample: [0.229942 0.326094]
t=  1.00 max|qacc|=      38.5 max|qvel|=   4.92 ncon=  0 com_z=0.924 com_x=-0.109
t=  1.50 max|qacc|=      13.9 max|qvel|=   1.86 ncon=  0 com_z=0.924 com_x=-0.115
t=  2.00 max|qacc|=      18.9 max|qvel|=   0.55 ncon=  0 com_z=0.930 com_x=-0.116
t=  2.50 max|qacc|=       8.4 max|qvel|=   0.73 ncon=  0 com_z=0.925 com_x=-0.118
t=  3.00 max|qacc|=       9.6 max|qvel|=   1.34 ncon=  0 com_z=0.926 com_x=-0.117
t=  3.50 max|qacc|=       3.6 max|qvel|=   1.50 ncon=  0 com_z=0.925 com_x=-0.119
t=  4.00 max|qacc|=       9.3 max|qvel|=   1.10 ncon=  0 com_z=0.925 com_x=-0.092
t=  4.50 max|qacc|=      54.7 max|qvel|=   2.31 ncon=  0 com_z=0.928 com_x=-0.125
t=  5.00 max|qacc|=      32.3 max|qvel|=   4.32 ncon=  0 com_z=0.936 com_x=-0.161
t=  5.50 max|qacc|=      19.1 max|qvel|=   0.79 ncon=  0 com_z=0.921 com_x=-0.099
t=  6.00 max|qacc|=      18.5 max|qvel|=   2.04 ncon=  0 com_z=0.930 com_x=-0.141
t=  6.50 max|qacc|=       5.6 max|qvel|=   1.16 ncon=  0 com_z=0.927 com_x=-0.147
t=  7.00 max|qacc|=      14.1 max|qvel|=   1.05 ncon=  0 com_z=0.922 com_x=-0.104
t=  7.50 max|qacc|=       8.1 max|qvel|=   1.08 ncon=  0 com_z=0.933 com_x=-0.153
t=  8.00 max|qacc|=       2.9 max|qvel|=   1.40 ncon=  0 com_z=0.922 com_x=-0.127
t=  8.50 max|qacc|=       7.6 max|qvel|=   1.47 ncon=  0 com_z=0.922 com_x=-0.116
t=  9.00 max|qacc|=       4.1 max|qvel|=   0.55 ncon=  0 com_z=0.932 com_x=-0.154
t=  9.50 max|qacc|=       6.8 max|qvel|=   1.06 ncon=  0 com_z=0.921 com_x=-0.115
t= 10.00 max|qacc|=       4.3 max|qvel|=   1.19 ncon=  0 com_z=0.925 com_x=-0.131
t= 10.50 max|qacc|=       4.7 max|qvel|=   0.97 ncon=  0 com_z=0.927 com_x=-0.145
t= 11.00 max|qacc|=       5.4 max|qvel|=   0.33 ncon=  0 com_z=0.922 com_x=-0.113
t= 11.50 max|qacc|=       2.7 max|qvel|=   0.48 ncon=  0 com_z=0.928 com_x=-0.142
t= 12.00 max|qacc|=       1.3 max|qvel|=   0.97 ncon=  0 com_z=0.924 com_x=-0.133
t= 12.50 max|qacc|=       2.6 max|qvel|=   0.59 ncon=  0 com_z=0.922 com_x=-0.119
t= 13.00 max|qacc|=       3.7 max|qvel|=   0.11 ncon=  0 com_z=0.928 com_x=-0.145
t= 13.50 max|qacc|=       2.7 max|qvel|=   0.52 ncon=  0 com_z=0.922 com_x=-0.123
t= 14.00 max|qacc|=       1.2 max|qvel|=   0.75 ncon=  0 com_z=0.924 com_x=-0.129
t= 14.50 max|qacc|=       2.3 max|qvel|=   0.42 ncon=  0 com_z=0.926 com_x=-0.141
t= 15.00 max|qacc|=       3.4 max|qvel|=   0.15 ncon=  0 com_z=0.922 com_x=-0.121
t= 15.50 max|qacc|=       1.6 max|qvel|=   0.26 ncon=  0 com_z=0.926 com_x=-0.137
t= 16.00 max|qacc|=       0.9 max|qvel|=   0.52 ncon=  0 com_z=0.925 com_x=-0.136
t= 16.50 max|qacc|=       1.3 max|qvel|=   0.27 ncon=  0 com_z=0.923 com_x=-0.126
t= 17.00 max|qacc|=      16.7 max|qvel|=   0.48 ncon=  0 com_z=0.928 com_x=-0.145
t= 17.50 max|qacc|=      11.0 max|qvel|=   0.36 ncon=  0 com_z=0.926 com_x=-0.139
t= 18.00 max|qacc|=       8.3 max|qvel|=   0.42 ncon=  0 com_z=0.926 com_x=-0.136
t= 18.50 max|qacc|=      14.9 max|qvel|=   0.34 ncon=  0 com_z=0.929 com_x=-0.145
t= 19.00 max|qacc|=       5.2 max|qvel|=   0.43 ncon=  0 com_z=0.925 com_x=-0.136
t= 19.50 max|qacc|=      12.4 max|qvel|=   0.31 ncon=  0 com_z=0.927 com_x=-0.140
t= 20.00 max|qacc|=      13.7 max|qvel|=   0.41 ncon=  0 com_z=0.927 com_x=-0.142
t= 20.50 max|qacc|=      14.6 max|qvel|=   0.47 ncon=  0 com_z=0.926 com_x=-0.136
t= 21.00 max|qacc|=      14.0 max|qvel|=   0.31 ncon=  0 com_z=0.928 com_x=-0.142
t= 21.50 max|qacc|=       4.7 max|qvel|=   0.67 ncon=  0 com_z=0.927 com_x=-0.139
t= 22.00 max|qacc|=      19.8 max|qvel|=   0.36 ncon=  0 com_z=0.926 com_x=-0.138
t= 22.50 max|qacc|=      11.3 max|qvel|=   0.64 ncon=  0 com_z=0.928 com_x=-0.142
t= 23.00 max|qacc|=      13.8 max|qvel|=   0.59 ncon=  0 com_z=0.926 com_x=-0.138
t= 23.50 max|qacc|=      25.5 max|qvel|=   0.54 ncon=  0 com_z=0.927 com_x=-0.140
t= 24.00 max|qacc|=      10.3 max|qvel|=   0.73 ncon=  0 com_z=0.927 com_x=-0.141
t= 24.50 max|qacc|=      22.4 max|qvel|=   0.26 ncon=  0 com_z=0.926 com_x=-0.138
t= 25.00 max|qacc|=      21.2 max|qvel|=   0.71 ncon=  0 com_z=0.927 com_x=-0.141
t= 25.50 max|qacc|=      26.1 max|qvel|=   0.78 ncon=  0 com_z=0.927 com_x=-0.140
t= 26.00 max|qacc|=      22.1 max|qvel|=   0.57 ncon=  0 com_z=0.926 com_x=-0.139
t= 26.50 max|qacc|=       6.7 max|qvel|=   1.07 ncon=  0 com_z=0.927 com_x=-0.141
t= 27.00 max|qacc|=      30.8 max|qvel|=   0.47 ncon=  0 com_z=0.926 com_x=-0.139
t= 27.50 max|qacc|=      15.6 max|qvel|=   1.03 ncon=  0 com_z=0.927 com_x=-0.140
t= 28.00 max|qacc|=      24.0 max|qvel|=   0.78 ncon=  0 com_z=0.927 com_x=-0.140
t= 28.50 max|qacc|=      39.6 max|qvel|=   0.90 ncon=  0 com_z=0.926 com_x=-0.139
t= 29.00 max|qacc|=      21.6 max|qvel|=   1.08 ncon=  0 com_z=0.927 com_x=-0.140
t= 29.50 max|qacc|=      34.8 max|qvel|=   0.22 ncon=  0 com_z=0.927 com_x=-0.140
t= 30.00 max|qacc|=      19.2 max|qvel|=   1.24 ncon=  0 com_z=0.926 com_x=-0.139
t= 30.50 max|qacc|=      40.9 max|qvel|=   0.97 ncon=  0 com_z=0.927 com_x=-0.140

== summary ==
pelvis/COM height: start 0.94 m, min 0.92 m, final 0.93 m  (stayed up)
COM x: min -0.16 max -0.09 final -0.14 m
COM y: min -0.017 max +0.005 m
RG_F_r bursts during walk window: 0
peak ctrl: [0.   0.01 0.01 0.35 0.   0.   0.28 0.   0.   0.   0.   0.01 0.02 0.27
 0.   0.01 0.25 0.   0.   0.  ] (('vas_lat_r', 'med_gas_r', 'soleus_r', 'tib_ant_r', 'psoas_r', 'semimem_r', 'glut_max2_r', 'rect_fem_r', 'sar_r', 'grac_r', 'vas_lat_l', 'med_gas_l', 'soleus_l', 'tib_ant_l', 'psoas_l', 'semimem_l', 'glut_max2_l', 'rect_fem_l', 'sar_l', 'grac_l'))
  hip_flexion_r        -14.8 ..    27.3 deg
  knee_angle_r         -49.3 ..    11.5 deg
  ankle_angle_r         -9.9 ..    32.1 deg
  hip_adduction_r       -3.5 ..     4.0 deg
  subtalar_angle_r      -0.5 ..    11.7 deg
  hip_flexion_l        -16.6 ..    16.4 deg
  knee_angle_l         -38.3 ..    12.0 deg
  ankle_angle_l         -3.0 ..    28.1 deg
  hip_adduction_l      -10.9 ..     6.5 deg
  subtalar_angle_l      -4.0 ..     9.2 deg
  pelvis_tilt           -1.9 ..    -0.4 deg
  pelvis_list           -0.5 ..    -0.3 deg
  pelvis_rotation        2.3 ..     2.5 deg
saved spinal_run.npz
saved spinal_run.png
fitted baseline loaded: e2_pf=0.222 f1_df=0.098 f1_kf=0.148 post_kneext=0.011 post_hipext=0.068 desc_f=1.400 e2_adapt=1.700
start pose (normal): applied 20 coordinates as given; pelvis ty 0.922 m (env override=0.9215287157201333); IMU-metric torso lean -0.0 deg (+ = back)
D:\GitHub\Bipedal_Robot\Code\MuJoCo_SNS\spinal\runner.py:1821: RuntimeWarning: More than 20 figures have been opened. Figures created through the pyplot interface (`matplotlib.pyplot.figure`) are retained until explicitly closed and may consume too much memory. (To control this warning, see the rcParam `figure.max_open_warning`). Consider using `matplotlib.pyplot.close()`.
  fig, ax = plt.subplots(4, 1, figsize=(10, 11), sharex=True)
standing solve: nnls x in [0.00, 0.65], >0.1: 13 muscles
  top: add_long_l=0.65, tib_ant_r=0.61, tib_ant_l=0.47, ext_dig_r=0.37, glut_min1_l=0.30, pect_l=0.30, glut_min2_l=0.28, ext_dig_l=0.25
Fmax range: 5..3396 N | L range sample: [0.229942 0.326094]
t=  1.00 max|qacc|=      39.9 max|qvel|=   5.01 ncon=  0 com_z=0.924 com_x=-0.107
t=  1.50 max|qacc|=      14.4 max|qvel|=   1.78 ncon=  0 com_z=0.924 com_x=-0.113
t=  2.00 max|qacc|=      19.5 max|qvel|=   0.58 ncon=  0 com_z=0.930 com_x=-0.116
t=  2.50 max|qacc|=       7.9 max|qvel|=   0.81 ncon=  0 com_z=0.925 com_x=-0.116
t=  3.00 max|qacc|=      10.3 max|qvel|=   1.43 ncon=  0 com_z=0.926 com_x=-0.117
t=  3.50 max|qacc|=       3.8 max|qvel|=   1.36 ncon=  0 com_z=0.925 com_x=-0.118
t=  4.00 max|qacc|=       9.3 max|qvel|=   1.21 ncon=  0 com_z=0.925 com_x=-0.090
t=  4.50 max|qacc|=     106.7 max|qvel|=   1.76 ncon=  0 com_z=0.928 com_x=-0.129
t=  5.00 max|qacc|=      37.4 max|qvel|=   4.54 ncon=  0 com_z=0.935 com_x=-0.161
t=  5.50 max|qacc|=      16.1 max|qvel|=   0.98 ncon=  0 com_z=0.921 com_x=-0.097
t=  6.00 max|qacc|=      16.9 max|qvel|=   1.76 ncon=  0 com_z=0.931 com_x=-0.143
t=  6.50 max|qacc|=       4.6 max|qvel|=   1.20 ncon=  0 com_z=0.926 com_x=-0.144
t=  7.00 max|qacc|=      12.6 max|qvel|=   1.28 ncon=  0 com_z=0.922 com_x=-0.104
t=  7.50 max|qacc|=       8.2 max|qvel|=   0.74 ncon=  0 com_z=0.934 com_x=-0.154
t=  8.00 max|qacc|=       4.3 max|qvel|=   1.46 ncon=  0 com_z=0.922 com_x=-0.125
t=  8.50 max|qacc|=       7.1 max|qvel|=   1.62 ncon=  0 com_z=0.922 com_x=-0.116
t=  9.00 max|qacc|=       4.6 max|qvel|=   0.62 ncon=  0 com_z=0.932 com_x=-0.154
t=  9.50 max|qacc|=       7.1 max|qvel|=   0.97 ncon=  0 com_z=0.921 com_x=-0.114
t= 10.00 max|qacc|=       4.1 max|qvel|=   0.99 ncon=  0 com_z=0.925 com_x=-0.132
t= 10.50 max|qacc|=       4.6 max|qvel|=   1.07 ncon=  0 com_z=0.927 com_x=-0.144
t= 11.00 max|qacc|=       4.5 max|qvel|=   0.41 ncon=  0 com_z=0.921 com_x=-0.112
t= 11.50 max|qacc|=       2.7 max|qvel|=   0.44 ncon=  0 com_z=0.928 com_x=-0.143
t= 12.00 max|qacc|=       1.6 max|qvel|=   0.85 ncon=  0 com_z=0.923 com_x=-0.132
t= 12.50 max|qacc|=       2.2 max|qvel|=   0.68 ncon=  0 com_z=0.922 com_x=-0.119
t= 13.00 max|qacc|=       3.6 max|qvel|=   0.13 ncon=  0 com_z=0.928 com_x=-0.145
t= 13.50 max|qacc|=       3.2 max|qvel|=   0.43 ncon=  0 com_z=0.922 com_x=-0.123
t= 14.00 max|qacc|=       1.1 max|qvel|=   0.66 ncon=  0 com_z=0.924 com_x=-0.129
t= 14.50 max|qacc|=       2.7 max|qvel|=   0.40 ncon=  0 com_z=0.926 com_x=-0.140
t= 15.00 max|qacc|=       3.0 max|qvel|=   0.16 ncon=  0 com_z=0.922 com_x=-0.120
t= 15.50 max|qacc|=       1.4 max|qvel|=   0.29 ncon=  0 com_z=0.926 com_x=-0.137
t= 16.00 max|qacc|=       1.0 max|qvel|=   0.53 ncon=  0 com_z=0.925 com_x=-0.136
t= 16.50 max|qacc|=       1.4 max|qvel|=   0.26 ncon=  0 com_z=0.923 com_x=-0.125
t= 17.00 max|qacc|=       8.0 max|qvel|=   0.40 ncon=  0 com_z=0.928 com_x=-0.144
t= 17.50 max|qacc|=       5.9 max|qvel|=   0.42 ncon=  0 com_z=0.926 com_x=-0.139
t= 18.00 max|qacc|=       9.0 max|qvel|=   0.39 ncon=  0 com_z=0.926 com_x=-0.136
t= 18.50 max|qacc|=      11.3 max|qvel|=   0.29 ncon=  0 com_z=0.928 com_x=-0.145
t= 19.00 max|qacc|=       9.6 max|qvel|=   0.38 ncon=  0 com_z=0.925 com_x=-0.135
t= 19.50 max|qacc|=      11.8 max|qvel|=   0.34 ncon=  0 com_z=0.927 com_x=-0.140
t= 20.00 max|qacc|=       7.1 max|qvel|=   0.52 ncon=  0 com_z=0.927 com_x=-0.142
t= 20.50 max|qacc|=      18.6 max|qvel|=   0.45 ncon=  0 com_z=0.925 com_x=-0.135
t= 21.00 max|qacc|=      13.8 max|qvel|=   0.51 ncon=  0 com_z=0.927 com_x=-0.142
t= 21.50 max|qacc|=       7.8 max|qvel|=   0.79 ncon=  0 com_z=0.926 com_x=-0.139
t= 22.00 max|qacc|=      23.5 max|qvel|=   0.35 ncon=  0 com_z=0.926 com_x=-0.137
t= 22.50 max|qacc|=      13.7 max|qvel|=   0.91 ncon=  0 com_z=0.927 com_x=-0.142
t= 23.00 max|qacc|=      21.6 max|qvel|=   0.76 ncon=  0 com_z=0.926 com_x=-0.138
t= 23.50 max|qacc|=      39.4 max|qvel|=   0.89 ncon=  0 com_z=0.926 com_x=-0.139
t= 24.00 max|qacc|=      19.4 max|qvel|=   1.13 ncon=  0 com_z=0.927 com_x=-0.141
t= 24.50 max|qacc|=      38.1 max|qvel|=   0.31 ncon=  0 com_z=0.926 com_x=-0.137
t= 25.00 max|qacc|=      25.8 max|qvel|=   1.38 ncon=  0 com_z=0.927 com_x=-0.140
t= 25.50 max|qacc|=      46.3 max|qvel|=   1.20 ncon=  0 com_z=0.927 com_x=-0.139
t= 26.00 max|qacc|=      32.6 max|qvel|=   1.33 ncon=  0 com_z=0.926 com_x=-0.138
t= 26.50 max|qacc|=      30.5 max|qvel|=   1.43 ncon=  0 com_z=0.927 com_x=-0.140
t= 27.00 max|qacc|=      63.1 max|qvel|=   1.19 ncon=  0 com_z=0.926 com_x=-0.139
t= 27.50 max|qacc|=      32.8 max|qvel|=   1.72 ncon=  0 com_z=0.926 com_x=-0.139
t= 28.00 max|qacc|=      50.7 max|qvel|=   0.68 ncon=  0 com_z=0.927 com_x=-0.140
t= 28.50 max|qacc|=      12.6 max|qvel|=   2.04 ncon=  0 com_z=0.926 com_x=-0.138
t= 29.00 max|qacc|=      57.3 max|qvel|=   0.70 ncon=  0 com_z=0.926 com_x=-0.139
t= 29.50 max|qacc|=      22.5 max|qvel|=   1.74 ncon=  0 com_z=0.927 com_x=-0.140
t= 30.00 max|qacc|=      54.6 max|qvel|=   0.63 ncon=  0 com_z=0.926 com_x=-0.139
t= 30.50 max|qacc|=      26.3 max|qvel|=   2.03 ncon=  0 com_z=0.927 com_x=-0.140

== summary ==
pelvis/COM height: start 0.94 m, min 0.92 m, final 0.93 m  (stayed up)
COM x: min -0.16 max -0.09 final -0.14 m
COM y: min -0.017 max +0.005 m
RG_F_r bursts during walk window: 0
peak ctrl: [0.   0.01 0.01 0.35 0.   0.   0.28 0.   0.   0.   0.   0.01 0.02 0.26
 0.   0.01 0.25 0.   0.   0.  ] (('vas_lat_r', 'med_gas_r', 'soleus_r', 'tib_ant_r', 'psoas_r', 'semimem_r', 'glut_max2_r', 'rect_fem_r', 'sar_r', 'grac_r', 'vas_lat_l', 'med_gas_l', 'soleus_l', 'tib_ant_l', 'psoas_l', 'semimem_l', 'glut_max2_l', 'rect_fem_l', 'sar_l', 'grac_l'))
  hip_flexion_r        -16.0 ..    27.3 deg
  knee_angle_r         -50.8 ..    11.7 deg
  ankle_angle_r        -10.4 ..    31.4 deg
  hip_adduction_r       -3.5 ..     4.0 deg
  subtalar_angle_r      -0.7 ..    11.8 deg
  hip_flexion_l        -16.6 ..    16.1 deg
  knee_angle_l         -38.7 ..    11.7 deg
  ankle_angle_l         -2.4 ..    27.2 deg
  hip_adduction_l      -10.7 ..     6.4 deg
  subtalar_angle_l      -3.8 ..     9.0 deg
  pelvis_tilt           -1.9 ..    -0.4 deg
  pelvis_list           -0.5 ..    -0.3 deg
  pelvis_rotation        2.3 ..     2.5 deg
saved spinal_run.npz
saved spinal_run.png
fitted baseline loaded: e2_pf=0.222 f1_df=0.098 f1_kf=0.148 post_kneext=0.011 post_hipext=0.068 desc_f=1.400 e2_adapt=1.700
start pose (normal): applied 20 coordinates as given; pelvis ty 0.922 m (env override=0.9215287157201333); IMU-metric torso lean -0.0 deg (+ = back)
standing solve: nnls x in [0.00, 0.65], >0.1: 13 muscles
  top: add_long_l=0.65, tib_ant_r=0.61, tib_ant_l=0.47, ext_dig_r=0.37, glut_min1_l=0.30, pect_l=0.30, glut_min2_l=0.28, ext_dig_l=0.25
Fmax range: 5..3396 N | L range sample: [0.229942 0.326094]
t=  1.00 max|qacc|=      33.2 max|qvel|=   4.69 ncon=  0 com_z=0.924 com_x=-0.114
t=  1.50 max|qacc|=      21.5 max|qvel|=   2.08 ncon=  0 com_z=0.924 com_x=-0.120
t=  2.00 max|qacc|=      18.0 max|qvel|=   0.53 ncon=  0 com_z=0.930 com_x=-0.117
t=  2.50 max|qacc|=       9.5 max|qvel|=   0.66 ncon=  0 com_z=0.926 com_x=-0.123
t=  3.00 max|qacc|=       8.0 max|qvel|=   1.20 ncon=  0 com_z=0.927 com_x=-0.120
t=  3.50 max|qacc|=       3.1 max|qvel|=   1.85 ncon=  0 com_z=0.925 com_x=-0.122
t=  4.00 max|qacc|=       7.3 max|qvel|=   0.80 ncon=  0 com_z=0.924 com_x=-0.099
t=  4.50 max|qacc|=     115.2 max|qvel|=   2.71 ncon=  0 com_z=0.925 com_x=-0.103
t=  5.00 max|qacc|=      45.5 max|qvel|=   2.00 ncon=  0 com_z=0.938 com_x=-0.160
t=  5.50 max|qacc|=     109.6 max|qvel|=   1.43 ncon=  0 com_z=0.921 com_x=-0.113
t=  6.00 max|qacc|=      27.3 max|qvel|=   1.90 ncon=  0 com_z=0.926 com_x=-0.130
t=  6.50 max|qacc|=      13.5 max|qvel|=   1.53 ncon=  0 com_z=0.932 com_x=-0.154
t=  7.00 max|qacc|=      23.7 max|qvel|=   0.48 ncon=  0 com_z=0.922 com_x=-0.104
t=  7.50 max|qacc|=       6.1 max|qvel|=   2.78 ncon=  0 com_z=0.930 com_x=-0.146
t=  8.00 max|qacc|=       5.3 max|qvel|=   1.83 ncon=  0 com_z=0.924 com_x=-0.137
t=  8.50 max|qacc|=      22.0 max|qvel|=   0.98 ncon=  0 com_z=0.923 com_x=-0.112
t=  9.00 max|qacc|=      11.2 max|qvel|=   0.33 ncon=  0 com_z=0.931 com_x=-0.151
t=  9.50 max|qacc|=       5.2 max|qvel|=   1.14 ncon=  0 com_z=0.922 com_x=-0.121
t= 10.00 max|qacc|=       6.3 max|qvel|=   1.60 ncon=  0 com_z=0.924 com_x=-0.127
t= 10.50 max|qacc|=       3.5 max|qvel|=   0.62 ncon=  0 com_z=0.928 com_x=-0.146
t= 11.00 max|qacc|=       6.0 max|qvel|=   0.37 ncon=  0 com_z=0.922 com_x=-0.116
t= 11.50 max|qacc|=       5.2 max|qvel|=   0.89 ncon=  0 com_z=0.927 com_x=-0.138
t= 12.00 max|qacc|=       3.7 max|qvel|=   1.13 ncon=  0 com_z=0.924 com_x=-0.136
t= 12.50 max|qacc|=       5.6 max|qvel|=   0.62 ncon=  0 com_z=0.923 com_x=-0.119
t= 13.00 max|qacc|=       3.7 max|qvel|=   0.17 ncon=  0 com_z=0.928 com_x=-0.144
t= 13.50 max|qacc|=       2.8 max|qvel|=   1.01 ncon=  0 com_z=0.923 com_x=-0.126
t= 14.00 max|qacc|=       1.0 max|qvel|=   1.12 ncon=  0 com_z=0.924 com_x=-0.127
t= 14.50 max|qacc|=       2.9 max|qvel|=   0.33 ncon=  0 com_z=0.926 com_x=-0.141
t= 15.00 max|qacc|=       5.0 max|qvel|=   0.15 ncon=  0 com_z=0.923 com_x=-0.122
t= 15.50 max|qacc|=       2.3 max|qvel|=   0.47 ncon=  0 com_z=0.925 com_x=-0.136
t= 16.00 max|qacc|=       0.9 max|qvel|=   0.77 ncon=  0 com_z=0.925 com_x=-0.137
t= 16.50 max|qacc|=       2.5 max|qvel|=   0.29 ncon=  0 com_z=0.924 com_x=-0.127
t= 17.00 max|qacc|=      15.8 max|qvel|=   0.80 ncon=  0 com_z=0.929 com_x=-0.146
t= 17.50 max|qacc|=       9.1 max|qvel|=   0.60 ncon=  0 com_z=0.927 com_x=-0.140
t= 18.00 max|qacc|=       8.2 max|qvel|=   0.83 ncon=  0 com_z=0.926 com_x=-0.137
t= 18.50 max|qacc|=       7.6 max|qvel|=   0.33 ncon=  0 com_z=0.929 com_x=-0.147
t= 19.00 max|qacc|=       5.4 max|qvel|=   0.17 ncon=  0 com_z=0.926 com_x=-0.136
t= 19.50 max|qacc|=       2.0 max|qvel|=   0.30 ncon=  0 com_z=0.928 com_x=-0.142
t= 20.00 max|qacc|=       4.9 max|qvel|=   0.49 ncon=  0 com_z=0.928 com_x=-0.144
t= 20.50 max|qacc|=       1.9 max|qvel|=   0.31 ncon=  0 com_z=0.926 com_x=-0.136
t= 21.00 max|qacc|=       3.6 max|qvel|=   0.10 ncon=  0 com_z=0.928 com_x=-0.144
t= 21.50 max|qacc|=       4.3 max|qvel|=   0.35 ncon=  0 com_z=0.927 com_x=-0.140
t= 22.00 max|qacc|=       2.6 max|qvel|=   0.50 ncon=  0 com_z=0.927 com_x=-0.139
t= 22.50 max|qacc|=       2.7 max|qvel|=   0.31 ncon=  0 com_z=0.928 com_x=-0.144
t= 23.00 max|qacc|=       1.9 max|qvel|=   0.11 ncon=  0 com_z=0.927 com_x=-0.138
t= 23.50 max|qacc|=       2.3 max|qvel|=   0.15 ncon=  0 com_z=0.927 com_x=-0.142
t= 24.00 max|qacc|=       1.5 max|qvel|=   0.31 ncon=  0 com_z=0.927 com_x=-0.142
t= 24.50 max|qacc|=       1.7 max|qvel|=   0.24 ncon=  0 com_z=0.927 com_x=-0.139
t= 25.00 max|qacc|=       2.2 max|qvel|=   0.08 ncon=  0 com_z=0.927 com_x=-0.143
t= 25.50 max|qacc|=       1.4 max|qvel|=   0.15 ncon=  0 com_z=0.927 com_x=-0.140
t= 26.00 max|qacc|=       2.0 max|qvel|=   0.29 ncon=  0 com_z=0.927 com_x=-0.140
t= 26.50 max|qacc|=       0.5 max|qvel|=   0.25 ncon=  0 com_z=0.927 com_x=-0.142
t= 27.00 max|qacc|=       2.1 max|qvel|=   0.15 ncon=  0 com_z=0.927 com_x=-0.140
t= 27.50 max|qacc|=       0.9 max|qvel|=   0.05 ncon=  0 com_z=0.927 com_x=-0.142
t= 28.00 max|qacc|=       0.8 max|qvel|=   0.18 ncon=  0 com_z=0.927 com_x=-0.141
t= 28.50 max|qacc|=       1.7 max|qvel|=   0.18 ncon=  0 com_z=0.927 com_x=-0.140
t= 29.00 max|qacc|=       0.9 max|qvel|=   0.09 ncon=  0 com_z=0.927 com_x=-0.142
t= 29.50 max|qacc|=       1.2 max|qvel|=   0.05 ncon=  0 com_z=0.927 com_x=-0.140
t= 30.00 max|qacc|=       0.7 max|qvel|=   0.16 ncon=  0 com_z=0.927 com_x=-0.141
t= 30.50 max|qacc|=       1.1 max|qvel|=   0.18 ncon=  0 com_z=0.927 com_x=-0.141

== summary ==
pelvis/COM height: start 0.94 m, min 0.92 m, final 0.93 m  (stayed up)
COM x: min -0.16 max -0.09 final -0.14 m
COM y: min -0.017 max +0.005 m
RG_F_r bursts during walk window: 0
peak ctrl: [0.   0.01 0.01 0.35 0.   0.   0.29 0.   0.   0.   0.   0.01 0.02 0.27
 0.   0.01 0.27 0.   0.   0.  ] (('vas_lat_r', 'med_gas_r', 'soleus_r', 'tib_ant_r', 'psoas_r', 'semimem_r', 'glut_max2_r', 'rect_fem_r', 'sar_r', 'grac_r', 'vas_lat_l', 'med_gas_l', 'soleus_l', 'tib_ant_l', 'psoas_l', 'semimem_l', 'glut_max2_l', 'rect_fem_l', 'sar_l', 'grac_l'))
  hip_flexion_r        -11.2 ..    27.0 deg
  knee_angle_r         -40.5 ..    11.4 deg
  ankle_angle_r         -9.0 ..    33.7 deg
  hip_adduction_r       -3.6 ..     4.0 deg
  subtalar_angle_r      -0.2 ..    11.5 deg
  hip_flexion_l        -16.6 ..    18.7 deg
  knee_angle_l         -46.3 ..    11.6 deg
  ankle_angle_l         -4.3 ..    30.4 deg
  hip_adduction_l      -11.4 ..     7.0 deg
  subtalar_angle_l      -4.2 ..     9.7 deg
  pelvis_tilt           -1.9 ..    -0.4 deg
  pelvis_list           -0.5 ..    -0.3 deg
  pelvis_rotation        2.3 ..     2.5 deg
saved spinal_run.npz
saved spinal_run.png
fitted baseline loaded: e2_pf=0.222 f1_df=0.098 f1_kf=0.148 post_kneext=0.011 post_hipext=0.068 desc_f=1.400 e2_adapt=1.700
start pose (normal): applied 20 coordinates as given; pelvis ty 0.922 m (env override=0.9215287157201333); IMU-metric torso lean -0.0 deg (+ = back)
standing solve: nnls x in [0.00, 0.65], >0.1: 13 muscles
  top: add_long_l=0.65, tib_ant_r=0.61, tib_ant_l=0.47, ext_dig_r=0.37, glut_min1_l=0.30, pect_l=0.30, glut_min2_l=0.28, ext_dig_l=0.25
Fmax range: 5..3396 N | L range sample: [0.229942 0.326094]
t=  1.00 max|qacc|=      40.6 max|qvel|=   5.06 ncon=  0 com_z=0.924 com_x=-0.105
t=  1.50 max|qacc|=      14.8 max|qvel|=   1.71 ncon=  0 com_z=0.924 com_x=-0.111
t=  2.00 max|qacc|=      19.6 max|qvel|=   0.61 ncon=  0 com_z=0.931 com_x=-0.115
t=  2.50 max|qacc|=       7.6 max|qvel|=   0.88 ncon=  0 com_z=0.925 com_x=-0.114
t=  3.00 max|qacc|=      10.9 max|qvel|=   1.46 ncon=  0 com_z=0.926 com_x=-0.116
t=  3.50 max|qacc|=       3.9 max|qvel|=   1.26 ncon=  0 com_z=0.925 com_x=-0.118
t=  4.00 max|qacc|=      26.6 max|qvel|=   1.41 ncon=  0 com_z=0.925 com_x=-0.088
t=  4.50 max|qacc|=      74.1 max|qvel|=   2.98 ncon=  0 com_z=0.934 com_x=-0.145
t=  5.00 max|qacc|=      38.1 max|qvel|=   3.09 ncon=  0 com_z=0.928 com_x=-0.151
t=  5.50 max|qacc|=      16.5 max|qvel|=   1.21 ncon=  0 com_z=0.922 com_x=-0.099
t=  6.00 max|qacc|=      12.9 max|qvel|=   0.48 ncon=  0 com_z=0.937 com_x=-0.154
t=  6.50 max|qacc|=       4.9 max|qvel|=   1.33 ncon=  0 com_z=0.922 com_x=-0.129
t=  7.00 max|qacc|=      11.1 max|qvel|=   1.69 ncon=  0 com_z=0.922 com_x=-0.113
t=  7.50 max|qacc|=       5.9 max|qvel|=   0.82 ncon=  0 com_z=0.935 com_x=-0.156
t=  8.00 max|qacc|=       4.4 max|qvel|=   1.02 ncon=  0 com_z=0.922 com_x=-0.115
t=  8.50 max|qacc|=       5.9 max|qvel|=   1.74 ncon=  0 com_z=0.924 com_x=-0.127
t=  9.00 max|qacc|=       7.4 max|qvel|=   0.85 ncon=  0 com_z=0.929 com_x=-0.149
t=  9.50 max|qacc|=       6.9 max|qvel|=   0.21 ncon=  0 com_z=0.922 com_x=-0.111
t= 10.00 max|qacc|=       6.5 max|qvel|=   0.78 ncon=  0 com_z=0.928 com_x=-0.139
t= 10.50 max|qacc|=       4.1 max|qvel|=   1.49 ncon=  0 com_z=0.925 com_x=-0.137
t= 11.00 max|qacc|=       5.5 max|qvel|=   0.98 ncon=  0 com_z=0.922 com_x=-0.115
t= 11.50 max|qacc|=       4.6 max|qvel|=   0.19 ncon=  0 com_z=0.930 com_x=-0.145
t= 12.00 max|qacc|=       4.6 max|qvel|=   1.15 ncon=  0 com_z=0.923 com_x=-0.127
t= 12.50 max|qacc|=       1.4 max|qvel|=   1.11 ncon=  0 com_z=0.922 com_x=-0.122
t= 13.00 max|qacc|=       3.6 max|qvel|=   0.33 ncon=  0 com_z=0.929 com_x=-0.144
t= 13.50 max|qacc|=       5.0 max|qvel|=   0.29 ncon=  0 com_z=0.922 com_x=-0.121
t= 14.00 max|qacc|=       2.4 max|qvel|=   0.67 ncon=  0 com_z=0.925 com_x=-0.131
t= 14.50 max|qacc|=       4.0 max|qvel|=   0.72 ncon=  0 com_z=0.926 com_x=-0.138
t= 15.00 max|qacc|=       3.3 max|qvel|=   0.27 ncon=  0 com_z=0.922 com_x=-0.120
t= 15.50 max|qacc|=       2.0 max|qvel|=   0.34 ncon=  0 com_z=0.927 com_x=-0.138
t= 16.00 max|qacc|=       0.7 max|qvel|=   0.85 ncon=  0 com_z=0.924 com_x=-0.135
t= 16.50 max|qacc|=       1.6 max|qvel|=   0.45 ncon=  0 com_z=0.923 com_x=-0.126
t= 17.00 max|qacc|=       6.0 max|qvel|=   0.47 ncon=  0 com_z=0.929 com_x=-0.143
t= 17.50 max|qacc|=       5.9 max|qvel|=   0.58 ncon=  0 com_z=0.926 com_x=-0.138
t= 18.00 max|qacc|=       3.7 max|qvel|=   0.72 ncon=  0 com_z=0.926 com_x=-0.135
t= 18.50 max|qacc|=       3.2 max|qvel|=   0.23 ncon=  0 com_z=0.929 com_x=-0.144
t= 19.00 max|qacc|=       6.5 max|qvel|=   0.18 ncon=  0 com_z=0.925 com_x=-0.135
t= 19.50 max|qacc|=       3.9 max|qvel|=   0.38 ncon=  0 com_z=0.927 com_x=-0.139
t= 20.00 max|qacc|=       6.2 max|qvel|=   0.43 ncon=  0 com_z=0.927 com_x=-0.142
t= 20.50 max|qacc|=      11.8 max|qvel|=   0.26 ncon=  0 com_z=0.925 com_x=-0.135
t= 21.00 max|qacc|=       4.0 max|qvel|=   0.40 ncon=  0 com_z=0.928 com_x=-0.141
t= 21.50 max|qacc|=      12.2 max|qvel|=   0.41 ncon=  0 com_z=0.926 com_x=-0.140
t= 22.00 max|qacc|=      19.5 max|qvel|=   0.49 ncon=  0 com_z=0.926 com_x=-0.136
t= 22.50 max|qacc|=      13.9 max|qvel|=   0.63 ncon=  0 com_z=0.928 com_x=-0.142
t= 23.00 max|qacc|=      22.4 max|qvel|=   0.18 ncon=  0 com_z=0.926 com_x=-0.137
t= 23.50 max|qacc|=      19.0 max|qvel|=   0.84 ncon=  0 com_z=0.926 com_x=-0.138
t= 24.00 max|qacc|=      32.0 max|qvel|=   0.89 ncon=  0 com_z=0.927 com_x=-0.141
t= 24.50 max|qacc|=      26.1 max|qvel|=   0.91 ncon=  0 com_z=0.926 com_x=-0.136
t= 25.00 max|qacc|=      20.3 max|qvel|=   1.21 ncon=  0 com_z=0.927 com_x=-0.140
t= 25.50 max|qacc|=      51.5 max|qvel|=   0.92 ncon=  0 com_z=0.926 com_x=-0.140
t= 26.00 max|qacc|=      24.7 max|qvel|=   1.50 ncon=  0 com_z=0.926 com_x=-0.137
t= 26.50 max|qacc|=      43.6 max|qvel|=   0.61 ncon=  0 com_z=0.927 com_x=-0.141
t= 27.00 max|qacc|=      16.0 max|qvel|=   1.81 ncon=  0 com_z=0.926 com_x=-0.138
t= 27.50 max|qacc|=      61.2 max|qvel|=   0.84 ncon=  0 com_z=0.926 com_x=-0.138
t= 28.00 max|qacc|=      23.1 max|qvel|=   1.78 ncon=  0 com_z=0.927 com_x=-0.141
t= 28.50 max|qacc|=      52.3 max|qvel|=   0.55 ncon=  0 com_z=0.926 com_x=-0.137
t= 29.00 max|qacc|=      17.6 max|qvel|=   2.03 ncon=  0 com_z=0.927 com_x=-0.139
t= 29.50 max|qacc|=      69.3 max|qvel|=   0.96 ncon=  0 com_z=0.926 com_x=-0.140
t= 30.00 max|qacc|=      27.4 max|qvel|=   1.96 ncon=  0 com_z=0.926 com_x=-0.137
t= 30.50 max|qacc|=      52.8 max|qvel|=   0.77 ncon=  0 com_z=0.927 com_x=-0.140

== summary ==
pelvis/COM height: start 0.94 m, min 0.92 m, final 0.93 m  (stayed up)
COM x: min -0.16 max -0.09 final -0.14 m
COM y: min -0.017 max +0.005 m
RG_F_r bursts during walk window: 0
peak ctrl: [0.   0.01 0.02 0.34 0.   0.   0.27 0.   0.   0.   0.   0.01 0.02 0.26
 0.   0.01 0.24 0.   0.   0.  ] (('vas_lat_r', 'med_gas_r', 'soleus_r', 'tib_ant_r', 'psoas_r', 'semimem_r', 'glut_max2_r', 'rect_fem_r', 'sar_r', 'grac_r', 'vas_lat_l', 'med_gas_l', 'soleus_l', 'tib_ant_l', 'psoas_l', 'semimem_l', 'glut_max2_l', 'rect_fem_l', 'sar_l', 'grac_l'))
  hip_flexion_r        -16.7 ..    27.7 deg
  knee_angle_r         -49.8 ..    11.7 deg
  ankle_angle_r        -11.0 ..    30.8 deg
  hip_adduction_r       -4.5 ..     4.0 deg
  subtalar_angle_r      -2.2 ..    11.9 deg
  hip_flexion_l        -16.6 ..    14.1 deg
  knee_angle_l         -38.8 ..    11.9 deg
  ankle_angle_l         -3.8 ..    26.6 deg
  hip_adduction_l      -10.5 ..     5.6 deg
  subtalar_angle_l      -4.1 ..     8.8 deg
  pelvis_tilt           -1.9 ..    -0.4 deg
  pelvis_list           -0.5 ..    -0.3 deg
  pelvis_rotation        2.3 ..     2.5 deg
saved spinal_run.npz
saved spinal_run.png
fitted baseline loaded: e2_pf=0.222 f1_df=0.098 f1_kf=0.148 post_kneext=0.011 post_hipext=0.068 desc_f=1.400 e2_adapt=1.700
start pose (normal): applied 20 coordinates as given; pelvis ty 0.922 m (env override=0.9215287157201333); IMU-metric torso lean -0.0 deg (+ = back)
standing solve: nnls x in [0.00, 0.65], >0.1: 13 muscles
  top: add_long_l=0.65, tib_ant_r=0.61, tib_ant_l=0.47, ext_dig_r=0.37, glut_min1_l=0.30, pect_l=0.30, glut_min2_l=0.28, ext_dig_l=0.25
Fmax range: 5..3396 N | L range sample: [0.229942 0.326094]
t=  1.00 max|qacc|=      40.2 max|qvel|=   5.03 ncon=  0 com_z=0.924 com_x=-0.106
t=  1.50 max|qacc|=      14.5 max|qvel|=   1.75 ncon=  0 com_z=0.924 com_x=-0.112
t=  2.00 max|qacc|=      19.6 max|qvel|=   0.59 ncon=  0 com_z=0.930 com_x=-0.115
t=  2.50 max|qacc|=       7.8 max|qvel|=   0.83 ncon=  0 com_z=0.925 com_x=-0.115
t=  3.00 max|qacc|=      10.6 max|qvel|=   1.44 ncon=  0 com_z=0.926 com_x=-0.116
t=  3.50 max|qacc|=       3.8 max|qvel|=   1.32 ncon=  0 com_z=0.925 com_x=-0.118
t=  4.00 max|qacc|=       9.2 max|qvel|=   1.24 ncon=  0 com_z=0.925 com_x=-0.089
t=  4.50 max|qacc|=      81.4 max|qvel|=   3.73 ncon=  0 com_z=0.932 com_x=-0.143
t=  5.00 max|qacc|=      33.5 max|qvel|=   3.22 ncon=  0 com_z=0.929 com_x=-0.154
t=  5.50 max|qacc|=      16.1 max|qvel|=   1.05 ncon=  0 com_z=0.922 com_x=-0.097
t=  6.00 max|qacc|=      13.2 max|qvel|=   0.52 ncon=  0 com_z=0.936 com_x=-0.152
t=  6.50 max|qacc|=       4.6 max|qvel|=   1.43 ncon=  0 com_z=0.923 com_x=-0.132
t=  7.00 max|qacc|=      12.8 max|qvel|=   1.54 ncon=  0 com_z=0.921 com_x=-0.110
t=  7.50 max|qacc|=       5.9 max|qvel|=   0.71 ncon=  0 com_z=0.935 com_x=-0.156
t=  8.00 max|qacc|=       4.6 max|qvel|=   1.07 ncon=  0 com_z=0.922 com_x=-0.116
t=  8.50 max|qacc|=      10.5 max|qvel|=   1.73 ncon=  0 com_z=0.924 com_x=-0.125
t=  9.00 max|qacc|=       7.1 max|qvel|=   0.78 ncon=  0 com_z=0.930 com_x=-0.150
t=  9.50 max|qacc|=       6.7 max|qvel|=   0.29 ncon=  0 com_z=0.922 com_x=-0.111
t= 10.00 max|qacc|=       6.3 max|qvel|=   0.78 ncon=  0 com_z=0.928 com_x=-0.138
t= 10.50 max|qacc|=       4.6 max|qvel|=   1.40 ncon=  0 com_z=0.925 com_x=-0.138
t= 11.00 max|qacc|=       5.3 max|qvel|=   0.85 ncon=  0 com_z=0.922 com_x=-0.114
t= 11.50 max|qacc|=       4.2 max|qvel|=   0.24 ncon=  0 com_z=0.930 com_x=-0.145
t= 12.00 max|qacc|=       3.8 max|qvel|=   1.15 ncon=  0 com_z=0.923 com_x=-0.128
t= 12.50 max|qacc|=       1.4 max|qvel|=   1.06 ncon=  0 com_z=0.922 com_x=-0.122
t= 13.00 max|qacc|=       3.0 max|qvel|=   0.27 ncon=  0 com_z=0.929 com_x=-0.145
t= 13.50 max|qacc|=       4.9 max|qvel|=   0.35 ncon=  0 com_z=0.922 com_x=-0.121
t= 14.00 max|qacc|=       2.2 max|qvel|=   0.67 ncon=  0 com_z=0.924 com_x=-0.131
t= 14.50 max|qacc|=       3.9 max|qvel|=   0.63 ncon=  0 com_z=0.926 com_x=-0.139
t= 15.00 max|qacc|=       3.2 max|qvel|=   0.21 ncon=  0 com_z=0.922 com_x=-0.120
t= 15.50 max|qacc|=       1.7 max|qvel|=   0.36 ncon=  0 com_z=0.926 com_x=-0.137
t= 16.00 max|qacc|=       0.8 max|qvel|=   0.81 ncon=  0 com_z=0.924 com_x=-0.135
t= 16.50 max|qacc|=       1.7 max|qvel|=   0.37 ncon=  0 com_z=0.923 com_x=-0.126
t= 17.00 max|qacc|=       5.4 max|qvel|=   0.43 ncon=  0 com_z=0.929 com_x=-0.143
t= 17.50 max|qacc|=       3.1 max|qvel|=   0.58 ncon=  0 com_z=0.926 com_x=-0.139
t= 18.00 max|qacc|=       6.9 max|qvel|=   0.69 ncon=  0 com_z=0.926 com_x=-0.135
t= 18.50 max|qacc|=       3.3 max|qvel|=   0.27 ncon=  0 com_z=0.929 com_x=-0.144
t= 19.00 max|qacc|=       9.1 max|qvel|=   0.24 ncon=  0 com_z=0.925 com_x=-0.136
t= 19.50 max|qacc|=       7.6 max|qvel|=   0.41 ncon=  0 com_z=0.927 com_x=-0.139
t= 20.00 max|qacc|=       3.0 max|qvel|=   0.43 ncon=  0 com_z=0.927 com_x=-0.142
t= 20.50 max|qacc|=      13.7 max|qvel|=   0.23 ncon=  0 com_z=0.925 com_x=-0.135
t= 21.00 max|qacc|=       9.0 max|qvel|=   0.51 ncon=  0 com_z=0.928 com_x=-0.141
t= 21.50 max|qacc|=      11.4 max|qvel|=   0.53 ncon=  0 com_z=0.926 com_x=-0.140
t= 22.00 max|qacc|=      22.7 max|qvel|=   0.46 ncon=  0 com_z=0.926 com_x=-0.136
t= 22.50 max|qacc|=       7.6 max|qvel|=   0.76 ncon=  0 com_z=0.928 com_x=-0.142
t= 23.00 max|qacc|=      21.9 max|qvel|=   0.46 ncon=  0 com_z=0.926 com_x=-0.138
t= 23.50 max|qacc|=      33.3 max|qvel|=   0.86 ncon=  0 com_z=0.926 com_x=-0.138
t= 24.00 max|qacc|=      26.0 max|qvel|=   1.06 ncon=  0 com_z=0.927 com_x=-0.142
t= 24.50 max|qacc|=      34.5 max|qvel|=   0.46 ncon=  0 com_z=0.926 com_x=-0.137
t= 25.00 max|qacc|=       7.4 max|qvel|=   1.48 ncon=  0 com_z=0.927 com_x=-0.140
t= 25.50 max|qacc|=      44.0 max|qvel|=   0.86 ncon=  0 com_z=0.926 com_x=-0.140
t= 26.00 max|qacc|=      26.5 max|qvel|=   1.46 ncon=  0 com_z=0.926 com_x=-0.137
t= 26.50 max|qacc|=      36.8 max|qvel|=   0.98 ncon=  0 com_z=0.927 com_x=-0.141
t= 27.00 max|qacc|=      51.5 max|qvel|=   1.22 ncon=  0 com_z=0.926 com_x=-0.139
t= 27.50 max|qacc|=      47.2 max|qvel|=   1.62 ncon=  0 com_z=0.926 com_x=-0.138
t= 28.00 max|qacc|=      40.2 max|qvel|=   1.41 ncon=  0 com_z=0.927 com_x=-0.141
t= 28.50 max|qacc|=      33.2 max|qvel|=   1.58 ncon=  0 com_z=0.926 com_x=-0.138
t= 29.00 max|qacc|=      70.1 max|qvel|=   1.28 ncon=  0 com_z=0.927 com_x=-0.139
t= 29.50 max|qacc|=      42.6 max|qvel|=   1.91 ncon=  0 com_z=0.927 com_x=-0.140
t= 30.00 max|qacc|=      44.9 max|qvel|=   1.20 ncon=  0 com_z=0.926 com_x=-0.138
t= 30.50 max|qacc|=      30.1 max|qvel|=   1.89 ncon=  0 com_z=0.927 com_x=-0.140

== summary ==
pelvis/COM height: start 0.94 m, min 0.92 m, final 0.93 m  (stayed up)
COM x: min -0.16 max -0.09 final -0.14 m
COM y: min -0.017 max +0.005 m
RG_F_r bursts during walk window: 0
peak ctrl: [0.   0.01 0.01 0.34 0.   0.   0.28 0.   0.   0.   0.   0.01 0.02 0.26
 0.   0.01 0.25 0.   0.   0.  ] (('vas_lat_r', 'med_gas_r', 'soleus_r', 'tib_ant_r', 'psoas_r', 'semimem_r', 'glut_max2_r', 'rect_fem_r', 'sar_r', 'grac_r', 'vas_lat_l', 'med_gas_l', 'soleus_l', 'tib_ant_l', 'psoas_l', 'semimem_l', 'glut_max2_l', 'rect_fem_l', 'sar_l', 'grac_l'))
  hip_flexion_r        -16.3 ..    26.1 deg
  knee_angle_r         -51.5 ..    11.7 deg
  ankle_angle_r        -11.1 ..    31.2 deg
  hip_adduction_r       -4.4 ..     4.0 deg
  subtalar_angle_r      -1.6 ..    11.8 deg
  hip_flexion_l        -16.6 ..    14.5 deg
  knee_angle_l         -38.7 ..    11.8 deg
  ankle_angle_l         -3.2 ..    27.0 deg
  hip_adduction_l      -10.6 ..     5.8 deg
  subtalar_angle_l      -3.9 ..     8.9 deg
  pelvis_tilt           -1.9 ..    -0.4 deg
  pelvis_list           -0.5 ..    -0.3 deg
  pelvis_rotation        2.3 ..     2.5 deg
saved spinal_run.npz
saved spinal_run.png
fitted baseline loaded: e2_pf=0.222 f1_df=0.098 f1_kf=0.148 post_kneext=0.011 post_hipext=0.068 desc_f=1.400 e2_adapt=1.700
start pose (normal): applied 20 coordinates as given; pelvis ty 0.922 m (env override=0.9215287157201333); IMU-metric torso lean -0.0 deg (+ = back)
standing solve: nnls x in [0.00, 0.65], >0.1: 13 muscles
  top: add_long_l=0.65, tib_ant_r=0.61, tib_ant_l=0.47, ext_dig_r=0.37, glut_min1_l=0.30, pect_l=0.30, glut_min2_l=0.28, ext_dig_l=0.25
Fmax range: 5..3396 N | L range sample: [0.229942 0.326094]
t=  1.00 max|qacc|=      39.6 max|qvel|=   4.99 ncon=  0 com_z=0.924 com_x=-0.107
t=  1.50 max|qacc|=      14.2 max|qvel|=   1.80 ncon=  0 com_z=0.924 com_x=-0.114
t=  2.00 max|qacc|=      19.5 max|qvel|=   0.57 ncon=  0 com_z=0.930 com_x=-0.116
t=  2.50 max|qacc|=       8.1 max|qvel|=   0.79 ncon=  0 com_z=0.925 com_x=-0.117
t=  3.00 max|qacc|=      10.2 max|qvel|=   1.41 ncon=  0 com_z=0.926 com_x=-0.117
t=  3.50 max|qacc|=       3.8 max|qvel|=   1.40 ncon=  0 com_z=0.925 com_x=-0.119
t=  4.00 max|qacc|=       9.4 max|qvel|=   1.18 ncon=  0 com_z=0.925 com_x=-0.090
t=  4.50 max|qacc|=     117.7 max|qvel|=   2.05 ncon=  0 com_z=0.929 com_x=-0.130
t=  5.00 max|qacc|=      38.1 max|qvel|=   4.56 ncon=  0 com_z=0.934 com_x=-0.161
t=  5.50 max|qacc|=      15.1 max|qvel|=   0.85 ncon=  0 com_z=0.921 com_x=-0.097
t=  6.00 max|qacc|=      17.0 max|qvel|=   1.71 ncon=  0 com_z=0.931 com_x=-0.143
t=  6.50 max|qacc|=       4.1 max|qvel|=   1.20 ncon=  0 com_z=0.926 com_x=-0.144
t=  7.00 max|qacc|=      12.3 max|qvel|=   1.31 ncon=  0 com_z=0.922 com_x=-0.104
t=  7.50 max|qacc|=       7.9 max|qvel|=   0.72 ncon=  0 com_z=0.934 com_x=-0.154
t=  8.00 max|qacc|=       4.5 max|qvel|=   1.44 ncon=  0 com_z=0.922 com_x=-0.125
t=  8.50 max|qacc|=       6.9 max|qvel|=   1.61 ncon=  0 com_z=0.922 com_x=-0.117
t=  9.00 max|qacc|=       4.6 max|qvel|=   0.62 ncon=  0 com_z=0.932 com_x=-0.154
t=  9.50 max|qacc|=       7.0 max|qvel|=   0.94 ncon=  0 com_z=0.921 com_x=-0.114
t= 10.00 max|qacc|=       4.1 max|qvel|=   0.96 ncon=  0 com_z=0.925 com_x=-0.132
t= 10.50 max|qacc|=       4.5 max|qvel|=   1.06 ncon=  0 com_z=0.927 com_x=-0.144
t= 11.00 max|qacc|=       4.4 max|qvel|=   0.41 ncon=  0 com_z=0.921 com_x=-0.113
t= 11.50 max|qacc|=       2.7 max|qvel|=   0.43 ncon=  0 com_z=0.928 com_x=-0.143
t= 12.00 max|qacc|=       1.6 max|qvel|=   0.83 ncon=  0 com_z=0.923 com_x=-0.132
t= 12.50 max|qacc|=       2.1 max|qvel|=   0.68 ncon=  0 com_z=0.922 com_x=-0.119
t= 13.00 max|qacc|=       3.5 max|qvel|=   0.13 ncon=  0 com_z=0.928 com_x=-0.145
t= 13.50 max|qacc|=       3.2 max|qvel|=   0.42 ncon=  0 com_z=0.922 com_x=-0.123
t= 14.00 max|qacc|=       1.1 max|qvel|=   0.64 ncon=  0 com_z=0.924 com_x=-0.129
t= 14.50 max|qacc|=       2.7 max|qvel|=   0.40 ncon=  0 com_z=0.926 com_x=-0.141
t= 15.00 max|qacc|=       2.9 max|qvel|=   0.17 ncon=  0 com_z=0.922 com_x=-0.120
t= 15.50 max|qacc|=       1.4 max|qvel|=   0.30 ncon=  0 com_z=0.926 com_x=-0.137
t= 16.00 max|qacc|=       1.0 max|qvel|=   0.53 ncon=  0 com_z=0.925 com_x=-0.136
t= 16.50 max|qacc|=       1.5 max|qvel|=   0.26 ncon=  0 com_z=0.923 com_x=-0.126
t= 17.00 max|qacc|=      11.8 max|qvel|=   0.38 ncon=  0 com_z=0.928 com_x=-0.144
t= 17.50 max|qacc|=       7.1 max|qvel|=   0.43 ncon=  0 com_z=0.926 com_x=-0.139
t= 18.00 max|qacc|=       9.2 max|qvel|=   0.40 ncon=  0 com_z=0.926 com_x=-0.136
t= 18.50 max|qacc|=      13.0 max|qvel|=   0.32 ncon=  0 com_z=0.928 com_x=-0.145
t= 19.00 max|qacc|=       8.8 max|qvel|=   0.40 ncon=  0 com_z=0.925 com_x=-0.136
t= 19.50 max|qacc|=      12.5 max|qvel|=   0.35 ncon=  0 com_z=0.927 com_x=-0.140
t= 20.00 max|qacc|=       9.2 max|qvel|=   0.50 ncon=  0 com_z=0.927 com_x=-0.142
t= 20.50 max|qacc|=      17.9 max|qvel|=   0.47 ncon=  0 com_z=0.925 com_x=-0.136
t= 21.00 max|qacc|=      13.8 max|qvel|=   0.46 ncon=  0 com_z=0.927 com_x=-0.142
t= 21.50 max|qacc|=       5.8 max|qvel|=   0.76 ncon=  0 com_z=0.927 com_x=-0.139
t= 22.00 max|qacc|=      22.8 max|qvel|=   0.36 ncon=  0 com_z=0.926 com_x=-0.137
t= 22.50 max|qacc|=      13.1 max|qvel|=   0.83 ncon=  0 com_z=0.928 com_x=-0.142
t= 23.00 max|qacc|=      19.4 max|qvel|=   0.71 ncon=  0 com_z=0.926 com_x=-0.138
t= 23.50 max|qacc|=      35.4 max|qvel|=   0.79 ncon=  0 com_z=0.926 com_x=-0.139
t= 24.00 max|qacc|=      16.5 max|qvel|=   0.99 ncon=  0 com_z=0.927 com_x=-0.141
t= 24.50 max|qacc|=      32.9 max|qvel|=   0.34 ncon=  0 com_z=0.926 com_x=-0.138
t= 25.00 max|qacc|=      31.0 max|qvel|=   1.08 ncon=  0 com_z=0.927 com_x=-0.140
t= 25.50 max|qacc|=      40.2 max|qvel|=   1.18 ncon=  0 com_z=0.927 com_x=-0.140
t= 26.00 max|qacc|=      32.1 max|qvel|=   0.96 ncon=  0 com_z=0.926 com_x=-0.138
t= 26.50 max|qacc|=      18.6 max|qvel|=   1.61 ncon=  0 com_z=0.927 com_x=-0.140
t= 27.00 max|qacc|=      47.6 max|qvel|=   0.70 ncon=  0 com_z=0.926 com_x=-0.139
t= 27.50 max|qacc|=      19.7 max|qvel|=   1.59 ncon=  0 com_z=0.926 com_x=-0.139
t= 28.00 max|qacc|=      44.3 max|qvel|=   0.77 ncon=  0 com_z=0.927 com_x=-0.140
t= 28.50 max|qacc|=      46.5 max|qvel|=   1.42 ncon=  0 com_z=0.926 com_x=-0.139
t= 29.00 max|qacc|=      51.2 max|qvel|=   1.56 ncon=  0 com_z=0.927 com_x=-0.139
t= 29.50 max|qacc|=      39.5 max|qvel|=   1.38 ncon=  0 com_z=0.927 com_x=-0.140
t= 30.00 max|qacc|=      31.5 max|qvel|=   1.71 ncon=  0 com_z=0.926 com_x=-0.139
t= 30.50 max|qacc|=      67.9 max|qvel|=   1.22 ncon=  0 com_z=0.927 com_x=-0.140

== summary ==
pelvis/COM height: start 0.94 m, min 0.92 m, final 0.93 m  (stayed up)
COM x: min -0.16 max -0.09 final -0.14 m
COM y: min -0.017 max +0.005 m
RG_F_r bursts during walk window: 0
peak ctrl: [0.   0.01 0.01 0.35 0.   0.   0.28 0.   0.   0.   0.   0.01 0.02 0.26
 0.   0.01 0.25 0.   0.   0.  ] (('vas_lat_r', 'med_gas_r', 'soleus_r', 'tib_ant_r', 'psoas_r', 'semimem_r', 'glut_max2_r', 'rect_fem_r', 'sar_r', 'grac_r', 'vas_lat_l', 'med_gas_l', 'soleus_l', 'tib_ant_l', 'psoas_l', 'semimem_l', 'glut_max2_l', 'rect_fem_l', 'sar_l', 'grac_l'))
  hip_flexion_r        -15.7 ..    26.9 deg
  knee_angle_r         -50.9 ..    11.8 deg
  ankle_angle_r        -10.3 ..    31.6 deg
  hip_adduction_r       -3.6 ..     4.0 deg
  subtalar_angle_r      -0.5 ..    11.8 deg
  hip_flexion_l        -16.6 ..    16.1 deg
  knee_angle_l         -38.6 ..    11.9 deg
  ankle_angle_l         -2.5 ..    27.5 deg
  hip_adduction_l      -10.7 ..     6.4 deg
  subtalar_angle_l      -3.9 ..     9.0 deg
  pelvis_tilt           -1.9 ..    -0.4 deg
  pelvis_list           -0.5 ..    -0.3 deg
  pelvis_rotation        2.3 ..     2.5 deg
saved spinal_run.npz
saved spinal_run.png
fitted baseline loaded: e2_pf=0.222 f1_df=0.098 f1_kf=0.148 post_kneext=0.011 post_hipext=0.068 desc_f=1.400 e2_adapt=1.700
start pose (normal): applied 20 coordinates as given; pelvis ty 0.922 m (env override=0.9215287157201333); IMU-metric torso lean -0.0 deg (+ = back)
standing solve: nnls x in [0.00, 0.65], >0.1: 13 muscles
  top: add_long_l=0.65, tib_ant_r=0.61, tib_ant_l=0.47, ext_dig_r=0.37, glut_min1_l=0.30, pect_l=0.30, glut_min2_l=0.28, ext_dig_l=0.25
Fmax range: 5..3396 N | L range sample: [0.229942 0.326094]
t=  1.00 max|qacc|=      37.1 max|qvel|=   4.85 ncon=  0 com_z=0.924 com_x=-0.110
t=  1.50 max|qacc|=      13.5 max|qvel|=   1.93 ncon=  0 com_z=0.924 com_x=-0.117
t=  2.00 max|qacc|=      18.8 max|qvel|=   0.53 ncon=  0 com_z=0.930 com_x=-0.116
t=  2.50 max|qacc|=       8.7 max|qvel|=   0.72 ncon=  0 com_z=0.926 com_x=-0.120
t=  3.00 max|qacc|=       9.2 max|qvel|=   1.31 ncon=  0 com_z=0.927 com_x=-0.118
t=  3.50 max|qacc|=       3.5 max|qvel|=   1.61 ncon=  0 com_z=0.925 com_x=-0.120
t=  4.00 max|qacc|=       9.0 max|qvel|=   1.01 ncon=  0 com_z=0.925 com_x=-0.094
t=  4.50 max|qacc|=      57.6 max|qvel|=   2.20 ncon=  0 com_z=0.927 com_x=-0.123
t=  5.00 max|qacc|=      32.2 max|qvel|=   4.20 ncon=  0 com_z=0.936 com_x=-0.161
t=  5.50 max|qacc|=      19.6 max|qvel|=   0.78 ncon=  0 com_z=0.921 com_x=-0.100
t=  6.00 max|qacc|=      18.4 max|qvel|=   2.05 ncon=  0 com_z=0.930 com_x=-0.140
t=  6.50 max|qacc|=       5.7 max|qvel|=   1.20 ncon=  0 com_z=0.927 com_x=-0.148
t=  7.00 max|qacc|=      16.7 max|qvel|=   1.00 ncon=  0 com_z=0.922 com_x=-0.104
t=  7.50 max|qacc|=       8.4 max|qvel|=   1.19 ncon=  0 com_z=0.933 com_x=-0.153
t=  8.00 max|qacc|=       2.9 max|qvel|=   1.34 ncon=  0 com_z=0.922 com_x=-0.128
t=  8.50 max|qacc|=       7.2 max|qvel|=   1.41 ncon=  0 com_z=0.922 com_x=-0.115
t=  9.00 max|qacc|=       4.0 max|qvel|=   0.52 ncon=  0 com_z=0.932 com_x=-0.154
t=  9.50 max|qacc|=       6.5 max|qvel|=   1.04 ncon=  0 com_z=0.921 com_x=-0.116
t= 10.00 max|qacc|=       3.9 max|qvel|=   1.23 ncon=  0 com_z=0.925 com_x=-0.131
t= 10.50 max|qacc|=       4.4 max|qvel|=   0.93 ncon=  0 com_z=0.927 com_x=-0.145
t= 11.00 max|qacc|=       5.5 max|qvel|=   0.31 ncon=  0 com_z=0.922 com_x=-0.113
t= 11.50 max|qacc|=       2.7 max|qvel|=   0.50 ncon=  0 com_z=0.928 com_x=-0.142
t= 12.00 max|qacc|=       1.2 max|qvel|=   0.99 ncon=  0 com_z=0.924 com_x=-0.134
t= 12.50 max|qacc|=       2.8 max|qvel|=   0.57 ncon=  0 com_z=0.922 com_x=-0.119
t= 13.00 max|qacc|=       3.7 max|qvel|=   0.10 ncon=  0 com_z=0.928 com_x=-0.145
t= 13.50 max|qacc|=       2.6 max|qvel|=   0.55 ncon=  0 com_z=0.922 com_x=-0.124
t= 14.00 max|qacc|=       1.1 max|qvel|=   0.77 ncon=  0 com_z=0.924 com_x=-0.129
t= 14.50 max|qacc|=       2.2 max|qvel|=   0.42 ncon=  0 com_z=0.926 com_x=-0.141
t= 15.00 max|qacc|=       3.5 max|qvel|=   0.15 ncon=  0 com_z=0.922 com_x=-0.121
t= 15.50 max|qacc|=       1.6 max|qvel|=   0.25 ncon=  0 com_z=0.926 com_x=-0.137
t= 16.00 max|qacc|=       0.8 max|qvel|=   0.54 ncon=  0 com_z=0.925 com_x=-0.136
t= 16.50 max|qacc|=       1.3 max|qvel|=   0.27 ncon=  0 com_z=0.923 com_x=-0.126
t= 17.00 max|qacc|=      12.4 max|qvel|=   0.77 ncon=  0 com_z=0.929 com_x=-0.145
t= 17.50 max|qacc|=      13.2 max|qvel|=   0.36 ncon=  0 com_z=0.926 com_x=-0.139
t= 18.00 max|qacc|=       4.9 max|qvel|=   0.46 ncon=  0 com_z=0.926 com_x=-0.136
t= 18.50 max|qacc|=      11.7 max|qvel|=   0.27 ncon=  0 com_z=0.929 com_x=-0.146
t= 19.00 max|qacc|=       5.0 max|qvel|=   0.41 ncon=  0 com_z=0.926 com_x=-0.136
t= 19.50 max|qacc|=       9.5 max|qvel|=   0.30 ncon=  0 com_z=0.927 com_x=-0.141
t= 20.00 max|qacc|=      13.3 max|qvel|=   0.32 ncon=  0 com_z=0.928 com_x=-0.143
t= 20.50 max|qacc|=       8.9 max|qvel|=   0.38 ncon=  0 com_z=0.926 com_x=-0.136
t= 21.00 max|qacc|=      11.2 max|qvel|=   0.20 ncon=  0 com_z=0.928 com_x=-0.143
t= 21.50 max|qacc|=       4.2 max|qvel|=   0.46 ncon=  0 com_z=0.927 com_x=-0.140
t= 22.00 max|qacc|=      13.4 max|qvel|=   0.30 ncon=  0 com_z=0.926 com_x=-0.138
t= 22.50 max|qacc|=       8.2 max|qvel|=   0.38 ncon=  0 com_z=0.928 com_x=-0.143
t= 23.00 max|qacc|=       7.4 max|qvel|=   0.41 ncon=  0 com_z=0.926 com_x=-0.138
t= 23.50 max|qacc|=      14.6 max|qvel|=   0.29 ncon=  0 com_z=0.927 com_x=-0.140
t= 24.00 max|qacc|=       4.3 max|qvel|=   0.44 ncon=  0 com_z=0.927 com_x=-0.141
t= 24.50 max|qacc|=      11.9 max|qvel|=   0.19 ncon=  0 com_z=0.926 com_x=-0.138
t= 25.00 max|qacc|=      12.6 max|qvel|=   0.37 ncon=  0 com_z=0.927 com_x=-0.141
t= 25.50 max|qacc|=      13.0 max|qvel|=   0.42 ncon=  0 com_z=0.927 com_x=-0.140
t= 26.00 max|qacc|=      11.9 max|qvel|=   0.26 ncon=  0 com_z=0.926 com_x=-0.139
t= 26.50 max|qacc|=       3.2 max|qvel|=   0.54 ncon=  0 com_z=0.927 com_x=-0.141
t= 27.00 max|qacc|=      15.4 max|qvel|=   0.25 ncon=  0 com_z=0.927 com_x=-0.139
t= 27.50 max|qacc|=       7.7 max|qvel|=   0.47 ncon=  0 com_z=0.927 com_x=-0.140
t= 28.00 max|qacc|=      10.8 max|qvel|=   0.39 ncon=  0 com_z=0.927 com_x=-0.141
t= 28.50 max|qacc|=      17.7 max|qvel|=   0.40 ncon=  0 com_z=0.926 com_x=-0.139
t= 29.00 max|qacc|=       8.8 max|qvel|=   0.48 ncon=  0 com_z=0.927 com_x=-0.140
t= 29.50 max|qacc|=      15.1 max|qvel|=   0.10 ncon=  0 com_z=0.927 com_x=-0.140
t= 30.00 max|qacc|=       9.4 max|qvel|=   0.51 ncon=  0 com_z=0.927 com_x=-0.140
t= 30.50 max|qacc|=      16.9 max|qvel|=   0.42 ncon=  0 com_z=0.927 com_x=-0.140

== summary ==
pelvis/COM height: start 0.94 m, min 0.92 m, final 0.93 m  (stayed up)
COM x: min -0.16 max -0.09 final -0.14 m
COM y: min -0.017 max +0.005 m
RG_F_r bursts during walk window: 0
peak ctrl: [0.   0.01 0.01 0.35 0.   0.   0.28 0.   0.   0.   0.   0.01 0.02 0.27
 0.   0.01 0.26 0.   0.   0.  ] (('vas_lat_r', 'med_gas_r', 'soleus_r', 'tib_ant_r', 'psoas_r', 'semimem_r', 'glut_max2_r', 'rect_fem_r', 'sar_r', 'grac_r', 'vas_lat_l', 'med_gas_l', 'soleus_l', 'tib_ant_l', 'psoas_l', 'semimem_l', 'glut_max2_l', 'rect_fem_l', 'sar_l', 'grac_l'))
  hip_flexion_r        -13.8 ..    26.6 deg
  knee_angle_r         -48.1 ..    11.6 deg
  ankle_angle_r         -9.4 ..    32.6 deg
  hip_adduction_r       -3.4 ..     4.0 deg
  subtalar_angle_r       0.0 ..    11.6 deg
  hip_flexion_l        -16.6 ..    16.5 deg
  knee_angle_l         -38.1 ..    11.8 deg
  ankle_angle_l         -3.1 ..    28.7 deg
  hip_adduction_l      -11.0 ..     6.6 deg
  subtalar_angle_l      -4.1 ..     9.4 deg
  pelvis_tilt           -1.9 ..    -0.4 deg
  pelvis_list           -0.5 ..    -0.3 deg
  pelvis_rotation        2.3 ..     2.5 deg
saved spinal_run.npz
saved spinal_run.png
fitted baseline loaded: e2_pf=0.222 f1_df=0.098 f1_kf=0.148 post_kneext=0.011 post_hipext=0.068 desc_f=1.400 e2_adapt=1.700
start pose (normal): applied 20 coordinates as given; pelvis ty 0.922 m (env override=0.9215287157201333); IMU-metric torso lean -0.0 deg (+ = back)
standing solve: nnls x in [0.00, 0.65], >0.1: 13 muscles
  top: add_long_l=0.65, tib_ant_r=0.61, tib_ant_l=0.47, ext_dig_r=0.37, glut_min1_l=0.30, pect_l=0.30, glut_min2_l=0.28, ext_dig_l=0.25
Fmax range: 5..3396 N | L range sample: [0.229942 0.326094]
t=  1.00 max|qacc|=      38.8 max|qvel|=   4.94 ncon=  0 com_z=0.924 com_x=-0.109
t=  1.50 max|qacc|=      13.9 max|qvel|=   1.85 ncon=  0 com_z=0.924 com_x=-0.115
t=  2.00 max|qacc|=      19.0 max|qvel|=   0.56 ncon=  0 com_z=0.930 com_x=-0.116
t=  2.50 max|qacc|=       8.4 max|qvel|=   0.74 ncon=  0 com_z=0.925 com_x=-0.118
t=  3.00 max|qacc|=       9.8 max|qvel|=   1.35 ncon=  0 com_z=0.926 com_x=-0.117
t=  3.50 max|qacc|=       3.6 max|qvel|=   1.48 ncon=  0 com_z=0.925 com_x=-0.119
t=  4.00 max|qacc|=       9.3 max|qvel|=   1.12 ncon=  0 com_z=0.925 com_x=-0.092
t=  4.50 max|qacc|=      90.4 max|qvel|=   1.58 ncon=  0 com_z=0.928 com_x=-0.126
t=  5.00 max|qacc|=      35.9 max|qvel|=   4.30 ncon=  0 com_z=0.935 com_x=-0.161
t=  5.50 max|qacc|=      18.3 max|qvel|=   0.79 ncon=  0 com_z=0.921 com_x=-0.099
t=  6.00 max|qacc|=      16.8 max|qvel|=   1.90 ncon=  0 com_z=0.930 com_x=-0.141
t=  6.50 max|qacc|=       5.2 max|qvel|=   1.13 ncon=  0 com_z=0.927 com_x=-0.146
t=  7.00 max|qacc|=      11.7 max|qvel|=   1.14 ncon=  0 com_z=0.922 com_x=-0.104
t=  7.50 max|qacc|=       7.7 max|qvel|=   0.95 ncon=  0 com_z=0.933 com_x=-0.153
t=  8.00 max|qacc|=       3.4 max|qvel|=   1.42 ncon=  0 com_z=0.922 com_x=-0.127
t=  8.50 max|qacc|=       7.9 max|qvel|=   1.55 ncon=  0 com_z=0.922 com_x=-0.116
t=  9.00 max|qacc|=       4.2 max|qvel|=   0.58 ncon=  0 com_z=0.932 com_x=-0.154
t=  9.50 max|qacc|=       7.0 max|qvel|=   1.07 ncon=  0 com_z=0.921 com_x=-0.115
t= 10.00 max|qacc|=       4.2 max|qvel|=   1.11 ncon=  0 com_z=0.925 com_x=-0.131
t= 10.50 max|qacc|=       4.7 max|qvel|=   1.01 ncon=  0 com_z=0.927 com_x=-0.145
t= 11.00 max|qacc|=       5.1 max|qvel|=   0.36 ncon=  0 com_z=0.921 com_x=-0.113
t= 11.50 max|qacc|=       2.7 max|qvel|=   0.48 ncon=  0 com_z=0.928 com_x=-0.142
t= 12.00 max|qacc|=       1.4 max|qvel|=   0.92 ncon=  0 com_z=0.924 com_x=-0.133
t= 12.50 max|qacc|=       2.5 max|qvel|=   0.63 ncon=  0 com_z=0.922 com_x=-0.119
t= 13.00 max|qacc|=       3.7 max|qvel|=   0.12 ncon=  0 com_z=0.928 com_x=-0.145
t= 13.50 max|qacc|=       2.9 max|qvel|=   0.50 ncon=  0 com_z=0.922 com_x=-0.123
t= 14.00 max|qacc|=       1.0 max|qvel|=   0.72 ncon=  0 com_z=0.924 com_x=-0.128
t= 14.50 max|qacc|=       2.5 max|qvel|=   0.40 ncon=  0 com_z=0.926 com_x=-0.141
t= 15.00 max|qacc|=       3.3 max|qvel|=   0.15 ncon=  0 com_z=0.922 com_x=-0.120
t= 15.50 max|qacc|=       1.5 max|qvel|=   0.28 ncon=  0 com_z=0.926 com_x=-0.137
t= 16.00 max|qacc|=       0.8 max|qvel|=   0.49 ncon=  0 com_z=0.925 com_x=-0.136
t= 16.50 max|qacc|=       1.4 max|qvel|=   0.27 ncon=  0 com_z=0.923 com_x=-0.126
t= 17.00 max|qacc|=      16.3 max|qvel|=   0.36 ncon=  0 com_z=0.929 com_x=-0.145
t= 17.50 max|qacc|=       9.1 max|qvel|=   0.39 ncon=  0 com_z=0.926 com_x=-0.139
t= 18.00 max|qacc|=       8.8 max|qvel|=   0.39 ncon=  0 com_z=0.926 com_x=-0.136
t= 18.50 max|qacc|=      14.6 max|qvel|=   0.34 ncon=  0 com_z=0.929 com_x=-0.145
t= 19.00 max|qacc|=       6.3 max|qvel|=   0.40 ncon=  0 com_z=0.925 com_x=-0.136
t= 19.50 max|qacc|=      12.4 max|qvel|=   0.33 ncon=  0 com_z=0.927 com_x=-0.140
t= 20.00 max|qacc|=      12.5 max|qvel|=   0.41 ncon=  0 com_z=0.928 com_x=-0.142
t= 20.50 max|qacc|=      15.1 max|qvel|=   0.46 ncon=  0 com_z=0.925 com_x=-0.136
t= 21.00 max|qacc|=      13.7 max|qvel|=   0.34 ncon=  0 com_z=0.928 com_x=-0.142
t= 21.50 max|qacc|=       4.8 max|qvel|=   0.67 ncon=  0 com_z=0.927 com_x=-0.139
t= 22.00 max|qacc|=      20.2 max|qvel|=   0.36 ncon=  0 com_z=0.926 com_x=-0.138
t= 22.50 max|qacc|=      11.6 max|qvel|=   0.66 ncon=  0 com_z=0.928 com_x=-0.142
t= 23.00 max|qacc|=      14.3 max|qvel|=   0.62 ncon=  0 com_z=0.926 com_x=-0.138
t= 23.50 max|qacc|=      26.6 max|qvel|=   0.57 ncon=  0 com_z=0.927 com_x=-0.140
t= 24.00 max|qacc|=      10.2 max|qvel|=   0.77 ncon=  0 com_z=0.927 com_x=-0.141
t= 24.50 max|qacc|=      23.5 max|qvel|=   0.30 ncon=  0 com_z=0.926 com_x=-0.138
t= 25.00 max|qacc|=      24.2 max|qvel|=   0.73 ncon=  0 com_z=0.927 com_x=-0.141
t= 25.50 max|qacc|=      27.3 max|qvel|=   0.85 ncon=  0 com_z=0.927 com_x=-0.140
t= 26.00 max|qacc|=      25.3 max|qvel|=   0.57 ncon=  0 com_z=0.926 com_x=-0.139
t= 26.50 max|qacc|=       6.9 max|qvel|=   1.17 ncon=  0 com_z=0.927 com_x=-0.141
t= 27.00 max|qacc|=      35.1 max|qvel|=   0.59 ncon=  0 com_z=0.926 com_x=-0.139
t= 27.50 max|qacc|=      18.7 max|qvel|=   1.11 ncon=  0 com_z=0.927 com_x=-0.139
t= 28.00 max|qacc|=      25.2 max|qvel|=   0.94 ncon=  0 com_z=0.927 com_x=-0.140
t= 28.50 max|qacc|=      44.0 max|qvel|=   0.96 ncon=  0 com_z=0.926 com_x=-0.139
t= 29.00 max|qacc|=      20.0 max|qvel|=   1.18 ncon=  0 com_z=0.927 com_x=-0.140
t= 29.50 max|qacc|=      38.2 max|qvel|=   0.31 ncon=  0 com_z=0.927 com_x=-0.140
t= 30.00 max|qacc|=      29.2 max|qvel|=   1.26 ncon=  0 com_z=0.926 com_x=-0.139
t= 30.50 max|qacc|=      44.0 max|qvel|=   1.17 ncon=  0 com_z=0.927 com_x=-0.140

== summary ==
pelvis/COM height: start 0.94 m, min 0.92 m, final 0.93 m  (stayed up)
COM x: min -0.16 max -0.09 final -0.14 m
COM y: min -0.017 max +0.005 m
RG_F_r bursts during walk window: 0
peak ctrl: [0.   0.01 0.02 0.34 0.   0.   0.28 0.   0.   0.   0.   0.01 0.02 0.26
 0.   0.01 0.25 0.   0.   0.  ] (('vas_lat_r', 'med_gas_r', 'soleus_r', 'tib_ant_r', 'psoas_r', 'semimem_r', 'glut_max2_r', 'rect_fem_r', 'sar_r', 'grac_r', 'vas_lat_l', 'med_gas_l', 'soleus_l', 'tib_ant_l', 'psoas_l', 'semimem_l', 'glut_max2_l', 'rect_fem_l', 'sar_l', 'grac_l'))
  hip_flexion_r        -15.0 ..    26.7 deg
  knee_angle_r         -49.0 ..    11.5 deg
  ankle_angle_r         -9.8 ..    32.0 deg
  hip_adduction_r       -3.5 ..     4.0 deg
  subtalar_angle_r      -0.1 ..    11.7 deg
  hip_flexion_l        -16.6 ..    16.3 deg
  knee_angle_l         -38.4 ..    11.9 deg
  ankle_angle_l         -2.7 ..    28.0 deg
  hip_adduction_l      -10.8 ..     6.5 deg
  subtalar_angle_l      -3.9 ..     9.2 deg
  pelvis_tilt           -1.9 ..    -0.4 deg
  pelvis_list           -0.5 ..    -0.3 deg
  pelvis_rotation        2.3 ..     2.5 deg
saved spinal_run.npz
saved spinal_run.png
fitted baseline loaded: e2_pf=0.222 f1_df=0.098 f1_kf=0.148 post_kneext=0.011 post_hipext=0.068 desc_f=1.400 e2_adapt=1.700
start pose (normal): applied 20 coordinates as given; pelvis ty 0.922 m (env override=0.9215287157201333); IMU-metric torso lean -0.0 deg (+ = back)
standing solve: nnls x in [0.00, 0.65], >0.1: 13 muscles
  top: add_long_l=0.65, tib_ant_r=0.61, tib_ant_l=0.47, ext_dig_r=0.37, glut_min1_l=0.30, pect_l=0.30, glut_min2_l=0.28, ext_dig_l=0.25
Fmax range: 5..3396 N | L range sample: [0.229942 0.326094]
t=  1.00 max|qacc|=      40.5 max|qvel|=   5.05 ncon=  0 com_z=0.924 com_x=-0.106
t=  1.50 max|qacc|=      14.7 max|qvel|=   1.73 ncon=  0 com_z=0.924 com_x=-0.112
t=  2.00 max|qacc|=      19.6 max|qvel|=   0.60 ncon=  0 com_z=0.930 com_x=-0.115
t=  2.50 max|qacc|=       7.7 max|qvel|=   0.86 ncon=  0 com_z=0.925 com_x=-0.115
t=  3.00 max|qacc|=      10.8 max|qvel|=   1.45 ncon=  0 com_z=0.926 com_x=-0.116
t=  3.50 max|qacc|=       3.9 max|qvel|=   1.28 ncon=  0 com_z=0.925 com_x=-0.118
t=  4.00 max|qacc|=       9.2 max|qvel|=   1.27 ncon=  0 com_z=0.925 com_x=-0.088
t=  4.50 max|qacc|=     104.1 max|qvel|=   2.55 ncon=  0 com_z=0.929 com_x=-0.132
t=  5.00 max|qacc|=      34.9 max|qvel|=   4.63 ncon=  0 com_z=0.934 com_x=-0.160
t=  5.50 max|qacc|=      13.5 max|qvel|=   0.93 ncon=  0 com_z=0.922 com_x=-0.096
t=  6.00 max|qacc|=      17.5 max|qvel|=   1.57 ncon=  0 com_z=0.932 com_x=-0.144
t=  6.50 max|qacc|=       5.2 max|qvel|=   1.23 ncon=  0 com_z=0.925 com_x=-0.142
t=  7.00 max|qacc|=      15.2 max|qvel|=   1.46 ncon=  0 com_z=0.922 com_x=-0.105
t=  7.50 max|qacc|=       6.5 max|qvel|=   0.65 ncon=  0 com_z=0.934 com_x=-0.155
t=  8.00 max|qacc|=       5.4 max|qvel|=   1.30 ncon=  0 com_z=0.922 com_x=-0.123
t=  8.50 max|qacc|=       5.6 max|qvel|=   1.68 ncon=  0 com_z=0.922 com_x=-0.117
t=  9.00 max|qacc|=       4.9 max|qvel|=   0.66 ncon=  0 com_z=0.932 com_x=-0.154
t=  9.50 max|qacc|=       7.1 max|qvel|=   0.80 ncon=  0 com_z=0.921 com_x=-0.113
t= 10.00 max|qacc|=       3.6 max|qvel|=   0.87 ncon=  0 com_z=0.926 com_x=-0.133
t= 10.50 max|qacc|=       4.6 max|qvel|=   1.14 ncon=  0 com_z=0.926 com_x=-0.143
t= 11.00 max|qacc|=       4.0 max|qvel|=   0.51 ncon=  0 com_z=0.921 com_x=-0.112
t= 11.50 max|qacc|=       2.7 max|qvel|=   0.37 ncon=  0 com_z=0.929 com_x=-0.143
t= 12.00 max|qacc|=       2.1 max|qvel|=   0.90 ncon=  0 com_z=0.923 com_x=-0.131
t= 12.50 max|qacc|=       1.7 max|qvel|=   0.76 ncon=  0 com_z=0.922 com_x=-0.119
t= 13.00 max|qacc|=       3.3 max|qvel|=   0.14 ncon=  0 com_z=0.929 com_x=-0.145
t= 13.50 max|qacc|=       3.6 max|qvel|=   0.40 ncon=  0 com_z=0.922 com_x=-0.122
t= 14.00 max|qacc|=       1.3 max|qvel|=   0.57 ncon=  0 com_z=0.924 com_x=-0.129
t= 14.50 max|qacc|=       3.0 max|qvel|=   0.42 ncon=  0 com_z=0.926 com_x=-0.140
t= 15.00 max|qacc|=       2.6 max|qvel|=   0.18 ncon=  0 com_z=0.922 com_x=-0.120
t= 15.50 max|qacc|=       1.3 max|qvel|=   0.32 ncon=  0 com_z=0.926 com_x=-0.137
t= 16.00 max|qacc|=       1.1 max|qvel|=   0.60 ncon=  0 com_z=0.925 com_x=-0.135
t= 16.50 max|qacc|=       1.5 max|qvel|=   0.26 ncon=  0 com_z=0.923 com_x=-0.125
t= 17.00 max|qacc|=       5.6 max|qvel|=   0.46 ncon=  0 com_z=0.928 com_x=-0.144
t= 17.50 max|qacc|=       3.9 max|qvel|=   0.47 ncon=  0 com_z=0.926 com_x=-0.138
t= 18.00 max|qacc|=       6.4 max|qvel|=   0.45 ncon=  0 com_z=0.925 com_x=-0.135
t= 18.50 max|qacc|=       2.1 max|qvel|=   0.28 ncon=  0 com_z=0.928 com_x=-0.144
t= 19.00 max|qacc|=       9.6 max|qvel|=   0.26 ncon=  0 com_z=0.925 com_x=-0.135
t= 19.50 max|qacc|=       8.0 max|qvel|=   0.36 ncon=  0 com_z=0.927 com_x=-0.139
t= 20.00 max|qacc|=       3.4 max|qvel|=   0.45 ncon=  0 com_z=0.927 com_x=-0.142
t= 20.50 max|qacc|=      15.1 max|qvel|=   0.27 ncon=  0 com_z=0.925 com_x=-0.135
t= 21.00 max|qacc|=      10.0 max|qvel|=   0.55 ncon=  0 com_z=0.927 com_x=-0.141
t= 21.50 max|qacc|=      11.9 max|qvel|=   0.62 ncon=  0 com_z=0.926 com_x=-0.139
t= 22.00 max|qacc|=      24.6 max|qvel|=   0.48 ncon=  0 com_z=0.926 com_x=-0.137
t= 22.50 max|qacc|=      10.0 max|qvel|=   0.88 ncon=  0 com_z=0.927 com_x=-0.142
t= 23.00 max|qacc|=      25.5 max|qvel|=   0.55 ncon=  0 com_z=0.926 com_x=-0.137
t= 23.50 max|qacc|=      36.5 max|qvel|=   0.91 ncon=  0 com_z=0.926 com_x=-0.139
t= 24.00 max|qacc|=      31.5 max|qvel|=   1.21 ncon=  0 com_z=0.927 com_x=-0.141
t= 24.50 max|qacc|=      32.2 max|qvel|=   0.84 ncon=  0 com_z=0.926 com_x=-0.137
t= 25.00 max|qacc|=      19.1 max|qvel|=   1.52 ncon=  0 com_z=0.927 com_x=-0.140
t= 25.50 max|qacc|=      56.0 max|qvel|=   0.88 ncon=  0 com_z=0.926 com_x=-0.139
t= 26.00 max|qacc|=      22.2 max|qvel|=   1.61 ncon=  0 com_z=0.926 com_x=-0.138
t= 26.50 max|qacc|=      50.0 max|qvel|=   0.44 ncon=  0 com_z=0.927 com_x=-0.140
t= 27.00 max|qacc|=      11.4 max|qvel|=   1.97 ncon=  0 com_z=0.926 com_x=-0.138
t= 27.50 max|qacc|=      59.9 max|qvel|=   0.75 ncon=  0 com_z=0.926 com_x=-0.138
t= 28.00 max|qacc|=      19.0 max|qvel|=   1.79 ncon=  0 com_z=0.927 com_x=-0.140
t= 28.50 max|qacc|=      55.7 max|qvel|=   0.33 ncon=  0 com_z=0.926 com_x=-0.138
t= 29.00 max|qacc|=      10.6 max|qvel|=   2.16 ncon=  0 com_z=0.927 com_x=-0.139
t= 29.50 max|qacc|=      64.8 max|qvel|=   0.78 ncon=  0 com_z=0.926 com_x=-0.139
t= 30.00 max|qacc|=      20.7 max|qvel|=   1.90 ncon=  0 com_z=0.926 com_x=-0.138
t= 30.50 max|qacc|=      58.2 max|qvel|=   0.43 ncon=  0 com_z=0.927 com_x=-0.139

== summary ==
pelvis/COM height: start 0.94 m, min 0.92 m, final 0.93 m  (stayed up)
COM x: min -0.16 max -0.09 final -0.14 m
COM y: min -0.017 max +0.005 m
RG_F_r bursts during walk window: 0
peak ctrl: [0.   0.01 0.01 0.34 0.   0.   0.27 0.   0.   0.   0.   0.01 0.02 0.26
 0.   0.01 0.25 0.   0.   0.  ] (('vas_lat_r', 'med_gas_r', 'soleus_r', 'tib_ant_r', 'psoas_r', 'semimem_r', 'glut_max2_r', 'rect_fem_r', 'sar_r', 'grac_r', 'vas_lat_l', 'med_gas_l', 'soleus_l', 'tib_ant_l', 'psoas_l', 'semimem_l', 'glut_max2_l', 'rect_fem_l', 'sar_l', 'grac_l'))
  hip_flexion_r        -16.6 ..    26.7 deg
  knee_angle_r         -51.5 ..    11.7 deg
  ankle_angle_r        -10.6 ..    31.0 deg
  hip_adduction_r       -3.6 ..     4.0 deg
  subtalar_angle_r      -0.6 ..    11.9 deg
  hip_flexion_l        -16.6 ..    15.8 deg
  knee_angle_l         -38.8 ..    11.8 deg
  ankle_angle_l         -1.9 ..    26.7 deg
  hip_adduction_l      -10.6 ..     6.4 deg
  subtalar_angle_l      -3.7 ..     8.8 deg
  pelvis_tilt           -1.9 ..    -0.4 deg
  pelvis_list           -0.5 ..    -0.3 deg
  pelvis_rotation        2.3 ..     2.5 deg
saved spinal_run.npz
saved spinal_run.png
fitted baseline loaded: e2_pf=0.222 f1_df=0.098 f1_kf=0.148 post_kneext=0.011 post_hipext=0.068 desc_f=1.400 e2_adapt=1.700
start pose (normal): applied 20 coordinates as given; pelvis ty 0.922 m (env override=0.9215287157201333); IMU-metric torso lean -0.0 deg (+ = back)
standing solve: nnls x in [0.00, 0.65], >0.1: 13 muscles
  top: add_long_l=0.65, tib_ant_r=0.61, tib_ant_l=0.47, ext_dig_r=0.37, glut_min1_l=0.30, pect_l=0.30, glut_min2_l=0.28, ext_dig_l=0.25
Fmax range: 5..3396 N | L range sample: [0.229942 0.326094]
t=  1.00 max|qacc|=      39.6 max|qvel|=   4.98 ncon=  0 com_z=0.924 com_x=-0.108
t=  1.50 max|qacc|=      14.2 max|qvel|=   1.81 ncon=  0 com_z=0.924 com_x=-0.114
t=  2.00 max|qacc|=      19.5 max|qvel|=   0.57 ncon=  0 com_z=0.930 com_x=-0.116
t=  2.50 max|qacc|=       8.1 max|qvel|=   0.79 ncon=  0 com_z=0.925 com_x=-0.117
t=  3.00 max|qacc|=      10.1 max|qvel|=   1.41 ncon=  0 com_z=0.926 com_x=-0.117
t=  3.50 max|qacc|=       3.8 max|qvel|=   1.41 ncon=  0 com_z=0.925 com_x=-0.119
t=  4.00 max|qacc|=       9.4 max|qvel|=   1.17 ncon=  0 com_z=0.925 com_x=-0.090
t=  4.50 max|qacc|=      82.2 max|qvel|=   4.06 ncon=  0 com_z=0.932 com_x=-0.142
t=  5.00 max|qacc|=      31.7 max|qvel|=   3.30 ncon=  0 com_z=0.930 com_x=-0.155
t=  5.50 max|qacc|=      17.5 max|qvel|=   0.97 ncon=  0 com_z=0.922 com_x=-0.097
t=  6.00 max|qacc|=      12.8 max|qvel|=   0.56 ncon=  0 com_z=0.936 com_x=-0.152
t=  6.50 max|qacc|=       4.2 max|qvel|=   1.46 ncon=  0 com_z=0.923 com_x=-0.133
t=  7.00 max|qacc|=      15.6 max|qvel|=   1.50 ncon=  0 com_z=0.921 com_x=-0.110
t=  7.50 max|qacc|=       5.9 max|qvel|=   0.65 ncon=  0 com_z=0.935 com_x=-0.156
t=  8.00 max|qacc|=       4.9 max|qvel|=   1.08 ncon=  0 com_z=0.922 com_x=-0.117
t=  8.50 max|qacc|=      10.7 max|qvel|=   1.72 ncon=  0 com_z=0.923 com_x=-0.125
t=  9.00 max|qacc|=       6.8 max|qvel|=   0.76 ncon=  0 com_z=0.930 com_x=-0.151
t=  9.50 max|qacc|=       6.7 max|qvel|=   0.33 ncon=  0 com_z=0.922 com_x=-0.111
t= 10.00 max|qacc|=       5.9 max|qvel|=   0.77 ncon=  0 com_z=0.927 com_x=-0.138
t= 10.50 max|qacc|=       4.7 max|qvel|=   1.35 ncon=  0 com_z=0.925 com_x=-0.139
t= 11.00 max|qacc|=       5.0 max|qvel|=   0.77 ncon=  0 com_z=0.922 com_x=-0.114
t= 11.50 max|qacc|=       3.9 max|qvel|=   0.26 ncon=  0 com_z=0.930 com_x=-0.145
t= 12.00 max|qacc|=       3.4 max|qvel|=   1.12 ncon=  0 com_z=0.923 com_x=-0.129
t= 12.50 max|qacc|=       1.4 max|qvel|=   1.02 ncon=  0 com_z=0.922 com_x=-0.122
t= 13.00 max|qacc|=       2.7 max|qvel|=   0.23 ncon=  0 com_z=0.929 com_x=-0.145
t= 13.50 max|qacc|=       4.7 max|qvel|=   0.38 ncon=  0 com_z=0.922 com_x=-0.122
t= 14.00 max|qacc|=       2.0 max|qvel|=   0.66 ncon=  0 com_z=0.924 com_x=-0.131
t= 14.50 max|qacc|=       3.8 max|qvel|=   0.58 ncon=  0 com_z=0.926 com_x=-0.139
t= 15.00 max|qacc|=       3.2 max|qvel|=   0.18 ncon=  0 com_z=0.922 com_x=-0.120
t= 15.50 max|qacc|=       1.6 max|qvel|=   0.36 ncon=  0 com_z=0.926 com_x=-0.137
t= 16.00 max|qacc|=       0.9 max|qvel|=   0.77 ncon=  0 com_z=0.925 com_x=-0.135
t= 16.50 max|qacc|=       1.8 max|qvel|=   0.30 ncon=  0 com_z=0.923 com_x=-0.126
t= 17.00 max|qacc|=      10.6 max|qvel|=   0.38 ncon=  0 com_z=0.929 com_x=-0.144
t= 17.50 max|qacc|=       6.5 max|qvel|=   0.58 ncon=  0 com_z=0.926 com_x=-0.139
t= 18.00 max|qacc|=       8.7 max|qvel|=   0.68 ncon=  0 com_z=0.926 com_x=-0.136
t= 18.50 max|qacc|=      11.0 max|qvel|=   0.29 ncon=  0 com_z=0.929 com_x=-0.145
t= 19.00 max|qacc|=       9.7 max|qvel|=   0.35 ncon=  0 com_z=0.925 com_x=-0.136
t= 19.50 max|qacc|=      11.5 max|qvel|=   0.42 ncon=  0 com_z=0.927 com_x=-0.139
t= 20.00 max|qacc|=       4.7 max|qvel|=   0.49 ncon=  0 com_z=0.928 com_x=-0.143
t= 20.50 max|qacc|=      16.6 max|qvel|=   0.37 ncon=  0 com_z=0.925 com_x=-0.135
t= 21.00 max|qacc|=      11.6 max|qvel|=   0.48 ncon=  0 com_z=0.928 com_x=-0.142
t= 21.50 max|qacc|=       8.8 max|qvel|=   0.63 ncon=  0 com_z=0.926 com_x=-0.140
t= 22.00 max|qacc|=      19.9 max|qvel|=   0.36 ncon=  0 com_z=0.926 com_x=-0.136
t= 22.50 max|qacc|=       9.7 max|qvel|=   0.75 ncon=  0 com_z=0.928 com_x=-0.142
t= 23.00 max|qacc|=      18.7 max|qvel|=   0.53 ncon=  0 com_z=0.926 com_x=-0.138
t= 23.50 max|qacc|=      31.1 max|qvel|=   0.75 ncon=  0 com_z=0.926 com_x=-0.138
t= 24.00 max|qacc|=      19.0 max|qvel|=   0.91 ncon=  0 com_z=0.927 com_x=-0.142
t= 24.50 max|qacc|=      29.9 max|qvel|=   0.21 ncon=  0 com_z=0.926 com_x=-0.137
t= 25.00 max|qacc|=      20.6 max|qvel|=   1.10 ncon=  0 com_z=0.927 com_x=-0.140
t= 25.50 max|qacc|=      39.3 max|qvel|=   0.99 ncon=  0 com_z=0.927 com_x=-0.140
t= 26.00 max|qacc|=      27.6 max|qvel|=   1.00 ncon=  0 com_z=0.926 com_x=-0.137
t= 26.50 max|qacc|=      19.6 max|qvel|=   1.43 ncon=  0 com_z=0.927 com_x=-0.141
t= 27.00 max|qacc|=      44.6 max|qvel|=   0.73 ncon=  0 com_z=0.926 com_x=-0.139
t= 27.50 max|qacc|=      18.1 max|qvel|=   1.49 ncon=  0 com_z=0.926 com_x=-0.138
t= 28.00 max|qacc|=      40.6 max|qvel|=   0.75 ncon=  0 com_z=0.927 com_x=-0.141
t= 28.50 max|qacc|=      47.8 max|qvel|=   1.28 ncon=  0 com_z=0.926 com_x=-0.138
t= 29.00 max|qacc|=      46.5 max|qvel|=   1.53 ncon=  0 com_z=0.927 com_x=-0.140
t= 29.50 max|qacc|=      38.7 max|qvel|=   1.19 ncon=  0 com_z=0.927 com_x=-0.140
t= 30.00 max|qacc|=      26.5 max|qvel|=   1.78 ncon=  0 com_z=0.926 com_x=-0.138
t= 30.50 max|qacc|=      61.7 max|qvel|=   1.04 ncon=  0 com_z=0.927 com_x=-0.140

== summary ==
pelvis/COM height: start 0.94 m, min 0.92 m, final 0.93 m  (stayed up)
COM x: min -0.16 max -0.09 final -0.14 m
COM y: min -0.017 max +0.005 m
RG_F_r bursts during walk window: 0
peak ctrl: [0.   0.01 0.01 0.35 0.   0.   0.28 0.   0.   0.   0.   0.01 0.02 0.26
 0.   0.01 0.25 0.   0.   0.  ] (('vas_lat_r', 'med_gas_r', 'soleus_r', 'tib_ant_r', 'psoas_r', 'semimem_r', 'glut_max2_r', 'rect_fem_r', 'sar_r', 'grac_r', 'vas_lat_l', 'med_gas_l', 'soleus_l', 'tib_ant_l', 'psoas_l', 'semimem_l', 'glut_max2_l', 'rect_fem_l', 'sar_l', 'grac_l'))
  hip_flexion_r        -15.6 ..    25.9 deg
  knee_angle_r         -52.1 ..    11.8 deg
  ankle_angle_r        -11.4 ..    31.6 deg
  hip_adduction_r       -4.5 ..     4.0 deg
  subtalar_angle_r      -1.4 ..    11.8 deg
  hip_flexion_l        -16.6 ..    14.7 deg
  knee_angle_l         -38.6 ..    11.9 deg
  ankle_angle_l         -3.2 ..    27.5 deg
  hip_adduction_l      -10.7 ..     5.8 deg
  subtalar_angle_l      -4.1 ..     9.0 deg
  pelvis_tilt           -1.9 ..    -0.4 deg
  pelvis_list           -0.5 ..    -0.3 deg
  pelvis_rotation        2.3 ..     2.5 deg
saved spinal_run.npz
saved spinal_run.png
fitted baseline loaded: e2_pf=0.222 f1_df=0.098 f1_kf=0.148 post_kneext=0.011 post_hipext=0.068 desc_f=1.400 e2_adapt=1.700
start pose (normal): applied 20 coordinates as given; pelvis ty 0.922 m (env override=0.9215287157201333); IMU-metric torso lean -0.0 deg (+ = back)
standing solve: nnls x in [0.00, 0.65], >0.1: 13 muscles
  top: add_long_l=0.65, tib_ant_r=0.61, tib_ant_l=0.47, ext_dig_r=0.37, glut_min1_l=0.30, pect_l=0.30, glut_min2_l=0.28, ext_dig_l=0.25
Fmax range: 5..3396 N | L range sample: [0.229942 0.326094]
t=  1.00 max|qacc|=      38.9 max|qvel|=   4.94 ncon=  0 com_z=0.924 com_x=-0.109
t=  1.50 max|qacc|=      14.0 max|qvel|=   1.85 ncon=  0 com_z=0.924 com_x=-0.115
t=  2.00 max|qacc|=      19.0 max|qvel|=   0.56 ncon=  0 com_z=0.930 com_x=-0.116
t=  2.50 max|qacc|=       8.3 max|qvel|=   0.74 ncon=  0 com_z=0.925 com_x=-0.118
t=  3.00 max|qacc|=       9.8 max|qvel|=   1.35 ncon=  0 com_z=0.926 com_x=-0.117
t=  3.50 max|qacc|=       3.6 max|qvel|=   1.48 ncon=  0 com_z=0.925 com_x=-0.119
t=  4.00 max|qacc|=       9.3 max|qvel|=   1.13 ncon=  0 com_z=0.925 com_x=-0.091
t=  4.50 max|qacc|=      37.4 max|qvel|=   4.71 ncon=  0 com_z=0.930 com_x=-0.139
t=  5.00 max|qacc|=      18.3 max|qvel|=   3.80 ncon=  0 com_z=0.932 com_x=-0.158
t=  5.50 max|qacc|=      19.9 max|qvel|=   0.79 ncon=  0 com_z=0.922 com_x=-0.097
t=  6.00 max|qacc|=      14.0 max|qvel|=   0.87 ncon=  0 com_z=0.934 com_x=-0.149
t=  6.50 max|qacc|=       4.0 max|qvel|=   1.50 ncon=  0 com_z=0.924 com_x=-0.137
t=  7.00 max|qacc|=      15.4 max|qvel|=   1.45 ncon=  0 com_z=0.921 com_x=-0.108
t=  7.50 max|qacc|=       5.9 max|qvel|=   0.51 ncon=  0 com_z=0.935 com_x=-0.156
t=  8.00 max|qacc|=       5.4 max|qvel|=   1.10 ncon=  0 com_z=0.922 com_x=-0.120
t=  8.50 max|qacc|=       5.2 max|qvel|=   1.89 ncon=  0 com_z=0.923 com_x=-0.122
t=  9.00 max|qacc|=       4.6 max|qvel|=   0.75 ncon=  0 com_z=0.931 com_x=-0.152
t=  9.50 max|qacc|=       7.5 max|qvel|=   0.45 ncon=  0 com_z=0.921 com_x=-0.112
t= 10.00 max|qacc|=       4.9 max|qvel|=   0.77 ncon=  0 com_z=0.927 com_x=-0.136
t= 10.50 max|qacc|=       5.4 max|qvel|=   1.23 ncon=  0 com_z=0.926 com_x=-0.141
t= 11.00 max|qacc|=       4.1 max|qvel|=   0.63 ncon=  0 com_z=0.921 com_x=-0.114
t= 11.50 max|qacc|=       3.3 max|qvel|=   0.28 ncon=  0 com_z=0.929 com_x=-0.144
t= 12.00 max|qacc|=       2.6 max|qvel|=   1.04 ncon=  0 com_z=0.923 com_x=-0.130
t= 12.50 max|qacc|=       1.4 max|qvel|=   0.89 ncon=  0 com_z=0.922 com_x=-0.121
t= 13.00 max|qacc|=       2.7 max|qvel|=   0.15 ncon=  0 com_z=0.929 com_x=-0.145
t= 13.50 max|qacc|=       4.1 max|qvel|=   0.43 ncon=  0 com_z=0.922 com_x=-0.122
t= 14.00 max|qacc|=       1.6 max|qvel|=   0.63 ncon=  0 com_z=0.924 com_x=-0.130
t= 14.50 max|qacc|=       3.5 max|qvel|=   0.47 ncon=  0 com_z=0.926 com_x=-0.140
t= 15.00 max|qacc|=       3.0 max|qvel|=   0.18 ncon=  0 com_z=0.922 com_x=-0.121
t= 15.50 max|qacc|=       1.3 max|qvel|=   0.37 ncon=  0 com_z=0.926 com_x=-0.137
t= 16.00 max|qacc|=       1.2 max|qvel|=   0.69 ncon=  0 com_z=0.925 com_x=-0.135
t= 16.50 max|qacc|=       1.7 max|qvel|=   0.25 ncon=  0 com_z=0.923 com_x=-0.126
t= 17.00 max|qacc|=      15.2 max|qvel|=   0.37 ncon=  0 com_z=0.929 com_x=-0.144
t= 17.50 max|qacc|=       7.8 max|qvel|=   0.55 ncon=  0 com_z=0.926 com_x=-0.139
t= 18.00 max|qacc|=       8.5 max|qvel|=   0.62 ncon=  0 com_z=0.926 com_x=-0.136
t= 18.50 max|qacc|=      13.3 max|qvel|=   0.32 ncon=  0 com_z=0.929 com_x=-0.145
t= 19.00 max|qacc|=       7.4 max|qvel|=   0.37 ncon=  0 com_z=0.925 com_x=-0.136
t= 19.50 max|qacc|=      11.9 max|qvel|=   0.43 ncon=  0 com_z=0.927 com_x=-0.139
t= 20.00 max|qacc|=       9.0 max|qvel|=   0.43 ncon=  0 com_z=0.928 com_x=-0.143
t= 20.50 max|qacc|=      15.1 max|qvel|=   0.40 ncon=  0 com_z=0.925 com_x=-0.136
t= 21.00 max|qacc|=      11.5 max|qvel|=   0.38 ncon=  0 com_z=0.928 com_x=-0.142
t= 21.50 max|qacc|=       4.9 max|qvel|=   0.61 ncon=  0 com_z=0.927 com_x=-0.140
t= 22.00 max|qacc|=      17.5 max|qvel|=   0.31 ncon=  0 com_z=0.926 com_x=-0.137
t= 22.50 max|qacc|=       9.7 max|qvel|=   0.63 ncon=  0 com_z=0.928 com_x=-0.142
t= 23.00 max|qacc|=      14.8 max|qvel|=   0.51 ncon=  0 com_z=0.926 com_x=-0.138
t= 23.50 max|qacc|=      25.6 max|qvel|=   0.59 ncon=  0 com_z=0.926 com_x=-0.139
t= 24.00 max|qacc|=      12.9 max|qvel|=   0.72 ncon=  0 com_z=0.927 com_x=-0.142
t= 24.50 max|qacc|=      23.3 max|qvel|=   0.19 ncon=  0 com_z=0.926 com_x=-0.138
t= 25.00 max|qacc|=      19.0 max|qvel|=   0.80 ncon=  0 com_z=0.927 com_x=-0.140
t= 25.50 max|qacc|=      28.9 max|qvel|=   0.78 ncon=  0 com_z=0.927 com_x=-0.140
t= 26.00 max|qacc|=      21.5 max|qvel|=   0.69 ncon=  0 com_z=0.926 com_x=-0.138
t= 26.50 max|qacc|=      10.7 max|qvel|=   1.12 ncon=  0 com_z=0.927 com_x=-0.141
t= 27.00 max|qacc|=      31.3 max|qvel|=   0.43 ncon=  0 com_z=0.926 com_x=-0.139
t= 27.50 max|qacc|=      16.1 max|qvel|=   1.14 ncon=  0 com_z=0.926 com_x=-0.139
t= 28.00 max|qacc|=      27.1 max|qvel|=   0.80 ncon=  0 com_z=0.927 com_x=-0.141
t= 28.50 max|qacc|=      43.7 max|qvel|=   1.02 ncon=  0 com_z=0.926 com_x=-0.139
t= 29.00 max|qacc|=      25.9 max|qvel|=   1.21 ncon=  0 com_z=0.927 com_x=-0.140
t= 29.50 max|qacc|=      38.8 max|qvel|=   0.31 ncon=  0 com_z=0.927 com_x=-0.140
t= 30.00 max|qacc|=      18.8 max|qvel|=   1.44 ncon=  0 com_z=0.926 com_x=-0.138
t= 30.50 max|qacc|=      47.0 max|qvel|=   1.08 ncon=  0 com_z=0.927 com_x=-0.140

== summary ==
pelvis/COM height: start 0.94 m, min 0.92 m, final 0.93 m  (stayed up)
COM x: min -0.16 max -0.09 final -0.14 m
COM y: min -0.017 max +0.006 m
RG_F_r bursts during walk window: 0
peak ctrl: [0.   0.01 0.01 0.35 0.   0.   0.28 0.   0.   0.   0.   0.01 0.02 0.26
 0.   0.01 0.25 0.   0.   0.  ] (('vas_lat_r', 'med_gas_r', 'soleus_r', 'tib_ant_r', 'psoas_r', 'semimem_r', 'glut_max2_r', 'rect_fem_r', 'sar_r', 'grac_r', 'vas_lat_l', 'med_gas_l', 'soleus_l', 'tib_ant_l', 'psoas_l', 'semimem_l', 'glut_max2_l', 'rect_fem_l', 'sar_l', 'grac_l'))
  hip_flexion_r        -15.1 ..    25.5 deg
  knee_angle_r         -54.3 ..    11.5 deg
  ankle_angle_r        -11.2 ..    32.0 deg
  hip_adduction_r       -4.3 ..     4.0 deg
  subtalar_angle_r      -0.1 ..    11.7 deg
  hip_flexion_l        -16.6 ..    15.0 deg
  knee_angle_l         -38.4 ..    12.1 deg
  ankle_angle_l         -3.0 ..    27.9 deg
  hip_adduction_l      -10.8 ..     6.1 deg
  subtalar_angle_l      -4.3 ..     9.2 deg
  pelvis_tilt           -1.9 ..    -0.4 deg
  pelvis_list           -0.5 ..    -0.3 deg
  pelvis_rotation        2.3 ..     2.5 deg
saved spinal_run.npz
saved spinal_run.png
== pruned air best -7.783 (trial 5)
