scone_logs/AB4_osim_hfd4translated
version=1
nRows=197
nColumns=487
inDegrees=no
endheader
time	pelvis_tilt	pelvis_tx	pelvis_ty	hip_flexion_r	knee_angle_r	ankle_angle_r	hip_flexion_l	knee_angle_l	ankle_angle_l	pelvis_tilt_u	pelvis_tx_u	pelvis_ty_u	hip_flexion_r_u	knee_angle_r_u	ankle_angle_r_u	hip_flexion_l_u	knee_angle_l_u	ankle_angle_l_u	hamstrings_r.activation	hamstrings_r.fiber_length	bifemsh_r.activation	bifemsh_r.fiber_length	glut_max_r.activation	glut_max_r.fiber_length	iliopsoas_r.activation	iliopsoas_r.fiber_length	rect_fem_r.activation	rect_fem_r.fiber_length	vasti_r.activation	vasti_r.fiber_length	gastroc_r.activation	gastroc_r.fiber_length	soleus_r.activation	soleus_r.fiber_length	tib_ant_r.activation	tib_ant_r.fiber_length	hamstrings_l.activation	hamstrings_l.fiber_length	bifemsh_l.activation	bifemsh_l.fiber_length	glut_max_l.activation	glut_max_l.fiber_length	iliopsoas_l.activation	iliopsoas_l.fiber_length	rect_fem_l.activation	rect_fem_l.fiber_length	vasti_l.activation	vasti_l.fiber_length	gastroc_l.activation	gastroc_l.fiber_length	soleus_l.activation	soleus_l.fiber_length	tib_ant_l.activation	tib_ant_l.fiber_length	hamstrings_r.input	hamstrings_r.excitation	hamstrings_r.fiber_length_norm	hamstrings_r.fiber_velocity_norm	hamstrings_r.tendon_length_norm	hamstrings_r.mtu_force_norm	bifemsh_r.input	bifemsh_r.excitation	bifemsh_r.fiber_length_norm	bifemsh_r.fiber_velocity_norm	bifemsh_r.tendon_length_norm	bifemsh_r.mtu_force_norm	glut_max_r.input	glut_max_r.excitation	glut_max_r.fiber_length_norm	glut_max_r.fiber_velocity_norm	glut_max_r.tendon_length_norm	glut_max_r.mtu_force_norm	iliopsoas_r.input	iliopsoas_r.excitation	iliopsoas_r.fiber_length_norm	iliopsoas_r.fiber_velocity_norm	iliopsoas_r.tendon_length_norm	iliopsoas_r.mtu_force_norm	rect_fem_r.input	rect_fem_r.excitation	rect_fem_r.fiber_length_norm	rect_fem_r.fiber_velocity_norm	rect_fem_r.tendon_length_norm	rect_fem_r.mtu_force_norm	vasti_r.input	vasti_r.excitation	vasti_r.fiber_length_norm	vasti_r.fiber_velocity_norm	vasti_r.tendon_length_norm	vasti_r.mtu_force_norm	gastroc_r.input	gastroc_r.excitation	gastroc_r.fiber_length_norm	gastroc_r.fiber_velocity_norm	gastroc_r.tendon_length_norm	gastroc_r.mtu_force_norm	soleus_r.input	soleus_r.excitation	soleus_r.fiber_length_norm	soleus_r.fiber_velocity_norm	soleus_r.tendon_length_norm	soleus_r.mtu_force_norm	tib_ant_r.input	tib_ant_r.excitation	tib_ant_r.fiber_length_norm	tib_ant_r.fiber_velocity_norm	tib_ant_r.tendon_length_norm	tib_ant_r.mtu_force_norm	hamstrings_l.input	hamstrings_l.excitation	hamstrings_l.fiber_length_norm	hamstrings_l.fiber_velocity_norm	hamstrings_l.tendon_length_norm	hamstrings_l.mtu_force_norm	bifemsh_l.input	bifemsh_l.excitation	bifemsh_l.fiber_length_norm	bifemsh_l.fiber_velocity_norm	bifemsh_l.tendon_length_norm	bifemsh_l.mtu_force_norm	glut_max_l.input	glut_max_l.excitation	glut_max_l.fiber_length_norm	glut_max_l.fiber_velocity_norm	glut_max_l.tendon_length_norm	glut_max_l.mtu_force_norm	iliopsoas_l.input	iliopsoas_l.excitation	iliopsoas_l.fiber_length_norm	iliopsoas_l.fiber_velocity_norm	iliopsoas_l.tendon_length_norm	iliopsoas_l.mtu_force_norm	rect_fem_l.input	rect_fem_l.excitation	rect_fem_l.fiber_length_norm	rect_fem_l.fiber_velocity_norm	rect_fem_l.tendon_length_norm	rect_fem_l.mtu_force_norm	vasti_l.input	vasti_l.excitation	vasti_l.fiber_length_norm	vasti_l.fiber_velocity_norm	vasti_l.tendon_length_norm	vasti_l.mtu_force_norm	gastroc_l.input	gastroc_l.excitation	gastroc_l.fiber_length_norm	gastroc_l.fiber_velocity_norm	gastroc_l.tendon_length_norm	gastroc_l.mtu_force_norm	soleus_l.input	soleus_l.excitation	soleus_l.fiber_length_norm	soleus_l.fiber_velocity_norm	soleus_l.tendon_length_norm	soleus_l.mtu_force_norm	tib_ant_l.input	tib_ant_l.excitation	tib_ant_l.fiber_length_norm	tib_ant_l.fiber_velocity_norm	tib_ant_l.tendon_length_norm	tib_ant_l.mtu_force_norm	ground.pos_x	ground.pos_y	ground.pos_z	ground.lin_vel_x	ground.lin_vel_y	ground.lin_vel_z	ground.com_pos_x	ground.com_pos_y	ground.com_pos_z	ground.com_lin_vel_x	ground.com_lin_vel_y	ground.com_lin_vel_z	ground.ori_x	ground.ori_y	ground.ori_z	ground.ang_vel_x	ground.ang_vel_y	ground.ang_vel_z	pelvis.pos_x	pelvis.pos_y	pelvis.pos_z	pelvis.lin_vel_x	pelvis.lin_vel_y	pelvis.lin_vel_z	pelvis.com_pos_x	pelvis.com_pos_y	pelvis.com_pos_z	pelvis.com_lin_vel_x	pelvis.com_lin_vel_y	pelvis.com_lin_vel_z	pelvis.ori_x	pelvis.ori_y	pelvis.ori_z	pelvis.ang_vel_x	pelvis.ang_vel_y	pelvis.ang_vel_z	femur_r.pos_x	femur_r.pos_y	femur_r.pos_z	femur_r.lin_vel_x	femur_r.lin_vel_y	femur_r.lin_vel_z	femur_r.com_pos_x	femur_r.com_pos_y	femur_r.com_pos_z	femur_r.com_lin_vel_x	femur_r.com_lin_vel_y	femur_r.com_lin_vel_z	femur_r.ori_x	femur_r.ori_y	femur_r.ori_z	femur_r.ang_vel_x	femur_r.ang_vel_y	femur_r.ang_vel_z	tibia_r.pos_x	tibia_r.pos_y	tibia_r.pos_z	tibia_r.lin_vel_x	tibia_r.lin_vel_y	tibia_r.lin_vel_z	tibia_r.com_pos_x	tibia_r.com_pos_y	tibia_r.com_pos_z	tibia_r.com_lin_vel_x	tibia_r.com_lin_vel_y	tibia_r.com_lin_vel_z	tibia_r.ori_x	tibia_r.ori_y	tibia_r.ori_z	tibia_r.ang_vel_x	tibia_r.ang_vel_y	tibia_r.ang_vel_z	calcn_r.pos_x	calcn_r.pos_y	calcn_r.pos_z	calcn_r.lin_vel_x	calcn_r.lin_vel_y	calcn_r.lin_vel_z	calcn_r.com_pos_x	calcn_r.com_pos_y	calcn_r.com_pos_z	calcn_r.com_lin_vel_x	calcn_r.com_lin_vel_y	calcn_r.com_lin_vel_z	calcn_r.ori_x	calcn_r.ori_y	calcn_r.ori_z	calcn_r.ang_vel_x	calcn_r.ang_vel_y	calcn_r.ang_vel_z	femur_l.pos_x	femur_l.pos_y	femur_l.pos_z	femur_l.lin_vel_x	femur_l.lin_vel_y	femur_l.lin_vel_z	femur_l.com_pos_x	femur_l.com_pos_y	femur_l.com_pos_z	femur_l.com_lin_vel_x	femur_l.com_lin_vel_y	femur_l.com_lin_vel_z	femur_l.ori_x	femur_l.ori_y	femur_l.ori_z	femur_l.ang_vel_x	femur_l.ang_vel_y	femur_l.ang_vel_z	tibia_l.pos_x	tibia_l.pos_y	tibia_l.pos_z	tibia_l.lin_vel_x	tibia_l.lin_vel_y	tibia_l.lin_vel_z	tibia_l.com_pos_x	tibia_l.com_pos_y	tibia_l.com_pos_z	tibia_l.com_lin_vel_x	tibia_l.com_lin_vel_y	tibia_l.com_lin_vel_z	tibia_l.ori_x	tibia_l.ori_y	tibia_l.ori_z	tibia_l.ang_vel_x	tibia_l.ang_vel_y	tibia_l.ang_vel_z	calcn_l.pos_x	calcn_l.pos_y	calcn_l.pos_z	calcn_l.lin_vel_x	calcn_l.lin_vel_y	calcn_l.lin_vel_z	calcn_l.com_pos_x	calcn_l.com_pos_y	calcn_l.com_pos_z	calcn_l.com_lin_vel_x	calcn_l.com_lin_vel_y	calcn_l.com_lin_vel_z	calcn_l.ori_x	calcn_l.ori_y	calcn_l.ori_z	calcn_l.ang_vel_x	calcn_l.ang_vel_y	calcn_l.ang_vel_z	torso.pos_x	torso.pos_y	torso.pos_z	torso.lin_vel_x	torso.lin_vel_y	torso.lin_vel_z	torso.com_pos_x	torso.com_pos_y	torso.com_pos_z	torso.com_lin_vel_x	torso.com_lin_vel_y	torso.com_lin_vel_z	torso.ori_x	torso.ori_y	torso.ori_z	torso.ang_vel_x	torso.ang_vel_y	torso.ang_vel_z	ground_pelvis.load	hip_r.load	knee_r.load	ankle_r.load	hip_l.load	knee_l.load	ankle_l.load	back.load	leg0_l.state	leg1_r.state	leg0_l.sag_pos	leg0_l.sag_pos_norm	leg1_r.sag_pos	leg1_r.sag_pos_norm	tib_ant_l.RL	tib_ant_l.RF	soleus_l.RL	soleus_l.RF	gastroc_l.RL	gastroc_l.RF	tib_ant_l-soleus_l.RL	tib_ant_l-soleus_l.RF	tib_ant_l-gastroc_l.RL	tib_ant_l-gastroc_l.RF	soleus_l-tib_ant_l.RF	gastroc_l-tib_ant_l.RF	tib_ant_r.RL	tib_ant_r.RF	soleus_r.RL	soleus_r.RF	gastroc_r.RL	gastroc_r.RF	tib_ant_r-soleus_r.RL	tib_ant_r-soleus_r.RF	tib_ant_r-gastroc_r.RL	tib_ant_r-gastroc_r.RF	soleus_r-tib_ant_r.RF	gastroc_r-tib_ant_r.RF	vasti_r.RL	vasti_r.RF	iliopsoas_r.RL	rect_fem_r.RL	hamstrings_r.RL	bifemsh_r.RF	glut_max_r.RL	hamstrings_r-pelvis_tilt.RDP	hamstrings_r-pelvis_tilt.RDV	glut_max_r-pelvis_tilt.RDP	rect_fem_r-pelvis_tilt.RDP	rect_fem_r-pelvis_tilt.RDV	iliopsoas_l.RL	rect_fem_l.RL	iliopsoas_l-pelvis_tilt.RDP	iliopsoas_l-pelvis_tilt.RDV	iliopsoas_l-hamstrings_l.RL	hamstrings_l.RL	bifemsh_l.RF	glut_max_l.RL	step_length	step_velocity	Effort.effort	Effort.hamstrings_r.effort	Effort.bifemsh_r.effort	Effort.glut_max_r.effort	Effort.iliopsoas_r.effort	Effort.rect_fem_r.effort	Effort.vasti_r.effort	Effort.gastroc_r.effort	Effort.soleus_r.effort	Effort.tib_ant_r.effort	Effort.hamstrings_l.effort	Effort.bifemsh_l.effort	Effort.glut_max_l.effort	Effort.iliopsoas_l.effort	Effort.rect_fem_l.effort	Effort.vasti_l.effort	Effort.gastroc_l.effort	Effort.soleus_l.effort	Effort.tib_ant_l.effort	MuscleActivation.effort	ankle_angle_l.position_penalty	ankle_angle_r.position_penalty	knee_angle_l.limit_torque_penalty	knee_angle_r.limit_torque_penalty	GRF.load_penalty	leg0_l.LD	leg1_r.LD	tib_ant_l.F	tib_ant_l.L	soleus_l.F	soleus_l.L	gastroc_l.F	gastroc_l.L	tib_ant_r.F	tib_ant_r.L	soleus_r.F	soleus_r.L	gastroc_r.F	gastroc_r.L	vasti_l.F	vasti_l.L	iliopsoas_l.L	rect_fem_l.L	hamstrings_l.L	bifemsh_l.F	glut_max_l.L	pelvis_tilt.DP	pelvis_tilt.DV	pelvis_tilt.DA	vasti_r.F	vasti_r.L	iliopsoas_r.L	rect_fem_r.L	hamstrings_r.L	bifemsh_r.F	glut_max_r.L	com_x	com_y	com_z	com_x_u	com_y_u	com_z_u	lin_mom_x	lin_mom_y	lin_mom_z	ang_mom_x	ang_mom_y	ang_mom_z	leg0_l.grf_norm_x	leg0_l.grf_norm_y	leg0_l.grf_norm_z	leg0_l.grf_x	leg0_l.grf_y	leg0_l.grf_z	leg0_l.grm_x	leg0_l.grm_y	leg0_l.grm_z	leg0_l.cop_x	leg0_l.cop_y	leg0_l.cop_z	leg1_r.grf_norm_x	leg1_r.grf_norm_y	leg1_r.grf_norm_z	leg1_r.grf_x	leg1_r.grf_y	leg1_r.grf_z	leg1_r.grm_x	leg1_r.grm_y	leg1_r.grm_z	leg1_r.cop_x	leg1_r.cop_y	leg1_r.cop_z	vasti_l.RL	vasti_l.RF	hamstrings_l-pelvis_tilt.RDP	hamstrings_l-pelvis_tilt.RDV	glut_max_l-pelvis_tilt.RDP	rect_fem_l-pelvis_tilt.RDP	rect_fem_l-pelvis_tilt.RDV	iliopsoas_r-pelvis_tilt.RDP	iliopsoas_r-pelvis_tilt.RDV	iliopsoas_r-hamstrings_r.RL
0	-0.105763	0	0.907268	0.439316	-0.393922	0.104714	0.198813	-1.03755	-0.348473	-0.0895989	1.0757	0.1543	-1.35971	0.267883	0.840122	3.34368	-3.15281	1.26642	0.240212	0.0967054	0.0113167	0.125046	0.01	0.134514	0.0406541	0.0980479	0.0505144	0.058758	0.271998	0.0731832	0.24069	0.0557956	0.223325	0.0475122	0.0749886	0.0553323	0.01	0.0661964	0.0115286	0.104099	0.01	0.123759	0.383412	0.104693	0.01	0.0959645	0.01	0.102915	0.01	0.0306526	0.01	0.0340416	0.371592	0.0708095	0.240212	0.240212	0.990834	1.25985e-12	0.0186439	0.23521	0.0113167	0.0113167	1.13369	5.72513e-07	0.00477948	0.035135	-0.101855	0.01	0.857325	1.98097e-07	0.00211942	0.00828517	0.0406541	0.0406541	0.919774	1.91085e-07	0.00504564	0.0381185	0.0505144	0.0505144	0.77415	1.19142e-07	0.00527552	0.040722	0.271998	0.271998	0.736991	1.26839e-12	0.0177914	0.220004	0.24069	0.24069	1.09403	2.49411e-12	0.0191562	0.244722	0.223325	0.223325	1.07982	1.05459e-12	0.0170721	0.20778	0.0749886	0.0749886	0.810136	1.89617e-09	0.00729268	0.0645363	-0.127778	0.01	0.678242	1.33935e-12	0.00193978	0.00684343	0.0115286	0.0115286	0.943777	1.28537e-08	0.00244974	0.0111374	-0.0516008	0.01	0.788778	4.14071e-07	0.00203363	0.00758581	0.383412	0.383412	0.982108	2.2878e-11	0.0252413	0.37106	-0.040628	0.01	1.26435	3.67416e-09	0.00984033	0.0974779	0	0.01	1.0364	3.76098e-09	0.00273102	0.0137297	-0.0919202	0.01	0.601032	5.51104e-10	0.00159524	0.00435749	-0.0787705	0.01	0.773672	2.04631e-12	0.00192105	0.0066983	0.371592	0.371592	1.03674	1.01641e-10	0.0251992	0.370135	0	0	0	0	0	0	0	0	0	0	0	0	0	0	0	0	0	0	0	0.907268	0	1.0757	0.1543	0	-0.0703049	0.914732	0	1.07637	0.160599	0	0	0	-0.105763	0	0	-0.0895989	-0.0772829	0.849001	0.0835	1.07048	0.161224	0	-0.0216245	0.688371	0.0835	0.837676	0.0805583	0	0	0	0.333553	0	0	-1.44931	0.0523684	0.474827	0.0835	0.528185	-0.0266803	0	0.0411044	0.288467	0.0835	0.308015	-0.0133727	0	0	0	-0.060369	0	0	-1.18143	-0.0204369	0.00153918	0.09142	0.00605569	0.0199636	0	0.0781349	0.0359427	0.09142	0.0177978	-0.0136793	0	0	0	0.044345	0	0	-0.341304	-0.0772829	0.849001	-0.0835	1.07048	0.161224	0	-0.0614872	0.679737	-0.0835	1.62128	0.212625	0	0	0	0.09305	0	0	3.25408	-0.0404882	0.454714	-0.0835	2.35352	0.280957	0	-0.191753	0.34528	-0.0835	2.3646	0.265638	0	0	0	-0.9445	0	0	0.101271	-0.442593	0.238065	-0.09142	2.33064	0.172207	0	-0.386317	0.150128	-0.09142	2.45091	0.249175	0	0	0	-1.29297	0	0	1.36769	-0.0915337	0.998943	0	1.08391	0.162501	0	-0.087585	1.32032	0	1.11271	0.162148	0	0	0	-0.105763	0	0	-0.0895989	2.20828e-16	2.21971	4.34978	3.38195	0.870891	0.147959	0.623176	0.558023	3	0	-0.316012	-0.363012	0.14844	0.170517	0.363877	0.031127	-0.0636607	0.0287944	-0.0651102	0.0161443	0.0125275	-0.030206	0.00807563	-0.0138093	-0.0439043	-0.0429542	0.179549	0.021022	0.196848	0.0561283	0.203679	0.0660209	-0.00683518	-0.0588799	-0.00339524	-0.0564721	-0.0296513	-0.0290096	0.238053	0.0339441	0.0406541	0.0536401	0.219064	0.0113167	-0.102589	0.000932643	0.0202155	0.000734116	-0.000846413	-0.00227935	0.325094	-0.040628	0.00130931	0.025611	0.0313974	-0.127778	0.0115286	-0.0516008	0	0	0	0	0	0	0	0	0	0	0	0	0	0	0	0	0	0	0	0	0	0	0	0	0	0	0	0	1.01978	0.0641271	1.09979	0.0327657	0.761946	0.0196262	0.58852	0.0433091	0.816372	0.0638694	1.12989	0.0802602	1.173	0.0527099	1.03198	1.00875	1.25705	0.669984	0.048202	0.786917	-0.105763	-0.0895989	702.56	0.0411872	0.75237	0.918728	0.774305	1.03065	0.0693719	0.855281	-0.0743768	0.956425	1.86201e-19	1.16244	0.152948	0	86.6381	11.3994	0	0.218985	-1.52331	1.38668	-0	-0	-0	-0	-0	-0	0	0	0	0	0	0	-0.0318242	1.01928	-0	-23.2604	744.998	-0	-65.2149	-2.03615	23.5866	0.0316599	-1.12479e-16	0.0875371	0	0	0	0	0	0	0	0	0	0
0.01	-0.107322	0.0104207	0.90877	0.428895	-0.391783	0.0840065	0.233275	-1.07039	-0.2564	-0.213791	1.01176	0.148769	-0.713092	-0.393355	-0.11655	3.62821	-3.06704	7.27092	0.240212	0.0965908	0.0113167	0.125121	0.01	0.134101	0.0406541	0.098375	0.0505144	0.0588978	0.271998	0.0731134	0.24069	0.0557026	0.223325	0.04738	0.0749886	0.0559038	0.01	0.0669099	0.0115286	0.103336	0.01	0.125229	0.383412	0.104259	0.01	0.0958169	0.01	0.104016	0.01	0.0321517	0.01	0.0361961	0.371592	0.0701509	0.240212	0.240212	0.98966	-0.215731	0.0170926	0.208121	0.0113167	0.0113167	1.13437	-0.0825958	0.00468458	0.0340796	-0.101855	0.01	0.854693	-0.211794	0.00175955	0.00549205	0.0406541	0.0406541	0.922843	0.319994	0.00576962	0.0463967	0.0505144	0.0505144	0.775993	0.381723	0.00612274	0.0505154	0.271998	0.271998	0.736288	-0.0292889	0.0175769	0.216302	0.24069	0.24069	1.09221	-0.276945	0.0172716	0.211118	0.223325	0.223325	1.07682	-0.430196	0.0143179	0.164199	0.0749886	0.0749886	0.818503	0.682671	0.00888214	0.0846351	-0.127778	0.01	0.685553	1.17924	0.00336535	0.0199746	0.0115286	0.0115286	0.936865	-0.776023	-0.000899868	0	-0.0516008	0.01	0.798146	1.05488	0.00324626	0.0187676	0.383412	0.383412	0.978039	-0.776655	0.0191928	0.24541	-0.040628	0.01	1.26241	-0.365956	0.00936583	0.0910421	0	0.01	1.04749	1.21995	0.00435609	0.0304631	-0.0919202	0.01	0.630426	5.5457	0.00696529	0.0605531	-0.0787705	0.01	0.822638	7.41861	0.0077824	0.0705877	0.371592	0.371592	1.0271	-2.29994	0.0121094	0.130292	0	0	0	0	0	0	0	0	0	0	0	0	0	0	0	0	0	0	0.0104207	0.90877	0	1.01176	0.148769	0	-0.0598725	0.916343	0	1.01338	0.163797	0	0	0	-0.107322	0	0	-0.213791	-0.0669529	0.850624	0.0835	0.999328	0.165311	0	-0.0132228	0.689338	0.0835	0.849835	0.115509	0	0	0	0.321573	0	0	-0.926883	0.0582067	0.474923	0.0835	0.651098	0.0493025	0	0.0451092	0.288683	0.0835	0.405217	0.0665942	0	0	0	-0.0702099	0	0	-1.32024	-0.0201454	0.00336339	0.09142	0.0235601	0.158362	0	0.0794312	0.0347401	0.09142	0.0686418	0.0152915	0	0	0	0.0137966	0	0	-1.43679	-0.0669529	0.850624	-0.0835	0.999328	0.165311	0	-0.0455973	0.68197	-0.0835	1.57518	0.238228	0	0	0	0.125954	0	0	3.41442	-0.017207	0.457761	-0.0835	2.34073	0.335164	0	-0.168465	0.348317	-0.0835	2.37875	0.28262	0	0	0	-0.944436	0	0	0.347381	-0.422324	0.235997	-0.09142	2.19744	-0.218161	0	-0.358196	0.15361	-0.09142	2.82509	0.270386	0	0	0	-1.20084	0	0	7.6183	-0.08097	1.00059	0	1.03139	0.168307	0	-0.0765204	1.32196	0	1.1001	0.167356	0	0	0	-0.107322	0	0	-0.213791	3.88857e-17	1.77137	3.72661	2.64467	0.865633	0.549587	0.871498	0.518674	3	0	-0.307655	-0.353411	0.143957	0.165368	0.363877	0.031127	-0.0636607	0.0287944	-0.0651102	0.0161443	0.0125275	-0.030206	0.00807563	-0.0138093	-0.0439043	-0.0429542	0.179549	0.021022	0.196848	0.0561283	0.203679	0.0660209	-0.00683518	-0.0588799	-0.00339524	-0.0564721	-0.0296513	-0.0290096	0.238053	0.0339441	0.0406541	0.0536401	0.219064	0.0113167	-0.102589	0.000932643	0.0202155	0.000734116	-0.000846413	-0.00227935	0.325094	-0.040628	0.00130931	0.025611	0.0313974	-0.127778	0.0115286	-0.0516008	0	0	466.147	46.1215	0.455787	1.68636	3.65003	1.58181	59.311	20.8376	30.7725	3.05596	0.778539	0.913444	1.02355	110.844	1.16289	1.62934	0.335754	0.533553	68.9112	0.167366	0	0	0	0	0	0	1.10895	0.130292	1.0271	0.0705877	0.822638	0.0605531	0.630426	0.0846351	0.818503	0.164199	1.07682	0.211118	1.09221	0.0304631	1.04749	0.978039	1.26241	0.685553	0	0.798146	-0.107322	-0.213791	-10.0149	0.216302	0.736288	0.922843	0.775993	0.98966	0.0340796	0.854693	-0.0627631	0.958031	-3.72401e-19	1.15512	0.169067	0	86.0929	12.6008	0	0.191339	-1.4893	2.10721	-0	-0	-0	-0	-0	-0	0	0	0	0	0	0	-0.107657	1.10371	-0	-78.6867	806.706	-0	-71.7674	-7.00025	65.0384	0.0806222	-2.86428e-16	0.0889635	0	0	0	0	0	0	0	0	0	0
0.02	-0.109829	0.0203274	0.910261	0.423192	-0.3973	0.0850264	0.270998	-1.09772	-0.2291	-0.273863	0.976165	0.147788	-0.516023	-0.576963	0.1844	3.82153	-2.47587	2.03222	0.240212	0.0963156	0.0113167	0.124964	0.01	0.133843	0.0435753	0.0986209	0.0505144	0.0592989	0.271998	0.0731969	0.24069	0.0555664	0.223325	0.0472228	0.0749886	0.0561223	0.01	0.0683103	0.0115286	0.102482	0.01	0.126945	0.380058	0.10316	0.01	0.0953602	0.01	0.105091	0.01	0.0340234	0.01	0.0379965	0.371592	0.0686294	0.240212	0.240212	0.986841	-0.337103	0.0162153	0.193836	0.0113167	0.0113167	1.13294	-0.160312	0.00454726	0.0325606	-0.101509	0.01	0.853047	-0.142448	0.00187924	0.00637806	0.0456671	0.0456671	0.925149	0.156907	0.00570539	0.0456531	0.0505144	0.0505144	0.781276	0.61418	0.00647526	0.0546788	0.271998	0.271998	0.737128	0.178018	0.0189192	0.240287	0.24069	0.24069	1.08954	-0.253467	0.0174335	0.213856	0.223325	0.223325	1.07325	-0.282788	0.0151898	0.177713	0.0749886	0.0749886	0.821702	0.122371	0.00776737	0.0704002	-0.127778	0.01	0.699901	1.62664	0.00383061	0.024811	0.0115286	0.0115286	0.929122	-0.77248	-0.00123692	0	-0.0460153	0.01	0.809085	1.10652	0.00331125	0.0194246	0.356035	0.356035	0.96773	-1.21516	0.016664	0.201066	-0.040628	0.01	1.25639	-0.805657	0.0085913	0.0808532	0	0.01	1.05832	0.96817	0.00430768	0.0299352	-0.0919202	0.01	0.667125	1.898	0.00400751	0.0266936	-0.0787705	0.01	0.863557	1.89429	0.00390762	0.0256279	0.371592	0.371592	1.00482	-1.86994	0.0136524	0.153905	0	0	0	0	0	0	0	0	0	0	0	0	0	0	0	0	0	0	0.0203274	0.910261	0	0.976165	0.147788	0	-0.0499466	0.918011	0	0.978287	0.167033	0	0	0	-0.109829	0	0	-0.273863	-0.0571917	0.852309	0.0835	0.960294	0.169018	0	-0.0047876	0.690588	0.0835	0.832552	0.127624	0	0	0	0.313363	0	0	-0.789886	0.0648791	0.475593	0.0835	0.662731	0.0725955	0	0.0492265	0.289551	0.0835	0.408439	0.0939902	0	0	0	-0.0839367	0	0	-1.36685	-0.0198956	0.00510407	0.09142	0.0273886	0.179485	0	0.0800716	0.035213	0.09142	0.0629909	0.0612788	0	0	0	0.00108963	0	0	-1.18245	-0.0571917	0.852309	-0.0835	0.960294	0.169018	0	-0.0299114	0.684512	-0.0835	1.55558	0.265799	0	0	0	0.161169	0	0	3.54767	0.00635531	0.461441	-0.0835	2.34696	0.394461	0	-0.144035	0.350808	-0.0835	2.46554	0.233273	0	0	0	-0.936551	0	0	1.0718	-0.397795	0.234923	-0.09142	2.53226	-0.156121	0	-0.330808	0.154843	-0.09142	2.78083	0.0518068	0	0	0	-1.16565	0	0	3.10402	-0.0708328	1.00231	0	1.00137	0.172753	0	-0.0655775	1.32367	0	1.08938	0.171314	0	0	0	-0.109829	0	0	-0.273863	4.35434e-17	1.70332	3.77108	2.585	0.660426	0.386361	0.484159	0.445584	3	0	-0.289595	-0.332666	0.134621	0.154643	0.363877	0.031127	-0.0636607	0.0287944	-0.0651102	0.0161443	0.0125275	-0.030206	0.00807563	-0.0138093	-0.0439043	-0.0429542	0.179549	0.021022	0.196848	0.0561283	0.203679	0.0660209	-0.00683518	-0.0588799	-0.00339524	-0.0564721	-0.0296513	-0.0290096	0.238053	0.0339441	0.0456671	0.0536401	0.219064	0.0113167	-0.102243	0.000932643	0.0202155	0.000734116	-0.000846413	-0.00227935	0.297717	-0.040628	0.00130931	0.025611	0.0313974	-0.127778	0.0115286	-0.0460153	0	0	478.674	52.8207	0.572789	1.50459	4.0161	1.58798	55.7612	20.3121	26.6601	3.06289	0.787594	0.906602	1.03187	126.108	2.0328	1.60505	0.346208	0.54948	66.4663	0.165915	0	0	0	0	0	0	0.988597	0.153905	1.00482	0.0256279	0.863557	0.0266936	0.667125	0.0704002	0.821702	0.177713	1.07325	0.213856	1.08954	0.0299352	1.05832	0.96773	1.25639	0.699901	0	0.809085	-0.109829	-0.273863	-2.71179	0.240287	0.737128	0.925149	0.781276	0.986841	0.0325606	0.853047	-0.0512676	0.959748	-3.72401e-19	1.14369	0.172363	0	85.241	12.8464	0	0.149352	-1.50896	2.37418	-0	-0	-0	-0	-0	-0	0	0	0	0	0	0	-0.130609	0.979932	-0	-95.4623	716.235	-0	-63.9601	-8.52483	66.1602	0.0923721	-3.28172e-16	0.0893005	0	0	0	0	0	0	0	0	0	0
0.03	-0.112672	0.0300031	0.911711	0.417574	-0.401876	0.0873123	0.308939	-1.12002	-0.192099	-0.291952	0.960663	0.142472	-0.633938	-0.298257	0.252861	3.77552	-1.96881	4.14663	0.234495	0.0959691	0.0112393	0.124817	0.01	0.133605	0.0503452	0.0987668	0.0506855	0.0597652	0.315406	0.0733311	0.24069	0.0554471	0.223325	0.0471261	0.0749886	0.0561465	0.01	0.0699832	0.0114387	0.101633	0.01	0.128661	0.364734	0.101806	0.01	0.0946567	0.01	0.10596	0.01	0.0350683	0.01	0.0391286	0.371592	0.0673066	0.209692	0.209692	0.98329	-0.370848	0.015684	0.18543	0.00605709	0.01	1.13161	-0.0901469	0.00460478	0.0331957	-0.102587	0.01	0.851529	-0.170518	0.00182888	0.00599956	0.052686	0.052686	0.926517	0.156715	0.00629715	0.0525687	0.0507919	0.0507919	0.787421	0.592814	0.00649199	0.0548776	0.381393	0.381393	0.73848	-0.0311367	0.0195025	0.251298	0.24069	0.24069	1.0872	-0.208944	0.0177417	0.219142	0.223325	0.223325	1.07105	-0.157408	0.0159958	0.190345	0.0749886	0.0749886	0.822058	-0.0381787	0.00722534	0.0637131	-0.123948	0.01	0.717041	1.79773	0.00402237	0.0268528	1.5232e-06	0.01	0.921425	-0.763577	0.000192229	8.06958e-06	-0.0363908	0.01	0.820017	1.08112	0.00330478	0.019359	0.30434	0.30434	0.955027	-1.30261	0.0156632	0.185105	-0.0378216	0.01	1.24712	-1.04983	0.00782267	0.0710906	0	0.01	1.06707	0.768741	0.00426855	0.0295094	-0.0919202	0.01	0.687613	2.51429	0.00463746	0.0335572	-0.0787705	0.01	0.889286	3.33568	0.00509342	0.0386576	0.371592	0.371592	0.985456	-2.13823	0.0125879	0.13755	0	0	0	0	0	0	0	0	0	0	0	0	0	0	0	0	0	0	0.0300031	0.911711	0	0.960663	0.142472	0	-0.0402486	0.91966	0	0.962984	0.162982	0	0	0	-0.112672	0	0	-0.291952	-0.0476805	0.853979	0.0835	0.943808	0.165152	0	0.00335336	0.69182	0.0835	0.793667	0.1179	0	0	0	0.304901	0	0	-0.92589	0.0711984	0.476244	0.0835	0.594067	0.0550833	0	0.0531216	0.290421	0.0835	0.366593	0.077212	0	0	0	-0.0969747	0	0	-1.22415	-0.0196085	0.00678737	0.09142	0.0298716	0.15381	0	0.0806767	0.0358197	0.09142	0.0580704	0.0564047	0	0	0	-0.00966241	0	0	-0.971286	-0.0476805	0.853979	-0.0835	0.943808	0.165152	0	-0.014529	0.687243	-0.0835	1.52464	0.280637	0	0	0	0.196266	0	0	3.48356	0.029543	0.465582	-0.0835	2.29682	0.434165	0	-0.11942	0.353034	-0.0835	2.4673	0.208523	0	0	0	-0.923756	0	0	1.51476	-0.372655	0.231742	-0.09142	2.5458	-0.420187	0	-0.301765	0.155096	-0.09142	2.97972	-0.018854	0	0	0	-1.11586	0	0	5.66138	-0.060895	1.00402	0	0.987612	0.16901	0	-0.0547259	1.32536	0	1.08143	0.167209	0	0	0	-0.112672	0	0	-0.291952	2.17378e-17	1.65568	3.78034	2.589	0.635804	0.415881	0.564746	0.444042	3	0	-0.271458	-0.311831	0.12546	0.144119	0.363877	0.031127	-0.0636607	0.0287944	-0.0651102	0.0161443	0.0125275	-0.030206	0.00807563	-0.0138093	-0.0439043	-0.0429542	0.179549	0.021022	0.196848	0.0561283	0.203679	0.0660209	-0.00683518	-0.0588799	-0.00339524	-0.0564721	-0.0296513	-0.0290096	0.210782	0.17061	0.052686	0.0539177	0.188544	0.00605709	-0.103321	0.000932643	0.0202155	0.000734116	-0.000846413	-0.00227935	0.290218	-0.0378216	0.00130931	0.025611	-0.0127983	-0.123948	1.5232e-06	-0.0363908	0	0	495.293	51.2521	0.449516	1.57793	4.69165	1.60259	82.1752	19.2011	22.5304	3.39872	0.79841	0.872285	1.04018	119.901	2.32211	1.58543	0.352044	0.559494	68.4412	0.169873	0	0	0	0	0	0	0.929828	0.13755	0.985456	0.0386576	0.889286	0.0335572	0.687613	0.0637131	0.822058	0.190345	1.07105	0.219142	1.0872	0.0295094	1.06707	0.955027	1.24712	0.717041	8.06958e-06	0.820017	-0.112672	-0.291952	-1.05834	0.251298	0.73848	0.926517	0.787421	0.98329	0.0331957	0.851529	-0.0398992	0.961449	-7.44802e-19	1.13017	0.167143	0	84.233	12.4574	0	0.158443	-1.55193	2.39582	-0	-0	-0	-0	-0	-0	0	0	0	0	0	0	-0.146731	0.918178	-0	-107.246	671.099	-0	-60.1176	-9.60717	68.6168	0.102245	-3.63249e-16	0.0895807	0	0	0	0	0	0	0	0	0	0
0.04	-0.115612	0.0395664	0.913117	0.409717	-0.401981	0.0899538	0.346459	-1.13655	-0.158056	-0.292507	0.954029	0.13919	-0.953904	0.293116	0.286681	3.71425	-1.3673	3.06452	0.229455	0.0955955	0.0110887	0.124796	0.01	0.133279	0.0547626	0.0989892	0.0513638	0.0601758	0.366072	0.0732251	0.24069	0.0553571	0.223325	0.0470782	0.0749886	0.056092	0.01	0.0718196	0.0112638	0.100975	0.01	0.130338	0.342422	0.10042	0.01	0.0937627	0.01	0.10661	0.01	0.0363413	0.01	0.0404891	0.371592	0.0658248	0.207593	0.207593	0.979462	-0.395734	0.015255	0.178727	0.00536245	0.01	1.13142	0.0670796	0.00479815	0.0353431	-0.103303	0.01	0.849454	-0.255009	0.00167455	0.00489255	0.0561578	0.0561578	0.928605	0.286259	0.00699362	0.0608959	0.0516609	0.0516609	0.79283	0.48023	0.00642126	0.0540376	0.400476	0.400476	0.737413	-0.174266	0.0204069	0.268969	0.24069	0.24069	1.08543	-0.13406	0.0182606	0.228275	0.223325	0.223325	1.06996	-0.0595324	0.0166394	0.200665	0.0749886	0.0749886	0.821259	-0.117305	0.00694599	0.0603198	-0.120419	0.01	0.735857	1.96272	0.00420227	0.0287904	0	0.01	0.915457	-0.42218	0.00160439	0.00441802	-0.0263015	0.01	0.830709	1.05194	0.00329395	0.0192493	0.251802	0.251802	0.942023	-1.29065	0.0148523	0.172475	-0.0409698	0.01	1.23534	-1.31124	0.00692426	0.0600572	0	0.01	1.07361	0.536805	0.00414908	0.0282154	-0.0919202	0.01	0.712574	2.33851	0.00453733	0.0324512	-0.0787705	0.01	0.920207	2.73284	0.00469352	0.0341788	0.371592	0.371592	0.96376	-2.11907	0.0126445	0.138413	0	0	0	0	0	0	0	0	0	0	0	0	0	0	0	0	0	0	0.0395664	0.913117	0	0.954029	0.13919	0	-0.0306616	0.921273	0	0.956414	0.159732	0	0	0	-0.115612	0	0	-0.292507	-0.0382865	0.855614	0.0835	0.937209	0.161962	0	0.0109936	0.692914	0.0835	0.734417	0.100539	0	0	0	0.294105	0	0	-1.24641	0.0765072	0.476618	0.0835	0.464823	0.018882	0	0.0564057	0.291003	0.0835	0.287878	0.0380447	0	0	0	-0.107877	0	0	-0.953295	-0.0193038	0.00804799	0.09142	0.029912	0.0960235	0	0.0812178	0.036251	0.09142	0.0487125	0.0290144	0	0	0	-0.0179228	0	0	-0.666614	-0.0382865	0.855614	-0.0835	0.937209	0.161962	0	0.000609825	0.690124	-0.0835	1.50347	0.295055	0	0	0	0.230847	0	0	3.42174	0.0523191	0.470119	-0.0835	2.25627	0.471991	0	-0.0945877	0.3549	-0.0835	2.49298	0.170181	0	0	0	-0.905705	0	0	2.05443	-0.346385	0.227016	-0.09142	2.68748	-0.532078	0	-0.271601	0.154165	-0.09142	3.06041	-0.14926	0	0	0	-1.06376	0	0	5.11895	-0.0510599	1.00569	0	0.981107	0.165699	0	-0.0439462	1.32701	0	1.0751	0.163618	0	0	0	-0.115612	0	0	-0.292507	2.91643e-17	1.65505	3.88921	2.64501	0.580028	0.388491	0.529779	0.44213	3	0	-0.251332	-0.288711	0.116407	0.133719	0.363877	0.031127	-0.0636607	0.0287944	-0.0651102	0.0161443	0.0125275	-0.030206	0.00807563	-0.0138093	-0.0439043	-0.0429542	0.179549	0.021022	0.196848	0.0561283	0.203679	0.0660209	-0.00683518	-0.0588799	-0.00339524	-0.0564721	-0.0296513	-0.0290096	0.210348	0.190128	0.0561578	0.0547867	0.186445	0.00536245	-0.104037	0.000932643	0.0202155	0.000734116	-0.000846413	-0.00227935	0.278412	-0.0409698	0.00130931	0.025611	-0.0535302	-0.120419	0	-0.0263015	0	0	510.585	51.2701	0.302078	1.7796	5.09977	1.63504	114.166	17.1377	18.8474	4.04688	0.810283	0.71892	1.0483	108.217	2.49072	1.57076	0.359155	0.571529	67.9715	0.17841	0	0	0	0	0	0	0.918994	0.138413	0.96376	0.0341788	0.920207	0.0324512	0.712574	0.0603198	0.821259	0.200665	1.06996	0.228275	1.08543	0.0282154	1.07361	0.942023	1.23534	0.735857	0.00441802	0.830709	-0.115612	-0.292507	0.871471	0.268969	0.737413	0.928605	0.79283	0.979462	0.0353431	0.849454	-0.0286762	0.963073	-3.72401e-19	1.11474	0.15811	0	83.0833	11.7841	0	0.171608	-1.62411	2.22088	-0	-0	-0	-0	-0	-0	0	0	0	0	0	0	-0.165279	0.90401	-0	-120.803	660.744	-0	-59.3134	-10.8442	71.9693	0.108922	-3.86968e-16	0.0897677	0	0	0	0	0	0	0	0	0	0
0.05	-0.118485	0.0490999	0.914497	0.398124	-0.395471	0.0930119	0.382941	-1.14716	-0.125239	-0.282868	0.952644	0.137103	-1.33912	0.966112	0.305481	3.58612	-0.779274	3.40927	0.224932	0.0951968	0.0109565	0.124972	0.01	0.132796	0.0582231	0.0993755	0.052311	0.0604922	0.39418	0.0729746	0.269259	0.0552634	0.238498	0.0470438	0.0661507	0.0560392	0.01	0.0737885	0.0111102	0.100607	0.01	0.131952	0.312664	0.0990716	0.01	0.0926834	0.01	0.107036	0.01	0.0375461	0.01	0.0416947	0.364676	0.064397	0.204949	0.204949	0.975377	-0.423048	0.0148434	0.172337	0.00534039	0.01	1.13302	0.255319	0.00505831	0.0382614	-0.104148	0.01	0.846372	-0.362926	0.00145995	0.00350377	0.0595908	0.0595908	0.932228	0.447201	0.00761533	0.0685103	0.0526715	0.0526715	0.796998	0.351887	0.00631527	0.0527828	0.413907	0.413907	0.734891	-0.344044	0.0200636	0.262184	0.283496	0.283496	1.0836	-0.195428	0.0192043	0.245627	0.245628	0.245628	1.06918	-0.078914	0.017289	0.211411	-0.0837529	0.01	0.820487	-0.0424253	0.00657832	0.0559057	-0.116202	0.01	0.75603	2.07	0.00432722	0.0301481	0	0.01	0.91212	-0.243215	0.00193901	0.00683746	-0.0164133	0.01	0.840993	1.00319	0.00326362	0.0189427	0.190332	0.190332	0.929377	-1.23568	0.0139361	0.158291	-0.0458196	0.01	1.22112	-1.53819	0.00597817	0.0488229	0	0.01	1.0779	0.315479	0.00398079	0.0264079	-0.0833016	0.01	0.736197	2.47735	0.00469757	0.0342237	-0.047861	0.01	0.947607	2.83962	0.00483004	0.035699	0.288753	0.288753	0.942856	-2.04707	0.0126369	0.138297	0	0	0	0	0	0	0	0	0	0	0	0	0	0	0	0	0	0	0.0490999	0.914497	0	0.952644	0.137103	0	-0.0211044	0.922854	0	0.955008	0.156962	0	0	0	-0.118485	0	0	-0.282868	-0.028918	0.857218	0.0835	0.936441	0.159172	0	0.0180034	0.693821	0.0835	0.671415	0.0830662	0	0	0	0.279639	0	0	-1.62198	0.0803813	0.4766	0.0835	0.319086	-0.0181097	0	0.0588037	0.291151	0.0835	0.197455	-0.00395761	0	0	0	-0.115832	0	0	-0.655872	-0.0190299	0.00865551	0.09142	0.0246457	0.0319044	0	0.0816286	0.0363658	0.09142	0.0343551	-0.00336543	0	0	0	-0.0228205	0	0	-0.350391	-0.028918	0.857218	-0.0835	0.936441	0.159172	0	0.0155173	0.693128	-0.0835	1.47847	0.305953	0	0	0	0.264456	0	0	3.30325	0.0745901	0.474985	-0.0835	2.19905	0.501086	0	-0.0696284	0.356419	-0.0835	2.49831	0.137081	0	0	0	-0.882707	0	0	2.52398	-0.31907	0.22077	-0.09142	2.77638	-0.702184	0	-0.240338	0.152204	-0.09142	3.1832	-0.235047	0	0	0	-1.00795	0	0	5.93325	-0.0412601	1.00733	0	0.978903	0.162663	0	-0.0332231	1.32863	0	1.06979	0.16039	0	0	0	-0.118485	0	0	-0.282868	1.95942e-17	1.66287	3.8974	2.76498	0.52297	0.368198	0.54157	0.450191	3	0	-0.230244	-0.264487	0.107323	0.123284	0.316602	0.0632432	-0.0206895	0.0620323	-0.0458384	0.0498101	0.00933358	-0.0650733	0.00725318	-0.042606	-0.0892038	-0.0872733	0.180935	0.0410815	0.159275	0.144298	0.166525	0.173663	-0.00404255	-0.151372	-0.00180965	-0.148545	-0.057945	-0.056691	0.213257	0.20065	0.0595908	0.0557972	0.183801	0.00534039	-0.104882	0.000932643	0.0202155	0.000734116	-0.000846413	-0.00227935	0.265598	-0.0458196	0.00130931	0.025611	-0.102186	-0.116202	0	-0.0164133	0	0	527.169	51.3779	0.299117	1.991	5.45922	1.6736	144.964	22.0876	21.5746	2.02621	0.823013	0.586452	1.05612	93.0068	2.47571	1.56114	0.365885	0.582193	62.7154	0.185417	0	0	0	0	0	0	0.943962	0.138297	0.942856	0.035699	0.947607	0.0342237	0.736197	0.0559057	0.820487	0.211411	1.06918	0.245627	1.0836	0.0264079	1.0779	0.929377	1.22112	0.75603	0.00683746	0.840993	-0.118485	-0.282868	0.73624	0.262184	0.734891	0.932228	0.796998	0.975377	0.0382614	0.846372	-0.017613	0.964606	1.86201e-19	1.09868	0.149651	0	81.8865	11.1537	0	0.190296	-1.69894	1.96152	-0	-0	-0	-0	-0	-0	0	0	0	0	0	0	-0.158562	0.93055	-0	-115.893	680.142	-0	-61.1059	-10.4122	76.0823	0.111862	-3.97415e-16	0.0898429	0	0	0	0	0	0	0	0	0	0
0.06	-0.12129	0.0586068	0.915865	0.383173	-0.382991	0.0957936	0.418151	-1.15183	-0.0927605	-0.279539	0.948309	0.136797	-1.61345	1.46779	0.241592	3.46103	-0.184006	3.10092	0.222236	0.0947691	0.0108403	0.125336	0.01	0.13216	0.0634894	0.0998958	0.052695	0.0607203	0.413309	0.0725332	0.284707	0.0551782	0.254187	0.0470048	0.0583817	0.0560216	0.01	0.0758541	0.0109753	0.100432	0.01	0.13349	0.278849	0.097785	0.01	0.0914337	0.01	0.107243	0.01	0.0388394	0.01	0.042932	0.357218	0.0630146	0.21786	0.21786	0.970995	-0.460054	0.014472	0.166584	0.00556389	0.01	1.13631	0.394854	0.00527713	0.0407403	-0.104793	0.01	0.842318	-0.44403	0.00127552	0.00247383	0.0657471	0.0657471	0.937109	0.538997	0.00824789	0.0764514	0.0511766	0.0511766	0.800004	0.256719	0.00617944	0.0511815	0.429776	0.429776	0.730445	-0.556659	0.0190925	0.243525	0.294056	0.294056	1.08193	-0.123737	0.0204288	0.269406	0.26472	0.26472	1.06829	-0.0998355	0.0179143	0.222148	-0.102726	0.01	0.820229	-0.00945434	0.00611608	0.0504372	-0.111574	0.01	0.777194	2.16626	0.0044414	0.0313966	0.00058055	0.01	0.910531	-0.0698658	0.00223612	0.00926571	-0.00679965	0.01	0.850795	0.95651	0.00323381	0.0186423	0.144271	0.144271	0.917308	-1.1842	0.012838	0.141372	-0.0519832	0.01	1.20466	-1.76623	0.00499457	0.0375434	0	0.01	1.07999	0.0962589	0.00373634	0.023817	-0.110094	0.01	0.761556	2.54494	0.00479076	0.0352607	-0.0745665	0.01	0.975728	2.71395	0.00476549	0.0349791	0.348124	0.348124	0.922615	-1.99704	0.0124474	0.135411	0	0	0	0	0	0	0	0	0	0	0	0	0	0	0	0	0	0	0.0586068	0.915865	0	0.948309	0.136797	0	-0.0115738	0.924419	0	0.9507	0.156415	0	0	0	-0.12129	0	0	-0.279539	-0.0195714	0.858805	0.0835	0.932358	0.15865	0	0.0244416	0.694601	0.0835	0.621522	0.0753341	0	0	0	0.261883	0	0	-1.89299	0.082953	0.476307	0.0835	0.208292	-0.0354276	0	0.0603975	0.290974	0.0835	0.129487	-0.0258368	0	0	0	-0.121107	0	0	-0.425207	-0.0188122	0.00875402	0.09142	0.0193185	-0.00419152	0	0.0819151	0.0362133	0.09142	0.0243605	-0.0226866	0	0	0	-0.0253138	0	0	-0.183615	-0.0195714	0.858805	-0.0835	0.932358	0.15865	0	0.0301569	0.696241	-0.0835	1.44955	0.316861	0	0	0	0.296861	0	0	3.18149	0.0962664	0.480126	-0.0835	2.13712	0.527187	0	-0.0446083	0.357606	-0.0835	2.50437	0.104918	0	0	0	-0.85497	0	0	2.99749	-0.290716	0.213069	-0.09142	2.89071	-0.826676	0	-0.208001	0.149365	-0.09142	3.2792	-0.322243	0	0	0	-0.94773	0	0	6.09841	-0.0314925	1.00895	0	0.97433	0.161983	0	-0.0225543	1.33023	0	1.06414	0.159484	0	0	0	-0.12129	0	0	-0.279539	1.37482e-17	1.68585	3.87039	2.92502	0.453	0.339021	0.532639	0.462566	3	0	-0.207956	-0.238884	0.098118	0.112711	0.302114	0.0747048	0.008282	0.0225218	-0.0289616	0.0219578	0.00718023	-0.0236259	0.00653294	-0.018782	-0.10537	-0.10309	0.183016	0.0341719	0.156746	0.156174	0.165297	0.175915	-0.00385455	-0.16383	-0.00175726	-0.150472	-0.0481991	-0.0471561	0.213263	0.216513	0.0657471	0.0566869	0.180951	0.00556389	-0.106129	0.00169678	0.0352128	0.0013356	-0.0015399	-0.00397035	0.252877	-0.0519832	0.00238207	0.0446112	-0.1556	-0.111574	0.00058055	-0.00679965	0	0	547.531	53.2355	0.295627	2.11594	6.05175	1.66238	176.499	21.0307	24.4004	1.57077	0.836368	0.42004	1.06357	78.6139	2.34463	1.55645	0.373109	0.593138	62.3249	0.188956	0	0	0	0	0	0	0.989986	0.135411	0.922615	0.0349791	0.975728	0.0352607	0.761556	0.0504372	0.820229	0.222148	1.06829	0.269406	1.08193	0.023817	1.07999	0.917308	1.20466	0.777194	0.00926571	0.850795	-0.12129	-0.279539	-0.0406829	0.243525	0.730445	0.937109	0.800004	0.970995	0.0407403	0.842318	-0.00670474	0.966073	1.86201e-19	1.08394	0.14507	0	80.7873	10.8123	0	0.193832	-1.75026	1.7701	-0	-0	-0	-0	-0	-0	0	0	0	0	0	0	-0.141009	0.979892	-0	-103.064	716.206	-0	-64.3619	-9.26186	80.9084	0.112968	-4.01343e-16	0.0898651	0	0	0	0	0	0	0	0	0	0
0.07	-0.124094	0.0680534	0.917242	0.366166	-0.366573	0.0976038	0.452022	-1.15052	-0.0620212	-0.281603	0.941224	0.139001	-1.76164	1.76882	0.123083	3.31886	0.407624	3.06442	0.23185	0.0942728	0.0107382	0.125821	0.01	0.131424	0.0717808	0.100474	0.0520813	0.0608904	0.424674	0.0718964	0.29506	0.0551388	0.269222	0.0469549	0.0517926	0.0560274	0.01	0.0780082	0.0108567	0.100447	0.01	0.134951	0.246398	0.0965424	0.01	0.090012	0.01	0.107233	0.01	0.0401425	0.01	0.0441	0.349146	0.0616768	0.23939	0.23939	0.96591	-0.562899	0.0143191	0.164217	0.00600405	0.01	1.14071	0.476362	0.00545378	0.0427572	-0.104521	0.01	0.837627	-0.491188	0.00115001	0.00187138	0.0752495	0.0752495	0.942528	0.569236	0.00903928	0.0867001	0.0470375	0.0470375	0.802245	0.18865	0.00599259	0.0489914	0.431358	0.431358	0.724033	-0.720098	0.0182796	0.228615	0.301807	0.301807	1.08115	-0.0223487	0.0216477	0.294163	0.278843	0.278843	1.06716	-0.126302	0.0184313	0.231344	-0.120944	0.01	0.820313	0.0322658	0.00574272	0.0460851	-0.106612	0.01	0.799264	2.24939	0.0045436	0.0325203	0.00135124	0.01	0.910674	0.103026	0.00251333	0.0117117	0.00238184	0.01	0.860109	0.905721	0.00319864	0.018289	0.106288	0.106288	0.905651	-1.14388	0.0117144	0.124368	-0.059424	0.01	1.18593	-1.99093	0.00400167	0.0266311	0	0.01	1.07989	-0.125977	0.00341722	0.0205047	-0.0840705	0.01	0.787108	2.59185	0.00486352	0.0360734	-0.0337023	0.01	1.00227	2.62151	0.00471613	0.0344299	0.308992	0.308992	0.903028	-1.91548	0.012344	0.13384	0	0	0	0	0	0	0	0	0	0	0	0	0	0	0	0	0	0	0.0680534	0.917242	0	0.941224	0.139001	0	-0.00210289	0.925993	0	0.943688	0.158758	0	0	0	-0.124094	0	0	-0.281603	-0.0102845	0.860401	0.0835	0.925217	0.161062	0	0.030467	0.695358	0.0835	0.587994	0.0777965	0	0	0	0.242072	0	0	-2.04324	0.0846426	0.475947	0.0835	0.139686	-0.0328971	0	0.0614584	0.290692	0.0835	0.088849	-0.026535	0	0	0	-0.124501	0	0	-0.274416	-0.018635	0.0086522	0.09142	0.0164526	-0.0106955	0	0.0821357	0.035952	0.09142	0.020584	-0.0259455	0	0	0	-0.0268967	0	0	-0.151333	-0.0102845	0.860401	-0.0835	0.925217	0.161062	0	0.0444694	0.69946	-0.0835	1.41404	0.327363	0	0	0	0.327928	0	0	3.03725	0.11726	0.485503	-0.0835	2.06388	0.548446	0	-0.0195749	0.358487	-0.0835	2.50143	0.0770671	0	0	0	-0.822594	0	0	3.44488	-0.261248	0.204118	-0.09142	2.99904	-0.949616	0	-0.174679	0.145758	-0.09142	3.37892	-0.386113	0	0	0	-0.884615	0	0	6.5093	-0.0217844	1.01058	0	0.967508	0.1643	0	-0.0119454	1.33183	0	1.05797	0.161529	0	0	0	-0.124094	0	0	-0.281603	4.45492e-17	1.73242	3.88465	3.08337	0.381989	0.304957	0.525546	0.478647	3	0	-0.184638	-0.212098	0.0888591	0.102075	0.289518	0.0667661	0.0264982	0.0339722	-0.0195394	0.0276037	0.00582628	-0.0356377	0.00613084	-0.0236113	-0.0941728	-0.0921348	0.183247	0.030926	0.155189	0.167275	0.164221	0.180263	-0.00373882	-0.175475	-0.00171133	-0.154191	-0.0436208	-0.0426768	0.210214	0.221144	0.0752495	0.0573725	0.177909	0.00600405	-0.107891	0.00428137	0.0571995	0.00337002	-0.00388552	-0.00644941	0.240677	-0.059424	0.00601051	0.0724663	-0.212865	-0.106612	0.00135124	0.00238184	0	0	558.393	60.8828	0.291874	2.17267	6.99182	1.59178	195.282	17.9818	27.3342	1.34374	0.850295	0.339927	1.07066	66.1564	2.11119	2.36715	0.380387	0.600816	58.101	0.192434	0	0	0	0	0	0	1.03668	0.13384	0.903028	0.0344299	1.00227	0.0360734	0.787108	0.0460851	0.820313	0.231344	1.06716	0.294163	1.08115	0.0205047	1.07989	0.905651	1.18593	0.799264	0.0117117	0.860109	-0.124094	-0.281603	-0.266912	0.228615	0.724033	0.942528	0.802245	0.96591	0.0427572	0.837627	0.00406381	0.967519	1.86201e-19	1.07082	0.145452	0	79.8098	10.8407	0	0.184745	-1.77221	1.66813	-0	-0	-0	-0	-0	-0	0	0	0	0	0	0	-0.12681	1.02889	-0	-92.6861	752.02	-0	-67.5938	-8.33091	85.6202	0.113854	-4.04489e-16	0.089883	0	0	0	0	0	0	0	0	0	0
0.08	-0.126919	0.0774279	0.918658	0.348086	-0.34785	0.0981233	0.484355	-1.14332	-0.0322047	-0.282389	0.934294	0.144629	-1.84493	1.95525	-0.0133567	3.14945	1.00757	2.86894	0.241333	0.093693	0.0106486	0.126373	0.01	0.130631	0.0822062	0.101071	0.0510726	0.0610131	0.423229	0.071141	0.304068	0.0551497	0.281445	0.0468934	0.0461924	0.0560683	0.01	0.080235	0.0107527	0.100653	0.0106778	0.136323	0.211677	0.0953566	0.01	0.0884259	0.01	0.107003	0.01	0.0414811	0.01	0.0452192	0.337961	0.0603938	0.246452	0.246452	0.95997	-0.613097	0.0144615	0.166422	0.00645469	0.01	1.14572	0.523164	0.00561207	0.0445759	-0.10406	0.01	0.832578	-0.518038	0.00106638	0.00151771	0.0866461	0.0866461	0.948135	0.584505	0.00996284	0.0991646	0.0437194	0.0437194	0.803862	0.133873	0.00579047	0.0466385	0.412825	0.412825	0.716425	-0.800005	0.0176046	0.216778	0.310782	0.310782	1.08137	0.0670267	0.0227235	0.316673	0.289464	0.289464	1.06576	-0.152474	0.0187917	0.237927	-0.138959	0.01	0.820912	0.0929639	0.00547055	0.0429494	-0.101405	0.01	0.82208	2.31345	0.00462876	0.0334609	0.00192191	0.01	0.912538	0.27653	0.00276143	0.0140175	0.0111264	0.0111264	0.868851	0.841952	0.00321819	0.0184852	0.0480461	0.0480461	0.894528	-1.07717	0.0105517	0.107417	-0.0680394	0.01	1.16503	-2.19328	0.0030276	0.0165902	0	0.01	1.07757	-0.346259	0.0030521	0.0168315	-0.0740796	0.01	0.813355	2.64205	0.00493894	0.0369183	-0.0163366	0.01	1.02771	2.3966	0.00471888	0.0344605	0.298091	0.298091	0.884243	-1.83545	0.0121422	0.130787	0	0	0	0	0	0	0	0	0	0	0	0	0	0	0	0	0	0	0.0774279	0.918658	0	0.934294	0.144629	0	0.00729653	0.927608	0	0.936821	0.164433	0	0	0	-0.126919	0	0	-0.282389	-0.0010703	0.862039	0.0835	0.918306	0.166796	0	0.0362224	0.69618	0.0835	0.56547	0.0874626	0	0	0	0.221168	0	0	-2.12732	0.0857998	0.475685	0.0835	0.0964065	-0.0180043	0	0.0622114	0.290481	0.0835	0.0645383	-0.0139454	0	0	0	-0.126682	0	0	-0.172071	-0.0184759	0.00859053	0.09142	0.0154918	0.000605629	0	0.08234	0.0357228	0.09142	0.0205228	-0.0180884	0	0	0	-0.0285588	0	0	-0.185427	-0.0010703	0.862039	-0.0835	0.918306	0.166796	0	0.0584082	0.702784	-0.0835	1.3749	0.337324	0	0	0	0.357436	0	0	2.86706	0.13748	0.491068	-0.0835	1.9819	0.564027	0	0.0053991	0.359114	-0.0835	2.49317	0.0522638	0	0	0	-0.78588	0	0	3.87463	-0.23068	0.194075	-0.09142	3.1128	-1.04594	0	-0.140423	0.141599	-0.09142	3.46667	-0.437287	0	0	0	-0.818085	0	0	6.74357	-0.012146	1.01225	0	0.960723	0.169924	0	-0.00139966	1.33347	0	1.05143	0.166889	0	0	0	-0.126919	0	0	-0.282389	4.45492e-17	1.79263	3.91542	3.20808	0.317296	0.272384	0.520303	0.491757	3	0	-0.160264	-0.184099	0.0796326	0.0914761	0.275408	0.0671851	0.0483911	0.0300362	-0.00806038	0.0266939	0.00419906	-0.0315087	0.00564096	-0.0228331	-0.0947639	-0.0927131	0.182727	0.0292789	0.154418	0.176344	0.16341	0.187776	-0.00368153	-0.184989	-0.00167672	-0.160618	-0.0412976	-0.0404039	0.204248	0.208577	0.0866461	0.0578668	0.174645	0.00645469	-0.110053	0.00761336	0.064193	0.00599274	-0.00690944	-0.00723795	0.228977	-0.0680394	0.0106882	0.0813263	-0.272945	-0.101405	0.00192191	0.0111264	0	0	551.699	65.3774	0.288071	2.19645	8.18273	1.52552	196.961	17.7257	30.0003	1.20875	0.864693	0.338248	1.1709	52.5313	1.79917	3.49204	0.387864	0.581015	54.5254	0.189155	0	0	0	0	0	0	1.06633	0.130787	0.884243	0.0344605	1.02771	0.0369183	0.813355	0.0429494	0.820912	0.237927	1.06576	0.316673	1.08137	0.0168315	1.07757	0.894528	1.16503	0.82208	0.0140175	0.868851	-0.126919	-0.282389	0.2464	0.216778	0.716425	0.948135	0.803862	0.95997	0.0445759	0.832578	0.0147089	0.968992	1.86201e-19	1.05889	0.149926	0	78.9203	11.1742	0	0.166652	-1.77431	1.61176	-0	-0	-0	-0	-0	-0	0	0	0	0	0	0	-0.117617	1.05982	-0	-85.9666	774.627	-0	-69.6568	-7.73037	89.4174	0.115433	-4.101e-16	0.089923	0	0	0	0	0	0	0	0	0	0
0.09	-0.129711	0.0867487	0.920146	0.329252	-0.327504	0.0972538	0.514785	-1.1301	-0.00524668	-0.274382	0.930792	0.152981	-1.9223	2.10894	-0.15634	2.9342	1.61751	2.53452	0.246185	0.0930936	0.0105699	0.126969	0.01	0.129801	0.0937237	0.101686	0.0497779	0.0610981	0.41626	0.07032	0.316527	0.0551969	0.292926	0.0468179	0.0414088	0.0561563	0.01	0.0825152	0.0106614	0.101053	0.0170966	0.137543	0.176109	0.0942528	0.01	0.0866972	0.01	0.106549	0.01	0.0428166	0.01	0.0462034	0.326361	0.0591821	0.248554	0.248554	0.953828	-0.608926	0.0146875	0.169922	0.00681674	0.01	1.15113	0.558429	0.00577345	0.0464411	-0.103653	0.01	0.827284	-0.542022	0.000981776	0.00120034	0.0987126	0.0987126	0.953907	0.604029	0.0109418	0.113012	0.0405934	0.0405934	0.804982	0.0898909	0.00558568	0.044272	0.388731	0.388731	0.708157	-0.854139	0.01689	0.204766	0.327167	0.327167	1.08229	0.113858	0.0236438	0.336309	0.301377	0.301377	1.06404	-0.193524	0.0189913	0.24163	-0.163642	0.01	0.8222	0.169499	0.00526861	0.0406434	-0.0959761	0.01	0.845443	2.35606	0.00469478	0.0341927	0.00250511	0.01	0.916168	0.455234	0.00298203	0.0161432	0.0194053	0.0194053	0.876626	0.750028	0.00377717	0.0242468	-0.0179442	0.01	0.884173	-0.999075	0.0093	0.0901611	-0.0778402	0.01	1.14226	-2.35693	0.00205591	0.0077656	0	0.01	1.07301	-0.575663	0.00262535	0.0127406	-0.0616801	0.01	0.839542	2.57955	0.0049133	0.0366307	0.00447803	0.01	1.05008	2.08165	0.00483028	0.0357017	0.279885	0.279885	0.866502	-1.69671	0.0121444	0.13082	0	0	0	0	0	0	0	0	0	0	0	0	0	0	0	0	0	0	0.0867487	0.920146	0	0.930792	0.152981	0	0.0166426	0.929291	0	0.933301	0.172217	0	0	0	-0.129711	0	0	-0.274382	0.00809273	0.863746	0.0835	0.915317	0.174563	0	0.04179	0.69712	0.0835	0.54929	0.10054	0	0	0	0.199541	0	0	-2.19669	0.0865874	0.475604	0.0835	0.0626896	0.00213427	0	0.0627619	0.29043	0.0835	0.0464415	0.00422485	0	0	0	-0.127963	0	0	-0.0877455	-0.0183217	0.00868688	0.09142	0.0153985	0.0191621	0	0.0825522	0.0356023	0.09142	0.0219682	-0.00545984	0	0	0	-0.0307094	0	0	-0.244086	0.00809273	0.863746	-0.0835	0.915317	0.174563	0	0.0719493	0.706195	-0.0835	1.33437	0.344409	0	0	0	0.385073	0	0	2.65982	0.156841	0.496745	-0.0835	1.89147	0.570206	0	0.0302602	0.359507	-0.0835	2.47848	0.0287787	0	0	0	-0.745025	0	0	4.27732	-0.198973	0.183231	-0.09142	3.22597	-1.11464	0	-0.105368	0.136993	-0.09142	3.54094	-0.477017	0	0	0	-0.750272	0	0	6.81184	-0.00256349	1.01399	0	0.95654	0.177486	0	0.00907987	1.33518	0	1.04467	0.174292	0	0	0	-0.129711	0	0	-0.274382	1.37482e-17	1.84595	3.92314	3.28927	0.270993	0.237557	0.522484	0.496972	3	0	-0.134962	-0.155034	0.0704702	0.080951	0.261812	0.0671289	0.0677904	0.0313722	0.00280343	0.028152	0.00275718	-0.0329102	0.00517734	-0.0240803	-0.0946846	-0.0926355	0.182225	0.0271364	0.153865	0.185787	0.162564	0.20205	-0.00364044	-0.194895	-0.00164063	-0.172827	-0.0382756	-0.0374472	0.194701	0.19403	0.0987126	0.0582354	0.170859	0.00681674	-0.112449	0.0111749	0.0665195	0.00879615	-0.0101417	-0.00750027	0.217693	-0.0778402	0.0156881	0.0842737	-0.335599	-0.0959761	0.00250511	0.0194053	0	0	538.984	66.3037	0.284296	2.21373	9.51862	1.45645	192.735	18.7866	33.4479	1.09539	0.879436	0.337239	1.97674	40.4214	1.45006	4.29566	0.395324	0.563603	50.2801	0.185149	0	0	0	0	0	0	1.07333	0.13082	0.866502	0.0357017	1.05008	0.0366307	0.839542	0.0406434	0.8222	0.24163	1.06404	0.336309	1.08229	0.0127406	1.07301	0.884173	1.14226	0.845443	0.0161432	0.876626	-0.129711	-0.274382	1.43945	0.204766	0.708157	0.953907	0.804982	0.953828	0.0464411	0.827284	0.0252398	0.970523	-7.44802e-19	1.04779	0.156354	0	78.0929	11.6533	0	0.143119	-1.76478	1.56287	-0	-0	-0	-0	-0	-0	0	0	0	0	0	0	-0.109817	1.06769	-0	-80.2659	780.381	-0	-70.229	-7.22338	92.105	0.118026	-4.19312e-16	0.0899932	0	0	0	0	0	0	0	0	0	0
0.1	-0.132362	0.0960593	0.921725	0.30952	-0.305556	0.0949115	0.542783	-1.11072	0.0177479	-0.254945	0.931982	0.162447	-2.02437	2.27764	-0.308441	2.67137	2.23081	1.94823	0.246827	0.092512	0.0105008	0.127606	0.01	0.128929	0.105727	0.10233	0.0482761	0.0611526	0.405411	0.0694482	0.334557	0.0552547	0.305016	0.04672	0.0373002	0.0563012	0.01	0.0848239	0.0105812	0.101655	0.0245392	0.138637	0.147846	0.0932199	0.01	0.0848812	0.01	0.105864	0.01	0.0441044	0.0209241	0.0469228	0.313445	0.0580859	0.246046	0.246046	0.947869	-0.581439	0.0148457	0.172373	0.00712455	0.01	1.1569	0.59587	0.00595223	0.0485202	-0.103377	0.01	0.821724	-0.5717	0.000860736	0.000818317	0.111137	0.111137	0.959942	0.635463	0.0119376	0.127707	0.0378075	0.0378075	0.8057	0.0526619	0.00537966	0.0419093	0.36578	0.36578	0.699378	-0.905113	0.0160321	0.190921	0.349622	0.349622	1.08343	0.11117	0.024466	0.354096	0.313928	0.313928	1.06182	-0.253969	0.0190541	0.242805	-0.193014	0.01	0.824323	0.260169	0.0051111	0.0388574	-0.0903638	0.01	0.869097	2.37185	0.0047367	0.0346587	0.00307989	0.01	0.92162	0.637492	0.00318647	0.0181671	0.0269757	0.0269757	0.883601	0.671783	0.00442147	0.0311781	-0.0904156	0.01	0.874483	-0.935769	0.00820715	0.0759336	-0.088775	0.01	1.11833	-2.38998	0.000987107	0.00121912	0	0.01	1.0661	-0.80876	0.00212388	0.00832208	-0.0472316	0.01	0.864793	2.42535	0.00480368	0.0354048	0.0257325	0.0257325	1.06643	1.21861	0.00544809	0.042692	0.263275	0.263275	0.850453	-1.48455	0.012387	0.134493	0	0	0	0	0	0	0	0	0	0	0	0	0	0	0	0	0	0	0.0960593	0.921725	0	0.931982	0.162447	0	0.0259777	0.931056	0	0.934361	0.180314	0	0	0	-0.132362	0	0	-0.254945	0.0172541	0.865534	0.0835	0.917656	0.182538	0	0.0472137	0.698195	0.0835	0.536237	0.11425	0	0	0	0.177158	0	0	-2.27932	0.0870424	0.475732	0.0835	0.0291745	0.0234682	0	0.0631362	0.290569	0.0835	0.0288643	0.0235083	0	0	0	-0.128398	0	0	-0.00167519	-0.0181644	0.00897807	0.09142	0.0159644	0.0391119	0	0.0827839	0.0356132	0.09142	0.0242243	0.00780621	0	0	0	-0.0334867	0	0	-0.310116	0.0172541	0.865534	-0.0835	0.917656	0.182538	0	0.0850833	0.709652	-0.0835	1.29433	0.346441	0	0	0	0.410421	0	0	2.41642	0.175256	0.502421	-0.0835	1.79509	0.564337	0	0.0549375	0.359661	-0.0835	2.45853	0.00518797	0	0	0	-0.700303	0	0	4.64723	-0.166162	0.171834	-0.09142	3.33489	-1.14759	0	-0.0696421	0.132035	-0.09142	3.59738	-0.511001	0	0	0	-0.682555	0	0	6.59547	0.00699619	1.0158	0	0.955966	0.185153	0	0.0194909	1.33696	0	1.03784	0.181967	0	0	0	-0.132362	0	0	-0.254945	3.11238e-17	1.88178	3.89357	3.33448	0.24502	0.207007	0.56119	0.494416	3	0	-0.108883	-0.125077	0.0613566	0.070482	0.248647	0.0657277	0.0877011	0.0307396	0.0144653	0.029005	0.00127729	-0.0322465	0.00467965	-0.0248099	-0.0927082	-0.0907019	0.182057	0.024482	0.153237	0.195223	0.161796	0.22161	-0.00359375	-0.204794	-0.00160786	-0.189558	-0.0345316	-0.0337843	0.182331	0.183448	0.111137	0.0585013	0.166436	0.00712455	-0.114982	0.0147429	0.0648669	0.0116047	-0.0133798	-0.00731393	0.207073	-0.088775	0.0206972	0.0821801	-0.400366	-0.0903638	0.00307989	0.0269757	0	0	527.275	64.9389	0.280538	2.2342	10.9534	1.38827	186.276	20.3097	37.9468	0.999691	0.894362	0.336869	2.84852	32.4021	1.149	4.76718	0.402518	1.28599	45.3186	0.182898	0	0	0	0	0	0	1.0606	0.134493	0.850453	0.042692	1.06643	0.0354048	0.864793	0.0388574	0.824323	0.242805	1.06182	0.354096	1.08343	0.00832208	1.0661	0.874483	1.11833	0.869097	0.0181671	0.883601	-0.132362	-0.254945	2.41311	0.190921	0.699378	0.959942	0.8057	0.947869	0.0485202	0.821724	0.0356625	0.972118	1.86201e-19	1.03731	0.162562	0	77.3121	12.116	0	0.115377	-1.74928	1.49922	-0	-0	-0	-0	-0	-0	0	0	0	0	0	0	-0.104267	1.05546	-0	-76.2094	771.44	-0	-69.5027	-6.86608	93.8675	0.121678	-4.32289e-16	0.0900948	0	0	0	0	0	0	0	0	0	0
0.11	-0.134773	0.105402	0.923396	0.288625	-0.281782	0.0909929	0.567997	-1.08527	0.0318036	-0.227131	0.936899	0.170893	-2.1537	2.47356	-0.469859	2.37755	2.8305	0.950982	0.246259	0.0919543	0.0104401	0.128286	0.01	0.128005	0.118191	0.103011	0.0466135	0.0611802	0.391722	0.0685223	0.355466	0.0553047	0.316188	0.0465934	0.0337635	0.0565121	0.01	0.0871396	0.0105107	0.102458	0.0314371	0.139611	0.125491	0.092262	0.01	0.0831766	0.01	0.104951	0.01	0.0452293	0.0386701	0.0472482	0.300321	0.057197	0.243286	0.243286	0.942154	-0.563133	0.0148862	0.173001	0.00742069	0.01	1.16306	0.638573	0.00615395	0.0508818	-0.103306	0.01	0.81584	-0.606378	0.00066789	0.000381465	0.12398	0.12398	0.966328	0.674451	0.012953	0.143135	0.0350374	0.0350374	0.806063	0.0187846	0.00516967	0.0395202	0.342294	0.342294	0.690054	-0.964481	0.0149893	0.1746	0.372546	0.372546	1.08441	0.0867805	0.0252382	0.370993	0.324186	0.324186	1.05894	-0.3236	0.0189911	0.241626	-0.220893	0.01	0.82741	0.36178	0.00498018	0.0373816	-0.0846166	0.01	0.892823	2.37014	0.00476259	0.0349468	0.00361095	0.01	0.928899	0.819588	0.00338058	0.02013	0.0336991	0.0336991	0.889811	0.59123	0.00498765	0.0374656	-0.163848	0.01	0.865498	-0.856032	0.00736647	0.0654408	-0.100693	0.01	1.09587	-2.04084	-0.000712011	0	0	0.01	1.05691	-1.03092	0.0014962	0.00372482	-0.0337606	0.01	0.88685	1.93954	0.00438558	0.0307853	0.0451186	0.0451186	1.07382	0.386509	0.00632822	0.0529359	0.247811	0.247811	0.837438	-1.08193	0.0134451	0.150705	0	0	0	0	0	0	0	0	0	0	0	0	0	0	0	0	0	0	0.105402	0.923396	0	0.936899	0.170893	0	0.0353428	0.932895	0	0.939057	0.186805	0	0	0	-0.134773	0	0	-0.227131	0.0264612	0.867395	0.0835	0.92418	0.188823	0	0.052513	0.699403	0.0835	0.524219	0.126797	0	0	0	0.153852	0	0	-2.38083	0.0871466	0.476072	0.0835	-0.0074941	0.0443407	0	0.0633272	0.290898	0.0835	0.00967621	0.042132	0	0	0	-0.12793	0	0	0.0927251	-0.0179993	0.00946575	0.09142	0.0169211	0.0582183	0	0.0830403	0.0357524	0.09142	0.0268347	0.0201128	0	0	0	-0.0369373	0	0	-0.377134	0.0264612	0.867395	-0.0835	0.92418	0.188823	0	0.0978271	0.7131	-0.0835	1.25598	0.342289	0	0	0	0.433224	0	0	2.15042	0.192702	0.507978	-0.0835	1.69708	0.546309	0	0.0794094	0.359581	-0.0835	2.43623	-0.0179907	0	0	0	-0.652047	0	0	4.98092	-0.132297	0.160406	-0.09142	3.43381	-1.13341	0	-0.0334865	0.126695	-0.09142	3.63378	-0.547277	0	0	0	-0.620243	0	0	5.9319	0.0165656	1.01769	0	0.958316	0.19107	0	0.0298346	1.33882	0	1.03125	0.188056	0	0	0	-0.134773	0	0	-0.227131	8.76278e-18	1.90113	3.82634	3.35114	0.234051	0.170264	0.622865	0.481161	3	0	-0.082263	-0.0944977	0.0522546	0.0600262	0.235909	0.0649655	0.106495	0.0302569	0.026216	0.0296734	-0.000119579	-0.0317402	0.00417818	-0.0253817	-0.0916331	-0.0896501	0.182112	0.0223695	0.152434	0.203305	0.161441	0.241975	-0.00353405	-0.213271	-0.0015927	-0.206977	-0.0315519	-0.0308691	0.168466	0.173828	0.12398	0.0586856	0.161862	0.00742069	-0.117634	0.0182027	0.0632214	0.014328	-0.0165197	-0.0071284	0.197191	-0.100693	0.0255543	0.0800954	-0.466688	-0.0846166	0.00361095	0.0336991	0	0	514.203	63.6269	0.276758	2.25549	12.494	1.31729	178.281	22.0002	42.6989	0.918752	0.909334	0.337106	3.66749	26.0239	1.07754	4.89002	0.408801	2.3729	38.1042	0.182518	0	0	0	0	0	0	1.03249	0.150705	0.837438	0.0529359	1.07382	0.0307853	0.88685	0.0373816	0.82741	0.241626	1.05894	0.370993	1.08441	0.00372482	1.05691	0.865498	1.09587	0.892823	0.02013	0.889811	-0.134773	-0.227131	3.14169	0.1746	0.690054	0.966328	0.806063	0.942154	0.0508818	0.81584	0.045983	0.973767	1.86201e-19	1.02733	0.166804	0	76.5682	12.4321	0	0.083914	-1.73172	1.4098	-0	-0	-0	-0	-0	-0	0	0	0	0	0	0	-0.0996042	1.02767	-0	-72.801	751.128	-0	-67.7724	-6.56865	94.933	0.126387	-4.49017e-16	0.0902274	0	0	0	0	0	0	0	0	0	0
0.12	-0.136873	0.11481	0.925135	0.26632	-0.255933	0.0854541	0.590092	-1.05397	0.0386886	-0.193502	0.944836	0.176029	-2.30375	2.68997	-0.631391	2.05006	3.40162	0.52299	0.245515	0.0914076	0.0103867	0.129015	0.01	0.12703	0.131264	0.103734	0.0447878	0.0611827	0.37561	0.0675317	0.376254	0.0553422	0.325008	0.0464355	0.0307115	0.0567938	0.01	0.0894433	0.0104488	0.103458	0.0376653	0.140457	0.107509	0.0914002	0.01	0.0817596	0.01	0.103849	0.01	0.0461163	0.0581364	0.0473193	0.286756	0.0565906	0.242282	0.242282	0.936553	-0.559194	0.0148263	0.172072	0.00774166	0.01	1.16967	0.684284	0.00637969	0.053545	-0.103412	0.01	0.809625	-0.633989	0.000292227	2.94329e-05	0.137546	0.137546	0.973115	0.717127	0.014008	0.159403	0.0320506	0.0320506	0.806097	-0.0132941	0.00495281	0.0370741	0.316892	0.316892	0.680077	-1.03648	0.0137775	0.155838	0.393261	0.393261	1.08514	0.06347	0.0259809	0.387406	0.331129	0.331129	1.05535	-0.395442	0.018805	0.238171	-0.243863	0.01	0.831534	0.466006	0.00486371	0.0360754	-0.0787978	0.01	0.916427	2.34685	0.00476833	0.0350107	0.0041131	0.01	0.937971	0.996951	0.00356428	0.0220205	0.0397324	0.0397324	0.895201	0.504404	0.00546202	0.0428516	-0.235422	0.01	0.857413	-0.754492	0.0067509	0.0579704	-0.113213	0.01	1.0772	-1.69482	-0.00349969	0	0	0.01	1.04581	-1.14766	0.000436871	0.000102702	-0.0189497	0.01	0.904241	1.585	0.00407285	0.0273944	0.0652462	0.0652462	1.07544	0.0296968	0.00715211	0.0628201	0.231635	0.231635	0.828559	-0.705321	0.0146798	0.169803	0	0	0	0	0	0	0	0	0	0	0	0	0	0	0	0	0	0	0.11481	0.925135	0	0.944836	0.176029	0	0.0447713	0.934781	0	0.946703	0.189581	0	0	0	-0.136873	0	0	-0.193502	0.0357522	0.8693	0.0835	0.934032	0.191327	0	0.0576968	0.700722	0.0835	0.513051	0.136525	0	0	0	0.129447	0	0	-2.49726	0.0868702	0.476613	0.0835	-0.0466073	0.0636719	0	0.0633182	0.291404	0.0835	-0.0109144	0.0591331	0	0	0	-0.126486	0	0	0.192717	-0.0178236	0.0101338	0.09142	0.0180898	0.0753491	0	0.0833228	0.0360066	0.09142	0.0294395	0.0309789	0	0	0	-0.0410319	0	0	-0.438673	0.0357522	0.8693	-0.0835	0.934032	0.191327	0	0.110189	0.716462	-0.0835	1.21778	0.329523	0	0	0	0.453219	0	0	1.85656	0.209145	0.513279	-0.0835	1.59501	0.513242	0	0.10361	0.359268	-0.0835	2.40482	-0.0416797	0	0	0	-0.600754	0	0	5.25818	-0.0975421	0.149063	-0.09142	3.51509	-1.13265	0	0.00306156	0.121154	-0.09142	3.67644	-0.551044	0	0	0	-0.562066	0	0	5.78117	0.0261722	1.01961	0	0.963118	0.19318	0	0.0401155	1.34071	0	1.02525	0.190482	0	0	0	-0.136873	0	0	-0.193502	2.47179e-17	1.90788	3.727	3.34488	0.231372	0.141993	0.691353	0.46076	3	0	-0.055314	-0.0635407	0.043131	0.0495457	0.223691	0.0634833	0.124505	0.0302838	0.0382865	0.0303685	-0.00145821	-0.0317684	0.00366305	-0.0259762	-0.0895425	-0.0876047	0.182502	0.0208474	0.151445	0.20909	0.161539	0.26049	-0.00346056	-0.21934	-0.00159689	-0.222815	-0.0294051	-0.0287687	0.153638	0.163254	0.137546	0.0588036	0.157425	0.00774166	-0.120431	0.0216223	0.0632346	0.0170196	-0.0196231	-0.00712989	0.187948	-0.113213	0.0303549	0.0801121	-0.533837	-0.0787978	0.0041131	0.0397324	0	0	500.369	62.9889	0.272916	2.26609	14.1734	1.29726	168.599	23.6369	47.1226	0.850136	0.924229	0.337915	4.42473	20.7718	1.04085	4.70052	0.413755	3.61179	30.3936	0.182847	0	0	0	0	0	0	0.993231	0.169803	0.828559	0.0628201	1.07544	0.0273944	0.904241	0.0360754	0.831534	0.238171	1.05535	0.387406	1.08514	0.000102702	1.04581	0.857413	1.0772	0.916427	0.0220205	0.895201	-0.136873	-0.193502	3.51079	0.155838	0.680077	0.973115	0.806097	0.936553	0.053545	0.809625	0.0562062	0.975441	1.86201e-19	1.01779	0.167764	0	75.8574	12.5037	0	0.0521746	-1.71196	1.29343	-0	-0	-0	-0	-0	-0	0	0	0	0	0	0	-0.0951952	0.988659	-0	-69.5785	722.614	-0	-65.3155	-6.28905	95.4205	0.132049	-4.69132e-16	0.0903879	0	0	0	0	0	0	0	0	0	0
0.13	-0.138624	0.124306	0.926902	0.242469	-0.22788	0.0783051	0.608825	-1.01708	0.0421641	-0.157923	0.954233	0.176659	-2.46093	2.91252	-0.791145	1.70751	3.95428	0.172222	0.244844	0.0908589	0.0103399	0.129794	0.01	0.126034	0.14496	0.104503	0.0428051	0.0611615	0.35727	0.0664653	0.39531	0.05537	0.330859	0.0462462	0.0280711	0.0571457	0.01	0.0917184	0.0103944	0.104652	0.0431575	0.141169	0.0928363	0.0906549	0.01	0.0805765	0.01	0.102788	0.01	0.0468895	0.075546	0.047292	0.273216	0.0561994	0.242006	0.242006	0.930931	-0.567181	0.0146945	0.170031	0.00810203	0.01	1.17673	0.728961	0.00662867	0.0565067	-0.103667	0.01	0.803277	-0.633467	-0.000658257	0	0.151926	0.151926	0.980333	0.758651	0.0151073	0.176431	0.0289257	0.0289257	0.805817	-0.0439701	0.00472918	0.034575	0.288773	0.288773	0.669338	-1.11611	0.0124664	0.1357	0.411384	0.411384	1.08569	0.0485388	0.0266916	0.403266	0.334748	0.334748	1.05105	-0.467494	0.0184973	0.232539	-0.261303	0.01	0.836687	0.567758	0.00476066	0.0349252	-0.0729614	0.01	0.939738	2.31402	0.00476328	0.0349545	0.0045841	0.01	0.94879	1.1727	0.003742	0.0238765	0.0450454	0.0450454	0.899739	0.415409	0.00584072	0.0472219	-0.305718	0.01	0.850421	-0.637793	0.00630631	0.052677	-0.124964	0.01	1.06161	-1.42231	-0.00716871	0	0	0.01	1.03512	-0.981351	-0.0029066	0	-0.00716623	0.01	0.919402	1.45407	0.00396414	0.0262301	0.0821508	0.0821508	1.07482	-0.133443	0.0078505	0.0714385	0.21748	0.21748	0.822832	-0.440628	0.0156601	0.185055	0	0	0	0	0	0	0	0	0	0	0	0	0	0	0	0	0	0	0.124306	0.926902	0	0.954233	0.176659	0	0.0542846	0.936672	0	0.955776	0.187717	0	0	0	-0.138624	0	0	-0.157923	0.0451509	0.871206	0.0835	0.945437	0.189159	0	0.0627728	0.702122	0.0835	0.502631	0.14301	0	0	0	0.103845	0	0	-2.61885	0.0861997	0.477339	0.0835	-0.0860409	0.0816583	0	0.0631017	0.292073	0.0835	-0.0316341	0.0748751	0	0	0	-0.124035	0	0	0.293669	-0.0176353	0.0109659	0.09142	0.0195284	0.0912261	0	0.0836315	0.0363632	0.09142	0.0321629	0.0408483	0	0	0	-0.0457297	0	0	-0.497476	0.0451509	0.871206	-0.0835	0.945437	0.189159	0	0.122172	0.719655	-0.0835	1.18028	0.30851	0	0	0	0.470201	0	0	1.54959	0.224565	0.518181	-0.0835	1.49248	0.467177	0	0.127476	0.358711	-0.0835	2.37018	-0.0671877	0	0	0	-0.546882	0	0	5.50387	-0.0620208	0.13776	-0.09142	3.58853	-1.121	0	0.0400171	0.115663	-0.09142	3.71395	-0.541822	0	0	0	-0.504718	0	0	5.67609	0.0358341	1.02154	0	0.969178	0.19063	0	0.0503396	1.34261	0	1.01988	0.18834	0	0	0	-0.138624	0	0	-0.157923	2.03701e-17	1.90594	3.60609	3.31916	0.236234	0.142579	0.757039	0.437605	3	0	-0.0280237	-0.0321915	0.0339573	0.0390076	0.212153	0.0634996	0.140342	0.0313746	0.0503291	0.0301319	-0.0026353	-0.0329127	0.00314912	-0.0257738	-0.0895655	-0.0876272	0.183339	0.0197281	0.15023	0.212344	0.161965	0.276643	-0.00337029	-0.222753	-0.00161506	-0.236632	-0.0278263	-0.0272241	0.137913	0.150861	0.151926	0.0588633	0.15317	0.00810203	-0.123396	0.0250647	0.0637712	0.0197293	-0.0227472	-0.00719039	0.179491	-0.124964	0.0351877	0.0807919	-0.601189	-0.0729614	0.0045841	0.0450454	0	0	488.089	62.9021	0.268994	2.25141	16.0065	1.33562	156.767	25.1307	50.9824	0.791795	0.938939	0.33926	5.10711	16.4165	0.992586	4.43343	0.418074	6.57223	23.8921	0.183135	0	0	0	0	0	0	0.946116	0.185055	0.822832	0.0714385	1.07482	0.0262301	0.919402	0.0349252	0.836687	0.232539	1.05105	0.403266	1.08569	0	1.03512	0.850421	1.06161	0.939738	0.0238765	0.899739	-0.138624	-0.157923	3.57223	0.1357	0.669338	0.980333	0.805817	0.930931	0.0565067	0.803277	0.0663363	0.977104	1.86201e-19	1.0087	0.164506	0	75.1797	12.2609	0	0.0179748	-1.69059	1.15489	-0	-0	-0	-0	-0	-0	0	0	0	0	0	0	-0.0911846	0.941712	-0	-66.6472	688.3	-0	-62.3425	-6.03653	95.404	0.138608	-4.92435e-16	0.0905745	0	0	0	0	0	0	0	0	0	0
0.14	-0.140018	0.133901	0.928649	0.217045	-0.197612	0.0695758	0.624076	-0.974728	0.0425806	-0.122538	0.964257	0.171801	-2.6168	3.13087	-0.945847	1.35606	4.49205	-0.0472774	0.24412	0.0902987	0.0102987	0.130619	0.01	0.125043	0.159557	0.105316	0.0406861	0.0611176	0.336639	0.0653203	0.412674	0.0553918	0.333773	0.0460251	0.0257816	0.0575659	0.01	0.0939621	0.0103466	0.106037	0.0479445	0.141746	0.0807257	0.0900389	0.01	0.0795805	0.01	0.101884	0.01	0.047615	0.0911272	0.0471999	0.259647	0.0559731	0.240659	0.240659	0.925191	-0.582229	0.014517	0.167282	0.00851182	0.01	1.18422	0.768828	0.00689986	0.0597628	-0.104047	0.01	0.796958	-0.630365	-0.00246607	0	0.167223	0.167223	0.987955	0.800341	0.0162623	0.194586	0.0258735	0.0258735	0.805238	-0.073043	0.00450101	0.0320513	0.257523	0.257523	0.657808	-1.19375	0.0111106	0.115464	0.427733	0.427733	1.08611	0.0392253	0.0273613	0.418349	0.335427	0.335427	1.04603	-0.540531	0.0180719	0.224919	-0.274293	0.01	0.842839	0.666002	0.00467315	0.0339527	-0.067155	0.01	0.962726	2.28248	0.00474939	0.0347998	0.00504432	0.01	0.961347	1.34558	0.0039108	0.0256617	0.0495862	0.0495862	0.903414	0.327637	0.00612615	0.0505554	-0.376138	0.01	0.844643	-0.51111	0.00599346	0.0490015	-0.134733	0.01	1.04849	-1.20075	-0.0115666	0	0	0.01	1.02602	-0.840978	-0.0095096	0	0.000978035	0.01	0.933628	1.41237	0.00393852	0.0259569	0.0973562	0.0973562	1.07272	-0.269058	0.00833328	0.0775397	0.201886	0.201886	0.819519	-0.221301	0.0165317	0.198918	0	0	0	0	0	0	0	0	0	0	0	0	0	0	0	0	0	0	0.133901	0.928649	0	0.964257	0.171801	0	0.0638926	0.938516	0	0.965466	0.18038	0	0	0	-0.140018	0	0	-0.122538	0.0546676	0.873062	0.0835	0.957445	0.18151	0	0.0677492	0.703567	0.0835	0.493139	0.145675	0	0	0	0.0770266	0	0	-2.73934	0.08514	0.478237	0.0835	-0.124116	0.0980359	0	0.0626812	0.292892	0.0835	-0.0515475	0.0892425	0	0	0	-0.120586	0	0	0.391534	-0.0174318	0.0119504	0.09142	0.0211763	0.105968	0	0.0839678	0.0368126	0.09142	0.0349577	0.0497605	0	0	0	-0.0510099	0	0	-0.554313	0.0546676	0.873062	-0.0835	0.957445	0.18151	0	0.133781	0.722593	-0.0835	1.14305	0.279099	0	0	0	0.484058	0	0	1.23352	0.238956	0.522557	-0.0835	1.3898	0.408834	0	0.15098	0.357885	-0.0835	2.33265	-0.0948796	0	0	0	-0.49067	0	0	5.72557	-0.0257971	0.126611	-0.09142	3.65603	-1.10409	0	0.0773279	0.110325	-0.09142	3.74851	-0.518517	0	0	0	-0.448089	0	0	5.67829	0.0455604	1.0234	0	0.975868	0.182626	0	0.0605135	1.34446	0	1.01521	0.180794	0	0	0	-0.140018	0	0	-0.122538	4.07402e-17	1.9014	3.4754	3.27738	0.240798	0.143294	0.809423	0.410218	3	0	-0.00044691	-0.000513377	0.0247198	0.0283963	0.201715	0.0652822	0.151918	0.0375176	0.0619417	0.0291235	-0.00349576	-0.0393569	0.00265354	-0.0249113	-0.0920798	-0.0900871	0.18472	0.0188612	0.148654	0.213376	0.162486	0.291275	-0.00325316	-0.223837	-0.00163729	-0.249147	-0.0266035	-0.0260278	0.121157	0.136366	0.167223	0.0588689	0.148999	0.00851182	-0.126489	0.0285113	0.0631486	0.0224423	-0.0258752	-0.00712019	0.172028	-0.134733	0.0400263	0.0800032	-0.668195	-0.067155	0.00504432	0.0495862	0	0	474.346	62.9919	0.264989	2.23465	18.03	1.35052	142.521	26.5065	54.2565	0.74206	0.953445	0.341118	5.70806	12.7648	0.939429	4.18988	0.422126	9.92808	17.6589	0.183212	0	0	0	0	0	0	0.894603	0.198918	0.819519	0.0775397	1.07272	0.0259569	0.933628	0.0339527	0.842839	0.224919	1.04603	0.418349	1.08611	0	1.02602	0.844643	1.04849	0.962726	0.0256617	0.903414	-0.140018	-0.122538	3.43423	0.115464	0.657808	0.987955	0.805238	0.925191	0.0597628	0.796958	0.0763775	0.97871	1.86201e-19	1.00002	0.156421	0	74.533	11.6582	0	-0.0183141	-1.66722	0.997859	-0	-0	-0	-0	-0	-0	0	0	0	0	0	0	-0.0869986	0.890363	-0	-63.5876	650.769	-0	-59.0794	-5.77273	94.9793	0.145949	-5.18516e-16	0.090784	0	0	0	0	0	0	0	0	0	0
0.15	-0.141071	0.143594	0.930315	0.190109	-0.165229	0.0593394	0.635827	-0.927116	0.0411907	-0.0897655	0.973917	0.16073	-2.76268	3.33533	-1.09375	1.00849	5.00695	-0.222555	0.242912	0.0897227	0.0102625	0.131485	0.01	0.124056	0.174908	0.106174	0.0384878	0.0610523	0.313827	0.0641031	0.42864	0.0554097	0.334098	0.0457717	0.0237936	0.0580512	0.01	0.0961754	0.0103046	0.107608	0.051935	0.14219	0.0706413	0.0895602	0.01	0.078738	0.01	0.101094	0.01	0.0483468	0.0986061	0.0470733	0.246983	0.0558829	0.236661	0.236661	0.91929	-0.598589	0.0143099	0.164076	0.00897026	0.01	1.19207	0.80065	0.00719203	0.0633066	-0.104515	0.01	0.790669	-0.627261	-0.00512411	0	0.183437	0.183437	0.996007	0.841988	0.0174248	0.213707	0.0231484	0.0231484	0.804378	-0.0997043	0.00427439	0.0295729	0.223358	0.223358	0.64555	-1.26004	0.00974162	0.0961265	0.443072	0.443072	1.08646	0.0325328	0.0279825	0.432472	0.333364	0.333364	1.04027	-0.615179	0.017541	0.215687	-0.283671	0.01	0.849945	0.757752	0.00459868	0.0331282	-0.0614208	0.01	0.985404	2.25213	0.00472654	0.0345456	0.00548892	0.01	0.975597	1.50871	0.00406501	0.0273102	0.0533422	0.0533422	0.906248	0.244282	0.00631166	0.0527402	-0.447932	0.01	0.840152	-0.381753	0.00577169	0.0464207	-0.142889	0.01	1.03739	-1.01816	-0.0165889	0	0	0.01	1.01807	-0.75419	-0.0190306	0	-0.00353813	0.01	0.947976	1.46639	0.00400276	0.0266428	0.100495	0.100495	1.06985	-0.288512	0.00867239	0.0819025	0.194276	0.194276	0.818198	-0.0411997	0.0171763	0.209517	0	0	0	0	0	0	0	0	0	0	0	0	0	0	0	0	0	0	0.143594	0.930315	0	0.973917	0.16073	0	0.0735963	0.940255	0	0.974809	0.167013	0	0	0	-0.141071	0	0	-0.0897655	0.0643024	0.874812	0.0835	0.968934	0.167847	0	0.0726356	0.705016	0.0835	0.484601	0.144077	0	0	0	0.0490386	0	0	-2.85245	0.0837139	0.479288	0.0835	-0.159278	0.112477	0	0.06207	0.293847	0.0835	-0.0697323	0.102026	0	0	0	-0.11619	0	0	0.482878	-0.0172104	0.0130761	0.09142	0.0230681	0.119606	0	0.0843327	0.0373456	0.09142	0.0378936	0.0575764	0	0	0	-0.0568508	0	0	-0.610869	0.0643024	0.874812	-0.0835	0.968934	0.167847	0	0.145021	0.725197	-0.0835	1.10639	0.242006	0	0	0	0.494756	0	0	0.918722	0.25233	0.526298	-0.0835	1.28912	0.340592	0	0.1741	0.356779	-0.0835	2.29364	-0.122972	0	0	0	-0.432359	0	0	5.92567	0.0110736	0.11568	-0.09142	3.71781	-1.07542	0	0.114958	0.105287	-0.09142	3.77709	-0.482955	0	0	0	-0.391169	0	0	5.70311	0.0553534	1.02516	0	0.982431	0.168651	0	0.0706445	1.3462	0	1.01125	0.167278	0	0	0	-0.141071	0	0	-0.0897655	8.04959e-17	1.89795	3.34502	3.22475	0.243996	0.145787	0.851172	0.38156	4	0	0.0273748	0.0314462	0.0154138	0.0177062	0.19325	0.0731516	0.157154	0.0465199	0.072085	0.0253235	-0.00388494	-0.0488005	0.00222067	-0.0216609	-0.10318	-0.100947	0.186728	0.0181448	0.146616	0.212341	0.162937	0.305174	-0.00310168	-0.222751	-0.00165655	-0.261035	-0.0255931	-0.0250392	0.10316	0.120198	0.183437	0.0588229	0.144813	0.00897026	-0.12959	0.0318554	0.0599925	0.0250745	-0.0289101	-0.00676433	0.165711	-0.142889	0.044721	0.0760047	-0.734369	-0.0614208	0.00548892	0.0533422	0	0	456.678	62.8071	0.260916	2.21796	20.2454	1.34531	126.172	27.8023	56.957	0.699595	0.967756	0.343461	6.21471	9.69429	0.886236	4.03003	0.426214	10.9507	12.115	0.183235	0	0	0	0	0	0	0.842767	0.209517	0.818198	0.0819025	1.06985	0.0266428	0.947976	0.0331282	0.849945	0.215687	1.04027	0.432472	1.08646	0	1.01807	0.840152	1.03739	0.985404	0.0273102	0.906248	-0.141071	-0.0897655	3.0869	0.0961265	0.64555	0.996007	0.804378	0.91929	0.0633066	0.790669	0.0863341	0.980208	1.86201e-19	0.991721	0.143237	0	73.9143	10.6757	0	-0.0553655	-1.64186	0.825323	-0	-0	-0	-0	-0	-0	0	0	0	0	0	0	-0.0828446	0.838685	-0	-60.5514	612.998	-0	-55.7876	-5.51066	94.271	0.153787	-5.46361e-16	0.0910079	0	0	0	0	0	0	0	0	0	0
0.16	-0.141812	0.15338	0.931835	0.161779	-0.130888	0.047673	0.644119	-0.874451	0.038631	-0.0610714	0.982634	0.143312	-2.89241	3.51777	-1.23003	0.671676	5.49286	-0.2645	0.240788	0.089132	0.0102306	0.132382	0.01	0.123074	0.191306	0.107074	0.0362692	0.0609682	0.288954	0.0628262	0.443846	0.0554241	0.333207	0.0454843	0.0220623	0.0585976	0.01	0.0983593	0.0102676	0.109359	0.0552077	0.142507	0.0621633	0.0892208	0.01	0.078021	0.01	0.100368	0.01	0.0491221	0.098595	0.0469548	0.236216	0.0559037	0.230094	0.230094	0.913238	-0.612314	0.0140777	0.160482	0.00947654	0.01	1.2002	0.824157	0.0075057	0.0671544	-0.105156	0.01	0.784411	-0.624151	-0.00859165	0	0.200547	0.200547	1.00445	0.878939	0.0185797	0.234038	0.0208431	0.0208431	0.80327	-0.122635	0.00405631	0.0272168	0.187255	0.187255	0.632691	-1.31349	0.008371	0.0780217	0.457785	0.457785	1.08675	0.0245605	0.0285491	0.445474	0.328682	0.328682	1.03373	-0.697224	0.0169225	0.205301	-0.289812	0.01	0.857944	0.84483	0.00453833	0.0324622	-0.0557659	0.01	1.00778	2.21984	0.00470372	0.034292	0.00592237	0.01	0.991467	1.66498	0.00421029	0.0288773	0.0563143	0.0563143	0.908265	0.163151	0.00639886	0.053772	-0.520745	0.01	0.836968	-0.249065	0.00562272	0.0446987	-0.149756	0.01	1.02794	-0.868545	-0.0221562	0	0	0.01	1.01076	-0.712743	-0.0310422	0	-0.0111216	0.01	0.963178	1.60123	0.00413804	0.0280963	0.0972489	0.0972489	1.06716	-0.251187	0.00878129	0.0833179	0.190618	0.190618	0.818502	0.101857	0.0175774	0.216311	0	0	0	0	0	0	0	0	0	0	0	0	0	0	0	0	0	0	0.15338	0.931835	0	0.982634	0.143312	0	0.08339	0.941828	0	0.983244	0.147587	0	0	0	-0.141812	0	0	-0.0610714	0.0740476	0.876391	0.0835	0.979248	0.148157	0	0.0774417	0.706425	0.0835	0.477256	0.138133	0	0	0	0.019967	0	0	-2.95348	0.081954	0.48047	0.0835	-0.190099	0.124806	0	0.0612875	0.294917	0.0835	-0.0853947	0.113144	0	0	0	-0.110921	0	0	0.564282	-0.0169682	0.014329	0.09142	0.0252315	0.132116	0	0.084728	0.0379485	0.09142	0.040956	0.064412	0	0	0	-0.0632478	0	0	-0.665747	0.0740476	0.876391	-0.0835	0.979248	0.148157	0	0.155894	0.72739	-0.0835	1.07023	0.198133	0	0	0	0.502306	0	0	0.610605	0.264701	0.529307	-0.0835	1.19118	0.264571	0	0.196814	0.355387	-0.0835	2.2527	-0.149773	0	0	0	-0.372145	0	0	6.10347	0.0485314	0.105068	-0.09142	3.77425	-1.03899	0	0.152842	0.100678	-0.09142	3.79988	-0.429925	0	0	0	-0.333514	0	0	5.83897	0.0652102	1.02675	0	0.98843	0.148697	0	0.0807393	1.34778	0	1.00804	0.147749	0	0	0	-0.141812	0	0	-0.0610714	1.94429e-17	1.90133	3.22168	3.16826	0.2437	0.148624	0.873285	0.353933	4	0	0.0553892	0.063627	0.00604402	0.00694293	0.187475	0.0824216	0.158297	0.0552062	0.080083	0.0225342	-0.00396989	-0.0579126	0.00187934	-0.0192751	-0.116255	-0.113739	0.18941	0.0175108	0.144077	0.209304	0.163275	0.318675	-0.00291294	-0.219565	-0.00167095	-0.272584	-0.0246988	-0.0241643	0.0837889	0.103466	0.200547	0.0587276	0.140538	0.00947654	-0.132675	0.0349613	0.0545941	0.0275193	-0.0317289	-0.00615564	0.160634	-0.149756	0.0490813	0.0691654	-0.799626	-0.0557659	0.00592237	0.0563143	0	0	439.701	62.1086	0.256797	2.20133	22.5097	1.32105	108.594	29.0567	59.421	0.663221	0.967148	0.346257	6.62858	7.02742	0.836246	3.95729	0.430545	10.3495	10.4824	0.184134	0	0	0	0	0	0	0.79535	0.216311	0.818502	0.0833179	1.06716	0.0280963	0.963178	0.0324622	0.857944	0.205301	1.03373	0.445474	1.08675	0	1.01076	0.836968	1.02794	1.00778	0.0288773	0.908265	-0.141812	-0.0610714	2.59103	0.0780217	0.632691	1.00445	0.80327	0.913238	0.0671544	0.784411	0.0962084	0.981546	1.86201e-19	0.983766	0.125204	0	73.3215	9.3316	0	-0.0912832	-1.61391	0.640125	-0	-0	-0	-0	-0	-0	0	0	0	0	0	0	-0.0794322	0.791374	-0	-58.0572	578.418	-0	-52.7672	-5.29637	93.3901	0.161458	-5.73613e-16	0.0912268	0	0	0	0	0	0	0	0	0	0
0.17	-0.142297	0.163246	0.933152	0.132275	-0.0948852	0.0346777	0.649166	-0.817132	0.0356107	-0.0376943	0.989902	0.120104	-3.00038	3.67132	-1.36268	0.353864	5.94727	-0.353479	0.237513	0.08853	0.0102046	0.133299	0.01	0.122097	0.208358	0.108008	0.0340958	0.0608688	0.262571	0.0615045	0.458217	0.055434	0.331069	0.0451596	0.0205564	0.0592009	0.01	0.100478	0.0102352	0.111272	0.0576743	0.142704	0.0550132	0.0890194	0.01	0.0774017	0.01	0.0996665	0.01	0.0499836	0.0980656	0.046848	0.226915	0.0560098	0.22143	0.22143	0.90707	-0.62118	0.0138229	0.156541	0.0100325	0.0100325	1.20852	0.836679	0.00783773	0.0712788	-0.106049	0.01	0.778184	-0.621032	-0.0127776	0	0.218574	0.218574	1.01321	0.902941	0.0197014	0.255126	0.0189847	0.0189847	0.801961	-0.138595	0.0038581	0.0251022	0.150152	0.150152	0.61938	-1.34905	0.00705351	0.0616217	0.471852	0.471852	1.08694	0.0147327	0.0290525	0.457135	0.321474	0.321474	1.02635	-0.782967	0.0162451	0.194311	-0.292771	0.01	0.866777	0.924504	0.00448834	0.0319121	-0.0501873	0.01	1.02949	2.1089	0.00481406	0.0355207	0.00633962	0.01	1.00881	1.80335	0.00434321	0.0303225	0.0585281	0.0585281	0.909521	0.0891241	0.00640092	0.0537964	-0.593944	0.01	0.835078	-0.124519	0.00549462	0.0432255	-0.155564	0.01	1.01979	-0.769089	-0.0281905	0	0	0.01	1.00369	-0.703504	-0.0451559	0	-0.0153238	0.01	0.98007	1.77864	0.00430776	0.029936	0.093941	0.093941	1.06473	-0.24056	0.00876104	0.0830542	0.186907	0.186907	0.820056	0.211313	0.0177072	0.218545	0	0	0	0	0	0	0	0	0	0	0	0	0	0	0	0	0	0	0.163246	0.933152	0	0.989902	0.120104	0	0.0932602	0.943178	0	0.99028	0.122742	0	0	0	-0.142297	0	0	-0.0376943	0.083886	0.877746	0.0835	0.987814	0.123095	0	0.0821822	0.707755	0.0835	0.471367	0.128271	0	0	0	-0.0100224	0	0	-3.03808	0.0799172	0.481766	0.0835	-0.215203	0.135153	0	0.0603669	0.296093	0.0835	-0.0976273	0.122773	0	0	0	-0.104908	0	0	0.633241	-0.0167038	0.0157059	0.09142	0.0275653	0.144274	0	0.0851548	0.0386148	0.09142	0.0442758	0.0699743	0	0	0	-0.0702299	0	0	-0.729435	0.083886	0.877746	-0.0835	0.987814	0.123095	0	0.166411	0.729121	-0.0835	1.03481	0.149187	0	0	0	0.506869	0	0	0.31617	0.276121	0.531536	-0.0835	1.09728	0.183874	0	0.21912	0.35375	-0.0835	2.21082	-0.17315	0	0	0	-0.310263	0	0	6.26344	0.0865185	0.0949163	-0.09142	3.82242	-0.983074	0	0.190907	0.0966706	-0.09142	3.81205	-0.366144	0	0	0	-0.274653	0	0	5.90996	0.0751215	1.02811	0	0.993482	0.123426	0	0.0908063	1.34913	0	1.00558	0.122834	0	0	0	-0.142297	0	0	-0.0376943	4.95698e-17	1.91635	3.11463	3.11695	0.24425	0.157453	0.881018	0.332239	4	1	0.0835429	0.0959679	-0.00337906	-0.00388161	0.18375	0.089825	0.157858	0.06278	0.087055	0.0215765	-0.00393724	-0.0658577	0.0015818	-0.0184558	-0.126697	-0.123955	0.192761	0.0169525	0.14103	0.204355	0.163525	0.331721	-0.00268649	-0.214373	-0.00168164	-0.283743	-0.0239114	-0.0233939	0.0630806	0.0870717	0.218574	0.0585863	0.136144	0.0100325	-0.135746	0.0377274	0.0475586	0.0296966	-0.0342392	-0.00536237	0.156842	-0.155564	0.0529645	0.0602521	-0.864003	-0.0501873	0.00633962	0.0585281	0	0	423.238	60.8122	0.253101	2.18475	24.7555	1.27456	90.6673	30.2641	61.4864	0.632132	0.939753	0.34348	6.94091	4.78598	0.800332	3.95287	0.435356	10.0728	10.0943	0.186083	0	0	0	0	0	0	0.76008	0.218545	0.820056	0.0830542	1.06473	0.029936	0.98007	0.0319121	0.866777	0.194311	1.02635	0.457135	1.08694	0	1.00369	0.835078	1.01979	1.02949	0.0303225	0.909521	-0.142297	-0.0376943	2.09946	0.0616217	0.61938	1.01321	0.801961	0.90707	0.0712788	0.778184	0.106006	0.982683	1.86201e-19	0.976164	0.102973	0	72.7549	7.67474	0	-0.125203	-1.58281	0.443739	-0	-0	-0	-0	-0	-0	0	0	0	0	0	0	-0.0754831	0.756322	-0	-55.1708	552.799	-0	-50.5246	-5.04249	92.6093	0.167528	-5.95179e-16	0.0913978	0	0	0	0	0	0	0	0	0	0
0.18	-0.14312	0.17291	0.934135	0.108509	-0.0695665	0.0281594	0.652457	-0.756053	0.0309718	-0.146316	0.933627	0.0753028	-1.53345	1.17033	-0.401968	0.359215	6.2292	-0.494432	0.232985	0.087925	0.0105013	0.133972	0.01	0.121125	0.226418	0.108816	0.032012	0.0608056	0.234977	0.0603764	0.471996	0.0554431	0.327398	0.0448258	0.0192433	0.0596761	0.01	0.102542	0.0102067	0.113302	0.0594403	0.14282	0.0489397	0.0889243	0.01	0.0768388	0.01	0.0989681	0.01	0.0509169	0.0968252	0.0467354	0.219208	0.0561929	0.211384	0.211384	0.900871	-0.603311	0.0136575	0.153984	0.010635	0.010635	1.21461	0.281214	0.00761423	0.0684966	-0.10725	0.01	0.771989	-0.617899	-0.0143219	0	0.23741	0.23741	1.02079	0.513224	0.0201519	0.26392	0.017554	0.017554	0.801127	0.0505023	0.00410783	0.0277707	0.112819	0.112819	0.60802	-0.681791	0.00793905	0.0725483	0.485107	0.485107	1.08712	0.0206637	0.0296792	0.471811	0.311886	0.311886	1.01877	-0.671408	0.0166802	0.201329	-0.292573	0.01	0.873734	0.368026	0.00373755	0.0238297	-0.0446831	0.01	1.05063	2.17444	0.00523978	0.0403158	0.00672149	0.01	1.02722	1.8655	0.00457048	0.0328168	0.0600193	0.0600193	0.910261	0.082636	0.0065225	0.0552406	-0.666656	0.01	0.834187	-0.0871802	0.00516063	0.0394178	-0.160507	0.01	1.01237	-0.718664	-0.0347034	0	0	0.01	0.996658	-0.70327	-0.0609264	0	-0.0182923	0.01	0.998371	1.86341	0.00438855	0.0308178	0.0883296	0.0883296	1.06217	-0.282251	0.00849739	0.0796428	0.185879	0.185879	0.822737	0.333655	0.0178217	0.22053	0	0	0	0	0	0	0	0	0	0	0	0	0	0	0	0	0	0	0.17291	0.934135	0	0.933627	0.0753028	0	0.102932	0.944219	0	0.935103	0.0855416	0	0	0	-0.14312	0	0	-0.146316	0.0935045	0.878795	0.0835	0.92553	0.0869211	0	0.0876216	0.708897	0.0835	0.640142	0.0968029	0	0	0	-0.0346119	0	0	-1.67976	0.0798009	0.483032	0.0835	0.260743	0.10994	0	0.060386	0.297344	0.0835	0.166148	0.11983	0	0	0	-0.104178	0	0	-0.509429	-0.0167299	0.0172384	0.09142	0.00812879	0.179943	0	0.0852597	0.0395572	0.09142	0.0284701	0.0869904	0	0	0	-0.0760189	0	0	-0.911397	0.0935045	0.878795	-0.0835	0.92553	0.0869211	0	0.176396	0.730373	-0.0835	0.957129	0.104569	0	0	0	0.509336	0	0	0.212898	0.286593	0.53306	-0.0835	0.999137	0.128029	0	0.240997	0.352013	-0.0835	2.16546	-0.165706	0	0	0	-0.246717	0	0	6.4421	0.124958	0.0855435	-0.09142	3.86698	-0.885245	0	0.229062	0.0934405	-0.09142	3.82001	-0.26607	0	0	0	-0.215745	0	0	5.94767	0.0848637	1.02916	0	0.947532	0.0881854	0	0.100813	1.35017	0	0.9945	0.0858518	0	0	0	-0.14312	0	0	-0.146316	9.91395e-17	1.94317	3.20018	3.16452	0.214302	0.1587	0.863507	0.316199	4	1	0.111778	0.128403	-0.0129266	-0.0148491	0.181595	0.0965541	0.156376	0.0681417	0.0935971	0.0213518	-0.0038271	-0.0714823	0.00130261	-0.0182636	-0.136188	-0.133241	0.196763	0.0164805	0.137473	0.197658	0.163722	0.344128	-0.0024221	-0.207348	-0.00169004	-0.294355	-0.0232455	-0.0227425	0.0412097	0.0716098	0.23741	0.0584039	0.131638	0.010635	-0.138801	0.0400839	0.0396627	0.0315514	-0.0363778	-0.00447209	0.154343	-0.160507	0.0562728	0.0502488	-0.927521	-0.0446831	0.00672149	0.0600193	0	0	386.792	58.179	0.261636	2.1682	27.1973	0.798367	58.6083	31.4222	57.3264	0.604128	0.913066	0.334547	7.16028	3.85112	0.782395	3.95689	0.44057	10.4037	9.84111	0.189289	0	0	0	35.5559	0	0	0.713675	0.22053	0.822737	0.0796428	1.06217	0.0308178	0.998371	0.0238297	0.873734	0.201329	1.01877	0.471811	1.08712	0	0.996658	0.834187	1.01237	1.05063	0.0328168	0.910261	-0.14312	-0.146316	-7.01273	0.0725483	0.60802	1.02079	0.801127	0.900871	0.0684966	0.771989	0.115787	0.983563	1.86201e-19	0.984456	0.0727989	0	73.3729	5.4258	0	-0.12271	-1.29841	1.35023	-0	-0	-0	-0	-0	-0	0	0	0	0	0	0	0.0789307	0.709296	-0	57.6907	518.427	-0	-47.3946	5.27409	87.8914	0.169535	-6.02308e-16	0.09142	0	0	0	0	0	0	0	0	0	0
0.19	-0.144751	0.182146	0.934738	0.0963459	-0.0627342	0.0236151	0.65504	-0.691815	0.0271763	-0.165854	0.920449	0.0485289	-1.0598	0.417817	-0.39177	0.13393	6.62019	-0.395541	0.227356	0.0873739	0.011093	0.134154	0.01	0.120158	0.244774	0.10921	0.0300606	0.060946	0.206858	0.0599852	0.48484	0.0554384	0.322137	0.0445558	0.018098	0.059919	0.01	0.104697	0.0101817	0.115412	0.0605018	0.142925	0.0437608	0.0888479	0.01	0.0763004	0.01	0.0982698	0.01	0.0519202	0.0949773	0.0466134	0.212904	0.05643	0.200654	0.200654	0.895224	-0.525686	0.0137745	0.155793	0.0112863	0.0112863	1.21626	0.0942146	0.00752632	0.067409	-0.108776	0.01	0.765825	-0.614746	-0.010293	0	0.256603	0.256603	1.02448	0.282332	0.0204908	0.270642	0.0165026	0.0165026	0.802978	0.310607	0.00443062	0.0312784	0.0757819	0.0757819	0.604081	-0.181609	0.0089186	0.0851128	0.497439	0.497439	1.08703	-0.0428423	0.0295554	0.468896	0.30026	0.30026	1.01263	-0.55643	0.0171538	0.209142	-0.289482	0.01	0.877291	0.334665	0.00358377	0.0222228	-0.0393435	0.01	1.07271	2.22089	0.00565749	0.0450998	0.00708408	0.01	1.04634	1.96837	0.00499362	0.0375327	0.0608385	0.0608385	0.910929	0.039897	0.00648102	0.0547471	-0.737047	0.01	0.83347	-0.0355111	0.00490984	0.036592	-0.164776	0.01	1.00528	-0.704043	-0.0416932	0	0	0.01	0.989625	-0.703264	-0.0781294	0	-0.0182292	0.01	1.01804	2.06222	0.00463257	0.0335031	0.0828701	0.0828701	1.05939	-0.26493	0.00841589	0.0785964	0.18553	0.18553	0.826209	0.346821	0.0175479	0.215806	0	0	0	0	0	0	0	0	0	0	0	0	0	0	0	0	0	0	0.182146	0.934738	0	0.920449	0.0485289	0	0.112185	0.944936	0	0.92214	0.0601321	0	0	0	-0.144751	0	0	-0.165854	0.10265	0.879527	0.0835	0.911292	0.0617135	0	0.0944248	0.709726	0.0835	0.703175	0.0717952	0	0	0	-0.0484049	0	0	-1.22565	0.0834896	0.483991	0.0835	0.426502	0.085198	0	0.0627826	0.298443	0.0835	0.27661	0.101926	0	0	0	-0.111139	0	0	-0.807836	-0.0164522	0.0191176	0.09142	0.0362591	0.186405	0	0.0857874	0.0402615	0.09142	0.0616235	0.0637574	0	0	0	-0.087524	0	0	-1.19961	0.10265	0.879527	-0.0835	0.911292	0.0617135	0	0.185684	0.731185	-0.0835	0.906556	0.0590627	0	0	0	0.51029	0	0	-0.0319242	0.296069	0.533976	-0.0835	0.900261	0.0555388	0	0.262364	0.350344	-0.0835	2.11008	-0.166518	0	0	0	-0.181525	0	0	6.58827	0.163801	0.0770879	-0.09142	3.89693	-0.794261	0	0.267225	0.0913575	-0.09142	3.80857	-0.153789	0	0	0	-0.154349	0	0	6.19273	0.0942549	1.02991	0	0.936234	0.0631059	0	0.110727	1.35089	0	0.98947	0.0603739	0	0	0	-0.144751	0	0	-0.165854	4.86072e-18	2.02198	3.34102	3.24027	0.235904	0.196248	0.862327	0.356666	4	1	0.140586	0.161495	-0.0220845	-0.025369	0.180736	0.101699	0.154339	0.0719758	0.100196	0.021916	-0.00367569	-0.0755043	0.00102102	-0.0187462	-0.143445	-0.140341	0.201384	0.0160803	0.133395	0.189545	0.163883	0.355746	-0.00211901	-0.198838	-0.00169693	-0.304293	-0.0226811	-0.0221902	0.0184156	0.0573663	0.256603	0.0581887	0.127045	0.0112863	-0.141841	0.0420066	0.031603	0.0330649	-0.0381228	-0.00356333	0.153084	-0.164776	0.058972	0.040038	-0.989141	-0.0393435	0.00708408	0.0608385	0	0	354.454	53.1215	0.276522	2.15166	29.8564	0.749473	31.2757	35.3515	52.4515	0.578129	0.885198	0.325407	7.28966	2.9142	0.779222	3.94896	0.430754	9.86897	9.65691	0.193522	0	0	0	14.7808	0	0	0.786001	0.215806	0.826209	0.0785964	1.05939	0.0335031	1.01804	0.0222228	0.877291	0.209142	1.01263	0.468896	1.08703	0	0.989625	0.83347	1.00528	1.07271	0.0375327	0.910929	-0.144751	-0.165854	1.16839	0.0851128	0.604081	1.02448	0.802978	0.895224	0.067409	0.765825	0.125642	0.98416	1.86201e-19	0.984757	0.0488428	0	73.3953	3.64032	0	-0.117853	-1.15374	1.63987	-0	-0	-0	-0	-0	-0	0	0	0	0	0	0	-0.0408855	0.784937	-0	-29.8834	573.713	-0	-52.4488	-2.73194	96.8631	0.168835	-5.99824e-16	0.09142	0	0	0	0	0	0	0	0	0	0
0.2	-0.146314	0.191378	0.935119	0.0860744	-0.0594936	0.0208157	0.654774	-0.623449	0.0216614	-0.145477	0.926936	0.0290977	-1.01931	0.27067	-0.18675	-0.176832	7.02779	-0.62333	0.220813	0.0868873	0.0115294	0.134234	0.01	0.119196	0.259518	0.109483	0.028271	0.0612372	0.178962	0.0598971	0.496757	0.055403	0.315296	0.0443365	0.0170966	0.0601101	0.01	0.106852	0.0101596	0.117639	0.0612553	0.142931	0.0393194	0.0888682	0.01	0.0757665	0.01	0.0975715	0.01	0.0529594	0.0925877	0.0464892	0.207983	0.0566862	0.189776	0.189776	0.890239	-0.474957	0.0137102	0.154798	0.011587	0.011587	1.21699	0.0602885	0.00754827	0.0676803	-0.110627	0.01	0.759693	-0.611564	-0.00538363	0	0.268236	0.268236	1.02705	0.250873	0.0211638	0.284226	0.0158869	0.0158869	0.806814	0.440835	0.00446797	0.0316882	0.0438487	0.0438487	0.603193	-0.0240191	0.00858932	0.0808276	0.50871	0.50871	1.08633	-0.0929907	0.0295119	0.467873	0.286963	0.286963	1.00765	-0.433089	0.017688	0.218213	-0.283838	0.01	0.880089	0.216363	0.00331506	0.0194632	-0.0341418	0.01	1.09479	2.18665	0.00600809	0.0491724	0.00748331	0.01	1.06654	2.06811	0.00542689	0.0424493	0.0615397	0.0615397	0.910971	-0.0341636	0.00631293	0.0527551	-0.805621	0.01	0.83366	0.08151	0.00485069	0.0359298	-0.168657	0.01	0.998242	-0.70327	-0.0488886	0	0	0.01	0.982593	-0.703235	-0.0971063	0	-0.0145925	0.01	1.03842	2.00762	0.00489543	0.0364306	0.0775566	0.0775566	1.05657	-0.313516	0.0080561	0.0740216	0.186541	0.186541	0.829959	0.416337	0.0175206	0.215339	0	0	0	0	0	0	0	0	0	0	0	0	0	0	0	0	0	0	0.191378	0.935119	0	0.926936	0.0290977	0	0.121433	0.945427	0	0.928435	0.039273	0	0	0	-0.146314	0	0	-0.145477	0.111797	0.880033	0.0835	0.918922	0.040675	0	0.101562	0.710341	0.0835	0.721268	0.0525961	0	0	0	-0.06024	0	0	-1.16479	0.0879559	0.484751	0.0835	0.458504	0.0684441	0	0.065655	0.299388	0.0835	0.292767	0.0883837	0	0	0	-0.119734	0	0	-0.894116	-0.016081	0.0209013	0.09142	0.0368716	0.171302	0	0.0863929	0.040879	0.09142	0.0584648	0.0605417	0	0	0	-0.0989178	0	0	-1.08087	0.111797	0.880033	-0.0835	0.918922	0.040675	0	0.194558	0.731539	-0.0835	0.871061	0.0140002	0	0	0	0.508459	0	0	-0.322309	0.304582	0.534129	-0.0835	0.807434	-0.0214615	0	0.283161	0.348662	-0.0835	2.05108	-0.165102	0	0	0	-0.11499	0	0	6.70549	0.202778	0.0697461	-0.09142	3.89814	-0.671402	0	0.305139	0.0902962	-0.09142	3.77315	-0.048829	0	0	0	-0.0933285	0	0	6.08216	0.103636	1.03043	0	0.940801	0.0418621	0	0.12061	1.35138	0	0.987493	0.0393927	0	0	0	-0.146314	0	0	-0.145477	2.74964e-17	2.07962	3.3317	3.29697	0.234287	0.21665	0.844425	0.364282	4	1	0.169424	0.194622	-0.0307062	-0.035273	0.180934	0.104996	0.152433	0.0732196	0.107187	0.0231116	-0.00353401	-0.0768091	0.000722652	-0.0197689	-0.148096	-0.144891	0.206587	0.015757	0.12877	0.180418	0.164013	0.366441	-0.00177522	-0.189263	-0.00170246	-0.313442	-0.0222251	-0.0217441	-0.00482268	0.0486714	0.268236	0.0580516	0.122429	0.011587	-0.144865	0.0434972	0.0238497	0.0342382	-0.0394755	-0.00268912	0.152268	-0.168657	0.0610646	0.0302152	-1.04917	-0.0341418	0.00748331	0.0615397	0	0	338.125	48.9577	0.285469	2.1351	31.7792	0.710499	18.3382	39.7023	46.676	0.555125	0.85733	0.315889	8.12957	2.28612	0.780832	3.9409	0.419144	10.1577	9.55536	0.19802	0	0	0	10.9367	0	0	0.810924	0.215339	0.829959	0.0740216	1.05657	0.0364306	1.03842	0.0194632	0.880089	0.218213	1.00765	0.467873	1.08633	0	0.982593	0.83366	0.998242	1.09479	0.0424493	0.910971	-0.146314	-0.145477	2.54204	0.0808276	0.603193	1.02705	0.806814	0.890239	0.0676803	0.759693	0.135465	0.984541	1.86201e-19	0.979893	0.0289923	0	73.0328	2.16084	0	-0.120948	-1.08517	1.50853	-0	-0	-0	-0	-0	-0	0	0	0	0	0	0	-0.052523	0.809221	-0	-38.3892	591.462	-0	-54.0715	-3.50954	100.012	0.169092	-6.00736e-16	0.09142	0	0	0	0	0	0	0	0	0	0
0.21	-0.147632	0.200699	0.935315	0.0758168	-0.057143	0.0197412	0.651359	-0.551245	0.01562	-0.119565	0.936814	0.011293	-1.03296	0.206396	-0.0452371	-0.484342	7.38171	-0.617743	0.213635	0.0864363	0.0114828	0.134293	0.01	0.118239	0.268896	0.10976	0.0267012	0.0615926	0.156408	0.0598907	0.507679	0.0553481	0.30696	0.044173	0.0162206	0.060221	0.01	0.108954	0.0101403	0.119963	0.061757	0.142818	0.0354989	0.0890223	0.01	0.0752328	0.01	0.0968732	0.01	0.0540083	0.0900071	0.0463418	0.20412	0.056983	0.179693	0.179693	0.885618	-0.451965	0.0134587	0.150916	0.0110309	0.0110309	1.21752	0.0466336	0.00755307	0.0677396	-0.112778	0.01	0.753592	-0.608345	-0.000508386	0	0.27455	0.27455	1.02965	0.275352	0.0217931	0.297173	0.0159872	0.0159872	0.811497	0.491523	0.00440461	0.0309935	0.0496793	0.0496793	0.603129	0.00328691	0.00788141	0.0718254	0.51876	0.51876	1.08526	-0.119727	0.0296637	0.471445	0.272457	0.272457	1.00393	-0.303505	0.0182559	0.228191	-0.27605	0.01	0.881713	0.108597	0.00305435	0.0168537	-0.02871	0.01	1.11633	2.11526	0.00634254	0.0531052	0.00839171	0.01	1.08761	2.13908	0.00584717	0.0472968	0.0619007	0.0619007	0.910252	-0.109875	0.00611371	0.0504095	-0.875946	0.01	0.835106	0.210946	0.00481533	0.0355348	-0.172369	0.01	0.991209	-0.703267	-0.0561851	0	0	0.01	0.975561	-0.703151	-0.117729	0	-0.00680763	0.01	1.05899	2.12879	0.00536087	0.0416948	0.0740769	0.0740769	1.05322	-0.354132	0.00771156	0.0697052	0.187381	0.187381	0.834305	0.444893	0.0174215	0.213651	0	0	0	0	0	0	0	0	0	0	0	0	0	0	0	0	0	0	0.200699	0.935315	0	0.936814	0.011293	0	0.130768	0.945715	0	0.938058	0.0196543	0	0	0	-0.147632	0	0	-0.119565	0.121045	0.880334	0.0835	0.930241	0.0208169	0	0.108847	0.710772	0.0835	0.734817	0.0348755	0	0	0	-0.0718157	0	0	-1.15252	0.0926302	0.485354	0.0835	0.475018	0.0535653	0	0.0686203	0.300205	0.0835	0.299843	0.0762817	0	0	0	-0.128959	0	0	-0.946127	-0.0157205	0.0225408	0.09142	0.0354917	0.158479	0	0.0869537	0.041462	0.09142	0.0542495	0.0566912	0	0	0	-0.109217	0	0	-0.991364	0.121045	0.880334	-0.0835	0.930241	0.0208169	0	0.203102	0.731449	-0.0835	0.840328	-0.0287384	0	0	0	0.503727	0	0	-0.603907	0.312191	0.533521	-0.0835	0.720798	-0.0946178	0	0.303323	0.347032	-0.0835	1.98479	-0.154725	0	0	0	-0.047518	0	0	6.77781	0.241683	0.0636329	-0.09142	3.88067	-0.54157	0	0.342589	0.0904284	-0.09142	3.7156	0.0800169	0	0	0	-0.031898	0	0	6.16006	0.113083	1.03074	0	0.948224	0.0217689	0	0.13048	1.35167	0	0.986596	0.0196888	0	0	0	-0.147632	0	0	-0.119565	4.58559e-17	2.12261	3.29378	3.37211	0.230061	0.245554	0.835821	0.370578	4	1	0.197846	0.227271	-0.0394103	-0.0452717	0.181945	0.106081	0.150715	0.0729879	0.114955	0.0246249	-0.00340628	-0.076566	0.000391141	-0.0210634	-0.149626	-0.146388	0.212331	0.01549	0.123545	0.17076	0.164103	0.376033	-0.00138688	-0.179131	-0.00170629	-0.321646	-0.0218484	-0.0213756	-0.0174894	0.0671687	0.27455	0.0583559	0.118224	0.0110309	-0.147875	0.0445879	0.0168807	0.0350967	-0.0404654	-0.00190335	0.151924	-0.172369	0.0625959	0.0213863	-1.11185	-0.02871	0.00839171	0.0619007	0	0	330.99	45.891	0.27765	2.11848	32.8979	0.685148	15.6245	42.5046	40.0031	0.534558	0.830145	0.306067	9.75209	2.09056	0.779272	3.93248	0.407427	10.3264	9.48589	0.202335	0	0	0	9.36471	0	0	0.832704	0.213651	0.834305	0.0697052	1.05322	0.0416948	1.05899	0.0168537	0.881713	0.228191	1.00393	0.471445	1.08526	0	0.975561	0.835106	0.991209	1.11633	0.0472968	0.910252	-0.147632	-0.119565	2.59827	0.0718254	0.603129	1.02965	0.811497	0.885618	0.0677396	0.753592	0.145237	0.984733	-3.72401e-19	0.974876	0.0113064	0	72.6588	0.842685	0	-0.118256	-1.02197	1.3158	-0	-0	-0	-0	-0	-0	0	0	0	0	0	0	-0.0488772	0.831268	-0	-35.7245	607.577	-0	-55.5446	-3.26593	102.947	0.169438	-6.01966e-16	0.09142	0	0	0	0	0	0	0	0	0	0
0.22	-0.148688	0.210124	0.935341	0.0653724	-0.0553369	0.0198443	0.645015	-0.47589	0.008803	-0.0923773	0.947951	-0.00508633	-1.05702	0.160098	0.0565566	-0.766711	7.66114	-0.716269	0.20616	0.0859987	0.0114252	0.134338	0.01	0.117557	0.275644	0.110065	0.0253997	0.0619764	0.13868	0.059897	0.521067	0.0552816	0.300075	0.0440641	0.0154548	0.0602677	0.01	0.110975	0.0101233	0.122344	0.0617925	0.142593	0.0322083	0.0893093	0.01	0.074699	0.01	0.096175	0.01	0.0551189	0.0870609	0.0461763	0.201648	0.0572958	0.170838	0.170838	0.881134	-0.447495	0.013088	0.145207	0.0110198	0.0110198	1.21794	0.0360552	0.00755537	0.067768	-0.115188	0.01	0.749248	-0.318944	0.00142424	0.00329174	0.280038	0.280038	1.03251	0.297509	0.0222686	0.307091	0.0166092	0.0166092	0.816553	0.519611	0.00433404	0.0302224	0.0485748	0.0485748	0.603193	0.00923505	0.00724614	0.0639672	0.536328	0.536328	1.08395	-0.142041	0.0299482	0.47817	0.278787	0.278787	1.00146	-0.192145	0.0187716	0.237556	-0.291847	0.01	0.882396	0.0275745	0.00283917	0.0147591	-0.0232783	0.01	1.13704	2.01704	0.00668402	0.0571688	0.00956875	0.01	1.1092	2.17122	0.00625837	0.0521111	0.0615922	0.0615922	0.908814	-0.180285	0.00589436	0.0478457	-0.944249	0.01	0.837799	0.330663	0.00474418	0.0347419	-0.176049	0.01	0.984176	-0.703245	-0.0635038	0	0	0.01	0.96853	-0.702949	-0.139678	0	0.00100426	0.01	1.08076	2.2231	0.00581597	0.0469343	0.067908	0.067908	1.04946	-0.402879	0.00731686	0.0648325	0.192388	0.192388	0.838885	0.473307	0.017401	0.213304	0	0	0	0	0	0	0	0	0	0	0	0	0	0	0	0	0	0	0.210124	0.935341	0	0.947951	-0.00508633	0	0.140204	0.945814	0	0.948918	0.00137269	0	0	0	-0.148688	0	0	-0.0923773	0.130412	0.880444	0.0835	0.94288	0.00227725	0	0.116265	0.711033	0.0835	0.74816	0.018538	0	0	0	-0.0833154	0	0	-1.14939	0.097457	0.485817	0.0835	0.489298	0.0401553	0	0.0716535	0.300909	0.0835	0.306369	0.0656826	0	0	0	-0.138652	0	0	-0.989296	-0.0153711	0.0240702	0.09142	0.0345226	0.148756	0	0.0874798	0.0420059	0.09142	0.0512519	0.0528225	0	0	0	-0.118808	0	0	-0.93274	0.130412	0.880444	-0.0835	0.94288	0.00227725	0	0.211366	0.730956	-0.0835	0.814457	-0.0672692	0	0	0	0.496327	0	0	-0.859088	0.318987	0.532226	-0.0835	0.64373	-0.159725	0	0.322802	0.345565	-0.0835	1.91341	-0.133773	0	0	0	0.0204372	0	0	6.80205	0.280251	0.0589579	-0.09142	3.83187	-0.389166	0	0.379331	0.0918686	-0.09142	3.63158	0.213814	0	0	0	0.0292402	0	0	6.08578	0.122608	1.03086	0	0.956775	0.00299811	0	0.140344	1.35177	0	0.98642	0.00135971	0	0	0	-0.148688	0	0	-0.0923773	4.86072e-17	2.15921	3.26664	3.45575	0.223579	0.274092	0.825546	0.376438	4	1	0.225595	0.259147	-0.0482514	-0.0554276	0.183689	0.107044	0.148903	0.0699899	0.123371	0.0253503	-0.00327163	-0.0734211	3.19614e-05	-0.0216838	-0.150985	-0.147717	0.216856	0.0115668	0.118174	0.176927	0.164184	0.388105	-0.000987688	-0.185601	-0.00170978	-0.331972	-0.0163149	-0.0159618	-0.0209647	0.0695395	0.280038	0.0589869	0.114511	0.0110198	-0.150868	0.0453287	0.0109974	0.0356798	-0.0411377	-0.00123999	0.152716	-0.176049	0.0636358	0.0139327	-1.17453	-0.0232783	0.00956875	0.0615922	0	0	326.636	43.6228	0.276575	1.74593	33.7329	0.671528	13.9812	45.5844	34.7818	0.516242	0.804008	0.296091	11.0621	1.92561	0.77769	3.92332	0.39502	10.4197	9.57701	0.210024	0	0	0	8.24533	0	0	0.855524	0.213304	0.838885	0.0648325	1.04946	0.0469343	1.08076	0.0147591	0.882396	0.237556	1.00146	0.47817	1.08395	0	0.96853	0.837799	0.984176	1.13704	0.0521111	0.908814	-0.148688	-0.0923773	2.80545	0.0639672	0.603193	1.03251	0.816553	0.881134	0.067768	0.749248	0.154961	0.984761	-7.44802e-19	0.970262	-0.00415529	0	72.315	-0.3097	0	-0.109993	-0.958133	1.09917	-0	-0	-0	-0	-0	-0	0	0	0	0	0	0	-0.044241	0.854379	-0	-32.3359	624.468	-0	-57.0889	-2.95615	106.014	0.169767	-6.03134e-16	0.09142	0	0	0	0	0	0	0	0	0	0
0.23	-0.149464	0.219667	0.935209	0.0546551	-0.0539506	0.0208476	0.636004	-0.398239	0.00173723	-0.0645107	0.960053	-0.0201343	-1.08483	0.119445	0.136705	-1.01534	7.84183	-0.724275	0.199807	0.0855568	0.0113787	0.134373	0.01	0.11705	0.281774	0.110389	0.0242793	0.06238	0.123401	0.0599099	0.528955	0.0552092	0.29612	0.0439985	0.0147845	0.0602649	0.01	0.112887	0.0105135	0.124733	0.0616713	0.142261	0.029364	0.089716	0.01	0.0741652	0.01	0.0954772	0.0133911	0.0562362	0.0842671	0.0459908	0.199845	0.0576223	0.175554	0.175554	0.876607	-0.46529	0.012651	0.138513	0.0110472	0.0110472	1.21825	0.027047	0.00755605	0.0677764	-0.117582	0.01	0.746017	-0.327605	0.00140193	0.00316223	0.286018	0.286018	1.03554	0.310481	0.022669	0.31552	0.0160396	0.0160396	0.821871	0.547247	0.00427729	0.0296045	0.0413957	0.0413957	0.603322	0.0171394	0.00669402	0.0572885	0.534964	0.534964	1.08253	-0.135989	0.0303256	0.487159	0.282409	0.282409	0.999965	-0.104048	0.0192396	0.246295	-0.295141	0.01	0.882356	-0.0365278	0.00265998	0.0130628	-0.0179795	0.01	1.15662	1.88884	0.007038	0.0614336	0.0107356	0.0107356	1.13085	2.15355	0.00670645	0.0574374	0.0605994	0.0605994	0.906697	-0.244186	0.00568411	0.0454072	-0.992932	0.01	0.841613	0.433037	0.00464678	0.0336605	-0.179729	0.01	0.977144	-0.703177	-0.0707325	0	0	0.01	0.961503	-0.702502	-0.162521	0	0.0154245	0.0154245	1.10267	2.05559	0.00640015	0.0537874	0.0682588	0.0682588	1.04524	-0.440141	0.00696859	0.060593	0.191188	0.191188	0.843665	0.481033	0.0173684	0.212752	0	0	0	0	0	0	0	0	0	0	0	0	0	0	0	0	0	0	0.219667	0.935209	0	0.960053	-0.0201343	0	0.149755	0.945737	0	0.960732	-0.0156242	0	0	0	-0.149464	0	0	-0.0645107	0.139912	0.880374	0.0835	0.956515	-0.0149893	0	0.123819	0.711138	0.0835	0.762004	0.00350762	0	0	0	-0.0948092	0	0	-1.14934	0.102424	0.486153	0.0835	0.503419	0.0280976	0	0.0747528	0.301515	0.0835	0.31326	0.0565961	0	0	0	-0.14876	0	0	-1.0299	-0.01503	0.0255158	0.09142	0.0338467	0.141719	0	0.08798	0.0425143	0.09142	0.0490298	0.0497112	0	0	0	-0.127912	0	0	-0.893195	0.139912	0.880374	-0.0835	0.956515	-0.0149893	0	0.219399	0.730102	-0.0835	0.794244	-0.100823	0	0	0	0.48654	0	0	-1.07985	0.32507	0.530328	-0.0835	0.578518	-0.214932	0	0.341534	0.344355	-0.0835	1.83606	-0.1036	0	0	0	0.0883008	0	0	6.76198	0.318189	0.0558376	-0.09142	3.75357	-0.229009	0	0.415087	0.0947077	-0.09142	3.51889	0.356029	0	0	0	0.0900381	0	0	6.03771	0.132225	1.0308	0	0.966219	-0.0144934	0	0.150211	1.3517	0	0.986921	-0.0156536	0	0	0	-0.149464	0	0	-0.0645107	8.53052e-17	2.1795	3.25045	3.5443	0.22008	0.313007	0.825755	0.383768	4	1	0.252387	0.289924	-0.0572318	-0.0657436	0.185946	0.104751	0.146939	0.0690704	0.132418	0.0275592	-0.00312563	-0.0724565	-0.000354111	-0.0235732	-0.14775	-0.144553	0.21917	0.0107868	0.11383	0.183794	0.164142	0.385707	-0.00066476	-0.192804	-0.00170798	-0.329921	-0.0152147	-0.0148854	-0.0215045	0.0629002	0.286018	0.0597571	0.111071	0.0110472	-0.153678	0.0458573	0.0186255	0.0360959	-0.0416174	-0.00210008	0.154775	-0.179729	0.0643779	0.0235967	-1.23568	-0.0179795	0.0107356	0.0605994	0	0	322.018	43.2279	0.276168	1.75512	34.546	0.645975	12.1406	45.6818	30.3924	0.566663	0.779296	0.301999	12.0848	1.7857	0.77605	3.91261	0.548514	10.5366	9.51755	0.215059	0	0	0	7.23956	0	0	0.878892	0.212752	0.843665	0.060593	1.04524	0.0537874	1.10267	0.0130628	0.882356	0.246295	0.999965	0.487159	1.08253	0	0.961503	0.841613	0.977144	1.15662	0.0574374	0.906697	-0.149464	-0.0645107	2.72298	0.0572885	0.603322	1.03554	0.821871	0.876607	0.0677764	0.746017	0.164642	0.984646	1.86201e-19	0.966132	-0.0173376	0	72.0071	-1.2922	0	-0.0956186	-0.89298	0.862135	-0	-0	-0	-0	-0	-0	0	0	0	0	0	0	-0.03893	0.878029	-0	-28.4541	641.755	-0	-58.6692	-2.60127	109.149	0.170079	-6.04243e-16	0.09142	0	0	0	0	0	0	0	0	0	0
0.24	-0.149971	0.22933	0.934937	0.0436695	-0.0529598	0.0225663	0.624788	-0.319416	-0.00697411	-0.0378322	0.972207	-0.0336186	-1.11152	0.0803866	0.202382	-1.21199	7.89504	-1.01681	0.198097	0.0850781	0.0113389	0.134398	0.01	0.11653	0.287982	0.110723	0.0229588	0.0628097	0.10983	0.0599314	0.532379	0.0551457	0.294173	0.0439684	0.0141983	0.0602226	0.01	0.114661	0.0115439	0.127076	0.0613658	0.141837	0.0269044	0.0902201	0.01	0.0736316	0.01	0.09478	0.0238902	0.05716	0.0814046	0.0457815	0.198768	0.0579709	0.192756	0.192756	0.871702	-0.517687	0.0122575	0.13253	0.0110525	0.0110525	1.21848	0.0184153	0.00755372	0.0677476	-0.117828	0.01	0.7427	-0.336062	0.00137956	0.00303478	0.292482	0.292482	1.03868	0.31813	0.0230482	0.323565	0.0131951	0.0131951	0.827532	0.584639	0.00421121	0.0288873	0.0343509	0.0343509	0.603538	0.0261793	0.00619872	0.0514083	0.535652	0.535652	1.08129	-0.111115	0.030738	0.497081	0.28874	0.28874	0.999282	-0.0329404	0.0196643	0.254409	-0.302028	0.01	0.881736	-0.0875393	0.00251081	0.0116888	-0.0128853	0.01	1.1748	1.73674	0.00741018	0.0659779	0.011886	0.011886	1.15209	2.08846	0.00722271	0.0636809	0.0589678	0.0589678	0.903997	-0.295724	0.00550011	0.0432884	-1.02223	0.01	0.846343	0.511853	0.00453409	0.0324155	-0.183409	0.01	0.970113	-0.70301	-0.0777334	0	0	0.01	0.954481	-0.701579	-0.185666	0	0.0275162	0.0275162	1.12079	1.6599	0.00739741	0.0658209	0.0625605	0.0625605	1.04049	-0.53196	0.00644763	0.0543506	0.195307	0.195307	0.848769	0.564516	0.0175522	0.21588	0	0	0	0	0	0	0	0	0	0	0	0	0	0	0	0	0	0	0.22933	0.934937	0	0.972207	-0.0336186	0	0.159423	0.945501	0	0.972607	-0.0309739	0	0	0	-0.149971	0	0	-0.0378322	0.149547	0.880143	0.0835	0.970134	-0.0306002	0	0.13151	0.711102	0.0835	0.775847	-0.00986901	0	0	0	-0.106302	0	0	-1.14935	0.107531	0.486378	0.0835	0.51756	0.0176913	0	0.0779226	0.302041	0.0835	0.320509	0.0493419	0	0	0	-0.159262	0	0	-1.06897	-0.0146937	0.0269069	0.09142	0.0334658	0.137411	0	0.0884615	0.0430001	0.09142	0.0474119	0.0480178	0	0	0	-0.136695	0	0	-0.866585	0.149547	0.880143	-0.0835	0.970134	-0.0306002	0	0.227267	0.728949	-0.0835	0.781169	-0.127736	0	0	0	0.474817	0	0	-1.24982	0.330589	0.527949	-0.0835	0.529956	-0.25687	0	0.359485	0.343499	-0.0835	1.75567	-0.0648455	0	0	0	0.1554	0	0	6.64522	0.355112	0.0544302	-0.09142	3.62707	-0.0511702	0	0.449576	0.0988885	-0.09142	3.37685	0.480512	0	0	0	0.148426	0	0	5.62841	0.141937	1.03057	0	0.975825	-0.0303123	0	0.160085	1.35146	0	0.987965	-0.0309989	0	0	0	-0.149971	0	0	-0.0378322	1.37482e-17	2.20055	3.24364	3.63263	0.219411	0.37102	0.839544	0.390888	4	1	0.277935	0.319271	-0.0663516	-0.0762198	0.188386	0.104525	0.144941	0.06505	0.141789	0.0299673	-0.00297716	-0.0682391	-0.000754033	-0.025633	-0.147431	-0.14424	0.220989	0.00944736	0.110301	0.191765	0.163823	0.384866	-0.000402476	-0.201166	-0.00169437	-0.329202	-0.0133254	-0.013037	-0.0214588	0.0558098	0.292482	0.0605887	0.107732	0.0110525	-0.155271	0.0475685	0.0374556	0.0374428	-0.0431704	-0.00422322	0.158008	-0.183409	0.0667802	0.0474526	-1.29447	-0.0128853	0.011886	0.0589678	0	0	320.187	45.6094	0.275618	1.76336	35.3976	0.587701	10.4987	44.3577	26.8268	0.633741	0.756354	0.322578	12.7527	1.66664	0.774286	3.89891	0.973148	10.9175	9.63145	0.218009	0	0	0	6.23416	0	0	0.901471	0.21588	0.848769	0.0543506	1.04049	0.0658209	1.12079	0.0116888	0.881736	0.254409	0.999282	0.497081	1.08129	0	0.954481	0.846343	0.970113	1.1748	0.0636809	0.903997	-0.149971	-0.0378322	2.64461	0.0514083	0.603538	1.03868	0.827532	0.871702	0.0677476	0.7427	0.174284	0.984413	-3.72401e-19	0.962536	-0.0282138	0	71.7391	-2.10281	0	-0.0774698	-0.828895	0.604276	-0	-0	-0	-0	-0	-0	0	0	0	0	0	0	-0.0334861	0.900849	-0	-24.4751	658.434	-0	-60.194	-2.23752	112.18	0.170375	-6.05293e-16	0.09142	0	0	0	0	0	0	0	0	0	0
0.25	-0.150214	0.239115	0.934538	0.0324133	-0.0523435	0.0248721	0.611923	-0.240941	-0.0178372	-0.0117792	0.984484	-0.0456723	-1.13861	0.0442003	0.254035	-1.34539	7.7731	-1.14494	0.196776	0.0845518	0.0113045	0.134414	0.01	0.115996	0.294477	0.111064	0.0216641	0.0632646	0.0977479	0.0599619	0.535821	0.0550954	0.295037	0.0439657	0.0136847	0.0601483	0.01	0.116272	0.0126864	0.129317	0.0608186	0.141343	0.0247702	0.0907962	0.01	0.0730981	0.01	0.0940841	0.0374549	0.0579042	0.0781543	0.0455185	0.198442	0.0583962	0.189445	0.189445	0.86631	-0.559295	0.0119449	0.127817	0.0110566	0.0110566	1.21862	0.0104137	0.00754876	0.0676863	-0.11785	0.01	0.739297	-0.344731	0.00135625	0.00290444	0.29923	0.29923	1.04187	0.323729	0.0234307	0.331734	0.0124671	0.0124671	0.833526	0.613378	0.00413523	0.028066	0.0285737	0.0285737	0.603846	0.0350455	0.00575053	0.0461756	0.539843	0.539843	1.0803	-0.0852062	0.0311604	0.507358	0.296665	0.296665	0.999219	0.0174981	0.0200616	0.262143	-0.313733	0.01	0.880648	-0.129541	0.00238357	0.0105478	-0.00806844	0.01	1.19131	1.55506	0.0077862	0.0706352	0.0130507	0.0130507	1.17241	1.9687	0.00775378	0.0702308	0.0567515	0.0567515	0.900845	-0.333093	0.00534352	0.0414967	-1.07322	0.01	0.851747	0.565652	0.00441198	0.0310742	-0.187089	0.01	0.963085	-0.702634	-0.084313	0	0	0.01	0.947473	-0.699929	-0.208329	0	0.0424349	0.0424349	1.13538	1.35001	0.00860108	0.0809796	0.0575508	0.0575508	1.03451	-0.66413	0.00580176	0.0467694	0.197362	0.197362	0.854995	0.674701	0.0178166	0.220442	0	0	0	0	0	0	0	0	0	0	0	0	0	0	0	0	0	0	0.239115	0.934538	0	0.984484	-0.0456723	0	0.169211	0.945118	0	0.984609	-0.0448488	0	0	0	-0.150214	0	0	-0.0117792	0.15932	0.879762	0.0835	0.983839	-0.0447323	0	0.13934	0.710941	0.0835	0.789629	-0.0217477	0	0	0	-0.117801	0	0	-1.15039	0.112778	0.486507	0.0835	0.531443	0.00880829	0	0.0811653	0.302503	0.0835	0.3279	0.0437781	0	0	0	-0.170145	0	0	-1.10619	-0.0143605	0.0282678	0.09142	0.0332958	0.135646	0	0.088929	0.0434756	0.09142	0.0462552	0.0476277	0	0	0	-0.145272	0	0	-0.852152	0.15932	0.879762	-0.0835	0.983839	-0.0447323	0	0.235051	0.727563	-0.0835	0.777278	-0.147513	0	0	0	0.461709	0	0	-1.35717	0.335729	0.525227	-0.0835	0.502674	-0.28415	0	0.376613	0.343058	-0.0835	1.67146	-0.0218451	0	0	0	0.220768	0	0	6.41593	0.390576	0.0547445	-0.09142	3.46296	0.112754	0	0.482478	0.104283	-0.09142	3.20184	0.597167	0	0	0	0.202931	0	0	5.27099	0.151746	1.03019	0	0.985611	-0.0446431	0	0.169972	1.35108	0	0.989391	-0.0448578	0	0	0	-0.150214	0	0	-0.0117792	5.58454e-17	2.22483	3.24488	3.71952	0.223867	0.443345	0.860536	0.399138	4	1	0.301943	0.34685	-0.0756057	-0.0868503	0.191212	0.103705	0.142569	0.0612568	0.151247	0.0342975	-0.00280087	-0.0642598	-0.00115766	-0.029337	-0.146275	-0.14311	0.222046	0.00818071	0.10767	0.200533	0.163328	0.387804	-0.000206952	-0.210364	-0.00167325	-0.331715	-0.0115388	-0.0112891	-0.0212958	0.0498696	0.29923	0.0614633	0.10436	0.0110566	-0.156874	0.0495764	0.0355077	0.0390233	-0.0449927	-0.0040036	0.162257	-0.187089	0.069599	0.0449849	-1.35006	-0.00806844	0.0130507	0.0567515	0	0	319.025	46.2625	0.275162	1.77134	36.2923	0.5568	9.10585	43.0495	25.4532	0.677695	0.735524	0.343655	13.0728	1.56463	0.772263	3.88065	1.51945	11.4298	9.71888	0.222212	0	0	0	5.26812	0	0	0.922944	0.220442	0.854995	0.0467694	1.03451	0.0809796	1.13538	0.0105478	0.880648	0.262143	0.999219	0.507358	1.0803	0	0.947473	0.851747	0.963085	1.19131	0.0702308	0.900845	-0.150214	-0.0117792	2.52027	0.0461756	0.603846	1.04187	0.833526	0.86631	0.0676863	0.739297	0.183894	0.984083	1.86201e-19	0.959546	-0.0369108	0	71.5163	-2.75101	0	-0.0551943	-0.766945	0.328599	-0	-0	-0	-0	-0	-0	0	0	0	0	0	0	-0.0268294	0.922554	-0	-19.6097	674.298	-0	-61.6443	-1.79272	115.078	0.170663	-6.06318e-16	0.09142	0	0	0	0	0	0	0	0	0	0
0.26	-0.150203	0.249022	0.934026	0.0208973	-0.0520828	0.0275893	0.598075	-0.164639	-0.0303057	0.0125457	0.996223	-0.0557929	-1.16301	0.0100751	0.284361	-1.41029	7.47279	-1.32843	0.194483	0.0839931	0.0112743	0.134422	0.01	0.115449	0.301245	0.11141	0.0205088	0.0637386	0.0869741	0.0600011	0.540588	0.0550573	0.300265	0.0439784	0.013234	0.0600491	0.01	0.117695	0.0140451	0.131397	0.0599931	0.140802	0.0229128	0.0914151	0.01	0.0725651	0.01	0.0933901	0.0519603	0.0585215	0.0745362	0.045198	0.199582	0.0588849	0.181962	0.181962	0.860585	-0.585025	0.0116699	0.123705	0.0110548	0.0110548	1.21869	0.00275497	0.00754095	0.0675898	-0.118103	0.01	0.73581	-0.352807	0.00133363	0.00278055	0.30615	0.30615	1.04512	0.328559	0.0238205	0.340112	0.0124245	0.0124245	0.839771	0.636021	0.00406353	0.0272943	0.0237196	0.0237196	0.60424	0.0440782	0.00534532	0.0415173	0.546178	0.546178	1.07955	-0.0641582	0.0315774	0.517631	0.304576	0.304576	0.99951	0.0398306	0.0204559	0.269945	-0.327515	0.01	0.879197	-0.160037	0.00228219	0.00966132	-0.00359687	0.01	1.20589	1.34971	0.00815065	0.075217	0.0144706	0.0144706	1.19127	1.80029	0.00830522	0.0771816	0.0540595	0.0540595	0.897401	-0.35394	0.00521748	0.0400624	-1.12439	0.01	0.857553	0.591858	0.00427899	0.0296229	-0.190768	0.01	0.956062	-0.701844	-0.0902452	0	0	0.01	0.940484	-0.697587	-0.22959	0	0.0569922	0.0569922	1.14748	1.1266	0.00980404	0.0969802	0.0508432	0.0508432	1.02723	-0.804949	0.00513889	0.0391717	0.200748	0.200748	0.862151	0.758816	0.0181116	0.225623	0	0	0	0	0	0	0	0	0	0	0	0	0	0	0	0	0	0	0.249022	0.934026	0	0.996223	-0.0557929	0	0.179118	0.944606	0	0.99609	-0.0566699	0	0	0	-0.150203	0	0	0.0125457	0.169227	0.87925	0.0835	0.99691	-0.056794	0	0.147306	0.710669	0.0835	0.802964	-0.0315749	0	0	0	-0.129306	0	0	-1.15046	0.118165	0.486556	0.0835	0.54513	0.00195162	0	0.0844847	0.302919	0.0835	0.335712	0.0403598	0	0	0	-0.181389	0	0	-1.14039	-0.0140264	0.0296269	0.09142	0.0337169	0.137169	0	0.0893891	0.0439534	0.09142	0.0459807	0.0486422	0	0	0	-0.153799	0	0	-0.856027	0.169227	0.87925	-0.0835	0.99691	-0.056794	0	0.242845	0.726017	-0.0835	0.78273	-0.159693	0	0	0	0.447872	0	0	-1.39774	0.340714	0.522307	-0.0835	0.497996	-0.296489	0	0.39289	0.343046	-0.0835	1.58702	0.0204795	0	0	0	0.283233	0	0	6.07505	0.424162	0.0566202	-0.09142	3.2569	0.25924	0	0.513473	0.11069	-0.09142	3.00025	0.683166	0	0	0	0.252927	0	0	4.74662	0.161652	1.02968	0	0.995023	-0.056889	0	0.179874	1.35056	0	0.990997	-0.0566604	0	0	0	-0.150203	0	0	0.0125457	1.94429e-17	2.25067	3.25098	3.80662	0.233861	0.523201	0.886939	0.409778	4	1	0.324085	0.372284	-0.0849905	-0.0976309	0.194191	0.103537	0.139906	0.0569746	0.161261	0.0386075	-0.00260291	-0.0597677	-0.00158504	-0.0330236	-0.146037	-0.142877	0.22249	0.007164	0.105917	0.208764	0.162728	0.393336	-7.66547e-05	-0.218998	-0.00164762	-0.336447	-0.0101047	-0.00988607	-0.0209973	0.0447169	0.30615	0.0623944	0.100708	0.0110548	-0.158518	0.0513448	0.0299094	0.0404153	-0.0465975	-0.00337237	0.167293	-0.190768	0.0720816	0.0378923	-1.40166	-0.00359687	0.0144706	0.0540595	0	0	319.099	45.8887	0.274724	1.77773	37.2213	0.537047	7.9101	42.1714	26.1681	0.700429	0.717117	0.369914	13.0466	1.47661	0.769725	3.8581	2.0887	11.6828	9.89766	0.229153	0	0	0	4.32038	0	0	0.943872	0.225623	0.862151	0.0391717	1.02723	0.0969802	1.14748	0.00966132	0.879197	0.269945	0.99951	0.517631	1.07955	0	0.940484	0.857553	0.956062	1.20589	0.0771816	0.897401	-0.150203	0.0125457	2.34392	0.0415173	0.60424	1.04512	0.839771	0.860585	0.0675898	0.73581	0.193477	0.983676	1.86201e-19	0.957245	-0.0435521	0	71.3448	-3.246	0	-0.0331494	-0.709258	0.0389378	-0	-0	-0	-0	-0	-0	0	0	0	0	0	0	-0.0195553	0.943669	-0	-14.2931	689.731	-0	-63.0552	-1.30667	117.905	0.170944	-6.07315e-16	0.09142	0	0	0	0	0	0	0	0	0	0
0.27	-0.149956	0.259044	0.933425	0.00914851	-0.052151	0.0304931	0.583915	-0.0922924	-0.0438767	0.0350767	1.00734	-0.0635711	-1.18464	-0.021385	0.291465	-1.41119	6.99891	-1.38533	0.191124	0.0834147	0.0112469	0.134421	0.01	0.114889	0.308152	0.111761	0.0195291	0.0642278	0.0773644	0.0600489	0.546862	0.0550281	0.30718	0.0439983	0.0128386	0.0599339	0.01	0.118915	0.0155436	0.133271	0.0588765	0.140243	0.0212949	0.0920476	0.01	0.0720329	0.01	0.0926987	0.0671784	0.0590266	0.0705151	0.0448178	0.201589	0.0594201	0.173481	0.173481	0.854659	-0.599996	0.0113998	0.119704	0.0110474	0.0110474	1.21868	-0.00415858	0.00753091	0.0674658	-0.118645	0.01	0.732246	-0.359819	0.00131277	0.00266848	0.313193	0.313193	1.04842	0.33349	0.0242138	0.348617	0.0127582	0.0127582	0.846217	0.652966	0.0040007	0.0266208	0.019609	0.019609	0.604722	0.0519438	0.00497559	0.03733	0.554056	0.554056	1.07898	-0.0500208	0.0319734	0.527513	0.312362	0.312362	0.999961	0.051263	0.0208483	0.277821	-0.34264	0.01	0.877509	-0.175718	0.00221246	0.00906428	0.000463239	0.01	1.21839	1.14232	0.00849452	0.0796058	0.0160053	0.0160053	1.20826	1.59694	0.00885983	0.0843432	0.0510247	0.0510247	0.893834	-0.357507	0.00512175	0.0389779	-1.17113	0.01	0.863486	0.590712	0.00413453	0.0280584	-0.194445	0.01	0.949049	-0.700369	-0.0953209	0	0	0.01	0.933521	-0.694829	-0.248574	0	0.0730738	0.0730738	1.15738	0.899754	0.0109055	0.112487	0.0445097	0.0445097	1.01859	-0.923025	0.00455266	0.0326202	0.202468	0.202468	0.869986	0.813803	0.0184118	0.230992	0	0	0	0	0	0	0	0	0	0	0	0	0	0	0	0	0	0	0.259044	0.933425	0	1.00734	-0.0635711	0	0.189138	0.943987	0	1.00697	-0.0660232	0	0	0	-0.149956	0	0	0.0350767	0.179263	0.878629	0.0835	1.00927	-0.0663695	0	0.155404	0.710311	0.0835	0.815775	-0.038943	0	0	0	-0.140807	0	0	-1.14957	0.123687	0.486548	0.0835	0.558544	-0.00248171	0	0.0878849	0.303313	0.0835	0.343985	0.0394409	0	0	0	-0.192958	0	0	-1.17095	-0.0136844	0.0310191	0.09142	0.0349095	0.142368	0	0.0898513	0.0444489	0.09142	0.0467208	0.05131	0	0	0	-0.162465	0	0	-0.879485	0.179263	0.878629	-0.0835	1.00927	-0.0663695	0	0.250742	0.724386	-0.0835	0.797011	-0.164733	0	0	0	0.433959	0	0	-1.37611	0.345767	0.519334	-0.0835	0.514837	-0.295499	0	0.408322	0.343426	-0.0835	1.50393	0.0562366	0	0	0	0.341666	0	0	5.62279	0.455527	0.0597763	-0.09142	3.02346	0.369195	0	0.542323	0.117797	-0.09142	2.7776	0.736992	0	0	0	0.29779	0	0	4.23746	0.17165	1.02905	0	1.00399	-0.0666366	0	0.189793	1.34994	0	0.992734	-0.0660002	0	0	0	-0.149956	0	0	0.0350767	2.00412e-17	2.27583	3.25825	3.89265	0.249158	0.605903	0.919404	0.423196	4	1	0.344052	0.395222	-0.0944958	-0.10855	0.1973	0.103269	0.13692	0.053249	0.171336	0.0442447	-0.00238098	-0.0558595	-0.00201499	-0.0378455	-0.145659	-0.142507	0.222464	0.00634064	0.104861	0.216444	0.162076	0.40073	1.81825e-06	-0.227055	-0.00161978	-0.342772	-0.0089434	-0.00874985	-0.0205415	0.0401506	0.313193	0.0633802	0.096693	0.0110474	-0.160204	0.0527987	0.0239895	0.0415597	-0.0479171	-0.00270489	0.172863	-0.194445	0.0741228	0.0303924	-1.44851	0.000463239	0.0160053	0.0510247	0	0	318.789	44.8887	0.283813	1.78188	38.1699	0.525239	6.8783	41.8785	26.9885	0.70239	0.701343	0.398641	12.6985	1.4003	0.766339	3.83301	2.71791	11.5706	10.0629	0.238313	0	0	0	3.4113	0	0	0.964015	0.230992	0.869986	0.0326202	1.01859	0.112487	1.15738	0.00906428	0.877509	0.277821	0.999961	0.527513	1.07898	0	0.933521	0.863486	0.949049	1.21839	0.0843432	0.893834	-0.149956	0.0350767	2.12864	0.03733	0.604722	1.04842	0.846217	0.854659	0.0674658	0.732246	0.203042	0.983212	1.86201e-19	0.955701	-0.0481884	0	71.2297	-3.59155	0	-0.0141411	-0.656591	-0.262799	-0	-0	-0	-0	-0	-0	0	0	0	0	0	0	-0.0118309	0.963942	-0	-8.64723	704.548	-0	-64.4098	-0.79053	120.632	0.171219	-6.08293e-16	0.09142	0	0	0	0	0	0	0	0	0	0
0.28	-0.150599	0.268629	0.93255	-0.000281018	-0.0539594	0.0344901	0.586596	-0.0662136	-0.0388702	-0.110259	0.935529	-0.0964617	-0.869727	-0.18041	0.40214	1.11932	0.328139	-1.27062	0.186721	0.0828459	0.0112216	0.134381	0.01	0.11442	0.315135	0.112081	0.0187545	0.064709	0.0688211	0.0601432	0.554241	0.0550054	0.314494	0.0440264	0.0124929	0.0597902	0.01	0.11984	0.0171138	0.134032	0.0574736	0.140187	0.01989	0.0921684	0.01	0.0715021	0.01	0.0920101	0.0829852	0.0594876	0.0657942	0.0446114	0.203231	0.0596669	0.164027	0.164027	0.848831	-0.553379	0.0113669	0.119219	0.0110347	0.0110347	1.21832	-0.0420547	0.00746933	0.066706	-0.119489	0.01	0.729257	-0.263604	0.00150297	0.00376675	0.320342	0.320342	1.05142	0.263866	0.024261	0.349642	0.0134803	0.0134803	0.852556	0.598476	0.0038778	0.0253111	0.0161483	0.0161483	0.605671	0.119046	0.00478545	0.0352015	0.562565	0.562565	1.07854	-0.0384821	0.0323796	0.537788	0.319949	0.319949	1.0006	0.080741	0.0213839	0.288729	-0.35811	0.01	0.875405	-0.241733	0.0020532	0.00774367	0.0040508	0.01	1.22787	0.774068	0.00862163	0.0812451	0.0176151	0.0176151	1.21516	0.098902	0.00788476	0.0718674	0.0477998	0.0477998	0.893479	0.266537	0.00674536	0.057904	-1.21313	0.01	0.864619	-0.329935	0.00251169	0.0116969	-0.19812	0.01	0.942056	-0.698161	-0.0972371	0	0	0.01	0.926587	-0.691865	-0.251545	0	0.0892077	0.0892077	1.16642	0.492761	0.0116751	0.123782	0.0335146	0.0335146	1.0139	-0.138757	0.00634905	0.0531822	0.204488	0.204488	0.873601	0.109495	0.0164391	0.197424	0	0	0	0	0	0	0	0	0	0	0	0	0	0	0	0	0	0	0.268629	0.93255	0	0.935529	-0.0964617	0	0.198729	0.943158	0	0.936698	-0.0887547	0	0	0	-0.150599	0	0	-0.110259	0.188812	0.877806	0.0835	0.929493	-0.0876612	0	0.16326	0.709737	0.0835	0.764788	-0.0626201	0	0	0	-0.15088	0	0	-0.979986	0.12929	0.486305	0.0835	0.545827	-0.0293303	0	0.0913133	0.303508	0.0835	0.33371	0.0147378	0	0	0	-0.20484	0	0	-1.1604	-0.0133522	0.0322194	0.09142	0.0322089	0.114003	0	0.0902862	0.0448325	0.09142	0.0417729	0.0354184	0	0	0	-0.17035	0	0	-0.758257	0.188812	0.877806	-0.0835	0.929493	-0.0876612	0	0.260606	0.723709	-0.0835	1.08499	-0.0152174	0	0	0	0.435996	0	0	1.00906	0.356048	0.518852	-0.0835	1.2917	0.0810902	0	0.423524	0.344771	-0.0835	1.52448	0.171319	0	0	0	0.369782	0	0	1.3372	0.478962	0.0623973	-0.09142	1.83153	0.286738	0	0.563789	0.12326	-0.09142	1.82747	0.292385	0	0	0	0.330912	0	0	0.0665796	0.181296	1.02824	0	0.946079	-0.0868325	0	0.199646	1.34911	0	0.981459	-0.0888557	0	0	0	-0.150599	0	0	-0.110259	5.43445e-18	2.29365	3.29881	4.00276	0.358986	0.738225	1.06313	0.475749	4	1	0.360265	0.413846	-0.103953	-0.119413	0.200619	0.104787	0.133552	0.0477632	0.179667	0.0541433	-0.00213068	-0.0501047	-0.00237051	-0.0463124	-0.147801	-0.144602	0.222061	0.00567368	0.104378	0.223574	0.161503	0.408892	3.7784e-05	-0.234534	-0.00159533	-0.349753	-0.00800267	-0.00782948	-0.0199311	0.0360794	0.320342	0.0644073	0.0924301	0.0110347	-0.16193	0.053919	0.0176782	0.0424415	-0.0489338	-0.00199327	0.178694	-0.19812	0.0756955	0.0223965	-1.48991	0.0040508	0.0176151	0.0477998	0	0	305.773	41.8715	0.368889	1.61127	39.1483	0.522044	5.99241	41.8205	27.8051	0.761311	0.68938	0.43483	6.29643	2.74554	0.762053	3.80675	3.37567	5.0199	10.1985	0.248958	0	0	11.813	1.35166	0	0	0.999117	0.197424	0.873601	0.0531822	1.0139	0.123782	1.16642	0.00774367	0.875405	0.288729	1.0006	0.537788	1.07854	0	0.926587	0.864619	0.942056	1.22787	0.0718674	0.893479	-0.150599	-0.110259	-0.168334	0.0352015	0.605671	1.05142	0.852556	0.848831	0.066706	0.729257	0.212589	0.982718	-3.72401e-19	0.953485	-0.0498021	0	71.0646	-3.71182	0	0.114655	-0.821382	-0.688958	-0	-0	-0	-0	-0	-0	0	0	0	0	0	0	-0.0200485	0.998916	-0	-14.6535	730.111	-0	-66.7468	-1.33962	125.118	0.171369	-6.08824e-16	0.09142	0	0	0	0	0	0	0	0	0	0
0.29	-0.151554	0.278048	0.931608	-0.00958004	-0.0550813	0.0381162	0.598143	-0.0665613	-0.060174	-0.0702572	0.953433	-0.0921297	-0.997921	-0.0605562	0.328838	1.09494	-0.2434	-0.456112	0.181424	0.0823287	0.0111973	0.134351	0.01	0.113983	0.322165	0.112352	0.0181955	0.0651444	0.0612028	0.0602389	0.562267	0.0549877	0.321886	0.0440652	0.0121895	0.059627	0.01	0.120516	0.0187658	0.134033	0.0558652	0.140657	0.0186635	0.0917168	0.01	0.0709731	0.01	0.0913246	0.0985435	0.0594007	0.0598833	0.0443312	0.205765	0.0600634	0.154242	0.154242	0.843532	-0.513562	0.0112658	0.117733	0.0110157	0.0110157	1.21805	-0.0144244	0.00748755	0.0669305	-0.120558	0.01	0.726467	-0.299973	0.00142782	0.00331273	0.327462	0.327462	1.05396	0.258446	0.0245941	0.356886	0.0145249	0.0145249	0.858293	0.560301	0.00379095	0.024392	0.0132837	0.0132837	0.606636	0.0715874	0.00436266	0.0305348	0.57133	0.57133	1.07819	-0.0305115	0.0327678	0.54774	0.327483	0.327483	1.00148	0.0939144	0.021808	0.297483	-0.37371	0.01	0.873016	-0.227853	0.0020459	0.00768465	0.00712537	0.01	1.2348	0.601376	0.00881166	0.083714	0.0192917	0.0192917	1.21517	-0.0556695	0.00778216	0.0705847	0.0451175	0.0451175	0.896475	0.292972	0.00668503	0.0571808	-1.25046	0.01	0.860383	-0.443548	0.00218664	0.008846	-0.20179	0.01	0.935087	-0.695474	-0.0973968	0	0	0.01	0.919684	-0.688798	-0.245843	0	0.105331	0.105331	1.16472	-0.574238	0.00946336	0.0923524	0.0194978	0.0194978	1.00753	-0.90124	0.00397675	0.0263648	0.207103	0.207103	0.879406	0.800206	0.0187588	0.23732	0	0	0	0	0	0	0	0	0	0	0	0	0	0	0	0	0	0	0.278048	0.931608	0	0.953433	-0.0921297	0	0.208159	0.942282	0	0.954183	-0.0872194	0	0	0	-0.151554	0	0	-0.0702572	0.198179	0.876939	0.0835	0.949592	-0.0865183	0	0.170905	0.709141	0.0835	0.770354	-0.0573844	0	0	0	-0.161134	0	0	-1.06818	0.134646	0.486069	0.0835	0.532073	-0.0186534	0	0.0945922	0.303716	0.0835	0.326245	0.0265565	0	0	0	-0.216215	0	0	-1.12873	-0.0130345	0.0334346	0.09142	0.0319047	0.129811	0	0.0906985	0.0452441	0.09142	0.0413511	0.0468352	0	0	0	-0.178099	0	0	-0.799896	0.198179	0.876939	-0.0835	0.949592	-0.0865183	0	0.271601	0.723612	-0.0835	1.1067	-0.0112845	0	0	0	0.446588	0	0	1.02468	0.369208	0.519777	-0.0835	1.31557	0.0887323	0	0.438464	0.346397	-0.0835	1.45103	0.142841	0	0	0	0.380027	0	0	0.781284	0.495609	0.0652981	-0.09142	1.64549	0.202587	0	0.581104	0.125219	-0.09142	1.62601	0.230388	0	0	0	0.319853	0	0	0.325172	0.190807	1.02738	0	0.960161	-0.0860004	0	0.209463	1.34824	0	0.982704	-0.0873111	0	0	0	-0.151554	0	0	-0.0702572	2.90644e-17	2.31647	3.30475	4.08851	0.277251	0.557919	0.827318	0.465729	4	1	0.369287	0.42421	-0.112927	-0.129722	0.204669	0.107001	0.129321	0.0411009	0.186377	0.0666126	-0.0018162	-0.0431158	-0.00265687	-0.0569783	-0.150924	-0.147658	0.221353	0.00511986	0.104333	0.230371	0.16105	0.417346	4.10803e-05	-0.241665	-0.00157601	-0.356984	-0.0072215	-0.00706522	-0.0191678	0.0324515	0.327462	0.0654674	0.0880174	0.0110157	-0.163615	0.0547008	0.0115234	0.0430569	-0.0496432	-0.0012993	0.183539	-0.20179	0.076793	0.014599	-1.52539	0.00712537	0.0192917	0.0451175	0	0	315.032	38.9336	0.306341	1.6725	40.1522	0.526749	5.22781	42.0431	28.62	0.729711	0.680635	0.637351	6.05278	2.9019	0.75719	3.77996	9.82362	9.24774	10.3962	0.260831	0	0	4.60026	1.95334	0	0	1.00954	0.23732	0.879406	0.0263648	1.00753	0.0923524	1.16472	0.00768465	0.873016	0.297483	1.00148	0.54774	1.07819	0	0.919684	0.860383	0.935087	1.2348	0.0705847	0.896475	-0.151554	-0.0702572	6.27321	0.0305348	0.606636	1.05396	0.858293	0.843532	0.0669305	0.726467	0.222118	0.982221	1.86201e-19	0.952814	-0.0493827	0	71.0146	-3.68057	0	0.0927785	-0.790525	-1.07374	-0	-0	-0	-0	-0	-0	0	0	0	0	0	0	0.00581324	1.00952	-0	4.24892	737.863	-0	-67.4554	0.388436	126.72	0.171739	-6.10138e-16	0.09142	0	0	0	0	0	0	0	0	0	0
0.3	-0.151979	0.287713	0.930729	-0.0200328	-0.0555887	0.0409231	0.607638	-0.0687419	-0.0561616	-0.0206359	0.97682	-0.08274	-1.07288	-0.0581675	0.226327	0.818047	-0.153167	-0.429085	0.175385	0.0818316	0.0111671	0.134339	0.01	0.113488	0.32857	0.112641	0.0178598	0.0655726	0.0544987	0.0602985	0.570614	0.0549727	0.329382	0.0441053	0.0119232	0.0594853	0.01	0.121023	0.0195481	0.133972	0.0545949	0.141061	0.0175926	0.0912922	0.01	0.0704464	0.01	0.0906421	0.113915	0.0591408	0.0532585	0.044146	0.208387	0.0602979	0.144397	0.144397	0.838438	-0.509149	0.0109636	0.113328	0.010891	0.010891	1.21794	-0.0121482	0.00748324	0.0668774	-0.121512	0.01	0.723312	-0.326062	0.00136959	0.00297871	0.333299	0.333299	1.05667	0.286188	0.0250626	0.367134	0.0158246	0.0158246	0.863934	0.572461	0.003782	0.0242976	0.0121637	0.0121637	0.607236	0.055503	0.00403839	0.0270245	0.58003	0.58003	1.0779	-0.029287	0.0330908	0.556125	0.335151	0.335151	1.00239	0.0862609	0.0220894	0.303341	-0.389505	0.01	0.870942	-0.18042	0.0021044	0.00816139	0.00945707	0.01	1.23999	0.448069	0.00894274	0.0854297	0.0182225	0.0182225	1.21462	-0.0358309	0.00783511	0.071246	0.0471905	0.0471905	0.89905	0.220444	0.00644117	0.0542738	-1.28705	0.01	0.856399	-0.344163	0.0022796	0.00963892	-0.205449	0.01	0.928147	-0.692545	-0.0970314	0	0	0.01	0.912811	-0.685677	-0.239567	0	0.120589	0.120589	1.15962	-0.457616	0.0104868	0.106496	0.00411563	0.01	1.00332	-0.10884	0.00551301	0.0434364	0.210164	0.210164	0.882839	0.138529	0.0170279	0.207046	0	0	0	0	0	0	0	0	0	0	0	0	0	0	0	0	0	0	0.287713	0.930729	0	0.97682	-0.08274	0	0.217828	0.941432	0	0.977041	-0.0812978	0	0	0	-0.151979	0	0	-0.0206359	0.20782	0.876094	0.0835	0.975693	-0.0810913	0	0.178722	0.708603	0.0835	0.792539	-0.0492722	0	0	0	-0.172012	0	0	-1.09351	0.140039	0.485938	0.0835	0.549052	-0.00697153	0	0.0979119	0.304053	0.0835	0.339579	0.0415455	0	0	0	-0.227601	0	0	-1.15168	-0.0126949	0.0348582	0.09142	0.0368329	0.156321	0	0.0911356	0.0457774	0.09142	0.046937	0.060241	0	0	0	-0.186678	0	0	-0.925353	0.20782	0.876094	-0.0835	0.975693	-0.0810913	0	0.28263	0.723439	-0.0835	1.09742	-0.0214376	0	0	0	0.455659	0	0	0.797412	0.382082	0.520498	-0.0835	1.25925	0.0578667	0	0.45253	0.347599	-0.0835	1.37064	0.103253	0	0	0	0.386917	0	0	0.644244	0.511833	0.0667701	-0.09142	1.52774	0.155405	0	0.59667	0.12762	-0.09142	1.51465	0.173658	0	0	0	0.330755	0	0	0.215159	0.200512	1.02653	0	0.978797	-0.0809405	0	0.219304	1.34739	0	0.985418	-0.0813283	0	0	0	-0.151979	0	0	-0.0206359	5.83286e-17	2.33229	3.30142	4.15452	0.329367	0.672993	0.953568	0.500451	4	1	0.376052	0.431981	-0.122055	-0.140208	0.209323	0.109516	0.124163	0.034424	0.191943	0.0797746	-0.00143281	-0.0361116	-0.00289442	-0.0682366	-0.154472	-0.151129	0.220409	0.00468956	0.104539	0.237227	0.160706	0.425796	2.58035e-05	-0.248857	-0.00156132	-0.364212	-0.00661457	-0.00647142	-0.018104	0.0302678	0.333299	0.0665101	0.0836775	0.010891	-0.164929	0.0551582	0.00556144	0.043417	-0.0500584	-0.000627068	0.180773	-0.205449	0.0774352	0.0070458	-1.5523	0.00945707	0.0182225	0.0471905	0	0	309.293	36.9498	0.299262	1.71075	40.9984	0.539003	4.64995	42.7815	29.4529	0.663718	0.674089	0.580342	6.07191	2.47777	0.752047	3.75296	10.3866	3.41455	10.5956	0.273423	0	0	2.26517	1.96363	0	0	1.0212	0.207046	0.882839	0.0434364	1.00332	0.106496	1.15962	0.00816139	0.870942	0.303341	1.00239	0.556125	1.0779	0	0.912811	0.856399	0.928147	1.23999	0.071246	0.89905	-0.151979	-0.0206359	3.71656	0.0270245	0.607236	1.05667	0.863934	0.838438	0.0668774	0.723312	0.231652	0.981734	1.86201e-19	0.954173	-0.0479038	0	71.1159	-3.57034	0	0.053682	-0.723707	-1.38191	-0	-0	-0	-0	-0	-0	0	0	0	0	0	0	0.0196842	1.02101	-0	14.3873	746.259	-0	-68.223	1.31529	128.369	0.172017	-6.11127e-16	0.09142	0	0	0	0	0	0	0	0	0	0
0.31	-0.151974	0.297584	0.929954	-0.0309974	-0.0562979	0.0426468	0.614744	-0.070429	-0.066575	0.0237564	0.998583	-0.0728358	-1.12676	-0.078836	0.125008	0.601791	-0.212598	-0.493879	0.168802	0.0813318	0.0111337	0.134322	0.01	0.112966	0.334434	0.112956	0.01774	0.0660144	0.0487021	0.0603563	0.578918	0.0549556	0.336933	0.0441377	0.0116894	0.0593842	0.0108013	0.121393	0.0192436	0.133934	0.0538612	0.141363	0.0166563	0.0909722	0.01	0.0699218	0.01	0.0899628	0.127823	0.0588211	0.0474529	0.0440194	0.211523	0.0604736	0.134897	0.134897	0.833317	-0.51778	0.0105743	0.107738	0.0109015	0.0109015	1.21779	-0.0170537	0.00746876	0.0666988	-0.122864	0.01	0.719986	-0.341845	0.00133058	0.00276402	0.338949	0.338949	1.05963	0.306523	0.0254589	0.375853	0.0172828	0.0172828	0.869755	0.59388	0.00380488	0.0245391	0.0109304	0.0109304	0.607818	0.060579	0.00379354	0.0244193	0.588296	0.588296	1.07756	-0.0390603	0.0332885	0.561304	0.342801	0.342801	1.00313	0.0593144	0.0222268	0.306215	-0.405119	0.01	0.869462	-0.113956	0.00219918	0.00895187	0.0111616	0.0111616	1.24378	0.301917	0.009062	0.087	0.0169501	0.0169501	1.21427	-0.0442692	0.00778967	0.0706784	0.0498423	0.0498423	0.900973	0.162703	0.00625494	0.0520707	-1.31805	0.01	0.853397	-0.254976	0.00236168	0.0103546	-0.209095	0.01	0.921236	-0.689495	-0.0963606	0	0	0.01	0.90597	-0.682528	-0.233477	0	0.134303	0.134303	1.15336	-0.761633	0.01005	0.100371	-0.011436	0.01	1.00044	-0.420398	0.0043004	0.0298559	0.213255	0.213255	0.885412	0.358075	0.0182317	0.227758	0	0	0	0	0	0	0	0	0	0	0	0	0	0	0	0	0	0	0.297584	0.929954	0	0.998583	-0.0728358	0	0.227699	0.940657	0	0.998329	-0.074496	0	0	0	-0.151974	0	0	0.0237564	0.217692	0.875319	0.0835	0.999881	-0.0747337	0	0.18676	0.708157	0.0835	0.8155	-0.0406158	0	0	0	-0.182972	0	0	-1.103	0.145639	0.485929	0.0835	0.570383	0.004741	0	0.101392	0.304548	0.0835	0.35602	0.0570333	0	0	0	-0.239269	0	0	-1.18184	-0.0122935	0.0365655	0.09142	0.0432597	0.184388	0	0.0916405	0.0464516	0.09142	0.0537077	0.0745475	0	0	0	-0.196623	0	0	-1.05683	0.217692	0.875319	-0.0835	0.999881	-0.0747337	0	0.293585	0.7232	-0.0835	1.09504	-0.0272592	0	0	0	0.46277	0	0	0.625547	0.394478	0.520971	-0.0835	1.22154	0.035854	0	0.465863	0.348457	-0.0835	1.29278	0.0653324	0	0	0	0.39234	0	0	0.412949	0.526109	0.0682917	-0.09142	1.38114	0.1064	0	0.611249	0.128717	-0.09142	1.38603	0.0995101	0	0	0	0.325765	0	0	-0.0809294	0.210383	1.02576	0	0.996307	-0.0749074	0	0.229174	1.34661	0	0.988684	-0.074461	0	0	0	-0.151974	0	0	0.0237564	6.14837e-17	2.34854	3.28917	4.19213	0.297644	0.616943	0.870748	0.487372	4	1	0.381391	0.438114	-0.131357	-0.150893	0.214419	0.112122	0.118045	0.0286666	0.196498	0.0925301	-0.000978042	-0.0300719	-0.00308879	-0.0791472	-0.158147	-0.154725	0.219311	0.00439976	0.104858	0.244148	0.160443	0.433925	2.06227e-06	-0.256117	-0.00155009	-0.371165	-0.00620581	-0.00607151	-0.0161321	0.0270625	0.338949	0.0674536	0.0797317	0.0109015	-0.166391	0.0552988	-0.000133804	0.0435276	-0.0501859	1.50868e-05	0.176463	-0.209095	0.0776325	-0.000169517	-1.57197	0.0111616	0.0169501	0.0498423	0	0	316.115	35.2787	0.310037	1.72954	41.7732	0.557663	4.13879	44.3626	30.3	0.574698	0.736859	0.583425	6.15912	2.0984	0.746779	3.72591	14.5587	5.12919	10.8088	0.286443	0	0	4.16106	1.29026	0	0	1.02856	0.227758	0.885412	0.0298559	1.00044	0.100371	1.15336	0.00895187	0.869462	0.306215	1.00313	0.561304	1.07756	0	0.90597	0.853397	0.921236	1.24378	0.0706784	0.900973	-0.151974	0.0237564	5.22926	0.0244193	0.607818	1.05963	0.869755	0.833317	0.0666988	0.719986	0.241205	0.981267	1.86201e-19	0.956507	-0.0454402	0	71.2898	-3.38672	0	0.0157954	-0.659358	-1.69223	-0	-0	-0	-0	-0	-0	0	0	0	0	0	0	0.0286298	1.02816	-0	20.9256	751.489	-0	-68.7011	1.91302	129.466	0.172279	-6.12059e-16	0.09142	0	0	0	0	0	0	0	0	0	0
0.32	-0.151485	0.307697	0.92928	-0.0425782	-0.0572001	0.0433579	0.61941	-0.0724621	-0.0669555	0.0707118	1.02253	-0.0618129	-1.18159	-0.105273	0.0147683	0.341631	-0.173313	-0.425006	0.161843	0.080818	0.0111077	0.134301	0.01	0.112415	0.340398	0.113292	0.0185608	0.0664623	0.0435647	0.0604187	0.58747	0.0549311	0.346076	0.0441541	0.0114841	0.0593285	0.0120575	0.121613	0.0189571	0.133884	0.0535239	0.141567	0.0158373	0.0907531	0.01	0.0693997	0.01	0.0892866	0.157388	0.0584048	0.043753	0.0439103	0.205535	0.0606694	0.125637	0.125637	0.828053	-0.537022	0.010119	0.10133	0.0109215	0.0109215	1.2176	-0.0225749	0.00745214	0.0664942	-0.124585	0.01	0.716473	-0.359567	0.00128558	0.00252572	0.345163	0.345163	1.06278	0.324284	0.0258405	0.384291	0.0189571	0.0189571	0.875656	0.587817	0.0038918	0.0254598	0.00871159	0.01	0.608446	0.0663685	0.0035741	0.0221224	0.597427	0.597427	1.07708	-0.0586609	0.0333832	0.563795	0.353743	0.353743	1.0035	0.0128784	0.0222692	0.307104	-0.424439	0.01	0.868646	-0.0458333	0.00229711	0.00979043	0.0124376	0.0124376	1.24604	0.160033	0.00912133	0.0877846	0.0169806	0.0169806	1.21382	-0.0386271	0.00776107	0.0703217	0.0518768	0.0518768	0.902277	0.0963021	0.00606306	0.0498156	-1.34315	0.01	0.851342	-0.151908	0.00247544	0.0113687	-0.212727	0.01	0.914357	-0.686384	-0.0952769	0	0	0.01	0.89916	-0.679362	-0.227298	0	0.170236	0.170236	1.14519	-0.825343	0.0109929	0.113753	0.0262959	0.0262959	0.997961	-0.138322	0.00473484	0.034638	0.172478	0.172478	0.888279	0.247794	0.0174822	0.214683	0	0	0	0	0	0	0	0	0	0	0	0	0	0	0	0	0	0	0.307697	0.92928	0	1.02253	-0.0618129	0	0.237807	0.939949	0	1.02178	-0.066755	0	0	0	-0.151485	0	0	0.0707118	0.227832	0.874606	0.0835	1.0264	-0.0674604	0	0.195048	0.707797	0.0835	0.841096	-0.0310412	0	0	0	-0.194063	0	0	-1.11088	0.151465	0.486039	0.0835	0.59475	0.0173748	0	0.105046	0.305202	0.0835	0.374823	0.0738271	0	0	0	-0.251263	0	0	-1.21615	-0.0118239	0.0385615	0.09142	0.0510056	0.215126	0	0.092215	0.0472745	0.09142	0.0614732	0.0901353	0	0	0	-0.207905	0	0	-1.20139	0.227832	0.874606	-0.0835	1.0264	-0.0674604	0	0.304508	0.72288	-0.0835	1.08896	-0.0358435	0	0	0	0.467926	0	0	0.412343	0.406442	0.521173	-0.0835	1.17214	0.00618829	0	0.478366	0.348883	-0.0835	1.21332	0.0233801	0	0	0	0.395463	0	0	0.239029	0.539466	0.0689203	-0.09142	1.25668	0.0518518	0	0.62444	0.129579	-0.09142	1.26796	0.0360488	0	0	0	0.328508	0	0	-0.185976	0.220449	1.02504	0	1.01576	-0.0679824	0	0.239083	1.34591	0	0.993074	-0.0666648	0	0	0	-0.151485	0	0	0.0707118	4.00825e-17	2.3499	3.26154	4.20672	0.32387	0.692482	0.939247	0.502136	4	1	0.385264	0.442563	-0.140806	-0.161747	0.216769	0.0958287	0.114725	0.0467364	0.200654	0.101822	-0.000731282	-0.0490276	-0.00326618	-0.0870948	-0.135165	-0.13224	0.217943	0.00375874	0.105311	0.253734	0.160238	0.442377	-3.15667e-05	-0.266173	-0.00154134	-0.378395	-0.00530166	-0.00518693	-0.0148455	0.0235571	0.345163	0.0683814	0.075939	0.0109215	-0.167984	0.055135	-0.00543703	0.0433987	-0.0500373	0.000613041	0.173035	-0.212727	0.0774026	-0.00688819	-1.5867	0.0124376	0.0169806	0.0518768	0	0	319.695	33.824	0.322349	1.74948	42.5905	0.598021	3.70048	46.791	31.4428	0.479642	0.820297	0.563159	6.24335	1.6817	0.741459	3.69888	19.0026	3.41633	9.48693	0.300805	0	0	3.26861	0.429517	0	0	1.03073	0.214683	0.888279	0.034638	0.997961	0.113753	1.14519	0.00979043	0.868646	0.307104	1.0035	0.563795	1.07708	0	0.89916	0.851342	0.914357	1.24604	0.0703217	0.902277	-0.151485	0.0707118	4.06758	0.0221224	0.608446	1.06278	0.875656	0.828053	0.0664942	0.716473	0.250786	0.980827	1.86201e-19	0.959798	-0.0425666	0	71.5351	-3.17255	0	-0.0255277	-0.58996	-2.00437	-0	-0	-0	-0	-0	-0	0	0	0	0	0	0	0.0380798	1.03002	-0	27.8327	752.846	-0	-68.8252	2.54446	129.915	0.172565	-6.13073e-16	0.09142	0	0	0	0	0	0	0	0	0	0
0.33	-0.150559	0.318039	0.928719	-0.054633	-0.0583972	0.042901	0.62167	-0.0742828	-0.0749908	0.11497	1.04614	-0.0510401	-1.233	-0.130122	-0.101336	0.113648	-0.209468	-0.502376	0.157138	0.0802778	0.0110828	0.134272	0.01	0.11184	0.346707	0.113643	0.0192318	0.066917	0.0391575	0.0604888	0.595844	0.0548942	0.355095	0.0441479	0.0113039	0.0593226	0.0130766	0.121711	0.0187171	0.133841	0.0534522	0.141673	0.0151204	0.0906403	0.01	0.0688799	0.01	0.0886135	0.152585	0.0580051	0.0394064	0.043793	0.226394	0.0608196	0.146461	0.146461	0.822519	-0.583644	0.00965604	0.0949601	0.010894	0.010894	1.21734	-0.0283299	0.00743244	0.0662516	-0.126278	0.01	0.71281	-0.374722	0.00124416	0.00231546	0.351833	0.351833	1.06607	0.336554	0.0262067	0.392429	0.0171574	0.0171574	0.881647	0.644867	0.00403426	0.0269802	0.00730993	0.01	0.609152	0.0739732	0.00338709	0.0201965	0.605494	0.605494	1.07636	-0.0873952	0.0333653	0.563324	0.362101	0.362101	1.00336	-0.0414626	0.0222219	0.306112	-0.441134	0.01	0.868559	0.0306728	0.00240905	0.0107739	0.0133704	0.0133704	1.24704	0.0349672	0.00910004	0.0875029	0.0170054	0.0170054	1.21343	-0.0445543	0.00772167	0.069831	0.0533655	0.0533655	0.902953	0.0377672	0.00590078	0.0479205	-1.32522	0.01	0.850284	-0.0582372	0.00257585	0.0122833	-0.216343	0.01	0.907508	-0.683239	-0.0938507	0	0	0.01	0.892382	-0.67619	-0.221212	0	0.116876	0.116876	1.13735	-0.730525	0.0110292	0.11428	-0.0290955	0.01	0.995295	-0.366047	0.00388553	0.0253932	0.242825	0.242825	0.890478	0.171748	0.0183463	0.229811	0	0	0	0	0	0	0	0	0	0	0	0	0	0	0	0	0	0	0.318039	0.928719	0	1.04614	-0.0510401	0	0.248139	0.939323	0	1.04493	-0.0590766	0	0	0	-0.150559	0	0	0.11497	0.238224	0.873971	0.0835	1.05244	-0.0602165	0	0.203586	0.707537	0.0835	0.86636	-0.0214896	0	0	0	-0.205192	0	0	-1.11803	0.157537	0.486278	0.0835	0.618985	0.0299944	0	0.108893	0.306027	0.0835	0.394003	0.09071	0	0	0	-0.263589	0	0	-1.24816	-0.0112684	0.0408732	0.09142	0.0599843	0.246443	0	0.0928734	0.0482554	0.09142	0.0699466	0.105904	0	0	0	-0.220688	0	0	-1.34949	0.238224	0.873971	-0.0835	1.05244	-0.0602165	0	0.315383	0.72249	-0.0835	1.08707	-0.0425765	0	0	0	0.471111	0	0	0.228619	0.417959	0.521109	-0.0835	1.13311	-0.0191256	0	0.490118	0.348917	-0.0835	1.13641	-0.0177438	0	0	0	0.396828	0	0	0.0191503	0.551156	0.0693014	-0.09142	1.11402	1.88471e-06	0	0.636532	0.129392	-0.09142	1.14306	-0.0412541	0	0	0	0.321838	0	0	-0.483226	0.230702	1.0244	0	1.03514	-0.0610813	0	0.249039	1.34528	0	0.998252	-0.0589731	0	0	0	-0.150559	0	0	0.11497	2.38125e-17	2.35412	3.22575	4.19914	0.301941	0.668158	0.903707	0.490767	4	1	0.3877	0.445362	-0.15041	-0.17278	0.220545	0.115194	0.110215	0.0231693	0.199871	0.0759678	-0.000396078	-0.0243052	-0.00323275	-0.0649804	-0.16248	-0.158963	0.216389	0.00373009	0.105935	0.261427	0.160078	0.450564	-7.79596e-05	-0.274244	-0.00153454	-0.385397	-0.00526125	-0.0051474	-0.0138648	0.0211748	0.351833	0.0693388	0.0721256	0.010894	-0.169656	0.0551087	0.0192271	0.043378	-0.0500135	-0.00216791	0.170515	-0.216343	0.0773657	0.0243588	-1.59746	0.0133704	0.0170054	0.0533655	0	0	328.803	35.0805	0.334524	1.76367	43.4642	0.590746	3.37821	49.8889	35.2141	0.41167	0.885441	0.576402	6.31764	1.29334	0.736123	3.67194	16.3936	4.01413	12.2456	0.317329	0	0	4.513	0.419544	0	0	1.02833	0.229811	0.890478	0.0253932	0.995295	0.11428	1.13735	0.0107739	0.868559	0.306112	1.00336	0.563324	1.07636	0	0.892382	0.850284	0.907508	1.24704	0.069831	0.902953	-0.150559	0.11497	4.90676	0.0201965	0.609152	1.06607	0.881647	0.822519	0.0662516	0.71281	0.260404	0.980416	-7.44802e-19	0.963926	-0.0397061	0	71.8427	-2.95935	0	-0.0667687	-0.523878	-2.32531	-0	-0	-0	-0	-0	-0	0	0	0	0	0	0	0.0466759	1.02727	-0	34.1156	750.838	-0	-68.6417	3.11884	129.797	0.172869	-6.14153e-16	0.09142	0	0	0	0	0	0	0	0	0	0
0.34	-0.149165	0.328634	0.928261	-0.0672629	-0.059817	0.0412893	0.621494	-0.0763719	-0.075812	0.161348	1.07172	-0.0406269	-1.28767	-0.155989	-0.219564	-0.141408	-0.190908	-0.185907	0.155713	0.0796762	0.0110574	0.134239	0.01	0.111238	0.353395	0.114008	0.0189003	0.0674308	0.0353681	0.060565	0.603419	0.0548412	0.362231	0.0441182	0.0111456	0.0593692	0.0137457	0.121678	0.0184892	0.133791	0.0540176	0.141681	0.0144928	0.0906308	0.01	0.0683624	0.01	0.0879436	0.150581	0.0576874	0.0355825	0.0436918	0.224335	0.0609245	0.146889	0.146889	0.816354	-0.645873	0.00929102	0.0900412	0.0108664	0.0108664	1.21703	-0.0338831	0.00741075	0.0659848	-0.127029	0.01	0.708974	-0.392074	0.0011951	0.00207809	0.358884	0.358884	1.06949	0.350052	0.0265892	0.400971	0.0166213	0.0166213	0.888417	0.70191	0.00407582	0.0274263	0.00631407	0.01	0.609919	0.0805835	0.00322286	0.0185322	0.611937	0.611937	1.07532	-0.121845	0.0332502	0.560297	0.367568	0.367568	1.00269	-0.094138	0.0220912	0.303378	-0.453593	0.01	0.869242	0.108618	0.00252135	0.0117847	0.013927	0.013927	1.2467	-0.100989	0.00896606	0.085736	0.016839	0.016839	1.21297	-0.0425888	0.00769106	0.0694503	0.0542592	0.0542592	0.903	-0.0285423	0.00575781	0.0462599	-1.32748	0.01	0.850195	0.0443222	0.00269379	0.0133792	-0.219943	0.01	0.900691	-0.680076	-0.0920201	0	0	0.01	0.885635	-0.673016	-0.215063	0	0.146444	0.146444	1.13112	-0.522981	0.0116591	0.123544	0.00365507	0.01	0.992995	-0.0991314	0.00420774	0.0288497	0.204994	0.204994	0.892013	0.138311	0.0180593	0.224696	0	0	0	0	0	0	0	0	0	0	0	0	0	0	0	0	0	0	0.328634	0.928261	0	1.07172	-0.0406269	0	0.258719	0.938768	0	1.07002	-0.0519076	0	0	0	-0.149165	0	0	0.161348	0.248896	0.873402	0.0835	1.08057	-0.0534925	0	0.212389	0.707368	0.0835	0.893562	-0.0123747	0	0	0	-0.216428	0	0	-1.12632	0.163858	0.48664	0.0835	0.644951	0.0422877	0	0.112936	0.307019	0.0835	0.41462	0.107585	0	0	0	-0.276245	0	0	-1.28231	-0.0106185	0.0434994	0.09142	0.0702409	0.278579	0	0.093618	0.0493951	0.09142	0.0790957	0.122029	0	0	0	-0.234956	0	0	-1.50188	0.248896	0.873402	-0.0835	1.08057	-0.0534925	0	0.326239	0.722015	-0.0835	1.08359	-0.0519503	0	0	0	0.472329	0	0	0.0199402	0.42906	0.52076	-0.0835	1.0876	-0.0499	0	0.501069	0.348505	-0.0835	1.05815	-0.0622112	0	0	0	0.395957	0	0	-0.170968	0.561818	0.0688629	-0.09142	1.00009	-0.0664455	0	0.647295	0.128809	-0.09142	1.02148	-0.0969504	0	0	0	0.320145	0	0	-0.356875	0.241164	1.02382	0	1.0563	-0.05474	0	0.259053	1.34473	0	1.00452	-0.0518537	0	0	0	-0.149165	0	0	0.161348	4.76251e-17	2.35464	3.18154	4.17095	0.311721	0.709837	0.957339	0.495431	4	1	0.388666	0.446471	-0.160163	-0.183984	0.222778	0.100499	0.107236	0.0381718	0.197527	0.0876023	-0.000174671	-0.0400432	-0.00313272	-0.0749322	-0.141753	-0.138685	0.21504	0.0039615	0.106581	0.266575	0.159943	0.45746	-0.000125985	-0.279644	-0.00152879	-0.391296	-0.00558765	-0.00546673	-0.0128116	0.0191256	0.358884	0.0703093	0.0682058	0.0108664	-0.171414	0.0563876	0.0222952	0.0443847	-0.0511741	-0.00251385	0.168993	-0.219943	0.0791611	0.0282459	-1.60388	0.013927	0.016839	0.0542592	0	0	334.752	36.025	0.346147	1.77897	44.3923	0.580042	3.10353	53.3035	39.4322	0.408126	1.72912	0.565116	6.95266	1.03778	0.73079	3.64511	14.8612	2.26414	11.0538	0.330128	0	0	4.22069	1.32327	0	0	1.02087	0.224696	0.892013	0.0288497	0.992995	0.123544	1.13112	0.0117847	0.869242	0.303378	1.00269	0.560297	1.07532	0	0.885635	0.850195	0.900691	1.2467	0.0694503	0.903	-0.149165	0.161348	4.22877	0.0185322	0.609919	1.06949	0.888417	0.816354	0.0659848	0.708974	0.270069	0.980031	1.86201e-19	0.96898	-0.0373715	0	72.2194	-2.78535	0	-0.108326	-0.454501	-2.6451	-0	-0	-0	-0	-0	-0	0	0	0	0	0	0	0.0555276	1.01936	-0	40.5853	745.05	-0	-68.1125	3.71031	129.042	0.173199	-6.15325e-16	0.09142	0	0	0	0	0	0	0	0	0	0
0.35	-0.147332	0.339477	0.927905	-0.0803799	-0.0615298	0.038467	0.618887	-0.0782689	-0.0805081	0.205071	1.09685	-0.031252	-1.33716	-0.184018	-0.339119	-0.374257	-0.201605	-0.383379	0.152236	0.0790314	0.0110308	0.134198	0.01	0.110612	0.360437	0.114385	0.0187649	0.0679737	0.0321009	0.0606496	0.609256	0.0547697	0.366836	0.0440658	0.0110066	0.0594706	0.0140905	0.12152	0.01828	0.133745	0.054473	0.141591	0.013943	0.0907286	0.01	0.0678474	0.01	0.0872768	0.14704	0.0574365	0.032286	0.0436247	0.228373	0.0610338	0.130694	0.130694	0.809748	-0.672787	0.00897629	0.0858706	0.0108268	0.0108268	1.21666	-0.0402205	0.00738524	0.0656713	-0.128192	0.01	0.704984	-0.406825	0.0011491	0.00186732	0.366213	0.366213	1.07303	0.36153	0.0269716	0.409554	0.0182904	0.0182904	0.895569	0.727909	0.00410367	0.0277259	0.00576252	0.01	0.610772	0.0897332	0.00308469	0.0171535	0.615514	0.615514	1.07392	-0.159576	0.0330338	0.554638	0.370073	0.370073	1.0015	-0.144763	0.0218634	0.298633	-0.460498	0.01	0.870726	0.19022	0.00263464	0.0128269	0.0141722	0.0141722	1.24508	-0.227779	0.00875184	0.0829344	0.0167779	0.0167779	1.21256	-0.0436231	0.00765936	0.0690564	0.0546001	0.0546001	0.902427	-0.0863336	0.00562511	0.0447262	-1.34607	0.01	0.851113	0.140644	0.00279958	0.0143804	-0.223526	0.01	0.893906	-0.676905	-0.0898406	0	0	0.01	0.878921	-0.669843	-0.209002	0	0.12465	0.12465	1.12621	-0.46776	0.0116797	0.123851	-0.0244976	0.01	0.991471	-0.215055	0.00370297	0.0234667	0.233825	0.233825	0.893614	0.167759	0.0184724	0.232088	0	0	0	0	0	0	0	0	0	0	0	0	0	0	0	0	0	0	0.339477	0.927905	0	1.09685	-0.031252	0	0.269543	0.938284	0	1.09472	-0.0455935	0	0	0	-0.147332	0	0	0.205071	0.259839	0.8729	0.0835	1.10813	-0.0475834	0	0.221462	0.707288	0.0835	0.920646	-0.00413692	0	0	0	-0.227712	0	0	-1.13209	0.170443	0.487122	0.0835	0.671399	0.0536213	0	0.117191	0.308178	0.0835	0.435889	0.123706	0	0	0	-0.289242	0	0	-1.31611	-0.00985853	0.0464488	0.09142	0.0817494	0.310469	0	0.0944581	0.050695	0.09142	0.0887778	0.137801	0	0	0	-0.250774	0	0	-1.65522	0.259839	0.8729	-0.0835	1.10813	-0.0475834	0	0.337066	0.721453	-0.0835	1.08251	-0.060649	0	0	0	0.471555	0	0	-0.169186	0.439731	0.520118	-0.0835	1.04845	-0.0780185	0	0.511279	0.347672	-0.0835	0.984505	-0.104548	0	0	0	0.393286	0	0	-0.370791	0.571023	0.068025	-0.09142	0.859759	-0.113859	0	0.65694	0.12734	-0.09142	0.904493	-0.178655	0	0	0	0.312778	0	0	-0.754169	0.251832	1.0233	0	1.07729	-0.0492255	0	0.269133	1.34424	0	1.01147	-0.0456776	0	0	0	-0.147332	0	0	0.205071	1.94429e-17	2.35766	3.12994	4.12035	0.291828	0.687431	0.934902	0.482955	4	1	0.388165	0.445896	-0.170074	-0.195369	0.224451	0.110553	0.105199	0.0262373	0.194645	0.0825641	-2.32488e-05	-0.0275235	-0.00300973	-0.0706226	-0.155934	-0.152559	0.214078	0.00434519	0.107101	0.269101	0.159789	0.461721	-0.000164661	-0.282293	-0.00152219	-0.394941	-0.00612885	-0.00599621	-0.0116567	0.0174193	0.366213	0.0712946	0.0640848	0.0108268	-0.173248	0.0572402	0.00936875	0.0450557	-0.0519479	-0.00105635	0.168413	-0.223526	0.080358	0.0118693	-1.60671	0.0141722	0.0167779	0.0546001	0	0	343.349	34.7642	0.359221	1.78852	45.3646	0.601805	2.86861	56.6967	43.1021	0.405273	2.69569	0.563854	8.06782	1.0108	0.725471	3.61841	13.4554	2.65763	12.0603	0.341213	0	0	4.7445	2.32253	0	0	1.0092	0.232088	0.893614	0.0234667	0.991471	0.123851	1.12621	0.0128269	0.870726	0.298633	1.0015	0.554638	1.07392	0	0.878921	0.851113	0.893906	1.24508	0.0690564	0.902427	-0.147332	0.205071	4.6387	0.0171535	0.610772	1.07303	0.895569	0.809748	0.0656713	0.704984	0.279788	0.979665	-3.72401e-19	0.974916	-0.0360041	0	72.6618	-2.68344	0	-0.150716	-0.388769	-2.96325	-0	-0	-0	-0	-0	-0	0	0	0	0	0	0	0.0647906	1.00712	-0	47.3556	736.108	-0	-67.295	4.32925	127.757	0.173557	-6.16599e-16	0.09142	0	0	0	0	0	0	0	0	0	0
0.36	-0.145047	0.350583	0.927632	-0.0940301	-0.0635035	0.0344853	0.613896	-0.0802918	-0.0816937	0.249957	1.12343	-0.0235941	-1.38946	-0.211645	-0.454585	-0.617573	-0.192227	-0.12738	0.147004	0.078368	0.0110026	0.13415	0.01	0.109961	0.367733	0.114776	0.0197439	0.0685184	0.0292768	0.0607426	0.61301	0.0546786	0.369128	0.0439913	0.0108845	0.0596271	0.0141401	0.121233	0.0180813	0.133696	0.0545064	0.14141	0.0134612	0.0909301	0.01	0.0673349	0.01	0.0866132	0.145363	0.0572227	0.0294369	0.0435605	0.226857	0.0611408	0.117177	0.117177	0.802951	-0.686971	0.00863115	0.0813683	0.0107878	0.0107878	1.21623	-0.0462663	0.00735741	0.0653297	-0.129912	0.01	0.700834	-0.423018	0.00109553	0.00163651	0.373825	0.373825	1.0767	0.373976	0.027361	0.418342	0.0202119	0.0202119	0.902746	0.709902	0.00419907	0.0287558	0.00554722	0.01	0.611708	0.0982555	0.00296389	0.0159661	0.61678	0.61678	1.07213	-0.198873	0.0327262	0.546666	0.370545	0.370545	0.999803	-0.194922	0.0215436	0.292015	-0.463205	0.01	0.873017	0.269504	0.00273799	0.0137955	0.0140903	0.0140903	1.24215	-0.361701	0.00844447	0.0789629	0.0166406	0.0166406	1.21211	-0.0428706	0.00762949	0.0686857	0.0543491	0.0543491	0.901275	-0.146217	0.00545292	0.0427474	-1.35598	0.01	0.853003	0.239996	0.00290331	0.0153773	-0.227093	0.01	0.887152	-0.673731	-0.0872822	0	0	0.01	0.872238	-0.666673	-0.202923	0	0.140662	0.140662	1.12201	-0.368016	0.0119974	0.128605	-0.0130997	0.01	0.990012	-0.0661188	0.00379253	0.0244087	0.215809	0.215809	0.89518	0.139274	0.0182441	0.22798	0	0	0	0	0	0	0	0	0	0	0	0	0	0	0	0	0	0	0.350583	0.927632	0	1.12343	-0.0235941	0	0.280625	0.937851	0	1.12087	-0.0410804	0	0	0	-0.145047	0	0	0.249957	0.271071	0.872445	0.0835	1.13722	-0.0434685	0	0.230814	0.707281	0.0835	0.949017	0.00240453	0	0	0	-0.239077	0	0	-1.1395	0.177296	0.487709	0.0835	0.698814	0.0633887	0	0.121662	0.309491	0.0835	0.458014	0.138558	0	0	0	-0.302581	0	0	-1.35115	-0.00897807	0.0497111	0.09142	0.0944981	0.341502	0	0.0953965	0.0521498	0.09142	0.0989018	0.153029	0	0	0	-0.268096	0	0	-1.80573	0.271071	0.872445	-0.0835	1.13722	-0.0434685	0	0.347887	0.72079	-0.0835	1.08147	-0.0717074	0	0	0	0.468849	0	0	-0.367616	0.450007	0.519178	-0.0835	1.00736	-0.109248	0	0.520739	0.346395	-0.0835	0.910624	-0.148847	0	0	0	0.388557	0	0	-0.559844	0.579094	0.0665094	-0.09142	0.746961	-0.177209	0	0.665361	0.125315	-0.09142	0.787374	-0.236493	0	0	0	0.306863	0	0	-0.687224	0.26272	1.02283	0	1.09963	-0.0455559	0	0.279288	1.34381	0	1.0194	-0.0414147	0	0	0	-0.145047	0	0	0.249957	2.00412e-17	2.35547	3.06773	4.04936	0.285414	0.697915	0.955625	0.478295	4	1	0.386245	0.44369	-0.180137	-0.206928	0.226316	0.104206	0.103442	0.0304398	0.190891	0.0935717	0.000107311	-0.0319321	-0.00284953	-0.0800381	-0.146982	-0.143801	0.213547	0.00475223	0.107366	0.269882	0.159568	0.46377	-0.000184333	-0.283113	-0.00151276	-0.396694	-0.00670296	-0.00655791	-0.0103729	0.0159201	0.373825	0.072408	0.0594945	0.0107878	-0.175165	0.0574898	0.000192762	0.0452522	-0.0521744	-2.17345e-05	0.168831	-0.227093	0.0807084	0.00024421	-1.60577	0.0140903	0.0166406	0.0543491	0	0	348.353	33.0506	0.371503	1.79756	46.3729	0.649975	2.667	59.908	46.3208	0.403047	3.58237	0.556851	9.07772	0.98799	0.720174	3.59186	12.5432	1.72987	11.4791	0.348542	0	0	4.70767	3.34016	0	0	0.993052	0.22798	0.89518	0.0244087	0.990012	0.128605	1.12201	0.0137955	0.873017	0.292015	0.999803	0.546666	1.07213	0	0.872238	0.853003	0.887152	1.24215	0.0686857	0.901275	-0.145047	0.249957	4.20145	0.0159661	0.611708	1.0767	0.902746	0.802951	0.0653297	0.700834	0.289571	0.979306	1.86201e-19	0.981732	-0.036076	0	73.1698	-2.68879	0	-0.191047	-0.321665	-3.27494	-0	-0	-0	-0	-0	-0	0	0	0	0	0	0	0.073614	0.99032	-0	53.8047	723.828	-0	-66.1724	4.91882	125.901	0.173938	-6.17951e-16	0.09142	0	0	0	0	0	0	0	0	0	0
0.37	-0.142335	0.361949	0.927427	-0.10816	-0.0657747	0.0293609	0.60656	-0.0821785	-0.0846764	0.2916	1.14942	-0.0180795	-1.43637	-0.240845	-0.565774	-0.84274	-0.193242	-0.278726	0.140123	0.0776943	0.0109722	0.134095	0.01	0.109286	0.375308	0.115179	0.0220928	0.0690411	0.0268302	0.0608452	0.614444	0.0545672	0.369396	0.0438946	0.0107773	0.0598373	0.0141003	0.120819	0.0178974	0.13365	0.0544108	0.141136	0.0130388	0.0912354	0.01	0.0668247	0.01	0.0859527	0.143007	0.0570457	0.026969	0.0435199	0.229432	0.0612372	0.1007	0.1007	0.796049	-0.693768	0.00823727	0.0763163	0.0107387	0.0107387	1.21573	-0.0528961	0.00732591	0.0649433	-0.132139	0.01	0.696536	-0.43707	0.00104263	0.00142447	0.381692	0.381692	1.08047	0.384671	0.0277466	0.427095	0.0229292	0.0229292	0.909632	0.688114	0.00442992	0.0312707	0.00571591	0.01	0.612742	0.108413	0.0028621	0.0149795	0.615401	0.615401	1.06994	-0.239153	0.0323284	0.536483	0.368901	0.368901	0.997605	-0.246566	0.0211347	0.283633	-0.461516	0.01	0.876095	0.346789	0.00283301	0.0147001	0.0136914	0.0136914	1.2379	-0.490415	0.00807416	0.0742496	0.0165741	0.0165741	1.2117	-0.0423293	0.00760148	0.0683387	0.0535642	0.0535642	0.899526	-0.204094	0.00527639	0.0407319	-1.36469	0.01	0.855867	0.333141	0.00299077	0.0162288	-0.230644	0.01	0.88043	-0.670557	-0.0843828	0	0	0.01	0.865586	-0.663509	-0.196914	0	0.127357	0.127357	1.11854	-0.331147	0.0120199	0.128944	-0.0334693	0.01	0.989089	-0.131585	0.00346216	0.0209659	0.233029	0.233029	0.896592	0.137291	0.0183926	0.230645	0	0	0	0	0	0	0	0	0	0	0	0	0	0	0	0	0	0	0.361949	0.927427	0	1.14942	-0.0180795	0	0.291964	0.937456	0	1.14649	-0.0384871	0	0	0	-0.142335	0	0	0.2916	0.282587	0.872025	0.0835	1.16557	-0.0412213	0	0.240447	0.707331	0.0835	0.977035	0.00701959	0	0	0	-0.250495	0	0	-1.14477	0.184425	0.488384	0.0835	0.726391	0.0711516	0	0.126357	0.310944	0.0835	0.480527	0.151612	0	0	0	-0.31627	0	0	-1.38562	-0.00796263	0.0532772	0.09142	0.108544	0.370909	0	0.0964394	0.053752	0.09142	0.109471	0.16718	0	0	0	-0.286909	0	0	-1.95139	0.282587	0.872025	-0.0835	1.16557	-0.0412213	0	0.358701	0.720016	-0.0835	1.08179	-0.0831708	0	0	0	0.464225	0	0	-0.55114	0.459888	0.517934	-0.0835	0.970419	-0.138939	0	0.529493	0.344694	-0.0835	0.841463	-0.190752	0	0	0	0.382046	0	0	-0.744382	0.585863	0.0645365	-0.09142	0.617756	-0.223141	0	0.672683	0.12252	-0.09142	0.67708	-0.311968	0	0	0	0.29737	0	0	-1.02311	0.273828	1.02239	0	1.12173	-0.0437754	0	0.289525	1.34341	0	1.02812	-0.0391982	0	0	0	-0.142335	0	0	0.2916	2.23429e-17	2.35289	2.99762	3.95945	0.262288	0.675247	0.939297	0.463888	4	1	0.382898	0.439845	-0.190358	-0.218669	0.227746	0.111549	0.101554	0.0223154	0.187287	0.0940049	0.000247624	-0.0234094	-0.00269569	-0.0804087	-0.157339	-0.153934	0.213491	0.00522959	0.107266	0.269011	0.159236	0.463382	-0.000176937	-0.282199	-0.00149858	-0.396362	-0.00737628	-0.00721665	-0.00897115	0.0146871	0.381692	0.0735844	0.0545753	0.0107387	-0.177155	0.0571907	-0.0110663	0.0450168	-0.0519029	0.00124776	0.170212	-0.230644	0.0802885	-0.01402	-1.60117	0.0136914	0.0165741	0.0535642	0	0	354.035	30.7405	0.384745	1.80129	47.4173	0.737699	2.49353	62.8257	49.0641	0.401388	4.29811	0.551591	9.93349	0.96884	0.714902	3.56547	11.6017	1.89743	12.0954	0.353228	0	0	4.95294	4.43692	0	0	0.973334	0.230645	0.896592	0.0209659	0.989089	0.128944	1.11854	0.0147001	0.876095	0.283633	0.997605	0.536483	1.06994	0	0.865586	0.855867	0.88043	1.2379	0.0683387	0.899526	-0.142335	0.2916	4.20843	0.0149795	0.612742	1.08047	0.909632	0.796049	0.0649433	0.696536	0.299427	0.978937	-3.72401e-19	0.989328	-0.0379664	0	73.736	-2.82969	0	-0.23079	-0.257964	-3.58243	-0	-0	-0	-0	-0	-0	0	0	0	0	0	0	0.0811894	0.969942	-0	59.3416	708.934	-0	-64.8107	5.42501	123.592	0.174335	-6.19362e-16	0.09142	0	0	0	0	0	0	0	0	0	0
0.38	-0.139207	0.37358	0.927263	-0.122774	-0.0683223	0.0231689	0.596975	-0.0841167	-0.0858574	0.332063	1.1759	-0.0153573	-1.48358	-0.268409	-0.668971	-1.06591	-0.18811	-0.0955428	0.131911	0.0770151	0.0109393	0.134034	0.01	0.108589	0.383103	0.115593	0.0249784	0.069558	0.0247055	0.0609575	0.613967	0.0544351	0.3687	0.0437742	0.010683	0.0600983	0.0139886	0.120278	0.0177237	0.133603	0.0541695	0.140771	0.0126681	0.0916385	0.01	0.0663169	0.01	0.0852954	0.14136	0.0568911	0.0248261	0.0434778	0.228682	0.0613255	0.0851866	0.0851866	0.789089	-0.699515	0.00778438	0.0706124	0.0106865	0.0106865	1.21517	-0.0591044	0.00729205	0.0645286	-0.134892	0.01	0.692092	-0.451414	0.000982518	0.00120294	0.389825	0.389825	1.08436	0.395333	0.0281325	0.435902	0.0259787	0.0259787	0.916442	0.693133	0.00474344	0.0347337	0.00620914	0.01	0.613872	0.117925	0.00277334	0.0141305	0.611756	0.611756	1.06735	-0.28093	0.0318504	0.524431	0.365327	0.365327	0.994869	-0.303331	0.0206549	0.273926	-0.455875	0.01	0.879917	0.418365	0.00291703	0.0155103	0.012969	0.012969	1.23235	-0.620608	0.00764003	0.0688165	0.0164632	0.0164632	1.21127	-0.0419593	0.00757339	0.0679909	0.0522349	0.0522349	0.897202	-0.261734	0.0050913	0.0386337	-1.36735	0.01	0.859648	0.423999	0.00307118	0.0170199	-0.234178	0.01	0.87374	-0.667387	-0.0811361	0	0	0.01	0.858967	-0.660351	-0.190911	0	0.135539	0.135539	1.11551	-0.271848	0.0121867	0.131458	-0.028558	0.01	0.988132	-0.0473574	0.003451	0.0208511	0.222083	0.222083	0.897885	0.116516	0.0182414	0.227932	0	0	0	0	0	0	0	0	0	0	0	0	0	0	0	0	0	0	0.37358	0.927263	0	1.1759	-0.0153573	0	0.303564	0.937073	0	1.17264	-0.038607	0	0	0	-0.139207	0	0	0.332063	0.294392	0.871612	0.0835	1.19438	-0.0416526	0	0.250363	0.707413	0.0835	1.0053	0.00904735	0	0	0	-0.261981	0	0	-1.15151	0.191831	0.489124	0.0835	0.753937	0.0764485	0	0.131278	0.312516	0.0835	0.503168	0.162428	0	0	0	-0.330303	0	0	-1.41992	-0.00680149	0.0571258	0.09142	0.123647	0.398074	0	0.0975887	0.0554891	0.09142	0.120228	0.180014	0	0	0	-0.307134	0	0	-2.08889	0.294392	0.871612	-0.0835	1.19438	-0.0416526	0	0.369523	0.719115	-0.0835	1.08247	-0.0967875	0	0	0	0.457768	0	0	-0.733849	0.469403	0.516384	-0.0835	0.933693	-0.170084	0	0.537552	0.342566	-0.0835	0.77344	-0.232915	0	0	0	0.373652	0	0	-0.921959	0.591504	0.0619862	-0.09142	0.509592	-0.279325	0	0.678876	0.119136	-0.09142	0.567742	-0.368227	0	0	0	0.287794	0	0	-1.0175	0.285163	1.02195	0	1.14446	-0.0447173	0	0.299856	1.34301	0	1.03784	-0.0398384	0	0	0	-0.139207	0	0	0.332063	4.40827e-17	2.34606	2.91863	3.85431	0.245619	0.668375	0.94592	0.453156	4	1	0.378184	0.43443	-0.200731	-0.230585	0.228745	0.109067	0.0999262	0.025353	0.184422	0.101626	0.000368637	-0.0265959	-0.00257342	-0.0869274	-0.153837	-0.150508	0.213934	0.00572025	0.106788	0.266608	0.158757	0.460893	-0.000141367	-0.279678	-0.00147818	-0.394232	-0.00806834	-0.00789374	-0.00741343	0.0136226	0.389825	0.0747647	0.0495136	0.0106865	-0.179225	0.0563216	-0.0206486	0.0443327	-0.0511142	0.00232819	0.172568	-0.234178	0.0790684	-0.0261598	-1.59283	0.012969	0.0164632	0.0522349	0	0	357.6	28.2502	0.396821	1.80249	48.4938	0.842648	2.3438	65.4976	51.6788	0.400238	4.87819	0.546418	10.6601	0.952871	0.709659	3.53924	10.914	1.40225	11.7489	0.355086	0	0	5.028	5.51851	0	0	0.950392	0.227932	0.897885	0.0208511	0.988132	0.131458	1.11551	0.0155103	0.879917	0.273926	0.994869	0.524431	1.06735	0	0.858967	0.859648	0.87374	1.23235	0.0679909	0.897202	-0.139207	0.332063	3.78864	0.0141305	0.613872	1.08436	0.916442	0.789089	0.0645286	0.692092	0.309362	0.978539	-3.72401e-19	0.997627	-0.0420133	0	74.3545	-3.13131	0	-0.267237	-0.194744	-3.88563	-0	-0	-0	-0	-0	-0	0	0	0	0	0	0	0.0879632	0.946313	-0	64.2926	691.663	-0	-63.2318	5.87763	120.868	0.17475	-6.20838e-16	0.09142	0	0	0	0	0	0	0	0	0	0
0.39	-0.135697	0.385471	0.92711	-0.137824	-0.0711515	0.0159732	0.585246	-0.0859597	-0.0877696	0.368467	1.20155	-0.0156464	-1.52545	-0.295965	-0.765513	-1.27192	-0.185183	-0.19722	0.122481	0.076331	0.0109033	0.133965	0.01	0.107871	0.391179	0.116017	0.0284172	0.0700774	0.0228593	0.0610795	0.612	0.054281	0.366964	0.0436281	0.0106002	0.0604065	0.013773	0.119614	0.0175616	0.133558	0.0537274	0.140318	0.012343	0.0921348	0.01	0.0658115	0.01	0.0846412	0.139637	0.0567605	0.0229642	0.0434527	0.229811	0.0614031	0.0678734	0.0678734	0.78208	-0.70293	0.00728069	0.0643896	0.0106261	0.0106261	1.21455	-0.0654424	0.00725515	0.0640773	-0.138144	0.01	0.687517	-0.463783	0.000920381	0.000995949	0.398192	0.398192	1.08834	0.403733	0.0285124	0.44463	0.0296079	0.0296079	0.923286	0.69465	0.00510783	0.0388205	0.00703336	0.01	0.615101	0.127971	0.00269801	0.0134188	0.605759	0.605759	1.06433	-0.324822	0.0313017	0.510824	0.359601	0.359601	0.991547	-0.363133	0.0201233	0.263356	-0.445958	0.01	0.884428	0.484721	0.00299276	0.0162483	0.0119247	0.0119247	1.22555	-0.742252	0.0071607	0.0629248	0.016392	0.016392	1.21086	-0.0409444	0.00754773	0.0676735	0.0503726	0.0503726	0.894316	-0.31615	0.00490379	0.0365242	-1.36763	0.01	0.864304	0.50759	0.0031418	0.0177209	-0.237695	0.01	0.867082	-0.664221	-0.0775773	0	0	0.01	0.852378	-0.6572	-0.184965	0	0.128579	0.128579	1.11295	-0.243461	0.0122113	0.13183	-0.0394276	0.01	0.987562	-0.0794571	0.00323449	0.0186491	0.231635	0.231635	0.89902	0.108906	0.0182706	0.228453	0	0	0	0	0	0	0	0	0	0	0	0	0	0	0	0	0	0	0.385471	0.92711	0	1.20155	-0.0156464	0	0.315421	0.936675	0	1.19802	-0.0414576	0	0	0	-0.135697	0	0	0.368467	0.306479	0.871183	0.0835	1.22216	-0.0447525	0	0.260558	0.707502	0.0835	1.03278	0.00837758	0	0	0	-0.273522	0	0	-1.15699	0.19951	0.489904	0.0835	0.78102	0.0790093	0	0.136426	0.314184	0.0835	0.525709	0.170667	0	0	0	-0.344673	0	0	-1.45295	-0.00548353	0.0612331	0.09142	0.139841	0.422556	0	0.0988471	0.0573457	0.09142	0.131217	0.191103	0	0	0	-0.3287	0	0	-2.21846	0.306479	0.871183	-0.0835	1.22216	-0.0447525	0	0.380354	0.718073	-0.0835	1.08383	-0.111495	0	0	0	0.449548	0	0	-0.903456	0.478564	0.514528	-0.0835	0.899933	-0.200224	0	0.54496	0.340033	-0.0835	0.709971	-0.272505	0	0	0	0.363589	0	0	-1.08864	0.595983	0.0589921	-0.09142	0.393439	-0.321049	0	0.684033	0.115092	-0.09142	0.465575	-0.434269	0	0	0	0.275819	0	0	-1.28586	0.296722	1.02148	0	1.16677	-0.0483475	0	0.310288	1.3426	0	1.04845	-0.0433489	0	0	0	-0.135697	0	0	0.368467	7.01022e-17	2.33782	2.8334	3.73825	0.220361	0.64504	0.934656	0.437432	4	1	0.372122	0.427467	-0.211257	-0.242676	0.229786	0.112654	0.0988474	0.0206225	0.18216	0.101878	0.000448821	-0.0216335	-0.00247689	-0.0871435	-0.158897	-0.155459	0.2149	0.0062261	0.105945	0.262438	0.158113	0.456238	-7.86815e-05	-0.275304	-0.00145067	-0.390251	-0.00878185	-0.0085918	-0.0057045	0.0127379	0.398192	0.0758974	0.0443741	0.0106261	-0.181363	0.0549075	-0.0314082	0.0432196	-0.0498308	0.00354137	0.175852	-0.237695	0.0770832	-0.0397912	-1.58078	0.0119247	0.016392	0.0503726	0	0	361.291	25.4599	0.408843	1.79844	49.6051	0.96926	2.21445	67.9585	53.9874	0.39954	5.26086	0.540214	11.208	0.939707	0.704446	3.51318	10.2552	1.4407	12.0847	0.35541	0	0	5.15535	6.63212	0	0	0.92547	0.228453	0.89902	0.0186491	0.987562	0.13183	1.11295	0.0162483	0.884428	0.263356	0.991547	0.510824	1.06433	0	0.852378	0.864304	0.867082	1.22555	0.0676735	0.894316	-0.135697	0.368467	3.53863	0.0134188	0.615101	1.08834	0.923286	0.78208	0.0640773	0.687517	0.319384	0.978087	1.86201e-19	1.00655	-0.0484766	0	75.0193	-3.61303	0	-0.301761	-0.1349	-4.18589	-0	-0	-0	-0	-0	-0	0	0	0	0	0	0	0.0935907	0.920725	-0	68.4058	672.961	-0	-61.5221	6.25366	117.89	0.175181	-6.22366e-16	0.09142	0	0	0	0	0	0	0	0	0	0
0.4	-0.131844	0.397614	0.926936	-0.153272	-0.0742543	0.0078752	0.571624	-0.0881057	-0.0885642	0.397517	1.2248	-0.0203722	-1.55499	-0.328799	-0.844765	-1.39799	-0.358076	0.0615175	0.112031	0.0756443	0.010864	0.13389	0.01	0.107135	0.399495	0.11645	0.0322893	0.0705988	0.0212519	0.0612113	0.608371	0.0541044	0.363972	0.0434555	0.0105275	0.0607576	0.0134275	0.118832	0.0174087	0.133508	0.0530414	0.139784	0.0120578	0.092715	0.01	0.0653085	0.01	0.0839901	0.138335	0.0566451	0.0213432	0.0434262	0.229577	0.0614727	0.0509348	0.0509348	0.775044	-0.705255	0.00672993	0.0577189	0.0105613	0.0105613	1.21387	-0.07258	0.00721454	0.0635813	-0.141908	0.01	0.682823	-0.473874	0.00085643	0.000806288	0.406795	0.406795	1.0924	0.410629	0.0288877	0.453306	0.0336244	0.0336244	0.930155	0.699761	0.00551787	0.0434923	0.00815871	0.01	0.616428	0.138952	0.00263519	0.0128319	0.59773	0.59773	1.06087	-0.369382	0.0306948	0.496035	0.351923	0.351923	0.987625	-0.422921	0.0195587	0.252376	-0.432163	0.01	0.889569	0.542479	0.00305763	0.0168861	0.0105598	0.0105598	1.21754	-0.864358	0.0066353	0.056586	0.0162982	0.0162982	1.21041	-0.069339	0.00748121	0.0668523	0.0479866	0.0479866	0.890911	-0.357707	0.00473711	0.0346631	-1.36287	0.01	0.869747	0.568091	0.0031875	0.0181774	-0.241196	0.01	0.860455	-0.661062	-0.0736997	0	0	0.01	0.845822	-0.654057	-0.178943	0	0.133314	0.133314	1.11069	-0.204983	0.0123078	0.133292	-0.0368208	0.01	0.986959	-0.012758	0.00321848	0.0184882	0.226605	0.226605	0.90004	0.086096	0.0181259	0.225875	0	0	0	0	0	0	0	0	0	0	0	0	0	0	0	0	0	0	0.397614	0.926936	0	1.2248	-0.0203722	0	0.327528	0.93623	0	1.22111	-0.0482328	0	0	0	-0.131844	0	0	0.397517	0.318838	0.870704	0.0835	1.24716	-0.0516871	0	0.271023	0.707567	0.0835	1.05833	0.00365814	0	0	0	-0.285117	0	0	-1.15747	0.207456	0.490691	0.0835	0.807304	0.0772347	0	0.141796	0.315918	0.0835	0.547545	0.174822	0	0	0	-0.359371	0	0	-1.48627	-0.00400059	0.0655665	0.09142	0.15637	0.442397	0	0.100214	0.059302	0.09142	0.141767	0.199468	0	0	0	-0.351496	0	0	-2.33103	0.318838	0.870704	-0.0835	1.24716	-0.0516871	0	0.391214	0.71688	-0.0835	1.09326	-0.124097	0	0	0	0.43978	0	0	-1.00047	0.487431	0.512385	-0.0835	0.888671	-0.220359	0	0.551744	0.337112	-0.0835	0.650554	-0.30773	0	0	0	0.351674	0	0	-1.35854	0.599372	0.0555115	-0.09142	0.27126	-0.374661	0	0.688128	0.110488	-0.09142	0.342566	-0.48978	0	0	0	0.26311	0	0	-1.29703	0.308503	1.02097	0	1.18743	-0.0557957	0	0.320831	1.34213	0	1.05976	-0.050895	0	0	0	-0.131844	0	0	0.397517	3.50511e-17	2.33463	2.74587	3.61566	0.195329	0.623407	0.931882	0.413898	4	1	0.364782	0.419035	-0.221927	-0.254933	0.230804	0.11066	0.0978142	0.0214503	0.180232	0.105789	0.000525619	-0.0225019	-0.00239463	-0.0904885	-0.156085	-0.152707	0.21639	0.00669628	0.104746	0.256622	0.157291	0.44968	1.03668e-05	-0.269203	-0.0014156	-0.384641	-0.00944503	-0.00924063	-0.00382112	0.0119798	0.406795	0.0770175	0.0391916	0.0105613	-0.183572	0.052931	-0.0411879	0.0416638	-0.0480371	0.00464405	0.180028	-0.241196	0.0743085	-0.0521811	-1.56503	0.0105598	0.0162982	0.0479866	0	0	363.027	22.5515	0.422234	1.78906	50.7486	1.11317	2.10246	70.0943	55.8099	0.399244	5.48809	0.611805	11.4601	0.92897	0.699265	3.48729	9.75111	1.09542	11.932	0.353513	0	0	0	7.92831	0	0	0.899718	0.225875	0.90004	0.0184882	0.986959	0.133292	1.11069	0.0168861	0.889569	0.252376	0.987625	0.496035	1.06087	0	0.845822	0.869747	0.860455	1.21754	0.0668523	0.890911	-0.131844	0.397517	1.68997	0.0128319	0.616428	1.0924	0.930155	0.775044	0.0635813	0.682823	0.329498	0.977558	1.86201e-19	1.016	-0.0575114	0	75.7236	-4.2864	0	-0.327374	-0.0819646	-4.48479	-0	-0	-0	-0	-0	-0	0	0	0	0	0	0	0.0984141	0.894319	-0	71.9312	653.661	-0	-59.7577	6.57595	114.8	0.175626	-6.23948e-16	0.09142	0	0	0	0	0	0	0	0	0	0
0.41	-0.127788	0.409954	0.926685	-0.168871	-0.0777197	-0.00088716	0.557816	-0.0943652	-0.0884499	0.412971	1.24261	-0.0301463	-1.5661	-0.360303	-0.904802	-1.36409	-0.87642	-0.0775638	0.100711	0.0749583	0.010821	0.133805	0.01	0.10639	0.408009	0.116886	0.0366464	0.07112	0.0198515	0.0613562	0.602998	0.0539052	0.359587	0.0432576	0.0104636	0.0611425	0.0130107	0.117926	0.0172651	0.133367	0.0520763	0.139227	0.0118075	0.0933133	0.01	0.0648079	0.01	0.0833421	0.137209	0.0565453	0.0199312	0.0434397	0.23051	0.0615156	0.0329099	0.0329099	0.768016	-0.700659	0.00615502	0.0508944	0.0104903	0.0104903	1.2131	-0.0801922	0.00716973	0.0630347	-0.146156	0.01	0.678072	-0.476436	0.000813051	0.000691031	0.415581	0.415581	1.0965	0.4108	0.0292366	0.461427	0.0381924	0.0381924	0.937023	0.696051	0.00596308	0.0486467	0.00956996	0.01	0.617888	0.152071	0.00258579	0.0123748	0.587743	0.587743	1.05696	-0.412578	0.0300507	0.480604	0.342382	0.342382	0.983127	-0.477177	0.0189955	0.241708	-0.414672	0.01	0.895205	0.584161	0.00310419	0.0173469	0.00888694	0.01	1.20826	-0.994779	0.00606447	0.0498322	0.0162265	0.0162265	1.20913	-0.188129	0.00725895	0.0641237	0.0451029	0.0451029	0.887364	-0.35108	0.00467863	0.0340136	-1.35513	0.01	0.87536	0.553487	0.00315227	0.0178252	-0.24468	0.01	0.85386	-0.657909	-0.0693118	0	0	0.01	0.839296	-0.650922	-0.171576	0	0.13021	0.13021	1.10873	-0.203149	0.012243	0.13231	-0.0423242	0.01	0.987266	0.0332602	0.00317624	0.0180646	0.23187	0.23187	0.900668	0.0464706	0.017925	0.222334	0	0	0	0	0	0	0	0	0	0	0	0	0	0	0	0	0	0	0.409954	0.926685	0	1.24261	-0.0301463	0	0.33983	0.935695	0	1.23889	-0.0591053	0	0	0	-0.127788	0	0	0.412971	0.331406	0.870134	0.0835	1.26596	-0.0625841	0	0.281711	0.70756	0.0835	1.07849	-0.00527875	0	0	0	-0.296659	0	0	-1.15313	0.215645	0.491432	0.0835	0.829271	0.0709036	0	0.14737	0.317663	0.0835	0.566285	0.174233	0	0	0	-0.374379	0	0	-1.51343	-0.00235547	0.07006	0.09142	0.172413	0.4558	0	0.101681	0.0613203	0.09142	0.151279	0.204215	0	0	0	-0.375266	0	0	-2.41823	0.331406	0.870134	-0.0835	1.26596	-0.0625841	0	0.402279	0.715611	-0.0835	1.11899	-0.129992	0	0	0	0.430028	0	0	-0.951123	0.496497	0.510188	-0.0835	0.92361	-0.219606	0	0.557995	0.333907	-0.0835	0.601449	-0.331996	0	0	0	0.335663	0	0	-1.82754	0.601115	0.0515764	-0.09142	0.0813973	-0.407928	0	0.690734	0.105135	-0.09142	0.183431	-0.578661	0	0	0	0.247213	0	0	-1.90511	0.320461	1.02035	0	1.20393	-0.0671041	0	0.331487	1.34157	0	1.07127	-0.0625509	0	0	0	-0.127788	0	0	0.412971	1.94429e-17	2.32328	2.65559	3.49254	0.173154	0.594136	0.920626	0.400721	4	1	0.355971	0.408913	-0.232721	-0.267333	0.231723	0.111954	0.0971609	0.0184248	0.178635	0.106068	0.00057417	-0.019328	-0.00232648	-0.0907268	-0.15791	-0.154493	0.218391	0.00713537	0.10319	0.249256	0.156286	0.441303	0.000126031	-0.261476	-0.00137273	-0.377476	-0.0100644	-0.00984655	-0.00177107	0.011341	0.415581	0.078143	0.0339728	0.0104903	-0.185841	0.0504164	-0.0514793	0.0396845	-0.045755	0.00580444	0.185031	-0.24468	0.0707783	-0.0652193	-1.54572	0.00888694	0.0162265	0.0451029	0	0	363.828	19.4342	0.436218	1.76996	51.919	1.27856	2.0055	71.7696	56.9102	0.399283	5.63141	0.902932	11.0281	0.919983	0.694117	3.46158	9.60812	0.988008	12.1289	0.349744	0	0	0	9.22794	0	0	0.874823	0.222334	0.900668	0.0180646	0.987266	0.13231	1.10873	0.0173469	0.895205	0.241708	0.983127	0.480604	1.05696	0	0.839296	0.87536	0.85386	1.20826	0.0641237	0.887364	-0.127788	0.412971	1.456	0.0123748	0.617888	1.0965	0.937023	0.768016	0.0630347	0.678072	0.339707	0.976926	-7.44802e-19	1.0258	-0.0690821	0	76.4546	-5.14879	0	-0.343041	-0.0460144	-4.79277	-0	-0	-0	-0	-0	-0	0	0	0	0	0	0	0.101841	0.868875	-0	74.4363	635.063	-0	-58.0575	6.80497	111.82	0.176076	-6.25549e-16	0.09142	0	0	0	0	0	0	0	0	0	0
0.42	-0.123586	0.422473	0.926318	-0.184624	-0.0814241	-0.010191	0.544372	-0.105797	-0.0880507	0.426683	1.2607	-0.043448	-1.58424	-0.378963	-0.952875	-1.32545	-1.39283	0.188808	0.0886833	0.0742791	0.0107742	0.133714	0.01	0.105639	0.416669	0.117323	0.0414413	0.0716366	0.018727	0.0615107	0.59593	0.0536847	0.353805	0.0430374	0.0104074	0.0615531	0.0126436	0.116892	0.0171295	0.133094	0.0508188	0.138684	0.0115878	0.0938944	0.01	0.0643098	0.01	0.0826973	0.136316	0.0564297	0.0186989	0.0434577	0.230897	0.0615405	0.0150153	0.0150153	0.761056	-0.692494	0.00554962	0.0438571	0.0104149	0.0104149	1.21227	-0.0847603	0.00712585	0.0625005	-0.150881	0.01	0.673288	-0.480728	0.000754355	0.000552004	0.424508	0.424508	1.10059	0.410927	0.0295833	0.469552	0.0431805	0.0431805	0.943828	0.689255	0.00644229	0.0542872	0.0112464	0.0112464	0.619443	0.158574	0.00254066	0.0119608	0.576096	0.576096	1.05264	-0.452971	0.0293864	0.464931	0.33136	0.33136	0.978122	-0.524153	0.0184398	0.231497	-0.39417	0.01	0.901217	0.61772	0.00314216	0.0177244	0.00691664	0.01	1.19766	-1.12754	0.00546802	0.0429204	0.0161445	0.0161445	1.20665	-0.309165	0.0069885	0.0608339	0.0418619	0.0418619	0.883898	-0.342093	0.00460741	0.0332248	-1.34328	0.01	0.880811	0.536142	0.00311652	0.0174693	-0.248147	0.01	0.847296	-0.654764	-0.0643641	0	0	0.01	0.832802	-0.647796	-0.162493	0	0.132702	0.132702	1.10646	-0.248287	0.0119699	0.128192	-0.0412457	0.01	0.987676	0.09045	0.00316266	0.017929	0.22984	0.22984	0.901033	0.0163683	0.0177469	0.219232	0	0	0	0	0	0	0	0	0	0	0	0	0	0	0	0	0	0	0.422473	0.926318	0	1.2607	-0.043448	0	0.352312	0.935033	0	1.25698	-0.0733844	0	0	0	-0.123586	0	0	0.426683	0.344164	0.869437	0.0835	1.28497	-0.0768611	0	0.292594	0.707448	0.0835	1.09746	-0.0171658	0	0	0	-0.308209	0	0	-1.15756	0.224036	0.492097	0.0835	0.84818	0.0621937	0	0.153118	0.319391	0.0835	0.582813	0.171161	0	0	0	-0.389633	0	0	-1.53652	-0.000552068	0.0746692	0.09142	0.188062	0.465644	0	0.103239	0.0633774	0.09142	0.159952	0.207268	0	0	0	-0.399824	0	0	-2.4894	0.344164	0.869437	-0.0835	1.28497	-0.0768611	0	0.413605	0.714267	-0.0835	1.14551	-0.139272	0	0	0	0.420786	0	0	-0.898763	0.505921	0.507981	-0.0835	0.96011	-0.222243	0	0.563762	0.330467	-0.0835	0.55332	-0.35479	0	0	0	0.314989	0	0	-2.29159	0.601057	0.0472897	-0.09142	-0.085816	-0.447445	0	0.691743	0.0990201	-0.09142	0.0229616	-0.638138	0	0	0	0.226938	0	0	-2.10278	0.332587	1.01961	0	1.2209	-0.0818005	0	0.342263	1.34087	0	1.08382	-0.0776721	0	0	0	-0.123586	0	0	0.426683	6.44847e-17	2.31266	2.56519	3.37107	0.1468	0.550064	0.898694	0.386178	4	1	0.345392	0.396761	-0.243599	-0.279829	0.232564	0.110637	0.0964829	0.0183239	0.177241	0.108136	0.000624565	-0.0192223	-0.002267	-0.0924958	-0.156053	-0.152675	0.220877	0.00752862	0.101253	0.240726	0.155095	0.43139	0.000270034	-0.252527	-0.00132187	-0.368997	-0.010619	-0.0103892	0.000451547	0.0107949	0.424508	0.0792728	0.0287335	0.0104149	-0.188158	0.0473573	-0.0610755	0.0372766	-0.0429787	0.00688644	0.190597	-0.248147	0.0664837	-0.0773767	-1.52298	0.00691664	0.0161445	0.0418619	0	0	363.928	16.27	0.443511	1.75097	53.1107	1.4634	2.00713	72.9259	57.2871	0.399597	5.67555	1.16499	10.5061	0.912313	0.689003	3.43603	10.3199	0.939398	12.0836	0.344032	0	0	0	10.187	0	0	0.849851	0.219232	0.901033	0.017929	0.987676	0.128192	1.10646	0.0177244	0.901217	0.231497	0.978122	0.464931	1.05264	0	0.832802	0.880811	0.847296	1.19766	0.0608339	0.883898	-0.123586	0.426683	1.21933	0.0119608	0.619443	1.10059	0.943828	0.761056	0.0625005	0.673288	0.350017	0.976164	-3.72401e-19	1.03599	-0.0831591	0	77.2135	-6.19796	0	-0.354267	-0.0125342	-5.1055	-0	-0	-0	-0	-0	-0	0	0	0	0	0	0	0.105811	0.843238	-0	77.3377	616.326	-0	-56.3445	7.07021	108.809	0.176544	-6.27212e-16	0.09142	0	0	0	0	0	0	0	0	0	0
0.43	-0.119262	0.435172	0.925801	-0.200558	-0.0852906	-0.0199331	0.531303	-0.122175	-0.0860512	0.437277	1.27845	-0.0598164	-1.60222	-0.393061	-0.992584	-1.29023	-1.85918	0.180769	0.0773084	0.0736025	0.0107229	0.133618	0.01	0.104881	0.425468	0.117759	0.0467234	0.0721464	0.0179803	0.06167	0.58723	0.0534446	0.346679	0.0427983	0.010358	0.0619843	0.0123214	0.11573	0.0169702	0.132691	0.0493003	0.138154	0.0113948	0.0944573	0.01	0.0638139	0.01	0.0820555	0.13563	0.0562916	0.0176224	0.043523	0.23167	0.0615327	-0.00319866	0.01	0.754124	-0.698766	0.00493156	0.0368355	0.010327	0.010327	1.21141	-0.0882454	0.00708144	0.0619608	-0.156024	0.01	0.66846	-0.484939	0.000683715	0.000409721	0.433446	0.433446	1.10469	0.411156	0.0299282	0.477695	0.0486121	0.0486121	0.950545	0.678079	0.0069542	0.060419	0.013257	0.013257	0.621047	0.162389	0.00251301	0.0117088	0.563019	0.563019	1.04793	-0.48955	0.0287128	0.449256	0.319213	0.319213	0.972689	-0.562808	0.017893	0.221775	-0.371324	0.01	0.90753	0.644594	0.00317331	0.0180354	0.00463334	0.01	1.18576	-1.25534	0.00486311	0.0360687	0.0156756	0.0156756	1.203	-0.422017	0.00668583	0.0571905	0.0386536	0.0386536	0.880522	-0.333694	0.00451769	0.0322349	-1.3284	0.01	0.886091	0.519936	0.00308424	0.0171491	-0.251598	0.01	0.840763	-0.651628	-0.0588721	0	0	0.01	0.82634	-0.644678	-0.151729	0	0.131482	0.131482	1.10376	-0.302795	0.0116667	0.123657	-0.0439409	0.01	0.98916	0.182659	0.00320949	0.0183979	0.23268	0.23268	0.900918	-0.0382886	0.0174096	0.21345	0	0	0	0	0	0	0	0	0	0	0	0	0	0	0	0	0	0	0.435172	0.925801	0	1.27845	-0.0598164	0	0.364974	0.934213	0	1.27478	-0.0905123	0	0	0	-0.119262	0	0	0.437277	0.357109	0.868583	0.0835	1.30347	-0.0939512	0	0.303662	0.707203	0.0835	1.11548	-0.0316885	0	0	0	-0.31982	0	0	-1.16494	0.232608	0.492663	0.0835	0.865551	0.0510844	0	0.159026	0.321075	0.0835	0.598217	0.165726	0	0	0	-0.405111	0	0	-1.558	0.00140769	0.0793613	0.09142	0.203655	0.472566	0	0.104881	0.0654558	0.09142	0.168188	0.20865	0	0	0	-0.425044	0	0	-2.55058	0.357109	0.868583	-0.0835	1.30347	-0.0939512	0	0.425191	0.712811	-0.0835	1.17061	-0.152022	0	0	0	0.412041	0	0	-0.852951	0.5157	0.505726	-0.0835	0.993975	-0.229221	0	0.569063	0.326815	-0.0835	0.508745	-0.373949	0	0	0	0.289867	0	0	-2.71213	0.599334	0.0427115	-0.09142	-0.252568	-0.463148	0	0.691192	0.0923312	-0.09142	-0.126963	-0.695674	0	0	0	0.203815	0	0	-2.53136	0.344884	1.0187	0	1.23783	-0.0992972	0	0.35317	1.34	0	1.09733	-0.0956737	0	0	0	-0.119262	0	0	0.437277	9.83019e-17	2.30313	2.47716	3.25252	0.122172	0.50671	0.875226	0.373292	4	1	0.333036	0.382567	-0.254571	-0.292433	0.233302	0.11089	0.0960796	0.0163888	0.176064	0.108442	0.000654542	-0.0171922	-0.00221677	-0.0927576	-0.156409	-0.153025	0.223812	0.00788685	0.0989008	0.231437	0.153706	0.420196	0.00044485	-0.242783	-0.00126259	-0.359422	-0.0111243	-0.0108836	0.00286809	0.0103889	0.433446	0.0804023	0.0234997	0.010327	-0.19049	0.043786	-0.0704843	0.0344655	-0.0397376	0.00794732	0.196063	-0.251598	0.06147	-0.0892968	-1.49664	0.00463334	0.0156756	0.0386536	0	0	364.812	13.9308	0.44818	1.73042	54.3109	1.67003	2.08507	73.5395	56.9799	0.400145	5.58996	1.37001	9.95721	0.905793	0.683923	3.41065	11.0441	0.897792	13.315	0.336824	0	0	0	11.034	0	0	0.825767	0.21345	0.900918	0.0183979	0.98916	0.123657	1.10376	0.0180354	0.90753	0.221775	0.972689	0.449256	1.04793	0	0.82634	0.886091	0.840763	1.18576	0.0571905	0.880522	-0.119262	0.437277	0.93364	0.0117088	0.621047	1.10469	0.950545	0.754124	0.0619608	0.66846	0.360432	0.975249	-7.44802e-19	1.04656	-0.0997034	0	78.0014	-7.43104	0	-0.363871	0.0186078	-5.41945	-0	-0	-0	-0	-0	-0	0	0	0	0	0	0	0.109763	0.81844	-0	80.2264	598.2	-0	-54.6875	7.3343	105.894	0.177021	-6.28905e-16	0.09142	0	0	0	0	0	0	0	0	0	0
0.44	-0.114897	0.448022	0.9251	-0.216033	-0.0905521	-0.0288957	0.518707	-0.14313	-0.0835355	0.42625	1.28688	-0.0810614	-1.38902	-0.833427	-0.723448	-1.20793	-2.32997	0.339675	0.0677855	0.0729088	0.010667	0.133497	0.01	0.104129	0.434314	0.118192	0.0523514	0.0726568	0.0176031	0.0618603	0.577046	0.0531876	0.338346	0.0425465	0.0103147	0.062413	0.0120388	0.114448	0.0167461	0.132164	0.0475657	0.13764	0.0112254	0.0950004	0.01	0.0633205	0.01	0.0814169	0.135125	0.0561174	0.0166819	0.0436149	0.232156	0.0614923	-0.0210505	0.01	0.747016	-0.72872	0.00434741	0.0303683	0.0102394	0.0102394	1.21031	-0.177358	0.00692773	0.0600992	-0.161574	0.01	0.663662	-0.448724	0.000811629	0.000687433	0.442395	0.442395	1.10874	0.387967	0.0301707	0.48346	0.0543887	0.0543887	0.95727	0.728016	0.00756106	0.0678383	0.0155208	0.0155208	0.622964	0.297494	0.0026983	0.0134216	0.548834	0.548834	1.04289	-0.516001	0.028093	0.435	0.306351	0.306351	0.966966	-0.565241	0.0175339	0.215566	-0.346869	0.01	0.913807	0.545913	0.00306443	0.0169532	0.00202713	0.01	1.17263	-1.36689	0.00427205	0.0295475	0.0149597	0.0149597	1.19822	-0.539318	0.00633877	0.0530606	0.0355256	0.0355256	0.877245	-0.316114	0.00443627	0.0313404	-1.30963	0.01	0.891186	0.490031	0.00303809	0.0166934	-0.255033	0.01	0.834262	-0.6485	-0.0528794	0	0	0.01	0.819908	-0.641565	-0.139364	0	0.133369	0.133369	1.10034	-0.382704	0.0112633	0.117696	-0.0427439	0.01	0.991247	0.254739	0.00322378	0.0185414	0.231288	0.231288	0.900326	-0.0831008	0.0171133	0.208466	0	0	0	0	0	0	0	0	0	0	0	0	0	0	0	0	0	0	0.448022	0.9251	0	1.28688	-0.0810614	0	0.377788	0.933206	0	1.28342	-0.110999	0	0	0	-0.114897	0	0	0.42625	0.37021	0.867542	0.0835	1.31141	-0.114229	0	0.314973	0.706766	0.0835	1.15662	-0.0610484	0	0	0	-0.33093	0	0	-0.962768	0.241541	0.493028	0.0835	0.950842	0.00965012	0	0.165159	0.322668	0.0835	0.644841	0.146846	0	0	0	-0.421482	0	0	-1.7962	0.00345409	0.0841234	0.09142	0.204405	0.482275	0	0.106542	0.0676013	0.09142	0.162776	0.222532	0	0	0	-0.450378	0	0	-2.51964	0.37021	0.867542	-0.0835	1.31141	-0.114229	0	0.437007	0.711215	-0.0835	1.18921	-0.166442	0	0	0	0.403809	0	0	-0.781675	0.525808	0.503392	-0.0835	1.02676	-0.235856	0	0.573928	0.322999	-0.0835	0.465447	-0.385587	0	0	0	0.260679	0	0	-3.11165	0.59602	0.0380313	-0.09142	-0.404328	-0.468128	0	0.689169	0.0851837	-0.09142	-0.273622	-0.726333	0	0	0	0.177144	0	0	-2.77197	0.357329	1.01761	0	1.24745	-0.119719	0	0.364214	1.33894	0	1.11048	-0.116785	0	0	0	-0.114897	0	0	0.42625	4.45492e-17	2.29129	2.39295	3.14089	0.0816341	0.451643	0.843832	0.358979	4	1	0.318991	0.366433	-0.26564	-0.305148	0.233965	0.109639	0.0956529	0.0162474	0.175023	0.109644	0.000686254	-0.0170439	-0.00217233	-0.0937859	-0.154644	-0.151298	0.227155	0.00819642	0.0961239	0.221788	0.152113	0.408031	0.000651251	-0.232661	-0.00119462	-0.349017	-0.011561	-0.0113108	0.00550524	0.0100156	0.442395	0.0815216	0.0183173	0.0102394	-0.192842	0.0397234	-0.0790912	0.0312677	-0.0360507	0.00891777	0.201361	-0.255033	0.0557667	-0.100201	-1.46656	0.00202713	0.0149597	0.0355256	0	0	364.353	12.3129	0.621053	1.67273	55.5149	1.89478	2.2076	73.3595	55.1146	0.400815	5.37838	1.54433	9.283	0.900273	0.678876	3.38544	12.1375	0.861935	14.5421	0.328369	0	0	0	0	0	0	0.777496	0.208466	0.900326	0.0185414	0.991247	0.117696	1.10034	0.0169532	0.913807	0.215566	0.966966	0.435	1.04289	0	0.819908	0.891186	0.834262	1.17263	0.0530606	0.877245	-0.114897	0.42625	-2.84875	0.0134216	0.622964	1.10874	0.95727	0.747016	0.0600992	0.663662	0.370957	0.974153	-3.72401e-19	1.05903	-0.119901	0	78.9313	-8.93641	0	-0.355116	0.0800918	-5.60423	-0	-0	-0	-0	-0	-0	0	0	0	0	0	0	0.154269	0.762037	-0	112.756	556.975	-0	-50.9187	10.3081	99.0537	0.177842	-6.31822e-16	0.09142	0	0	0	0	0	0	0	0	0	0
0.45	-0.110777	0.460897	0.924163	-0.227895	-0.102279	-0.0357209	0.507207	-0.168775	-0.0796095	0.39928	1.28837	-0.105721	-1.00031	-1.48692	-0.635876	-1.1004	-2.76987	0.419312	0.0597695	0.0721809	0.0106073	0.133218	0.01	0.103528	0.443157	0.11856	0.0582837	0.073256	0.0178178	0.0622911	0.565665	0.0529178	0.329093	0.0423081	0.0102765	0.062747	0.0117907	0.113073	0.01645	0.131504	0.0456611	0.137167	0.0110766	0.0954979	0.01	0.0628294	0.01	0.0807813	0.135101	0.0559013	0.0158591	0.0437514	0.231803	0.0614177	-0.0386729	0.01	0.739558	-0.762967	0.00383363	0.024843	0.0101519	0.0101519	1.20778	-0.329166	0.00664304	0.0566785	-0.167497	0.01	0.659834	-0.317288	0.00117595	0.00198896	0.451346	0.451346	1.1122	0.300651	0.0300857	0.481436	0.0604817	0.0604817	0.965164	0.892005	0.00831348	0.0772869	0.017993	0.017993	0.627302	0.571655	0.00308184	0.0171254	0.534036	0.534036	1.0376	-0.546883	0.0273938	0.419085	0.293476	0.293476	0.961547	-0.515556	0.0174749	0.214559	-0.321975	0.01	0.918697	0.445894	0.00294787	0.0158099	-0.000901292	0.01	1.15854	-1.45139	0.00371898	0.0236347	0.0141238	0.0141238	1.19224	-0.656273	0.00595476	0.0485497	0.0324753	0.0324753	0.874232	-0.287544	0.00436977	0.0306125	-1.28711	0.01	0.895853	0.444579	0.00297449	0.0160696	-0.258451	0.01	0.827792	-0.645379	-0.0464504	0	0	0.01	0.813507	-0.638458	-0.125311	0	0.134034	0.134034	1.0961	-0.468787	0.0108676	0.111941	-0.0404745	0.01	0.994351	0.357686	0.00327711	0.019079	0.231081	0.231081	0.899234	-0.136911	0.016698	0.20162	0	0	0	0	0	0	0	0	0	0	0	0	0	0	0	0	0	0	0.460897	0.924163	0	1.28837	-0.105721	0	0.39063	0.931979	0	1.28525	-0.133777	0	0	0	-0.110777	0	0	0.39928	0.383323	0.866284	0.0835	1.31148	-0.136694	0	0.326843	0.705941	0.0835	1.21511	-0.102748	0	0	0	-0.338672	0	0	-0.601034	0.251758	0.492778	0.0835	1.08699	-0.0576196	0	0.172074	0.323937	0.0835	0.73446	0.108756	0	0	0	-0.440951	0	0	-2.08796	0.00565291	0.0890126	0.09142	0.234476	0.496031	0	0.10827	0.069786	0.09142	0.182105	0.216518	0	0	0	-0.476672	0	0	-2.72383	0.383323	0.866284	-0.0835	1.31148	-0.136694	0	0.448965	0.709469	-0.0835	1.20154	-0.182717	0	0	0	0.396431	0	0	-0.701122	0.53623	0.500996	-0.0835	1.05537	-0.243901	0	0.578367	0.319113	-0.0835	0.424058	-0.390159	0	0	0	0.227656	0	0	-3.471	0.591229	0.0334058	-0.09142	-0.547217	-0.452437	0	0.68571	0.0778283	-0.09142	-0.411654	-0.740763	0	0	0	0.148046	0	0	-3.05168	0.369824	1.0163	0	1.25159	-0.142084	0	0.375384	1.33765	0	1.12328	-0.139864	0	0	0	-0.110777	0	0	0.39928	4.45492e-17	2.27529	2.34595	3.07233	0.0626663	0.406494	0.814206	0.352799	4	1	0.303402	0.348526	-0.276825	-0.317996	0.234374	0.10792	0.0958702	0.0158752	0.174124	0.108837	0.000670105	-0.0166534	-0.00213394	-0.0930952	-0.15222	-0.148926	0.23082	0.00842009	0.0929395	0.212413	0.150317	0.395338	0.000887938	-0.222826	-0.00111798	-0.338159	-0.0118764	-0.0116194	0.00825844	0.00973455	0.451346	0.0826263	0.0131555	0.0101519	-0.195215	0.0352149	-0.0870433	0.0277189	-0.031959	0.00981438	0.206498	-0.258451	0.0494373	-0.110275	-1.43277	-0.000901292	0.0141238	0.0324753	0	0	362.208	10.953	0.885676	1.50692	56.7589	2.13859	2.39278	73.147	51.3254	0.401218	5.07216	1.67826	8.48057	0.895467	0.673863	3.36037	13.2305	0.831293	15.9333	0.319123	0	0	0	0	0	0	0.766555	0.20162	0.899234	0.019079	0.994351	0.111941	1.0961	0.0158099	0.918697	0.214559	0.961547	0.419085	1.0376	0	0.813507	0.895853	0.827792	1.15854	0.0485497	0.874232	-0.110777	0.39928	-2.55825	0.0171254	0.627302	1.1122	0.965164	0.739558	0.0566785	0.659834	0.381626	0.972831	1.86201e-19	1.07445	-0.143803	0	80.0801	-10.7178	0	-0.325955	0.174488	-5.58004	-0	-0	-0	-0	-0	-0	0	0	0	0	0	0	0.159554	0.749766	-0	116.618	548.006	-0	-50.0987	10.6613	97.6806	0.178247	-6.33261e-16	0.09142	0	0	0	0	0	0	0	0	0	0
0.46	-0.106912	0.473796	0.922971	-0.235941	-0.120527	-0.0414446	0.496651	-0.198457	-0.0749486	0.375031	1.29173	-0.132087	-0.625862	-2.13545	-0.512895	-1.01829	-3.14128	0.521744	0.0529842	0.0714199	0.0105441	0.132771	0.01	0.103123	0.451781	0.118834	0.0642838	0.0739938	0.0199399	0.0629827	0.553377	0.0526278	0.319193	0.0420944	0.010243	0.0630263	0.0115728	0.111619	0.0160815	0.130722	0.0436302	0.136734	0.0109459	0.0959525	0.01	0.0623407	0.01	0.0801488	0.134577	0.0556403	0.0151389	0.0439234	0.232623	0.0613048	-0.0532806	0.01	0.731762	-0.798871	0.00338131	0.0201374	0.0100622	0.0100622	1.20372	-0.48457	0.00629621	0.0525576	-0.173498	0.01	0.65725	-0.199071	0.00140714	0.00319227	0.459747	0.459747	1.11476	0.210993	0.0298555	0.475973	0.0664992	0.0664992	0.974885	1.09206	0.00908208	0.0872653	0.0206842	0.0206842	0.634267	0.839388	0.00356743	0.0220532	0.518903	0.518903	1.03192	-0.595585	0.0265128	0.399262	0.280701	0.280701	0.956691	-0.450991	0.0174885	0.214792	-0.297092	0.01	0.922787	0.367865	0.00285177	0.0148801	-0.00413173	0.01	1.14364	-1.53124	0.00318115	0.0181138	0.01321	0.01321	1.18515	-0.762017	0.00555483	0.043917	0.029585	0.029585	0.871472	-0.265265	0.0042779	0.0296111	-1.25745	0.01	0.900117	0.409043	0.00292276	0.0155658	-0.261853	0.01	0.821354	-0.642266	-0.0396269	0	0	0.01	0.807138	-0.635355	-0.109754	0	0.131682	0.131682	1.09099	-0.557754	0.0104447	0.1059	-0.0381797	0.01	0.998259	0.432473	0.00329489	0.0192589	0.232858	0.232858	0.897581	-0.195088	0.0163062	0.195289	0	0	0	0	0	0	0	0	0	0	0	0	0	0	0	0	0	0	0.473796	0.922971	0	1.29173	-0.132087	0	0.4035	0.930515	0	1.2889	-0.158451	0	0	0	-0.106912	0	0	0.375031	0.396447	0.864792	0.0835	1.31355	-0.161096	0	0.339297	0.704686	0.0835	1.27339	-0.146761	0	0	0	-0.342853	0	0	-0.250831	0.263321	0.49184	0.0835	1.22	-0.127704	0	0.179871	0.324828	0.0835	0.821462	0.0714318	0	0	0	-0.46338	0	0	-2.38628	0.00814667	0.0940553	0.09142	0.264039	0.513515	0	0.110182	0.0719477	0.09142	0.199945	0.217696	0	0	0	-0.504824	0	0	-2.89918	0.396447	0.864792	-0.0835	1.31355	-0.161096	0	0.461038	0.707541	-0.0835	1.2124	-0.202644	0	0	0	0.389738	0	0	-0.643255	0.546906	0.498489	-0.0835	1.07792	-0.257879	0	0.5824	0.315194	-0.0835	0.384236	-0.392211	0	0	0	0.191282	0	0	-3.78453	0.585085	0.0290044	-0.09142	-0.674166	-0.425103	0	0.680927	0.0704087	-0.09142	-0.539072	-0.737815	0	0	0	0.116333	0	0	-3.26279	0.382368	1.01475	0	1.25731	-0.166376	0	0.386686	1.33613	0	1.13678	-0.164756	0	0	0	-0.106912	0	0	0.375031	4.98075e-17	2.2493	2.29362	2.99532	0.0476394	0.360866	0.781781	0.343938	4	1	0.286422	0.329021	-0.287857	-0.330669	0.234611	0.106414	0.0961603	0.015756	0.173081	0.105449	0.000648545	-0.0165284	-0.00208944	-0.0901974	-0.150096	-0.146848	0.234731	0.00860334	0.0893962	0.203439	0.148329	0.382446	0.0011513	-0.213413	-0.00103314	-0.327132	-0.0121349	-0.0118723	0.0110776	0.00960653	0.459747	0.0837324	0.00786261	0.0100622	-0.197393	0.0303568	-0.0915	0.0238949	-0.0275501	0.0103169	0.211342	-0.261853	0.0426172	-0.115922	-1.39549	-0.00413173	0.01321	0.029585	0	0	360.315	9.78221	1.11321	1.32117	57.9995	2.3918	2.73996	73.4838	46.9614	0.401507	4.7356	1.75812	7.76014	0.891284	0.668882	3.33544	14.164	0.805064	17.4592	0.309738	0	0	0	0	0	0	0.753144	0.195289	0.897581	0.0192589	0.998259	0.1059	1.09099	0.0148801	0.922787	0.214792	0.956691	0.399262	1.03192	0	0.807138	0.900117	0.821354	1.14364	0.043917	0.871472	-0.106912	0.375031	-2.30025	0.0220532	0.634267	1.11476	0.974885	0.731762	0.0525576	0.65725	0.392453	0.971263	-3.72401e-19	1.09037	-0.169005	0	81.2665	-12.5962	0	-0.296126	0.267177	-5.55774	-0	-0	-0	-0	-0	-0	0	0	0	0	0	0	0.164891	0.734872	-0	120.52	537.12	-0	-49.1035	11.0179	95.9853	0.178703	-6.34882e-16	0.09142	0	0	0	0	0	0	0	0	0	0
0.47	-0.103276	0.486738	0.921506	-0.240351	-0.145117	-0.0460463	0.486778	-0.231462	-0.0692479	0.353238	1.29673	-0.160504	-0.267714	-2.76273	-0.418306	-0.961865	-3.44104	0.602872	0.0472195	0.0706206	0.0104783	0.132152	0.01	0.102895	0.459359	0.119015	0.0703318	0.0748904	0.0262299	0.0639165	0.540435	0.0523084	0.308853	0.0419119	0.0102136	0.0632536	0.0113818	0.11009	0.0156334	0.12983	0.0415238	0.13633	0.0108312	0.096375	0.01	0.0618544	0.01	0.0795194	0.134038	0.0553355	0.0145091	0.0441323	0.232625	0.0611529	-0.0671711	0.01	0.723572	-0.841015	0.00296822	0.0160084	0.00953461	0.01	1.19811	-0.641439	0.00589465	0.0478491	-0.179034	0.01	0.6558	-0.0892766	0.00159275	0.00434112	0.466316	0.466316	1.11647	0.129799	0.029511	0.467853	0.0727509	0.0727509	0.986698	1.30523	0.00983728	0.097436	0.0287741	0.0287741	0.64367	1.07759	0.00431881	0.0300564	0.503635	0.503635	1.02565	-0.662752	0.0254833	0.376393	0.268096	0.268096	0.952542	-0.377156	0.0175492	0.215828	-0.272465	0.01	0.926114	0.299402	0.00276232	0.0140259	-0.00759769	0.01	1.12797	-1.6023	0.00265413	0.0130083	0.0121505	0.0121505	1.17707	-0.854076	0.00514959	0.0392929	0.0269527	0.0269527	0.8689	-0.250285	0.00416178	0.0283526	-1.22431	0.01	0.904081	0.384561	0.00288494	0.0151997	-0.265238	0.01	0.814946	-0.639158	-0.0324497	0	0	0.01	0.800799	-0.632253	-0.0929155	0	0.13058	0.13058	1.08501	-0.637705	0.010064	0.100565	-0.0327582	0.01	1.00301	0.513395	0.00332302	0.019544	0.232711	0.232711	0.895357	-0.251029	0.0158833	0.188568	0	0	0	0	0	0	0	0	0	0	0	0	0	0	0	0	0	0	0.486738	0.921506	0	1.29673	-0.160504	0	0.416415	0.928795	0	1.29415	-0.185345	0	0	0	-0.103276	0	0	0.353238	0.4096	0.863047	0.0835	1.31738	-0.187752	0	0.352326	0.702986	0.0835	1.33107	-0.19265	0	0	0	-0.343627	0	0	0.0855238	0.276186	0.490198	0.0835	1.34927	-0.199162	0	0.188527	0.325356	0.0835	0.907952	0.0355188	0	0	0	-0.488744	0	0	-2.6772	0.0109529	0.0993042	0.09142	0.298065	0.537417	0	0.11228	0.0741494	0.09142	0.220198	0.223758	0	0	0	-0.53479	0	0	-3.09551	0.4096	0.863047	-0.0835	1.31738	-0.187752	0	0.473209	0.705396	-0.0835	1.22143	-0.226466	0	0	0	0.383503	0	0	-0.608627	0.557772	0.495813	-0.0835	1.09387	-0.277933	0	0.586049	0.311267	-0.0835	0.346521	-0.392444	0	0	0	0.152041	0	0	-4.04966	0.577764	0.0249338	-0.09142	-0.785395	-0.386105	0	0.674941	0.0631008	-0.09142	-0.653841	-0.721052	0	0	0	0.0827928	0	0	-3.44679	0.394976	1.01295	0	1.26443	-0.192917	0	0.398126	1.33434	0	1.1509	-0.191805	0	0	0	-0.103276	0	0	0.353238	6.52133e-17	2.21439	2.2491	2.91052	0.0406123	0.320955	0.752461	0.333996	4	1	0.268126	0.308004	-0.298745	-0.343176	0.234536	0.103607	0.097211	0.016168	0.171836	0.101719	0.000570452	-0.0169606	-0.00203632	-0.0870069	-0.146137	-0.142975	0.238836	0.00875428	0.0855493	0.194895	0.146164	0.369552	0.00143722	-0.20445	-0.000940737	-0.316102	-0.0123478	-0.0120806	0.0161841	0.01259	0.466316	0.0850307	0.00230911	0.00953461	-0.198954	0.0253073	-0.0947875	0.0199202	-0.0229674	0.0106876	0.215741	-0.265238	0.0355282	-0.120087	-1.35549	-0.00759769	0.0121505	0.0269527	0	0	358.8	8.78473	1.29744	1.11291	59.0564	2.66022	3.7808	74.2925	42.2294	0.401682	4.37579	1.78611	7.14187	0.887703	0.663932	3.31065	14.9703	0.777616	18.7279	0.29979	0	0	0	0	0	0	0.737877	0.188568	0.895357	0.019544	1.00301	0.100565	1.08501	0.0140259	0.926114	0.215828	0.952542	0.376393	1.02565	0	0.800799	0.904081	0.814946	1.12797	0.0392929	0.8689	-0.103276	0.353238	-2.02993	0.0300564	0.64367	1.11647	0.986698	0.723572	0.0478491	0.6558	0.403441	0.969437	1.86201e-19	1.10685	-0.195795	0	82.4949	-14.5928	0	-0.266719	0.35884	-5.52813	-0	-0	-0	-0	-0	-0	0	0	0	0	0	0	0.170323	0.717951	-0	124.489	524.752	-0	-47.9729	11.3808	94.0356	0.1792	-6.36646e-16	0.09142	0	0	0	0	0	0	0	0	0	0
0.48	-0.0998424	0.49974	0.919743	-0.241298	-0.175784	-0.0500133	0.477334	-0.267124	-0.0629133	0.334943	1.30379	-0.191191	0.05587	-3.33114	-0.388869	-0.932998	-3.67017	0.666461	0.0422842	0.069778	0.0104203	0.131359	0.01	0.102835	0.465516	0.119113	0.0768774	0.0759429	0.0378267	0.0650727	0.52723	0.0519489	0.29857	0.041761	0.0101877	0.0634434	0.0112138	0.108496	0.0151068	0.128844	0.0393752	0.135945	0.0107303	0.0967765	0.01	0.0613704	0.01	0.078893	0.133082	0.0549927	0.0139566	0.0443695	0.2335	0.0609624	-0.08095	0.01	0.714939	-0.888373	0.00258362	0.0123549	0.00892572	0.01	1.19093	-0.796276	0.00544832	0.0426946	-0.18412	0.01	0.65542	0.012282	0.00175141	0.00543355	0.470964	0.470964	1.11739	0.0512122	0.0290386	0.456812	0.0793941	0.0793941	1.00057	1.51365	0.0106029	0.108145	0.0419889	0.0419889	0.655315	1.31001	0.00548172	0.0430774	0.490315	0.490315	1.01861	-0.758234	0.0242892	0.350254	0.259329	0.259329	0.949114	-0.308949	0.0175713	0.216207	-0.252753	0.01	0.928892	0.261404	0.00271013	0.0135328	-0.0112632	0.01	1.11164	-1.66545	0.00211751	0.00826944	0.0110626	0.0110626	1.16812	-0.933701	0.00474499	0.0347509	0.0245233	0.0245233	0.866444	-0.242146	0.00402531	0.0268843	-1.18877	0.01	0.907847	0.370058	0.00286026	0.0149618	-0.268607	0.01	0.808569	-0.636054	-0.024961	0	0	0.01	0.794491	-0.62915	-0.0750211	0	0.127443	0.127443	1.07829	-0.707695	0.00970075	0.0955688	-0.0277422	0.01	1.0084	0.566759	0.00333016	0.0196165	0.233926	0.233926	0.892568	-0.307648	0.0155022	0.182583	0	0	0	0	0	0	0	0	0	0	0	0	0	0	0	0	0	0	0.49974	0.919743	0	1.30379	-0.191191	0	0.429392	0.92679	0	1.30143	-0.214753	0	0	0	-0.0998424	0	0	0.334943	0.422803	0.861019	0.0835	1.32346	-0.21696	0	0.365928	0.700816	0.0835	1.38607	-0.239188	0	0	0	-0.34114	0	0	0.390813	0.290317	0.487839	0.0835	1.46931	-0.268738	0	0.198048	0.325533	0.0835	0.992072	0.00256225	0	0	0	-0.516924	0	0	-2.94033	0.0141383	0.104827	0.09142	0.339548	0.568077	0	0.114605	0.076428	0.09142	0.245004	0.233604	0	0	0	-0.566937	0	0	-3.32919	0.422803	0.861019	-0.0835	1.32346	-0.21696	0	0.485464	0.702989	-0.0835	1.22895	-0.254435	0	0	0	0.377491	0	0	-0.598055	0.568765	0.492901	-0.0835	1.10331	-0.304253	0	0.589329	0.307337	-0.0835	0.311277	-0.392024	0	0	0	0.110367	0	0	-4.26823	0.569401	0.0213008	-0.09142	-0.880122	-0.33811	0	0.667866	0.0560107	-0.09142	-0.755105	-0.692756	0	0	0	0.0474539	0	0	-3.60177	0.407665	1.01087	0	1.27327	-0.222031	0	0.409711	1.33227	0	1.16562	-0.221345	0	0	0	-0.0998424	0	0	0.334943	2.17378e-17	2.16949	2.22336	2.80966	0.0415934	0.28421	0.724258	0.321733	4	1	0.248641	0.28562	-0.309483	-0.355511	0.234151	0.101189	0.098689	0.0162942	0.170265	0.0968148	0.000460597	-0.017093	-0.00196926	-0.0828122	-0.142725	-0.139637	0.242919	0.00822898	0.0814974	0.189439	0.143846	0.357825	0.00173839	-0.198726	-0.000841822	-0.306072	-0.0116069	-0.0113557	0.0260073	0.0159815	0.470964	0.0866295	-0.00349633	0.00892572	-0.199935	0.0200916	-0.0975452	0.0158148	-0.0182339	0.0109985	0.21979	-0.268607	0.028206	-0.12358	-1.31319	-0.0112632	0.0110626	0.0245233	0	0	359.059	7.91242	1.43356	0.915043	59.8874	2.95617	5.65686	75.9114	37.9146	0.401791	4.00223	1.77231	6.61554	0.884683	0.659009	3.28597	15.5409	0.749899	20.0169	0.289797	0	0	0	0	0	0	0.720212	0.182583	0.892568	0.0196165	1.0084	0.0955688	1.07829	0.0135328	0.928892	0.216207	0.949114	0.350254	1.01861	0	0.794491	0.907847	0.808569	1.11164	0.0347509	0.866444	-0.0998424	0.334943	-1.58585	0.0430774	0.655315	1.11739	1.00057	0.714939	0.0426946	0.65542	0.414597	0.967331	1.86201e-19	1.12371	-0.224288	0	83.7517	-16.7165	0	-0.239856	0.447076	-5.4996	-0	-0	-0	-0	-0	-0	0	0	0	0	0	0	0.172642	0.699214	-0	126.184	511.058	-0	-46.7209	11.5358	91.8457	0.179717	-6.38482e-16	0.09142	0	0	0	0	0	0	0	0	0	0
0.49	-0.0965664	0.512827	0.91766	-0.239319	-0.211598	-0.0540974	0.468021	-0.30471	-0.0558945	0.321712	1.31365	-0.224518	0.317464	-3.79195	-0.441116	-0.934585	-3.82973	0.727027	0.038054	0.0688893	0.0103694	0.130407	0.01	0.102919	0.469953	0.119131	0.0836595	0.0771441	0.0547676	0.0664201	0.514087	0.0515314	0.289691	0.0416351	0.010165	0.0636222	0.0110664	0.106849	0.0145128	0.12778	0.0372168	0.135566	0.0106417	0.097169	0.01	0.0608888	0.01	0.0782697	0.131939	0.0546182	0.0134726	0.0446289	0.233492	0.0607364	-0.0943538	0.01	0.705833	-0.934332	0.00222757	0.00919273	0.00820076	0.01	1.18229	-0.933267	0.00498549	0.0374413	-0.188772	0.01	0.655951	0.0944517	0.00187435	0.00634098	0.473814	0.473814	1.11755	-0.0201706	0.0285265	0.444954	0.0864097	0.0864097	1.01639	1.67847	0.0113588	0.119099	0.0613355	0.0613355	0.668883	1.4874	0.00705323	0.0616183	0.475557	0.475557	1.01042	-0.891481	0.0229404	0.321273	0.255391	0.255391	0.946253	-0.267192	0.0174568	0.214252	-0.237612	0.01	0.93151	0.272164	0.00272503	0.0136731	-0.0151166	0.01	1.09477	-1.70592	0.00154239	0.00401483	0.00994959	0.01	1.15848	-0.996946	0.00435298	0.0304291	0.0222324	0.0222324	0.864029	-0.242752	0.00386723	0.0251989	-1.15049	0.01	0.911529	0.36823	0.00285247	0.0148869	-0.27196	0.01	0.802224	-0.632951	-0.0172124	0	0	0.01	0.788215	-0.626044	-0.05634	0	0.125347	0.125347	1.07095	-0.759996	0.00938627	0.0913162	-0.0203853	0.01	1.01429	0.611228	0.003353	0.0198489	0.233366	0.233366	0.88926	-0.355547	0.0151405	0.176947	0	0	0	0	0	0	0	0	0	0	0	0	0	0	0	0	0	0	0.512827	0.91766	0	1.31365	-0.224518	0	0.442456	0.924477	0	1.31146	-0.247158	0	0	0	-0.0965664	0	0	0.321712	0.436083	0.858685	0.0835	1.33262	-0.249208	0	0.38005	0.698185	0.0835	1.43521	-0.285023	0	0	0	-0.335885	0	0	0.639176	0.305559	0.484814	0.0835	1.57159	-0.332635	0	0.208374	0.325402	0.0835	1.06901	-0.0262343	0	0	0	-0.547483	0	0	-3.15277	0.0177777	0.11068	0.09142	0.388954	0.602883	0	0.1172	0.0788182	0.09142	0.274448	0.245569	0	0	0	-0.60158	0	0	-3.59389	0.436083	0.858685	-0.0835	1.33262	-0.249208	0	0.497788	0.700279	-0.0835	1.23554	-0.287025	0	0	0	0.371455	0	0	-0.612873	0.579819	0.489692	-0.0835	1.10648	-0.3373	0	0.592271	0.303408	-0.0835	0.278891	-0.39262	0	0	0	0.066745	0	0	-4.4426	0.560187	0.0181728	-0.09142	-0.957412	-0.285203	0	0.659855	0.049256	-0.09142	-0.84192	-0.655529	0	0	0	0.0108505	0	0	-3.71558	0.420454	1.00849	0	1.28443	-0.254236	0	0.421447	1.32989	0	1.18103	-0.253916	0	0	0	-0.0965664	0	0	0.321712	8.37681e-17	2.11993	2.22025	2.68526	0.0464139	0.253844	0.700687	0.307817	4	1	0.22806	0.261979	-0.320046	-0.367645	0.233441	0.0978654	0.100886	0.0167666	0.168317	0.092081	0.000297291	-0.0175885	-0.00188613	-0.0787631	-0.138038	-0.135051	0.246099	0.00767406	0.0776607	0.188554	0.141413	0.344733	0.00202355	-0.197798	-0.000738004	-0.294873	-0.0108242	-0.0105899	0.0403277	0.0210078	0.473814	0.0885723	-0.00959471	0.00820076	-0.200379	0.0147454	-0.0995046	0.0116066	-0.0133821	0.0112194	0.223595	-0.27196	0.0207007	-0.126063	-1.26872	-0.0151166	0.00994959	0.0222324	0	0	364.534	7.11765	1.50815	0.915446	63.0478	3.18558	8.57286	78.2702	35.0622	0.401932	3.6244	1.72144	6.1907	0.882228	0.654113	3.2614	15.9202	0.724798	20.9309	0.279865	0	0	0	0	0	0	0.698233	0.176947	0.88926	0.0198489	1.01429	0.0913162	1.07095	0.0136731	0.93151	0.214252	0.946253	0.321273	1.01042	0	0.788215	0.911529	0.802224	1.09477	0.0304291	0.864029	-0.0965664	0.321712	-0.997221	0.0616183	0.668883	1.11755	1.01639	0.705833	0.0374413	0.655951	0.425922	0.96493	1.86201e-19	1.14058	-0.254795	0	85.0093	-18.9902	0	-0.217953	0.527251	-5.49302	-0	-0	-0	-0	-0	-0	0	0	0	0	0	0	0.170242	0.677161	-0	124.43	494.939	-0	-45.2473	11.3754	89.2146	0.180254	-6.4039e-16	0.09142	0	0	0	0	0	0	0	0	0	0
0.5	-0.0933788	0.526034	0.915231	-0.235236	-0.251151	-0.0591572	0.458389	-0.342896	-0.0376158	0.319503	1.32922	-0.260898	0.468265	-4.07042	-0.584409	-1.04126	-3.56373	6.40685	0.0344177	0.0679581	0.0103246	0.129324	0.01	0.103107	0.472713	0.119077	0.0900502	0.0784475	0.0781915	0.0678981	0.49994	0.0510358	0.282137	0.0415201	0.010145	0.0638266	0.010937	0.105188	0.0139605	0.126666	0.035061	0.135177	0.0105639	0.0975683	0.01	0.0604095	0.01	0.0776496	0.13051	0.054241	0.0130488	0.0449878	0.233461	0.0604537	-0.0995332	0.01	0.696292	-0.973408	0.00189476	0.00649629	0.00739378	0.01	1.17247	-1.02645	0.00454902	0.0325801	-0.19282	0.01	0.657152	0.140234	0.00194338	0.00687144	0.47498	0.47498	1.11705	-0.0783903	0.0280717	0.434511	0.0926874	0.0926874	1.03356	1.78319	0.0121527	0.130945	0.0881646	0.0881646	0.683767	1.58243	0.00906542	0.0870452	0.457259	0.457259	1.0007	-1.06294	0.0214699	0.290496	0.252793	0.252793	0.943639	-0.262554	0.0171235	0.208636	-0.221304	0.01	0.934504	0.337927	0.00281372	0.0145154	-0.0191345	0.01	1.07774	-1.67318	0.000856247	0.00080578	0.00885245	0.01	1.14838	-0.969066	0.0040749	0.0274165	0.0200151	0.0200151	0.861547	-0.265398	0.00366084	0.0230257	-1.09959	0.01	0.915275	0.39624	0.00288284	0.0151795	-0.275297	0.01	0.795909	-0.629849	-0.00931501	0	0	0.01	0.78197	-0.622931	-0.0373702	0	0.122264	0.122264	1.06355	-0.475433	0.0103207	0.104151	-0.0131258	0.01	1.02245	2.26607	0.00484838	0.0359039	0.233197	0.233197	0.88512	-0.742413	0.0129062	0.142417	0	0	0	0	0	0	0	0	0	0	0	0	0	0	0	0	0	0	0.526034	0.915231	0	1.32922	-0.260898	0	0.455642	0.921824	0	1.32712	-0.283388	0	0	0	-0.0933788	0	0	0.319503	0.449478	0.856012	0.0835	1.34814	-0.285358	0	0.394614	0.695108	0.0835	1.4749	-0.328578	0	0	0	-0.328615	0	0	0.787768	0.321676	0.481202	0.0835	1.64341	-0.386036	0	0.219397	0.32501	0.0835	1.13068	-0.0502876	0	0	0	-0.579766	0	0	-3.28266	0.0219447	0.116876	0.09142	0.444767	0.635379	0	0.120108	0.0813246	0.09142	0.30729	0.255773	0	0	0	-0.638923	0	0	-3.86706	0.449478	0.856012	-0.0835	1.34814	-0.285358	0	0.510161	0.697211	-0.0835	1.23353	-0.329156	0	0	0	0.36501	0	0	-0.721757	0.590834	0.4861	-0.0835	1.08116	-0.387382	0	0.594962	0.299446	-0.0835	0.281253	-0.405074	0	0	0	0.0221145	0	0	-4.28549	0.550928	0.0150163	-0.09142	-0.673775	-0.532956	0	0.651381	0.0434627	-0.09142	-0.73412	-0.319859	0	0	0	-0.0155013	0	0	2.12136	0.433372	1.00577	0	1.3003	-0.290504	0	0.43334	1.32717	0	1.19761	-0.290514	0	0	0	-0.0933788	0	0	0.319503	8.14804e-17	2.06862	2.2529	2.53446	0.0284541	0.304874	0.753378	0.310432	4	1	0.206514	0.237228	-0.330416	-0.379558	0.232366	0.0947926	0.103653	0.0169246	0.165962	0.0871121	9.16106e-05	-0.0177544	-0.00178566	-0.0745128	-0.133704	-0.13081	0.248759	0.00722274	0.0742223	0.188758	0.138798	0.328428	0.00227912	-0.198012	-0.000626404	-0.280926	-0.0101876	-0.00996713	0.0586713	0.0294933	0.47498	0.0908532	-0.016023	0.00739378	-0.200329	0.00953938	-0.0930496	0.00750878	-0.00865739	0.0104916	0.227258	-0.275297	0.0133921	-0.117885	-1.22235	-0.0191345	0.00885245	0.0200151	0.509111	1.01822	379.944	6.37187	1.5136	0.916359	70.5911	3.38048	12.9334	80.791	33.9428	0.402242	3.28605	1.60699	5.96624	0.880357	0.649241	3.23691	13.0237	0.700153	27.2085	0.269296	0	0	0	0	0	0.15123	0.672902	0.142417	0.88512	0.0359039	1.02245	0.104151	1.06355	0.0145154	0.934504	0.208636	0.943639	0.290496	1.0007	0	0.78197	0.915275	0.795909	1.07774	0.0274165	0.861547	-0.0933788	0.319503	-0.387182	0.0870452	0.683767	1.11705	1.03356	0.696292	0.0325801	0.657152	0.437419	0.962222	1.86201e-19	1.16092	-0.28404	0	86.5249	-21.1699	0	-0.176063	0.569435	-5.17337	0.107715	0.106152	-0	78.729	77.5866	-0	7.08146	-7.18573	56.8326	0.732506	-2.60238e-15	-0.0912717	0.161516	0.65323	-0	118.053	477.448	-0	-43.6483	10.7924	86.3256	0.180806	-6.42353e-16	0.09142	0	0	0	0	0	0	0	0	0	0
0.51	-0.0903935	0.539308	0.912517	-0.229597	-0.292881	-0.0663354	0.447775	-0.370127	0.0182986	0.259359	1.31625	-0.276171	0.705655	-4.30577	-0.847158	-0.94716	-1.90947	2.92351	0.0312808	0.0669984	0.0102853	0.12815	0.01	0.103368	0.444114	0.118997	0.0869799	0.0799336	0.0866471	0.0695899	0.484322	0.0504437	0.275875	0.0413965	0.0101275	0.0641022	0.109159	0.103048	0.0134766	0.125812	0.0323995	0.134742	0.0218601	0.0978903	0.0424596	0.0596721	0.169471	0.0759855	0.128881	0.0543434	0.0126771	0.0467233	0.233218	0.0592451	-0.118959	0.01	0.686459	-0.98448	0.0016131	0.00447589	0.00959146	0.01	1.16183	-1.10881	0.00412081	0.0279105	-0.170863	0.01	0.658812	0.206787	0.00203877	0.00762714	0.257984	0.257984	1.1163	-0.0247544	0.0274785	0.421005	-0.166552	0.01	1.05314	2.34442	0.0125927	0.137623	0	0.01	0.700805	1.97236	0.0102768	0.103535	0.436138	0.436138	0.989093	-1.27165	0.0198836	0.258663	0.251352	0.251352	0.94083	-0.310298	0.0164642	0.197827	-0.204077	0.01	0.938539	0.485779	0.00299819	0.0163015	0.184199	0.184199	1.05582	-3.02419	0.00262827	0.0127677	0.00531445	0.01	1.14063	-0.53044	0.00438746	0.0308058	-0.0952357	0.01	0.858773	-0.261138	0.00347628	0.0211112	0.0289665	0.0289665	0.918296	0.160605	0.00371409	0.0235834	0.0638421	0.0638421	0.786194	-1.76889	-0.00190499	0	0.305846	0.305846	0.765212	-3.70132	-0.0138222	0	0.11963	0.11963	1.06556	0.909569	0.014817	0.171928	-0.00491234	0.01	1.06189	3.52971	0.00643888	0.0542467	0.231846	0.231846	0.867424	-2.27137	0.00741971	0.066095	0	0	0	0	0	0	0	0	0	0	0	0	0	0	0	0	0	0	0.539308	0.912517	0	1.31625	-0.276171	0	0.468897	0.918899	0	1.31459	-0.294433	0	0	0	-0.0903935	0	0	0.259359	0.46293	0.853069	0.0835	1.33167	-0.29598	0	0.409455	0.691699	0.0835	1.48739	-0.347584	0	0	0	-0.319991	0	0	0.965014	0.338365	0.477171	0.0835	1.69441	-0.416187	0	0.230971	0.32445	0.0835	1.18421	-0.0574115	0	0	0	-0.612872	0	0	-3.34076	0.0267221	0.123427	0.09142	0.510943	0.679407	0	0.123375	0.0839516	0.09142	0.345623	0.274635	0	0	0	-0.679207	0	0	-4.18792	0.46293	0.853069	-0.0835	1.33167	-0.29598	0	0.522399	0.69381	-0.0835	1.22213	-0.336884	0	0	0	0.357381	0	0	-0.687802	0.601459	0.48209	-0.0835	1.07651	-0.391261	0	0.59908	0.295405	-0.0835	0.591634	-0.385081	0	0	0	-0.0127455	0	0	-2.59727	0.547442	0.00990475	-0.09142	-0.026458	-0.392861	0	0.647274	0.0404596	-0.09142	-0.036426	-0.360292	0	0	0	0.00555302	0	0	0.326235	0.446376	1.00277	0	1.29284	-0.300273	0	0.445385	1.32418	0	1.20948	-0.30053	0	0	0	-0.0903935	0	0	0.259359	3.50511e-17	1.95577	2.19718	2.34402	0.451809	1.03167	1.44369	0.503961	0	2	0.186056	0.213727	-0.340592	-0.391247	0.230919	0.0915298	0.107014	0.0171753	0.163214	0.0827232	-0.000158186	-0.0180173	-0.00166838	-0.0707587	-0.129102	-0.126308	0.250923	0.00680812	0.0712851	0.189669	0.135918	0.309615	0.00249743	-0.198968	-0.000503482	-0.264835	-0.00960277	-0.00939496	0	0	0.432378	-0.166552	-0.118959	0.00959146	-0.170863	0	0	0	0	0	0.0289665	0.0582319	0	0	0	0.266812	0.00531445	-0.0989046	0.509111	1.01822	506.004	5.6335	1.49394	0.917621	43.9317	1.98897	8.00892	82.377	34.9928	0.402895	45.5624	1.13486	5.08152	2.1484	4.42056	110.657	5.9858	0.647043	38.0759	0.24466	0	0	0	0	0	0.540401	0.636625	0.066095	0.867424	0.0542467	1.06189	0.171928	1.06556	0.0163015	0.938539	0.197827	0.94083	0.258663	0.989093	0	0.765212	0.918296	0.786194	1.05582	0.0308058	0.858773	-0.0903935	0.259359	-12.4966	0.103535	0.700805	1.1163	1.05314	0.686459	0.0279105	0.658812	0.449192	0.9593	-3.72401e-19	1.19498	-0.293444	0	89.0632	-21.8708	0	-0.165684	0.433127	-3.576	0.101531	0.530777	-0	74.2093	387.947	-0	34.3202	-6.56502	245.328	0.632374	-2.24664e-15	-0.0884663	0.152732	0.618033	-0	111.632	451.722	-0	-41.2965	10.2054	81.9701	0.181461	-6.4468e-16	0.09142	0.305846	0	0.00466116	-0.0872738	0.00366896	-0.0042302	0.00984038	0.00654368	-0.110567	-0.0703702
0.52	-0.0884757	0.552208	0.909779	-0.220085	-0.33825	-0.0762952	0.443306	-0.395898	0.0489837	0.134701	1.26767	-0.264904	1.17529	-4.73745	-1.21564	-0.0779366	-3.09912	3.46565	0.028567	0.0660528	0.0102508	0.126849	0.01	0.103805	0.402941	0.118979	0.0758755	0.0817989	0.0755983	0.0716565	0.466933	0.0497338	0.270622	0.0412405	0.010112	0.0644912	0.158749	0.100662	0.0130523	0.125075	0.0295354	0.134522	0.0340298	0.0979714	0.0618917	0.0586463	0.259209	0.0735451	0.127034	0.0549195	0.0123511	0.0479212	0.23276	0.0577928	-0.121306	0.01	0.676771	-0.946123	0.00143587	0.00336019	0.00835629	0.01	1.15004	-1.25123	0.00361362	0.0225332	-0.169572	0.01	0.6616	0.351448	0.00222523	0.00917286	0.284455	0.284455	1.11613	-0.0406875	0.0256826	0.380795	-0.157567	0.01	1.07772	2.50965	0.0120541	0.129459	0	0.01	0.721616	2.18617	0.00988601	0.0981056	0.411725	0.411725	0.975172	-1.53072	0.0180832	0.225119	0.249594	0.249594	0.937284	-0.413784	0.0154736	0.182136	-0.184148	0.01	0.944234	0.681622	0.00322268	0.0185304	0.172135	0.172135	1.03137	-1.91366	0.00659953	0.0561587	0.00463387	0.01	1.13395	-0.834429	0.00381562	0.0246525	-0.100135	0.01	0.857376	-0.0222144	0.00375377	0.0240003	0.0376156	0.0376156	0.919056	-0.0224898	0.00443358	0.0313108	0.0663742	0.0663742	0.772679	-0.267577	0.00527954	0.0407677	0.294956	0.294956	0.740636	-0.239731	0.0155594	0.183478	0.116437	0.116437	1.07685	1.37673	0.0152626	0.178846	0.00306598	0.01	1.08912	2.6498	0.00615533	0.0508981	0.230425	0.230425	0.84616	-2.13566	0.00766528	0.0691299	0	0	0	0	0	0	0	0	0	0	0	0	0	0	0	0	0	0	0.552208	0.909779	0	1.26767	-0.264904	0	0.481785	0.916026	0	1.26683	-0.27439	0	0	0	-0.0884757	0	0	0.134701	0.475944	0.850184	0.0835	1.2757	-0.275177	0	0.424317	0.688213	0.0835	1.48788	-0.342807	0	0	0	-0.308561	0	0	1.30999	0.355684	0.472887	0.0835	1.76996	-0.432717	0	0.24317	0.323899	0.0835	1.25931	-0.0470808	0	0	0	-0.646811	0	0	-3.42745	0.0322219	0.130563	0.09142	0.597653	0.75413	0	0.127049	0.0868835	0.09142	0.394847	0.313839	0	0	0	-0.723106	0	0	-4.6431	0.475944	0.850184	-0.0835	1.2757	-0.275177	0	0.535007	0.690775	-0.0835	1.28475	-0.271824	0	0	0	0.35483	0	0	0.0567643	0.613527	0.478853	-0.0835	1.29678	-0.267367	0	0.605861	0.29231	-0.0835	0.72925	-0.244046	0	0	0	-0.0410679	0	0	-3.04236	0.547436	0.00688091	-0.09142	0.00758833	-0.234159	0	0.647195	0.0376715	-0.09142	-0.00544502	-0.191932	0	0	0	0.00791572	0	0	0.42329	0.459103	0.999858	0	1.25554	-0.277445	0	0.457496	1.32126	0	1.21225	-0.277661	0	0	0	-0.0884757	0	0	0.134701	8.07523e-17	1.69011	1.95005	2.10585	1.00405	2.68372	1.79473	0.659497	0	2	0.171844	0.197402	-0.350253	-0.402345	0.229106	0.0886251	0.110832	0.017239	0.160123	0.0786136	-0.000441926	-0.0180841	-0.00153647	-0.0672435	-0.125005	-0.122299	0.25273	0.00656876	0.0688573	0.190002	0.132676	0.288114	0.00267788	-0.199317	-0.000365138	-0.246443	-0.00926516	-0.00906466	0	0	0.431615	-0.157567	-0.121306	0.00835629	-0.169572	0	0	0	0	0	0.0376156	0.0571934	0	0	0	0.254134	0.00463387	-0.100199	0.509111	1.01822	492.609	4.90242	1.48599	0.919741	44.146	1.64371	7.1837	83.3232	37.7812	0.404049	61.7053	1.37722	2.60786	3.36033	3.36232	82.6127	5.75814	0.609484	36.8833	0.224324	0	0	0	0	0	0.915391	0.572814	0.0691299	0.84616	0.0508981	1.08912	0.178846	1.07685	0.0185304	0.944234	0.182136	0.937284	0.225119	0.975172	0.183478	0.740636	0.919056	0.772679	1.03137	0.0246525	0.857376	-0.0884757	0.134701	-9.15908	0.0981056	0.721616	1.11613	1.07772	0.676771	0.0225332	0.6616	0.461225	0.956512	-3.72401e-19	1.2085	-0.260046	0	90.0714	-19.3816	0	-0.0636422	0.367602	-2.79573	-0.0942874	0.910522	-0	-68.915	665.504	-0	58.8803	6.09723	420.457	0.631788	-2.24456e-15	-0.0884747	0.154059	0.551708	-0	112.602	403.246	-0	-36.8647	10.2941	73.5251	0.182333	-6.47778e-16	0.09142	0.294956	0	8.15143e-05	-0.0820807	6.41627e-05	-7.39777e-05	0.00925483	0.000114436	-0.103988	-0.0432862
0.53	-0.0875245	0.564734	0.907348	-0.206405	-0.387121	-0.0920992	0.443288	-0.426993	0.0826341	0.060791	1.23939	-0.219891	1.54476	-5.01614	-1.95242	0.0203362	-3.05568	3.34479	0.0262141	0.0651564	0.0102204	0.125409	0.01	0.104446	0.379483	0.118871	0.0665863	0.0837006	0.0663536	0.0738975	0.447492	0.0488714	0.265827	0.0410141	0.0100985	0.0650857	0.162175	0.0991164	0.0126801	0.124134	0.0270539	0.134533	0.0395999	0.0979149	0.066871	0.0589731	0.277489	0.074191	0.124992	0.0556588	0.0121422	0.0490741	0.232001	0.0563192	-0.123725	0.01	0.667586	-0.88729	0.00131851	0.00269911	0.00724162	0.01	1.13698	-1.35767	0.00312843	0.0175877	-0.167638	0.01	0.665687	0.465776	0.00236806	0.0104108	0.311735	0.311735	1.11511	-0.173711	0.0236248	0.335899	-0.147321	0.01	1.10278	2.4859	0.0114914	0.121056	0	0.01	0.744185	2.32189	0.00946066	0.0923161	0.384029	0.384029	0.958262	-1.87892	0.0158195	0.187562	0.245754	0.245754	0.93214	-0.65419	0.0137932	0.156082	-0.159873	0.01	0.952939	1.10251	0.00366379	0.0230566	0.156059	0.156059	1.01554	-1.32448	0.00823109	0.0762378	0.00461616	0.01	1.12542	-0.846613	0.00357325	0.0221136	-0.104721	0.01	0.857447	0.0163425	0.00363425	0.0227482	0.0411069	0.0411069	0.918526	-0.0516434	0.00482407	0.0356324	0.0681789	0.0681789	0.776984	1.18423	0.00838039	0.0781419	0.284122	0.284122	0.74714	1.30248	0.0217024	0.295294	0.113338	0.113338	1.09135	1.48757	0.0152718	0.178989	0.0113038	0.0113038	1.11532	2.56727	0.00651818	0.0551892	0.228149	0.228149	0.824585	-2.16503	0.00740022	0.0658554	0	0	0	0	0	0	0	0	0	0	0	0	0	0	0	0	0	0	0.564734	0.907348	0	1.23939	-0.219891	0	0.494305	0.913529	0	1.23902	-0.224173	0	0	0	-0.0875245	0	0	0.060791	0.488527	0.847682	0.0835	1.24302	-0.224524	0	0.439275	0.684972	0.0835	1.50426	-0.3036	0	0	0	-0.293929	0	0	1.60556	0.3738	0.468665	0.0835	1.85155	-0.408725	0	0.256252	0.323615	0.0835	1.35685	-0.00781675	0	0	0	-0.68105	0	0	-3.41059	0.0388646	0.138629	0.09142	0.733819	0.858951	0	0.131388	0.0902612	0.09142	0.474422	0.362749	0	0	0	-0.773149	0	0	-5.363	0.488527	0.847682	-0.0835	1.24302	-0.224524	0	0.547739	0.688327	-0.0835	1.25595	-0.21972	0	0	0	0.355764	0	0	0.0811272	0.626456	0.476479	-0.0835	1.27314	-0.213334	0	0.613169	0.290252	-0.0835	0.719196	-0.17381	0	0	0	-0.0712293	0	0	-2.97455	0.547565	0.00506568	-0.09142	0.0130603	-0.140183	0	0.647216	0.0362042	-0.09142	0.0015316	-0.103288	0	0	0	0.0114048	0	0	0.370239	0.471544	0.997339	0	1.23392	-0.225556	0	0.469631	1.31874	0	1.21439	-0.225673	0	0	0	-0.0875245	0	0	0.060791	5.49927e-17	1.43104	1.68553	1.7936	1.31657	3.65865	1.97468	0.716644	0	2	0.159121	0.182786	-0.35896	-0.412347	0.226954	0.0858892	0.115006	0.0174431	0.156746	0.0751154	-0.000752217	-0.0182983	-0.00139236	-0.0642513	-0.121146	-0.118524	0.254433	0.00663687	0.0668318	0.188284	0.128912	0.264275	0.00282843	-0.197514	-0.0002045	-0.226052	-0.00936123	-0.00915865	0	0	0.431252	-0.147321	-0.123725	0.00724162	-0.167638	0	0	0	0	0	0.0411069	0.0555955	0	0	0	0.237807	0.00461616	-0.101387	0.509111	1.01822	477.389	4.25149	1.43345	0.922848	56.6613	1.36606	6.50425	83.4402	43.5964	0.406064	55.672	1.33079	2.21488	4.1544	2.17033	58.527	5.50517	0.606479	36.0834	0.204108	0	0	0	0	0	1.08686	0.490196	0.0658554	0.824585	0.0551892	1.11532	0.178989	1.09135	0.0230566	0.952939	0.156082	0.93214	0.187562	0.958262	0.295294	0.74714	0.918526	0.776984	1.01554	0.0221136	0.857447	-0.0875245	0.060791	-7.22073	0.0923161	0.744185	1.11511	1.10278	0.667586	0.0175877	0.665687	0.47332	0.954165	1.86201e-19	1.20934	-0.20908	0	90.1341	-15.583	0	-0.0394974	0.444297	-2.59845	-0.15276	1.07608	-0	-111.653	786.507	-0	69.5351	9.87124	495.035	0.629409	-2.23611e-15	-0.08841	0.141715	0.469265	-0	103.58	342.987	-0	-31.3559	9.46928	62.8466	0.183233	-6.50975e-16	0.09142	0.284122	0	-0.00423527	-0.0775122	-0.00333373	0.00384369	0.00873973	-0.00594579	-0.0982005	-0.0153709
0.54	-0.0873036	0.57697	0.90538	-0.189062	-0.438526	-0.115625	0.444081	-0.457494	0.115007	-0.0152152	1.20808	-0.177123	1.90941	-5.24527	-2.72851	0.15102	-3.0542	2.98977	0.0241706	0.064324	0.0101937	0.12386	0.01	0.105264	0.368151	0.1186	0.0587616	0.0855575	0.058565	0.0762573	0.425908	0.0478039	0.260754	0.0406343	0.0100866	0.0660053	0.158744	0.0979572	0.0123535	0.123198	0.0249002	0.134579	0.040785	0.0978668	0.0685679	0.0600689	0.274676	0.0755459	0.133675	0.0563354	0.038083	0.0499444	0.227049	0.054851	-0.126109	0.01	0.659058	-0.813358	0.00126254	0.00240768	0.00602716	0.01	1.12294	-1.45087	0.00264207	0.0128959	-0.164451	0.01	0.670901	0.577942	0.00250581	0.0116434	0.337602	0.337602	1.11257	-0.340988	0.0218822	0.299024	-0.134462	0.01	1.12724	2.39513	0.0110372	0.114396	0	0.01	0.767949	2.42714	0.00906476	0.0870365	0.353678	0.353678	0.937331	-2.34474	0.013072	0.144961	0.238392	0.238392	0.923506	-1.12823	0.0114739	0.120798	-0.130356	0.01	0.966402	1.60334	0.00415318	0.0282597	0.137358	0.137358	1.00366	-1.07309	0.0088478	0.084186	0.00455086	0.01	1.11693	-0.854514	0.00334663	0.019784	-0.10812	0.01	0.857736	0.0478092	0.00352006	0.0215626	0.0408491	0.0408491	0.918075	-0.048661	0.00492692	0.0367835	0.0692647	0.0692647	0.791421	1.54636	0.00894271	0.0854293	0.26456	0.26456	0.760785	1.37319	0.0218458	0.298267	0.143623	0.143623	1.10462	0.879364	0.0152998	0.179426	0.0548281	0.0548281	1.1351	1.04164	0.00787076	0.071692	0.184581	0.184581	0.803089	-2.08597	0.00732805	0.0649695	0	0	0	0	0	0	0	0	0	0	0	0	0	0	0	0	0	0	0.57697	0.90538	0	1.20808	-0.177123	0	0.506539	0.911544	0	1.20817	-0.176051	0	0	0	-0.0873036	0	0	-0.0152152	0.500776	0.845696	0.0835	1.20717	-0.175963	0	0.45439	0.682147	0.0835	1.51696	-0.263828	0	0	0	-0.276365	0	0	1.89419	0.392723	0.464723	0.0835	1.9288	-0.380636	0	0.270335	0.323734	0.0835	1.45634	0.0294969	0	0	0	-0.714891	0	0	-3.35108	0.046977	0.147713	0.09142	0.887519	0.952244	0	0.136575	0.0941199	0.09142	0.561696	0.407526	0	0	0	-0.830516	0	0	-6.07959	0.500776	0.845696	-0.0835	1.20717	-0.175963	0	0.560149	0.686401	-0.0835	1.2288	-0.1679	0	0	0	0.356777	0	0	0.135805	0.639081	0.474633	-0.0835	1.25756	-0.157181	0	0.620309	0.288879	-0.0835	0.715457	-0.102396	0	0	0	-0.100717	0	0	-2.9184	0.54768	0.00416982	-0.09142	0.012052	-0.0344408	0	0.647242	0.0355957	-0.09142	0.00980921	-0.0273352	0	0	0	0.0142896	0	0	0.071369	0.48376	0.99535	0	1.20945	-0.175704	0	0.481776	1.31675	0	1.21434	-0.175674	0	0	0	-0.0873036	0	0	-0.0152152	8.07523e-17	1.23007	1.41379	1.40774	1.36436	3.70467	2.04635	0.66251	0	2	0.146759	0.168585	-0.366589	-0.42111	0.224262	0.0691287	0.120781	0.0315523	0.153345	0.0856732	-0.00118143	-0.0330991	-0.0012472	-0.073282	-0.0975053	-0.0953952	0.25638	0.00704572	0.0649811	0.183349	0.124443	0.238958	0.00296598	-0.192337	-1.37737e-05	-0.204397	-0.00993791	-0.00972285	0	0	0.430811	-0.134462	-0.126109	0.00602716	-0.164451	0	0	0	0	0	0.0408491	0.0533727	0	0	0	0.219606	0.00455086	-0.101565	0.509111	1.01822	487.136	3.687	1.35897	0.926812	70.3909	1.1437	5.93529	81.3215	51.8127	0.409406	49.7829	1.28497	2.0683	4.19612	2.24427	56.0117	6.40525	2.41838	33.1956	0.184586	0	0	0	0	0	1.07503	0.388111	0.0649695	0.803089	0.071692	1.1351	0.179426	1.10462	0.0282597	0.966402	0.120798	0.923506	0.144961	0.937331	0.298267	0.760785	0.918075	0.791421	1.00366	0.019784	0.857736	-0.0873036	-0.0152152	-7.7035	0.0870365	0.767949	1.11257	1.12724	0.659058	0.0128959	0.670901	0.485411	0.952337	1.86201e-19	1.20901	-0.159645	0	90.1091	-11.8985	0	-0.0160208	0.516231	-2.35172	-0.116284	1.06872	-0	-84.9921	781.132	-0	69.0661	7.51483	492.006	0.629863	-2.23772e-15	-0.088418	0.115135	0.37064	-0	84.1527	270.902	-0	-24.7659	7.69324	49.898	0.184192	-6.54382e-16	0.09142	0.227297	0.037263	-0.00832721	-0.07392	-0.00655463	0.00755729	0.0083347	-0.0116903	-0.0936495	0.0121311
0.55	-0.0878152	0.588899	0.903788	-0.168398	-0.491531	-0.147078	0.445845	-0.486903	0.139549	-0.0795051	1.18108	-0.142798	2.18699	-5.31019	-3.55162	0.128412	-2.72318	1.99145	0.0223925	0.0635731	0.0101703	0.122226	0.01	0.106245	0.364832	0.11815	0.0521288	0.0873225	0.0519618	0.0786924	0.402311	0.0464683	0.254515	0.0400006	0.0100761	0.0672669	0.153466	0.0969908	0.0120668	0.122276	0.0230272	0.13467	0.0406828	0.0977999	0.0717715	0.0611901	0.363145	0.0764375	0.211523	0.0563879	0.122823	0.0499832	0.200594	0.0535876	-0.128368	0.01	0.651364	-0.718237	0.00129162	0.00255712	0.00478662	0.01	1.10813	-1.50047	0.00218587	0.00883953	-0.160199	0.01	0.677151	0.66557	0.00261819	0.0126742	0.359292	0.359292	1.10835	-0.505009	0.0206084	0.272993	-0.121351	0.01	1.15049	2.23682	0.0107033	0.10958	0	0.01	0.792471	2.45812	0.00866054	0.0817489	0.320958	0.320958	0.911143	-2.93036	0.0100359	0.100176	0.225682	0.225682	0.909105	-1.79915	0.00893511	0.0853295	-0.0941267	0.01	0.984875	2.11265	0.00462873	0.0334606	0.123883	0.123883	0.993758	-0.910086	0.00915841	0.0882762	0.00376889	0.01	1.10858	-0.782732	0.00323207	0.0186247	-0.111128	0.01	0.858315	0.0491195	0.00336891	0.020011	0.0397048	0.0397048	0.917448	-0.0624744	0.00488138	0.0362731	0.0732885	0.0732885	0.806193	1.38745	0.00914294	0.088071	0.444977	0.444977	0.769763	0.728892	0.0253715	0.373927	0.251421	0.251421	1.10565	-0.22121	0.0161602	0.192957	0.151128	0.151128	1.13598	-0.0451236	0.0116022	0.122698	0.0693113	0.0693113	0.784592	-1.55587	0.00788951	0.0719269	0	0	0	0	0	0	0	0	0	0	0	0	0	0	0	0	0	0	0.588899	0.903788	0	1.18108	-0.142798	0	0.518472	0.909988	0	1.18157	-0.137199	0	0	0	-0.0878152	0	0	-0.0795051	0.512675	0.844143	0.0835	1.17634	-0.136738	0	0.469593	0.679692	0.0835	1.52291	-0.227531	0	0	0	-0.256213	0	0	2.10749	0.412321	0.46107	0.0835	1.98366	-0.348233	0	0.285367	0.324176	0.0835	1.54523	0.0583606	0	0	0	-0.747744	0	0	-3.2027	0.0566883	0.157582	0.09142	1.05358	1.01535	0	0.142657	0.0983418	0.09142	0.653459	0.434689	0	0	0	-0.894822	0	0	-6.75432	0.512675	0.844143	-0.0835	1.17634	-0.136738	0	0.572248	0.684923	-0.0835	1.18412	-0.133824	0	0	0	0.35803	0	0	0.0489071	0.651445	0.473254	-0.0835	1.19447	-0.129951	0	0.627451	0.288102	-0.0835	0.699327	-0.0657845	0	0	0	-0.128873	0	0	-2.67428	0.547863	0.00435104	-0.09142	0.0250734	0.0508282	0	0.647537	0.035417	-0.09142	0.0462858	-0.0172313	0	0	0	0.0106767	0	0	-0.682822	0.495735	0.993805	0	1.18823	-0.135391	0	0.493915	1.3152	0	1.21379	-0.135246	0	0	0	-0.0878152	0	0	-0.0795051	4.00825e-17	1.04617	1.14209	1.01232	1.44175	4.25474	2.34191	0.643744	0	2	0.134801	0.15485	-0.373037	-0.428518	0.212752	0.0320822	0.148707	0.0476718	0.154268	0.141425	-0.0032571	-0.0500089	-0.00128659	-0.120971	-0.0452516	-0.0442723	0.259004	0.00791267	0.0629928	0.17385	0.119104	0.212772	0.00311377	-0.182373	0.000214056	-0.181998	-0.0111607	-0.0109192	0	0	0.429099	-0.121351	-0.128368	0.00478662	-0.160199	0	0	0	0	0	0.0397048	0.0540807	0	0	0	0.207813	0.00376889	-0.101478	0.509111	1.01822	542.58	3.19062	1.26815	0.931563	82.4832	0.965727	5.45207	75.4335	57.7754	0.414134	44.5804	1.19315	1.94188	4.29236	2.39849	96.4925	17.7292	9.24967	24.2453	0.201802	0	0	0	0	0	1.07941	0.282257	0.0719269	0.784592	0.122698	1.13598	0.192957	1.10565	0.0334606	0.984875	0.0853295	0.909105	0.100176	0.911143	0.373927	0.769763	0.917448	0.806193	0.993758	0.0186247	0.858315	-0.0878152	-0.0795051	-4.79467	0.0817489	0.792471	1.10835	1.15049	0.651364	0.00883953	0.677151	0.49749	0.950942	1.86201e-19	1.20549	-0.12227	0	89.8469	-9.11298	0	-0.0172967	0.594384	-2.20609	-0.171188	1.06575	-0	-125.122	778.959	-0	69.1533	11.1079	500.13	0.642049	-2.28101e-15	-0.0887766	0.0807494	0.27046	-0	59.02	197.68	-0	-18.0719	5.39561	36.617	0.185234	-6.58083e-16	0.09142	0.21904	0.225938	-0.0122604	-0.0716691	-0.00965062	0.0111269	0.0080809	-0.0172121	-0.0907978	0.038203
0.56	-0.0888322	0.600621	0.902545	-0.145716	-0.543858	-0.187321	0.445282	-0.509998	0.157301	-0.120984	1.16442	-0.106857	2.3274	-5.12778	-4.46334	-0.257537	-1.88851	1.66202	0.0208441	0.0629264	0.0101496	0.120579	0.01	0.107328	0.370378	0.117539	0.0464817	0.0889363	0.0463392	0.0810998	0.376785	0.0448189	0.246352	0.039049	0.0100669	0.0688889	0.147218	0.096158	0.0118152	0.121525	0.0213969	0.134677	0.0404548	0.0977829	0.0767622	0.0621417	0.433268	0.0771057	0.243522	0.0562418	0.151385	0.05002	0.175767	0.0526855	-0.130466	0.01	0.644738	-0.597147	0.00140952	0.00320608	0.00363505	0.01	1.09319	-1.47481	0.00181111	0.00586797	-0.154929	0.01	0.684051	0.710289	0.00268802	0.0133251	0.378828	0.378828	1.10261	-0.643993	0.0199283	0.259533	-0.10855	0.01	1.17176	1.99267	0.0104616	0.106139	0	0.01	0.816715	2.37059	0.00820074	0.0758522	0.28547	0.28547	0.878801	-3.57382	0.00685981	0.0592799	0.207856	0.207856	0.887477	-2.57174	0.00632355	0.0528807	-0.0508143	0.01	1.00862	2.6566	0.00512663	0.0390331	0.114406	0.114406	0.985225	-0.80423	0.00923485	0.0892922	0.00342235	0.01	1.10177	-0.556848	0.00336538	0.019975	-0.113937	0.01	0.858365	-0.0529603	0.00304925	0.0168034	0.0385992	0.0385992	0.917288	0.0544877	0.00515855	0.0393943	0.0788021	0.0788021	0.818731	1.1392	0.00937748	0.0911983	0.485865	0.485865	0.776493	0.614619	0.028394	0.441904	0.260275	0.260275	1.10278	-0.313499	0.0171539	0.209143	0.165382	0.165382	1.13682	0.20466	0.014231	0.162853	0.0535195	0.0535195	0.771384	-1.11042	0.00823979	0.0763484	0	0	0	0	0	0	0	0	0	0	0	0	0	0	0	0	0	0	0.600621	0.902545	0	1.16442	-0.106857	0	0.530199	0.908817	0	1.16518	-0.0983368	0	0	0	-0.0888322	0	0	-0.120984	0.524335	0.842978	0.0835	1.15721	-0.0976273	0	0.484827	0.677632	0.0835	1.52203	-0.184799	0	0	0	-0.234548	0	0	2.20641	0.432304	0.45782	0.0835	2.00703	-0.300687	0	0.301213	0.324884	0.0835	1.61867	0.0822765	0	0	0	-0.778406	0	0	-2.92137	0.0681376	0.167895	0.09142	1.23258	1.04099	0	0.149693	0.102714	0.09142	0.75123	0.438724	0	0	0	-0.965726	0	0	-7.38471	0.524335	0.842978	-0.0835	1.15721	-0.0976273	0	0.583657	0.683664	-0.0835	1.09691	-0.120082	0	0	0	0.356449	0	0	-0.378521	0.662519	0.47187	-0.0835	1.01674	-0.149933	0	0.633964	0.287366	-0.0835	0.598466	-0.0851977	0	0	0	-0.153549	0	0	-2.26703	0.54814	0.00479604	-0.09142	0.0278957	0.0285735	0	0.648027	0.035171	-0.09142	0.0462728	-0.031859	0	0	0	0.00375214	0	0	-0.60501	0.507548	0.992657	0	1.17532	-0.0955963	0	0.506055	1.31406	0	1.21421	-0.0954157	0	0	0	-0.0888322	0	0	-0.120984	8.306e-17	0.911932	0.899613	0.652758	1.54581	4.80258	2.6536	0.648932	0	3	0.123429	0.141786	-0.378304	-0.434567	0.198923	0.0335553	0.167983	0.0447292	0.159463	0.147117	-0.00468975	-0.046922	-0.0015083	-0.125839	-0.0473294	-0.0463052	0.262708	0.00899456	0.0604816	0.160061	0.112703	0.18518	0.00330042	-0.167908	0.000487262	-0.158397	-0.0126867	-0.0124122	0	0	0.425755	-0.10855	-0.130466	0.00363505	-0.154929	0	0	0	0	0	0.0385992	0.0564552	0	0	0	0.198969	0.00342235	-0.101248	0.509111	1.01822	554.875	2.73868	1.17738	0.936809	93.5133	0.824157	5.03381	65.5342	57.9422	0.413314	40.2684	0.994895	2.20916	3.54815	2.61458	114.307	22.3048	9.81879	18.1531	0.227858	0	0	0	0	0	1.15681	0.1845	0.0763484	0.771384	0.162853	1.13682	0.209143	1.10278	0.0390331	1.00862	0.0528807	0.887477	0.0592799	0.878801	0.441904	0.776493	0.917288	0.818731	0.985225	0.019975	0.858365	-0.0888322	-0.120984	-4.12841	0.0758522	0.816715	1.10261	1.17176	0.644738	0.00586797	0.684051	0.509483	0.949884	1.86201e-19	1.19237	-0.0907388	0	88.8693	-6.76289	0	-0.0553578	0.72657	-2.51444	-0.213231	1.13699	-0	-155.851	831.029	-0	73.9472	13.8681	539.581	0.649292	-2.30675e-15	-0.0889826	0.0431513	0.179383	-0	31.5394	131.111	-0	-11.9862	2.88334	24.4385	0.186395	-6.62208e-16	0.09142	0.240743	0.245122	-0.0161202	-0.068443	-0.0126887	0.0146297	0.00771715	-0.0226307	-0.0867107	0.0624144
0.57	-0.0902859	0.612166	0.901667	-0.121983	-0.593442	-0.236451	0.440536	-0.524332	0.173262	-0.170891	1.14411	-0.0705256	2.41165	-4.78556	-5.29082	-0.652099	-1.04473	1.5316	0.019494	0.0624134	0.0101315	0.118991	0.01	0.108463	0.396074	0.116776	0.0416526	0.0903399	0.0415305	0.0833789	0.348794	0.0428295	0.23486	0.0377478	0.0100588	0.0708296	0.143345	0.095394	0.0115943	0.121044	0.019976	0.134506	0.0400875	0.0979278	0.0801414	0.0629416	0.481601	0.0775976	0.260099	0.0560948	0.17672	0.0501378	0.152213	0.0520125	-0.132358	0.01	0.639481	-0.440175	0.00161706	0.00450227	0.00256854	0.01	1.07879	-1.39492	0.00150928	0.00380601	-0.148867	0.01	0.691289	0.736489	0.00273819	0.0137974	0.423714	0.423714	1.09546	-0.785987	0.0199664	0.260278	-0.0963817	0.01	1.19025	1.68398	0.0102901	0.103721	0	0.01	0.839667	2.20598	0.00771033	0.0696898	0.243768	0.243768	0.839795	-4.26284	0.00371576	0.0236009	0.178218	0.178218	0.857905	-3.37464	0.00379024	0.0243845	0.00809186	0.01	1.03704	3.01322	0.00577314	0.0464375	0.129467	0.129467	0.977397	-0.769071	0.00916846	0.0884095	0.00307729	0.01	1.0974	-0.31587	0.00359174	0.0223055	-0.116161	0.01	0.85727	-0.164368	0.00273016	0.0137216	0.037364	0.037364	0.918647	0.222817	0.00551914	0.0435068	0.0811696	0.0811696	0.82927	0.979454	0.00954665	0.0934766	0.532232	0.532232	0.781446	0.350814	0.0296354	0.470778	0.269252	0.269252	1.0999	-0.240952	0.0184332	0.231379	0.189948	0.189948	1.1395	0.339046	0.0161957	0.193523	0.0321782	0.0321782	0.761529	-0.874918	0.00796866	0.0729203	0	0	0	0	0	0	0	0	0	0	0	0	0	0	0	0	0	0	0.612166	0.901667	0	1.14411	-0.0705256	0	0.541754	0.908041	0	1.1452	-0.0584928	0	0	0	-0.0902859	0	0	-0.170891	0.535794	0.842211	0.0835	1.13395	-0.0574744	0	0.499979	0.676026	0.0835	1.50633	-0.137728	0	0	0	-0.212269	0	0	2.24076	0.452366	0.455099	0.0835	2.00137	-0.244417	0	0.317695	0.32579	0.0835	1.67231	0.0982941	0	0	0	-0.805711	0	0	-2.54481	0.0813757	0.178236	0.09142	1.40768	1.02147	0	0.157716	0.107017	0.09142	0.849633	0.423298	0	0	0	-1.04216	0	0	-7.83562	0.535794	0.842211	-0.0835	1.13395	-0.0574744	0	0.594127	0.682532	-0.0835	1.00253	-0.105482	0	0	0	0.35025	0	0	-0.82299	0.671675	0.470253	-0.0835	0.827829	-0.169303	0	0.639338	0.286375	-0.0835	0.484396	-0.108906	0	0	0	-0.174082	0	0	-1.86772	0.548393	0.00484201	-0.09142	0.0227613	-0.0137952	0	0.648417	0.03476	-0.09142	0.0328173	-0.0474153	0	0	0	-0.000820332	0	0	-0.336119	0.519225	0.991914	0	1.15953	-0.0546428	0	0.518199	1.31332	0	1.21445	-0.0544675	0	0	0	-0.0902859	0	0	-0.170891	9.72143e-18	0.840071	0.696029	0.343888	1.63532	5.12733	2.95425	0.654045	0	3	0.112237	0.12893	-0.382423	-0.439299	0.184891	0.0319659	0.186535	0.0485001	0.166129	0.147234	-0.00606872	-0.0508778	-0.00179278	-0.125939	-0.0450876	-0.0441118	0.26837	0.0111916	0.0568395	0.137164	0.104926	0.154286	0.00357112	-0.143889	0.000819133	-0.131971	-0.0157856	-0.015444	0	0	0.420804	-0.0963817	-0.132358	0.00256854	-0.148867	0	0	0	0	0	0.037364	0.0588848	0	0	0	0.191596	0.00307729	-0.101029	0.509111	1.01822	564.59	2.28571	1.09807	0.942312	111.116	0.712534	4.66534	52.4898	51.4818	0.397731	39.3314	0.748519	2.75204	3.48443	2.7453	130.482	21.9267	11.6894	13.6982	0.259554	0	0	0	0	0	1.25732	0.0992745	0.0729203	0.761529	0.193523	1.1395	0.231379	1.0999	0.0464375	1.03704	0.0243845	0.857905	0.0236009	0.839795	0.470778	0.781446	0.918647	0.82927	0.977397	0.0223055	0.85727	-0.0902859	-0.170891	-6.12303	0.0696898	0.839667	1.09546	1.19025	0.639481	0.00380601	0.691289	0.521313	0.949141	1.86201e-19	1.17401	-0.0588387	0	87.5007	-4.38533	0	-0.0928905	0.852369	-2.97545	-0.205496	1.24042	-0	-150.198	906.625	-0	80.7309	13.3744	590.96	0.651824	-2.31574e-15	-0.0890455	0.00372724	0.0992045	-0	2.72425	72.5089	-0	-6.62876	0.249051	13.6105	0.187708	-6.66873e-16	0.09142	0.261552	0.27068	-0.0192248	-0.0429039	-0.0151325	0.0174473	0.00483754	-0.0269892	-0.0543551	0.0842541
0.58	-0.0923491	0.62346	0.901144	-0.0975097	-0.639205	-0.290628	0.432658	-0.531313	0.187622	-0.243483	1.11382	-0.0355224	2.47796	-4.38002	-5.13809	-0.889175	-0.405922	1.33485	0.018317	0.0620703	0.0101156	0.117508	0.01	0.109635	0.430499	0.115886	0.0375136	0.0914985	0.0374087	0.0854755	0.317676	0.0405163	0.218486	0.0361295	0.0607079	0.072131	0.142836	0.0946482	0.0114006	0.120799	0.0187379	0.13419	0.0398153	0.0982279	0.0817409	0.0636288	0.545453	0.0778129	0.270119	0.0560026	0.202841	0.0502927	0.129962	0.0514694	-0.133988	0.01	0.635966	-0.253974	0.00188007	0.00638439	0.00172711	0.01	1.06535	-1.28911	0.0012489	0.0023391	-0.142383	0.01	0.698759	0.75708	0.00278039	0.0141976	0.460968	0.460968	1.08711	-0.866705	0.0206246	0.273318	-0.0852565	0.01	1.20551	1.35962	0.0101724	0.102074	0	0.01	0.86078	2.01084	0.00722362	0.0636921	0.195614	0.195614	0.794438	-4.71551	0.00107722	0.0015613	0.137536	0.137536	0.821125	-3.88826	0.0019342	0.00680006	0.0827413	0.0827413	1.05609	1.49829	0.00980853	0.0970417	0.142872	0.142872	0.969756	-0.755641	0.00918818	0.0886715	0.00310792	0.01	1.09519	-0.130482	0.0037962	0.0244474	-0.11772	0.01	0.855255	-0.233616	0.002502	0.0116088	0.0385319	0.0385319	0.921462	0.331498	0.00570753	0.0456779	0.0823261	0.0823261	0.838324	0.823976	0.00955896	0.0936431	0.615815	0.615815	0.783614	0.105221	0.0304359	0.489801	0.276306	0.276306	1.09809	-0.112816	0.0197944	0.256927	0.219062	0.219062	1.14302	0.354322	0.0177282	0.218909	0.000944935	0.01	0.753578	-0.715484	0.00745747	0.0665598	0	0	0	0	0	0	0	0	0	0	0	0	0	0	0	0	0	0	0.62346	0.901144	0	1.11382	-0.0355224	0	0.553061	0.907663	0	1.11541	-0.0183815	0	0	0	-0.0923491	0	0	-0.243483	0.546965	0.841845	0.0835	1.09939	-0.0168973	0	0.514883	0.6749	0.0835	1.47242	-0.0885849	0	0	0	-0.189859	0	0	2.23448	0.472232	0.452961	0.0835	1.96834	-0.183887	0	0.334578	0.326833	0.0835	1.69773	0.111454	0	0	0	-0.829064	0	0	-2.14554	0.0961781	0.18807	0.09142	1.53156	0.926178	0	0.166773	0.111152	0.09142	0.971317	0.41199	0	0	0	-1.11969	0	0	-7.28363	0.546965	0.841845	-0.0835	1.09939	-0.0168973	0	0.603708	0.681594	-0.0835	0.917877	-0.081167	0	0	0	0.340309	0	0	-1.13266	0.679142	0.468555	-0.0835	0.676576	-0.166608	0	0.643698	0.28525	-0.0835	0.394547	-0.112074	0	0	0	-0.191004	0	0	-1.53858	0.548597	0.00459013	-0.09142	0.0185054	-0.0310441	0	0.648698	0.0342518	-0.09142	0.0245483	-0.0514373	0	0	0	-0.00338137	0	0	-0.203726	0.530705	0.991583	0	1.13584	-0.0129381	0	0.530342	1.31299	0	1.2141	-0.0128498	0	0	0	-0.0923491	0	0	-0.243483	1.83424e-16	0.8055	0.537563	0.225687	1.717	5.39837	3.23466	0.653268	0	3	0.101123	0.116162	-0.385346	-0.442657	0.17091	0.0315359	0.20054	0.0630028	0.172231	0.147593	-0.00710963	-0.0660915	-0.00205317	-0.126246	-0.044481	-0.0435184	0.277126	0.0137171	0.0507267	0.106157	0.0953002	0.119243	0.00402546	-0.111361	0.00122993	-0.101996	-0.0193478	-0.0189291	0	0	0.414443	-0.0852565	-0.133988	0.00172711	-0.142383	0	0	0	0	0	0.0385319	0.0609469	0	0	0	0.185242	0.00310792	-0.101278	0.509111	1.01822	583.463	1.78673	1.02956	0.947991	127.785	0.625247	4.33823	40.3449	42.0845	2.97348	39.6081	0.515038	2.93984	3.51884	2.81664	156.639	18.8924	13.8439	10.231	0.318674	0	0	0	0	0	1.35571	0.0409628	0.0665598	0.753578	0.218909	1.14302	0.256927	1.09809	0.0970417	1.05609	0.00680006	0.821125	0.0015613	0.794438	0.489801	0.783614	0.921462	0.838324	0.969756	0.0244474	0.855255	-0.0923491	-0.243483	-8.411	0.0636921	0.86078	1.08711	1.20551	0.635966	0.0023391	0.698759	0.532947	0.948729	1.86201e-19	1.15304	-0.0239758	0	85.938	-1.78695	0	-0.116396	0.942323	-3.43242	-0.189135	1.34246	-0	-138.239	981.205	-0	87.4062	12.3144	641.062	0.653342	-2.32114e-15	-0.0890804	-0.0287209	0.0292072	-0	-20.9922	21.3476	-0	-1.9516	-1.91911	4.04332	0.189404	-6.72898e-16	0.09142	0.274357	0.341458	-0.0208885	-0.0214818	-0.016442	0.0189571	0.00242213	-0.0293248	-0.0272153	0.103065
0.59	-0.0952383	0.634407	0.900964	-0.0725402	-0.680496	-0.315811	0.423171	-0.532919	0.199679	-0.333922	1.07586	9.24888e-05	2.52141	-3.83968	-0.213418	-0.991128	0.0550646	1.06643	0.0172895	0.0619177	0.0101016	0.116154	0.01	0.110832	0.460174	0.114946	0.0339523	0.0924093	0.0338618	0.0873632	0.283622	0.0381864	0.197524	0.0346306	0.130003	0.0725462	0.148682	0.0939044	0.0112305	0.120732	0.0176572	0.133795	0.041954	0.0985886	0.0826308	0.0641924	0.602348	0.0778349	0.278155	0.0559758	0.237432	0.0504158	0.111157	0.0510262	-0.135282	0.01	0.634403	-0.0467873	0.00217184	0.00872164	0.00113103	0.01	1.05307	-1.15243	0.00106768	0.0015229	-0.135652	0.01	0.706386	0.769518	0.00281214	0.0145004	0.487682	0.487682	1.0783	-0.889148	0.0214264	0.289602	-0.0755797	0.01	1.21751	1.02266	0.0100551	0.100441	0	0.01	0.87979	1.76907	0.00672042	0.0576048	0.143247	0.143247	0.748753	-4.19092	0.00216696	0.00868071	0.0926096	0.0926096	0.78706	-2.35862	0.0048582	0.0360138	0.16276	0.16276	1.06217	-0.0184122	0.0124091	0.13483	0.152529	0.152529	0.962135	-0.762169	0.0094486	0.0921538	0.00343837	0.01	1.09458	0.00420967	0.00396159	0.0262029	-0.119078	0.01	0.85274	-0.265423	0.002353	0.0102783	0.0432524	0.0432524	0.924846	0.340414	0.00593168	0.0482804	0.082889	0.082889	0.84575	0.662996	0.00947772	0.092546	0.663268	0.663268	0.783836	-0.0513985	0.0308448	0.499668	0.283249	0.283249	1.09756	0.00989884	0.0210295	0.281491	0.259746	0.259746	1.14581	0.225163	0.0190319	0.242388	-0.064317	0.01	0.74709	-0.579954	0.00697223	0.0606371	0	0	0	0	0	0	0	0	0	0	0	0	0	0	0	0	0	0	0.634407	0.900964	0	1.07586	9.24888e-05	0	0.564028	0.907687	0	1.07811	0.0235938	0	0	0	-0.0952383	0	0	-0.333922	0.557742	0.841886	0.0835	1.05614	0.0256928	0	0.529353	0.674274	0.0835	1.42279	-0.0364074	0	0	0	-0.167779	0	0	2.18749	0.491613	0.451447	0.0835	1.91022	-0.118964	0	0.351562	0.327986	0.0835	1.70624	0.112427	0	0	0	-0.848274	0	0	-1.65219	0.111231	0.195294	0.09142	1.49302	0.521838	0	0.178343	0.115319	0.09142	1.34382	0.396634	0	0	0	-1.16409	0	0	-1.86561	0.557742	0.841886	-0.0835	1.05614	0.0256928	0	0.612497	0.680946	-0.0835	0.842883	-0.0468601	0	0	0	0.327933	0	0	-1.32505	0.685288	0.466989	-0.0835	0.55938	-0.143313	0	0.647285	0.284198	-0.0835	0.327238	-0.0950489	0	0	0	-0.204986	0	0	-1.26999	0.548768	0.00430118	-0.09142	0.0162334	-0.0221809	0	0.648926	0.03377	-0.09142	0.0222319	-0.0425685	0	0	0	-0.0053073	0	0	-0.203555	0.541914	0.99167	0	1.10615	0.0309781	0	0.54248	1.31307	0	1.21348	0.0307891	0	0	0	-0.0952383	0	0	-0.333922	1.04703e-16	0.869579	0.53844	0.459223	1.77648	5.59529	3.4782	0.693682	0	3	0.0902241	0.103643	-0.386544	-0.444034	0.15888	0.034913	0.201163	0.107827	0.172704	0.158724	-0.00715596	-0.113113	-0.00207338	-0.135767	-0.0492444	-0.0481787	0.28914	0.0162416	0.0405308	0.0749874	0.083257	0.0824032	0.00478329	-0.0786636	0.00174389	-0.070485	-0.0229086	-0.0224128	0	0	0.406714	-0.0755797	-0.135282	0.00113103	-0.135652	0	0	0	0	0	0.0432524	0.0626802	0	0	0	0.179413	0.00343837	-0.102066	0.509111	1.01822	623.01	1.1842	0.968249	0.953789	139.935	0.557096	4.04618	36.108	38.2697	7.08595	41.6292	0.322738	2.91977	3.82862	2.86009	189.546	15.4446	16.9763	7.83243	0.389007	0	0	0	0	0	1.42763	0	0.0606371	0.74709	0.242388	1.14581	0.281491	1.09756	0.13483	1.06217	0.0360138	0.78706	0.00868071	0.748753	0.499668	0.783836	0.924846	0.84575	0.962135	0.0262029	0.85274	-0.0952383	-0.333922	-9.35726	0.0576048	0.87979	1.0783	1.21751	0.634403	0.0015229	0.706386	0.544379	0.94868	1.86201e-19	1.13459	0.0142824	0	84.5629	1.06449	0	-0.122538	1.02833	-3.58809	-0.172482	1.41717	-0	-126.068	1035.81	-0	92.3234	11.2366	678.813	0.655342	-2.32824e-15	-0.0891312	-0	-0	-0	-0	-0	-0	0	0	0	0	0	0	0.2849	0.378368	-0.0216128	-0.00527069	-0.0170122	0.0196145	0.000594286	-0.0303416	-0.00667746	0.117987
0.6	-0.0990627	0.644962	0.901195	-0.0466028	-0.714882	-0.330295	0.412951	-0.530272	0.208666	-0.430179	1.0355	0.0452697	2.67746	-3.08197	-2.68276	-1.04534	0.458297	0.739621	0.0163913	0.0620184	0.0100893	0.114996	0.01	0.112071	0.486122	0.113986	0.0308785	0.0930168	0.0308003	0.0889461	0.247506	0.0363188	0.172738	0.0338953	0.201405	0.0723879	0.15856	0.0931637	0.0110812	0.120802	0.0167128	0.133363	0.0479566	0.0989324	0.0826464	0.0646402	0.642847	0.0777226	0.286041	0.0560053	0.270734	0.0504902	0.0958522	0.0506801	-0.136146	0.01	0.635434	0.285999	0.00262847	0.0127695	0.000721766	0.01	1.04258	-0.938819	0.00118372	0.00202489	-0.128737	0.01	0.714284	0.81559	0.00287414	0.0150955	0.510703	0.510703	1.06928	-0.913926	0.0220649	0.30283	-0.0675928	0.01	1.22552	0.55811	0.00974102	0.0961182	0	0.01	0.895731	1.41724	0.00613131	0.050616	0.0910011	0.0910011	0.712134	-3.3387	0.00368216	0.0232488	0.0449652	0.0449652	0.770349	-1.50605	0.00596874	0.0487128	0.241372	0.241372	1.05985	-0.211881	0.01554	0.183174	0.163861	0.163861	0.954546	-0.739602	0.0100067	0.0997707	0.00381882	0.01	1.09522	0.123066	0.00412577	0.0279639	-0.120055	0.01	0.84999	-0.283169	0.00223913	0.00929134	0.050335	0.050335	0.928071	0.329057	0.00647054	0.0546226	0.0823022	0.0823022	0.851649	0.509608	0.00929424	0.0900842	0.687737	0.687737	0.782705	-0.173953	0.0307921	0.498391	0.292285	0.292285	1.09814	0.101388	0.0220258	0.302012	0.292599	0.292599	1.1475	0.126034	0.0200718	0.262343	-0.119155	0.01	0.742022	-0.425766	0.00667583	0.0570707	0	0	0	0	0	0	0	0	0	0	0	0	0	0	0	0	0	0	0.644962	0.901195	0	1.0355	0.0452697	0	0.574609	0.908187	0	1.0385	0.0755343	0	0	0	-0.0990627	0	0	-0.430179	0.568072	0.842411	0.0835	1.01021	0.0783465	0	0.543396	0.674211	0.0835	1.3882	0.0228933	0	0	0	-0.145665	0	0	2.24728	0.510592	0.450605	0.0835	1.89071	-0.0508267	0	0.369036	0.328872	0.0835	1.7891	0.0673286	0	0	0	-0.860547	0	0	-0.83469	0.12752	0.199969	0.09142	1.76127	0.42196	0	0.192469	0.118227	0.09142	1.47375	0.193508	0	0	0	-1.19084	0	0	-3.51745	0.568072	0.842411	-0.0835	1.01021	0.0783465	0	0.620561	0.680717	-0.0835	0.771625	0.000897587	0	0	0	0.313889	0	0	-1.47552	0.690341	0.465759	-0.0835	0.45445	-0.102064	0	0.650256	0.283413	-0.0835	0.268963	-0.0612891	0	0	0	-0.216384	0	0	-1.01723	0.548928	0.00421457	-0.09142	0.0157032	0.0054752	0	0.649156	0.0334419	-0.09142	0.0238168	-0.0223486	0	0	0	-0.00771788	0	0	-0.277604	0.552817	0.992254	0	1.07467	0.0849089	0	0.554612	1.31365	0	1.21293	0.0841366	0	0	0	-0.0990627	0	0	-0.430179	4.34756e-17	0.908777	0.523079	0.665923	1.82864	5.68628	3.64819	0.698601	0	3	0.0796707	0.0915199	-0.38409	-0.441214	0.15029	0.0370591	0.201756	0.143115	0.171387	0.172038	-0.00719998	-0.150131	-0.00201716	-0.147156	-0.0522715	-0.0511403	0.304585	0.0189465	0.0252175	0.0464714	0.0683837	0.0487628	0.00592147	-0.0487497	0.00237862	-0.0417101	-0.0267238	-0.0261454	0	0	0.398164	-0.0675928	-0.136146	0.000721766	-0.128737	0	0	0	0	0	0.050335	0.0641694	0	0	0	0.173723	0.00381882	-0.103198	0.509111	1.01822	679.076	1.00804	0.903611	0.959793	151.247	0.505093	3.7817	32.0761	28.0762	16.4227	44.0779	0.319712	2.84337	4.46247	2.86224	235.303	16.0323	19.8706	5.78287	0.457882	0	0	0	0	0	1.44921	0	0.0570707	0.742022	0.262343	1.1475	0.302012	1.09814	0.183174	1.05985	0.0487128	0.770349	0.0232488	0.712134	0.498391	0.782705	0.928071	0.851649	0.954546	0.0279639	0.84999	-0.0990627	-0.430179	-10.04	0.050616	0.895731	1.06928	1.22552	0.635434	0.00202489	0.714284	0.555641	0.949037	-3.72401e-19	1.1183	0.0567244	0	83.3486	4.22775	0	-0.0815673	1.11516	-3.62063	-0.159476	1.44041	-0	-116.562	1052.8	-0	93.928	10.3993	693.274	0.658505	-2.33948e-15	-0.0892173	-0	-0	-0	-0	-0	-0	0	0	0	0	0	0	0.29103	0.396707	-0.0214157	0.0115543	-0.016857	0.0194356	-0.00130278	-0.0300649	0.0146381	0.127965
0.61	-0.103884	0.655099	0.901854	-0.018901	-0.743585	-0.342671	0.402369	-0.523818	0.214526	-0.531466	0.992975	0.0852219	2.86479	-2.69362	0.227693	-1.07074	0.82443	0.439608	0.0156055	0.0624582	0.0100785	0.114038	0.01	0.113392	0.504996	0.112994	0.0282182	0.0933048	0.0281504	0.0902508	0.21042	0.0347942	0.146197	0.0333161	0.27088	0.0722343	0.166637	0.092477	0.01095	0.120996	0.0158868	0.132912	0.0549303	0.0992744	0.0824997	0.0649682	0.670465	0.0774932	0.299914	0.0560645	0.301602	0.0505241	0.0832421	0.0504449	-0.136531	0.01	0.63994	0.600996	0.00297892	0.0161129	0.000432172	0.01	1.03389	-0.811394	0.00115465	0.00189213	-0.121682	0.01	0.722704	0.870523	0.00294359	0.0157682	0.521975	0.521975	1.05998	-0.945864	0.0224128	0.31012	-0.0613133	0.01	1.22931	0.22171	0.00934873	0.090813	0	0.01	0.90887	1.22656	0.00571126	0.045721	0.0387541	0.0387541	0.682238	-2.40049	0.00485371	0.0359636	-0.00608433	0.01	0.757185	-0.814935	0.00670095	0.0573715	0.317142	0.317142	1.0576	-0.328034	0.0182795	0.228614	0.170424	0.170424	0.94751	-0.653425	0.0107281	0.109935	0.00413993	0.01	1.09697	0.228467	0.00428434	0.0296811	-0.120588	0.01	0.847114	-0.291998	0.0021498	0.00853728	0.057566	0.057566	0.931279	0.332638	0.00711414	0.0623581	0.0813732	0.0813732	0.855971	0.352496	0.00902151	0.0864659	0.701595	0.701595	0.780395	-0.289504	0.0302987	0.486516	0.311546	0.311546	1.0993	0.124113	0.022828	0.318888	0.323795	0.323795	1.14827	0.0322586	0.0208107	0.277063	-0.171232	0.01	0.738578	-0.258352	0.00652229	0.0552381	0	0	0	0	0	0	0	0	0	0	0	0	0	0	0	0	0	0	0.655099	0.901854	0	0.992975	0.0852219	0	0.584781	0.909185	0	0.996872	0.122594	0	0	0	-0.103884	0	0	-0.531466	0.577926	0.843441	0.0835	0.961931	0.126237	0	0.557105	0.674721	0.0835	1.35561	0.0776548	0	0	0	-0.122784	0	0	2.33332	0.529426	0.450423	0.0835	1.87897	0.0130693	0	0.387163	0.329516	0.0835	1.83541	0.0643257	0	0	0	-0.866369	0	0	-0.360296	0.145278	0.202723	0.09142	1.78272	0.138613	0	0.208728	0.119812	0.09142	1.77173	0.130199	0	0	0	-1.20904	0	0	-0.132603	0.577926	0.843441	-0.0835	0.961931	0.126237	0	0.627919	0.680958	-0.0835	0.7016	0.0461387	0	0	0	0.298486	0	0	-1.60221	0.694379	0.464951	-0.0835	0.355512	-0.0603448	0	0.652665	0.282971	-0.0835	0.213972	-0.0279002	0	0	0	-0.225333	0	0	-0.777777	0.549083	0.00440138	-0.09142	0.0155155	0.031025	0	0.649402	0.0333189	-0.09142	0.0252945	-0.00289944	0	0	0	-0.010807	0	0	-0.338168	0.563394	0.993357	0	1.04161	0.13396	0	0.566738	1.31474	0	1.21241	0.132183	0	0	0	-0.103884	0	0	-0.531466	8.90984e-17	0.925354	0.508381	0.837742	1.86824	5.68155	3.75121	0.683672	0	3	0.0695304	0.0798714	-0.379547	-0.435996	0.14388	0.0353952	0.203652	0.170067	0.170061	0.190329	-0.00734093	-0.178405	-0.00196059	-0.162801	-0.0499245	-0.0488441	0.323065	0.0225406	0.00427983	0.021429	0.0504455	0.0194138	0.0074777	-0.0224796	0.00314415	-0.0166059	-0.0317932	-0.0311052	0	0	0.389362	-0.0613133	-0.136531	0.000432172	-0.121682	0	0	0	0	0	0.057566	0.0653907	0	0	0	0.168048	0.00413993	-0.104494	0.509111	1.01822	720.2	0.980195	0.850028	0.966194	160.216	0.46615	3.54303	24.8593	17.3903	26.286	44.1156	0.316483	2.74385	5.17529	2.85197	272.997	17.2029	22.7246	3.97275	0.522891	0	0	0	0	0	1.4342	0	0.0552381	0.738578	0.277063	1.14827	0.318888	1.0993	0.228614	1.0576	0.0573715	0.757185	0.0359636	0.682238	0.486516	0.780395	0.931279	0.855971	0.94751	0.0296811	0.847114	-0.103884	-0.531466	-9.96733	0.045721	0.90887	1.05998	1.22931	0.63994	0.00189213	0.722704	0.566746	0.949824	-3.72401e-19	1.10327	0.099487	0	82.2283	7.41491	0	-0.0682383	1.20948	-3.64298	-0.147125	1.42663	-0	-107.534	1042.73	-0	93.1362	9.60491	690.509	0.662212	-2.35265e-15	-0.0893195	-0	-0	-0	-0	-0	-0	0	0	0	0	0	0	0.292926	0.408669	-0.0204462	0.0228221	-0.0160939	0.0185558	-0.00257325	-0.0287039	0.0289133	0.132403
0.62	-0.109697	0.66482	0.902912	0.0109605	-0.768274	-0.345125	0.391448	-0.51359	0.217364	-0.628358	0.952463	0.12486	3.10527	-2.26689	-0.739816	-1.11532	1.21529	0.138466	0.0149177	0.0631868	0.010069	0.113208	0.01	0.114812	0.515439	0.111965	0.0259121	0.0933608	0.0258533	0.0913725	0.174584	0.0338586	0.124221	0.0331083	0.338177	0.0719244	0.172548	0.0918902	0.0108348	0.121308	0.015164	0.132444	0.0618781	0.0996272	0.0821909	0.0651804	0.686993	0.0771473	0.319934	0.0561197	0.330842	0.0505153	0.072758	0.0503272	-0.136277	0.01	0.647406	0.904113	0.0032947	0.0192569	0.000398392	0.01	1.02636	-0.690806	0.00117689	0.00199331	-0.114229	0.01	0.731754	0.941439	0.0030275	0.0165892	0.524185	0.524185	1.05033	-0.989674	0.0224089	0.310036	-0.0571249	0.01	1.23005	-0.0909867	0.00878147	0.0833203	0	0.01	0.920166	1.03062	0.0053043	0.0410497	-0.0341301	0.01	0.663894	-1.43941	0.00583267	0.0471283	-0.0822245	0.01	0.752461	-0.321946	0.00733216	0.06502	0.388642	0.388642	1.05307	-0.485443	0.0199863	0.260667	0.175798	0.175798	0.941498	-0.545918	0.0114672	0.120698	0.0044183	0.01	1.0998	0.340644	0.00446085	0.03161	-0.120795	0.01	0.844132	-0.305548	0.00205961	0.00779557	0.0645476	0.0645476	0.934589	0.347802	0.00776835	0.0704125	0.0799128	0.0799128	0.858767	0.205049	0.00864661	0.0815684	0.704626	0.704626	0.776911	-0.412367	0.0293726	0.464607	0.335991	0.335991	1.10039	0.0925693	0.0235373	0.334021	0.352951	0.352951	1.14808	-0.0700763	0.0212791	0.286582	-0.221019	0.01	0.736855	-0.0804109	0.00646391	0.0545438	0	0	0	0	0	0	0	0	0	0	0	0	0	0	0	0	0	0	0.66482	0.902912	0	0.952463	0.12486	0	0.594545	0.910652	0	0.957327	0.169018	0	0	0	-0.109697	0	0	-0.628358	0.587309	0.844949	0.0835	0.916042	0.173565	0	0.570551	0.675777	0.0835	1.33507	0.132057	0	0	0	-0.0987369	0	0	2.47691	0.548273	0.450878	0.0835	1.89212	0.0768757	0	0.405933	0.330063	0.0835	1.91749	0.0469824	0	0	0	-0.867011	0	0	0.210014	0.164041	0.203563	0.09142	1.96695	0.0379075	0	0.227234	0.120457	0.09142	1.92292	0.00442765	0	0	0	-1.21214	0	0	-0.529803	0.587309	0.844949	-0.0835	0.916042	0.173565	0	0.634575	0.681652	-0.0835	0.631305	0.0911476	0	0	0	0.281751	0	0	-1.74368	0.697412	0.464564	-0.0835	0.252771	-0.0184191	0	0.654514	0.282859	-0.0835	0.156761	0.00424746	0	0	0	-0.231839	0	0	-0.528387	0.549239	0.00482841	-0.09142	0.0155636	0.0530369	0	0.649663	0.0333778	-0.09142	0.0266956	0.0138796	0	0	0	-0.0144756	0	0	-0.389921	0.573648	0.994947	0	1.01029	0.182149	0	0.578861	1.31631	0	1.21222	0.178873	0	0	0	-0.109697	0	0	-0.628358	2.74964e-17	0.923712	0.495055	0.97638	1.88812	5.58993	3.80201	0.658036	0	3	0.0598181	0.0687146	-0.371901	-0.427212	0.138709	0.0323078	0.206144	0.192376	0.16923	0.211345	-0.00752616	-0.201807	-0.00192509	-0.180777	-0.0455698	-0.0445836	0.335458	0.0471036	-0.0217613	0.00597587	0.0295869	0.0012843	0.00941324	-0.00626884	0.00403432	-0.00109855	-0.0664391	-0.0650013	0	0	0.380328	-0.0571249	-0.136277	0.000398392	-0.114229	0	0	0	0	0	0.0645476	0.0663609	0	0	0	0.162397	0.0044183	-0.105877	0.509111	1.01822	760.4	0.958831	0.798541	0.973075	166.827	0.760581	3.33049	16.3792	9.4993	38.6302	42.6127	0.313045	2.67195	5.89345	2.82625	304.813	18.8206	29.4478	2.30145	0.582407	0	0	0	0	0	1.39347	0	0.0545438	0.736855	0.286582	1.14808	0.334021	1.10039	0.260667	1.05307	0.06502	0.752461	0.0471283	0.663894	0.464607	0.776911	0.934589	0.858767	0.941498	0.03161	0.844132	-0.109697	-0.628358	-9.40335	0.0410497	0.920166	1.05033	1.23005	0.647406	0.00199331	0.731754	0.577707	0.951027	1.86201e-19	1.0894	0.139585	0	81.1942	10.4035	0	-0.0439226	1.30836	-3.67689	-0.1352	1.38689	-0	-98.8184	1013.68	-0	90.6619	8.83812	675.598	0.666478	-2.3678e-15	-0.089438	-0	-0	-0	-0	-0	-0	0	0	0	0	0	0	0.292056	0.412569	-0.0189521	0.0323533	-0.0149179	0.0171998	-0.00364793	-0.0266064	0.0409885	0.129475
0.63	-0.11645	0.674149	0.904331	0.0431618	-0.789595	-0.343646	0.380028	-0.499452	0.217344	-0.7186	0.914752	0.157421	3.32962	-2.00536	0.831822	-1.16902	1.60255	-0.135059	0.0143153	0.0641993	0.0100607	0.112491	0.01	0.11634	0.51951	0.11088	0.0239088	0.0931756	0.0238577	0.0923321	0.146711	0.0332839	0.106504	0.0330354	0.37078	0.0715939	0.181041	0.0913948	0.0107336	0.121744	0.014531	0.131952	0.0688875	0.0999985	0.0815818	0.0652842	0.692507	0.076673	0.342331	0.0561547	0.358132	0.0504602	0.063968	0.0503335	-0.135169	0.01	0.65778	1.16794	0.00357263	0.0221071	0.000495665	0.01	1.01986	-0.613515	0.00118706	0.00204045	-0.106263	0.01	0.74149	1.00627	0.0031056	0.0173609	0.522419	0.522419	1.04015	-1.04926	0.0221034	0.303634	-0.0551399	0.01	1.22761	-0.396555	0.00811791	0.0748026	0	0.01	0.92983	0.905841	0.00498657	0.0374534	-0.0745949	0.01	0.652626	-0.748021	0.00648613	0.0548079	-0.106541	0.01	0.750805	0.11612	0.00797948	0.0730564	0.381686	0.381686	1.04823	-0.49746	0.0211134	0.283198	0.186411	0.186411	0.936422	-0.468777	0.012233	0.132158	0.00470187	0.01	1.10375	0.450623	0.00464721	0.0336653	-0.12056	0.01	0.840997	-0.322004	0.00197066	0.00708492	0.0716343	0.0716343	0.938072	0.366465	0.00842497	0.0787128	0.0771544	0.0771544	0.860134	0.0650041	0.00815142	0.0752268	0.695864	0.695864	0.772135	-0.54874	0.0280561	0.434155	0.359922	0.359922	1.10107	0.0495062	0.0242233	0.348824	0.379619	0.379619	1.14682	-0.178923	0.02152	0.291527	-0.26718	0.01	0.736947	0.103814	0.00644135	0.054276	0	0	0	0	0	0	0	0	0	0	0	0	0	0	0	0	0	0	0.674149	0.904331	0	0.914752	0.157421	0	0.603928	0.912546	0	0.920655	0.207882	0	0	0	-0.11645	0	0	-0.7186	0.596248	0.846893	0.0835	0.873477	0.213401	0	0.5838	0.67735	0.0835	1.31616	0.1809	0	0	0	-0.0732879	0	0	2.61102	0.567252	0.451956	0.0835	1.90466	0.137692	0	0.425412	0.330555	0.0835	1.97819	0.0517863	0	0	0	-0.862883	0	0	0.605654	0.184	0.202973	0.09142	2.02999	-0.141484	0	0.247658	0.120223	0.09142	2.14894	-0.0499774	0	0	0	-1.20653	0	0	1.43748	0.596248	0.846893	-0.0835	0.873477	0.213401	0	0.640539	0.682765	-0.0835	0.563664	0.129796	0	0	0	0.263578	0	0	-1.88762	0.699421	0.46457	-0.0835	0.151796	0.0186503	0	0.65579	0.283039	-0.0835	0.100047	0.031088	0	0	0	-0.235873	0	0	-0.28507	0.549394	0.00543698	-0.09142	0.015368	0.068109	0	0.649933	0.033579	-0.09142	0.0271913	0.0258698	0	0	0	-0.0185294	0	0	-0.420129	0.5836	0.996979	0	0.981329	0.22249	0	0.590983	1.3183	0	1.21223	0.217184	0	0	0	-0.11645	0	0	-0.7186	1.09985e-16	0.90701	0.484909	1.08961	1.89663	5.43496	3.81955	0.627115	0	3	0.0505151	0.058028	-0.362134	-0.415992	0.134489	0.029433	0.208124	0.21301	0.168988	0.231551	-0.00767332	-0.223453	-0.00191477	-0.198061	-0.0415148	-0.0406164	0.339412	0.0654458	-0.0458796	0.0316489	0.00857725	0.00714063	0.0112059	-0.0332004	0.00493093	-0.00610786	-0.0923105	-0.0903128	0	0	0.370982	-0.0551399	-0.135169	0.000495665	-0.106263	0	0	0	0	0	0.0716343	0.0670717	0	0	0	0.157158	0.00470187	-0.107308	0.509111	1.01822	793.064	0.943092	0.762975	0.980477	172.16	1.60887	3.14151	9.96031	3.66032	41.7712	42.442	0.309354	2.61727	6.63694	2.7697	330.237	20.5563	38.4716	1.49203	0.620807	0	0	0	0	0	1.33985	0	0.054276	0.736947	0.291527	1.14682	0.348824	1.10107	0.283198	1.04823	0.0730564	0.750805	0.0548079	0.652626	0.434155	0.772135	0.938072	0.860134	0.936422	0.0336653	0.840997	-0.11645	-0.7186	-8.57478	0.0374534	0.92983	1.04015	1.22761	0.65778	0.00204045	0.74149	0.588535	0.952608	1.86201e-19	1.0768	0.175106	0	80.2554	13.0509	0	-0.0374308	1.40833	-3.71754	-0.121355	1.33434	-0	-88.6988	975.275	-0	87.3506	7.94431	654.457	0.671049	-2.38404e-15	-0.0895651	-0	-0	-0	-0	-0	-0	0	0	0	0	0	0	0.289054	0.40681	-0.016836	0.0460886	-0.0132522	0.0152793	-0.00519663	-0.0236356	0.0583898	0.116683
0.64	-0.124059	0.683119	0.906055	0.0776503	-0.808041	-0.339527	0.368011	-0.48145	0.21461	-0.79926	0.880861	0.185312	3.55627	-1.70693	0.258941	-1.23432	1.98477	-0.399948	0.0137873	0.0654677	0.0100533	0.11186	0.01	0.11797	0.520018	0.109724	0.022166	0.0927606	0.0221215	0.0931634	0.124619	0.0330205	0.0920244	0.0331872	0.37479	0.0712739	0.194921	0.0909556	0.0106447	0.122299	0.0139763	0.131432	0.0761218	0.100391	0.0804936	0.0652808	0.689263	0.076056	0.363143	0.056171	0.381881	0.0503574	0.0565488	0.0504708	-0.133332	0.01	0.670776	1.43751	0.00385978	0.02512	0.000449012	0.01	1.01414	-0.528337	0.0013044	0.00262415	-0.0976641	0.01	0.751878	1.07041	0.00318313	0.0181337	0.519462	0.519462	1.02931	-1.12483	0.0215934	0.293042	-0.0547536	0.01	1.22214	-0.70585	0.00738123	0.0656221	0	0.01	0.938201	0.769315	0.00467202	0.0339402	-0.111833	0.01	0.647461	-0.356758	0.00676342	0.0581207	-0.140312	0.01	0.754255	0.446822	0.00793923	0.0725506	0.383285	0.383285	1.04354	-0.427864	0.0217503	0.296286	0.203718	0.203718	0.931923	-0.42733	0.0131119	0.145576	0.00499603	0.01	1.10879	0.55732	0.00484623	0.03588	-0.119693	0.01	0.837683	-0.341791	0.00188108	0.00639202	0.0790504	0.0790504	0.941751	0.387343	0.00909292	0.0874087	0.0727733	0.0727733	0.860089	-0.079645	0.00755018	0.0677039	0.677041	0.677041	0.765921	-0.70186	0.026484	0.398618	0.379458	0.379458	1.10139	0.0194699	0.024896	0.363484	0.400796	0.400796	1.14449	-0.288073	0.0215618	0.29239	-0.305143	0.01	0.738958	0.307943	0.00639644	0.0537433	0	0	0	0	0	0	0	0	0	0	0	0	0	0	0	0	0	0	0.683119	0.906055	0	0.880861	0.185312	0	0.612962	0.914804	0	0.887853	0.241386	0	0	0	-0.124059	0	0	-0.79926	0.604783	0.849212	0.0835	0.835428	0.247923	0	0.596896	0.679395	0.0835	1.30362	0.22618	0	0	0	-0.0464089	0	0	2.75701	0.586412	0.453638	0.0835	1.92603	0.197273	0	0.445601	0.331045	0.0835	2.05476	0.0494108	0	0	0	-0.854449	0	0	1.05008	0.205149	0.201198	0.09142	2.18336	-0.21783	0	0.269841	0.119253	0.09142	2.29063	-0.133147	0	0	0	-1.19398	0	0	1.30902	0.604783	0.849212	-0.0835	0.835428	0.247923	0	0.645845	0.684245	-0.0835	0.499956	0.164421	0	0	0	0.243951	0	0	-2.03358	0.700432	0.464937	-0.0835	0.0539755	0.0534128	0	0.656507	0.283478	-0.0835	0.0451184	0.0555568	0	0	0	-0.237499	0	0	-0.0488104	0.549548	0.00618442	-0.09142	0.0152566	0.0806619	0	0.650208	0.0338878	-0.09142	0.0276888	0.0354897	0	0	0	-0.0228892	0	0	-0.448758	0.593278	0.99939	0	0.955459	0.257119	0	0.603106	1.32064	0	1.21222	0.249264	0	0	0	-0.124059	0	0	-0.79926	8.69511e-17	0.868358	0.454574	1.11693	1.9054	5.24724	3.80819	0.584388	0	3	0.041584	0.0477686	-0.349903	-0.401942	0.131193	0.0277018	0.209322	0.230547	0.169254	0.248431	-0.00776238	-0.241849	-0.00192614	-0.2125	-0.0390731	-0.0382276	0.337904	0.0889115	-0.0577116	0.0428087	-0.00826273	0.0191241	0.0120853	-0.0449073	0.0056496	-0.0163581	-0.125409	-0.122695	0	0	0.361208	-0.0547536	-0.133332	0.000449012	-0.0976641	0	0	0	0	0	0.0790504	0.0675316	0	0	0	0.152681	0.00499603	-0.108803	0.509111	1.01822	825.154	0.932077	0.726499	0.988374	177.084	2.19814	2.97408	5.94199	3.16327	40.2214	44.639	0.305404	2.57804	7.42676	3.2973	349.49	22.1049	47.2103	1.33004	0.6356	0	0	0	0	0	1.27637	0	0.0537433	0.738958	0.29239	1.14449	0.363484	1.10139	0.296286	1.04354	0.0725506	0.754255	0.0581207	0.647461	0.398618	0.765921	0.941751	0.860089	0.931923	0.03588	0.837683	-0.124059	-0.79926	-7.45191	0.0339402	0.938201	1.02931	1.22214	0.670776	0.00262415	0.751878	0.599244	0.954517	-3.72401e-19	1.06556	0.204974	0	79.4176	15.277	0	-0.026792	1.50491	-3.75616	-0.107536	1.27183	-0	-78.5983	929.585	-0	83.3904	7.05083	628.52	0.67613	-2.4021e-15	-0.0897072	-0	-0	-0	-0	-0	-0	0	0	0	0	0	0	0.28403	0.393011	-0.0138354	0.0648723	-0.0108903	0.0125562	-0.00731454	-0.0194232	0.0821869	0.0954905
0.65	-0.132415	0.691773	0.908017	0.114189	-0.824003	-0.330907	0.355279	-0.459693	0.209362	-0.867431	0.851799	0.205468	3.74204	-1.48776	1.204	-1.31222	2.35369	-0.639881	0.0133244	0.0669839	0.0100469	0.111313	0.01	0.119689	0.518463	0.108482	0.0206474	0.0921226	0.0206087	0.0938785	0.106811	0.0329247	0.0800589	0.0334917	0.386063	0.0709617	0.213508	0.0905472	0.0105665	0.122969	0.0134901	0.130879	0.0837084	0.100807	0.0787772	0.0651655	0.678598	0.0752815	0.380864	0.0561764	0.400539	0.0502076	0.0502505	0.0507489	-0.13078	0.01	0.686311	1.67143	0.00411185	0.027814	0.000482137	0.01	1.00918	-0.46311	0.00141901	0.00326116	-0.0884644	0.01	0.762835	1.12017	0.0032477	0.0187822	0.512156	0.512156	1.01766	-1.20827	0.0210057	0.281009	-0.0560305	0.01	1.21374	-0.976375	0.00661894	0.0563905	0	0.01	0.945402	0.669394	0.00441002	0.0310528	-0.14556	0.01	0.645583	0.0259153	0.00724686	0.0639759	-0.173133	0.01	0.761175	1.0382	0.00793023	0.0724376	0.38823	0.38823	1.03897	-0.500604	0.0215887	0.292945	0.225151	0.225151	0.927737	-0.402247	0.0141506	0.161609	0.00532363	0.01	1.11486	0.657505	0.00505767	0.0382542	-0.118048	0.01	0.834154	-0.365138	0.00178927	0.00570763	0.0868666	0.0868666	0.945653	0.411869	0.0097819	0.096677	0.0669027	0.0669027	0.85857	-0.229967	0.00688639	0.0596003	0.647909	0.647909	0.758122	-0.864743	0.024814	0.361689	0.3951	0.3951	1.1015	0.00622776	0.025549	0.377842	0.415531	0.415531	1.14108	-0.393988	0.0214297	0.289671	-0.333778	0.01	0.743029	0.505449	0.00624906	0.0520013	0	0	0	0	0	0	0	0	0	0	0	0	0	0	0	0	0	0	0.691773	0.908017	0	0.851799	0.205468	0	0.621692	0.917352	0	0.859896	0.266258	0	0	0	-0.132415	0	0	-0.867431	0.612965	0.85183	0.0835	0.803061	0.273828	0	0.609867	0.681859	0.0835	1.29166	0.264922	0	0	0	-0.0182262	0	0	2.87461	0.605748	0.455896	0.0835	1.94122	0.253082	0	0.466446	0.331591	0.0835	2.11361	0.0598905	0	0	0	-0.842229	0	0	1.38685	0.227349	0.19832	0.09142	2.26386	-0.341007	0	0.293734	0.117741	0.09142	2.47263	-0.169013	0	0	0	-1.17314	0	0	2.59085	0.612965	0.85183	-0.0835	0.803061	0.273828	0	0.650539	0.686035	-0.0835	0.441684	0.19193	0	0	0	0.222865	0	0	-2.17965	0.700491	0.465624	-0.0835	-0.0387347	0.0830531	0	0.656687	0.284135	-0.0835	-0.0071496	0.0754297	0	0	0	-0.236829	0	0	0.174034	0.5497	0.0070319	-0.09142	0.0150999	0.0887428	0	0.650486	0.0342743	-0.09142	0.0277907	0.0417919	0	0	0	-0.0274663	0	0	-0.465847	0.602715	1.0021	0	0.933408	0.28272	0	0.615227	1.32326	0	1.21199	0.271867	0	0	0	-0.132415	0	0	-0.867431	7.01022e-17	0.837294	0.448284	1.1325	1.91926	5.05747	3.77486	0.548188	0	3	0.0329853	0.0378911	-0.335805	-0.385748	0.128953	0.0268123	0.209867	0.243482	0.169788	0.262312	-0.0078029	-0.255419	-0.0019489	-0.224373	-0.0378185	-0.037	0.336442	0.110968	-0.067032	0.050418	-0.0220111	0.0295831	0.0127781	-0.0528897	0.00623632	-0.0253044	-0.156519	-0.153132	0	0	0.350847	-0.0560305	-0.13078	0.000482137	-0.0884644	0	0	0	0	0	0.0868666	0.0677564	0	0	0	0.148901	0.00532363	-0.110379	0.509111	1.01822	854.841	0.925209	0.696993	0.996704	181.168	2.51485	2.82581	2.33233	2.77233	43.7915	48.4362	0.301197	2.55194	8.27655	4.15634	360.864	23.4104	55.081	1.19703	0.641595	0	0	0	0	0	1.21024	0	0.0520013	0.743029	0.289671	1.14108	0.377842	1.1015	0.292945	1.03897	0.0724376	0.761175	0.0639759	0.645583	0.361689	0.758122	0.945653	0.85857	0.927737	0.0382542	0.834154	-0.132415	-0.867431	-6.14216	0.0310528	0.945402	1.01766	1.21374	0.686311	0.00326116	0.762835	0.609847	0.956693	-7.44802e-19	1.05565	0.228569	0	78.6793	17.0356	0	-0.0277904	1.59607	-3.78768	-0.0944963	1.20654	-0	-69.0677	881.865	-0	79.2444	6.20642	601.055	0.681573	-2.42143e-15	-0.08986	-0	-0	-0	-0	-0	-0	0	0	0	0	0	0	0.276878	0.371031	-0.00974303	0.0859925	-0.00766908	0.00884221	-0.0096959	-0.013678	0.108944	0.0660423
0.66	-0.141383	0.700163	0.910151	0.152485	-0.837634	-0.319964	0.341666	-0.434254	0.201791	-0.921847	0.827915	0.219601	3.90514	-1.2528	1.08114	-1.41111	2.72185	-0.862272	0.0129186	0.0687245	0.0100412	0.110841	0.01	0.12148	0.514377	0.107151	0.0193234	0.0912856	0.0192896	0.094491	0.0922685	0.033037	0.0700865	0.0339759	0.385433	0.0706042	0.235301	0.090161	0.0104978	0.123747	0.0130638	0.130284	0.091683	0.101252	0.0763282	0.0649353	0.660392	0.0743449	0.395926	0.0561784	0.41375	0.0500118	0.0448808	0.0511481	-0.127583	0.01	0.704145	1.89878	0.00434386	0.0303295	0.000548716	0.01	1.0049	-0.391469	0.00156801	0.0041795	-0.0786873	0.01	0.774251	1.16148	0.00330474	0.0193587	0.500101	0.500101	1.00517	-1.29119	0.0204161	0.269153	-0.0588915	0.01	1.20271	-1.23506	0.00580716	0.0468321	0	0.01	0.951571	0.563854	0.00415252	0.0282525	-0.166282	0.01	0.647785	0.424686	0.00756101	0.0678377	-0.191701	0.01	0.772179	1.0901	0.00743127	0.0662373	0.386539	0.386539	1.03374	-0.542832	0.021214	0.285251	0.249596	0.249596	0.923781	-0.382419	0.0153318	0.179925	0.00567221	0.01	1.12191	0.75464	0.00528754	0.0408588	-0.115567	0.01	0.830365	-0.394475	0.00168927	0.0049945	0.0951367	0.0951367	0.949833	0.443012	0.0104964	0.106631	0.0595669	0.0595669	0.855538	-0.382059	0.0062018	0.0514446	0.6108	0.6108	0.748689	-1.02827	0.0231141	0.324969	0.408512	0.408512	1.10154	0.00464784	0.0261777	0.391783	0.42423	0.42423	1.13663	-0.498177	0.021145	0.283843	-0.354671	0.01	0.748875	0.662434	0.00604444	0.0495977	0	0	0	0	0	0	0	0	0	0	0	0	0	0	0	0	0	0	0.700163	0.910151	0	0.827915	0.219601	0	0.630169	0.920113	0	0.837099	0.284125	0	0	0	-0.141383	0	0	-0.921847	0.620854	0.854673	0.0835	0.776773	0.292712	0	0.622742	0.684684	0.0835	1.2839	0.298342	0	0	0	0.0111027	0	0	2.98329	0.625251	0.458697	0.0835	1.95808	0.305828	0	0.487917	0.332221	0.0835	2.17695	0.0681734	0	0	0	-0.826531	0	0	1.73049	0.250641	0.194577	0.09142	2.38576	-0.405469	0	0.319149	0.115795	0.09142	2.60727	-0.212849	0	0	0	-1.14649	0	0	2.81163	0.620854	0.854673	-0.0835	0.776773	0.292712	0	0.654675	0.688071	-0.0835	0.388099	0.213809	0	0	0	0.200283	0	0	-2.33295	0.699637	0.466589	-0.0835	-0.128609	0.108915	0	0.656352	0.284976	-0.0835	-0.0579809	0.0920818	0	0	0	-0.233971	0	0	0.388893	0.549851	0.00794579	-0.09142	0.0149536	0.0938591	0	0.650764	0.0347129	-0.09142	0.0276246	0.0460888	0	0	0	-0.0321796	0	0	-0.473379	0.611952	1.00503	0	0.915376	0.300918	0	0.627344	1.32606	0	1.21132	0.28673	0	0	0	-0.141383	0	0	-0.921847	4.34756e-17	0.798171	0.428758	1.09481	1.94401	4.87744	3.72401	0.507226	0	3	0.0246667	0.0283353	-0.319682	-0.367227	0.127832	0.0264753	0.209726	0.251848	0.170286	0.274761	-0.00779239	-0.264194	-0.00197016	-0.235022	-0.0373431	-0.036535	0.333491	0.126527	-0.0703763	0.0571394	-0.0304472	0.0387671	0.0130266	-0.0599406	0.00659634	-0.0331601	-0.178464	-0.174602	0	0	0.339748	-0.0588915	-0.127583	0.000548716	-0.0786873	0	0	0	0	0	0.0951367	0.067749	0	0	0	0.145551	0.00567221	-0.112051	0.509111	1.01822	874.509	0.92189	0.661328	1.00538	183.804	2.66046	2.69467	2.0158	2.46287	45.0553	53.1559	0.296737	2.54185	9.19441	4.74688	363.146	24.542	61.9742	1.08678	0.629742	0	0	0	0	0	1.1432	0	0.0495977	0.748875	0.283843	1.13663	0.391783	1.10154	0.285251	1.03374	0.0662373	0.772179	0.0678377	0.647785	0.324969	0.748689	0.949833	0.855538	0.923781	0.0408588	0.830365	-0.141383	-0.921847	-4.64959	0.0282525	0.951571	1.00517	1.20271	0.704145	0.0041795	0.774251	0.620358	0.959072	1.86201e-19	1.04696	0.245698	0	78.0317	18.3122	0	-0.0286627	1.68241	-3.81209	-0.0829638	1.14019	-0	-60.6385	833.368	-0	75.0224	5.45888	572.823	0.68736	-2.44199e-15	-0.0900232	-0	-0	-0	-0	-0	-0	0	0	0	0	0	0	0.26736	0.34344	-0.00446578	0.108511	-0.00351517	0.00405289	-0.012235	-0.0062694	0.137473	0.0291493
0.67	-0.150815	0.708344	0.912389	0.192189	-0.849101	-0.307025	0.326937	-0.405134	0.192115	-0.960753	0.80987	0.226774	4.02527	-1.04755	1.45571	-1.53468	3.08996	-1.06343	0.0125626	0.0706719	0.0100362	0.110443	0.01	0.123324	0.506953	0.105738	0.0181679	0.0902604	0.0181383	0.0950066	0.0802614	0.0333651	0.0617121	0.0344939	0.38766	0.0702064	0.259152	0.0897944	0.0104375	0.124629	0.01269	0.129638	0.100117	0.101735	0.0730688	0.0645903	0.63553	0.0732466	0.40936	0.0561815	0.421768	0.0497705	0.0402843	0.0516445	-0.123762	0.01	0.724098	2.09214	0.00453086	0.0323799	0.000699765	0.01	1.0013	-0.327891	0.00169818	0.00505659	-0.0684492	0.01	0.786004	1.18734	0.00334787	0.0197966	0.481698	0.481698	0.991916	-1.35954	0.0198497	0.258002	-0.06329	0.01	1.1892	-1.47012	0.00497578	0.0373321	0	0.01	0.956763	0.47279	0.00392071	0.0257672	-0.180239	0.01	0.654218	0.877054	0.00763667	0.0687749	-0.201237	0.01	0.783951	1.30254	0.00714203	0.0626974	0.381825	0.381825	1.02791	-0.627098	0.0206572	0.273972	0.275468	0.275468	0.920024	-0.361611	0.0166136	0.200246	0.00604515	0.01	1.12991	0.846972	0.00553718	0.0437141	-0.112233	0.01	0.826249	-0.430864	0.00157677	0.00423644	0.103946	0.103946	0.954366	0.482073	0.0112411	0.117371	0.050878	0.050878	0.850992	-0.531823	0.00553056	0.043638	0.568441	0.568441	0.737629	-1.19038	0.0213889	0.288831	0.421184	0.421184	1.1016	0.00963043	0.0267907	0.405488	0.427873	0.427873	1.13115	-0.601826	0.0207352	0.27554	-0.369663	0.01	0.756142	0.792068	0.00584101	0.0472252	0	0	0	0	0	0	0	0	0	0	0	0	0	0	0	0	0	0	0.708344	0.912389	0	0.80987	0.226774	0	0.638447	0.923012	0	0.820075	0.293928	0	0	0	-0.150815	0	0	-0.960753	0.628516	0.857662	0.0835	0.75729	0.303469	0	0.635547	0.687807	0.0835	1.27781	0.325017	0	0	0	0.0413734	0	0	3.06452	0.644895	0.462001	0.0835	1.9698	0.353664	0	0.509963	0.332965	0.0835	2.23006	0.0815112	0	0	0	-0.807728	0	0	2.01697	0.274985	0.190121	0.09142	2.48133	-0.478525	0	0.345959	0.113552	0.09142	2.74723	-0.232055	0	0	0	-1.11475	0	0	3.47268	0.628516	0.857662	-0.0835	0.75729	0.303469	0	0.658302	0.690292	-0.0835	0.339629	0.22914	0	0	0	0.176122	0	0	-2.49543	0.6979	0.467788	-0.0835	-0.215614	0.130326	0	0.655516	0.285962	-0.0835	-0.107514	0.105127	0	0	0	-0.229012	0	0	0.594527	0.549999	0.00889225	-0.09142	0.0145445	0.0958684	0	0.651037	0.035183	-0.09142	0.0268723	0.0484912	0	0	0	-0.036897	0	0	-0.468902	0.621032	1.00809	0	0.901818	0.310659	0	0.639451	1.32897	0	1.2101	0.292963	0	0	0	-0.150815	0	0	-0.960753	2.91643e-17	0.764108	0.408454	1.05697	1.97838	4.71054	3.66229	0.469905	0	3	0.0165727	0.0190375	-0.301952	-0.34686	0.127892	0.0263453	0.20884	0.256193	0.170602	0.286938	-0.00772651	-0.268753	-0.00198364	-0.245437	-0.0371598	-0.0363556	0.330344	0.137463	-0.0715487	0.0642018	-0.0356293	0.0450842	0.0131138	-0.0673492	0.0068175	-0.0385635	-0.19389	-0.189694	0	0	0.327829	-0.06329	-0.123762	0.000699765	-0.0684492	0	0	0	0	0	0.103946	0.0674992	0	0	0	0.142434	0.00604515	-0.113839	0.509111	1.01822	882.665	0.921656	0.625022	1.01432	182.884	2.64981	2.57862	1.77031	2.20682	47.598	58.2202	0.292022	2.54573	10.1932	5.0656	357.073	25.5927	67.8973	0.994508	0.608496	0	0	0	0	0	1.07766	0	0.0472252	0.756142	0.27554	1.13115	0.405488	1.1016	0.273972	1.02791	0.0626974	0.783951	0.0687749	0.654218	0.288831	0.737629	0.954366	0.850992	0.920024	0.0437141	0.826249	-0.150815	-0.960753	-3.08794	0.0257672	0.956763	0.991916	1.1892	0.724098	0.00505659	0.786004	0.630788	0.961588	1.86201e-19	1.03942	0.256383	0	77.4692	19.1086	0	-0.0350943	1.76318	-3.82674	-0.0711314	1.07531	-0	-51.9902	785.949	-0	70.887	4.68914	544.947	0.693362	-2.46332e-15	-0.0901928	-0	-0	-0	-0	-0	-0	0	0	0	0	0	0	0.255197	0.313244	0.00203976	0.130994	0.00160556	-0.00185117	-0.01477	0.00286356	0.165957	-0.0149512
0.68	-0.160557	0.716375	0.914667	0.23293	-0.85861	-0.293994	0.310852	-0.372339	0.180489	-0.984432	0.797397	0.227645	4.12397	-0.906511	0.425576	-1.68147	3.4577	-1.25559	0.0122504	0.0727938	0.0100318	0.110114	0.01	0.1252	0.495098	0.104263	0.0171587	0.0890637	0.0171329	0.0954341	0.0702587	0.0338754	0.0546365	0.0350767	0.385835	0.069754	0.284034	0.0894504	0.0103845	0.125612	0.0123622	0.12893	0.109273	0.102262	0.0689293	0.0641347	0.6051	0.0719892	0.422215	0.0561876	0.425232	0.0494834	0.0363369	0.0522251	-0.119375	0.01	0.745838	2.25115	0.00468276	0.0340594	0.000888846	0.01	0.998317	-0.27602	0.00180022	0.00578782	-0.0578394	0.01	0.797959	1.20428	0.00338283	0.020153	0.455991	0.455991	0.978075	-1.40942	0.019258	0.246643	-0.0690599	0.01	1.17344	-1.67999	0.00414814	0.0282053	0	0.01	0.961068	0.398912	0.0037186	0.0236306	-0.188656	0.01	0.664223	0.948331	0.00733028	0.0649969	-0.208199	0.01	0.797199	1.09198	0.00656378	0.0557323	0.383186	0.383186	1.02129	-0.663142	0.0203007	0.266861	0.301407	0.301407	0.9165	-0.335015	0.0179324	0.222464	0.00644865	0.01	1.13882	0.933885	0.00580958	0.0468602	-0.108109	0.01	0.821734	-0.473691	0.00144942	0.00344064	0.11344	0.11344	0.95931	0.529117	0.012035	0.129171	0.0410097	0.0410097	0.84499	-0.67081	0.00489627	0.03644	0.523102	0.523102	0.724967	-1.34671	0.0196337	0.253818	0.433746	0.433746	1.10172	0.0166889	0.0273954	0.419121	0.427341	0.427341	1.12462	-0.706882	0.0202206	0.265276	-0.379607	0.01	0.764643	0.909501	0.00566209	0.0451528	0	0	0	0	0	0	0	0	0	0	0	0	0	0	0	0	0	0	0.716375	0.914667	0	0.797397	0.227645	0	0.646584	0.92597	0	0.808523	0.29635	0	0	0	-0.160557	0	0	-0.984432	0.636017	0.86072	0.0835	0.744289	0.306752	0	0.648309	0.691165	0.0835	1.27661	0.345346	0	0	0	0.0723729	0	0	3.13954	0.664651	0.465757	0.0835	1.98429	0.396652	0	0.532524	0.333851	0.0835	2.27884	0.101607	0	0	0	-0.786237	0	0	2.23303	0.300361	0.185211	0.09142	2.60086	-0.442345	0	0.373936	0.111138	0.09142	2.7978	-0.24674	0	0	0	-1.08023	0	0	2.65861	0.636017	0.86072	-0.0835	0.744289	0.306752	0	0.661471	0.692636	-0.0835	0.296194	0.238894	0	0	0	0.150295	0	0	-2.66591	0.69531	0.469184	-0.0835	-0.299509	0.148683	0	0.654194	0.287068	-0.0835	-0.155311	0.116128	0	0	0	-0.222045	0	0	0.791791	0.550142	0.00985334	-0.09142	0.0141022	0.0971113	0	0.651302	0.035673	-0.09142	0.0260774	0.0501933	0	0	0	-0.0415561	0	0	-0.4638	0.629999	1.01122	0	0.892444	0.312676	0	0.651543	1.3319	0	1.20813	0.291468	0	0	0	-0.160557	0	0	-0.984432	2.13263e-17	0.725528	0.377524	1.0127	2.02494	4.56103	3.59352	0.43181	0	3	0.0086416	0.00992684	-0.282668	-0.324708	0.1292	0.0260867	0.207185	0.256952	0.170748	0.298997	-0.00760351	-0.269548	-0.00198989	-0.255752	-0.0367951	-0.0359988	0.327296	0.143816	-0.069106	0.0637573	-0.0380042	0.0478093	0.0129322	-0.0668829	0.00691885	-0.0408945	-0.202851	-0.198461	0	0	0.315099	-0.0690599	-0.119375	0.000888846	-0.0578394	0	0	0	0	0	0.11344	0.0670005	0	0	0	0.139488	0.00644865	-0.115769	0.509111	1.01822	876.604	0.923998	0.590543	1.02341	178.207	2.5198	2.47596	1.57614	1.99471	48.5863	63.0243	0.287054	2.55772	11.3029	5.11372	343.382	26.6257	72.9526	0.91675	0.577632	0	0	0	0	0	1.01392	0.0509665	0.0451528	0.764643	0.265276	1.12462	0.419121	1.10172	0.266861	1.02129	0.0557323	0.797199	0.0649969	0.664223	0.253818	0.724967	0.95931	0.84499	0.9165	0.0468602	0.821734	-0.160557	-0.984432	-1.68037	0.0236306	0.961068	0.978075	1.17344	0.745838	0.00578782	0.797959	0.641146	0.96418	-3.72401e-19	1.032	0.261162	0	76.9165	19.4648	0	-0.0442501	1.83175	-3.90371	-0.0599765	1.01215	-0	-43.837	739.782	-0	66.8542	3.96156	517.562	0.699615	-2.48553e-15	-0.0903702	-0.0472094	0.0192057	-0	-34.5055	14.0375	-0	-1.28331	-3.15449	5.60993	0.399638	-1.4198e-15	0.09142	0.240212	0.282891	0.0097309	0.152188	0.00765953	-0.00883119	-0.0171597	0.013661	0.192808	-0.0655765
0.69	-0.17045	0.724311	0.916902	0.274887	-0.871122	-0.312775	0.293194	-0.335929	0.167105	-0.988765	0.792122	0.216282	4.24605	-1.86695	-2.26294	-1.85505	3.81512	-1.40099	0.0119767	0.0749964	0.010028	0.109737	0.01	0.127111	0.478225	0.102735	0.0162769	0.0877788	0.0162544	0.0959273	0.061866	0.0340114	0.0486284	0.0351246	0.384016	0.0694685	0.30875	0.0891357	0.0103379	0.126686	0.0120748	0.128149	0.119136	0.102841	0.0639194	0.06358	0.570584	0.0705819	0.43497	0.0561976	0.425259	0.0491493	0.032938	0.0528824	-0.114467	0.01	0.768405	2.18087	0.00462946	0.0334687	0.00110444	0.01	0.994893	-0.488978	0.00134192	0.00282566	-0.0469872	0.01	0.81014	1.22759	0.00342356	0.0205696	0.422814	0.422814	0.963747	-1.4591	0.0185133	0.232828	-0.0761277	0.01	1.15651	-1.60443	0.00366403	0.0230591	0	0.01	0.966036	0.722908	0.00400437	0.0266601	-0.182465	0.01	0.666889	-0.432487	0.00416306	0.0283664	-0.201112	0.01	0.798286	-0.85602	0.00292333	0.0155714	0.374248	0.374248	1.01711	-0.0990554	0.0247212	0.359661	0.32676	0.32676	0.913276	-0.30373	0.0192103	0.245742	0.00689249	0.01	1.14856	1.01313	0.00610667	0.0503268	-0.103297	0.01	0.816759	-0.523852	0.00129898	0.00259561	0.123772	0.123772	0.964737	0.581895	0.0128757	0.14195	0.0300998	0.0300998	0.837681	-0.790202	0.0043076	0.0299343	0.475252	0.475252	0.710794	-1.48987	0.0178215	0.220527	0.446773	0.446773	1.10191	0.0247803	0.0280029	0.432938	0.423734	0.423734	1.11703	-0.814437	0.0196313	0.253773	-0.385223	0.01	0.774267	1.00954	0.00550087	0.0432971	0	0	0	0	0	0	0	0	0	0	0	0	0	0	0	0	0	0	0.724311	0.916902	0	0.792122	0.216282	0	0.654635	0.928895	0	0.80398	0.285175	0	0	0	-0.17045	0	0	-0.988765	0.643423	0.863753	0.0835	0.73957	0.296261	0	0.661145	0.694679	0.0835	1.29029	0.353986	0	0	0	0.104437	0	0	3.25728	0.684705	0.46991	0.0835	2.02243	0.430727	0	0.555181	0.335446	0.0835	2.20938	0.250646	0	0	0	-0.766686	0	0	1.39033	0.326394	0.183427	0.09142	2.47325	0.0683263	0	0.400025	0.109411	0.09142	2.40867	0.00407491	0	0	0	-1.07946	0	0	-0.872607	0.643423	0.863753	-0.0835	0.73957	0.296261	0	0.664237	0.695032	-0.0835	0.259758	0.23707	0	0	0	0.122744	0	0	-2.84382	0.691907	0.470732	-0.0835	-0.378109	0.15838	0	0.652406	0.288259	-0.0835	-0.200872	0.120013	0	0	0	-0.213186	0	0	0.971301	0.55028	0.0108076	-0.09142	0.0130549	0.0917778	0	0.651555	0.0361692	-0.09142	0.0239525	0.0482607	0	0	0	-0.0460809	0	0	-0.429689	0.638894	1.0143	0	0.888428	0.300738	0	0.663609	1.33475	0	1.20528	0.276301	0	0	0	-0.17045	0	0	-0.988765	4.53957e-17	0.572309	0.168133	0.83463	2.11005	4.44233	3.52728	0.335007	0	3	0.000815858	0.000937197	-0.263084	-0.302211	0.131848	0.0252412	0.204774	0.254562	0.170797	0.310808	-0.00742435	-0.267042	-0.00199199	-0.265855	-0.0356024	-0.034832	0.324323	0.142194	-0.0642069	0.063658	-0.0388683	0.0526257	0.0125681	-0.0667788	0.00695572	-0.0450143	-0.200563	-0.196222	0	0	0.301695	-0.0761277	-0.114467	0.00110444	-0.0469872	0	0	0	0	0	0.123772	0.0662529	0	0	0	0.136691	0.00689249	-0.117877	0.238147	1.28728	845.017	0.927996	0.70981	1.03267	171.049	2.23655	2.38787	3.41611	6.04249	28.6249	67.2434	0.281849	2.5752	12.5373	4.90945	322.66	27.6833	77.3052	0.850914	0.542751	0	0	0	0	0	0.956113	0.170798	0.0432971	0.774267	0.253773	1.11703	0.432938	1.10191	0.359661	1.01711	0.0155714	0.798286	0.0283664	0.666889	0.220527	0.710794	0.964737	0.837681	0.913276	0.0503268	0.816759	-0.17045	-0.988765	1.62368	0.0266601	0.966036	0.963747	1.15651	0.768405	0.00282566	0.81014	0.651388	0.966809	1.86201e-19	1.01485	0.265061	0	75.6381	19.7554	0	-0.126197	1.81905	-4.82793	-0.0489902	0.954857	-0	-35.8071	697.908	-0	63.1921	3.24215	492.563	0.705771	-2.5074e-15	-0.0905449	-0.152609	0.0766976	-0	-111.542	56.0586	-0	-5.12487	-10.1972	23.7859	0.424305	-1.50744e-15	0.09142	0.222387	0.252865	0.0185233	0.171546	0.0145803	-0.0168107	-0.0193423	0.0260044	0.217332	-0.122218
0.7	-0.180214	0.732268	0.918961	0.316595	-0.894407	-0.269996	0.273495	-0.295915	0.152481	-0.966893	0.798162	0.198888	4.11504	-2.35317	7.43938	-2.07416	4.18073	-1.55786	0.0117364	0.0769479	0.0100246	0.10904	0.01	0.128996	0.456015	0.101179	0.0155057	0.0867336	0.015486	0.0968773	0.0547744	0.0341226	0.0435006	0.0355392	0.38069	0.0692632	0.33265	0.0888491	0.010297	0.127845	0.0118226	0.127278	0.129867	0.103483	0.0580698	0.0629469	0.532951	0.0690413	0.447798	0.056213	0.42369	0.0487685	0.0300023	0.0535944	-0.109119	0.01	0.788401	1.88146	0.00436431	0.0305528	0.00131756	0.01	0.988577	-0.696848	0.000431148	9.85747e-05	-0.0359662	0.01	0.822151	1.17502	0.00339457	0.020273	0.382255	0.382255	0.949148	-1.44828	0.017851	0.221042	-0.0843778	0.01	1.14273	-1.21067	0.00370364	0.0234738	0	0.01	0.975602	1.02303	0.00423345	0.0291283	-0.173122	0.01	0.66907	2.45876	0.00777755	0.0705272	-0.193502	0.01	0.80771	4.9063	0.00858787	0.0808089	0.369486	0.369486	1.0141	-0.981921	0.0181865	0.226953	0.350758	0.350758	0.910339	-0.280455	0.0203481	0.267801	0.00738221	0.01	1.15906	1.08806	0.00643637	0.0542169	-0.0979188	0.01	0.811203	-0.588384	0.00109081	0.00161696	0.135086	0.135086	0.970762	0.650311	0.0137974	0.156146	0.0183403	0.0183403	0.829339	-0.876015	0.00377733	0.0242484	0.425144	0.425144	0.69528	-1.61638	0.0158609	0.188213	0.459868	0.459868	1.10222	0.0378595	0.0286575	0.447977	0.417108	0.417108	1.10838	-0.919488	0.0190427	0.24259	-0.386791	0.01	0.784692	1.08626	0.00534797	0.0415476	0	0	0	0	0	0	0	0	0	0	0	0	0	0	0	0	0	0	0.732268	0.918961	0	0.798162	0.198888	0	0.662713	0.931633	0	0.810415	0.266141	0	0	0	-0.180214	0	0	-0.966893	0.650866	0.866604	0.0835	0.747538	0.277596	0	0.673979	0.698182	0.0835	1.27775	0.350359	0	0	0	0.136381	0	0	3.14814	0.704705	0.474281	0.0835	1.98263	0.447091	0	0.576351	0.3387	0.0835	2.09041	0.345053	0	0	0	-0.758026	0	0	0.794975	0.347974	0.18211	0.09142	2.06542	-0.291132	0	0.425313	0.111978	0.09142	2.64291	0.345711	0	0	0	-1.02802	0	0	8.23436	0.650866	0.866604	-0.0835	0.747538	0.277596	0	0.6667	0.697343	-0.0835	0.232807	0.229442	0	0	0	0.0932813	0	0	-3.04105	0.687752	0.472325	-0.0835	-0.451483	0.165424	0	0.650178	0.289445	-0.0835	-0.243058	0.122603	0	0	0	-0.202634	0	0	1.13968	0.550402	0.0116709	-0.09142	0.0120548	0.0880477	0	0.651781	0.03662	-0.09142	0.022488	0.0456537	0	0	0	-0.0501523	0	0	-0.418176	0.647807	1.01719	0	0.89314	0.280553	0	0.67565	1.33739	0	1.20273	0.253632	0	0	0	-0.180214	0	0	-0.966893	3.53865e-17	0.710897	0.472326	1.11064	2.13305	4.31833	3.47283	0.411791	1	3	-0.006994	-0.00803419	-0.246457	-0.283112	0.13565	0.0240745	0.201624	0.24944	0.170815	0.322275	-0.00719022	-0.261669	-0.00199275	-0.275664	-0.0339568	-0.0332219	0.320919	0.138459	-0.056416	0.0582092	-0.0378553	0.0558024	0.011989	-0.0610628	0.00691249	-0.0477315	-0.195295	-0.191069	0	0	0.287786	-0.0843778	-0.109119	0.00131756	-0.0359662	0	0	0	0	0	0.135086	0.0652657	0	0	0	0.134066	0.00738221	-0.120195	0.238147	1.28728	834.927	0.931001	0.778623	1.0418	159.015	1.87045	2.31928	1.25331	1.63324	54.9041	71.5212	0.276421	2.60267	13.9246	4.47148	295.292	28.7532	81.0028	0.794722	0.506713	0	0	0	0	0	0.909133	0	0.0415476	0.784692	0.24259	1.10838	0.447977	1.10222	0.226953	1.0141	0.0808089	0.80771	0.0705272	0.66907	0.188213	0.69528	0.970762	0.829339	0.910339	0.0542169	0.811203	-0.180214	-0.966893	0.44085	0.0291283	0.975602	0.949148	1.14273	0.788401	9.85747e-05	0.822151	0.661475	0.969448	1.86201e-19	1.00566	0.260747	0	74.9529	19.4338	0	-0.197067	1.83341	-5.17376	-0.0373825	0.908364	-0	-27.323	663.926	-0	60.2258	2.47851	472.474	0.711636	-2.52824e-15	-0.0907115	-0	-0	-0	-0	-0	-0	0	0	0	0	0	0	0.201752	0.223392	0.0283003	0.188391	0.0222762	-0.0256837	-0.0212416	0.0397301	0.238673	-0.183935
0.71	-0.189849	0.740241	0.920911	0.358183	-0.914955	-0.24558	0.251884	-0.252396	0.135515	-0.955169	0.798538	0.188904	4.16367	-1.83857	-0.0210374	-2.25249	4.51422	-1.81541	0.0115255	0.0788705	0.0100216	0.1083	0.01	0.130846	0.428642	0.0996429	0.0148305	0.0857569	0.0148132	0.0977727	0.0487467	0.0353227	0.0391047	0.0370292	0.376855	0.0684057	0.355175	0.0885829	0.0102611	0.129078	0.0116011	0.126315	0.141631	0.104188	0.0517121	0.0622544	0.49302	0.067381	0.460561	0.0562336	0.420326	0.0483369	0.0274599	0.0543883	-0.103567	0.01	0.808099	2.0711	0.00454339	0.032518	0.00122225	0.01	0.981864	-0.607422	0.000995365	0.00124853	-0.0247974	0.01	0.833946	1.17492	0.00341267	0.0204581	0.336306	0.336306	0.934736	-1.44147	0.0169146	0.205171	-0.0932364	0.01	1.12987	-1.40668	0.00310246	0.0173297	0	0.01	0.984619	0.796262	0.00392279	0.0257893	-0.161838	0.01	0.692602	1.09511	0.00644931	0.0543704	-0.180556	0.01	0.841573	1.07525	0.0056415	0.0449153	0.362081	0.362081	1.00155	-1.0822	0.017492	0.214852	0.372848	0.372848	0.907612	-0.261125	0.0213749	0.288544	0.00792172	0.01	1.17025	1.14619	0.00679315	0.0584778	-0.0921357	0.01	0.805066	-0.639296	0.000869011	0.000841734	0.147546	0.147546	0.977369	0.699925	0.0147636	0.171101	0.00594561	0.01	0.820216	-0.951034	0.00325616	0.0188674	0.373621	0.373621	0.678559	-1.7314	0.0137407	0.155269	0.472759	0.472759	1.10262	0.0430329	0.0292301	0.461276	0.407553	0.407553	1.09857	-1.04976	0.0182953	0.228896	-0.384918	0.01	0.796315	1.2419	0.00530136	0.0410162	0	0	0	0	0	0	0	0	0	0	0	0	0	0	0	0	0	0	0.740241	0.920911	0	0.798538	0.188904	0	0.670812	0.934253	0	0.811282	0.255221	0	0	0	-0.189849	0	0	-0.955169	0.658338	0.86934	0.0835	0.749279	0.267136	0	0.68682	0.701743	0.0835	1.28701	0.358519	0	0	0	0.168334	0	0	3.2085	0.724684	0.478938	0.0835	2.00189	0.480006	0	0.597884	0.341902	0.0835	2.18961	0.3063	0	0	0	-0.746621	0	0	1.36993	0.370852	0.181214	0.09142	2.41012	-0.00341703	0	0.450654	0.113897	0.09142	2.50093	0.104227	0	0	0	-0.992201	0	0	1.34889	0.658338	0.86934	-0.0835	0.749279	0.267136	0	0.668877	0.699667	-0.0835	0.205026	0.23333	0	0	0	0.0620345	0	0	-3.20766	0.682888	0.474102	-0.0835	-0.51851	0.188388	0	0.647562	0.290775	-0.0835	-0.278982	0.142232	0	0	0	-0.190361	0	0	1.30656	0.55053	0.0126563	-0.09142	0.0132072	0.108033	0	0.652024	0.0371293	-0.09142	0.0256604	0.0563877	0	0	0	-0.054846	0	0	-0.508854	0.656731	1.01995	0	0.893137	0.268671	0	0.687657	1.33986	0	1.19871	0.239131	0	0	0	-0.189849	0	0	-0.955169	4.52236e-17	0.617217	0.346417	0.797777	2.20228	4.18915	3.39509	0.349969	1	3	-0.014864	-0.0170746	-0.228571	-0.262565	0.140376	0.0229229	0.197742	0.242144	0.170843	0.333549	-0.00690165	-0.254015	-0.00199393	-0.285307	-0.0323324	-0.0316327	0.317131	0.132985	-0.0480806	0.0550984	-0.034897	0.0565733	0.0113695	-0.0577995	0.00678624	-0.0483909	-0.187574	-0.183514	0	0	0.27342	-0.0932364	-0.103567	0.00122225	-0.0247974	0	0	0	0	0	0.147546	0.0640636	0	0	0	0.131666	0.00792172	-0.122762	0.238147	1.28728	798.406	0.934698	0.751584	1.05077	144.926	1.83177	2.25902	1.16042	1.53691	56.3847	75.5371	0.270799	2.60095	15.4957	3.96942	261.753	29.817	84.8368	0.746937	0.472061	0	0	0	0	0	0.851304	0	0.0410162	0.796315	0.228896	1.09857	0.461276	1.10262	0.214852	1.00155	0.0449153	0.841573	0.0543704	0.692602	0.155269	0.678559	0.977369	0.820216	0.907612	0.0584778	0.805066	-0.189849	-0.955169	3.04649	0.0257893	0.984619	0.934736	1.12987	0.808099	0.00124853	0.833946	0.671514	0.972	1.86201e-19	1.00245	0.249043	0	74.7141	18.5615	0	-0.153489	1.88742	-5.09182	-0.0279634	0.850844	-0	-20.4386	621.885	-0	56.5403	1.85823	447.035	0.718838	-2.55383e-15	-0.0909177	-0	-0	-0	-0	-0	-0	0	0	0	0	0	0	0.178386	0.195235	0.0389084	0.202274	0.0306261	-0.035311	-0.022807	0.0546225	0.256261	-0.247997
0.72	-0.199214	0.74828	0.922693	0.399117	-0.932201	-0.227429	0.228276	-0.205632	0.116309	-0.917918	0.809123	0.167278	4.03029	-1.60288	3.03037	-2.46032	4.82275	-2.0266	0.0113402	0.0809189	0.010019	0.107694	0.01	0.132648	0.398246	0.098119	0.0142388	0.0846317	0.0142237	0.0985104	0.0435988	0.0358131	0.035323	0.0375752	0.372984	0.0677195	0.375816	0.0883327	0.0102295	0.130369	0.0114066	0.125272	0.154627	0.104947	0.0461329	0.0615067	0.451503	0.0656079	0.473161	0.0562549	0.414961	0.0478447	0.0252535	0.0552826	-0.0986485	0.01	0.829087	2.10977	0.00458807	0.033011	0.000147265	0.01	0.976375	-0.502148	0.00130696	0.00263769	-0.0139959	0.01	0.845428	1.12121	0.00338052	0.0201294	0.294403	0.294403	0.920441	-1.41488	0.0159139	0.18905	-0.100442	0.01	1.11504	-1.53993	0.00253089	0.0118716	0	0.01	0.992049	0.689299	0.00374055	0.0238612	-0.155581	0.01	0.702219	1.42644	0.00646101	0.0545095	-0.172429	0.01	0.853982	2.1207	0.00624456	0.0519483	0.362507	0.362507	0.991501	-1.11985	0.0171546	0.209155	0.392469	0.392469	0.905048	-0.249834	0.022249	0.30668	0.00851891	0.01	1.18195	1.19087	0.00718418	0.0632109	-0.0861372	0.01	0.798417	-0.687377	0.000472078	0.000130682	0.161406	0.161406	0.984491	0.757362	0.0158308	0.187739	-0.00684177	0.01	0.810366	-1.01652	0.00279923	0.014377	0.320999	0.320999	0.660704	-1.84269	0.0115874	0.122479	0.485417	0.485417	1.10304	0.0407462	0.0297185	0.472737	0.395332	0.395332	1.08738	-1.19248	0.0174411	0.213985	-0.380184	0.01	0.809408	1.37818	0.00526054	0.0405517	0	0	0	0	0	0	0	0	0	0	0	0	0	0	0	0	0	0	0.74828	0.922693	0	0.809123	0.167278	0	0.678979	0.936684	0	0.821966	0.230892	0	0	0	-0.199214	0	0	-0.917918	0.665897	0.871892	0.0835	0.762491	0.242899	0	0.699655	0.705277	0.0835	1.28106	0.347965	0	0	0	0.199903	0	0	3.11237	0.744533	0.483778	0.0835	1.97045	0.487641	0	0.619709	0.34494	0.0835	2.18002	0.299222	0	0	0	-0.732298	0	0	1.50949	0.394703	0.179888	0.09142	2.38105	-0.229334	0	0.476649	0.115197	0.09142	2.67474	0.142686	0	0	0	-0.959727	0	0	4.53986	0.665897	0.871892	-0.0835	0.762491	0.242899	0	0.670837	0.701963	-0.0835	0.188434	0.226211	0	0	0	0.0290619	0	0	-3.37824	0.677404	0.476059	-0.0835	-0.574725	0.204026	0	0.64461	0.292262	-0.0835	-0.309227	0.156654	0	0	0	-0.17657	0	0	1.44452	0.550665	0.0138078	-0.09142	0.0140957	0.124727	0	0.65229	0.0377309	-0.09142	0.0280208	0.065573	0	0	0	-0.0602612	0	0	-0.582081	0.665701	1.02251	0	0.900746	0.24308	0	0.699622	1.34212	0	1.19412	0.211943	0	0	0	-0.199214	0	0	-0.917918	4.1119e-17	0.584549	0.345218	0.831894	2.25219	4.04223	3.3054	0.327201	1	3	-0.022727	-0.0261071	-0.211469	-0.24292	0.145905	0.021917	0.193121	0.233124	0.170898	0.344763	-0.00655822	-0.244553	-0.00199631	-0.294899	-0.0309136	-0.0302446	0.312823	0.129533	-0.0387014	0.0489774	-0.0302959	0.0534655	0.0106723	-0.0513785	0.00658989	-0.0457326	-0.182705	-0.178751	0	0	0.259106	-0.100442	-0.0986485	0.000147265	-0.0139959	0	0	0	0	0	0.161406	0.0626916	0	0	0	0.129479	0.00851891	-0.125634	0.238147	1.28728	755.47	0.940151	0.710738	1.0595	129.918	1.72224	2.20442	1.06178	1.42151	56.4867	79.5763	0.265039	2.58925	17.2927	3.58082	224.318	30.872	88.2018	0.70644	0.441506	0	0	0	0	0	0.793743	0	0.0405517	0.809408	0.213985	1.08738	0.472737	1.10304	0.209155	0.991501	0.0519483	0.853982	0.0545095	0.702219	0.122479	0.660704	0.984491	0.810366	0.905048	0.0632109	0.798417	-0.199214	-0.917918	3.70274	0.0238612	0.992049	0.920441	1.11504	0.829087	0.00263769	0.845428	0.681527	0.974405	-3.72401e-19	1.00019	0.231668	0	74.5457	17.2666	0	-0.14751	1.92167	-4.97834	-0.0179483	0.79354	-0	-13.1185	580.001	-0	52.8587	1.19556	421.341	0.726448	-2.58086e-15	-0.0911354	-0	-0	-0	-0	-0	-0	0	0	0	0	0	0	0.152531	0.168468	0.0501774	0.212813	0.0394964	-0.0455381	-0.0239953	0.0704427	0.269614	-0.30476
0.73	-0.208195	0.756424	0.924238	0.438972	-0.946555	-0.203252	0.202718	-0.156023	0.0947933	-0.878121	0.819714	0.141719	3.93855	-1.2873	1.99326	-2.64412	5.08413	-2.2683	0.0111774	0.083001	0.0100167	0.107194	0.01	0.134376	0.366067	0.0966282	0.01372	0.0834218	0.0137067	0.0991287	0.039183	0.0366532	0.0320589	0.0385391	0.413466	0.0668149	0.394064	0.0880899	0.0102017	0.131697	0.0112357	0.124188	0.168709	0.105765	0.0413562	0.0607197	0.408789	0.0637385	0.485618	0.0562728	0.407606	0.0472885	0.0233345	0.0562727	-0.0938029	0.01	0.85042	2.15992	0.00464469	0.0336373	6.89111e-05	0.01	0.971838	-0.402648	0.00153818	0.00398803	-0.00328289	0.01	0.856442	1.07956	0.00335811	0.0199009	0.249667	0.249667	0.906456	-1.38413	0.0148455	0.172369	-0.107175	0.01	1.0991	-1.65098	0.0019318	0.00678145	0	0.01	0.998275	0.554067	0.00352945	0.0216598	-0.246647	0.01	0.71869	1.60473	0.00637623	0.0535039	-0.270487	0.01	0.87589	1.92608	0.00592245	0.0481729	0.467521	0.467521	0.978256	-1.49527	0.0166356	0.200603	0.409209	0.409209	0.902561	-0.246586	0.0229521	0.321521	0.00918382	0.01	1.19399	1.21426	0.0076054	0.0683872	-0.0800227	0.01	0.79151	-0.68697	-0.000499678	0	0.176363	0.176363	0.992169	0.810107	0.0169408	0.205603	-0.0197919	0.01	0.799996	-1.05325	0.00243613	0.0110154	0.266081	0.266081	0.641879	-1.92109	0.00953495	0.0933184	0.498115	0.498115	1.10339	0.0279376	0.0300904	0.481548	0.381118	0.381118	1.07474	-1.34357	0.0164771	0.198037	-0.373547	0.01	0.823905	1.52741	0.0052538	0.040475	0	0	0	0	0	0	0	0	0	0	0	0	0	0	0	0	0	0	0.756424	0.924238	0	0.819714	0.141719	0	0.68725	0.938852	0	0.832547	0.202462	0	0	0	-0.208195	0	0	-0.878121	0.673588	0.874179	0.0835	0.775756	0.214459	0	0.712473	0.708686	0.0835	1.28224	0.333463	0	0	0	0.230777	0	0	3.06042	0.764167	0.488677	0.0835	1.95555	0.491669	0	0.641653	0.347797	0.0835	2.20535	0.274437	0	0	0	-0.715777	0	0	1.77312	0.419064	0.177533	0.09142	2.48069	-0.245684	0	0.503574	0.116229	0.09142	2.71158	0.072611	0	0	0	-0.91903	0	0	3.76638	0.673588	0.874179	-0.0835	0.775756	0.214459	0	0.672657	0.704181	-0.0835	0.176985	0.217739	0	0	0	-0.0054771	0	0	-3.52224	0.671419	0.478185	-0.0835	-0.61903	0.222099	0	0.641398	0.293914	-0.0835	-0.33122	0.175209	0	0	0	-0.1615	0	0	1.56189	0.550818	0.0151745	-0.09142	0.0165705	0.150455	0	0.652595	0.0384421	-0.09142	0.0330071	0.0785576	0	0	0	-0.0667069	0	0	-0.706417	0.674744	1.02479	0	0.908013	0.213444	0	0.711534	1.34408	0	1.18839	0.181138	0	0	0	-0.208195	0	0	-0.878121	4.153e-17	0.536763	0.323724	0.788905	2.30566	3.90463	3.2077	0.299675	1	3	-0.0306651	-0.0352258	-0.193026	-0.221734	0.152165	0.0210162	0.187745	0.223015	0.170988	0.356129	-0.00615866	-0.233948	-0.00200014	-0.304621	-0.0296431	-0.0290016	0.310104	0.174578	-0.0379315	0.0136841	-0.0290697	0.0233338	0.0106151	-0.014355	0.00653756	-0.019959	-0.24624	-0.240911	0	0	0.244901	-0.107175	-0.0938029	6.89111e-05	-0.00328289	0	0	0	0	0	0.176363	0.0611912	0	0	0	0.127448	0.00918382	-0.128762	0.238147	1.28728	725.739	0.946576	0.661675	1.06787	114.692	1.58339	2.15534	0.985149	1.33394	72.3504	83.6374	0.259212	2.53327	19.3036	3.19999	185.056	31.9338	90.8252	0.672074	0.436474	0	0	0	0	0	0.741153	0	0.040475	0.823905	0.198037	1.07474	0.481548	1.10339	0.200603	0.978256	0.0481729	0.87589	0.0535039	0.71869	0.0933184	0.641879	0.992169	0.799996	0.902561	0.0683872	0.79151	-0.208195	-0.878121	4.6169	0.0216598	0.998275	0.906456	1.0991	0.85042	0.00398803	0.856442	0.691521	0.976606	1.86201e-19	0.998816	0.208891	0	74.4432	15.5689	0	-0.119919	1.94977	-4.83284	-0.0102296	0.741082	-0	-7.47687	541.659	-0	49.4779	0.682974	397.459	0.733781	-2.60691e-15	-0.091345	-0	-0	-0	-0	-0	-0	0	0	0	0	0	0	0.124477	0.141605	0.0619205	0.219841	0.0487397	-0.0561954	-0.0247877	0.0869285	0.278517	-0.360678
0.74	-0.216718	0.764695	0.925495	0.477629	-0.958054	-0.179051	0.175292	-0.103916	0.0708043	-0.827834	0.834291	0.110542	3.79613	-1.02429	2.78406	-2.83141	5.32163	-2.52471	0.0110343	0.0851162	0.0100147	0.106795	0.01	0.136028	0.331299	0.0951741	0.0132651	0.0821462	0.0132534	0.099624	0.0353849	0.0375056	0.0292361	0.0394203	0.411393	0.0657866	0.409638	0.0878472	0.0101772	0.133043	0.0110855	0.123118	0.183763	0.106642	0.0372545	0.0599179	0.365083	0.0618078	0.498411	0.0562806	0.398642	0.046664	0.021664	0.0573667	-0.0886401	0.01	0.872093	2.16796	0.00466477	0.0338598	0.000498395	0.01	0.968221	-0.319912	0.00170975	0.00513769	0.00698333	0.01	0.866973	1.02501	0.00332222	0.0195359	0.197655	0.197655	0.892815	-1.34186	0.0137382	0.155231	-0.114933	0.01	1.08229	-1.69621	0.0012914	0.00255598	0	0.01	1.00326	0.442108	0.00334429	0.0197602	-0.122072	0.01	0.735403	1.88539	0.0063918	0.0536883	-0.115627	0.01	0.895915	2.26093	0.00602621	0.0493843	0.310806	0.310806	0.9632	-1.48602	0.0165945	0.199935	0.422998	0.422998	0.900074	-0.251179	0.0234743	0.33267	0.00991877	0.01	1.20619	1.22268	0.00806284	0.0741067	-0.0739052	0.01	0.784692	-0.676255	-0.0025836	0	0.192544	0.192544	1.00039	0.862997	0.0180592	0.224695	-0.0327414	0.01	0.789432	-1.05305	0.00217136	0.00871758	0.208605	0.208605	0.622435	-1.96705	0.00758787	0.0681702	0.511797	0.511797	1.10354	-0.0002598	0.0303114	0.48682	0.36636	0.36636	1.06055	-1.50477	0.015388	0.180799	-0.367439	0.01	0.839923	1.68411	0.00527354	0.0406995	0	0	0	0	0	0	0	0	0	0	0	0	0	0	0	0	0	0	0.764695	0.925495	0	0.834291	0.110542	0	0.695649	0.940698	0	0.846876	0.167701	0	0	0	-0.216718	0	0	-0.827834	0.681436	0.876144	0.0835	0.793436	0.179467	0	0.725289	0.711897	0.0835	1.28097	0.309637	0	0	0	0.260911	0	0	2.96829	0.783588	0.493546	0.0835	1.9291	0.482685	0	0.663721	0.350407	0.0835	2.20736	0.249664	0	0	0	-0.697143	0	0	1.944	0.444068	0.174493	0.09142	2.51977	-0.353983	0	0.531125	0.116865	0.09142	2.79224	0.0576285	0	0	0	-0.876194	0	0	4.72806	0.681436	0.876144	-0.0835	0.793436	0.179467	0	0.674395	0.70629	-0.0835	0.171898	0.20523	0	0	0	-0.0414265	0	0	-3.65925	0.665035	0.480483	-0.0835	-0.654383	0.23948	0	0.637995	0.295752	-0.0835	-0.347288	0.194529	0	0	0	-0.145343	0	0	1.66239	0.550999	0.0168156	-0.09142	0.0199636	0.180583	0	0.652956	0.0392854	-0.09142	0.0393399	0.0926633	0	0	0	-0.0745385	0	0	-0.862328	0.683875	1.02674	0	0.918106	0.177448	0	0.723385	1.34571	0	1.18216	0.14474	0	0	0	-0.216718	0	0	-0.827834	9.02838e-17	0.487781	0.310656	0.792738	2.36975	3.78936	3.1161	0.285987	1	3	-0.038664	-0.0444143	-0.174188	-0.200095	0.158945	0.020167	0.181618	0.213188	0.171127	0.3685	-0.00570321	-0.223639	-0.00200606	-0.315202	-0.0284453	-0.0278297	0.30815	0.110162	-0.0312593	0.0710147	-0.0280668	0.0580147	0.0101192	-0.0744961	0.00649476	-0.0496238	-0.155382	-0.152019	0	0	0.230932	-0.114933	-0.0886401	0.000498395	0.00698333	0	0	0	0	0	0.192544	0.059571	0	0	0	0.125539	0.00991877	-0.132112	0.238147	1.28728	672.989	0.9539	0.612121	1.07587	98.7216	1.43098	2.09646	0.919013	1.25537	65.5027	87.7316	0.253387	2.4738	21.5273	2.83453	146.671	33.0884	92.6558	0.643045	0.416897	0	0	0	0	0	0.711883	0	0.0406995	0.839923	0.180799	1.06055	0.48682	1.10354	0.199935	0.9632	0.0493843	0.895915	0.0536883	0.735403	0.0681702	0.622435	1.00039	0.789432	0.900074	0.0741067	0.784692	-0.216718	-0.827834	5.25405	0.0197602	1.00326	0.892815	1.08229	0.872093	0.00513769	0.866973	0.701505	0.978554	1.86201e-19	0.998184	0.181858	0	74.3961	13.5541	0	-0.094154	1.96682	-4.66995	-0.0017619	0.711881	-0	-1.28778	520.316	-0	47.5673	0.117729	383.258	0.736588	-2.61689e-15	-0.09142	-0	-0	-0	-0	-0	-0	0	0	0	0	0	0	0.0944047	0.1142	0.073948	0.223511	0.058207	-0.0671109	-0.0252015	0.103814	0.283167	-0.420257
0.75	-0.225521	0.772721	0.92635	0.516875	-0.967905	-0.152962	0.155623	-0.067021	0.0555768	-0.960819	0.756893	0.0592311	4.11816	-0.975624	2.4143	-0.777408	1.74033	-1.1158	0.0109089	0.0872808	0.0100129	0.106463	0.0146955	0.137623	0.292812	0.0937449	0.0128667	0.0808757	0.0128565	0.100037	0.032115	0.038522	0.0267945	0.0404348	0.389381	0.0647875	0.421058	0.087601	0.0105482	0.134023	0.0109538	0.122065	0.2003	0.107373	0.0337281	0.0591998	0.320302	0.0601637	0.510823	0.0562769	0.38764	0.046019	0.0202106	0.0582862	-0.0833924	0.01	0.894271	2.33475	0.00482922	0.0356899	0.000795161	0.01	0.965215	-0.298251	0.00175217	0.00543898	0.0168513	0.0168513	0.87714	1.06076	0.0038412	0.0249231	0.13612	0.13612	0.879408	-1.38534	0.0121727	0.131247	-0.123273	0.01	1.06556	-1.61203	0.000287701	2.80423e-05	0	0.01	1.00742	0.412187	0.00326482	0.0189548	-0.116435	0.01	0.755333	1.96745	0.00625924	0.0521214	-0.114909	0.01	0.918972	2.20009	0.00584942	0.0473229	0.33898	0.33898	0.948572	-1.4349	0.0160562	0.191304	0.429851	0.429851	0.897552	-0.237655	0.0239912	0.343799	0.0107245	0.0107245	1.21507	0.413521	0.00776523	0.0703735	-0.0677756	0.01	0.777978	-0.666467	-0.00119581	0	0.209896	0.209896	1.00725	0.361809	0.0181157	0.225695	-0.0450139	0.01	0.779971	-0.721541	0.00257099	0.0122386	0.150889	0.150889	0.605878	-0.990281	0.00885081	0.0842252	0.523278	0.523278	1.10347	-0.014306	0.0306525	0.495015	0.347744	0.347744	1.04589	-1.30408	0.0158027	0.187297	-0.356362	0.01	0.853385	0.83421	0.00433306	0.0302117	0	0	0	0	0	0	0	0	0	0	0	0	0	0	0	0	0	0	0.772721	0.92635	0	0.756893	0.0592311	0	0.703811	0.94216	0	0.772083	0.125441	0	0	0	-0.225521	0	0	-0.960819	0.689031	0.877734	0.0835	0.710181	0.139643	0	0.737863	0.714898	0.0835	1.22431	0.293823	0	0	0	0.291354	0	0	3.15734	0.802781	0.498423	0.0835	1.9078	0.498793	0	0.685887	0.352846	0.0835	2.2254	0.243763	0	0	0	-0.676551	0	0	2.18172	0.469682	0.170783	0.09142	2.60415	-0.382148	0	0.559333	0.117279	0.09142	2.85005	0.029893	0	0	0	-0.829513	0	0	4.59602	0.689031	0.877734	-0.0835	0.710181	0.139643	0	0.677158	0.708149	-0.0835	0.415404	0.160281	0	0	0	-0.0698981	0	0	-1.73823	0.661373	0.4827	-0.0835	0.0235235	0.187717	0	0.63589	0.297748	-0.0835	0.0239123	0.187663	0	0	0	-0.136919	0	0	0.00210178	0.550665	0.0188762	-0.09142	-0.017733	0.245525	0	0.652772	0.0406517	-0.09142	0.00651834	0.131809	0	0	0	-0.0813423	0	0	-1.1137	0.692796	1.0283	0	0.854852	0.136025	0	0.735112	1.34691	0	1.16097	0.0953668	0	0	0	-0.225521	0	0	-0.960819	8.69511e-17	0.40831	0.293808	0.756547	2.4183	3.92344	3.12799	0.276782	1	3	-0.0468732	-0.0538445	-0.154706	-0.177714	0.166504	0.0199091	0.174672	0.201154	0.171313	0.379439	-0.00518695	-0.211015	-0.002014	-0.32456	-0.0280815	-0.0274738	0.299984	0.104288	-0.00728352	0.0394714	-0.0172453	0.0447244	0.00833716	-0.0414065	0.00603294	-0.0382557	-0.147097	-0.143914	0	0	0.217275	-0.123273	-0.0833924	0.000795161	0.0168513	0	0	0	0	0	0.209896	0.0578655	0	0	0	0.123687	0.0107245	-0.135476	0.238147	1.28728	599.105	0.962183	0.597143	1.69976	84.1763	1.29836	2.03939	0.864713	1.19025	62.1198	88.7772	0.263138	2.42015	23.732	2.20021	92.6823	35.0992	85.8242	0.61643	0.391342	0	0	52.1767	0	0	0.665731	0	0.0302117	0.853385	0.187297	1.04589	0.495015	1.10347	0.191304	0.948572	0.0473229	0.918972	0.0521214	0.755333	0.0842252	0.605878	1.00725	0.779971	0.897552	0.0703735	0.777978	-0.225521	-0.960819	-7.32573	0.0189548	1.00742	0.879408	1.06556	0.894271	0.00543898	0.87714	0.711563	0.980194	1.86201e-19	1.01974	0.144473	0	76.0023	10.7678	0	-0.109439	1.63472	-2.94953	0.232166	0.623936	-0	169.691	456.037	-0	41.6909	-15.5131	336.718	0.738356	-2.62317e-15	-0.09142	-0	-0	-0	-0	-0	-0	0	0	0	0	0	0	0.0624344	0.0884544	0.0860084	0.220155	0.0677002	-0.0780562	-0.0248231	0.120745	0.278915	-0.480816
0.76	-0.235183	0.780193	0.926775	0.557865	-0.976187	-0.127363	0.152114	-0.0563609	0.0432813	-0.948549	0.748723	0.0294662	4.01941	-0.65156	2.66874	-0.160622	0.696974	-1.13345	0.0107986	0.0896254	0.0100113	0.106173	0.0233422	0.139232	0.251579	0.092235	0.0125172	0.0797492	0.0125083	0.100398	0.0292876	0.0395315	0.0246747	0.0414074	0.376224	0.0638106	0.429552	0.0874045	0.0113494	0.134302	0.0108381	0.121588	0.217694	0.107568	0.0306828	0.0587909	0.275759	0.0595796	0.521918	0.0562439	0.374627	0.0454896	0.0189426	0.0588711	-0.078061	0.01	0.918293	2.43214	0.00493352	0.0368575	0.00109649	0.01	0.962581	-0.210695	0.00191927	0.00668455	0.0261941	0.0261941	0.887393	1.01063	0.00465331	0.0337328	0.0748999	0.0748999	0.865244	-1.42464	0.0105366	0.107202	-0.132068	0.01	1.05071	-1.35474	-0.00165369	0	0	0.01	1.01106	0.292319	0.00307714	0.0170788	-0.108082	0.01	0.775127	2.05653	0.00615286	0.050869	-0.096042	0.01	0.941076	2.28704	0.00579716	0.0467161	0.322257	0.322257	0.93427	-1.43757	0.0154776	0.182198	0.437419	0.437419	0.895538	-0.164198	0.0249577	0.364835	0.0116119	0.0116119	1.2176	0.155565	0.00767134	0.0692051	-0.0617724	0.01	0.774941	-0.0502537	0.00201295	0.0074201	0.228234	0.228234	1.00908	0.0613307	0.017685	0.218162	-0.0572183	0.01	0.774584	-0.381553	0.00303317	0.016645	0.0952248	0.0952248	0.599995	-0.30441	0.0101781	0.102153	0.533209	0.533209	1.10282	-0.121345	0.0299578	0.478397	0.327038	0.327038	1.03385	-1.10745	0.0161725	0.193153	-0.34181	0.01	0.861949	0.841538	0.00422988	0.0290897	0	0	0	0	0	0	0	0	0	0	0	0	0	0	0	0	0	0	0.780193	0.926775	0	0.748723	0.0294662	0	0.711439	0.94325	0	0.76435	0.0946825	0	0	0	-0.235183	0	0	-0.948549	0.696036	0.878969	0.0835	0.703377	0.109293	0	0.749945	0.717743	0.0835	1.19848	0.274839	0	0	0	0.322682	0	0	3.07086	0.821612	0.503408	0.0835	1.85667	0.494918	0	0.708103	0.355176	0.0835	2.21529	0.220307	0	0	0	-0.653505	0	0	2.4193	0.496014	0.166538	0.09142	2.65957	-0.464054	0	0.588161	0.117457	0.09142	2.90929	0.00479441	0	0	0	-0.780868	0	0	5.08804	0.696036	0.878969	-0.0835	0.703377	0.109293	0	0.681931	0.709556	-0.0835	0.515468	0.124938	0	0	0	-0.0830692	0	0	-1.10917	0.663179	0.484335	-0.0835	0.26566	0.145737	0	0.637231	0.299447	-0.0835	0.189449	0.156433	0	0	0	-0.13943	0	0	-0.412198	0.550846	0.0214336	-0.09142	0.032831	0.251628	0	0.653264	0.0416949	-0.09142	0.0641479	0.0933263	0	0	0	-0.0961488	0	0	-1.54564	0.701256	1.0295	0	0.84616	0.104341	0	0.746649	1.34768	0	1.14797	0.0612843	0	0	0	-0.235183	0	0	-0.948549	1.24168e-16	0.385613	0.300357	0.734119	2.54406	4.12937	3.14785	0.32644	1	3	-0.0546743	-0.0628058	-0.13396	-0.153884	0.17502	0.0196836	0.166752	0.18805	0.171505	0.388867	-0.00459828	-0.197269	-0.00202218	-0.332624	-0.0277635	-0.0271627	0.29345	0.101523	0.00150264	0.045652	-0.0128226	0.0448387	0.00768412	-0.0478901	0.0058442	-0.0383536	-0.143197	-0.140098	0	0	0.204024	-0.132068	-0.078061	0.00109649	0.0261941	0	0	0	0	0	0.228234	0.056128	0	0	0	0.121835	0.0116119	-0.138787	0.238147	1.28728	533.219	0.972261	0.53285	2.73533	69.3638	1.19987	1.99001	0.817184	1.13241	59.0691	83.1325	0.283186	1.22179	26.2571	1.52208	48.753	43.1943	77.9092	0.590773	0.374565	0	0	23.5083	0	0	0.717574	0	0.0290897	0.861949	0.193153	1.03385	0.478397	1.10282	0.182198	0.93427	0.0467161	0.941076	0.050869	0.775127	0.102153	0.599995	1.00908	0.774584	0.895538	0.0692051	0.774941	-0.235183	-0.948549	6.9527	0.0170788	1.01106	0.865244	1.05071	0.918293	0.00668455	0.887393	0.721835	0.981471	1.86201e-19	1.0315	0.11339	0	76.8789	8.45115	0	-0.12608	1.48275	-1.98657	0.0559191	0.715392	-0	40.8714	522.882	-0	47.8019	-3.73647	385.3	0.736877	-2.61791e-15	-0.09142	-0	-0	-0	-0	-0	-0	0	0	0	0	0	0	0.0290877	0.0661371	0.0978415	0.217742	0.0770145	-0.0887953	-0.0245511	0.137357	0.275858	-0.54234
0.77	-0.244234	0.78781	0.926958	0.596553	-0.980405	-0.101516	0.150449	-0.0505678	0.0338239	-0.860387	0.775825	0.00860321	3.71637	-0.204983	2.49452	-0.205746	0.517572	-0.789754	0.0107017	0.0919829	0.01001	0.10601	0.0325411	0.140718	0.208794	0.0907598	0.0122103	0.0788015	0.0122025	0.100606	0.026836	0.0406089	0.0228303	0.042414	0.361245	0.0628277	0.435979	0.0872682	0.01195	0.134443	0.0107364	0.121513	0.230358	0.107586	0.028045	0.0585769	0.232774	0.059399	0.531283	0.0561599	0.359719	0.0450458	0.0178345	0.0593789	-0.0726053	0.01	0.942448	2.38593	0.00490811	0.0365726	0.00131705	0.01	0.96111	-0.076878	0.00216004	0.00862278	0.0356436	0.0356436	0.896863	0.913199	0.00545049	0.0427196	0.00668175	0.01	0.851405	-1.32876	0.00923486	0.0892923	-0.140827	0.01	1.03823	-1.13981	-0.0043014	0	0	0.01	1.01315	0.116665	0.00278768	0.014267	-0.0956062	0.01	0.796253	2.13941	0.00606487	0.0498368	-0.0779942	0.01	0.963954	2.2407	0.00563647	0.0448572	0.312204	0.312204	0.919879	-1.43375	0.0148447	0.172357	0.440879	0.440879	0.894142	-0.117757	0.0256227	0.37947	0.0120317	0.0120317	1.21888	0.113684	0.00772148	0.0698286	-0.0555143	0.01	0.774459	-0.0585553	0.0019897	0.00723521	0.236807	0.236807	1.00925	-0.000803713	0.0179812	0.223321	-0.0686394	0.01	0.771764	-0.189874	0.00323217	0.0186258	0.0480542	0.0480542	0.598177	-0.0950553	0.00979118	0.0968042	0.540669	0.540669	1.10117	-0.204135	0.0294437	0.466275	0.304125	0.304125	1.02377	-0.898086	0.0166206	0.20036	-0.323257	0.01	0.869383	0.63103	0.0039047	0.0255969	0	0	0	0	0	0	0	0	0	0	0	0	0	0	0	0	0	0	0.78781	0.926958	0	0.775825	0.00860321	0	0.719208	0.944054	0	0.790535	0.0676273	0	0	0	-0.244234	0	0	-0.860387	0.703224	0.879916	0.0835	0.735351	0.0813796	0	0.761887	0.720358	0.0835	1.19105	0.24892	0	0	0	0.352319	0	0	2.85599	0.839874	0.50824	0.0835	1.79685	0.47165	0	0.73017	0.357171	0.0835	2.19734	0.180823	0	0	0	-0.628086	0	0	2.651	0.522889	0.161542	0.09142	2.71286	-0.52912	0	0.61743	0.117247	0.09142	2.94078	-0.0426565	0	0	0	-0.729603	0	0	5.14552	0.703224	0.879916	-0.0835	0.735351	0.0813796	0	0.687304	0.710663	-0.0835	0.554905	0.0983526	0	0	0	-0.0937852	0	0	-1.06613	0.66614	0.485656	-0.0835	0.315017	0.120917	0	0.639282	0.300898	-0.0835	0.213666	0.135649	0	0	0	-0.144353	0	0	-0.548561	0.551183	0.0238138	-0.09142	0.0329895	0.225913	0	0.653882	0.0426003	-0.09142	0.0581317	0.0884693	0	0	0	-0.110529	0	0	-1.33831	0.709806	1.03039	0	0.864817	0.0757166	0	0.758077	1.34815	0	1.13821	0.0341852	0	0	0	-0.244234	0	0	-0.860387	0	0.366974	0.289036	0.702111	2.62164	4.12745	3.14996	0.343059	1	3	-0.0617079	-0.0708855	-0.112532	-0.129268	0.184448	0.0196464	0.157802	0.174035	0.171666	0.396115	-0.00393305	-0.182566	-0.00202907	-0.338823	-0.027711	-0.0271113	0.284835	0.0973719	0.0170135	0.0423342	-0.005248	0.0440116	0.00653125	-0.0444096	0.00552094	-0.037646	-0.137342	-0.13437	0	0	0.190405	-0.140827	-0.0726053	0.00131705	0.0356436	0	0	0	0	0	0.236807	0.0545721	0	0	0	0.119957	0.0120317	-0.141703	0.238147	1.28728	487.215	0.982895	0.414052	3.85783	52.747	1.10471	1.95019	0.776657	1.08258	55.8886	79.0835	0.295385	1.23964	27.9084	1.05045	27.761	49.2277	68.7339	0.567904	0.36056	0	0	19.0327	0	0	0.730315	0	0.0255969	0.869383	0.20036	1.02377	0.466275	1.10117	0.172357	0.919879	0.0448572	0.963954	0.0498368	0.796253	0.0968042	0.598177	1.00925	0.771764	0.894142	0.0698286	0.774459	-0.244234	-0.860387	10.0471	0.014267	1.01315	0.851405	1.03823	0.942448	0.00862278	0.896863	0.732174	0.982461	-3.72401e-19	1.03588	0.0862393	0	77.2058	6.42754	0	-0.115941	1.43758	-1.61188	0.0419682	0.729108	-0	30.6747	532.908	-0	48.7184	-2.80428	392.777	0.737045	-2.61851e-15	-0.09142	-0	-0	-0	-0	-0	-0	0	0	0	0	0	0	-0.00482366	0.0528778	0.109496	0.211426	0.0861885	-0.0993726	-0.0238389	0.153719	0.267856	-0.605299
0.78	-0.252299	0.795745	0.926946	0.63186	-0.980041	-0.07676	0.147728	-0.0457588	0.0272415	-0.755931	0.810262	-0.00980322	3.35518	0.258443	2.47211	-0.334776	0.449429	-0.552863	0.0106165	0.0942722	0.0100088	0.106001	0.0416007	0.142045	0.173175	0.0893943	0.0119411	0.078003	0.0119342	0.100633	0.0247089	0.041711	0.0212252	0.0433831	0.348313	0.0618547	0.439367	0.0871632	0.0118902	0.134561	0.010647	0.121392	0.235864	0.107602	0.0257584	0.0584827	0.199428	0.0593268	0.538239	0.0560439	0.342894	0.044695	0.0168665	0.0597484	-0.0666961	0.01	0.965903	2.29743	0.00483282	0.0357301	0.00141033	0.01	0.96102	0.0633705	0.00239733	0.0106697	0.0447171	0.0447171	0.905323	0.807926	0.00620278	0.0514562	-0.0705798	0.01	0.838596	-1.22785	0.00810143	0.0745941	-0.148592	0.01	1.02771	-0.963643	-0.007445	0	0	0.01	1.01342	-0.0686215	0.00244214	0.0110692	-0.0873207	0.01	0.817863	2.20035	0.00597721	0.0488117	-0.0622938	0.01	0.98598	2.18102	0.00546169	0.0428479	0.299459	0.299459	0.905632	-1.41669	0.0143398	0.164538	0.44206	0.44206	0.893065	-0.101973	0.0258887	0.385361	0.0113166	0.0113166	1.21995	0.0995197	0.00774919	0.0701736	-0.0470062	0.01	0.773692	-0.0965806	0.00191866	0.00667981	0.238376	0.238376	1.0094	0.0402926	0.0185639	0.23375	-0.0787406	0.01	0.770523	-0.0579804	0.00332123	0.0195259	0.0564943	0.0564943	0.59745	-0.0614475	0.00884177	0.0841071	0.544926	0.544926	1.0989	-0.246269	0.029277	0.46237	0.278775	0.278775	1.0158	-0.691426	0.0171233	0.208632	-0.299805	0.01	0.874794	0.454144	0.00360881	0.0224831	0	0	0	0	0	0	0	0	0	0	0	0	0	0	0	0	0	0	0.795745	0.926946	0	0.810262	-0.00980322	0	0.727283	0.944595	0	0.823603	0.0419491	0	0	0	-0.252299	0	0	-0.755931	0.710783	0.880588	0.0835	0.775218	0.0544224	0	0.77377	0.722687	0.0835	1.18564	0.218142	0	0	0	0.379561	0	0	2.59925	0.857506	0.512772	0.0835	1.73126	0.435792	0	0.752013	0.358733	0.0835	2.17146	0.134327	0	0	0	-0.60048	0	0	2.85769	0.550245	0.155864	0.09142	2.75646	-0.601207	0	0.646975	0.116579	0.09142	2.96584	-0.0856562	0	0	0	-0.67724	0	0	5.3298	0.710783	0.880588	-0.0835	0.775218	0.0544224	0	0.693038	0.711516	-0.0835	0.590811	0.0737766	0	0	0	-0.10457	0	0	-1.09071	0.669448	0.486751	-0.0835	0.345657	0.0995063	0	0.641487	0.302157	-0.0835	0.227281	0.117437	0	0	0	-0.150329	0	0	-0.641278	0.551498	0.0259558	-0.09142	0.0304528	0.204752	0	0.654425	0.0434511	-0.09142	0.0513447	0.0818426	0	0	0	-0.123088	0	0	-1.19414	0.718578	1.031	0	0.888922	0.0485298	0	0.76941	1.34836	0	1.12882	0.0101046	0	0	0	-0.252299	0	0	-0.755931	4.86072e-17	0.349238	0.27054	0.671627	2.68188	4.07264	3.18484	0.356017	1	3	-0.0690414	-0.0793097	-0.0910329	-0.104572	0.194866	0.0197553	0.147753	0.158886	0.171736	0.400451	-0.00318618	-0.166675	-0.00203207	-0.342533	-0.0278647	-0.0272617	0.275043	0.0970476	0.0311919	0.0433988	0.00243827	0.0441633	0.00547742	-0.0455264	0.00519292	-0.0377758	-0.136885	-0.133922	0	0	0.176405	-0.148592	-0.0666961	0.00141033	0.0447171	0	0	0	0	0	0.238376	0.0536859	0	0	0	0.118458	0.0113166	-0.142022	0.238147	1.28728	461.386	0.99349	0.333781	4.99346	41.4263	1.01796	2.36085	0.741581	1.03844	52.794	77.7333	0.285107	1.34572	28.4105	0.70193	22.8877	52.4629	58.7694	0.547112	0.349693	0	0	17.6316	0	0	0.742154	0	0.0224831	0.874794	0.208632	1.0158	0.46237	1.0989	0.164538	0.905632	0.0428479	0.98598	0.0488117	0.817863	0.0841071	0.59745	1.0094	0.770523	0.893065	0.0701736	0.773692	-0.252299	-0.755931	10.6982	0.0110692	1.01342	0.838596	1.02771	0.965903	0.0106697	0.905323	0.742556	0.983186	-3.72401e-19	1.0403	0.060161	0	77.5349	4.48388	0	-0.0982115	1.39691	-1.28828	0.0485368	0.740566	-0	35.4757	541.282	-0	49.484	-3.24319	399.103	0.737329	-2.61952e-15	-0.09142	-0	-0	-0	-0	-0	-0	0	0	0	0	0	0	-0.0232861	0.0797804	0.12071	0.202892	0.0950154	-0.10955	-0.0228767	0.169462	0.257044	-0.673492
0.79	-0.259299	0.804036	0.926761	0.663435	-0.975045	-0.0524023	0.143692	-0.0415971	0.0226415	-0.648425	0.846617	-0.0262582	2.97325	0.720642	2.3896	-0.467093	0.386248	-0.382219	0.0105417	0.0964647	0.0100077	0.106146	0.0499449	0.143212	0.145549	0.088143	0.0117048	0.0773181	0.0116988	0.100476	0.0228604	0.0428548	0.0198266	0.0443333	0.335031	0.0608929	0.440768	0.0870606	0.0118202	0.134663	0.0105685	0.121211	0.237652	0.107677	0.0237729	0.0584803	0.173919	0.0592685	0.547218	0.0559113	0.328198	0.044428	0.0160202	0.0600151	-0.0607542	0.01	0.988368	2.18979	0.00473137	0.0345994	0.001823	0.01	0.962339	0.203854	0.00261604	0.0126543	0.0529218	0.0529218	0.912759	0.703263	0.00686439	0.0593351	-0.150281	0.01	0.826858	-1.11342	0.007241	0.0639043	-0.155126	0.01	1.01868	-0.847957	-0.0109161	0	0	0.01	1.01184	-0.253959	0.00206701	0.00785564	-0.0736629	0.01	0.840291	2.28114	0.00592596	0.0482138	-0.0418714	0.01	1.00757	2.12179	0.00530227	0.0410266	0.287154	0.287154	0.89155	-1.3983	0.0138331	0.156698	0.441465	0.441465	0.892014	-0.111991	0.0258312	0.384084	0.0113426	0.0113426	1.22088	0.0853095	0.00777007	0.0704339	-0.0388601	0.01	0.772534	-0.135957	0.00184438	0.00611524	0.238443	0.238443	1.0101	0.10311	0.0190749	0.243193	-0.087771	0.01	0.770491	0.05414	0.00337859	0.0201097	0.0546735	0.0546735	0.596863	-0.0556823	0.0079907	0.0731976	0.558659	0.558659	1.0963	-0.273692	0.0293384	0.463808	0.281287	0.281287	1.00973	-0.526497	0.0175748	0.216266	-0.307123	0.01	0.878698	0.328282	0.00336619	0.0199833	0	0	0	0	0	0	0	0	0	0	0	0	0	0	0	0	0	0	0.804036	0.926761	0	0.846617	-0.0262582	0	0.735699	0.944889	0	0.858371	0.0180529	0	0	0	-0.259299	0	0	-0.648425	0.718751	0.880998	0.0835	0.816943	0.0290425	0	0.785599	0.724693	0.0835	1.18033	0.184453	0	0	0	0.404136	0	0	2.32483	0.874468	0.516899	0.0835	1.66341	0.391058	0	0.773576	0.359808	0.0835	2.14183	0.0837937	0	0	0	-0.570909	0	0	3.04547	0.578011	0.1495	0.09142	2.79568	-0.664933	0	0.676718	0.115486	0.09142	2.98055	-0.128455	0	0	0	-0.623311	0	0	5.43507	0.718751	0.880998	-0.0835	0.816943	0.0290425	0	0.699142	0.712133	-0.0835	0.628571	0.0509172	0	0	0	-0.115607	0	0	-1.11552	0.673073	0.487642	-0.0835	0.378147	0.0799975	0	0.643844	0.303244	-0.0835	0.243671	0.101313	0	0	0	-0.157204	0	0	-0.729269	0.551796	0.0279159	-0.09142	0.029495	0.189064	0	0.654917	0.0442291	-0.09142	0.0476269	0.0744467	0	0	0	-0.134562	0	0	-1.11149	0.727599	1.03136	0	0.914439	0.0233053	0	0.780651	1.34835	0	1.11999	-0.0110948	0	0	0	-0.259299	0	0	-0.648425	7.83767e-17	0.338312	0.252296	0.644011	2.7166	4.02261	3.23752	0.368996	1	3	-0.0767729	-0.088191	-0.0696196	-0.0799739	0.203622	0.0146646	0.137375	0.164596	0.171703	0.407192	-0.0024148	-0.172666	-0.00203064	-0.348299	-0.0206843	-0.0202367	0.26553	0.0928579	0.0475164	0.0415873	0.0116034	0.0428743	0.00426408	-0.043626	0.00480179	-0.0366733	-0.130975	-0.128141	0	0	0.163242	-0.155126	-0.0607542	0.001823	0.0529218	0	0	0	0	0	0.238443	0.0532222	0	0	0	0.117418	0.0113426	-0.14231	0.238147	1.28728	445.343	1.00383	0.33405	6.06747	32.7546	0.954279	3.29265	0.71148	0.981966	49.7324	78.9763	0.284068	1.44723	28.5396	0.532733	19.7635	55.4787	51.4175	0.52838	0.344387	0	0	16.2985	0	0	0.758414	0	0.0199833	0.878698	0.216266	1.00973	0.463808	1.0963	0.156698	0.89155	0.0410266	1.00757	0.0482138	0.840291	0.0731976	0.596863	1.0101	0.770491	0.892014	0.0704339	0.772534	-0.259299	-0.648425	10.7575	0.00785564	1.01184	0.826858	1.01868	0.988368	0.0126543	0.912759	0.752984	0.983656	1.86201e-19	1.04531	0.0354322	0	77.9083	2.64081	0	-0.0751027	1.35131	-0.976585	0.0534299	0.75653	-0	39.0521	552.95	-0	50.5507	-3.57014	407.835	0.737562	-2.62034e-15	-0.09142	-0	-0	-0	-0	-0	-0	0	0	0	0	0	0	-0.0289873	0.0836608	0.131426	0.192621	0.10345	-0.119275	-0.0217186	0.184506	0.244032	-0.742061
0.8	-0.265228	0.812694	0.926421	0.691139	-0.965479	-0.0290583	0.138333	-0.0380381	0.0195365	-0.541881	0.883646	-0.0407656	2.58194	1.17334	2.26763	-0.599445	0.32862	-0.248376	0.0104761	0.0985463	0.0100068	0.106446	0.0574249	0.14422	0.123665	0.0870223	0.0114975	0.0766985	0.0114922	0.100134	0.0212519	0.0440318	0.0186067	0.0452303	0.322394	0.059948	0.446028	0.0869345	0.0117696	0.13475	0.0104996	0.120967	0.238637	0.107817	0.0220464	0.0585605	0.152292	0.0592185	0.548667	0.055773	0.317513	0.0442237	0.01528	0.060206	-0.0549843	0.01	1.0097	2.06648	0.00462211	0.0333873	0.00230568	0.01	0.96506	0.342594	0.00280681	0.0144493	0.0601835	0.0601835	0.919187	0.601355	0.00742301	0.0661356	-0.206903	0.01	0.816344	-0.983382	0.00660579	0.0562335	-0.160631	0.01	1.01052	-0.790829	-0.0145343	0	0	0.01	1.0084	-0.437424	0.00166288	0.00481233	-0.0594909	0.01	0.863368	2.33115	0.00586385	0.0474906	-0.0205203	0.01	1.02796	1.9295	0.00520448	0.0399149	0.273321	0.273321	0.877715	-1.3636	0.0134199	0.150316	0.457007	0.457007	0.890722	-0.161996	0.0255381	0.377601	0.0114223	0.0114223	1.22167	0.0723824	0.00778781	0.0706552	-0.0312973	0.01	0.77098	-0.175516	0.00176841	0.00555602	0.23931	0.23931	1.01141	0.160229	0.0194764	0.250798	-0.0979298	0.01	0.771548	0.160407	0.00342633	0.020598	0.0437229	0.0437229	0.59636	-0.0445298	0.00726869	0.0642427	0.545443	0.545443	1.09359	-0.262134	0.0295481	0.468725	0.278681	0.278681	1.00508	-0.401526	0.01799	0.223475	-0.295158	0.01	0.881493	0.231108	0.00315611	0.0178636	0	0	0	0	0	0	0	0	0	0	0	0	0	0	0	0	0	0	0.812694	0.926421	0	0.883646	-0.0407656	0	0.744466	0.944954	0	0.893688	-0.00379423	0	0	0	-0.265228	0	0	-0.541881	0.72714	0.881165	0.0835	0.859123	0.00559479	0	0.797375	0.726352	0.0835	1.17495	0.14888	0	0	0	0.425911	0	0	2.04006	0.890748	0.520543	0.0835	1.59481	0.339364	0	0.794828	0.360367	0.0835	2.10952	0.0311359	0	0	0	-0.539567	0	0	3.21339	0.606144	0.142545	0.09142	2.83008	-0.719592	0	0.706562	0.113977	0.09142	2.98666	-0.169196	0	0	0	-0.568626	0	0	5.48103	0.72714	0.881165	-0.0835	0.859123	0.00559479	0	0.705625	0.712532	-0.0835	0.666657	0.0301496	0	0	0	-0.126895	0	0	-1.14133	0.677024	0.488349	-0.0835	0.410791	0.0627931	0	0.646371	0.304183	-0.0835	0.261118	0.0877054	0	0	0	-0.164933	0	0	-0.812705	0.552091	0.0297431	-0.09142	0.0295255	0.177822	0	0.655382	0.0449381	-0.09142	0.0456486	0.0682216	0	0	0	-0.145397	0	0	-1.06108	0.736879	1.03147	0	0.940569	0.000317271	0	0.791809	1.34814	0	1.11217	-0.0294484	0	0	0	-0.265228	0	0	-0.541881	4.34756e-17	0.33142	0.23418	0.622351	2.72977	3.979	3.3019	0.381667	1	3	-0.0848871	-0.0975121	-0.0484064	-0.0556057	0.209192	0.01412	0.128855	0.169743	0.171406	0.393523	-0.00178154	-0.178064	-0.00201796	-0.336606	-0.0199161	-0.0194851	0.256228	0.0884382	0.0631667	0.041054	0.0207065	0.0418442	0.00310084	-0.0430666	0.0044133	-0.0357921	-0.124741	-0.122042	0	0	0.151101	-0.160631	-0.0549843	0.00230568	0.0601835	0	0	0	0	0	0.23931	0.053018	0	0	0	0.116616	0.0114223	-0.142781	0.238147	1.28728	434.423	0.994545	0.334632	7.05385	25.9142	0.91749	3.92079	0.685621	0.903858	46.6079	86.8631	0.28402	1.54071	28.6343	0.502627	16.3108	54.468	45.4323	0.511622	0.338661	0	0	15.0554	0	0	0.777659	0	0.0178636	0.881493	0.223475	1.00508	0.468725	1.09359	0.150316	0.877715	0.0399149	1.02796	0.0474906	0.863368	0.0642427	0.59636	1.01141	0.771548	0.890722	0.0706552	0.77098	-0.265228	-0.541881	10.5031	0.00481233	1.0084	0.816344	1.01052	1.0097	0.0144493	0.919187	0.763465	0.983889	1.86201e-19	1.05071	0.0124338	0	78.3109	0.926711	0	-0.0475702	1.30308	-0.694742	0.0567237	0.775588	-0	41.4595	566.88	-0	51.8241	-3.79023	418.22	0.737759	-2.62105e-15	-0.09142	-0	-0	-0	-0	-0	-0	0	0	0	0	0	0	-0.0308152	0.0745381	0.141632	0.198759	0.111484	-0.128537	-0.0224106	0.198834	0.251808	-0.808645
0.81	-0.270103	0.821724	0.925947	0.714909	-0.951437	-0.00759762	0.131654	-0.0350296	0.017653	-0.438031	0.920804	-0.053275	2.1879	1.6139	2.029	-0.730828	0.276493	-0.136319	0.0104183	0.100471	0.0100059	0.106898	0.0640667	0.145075	0.106019	0.0860459	0.0113154	0.0761062	0.0113108	0.099614	0.0198497	0.0452194	0.0175413	0.0460312	0.309541	0.0590402	0.46817	0.0867191	0.0117316	0.134823	0.010439	0.120661	0.240289	0.108012	0.0205423	0.0587205	0.133139	0.059181	0.545874	0.055647	0.309309	0.0440694	0.0146318	0.0603364	-0.0494583	0.01	1.02942	1.86927	0.00464166	0.0336038	0.00279832	0.01	0.969157	0.477799	0.00297358	0.0160607	0.0665203	0.0665203	0.924632	0.503598	0.00788054	0.0718145	-0.239228	0.01	0.807185	-0.84377	0.00613875	0.0507033	-0.165353	0.01	1.00272	-0.772882	-0.0181638	0	0	0.01	1.00316	-0.612215	0.00121122	0.0021547	-0.0440328	0.01	0.886654	2.31277	0.00575459	0.0462225	0.000781869	0.01	1.04616	1.70969	0.00521206	0.0400009	0.260006	0.260006	0.864424	-1.28439	0.0131837	0.146678	0.488479	0.488479	0.888516	-0.277783	0.0252284	0.370778	0.0114693	0.0114693	1.22233	0.060753	0.00780245	0.0708379	-0.0228153	0.01	0.769031	-0.214896	0.00169098	0.00500641	0.24153	0.24153	1.01325	0.207571	0.0198295	0.257609	-0.110806	0.01	0.773657	0.264236	0.00346384	0.0209832	0.0326676	0.0326676	0.595982	-0.0316265	0.00662254	0.0564336	0.537053	0.537053	1.09112	-0.229469	0.0298318	0.475414	0.280266	0.280266	1.00158	-0.298685	0.0183809	0.230434	-0.28957	0.01	0.883403	0.15044	0.00296723	0.0159986	0	0	0	0	0	0	0	0	0	0	0	0	0	0	0	0	0	0	0.821724	0.925947	0	0.920804	-0.053275	0	0.753587	0.944812	0	0.929068	-0.023429	0	0	0	-0.270103	0	0	-0.438031	0.73595	0.881108	0.0835	0.901163	-0.0157032	0	0.809098	0.72765	0.0835	1.1697	0.112296	0	0	0	0.444805	0	0	1.74987	0.906342	0.523641	0.0835	1.52669	0.282461	0	0.815748	0.360394	0.0835	2.07581	-0.0222748	0	0	0	-0.506632	0	0	3.36377	0.634594	0.13512	0.09142	2.85902	-0.759659	0	0.736417	0.112053	0.09142	2.98341	-0.210549	0	0	0	-0.514229	0	0	5.39278	0.73595	0.881108	-0.0835	0.901163	-0.0157032	0	0.712489	0.712735	-0.0835	0.704359	0.0117196	0	0	0	-0.138449	0	0	-1.16886	0.681299	0.488897	-0.0835	0.442724	0.0481759	0	0.649073	0.305	-0.0835	0.27862	0.0769335	0	0	0	-0.173479	0	0	-0.892367	0.552387	0.0314787	-0.09142	0.0299215	0.170668	0	0.655832	0.0455957	-0.09142	0.0444434	0.064256	0	0	0	-0.155826	0	0	-1.02869	0.746422	1.03136	0	0.966979	-0.0202903	0	0.802896	1.34776	0	1.10557	-0.0450275	0	0	0	-0.270103	0	0	-0.438031	5.83286e-17	0.331581	0.220285	0.609726	2.74	3.94693	3.37157	0.393757	1	3	-0.0933754	-0.107263	-0.0274894	-0.0315778	0.214026	0.0124246	0.121715	0.176076	0.170648	0.383551	-0.00125083	-0.184708	-0.00198562	-0.328077	-0.0175248	-0.0171455	0.246868	0.0836614	0.0793649	0.0394204	0.0304219	0.0409951	0.00189688	-0.0413529	0.00399869	-0.0350658	-0.118003	-0.11545	0	0	0.140092	-0.165353	-0.0494583	0.00279832	0.0665203	0	0	0	0	0	0.24153	0.0530129	0	0	0	0.115834	0.0114693	-0.143444	0.238147	1.28728	435.353	0.964984	0.33552	7.94535	20.4439	0.900427	4.30572	0.66322	0.838458	43.0705	105.727	0.283788	1.62552	28.8565	0.476971	13.2415	52.1302	40.5042	0.496666	0.342246	0	0	13.9068	0	0	0.797734	0	0.0159986	0.883403	0.230434	1.00158	0.475414	1.09112	0.146678	0.864424	0.0400009	1.04616	0.0462225	0.886654	0.0564336	0.595982	1.01325	0.773657	0.888516	0.0708379	0.769031	-0.270103	-0.438031	10.3169	0.0021547	1.00316	0.807185	1.00272	1.02942	0.0160607	0.924632	0.774002	0.983901	1.86201e-19	1.05644	-0.00864348	0	78.7379	-0.644211	0	-0.0159988	1.25363	-0.450852	0.0604116	0.795443	-0	44.1551	581.392	-0	53.1509	-4.03666	429.036	0.737945	-2.62171e-15	-0.09142	-0	-0	-0	-0	-0	-0	0	0	0	0	0	0	-0.0319008	0.0645684	0.153251	0.219394	0.120629	-0.139082	-0.0247373	0.215145	0.277951	-0.872416
0.82	-0.273949	0.831128	0.925357	0.734706	-0.933071	0.0117062	0.123653	-0.0325059	0.0167809	-0.335363	0.958642	-0.0637903	1.78676	2.04017	1.82778	-0.864097	0.230782	-0.045969	0.0103676	0.102226	0.0100052	0.107497	0.0698017	0.145781	0.0916093	0.085222	0.0111556	0.0755227	0.0111515	0.0989349	0.0186268	0.0463899	0.0188013	0.0467253	0.297117	0.0581971	0.47846	0.0864128	0.0117032	0.134884	0.0103858	0.120293	0.243032	0.108254	0.0192311	0.0589578	0.116173	0.0591554	0.542856	0.0555391	0.303666	0.0439564	0.0140642	0.0604161	-0.0442119	0.01	1.04739	1.73253	0.00482679	0.0356627	0.00325275	0.01	0.974584	0.609551	0.00312462	0.0175498	0.0719419	0.0719419	0.929132	0.407567	0.00822404	0.0761481	-0.311623	0.01	0.799456	-0.69662	0.00580856	0.0468484	-0.169624	0.01	0.995029	-0.764501	-0.0217287	0	0	0.01	0.996323	-0.74603	0.000574608	0.000240282	-0.0297006	0.01	0.909605	2.28021	0.00564346	0.0449379	0.0199645	0.0199645	1.06194	1.39785	0.00532647	0.0413023	0.247935	0.247935	0.85208	-1.18026	0.0130672	0.144888	0.484592	0.484592	0.885377	-0.345185	0.0249159	0.363918	0.0115084	0.0115084	1.22289	0.0505817	0.00781456	0.0709892	-0.0145849	0.01	0.766685	-0.255136	0.00160974	0.00445352	0.244992	0.244992	1.01552	0.24907	0.0201912	0.264694	-0.119479	0.01	0.776782	0.363237	0.00348992	0.0212517	0.0236285	0.0236285	0.595724	-0.0205788	0.0060348	0.0494848	0.534882	0.534882	1.089	-0.19216	0.0301543	0.48307	0.284023	0.284023	0.999009	-0.214432	0.0187526	0.237205	-0.291977	0.01	0.884569	0.0826277	0.00279915	0.0143763	0	0	0	0	0	0	0	0	0	0	0	0	0	0	0	0	0	0	0.831128	0.925357	0	0.958642	-0.0637903	0	0.763065	0.944484	0	0.965056	-0.0409643	0	0	0	-0.273949	0	0	-0.335363	0.745182	0.880849	0.0835	0.943715	-0.0349672	0	0.820769	0.728577	0.0835	1.16472	0.0747385	0	0	0	0.460757	0	0	1.45139	0.921255	0.526146	0.0835	1.45853	0.220583	0	0.836316	0.359886	0.0835	2.03904	-0.0759858	0	0	0	-0.472313	0	0	3.49156	0.663293	0.127323	0.09142	2.88011	-0.794037	0	0.766206	0.109747	0.09142	2.9736	-0.246607	0	0	0	-0.460607	0	0	5.31934	0.745182	0.880849	-0.0835	0.943715	-0.0349672	0	0.719728	0.712766	-0.0835	0.742106	-0.00443598	0	0	0	-0.150295	0	0	-1.19946	0.685889	0.489313	-0.0835	0.474084	0.0361526	0	0.65195	0.305724	-0.0835	0.296245	0.0690288	0	0	0	-0.182801	0	0	-0.968678	0.55269	0.0331643	-0.09142	0.0306909	0.16771	0	0.656273	0.0462259	-0.09142	0.0439438	0.0626098	0	0	0	-0.16602	0	0	-1.01465	0.756232	1.03106	0	0.994091	-0.0386728	0	0.813922	1.34724	0	1.10013	-0.0580199	0	0	0	-0.273949	0	0	-0.335363	5.83286e-17	0.339245	0.215915	0.607178	2.75045	3.92229	3.4434	0.405378	1	3	-0.102229	-0.117433	-0.00695832	-0.0079932	0.217546	0.0109132	0.11607	0.183346	0.169602	0.380339	-0.000831279	-0.192334	-0.001941	-0.32533	-0.0153929	-0.0150598	0.237602	0.0798658	0.0949596	0.0376546	0.0403596	0.0401518	0.000737787	-0.0395006	0.00357458	-0.0343445	-0.11265	-0.110212	0	0	0.130365	-0.169624	-0.0442119	0.00325275	0.0719419	0	0	0	0	0	0.244992	0.0531866	0	0	0	0.114871	0.0115084	-0.144302	0.238147	1.28728	427.755	0.938402	0.336705	8.72821	15.9896	0.88562	4.46661	0.643619	1.08436	39.4636	113.619	0.283635	1.70425	29.2372	0.455114	10.7545	49.7077	36.431	0.48334	0.3408	0	0	12.8865	0	0	0.817674	0	0.0143763	0.884569	0.237205	0.999009	0.48307	1.089	0.144888	0.85208	0.0413023	1.06194	0.0449379	0.909605	0.0494848	0.595724	1.01552	0.776782	0.885377	0.0709892	0.766685	-0.273949	-0.335363	10.1645	0.000240282	0.996323	0.799456	0.995029	1.04739	0.0175498	0.929132	0.784598	0.983713	1.86201e-19	1.06259	-0.0277832	0	79.1962	-2.07072	0	0.0187366	1.20254	-0.241782	0.0654826	0.815047	-0	47.8615	595.721	-0	54.4608	-4.3755	439.72	0.738132	-2.62237e-15	-0.09142	-0	-0	-0	-0	-0	-0	0	0	0	0	0	0	-0.0328613	0.0564898	0.164797	0.204924	0.129717	-0.14956	-0.0231058	0.231354	0.259619	-0.93296
0.83	-0.276786	0.84091	0.924675	0.750517	-0.910491	0.0267677	0.114342	-0.0304247	0.0166792	-0.235892	0.996354	-0.0720619	1.38869	2.46402	1.07185	-0.992972	0.186851	0.0185148	0.0103231	0.103863	0.0100046	0.108238	0.0746235	0.146343	0.0797168	0.0845571	0.0110153	0.0749452	0.0110117	0.0981825	0.0175596	0.0475174	0.0333906	0.0471291	0.284905	0.0574444	0.477625	0.0860576	0.0116824	0.134935	0.010339	0.119863	0.246816	0.108539	0.0180874	0.0592678	0.10115	0.05914	0.540907	0.05545	0.300126	0.0438772	0.0135672	0.0604541	-0.0393604	0.01	1.06417	1.62079	0.00501212	0.037741	0.00365892	0.01	0.981309	0.739294	0.00326625	0.0189693	0.0764898	0.0764898	0.932716	0.315906	0.00845206	0.0790603	-0.389627	0.01	0.793218	-0.546312	0.00558503	0.0442645	-0.173708	0.01	0.98742	-0.757175	-0.0252117	0	0	0.01	0.988746	-0.756991	-0.000930415	0	-0.0146273	0.01	0.931713	2.06266	0.00537365	0.0418407	0.0390206	0.0390206	1.07112	0.542723	0.0060255	0.049376	0.235494	0.235494	0.84106	-0.984281	0.0133652	0.149473	0.471026	0.471026	0.881738	-0.384262	0.0244744	0.354279	0.0115412	0.0115412	1.22335	0.0410144	0.00782347	0.0711006	-0.00738224	0.01	0.763943	-0.294048	0.00152811	0.00392421	0.249493	0.249493	1.01819	0.287872	0.0205817	0.272459	-0.126121	0.01	0.780867	0.455399	0.00350871	0.0214454	0.016004	0.016004	0.595569	-0.0102938	0.00550386	0.0433315	0.536543	0.536543	1.08725	-0.156876	0.0304895	0.491088	0.288146	0.288146	0.997209	-0.145869	0.0190985	0.243637	-0.29833	0.01	0.885125	0.02968	0.0026593	0.0130565	0	0	0	0	0	0	0	0	0	0	0	0	0	0	0	0	0	0	0.84091	0.924675	0	0.996354	-0.0720619	0	0.772901	0.943995	0	1.00091	-0.0560191	0	0	0	-0.276786	0	0	-0.235892	0.754838	0.880411	0.0835	0.985912	-0.0517582	0	0.832393	0.729132	0.0835	1.16031	0.0376482	0	0	0	0.473731	0	0	1.1528	0.935497	0.528021	0.0835	1.39215	0.156506	0	0.856522	0.358847	0.0835	2.00402	-0.129133	0	0	0	-0.43676	0	0	3.61682	0.692155	0.119353	0.09142	2.89063	-0.789483	0	0.795825	0.107007	0.09142	2.94852	-0.303406	0	0	0	-0.409992	0	0	4.68868	0.754838	0.880411	-0.0835	0.985912	-0.0517582	0	0.727344	0.712649	-0.0835	0.779755	-0.0179717	0	0	0	-0.162444	0	0	-1.22886	0.690793	0.489624	-0.0835	0.505688	0.0269446	0	0.655007	0.306386	-0.0835	0.314752	0.0642338	0	0	0	-0.192868	0	0	-1.04201	0.553004	0.0348447	-0.09142	0.0324088	0.169497	0	0.656715	0.0468523	-0.09142	0.0446986	0.0633493	0	0	0	-0.176189	0	0	-1.0235	0.766314	1.03059	0	1.02134	-0.0544653	0	0.8249	1.34661	0	1.09588	-0.0682854	0	0	0	-0.276786	0	0	-0.235892	0	0.349588	0.219357	0.648096	2.75207	3.89293	3.51472	0.417872	1	4	-0.111445	-0.12802	0.0131106	0.0150604	0.220085	0.00969979	0.111773	0.190054	0.168406	0.381522	-0.000511913	-0.199371	-0.00188996	-0.326341	-0.0136814	-0.0133854	0.228444	0.0760605	0.110249	0.0360541	0.0506735	0.03966	-0.000398626	-0.0378216	0.00313443	-0.0339239	-0.107283	-0.104961	0	0	0.122015	-0.173708	-0.0393604	0.00365892	0.0764898	0	0	0	0	0	0.249493	0.0535335	0	0	0	0.113228	0.0115412	-0.145353	0.238147	1.28728	415.779	0.913965	0.338178	9.39658	12.3137	0.870743	4.41448	0.626289	2.03824	34.8189	115.49	0.28355	1.77247	29.7603	0.436499	8.69339	47.5593	33.0384	0.471486	0.334428	0	0	11.8665	0	0	0.837002	0	0.0130565	0.885125	0.243637	0.997209	0.491088	1.08725	0.149473	0.84106	0.049376	1.07112	0.0418407	0.931713	0.0433315	0.595569	1.01819	0.780867	0.881738	0.0711006	0.763943	-0.276786	-0.235892	9.7369	0	0.988746	0.793218	0.98742	1.06417	0.0189693	0.932716	0.795257	0.983344	-3.72401e-19	1.06922	-0.0450181	0	79.6907	-3.35526	0	0.0585746	1.15035	-0.0662127	0.0702427	0.834049	-0	51.3406	609.61	-0	55.7305	-4.69356	450.08	0.738309	-2.623e-15	-0.09142	-0	-0	-0	-0	-0	-0	0	0	0	0	0	0	-0.0336315	0.0496355	0.175282	0.182516	0.13797	-0.159076	-0.0205792	0.246074	0.23123	-0.988946
0.84	-0.278646	0.851068	0.92392	0.762316	-0.883643	0.0336336	0.103764	-0.0287719	0.0170955	-0.139574	1.03427	-0.0784684	0.98008	2.89257	0.478869	-1.11852	0.145422	0.0600845	0.0102839	0.105393	0.010004	0.109125	0.0786435	0.146765	0.0698018	0.0840545	0.0108921	0.0743729	0.0108889	0.097434	0.0166269	0.0484561	0.0506023	0.0472386	0.272918	0.0568816	0.472587	0.0856638	0.0116677	0.134975	0.010298	0.119372	0.251594	0.108864	0.0170883	0.0596456	0.087818	0.059135	0.540574	0.0553775	0.298285	0.043825	0.0131315	0.0604611	-0.0349382	0.01	1.07985	1.51164	0.00518121	0.039651	0.00402848	0.01	0.989348	0.871256	0.00340533	0.0203829	0.0801828	0.0801828	0.935407	0.22567	0.00856124	0.0804651	-0.465128	0.01	0.788504	-0.390814	0.00545762	0.0428012	-0.17773	0.01	0.979881	-0.750675	-0.0286228	0	0	0.01	0.981208	-0.750523	-0.0039816	0	-0.000334611	0.01	0.95012	1.64131	0.00491071	0.0366017	0.0568466	0.0568466	1.0736	0.0713928	0.00667577	0.05707	0.223407	0.223407	0.832821	-0.66023	0.0144209	0.165794	0.453826	0.453826	0.877703	-0.424897	0.0238836	0.341475	0.0115685	0.0115685	1.22371	0.0319776	0.0078291	0.0711709	-0.00138051	0.01	0.760816	-0.332101	0.00144468	0.00341238	0.2549	0.2549	1.02123	0.324528	0.0210062	0.281019	-0.131249	0.01	0.785844	0.541481	0.00352567	0.0216207	0.00938738	0.01	0.595519	-0.000221493	0.00502464	0.0378819	0.540761	0.540761	1.08583	-0.127501	0.0308155	0.498957	0.292645	0.292645	0.996022	-0.0920326	0.0194076	0.249484	-0.307349	0.01	0.885228	-0.00773424	0.00255072	0.0120528	0	0	0	0	0	0	0	0	0	0	0	0	0	0	0	0	0	0	0.851068	0.92392	0	1.03427	-0.0784684	0	0.783095	0.943366	0	1.03699	-0.0689811	0	0	0	-0.278646	0	0	-0.139574	0.764914	0.879816	0.0835	1.02812	-0.0664435	0	0.843969	0.729316	0.0835	1.15461	2.93464e-06	0	0	0	0.48367	0	0	0.840506	0.949066	0.52924	0.0835	1.32278	0.0883377	0	0.876367	0.357275	0.0835	1.96473	-0.183056	0	0	0	-0.399973	0	0	3.73308	0.721067	0.111482	0.09142	2.89269	-0.791802	0	0.825177	0.103671	0.09142	2.92559	-0.353295	0	0	0	-0.366339	0	0	4.21194	0.764914	0.879816	-0.0835	1.02812	-0.0664435	0	0.735335	0.712409	-0.0835	0.817504	-0.0292308	0	0	0	-0.174882	0	0	-1.25809	0.696013	0.489856	-0.0835	0.537511	0.0202403	0	0.658253	0.307015	-0.0835	0.334069	0.0622548	0	0	0	-0.203654	0	0	-1.11267	0.553341	0.0365663	-0.09142	0.0350817	0.17564	0	0.65717	0.0474979	-0.09142	0.0465882	0.066351	0	0	0	-0.186559	0	0	-1.05259	0.776669	1.02997	0	1.04908	-0.0680843	0	0.835844	1.34588	0	1.09317	-0.0763435	0	0	0	-0.278646	0	0	-0.139574	1.94429e-17	0.350719	0.208168	0.693203	2.74521	3.85522	3.582	0.425538	1	4	-0.121013	-0.139011	0.0325765	0.0374215	0.221903	0.0086709	0.108485	0.19639	0.16716	0.385567	-0.000267541	-0.206017	-0.00183675	-0.329801	-0.0122302	-0.0119655	0.219446	0.0729629	0.124683	0.0350771	0.0612864	0.0390651	-0.00147144	-0.0367967	0.00268151	-0.033415	-0.102913	-0.100686	0	0	0.115116	-0.17773	-0.0349382	0.00402848	0.0801828	0	0	0	0	0	0.2549	0.0540476	0	0	0	0.110892	0.0115685	-0.146598	0.238147	1.28728	402.889	0.891426	0.339944	9.95444	9.16625	0.857501	4.34761	0.609629	3.11318	28.2339	116.107	0.283519	1.832	30.4146	0.420641	6.99517	45.9178	30.3883	0.47377	0.327959	0	0	10.869	0	0	0.85508	0	0.0120528	0.885228	0.249484	0.996022	0.498957	1.08583	0.165794	0.832821	0.05707	1.0736	0.0366017	0.95012	0.0378819	0.595519	1.02123	0.785844	0.877703	0.0711709	0.760816	-0.278646	-0.139574	9.48627	0	0.981208	0.788504	0.979881	1.07985	0.0203829	0.935407	0.805986	0.982812	1.86201e-19	1.07633	-0.0604382	0	80.2204	-4.50454	0	0.101193	1.09564	0.0720288	0.0749465	0.851789	-0	54.7786	622.575	-0	56.9158	-5.00786	459.763	0.738486	-2.62363e-15	-0.09142	-0	-0	-0	-0	-0	-0	0	0	0	0	0	0	-0.0341805	0.0435679	0.184489	0.158445	0.145218	-0.167432	-0.0178651	0.259	0.200734	-1.03998
0.85	-0.279557	0.861609	0.923108	0.769937	-0.852476	0.0376563	0.0919487	-0.0275344	0.0178236	-0.047725	1.07203	-0.0835041	0.563592	3.32242	0.286276	-1.23745	0.103556	0.080837	0.0102495	0.106814	0.0100035	0.110159	0.0817974	0.147046	0.0614655	0.0837233	0.0107838	0.0738053	0.010781	0.0966915	0.015906	0.0492573	0.0662718	0.0472296	0.261271	0.0565093	0.464142	0.085229	0.0116576	0.135006	0.0102618	0.118822	0.257161	0.109227	0.0162141	0.060087	0.0765528	0.0591385	0.542912	0.0553174	0.297829	0.0437934	0.0127491	0.0604472	-0.030812	0.01	1.09441	1.39818	0.0053328	0.0413744	0.00436726	0.01	0.99872	1.00354	0.00354113	0.0217806	0.08305	0.08305	0.937198	0.134354	0.00853518	0.0801292	-0.537777	0.01	0.785397	-0.22558	0.0054199	0.0423694	-0.181712	0.01	0.972402	-0.744847	-0.0319522	0	0	0.01	0.973731	-0.744736	-0.00864614	0	0.0117678	0.0117678	0.96583	1.52201	0.00472833	0.0345655	0.0723005	0.0723005	1.0734	-0.0785165	0.00738397	0.0656558	0.212395	0.212395	0.827369	-0.435264	0.0152183	0.178157	0.434777	0.434777	0.873248	-0.469086	0.0231624	0.325999	0.0115906	0.0115906	1.22399	0.0229559	0.0078309	0.0711934	0.00340182	0.01	0.757311	-0.368629	0.00136005	0.00292554	0.261148	0.261148	1.02464	0.35977	0.0214608	0.290309	-0.135015	0.01	0.79166	0.623075	0.00354452	0.0218156	0.00363011	0.01	0.595553	0.00724055	0.00460776	0.0332286	0.546375	0.546375	1.08465	-0.108765	0.0311215	0.506405	0.297555	0.297555	0.995304	-0.0520942	0.0196743	0.254602	-0.3179	0.01	0.885025	-0.0314085	0.0024706	0.011325	0	0	0	0	0	0	0	0	0	0	0	0	0	0	0	0	0	0	0.861609	0.923108	0	1.07203	-0.0835041	0	0.793653	0.942616	0	1.07297	-0.0802609	0	0	0	-0.279557	0	0	-0.047725	0.775414	0.879082	0.0835	1.06993	-0.0793904	0	0.855478	0.729116	0.0835	1.1473	-0.0380884	0	0	0	0.49038	0	0	0.515867	0.961915	0.529749	0.0835	1.25014	0.016819	0	0.89578	0.355156	0.0835	1.92028	-0.237029	0	0	0	-0.362095	0	0	3.83829	0.749996	0.103417	0.09142	2.89346	-0.81365	0	0.854342	0.0999746	0.09142	2.90766	-0.383267	0	0	0	-0.324439	0	0	4.12457	0.775414	0.879082	-0.0835	1.06993	-0.0793904	0	0.743708	0.712065	-0.0835	0.855286	-0.0386417	0	0	0	-0.187608	0	0	-1.28518	0.701557	0.490031	-0.0835	0.569932	0.0155302	0	0.661699	0.307635	-0.0835	0.354409	0.0626273	0	0	0	-0.215143	0	0	-1.18162	0.55371	0.0383691	-0.09142	0.0387911	0.185699	0	0.65765	0.0481829	-0.09142	0.0495939	0.0712823	0	0	0	-0.197319	0	0	-1.10079	0.787306	1.02923	0	1.0771	-0.079958	0	0.846769	1.34508	0	1.09217	-0.0827958	0	0	0	-0.279557	0	0	-0.047725	4.34756e-17	0.352425	0.210855	0.751922	2.72952	3.80982	3.64317	0.433049	1	4	-0.130923	-0.150395	0.0514525	0.0591048	0.223145	0.00776567	0.106003	0.202505	0.166023	0.391069	-8.30552e-05	-0.212432	-0.00178825	-0.334507	-0.0109534	-0.0107163	0.210801	0.071197	0.13757	0.0351527	0.0719951	0.038022	-0.00242933	-0.036876	0.0022245	-0.0325228	-0.100423	-0.0982494	0	0	0.109701	-0.181712	-0.030812	0.00436726	0.08305	0	0	0	0	0	0.261148	0.0547194	0	0	0	0.108181	0.0115906	-0.148035	0.238147	1.28728	394.015	0.870743	0.342005	10.3932	6.30763	0.845604	4.2876	0.625207	5.09457	22.83	115.893	0.283529	1.88242	31.1797	0.407141	6.10993	45.1348	28.4844	0.501336	0.322811	0	0	9.81145	0	0	0.871602	0	0.011325	0.885025	0.254602	0.995304	0.506405	1.08465	0.178157	0.827369	0.0656558	1.0734	0.0345655	0.96583	0.0332286	0.595553	1.02464	0.79166	0.873248	0.0711934	0.757311	-0.279557	-0.047725	8.82381	0	0.973731	0.785397	0.972402	1.09441	0.0217806	0.937198	0.816788	0.982134	1.86201e-19	1.08391	-0.0741989	0	80.7854	-5.53015	0	0.14428	1.03816	0.170839	0.0797145	0.867949	-0	58.2636	634.387	-0	57.9957	-5.32646	468.6	0.738666	-2.62427e-15	-0.09142	-0	-0	-0	-0	-0	-0	0	0	0	0	0	0	-0.034537	0.0381671	0.19239	0.134205	0.151437	-0.174602	-0.015132	0.270092	0.170024	-1.08759
0.86	-0.279583	0.872522	0.922252	0.77343	-0.817011	0.038597	0.0789955	-0.0267189	0.0186443	0.0374299	1.10877	-0.0873469	0.155409	3.74875	-0.0696595	-1.3466	0.0618771	0.0793674	0.0102193	0.108127	0.0100031	0.111338	0.0842026	0.147186	0.0544178	0.0835692	0.0106886	0.073242	0.0106862	0.0959545	0.0200869	0.0499377	0.0802442	0.0471637	0.250061	0.0562771	0.452755	0.08475	0.0116508	0.135026	0.0102301	0.118217	0.263663	0.109624	0.0154492	0.0605879	0.0671379	0.0591499	0.5474	0.0552642	0.300361	0.0437743	0.0124137	0.060422	-0.0269545	0.01	1.10786	1.29198	0.00548261	0.0430877	0.00470758	0.01	1.00941	1.13238	0.00367796	0.0232047	0.0850999	0.0850999	0.938091	0.0457752	0.00840686	0.0784807	-0.60695	0.01	0.783951	-0.0600033	0.00541803	0.0423479	-0.185657	0.01	0.96498	-0.739504	-0.0352167	0	0	0.01	0.966309	-0.739456	-0.0149475	0	0.022465	0.022465	0.979171	1.08177	0.00476549	0.0349791	0.0858387	0.0858387	1.0719	-0.216819	0.00783623	0.07126	0.201921	0.201921	0.82397	-0.236712	0.0160143	0.190639	0.414656	0.414656	0.86834	-0.515644	0.0223434	0.308661	0.0116051	0.0116051	1.22417	0.0139448	0.0078287	0.0711659	0.00697101	0.01	0.753455	-0.402239	0.00127662	0.00247949	0.26819	0.26819	1.02836	0.390018	0.0219443	0.300315	-0.13751	0.01	0.798259	0.69728	0.00356276	0.0220047	-0.001316	0.01	0.595669	0.0159448	0.00425762	0.0293907	0.552787	0.552787	1.08361	-0.0999735	0.0313967	0.513163	0.302797	0.302797	0.994871	-0.0362986	0.0198988	0.258958	-0.329382	0.01	0.884656	-0.0403852	0.00242043	0.0108752	0	0	0	0	0	0	0	0	0	0	0	0	0	0	0	0	0	0	0.872522	0.922252	0	1.10877	-0.0873469	0	0.804567	0.941762	0	1.10804	-0.0898904	0	0	0	-0.279583	0	0	0.0374299	0.786327	0.878229	0.0835	1.11042	-0.0905731	0	0.86691	0.728541	0.0835	1.13928	-0.0750337	0	0	0	0.493847	0	0	0.192839	0.974037	0.529544	0.0835	1.17766	-0.0543753	0	0.914748	0.352509	0.0835	1.87546	-0.288072	0	0	0	-0.323163	0	0	3.94159	0.778898	0.0952319	0.09142	2.88769	-0.819456	0	0.883298	0.0959513	0.09142	2.8849	-0.415224	0	0	0	-0.284566	0	0	3.87193	0.786327	0.878229	-0.0835	1.11042	-0.0905731	0	0.752455	0.711637	-0.0835	0.892319	-0.0462294	0	0	0	-0.200587	0	0	-1.30917	0.707426	0.490168	-0.0835	0.602379	0.0127217	0	0.665352	0.308271	-0.0835	0.3755	0.0651997	0	0	0	-0.227306	0	0	-1.24729	0.554121	0.0402921	-0.09142	0.0437073	0.199461	0	0.658167	0.0489263	-0.09142	0.0537913	0.0779433	0	0	0	-0.208662	0	0	-1.16793	0.798223	1.02838	0	1.1048	-0.0901279	0	0.857693	1.34423	0	1.09297	-0.0879019	0	0	0	-0.279583	0	0	0.0374299	5.83286e-17	0.34898	0.21747	0.802401	2.70871	3.75901	3.69717	0.437749	1	4	-0.141165	-0.16216	0.0697789	0.0801568	0.223903	0.00697818	0.104184	0.208455	0.16505	0.397366	5.21352e-05	-0.218675	-0.00174672	-0.339894	-0.00984264	-0.00962964	0.202773	0.0703279	0.148739	0.0362964	0.0825498	0.0369653	-0.00325945	-0.0380758	0.00177407	-0.0316189	-0.0991968	-0.0970501	0	0	0.105825	-0.185657	-0.0269545	0.00470758	0.0850999	0	0	0	0	0	0.26819	0.055538	0	0	0	0.105177	0.0116051	-0.149659	0.238147	1.28728	388.349	0.851818	0.338118	10.7194	3.70174	0.834737	4.23296	0.9287	8.05999	17.5412	114.834	0.283532	1.92257	32.0662	0.395684	5.38849	45.1496	28.053	0.50521	0.319497	0	0	8.71088	0	0	0.886298	0	0.0108752	0.884656	0.258958	0.994871	0.513163	1.08361	0.190639	0.82397	0.07126	1.0719	0.0349791	0.979171	0.0293907	0.595669	1.02836	0.798259	0.86834	0.0711659	0.753455	-0.279583	0.0374299	8.18611	0	0.966309	0.783951	0.96498	1.10786	0.0232047	0.938091	0.827668	0.981326	1.86201e-19	1.09195	-0.0864591	0	81.3846	-6.44392	0	0.188092	0.979684	0.226753	0.084388	0.882271	-0	61.6795	644.855	-0	58.9526	-5.63874	476.454	0.738855	-2.62494e-15	-0.09142	-0	-0	-0	-0	-0	-0	0	0	0	0	0	0	-0.0347142	0.0333982	0.198987	0.110491	0.15663	-0.180589	-0.0124582	0.279353	0.139982	-1.13211
0.87	-0.278792	0.883798	0.921361	0.772898	-0.777374	0.0362225	0.0649959	-0.0263113	0.0193454	0.116148	1.14463	-0.0905537	-0.241358	4.15526	-0.371785	-1.44739	0.0217102	0.0590776	0.0101927	0.109339	0.0100027	0.112651	0.0857805	0.147189	0.048431	0.0835912	0.0106051	0.0726825	0.0106029	0.0952226	0.0258825	0.0504096	0.092186	0.0470339	0.238932	0.0561815	0.439023	0.0842247	0.011646	0.135037	0.0102022	0.117561	0.270978	0.110051	0.0147799	0.0611423	0.0592175	0.0591704	0.553072	0.0552137	0.304747	0.0437585	0.0121195	0.0603954	-0.0233735	0.01	1.12027	1.18786	0.00562959	0.0447779	0.0050458	0.01	1.02131	1.24667	0.00388055	0.0253403	0.0863244	0.0863244	0.93811	-0.0428708	0.00818812	0.0756921	-0.67254	0.01	0.784158	0.107035	0.00542849	0.0424676	-0.18957	0.01	0.957609	-0.734364	-0.0384289	0	0	0.01	0.958939	-0.734425	-0.0228737	0	0.0270127	0.0270127	0.988423	0.927647	0.00523212	0.0402287	0.0962933	0.0962933	1.06895	-0.360314	0.00802602	0.0736424	0.190799	0.190799	0.82257	-0.0338781	0.0168689	0.204419	0.393387	0.393387	0.862958	-0.563756	0.0214562	0.290215	0.011613	0.011613	1.22427	0.00522985	0.00782286	0.0710929	0.00936197	0.01	0.749276	-0.43373	0.00119205	0.00206377	0.275994	0.275994	1.03237	0.41706	0.0224572	0.311054	-0.138764	0.01	0.805564	0.765151	0.00358158	0.0222	-0.00551094	0.01	0.595875	0.0256296	0.00396182	0.0262053	0.559463	0.559463	1.08262	-0.0988701	0.03163	0.518937	0.308079	0.308079	0.99451	-0.0365685	0.0200888	0.262678	-0.341104	0.01	0.884266	-0.0352911	0.00239878	0.0106826	0	0	0	0	0	0	0	0	0	0	0	0	0	0	0	0	0	0	0.883798	0.921361	0	1.14463	-0.0905537	0	0.815828	0.940818	0	1.14237	-0.0984483	0	0	0	-0.278792	0	0	0.116148	0.797637	0.87727	0.0835	1.14975	-0.100561	0	0.878259	0.727603	0.0835	1.13101	-0.110656	0	0	0	0.494106	0	0	-0.12521	0.985438	0.528634	0.0835	1.1061	-0.124076	0	0.933257	0.349375	0.0835	1.82852	-0.33437	0	0	0	-0.283267	0	0	4.03005	0.807708	0.0870208	0.09142	2.87513	-0.818941	0	0.912008	0.091656	0.09142	2.85817	-0.437384	0	0	0	-0.247045	0	0	3.65826	0.797637	0.87727	-0.0835	1.14975	-0.100561	0	0.761568	0.71114	-0.0835	0.92859	-0.0525445	0	0	0	-0.213796	0	0	-1.33124	0.713618	0.490286	-0.0835	0.63458	0.0112892	0	0.669219	0.308942	-0.0835	0.397105	0.0694303	0	0	0	-0.240107	0	0	-1.30953	0.554588	0.0423688	-0.09142	0.0498075	0.216188	0	0.658731	0.0497435	-0.09142	0.0590291	0.0859637	0	0	0	-0.220762	0	0	-1.25045	0.809414	1.02743	0	1.13231	-0.0991932	0	0.868635	1.34333	0	1.09562	-0.0923148	0	0	0	-0.278792	0	0	0.116148	4.76251e-17	0.340384	0.23603	0.854188	2.68549	3.70356	3.74364	0.439706	1	4	-0.151712	-0.174276	0.0875329	0.100551	0.224265	0.00633755	0.10291	0.214108	0.164246	0.403962	0.000146873	-0.224604	-0.00171243	-0.345536	-0.00893905	-0.0087456	0.195606	0.0725537	0.155238	0.0433915	0.0927166	0.0344176	-0.00374249	-0.0455188	0.00134019	-0.0294397	-0.102336	-0.100121	0	0	0.103574	-0.18957	-0.0233735	0.0050458	0.0863244	0	0	0	0	0	0.275994	0.0564945	0	0	0	0.10186	0.011613	-0.151462	0.238147	1.28728	385.773	0.834516	0.332845	12.2551	2.62085	0.82448	4.1817	1.18208	11.1542	11.5577	112.932	0.283521	1.9549	33.0641	0.385993	4.79197	45.7626	28.6227	0.489046	0.317402	0	0	7.6069	0	0	0.898991	0	0.0106826	0.884266	0.262678	0.99451	0.518937	1.08262	0.204419	0.82257	0.0736424	1.06895	0.0402287	0.988423	0.0262053	0.595875	1.03237	0.805564	0.862958	0.0710929	0.749276	-0.278792	0.116148	7.55655	0	0.958939	0.784158	0.957609	1.12027	0.0253403	0.93811	0.838632	0.980402	1.86201e-19	1.10046	-0.0974019	0	82.019	-7.2595	0	0.229945	0.920216	0.238991	0.08912	0.894563	-0	65.1381	653.839	-0	59.774	-5.95493	483.224	0.739056	-2.62565e-15	-0.09142	-0	-0	-0	-0	-0	-0	0	0	0	0	0	0	-0.0347226	0.0292117	0.204316	0.0872106	0.160824	-0.185426	-0.00983325	0.286834	0.110487	-1.17344
0.88	-0.277247	0.895428	0.92044	0.768483	-0.733855	0.0322604	0.0500282	-0.0262927	0.0197616	0.189266	1.17996	-0.0936389	-0.626006	4.52992	-0.366768	-1.5418	-0.0163791	0.0236212	0.0101694	0.11045	0.0100024	0.114082	0.0865232	0.147057	0.0433243	0.0837908	0.0105317	0.0721271	0.0105298	0.0944958	0.0254706	0.0509689	0.0941348	0.0468713	0.229453	0.056218	0.423451	0.0836521	0.011642	0.135038	0.0104498	0.116856	0.278866	0.110506	0.0141941	0.0617455	0.0525171	0.0592005	0.55915	0.0551622	0.309519	0.0437408	0.0118615	0.0603761	-0.0200638	0.01	1.13166	1.08417	0.005773	0.0464359	0.00537784	0.01	1.03429	1.34905	0.00419028	0.0286607	0.0867431	0.0867431	0.937266	-0.128627	0.0079089	0.0721699	-0.734621	0.01	0.78603	0.273817	0.00539785	0.0421172	-0.193454	0.01	0.950291	-0.729053	-0.0415857	0	0	0.01	0.951619	-0.729278	-0.032353	0	0.0202358	0.0202358	0.99939	1.26844	0.00553004	0.0436321	0.0936417	0.0936417	1.06526	-0.358461	0.00809978	0.0745732	0.189463	0.189463	0.823103	0.134717	0.017471	0.214494	0.370917	0.370917	0.857092	-0.612027	0.0205256	0.271337	0.0116123	0.0116123	1.22428	-0.00294753	0.00781376	0.0709792	0.0106078	0.0106078	0.74478	-0.466406	0.00113183	0.00179117	0.284456	0.284456	1.03664	0.442054	0.0229892	0.32231	-0.138802	0.01	0.813512	0.825994	0.00359995	0.0223909	-0.00886144	0.01	0.596179	0.0353995	0.00370933	0.0235334	0.565955	0.565955	1.08161	-0.103536	0.0318131	0.523497	0.313063	0.313063	0.994109	-0.0442988	0.0202394	0.265647	-0.35236	0.01	0.883984	-0.0188449	0.00240037	0.0106967	0	0	0	0	0	0	0	0	0	0	0	0	0	0	0	0	0	0	0.895428	0.92044	0	1.17996	-0.0936389	0	0.827427	0.939791	0	1.1763	-0.106509	0	0	0	-0.277247	0	0	0.189266	0.809335	0.876215	0.0835	1.18833	-0.109933	0	0.889527	0.726318	0.0835	1.12287	-0.144956	0	0	0	0.491235	0	0	-0.43674	0.996135	0.527042	0.0835	1.03584	-0.191516	0	0.951281	0.34581	0.0835	1.77765	-0.375112	0	0	0	-0.24262	0	0	4.09318	0.836374	0.0787945	0.09142	2.85928	-0.824739	0	0.940434	0.087252	0.09142	2.82777	-0.436969	0	0	0	-0.210359	0	0	3.72641	0.809335	0.876215	-0.0835	1.18833	-0.109933	0	0.771039	0.710585	-0.0835	0.964312	-0.0581369	0	0	0	-0.227219	0	0	-1.35254	0.720129	0.490394	-0.0835	0.666496	0.0107218	0	0.673303	0.309661	-0.0835	0.419088	0.0748217	0	0	0	-0.253512	0	0	-1.36891	0.555122	0.0446251	-0.09142	0.0569733	0.235252	0	0.659351	0.0506465	-0.09142	0.0650739	0.0950327	0	0	0	-0.23375	0	0	-1.34529	0.82088	1.02639	0	1.15991	-0.107748	0	0.879613	1.34238	0	1.1001	-0.0966321	0	0	0	-0.277247	0	0	0.189266	3.88857e-17	0.327656	0.250097	0.885475	2.6609	3.64354	3.78061	0.439716	1	4	-0.162551	-0.186727	0.104676	0.120244	0.224332	0.00585036	0.10207	0.219246	0.163593	0.410435	0.000209333	-0.229994	-0.00168453	-0.351073	-0.00825187	-0.00807329	0.190247	0.0804759	0.156999	0.050153	0.101182	0.030108	-0.00387338	-0.0526117	0.000978934	-0.0257534	-0.11351	-0.111054	0	0	0.102964	-0.193454	-0.0200638	0.00537784	0.0867431	0	0	0	0	0	0.284456	0.0575798	0	0	0	0.0982049	0.0116123	-0.15343	0.238147	1.28728	386.686	0.818772	0.327103	14.849	2.37162	0.814304	4.1312	1.06224	11.2696	10.269	110.181	0.290495	2.05637	34.1476	0.377836	4.29493	46.797	29.628	0.457771	0.315902	0	0	6.51785	0	0	0.909534	0	0.0106967	0.883984	0.265647	0.994109	0.523497	1.08161	0.214494	0.823103	0.0745732	1.06526	0.0436321	0.99939	0.0235334	0.596179	1.03664	0.813512	0.857092	0.0709792	0.74478	-0.277247	0.189266	7.03186	0	0.951619	0.78603	0.950291	1.13166	0.0286607	0.937266	0.849683	0.979376	1.86201e-19	1.10948	-0.107237	0	82.6913	-7.99251	0	0.267513	0.859429	0.208715	0.0948596	0.904574	-0	69.3332	661.156	-0	60.4429	-6.33844	488.78	0.73928	-2.62645e-15	-0.09142	-0	-0	-0	-0	-0	-0	0	0	0	0	0	0	-0.0345947	0.0257333	0.208398	0.0643141	0.164037	-0.18913	-0.0072516	0.292565	0.0814797	-1.21163
0.89	-0.275	0.907408	0.919488	0.760299	-0.686729	0.0285992	0.0341516	-0.0266511	0.0197619	0.256711	1.21463	-0.0967028	-0.993453	4.87801	-0.411395	-1.62887	-0.053787	-0.0239636	0.0101488	0.111458	0.0100021	0.115624	0.0865813	0.146791	0.0389472	0.0841657	0.0104672	0.0715758	0.0104656	0.0937742	0.0245248	0.0516846	0.0939273	0.0467222	0.221281	0.0563479	0.406314	0.0830332	0.0116377	0.13503	0.0107201	0.116104	0.287402	0.110986	0.0136808	0.0623932	0.0468138	0.0592406	0.565268	0.0551071	0.314171	0.0437185	0.011635	0.0603712	-0.0170104	0.01	1.14199	0.980524	0.00591107	0.0480403	0.00577257	0.01	1.04827	1.44771	0.00453287	0.0324021	0.0863625	0.0863625	0.93557	-0.213029	0.00758433	0.0681263	-0.792704	0.01	0.789547	0.431216	0.00530469	0.0410541	-0.197311	0.01	0.943027	-0.723388	-0.0446796	0	0	0.01	0.944352	-0.723766	-0.0433137	0	0.017505	0.017505	1.01342	1.50571	0.00567958	0.0453548	0.0925783	0.0925783	1.06187	-0.325566	0.00816221	0.0753634	0.185138	0.185138	0.825007	0.24663	0.017622	0.217077	0.347756	0.347756	0.85075	-0.658544	0.0195657	0.252511	0.0116042	0.0116042	1.22421	-0.0110333	0.00780095	0.0708192	0.0107428	0.0107428	0.739987	-0.491153	0.00109114	0.00161832	0.293501	0.293501	1.04114	0.464619	0.0235419	0.33412	-0.137718	0.01	0.822045	0.88128	0.00361885	0.0225877	-0.011466	0.01	0.596582	0.0456182	0.00349346	0.0212882	0.572027	0.572027	1.08053	-0.113311	0.0319394	0.526659	0.317551	0.317551	0.993602	-0.0574609	0.0203418	0.267676	-0.362743	0.01	0.883913	0.00681764	0.0024208	0.0108785	0	0	0	0	0	0	0	0	0	0	0	0	0	0	0	0	0	0	0.907408	0.919488	0	1.21463	-0.0967028	0	0.839364	0.938686	0	1.2097	-0.11417	0	0	0	-0.275	0	0	0.256711	0.821415	0.87507	0.0835	1.22603	-0.118778	0	0.900715	0.724699	0.0835	1.11525	-0.177202	0	0	0	0.485299	0	0	-0.736741	1.00614	0.524794	0.0835	0.967971	-0.254871	0	0.968785	0.341868	0.0835	1.72551	-0.409561	0	0	0	-0.20143	0	0	4.14127	0.86485	0.0705497	0.09142	2.83557	-0.81725	0	0.96852	0.0829055	0.09142	2.78948	-0.430577	0	0	0	-0.172831	0	0	3.72987	0.821415	0.87507	-0.0835	1.22603	-0.118778	0	0.780866	0.709977	-0.0835	0.999499	-0.0631376	0	0	0	-0.240848	0	0	-1.37216	0.726959	0.4905	-0.0835	0.698341	0.0108316	0	0.67761	0.31044	-0.0835	0.441584	0.0812003	0	0	0	-0.267499	0	0	-1.42595	0.555733	0.0470825	-0.09142	0.0653616	0.25637	0	0.660036	0.0516455	-0.09142	0.0719776	0.105139	0	0	0	-0.247737	0	0	-1.44991	0.832623	1.02527	0	1.18748	-0.115901	0	0.890645	1.34139	0	1.10632	-0.101006	0	0	0	-0.275	0	0	0.256711	9.72143e-17	0.314387	0.263785	0.900181	2.6361	3.57946	3.80657	0.439718	1	4	-0.173669	-0.199499	0.121169	0.139191	0.2242	0.0054971	0.101561	0.223744	0.163051	0.416562	0.000247146	-0.234712	-0.00166141	-0.356313	-0.0077536	-0.0075858	0.186701	0.0864764	0.156854	0.0576981	0.108406	0.0284331	-0.00386261	-0.0605267	0.000670615	-0.0243207	-0.121974	-0.119334	0	0	0.103991	-0.197311	-0.0170104	0.00577257	0.0863625	0	0	0	0	0	0.293501	0.0587812	0	0	0	0.0941975	0.0116042	-0.15555	0.238147	1.28728	387.595	0.804567	0.320913	17.0467	2.16361	0.80395	4.0797	0.969802	10.8399	9.90294	106.587	0.309608	2.12924	35.3191	0.371003	3.87743	48.1858	30.9174	0.424328	0.314947	0	0	5.40513	0	0	0.917219	0	0.0108785	0.883913	0.267676	0.993602	0.526659	1.08053	0.217077	0.825007	0.0753634	1.06187	0.0453548	1.01342	0.0212882	0.596582	1.04114	0.822045	0.85075	0.0708192	0.739987	-0.275	0.256711	6.47044	0	0.944352	0.789547	0.943027	1.14199	0.0324021	0.93557	0.860826	0.978255	1.86201e-19	1.11906	-0.116224	0	83.4049	-8.66237	0	0.301737	0.797916	0.139622	0.100522	0.911694	-0	73.4721	666.36	-0	60.9186	-6.71682	492.787	0.739521	-2.62731e-15	-0.09142	-0	-0	-0	-0	-0	-0	0	0	0	0	0	0	-0.0343173	0.0228513	0.211264	0.0422943	0.166293	-0.191731	-0.0047688	0.296588	0.0535828	-1.24687
0.9	-0.272106	0.919731	0.918504	0.748543	-0.63627	0.0239639	0.0174389	-0.0273771	0.0192294	0.319534	1.24897	-0.100048	-1.34481	5.19908	-0.491947	-1.71054	-0.090141	-0.081861	0.0101308	0.112366	0.0100019	0.117268	0.0864327	0.146393	0.0351858	0.0847011	0.0104106	0.0710289	0.0104092	0.0930582	0.0234584	0.0524653	0.0932657	0.0465774	0.214254	0.0565513	0.38799	0.0823703	0.0116324	0.135014	0.0106605	0.115315	0.296431	0.111489	0.0132311	0.0630808	0.0419421	0.059291	0.571027	0.0550459	0.318333	0.0436895	0.0114363	0.0603867	-0.0142104	0.01	1.1513	0.876535	0.00604146	0.0495628	0.00642603	0.01	1.06317	1.53208	0.0048718	0.0361659	0.0851995	0.0851995	0.933031	-0.297146	0.00725026	0.0640175	-0.847033	0.01	0.79457	0.575877	0.00519106	0.0397627	-0.20114	0.01	0.935822	-0.717588	-0.0477118	0	0	0.01	0.937142	-0.718054	-0.0556736	0	0.0156196	0.0156196	1.02873	1.54255	0.00577134	0.0464166	0.0878967	0.0878967	1.05858	-0.335925	0.00804255	0.0738506	0.183346	0.183346	0.827984	0.34702	0.0176495	0.217551	0.323715	0.323715	0.843958	-0.701191	0.0185883	0.234195	0.0115891	0.0115891	1.22406	-0.0188314	0.0077847	0.0706164	0.00978945	0.01	0.734959	-0.51518	0.00100195	0.00127227	0.303085	0.303085	1.04586	0.484368	0.0241055	0.34627	-0.135534	0.01	0.831104	0.931447	0.00363822	0.0227896	-0.0134279	0.01	0.597089	0.0561922	0.00330853	0.0193971	0.577408	0.577408	1.07933	-0.127431	0.0320026	0.528247	0.321381	0.321381	0.992942	-0.0751761	0.0203859	0.268553	-0.37193	0.01	0.884139	0.0405351	0.0024573	0.0112053	0	0	0	0	0	0	0	0	0	0	0	0	0	0	0	0	0	0	0.919731	0.918504	0	1.24897	-0.100048	0	0.851632	0.937505	0	1.2429	-0.121808	0	0	0	-0.272106	0	0	0.319534	0.833867	0.873837	0.0835	1.26325	-0.127485	0	0.911832	0.722769	0.0835	1.10836	-0.20742	0	0	0	0.476437	0	0	-1.02528	1.01548	0.521938	0.0835	0.902451	-0.313687	0	0.985765	0.337618	0.0835	1.67177	-0.437707	0	0	0	-0.159833	0	0	4.1738	0.89304	0.0624613	0.09142	2.80302	-0.798155	0	0.996182	0.0786397	0.09142	2.74345	-0.418402	0	0	0	-0.135869	0	0	3.68186	0.833867	0.873837	-0.0835	1.26325	-0.127485	0	0.79104	0.70932	-0.0835	1.0344	-0.0679121	0	0	0	-0.254667	0	0	-1.391	0.734106	0.490609	-0.0835	0.730174	0.0112842	0	0.682143	0.311286	-0.0835	0.464571	0.0882479	0	0	0	-0.282044	0	0	-1.48115	0.556434	0.0497602	-0.09142	0.0749339	0.279189	0	0.660794	0.0527501	-0.09142	0.0796071	0.116073	0	0	0	-0.262815	0	0	-1.56301	0.84464	1.02407	0	1.21524	-0.124042	0	0.901747	1.34036	0	1.11418	-0.105795	0	0	0	-0.272106	0	0	0.319534	8.0165e-17	0.298481	0.273153	0.895576	2.61149	3.51146	3.81919	0.43698	1	4	-0.185051	-0.212573	0.136952	0.15732	0.22396	0.00527879	0.101255	0.227572	0.162572	0.422121	0.000269909	-0.238729	-0.00164096	-0.361068	-0.00744567	-0.00728454	0.18449	0.0925353	0.155794	0.0626231	0.114542	0.0287733	-0.00378379	-0.0656931	0.000408777	-0.0246117	-0.13052	-0.127695	0	0	0.106666	-0.20114	-0.0142104	0.00642603	0.0851995	0	0	0	0	0	0.303085	0.0600884	0	0	0	0.0898289	0.0115891	-0.157832	0.238147	1.28728	388.424	0.791846	0.31432	18.9261	1.98908	0.793678	4.02819	0.887009	10.7899	9.65212	102.158	0.327848	2.1044	36.5636	0.36533	3.52496	49.8422	32.4039	0.419605	0.314343	0	0	4.28047	0	0	0.921817	0	0.0112053	0.884139	0.268553	0.992942	0.528247	1.07933	0.217551	0.827984	0.0738506	1.05858	0.0464166	1.02873	0.0193971	0.597089	1.04586	0.831104	0.843958	0.0706164	0.734959	-0.272106	0.319534	6.08521	0	0.937142	0.79457	0.935822	1.1513	0.0361659	0.933031	0.872069	0.977049	-3.72401e-19	1.12923	-0.12466	0	84.1633	-9.29108	0	0.332251	0.735571	0.0354191	0.106994	0.915586	-0	78.2022	669.205	-0	61.1787	-7.14925	495.069	0.739786	-2.62825e-15	-0.09142	-0	-0	-0	-0	-0	-0	0	0	0	0	0	0	-0.0338744	0.0204465	0.212951	0.0209357	0.167621	-0.193262	-0.00236056	0.298956	0.0265235	-1.27918
0.91	-0.268602	0.932398	0.917483	0.733349	-0.582761	0.0186975	-6.97055e-05	-0.0284654	0.0180799	0.378528	1.28318	-0.104098	-1.67817	5.48573	-0.569647	-1.78756	-0.126299	-0.146689	0.010115	0.113171	0.0100016	0.118996	0.0860523	0.145864	0.0319406	0.0853862	0.0103609	0.0704863	0.0103596	0.0923479	0.0224188	0.0532611	0.0914864	0.0464271	0.208463	0.056811	0.368673	0.0816684	0.0116252	0.134989	0.0105804	0.114489	0.30606	0.112011	0.0128366	0.063805	0.0377604	0.059352	0.576205	0.0549766	0.321939	0.0436517	0.0112618	0.0604272	-0.011668	0.01	1.15954	0.767202	0.00615556	0.0509008	0.00729964	0.01	1.07884	1.6006	0.00520597	0.0399318	0.0832636	0.0832636	0.92966	-0.38037	0.00691316	0.0599233	-0.896638	0.01	0.800997	0.71285	0.00508645	0.0385789	-0.204941	0.01	0.928673	-0.711888	-0.0506675	0	0	0.01	0.929989	-0.7124	-0.0693301	0	0.0149625	0.0149625	1.04433	1.58598	0.00596169	0.0486305	0.0784678	0.0784678	1.05516	-0.349881	0.00784121	0.0713223	0.183208	0.183208	0.831786	0.412003	0.0175596	0.216007	0.299596	0.299596	0.836766	-0.738727	0.0175912	0.216548	0.0115668	0.0115668	1.22383	-0.0266704	0.00776465	0.0703663	0.00782634	0.01	0.729691	-0.539159	0.000895085	0.0009181	0.313163	0.313163	1.05076	0.502143	0.0246862	0.358897	-0.132387	0.01	0.840645	0.978142	0.00365911	0.0230077	-0.014831	0.01	0.597704	0.0673571	0.00315017	0.0178043	0.581831	0.581831	1.07797	-0.145502	0.0319991	0.528159	0.324526	0.324526	0.992084	-0.0976621	0.0203671	0.268178	-0.379729	0.01	0.884732	0.0805797	0.00250594	0.0116446	0	0	0	0	0	0	0	0	0	0	0	0	0	0	0	0	0	0	0.932398	0.917483	0	1.28318	-0.104098	0	0.864233	0.936246	0	1.27608	-0.1299	0	0	0	-0.268602	0	0	0.378528	0.846691	0.872516	0.0835	1.3002	-0.13654	0	0.922885	0.720547	0.0835	1.1027	-0.235564	0	0	0	0.464748	0	0	-1.29964	1.02418	0.518518	0.0835	0.840131	-0.367208	0	1.0022	0.333116	0.0835	1.61624	-0.459227	0	0	0	-0.118014	0	0	4.18609	0.92086	0.054601	0.09142	2.7611	-0.76969	0	1.02334	0.0745379	0.09142	2.689	-0.39907	0	0	0	-0.0993161	0	0	3.61644	0.846691	0.872516	-0.0835	1.3002	-0.13654	0	0.801565	0.708615	-0.0835	1.06926	-0.0729554	0	0	0	-0.268671	0	0	-1.40903	0.741573	0.490723	-0.0835	0.762243	0.011575	0	0.68691	0.312204	-0.0835	0.488158	0.0955003	0	0	0	-0.297137	0	0	-1.53533	0.557237	0.0526722	-0.09142	0.085746	0.303163	0	0.661632	0.0539668	-0.09142	0.0879235	0.127569	0	0	0	-0.279057	0	0	-1.68202	0.856938	1.02278	0	1.24332	-0.132662	0	0.912936	1.33927	0	1.12352	-0.111465	0	0	0	-0.268602	0	0	0.378528	1.36447e-16	0.283103	0.286334	0.886935	2.58817	3.43937	3.81759	0.432546	1	4	-0.196687	-0.22594	0.151942	0.17454	0.223706	0.00518529	0.100999	0.23084	0.162116	0.42687	0.000288887	-0.242157	-0.00162151	-0.365131	-0.00731379	-0.00715551	0.18358	0.0992239	0.153705	0.0647167	0.118796	0.0330915	-0.00362857	-0.0678894	0.000227203	-0.0283054	-0.139954	-0.136925	0	0	0.110897	-0.204941	-0.011668	0.00729964	0.0832636	0	0	0	0	0	0.313163	0.0614919	0	0	0	0.0851067	0.0115668	-0.160234	0.238147	1.28728	388.721	0.780613	0.307386	20.4772	1.84178	0.783767	3.97822	0.826934	10.5337	9.49144	97.0294	0.345961	2.10415	37.8879	0.360663	3.22553	51.7078	34.081	0.415576	0.314024	0	0	3.1199	0	0	0.923047	0	0.0116446	0.884732	0.268178	0.992084	0.528159	1.07797	0.216007	0.831786	0.0713223	1.05516	0.0486305	1.04433	0.0178043	0.597704	1.05076	0.840645	0.836766	0.0703663	0.729691	-0.268602	0.378528	5.71309	0	0.929989	0.800997	0.928673	1.15954	0.0399318	0.92966	0.883417	0.975759	1.86201e-19	1.14005	-0.132878	0	84.9693	-9.90356	0	0.358205	0.672434	-0.0986519	0.113821	0.916003	-0	83.1924	669.509	-0	61.2066	-7.60545	495.487	0.740074	-2.62927e-15	-0.09142	-0	-0	-0	-0	-0	-0	0	0	0	0	0	0	-0.0332604	0.0184294	0.213509	0.000981074	0.16806	-0.193768	-0.000110619	0.299739	0.00124293	-1.30852
0.92	-0.264527	0.945406	0.916417	0.714942	-0.526617	0.0127165	-0.0183255	-0.0299133	0.0162549	0.434243	1.31735	-0.109293	-1.9898	5.72682	-0.608393	-1.86079	-0.162061	-0.216748	0.0101011	0.113868	0.0100014	0.120789	0.0853609	0.145207	0.0291364	0.0862106	0.0103171	0.069948	0.010316	0.0916432	0.0215448	0.0540837	0.0885666	0.0462692	0.204115	0.0571067	0.348715	0.0809321	0.0116155	0.134955	0.01051	0.113626	0.316112	0.112551	0.0124908	0.0645631	0.034163	0.0594243	0.580512	0.0548972	0.324818	0.0436031	0.0111086	0.0604966	-0.00937929	0.01	1.16668	0.655583	0.00625028	0.0520157	0.00819883	0.01	1.09509	1.64713	0.0055337	0.0436741	0.0805589	0.0805589	0.925477	-0.458054	0.00658782	0.056019	-0.94147	0.01	0.80873	0.835548	0.00499078	0.0375008	-0.208711	0.01	0.921581	-0.706396	-0.0535227	0	0	0.01	0.922892	-0.706934	-0.0841155	0	0.016057	0.016057	1.06047	1.64412	0.00618641	0.0512635	0.0697716	0.0697716	1.05157	-0.368295	0.00755354	0.0677454	0.185171	0.185171	0.836115	0.44849	0.0174532	0.21419	0.27558	0.27558	0.829222	-0.771777	0.016574	0.199604	0.0115372	0.0115372	1.22353	-0.0343103	0.00774105	0.0700723	0.00493491	0.01	0.724194	-0.560625	0.000775157	0.000599076	0.323674	0.323674	1.05583	0.519403	0.0252767	0.371839	-0.128384	0.01	0.850633	1.01984	0.00367955	0.0232214	-0.0157374	0.01	0.598432	0.0784691	0.00301374	0.016454	0.585108	0.585108	1.07642	-0.166746	0.0319275	0.526362	0.326841	0.326841	0.99098	-0.124042	0.0202849	0.266547	-0.385811	0.01	0.885748	0.124514	0.00256158	0.0121523	0	0	0	0	0	0	0	0	0	0	0	0	0	0	0	0	0	0	0.945406	0.916417	0	1.31735	-0.109293	0	0.877165	0.934901	0	1.30932	-0.138926	0	0	0	-0.264527	0	0	0.434243	0.859883	0.8711	0.0835	1.33703	-0.14643	0	0.933891	0.718055	0.0835	1.09896	-0.261553	0	0	0	0.450415	0	0	-1.55556	1.03228	0.514595	0.0835	0.782462	-0.414599	0	1.01806	0.328437	0.0835	1.55898	-0.473886	0	0	0	-0.0762023	0	0	4.17127	0.948209	0.0470714	0.09142	2.70904	-0.73404	0	1.04991	0.0706666	0.09142	2.62497	-0.37169	0	0	0	-0.0634857	0	0	3.56287	0.859883	0.8711	-0.0835	1.33703	-0.14643	0	0.812437	0.707856	-0.0835	1.10415	-0.0787462	0	0	0	-0.282852	0	0	-1.42655	0.749361	0.490836	-0.0835	0.794562	0.0112341	0	0.691915	0.313194	-0.0835	0.512358	0.102493	0	0	0	-0.312766	0	0	-1.58861	0.558155	0.0558275	-0.09142	0.097897	0.327752	0	0.662557	0.0552999	-0.09142	0.0969445	0.13927	0	0	0	-0.296511	0	0	-1.80535	0.869517	1.02141	0	1.27176	-0.142247	0	0.924225	1.33812	0	1.13422	-0.11849	0	0	0	-0.264527	0	0	0.434243	1.94429e-17	0.267336	0.299278	0.873237	2.56615	3.36307	3.80179	0.425925	1	4	-0.208575	-0.239595	0.166047	0.190743	0.223523	0.00519213	0.100715	0.23345	0.161652	0.430621	0.000310026	-0.244894	-0.00160171	-0.368339	-0.00732344	-0.00716495	0.183927	0.104114	0.151089	0.0655348	0.12384	0.0358912	-0.0034341	-0.0687475	1.1968e-05	-0.0307001	-0.146852	-0.143674	0	0	0.116561	-0.208711	-0.00937929	0.00819883	0.0805589	0	0	0	0	0	0.323674	0.0629819	0	0	0	0.0800493	0.0115372	-0.162754	0.238147	1.28728	388.568	0.770911	0.300196	21.6137	1.71709	0.774328	3.93051	0.801301	10.2346	9.43692	91.419	0.36335	2.09952	39.2733	0.356887	2.97031	53.6912	35.8602	0.412184	0.313798	0	0	1.92948	0	0	0.920832	0	0.0121523	0.885748	0.266547	0.99098	0.526362	1.07642	0.21419	0.836115	0.0677454	1.05157	0.0512635	1.06047	0.016454	0.598432	1.05583	0.850633	0.829222	0.0700723	0.724194	-0.264527	0.434243	5.42002	0	0.922892	0.80873	0.921581	1.16668	0.0436741	0.925477	0.894876	0.974386	1.86201e-19	1.15154	-0.141223	0	85.8257	-10.5256	0	0.378804	0.608865	-0.257928	0.120488	0.912916	-0	88.0652	667.253	-0	61.0003	-8.05092	494.021	0.740381	-2.63036e-15	-0.09142	-0	-0	-0	-0	-0	-0	0	0	0	0	0	0	-0.0324695	0.0167321	0.213037	-0.0175063	0.167688	-0.19334	0.00197388	0.299076	-0.0221787	-1.33493
0.93	-0.259911	0.958755	0.915291	0.693553	-0.468345	0.00654216	-0.0372938	-0.0317185	0.0137076	0.486846	1.3514	-0.115985	-2.27486	5.91239	-0.636588	-1.93017	-0.198045	-0.290582	0.0100888	0.11445	0.0100013	0.122621	0.0842976	0.14443	0.0267075	0.0871619	0.0102787	0.0694138	0.0102777	0.0909437	0.0218675	0.0549276	0.0854381	0.0461042	0.200695	0.0574163	0.328404	0.0801645	0.0116027	0.134913	0.0104482	0.112731	0.326554	0.113109	0.0121875	0.0653517	0.0310589	0.0595079	0.583746	0.0548063	0.326814	0.0435423	0.010974	0.0605973	-0.00735104	0.01	1.17265	0.533682	0.0063111	0.0527336	0.00909893	0.01	1.1117	1.67008	0.00586045	0.0474512	0.0771	0.0771	0.920526	-0.533862	0.00625964	0.0521261	-0.981534	0.01	0.817653	0.949872	0.00491142	0.0366096	-0.212452	0.01	0.914543	-0.701137	-0.0562363	0	0	0.01	0.915848	-0.701691	-0.0998055	0	0.0221972	0.0221972	1.07701	1.64904	0.00648588	0.0548049	0.0662985	0.0662985	1.04782	-0.383039	0.00726323	0.064176	0.185625	0.185625	0.840648	0.457128	0.0173236	0.211994	0.251697	0.251697	0.821357	-0.803289	0.0155396	0.183168	0.0115005	0.0115005	1.22315	-0.0421454	0.00771348	0.0697291	0.00116977	0.01	0.71849	-0.580113	0.000622158	0.000306955	0.334557	0.334557	1.06106	0.534568	0.0258682	0.384905	-0.123585	0.01	0.861024	1.05895	0.00370141	0.0234504	-0.0161954	0.01	0.599274	0.0903426	0.0028976	0.0153221	0.587091	0.587091	1.07463	-0.190702	0.0317863	0.522829	0.328141	0.328141	0.989597	-0.153728	0.0201379	0.263644	-0.389816	0.01	0.887223	0.172319	0.00262301	0.0127189	0	0	0	0	0	0	0	0	0	0	0	0	0	0	0	0	0	0	0.958755	0.915291	0	1.3514	-0.115985	0	0.890429	0.93346	0	1.34255	-0.149249	0	0	0	-0.259911	0	0	0.486846	0.873442	0.86958	0.0835	1.37365	-0.157519	0	0.944872	0.715315	0.0835	1.09782	-0.285238	0	0	0	0.433642	0	0	-1.78802	1.03983	0.510233	0.0835	0.731131	-0.455029	0	1.03335	0.323646	0.0835	1.50069	-0.481745	0	0	0	-0.0347031	0	0	4.12437	0.974982	0.0399321	0.09142	2.64501	-0.690713	0	1.07579	0.0671045	0.09142	2.55024	-0.339127	0	0	0	-0.028161	0	0	3.48778	0.873442	0.86958	-0.0835	1.37365	-0.157519	0	0.823658	0.707033	-0.0835	1.13904	-0.0856641	0	0	0	-0.297205	0	0	-1.44332	0.757474	0.490941	-0.0835	0.827152	0.00986038	0	0.697165	0.31425	-0.0835	0.537137	0.108849	0	0	0	-0.328923	0	0	-1.64137	0.559201	0.05923	-0.09142	0.11136	0.352552	0	0.663575	0.0567497	-0.09142	0.106568	0.150907	0	0	0	-0.315216	0	0	-1.93195	0.882382	1.01993	0	1.30045	-0.153166	0	0.935628	1.33689	0	1.14614	-0.127244	0	0	0	-0.259911	0	0	0.486846	5.83286e-17	0.252244	0.315253	0.862868	2.54369	3.28133	3.77129	0.417896	1	4	-0.220702	-0.253526	0.179188	0.205838	0.223476	0.00528035	0.100356	0.235233	0.161155	0.433222	0.00033671	-0.246765	-0.0015805	-0.370564	-0.00744788	-0.0072867	0.185165	0.105368	0.14869	0.0662292	0.130293	0.0373082	-0.00325581	-0.069476	-0.000263446	-0.0319122	-0.148621	-0.145405	0	0	0.123572	-0.212452	-0.00735104	0.00909893	0.0771	0	0	0	0	0	0.334557	0.0645511	0	0	0	0.0746938	0.0115005	-0.165389	0.238147	1.28728	388.23	0.762788	0.292851	22.4212	1.61112	0.765368	3.88516	0.891538	10.007	9.37104	85.5925	0.380905	2.09136	40.7128	0.353891	2.75192	55.725	37.662	0.409372	0.31344	0	0	0.691749	0	0	0.915492	0	0.0127189	0.887223	0.263644	0.989597	0.522829	1.07463	0.211994	0.840648	0.064176	1.04782	0.0548049	1.07701	0.0153221	0.599274	1.06106	0.861024	0.821357	0.0697291	0.71849	-0.259911	0.486846	5.08346	0	0.915848	0.817653	0.914543	1.17265	0.0474512	0.920526	0.906453	0.972929	1.86201e-19	1.16372	-0.150028	0	86.7333	-11.1818	0	0.393835	0.545527	-0.43804	0.127625	0.906553	-0	93.2818	662.603	-0	60.5751	-8.52782	490.798	0.740712	-2.63154e-15	-0.09142	-0	-0	-0	-0	-0	-0	0	0	0	0	0	0	-0.0314947	0.0152993	0.211602	-0.0345988	0.166559	-0.192038	0.00390111	0.297062	-0.0438333	-1.35833
0.94	-0.254788	0.972441	0.914089	0.669487	-0.408559	-0.000324692	-0.056931	-0.0338851	0.010413	0.535833	1.38497	-0.124479	-2.52528	6.02827	-0.753171	-1.9947	-0.234449	-0.366574	0.0100781	0.114911	0.0100011	0.124463	0.0828198	0.143539	0.0245998	0.0882269	0.010245	0.0688835	0.0102441	0.0902494	0.0274908	0.0556902	0.0822368	0.0459296	0.198316	0.0577337	0.307939	0.0793653	0.0115864	0.134863	0.0103939	0.111809	0.337281	0.113683	0.0119213	0.0661687	0.0283741	0.0596035	0.585737	0.0547026	0.327743	0.0434679	0.0108559	0.0607315	-0.00559586	0.01	1.17737	0.40628	0.00633303	0.0529927	0.00999739	0.01	1.1284	1.66483	0.00618923	0.0512967	0.0729215	0.0729215	0.914846	-0.602741	0.00594197	0.0484004	-1.01694	0.01	0.827644	1.0476	0.00483884	0.0357974	-0.216162	0.01	0.907556	-0.696108	-0.0587568	0	0	0.01	0.908856	-0.696673	-0.116114	0	0.0297932	0.0297932	1.09196	1.37755	0.00703233	0.0613648	0.062315	0.062315	1.04385	-0.418295	0.00689829	0.0597438	0.188312	0.188312	0.845296	0.479753	0.017291	0.211444	0.227875	0.227875	0.813169	-0.836557	0.0145023	0.167053	0.0114559	0.0114559	1.22269	-0.0499905	0.00768207	0.0693385	-0.00340656	0.01	0.712615	-0.593951	0.00040218	7.93974e-05	0.345821	0.345821	1.06645	0.548395	0.0264541	0.39795	-0.118038	0.01	0.871788	1.09406	0.00372288	0.0236757	-0.0162345	0.01	0.600236	0.102545	0.00279852	0.0143703	0.587626	0.587626	1.0726	-0.216878	0.0315757	0.517589	0.328221	0.328221	0.987906	-0.185703	0.0199277	0.259522	-0.391378	0.01	0.889187	0.221891	0.00268595	0.0133057	0	0	0	0	0	0	0	0	0	0	0	0	0	0	0	0	0	0	0.972441	0.914089	0	1.38497	-0.124479	0	0.904024	0.931908	0	1.37542	-0.161139	0	0	0	-0.254788	0	0	0.535833	0.887364	0.867942	0.0835	1.40969	-0.170066	0	0.955859	0.712352	0.0835	1.10016	-0.306334	0	0	0	0.414699	0	0	-1.98944	1.04692	0.505508	0.0835	0.688652	-0.48749	0	1.04806	0.318811	0.0835	1.44269	-0.48286	0	0	0	0.00613998	0	0	4.03883	1.00103	0.033283	0.09142	2.56408	-0.636264	0	1.10086	0.063864	0.09142	2.4636	-0.308277	0	0	0	0.00581529	0	0	3.28566	0.887364	0.867942	-0.0835	1.40969	-0.170066	0	0.835226	0.706135	-0.0835	1.17364	-0.0940035	0	0	0	-0.311719	0	0	-1.45887	0.765913	0.491026	-0.0835	0.859824	0.00711509	0	0.702665	0.315366	-0.0835	0.562375	0.114213	0	0	0	-0.345604	0	0	-1.69332	0.560388	0.0628791	-0.09142	0.126195	0.377074	0	0.664692	0.0583146	-0.09142	0.116793	0.162221	0	0	0	-0.335191	0	0	-2.05989	0.895534	1.01834	0	1.32911	-0.165689	0	0.947155	1.33557	0	1.15912	-0.138028	0	0	0	-0.254788	0	0	0.535833	8.0165e-17	0.237267	0.339738	0.861473	2.52022	3.19373	3.72673	0.408367	1	4	-0.233065	-0.267728	0.191244	0.219687	0.223623	0.00543898	0.0998889	0.236004	0.160603	0.434528	0.00037141	-0.247573	-0.00155695	-0.371681	-0.00767162	-0.0075056	0.187101	0.105598	0.14636	0.0648998	0.137333	0.0381817	-0.00308263	-0.0680814	-0.000563869	-0.0326593	-0.148945	-0.145722	0	0	0.131807	-0.216162	-0.00559586	0.00999739	0.0729215	0	0	0	0	0	0.345821	0.0661938	0	0	0	0.0690764	0.0114559	-0.168132	0.238147	1.28728	387.881	0.756334	0.285465	22.8282	1.5208	0.75686	3.84207	1.14048	9.9465	9.39977	79.748	0.398147	2.07662	42.1983	0.351585	2.56446	57.7388	39.3787	0.407089	0.312725	0	0	0.599418	0	0	0.907073	0	0.0133057	0.889187	0.259522	0.987906	0.517589	1.0726	0.211444	0.845296	0.0597438	1.04385	0.0613648	1.09196	0.0143703	0.600236	1.06645	0.871788	0.813169	0.0693385	0.712615	-0.254788	0.535833	4.69212	0	0.908856	0.827644	0.907556	1.17737	0.0512967	0.914846	0.918156	0.971379	1.86201e-19	1.17657	-0.159616	0	87.6915	-11.8964	0	0.403516	0.483633	-0.635671	0.134567	0.897036	-0	98.3556	655.646	-0	59.9392	-8.99167	485.875	0.741063	-2.63278e-15	-0.09142	-0	-0	-0	-0	-0	-0	0	0	0	0	0	0	-0.0303273	0.0140928	0.209272	-0.0504731	0.164725	-0.189923	0.00569099	0.293792	-0.0639445	-1.37859
0.95	-0.249195	0.986461	0.912791	0.643131	-0.34808	-0.00864191	-0.0771873	-0.0364195	0.00635935	0.580619	1.41767	-0.135147	-2.73042	6.0478	-0.898929	-2.0536	-0.271198	-0.441567	0.0100686	0.115243	0.0106534	0.126276	0.080882	0.142546	0.0227665	0.0893877	0.0102153	0.068357	0.0102145	0.0895599	0.0365224	0.0563112	0.078999	0.0457302	0.196806	0.0580811	0.287339	0.0785329	0.011566	0.134803	0.0103462	0.110875	0.348433	0.11427	0.0116876	0.0670111	0.0260456	0.0597116	0.586368	0.0545852	0.327679	0.043379	0.0107521	0.0608999	-0.00412726	0.01	1.18077	0.26975	0.00630167	0.0526221	0.0108951	0.0108951	1.14484	1.62221	0.00657705	0.0558906	0.068054	0.068054	0.908512	-0.663736	0.00563285	0.0448155	-1.04749	0.01	0.838534	1.12751	0.00476996	0.0350288	-0.219845	0.01	0.900619	-0.691293	-0.0610117	0	0	0.01	0.901913	-0.691865	-0.132654	0	0.0398241	0.0398241	1.10414	1.13186	0.00784248	0.0713382	0.0587317	0.0587317	1.03932	-0.495961	0.00639841	0.0537667	0.190682	0.190682	0.850382	0.543078	0.0174047	0.213366	0.204231	0.204231	0.80464	-0.871798	0.0134825	0.151283	0.0114041	0.0114041	1.22215	-0.0580884	0.00764648	0.0688965	-0.00872086	0.01	0.706659	-0.5941	-1.14918e-05	0	0.35742	0.35742	1.07195	0.560148	0.0270372	0.411033	-0.111822	0.01	0.882887	1.12566	0.00374404	0.0238979	-0.0158916	0.01	0.601325	0.115441	0.00271497	0.0135783	0.586634	0.586634	1.0703	-0.244909	0.0312962	0.510691	0.326983	0.326983	0.985886	-0.220335	0.0196559	0.254247	-0.3903	0.01	0.891653	0.272426	0.00274877	0.0138975	0	0	0	0	0	0	0	0	0	0	0	0	0	0	0	0	0	0	0.986461	0.912791	0	1.41767	-0.135147	0	0.917945	0.930227	0	1.40754	-0.174928	0	0	0	-0.249195	0	0	0.580619	0.901643	0.866169	0.0835	1.44474	-0.184394	0	0.966893	0.70919	0.0835	1.10726	-0.324669	0	0	0	0.393936	0	0	-2.14981	1.05364	0.5005	0.0835	0.65862	-0.511154	0	1.0622	0.313997	0.0835	1.38561	-0.477793	0	0	0	0.0458566	0	0	3.898	1.02617	0.027217	0.09142	2.46416	-0.575801	0	1.12499	0.0609168	0.09142	2.3631	-0.279449	0	0	0	0.0372147	0	0	2.99907	0.901643	0.866169	-0.0835	1.44474	-0.184394	0	0.847138	0.705144	-0.0835	1.20755	-0.104108	0	0	0	-0.326382	0	0	-1.47299	0.774678	0.491074	-0.0835	0.892227	0.00262369	0	0.708419	0.316527	-0.0835	0.587785	0.118191	0	0	0	-0.362801	0	0	-1.74418	0.561731	0.0667694	-0.09142	0.142317	0.400688	0	0.665914	0.0599895	-0.09142	0.127498	0.172971	0	0	0	-0.356442	0	0	-2.18575	0.908971	1.01661	0	1.35739	-0.180139	0	0.958817	1.33412	0	1.17303	-0.151197	0	0	0	-0.249195	0	0	0.580619	1.04703e-16	0.221144	0.373344	0.867613	2.49663	3.10078	3.66896	0.397262	1	4	-0.245655	-0.282191	0.202103	0.232161	0.224009	0.00565223	0.0992813	0.235674	0.159978	0.434456	0.000416573	-0.247228	-0.00153027	-0.371619	-0.00797241	-0.00779988	0.189574	0.104849	0.143942	0.0626779	0.144509	0.0400028	-0.00290289	-0.0657506	-0.000870108	-0.034217	-0.147888	-0.144688	0	0	0.141168	-0.219845	-0.00412726	0.0108951	0.068054	0	0	0	0	0	0.35742	0.0679028	0	0	0	0.0632199	0.0114041	-0.170969	0.238147	1.28728	387.566	0.751623	0.299709	22.8437	1.44351	0.748761	3.80103	1.51746	10.2262	9.44996	73.9013	0.415598	2.04938	43.7386	0.349882	2.40302	59.6757	41.0028	0.405287	0.311552	0	0	1.94262	0	0	0.895626	0	0.0138975	0.891653	0.254247	0.985886	0.510691	1.0703	0.213366	0.850382	0.0537667	1.03932	0.0713382	1.10414	0.0135783	0.601325	1.07195	0.882887	0.80464	0.0688965	0.706659	-0.249195	0.580619	4.2387	0	0.901913	0.838534	0.900619	1.18077	0.0558906	0.908512	0.929991	0.969728	1.86201e-19	1.19007	-0.170279	0	88.6979	-12.6912	0	0.407505	0.424572	-0.848433	0.140692	0.884507	-0	102.832	646.489	-0	59.102	-9.40092	479.325	0.741428	-2.63408e-15	-0.09142	-0	-0	-0	-0	-0	-0	0	0	0	0	0	0	-0.0289643	0.0130727	0.206125	-0.0651133	0.162248	-0.187067	0.00734171	0.289373	-0.0824922	-1.39554
0.96	-0.243179	1.0008	0.911374	0.615006	-0.288013	-0.0182212	-0.0979984	-0.0393204	0.00155692	0.620437	1.44904	-0.148225	-2.88067	5.94804	-1.01141	-2.10584	-0.307964	-0.516199	0.0100603	0.115439	0.0115317	0.128026	0.0784617	0.141466	0.0211711	0.090621	0.0101892	0.067834	0.0101886	0.0888751	0.0468647	0.0568323	0.0756319	0.0454924	0.196137	0.0584736	0.266688	0.0776666	0.0115411	0.134735	0.0103043	0.109948	0.359933	0.114868	0.0114825	0.0678757	0.0240241	0.0598325	0.585919	0.0544529	0.327125	0.0432739	0.0106609	0.0611025	-0.00296613	0.01	1.18277	0.125536	0.00620636	0.0514983	0.0118064	0.0118064	1.16071	1.54688	0.00698437	0.0607839	0.0625519	0.0625519	0.901629	-0.712693	0.0053396	0.041452	-1.07346	0.01	0.850104	1.18386	0.0046972	0.0342197	-0.223501	0.01	0.893728	-0.686674	-0.0629066	0	0	0.01	0.895016	-0.68725	-0.148923	0	0.0506251	0.0506251	1.11436	0.96754	0.00875254	0.0829435	0.0542904	0.0542904	1.03392	-0.58871	0.00585522	0.0473904	0.193933	0.193933	0.856129	0.607547	0.017564	0.216082	0.180479	0.180479	0.795764	-0.904804	0.0124997	0.136207	0.0113441	0.0113441	1.22153	-0.0662148	0.00760694	0.0684062	-0.0147056	0.01	0.700755	-0.586548	-0.000802767	0	0.369316	0.369316	1.07757	0.569322	0.0276102	0.423993	-0.10495	0.01	0.894278	1.15268	0.00376347	0.0241024	-0.0151778	0.01	0.602543	0.128648	0.00264463	0.0129198	0.5841	0.5841	1.0677	-0.275392	0.0309518	0.502266	0.32442	0.32442	0.983497	-0.259284	0.0193321	0.248047	-0.386536	0.01	0.894619	0.322313	0.00280928	0.014473	0	0	0	0	0	0	0	0	0	0	0	0	0	0	0	0	0	0	1.0008	0.911374	0	1.44904	-0.148225	0	0.932181	0.928398	0	1.43848	-0.190799	0	0	0	-0.243179	0	0	0.620437	0.916264	0.864243	0.0835	1.47828	-0.200674	0	0.978028	0.70586	0.0835	1.1203	-0.340275	0	0	0	0.371827	0	0	-2.26023	1.06014	0.495303	0.0835	0.644392	-0.525862	0	1.07577	0.309259	0.0835	1.33049	-0.468222	0	0	0	0.0838142	0	0	3.68781	1.05022	0.0217564	0.09142	2.34517	-0.515997	0	1.14804	0.0582465	0.09142	2.24751	-0.254195	0	0	0	0.0655929	0	0	2.6764	0.916264	0.864243	-0.0835	1.47828	-0.200674	0	0.859383	0.704041	-0.0835	1.24032	-0.116182	0	0	0	-0.341177	0	0	-1.4854	0.783764	0.491068	-0.0835	0.923964	-0.00385761	0	0.714427	0.317721	-0.0835	0.613089	0.120489	0	0	0	-0.380498	0	0	-1.79337	0.56324	0.0708892	-0.09142	0.159625	0.423022	0	0.667244	0.0617673	-0.09142	0.138557	0.182818	0	0	0	-0.378941	0	0	-2.30957	0.922688	1.01472	0	1.38492	-0.196689	0	0.970623	1.33253	0	1.18774	-0.166948	0	0	0	-0.243179	0	0	0.620437	5.83286e-17	0.205677	0.411963	0.879443	2.47303	3.00381	3.59941	0.385997	1	4	-0.258459	-0.296898	0.211637	0.243113	0.22467	0.00589868	0.0984997	0.234241	0.159262	0.432978	0.000474666	-0.245724	-0.00149972	-0.370355	-0.00832002	-0.00813997	0.19239	0.103967	0.1414	0.0595345	0.151927	0.0421686	-0.00271396	-0.0624531	-0.00118668	-0.0360696	-0.146644	-0.143471	0	0	0.151503	-0.223501	-0.00296613	0.0118064	0.0625519	0	0	0	0	0	0.369316	0.0696732	0	0	0	0.0571228	0.0113441	-0.173872	0.238147	1.28728	386.817	0.748738	0.316989	22.4438	1.37719	0.741035	3.76187	1.94448	10.4655	9.55578	67.9245	0.43269	2.01527	45.3245	0.348714	2.26381	61.5712	42.6343	0.403924	0.310347	0	0	3.32831	0	0	0.881877	0	0.014473	0.894619	0.248047	0.983497	0.502266	1.0677	0.216082	0.856129	0.0473904	1.03392	0.0829435	1.11436	0.0129198	0.602543	1.07757	0.894278	0.795764	0.0684062	0.700755	-0.243179	0.620437	3.69228	0	0.895016	0.850104	0.893728	1.18277	0.0607839	0.901629	0.941964	0.967964	-3.72401e-19	1.2042	-0.182298	0	89.7504	-13.5869	0	0.406236	0.369877	-1.07401	0.147023	0.869535	-0	107.46	635.546	-0	58.1016	-9.82398	471.458	0.741816	-2.63546e-15	-0.09142	-0	-0	-0	-0	-0	-0	0	0	0	0	0	0	-0.027396	0.0122182	0.20221	-0.078854	0.159167	-0.183514	0.00889102	0.283878	-0.0999004	-1.40894
0.97	-0.236794	1.01545	0.909814	0.585681	-0.229594	-0.0288752	-0.119293	-0.0425883	-0.0039859	0.654475	1.47862	-0.163689	-2.97134	5.72226	-1.11338	-2.15023	-0.344392	-0.58972	0.010053	0.11549	0.0124947	0.129674	0.0755568	0.14032	0.0197801	0.0919013	0.0101663	0.0673144	0.0101657	0.0881948	0.0583374	0.057272	0.0721617	0.0452133	0.196248	0.0589073	0.246023	0.0767709	0.0115111	0.134657	0.0102674	0.109034	0.371702	0.115476	0.0113023	0.068759	0.0222656	0.0599667	0.584515	0.0543044	0.32591	0.043151	0.0105807	0.0613388	-0.00212957	0.01	1.1833	-0.026076	0.00604345	0.0495861	0.0128016	0.0128016	1.17565	1.43892	0.00739273	0.0657633	0.0564953	0.0564953	0.894325	-0.747393	0.00506415	0.0383273	-1.09487	0.01	0.862113	1.21468	0.00461643	0.0333245	-0.227131	0.01	0.886883	-0.68223	-0.064337	0	0	0.01	0.888166	-0.682811	-0.164363	0	0.0626184	0.0626184	1.12298	0.797413	0.0096528	0.094916	0.0500029	0.0500029	1.02758	-0.683534	0.00531278	0.0411462	0.196487	0.196487	0.862479	0.66252	0.0177489	0.219267	0.15657	0.15657	0.786587	-0.931302	0.0115585	0.12205	0.0112761	0.0112761	1.22083	-0.0742862	0.00756355	0.0678691	-0.0212656	0.01	0.694928	-0.578385	-0.00198197	0	0.381472	0.381472	1.08326	0.575903	0.0281685	0.436727	-0.0974567	0.01	0.905915	1.1747	0.0037804	0.0242807	-0.0141102	0.01	0.603894	0.142024	0.00258576	0.0123745	0.579995	0.579995	1.06479	-0.308448	0.0305463	0.492454	0.320503	0.320503	0.980706	-0.300789	0.0189637	0.241116	-0.380032	0.01	0.89808	0.37133	0.00286759	0.0150324	0	0	0	0	0	0	0	0	0	0	0	0	0	0	0	0	0	0	1.01545	0.909814	0	1.47862	-0.163689	0	0.946718	0.926399	0	1.46777	-0.20867	0	0	0	-0.236794	0	0	0.654475	0.931212	0.862144	0.0835	1.50982	-0.218818	0	0.989327	0.702386	0.0835	1.13968	-0.353462	0	0	0	0.348887	0	0	-2.31687	1.06659	0.490001	0.0835	0.647617	-0.53246	0	1.0888	0.304628	0.0835	1.27889	-0.456796	0	0	0	0.119293	0	0	3.40539	1.07298	0.016875	0.09142	2.20738	-0.460835	0	1.16986	0.0557818	0.09142	2.1182	-0.238779	0	0	0	0.0904173	0	0	2.29201	0.931212	0.862144	-0.0835	1.50982	-0.218818	0	0.871948	0.702808	-0.0835	1.2715	-0.130174	0	0	0	-0.356087	0	0	-1.49575	0.793163	0.490986	-0.0835	0.954662	-0.0123307	0	0.720686	0.318927	-0.0835	0.638051	0.121036	0	0	0	-0.398675	0	0	-1.84014	0.564929	0.0752243	-0.09142	0.178113	0.443806	0	0.668688	0.0636382	-0.09142	0.14996	0.191688	0	0	0	-0.402661	0	0	-2.42986	0.936674	1.01266	0	1.41131	-0.215243	0	0.982579	1.33077	0	1.20312	-0.185199	0	0	0	-0.236794	0	0	0.654475	1.16657e-16	0.191017	0.451367	0.894859	2.45008	2.90451	3.52011	0.375343	1	4	-0.27146	-0.311834	0.219702	0.252378	0.225629	0.00617367	0.0975205	0.23169	0.158443	0.430072	0.000547443	-0.243048	-0.00146474	-0.367869	-0.00870789	-0.00851945	0.195338	0.102901	0.138746	0.0563977	0.159536	0.0450818	-0.00251667	-0.0591626	-0.00151141	-0.0385615	-0.14514	-0.141999	0	0	0.162622	-0.227131	-0.00212957	0.0128016	0.0564953	0	0	0	0	0	0.381472	0.0714986	0	0	0	0.0507715	0.0112761	-0.17678	0.238147	1.28728	385.451	0.885076	0.335897	21.6483	1.32002	0.733641	3.72438	2.42911	10.5736	9.67128	61.7566	0.449199	1.97973	46.947	0.348012	2.14349	63.4177	44.1425	0.402956	0.30916	0	0	4.74635	0	0	0.865992	0	0.0150324	0.89808	0.241116	0.980706	0.492454	1.06479	0.219267	0.862479	0.0411462	1.02758	0.094916	1.12298	0.0123745	0.603894	1.08326	0.905915	0.786587	0.0678691	0.694928	-0.236794	0.654475	3.08324	0	0.888166	0.862113	0.886883	1.1833	0.0657633	0.894325	0.954081	0.966071	-3.72401e-19	1.2189	-0.195895	0	90.8462	-14.6003	0	0.401495	0.320934	-1.31014	0.152841	0.852398	-0	111.712	623.02	-0	56.9565	-10.2127	462.418	0.742219	-2.63689e-15	-0.09142	-0	-0	-0	-0	-0	-0	0	0	0	0	0	0	-0.0256134	0.0115032	0.19757	-0.0917709	0.155514	-0.179303	0.0103474	0.277363	-0.116265	-1.41859
0.98	-0.230101	1.03037	0.908088	0.555768	-0.174107	-0.0405804	-0.140986	-0.0462172	-0.0102589	0.68093	1.50553	-0.18111	-2.99083	5.32893	-1.42642	-2.18253	-0.382473	-0.663797	0.0100466	0.115392	0.0135909	0.131186	0.0721851	0.139131	0.0185668	0.0932012	0.0101462	0.0667982	0.0101457	0.0875189	0.0704058	0.0576268	0.0684257	0.0448931	0.197659	0.0593705	0.225392	0.0758536	0.011476	0.134571	0.010235	0.108133	0.3836	0.116089	0.0111442	0.069657	0.0207345	0.0601142	0.582003	0.0541386	0.3239	0.0430096	0.0105103	0.0616084	-0.00163626	0.01	1.18229	-0.1807	0.00582297	0.0470157	0.0139501	0.0139501	1.18936	1.29699	0.00779391	0.0707313	0.0499925	0.0499925	0.886747	-0.76572	0.00480895	0.0354636	-1.11185	0.01	0.874307	1.21846	0.00452404	0.0323048	-0.230737	0.01	0.880082	-0.677945	-0.0652049	0	0	0.01	0.881358	-0.678528	-0.178423	0	0.0752594	0.0752594	1.12994	0.616126	0.0104734	0.106306	0.0436746	0.0436746	1.0203	-0.783614	0.00477292	0.0350619	0.198628	0.198628	0.86926	0.711825	0.0180024	0.223694	0.132415	0.132415	0.777188	-0.948431	0.0106542	0.108878	0.0112003	0.0112003	1.22005	-0.0824685	0.00751618	0.0672838	-0.0283195	0.01	0.689187	-0.569457	-0.00351759	0	0.393833	0.393833	1.08901	0.580288	0.0287063	0.449106	-0.0893815	0.01	0.917746	1.19082	0.00379358	0.0244198	-0.012703	0.01	0.605379	0.155424	0.00253687	0.0119262	0.574356	0.574356	1.06154	-0.343343	0.0300838	0.481391	0.31528	0.31528	0.977492	-0.34356	0.0185562	0.23361	-0.370853	0.01	0.902026	0.419026	0.00292356	0.0155736	0	0	0	0	0	0	0	0	0	0	0	0	0	0	0	0	0	0	1.03037	0.908088	0	1.50553	-0.18111	0	0.961538	0.924213	0	1.49455	-0.227983	0	0	0	-0.230101	0	0	0.68093	0.946462	0.859855	0.0835	1.53837	-0.238248	0	1.00085	0.69879	0.0835	1.16633	-0.363883	0	0	0	0.325666	0	0	-2.3099	1.07316	0.48467	0.0835	0.671733	-0.530904	0	1.10135	0.30011	0.0835	1.22892	-0.445804	0	0	0	0.15156	0	0	3.01903	1.09426	0.0125054	0.09142	2.03004	-0.404698	0	1.19032	0.053396	0.09142	1.96491	-0.251709	0	0	0	0.110979	0	0	1.59261	0.946462	0.859855	-0.0835	1.53837	-0.238248	0	0.884815	0.701426	-0.0835	1.30048	-0.14568	0	0	0	-0.371087	0	0	-1.5016	0.802861	0.490809	-0.0835	0.984215	-0.0226176	0	0.727192	0.320131	-0.0835	0.662645	0.119948	0	0	0	-0.417304	0	0	-1.88407	0.566809	0.0797587	-0.09142	0.197852	0.463127	0	0.670246	0.0655927	-0.09142	0.161759	0.199582	0	0	0	-0.427563	0	0	-2.54787	0.950917	1.01041	0	1.43586	-0.235215	0	0.994692	1.32882	0	1.21904	-0.205407	0	0	0	-0.230101	0	0	0.68093	8.69511e-17	0.214321	0.5373	0.969442	2.42338	2.80234	3.43227	0.385838	1	4	-0.284642	-0.326976	0.226173	0.259811	0.226907	0.00645853	0.0963231	0.228067	0.157508	0.425761	0.000636448	-0.239248	-0.00142484	-0.364182	-0.00910969	-0.00891255	0.19836	0.102634	0.135936	0.0525027	0.166412	0.0504778	-0.00230781	-0.0550766	-0.00180486	-0.0431771	-0.144764	-0.141631	0	0	0.174297	-0.230737	-0.00163626	0.0139501	0.0499925	0	0	0	0	0	0.393833	0.0733721	0	0	0	0.0441625	0.0112003	-0.179651	0.238147	1.28728	383.775	1.64153	0.358143	20.4901	1.27056	0.726543	3.68839	2.9534	10.4998	9.82061	55.4188	0.465461	1.94228	48.5911	0.347717	2.03939	65.1383	45.4382	0.402351	0.307811	0	0	6.25316	0	0	0.848285	0.0517539	0.0155736	0.902026	0.23361	0.977492	0.481391	1.06154	0.223694	0.86926	0.0350619	1.0203	0.106306	1.12994	0.0119262	0.605379	1.08901	0.917746	0.777188	0.0672838	0.689187	-0.230101	0.68093	0.968631	0	0.881358	0.874307	0.880082	1.18229	0.0707313	0.886747	0.966348	0.964034	1.86201e-19	1.23375	-0.211056	0	91.9533	-15.7303	0	0.396186	0.277175	-1.58078	0.158286	0.833387	-0	115.692	609.125	-0	55.6862	-10.5765	452.36	0.742638	-2.63838e-15	-0.09142	-0.045436	0.0247796	-0	-33.2094	18.1115	-0	-1.56519	-2.86995	20.0431	1.10665	-3.93162e-15	0.08642	-0.0236081	0.0109051	0.192256	-0.104003	0.151331	-0.17448	0.0117267	0.269903	-0.131762	-1.42428
0.99	-0.223367	1.04547	0.906229	0.52772	-0.130423	-0.0778792	-0.162475	-0.0504768	-0.0175183	0.657835	1.5105	-0.188448	-2.52739	3.02177	-5.34548	-2.10108	-0.46899	-0.795581	0.010041	0.115091	0.0147602	0.132368	0.0683547	0.137978	0.0175076	0.0944356	0.0101285	0.0662852	0.010128	0.0868471	0.0827667	0.0576997	0.0639882	0.0442747	0.19994	0.0604636	0.204714	0.0749286	0.011435	0.13447	0.0102066	0.107247	0.395787	0.116696	0.0110054	0.0705624	0.0194001	0.0602824	0.578239	0.053954	0.320975	0.0428486	0.0104485	0.0619156	-0.00150583	0.01	1.17921	-0.498069	0.00534563	0.0415208	0.0151274	0.0151274	1.20007	0.746176	0.0077904	0.0706875	0.0431708	0.0431708	0.8794	-0.674343	0.0047938	0.0352945	-1.12427	0.01	0.885887	1.05263	0.00427909	0.029624	-0.234319	0.01	0.873323	-0.673802	-0.0647789	0	0	0.01	0.874593	-0.674387	-0.188015	0	0.0877753	0.0877753	1.13137	-0.463729	0.00843924	0.0788959	0.0338968	0.0338968	1.00624	-2.36143	0.00118049	0.00200991	0.201361	0.201361	0.885266	2.91432	0.0203737	0.26831	0.108145	0.108145	0.767711	-0.94284	0.00981829	0.0971755	0.0111165	0.0111165	1.21913	-0.101203	0.00745049	0.0664738	-0.0358415	0.01	0.683539	-0.559761	-0.00511088	0	0.406337	0.406337	1.09471	0.560286	0.0291741	0.459967	-0.0807654	0.01	0.929675	1.18976	0.00379154	0.0243982	-0.0109638	0.01	0.607074	0.18648	0.00252411	0.0118098	0.567227	0.567227	1.05792	-0.383567	0.0295244	0.468167	0.30881	0.30881	0.973831	-0.392466	0.0180706	0.224896	-0.359095	0.01	0.906524	0.489557	0.00300624	0.0163804	0	0	0	0	0	0	0	0	0	0	0	0	0	0	0	0	0	0	1.04547	0.906229	0	1.5105	-0.188448	0	0.976531	0.92189	0	1.5002	-0.233801	0	0	0	-0.223367	0	0	0.657835	0.961889	0.857433	0.0835	1.5426	-0.243434	0	1.01283	0.695246	0.0835	1.23939	-0.338678	0	0	0	0.304353	0	0	-1.86956	1.08056	0.479632	0.0835	0.836285	-0.465297	0	1.11287	0.295749	0.0835	1.04816	-0.42807	0	0	0	0.17393	0	0	1.15221	1.11045	0.00968623	0.09142	1.12955	-0.192864	0	1.20711	0.0491383	0.09142	1.29499	-0.598193	0	0	0	0.096051	0	0	-4.19327	0.961889	0.857433	-0.0835	1.5426	-0.243434	0	0.897911	0.699931	-0.0835	1.31529	-0.151098	0	0	0	-0.385842	0	0	-1.44325	0.812858	0.490546	-0.0835	1.0131	-0.0283461	0	0.733958	0.321337	-0.0835	0.689529	0.12253	0	0	0	-0.436319	0	0	-1.91224	0.568913	0.0845091	-0.09142	0.223673	0.48764	0	0.671943	0.0676305	-0.09142	0.177969	0.208654	0	0	0	-0.453837	0	0	-2.70782	0.96533	1.00801	0	1.44355	-0.24117	0	1.00696	1.32671	0	1.2339	-0.213784	0	0	0	-0.223367	0	0	0.657835	4.38181e-17	0.335888	0.621703	1.03723	2.38419	2.69583	3.33023	0.453203	1	4	-0.297955	-0.342269	0.23055	0.264839	0.22851	0.00674576	0.0948928	0.223432	0.156449	0.420087	0.000742756	-0.234386	-0.00137965	-0.359329	-0.00951482	-0.00930891	0.201668	0.103567	0.132727	0.0472501	0.172012	0.0586818	-0.00206931	-0.0495665	-0.00204384	-0.0501945	-0.14608	-0.142919	0	0	0.186282	-0.234319	-0.00150583	0.0151274	0.0431708	0	0	0	0	0	0.406337	0.0752861	0	0	0	0.0373286	0.0111165	-0.182482	0.304889	1.0163	388.04	2.89533	0.382464	18.0394	1.22704	0.719711	3.65374	7.72593	13.1035	10.0762	48.7188	0.504124	1.90299	50.2704	0.347767	1.94941	66.8893	46.689	0.402097	0.306152	0	0	9.21978	0	0	0.82974	0.305817	0.0163804	0.906524	0.224896	0.973831	0.468167	1.05792	0.26831	0.885266	0.00200991	1.00624	0.0788959	1.13137	0.0118098	0.607074	1.09471	0.929675	0.767711	0.0664738	0.683539	-0.223367	0.657835	-4.46386	0	0.874593	0.885887	0.873323	1.17921	0.0706875	0.8794	0.978702	0.961876	-3.72401e-19	1.23382	-0.218003	0	91.9581	-16.248	0	0.408342	0.179718	-2.84973	0.15883	0.814397	-0	116.089	595.245	-0	54.4173	-10.6129	442.292	0.743041	-2.63981e-15	-0.09142	-0.239524	0.190137	-0	-175.069	138.972	-0	-12.01	-15.1294	155.852	1.12146	-3.98422e-15	0.08642	-0.0213743	0.0104106	0.186297	-0.115481	0.146641	-0.169072	0.0130208	0.261537	-0.146303	-1.42579
1	-0.217012	1.06055	0.904363	0.506446	-0.119193	-0.132631	-0.182942	-0.0554541	-0.0264524	0.619813	1.50663	-0.182415	-1.76777	-0.556963	-4.84646	-2.0129	-0.502777	-1.00509	0.288403	0.11257	0.0142953	0.13274	0.066449	0.137058	0.0165819	0.0953965	0.0101129	0.0657753	0.339252	0.0828112	0.0949703	0.0570012	0.0587042	0.0432095	0.202603	0.062682	0.170194	0.0740856	0.0155118	0.13433	0.0101816	0.106377	0.355878	0.117544	0.0108834	0.0714558	0.0182356	0.0604806	0.573224	0.0537459	0.317124	0.0426622	0.0103942	0.0622855	0.385649	0.385649	1.15339	-2.575	0.0100825	0.100822	0.0111386	0.0111386	1.20345	-0.0742733	0.00699787	0.0609474	0.0524375	0.0524375	0.873536	-0.487034	0.00514117	0.0391975	-0.0432738	0.01	0.894901	0.744995	0.00388976	0.0254381	-0.0778695	0.01	0.866604	-0.669784	-0.0613689	0	0.468296	0.468296	0.83395	-4.94192	-0.158906	0	0.100202	0.100202	1.11767	-2.36408	0.00459537	0.0330917	0.0226082	0.0226082	0.982035	-2.36848	-0.00348113	0	0.204214	0.204214	0.917745	3.29253	0.0211623	0.284194	-0.101407	0.01	0.759074	-0.804015	0.00887833	0.0845852	0.0161642	0.0161642	1.21786	-0.119098	0.00761663	0.0685264	-0.143559	0.01	0.677991	-0.549433	-0.00634584	0	0.226883	0.226883	1.10267	0.841982	0.0277369	0.426873	-0.218169	0.01	0.941447	1.16003	0.00376188	0.0240857	0	0.01	0.60907	0.206558	0.00250323	0.01162	0.558719	0.558719	1.05384	-0.436618	0.0287971	0.451206	0.301276	0.301276	0.969596	-0.461081	0.0174145	0.213532	-0.345066	0.01	0.911939	0.605751	0.00313911	0.0176941	0	0	0	0	0	0	0	0	0	0	0	0	0	0	0	0	0	0	1.06055	0.904363	0	1.50663	-0.182415	0	0.99151	0.919586	0	1.49719	-0.225208	0	0	0	-0.217012	0	0	0.619813	0.977278	0.855036	0.0835	1.5372	-0.234029	0	1.0258	0.692107	0.0835	1.35017	-0.289728	0	0	0	0.289435	0	0	-1.14796	1.0903	0.475507	0.0835	1.10152	-0.363775	0	1.12193	0.291506	0.0835	0.787812	-0.417703	0	0	0	0.170242	0	0	-1.70492	1.11599	0.00796942	0.09142	0.0923496	-0.17903	0	1.21479	0.0417085	0.09142	0.313387	-0.826314	0	0	0	0.0376116	0	0	-6.55138	0.977278	0.855036	-0.0835	1.5372	-0.234029	0	0.911084	0.698453	-0.0835	1.31907	-0.141815	0	0	0	-0.399954	0	0	-1.39309	0.823085	0.490289	-0.0835	1.02908	-0.0192253	0	0.740969	0.322617	-0.0835	0.711197	0.136455	0	0	0	-0.455408	0	0	-1.89586	0.571301	0.0895416	-0.09142	0.254672	0.521099	0	0.673817	0.0697828	-0.09142	0.197353	0.223704	0	0	0	-0.48186	0	0	-2.90095	0.979762	1.00563	0	1.44386	-0.23249	0	1.01937	1.32459	0	1.24617	-0.207943	0	0	0	-0.217012	0	0	0.619813	3.50511e-17	0.65914	0.791445	1.02114	2.18803	2.56419	3.19624	0.503402	2	0	-0.31117	-0.357449	0.228242	0.262187	0.23044	0.00702512	0.0932013	0.217983	0.155256	0.413157	0.000868474	-0.22867	-0.00132874	-0.353401	-0.00990885	-0.00969442	0.205406	0.104885	0.128901	0.0416466	0.176711	0.0682282	-0.00178494	-0.0436882	-0.00224437	-0.0583601	-0.147939	-0.144738	0.468296	0	-0.0432738	0.0710372	0.331984	0.0111386	-0.0890426	0.179741	-0.126076	0.14148	-0.163122	0.0142154	0.407206	-0.218169	0.252333	-0.159726	-0.27293	-0.101407	0.0161642	-0.143559	0.304889	1.0163	689.26	120.722	0.498302	15.7324	1.18684	0.713115	210.362	16.1158	11.6256	10.4598	33.7111	0.697692	1.86244	33.0539	0.348062	1.87174	69.0088	48.346	0.40227	0.342972	0	0	10.7581	0	0	0.803237	0.41735	0.0176941	0.911939	0.213532	0.969596	0.451206	1.05384	0.284194	0.917745	0	0.982035	0.0330917	1.11767	0.01162	0.60907	1.10267	0.941447	0.759074	0.0685264	0.677991	-0.217012	0.619813	-0.552757	0	0.83395	0.894901	0.866604	1.15339	0.0609474	0.873536	0.990989	0.959726	1.86201e-19	1.22526	-0.209059	0	91.3207	-15.5815	0	0.406424	0.0611307	-4.58101	0.15927	0.787288	-0	116.411	575.432	-0	52.606	-10.6423	427.829	0.743492	-2.64142e-15	-0.09142	-0.0667796	0.411972	-0	-48.8094	301.112	-0	-26.027	-4.2189	340.392	1.13045	-4.01617e-15	0.0864363	0	0	0	0	0	0	0	0	0	0
1.01	-0.211183	1.0755	0.902741	0.493225	-0.140131	-0.107304	-0.202088	-0.0608537	-0.0383939	0.516525	1.4685	-0.126377	-0.835556	-3.0715	4.79539	-1.73719	-0.609435	-1.46927	0.341162	0.110291	0.0139679	0.132273	0.0635779	0.136457	0.0157728	0.0960245	0.0100993	0.0652684	0.412117	0.0777512	0.106794	0.0560921	0.0525755	0.0423457	0.205587	0.063384	0.143288	0.0733301	0.0159524	0.134197	0.0101596	0.105523	0.328828	0.118379	0.0107764	0.0723188	0.0172189	0.0606936	0.56693	0.0535055	0.312337	0.0424374	0.0103465	0.0627617	0.366684	0.366684	1.13004	-2.13356	0.0125456	0.136905	0.0117051	0.0117051	1.19921	-0.710565	0.00603436	0.0494796	0.0435506	0.0435506	0.869704	-0.253381	0.0056099	0.0445509	-0.0203703	0.01	0.900792	0.396482	0.00342125	0.020546	-0.0714578	0.01	0.859926	-0.665879	-0.055262	0	0.456495	0.456495	0.782993	-5.18001	-0.110471	0	0.111881	0.111881	1.09985	-0.649715	0.00876457	0.0831001	0.0104489	0.0104489	0.962401	-0.282239	0.00494378	0.0369726	0.207387	0.207387	0.928023	-0.445058	0.0135831	0.152835	-0.103738	0.01	0.751333	-0.742746	0.0078818	0.0718303	0.0160003	0.0160003	1.21666	-0.132464	0.00757306	0.0679868	-0.148678	0.01	0.67255	-0.538674	-0.0070688	0	0.238125	0.238125	1.1105	0.704669	0.0260621	0.389212	-0.211927	0.01	0.952816	1.10307	0.00370346	0.0234719	0	0.01	0.611214	0.238018	0.0025053	0.0116388	0.548934	0.548934	1.04913	-0.516236	0.0277888	0.428054	0.292826	0.292826	0.964487	-0.577767	0.0164194	0.197107	-0.329047	0.01	0.918912	0.834084	0.00338752	0.0202009	0	0	0	0	0	0	0	0	0	0	0	0	0	0	0	0	0	0	1.0755	0.902741	0	1.4685	-0.126377	0	1.00637	0.91756	0	1.46085	-0.162084	0	0	0	-0.211183	0	0	0.516525	0.992512	0.852929	0.0835	1.49423	-0.169241	0	1.03983	0.689646	0.0835	1.44214	-0.184336	0	0	0	0.282042	0	0	-0.319032	1.10273	0.472575	0.0835	1.37289	-0.204403	0	1.12913	0.287752	0.0835	0.74624	-0.293933	0	0	0	0.141911	0	0	-3.39053	1.11625	0.00328554	0.09142	-0.00911456	-0.47704	0	1.21516	0.0367275	0.09142	-0.056096	-0.338096	0	0	0	0.0346066	0	0	1.40486	0.992512	0.852929	-0.0835	1.49423	-0.169241	0	0.924239	0.697241	-0.0835	1.30419	-0.0859029	0	0	0	-0.41327	0	0	-1.22066	0.833476	0.490267	-0.0835	1.05155	0.0248879	0	0.748236	0.324162	-0.0835	0.747557	0.180885	0	0	0	-0.474124	0	0	-1.8301	0.57408	0.0950548	-0.09142	0.309692	0.59228	0	0.675943	0.0721629	-0.09142	0.234163	0.256198	0	0	0	-0.512518	0	0	-3.29937	0.994118	1.00354	0	1.41644	-0.168412	0	1.03186	1.32272	0	1.25158	-0.148916	0	0	0	-0.211183	0	0	0.516525	1.61505e-16	1.60941	2.0362	2.12559	1.87672	2.37159	3.00373	0.961223	2	0	-0.324155	-0.372365	0.216586	0.248798	0.23269	0.00729665	0.0912252	0.211892	0.153917	0.405086	0.00101536	-0.22228	-0.0012716	-0.346497	-0.0102918	-0.0100691	0.209536	0.106431	0.12441	0.0361592	0.180676	0.0780766	-0.00145113	-0.0379319	-0.00241357	-0.0667842	-0.15012	-0.146871	0.456495	0	-0.0203703	0.0699255	0.329689	0.0117051	-0.09234	0.17264	-0.135644	0.135891	-0.156678	0.0152943	0.413634	-0.211927	0.242364	-0.171848	-0.246026	-0.103738	0.0160003	-0.148678	0.304889	1.0163	714.141	136.352	1.61745	11.2955	1.14913	0.70673	227.064	11.8971	4.69222	20.2279	26.9252	0.737815	1.82138	31.3916	0.348515	1.80446	72.0173	51.148	0.403026	0.371216	0	0	14.4324	0	0.767177	0.762764	1.40441	0.0202009	0.918912	0.197107	0.964487	0.428054	1.04913	0.152835	0.928023	0.0369726	0.962401	0.0831001	1.09985	0.0116388	0.611214	1.1105	0.952816	0.751333	0.0679868	0.67255	-0.211183	0.516525	-17.9743	0	0.782993	0.900792	0.859926	1.13004	0.0494796	0.869704	1.00323	0.957935	1.86201e-19	1.22579	-0.13474	0	91.3597	-10.0423	0	0.291355	0.0735638	-4.74642	0.156633	0.746509	-0	114.483	545.626	-0	49.8811	-10.4661	405.938	0.743987	-2.64317e-15	-0.09142	-0.0304772	1.40408	-0	-22.2759	1026.25	-0	-89.7402	-1.94791	1196.02	1.16543	-4.14043e-15	0.0874449	0	0	0	0	0	0	0	0	0	0
1.02	-0.20701	1.08976	0.902028	0.49068	-0.176956	-0.0719987	-0.217006	-0.0676206	-0.0567255	0.321386	1.38537	-0.0178536	0.359878	-4.53391	3.76012	-1.26562	-0.722752	-2.16635	0.343369	0.108444	0.0136326	0.13134	0.0599645	0.136283	0.015064	0.0962378	0.0100873	0.0647644	0.425899	0.0726102	0.117084	0.0559118	0.046871	0.0429433	0.209301	0.0627513	0.121884	0.0726498	0.0161264	0.134034	0.0101403	0.104686	0.310977	0.11903	0.0106823	0.0731124	0.0163294	0.0609577	0.559451	0.0532071	0.306688	0.0421346	0.0103045	0.063474	0.33152	0.33152	1.1111	-1.66063	0.014234	0.1629	0.0109003	0.0109003	1.19075	-1.06141	0.0053062	0.0410713	0.0351772	0.0351772	0.868596	0.0576858	0.00627625	0.052322	-0.00395849	0.01	0.902793	-0.0291065	0.00269758	0.0134149	-0.0647354	0.01	0.853286	-0.662073	-0.0487688	0	0.421107	0.421107	0.73122	-5.13845	-0.0557359	0	0.121485	0.121485	1.09631	-0.147447	0.0112582	0.117621	-0.00308105	0.01	0.975984	2.79141	0.00831023	0.0772455	0.211788	0.211788	0.91876	-1.39442	0.00970257	0.0955936	-0.105863	0.01	0.744363	-0.640316	0.00720477	0.063462	0.0162388	0.0162388	1.21518	-0.160986	0.00748208	0.0668631	-0.153703	0.01	0.667217	-0.527663	-0.00576274	0	0.249669	0.249669	1.11661	0.51852	0.024711	0.359437	-0.205767	0.01	0.963273	0.975895	0.00357123	0.0220926	0	0.01	0.613874	0.289376	0.00254231	0.0119758	0.537976	0.537976	1.04328	-0.673891	0.026128	0.390677	0.283583	0.283583	0.957604	-0.834366	0.0146831	0.169853	-0.311281	0.01	0.929341	1.27237	0.0038354	0.0248617	0	0	0	0	0	0	0	0	0	0	0	0	0	0	0	0	0	0	1.08976	0.902028	0	1.38537	-0.0178536	0	1.02057	0.916559	0	1.3807	-0.0400905	0	0	0	-0.20701	0	0	0.321386	1.00699	0.851871	0.0835	1.40149	-0.0444567	0	1.05457	0.688665	0.0835	1.51268	-0.0120425	0	0	0	0.28367	0	0	0.681263	1.11782	0.471697	0.0835	1.66049	0.0310495	0	1.13771	0.286059	0.0835	0.945292	-0.045563	0	0	0	0.106714	0	0	-3.85264	1.11633	0.000525453	0.09142	0.00924115	-0.141026	0	1.21523	0.0339782	0.09142	0.0123362	-0.150177	0	0	0	0.0347152	0	0	-0.0925197	1.00699	0.851871	-0.0835	1.40149	-0.0444567	0	0.937045	0.696925	-0.0835	1.25519	0.0215848	0	0	0	-0.424016	0	0	-0.944232	0.844063	0.490939	-0.0835	1.06069	0.109381	0	0.755928	0.326351	-0.0835	0.786323	0.256301	0	0	0	-0.491637	0	0	-1.66698	0.577586	0.101491	-0.09142	0.389007	0.69113	0	0.678562	0.0749638	-0.09142	0.287318	0.304053	0	0	0	-0.548362	0	0	-3.83333	1.00796	1.00249	0	1.35309	-0.0441426	0	1.04438	1.32182	0	1.25046	-0.0324405	0	0	0	-0.20701	0	0	0.321386	3.11693e-16	1.82609	2.35858	2.47239	1.69222	2.16191	2.70046	0.991409	2	0	-0.336388	-0.386417	0.201577	0.231557	0.235257	0.00755933	0.0889497	0.205296	0.152422	0.395986	0.00118448	-0.21536	-0.00120779	-0.338713	-0.0106624	-0.0104316	0.213947	0.10858	0.119258	0.0308123	0.183876	0.0874457	-0.00106821	-0.0323229	-0.00255013	-0.0747982	-0.153151	-0.149837	0.421107	0	-0.00395849	0.0688206	0.31046	0.0109003	-0.0947409	0.165052	-0.143992	0.129918	-0.149792	0.0162355	0.421889	-0.205767	0.231712	-0.182424	-0.221508	-0.105863	0.0162388	-0.153703	0.304889	1.0163	700.287	128.063	1.94232	5.74357	1.23223	0.700533	217.614	7.68948	2.06874	31.2279	21.0755	0.813044	1.78045	30.6047	0.348977	1.74675	77.729	56.9594	0.404867	0.364679	0	0	18.4541	0	0.921372	0.698307	1.62307	0.0248617	0.929341	0.169853	0.957604	0.390677	1.04328	0.0955936	0.91876	0.0772455	0.975984	0.117621	1.09631	0.0119758	0.613874	1.11661	0.963273	0.744363	0.0668631	0.667217	-0.20701	0.321386	-18.6201	0	0.73122	0.902793	0.853286	1.1111	0.0410713	0.868596	1.01552	0.957228	1.86201e-19	1.22917	-0.00698204	0	91.6114	-0.520381	0	0.171474	0.217774	-3.95121	0.135883	0.684958	-0	99.3171	500.638	-0	45.7684	-9.07957	372.718	0.744485	-2.64494e-15	-0.09142	-0.11996	1.61863	-0	-87.6793	1183.06	-0	-104.068	-7.71274	1399.4	1.18287	-4.20238e-15	0.0879653	0	0	0	0	0	0	0	0	0	0
1.03	-0.204595	1.10326	0.902318	0.500423	-0.231237	-0.0324882	-0.227983	-0.074798	-0.0811672	0.183344	1.32357	0.065167	1.49281	-6.19206	3.99631	-0.98595	-0.687473	-2.66144	0.335279	0.106996	0.0131917	0.129914	0.0558077	0.136646	0.0144434	0.0959598	0.0100767	0.0642633	0.409257	0.0676213	0.112654	0.0559426	0.0419934	0.044383	0.254265	0.0614336	0.104604	0.0720842	0.0163474	0.133855	0.0101233	0.103867	0.299321	0.119507	0.0105996	0.0737983	0.0155512	0.0612484	0.550611	0.0528058	0.300091	0.041683	0.0102677	0.0644745	0.299141	0.299141	1.09627	-1.32006	0.0153564	0.180307	0.00889851	0.01	1.17782	-1.52187	0.00432616	0.0301365	0.0276264	0.0276264	0.870912	0.397295	0.00673223	0.0577465	0.0048157	0.01	0.900186	-0.486731	0.00178075	0.00564552	-0.0577815	0.01	0.846683	-0.658357	-0.0418445	0	0.336114	0.336114	0.68098	-4.00323	0.0042073	0.0288449	0.0697095	0.0697095	1.09691	0.275712	0.0126567	0.1386	-0.072625	0.01	1.00871	3.51192	0.00848045	0.0794249	0.294321	0.294321	0.899468	-2.41497	0.00783934	0.0712989	-0.107767	0.01	0.738568	-0.518249	0.00673505	0.0577802	0.0163835	0.0163835	1.21356	-0.156222	0.00743199	0.0662461	-0.158629	0.01	0.661994	-0.516543	-0.00256881	0	0.258499	0.258499	1.12108	0.38596	0.0237159	0.337859	-0.199819	0.01	0.97231	0.831193	0.00341675	0.0204998	0	0.01	0.616802	0.285515	0.00250921	0.0116743	0.524893	0.524893	1.03541	-0.918306	0.0240075	0.344151	0.272781	0.272781	0.94734	-1.24718	0.012566	0.137217	-0.290362	0.01	0.943989	1.6381	0.00419611	0.0287238	0	0	0	0	0	0	0	0	0	0	0	0	0	0	0	0	0	0	1.10326	0.902318	0	1.32357	0.065167	0	1.03404	0.916682	0	1.32094	0.0524749	0	0	0	-0.204595	0	0	0.183344	1.02061	0.851961	0.0835	1.3328	0.0500126	0	1.07017	0.689345	0.0835	1.60537	0.133084	0	0	0	0.295829	0	0	1.67615	1.13605	0.473162	0.0835	1.96773	0.243519	0	1.14811	0.286852	0.0835	1.12637	0.189099	0	0	0	0.0645916	0	0	-4.51591	1.11641	0.000565288	0.09142	0.00733626	0.142808	0	1.2154	0.0337596	0.09142	0.0245839	0.0913753	0	0	0	0.0321034	0	0	-0.519597	1.02061	0.851961	-0.0835	1.3328	0.0500126	0	0.949341	0.69762	-0.0835	1.20893	0.107211	0	0	0	-0.432577	0	0	-0.802606	0.854599	0.492437	-0.0835	1.04425	0.183252	0	0.763885	0.329257	-0.0835	0.801097	0.318424	0	0	0	-0.507375	0	0	-1.49008	0.581816	0.10879	-0.09142	0.451778	0.759661	0	0.681645	0.0782272	-0.09142	0.324898	0.345217	0	0	0	-0.588543	0	0	-4.15152	1.02122	1.00258	0	1.30519	0.0501252	0	1.05686	1.322	0	1.24663	0.0566596	0	0	0	-0.204595	0	0	0.183344	7.77715e-17	1.53769	2.21013	2.03558	1.57442	1.92393	2.32281	0.741533	2	0	-0.347323	-0.398979	0.187919	0.215867	0.238182	0.00795098	0.0863576	0.197638	0.150757	0.385108	0.00137714	-0.207327	-0.00113675	-0.329409	-0.0112148	-0.0109721	0.224356	0.130236	0.109306	0.00176631	0.184533	0.0648986	-0.000328515	-0.0018529	-0.00257816	-0.0555121	-0.183697	-0.179722	0.336114	0	0.0048157	0.0677222	0.293073	0.00889851	-0.095991	0.157047	-0.150979	0.123617	-0.142527	0.0170233	0.428835	-0.199819	0.220475	-0.191276	-0.199534	-0.107767	0.0163835	-0.158629	0.304889	1.0163	706.54	115.447	2.12387	5.09017	2.45547	0.694506	217.029	4.13409	1.87808	44.8106	16.1896	0.807855	1.74015	30.1998	0.349313	1.69698	85.1559	63.7874	0.407979	0.346287	0	0	18.2659	0	0.348856	0.606599	1.14226	0.0287238	0.943989	0.137217	0.94734	0.344151	1.03541	0.0712989	0.899468	0.0794249	1.00871	0.1386	1.09691	0.0116743	0.616802	1.12108	0.97231	0.738568	0.0662461	0.661994	-0.204595	0.183344	-6.50174	0.0288449	0.68098	0.900186	0.846683	1.09627	0.0301365	0.870912	1.02783	0.957736	1.86201e-19	1.23434	0.0968758	0	91.9968	7.22029	0	0.0489496	0.374281	-3.17229	0.119369	0.594738	-0	87.247	434.696	-0	39.7399	-7.97612	323.92	0.745165	-2.64736e-15	-0.09142	-0.0384836	1.14161	-0	-28.1278	834.406	-0	-73.5974	-2.48097	994.052	1.19133	-4.23245e-15	0.0882034	0	0	0	0	0	0	0	0	0	0
1.04	-0.202618	1.11657	0.903283	0.512771	-0.287565	-0.00102959	-0.238335	-0.0805372	-0.11022	0.240175	1.35248	0.127483	0.604316	-4.53697	2.56486	-1.12553	-0.464568	-3.16523	0.323163	0.10582	0.0128023	0.128302	0.0513613	0.137228	0.0138996	0.0954106	0.0100674	0.0637649	0.375875	0.067564	0.0998925	0.0561751	0.0378074	0.0457366	0.315408	0.0596971	0.0904621	0.0716171	0.0163293	0.133708	0.0101084	0.10307	0.292311	0.119889	0.0105269	0.0743889	0.01487	0.0614962	0.539929	0.0522646	0.292221	0.0410351	0.0102353	0.0656889	0.275277	0.275277	1.08422	-1.11651	0.0158448	0.18796	0.00753197	0.01	1.16321	-1.21476	0.00416516	0.0283891	0.0213763	0.0213763	0.874623	0.224816	0.00607165	0.0499162	0.00426646	0.01	0.895033	-0.366875	0.00195695	0.00697739	-0.0511872	0.01	0.840117	-0.654719	-0.0349466	0	0.246203	0.246203	0.680402	2.08643	0.0249169	0.363942	0.0150935	0.0150935	1.10147	0.614072	0.0124442	0.135362	-0.102406	0.01	1.03947	2.47015	0.00765328	0.0689809	0.358779	0.358779	0.874043	-2.47475	0.00918769	0.0886649	-0.109482	0.01	0.733782	-0.453467	0.00619052	0.0513118	0.0161096	0.0161096	1.21222	-0.107858	0.00743795	0.0663195	-0.163456	0.01	0.656914	-0.456149	0.000733965	0.000508176	0.26994	0.26994	1.12466	0.347673	0.0232148	0.327116	-0.194347	0.01	0.980092	0.736228	0.00331043	0.0194163	0	0.01	0.619297	0.203802	0.0023673	0.0104041	0.508184	0.508184	1.0248	-1.22269	0.0217884	0.297076	0.258896	0.258896	0.932615	-1.71789	0.0105385	0.10723	-0.263489	0.01	0.96177	1.93843	0.00448269	0.0318499	0	0	0	0	0	0	0	0	0	0	0	0	0	0	0	0	0	0	1.11657	0.903283	0	1.35248	0.127483	0	1.04732	0.917511	0	1.34906	0.11085	0	0	0	-0.202618	0	0	0.240175	1.03402	0.852763	0.0835	1.36461	0.107656	0	1.0859	0.690874	0.0835	1.50133	0.151472	0	0	0	0.310153	0	0	0.844492	1.15488	0.475657	0.0835	1.68308	0.209722	0	1.1591	0.289005	0.0835	0.993868	0.194151	0	0	0	0.0225884	0	0	-3.69248	1.11674	0.00277539	0.09142	0.0472393	0.227821	0	1.21607	0.0349241	0.09142	0.0834907	0.115815	0	0	0	0.0215588	0	0	-1.12761	1.03402	0.852763	-0.0835	1.36461	0.107656	0	0.961463	0.699024	-0.0835	1.2285	0.171894	0	0	0	-0.440953	0	0	-0.885359	0.865006	0.494642	-0.0835	1.04755	0.257293	0	0.771997	0.332759	-0.0835	0.829018	0.382848	0	0	0	-0.52149	0	0	-1.34993	0.586661	0.116744	-0.09142	0.521416	0.836028	0	0.685078	0.0819021	-0.09142	0.364099	0.391657	0	0	0	-0.63171	0	0	-4.51515	1.03434	1.00338	0	1.32844	0.107732	0	1.06934	1.32287	0	1.25171	0.11614	0	0	0	-0.202618	0	0	0.240175	1.78197e-16	1.55502	4.1869	1.82443	1.36785	1.62872	1.93922	0.721831	2	0	-0.357324	-0.410468	0.175011	0.20104	0.241704	0.00858863	0.0833593	0.187651	0.148881	0.371156	0.0016	-0.196851	-0.00105667	-0.317474	-0.0121142	-0.011852	0.24548	0.137947	0.0921663	0	0.178234	0.0272207	0.000945408	-0	-0.00230937	-0.0232837	-0.194572	-0.190361	0.246203	0	0.00426646	0.0666301	0.278975	0.00753197	-0.0957192	0.148762	-0.15246	0.117096	-0.135008	0.0171903	0.433995	-0.194347	0.208843	-0.193152	-0.179746	-0.109482	0.0161096	-0.163456	0.304889	1.0163	557.006	104.532	1.77594	4.49255	2.12762	0.68863	62.6607	2.73464	1.61187	55.9079	13.0315	0.685302	1.65987	30.3662	0.349543	1.65294	92.0797	67.6951	0.41204	0.327506	0	0	12.5378	0	0.0445508	0.498407	0.946144	0.0318499	0.96177	0.10723	0.932615	0.297076	1.0248	0.0886649	0.874043	0.0689809	1.03947	0.135362	1.10147	0.0104041	0.619297	1.12466	0.980092	0.733782	0.0663195	0.656914	-0.202618	0.240175	10.5981	0.363942	0.680402	0.895033	0.840117	1.08422	0.0283891	0.874623	1.04016	0.958997	1.86201e-19	1.22702	0.148435	0	91.4512	11.063	0	0.105799	0.230863	-3.63863	0.119359	0.483904	-0	87.2396	353.687	-0	32.3341	-7.97545	263.886	0.7461	-2.65068e-15	-0.09142	-0.288528	0.901077	-0	-210.886	658.6	-0	-58.3981	-18.6993	794.443	1.20626	-4.2855e-15	0.08867	0	0	0	0	0	0	0	0	0	0
1.05	-0.199729	1.13034	0.904839	0.511377	-0.321088	0.0240694	-0.250184	-0.0846541	-0.144773	0.327541	1.39594	0.178205	-0.758416	-2.35749	2.39701	-1.21393	-0.385727	-3.72342	0.311068	0.104751	0.0124606	0.127278	0.0468911	0.137295	0.0134227	0.0953284	0.0100593	0.0632693	0.331217	0.0692716	0.116848	0.0564412	0.0342019	0.0467295	0.314149	0.0581782	0.0787572	0.0711738	0.016283	0.133603	0.0100953	0.102478	0.290794	0.120257	0.010463	0.0749352	0.0142729	0.061673	0.526501	0.0515531	0.282357	0.0401746	0.0102067	0.0671264	0.265345	0.265345	1.07327	-1.09477	0.0154691	0.182066	0.00581004	0.01	1.15393	-0.655949	0.00451889	0.0322481	0.016868	0.016868	0.875047	-0.138596	0.00482943	0.0356922	-0.00578496	0.01	0.894262	0.216856	0.00292457	0.0155834	-0.0460217	0.01	0.833587	-0.651153	-0.028866	0	0.156931	0.156931	0.697599	1.31546	0.0231227	0.325151	0.136021	0.136021	1.10669	0.177132	0.0126728	0.138846	0.00611923	0.01	1.06203	2.11266	0.00737463	0.065541	0.233815	0.233815	0.851804	-1.93673	0.0107982	0.110941	-0.110907	0.01	0.72924	-0.461319	0.00552206	0.0435404	0.0159074	0.0159074	1.21127	-0.0873206	0.00742263	0.066131	-0.16818	0.01	0.653143	-0.366187	0.00102354	0.00135186	0.290565	0.290565	1.12811	0.340901	0.0230916	0.32449	-0.189618	0.01	0.987288	0.708297	0.00327436	0.0190512	0	0.01	0.621078	0.162195	0.00227807	0.00962577	0.485293	0.485293	1.01085	-1.59296	0.0194524	0.250339	0.239129	0.239129	0.913058	-2.2133	0.00852024	0.0799368	-0.225943	0.01	0.982817	2.28033	0.00479624	0.0353218	0	0	0	0	0	0	0	0	0	0	0	0	0	0	0	0	0	0	1.13034	0.904839	0	1.39594	0.178205	0	1.06105	0.918866	0	1.39135	0.155509	0	0	0	-0.199729	0	0	0.327541	1.04793	0.85408	0.0835	1.41257	0.151213	0	1.10006	0.692269	0.0835	1.34285	0.128753	0	0	0	0.311648	0	0	-0.430875	1.16936	0.477156	0.0835	1.25016	0.0988943	0	1.16759	0.290464	0.0835	0.729594	0.103808	0	0	0	-0.00943943	0	0	-2.78836	1.11715	0.00451604	0.09142	0.0345206	0.129056	0	1.2167	0.0359758	0.09142	0.0468326	0.0900964	0	0	0	0.01463	0	0	-0.391358	1.04793	0.85408	-0.0835	1.41257	0.151213	0	0.974002	0.700998	-0.0835	1.27688	0.216744	0	0	0	-0.449913	0	0	-0.886385	0.875717	0.497488	-0.0835	1.09649	0.303862	0	0.780599	0.336835	-0.0835	0.892119	0.424863	0	0	0	-0.534567	0	0	-1.27211	0.592347	0.125482	-0.09142	0.615825	0.903752	0	0.688994	0.0859941	-0.09142	0.41856	0.420948	0	0	0	-0.67934	0	0	-4.99553	1.04781	1.0047	0	1.36323	0.151174	0	1.0819	1.32429	0	1.25855	0.162339	0	0	0	-0.199729	0	0	0.327541	3.88857e-17	1.44933	3.85531	1.77752	1.28787	1.37439	1.58284	0.629871	2	0	-0.367164	-0.421771	0.162298	0.186436	0.246239	0.00980542	0.0797421	0.173217	0.146713	0.352111	0.00186885	-0.181709	-0.000964165	-0.301184	-0.0138304	-0.0135311	0.252165	0.0741854	0.0782654	0.0324915	0.170037	0.068357	0.00197861	-0.0340843	-0.00195955	-0.0584703	-0.104638	-0.102373	0.156931	0	-0.00578496	0.0655442	0.267927	0.00581004	-0.0939117	0.140738	-0.14332	0.11078	-0.127726	0.0161598	0.437855	-0.189618	0.197578	-0.181573	-0.163296	-0.110907	0.0159074	-0.16818	0.304889	1.0163	537.485	100.558	1.24297	6.06965	1.01834	0.682892	47.3723	5.71579	1.41175	48.181	11.3514	0.630454	1.54877	31.6	0.349807	1.61343	97.5287	67.6497	0.41707	0.292731	0	0	10.7509	0	0	0.398537	0.851811	0.0353218	0.982817	0.0799368	0.913058	0.250339	1.01085	0.110941	0.851804	0.065541	1.06203	0.138846	1.10669	0.00962577	0.621078	1.12811	0.987288	0.72924	0.066131	0.653143	-0.199729	0.327541	6.58896	0.325151	0.697599	0.894262	0.833587	1.07327	0.0322481	0.875047	1.05235	0.960644	1.86201e-19	1.21339	0.177131	0	90.4358	13.2018	0	0.205539	-0.0415565	-4.56553	0.108659	0.383438	-0	79.4193	280.256	-0	25.621	-7.26051	209.347	0.746985	-2.65383e-15	-0.09142	-0.215213	0.824175	-0	-157.3	602.393	-0	-53.3401	-13.9284	724.7	1.20304	-4.27404e-15	0.088547	0	0	0	0	0	0	0	0	0	0
1.06	-0.196206	1.14443	0.906799	0.498739	-0.336118	0.0447403	-0.261927	-0.0891762	-0.184061	0.360796	1.41355	0.209749	-1.65102	-0.798596	1.64963	-1.02231	-0.743699	-3.89216	0.300083	0.103661	0.0121607	0.126792	0.0424658	0.136861	0.0130046	0.0957954	0.0100521	0.0627763	0.316675	0.0701624	0.172625	0.056414	0.0715843	0.0471749	0.281133	0.0570412	0.0689926	0.0707138	0.0162289	0.133498	0.0100837	0.101912	0.300027	0.120585	0.0104069	0.0754708	0.0137499	0.0618426	0.50806	0.0506423	0.26888	0.0390994	0.0101817	0.0687822	0.25872	0.25872	1.0621	-1.14403	0.0147636	0.1711	0.00447286	0.01	1.14952	-0.237732	0.00491203	0.0366166	0.0120404	0.0120404	0.87228	-0.401125	0.00388814	0.0254209	-0.0135651	0.01	0.898644	0.627411	0.00339351	0.0202621	-0.0413636	0.01	0.827093	-0.647648	-0.0234845	0	0.332142	0.332142	0.70657	0.419904	0.0213193	0.287406	0.201133	0.201133	1.10616	-0.19935	0.0141972	0.162331	0.0903179	0.0903179	1.07216	0.289259	0.00880269	0.0835969	0.137944	0.137944	0.835157	-1.3711	0.0116316	0.123136	-0.112084	0.01	0.724527	-0.485467	0.00490873	0.0365795	0.0158375	0.0158375	1.21032	-0.151826	0.00729458	0.0645595	-0.172263	0.01	0.649532	-0.325928	0.00110581	0.00167957	0.309525	0.309525	1.1312	0.264474	0.0231917	0.326624	-0.185546	0.01	0.994345	0.733316	0.00329538	0.0192638	0	0.01	0.622786	0.253049	0.00238675	0.010576	0.448734	0.448734	0.992986	-1.98776	0.017049	0.207396	0.207113	0.207113	0.888622	-2.65757	0.00666311	0.0569185	-0.164998	0.01	1.00706	2.48913	0.00498685	0.0374566	0	0	0	0	0	0	0	0	0	0	0	0	0	0	0	0	0	0	1.14443	0.906799	0	1.41355	0.209749	0	1.07508	0.920582	0	1.40858	0.18473	0	0	0	-0.196206	0	0	0.360796	1.0622	0.85575	0.0835	1.43197	0.180081	0	1.11285	0.69347	0.0835	1.22259	0.114732	0	0	0	0.302533	0	0	-1.29022	1.18018	0.477734	0.0835	0.944242	0.0278559	0	1.17391	0.291139	0.0835	0.55448	0.0409511	0	0	0	-0.0335853	0	0	-2.08882	1.11744	0.00548527	0.09142	0.0278954	0.0792287	0	1.2171	0.0365989	0.09142	0.0415602	0.0354594	0	0	0	0.011155	0	0	-0.43919	1.0622	0.85575	-0.0835	1.43197	0.180081	0	0.987012	0.70328	-0.0835	1.33111	0.229818	0	0	0	-0.458133	0	0	-0.66151	0.887058	0.500585	-0.0835	1.19702	0.295938	0	0.7899	0.341157	-0.0835	0.972992	0.432464	0	0	0	-0.547309	0	0	-1.40521	0.598974	0.134748	-0.09142	0.688203	0.951083	0	0.693436	0.0902865	-0.09142	0.452675	0.450679	0	0	0	-0.73137	0	0	-5.29737	1.06155	1.00637	0	1.37762	0.179847	0	1.09451	1.32608	0	1.26227	0.191738	0	0	0	-0.196206	0	0	0.360796	7.06119e-17	1.35707	3.62576	1.93524	1.22479	1.13693	1.25372	0.571714	2	0	-0.376876	-0.432928	0.148863	0.171003	0.253022	0.0120678	0.0748684	0.149266	0.144022	0.321365	0.00223109	-0.156584	-0.000849325	-0.274885	-0.0170215	-0.0166531	0.24614	0.0464007	0.0878823	0.0678832	0.168411	0.0967536	0.00126382	-0.0712111	-0.00189015	-0.0827598	-0.0654476	-0.0640313	0.10148	0.230662	-0.0135651	0.0644643	0.258956	0.00447286	-0.0927947	0.133186	-0.133422	0.104835	-0.120872	0.0150437	0.44129	-0.185546	0.186976	-0.169033	-0.149709	-0.112084	0.0158375	-0.172263	0.304889	1.0163	555.666	99.3565	0.705339	8.13384	0.999534	0.677275	68.7222	13.4541	4.86405	35.9079	10.1112	0.784903	1.48445	33.4905	0.350191	1.5789	98.8943	63.1908	0.417239	0.26452	0	0	0	0	0	0.298437	0.826328	0.0374566	1.00706	0.0569185	0.888622	0.207396	0.992986	0.123136	0.835157	0.0835969	1.07216	0.162331	1.10616	0.010576	0.622786	1.1312	0.994345	0.724527	0.0645595	0.649532	-0.196206	0.360796	-0.964398	0.287406	0.70657	0.898644	0.827093	1.0621	0.0366166	0.87228	1.06444	0.962501	1.86201e-19	1.20538	0.191969	0	89.8386	14.3077	0	0.258036	-0.260823	-5.04421	0.105703	0.279091	-0	77.2583	203.988	-0	18.6486	-7.06296	152.609	0.748129	-2.65789e-15	-0.09142	-0.162706	0.810151	-0	-118.923	592.142	-0	-52.4899	-10.5418	714.737	1.20704	-4.28825e-15	0.088644	0	0	0	0	0	0	0	0	0	0
1.07	-0.192684	1.15853	0.909009	0.478923	-0.337536	0.0572692	-0.269437	-0.100714	-0.224008	0.340766	1.40616	0.230141	-2.25883	0.414785	0.983097	-0.50345	-1.48396	-4.18298	0.294751	0.102516	0.0118975	0.126712	0.0382182	0.136092	0.0126378	0.0965981	0.0100458	0.062286	0.377374	0.0702776	0.214083	0.056279	0.114729	0.047209	0.245637	0.0562888	0.060781	0.0702214	0.0161831	0.133229	0.0100736	0.101525	0.333775	0.120761	0.0103575	0.0760986	0.0132912	0.0622626	0.483465	0.0495425	0.25095	0.0378813	0.0101597	0.0704456	0.28294	0.28294	1.05037	-1.20691	0.0141837	0.162122	0.00492981	0.01	1.14879	0.0908394	0.00531023	0.0411172	0.00648576	0.01	0.86738	-0.577991	0.00323153	0.0186194	-0.00913661	0.01	0.906174	0.874004	0.0036229	0.0226299	-0.0411201	0.01	0.820633	-0.644198	-0.0188103	0	0.416459	0.416459	0.70773	-0.0868988	0.0208948	0.278762	0.234941	0.234941	1.10351	-0.288246	0.0158569	0.188151	0.132034	0.132034	1.07293	-0.0274062	0.0107156	0.109756	0.0951	0.0951	0.824141	-0.835115	0.0123964	0.134636	-0.113202	0.01	0.719482	-0.519393	0.00435722	0.0304754	0.015854	0.015854	1.20788	-0.328081	0.006961	0.0605012	-0.175601	0.01	0.647069	-0.163322	0.00143027	0.00332714	0.365882	0.365882	1.13284	0.0632837	0.0234804	0.3328	-0.181781	0.01	1.00262	0.923786	0.00348826	0.0212345	0	0.01	0.627015	0.580654	0.00279095	0.0142981	0.404257	0.404257	0.971421	-2.35425	0.0146662	0.169592	0.168522	0.168522	0.860938	-2.89652	0.00537677	0.0418763	-0.090079	0.01	1.03141	2.43058	0.00517445	0.0395744	0	0	0	0	0	0	0	0	0	0	0	0	0	0	0	0	0	0	1.15853	0.909009	0	1.40616	0.230141	0	1.08914	0.922547	0	1.40154	0.206495	0	0	0	-0.192684	0	0	0.340766	1.07648	0.857671	0.0835	1.42365	0.202181	0	1.12448	0.694587	0.0835	1.11085	0.110117	0	0	0	0.286239	0	0	-1.91806	1.18829	0.477783	0.0835	0.695005	-0.0122755	0	1.17872	0.291328	0.0835	0.414713	0.00211512	0	0	0	-0.0512963	0	0	-1.50328	1.11773	0.00610791	0.09142	0.027474	0.0461067	0	1.21755	0.0367047	0.09142	0.0433898	-0.00581704	0	0	0	0.00597291	0	0	-0.520179	1.07648	0.857671	-0.0835	1.42365	0.202181	0	1.00069	0.705502	-0.0835	1.3989	0.214512	0	0	0	-0.462121	0	0	-0.162685	0.899928	0.503208	-0.0835	1.36599	0.230904	0	0.800307	0.345307	-0.0835	1.10598	0.394944	0	0	0	-0.562835	0	0	-1.64665	0.606344	0.144452	-0.09142	0.795803	0.982637	0	0.698197	0.0948217	-0.09142	0.506477	0.447172	0	0	0	-0.786843	0	0	-5.82963	1.0753	1.00828	0	1.37233	0.201779	0	1.10714	1.32811	0	1.26334	0.212627	0	0	0	-0.192684	0	0	0.340766	1.94429e-17	1.33449	3.64399	2.18636	1.17662	0.955926	1.00034	0.543764	3	0	-0.386377	-0.443842	0.135201	0.155309	0.262549	0.0139424	0.0676019	0.120586	0.140404	0.283094	0.00277119	-0.126497	-0.000694903	-0.242149	-0.0196656	-0.01924	0.233593	0.0346082	0.11105	0.0697984	0.168688	0.11401	-0.000458127	-0.0732202	-0.001902	-0.0975208	-0.0488144	-0.047758	0.129559	0.286899	-0.00913661	0.0633903	0.250803	0.00492981	-0.0934295	0.126935	-0.0947985	0.0999153	-0.115199	0.0106888	0.444597	-0.181781	0.178201	-0.1201	-0.136815	-0.113202	0.015854	-0.175601	0.304889	1.0163	586.422	102.281	0.306296	8.4937	0.985586	0.671769	103.776	18.8803	8.52121	24.6483	9.12314	1.1678	1.23797	40.1341	0.349189	1.55257	95.2994	56.0477	0.403343	0.27178	0	0	0	0	0	0.2195	0.862368	0.0395744	1.03141	0.0418763	0.860938	0.169592	0.971421	0.134636	0.824141	0.109756	1.07293	0.188151	1.10351	0.0142981	0.627015	1.13284	1.00262	0.719482	0.0605012	0.647069	-0.192684	0.340766	-3.33387	0.278762	0.70773	0.906174	0.820633	1.05037	0.0411172	0.86738	1.07646	0.964456	-3.72401e-19	1.19987	0.197967	0	89.4281	14.7548	0	0.254456	-0.490636	-5.1419	0.0995224	0.195641	-0	72.7412	142.995	-0	13.0726	-6.65	107.118	0.749108	-2.66137e-15	-0.09142	-0.159728	0.847447	-0	-116.746	619.402	-0	-55.0368	-10.3734	752.348	1.21464	-4.31525e-15	0.0888548	0	0	0	0	0	0	0	0	0	0
1.08	-0.189506	1.1725	0.911385	0.454027	-0.328432	0.0653663	-0.27151	-0.119224	-0.267818	0.291686	1.38552	0.242961	-2.65229	1.289	0.680241	0.0731289	-2.19918	-4.52274	0.302162	0.101295	0.0116664	0.126954	0.0345518	0.135081	0.0123159	0.0976224	0.0100402	0.0617983	0.394187	0.07006	0.224099	0.0561656	0.130133	0.0472065	0.2166	0.0558372	0.0538343	0.0697132	0.0161351	0.132779	0.0100647	0.101401	0.384227	0.120727	0.0103142	0.0768565	0.0128889	0.0629816	0.454193	0.0482358	0.229541	0.0365478	0.0101403	0.0721574	0.311673	0.311673	1.03786	-1.30247	0.0139067	0.157836	0.00561874	0.01	1.15099	0.333394	0.00563727	0.0448664	0.00146186	0.01	0.86094	-0.700543	0.0027522	0.01393	0.0043209	0.01	0.915783	1.03279	0.00375994	0.0240653	-0.0432399	0.01	0.814207	-0.640795	-0.0147723	0	0.399594	0.399594	0.705538	-0.358626	0.0193536	0.248456	0.222742	0.222742	1.10129	-0.110669	0.0175562	0.215948	0.132747	0.132747	1.07288	0.0680949	0.012056	0.129488	0.0971916	0.0971916	0.817529	-0.502335	0.0127427	0.139914	-0.114361	0.01	0.714275	-0.518107	0.00395995	0.0261854	0.0157617	0.0157617	1.2038	-0.49723	0.00657858	0.0559088	-0.17854	0.01	0.646277	0.0119365	0.00171434	0.00516996	0.428154	0.428154	1.13253	-0.11956	0.0241092	0.34635	-0.178088	0.01	1.0126	1.07558	0.00365655	0.022981	0	0.01	0.634256	0.88246	0.00313502	0.0176533	0.35856	0.35856	0.945799	-2.8052	0.0119828	0.128386	0.129604	0.129604	0.830632	-3.17848	0.00399379	0.0265469	-0.0152472	0.01	1.05648	2.58545	0.00573889	0.0460407	0	0	0	0	0	0	0	0	0	0	0	0	0	0	0	0	0	0	1.1725	0.911385	0	1.38552	0.242961	0	1.10307	0.924703	0	1.38163	0.222708	0	0	0	-0.189506	0	0	0.291686	1.09061	0.859787	0.0835	1.40057	0.219076	0	1.13506	0.6957	0.0835	1.01322	0.114156	0	0	0	0.264521	0	0	-2.3606	1.19415	0.47756	0.0835	0.498285	-0.0253246	0	1.18222	0.291241	0.0835	0.298625	-0.0125468	0	0	0	-0.0639107	0	0	-1.0716	1.11797	0.00641726	0.09142	0.0219903	0.0231677	0	1.21793	0.0365628	0.09142	0.0337882	-0.0159516	0	0	0	0.00145557	0	0	-0.391364	1.09061	0.859787	-0.0835	1.40057	0.219076	0	1.01499	0.707534	-0.0835	1.45611	0.191486	0	0	0	-0.461016	0	0	0.364815	0.91445	0.505128	-0.0835	1.52995	0.154809	0	0.812096	0.348985	-0.0835	1.24353	0.342562	0	0	0	-0.58024	0	0	-1.83436	0.614992	0.154336	-0.09142	0.926408	0.992315	0	0.703637	0.0991795	-0.09142	0.575773	0.428795	0	0	0	-0.848057	0	0	-6.35711	1.08895	1.0104	0	1.35664	0.218592	0	1.11977	1.33032	0	1.26332	0.227581	0	0	0	-0.189506	0	0	0.291686	2.74964e-17	1.32373	3.54956	2.40335	1.15959	0.767793	0.745621	0.511686	3	0	-0.395297	-0.454088	0.121623	0.139711	0.274113	0.0154598	0.0571764	0.0942332	0.135524	0.244371	0.00354608	-0.0988529	-0.000486658	-0.209026	-0.0218059	-0.021334	0.217057	0.0430375	0.132831	0.0606203	0.170786	0.111347	-0.00207705	-0.0635921	-0.00199149	-0.0952425	-0.0607039	-0.0593902	0.152779	0.246815	0.0043209	0.0623221	0.242488	0.00561874	-0.0953578	0.123003	-0.0538174	0.0968197	-0.11163	0.00606807	0.447092	-0.178088	0.17268	-0.0681815	-0.123437	-0.114361	0.0157617	-0.17854	0.304889	1.0163	623.876	110.35	0.301517	8.28535	0.975245	0.66636	140.243	14.7592	8.59415	17.4572	8.01133	1.47295	0.911306	60.6075	0.343666	1.53426	88.5901	47.8409	0.389185	0.275184	0	0	0	0	0	0.150468	0.895812	0.0460407	1.05648	0.0265469	0.830632	0.128386	0.945799	0.139914	0.817529	0.129488	1.07288	0.215948	1.10129	0.0176533	0.634256	1.13253	1.0126	0.714275	0.0559088	0.646277	-0.189506	0.291686	-6.63287	0.248456	0.705538	0.915783	0.814207	1.03786	0.0448664	0.86094	1.08843	0.966454	-7.44802e-19	1.19374	0.201216	0	88.9711	14.9969	0	0.220816	-0.698432	-5.12861	0.0720252	0.13211	-0	52.6435	96.5599	-0	8.8275	-4.81267	72.4038	0.749834	-2.66394e-15	-0.09142	-0.134904	0.885596	-0	-98.6017	647.285	-0	-57.5999	-8.77426	789.42	1.21959	-4.33284e-15	0.0889869	0	0	0	0	0	0	0	0	0	0
1.09	-0.186983	1.18618	0.913839	0.426613	-0.312693	0.0710387	-0.267412	-0.145466	-0.313624	0.212077	1.35027	0.245745	-2.78379	1.77648	0.470545	0.725556	-3.03493	-4.53825	0.310233	0.100006	0.0114636	0.127403	0.0313902	0.133935	0.0190178	0.098672	0.0100353	0.0613132	0.3948	0.0695837	0.222183	0.0561704	0.130356	0.0472732	0.194396	0.0555646	0.0479317	0.0692139	0.0160221	0.132124	0.0100568	0.10157	0.424757	0.120531	0.0102761	0.077726	0.0125363	0.0640267	0.421418	0.0466934	0.205402	0.0351045	0.0417956	0.0734846	0.311718	0.311718	1.02465	-1.30487	0.014029	0.159727	0.00635567	0.01	1.15505	0.465111	0.00586129	0.0474609	-0.00321064	0.01	0.853631	-0.751574	0.0024432	0.0110787	0.0232807	0.0232807	0.925629	0.927994	0.00438833	0.0308153	-0.043411	0.01	0.807815	-0.637433	-0.0112574	0	0.394942	0.394942	0.700742	-0.606175	0.0175174	0.215284	0.213086	0.213086	1.10138	0.142155	0.019047	0.242671	0.130449	0.130449	1.07439	0.222184	0.0126847	0.139028	0.0929706	0.0929706	0.813537	-0.297355	0.0128007	0.140801	-0.115602	0.01	0.709159	-0.504682	0.00364129	0.0228216	0.0149318	0.0149318	1.19786	-0.702509	0.00609092	0.0501421	-0.180041	0.01	0.647355	0.210803	0.00199639	0.00728824	0.453911	0.453911	1.13068	-0.238788	0.0246358	0.357797	-0.17376	0.01	1.02406	1.22634	0.00391391	0.0256948	0	0.01	0.644781	1.24392	0.00353629	0.0217305	0.311373	0.311373	0.915556	-3.26032	0.00925645	0.08958	0.0893949	0.0893949	0.797829	-3.35768	0.00287031	0.0150586	0.0594761	0.0594761	1.07591	1.29906	0.00812531	0.0748961	0	0	0	0	0	0	0	0	0	0	0	0	0	0	0	0	0	0	1.18618	0.913839	0	1.35027	0.245745	0	1.11671	0.926982	0	1.34749	0.231013	0	0	0	-0.186983	0	0	0.212077	1.10443	0.862034	0.0835	1.36126	0.228407	0	1.14477	0.696892	0.0835	0.936562	0.124643	0	0	0	0.23963	0	0	-2.57171	1.19841	0.47735	0.0835	0.371963	-0.0133024	0	1.18478	0.291148	0.0835	0.223889	-0.00246449	0	0	0	-0.0730628	0	0	-0.79523	1.11817	0.00664566	0.09142	0.0173374	0.0275215	0	1.21823	0.0364432	0.09142	0.0270122	-0.00496666	0	0	0	-0.00202413	0	0	-0.324685	1.10443	0.862034	-0.0835	1.36126	0.228407	0	1.02981	0.709285	-0.0835	1.50448	0.158444	0	0	0	-0.454395	0	0	0.937633	0.930614	0.506218	-0.0835	1.69489	0.0654352	0	0.825216	0.352113	-0.0835	1.37168	0.286485	0	0	0	-0.599861	0	0	-2.0973	0.624859	0.164267	-0.09142	1.03661	0.992636	0	0.709707	0.103433	-0.09142	0.632938	0.429622	0	0	0	-0.913486	0	0	-6.63555	1.10239	1.01264	0	1.32932	0.227975	0	1.1324	1.33264	0	1.26146	0.234339	0	0	0	-0.186983	0	0	0.212077	4.40827e-17	1.3404	3.43477	2.53325	1.13403	0.58669	0.557173	0.464947	3	0	-0.40333	-0.463316	0.108157	0.124243	0.287802	0.017145	0.0433295	0.0702483	0.129108	0.205925	0.00457527	-0.0736921	-0.000212849	-0.176141	-0.0241829	-0.0236595	0.202593	0.0538505	0.148807	0.0575973	0.173184	0.114213	-0.0032645	-0.060421	-0.00209387	-0.0976939	-0.0759555	-0.0743117	0.160428	0.234514	0.0232807	0.0612596	0.233749	0.00635567	-0.0981667	0.120635	-0.042666	0.094956	-0.109481	0.00481072	0.447724	-0.17376	0.169356	-0.0540537	-0.109116	-0.115602	0.0149318	-0.180041	0.304889	1.0163	641.96	113.556	0.296278	7.68515	1.79925	0.66104	163.738	11.1498	8.50677	12.5831	6.99833	1.76012	0.91174	78.4541	0.337626	1.52357	78.0946	39.3893	1.97303	0.272296	0	0	0	0	0	0.0784411	0.898235	0.0748961	1.07591	0.0150586	0.797829	0.08958	0.915556	0.140801	0.813537	0.139028	1.07439	0.242671	1.10138	0.0217305	0.644781	1.13068	1.02406	0.709159	0.0501421	0.647355	-0.186983	0.212077	-9.39341	0.215284	0.700742	0.925629	0.807815	1.02465	0.0474609	0.853631	1.10034	0.968467	1.86201e-19	1.18746	0.200728	0	88.503	14.9605	0	0.165367	-0.865657	-5.00955	0.0354677	0.0699647	-0	25.9234	51.1374	-0	4.67498	-2.36992	38.3803	0.750533	-2.66643e-15	-0.09142	-0.105366	0.892034	-0	-77.0127	651.991	-0	-58.091	-6.86167	797.868	1.22374	-4.34761e-15	0.0890979	0	0	0	0	0	0	0	0	0	0
1.1	-0.18539	1.19945	0.916255	0.398947	-0.293587	0.0747318	-0.256492	-0.180976	-0.355762	0.108398	1.30339	0.235529	-2.73005	2.00383	0.278353	1.42635	-4.03554	-3.73027	0.305272	0.0987814	0.0112856	0.127951	0.0286568	0.132752	0.0383327	0.0995415	0.0100311	0.0608306	0.392326	0.0688953	0.222653	0.0563083	0.139013	0.0473585	0.171911	0.0554223	0.0428927	0.0687225	0.0158038	0.131214	0.0100499	0.102065	0.433441	0.120245	0.0102426	0.078731	0.012227	0.0654729	0.386743	0.0449407	0.179492	0.0336509	0.102973	0.0740793	0.276938	0.276938	1.0121	-1.19332	0.0142509	0.163162	0.00705491	0.01	1.16003	0.521809	0.00603352	0.0494699	-0.00894004	0.01	0.846096	-0.749017	0.00225537	0.00943043	0.0455489	0.0455489	0.933785	0.823251	0.00625185	0.0520342	-0.0392547	0.01	0.801457	-0.634105	-0.00817975	0	0.377905	0.377905	0.69381	-0.768663	0.0162107	0.193762	0.223991	0.223991	1.10408	0.414147	0.0201575	0.26403	0.145135	0.145135	1.07633	0.133887	0.0129044	0.14239	0.0543707	0.0543707	0.811454	-0.108288	0.0126895	0.139101	-0.116883	0.01	0.704124	-0.506782	0.00333034	0.0196184	0.0139412	0.0139412	1.18961	-0.960435	0.0054725	0.0429717	-0.179934	0.01	0.650512	0.424401	0.00225949	0.00946578	0.434884	0.434884	1.128	-0.302974	0.0244208	0.353113	-0.168535	0.01	1.0373	1.44959	0.00434934	0.0303894	0	0.01	0.659345	1.69125	0.00402163	0.0268448	0.266406	0.266406	0.881191	-3.59543	0.00700607	0.0610466	0.0504038	0.0504038	0.764794	-3.14871	0.00259696	0.0124778	0.12935	0.12935	1.08462	0.775493	0.0128021	0.140823	0	0	0	0	0	0	0	0	0	0	0	0	0	0	0	0	0	0	1.19945	0.916255	0	1.30339	0.235529	0	1.12996	0.929287	0	1.30198	0.227997	0	0	0	-0.18539	0	0	0.108398	1.11777	0.86432	0.0835	1.30902	0.226676	0	1.1538	0.698181	0.0835	0.873462	0.13222	0	0	0	0.213557	0	0	-2.62165	1.2017	0.477315	0.0835	0.294428	0.00664831	0	1.18677	0.291213	0.0835	0.17945	0.0158697	0	0	0	-0.0800298	0	0	-0.617824	1.11833	0.00700073	0.09142	0.0154613	0.0445179	0	1.21849	0.0364705	0.09142	0.0254654	0.0105173	0	0	0	-0.00529798	0	0	-0.339471	1.11777	0.86432	-0.0835	1.30902	0.226676	0	1.04507	0.710648	-0.0835	1.54486	0.115102	0	0	0	-0.441882	0	0	1.53474	0.948427	0.506356	-0.0835	1.8584	-0.0332264	0	0.839514	0.354716	-0.0835	1.47918	0.239143	0	0	0	-0.622858	0	0	-2.5008	0.635554	0.174154	-0.09142	1.09124	0.98059	0	0.716262	0.107927	-0.09142	0.678567	0.477689	0	0	0	-0.97862	0	0	-6.23106	1.11549	1.01492	0	1.29269	0.226429	0	1.14499	1.33497	0	1.258	0.229627	0	0	0	-0.18539	0	0	0.108398	1.94429e-17	1.40047	3.3652	2.58826	1.05552	0.439838	0.519932	0.407537	3	0	-0.410461	-0.471508	0.0949692	0.109094	0.303569	0.0181813	0.0260284	0.0500198	0.120895	0.170601	0.0058612	-0.052472	0.000137653	-0.145926	-0.0256445	-0.0250895	0.191766	0.0597697	0.155975	0.0734647	0.17294	0.133531	-0.00379727	-0.0770663	-0.00208343	-0.114218	-0.0843045	-0.0824801	0.159115	0.218789	0.0455489	0.0602028	0.224433	0.00705491	-0.101577	0.117688	-0.0651833	0.0926366	-0.106807	0.00734961	0.44658	-0.168535	0.16522	-0.0825809	-0.0943344	-0.116883	0.0139412	-0.179934	0.304889	1.0163	629.008	106.292	0.291039	6.94966	3.72671	0.655797	171.656	11.4652	9.36559	7.37683	6.22942	2.01965	0.913809	83.7286	0.330912	1.52084	66.5956	32.3397	5.00831	0.25396	0	0	0	0	0	0.0103488	0.874279	0.140823	1.08462	0.0124778	0.764794	0.0610466	0.881191	0.139101	0.811454	0.14239	1.07633	0.26403	1.10408	0.0268448	0.659345	1.128	1.0373	0.704124	0.0429717	0.650512	-0.18539	0.108398	-11.1737	0.193762	0.69381	0.933785	0.801457	1.0121	0.0494699	0.846096	1.11217	0.970441	1.86201e-19	1.17972	0.193246	0	87.9263	14.4029	0	0.109211	-0.998455	-4.89965	-0.000270302	0.0103453	-0	-0.197565	7.56138	-0	0.691262	0.0180614	5.68047	0.751248	-2.66897e-15	-0.09142	-0.086753	0.869964	-0	-63.408	635.859	-0	-56.7356	-5.65769	781.095	1.22841	-4.36418e-15	0.0892266	0	0	0	0	0	0	0	0	0	0
1.11	-0.184886	1.21222	0.918506	0.372263	-0.272855	0.0765835	-0.238802	-0.226322	-0.38022	-0.00188015	1.25338	0.214544	-2.61193	2.13441	0.100479	2.06397	-4.94451	-1.23027	0.294704	0.09768	0.0111294	0.128542	0.02629	0.131595	0.0578566	0.100363	0.0100273	0.0603505	0.382952	0.0680969	0.230326	0.0565577	0.153326	0.0473846	0.146619	0.055418	0.0385766	0.0682192	0.0154694	0.13001	0.0100439	0.102888	0.431412	0.119868	0.0102132	0.0799335	0.0119558	0.0673722	0.351698	0.0431105	0.153198	0.0324766	0.159706	0.0744055	0.24812	0.24812	1.00082	-1.05813	0.0144573	0.166358	0.00754843	0.01	1.16539	0.549345	0.00619454	0.0513591	-0.0157519	0.01	0.838722	-0.724795	0.00212648	0.00834356	0.0649152	0.0649152	0.941491	0.800691	0.00810077	0.0745857	-0.0349888	0.01	0.795131	-0.630804	-0.005492	0	0.343041	0.343041	0.685769	-0.832577	0.0152452	0.178576	0.236309	0.236309	1.10898	0.540257	0.0208618	0.278094	0.160798	0.160798	1.07692	-0.00902083	0.0130895	0.145231	0.0105171	0.0105171	0.81139	0.106143	0.012352	0.133962	-0.118141	0.01	0.698968	-0.524915	0.00302187	0.0165338	0.0127197	0.0127197	1.1787	-1.21818	0.00478276	0.0351715	-0.178019	0.01	0.655753	0.619466	0.00248355	0.0114418	0.422503	0.422503	1.12447	-0.416674	0.0234477	0.332099	-0.162541	0.01	1.05314	1.72199	0.00487408	0.0361914	0	0.01	0.678472	2.12673	0.00449357	0.0319695	0.223974	0.223974	0.845304	-3.45834	0.00648857	0.0548369	0.0161337	0.0161337	0.738104	-1.93064	0.00425438	0.0293555	0.188565	0.188565	1.08939	0.192362	0.0155382	0.183146	0	0	0	0	0	0	0	0	0	0	0	0	0	0	0	0	0	0	1.21222	0.918506	0	1.25338	0.214544	0	1.14272	0.931503	0	1.2534	0.214675	0	0	0	-0.184886	0	0	-0.00188015	1.13057	0.86653	0.0835	1.25328	0.214698	0	1.16224	0.699505	0.0835	0.816713	0.131924	0	0	0	0.187377	0	0	-2.61381	1.20434	0.477461	0.0835	0.236332	0.0218826	0	1.1884	0.291443	0.0835	0.147154	0.0295239	0	0	0	-0.0854774	0	0	-0.479402	1.11849	0.00751634	0.09142	0.0152109	0.0581025	0	1.21875	0.0366258	0.09142	0.0262411	0.0201106	0	0	0	-0.00889399	0	0	-0.378923	1.13057	0.86653	-0.0835	1.25328	0.214698	0	1.06068	0.711561	-0.0835	1.57284	0.0705761	0	0	0	-0.423687	0	0	2.06209	0.967764	0.505544	-0.0835	1.99767	-0.121021	0	0.854775	0.356916	-0.0835	1.56926	0.204663	0	0	0	-0.650009	0	0	-2.88243	0.646464	0.183458	-0.09142	1.09416	0.880232	0	0.723649	0.113155	-0.09142	0.805027	0.562794	0	0	0	-1.03023	0	0	-4.1127	1.12821	1.01713	0	1.25357	0.214702	0	1.15755	1.33719	0	1.25417	0.214647	0	0	0	-0.184886	0	0	-0.00188015	5.83286e-17	1.457	3.30596	2.60371	0.983191	0.431723	0.663627	0.380015	3	0	-0.416615	-0.478577	0.0822187	0.0944468	0.319409	0.0192092	0.00642728	0.0368008	0.110978	0.139504	0.00731808	-0.038605	0.000560883	-0.119327	-0.0270944	-0.026508	0.184602	0.0653519	0.156523	0.0964531	0.171722	0.15477	-0.00383801	-0.101182	-0.00203145	-0.132385	-0.0921781	-0.0901833	0.152985	0.190055	0.0649152	0.0591515	0.214598	0.00754843	-0.105242	0.113691	-0.0801696	0.0894905	-0.10318	0.00903936	0.444273	-0.162541	0.159608	-0.101567	-0.0798116	-0.118141	0.0127197	-0.178019	0.304889	1.0163	607.088	96.9379	0.286017	6.24729	5.6879	0.650623	164.813	12.0316	10.8072	3.8316	5.64427	2.15159	0.917509	91.7086	0.323145	1.52616	57.8699	25.0186	8.09271	0.232474	0	0	0	0	0	0	0.841793	0.183146	1.08939	0.0293555	0.738104	0.0548369	0.845304	0.133962	0.81139	0.145231	1.07692	0.278094	1.10898	0.0319695	0.678472	1.12447	1.05314	0.698968	0.0351715	0.655753	-0.184886	-0.00188015	-10.3307	0.178576	0.685769	0.941491	0.795131	1.00082	0.0513591	0.838722	1.12393	0.972303	1.86201e-19	1.1717	0.179219	0	87.3286	13.3574	0	0.0685876	-1.1165	-4.77871	-0	-0	-0	-0	-0	-0	0	0	0	0	0	0	-0.0773107	0.838235	-0	-56.5067	612.669	-0	-54.7596	-5.0505	755.925	1.23382	-4.38342e-15	0.0893789	0	0	0	0	0	0	0	0	0	0
1.12	-0.18541	1.22452	0.920532	0.34663	-0.250805	0.0766916	-0.21558	-0.278375	-0.391565	-0.098298	1.21034	0.190824	-2.52009	2.27004	-0.0700789	2.54556	-5.40269	-1.19872	0.282768	0.0967098	0.0109923	0.129163	0.0242362	0.130474	0.0752812	0.101175	0.010024	0.0598729	0.367783	0.0672531	0.244499	0.056816	0.167326	0.0473531	0.124538	0.0555597	0.0348661	0.0677133	0.0149958	0.128572	0.0100386	0.103981	0.430022	0.119346	0.0101874	0.0813001	0.0117179	0.0696207	0.315188	0.0414502	0.129806	0.0318767	0.218484	0.0744119	0.234772	0.234772	0.990879	-0.929864	0.0146022	0.1686	0.00791263	0.01	1.17102	0.57684	0.00637144	0.0534472	-0.02287	0.01	0.831572	-0.705577	0.00200539	0.00735981	0.0819693	0.0819693	0.949111	0.786795	0.00965493	0.094945	-0.0320934	0.01	0.788839	-0.627526	-0.00315809	0	0.310034	0.310034	0.677272	-0.869995	0.0142159	0.162621	0.254616	0.254616	1.11404	0.465915	0.0214244	0.289562	0.174485	0.174485	1.07621	-0.127709	0.0132483	0.147674	-0.0289234	0.01	0.813466	0.312235	0.0117353	0.124679	-0.11938	0.01	0.693784	-0.499136	0.00283118	0.0146826	0.0111755	0.0111755	1.16566	-1.38075	0.00415397	0.0282683	-0.174159	0.01	0.662719	0.769999	0.00265967	0.0130599	0.428117	0.428117	1.11957	-0.571529	0.0222896	0.307532	-0.155612	0.01	1.07115	1.85266	0.0052977	0.0409745	0	0.01	0.701114	2.38163	0.00477901	0.0351297	0.173964	0.173964	0.812749	-3.08486	0.00667681	0.0570824	-0.0232224	0.01	0.724471	-0.991448	0.00536782	0.0417741	0.253227	0.253227	1.08949	-0.0927738	0.0173958	0.213215	0	0	0	0	0	0	0	0	0	0	0	0	0	0	0	0	0	0	1.22452	0.920532	0	1.21034	0.190824	0	1.15504	0.933565	0	1.21163	0.197655	0	0	0	-0.18541	0	0	-0.098298	1.14285	0.868598	0.0835	1.20524	0.198852	0	1.17014	0.700803	0.0835	0.765886	0.1274	0	0	0	0.161219	0	0	-2.61838	1.20642	0.477734	0.0835	0.181805	0.0324103	0	1.18971	0.291782	0.0835	0.11703	0.0382287	0	0	0	-0.0895858	0	0	-0.348343	1.11864	0.0081403	0.09142	0.0153297	0.0664422	0	1.21902	0.0368484	0.09142	0.0273418	0.0244416	0	0	0	-0.0128942	0	0	-0.418422	1.14285	0.868598	-0.0835	1.20524	0.198852	0	1.07649	0.712084	-0.0835	1.58827	0.0364611	0	0	0	-0.40099	0	0	2.44727	0.988279	0.504011	-0.0835	2.09748	-0.179424	0	0.870976	0.358764	-0.0835	1.66821	0.167258	0	0	0	-0.679366	0	0	-2.95542	0.657917	0.192179	-0.09142	1.20309	0.86909	0	0.732177	0.118794	-0.09142	0.898239	0.560602	0	0	0	-1.07093	0	0	-4.15414	1.14057	1.0192	0	1.22004	0.199076	0	1.17008	1.33925	0	1.2515	0.196176	0	0	0	-0.18541	0	0	-0.098298	4.34756e-17	1.50079	3.22997	2.60133	0.915242	0.453961	0.798304	0.359696	3	0	-0.421126	-0.483759	0.069951	0.0803546	0.335709	0.0223479	-0.0150302	0.0233293	0.0991947	0.105609	0.00891294	-0.024473	0.00106373	-0.0903343	-0.0315215	-0.0308394	0.180302	0.0679137	0.156483	0.113793	0.170699	0.177636	-0.00383503	-0.119372	-0.00198781	-0.151944	-0.0957915	-0.0937185	0.142595	0.16744	0.0819693	0.0581057	0.205257	0.00791263	-0.108905	0.109301	-0.0797858	0.0860346	-0.0991952	0.00899608	0.441271	-0.155612	0.153445	-0.101081	-0.0655183	-0.11938	0.0111755	-0.174159	0.304889	1.0163	593.257	87.8155	0.281222	5.66065	7.53594	0.645508	153.7	13.0115	15.4942	3.21545	4.94913	2.10137	0.922557	103.255	0.314514	1.53759	49.8554	16.062	14.3567	0.21753	0	0	0	0	0	0	0.809008	0.213215	1.08949	0.0417741	0.724471	0.0570824	0.812749	0.124679	0.813466	0.147674	1.07621	0.289562	1.11404	0.0351297	0.701114	1.11957	1.07115	0.693784	0.0282683	0.662719	-0.18541	-0.098298	-9.29599	0.162621	0.677272	0.949111	0.788839	0.990879	0.0534472	0.831572	1.13561	0.974007	-3.72401e-19	1.16447	0.16183	0	86.7892	12.0614	0	0.0305849	-1.21845	-4.66027	-0	-0	-0	-0	-0	-0	0	0	0	0	0	0	-0.0702747	0.80595	-0	-51.364	589.072	-0	-52.7525	-4.59974	730.415	1.23994	-4.40516e-15	0.0895519	0	0	0	0	0	0	0	0	0	0
1.13	-0.186869	1.23642	0.922294	0.321919	-0.227517	0.0752314	-0.187989	-0.334298	-0.397409	-0.189476	1.16994	0.162035	-2.42437	2.37855	-0.210962	2.94529	-5.74294	0.0179526	0.272052	0.0958544	0.0108719	0.129811	0.02245	0.129382	0.0916914	0.101973	0.0100211	0.0593978	0.34991	0.0663713	0.262949	0.057022	0.178032	0.0472773	0.106742	0.0558267	0.0316649	0.0672554	0.0144047	0.126974	0.0100339	0.105288	0.435054	0.118647	0.0101647	0.0827223	0.011509	0.0720811	0.275902	0.0399664	0.11101	0.0315505	0.278231	0.0742856	0.229705	0.229705	0.982115	-0.822932	0.0147004	0.170121	0.00822262	0.01	1.17689	0.596087	0.00655706	0.0556522	-0.0296786	0.01	0.824613	-0.685133	0.00190157	0.00654839	0.0987244	0.0987244	0.956591	0.75585	0.0109957	0.113794	-0.0302199	0.01	0.78258	-0.624262	-0.00114176	0	0.282584	0.282584	0.668392	-0.907691	0.0131059	0.145483	0.276048	0.276048	1.11808	0.352494	0.0220201	0.301895	0.183335	0.183335	1.07448	-0.210981	0.0133508	0.149252	-0.0587691	0.01	0.817375	0.458614	0.0108933	0.112311	-0.120648	0.01	0.689093	-0.433645	0.00274346	0.0138472	0.00933625	0.01	1.15117	-1.51458	0.00354053	0.0217744	-0.168525	0.01	0.671049	0.89428	0.00281144	0.0144936	0.4423	0.4423	1.11301	-0.747511	0.0213441	0.287912	-0.147322	0.01	1.08989	1.88716	0.0056485	0.044996	0	0.01	0.725892	2.56776	0.00497436	0.0373161	0.108806	0.108806	0.783655	-2.66391	0.00682166	0.0588206	-0.0762989	0.01	0.717058	-0.424157	0.00605082	0.0496723	0.320086	0.320086	1.08764	-0.297798	0.0188886	0.239719	0	0	0	0	0	0	0	0	0	0	0	0	0	0	0	0	0	0	1.23642	0.922294	0	1.16994	0.162035	0	1.16695	0.935429	0	1.17243	0.175197	0	0	0	-0.186869	0	0	-0.189476	1.15467	0.87048	0.0835	1.16012	0.177524	0	1.17756	0.702028	0.0835	0.719813	0.117696	0	0	0	0.13505	0	0	-2.61385	1.20798	0.478086	0.0835	0.134461	0.0381606	0	1.19074	0.292183	0.0835	0.0907187	0.0422169	0	0	0	-0.092467	0	0	-0.235299	1.11879	0.0088196	0.09142	0.0153723	0.0695865	0	1.2193	0.0370917	0.09142	0.0279891	0.0247364	0	0	0	-0.0172356	0	0	-0.44626	1.15467	0.87048	-0.0835	1.16012	0.177524	0	1.09242	0.712285	-0.0835	1.59608	0.00599145	0	0	0	-0.374859	0	0	2.75581	1.00967	0.501979	-0.0835	2.17564	-0.222046	0	0.888097	0.36029	-0.0835	1.7524	0.141123	0	0	0	-0.709157	0	0	-2.98713	0.670315	0.200473	-0.09142	1.27456	0.790601	0	0.741913	0.124488	-0.09142	1.04895	0.578012	0	0	0	-1.10657	0	0	-2.96918	1.15261	1.02108	0	1.18866	0.177914	0	1.18258	1.34109	0	1.24929	0.172234	0	0	0	-0.186869	0	0	-0.189476	2.74964e-17	1.54085	3.15055	2.59643	0.860667	0.465342	0.896682	0.339501	3	0	-0.424192	-0.48728	0.0581156	0.066759	0.348347	0.0363542	-0.0382551	0.0132335	0.0852865	0.0736872	0.0106392	-0.0138822	0.00165728	-0.0630296	-0.0512772	-0.0501675	0.177705	0.0683442	0.157556	0.122178	0.170743	0.199618	-0.00391475	-0.128167	-0.00198968	-0.170746	-0.0963988	-0.0943126	0.129355	0.153229	0.0987244	0.0570654	0.196854	0.00822262	-0.112455	0.105162	-0.0723113	0.0827764	-0.0954386	0.0081533	0.437158	-0.147322	0.147634	-0.0916114	-0.0508805	-0.120648	0.00933625	-0.168525	0.304889	1.0163	587.894	80.3819	0.276622	5.15256	9.40044	0.640445	142.086	14.2754	18.9391	2.74538	4.20269	1.98114	0.928674	117.035	0.305652	1.55295	40.9078	9.1481	25.3909	0.215092	0	0	0	0	0	0	0.780804	0.239719	1.08764	0.0496723	0.717058	0.0588206	0.783655	0.112311	0.817375	0.149252	1.07448	0.301895	1.11808	0.0373161	0.725892	1.11301	1.08989	0.689093	0.0217744	0.671049	-0.186869	-0.189476	-8.79265	0.145483	0.668392	0.956591	0.78258	0.982115	0.0556522	0.824613	1.14722	0.97552	-7.44802e-19	1.1579	0.141466	0	86.2996	10.5437	0	0.00708726	-1.31165	-4.54825	-0	-0	-0	-0	-0	-0	0	0	0	0	0	0	-0.0638936	0.778185	-0	-46.7	568.778	-0	-51.0418	-4.19084	709.012	1.24655	-4.42865e-15	0.0897395	0	0	0	0	0	0	0	0	0	0
1.14	-0.189214	1.24792	0.923755	0.29819	-0.203297	0.0725562	-0.156804	-0.392464	-0.396581	-0.275778	1.13239	0.130753	-2.32288	2.45542	-0.311619	3.2709	-5.86487	0.118779	0.263908	0.0950925	0.0107661	0.130475	0.0208942	0.128324	0.107887	0.102738	0.0100185	0.0589264	0.330514	0.0654557	0.282373	0.0571789	0.185146	0.0471717	0.0922036	0.0561637	0.0288962	0.0668772	0.0138652	0.125258	0.0100298	0.106771	0.44915	0.117758	0.0101447	0.0841367	0.0113255	0.0746758	0.230871	0.0387417	0.0957046	0.0314677	0.337689	0.0740031	0.233481	0.233481	0.974309	-0.738481	0.0147975	0.171625	0.00854472	0.01	1.18291	0.606199	0.00674931	0.0579513	-0.035911	0.01	0.817871	-0.662093	0.00181625	0.00590596	0.115244	0.115244	0.963771	0.718117	0.0122282	0.132086	-0.0297095	0.01	0.776369	-0.599391	0.00059249	0.000264105	0.25575	0.25575	0.659172	-0.936207	0.0120076	0.128759	0.295999	0.295999	1.12116	0.274673	0.0226607	0.315346	0.188826	0.188826	1.07208	-0.266849	0.0133886	0.149835	-0.079231	0.01	0.822309	0.519593	0.00999062	0.0995486	-0.121923	0.01	0.685217	-0.329257	0.0027545	0.0139518	0.00755833	0.01	1.13561	-1.59272	0.00298955	0.0162169	-0.161504	0.01	0.680506	0.996333	0.00294299	0.0157624	0.465063	0.465063	1.10467	-0.921422	0.0208052	0.276952	-0.137901	0.01	1.10852	1.81867	0.00592254	0.0481739	0	0.01	0.752022	2.64658	0.00506364	0.0383214	0.025372	0.025372	0.759641	-2.14686	0.00693625	0.0602021	-0.147092	0.01	0.715174	0.00452127	0.00664717	0.0567278	0.382619	0.382619	1.0835	-0.500139	0.0199285	0.259539	0	0	0	0	0	0	0	0	0	0	0	0	0	0	0	0	0	0	1.24792	0.923755	0	1.13239	0.130753	0	1.17848	0.937052	0	1.13606	0.149902	0	0	0	-0.189214	0	0	-0.275778	1.16605	0.872132	0.0835	1.11815	0.153331	0	1.18454	0.703141	0.0835	0.679003	0.105284	0	0	0	0.108976	0	0	-2.59866	1.20912	0.478481	0.0835	0.0951892	0.0414092	0	1.19153	0.292611	0.0835	0.0685648	0.0439279	0	0	0	-0.0943213	0	0	-0.143242	1.11895	0.00951389	0.09142	0.0152749	0.0698038	0	1.21958	0.0373304	0.09142	0.0279276	0.0240315	0	0	0	-0.0217652	0	0	-0.454861	1.16605	0.872132	-0.0835	1.11815	0.153331	0	1.10839	0.712208	-0.0835	1.59715	-0.0193565	0	0	0	-0.346018	0	0	2.99512	1.03174	0.499603	-0.0835	2.23393	-0.248929	0	0.906063	0.36154	-0.0835	1.83772	0.111741	0	0	0	-0.738481	0	0	-2.86975	0.683667	0.208128	-0.09142	1.39432	0.743001	0	0.753072	0.130134	-0.09142	1.17976	0.552071	0	0	0	-1.13506	0	0	-2.75097	1.16435	1.02274	0	1.15969	0.153801	0	1.19507	1.34267	0	1.24792	0.145328	0	0	0	-0.189214	0	0	-0.275778	1.45497e-16	1.5814	3.0801	2.59326	0.837421	0.474148	0.977519	0.323756	3	0	-0.425427	-0.488699	0.0466771	0.0536192	0.354011	0.0683546	-0.0616445	0.0109655	0.0694828	0.0502161	0.0123776	-0.0115031	0.00233172	-0.0429532	-0.0964134	-0.0943269	0.17635	0.0675189	0.158929	0.125132	0.171986	0.217187	-0.00401684	-0.131266	-0.00204272	-0.185775	-0.0952346	-0.0931737	0.114915	0.140835	0.115244	0.0560306	0.189452	0.00854472	-0.115909	0.101632	-0.0576028	0.0799978	-0.092235	0.00649489	0.431527	-0.137901	0.142678	-0.0729772	-0.0361655	-0.121923	0.00755833	-0.161504	0.304889	1.0163	585.84	75.1362	0.272222	4.70763	11.3275	0.630303	129.382	15.5643	21.2963	2.37318	3.40432	1.83345	0.935674	132.993	0.296923	1.57103	30.6964	3.13289	37.7433	0.227728	0	0	0	0	0	0	0.75641	0.259539	1.0835	0.0567278	0.715174	0.0602021	0.759641	0.0995486	0.822309	0.149835	1.07208	0.315346	1.12116	0.0383214	0.752022	1.10467	1.10852	0.685217	0.0162169	0.680506	-0.189214	-0.275778	-8.66125	0.128759	0.659172	0.963771	0.776369	0.974309	0.0579513	0.817871	1.15876	0.976817	1.86201e-19	1.1519	0.118573	0	85.8524	8.83745	0	-0.0154687	-1.39241	-4.44172	-0	-0	-0	-0	-0	-0	0	0	0	0	0	0	-0.0584895	0.754145	-0	-42.7502	551.207	-0	-49.5713	-3.84462	690.847	1.25333	-4.45274e-15	0.0899322	0	0	0	0	0	0	0	0	0	0
1.15	-0.192427	1.25905	0.924883	0.275584	-0.178531	0.0691105	-0.122543	-0.45155	-0.39107	-0.363476	1.09491	0.0960705	-2.20037	2.49039	-0.369446	3.56419	-5.93451	0.920875	0.259445	0.0944026	0.0106731	0.131144	0.0195379	0.127307	0.123926	0.103461	0.0100163	0.0585977	0.309582	0.0645208	0.300499	0.0573066	0.191554	0.0470431	0.0801983	0.0565247	0.026497	0.0666177	0.0133925	0.123468	0.0100262	0.108406	0.470987	0.116693	0.0101272	0.085472	0.0111644	0.077327	0.190062	0.0377642	0.0830997	0.0315635	0.375227	0.0736233	0.245329	0.245329	0.96724	-0.674825	0.0149482	0.173962	0.00889723	0.01	1.18897	0.604888	0.00694385	0.0602939	-0.0412752	0.01	0.811389	-0.6322	0.00175673	0.0054718	0.131269	0.131269	0.970552	0.674649	0.0133904	0.149863	-0.0307813	0.01	0.772038	-0.243418	0.0016583	0.00478097	0.226778	0.226778	0.649756	-0.94539	0.0109575	0.11324	0.31326	0.31326	1.12366	0.233929	0.0233197	0.329358	0.19526	0.19526	1.06916	-0.31767	0.0134037	0.150067	-0.0944092	0.01	0.827594	0.532762	0.00913529	0.0879696	-0.123078	0.01	0.682558	-0.192592	0.00284878	0.0148515	0.00596641	0.01	1.11938	-1.65114	0.00246059	0.0112348	-0.153345	0.01	0.690924	1.08779	0.00306288	0.0169379	0.493948	0.493948	1.09468	-1.07618	0.0206516	0.273859	-0.128096	0.01	1.12611	1.68686	0.00615104	0.0508476	0	0.01	0.778721	2.68729	0.00511697	0.0389238	-0.0245893	0.01	0.740474	-1.65553	0.00690271	0.0597971	-0.180134	0.01	0.717353	0.561038	0.00713389	0.0625983	0.397187	0.397187	1.07794	-0.607834	0.0205982	0.27279	0	0	0	0	0	0	0	0	0	0	0	0	0	0	0	0	0	0	1.25905	0.924883	0	1.09491	0.0960705	0	1.18965	0.938404	0	1.09982	0.121294	0	0	0	-0.192427	0	0	-0.363476	1.17701	0.873524	0.0835	1.07624	0.125889	0	1.19113	0.704112	0.0835	0.641892	0.0896863	0	0	0	0.0831568	0	0	-2.56384	1.2099	0.478893	0.0835	0.064465	0.0415584	0	1.19212	0.293041	0.0835	0.0508138	0.0428643	0	0	0	-0.0953742	0	0	-0.073452	1.1191	0.010192	0.09142	0.0150182	0.0666467	0	1.21985	0.0375556	0.09142	0.0271375	0.0220233	0	0	0	-0.0262638	0	0	-0.442898	1.17701	0.873524	-0.0835	1.07624	0.125889	0	1.12435	0.711887	-0.0835	1.59359	-0.0426736	0	0	0	-0.314971	0	0	3.20071	1.05434	0.497005	-0.0835	2.28137	-0.266762	0	0.924834	0.36252	-0.0835	1.91371	0.0872677	0	0	0	-0.76652	0	0	-2.7338	0.69807	0.215084	-0.09142	1.48503	0.65378	0	0.7657	0.135547	-0.09142	1.34084	0.531173	0	0	0	-1.15759	0	0	-1.81292	1.17579	1.02414	0	1.13098	0.126332	0	1.20754	1.34397	0	1.24723	0.114791	0	0	0	-0.192427	0	0	-0.363476	8.69511e-17	1.63417	3.03249	2.59708	0.839601	0.477846	1.03315	0.311304	3	0	-0.424931	-0.48813	0.0356042	0.0408995	0.357117	0.0888982	-0.0805414	0.0257975	0.052979	0.0451081	0.0137822	-0.0270622	0.00303604	-0.0385839	-0.12539	-0.122676	0.176309	0.0650247	0.159348	0.127628	0.174236	0.228757	-0.00404797	-0.133885	-0.00213873	-0.195671	-0.0917166	-0.0897317	0.0998067	0.126972	0.131269	0.0550011	0.182926	0.00889723	-0.119263	0.0990782	-0.0366745	0.0779879	-0.0899176	0.00413516	0.424165	-0.128096	0.139093	-0.0464631	-0.0228478	-0.123078	0.00596641	-0.153345	0.304889	1.0163	588.392	72.2103	0.268038	4.30614	13.3023	0.479293	115.225	16.7474	23.5357	2.07248	2.54158	1.67964	0.943426	150.615	0.288734	1.59071	22.5342	2.72432	44.7854	0.2485	0	0	0	0	0	0	0.736591	0.27279	1.07794	0.0625983	0.717353	0.0597971	0.740474	0.0879696	0.827594	0.150067	1.06916	0.329358	1.12366	0.0389238	0.778721	1.09468	1.12611	0.682558	0.0112348	0.690924	-0.192427	-0.363476	-8.85202	0.11324	0.649756	0.970552	0.772038	0.96724	0.0602939	0.811389	1.17025	0.977872	-3.72401e-19	1.14637	0.0935146	0	85.4402	6.96978	0	-0.0308703	-1.46599	-4.34314	-0	-0	-0	-0	-0	-0	0	0	0	0	0	0	-0.0543695	0.734582	-0	-39.7388	536.909	-0	-48.386	-3.58125	676.464	1.25992	-4.47615e-15	0.0901197	0	0	0	0	0	0	0	0	0	0
1.16	-0.196534	1.2698	0.925653	0.254303	-0.153587	0.0652505	-0.0854458	-0.510839	-0.38002	-0.453083	1.05743	0.0596261	-2.06089	2.49274	-0.396397	3.83763	-5.91833	1.29945	0.260389	0.0937655	0.0105914	0.131806	0.0183532	0.126342	0.139018	0.104141	0.0100143	0.0584745	0.287545	0.063585	0.317798	0.0574188	0.19876	0.0468925	0.0701825	0.0568865	0.0244124	0.0665066	0.0129776	0.12163	0.010023	0.110178	0.497355	0.115475	0.0101118	0.086686	0.0110228	0.0799937	0.158672	0.0370288	0.0726066	0.0319403	0.388729	0.0731858	0.263123	0.263123	0.960712	-0.634342	0.0152136	0.178083	0.0092651	0.01	1.19498	0.595052	0.00714052	0.062679	-0.0455317	0.01	0.805237	-0.596608	0.00172012	0.00521075	0.146561	0.146561	0.976929	0.623038	0.0144409	0.166103	-0.0334388	0.01	0.770415	-0.116199	0.00189108	0.0064682	0.196955	0.196955	0.640332	-0.937514	0.00994989	0.0989858	0.33124	0.33124	1.12586	0.208869	0.023978	0.343513	0.203256	0.203256	1.06574	-0.3674	0.0134498	0.150778	-0.107948	0.01	0.832892	0.52273	0.00835596	0.0778294	-0.124031	0.01	0.681421	-0.0204243	0.00302377	0.0165525	0.0045162	0.01	1.10272	-1.67824	0.00195105	0.00693122	-0.144245	0.01	0.70222	1.1714	0.00317123	0.0180146	0.525605	0.525605	1.08325	-1.2098	0.0207356	0.275548	-0.118345	0.01	1.14211	1.49508	0.00633193	0.0529797	0	0.01	0.805576	2.6787	0.00512602	0.0390261	-0.0578544	0.01	0.726054	-1.22292	0.00688525	0.0595866	-0.19946	0.01	0.725916	1.09019	0.00712882	0.0625367	0.400171	0.400171	1.07153	-0.683491	0.020585	0.272524	0	0	0	0	0	0	0	0	0	0	0	0	0	0	0	0	0	0	1.2698	0.925653	0	1.05743	0.0596261	0	1.20046	0.939459	0	1.06368	0.0910424	0	0	0	-0.196534	0	0	-0.453083	1.18755	0.874631	0.0835	1.03431	0.0968906	0	1.19737	0.704915	0.0835	0.607647	0.0722153	0	0	0	0.0577688	0	0	-2.51398	1.21042	0.479292	0.0835	0.0404364	0.0394117	0	1.19255	0.293448	0.0835	0.036489	0.0397911	0	0	0	-0.095818	0	0	-0.0212406	1.11925	0.0108242	0.09142	0.0144556	0.0611797	0	1.22012	0.0377539	0.09142	0.0257025	0.0190525	0	0	0	-0.0305676	0	0	-0.417638	1.18755	0.874631	-0.0835	1.03431	0.0968906	0	1.14025	0.711345	-0.0835	1.58696	-0.0632112	0	0	0	-0.28198	0	0	3.38454	1.07736	0.49427	-0.0835	2.32166	-0.276052	0	0.94437	0.363237	-0.0835	1.98964	0.0609236	0	0	0	-0.792818	0	0	-2.53379	0.713487	0.221181	-0.09142	1.59241	0.571121	0	0.779896	0.140621	-0.09142	1.49297	0.489149	0	0	0	-1.17284	0	0	-1.23434	1.18695	1.02525	0	1.10255	0.0971626	0	1.22002	1.34495	0	1.2474	0.0821818	0	0	0	-0.196534	0	0	-0.453083	1.56753e-16	1.6894	2.99975	2.61183	0.85526	0.479179	1.03064	0.301182	3	0	-0.422491	-0.485327	0.0248866	0.0285879	0.357178	0.103493	-0.0901942	0.0367109	0.0380077	0.0469552	0.0144996	-0.0385107	0.00367495	-0.0401639	-0.145976	-0.142817	0.177659	0.0605187	0.158842	0.129775	0.176565	0.23819	-0.00401037	-0.136137	-0.00223812	-0.203739	-0.0853609	-0.0835136	0.0840477	0.112908	0.146561	0.0539795	0.177113	0.0092651	-0.122504	0.0977875	-0.0117776	0.076972	-0.0887463	0.00132795	0.415091	-0.118345	0.137281	-0.014921	-0.0118464	-0.124031	0.0045162	-0.144245	0.304889	1.0163	592.97	71.9379	0.264084	3.94375	15.2476	0.390698	100.594	17.9565	25.9314	1.82554	1.5251	1.52739	0.951864	169.211	0.281322	1.6114	16.3332	2.40984	48.4849	0.270584	0	0	0	0	0	0	0.722089	0.272524	1.07153	0.0625367	0.725916	0.0595866	0.726054	0.0778294	0.832892	0.150778	1.06574	0.343513	1.12586	0.0390261	0.805576	1.08325	1.14211	0.681421	0.00693122	0.70222	-0.196534	-0.453083	-9.1068	0.0989858	0.640332	0.976929	0.770415	0.960712	0.062679	0.805237	1.18169	0.978664	-3.72401e-19	1.14122	0.0667938	0	85.0569	4.97823	0	-0.0449189	-1.53292	-4.25491	-0	-0	-0	-0	-0	-0	0	0	0	0	0	0	-0.050265	0.720337	-0	-36.7389	526.497	-0	-47.5399	-3.31733	666.588	1.26608	-4.49802e-15	0.0902947	0	0	0	0	0	0	0	0	0	0
1.17	-0.20155	1.28017	0.926049	0.234506	-0.128776	0.0612456	-0.0456555	-0.569783	-0.36453	-0.544581	1.01969	0.0218399	-1.90644	2.46747	-0.400491	4.10273	-5.86463	1.70334	0.272131	0.0931437	0.0105195	0.132454	0.0173185	0.125437	0.153721	0.104764	0.0100126	0.0583824	0.264495	0.0626643	0.336705	0.0575171	0.207034	0.0467208	0.0617738	0.0572364	0.0226	0.0665784	0.0126137	0.119774	0.0100202	0.112079	0.524581	0.114125	0.0100982	0.0877406	0.0108985	0.0826399	0.134056	0.0364968	0.0638137	0.0324988	0.39878	0.0726766	0.281268	0.281268	0.954341	-0.636175	0.0157107	0.185849	0.00964392	0.01	1.20086	0.578055	0.00733772	0.0650881	-0.048602	0.01	0.799468	-0.55443	0.0017074	0.00512117	0.160931	0.160931	0.982779	0.569018	0.0154342	0.181521	-0.0368159	0.01	0.769201	-0.138896	0.00184914	0.00615087	0.167385	0.167385	0.63106	-0.91529	0.00897691	0.0858787	0.351528	0.351528	1.12779	0.178032	0.0246434	0.357962	0.211891	0.211891	1.06184	-0.410833	0.013566	0.152572	-0.12153	0.01	0.838014	0.498465	0.00765432	0.0689939	-0.124685	0.01	0.682155	0.187739	0.00325781	0.0188841	0.00326224	0.01	1.0859	-1.68185	0.00140212	0.00316333	-0.134309	0.01	0.714332	1.25311	0.00327351	0.0190426	0.552209	0.552209	1.07059	-1.32283	0.0209079	0.279027	-0.109139	0.01	1.156	1.2635	0.00646893	0.0546035	0	0.01	0.832224	2.64389	0.00511179	0.0388653	-0.0875574	0.01	0.715624	-0.850776	0.00690045	0.0597699	-0.215913	0.01	0.738608	1.43971	0.00699066	0.06086	0.404291	0.404291	1.06408	-0.813849	0.0201182	0.263256	0	0	0	0	0	0	0	0	0	0	0	0	0	0	0	0	0	0	1.28017	0.926049	0	1.01969	0.0218399	0	1.2109	0.940202	0	1.0274	0.0595624	0	0	0	-0.20155	0	0	-0.544581	1.19767	0.87544	0.0835	0.992134	0.0667686	0	1.20327	0.705533	0.0835	0.575686	0.0530394	0	0	0	0.0329554	0	0	-2.45103	1.21072	0.479655	0.0835	0.0220545	0.0347876	0	1.19286	0.293812	0.0835	0.025111	0.0344938	0	0	0	-0.0958204	0	0	0.0164466	1.11939	0.0113887	0.09142	0.0136405	0.0533866	0	1.22037	0.037914	0.09142	0.0238274	0.0146068	0	0	0	-0.0345748	0	0	-0.384044	1.19767	0.87544	-0.0835	0.992134	0.0667686	0	1.15607	0.710608	-0.0835	1.57863	-0.0812442	0	0	0	-0.247206	0	0	3.55815	1.10077	0.491479	-0.0835	2.35833	-0.278014	0	0.964651	0.363697	-0.0835	2.0636	0.0359457	0	0	0	-0.816988	0	0	-2.30648	0.729943	0.226378	-0.09142	1.69714	0.479658	0	0.795651	0.145246	-0.09142	1.64821	0.440027	0	0	0	-1.18152	0	0	-0.603141	1.19783	1.02606	0	1.07416	0.0666841	0	1.23249	1.34559	0	1.24817	0.0478048	0	0	0	-0.20155	0	0	-0.544581	1.6033e-16	1.75772	2.9908	2.64226	0.878673	0.484561	1.00545	0.296331	3	0	-0.418149	-0.480339	0.014517	0.0166761	0.355975	0.116358	-0.0954428	0.0436519	0.0246281	0.048385	0.0148897	-0.0457919	0.00424594	-0.041387	-0.164122	-0.160571	0.180201	0.0545152	0.157622	0.131162	0.178422	0.248335	-0.00391969	-0.137592	-0.00231739	-0.212417	-0.0768931	-0.075229	0.0677994	0.0995856	0.160931	0.0532673	0.17185	0.00964392	-0.125599	0.0978196	0.0115984	0.0769972	-0.0887754	-0.00130776	0.404487	-0.109139	0.137326	0.0146941	-0.00429832	-0.124685	0.00326224	-0.134309	0.304889	1.0163	605.084	75.9829	0.26037	3.61146	17.1803	0.407423	86.1624	19.3381	28.3641	1.6206	1.33289	1.38327	0.960941	187.08	0.274897	1.63261	11.5298	2.15976	53.2595	0.300037	0	0	0	0	0	0	0.714441	0.263256	1.06408	0.06086	0.738608	0.0597699	0.715624	0.0689939	0.838014	0.152572	1.06184	0.357962	1.12779	0.0388653	0.832224	1.07059	1.156	0.682155	0.00316333	0.714332	-0.20155	-0.544581	-9.15963	0.0858787	0.63106	0.982779	0.769201	0.954341	0.0650881	0.799468	1.19307	0.979182	-7.44802e-19	1.1365	0.0389802	0	84.7048	2.90525	0	-0.0552292	-1.59565	-4.1724	-0	-0	-0	-0	-0	-0	0	0	0	0	0	0	-0.0463108	0.712938	-0	-33.8487	521.089	-0	-47.1331	-3.06166	662.613	1.27159	-4.51761e-15	0.0904512	0	0	0	0	0	0	0	0	0	0
1.18	-0.207478	1.29017	0.926066	0.216282	-0.104306	0.0572782	-0.00326372	-0.627925	-0.346745	-0.635129	0.982681	-0.0160758	-1.74824	2.42812	-0.389452	4.35825	-5.76402	1.845	0.287529	0.0925271	0.0104582	0.133082	0.0164145	0.124598	0.167375	0.105337	0.0100111	0.0582583	0.241065	0.061769	0.356586	0.0576	0.21493	0.0465339	0.0546727	0.0575668	0.0210229	0.066874	0.0122947	0.117938	0.0100178	0.1141	0.547933	0.112666	0.0100863	0.0886081	0.0107893	0.0852381	0.114395	0.0361327	0.0563997	0.0331643	0.401446	0.0720878	0.29864	0.29864	0.948023	-0.619045	0.0164649	0.197839	0.0100296	0.0100296	1.20654	0.558368	0.00753713	0.0675425	-0.0505614	0.01	0.794126	-0.511527	0.00170617	0.00511255	0.174318	0.174318	0.98815	0.519035	0.0163208	0.195523	-0.0405597	0.01	0.767566	-0.193345	0.00174764	0.00540653	0.1387	0.1387	0.622045	-0.886416	0.00803564	0.0737636	0.372555	0.372555	1.12941	0.149219	0.0253272	0.372951	0.219442	0.219442	1.05759	-0.434902	0.0137569	0.15552	-0.134451	0.01	0.842852	0.465827	0.00702697	0.0612999	-0.124965	0.01	0.685184	0.440834	0.00350227	0.021379	0.00215535	0.01	1.06925	-1.62521	0.000631363	0.000321115	-0.123601	0.01	0.727217	1.32563	0.00336521	0.0199732	0.571851	0.571851	1.0569	-1.41801	0.0210003	0.280899	-0.10077	0.01	1.16743	0.999726	0.00654818	0.0555464	0	0.01	0.85839	2.58239	0.00507367	0.0384347	-0.11074	0.01	0.708483	-0.575931	0.00682782	0.0588948	-0.224615	0.01	0.753734	1.57994	0.00674729	0.0579271	0.404314	0.404314	1.05546	-0.916972	0.019579	0.252765	0	0	0	0	0	0	0	0	0	0	0	0	0	0	0	0	0	0	1.29017	0.926066	0	0.982681	-0.0160758	0	1.22099	0.94063	0	0.991931	0.0278648	0	0	0	-0.207478	0	0	-0.635129	1.20737	0.875948	0.0835	0.950849	0.0365128	0	1.20887	0.705954	0.0835	0.545692	0.0329456	0	0	0	0.00880434	0	0	-2.38337	1.21086	0.479963	0.0835	0.00707076	0.0282032	0	1.19306	0.294114	0.0835	0.015388	0.0274065	0	0	0	-0.0955014	0	0	0.0447526	1.11952	0.0118666	0.09142	0.0124195	0.0437195	0	1.22059	0.0380233	0.09142	0.0214357	0.00887958	0	0	0	-0.0382232	0	0	-0.344699	1.20737	0.875948	-0.0835	0.950849	0.0365128	0	1.17181	0.709709	-0.0835	1.56978	-0.0958869	0	0	0	-0.210742	0	0	3.72312	1.12454	0.488709	-0.0835	2.39259	-0.271901	0	0.985677	0.363908	-0.0835	2.13788	0.0114951	0	0	0	-0.838666	0	0	-2.0409	0.747515	0.230696	-0.09142	1.81172	0.392011	0	0.812906	0.149308	-0.09142	1.79578	0.379202	0	0	0	-1.18541	0	0	-0.195893	1.20842	1.02656	0	1.04651	0.0358472	0	1.24498	1.34588	0	1.24932	0.0126263	0	0	0	-0.207478	0	0	-0.635129	3.88857e-17	1.84317	3.0107	2.68946	0.892159	0.48264	0.965817	0.293621	3	0	-0.411902	-0.473163	0.00448997	0.00515774	0.353285	0.125979	-0.0967761	0.0498523	0.0135844	0.0495214	0.0149888	-0.0522962	0.00471724	-0.042359	-0.177692	-0.173846	0.18341	0.0483204	0.155923	0.131674	0.179837	0.259399	-0.00379343	-0.13813	-0.00237777	-0.221881	-0.0681554	-0.0666804	0.0513812	0.0873183	0.174318	0.0530003	0.166989	0.0100296	-0.128519	0.0990399	0.0326118	0.0779578	-0.0898829	-0.00367708	0.392564	-0.10077	0.13904	0.041316	-0.00106857	-0.124965	0.00215535	-0.123601	0.304889	1.0163	614.915	79.9541	0.257285	3.31613	19.0363	0.445183	72.663	20.8167	30.2807	1.44897	1.26645	1.25527	0.970619	202.432	0.269615	1.65397	8.07701	1.9552	56.2745	0.328802	0	0	0	0	0	0	0.714559	0.252765	1.05546	0.0579271	0.753734	0.0588948	0.708483	0.0612999	0.842852	0.15552	1.05759	0.372951	1.12941	0.0384347	0.85839	1.0569	1.16743	0.685184	0.000321115	0.727217	-0.207478	-0.635129	-8.87848	0.0737636	0.622045	0.98815	0.767566	0.948023	0.0675425	0.794126	1.20441	0.97942	1.86201e-19	1.13222	0.0107919	0	84.3859	0.804332	0	-0.0626672	-1.65521	-4.09207	-0	-0	-0	-0	-0	-0	0	0	0	0	0	0	-0.0414078	0.713358	-0	-30.2651	521.396	-0	-47.2299	-2.74152	665.448	1.27628	-4.53426e-15	0.0905837	0	0	0	0	0	0	0	0	0	0
1.19	-0.214345	1.29978	0.925705	0.200346	-0.0817521	0.0550851	0.0417486	-0.685036	-0.327335	-0.766378	0.925243	-0.0577525	-1.06846	1.38931	0.517968	4.72154	-5.73245	2.04235	0.303843	0.0919392	0.0104399	0.133664	0.0156251	0.123843	0.179732	0.105857	0.0100097	0.058094	0.217749	0.0609147	0.376261	0.057671	0.221553	0.0463431	0.0486516	0.0578623	0.0196506	0.0674265	0.0120152	0.116265	0.0100156	0.116237	0.566215	0.111108	0.0100759	0.089267	0.0106935	0.0877684	0.0984772	0.0358932	0.0501215	0.0338869	0.402994	0.0714286	0.316142	0.316142	0.942	-0.57802	0.0173858	0.213046	0.0104211	0.0104211	1.21182	0.359027	0.00756761	0.0679193	-0.0514464	0.01	0.789313	-0.367809	0.00190103	0.00654427	0.186567	0.186567	0.993031	0.418252	0.0169318	0.205454	-0.0451212	0.01	0.765402	-0.211142	0.00171153	0.00515022	0.111157	0.111157	0.613441	-0.734222	0.00753041	0.0674595	0.392989	0.392989	1.1308	0.142156	0.0261261	0.390635	0.225505	0.225505	1.05325	-0.393065	0.0142574	0.163263	-0.146603	0.01	0.847179	0.280412	0.00620612	0.0514955	-0.124784	0.01	0.690845	0.710168	0.00372465	0.0236942	0.00118835	0.01	1.05408	-1.38721	-0.00174906	0	-0.112169	0.01	0.740835	1.42209	0.00347673	0.0211158	0.585231	0.585231	1.04229	-1.51204	0.0208978	0.278823	-0.0934995	0.01	1.17611	0.72328	0.00656031	0.0556909	0	0.01	0.883871	2.53393	0.00504722	0.0381363	-0.128764	0.01	0.703789	-0.360645	0.00672468	0.0576559	-0.226986	0.01	0.770156	1.71666	0.00654934	0.0555603	0.402265	0.402265	1.04581	-1.01376	0.0190342	0.242432	0	0	0	0	0	0	0	0	0	0	0	0	0	0	0	0	0	0	1.29978	0.925705	0	0.925243	-0.0577525	0	1.2307	0.940744	0	0.936768	-0.00480955	0	0	0	-0.214345	0	0	-0.766378	1.21664	0.876156	0.0835	0.887269	0.00596568	0	1.21426	0.706173	0.0835	0.575377	0.0103323	0	0	0	-0.0139994	0	0	-1.83484	1.2111	0.480195	0.0835	0.160744	0.0161372	0	1.19325	0.29435	0.0835	0.0779442	0.0240898	0	0	0	-0.0957515	0	0	-0.445533	1.11955	0.0122322	0.09142	-0.0270648	0.0307999	0	1.22069	0.0381419	0.09142	-0.0289416	0.0381258	0	0	0	-0.0406664	0	0	0.0724355	1.21664	0.876156	-0.0835	0.887269	0.00596568	0	1.18745	0.708682	-0.0835	1.54966	-0.109509	0	0	0	-0.172596	0	0	3.95517	1.14863	0.48604	-0.0835	2.43024	-0.263023	0	1.00743	0.363895	-0.0835	2.21316	-0.012069	0	0	0	-0.857632	0	0	-1.77729	0.766205	0.234119	-0.09142	1.92247	0.299797	0	0.831633	0.15276	-0.09142	1.94403	0.317139	0	0	0	-1.18497	0	0	0.265063	1.21872	1.02676	0	1.00269	0.00436999	0	1.25748	1.34582	0	1.24721	-0.0253294	0	0	0	-0.214345	0	0	-0.766378	8.0165e-17	1.8842	3.02513	2.72733	0.911174	0.481938	0.927565	0.261123	3	1	-0.403816	-0.463874	-0.00520648	-0.00598082	0.349669	0.132411	-0.0952335	0.0550113	0.00476993	0.0491883	0.0148742	-0.0577082	0.00509341	-0.042074	-0.186764	-0.182722	0.186848	0.0427	0.153854	0.131878	0.180988	0.270926	-0.00363963	-0.138344	-0.00242689	-0.231741	-0.0602279	-0.0589245	0.0350912	0.0760663	0.186567	0.0528006	0.162244	0.0104211	-0.13124	0.101372	0.0525258	0.0797935	-0.0919995	-0.00592243	0.379527	-0.0934995	0.142314	0.066545	-0.00315462	-0.124784	0.00118835	-0.112169	0.304889	1.0163	617.621	82.8506	0.259476	2.78968	20.7732	0.455967	57.2883	22.2972	30.2839	1.30409	1.21212	1.16371	0.980868	215.386	0.26559	1.67521	5.5193	1.78447	58.7889	0.356516	0	0	0	40.4326	0	0	0.665669	0.242432	1.04581	0.0555603	0.770156	0.0576559	0.703789	0.0514955	0.847179	0.163263	1.05325	0.390635	1.1308	0.0381363	0.883871	1.04229	1.17611	0.690845	0	0.740835	-0.214345	-0.766378	-21.34	0.0674595	0.613441	0.993031	0.765402	0.942	0.0679193	0.789313	1.21572	0.97938	1.86201e-19	1.13223	-0.0182161	0	84.3864	-1.35767	0	-0.0723864	-1.64316	-3.74114	-0	-0	-0	-0	-0	-0	0	0	0	0	0	0	0.14259	0.650218	-0	104.219	475.246	-0	-43.0634	9.4436	607.647	1.27859	-4.54248e-15	0.0906128	0	0	0	0	0	0	0	0	0	0
1.2	-0.222803	1.30867	0.924911	0.19484	-0.0743881	0.0578427	0.0911131	-0.742205	-0.30656	-0.900646	0.864482	-0.097526	-0.258466	0.389404	0.208055	5.08164	-5.64567	2.10066	0.321196	0.0914144	0.0107153	0.13387	0.0149346	0.123546	0.191413	0.106129	0.0100085	0.0579834	0.194575	0.0604807	0.395826	0.0577371	0.227272	0.0462038	0.0435162	0.057954	0.018454	0.068286	0.0117701	0.114856	0.0100137	0.118567	0.57918	0.10942	0.0100667	0.0896993	0.0106095	0.0902756	0.0854094	0.0357536	0.0447731	0.0346659	0.401998	0.0707081	0.334373	0.334373	0.936623	-0.483793	0.0186935	0.236118	0.0108175	0.0108175	1.21369	0.091465	0.00738589	0.0656794	-0.0512831	0.01	0.787416	-0.0807129	0.00233741	0.0101415	0.197806	0.197806	0.995579	0.132476	0.016513	0.198616	-0.0506747	0.01	0.763944	-0.094886	0.00192026	0.00669217	0.0848523	0.0848523	0.60907	-0.205037	0.00866311	0.0817822	0.412437	0.412437	1.1321	0.103143	0.0266548	0.40244	0.230648	0.230648	1.05009	-0.258705	0.0153401	0.180054	-0.158558	0.01	0.848521	0.0683276	0.00529348	0.0409265	-0.124039	0.01	0.699652	1.05525	0.00401305	0.0267529	0.000369775	0.01	1.04131	-1.16816	-0.00714924	0	-0.100056	0.01	0.755683	1.52768	0.00359668	0.022357	0.592178	0.592178	1.02645	-1.65728	0.0203572	0.267981	-0.0875191	0.01	1.18181	0.402273	0.00644189	0.0542824	0	0.01	0.90912	2.48352	0.00501916	0.0378202	-0.135391	0.01	0.701052	-0.188636	0.00657785	0.0559001	-0.220796	0.01	0.787861	1.80515	0.00635648	0.0532701	0.398007	0.398007	1.03526	-1.09335	0.0184852	0.232319	0	0	0	0	0	0	0	0	0	0	0	0	0	0	0	0	0	0	1.30867	0.924911	0	0.864482	-0.097526	0	1.23972	0.940533	0	0.878552	-0.0354242	0	0	0	-0.222803	0	0	-0.900646	1.22512	0.876067	0.0835	0.820491	-0.0222696	0	1.22036	0.706133	0.0835	0.623519	-0.0167602	0	0	0	-0.0279634	0	0	-1.15911	1.21404	0.480222	0.0835	0.361662	-0.0094359	0	1.19497	0.294499	0.0835	0.21871	0.0052468	0	0	0	-0.102351	0	0	-0.769708	1.11952	0.0127335	0.09142	0.0101006	0.0527937	0	1.22076	0.0382544	0.09142	0.0244344	-0.00406564	0	0	0	-0.0445088	0	0	-0.561653	1.22512	0.876067	-0.0835	0.820491	-0.0222696	0	1.20279	0.707539	-0.0835	1.52511	-0.1156	0	0	0	-0.13169	0	0	4.18099	1.17312	0.483496	-0.0835	2.46183	-0.239675	0	1.02995	0.363663	-0.0835	2.28631	-0.0299812	0	0	0	-0.873895	0	0	-1.46467	0.786027	0.236642	-0.09142	2.03906	0.206809	0	0.851821	0.155579	-0.09142	2.09061	0.248653	0	0	0	-1.18045	0	0	0.635992	1.22847	1.02665	0	0.956111	-0.0252921	0	1.26992	1.34537	0	1.24316	-0.0626239	0	0	0	-0.222803	0	0	-0.900646	2.74964e-17	2.03399	3.31312	2.88407	0.858548	0.477636	0.889627	0.30048	3	1	-0.39374	-0.4523	-0.0146262	-0.0168015	0.345502	0.132282	-0.089171	0.0549571	-0.00186115	0.0490151	0.0144236	-0.0576513	0.0053764	-0.0419259	-0.186582	-0.182545	0.190293	0.037778	0.15143	0.132504	0.182	0.282569	-0.00345942	-0.138999	-0.00247008	-0.2417	-0.0532855	-0.0521323	0.0191745	0.0656778	0.197806	0.0525317	0.15754	0.0108175	-0.133749	0.104767	0.0720659	0.0824661	-0.0950808	-0.00812564	0.36555	-0.0875191	0.14708	0.0913005	-0.0117528	-0.124039	0.000369775	-0.100056	0.304889	1.0163	602.544	82.7442	0.267084	1.68166	22.4097	0.371754	31.7902	23.7595	27.1462	1.1779	1.16862	1.07716	0.992064	227.82	0.262921	1.69682	3.5915	1.64083	60.4039	0.381334	0	0	0	12.6314	0	0	0.731996	0.232319	1.03526	0.0532701	0.787861	0.0559001	0.701052	0.0409265	0.848521	0.180054	1.05009	0.40244	1.1321	0.0378202	0.90912	1.02645	1.18181	0.699652	0	0.755683	-0.222803	-0.900646	-8.10897	0.0817822	0.60907	0.995579	0.763944	0.936623	0.0656794	0.787416	1.22708	0.979037	-3.72401e-19	1.13811	-0.048011	0	84.8248	-3.57833	0	-0.0587922	-1.57643	-3.00097	-0	-0	-0	-0	-0	-0	0	0	0	0	0	0	-0.00150367	0.731994	-0	-1.09904	535.017	-0	-48.606	-0.0998469	687.829	1.28562	-4.56745e-15	0.0908494	0	0	0	0	0	0	0	0	0	0
1.21	-0.232154	1.31717	0.923769	0.193314	-0.0715443	0.0610685	0.142798	-0.797253	-0.284981	-0.96046	0.837976	-0.128585	-0.0951432	0.239572	0.424506	5.23134	-5.36187	2.20348	0.339467	0.0909858	0.0110972	0.133942	0.0143291	0.123471	0.201261	0.106201	0.0100075	0.0579254	0.171998	0.0603808	0.414429	0.057777	0.232331	0.0461113	0.0391086	0.0579639	0.0174074	0.0694583	0.0115547	0.113666	0.0100121	0.120993	0.586393	0.107592	0.0100586	0.0898873	0.0105355	0.0926725	0.0745418	0.035698	0.0401868	0.035477	0.399626	0.0699405	0.354334	0.354334	0.932232	-0.392112	0.0200417	0.261753	0.011224	0.011224	1.21434	0.0524545	0.00739496	0.0657907	-0.0495228	0.01	0.786942	-0.0266271	0.00237402	0.0104634	0.206511	0.206511	0.996255	0.0196782	0.0164181	0.197085	-0.0573411	0.01	0.763181	-0.0670798	0.00196727	0.00705831	0.0598024	0.0598024	0.608064	-0.0293075	0.00854994	0.0803194	0.431126	0.431126	1.13288	0.0591057	0.0270585	0.411512	0.235511	0.235511	1.04798	-0.152681	0.0162883	0.195002	-0.171168	0.01	0.848667	-0.0542916	0.00463376	0.0335162	-0.122646	0.01	0.711663	1.35052	0.00424654	0.0292703	6.82139e-18	0.01	1.03052	-0.986549	-0.0142343	0	-0.0870667	0.01	0.771147	1.55945	0.00365256	0.0229393	0.592722	0.592722	1.0093	-1.77144	0.0198772	0.258537	-0.0829766	0.01	1.18429	0.0833374	0.00618007	0.051189	0	0.01	0.933257	2.33299	0.00489823	0.0364618	-0.133828	0.01	0.699961	-0.0177171	0.00648173	0.0547556	-0.206937	0.01	0.806296	1.8885	0.00619212	0.0513307	0.389613	0.389613	1.02402	-1.15721	0.0179643	0.223025	0	0	0	0	0	0	0	0	0	0	0	0	0	0	0	0	0	0	1.31717	0.923769	0	0.837976	-0.128585	0	1.24836	0.940035	0	0.853599	-0.0625018	0	0	0	-0.232154	0	0	-0.96046	1.23316	0.875708	0.0835	0.791816	-0.0478953	0	1.22655	0.705836	0.0835	0.612499	-0.040927	0	0	0	-0.0388403	0	0	-1.0556	1.21778	0.480007	0.0835	0.374113	-0.0316634	0	1.19721	0.294443	0.0835	0.222687	-0.0148801	0	0	0	-0.110385	0	0	-0.81603	1.11963	0.0131289	0.09142	0.00989213	0.0268723	0	1.22099	0.0381628	0.09142	0.0196935	-0.0128116	0	0	0	-0.0493161	0	0	-0.391524	1.23316	0.875708	-0.0835	0.791816	-0.0478953	0	1.21799	0.706386	-0.0835	1.51497	-0.112685	0	0	0	-0.0893555	0	0	4.27088	1.19782	0.481288	-0.0835	2.47634	-0.198818	0	1.05314	0.363285	-0.0835	2.3476	-0.0409738	0	0	0	-0.886608	0	0	-1.09099	0.806989	0.238139	-0.09142	2.14798	0.100635	0	0.873499	0.157662	-0.09142	2.23751	0.174626	0	0	0	-1.17159	0	0	1.11249	1.23792	1.02625	0	0.936406	-0.0524707	0	1.28235	1.34457	0	1.24214	-0.0951425	0	0	0	-0.232154	0	0	-0.96046	0	2.14814	3.45206	2.99748	0.826756	0.466674	0.857028	0.314335	3	1	-0.381596	-0.43835	-0.0231926	-0.0266419	0.340654	0.127783	-0.0801844	0.0534837	-0.00665793	0.0491659	0.0137556	-0.0561057	0.00558111	-0.0420549	-0.180237	-0.176336	0.193625	0.0334893	0.148668	0.13408	0.182886	0.294454	-0.00325414	-0.140653	-0.00250789	-0.251866	-0.0472363	-0.046214	0.0037489	0.0560534	0.206511	0.0521758	0.153055	0.011224	-0.135509	0.109239	0.0920406	0.0859859	-0.0991391	-0.0103778	0.35058	-0.0829766	0.153358	0.116606	-0.0278225	-0.122646	6.82139e-18	-0.0870667	0.304889	1.0163	596.295	82.132	0.276741	1.39823	23.7488	0.348896	19.2562	25.1935	24.1196	1.32162	1.13435	0.996216	1.00374	236.167	0.261704	1.71772	1.89323	1.51806	61.2648	0.40209	0	0	0	8.66488	0	0	0.762642	0.223025	1.02402	0.0513307	0.806296	0.0547556	0.699961	0.0335162	0.848667	0.195002	1.04798	0.411512	1.13288	0.0364618	0.933257	1.0093	1.18429	0.711663	0	0.771147	-0.232154	-0.96046	-4.43127	0.0803194	0.608064	0.996255	0.763181	0.932232	0.0657907	0.786942	1.23846	0.978422	1.86201e-19	1.13668	-0.0728158	0	84.7187	-5.42706	0	-0.0423909	-1.61218	-2.80545	-0	-0	-0	-0	-0	-0	0	0	0	0	0	0	-0.0180521	0.762428	-0	-13.1944	557.261	-0	-50.6782	-1.19992	718.19	1.28879	-4.57868e-15	0.0909416	0	0	0	0	0	0	0	0	0	0
1.22	-0.241964	1.32545	0.92234	0.192674	-0.0692565	0.0661474	0.195611	-0.849098	-0.2628	-0.997111	0.820989	-0.155115	-0.0408891	0.222791	0.571431	5.32018	-5.01799	2.22562	0.359586	0.0906326	0.0110895	0.133999	0.0137987	0.123443	0.206936	0.106203	0.0100066	0.0578717	0.151833	0.0603699	0.432653	0.0578023	0.237243	0.0460679	0.0353196	0.057881	0.0164928	0.0709021	0.0113655	0.112653	0.0100106	0.123449	0.587307	0.10566	0.0100515	0.089835	0.0104705	0.0949052	0.0654486	0.0357337	0.0362475	0.0363188	0.395803	0.0691314	0.37639	0.37639	0.928613	-0.330289	0.0212688	0.286371	0.0108059	0.0108059	1.21486	0.0499789	0.00741389	0.0660234	-0.0455814	0.01	0.786765	-0.0101597	0.002355	0.0102958	0.209577	0.209577	0.996273	-0.00850733	0.01657	0.199539	-0.0649469	0.01	0.762472	-0.0776634	0.00194816	0.00690867	0.0545553	0.0545553	0.607955	-0.00468552	0.00789086	0.0719438	0.449357	0.449357	1.13338	0.044792	0.0276735	0.425431	0.240362	0.240362	1.047	-0.0377078	0.0173173	0.211888	-0.184829	0.01	0.847452	-0.191674	0.00400829	0.026702	-0.12048	0.01	0.726456	1.61578	0.00445123	0.0315044	0	0.01	1.02133	-0.855321	-0.022096	0	-0.0731269	0.01	0.786802	1.56884	0.00368839	0.0233139	0.585172	0.585172	0.991186	-1.85098	0.0194941	0.251138	-0.079996	0.01	1.1836	-0.238069	0.0057739	0.0464463	0	0.01	0.955743	2.15692	0.00474543	0.0347557	-0.130805	0.01	0.700661	0.169627	0.00644371	0.054304	-0.191623	0.01	0.825427	1.92982	0.00602462	0.0493657	0.381577	0.381577	1.01217	-1.21252	0.0174811	0.214665	0	0	0	0	0	0	0	0	0	0	0	0	0	0	0	0	0	0	1.32545	0.92234	0	0.820989	-0.155115	0	1.25681	0.93928	0	0.83788	-0.0866726	0	0	0	-0.241964	0	0	-0.997111	1.24097	0.875106	0.0835	0.773891	-0.0708802	0	1.2326	0.705312	0.0835	0.597645	-0.062186	0	0	0	-0.0492899	0	0	-1.038	1.22146	0.479586	0.0835	0.363342	-0.0506278	0	1.19938	0.294197	0.0835	0.212211	-0.0326273	0	0	0	-0.118546	0	0	-0.815209	1.11971	0.0132663	0.09142	0.00567273	0.00323851	0	1.22114	0.0379876	0.09142	0.0116992	-0.0214888	0	0	0	-0.0523991	0	0	-0.243778	1.24097	0.875106	-0.0835	0.773891	-0.0708802	0	1.2331	0.705288	-0.0835	1.50802	-0.104934	0	0	0	-0.0463531	0	0	4.32307	1.22262	0.479531	-0.0835	2.48399	-0.150205	0	1.07691	0.362812	-0.0835	2.40288	-0.0489437	0	0	0	-0.895451	0	0	-0.694916	0.829029	0.238568	-0.09142	2.25454	-0.0057406	0	0.896606	0.158986	-0.09142	2.37635	0.0977001	0	0	0	-1.15825	0	0	1.5307	1.24721	1.02559	0	0.923945	-0.0771024	0	1.29476	1.34346	0	1.24089	-0.124514	0	0	0	-0.241964	0	0	-0.997111	4.00825e-17	2.27175	3.56502	3.14546	0.797592	0.450732	0.828005	0.331096	3	1	-0.367728	-0.422418	-0.0315325	-0.0362222	0.335046	0.122691	-0.069475	0.0509062	-0.0099416	0.048446	0.0129596	-0.0534018	0.00572124	-0.0414391	-0.173054	-0.169309	0.196771	0.0297547	0.14566	0.136671	0.183634	0.306784	-0.00303058	-0.143371	-0.0025398	-0.262413	-0.0419686	-0.0410604	-0.00851518	0.0630705	0.209577	0.0519361	0.149051	0.0108059	-0.135952	0.11481	0.112529	0.090371	-0.104195	-0.012688	0.334252	-0.079996	0.161179	0.142564	-0.0528218	-0.12048	0	-0.0731269	0.304889	1.0163	595.835	83.1963	0.271169	1.29026	24.9095	0.357384	15.874	26.6237	20.0226	1.71586	1.10765	0.931444	1.01557	238.879	0.665918	1.73724	1.54453	1.4129	61.7384	0.41817	0	0	0	8.44628	0	0	0.798443	0.214665	1.01217	0.0493657	0.825427	0.054304	0.700661	0.026702	0.847452	0.211888	1.047	0.425431	1.13338	0.0347557	0.955743	0.991186	1.1836	0.726456	0	0.786802	-0.241964	-0.997111	-2.91127	0.0719438	0.607955	0.996273	0.762472	0.928613	0.0660234	0.786765	1.24982	0.977575	-3.72401e-19	1.13533	-0.0945278	0	84.6179	-7.04529	0	-0.0246317	-1.65546	-2.64426	-0	-0	-0	-0	-0	-0	0	0	0	0	0	0	-0.00783498	0.798405	-0	-5.72661	583.557	-0	-53.0872	-0.52096	752.773	1.28997	-4.58291e-15	0.0909718	0	0	0	0	0	0	0	0	0	0
1.23	-0.252065	1.3336	0.92067	0.192447	-0.0670731	0.0723806	0.249117	-0.89733	-0.240331	-1.01968	0.809484	-0.176743	-0.00951196	0.215041	0.663634	5.37198	-4.64175	2.27297	0.381261	0.0903298	0.0110441	0.134053	0.0133339	0.123435	0.209174	0.106192	0.0100058	0.0578068	0.136041	0.0603612	0.45152	0.0578247	0.244333	0.0460732	0.0320532	0.0577133	0.0156929	0.0725948	0.0111995	0.111751	0.0100093	0.125909	0.583469	0.103657	0.0100453	0.0895356	0.0104134	0.0969583	0.0577878	0.0358737	0.0328539	0.0371744	0.390896	0.0682877	0.400438	0.400438	0.925511	-0.289965	0.0224052	0.30996	0.0107033	0.0107033	1.21535	0.0481502	0.00743019	0.0662239	-0.040455	0.01	0.786714	-0.000844645	0.00232972	0.0100743	0.210103	0.210103	0.996177	-0.00912809	0.0166985	0.201628	-0.0734674	0.01	0.761619	-0.0933199	0.00191995	0.0066898	0.0557256	0.0557256	0.607867	-0.0140024	0.00725049	0.0640203	0.471111	0.471111	1.13382	0.0432472	0.0284156	0.4424	0.250808	0.250808	1.04712	0.0572034	0.0183131	0.229216	-0.206153	0.01	0.844997	-0.298597	0.00351597	0.0215204	-0.117525	0.01	0.7438	1.85883	0.00463862	0.0335701	0	0.01	1.01315	-0.785513	-0.0298281	0	-0.0588741	0.01	0.802479	1.56379	0.00371078	0.0235487	0.569142	0.569142	0.972391	-1.90789	0.0191064	0.243785	-0.0787	0.01	1.17965	-0.564107	0.00526306	0.0405803	0	0.01	0.976418	1.97069	0.00456969	0.032808	-0.127061	0.01	0.703407	0.401133	0.00640343	0.0538262	-0.175002	0.01	0.844873	1.96582	0.00587681	0.0476415	0.372566	0.372566	0.99982	-1.25989	0.0170606	0.207588	0	0	0	0	0	0	0	0	0	0	0	0	0	0	0	0	0	0	1.3336	0.92067	0	0.809484	-0.176743	0	1.26513	0.938303	0	0.827463	-0.10693	0	0	0	-0.252065	0	0	-1.01968	1.24865	0.874292	0.0835	0.762193	-0.0901197	0	1.23852	0.704594	0.0835	0.587542	-0.079695	0	0	0	-0.0596178	0	0	-1.02919	1.22505	0.478996	0.0835	0.355358	-0.0658363	0	1.20146	0.293792	0.0835	0.204575	-0.0466306	0	0	0	-0.126691	0	0	-0.814148	1.11974	0.0132011	0.09142	0.00217404	-0.01393	0	1.22123	0.0377285	0.09142	0.00586575	-0.0292043	0	0	0	-0.0543103	0	0	-0.150514	1.24865	0.874292	-0.0835	0.762193	-0.0901197	0	1.24814	0.704293	-0.0835	1.50208	-0.0923013	0	0	0	-0.0029485	0	0	4.3523	1.24748	0.478294	-0.0835	2.4857	-0.0952015	0	1.1012	0.36228	-0.0835	2.45211	-0.0528603	0	0	0	-0.900279	0	0	-0.289454	0.852106	0.237927	-0.09142	2.35513	-0.113653	0	0.921077	0.159549	-0.09142	2.5106	0.0231514	0	0	0	-1.14061	0	0	1.98352	1.25641	1.02471	0	0.91557	-0.0980325	0	1.30716	1.34208	0	1.23919	-0.149789	0	0	0	-0.252065	0	0	-1.01968	6.14837e-17	2.3982	3.69548	3.31774	0.764594	0.430229	0.802119	0.353051	3	1	-0.352309	-0.404707	-0.0397941	-0.0457125	0.328769	0.117675	-0.0578482	0.0488262	-0.0121004	0.047427	0.0120955	-0.0512199	0.00581337	-0.0405675	-0.16598	-0.162388	0.199585	0.0249957	0.142589	0.143475	0.184274	0.321331	-0.00280232	-0.150509	-0.00256712	-0.274856	-0.0352561	-0.0344931	-0.0124288	0.0681544	0.210103	0.0518105	0.145781	0.0107033	-0.13609	0.121497	0.13316	0.0956346	-0.110264	-0.0150142	0.316793	-0.0787	0.170567	0.168701	-0.086919	-0.117525	0	-0.0588741	0.304889	1.0163	596.631	85.809	0.26907	1.22093	25.1667	0.369713	14.8853	28.2574	19.1806	1.87015	1.08734	0.892562	1.02742	236.651	1.09198	1.7552	1.37697	1.32204	61.856	0.432366	0	0	0	8.47445	0	0	0.844478	0.207588	0.99982	0.0476415	0.844873	0.0538262	0.703407	0.0215204	0.844997	0.229216	1.04712	0.4424	1.13382	0.032808	0.976418	0.972391	1.17965	0.7438	0	0.802479	-0.252065	-1.01968	-1.52248	0.0640203	0.607867	0.996177	0.761619	0.925511	0.0662239	0.786714	1.26117	0.976531	1.86201e-19	1.13512	-0.112218	0	84.6022	-8.3638	0	-0.00573648	-1.69231	-2.4513	-0	-0	-0	-0	-0	-0	0	0	0	0	0	0	0.0046628	0.844465	-0	3.40806	617.222	-0	-56.1436	0.310003	796.068	1.28976	-4.58214e-15	0.0909617	0	0	0	0	0	0	0	0	0	0
1.24	-0.262318	1.34166	0.918815	0.192418	-0.0649342	0.0793074	0.302933	-0.941643	-0.217279	-1.02803	0.80377	-0.192546	-0.000564892	0.213996	0.712388	5.38363	-4.23122	2.3352	0.404666	0.0900573	0.0110073	0.134105	0.0129267	0.123437	0.209755	0.106185	0.0100051	0.057732	0.122567	0.0603438	0.471159	0.0578461	0.260134	0.0461035	0.0292321	0.0574839	0.0149934	0.0745129	0.0110538	0.110901	0.0100082	0.12835	0.574316	0.101604	0.0100398	0.0889915	0.0103633	0.0988218	0.0513002	0.0361439	0.0299247	0.0380506	0.384889	0.0674131	0.425556	0.425556	0.922718	-0.266176	0.0234791	0.332772	0.0107535	0.0107535	1.21582	0.0476833	0.00744817	0.0664453	-0.0343722	0.01	0.786725	0.00194142	0.00229875	0.0098047	0.209943	0.209943	0.996103	-0.00527447	0.0167591	0.202616	-0.082914	0.01	0.760632	-0.103118	0.00190161	0.00654871	0.0498438	0.0498438	0.607692	-0.0211856	0.0066959	0.057311	0.488498	0.488498	1.13424	0.0475353	0.0292324	0.461327	0.270559	0.270559	1.04781	0.0881058	0.0193055	0.247543	-0.234055	0.01	0.841638	-0.369906	0.00314795	0.0177821	-0.113887	0.01	0.763452	2.07445	0.00480625	0.0354335	0	0.01	1.00545	-0.76005	-0.0366577	0	-0.0445326	0.01	0.818034	1.54415	0.00371937	0.0236388	0.545195	0.545195	0.953136	-1.94091	0.0186644	0.235585	-0.0790609	0.01	1.17248	-0.878394	0.00468047	0.034034	0	0.01	0.995184	1.7753	0.00438116	0.030737	-0.122991	0.01	0.708704	0.667587	0.00632848	0.0529389	-0.157555	0.01	0.864785	2.01909	0.00576465	0.0463392	0.363265	0.363265	0.987014	-1.30325	0.0166347	0.200588	0	0	0	0	0	0	0	0	0	0	0	0	0	0	0	0	0	0	1.34166	0.918815	0	0.80377	-0.192546	0	1.27338	0.937149	0	0.822618	-0.12235	0	0	0	-0.262318	0	0	-1.02803	1.25623	0.87331	0.0835	0.75699	-0.104729	0	1.24436	0.703726	0.0835	0.582555	-0.092516	0	0	0	-0.0698991	0	0	-1.02859	1.22858	0.478278	0.0835	0.350661	-0.0762803	0	1.20348	0.293272	0.0835	0.199956	-0.0558362	0	0	0	-0.134833	0	0	-0.814599	1.11975	0.0130016	0.09142	-0.000441897	-0.0239792	0	1.22126	0.0374056	0.09142	0.00205245	-0.0343546	0	0	0	-0.0555259	0	0	-0.10221	1.25623	0.87331	-0.0835	0.75699	-0.104729	0	1.26314	0.703451	-0.0835	1.49683	-0.074663	0	0	0	0.0406156	0	0	4.3556	1.27231	0.477637	-0.0835	2.48039	-0.0346934	0	1.12595	0.361733	-0.0835	2.4948	-0.0528992	0	0	0	-0.901028	0	0	0.124385	0.876158	0.236212	-0.09142	2.45082	-0.221865	0	0.94686	0.159392	-0.09142	2.63976	-0.0479684	0	0	0	-1.11831	0	0	2.45959	1.26554	1.02364	0	0.911534	-0.114291	0	1.31954	1.34047	0	1.23725	-0.169814	0	0	0	-0.262318	0	0	-1.02803	7.04804e-17	2.52479	3.84407	3.51124	0.727154	0.407018	0.77733	0.38008	3	1	-0.335451	-0.385342	-0.048011	-0.0551515	0.321908	0.112767	-0.0453125	0.0468136	-0.0133592	0.0459826	0.0111637	-0.0491086	0.00586709	-0.039332	-0.159056	-0.155614	0.200458	0.0198655	0.140348	0.158231	0.18487	0.331042	-0.00263576	-0.165988	-0.00259257	-0.283162	-0.0280201	-0.0274137	-0.0130649	0.0629088	0.209943	0.051694	0.143086	0.0107535	-0.136141	0.129291	0.153179	0.101769	-0.117337	-0.0172714	0.298537	-0.0790609	0.181508	0.194063	-0.128912	-0.113887	0	-0.0445326	0.304889	1.0163	595.525	89.9109	0.268994	1.19253	24.9725	0.377099	13.4518	29.7423	20.9101	1.87194	1.07242	0.874665	1.03918	230.504	1.37121	1.77146	1.24056	1.24364	61.1671	0.44618	0	0	0	8.68962	0	0	0.898511	0.200588	0.987014	0.0463392	0.864785	0.0529389	0.708704	0.0177821	0.841638	0.247543	1.04781	0.461327	1.13424	0.030737	0.995184	0.953136	1.17248	0.763452	0	0.818034	-0.262318	-1.02803	-0.0795041	0.057311	0.607692	0.996103	0.760632	0.922718	0.0664453	0.786725	1.27252	0.975337	1.86201e-19	1.13618	-0.124992	0	84.6814	-9.3158	0	0.0132193	-1.72194	-2.22983	-0	-0	-0	-0	-0	-0	0	0	0	0	0	0	0.0181634	0.898328	-0	13.2757	656.591	-0	-59.7023	1.20713	846.152	1.28871	-4.5784e-15	0.0909278	0	0	0	0	0	0	0	0	0	0
1.25	-0.272577	1.34969	0.916836	0.192357	-0.0627746	0.0865461	0.356636	-0.981656	-0.193617	-1.02162	0.804311	-0.201888	-0.0153024	0.21857	0.730006	5.35011	-3.78257	2.39238	0.438028	0.0897884	0.0109795	0.134158	0.0125696	0.123438	0.209793	0.106181	0.0100045	0.0576528	0.110426	0.06032	0.486432	0.0578758	0.276066	0.0461484	0.0267886	0.0572166	0.014381	0.076628	0.0109258	0.110067	0.0100072	0.130748	0.56472	0.0995243	0.010035	0.0882147	0.0103193	0.100484	0.0457746	0.0365454	0.027389	0.0389506	0.378042	0.0665094	0.471011	0.471011	0.919963	-0.285549	0.0245368	0.355639	0.0107868	0.0107868	1.2163	0.0484919	0.00746837	0.0666941	-0.0270299	0.01	0.78673	-0.00216478	0.00226099	0.00947872	0.209746	0.209746	0.996074	-0.000126486	0.0167962	0.203225	-0.0958598	0.01	0.759588	-0.103929	0.00189888	0.00652781	0.0427079	0.0427079	0.607452	-0.0275812	0.00618869	0.0512903	0.501284	0.501284	1.13482	0.0723594	0.03006	0.480825	0.28728	0.28728	1.04883	0.11962	0.0202791	0.266433	-0.257625	0.01	0.837725	-0.409871	0.00287753	0.0151282	-0.10962	0.01	0.785123	2.25977	0.00495235	0.0370688	0	0.01	0.997888	-0.752505	-0.0420371	0	-0.0302365	0.01	0.833319	1.50935	0.00371334	0.0235755	0.538934	0.538934	0.933624	-1.96061	0.018151	0.226321	-0.0811245	0.01	1.16225	-1.17509	0.00403791	0.0270194	0	0.01	1.01193	1.56229	0.00418979	0.0286554	-0.118208	0.01	0.716577	0.909991	0.00622142	0.0516756	-0.139844	0.01	0.88524	2.07203	0.00567221	0.0452697	0.353089	0.353089	0.973783	-1.34449	0.0161892	0.193419	0	0	0	0	0	0	0	0	0	0	0	0	0	0	0	0	0	0	1.34969	0.916836	0	0.804311	-0.201888	0	1.2816	0.935869	0	0.823756	-0.132326	0	0	0	-0.272577	0	0	-1.02162	1.26381	0.87221	0.0835	0.75872	-0.114147	0	1.25018	0.702756	0.0835	0.58301	-0.100021	0	0	0	-0.0802205	0	0	-1.03693	1.23207	0.477483	0.0835	0.349418	-0.0812415	0	1.20547	0.292689	0.0835	0.198191	-0.0594681	0	0	0	-0.142995	0	0	-0.818355	1.11974	0.0127403	0.09142	-0.00234013	-0.0265828	0	1.22127	0.0370506	0.09142	-0.000192339	-0.0355532	0	0	0	-0.056449	0	0	-0.0883489	1.26381	0.87221	-0.0835	0.75872	-0.114147	0	1.27808	0.70281	-0.0835	1.49196	-0.0523655	0	0	0	0.0840585	0	0	4.32849	1.29706	0.477608	-0.0835	2.46675	0.0297669	0	1.15109	0.361202	-0.0835	2.5303	-0.0499196	0	0	0	-0.897598	0	0	0.545918	0.901147	0.233419	-0.09142	2.54285	-0.329241	0	0.973904	0.158543	-0.09142	2.76286	-0.11546	0	0	0	-1.09121	0	0	2.9383	1.27465	1.02244	0	0.912196	-0.125225	0	1.33191	1.3387	0	1.2353	-0.183719	0	0	0	-0.272577	0	0	-1.02162	3.51461e-17	2.65252	4.00163	3.71405	0.685967	0.382449	0.752278	0.410001	3	1	-0.317257	-0.364442	-0.0562188	-0.0645801	0.314599	0.108255	-0.0322605	0.0451093	-0.013861	0.0450412	0.0101936	-0.0473207	0.00588851	-0.0385268	-0.152693	-0.149388	0.200553	0.0162686	0.138859	0.171367	0.18523	0.338504	-0.00252511	-0.179768	-0.00260792	-0.289545	-0.0229467	-0.0224501	-0.0131636	0.0558715	0.209746	0.0515536	0.140776	0.0107868	-0.136147	0.138626	0.191609	0.109117	-0.125809	-0.0216045	0.279718	-0.0811245	0.194614	0.24275	-0.178147	-0.10962	0	-0.0302365	0.304889	1.0163	601.065	101.773	0.268821	1.17948	24.651	0.377379	12.0067	30.8637	22.5332	1.79296	1.06202	0.864591	1.05075	224.292	1.51375	1.74445	1.12871	1.17591	60.2442	0.465031	0	0	0	9.06812	0	0	0.955538	0.193419	0.973783	0.0452697	0.88524	0.0516756	0.716577	0.0151282	0.837725	0.266433	1.04883	0.480825	1.13482	0.0286554	1.01193	0.933624	1.16225	0.785123	0	0.833319	-0.272577	-1.02162	1.44433	0.0512903	0.607452	0.996074	0.759588	0.919963	0.0666941	0.78673	1.2839	0.974043	1.86201e-19	1.13862	-0.132294	0	84.8631	-9.86005	0	0.0308368	-1.74367	-1.98457	-0	-0	-0	-0	-0	-0	0	0	0	0	0	0	0.0326964	0.954979	-0	23.8979	697.997	-0	-63.4385	2.172	898.586	1.28738	-4.57368e-15	0.0908864	0	0	0	0	0	0	0	0	0	0
1.26	-0.282689	1.35777	0.914796	0.192012	-0.060544	0.0938206	0.409728	-1.01687	-0.169498	-0.999798	0.811532	-0.204766	-0.0546063	0.227423	0.719725	5.26604	-3.29154	2.42363	0.470406	0.0895022	0.0109589	0.134213	0.0122557	0.123427	0.209767	0.106185	0.0100039	0.0575768	0.0994072	0.0602894	0.501809	0.057918	0.293645	0.0462039	0.0246629	0.0569303	0.0138432	0.078907	0.0108132	0.10924	0.0100063	0.133079	0.550356	0.0974363	0.0100307	0.087222	0.0102805	0.101919	0.0410356	0.0370617	0.025184	0.0398709	0.370338	0.0655798	0.499303	0.499303	0.91703	-0.295522	0.0256012	0.378995	0.0108206	0.0108206	1.2168	0.0504121	0.007491	0.0669731	-0.0183667	0.01	0.786658	-0.0143861	0.00221387	0.00907631	0.20963	0.20963	0.99611	0.00929429	0.0168586	0.20425	-0.108186	0.01	0.758588	-0.093144	0.00191645	0.00666279	0.0365072	0.0365072	0.607144	-0.0354132	0.00571612	0.0457772	0.517525	0.517525	1.13565	0.0950735	0.0308601	0.50004	0.306086	0.306086	1.05009	0.134523	0.0212068	0.285104	-0.28704	0.01	0.833533	-0.425854	0.00267866	0.0132374	-0.104786	0.01	0.808473	2.41493	0.00507693	0.0384715	0	0.01	0.990391	-0.746588	-0.0456949	0	-0.0161189	0.01	0.848176	1.45682	0.00369	0.0233308	0.503967	0.503967	0.914037	-1.95159	0.0175952	0.216617	-0.0848756	0.01	1.14917	-1.45802	0.003339	0.0197064	0	0.01	1.02638	1.31309	0.00409736	0.027658	-0.112658	0.01	0.726699	1.12621	0.00611398	0.0504126	-0.122302	0.01	0.906158	2.10968	0.00558443	0.0442575	0.342435	0.342435	0.960173	-1.37867	0.0157371	0.186265	0	0	0	0	0	0	0	0	0	0	0	0	0	0	0	0	0	0	1.35777	0.914796	0	0.811532	-0.204766	0	1.28987	0.934517	0	0.831249	-0.136886	0	0	0	-0.282689	0	0	-0.999798	1.27144	0.871041	0.0835	0.767786	-0.118452	0	1.25604	0.701739	0.0835	0.589273	-0.10222	0	0	0	-0.0906766	0	0	-1.0544	1.23558	0.476668	0.0835	0.351957	-0.080642	0	1.20745	0.292098	0.0835	0.199321	-0.0573828	0	0	0	-0.151221	0	0	-0.826982	1.1197	0.0124918	0.09142	-0.00377938	-0.0215919	0	1.22126	0.0367055	0.09142	-0.00118228	-0.0324846	0	0	0	-0.0573999	0	0	-0.107257	1.27144	0.871041	-0.0835	0.767786	-0.118452	0	1.29298	0.702411	-0.0835	1.4872	-0.0265627	0	0	0	0.127039	0	0	4.26624	1.32161	0.478232	-0.0835	2.4436	0.0955955	0	1.17655	0.360697	-0.0835	2.55816	-0.0457939	0	0	0	-0.889835	0	0	0.974697	0.927061	0.229526	-0.09142	2.6327	-0.435484	0	1.00217	0.157007	-0.09142	2.87915	-0.180248	0	0	0	-1.05933	0	0	3.39833	1.2838	1.02115	0	0.917865	-0.130811	0	1.34425	1.33682	0	1.23347	-0.19125	0	0	0	-0.282689	0	0	-0.999798	5.83918e-17	2.77981	4.15986	3.91271	0.645112	0.365168	0.727859	0.440248	3	1	-0.297843	-0.34214	-0.0644621	-0.0740493	0.306895	0.104197	-0.0187151	0.0433825	-0.013539	0.0446698	0.00918683	-0.0455093	0.00587477	-0.038209	-0.146969	-0.143788	0.199763	0.012961	0.138161	0.186206	0.185458	0.349953	-0.00247324	-0.195335	-0.00261765	-0.299339	-0.0182814	-0.0178857	-0.013398	0.0499052	0.20963	0.0513913	0.138697	0.0108206	-0.136139	0.149622	0.210985	0.117772	-0.135788	-0.0237891	0.260556	-0.0848756	0.21005	0.267297	-0.233936	-0.104786	0	-0.0161189	0.304889	1.0163	598.907	111.148	0.268743	1.20745	24.6345	0.36858	10.7604	32.1494	24.3758	1.67734	1.05531	0.852412	1.062	212.408	1.53452	1.70682	1.0358	1.1171	59.0029	0.483589	0	0	0	9.57735	0	0	1.00981	0.186265	0.960173	0.0442575	0.906158	0.0504126	0.726699	0.0132374	0.833533	0.285104	1.05009	0.50004	1.13565	0.027658	1.02638	0.914037	1.14917	0.808473	0	0.848176	-0.282689	-0.999798	3.06503	0.0457772	0.607144	0.99611	0.758588	0.91703	0.0669731	0.786658	1.2953	0.972702	1.86201e-19	1.14253	-0.134254	0	85.1543	-10.0062	0	0.0454627	-1.75678	-1.71726	-0	-0	-0	-0	-0	-0	0	0	0	0	0	0	0.0499692	1.00857	-0	36.5227	737.168	-0	-66.9743	3.31821	948.242	1.28633	-4.56997e-15	0.0908535	0	0	0	0	0	0	0	0	0	0
1.27	-0.292498	1.36595	0.912761	0.191142	-0.0582022	0.100857	0.461677	-1.04694	-0.145176	-0.961852	0.825895	-0.201423	-0.119065	0.240291	0.683938	5.12316	-2.74921	2.43775	0.495846	0.0892162	0.0109456	0.13427	0.0119805	0.123391	0.20974	0.106203	0.0100035	0.0575134	0.0894155	0.0602503	0.518209	0.0579699	0.311898	0.046263	0.0228174	0.05664	0.0133724	0.0813144	0.0107143	0.108419	0.0100056	0.135318	0.526582	0.0953758	0.010027	0.0860295	0.0102465	0.103121	0.0369726	0.0376802	0.0232705	0.0408028	0.362008	0.0646316	0.519268	0.519268	0.9141	-0.28645	0.026572	0.400587	0.0108591	0.0108591	1.21731	0.0529677	0.00751591	0.0672805	-0.00913482	0.01	0.786434	-0.0324188	0.00216048	0.00862648	0.209628	0.209628	0.996273	0.0254273	0.0169659	0.206018	-0.120173	0.01	0.757752	-0.0706586	0.00195425	0.00695623	0.030933	0.030933	0.606751	-0.0443151	0.00527743	0.0407438	0.535158	0.535158	1.13666	0.11	0.0316128	0.51851	0.324946	0.324946	1.05143	0.137808	0.0220757	0.303055	-0.319082	0.01	0.829283	-0.420554	0.00254074	0.0119615	-0.0994549	0.01	0.833139	2.51887	0.00516123	0.0394247	0	0.01	0.98295	-0.741353	-0.04751	0	-0.0023196	0.01	0.862445	1.39165	0.00365343	0.0229483	0.452608	0.452608	0.894707	-1.91009	0.0169361	0.205525	-0.0902314	0.01	1.13346	-1.69342	0.00261957	0.012687	0	0.01	1.03847	1.09331	0.00409639	0.0276475	-0.107048	0.01	0.738827	1.30826	0.00600716	0.0491616	-0.105204	0.01	0.927337	2.12554	0.0054934	0.0432114	0.331815	0.331815	0.946289	-1.39713	0.0152936	0.179329	0	0	0	0	0	0	0	0	0	0	0	0	0	0	0	0	0	0	1.36595	0.912761	0	0.825895	-0.201423	0	1.29826	0.933147	0	0.845503	-0.136308	0	0	0	-0.292498	0	0	-0.961852	1.2792	0.869855	0.0835	0.784625	-0.117976	0	1.262	0.700727	0.0835	0.601813	-0.0993832	0	0	0	-0.101355	0	0	-1.08092	1.23913	0.475887	0.0835	0.358779	-0.0746658	0	1.20947	0.291559	0.0835	0.203828	-0.0497302	0	0	0	-0.159558	0	0	-0.840625	1.11966	0.0123327	0.09142	-0.00421166	-0.00922097	0	1.22125	0.0364144	0.09142	-0.00043836	-0.0251385	0	0	0	-0.0587002	0	0	-0.156688	1.2792	0.869855	-0.0835	0.784625	-0.117976	0	1.30782	0.702282	-0.0835	1.48195	0.001135	0	0	0	0.169179	0	0	4.16131	1.34587	0.479509	-0.0835	2.40898	0.159482	0	1.20224	0.360231	-0.0835	2.57741	-0.0433373	0	0	0	-0.877761	0	0	1.4121	0.953857	0.224574	-0.09142	2.72075	-0.543303	0	1.03155	0.154836	-0.09142	2.98923	-0.244188	0	0	0	-1.02294	0	0	3.84985	1.29303	1.01984	0	0.928885	-0.131282	0	1.35658	1.3349	0	1.23193	-0.192403	0	0	0	-0.292498	0	0	-0.961852	4.61128e-17	2.89628	4.30525	4.09896	0.602644	0.354649	0.703837	0.46858	3	1	-0.277324	-0.318569	-0.0727929	-0.0836192	0.298861	0.100762	-0.00494671	0.0418672	-0.0122764	0.0442767	0.00816347	-0.0439197	0.00582088	-0.0378728	-0.142124	-0.139048	0.198166	0.0104459	0.138246	0.201434	0.18566	0.363912	-0.00247953	-0.211309	-0.00262629	-0.311279	-0.0147338	-0.014415	-0.0137598	0.0446928	0.209628	0.0512197	0.136645	0.0108591	-0.136151	0.161365	0.221258	0.127016	-0.146446	-0.0249475	0.241214	-0.0902314	0.226536	0.280312	-0.295454	-0.0994549	0	-0.0023196	0.304889	1.0163	587.287	116.526	0.268803	1.25611	24.6346	0.350187	9.65758	33.5406	26.294	1.5437	1.05171	0.841548	1.0728	195.266	1.44482	1.67536	0.958353	1.06611	57.2962	0.494895	0	0	0	10.2144	0	0	1.0546	0.179329	0.946289	0.0432114	0.927337	0.0491616	0.738827	0.0119615	0.829283	0.303055	1.05143	0.51851	1.13666	0.0276475	1.03847	0.894707	1.13346	0.833139	0	0.862445	-0.292498	-0.961852	4.61511	0.0407438	0.606751	0.996273	0.757752	0.9141	0.0672805	0.786434	1.30676	0.971369	1.86201e-19	1.14802	-0.131328	0	85.5637	-9.78807	0	0.0550163	-1.76002	-1.42853	-0	-0	-0	-0	-0	-0	0	0	0	0	0	0	0.064344	1.05263	-0	47.0292	769.373	-0	-69.8924	4.27229	989.441	1.28604	-4.56892e-15	0.0908434	0	0	0	0	0	0	0	0	0	0
1.28	-0.30185	1.37432	0.910788	0.189514	-0.0557289	0.107402	0.5119	-1.07137	-0.120825	-0.909117	0.846935	-0.192997	-0.205349	0.253706	0.625013	4.92285	-2.16283	2.42777	0.51594	0.0889422	0.0109387	0.13433	0.0117392	0.123322	0.209775	0.106241	0.010003	0.0574715	0.0803527	0.0602022	0.535015	0.0580282	0.329977	0.0463227	0.0212129	0.0563596	0.0129602	0.0838063	0.0106276	0.107604	0.0106286	0.137434	0.49469	0.0933726	0.0100237	0.0846731	0.0102166	0.104093	0.0334785	0.038388	0.0216074	0.0417389	0.353264	0.0636752	0.535927	0.535927	0.911293	-0.275036	0.0273678	0.418497	0.0109019	0.0109019	1.21786	0.0557437	0.0075428	0.0676126	0.000392675	0.01	0.785991	-0.0575388	0.00209807	0.00810938	0.209825	0.209825	0.996633	0.0490203	0.0171254	0.208667	-0.132152	0.01	0.757201	-0.0356435	0.00201302	0.0074207	0.0257171	0.0257171	0.606266	-0.0532657	0.0048729	0.0361782	0.553423	0.553423	1.13781	0.117879	0.0323002	0.535767	0.3441	0.3441	1.05279	0.131665	0.0228592	0.319548	-0.353338	0.01	0.825177	-0.396619	0.0024552	0.0111864	-0.0937109	0.01	0.858671	2.58411	0.00521567	0.0400419	0	0.01	0.975559	-0.736681	-0.0473306	0	0.0110138	0.0110138	0.875936	1.30497	0.00365806	0.0229967	0.392604	0.392604	0.875915	-1.84123	0.0161723	0.19315	-0.0970747	0.01	1.11559	-1.87979	0.00185383	0.00618606	0	0.01	1.04827	0.858442	0.00403944	0.0270358	-0.100653	0.01	0.752706	1.47322	0.00591737	0.0481137	-0.0874576	0.01	0.948612	2.12654	0.00539773	0.0421158	0.320761	0.320761	0.932287	-1.40199	0.0148473	0.172398	0	0	0	0	0	0	0	0	0	0	0	0	0	0	0	0	0	0	1.37432	0.910788	0	0.846935	-0.192997	0	1.30682	0.931806	0	0.866043	-0.131628	0	0	0	-0.30185	0	0	-0.909117	1.28716	0.868695	0.0835	0.808667	-0.113764	0	1.26811	0.699766	0.0835	0.620402	-0.0925252	0	0	0	-0.112336	0	0	-1.11447	1.24277	0.475191	0.0835	0.370121	-0.0642908	0	1.21154	0.291121	0.0835	0.211681	-0.0374091	0	0	0	-0.168065	0	0	-0.86076	1.11962	0.0123332	0.09142	-0.00396541	0.00969785	0	1.22126	0.0362154	0.09142	0.00166475	-0.0142622	0	0	0	-0.0606632	0	0	-0.235747	1.28716	0.868695	-0.0835	0.808667	-0.113764	0	1.32261	0.702431	-0.0835	1.47601	0.0285089	0	0	0	0.210049	0	0	4.01374	1.36973	0.481399	-0.0835	2.36317	0.217648	0	1.22808	0.359776	-0.0835	2.58828	-0.0445338	0	0	0	-0.861326	0	0	1.8509	0.981522	0.218552	-0.09142	2.80775	-0.651341	0	1.062	0.15204	-0.09142	3.09233	-0.307017	0	0	0	-0.98215	0	0	4.27867	1.3024	1.01854	0	0.944894	-0.127615	0	1.36889	1.33299	0	1.23077	-0.18806	0	0	0	-0.30185	0	0	-0.909117	4.45492e-17	2.99071	4.42368	4.2612	0.56043	0.341456	0.68026	0.490885	3	1	-0.255866	-0.29392	-0.0812589	-0.0933442	0.290532	0.0973646	0.00915133	0.0407228	-0.00984017	0.0435468	0.00711561	-0.0427191	0.00571692	-0.0372485	-0.137332	-0.13436	0.195982	0.00863137	0.138734	0.21754	0.185853	0.379482	-0.00251582	-0.228205	-0.0026345	-0.324596	-0.0121744	-0.011911	-0.0142343	0.0399515	0.209825	0.0510552	0.134462	0.0109019	-0.136219	0.173556	0.22791	0.136612	-0.157509	-0.0256975	0.221953	-0.0970747	0.243651	0.28874	-0.361739	-0.0937109	0	0.0110138	0.304889	1.0163	570.506	120.281	0.268987	1.32701	24.6551	0.320483	8.64177	34.9818	28.2552	1.4018	1.05058	0.831779	1.1685	174.75	1.28497	1.64978	0.89334	1.02181	55.1793	0.501376	0	0	0	10.8821	0	0	1.08571	0.172398	0.932287	0.0421158	0.948612	0.0481137	0.752706	0.0111864	0.825177	0.319548	1.05279	0.535767	1.13781	0.0270358	1.04827	0.875915	1.11559	0.858671	0	0.875936	-0.30185	-0.909117	5.98231	0.0361782	0.606266	0.996633	0.757201	0.911293	0.0676126	0.785991	1.31827	0.970086	-3.72401e-19	1.15501	-0.12464	0	86.0845	-9.28958	0	0.058343	-1.75344	-1.12483	-0	-0	-0	-0	-0	-0	0	0	0	0	0	0	0.0779134	1.08291	-0	56.9472	791.506	-0	-71.9218	5.17462	1018.58	1.28689	-4.57195e-15	0.0908671	0	0	0	0	0	0	0	0	0	0
1.29	-0.310608	1.38292	0.908918	0.186925	-0.0531197	0.113262	0.559845	-1.08983	-0.0966498	-0.841993	0.874425	-0.180991	-0.313239	0.267973	0.547728	4.6632	-1.54022	2.40908	0.532638	0.088676	0.0109449	0.134393	0.0115302	0.123209	0.210109	0.106308	0.0100027	0.0574609	0.0720458	0.0601453	0.552302	0.0580881	0.34839	0.0463764	0.0198169	0.0561006	0.0125992	0.0863427	0.0105515	0.106794	0.0201389	0.139329	0.455152	0.0914578	0.0100208	0.0832096	0.0101903	0.104831	0.030467	0.0391761	0.0201609	0.0426728	0.344021	0.0627185	0.549709	0.549709	0.908566	-0.270888	0.0279628	0.432024	0.0109498	0.0109498	1.21843	0.0586384	0.00757202	0.067974	0.0100423	0.0100423	0.785269	-0.0887839	0.0020276	0.00753738	0.210377	0.210377	0.99726	0.0787067	0.0173389	0.212253	-0.143993	0.01	0.75706	0.0110435	0.00209035	0.00804609	0.0207628	0.0207628	0.605693	-0.0618654	0.00449748	0.0320125	0.571507	0.571507	1.13898	0.117544	0.0329149	0.551547	0.36324	0.36324	1.05401	0.113738	0.0235567	0.334437	-0.38837	0.01	0.821385	-0.358608	0.00241097	0.0107909	-0.0876432	0.01	0.884659	2.60758	0.00523667	0.0402803	0	0.01	0.968213	-0.73243	-0.0450576	0	0.0237411	0.0237411	0.888011	1.16797	0.00449399	0.0319741	0.325654	0.325654	0.857953	-1.74719	0.0152913	0.179293	-0.105296	0.01	1.09631	-1.94686	0.000964575	0.00114087	0	0.01	1.0557	0.618047	0.00392577	0.025821	-0.0932691	0.01	0.768159	1.62182	0.00584294	0.0472476	-0.0690064	0.01	0.969836	2.11706	0.00528649	0.0408468	0.30932	0.30932	0.91828	-1.39937	0.0144043	0.165537	0	0	0	0	0	0	0	0	0	0	0	0	0	0	0	0	0	0	1.38292	0.908918	0	0.874425	-0.180991	0	1.31561	0.930526	0	0.892619	-0.12431	0	0	0	-0.310608	0	0	-0.841993	1.2954	0.867589	0.0835	0.839627	-0.1073	0	1.27443	0.698888	0.0835	0.644738	-0.0830716	0	0	0	-0.123684	0	0	-1.15523	1.24655	0.474614	0.0835	0.38565	-0.0508622	0	1.21371	0.290825	0.0835	0.222581	-0.0217269	0	0	0	-0.176804	0	0	-0.887258	1.11959	0.012549	0.09142	-0.00308671	0.0336711	0	1.22129	0.0361386	0.09142	0.00492265	-0.000860209	0	0	0	-0.0635415	0	0	-0.33953	1.2954	0.867589	-0.0835	0.839627	-0.1073	0	1.33734	0.702842	-0.0835	1.46916	0.0529344	0	0	0	0.249236	0	0	3.82121	1.39308	0.483825	-0.0835	2.30607	0.265952	0	1.25399	0.359292	-0.0835	2.59013	-0.0513301	0	0	0	-0.840593	0	0	2.28098	1.01004	0.211476	-0.09142	2.89243	-0.758778	0	1.09342	0.148644	-0.09142	3.18712	-0.367724	0	0	0	-0.937242	0	0	4.69007	1.31195	1.0173	0	0.965678	-0.121233	0	1.38119	1.33115	0	1.22994	-0.179532	0	0	0	-0.310608	0	0	-0.841993	0	3.05873	4.50922	4.39543	0.541812	0.327849	0.65673	0.507023	3	1	-0.233591	-0.268332	-0.0899097	-0.103282	0.281926	0.0938844	0.0236336	0.0397829	-0.0062195	0.0425076	0.0060392	-0.0417332	0.0055624	-0.0363596	-0.132423	-0.129557	0.193436	0.00734316	0.139457	0.234141	0.186121	0.39552	-0.00256952	-0.24562	-0.00264593	-0.338315	-0.0103574	-0.0101333	-0.0148412	0.035604	0.210377	0.0509176	0.13228	0.0109498	-0.136378	0.186017	0.231413	0.14642	-0.168818	-0.0260925	0.203093	-0.105296	0.261144	0.293178	-0.431761	-0.0876432	0	0.0237411	0.304889	1.0163	552.268	123.927	0.269388	1.41516	24.7264	0.288705	7.68486	36.4397	30.2755	1.25908	1.05139	0.822863	2.39932	151.741	1.11407	1.63013	0.838519	0.983304	52.8603	0.506587	0	0	0	11.5898	0	0	1.10104	0.165537	0.91828	0.0408468	0.969836	0.0472476	0.768159	0.0107909	0.821385	0.334437	1.05401	0.551547	1.13898	0.025821	1.0557	0.857953	1.09631	0.884659	0	0.888011	-0.310608	-0.841993	7.45269	0.0320125	0.605693	0.99726	0.75706	0.908566	0.067974	0.785269	1.32987	0.968884	1.86201e-19	1.16329	-0.115689	0	86.7018	-8.62249	0	0.0545435	-1.73688	-0.813972	-0	-0	-0	-0	-0	-0	0	0	0	0	0	0	0.090265	1.09733	-0	65.975	802.042	-0	-72.9294	5.99908	1033.89	1.28907	-4.57971e-15	0.0909296	0	0	0	0	0	0	0	0	0	0
1.3	-0.318615	1.39184	0.90718	0.183132	-0.0503581	0.118292	0.60485	-1.10183	-0.0727056	-0.761065	0.907952	-0.167031	-0.442724	0.284494	0.460576	4.34383	-0.887658	2.37668	0.546439	0.0884092	0.0109878	0.134459	0.0173215	0.122996	0.210895	0.10641	0.0100023	0.0574905	0.0643659	0.0600799	0.569706	0.0581461	0.366915	0.0464203	0.0185974	0.0558714	0.0122821	0.0888828	0.0104846	0.105988	0.0317565	0.141042	0.409218	0.0896592	0.0100183	0.0818014	0.0101673	0.105321	0.027857	0.04004	0.0188976	0.0435999	0.334296	0.0617648	0.560425	0.560425	0.905832	-0.277061	0.0283388	0.440636	0.0110021	0.0110021	1.21903	0.0619871	0.00760559	0.0683896	0.0196466	0.0196466	0.783916	-0.155228	0.00239861	0.0106811	0.211438	0.211438	0.998219	0.116299	0.0176215	0.217068	-0.155509	0.01	0.75745	0.071484	0.00218822	0.00885936	0.0160504	0.0160504	0.605035	-0.0707154	0.00414491	0.0281704	0.58896	0.58896	1.14012	0.11	0.033452	0.565613	0.381835	0.381835	1.05501	0.0865448	0.0241633	0.347521	-0.422829	0.01	0.818029	-0.308978	0.00240109	0.010703	-0.0813627	0.01	0.910684	2.59022	0.00522378	0.040134	0	0.01	0.960908	-0.728375	-0.040549	0	0.0354665	0.0354665	0.898929	1.06125	0.00552764	0.0436045	0.25294	0.25294	0.841081	-1.6219	0.014339	0.164526	-0.114647	0.01	1.07775	-1.70545	-0.000440888	0	0	0.01	1.06064	0.366051	0.00373533	0.0238064	-0.0848612	0.01	0.785099	1.77009	0.00579493	0.0466901	-0.0501879	0.01	0.990907	2.09199	0.00516633	0.0394824	0.297517	0.297517	0.904316	-1.39281	0.0139634	0.158713	0	0	0	0	0	0	0	0	0	0	0	0	0	0	0	0	0	0	1.39184	0.90718	0	0.907952	-0.167031	0	1.3247	0.929327	0	0.924807	-0.115932	0	0	0	-0.318615	0	0	-0.761065	1.30399	0.866554	0.0835	0.877033	-0.100173	0	1.28103	0.698111	0.0835	0.674264	-0.072532	0	0	0	-0.135483	0	0	-1.20379	1.2505	0.474182	0.0835	0.404701	-0.0357856	0	1.21601	0.290697	0.0835	0.236024	-0.00407253	0	0	0	-0.185841	0	0	-0.919295	1.11956	0.0130241	0.09142	-0.00147902	0.0608743	0	1.22136	0.0362059	0.09142	0.00915494	0.0141781	0	0	0	-0.067549	0	0	-0.45872	1.30399	0.866554	-0.0835	0.877033	-0.100173	0	1.35199	0.70347	-0.0835	1.46132	0.0717931	0	0	0	0.286235	0	0	3.58276	1.4158	0.486665	-0.0835	2.23808	0.300407	0	1.27986	0.358694	-0.0835	2.58298	-0.0659714	0	0	0	-0.815592	0	0	2.6951	1.03939	0.203313	-0.09142	2.97468	-0.864536	0	1.12574	0.144635	-0.09142	3.27229	-0.42657	0	0	0	-0.888297	0	0	5.07179	1.32174	1.01612	0	0.990865	-0.113679	0	1.39349	1.32941	0	1.2293	-0.168285	0	0	0	-0.318615	0	0	-0.761065	9.52502e-17	3.10978	4.55967	4.50062	0.535254	0.316151	0.633972	0.516201	3	1	-0.210639	-0.241967	-0.098794	-0.113487	0.273074	0.090412	0.0384438	0.0388934	-0.0015646	0.0414687	0.00493841	-0.0408001	0.00536375	-0.035471	-0.127525	-0.124765	0.19071	0.00642538	0.140349	0.250548	0.186501	0.411326	-0.00263587	-0.262831	-0.00266218	-0.351835	-0.00906293	-0.0088668	-0.0156056	0.0316561	0.211438	0.050827	0.130189	0.0110021	-0.136659	0.198576	0.23166	0.156306	-0.180216	-0.0261203	0.184913	-0.114647	0.278775	0.29349	-0.504238	-0.0813627	0	0.0354665	0.304889	1.0163	534.34	127.982	0.270289	2.6547	24.8718	0.288786	6.78718	37.8803	32.3154	1.11677	1.05361	0.814466	3.79762	127.116	1.0441	1.61653	0.791969	0.949679	50.4462	0.51308	0	0	0	12.3795	0	0	1.10031	0.158713	0.904316	0.0394824	0.990907	0.0466901	0.785099	0.010703	0.818029	0.347521	1.05501	0.565613	1.14012	0.0238064	1.06064	0.841081	1.07775	0.910684	0	0.898929	-0.318615	-0.761065	8.76336	0.0281704	0.605035	0.998219	0.75745	0.905832	0.0683896	0.783916	1.34155	0.967775	-3.72401e-19	1.1726	-0.106115	0	87.3957	-7.9089	0	0.0425635	-1.71074	-0.501356	-0	-0	-0	-0	-0	-0	0	0	0	0	0	0	0.0994125	1.09581	-0	72.6609	800.935	-0	-72.9095	6.61436	1035.26	1.29257	-4.59212e-15	0.0910305	0	0	0	0	0	0	0	0	0	0
1.31	-0.325751	1.40112	0.905585	0.177946	-0.0474183	0.122418	0.646389	-1.10721	-0.0491955	-0.668587	0.946457	-0.152684	-0.590271	0.302819	0.368619	3.97307	-0.219389	2.32643	0.556944	0.0881323	0.0110411	0.134529	0.026036	0.122701	0.212231	0.106556	0.0100021	0.05757	0.0572649	0.0600053	0.58635	0.0581996	0.384502	0.0464521	0.0175328	0.0556785	0.012004	0.0913885	0.0104258	0.105187	0.0422943	0.142593	0.35907	0.088005	0.0100161	0.0806102	0.010147	0.105565	0.0255948	0.0409759	0.017795	0.0445105	0.324288	0.0608177	0.567688	0.567688	0.902995	-0.292408	0.0284921	0.444162	0.0110583	0.0110583	1.21967	0.0658098	0.00764214	0.0688427	0.0289837	0.0289837	0.782035	-0.201111	0.00295278	0.0158578	0.213149	0.213149	0.999588	0.160853	0.0179621	0.222986	-0.166496	0.01	0.758498	0.142384	0.0022988	0.00980512	0.0115367	0.0115367	0.604283	-0.0800229	0.00381295	0.0246243	0.605476	0.605476	1.14117	0.0987097	0.0339124	0.577872	0.399435	0.399435	1.05573	0.0568844	0.0246781	0.35872	-0.455847	0.01	0.815204	-0.253188	0.00241344	0.0108129	-0.0749697	0.01	0.936358	2.53764	0.00517994	0.0396366	0	0.01	0.953644	-0.7242	-0.0337735	0	0.0459473	0.0459473	0.908815	0.94814	0.00642416	0.054072	0.175407	0.175407	0.825563	-1.47375	0.0133183	0.148752	-0.124737	0.01	1.06206	-1.43065	-0.00274519	0	0	0.01	1.06309	0.117471	0.00345651	0.0209078	-0.0756675	0.01	0.80345	1.90299	0.00575711	0.0462518	-0.0313631	0.01	1.0116	2.03439	0.00504274	0.0380858	0.285613	0.285613	0.890449	-1.37871	0.013549	0.152309	0	0	0	0	0	0	0	0	0	0	0	0	0	0	0	0	0	0	1.40112	0.905585	0	0.946457	-0.152684	0	1.33413	0.92821	0	0.961584	-0.107901	0	0	0	-0.325751	0	0	-0.668587	1.31298	0.865586	0.0835	0.919715	-0.0937584	0	1.28795	0.69744	0.0835	0.708042	-0.0622424	0	0	0	-0.147804	0	0	-1.25886	1.25466	0.473904	0.0835	0.426643	-0.0203447	0	1.21845	0.290751	0.0835	0.251541	0.0142802	0	0	0	-0.195223	0	0	-0.956039	1.11956	0.0137809	0.09142	0.000861804	0.089767	0	1.22148	0.0364274	0.09142	0.0141648	0.0298987	0	0	0	-0.0728044	0	0	-0.58742	1.31298	0.865586	-0.0835	0.919715	-0.0937584	0	1.36656	0.704251	-0.0835	1.45285	0.0832936	0	0	0	0.320639	0	0	3.30448	1.43779	0.489769	-0.0835	2.1616	0.318669	0	1.30562	0.357907	-0.0835	2.5684	-0.0890945	0	0	0	-0.786575	0	0	3.08509	1.06955	0.194117	-0.09142	3.05499	-0.965863	0	1.15887	0.140054	-0.09142	3.34755	-0.482533	0	0	0	-0.83577	0	0	5.41153	1.33179	1.01502	0	1.01963	-0.106336	0	1.40578	1.3278	0	1.22874	-0.155801	0	0	0	-0.325751	0	0	-0.668587	1.94429e-17	3.14182	4.57735	4.57951	0.524677	0.300058	0.611942	0.518729	3	1	-0.187158	-0.214994	-0.10796	-0.124017	0.264045	0.0870454	0.0534394	0.0379741	0.00401251	0.0404396	0.00382384	-0.0398358	0.00512574	-0.0345907	-0.122777	-0.12012	0.187946	0.00580606	0.141301	0.266324	0.186969	0.426519	-0.00270657	-0.27938	-0.00268214	-0.36483	-0.00818938	-0.00801216	-0.0165254	0.0280621	0.213149	0.0508038	0.128158	0.0110583	-0.137142	0.211052	0.228478	0.166126	-0.191538	-0.0257616	0.167671	-0.124737	0.29629	0.28946	-0.578013	-0.0749697	0	0.0459473	0.304889	1.0163	516.776	132.228	0.27135	4.31565	25.1102	0.289013	5.94436	39.2571	34.2887	0.979469	1.05686	0.806149	5.1185	102.362	0.995785	1.60893	0.752477	0.895988	47.9528	0.521466	0	0	0	13.2414	0	0	1.087	0.152309	0.890449	0.0380858	1.0116	0.0462518	0.80345	0.0108129	0.815204	0.35872	1.05573	0.577872	1.14117	0.0209078	1.06309	0.825563	1.06206	0.936358	0	0.908815	-0.325751	-0.668587	9.74557	0.0246243	0.604283	0.999588	0.758498	0.902995	0.0688427	0.782035	1.35332	0.96676	1.86201e-19	1.18271	-0.0973041	0	88.1489	-7.25221	0	0.0224725	-1.67663	-0.191146	-0	-0	-0	-0	-0	-0	0	0	0	0	0	0	0.105481	1.08187	-0	77.0962	790.74	-0	-72.085	7.02819	1025.66	1.29708	-4.60817e-15	0.0911614	0	0	0	0	0	0	0	0	0	0
1.32	-0.331923	1.4108	0.904129	0.171237	-0.0443123	0.125606	0.684037	-1.10597	-0.0264546	-0.567608	0.988601	-0.139104	-0.748174	0.317044	0.272216	3.56258	0.448922	2.19676	0.564151	0.087836	0.011102	0.134603	0.0348292	0.122341	0.214301	0.106752	0.0100018	0.0577069	0.0508662	0.0599214	0.60234	0.058246	0.401199	0.0464698	0.0166037	0.055525	0.0117603	0.0938307	0.0103742	0.104391	0.0520267	0.14397	0.305107	0.0865233	0.0100142	0.0796093	0.0101292	0.105562	0.0236325	0.0419746	0.0168329	0.0453701	0.313913	0.0598847	0.571113	0.571113	0.899959	-0.316645	0.0284278	0.442682	0.0111214	0.0111214	1.22034	0.0687818	0.00767993	0.0693118	0.0377799	0.0377799	0.779737	-0.244074	0.00344873	0.0208278	0.215673	0.215673	1.00143	0.21064	0.0183489	0.229859	-0.176742	0.01	0.760302	0.222196	0.00241654	0.0108405	0.00717401	0.01	0.603438	-0.0896116	0.00350744	0.0214324	0.620716	0.620716	1.14208	0.0834643	0.034299	0.588299	0.41542	0.41542	1.05613	0.0249003	0.0251062	0.368091	-0.486335	0.01	0.812957	-0.194	0.00244113	0.0110602	-0.0685678	0.01	0.96138	2.46159	0.00510565	0.0387959	0	0.01	0.946424	-0.719605	-0.0247382	0	0.0554786	0.0554786	0.917589	0.833947	0.00721714	0.0636129	0.0940885	0.0940885	0.811664	-1.30261	0.0121994	0.131651	-0.134445	0.01	1.04887	-1.20777	-0.00578258	0	0	0.01	1.06306	-0.131734	0.00308618	0.0171683	-0.0655039	0.01	0.823032	2.00518	0.00571304	0.0457416	-0.0125176	0.01	1.03114	1.8495	0.00501229	0.0377429	0.273497	0.273497	0.876789	-1.34753	0.0131959	0.146867	0	0	0	0	0	0	0	0	0	0	0	0	0	0	0	0	0	0	1.4108	0.904129	0	0.988601	-0.139104	0	1.34395	0.927167	0	1.00168	-0.101165	0	0	0	-0.331923	0	0	-0.567608	1.32242	0.864675	0.0835	0.966207	-0.0889389	0	1.29522	0.696865	0.0835	0.745406	-0.0531507	0	0	0	-0.160686	0	0	-1.31578	1.25906	0.473776	0.0835	0.45187	-0.00557346	0	1.22105	0.290986	0.0835	0.26931	0.0323842	0	0	0	-0.204998	0	0	-0.998738	1.11958	0.0148301	0.09142	0.0038336	0.119587	0	1.22164	0.0368047	0.09142	0.0197987	0.0454352	0	0	0	-0.0793916	0	0	-0.726522	1.32242	0.864675	-0.0835	0.966207	-0.0889389	0	1.38105	0.705105	-0.0835	1.44411	0.0866566	0	0	0	0.352114	0	0	2.99497	1.45899	0.492971	-0.0835	2.07945	0.320095	0	1.3312	0.356857	-0.0835	2.54821	-0.119991	0	0	0	-0.753854	0	0	3.44389	1.1005	0.183973	-0.09142	3.13373	-1.05547	0	1.19268	0.134944	-0.09142	3.41029	-0.535544	0	0	0	-0.780308	0	0	5.64065	1.34215	1.01399	0	1.05096	-0.10014	0	1.41806	1.3263	0	1.22823	-0.143229	0	0	0	-0.331923	0	0	-0.567608	2.74964e-17	3.15361	4.56826	4.63799	0.507509	0.278642	0.597385	0.517391	3	1	-0.163301	-0.187588	-0.117442	-0.134908	0.254938	0.083681	0.0685022	0.0370113	0.0103952	0.0395777	0.00270427	-0.0388257	0.00485335	-0.0338534	-0.118031	-0.115477	0.185276	0.00542984	0.142261	0.280818	0.187495	0.440715	-0.00277793	-0.294585	-0.00270458	-0.376973	-0.00765873	-0.00749298	-0.0175958	0.0247698	0.215673	0.050868	0.126122	0.0111214	-0.137947	0.223249	0.221742	0.175727	-0.202607	-0.0250021	0.151641	-0.134445	0.313413	0.280926	-0.651892	-0.0685678	0	0.0554786	0.304889	1.0163	500.731	136.537	0.272573	6.14331	25.4039	0.289407	5.33971	40.5577	36.1589	0.847829	1.06084	0.797509	6.37979	78.213	0.942493	2.41759	0.718934	0.832573	45.2752	0.532186	0	0	0	14.0048	0	0	1.06854	0.146867	0.876789	0.0377429	1.03114	0.0457416	0.823032	0.0110602	0.812957	0.368091	1.05613	0.588299	1.14208	0.0171683	1.06306	0.811664	1.04887	0.96138	0	0.917589	-0.331923	-0.567608	10.4002	0.0214324	0.603438	1.00143	0.760302	0.899959	0.0693118	0.779737	1.36521	0.965824	1.86201e-19	1.19341	-0.0901753	0	88.9464	-6.72089	0	-0.00497937	-1.63561	0.111985	-0	-0	-0	-0	-0	-0	0	0	0	0	0	0	0.111478	1.06271	-0	81.4796	776.74	-0	-70.9193	7.43939	1011.33	1.30202	-4.6257e-15	0.0913038	0	0	0	0	0	0	0	0	0	0
1.33	-0.337053	1.42091	0.902803	0.162921	-0.0410996	0.127818	0.717408	-1.09806	-0.00566955	-0.461447	1.03317	-0.126604	-0.909713	0.324104	0.172365	3.12258	1.10716	1.97764	0.567666	0.0875126	0.0111709	0.13468	0.043126	0.121913	0.217231	0.107003	0.0100016	0.0579075	0.0454057	0.0598285	0.617168	0.0582841	0.416393	0.0464736	0.0157906	0.055413	0.0115462	0.0961885	0.0103289	0.103599	0.0607959	0.145168	0.249218	0.0852355	0.0100124	0.0787621	0.0101136	0.105309	0.0219244	0.0430051	0.0159911	0.0461396	0.303336	0.0589883	0.57044	0.57044	0.896645	-0.348605	0.0281507	0.43632	0.0111927	0.0111927	1.22103	0.0702193	0.00771765	0.0697809	0.0459884	0.0459884	0.777013	-0.289788	0.0038591	0.0251127	0.219164	0.219164	1.00378	0.263757	0.0187694	0.237516	-0.186058	0.01	0.762944	0.310596	0.00253837	0.0119398	0.0029064	0.01	0.602503	-0.0970908	0.00324375	0.0187424	0.634502	0.634502	1.14282	0.065572	0.0346079	0.59671	0.42964	0.42964	1.05622	-0.00767995	0.0254409	0.375457	-0.513909	0.01	0.811318	-0.130845	0.00248342	0.0114406	-0.0622522	0.01	0.985538	2.36251	0.00499892	0.0375923	0	0.01	0.939252	-0.714648	-0.013434	0	0.0640022	0.0640022	0.925227	0.716292	0.0078877	0.0719043	0.0100879	0.0100879	0.799583	-1.10678	0.0109815	0.113588	-0.142657	0.01	1.03771	-1.02394	-0.00937484	0	0	0.01	1.06051	-0.386674	0.00264563	0.012929	-0.054514	0.01	0.843238	2.02873	0.00561583	0.0446192	0.00609143	0.01	1.04863	1.64786	0.0050471	0.0381349	0.261416	0.261416	0.863665	-1.26738	0.0130372	0.144427	0	0	0	0	0	0	0	0	0	0	0	0	0	0	0	0	0	0	1.42091	0.902803	0	1.03317	-0.126604	0	1.35419	0.926184	0	1.04396	-0.095815	0	0	0	-0.337053	0	0	-0.461447	1.33233	0.863803	0.0835	1.01517	-0.0857279	0	1.30288	0.696374	0.0835	0.7856	-0.045343	0	0	0	-0.174132	0	0	-1.37116	1.26372	0.473792	0.0835	0.480404	0.00834511	0	1.22385	0.2914	0.0835	0.289429	0.0500957	0	0	0	-0.215232	0	0	-1.04706	1.11964	0.0161813	0.09142	0.00772927	0.150203	0	1.22187	0.0373365	0.09142	0.0262336	0.0607765	0	0	0	-0.0874134	0	0	-0.874692	1.33233	0.863803	-0.0835	1.01517	-0.0857279	0	1.39544	0.705953	-0.0835	1.43523	0.0822231	0	0	0	0.380356	0	0	2.66113	1.47934	0.496104	-0.0835	1.99367	0.305499	0	1.35656	0.35546	-0.0835	2.52366	-0.157188	0	0	0	-0.717703	0	0	3.76829	1.13223	0.173015	-0.09142	3.20951	-1.12975	0	1.22704	0.12931	-0.09142	3.46063	-0.584944	0	0	0	-0.723373	0	0	5.74593	1.35283	1.01302	0	1.08403	-0.0951877	0	1.43034	1.32494	0	1.22796	-0.130956	0	0	0	-0.337053	0	0	-0.461447	6.44847e-17	3.1536	4.54427	4.68639	0.481141	0.250845	0.588945	0.517173	3	1	-0.139221	-0.159927	-0.127266	-0.146194	0.245828	0.0803507	0.083529	0.0358961	0.0175019	0.0388652	0.00158738	-0.0376559	0.00455006	-0.033244	-0.113334	-0.110881	0.182809	0.00523787	0.143125	0.293903	0.188035	0.453695	-0.00284219	-0.308311	-0.00272765	-0.388075	-0.00738795	-0.00722807	-0.0188209	0.0217273	0.219164	0.0510403	0.12401	0.0111927	-0.138975	0.234984	0.211446	0.184964	-0.213257	-0.0238412	0.137092	-0.142657	0.329887	0.267882	-0.724773	-0.0622522	0	0.0640022	0.304889	1.0163	486.605	140.558	0.273984	8.07576	25.796	0.289988	4.87846	41.7542	38.4825	0.717819	1.06528	0.788605	7.55218	55.7676	0.889028	3.60018	0.690046	0.779122	42.1042	0.544264	0	0	0	14.5752	0	0	1.05523	0.144427	0.863665	0.0381349	1.04863	0.0446192	0.843238	0.0114406	0.811318	0.375457	1.05622	0.59671	1.14282	0.012929	1.06051	0.799583	1.03771	0.985538	0	0.925227	-0.337053	-0.461447	10.8203	0.0187424	0.602503	1.00378	0.762944	0.896645	0.0697809	0.777013	1.3772	0.96495	1.86201e-19	1.2046	-0.0848117	0	89.7808	-6.32113	0	-0.0388833	-1.58868	0.401595	-0	-0	-0	-0	-0	-0	0	0	0	0	0	0	0.116748	1.04875	-0	85.3318	766.534	-0	-70.0724	7.80058	1001.01	1.3059	-4.63947e-15	0.0914146	0	0	0	0	0	0	0	0	0	0
1.34	-0.341103	1.43148	0.901603	0.152989	-0.0378623	0.128938	0.746229	-1.08362	0.013122	-0.352388	1.0798	-0.113699	-1.07	0.32126	0.0544544	2.65502	1.75819	1.72012	0.567665	0.0871547	0.0112458	0.134757	0.0508286	0.121416	0.221189	0.10731	0.0100014	0.0581766	0.0407338	0.0597301	0.630748	0.0583122	0.429996	0.0464626	0.0150792	0.0553465	0.0113583	0.0984411	0.010289	0.102814	0.0686361	0.146186	0.203791	0.0841364	0.0100109	0.0780423	0.0100998	0.104806	0.0204367	0.0440451	0.0211531	0.046775	0.292545	0.0581554	0.565782	0.565782	0.892978	-0.388066	0.0276783	0.425539	0.0112685	0.0112685	1.22173	0.0695549	0.00775374	0.0702304	0.0534907	0.0534907	0.773846	-0.333963	0.00420085	0.0287751	0.223738	0.223738	1.00666	0.315817	0.0192127	0.245787	-0.194305	0.01	0.76649	0.402084	0.00265681	0.0130332	-0.00127748	0.01	0.601512	-0.100237	0.00302043	0.0165197	0.646655	0.646655	1.14338	0.0440042	0.0348273	0.602721	0.441905	0.441905	1.05597	-0.0426111	0.0256686	0.380485	-0.538169	0.01	0.810344	-0.0596081	0.00254609	0.0120104	-0.056097	0.01	1.00862	2.24443	0.0048799	0.0362565	0	0.01	0.932129	-0.7095	0.000106691	1.33064e-06	0.0715121	0.0715121	0.931715	0.600314	0.00844083	0.0789162	-0.0753186	0.01	0.789272	-0.952657	0.00980793	0.0970336	-0.149557	0.01	1.02823	-0.873282	-0.0133857	0	0	0.01	1.05545	-0.633591	0.0021488	0.00852896	-0.0426116	0.01	0.86363	2.04321	0.00552547	0.0435796	0.0244827	0.0244827	1.06307	1.13009	0.00533977	0.041454	0.249231	0.249231	0.851471	-1.16343	0.0129734	0.143448	0	0	0	0	0	0	0	0	0	0	0	0	0	0	0	0	0	0	1.43148	0.901603	0	1.0798	-0.113699	0	1.36486	0.925254	0	1.08813	-0.0902201	0	0	0	-0.341103	0	0	-0.352388	1.34274	0.862962	0.0835	1.06618	-0.082428	0	1.31095	0.695961	0.0835	0.828643	-0.0372086	0	0	0	-0.188114	0	0	-1.42239	1.26869	0.473948	0.0835	0.512853	0.0229067	0	1.22686	0.291995	0.0835	0.312499	0.0689689	0	0	0	-0.225977	0	0	-1.10113	1.11974	0.0178529	0.09142	0.0126494	0.184056	0	1.22217	0.0380231	0.09142	0.0337611	0.0768381	0	0	0	-0.0970386	0	0	-1.04668	1.34274	0.862962	-0.0835	1.06618	-0.082428	0	1.40975	0.706723	-0.0835	1.42594	0.0718548	0	0	0	0.405126	0	0	2.30263	1.49882	0.499017	-0.0835	1.90421	0.27696	0	1.38164	0.353667	-0.0835	2.49445	-0.198871	0	0	0	-0.67849	0	0	4.06082	1.16468	0.161359	-0.09142	3.28036	-1.19047	0	1.26187	0.123225	-0.09142	3.50081	-0.62862	0	0	0	-0.665368	0	0	5.78094	1.36385	1.01209	0	1.11874	-0.0898651	0	1.44263	1.32369	0	1.22854	-0.117625	0	0	0	-0.341103	0	0	-0.352388	8.69511e-17	3.15557	4.52063	4.73817	0.45357	0.224758	0.600811	0.527047	3	1	-0.115061	-0.132174	-0.137451	-0.157894	0.236746	0.0770386	0.0984476	0.0346971	0.0252922	0.0384067	0.000478536	-0.0363981	0.0042176	-0.0328518	-0.108662	-0.10631	0.180627	0.00519521	0.143831	0.305401	0.188558	0.465266	-0.00289468	-0.320373	-0.00274996	-0.397973	-0.00732778	-0.0071692	-0.0202075	0.01893	0.223738	0.051337	0.121749	0.0112685	-0.140202	0.246073	0.197959	0.193693	-0.223322	-0.0223205	0.124235	-0.149557	0.345456	0.250795	-0.795805	-0.056097	0	0.0715121	0.304889	1.0163	482.338	144.152	0.275521	10.021	26.3263	0.290769	4.441	42.8352	42.8338	0.579777	1.05143	0.779752	8.62456	41.7739	0.838719	4.30554	0.664997	1.27024	38.7309	0.558242	0	0	0	14.8647	0	0	1.06413	0.143448	0.851471	0.041454	1.06307	0.0435796	0.86363	0.0120104	0.810344	0.380485	1.05597	0.602721	1.14338	0.00852896	1.05545	0.789272	1.02823	1.00862	1.33064e-06	0.931715	-0.341103	-0.352388	10.8688	0.0165197	0.601512	1.00666	0.76649	0.892978	0.0702304	0.773846	1.38931	0.964127	1.86201e-19	1.21656	-0.0796804	0	90.6718	-5.93869	0	-0.0788273	-1.53558	0.668976	-0	-0	-0	-0	-0	-0	0	0	0	0	0	0	0.126354	1.0566	-0	92.3523	772.276	-0	-70.6014	8.44284	1008.77	1.30623	-4.64065e-15	0.09142	0	0	0	0	0	0	0	0	0	0
1.35	-0.344072	1.44252	0.900537	0.141501	-0.0347176	0.128841	0.770378	-1.0628	0.0258043	-0.244592	1.12714	-0.0997379	-1.22265	0.307234	-0.0706278	2.18704	2.37961	0.824273	0.565307	0.0867536	0.011321	0.134832	0.0576038	0.120853	0.226132	0.10767	0.0100012	0.0585156	0.0367239	0.0596313	0.642733	0.0583283	0.441633	0.0464357	0.0144565	0.0553317	0.0111933	0.100539	0.010254	0.103202	0.0753276	0.14703	0.169391	0.0831996	0.0100096	0.0774206	0.0100877	0.104062	0.01914	0.0450311	0.0365594	0.0470836	0.281712	0.0574336	0.556839	0.556839	0.888869	-0.436872	0.0270428	0.411158	0.0113452	0.0113452	1.22241	0.0664249	0.00778629	0.0706363	0.0601294	0.0601294	0.770257	-0.377183	0.00446419	0.0316467	0.229451	0.229451	1.01004	0.363825	0.0196733	0.254582	-0.2013	0.01	0.770956	0.493666	0.00276995	0.0140983	-0.00525666	0.01	0.600516	-0.0982403	0.00283398	0.0147094	0.657147	0.657147	1.14369	0.018365	0.0349429	0.605898	0.452183	0.452183	1.05536	-0.0802693	0.0257745	0.382828	-0.55896	0.01	0.810128	0.0196328	0.00262697	0.0127556	-0.0501544	0.01	1.03011	2.04282	0.00489795	0.0364588	0	0.01	0.935647	0.690237	0.00322151	0.0185186	0.0779686	0.0779686	0.937091	0.487833	0.00885657	0.0843006	-0.161702	0.01	0.780484	-0.799329	0.00891613	0.0850805	-0.155398	0.01	1.02003	-0.771925	-0.0176979	0	0	0.01	1.04795	-0.866229	0.00154566	0.00403568	-0.0302434	0.01	0.882962	1.74713	0.00516298	0.0394444	0.0422936	0.0422936	1.07008	0.370395	0.00606952	0.0498914	0.23725	0.23725	0.840902	-0.908041	0.0135937	0.152999	0	0	0	0	0	0	0	0	0	0	0	0	0	0	0	0	0	0	1.44252	0.900537	0	1.12714	-0.0997379	0	1.37597	0.924386	0	1.13297	-0.0834588	0	0	0	-0.344072	0	0	-0.244592	1.35367	0.86216	0.0835	1.11775	-0.0780051	0	1.31947	0.695636	0.0835	0.873424	-0.0278225	0	0	0	-0.202571	0	0	-1.46724	1.274	0.474257	0.0835	0.548608	0.0388909	0	1.23011	0.292789	0.0835	0.338104	0.0898003	0	0	0	-0.237289	0	0	-1.16	1.1199	0.0198814	0.09142	0.0189578	0.221396	0	1.22256	0.0388817	0.09142	0.0423401	0.0950602	0	0	0	-0.108448	0	0	-1.23063	1.35367	0.86216	-0.0835	1.11775	-0.0780051	0	1.42397	0.707375	-0.0835	1.41842	0.0585423	0	0	0	0.426305	0	0	1.94245	1.51742	0.501602	-0.0835	1.81812	0.24007	0	1.40645	0.351461	-0.0835	2.46704	-0.239554	0	0	0	-0.636497	0	0	4.32206	1.19782	0.149402	-0.09142	3.34562	-1.194	0	1.29695	0.116636	-0.09142	3.51425	-0.683853	0	0	0	-0.610692	0	0	5.14633	1.37522	1.01123	0	1.15422	-0.0832754	0	1.45492	1.32259	0	1.23037	-0.10277	0	0	0	-0.344072	0	0	-0.244592	4.34756e-17	3.14247	4.47464	4.76459	0.435009	0.20979	0.645089	0.530652	3	1	-0.090958	-0.104486	-0.148001	-0.170012	0.227728	0.0739299	0.113101	0.0334697	0.0337312	0.038046	-0.000610611	-0.0351106	0.00385746	-0.0325433	-0.104277	-0.102021	0.17879	0.00524852	0.144344	0.315242	0.18904	0.475349	-0.00293277	-0.330696	-0.00277054	-0.406598	-0.00740297	-0.00724277	-0.0217615	0.0165048	0.229451	0.0517716	0.119282	0.0113452	-0.141645	0.25634	0.181217	0.201774	-0.232639	-0.0204328	0.113228	-0.155398	0.359869	0.229585	-0.864383	-0.0501544	0	0.0779686	0.304889	1.0163	479.197	147.529	0.277077	11.8828	26.9963	0.291754	4.02446	43.7881	47.2384	0.463791	1.01065	0.333301	9.56497	31.4817	0.802048	4.60809	0.642661	2.23665	33.4827	0.571824	0	0	0	14.8233	0	0	1.06933	0.152999	0.840902	0.0498914	1.07008	0.0394444	0.882962	0.0127556	0.810128	0.382828	1.05536	0.605898	1.14369	0.00403568	1.04795	0.780484	1.02003	1.03011	0.0185186	0.937091	-0.344072	-0.244592	10.7809	0.0147094	0.600516	1.01004	0.770956	0.888869	0.0706363	0.770257	1.40154	0.963359	1.86201e-19	1.22941	-0.0738863	0	91.6299	-5.50685	0	-0.123894	-1.4791	0.90365	-0	-0	-0	-0	-0	-0	0	0	0	0	0	0	0.13513	1.06076	-0	98.7669	775.31	-0	-70.8788	9.02927	1012.87	1.3064	-4.64127e-15	0.09142	0	0	0	0	0	0	0	0	0	0
1.36	-0.345963	1.45404	0.899612	0.128493	-0.0317343	0.127471	0.789751	-1.03596	0.0317491	-0.136677	1.17597	-0.0858012	-1.37393	0.288924	-0.199988	1.69841	2.96726	0.479486	0.560142	0.0863017	0.0113974	0.134903	0.0635917	0.120224	0.232269	0.108078	0.0100011	0.0589238	0.0332699	0.0595357	0.653307	0.0583301	0.451578	0.0463914	0.0139111	0.055373	0.0110485	0.102462	0.0102233	0.104061	0.0811363	0.147701	0.142613	0.0824326	0.0100084	0.0768564	0.0100771	0.103113	0.018008	0.0458355	0.0534578	0.0471508	0.270741	0.0569189	0.54374	0.54374	0.884239	-0.492068	0.0262737	0.393923	0.0114209	0.0114209	1.22306	0.0623649	0.00781634	0.0710115	0.0657711	0.0657711	0.766246	-0.419786	0.00466475	0.0338596	0.236293	0.236293	1.01387	0.407953	0.0201742	0.26436	-0.206915	0.01	0.776335	0.584594	0.00287873	0.0151397	-0.00896061	0.01	0.599553	-0.0938393	0.00267497	0.0132029	0.665976	0.665976	1.14373	-0.0124197	0.0349511	0.606124	0.460534	0.460534	1.05435	-0.122361	0.0257569	0.38244	-0.576316	0.01	0.810732	0.104465	0.00271895	0.0136159	-0.0444769	0.01	1.04981	1.90367	0.00509869	0.0387172	0	0.01	0.94344	0.871797	0.00341631	0.0204954	0.0833854	0.0833854	0.941372	0.376606	0.00914568	0.0881073	-0.248519	0.01	0.773289	-0.63219	0.00829797	0.0770892	-0.16036	0.01	1.0126	-0.720122	-0.0221514	0	0	0.01	1.0384	-1.01636	0.000596668	0.000269885	-0.0180128	0.01	0.898735	1.45807	0.00480542	0.0354242	0.0595495	0.0595495	1.07161	0.0306549	0.00675693	0.0580428	0.224987	0.224987	0.833367	-0.609724	0.0146234	0.168929	0	0	0	0	0	0	0	0	0	0	0	0	0	0	0	0	0	0	1.45404	0.899612	0	1.17597	-0.0858012	0	1.38753	0.923586	0	1.17925	-0.0767106	0	0	0	-0.345963	0	0	-0.136677	1.36512	0.861403	0.0835	1.17075	-0.0736471	0	1.32844	0.695407	0.0835	0.919993	-0.0182395	0	0	0	-0.217469	0	0	-1.51061	1.27968	0.47473	0.0835	0.586637	0.05542	0	1.23363	0.293797	0.0835	0.365595	0.111674	0	0	0	-0.249203	0	0	-1.22168	1.12012	0.0222955	0.09142	0.0267635	0.261045	0	1.22303	0.0399304	0.09142	0.0518344	0.114751	0	0	0	-0.121732	0	0	-1.42167	1.36512	0.861403	-0.0835	1.17075	-0.0736471	0	1.43811	0.70787	-0.0835	1.41052	0.0403464	0	0	0	0.443788	0	0	1.56173	1.53515	0.503763	-0.0835	1.72928	0.191891	0	1.43094	0.348852	-0.0835	2.43087	-0.280071	0	0	0	-0.592169	0	0	4.52899	1.23153	0.137368	-0.09142	3.39329	-1.21369	0	1.33218	0.109625	-0.09142	3.53224	-0.70959	0	0	0	-0.56042	0	0	5.00848	1.38695	1.01043	0	1.19112	-0.0766306	0	1.46724	1.32164	0	1.23365	-0.0876044	0	0	0	-0.345963	0	0	-0.136677	3.88857e-17	3.11626	4.40614	4.76354	0.429538	0.185422	0.696952	0.530341	3	1	-0.0671497	-0.0771366	-0.158913	-0.182548	0.218843	0.0712885	0.126933	0.0331683	0.0427365	0.0376264	-0.00163867	-0.0347944	0.00347315	-0.0321844	-0.100552	-0.0983757	0.177328	0.00536855	0.144629	0.323477	0.189459	0.483926	-0.00295393	-0.339335	-0.00278838	-0.413935	-0.00757228	-0.00740841	-0.0234451	0.0144845	0.236293	0.0523547	0.116551	0.0114209	-0.143299	0.265609	0.161579	0.20907	-0.241052	-0.0182185	0.103795	-0.16036	0.372882	0.204705	-0.929901	-0.0444769	0	0.0833854	0.304889	1.0163	477.864	150.108	0.27865	13.6389	27.8251	0.292941	3.65184	45.6669	51.7926	0.451888	0.974429	0.334418	10.3853	23.4108	0.78348	4.54809	0.621466	3.29976	27.2574	0.582947	0	0	0	14.6406	0	0	1.06878	0.168929	0.833367	0.0580428	1.07161	0.0354242	0.898735	0.0136159	0.810732	0.38244	1.05435	0.606124	1.14373	0.000269885	1.0384	0.773289	1.0126	1.04981	0.0204954	0.941372	-0.345963	-0.136677	10.7052	0.0132029	0.599553	1.01387	0.776335	0.884239	0.0710115	0.766246	1.4139	0.96265	1.86201e-19	1.24309	-0.0679573	0	92.6491	-5.06495	0	-0.169975	-1.41806	1.10175	-0	-0	-0	-0	-0	-0	0	0	0	0	0	0	0.143139	1.05915	-0	104.621	774.137	-0	-70.7716	9.56446	1011.49	1.30661	-4.642e-15	0.09142	0	0	0	0	0	0	0	0	0	0
1.37	-0.346777	1.46606	0.898825	0.114	-0.028979	0.124768	0.804149	-1.0033	0.035214	-0.0316405	1.2251	-0.0722566	-1.51667	0.261939	-0.335031	1.20325	3.53675	0.191042	0.551941	0.0857941	0.0114697	0.134969	0.0685602	0.11953	0.239486	0.108531	0.010001	0.0594003	0.0302835	0.0594459	0.662291	0.0583152	0.459639	0.0463279	0.0134325	0.0554738	0.0109211	0.104263	0.0101962	0.105119	0.0859638	0.148203	0.1213	0.0818502	0.0100074	0.0763173	0.0100678	0.10216	0.017018	0.0465616	0.0685686	0.0471308	0.259895	0.0565735	0.526888	0.526888	0.879038	-0.552157	0.0253927	0.374393	0.0114906	0.0114906	1.22365	0.0564445	0.00784184	0.0713302	0.0703256	0.0703256	0.761822	-0.461418	0.00479777	0.0353389	0.244178	0.244178	1.01812	0.449331	0.0207195	0.275224	-0.211102	0.01	0.782613	0.6753	0.00298486	0.0161709	-0.0123517	0.01	0.59865	-0.0858089	0.00254226	0.0119754	0.672984	0.672984	1.14344	-0.0483737	0.034848	0.603289	0.466807	0.466807	1.05291	-0.168808	0.0256134	0.379265	-0.589925	0.01	0.812207	0.196432	0.00281908	0.0145667	-0.03919	0.01	1.06826	1.78116	0.00529171	0.0409064	0.00414176	0.01	0.953027	1.05169	0.00360237	0.0224161	0.0878001	0.0878001	0.944568	0.265954	0.00928355	0.0899416	-0.333796	0.01	0.767825	-0.44931	0.00792067	0.0723176	-0.164646	0.01	1.0055	-0.70456	-0.0266132	0	0	0.01	1.0288	-0.884842	-0.00231182	0	-0.00800922	0.01	0.912972	1.39029	0.00466124	0.0338207	0.0739476	0.0739476	1.07115	-0.107227	0.00742271	0.0661319	0.214378	0.214378	0.828308	-0.397914	0.0154144	0.181211	0	0	0	0	0	0	0	0	0	0	0	0	0	0	0	0	0	0	1.46606	0.898825	0	1.2251	-0.0722566	0	1.39957	0.922854	0	1.22586	-0.0701527	0	0	0	-0.346777	0	0	-0.0316405	1.3771	0.860688	0.0835	1.22389	-0.0694419	0	1.33789	0.695273	0.0835	0.967776	-0.00872358	0	0	0	-0.232778	0	0	-1.54831	1.28575	0.475369	0.0835	0.627295	0.0719961	0	1.23744	0.295028	0.0835	0.39531	0.134146	0	0	0	-0.261757	0	0	-1.28637	1.12044	0.0251189	0.09142	0.0364134	0.30276	0	1.2236	0.0411817	0.09142	0.0624578	0.135496	0	0	0	-0.136989	0	0	-1.62141	1.3771	0.860688	-0.0835	1.22389	-0.0694419	0	1.45217	0.708162	-0.0835	1.40259	0.0185117	0	0	0	0.457371	0	0	1.17161	1.55197	0.505391	-0.0835	1.64016	0.135438	0	1.45504	0.345829	-0.0835	2.39144	-0.320979	0	0	0	-0.545933	0	0	4.70836	1.26566	0.125136	-0.09142	3.43297	-1.22468	0	1.36756	0.102428	-0.09142	3.54423	-0.725415	0	0	0	-0.510719	0	0	4.8994	1.39905	1.0097	0	1.22861	-0.0701364	0	1.4796	1.32085	0	1.23845	-0.0726849	0	0	0	-0.346777	0	0	-0.0316405	6.22475e-17	3.07815	4.31626	4.73422	0.431655	0.191125	0.754261	0.528277	3	1	-0.0436335	-0.0501229	-0.170193	-0.195505	0.210307	0.0701041	0.139316	0.0335129	0.0520288	0.0367032	-0.00255904	-0.0351558	0.00307659	-0.0313947	-0.098881	-0.0967412	0.176262	0.00555324	0.14469	0.329951	0.189802	0.490845	-0.00295847	-0.346126	-0.00280305	-0.419853	-0.00783278	-0.00766327	-0.0251839	0.0128322	0.244178	0.0530893	0.113491	0.0114906	-0.145159	0.273758	0.139638	0.215485	-0.248447	-0.0157446	0.0958857	-0.164646	0.384322	0.176908	-0.990912	-0.03919	0.00414176	0.0878001	0.304889	1.0163	480.705	151.586	0.280118	15.2051	28.7999	0.294327	3.30954	49.3781	56.3959	0.441786	0.941637	0.336008	11.0712	16.755	0.779839	4.29401	0.602347	5.62008	22.0712	0.590146	0	0	0	14.1833	0	0	1.06261	0.181211	0.828308	0.0661319	1.07115	0.0338207	0.912972	0.0145667	0.812207	0.379265	1.05291	0.603289	1.14344	0	1.0288	0.767825	1.0055	1.06826	0.0224161	0.944568	-0.346777	-0.0316405	10.2706	0.0119754	0.59865	1.01812	0.782613	0.879038	0.0713302	0.761822	1.4264	0.961999	1.86201e-19	1.25753	-0.0624396	0	93.7252	-4.65371	0	-0.218124	-1.35354	1.2635	-0	-0	-0	-0	-0	-0	0	0	0	0	0	0	0.150275	1.05193	-0	109.836	768.86	-0	-70.2892	10.0412	1004.78	1.30685	-4.64285e-15	0.09142	0	0	0	0	0	0	0	0	0	0
1.38	-0.346573	1.47856	0.898168	0.0981427	-0.0265287	0.12069	0.813626	-0.965053	0.0358087	0.069092	1.27405	-0.0597631	-1.64965	0.227909	-0.476455	0.704702	4.0968	-0.0251373	0.540703	0.0852262	0.0115347	0.135028	0.0723373	0.118776	0.247603	0.109026	0.0100008	0.0599435	0.0277023	0.0593655	0.669416	0.0582806	0.465537	0.0462429	0.0130135	0.0556387	0.0108094	0.105949	0.0101725	0.106371	0.089743	0.14854	0.104125	0.0814644	0.0100065	0.0757831	0.0100596	0.101337	0.0161536	0.0472594	0.0821618	0.0470537	0.249198	0.0563657	0.506926	0.506926	0.87322	-0.614223	0.0244365	0.353455	0.0115545	0.0115545	1.22418	0.0492859	0.00786251	0.0715888	0.0737068	0.0737068	0.757014	-0.498196	0.00487084	0.0361552	0.253015	0.253015	1.02275	0.485548	0.0212968	0.286945	-0.213854	0.01	0.789769	0.757975	0.00308099	0.0171169	-0.0154189	0.01	0.59784	-0.0752925	0.00243154	0.0109744	0.677801	0.677801	1.14276	-0.0890298	0.0346327	0.597386	0.470659	0.470659	1.05098	-0.218816	0.025347	0.373386	-0.599145	0.01	0.814623	0.290217	0.00291509	0.0154914	-0.034343	0.01	1.08554	1.66977	0.00547758	0.04303	0.00466787	0.01	0.964376	1.22435	0.0037744	0.0242175	0.0912198	0.0912198	0.946719	0.164038	0.00927652	0.0898477	-0.41597	0.01	0.764207	-0.266836	0.00768715	0.0694016	-0.168536	0.01	0.99846	-0.703623	-0.0310308	0	0	0.01	1.02051	-0.779191	-0.00827753	0	0.00116903	0.01	0.926655	1.36333	0.00456469	0.0327529	0.0877575	0.0877575	1.0694	-0.233517	0.00786844	0.071663	0.202484	0.202484	0.825267	-0.210597	0.0161739	0.193174	0	0	0	0	0	0	0	0	0	0	0	0	0	0	0	0	0	0	1.47856	0.898168	0	1.27405	-0.0597631	0	1.41207	0.922183	0	1.27239	-0.0643575	0	0	0	-0.346573	0	0	0.069092	1.38961	0.860013	0.0835	1.27669	-0.0659088	0	1.34781	0.695232	0.0835	1.01624	0.000158776	0	0	0	-0.24843	0	0	-1.58056	1.29224	0.47617	0.0835	0.670001	0.0879897	0	1.24155	0.296483	0.0835	0.426947	0.156556	0	0	0	-0.274959	0	0	-1.35265	1.12086	0.0283648	0.09142	0.048097	0.345846	0	1.22428	0.0426428	0.09142	0.0742129	0.156676	0	0	0	-0.154269	0	0	-1.82911	1.38961	0.860013	-0.0835	1.27669	-0.0659088	0	1.46616	0.70822	-0.0835	1.39414	-0.00667973	0	0	0	0.467053	0	0	0.773794	1.56792	0.506425	-0.0835	1.55029	0.07206	0	1.47873	0.342402	-0.0835	2.34918	-0.362305	0	0	0	-0.498001	0	0	4.8706	1.30016	0.112852	-0.09142	3.46683	-1.23051	0	1.40304	0.0951128	-0.09142	3.55278	-0.731983	0	0	0	-0.462192	0	0	4.84546	1.41153	1.00903	0	1.26639	-0.0643943	0	1.49201	1.32019	0	1.24489	-0.0588337	0	0	0	-0.346573	0	0	0.069092	7.07731e-17	3.03202	4.20801	4.67678	0.431047	0.196398	0.797836	0.5211	3	1	-0.0204671	-0.0235111	-0.181835	-0.208878	0.202376	0.0696291	0.149539	0.0364296	0.0614067	0.035848	-0.0033189	-0.0382156	0.00267638	-0.0306632	-0.098211	-0.0960856	0.175628	0.00582981	0.144513	0.334369	0.190056	0.49579	-0.00294531	-0.350761	-0.00281386	-0.424082	-0.00822287	-0.00804492	-0.0268919	0.011473	0.253015	0.053974	0.110044	0.0115545	-0.147223	0.280676	0.116206	0.22093	-0.254725	-0.0131026	0.0896212	-0.168536	0.394034	0.147222	-1.04685	-0.034343	0.00466787	0.0912198	0.304889	1.0163	483.672	151.666	0.281453	16.4629	29.9021	0.295908	3.00262	53.2615	60.8643	0.433313	0.911876	0.338054	11.6105	11.2303	0.781466	4.09766	0.585607	8.48691	16.9176	0.592424	0	0	0	13.4892	0	0	1.05126	0.193174	0.825267	0.071663	1.0694	0.0327529	0.926655	0.0154914	0.814623	0.373386	1.05098	0.597386	1.14276	0	1.02051	0.764207	0.99846	1.08554	0.0242175	0.946719	-0.346573	0.069092	9.8267	0.0109744	0.59784	1.02275	0.789769	0.87322	0.0715888	0.757014	1.43906	0.961398	1.86201e-19	1.27265	-0.0578924	0	94.852	-4.3148	0	-0.26749	-1.2861	1.38669	-0	-0	-0	-0	-0	-0	0	0	0	0	0	0	0.157409	1.0394	-0	115.051	759.704	-0	-69.4522	10.518	993.026	1.30712	-4.64383e-15	0.09142	0	0	0	0	0	0	0	0	0	0
1.39	-0.345383	1.49155	0.897627	0.0810055	-0.0244587	0.115198	0.818107	-0.921251	0.0347843	0.164439	1.32232	-0.0491554	-1.77117	0.186385	-0.616622	0.211899	4.6399	-0.186465	0.526669	0.0845972	0.0115939	0.135077	0.074948	0.117965	0.2566	0.109556	0.0100007	0.0605486	0.0254619	0.0592972	0.674425	0.0582242	0.469033	0.0461354	0.0126458	0.0558691	0.0107112	0.107525	0.0101516	0.107816	0.0925647	0.148716	0.0900554	0.0812805	0.0100057	0.075249	0.0100523	0.100593	0.0153968	0.0479695	0.0911131	0.0469361	0.238785	0.0562752	0.48429	0.48429	0.866775	-0.677698	0.0234236	0.331582	0.0116116	0.0116116	1.22463	0.0404071	0.00787712	0.0717718	0.0758641	0.0758641	0.751846	-0.53356	0.00488217	0.036282	0.262732	0.262732	1.02773	0.517001	0.0219108	0.299618	-0.215168	0.01	0.797742	0.838262	0.00317384	0.0180407	-0.0181764	0.01	0.597152	-0.0613526	0.0023421	0.0101826	0.68006	0.68006	1.14165	-0.134287	0.0343013	0.58836	0.471776	0.471776	1.04853	-0.272589	0.0249554	0.364785	-0.603294	0.01	0.817996	0.387318	0.00300937	0.0164111	-0.0298045	0.01	1.10169	1.55726	0.0056544	0.0450641	0.00512677	0.01	0.977478	1.39679	0.00394127	0.0259862	0.0936563	0.0936563	0.947837	0.0594696	0.00911007	0.0876356	-0.495839	0.01	0.762481	-0.0708145	0.00758745	0.0681649	-0.172253	0.01	0.991424	-0.703577	-0.0353977	0	0	0.01	1.01302	-0.7244	-0.0169259	0	0.000260751	0.01	0.940578	1.42896	0.00456458	0.0327517	0.0936007	0.0936007	1.06673	-0.278101	0.00822748	0.0761919	0.194629	0.194629	0.823942	-0.0525307	0.0167493	0.202457	0	0	0	0	0	0	0	0	0	0	0	0	0	0	0	0	0	0	1.49155	0.897627	0	1.32232	-0.0491554	0	1.42503	0.921563	0	1.31838	-0.0600948	0	0	0	-0.345383	0	0	0.164439	1.40265	0.859366	0.0835	1.32861	-0.0637747	0	1.35823	0.695273	0.0835	1.06495	0.00760013	0	0	0	-0.264377	0	0	-1.60673	1.29917	0.477125	0.0835	0.714448	0.102487	0	1.24599	0.298159	0.0835	0.460254	0.178019	0	0	0	-0.288836	0	0	-1.42035	1.12141	0.0320441	0.09142	0.0619962	0.389062	0	1.22509	0.0443164	0.09142	0.0869944	0.177871	0	0	0	-0.173637	0	0	-2.03697	1.40265	0.859366	-0.0835	1.32861	-0.0637747	0	1.48005	0.70801	-0.0835	1.38557	-0.0346448	0	0	0	0.472724	0	0	0.376339	1.58296	0.506795	-0.0835	1.46129	0.00408072	0	1.502	0.338562	-0.0835	2.30519	-0.402036	0	0	0	-0.448527	0	0	5.01624	1.33497	0.100525	-0.09142	3.49574	-1.2284	0	1.43859	0.0877898	-0.09142	3.55724	-0.727923	0	0	0	-0.413743	0	0	4.82978	1.42439	1.00841	0	1.3041	-0.0601993	0	1.5045	1.31967	0	1.25292	-0.0470261	0	0	0	-0.345383	0	0	0.164439	5.23515e-17	2.97987	4.0831	4.59135	0.428581	0.204578	0.836315	0.509915	4	1	0.00232337	0.00266892	-0.193821	-0.222648	0.195503	0.0742648	0.154506	0.0438444	0.0702972	0.0324464	-0.00368808	-0.0459939	0.00229696	-0.0277536	-0.10475	-0.102483	0.175488	0.0061915	0.14408	0.336429	0.190201	0.498403	-0.00291317	-0.352922	-0.00282008	-0.426318	-0.00873303	-0.00854404	-0.0285228	0.0103463	0.262732	0.0550066	0.106171	0.0116116	-0.149485	0.286291	0.0918282	0.225349	-0.259821	-0.0103539	0.0851296	-0.172253	0.401916	0.116337	-1.09922	-0.0298045	0.00512677	0.0936563	0.304889	1.0163	484.37	150.359	0.282671	17.4266	31.128	0.29767	2.72034	57.2194	65.0829	0.426266	0.884827	0.340544	12.0062	6.14659	0.779834	3.99526	0.571277	9.97831	12.1812	0.589273	0	0	0	12.5368	0	0	1.0341	0.202457	0.823942	0.0761919	1.06673	0.0327517	0.940578	0.0164111	0.817996	0.364785	1.04853	0.58836	1.14165	0	1.01302	0.762481	0.991424	1.10169	0.0259862	0.947837	-0.345383	0.164439	9.23059	0.0101826	0.597152	1.02773	0.797742	0.866775	0.0717718	0.751846	1.45186	0.960835	1.86201e-19	1.28836	-0.0548415	0	96.0236	-4.08741	0	-0.315891	-1.21672	1.47311	-0	-0	-0	-0	-0	-0	0	0	0	0	0	0	0.163053	1.02117	-0	119.176	746.375	-0	-68.2336	10.895	975.832	1.30743	-4.64492e-15	0.09142	0	0	0	0	0	0	0	0	0	0
1.4	-0.343271	1.50502	0.897179	0.0627146	-0.0228342	0.108322	0.817734	-0.872157	0.0324446	0.254246	1.36975	-0.0412697	-1.882	0.139055	-0.753624	-0.269764	5.15855	-0.243089	0.510128	0.0839065	0.0116436	0.135116	0.076353	0.117102	0.266368	0.110118	0.0100006	0.0612123	0.0235166	0.059244	0.677102	0.0581437	0.469959	0.0460035	0.0123234	0.0561649	0.010625	0.108994	0.0101332	0.109446	0.0944417	0.14873	0.0784261	0.0813074	0.010005	0.0747151	0.010046	0.0998845	0.0147345	0.0487231	0.0916329	0.0468214	0.230027	0.0562845	0.459737	0.459737	0.859698	-0.740248	0.0223807	0.309444	0.0116587	0.0116587	1.22499	0.0303508	0.00788538	0.0718752	0.0767959	0.0767959	0.74635	-0.565502	0.00483936	0.0358032	0.273248	0.273248	1.033	0.544711	0.0225558	0.31313	-0.215118	0.01	0.806487	0.912008	0.00325959	0.018902	-0.0205855	0.01	0.596616	-0.0451127	0.00227032	0.00955898	0.679686	0.679686	1.14007	-0.183495	0.0338588	0.576434	0.470132	0.470132	1.04553	-0.329399	0.0244496	0.35374	-0.602232	0.01	0.822326	0.480863	0.00309581	0.0172637	-0.0255545	0.01	1.11674	1.45068	0.00583581	0.0471647	0.00557376	0.01	0.992261	1.56044	0.00409683	0.0276523	0.0951526	0.0951526	0.94793	-0.0428727	0.00883859	0.0840656	-0.572568	0.01	0.762733	0.128828	0.00751499	0.0672691	-0.175935	0.01	0.984388	-0.703518	-0.0397297	0	0	0.01	1.00589	-0.706876	-0.0278887	0	-0.00646268	0.01	0.955354	1.54888	0.00461914	0.0333545	0.0909392	0.0909392	1.06412	-0.242903	0.00835487	0.0778155	0.192385	0.192385	0.824078	0.0765118	0.0171562	0.209182	0	0	0	0	0	0	0	0	0	0	0	0	0	0	0	0	0	0	1.50502	0.897179	0	1.36975	-0.0412697	0	1.43845	0.920974	0	1.3637	-0.0581962	0	0	0	-0.343271	0	0	0.254246	1.4162	0.85873	0.0835	1.37952	-0.0638524	0	1.36913	0.695377	0.0835	1.11362	0.0127683	0	0	0	-0.280557	0	0	-1.62776	1.30655	0.478213	0.0835	0.760134	0.114629	0	1.25077	0.30004	0.0835	0.494887	0.197666	0	0	0	-0.303391	0	0	-1.4887	1.12211	0.0361509	0.09142	0.0781439	0.431393	0	1.22603	0.0461985	0.09142	0.100674	0.198374	0	0	0	-0.195069	0	0	-2.24233	1.4162	0.85873	-0.0835	1.37952	-0.0638524	0	1.49387	0.707509	-0.0835	1.37718	-0.0650577	0	0	0	0.474463	0	0	-0.0155189	1.59712	0.506473	-0.0835	1.37406	-0.06666	0	1.52481	0.334344	-0.0835	2.25932	-0.43854	0	0	0	-0.397693	0	0	5.14303	1.37005	0.088269	-0.09142	3.5196	-1.21979	0	1.47416	0.0805718	-0.09142	3.55732	-0.709609	0	0	0	-0.365249	0	0	4.89994	1.43763	1.00782	0	1.34162	-0.0584045	0	1.51708	1.31924	0	1.26244	-0.0382041	0	0	0	-0.343271	0	0	0.254246	3.91883e-17	2.92428	3.94456	4.48013	0.421734	0.21236	0.856271	0.494504	4	1	0.0246968	0.0283699	-0.206141	-0.236799	0.190602	0.0819971	0.155587	0.0510079	0.077551	0.0291394	-0.00376846	-0.0535085	0.0019874	-0.0249249	-0.115656	-0.113153	0.175881	0.00660907	0.143366	0.336087	0.190218	0.498589	-0.00286011	-0.352564	-0.00282077	-0.426477	-0.00932202	-0.00912028	-0.0300187	0.00943324	0.273248	0.0561835	0.101838	0.0116587	-0.151928	0.290577	0.0673213	0.228724	-0.263711	-0.00759067	0.0824751	-0.175935	0.407934	0.0852896	-1.14827	-0.0255545	0.00557376	0.0951526	0.304889	1.0163	488.35	147.632	0.283692	18.0418	32.4656	0.299602	2.46551	61.1214	68.8958	0.420492	0.860235	0.343454	13.7347	4.06064	0.778189	3.9708	0.559358	9.49811	10.3761	0.580611	0	0	0	11.367	0	0	1.01189	0.209182	0.824078	0.0778155	1.06412	0.0333545	0.955354	0.0172637	0.822326	0.35374	1.04553	0.576434	1.14007	0	1.00589	0.762733	0.984388	1.11674	0.0276523	0.94793	-0.343271	0.254246	8.71058	0.00955898	0.596616	1.033	0.806487	0.859698	0.0718752	0.74635	1.46483	0.960293	1.86201e-19	1.3046	-0.053827	0	97.2335	-4.0118	0	-0.361159	-1.14593	1.52385	-0	-0	-0	-0	-0	-0	0	0	0	0	0	0	0.167955	0.997854	-0	122.759	729.335	-0	-66.6758	11.2226	953.802	1.30777	-4.64613e-15	0.09142	0	0	0	0	0	0	0	0	0	0
1.41	-0.340288	1.51896	0.896792	0.043366	-0.0217115	0.100106	0.812618	-0.818016	0.0298752	0.338676	1.41624	-0.0367299	-1.98268	0.0864308	-0.884305	-0.734466	5.64807	-0.295361	0.49135	0.083156	0.0116835	0.135144	0.0766142	0.116192	0.276976	0.110707	0.0100006	0.0619303	0.0218238	0.059208	0.677383	0.0580373	0.469191	0.0458454	0.0120405	0.0565232	0.0105492	0.110359	0.0101171	0.111252	0.0954017	0.148585	0.0687191	0.081555	0.0100044	0.0741811	0.0100404	0.0991836	0.0141545	0.049562	0.0913917	0.04672	0.222287	0.0563683	0.433582	0.433582	0.852008	-0.800116	0.0213219	0.287459	0.0116949	0.0116949	1.22524	0.0191584	0.00788674	0.0718922	0.076522	0.076522	0.740549	-0.59512	0.00474606	0.0347627	0.284444	0.284444	1.03852	0.568955	0.0232309	0.327461	-0.21376	0.01	0.815946	0.980821	0.00334022	0.0197188	-0.0226298	0.01	0.596254	-0.0266141	0.00221458	0.00908235	0.676583	0.676583	1.13799	-0.236416	0.0333108	0.56189	0.465668	0.465668	1.04194	-0.392367	0.0238431	0.340599	-0.595807	0.01	0.827573	0.570141	0.00317644	0.0180667	-0.021583	0.01	1.13073	1.34612	0.00602232	0.0493388	0.00600525	0.01	1.00863	1.71081	0.00424331	0.0292353	0.0957045	0.0957045	0.947003	-0.144388	0.0084904	0.0795529	-0.645781	0.01	0.765057	0.341827	0.00736729	0.0654508	-0.179617	0.01	0.977353	-0.703419	-0.0440358	0	0	0.01	0.998828	-0.705452	-0.0409126	0	-0.00946189	0.01	0.971803	1.74515	0.00474381	0.0347377	0.0893162	0.0893162	1.06182	-0.222924	0.00838452	0.0781947	0.188472	0.188472	0.825305	0.168336	0.0172934	0.211485	0	0	0	0	0	0	0	0	0	0	0	0	0	0	0	0	0	0	1.51896	0.896792	0	1.41624	-0.0367299	0	1.45232	0.920389	0	1.40825	-0.0593013	0	0	0	-0.340288	0	0	0.338676	1.43025	0.858079	0.0835	1.42935	-0.066773	0	1.38052	0.695518	0.0835	1.1621	0.014997	0	0	0	-0.296922	0	0	-1.644	1.31439	0.479408	0.0835	0.806814	0.123703	0	1.25591	0.302105	0.0835	0.530653	0.214801	0	0	0	-0.318633	0	0	-1.55757	1.12298	0.0406727	0.09142	0.0965874	0.471983	0	1.22711	0.04828	0.09142	0.115164	0.217721	0	0	0	-0.218528	0	0	-2.44188	1.43025	0.858079	-0.0835	1.42935	-0.066773	0	1.5076	0.706693	-0.0835	1.36943	-0.0973849	0	0	0	0.47233	0	0	-0.39579	1.61042	0.505437	-0.0835	1.28978	-0.138081	0	1.54716	0.329782	-0.0835	2.21237	-0.47035	0	0	0	-0.345686	0	0	5.25228	1.40533	0.0761466	-0.09142	3.53723	-1.19773	0	1.5097	0.0736042	-0.09142	3.54983	-0.680363	0	0	0	-0.315811	0	0	4.95692	1.45124	1.00723	0	1.37884	-0.0596666	0	1.52976	1.31889	0	1.27329	-0.0330727	0	0	0	-0.340288	0	0	0.338676	4.38981e-17	2.86681	3.79509	4.34634	0.410973	0.224103	0.866282	0.476704	4	1	0.0466164	0.0535494	-0.218776	-0.251314	0.187312	0.0879591	0.155265	0.0581165	0.084098	0.0278204	-0.00374449	-0.0609657	0.001708	-0.0237967	-0.124065	-0.12138	0.17684	0.00707061	0.142344	0.333297	0.190083	0.496257	-0.00278415	-0.349637	-0.00281503	-0.424482	-0.00997301	-0.00975719	-0.031328	0.00869823	0.284444	0.0574948	0.0970395	0.0116949	-0.15454	0.293548	0.0429949	0.231062	-0.266407	-0.0048478	0.0817425	-0.179617	0.412104	0.0544704	-1.1941	-0.021583	0.00600525	0.0957045	0.304889	1.0163	495.287	143.51	0.284509	18.3202	33.9147	0.301693	2.23351	64.8747	72.5082	0.415837	0.83788	0.340968	17.1184	3.57482	0.776495	3.97773	0.549892	9.17592	10.029	0.567387	0	0	0	9.98811	0	0	0.985115	0.211485	0.825305	0.0781947	1.06182	0.0347377	0.971803	0.0180667	0.827573	0.340599	1.04194	0.56189	1.13799	0	0.998828	0.765057	0.977353	1.13073	0.0292353	0.947003	-0.340288	0.338676	8.18945	0.00908235	0.596254	1.03852	0.815946	0.852008	0.0718922	0.740549	1.47796	0.959749	1.86201e-19	1.32127	-0.0553158	0	98.4757	-4.12276	0	-0.402018	-1.07415	1.54198	-0	-0	-0	-0	-0	-0	0	0	0	0	0	0	0.1719	0.970001	-0	125.642	708.977	-0	-64.8147	11.4862	927.445	1.30815	-4.64747e-15	0.09142	0	0	0	0	0	0	0	0	0	0
1.42	-0.336486	1.53336	0.896432	0.0230539	-0.0211293	0.0906181	0.802964	-0.759158	0.0265131	0.418886	1.46207	-0.0360542	-2.07636	0.0313304	-1.0084	-1.18128	6.10513	-0.355732	0.470761	0.0823488	0.0117107	0.135158	0.076461	0.115236	0.288096	0.11132	0.0100005	0.0626984	0.0203498	0.0591911	0.675834	0.0579027	0.466955	0.0456583	0.0117923	0.0569408	0.0104826	0.111624	0.0101029	0.113204	0.0955212	0.148282	0.060563	0.082022	0.0100039	0.0736473	0.0100355	0.0984832	0.0136464	0.0504949	0.0906051	0.0466205	0.215844	0.0565102	0.405836	0.405836	0.843738	-0.855572	0.0202588	0.26603	0.0117183	0.0117183	1.22537	0.00745981	0.00788131	0.0718242	0.0750578	0.0750578	0.734453	-0.624471	0.00463342	0.0335125	0.296243	0.296243	1.04428	0.590717	0.0239179	0.342214	-0.211102	0.01	0.826066	1.04397	0.00341524	0.0204844	-0.0242789	0.01	0.596083	-0.00694709	0.00217173	0.00872068	0.670795	0.670795	1.13535	-0.294216	0.0326673	0.54515	0.458502	0.458502	1.03769	-0.461198	0.0231578	0.325901	-0.584099	0.01	0.833687	0.653913	0.00325158	0.0188212	-0.01788	0.01	1.14369	1.24314	0.0062152	0.0516024	0.00641819	0.01	1.02633	1.82704	0.00450926	0.0321421	0.0953214	0.0953214	0.945075	-0.244014	0.00809058	0.074457	-0.71551	0.01	0.769437	0.534436	0.00709052	0.062071	-0.183298	0.01	0.97032	-0.703227	-0.0483254	0	0	0.01	0.991775	-0.705185	-0.0558766	0	-0.0120608	0.01	0.990095	1.92044	0.00485154	0.0359393	0.0847449	0.0847449	1.05956	-0.231908	0.00827348	0.0767772	0.187777	0.187777	0.827383	0.245478	0.0173371	0.212223	0	0	0	0	0	0	0	0	0	0	0	0	0	0	0	0	0	0	1.53336	0.896432	0	1.46207	-0.0360542	0	1.46662	0.919775	0	1.4523	-0.0640086	0	0	0	-0.336486	0	0	0.418886	1.4448	0.857382	0.0835	1.47843	-0.0731506	0	1.39238	0.695664	0.0835	1.21039	0.0137268	0	0	0	-0.313432	0	0	-1.65748	1.3227	0.480675	0.0835	0.854048	0.129223	0	1.2614	0.304327	0.0835	0.567279	0.228912	0	0	0	-0.334562	0	0	-1.62615	1.12405	0.045588	0.09142	0.117361	0.510199	0	1.22834	0.0505467	0.09142	0.130424	0.235455	0	0	0	-0.243944	0	0	-2.63455	1.4448	0.857382	-0.0835	1.47843	-0.0731506	0	1.52126	0.705545	-0.0835	1.36267	-0.131441	0	0	0	0.466478	0	0	-0.762397	1.6229	0.503692	-0.0835	1.20878	-0.208932	0	1.56903	0.324931	-0.0835	2.16385	-0.496727	0	0	0	-0.29268	0	0	5.34273	1.44075	0.0643331	-0.09142	3.54632	-1.16145	0	1.54512	0.0669732	-0.09142	3.53315	-0.640956	0	0	0	-0.266166	0	0	4.987	1.46522	1.00661	0	1.41592	-0.0645987	0	1.54255	1.31857	0	1.28525	-0.032203	0	0	0	-0.336486	0	0	0.418886	4.00825e-17	2.80956	3.63812	4.1948	0.393445	0.235553	0.862646	0.456084	4	1	0.0680159	0.0781317	-0.231711	-0.266173	0.185334	0.0937659	0.154023	0.0629773	0.0903907	0.0269421	-0.00365221	-0.0660647	0.00143945	-0.0230454	-0.132256	-0.129394	0.178411	0.00751947	0.140978	0.328131	0.189771	0.491401	-0.00268259	-0.344217	-0.00280171	-0.420329	-0.0106061	-0.0103766	-0.0323973	0.00811836	0.296243	0.058933	0.0917696	0.0117183	-0.157306	0.295202	0.0188646	0.232363	-0.267908	-0.00212703	0.0829954	-0.183298	0.414426	0.0238996	-1.23683	-0.01788	0.00641819	0.0953214	0.304889	1.0163	500.396	138.087	0.285067	18.4227	35.4437	0.30393	2.0254	68.5329	75.8516	0.412169	0.817582	0.332751	19.9374	3.18028	0.774687	3.96755	0.542678	9.11622	9.82002	0.551107	0	0	0	8.47631	0	0	0.954726	0.212223	0.827383	0.0767772	1.05956	0.0359393	0.990095	0.0188212	0.833687	0.325901	1.03769	0.54515	1.13535	0	0.991775	0.769437	0.97032	1.14369	0.0321421	0.945075	-0.336486	0.418886	7.85678	0.00872068	0.596083	1.04428	0.826066	0.843738	0.0718242	0.734453	1.49126	0.959175	-3.72401e-19	1.33829	-0.0597205	0	99.7443	-4.45106	0	-0.437539	-1.00138	1.53053	-0	-0	-0	-0	-0	-0	0	0	0	0	0	0	0.175014	0.938548	-0	127.919	685.988	-0	-62.713	11.6943	897.651	1.30855	-4.64892e-15	0.09142	0	0	0	0	0	0	0	0	0	0
1.43	-0.331908	1.54821	0.896053	0.00184967	-0.0211175	0.0799587	0.789424	-0.69898	0.0169129	0.49332	1.50586	-0.0412368	-2.15956	-0.028951	-1.11325	-1.42626	5.33954	-2.12637	0.448514	0.0814907	0.011725	0.13516	0.075994	0.114235	0.299928	0.111954	0.0100004	0.0635127	0.0190644	0.0591943	0.672259	0.0577375	0.462878	0.0454401	0.0115745	0.0574134	0.0104242	0.112758	0.0100905	0.115205	0.0953562	0.14783	0.0536645	0.0826716	0.0100034	0.0731137	0.0100312	0.0977831	0.0132011	0.0514456	0.0892911	0.046492	0.210516	0.0567414	0.377257	0.377257	0.834946	-0.904271	0.0191916	0.245387	0.0117283	0.0117283	1.22539	-0.00528198	0.0078682	0.07166	0.072431	0.072431	0.728077	-0.650817	0.00451295	0.0321827	0.308563	0.308563	1.05022	0.609098	0.0246228	0.357513	-0.207257	0.01	0.836795	1.10237	0.00348571	0.0212083	-0.0255158	0.01	0.596116	0.0145395	0.00214165	0.00846944	0.662246	0.662246	1.13211	-0.355793	0.031942	0.526726	0.448584	0.448584	1.03273	-0.532776	0.0224167	0.310201	-0.567029	0.01	0.840606	0.72895	0.00331868	0.0195	-0.0144377	0.01	1.15531	0.990042	0.00627185	0.0522701	0.00680286	0.01	1.04447	1.63834	0.0046513	0.0337105	0.0940147	0.0940147	0.942193	-0.320849	0.00776697	0.0703952	-0.7808	0.01	0.775531	0.65661	0.00673885	0.0578258	-0.186979	0.01	0.963289	-0.702834	-0.0522766	0	0	0.01	0.984724	-0.704934	-0.071595	0	-0.0118765	0.01	1.00874	1.45143	0.00436992	0.0306141	0.0804776	0.0804776	1.05664	-0.494153	0.00724992	0.0640133	0.187114	0.187114	0.830767	0.64327	0.018191	0.227033	0	0	0	0	0	0	0	0	0	0	0	0	0	0	0	0	0	0	1.54821	0.896053	0	1.50586	-0.0412368	0	1.48137	0.91909	0	1.49449	-0.0742109	0	0	0	-0.331908	0	0	0.49332	1.45983	0.856598	0.0835	1.52532	-0.0848363	0	1.40473	0.695774	0.0835	1.25735	0.00696791	0	0	0	-0.330059	0	0	-1.66624	1.33149	0.481973	0.0835	0.901108	0.129013	0	1.26726	0.306667	0.0835	0.603932	0.237887	0	0	0	-0.351176	0	0	-1.69519	1.12534	0.0508652	0.09142	0.139852	0.543291	0	1.22972	0.0529781	0.09142	0.145785	0.250142	0	0	0	-0.271217	0	0	-2.80844	1.45983	0.856598	-0.0835	1.52532	-0.0848363	0	1.53492	0.704082	-0.0835	1.38303	-0.154893	0	0	0	0.457516	0	0	-0.932939	1.63475	0.501325	-0.0835	1.19387	-0.248027	0	1.59011	0.320042	-0.0835	1.99272	-0.444758	0	0	0	-0.241464	0	0	4.4066	1.47504	0.0537629	-0.09142	3.10223	-0.830843	0	1.57921	0.0607429	-0.09142	3.08632	-0.593313	0	0	0	-0.224551	0	0	2.28023	1.47956	1.00592	0	1.45166	-0.0751019	0	1.55547	1.31823	0	1.29759	-0.0376547	0	0	0	-0.331908	0	0	0.49332	3.88857e-17	2.76608	3.48074	4.03142	0.335631	0.225334	0.94076	0.407225	4	1	0.088736	0.101933	-0.244933	-0.281362	0.184472	0.0982715	0.152131	0.0669572	0.0967936	0.0269411	-0.00351157	-0.0702398	0.0011662	-0.0230445	-0.138611	-0.135611	0.180605	0.00796586	0.139247	0.320572	0.189263	0.483976	-0.00255396	-0.336288	-0.00278002	-0.413978	-0.0112358	-0.0109926	-0.0331834	0.00766767	0.308563	0.0604888	0.0860434	0.0117283	-0.160217	0.295563	-0.00434879	0.232648	-0.268236	0.000490338	0.0863319	-0.186979	0.414933	-0.00550949	-1.27656	-0.0144377	0.00680286	0.0940147	0.545414	1.22565	505.487	131.465	0.298073	18.3386	37.0647	0.306301	1.90214	71.9473	78.6437	0.409369	0.799635	0.324394	21.7616	2.85577	0.772632	3.95754	0.527018	11.9141	9.65662	0.531715	0	0	0	6.75073	0	0.366718	0.922071	0.227033	0.830767	0.0640133	1.05664	0.0306141	1.00874	0.0195	0.840606	0.310201	1.03273	0.526726	1.13211	0	0.984724	0.775531	0.963289	1.15531	0.0337105	0.942193	-0.331908	0.49332	6.9657	0.00846944	0.596116	1.05022	0.836795	0.834946	0.07166	0.728077	1.50471	0.95855	-3.72401e-19	1.3451	-0.0635302	0	100.252	-4.735	0	-0.433428	-0.863578	0.785632	-0.341191	0.134427	-0	-249.378	98.2535	-0	8.98234	22.7981	162.627	1.65517	-5.88036e-15	-0.09142	0.177106	0.904902	-0	129.447	661.396	-0	-60.4648	11.8341	865.76	1.30899	-4.65046e-15	0.09142	0	0	0	0	0	0	0	0	0	0
1.44	-0.326519	1.56351	0.895568	-0.0203585	-0.0215874	0.0684613	0.776755	-0.67099	0.0132685	0.594049	1.55719	-0.0549081	-2.30077	-0.0541418	-1.19603	-1.1793	0.61051	3.35582	0.343966	0.0807841	0.0164031	0.135125	0.0667197	0.113221	0.296028	0.112703	0.0100004	0.0643705	0.0179429	0.0592167	0.666487	0.0575406	0.456795	0.0451911	0.0113833	0.0579288	0.399516	0.110616	0.0100795	0.116251	0.154742	0.147072	0.0478022	0.0833154	0.010003	0.0725805	0.449597	0.093169	0.0128108	0.0519158	0.0874325	0.0462038	0.206391	0.0572957	-0.085036	0.01	0.827705	-0.596385	0.0174633	0.214362	0.017189	0.017189	1.22507	-0.0206215	0.00812146	0.0748474	-0.102459	0.01	0.72161	-0.669312	0.00401423	0.0267655	0.281384	0.281384	1.05725	0.748019	0.0247189	0.35961	-0.266142	0.01	0.848096	1.16179	0.00355736	0.0219487	0	0.01	0.596342	0.0266876	0.00210445	0.00816177	0.65114	0.65114	1.12825	-0.417421	0.0311781	0.507792	0.436171	0.436171	1.02707	-0.600054	0.0216714	0.294652	-0.545037	0.01	0.848153	0.78122	0.00336344	0.0199552	0.571431	0.571431	1.13336	-2.26837	0.013548	0.152293	0.00495463	0.01	1.05395	0.255822	0.00342588	0.0205934	0.172675	0.172675	0.937362	-0.404776	0.0107146	0.109742	-0.279168	0.01	0.78157	0.548453	0.00615876	0.0509384	-0.178587	0.01	0.956264	-0.702037	-0.0522942	0	0.660552	0.660552	0.938258	-5.56323	-0.0440394	0	-0.00908997	0.01	1.01796	1.25287	0.00418884	0.0286451	0.0754558	0.0754558	1.05009	-0.233267	0.00794152	0.0725794	0.188393	0.188393	0.838883	0.169694	0.0165546	0.199289	0	0	0	0	0	0	0	0	0	0	0	0	0	0	0	0	0	0	1.56351	0.895568	0	1.55719	-0.0549081	0	1.49654	0.918245	0	1.54372	-0.0946883	0	0	0	-0.326519	0	0	0.594049	1.47534	0.855637	0.0835	1.58091	-0.107283	0	1.41755	0.695762	0.0835	1.30805	-0.00864535	0	0	0	-0.346877	0	0	-1.70672	1.34072	0.483223	0.0835	0.945304	0.122485	0	1.27347	0.309054	0.0835	0.638616	0.240896	0	0	0	-0.368464	0	0	-1.76086	1.12685	0.0564206	0.09142	0.163068	0.569629	0	1.23125	0.0555283	0.09142	0.160429	0.260932	0	0	0	-0.300003	0	0	-2.9569	1.47534	0.855637	-0.0835	1.58091	-0.107283	0	1.54932	0.702579	-0.0835	1.49133	-0.15058	0	0	0	0.450236	0	0	-0.585248	1.64767	0.499101	-0.0835	1.37225	-0.208139	0	1.60679	0.316931	-0.0835	1.37685	-0.209172	0	0	0	-0.220754	0	0	0.025262	1.49715	0.0485321	-0.09142	1.48767	-0.401095	0	1.60119	0.0572886	-0.09142	1.45807	-0.049343	0	0	0	-0.207485	0	0	3.38109	1.49427	1.00506	0	1.49215	-0.0960392	0	1.56849	1.31778	0	1.30638	-0.0519464	0	0	0	-0.326519	0	0	0.594049	1.67254e-16	2.60628	3.27798	3.86498	0.818854	0.561675	0.883465	0.422053	0	2	0.103539	0.118939	-0.258426	-0.296861	0.184561	0.101536	0.150287	0.0683841	0.103589	0.0274369	-0.00337448	-0.0717365	0.000876206	-0.0234687	-0.143215	-0.140116	0.183421	0.00837972	0.137125	0.310866	0.188537	0.474167	-0.00239619	-0.326106	-0.00274905	-0.405587	-0.0118195	-0.0115637	0	0	0.363098	-0.266142	-0.085036	0.017189	-0.102459	0	0	0	0	0	-0.279168	0.0858787	0	0	0	0.303243	0.00495463	-0.0592956	0.545414	1.22565	928.778	66.6325	0.470552	13.4272	34.4287	0.3088	1.82531	74.858	80.5138	0.407298	178.282	0.319944	41.4961	2.58192	0.770076	301.114	0.509142	8.67381	9.61626	0.626246	0	0	0	5.97522	0	0.24148	0.889187	0.199289	0.838883	0.0725794	1.05009	0.0286451	1.01796	0.0199552	0.848153	0.294652	1.02707	0.507792	1.12825	0	0.938258	0.78157	0.956264	1.13336	0.0205934	0.937362	-0.326519	0.594049	12.2244	0.00816177	0.596342	1.05725	0.848096	0.827705	0.0748474	0.72161	1.51802	0.957969	1.86201e-19	1.32078	-0.0535684	0	98.4399	-3.99253	0	-0.285023	-0.519178	-2.01986	-0.204806	0.127933	-0	-149.693	93.5065	-0	8.54837	13.685	156.844	1.67735	-5.95916e-15	-0.09142	0.180122	0.870752	-0	131.652	636.436	-0	-58.1829	12.0356	833.387	1.30946	-4.65214e-15	0.09142	0.660552	0	0.294703	-0.0265153	0.231971	-0.267455	0.00298968	0.413726	-0.0335924	-0.461848
1.45	-0.319993	1.57936	0.895004	-0.0440817	-0.0223351	0.0556353	0.764459	-0.674331	0.0362141	0.709073	1.61079	-0.057155	-2.43945	-0.0952001	-1.37333	-1.25802	-1.32485	0.911032	0.272562	0.0802484	0.017057	0.135104	0.0588813	0.112131	0.293221	0.11352	0.0100003	0.0652785	0.0169629	0.0592487	0.658566	0.0573116	0.448749	0.0449115	0.0112154	0.0584922	0.49201	0.108582	0.0100699	0.116219	0.166008	0.146524	0.0427929	0.0839111	0.0100026	0.0720481	0.560046	0.0874792	0.0124685	0.0527601	0.0853733	0.0464661	0.203139	0.0571415	-0.0871988	0.01	0.822217	-0.528022	0.0149497	0.173984	0.0171623	0.0171623	1.22487	-0.0209793	0.00815188	0.0752326	-0.108326	0.01	0.714665	-0.718126	0.00351967	0.0215586	0.283351	0.283351	1.06491	0.780706	0.0246416	0.357924	-0.260528	0.01	0.860059	1.23081	0.0036386	0.0227936	0	0.01	0.596664	0.0397798	0.00207587	0.0079278	0.637679	0.637679	1.12376	-0.484058	0.0303325	0.487323	0.42153	0.42153	1.02072	-0.676142	0.0208385	0.277623	-0.518657	0.01	0.856401	0.878848	0.00345766	0.0209196	0.557189	0.557189	1.11252	-1.94106	0.017223	0.210301	0.00556862	0.01	1.05366	-0.317517	0.00257735	0.0122972	0.169092	0.169092	0.933869	-0.315083	0.011703	0.124197	-0.265182	0.01	0.787158	0.568053	0.0057961	0.0467037	-0.175551	0.01	0.949251	-0.700564	-0.0483425	0	0.648287	0.648287	0.880959	-5.26527	0.003557	0.021945	-0.00193057	0.01	1.03451	1.18533	0.00433501	0.0302331	0.07258	0.07258	1.05605	0.935579	0.0105829	0.107861	0.188785	0.188785	0.836625	-0.405456	0.0128378	0.14137	0	0	0	0	0	0	0	0	0	0	0	0	0	0	0	0	0	0	1.57936	0.895004	0	1.61079	-0.057155	0	1.51224	0.917243	0	1.59502	-0.104742	0	0	0	-0.319993	0	0	0.709073	1.49145	0.854499	0.0835	1.63951	-0.119485	0	1.43092	0.695642	0.0835	1.36463	-0.0147378	0	0	0	-0.364075	0	0	-1.73037	1.35044	0.484455	0.0835	0.999195	0.124514	0	1.28008	0.311521	0.0835	0.683491	0.252963	0	0	0	-0.38641	0	0	-1.82557	1.12864	0.0623232	0.09142	0.195827	0.611489	0	1.23296	0.0582193	0.09142	0.182699	0.277772	0	0	0	-0.330775	0	0	-3.1989	1.49145	0.854499	-0.0835	1.63951	-0.119485	0	1.56455	0.701016	-0.0835	1.55525	-0.159611	0	0	0	0.444466	0	0	-0.548948	1.66172	0.496974	-0.0835	1.44325	-0.212955	0	1.61918	0.315185	-0.0835	1.10261	-0.133245	0	0	0	-0.229865	0	0	-1.87379	1.50782	0.0465036	-0.09142	0.62811	0.0244771	0	1.61172	0.0566986	-0.09142	0.637925	-0.0755579	0	0	0	-0.193651	0	0	-0.962763	1.5094	1.00404	0	1.53347	-0.106756	0	1.58159	1.31724	0	1.31139	-0.0555734	0	0	0	-0.319993	0	0	0.709073	8.07523e-17	2.39808	3.03211	3.68494	1.13467	0.979976	1.02302	0.452332	0	2	0.103138	0.118477	-0.272254	-0.312746	0.185359	0.102654	0.148655	0.0687173	0.111153	0.0285748	-0.00325317	-0.0720861	0.000553386	-0.0244419	-0.144792	-0.141659	0.186834	0.00876949	0.134582	0.299318	0.187577	0.462203	-0.00220717	-0.313992	-0.0027081	-0.395353	-0.0123693	-0.0121016	0	0	0.369381	-0.260528	-0.0871988	0.0171623	-0.108326	0	0	0	0	0	-0.265182	0.0847224	0	0	0	0.31189	0.00556862	-0.0612832	0.545414	1.22565	1008.35	48.8283	0.480649	12.0827	34.0114	0.311444	1.75852	77.5345	82.0831	0.405905	207.343	0.645471	39.8918	2.34817	0.766683	364.298	0.48778	4.99206	17.5401	0.730094	0	0	0	4.7133	0	0.279498	0.854315	0.14137	0.836625	0.107861	1.05605	0.0302331	1.03451	0.0209196	0.856401	0.277623	1.02072	0.487323	1.12376	0.021945	0.880959	0.787158	0.949251	1.11252	0.0122972	0.933869	-0.319993	0.709073	12.6402	0.0079278	0.596664	1.06491	0.860059	0.822217	0.0752326	0.714665	1.53123	0.957423	1.86201e-19	1.32144	-0.0544905	0	98.4889	-4.06125	0	-0.272456	-0.329825	-3.15244	-0.196257	0.199003	-0	-143.445	145.452	-0	13.2972	13.1138	245.826	1.69009	-6.0044e-15	-0.09142	0.179063	0.835339	-0	130.878	610.552	-0	-55.8166	11.9649	799.785	1.30994	-4.65383e-15	0.09142	0.648287	0	0.292676	-0.047377	0.230375	-0.265616	0.0053419	0.41088	-0.0600221	-0.436889
1.46	-0.312121	1.59585	0.894536	-0.0695616	-0.0232433	0.0401086	0.746911	-0.687184	0.0541235	0.869519	1.69167	-0.0291616	-2.66051	-0.0853636	-1.77671	-2.52276	-0.486182	2.37065	0.221169	0.0797001	0.0174271	0.13508	0.0522383	0.110953	0.291039	0.114377	0.0100003	0.0662391	0.0161055	0.059289	0.648475	0.0570448	0.438737	0.0445917	0.0110679	0.0591502	0.51121	0.10675	0.0100614	0.115784	0.166285	0.145964	0.0384957	0.0846656	0.0100023	0.0715172	0.592681	0.0853361	0.012168	0.0532391	0.0831503	0.0469906	0.200783	0.0567721	-0.0889799	0.01	0.816599	-0.624196	0.0122295	0.132106	0.0176327	0.0176327	1.22466	-0.0207364	0.0081649	0.0753976	-0.114439	0.01	0.707159	-0.788684	0.00304316	0.0167434	0.281975	0.281975	1.07296	0.835146	0.0246081	0.357191	-0.254614	0.01	0.872715	1.30472	0.00372477	0.0236954	0	0.01	0.597069	0.0384614	0.00202953	0.00755287	0.622189	0.622189	1.11853	-0.571126	0.0292727	0.46227	0.405085	0.405085	1.01345	-0.794255	0.0197321	0.255719	-0.48871	0.01	0.866035	1.08729	0.00366504	0.0230696	0.518065	0.518065	1.09375	-1.84447	0.0181893	0.227003	0.00453051	0.01	1.04972	-0.214493	0.00265279	0.0129957	0.164595	0.164595	0.930301	-0.483436	0.0108699	0.111974	-0.252924	0.01	0.794236	1.00135	0.00593527	0.0483223	-0.171656	0.01	0.942255	-0.698357	-0.0423478	0	0.607788	0.607788	0.859377	-0.677429	0.0256572	0.380232	0.00697598	0.01	1.0439	1.085	0.00437319	0.0306498	0.0692272	0.0692272	1.06797	1.64842	0.01118	0.116477	0.190716	0.190716	0.831216	-0.76648	0.0109682	0.113395	0	0	0	0	0	0	0	0	0	0	0	0	0	0	0	0	0	0	1.59585	0.894536	0	1.69167	-0.0291616	0	1.52857	0.916246	0	1.6728	-0.0876664	0	0	0	-0.312121	0	0	0.869519	1.50827	0.85334	0.0835	1.7275	-0.105316	0	1.44495	0.695573	0.0835	1.44494	0.0080935	0	0	0	-0.381683	0	0	-1.79099	1.36076	0.485836	0.0835	1.0693	0.158861	0	1.28721	0.314235	0.0835	0.747313	0.296868	0	0	0	-0.404926	0	0	-1.87636	1.13084	0.0688207	0.09142	0.248117	0.697823	0	1.23496	0.0611685	0.09142	0.220163	0.317458	0	0	0	-0.364817	0	0	-3.65306	1.50827	0.85334	-0.0835	1.7275	-0.105316	0	1.57987	0.699157	-0.0835	1.47259	-0.2237	0	0	0	0.43479	0	0	-1.65324	1.67507	0.494184	-0.0835	1.13372	-0.381082	0	1.62845	0.313399	-0.0835	0.746948	-0.281335	0	0	0	-0.252394	0	0	-2.13943	1.51161	0.0462861	-0.09142	0.250206	-0.164315	0	1.61556	0.056001	-0.09142	0.24796	-0.140279	0	0	0	-0.19827	0	0	0.231226	1.52504	1.00302	0	1.59735	-0.0907303	0	1.59476	1.31677	0	1.32453	-0.0301123	0	0	0	-0.312121	0	0	0.869519	1.11691e-16	2.08948	2.72392	3.45176	1.51353	3.5658	1.13453	0.668925	0	2	0.0937784	0.107726	-0.286391	-0.328985	0.18671	0.103012	0.147053	0.0674716	0.119565	0.0295632	-0.0031341	-0.0707793	0.000194384	-0.0252874	-0.145297	-0.142153	0.19081	0.00913574	0.13157	0.286401	0.186363	0.448433	-0.00198334	-0.300441	-0.00265628	-0.383575	-0.0128859	-0.012607	0	0	0.376745	-0.254614	-0.0889799	0.0176327	-0.114439	0	0	0	0	0	-0.252924	0.083567	0	0	0	0.29555	0.00453051	-0.0633226	0.545414	1.22565	972.801	42.0369	0.491429	11.0051	33.3917	0.314243	1.70038	80.6826	84.5595	0.405331	211.602	0.553854	46.0889	2.15214	0.762389	317.318	0.473148	4.72319	21.9982	0.74789	0	0	0	4.89102	0	0.358296	0.805597	0.113395	0.831216	0.116477	1.06797	0.0306498	1.0439	0.0230696	0.866035	0.255719	1.01345	0.46227	1.11853	0.380232	0.859377	0.794236	0.942255	1.09375	0.0129957	0.930301	-0.312121	0.869519	17.5137	0.00755287	0.597069	1.07296	0.872715	0.816599	0.0753976	0.707159	1.54444	0.956896	1.86201e-19	1.31904	-0.050848	0	98.3103	-3.78977	0	-0.411333	-0.0245438	-4.42115	-0.240484	0.265601	-0	-175.771	194.129	-0	17.7472	16.0689	328.752	1.69348	-6.01643e-15	-0.09142	0.181806	0.784814	-0	132.883	573.623	-0	-52.4406	12.1481	751.756	1.31054	-4.65597e-15	0.09142	0.607788	0	0.289553	-0.0670378	0.227917	-0.262782	0.00755871	0.406496	-0.0849304	-0.416336
1.47	-0.302543	1.61324	0.894489	-0.097232	-0.0242234	0.0196144	0.711453	-0.679752	0.0851547	1.03846	1.78326	0.0175749	-2.85785	-0.118652	-2.30067	-4.50144	1.83898	4.30591	0.182684	0.078998	0.0178814	0.135055	0.0465798	0.109664	0.288251	0.115301	0.0100003	0.0672594	0.0153551	0.0593294	0.636502	0.0567219	0.427036	0.0442	0.0109383	0.0600025	0.505473	0.104927	0.010054	0.115938	0.165398	0.144846	0.0347971	0.0861567	0.010002	0.0709881	0.576716	0.0848493	0.0119443	0.0540837	0.079247	0.0479333	0.206964	0.056016	-0.0903299	0.01	0.809405	-0.829357	0.00971496	0.0957626	0.0179852	0.0179852	1.22443	-0.0257928	0.00817541	0.0755309	-0.121018	0.01	0.69894	-0.853794	0.00262125	0.0127025	0.275989	0.275989	1.08162	0.894898	0.0245201	0.355274	-0.248355	0.01	0.886158	1.38569	0.00381795	0.0246771	0	0.01	0.597477	0.0469333	0.00200459	0.00735343	0.60509	0.60509	1.11219	-0.710117	0.0277948	0.428191	0.387312	0.387312	1.00454	-1.01007	0.0181115	0.225621	-0.456119	0.01	0.878514	1.42286	0.00399405	0.0265497	0.479878	0.479878	1.07507	-1.93186	0.0176584	0.217703	0.00270627	0.01	1.05111	0.50263	0.00365966	0.0230134	0.159749	0.159749	0.923173	-0.975482	0.00885336	0.0842586	-0.2402	0.01	0.808224	1.81823	0.00642336	0.0540625	-0.166953	0.01	0.935284	-0.695664	-0.0361629	0	0.512015	0.512015	0.854474	-0.464892	0.0269586	0.409262	0.00124731	0.01	1.06046	2.5102	0.00593262	0.0482915	0.0458037	0.0458037	1.08939	2.92482	0.0120232	0.128994	0.215407	0.215407	0.820146	-1.61708	0.00818943	0.0757086	0	0	0	0	0	0	0	0	0	0	0	0	0	0	0	0	0	0	1.61324	0.894489	0	1.78326	0.0175749	0	1.54575	0.915554	0	1.76139	-0.0525097	0	0	0	-0.302543	0	0	1.03846	1.52606	0.852456	0.0835	1.82691	-0.0729616	0	1.45989	0.695861	0.0835	1.542	0.0474201	0	0	0	-0.399775	0	0	-1.81939	1.37193	0.487681	0.0835	1.16324	0.207457	0	1.29512	0.317513	0.0835	0.833449	0.356318	0	0	0	-0.423998	0	0	-1.93805	1.13368	0.0763794	0.09142	0.321538	0.810318	0	1.23742	0.0646145	0.09142	0.27167	0.370601	0	0	0	-0.404384	0	0	-4.23872	1.52606	0.852456	-0.0835	1.82691	-0.0729616	0	1.59365	0.696472	-0.0835	1.28674	-0.307037	0	0	0	0.408911	0	0	-3.46298	1.68351	0.489105	-0.0835	0.568632	-0.61822	0	1.63356	0.309211	-0.0835	0.276484	-0.537101	0	0	0	-0.270841	0	0	-1.624	1.51279	0.0425549	-0.09142	-0.0178088	-0.580709	0	1.61661	0.0535771	-0.09142	-0.0473694	-0.302275	0	0	0	-0.185686	0	0	2.68191	1.5414	1.00229	0	1.67131	-0.0570319	0	1.6081	1.3167	0	1.34482	0.0122396	0	0	0	-0.302543	0	0	1.03846	7.77715e-17	1.88797	2.42548	3.14115	1.45259	3.80936	1.22928	0.638736	0	2	0.0794527	0.0912694	-0.300922	-0.345677	0.188911	0.110201	0.144986	0.0562548	0.128138	0.0251827	-0.00298051	-0.0590126	-0.00017146	-0.0215405	-0.155437	-0.152073	0.19531	0.0094652	0.128059	0.272604	0.184874	0.433278	-0.0017224	-0.285968	-0.00259272	-0.370611	-0.0133506	-0.0130616	0	0	0.384467	-0.248355	-0.0903299	0.0179852	-0.121018	0	0	0	0	0	-0.2402	0.0824134	0	0	0	0.280031	0.00270627	-0.0648996	0.545414	1.22565	936.648	38.9405	0.517224	9.95696	32.3757	0.317215	1.64961	85.478	89.2898	0.405945	211.995	0.320697	59.2573	1.9983	0.75751	256.709	0.455946	3.79609	29.8853	0.700804	0	0	0	3.82508	0	0.451295	0.73645	0.0757086	0.820146	0.128994	1.08939	0.0482915	1.06046	0.0265497	0.878514	0.225621	1.00454	0.428191	1.11219	0.409262	0.854474	0.808224	0.935284	1.07507	0.0230134	0.923173	-0.302543	1.03846	15.712	0.00735343	0.597477	1.08162	0.886158	0.809405	0.0755309	0.69894	1.55757	0.956424	1.86201e-19	1.30807	-0.0429217	0	97.4926	-3.19901	0	-0.62877	0.407135	-6.17828	-0.274819	0.357968	-0	-200.866	261.64	-0	23.9191	18.3632	443.414	1.69475	-6.02096e-15	-0.09142	0.175159	0.715317	-0	128.024	522.828	-0	-47.7969	11.704	685.537	1.31121	-4.65835e-15	0.09142	0.512015	0	0.2854	-0.0855535	0.224648	-0.259013	0.00964641	0.400666	-0.108388	-0.400757
1.48	-0.291417	1.63149	0.894845	-0.126518	-0.0257708	-0.00578267	0.657382	-0.649261	0.137208	1.17646	1.86058	0.0488352	-2.98432	-0.192389	-2.74626	-6.17637	4.12896	5.76587	0.153043	0.078084	0.0179763	0.13502	0.0417431	0.108289	0.284837	0.116275	0.0100002	0.0683377	0.0146982	0.0593875	0.622923	0.0563116	0.413924	0.0436945	0.0108245	0.0610802	0.491211	0.102946	0.0100475	0.116873	0.163648	0.142938	0.0316073	0.0884708	0.0100018	0.0704612	0.584343	0.0841309	0.0182778	0.0558442	0.0745617	0.049598	0.220962	0.0544319	-0.091712	0.01	0.800041	-1.04496	0.00767212	0.0692149	0.0179916	0.0179916	1.22411	-0.0400281	0.00814764	0.0751789	-0.128216	0.01	0.69018	-0.89542	0.00226769	0.0095363	0.27066	0.27066	1.09076	0.927237	0.0243339	0.351224	-0.241732	0.01	0.900365	1.45368	0.00389905	0.0255368	0	0.01	0.598061	0.0725459	0.00201357	0.0074251	0.587435	0.587435	1.10415	-0.916524	0.0259517	0.386759	0.36933	0.36933	0.993056	-1.30583	0.0161623	0.19299	-0.42296	0.01	0.894292	1.72926	0.00429059	0.0297492	0.443149	0.443149	1.05478	-2.1354	0.0162477	0.194353	0.00161556	0.01	1.05959	1.18699	0.00449487	0.0319838	0.153297	0.153297	0.911011	-1.45248	0.00725285	0.0640491	-0.218232	0.01	0.829932	2.50269	0.00680411	0.0586095	-0.161461	0.01	0.928342	-0.692725	-0.0300641	0	0.638957	0.638957	0.84724	-1.19176	0.0218295	0.297928	0.0224521	0.0224521	1.09498	4.17196	0.00851137	0.0798226	0.0676883	0.0676883	1.12723	4.30922	0.0129422	0.142969	0.200871	0.200871	0.796953	-2.91248	0.00478951	0.0352468	0	0	0	0	0	0	0	0	0	0	0	0	0	0	0	0	0	0	1.63149	0.894845	0	1.86058	0.0488352	0	1.56377	0.915158	0	1.83668	-0.0308335	0	0	0	-0.291417	0	0	1.17646	1.54478	0.851845	0.0835	1.91117	-0.0531758	0	1.47578	0.696477	0.0835	1.63029	0.0715638	0	0	0	-0.417935	0	0	-1.80786	1.38405	0.489929	0.0835	1.25688	0.237394	0	1.3039	0.321308	0.0835	0.919593	0.397711	0	0	0	-0.443706	0	0	-2.00025	1.1373	0.0849752	0.09142	0.401302	0.901639	0	1.24041	0.0685448	0.09142	0.323315	0.412264	0	0	0	-0.449489	0	0	-4.7465	1.54478	0.851845	-0.0835	1.91117	-0.0531758	0	1.60561	0.693103	-0.0835	1.11747	-0.357344	0	0	0	0.365965	0	0	-4.99991	1.68649	0.482069	-0.0835	0.0623198	-0.761708	0	1.6343	0.302811	-0.0835	-0.0938053	-0.716256	0	0	0	-0.283296	0	0	-0.870952	1.51193	0.0348051	-0.09142	-0.128858	-0.923098	0	1.61524	0.0499287	-0.09142	-0.202886	-0.417444	0	0	0	-0.146088	0	0	4.89491	1.55845	1.00184	0	1.73471	-0.0370915	0	1.62165	1.31697	0	1.36397	0.0372653	0	0	0	-0.291417	0	0	1.17646	9.91395e-17	1.74717	2.14409	2.78821	1.23686	3.07498	1.30431	0.51952	0	2	0.0614483	0.0705872	-0.315818	-0.362788	0.19419	0.0967337	0.140347	0.0637826	0.132378	0.0235631	-0.00263573	-0.0669095	-0.000352408	-0.0201551	-0.136442	-0.133489	0.200219	0.00968616	0.124052	0.258939	0.183098	0.417703	-0.00142457	-0.271634	-0.00251696	-0.357289	-0.0136622	-0.0133666	0	0	0.392713	-0.241732	-0.091712	0.0179916	-0.128216	0	0	0	0	0	-0.218232	0.0812629	0	0	0	0.266051	0.00161556	-0.0673131	0.545414	1.22565	1075.68	35.5408	0.55981	8.87854	31.3541	0.320356	1.60556	91.8872	93.9108	0.407817	210.85	0.316801	66.5046	1.87977	0.752349	380.236	0.787466	3.97473	33.3664	0.673089	0	0	0	1.53534	0	0.394492	0.658624	0.0352468	0.796953	0.142969	1.12723	0.0798226	1.09498	0.0297492	0.894292	0.19299	0.993056	0.386759	1.10415	0.297928	0.84724	0.829932	0.928342	1.05478	0.0319838	0.911011	-0.291417	1.17646	11.7586	0.0074251	0.598061	1.09076	0.900365	0.800041	0.0751789	0.69018	1.57062	0.956019	1.86201e-19	1.30279	-0.0393514	0	97.0985	-2.93292	0	-0.77279	0.772142	-7.46055	-0.170189	0.355893	-0	-124.391	260.123	-0	23.7805	11.3719	441.015	1.69541	-6.02329e-15	-0.09142	0.163091	0.638112	-0	119.204	466.398	-0	-42.6381	10.8976	611.898	1.31197	-4.66104e-15	0.09142	0.433687	0.20527	0.28027	-0.103172	0.22061	-0.254357	0.011633	0.393464	-0.130709	-0.384807
1.49	-0.279123	1.6504	0.895399	-0.156707	-0.028135	-0.035076	0.589378	-0.597994	0.193605	1.27149	1.91625	0.0589383	-3.03895	-0.278407	-3.0901	-7.30313	5.99246	5.29374	0.129656	0.0769791	0.0180445	0.134965	0.0375903	0.106867	0.281691	0.117266	0.0100002	0.0694581	0.0141227	0.059475	0.607904	0.0557798	0.399488	0.0430491	0.0107245	0.0623427	0.471231	0.100777	0.0100417	0.118493	0.160733	0.140366	0.0288474	0.091393	0.0100016	0.0699365	0.668807	0.0823489	0.0598743	0.0576359	0.124451	0.050959	0.206035	0.0522426	-0.0934816	0.01	0.78872	-1.21356	0.00615075	0.0508443	0.0180656	0.0180656	1.22362	-0.0586918	0.00810459	0.0746341	-0.136004	0.01	0.681112	-0.914179	0.00196823	0.00706583	0.269178	0.269178	1.10006	0.927964	0.0241045	0.346249	-0.234698	0.01	0.915127	1.49455	0.00395466	0.026129	0	0.01	0.598942	0.10506	0.00203886	0.00762786	0.567886	0.567886	1.09372	-1.18888	0.0239236	0.342337	0.349205	0.349205	0.978389	-1.64566	0.01416	0.161755	-0.386603	0.01	0.912778	1.96392	0.00451888	0.0322479	0.405638	0.405638	1.03256	-2.3033	0.0147257	0.170514	0.00299201	0.01	1.07428	1.7347	0.00525119	0.0404454	0.143807	0.143807	0.894621	-1.81596	0.00608016	0.050016	-0.178924	0.01	0.857346	2.94848	0.00701181	0.0611161	-0.155139	0.01	0.921429	-0.689665	-0.0245804	0	0.767129	0.767129	0.829294	-2.33839	0.0177727	0.21968	0.0701673	0.0701673	1.13012	4.06114	0.0124758	0.135842	0.142569	0.142569	1.15816	2.89236	0.015699	0.185666	0.137007	0.137007	0.7649	-3.36267	0.00302693	0.0165836	0	0	0	0	0	0	0	0	0	0	0	0	0	0	0	0	0	0	1.6504	0.895399	0	1.91625	0.0589383	0	1.58244	0.914877	0	1.89149	-0.0274772	0	0	0	-0.279123	0	0	1.27149	1.56423	0.851336	0.0835	1.97228	-0.0506328	0	1.49246	0.697227	0.0835	1.6999	0.0762133	0	0	0	-0.43583	0	0	-1.76745	1.39705	0.492354	0.0835	1.33779	0.244844	0	1.3135	0.325391	0.0835	0.996211	0.415771	0	0	0	-0.463965	0	0	-2.04586	1.14173	0.0943178	0.09142	0.481772	0.961562	0	1.24389	0.0728007	0.09142	0.371261	0.436863	0	0	0	-0.499041	0	0	-5.13596	1.56423	0.851336	-0.0835	1.97228	-0.0506328	0	1.61613	0.689452	-0.0835	0.995857	-0.363682	0	0	0	0.310255	0	0	-6.03163	1.68512	0.474242	-0.0835	-0.30221	-0.779854	0	1.63214	0.295218	-0.0835	-0.309223	-0.777779	0	0	0	-0.287738	0	0	-0.0391753	1.5106	0.0247404	-0.09142	-0.122997	-1.05092	0	1.61298	0.0452082	-0.09142	-0.230546	-0.512977	0	0	0	-0.0941328	0	0	5.25456	1.57605	1.00149	0	1.78136	-0.0355953	0	1.63538	1.31737	0	1.37972	0.0398361	0	0	0	-0.279123	0	0	1.27149	4.38373e-17	1.62183	1.87911	2.4312	1.09445	2.67774	1.70779	0.440276	0	2	0.0410973	0.0472096	-0.330948	-0.380168	0.192721	0.0686201	0.144569	0.0947881	0.139991	0.0248693	-0.00294947	-0.099435	-0.00067731	-0.0212724	-0.0967879	-0.0946933	0.205583	0.0101543	0.119553	0.243974	0.181034	0.400865	-0.00109018	-0.255935	-0.00242884	-0.342887	-0.0143225	-0.0140125	0	0	0.40154	-0.234698	-0.0934816	0.0180656	-0.136004	0	0	0	0	0	-0.178924	0.0801164	0	0	0	0.252142	0.00299201	-0.0720419	0.545414	1.22565	1220.37	31.4405	0.615103	7.82092	30.6312	0.32362	1.56753	98.8682	96.4159	0.410713	204.286	0.310166	68.1643	1.78599	0.747063	526.438	2.59445	7.76993	27.6362	0.731867	0	0	0	1.1998	0	0.43259	0.579643	0.0165836	0.7649	0.185666	1.15816	0.135842	1.13012	0.0322479	0.912778	0.161755	0.978389	0.342337	1.09372	0.21968	0.829294	0.857346	0.921429	1.03256	0.0404454	0.894621	-0.279123	1.27149	7.3507	0.00762786	0.598942	1.10006	0.915127	0.78872	0.0746341	0.681112	1.58366	0.955614	1.86201e-19	1.30563	-0.0412028	0	97.3102	-3.0709	0	-0.81969	1.01971	-8.08976	-0.0973836	0.421486	-0	-71.178	308.066	-0	28.1634	6.50709	522.264	1.6953	-6.02292e-15	-0.09142	0.146722	0.560766	-0	107.24	409.866	-0	-37.4699	9.80384	538.067	1.31279	-4.66396e-15	0.09142	0.419457	0.347671	0.274221	-0.120726	0.215849	-0.248867	0.0136122	0.384972	-0.152948	-0.364386
1.5	-0.266076	1.66977	0.895981	-0.187157	-0.0313079	-0.0675611	0.512272	-0.530633	0.24353	1.33074	1.95437	0.0556811	-3.04321	-0.352529	-3.39042	-8.03894	7.35427	4.62427	0.110897	0.0757435	0.0180563	0.134892	0.0340165	0.105429	0.27786	0.118254	0.0100002	0.0705976	0.0136184	0.0595939	0.590787	0.0550968	0.383056	0.0422494	0.0106367	0.0637486	0.445058	0.0984785	0.0100367	0.120624	0.156325	0.1373	0.0264566	0.0946824	0.0100014	0.0694142	0.697475	0.0796953	0.0827896	0.0599322	0.158782	0.0521763	0.190543	0.0499743	-0.0957851	0.01	0.776061	-1.30949	0.00507528	0.0384528	0.0180332	0.0180332	1.22295	-0.0746485	0.00805382	0.0739929	-0.144182	0.01	0.671952	-0.91595	0.00170773	0.00512347	0.261405	0.261405	1.10933	0.919748	0.0238228	0.340161	-0.227264	0.01	0.930139	1.50353	0.00397989	0.0263983	0	0.01	0.60014	0.134181	0.00206309	0.0078238	0.543432	0.543432	1.08033	-1.504	0.0218612	0.298586	0.323338	0.323338	0.960214	-1.999	0.0122851	0.132948	-0.340988	0.01	0.933361	2.1532	0.00470522	0.0343087	0.356979	0.356979	1.009	-2.41022	0.0134094	0.150155	0.00449707	0.01	1.0936	2.10929	0.00591502	0.0480863	0.131027	0.131027	0.875082	-2.08938	0.00514687	0.039262	-0.124593	0.01	0.888203	3.20451	0.0070873	0.0620319	-0.146722	0.01	0.914548	-0.686544	-0.0199827	0	0.707146	0.707146	0.802571	-2.9771	0.0148198	0.171972	0.0935681	0.0935681	1.17514	4.70386	0.0152223	0.178219	0.177734	0.177734	1.18583	2.61338	0.0178729	0.221424	0.110863	0.110863	0.731688	-3.22174	0.00282617	0.0146345	0	0	0	0	0	0	0	0	0	0	0	0	0	0	0	0	0	0	1.66977	0.895981	0	1.95437	0.0556811	0	1.60156	0.914571	0	1.92963	-0.0350916	0	0	0	-0.266076	0	0	1.33074	1.58418	0.850797	0.0835	2.01449	-0.0582211	0	1.50974	0.697961	0.0835	1.75277	0.0692524	0	0	0	-0.453233	0	0	-1.71246	1.41078	0.494779	0.0835	1.40482	0.238717	0	1.32382	0.32957	0.0835	1.06367	0.4183	0	0	0	-0.484541	0	0	-2.06499	1.14696	0.104138	0.09142	0.563781	0.998884	0	1.24784	0.0772329	0.09142	0.417003	0.44856	0	0	0	-0.552102	0	0	-5.45541	1.58418	0.850797	-0.0835	2.01449	-0.0582211	0	1.62561	0.685923	-0.0835	0.908487	-0.336154	0	0	0	0.246196	0	0	-6.70819	1.68069	0.466738	-0.0835	-0.561851	-0.70564	0	1.6283	0.287539	-0.0835	-0.446075	-0.739489	0	0	0	-0.284437	0	0	0.646079	1.50958	0.0140947	-0.09142	-0.0848048	-1.04946	0	1.61072	0.0399801	-0.09142	-0.22123	-0.516401	0	0	0	-0.0409067	0	0	5.27035	1.59405	1.00109	0	1.81449	-0.045091	0	1.64924	1.31772	0	1.39314	0.0283645	0	0	0	-0.266076	0	0	1.33074	3.88857e-17	1.50388	1.63481	2.089	1.03545	2.52702	2.14557	0.407009	0	2	0.019888	0.0228459	-0.346145	-0.397626	0.189203	0.0550412	0.153009	0.10236	0.144311	0.0252121	-0.00357684	-0.107378	-0.000861655	-0.0215656	-0.077635	-0.0759549	0.211849	0.0111979	0.114408	0.224725	0.178628	0.380257	-0.00070771	-0.235742	-0.00232616	-0.325259	-0.0157945	-0.0154527	0	0	0.410684	-0.227264	-0.0957851	0.0180332	-0.144182	0	0	0	0	0	-0.124593	0.0789746	0	0	0	0.237034	0.00449707	-0.0791012	0.545414	1.22565	1208.16	27.1137	0.659729	6.83991	29.433	0.32694	1.53481	104.641	95.8385	0.414419	192.231	0.301498	66.3888	1.70907	0.741726	529.949	3.42407	9.86517	24.2058	0.728062	0	0	0	3.68684	0	0.567367	0.503414	0.0146345	0.731688	0.221424	1.18583	0.178219	1.17514	0.0343087	0.933361	0.132948	0.960214	0.298586	1.08033	0.171972	0.802571	0.888203	0.914548	1.009	0.0480863	0.875082	-0.266076	1.33074	2.57212	0.0078238	0.60014	1.10933	0.930139	0.776061	0.0739929	0.671952	1.59674	0.95519	-3.72401e-19	1.31098	-0.0429394	0	97.7094	-3.20033	0	-0.78356	1.19604	-8.42385	-0.0445069	0.565618	-0	-32.5302	413.412	-0	37.4944	2.95032	690.417	1.67005	-5.93319e-15	-0.0906949	0.13082	0.486119	-0	95.6167	355.306	-0	-32.4821	8.74128	466.766	1.3137	-4.66721e-15	0.09142	0.410903	0.296242	0.266954	-0.147009	0.210129	-0.242272	0.0165756	0.37477	-0.186246	-0.337803
1.51	-0.253062	1.68924	0.896632	-0.216175	-0.0358608	-0.10356	0.434447	-0.459461	0.278349	1.23664	1.9231	0.0863592	-2.68459	-0.573436	-3.86862	-7.14122	6.28168	2.31809	0.0956236	0.0744565	0.0180434	0.134789	0.0309317	0.104045	0.273393	0.1192	0.0100002	0.071729	0.0131764	0.0597575	0.56991	0.0542491	0.363139	0.0412997	0.0105595	0.065288	0.413169	0.0961075	0.0100322	0.122886	0.150195	0.13401	0.024381	0.0980106	0.0100012	0.0688943	0.67382	0.0766238	0.121156	0.0619563	0.202552	0.0530225	0.170312	0.0480128	-0.09857	0.01	0.762874	-1.30105	0.0044022	0.0309671	0.0179198	0.0179198	1.22202	-0.119742	0.00795067	0.0726943	-0.152534	0.01	0.663129	-0.819112	0.00164818	0.00471198	0.252776	0.252776	1.1182	0.829387	0.0233963	0.330998	-0.21954	0.01	0.945046	1.46009	0.00395373	0.026119	0	0.01	0.601788	0.209936	0.00216152	0.0086352	0.510156	0.510156	1.06371	-1.83877	0.0197281	0.255641	0.288202	0.288202	0.938629	-2.33409	0.0104631	0.10616	-0.278865	0.01	0.9559	2.39374	0.00493271	0.0368484	0.30195	0.30195	0.984708	-2.4126	0.0125751	0.137356	0.00591513	0.01	1.1141	1.80722	0.00602889	0.0494157	0.115317	0.115317	0.854114	-1.98753	0.00506613	0.0383495	-0.0604355	0.01	0.919424	2.86998	0.00668393	0.0571677	-0.13659	0.01	0.907698	-0.683391	-0.0160412	0	0.59701	0.59701	0.771639	-3.02412	0.0137667	0.155672	0.140939	0.140939	1.21483	3.06065	0.0173222	0.21197	0.229704	0.229704	1.20506	1.18696	0.0192757	0.246977	0.0599657	0.0599657	0.70297	-2.32195	0.00428873	0.0297289	0	0	0	0	0	0	0	0	0	0	0	0	0	0	0	0	0	0	1.68924	0.896632	0	1.9231	0.0863592	0	1.62079	0.914333	0	1.90121	0.00171326	0	0	0	-0.253062	0	0	1.23664	1.60424	0.850338	0.0835	1.98035	-0.0187525	0	1.52737	0.698713	0.0835	1.7608	0.0925589	0	0	0	-0.469237	0	0	-1.44795	1.42517	0.497141	0.0835	1.46894	0.240538	0	1.33483	0.333754	0.0835	1.13867	0.423155	0	0	0	-0.505098	0	0	-2.02139	1.1531	0.114305	0.09142	0.669811	1.03808	0	1.25229	0.0817405	0.09142	0.478007	0.453824	0	0	0	-0.608658	0	0	-5.89001	1.60424	0.850338	-0.0835	1.98035	-0.0187525	0	1.63491	0.683127	-0.0835	0.993039	-0.199826	0	0	0	0.181384	0	0	-5.90458	1.67568	0.460835	-0.0835	-0.319506	-0.440547	0	1.62443	0.281307	-0.0835	-0.251805	-0.459873	0	0	0	-0.278077	0	0	0.377102	1.50888	0.00538991	-0.09142	-0.050482	-0.616472	0	1.60887	0.0354171	-0.09142	-0.131411	-0.346976	0	0	0	0.000272288	0	0	2.69519	1.61215	1.00075	0	1.79435	-0.00897053	0	1.66323	1.31807	0	1.40194	0.0541895	0	0	0	-0.253062	0	0	1.23664	1.67254e-16	1.31668	1.39383	1.76191	1.66286	3.33116	3.43229	0.765809	1	2	-0.00154056	-0.00176968	-0.361229	-0.414953	0.182004	0.0367486	0.168178	0.11336	0.151927	0.0397239	-0.00470425	-0.118917	-0.00118666	-0.0339785	-0.0518335	-0.0507118	0.219965	0.0128871	0.108104	0.198275	0.175716	0.352224	-0.000239159	-0.207995	-0.0022019	-0.301281	-0.0181771	-0.0177837	0	0	0.419864	-0.21954	-0.09857	0.0179198	-0.152534	0	0	0	0	0	-0.0604355	0.0778377	0	0	0	0.220486	0.00591513	-0.0879482	0.545414	1.22565	1126.22	22.8004	0.781165	5.77817	28.1703	0.330236	1.50694	107.542	91.1088	0.418859	174.651	0.292323	61.0164	1.64193	0.736374	478.555	5.1246	13.115	20.1112	0.649243	0	0	0	10.5371	0.660006	1.62498	0.435026	0.0297289	0.70297	0.246977	1.20506	0.21197	1.21483	0.0368484	0.9559	0.10616	0.938629	0.255641	1.06371	0.155672	0.771639	0.919424	0.907698	0.984708	0.0494157	0.854114	-0.253062	1.23664	-18.5002	0.0086352	0.601788	1.1182	0.945046	0.762874	0.0726943	0.663129	1.60996	0.954954	-3.72401e-19	1.33801	0.0117419	0	99.724	0.875138	0	-0.591962	1.0964	-7.418	0.312506	1.59465	-0	228.412	1165.53	-0	102.971	-20.1793	1853.56	1.59031	-5.64993e-15	-0.0883464	0.108266	0.421338	-0	79.1322	307.958	-0	-28.1535	7.23427	404.85	1.31463	-4.6705e-15	0.09142	0.389956	0.207055	0.258235	-0.176771	0.203265	-0.234359	0.0199315	0.362529	-0.223952	-0.305666
1.52	-0.241604	1.70813	0.897879	-0.240479	-0.0423639	-0.145937	0.372454	-0.410229	0.292675	1.07238	1.86175	0.161999	-2.23239	-0.682778	-4.58107	-5.43102	3.80098	0.773569	0.0830488	0.0732489	0.0180152	0.134636	0.0282637	0.102879	0.266308	0.120017	0.0100001	0.0727903	0.0127889	0.060001	0.544433	0.0532194	0.339541	0.0401861	0.0104917	0.0670571	0.374609	0.0938446	0.0100283	0.124459	0.142206	0.131246	0.0225769	0.100673	0.0100011	0.0683767	0.62977	0.0740335	0.178199	0.0628628	0.259182	0.053275	0.144601	0.0468686	-0.101684	0.01	0.750501	-1.15935	0.00411934	0.0278946	0.0177758	0.0177758	1.22064	-0.148337	0.00784892	0.0714188	-0.160871	0.01	0.655696	-0.67638	0.00170621	0.00511285	0.233462	0.233462	1.12586	0.703615	0.022781	0.317891	-0.211684	0.01	0.959028	1.32498	0.0038339	0.0248459	0	0.01	0.604239	0.266502	0.00223353	0.00924357	0.470232	0.470232	1.04352	-2.21515	0.0172033	0.20997	0.249201	0.249201	0.91332	-2.76112	0.00826073	0.0766148	-0.207054	0.01	0.981802	2.80394	0.00529751	0.0409723	0.234801	0.234801	0.961522	-2.20006	0.0123512	0.133951	0.00723568	0.01	1.12837	1.07847	0.00567552	0.045308	0.096787	0.096787	0.836492	-1.54426	0.00573083	0.0459474	0.00899205	0.01	0.9444	2.15154	0.00593387	0.0483061	-0.123655	0.01	0.900879	-0.68022	-0.0118113	0	0.510878	0.510878	0.745554	-2.1112	0.016831	0.203795	0.209853	0.209853	1.2326	0.897387	0.0190978	0.243624	0.296476	0.296476	1.2108	0.22726	0.0202401	0.265661	-0.0124963	0.01	0.686217	-1.0645	0.00632421	0.0528884	0	0	0	0	0	0	0	0	0	0	0	0	0	0	0	0	0	0	1.70813	0.897879	0	1.86175	0.161999	0	1.63948	0.914795	0	1.84361	0.088384	0	0	0	-0.241604	0	0	1.07238	1.62366	0.850615	0.0835	1.91243	0.0714242	0	1.54485	0.69999	0.0835	1.73771	0.162851	0	0	0	-0.482082	0	0	-1.16	1.44007	0.499746	0.0835	1.50543	0.284396	0	1.34658	0.338139	0.0835	1.20762	0.456672	0	0	0	-0.524446	0	0	-1.84278	1.16048	0.124967	0.09142	0.80301	1.09409	0	1.25747	0.0863455	0.09142	0.554913	0.470995	0	0	0	-0.670383	0	0	-6.42385	1.62366	0.850615	-0.0835	1.91243	0.0714242	0	1.64585	0.682068	-0.0835	1.1778	-0.0252552	0	0	0	0.13085	0	0	-4.35863	1.67533	0.458	-0.0835	0.201171	-0.153782	0	1.62385	0.278539	-0.0835	0.101093	-0.125071	0	0	0	-0.279378	0	0	-0.557654	1.50855	0.00207778	-0.09142	-0.0201264	-0.0980662	0	1.60814	0.0334047	-0.09142	-0.0268903	-0.0765627	0	0	0	0.0132963	0	0	0.215915	1.62985	1.00111	0	1.75105	0.078058	0	1.67729	1.31899	0	1.41016	0.128926	0	0	0	-0.241604	0	0	1.07238	1.7288e-16	1.1646	1.15931	1.41042	1.76341	3.76961	3.62619	0.795796	1	2	-0.0218298	-0.0250765	-0.375422	-0.431258	0.166919	0.0171086	0.194966	0.125641	0.167801	0.065661	-0.00669534	-0.131801	-0.00186413	-0.0561642	-0.0241315	-0.0236093	0.230227	0.0144401	0.0999694	0.169599	0.172016	0.318142	0.000365431	-0.177914	-0.00204402	-0.272128	-0.0203676	-0.0199268	0	0	0.428923	-0.211684	-0.101684	0.0177758	-0.160871	0	0	0	0	0	0.00899205	0.0767059	0	0	0	0.202946	0.00723568	-0.0980876	0.545414	1.22565	1007.71	18.5503	0.85358	4.79682	26.097	0.333328	1.48384	107.188	83.2235	0.424404	150.565	0.285933	52.1262	1.57473	0.731027	408.668	8.07891	17.9782	12.2077	0.551335	0	0	0	14.4147	0.545373	1.58502	0.360349	0.0528884	0.686217	0.265661	1.2108	0.243624	1.2326	0.0409723	0.981802	0.0766148	0.91332	0.20997	1.04352	0.203795	0.745554	0.9444	0.900879	0.961522	0.045308	0.836492	-0.241604	1.07238	-11.4142	0.00924357	0.604239	1.12586	0.959028	0.750501	0.0714188	0.655696	1.62355	0.955602	1.86201e-19	1.37689	0.113471	0	102.622	8.45717	0	-0.388762	0.843901	-5.82368	0.246134	1.5658	-0	179.9	1144.45	-0	101.279	-15.9204	1825.21	1.59484	-5.66602e-15	-0.0884957	0.0780355	0.351798	-0	57.0364	257.13	-0	-23.5069	5.21427	338.299	1.31567	-4.67419e-15	0.09142	0.34997	0.160907	0.247575	-0.21572	0.194875	-0.224684	0.024323	0.347564	-0.273296	-0.269729
1.53	-0.231298	1.72662	0.899829	-0.261663	-0.048978	-0.194852	0.322336	-0.378234	0.295922	1.00384	1.84349	0.221578	-2.03969	-0.631326	-5.15955	-4.77523	2.87957	-0.0332618	0.0725923	0.072187	0.0179683	0.134476	0.0259508	0.101875	0.257159	0.120731	0.0100001	0.0737436	0.012449	0.0602621	0.514981	0.0519951	0.313262	0.0388636	0.0104321	0.0690966	0.331595	0.0918261	0.0100249	0.12545	0.132492	0.129017	0.0557336	0.102318	0.0100009	0.0678616	0.575413	0.0723447	0.24362	0.0630774	0.322089	0.0532898	0.122933	0.0464098	-0.104928	0.01	0.739621	-1.02146	0.00389878	0.0255339	0.0175692	0.0175692	1.21918	-0.13934	0.00779378	0.0707297	-0.168358	0.01	0.6493	-0.611759	0.00164594	0.00469674	0.2166	0.2166	1.13256	0.639317	0.0221606	0.304829	-0.203884	0.01	0.971589	1.18961	0.00370671	0.023506	0	0.01	0.606869	0.253208	0.00220949	0.00903916	0.427222	0.427222	1.01951	-2.60488	0.0143931	0.165364	0.209656	0.209656	0.883263	-3.27253	0.00586756	0.0475339	-0.132791	0.01	1.01166	3.14628	0.00560953	0.0445466	0.168741	0.168741	0.940841	-1.93736	0.0120081	0.128766	0.00818238	0.01	1.13735	0.788458	0.00560938	0.044545	0.0771249	0.0771249	0.82229	-1.34123	0.00577299	0.0464358	0.0714697	0.0714697	0.959828	1.35934	0.00853235	0.0800928	-0.10928	0.01	0.894093	-0.677042	-0.00721507	0	0.425728	0.425728	0.728547	-1.3707	0.0188885	0.239718	0.284591	0.284591	1.23681	0.173573	0.020642	0.273667	0.368674	0.368674	1.21113	-0.131351	0.0206421	0.273669	-0.123497	0.01	0.679499	-0.335859	0.00763313	0.068731	0	0	0	0	0	0	0	0	0	0	0	0	0	0	0	0	0	0	1.72662	0.899829	0	1.84349	0.221578	0	1.6578	0.916036	0	1.82722	0.152497	0	0	0	-0.231298	0	0	1.00384	1.64265	0.851697	0.0835	1.89181	0.137286	0	1.5622	0.701938	0.0835	1.73668	0.22062	0	0	0	-0.492961	0	0	-1.03585	1.45525	0.502846	0.0835	1.53045	0.331406	0	1.35895	0.342898	0.0835	1.26379	0.491955	0	0	0	-0.541939	0	0	-1.66718	1.16915	0.136161	0.09142	0.927889	1.14018	0	1.26337	0.091188	0.09142	0.620874	0.496967	0	0	0	-0.736791	0	0	-6.82673	1.64265	0.851697	-0.0835	1.89181	0.137286	0	1.65811	0.682401	-0.0835	1.25332	0.0789984	0	0	0	0.0910385	0	0	-3.77139	1.67865	0.457337	-0.0835	0.404519	0.00151026	0	1.62577	0.278283	-0.0835	0.244835	0.0486747	0	0	0	-0.287195	0	0	-0.891825	1.50845	0.00257444	-0.09142	-0.00245844	0.154914	0	1.60818	0.033446	-0.09142	0.0261004	0.0626506	0	0	0	0.00872693	0	0	-0.925087	1.64728	1.00224	0	1.74068	0.141939	0	1.69144	1.3206	0	1.42111	0.186264	0	0	0	-0.231298	0	0	1.00384	5.23515e-17	1.05379	0.930217	1.05549	1.6838	3.83351	3.45496	0.654908	1	2	-0.0405639	-0.0465968	-0.388322	-0.446076	0.146072	0.00804961	0.216865	0.163163	0.183957	0.111742	-0.008323	-0.171162	-0.00255362	-0.0955805	-0.0113539	-0.0111082	0.24225	0.015653	0.0895846	0.14215	0.167221	0.281602	0.0011373	-0.149118	-0.00183935	-0.240873	-0.0220784	-0.0216006	0	0	0.43714	-0.203884	-0.104928	0.0175692	-0.168358	0	0	0	0	0	0.0714697	0.0755792	0	0	0	0.184857	0.00818238	-0.107753	0.545414	1.22565	873.299	15.1277	0.825294	4.15249	24.1566	0.336106	1.46409	103.243	72.3017	0.421373	124.082	0.281892	44.707	5.89525	0.725696	314.818	11.9012	30.3322	5.98548	0.463945	0	0	0	13.6986	0.11651	1.24807	0.268438	0.068731	0.679499	0.273669	1.21113	0.273667	1.23681	0.0445466	1.01166	0.0475339	0.883263	0.165364	1.01951	0.239718	0.728547	0.959828	0.894093	0.940841	0.044545	0.82229	-0.231298	1.00384	-3.51278	0.00903916	0.606869	1.13256	0.971589	0.739621	0.0707297	0.6493	1.63745	0.957128	-3.72401e-19	1.40057	0.183329	0	104.386	13.6638	0	-0.296854	0.758816	-5.12824	0.108536	1.24334	-0	79.3296	908.764	-0	80.8856	-7.06081	1464.69	1.61174	-5.72606e-15	-0.0890061	0.0570992	0.262295	-0	41.734	191.712	-0	-17.5263	3.81532	252.487	1.31701	-4.67896e-15	0.09142	0.298654	0.127074	0.234875	-0.250991	0.184878	-0.213159	0.0282999	0.329735	-0.317981	-0.232294
1.54	-0.221404	1.74505	0.902223	-0.281497	-0.0549741	-0.248793	0.274929	-0.349367	0.292701	0.977624	1.84423	0.251194	-1.93282	-0.574394	-5.593	-4.76125	2.98232	-0.56712	0.0638214	0.0712363	0.0178866	0.134329	0.0239411	0.100942	0.247391	0.121393	0.0100001	0.0746078	0.0121507	0.060502	0.482674	0.050552	0.285135	0.0373141	0.0103797	0.0712718	0.287292	0.0900381	0.0100219	0.12631	0.121482	0.12693	0.0989479	0.103651	0.0100008	0.0673489	0.524778	0.0711139	0.301791	0.0631083	0.377468	0.0531716	0.10544	0.0463454	-0.107972	0.01	0.72988	-0.929617	0.00364023	0.0228105	0.0172119	0.0172119	1.21786	-0.126879	0.00774748	0.0701524	-0.174587	0.01	0.643353	-0.577677	0.00154782	0.00404949	0.205004	0.205004	1.13877	0.600652	0.0215594	0.292341	-0.196568	0.01	0.982975	1.08929	0.00361026	0.0224982	0	0.01	0.609285	0.230841	0.00217286	0.00873015	0.383694	0.383694	0.991217	-3.08379	0.0115786	0.122348	0.170062	0.170062	0.848049	-3.7797	0.00367568	0.0231809	-0.0598442	0.01	1.04351	3.22594	0.00610156	0.0502669	0.110622	0.110622	0.922521	-1.73641	0.0112241	0.117121	0.0076993	0.01	1.14515	0.797232	0.00579999	0.0467489	0.0581744	0.0581744	0.808988	-1.33997	0.00527794	0.0407495	0.115943	0.115943	0.972334	1.39389	0.012274	0.13278	-0.0943654	0.01	0.887337	-0.673861	-0.00273484	0	0.392173	0.392173	0.716152	-1.17703	0.0183807	0.230431	0.341461	0.341461	1.23742	-0.0218315	0.0218603	0.298568	0.421021	0.421021	1.20845	-0.399578	0.0206971	0.274774	-0.211165	0.01	0.678556	0.152945	0.00853954	0.0801854	0	0	0	0	0	0	0	0	0	0	0	0	0	0	0	0	0	0	1.74505	0.902223	0	1.84423	0.251194	0	1.67608	0.917748	0	1.82905	0.183763	0	0	0	-0.221404	0	0	0.977624	1.66157	0.853262	0.0835	1.89209	0.169573	0	1.57963	0.70431	0.0835	1.74982	0.247836	0	0	0	-0.502901	0	0	-0.955191	1.47071	0.506291	0.0835	1.56067	0.35188	0	1.37187	0.347898	0.0835	1.3184	0.503058	0	0	0	-0.557875	0	0	-1.52958	1.17904	0.147673	0.09142	1.04673	1.15614	0	1.26989	0.0962315	0.09142	0.680335	0.509049	0	0	0	-0.806668	0	0	-7.12258	1.66157	0.853262	-0.0835	1.89209	0.169573	0	1.67066	0.683505	-0.0835	1.2498	0.135161	0	0	0	0.0535249	0	0	-3.78362	1.68275	0.457829	-0.0835	0.395925	0.0894139	0	1.62832	0.27924	-0.0835	0.252822	0.13303	0	0	0	-0.295842	0	0	-0.8013	1.50848	0.0047129	-0.09142	0.00913954	0.256786	0	1.60858	0.0343987	-0.09142	0.0497622	0.119816	0	0	0	-0.00314053	0	0	-1.36842	1.66471	1.00385	0	1.74488	0.172648	0	1.70571	1.32262	0	1.43323	0.212734	0	0	0	-0.221404	0	0	0.977624	4.34756e-17	0.963155	0.711451	0.734486	1.63154	3.62268	3.31731	0.515885	1	3	-0.0585881	-0.0673017	-0.400385	-0.459933	0.124472	0.00710354	0.236454	0.194587	0.204663	0.146601	-0.00977898	-0.204127	-0.00343727	-0.125397	-0.0100195	-0.00980263	0.255637	0.0166533	0.0767164	0.116835	0.161062	0.245613	0.00209374	-0.122562	-0.00157654	-0.210089	-0.0234892	-0.0229809	0	0	0.444149	-0.196568	-0.107972	0.0172119	-0.174587	0	0	0	0	0	0.115943	0.0744578	0	0	0	0.167592	0.0076993	-0.115385	0.545414	1.22565	794.134	12.5795	0.785462	3.67844	22.5857	0.338623	1.44675	96.1205	59.353	0.402202	99.5238	0.27839	39.5205	10.8079	0.720387	266.23	16.0907	48.8546	2.27517	0.404494	0	0	0	12.7547	0	1.00915	0.17514	0.0801854	0.678556	0.274774	1.20845	0.298568	1.23742	0.0502669	1.04351	0.0231809	0.848049	0.122348	0.991217	0.230431	0.716152	0.972334	0.887337	0.922521	0.0467489	0.808988	-0.221404	0.977624	-2.42427	0.00873015	0.609285	1.13877	0.982975	0.72988	0.0701524	0.643353	1.65153	0.959159	1.86201e-19	1.41213	0.216744	0	105.248	16.1543	0	-0.246542	0.790282	-5.01728	0.0399471	1.00836	-0	29.1975	737.013	-0	65.993	-2.61438	1201.23	1.62986	-5.79044e-15	-0.0895412	0.0359983	0.171401	-0	26.3113	125.278	-0	-11.4529	2.40538	165.172	1.31845	-4.68408e-15	0.09142	0.246823	0.145351	0.220495	-0.277464	0.173559	-0.200108	0.0312849	0.309547	-0.35152	-0.197171
1.55	-0.21177	1.7635	0.904765	-0.300239	-0.0605018	-0.306606	0.226568	-0.317533	0.28468	0.947797	1.84315	0.252986	-1.81528	-0.533737	-5.94806	-4.91328	3.39052	-1.01486	0.0564196	0.0703633	0.0177819	0.134194	0.0221931	0.100062	0.238215	0.122012	0.0100001	0.0754038	0.0118889	0.0607235	0.448421	0.0488625	0.255736	0.0355627	0.0116127	0.0735057	0.24442	0.0884123	0.0100192	0.127237	0.109512	0.124787	0.130153	0.105157	0.0100007	0.0668511	0.489716	0.0699077	0.346486	0.0630725	0.417051	0.0529476	0.0911387	0.046638	-0.110648	0.01	0.720935	-0.857694	0.00339119	0.0202384	0.0169891	0.0169891	1.21663	-0.11825	0.00769969	0.0695575	-0.180196	0.01	0.637745	-0.541697	0.00146924	0.00355985	0.198957	0.198957	1.14458	0.556803	0.0209827	0.280541	-0.189995	0.01	0.993462	1.00579	0.00352863	0.0216513	0	0.01	0.611516	0.21522	0.00214605	0.00850607	0.339023	0.339023	0.958087	-3.54962	0.00897275	0.085824	0.129499	0.129499	0.808242	-4.16405	0.00185287	0.0061789	0.0124217	0.0124217	1.07622	3.29822	0.00683387	0.0589675	0.0627434	0.0627434	0.905864	-1.60071	0.0101369	0.101579	0.00724481	0.01	1.15355	0.891223	0.00609365	0.0501742	0.0393356	0.0393356	0.795325	-1.39943	0.00461757	0.0333372	0.143736	0.143736	0.98646	1.51659	0.0148527	0.172482	-0.0794682	0.01	0.880779	-0.463199	0.00131022	0.00265494	0.397239	0.397239	0.704005	-1.28342	0.0166293	0.200501	0.377365	0.377365	1.23672	-0.098048	0.0229457	0.321386	0.446759	0.446759	1.20335	-0.613732	0.0205222	0.271269	-0.271611	0.01	0.68284	0.726752	0.00887407	0.0845295	0	0	0	0	0	0	0	0	0	0	0	0	0	0	0	0	0	0	1.7635	0.904765	0	1.84315	0.252986	0	1.69438	0.919626	0	1.82906	0.187474	0	0	0	-0.21177	0	0	0.947797	1.68048	0.855002	0.0835	1.89031	0.174305	0	1.59719	0.706803	0.0835	1.76175	0.246556	0	0	0	-0.512009	0	0	-0.867481	1.48647	0.509785	0.0835	1.59084	0.342607	0	1.38533	0.352855	0.0835	1.37095	0.484332	0	0	0	-0.572511	0	0	-1.40122	1.1901	0.159156	0.09142	1.1638	1.13508	0	1.27699	0.101273	0.09142	0.738403	0.496515	0	0	0	-0.879117	0	0	-7.34928	1.68048	0.855002	-0.0835	1.89031	0.174305	0	1.683	0.685021	-0.0835	1.21625	0.16433	0	0	0	0.0147977	0	0	-3.96548	1.68634	0.459046	-0.0835	0.320151	0.151069	0	1.63068	0.280836	-0.0835	0.217687	0.183072	0	0	0	-0.302735	0	0	-0.574961	1.50863	0.00753748	-0.09142	0.0188784	0.303504	0	1.60915	0.0357272	-0.09142	0.0636948	0.143687	0	0	0	-0.0180553	0	0	-1.58982	1.68218	1.00561	0	1.74756	0.175911	0	1.72011	1.32477	0	1.44507	0.211862	0	0	0	-0.21177	0	0	0.947797	4.03761e-17	0.887603	0.526581	0.487957	1.55635	3.31726	3.20866	0.402135	1	3	-0.0763805	-0.0877402	-0.41186	-0.473115	0.105794	0.0144303	0.25007	0.217043	0.222915	0.174363	-0.010791	-0.227684	-0.00421619	-0.149145	-0.0203537	-0.0199133	0.270295	0.0178861	0.061434	0.0932929	0.153418	0.210287	0.00322963	-0.0978665	-0.00125031	-0.179873	-0.0252281	-0.0246821	0	0	0.450491	-0.189995	-0.110648	0.0169891	-0.180196	0	0	0	0	0	0.143736	0.0733416	0	0	0	0.152192	0.00724481	-0.121991	0.545414	1.22565	752.615	10.5856	0.757112	3.27504	21.4479	0.340942	1.43155	85.1297	46.7266	0.449232	78.8572	0.274625	34.7576	14.5353	0.647094	254.525	21.5953	62.7636	1.97239	0.371071	0	0	0	12.2234	0	0.839757	0.0947274	0.0845295	0.68284	0.271269	1.20335	0.321386	1.23672	0.0589675	1.07622	0.0061789	0.808242	0.085824	0.958087	0.200501	0.704005	0.98646	0.880779	0.905864	0.0501742	0.795325	-0.21177	0.947797	-3.81914	0.00850607	0.611516	1.14458	0.993462	0.720935	0.0695575	0.637745	1.66568	0.961374	-3.72401e-19	1.41695	0.222159	0	105.607	16.5578	0	-0.197445	0.857795	-5.13106	0.00759746	0.839723	-0	5.55301	613.756	-0	55.3025	-0.500354	1012.21	1.64921	-5.85918e-15	-0.0901049	0.0156983	0.0934176	-0	11.4739	68.2792	-0	-6.24209	1.04895	90.1267	1.31997	-4.68948e-15	0.09142	0.209776	0.187463	0.204954	-0.294402	0.161327	-0.186004	0.0331947	0.28773	-0.372979	-0.166285
1.56	-0.202531	1.78189	0.907201	-0.317608	-0.0658488	-0.366075	0.17662	-0.281241	0.272406	0.897926	1.83316	0.231261	-1.65818	-0.556278	-5.71385	-5.06173	3.8431	-1.40691	0.0501368	0.0695595	0.0176713	0.134064	0.0206703	0.0992466	0.23132	0.122575	0.0100001	0.0761384	0.011659	0.0609353	0.412051	0.0469619	0.224712	0.0337115	0.067747	0.0749295	0.205199	0.0869014	0.0100169	0.128276	0.096784	0.122543	0.158165	0.106743	0.0100006	0.0669606	0.463124	0.0685453	0.374864	0.0630204	0.43694	0.0526404	0.0793155	0.047261	-0.113044	0.01	0.712699	-0.788109	0.00318016	0.0181039	0.0168488	0.0168488	1.21545	-0.121954	0.00763745	0.0687845	-0.185481	0.01	0.632547	-0.494389	0.00142888	0.00331899	0.207588	0.207588	1.14986	0.489699	0.0204733	0.270292	-0.184038	0.01	1.00314	0.932641	0.00345625	0.0209051	0	0.01	0.613648	0.219269	0.00214869	0.00852804	0.289407	0.289407	0.920822	-3.882	0.00674883	0.0579455	0.0827921	0.0827921	0.766171	-4.15319	0.000411216	8.50797e-05	0.0923697	0.0923697	1.09706	1.67879	0.0109935	0.113762	0.0311465	0.0311465	0.890383	-1.49862	0.00895023	0.085528	0.00740835	0.01	1.16297	0.991612	0.00643213	0.0541666	0.0200415	0.0200415	0.781028	-1.46121	0.00394028	0.0259756	0.172807	0.172807	1.00134	1.54594	0.0170325	0.207121	-0.0656989	0.01	0.882221	0.59404	0.00301502	0.0164666	0.382914	0.382914	0.690285	-1.47057	0.0146063	0.168664	0.396066	0.396066	1.23569	-0.0988517	0.0238954	0.341729	0.451385	0.451385	1.19637	-0.785943	0.0200872	0.262646	-0.311413	0.01	0.691962	1.07139	0.00864291	0.0815205	0	0	0	0	0	0	0	0	0	0	0	0	0	0	0	0	0	0	1.78189	0.907201	0	1.83316	0.231261	0	1.71263	0.921422	0	1.82039	0.169075	0	0	0	-0.202531	0	0	0.897926	1.69933	0.856673	0.0835	1.87853	0.157136	0	1.61484	0.709156	0.0835	1.76638	0.22137	0	0	0	-0.520139	0	0	-0.760251	1.50252	0.513044	0.0835	1.61729	0.306763	0	1.39927	0.357492	0.0835	1.4125	0.442694	0	0	0	-0.585988	0	0	-1.31653	1.20226	0.17018	0.09142	1.25388	1.05895	0	1.2847	0.106119	0.09142	0.803503	0.479374	0	0	0	-0.952063	0	0	-7.03038	1.69933	0.856673	-0.0835	1.87853	0.157136	0	1.69493	0.68673	-0.0835	1.17092	0.175475	0	0	0	-0.0259107	0	0	-4.1638	1.68908	0.460806	-0.0835	0.230221	0.199855	0	1.63263	0.282844	-0.0835	0.173148	0.217958	0	0	0	-0.307152	0	0	-0.320706	1.50887	0.0107002	-0.09142	0.0292689	0.328272	0	1.60985	0.0372082	-0.09142	0.0750646	0.153814	0	0	0	-0.0347461	0	0	-1.72762	1.69964	1.00729	0	1.74329	0.157408	0	1.73462	1.32678	0	1.45641	0.188818	0	0	0	-0.202531	0	0	0.897926	7.78094e-17	0.813758	0.368173	0.418048	1.51298	3.04651	3.10151	0.306369	1	3	-0.0940275	-0.108012	-0.422746	-0.48562	0.0948981	0.0256718	0.254133	0.233462	0.23109	0.200402	-0.011093	-0.244907	-0.00456505	-0.171417	-0.0362098	-0.0354262	0.287142	0.0198878	0.0435147	0.0673289	0.144133	0.172719	0.00456151	-0.0706297	-0.000854063	-0.147738	-0.0280515	-0.0274444	0	0	0.456434	-0.184038	-0.113044	0.0168488	-0.185481	0	0	0	0	0	0.172807	0.0722306	0	0	0	0.13855	0.00740835	-0.128553	0.545414	1.22565	713.742	8.94473	0.761945	2.91329	21.3922	0.340998	1.41834	72.307	37.3297	3.20478	62.1751	0.270419	29.7442	18.3433	0.316352	244.629	23.4207	71.9497	1.73783	0.343572	0	0	0	13.4819	0	0.716723	0.0316662	0.0815205	0.691962	0.262646	1.19637	0.341729	1.23569	0.113762	1.09706	8.50797e-05	0.766171	0.0579455	0.920822	0.168664	0.690285	1.00134	0.882221	0.890383	0.0541666	0.781028	-0.202531	0.897926	-6.27502	0.00852804	0.613648	1.14986	1.00314	0.712699	0.0687845	0.632547	1.67985	0.963528	1.86201e-19	1.41684	0.20646	0	105.599	15.3877	0	-0.142421	0.929389	-5.37384	-0.0138028	0.71659	-0	-10.0885	523.758	-0	47.5066	0.915065	874.597	1.66985	-5.93249e-15	-0.0907034	-0.012206	0.0292192	-0	-8.92137	21.3564	-0	-1.95241	-0.815592	28.2204	1.3214	-4.69456e-15	0.09142	0.185425	0.197488	0.188779	-0.296183	0.148595	-0.171325	0.0333955	0.265022	-0.375235	-0.138632
1.57	-0.193921	1.80012	0.909309	-0.333319	-0.071754	-0.406527	0.125573	-0.240848	0.256731	0.822691	1.81223	0.189184	-1.49311	-0.605762	-1.67445	-5.1268	4.19706	-1.70564	0.044782	0.0688185	0.0175571	0.133921	0.019343	0.0985099	0.246513	0.122993	0.0100001	0.076827	0.0114573	0.0611664	0.373929	0.0450056	0.19195	0.0319748	0.13946	0.0756322	0.175245	0.0854663	0.0100149	0.12941	0.084099	0.120218	0.187942	0.108343	0.0100006	0.0674487	0.435405	0.0670059	0.395537	0.0629734	0.44395	0.0522611	0.0694607	0.048066	-0.115245	0.01	0.705108	-0.728978	0.00298416	0.0161641	0.0167069	0.0167069	1.21416	-0.135403	0.00755722	0.0677908	-0.190435	0.01	0.627852	-0.444078	0.00141046	0.00321147	0.265381	0.265381	1.15378	0.274355	0.020584	0.272505	-0.17855	0.01	1.01221	0.876948	0.00341848	0.0205176	0	0.01	0.615976	0.244129	0.00218353	0.00881988	0.239281	0.239281	0.882464	-3.55552	0.00689229	0.0596714	0.0335082	0.0335082	0.726701	-3.38165	0.00212351	0.00831897	0.173774	0.173774	1.10735	0.355607	0.0147857	0.171444	0.041599	0.041599	0.875679	-1.44571	0.00786869	0.0716662	0.00789128	0.01	1.17325	1.05873	0.00678478	0.0583773	0.00135207	0.01	0.766205	-1.5012	0.00331682	0.0194811	0.204796	0.204796	1.01635	1.53614	0.0191082	0.243819	-0.0573907	0.01	0.888652	0.61126	0.00304135	0.0167256	0.343011	0.343011	0.674783	-1.62596	0.0126717	0.138829	0.412102	0.412102	1.23477	-0.0822852	0.0247054	0.359315	0.447814	0.447814	1.18775	-0.942008	0.0194547	0.250382	-0.336714	0.01	0.703748	1.28129	0.00830966	0.0772383	0	0	0	0	0	0	0	0	0	0	0	0	0	0	0	0	0	0	1.80012	0.909309	0	1.81223	0.189184	0	1.73074	0.922933	0	1.80102	0.13211	0	0	0	-0.193921	0	0	0.822691	1.718	0.858072	0.0835	1.85438	0.121631	0	1.63247	0.711158	0.0835	1.75589	0.178975	0	0	0	-0.527241	0	0	-0.670415	1.51876	0.515849	0.0835	1.62495	0.255209	0	1.41349	0.361653	0.0835	1.42817	0.389545	0	0	0	-0.598995	0	0	-1.27618	1.21477	0.179424	0.09142	1.22695	0.74621	0	1.29367	0.11105	0.09142	1.0252	0.513411	0	0	0	-1.00552	0	0	-2.95063	1.718	0.858072	-0.0835	1.85438	0.121631	0	1.70639	0.688469	-0.0835	1.1244	0.171602	0	0	0	-0.0683484	0	0	-4.3041	1.69096	0.462997	-0.0835	0.153939	0.238035	0	1.63415	0.28515	-0.0835	0.134901	0.244116	0	0	0	-0.309196	0	0	-0.107043	1.50921	0.0140532	-0.09142	0.0387914	0.344312	0	1.61065	0.0387678	-0.09142	0.0835912	0.160441	0	0	0	-0.0524654	0	0	-1.81269	1.71701	1.00869	0	1.73048	0.120813	0	1.74924	1.32847	0	1.46739	0.147327	0	0	0	-0.193921	0	0	0.822691	1.57955e-16	0.808868	0.343086	0.552788	1.48632	2.79739	3.00471	0.249056	1	3	-0.111473	-0.128052	-0.432828	-0.497201	0.0905289	0.0333617	0.254371	0.2405	0.233025	0.225115	-0.0111107	-0.25229	-0.00464762	-0.192556	-0.0470563	-0.0460379	0.306563	0.0216227	0.0222341	0.0417727	0.133094	0.136026	0.00614322	-0.0438205	-0.000382951	-0.116352	-0.0304986	-0.0298386	0	0	0.461939	-0.17855	-0.115245	0.0167069	-0.190435	0	0	0	0	0	0.204796	0.0711519	0	0	0	0.126147	0.00789128	-0.135394	0.545414	1.22565	680.981	7.62132	0.791272	2.60097	25.9903	0.336986	1.40724	63.7807	31.9986	6.9529	51.7692	0.265835	25.0391	22.1953	0.317772	223.181	24.171	78.4698	1.5497	0.322029	0	0	0	15.5762	0	0.630107	0	0.0772383	0.703748	0.250382	1.18775	0.359315	1.23477	0.171444	1.10735	0.00831897	0.726701	0.0596714	0.882464	0.138829	0.674783	1.01635	0.888652	0.875679	0.0583773	0.766205	-0.193921	0.822691	-8.47766	0.00881988	0.615976	1.15378	1.01221	0.705108	0.0677908	0.627852	1.69401	0.965438	1.86201e-19	1.41445	0.175125	0	105.421	13.0523	0	-0.0910833	0.99843	-5.60523	-0.0212436	0.629749	-0	-15.527	460.285	-0	42.0004	1.41682	777.31	1.68876	-5.99967e-15	-0.0912485	-0	-0	-0	-0	-0	-0	0	0	0	0	0	0	0.164736	0.178275	0.173726	-0.258274	0.136746	-0.157664	0.0291211	0.24389	-0.327208	-0.113241
1.58	-0.186167	1.8181	0.910962	-0.34732	-0.0767608	-0.423036	0.0744702	-0.197803	0.238148	0.724259	1.78306	0.142813	-1.27214	-0.431537	-2.63859	-5.06262	4.36198	-2.00149	0.040203	0.0681488	0.0174387	0.133794	0.0181857	0.0978527	0.283684	0.123202	0.0100001	0.0774428	0.0112803	0.0613788	0.334385	0.0434472	0.160328	0.0309662	0.211703	0.0756605	0.152911	0.0840784	0.0100131	0.130592	0.0734723	0.117852	0.219033	0.109912	0.0100005	0.0678497	0.403673	0.0653493	0.411691	0.0629345	0.443338	0.051814	0.0611916	0.0490022	-0.11727	0.01	0.698246	-0.627155	0.00290374	0.0153815	0.0165583	0.0165583	1.213	-0.0963413	0.00755385	0.0677492	-0.194962	0.01	0.623663	-0.381806	0.00142957	0.00332305	0.308413	0.308413	1.15574	0.157027	0.0217548	0.29638	-0.173485	0.01	1.02033	0.722064	0.00332728	0.0195874	0	0.01	0.618114	0.177766	0.00208602	0.00801067	0.187053	0.187053	0.851905	-2.66742	0.00883795	0.0840572	-0.0167421	0.01	0.703778	-1.71096	0.00455287	0.0326225	0.252388	0.252388	1.10777	-0.0382489	0.0173742	0.212849	0.043249	0.043249	0.861459	-1.38974	0.00705153	0.0615977	0.00850531	0.01	1.18398	1.07367	0.00713186	0.0625736	-0.0161375	0.01	0.75113	-1.50417	0.00283808	0.0147487	0.237556	0.237556	1.03107	1.48088	0.0210962	0.282848	-0.0481884	0.01	0.893936	0.438532	0.00285039	0.0148669	0.294404	0.294404	0.6581	-1.699	0.0109405	0.112993	0.425191	0.425191	1.23401	-0.0718142	0.0253235	0.372869	0.439041	0.439041	1.17759	-1.09986	0.018666	0.235615	-0.350177	0.01	0.717455	1.46763	0.00799265	0.0732221	0	0	0	0	0	0	0	0	0	0	0	0	0	0	0	0	0	0	1.8181	0.910962	0	1.78306	0.142813	0	1.74862	0.924048	0	1.77358	0.0924924	0	0	0	-0.186167	0	0	0.724259	1.73639	0.85909	0.0835	1.82063	0.0836313	0	1.64994	0.712714	0.0835	1.74043	0.130996	0	0	0	-0.533488	0	0	-0.54788	1.53501	0.518119	0.0835	1.63382	0.193964	0	1.42802	0.365117	0.0835	1.48397	0.298754	0	0	0	-0.610248	0	0	-0.979417	1.22758	0.186146	0.09142	1.36254	0.656028	0	1.30455	0.115607	0.09142	1.10734	0.377552	0	0	0	-1.03328	0	0	-3.618	1.73639	0.85909	-0.0835	1.82063	0.0836313	0	1.71744	0.69015	-0.0835	1.0877	0.165839	0	0	0	-0.111697	0	0	-4.33836	1.69225	0.465558	-0.0835	0.113346	0.275127	0	1.63538	0.287729	-0.0835	0.117545	0.273784	0	0	0	-0.3095	0	0	0.0236166	1.50964	0.0176226	-0.09142	0.0471344	0.374165	0	1.61153	0.0404172	-0.09142	0.0922192	0.172651	0	0	0	-0.0713515	0	0	-1.97787	1.73423	1.00969	0	1.71155	0.0820657	0	1.76398	1.32972	0	1.47977	0.103611	0	0	0	-0.186167	0	0	0.724259	8.07523e-17	0.926899	0.449101	0.865363	1.51834	2.62394	2.94648	0.266506	1	3	-0.128642	-0.147774	-0.440685	-0.506227	0.0899157	0.0389216	0.252469	0.24147	0.233303	0.245598	-0.0109694	-0.253308	-0.0046595	-0.210077	-0.0548985	-0.0537105	0.327276	0.0243993	-0.00269846	0.0203713	0.120081	0.100642	0.00799637	-0.02137	0.000172382	-0.0860859	-0.034415	-0.0336702	0	0	0.466699	-0.173485	-0.11727	0.0165583	-0.194962	0	0	0	0	0	0.237556	0.071389	0	0	0	0.114619	0.00850531	-0.142533	0.545414	1.22565	641.413	6.33524	0.686101	2.31137	31.2905	0.333397	1.39755	55.6342	23.8669	12.3416	43.8287	0.261063	21.3011	26.2969	0.31894	192.925	24.8512	83.4945	1.396	0.311312	0	0	0	11.1588	0	0.603549	0	0.0732221	0.717455	0.235615	1.17759	0.372869	1.23401	0.212849	1.10777	0.0326225	0.703778	0.0840572	0.851905	0.112993	0.6581	1.03107	0.893936	0.861459	0.0625736	0.75113	-0.186167	0.724259	-11.9865	0.00801067	0.618114	1.15574	1.02033	0.698246	0.0677492	0.623663	1.70814	0.966995	1.86201e-19	1.41273	0.136962	0	105.293	10.208	0	-0.00408403	1.04597	-5.76215	-0.00930044	0.603477	-0	-6.79772	441.083	-0	40.3238	0.621448	747.706	1.69516	-6.02241e-15	-0.09142	-0	-0	-0	-0	-0	-0	0	0	0	0	0	0	0.142419	0.151984	0.160577	-0.231946	0.126395	-0.14573	0.0261526	0.225429	-0.293854	-0.0898617
1.59	-0.179582	1.83572	0.912138	-0.358167	-0.081945	-0.442954	0.0250066	-0.154518	0.217	0.594533	1.74156	0.0931012	-0.921558	-0.584042	-0.729668	-4.81906	4.26723	-2.20395	0.036267	0.0675921	0.0173098	0.13367	0.0171743	0.0973366	0.309837	0.12335	0.0100001	0.0779469	0.0111249	0.0615775	0.294339	0.0422082	0.135452	0.0302753	0.278287	0.0756529	0.133258	0.0827712	0.0100115	0.131753	0.0645645	0.115531	0.250106	0.111399	0.0100004	0.068126	0.368799	0.0636757	0.426723	0.0628939	0.440404	0.0512931	0.0541954	0.0500562	-0.119138	0.01	0.692542	-0.516625	0.00286987	0.0150543	0.0163291	0.0163291	1.21188	-0.129993	0.00745364	0.0665126	-0.199033	0.01	0.620373	-0.276606	0.00154048	0.00400262	0.326489	0.326489	1.15713	0.128306	0.0227311	0.316834	-0.168739	0.01	1.02697	0.620967	0.00331742	0.0194873	0	0.01	0.620116	0.231966	0.00216548	0.0086683	0.135945	0.135945	0.827612	-2.07711	0.00953739	0.0933513	-0.0658242	0.01	0.688074	-1.15847	0.00473794	0.0346724	0.322001	0.322001	1.10766	-0.0408412	0.0206437	0.273701	0.0287269	0.0287269	0.848066	-1.27809	0.00646716	0.0545825	0.00917767	0.01	1.19449	1.02145	0.00744644	0.066424	-0.0331457	0.01	0.736333	-1.44714	0.00252449	0.0118133	0.270128	0.270128	1.04502	1.37266	0.0229169	0.320774	-0.0369649	0.01	0.897576	0.293445	0.00267245	0.0131793	0.243332	0.243332	0.641246	-1.65539	0.00952888	0.0932363	0.440728	0.440728	1.23321	-0.0925151	0.0256627	0.380355	0.429382	0.429382	1.16575	-1.27285	0.0177858	0.219907	-0.357824	0.01	0.732887	1.60955	0.00768045	0.0693184	0	0	0	0	0	0	0	0	0	0	0	0	0	0	0	0	0	0	1.83572	0.912138	0	1.74156	0.0931012	0	1.76616	0.924766	0	1.73406	0.0517436	0	0	0	-0.179582	0	0	0.594533	1.75435	0.859729	0.0835	1.77272	0.0447242	0	1.66728	0.713722	0.0835	1.72497	0.0731998	0	0	0	-0.53775	0	0	-0.327025	1.55152	0.519619	0.0835	1.6615	0.111056	0	1.44309	0.367635	0.0835	1.52303	0.209845	0	0	0	-0.619695	0	0	-0.911066	1.2414	0.191772	0.09142	1.379	0.43765	0	1.31627	0.119004	0.09142	1.25961	0.314816	0	0	0	-1.06265	0	0	-1.64073	1.75435	0.859729	-0.0835	1.77272	0.0447242	0	1.72818	0.691756	-0.0835	1.06312	0.155294	0	0	0	-0.154576	0	0	-4.22453	1.69338	0.468451	-0.0835	0.119756	0.302287	0	1.63659	0.290598	-0.0835	0.127351	0.299862	0	0	0	-0.309094	0	0	0.0427054	1.51016	0.0215413	-0.09142	0.0566622	0.409996	0	1.61249	0.0422177	-0.09142	0.101349	0.188825	0	0	0	-0.0920942	0	0	-2.16125	1.7512	1.01031	0	1.68319	0.0428494	0	1.77884	1.33053	0	1.49282	0.0592825	0	0	0	-0.179582	0	0	0.594533	5.49927e-17	0.97498	0.460838	1.01362	1.60192	2.50686	2.88656	0.259929	1	3	-0.145443	-0.167074	-0.447242	-0.513758	0.092702	0.0410302	0.248864	0.238391	0.232981	0.264368	-0.0107014	-0.250078	-0.00464574	-0.226131	-0.0578727	-0.0566203	0.348548	0.0286226	-0.0308824	0.00543	0.104846	0.0705976	0.0100912	-0.00569621	0.000822568	-0.0603869	-0.0403718	-0.0394981	0	0	0.469433	-0.168739	-0.119138	0.0163291	-0.199033	0	0	0	0	0	0.270128	0.0724467	0	0	0	0.10367	0.00917767	-0.149872	0.545414	1.22565	595.428	5.20426	0.765721	1.97385	34.2299	0.330459	1.38912	44.8653	16.6595	17.1666	35.8722	0.256385	17.9932	30.4902	0.319744	158.848	26.9983	88.2542	1.2687	0.311066	0	0	0	16.1218	0	0.596019	0	0.0693184	0.732887	0.219907	1.16575	0.380355	1.23321	0.273701	1.10766	0.0346724	0.688074	0.0933513	0.827612	0.0932363	0.641246	1.04502	0.897576	0.848066	0.066424	0.736333	-0.179582	0.594533	-13.3343	0.0086683	0.620116	1.15713	1.02697	0.692542	0.0665126	0.620373	1.72227	0.968163	1.86201e-19	1.41261	0.0977255	0	105.284	7.28362	0	0.0772296	1.07847	-5.85562	0.00655456	0.595983	-0	4.79075	435.606	-0	39.8231	-0.437971	738.706	1.69581	-6.02473e-15	-0.09142	-0	-0	-0	-0	-0	-0	0	0	0	0	0	0	0.116938	0.126394	0.148293	-0.223236	0.116727	-0.134582	0.0251705	0.208185	-0.282819	-0.0683106
1.6	-0.174339	1.85292	0.912816	-0.365804	-0.0874372	-0.448281	-0.0215669	-0.112958	0.194253	0.453146	1.69688	0.0441811	-0.571371	-0.59237	-0.696374	-4.48339	4.02426	-2.32679	0.0328764	0.0671413	0.0171741	0.133533	0.0162903	0.0969723	0.326476	0.123475	0.01	0.0783786	0.0109884	0.0618017	0.25087	0.0413732	0.115585	0.0299583	0.341872	0.0755447	0.114763	0.081592	0.0100101	0.132836	0.0570544	0.113325	0.280712	0.112767	0.0100004	0.06831	0.331687	0.0620873	0.443292	0.0628334	0.435707	0.0506985	0.0482502	0.0511853	-0.120826	0.01	0.687924	-0.397535	0.00288019	0.0151539	0.0162023	0.0162023	1.21063	-0.120407	0.00740667	0.0659347	-0.202509	0.01	0.618052	-0.180402	0.00163956	0.00465354	0.337905	0.337905	1.1583	0.102935	0.0232737	0.328376	-0.164493	0.01	1.03266	0.504438	0.00329455	0.0192554	0	0.01	0.622373	0.216595	0.00214546	0.00850113	0.0591725	0.0591725	0.811239	-1.24613	0.0108446	0.111609	-0.138481	0.01	0.680871	-0.467125	0.0055415	0.0437637	0.390336	0.390336	1.10607	-0.231591	0.0219546	0.30053	0.0118336	0.0118336	0.835984	-1.13247	0.00598495	0.048902	0.0098706	0.01	1.20431	0.936193	0.00774012	0.0700606	-0.0498943	0.01	0.722273	-1.35766	0.00231172	0.00991734	0.301583	0.301583	1.05785	1.2461	0.024566	0.356274	-0.0258941	0.01	0.9	0.195663	0.00253912	0.0119467	0.192031	0.192031	0.625249	-1.53381	0.00833952	0.0776194	0.459007	0.459007	1.23203	-0.149185	0.0257521	0.382333	0.418922	0.418922	1.15224	-1.43047	0.0169499	0.205755	-0.359329	0.01	0.749418	1.69085	0.00736125	0.0653768	0	0	0	0	0	0	0	0	0	0	0	0	0	0	0	0	0	0	1.85292	0.912816	0	1.69688	0.0441811	0	1.78329	0.925079	0	1.69132	0.0126293	0	0	0	-0.174339	0	0	0.453146	1.77182	0.859981	0.0835	1.72082	0.00743376	0	1.6844	0.714183	0.0835	1.70358	0.0177695	0	0	0	-0.540142	0	0	-0.118225	1.56818	0.520357	0.0835	1.68067	0.0315099	0	1.45855	0.369233	0.0835	1.57328	0.109411	0	0	0	-0.627579	0	0	-0.710595	1.25561	0.195286	0.09142	1.46568	0.29546	0	1.3295	0.121535	0.09142	1.36192	0.191488	0	0	0	-1.07586	0	0	-1.40697	1.77182	0.859981	-0.0835	1.72082	0.00743376	0	1.73873	0.693233	-0.0835	1.04878	0.1408	0	0	0	-0.195906	0	0	-4.03024	1.69474	0.471556	-0.0835	0.155369	0.318098	0	1.63799	0.293691	-0.0835	0.154304	0.318438	0	0	0	-0.308864	0	0	-0.00598729	1.51078	0.0258062	-0.09142	0.0687094	0.443095	0	1.61356	0.0441734	-0.09142	0.111556	0.203345	0	0	0	-0.11461	0	0	-2.33278	1.76788	1.01055	0	1.65259	0.005647	0	1.79384	1.3309	0	1.50742	0.0174111	0	0	0	-0.174339	0	0	0.453146	1.94429e-17	1.03847	0.515428	1.17278	1.67962	2.39951	2.81491	0.296127	1	3	-0.161764	-0.185823	-0.452015	-0.519242	0.0986345	0.0395697	0.243921	0.230813	0.23251	0.281101	-0.010334	-0.242128	-0.00462567	-0.240445	-0.0558126	-0.0546048	0.362107	0.0552195	-0.0606697	7.47678e-05	0.0877082	0.0476652	0.0123052	-7.84332e-05	0.00155393	-0.0407712	-0.0778864	-0.0762009	0	0	0.470993	-0.164493	-0.120826	0.0162023	-0.202509	0	0	0	0	0	0.301583	0.0733158	0	0	0	0.0930807	0.0098706	-0.157221	0.545414	1.22565	554.696	4.18679	0.736389	1.67215	36.1116	0.327943	1.38228	30.3069	9.22167	29.4957	28.3668	0.252022	15.1616	34.6761	0.320279	125.741	31.0124	92.0207	1.16173	0.322383	0	0	0	0	0	0.587592	0	0.0653768	0.749418	0.205755	1.15224	0.382333	1.23203	0.30053	1.10607	0.0437637	0.680871	0.111609	0.811239	0.0776194	0.625249	1.05785	0.9	0.835984	0.0700606	0.722273	-0.174339	0.453146	-20.0774	0.00850113	0.622373	1.1583	1.03266	0.687924	0.0659347	0.618052	1.7364	0.968934	1.86201e-19	1.41384	0.0576876	0	105.375	4.29954	0	0.161618	1.09073	-5.90977	0.0185715	0.587299	-0	13.5739	429.259	-0	39.2428	-1.24093	728.216	1.69645	-6.027e-15	-0.09142	-0	-0	-0	-0	-0	-0	0	0	0	0	0	0	0.0887724	0.103258	0.136352	-0.217599	0.107327	-0.123745	0.0245349	0.19142	-0.275676	-0.0488315
1.61	-0.170974	1.86945	0.913017	-0.365844	-0.102168	-0.446878	-0.0619241	-0.0785359	0.174066	0.177055	1.58856	-0.00295404	0.650987	-2.35537	0.477292	-3.01011	1.77775	-0.972935	0.0299475	0.0667696	0.017046	0.133208	0.015517	0.0969291	0.339795	0.123529	0.01	0.0788367	0.0108685	0.0623028	0.206241	0.040899	0.0994693	0.0298598	0.389038	0.0753337	0.0988048	0.0805603	0.0103731	0.133736	0.0506849	0.111358	0.309813	0.113959	0.0100003	0.0684439	0.293802	0.060692	0.460004	0.0627387	0.428953	0.0500482	0.043174	0.052304	-0.122229	0.01	0.684115	-0.381329	0.00271032	0.0135346	0.0160651	0.0160651	1.20769	-0.498514	0.00678311	0.0583571	-0.205057	0.01	0.617776	0.166264	0.00210733	0.00818552	0.350121	0.350121	1.15881	-0.0250499	0.022912	0.320668	-0.161018	0.01	1.03869	0.778754	0.00369952	0.0234306	0	0.01	0.62742	0.870318	0.00294848	0.0158158	0.00431516	0.01	0.801942	-0.64151	0.0114683	0.120715	-0.198682	0.01	0.678633	0.0651377	0.00635055	0.0532	0.41905	0.41905	1.10298	-0.381654	0.0226066	0.314202	-0.00102175	0.01	0.825413	-0.986093	0.00557875	0.0441922	0.0105265	0.0105265	1.21248	0.456586	0.00768171	0.0693339	-0.0660788	0.01	0.709742	-0.985081	0.00263438	0.0128244	0.330882	0.330882	1.06903	0.905399	0.0257178	0.381574	-0.0157783	0.01	0.901765	0.258042	0.00262925	0.0127768	0.143763	0.143763	0.611198	-1.05778	0.00829479	0.0770486	0.475918	0.475918	1.23017	-0.2125	0.0257667	0.382657	0.404974	0.404974	1.13746	-1.43741	0.0167181	0.201947	-0.354338	0.01	0.765798	1.23569	0.00658225	0.0559526	0	0	0	0	0	0	0	0	0	0	0	0	0	0	0	0	0	0	1.86945	0.913017	0	1.58856	-0.00295404	0	1.79978	0.925046	0	1.58643	-0.0152893	0	0	0	-0.170974	0	0	0.177055	1.78854	0.85991	0.0835	1.59796	-0.0172805	0	1.7016	0.713822	0.0835	1.71893	-0.0892695	0	0	0	-0.536818	0	0	0.828042	1.58602	0.519611	0.0835	1.87974	-0.184972	0	1.47467	0.369747	0.0835	1.65085	-0.0149132	0	0	0	-0.638986	0	0	-1.52732	1.26973	0.198042	0.09142	1.37734	0.269543	0	1.34288	0.123556	0.09142	1.29913	0.192727	0	0	0	-1.08586	0	0	-1.05003	1.78854	0.85991	-0.0835	1.59796	-0.0172805	0	1.7493	0.694499	-0.0835	1.12935	0.0938763	0	0	0	-0.232898	0	0	-2.83305	1.69714	0.474601	-0.0835	0.506363	0.241649	0	1.63993	0.296882	-0.0835	0.318816	0.302023	0	0	0	-0.311434	0	0	-1.0553	1.51132	0.0304098	-0.09142	0.00367508	0.490335	0	1.61449	0.0464335	-0.09142	0.036175	0.28109	0	0	0	-0.137368	0	0	-2.02824	1.78409	1.01046	0	1.57131	-0.0180684	0	1.80897	1.3309	0	1.51457	-0.0136627	0	0	0	-0.170974	0	0	0.177055	1.74986e-16	1.08058	0.610172	1.29384	1.75553	2.34294	2.75432	0.345897	1	3	-0.177525	-0.203928	-0.455386	-0.523114	0.1063	0.0374911	0.237819	0.220035	0.232087	0.295568	-0.00988043	-0.230823	-0.00460759	-0.252819	-0.0528807	-0.0517364	0.368797	0.0832179	-0.0886153	0.00731069	0.070068	0.0490849	0.0143823	-0.00766909	0.00230674	-0.0419856	-0.117378	-0.114838	0	0	0.472251	-0.161018	-0.122229	0.0160651	-0.205057	0	0	0	0	0	0.330882	0.0739144	0	0	0	0.0831078	0.0105265	-0.164302	0.545414	1.22565	511.278	3.73026	1.53797	1.15018	40.0949	0.325274	1.37996	17.598	3.10336	39.0397	22.5987	0.259628	11.7304	38.7039	0.320668	88.8904	35.3441	91.858	1.06977	0.34045	0	0	51.9293	0	0	0.530866	0	0.0559526	0.765798	0.201947	1.13746	0.382657	1.23017	0.314202	1.10298	0.0532	0.678633	0.120715	0.801942	0.0770486	0.611198	1.06903	0.901765	0.825413	0.0693339	0.709742	-0.170974	0.177055	-35.0189	0.0158158	0.62742	1.15881	1.03869	0.684115	0.0583571	0.617776	1.75055	0.969298	-3.72401e-19	1.42224	0.0141115	0	106.002	1.05175	0	0.250457	1.0146	-5.48813	0.252188	0.46714	-0	184.325	341.434	-0	31.2139	-16.851	580.216	1.69935	-6.0373e-15	-0.09142	-0	-0	-0	-0	-0	-0	0	0	0	0	0	0	0.0593512	0.0844114	0.124786	-0.208916	0.0982234	-0.113249	0.0235558	0.175184	-0.264676	-0.0326388
1.62	-0.170612	1.88478	0.912768	-0.353541	-0.133113	-0.444185	-0.0841757	-0.0697602	0.160652	-0.0737509	1.49251	-0.0455714	1.70533	-3.7346	0.495847	-1.74038	0.370968	-1.49478	0.0274116	0.0663981	0.0169017	0.132457	0.0148402	0.0974699	0.354416	0.123379	0.01	0.0795795	0.0107632	0.0634963	0.171297	0.0406335	0.0862336	0.0299496	0.395312	0.0750879	0.0856847	0.0796906	0.0109555	0.133983	0.045256	0.11024	0.337	0.11463	0.0100003	0.0687897	0.256508	0.060109	0.475218	0.0626034	0.419827	0.0494632	0.0388228	0.0530343	-0.123365	0.01	0.680309	-0.383073	0.00252568	0.0118241	0.0158378	0.0158378	1.20088	-0.852252	0.00607751	0.049985	-0.206514	0.01	0.621223	0.498748	0.00246861	0.0113071	0.366685	0.366685	1.1574	-0.265313	0.0216988	0.29522	-0.158042	0.01	1.04848	1.17834	0.00426763	0.0294994	0	0.01	0.639439	1.50814	0.00364459	0.0228561	-0.017413	0.01	0.796736	-0.443662	0.0107939	0.110879	-0.221902	0.01	0.680674	0.319856	0.00633475	0.0530131	0.401661	0.401661	1.09938	-0.340041	0.0231949	0.326693	-0.00686414	0.01	0.816503	-0.782593	0.005423	0.0424049	0.0111379	0.0111379	1.21471	0.09061	0.00744529	0.0664098	-0.0813177	0.01	0.702614	-0.535457	0.00316127	0.0179151	0.357472	0.357472	1.07533	0.459661	0.0261633	0.391463	-0.00703364	0.01	0.90632	0.586958	0.00303457	0.0166588	0.100665	0.100665	0.605327	-0.251172	0.010193	0.102362	0.489407	0.489407	1.22752	-0.342285	0.0251863	0.369852	0.387551	0.387551	1.12416	-1.26468	0.0172283	0.21039	-0.342746	0.01	0.776491	1.10116	0.0061175	0.0504538	0	0	0	0	0	0	0	0	0	0	0	0	0	0	0	0	0	0	1.88478	0.912768	0	1.49251	-0.0455714	0	1.81511	0.924772	0	1.49339	-0.040433	0	0	0	-0.170612	0	0	-0.0737509	1.80389	0.859631	0.0835	1.48859	-0.0396053	0	1.71881	0.712454	0.0835	1.72872	-0.178423	0	0	0	-0.524154	0	0	1.63158	1.6057	0.516795	0.0835	2.04795	-0.362968	0	1.49163	0.368991	0.0835	1.73712	-0.123087	0	0	0	-0.657266	0	0	-2.10302	1.28352	0.200901	0.09142	1.37146	0.285099	0	1.3555	0.125284	0.09142	1.24993	0.169405	0	0	0	-1.10145	0	0	-1.60717	1.80389	0.859631	-0.0835	1.48859	-0.0396053	0	1.76104	0.695119	-0.0835	1.19014	0.0381246	0	0	0	-0.254788	0	0	-1.81413	1.70408	0.476415	-0.0835	0.793383	0.14146	0	1.64455	0.299462	-0.0835	0.53801	0.227378	0	0	0	-0.324548	0	0	-1.44317	1.512	0.0354333	-0.09142	0.107001	0.500817	0	1.61556	0.048715	-0.09142	0.146022	0.196579	0	0	0	-0.163896	0	0	-2.93795	1.79938	1.01018	0	1.49969	-0.0392731	0	1.82415	1.33063	0	1.52332	-0.0410997	0	0	0	-0.170612	0	0	-0.0737509	1.92475e-16	0.922723	0.56876	1.26636	1.85808	2.53672	2.79384	0.3185	1	3	-0.192677	-0.221334	-0.458304	-0.526466	0.115215	0.0355417	0.230624	0.207058	0.231736	0.306717	-0.00934567	-0.217209	-0.00459263	-0.262356	-0.0501311	-0.0490463	0.369068	0.103316	-0.104845	0.0286686	0.0560149	0.0691442	0.0155885	-0.0300741	0.00290647	-0.0591437	-0.145726	-0.142572	0	0	0.473209	-0.158042	-0.123365	0.0158378	-0.206514	0	0	0	0	0	0.357472	0.0743132	0	0	0	0.0741114	0.0111379	-0.170923	0.545414	1.22565	477.711	3.40486	2.05936	1.12155	61.6584	0.320945	1.38697	12.112	2.6936	37.546	17.4561	0.273672	7.98991	42.6531	0.321675	44.3004	42.1499	86.7356	0.984405	0.349242	0	0	12.6335	0	0	0.593031	0	0.0504538	0.776491	0.21039	1.12416	0.369852	1.22752	0.326693	1.09938	0.0530131	0.680674	0.110879	0.796736	0.102362	0.605327	1.07533	0.90632	0.816503	0.0664098	0.702614	-0.170612	-0.0737509	-18.9547	0.0228561	0.639439	1.1574	1.04848	0.680309	0.049985	0.621223	1.76487	0.969195	1.86201e-19	1.43658	-0.0314515	0	107.071	-2.34412	0	0.279786	0.91566	-4.68633	0.059307	0.590058	-0	43.3477	431.276	-0	39.4272	-3.96284	732.077	1.69747	-6.03062e-15	-0.09142	-0	-0	-0	-0	-0	-0	0	0	0	0	0	0	0.0306192	0.0700458	0.113838	-0.194813	0.0896057	-0.103313	0.0219658	0.159814	-0.24681	-0.019529
1.63	-0.172236	1.89941	0.91209	-0.33255	-0.175899	-0.433385	-0.0992639	-0.067975	0.147196	-0.237931	1.43818	-0.0885188	2.42664	-4.70255	1.34455	-1.35243	0.07629	-1.19371	0.0252097	0.0660144	0.0167137	0.131362	0.0142469	0.0984319	0.372077	0.122966	0.01	0.0806035	0.0106706	0.0652385	0.144091	0.0404471	0.0752402	0.0302425	0.412112	0.0748083	0.0747827	0.0790099	0.0115281	0.134031	0.040605	0.109517	0.35998	0.115034	0.0100003	0.0692566	0.220887	0.0600215	0.487035	0.0623904	0.408377	0.0489312	0.035077	0.0537568	-0.124302	0.01	0.676377	-0.401751	0.00232604	0.0100421	0.0149521	0.0149521	1.19095	-1.12197	0.00538169	0.0419325	-0.205059	0.01	0.627354	0.720664	0.00268892	0.0133336	0.387491	0.387491	1.15353	-0.511343	0.0206213	0.273252	-0.154884	0.01	1.06197	1.50807	0.00481054	0.0354813	0	0.01	0.656983	1.98043	0.00416592	0.0283973	-0.0617002	0.01	0.793081	-0.281284	0.0101851	0.102252	-0.272882	0.01	0.687329	1.02036	0.00665977	0.0568785	0.423999	0.423999	1.09529	-0.495883	0.0226082	0.314236	-0.00552179	0.01	0.809528	-0.619193	0.00525354	0.0404721	0.0117012	0.0117012	1.21515	0.0165464	0.0074165	0.0660556	-0.0941227	0.01	0.698003	-0.405488	0.00314723	0.0177749	0.377005	0.377005	1.07912	0.327862	0.0267708	0.405041	0.000194797	0.01	0.912472	0.617896	0.00307557	0.0170633	0.0629027	0.0629027	0.604446	0.0326488	0.0103269	0.104238	0.497814	0.497814	1.22334	-0.488504	0.0244188	0.35307	0.368037	0.368037	1.11207	-1.13957	0.0174867	0.21476	-0.324752	0.01	0.787068	0.968706	0.0056918	0.045496	0	0	0	0	0	0	0	0	0	0	0	0	0	0	0	0	0	0	1.89941	0.91209	0	1.43818	-0.0885188	0	1.82976	0.924207	0	1.44106	-0.071946	0	0	0	-0.172236	0	0	-0.237931	1.81843	0.859085	0.0835	1.42557	-0.0692506	0	1.73621	0.710287	0.0835	1.75124	-0.249196	0	0	0	-0.504785	0	0	2.1887	1.62692	0.512474	0.0835	2.1842	-0.488417	0	1.50942	0.367382	0.0835	1.81945	-0.193052	0	0	0	-0.680684	0	0	-2.51385	1.29715	0.203574	0.09142	1.37369	0.261029	0	1.36817	0.127054	0.09142	1.28421	0.177978	0	0	0	-1.11407	0	0	-1.1693	1.81843	0.859085	-0.0835	1.42557	-0.0692506	0	1.77284	0.695312	-0.0835	1.16511	0.00325394	0	0	0	-0.2715	0	0	-1.59036	1.71223	0.47759	-0.0835	0.818855	0.0996423	0	1.65006	0.301545	-0.0835	0.55231	0.193771	0	0	0	-0.339475	0	0	-1.51407	1.51316	0.0402732	-0.09142	0.118698	0.467768	0	1.61705	0.0506108	-0.09142	0.14669	0.186457	0	0	0	-0.192278	0	0	-2.70778	1.81417	1.00964	0	1.46139	-0.0682371	0	1.83946	1.33005	0	1.53763	-0.0742537	0	0	0	-0.172236	0	0	-0.237931	1.94429e-17	0.84255	0.56393	1.23535	1.90621	2.50567	2.76618	0.306887	1	3	-0.206195	-0.236862	-0.460705	-0.529224	0.125252	0.0336468	0.222242	0.193254	0.23137	0.312875	-0.00872265	-0.202728	-0.00457701	-0.267623	-0.0474585	-0.0464314	0.368995	0.132853	-0.115964	0.03047	0.044843	0.0767895	0.016415	-0.0319638	0.00338325	-0.0656832	-0.187388	-0.183333	0	0	0.472906	-0.154884	-0.124302	0.0149521	-0.205059	0	0	0	0	0	0.377005	0.0746034	0	0	0	0.0662398	0.0117012	-0.175828	0.545414	1.22565	478.749	3.17454	2.28882	1.09959	81.7221	0.314978	1.40125	8.16974	2.37436	45.1716	13.5521	0.287821	6.29878	45.8785	0.323035	22.6928	48.8293	81.7169	0.910795	0.366534	0	0	4.39619	0	0	0.617061	0	0.045496	0.787068	0.21476	1.11207	0.35307	1.22334	0.314236	1.09529	0.0568785	0.687329	0.102252	0.793081	0.104238	0.604446	1.07912	0.912472	0.809528	0.0660556	0.698003	-0.172236	-0.237931	-14.7323	0.0283973	0.656983	1.15353	1.06197	0.676377	0.0419325	0.627354	1.77925	0.968678	-3.72401e-19	1.43996	-0.0700227	0	107.323	-5.21889	0	0.316789	0.977497	-4.77277	0.0231872	0.616625	-0	16.9476	450.693	-0	41.2024	-1.54935	765.191	1.69781	-6.03183e-15	-0.09142	-0	-0	-0	-0	-0	-0	0	0	0	0	0	0	0.00400696	0.0588957	0.103801	-0.175563	0.0817054	-0.0942038	0.0197952	0.145724	-0.222421	-0.00871789
1.64	-0.17537	1.91356	0.910977	-0.305261	-0.226337	-0.419186	-0.111588	-0.0676489	0.136607	-0.38038	1.39475	-0.131927	2.98499	-5.31733	1.57754	-1.1305	0.00203245	-0.952072	0.0232948	0.0656269	0.0163218	0.130017	0.0137266	0.0996993	0.394974	0.122301	0.01	0.0818235	0.0105892	0.0673671	0.122472	0.0403262	0.0660345	0.0307375	0.413835	0.0744323	0.0656504	0.0784595	0.0114997	0.134041	0.036607	0.108934	0.375595	0.115358	0.0100002	0.0697069	0.191162	0.0600964	0.494808	0.0621181	0.395239	0.0484637	0.0318436	0.0543541	-0.125238	0.01	0.672407	-0.3844	0.00221047	0.00904747	0.0129362	0.0129362	1.17876	-1.31641	0.00471202	0.0343843	-0.20056	0.01	0.635432	0.893499	0.00286686	0.0150254	0.41685	0.41685	1.14729	-0.740475	0.019988	0.260701	-0.149762	0.01	1.07804	1.69372	0.00525547	0.040494	0	0.01	0.67842	2.30064	0.00454102	0.0324919	-0.0721815	0.01	0.79071	-0.200948	0.00935788	0.0909355	-0.28836	0.01	0.69858	1.23582	0.00650465	0.0550282	0.415465	0.415465	1.08978	-0.61335	0.0218586	0.298534	0.00549408	0.01	0.803888	-0.509489	0.00501344	0.0377558	0.0109726	0.0109726	1.21524	0.00150664	0.00740093	0.0658641	-0.103746	0.01	0.694292	-0.337409	0.0030412	0.0167241	0.387221	0.387221	1.08216	0.28524	0.0272843	0.416607	0.0059578	0.01	0.918405	0.560834	0.00301886	0.0165043	0.062382	0.062382	0.605201	0.0986803	0.00960696	0.0942935	0.501535	0.501535	1.218	-0.573559	0.0240256	0.344542	0.348731	0.348731	1.10145	-0.976088	0.0179015	0.221923	-0.303524	0.01	0.795814	0.781684	0.00523363	0.0402459	0	0	0	0	0	0	0	0	0	0	0	0	0	0	0	0	0	0	1.91356	0.910977	0	1.39475	-0.131927	0	1.84395	0.923312	0	1.39945	-0.105447	0	0	0	-0.17537	0	0	-0.38038	1.83241	0.858226	0.0835	1.37469	-0.10106	0	1.75382	0.707487	0.0835	1.76731	-0.305776	0	0	0	-0.480631	0	0	2.60461	1.64933	0.507092	0.0835	2.28926	-0.577927	0	1.52806	0.365137	0.0835	1.90417	-0.248962	0	0	0	-0.706968	0	0	-2.71272	1.31118	0.206131	0.09142	1.43184	0.246536	0	1.38128	0.128759	0.09142	1.34401	0.166963	0	0	0	-1.12615	0	0	-1.13518	1.83241	0.858226	-0.0835	1.37469	-0.10106	0	1.7843	0.695178	-0.0835	1.12834	-0.0283625	0	0	0	-0.286958	0	0	-1.51088	1.72033	0.478419	-0.0835	0.800847	0.0682824	0	1.6555	0.303335	-0.0835	0.536673	0.166095	0	0	0	-0.354607	0	0	-1.50884	1.51434	0.0447629	-0.09142	0.117576	0.433066	0	1.61846	0.0524252	-0.09142	0.136432	0.176832	0	0	0	-0.217999	0	0	-2.46092	1.82863	1.0088	0	1.43196	-0.0996192	0	1.85492	1.32912	0	1.55381	-0.10962	0	0	0	-0.17537	0	0	-0.38038	9.72143e-18	0.793629	0.537738	1.15212	1.94199	2.42057	2.77676	0.30037	1	3	-0.219137	-0.251729	-0.462254	-0.531003	0.136003	0.0317336	0.212674	0.180817	0.230825	0.314502	-0.0080115	-0.189681	-0.00455374	-0.269014	-0.0447599	-0.0437912	0.367965	0.145876	-0.121063	0.0384594	0.0373135	0.0918083	0.016794	-0.0403449	0.00370458	-0.0785298	-0.205756	-0.201303	0	0	0.470305	-0.149762	-0.125238	0.0129362	-0.20056	0	0	0	0	0	0.387221	0.0753526	0	0	0	0.0596048	0.0109726	-0.178515	0.545414	1.22565	491.528	2.86645	2.30548	1.08273	101.334	0.307868	1.42064	5.96618	2.12276	48.791	10.7909	0.278301	5.22596	47.8058	0.324346	19.8337	52.7579	74.9261	0.84562	0.377864	0	0	2.30624	0	0	0.628348	0	0.0402459	0.795814	0.221923	1.10145	0.344542	1.218	0.298534	1.08978	0.0550282	0.69858	0.0909355	0.79071	0.0942935	0.605201	1.08216	0.918405	0.803888	0.0658641	0.694292	-0.17537	-0.38038	-13.8848	0.0324919	0.67842	1.14729	1.07804	0.672407	0.0343843	0.635432	1.79366	0.967781	-3.72401e-19	1.44251	-0.107073	0	107.512	-7.9803	0	0.345077	1.0576	-4.99112	0.0303594	0.627614	-0	22.1898	458.725	-0	41.9367	-2.02859	779.126	1.69846	-6.03414e-15	-0.09142	-0	-0	-0	-0	-0	-0	0	0	0	0	0	0	-0.014283	0.076665	0.0949887	-0.149099	0.0747689	-0.0862062	0.0168114	0.133352	-0.188895	0.00208746
1.65	-0.179882	1.9273	0.909432	-0.272952	-0.281715	-0.401356	-0.121851	-0.0678853	0.128033	-0.516199	1.35521	-0.175363	3.44526	-5.70477	1.9127	-0.931944	-0.0453735	-0.775922	0.0216305	0.0652765	0.0157321	0.128482	0.0132712	0.101214	0.423785	0.121405	0.01	0.0831413	0.0105178	0.0697654	0.105062	0.0402387	0.0582914	0.0313462	0.412729	0.0739648	0.0590925	0.0779978	0.0114163	0.134037	0.0331674	0.10845	0.386189	0.115645	0.0100817	0.0701059	0.16938	0.0601964	0.500401	0.0618148	0.382285	0.0480682	0.0290517	0.0548407	-0.126206	0.01	0.668817	-0.323433	0.00219336	0.0089027	0.0109702	0.0109702	1.16485	-1.46173	0.00406902	0.0273533	-0.194007	0.01	0.645085	1.03618	0.00302395	0.0165543	0.451133	0.451133	1.13889	-0.936634	0.0198198	0.25742	-0.142703	0.01	1.09541	1.76112	0.00561881	0.0446535	0	0.01	0.702572	2.51951	0.00480214	0.0353876	-0.0781251	0.01	0.788994	-0.142097	0.00857751	0.0806751	-0.291013	0.01	0.712414	1.52122	0.00643354	0.0541833	0.405286	0.405286	1.08294	-0.764166	0.0208765	0.278391	0.023288	0.023288	0.799158	-0.440678	0.00479278	0.0352832	0.0107792	0.0107792	1.2152	-0.00903644	0.00738158	0.0656263	-0.111449	0.01	0.691208	-0.278332	0.00294236	0.0157563	0.39445	0.39445	1.08485	0.253098	0.0275785	0.423272	0.0101352	0.0101352	0.923661	0.485723	0.00294807	0.0158119	0.0681527	0.0681527	0.606208	0.101148	0.00886476	0.0844077	0.50726	0.50726	1.21205	-0.61377	0.0238944	0.341707	0.341372	0.341372	1.09246	-0.822087	0.0183096	0.229152	-0.293348	0.01	0.802939	0.644392	0.00484874	0.035908	0	0	0	0	0	0	0	0	0	0	0	0	0	0	0	0	0	0	1.9273	0.909432	0	1.35521	-0.175363	0	1.85774	0.922082	0	1.36174	-0.139457	0	0	0	-0.179882	0	0	-0.516199	1.84592	0.857048	0.0835	1.32817	-0.133352	0	1.77154	0.704182	0.0835	1.77592	-0.351208	0	0	0	-0.452834	0	0	2.92906	1.67266	0.500961	0.0835	2.37117	-0.640829	0	1.54752	0.362404	0.0835	1.98658	-0.293488	0	0	0	-0.734549	0	0	-2.77571	1.32586	0.2084	0.09142	1.50831	0.209719	0	1.3952	0.130347	0.09142	1.44095	0.149879	0	0	0	-1.1359	0	0	-0.863007	1.84592	0.857048	-0.0835	1.32817	-0.133352	0	1.7954	0.694728	-0.0835	1.0931	-0.0601921	0	0	0	-0.301733	0	0	-1.44814	1.72823	0.478938	-0.0835	0.78061	0.0370676	0	1.66079	0.304847	-0.0835	0.520602	0.137801	0	0	0	-0.369618	0	0	-1.49352	1.5155	0.0489142	-0.09142	0.11581	0.399316	0	1.61978	0.0541188	-0.09142	0.127622	0.162674	0	0	0	-0.241585	0	0	-2.26944	1.84281	1.00763	0	1.4059	-0.131747	0	1.87054	1.32784	0	1.57119	-0.146065	0	0	0	-0.179882	0	0	-0.516199	7.83767e-17	0.782001	0.517894	1.07326	1.96376	2.35533	2.80916	0.300159	1	3	-0.231762	-0.266232	-0.462775	-0.531602	0.146657	0.0271591	0.202209	0.17747	0.229971	0.314768	-0.00723371	-0.186171	-0.00451728	-0.269242	-0.0383076	-0.0374786	0.365956	0.152512	-0.122648	0.046752	0.0330379	0.0992985	0.0169118	-0.049044	0.00388705	-0.0849366	-0.215117	-0.210461	0	0	0.465295	-0.142703	-0.126206	0.0109702	-0.194007	0	0	0	0	0	0.39445	0.0763645	0	0	0	0.0544114	0.0107792	-0.180516	0.545414	1.22565	506.764	2.48253	2.20472	1.07007	121.204	0.300189	1.44364	4.46088	1.91834	52.6932	9.522	0.295299	4.36542	49.1032	0.328873	18.3028	55.1896	68.5491	0.788107	0.391687	0	0	0.921063	0	0	0.642025	0	0.035908	0.802939	0.229152	1.09246	0.341707	1.21205	0.278391	1.08294	0.0541833	0.712414	0.0806751	0.788994	0.0844077	0.606208	1.08485	0.923661	0.799158	0.0656263	0.691208	-0.179882	-0.516199	-13.2728	0.0353876	0.702572	1.13889	1.09541	0.668817	0.0273533	0.645085	1.80811	0.966522	1.86201e-19	1.44599	-0.142977	0	107.771	-10.6563	0	0.361002	1.13423	-5.21332	0.0408997	0.640721	-0	29.8937	468.305	-0	42.8124	-2.73289	795.679	1.69906	-6.03628e-15	-0.09142	-0	-0	-0	-0	-0	-0	0	0	0	0	0	0	-0.0190626	0.0872153	0.0877448	-0.118868	0.0690669	-0.079632	0.0134027	0.123183	-0.150594	0.01325
1.66	-0.185727	1.94066	0.907457	-0.236444	-0.339905	-0.381404	-0.130207	-0.0685325	0.121071	-0.646458	1.31912	-0.217853	3.82967	-5.9	2.09148	-0.749322	-0.0809772	-0.625319	0.0201799	0.0650099	0.0150326	0.126813	0.0128717	0.102937	0.459751	0.120312	0.01	0.0844671	0.010455	0.0723345	0.0908202	0.0401752	0.0517275	0.0320499	0.413502	0.0733902	0.0569322	0.0775818	0.0113377	0.134022	0.0301955	0.108057	0.394215	0.115895	0.0113611	0.0704204	0.151697	0.0602981	0.502255	0.0614996	0.373335	0.0477327	0.0266319	0.0552422	-0.127182	0.01	0.666085	-0.211286	0.00228659	0.00969938	0.00911544	0.01	1.14971	-1.5622	0.00347088	0.0210556	-0.185871	0.01	0.656071	1.15965	0.00316965	0.0179988	0.497284	0.497284	1.12863	-1.11347	0.0199843	0.260629	-0.134292	0.01	1.11287	1.71409	0.00589978	0.0479088	0	0.01	0.728444	2.64362	0.00495015	0.0370442	-0.0969773	0.01	0.78775	-0.108296	0.0078197	0.0710534	-0.298284	0.01	0.728407	1.68059	0.00629434	0.0525355	0.416096	0.416096	1.07453	-0.928166	0.019964	0.260231	0.0529515	0.0529515	0.794895	-0.416041	0.00471125	0.0343757	0.0107623	0.0107623	1.21507	-0.017182	0.00736125	0.0653768	-0.117382	0.01	0.688699	-0.223104	0.00285777	0.0149379	0.400686	0.400686	1.0872	0.216056	0.0276956	0.425933	0.0116094	0.0116094	0.927805	0.378245	0.00296724	0.0159988	0.0635173	0.0635173	0.607232	0.103784	0.00824308	0.0763902	0.49919	0.49919	1.20588	-0.613159	0.023942	0.342735	0.343143	0.343143	1.08483	-0.700904	0.0187037	0.236306	-0.287085	0.01	0.808817	0.530331	0.00450865	0.0321353	0	0	0	0	0	0	0	0	0	0	0	0	0	0	0	0	0	0	1.94066	0.907457	0	1.31912	-0.217853	0	1.87118	0.920512	0	1.32756	-0.172934	0	0	0	-0.185727	0	0	-0.646458	1.85897	0.855549	0.0835	1.28556	-0.165043	0	1.78932	0.700475	0.0835	1.77919	-0.386773	0	0	0	-0.422171	0	0	3.18321	1.69671	0.494317	0.0835	2.43544	-0.681544	0	1.56781	0.359257	0.0835	2.06851	-0.331343	0	0	0	-0.762076	0	0	-2.71679	1.34144	0.210253	0.09142	1.60723	0.161535	0	1.41019	0.131677	0.09142	1.55809	0.118548	0	0	0	-1.14348	0	0	-0.625309	1.85897	0.855549	-0.0835	1.28556	-0.165043	0	1.80615	0.693963	-0.0835	1.06002	-0.0913188	0	0	0	-0.315933	0	0	-1.39578	1.73593	0.479148	-0.0835	0.760187	0.0066916	0	1.66591	0.306077	-0.0835	0.504604	0.110101	0	0	0	-0.384466	0	0	-1.47676	1.51665	0.0527332	-0.09142	0.113088	0.366801	0	1.62101	0.0556625	-0.09142	0.119246	0.147424	0	0	0	-0.263395	0	0	-2.10208	1.85674	1.00615	0	1.38292	-0.163603	0	1.88635	1.32619	0	1.58981	-0.182743	0	0	0	-0.185727	0	0	-0.646458	1.56225e-16	0.791752	0.494549	0.994769	1.98201	2.32198	2.85596	0.301254	1	3	-0.2441	-0.280404	-0.461954	-0.530659	0.153611	0.0244901	0.192795	0.18489	0.22875	0.304235	-0.00653401	-0.193955	-0.00446521	-0.260233	-0.0345429	-0.0337954	0.363614	0.158575	-0.121203	0.0465878	0.0306436	0.0912071	0.0168044	-0.0488717	0.00398922	-0.0780156	-0.223668	-0.218828	0	0	0.458021	-0.134292	-0.127182	0.00911544	-0.185871	0	0	0	0	0	0.400686	0.0773402	0	0	0	0.0502118	0.0107623	-0.182174	0.545414	1.22565	527.144	1.99106	2.04685	1.0609	143.917	0.292462	1.46897	3.51336	1.74956	57.5828	10.124	0.312345	3.64951	50.1321	0.3748	16.3566	55.4167	63.8743	0.737438	0.412506	0	0	0.173075	0	0	0.658358	0	0.0321353	0.808817	0.236306	1.08483	0.342735	1.20588	0.260231	1.07453	0.0525355	0.728407	0.0710534	0.78775	0.0763902	0.607232	1.0872	0.927805	0.794895	0.0653768	0.688699	-0.185727	-0.646458	-12.7911	0.0370442	0.728444	1.12863	1.11287	0.666085	0.0210556	0.656071	1.82259	0.96491	1.86201e-19	1.45052	-0.17748	0	108.109	-13.2279	0	0.36943	1.20713	-5.43606	0.0522299	0.656282	-0	38.175	479.679	-0	43.8523	-3.48996	815.266	1.69961	-6.03822e-15	-0.09142	-0	-0	-0	-0	-0	-0	0	0	0	0	0	0	-0.0186978	0.0822152	0.0823136	-0.0795739	0.0647919	-0.0747031	0.00897219	0.115558	-0.100812	0.024518
1.67	-0.192841	1.95368	0.905065	-0.196398	-0.399349	-0.359275	-0.136821	-0.0694958	0.115581	-0.771227	1.28626	-0.258944	4.16162	-5.96816	2.3076	-0.581711	-0.110099	-0.477334	0.0189156	0.0648746	0.0144156	0.125052	0.0125215	0.104839	0.519986	0.119009	0.01	0.0857229	0.0103999	0.0749899	0.0790605	0.0401297	0.0461428	0.0328305	0.413198	0.0727046	0.0985961	0.0769123	0.0112646	0.133999	0.0276251	0.107746	0.400732	0.116105	0.0112182	0.0707035	0.136347	0.0604035	0.498846	0.0611952	0.366002	0.0474477	0.0245332	0.0555696	-0.128065	0.01	0.664699	-0.0537051	0.00247152	0.0113333	0.00736283	0.01	1.13374	-1.62637	0.00292398	0.0155777	-0.176408	0.01	0.668192	1.26504	0.00330321	0.0193431	0.586441	0.586441	1.11641	-1.31792	0.0206388	0.273603	-0.125208	0.01	1.12942	1.57783	0.00611362	0.0504083	0	0.01	0.755185	2.69571	0.00502447	0.03788	-0.0974108	0.01	0.786856	-0.0657483	0.00720546	0.0634704	-0.281646	0.01	0.746147	1.86929	0.00620768	0.0515138	0.409615	0.409615	1.06449	-1.08128	0.0191199	0.244038	0.119293	0.119293	0.788036	-0.86009	0.00571432	0.0457564	0.0107256	0.0107256	1.21486	-0.0237622	0.00733998	0.0651158	-0.120533	0.01	0.686717	-0.172619	0.00278387	0.0142306	0.406207	0.406207	1.08917	0.177217	0.0277018	0.426074	0.00639847	0.01	0.931535	0.356323	0.00292793	0.015616	0.0563859	0.0563859	0.608293	0.108344	0.00769382	0.0694846	0.486785	0.486785	1.19991	-0.576421	0.0241007	0.346167	0.341817	0.341817	1.07836	-0.593172	0.019105	0.243759	-0.274115	0.01	0.81361	0.425239	0.00419467	0.0287082	0	0	0	0	0	0	0	0	0	0	0	0	0	0	0	0	0	0	1.95368	0.905065	0	1.28626	-0.258944	0	1.88429	0.918614	0	1.29671	-0.205429	0	0	0	-0.192841	0	0	-0.771227	1.87162	0.853739	0.0835	1.24667	-0.195659	0	1.80711	0.696456	0.0835	1.77993	-0.414382	0	0	0	-0.389239	0	0	3.39039	1.72135	0.487361	0.0835	2.48884	-0.705154	0	1.58891	0.355766	0.0835	2.14962	-0.363762	0	0	0	-0.788588	0	0	-2.57776	1.35805	0.211531	0.09142	1.71493	0.0968694	0	1.42645	0.132656	0.09142	1.69362	0.0783901	0	0	0	-1.14786	0	0	-0.270164	1.87162	0.853739	-0.0835	1.24667	-0.195659	0	1.81659	0.692894	-0.0835	1.02906	-0.121203	0	0	0	-0.329662	0	0	-1.35294	1.74343	0.479063	-0.0835	0.739761	-0.0222204	0	1.67087	0.30704	-0.0835	0.488084	0.0839369	0	0	0	-0.399158	0	0	-1.46304	1.51775	0.056237	-0.09142	0.108439	0.335904	0	1.62215	0.0570596	-0.09142	0.110036	0.133329	0	0	0	-0.283577	0	0	-1.94037	1.87047	1.00435	0	1.36283	-0.194767	0	1.90235	1.32417	0	1.60948	-0.219357	0	0	0	-0.192841	0	0	-0.771227	5.16701e-17	0.834764	0.477554	0.931293	2.0349	2.34546	2.91307	0.30337	1	3	-0.256181	-0.294282	-0.459623	-0.527981	0.16049	0.0220836	0.184235	0.188731	0.22683	0.29043	-0.00589775	-0.197983	-0.00438324	-0.248424	-0.0311486	-0.0304745	0.360952	0.152529	-0.116491	0.0499847	0.0289629	0.0841107	0.0164542	-0.0524352	0.00406095	-0.0719455	-0.21514	-0.210484	0	0	0.448785	-0.125208	-0.128065	0.00736283	-0.176408	0	0	0	0	0	0.406207	0.0782047	0	0	0	0.0466892	0.0107256	-0.18354	0.545414	1.22565	572.527	1.355	1.88161	1.0547	180.18	0.285144	1.49561	2.67912	1.60868	61.05	25.3047	0.325542	3.05874	51.0028	0.352667	14.462	53.8286	59.3668	0.692872	0.452798	0	0	1.11773	0	0	0.675111	0	0.0287082	0.81361	0.243759	1.07836	0.346167	1.19991	0.244038	1.06449	0.0515138	0.746147	0.0634704	0.786856	0.0694846	0.608293	1.08917	0.931535	0.788036	0.0651158	0.686717	-0.192841	-0.771227	-12.0603	0.03788	0.755185	1.11641	1.12942	0.664699	0.0155777	0.668192	1.83712	0.962963	1.86201e-19	1.45624	-0.210433	0	108.536	-15.6839	0	0.372577	1.27851	-5.65532	0.0661128	0.671866	-0	48.3221	491.069	-0	44.8935	-4.4176	834.87	1.70011	-6.04e-15	-0.09142	-0	-0	-0	-0	-0	-0	0	0	0	0	0	0	-0.017027	0.0734129	0.0800464	-0.00744306	0.0630073	-0.0726454	0.000839226	0.112375	-0.00942963	0.0347097
1.68	-0.201161	1.96639	0.902271	-0.153234	-0.458986	-0.335556	-0.141854	-0.0707197	0.111548	-0.887242	1.25741	-0.298164	4.45592	-5.94874	2.42798	-0.433082	-0.132686	-0.336874	0.0178117	0.0649136	0.013875	0.123237	0.0122143	0.106898	0.57822	0.117533	0.01	0.0868489	0.0103514	0.07767	0.0692504	0.0401091	0.041366	0.0336821	0.411948	0.0719224	0.141569	0.0760372	0.0111955	0.13397	0.0253954	0.10751	0.406273	0.116274	0.0110703	0.0709548	0.122904	0.0605131	0.494341	0.0609134	0.360807	0.0472075	0.0227085	0.0558261	-0.128737	0.01	0.665098	0.147053	0.00272762	0.0136976	0.00576194	0.01	1.11729	-1.66058	0.00241781	0.0108518	-0.165826	0.01	0.681312	1.35837	0.00342636	0.0205984	0.639876	0.639876	1.10256	-1.43957	0.0215697	0.292553	-0.116067	0.01	1.14425	1.37389	0.00626699	0.0522127	0	0.01	0.782175	2.69539	0.00504938	0.0381606	-0.0972916	0.01	0.786453	-0.0118321	0.00671826	0.0575789	-0.264556	0.01	0.765503	1.99771	0.00610686	0.050329	0.407535	0.407535	1.05304	-1.20836	0.0183737	0.230305	0.160814	0.160814	0.77907	-0.858957	0.00762279	0.0686027	0.0106852	0.0106852	1.2146	-0.0289502	0.00731799	0.0648463	-0.120922	0.01	0.685216	-0.12774	0.00271727	0.0136	0.410926	0.410926	1.09075	0.139103	0.0276419	0.424712	0.00132638	0.01	0.934845	0.302986	0.0028457	0.0148218	0.050854	0.050854	0.609396	0.111542	0.00719658	0.0633621	0.480833	0.480833	1.19438	-0.526018	0.0243417	0.351394	0.344184	0.344184	1.0729	-0.497045	0.0195381	0.251981	-0.270914	0.01	0.817366	0.324126	0.00389609	0.0255054	0	0	0	0	0	0	0	0	0	0	0	0	0	0	0	0	0	0	1.96639	0.902271	0	1.25741	-0.298164	0	1.89712	0.916397	0	1.26995	-0.236701	0	0	0	-0.201161	0	0	-0.887242	1.88391	0.85163	0.0835	1.21248	-0.224983	0	1.82492	0.692194	0.0835	1.78146	-0.435513	0	0	0	-0.354395	0	0	3.56868	1.74649	0.480239	0.0835	2.53786	-0.715395	0	1.61083	0.351967	0.0835	2.23256	-0.392517	0	0	0	-0.813381	0	0	-2.38007	1.3758	0.212127	0.09142	1.83341	0.0254527	0	1.44412	0.133178	0.09142	1.83719	0.0287261	0	0	0	-1.14894	0	0	0.0479163	1.88391	0.85163	-0.0835	1.21248	-0.224983	0	1.82673	0.691533	-0.0835	1.0011	-0.149492	0	0	0	-0.343015	0	0	-1.32032	1.75072	0.478699	-0.0835	0.720094	-0.0491345	0	1.67566	0.307752	-0.0835	0.471706	0.0599274	0	0	0	-0.413734	0	0	-1.45301	1.51881	0.0594451	-0.09142	0.102312	0.307736	0	1.6232	0.0583249	-0.09142	0.100307	0.120877	0	0	0	-0.302186	0	0	-1.78988	1.88401	1.00225	0	1.34612	-0.225068	0	1.91855	1.32179	0	1.62963	-0.255716	0	0	0	-0.201161	0	0	-0.887242	3.90562e-17	0.896769	0.464309	0.876994	2.12344	2.41954	2.98071	0.304956	1	3	-0.268047	-0.307913	-0.455633	-0.523397	0.166178	0.0195352	0.176713	0.195025	0.224375	0.283416	-0.00533862	-0.204586	-0.00427846	-0.242425	-0.0275541	-0.0269578	0.357372	0.144907	-0.108525	0.0483586	0.0278724	0.0748023	0.0158621	-0.0507294	0.00410749	-0.0639834	-0.204389	-0.199966	0	0	0.437717	-0.116067	-0.128737	0.00576194	-0.165826	0	0	0	0	0	0.410926	0.0788862	0	0	0	0.0435154	0.0106852	-0.184636	0.545414	1.22565	608.866	1.10022	1.71604	1.05104	210.983	0.278582	1.52279	1.911	1.49004	63.727	36.634	0.335525	2.57701	51.7513	0.350387	12.8939	51.9094	55.4391	0.653588	0.503202	0	0	1.90505	0	0	0.691752	0	0.0255054	0.817366	0.251981	1.0729	0.351394	1.19438	0.230305	1.05304	0.050329	0.765503	0.0575789	0.786453	0.0633621	0.609396	1.09075	0.934845	0.77907	0.0648463	0.685216	-0.201161	-0.887242	-11.1016	0.0381606	0.782175	1.10256	1.14425	0.665098	0.0108518	0.681312	1.85172	0.960694	1.86201e-19	1.46353	-0.241911	0	109.079	-18.0299	0	0.37274	1.34968	-5.84763	0.0834747	0.686697	-0	61.0119	501.909	-0	45.8845	-5.57771	853.533	1.70057	-6.04165e-15	-0.09142	-0	-0	-0	-0	-0	-0	0	0	0	0	0	0	-0.0152624	0.0661164	0.0809448	0.0363541	0.0637145	-0.0734608	-0.00409903	0.113636	0.0460572	0.0424653
1.69	-0.210606	1.97883	0.89909	-0.107242	-0.51811	-0.310703	-0.145479	-0.0721352	0.108843	-0.9934	1.23281	-0.33538	4.72115	-5.87182	2.52731	-0.303326	-0.148336	-0.214545	0.0168454	0.0651693	0.0134004	0.121399	0.0119443	0.109097	0.624482	0.115952	0.01	0.0878026	0.0103087	0.0803309	0.0609883	0.0401186	0.0372578	0.0345848	0.409734	0.0710642	0.174552	0.0752526	0.0111301	0.133936	0.0234547	0.107342	0.41083	0.116404	0.0109401	0.0711651	0.111179	0.0606246	0.490253	0.0606581	0.357445	0.0470071	0.0211171	0.0560171	-0.129078	0.01	0.667719	0.396243	0.0030135	0.0164517	0.00435654	0.01	1.10062	-1.67025	0.00192993	0.00676695	-0.154272	0.01	0.695328	1.4417	0.0035349	0.0217161	0.677548	0.677548	1.08773	-1.52677	0.0223212	0.308193	-0.10741	0.01	1.15682	1.12056	0.00635748	0.0532819	0	0.01	0.808972	2.65841	0.00504037	0.0380591	-0.0930287	0.01	0.78664	0.0557972	0.00634103	0.0530873	-0.241713	0.01	0.786017	2.10562	0.0060159	0.0492637	0.40061	0.40061	1.04047	-1.30609	0.0177112	0.218615	0.192267	0.192267	0.771031	-0.725884	0.0094517	0.0921955	0.0106441	0.0106441	1.21429	-0.0326177	0.00729608	0.064578	-0.119457	0.01	0.684142	-0.0882033	0.00265676	0.0130328	0.414802	0.414802	1.09197	0.10373	0.0275389	0.422373	-0.00451931	0.01	0.937616	0.248774	0.00276007	0.0140046	0.0465667	0.0465667	0.610519	0.112375	0.00674634	0.0579156	0.478671	0.478671	1.18937	-0.471559	0.024645	0.357998	0.347143	0.347143	1.06834	-0.409847	0.0200054	0.261041	-0.272466	0.01	0.820162	0.232067	0.00361636	0.0225617	0	0	0	0	0	0	0	0	0	0	0	0	0	0	0	0	0	0	1.97883	0.89909	0	1.23281	-0.33538	0	1.90969	0.91387	0	1.24749	-0.266698	0	0	0	-0.210606	0	0	-0.9934	1.89587	0.84923	0.0835	1.18328	-0.252971	0	1.84275	0.687746	0.0835	1.78525	-0.451023	0	0	0	-0.317848	0	0	3.72775	1.77212	0.473066	0.0835	2.58552	-0.714314	0	1.6336	0.34789	0.0835	2.31714	-0.417317	0	0	0	-0.835958	0	0	-2.14408	1.39478	0.21195	0.09142	1.95697	-0.0526247	0	1.46327	0.133156	0.09142	1.98716	-0.0263752	0	0	0	-1.14666	0	0	0.383232	1.89587	0.84923	-0.0835	1.18328	-0.252971	0	1.83661	0.689895	-0.0835	0.976664	-0.176123	0	0	0	-0.356085	0	0	-1.29673	1.75783	0.478072	-0.0835	0.701987	-0.07396	0	1.6803	0.30823	-0.0835	0.456555	0.0380722	0	0	0	-0.42822	0	0	-1.44506	1.51979	0.0623821	-0.09142	0.0960301	0.282773	0	1.62415	0.0594674	-0.09142	0.0911929	0.109573	0	0	0	-0.319378	0	0	-1.65961	1.89739	0.999841	0	1.33289	-0.25448	0	1.93495	1.31904	0	1.64999	-0.291792	0	0	0	-0.210606	0	0	-0.9934	1.63901e-16	0.949107	0.454324	0.832085	2.21237	2.50563	3.05829	0.307009	1	3	-0.279743	-0.321348	-0.44993	-0.516847	0.170812	0.0174296	0.170349	0.201378	0.22164	0.281084	-0.00486565	-0.211251	-0.00416174	-0.24043	-0.0245842	-0.0240522	0.35292	0.13513	-0.0987303	0.0476162	0.0270834	0.0663622	0.0151341	-0.0499505	0.00414116	-0.056764	-0.190599	-0.186474	0	0	0.424732	-0.10741	-0.129078	0.00435654	-0.154272	0	0	0	0	0	0.414802	0.0794998	0	0	0	0.0384078	0.0106441	-0.185486	0.545414	1.22565	634.78	1.06132	1.5592	1.04958	236.535	0.273025	1.54999	1.60191	1.38877	65.2849	42.7395	0.342105	2.18519	52.372	0.34833	11.5926	49.9329	51.8029	0.618872	0.552169	0	0	2.51559	0	0	0.709813	0	0.0225617	0.820162	0.261041	1.06834	0.357998	1.18937	0.218615	1.04047	0.0492637	0.786017	0.0530873	0.78664	0.0579156	0.610519	1.09197	0.937616	0.771031	0.064578	0.684142	-0.210606	-0.9934	-10.0658	0.0380591	0.808972	1.08773	1.15682	0.667719	0.00676695	0.695328	1.8664	0.958112	1.86201e-19	1.47257	-0.271916	0	109.753	-20.2663	0	0.370018	1.42066	-6.00245	0.102153	0.702423	-0	74.6639	513.404	-0	46.9354	-6.82578	873.289	1.70098	-6.04309e-15	-0.09142	-0	-0	-0	-0	-0	-0	0	0	0	0	0	0	-0.013453	0.0600197	0.0838851	0.0699746	0.0660289	-0.0761293	-0.00788984	0.117764	0.088651	0.0464004
1.7	-0.221048	1.99105	0.895551	-0.0587702	-0.576198	-0.285067	-0.147917	-0.0736773	0.10726	-1.08896	1.21279	-0.370417	4.95795	-5.74345	2.59168	-0.192383	-0.158856	-0.109287	0.0160016	0.0656768	0.0129849	0.119563	0.0117076	0.111416	0.66307	0.114279	0.01	0.0885547	0.0102713	0.0829403	0.0540148	0.0401661	0.0337263	0.0355279	0.406272	0.0701482	0.204829	0.0745884	0.0110671	0.133899	0.0217687	0.10723	0.414664	0.116498	0.010826	0.0713364	0.100934	0.0607359	0.487237	0.0604306	0.355669	0.0468434	0.019732	0.0561496	-0.12898	0.01	0.672919	0.656616	0.00327427	0.0190503	0.00314027	0.01	1.08398	-1.65315	0.00142313	0.00328526	-0.141856	0.01	0.710111	1.51362	0.00362438	0.0226453	0.708489	0.708489	1.07204	-1.61084	0.0228379	0.319097	-0.0996468	0.01	1.16673	0.845107	0.00638484	0.053606	0	0.01	0.835249	2.59047	0.00500274	0.0376354	-0.0893511	0.01	0.787571	0.13665	0.00604913	0.0496525	-0.219405	0.01	0.807451	2.18088	0.00592324	0.0481821	0.393796	0.393796	1.02706	-1.37635	0.0171128	0.208457	0.221618	0.221618	0.764225	-0.621597	0.0110717	0.114898	0.0106005	0.0106005	1.21395	-0.0350874	0.00727446	0.0643134	-0.116399	0.01	0.683429	-0.0545791	0.00260042	0.0125098	0.417852	0.417852	1.09285	0.0723289	0.0274245	0.41978	-0.0117581	0.01	0.939873	0.201523	0.00268187	0.0132675	0.0431018	0.0431018	0.611641	0.11134	0.00633934	0.0530673	0.479202	0.479202	1.18491	-0.418567	0.0249895	0.36553	0.350614	0.350614	1.06462	-0.332113	0.0204882	0.270591	-0.27727	0.01	0.822102	0.154207	0.00336508	0.0199719	0	0	0	0	0	0	0	0	0	0	0	0	0	0	0	0	0	0	1.99105	0.895551	0	1.21279	-0.370417	0	1.92207	0.911052	0	1.22967	-0.295301	0	0	0	-0.221048	0	0	-1.08896	1.90758	0.846561	0.0835	1.15944	-0.279519	0	1.86063	0.683173	0.0835	1.79158	-0.461171	0	0	0	-0.279818	0	0	3.86898	1.79821	0.465963	0.0835	2.63196	-0.702661	0	1.65721	0.34359	0.0835	2.40258	-0.438356	0	0	0	-0.856016	0	0	-1.87446	1.415	0.210978	0.09142	2.08439	-0.135849	0	1.48394	0.132568	0.09142	2.14063	-0.0864088	0	0	0	-1.14108	0	0	0.71722	1.90758	0.846561	-0.0835	1.15944	-0.279519	0	1.84627	0.688001	-0.0835	0.956269	-0.200959	0	0	0	-0.368965	0	0	-1.28135	1.76476	0.477211	-0.0835	0.686173	-0.0965201	0	1.68479	0.308505	-0.0835	0.443201	0.0186515	0	0	0	-0.442643	0	0	-1.4402	1.52072	0.065092	-0.09142	0.0900629	0.261491	0	1.62502	0.0605075	-0.09142	0.0829593	0.0998752	0	0	0	-0.335382	0	0	-1.54949	1.91067	0.997147	0	1.32342	-0.282886	0	1.95156	1.31594	0	1.67057	-0.327414	0	0	0	-0.221048	0	0	-1.08896	2.91643e-17	0.98548	0.444756	0.793638	2.29772	2.59569	3.14225	0.309415	1	3	-0.291305	-0.33463	-0.442489	-0.508298	0.174636	0.0155983	0.16495	0.207665	0.218798	0.281929	-0.00446434	-0.217846	-0.00404046	-0.241153	-0.0220013	-0.0215252	0.347449	0.126315	-0.0874074	0.0461681	0.0265112	0.0584475	0.0142925	-0.0484315	0.00416558	-0.0499941	-0.178165	-0.17431	0	0	0.410522	-0.0996468	-0.12898	0.00314027	-0.141856	0	0	0	0	0	0.417852	0.0800442	0	0	0	0.0317311	0.0106005	-0.186113	0.545414	1.22565	657.054	1.03012	1.41472	1.05005	259.556	0.268642	1.57682	1.42869	1.30213	66.0351	47.7749	0.346006	1.8728	52.8856	0.346472	10.495	48.0736	48.4664	0.588295	0.600396	0	0	2.9937	0	0	0.728689	0	0.0199719	0.822102	0.270591	1.06462	0.36553	1.18491	0.208457	1.02706	0.0481821	0.807451	0.0496525	0.787571	0.0530673	0.611641	1.09285	0.939873	0.764225	0.0643134	0.683429	-0.221048	-1.08896	-8.98421	0.0376354	0.835249	1.07204	1.16673	0.672919	0.00328526	0.710111	1.88118	0.955242	1.86201e-19	1.48348	-0.300347	0	110.566	-22.3853	0	0.364864	1.49048	-6.11959	0.121426	0.718501	-0	88.7509	525.155	-0	48.0097	-8.11361	893.463	1.70133	-6.04434e-15	-0.09142	-0	-0	-0	-0	-0	-0	0	0	0	0	0	0	-0.0115675	0.0546693	0.0885669	0.10132	0.0697141	-0.0803782	-0.0114242	0.124337	0.128363	0.0452672
1.71	-0.232383	2.0031	0.891675	-0.00809368	-0.632764	-0.258943	-0.149351	-0.0753009	0.106641	-1.17316	1.19772	-0.403259	5.16522	-5.56844	2.62922	-0.100946	-0.164989	-0.0204806	0.0152639	0.0664442	0.0126208	0.117766	0.0114999	0.113838	0.694262	0.112521	0.01	0.0890887	0.0102385	0.0854695	0.0480926	0.040259	0.0306804	0.0364992	0.401687	0.0691885	0.233616	0.0740182	0.0110067	0.133859	0.0203011	0.107166	0.417632	0.116561	0.0107258	0.0714738	0.091995	0.0608456	0.485534	0.0602295	0.355213	0.0467123	0.0185246	0.0562319	-0.128335	0.01	0.680781	0.927813	0.00353706	0.0217385	0.00208883	0.01	1.06769	-1.59092	0.000764781	0.000575298	-0.128673	0.01	0.725543	1.57286	0.00369764	0.0234109	0.732861	0.732861	1.05554	-1.68958	0.0231083	0.324845	-0.0930723	0.01	1.17376	0.548466	0.00632238	0.0528668	0	0.01	0.86072	2.49592	0.0049401	0.0369314	-0.0851536	0.01	0.789392	0.234069	0.00582083	0.0469907	-0.196656	0.01	0.829527	2.23304	0.00583202	0.0471207	0.384768	0.384768	1.01301	-1.43602	0.016569	0.199522	0.251948	0.251948	0.758384	-0.5422	0.0125413	0.13684	0.0105564	0.0105564	1.21359	-0.0365807	0.00725331	0.0640547	-0.11184	0.01	0.683021	-0.0268344	0.00254705	0.0120192	0.420141	0.420141	1.09344	0.0454936	0.0273059	0.417096	-0.0204374	0.01	0.941684	0.160114	0.00261052	0.0126032	0.0402808	0.0402808	0.612745	0.109074	0.0059738	0.0487719	0.481575	0.481575	1.18097	-0.369092	0.0253641	0.373763	0.354924	0.354924	1.06164	-0.26257	0.0209793	0.280473	-0.284643	0.01	0.823308	0.0860197	0.00313859	0.0176889	0	0	0	0	0	0	0	0	0	0	0	0	0	0	0	0	0	0	2.0031	0.891675	0	1.19772	-0.403259	0	1.9343	0.907957	0	1.21682	-0.322547	0	0	0	-0.232383	0	0	-1.17316	1.91907	0.843634	0.0835	1.14136	-0.304688	0	1.87859	0.678526	0.0835	1.80048	-0.466319	0	0	0	-0.240477	0	0	3.99206	1.82476	0.459029	0.0835	2.67672	-0.681194	0	1.68167	0.339103	0.0835	2.48768	-0.455631	0	0	0	-0.873241	0	0	-1.57638	1.43651	0.209158	0.09142	2.21358	-0.223478	0	1.50614	0.131365	0.09142	2.29549	-0.15017	0	0	0	-1.13218	0	0	1.05285	1.91907	0.843634	-0.0835	1.14136	-0.304688	0	1.85574	0.685871	-0.0835	0.94035	-0.223999	0	0	0	-0.381734	0	0	-1.2741	1.77155	0.476138	-0.0835	0.673129	-0.11673	0	1.68916	0.3086	-0.0835	0.432026	0.00183524	0	0	0	-0.457035	0	0	-1.43909	1.52159	0.0676115	-0.09142	0.0847573	0.244221	0	1.62581	0.0614618	-0.09142	0.0757814	0.0921012	0	0	0	-0.350394	0	0	-1.45957	1.92387	0.994176	0	1.31797	-0.310317	0	1.96837	1.31248	0	1.69139	-0.362524	0	0	0	-0.232383	0	0	-1.17316	4.58559e-17	1.00505	0.435354	0.76028	2.38019	2.68893	3.23086	0.312063	1	3	-0.302774	-0.347804	-0.433356	-0.497807	0.177753	0.0139348	0.160364	0.214215	0.216053	0.284752	-0.0041235	-0.224716	-0.00392331	-0.243568	-0.0196549	-0.0192295	0.34092	0.118455	-0.0748465	0.0452703	0.0261002	0.0522099	0.0133589	-0.0474896	0.00418312	-0.0446586	-0.167079	-0.163464	0	0	0.395457	-0.0930723	-0.128335	0.00208883	-0.128673	0	0	0	0	0	0.420141	0.0804999	0	0	0	0.0257447	0.0105564	-0.186546	0.545414	1.22565	675.769	1.00565	1.28611	1.05219	279.171	0.26553	1.60295	1.28461	1.22744	66.2965	52.5239	0.347775	1.62765	53.2832	0.344791	9.56592	46.3854	45.3943	0.561351	0.645266	0	0	3.35545	0	0	0.747935	0	0.0176889	0.823308	0.280473	1.06164	0.373763	1.18097	0.199522	1.01301	0.0471207	0.829527	0.0469907	0.789392	0.0487719	0.612745	1.09344	0.941684	0.758384	0.0640547	0.683021	-0.232383	-1.17316	-7.78867	0.0369314	0.86072	1.05554	1.17376	0.680781	0.000575298	0.725543	1.89608	0.952097	1.86201e-19	1.49629	-0.327194	0	111.52	-24.3862	0	0.357508	1.55807	-6.20149	0.140932	0.734537	-0	103.007	536.876	-0	49.0812	-9.41693	913.564	1.70163	-6.04541e-15	-0.09142	-0	-0	-0	-0	-0	-0	0	0	0	0	0	0	-0.00962639	0.0499072	0.0949085	0.131294	0.0747058	-0.0861334	-0.0148038	0.13324	0.166337	0.0378276
1.72	-0.244497	2.01502	0.887482	0.0444929	-0.687355	-0.232466	-0.149978	-0.0769644	0.106823	-1.24476	1.18812	-0.433964	5.33986	-5.35145	2.66583	-0.0306325	-0.166949	0.0510567	0.0146179	0.0674804	0.0123014	0.116111	0.0113176	0.116341	0.718935	0.11068	0.01	0.0893941	0.0102096	0.0878938	0.0430341	0.0404068	0.0280441	0.0374909	0.395896	0.0681887	0.263269	0.0735113	0.0109482	0.133818	0.0190209	0.107141	0.419865	0.116597	0.0106377	0.0715821	0.0841722	0.0609524	0.485265	0.0600525	0.357671	0.0466086	0.0174698	0.0562709	-0.127056	0.01	0.691398	1.20658	0.0038038	0.0245277	0.00118538	0.01	1.05269	-1.37719	-0.000927668	0	-0.114845	0.01	0.741496	1.61645	0.00375586	0.0240222	0.749863	0.749863	1.03827	-1.76597	0.0231414	0.325552	-0.0878872	0.01	1.17779	0.245417	0.00614571	0.050785	0	0.01	0.885134	2.38022	0.00485687	0.0359989	-0.0809863	0.01	0.79229	0.354853	0.00564222	0.0449236	-0.174591	0.01	0.852066	2.27643	0.00575017	0.0461713	0.374881	0.374881	0.998371	-1.4928	0.0160865	0.191784	0.283648	0.283648	0.75319	-0.492237	0.0139322	0.158231	0.0105129	0.0105129	1.21322	-0.0371382	0.00723296	0.0638061	-0.105873	0.01	0.682861	-0.00574875	0.00249422	0.0115384	0.421734	0.421734	1.09378	0.0230463	0.0271928	0.414541	-0.03051	0.01	0.943111	0.124974	0.00254769	0.0120251	0.0380028	0.0380028	0.613821	0.105713	0.00564477	0.044953	0.485479	0.485479	1.1775	-0.324336	0.0257596	0.382499	0.360477	0.360477	1.05929	-0.208759	0.0214758	0.290619	-0.294618	0.01	0.823879	0.0277078	0.00293978	0.0157312	0	0	0	0	0	0	0	0	0	0	0	0	0	0	0	0	0	0	2.01502	0.887482	0	1.18812	-0.433964	0	1.94642	0.904596	0	1.20942	-0.348577	0	0	0	-0.244497	0	0	-1.24476	1.93042	0.840462	0.0835	1.12959	-0.32866	0	1.89665	0.673851	0.0835	1.81188	-0.46697	0	0	0	-0.200004	0	0	4.0951	1.85175	0.452356	0.0835	2.71892	-0.650841	0	1.70698	0.334462	0.0835	2.57081	-0.468962	0	0	0	-0.887359	0	0	-1.25634	1.45931	0.206438	0.09142	2.34169	-0.315121	0	1.52989	0.129511	0.09142	2.45012	-0.215633	0	0	0	-1.11983	0	0	1.40948	1.93042	0.840462	-0.0835	1.12959	-0.32866	0	1.86509	0.683518	-0.0835	0.929423	-0.245333	0	0	0	-0.394475	0	0	-1.27539	1.77823	0.474875	-0.0835	0.663322	-0.134556	0	1.69343	0.308541	-0.0835	0.423412	-0.0122557	0	0	0	-0.471439	0	0	-1.44234	1.52241	0.0699802	-0.09142	0.08044	0.231326	0	1.62654	0.0623489	-0.09142	0.0698227	0.0864605	0	0	0	-0.364617	0	0	-1.39128	1.93704	0.990934	0	1.31689	-0.336903	0	1.9854	1.30868	0	1.7124	-0.397092	0	0	0	-0.244497	0	0	-1.24476	1.26379e-16	1.00782	0.426704	0.731764	2.46093	2.78477	3.32295	0.314941	1	3	-0.314186	-0.360914	-0.422547	-0.485391	0.180195	0.0123802	0.156499	0.22144	0.213511	0.289052	-0.00383622	-0.232296	-0.00381486	-0.247246	-0.0174621	-0.0170842	0.333471	0.111789	-0.0611426	0.044229	0.0259149	0.0473636	0.0123403	-0.0463973	0.00419103	-0.0405132	-0.157677	-0.154265	0	0	0.379553	-0.0878872	-0.127056	0.00118538	-0.114845	0	0	0	0	0	0.421734	0.0808711	0	0	0	0.0206772	0.0105129	-0.186817	0.545414	1.22565	692.655	0.987105	1.18648	1.05573	295.274	0.26375	1.62809	1.16409	1.1627	66.2155	58.0217	0.347537	1.44379	53.578	0.34327	8.77683	44.9193	43.2065	0.537581	0.686658	0	0	3.60221	0	0	0.76722	0	0.0157312	0.823879	0.290619	1.05929	0.382499	1.1775	0.191784	0.998371	0.0461713	0.852066	0.0449236	0.79229	0.044953	0.613821	1.09378	0.943111	0.75319	0.0638061	0.682861	-0.244497	-1.24476	-6.4569	0.0359989	0.885134	1.03827	1.17779	0.691398	0	0.741496	1.91112	0.948692	1.86201e-19	1.51103	-0.352486	0	112.619	-26.2713	0	0.348046	1.62216	-6.25059	0.160829	0.750174	-0	117.55	548.305	-0	50.126	-10.7464	933.151	1.70188	-6.0463e-15	-0.09142	-0	-0	-0	-0	-0	-0	0	0	0	0	0	0	-0.00767116	0.0456739	0.102833	0.160138	0.0809433	-0.0933251	-0.018056	0.144364	0.202879	0.0230666
1.73	-0.257258	2.02688	0.882991	0.0986473	-0.739569	-0.205623	-0.150015	-0.078627	0.107617	-1.30237	1.18457	-0.462588	5.47809	-5.09575	2.70027	0.0169755	-0.165062	0.102032	0.0140519	0.0687892	0.0120209	0.114711	0.0111575	0.118903	0.736875	0.108759	0.01	0.0894707	0.0101842	0.0901932	0.038696	0.0406225	0.0257574	0.0385014	0.388967	0.067154	0.294199	0.0730424	0.0108916	0.133778	0.0179029	0.107144	0.421458	0.116612	0.0105604	0.0716663	0.0773138	0.0610554	0.487586	0.0598959	0.362713	0.0465254	0.0165476	0.0562739	-0.125122	0.01	0.704807	1.48265	0.00406087	0.0272657	0.000428086	0.01	1.03999	-1.15894	-0.00463742	0	-0.10048	0.01	0.757824	1.6463	0.00380199	0.0245086	0.758616	0.758616	1.02025	-1.84143	0.0229829	0.322176	-0.0842056	0.01	1.1788	-0.0557626	0.00582741	0.0470672	0	0.01	0.908291	2.2454	0.00475421	0.0348535	-0.0767648	0.01	0.79652	0.499178	0.00550135	0.0433026	-0.152999	0.01	0.875032	2.3167	0.00568032	0.0453633	0.364094	0.364094	0.983222	-1.5375	0.015642	0.184772	0.315968	0.315968	0.748386	-0.46165	0.0152946	0.179345	0.0104703	0.0104703	1.21285	-0.0368216	0.00721372	0.0635712	-0.098574	0.01	0.682881	0.00874315	0.00244099	0.0110589	0.422739	0.422739	1.09392	0.00567117	0.0270987	0.412417	-0.0418536	0.01	0.94422	0.0972312	0.00249611	0.0115554	0.0361788	0.0361788	0.614858	0.101218	0.00534782	0.0415457	0.490581	0.490581	1.17443	-0.289188	0.0261675	0.391556	0.36723	0.36723	1.0574	-0.168323	0.0219787	0.301031	-0.306889	0.01	0.823922	-0.0182802	0.00277365	0.0141335	0	0	0	0	0	0	0	0	0	0	0	0	0	0	0	0	0	0	2.02688	0.882991	0	1.18457	-0.462588	0	1.9585	0.900979	0	1.208	-0.37354	0	0	0	-0.257258	0	0	-1.30237	1.94168	0.837054	0.0835	1.12474	-0.351637	0	1.91483	0.669188	0.0835	1.82571	-0.46376	0	0	0	-0.158611	0	0	4.17572	1.87914	0.446025	0.0835	2.75757	-0.612816	0	1.7331	0.329704	0.0835	2.65056	-0.478459	0	0	0	-0.898179	0	0	-0.92003	1.48338	0.202782	0.09142	2.46719	-0.409143	0	1.55519	0.126995	0.09142	2.60211	-0.281307	0	0	0	-1.1038	0	0	1.78024	1.94168	0.837054	-0.0835	1.12474	-0.351637	0	1.87435	0.68096	-0.0835	0.924102	-0.265081	0	0	0	-0.407273	0	0	-1.28539	1.78483	0.473445	-0.0835	0.657364	-0.150012	0	1.69764	0.308355	-0.0835	0.417908	-0.0235474	0	0	0	-0.485901	0	0	-1.45046	1.5232	0.0722437	-0.09142	0.0775783	0.223261	0	1.62721	0.0631901	-0.09142	0.0653703	0.0830121	0	0	0	-0.378283	0	0	-1.34842	1.95023	0.98743	0	1.32059	-0.362761	0	2.00263	1.30453	0	1.73357	-0.431012	0	0	0	-0.257258	0	0	-1.30237	4.00825e-17	0.996289	0.416165	0.707019	2.54152	2.88298	3.41776	0.318404	1	3	-0.325585	-0.374009	-0.410109	-0.471103	0.182014	0.0109513	0.153274	0.229402	0.211209	0.294484	-0.00359653	-0.240648	-0.00371663	-0.251892	-0.0154467	-0.0151125	0.325299	0.106115	-0.0466181	0.0432929	0.0260006	0.0436689	0.0112608	-0.0454153	0.00418737	-0.0373529	-0.149673	-0.146434	0	0	0.362874	-0.0842056	-0.125122	0.000428086	-0.10048	0	0	0	0	0	0.422739	0.0811689	0	0	0	0.0163274	0.0104703	-0.186952	0.545414	1.22565	707.45	0.973824	1.09499	1.06044	307.873	0.36255	1.65198	1.06302	1.1065	65.1367	64.2979	0.345451	1.35467	53.7839	0.341894	8.10498	43.9666	41.8377	0.552392	0.723482	0	0	3.73866	0	0	0.78652	0	0.0141335	0.823922	0.301031	1.0574	0.391556	1.17443	0.184772	0.983222	0.0453633	0.875032	0.0433026	0.79652	0.0415457	0.614858	1.09392	0.94422	0.748386	0.0635712	0.682881	-0.257258	-1.30237	-4.98611	0.0348535	0.908291	1.02025	1.1788	0.704807	0	0.757824	1.92631	0.94504	-7.44802e-19	1.52776	-0.376269	0	113.866	-28.0439	0	0.336769	1.68131	-6.26797	0.181539	0.765282	-0	132.688	559.347	-0	51.1355	-12.1303	952.064	1.7021	-6.04707e-15	-0.09142	-0	-0	-0	-0	-0	-0	0	0	0	0	0	0	-0.00573316	0.041912	0.112278	0.187363	0.0883777	-0.101897	-0.0211257	0.157624	0.237371	0.000747345
1.74	-0.270512	2.03873	0.878227	0.153965	-0.789052	-0.178484	-0.149703	-0.0802566	0.108806	-1.34478	1.18764	-0.489188	5.576	-4.80274	2.72416	0.0409967	-0.16073	0.131092	0.0135565	0.0703621	0.0117751	0.113533	0.011017	0.121498	0.747022	0.106755	0.01	0.089313	0.0101619	0.0923518	0.0349705	0.0409147	0.0237741	0.0395278	0.381113	0.0660922	0.324699	0.0726031	0.0108369	0.133737	0.0169273	0.107164	0.422464	0.116612	0.0104925	0.0717325	0.0713215	0.0611535	0.491769	0.0597554	0.369121	0.0464583	0.0157421	0.0562502	-0.122511	0.01	0.720923	1.74481	0.00429788	0.0298285	1.32131e-06	0.01	1.02931	-0.979034	-0.00983191	0	-0.0857012	0.01	0.774364	1.65928	0.00383365	0.0248432	0.758084	0.758084	1.00146	-1.91877	0.0227299	0.31681	-0.0821	0.01	1.17672	-0.369811	0.00538517	0.0419723	0	0.01	0.930028	2.0958	0.00463507	0.0335308	-0.0723578	0.01	0.802248	0.650418	0.0053819	0.0419349	-0.131819	0.01	0.898359	2.34752	0.00561611	0.0446225	0.352709	0.352709	0.967675	-1.57136	0.0152155	0.178113	0.348051	0.348051	0.743885	-0.43369	0.0166205	0.200358	0.0104288	0.0104288	1.21249	-0.0359337	0.00719557	0.0633498	-0.0900485	0.01	0.68301	0.0160101	0.00238545	0.0105644	0.423256	0.423256	1.09392	-0.00577394	0.027035	0.410983	-0.0543109	0.01	0.945092	0.0781406	0.00245856	0.0112166	0.0347409	0.0347409	0.615846	0.0959524	0.00508136	0.0385215	0.496461	0.496461	1.17167	-0.261712	0.0265773	0.400705	0.374761	0.374761	1.05587	-0.136762	0.0224726	0.311378	-0.320704	0.01	0.823575	-0.0495909	0.00264364	0.0129105	0	0	0	0	0	0	0	0	0	0	0	0	0	0	0	0	0	0	2.03873	0.878227	0	1.18764	-0.489188	0	1.9706	0.89712	0	1.21305	-0.39757	0	0	0	-0.270512	0	0	-1.34478	1.95294	0.833423	0.0835	1.12739	-0.373817	0	1.93317	0.664577	0.0835	1.84182	-0.457461	0	0	0	-0.116548	0	0	4.23123	1.90689	0.44011	0.0835	2.79159	-0.568658	0	1.76	0.324876	0.0835	2.72573	-0.484706	0	0	0	-0.9056	0	0	-0.571515	1.50868	0.198194	0.09142	2.58935	-0.504223	0	1.58197	0.123838	0.09142	2.74941	-0.346458	0	0	0	-1.08408	0	0	2.15264	1.95294	0.833423	-0.0835	1.12739	-0.373817	0	1.88359	0.678213	-0.0835	0.925031	-0.283396	0	0	0	-0.420215	0	0	-1.30378	1.79139	0.471875	-0.0835	0.656011	-0.16319	0	1.7018	0.308072	-0.0835	0.416121	-0.0319902	0	0	0	-0.500472	0	0	-1.46451	1.52397	0.0744552	-0.09142	0.0766283	0.220443	0	1.62785	0.0640107	-0.09142	0.0627013	0.0819284	0	0	0	-0.391665	0	0	-1.33342	1.96347	0.983673	0	1.32944	-0.387982	0	2.02008	1.30005	0	1.7549	-0.4641	0	0	0	-0.270512	0	0	-1.34478	4.34756e-17	0.976864	0.402831	0.684252	2.62304	2.98285	3.5125	0.322554	1	3	-0.337015	-0.387139	-0.396152	-0.45507	0.183276	0.00969425	0.15064	0.237794	0.209158	0.30068	-0.00340072	-0.249452	-0.00362909	-0.257192	-0.0136736	-0.0133777	0.316577	0.101184	-0.0314421	0.0423423	0.0264291	0.0408435	0.0101328	-0.0444181	0.00416909	-0.0349362	-0.142719	-0.13963	0	0	0.345446	-0.0821	-0.122511	1.32131e-06	-0.0857012	0	0	0	0	0	0.423256	0.0814036	0	0	0	0.0124599	0.0104288	-0.186982	0.545414	1.22565	720.321	0.965189	1.01052	1.0661	316.939	0.839971	1.67446	0.97823	1.05782	63.7021	70.4462	0.34219	1.30274	54.5947	0.340661	7.53462	43.4154	40.9808	0.588589	0.751516	0	0	3.8013	0	0	0.805317	0	0.0129105	0.823575	0.311378	1.05587	0.400705	1.17167	0.178113	0.967675	0.0446225	0.898359	0.0419349	0.802248	0.0385215	0.615846	1.09392	0.945092	0.743885	0.0633498	0.68301	-0.270512	-1.34478	-3.44894	0.0335308	0.930028	1.00146	1.17672	0.720923	0	0.774364	1.94168	0.941161	1.86201e-19	1.54656	-0.398607	0	115.267	-29.7087	0	0.324294	1.73406	-6.25374	0.20288	0.779343	-0	148.285	569.624	-0	52.075	-13.5562	969.662	1.70228	-6.04773e-15	-0.09142	-0	-0	-0	-0	-0	-0	0	0	0	0	0	0	-0.00383481	0.0385757	0.123147	0.212444	0.096933	-0.111761	-0.0239537	0.172882	0.269146	-0.0293909
1.75	-0.284111	2.05065	0.873207	0.21005	-0.835443	-0.151195	-0.14927	-0.0818373	0.110181	-1.37161	1.19754	-0.513954	5.63292	-4.47818	2.73042	0.041675	-0.155522	0.139465	0.0131224	0.0721825	0.0115594	0.112527	0.0108937	0.124101	0.74884	0.104677	0.01	0.0889141	0.0101423	0.0943553	0.0317576	0.0412832	0.0220491	0.0405646	0.372404	0.0650117	0.355148	0.0721902	0.0107839	0.133698	0.0160744	0.10719	0.423002	0.116602	0.0104328	0.0717875	0.0660752	0.0612462	0.497174	0.0596273	0.376513	0.0464031	0.0150372	0.0562098	-0.119212	0.01	0.739575	1.98699	0.00451437	0.0321984	0	0.01	1.02019	-0.85395	-0.0157941	0	-0.0706565	0.01	0.790955	1.65624	0.00385139	0.0250311	0.74779	0.74779	0.981961	-1.97891	0.0224293	0.310465	-0.081572	0.01	1.17146	-0.687639	0.00485368	0.0359633	0	0.01	0.950205	1.93429	0.00449869	0.0320258	-0.0677249	0.01	0.809474	0.796386	0.0052787	0.0407582	-0.111004	0.01	0.921924	2.36291	0.00555031	0.043865	0.340886	0.340886	0.951856	-1.59041	0.0147981	0.171636	0.379428	0.379428	0.739653	-0.406719	0.0178852	0.221638	0.0103893	0.0103893	1.21213	-0.0348225	0.00717827	0.0631388	-0.0804228	0.01	0.683177	0.0162702	0.00232687	0.0100494	0.423389	0.423389	1.09383	-0.0112753	0.0270074	0.41036	-0.0677481	0.01	0.945817	0.0682443	0.00243645	0.0110183	0.0336084	0.0336084	0.616779	0.0905758	0.00484317	0.0358458	0.502948	0.502948	1.16916	-0.240543	0.0269772	0.409681	0.382899	0.382899	1.05462	-0.113775	0.0229424	0.321314	-0.335697	0.01	0.822984	-0.066667	0.0025476	0.0120242	0	0	0	0	0	0	0	0	0	0	0	0	0	0	0	0	0	0	2.05065	0.873207	0	1.19754	-0.513954	0	1.98279	0.893024	0	1.22472	-0.420868	0	0	0	-0.284111	0	0	-1.37161	1.96426	0.829574	0.0835	1.13769	-0.395455	0	1.95168	0.66004	0.0835	1.86013	-0.449057	0	0	0	-0.0740601	0	0	4.26131	1.93496	0.43466	0.0835	2.82054	-0.520316	0	1.78761	0.32	0.0835	2.79568	-0.488363	0	0	0	-0.909503	0	0	-0.216863	1.53518	0.192659	0.09142	2.70778	-0.598597	0	1.61019	0.120037	0.09142	2.89032	-0.410062	0	0	0	-1.0607	0	0	2.51356	1.96426	0.829574	-0.0835	1.13769	-0.395455	0	1.89287	0.67529	-0.0835	0.932504	-0.300511	0	0	0	-0.43338	0	0	-1.32993	1.79796	0.470184	-0.0835	0.659726	-0.174292	0	1.70597	0.30772	-0.0835	0.418394	-0.0376427	0	0	0	-0.515218	0	0	-1.48545	1.52474	0.0766662	-0.09142	0.0778704	0.223016	0	1.62847	0.0648336	-0.09142	0.0619439	0.0833957	0	0	0	-0.405036	0	0	-1.34599	1.97683	0.979666	0	1.34356	-0.412704	0	2.03773	1.29525	0	1.77641	-0.496234	0	0	0	-0.284111	0	0	-1.37161	5.49927e-17	0.953318	0.387107	0.662439	2.70688	3.0843	3.60421	0.327293	1	3	-0.348523	-0.400357	-0.380779	-0.437411	0.18406	0.00858611	0.14853	0.246479	0.207345	0.307452	-0.00324394	-0.258563	-0.00355169	-0.262984	-0.0121106	-0.0118485	0.307438	0.0968468	-0.015812	0.0414096	0.0272663	0.0386539	0.00897105	-0.0434396	0.00413335	-0.0330633	-0.136601	-0.133645	0	0	0.327267	-0.081572	-0.119212	0	-0.0706565	0	0	0	0	0	0.423389	0.081586	0	0	0	0.00888252	0.0103893	-0.186941	0.545414	1.22565	724.957	0.960558	0.945308	1.0725	317.678	1.18795	1.69534	0.906755	1.01553	61.8143	76.4191	0.338517	1.25749	55.3062	0.339566	7.04834	43.1897	40.6427	0.596637	0.768666	0	0	3.83325	0	0	0.822876	0	0.0120242	0.822984	0.321314	1.05462	0.409681	1.16916	0.171636	0.951856	0.043865	0.921924	0.0407582	0.809474	0.0358458	0.616779	1.09383	0.945817	0.739653	0.0631388	0.683177	-0.284111	-1.37161	-1.87258	0.0320258	0.950205	0.981961	1.17146	0.739575	0	0.790955	1.95725	0.937065	1.86201e-19	1.56744	-0.419642	0	116.824	-31.2765	0	0.311293	1.77962	-6.2095	0.224315	0.791712	-0	163.952	578.665	-0	52.9016	-14.9885	985.144	1.70244	-6.04829e-15	-0.09142	-0	-0	-0	-0	-0	-0	0	0	0	0	0	0	-0.00199417	0.0356026	0.135324	0.235221	0.106518	-0.122812	-0.0265219	0.189978	0.298003	-0.0674576
1.76	-0.297897	2.06271	0.867946	0.266493	-0.878432	-0.123951	-0.14895	-0.0833651	0.111533	-1.38261	1.21441	-0.537138	5.64817	-4.12762	2.71448	0.0191487	-0.150312	0.12751	0.0127414	0.0742264	0.0113699	0.111624	0.0107852	0.126687	0.743566	0.102544	0.01	0.0882784	0.010125	0.0961936	0.0289776	0.041723	0.0205455	0.0416045	0.362993	0.063925	0.384968	0.0718036	0.0107327	0.133661	0.0153276	0.107212	0.423181	0.11659	0.0103804	0.0718387	0.0614803	0.0613337	0.503365	0.0595085	0.38457	0.0463561	0.0144196	0.0561626	-0.115247	0.01	0.760517	2.20257	0.00470797	0.0343393	0	0.01	1.012	-0.789319	-0.021631	0	-0.0554907	0.01	0.807438	1.63751	0.00385518	0.0250712	0.72754	0.72754	0.961955	-2.02123	0.0220574	0.302672	-0.0826591	0.01	1.16309	-0.99442	0.00425677	0.0293815	0	0.01	0.968717	1.76437	0.00434223	0.0303118	-0.0629092	0.01	0.818098	0.93037	0.00518858	0.0397346	-0.0905824	0.01	0.945558	2.36086	0.00547586	0.0430103	0.328697	0.328697	0.935945	-1.58981	0.0143749	0.165082	0.409705	0.409705	0.735693	-0.381141	0.0190511	0.242748	0.0103521	0.0103521	1.21179	-0.033705	0.00716161	0.0629358	-0.0698581	0.01	0.683312	0.00951171	0.00226416	0.00950594	0.423271	0.423271	1.09372	-0.0106303	0.0270219	0.410688	-0.0819863	0.01	0.946492	0.0684519	0.00243147	0.0109738	0.0327241	0.0327241	0.61766	0.085441	0.00463104	0.0334862	0.509849	0.509849	1.16683	-0.225351	0.0273529	0.418159	0.391487	0.391487	1.05355	-0.0994839	0.023371	0.330455	-0.351584	0.01	0.822292	-0.0692577	0.00248482	0.0114533	0	0	0	0	0	0	0	0	0	0	0	0	0	0	0	0	0	0	2.06271	0.867946	0	1.21441	-0.537138	0	1.99512	0.888697	0	1.2431	-0.443692	0	0	0	-0.297897	0	0	-1.38261	1.97572	0.825509	0.0835	1.15573	-0.416868	0	1.97038	0.655593	0.0835	1.88052	-0.439636	0	0	0	-0.0314036	0	0	4.26555	1.96329	0.429704	0.0835	2.84406	-0.469905	0	1.81591	0.315093	0.0835	2.85987	-0.490234	0	0	0	-0.909836	0	0	0.137937	1.56285	0.186182	0.09142	2.82215	-0.690709	0	1.63978	0.115605	0.09142	3.02347	-0.47126	0	0	0	-1.03379	0	0	2.85242	1.97572	0.825509	-0.0835	1.15573	-0.416868	0	1.90226	0.6722	-0.0835	0.9467	-0.316706	0	0	0	-0.446847	0	0	-1.36347	1.8046	0.46839	-0.0835	0.668812	-0.18355	0	1.71018	0.307324	-0.0835	0.424994	-0.0406231	0	0	0	-0.530212	0	0	-1.51378	1.52553	0.0789305	-0.09142	0.081615	0.231045	0	1.62909	0.0656838	-0.09142	0.0632516	0.0874839	0	0	0	-0.41868	0	0	-1.38627	1.99037	0.975413	0	1.36299	-0.437114	0	2.05561	1.29012	0	1.79812	-0.527322	0	0	0	-0.297897	0	0	-1.38261	7.01022e-17	0.924923	0.369266	0.640619	2.79146	3.18408	3.68946	0.332536	1	3	-0.360155	-0.413719	-0.364116	-0.418269	0.184431	0.00763584	0.146862	0.255395	0.205748	0.314638	-0.00311993	-0.267916	-0.00348356	-0.269131	-0.0107703	-0.0105372	0.297918	0.0930909	0.000145912	0.0405752	0.0285994	0.0369535	0.00778496	-0.0425644	0.00407646	-0.0316088	-0.131304	-0.128462	0	0	0.308337	-0.0826591	-0.115247	0	-0.0554907	0	0	0	0	0	0.423271	0.0817294	0	0	0	0.00553091	0.0103521	-0.186864	0.545414	1.22565	723.83	0.959342	0.906696	1.07942	313.468	1.40181	1.7145	0.846206	0.978684	59.3445	82.1078	0.334902	1.2179	55.2426	0.33861	6.63309	43.2692	40.8625	0.581631	0.776475	0	0	3.85905	0	0	0.838416	0	0.0114533	0.822292	0.330455	1.05355	0.418159	1.16683	0.165082	0.935945	0.0430103	0.945558	0.0397346	0.818098	0.0334862	0.61766	1.09372	0.946492	0.735693	0.0629358	0.683312	-0.297897	-1.38261	-0.272714	0.0303118	0.968717	0.961955	1.16309	0.760517	0	0.807438	1.97304	0.932764	1.86201e-19	1.59041	-0.439573	0	118.535	-32.762	0	0.298515	1.81732	-6.13674	0.245262	0.801741	-0	179.263	585.995	-0	53.5717	-16.3882	997.699	1.70257	-6.04876e-15	-0.09142	-0	-0	-0	-0	-0	-0	0	0	0	0	0	0	-0.000231989	0.0329561	0.148648	0.255526	0.117006	-0.134904	-0.0288113	0.208683	0.323727	-0.113207
1.77	-0.311711	2.07497	0.86246	0.32287	-0.917796	-0.0969669	-0.148975	-0.0848434	0.112649	-1.37768	1.23835	-0.559038	5.6204	-3.7555	2.68369	-0.0262945	-0.1456	0.0927328	0.0124071	0.0764639	0.0112034	0.110768	0.01069	0.129232	0.730925	0.100381	0.01	0.0874187	0.0101099	0.0978599	0.0265682	0.0422268	0.0192341	0.0426406	0.352982	0.0628425	0.413563	0.0714401	0.0106834	0.133624	0.0146737	0.107217	0.423161	0.116582	0.0103343	0.071894	0.0574617	0.0614163	0.510004	0.0593959	0.393038	0.0463135	0.0138784	0.0561184	-0.110659	0.01	0.783442	2.37989	0.00486992	0.036145	0	0.01	1.00424	-0.767354	-0.0266286	0	-0.040351	0.01	0.823658	1.6034	0.00384492	0.0249625	0.69752	0.69752	0.941662	-2.03378	0.0215799	0.292764	-0.0854092	0.01	1.15176	-1.27275	0.00361716	0.0225701	0	0.01	0.985497	1.58953	0.00417495	0.0284949	-0.0576009	0.01	0.827977	1.04622	0.0051059	0.0387986	-0.070232	0.01	0.969104	2.34645	0.00538011	0.0419144	0.316035	0.316035	0.920096	-1.57981	0.0139438	0.15841	0.438516	0.438516	0.731968	-0.360423	0.0200919	0.26274	0.0103169	0.0103169	1.21146	-0.032682	0.00714545	0.062739	-0.0584844	0.01	0.683345	-0.00419681	0.00219643	0.00892861	0.423031	0.423031	1.09364	-0.00396352	0.0270836	0.412078	-0.096876	0.01	0.94722	0.0791796	0.00244427	0.0110883	0.0320491	0.0320491	0.618492	0.0807887	0.00444313	0.0314155	0.516958	0.516958	1.16463	-0.21623	0.0276894	0.425793	0.400392	0.400392	1.05258	-0.0941842	0.0237422	0.338426	-0.368142	0.01	0.821646	-0.0572323	0.00245454	0.0111805	0	0	0	0	0	0	0	0	0	0	0	0	0	0	0	0	0	0	2.07497	0.86246	0	1.23835	-0.559038	0	2.00768	0.884143	0	1.26823	-0.46633	0	0	0	-0.311711	0	0	-1.37768	1.98741	0.821228	0.0835	1.18155	-0.438402	0	1.9893	0.651239	0.0835	1.90277	-0.430353	0	0	0	0.0111588	0	0	4.24272	1.99182	0.425253	0.0835	2.86156	-0.419654	0	1.84481	0.310172	0.0835	2.91763	-0.491282	0	0	0	-0.906637	0	0	0.487218	1.59164	0.178797	0.09142	2.93173	-0.7799	0	1.67067	0.110574	0.09142	3.14806	-0.529307	0	0	0	-1.0036	0	0	3.17091	1.98741	0.821228	-0.0835	1.18155	-0.438402	0	1.91183	0.668951	-0.0835	0.967755	-0.332295	0	0	0	-0.460686	0	0	-1.40398	1.81136	0.466512	-0.0835	0.683535	-0.191236	0	1.71449	0.306911	-0.0835	0.436221	-0.0411235	0	0	0	-0.545529	0	0	-1.54958	1.52638	0.0813034	-0.09142	0.0882587	0.24463	0	1.62974	0.0665875	-0.09142	0.06682	0.09405	0	0	0	-0.43288	0	0	-1.45684	2.00412	0.970916	0	1.38777	-0.461427	0	2.0737	1.2847	0	1.82006	-0.557294	0	0	0	-0.311711	0	0	-1.37768	7.01022e-17	0.890127	0.350024	0.617676	2.87309	3.27682	3.76446	0.338005	1	3	-0.371962	-0.427282	-0.346292	-0.397794	0.18446	0.00686033	0.145524	0.264545	0.204336	0.322088	-0.00302045	-0.277514	-0.00342331	-0.275504	-0.00967642	-0.00946702	0.288065	0.0896875	0.016406	0.0398652	0.0305445	0.0356201	0.0065764	-0.0418196	0.00399345	-0.0304683	-0.126503	-0.123766	0	0	0.288808	-0.0854092	-0.110659	0	-0.040351	0	0	0	0	0	0.423031	0.0818487	0	0	0	0.00238007	0.0103169	-0.186786	0.545414	1.22565	716.298	0.961018	0.888907	1.08668	303.148	1.48375	1.73186	0.794749	0.946584	56.5979	87.6317	0.331555	1.19974	54.4365	0.337799	6.27916	43.6581	41.6954	0.546512	0.774585	0	0	3.89347	0	0	0.851661	0	0.0111805	0.821646	0.338426	1.05258	0.425793	1.16463	0.15841	0.920096	0.0419144	0.969104	0.0387986	0.827977	0.0314155	0.618492	1.09364	0.94722	0.731968	0.062739	0.683345	-0.311711	-1.37768	1.32071	0.0284949	0.985497	0.941662	1.15176	0.783442	0	0.823658	1.98908	0.928268	1.86201e-19	1.61545	-0.458645	0	120.401	-34.1835	0	0.286751	1.84649	-6.03737	0.26608	0.809029	-0	194.478	591.322	-0	54.0586	-17.7792	1006.84	1.70269	-6.04917e-15	-0.09142	-0	-0	-0	-0	-0	-0	0	0	0	0	0	0	0.00143876	0.0306104	0.162998	0.273137	0.128302	-0.147928	-0.030797	0.228829	0.346039	-0.166155
1.78	-0.325412	2.0875	0.856758	0.379417	-0.957032	-0.114344	-0.149525	-0.0863058	0.113349	-1.36064	1.26679	-0.583625	5.80577	-5.03842	-12.6139	-0.0882893	-0.14518	0.0608878	0.0121142	0.0788319	0.0110575	0.109926	0.0106064	0.131736	0.710324	0.098212	0.01	0.0863857	0.0100966	0.0994427	0.0244801	0.0424942	0.0180912	0.0432401	0.342432	0.0619588	0.440731	0.0710934	0.0106359	0.133588	0.0141018	0.107197	0.423085	0.116583	0.0102938	0.0719613	0.0539572	0.0614951	0.516861	0.0592864	0.401693	0.0462713	0.0134047	0.0560873	-0.105508	0.01	0.807704	2.36113	0.00486056	0.0360402	0	0.01	0.996607	-0.759389	-0.0316846	0	-0.0253814	0.01	0.839616	1.62036	0.00387877	0.0253213	0.658047	0.658047	0.921313	-2.05488	0.0207867	0.276578	-0.089792	0.01	1.13815	-1.30183	0.00320418	0.0183446	0	0.01	1.00144	1.91275	0.0044799	0.0318193	-0.0516315	0.01	0.83322	-1.23716	0.000608551	0.000286779	-0.0498077	0.01	0.98273	-1.09351	-0.000416708	0	0.302997	0.302997	0.907157	-0.277096	0.0208409	0.277672	0.465423	0.465423	0.728416	-0.347759	0.0209951	0.280794	0.0102832	0.0102832	1.21113	-0.0329563	0.00712812	0.0625281	-0.0464529	0.01	0.683217	-0.0223228	0.0021266	0.00834458	0.422803	0.422803	1.09365	0.00788651	0.0271898	0.414474	-0.112234	0.01	0.948107	0.100103	0.00247394	0.0113551	0.0315554	0.0315554	0.619286	0.0785212	0.00428164	0.0296518	0.524036	0.524036	1.16248	-0.213492	0.0279739	0.432276	0.409242	0.409242	1.05162	-0.0976382	0.0240452	0.344965	-0.384803	0.01	0.82119	-0.0338936	0.00244991	0.0111389	0	0	0	0	0	0	0	0	0	0	0	0	0	0	0	0	0	0	2.0875	0.856758	0	1.26679	-0.583625	0	2.02051	0.879361	0	1.29754	-0.492477	0	0	0	-0.325412	0	0	-1.36064	1.99938	0.81673	0.0835	1.21232	-0.463723	0	2.00855	0.646977	0.0835	1.96689	-0.422934	0	0	0	0.0540042	0	0	4.44513	2.02075	0.421307	0.0835	2.97003	-0.368708	0	1.87415	0.305696	0.0835	2.90144	-0.281732	0	0	0	-0.903028	0	0	-0.593295	1.62179	0.174477	0.09142	3.06881	0.641498	0	1.69987	0.105172	0.09142	2.15349	-0.389747	0	0	0	-1.01737	0	0	-13.2072	1.99938	0.81673	-0.0835	1.21232	-0.463723	0	1.92164	0.665545	-0.0835	0.993267	-0.351086	0	0	0	-0.474938	0	0	-1.44893	1.81829	0.464558	-0.0835	0.702051	-0.201345	0	1.71892	0.306499	-0.0835	0.450087	-0.042939	0	0	0	-0.561244	0	0	-1.59411	1.5273	0.0838317	-0.09142	0.0961455	0.258743	0	1.63043	0.0675656	-0.09142	0.071206	0.100624	0	0	0	-0.447894	0	0	-1.53323	2.01814	0.966174	0	1.41566	-0.489252	0	2.09202	1.27897	0	1.84127	-0.589774	0	0	0	-0.325412	0	0	-1.36064	9.72143e-17	0.677039	0.11705	0.744721	2.98262	3.36964	3.82854	0.248783	1	3	-0.38398	-0.441088	-0.327587	-0.376308	0.184234	0.00626671	0.144443	0.273638	0.20307	0.329614	-0.00294011	-0.287053	-0.00336925	-0.281941	-0.00883912	-0.00864784	0.277954	0.0864554	0.0329225	0.0392141	0.0331788	0.034495	0.00534879	-0.0411366	0.00388103	-0.0295059	-0.121944	-0.119305	0	0	0.268871	-0.089792	-0.105508	0	-0.0253814	0	0	0	0	0	0.422803	0.0819597	0	0	0	-0.000569194	0.0102832	-0.186741	0.29106	0.843653	684.311	0.964889	0.876451	1.09426	288.025	1.40167	1.74354	2.54776	2.77905	29.2777	93.2262	0.331011	1.23623	53.9379	0.337144	5.97899	44.3745	43.1393	0.497418	0.762981	0	0	4.04903	0	0.106022	0.862437	0.643585	0.0111389	0.82119	0.344965	1.05162	0.432276	1.16248	0.277672	0.907157	0	0.98273	0.000286779	0.83322	0.0296518	0.619286	1.09365	0.948107	0.728416	0.0625281	0.683217	-0.325412	-1.36064	4.09547	0.0318193	1.00144	0.921313	1.13815	0.807704	0	0.839616	2.00532	0.923608	-3.72401e-19	1.62428	-0.466331	0	121.06	-34.7563	0	0.185763	1.75302	-7.39372	0.285149	0.813933	-0	208.416	594.906	-0	54.3863	-19.0534	1013	1.70279	-6.04951e-15	-0.09142	-0.468762	0.440981	-0	-342.62	322.314	-0	-29.466	-31.3223	557.32	1.72912	-6.14306e-15	0.09142	0.00301602	0.0285394	0.178226	0.287766	0.140288	-0.161748	-0.0324464	0.250207	0.364571	-0.225603
1.79	-0.338318	2.10058	0.850742	0.434328	-1.02308	-0.185131	-0.152067	-0.0870985	0.113611	-1.17671	1.37161	-0.610153	4.57891	-6.21986	7.47372	-0.489262	0.00102901	-0.0994619	0.36851	0.0775289	0.0109292	0.109092	0.031881	0.133961	0.522302	0.0962858	0.01	0.0858622	0.441705	0.0989569	0.0226643	0.0418725	0.0170924	0.0427687	0.331414	0.0637344	0.338875	0.0709977	0.0144107	0.133544	0.0136005	0.107095	0.677004	0.116166	0.0102582	0.072053	0.0480595	0.061569	0.523713	0.0591779	0.410239	0.0462269	0.0129894	0.0560696	0.528195	0.528195	0.794354	-1.32711	0.0140113	0.159454	0	0.01	0.989047	-0.752676	-0.0463048	0	0.0386534	0.0386534	0.853798	1.20825	0.00551197	0.0434245	0.0685608	0.0685608	0.903244	-1.58203	0.0185062	0.232701	-0.0941962	0.01	1.13125	-0.124465	0.00444081	0.0313902	0.653511	0.653511	0.996545	0.214041	0.0302661	0.485736	-0.0449376	0.01	0.821029	-1.18113	-0.00881818	0	-0.0293544	0.01	0.972016	-1.04927	-0.0107312	0	0.289708	0.289708	0.933154	0.745641	0.0262662	0.393754	-0.112531	0.01	0.727436	0.113814	0.0208251	0.277352	0.0150289	0.0150289	1.21073	-0.0106586	0.00738141	0.0656242	-0.146347	0.01	0.682567	-0.133767	0.00191169	0.00662611	0.915808	0.915808	1.08974	-0.541793	0.0305489	0.492518	-0.202747	0.01	0.949315	0.155485	0.00255709	0.0121112	0	0.01	0.62003	0.0482304	0.00393851	0.0259568	0.530859	0.530859	1.16035	-0.212275	0.0282446	0.438471	0.417693	0.417693	1.05061	-0.10717	0.0242878	0.350223	-0.400979	0.01	0.820931	0.00310592	0.00247358	0.0113519	0	0	0	0	0	0	0	0	0	0	0	0	0	0	0	0	0	0	2.10058	0.850742	0	1.37161	-0.610153	0	2.03389	0.874207	0	1.39922	-0.531675	0	0	0	-0.338318	0	0	-1.17671	2.01195	0.811854	0.0835	1.32585	-0.50586	0	2.02825	0.642637	0.0835	1.90156	-0.450416	0	0	0	0.0960099	0	0	3.40221	2.04991	0.417678	0.0835	2.66692	-0.376707	0	1.90058	0.305624	0.0835	2.35119	0.0440677	0	0	0	-0.927073	0	0	-2.81765	1.64676	0.184761	0.09142	1.8226	0.31674	0	1.71793	0.108374	0.09142	2.17826	0.648108	0	0	0	-1.1122	0	0	4.65606	2.01195	0.811854	-0.0835	1.32585	-0.50586	0	1.93189	0.661888	-0.0835	1.07601	-0.372476	0	0	0	-0.490385	0	0	-1.66597	1.82545	0.462522	-0.0835	0.743875	-0.195153	0	1.72353	0.306097	-0.0835	0.483438	-0.0254577	0	0	0	-0.577484	0	0	-1.66494	1.52832	0.0865546	-0.09142	0.116351	0.305755	0	1.63117	0.0686429	-0.09142	0.0847476	0.124278	0	0	0	-0.463873	0	0	-1.7644	2.03264	0.961044	0	1.5014	-0.530205	0	2.11055	1.27286	0	1.86832	-0.621881	0	0	0	-0.338318	0	0	-1.17671	4.58559e-17	1.48276	3.72636	0.752079	3.04725	3.30805	3.87058	0.509735	2	1	-0.396283	-0.455221	-0.31828	-0.365617	0.183849	0.00583648	0.143555	0.28237	0.201915	0.336998	-0.00287411	-0.296213	-0.00331996	-0.288257	-0.00823229	-0.00805413	0.267665	0.0833111	0.0496065	0.0385485	0.0365016	0.0335271	0.00410872	-0.0404383	0.00373923	-0.028678	-0.117509	-0.114966	0.629284	0.024227	0.0685608	0.11572	0.0349867	0	-0.114167	0.194147	0.299061	0.15282	-0.176197	-0.03372	0.408928	-0.202747	0.272558	0.378882	-0.14456	-0.112531	0.0150289	-0.146347	0.29106	0.843653	922.031	137.215	0.862757	3.84878	158.866	0.466058	163.109	2.28842	2.58452	18.099	20.9998	0.396113	1.57042	204.153	0.336663	4.10058	45.1592	44.9994	0.434984	0.87717	0	0	0.0487027	0	0	0.866543	0	0.0113519	0.820931	0.350223	1.05061	0.438471	1.16035	0.393754	0.933154	0	0.972016	0	0.821029	0.0259568	0.62003	1.08974	0.949315	0.727436	0.0656242	0.682567	-0.338318	-1.17671	29.852	0.485736	0.996545	0.903244	1.13125	0.794354	0	0.853798	2.02155	0.919037	-3.72401e-19	1.62988	-0.458494	0	121.477	-34.1722	0	-0.0208507	1.45863	-9.40055	0.316532	0.806663	-0	231.354	589.593	-0	53.9006	-21.1504	1004.07	1.70299	-6.05024e-15	-0.09142	-0	-0	-0	-0	-0	-0	0	0	0	0	0	0	0	0	0	0	0	0	0	0	0	0
1.8	-0.348606	2.11514	0.844799	0.465798	-1.05704	-0.023851	-0.159188	-0.0871167	0.109528	-0.905226	1.52941	-0.56784	1.95456	-0.289322	10.1169	-0.849482	-0.0726706	-0.758508	0.481514	0.0765268	0.0108166	0.108265	0.051985	0.135207	0.397273	0.0949739	0.01	0.0857573	0.569242	0.0995444	0.0210828	0.0419943	0.0162189	0.0442114	0.320058	0.0624358	0.268939	0.0712362	0.0149068	0.133541	0.013161	0.106775	0.802821	0.115641	0.010227	0.0722243	0.0430118	0.0616015	0.530272	0.0590628	0.418285	0.0461665	0.012625	0.0561536	0.570517	0.570517	0.784086	-0.714177	0.0205697	0.272218	0	0.01	0.98155	-0.746725	-0.0494095	0	0.0591654	0.0591654	0.861743	0.486487	0.0065063	0.0550478	0.0254052	0.0254052	0.890937	-0.839662	0.0185071	0.232716	-0.112232	0.01	1.12987	-0.466476	0.0039727	0.0263215	0.679883	0.679883	1.00246	0.33728	0.0364931	0.649049	-0.0374238	0.01	0.823419	4.90723	0.00792839	0.0724146	-0.00888571	0.01	1.0048	10.2079	0.0107348	0.110031	0.276274	0.276274	0.91414	-4.7215	0.00202069	0.00748197	-0.113404	0.01	0.729879	0.333419	0.0189104	0.240124	0.0149814	0.0149814	1.2107	-0.0132479	0.00740891	0.0659622	-0.146591	0.01	0.68053	-0.253136	0.00166936	0.00485686	0.957571	0.957571	1.08482	-0.409735	0.035605	0.624232	-0.202283	0.01	0.951571	0.314652	0.0027801	0.0141949	0	0.01	0.620357	0.042482	0.00367854	0.0232108	0.537143	0.537143	1.15809	-0.251564	0.0281066	0.43531	0.425361	0.425361	1.04924	-0.184784	0.0239061	0.341959	-0.415995	0.01	0.822161	0.307808	0.0029098	0.0154402	0	0	0	0	0	0	0	0	0	0	0	0	0	0	0	0	0	0	2.11514	0.844799	0	1.52941	-0.56784	0	2.04869	0.868949	0	1.55127	-0.50769	0	0	0	-0.348606	0	0	-0.905226	2.02611	0.806825	0.0835	1.49504	-0.487251	0	2.04599	0.637991	0.0835	1.6722	-0.466394	0	0	0	0.117192	0	0	1.04933	2.07241	0.413541	0.0835	1.90772	-0.438665	0	1.92166	0.303404	0.0835	1.99143	-0.55324	0	0	0	-0.939843	0	0	0.76001	1.66293	0.176001	0.09142	1.92514	-1.37992	0	1.74461	0.110985	0.09142	2.63231	-0.491411	0	0	0	-0.963694	0	0	10.8769	2.02611	0.806825	-0.0835	1.49504	-0.487251	0	1.94345	0.658276	-0.0835	1.23438	-0.342203	0	0	0	-0.507794	0	0	-1.75471	1.83356	0.460793	-0.0835	0.887852	-0.149373	0	1.72892	0.306168	-0.0835	0.605294	0.0418315	0	0	0	-0.594911	0	0	-1.82738	1.52986	0.0903162	-0.09142	0.199965	0.453159	0	1.63231	0.0701965	-0.09142	0.147938	0.188245	0	0	0	-0.485382	0	0	-2.58589	2.04833	0.955795	0	1.62989	-0.507368	0	2.12945	1.26679	0	1.91141	-0.580793	0	0	0	-0.348606	0	0	-0.905226	8.69511e-17	2.34437	5.75657	1.1012	3.20604	3.10844	3.80685	0.798667	2	1	-0.409438	-0.470332	-0.310413	-0.35658	0.183399	0.0055594	0.142799	0.290403	0.200843	0.343972	-0.00281798	-0.30464	-0.00327423	-0.294222	-0.00784146	-0.00767177	0.257317	0.0801302	0.0663396	0.0377974	0.0404678	0.0326851	0.00286501	-0.0396503	0.00356996	-0.0279578	-0.113023	-0.110577	0.656974	0.0229089	0.0254052	0.113482	0.053053	0	-0.106591	0.210582	0.306882	0.165756	-0.191112	-0.0346018	0.407628	-0.202283	0.295631	0.38879	-0.134478	-0.113404	0.0149814	-0.146591	0.29106	0.843653	931.841	142.171	0.850553	6.33923	89.4902	0.85593	193.207	0.657008	0.843057	45.8509	16.0497	0.408992	1.83768	216.766	0.336509	3.7191	48.0437	51.4448	0.427218	1.151	0	0	2.01735	0	0	0.851369	0	0.0154402	0.822161	0.341959	1.04924	0.43531	1.15809	0.00748197	0.91414	0.110031	1.0048	0.0724146	0.823419	0.0232108	0.620357	1.08482	0.951571	0.729879	0.0659622	0.68053	-0.348606	-0.905226	21.6827	0.649049	1.00246	0.890937	1.12987	0.784086	0	0.861743	2.03801	0.914352	-3.72401e-19	1.66168	-0.47845	0	123.848	-35.6595	0	0.358343	1.05306	-9.12941	0.323161	0.787652	-0	236.2	575.698	-0	52.6303	-21.5934	980.471	1.7031	-6.05063e-15	-0.09142	-0	-0	-0	-0	-0	-0	0	0	0	0	0	0	0	0	0	0	0	0	0	0	0	0
1.81	-0.356531	2.13111	0.839371	0.47601	-1.04088	-0.0705134	-0.168106	-0.0901422	0.0995507	-0.671118	1.66517	-0.534393	0.337958	0.221985	-9.16633	-0.945634	-0.5494	-1.13945	0.535236	0.0760836	0.0107176	0.107444	0.0708963	0.135583	0.309581	0.0944249	0.01	0.0849663	0.678485	0.0994489	0.0197051	0.0432592	0.0155423	0.0456461	0.308455	0.0603918	0.218572	0.0715516	0.0152235	0.133475	0.0127758	0.106356	0.879154	0.115291	0.0101995	0.0725493	0.038687	0.0617124	0.536295	0.0589087	0.425513	0.0460524	0.0123055	0.05651	0.5816	0.5816	0.779545	-0.275113	0.0256145	0.379288	0	0.01	0.97411	-0.741406	-0.0348485	0	0.0780264	0.0780264	0.864136	0.0715107	0.00708189	0.0619662	-0.00870135	0.01	0.885787	-0.221747	0.0193347	0.248096	-0.129058	0.01	1.11945	-1.14001	0.00291217	0.0154631	0.852905	0.852905	1.0015	-0.454698	0.0320475	0.529378	-0.0291817	0.01	0.848219	-1.08858	-4.95005e-05	0	0.0113906	0.0113906	1.03741	-1.27878	-0.00378923	0	0.262963	0.262963	0.884214	-0.255401	0.0193069	0.247568	-0.113645	0.01	0.733111	0.277896	0.0161835	0.193328	0.0154028	0.0154028	1.21011	-0.115881	0.00727184	0.0642813	-0.147809	0.01	0.677856	-0.282133	0.00157584	0.00423037	0.984136	0.984136	1.08153	-0.252719	0.0398557	0.743399	-0.201651	0.01	0.955854	0.564182	0.00307946	0.0171018	0	0.01	0.621475	0.206681	0.00377321	0.024205	0.542591	0.542591	1.15507	-0.363036	0.0272689	0.41626	0.431868	0.431868	1.04664	-0.341033	0.0228171	0.318656	-0.429174	0.01	0.827379	0.692976	0.00333916	0.019708	0	0	0	0	0	0	0	0	0	0	0	0	0	0	0	0	0	0	2.13111	0.839371	0	1.66517	-0.534393	0	2.06486	0.864047	0	1.68173	-0.489928	0	0	0	-0.356531	0	0	-0.671118	2.04179	0.802104	0.0835	1.64016	-0.474445	0	2.06205	0.633316	0.0835	1.58392	-0.481196	0	0	0	0.119479	0	0	-0.33316	2.08899	0.408927	0.0835	1.50917	-0.490171	0	1.94029	0.296028	0.0835	1.49661	-0.47364	0	0	0	-0.921396	0	0	-0.111175	1.68472	0.166776	0.09142	1.64608	0.121224	0	1.76454	0.0994811	0.09142	1.02175	-0.619319	0	0	0	-0.99191	0	0	-9.2775	2.04179	0.802104	-0.0835	1.64016	-0.474445	0	1.95663	0.654968	-0.0835	1.40227	-0.336774	0	0	0	-0.524637	0	0	-1.61675	1.84343	0.459363	-0.0835	1.08603	-0.153753	0	1.73575	0.306848	-0.0835	0.755659	0.079508	0	0	0	-0.614779	0	0	-2.16615	1.53231	0.0956224	-0.09142	0.2839	0.592097	0	1.63411	0.0724545	-0.09142	0.207316	0.255587	0	0	0	-0.515228	0	0	-3.3056	2.06519	0.950892	0	1.74001	-0.490151	0	2.14876	1.26124	0	1.94829	-0.54624	0	0	0	-0.356531	0	0	-0.671118	8.0165e-17	2.15974	4.57718	1.19014	3.48163	2.88252	3.60183	0.438268	2	1	-0.423481	-0.486464	-0.299818	-0.344409	0.182979	0.00542694	0.142114	0.297408	0.199828	0.350252	-0.00276703	-0.311988	-0.00323091	-0.299594	-0.00765464	-0.00748899	0.247009	0.0768917	0.0830111	0.0368343	0.0450108	0.0319152	0.00162588	-0.0386401	0.00337609	-0.0272992	-0.108455	-0.106108	0.664012	0.188893	-0.00870135	0.112348	0.0431119	0	-0.100923	0.227342	0.311146	0.178949	-0.206323	-0.0350826	0.402478	-0.201651	0.31916	0.394192	-0.131694	-0.113645	0.0154028	-0.147809	0.29106	0.843653	1037.34	117.429	0.839595	8.78436	37.7462	1.24187	387.506	1.99198	2.56552	24.4938	12.6933	0.669967	1.84702	206.358	0.336891	3.3988	54.3476	62.1301	0.421766	1.44636	0	0	0	0	0.837099	0.802835	1.43426	0.019708	0.827379	0.318656	1.04664	0.41626	1.15507	0.247568	0.884214	0	1.03741	0	0.848219	0.024205	0.621475	1.08153	0.955854	0.733111	0.0642813	0.677856	-0.356531	-0.671118	27.3433	0.529378	1.0015	0.885787	1.11945	0.779545	0	0.864136	2.05471	0.909541	1.86201e-19	1.66602	-0.456123	0	124.171	-33.9955	0	0.383389	0.463533	-11.6126	0.317719	0.737292	-0	232.222	538.889	-0	49.2652	-21.2297	917.927	1.70337	-6.05159e-15	-0.09142	-0.569132	1.31651	-0	-415.98	962.243	-0	-87.9682	-38.0289	1728.53	1.79635	-6.38192e-15	0.09142	0	0	0	0	0	0	0	0	0	0
1.82	-0.361858	2.14853	0.834036	0.469432	-1.05164	-0.0816566	-0.178176	-0.0984823	0.086772	-0.401766	1.81898	-0.526762	-1.93095	-0.299335	4.49212	-1.03698	-1.1474	-1.45983	0.563988	0.0757386	0.0106307	0.106629	0.0872392	0.135367	0.248179	0.094511	0.01	0.0849201	0.825287	0.0990752	0.0185028	0.0427184	0.0152753	0.0451239	0.332517	0.0604592	0.180789	0.0717337	0.0156978	0.133279	0.0124378	0.105882	0.927553	0.115091	0.0101754	0.0731022	0.0349666	0.0620291	0.541541	0.0586847	0.431631	0.0458647	0.0120252	0.0570492	0.591558	0.591558	0.776011	-0.50169	0.0243754	0.352126	0	0.01	0.96672	-0.736548	-0.0298605	0	0.0936623	0.0936623	0.862759	-0.425357	0.00645546	0.0544434	-0.0273829	0.01	0.886594	0.605874	0.0206349	0.273525	-0.144697	0.01	1.11884	0.893652	0.00528764	0.04086	1.19003	1	0.997736	-0.28113	0.0385767	0.70751	-0.138335	0.01	0.837616	-1.03248	-0.000331131	0	-0.097448	0.01	1.02554	-1.09216	-0.00334491	0	0.377355	0.377355	0.885201	-0.156913	0.0210927	0.282777	-0.113044	0.01	0.734976	0.076658	0.0132171	0.147193	0.0158123	0.0158123	1.20833	-0.248834	0.00705421	0.0616303	-0.150078	0.01	0.674835	-0.314447	0.00147472	0.00359316	0.997741	0.997741	1.07965	-0.124279	0.0433157	0.840491	-0.20047	0.01	0.963139	0.906848	0.00344343	0.0207734	0	0.01	0.624663	0.4482	0.00395753	0.0261596	0.546963	0.546963	1.15068	-0.528998	0.026017	0.388209	0.436963	0.436963	1.04238	-0.519703	0.0215993	0.293163	-0.439987	0.01	0.835273	0.899112	0.00353725	0.0217404	0	0	0	0	0	0	0	0	0	0	0	0	0	0	0	0	0	0	2.14853	0.834036	0	1.81898	-0.526762	0	2.08241	0.859065	0	1.82903	-0.500197	0	0	0	-0.361858	0	0	-0.401766	2.05901	0.797246	0.0835	1.8042	-0.490796	0	2.07726	0.628228	0.0835	1.40993	-0.533373	0	0	0	0.107575	0	0	-2.33272	2.10153	0.403535	0.0835	0.885781	-0.589977	0	1.95031	0.294035	0.0835	0.597574	-0.191964	0	0	0	-0.944068	0	0	-2.63205	1.69209	0.171293	0.09142	0.18488	0.212954	0	1.76959	0.101338	0.09142	0.315	0.35711	0	0	0	-1.02572	0	0	1.86006	2.05901	0.797246	-0.0835	1.8042	-0.490796	0	1.9716	0.651438	-0.0835	1.59442	-0.365038	0	0	0	-0.540034	0	0	-1.43874	1.8554	0.4576	-0.0835	1.31553	-0.197854	0	1.74413	0.307683	-0.0835	0.927827	0.0899174	0	0	0	-0.638516	0	0	-2.58615	1.5356	0.102157	-0.09142	0.381471	0.721939	0	1.63648	0.0752878	-0.09142	0.27276	0.313754	0	0	0	-0.551744	0	0	-4.04598	2.0832	0.945907	0	1.86392	-0.500516	0	2.16843	1.2558	0	1.98843	-0.534757	0	0	0	-0.361858	0	0	-0.401766	3.49972e-16	2.50232	5.97414	0.766809	3.49384	2.56792	3.33638	0.621747	2	1	-0.438235	-0.503413	-0.305532	-0.350972	0.182683	0.00540678	0.141434	0.303154	0.19884	0.355584	-0.00271652	-0.318016	-0.00318876	-0.304155	-0.00762621	-0.00746117	0.238594	0.134781	0.0926586	4.50424e-15	0.0474221	0.0002359	0.00090881	-4.72505e-15	0.00327318	-0.000201781	-0.190107	-0.185993	0.667714	0.522318	-0.0273829	0.11212	0.035466	0	-0.0985842	0.244236	0.311857	0.192246	-0.221654	-0.0351627	0.398403	-0.20047	0.342876	0.395092	-0.138631	-0.113044	0.0158123	-0.150078	0.29106	0.843653	1088.32	144.823	0.829595	21.0887	16.2793	0.289822	422.131	1.82036	2.356	26.8529	10.2759	0.985228	1.85793	187.349	0.338014	3.13364	62.4111	72.5335	0.417985	1.83744	0	0	0	0	0	0.746938	0.25372	0.0217404	0.835273	0.293163	1.04238	0.388209	1.15068	0.282777	0.885201	0	1.02554	0	0.837616	0.0261596	0.624663	1.07965	0.963139	0.734976	0.0616303	0.674835	-0.361858	-0.401766	24.4284	0.70751	0.997736	0.886594	1.11884	0.776011	0	0.862759	2.07133	0.905203	-7.44802e-19	1.66309	-0.430628	0	123.952	-32.0953	0	0.21305	-0.240698	-14.738	0.309756	0.679682	-0	226.402	496.782	-0	45.4158	-20.6977	846.393	1.70375	-6.05294e-15	-0.09142	-0.175195	0.183523	-0	-128.05	134.138	-0	-12.2629	-11.7064	240.976	1.79648	-6.38239e-15	0.09142	0	0	0	0	0	0	0	0	0	0
1.83	-0.364855	2.16741	0.828881	0.436773	-1.03461	-0.0312449	-0.187686	-0.114363	0.0702357	-0.223271	1.94571	-0.506015	-4.36661	3.25108	2.99048	-0.80126	-2.075	-1.81478	0.582771	0.0750394	0.0105543	0.105819	0.101331	0.134104	0.203099	0.0960056	0.01	0.0857575	0.900131	0.0986772	0.0174519	0.0429961	0.0146286	0.0452374	0.411582	0.0597073	0.15158	0.0716825	0.0157391	0.132901	0.0121411	0.105418	0.957129	0.115012	0.0101542	0.0739329	0.0317549	0.0626412	0.546182	0.0583531	0.436641	0.045588	0.011779	0.0577492	0.602301	0.602301	0.768846	-0.963822	0.0215068	0.291257	0	0.01	0.959377	-0.731905	-0.0150917	0	0.107202	0.107202	0.854709	-1.15572	0.00513251	0.0390996	-0.0323488	0.01	0.900615	1.94013	0.0197289	0.255657	-0.161381	0.01	1.12987	1.12779	0.00572932	0.04593	1.15078	1	0.993729	-0.636065	0.0362996	0.643628	-0.221932	0.01	0.843061	2.2424	0.00536591	0.0417523	-0.184509	0.01	1.02812	1.91761	0.00479978	0.0353613	0.451614	0.451614	0.874192	-1.67383	0.0148394	0.172275	-0.112249	0.01	0.734452	-0.19307	0.0103877	0.105095	0.0156011	0.0156011	1.20491	-0.463371	0.00664442	0.056695	-0.152669	0.01	0.67188	-0.25079	0.00155508	0.00409605	1.00625	1	1.07891	-0.0300495	0.0458278	0.910985	-0.198229	0.01	0.974083	1.29851	0.00383025	0.0248073	0	0.01	0.630828	0.829593	0.00427788	0.0296109	0.550939	0.550939	1.14418	-0.798921	0.0242171	0.348689	0.440723	0.440723	1.03609	-0.749743	0.0201596	0.264072	-0.449164	0.01	0.845523	1.14964	0.00377681	0.0242429	0	0	0	0	0	0	0	0	0	0	0	0	0	0	0	0	0	0	2.16741	0.828881	0	1.94571	-0.506015	0	2.10137	0.854108	0	1.95135	-0.491268	0	0	0	-0.364855	0	0	-0.223271	2.07778	0.792359	0.0835	1.93756	-0.486003	0	2.09	0.622799	0.0835	1.1593	-0.54207	0	0	0	0.0719177	0	0	-4.58988	2.10624	0.397383	0.0835	0.124665	-0.616607	0	1.95301	0.290718	0.0835	-0.018137	-0.411462	0	0	0	-0.96269	0	0	-1.3388	1.69156	0.169716	0.09142	-0.233959	-0.246134	0	1.77125	0.10226	0.09142	-0.122543	-0.11452	0	0	0	-0.993935	0	0	1.65168	2.07778	0.792359	-0.0835	1.93756	-0.486003	0	1.98856	0.647656	-0.0835	1.78931	-0.394589	0	0	0	-0.552541	0	0	-1.02453	1.86994	0.455287	-0.0835	1.59222	-0.273063	0	1.75446	0.308589	-0.0835	1.13753	0.0848849	0	0	0	-0.666904	0	0	-3.09953	1.54005	0.11012	-0.09142	0.509121	0.865443	0	1.63962	0.0787475	-0.09142	0.354946	0.376087	0	0	0	-0.596669	0	0	-4.91431	2.10242	0.940948	0	1.97074	-0.491504	0	2.18858	1.25059	0	2.03987	-0.51074	0	0	0	-0.364855	0	0	-0.223271	1.74986e-16	2.18827	5.4693	0.908834	3.54185	2.26068	3.01053	0.57554	2	1	-0.453787	-0.521277	-0.320554	-0.368229	0.182514	0.00551016	0.14072	0.307775	0.197863	0.36068	-0.00266339	-0.322863	-0.00314703	-0.308514	-0.00777202	-0.00760382	0.255502	0.191126	0.085073	0	0.0418157	0	0.00147262	-0	0.00351244	-0	-0.269582	-0.263748	0.674094	0.476686	-0.0323488	0.110406	0.0320848	0	-0.0982933	0.261067	0.309148	0.205495	-0.23693	-0.0348574	0.395888	-0.198229	0.366506	0.391661	-0.147805	-0.112249	0.0156011	-0.152669	0.29106	0.843653	1317.39	182.878	0.82018	35.6436	13.1332	0.284942	555.499	0.578895	0.753583	69.1488	15.1782	1.39607	1.68532	167.275	0.340015	2.91665	73.2753	83.6239	0.415621	2.13292	0	0	0	0	0	0.675572	0.400848	0.0242429	0.845523	0.264072	1.03609	0.348689	1.14418	0.172275	0.874192	0.0353613	1.02812	0.0417523	0.843061	0.0296109	0.630828	1.07891	0.974083	0.734452	0.056695	0.67188	-0.364855	-0.223271	12.1221	0.643628	0.993729	0.900615	1.12987	0.768846	0	0.854709	2.08801	0.900827	1.86201e-19	1.67293	-0.440992	0	124.686	-32.8677	0	0.324265	-0.901639	-16.353	0.294147	0.608173	-0	214.993	444.516	-0	40.6376	-19.6547	757.575	1.70427	-6.05479e-15	-0.09142	-0.15739	0.368657	-0	-115.037	269.452	-0	-24.6333	-10.5167	485.958	1.8035	-6.40733e-15	0.09142	0	0	0	0	0	0	0	0	0	0
1.84	-0.366635	2.18732	0.823841	0.38409	-0.991043	0.0103256	-0.193088	-0.141183	0.0508883	-0.153185	2.02384	-0.505343	-5.98646	5.31058	4.89243	-0.244492	-3.29419	-2.03643	0.593641	0.0738378	0.0104871	0.10548	0.113108	0.131884	0.168852	0.0983938	0.01	0.0866	0.941531	0.0976654	0.0643028	0.0441531	0.11854	0.0457845	0.363167	0.0584821	0.128499	0.071361	0.0156792	0.132242	0.0118806	0.105136	0.974436	0.115004	0.0101355	0.0750752	0.0289758	0.0637004	0.546978	0.0578505	0.436183	0.0452076	0.0115627	0.058595	0.601357	0.601357	0.756535	-1.50235	0.0187242	0.236683	0	0.01	0.956301	1.50936	0.00408096	0.0274816	0.118053	0.118053	0.840559	-1.64593	0.00445338	0.0315281	-0.0176423	0.01	0.923019	2.50598	0.0182418	0.22794	-0.174807	0.01	1.14097	1.07112	0.00592596	0.0482138	1.18195	1	0.983539	-1.46841	0.0302665	0.485747	0.09747	0.09747	0.865748	1.18644	0.00882618	0.0839034	0.19986	0.19986	1.04056	-0.312914	0.009345	0.090763	0.097593	0.097593	0.856253	-1.95851	0.0121333	0.130653	-0.111791	0.01	0.731158	-0.473373	0.00801228	0.0734692	0.0151084	0.0151084	1.19893	-0.752425	0.00605811	0.0497576	-0.155509	0.01	0.670085	-0.0882023	0.0018017	0.00579874	1.00411	1	1.07884	0.0049414	0.0470003	0.943886	-0.194417	0.01	0.989133	1.72884	0.00423672	0.0291639	0	0.01	0.641495	1.33869	0.00473602	0.034651	0.544562	0.544562	1.13432	-1.20815	0.0219425	0.300277	0.42969	0.42969	1.02745	-0.983323	0.0187095	0.236412	-0.43642	0.01	0.857907	1.3181	0.00393444	0.0259134	0	0	0	0	0	0	0	0	0	0	0	0	0	0	0	0	0	0	2.18732	0.823841	0	2.02384	-0.505343	0	2.12131	0.849185	0	2.02772	-0.495233	0	0	0	-0.366635	0	0	-0.153185	2.09762	0.787478	0.0835	2.01827	-0.491603	0	2.10059	0.617504	0.0835	0.974691	-0.50982	0	0	0	0.0174548	0	0	-6.13965	2.10453	0.391538	0.0835	-0.412658	-0.534039	0	1.95015	0.28655	0.0835	-0.4997	-0.406045	0	0	0	-0.973588	0	0	-0.829065	1.68668	0.16583	0.09142	-0.678534	-0.492328	0	1.76839	0.100849	0.09142	-0.414494	-0.160285	0	0	0	-0.963262	0	0	4.06337	2.09762	0.787478	-0.0835	2.01827	-0.491603	0	2.00736	0.64342	-0.0835	1.96098	-0.455708	0	0	0	-0.559723	0	0	-0.397677	1.88736	0.451907	-0.0835	1.88482	-0.407989	0	1.76696	0.30922	-0.0835	1.35804	0.0365298	0	0	0	-0.700906	0	0	-3.69187	1.54584	0.119396	-0.09142	0.649336	0.983638	0	1.6436	0.0827582	-0.09142	0.439464	0.42362	0	0	0	-0.650018	0	0	-5.7283	2.12252	0.936023	0	2.04103	-0.495418	0	2.20923	1.24551	0	2.08843	-0.5087	0	0	0	-0.366635	0	0	-0.153185	1.55619e-16	1.81756	4.37632	1.1996	3.52507	1.96788	2.65744	0.481889	2	1	-0.469738	-0.539601	-0.341054	-0.391778	0.183314	0.00749461	0.139748	0.300513	0.196824	0.35808	-0.00259119	-0.315245	-0.00310272	-0.30629	-0.0105711	-0.0103423	0.243136	0.00363171	0.108287	0.0966951	0.0429145	0.0595672	-0.000252791	-0.101435	0.00346555	-0.0509518	-0.00512249	-0.00501164	0.667516	0.514433	-0.0176423	0.110306	0.0294532	0	-0.100451	0.277595	0.294309	0.218505	-0.251929	-0.0331841	0.394638	-0.194417	0.389709	0.37286	-0.1531	-0.111791	0.0151084	-0.155509	0.29106	0.843653	1555.52	210.872	0.342972	44.1796	10.9305	0.280033	740.353	3.53797	17.0075	52.1845	18.9771	1.82013	1.27381	160.524	0.342982	2.74411	85.5955	91.5978	0.414485	2.27399	0	0	0	0	0	0.598	0.371714	0.0259134	0.857907	0.236412	1.02745	0.300277	1.13432	0.130653	0.856253	0.090763	1.04056	0.0839034	0.865748	0.034651	0.641495	1.07884	0.989133	0.731158	0.0497576	0.670085	-0.366635	-0.153185	1.02168	0.485747	0.983539	0.923019	1.14097	0.756535	0.0274816	0.840559	2.10482	0.896394	-7.44802e-19	1.68923	-0.44639	0	125.901	-33.2701	0	0.245764	-1.43872	-17.6909	0.2751	0.530965	-0	201.072	388.084	-0	35.4787	-18.382	661.661	1.70494	-6.05717e-15	-0.09142	-0.0334741	0.370204	-0	-24.4663	270.583	-0	-24.7367	-2.23671	488.203	1.80426	-6.41002e-15	0.09142	0	0	0	0	0	0	0	0	0	0
1.85	-0.368284	2.20773	0.818745	0.319722	-0.929132	0.0578695	-0.191389	-0.181292	0.0292541	-0.18919	2.05241	-0.514994	-6.74041	6.88361	4.54948	0.594086	-4.70332	-2.30806	0.584638	0.0722141	0.0104281	0.107492	0.120778	0.129068	0.143335	0.101205	0.01	0.0872938	0.965289	0.0957698	0.0620852	0.0459491	0.121424	0.0462596	0.341016	0.0569642	0.109967	0.0707748	0.0155349	0.131222	0.0116519	0.105185	0.969288	0.115008	0.0101191	0.0765537	0.0265685	0.0653265	0.542247	0.0571036	0.42992	0.0447293	0.0113728	0.0595441	0.547457	0.547457	0.739899	-1.77613	0.0169198	0.205257	0	0.01	0.97454	2.06675	0.00459636	0.0331026	0.123738	0.123738	0.822611	-1.91016	0.004082	0.0274927	0.023984	0.023984	0.949392	2.71934	0.0168221	0.20365	-0.178888	0.01	1.15012	0.698286	0.00580928	0.0468567	1.24448	1	0.964449	-2.34958	0.0250412	0.366665	-0.111509	0.01	0.900964	5.31571	0.0121007	0.130161	-0.0381227	0.01	1.05135	3.3233	0.0150924	0.176199	0.344851	0.344851	0.83403	-2.49784	0.00944394	0.0920911	-0.11192	0.01	0.725152	-0.724128	0.0062521	0.0520372	0.0142379	0.0142379	1.18968	-1.11469	0.00529145	0.0409033	-0.157797	0.01	0.670392	0.167506	0.00216174	0.00863704	0.945699	0.945699	1.07887	-0.00696577	0.0466239	0.933323	-0.188691	0.01	1.00861	2.17637	0.00465204	0.0337188	0	0.01	0.65787	1.96479	0.00533037	0.0413468	0.524644	0.524644	1.11968	-1.75785	0.0193004	0.247447	0.404452	0.404452	1.01658	-1.1968	0.0173021	0.211632	-0.395872	0.01	0.871802	1.47509	0.00408245	0.0274976	0	0	0	0	0	0	0	0	0	0	0	0	0	0	0	0	0	0	2.20773	0.818745	0	2.05241	-0.514994	0	2.14177	0.844198	0	2.05722	-0.502515	0	0	0	-0.368284	0	0	-0.18919	2.11798	0.782531	0.0835	2.04556	-0.498013	0	2.10973	0.612731	0.0835	0.868912	-0.440829	0	0	0	-0.0485615	0	0	-6.9296	2.09875	0.386997	0.0835	-0.695332	-0.364807	0	1.94394	0.282644	0.0835	-0.700131	-0.357687	0	0	0	-0.977693	0	0	-0.0459906	1.67927	0.160031	0.09142	-0.766625	-0.631784	0	1.76373	0.0986601	0.09142	-0.490243	-0.251416	0	0	0	-0.919824	0	0	4.50349	2.11798	0.782531	-0.0835	2.04556	-0.498013	0	2.02772	0.638468	-0.0835	2.10389	-0.534557	0	0	0	-0.559673	0	0	0.404896	1.90774	0.446949	-0.0835	2.18143	-0.583138	0	1.78171	0.309198	-0.0835	1.58932	-0.0414396	0	0	0	-0.740966	0	0	-4.29843	1.55316	0.129774	-0.09142	0.81828	1.08947	0	1.64848	0.0871784	-0.09142	0.536872	0.459754	0	0	0	-0.711711	0	0	-6.60649	2.14313	0.931034	0	2.07365	-0.502771	0	2.23034	1.24038	0	2.13218	-0.519272	0	0	0	-0.368284	0	0	-0.18919	1.04703e-16	1.61229	3.65804	1.75867	3.38879	1.69437	2.30196	0.421863	2	1	-0.485592	-0.557812	-0.365366	-0.419706	0.186708	0.00956619	0.137911	0.280034	0.195435	0.34241	-0.00245466	-0.293762	-0.00304344	-0.292886	-0.013493	-0.013201	0.223673	0.120168	0.131374	5.45845e-15	0.0543195	5.86319e-15	-0.00196873	-5.72604e-15	0.00297883	-5.01518e-15	-0.169496	-0.165828	0.662072	0.582407	0.023984	0.112121	0.024118	0	-0.106028	0.291902	0.231436	0.229766	-0.264914	-0.0260951	0.394308	-0.188691	0.409794	0.293208	-0.151611	-0.11192	0.0142379	-0.157797	0.29106	0.843653	1659	208.694	0.345915	48.198	9.85057	0.275989	839.906	1.84374	4.97717	57.48	19.5797	2.17177	1.01175	156.381	0.341195	2.61165	96.5887	95.7822	0.414296	2.29659	0	0	0	0	0	0.520088	0.459645	0.0274976	0.871802	0.211632	1.01658	0.247447	1.11968	0.0920911	0.83403	0.176199	1.05135	0.130161	0.900964	0.0413468	0.65787	1.07887	1.00861	0.725152	0.0409033	0.670392	-0.368284	-0.18919	-6.89596	0.366665	0.964449	0.949392	1.15012	0.739899	0.0331026	0.822611	2.12186	0.891877	-7.44802e-19	1.72052	-0.456023	0	128.232	-33.988	0	0.106376	-1.7853	-17.9974	0.253872	0.453917	-0	185.556	331.769	-0	30.3304	-16.9635	565.918	1.70576	-6.06006e-15	-0.09142	0.105351	0.447409	-0	77.0018	327.012	-0	-29.8955	7.0395	590.013	1.80425	-6.40999e-15	0.09142	0	0	0	0	0	0	0	0	0	0
1.86	-0.370571	2.22829	0.813481	0.250453	-0.855738	0.103188	-0.180766	-0.235451	0.00392895	-0.267761	2.05714	-0.540034	-7.07969	7.72731	4.49845	1.49133	-6.05171	-2.78164	0.562959	0.0704641	0.0103762	0.109929	0.123662	0.125961	0.130389	0.104081	0.01	0.0876648	0.979263	0.0931193	0.0549497	0.0489753	0.104211	0.0479837	0.359246	0.0551147	0.0948557	0.0699814	0.0152481	0.129787	0.0114511	0.105664	0.947823	0.114969	0.0101047	0.0783296	0.0244777	0.0675921	0.531947	0.056052	0.418708	0.0441534	0.011206	0.0606311	0.497414	0.497414	0.721968	-1.78114	0.0160571	0.191318	0	0.01	0.996632	2.3402	0.00484146	0.0358267	0.124444	0.124444	0.802811	-2.04505	0.00380163	0.0245047	0.0782953	0.0782953	0.976368	2.68194	0.015869	0.188341	-0.181243	0.01	1.155	0.2761	0.00551769	0.0434903	1.11333	1	0.937757	-2.95851	0.0215966	0.293107	-0.139969	0.01	0.960301	6.39201	0.0124807	0.135918	-0.0706317	0.01	1.09054	4.13541	0.0147129	0.170315	0.363415	0.363415	0.80695	-2.83285	0.00850266	0.0797105	-0.11273	0.01	0.717022	-0.892119	0.00506827	0.0383737	0.0127947	0.0127947	1.17667	-1.49354	0.00440046	0.0309481	-0.158584	0.01	0.673446	0.444807	0.00248875	0.0114888	0.904818	0.904818	1.07851	-0.0815275	0.0446796	0.878765	-0.180815	0.01	1.03201	2.48631	0.00517689	0.0396021	0	0.01	0.680686	2.60485	0.00594975	0.0484913	0.498188	0.498188	1.09906	-2.39964	0.0162359	0.194164	0.377638	0.377638	1.00349	-1.44373	0.0156953	0.185608	-0.346203	0.01	0.887718	1.74098	0.00433494	0.0302323	0	0	0	0	0	0	0	0	0	0	0	0	0	0	0	0	0	0	2.22829	0.813481	0	2.05714	-0.540034	0	2.16239	0.839085	0	2.06399	-0.522388	0	0	0	-0.370571	0	0	-0.267761	2.13845	0.777472	0.0835	2.0475	-0.515978	0	2.11808	0.608697	0.0835	0.807428	-0.366304	0	0	0	-0.120118	0	0	-7.34745	2.091	0.384325	0.0835	-0.841132	-0.167324	0	1.93638	0.279687	0.0835	-0.801385	-0.226058	0	0	0	-0.975855	0	0	0.379852	1.6714	0.153723	0.09142	-0.800299	-0.612292	0	1.75866	0.0964015	0.09142	-0.52067	-0.186612	0	0	0	-0.872667	0	0	4.8783	2.13845	0.777472	-0.0835	2.0475	-0.515978	0	2.0494	0.632661	-0.0835	2.22468	-0.624938	0	0	0	-0.551337	0	0	1.22357	1.93102	0.440149	-0.0835	2.46023	-0.769789	0	1.79882	0.308316	-0.0835	1.82372	-0.131508	0	0	0	-0.786788	0	0	-4.82815	1.56238	0.141175	-0.09142	1.0297	1.18853	0	1.65443	0.0919116	-0.09142	0.654817	0.48805	0	0	0	-0.782859	0	0	-7.60979	2.16394	0.925917	0	2.08724	-0.522803	0	2.25187	1.23506	0	2.17002	-0.546346	0	0	0	-0.370571	0	0	-0.267761	1.361e-16	1.45723	3.13041	1.69242	3.13657	1.44355	1.9378	0.329056	2	1	-0.500772	-0.57525	-0.390838	-0.448966	0.191842	0.0105527	0.134891	0.257631	0.193415	0.319335	-0.0022302	-0.270261	-0.00295722	-0.273149	-0.0148845	-0.0145624	0.224314	0.137259	0.12297	0	0.0494434	0	-0.00134414	-0	0.00318692	-0	-0.193602	-0.189412	0.650783	0.462547	0.0782953	0.113946	0.0149509	0	-0.114027	0.302961	0.179502	0.238471	-0.27495	-0.0202394	0.394347	-0.180815	0.425319	0.227412	-0.14226	-0.11273	0.0127947	-0.158584	0.29106	0.843653	1683.76	193.159	0.349852	48.9952	11.2958	0.273827	855.397	1.7362	3.88394	59.867	18.2569	2.31449	1.00402	169.676	0.33042	2.51383	103.155	98.5891	0.415132	2.24556	0	0	0	0	0	0.439679	0.424246	0.0302323	0.887718	0.185608	1.00349	0.194164	1.09906	0.0797105	0.80695	0.170315	1.09054	0.135918	0.960301	0.0484913	0.680686	1.07851	1.03201	0.717022	0.0309481	0.673446	-0.370571	-0.267761	-8.32921	0.293107	0.937757	0.976368	1.155	0.721968	0.0358267	0.802811	2.13924	0.887249	1.86201e-19	1.75446	-0.46995	0	130.763	-35.026	0	-0.0945051	-2.04773	-18.0915	0.226737	0.376706	-0	165.723	275.336	-0	25.1712	-15.1504	469.92	1.70672	-6.06347e-15	-0.09142	0.104259	0.411235	-0	76.2035	300.573	-0	-27.4784	6.96652	541.892	1.80286	-6.40506e-15	0.09142	0	0	0	0	0	0	0	0	0	0
1.87	-0.373683	2.24885	0.807867	0.178132	-0.773964	0.146071	-0.161552	-0.301997	-0.0274379	-0.35164	2.05328	-0.584289	-7.36945	8.61071	4.00932	2.30013	-7.16924	-3.49668	0.531363	0.0687925	0.0103306	0.112647	0.123504	0.122662	0.132742	0.106845	0.01	0.0877198	0.981698	0.0899659	0.0488866	0.0523387	0.0921324	0.0497285	0.337658	0.0532095	0.0824	0.069066	0.0147796	0.127945	0.0112747	0.106561	0.918339	0.114819	0.010092	0.0803268	0.0226596	0.0704622	0.515148	0.0546564	0.402946	0.0434475	0.0110595	0.0619499	0.433924	0.433924	0.704842	-1.61427	0.0156866	0.185471	0.00503571	0.01	1.02128	2.5877	0.00515098	0.0393086	0.121556	0.121556	0.781782	-2.16528	0.00344838	0.0208242	0.1372	0.1372	1.0023	2.52881	0.0159539	0.189682	-0.180468	0.01	1.15573	-0.168389	0.00499996	0.037604	0.972133	0.972133	0.906001	-3.40148	0.0187799	0.237709	-0.0291024	0.01	1.02625	6.58439	0.0122244	0.132029	0.0379257	0.0379257	1.13019	3.62413	0.0137616	0.155592	0.240399	0.240399	0.779056	-2.69619	0.00821544	0.0760389	-0.114207	0.01	0.707644	-0.974097	0.00426948	0.0295195	0.0108901	0.0108901	1.15997	-1.84704	0.00344119	0.0207504	-0.15708	0.01	0.679165	0.697196	0.00275457	0.0139524	0.858159	0.858159	1.0771	-0.214878	0.0416632	0.794121	-0.170622	0.01	1.05832	2.78866	0.00588431	0.0477287	0	0.01	0.709589	3.17208	0.00645107	0.0543914	0.461013	0.461013	1.07169	-3.12553	0.0126668	0.138754	0.345907	0.345907	0.987444	-1.80905	0.0136271	0.153515	-0.283238	0.01	0.907026	2.1609	0.00472926	0.0345758	0	0	0	0	0	0	0	0	0	0	0	0	0	0	0	0	0	0	2.24885	0.807867	0	2.05328	-0.584289	0	2.18303	0.833676	0	2.06235	-0.561144	0	0	0	-0.373683	0	0	-0.35164	2.1589	0.772138	0.0835	2.04071	-0.552659	0	2.12587	0.605378	0.0835	0.753144	-0.297614	0	0	0	-0.195551	0	0	-7.72109	2.08195	0.383685	0.0835	-0.958565	0.0414445	0	1.928	0.278069	0.0835	-0.864607	-0.0955159	0	0	0	-0.969515	0	0	0.889614	1.66345	0.147694	0.09142	-0.777727	-0.587131	0	1.75343	0.0947354	0.09142	-0.518289	-0.146352	0	0	0	-0.823444	0	0	4.89893	2.1589	0.772138	-0.0835	2.04071	-0.552659	0	2.07219	0.625913	-0.0835	2.32563	-0.721607	0	0	0	-0.535235	0	0	1.94849	1.95692	0.431519	-0.0835	2.7044	-0.946209	0	1.81824	0.306519	-0.0835	2.05181	-0.222198	0	0	0	-0.837232	0	0	-5.22075	1.57396	0.153512	-0.09142	1.28757	1.27543	0	1.66167	0.0968905	-0.09142	0.793978	0.510777	0	0	0	-0.86467	0	0	-8.71744	2.18485	0.920503	0	2.09288	-0.561784	0	2.27374	1.22937	0	2.20149	-0.59304	0	0	0	-0.373683	0	0	-0.35164	4.86072e-17	1.37721	2.71761	1.55104	2.79941	1.18974	1.53016	0.229561	2	1	-0.514838	-0.591408	-0.416673	-0.478643	0.198508	0.0117674	0.130439	0.232066	0.190424	0.286827	-0.00189927	-0.243443	-0.0028296	-0.245342	-0.0165978	-0.0162386	0.217154	0.0836215	0.124797	0.0310754	0.0519474	0.0343448	-0.00147995	-0.0325989	0.00308006	-0.0293774	-0.117947	-0.115395	0.625437	0.346696	0.1372	0.11545	0.00256297	0.00503571	-0.123343	0.311127	0.120234	0.244899	-0.282361	-0.0135567	0.394261	-0.170622	0.436783	0.152325	-0.12521	-0.114207	0.0108901	-0.15708	0.29106	0.843653	1642.13	168.638	0.339882	48.1193	14.4567	0.535114	824.418	1.53417	3.7626	50.8966	16.1406	2.21306	0.999769	191.829	0.318407	2.44367	102.624	99.9048	0.417334	2.11693	0	0	0	0	0	0.348105	0.351748	0.0345758	0.907026	0.153515	0.987444	0.138754	1.07169	0.0760389	0.779056	0.155592	1.13019	0.132029	1.02625	0.0543914	0.709589	1.0771	1.05832	0.707644	0.0207504	0.679165	-0.373683	-0.35164	-8.57213	0.237709	0.906001	1.0023	1.15573	0.704842	0.0393086	0.781782	2.15695	0.882411	1.86201e-19	1.78506	-0.497976	0	133.043	-37.1148	0	-0.293425	-2.27411	-18.1119	0.187363	0.293381	-0	136.944	214.433	-0	19.6035	-12.5194	366.212	1.70781	-6.06738e-15	-0.09142	0.0993032	0.337439	-0	72.5811	246.636	-0	-22.5474	6.63536	444.276	1.80135	-6.39967e-15	0.09142	0	0	0	0	0	0	0	0	0	0
1.88	-0.377677	2.26931	0.801701	0.103257	-0.683254	0.181369	-0.134832	-0.378287	-0.0669479	-0.446419	2.03748	-0.648943	-7.56448	9.45572	2.999	2.99241	-7.99686	-4.38948	0.491928	0.0673476	0.0102905	0.115624	0.122521	0.119186	0.172031	0.109224	0.01	0.087392	0.94273	0.0864066	0.0459216	0.0555287	0.108024	0.0509793	0.300871	0.0514943	0.0720307	0.0681054	0.014198	0.125743	0.0111197	0.107824	0.88445	0.114502	0.0100809	0.0825296	0.0210759	0.0738301	0.491479	0.0528693	0.383668	0.0425427	0.0109308	0.0635959	0.371912	0.371912	0.690037	-1.31831	0.0156045	0.184184	0.00563931	0.01	1.04827	2.80858	0.00577776	0.0464911	0.115445	0.115445	0.759631	-2.2596	0.00311994	0.0175033	0.195483	0.195483	1.02461	2.22506	0.0186904	0.236061	-0.178103	0.01	1.15141	-0.741592	0.0041971	0.0287345	0.853216	0.853216	0.870157	-3.78659	0.0155144	0.182774	0.0438834	0.0438834	1.0888	5.89153	0.0122043	0.131726	0.123913	0.123913	1.15862	1.70887	0.0137258	0.15504	0.126697	0.126697	0.753943	-2.23373	0.00857297	0.0806165	-0.116207	0.01	0.697801	-0.981992	0.00372725	0.0237215	0.00861842	0.01	1.14001	-2.1424	0.00245056	0.0111448	-0.153034	0.01	0.687213	0.909851	0.00297435	0.0160682	0.819462	0.819462	1.07412	-0.399929	0.0381107	0.694434	-0.15838	0.01	1.08735	3.00017	0.0065456	0.0555156	0	0.01	0.743506	3.59722	0.00677207	0.0582245	0.415539	0.415539	1.03665	-3.92335	0.00862349	0.0812692	0.314335	0.314335	0.96688	-2.36561	0.0110323	0.114325	-0.214162	0.01	0.931126	2.70279	0.00522968	0.0402009	0	0	0	0	0	0	0	0	0	0	0	0	0	0	0	0	0	0	2.26931	0.801701	0	2.03748	-0.648943	0	2.2036	0.827773	0	2.04912	-0.619606	0	0	0	-0.377677	0	0	-0.446419	2.17922	0.766331	0.0835	2.02169	-0.608724	0	2.13315	0.602692	0.0835	0.710794	-0.239677	0	0	0	-0.274421	0	0	-8.01089	2.07191	0.385149	0.0835	-1.03192	0.250939	0	1.91922	0.277717	0.0835	-0.876705	0.0303225	0	0	0	-0.957675	0	0	1.44483	1.65604	0.141956	0.09142	-0.693266	-0.542425	0	1.74841	0.0932963	0.09142	-0.47703	-0.131948	0	0	0	-0.776306	0	0	4.44383	2.17922	0.766331	-0.0835	2.02169	-0.608724	0	2.09586	0.618174	-0.0835	2.3989	-0.820964	0	0	0	-0.51251	0	0	2.54599	1.98504	0.421211	-0.0835	2.90036	-1.10312	0	1.83986	0.303815	-0.0835	2.26045	-0.311799	0	0	0	-0.890796	0	0	-5.45087	1.58831	0.166582	-0.09142	1.58156	1.33317	0	1.67038	0.102053	-0.09142	0.946574	0.525539	0	0	0	-0.957744	0	0	-9.84035	2.20577	0.914592	0	2.08788	-0.620574	0	2.29588	1.2231	0	2.2256	-0.660804	0	0	0	-0.377677	0	0	-0.446419	1.56225e-16	1.44895	2.33693	1.52187	2.41902	0.925739	1.07208	0.134059	2	1	-0.527495	-0.605947	-0.442462	-0.508267	0.206562	0.0125783	0.124318	0.207758	0.185893	0.247004	-0.00144433	-0.217944	-0.00263621	-0.211279	-0.0177415	-0.0173575	0.205487	0.0634184	0.133601	0.0797624	0.0623807	0.0690178	-0.00213432	-0.0836726	0.00263481	-0.0590356	-0.0894509	-0.0875151	0.584985	0.268231	0.195483	0.116254	-0.0107892	0.00563931	-0.133341	0.316066	0.0666351	0.248787	-0.286843	-0.00751331	0.393458	-0.15838	0.443717	0.0844203	-0.102134	-0.116207	0.00861842	-0.153034	0.29106	0.843653	1531.99	138.504	0.326741	46.4666	20.2111	1.15352	734.819	1.86381	6.57561	40.4593	13.8146	1.9347	0.998466	217.142	0.305246	2.39396	93.0967	98.9646	0.421241	1.85986	0	0	0	0	0	0.240339	0.300476	0.0402009	0.931126	0.114325	0.96688	0.0812692	1.03665	0.0806165	0.753943	0.15504	1.15862	0.131726	1.0888	0.0582245	0.743506	1.07412	1.08735	0.697801	0.0111448	0.687213	-0.377677	-0.446419	-10.8787	0.182774	0.870157	1.02461	1.15141	0.690037	0.0464911	0.759631	2.17494	0.877208	1.86201e-19	1.81093	-0.541219	0	134.971	-40.3378	0	-0.482245	-2.44497	-18.0761	0.133041	0.200158	-0	97.2399	146.296	-0	13.3744	-8.88967	250.027	1.70905	-6.07175e-15	-0.09142	0.108486	0.280209	-0	79.2931	204.805	-0	-18.7233	7.24897	368.629	1.7999	-6.39452e-15	0.09142	0	0	0	0	0	0	0	0	0	0
1.89	-0.382766	2.28952	0.794805	0.0277735	-0.585576	0.202612	-0.101747	-0.461084	-0.116275	-0.570958	2.00247	-0.728099	-7.47409	9.97029	1.2464	3.57868	-8.47753	-5.44205	0.452969	0.0662203	0.0102553	0.118798	0.120468	0.115623	0.219931	0.111466	0.01	0.0866101	0.88076	0.0824714	0.100056	0.0574778	0.190002	0.0512113	0.244306	0.0502509	0.0633394	0.0671756	0.0136839	0.123267	0.0109837	0.109396	0.858426	0.113953	0.0100711	0.0848252	0.0196958	0.077534	0.461667	0.0506586	0.362247	0.0413571	0.0108178	0.065642	0.334689	0.334689	0.678487	-0.97493	0.015752	0.186499	0.00606113	0.01	1.07704	2.91807	0.00634762	0.0531653	0.107034	0.107034	0.736922	-2.26339	0.0029369	0.0157032	0.248429	0.248429	1.04565	2.12369	0.021809	0.297503	-0.177417	0.01	1.14111	-1.33912	0.00324252	0.01873	0.752384	0.752384	0.830527	-4.14763	0.0122494	0.132408	0.123959	0.123959	1.12702	2.64757	0.0144982	0.166991	0.23304	0.23304	1.16389	0.0769191	0.0159619	0.18981	-0.0190428	0.01	0.735738	-1.32187	0.00967316	0.095193	-0.118514	0.01	0.688275	-0.903447	0.00342024	0.0205356	0.00618318	0.01	1.11756	-2.33008	0.0013876	0.00308029	-0.146697	0.01	0.697233	1.09133	0.00316236	0.017926	0.813359	0.813359	1.06898	-0.651541	0.0346233	0.59713	-0.14461	0.01	1.11759	3.01213	0.00708921	0.0620551	0	0.01	0.780806	3.83919	0.00693099	0.0601385	0.364285	0.364285	0.993306	-4.84921	0.00418833	0.0286396	0.283777	0.283777	0.939935	-3.07851	0.00797422	0.0729902	-0.14348	0.01	0.961084	3.32977	0.00579037	0.0466373	0	0	0	0	0	0	0	0	0	0	0	0	0	0	0	0	0	0	2.28952	0.794805	0	2.00247	-0.728099	0	2.22394	0.82121	0	2.01755	-0.690653	0	0	0	-0.382766	0	0	-0.570958	2.19925	0.759894	0.0835	1.98254	-0.676558	0	2.14016	0.600493	0.0835	0.700158	-0.201183	0	0	0	-0.354992	0	0	-8.04505	2.06161	0.388585	0.0835	-1.00466	0.430786	0	1.91077	0.278557	0.0835	-0.792828	0.140394	0	0	0	-0.940568	0	0	1.92524	1.64991	0.136948	0.09142	-0.522409	-0.441986	0	1.74408	0.0918656	0.09142	-0.379423	-0.143319	0	0	0	-0.737956	0	0	3.17165	2.19925	0.759894	-0.0835	1.98254	-0.676558	0	2.12007	0.60946	-0.0835	2.435	-0.914716	0	0	0	-0.484513	0	0	3.00772	2.0148	0.409473	-0.0835	3.03651	-1.23133	0	1.86342	0.300205	-0.0835	2.43884	-0.40328	0	0	0	-0.945597	0	0	-5.4698	1.60574	0.179961	-0.09142	1.90167	1.33483	0	1.68066	0.107251	-0.09142	1.10827	0.517295	0	0	0	-1.06187	0	0	-10.9118	2.22655	0.908017	0	2.06711	-0.692144	0	2.31824	1.21607	0	2.243	-0.744493	0	0	0	-0.382766	0	0	-0.570958	9.72143e-17	1.64136	2.14903	1.85498	2.04338	0.689157	0.61965	0.0808334	3	1	-0.538485	-0.618572	-0.467687	-0.537244	0.2156	0.0133472	0.116622	0.185982	0.179158	0.203546	-0.000872272	-0.195099	-0.00234879	-0.174107	-0.018826	-0.0184186	0.191033	0.0447006	0.141246	0.154844	0.0785757	0.107069	-0.00270252	-0.162435	0.00194367	-0.0915832	-0.0630496	-0.0616852	0.533804	0.21858	0.248429	0.116373	-0.023542	0.00606113	-0.143924	0.318824	0.0394064	0.250958	-0.289346	-0.00444318	0.391355	-0.14461	0.447589	0.0499241	-0.0755093	-0.118514	0.00618318	-0.146697	0.29106	0.843653	1402.49	109.919	0.312981	44.0199	26.6426	1.43385	630.38	4.82363	13.5874	25.3747	11.4154	1.59272	0.999635	248.442	0.291591	2.35814	75.8679	92.0595	0.427092	1.58978	0	0	0	0	0	0.128546	0.323318	0.0466373	0.961084	0.0729902	0.939935	0.0286396	0.993306	0.095193	0.735738	0.18981	1.16389	0.166991	1.12702	0.0601385	0.780806	1.06898	1.11759	0.688275	0.00308029	0.697233	-0.382766	-0.570958	-14.1409	0.132408	0.830527	1.04565	1.14111	0.678487	0.0531653	0.736922	2.19317	0.871502	1.86201e-19	1.83451	-0.597189	0	136.728	-44.5093	0	-0.646994	-2.51785	-17.8498	0.0701264	0.107732	-0	51.2556	78.742	-0	7.1986	-4.68579	134.678	1.71038	-6.07648e-15	-0.09142	0.167082	0.2768	-0	122.121	202.314	-0	-18.4956	11.1643	363.924	1.79881	-6.39065e-15	0.09142	0	0	0	0	0	0	0	0	0	0
1.9	-0.389253	2.30929	0.787079	-0.044923	-0.486089	0.206491	-0.0634183	-0.546729	-0.176158	-0.722591	1.95124	-0.813951	-7.03874	9.81611	-0.288951	4.0457	-8.5875	-6.49194	0.420477	0.0654201	0.0102244	0.121975	0.117298	0.112145	0.265294	0.113588	0.01	0.0854186	0.807066	0.0782611	0.144501	0.058619	0.238966	0.0511824	0.200057	0.0496526	0.0560059	0.0663686	0.0132334	0.120737	0.0108642	0.111223	0.847573	0.113113	0.0100624	0.0870473	0.018492	0.0813843	0.426734	0.047967	0.338878	0.0398306	0.0107185	0.0681222	0.322508	0.322508	0.670288	-0.662163	0.0161409	0.19265	0.00697197	0.01	1.10585	2.79921	0.00673816	0.0578176	0.0975202	0.0975202	0.714756	-2.14812	0.00294292	0.0157618	0.295059	0.295059	1.06555	1.94092	0.0243735	0.352084	-0.17953	0.01	1.12541	-1.77722	0.00228489	0.00968462	0.648195	0.648195	0.788128	-4.28479	0.0101827	0.102218	0.164275	0.164275	1.14939	2.07342	0.0173516	0.212468	0.264089	0.264089	1.16324	-0.203791	0.0166803	0.201331	-0.0445168	0.01	0.726977	-0.436047	0.0114434	0.120347	-0.120935	0.01	0.680006	-0.725503	0.00336399	0.0199608	0.00378567	0.01	1.09462	-2.13629	-0.000885555	0	-0.138395	0.01	0.708876	1.23539	0.00331352	0.0194477	0.836178	0.836178	1.0611	-0.938701	0.0317759	0.522568	-0.129425	0.01	1.14687	2.79684	0.00751869	0.0673148	0	0.01	0.81958	3.88616	0.0069295	0.0601206	0.309141	0.309141	0.94053	-5.4789	-0.00034623	0	0.249768	0.249768	0.905241	-3.92622	0.00459389	0.0330753	-0.0692263	0.01	0.997396	3.95177	0.00632002	0.0528389	0	0	0	0	0	0	0	0	0	0	0	0	0	0	0	0	0	0	2.30929	0.787079	0	1.95124	-0.813951	0	2.24388	0.813909	0	1.97063	-0.766685	0	0	0	-0.389253	0	0	-0.722591	2.21879	0.752754	0.0835	1.92644	-0.748559	0	2.14728	0.598527	0.0835	0.729431	-0.193526	0	0	0	-0.434176	0	0	-7.76133	2.05221	0.393496	0.0835	-0.861883	0.544342	0	1.90364	0.280429	0.0835	-0.629554	0.239066	0	0	0	-0.920265	0	0	2.05478	1.6457	0.133303	0.09142	-0.32718	-0.272354	0	1.74093	0.090511	0.09142	-0.251616	-0.104193	0	0	0	-0.713774	0	0	1.76583	2.21879	0.752754	-0.0835	1.92644	-0.748559	0	2.14444	0.599876	-0.0835	2.43447	-0.995641	0	0	0	-0.452671	0	0	3.32311	2.04559	0.396638	-0.0835	3.10985	-1.32412	0	1.88855	0.295669	-0.0835	2.57831	-0.497385	0	0	0	-0.9994	0	0	-5.26439	1.62641	0.192949	-0.09142	2.2249	1.25589	0	1.6926	0.112209	-0.09142	1.27569	0.477741	0	0	0	-1.17556	0	0	-11.7563	2.24705	0.900697	0	2.03334	-0.768978	0	2.34073	1.20814	0	2.2555	-0.836673	0	0	0	-0.389253	0	0	-0.722591	3.13507e-16	1.84612	2.13808	2.11632	1.75762	0.555547	0.269793	0.0530235	3	1	-0.547547	-0.628982	-0.491623	-0.564741	0.225951	0.0146746	0.107355	0.163112	0.169675	0.159717	-0.000183498	-0.171108	-0.0019441	-0.136616	-0.0206984	-0.0202504	0.173421	0.0386911	0.16899	0.149672	0.105863	0.111804	-0.00476461	-0.15701	0.000779133	-0.0956335	-0.0545734	-0.0533924	0.474897	0.173299	0.295059	0.115663	-0.0345658	0.00697197	-0.154957	0.320754	0.0363197	0.252477	-0.291098	-0.00409515	0.387434	-0.129425	0.450298	0.0460135	-0.047568	-0.120935	0.00378567	-0.138395	0.29106	0.843653	1284.9	87.1418	0.299371	40.8472	32.6915	1.37485	534.117	6.85135	24.4223	12.2858	8.96214	1.40624	1.00284	282.203	0.278412	2.33052	58.4998	77.2043	0.434964	1.37068	0	0	0	0	0	0.0340879	0.352197	0.0528389	0.997396	0.0330753	0.905241	0	0.94053	0.120347	0.726977	0.201331	1.16324	0.212468	1.14939	0.0601206	0.81958	1.0611	1.14687	0.680006	0	0.708876	-0.389253	-0.722591	-16.0164	0.102218	0.788128	1.06555	1.12541	0.670288	0.0578176	0.714756	2.21162	0.865196	1.86201e-19	1.85643	-0.66047	0	138.362	-49.2258	0	-0.784464	-2.49186	-17.5241	0.0139671	0.031095	-0	10.2086	22.7275	-0	2.07774	-0.933273	38.9079	1.71193	-6.08201e-15	-0.09142	0.192964	0.294631	-0	141.038	215.347	-0	-19.687	12.8937	387.083	1.79749	-6.38595e-15	0.09142	0	0	0	0	0	0	0	0	0	0
1.91	-0.397329	2.3285	0.778478	-0.112132	-0.391194	0.198154	-0.0209602	-0.63185	-0.243537	-0.885559	1.89288	-0.902084	-6.41722	9.14599	-1.26599	4.41473	-8.42701	-6.36623	0.397869	0.0648872	0.0101972	0.124921	0.113196	0.108911	0.308597	0.115493	0.01	0.0839966	0.725674	0.0740749	0.177298	0.0595946	0.26601	0.0510341	0.166436	0.0495838	0.0497812	0.0657776	0.0128384	0.118579	0.0107593	0.113247	0.856268	0.111969	0.0100549	0.0890351	0.0174407	0.0852003	0.387482	0.0452285	0.312683	0.0379226	0.013499	0.0708797	0.331105	0.331105	0.664828	-0.432027	0.0166235	0.200407	0.00816089	0.01	1.13256	2.51796	0.00701631	0.0611706	0.088307	0.088307	0.694141	-1.96075	0.00301523	0.0164686	0.340116	0.340116	1.08342	1.70277	0.0264934	0.398827	-0.185025	0.01	1.10667	-1.93285	0.00146751	0.00354937	0.537964	0.537964	0.745971	-4.0949	0.00950575	0.092924	0.193865	0.193865	1.16852	1.78296	0.0192048	0.245637	0.28174	0.28174	1.15987	-0.491298	0.0160636	0.191421	-0.0515134	0.01	0.725971	0.302081	0.0133645	0.149464	-0.123279	0.01	0.673951	-0.462739	0.00355084	0.0218811	0.00163603	0.01	1.07506	-1.77409	-0.00764438	0	-0.12845	0.01	0.72178	1.34421	0.00343141	0.0206501	0.878935	0.878935	1.05037	-1.21402	0.0298281	0.475325	-0.113599	0.01	1.17306	2.40447	0.00787047	0.0716884	0	0.01	0.858009	3.7823	0.00680462	0.0586157	0.248069	0.248069	0.886832	-5.24298	-0.00554979	0	0.207232	0.207232	0.861878	-4.65725	0.00167238	0.00487762	0.0153934	0.0153934	1.03777	3.77676	0.00681251	0.0587106	0	0	0	0	0	0	0	0	0	0	0	0	0	0	0	0	0	0	2.3285	0.778478	0	1.89288	-0.902084	0	2.26331	0.805836	0	1.9171	-0.844353	0	0	0	-0.397329	0	0	-0.885559	2.23773	0.744885	0.0835	1.86313	-0.821702	0	2.15482	0.596474	0.0835	0.779312	-0.216227	0	0	0	-0.509461	0	0	-7.30278	2.0446	0.399174	0.0835	-0.661524	0.588699	0	1.89827	0.283215	0.0835	-0.447787	0.318994	0	0	0	-0.900656	0	0	1.84321	1.64326	0.131597	0.09142	-0.168963	-0.0696051	0	1.73897	0.0898808	0.09142	-0.144883	-0.0143608	0	0	0	-0.702501	0	0	0.577225	2.23773	0.744885	-0.0835	1.86313	-0.821702	0	2.16867	0.589541	-0.0835	2.41136	-1.0654	0	0	0	-0.41829	0	0	3.52917	2.07687	0.383026	-0.0835	3.14019	-1.38938	0	1.91491	0.290152	-0.0835	2.68531	-0.596126	0	0	0	-1.05014	0	0	-4.89784	1.65016	0.204555	-0.09142	2.49164	1.04241	0	1.70637	0.116578	-0.09142	1.50066	0.409211	0	0	0	-1.29368	0	0	-11.2641	2.26718	0.892595	0	1.99393	-0.847783	0	2.36334	1.19928	0	2.26552	-0.932942	0	0	0	-0.397329	0	0	-0.885559	7.77715e-17	2.03694	2.22821	2.21943	1.58618	0.520209	0.109917	0.044671	3	1	-0.554451	-0.636913	-0.51384	-0.590261	0.238509	0.0167829	0.0959957	0.134909	0.157091	0.114137	0.000660776	-0.141522	-0.00140707	-0.0976293	-0.0236722	-0.0231599	0.155279	0.0369089	0.197066	0.136734	0.136192	0.108606	-0.0068514	-0.143437	-0.000515169	-0.0928976	-0.0520596	-0.050933	0.409254	0.128711	0.340116	0.113968	-0.0431666	0.00816089	-0.166013	0.323096	0.0511759	0.25432	-0.293223	-0.00577023	0.381041	-0.113599	0.453585	0.0648349	-0.0205267	-0.123279	0.00163603	-0.12845	0.29106	0.843653	1204.11	71.9828	0.286848	36.9263	38.6635	1.19838	455.291	8.34114	36.3984	3.947	6.42784	1.32505	1.00767	316.503	0.266645	2.30681	50.8841	59.2482	0.56674	1.22167	0	0	0	0	0	0	0.344644	0.0587106	1.03777	0.00487762	0.861878	0	0.886832	0.149464	0.725971	0.191421	1.15987	0.245637	1.16852	0.0586157	0.858009	1.05037	1.17306	0.673951	0	0.72178	-0.397329	-0.885559	-16.4535	0.092924	0.745971	1.08342	1.10667	0.664828	0.0611706	0.694141	2.23029	0.858227	1.86201e-19	1.87584	-0.729083	0	139.809	-54.3395	0	-0.894424	-2.42553	-17.2156	-0	-0	-0	-0	-0	-0	0	0	0	0	0	0	0.194853	0.284274	-0	142.419	207.777	-0	-18.9949	13.0199	373.245	1.79637	-6.38201e-15	0.09142	0	0	0	0	0	0	0	0	0	0
1.92	-0.407046	2.34712	0.768995	-0.172829	-0.303934	0.181414	0.0249146	-0.715521	-0.289523	-1.04861	1.83432	-0.98942	-5.75834	8.35023	-2.03167	4.73865	-8.33003	-2.64895	0.384546	0.0645448	0.0101733	0.127528	0.108481	0.105994	0.349558	0.117154	0.01	0.0825461	0.640828	0.0701838	0.204235	0.0603752	0.284872	0.0507424	0.140216	0.0502664	0.0444722	0.0654609	0.0124919	0.116778	0.0106671	0.11543	0.879676	0.110553	0.0100482	0.0907103	0.0165216	0.0889059	0.343997	0.0426198	0.282458	0.0359487	0.0812478	0.0720153	0.34695	0.34695	0.66132	-0.269569	0.0171314	0.208768	0.00909445	0.01	1.1562	2.20205	0.00729273	0.0645369	0.0803852	0.0803852	0.675549	-1.75046	0.00303747	0.0166874	0.381527	0.381527	1.099	1.46748	0.0282631	0.438897	-0.1927	0.01	1.08756	-1.84682	0.000683409	0.000409161	0.431501	0.431501	0.706786	-3.70369	0.00943004	0.0919041	0.219314	0.219314	1.18383	1.26919	0.0202912	0.266672	0.298248	0.298248	1.15324	-0.879313	0.0147802	0.171358	-0.0676247	0.01	0.735965	1.63535	0.0137491	0.155399	-0.125313	0.01	0.670706	-0.17074	0.00387959	0.0253301	8.70762e-05	0.01	1.05873	-1.48506	-0.0182067	0	-0.117187	0.01	0.735689	1.43713	0.00353472	0.0217142	0.921466	0.921466	1.03708	-1.44428	0.0286721	0.448313	-0.0982789	0.01	1.19513	1.99897	0.00824141	0.076369	0	0.01	0.895326	3.68347	0.00668738	0.057209	0.1809	0.1809	0.835682	-4.96753	-0.00840252	0	0.154381	0.154381	0.817015	-3.9361	0.00302813	0.0165954	0.112144	0.112144	1.0544	0.324814	0.0100999	0.101064	0	0	0	0	0	0	0	0	0	0	0	0	0	0	0	0	0	0	2.34712	0.768995	0	1.83432	-0.98942	0	2.28219	0.796985	0	1.86367	-0.921341	0	0	0	-0.407046	0	0	-1.04861	2.25602	0.736286	0.0835	1.80002	-0.8939	0	2.16288	0.594075	0.0835	0.832006	-0.259858	0	0	0	-0.579875	0	0	-6.80695	2.03905	0.405019	0.0835	-0.454889	0.583046	0	1.8947	0.286612	0.0835	-0.272153	0.360275	0	0	0	-0.88381	0	0	1.54328	1.64226	0.131796	0.09142	-0.0342706	0.101386	0	1.73797	0.0900905	0.09142	-0.0546394	0.0546414	0	0	0	-0.702396	0	0	-0.48839	2.25602	0.736286	-0.0835	1.80002	-0.8939	0	2.19263	0.578547	-0.0835	2.38209	-1.12782	0	0	0	-0.382132	0	0	3.69004	2.10836	0.368848	-0.0835	3.15588	-1.4388	0	1.94217	0.283772	-0.0835	2.76113	-0.667686	0	0	0	-1.09765	0	0	-4.63999	1.67545	0.213194	-0.09142	2.54038	0.702739	0	1.7232	0.120353	-0.09142	1.86366	0.354658	0	0	0	-1.38718	0	0	-7.28894	2.28691	0.883703	0	1.95461	-0.926287	0	2.38605	1.18943	0	2.2752	-1.03024	0	0	0	-0.407046	0	0	-1.04861	8.69511e-17	2.2105	2.34316	2.19642	1.51112	0.524909	0.243526	0.0496362	3	1	-0.558496	-0.641559	-0.534458	-0.613946	0.254183	0.0195133	0.0814363	0.100468	0.140976	0.0668509	0.00174293	-0.105394	-0.000719355	-0.0571821	-0.0275233	-0.0269277	0.138946	0.0391308	0.217193	0.136248	0.164957	0.108356	-0.00834737	-0.142928	-0.00174275	-0.092684	-0.0551936	-0.0539992	0.33743	0.0940706	0.381527	0.111386	-0.0492718	0.00909445	-0.176527	0.326389	0.0698326	0.256912	-0.296212	-0.00787383	0.37184	-0.0982789	0.45821	0.0884711	0.00294579	-0.125313	8.70762e-05	-0.117187	0.29106	0.843653	1157.11	62.0517	0.275823	32.3821	44.3506	1.07434	382.926	9.60683	49.1924	3.31803	3.79755	1.23226	1.01384	348.279	0.256738	2.28561	43.1183	55.2297	4.17514	1.14301	0	0	0	0	0	0	0.330561	0.101064	1.0544	0.0165954	0.817015	0	0.835682	0.155399	0.735965	0.171358	1.15324	0.266672	1.18383	0.057209	0.895326	1.03708	1.19513	0.670706	0	0.735689	-0.407046	-1.04861	-16.0818	0.0919041	0.706786	1.099	1.08756	0.66132	0.0645369	0.675549	2.24914	0.850555	1.86201e-19	1.89488	-0.800444	0	141.228	-59.6582	0	-0.958068	-2.36214	-16.8873	-0	-0	-0	-0	-0	-0	0	0	0	0	0	0	0.196269	0.265987	-0	143.454	194.411	-0	-17.7731	13.1145	349.06	1.79548	-6.37881e-15	0.09142	0	0	0	0	0	0	0	0	0	0
1.93	-0.418356	2.36517	0.758679	-0.227046	-0.224506	0.157661	0.0739891	-0.798017	-0.306462	-1.20867	1.77927	-1.0701	-5.10032	7.54554	-2.65531	5.07416	-8.13936	-1.71761	0.379065	0.0643397	0.0101523	0.129798	0.103496	0.103401	0.38716	0.118588	0.01	0.0812405	0.558824	0.0667339	0.235309	0.0608337	0.307014	0.0502396	0.119412	0.0515488	0.0399354	0.0654407	0.0121884	0.115271	0.0105862	0.117752	0.908957	0.108915	0.0100424	0.0920821	0.0157192	0.0925045	0.297564	0.0401634	0.247833	0.034628	0.167737	0.0719646	0.366765	0.366765	0.659218	-0.153116	0.0176618	0.217763	0.00971673	0.01	1.17677	1.90163	0.00760722	0.0684098	0.0741818	0.0741818	0.659022	-1.54483	0.00300982	0.0164155	0.418051	0.418051	1.11246	1.26179	0.0297279	0.472958	-0.201912	0.01	1.07036	-1.57381	-0.00036219	0	0.342074	0.342074	0.672044	-3.21849	0.00906807	0.0870802	0.256134	0.256134	1.19282	0.574878	0.0210217	0.281333	0.322556	0.322556	1.14181	-1.42548	0.0133134	0.148676	-0.130284	0.01	0.754741	2.08018	0.0129635	0.143295	-0.126802	0.01	0.670499	0.157865	0.0043061	0.029918	0	0.01	1.04507	-1.24838	-0.0317749	0	-0.10491	0.01	0.750494	1.52868	0.00363709	0.0227778	0.957584	0.957584	1.02172	-1.62869	0.0279701	0.432189	-0.0845754	0.01	1.2132	1.58221	0.00859175	0.080859	0	0.01	0.931566	3.5418	0.00653534	0.0553935	0.113361	0.113361	0.787518	-4.6515	-0.00802883	0	0.0945723	0.0945723	0.787001	-2.16495	0.00656538	0.0557514	0.212157	0.212157	1.05366	-0.272982	0.0132301	0.147392	0	0	0	0	0	0	0	0	0	0	0	0	0	0	0	0	0	0	2.36517	0.758679	0	1.77927	-1.0701	0	2.30057	0.787401	0	1.81398	-0.992015	0	0	0	-0.418356	0	0	-1.20867	2.27372	0.727002	0.0835	1.74098	-0.959558	0	2.17146	0.591196	0.0835	0.884182	-0.314412	0	0	0	-0.645402	0	0	-6.30898	2.03552	0.410654	0.0835	-0.254854	0.543253	0	1.89283	0.290252	0.0835	-0.10597	0.36681	0	0	0	-0.869908	0	0	1.23656	1.64255	0.13347	0.09142	0.0882221	0.228144	0	1.73785	0.0908228	0.09142	0.0277169	0.0929431	0	0	0	-0.712247	0	0	-1.41875	2.27372	0.727002	-0.0835	1.74098	-0.959558	0	2.21632	0.566982	-0.0835	2.35953	-1.18141	0	0	0	-0.344367	0	0	3.86549	2.14003	0.354251	-0.0835	3.18184	-1.47634	0	1.9702	0.276691	-0.0835	2.85036	-0.750516	0	0	0	-1.14238	0	0	-4.27387	1.70132	0.218922	-0.09142	2.67785	0.480365	0	1.74326	0.123314	-0.09142	2.10501	0.229071	0	0	0	-1.44885	0	0	-5.99147	2.30627	0.87406	0	1.91872	-0.998901	0	2.40886	1.17865	0	2.28687	-1.1229	0	0	0	-0.418356	0	0	-1.20867	5.49927e-17	2.36442	2.42124	2.11572	1.50789	0.571533	0.555772	0.0704109	3	1	-0.558505	-0.64157	-0.553639	-0.635979	0.273667	0.0226375	0.0623587	0.0641436	0.121042	0.0235585	0.0031609	-0.0672882	0.000131374	-0.0201512	-0.03193	-0.031239	0.127106	0.0462062	0.220925	0.166804	0.182532	0.137364	-0.00862476	-0.174982	-0.0024928	-0.117497	-0.0651734	-0.063763	0.263176	0.0788976	0.418051	0.108305	-0.0533374	0.00971673	-0.186136	0.330715	0.0893874	0.260318	-0.300138	-0.0100787	0.359921	-0.0845754	0.464283	0.113245	0.020135	-0.126802	0	-0.10491	0.29106	0.843653	1111.67	55.6836	0.266264	27.9102	49.5241	1.02171	304.602	11.4604	64.7459	2.86369	2.09348	1.1383	1.02118	376.408	0.24863	2.26729	35.5858	47.5662	14.724	1.12914	0	0	0	0	0	0	0.326081	0.147392	1.05366	0.0557514	0.787001	0	0.787518	0.143295	0.754741	0.148676	1.14181	0.281333	1.19282	0.0553935	0.931566	1.02172	1.2132	0.670499	0	0.750494	-0.418356	-1.20867	-15.9642	0.0870802	0.672044	1.11246	1.07036	0.659218	0.0684098	0.659022	2.26819	0.842175	1.86201e-19	1.91422	-0.872927	0	142.67	-65.0605	0	-1.00371	-2.29845	-16.5513	-0	-0	-0	-0	-0	-0	0	0	0	0	0	0	0.198513	0.258692	-0	145.094	189.079	-0	-17.2856	13.2645	339.342	1.79471	-6.3761e-15	0.09142	0	0	0	0	0	0	0	0	0	0
1.94	-0.431261	2.38269	0.747583	-0.274535	-0.153694	0.129319	0.126513	-0.878239	-0.323516	-1.36611	1.72678	-1.14623	-4.41694	6.62831	-2.94751	5.41287	-7.93684	-1.02203	0.384415	0.0642254	0.0102032	0.13173	0.0985987	0.10114	0.420523	0.119812	0.01	0.0801406	0.484073	0.0637856	0.266825	0.061021	0.314275	0.0495155	0.102574	0.0530461	0.0360354	0.0658135	0.011922	0.114002	0.0105151	0.120221	0.939507	0.107086	0.0100373	0.0931095	0.0150167	0.0959393	0.251666	0.0378772	0.209837	0.033849	0.249483	0.0717457	0.394091	0.394091	0.658047	-0.0922139	0.0182032	0.22725	0.0102424	0.0102424	1.19429	1.59245	0.00792608	0.0723855	0.0699257	0.0699257	0.644614	-1.32991	0.00300929	0.0164103	0.449699	0.449699	1.12394	1.06069	0.0308661	0.500185	-0.212808	0.01	1.05587	-1.32456	-0.00161713	0	0.267976	0.267976	0.642353	-2.70819	0.00834488	0.0776878	0.286983	0.286983	1.19649	0.21273	0.0214356	0.289792	0.314995	0.314995	1.12535	-1.84057	0.0120582	0.12952	-0.166796	0.01	0.776663	2.2719	0.0121553	0.130985	-0.127601	0.01	0.674318	0.628464	0.00475697	0.0348842	0	0.01	1.03357	-1.05212	-0.0471583	0	-0.0917801	0.01	0.766226	1.61734	0.00373782	0.0238325	0.991275	0.991275	1.00456	-1.80649	0.0274006	0.41924	-0.0730261	0.01	1.22674	1.12133	0.00881297	0.083731	0	0.01	0.966156	3.38123	0.00634888	0.0531802	0.0613782	0.0613782	0.742691	-4.29876	-0.00781658	0	0.0306851	0.0306851	0.769296	-1.35975	0.00743571	0.0662918	0.298594	0.298594	1.05045	-0.348251	0.0170616	0.207605	0	0	0	0	0	0	0	0	0	0	0	0	0	0	0	0	0	0	2.38269	0.747583	0	1.72678	-1.14623	0	2.31847	0.777136	0	1.76716	-1.05849	0	0	0	-0.431261	0	0	-1.36611	2.29083	0.717089	0.0835	1.68512	-1.02074	0	2.18057	0.587702	0.0835	0.936876	-0.383054	0	0	0	-0.705796	0	0	-5.78305	2.03397	0.415695	0.0835	-0.0578515	0.464698	0	1.89255	0.293813	0.0835	0.0451709	0.345155	0	0	0	-0.85949	0	0	0.845262	1.64393	0.136255	0.09142	0.182104	0.324582	0	1.73844	0.0919069	0.09142	0.0888741	0.125886	0	0	0	-0.730171	0	0	-2.10224	2.29083	0.717089	-0.0835	1.68512	-1.02074	0	2.23983	0.554922	-0.0835	2.34137	-1.22717	0	0	0	-0.304748	0	0	4.04676	2.17201	0.339335	-0.0835	3.2138	-1.50158	0	1.99918	0.268733	-0.0835	2.93915	-0.829241	0	0	0	-1.18299	0	0	-3.89007	1.72895	0.2227	-0.09142	2.80707	0.267958	0	1.76531	0.124834	-0.09142	2.32634	0.0893394	0	0	0	-1.5065	0	0	-4.9121	2.32528	0.863715	0	1.88543	-1.0678	0	2.43179	1.16696	0	2.29969	-1.21331	0	0	0	-0.431261	0	0	-1.36611	4.78231e-16	2.50952	2.45425	2.03286	1.46105	0.558339	0.711863	0.0702741	3	1	-0.555571	-0.638199	-0.571508	-0.656507	0.297284	0.0256478	0.0377944	0.0290665	0.0967712	7.57195e-16	0.00498667	-0.0304915	0.00116715	-6.4768e-16	-0.0361759	-0.035393	0.121408	0.058416	0.220461	0.176929	0.192823	0.174773	-0.00859027	-0.185603	-0.00293195	-0.149495	-0.0823951	-0.080612	0.192006	0.0759697	0.449699	0.105162	-0.0559498	0.0102424	-0.194727	0.336223	0.113818	0.264653	-0.305136	-0.0128333	0.345715	-0.0730261	0.472015	0.144196	0.0293485	-0.127601	0	-0.0917801	0.29106	0.843653	1059.24	54.3835	0.26211	23.8834	54.0787	0.97068	228.612	13.2805	72.524	2.51004	1.92502	1.04939	1.02965	403.553	0.242554	2.25074	28.8694	32.5875	24.6828	1.16672	0	0	0	0	0	0	0.321894	0.207605	1.05045	0.0662918	0.769296	0	0.742691	0.130985	0.776663	0.12952	1.12535	0.289792	1.19649	0.0531802	0.966156	1.00456	1.22674	0.674318	0	0.766226	-0.431261	-1.36611	-15.4746	0.0776878	0.642353	1.12394	1.05587	0.658047	0.0723855	0.644614	2.28743	0.833065	1.86201e-19	1.9337	-0.946023	0	144.121	-70.5084	0	-1.02333	-2.24242	-16.235	-0	-0	-0	-0	-0	-0	0	0	0	0	0	0	0.200375	0.251924	-0	146.455	184.132	-0	-16.8333	13.3889	330.358	1.79414	-6.37407e-15	0.09142	0	0	0	0	0	0	0	0	0	0
1.95	-0.44571	2.3997	0.735742	-0.31511	-0.0925247	0.0995674	0.182329	-0.956775	-0.324594	-1.51863	1.6777	-1.21879	-3.71575	5.62433	-2.96665	5.7464	-7.75524	0.200824	0.407474	0.064132	0.0106728	0.133321	0.0940797	0.099219	0.450055	0.120833	0.01	0.079213	0.416417	0.0613424	0.289453	0.0610818	0.309699	0.0486525	0.0887888	0.0546071	0.0326758	0.0666302	0.0116882	0.112929	0.0104527	0.122819	0.96401	0.105077	0.0100327	0.0938063	0.0144018	0.0992271	0.211249	0.0357778	0.174165	0.0334695	0.313751	0.0714387	0.431139	0.431139	0.65709	-0.101857	0.0188185	0.238421	0.0108425	0.0108425	1.20872	1.29075	0.00825599	0.0765544	0.0678845	0.0678845	0.632371	-1.1132	0.00304777	0.0167888	0.476937	0.476937	1.13352	0.872567	0.0317388	0.521644	-0.225578	0.01	1.04365	-1.12056	-0.00276369	0	0.201888	0.201888	0.617749	-2.20334	0.00759491	0.0682573	0.303562	0.303562	1.19768	0.0354692	0.0214208	0.289487	0.283965	0.283965	1.10574	-2.0615	0.0111402	0.115895	-0.167719	0.01	0.799519	2.27466	0.0113368	0.118775	-0.127651	0.01	0.682686	1.05404	0.00503834	0.0380363	0	0.01	1.02384	-0.899504	-0.0639328	0	-0.0778141	0.01	0.782787	1.69719	0.00383188	0.0248244	1.02568	1	0.985713	-1.96269	0.0268835	0.407573	-0.0635694	0.01	1.23592	0.699763	0.00891246	0.0850324	0	0.01	0.999266	3.22837	0.00615048	0.0508411	0.0327511	0.0327511	0.701526	-3.91446	-0.00593982	0	-0.0288168	0.01	0.760671	-0.410262	0.00919001	0.0886957	0.357033	0.357033	1.04595	-0.549745	0.0185251	0.233044	0	0	0	0	0	0	0	0	0	0	0	0	0	0	0	0	0	0	2.3997	0.735742	0	1.6777	-1.21879	0	2.33591	0.766221	0	1.72399	-1.12191	0	0	0	-0.44571	0	0	-1.51863	2.30742	0.706579	0.0835	1.63341	-1.07864	0	2.1902	0.583453	0.0835	0.988926	-0.465078	0	0	0	-0.76082	0	0	-5.23438	2.03437	0.419767	0.0835	0.132135	0.350599	0	1.89369	0.297018	0.0835	0.18	0.295743	0	0	0	-0.853345	0	0	0.389946	1.6461	0.139849	0.09142	0.249571	0.389859	0	1.73954	0.0932823	0.09142	0.129583	0.149085	0	0	0	-0.753778	0	0	-2.5767	2.30742	0.706579	-0.0835	1.63341	-1.07864	0	2.26316	0.542441	-0.0835	2.32735	-1.26576	0	0	0	-0.263381	0	0	4.22777	2.20432	0.324235	-0.0835	3.24988	-1.51451	0	2.02898	0.260103	-0.0835	3.02366	-0.896006	0	0	0	-1.22016	0	0	-3.52747	1.75728	0.224191	-0.09142	2.8874	0.0537369	0	1.78987	0.125006	-0.09142	2.55745	-0.0546922	0	0	0	-1.54475	0	0	-3.32664	2.34398	0.852692	0	1.85531	-1.13416	0	2.45486	1.15436	0	2.31343	-1.30255	0	0	0	-0.44571	0	0	-1.51863	1.6033e-16	2.63406	2.45913	1.94764	1.44393	0.574677	0.891316	0.0839645	3	1	-0.549938	-0.631729	-0.5883	-0.675796	0.323542	0.0284978	0.0070926	0.00428644	0.0720771	0	0.00726863	-0.00449658	0.002221	-0	-0.0401959	-0.039326	0.120754	0.072549	0.218074	0.168221	0.20162	0.202058	-0.00841284	-0.176467	-0.00330737	-0.172834	-0.10233	-0.100115	0.127507	0.0743805	0.476937	0.102333	-0.0575148	0.0108425	-0.202302	0.343253	0.145401	0.270186	-0.311516	-0.0163944	0.329651	-0.0635694	0.481884	0.184209	0.0299347	-0.127651	0	-0.0778141	0.29106	0.843653	1010.59	60.5499	0.269201	20.4531	58.0692	0.917113	165.179	14.452	73.7543	2.22427	1.79021	0.972931	1.03914	420.523	0.238425	2.23637	23.1792	15.2352	36.9668	1.22802	0	0	0	0	0	0	0.316198	0.233044	1.04595	0.0886957	0.760671	0	0.701526	0.118775	0.799519	0.115895	1.10574	0.289487	1.19768	0.0508411	0.999266	0.985713	1.23592	0.682686	0	0.782787	-0.44571	-1.51863	-14.9771	0.0682573	0.617749	1.13352	1.04365	0.65709	0.0765544	0.632371	2.30686	0.823223	-7.44802e-19	1.9534	-1.0199	0	145.59	-76.0144	0	-1.01408	-2.19728	-15.9255	-0	-0	-0	-0	-0	-0	0	0	0	0	0	0	0.202785	0.24261	-0	148.216	177.324	-0	-16.211	13.5499	318.064	1.79369	-6.37246e-15	0.09142	0	0	0	0	0	0	0	0	0	0
1.96	-0.462509	2.41586	0.72336	-0.336753	-0.0698725	0.0651025	0.243731	-1.03415	-0.32506	-1.79027	1.57545	-1.26379	-1.2166	0.394096	-4.32674	6.39786	-7.66019	0.212173	0.441527	0.0639711	0.0112876	0.133977	0.0902413	0.0980985	0.475727	0.121488	0.01	0.0784274	0.354636	0.0599627	0.308795	0.0610118	0.299772	0.0477118	0.0773872	0.0562308	0.0297756	0.0679337	0.0114832	0.11199	0.0103979	0.125634	0.97845	0.10288	0.0100288	0.0941441	0.0138635	0.102358	0.175273	0.0339042	0.146405	0.0333805	0.354695	0.071057	0.475047	0.475047	0.655441	-0.254365	0.0186207	0.234786	0.0114824	0.0114824	1.21466	0.104869	0.0074814	0.0668547	0.0683565	0.0683565	0.62523	-0.382004	0.00421942	0.0289762	0.499907	0.499907	1.13966	0.367378	0.0313581	0.512212	-0.240074	0.01	1.0333	-0.951981	-0.00129181	0	0.139545	0.139545	0.603854	-0.515028	0.0114284	0.120126	0.323928	0.323928	1.19631	-0.451566	0.0190748	0.243192	0.257576	0.257576	1.08436	-2.38722	0.00974466	0.096168	-0.154593	0.01	0.823291	2.92007	0.0111392	0.115882	-0.126712	0.01	0.696042	1.63614	0.00546503	0.0428861	0	0.01	1.01532	-0.812052	-0.0814481	0	-0.0630396	0.01	0.800728	1.86269	0.00400112	0.0266252	1.05498	1	0.965106	-2.17485	0.0258145	0.383715	-0.0564858	0.01	1.24037	0.180807	0.00868066	0.0820097	0	0.01	1.0308	3.04543	0.0061574	0.0509224	-0.019141	0.01	0.664788	-3.40901	-0.00431691	0	-0.0792797	0.01	0.758649	-0.0290948	0.00956461	0.0937196	0.380967	0.380967	1.04037	-0.533262	0.0201957	0.264784	0	0	0	0	0	0	0	0	0	0	0	0	0	0	0	0	0	0	2.41586	0.72336	0	1.57545	-1.26379	0	2.35259	0.754906	0	1.63193	-1.15052	0	0	0	-0.462509	0	0	-1.79027	2.32309	0.69575	0.0835	1.52602	-1.09772	0	2.20123	0.57722	0.0835	1.16962	-0.731291	0	0	0	-0.799262	0	0	-3.00686	2.03922	0.419645	0.0835	0.695811	-0.244161	0	1.89663	0.299132	0.0835	0.38094	0.128409	0	0	0	-0.869135	0	0	-2.61277	1.64675	0.148102	0.09142	0.0123668	1.05839	0	1.73774	0.0969004	0.09142	-0.342948	0.426992	0	0	0	-0.804032	0	0	-6.93951	2.32309	0.69575	-0.0835	1.52602	-1.09772	0	2.2862	0.529802	-0.0835	2.29064	-1.26772	0	0	0	-0.218778	0	0	4.6076	2.23715	0.30919	-0.0835	3.30714	-1.49372	0	2.0598	0.250837	-0.0835	3.12901	-0.952357	0	0	0	-1.25292	0	0	-3.05259	1.78709	0.223865	-0.09142	3.03627	-0.128712	0	1.81637	0.123652	-0.09142	2.75162	-0.211881	0	-0	-0	-1.57798	0	0	-2.84042	2.3621	0.841229	0	1.78647	-1.16756	0	2.47804	1.14099	0	2.32313	-1.37511	0	0	0	-0.462509	0	0	-1.79027	1.94429e-17	2.62456	2.58033	1.64801	1.36568	0.575818	0.970826	0.0680536	3	1	-0.541495	-0.62203	-0.604987	-0.694965	0.334356	0.0490558	-0.024671	0.014584	0.0485543	0	0.00962951	-0.015299	0.00322486	-0	-0.0691927	-0.0676953	0.127254	0.0754301	0.21338	0.150589	0.208658	0.219361	-0.00806401	-0.157971	-0.00360775	-0.187634	-0.106393	-0.104091	0.0714221	0.0681231	0.499907	0.0999492	-0.058387	0.0114824	-0.208825	0.35214	0.181294	0.277182	-0.319582	-0.0204414	0.311843	-0.0564858	0.494361	0.229682	0.0190932	-0.126712	0	-0.0630396	0.29106	0.843653	956.048	79.0198	0.282255	13.4375	61.6267	0.864838	79.729	29.3414	73.9785	1.99007	1.68344	0.923398	1.05003	432.616	0.236404	2.07977	17.3509	5.83557	41.46	1.28584	0	0	0	13.2832	0	0	0.247396	0.264784	1.04037	0.0937196	0.758649	0	0.664788	0.115882	0.823291	0.096168	1.08436	0.243192	1.19631	0.0509224	1.0308	0.965106	1.24037	0.696042	0	0.800728	-0.462509	-1.79027	-12.719	0.120126	0.603854	1.13966	1.0333	0.655441	0.0668547	0.62523	2.32649	0.812622	1.86201e-19	1.97185	-1.10032	0	146.964	-82.0082	0	-0.824213	-2.07503	-15.4894	-0	-0	-0	-0	-0	-0	0	0	0	0	0	0	0.192051	0.155952	-0	140.371	113.986	-0	-10.4206	12.8327	203.899	1.78882	-6.35515e-15	0.09142	0	0	0	0	0	0	0	0	0	0
