TimeSlice	Time	ankle_L	hip_L	knee_L
2500	0.5	-0.0869898	-0.0973798	-0.00022217
2505	0.501	-0.0869933	-0.100597	-0.000213144
2510	0.502	-0.0869968	-0.1038	-0.000204154
2515	0.503	-0.0870004	-0.106987	-0.000195197
2520	0.504	-0.0870039	-0.110158	-0.000186285
2525	0.505	-0.0870074	-0.113312	-0.000177423
2530	0.506	-0.0870109	-0.116448	-0.000168616
2535	0.507	-0.0870143	-0.119565	-0.000159859
2540	0.508	-0.0870178	-0.122663	-0.000151161
2545	0.509	-0.0870212	-0.12574	-0.000142516
2550	0.51	-0.0870246	-0.128796	-0.00013394
2555	0.511	-0.087028	-0.13183	-0.000125421
2560	0.512	-0.0870314	-0.134841	-0.000116972
2565	0.513	-0.0870348	-0.137829	-0.000108594
2570	0.514	-0.0870382	-0.140792	-0.000100278
2575	0.515	-0.0870415	-0.143731	-9.2025e-005
2580	0.516	-0.0870449	-0.146643	-8.38502e-005
2585	0.517	-0.0870483	-0.149529	-7.57455e-005
2590	0.518	-0.0870516	-0.152389	-7.03339e-005
2595	0.519	-0.0870547	-0.155223	-6.8169e-005
2600	0.52	-0.0870577	-0.158031	-6.78879e-005
2605	0.521	-0.0870607	-0.160812	-6.78653e-005
2610	0.522	-0.0870637	-0.163566	-6.71906e-005
2615	0.523	-0.0870667	-0.166293	-6.57614e-005
2620	0.524	-0.0870698	-0.168993	-6.39312e-005
2625	0.525	-0.087073	-0.171666	-6.21021e-005
2630	0.526	-0.087076	-0.174313	-6.04614e-005
2635	0.527	-0.0870791	-0.176933	-5.9032e-005
2640	0.528	-0.0870822	-0.179526	-5.7718e-005
2645	0.529	-0.0870853	-0.182092	-5.64361e-005
2650	0.53	-0.0870884	-0.184632	-5.51311e-005
2655	0.531	-0.0870915	-0.187145	-5.37912e-005
2660	0.532	-0.0870946	-0.189631	-5.24507e-005
2665	0.533	-0.0870977	-0.192091	-5.11291e-005
2670	0.534	-0.0871008	-0.194523	-4.98305e-005
2675	0.535	-0.0871039	-0.19693	-4.85541e-005
2680	0.536	-0.087107	-0.19931	-4.72857e-005
2685	0.537	-0.0871101	-0.201663	-4.60325e-005
2690	0.538	-0.0871132	-0.20399	-4.47882e-005
2695	0.539	-0.0871163	-0.206291	-4.35575e-005
2700	0.54	-0.0871194	-0.208565	-4.233e-005
2705	0.541	-0.0871226	-0.210812	-4.11022e-005
2710	0.542	-0.0871257	-0.213034	-3.98588e-005
2715	0.543	-0.0871288	-0.215229	-3.85473e-005
2720	0.544	-0.0871321	-0.217398	-3.71319e-005
2725	0.545	-0.0871355	-0.219541	-3.5574e-005
2730	0.546	-0.0871391	-0.221657	-3.38511e-005
2735	0.547	-0.0871429	-0.223747	-3.19166e-005
2740	0.548	-0.0871471	-0.225811	-2.97496e-005
2745	0.549	-0.0871516	-0.227848	-2.73042e-005
2750	0.55	-0.0871566	-0.229859	-2.45671e-005
2755	0.551	-0.0871621	-0.231843	-2.15037e-005
2760	0.552	-0.0871681	-0.233801	-1.80945e-005
2765	0.553	-0.0871745	-0.235732	-1.43303e-005
2770	0.554	-0.0871815	-0.237637	-1.01937e-005
2775	0.555	-0.0871889	-0.239515	-5.66996e-006
2780	0.556	-0.0871969	-0.241365	-7.58112e-007
2785	0.557	-0.087205	-0.243187	9.29409e-006
2790	0.558	-0.0872134	-0.244978	3.03998e-005
2795	0.559	-0.0872223	-0.246735	6.88507e-005
2800	0.56	-0.0872315	-0.248457	0.000131278
2805	0.561	-0.087241	-0.25014	0.00022461
2810	0.562	-0.0872507	-0.251781	0.000356033
2815	0.563	-0.0872607	-0.253377	0.000532982
2820	0.564	-0.0873544	-0.254928	0.000757187
2825	0.565	-0.0877282	-0.25643	0.00102281
2830	0.566	-0.0884953	-0.257883	0.0013296
2835	0.567	-0.0896776	-0.259283	0.00168353
2840	0.568	-0.0912338	-0.260627	0.0020951
2845	0.569	-0.0930903	-0.261911	0.00257744
2850	0.57	-0.0935898	-0.261836	0.0059882
2855	0.571	-0.0947699	-0.261703	0.00944673
2860	0.572	-0.0966616	-0.261514	0.0129418
2865	0.573	-0.099168	-0.261271	0.0164733
2870	0.574	-0.102106	-0.260973	0.0200492
2875	0.575	-0.105285	-0.260618	0.02368
2880	0.576	-0.108534	-0.260206	0.0273767
2885	0.577	-0.111717	-0.259733	0.0311491
2890	0.578	-0.114768	-0.259198	0.0350032
2895	0.579	-0.117688	-0.2586	0.038941
2900	0.58	-0.120513	-0.257938	0.042963
2905	0.581	-0.123287	-0.25721	0.0470689
2910	0.582	-0.126051	-0.256415	0.0512586
2915	0.583	-0.128821	-0.255552	0.0555336
2920	0.584	-0.131636	-0.254618	0.0598943
2925	0.585	-0.13453	-0.253614	0.0643412
2930	0.586	-0.137529	-0.252535	0.0688757
2935	0.587	-0.14065	-0.251382	0.0734992
2940	0.588	-0.143907	-0.250152	0.0782138
2945	0.589	-0.147312	-0.248844	0.0830209
2950	0.59	-0.150876	-0.247455	0.0879251
2955	0.591	-0.154588	-0.245976	0.0929488
2960	0.592	-0.158441	-0.244397	0.0981161
2965	0.593	-0.162436	-0.24271	0.103453
2970	0.594	-0.16658	-0.240904	0.108984
2975	0.595	-0.170875	-0.238969	0.114738
2980	0.596	-0.175322	-0.236894	0.120739
2985	0.597	-0.179918	-0.234671	0.127013
2990	0.598	-0.184656	-0.23229	0.133585
2995	0.599	-0.189529	-0.229743	0.140474
3000	0.6	-0.194527	-0.227023	0.147701
3005	0.601	-0.199641	-0.224125	0.155282
3010	0.602	-0.204863	-0.221042	0.16323
3015	0.603	-0.210186	-0.217773	0.171554
3020	0.604	-0.215606	-0.214314	0.180261
3025	0.605	-0.221117	-0.210664	0.189353
3030	0.606	-0.226714	-0.206825	0.198829
3035	0.607	-0.232393	-0.202796	0.208687
3040	0.608	-0.238149	-0.198582	0.218918
3045	0.609	-0.243977	-0.194185	0.229513
3050	0.61	-0.249869	-0.18961	0.240459
3055	0.611	-0.255821	-0.184864	0.251741
3060	0.612	-0.261825	-0.179953	0.26334
3065	0.613	-0.267876	-0.174884	0.275237
3070	0.614	-0.273965	-0.169666	0.28741
3075	0.615	-0.280087	-0.164308	0.299834
3080	0.616	-0.286235	-0.158822	0.31248
3085	0.617	-0.292402	-0.153222	0.325313
3090	0.618	-0.298579	-0.147522	0.338297
3095	0.619	-0.304757	-0.141736	0.351398
3100	0.62	-0.310926	-0.135877	0.364582
3105	0.621	-0.317078	-0.12996	0.377816
3110	0.622	-0.323204	-0.123997	0.391065
3115	0.623	-0.329298	-0.118002	0.404299
3120	0.624	-0.33535	-0.111985	0.417488
3125	0.625	-0.341355	-0.105959	0.430601
3130	0.626	-0.347309	-0.0999352	0.443612
3135	0.627	-0.353209	-0.0939229	0.456494
3140	0.628	-0.349458	-0.0879475	0.469768
3145	0.629	-0.349069	-0.082001	0.482687
3150	0.63	-0.349194	-0.0760941	0.495383
3155	0.631	-0.349239	-0.0702356	0.507865
3160	0.632	-0.349257	-0.064432	0.52011
3165	0.633	-0.349272	-0.0586892	0.532099
3170	0.634	-0.349286	-0.0530125	0.543815
3175	0.635	-0.349297	-0.0474067	0.555245
3180	0.636	-0.349306	-0.041872	0.566387
3185	0.637	-0.349313	-0.0364061	0.577248
3190	0.638	-0.349318	-0.0310061	0.587835
3195	0.639	-0.349324	-0.0256693	0.598157
3200	0.64	-0.349328	-0.0203932	0.608222
3205	0.641	-0.349331	-0.0151748	0.618037
3210	0.642	-0.349332	-0.0100112	0.62761
3215	0.643	-0.349333	-0.00489935	0.636949
3220	0.644	-0.349333	0.000163626	0.646062
3225	0.645	-0.349332	0.00518064	0.654956
3230	0.646	-0.349331	0.0101545	0.663639
3235	0.647	-0.34933	0.0150881	0.672118
3240	0.648	-0.349328	0.0199839	0.6804
3245	0.649	-0.349327	0.0248445	0.68849
3250	0.65	-0.349325	0.0296725	0.696396
3255	0.651	-0.349323	0.03447	0.704124
3260	0.652	-0.349321	0.0392393	0.711678
3265	0.653	-0.349319	0.0439825	0.719065
3270	0.654	-0.349316	0.0487016	0.726289
3275	0.655	-0.349314	0.0533983	0.733356
3280	0.656	-0.349312	0.0580746	0.740269
3285	0.657	-0.349309	0.062732	0.747034
3290	0.658	-0.349307	0.0673721	0.753653
3295	0.659	-0.349304	0.0719962	0.760132
3300	0.66	-0.349302	0.0766058	0.766474
3305	0.661	-0.349299	0.081202	0.772681
3310	0.662	-0.349297	0.085786	0.778757
3315	0.663	-0.349294	0.0903588	0.784704
3320	0.664	-0.349292	0.0949215	0.790527
3325	0.665	-0.349289	0.0994748	0.796226
3330	0.666	-0.349287	0.104019	0.801804
3335	0.667	-0.349284	0.108556	0.807264
3340	0.668	-0.349282	0.113086	0.812606
3345	0.669	-0.34928	0.117609	0.817834
3350	0.67	-0.349277	0.122126	0.822949
3355	0.671	-0.349275	0.126636	0.827951
3360	0.672	-0.349273	0.131142	0.832843
3365	0.673	-0.34927	0.135642	0.837626
3370	0.674	-0.349268	0.140138	0.842301
3375	0.675	-0.349266	0.144629	0.846869
3380	0.676	-0.349264	0.149115	0.85133
3385	0.677	-0.349262	0.153597	0.855686
3390	0.678	-0.34926	0.158074	0.859937
3395	0.679	-0.349258	0.162547	0.864084
3400	0.68	-0.349256	0.167015	0.868128
3405	0.681	-0.349254	0.171479	0.872068
3410	0.682	-0.349252	0.175938	0.875906
3415	0.683	-0.34925	0.180393	0.879641
3420	0.684	-0.349248	0.184842	0.883274
3425	0.685	-0.349246	0.189286	0.886805
3430	0.686	-0.349244	0.193724	0.890234
3435	0.687	-0.349243	0.198157	0.893561
3440	0.688	-0.349241	0.202583	0.896787
3445	0.689	-0.349239	0.207003	0.899911
3450	0.69	-0.349238	0.211416	0.902933
3455	0.691	-0.349236	0.215822	0.905853
3460	0.692	-0.349234	0.22022	0.908671
3465	0.693	-0.349233	0.22461	0.911387
3470	0.694	-0.349231	0.228992	0.914
3475	0.695	-0.34923	0.233364	0.916511
3480	0.696	-0.349228	0.237728	0.91892
3485	0.697	-0.349227	0.242081	0.921225
3490	0.698	-0.349225	0.246423	0.923426
3495	0.699	-0.349224	0.250755	0.925524
3500	0.7	-0.349223	0.255075	0.927518
3505	0.701	-0.349221	0.259383	0.929408
3510	0.702	-0.34922	0.263679	0.931192
3515	0.703	-0.349219	0.267961	0.932872
3520	0.704	-0.349218	0.27223	0.934446
3525	0.705	-0.349216	0.276484	0.935914
3530	0.706	-0.349215	0.280723	0.937276
3535	0.707	-0.349214	0.284946	0.938532
3540	0.708	-0.349213	0.289153	0.93968
3545	0.709	-0.349212	0.293344	0.94072
3550	0.71	-0.349211	0.297517	0.941652
3555	0.711	-0.34921	0.301672	0.942477
3560	0.712	-0.349209	0.305808	0.943192
3565	0.713	-0.349207	0.309925	0.943797
3570	0.714	-0.349206	0.314022	0.944293
3575	0.715	-0.349205	0.318099	0.944679
3580	0.716	-0.349204	0.322154	0.944954
3585	0.717	-0.349203	0.326187	0.945118
3590	0.718	-0.349202	0.330198	0.94517
3595	0.719	-0.349201	0.334186	0.945111
3600	0.72	-0.349201	0.33815	0.944939
3605	0.721	-0.3492	0.342089	0.944654
3610	0.722	-0.349199	0.346004	0.944256
3615	0.723	-0.349198	0.349892	0.943744
3620	0.724	-0.349197	0.353755	0.943118
3625	0.725	-0.349196	0.35759	0.942378
3630	0.726	-0.349195	0.361398	0.941523
3635	0.727	-0.349194	0.365178	0.940552
3640	0.728	-0.349193	0.368929	0.939466
3645	0.729	-0.349192	0.37265	0.938264
3650	0.73	-0.349192	0.376342	0.936945
3655	0.731	-0.349191	0.380002	0.93551
3660	0.732	-0.34919	0.383632	0.933958
3665	0.733	-0.349189	0.38723	0.932288
3670	0.734	-0.349188	0.390795	0.930501
3675	0.735	-0.349187	0.394328	0.928595
3680	0.736	-0.349187	0.397827	0.926572
3685	0.737	-0.349186	0.401292	0.92443
3690	0.738	-0.349185	0.404723	0.92217
3695	0.739	-0.337347	0.401722	0.910209
3700	0.74	-0.329365	0.398711	0.897922
3705	0.741	-0.325234	0.395706	0.885346
3710	0.742	-0.324553	0.392743	0.872604
3715	0.743	-0.326985	0.389858	0.859814
3720	0.744	-0.332275	0.387081	0.84708
3725	0.745	-0.340069	0.38444	0.834503
3730	0.746	-0.348551	0.381942	0.822233
3735	0.747	-0.35602	0.379593	0.810408
3740	0.748	-0.349548	0.377303	0.799679
3745	0.749	-0.345177	0.37521	0.789337
3750	0.75	-0.343688	0.373341	0.779396
3755	0.751	-0.344751	0.37171	0.769908
3760	0.752	-0.347587	0.370326	0.760933
3765	0.753	-0.351092	0.369192	0.75254
3770	0.754	-0.349274	0.368267	0.745022
3775	0.755	-0.348451	0.367602	0.73809
3780	0.756	-0.348858	0.367199	0.731735
3785	0.757	-0.35029	0.367056	0.725962
3790	0.758	-0.349197	0.367147	0.720927
3795	0.759	-0.349081	0.367491	0.716451
3800	0.76	-0.349114	0.368075	0.712555
3805	0.761	-0.349124	0.36889	0.709222
3810	0.762	-0.349127	0.369929	0.706428
3815	0.763	-0.349128	0.371181	0.704142
3820	0.764	-0.34913	0.372636	0.702333
3825	0.765	-0.349132	0.374281	0.700968
3830	0.766	-0.349134	0.376104	0.700012
3835	0.767	-0.349136	0.378092	0.699429
3840	0.768	-0.349138	0.380232	0.699181
3845	0.769	-0.34914	0.382511	0.699232
3850	0.77	-0.349142	0.384915	0.699545
3855	0.771	-0.349143	0.387431	0.70008
3860	0.772	-0.349144	0.390044	0.700802
3865	0.773	-0.349145	0.392739	0.70167
3870	0.774	-0.349146	0.395502	0.702646
3875	0.775	-0.349147	0.398319	0.703694
3880	0.776	-0.349147	0.401177	0.704779
3885	0.777	-0.349147	0.404062	0.705867
3890	0.778	-0.343651	0.401646	0.697705
3895	0.779	-0.340651	0.399258	0.689381
3900	0.78	-0.340037	0.396921	0.680964
3905	0.781	-0.341521	0.394659	0.672538
3910	0.782	-0.34487	0.392492	0.664172
3915	0.783	-0.349167	0.390433	0.655962
3920	0.784	-0.349238	0.388464	0.648204
3925	0.785	-0.349102	0.386619	0.640736
3930	0.786	-0.349096	0.38491	0.63357
3935	0.787	-0.349102	0.383346	0.626736
3940	0.788	-0.349101	0.381933	0.620253
3945	0.789	-0.349071	0.380731	0.614467
3950	0.79	-0.348302	0.379716	0.609222
3955	0.791	-0.347055	0.378883	0.604477
3960	0.792	-0.345522	0.378232	0.60022
3965	0.793	-0.343903	0.377763	0.596438
3970	0.794	-0.342362	0.37747	0.593113
3975	0.795	-0.340994	0.377345	0.59022
3980	0.796	-0.339809	0.377375	0.587733
3985	0.797	-0.338753	0.377545	0.585619
3990	0.798	-0.337726	0.377837	0.583846
3995	0.799	-0.336618	0.378232	0.582373
4000	0.8	-0.335459	0.378707	0.581145
4005	0.801	-0.334145	0.379238	0.580098
4010	0.802	-0.332527	0.379798	0.579183
4015	0.803	-0.330491	0.380363	0.578345
4020	0.804	-0.327942	0.380905	0.577523
4025	0.805	-0.324801	0.381398	0.576653
4030	0.806	-0.320985	0.381815	0.575676
4035	0.807	-0.316384	0.382132	0.574537
4040	0.808	-0.310889	0.382326	0.57318
4045	0.809	-0.304401	0.382373	0.571546
4050	0.81	-0.296811	0.38225	0.569594
4055	0.811	-0.287973	0.381939	0.56729
4060	0.812	-0.277722	0.381419	0.564602
4065	0.813	-0.265935	0.380674	0.561498
4070	0.814	-0.252587	0.379687	0.557938
4075	0.815	-0.237772	0.378442	0.55388
4080	0.816	-0.221612	0.376929	0.549281
4085	0.817	-0.204368	0.375134	0.544093
4090	0.818	-0.186443	0.37305	0.538268
4095	0.819	-0.168165	0.370673	0.531778
4100	0.82	-0.149768	0.368003	0.524609
4105	0.821	-0.131391	0.365041	0.516755
4110	0.822	-0.113096	0.361789	0.508217
4115	0.823	-0.0948997	0.358251	0.499006
4120	0.824	-0.0767907	0.354431	0.489134
4125	0.825	-0.0859968	0.350528	0.477714
4130	0.826	-0.0871874	0.346334	0.466033
4135	0.827	-0.0868437	0.341889	0.453895
4140	0.828	-0.086689	0.337212	0.441256
4145	0.829	-0.0866252	0.332311	0.428146
4150	0.83	-0.0865701	0.327193	0.414594
4155	0.831	-0.08652	0.321871	0.400629
4160	0.832	-0.0864771	0.316355	0.386283
4165	0.833	-0.0864381	0.310658	0.371589
4170	0.834	-0.0864025	0.304793	0.356578
4175	0.835	-0.0863706	0.298773	0.341284
4180	0.836	-0.0863397	0.292611	0.325738
4185	0.837	-0.0863178	0.28632	0.30997
4190	0.838	-0.0863001	0.279912	0.294009
4195	0.839	-0.0862857	0.2734	0.277886
4200	0.84	-0.0862746	0.266794	0.261627
4205	0.841	-0.0862665	0.260106	0.245259
4210	0.842	-0.0862608	0.253348	0.228808
4215	0.843	-0.0862574	0.24653	0.212298
4220	0.844	-0.0862563	0.239661	0.195752
4225	0.845	-0.0862567	0.232751	0.179191
4230	0.846	-0.0862577	0.22581	0.162636
4235	0.847	-0.0862597	0.218845	0.146106
4240	0.848	-0.0862628	0.211866	0.129618
4245	0.849	-0.0862668	0.204879	0.113189
4250	0.85	-0.0862716	0.197892	0.0968341
4255	0.851	-0.0862772	0.190911	0.0805665
4260	0.852	-0.0862834	0.183943	0.0643993
4265	0.853	-0.0862902	0.176994	0.0483443
4270	0.854	-0.0862977	0.170069	0.032412
4275	0.855	-0.0863059	0.163173	0.0166124
4280	0.856	-0.0863146	0.15631	0.000954423
4285	0.857	-0.0863237	0.149487	-0.0145538
4290	0.858	-0.0853519	0.148146	-0.0146268
4295	0.859	-0.0857232	0.149484	-0.00721355
4300	0.86	-0.0863076	0.150768	9.09214e-005
4305	0.861	-0.08638	0.151938	0.00716275
4310	0.862	-0.086385	0.152931	0.0138153
4315	0.863	-0.0864055	0.153692	0.0199084
4320	0.864	-0.0864278	0.15418	0.0253297
4325	0.865	-0.0864472	0.154358	0.0299856
4330	0.866	-0.0864639	0.154196	0.0338005
4335	0.867	-0.0864786	0.153671	0.0367157
4340	0.868	-0.0864918	0.152768	0.0386882
4345	0.869	-0.0865026	0.151475	0.0396892
4350	0.87	-0.0865138	0.149785	0.039703
4355	0.871	-0.0865264	0.147697	0.0387269
4360	0.872	-0.0865387	0.145215	0.0367687
4365	0.873	-0.0865507	0.142345	0.0338464
4370	0.874	-0.0865624	0.139096	0.029986
4375	0.875	-0.0865738	0.135482	0.0252213
4380	0.876	-0.0865851	0.131519	0.0195927
4385	0.877	-0.086596	0.127224	0.0131458
4390	0.878	-0.0866067	0.122616	0.00593105
4395	0.879	-0.0866171	0.117716	-0.00199754
4400	0.88	-0.0862835	0.114471	-0.00518064
4405	0.881	-0.0862999	0.112604	-0.00442465
4410	0.882	-0.0864753	0.111257	-0.00212494
4415	0.883	-0.0866296	0.109723	-0.000252471
4420	0.884	-0.0866694	0.107895	0.00090276
4425	0.885	-0.0866804	0.105764	0.00131117
4430	0.886	-0.0866924	0.103326	0.000958226
4435	0.887	-0.0867043	0.100579	-0.000158357
4440	0.888	-0.0866492	0.0978952	-0.00099471
4445	0.889	-0.0866329	0.0953787	-0.00126754
4450	0.89	-0.086651	0.0929771	-0.0011232
4455	0.891	-0.0866797	0.0905883	-0.000847226
4460	0.892	-0.0867034	0.0881383	-0.000647426
4465	0.893	-0.0867169	0.0856048	-0.000586603
4470	0.894	-0.0867233	0.0830029	-0.000623865
4475	0.895	-0.0867271	0.0803583	-0.000688304
4480	0.896	-0.0867321	0.0776892	-0.00073068
4485	0.897	-0.0867392	0.0750009	-0.000737757
4490	0.898	-0.0867481	0.0722898	-0.00072087
4495	0.899	-0.0867572	0.0695502	-0.00069767
4500	0.9	-0.0867656	0.0667784	-0.000679909
4505	0.901	-0.0867733	0.063974	-0.000670385
4510	0.902	-0.0867805	0.0611388	-0.000666069
4515	0.903	-0.0867874	0.0582749	-0.000662649
4520	0.904	-0.0867943	0.055384	-0.000657396
4525	0.905	-0.0868012	0.0524668	-0.00064979
4530	0.906	-0.0868079	0.0495239	-0.000640679
4535	0.907	-0.0868145	0.0465557	-0.000630959
4540	0.908	-0.086821	0.0435625	-0.000621303
4545	0.909	-0.0868273	0.0405451	-0.000611954
4550	0.91	-0.0868334	0.0375043	-0.000602819
4555	0.911	-0.0868394	0.0344409	-0.000593707
4560	0.912	-0.0868452	0.0313557	-0.000584482
4565	0.913	-0.0868509	0.0282496	-0.000575102
4570	0.914	-0.0868565	0.0251233	-0.000565595
4575	0.915	-0.086862	0.0219777	-0.000556011
4580	0.916	-0.0868673	0.0188136	-0.00054639
4585	0.917	-0.0868726	0.0156317	-0.000536763
4590	0.918	-0.0868778	0.012433	-0.00052712
4595	0.919	-0.0868828	0.00921823	-0.000517462
4600	0.92	-0.0868877	0.00598836	-0.000507783
4605	0.921	-0.0868926	0.00274422	-0.000498082
4610	0.922	-0.0868973	-0.000513324	-0.000488361
4615	0.923	-0.0869019	-0.00378339	-0.000478632
4620	0.924	-0.0869065	-0.00706508	-0.000468891
4625	0.925	-0.086911	-0.0103575	-0.000459145
4630	0.926	-0.0869154	-0.0136598	-0.000449395
4635	0.927	-0.0869197	-0.0169711	-0.000439658
4640	0.928	-0.086924	-0.0202903	-0.00042992
4645	0.929	-0.0869282	-0.0236168	-0.000420176
4650	0.93	-0.0869324	-0.0269494	-0.000410428
4655	0.931	-0.0869365	-0.0302874	-0.000400691
4660	0.932	-0.0869405	-0.0336297	-0.00039096
4665	0.933	-0.0869445	-0.0369756	-0.000381233
4670	0.934	-0.0869485	-0.040324	-0.000371519
4675	0.935	-0.0869524	-0.0436741	-0.000361816
4680	0.936	-0.0869563	-0.0470249	-0.00035213
4685	0.937	-0.0869602	-0.0503755	-0.000342451
4690	0.938	-0.086964	-0.053725	-0.000332797
4695	0.939	-0.0869678	-0.0570725	-0.000323164
4700	0.94	-0.0869716	-0.0604171	-0.000313542
4705	0.941	-0.0869753	-0.0637577	-0.00030394
4710	0.942	-0.086979	-0.0670936	-0.000294363
4715	0.943	-0.0869827	-0.0704239	-0.00028482
4720	0.944	-0.0869863	-0.0737475	-0.000275302
4725	0.945	-0.08699	-0.0770636	-0.000265822
4730	0.946	-0.0869936	-0.0803713	-0.000256365
4735	0.947	-0.0869972	-0.0836697	-0.000246944
4740	0.948	-0.0870008	-0.0869578	-0.000237562
4745	0.949	-0.0870043	-0.0902349	-0.000228213
4750	0.95	-0.0870079	-0.0934999	-0.000218899
4755	0.951	-0.0870114	-0.0967521	-0.000209629
4760	0.952	-0.0870149	-0.0999905	-0.000200415
4765	0.953	-0.0870185	-0.103214	-0.000191239
4770	0.954	-0.0870219	-0.106422	-0.000182121
4775	0.955	-0.0870254	-0.109614	-0.000173056
4780	0.956	-0.0870289	-0.112789	-0.000164027
4785	0.957	-0.0870324	-0.115945	-0.000155056
4790	0.958	-0.0870358	-0.119083	-0.000146131
4795	0.959	-0.0870393	-0.122201	-0.000137281
4800	0.96	-0.0870427	-0.125298	-0.000128496
4805	0.961	-0.0870462	-0.128374	-0.000119774
4810	0.962	-0.0870496	-0.131427	-0.000111118
4815	0.963	-0.087053	-0.134457	-0.000102528
4820	0.964	-0.0870565	-0.137464	-9.40125e-005
4825	0.965	-0.0870599	-0.140446	-8.55661e-005
4830	0.966	-0.0870633	-0.143402	-7.71892e-005
4835	0.967	-0.0870667	-0.146332	-6.88868e-005
4840	0.968	-0.0870701	-0.149235	-6.06769e-005
4845	0.969	-0.0870734	-0.152113	-5.56718e-005
4850	0.97	-0.0870766	-0.154964	-5.39149e-005
4855	0.971	-0.0870796	-0.157789	-5.37806e-005
4860	0.972	-0.0870827	-0.160587	-5.36739e-005
4865	0.973	-0.0870857	-0.163357	-5.27965e-005
4870	0.974	-0.0870889	-0.1661	-5.11851e-005
4875	0.975	-0.0870921	-0.168816	-4.92407e-005
4880	0.976	-0.0870953	-0.171505	-4.73338e-005
4885	0.977	-0.0870984	-0.174167	-4.56614e-005
4890	0.978	-0.0871016	-0.176801	-4.41892e-005
4895	0.979	-0.0871048	-0.179409	-4.28264e-005
4900	0.98	-0.0871079	-0.18199	-4.14714e-005
4905	0.981	-0.0871111	-0.184544	-4.00772e-005
4910	0.982	-0.0871143	-0.18707	-3.86447e-005
4915	0.983	-0.0871175	-0.18957	-3.71472e-005
4920	0.984	-0.0871207	-0.192043	-3.55676e-005
4925	0.985	-0.0871241	-0.194488	-3.38812e-005
4930	0.986	-0.0871277	-0.196907	-3.20485e-005
4935	0.987	-0.0871315	-0.199298	-3.0023e-005
4940	0.988	-0.0871356	-0.201663	-2.77788e-005
4945	0.989	-0.0871402	-0.204	-2.52869e-005
4950	0.99	-0.0871451	-0.20631	-2.25257e-005
4955	0.991	-0.0871504	-0.208593	-1.94641e-005
4960	0.992	-0.0871563	-0.210848	-1.6078e-005
4965	0.993	-0.0871626	-0.213076	-1.23442e-005
4970	0.994	-0.0871694	-0.215276	-8.25554e-006
4975	0.995	-0.0871767	-0.217449	-3.79366e-006
4980	0.996	-0.0871845	-0.219593	2.15032e-006
4985	0.997	-0.0871924	-0.221708	1.50288e-005
4990	0.998	-0.0872008	-0.223789	4.06053e-005
4995	0.999	-0.0872095	-0.225836	8.5037e-005
5000	1	-0.0872186	-0.227846	0.000154806
5005	1.001	-0.0872281	-0.229815	0.000256667
5010	1.002	-0.0872378	-0.231742	0.000397657
5015	1.003	-0.0872479	-0.233623	0.000585065
5020	1.004	-0.0872581	-0.235456	0.000826354
5025	1.005	-0.0873035	-0.237238	0.00112666
5030	1.006	-0.0876033	-0.238967	0.00147868
5035	1.007	-0.0882978	-0.240643	0.00188036
5040	1.008	-0.0894273	-0.242262	0.00233635
5045	1.009	-0.0909594	-0.243822	0.0028565
5050	1.01	-0.09282	-0.245317	0.00345381
5055	1.011	-0.0949227	-0.246743	0.00414252
5060	1.012	-0.0972083	-0.248097	0.00493535
5065	1.013	-0.0995963	-0.249373	0.00584619
5070	1.014	-0.102032	-0.250568	0.00688709
5075	1.015	-0.104486	-0.251679	0.00806799
5080	1.016	-0.106955	-0.2527	0.00939705
5085	1.017	-0.109447	-0.25363	0.010881
5090	1.018	-0.111973	-0.254466	0.0125258
5095	1.019	-0.114539	-0.255203	0.0143374
5100	1.02	-0.117147	-0.25584	0.0163214
5105	1.021	-0.119793	-0.256373	0.0184833
5110	1.022	-0.122481	-0.256801	0.0208275
5115	1.023	-0.125218	-0.257121	0.0233577
5120	1.024	-0.128012	-0.25733	0.0260772
5125	1.025	-0.130872	-0.257428	0.0289883
5130	1.026	-0.13381	-0.257411	0.0320936
5135	1.027	-0.13683	-0.257277	0.0354019
5140	1.028	-0.13994	-0.25702	0.0389232
5145	1.029	-0.143154	-0.256634	0.0426695
5150	1.03	-0.146488	-0.256115	0.0466541
5155	1.031	-0.149965	-0.255456	0.0508924
5160	1.032	-0.1536	-0.254649	0.0554013
5165	1.033	-0.157412	-0.253686	0.0601995
5170	1.034	-0.161408	-0.252561	0.0653067
5175	1.035	-0.165593	-0.251264	0.0707434
5180	1.036	-0.169965	-0.249788	0.0765299
5185	1.037	-0.174518	-0.248126	0.0826856
5190	1.038	-0.179247	-0.246271	0.0892284
5195	1.039	-0.184141	-0.244217	0.0961747
5200	1.04	-0.189184	-0.241958	0.103539
5205	1.041	-0.194355	-0.239491	0.111332
5210	1.042	-0.199638	-0.236812	0.119563
5215	1.043	-0.205024	-0.233921	0.128237
5220	1.044	-0.210508	-0.230815	0.137354
5225	1.045	-0.216091	-0.227497	0.146914
5230	1.046	-0.221771	-0.223968	0.15691
5235	1.047	-0.227547	-0.22023	0.167335
5240	1.048	-0.233414	-0.216289	0.178178
5245	1.049	-0.239368	-0.21215	0.189424
5250	1.05	-0.2454	-0.207818	0.201058
5255	1.051	-0.251501	-0.203301	0.21306
5260	1.052	-0.257664	-0.198607	0.22541
5265	1.053	-0.263879	-0.193745	0.238085
5270	1.054	-0.270139	-0.188723	0.251059
5275	1.055	-0.276436	-0.183553	0.264307
5280	1.056	-0.282761	-0.178244	0.277801
5285	1.057	-0.289108	-0.172807	0.291512
5290	1.058	-0.295468	-0.167255	0.305409
5295	1.059	-0.301836	-0.161603	0.319453
5300	1.06	-0.308203	-0.155866	0.333605
5305	1.061	-0.314561	-0.150061	0.347828
5310	1.062	-0.320901	-0.144201	0.362084
5315	1.063	-0.327214	-0.138301	0.376338
5320	1.064	-0.333486	-0.132374	0.390556
5325	1.065	-0.339712	-0.126434	0.404707
5330	1.066	-0.345887	-0.120493	0.418758
5335	1.067	-0.352007	-0.114562	0.432682
5340	1.068	-0.349419	-0.10866	0.446951
5345	1.069	-0.3491	-0.10279	0.460921
5350	1.07	-0.349193	-0.0969612	0.474667
5355	1.071	-0.349237	-0.091183	0.488191
5360	1.072	-0.349259	-0.0854627	0.501468
5365	1.073	-0.349276	-0.079807	0.514477
5370	1.074	-0.34929	-0.0742216	0.527201
5375	1.075	-0.349302	-0.0687119	0.539624
5380	1.076	-0.349312	-0.0632794	0.55174
5385	1.077	-0.349319	-0.0579213	0.563558
5390	1.078	-0.349325	-0.0526343	0.575087
5395	1.079	-0.34933	-0.0474153	0.586334
5400	1.08	-0.349335	-0.0422612	0.59731
5405	1.081	-0.349338	-0.0371686	0.608022
5410	1.082	-0.34934	-0.0321342	0.618481
5415	1.083	-0.349341	-0.0271544	0.628695
5420	1.084	-0.349341	-0.0222258	0.638674
5425	1.085	-0.34934	-0.0173452	0.648424
5430	1.086	-0.349339	-0.0125093	0.657956
5435	1.087	-0.349338	-0.00771475	0.667278
5440	1.088	-0.349336	-0.00295862	0.676395
5445	1.089	-0.349334	0.00176206	0.685318
5450	1.09	-0.349333	0.00645013	0.694051
5455	1.091	-0.34933	0.0111083	0.702603
5460	1.092	-0.349328	0.015739	0.710979
5465	1.093	-0.349326	0.0203448	0.719186
5470	1.094	-0.349323	0.0249279	0.72723
5475	1.095	-0.349321	0.0294906	0.735115
5480	1.096	-0.349318	0.0340347	0.742848
5485	1.097	-0.349316	0.0385624	0.750433
5490	1.098	-0.349313	0.0430752	0.757873
5495	1.099	-0.349311	0.047575	0.765175
5500	1.1	-0.349308	0.0520632	0.772342
5505	1.101	-0.349305	0.0565414	0.779376
5510	1.102	-0.349303	0.0610107	0.786283
5515	1.103	-0.3493	0.0654726	0.793065
5520	1.104	-0.349297	0.069928	0.799724
5525	1.105	-0.349295	0.0743781	0.806265
5530	1.106	-0.349292	0.0788238	0.812689
5535	1.107	-0.34929	0.0832658	0.818998
5540	1.108	-0.349287	0.0877051	0.825196
5545	1.109	-0.349285	0.0921422	0.831283
5550	1.11	-0.349282	0.0965778	0.837262
5555	1.111	-0.34928	0.101012	0.843135
5560	1.112	-0.349277	0.105446	0.848902
5565	1.113	-0.349275	0.10988	0.854566
5570	1.114	-0.349273	0.114315	0.860128
5575	1.115	-0.34927	0.118749	0.865588
5580	1.116	-0.349268	0.123185	0.870947
5585	1.117	-0.349266	0.127621	0.876207
5590	1.118	-0.349264	0.132058	0.881369
5595	1.119	-0.349261	0.136496	0.886432
5600	1.12	-0.349259	0.140936	0.891399
5605	1.121	-0.349257	0.145376	0.896268
5610	1.122	-0.349255	0.149817	0.901041
5615	1.123	-0.349253	0.15426	0.905718
5620	1.124	-0.349251	0.158702	0.910299
5625	1.125	-0.349249	0.163146	0.914785
5630	1.126	-0.349247	0.16759	0.919175
5635	1.127	-0.349245	0.172034	0.92347
5640	1.128	-0.349244	0.176477	0.92767
5645	1.129	-0.349242	0.180921	0.931774
5650	1.13	-0.34924	0.185363	0.935783
5655	1.131	-0.349238	0.189804	0.939697
5660	1.132	-0.349237	0.194244	0.943516
5665	1.133	-0.349235	0.198681	0.947239
5670	1.134	-0.349233	0.203117	0.950866
5675	1.135	-0.349232	0.207549	0.954396
5680	1.136	-0.34923	0.211978	0.957831
5685	1.137	-0.349229	0.216403	0.961169
5690	1.138	-0.349227	0.220824	0.96441
5695	1.139	-0.349226	0.22524	0.967553
5700	1.14	-0.349224	0.229651	0.970599
5705	1.141	-0.349223	0.234056	0.973547
5710	1.142	-0.349222	0.238455	0.976397
5715	1.143	-0.34922	0.242846	0.979147
5720	1.144	-0.349219	0.24723	0.981799
5725	1.145	-0.349218	0.251606	0.984351
5730	1.146	-0.349216	0.255973	0.986802
5735	1.147	-0.349215	0.26033	0.989153
5740	1.148	-0.349214	0.264678	0.991403
5745	1.149	-0.349213	0.269014	0.993551
5750	1.15	-0.349212	0.27334	0.995597
5755	1.151	-0.349211	0.277653	0.997541
5760	1.152	-0.349209	0.281954	0.999381
5765	1.153	-0.349208	0.286242	1.00112
5770	1.154	-0.349207	0.290516	1.00275
5775	1.155	-0.349206	0.294775	1.00428
5780	1.156	-0.349205	0.299019	1.0057
5785	1.157	-0.349204	0.303247	1.00702
5790	1.158	-0.349203	0.307458	1.00823
5795	1.159	-0.349202	0.311652	1.00933
5800	1.16	-0.349201	0.315828	1.01033
5805	1.161	-0.3492	0.319985	1.01122
5810	1.162	-0.349199	0.324123	1.012
5815	1.163	-0.349198	0.328241	1.01267
5820	1.164	-0.349197	0.332338	1.01324
5825	1.165	-0.349196	0.336414	1.01369
5830	1.166	-0.349195	0.340467	1.01403
5835	1.167	-0.349194	0.344498	1.01426
5840	1.168	-0.349194	0.348505	1.01438
5845	1.169	-0.349193	0.352488	1.01439
5850	1.17	-0.349192	0.356446	1.01428
5855	1.171	-0.349191	0.360378	1.01407
5860	1.172	-0.34919	0.364284	1.01374
5865	1.173	-0.349189	0.368163	1.01329
5870	1.174	-0.349188	0.372015	1.01273
5875	1.175	-0.349188	0.375838	1.01206
5880	1.176	-0.349187	0.379632	1.01127
5885	1.177	-0.349186	0.383396	1.01036
5890	1.178	-0.349185	0.38713	1.00934
5895	1.179	-0.349184	0.390834	1.0082
5900	1.18	-0.349184	0.394505	1.00694
5905	1.181	-0.349183	0.398144	1.00557
5910	1.182	-0.349182	0.40175	1.00408
5915	1.183	-0.342265	0.401605	0.997194
5920	1.184	-0.338834	0.401428	0.98999
5925	1.185	-0.338767	0.401263	0.982544
5930	1.186	-0.341768	0.401117	0.974883
5935	1.187	-0.347436	0.400991	0.967039
5940	1.188	-0.354298	0.400874	0.959085
5945	1.189	-0.349535	0.400639	0.951611
5950	1.19	-0.347894	0.400441	0.943998
5955	1.191	-0.349344	0.400298	0.936292
5960	1.192	-0.34922	0.40018	0.928737
5965	1.193	-0.349164	0.400115	0.921292
5970	1.194	-0.349159	0.400116	0.913988
5975	1.195	-0.349158	0.400192	0.906853
5980	1.196	-0.349156	0.400353	0.89991
5985	1.197	-0.349153	0.400607	0.893178
5990	1.198	-0.349151	0.400961	0.886675
5995	1.199	-0.349149	0.401421	0.880414
6000	1.2	-0.349148	0.40199	0.874405
6005	1.201	-0.348621	0.401481	0.866715
6010	1.202	-0.350041	0.401103	0.859198
6015	1.203	-0.349214	0.400827	0.852064
6020	1.204	-0.349114	0.400685	0.845196
6025	1.205	-0.349137	0.400678	0.838638
6030	1.206	-0.349143	0.400809	0.832404
6035	1.207	-0.349143	0.401079	0.826503
6040	1.208	-0.349143	0.401491	0.820938
6045	1.209	-0.349098	0.401452	0.814704
6050	1.21	-0.349126	0.401432	0.808586
6055	1.211	-0.349128	0.401431	0.802596
6060	1.212	-0.349124	0.401432	0.7967
6065	1.213	-0.349123	0.401432	0.790892
6070	1.214	-0.349122	0.401432	0.785175
6075	1.215	-0.349121	0.401432	0.779547
6080	1.216	-0.34912	0.401432	0.774006
6085	1.217	-0.349119	0.401432	0.768552
6090	1.218	-0.349118	0.401432	0.763182
6095	1.219	-0.349117	0.401432	0.757895
6100	1.22	-0.349115	0.401432	0.752687
6105	1.221	-0.349114	0.401432	0.747557
6110	1.222	-0.349113	0.401432	0.742502
6115	1.223	-0.349111	0.401432	0.737519
6120	1.224	-0.34911	0.401432	0.732605
6125	1.225	-0.349108	0.401432	0.727757
6130	1.226	-0.349107	0.401432	0.722972
6135	1.227	-0.349105	0.401432	0.718246
6140	1.228	-0.349103	0.401431	0.713577
6145	1.229	-0.349101	0.401431	0.708961
6150	1.23	-0.349099	0.401431	0.704395
6155	1.231	-0.349097	0.401431	0.699875
6160	1.232	-0.349095	0.401431	0.695398
6165	1.233	-0.349093	0.401431	0.690961
6170	1.234	-0.34909	0.40143	0.686559
6175	1.235	-0.349087	0.40143	0.682191
6180	1.236	-0.349084	0.40143	0.677854
6185	1.237	-0.349081	0.40143	0.673543
6190	1.238	-0.349077	0.401429	0.669257
6195	1.239	-0.349073	0.401429	0.664992
6200	1.24	-0.349067	0.401429	0.660746
6205	1.241	-0.348944	0.401428	0.656523
6210	1.242	-0.348563	0.401428	0.652329
6215	1.243	-0.347816	0.401427	0.648169
6220	1.244	-0.346628	0.401427	0.644044
6225	1.245	-0.344941	0.401426	0.639955
6230	1.246	-0.34268	0.401408	0.635875
6235	1.247	-0.33976	0.401357	0.631773
6240	1.248	-0.336077	0.401255	0.627619
6245	1.249	-0.331505	0.401083	0.623384
6250	1.25	-0.325898	0.400822	0.619037
6255	1.251	-0.319102	0.400456	0.614549
6260	1.252	-0.310973	0.399964	0.609887
6265	1.253	-0.301403	0.39933	0.605021
6270	1.254	-0.290341	0.398536	0.599916
6275	1.255	-0.277807	0.397569	0.594534
6280	1.256	-0.263891	0.396413	0.588838
6285	1.257	-0.248726	0.395057	0.582788
6290	1.258	-0.232444	0.39349	0.57635
6295	1.259	-0.215347	0.391704	0.569485
6300	1.26	-0.19771	0.389692	0.562158
6305	1.261	-0.179749	0.38745	0.554345
6310	1.262	-0.161611	0.384973	0.546025
6315	1.263	-0.143388	0.382258	0.537189
6320	1.264	-0.125129	0.379305	0.527829
6325	1.265	-0.106862	0.376114	0.517945
6330	1.266	-0.0886088	0.372686	0.507539
6335	1.267	-0.070394	0.369023	0.496617
6340	1.268	-0.0857035	0.365373	0.484103
6345	1.269	-0.0890955	0.36145	0.471594
6350	1.27	-0.0802995	0.357248	0.459138
6355	1.271	-0.0860755	0.35293	0.44575
6360	1.272	-0.0868049	0.348392	0.43219
6365	1.273	-0.0865685	0.343662	0.41832
6370	1.274	-0.08648	0.338752	0.404115
6375	1.275	-0.0864453	0.333671	0.389602
6380	1.276	-0.0864119	0.328427	0.374804
6385	1.277	-0.0863793	0.323029	0.359745
6390	1.278	-0.08635	0.317488	0.344448
6395	1.279	-0.0863217	0.311812	0.328936
6400	1.28	-0.0863021	0.306012	0.313229
6405	1.281	-0.0862864	0.300096	0.29735
6410	1.282	-0.086274	0.294074	0.281319
6415	1.283	-0.0862647	0.287955	0.265156
6420	1.284	-0.0862582	0.281747	0.248882
6425	1.285	-0.0862541	0.275459	0.232516
6430	1.286	-0.086252	0.269099	0.216075
6435	1.287	-0.0862527	0.262675	0.199579
6440	1.288	-0.0862536	0.256195	0.183042
6445	1.289	-0.0862556	0.249666	0.166482
6450	1.29	-0.0862586	0.243096	0.149915
6455	1.291	-0.0862627	0.236491	0.133353
6460	1.292	-0.0862675	0.229858	0.116813
6465	1.293	-0.0862731	0.223204	0.100306
6470	1.294	-0.0862794	0.216534	0.0838457
6475	1.295	-0.0862864	0.209855	0.0674432
6480	1.296	-0.0862939	0.203173	0.05111
6485	1.297	-0.086302	0.196492	0.0348568
6490	1.298	-0.0863106	0.189817	0.0186934
6495	1.299	-0.0863198	0.183155	0.00262941
6500	1.3	-0.0863294	0.176509	-0.0133261
6505	1.301	-0.085383	0.17519	-0.0142659
6510	1.302	-0.0857126	0.176629	-0.00747641
6515	1.303	-0.0862805	0.178147	-0.000405885
6520	1.304	-0.0863813	0.179533	0.00639876
6525	1.305	-0.0863886	0.180723	0.0127545
6530	1.306	-0.0864083	0.181665	0.0185193
6535	1.307	-0.0864309	0.182316	0.0235804
6540	1.308	-0.0864506	0.182638	0.0278446
6545	1.309	-0.0864677	0.182603	0.031237
6550	1.31	-0.0864828	0.182189	0.0336999
6555	1.311	-0.0864963	0.181379	0.0351914
6560	1.312	-0.086508	0.180163	0.035684
6565	1.313	-0.0865188	0.178535	0.0351635
6570	1.314	-0.0865315	0.176493	0.0336284
6575	1.315	-0.086544	0.174043	0.0310882
6580	1.316	-0.0865562	0.17119	0.0275624
6585	1.317	-0.0865681	0.167946	0.0230788
6590	1.318	-0.0865797	0.164324	0.0176727
6595	1.319	-0.086591	0.16034	0.0113861
6600	1.32	-0.0866021	0.156013	0.00426629
6605	1.321	-0.0866129	0.151363	-0.00363475
6610	1.322	-0.086224	0.14864	-0.00600164
6615	1.323	-0.0862862	0.147275	-0.004467
6620	1.324	-0.0864943	0.146273	-0.00180379
6625	1.325	-0.0866489	0.144951	8.69719e-005
6630	1.326	-0.0866671	0.143297	0.00117581
6635	1.327	-0.0866766	0.141302	0.00143204
6640	1.328	-0.0866895	0.138961	0.000844681
6645	1.329	-0.0867016	0.136275	-0.00058545
6650	1.33	-0.0866202	0.133765	-0.00139441
6655	1.331	-0.0866129	0.131469	-0.00148818
6660	1.332	-0.0866437	0.129273	-0.00118116
6665	1.333	-0.0866784	0.127049	-0.000833751
6670	1.334	-0.0867018	0.124726	-0.000643995
6675	1.335	-0.0867125	0.122299	-0.00062804
6680	1.336	-0.0867159	0.119797	-0.000704184
6685	1.337	-0.0867186	0.117252	-0.000784458
6690	1.338	-0.0867238	0.114681	-0.000823075
6695	1.339	-0.0867319	0.112086	-0.000818558
6700	1.34	-0.0867416	0.109458	-0.000792038
6705	1.341	-0.0867512	0.106791	-0.000764995
6710	1.342	-0.0867596	0.104082	-0.000748103
6715	1.343	-0.0867672	0.101331	-0.000741223
6720	1.344	-0.0867743	0.0985416	-0.000738963
6725	1.345	-0.0867813	0.0957152	-0.00073613
6730	1.346	-0.0867883	0.0928537	-0.000730331
6735	1.347	-0.0867953	0.0899578	-0.000721781
6740	1.348	-0.0868022	0.0870276	-0.000711817
6745	1.349	-0.086809	0.0840636	-0.000701582
6750	1.35	-0.0868156	0.0810663	-0.000691723
6755	1.351	-0.0868219	0.0780363	-0.000682309
6760	1.352	-0.0868281	0.0749745	-0.000673092
6765	1.353	-0.0868342	0.0718819	-0.000663807
6770	1.354	-0.0868402	0.0687594	-0.000654319
6775	1.355	-0.086846	0.0656076	-0.000644629
6780	1.356	-0.0868517	0.0624275	-0.000634816
6785	1.357	-0.0868572	0.0592198	-0.000624935
6790	1.358	-0.0868627	0.0559854	-0.000615032
6795	1.359	-0.086868	0.0527252	-0.00060512
6800	1.36	-0.0868733	0.0494401	-0.000595178
6805	1.361	-0.0868784	0.0461309	-0.000585204
6810	1.362	-0.0868834	0.0427986	-0.000575192
6815	1.363	-0.0868883	0.039444	-0.000565144
6820	1.364	-0.0868931	0.0360681	-0.000555072
6825	1.365	-0.0868979	0.0326718	-0.000544983
6830	1.366	-0.0869025	0.0292559	-0.00053488
6835	1.367	-0.0869071	0.0258216	-0.000524761
6840	1.368	-0.0869115	0.0223696	-0.000514632
6845	1.369	-0.0869159	0.018901	-0.000504483
6850	1.37	-0.0869203	0.0154167	-0.00049432
6855	1.371	-0.0869245	0.0119176	-0.000484151
6860	1.372	-0.0869287	0.00840475	-0.000473984
6865	1.373	-0.0869329	0.00487908	-0.000463808
6870	1.374	-0.086937	0.00134156	-0.000453632
6875	1.375	-0.086941	-0.00220683	-0.000443445
6880	1.376	-0.086945	-0.00576511	-0.000433252
6885	1.377	-0.086949	-0.0093323	-0.00042305
6890	1.378	-0.0869529	-0.0129074	-0.000412857
6895	1.379	-0.0869568	-0.0164895	-0.000402662
6900	1.38	-0.0869607	-0.0200775	-0.000392477
6905	1.381	-0.0869645	-0.0236705	-0.000382299
6910	1.382	-0.0869683	-0.0272675	-0.000372119
6915	1.383	-0.0869721	-0.0308675	-0.000361949
6920	1.384	-0.0869758	-0.0344695	-0.00035179
6925	1.385	-0.0869795	-0.0380725	-0.000341646
6930	1.386	-0.0869832	-0.0416756	-0.000331513
6935	1.387	-0.0869868	-0.0452776	-0.000321387
6940	1.388	-0.0869905	-0.0488778	-0.000311275
6945	1.389	-0.0869941	-0.052475	-0.000301186
6950	1.39	-0.0869977	-0.0560683	-0.00029112
6955	1.391	-0.0870013	-0.0596567	-0.000281083
6960	1.392	-0.0870049	-0.0632392	-0.00027107
6965	1.393	-0.0870084	-0.0668148	-0.000261079
6970	1.394	-0.087012	-0.0703827	-0.000251118
6975	1.395	-0.0870155	-0.0739417	-0.00024119
6980	1.396	-0.087019	-0.077491	-0.00023129
6985	1.397	-0.0870225	-0.0810295	-0.000221422
6990	1.398	-0.087026	-0.0845563	-0.000211589
6995	1.399	-0.0870295	-0.0880705	-0.000201802
7000	1.4	-0.087033	-0.0915711	-0.00019205
7005	1.401	-0.0870365	-0.0950571	-0.00018234
7010	1.402	-0.0870399	-0.0985277	-0.000172673
7015	1.403	-0.0870434	-0.101982	-0.000163066
7020	1.404	-0.0870468	-0.105419	-0.000153513
7025	1.405	-0.0870503	-0.108837	-0.00014401
7030	1.406	-0.0870537	-0.112236	-0.00013455
7035	1.407	-0.0870571	-0.115616	-0.000125144
7040	1.408	-0.0870606	-0.118974	-0.000115806
7045	1.409	-0.087064	-0.12231	-0.000106524
7050	1.41	-0.0870674	-0.125624	-9.73177e-005
7055	1.411	-0.0870708	-0.128914	-8.81733e-005
7060	1.412	-0.0870742	-0.132179	-7.91052e-005
7065	1.413	-0.0870777	-0.135419	-7.01023e-005
7070	1.414	-0.0870811	-0.138633	-6.11633e-005
7075	1.415	-0.0870845	-0.14182	-5.23078e-005
7080	1.416	-0.0870879	-0.144979	-4.35315e-005
7085	1.417	-0.0870912	-0.148111	-3.75024e-005
7090	1.418	-0.0870944	-0.151215	-3.49886e-005
7095	1.419	-0.0870975	-0.154293	-3.45919e-005
7100	1.42	-0.0871005	-0.157342	-3.45723e-005
7105	1.421	-0.0871035	-0.160363	-3.39137e-005
7110	1.422	-0.0871066	-0.163355	-3.24302e-005
7115	1.423	-0.0871098	-0.166319	-3.04956e-005
7120	1.424	-0.087113	-0.169255	-2.85204e-005
7125	1.425	-0.0871161	-0.172163	-2.67269e-005
7130	1.426	-0.0871193	-0.175042	-2.50997e-005
7135	1.427	-0.0871225	-0.177893	-2.35222e-005
7140	1.428	-0.0871259	-0.180716	-2.18282e-005
7145	1.429	-0.0871295	-0.183511	-1.99295e-005
7150	1.43	-0.0871333	-0.186277	-1.77927e-005
7155	1.431	-0.0871374	-0.189014	-1.54277e-005
7160	1.432	-0.0871419	-0.191723	-1.28251e-005
7165	1.433	-0.0871468	-0.194404	-9.95901e-006
7170	1.434	-0.0871522	-0.197056	-6.80846e-006
7175	1.435	-0.087158	-0.199679	-3.34798e-006
7180	1.436	-0.0871643	-0.202273	9.20953e-007
7185	1.437	-0.0871708	-0.204836	1.03445e-005
7190	1.438	-0.0871778	-0.207367	2.95739e-005
7195	1.439	-0.0871852	-0.209864	6.36171e-005
7200	1.44	-0.0871931	-0.212324	0.000117811
7205	1.441	-0.0872014	-0.214746	0.000197768
7210	1.442	-0.0872101	-0.217127	0.000309395
7215	1.443	-0.0872192	-0.219464	0.000458883
7220	1.444	-0.0872287	-0.221756	0.000652677
7225	1.445	-0.0872384	-0.223999	0.000897414
7230	1.446	-0.0872485	-0.226192	0.00119996
7235	1.447	-0.0872587	-0.22833	0.00156737
7240	1.448	-0.0873167	-0.230412	0.00200341
7245	1.449	-0.0876389	-0.232438	0.0025005
7250	1.45	-0.0883599	-0.234404	0.00305644
7255	1.451	-0.0895156	-0.23631	0.00367567
7260	1.452	-0.0910703	-0.238151	0.00436767
7265	1.453	-0.0929495	-0.239923	0.00514496
7270	1.454	-0.0950672	-0.241623	0.00602113
7275	1.455	-0.0973648	-0.243247	0.00700833
7280	1.456	-0.0997632	-0.244789	0.0081197
7285	1.457	-0.10221	-0.246248	0.00936655
7290	1.458	-0.104677	-0.247618	0.0107583
7295	1.459	-0.10716	-0.248896	0.0123023
7300	1.46	-0.109668	-0.25008	0.0140048
7305	1.461	-0.112211	-0.251167	0.0158713
7310	1.462	-0.114795	-0.252155	0.0179072
7315	1.463	-0.117421	-0.253039	0.0201174
7320	1.464	-0.120084	-0.253819	0.0225071
7325	1.465	-0.122789	-0.254491	0.0250801
7330	1.466	-0.125543	-0.255054	0.0278395
7335	1.467	-0.128356	-0.255505	0.030788
7340	1.468	-0.131237	-0.255844	0.0339275
7345	1.469	-0.134197	-0.256068	0.0372594
7350	1.47	-0.137248	-0.256176	0.0407864
7355	1.471	-0.140395	-0.256163	0.0445183
7360	1.472	-0.143648	-0.256024	0.0484668
7365	1.473	-0.147021	-0.255753	0.0526451
7370	1.474	-0.150531	-0.255344	0.0570685
7375	1.475	-0.154196	-0.254789	0.0617539
7380	1.476	-0.158033	-0.254082	0.0667198
7385	1.477	-0.162053	-0.253214	0.0719859
7390	1.478	-0.166261	-0.252177	0.0775724
7395	1.479	-0.170654	-0.250963	0.0834997
7400	1.48	-0.175228	-0.249566	0.0897875
7405	1.481	-0.179977	-0.247977	0.0964538
7410	1.482	-0.184893	-0.246192	0.103515
7415	1.483	-0.189957	-0.244204	0.110985
7420	1.484	-0.19515	-0.242011	0.118877
7425	1.485	-0.200456	-0.239607	0.127198
7430	1.486	-0.205865	-0.236993	0.135955
7435	1.487	-0.211373	-0.234168	0.145148
7440	1.488	-0.216978	-0.231131	0.154775
7445	1.489	-0.222679	-0.227885	0.164833
7450	1.49	-0.228475	-0.224433	0.175312
7455	1.491	-0.234361	-0.220779	0.186203
7460	1.492	-0.240331	-0.216928	0.197491
7465	1.493	-0.246377	-0.212886	0.20916
7470	1.494	-0.252493	-0.208661	0.221192
7475	1.495	-0.258669	-0.204261	0.233567
7480	1.496	-0.264897	-0.199693	0.24626
7485	1.497	-0.271169	-0.194968	0.259248
7490	1.498	-0.277476	-0.190095	0.272505
7495	1.499	-0.283811	-0.185085	0.286003
7500	1.5	-0.290167	-0.179948	0.299714
7505	1.501	-0.296536	-0.174696	0.313608
7510	1.502	-0.302911	-0.169339	0.327657
7515	1.503	-0.309286	-0.163892	0.341825
7520	1.504	-0.315654	-0.158369	0.356074
7525	1.505	-0.322006	-0.152786	0.370367
7530	1.506	-0.328333	-0.147156	0.384669
7535	1.507	-0.334626	-0.141494	0.398945
7540	1.508	-0.340875	-0.135813	0.413162
7545	1.509	-0.347074	-0.130125	0.427289
7550	1.51	-0.353221	-0.124442	0.441296
7555	1.511	-0.349468	-0.118787	0.45572
7560	1.512	-0.349073	-0.113157	0.469792
7565	1.513	-0.349198	-0.107565	0.483639
7570	1.514	-0.349246	-0.102019	0.497269
7575	1.515	-0.349265	-0.0965275	0.510657
7580	1.516	-0.349281	-0.0910971	0.523779
7585	1.517	-0.349295	-0.085734	0.536618
7590	1.518	-0.349306	-0.0804422	0.549161
7595	1.519	-0.349314	-0.0752191	0.561415
7600	1.52	-0.349322	-0.0700619	0.573388
7605	1.521	-0.349328	-0.0649678	0.585088
7610	1.522	-0.349333	-0.0599338	0.596523
7615	1.523	-0.349338	-0.054957	0.607702
7620	1.524	-0.34934	-0.0500343	0.618633
7625	1.525	-0.349342	-0.0451624	0.629324
7630	1.526	-0.349342	-0.0403381	0.639785
7635	1.527	-0.349342	-0.0355582	0.650024
7640	1.528	-0.349342	-0.0308196	0.660047
7645	1.529	-0.349341	-0.026119	0.669865
7650	1.53	-0.349339	-0.0214535	0.679483
7655	1.531	-0.349338	-0.0168203	0.68891
7660	1.532	-0.349336	-0.0122165	0.698152
7665	1.533	-0.349334	-0.00763944	0.707216
7670	1.534	-0.349332	-0.00308667	0.716108
7675	1.535	-0.349329	0.00144424	0.724835
7680	1.536	-0.349327	0.00595557	0.733402
7685	1.537	-0.349325	0.0104495	0.741814
7690	1.538	-0.349322	0.014928	0.750077
7695	1.539	-0.34932	0.019393	0.758196
7700	1.54	-0.349317	0.0238463	0.766174
7705	1.541	-0.349314	0.0282896	0.774017
7710	1.542	-0.349312	0.0327244	0.781727
7715	1.543	-0.349309	0.0371522	0.78931
7720	1.544	-0.349306	0.0415744	0.796768
7725	1.545	-0.349304	0.0459921	0.804104
7730	1.546	-0.349301	0.0504066	0.811322
7735	1.547	-0.349298	0.0548188	0.818425
7740	1.548	-0.349296	0.0592298	0.825414
7745	1.549	-0.349293	0.0636404	0.832292
7750	1.55	-0.349291	0.0680514	0.839062
7755	1.551	-0.349288	0.0724634	0.845725
7760	1.552	-0.349286	0.0768772	0.852284
7765	1.553	-0.349283	0.0812933	0.858739
7770	1.554	-0.349281	0.0857121	0.865093
7775	1.555	-0.349278	0.0901342	0.871347
7780	1.556	-0.349276	0.0945598	0.877502
7785	1.557	-0.349273	0.0989892	0.883559
7790	1.558	-0.349271	0.103423	0.88952
7795	1.559	-0.349269	0.107861	0.895384
7800	1.56	-0.349266	0.112303	0.901154
7805	1.561	-0.349264	0.11675	0.90683
7810	1.562	-0.349262	0.121201	0.912412
7815	1.563	-0.34926	0.125657	0.9179
7820	1.564	-0.349258	0.130117	0.923296
7825	1.565	-0.349256	0.134582	0.9286
7830	1.566	-0.349254	0.139051	0.933812
7835	1.567	-0.349252	0.143524	0.938932
7840	1.568	-0.34925	0.148001	0.94396
7845	1.569	-0.349248	0.152482	0.948897
7850	1.57	-0.349246	0.156967	0.953743
7855	1.571	-0.349244	0.161454	0.958497
7860	1.572	-0.349242	0.165945	0.963159
7865	1.573	-0.34924	0.170438	0.967731
7870	1.574	-0.349239	0.174933	0.97221
7875	1.575	-0.349237	0.17943	0.976598
7880	1.576	-0.349235	0.183928	0.980894
7885	1.577	-0.349234	0.188428	0.985097
7890	1.578	-0.349232	0.192927	0.989208
7895	1.579	-0.349231	0.197427	0.993227
7900	1.58	-0.349229	0.201927	0.997152
7905	1.581	-0.349227	0.206425	1.00098
7910	1.582	-0.349226	0.210922	1.00472
7915	1.583	-0.349225	0.215417	1.00837
7920	1.584	-0.349223	0.21991	1.01192
7925	1.585	-0.349222	0.224399	1.01537
7930	1.586	-0.34922	0.228885	1.01873
7935	1.587	-0.349219	0.233366	1.02199
7940	1.588	-0.349218	0.237843	1.02516
7945	1.589	-0.349216	0.242314	1.02823
7950	1.59	-0.349215	0.246779	1.03121
7955	1.591	-0.349214	0.251237	1.03408
7960	1.592	-0.349213	0.255688	1.03686
7965	1.593	-0.349212	0.26013	1.03954
7970	1.594	-0.34921	0.264565	1.04212
7975	1.595	-0.349209	0.268989	1.0446
7980	1.596	-0.349208	0.273404	1.04698
7985	1.597	-0.349207	0.277808	1.04925
7990	1.598	-0.349325	0.281772	1.0501
7995	1.599	-0.349314	0.285351	1.0497
8000	1.6	-0.349264	0.288711	1.04858
8005	1.601	-0.349209	0.29204	1.04731
8010	1.602	-0.349201	0.295358	1.04595
8015	1.603	-0.349201	0.298663	1.0445
8020	1.604	-0.349201	0.301958	1.04296
8025	1.605	-0.3492	0.305242	1.04134
8030	1.606	-0.3492	0.308517	1.03964
8035	1.607	-0.349199	0.311781	1.03785
8040	1.608	-0.349198	0.315037	1.03598
8045	1.609	-0.349197	0.318283	1.03404
8050	1.61	-0.349196	0.32152	1.03201
8055	1.611	-0.349196	0.324748	1.0299
8060	1.612	-0.349195	0.327966	1.02772
8065	1.613	-0.349194	0.331176	1.02545
8070	1.614	-0.349193	0.334376	1.02311
8075	1.615	-0.349192	0.337566	1.02069
8080	1.616	-0.349192	0.340746	1.01819
8085	1.617	-0.349191	0.343915	1.01562
8090	1.618	-0.34919	0.347074	1.01296
8095	1.619	-0.349189	0.350221	1.01023
8100	1.62	-0.349189	0.353356	1.00741
8105	1.621	-0.349188	0.356479	1.00452
8110	1.622	-0.349187	0.359589	1.00155
8115	1.623	-0.349186	0.362685	0.998491
8120	1.624	-0.349186	0.365768	0.995355
8125	1.625	-0.349185	0.368835	0.992137
8130	1.626	-0.349184	0.371888	0.988837
8135	1.627	-0.349184	0.374924	0.985453
8140	1.628	-0.349183	0.377944	0.981986
8145	1.629	-0.349182	0.380946	0.978435
8150	1.63	-0.349181	0.38393	0.974798
8155	1.631	-0.349181	0.386896	0.971076
8160	1.632	-0.34918	0.389843	0.967268
8165	1.633	-0.349179	0.392769	0.963374
8170	1.634	-0.349179	0.395675	0.959392
8175	1.635	-0.349178	0.39856	0.955321
8180	1.636	-0.349177	0.401423	0.951163
8185	1.637	-0.349176	0.404265	0.94692
8190	1.638	-0.338846	0.401679	0.934646
8195	1.639	-0.332164	0.399102	0.922108
8200	1.64	-0.328935	0.396567	0.909414
8205	1.641	-0.328786	0.394107	0.896677
8210	1.642	-0.331414	0.391752	0.883995
8215	1.643	-0.336585	0.389528	0.871459
8220	1.644	-0.343606	0.38745	0.859165
8225	1.645	-0.350794	0.385523	0.847245
8230	1.646	-0.349368	0.383685	0.836146
8235	1.647	-0.348797	0.382029	0.825473
8240	1.648	-0.349349	0.380571	0.815255
8245	1.649	-0.349136	0.37931	0.805609
8250	1.65	-0.349105	0.378264	0.796514
8255	1.651	-0.349107	0.377441	0.787994
8260	1.652	-0.349108	0.376847	0.780062
8265	1.653	-0.349107	0.376486	0.772723
8270	1.654	-0.349106	0.376359	0.765977
8275	1.655	-0.349106	0.376467	0.759818
8280	1.656	-0.349107	0.376808	0.754236
8285	1.657	-0.349108	0.377375	0.749217
8290	1.658	-0.34911	0.378164	0.744742
8295	1.659	-0.349113	0.379167	0.740787
8300	1.66	-0.349116	0.380374	0.737328
8305	1.661	-0.349118	0.381776	0.734334
8310	1.662	-0.349119	0.383361	0.731776
8315	1.663	-0.34912	0.385118	0.729619
8320	1.664	-0.349121	0.387035	0.727829
8325	1.665	-0.349122	0.389099	0.726369
8330	1.666	-0.349122	0.391296	0.725203
8335	1.667	-0.349123	0.393614	0.724293
8340	1.668	-0.349123	0.396035	0.723598
8345	1.669	-0.349123	0.398547	0.723079
8350	1.67	-0.349123	0.401132	0.722694
8355	1.671	-0.349122	0.403776	0.722407
8360	1.672	-0.343329	0.401628	0.713898
8365	1.673	-0.339614	0.399524	0.705309
8370	1.674	-0.3379	0.397484	0.696702
8375	1.675	-0.337949	0.395529	0.688144
8380	1.676	-0.339563	0.393673	0.679691
8385	1.677	-0.342517	0.391929	0.671394
8390	1.678	-0.34599	0.390303	0.663324
8395	1.679	-0.349103	0.388796	0.655547
8400	1.68	-0.349153	0.387398	0.648216
8405	1.681	-0.348857	0.386124	0.641205
8410	1.682	-0.348378	0.384976	0.63451
8415	1.683	-0.347792	0.383951	0.628125
8420	1.684	-0.347076	0.383045	0.62204
8425	1.685	-0.345588	0.382289	0.616531
8430	1.686	-0.342908	0.381649	0.611427
8435	1.687	-0.339543	0.381109	0.606641
8440	1.688	-0.335855	0.380652	0.602116
8445	1.689	-0.332065	0.380263	0.597805
8450	1.69	-0.328222	0.379921	0.593663
8455	1.691	-0.324212	0.379607	0.589653
8460	1.692	-0.31984	0.379297	0.585732
8465	1.693	-0.314834	0.378964	0.581851
8470	1.694	-0.308873	0.378582	0.577965
8475	1.695	-0.301717	0.378123	0.574014
8480	1.696	-0.293231	0.377563	0.569942
8485	1.697	-0.283351	0.376877	0.5657
8490	1.698	-0.272043	0.376046	0.561242
8495	1.699	-0.2593	0.375048	0.556522
8500	1.7	-0.245174	0.373867	0.551494
8505	1.701	-0.229782	0.372488	0.546112
8510	1.702	-0.213233	0.370897	0.540334
8515	1.703	-0.19575	0.369084	0.534117
8520	1.704	-0.17767	0.367041	0.527418
8525	1.705	-0.159279	0.36476	0.520203
8530	1.706	-0.140786	0.362238	0.512448
8535	1.707	-0.122317	0.359471	0.504137
8540	1.708	-0.103932	0.356457	0.495262
8545	1.709	-0.0856509	0.353197	0.485821
8550	1.71	-0.0863882	0.349819	0.475172
8555	1.711	-0.0869582	0.346218	0.464043
8560	1.712	-0.0868572	0.342394	0.452477
8565	1.713	-0.0867491	0.338351	0.440462
8570	1.714	-0.086666	0.334093	0.428008
8575	1.715	-0.0865997	0.329625	0.415132
8580	1.716	-0.0865435	0.324954	0.401853
8585	1.717	-0.0864958	0.320087	0.388191
8590	1.718	-0.0864541	0.315033	0.374171
8595	1.719	-0.0864164	0.309802	0.359816
8600	1.72	-0.0863826	0.304403	0.345152
8605	1.721	-0.0863529	0.298847	0.330202
8610	1.722	-0.0863248	0.293144	0.314993
8615	1.723	-0.086305	0.287305	0.299549
8620	1.724	-0.0862893	0.28134	0.283894
8625	1.725	-0.0862768	0.27526	0.268052
8630	1.726	-0.0862674	0.269074	0.252048
8635	1.727	-0.0862608	0.262792	0.235904
8640	1.728	-0.0862564	0.256424	0.219642
8645	1.729	-0.0862543	0.249979	0.203285
8650	1.73	-0.0862544	0.243468	0.186854
8655	1.731	-0.0862549	0.236898	0.170369
8660	1.732	-0.0862564	0.230278	0.15385
8665	1.733	-0.0862591	0.223618	0.137315
8670	1.734	-0.0862627	0.216924	0.120781
8675	1.735	-0.0862673	0.210205	0.104265
8680	1.736	-0.0862726	0.203468	0.0877842
8685	1.737	-0.0862786	0.19672	0.0713521
8690	1.738	-0.0862854	0.189969	0.0549833
8695	1.739	-0.0862927	0.183219	0.0386909
8700	1.74	-0.0863004	0.176478	0.0224874
8705	1.741	-0.0863089	0.169751	0.00638438
8710	1.742	-0.0863179	0.163044	-0.00960723
8715	1.743	-0.0854955	0.160996	-0.0124649
8720	1.744	-0.0857132	0.161731	-0.00751761
8725	1.745	-0.0862004	0.162897	-0.00131329
8730	1.746	-0.0863593	0.16395	0.00465972
8735	1.747	-0.0863719	0.164828	0.0102356
8740	1.748	-0.0863891	0.16548	0.0152728
8745	1.749	-0.0864113	0.165864	0.0196611
8750	1.75	-0.0864315	0.165944	0.0233095
8755	1.751	-0.0864492	0.165692	0.0261448
8760	1.752	-0.0864648	0.165086	0.0281101
8765	1.753	-0.0864789	0.164109	0.0291639
8770	1.754	-0.0864919	0.162752	0.0292786
8775	1.755	-0.0865024	0.161008	0.0284392
8780	1.756	-0.0865146	0.158875	0.0266426
8785	1.757	-0.0865274	0.156358	0.0238969
8790	1.758	-0.0865398	0.153461	0.0202195
8795	1.759	-0.0865519	0.150196	0.0156362
8800	1.76	-0.0865638	0.146574	0.0101799
8805	1.761	-0.0865753	0.142612	0.00389001
8810	1.762	-0.0865867	0.138325	-0.00318881
8815	1.763	-0.0862394	0.135735	-0.00538801
8820	1.764	-0.0862923	0.13436	-0.00409008
8825	1.765	-0.086477	0.133322	-0.00174086
8830	1.766	-0.0866187	0.131994	-8.50286e-005
8835	1.767	-0.0866433	0.130335	0.00076321
8840	1.768	-0.086654	0.128336	0.000778113
8845	1.769	-0.0866669	0.125994	-4.87324e-005
8850	1.77	-0.0866238	0.123622	-0.000839173
8855	1.771	-0.0866044	0.121359	-0.00120879
8860	1.772	-0.0866142	0.119196	-0.00118215
8865	1.773	-0.0866386	0.117057	-0.000973935
8870	1.774	-0.0866624	0.114871	-0.000782593
8875	1.775	-0.0866785	0.112606	-0.000696757
8880	1.776	-0.0866877	0.110267	-0.00070545
8885	1.777	-0.0866933	0.107874	-0.000754328
8890	1.778	-0.086699	0.105443	-0.000795639
8895	1.779	-0.0867065	0.102983	-0.000809411
8900	1.78	-0.0867156	0.100493	-0.000799626
8905	1.781	-0.0867252	0.097968	-0.000780098
8910	1.782	-0.0867344	0.0954045	-0.000762432
8915	1.783	-0.0867429	0.0928015	-0.000751202
8920	1.784	-0.0867508	0.09016	-0.000745169
8925	1.785	-0.0867584	0.0874818	-0.000740903
8930	1.786	-0.0867659	0.0847685	-0.000735644
8935	1.787	-0.0867734	0.0820211	-0.000728419
8940	1.788	-0.0867808	0.0792403	-0.000719637
8945	1.789	-0.086788	0.0764263	-0.000709975
8950	1.79	-0.0867951	0.0735796	-0.000700151
8955	1.791	-0.0868019	0.0707009	-0.000690545
8960	1.792	-0.0868086	0.0677909	-0.000681166
8965	1.793	-0.0868151	0.0648503	-0.000671872
8970	1.794	-0.0868215	0.06188	-0.000662503
8975	1.795	-0.0868277	0.0588808	-0.000652983
8980	1.796	-0.0868338	0.0558535	-0.000643322
8985	1.797	-0.0868398	0.0527988	-0.00063356
8990	1.798	-0.0868457	0.0497177	-0.000623748
8995	1.799	-0.0868514	0.0466108	-0.000613908
9000	1.8	-0.0868569	0.0434791	-0.000604055
9005	1.801	-0.0868624	0.0403234	-0.000594178
9010	1.802	-0.0868678	0.0371446	-0.000584266
9015	1.803	-0.086873	0.0339435	-0.000574319
9020	1.804	-0.0868781	0.030721	-0.000564346
9025	1.805	-0.0868832	0.0274781	-0.000554352
9030	1.806	-0.0868881	0.0242155	-0.000544354
9035	1.807	-0.0868929	0.0209342	-0.000534348
9040	1.808	-0.0868976	0.0176351	-0.000524333
9045	1.809	-0.0869023	0.0143191	-0.000514311
9050	1.81	-0.0869068	0.0109871	-0.000504287
9055	1.811	-0.0869113	0.00764011	-0.000494252
9060	1.812	-0.0869157	0.00427899	-0.00048422
9065	1.813	-0.08692	0.000904699	-0.00047419
9070	1.814	-0.0869243	-0.00248184	-0.000464161
9075	1.815	-0.0869285	-0.00587967	-0.000454135
9080	1.816	-0.0869326	-0.00928786	-0.000444107
9085	1.817	-0.0869367	-0.0127055	-0.00043408
9090	1.818	-0.0869408	-0.0161315	-0.00042406
9095	1.819	-0.0869447	-0.019565	-0.000414038
9100	1.82	-0.0869487	-0.0230051	-0.000404034
9105	1.821	-0.0869526	-0.0264508	-0.000394044
9110	1.822	-0.0869565	-0.0299012	-0.000384059
9115	1.823	-0.0869603	-0.0333552	-0.000374083
9120	1.824	-0.0869641	-0.0368119	-0.000364121
9125	1.825	-0.0869679	-0.0402703	-0.000354165
9130	1.826	-0.0869717	-0.0437296	-0.000344226
9135	1.827	-0.0869754	-0.0471887	-0.00033431
9140	1.828	-0.0869791	-0.0506467	-0.000324413
9145	1.829	-0.0869827	-0.0541026	-0.000314536
9150	1.83	-0.0869864	-0.0575555	-0.000304679
9155	1.831	-0.08699	-0.0610044	-0.000294848
9160	1.832	-0.0869936	-0.0644484	-0.000285036
9165	1.833	-0.0869972	-0.0678865	-0.000275262
9170	1.834	-0.0870008	-0.0713177	-0.000265518
9175	1.835	-0.0870043	-0.0747412	-0.000255803
9180	1.836	-0.0870079	-0.078156	-0.000246117
9185	1.837	-0.0870114	-0.0815612	-0.000236461
9190	1.838	-0.0870149	-0.0849557	-0.000226844
9195	1.839	-0.0870184	-0.0883388	-0.000217274
9200	1.84	-0.0870219	-0.0917094	-0.000207752
9205	1.841	-0.0870254	-0.0950667	-0.000198269
9210	1.842	-0.0870288	-0.0984098	-0.000188831
9215	1.843	-0.0870323	-0.101738	-0.000179436
9220	1.844	-0.0870357	-0.105049	-0.000170094
9225	1.845	-0.0870392	-0.108344	-0.000160799
9230	1.846	-0.0870426	-0.111621	-0.000151561
9235	1.847	-0.0870461	-0.11488	-0.000142374
9240	1.848	-0.0870495	-0.118118	-0.000133244
9245	1.849	-0.0870529	-0.121336	-0.000124175
9250	1.85	-0.0870563	-0.124533	-0.000115182
9255	1.851	-0.0870597	-0.127708	-0.000106253
9260	1.852	-0.0870631	-0.130859	-9.73854e-005
9265	1.853	-0.0870665	-0.133987	-8.85888e-005
9270	1.854	-0.0870699	-0.13709	-7.98653e-005
9275	1.855	-0.0870733	-0.140168	-7.12176e-005
9280	1.856	-0.0870767	-0.143219	-6.26425e-005
9285	1.857	-0.0870801	-0.146243	-5.41565e-005
9290	1.858	-0.0870835	-0.14924	-4.7509e-005
9295	1.859	-0.0870867	-0.152211	-4.42593e-005
9300	1.86	-0.0870898	-0.155156	-4.34403e-005
9305	1.861	-0.0870928	-0.158072	-4.33852e-005
9310	1.862	-0.0870958	-0.160962	-4.2882e-005
9315	1.863	-0.0870989	-0.163823	-4.15873e-005
9320	1.864	-0.087102	-0.166656	-3.97533e-005
9325	1.865	-0.0871052	-0.169462	-3.77964e-005
9330	1.866	-0.0871084	-0.17224	-3.59975e-005
9335	1.867	-0.0871115	-0.174991	-3.44274e-005
9340	1.868	-0.0871147	-0.177714	-3.2988e-005
9345	1.869	-0.0871178	-0.18041	-3.15536e-005
9350	1.87	-0.0871211	-0.183078	-3.00084e-005
9355	1.871	-0.0871244	-0.185718	-2.83028e-005
9360	1.872	-0.0871279	-0.188331	-2.64229e-005
9365	1.873	-0.0871317	-0.190916	-2.435e-005
9370	1.874	-0.0871357	-0.193473	-2.20836e-005
9375	1.875	-0.0871401	-0.196002	-1.95865e-005
9380	1.876	-0.0871449	-0.198504	-1.68276e-005
9385	1.877	-0.0871502	-0.200977	-1.37785e-005
9390	1.878	-0.0871559	-0.203423	-1.04157e-005
9395	1.879	-0.0871621	-0.20584	-6.72025e-006
9400	1.88	-0.0871688	-0.208229	-2.67533e-006
9405	1.881	-0.0871759	-0.210589	3.56334e-006
9410	1.882	-0.0871832	-0.212919	1.6976e-005
9415	1.883	-0.087191	-0.215215	4.28601e-005
9420	1.884	-0.0871992	-0.217476	8.68833e-005
9425	1.885	-0.0872079	-0.2197	0.000155021
9430	1.886	-0.0872169	-0.221884	0.000253556
9435	1.887	-0.0872263	-0.224026	0.000389039
9440	1.888	-0.0872359	-0.226123	0.00056829
9445	1.889	-0.0872459	-0.228171	0.000798317
9450	1.89	-0.0872561	-0.23017	0.00108635
9455	1.891	-0.0872664	-0.232114	0.00143979
9460	1.892	-0.0874933	-0.234005	0.00185114
9465	1.893	-0.0880971	-0.235839	0.00231673
9470	1.894	-0.0891377	-0.237615	0.00283963
9475	1.895	-0.0905946	-0.23933	0.00342852
9480	1.896	-0.0923992	-0.240979	0.00409568
9485	1.897	-0.0944652	-0.242559	0.00485493
9490	1.898	-0.0967306	-0.244064	0.00571896
9495	1.899	-0.0991095	-0.245492	0.00670169
9500	1.9	-0.101543	-0.246837	0.00781523
9505	1.901	-0.103998	-0.248097	0.0090696
9510	1.902	-0.106467	-0.249267	0.010473
9515	1.903	-0.108957	-0.250345	0.0120319
9520	1.904	-0.111481	-0.251327	0.0137523
9525	1.905	-0.114045	-0.252211	0.0156398
9530	1.906	-0.116652	-0.252994	0.0176997
9535	1.907	-0.119296	-0.253673	0.0199375
9540	1.908	-0.121982	-0.254246	0.0223573
9545	1.909	-0.124717	-0.25471	0.024963
9550	1.91	-0.127508	-0.255064	0.0277574
9555	1.911	-0.130362	-0.255306	0.0307431
9560	1.912	-0.133292	-0.255434	0.0339218
9565	1.913	-0.136307	-0.255446	0.0372976
9570	1.914	-0.139412	-0.255337	0.0408801
9575	1.915	-0.142619	-0.255102	0.0446807
9580	1.916	-0.145942	-0.254735	0.0487122
9585	1.917	-0.149401	-0.254231	0.0529895
9590	1.918	-0.153013	-0.253582	0.0575291
9595	1.919	-0.156796	-0.252781	0.0623492
9600	1.92	-0.160761	-0.251819	0.0674692
9605	1.921	-0.164914	-0.250689	0.0729096
9610	1.922	-0.169255	-0.249384	0.0786905
9615	1.923	-0.173778	-0.247894	0.0848319
9620	1.924	-0.178479	-0.246214	0.0913522
9625	1.925	-0.183348	-0.244338	0.098268
9630	1.926	-0.188371	-0.242259	0.105594
9635	1.927	-0.193526	-0.239973	0.113343
9640	1.928	-0.198796	-0.237478	0.121524
9645	1.929	-0.204171	-0.234771	0.130143
9650	1.93	-0.209646	-0.231852	0.139203
9655	1.931	-0.215218	-0.22872	0.148701
9660	1.932	-0.220888	-0.225377	0.158634
9665	1.933	-0.226653	-0.221827	0.168995
9670	1.934	-0.23251	-0.218073	0.179772
9675	1.935	-0.238455	-0.214119	0.190953
9680	1.936	-0.244478	-0.209973	0.202523
9685	1.937	-0.250572	-0.205641	0.214463
9690	1.938	-0.25673	-0.201131	0.226752
9695	1.939	-0.262942	-0.19645	0.239369
9700	1.94	-0.2692	-0.19161	0.252289
9705	1.941	-0.275496	-0.186618	0.265486
9710	1.942	-0.281821	-0.181487	0.278932
9715	1.943	-0.288169	-0.176226	0.292601
9720	1.944	-0.294534	-0.170846	0.306461
9725	1.945	-0.300907	-0.16536	0.320482
9730	1.946	-0.307281	-0.159783	0.334626
9735	1.947	-0.313648	-0.154131	0.348852
9740	1.948	-0.32	-0.148418	0.363126
9745	1.949	-0.326329	-0.142659	0.37741
9750	1.95	-0.332622	-0.136868	0.391671
9755	1.951	-0.338872	-0.131058	0.405874
9760	1.952	-0.345073	-0.125241	0.41999
9765	1.953	-0.35122	-0.11943	0.433987
9770	1.954	-0.34939	-0.113643	0.448296
9775	1.955	-0.349118	-0.107884	0.462353
9780	1.956	-0.34919	-0.102163	0.476199
9785	1.957	-0.349233	-0.0964886	0.489827
9790	1.958	-0.349256	-0.0908688	0.503216
9795	1.959	-0.349274	-0.0853106	0.516342
9800	1.96	-0.349289	-0.0798202	0.529188
9805	1.961	-0.349301	-0.0744029	0.541737
9810	1.962	-0.349311	-0.0690595	0.553987
9815	1.963	-0.349319	-0.0637871	0.565944
9820	1.964	-0.349325	-0.0585825	0.577618
9825	1.965	-0.34933	-0.0534428	0.589017
9830	1.966	-0.349335	-0.0483648	0.60015
9835	1.967	-0.349339	-0.0433454	0.611026
9840	1.968	-0.34934	-0.0383814	0.621652
9845	1.969	-0.349341	-0.0334693	0.632039
9850	1.97	-0.349341	-0.0286059	0.642195
9855	1.971	-0.349341	-0.0237878	0.652128
9860	1.972	-0.34934	-0.0190119	0.661846
9865	1.973	-0.349339	-0.014275	0.671358
9870	1.974	-0.349337	-0.00957413	0.68067
9875	1.975	-0.349336	-0.00490642	0.689791
9880	1.976	-0.349334	-0.000269107	0.698726
9885	1.977	-0.349332	0.00434045	0.707484
9890	1.978	-0.349329	0.00892476	0.716069
9895	1.979	-0.349327	0.0134862	0.724488
9900	1.98	-0.349325	0.0180271	0.732748
9905	1.981	-0.349322	0.0225494	0.740852
9910	1.982	-0.34932	0.0270553	0.748806
9915	1.983	-0.349317	0.0315465	0.756615
9920	1.984	-0.349314	0.0360249	0.764283
9925	1.985	-0.349312	0.0404921	0.771815
9930	1.986	-0.349309	0.0449496	0.779214
9935	1.987	-0.349307	0.0493988	0.786484
9940	1.988	-0.349304	0.0538411	0.793628
9945	1.989	-0.349301	0.0582776	0.80065
9950	1.99	-0.349299	0.0627095	0.807553
9955	1.991	-0.349296	0.0671378	0.814338
9960	1.992	-0.349293	0.0715634	0.82101
9965	1.993	-0.349291	0.0759872	0.827569
9970	1.994	-0.349288	0.0804098	0.834018
9975	1.995	-0.349286	0.084832	0.84036
9980	1.996	-0.349283	0.0892544	0.846595
9985	1.997	-0.349281	0.0936774	0.852726
9990	1.998	-0.349278	0.0981016	0.858754
9995	1.999	-0.349276	0.102527	0.86468
10000	2	-0.349274	0.106955	0.870506
10005	2.001	-0.349271	0.111385	0.876232
10010	2.002	-0.349269	0.115817	0.88186
10015	2.003	-0.349267	0.120252	0.88739
10020	2.004	-0.349264	0.124689	0.892824
10025	2.005	-0.349262	0.129129	0.898162
10030	2.006	-0.34926	0.133572	0.903405
10035	2.007	-0.349258	0.138017	0.908552
10040	2.008	-0.349256	0.142465	0.913605
10045	2.009	-0.349254	0.146916	0.918564
10050	2.01	-0.349252	0.151369	0.923428
10055	2.011	-0.34925	0.155824	0.9282
10060	2.012	-0.349248	0.160281	0.932877
10065	2.013	-0.349246	0.16474	0.937461
10070	2.014	-0.349244	0.169201	0.941952
10075	2.015	-0.349242	0.173662	0.946349
10080	2.016	-0.349241	0.178125	0.950653
10085	2.017	-0.349239	0.182588	0.954864
10090	2.018	-0.349237	0.187051	0.95898
10095	2.019	-0.349236	0.191514	0.963003
10100	2.02	-0.349234	0.195976	0.966932
10105	2.021	-0.349232	0.200436	0.970767
10110	2.022	-0.349231	0.204896	0.974506
10115	2.023	-0.349229	0.209353	0.978152
10120	2.024	-0.349228	0.213807	0.981702
10125	2.025	-0.349226	0.218259	0.985156
10130	2.026	-0.349225	0.222707	0.988515
10135	2.027	-0.349223	0.22715	0.991777
10140	2.028	-0.349222	0.231589	0.994942
10145	2.029	-0.349221	0.236023	0.998011
10150	2.03	-0.349219	0.24045	1.00098
10155	2.031	-0.349218	0.244872	1.00386
10160	2.032	-0.349217	0.249286	1.00663
10165	2.033	-0.349215	0.253692	1.00931
10170	2.034	-0.349214	0.25809	1.01188
10175	2.035	-0.349213	0.262479	1.01436
10180	2.036	-0.349212	0.266859	1.01673
10185	2.037	-0.349211	0.271228	1.01901
10190	2.038	-0.34921	0.275586	1.02118
10195	2.039	-0.349208	0.279933	1.02326
10200	2.04	-0.349207	0.284267	1.02523
10205	2.041	-0.349206	0.288589	1.02709
10210	2.042	-0.349205	0.292897	1.02885
10215	2.043	-0.349204	0.297191	1.03051
10220	2.044	-0.349203	0.301469	1.03207
10225	2.045	-0.349202	0.305732	1.03352
10230	2.046	-0.349201	0.309979	1.03486
10235	2.047	-0.3492	0.314209	1.0361
10240	2.048	-0.349199	0.31842	1.03723
10245	2.049	-0.349198	0.322614	1.03825
10250	2.05	-0.349197	0.326788	1.03917
10255	2.051	-0.349196	0.330942	1.03997
10260	2.052	-0.349195	0.335076	1.04067
10265	2.053	-0.349194	0.339188	1.04126
10270	2.054	-0.349193	0.343278	1.04174
10275	2.055	-0.349193	0.347346	1.04211
10280	2.056	-0.349192	0.35139	1.04236
10285	2.057	-0.349191	0.35541	1.04251
10290	2.058	-0.34919	0.359405	1.04254
10295	2.059	-0.349189	0.363375	1.04246
10300	2.06	-0.349188	0.367318	1.04227
10305	2.061	-0.349187	0.371234	1.04196
10310	2.062	-0.349187	0.375123	1.04154
10315	2.063	-0.349186	0.378983	1.04101
10320	2.064	-0.349185	0.382814	1.04036
10325	2.065	-0.349184	0.386616	1.03959
10330	2.066	-0.349183	0.390387	1.03871
10335	2.067	-0.349183	0.394127	1.03771
10340	2.068	-0.349182	0.397836	1.0366
10345	2.069	-0.349181	0.401512	1.03536
10350	2.07	-0.342256	0.401599	1.0291
10355	2.071	-0.338201	0.401438	1.02222
10360	2.072	-0.337524	0.401292	1.01511
10365	2.073	-0.339927	0.401165	1.00778
10370	2.074	-0.345186	0.401061	1.00025
10375	2.075	-0.351987	0.400972	0.992606
10380	2.076	-0.349455	0.40078	0.985314
10385	2.077	-0.349084	0.400603	0.977882
10390	2.078	-0.349149	0.400439	0.970425
10395	2.079	-0.349169	0.400298	0.963002
10400	2.08	-0.349168	0.400192	0.955645
10405	2.081	-0.349163	0.400134	0.948382
10410	2.082	-0.349159	0.400135	0.941242
10415	2.083	-0.349157	0.400206	0.934247
10420	2.084	-0.349154	0.400355	0.92742
10425	2.085	-0.349152	0.400588	0.920778
10430	2.086	-0.34915	0.400914	0.914338
10435	2.087	-0.349149	0.401337	0.908112
10440	2.088	-0.349148	0.401861	0.902109
10445	2.089	-0.348894	0.401473	0.8947
10450	2.09	-0.350538	0.401209	0.887439
10455	2.091	-0.349238	0.401029	0.88056
10460	2.092	-0.349102	0.400976	0.873896
10465	2.093	-0.349138	0.401046	0.867504
10470	2.094	-0.349145	0.401241	0.861401
10475	2.095	-0.349144	0.401564	0.855594
10480	2.096	-0.349098	0.401452	0.849146
10485	2.097	-0.349133	0.401428	0.842923
10490	2.098	-0.349131	0.401431	0.836828
10495	2.099	-0.349126	0.401432	0.830814
10500	2.1	-0.349125	0.401432	0.824881
10505	2.101	-0.349124	0.401432	0.81903
10510	2.102	-0.349123	0.401432	0.813262
10515	2.103	-0.349121	0.401432	0.807574
10520	2.104	-0.34912	0.401432	0.801966
10525	2.105	-0.349119	0.401432	0.796436
10530	2.106	-0.349117	0.401432	0.790983
10535	2.107	-0.349116	0.401432	0.785604
10540	2.108	-0.349114	0.401432	0.780298
10545	2.109	-0.349113	0.401432	0.775063
10550	2.11	-0.349111	0.401432	0.769895
10555	2.111	-0.34911	0.401432	0.764793
10560	2.112	-0.349108	0.401432	0.759753
10565	2.113	-0.349106	0.401431	0.754772
10570	2.114	-0.349104	0.401431	0.749848
10575	2.115	-0.349102	0.401431	0.744978
10580	2.116	-0.349101	0.401431	0.740159
10585	2.117	-0.349098	0.401431	0.735387
10590	2.118	-0.349096	0.401431	0.73066
10595	2.119	-0.349094	0.401431	0.725973
10600	2.12	-0.349091	0.401431	0.721326
10605	2.121	-0.349089	0.40143	0.716713
10610	2.122	-0.349086	0.40143	0.712133
10615	2.123	-0.349082	0.40143	0.707583
10620	2.124	-0.349079	0.40143	0.703059
10625	2.125	-0.349074	0.401429	0.698559
10630	2.126	-0.34907	0.401429	0.694081
10635	2.127	-0.349007	0.401428	0.689625
10640	2.128	-0.348739	0.401428	0.685197
10645	2.129	-0.348145	0.401427	0.680804
10650	2.13	-0.347139	0.401427	0.676448
10655	2.131	-0.34566	0.401426	0.672129
10660	2.132	-0.34364	0.401417	0.667836
10665	2.133	-0.340999	0.401384	0.663539
10670	2.134	-0.337642	0.401309	0.659211
10675	2.135	-0.333449	0.401174	0.654822
10680	2.136	-0.328282	0.400962	0.650342
10685	2.137	-0.321987	0.400653	0.645745
10690	2.138	-0.314414	0.400231	0.640998
10695	2.139	-0.305437	0.399678	0.636074
10700	2.14	-0.294979	0.398976	0.630938
10705	2.141	-0.283029	0.398111	0.625555
10710	2.142	-0.269649	0.397067	0.61989
10715	2.143	-0.254971	0.395833	0.613902
10720	2.144	-0.239097	0.394398	0.607559
10725	2.145	-0.22228	0.392753	0.600821
10730	2.146	-0.20481	0.39089	0.593654
10735	2.147	-0.18693	0.388805	0.586029
10740	2.148	-0.168819	0.386493	0.577924
10745	2.149	-0.150589	0.383951	0.569326
10750	2.15	-0.132306	0.381177	0.560226
10755	2.151	-0.114006	0.378172	0.550622
10760	2.152	-0.0957085	0.374934	0.540513
10765	2.153	-0.0774373	0.371467	0.529904
10770	2.154	-0.086021	0.367988	0.517956
10775	2.155	-0.0871662	0.36426	0.505859
10780	2.156	-0.0868404	0.360323	0.49343
10785	2.157	-0.0866864	0.356191	0.480622
10790	2.158	-0.0866201	0.351867	0.467453
10795	2.159	-0.0865636	0.347357	0.453939
10800	2.16	-0.0865126	0.342666	0.440098
10805	2.161	-0.0864691	0.337803	0.425952
10810	2.162	-0.08643	0.332774	0.411521
10815	2.163	-0.0863944	0.32759	0.396826
10820	2.164	-0.0863626	0.322258	0.381891
10825	2.165	-0.0863321	0.316789	0.366735
10830	2.166	-0.0863103	0.311192	0.351381
10835	2.167	-0.0862927	0.305475	0.335849
10840	2.168	-0.0862785	0.299647	0.320159
10845	2.169	-0.0862676	0.293717	0.304331
10850	2.17	-0.0862597	0.287694	0.288383
10855	2.171	-0.0862544	0.281585	0.272335
10860	2.172	-0.0862513	0.275398	0.256204
10865	2.173	-0.0862508	0.269142	0.240007
10870	2.174	-0.0862513	0.262823	0.223761
10875	2.175	-0.0862528	0.25645	0.207482
10880	2.176	-0.0862554	0.250029	0.191184
10885	2.177	-0.086259	0.243567	0.174882
10890	2.178	-0.0862636	0.237071	0.15859
10895	2.179	-0.0862689	0.230546	0.14232
10900	2.18	-0.086275	0.224	0.126085
10905	2.181	-0.0862817	0.217437	0.109896
10910	2.182	-0.0862891	0.210863	0.0937655
10915	2.183	-0.086297	0.204285	0.0777027
10920	2.184	-0.0863055	0.197706	0.0617179
10925	2.185	-0.0863145	0.191133	0.0458206
10930	2.186	-0.086324	0.184569	0.0300197
10935	2.187	-0.086334	0.178019	0.0143239
10940	2.188	-0.0863443	0.171488	-0.00125876
10945	2.189	-0.0858138	0.168019	-0.00818525
10950	2.19	-0.0857921	0.167296	-0.00738606
10955	2.191	-0.0860932	0.167747	-0.00325367
10960	2.192	-0.0863627	0.168111	0.000709626
10965	2.193	-0.086403	0.168337	0.00437921
10970	2.194	-0.0864166	0.168378	0.00761986
10975	2.195	-0.0864371	0.168194	0.0103267
10980	2.196	-0.0864572	0.167751	0.012415
10985	2.197	-0.0864751	0.167024	0.0138159
10990	2.198	-0.0864912	0.165991	0.0144752
10995	2.199	-0.0865059	0.164637	0.0143528
11000	2.2	-0.0865195	0.16295	0.0134211
11005	2.201	-0.0865316	0.160926	0.0116641
11010	2.202	-0.0865438	0.158561	0.00907663
11015	2.203	-0.0865566	0.155858	0.00566333
11020	2.204	-0.0865692	0.152822	0.00143763
11025	2.205	-0.0865813	0.14946	-0.00357947
11030	2.206	-0.0862879	0.147485	-0.00458163
11035	2.207	-0.086361	0.146351	-0.00312518
11040	2.208	-0.086518	0.145341	-0.00120824
11045	2.209	-0.0866229	0.144015	-5.30281e-005
11050	2.21	-0.0866412	0.142344	0.00026265
11055	2.211	-0.0866521	0.140322	-0.000279425
11060	2.212	-0.0866103	0.138254	-0.000823376
11065	2.213	-0.0865986	0.136241	-0.00109303
11070	2.214	-0.0866094	0.13428	-0.00108997
11075	2.215	-0.0866281	0.132324	-0.000954744
11080	2.216	-0.0866482	0.130321	-0.000823897
11085	2.217	-0.0866629	0.12825	-0.000761865
11090	2.218	-0.0866723	0.126113	-0.000764673
11095	2.219	-0.0866795	0.123921	-0.000796614
11100	2.22	-0.0866866	0.121688	-0.000824718
11105	2.221	-0.0866948	0.119418	-0.000834356
11110	2.222	-0.0867039	0.117112	-0.000827514
11115	2.223	-0.0867133	0.114766	-0.000813354
11120	2.224	-0.0867224	0.112379	-0.000799905
11125	2.225	-0.0867311	0.109949	-0.000790531
11130	2.226	-0.0867393	0.107477	-0.000784584
11135	2.227	-0.0867473	0.104965	-0.000779805
11140	2.228	-0.086755	0.102413	-0.000774315
11145	2.229	-0.0867627	0.0998234	-0.000767414
11150	2.23	-0.0867703	0.0971953	-0.000759337
11155	2.231	-0.0867777	0.0945296	-0.000750581
11160	2.232	-0.0867849	0.091827	-0.000741514
11165	2.233	-0.086792	0.0890878	-0.000732416
11170	2.234	-0.0867988	0.0863129	-0.000723369
11175	2.235	-0.0868055	0.0835028	-0.000714322
11180	2.236	-0.0868121	0.0806584	-0.000705204
11185	2.237	-0.0868185	0.0777804	-0.000695969
11190	2.238	-0.0868247	0.0748696	-0.000686602
11195	2.239	-0.0868309	0.0719266	-0.000677125
11200	2.24	-0.0868369	0.0689524	-0.00066757
11205	2.241	-0.0868428	0.0659475	-0.000657964
11210	2.242	-0.0868485	0.062913	-0.00064832
11215	2.243	-0.0868541	0.0598495	-0.000638635
11220	2.244	-0.0868596	0.056758	-0.000628895
11225	2.245	-0.086865	0.0536392	-0.000619108
11230	2.246	-0.0868703	0.050494	-0.000609281
11235	2.247	-0.0868754	0.0473233	-0.000599422
11240	2.248	-0.0868805	0.0441279	-0.000589536
11245	2.249	-0.0868854	0.0409087	-0.000579636
11250	2.25	-0.0868903	0.0376667	-0.000569713
11255	2.251	-0.086895	0.0344026	-0.00055977
11260	2.252	-0.0868997	0.0311175	-0.000549803
11265	2.253	-0.0869043	0.0278122	-0.000539826
11270	2.254	-0.0869088	0.0244876	-0.000529833
11275	2.255	-0.0869132	0.0211447	-0.000519832
11280	2.256	-0.0869176	0.0177844	-0.000509827
11285	2.257	-0.0869219	0.0144076	-0.000499815
11290	2.258	-0.0869261	0.0110153	-0.000489793
11295	2.259	-0.0869303	0.00760846	-0.000479754
11300	2.26	-0.0869344	0.00418794	-0.000469707
11305	2.261	-0.0869384	0.000754754	-0.000459661
11310	2.262	-0.0869425	-0.00269016	-0.000449613
11315	2.263	-0.0869464	-0.00614583	-0.000439563
11320	2.264	-0.0869504	-0.0096113	-0.000429511
11325	2.265	-0.0869543	-0.0130856	-0.000419454
11330	2.266	-0.0869581	-0.0165678	-0.000409399
11335	2.267	-0.086962	-0.0200568	-0.000399352
11340	2.268	-0.0869658	-0.0235518	-0.00038931
11345	2.269	-0.0869695	-0.0270517	-0.000379276
11350	2.27	-0.0869733	-0.0305556	-0.000369248
11355	2.271	-0.086977	-0.0340625	-0.000359216
11360	2.272	-0.0869807	-0.0375715	-0.000349197
11365	2.273	-0.0869844	-0.0410815	-0.000339196
11370	2.274	-0.086988	-0.0445916	-0.000329212
11375	2.275	-0.0869917	-0.0481008	-0.000319244
11380	2.276	-0.0869953	-0.0516082	-0.000309298
11385	2.277	-0.0869989	-0.0551127	-0.000299369
11390	2.278	-0.0870024	-0.0586134	-0.000289461
11395	2.279	-0.087006	-0.0621094	-0.00027957
11400	2.28	-0.0870095	-0.0655997	-0.000269699
11405	2.281	-0.0870131	-0.0690833	-0.000259854
11410	2.282	-0.0870166	-0.0725593	-0.00025005
11415	2.283	-0.0870201	-0.0760266	-0.000240275
11420	2.284	-0.0870236	-0.0794844	-0.000230529
11425	2.285	-0.0870271	-0.0829318	-0.000220817
11430	2.286	-0.0870306	-0.0863677	-0.00021114
11435	2.287	-0.0870341	-0.0897913	-0.000201511
11440	2.288	-0.0870375	-0.0932015	-0.000191928
11445	2.289	-0.087041	-0.0965976	-0.000182383
11450	2.29	-0.0870444	-0.0999785	-0.000172882
11455	2.291	-0.0870479	-0.103343	-0.000163429
11460	2.292	-0.0870513	-0.106691	-0.000154026
11465	2.293	-0.0870548	-0.110021	-0.000144681
11470	2.294	-0.0870582	-0.113332	-0.000135386
11475	2.295	-0.0870616	-0.116624	-0.000126146
11480	2.296	-0.0870651	-0.119895	-0.000116957
11485	2.297	-0.0870685	-0.123145	-0.000107829
11490	2.298	-0.0870719	-0.126372	-9.87836e-005
11495	2.299	-0.0870753	-0.129576	-8.98064e-005
11500	2.3	-0.0870787	-0.132757	-8.08857e-005
11505	2.301	-0.0870821	-0.135912	-7.20312e-005
11510	2.302	-0.0870856	-0.139042	-6.32482e-005
11515	2.303	-0.0870889	-0.142145	-5.45506e-005
11520	2.304	-0.0870924	-0.145221	-4.59409e-005
11525	2.305	-0.0870957	-0.14827	-3.91634e-005
11530	2.306	-0.087099	-0.151292	-3.58344e-005
11535	2.307	-0.0871021	-0.154288	-3.50154e-005
11540	2.308	-0.0871051	-0.157256	-3.49629e-005
11545	2.309	-0.0871081	-0.160196	-3.44632e-005
11550	2.31	-0.0871112	-0.163108	-3.31611e-005
11555	2.311	-0.0871144	-0.165992	-3.12946e-005
11560	2.312	-0.0871176	-0.168848	-2.92471e-005
11565	2.313	-0.0871208	-0.171676	-2.72736e-005
11570	2.314	-0.0871241	-0.174477	-2.54042e-005
11575	2.315	-0.0871276	-0.177249	-2.35404e-005
11580	2.316	-0.0871313	-0.179994	-2.15437e-005
11585	2.317	-0.0871352	-0.182711	-1.93137e-005
11590	2.318	-0.0871396	-0.185399	-1.68112e-005
11595	2.319	-0.0871443	-0.188059	-1.40132e-005
11600	2.32	-0.0871494	-0.190691	-1.09273e-005
11605	2.321	-0.087155	-0.193295	-7.55084e-006
11610	2.322	-0.0871611	-0.19587	-3.86421e-006
11615	2.323	-0.0871677	-0.198416	3.15425e-007
11620	2.324	-0.0871745	-0.200933	9.58742e-006
11625	2.325	-0.0871817	-0.203416	2.8865e-005
11630	2.326	-0.0871893	-0.205866	6.34135e-005
11635	2.327	-0.0871975	-0.208279	0.00011881
11640	2.328	-0.087206	-0.210654	0.000200957
11645	2.329	-0.0872149	-0.212987	0.000315998
11650	2.33	-0.0872242	-0.215277	0.00047037
11655	2.331	-0.0872338	-0.217521	0.000670754
11660	2.332	-0.0872437	-0.219716	0.000924028
11665	2.333	-0.0872539	-0.221859	0.00123728
11670	2.334	-0.0872642	-0.223947	0.00161778
11675	2.335	-0.0874414	-0.22598	0.00206128
11680	2.336	-0.0879631	-0.227955	0.00256288
11685	2.337	-0.0889115	-0.229872	0.00312402
11690	2.338	-0.0902819	-0.231726	0.00375211
11695	2.339	-0.0920154	-0.233514	0.00445855
11700	2.34	-0.0940289	-0.235232	0.00525672
11705	2.341	-0.0962469	-0.236875	0.00615986
11710	2.342	-0.0986034	-0.238441	0.0071806
11715	2.343	-0.101032	-0.239923	0.00833136
11720	2.344	-0.103492	-0.24132	0.00962259
11725	2.345	-0.105968	-0.242627	0.0110628
11730	2.346	-0.108463	-0.243841	0.012659
11735	2.347	-0.110988	-0.244959	0.0144169
11740	2.348	-0.113549	-0.245978	0.0163422
11745	2.349	-0.11615	-0.246896	0.0184401
11750	2.35	-0.11879	-0.247711	0.0207158
11755	2.351	-0.121471	-0.248418	0.0231736
11760	2.352	-0.124198	-0.249018	0.0258172
11765	2.353	-0.12698	-0.249507	0.0286495
11770	2.354	-0.129825	-0.249883	0.0316729
11775	2.355	-0.132743	-0.250145	0.0348892
11780	2.356	-0.135748	-0.250292	0.0382993
11785	2.357	-0.138845	-0.25032	0.0419115
11790	2.358	-0.142042	-0.250223	0.0457366
11795	2.359	-0.145352	-0.249997	0.0497871
11800	2.36	-0.148791	-0.249635	0.0540773
11805	2.361	-0.152377	-0.24913	0.0586232
11810	2.362	-0.156129	-0.248476	0.0634428
11815	2.363	-0.16006	-0.247664	0.068555
11820	2.364	-0.164176	-0.246686	0.0739799
11825	2.365	-0.168481	-0.245535	0.079738
11830	2.366	-0.17297	-0.244202	0.0858491
11835	2.367	-0.177635	-0.242681	0.0923321
11840	2.368	-0.182473	-0.240966	0.0992041
11845	2.369	-0.187469	-0.23905	0.10648
11850	2.37	-0.192602	-0.236929	0.114174
11855	2.371	-0.197855	-0.2346	0.122295
11860	2.372	-0.203216	-0.23206	0.13085
11865	2.373	-0.208677	-0.229308	0.139843
11870	2.374	-0.214235	-0.226345	0.149272
11875	2.375	-0.219892	-0.223171	0.159135
11880	2.376	-0.225643	-0.219789	0.169425
11885	2.377	-0.231487	-0.216202	0.180132
11890	2.378	-0.237418	-0.212417	0.191244
11895	2.379	-0.24343	-0.208437	0.202746
11900	2.38	-0.249515	-0.20427	0.21462
11905	2.381	-0.255665	-0.199924	0.226846
11910	2.382	-0.261871	-0.195407	0.239402
11915	2.383	-0.268123	-0.190727	0.252266
11920	2.384	-0.274415	-0.185896	0.26541
11925	2.385	-0.280738	-0.180922	0.278809
11930	2.386	-0.287086	-0.175816	0.292433
11935	2.387	-0.293451	-0.17059	0.306255
11940	2.388	-0.299826	-0.165255	0.320245
11945	2.389	-0.306203	-0.159823	0.334369
11950	2.39	-0.312577	-0.15431	0.348589
11955	2.391	-0.318937	-0.148732	0.362868
11960	2.392	-0.325276	-0.143101	0.377169
11965	2.393	-0.331584	-0.137434	0.391457
11970	2.394	-0.337852	-0.131743	0.405699
11975	2.395	-0.344072	-0.12604	0.419863
11980	2.396	-0.350241	-0.120338	0.433918
11985	2.397	-0.349353	-0.114656	0.448239
11990	2.398	-0.34914	-0.108998	0.462367
11995	2.399	-0.349191	-0.103376	0.476296
12000	2.4	-0.349226	-0.0977958	0.490014
12005	2.401	-0.349251	-0.0922676	0.503498
12010	2.402	-0.349271	-0.0867982	0.516726
12015	2.403	-0.349287	-0.081394	0.529678
12020	2.404	-0.3493	-0.0760608	0.542338
12025	2.405	-0.34931	-0.0707988	0.554703
12030	2.406	-0.349318	-0.0656053	0.566781
12035	2.407	-0.349324	-0.0604775	0.57858
12040	2.408	-0.34933	-0.0554123	0.590109
12045	2.409	-0.349335	-0.0504068	0.601375
12050	2.41	-0.349339	-0.0454579	0.612387
12055	2.411	-0.349341	-0.0405623	0.623154
12060	2.412	-0.349342	-0.0357169	0.633685
12065	2.413	-0.349342	-0.0309183	0.643989
12070	2.414	-0.349342	-0.0261633	0.654072
12075	2.415	-0.349341	-0.0214487	0.663944
12080	2.416	-0.34934	-0.0167715	0.673612
12085	2.417	-0.349338	-0.0121287	0.683083
12090	2.418	-0.349336	-0.0075175	0.692365
12095	2.419	-0.349335	-0.00293512	0.701465
12100	2.42	-0.349332	0.00162102	0.710389
12105	2.421	-0.34933	0.0061534	0.719144
12110	2.422	-0.349328	0.0106644	0.727735
12115	2.423	-0.349326	0.0151562	0.736168
12120	2.424	-0.349323	0.0196309	0.744448
12125	2.425	-0.349321	0.0240905	0.75258
12130	2.426	-0.349318	0.0285369	0.76057
12135	2.427	-0.349315	0.0329718	0.76842
12140	2.428	-0.349313	0.0373969	0.776137
12145	2.429	-0.34931	0.0418136	0.783722
12150	2.43	-0.349308	0.0462233	0.791181
12155	2.431	-0.349305	0.0506274	0.798515
12160	2.432	-0.349302	0.055027	0.805729
12165	2.433	-0.3493	0.0594233	0.812826
12170	2.434	-0.349297	0.0638172	0.819807
12175	2.435	-0.349294	0.0682098	0.826676
12180	2.436	-0.349292	0.0726018	0.833435
12185	2.437	-0.349289	0.0769939	0.840085
12190	2.438	-0.349287	0.0813869	0.846629
12195	2.439	-0.349284	0.0857813	0.853069
12200	2.44	-0.349282	0.0901776	0.859407
12205	2.441	-0.349279	0.0945764	0.865642
12210	2.442	-0.349277	0.098978	0.871778
12215	2.443	-0.349274	0.103383	0.877815
12220	2.444	-0.349272	0.107791	0.883755
12225	2.445	-0.34927	0.112203	0.889597
12230	2.446	-0.349267	0.116618	0.895344
12235	2.447	-0.349265	0.121038	0.900996
12240	2.448	-0.349263	0.125461	0.906554
12245	2.449	-0.349261	0.129889	0.912017
12250	2.45	-0.349259	0.13432	0.917387
12255	2.451	-0.349257	0.138756	0.922665
12260	2.452	-0.349255	0.143195	0.92785
12265	2.453	-0.349253	0.147638	0.932942
12270	2.454	-0.349251	0.152084	0.937943
12275	2.455	-0.349249	0.156534	0.942851
12280	2.456	-0.349247	0.160987	0.947668
12285	2.457	-0.349245	0.165443	0.952393
12290	2.458	-0.349243	0.169901	0.957026
12295	2.459	-0.349241	0.174361	0.961568
12300	2.46	-0.349239	0.178823	0.966017
12305	2.461	-0.349238	0.183287	0.970375
12310	2.462	-0.349236	0.187751	0.97464
12315	2.463	-0.349234	0.192216	0.978813
12320	2.464	-0.349233	0.196682	0.982893
12325	2.465	-0.349231	0.201147	0.98688
12330	2.466	-0.34923	0.205612	0.990774
12335	2.467	-0.349228	0.210075	0.994575
12340	2.468	-0.349227	0.214536	0.998281
12345	2.469	-0.349225	0.218996	1.00189
12350	2.47	-0.349224	0.223452	1.00541
12355	2.471	-0.349222	0.227905	1.00883
12360	2.472	-0.349221	0.232355	1.01216
12365	2.473	-0.34922	0.236799	1.01539
12370	2.474	-0.349218	0.241239	1.01853
12375	2.475	-0.349217	0.245673	1.02157
12380	2.476	-0.349216	0.250101	1.02451
12385	2.477	-0.349214	0.254521	1.02735
12390	2.478	-0.349213	0.258935	1.0301
12395	2.479	-0.349212	0.26334	1.03274
12400	2.48	-0.349211	0.267736	1.03529
12405	2.481	-0.34921	0.272122	1.03774
12410	2.482	-0.349209	0.276499	1.04009
12415	2.483	-0.349208	0.280865	1.04233
12420	2.484	-0.349206	0.285219	1.04448
12425	2.485	-0.349205	0.289561	1.04652
12430	2.486	-0.349204	0.29389	1.04846
12435	2.487	-0.34929	0.297891	1.04932
12440	2.488	-0.349288	0.301583	1.04918
12445	2.489	-0.349253	0.305082	1.04839
12450	2.49	-0.34921	0.308534	1.04741
12455	2.491	-0.349199	0.311971	1.04633
12460	2.492	-0.349198	0.315393	1.04516
12465	2.493	-0.349198	0.3188	1.04389
12470	2.494	-0.349198	0.322194	1.04254
12475	2.495	-0.349197	0.325574	1.04109
12480	2.496	-0.349196	0.32894	1.03956
12485	2.497	-0.349195	0.332292	1.03794
12490	2.498	-0.349195	0.335631	1.03623
12495	2.499	-0.349194	0.338957	1.03443
12500	2.5	-0.349193	0.342268	1.03255
12505	2.501	-0.349192	0.345566	1.03058
12510	2.502	-0.349191	0.348849	1.02852
12515	2.503	-0.34919	0.352118	1.02638
12520	2.504	-0.34919	0.355372	1.02415
12525	2.505	-0.349189	0.35861	1.02184
12530	2.506	-0.349188	0.361833	1.01943
12535	2.507	-0.349187	0.36504	1.01694
12540	2.508	-0.349187	0.368231	1.01437
12545	2.509	-0.349186	0.371404	1.0117
12550	2.51	-0.349185	0.374559	1.00895
12555	2.511	-0.349184	0.377697	1.0061
12560	2.512	-0.349184	0.380815	1.00317
12565	2.513	-0.349183	0.383914	1.00015
12570	2.514	-0.349182	0.386993	0.99704
12575	2.515	-0.349182	0.390052	0.993838
12580	2.516	-0.349181	0.393089	0.990545
12585	2.517	-0.34918	0.396105	0.98716
12590	2.518	-0.349179	0.399098	0.983683
12595	2.519	-0.349179	0.402069	0.980113
12600	2.52	-0.343253	0.401589	0.971483
12605	2.521	-0.340857	0.40112	0.962602
12610	2.522	-0.34175	0.400669	0.953497
12615	2.523	-0.345533	0.400253	0.944245
12620	2.524	-0.35109	0.399882	0.934949
12625	2.525	-0.349384	0.39948	0.926058
12630	2.526	-0.349098	0.399141	0.917226
12635	2.527	-0.349142	0.398872	0.908544
12640	2.528	-0.349157	0.398683	0.900062
12645	2.529	-0.349156	0.398585	0.891813
12650	2.53	-0.349154	0.398592	0.883823
12655	2.531	-0.349149	0.398712	0.876116
12660	2.532	-0.349147	0.398954	0.868711
12665	2.533	-0.349144	0.399326	0.861625
12670	2.534	-0.349142	0.399831	0.854868
12675	2.535	-0.34914	0.400475	0.848448
12680	2.536	-0.349139	0.401259	0.842369
12685	2.537	-0.349138	0.402184	0.836633
12690	2.538	-0.347463	0.401504	0.828393
12695	2.539	-0.347796	0.400978	0.82039
12700	2.54	-0.34973	0.400614	0.812667
12705	2.541	-0.349208	0.400382	0.805427
12710	2.542	-0.349111	0.400312	0.798553
12715	2.543	-0.349125	0.400403	0.792068
12720	2.544	-0.34913	0.400656	0.785982
12725	2.545	-0.349131	0.401073	0.780296
12730	2.546	-0.349131	0.401653	0.775004
12735	2.547	-0.349067	0.401466	0.768494
12740	2.548	-0.349117	0.401426	0.762333
12745	2.549	-0.349115	0.401431	0.756356
12750	2.55	-0.349109	0.401433	0.750474
12755	2.551	-0.349107	0.401433	0.744686
12760	2.552	-0.349107	0.401433	0.738993
12765	2.553	-0.349106	0.401433	0.733393
12770	2.554	-0.349105	0.401432	0.727882
12775	2.555	-0.349103	0.401432	0.722459
12780	2.556	-0.349101	0.401432	0.717118
12785	2.557	-0.3491	0.401432	0.711856
12790	2.558	-0.349098	0.401432	0.706671
12795	2.559	-0.349096	0.401432	0.701558
12800	2.56	-0.349094	0.401432	0.696514
12805	2.561	-0.349092	0.401432	0.691534
12810	2.562	-0.34909	0.401431	0.686615
12815	2.563	-0.349088	0.401431	0.681753
12820	2.564	-0.349085	0.401431	0.676945
12825	2.565	-0.349083	0.401431	0.672187
12830	2.566	-0.34908	0.40143	0.667475
12835	2.567	-0.349076	0.40143	0.662806
12840	2.568	-0.349072	0.40143	0.658177
12845	2.569	-0.349068	0.401429	0.653583
12850	2.57	-0.348967	0.401429	0.649029
12855	2.571	-0.348647	0.401428	0.644518
12860	2.572	-0.348009	0.401428	0.640052
12865	2.573	-0.346989	0.401427	0.635634
12870	2.574	-0.345534	0.401427	0.631264
12875	2.575	-0.343596	0.401426	0.626941
12880	2.576	-0.341099	0.401415	0.622646
12885	2.577	-0.337692	0.401391	0.618473
12890	2.578	-0.333098	0.401324	0.614311
12895	2.579	-0.327559	0.401192	0.610082
12900	2.58	-0.32109	0.400976	0.605745
12905	2.581	-0.313653	0.400655	0.60126
12910	2.582	-0.305136	0.40021	0.596594
12915	2.583	-0.295395	0.399624	0.591713
12920	2.584	-0.284299	0.398877	0.586585
12925	2.585	-0.271785	0.397954	0.581174
12930	2.586	-0.257878	0.39684	0.575445
12935	2.587	-0.242692	0.395522	0.569357
12940	2.588	-0.226375	0.393988	0.562874
12945	2.589	-0.209125	0.392231	0.555959
12950	2.59	-0.19126	0.390243	0.548576
12955	2.591	-0.173053	0.388019	0.540696
12960	2.592	-0.154701	0.385555	0.532296
12965	2.593	-0.136327	0.382849	0.523365
12970	2.594	-0.117989	0.379901	0.513896
12975	2.595	-0.0997085	0.376709	0.503888
12980	2.596	-0.0814889	0.373277	0.493346
12985	2.597	-0.0862033	0.369767	0.481511
12990	2.598	-0.0870638	0.366022	0.469371
12995	2.599	-0.0868562	0.362059	0.456849
13000	2.6	-0.0867144	0.357888	0.44392
13005	2.601	-0.08664	0.353515	0.430597
13010	2.602	-0.08658	0.348945	0.416899
13015	2.603	-0.0865273	0.344184	0.402844
13020	2.604	-0.0864824	0.33924	0.388454
13025	2.605	-0.0864427	0.334122	0.373752
13030	2.606	-0.0864067	0.328838	0.35876
13035	2.607	-0.0863743	0.3234	0.343503
13040	2.608	-0.0863449	0.317816	0.328003
13045	2.609	-0.0863192	0.312096	0.312284
13050	2.61	-0.0863006	0.306251	0.296367
13055	2.611	-0.0862857	0.300289	0.280274
13060	2.612	-0.0862741	0.29422	0.264028
13065	2.613	-0.0862655	0.288053	0.247648
13070	2.614	-0.0862596	0.281797	0.231155
13075	2.615	-0.086256	0.275461	0.21457
13080	2.616	-0.0862544	0.269052	0.19791
13085	2.617	-0.0862553	0.26258	0.181194
13090	2.618	-0.0862563	0.256053	0.16444
13095	2.619	-0.0862584	0.249477	0.147664
13100	2.62	-0.0862616	0.242861	0.130882
13105	2.621	-0.0862657	0.236211	0.114109
13110	2.622	-0.0862707	0.229535	0.0973587
13115	2.623	-0.0862765	0.222839	0.0806455
13120	2.624	-0.0862829	0.216129	0.063982
13125	2.625	-0.08629	0.209411	0.0473803
13130	2.626	-0.0862977	0.202691	0.030852
13135	2.627	-0.0863058	0.195975	0.0144078
13140	2.628	-0.0863146	0.189268	-0.001942
13145	2.629	-0.0857348	0.185881	-0.00890299
13150	2.63	-0.0857258	0.185371	-0.00776555
13155	2.631	-0.0860525	0.186035	-0.00328624
13160	2.632	-0.0863263	0.186598	0.000993798
13165	2.633	-0.0863658	0.187008	0.00494247
13170	2.634	-0.0863789	0.187212	0.00841888
13175	2.635	-0.0863992	0.18717	0.0113138
13180	2.636	-0.0864191	0.186849	0.0135394
13185	2.637	-0.0864369	0.18622	0.0150241
13190	2.638	-0.0864527	0.185262	0.0157124
13195	2.639	-0.0864673	0.183959	0.015563
13200	2.64	-0.0864808	0.1823	0.0145484
13205	2.641	-0.0864928	0.18028	0.0126529
13210	2.642	-0.0865052	0.177896	0.00987209
13215	2.643	-0.0865183	0.175151	0.00621218
13220	2.644	-0.0865311	0.17205	0.00168838
13225	2.645	-0.0865436	0.168602	-0.00367614
13230	2.646	-0.0862346	0.166611	-0.00482191
13235	2.647	-0.0863079	0.165519	-0.00333624
13240	2.648	-0.0864725	0.164573	-0.00132021
13245	2.649	-0.0865842	0.163301	-8.25522e-005
13250	2.65	-0.0866056	0.161663	0.000267238
13255	2.651	-0.0866172	0.159653	-0.00028988
13260	2.652	-0.0865737	0.157589	-0.000860066
13265	2.653	-0.0865612	0.155579	-0.00114809
13270	2.654	-0.0865723	0.153624	-0.00115009
13275	2.655	-0.0865919	0.151671	-0.0010107
13280	2.656	-0.0866132	0.14967	-0.000873227
13285	2.657	-0.086629	0.147597	-0.000806632
13290	2.658	-0.0866392	0.145451	-0.000808129
13295	2.659	-0.0866469	0.143248	-0.000840902
13300	2.66	-0.0866547	0.140999	-0.000870321
13305	2.661	-0.0866635	0.138711	-0.000880669
13310	2.662	-0.0866733	0.136382	-0.000873687
13315	2.663	-0.0866834	0.134011	-0.00085885
13320	2.664	-0.0866933	0.131595	-0.000844604
13325	2.665	-0.0867026	0.129132	-0.00083458
13330	2.666	-0.0867115	0.126624	-0.000828184
13335	2.667	-0.0867202	0.124072	-0.000823067
13340	2.668	-0.0867286	0.121477	-0.000817247
13345	2.669	-0.0867369	0.11884	-0.000809957
13350	2.67	-0.0867451	0.116162	-0.000801448
13355	2.671	-0.0867531	0.113443	-0.000792317
13360	2.672	-0.0867609	0.110683	-0.000782864
13365	2.673	-0.0867686	0.107883	-0.000773337
13370	2.674	-0.086776	0.105045	-0.000763826
13375	2.675	-0.0867833	0.102167	-0.000754302
13380	2.676	-0.0867904	0.0992524	-0.000744717
13385	2.677	-0.0867973	0.0963005	-0.00073503
13390	2.678	-0.0868041	0.0933125	-0.000725215
13395	2.679	-0.0868107	0.0902891	-0.000715304
13400	2.68	-0.0868172	0.0872311	-0.000705312
13405	2.681	-0.0868235	0.0841393	-0.000695267
13410	2.682	-0.0868297	0.0810145	-0.000685183
13415	2.683	-0.0868358	0.0778577	-0.000675058
13420	2.684	-0.0868417	0.0746696	-0.000664887
13425	2.685	-0.0868475	0.0714511	-0.000654673
13430	2.686	-0.0868532	0.0682031	-0.000644427
13435	2.687	-0.0868587	0.0649265	-0.000634146
13440	2.688	-0.0868642	0.0616221	-0.000623841
13445	2.689	-0.0868695	0.058291	-0.00061352
13450	2.69	-0.0868747	0.0549339	-0.000603177
13455	2.691	-0.0868798	0.0515519	-0.000592815
13460	2.692	-0.0868848	0.0481458	-0.000582439
13465	2.693	-0.0868897	0.0447166	-0.000572052
13470	2.694	-0.0868945	0.0412652	-0.000561661
13475	2.695	-0.0868992	0.0377927	-0.000551253
13480	2.696	-0.0869039	0.0342999	-0.000540846
13485	2.697	-0.0869084	0.0307878	-0.000530431
13490	2.698	-0.0869129	0.0272575	-0.000520021
13495	2.699	-0.0869173	0.0237098	-0.000509608
13500	2.7	-0.0869216	0.0201458	-0.00049918
13505	2.701	-0.0869258	0.0165664	-0.000488754
13510	2.702	-0.08693	0.0129727	-0.000478332
13515	2.703	-0.0869342	0.00936565	-0.000467903
13520	2.704	-0.0869383	0.0057462	-0.00045748
13525	2.705	-0.0869423	0.0021154	-0.000447058
13530	2.706	-0.0869463	-0.00152577	-0.000436642
13535	2.707	-0.0869503	-0.00517628	-0.000426222
13540	2.708	-0.0869542	-0.00883514	-0.000415814
13545	2.709	-0.0869581	-0.0125013	-0.000405401
13550	2.71	-0.0869619	-0.0161738	-0.000394992
13555	2.711	-0.0869658	-0.0198517	-0.00038459
13560	2.712	-0.0869696	-0.0235338	-0.00037421
13565	2.713	-0.0869733	-0.0272192	-0.000363838
13570	2.714	-0.0869771	-0.0309068	-0.000353469
13575	2.715	-0.0869808	-0.0345958	-0.000343119
13580	2.716	-0.0869845	-0.0382849	-0.000332784
13585	2.717	-0.0869881	-0.0419733	-0.000322469
13590	2.718	-0.0869918	-0.0456599	-0.000312162
13595	2.719	-0.0869954	-0.0493437	-0.000301877
13600	2.72	-0.086999	-0.0530238	-0.000291617
13605	2.721	-0.0870026	-0.056699	-0.000281387
13610	2.722	-0.0870062	-0.0603684	-0.000271178
13615	2.723	-0.0870097	-0.064031	-0.000260995
13620	2.724	-0.0870133	-0.0676858	-0.000250839
13625	2.725	-0.0870168	-0.0713318	-0.00024072
13630	2.726	-0.0870203	-0.074968	-0.000230632
13635	2.727	-0.0870238	-0.0785934	-0.000220579
13640	2.728	-0.0870273	-0.0822071	-0.000210564
13645	2.729	-0.0870308	-0.085808	-0.000200575
13650	2.73	-0.0870343	-0.0893952	-0.000190638
13655	2.731	-0.0870378	-0.0929677	-0.000180748
13660	2.732	-0.0870413	-0.0965246	-0.000170906
13665	2.733	-0.0870447	-0.100065	-0.000161108
13670	2.734	-0.0870482	-0.103588	-0.00015136
13675	2.735	-0.0870516	-0.107092	-0.000141663
13680	2.736	-0.087055	-0.110577	-0.000132023
13685	2.737	-0.0870585	-0.114041	-0.000122443
13690	2.738	-0.0870619	-0.117485	-0.000112916
13695	2.739	-0.0870654	-0.120906	-0.000103459
13700	2.74	-0.0870688	-0.124303	-9.40653e-005
13705	2.741	-0.0870722	-0.127677	-8.475e-005
13710	2.742	-0.0870756	-0.131026	-7.54908e-005
13715	2.743	-0.087079	-0.13435	-6.63057e-005
13720	2.744	-0.0870824	-0.137646	-5.7193e-005
13725	2.745	-0.0870858	-0.140915	-4.81593e-005
13730	2.746	-0.0870893	-0.144156	-3.92067e-005
13735	2.747	-0.0870926	-0.14737	-3.3398e-005
13740	2.748	-0.0870958	-0.150556	-3.11861e-005
13745	2.749	-0.0870988	-0.153714	-3.09803e-005
13750	2.75	-0.0871018	-0.156844	-3.09934e-005
13755	2.751	-0.0871048	-0.159944	-3.02544e-005
13760	2.752	-0.087108	-0.163016	-2.86949e-005
13765	2.753	-0.0871111	-0.16606	-2.67159e-005
13770	2.754	-0.0871143	-0.169074	-2.47321e-005
13775	2.755	-0.0871175	-0.17206	-2.29302e-005
13780	2.756	-0.0871207	-0.175017	-2.12903e-005
13785	2.757	-0.0871239	-0.177946	-1.96724e-005
13790	2.758	-0.0871273	-0.180846	-1.79279e-005
13795	2.759	-0.0871309	-0.183718	-1.5971e-005
13800	2.76	-0.0871348	-0.18656	-1.37754e-005
13805	2.761	-0.087139	-0.189374	-1.13407e-005
13810	2.762	-0.0871436	-0.192158	-8.65406e-006
13815	2.763	-0.0871487	-0.194914	-5.70479e-006
13820	2.764	-0.0871542	-0.19764	-2.46491e-006
13825	2.765	-0.0871601	-0.200337	2.23474e-006
13830	2.766	-0.0871662	-0.203003	1.24763e-005
13835	2.767	-0.0871729	-0.205636	3.26451e-005
13840	2.768	-0.08718	-0.208234	6.74676e-005
13845	2.769	-0.0871876	-0.210796	0.000121974
13850	2.77	-0.0871956	-0.213319	0.000201493
13855	2.771	-0.087204	-0.215802	0.000311677
13860	2.772	-0.0872129	-0.218241	0.000458379
13865	2.773	-0.0872221	-0.220635	0.000647773
13870	2.774	-0.0872316	-0.222981	0.000886231
13875	2.775	-0.0872415	-0.225276	0.00118035
13880	2.776	-0.0872516	-0.227518	0.00153691
13885	2.777	-0.0872619	-0.229705	0.00196286
13890	2.778	-0.0873884	-0.231834	0.00245717
13895	2.779	-0.0878256	-0.233904	0.00301356
13900	2.78	-0.088679	-0.235913	0.00363164
13905	2.781	-0.0899607	-0.23786	0.00431736
13910	2.782	-0.0916212	-0.23974	0.0050811
13915	2.783	-0.0935812	-0.24155	0.00593559
13920	2.784	-0.0957562	-0.243284	0.00689426
13925	2.785	-0.0980904	-0.244941	0.00796895
13930	2.786	-0.100512	-0.246514	0.00917214
13935	2.787	-0.102973	-0.248002	0.0105145
13940	2.788	-0.105453	-0.249399	0.0120048
13945	2.789	-0.10795	-0.250704	0.0136499
13950	2.79	-0.110475	-0.251913	0.0154558
13955	2.791	-0.113034	-0.253024	0.0174278
13960	2.792	-0.115632	-0.254033	0.0195709
13965	2.793	-0.118273	-0.254939	0.02189
13970	2.794	-0.120949	-0.255739	0.0243897
13975	2.795	-0.123669	-0.256431	0.0270735
13980	2.796	-0.126442	-0.257012	0.0299442
13985	2.797	-0.129276	-0.257482	0.0330041
13990	2.798	-0.132182	-0.257838	0.0362548
13995	2.799	-0.135173	-0.25808	0.0396974
14000	2.8	-0.13826	-0.258204	0.0433351
14005	2.801	-0.141449	-0.258207	0.0471783
14010	2.802	-0.144746	-0.258083	0.0512392
14015	2.803	-0.148168	-0.257826	0.0555315
14020	2.804	-0.151731	-0.257429	0.0600711
14025	2.805	-0.155452	-0.256886	0.0648754
14030	2.806	-0.159348	-0.256188	0.0699632
14035	2.807	-0.163426	-0.255328	0.0753544
14040	2.808	-0.167692	-0.254298	0.0810695
14045	2.809	-0.172142	-0.253089	0.0871286
14050	2.81	-0.17677	-0.251696	0.0935511
14055	2.811	-0.181573	-0.25011	0.100354
14060	2.812	-0.186537	-0.248326	0.107555
14065	2.813	-0.191646	-0.24634	0.115166
14070	2.814	-0.196878	-0.244147	0.123198
14075	2.815	-0.202221	-0.241745	0.13166
14080	2.816	-0.207664	-0.239131	0.140556
14085	2.817	-0.213205	-0.236307	0.149886
14090	2.818	-0.218842	-0.233273	0.159648
14095	2.819	-0.224574	-0.230031	0.169836
14100	2.82	-0.230398	-0.226585	0.180441
14105	2.821	-0.236311	-0.222938	0.191452
14110	2.822	-0.242306	-0.219096	0.202855
14115	2.823	-0.248376	-0.215067	0.214632
14120	2.824	-0.254512	-0.210856	0.226765
14125	2.825	-0.260706	-0.206473	0.239232
14130	2.826	-0.266949	-0.201925	0.25201
14135	2.827	-0.273233	-0.197223	0.265075
14140	2.828	-0.27955	-0.192377	0.278399
14145	2.829	-0.285893	-0.187396	0.291955
14150	2.83	-0.292254	-0.182293	0.305715
14155	2.831	-0.298627	-0.177077	0.319649
14160	2.832	-0.305003	-0.171761	0.333728
14165	2.833	-0.311376	-0.166356	0.347918
14170	2.834	-0.31774	-0.160879	0.362182
14175	2.835	-0.324087	-0.155343	0.376484
14180	2.836	-0.330407	-0.149763	0.390786
14185	2.837	-0.33669	-0.144153	0.405056
14190	2.838	-0.342929	-0.138526	0.41926
14195	2.839	-0.34912	-0.132894	0.433368
14200	2.84	-0.34931	-0.127275	0.447692
14205	2.841	-0.349166	-0.121677	0.461888
14210	2.842	-0.349189	-0.116109	0.475902
14215	2.843	-0.34922	-0.11058	0.489712
14220	2.844	-0.349247	-0.105098	0.503296
14225	2.845	-0.349268	-0.0996721	0.516631
14230	2.846	-0.349284	-0.0943079	0.529697
14235	2.847	-0.349298	-0.0890117	0.542476
14240	2.848	-0.349308	-0.0837841	0.554965
14245	2.849	-0.349317	-0.0786223	0.567172
14250	2.85	-0.349324	-0.0735237	0.579104
14255	2.851	-0.349329	-0.0684854	0.590769
14260	2.852	-0.349334	-0.0635043	0.602176
14265	2.853	-0.349339	-0.0585777	0.613332
14270	2.854	-0.349341	-0.0537024	0.624247
14275	2.855	-0.349342	-0.0488752	0.634929
14280	2.856	-0.349342	-0.044093	0.645385
14285	2.857	-0.349342	-0.0393525	0.655625
14290	2.858	-0.349341	-0.0346506	0.665655
14295	2.859	-0.34934	-0.0299844	0.675484
14300	2.86	-0.349339	-0.0253509	0.685119
14305	2.861	-0.349337	-0.0207473	0.694567
14310	2.862	-0.349335	-0.0161709	0.703834
14315	2.863	-0.349333	-0.0116192	0.712928
14320	2.864	-0.349331	-0.00708969	0.721855
14325	2.865	-0.349329	-0.00258002	0.730619
14330	2.866	-0.349327	0.001912	0.739228
14335	2.867	-0.349324	0.00638845	0.747686
14340	2.868	-0.349322	0.0108513	0.755997
14345	2.869	-0.349319	0.0153024	0.764168
14350	2.87	-0.349317	0.0197435	0.772201
14355	2.871	-0.349314	0.0241761	0.780102
14360	2.872	-0.349311	0.0286018	0.787873
14365	2.873	-0.349309	0.033022	0.795519
14370	2.874	-0.349306	0.037438	0.803043
14375	2.875	-0.349303	0.041851	0.810448
14380	2.876	-0.349301	0.046262	0.817737
14385	2.877	-0.349298	0.0506721	0.824912
14390	2.878	-0.349295	0.0550822	0.831976
14395	2.879	-0.349293	0.0594932	0.838932
14400	2.88	-0.34929	0.0639057	0.84578
14405	2.881	-0.349288	0.0683204	0.852524
14410	2.882	-0.349285	0.072738	0.859165
14415	2.883	-0.349283	0.0771589	0.865704
14420	2.884	-0.34928	0.0815837	0.872144
14425	2.885	-0.349278	0.0860127	0.878485
14430	2.886	-0.349275	0.0904462	0.884729
14435	2.887	-0.349273	0.0948845	0.890876
14440	2.888	-0.349271	0.0993279	0.896928
14445	2.889	-0.349268	0.103776	0.902885
14450	2.89	-0.349266	0.10823	0.908749
14455	2.891	-0.349264	0.11269	0.914519
14460	2.892	-0.349262	0.117154	0.920197
14465	2.893	-0.349259	0.121625	0.925783
14470	2.894	-0.349257	0.1261	0.931277
14475	2.895	-0.349255	0.130581	0.93668
14480	2.896	-0.349253	0.135067	0.941992
14485	2.897	-0.349251	0.139557	0.947214
14490	2.898	-0.349249	0.144053	0.952344
14495	2.899	-0.349247	0.148553	0.957384
14500	2.9	-0.349245	0.153057	0.962334
14505	2.901	-0.349244	0.157565	0.967193
14510	2.902	-0.349242	0.162077	0.971962
14515	2.903	-0.34924	0.166592	0.976639
14520	2.904	-0.349238	0.17111	0.981227
14525	2.905	-0.349237	0.175631	0.985723
14530	2.906	-0.349235	0.180154	0.990127
14535	2.907	-0.349233	0.184678	0.994441
14540	2.908	-0.349232	0.189203	0.998663
14545	2.909	-0.34923	0.19373	1.00279
14550	2.91	-0.349229	0.198256	1.00683
14555	2.911	-0.349227	0.202782	1.01077
14560	2.912	-0.349226	0.207308	1.01463
14565	2.913	-0.349224	0.211832	1.01838
14570	2.914	-0.349223	0.216354	1.02205
14575	2.915	-0.349221	0.220874	1.02562
14580	2.916	-0.34922	0.225391	1.0291
14585	2.917	-0.349219	0.229904	1.03248
14590	2.918	-0.349217	0.234413	1.03576
14595	2.919	-0.349216	0.238917	1.03895
14600	2.92	-0.349215	0.243415	1.04204
14605	2.921	-0.349214	0.247908	1.04504
14610	2.922	-0.349212	0.252393	1.04793
14615	2.923	-0.34931	0.256513	1.04962
14620	2.924	-0.349328	0.260216	1.04995
14625	2.925	-0.349298	0.263605	1.04925
14630	2.926	-0.349246	0.266855	1.04807
14635	2.927	-0.349207	0.270097	1.0468
14640	2.928	-0.349205	0.273332	1.04544
14645	2.929	-0.349206	0.276561	1.044
14650	2.93	-0.349205	0.279786	1.04249
14655	2.931	-0.349204	0.283005	1.0409
14660	2.932	-0.349204	0.286221	1.03924
14665	2.933	-0.349203	0.289433	1.0375
14670	2.934	-0.349202	0.292643	1.03569
14675	2.935	-0.349201	0.295849	1.03381
14680	2.936	-0.3492	0.299053	1.03186
14685	2.937	-0.349199	0.302255	1.02984
14690	2.938	-0.349198	0.305453	1.02775
14695	2.939	-0.349198	0.308649	1.0256
14700	2.94	-0.349197	0.311842	1.02337
14705	2.941	-0.349196	0.315031	1.02108
14710	2.942	-0.349195	0.318217	1.01871
14715	2.943	-0.349194	0.321399	1.01628
14720	2.944	-0.349194	0.324577	1.01378
14725	2.945	-0.349193	0.327749	1.01121
14730	2.946	-0.349192	0.330916	1.00856
14735	2.947	-0.349191	0.334077	1.00585
14740	2.948	-0.349191	0.337232	1.00306
14745	2.949	-0.34919	0.340378	1.00021
14750	2.95	-0.349189	0.343517	0.997274
14755	2.951	-0.349188	0.346648	0.99427
14760	2.952	-0.349188	0.349768	0.991191
14765	2.953	-0.349187	0.352879	0.988036
14770	2.954	-0.349186	0.355979	0.984806
14775	2.955	-0.349185	0.359067	0.981499
14780	2.956	-0.349185	0.362143	0.978115
14785	2.957	-0.349184	0.365206	0.974652
14790	2.958	-0.349183	0.368255	0.971109
14795	2.959	-0.349183	0.37129	0.967487
14800	2.96	-0.349182	0.374309	0.963784
14805	2.961	-0.349181	0.377311	0.959999
14810	2.962	-0.34918	0.380297	0.956132
14815	2.963	-0.34918	0.383265	0.952181
14820	2.964	-0.349179	0.386215	0.948147
14825	2.965	-0.349178	0.389147	0.944033
14830	2.966	-0.349176	0.392064	0.939845
14835	2.967	-0.349175	0.394966	0.935593
14840	2.968	-0.349174	0.397857	0.931281
14845	2.969	-0.349172	0.400737	0.926917
14850	2.97	-0.349171	0.40361	0.922509
14855	2.971	-0.340574	0.40165	0.910815
14860	2.972	-0.335433	0.399708	0.898909
14865	2.973	-0.333525	0.397818	0.886893
14870	2.974	-0.334487	0.396006	0.874868
14875	2.975	-0.338028	0.3943	0.862925
14880	2.976	-0.34377	0.392722	0.851149
14885	2.977	-0.350377	0.391278	0.839661
14890	2.978	-0.349353	0.389914	0.828898
14895	2.979	-0.34908	0.388712	0.818516
14900	2.98	-0.349106	0.387681	0.808575
14905	2.981	-0.349121	0.386834	0.799119
14910	2.982	-0.349122	0.38618	0.790174
14915	2.983	-0.349117	0.385728	0.781758
14920	2.984	-0.349116	0.385486	0.773882
14925	2.985	-0.349114	0.385457	0.766553
14930	2.986	-0.349112	0.385644	0.759773
14935	2.987	-0.349111	0.386047	0.753539
14940	2.988	-0.349111	0.386664	0.747841
14945	2.989	-0.349111	0.387492	0.742667
14950	2.99	-0.349112	0.388525	0.738002
14955	2.991	-0.349113	0.389756	0.733823
14960	2.992	-0.349115	0.391177	0.730108
14965	2.993	-0.349117	0.39278	0.72683
14970	2.994	-0.349117	0.394553	0.723959
14975	2.995	-0.349117	0.396486	0.721466
14980	2.996	-0.349118	0.398567	0.719317
14985	2.997	-0.349118	0.400783	0.717475
14990	2.998	-0.349118	0.40312	0.715904
14995	2.999	-0.344611	0.401591	0.707729
15000	3	-0.342113	0.400166	0.699647
15005	3.001	-0.341498	0.39886	0.691706
15010	3.002	-0.342537	0.397685	0.683953
15015	3.003	-0.344927	0.396649	0.676431
15020	3.004	-0.347966	0.395756	0.669196
15025	3.005	-0.350927	0.395006	0.662298
15030	3.006	-0.349231	0.394373	0.655971
15035	3.007	-0.348119	0.393887	0.64996
15040	3.008	-0.347769	0.393546	0.644253
15045	3.009	-0.348049	0.393348	0.638847
15050	3.01	-0.348658	0.393286	0.633745
15055	3.011	-0.349274	0.393351	0.628944
15060	3.012	-0.349088	0.393528	0.624462
15065	3.013	-0.348306	0.393839	0.62046
15070	3.014	-0.346547	0.394253	0.616806
15075	3.015	-0.344188	0.394752	0.613422
15080	3.016	-0.341537	0.395318	0.610247
15085	3.017	-0.338811	0.395934	0.607228
15090	3.018	-0.336085	0.396578	0.604316
15095	3.019	-0.333293	0.39723	0.601469
15100	3.02	-0.330253	0.397866	0.598645
15105	3.021	-0.326798	0.398459	0.595792
15110	3.022	-0.32263	0.398986	0.592869
15115	3.023	-0.317489	0.399418	0.589824
15120	3.024	-0.31119	0.39973	0.5866
15125	3.025	-0.303611	0.399897	0.583147
15130	3.026	-0.294663	0.399897	0.579424
15135	3.027	-0.284263	0.399711	0.575389
15140	3.028	-0.272363	0.399319	0.571004
15145	3.029	-0.258978	0.398705	0.566228
15150	3.03	-0.244204	0.397856	0.561021
15155	3.031	-0.228166	0.396759	0.555344
15160	3.032	-0.211047	0.395406	0.549161
15165	3.033	-0.193206	0.393789	0.542431
15170	3.034	-0.174959	0.391903	0.535124
15175	3.035	-0.156542	0.389746	0.527217
15180	3.036	-0.138104	0.387316	0.518698
15185	3.037	-0.119721	0.384612	0.509562
15190	3.038	-0.10142	0.381636	0.49981
15195	3.039	-0.0831995	0.37839	0.48945
15200	3.04	-0.0862801	0.375025	0.477775
15205	3.041	-0.0870213	0.371408	0.465674
15210	3.042	-0.0868568	0.367551	0.453126
15215	3.043	-0.0867309	0.363462	0.440112
15220	3.044	-0.0866531	0.359148	0.426652
15225	3.045	-0.0865903	0.354617	0.412766
15230	3.046	-0.086536	0.349876	0.398479
15235	3.047	-0.0864899	0.344935	0.383815
15240	3.048	-0.0864493	0.339804	0.368803
15245	3.049	-0.0864123	0.334494	0.353469
15250	3.05	-0.0863792	0.329016	0.337842
15255	3.051	-0.0863496	0.323383	0.321948
15260	3.052	-0.0863229	0.317604	0.305814
15265	3.053	-0.0863038	0.311691	0.289466
15270	3.054	-0.0862886	0.305655	0.272929
15275	3.055	-0.0862767	0.299507	0.256229
15280	3.056	-0.0862678	0.293257	0.239388
15285	3.057	-0.0862615	0.286914	0.222431
15290	3.058	-0.0862576	0.28049	0.205379
15295	3.059	-0.0862559	0.273992	0.188254
15300	3.06	-0.0862563	0.26743	0.171076
15305	3.061	-0.086257	0.260813	0.153864
15310	3.062	-0.0862588	0.25415	0.136636
15315	3.063	-0.0862616	0.247447	0.11941
15320	3.064	-0.0862655	0.240713	0.102201
15325	3.065	-0.0862702	0.233956	0.0850251
15330	3.066	-0.0862758	0.227181	0.0678962
15335	3.067	-0.086282	0.220395	0.0508276
15340	3.068	-0.0862889	0.213606	0.0338318
15345	3.069	-0.0862964	0.206817	0.0169204
15350	3.07	-0.0863044	0.200036	0.000104284
15355	3.071	-0.086313	0.193267	-0.0166064
15360	3.072	-0.0852298	0.192558	-0.0162379
15365	3.073	-0.0856518	0.194722	-0.00781518
15370	3.074	-0.0862887	0.196799	0.000436298
15375	3.075	-0.0863654	0.198726	0.00838163
15380	3.076	-0.0863692	0.200431	0.0158184
15385	3.077	-0.0863899	0.201859	0.0225956
15390	3.078	-0.0864126	0.202962	0.0285923
15395	3.079	-0.0864321	0.203703	0.0337087
15400	3.08	-0.0864487	0.204049	0.0378645
15405	3.081	-0.0864633	0.203978	0.0409982
15410	3.082	-0.0864763	0.203471	0.0430652
15415	3.083	-0.0864865	0.202517	0.0440365
15420	3.084	-0.0864978	0.201112	0.0438976
15425	3.085	-0.0865104	0.199253	0.0426479
15430	3.086	-0.0865229	0.196945	0.0402983
15435	3.087	-0.0865351	0.194197	0.0368704
15440	3.088	-0.086547	0.191019	0.0323948
15445	3.089	-0.0865588	0.187427	0.0269103
15450	3.09	-0.0865704	0.183439	0.0204625
15455	3.091	-0.0865818	0.179073	0.0131031
15460	3.092	-0.0865929	0.174353	0.00488844
15465	3.093	-0.0866038	0.1693	-0.00412112
15470	3.094	-0.086163	0.166462	-0.00678487
15475	3.095	-0.0862336	0.165174	-0.00500014
15480	3.096	-0.0864708	0.164297	-0.00194692
15485	3.097	-0.0866382	0.163093	0.000321161
15490	3.098	-0.0866574	0.161546	0.00176848
15495	3.099	-0.0866672	0.159646	0.00235851
15500	3.1	-0.0866807	0.157386	0.00207599
15505	3.101	-0.0866934	0.154766	0.000918278
15510	3.102	-0.0867044	0.151789	-0.00110729
15515	3.103	-0.0865849	0.149186	-0.00195064
15520	3.104	-0.0865903	0.146897	-0.00178794
15525	3.105	-0.0866413	0.144712	-0.00121193
15530	3.106	-0.0866868	0.142448	-0.000727078
15535	3.107	-0.0867109	0.140034	-0.000535065
15540	3.108	-0.0867172	0.13749	-0.000584445
15545	3.109	-0.086716	0.134867	-0.000725466
15550	3.11	-0.0867164	0.132212	-0.000836865
15555	3.111	-0.0867217	0.12954	-0.00087376
15560	3.112	-0.0867309	0.126846	-0.000852042
15565	3.113	-0.0867418	0.124118	-0.000809337
15570	3.114	-0.0867519	0.121345	-0.000774726
15575	3.115	-0.0867603	0.118525	-0.000758219
15580	3.116	-0.0867676	0.115659	-0.000755265
15585	3.117	-0.0867745	0.112753	-0.000756488
15590	3.118	-0.0867814	0.109808	-0.000754952
15595	3.119	-0.0867884	0.106828	-0.000748526
15600	3.12	-0.0867955	0.103811	-0.000738561
15605	3.121	-0.0868024	0.100757	-0.000727366
15610	3.122	-0.0868092	0.097668	-0.000716454
15615	3.123	-0.0868158	0.0945433	-0.000706375
15620	3.124	-0.0868222	0.091384	-0.000696915
15625	3.125	-0.0868284	0.0881912	-0.000687609
15630	3.126	-0.0868344	0.0849658	-0.000678094
15635	3.127	-0.0868404	0.0817088	-0.000668274
15640	3.128	-0.0868462	0.0784208	-0.000658206
15645	3.129	-0.0868519	0.0751028	-0.000648035
15650	3.13	-0.0868575	0.0717557	-0.000637841
15655	3.131	-0.086863	0.0683802	-0.000627656
15660	3.132	-0.0868684	0.0649774	-0.000617469
15665	3.133	-0.0868736	0.0615481	-0.000607251
15670	3.134	-0.0868787	0.0580932	-0.000596996
15675	3.135	-0.0868838	0.0546138	-0.000586701
15680	3.136	-0.0868887	0.0511108	-0.000576363
15685	3.137	-0.0868935	0.047585	-0.000566004
15690	3.138	-0.0868983	0.0440375	-0.00055563
15695	3.139	-0.0869029	0.0404692	-0.000545245
15700	3.14	-0.0869075	0.0368811	-0.000534835
15705	3.141	-0.086912	0.0332741	-0.000524417
15710	3.142	-0.0869164	0.0296494	-0.000513984
15715	3.143	-0.0869207	0.0260077	-0.000503545
15720	3.144	-0.086925	0.0223502	-0.0004931
15725	3.145	-0.0869292	0.0186779	-0.000482638
15730	3.146	-0.0869334	0.0149916	-0.00047217
15735	3.147	-0.0869375	0.0112926	-0.000461695
15740	3.148	-0.0869416	0.00758163	-0.000451226
15745	3.149	-0.0869456	0.00385987	-0.000440745
15750	3.15	-0.0869495	0.000128301	-0.000430261
15755	3.151	-0.0869535	-0.00361207	-0.000419776
15760	3.152	-0.0869574	-0.00736021	-0.000409297
15765	3.153	-0.0869612	-0.0111151	-0.000398818
15770	3.154	-0.0869651	-0.0148757	-0.00038834
15775	3.155	-0.0869689	-0.0186411	-0.000377866
15780	3.156	-0.0869727	-0.0224101	-0.000367396
15785	3.157	-0.0869764	-0.0261817	-0.000356938
15790	3.158	-0.0869801	-0.029955	-0.000346485
15795	3.159	-0.0869838	-0.0337289	-0.000336043
15800	3.16	-0.0869875	-0.0375024	-0.000325617
15805	3.161	-0.0869912	-0.0412744	-0.000315204
15810	3.162	-0.0869948	-0.0450439	-0.000304808
15815	3.163	-0.0869984	-0.04881	-0.000294431
15820	3.164	-0.087002	-0.0525715	-0.000284078
15825	3.165	-0.0870056	-0.0563275	-0.00027375
15830	3.166	-0.0870092	-0.0600769	-0.000263438
15835	3.167	-0.0870127	-0.0638188	-0.000253165
15840	3.168	-0.0870163	-0.0675521	-0.00024291
15845	3.169	-0.0870198	-0.0712758	-0.000232676
15850	3.17	-0.0870233	-0.0749889	-0.000222485
15855	3.171	-0.0870268	-0.0786905	-0.000212332
15860	3.172	-0.0870303	-0.0823795	-0.000202215
15865	3.173	-0.0870338	-0.0860549	-0.00019213
15870	3.174	-0.0870373	-0.0897157	-0.000182092
15875	3.175	-0.0870407	-0.093361	-0.000172103
15880	3.176	-0.0870442	-0.0969898	-0.000162159
15885	3.177	-0.0870477	-0.100601	-0.000152262
15890	3.178	-0.0870511	-0.104194	-0.000142414
15895	3.179	-0.0870546	-0.107767	-0.000132612
15900	3.18	-0.087058	-0.111321	-0.000122868
15905	3.181	-0.0870614	-0.114853	-0.000113188
15910	3.182	-0.0870649	-0.118362	-0.00010358
15915	3.183	-0.0870683	-0.121849	-9.4032e-005
15920	3.184	-0.0870717	-0.125311	-8.4544e-005
15925	3.185	-0.0870752	-0.128749	-7.51153e-005
15930	3.186	-0.0870786	-0.13216	-6.57542e-005
15935	3.187	-0.087082	-0.135545	-5.64763e-005
15940	3.188	-0.0870854	-0.138902	-4.72751e-005
15945	3.189	-0.0870888	-0.142231	-3.81494e-005
15950	3.19	-0.0870922	-0.145531	-3.12147e-005
15955	3.191	-0.0870954	-0.148804	-2.79813e-005
15960	3.192	-0.0870985	-0.152049	-2.73298e-005
15965	3.193	-0.0871015	-0.155265	-2.74056e-005
15970	3.194	-0.0871045	-0.158452	-2.69452e-005
15975	3.195	-0.0871076	-0.16161	-2.56263e-005
15980	3.196	-0.0871107	-0.164738	-2.37383e-005
15985	3.197	-0.0871139	-0.167837	-2.1733e-005
15990	3.198	-0.0871171	-0.170907	-1.98872e-005
15995	3.199	-0.0871202	-0.173949	-1.82318e-005
16000	3.2	-0.0871235	-0.176961	-1.66297e-005
16005	3.201	-0.0871268	-0.179944	-1.49275e-005
16010	3.202	-0.0871304	-0.182898	-1.30335e-005
16015	3.203	-0.0871342	-0.185823	-1.09104e-005
16020	3.204	-0.0871383	-0.188719	-8.54885e-006
16025	3.205	-0.0871428	-0.191585	-5.93192e-006
16030	3.206	-0.0871477	-0.194422	-3.06275e-006
16035	3.207	-0.0871531	-0.197229	1.895e-007
16040	3.208	-0.0871587	-0.200005	7.46887e-006
16045	3.209	-0.0871648	-0.202749	2.27001e-005
16050	3.21	-0.0871713	-0.205459	5.01607e-005
16055	3.211	-0.0871783	-0.208134	9.44081e-005
16060	3.212	-0.0871858	-0.21077	0.000160329
16065	3.213	-0.0871937	-0.213368	0.000253098
16070	3.214	-0.087202	-0.215923	0.000378174
16075	3.215	-0.0872108	-0.218434	0.000541266
16080	3.216	-0.0872199	-0.2209	0.000748335
16085	3.217	-0.0872294	-0.223316	0.00100559
16090	3.218	-0.0872392	-0.225681	0.00131944
16095	3.219	-0.0872492	-0.227993	0.00169648
16100	3.22	-0.0872595	-0.230248	0.00214351
16105	3.221	-0.0873341	-0.232445	0.00266287
16110	3.222	-0.0876849	-0.234582	0.00324699
16115	3.223	-0.0884399	-0.236659	0.00389382
16120	3.224	-0.0896292	-0.238672	0.00460792
16125	3.225	-0.0912134	-0.240619	0.00539873
16130	3.226	-0.0931162	-0.242495	0.0062786
16135	3.227	-0.0952521	-0.244297	0.00726076
16140	3.228	-0.097563	-0.24602	0.00835704
16145	3.229	-0.0999712	-0.247661	0.00958017
16150	3.23	-0.102426	-0.249216	0.010941
16155	3.231	-0.104901	-0.250681	0.0124485
16160	3.232	-0.107394	-0.252054	0.0141098
16165	3.233	-0.109913	-0.253332	0.0159306
16170	3.234	-0.112468	-0.254511	0.0179162
16175	3.235	-0.115062	-0.25559	0.0200718
16180	3.236	-0.1177	-0.256565	0.0224021
16185	3.237	-0.120373	-0.257435	0.0249118
16190	3.238	-0.123088	-0.258196	0.0276043
16195	3.239	-0.125855	-0.258849	0.0304827
16200	3.24	-0.12868	-0.259389	0.0335492
16205	3.241	-0.131574	-0.259817	0.0368057
16210	3.242	-0.134548	-0.26013	0.040253
16215	3.243	-0.137618	-0.260327	0.0438916
16220	3.244	-0.140789	-0.260405	0.0477304
16225	3.245	-0.144068	-0.260358	0.0517811
16230	3.246	-0.147467	-0.26018	0.0560572
16235	3.247	-0.151002	-0.259865	0.0605741
16240	3.248	-0.15469	-0.259406	0.0653487
16245	3.249	-0.158548	-0.258795	0.0703997
16250	3.25	-0.162586	-0.258025	0.0757467
16255	3.251	-0.166811	-0.257087	0.08141
16260	3.252	-0.171222	-0.255973	0.08741
16265	3.253	-0.175813	-0.254676	0.0937665
16270	3.254	-0.18058	-0.25319	0.100497
16275	3.255	-0.185511	-0.251507	0.107619
16280	3.256	-0.190591	-0.249624	0.115146
16285	3.257	-0.195799	-0.247536	0.123091
16290	3.258	-0.201118	-0.245239	0.131461
16295	3.259	-0.206541	-0.242733	0.140262
16300	3.26	-0.212063	-0.240015	0.149496
16305	3.261	-0.217681	-0.237089	0.159161
16310	3.262	-0.223394	-0.233954	0.169251
16315	3.263	-0.229201	-0.230614	0.17976
16320	3.264	-0.235096	-0.227073	0.190677
16325	3.265	-0.241075	-0.223336	0.201986
16330	3.266	-0.247129	-0.21941	0.213674
16335	3.267	-0.253251	-0.215302	0.225721
16340	3.268	-0.259433	-0.211019	0.238106
16345	3.269	-0.265665	-0.20657	0.250807
16350	3.27	-0.271941	-0.201965	0.263799
16355	3.271	-0.278252	-0.197213	0.277056
16360	3.272	-0.28459	-0.192324	0.290551
16365	3.273	-0.290949	-0.18731	0.304256
16370	3.274	-0.29732	-0.182182	0.318142
16375	3.275	-0.303697	-0.17695	0.332179
16380	3.276	-0.310072	-0.171625	0.346337
16385	3.277	-0.316439	-0.166223	0.360581
16390	3.278	-0.322791	-0.160757	0.374875
16395	3.279	-0.32912	-0.155242	0.389181
16400	3.28	-0.335415	-0.149692	0.403465
16405	3.281	-0.341669	-0.14412	0.417694
16410	3.282	-0.347876	-0.138538	0.431836
16415	3.283	-0.354031	-0.132959	0.445862
16420	3.284	-0.3495	-0.127408	0.460352
16425	3.285	-0.348781	-0.12188	0.474468
16430	3.286	-0.352092	-0.11638	0.488169
16435	3.287	-0.349449	-0.110937	0.501973
16440	3.288	-0.349183	-0.105541	0.515408
16445	3.289	-0.349276	-0.100203	0.528561
16450	3.29	-0.349303	-0.0949316	0.541434
16455	3.291	-0.34931	-0.0897269	0.554021
16460	3.292	-0.349318	-0.0845866	0.566328
16465	3.293	-0.349324	-0.079508	0.578362
16470	3.294	-0.34933	-0.0744884	0.590131
16475	3.295	-0.349335	-0.0695249	0.601643
16480	3.296	-0.34934	-0.0646149	0.612906
16485	3.297	-0.349342	-0.0597552	0.623928
16490	3.298	-0.349343	-0.0549427	0.634719
16495	3.299	-0.349344	-0.0501745	0.645285
16500	3.3	-0.349344	-0.0454472	0.655635
16505	3.301	-0.349343	-0.040758	0.665776
16510	3.302	-0.349342	-0.0361039	0.675717
16515	3.303	-0.34934	-0.0314817	0.685465
16520	3.304	-0.349338	-0.0268888	0.695026
16525	3.305	-0.349336	-0.0223225	0.704408
16530	3.306	-0.349334	-0.0177802	0.713616
16535	3.307	-0.349332	-0.0132594	0.722658
16540	3.308	-0.34933	-0.00875782	0.731539
16545	3.309	-0.349328	-0.00427326	0.740264
16550	3.31	-0.349325	0.000196358	0.748839
16555	3.311	-0.349323	0.00465302	0.757269
16560	3.312	-0.34932	0.00909855	0.765558
16565	3.313	-0.349317	0.0135347	0.77371
16570	3.314	-0.349315	0.0179631	0.781731
16575	3.315	-0.349312	0.0223852	0.789623
16580	3.316	-0.34931	0.0268025	0.79739
16585	3.317	-0.349307	0.0312162	0.805035
16590	3.318	-0.349304	0.0356275	0.812562
16595	3.319	-0.349301	0.0400376	0.819974
16600	3.32	-0.349299	0.0444474	0.827273
16605	3.321	-0.349296	0.0488579	0.834461
16610	3.322	-0.349294	0.0532699	0.841541
16615	3.323	-0.349291	0.0576842	0.848516
16620	3.324	-0.349288	0.0621015	0.855386
16625	3.325	-0.349286	0.0665223	0.862154
16630	3.326	-0.349283	0.0709472	0.868821
16635	3.327	-0.349281	0.0753766	0.875389
16640	3.328	-0.349278	0.079811	0.881859
16645	3.329	-0.349276	0.0842507	0.888232
16650	3.33	-0.349274	0.0886959	0.89451
16655	3.331	-0.349271	0.0931469	0.900693
16660	3.332	-0.349269	0.097604	0.906783
16665	3.333	-0.349267	0.102067	0.912779
16670	3.334	-0.349264	0.106536	0.918683
16675	3.335	-0.349262	0.111012	0.924496
16680	3.336	-0.34926	0.115494	0.930217
16685	3.337	-0.349258	0.119981	0.935847
16690	3.338	-0.349256	0.124475	0.941387
16695	3.339	-0.349254	0.128975	0.946836
16700	3.34	-0.349252	0.133481	0.952196
16705	3.341	-0.34925	0.137992	0.957465
16710	3.342	-0.349248	0.142508	0.962645
16715	3.343	-0.349246	0.14703	0.967735
16720	3.344	-0.349244	0.151556	0.972736
16725	3.345	-0.349242	0.156087	0.977647
16730	3.346	-0.349241	0.160621	0.982468
16735	3.347	-0.349239	0.16516	0.987199
16740	3.348	-0.349237	0.169702	0.991839
16745	3.349	-0.349235	0.174247	0.99639
16750	3.35	-0.349234	0.178794	1.00085
16755	3.351	-0.349232	0.183344	1.00522
16760	3.352	-0.349231	0.187895	1.0095
16765	3.353	-0.349229	0.192448	1.01368
16770	3.354	-0.349228	0.197	1.01778
16775	3.355	-0.349226	0.201553	1.02178
16780	3.356	-0.349225	0.206106	1.02569
16785	3.357	-0.349223	0.210658	1.02951
16790	3.358	-0.349222	0.215208	1.03323
16795	3.359	-0.34922	0.219756	1.03686
16800	3.36	-0.349219	0.224301	1.04039
16805	3.361	-0.349218	0.228843	1.04383
16810	3.362	-0.349216	0.233381	1.04718
16815	3.363	-0.349215	0.237914	1.05043
16820	3.364	-0.349394	0.241796	1.05157
16825	3.365	-0.349375	0.245118	1.05093
16830	3.366	-0.349301	0.248127	1.04925
16835	3.367	-0.349221	0.251099	1.04741
16840	3.368	-0.349208	0.254067	1.04548
16845	3.369	-0.349209	0.257032	1.04347
16850	3.37	-0.349209	0.259996	1.04139
16855	3.371	-0.349208	0.262959	1.03925
16860	3.372	-0.349207	0.265923	1.03704
16865	3.373	-0.349207	0.268889	1.03476
16870	3.374	-0.349206	0.271857	1.03242
16875	3.375	-0.349205	0.274829	1.03003
16880	3.376	-0.349204	0.277804	1.02758
16885	3.377	-0.349203	0.280783	1.02506
16890	3.378	-0.349202	0.283767	1.02249
16895	3.379	-0.349201	0.286755	1.01987
16900	3.38	-0.349201	0.289747	1.01719
16905	3.381	-0.3492	0.292744	1.01446
16910	3.382	-0.349199	0.295745	1.01166
16915	3.383	-0.349198	0.29875	1.00882
16920	3.384	-0.349197	0.301759	1.00592
16925	3.385	-0.349197	0.304771	1.00296
16930	3.386	-0.349196	0.307785	0.999948
16935	3.387	-0.349195	0.310802	0.996879
16940	3.388	-0.349194	0.313821	0.993752
16945	3.389	-0.349194	0.316841	0.990568
16950	3.39	-0.349193	0.319861	0.987326
16955	3.391	-0.349192	0.322881	0.984025
16960	3.392	-0.349191	0.3259	0.980663
16965	3.393	-0.349191	0.328918	0.977242
16970	3.394	-0.34919	0.331933	0.973758
16975	3.395	-0.349189	0.334946	0.970212
16980	3.396	-0.349188	0.337954	0.966603
16985	3.397	-0.349188	0.340958	0.96293
16990	3.398	-0.349187	0.343956	0.959191
16995	3.399	-0.349186	0.346948	0.955386
17000	3.4	-0.349185	0.349932	0.951515
17005	3.401	-0.349184	0.35291	0.947578
17010	3.402	-0.349183	0.355883	0.943584
17015	3.403	-0.349182	0.358851	0.939537
17020	3.404	-0.34918	0.361818	0.935444
17025	3.405	-0.349179	0.364783	0.931311
17030	3.406	-0.349178	0.36775	0.927142
17035	3.407	-0.349176	0.370718	0.922944
17040	3.408	-0.349175	0.373689	0.918723
17045	3.409	-0.349174	0.376665	0.914482
17050	3.41	-0.349173	0.379647	0.910227
17055	3.411	-0.349171	0.382635	0.905963
17060	3.412	-0.34917	0.385631	0.901693
17065	3.413	-0.349169	0.388636	0.897422
17070	3.414	-0.349168	0.391651	0.893153
17075	3.415	-0.349166	0.394675	0.888891
17080	3.416	-0.349165	0.397711	0.884637
17085	3.417	-0.349164	0.400758	0.880394
17090	3.418	-0.349163	0.403816	0.876165
17095	3.419	-0.340432	0.401663	0.863849
17100	3.42	-0.334991	0.399539	0.851371
17105	3.421	-0.33266	0.397478	0.838837
17110	3.422	-0.333096	0.395513	0.826352
17115	3.423	-0.336023	0.39367	0.81401
17120	3.424	-0.341223	0.391976	0.801895
17125	3.425	-0.347566	0.390442	0.79012
17130	3.426	-0.353595	0.389075	0.778806
17135	3.427	-0.349427	0.387813	0.768455
17140	3.428	-0.346815	0.386752	0.758545
17145	3.429	-0.346215	0.38591	0.74909
17150	3.43	-0.347335	0.385296	0.740125
17155	3.431	-0.349582	0.384915	0.731693
17160	3.432	-0.349187	0.384746	0.723979
17165	3.433	-0.349086	0.384811	0.716849
17170	3.434	-0.349094	0.385109	0.710308
17175	3.435	-0.349098	0.385638	0.704355
17180	3.436	-0.349099	0.386394	0.698973
17185	3.437	-0.349099	0.387371	0.694146
17190	3.438	-0.3491	0.388562	0.689848
17195	3.439	-0.349101	0.389957	0.686056
17200	3.44	-0.349103	0.391547	0.682738
17205	3.441	-0.349104	0.39332	0.679861
17210	3.442	-0.349106	0.395263	0.677392
17215	3.443	-0.349106	0.397362	0.675291
17220	3.444	-0.349106	0.399602	0.673518
17225	3.445	-0.349106	0.401967	0.67203
17230	3.446	-0.346429	0.401544	0.665663
17235	3.447	-0.345167	0.401222	0.65943
17240	3.448	-0.345358	0.401007	0.653345
17245	3.449	-0.346618	0.400903	0.647439
17250	3.45	-0.348435	0.400907	0.641745
17255	3.451	-0.350399	0.401017	0.636283
17260	3.452	-0.349184	0.401211	0.631216
17265	3.453	-0.348452	0.401504	0.626352
17270	3.454	-0.347225	0.401445	0.621109
17275	3.455	-0.345377	0.401428	0.616095
17280	3.456	-0.343237	0.401429	0.611226
17285	3.457	-0.340966	0.401429	0.606462
17290	3.458	-0.338657	0.401429	0.601801
17295	3.459	-0.33632	0.401429	0.597246
17300	3.46	-0.333895	0.401428	0.592801
17305	3.461	-0.331269	0.401428	0.588473
17310	3.462	-0.328307	0.401427	0.584266
17315	3.463	-0.32487	0.401426	0.580182
17320	3.464	-0.320973	0.401412	0.576177
17325	3.465	-0.316399	0.401361	0.572209
17330	3.466	-0.310966	0.401251	0.568232
17335	3.467	-0.304517	0.401058	0.564191
17340	3.468	-0.296948	0.400756	0.560022
17345	3.469	-0.288218	0.400321	0.555656
17350	3.47	-0.278333	0.39973	0.551036
17355	3.471	-0.26728	0.398965	0.546123
17360	3.472	-0.254999	0.398006	0.540879
17365	3.473	-0.241434	0.39684	0.535269
17370	3.474	-0.226587	0.395452	0.529259
17375	3.475	-0.210548	0.39383	0.522814
17380	3.476	-0.193361	0.391966	0.515903
17385	3.477	-0.175364	0.389853	0.508487
17390	3.478	-0.1569	0.387486	0.500534
17395	3.479	-0.138252	0.384862	0.49202
17400	3.48	-0.119614	0.381981	0.482928
17405	3.481	-0.101093	0.378842	0.473252
17410	3.482	-0.0827327	0.375447	0.462995
17415	3.483	-0.0862559	0.371934	0.451401
17420	3.484	-0.0870331	0.368178	0.439418
17425	3.485	-0.0868514	0.36419	0.427008
17430	3.486	-0.0867294	0.35998	0.414147
17435	3.487	-0.0866529	0.355551	0.400849
17440	3.488	-0.0865905	0.350911	0.387135
17445	3.489	-0.0865365	0.346066	0.373024
17450	3.49	-0.0864907	0.341025	0.35854
17455	3.491	-0.0864501	0.335797	0.343708
17460	3.492	-0.0864133	0.330393	0.328553
17465	3.493	-0.0863801	0.324822	0.3131
17470	3.494	-0.0863504	0.319096	0.297376
17475	3.495	-0.0863236	0.313225	0.281404
17480	3.496	-0.0863045	0.307221	0.26521
17485	3.497	-0.0862892	0.301092	0.248819
17490	3.498	-0.0862772	0.29485	0.232253
17495	3.499	-0.0862682	0.288504	0.215537
17500	3.5	-0.0862619	0.282065	0.198692
17505	3.501	-0.0862579	0.275542	0.181742
17510	3.502	-0.0862561	0.268944	0.164707
17515	3.503	-0.0862564	0.262281	0.147608
17520	3.504	-0.0862569	0.255561	0.130465
17525	3.505	-0.0862586	0.248793	0.113295
17530	3.506	-0.0862613	0.241984	0.0961167
17535	3.507	-0.086265	0.235144	0.0789471
17540	3.508	-0.0862696	0.228279	0.0618021
17545	3.509	-0.086275	0.221396	0.0446965
17550	3.51	-0.0862811	0.214502	0.0276447
17555	3.511	-0.0862878	0.207604	0.0106601
17560	3.512	-0.0862951	0.200709	-0.00624465
17565	3.513	-0.0855525	0.198014	-0.0112837
17570	3.514	-0.0856626	0.198276	-0.00801094
17575	3.515	-0.0860903	0.199356	-0.00238135
17580	3.516	-0.0863137	0.200314	0.0030009
17585	3.517	-0.0863396	0.20109	0.00798081
17590	3.518	-0.0863541	0.201631	0.0124121
17595	3.519	-0.0863748	0.201893	0.016181
17600	3.52	-0.0863945	0.201842	0.0191955
17605	3.521	-0.0864117	0.201448	0.0213811
17610	3.522	-0.086427	0.200689	0.0226803
17615	3.523	-0.086441	0.199549	0.0230511
17620	3.524	-0.0864539	0.198017	0.0224659
17625	3.525	-0.0864649	0.196088	0.0209101
17630	3.526	-0.0864773	0.19376	0.0183808
17635	3.527	-0.0864902	0.191036	0.0148868
17640	3.528	-0.086503	0.187923	0.0104462
17645	3.529	-0.0865155	0.184432	0.00508557
17650	3.53	-0.0865277	0.180575	-0.00116112
17655	3.531	-0.0862711	0.177869	-0.0040406
17660	3.532	-0.086266	0.17623	-0.00380862
17665	3.533	-0.0863931	0.175047	-0.00217121
17670	3.534	-0.0865175	0.173762	-0.000688685
17675	3.535	-0.0865828	0.172125	-4.92109e-005
17680	3.536	-0.0865904	0.170172	-0.000158114
17685	3.537	-0.0865739	0.168055	-0.000583465
17690	3.538	-0.08656	0.165911	-0.000948746
17695	3.539	-0.0865608	0.163795	-0.0010983
17700	3.54	-0.0865737	0.161695	-0.00106551
17705	3.541	-0.0865915	0.159573	-0.000959874
17710	3.542	-0.086609	0.157395	-0.00087207
17715	3.543	-0.0866225	0.155151	-0.000837
17720	3.544	-0.0866325	0.152843	-0.000844366
17725	3.545	-0.0866409	0.150481	-0.000866878
17730	3.546	-0.0866496	0.148075	-0.000882917
17735	3.547	-0.0866592	0.145627	-0.000884794
17740	3.548	-0.0866693	0.143136	-0.000875682
17745	3.549	-0.0866794	0.140601	-0.000862531
17750	3.55	-0.0866892	0.138019	-0.000850602
17755	3.551	-0.0866986	0.135392	-0.00084165
17760	3.552	-0.0867076	0.132719	-0.000834812
17765	3.553	-0.0867163	0.130003	-0.000828395
17770	3.554	-0.086725	0.127243	-0.000821208
17775	3.555	-0.0867334	0.124441	-0.000812913
17780	3.556	-0.0867418	0.121598	-0.000803781
17785	3.557	-0.0867499	0.118714	-0.000794156
17790	3.558	-0.0867578	0.115789	-0.000784259
17795	3.559	-0.0867656	0.112824	-0.000774281
17800	3.56	-0.0867731	0.109821	-0.000764304
17805	3.561	-0.0867805	0.106779	-0.000754305
17810	3.562	-0.0867877	0.1037	-0.000744255
17815	3.563	-0.0867947	0.100584	-0.000734109
17820	3.564	-0.0868016	0.0974324	-0.000723876
17825	3.565	-0.0868083	0.0942458	-0.000713555
17830	3.566	-0.0868149	0.091025	-0.000703171
17835	3.567	-0.0868213	0.087771	-0.000692737
17840	3.568	-0.0868276	0.0844845	-0.000682269
17845	3.569	-0.0868337	0.0811665	-0.00067176
17850	3.57	-0.0868397	0.0778178	-0.000661223
17855	3.571	-0.0868456	0.0744394	-0.000650659
17860	3.572	-0.0868514	0.0710322	-0.000640069
17865	3.573	-0.086857	0.0675971	-0.000629452
17870	3.574	-0.0868625	0.0641349	-0.000618818
17875	3.575	-0.0868679	0.0606468	-0.000608163
17880	3.576	-0.0868732	0.0571336	-0.000597496
17885	3.577	-0.0868784	0.0535963	-0.000586814
17890	3.578	-0.0868834	0.0500358	-0.000576128
17895	3.579	-0.0868884	0.0464532	-0.000565448
17900	3.58	-0.0868933	0.0428494	-0.000554758
17905	3.581	-0.086898	0.0392253	-0.000544071
17910	3.582	-0.0869027	0.0355821	-0.000533384
17915	3.583	-0.0869073	0.0319206	-0.000522693
17920	3.584	-0.0869118	0.0282419	-0.000512
17925	3.585	-0.0869162	0.024547	-0.000501314
17930	3.586	-0.0869206	0.020837	-0.000490627
17935	3.587	-0.0869249	0.0171127	-0.000479943
17940	3.588	-0.0869291	0.0133753	-0.000469267
17945	3.589	-0.0869333	0.0096258	-0.000458598
17950	3.59	-0.0869374	0.00586517	-0.00044794
17955	3.591	-0.0869415	0.00209447	-0.000437281
17960	3.592	-0.0869455	-0.00168527	-0.000426616
17965	3.593	-0.0869495	-0.00547302	-0.000415958
17970	3.594	-0.0869534	-0.00926775	-0.000405316
17975	3.595	-0.0869574	-0.0130684	-0.00039468
17980	3.596	-0.0869612	-0.016874	-0.000384051
17985	3.597	-0.0869651	-0.0206834	-0.00037344
17990	3.598	-0.0869689	-0.0244956	-0.00036284
17995	3.599	-0.0869727	-0.0283097	-0.000352252
18000	3.6	-0.0869764	-0.0321245	-0.000341668
18005	3.601	-0.0869801	-0.035939	-0.000331106
18010	3.602	-0.0869838	-0.0397521	-0.000320568
18015	3.603	-0.0869875	-0.0435629	-0.000310055
18020	3.604	-0.0869912	-0.0473704	-0.00029956
18025	3.605	-0.0869948	-0.0511733	-0.000289086
18030	3.606	-0.0869984	-0.0549709	-0.000278643
18035	3.607	-0.087002	-0.0587619	-0.000268225
18040	3.608	-0.0870056	-0.0625455	-0.000257832
18045	3.609	-0.0870092	-0.0663205	-0.000247462
18050	3.61	-0.0870127	-0.070086	-0.000237125
18055	3.611	-0.0870163	-0.0738409	-0.000226831
18060	3.612	-0.0870198	-0.0775842	-0.00021658
18065	3.613	-0.0870233	-0.081315	-0.000206363
18070	3.614	-0.0870268	-0.0850322	-0.000196184
18075	3.615	-0.0870303	-0.0887348	-0.00018604
18080	3.616	-0.0870338	-0.0924218	-0.00017594
18085	3.617	-0.0870372	-0.0960923	-0.00016589
18090	3.618	-0.0870407	-0.0997453	-0.000155903
18095	3.619	-0.0870442	-0.10338	-0.000145965
18100	3.62	-0.0870476	-0.106995	-0.000136086
18105	3.621	-0.087051	-0.110589	-0.000126251
18110	3.622	-0.0870545	-0.114163	-0.000116474
18115	3.623	-0.0870579	-0.117713	-0.000106764
18120	3.624	-0.0870613	-0.121241	-9.712e-005
18125	3.625	-0.0870648	-0.124744	-8.75436e-005
18130	3.626	-0.0870682	-0.128223	-7.80388e-005
18135	3.627	-0.0870716	-0.131675	-6.85983e-005
18140	3.628	-0.087075	-0.1351	-5.92277e-005
18145	3.629	-0.0870784	-0.138498	-4.99325e-005
18150	3.63	-0.0870818	-0.141867	-4.07191e-005
18155	3.631	-0.0870852	-0.145207	-3.37189e-005
18160	3.632	-0.0870884	-0.14852	-3.04615e-005
18165	3.633	-0.0870915	-0.151805	-2.98062e-005
18170	3.634	-0.0870944	-0.15506	-2.98963e-005
18175	3.635	-0.0870975	-0.158286	-2.94608e-005
18180	3.636	-0.0871005	-0.161483	-2.81548e-005
18185	3.637	-0.0871037	-0.16465	-2.62733e-005
18190	3.638	-0.0871068	-0.167788	-2.42716e-005
18195	3.639	-0.08711	-0.170897	-2.24593e-005
18200	3.64	-0.0871131	-0.173977	-2.08964e-005
18205	3.641	-0.0871162	-0.177028	-1.94858e-005
18210	3.642	-0.0871194	-0.180049	-1.80801e-005
18215	3.643	-0.0871226	-0.183041	-1.65539e-005
18220	3.644	-0.0871259	-0.186004	-1.48579e-005
18225	3.645	-0.0871294	-0.188938	-1.29773e-005
18230	3.646	-0.0871332	-0.191842	-1.09266e-005
18235	3.647	-0.0871372	-0.194717	-8.67767e-006
18240	3.648	-0.0871417	-0.197562	-6.20242e-006
18245	3.649	-0.0871465	-0.200378	-3.47131e-006
18250	3.65	-0.0871517	-0.203165	-4.44713e-007
18255	3.651	-0.0871572	-0.20592	5.93058e-006
18260	3.652	-0.0871632	-0.208644	1.94593e-005
18265	3.653	-0.0871696	-0.211334	4.42864e-005
18270	3.654	-0.0871765	-0.213988	8.48483e-005
18275	3.655	-0.0871838	-0.216605	0.000145911
18280	3.656	-0.0871917	-0.219183	0.000232514
18285	3.657	-0.0871999	-0.22172	0.000350006
18290	3.658	-0.0872086	-0.224213	0.000504005
18295	3.659	-0.0872176	-0.226661	0.000700349
18300	3.66	-0.087227	-0.229061	0.000945139
18305	3.661	-0.0872367	-0.23141	0.0012447
18310	3.662	-0.0872467	-0.233706	0.00160556
18315	3.663	-0.0872569	-0.235946	0.00203441
18320	3.664	-0.087282	-0.238128	0.00253704
18325	3.665	-0.0875399	-0.240251	0.00310534
18330	3.666	-0.0881837	-0.242314	0.00373558
18335	3.667	-0.0892659	-0.244315	0.00443073
18340	3.668	-0.09076	-0.24625	0.00519925
18345	3.669	-0.0925951	-0.248116	0.00605303
18350	3.67	-0.094685	-0.249908	0.00700526
18355	3.671	-0.0969685	-0.251623	0.00806793
18360	3.672	-0.099362	-0.253257	0.00925419
18365	3.673	-0.101808	-0.254806	0.0105754
18370	3.674	-0.104278	-0.256267	0.0120407
18375	3.675	-0.106763	-0.257636	0.0136576
18380	3.676	-0.109271	-0.25891	0.0154321
18385	3.677	-0.111815	-0.260088	0.0173695
18390	3.678	-0.114399	-0.261165	0.0194748
18395	3.679	-0.117026	-0.26214	0.021753
18400	3.68	-0.118297	-0.261833	0.0267916
18405	3.681	-0.120077	-0.261428	0.0319659
18410	3.682	-0.122508	-0.260931	0.0372543
18415	3.683	-0.125528	-0.260344	0.0426502
18420	3.684	-0.128966	-0.259668	0.048156
18425	3.685	-0.132636	-0.258903	0.053777
18430	3.686	-0.136392	-0.258049	0.0595172
18435	3.687	-0.140162	-0.257108	0.065377
18440	3.688	-0.143906	-0.256079	0.071355
18445	3.689	-0.14765	-0.254963	0.0774461
18450	3.69	-0.151435	-0.253758	0.0836522
18455	3.691	-0.155301	-0.25246	0.0899855
18460	3.692	-0.159284	-0.25106	0.0964612
18465	3.693	-0.163396	-0.249553	0.103098
18470	3.694	-0.167669	-0.247929	0.109915
18475	3.695	-0.17212	-0.24618	0.116934
18480	3.696	-0.176752	-0.244299	0.124175
18485	3.697	-0.181557	-0.242276	0.131661
18490	3.698	-0.18652	-0.240105	0.139413
18495	3.699	-0.191628	-0.237778	0.147449
18500	3.7	-0.196868	-0.23529	0.155787
18505	3.701	-0.202238	-0.232635	0.164439
18510	3.702	-0.207724	-0.229809	0.173418
18515	3.703	-0.21331	-0.226809	0.182732
18520	3.704	-0.218984	-0.223634	0.192387
18525	3.705	-0.224738	-0.220282	0.202384
18530	3.706	-0.230565	-0.216756	0.212722
18535	3.707	-0.236461	-0.213055	0.223397
18540	3.708	-0.242422	-0.209184	0.234402
18545	3.709	-0.248443	-0.205145	0.245726
18550	3.71	-0.254519	-0.200945	0.257357
18555	3.711	-0.260645	-0.196588	0.269279
18560	3.712	-0.266817	-0.192081	0.281476
18565	3.713	-0.273026	-0.187431	0.293928
18570	3.714	-0.279268	-0.182647	0.306614
18575	3.715	-0.285535	-0.177736	0.319511
18580	3.716	-0.291822	-0.172708	0.332597
18585	3.717	-0.298122	-0.167573	0.345846
18590	3.718	-0.304429	-0.162339	0.359231
18595	3.719	-0.310735	-0.157022	0.372718
18600	3.72	-0.317034	-0.151634	0.386275
18605	3.721	-0.323316	-0.146188	0.399869
18610	3.722	-0.329575	-0.140697	0.413468
18615	3.723	-0.335799	-0.135174	0.427042
18620	3.724	-0.341981	-0.129629	0.44056
18625	3.725	-0.348116	-0.124074	0.453996
18630	3.726	-0.354199	-0.11852	0.467321
18635	3.727	-0.349503	-0.112997	0.481115
18640	3.728	-0.348654	-0.107492	0.494546
18645	3.729	-0.351879	-0.102007	0.507576
18650	3.73	-0.349438	-0.0965766	0.520703
18655	3.731	-0.349188	-0.0911865	0.53349
18660	3.732	-0.349275	-0.0858484	0.546013
18665	3.733	-0.349301	-0.0805694	0.558274
18670	3.734	-0.349309	-0.0753507	0.570268
18675	3.735	-0.349316	-0.0701899	0.581998
18680	3.736	-0.349323	-0.0650848	0.593473
18685	3.737	-0.349328	-0.0600328	0.604698
18690	3.738	-0.349334	-0.0550316	0.615681
18695	3.739	-0.349338	-0.0500787	0.626429
18700	3.74	-0.34934	-0.0451713	0.63695
18705	3.741	-0.349342	-0.0403068	0.64725
18710	3.742	-0.349342	-0.0354824	0.657338
18715	3.743	-0.349342	-0.0306953	0.66722
18720	3.744	-0.349342	-0.025943	0.676904
18725	3.745	-0.349341	-0.0212228	0.686396
18730	3.746	-0.349339	-0.016532	0.695702
18735	3.747	-0.349337	-0.0118681	0.704829
18740	3.748	-0.349336	-0.00722884	0.713783
18745	3.749	-0.349334	-0.00261193	0.72257
18750	3.75	-0.349331	0.0019848	0.731195
18755	3.751	-0.349329	0.00656338	0.739663
18760	3.752	-0.349327	0.0111257	0.747979
18765	3.753	-0.349324	0.0156737	0.756149
18770	3.754	-0.349322	0.0202091	0.764175
18775	3.755	-0.349319	0.0247333	0.772063
18780	3.756	-0.349317	0.029248	0.779817
18785	3.757	-0.349314	0.0337546	0.78744
18790	3.758	-0.349312	0.0382544	0.794935
18795	3.759	-0.349309	0.0427486	0.802305
18800	3.76	-0.349306	0.0472383	0.809555
18805	3.761	-0.349304	0.0517245	0.816685
18810	3.762	-0.349301	0.0562083	0.8237
18815	3.763	-0.349298	0.0606904	0.830601
18820	3.764	-0.349296	0.0651717	0.83739
18825	3.765	-0.349293	0.0696529	0.84407
18830	3.766	-0.349291	0.0741345	0.850642
18835	3.767	-0.349288	0.0786172	0.857109
18840	3.768	-0.349285	0.0831015	0.863471
18845	3.769	-0.349283	0.0875877	0.869731
18850	3.77	-0.349281	0.0920763	0.875889
18855	3.771	-0.349278	0.0965676	0.881946
18860	3.772	-0.349276	0.101062	0.887904
18865	3.773	-0.349273	0.105559	0.893764
18870	3.774	-0.349271	0.11006	0.899527
18875	3.775	-0.349269	0.114563	0.905192
18880	3.776	-0.349266	0.119071	0.910762
18885	3.777	-0.349264	0.123582	0.916236
18890	3.778	-0.349262	0.128096	0.921615
18895	3.779	-0.34926	0.132613	0.9269
18900	3.78	-0.349258	0.137134	0.93209
18905	3.781	-0.349256	0.141658	0.937187
18910	3.782	-0.349254	0.146185	0.942189
18915	3.783	-0.349252	0.150714	0.947098
18920	3.784	-0.34925	0.155246	0.951914
18925	3.785	-0.349248	0.15978	0.956636
18930	3.786	-0.349246	0.164316	0.961265
18935	3.787	-0.349244	0.168854	0.9658
18940	3.788	-0.349242	0.173393	0.970242
18945	3.789	-0.34924	0.177932	0.974591
18950	3.79	-0.349239	0.182473	0.978845
18955	3.791	-0.349237	0.187013	0.983005
18960	3.792	-0.349235	0.191552	0.987072
18965	3.793	-0.349234	0.196091	0.991043
18970	3.794	-0.349232	0.200629	0.99492
18975	3.795	-0.34923	0.205165	0.998702
18980	3.796	-0.349229	0.209698	1.00239
18985	3.797	-0.349227	0.214229	1.00598
18990	3.798	-0.349226	0.218756	1.00947
18995	3.799	-0.349224	0.223279	1.01287
19000	3.8	-0.349223	0.227798	1.01617
19005	3.801	-0.349222	0.232311	1.01938
19010	3.802	-0.34922	0.236819	1.02248
19015	3.803	-0.349219	0.241321	1.02549
19020	3.804	-0.349218	0.245816	1.0284
19025	3.805	-0.349216	0.250303	1.03121
19030	3.806	-0.349215	0.254782	1.03392
19035	3.807	-0.349214	0.259252	1.03653
19040	3.808	-0.349213	0.263713	1.03904
19045	3.809	-0.349212	0.268163	1.04145
19050	3.81	-0.34921	0.272603	1.04376
19055	3.811	-0.349209	0.277032	1.04597
19060	3.812	-0.349208	0.281448	1.04807
19065	3.813	-0.349287	0.285561	1.04916
19070	3.814	-0.349294	0.289357	1.04923
19075	3.815	-0.349264	0.292935	1.04857
19080	3.816	-0.349223	0.296436	1.04762
19085	3.817	-0.349203	0.299922	1.04657
19090	3.818	-0.349202	0.303394	1.04543
19095	3.819	-0.349202	0.306852	1.0442
19100	3.82	-0.349201	0.310297	1.04288
19105	3.821	-0.3492	0.31373	1.04147
19110	3.822	-0.3492	0.31715	1.03997
19115	3.823	-0.349199	0.320557	1.03838
19120	3.824	-0.349198	0.323952	1.03671
19125	3.825	-0.349197	0.327335	1.03495
19130	3.826	-0.349196	0.330705	1.03311
19135	3.827	-0.349195	0.334062	1.03117
19140	3.828	-0.349195	0.337406	1.02916
19145	3.829	-0.349194	0.340737	1.02706
19150	3.83	-0.349193	0.344054	1.02487
19155	3.831	-0.349192	0.347357	1.0226
19160	3.832	-0.349191	0.350646	1.02024
19165	3.833	-0.349191	0.35392	1.0178
19170	3.834	-0.34919	0.357179	1.01527
19175	3.835	-0.349189	0.360422	1.01265
19180	3.836	-0.349188	0.363648	1.00995
19185	3.837	-0.349188	0.366858	1.00716
19190	3.838	-0.349187	0.37005	1.00428
19195	3.839	-0.349186	0.373224	1.00131
19200	3.84	-0.349185	0.376379	0.998259
19205	3.841	-0.349185	0.379515	0.995113
19210	3.842	-0.349184	0.382631	0.991877
19215	3.843	-0.349183	0.385726	0.98855
19220	3.844	-0.349183	0.3888	0.985132
19225	3.845	-0.349182	0.391852	0.981622
19230	3.846	-0.349181	0.394882	0.97802
19235	3.847	-0.34918	0.397888	0.974325
19240	3.848	-0.34918	0.400871	0.970537
19245	3.849	-0.349179	0.403829	0.966654
19250	3.85	-0.339307	0.401666	0.955287
19255	3.851	-0.33315	0.399507	0.943636
19260	3.852	-0.330516	0.397379	0.931785
19265	3.853	-0.331014	0.39531	0.919841
19270	3.854	-0.334333	0.393328	0.907899
19275	3.855	-0.340234	0.391456	0.89604
19280	3.856	-0.34757	0.389706	0.884382
19285	3.857	-0.354657	0.388081	0.873053
19290	3.858	-0.349503	0.386486	0.862643
19295	3.859	-0.346389	0.385055	0.852534
19300	3.86	-0.345834	0.383809	0.842746
19305	3.861	-0.347451	0.382762	0.833328
19310	3.862	-0.350469	0.381918	0.82434
19315	3.863	-0.349254	0.381239	0.816054
19320	3.864	-0.349075	0.380774	0.808243
19325	3.865	-0.349108	0.380521	0.800953
19330	3.866	-0.349116	0.380479	0.794198
19335	3.867	-0.349116	0.380651	0.787974
19340	3.868	-0.349117	0.381034	0.782277
19345	3.869	-0.349118	0.381627	0.777094
19350	3.87	-0.34912	0.382424	0.772412
19355	3.871	-0.349122	0.38342	0.768214
19360	3.872	-0.349124	0.384608	0.764478
19365	3.873	-0.349126	0.385979	0.761181
19370	3.874	-0.349127	0.387525	0.758298
19375	3.875	-0.349128	0.389237	0.7558
19380	3.876	-0.349129	0.391103	0.753657
19385	3.877	-0.349129	0.393113	0.75184
19390	3.878	-0.34913	0.395255	0.750315
19395	3.879	-0.349131	0.397519	0.749051
19400	3.88	-0.349131	0.39989	0.748011
19405	3.881	-0.349131	0.402355	0.747161
19410	3.882	-0.345446	0.401567	0.740807
19415	3.883	-0.343991	0.400865	0.734471
19420	3.884	-0.344594	0.400259	0.728194
19425	3.885	-0.346821	0.399757	0.722022
19430	3.886	-0.349902	0.399362	0.716013
19435	3.887	-0.349229	0.399045	0.710402
19440	3.888	-0.349085	0.398836	0.704996
19445	3.889	-0.349101	0.398736	0.699818
19450	3.89	-0.349108	0.398744	0.694878
19455	3.891	-0.349107	0.39886	0.690176
19460	3.892	-0.349103	0.39908	0.685706
19465	3.893	-0.349098	0.399403	0.681458
19470	3.894	-0.349095	0.399822	0.67742
19475	3.895	-0.349091	0.400332	0.673577
19480	3.896	-0.349087	0.400925	0.669912
19485	3.897	-0.349082	0.401593	0.666402
19490	3.898	-0.348291	0.401461	0.661495
19495	3.899	-0.347788	0.401383	0.656682
19500	3.9	-0.347489	0.401353	0.651955
19505	3.901	-0.347216	0.40136	0.647308
19510	3.902	-0.346795	0.401396	0.642732
19515	3.903	-0.346037	0.401446	0.638215
19520	3.904	-0.344721	0.401429	0.633616
19525	3.905	-0.342833	0.401398	0.629035
19530	3.906	-0.340282	0.401338	0.624447
19535	3.907	-0.336974	0.401233	0.619826
19540	3.908	-0.332554	0.40108	0.615256
19545	3.909	-0.326885	0.40085	0.610613
19550	3.91	-0.320052	0.400523	0.605852
19555	3.911	-0.312061	0.400082	0.600937
19560	3.912	-0.302875	0.39951	0.595832
19565	3.913	-0.292431	0.398791	0.590503
19570	3.914	-0.280674	0.397907	0.584919
19575	3.915	-0.267594	0.396845	0.579043
19580	3.916	-0.253243	0.395591	0.572843
19585	3.917	-0.23774	0.394134	0.56628
19590	3.918	-0.221173	0.392464	0.559324
19595	3.919	-0.203813	0.390573	0.551938
19600	3.92	-0.185939	0.388455	0.54409
19605	3.921	-0.167776	0.386105	0.535755
19610	3.922	-0.149485	0.38352	0.526916
19615	3.923	-0.131164	0.3807	0.517562
19620	3.924	-0.112863	0.377642	0.507688
19625	3.925	-0.0946041	0.374348	0.497295
19630	3.926	-0.0763984	0.370819	0.486388
19635	3.927	-0.0859745	0.367251	0.474049
19640	3.928	-0.0871944	0.363429	0.46159
19645	3.929	-0.0868381	0.359395	0.448793
19650	3.93	-0.0866812	0.35516	0.435603
19655	3.931	-0.0866177	0.35073	0.422039
19660	3.932	-0.0865627	0.346109	0.408118
19665	3.933	-0.0865126	0.341304	0.393862
19670	3.934	-0.0864698	0.336323	0.379289
19675	3.935	-0.086431	0.331175	0.364423
19680	3.936	-0.0863958	0.325869	0.349285
19685	3.937	-0.0863643	0.320413	0.333899
19690	3.938	-0.086334	0.314819	0.318286
19695	3.939	-0.0863125	0.309094	0.302468
19700	3.94	-0.0862952	0.303249	0.286466
19705	3.941	-0.0862814	0.297292	0.2703
19710	3.942	-0.0862707	0.291233	0.253992
19715	3.943	-0.086263	0.285079	0.23756
19720	3.944	-0.0862579	0.27884	0.221025
19725	3.945	-0.086255	0.272524	0.204404
19730	3.946	-0.0862547	0.266139	0.187716
19735	3.947	-0.0862552	0.259692	0.170978
19740	3.948	-0.0862566	0.253192	0.154206
19745	3.949	-0.0862591	0.246646	0.137416
19750	3.95	-0.0862627	0.240061	0.120624
19755	3.951	-0.0862671	0.233444	0.103844
19760	3.952	-0.0862724	0.226802	0.0870884
19765	3.953	-0.0862784	0.22014	0.0703715
19770	3.954	-0.0862851	0.213465	0.0537052
19775	3.955	-0.0862923	0.206783	0.0371014
19780	3.956	-0.0863002	0.200099	0.0205711
19785	3.957	-0.0863085	0.193419	0.0041249
19790	3.958	-0.0863174	0.186749	-0.0122272
19795	3.959	-0.0853942	0.185272	-0.0139298
19800	3.96	-0.0856867	0.186627	-0.00768807
19805	3.961	-0.0862364	0.188196	-0.000781774
19810	3.962	-0.0863627	0.189629	0.00584953
19815	3.963	-0.0863717	0.190862	0.0120256
19820	3.964	-0.0863902	0.191841	0.0176018
19825	3.965	-0.0864126	0.192522	0.022464
19830	3.966	-0.0864325	0.19287	0.0265185
19835	3.967	-0.0864498	0.192855	0.0296898
19840	3.968	-0.086465	0.192454	0.0319201
19845	3.969	-0.0864787	0.191651	0.0331672
19850	3.97	-0.086491	0.190436	0.0334039
19855	3.971	-0.0865013	0.188803	0.0326162
19860	3.972	-0.086514	0.18675	0.0308026
19865	3.973	-0.0865267	0.184283	0.0279731
19870	3.974	-0.0865391	0.181408	0.0241476
19875	3.975	-0.0865511	0.178136	0.0193544
19880	3.976	-0.086563	0.174481	0.0136297
19885	3.977	-0.0865746	0.170459	0.00701585
19890	3.978	-0.086586	0.166089	-0.000438999
19895	3.979	-0.0863148	0.162969	-0.0042507
19900	3.98	-0.0862844	0.161139	-0.00433583
19905	3.981	-0.0864173	0.159933	-0.00255208
19910	3.982	-0.0865626	0.158681	-0.000771136
19915	3.983	-0.0866388	0.157084	0.000179516
19920	3.984	-0.0866528	0.155136	0.00027643
19925	3.985	-0.0866643	0.152829	-0.000495063
19930	3.986	-0.0866078	0.150554	-0.00104514
19935	3.987	-0.0866014	0.148371	-0.00120901
19940	3.988	-0.0866186	0.14624	-0.00109902
19945	3.989	-0.0866422	0.14409	-0.000910874
19950	3.99	-0.0866621	0.141874	-0.000780535
19955	3.991	-0.0866746	0.139578	-0.000744809
19960	3.992	-0.086682	0.137214	-0.000772797
19965	3.993	-0.0866879	0.134799	-0.000816102
19970	3.994	-0.0866948	0.132345	-0.00084259
19975	3.995	-0.0867033	0.129856	-0.000844689
19980	3.996	-0.0867128	0.127329	-0.000830872
19985	3.997	-0.0867224	0.124761	-0.000813226
19990	3.998	-0.0867313	0.122148	-0.000799455
19995	3.999	-0.0867396	0.119491	-0.00079115
20000	4	-0.0867476	0.116791	-0.000786071
20005	4.001	-0.0867553	0.114051	-0.000781287
20010	4.002	-0.0867629	0.11127	-0.000775033
20015	4.003	-0.0867705	0.108451	-0.000767072
20020	4.004	-0.086778	0.105593	-0.000758039
20025	4.005	-0.0867852	0.102698	-0.000748633
20030	4.006	-0.0867923	0.0997643	-0.000739104
20035	4.007	-0.0867992	0.0967944	-0.00072958
20040	4.008	-0.086806	0.0937885	-0.000720058
20045	4.009	-0.0868125	0.0907475	-0.000710484
20050	4.01	-0.086819	0.0876721	-0.000700815
20055	4.011	-0.0868253	0.0845632	-0.000691039
20060	4.012	-0.0868314	0.0814216	-0.000681167
20065	4.013	-0.0868374	0.0782482	-0.00067122
20070	4.014	-0.0868433	0.0750437	-0.00066121
20075	4.015	-0.0868491	0.071809	-0.000651145
20080	4.016	-0.0868547	0.068545	-0.00064104
20085	4.017	-0.0868603	0.0652526	-0.000630891
20090	4.018	-0.0868657	0.0619327	-0.00062071
20095	4.019	-0.086871	0.0585861	-0.000610506
20100	4.02	-0.0868761	0.0552138	-0.000600267
20105	4.021	-0.0868812	0.0518168	-0.000590003
20110	4.022	-0.0868862	0.0483959	-0.000579714
20115	4.023	-0.0868911	0.044952	-0.000569403
20120	4.024	-0.0868958	0.0414862	-0.000559081
20125	4.025	-0.0869005	0.0379994	-0.000548742
20130	4.026	-0.0869051	0.0344925	-0.000538396
20135	4.027	-0.0869096	0.0309665	-0.000528046
20140	4.028	-0.0869141	0.0274224	-0.000517688
20145	4.029	-0.0869185	0.0238611	-0.000507322
20150	4.03	-0.0869228	0.0202836	-0.000496947
20155	4.031	-0.086927	0.016691	-0.000486563
20160	4.032	-0.0869312	0.0130842	-0.000476161
20165	4.033	-0.0869353	0.00946415	-0.000465769
20170	4.034	-0.0869394	0.00583192	-0.000455373
20175	4.035	-0.0869434	0.00218849	-0.000444976
20180	4.036	-0.0869474	-0.00146514	-0.000434576
20185	4.037	-0.0869514	-0.00512796	-0.00042418
20190	4.038	-0.0869553	-0.00879896	-0.000413793
20195	4.039	-0.0869592	-0.0124771	-0.000403403
20200	4.04	-0.086963	-0.0161615	-0.000393014
20205	4.041	-0.0869668	-0.019851	-0.000382626
20210	4.042	-0.0869706	-0.0235446	-0.000372243
20215	4.043	-0.0869744	-0.0272413	-0.000361872
20220	4.044	-0.0869781	-0.0309402	-0.000351511
20225	4.045	-0.0869818	-0.0346402	-0.000341177
20230	4.046	-0.0869855	-0.0383402	-0.000330852
20235	4.047	-0.0869891	-0.0420393	-0.000320533
20240	4.048	-0.0869928	-0.0457365	-0.000310237
20245	4.049	-0.0869964	-0.0494307	-0.00029996
20250	4.05	-0.087	-0.053121	-0.0002897
20255	4.051	-0.0870036	-0.0568062	-0.000279469
20260	4.052	-0.0870072	-0.0604856	-0.000269258
20265	4.053	-0.0870107	-0.0641579	-0.000259071
20270	4.054	-0.0870143	-0.0678223	-0.000248925
20275	4.055	-0.0870178	-0.0714778	-0.000238808
20280	4.056	-0.0870213	-0.0751232	-0.000228719
20285	4.057	-0.0870248	-0.0787578	-0.000218654
20290	4.058	-0.0870283	-0.0823804	-0.000208625
20295	4.059	-0.0870318	-0.0859901	-0.000198647
20300	4.06	-0.0870353	-0.0895859	-0.000188713
20305	4.061	-0.0870388	-0.0931669	-0.000178817
20310	4.062	-0.0870422	-0.0967321	-0.000168965
20315	4.063	-0.0870457	-0.100281	-0.000159165
20320	4.064	-0.0870491	-0.103811	-0.000149417
20325	4.065	-0.0870526	-0.107323	-0.000139724
20330	4.066	-0.087056	-0.110816	-0.000130086
20335	4.067	-0.0870594	-0.114288	-0.0001205
20340	4.068	-0.0870629	-0.117738	-0.00011097
20345	4.069	-0.0870663	-0.121166	-0.000101497
20350	4.07	-0.0870697	-0.124571	-9.21038e-005
20355	4.071	-0.0870731	-0.127952	-8.27684e-005
20360	4.072	-0.0870766	-0.131308	-7.3504e-005
20365	4.073	-0.08708	-0.134637	-6.43203e-005
20370	4.074	-0.0870834	-0.13794	-5.52089e-005
20375	4.075	-0.0870868	-0.141215	-4.61822e-005
20380	4.076	-0.0870902	-0.144462	-3.72276e-005
20385	4.077	-0.0870936	-0.147681	-3.18994e-005
20390	4.078	-0.0870967	-0.150874	-3.01637e-005
20395	4.079	-0.0870997	-0.154038	-3.01871e-005
20400	4.08	-0.0871027	-0.157173	-3.01996e-005
20405	4.081	-0.0871057	-0.160279	-2.93492e-005
20410	4.082	-0.0871089	-0.163357	-2.76808e-005
20415	4.083	-0.0871121	-0.166406	-2.56596e-005
20420	4.084	-0.0871152	-0.169426	-2.36863e-005
20425	4.085	-0.0871184	-0.172417	-2.19143e-005
20430	4.086	-0.0871216	-0.17538	-2.02845e-005
20435	4.087	-0.0871249	-0.178314	-1.86461e-005
20440	4.088	-0.0871284	-0.181219	-1.68613e-005
20445	4.089	-0.087132	-0.184095	-1.48378e-005
20450	4.09	-0.087136	-0.186943	-1.25715e-005
20455	4.091	-0.0871403	-0.189761	-1.00655e-005
20460	4.092	-0.087145	-0.192551	-7.31416e-006
20465	4.093	-0.0871502	-0.195311	-4.28446e-006
20470	4.094	-0.0871558	-0.198042	-9.5666e-007
20475	4.095	-0.0871617	-0.200743	5.51301e-006
20480	4.096	-0.087168	-0.203412	1.92732e-005
20485	4.097	-0.0871748	-0.206048	4.47859e-005
20490	4.098	-0.087182	-0.208648	8.68441e-005
20495	4.099	-0.0871897	-0.211211	0.000150571
20500	4.1	-0.0871979	-0.213734	0.000241351
20505	4.101	-0.0872064	-0.216216	0.000364897
20510	4.102	-0.0872154	-0.218654	0.00052713
20515	4.103	-0.0872247	-0.221045	0.000734249
20520	4.104	-0.0872343	-0.223388	0.000992661
20525	4.105	-0.0872442	-0.225679	0.00130902
20530	4.106	-0.0872544	-0.227916	0.00169012
20535	4.107	-0.0872647	-0.230096	0.00214295
20540	4.108	-0.0874546	-0.232218	0.00266212
20545	4.109	-0.0879974	-0.234281	0.00324271
20550	4.11	-0.0889703	-0.236283	0.00388619
20555	4.111	-0.0903651	-0.238221	0.00459989
20560	4.112	-0.0921202	-0.240091	0.00539512
20565	4.113	-0.0941515	-0.241889	0.00628503
20570	4.114	-0.0963866	-0.243611	0.00728237
20575	4.115	-0.0987539	-0.245253	0.0083998
20580	4.116	-0.101189	-0.246812	0.00964926
20585	4.117	-0.103655	-0.248283	0.0110408
20590	4.118	-0.106136	-0.249663	0.0125824
20595	4.119	-0.108638	-0.25095	0.0142807
20600	4.12	-0.111171	-0.25214	0.0161412
20605	4.121	-0.113742	-0.253231	0.0181691
20610	4.122	-0.116354	-0.25422	0.0203695
20615	4.123	-0.119004	-0.255105	0.0227474
20620	4.124	-0.121695	-0.255883	0.0253068
20625	4.125	-0.124433	-0.256552	0.028051
20630	4.126	-0.127225	-0.257111	0.0309827
20635	4.127	-0.130081	-0.257557	0.0341042
20640	4.128	-0.133011	-0.25789	0.0374168
20645	4.129	-0.136029	-0.258107	0.0409214
20650	4.13	-0.139142	-0.258206	0.0446236
20655	4.131	-0.142358	-0.258182	0.048534
20660	4.132	-0.145688	-0.25803	0.0526652
20665	4.133	-0.149147	-0.257744	0.0570317
20670	4.134	-0.152753	-0.257316	0.0616495
20675	4.135	-0.156522	-0.256739	0.0665367
20680	4.136	-0.160468	-0.256006	0.0717122
20685	4.137	-0.1646	-0.255108	0.0771963
20690	4.138	-0.168918	-0.254038	0.0830095
20695	4.139	-0.17342	-0.252788	0.0891716
20700	4.14	-0.178098	-0.251351	0.0957018
20705	4.141	-0.182947	-0.249721	0.102617
20710	4.142	-0.187954	-0.247891	0.109933
20715	4.143	-0.193099	-0.245857	0.117662
20720	4.144	-0.198363	-0.243616	0.125815
20725	4.145	-0.203734	-0.241165	0.134399
20730	4.146	-0.209206	-0.238504	0.143417
20735	4.147	-0.214774	-0.235632	0.152868
20740	4.148	-0.220439	-0.23255	0.162749
20745	4.149	-0.226198	-0.229261	0.173055
20750	4.15	-0.232048	-0.225769	0.183774
20755	4.151	-0.237985	-0.222078	0.194895
20760	4.152	-0.244002	-0.218194	0.206403
20765	4.153	-0.250091	-0.214124	0.21828
20770	4.154	-0.256244	-0.209875	0.230507
20775	4.155	-0.262453	-0.205456	0.243062
20780	4.156	-0.268707	-0.200876	0.255922
20785	4.157	-0.275001	-0.196143	0.26906
20790	4.158	-0.281327	-0.191269	0.28245
20795	4.159	-0.287676	-0.186265	0.296064
20800	4.16	-0.294042	-0.18114	0.309873
20805	4.161	-0.300418	-0.175906	0.323849
20810	4.162	-0.306795	-0.170574	0.33796
20815	4.163	-0.313167	-0.165159	0.352174
20820	4.164	-0.319527	-0.159674	0.366451
20825	4.165	-0.325868	-0.154134	0.380756
20830	4.166	-0.332179	-0.148555	0.395053
20835	4.167	-0.338452	-0.142948	0.409309
20840	4.168	-0.344679	-0.137328	0.42349
20845	4.169	-0.350856	-0.131706	0.437567
20850	4.17	-0.349377	-0.126102	0.451948
20855	4.171	-0.349126	-0.12052	0.466108
20860	4.172	-0.349191	-0.114971	0.480068
20865	4.173	-0.349231	-0.109462	0.493821
20870	4.174	-0.349255	-0.104003	0.507342
20875	4.175	-0.349274	-0.0986017	0.520608
20880	4.176	-0.349289	-0.0932637	0.533599
20885	4.177	-0.349302	-0.0879952	0.546299
20890	4.178	-0.349311	-0.0827941	0.558712
20895	4.179	-0.349319	-0.0776579	0.570846
20900	4.18	-0.349325	-0.0725835	0.582708
20905	4.181	-0.349331	-0.0675683	0.594305
20910	4.182	-0.349335	-0.0626093	0.605647
20915	4.183	-0.34934	-0.0577035	0.616742
20920	4.184	-0.349341	-0.0528479	0.627598
20925	4.185	-0.349342	-0.0480392	0.638224
20930	4.186	-0.349342	-0.0432743	0.648627
20935	4.187	-0.349342	-0.03855	0.658816
20940	4.188	-0.349341	-0.0338634	0.668799
20945	4.189	-0.34934	-0.0292113	0.678582
20950	4.19	-0.349339	-0.0245909	0.688174
20955	4.191	-0.349337	-0.0199994	0.697582
20960	4.192	-0.349335	-0.0154342	0.706811
20965	4.193	-0.349333	-0.0108927	0.715869
20970	4.194	-0.349331	-0.00637258	0.724761
20975	4.195	-0.349328	-0.00187147	0.733494
20980	4.196	-0.349326	0.00261277	0.742072
20985	4.197	-0.349324	0.00708218	0.750501
20990	4.198	-0.349321	0.0115387	0.758786
20995	4.199	-0.349318	0.0159841	0.766931
21000	4.2	-0.349316	0.0204202	0.77494
21005	4.201	-0.349313	0.0248484	0.782818
21010	4.202	-0.349311	0.0292702	0.790568
21015	4.203	-0.349308	0.0336871	0.798194
21020	4.204	-0.349305	0.0381003	0.805699
21025	4.205	-0.349303	0.0425109	0.813086
21030	4.206	-0.3493	0.04692	0.820358
21035	4.207	-0.349297	0.0513286	0.827517
21040	4.208	-0.349295	0.0557376	0.834566
21045	4.209	-0.349292	0.0601478	0.841507
21050	4.21	-0.349289	0.0645599	0.848342
21055	4.211	-0.349287	0.0689745	0.855074
21060	4.212	-0.349284	0.0733923	0.861702
21065	4.213	-0.349282	0.0778137	0.86823
21070	4.214	-0.349279	0.0822391	0.874659
21075	4.215	-0.349277	0.086669	0.880989
21080	4.216	-0.349275	0.0911037	0.887223
21085	4.217	-0.349272	0.0955434	0.893361
21090	4.218	-0.34927	0.0999883	0.899403
21095	4.219	-0.349268	0.104439	0.905352
21100	4.22	-0.349265	0.108894	0.911207
21105	4.221	-0.349263	0.113356	0.91697
21110	4.222	-0.349261	0.117822	0.92264
21115	4.223	-0.349259	0.122295	0.928218
21120	4.224	-0.349257	0.126773	0.933706
21125	4.225	-0.349255	0.131256	0.939102
21130	4.226	-0.349253	0.135744	0.944407
21135	4.227	-0.349251	0.140237	0.949622
21140	4.228	-0.349249	0.144735	0.954746
21145	4.229	-0.349247	0.149238	0.95978
21150	4.23	-0.349245	0.153745	0.964723
21155	4.231	-0.349243	0.158256	0.969577
21160	4.232	-0.349241	0.16277	0.974339
21165	4.233	-0.34924	0.167288	0.979011
21170	4.234	-0.349238	0.171809	0.983593
21175	4.235	-0.349236	0.176332	0.988083
21180	4.236	-0.349235	0.180858	0.992483
21185	4.237	-0.349233	0.185385	0.996791
21190	4.238	-0.349231	0.189913	1.00101
21195	4.239	-0.34923	0.194442	1.00513
21200	4.24	-0.349228	0.198971	1.00916
21205	4.241	-0.349227	0.2035	1.0131
21210	4.242	-0.349225	0.208028	1.01695
21215	4.243	-0.349224	0.212555	1.0207
21220	4.244	-0.349222	0.21708	1.02436
21225	4.245	-0.349221	0.221602	1.02793
21230	4.246	-0.34922	0.226122	1.0314
21235	4.247	-0.349218	0.230637	1.03477
21240	4.248	-0.349217	0.235149	1.03805
21245	4.249	-0.349216	0.239655	1.04124
21250	4.25	-0.349214	0.244156	1.04432
21255	4.251	-0.349213	0.248651	1.04731
21260	4.252	-0.349296	0.252833	1.04926
21265	4.253	-0.349325	0.256611	1.04988
21270	4.254	-0.349305	0.260052	1.0494
21275	4.255	-0.349258	0.263318	1.04832
21280	4.256	-0.349209	0.266576	1.04716
21285	4.257	-0.349206	0.269827	1.04591
21290	4.258	-0.349206	0.273074	1.04458
21295	4.259	-0.349206	0.276315	1.04317
21300	4.26	-0.349205	0.279553	1.04169
21305	4.261	-0.349204	0.282788	1.04013
21310	4.262	-0.349203	0.286019	1.0385
21315	4.263	-0.349203	0.289249	1.0368
21320	4.264	-0.349202	0.292476	1.03503
21325	4.265	-0.349201	0.295701	1.03319
21330	4.266	-0.3492	0.298924	1.03128
21335	4.267	-0.349199	0.302145	1.0293
21340	4.268	-0.349198	0.305364	1.02725
21345	4.269	-0.349197	0.30858	1.02514
21350	4.27	-0.349197	0.311794	1.02296
21355	4.271	-0.349196	0.315004	1.0207
21360	4.272	-0.349195	0.318212	1.01838
21365	4.273	-0.349194	0.321415	1.01599
21370	4.274	-0.349193	0.324614	1.01353
21375	4.275	-0.349193	0.327808	1.011
21380	4.276	-0.349192	0.330997	1.0084
21385	4.277	-0.349191	0.334179	1.00573
21390	4.278	-0.34919	0.337355	1.00299
21395	4.279	-0.34919	0.340523	1.00017
21400	4.28	-0.349189	0.343683	0.997279
21405	4.281	-0.349188	0.346834	0.994315
21410	4.282	-0.349187	0.349976	0.991275
21415	4.283	-0.349187	0.353107	0.98816
21420	4.284	-0.349186	0.356227	0.984969
21425	4.285	-0.349185	0.359335	0.981699
21430	4.286	-0.349184	0.36243	0.978352
21435	4.287	-0.349184	0.365513	0.974925
21440	4.288	-0.349183	0.36858	0.971419
21445	4.289	-0.349182	0.371633	0.967831
21450	4.29	-0.349182	0.37467	0.964162
21455	4.291	-0.349181	0.377691	0.960411
21460	4.292	-0.34918	0.380694	0.956576
21465	4.293	-0.349179	0.383679	0.952657
21470	4.294	-0.349179	0.386645	0.948653
21475	4.295	-0.349178	0.389592	0.944566
21480	4.296	-0.349176	0.392523	0.940402
21485	4.297	-0.349175	0.395438	0.936169
21490	4.298	-0.349174	0.398339	0.931874
21495	4.299	-0.349172	0.40123	0.927524
21500	4.3	-0.349171	0.40411	0.923125
21505	4.301	-0.339444	0.401672	0.910727
21510	4.302	-0.333226	0.399249	0.898103
21515	4.303	-0.330331	0.396877	0.885363
21520	4.304	-0.330394	0.394587	0.872616
21525	4.305	-0.333123	0.392409	0.859959
21530	4.306	-0.338291	0.390368	0.84748
21535	4.307	-0.345071	0.38848	0.835281
21540	4.308	-0.351815	0.386749	0.823493
21545	4.309	-0.349388	0.385114	0.812579
21550	4.31	-0.348053	0.383668	0.802104
21555	4.311	-0.348156	0.38243	0.792088
21560	4.312	-0.349459	0.381411	0.782573
21565	4.313	-0.349163	0.3806	0.773707
21570	4.314	-0.349097	0.380018	0.76542
21575	4.315	-0.349104	0.379668	0.757727
21580	4.316	-0.349105	0.379552	0.750634
21585	4.317	-0.349104	0.379672	0.744136
21590	4.318	-0.349103	0.380025	0.738227
21595	4.319	-0.349104	0.380609	0.732891
21600	4.32	-0.349105	0.381416	0.728112
21605	4.321	-0.349106	0.382441	0.723867
21610	4.322	-0.349108	0.383673	0.72013
21615	4.323	-0.349112	0.385104	0.716874
21620	4.324	-0.349113	0.386722	0.714065
21625	4.325	-0.349114	0.388514	0.711671
21630	4.326	-0.349114	0.39047	0.709657
21635	4.327	-0.349115	0.392575	0.707984
21640	4.328	-0.349115	0.394815	0.706615
21645	4.329	-0.349116	0.397175	0.705508
21650	4.33	-0.349116	0.399639	0.70462
21655	4.331	-0.349115	0.402191	0.703912
21660	4.332	-0.34575	0.401561	0.697689
21665	4.333	-0.344139	0.401	0.691484
21670	4.334	-0.34429	0.400519	0.685323
21675	4.335	-0.345807	0.400122	0.679247
21680	4.336	-0.348059	0.399813	0.673301
21685	4.337	-0.350529	0.399588	0.667523
21690	4.338	-0.349207	0.399426	0.662115
21695	4.339	-0.348471	0.399348	0.656861
21700	4.34	-0.348371	0.399352	0.651757
21705	4.341	-0.348737	0.399435	0.646802
21710	4.342	-0.349245	0.399588	0.642002
21715	4.343	-0.349087	0.399799	0.63738
21720	4.344	-0.348737	0.400061	0.632892
21725	4.345	-0.348056	0.400362	0.628522
21730	4.346	-0.346967	0.400688	0.624247
21735	4.347	-0.345095	0.401049	0.62021
21740	4.348	-0.342122	0.401414	0.616297
21745	4.349	-0.338332	0.401764	0.612435
21750	4.35	-0.333274	0.401451	0.607443
21755	4.351	-0.327803	0.401086	0.602399
21760	4.352	-0.322066	0.400653	0.597256
21765	4.353	-0.31591	0.400135	0.591986
21770	4.354	-0.309065	0.399515	0.586561
21775	4.355	-0.301231	0.398774	0.580957
21780	4.356	-0.292141	0.397895	0.575153
21785	4.357	-0.281598	0.396861	0.569127
21790	4.358	-0.269501	0.395657	0.562851
21795	4.359	-0.255867	0.394271	0.556292
21800	4.36	-0.24082	0.39269	0.549413
21805	4.361	-0.224572	0.390904	0.542177
21810	4.362	-0.207258	0.388906	0.53455
21815	4.363	-0.18925	0.38669	0.526496
21820	4.364	-0.170873	0.384251	0.517981
21825	4.365	-0.15237	0.381586	0.508983
21830	4.366	-0.133885	0.378693	0.499489
21835	4.367	-0.115486	0.37557	0.48949
21840	4.368	-0.0971892	0.372219	0.478988
21845	4.369	-0.0789862	0.368641	0.467984
21850	4.37	-0.0860909	0.364999	0.455617
21855	4.371	-0.0871291	0.361125	0.443065
21860	4.372	-0.0868491	0.357045	0.430176
21865	4.373	-0.0867002	0.352769	0.416907
21870	4.374	-0.0866313	0.348302	0.403273
21875	4.375	-0.0865738	0.343647	0.389289
21880	4.376	-0.0865224	0.338812	0.374975
21885	4.377	-0.0864787	0.333804	0.36035
21890	4.378	-0.0864393	0.328631	0.345435
21895	4.379	-0.0864035	0.323302	0.33025
21900	4.38	-0.0863713	0.317825	0.314818
21905	4.381	-0.0863401	0.312209	0.299159
21910	4.382	-0.0863179	0.306465	0.283294
21915	4.383	-0.0862998	0.3006	0.267243
21920	4.384	-0.0862852	0.294624	0.251027
21925	4.385	-0.086274	0.288545	0.234665
21930	4.386	-0.0862657	0.282372	0.218176
21935	4.387	-0.08626	0.276112	0.201579
21940	4.388	-0.0862566	0.269775	0.184893
21945	4.389	-0.0862553	0.263369	0.168135
21950	4.39	-0.0862563	0.2569	0.151323
21955	4.391	-0.0862575	0.250377	0.134472
21960	4.392	-0.0862597	0.243808	0.117599
21965	4.393	-0.086263	0.237198	0.100718
21970	4.394	-0.0862672	0.230556	0.0838449
21975	4.395	-0.0862722	0.223887	0.0669927
21980	4.396	-0.086278	0.217199	0.0501748
21985	4.397	-0.0862845	0.210498	0.033404
21990	4.398	-0.0862916	0.203788	0.0166921
21995	4.399	-0.0862993	0.197077	5.09023e-005
22000	4.4	-0.0863075	0.19037	-0.0165088
22005	4.401	-0.0852311	0.189673	-0.0161277
22010	4.402	-0.0856503	0.191823	-0.00776534
22015	4.403	-0.0862828	0.19388	0.000406319
22020	4.404	-0.0863586	0.195779	0.00825434
22025	4.405	-0.0863621	0.197452	0.0155788
22030	4.406	-0.0863824	0.198843	0.022231
22035	4.407	-0.0864048	0.199907	0.0280922
22040	4.408	-0.0864239	0.200604	0.0330644
22045	4.409	-0.0864402	0.200905	0.0370694
22050	4.41	-0.0864545	0.200787	0.0400473
22055	4.411	-0.0864674	0.200233	0.0419553
22060	4.412	-0.0864775	0.199232	0.0427658
22065	4.413	-0.0864889	0.197779	0.042466
22070	4.414	-0.0865015	0.195874	0.0410562
22075	4.415	-0.0865139	0.193521	0.0385487
22080	4.416	-0.0865261	0.190729	0.0349661
22085	4.417	-0.0865382	0.18751	0.0303399
22090	4.418	-0.08655	0.183879	0.0247098
22095	4.419	-0.0865616	0.179853	0.0181221
22100	4.42	-0.0865731	0.175454	0.010629
22105	4.421	-0.0865843	0.170703	0.0022875
22110	4.422	-0.0865952	0.165623	-0.0068417
22115	4.423	-0.0860609	0.163276	-0.00816984
22120	4.424	-0.0862114	0.16249	-0.00503101
22125	4.425	-0.0865082	0.161871	-0.0013049
22130	4.426	-0.0866383	0.160917	0.00162066
22135	4.427	-0.08665	0.15961	0.00369644
22140	4.428	-0.0866611	0.157938	0.00488387
22145	4.429	-0.0866752	0.155895	0.00516545
22150	4.43	-0.0866881	0.153478	0.0045363
22155	4.431	-0.0866992	0.15069	0.00300198
22160	4.432	-0.0867091	0.147536	0.000577516
22165	4.433	-0.086718	0.144026	-0.00271375
22170	4.434	-0.0865021	0.141417	-0.00334897
22175	4.435	-0.0865522	0.139344	-0.00236738
22180	4.436	-0.086658	0.137333	-0.00108869
22185	4.437	-0.0867267	0.135097	-0.00031779
22190	4.438	-0.0867474	0.132585	-0.000191148
22195	4.439	-0.0867392	0.129894	-0.00044484
22200	4.44	-0.0867255	0.12714	-0.000753113
22205	4.441	-0.0867208	0.124391	-0.000927048
22210	4.442	-0.0867269	0.121657	-0.000942279
22215	4.443	-0.0867393	0.118914	-0.000868096
22220	4.444	-0.0867531	0.116134	-0.00078427
22225	4.445	-0.0867641	0.113302	-0.000734873
22230	4.446	-0.0867718	0.110416	-0.000723837
22235	4.447	-0.086778	0.107485	-0.000733231
22240	4.448	-0.0867839	0.104515	-0.000743563
22245	4.449	-0.0867903	0.101511	-0.000744616
22250	4.45	-0.0867972	0.0984748	-0.000736018
22255	4.451	-0.0868043	0.0954043	-0.000722236
22260	4.452	-0.0868112	0.092299	-0.000708057
22265	4.453	-0.0868179	0.089159	-0.00069597
22270	4.454	-0.0868242	0.0859849	-0.000686088
22275	4.455	-0.0868304	0.082778	-0.00067729
22280	4.456	-0.0868364	0.0795395	-0.000668422
22285	4.457	-0.0868423	0.0762705	-0.000658927
22290	4.458	-0.0868481	0.0729719	-0.000648826
22295	4.459	-0.0868538	0.0696445	-0.000638409
22300	4.46	-0.0868594	0.0662889	-0.000627953
22305	4.461	-0.0868648	0.0629062	-0.000617594
22310	4.462	-0.0868701	0.0594972	-0.000607337
22315	4.463	-0.0868753	0.0560629	-0.000597105
22320	4.464	-0.0868804	0.0526042	-0.000586843
22325	4.465	-0.0868854	0.0491221	-0.000576524
22330	4.466	-0.0868903	0.0456175	-0.000566147
22335	4.467	-0.0868951	0.0420913	-0.00055574
22340	4.468	-0.0868998	0.0385446	-0.000545317
22345	4.469	-0.0869045	0.0349783	-0.000534895
22350	4.47	-0.086909	0.0313933	-0.000524465
22355	4.471	-0.0869135	0.0277907	-0.00051403
22360	4.472	-0.0869178	0.0241714	-0.000503587
22365	4.473	-0.0869222	0.0205364	-0.000493141
22370	4.474	-0.0869264	0.0168868	-0.000482692
22375	4.475	-0.0869306	0.0132235	-0.000472219
22380	4.476	-0.0869348	0.00954747	-0.000461748
22385	4.477	-0.0869389	0.00585981	-0.00045128
22390	4.478	-0.0869429	0.00216149	-0.000440812
22395	4.479	-0.0869469	-0.00154648	-0.00043035
22400	4.48	-0.0869509	-0.00526307	-0.000419876
22405	4.481	-0.0869548	-0.00898728	-0.000409402
22410	4.482	-0.0869587	-0.0127181	-0.000398934
22415	4.483	-0.0869625	-0.0164545	-0.000388476
22420	4.484	-0.0869664	-0.0201954	-0.000378023
22425	4.485	-0.0869702	-0.0239399	-0.000367576
22430	4.486	-0.0869739	-0.0276868	-0.000357136
22435	4.487	-0.0869777	-0.0314353	-0.00034671
22440	4.488	-0.0869814	-0.0351842	-0.000336301
22445	4.489	-0.0869851	-0.0389326	-0.0003259
22450	4.49	-0.0869887	-0.0426794	-0.000315516
22455	4.491	-0.0869924	-0.0464236	-0.000305144
22460	4.492	-0.086996	-0.0501642	-0.000294805
22465	4.493	-0.0869996	-0.0539001	-0.00028449
22470	4.494	-0.0870032	-0.0576305	-0.000274194
22475	4.495	-0.0870068	-0.0613541	-0.000263916
22480	4.496	-0.0870103	-0.0650701	-0.000253662
22485	4.497	-0.0870139	-0.0687775	-0.000243449
22490	4.498	-0.0870174	-0.0724752	-0.000233266
22495	4.499	-0.0870209	-0.0761622	-0.000223122
22500	4.5	-0.0870244	-0.0798375	-0.000213013
22505	4.501	-0.0870279	-0.0835002	-0.000202932
22510	4.502	-0.0870314	-0.0871493	-0.000192893
22515	4.503	-0.0870349	-0.0907838	-0.000182895
22520	4.504	-0.0870384	-0.0944026	-0.000172944
22525	4.505	-0.0870418	-0.0980049	-0.000163051
22530	4.506	-0.0870453	-0.10159	-0.000153201
22535	4.507	-0.0870487	-0.105156	-0.000143404
22540	4.508	-0.0870522	-0.108703	-0.00013366
22545	4.509	-0.0870556	-0.112229	-0.000123973
22550	4.51	-0.087059	-0.115735	-0.000114341
22555	4.511	-0.0870625	-0.119218	-0.000104771
22560	4.512	-0.0870659	-0.122678	-9.52692e-005
22565	4.513	-0.0870693	-0.126113	-8.58227e-005
22570	4.514	-0.0870727	-0.129524	-7.64443e-005
22575	4.515	-0.0870762	-0.132909	-6.7152e-005
22580	4.516	-0.0870796	-0.136267	-5.79292e-005
22585	4.517	-0.087083	-0.139598	-4.8781e-005
22590	4.518	-0.0870864	-0.1429	-3.97119e-005
22595	4.519	-0.0870898	-0.146174	-3.31381e-005
22600	4.52	-0.087093	-0.149421	-3.02419e-005
22605	4.521	-0.087096	-0.152639	-2.97355e-005
22610	4.522	-0.087099	-0.155829	-2.97921e-005
22615	4.523	-0.087102	-0.15899	-2.92495e-005
22620	4.524	-0.0871051	-0.162122	-2.78612e-005
22625	4.525	-0.0871083	-0.165224	-2.59452e-005
22630	4.526	-0.0871114	-0.168298	-2.3955e-005
22635	4.527	-0.0871146	-0.171343	-2.21662e-005
22640	4.528	-0.0871178	-0.174358	-2.05821e-005
22645	4.529	-0.0871209	-0.177345	-1.90702e-005
22650	4.53	-0.0871242	-0.180303	-1.74785e-005
22655	4.531	-0.0871276	-0.183233	-1.57128e-005
22660	4.532	-0.0871312	-0.186132	-1.37415e-005
22665	4.533	-0.0871351	-0.189003	-1.15538e-005
22670	4.534	-0.0871393	-0.191845	-9.13402e-006
22675	4.535	-0.087144	-0.194658	-6.47356e-006
22680	4.536	-0.087149	-0.197441	-3.54921e-006
22685	4.537	-0.0871545	-0.200195	-3.30737e-007
22690	4.538	-0.0871603	-0.202918	6.54771e-006
22695	4.539	-0.0871664	-0.205609	2.1123e-005
22700	4.54	-0.0871731	-0.208266	4.77348e-005
22705	4.541	-0.0871802	-0.210888	9.10656e-005
22710	4.542	-0.0871878	-0.213472	0.000156103
22715	4.543	-0.0871959	-0.216017	0.000248128
22720	4.544	-0.0872043	-0.21852	0.00037268
22725	4.545	-0.0872132	-0.220979	0.000535596
22730	4.546	-0.0872224	-0.223391	0.000742931
22735	4.547	-0.087232	-0.225755	0.00100098
22740	4.548	-0.0872418	-0.228068	0.00131624
22745	4.549	-0.0872519	-0.230326	0.00169541
22750	4.55	-0.0872622	-0.232528	0.00214537
22755	4.551	-0.0873974	-0.234672	0.00266442
22760	4.552	-0.0878492	-0.236757	0.00324633
22765	4.553	-0.0887189	-0.23878	0.0038909
22770	4.554	-0.0900165	-0.24074	0.00460412
22775	4.555	-0.0916902	-0.242633	0.00539645
22780	4.556	-0.0936602	-0.244455	0.00628062
22785	4.557	-0.0958427	-0.246201	0.00726993
22790	4.558	-0.0981822	-0.247869	0.00837602
22795	4.559	-0.100608	-0.249453	0.00961126
22800	4.56	-0.103073	-0.250951	0.0109862
22805	4.561	-0.105556	-0.252359	0.0125094
22810	4.562	-0.108057	-0.253674	0.0141877
22815	4.563	-0.110585	-0.254892	0.0160269
22820	4.564	-0.113147	-0.256012	0.0180323
22825	4.565	-0.115749	-0.257031	0.0202089
22830	4.566	-0.118392	-0.257946	0.0225612
22835	4.567	-0.121071	-0.258755	0.025094
22840	4.568	-0.123795	-0.259456	0.0278105
22845	4.569	-0.126571	-0.260047	0.0307135
22850	4.57	-0.129411	-0.260526	0.0338051
22855	4.571	-0.132322	-0.260891	0.0370869
22860	4.572	-0.135319	-0.261142	0.0405599
22865	4.573	-0.138414	-0.261276	0.0442268
22870	4.574	-0.141609	-0.261289	0.048098
22875	4.575	-0.144915	-0.261175	0.0521856
22880	4.576	-0.148345	-0.260929	0.0565036
22885	4.577	-0.151917	-0.260543	0.0610678
22890	4.578	-0.155647	-0.260011	0.0658957
22895	4.579	-0.15955	-0.259324	0.0710064
22900	4.58	-0.163637	-0.258476	0.0764195
22905	4.581	-0.167911	-0.257457	0.0821557
22910	4.582	-0.172369	-0.256261	0.0882351
22915	4.583	-0.177005	-0.254879	0.0946771
22920	4.584	-0.181815	-0.253306	0.101499
22925	4.585	-0.186786	-0.251535	0.108717
22930	4.586	-0.1919	-0.249561	0.116345
22935	4.587	-0.197137	-0.247381	0.124394
22940	4.588	-0.202483	-0.244992	0.132871
22945	4.589	-0.207931	-0.242393	0.141781
22950	4.59	-0.213476	-0.239583	0.151125
22955	4.591	-0.219118	-0.236563	0.160899
22960	4.592	-0.224854	-0.233336	0.171098
22965	4.593	-0.230682	-0.229905	0.181713
22970	4.594	-0.236599	-0.226273	0.192733
22975	4.595	-0.242597	-0.222448	0.204144
22980	4.596	-0.24867	-0.218434	0.215928
22985	4.597	-0.254808	-0.214241	0.228066
22990	4.598	-0.261003	-0.209874	0.240537
22995	4.599	-0.267247	-0.205344	0.253319
23000	4.6	-0.273532	-0.20066	0.266385
23005	4.601	-0.27985	-0.195832	0.27971
23010	4.602	-0.286194	-0.19087	0.293266
23015	4.603	-0.292555	-0.185785	0.307024
23020	4.604	-0.298927	-0.180589	0.320955
23025	4.605	-0.305304	-0.175292	0.33503
23030	4.606	-0.311678	-0.169907	0.349218
23035	4.607	-0.318041	-0.164448	0.36348
23040	4.608	-0.324387	-0.15893	0.377779
23045	4.609	-0.330706	-0.153368	0.392081
23050	4.61	-0.336989	-0.147775	0.40635
23055	4.611	-0.343228	-0.142165	0.420555
23060	4.612	-0.349419	-0.136549	0.434663
23065	4.613	-0.349321	-0.130946	0.449004
23070	4.614	-0.349159	-0.125364	0.463203
23075	4.615	-0.34919	-0.119811	0.477218
23080	4.616	-0.349221	-0.114297	0.491031
23085	4.617	-0.349248	-0.10883	0.504617
23090	4.618	-0.349269	-0.103418	0.517954
23095	4.619	-0.349285	-0.0980671	0.531022
23100	4.62	-0.349299	-0.0927844	0.543802
23105	4.621	-0.349309	-0.0875692	0.556295
23110	4.622	-0.349317	-0.0824189	0.568508
23115	4.623	-0.349324	-0.0773307	0.580448
23120	4.624	-0.34933	-0.0723017	0.592124
23125	4.625	-0.349334	-0.0673291	0.603543
23130	4.626	-0.349339	-0.06241	0.614713
23135	4.627	-0.349341	-0.0575414	0.625643
23140	4.628	-0.349342	-0.0527199	0.636342
23145	4.629	-0.349342	-0.0479426	0.646817
23150	4.63	-0.349342	-0.0432062	0.657077
23155	4.631	-0.349341	-0.0385076	0.667129
23160	4.632	-0.34934	-0.0338438	0.676981
23165	4.633	-0.349339	-0.029212	0.686641
23170	4.634	-0.349337	-0.0246094	0.696115
23175	4.635	-0.349335	-0.0200333	0.705409
23180	4.636	-0.349333	-0.0154812	0.714532
23185	4.637	-0.349331	-0.0109506	0.723488
23190	4.638	-0.349329	-0.00643918	0.732283
23195	4.639	-0.349327	-0.00194479	0.740923
23200	4.64	-0.349324	0.00253464	0.749413
23205	4.641	-0.349322	0.00700107	0.757759
23210	4.642	-0.349319	0.0114563	0.765964
23215	4.643	-0.349317	0.0159021	0.774032
23220	4.644	-0.349314	0.02034	0.781969
23225	4.645	-0.349311	0.0247715	0.789777
23230	4.646	-0.349309	0.029198	0.797461
23235	4.647	-0.349306	0.0336209	0.805023
23240	4.648	-0.349303	0.0380411	0.812467
23245	4.649	-0.349301	0.04246	0.819795
23250	4.65	-0.349298	0.0468784	0.827011
23255	4.651	-0.349295	0.0512973	0.834116
23260	4.652	-0.349293	0.0557174	0.841113
23265	4.653	-0.34929	0.0601396	0.848003
23270	4.654	-0.349288	0.0645644	0.85479
23275	4.655	-0.349285	0.0689925	0.861474
23280	4.656	-0.349283	0.0734244	0.868057
23285	4.657	-0.34928	0.0778605	0.87454
23290	4.658	-0.349278	0.0823013	0.880926
23295	4.659	-0.349275	0.086747	0.887214
23300	4.66	-0.349273	0.091198	0.893407
23305	4.661	-0.349271	0.0956543	0.899505
23310	4.662	-0.349268	0.100116	0.905508
23315	4.663	-0.349266	0.104584	0.911418
23320	4.664	-0.349264	0.109058	0.917236
23325	4.665	-0.349262	0.113537	0.922961
23330	4.666	-0.349259	0.118022	0.928595
23335	4.667	-0.349257	0.122513	0.934137
23340	4.668	-0.349255	0.127009	0.939589
23345	4.669	-0.349253	0.131511	0.94495
23350	4.67	-0.349251	0.136018	0.95022
23355	4.671	-0.349249	0.14053	0.9554
23360	4.672	-0.349247	0.145048	0.96049
23365	4.673	-0.349245	0.149569	0.96549
23370	4.674	-0.349244	0.154095	0.970399
23375	4.675	-0.349242	0.158625	0.975218
23380	4.676	-0.34924	0.163159	0.979947
23385	4.677	-0.349238	0.167696	0.984585
23390	4.678	-0.349237	0.172236	0.989132
23395	4.679	-0.349235	0.176778	0.993589
23400	4.68	-0.349233	0.181322	0.997954
23405	4.681	-0.349232	0.185868	1.00223
23410	4.682	-0.34923	0.190415	1.00641
23415	4.683	-0.349229	0.194962	1.0105
23420	4.684	-0.349227	0.19951	1.0145
23425	4.685	-0.349226	0.204057	1.0184
23430	4.686	-0.349224	0.208603	1.02222
23435	4.687	-0.349223	0.213147	1.02593
23440	4.688	-0.349221	0.21769	1.02956
23445	4.689	-0.34922	0.22223	1.03309
23450	4.69	-0.349219	0.226766	1.03652
23455	4.691	-0.349217	0.231299	1.03986
23460	4.692	-0.349216	0.235827	1.04311
23465	4.693	-0.349215	0.24035	1.04625
23470	4.694	-0.349214	0.244867	1.0493
23475	4.695	-0.349355	0.248865	1.05066
23480	4.696	-0.349352	0.252373	1.05045
23485	4.697	-0.349298	0.255572	1.04922
23490	4.698	-0.349231	0.258692	1.04768
23495	4.699	-0.349207	0.261805	1.04606
23500	4.7	-0.349207	0.264913	1.04436
23505	4.701	-0.349207	0.268018	1.04259
23510	4.702	-0.349206	0.271119	1.04074
23515	4.703	-0.349206	0.274219	1.03882
23520	4.704	-0.349205	0.277317	1.03683
23525	4.705	-0.349204	0.280415	1.03477
23530	4.706	-0.349203	0.283512	1.03265
23535	4.707	-0.349202	0.28661	1.03046
23540	4.708	-0.349202	0.289708	1.02821
23545	4.709	-0.349201	0.292807	1.02589
23550	4.71	-0.3492	0.295907	1.02351
23555	4.711	-0.349199	0.299007	1.02107
23560	4.712	-0.349198	0.302108	1.01857
23565	4.713	-0.349197	0.305209	1.016
23570	4.714	-0.349197	0.308309	1.01338
23575	4.715	-0.349196	0.31141	1.01069
23580	4.716	-0.349195	0.314509	1.00793
23585	4.717	-0.349194	0.317608	1.00512
23590	4.718	-0.349194	0.320704	1.00223
23595	4.719	-0.349193	0.323798	0.99929
23600	4.72	-0.349192	0.326889	0.99628
23605	4.721	-0.349191	0.329976	0.993204
23610	4.722	-0.349191	0.333059	0.990062
23615	4.723	-0.34919	0.336138	0.986853
23620	4.724	-0.349189	0.33921	0.983575
23625	4.725	-0.349188	0.342276	0.98023
23630	4.726	-0.349188	0.345335	0.976814
23635	4.727	-0.349187	0.348385	0.973329
23640	4.728	-0.349186	0.351427	0.969772
23645	4.729	-0.349185	0.35446	0.966143
23650	4.73	-0.349185	0.357482	0.962441
23655	4.731	-0.349184	0.360493	0.958665
23660	4.732	-0.349183	0.363492	0.954814
23665	4.733	-0.349182	0.366479	0.950888
23670	4.734	-0.349182	0.369452	0.946888
23675	4.735	-0.34918	0.372415	0.942819
23680	4.736	-0.349179	0.375368	0.938689
23685	4.737	-0.349177	0.378313	0.934505
23690	4.738	-0.349176	0.381252	0.930272
23695	4.739	-0.349175	0.384187	0.925996
23700	4.74	-0.349173	0.387118	0.921685
23705	4.741	-0.349172	0.390049	0.917344
23710	4.742	-0.349171	0.392979	0.912978
23715	4.743	-0.349169	0.395911	0.908593
23720	4.744	-0.349168	0.398846	0.904195
23725	4.745	-0.349167	0.401786	0.899789
23730	4.746	-0.344598	0.401571	0.890503
23735	4.747	-0.343224	0.40139	0.88107
23740	4.748	-0.344715	0.401262	0.871566
23745	4.749	-0.348404	0.401204	0.862076
23750	4.75	-0.353168	0.401221	0.8527
23755	4.751	-0.349418	0.401243	0.843914
23760	4.752	-0.348156	0.401372	0.835252
23765	4.753	-0.349323	0.401625	0.826754
23770	4.754	-0.34915	0.40145	0.817717
23775	4.755	-0.349135	0.401399	0.808997
23780	4.756	-0.349137	0.401484	0.800629
23785	4.757	-0.349115	0.401438	0.792163
23790	4.758	-0.349122	0.401431	0.783893
23795	4.759	-0.349118	0.401433	0.775773
23800	4.76	-0.349114	0.401433	0.767787
23805	4.761	-0.349112	0.401433	0.759938
23810	4.762	-0.34911	0.401434	0.752229
23815	4.763	-0.349108	0.401434	0.744659
23820	4.764	-0.349107	0.401434	0.737229
23825	4.765	-0.349105	0.401434	0.729938
23830	4.766	-0.349104	0.401434	0.722785
23835	4.767	-0.349103	0.401434	0.715769
23840	4.768	-0.349101	0.401434	0.708887
23845	4.769	-0.349099	0.401434	0.702136
23850	4.77	-0.349098	0.401434	0.695515
23855	4.771	-0.349096	0.401434	0.689019
23860	4.772	-0.349094	0.401433	0.682645
23865	4.773	-0.349093	0.401433	0.676389
23870	4.774	-0.349091	0.401433	0.670247
23875	4.775	-0.349089	0.401433	0.664215
23880	4.776	-0.349087	0.401433	0.658289
23885	4.777	-0.349086	0.401433	0.652465
23890	4.778	-0.349084	0.401433	0.646737
23895	4.779	-0.349081	0.401432	0.641101
23900	4.78	-0.349079	0.401432	0.635554
23905	4.781	-0.349076	0.401432	0.630089
23910	4.782	-0.349074	0.401432	0.624704
23915	4.783	-0.348704	0.401433	0.619595
23920	4.784	-0.347318	0.401432	0.614686
23925	4.785	-0.345207	0.401431	0.609949
23930	4.786	-0.34267	0.401431	0.60536
23935	4.787	-0.339989	0.40143	0.600901
23940	4.788	-0.337356	0.40143	0.596558
23945	4.789	-0.334837	0.401429	0.592325
23950	4.79	-0.33237	0.401429	0.588205
23955	4.791	-0.329801	0.401428	0.584202
23960	4.792	-0.326932	0.401427	0.580325
23965	4.793	-0.3237	0.401427	0.576566
23970	4.794	-0.319878	0.401416	0.572902
23975	4.795	-0.31523	0.401371	0.569288
23980	4.796	-0.309583	0.401266	0.565667
23985	4.797	-0.302822	0.401076	0.561976
23990	4.798	-0.294903	0.400772	0.558142
23995	4.799	-0.285839	0.400331	0.554088
24000	4.8	-0.275656	0.399729	0.549768
24005	4.801	-0.264313	0.398947	0.545139
24010	4.802	-0.251721	0.397968	0.540164
24015	4.803	-0.237822	0.396775	0.534808
24020	4.804	-0.222633	0.395354	0.529034
24025	4.805	-0.206262	0.393695	0.522806
24030	4.806	-0.188791	0.391788	0.51609
24035	4.807	-0.170589	0.389626	0.508849
24040	4.808	-0.152001	0.387206	0.501049
24045	4.809	-0.133298	0.384525	0.492668
24050	4.81	-0.114658	0.381582	0.483693
24055	4.811	-0.0961686	0.378377	0.474118
24060	4.812	-0.0778557	0.374912	0.463948
24065	4.813	-0.0860386	0.371357	0.45228
24070	4.814	-0.0871588	0.367533	0.440374
24075	4.815	-0.0868462	0.363472	0.42805
24080	4.816	-0.0866939	0.359186	0.41526
24085	4.817	-0.0866277	0.35468	0.402025
24090	4.818	-0.0865717	0.349959	0.388366
24095	4.819	-0.0865211	0.345033	0.374305
24100	4.82	-0.0864781	0.33991	0.359865
24105	4.821	-0.0864392	0.334599	0.345074
24110	4.822	-0.0864036	0.329112	0.329956
24115	4.823	-0.0863715	0.323458	0.314539
24120	4.824	-0.0863403	0.31765	0.29885
24125	4.825	-0.0863181	0.311698	0.282913
24130	4.826	-0.0863001	0.305613	0.266754
24135	4.827	-0.0862854	0.299406	0.250398
24140	4.828	-0.0862741	0.293086	0.23387
24145	4.829	-0.0862657	0.286665	0.217194
24150	4.83	-0.0862599	0.280153	0.200393
24155	4.831	-0.0862563	0.273559	0.18349
24160	4.832	-0.0862549	0.266892	0.166507
24165	4.833	-0.0862557	0.260163	0.149463
24170	4.834	-0.0862567	0.25338	0.132381
24175	4.835	-0.0862586	0.246552	0.115277
24180	4.836	-0.0862617	0.239686	0.0981709
24185	4.837	-0.0862657	0.232791	0.081079
24190	4.838	-0.0862705	0.225875	0.0640175
24195	4.839	-0.086276	0.218944	0.0470016
24200	4.84	-0.0862823	0.212006	0.0300457
24205	4.841	-0.0862892	0.205067	0.0131631
24210	4.842	-0.0862966	0.198133	-0.00363365
24215	4.843	-0.0856447	0.194907	-0.00995184
24220	4.844	-0.0856803	0.19463	-0.0079732
24225	4.845	-0.0860499	0.195407	-0.00298499
24230	4.846	-0.0863074	0.196074	0.0017822
24235	4.847	-0.0863422	0.196574	0.00618631
24240	4.848	-0.0863554	0.196857	0.010083
24245	4.849	-0.0863756	0.196878	0.0133604
24250	4.85	-0.0863951	0.196603	0.015928
24255	4.851	-0.0864124	0.196005	0.0177126
24260	4.852	-0.0864279	0.195061	0.0186574
24265	4.853	-0.086442	0.193754	0.0187207
24270	4.854	-0.0864552	0.192075	0.0178746
24275	4.855	-0.0864667	0.190017	0.0161038
24280	4.856	-0.0864792	0.187578	0.0134047
24285	4.857	-0.0864922	0.184762	0.00978458
24290	4.858	-0.086505	0.181575	0.00526007
24295	4.859	-0.0865176	0.178026	-0.000143983
24300	4.86	-0.0863216	0.175289	-0.00313127
24305	4.861	-0.0862908	0.173475	-0.00341431
24310	4.862	-0.0863825	0.17214	-0.00222954
24315	4.863	-0.0864911	0.170797	-0.000937081
24320	4.864	-0.0865587	0.169186	-0.000260819
24325	4.865	-0.0865747	0.167292	-0.000240236
24330	4.866	-0.0865662	0.165228	-0.000557127
24335	4.867	-0.0865558	0.163115	-0.000880139
24340	4.868	-0.0865562	0.161011	-0.00104192
24345	4.869	-0.0865676	0.158916	-0.00104201
24350	4.87	-0.0865836	0.156803	-0.000962695
24355	4.871	-0.0866002	0.154641	-0.00088465
24360	4.872	-0.0866141	0.152417	-0.00084633
24365	4.873	-0.0866247	0.150132	-0.000845841
24370	4.874	-0.0866338	0.147795	-0.000862383
24375	4.875	-0.0866429	0.145411	-0.000876563
24380	4.876	-0.0866525	0.142985	-0.000879676
24385	4.877	-0.0866625	0.140517	-0.000872804
24390	4.878	-0.0866727	0.138005	-0.000861348
24395	4.879	-0.0866826	0.135448	-0.000850064
24400	4.88	-0.0866922	0.132846	-0.000840987
24405	4.881	-0.0867014	0.130199	-0.000833776
24410	4.882	-0.0867103	0.127509	-0.000827138
24415	4.883	-0.0867191	0.124777	-0.000819981
24420	4.884	-0.0867277	0.122002	-0.000811892
24425	4.885	-0.0867362	0.119187	-0.000803019
24430	4.886	-0.0867444	0.116331	-0.000793656
24435	4.887	-0.0867524	0.113435	-0.000783931
24440	4.888	-0.0867603	0.1105	-0.000774035
24445	4.889	-0.086768	0.107526	-0.000764101
24450	4.89	-0.0867755	0.104514	-0.000754165
24455	4.891	-0.0867828	0.101465	-0.000744182
24460	4.892	-0.0867899	0.09838	-0.000734108
24465	4.893	-0.0867969	0.0952594	-0.000723943
24470	4.894	-0.0868037	0.0921042	-0.000713694
24475	4.895	-0.0868104	0.088915	-0.000703373
24480	4.896	-0.0868169	0.0856929	-0.00069301
24485	4.897	-0.0868233	0.0824386	-0.000682596
24490	4.898	-0.0868296	0.0791531	-0.000672144
24495	4.899	-0.0868357	0.0758371	-0.000661663
24500	4.9	-0.0868417	0.0724916	-0.000651161
24505	4.901	-0.0868475	0.0691175	-0.000640625
24510	4.902	-0.0868532	0.0657157	-0.000630061
24515	4.903	-0.0868588	0.0622871	-0.00061947
24520	4.904	-0.0868643	0.0588326	-0.000608869
24525	4.905	-0.0868696	0.0553533	-0.000598254
24530	4.906	-0.0868749	0.05185	-0.000587626
24535	4.907	-0.08688	0.0483236	-0.000576993
24540	4.908	-0.086885	0.0447753	-0.000566356
24545	4.909	-0.08689	0.0412058	-0.000555712
24550	4.91	-0.0868948	0.0376163	-0.00054507
24555	4.911	-0.0868995	0.0340076	-0.000534425
24560	4.912	-0.0869042	0.0303808	-0.000523781
24565	4.913	-0.0869087	0.0267369	-0.000513137
24570	4.914	-0.0869132	0.0230768	-0.000502504
24575	4.915	-0.0869176	0.0194016	-0.000491868
24580	4.916	-0.086922	0.0157123	-0.000481238
24585	4.917	-0.0869262	0.0120099	-0.000470606
24590	4.918	-0.0869304	0.00829532	-0.000459982
24595	4.919	-0.0869346	0.00456969	-0.000449371
24600	4.92	-0.0869387	0.000834006	-0.000438763
24605	4.921	-0.0869428	-0.00291072	-0.000428157
24610	4.922	-0.0869468	-0.00666347	-0.000417557
24615	4.923	-0.0869507	-0.0104232	-0.000406975
24620	4.924	-0.0869547	-0.0141889	-0.000396387
24625	4.925	-0.0869586	-0.0179596	-0.000385819
24630	4.926	-0.0869624	-0.0217341	-0.000375266
24635	4.927	-0.0869662	-0.0255115	-0.00036472
24640	4.928	-0.08697	-0.0292908	-0.000354186
24645	4.929	-0.0869738	-0.0330709	-0.000343664
24650	4.93	-0.0869775	-0.0368508	-0.000333161
24655	4.931	-0.0869813	-0.0406294	-0.000322681
24660	4.932	-0.0869849	-0.0444058	-0.000312222
24665	4.933	-0.0869886	-0.0481788	-0.000301786
24670	4.934	-0.0869922	-0.0519476	-0.000291378
24675	4.935	-0.0869959	-0.055711	-0.00028099
24680	4.936	-0.0869995	-0.0594681	-0.000270623
24685	4.937	-0.0870031	-0.0632178	-0.000260284
24690	4.938	-0.0870066	-0.0669591	-0.00024998
24695	4.939	-0.0870102	-0.070691	-0.000239717
24700	4.94	-0.0870138	-0.0744125	-0.000229485
24705	4.941	-0.0870173	-0.0781226	-0.000219282
24710	4.942	-0.0870208	-0.0818203	-0.000209115
24715	4.943	-0.0870243	-0.0855046	-0.000199001
24720	4.944	-0.0870278	-0.0891746	-0.000188924
24725	4.945	-0.0870313	-0.0928291	-0.000178891
24730	4.946	-0.0870347	-0.0964673	-0.000168904
24735	4.947	-0.0870382	-0.100088	-0.000158975
24740	4.948	-0.0870417	-0.103691	-0.000149097
24745	4.949	-0.0870451	-0.107274	-0.000139266
24750	4.95	-0.0870486	-0.110837	-0.000129497
24755	4.951	-0.087052	-0.114379	-0.00011979
24760	4.952	-0.0870554	-0.117899	-0.000110141
24765	4.953	-0.0870588	-0.121396	-0.000100549
24770	4.954	-0.0870623	-0.124869	-9.1027e-005
24775	4.955	-0.0870657	-0.128317	-8.15776e-005
24780	4.956	-0.0870691	-0.13174	-7.21935e-005
24785	4.957	-0.0870725	-0.135136	-6.28795e-005
24790	4.958	-0.0870759	-0.138504	-5.36568e-005
24795	4.959	-0.0870793	-0.141844	-4.45031e-005
24800	4.96	-0.0870827	-0.145155	-3.69648e-005
24805	4.961	-0.0870859	-0.148439	-3.31515e-005
24810	4.962	-0.087089	-0.151695	-3.22265e-005
24815	4.963	-0.087092	-0.154922	-3.23191e-005
24820	4.964	-0.087095	-0.15812	-3.20138e-005
24825	4.965	-0.0870981	-0.161289	-3.08346e-005
24830	4.966	-0.0871012	-0.164428	-2.90039e-005
24835	4.967	-0.0871044	-0.167539	-2.69949e-005
24840	4.968	-0.0871075	-0.17062	-2.51462e-005
24845	4.969	-0.0871106	-0.173672	-2.35579e-005
24850	4.97	-0.0871138	-0.176696	-2.21481e-005
24855	4.971	-0.0871169	-0.17969	-2.07753e-005
24860	4.972	-0.0871201	-0.182655	-1.93319e-005
24865	4.973	-0.0871233	-0.185592	-1.77537e-005
24870	4.974	-0.0871267	-0.188499	-1.601e-005
24875	4.975	-0.0871302	-0.191377	-1.40982e-005
24880	4.976	-0.0871341	-0.194226	-1.20107e-005
24885	4.977	-0.0871382	-0.197046	-9.71161e-006
24890	4.978	-0.0871427	-0.199836	-7.17594e-006
24895	4.979	-0.0871476	-0.202597	-4.36895e-006
24900	4.98	-0.087153	-0.205329	-1.27099e-006
24905	4.981	-0.0871588	-0.208031	4.39563e-006
24910	4.982	-0.0871648	-0.2107	1.65425e-005
24915	4.983	-0.0871714	-0.213337	3.9389e-005
24920	4.984	-0.0871784	-0.215938	7.75013e-005
24925	4.985	-0.0871859	-0.218502	0.000135761
24930	4.986	-0.0871938	-0.221028	0.000219331
24935	4.987	-0.0872022	-0.223512	0.000333685
24940	4.988	-0.0872109	-0.225953	0.000484537
24945	4.989	-0.0872201	-0.228349	0.000677858
24950	4.99	-0.0872296	-0.230696	0.000919881
24955	4.991	-0.0872393	-0.232993	0.00121704
24960	4.992	-0.0872494	-0.235237	0.00157597
24965	4.993	-0.0872597	-0.237426	0.00200347
24970	4.994	-0.087338	-0.239556	0.00250169
24975	4.995	-0.0876952	-0.241628	0.00306314
24980	4.996	-0.0884571	-0.243639	0.00368598
24985	4.997	-0.0896525	-0.245588	0.00437487
24990	4.998	-0.091242	-0.247471	0.00513935
24995	4.999	-0.0931485	-0.249283	0.00599186
25000	5	-0.0952863	-0.251022	0.0069457
25005	5.001	0	0	0
25010	5.002	0	0	0
25015	5.003	0	0	0
25020	5.004	0	0	0
25025	5.005	0	0	0
25030	5.006	0	0	0
25035	5.007	0	0	0
25040	5.008	0	0	0
25045	5.009	0	0	0
